IDs,charge,status,ilp_seconds,n_atoms,rdkit_parse_ok,error,smiles_ilp
ABAXUY,1,ok,0.0631,84,1,,[Os+4]1([H])(<-P(C([H])(C([H])([H])[H])C([H])([H])[H])(C([H])(C([H])([H])[H])C([H])([H])[H])C([H])(C([H])([H])[H])C([H])([H])[H])(<-P(C([H])(C([H])([H])[H])C([H])([H])[H])(C([H])(C([H])([H])[H])C([H])([H])[H])C([H])(C([H])([H])[H])C([H])([H])[H])(<-N#CC([H])([H])[H])N([H])c2c([H])c([H])c([H])c([H])c2N1[H]
ABELOK,0,ok,0.2928,49,1,,[Au+](Cl)<-[c-]1[s+]c(-c2c([H])c([H])c([H])c([H])c2[H])n(-c2c(C([H])([H])[H])c([H])c(C([H])([H])[H])c([H])c2C([H])([H])[H])c1-c1c([H])c([H])c([H])c([H])c1[H]
ABIGIC,0,ok,0.6447,79,1,,[Zr+4]123456789(Cl)(Cl)<-C%10(=C->1([H])C2([H])C->3([H])=C->4%10[H])[Si](C([H])([H])[H])(C([H])([H])[H])C->51=C->6([H])C7(C([H])([H])C([H])([H])C([H])([H])[B-](n2c([H])[n+](C([H])([H])[H])c3c([H])c([H])c([H])c([H])c23)(c2c(F)c(F)c(F)c(F)c2F)c2c(F)c(F)c(F)c(F)c2F)C->8([H])=C->91[H]
ABOMAI,1,ok,0.0742,45,1,,[Ni+2]12(Cl)(<-n3c(-c4n->1c([H])c([H])c([H])c4[H])c([H])c([H])c([H])c3[H])<-n1c(-c3n->2c([H])c([H])c([H])c3[H])c([H])c([H])c([H])c1[H].O([H])[H]
ACAFUI,1,ok,0.0590,59,1,,[Zn+2]123(<-n4c(C(C([H])([H])[H])=N->1N(C(c1c([H])c([H])c([H])c([H])c1[H])=O->2)[H])c([H])c([H])c([H])c4C(C([H])([H])[H])=NN(C(c1c([H])c([H])c([H])c([H])c1[H])=O)[H])(<-O([H])[H])O[N+](=O)O3
ACETUX,0,ok,0.0377,41,1,,[Zn+2](Cl)(<-O=C(O[H])C(N([H])[H])([H])C([H])(C([H])([H])[H])C([H])([H])[H])(Cl)<-O=C(O[H])C(N([H])[H])([H])C([H])(C([H])([H])[H])C([H])([H])[H]
ACIVOA,0,ok,0.1114,77,1,,[Pd+2](Cl)(Cl)(<-n1n([H])c([H])c([H])c1[H])<-C1N(c2c(C([H])(C([H])([H])[H])C([H])([H])[H])c([H])c([H])c([H])c2C([H])(C([H])([H])[H])C([H])([H])[H])C([H])=C([H])N1c1c(C([H])(C([H])([H])[H])C([H])([H])[H])c([H])c([H])c([H])c1C([H])(C([H])([H])[H])C([H])([H])[H]
ACOSOD,0,ok,0.0583,35,1,,[Pd+2]1(Cl)<-n2c(C(O[H])(C([H])([H])[H])C([H])([H])[H])c([H])c([H])c([H])c2-c2c(C([H])([H])[H])c([H])c([H])c([H])c21
ACUCAF,0,ok,0.0721,28,1,,c1([H])n2->[Hg+2](Br)(Br)<-n3c4nc([H])c([H])c([H])c4c([H])c([H])c3-c2c([H])c([H])c1[H]
ACUGUB,0,ok,0.0700,52,1,,c1([H])c([H])c([H])c([H])c2-c3n4->[Y+3]567(<-n12)(<-n1c(-c4nc(-c2c([H])c([H])c([H])c([H])n2)n3)c([H])c([H])c([H])c1[H])(<-O([H])[H])(O[N+](=O)O5)(O[N+](=O)O6)O[N+](=O)O7
ACUTAU,-1,ok,0.1163,63,1,,[Mo]12(<-S=C(C(=S->1)C#N)C#N)(<-S=C(C#N)C(=S->2)C#N)(Sc1c([H])c([H])c([H])c([H])c1[H])<-P(c1c([H])c([H])c([H])c([H])c1[H])(c1c([H])c([H])c([H])c([H])c1[H])c1c([H])c([H])c([H])c([H])c1[H]
ADAPUT,0,ok,0.1670,61,1,,[Ir+3]123(<-O=C(C([H])([H])[H])C([H])=C(O1)C([H])([H])[H])(<-n1c(-c4c2c([H])c([H])c([H])c4[H])c2c(oc([H])c2[H])c([H])c1[H])<-n1c(-c2c3c([H])c([H])c([H])c2[H])c2c(oc([H])c2[H])c([H])c1[H]
ADEYOX,0,ok,0.1096,79,1,,[Ta+5]1234(N=P(C(C([H])([H])[H])(C([H])([H])[H])C([H])([H])[H])(C(C([H])([H])[H])(C([H])([H])[H])C([H])([H])[H])C(C([H])([H])[H])(C([H])([H])[H])C([H])([H])[H])(<-C5(C([H])([H])[H])=C->1(C([H])([H])[H])C2(C([H])([H])[H])C->3(C([H])([H])[H])=C->45C([H])([H])[H])(C([H])([H])[H])(C([H])([H])[H])C([H])([H])[H]
ADIXOA,0,ok,0.4618,73,1,,[Zr+4]123456789%10(OC->1(=O->2)C(S[H])([H])[H])(OC(=O)C(S[H])([H])[H])(<-C1(C(C([H])([H])[H])([H])[H])=C->3(C([H])([H])[H])C4(C([H])([H])[H])C->5(C([H])([H])[H])=C->61C([H])([H])[H])<-C1(C(C([H])([H])[H])([H])[H])=C->7(C([H])([H])[H])C->8(C([H])([H])[H])=C->9(C([H])([H])[H])C%101C([H])([H])[H]
ADOFOR,0,ok,0.0218,25,1,,[Pd]12(<-S=C3SC([H])([H])C([H])([H])SC3=S->1)<-S=C1SC([H])([H])C([H])([H])SC1=S->2
ADURAS,0,ok,0.0449,51,1,,[Ag+]123(<-S4C([H])([H])C([H])([H])S->1C([H])([H])C([H])([H])S->2C([H])([H])C4([H])[H])OC(=C([H])C(=O->3)C(C(C(F)(F)F)(F)F)(F)F)C(C([H])([H])[H])(C([H])([H])[H])C([H])([H])[H]
AFAMIF,0,ok,0.0637,56,1,,[c-]1(->[Pd+2](Cl)(Cl)<-n2c([H])c([H])c([H])c([H])c2[H])c(-c2c([H])c([H])c(OC([H])([H])[H])c([H])c2[H])n2c(c([H])c([H])c([H])c2[H])[n+]1C([H])([H])c1c([H])c([H])c(F)c([H])c1[H]
AFEKAA,0,ok,0.0478,39,1,,[Mo+6]12(<-N(=C([H])c3c(c(Br)c([H])c(Cl)c3[H])O1)N=C(c1c([H])c([H])c([N+](=O)[O-])c([H])c1[H])O2)(=O)=O.O([H])C([H])([H])[H]
AFISEO,0,ok,0.0194,21,1,,C([H])([H])([H])O1C([H])([H])C([H])([H])O(C([H])([H])[H])->[Nb+5]<-1(Cl)(Cl)(Cl)=O
AFOYEZ,0,ok,0.3322,76,1,,[Y+3]12345678(Cl)(<-O=C(c9c([H])c([H])c([H])c([H])c9[H])c9c([H])c([H])c([H])c([H])c9[H])(<-C9(C([H])([H])[H])=C->1(C([H])([H])[H])C->2(C([H])([H])[H])=C->3(C([H])([H])[H])C49C([H])([H])[H])C1(C([H])([H])[H])C->5(C([H])([H])[H])=C->6(C([H])([H])[H])C->7(C([H])([H])[H])=C->81C([H])([H])[H]
AFUGEQ,1,ok,0.0944,81,1,,[Pd+4]12(OC(C([H])([H])[H])=C([H])C(=O->1)C([H])([H])[H])N(C([H])([H])C([H])([H])C([H])([H])C([H])([H])[H])c1c([H])c(N([H])C([H])([H])C([H])([H])C([H])([H])C([H])([H])[H])c(N([H])C([H])([H])C([H])([H])C([H])([H])C([H])([H])[H])c([H])c1N2C([H])([H])C([H])([H])C([H])([H])C([H])([H])[H]
AFUXIJ,0,ok,0.3108,40,1,,[Ti+4]123456789(C%10([H])C->1([H])=C->2([H])C->3([H])=C->4%10[H])(<-C1([H])=C->5([H])C->6([H])=C->7([H])C81[H])Sc1sc(=S)n(-c2c([H])c([H])c([H])c([H])c2[H])c1S9
AGAMAX,0,ok,0.0772,79,1,,C(#N->[Zn+2]1(<-N#C[S-])(<-n2c(C([H])=Nc3c([H])c([H])c(C#Cc4c([H])c([H])c([H])c([H])c4[H])c([H])c3[H])c([H])c([H])c([H])c2[H])<-N(=C(c2c([H])c([H])c([H])c([H])n->12)[H])c1c([H])c([H])c(C#Cc2c([H])c([H])c([H])c([H])c2[H])c([H])c1[H])[S-]
AGEVAJ,0,ok,0.1708,65,1,,[Pd+2]123(<-S=P(c4n1nnc4P(=S)(c1c([H])c([H])c([H])c([H])c1[H])c1c([H])c([H])c([H])c([H])c1[H])(c1c([H])c([H])c([H])c([H])c1[H])c1c([H])c([H])c([H])c([H])c1[H])<-C([H])([H])=C->2(C3([H])[H])C([H])([H])[H]
AGIPOW,0,ok,0.0580,59,1,,[Hg+2](Cl)c1c([H])c([H])c([H])c2c([H])c([H])c([H])c(B(c3c(C([H])([H])[H])c([H])c(C([H])([H])[H])c([H])c3C([H])([H])[H])c3c(C([H])([H])[H])c([H])c(C([H])([H])[H])c([H])c3C([H])([H])[H])c12
AGOSOF,0,ok,0.0697,51,1,,[Ru+2]123(Cl)(Oc4c([H])c([H])c5c([H])c([H])c([H])c([H])c5c4N->1=Nc1n->2c([H])c([H])c([H])c1[H])<-n1c([H])c([H])c([H])c([H])c1-c1n->3c([H])c([H])c([H])c1[H]
AGUVUT,0,ok,0.1940,62,1,,[Y+3]123456789%10(Cl)(<-O%11C(C(C->1%12=C->21C3(C->4([H])=C->5%12[H])C([H])=C([H])C([H])=C1[H])([H])[H])([H])C([H])([H])C([H])([H])C%11([H])[H])<-O1C(C(C->62=C->7([H])C->8([H])=C->93C([H])=C([H])C([H])=C([H])C%1023)([H])[H])([H])C([H])([H])C([H])([H])C1([H])[H]
AHAZUE,1,ok,0.0552,65,1,,[Cu+]123<-N(C([H])([H])C(S->1C([H])([H])c1c([H])c([H])c([H])c([H])c1[H])([H])[H])(C([H])([H])C(S->2C([H])([H])c1c([H])c([H])c([H])c([H])c1[H])([H])[H])C([H])([H])C(S->3C([H])([H])c1c([H])c([H])c([H])c([H])c1[H])([H])[H]
AHEXAM,0,ok,0.0740,73,1,,[Zn+2]1234<-N(=S(=O)(c5c([H])c([H])c(C([H])([H])[H])c([H])c5[H])O1)c1c([H])c([H])c([H])c([H])c1C([H])=N->2C([H])([H])C(O[H])([H])C([H])([H])N->3=C([H])c1c([H])c([H])c([H])c([H])c1N4S(=O)(=O)c1c([H])c([H])c(C([H])([H])[H])c([H])c1[H]
AHUQEA,0,ok,0.0841,72,1,,[Pd+2]12(<-O=C(O1)C([H])([H])[H])<-C1N(C([H])(c3c(C([H])([H])[H])c([H])c([H])c([H])c3[H])C(C([H])([H])[H])(C([H])([H])[H])C([H])([H])[H])C([H])=C([H])N1C([H])(c1c2c([H])c([H])c([H])c1C([H])([H])[H])C(C([H])([H])[H])(C([H])([H])[H])C([H])([H])[H]
AJENAF,0,ok,0.0552,74,1,,[W+6](OC(C([H])([H])[H])(C([H])([H])[H])C(F)(F)F)(OC(C([H])([H])[H])(C([H])([H])[H])C(F)(F)F)(=Nc1c(C([H])(C([H])([H])[H])C([H])([H])[H])c([H])c([H])c([H])c1C([H])(C([H])([H])[H])C([H])([H])[H])=C([Si](C([H])([H])[H])(C([H])([H])[H])C([H])([H])[H])[H]
AJIJUY,0,ok,0.9279,57,1,,[Zr+4]1234567(Cl)(Cl)<-C8(=C->1(C([H])([H])[H])C->2([H])=C->31C48c2c3c([H])c([H])c([H])c([H])c3sc2C([H])=C1[H])C([H])([H])C([H])([H])C->51=c->62c(c([H])c([H])c([H])c2[H])=C2C71C([H])=C([H])C([H])=C2[H]
AJUTUW,0,ok,0.2938,77,1,,[Ru+2]1234(Cl)(<-C5([H])=C->1([H])C2([H])C->3([H])=C->45[H])<-C1N(c2c(C([H])(C([H])([H])[H])C([H])([H])[H])c([H])c([H])c([H])c2C([H])(C([H])([H])[H])C([H])([H])[H])C([H])=C([H])N1c1c(C([H])(C([H])([H])[H])C([H])([H])[H])c([H])c([H])c([H])c1C([H])(C([H])([H])[H])C([H])([H])[H]
AKEBIB,1,ok,0.0912,81,1,,[Pd+2](<-P(c1c([H])c([H])c([H])c([H])c1[H])(c1c([H])c([H])c([H])c([H])c1[H])c1c([H])c([H])c([H])c([H])c1[H])(<-P(c1c([H])c([H])c([H])c([H])c1[H])(c1c([H])c([H])c([H])c([H])c1[H])c1c([H])c([H])c([H])c([H])c1[H])C(C(=C(O[H])C([H])([H])[H])[H])([H])[H]
AKIKIQ,0,ok,0.0685,76,1,,c1([H])c([H])c(-c2c([H])c([H])nc([H])c2[H])c([H])c([H])n1->[Cd+2](<-O([H])[H])(<-O([H])[H])(<-O([H])[H])(OC(C([H])([H])n1c(C([H])([H])[H])c(C(=O)O[H])c(C([H])([H])[H])n1)=O)OC(C([H])([H])n1c(C([H])([H])[H])c(C(=O)O[H])c(C([H])([H])[H])n1)=O
AKOTAW,0,ok,0.1193,75,1,,[Pd+2]1(Cl)(SC(P(=N->1c1c([H])c([H])c([H])c([H])c1[H])(c1c([H])c([H])c([H])c([H])c1[H])c1c([H])c([H])c([H])c([H])c1[H])([H])[H])<-P(c1c([H])c([H])c([H])c([H])c1[H])(c1c([H])c([H])c([H])c([H])c1[H])c1c([H])c([H])c([H])c([H])c1[H]
ALABAS,0,ok,0.0732,62,1,,[Zn+2]1234(<-n5c(-c6n->1c([H])c([H])c([H])c6[H])c([H])c(-c1c([H])c([H])c(N(C([H])([H])C([H])([H])[H])C([H])([H])C([H])([H])[H])c([H])c1[H])c([H])c5-c1n->2c([H])c([H])c([H])c1[H])(O[N+](=O)O3)O[N+](=O)O4
ALAKAZ,0,ok,0.0853,54,1,,[Mo+6]1(=O)(=O)(OC(C([H])([H])[H])=C([H])C(=O->1)C([H])([H])[H])(Oc1c(C(=[N+]([H])c2c([H])c([H])c([H])c([H])c2[H])[H])c2c([H])c([H])c([H])c([H])c2c([H])c1[H])OC([H])([H])[H]
ALDPMB,0,ok,0.0823,50,1,,[C-](->[Mo]12(<-[C-]#[O+])(<-C(=C->1(C2([H])[H])[H])([H])[P+](c1c([H])c([H])c([H])c([H])c1[H])(c1c([H])c([H])c([H])c([H])c1[H])c1c([H])c([H])c([H])c([H])c1[H])(<-[C-]#[O+])<-[C-]#[O+])#[O+]
ALESUG,0,ok,0.1039,69,1,,[Cr+2]1234(<-N(=C(C([H])([H])[H])C([H])=C(N1C([H])([H])C([H])([H])C([H])([H]->2)[H])C([H])([H])[H])C([H])([H])C([H])([H])C([H])([H])[H])N(C(C([H])([H])[H])=C([H])C(=N->3C([H])([H])C([H])([H])C([H])([H]->4)[H])C([H])([H])[H])C([H])([H])C([H])([H])C([H])([H])[H]
ALINEP,0,ok,0.0827,50,1,,[Mo+2]12(<-n3n([H])c(C([H])([H])[H])c([H])c3C([H])([H])[H])(<-n3n([H])c(C([H])([H])[H])c([H])c3C([H])([H])[H])(<-[C-]#[O+])(<-[C-]#[O+])(C([H])([H])C->1([H])=C->2([H])[H])OC(=O)C([H])([H])[H]
ALIREU,0,ok,0.2054,67,1,,[Ni+4]123<-N4=C5N=C6N1C(OC([H])([H])[H])([N-]c1n2c(c2c1c([H])c([H])c([H])c2[H])N=C1c2c(c([H])c([H])c([H])c2[H])C(OC([H])([H])[H])(N=C4c2c5c([H])c([H])c([H])c2[H])N31)c1c6c([H])c([H])c([H])c1[H]
ALOKOB,0,ok,0.3058,85,1,,[Zn+2]123<-N4=C5C([H])=c6n1c(c(C([H])([H])C([H])([H])[H])c6C([H])([H])C([H])([H])[H])=C([H])C1=N->2C(=C([H])c2n3c(c(C([H])([H])C([H])([H])[H])c2C([H])([H])C([H])([H])[H])C([H])=C4C(C([H])([H])C([H])([H])[H])=C5C([H])([H])C([H])([H])[H])C(C([H])([H])C([H])([H])[H])=C1C([H])([H])C([H])([H])[H]
AMAHOM,1,ok,0.1090,79,1,,[Fe+2]123(<-N(C4([H])C([H])([H])C(N->1=C([H])c1c([H])c([H])c([H])c([H])c1C([H])([H])[H])([H])C([H])([H])C(N->2=C([H])c1c([H])c([H])c([H])c([H])c1C([H])([H])[H])([H])C4([H])[H])=C([H])c1c([H])c([H])c([H])c([H])c1C([H])([H])[H])Oc1c(c([H])c([H])c([H])c1Br)[Br+]3
AMIFUY,0,ok,0.2067,44,1,,[Co+]12345(<-S=C(C(=S->1)C(=O)OC([H])([H])[H])C(=O)OC([H])([H])[H])<-C1(C([H])([H])[H])=C->2(C([H])([H])[H])C->3(C([H])([H])[H])=C->4(C([H])([H])[H])C51C([H])([H])[H]
AMIPOC,0,ok,0.0594,79,1,,[Ni](<-P(C(C([H])([H])[H])([H])C([H])([H])[H])(C(C([H])([H])[H])([H])C([H])([H])[H])C(C([H])([H])[H])([H])C([H])([H])[H])(<-C(C(C([H])([H])[H])([H])[H])#CC(C([H])([H])[H])([H])[H])<-P(C(C([H])([H])[H])([H])C([H])([H])[H])(C(C([H])([H])[H])([H])C([H])([H])[H])C(C([H])([H])[H])([H])C([H])([H])[H]
AMOZOR,0,ok,0.0558,69,1,,[Re+3]123(<-N(C([H])([H])C([H])([H])S1)(C([H])([H])C([H])([H])S2)C([H])([H])C([H])([H])S3)<-[C-]#[N+]C([H])([H])C([H])([H])C([H])([H])C([H])([H])C(N1C([H])([H])C([H])([H])N(c2c([H])c([H])c([H])c([H])c2OC([H])([H])[H])C([H])([H])C1([H])[H])([H])[H]
ANICAC,0,ok,0.0232,26,1,,[Zn+2]12(Cl)(Cl)<-O(C([H])([H])[H])C([H])([H])C(O->1C(C(O->2C([H])([H])[H])([H])[H])([H])[H])([H])[H]
APAZUN,0,ok,0.0339,32,1,,[Re+7](=O)(=O)(=O)C([H])([H])[H].Clc1c([H])c([H])c(N=C(c2nc([H])c([H])c([H])c2[H])[H])c([H])c1[H]
APIMNI,0,ok,0.0284,32,1,,[Ni+2]12(<-O([H])[H])<-N(c3c(O[H])c([H])c([H])c([H])c3[H])(C([H])([H])C(=O)O1)C([H])([H])C(=O)O2.O([H])[H]
APOTOO,0,ok,0.1493,64,1,,[Ni+2]1234(Cl)(<-P(c5c([H])c([H])c([H])c([H])c5[H])(c5c([H])c([H])c([H])c([H])c5[H])c5c([H])c([H])c([H])c([H])c5[H])<-C5(C(c6nc([H])c([H])c([H])c6[H])([H])[H])=C->16C2(C->3([H])=C->45[H])C([H])=C([H])C([H])=C6[H]
APUFEX,0,ok,0.0233,29,1,,[Au+3](Cl)=C(N1C([H])([H])C([H])([H])C([H])([H])C1([H])[H])N1C([H])([H])C([H])([H])C([H])([H])C1([H])[H]
AQACUQ,0,ok,0.2044,71,1,,[Ru+4]1234(<-P(c5c([H])c([H])c([H])c([H])c5[H])(c5c([H])c([H])c([H])c([H])c5[H])c5c([H])c([H])c([H])c([H])c5[H])(Cl)(<-C5([H])=C->1([H])C2([H])C->3([H])=C->45[H])=C(C(=O)c1c([H])c([H])c([H])c([H])c1[H])c1c([H])c([H])c([H])c([H])c1[H]
AQAXEV,1,ok,0.0558,67,1,,C([H])([H])([H])C1=C(C([H])([H])[H])N(=O)->[Co+3]23(C([H])([H])[H])(N1C([H])([H])C([H])([H])c1c([H])c([H])c([H])c([H])n->21)<-N(C(C([H])([H])[H])([H])C([H])(C([H])([H])[H])N->3(C([H])([H])C([H])([H])c1c([H])c([H])c([H])c([H])n1)[H])([H])[H]
AQERIY,0,ok,0.1349,70,1,,[Ru+6]1(Cl)(Cl)(<-O(c2c(C=1[H])c([H])c([H])c([H])c2[H])C([H])(C([H])([H])[H])C([H])([H])[H])=C1N(c2c(C([H])([H])[H])c([H])c(C([H])([H])[H])c([H])c2C([H])([H])[H])C([H])([H])C2([H])N1c1c([H])c([H])c([H])c([H])c1C([H])([H])C2([H])[H]
AQOBOZ,0,ok,0.0631,58,1,,[Ir+3]1234(Cl)(<-n5c([H])c([H])c([H])c([H])c5[H])(<-C5([H])=C->1([H])C1([H])C([H])([H])C5([H])C->2([H])=C->31[H])C1([H])C2([H])C([H])([H])C([H])(C([H])=C2[H])C1([H])C1([H])C2([H])C([H])=C([H])C([H])(C2([H])[H])C41[H]
AQOZAI,0,ok,0.0855,67,1,,[Ni+2]12(<-S=P(N=C(S1)N([H])C([H])([H])[H])(OC([H])(C([H])([H])[H])C([H])([H])[H])OC([H])(C([H])([H])[H])C([H])([H])[H])<-S=P(N=C(S2)N([H])C([H])([H])[H])(OC([H])(C([H])([H])[H])C([H])([H])[H])OC([H])(C([H])([H])[H])C([H])([H])[H]
ARAFOQ,1,ok,0.0512,48,1,,[Zn+2]1(<-O([H])[H])(<-O([H])[H])(OC(=O)C([H])([H])C([H])([H])c2c([H])c([H])c(O[H])c([H])c2[H])<-n2c([H])c([H])c([H])c([H])c2-c2n->1c([H])c([H])c([H])c2[H]
AREQAP,0,ok,0.0253,36,1,,[Pd+2](<-N(C([H])([H])C(N(C([H])([H])[H])C([H])([H])[H])([H])[H])(C([H])([H])[H])C([H])([H])[H])(C([H])(C(F)(F)F)F)C([H])([H])[H]
ARINIY,0,ok,0.0443,48,1,,[Co+3]123(N(O[H])C(C([H])([H])[H])=C(N->1=O)C([H])([H])[H])(<-N(=O)C(C([H])([H])[H])=C(N2OC([H])([H])C([H])([H])C3([H])[H])C([H])([H])[H])<-n1c([H])n([H])c([H])c1[H]
AROJUM,1,ok,0.0321,34,1,,[Re+5]12(Cl)(=O)N3C([H])([H])C([H])([H])N->1([H])C([H])([H])C([H])([H])N([H])C([H])([H])C([H])([H])N->2([H])C([H])([H])C3([H])[H]
ARUVOZ,0,ok,0.0665,67,1,,C1(->[Nb+]23(<-C(#CC([H])([H])[H])C([H])([H])[H])(<-[C-]#[O+])<-n4c(C([H])([H])[H])c([H])c(C([H])([H])[H])n4[B-](n4c(C([H])([H])[H])c([H])c(C([H])([H])[H])n->24)(n2c(C([H])([H])[H])c([H])c(C([H])([H])[H])n->32)[H])#CC([H])=C([H])C([H])=C1[H]
ASANEO,0,ok,0.0595,71,1,,[Pt+2](Cl)(<-P(C([H])([H])[H])(C([H])([H])[H])C([H])([H])[H])(<-P(C([H])([H])[H])(C([H])([H])[H])C([H])([H])[H])C([H])=C(c1c([H])c([H])c([H])c([H])c1[H])B(Cl)N([Si](C([H])([H])[H])(C([H])([H])[H])C([H])([H])[H])[Si](C([H])([H])[H])(C([H])([H])[H])C([H])([H])[H]
ASAVOH,-1,ok,0.1499,51,1,,[Mn+3]123(<-N4=c5c(c([H])c([H])c([H])c5[H])=N->1C(=O)C(C([H])([H])[H])(C([H])([H])[H])N2C(=O)C(C([H])([H])[H])(C([H])([H])[H])C(=O)N3C(C([H])([H])[H])(C([H])([H])[H])C4=O)=O
ASISIE,-1,ok,0.0825,32,1,,[V+5]123(=O)(<-O=O->1)(OC(=O)C(=O)O2)N1C([H])=C([H])C([H])=c2c1c1c(c([H])c2[H])=C([H])C([H])=C([H])N31
ASOZOX,1,ok,0.0478,46,1,,[Ni+2]12(<-n3c(N([H])[H])sc([H])c3-c3n->1c(N([H])[H])sc3[H])(<-n1c(N([H])[H])sc([H])c1-c1n->2c(N([H])[H])sc1[H])<-N#C[S-].O(C([H])([H])[H])[H]
ATAGUZ,0,ok,0.0616,69,1,,[Hg+2]1234(<-S5C([H])([H])C([H])([H])N(c6c([H])c([H])c(-c7sc8c(n7)c([H])c([H])c([H])c8[H])c([H])c6[H])C([H])([H])C([H])([H])S->1C([H])([H])C([H])([H])O->2C([H])([H])C([H])([H])O->3C([H])([H])C5([H])[H])(O[Cl+3]([O-])([O-])[O-])O[Cl+3]([O-])([O-])O4
ATENET,0,ok,0.0493,50,1,,[V+5]12(=O)Oc3c(C([H])([H])[H])c([H])c(C([H])([H])[H])c([H])c3C([H])([H])N(C([H])([H])c3c([H])c(C([H])([H])[H])c([H])c(C([H])([H])[H])c3O1)C([H])([H])C([H])([H])O2
ATIKOD,0,ok,0.4071,45,1,,[Nb+5]12345678([Si](Cl)(C(C([H])([H])[H])(C([H])([H])[H])[H])C(C([H])([H])[H])(C([H])([H])[H])[H])(<-C9([H])=C->1([H])C->2([H])=C->3([H])C49[H])(<-C1([H])=C->5([H])C->6([H])=C->7([H])C81[H])([H])[H]
ATOGEW,0,ok,0.0935,69,1,,[Pd+2]1(<-O=C(c2c([H])c(C([H])([H])[H])c(C([H])([H])[H])c([H])c21)C12C([H])([H])C3([H])C([H])([H])C([H])(C1([H])[H])C([H])([H])C([H])(C2([H])[H])C3([H])[H])(OS(=O)(=O)C(F)(F)F)<-N(S(=O)(=O)c1c([H])c([H])c(Cl)c([H])c1[H])([H])[H]
ATULUY,0,ok,0.0500,57,1,,[Zn+2](O[N+](=O)[O-])(<-n1c(C(O[H])([H])[H])c([H])c(C(OC([H])([H])C([H])([H])[H])=O)c([H])c1[H])(O[N+]([O-])=O)<-n1c(C(O[H])([H])[H])c([H])c(C(OC([H])([H])C([H])([H])[H])=O)c([H])c1[H]
ATUSAK,0,ok,1.6517,75,1,,[Hf+4]123456789(Cl)(<-C%10(C([H])([H])[H])=C->1(C([H])([H])[H])c->21c->3(c(C([H])([H])[H])c(C([H])([H])[H])c(C([H])([H])[H])c1C([H])([H])[H])C4%10C([H])([H])C([H])([H])C51C->6(C([H])([H])[H])=C->7(C([H])([H])[H])c->82c->91c(C([H])([H])[H])c(C([H])([H])[H])c(C([H])([H])[H])c2C([H])([H])[H])Cl
AVAMIU,0,ok,0.1042,66,1,,[Pt+2]1(Cl)(<-N([H])=C(N(C1=Nc1c(C([H])([H])[H])c([H])c([H])c([H])c1C([H])([H])[H])c1c([H])c([H])c([H])c([H])c1[H])c1c([H])c([H])c([H])c([H])c1[H])<-[C-]#[N+]c1c(C([H])([H])[H])c([H])c([H])c([H])c1C([H])([H])[H]
AVETIE,0,ok,0.0437,47,1,,[Mo+6]12(=O)(=O)(Oc3c([H])c([H])c([H])c([H])c3C(=[N+](C(C(O[H])([H])[H])([H])[H])[H])[H])<-N(=C([H])c3c(c([H])c([H])c([H])c3[H])O1)C([H])([H])C([H])([H])O2
AVINOI,0,ok,0.0898,82,1,,[Rh+]1(Cl)(<-N(=C2c3c([H])c([H])c([H])c4c([H])c([H])c([H])c(c34)C2=N->1c1c(C(C([H])([H])[H])(C([H])([H])[H])[H])c([H])c([H])c([H])c1C(C([H])([H])[H])(C([H])([H])[H])[H])c1c(C(C([H])([H])[H])(C([H])([H])[H])[H])c([H])c([H])c([H])c1C(C([H])([H])[H])(C([H])([H])[H])[H])<-[C-]#[O+]
AVOQUX,1,ok,0.0211,24,1,,[Zn+2](n1c(=O)n([H])c(=O)c(Cl)c1[H])(<-N([H])([H])[H])(<-N([H])([H])[H])<-N([H])([H])[H]
AVUTIU,0,ok,0.0602,50,1,,[Pd+2]1(S(=O)(=O)OC([H])([H])C([H])([H])C([H])([H])[H])(<-N(C([H])([H])C(N->1(C([H])([H])[H])C([H])([H])[H])([H])[H])(C([H])([H])[H])C([H])([H])[H])c1c(F)c(F)c(F)c(F)c1F
AWIGOC,0,ok,0.0433,31,1,,[Pd+2]1(Cl)(C([H])([H])C(=O)C([H])([H])[H])<-n2c([H])c([H])c([H])c([H])c2-c2n->1c([H])c([H])c([H])c2[H]
AXACUX,0,ok,0.0802,69,1,,[La+3]123(Cl)(Cl)(<-n4c([H])c([H])c([H])c5c4c4n->1c([H])c([H])c([H])c4c([H])c5[H])<-n1n([B-](n4n->2c(C([H])([H])[H])c([H])c4C([H])([H])[H])(n2n->3c(C([H])([H])[H])c([H])c2C([H])([H])[H])[H])c(C([H])([H])[H])c([H])c1C([H])([H])[H]
AXEJAP,0,ok,0.0922,70,1,,c1(N(C([H])([H])[H])C23C([H])([H])C4([H])C([H])([H])C([H])(C2([H])[H])C([H])([H])C([H])(C3([H])[H])C4([H])[H])c(P(c2c([H])c([H])c([H])c([H])c2[H])(c2c([H])c([H])c([H])c([H])c2[H])->[Pd+2](Cl)Cl)c([H])c([H])c([H])c1OC([H])([H])[H]
AXIJEW,0,ok,0.2580,50,1,,[Zr+4]12345678(<-P(C([H])([H])[H])(C([H])([H])[H])C([H])([H])[H])(<-C(C1([H])C2(C([H])([H])[H])C3([H])[H])(=C->4([H])[H])C([H])([H])[H])<-C(=C->5(C6(C->7(=C->8([H])[H])C([H])([H])[H])[H])C([H])([H])[H])([H])[H]
AXODEW,0,ok,0.0443,44,1,,c12[Hg+2](C#Cc3c([H])c([H])c([H])c([H])c3[H])<-N(c1c([H])c([H])c(OC([H])([H])[H])c2[H])=C(c1c([H])c([H])c([N+](=O)[O-])c([H])c1[H])[H]
AXOWIV,1,ok,0.0478,46,1,,[Cu+3]123(Cl)Oc4c(C(N->1(C([H])([H])C([H])([H])c1n->2c([H])c([H])c([H])c1[H])C(c1n->3c([H])c([H])c([H])c1[H])([H])[H])([H])[H])c([H])c([H])c([H])c4[H]
AXUFUU,0,ok,0.0808,73,1,,[Zn+2](Br)(Br)(Oc1c(C(=[N+]([H])C([H])([H])c2c([H])c([H])c([H])c([H])c2[H])[H])c2c(c([H])c1[H])c([H])c([H])c([H])c2[H])Oc1c(C(=[N+]([H])C([H])([H])c2c([H])c([H])c([H])c([H])c2[H])[H])c2c(c([H])c1[H])c([H])c([H])c([H])c2[H]
AYADAF,0,ok,0.0748,40,1,,[Ni+2]12(SC(=NN->1=C(c1n->2c([H])c([H])c([H])c1[H])c1nc([H])c([H])c([H])c1[H])N1C([H])([H])C([H])([H])C([H])([H])C1([H])[H])Cl
AYEVEF,0,ok,0.1228,52,1,,[W+6]12345(<-S=C(SC=1c1c(C([H])([H])[H])c([H])c([H])c([H])c1C([H])([H])[H])c1c(C([H])([H])[H])c([H])c([H])c([H])c1C([H])([H])[H])(<-C1([H])=C->2([H])C3([H])C->4([H])=C->51[H])(Cl)(Cl)Cl
AYOGUR,0,ok,0.1569,73,1,,[Ir+3]123(c4c([H])c([H])c([H])c([H])c4-c4oc5c([H])c([H])c6c([H])c([H])c([H])c([H])c6c5n->14)(<-n1c(-c4c2c([H])c([H])c([H])c4[H])oc2c([H])c([H])c4c([H])c([H])c([H])c([H])c4c12)OC(C([H])([H])[H])=C([H])C(=O->3)C([H])([H])[H]
AYUHEJ,0,ok,0.0716,78,1,,[Co+3]123(Cl)[B-](n4nc(C(C([H])([H])[H])(C([H])([H])[H])C([H])([H])[H])c([H])c(C([H])([H])[H])c4=S->1)(n1nc(C(C([H])([H])[H])(C([H])([H])[H])C([H])([H])[H])c([H])c(C([H])([H])[H])c1=S->2)n1nc(C(C([H])([H])[H])(C([H])([H])[H])C([H])([H])[H])c([H])c(C([H])([H])[H])c1=S->3
AZEDEP,0,ok,0.0743,63,1,,[Pd+4]1(Cl)(Cl)N2C(=C3N1C([H])(C([H])([H])C([H])(C([H])([H])[H])C([H])([H])[H])C([H])([H])c1c3c([H])c([H])c([H])c1[H])c1c(c([H])c([H])c([H])c1[H])C([H])([H])C2([H])C([H])([H])C([H])(C([H])([H])[H])C([H])([H])[H]
AZIDUJ,0,ok,0.2917,18,1,,[W+2]123456(<-P7=P->1P27)(<-C1([H])=C->3([H])C->4([H])=C->5([H])C61[H])(<-[C-]#[O+])<-[C-]#[O+]
AZOGAY,0,ok,0.0370,32,1,,[W+2]1(Cl)(<-n2c(C([H])([H])c3sc([H])c(C([H])([H])[H])n->13)sc([H])c2C([H])([H])[H])(<-[C-]#[O+])(Cl)(<-[C-]#[O+])<-[C-]#[O+]
BABNEZ,0,ok,0.0750,78,1,,c12P(c3c([H])c([H])c([H])c([H])c3[H])(c3c([H])c([H])c([H])c([H])c3[H])->[Cu+](Cl)(<-O(c1c([H])c([H])c([H])c2[H])C([H])([H])[H])<-P(c1c([H])c([H])c([H])c([H])c1[H])(c1c([H])c([H])c([H])c([H])c1[H])c1c([H])c([H])c([H])c([H])c1OC([H])([H])[H]
BACDER,1,ok,0.0397,43,1,,[Re+](<-[C-]#[O+])(<-[C-]#[O+])<-[C-]#[O+].S=c1n([H])c([H])c([H])c([H])c1[H].S=c1n([H])c([H])c([H])c([H])c1[H].S=c1n([H])c([H])c([H])c([H])c1[H]
BACWOT,1,ok,0.0261,36,1,,[Re+]1(<-N([H])([H])C([H])([H])C([H])([H])C(N(C([H])([H])C([H])([H])C(N->1([H])[H])([H])[H])C([H])([H])[H])([H])[H])(<-[C-]#[O+])(<-[C-]#[O+])<-[C-]#[O+]
BADGUL,1,ok,0.1780,73,1,,[Os+4]1234([H])(<-P(C([H])(C([H])([H])[H])C([H])([H])[H])(C([H])(C([H])([H])[H])C([H])([H])[H])C([H])(C([H])([H])[H])C([H])([H])[H])(C5=C([H])c6c([H])c([H])c([H])c([H])c6C([H])([H])C([H])([H])N5C([H])([H])C([H])([H])C([H])([H])[H])<-C5([H])=C->1([H])C2([H])C->3([H])=C->45[H]
BADQED,1,ok,0.0644,61,1,,[Rh+]1234(<-n5c6c([H])c([H])c([H])c5C([H])([H])N(C([H])([H])[H])C([H])([H])c5n->1c(c([H])c([H])c5[H])C([H])([H])N(C([H])([H])[H])C6([H])[H])<-C1([H])=C->2([H])C([H])([H])C([H])([H])C->3([H])=C->4([H])C([H])([H])C1([H])[H]
BAFSIM,0,ok,0.0658,75,1,,[Ni+2](<-N(=C(c1c(O[H])c([H])c(OC([H])([H])[H])c([H])c1[H])[H])C([H])([H])C([H])([H])C(N([H])C([H])([H])[H])([H])[H])(<-N#C[S-])(<-N(=C(c1c(O[H])c([H])c(OC([H])([H])[H])c([H])c1[H])[H])C([H])([H])C([H])([H])C(N([H])C([H])([H])[H])([H])[H])<-N#C[S-]
BAGYUG,1,ok,0.0728,72,1,,[Zn+2]1234OC(=O)c5n->1c(C(N1C([H])([H])C6(C(=O)OC([H])([H])[H])C([H])(c7n->2c([H])c([H])c([H])c7[H])N->3(C([H])([H])[H])C([H])(c2n->4c([H])c([H])c([H])c2[H])C(C(=O)OC([H])([H])[H])(C1([H])[H])C6(O[H])[H])([H])[H])c([H])c([H])c5[H]
BAJHIE,0,ok,0.0792,62,1,,[Zr+4]12345678(C9([H])C->1([H])=C->2([H])C->3([H])=C->49[H])(Cl)(<-[H][B-]->51([H]->6)C2([H])C([H])([H])C([H])([H])C([H])([H])C1([H])C([H])([H])C([H])([H])C2([H])[H])<-[H][B-]->71([H]->8)C2([H])C([H])([H])C([H])([H])C([H])([H])C1([H])C([H])([H])C([H])([H])C2([H])[H]
BAJWAL,0,ok,0.1281,71,1,,Br[Ni+4]12n3c(C([H])([H])[H])c(C([H])([H])C([H])([H])[H])c(C([H])([H])C([H])([H])[H])c3C([H])=c3c(C([H])([H])C([H])([H])[H])c(C([H])([H])C([H])([H])[H])c(n31)=C([H])c1c(C([H])([H])C([H])([H])[H])c(C([H])([H])C([H])([H])[H])c(C([H])([H])[H])n12
BAKYAQ,0,ok,0.1045,83,1,,[Ni+4](Cl)(<-n1c2c(c([H])c([H])c1[H])C([H])([H])C(C([H])([H])[H])(C([H])([H])[H])C2=Nc1c(C([H])([H])[H])c([H])c([H])c([H])c1C([H])([H])[H])(Cl)N1C2=C([N-]c3c(C([H])([H])[H])c([H])c([H])c([H])c3C([H])([H])[H])C(C([H])([H])[H])(C([H])([H])[H])C([H])([H])C2=C([H])C([H])=C1[H]
BAMPIP,1,ok,0.0723,47,1,,[Ni+2]12(Cl)(<-n3c(-c4n->1c([H])sc4[H])n([H])c1c([H])c([H])c([H])c([H])c31)<-n1c(-c3n->2c([H])sc3[H])n([H])c2c([H])c([H])c([H])c([H])c12.O([H])[H]
BANDEZ,0,ok,0.0286,33,1,,[Pt]1234(<-S=C5SC([H])([H])C([H])([H])SC5=S->1)<-C1([H])=C->2([H])C([H])([H])C([H])([H])C->3([H])=C->4([H])C([H])([H])C1([H])[H]
BAPTAQ,0,ok,0.0923,67,1,,[Ni]123(<-O=C(c4n1c(c([H])c4[H])C1=[N+](O2)C(C([H])([H])[H])(C([H])([H])[H])C(C([H])([H])[H])(C([H])([H])[H])[N+]1=O)[H])O[N+]1=C([N+](=O)C(C([H])([H])[H])(C([H])([H])[H])C1(C([H])([H])[H])C([H])([H])[H])c1n3c(C([H])=O)c([H])c1[H]
BAQSUI,0,ok,0.0794,78,1,,[Pd+2]1(Cl)(<-N(c2c(-c3c1c([H])c([H])c([H])c3[H])c([H])c([H])c([H])c2[H])(C([H])([H])[H])C([H])([H])[H])<-C1N(c2c(C([H])([H])[H])c([H])c(C([H])([H])[H])c([H])c2C([H])([H])[H])C([H])=C([H])N1c1c(C([H])([H])[H])c([H])c(C([H])([H])[H])c([H])c1C([H])([H])[H]
BARSOE,0,ok,0.0470,63,1,,[Ru]123(<-P(C([H])([H])[H])(C([H])([H])[H])C([H])([H])C(P->1(C([H])([H])[H])C([H])([H])[H])([H])[H])(<-N(=N->2c1c([H])c([H])c([H])c([H])c1[H])[H])<-P(C([H])([H])[H])(C([H])([H])[H])C([H])([H])C(P->3(C([H])([H])[H])C([H])([H])[H])([H])[H]
BASWID,0,ok,0.0372,40,1,,[Au+3](Cl)=C1N(c2c([H])c([H])c(OC([H])([H])[H])c([H])c2[H])C([H])([H])N(C([H])([H])c2c([H])c([H])c([H])c([H])c2[H])C1([H])[H]
BATSIY,1,ok,0.0521,55,1,,[Ni+2]1234(<-O=c->15n2c([H])c([H])c([H])c5[H])<-N1=C(C([H])([H])[H])C([H])([H])C(C([H])([H])[H])(C([H])([H])[H])N->3([H])C([H])([H])C([H])([H])C([H])([H])N->4(C([H])([H])[H])C([H])([H])C([H])([H])C1([H])[H]
BAWBIM,0,ok,0.2250,69,1,,[Pd+2]123<-N(=C([H])c4n1c([H])c([H])c4[H])c1c4c([H])c(c([H])c([H])c4c([H])c([H])c1[H])OC([H])([H])C([H])([H])C([H])([H])C([H])([H])Oc1c([H])c4c(c([H])c([H])c([H])c4c([H])c1[H])N->2=C([H])c1n3c([H])c([H])c1[H]
BAWMIX,0,ok,0.2300,81,1,,[Zr+4]123456(N=c7n(-c8c(C([H])(C([H])([H])[H])C([H])([H])[H])c([H])c([H])c([H])c8C([H])(C([H])([H])[H])C([H])([H])[H])c([H])c([H])n7-c7c(C([H])(C([H])([H])[H])C([H])([H])[H])c([H])c([H])c([H])c7C([H])(C([H])([H])[H])C([H])([H])[H])<-C7([H])=C->1([H])C->2([H])=C->3([H])C4([H])C5([H])C67[H]
BAXYIK,0,ok,0.0595,41,1,,[Pd+2](Cl)(Cl)(<-[c-]1c(-c2c([H])c([H])c([H])c([H])c2[H])[n+](C([H])([H])[H])nn1C([H])([H])C([H])([H])[H])<-n1c([H])c(Cl)c([H])c([H])c1[H]
BAYTIE,0,ok,0.2396,46,1,,[Fe+2]12345(<-S=C(SC1=NC(=O)c1c([H])c([H])c([H])c([H])c1[H])N(C(C([H])([H])[H])([H])[H])C(C([H])([H])[H])([H])[H])(<-[C-]#[O+])<-C1([H])=C->2([H])C->3([H])=C->4([H])C51[H]
BAYZUX,0,ok,0.0986,53,1,,[Ni+2]123(<-n4c([H])c([H])c([H])c5c([H])c([H])c6c([H])c([H])c([H])n->1c6c45)(<-n1c([H])c([H])c([H])c4c([H])c([H])c5c([H])c([H])c([H])n->2c5c14)Sc1c(c(=O)c1=O)S3
BCAZFN,0,ok,0.0753,52,1,,[Ni+2]1(=NN->1=C1c2c([H])c([H])c([H])c([H])c2C2=C=C=C([H])C([H])=C12)(<-[C-]#[N+]C(C([H])([H])[H])(C([H])([H])[H])C([H])([H])[H])<-[C-]#[N+]C(C([H])([H])[H])(C([H])([H])[H])C([H])([H])[H]
BEBXAI,0,ok,0.0710,46,1,,[Mo+2]1234(C(C->1(=C->2=C(C([H])([H])[H])C([H])([H])[H])[H])([H])[H])(<-[C-]#[O+])(<-[C-]#[O+])<-n1n([B-](n2n->3c([H])c([H])c2[H])(n2n->4c([H])c([H])c2[H])[H])c([H])c([H])c1[H]
BECSOS,1,ok,0.1340,74,1,,[Ru+2]123456(<-P(C(C(C(P->1(c1c([H])c([H])c([H])c([H])c1[H])c1c([H])c([H])c([H])c([H])c1[H])([H])[H])([H])[H])([H])[H])(c1c([H])c([H])c([H])c([H])c1[H])c1c([H])c([H])c([H])c([H])c1[H])(<-c1([H])c->2([H])c->3([H])c->4([H])c->52c->61C([H])=C([H])C2([H])[H])[H]
BEFFEY,0,ok,0.0311,46,1,,[Au+3](=C(N([H])C(C([H])([H])[H])(C([H])([H])[H])C([H])([H])[H])N(C([H])([H])C([H])([H])[H])C([H])([H])C([H])([H])[H])C([H])(C(=O)C([H])([H])[H])C(=O)C([H])([H])[H]
BEGLUU,0,ok,0.1001,49,1,,[Ni+4]123n4c5c([H])c([H])c4=C(C([H])([H])[H])c4n1c(c([H])c4[H])C(C([H])([H])[H])=c1n2c(c([H])c1[H])=C(C([H])([H])[H])c1n3c(c([H])c1[H])C=5C([H])([H])[H]
BEHJUW,0,ok,0.1630,58,1,,[Re+]1234(C5(O[H])C->1(c1c([H])c([H])c([H])c([H])c1[H])=C->2(c1c([H])c([H])c([H])c([H])c1[H])C->3(c1c([H])c([H])c([H])c([H])c1[H])=C->45c1c([H])c([H])c([H])c([H])c1[H])(<-[C-]#[O+])(<-[C-]#[O+])<-[C-]#[O+]
BEJFIH,1,ok,0.0800,51,1,,I[Rh+]12345(<-C6N(C([H])([H])[H])C([H])=C([H])N6c6c1c([H])c([H])[n+](C([H])([H])[H])c6[H])<-C1(C([H])([H])[H])=C->2(C([H])([H])[H])[C+]->3(C([H])([H])[H])C->4(C([H])([H])[H])=C->51C([H])([H])[H]
BEJQOY,0,ok,0.0729,74,1,,[Zr+4]12(Cl)(Cl)<-n3c(c([H])c([H])c([H])c3-c3c([H])c([H])c([H])c([H])c3N1c1c(C([H])([H])[H])c([H])c(C([H])([H])[H])c([H])c1C([H])([H])[H])-c1c(c([H])c([H])c([H])c1[H])N2c1c(C([H])([H])[H])c([H])c(C([H])([H])[H])c([H])c1C([H])([H])[H]
BEJWIY,0,ok,0.3015,68,1,,[Fe+2]1234(P(c5c([H])c([H])c([H])c([H])c5[H])B(c5c(C([H])([H])[H])c([H])c(C([H])([H])[H])c([H])c5C([H])([H])[H])c5c(C([H])([H])[H])c([H])c(C([H])([H])[H])c([H])c5C([H])([H])[H])(<-C5([H])=C->1([H])C2([H])C->3([H])=C->45[H])(<-[C-]#[O+])<-[C-]#[O+]
BEKHIK,0,ok,0.1048,65,1,,C12->[Cr+2]3456(<-C7(C(C([H])([H])N1C([H])=C([H])N2c1c(C([H])(C([H])([H])[H])C([H])([H])[H])c([H])c([H])c([H])c1C([H])(C([H])([H])[H])C([H])([H])[H])([H])[H])=C->3([H])C->4([H])=C->51C76C(C([H])([H])[H])=C([H])C([H])=C1C([H])([H])[H])Cl
BEMDOO,0,ok,0.0518,51,1,,[Cu+]1(Cl)<-N(=C2C(=O->1)c1c3c2c([H])c([H])c([H])c3c([H])c([H])c1[H])c1c(C([H])(C([H])([H])[H])C([H])([H])[H])c([H])c([H])c([H])c1C(C([H])([H])[H])([H])C([H])([H])[H]
BENDIH,1,ok,0.0523,62,1,,[Cu+]123<-N(C(C(n4n->1c(C([H])([H])[H])c([H])c4C([H])([H])[H])([H])[H])([H])[H])(C(C(n1n->2c(C([H])([H])[H])c([H])c1C([H])([H])[H])([H])[H])([H])[H])C(C(n1n->3c(C([H])([H])[H])c([H])c1C([H])([H])[H])([H])[H])([H])[H]
BENMEN,0,ok,0.0491,45,1,,[Hg+2]1234(Sc5sc(=S)sc5S->1C(=C([H])[H])c1n->2c([H])c([H])c([H])c1[H])Sc1sc(=S)sc1S->3C(=C([H])[H])c1n->4c([H])c([H])c([H])c1[H]
BEPJUE,0,ok,0.0739,71,1,,[Cd+2]123(=N[N+]#N)(=N[N+]#N)<-n4c([H])c([H])c([H])c([H])c4C(=N->1N=C(C(=NN->2=C(c1n->3c([H])c([H])c([H])c1[H])C([H])([H])[H])c1c([H])c([H])c([H])c([H])c1[H])c1c([H])c([H])c([H])c([H])c1[H])C([H])([H])[H].O([H])C([H])([H])[H]
BEQGAF,0,ok,0.0577,71,1,,[Ni+2]12(<-P(C([H])(C([H])([H])[H])C([H])([H])[H])(C([H])(C([H])([H])[H])C([H])([H])[H])C([H])([H])C(P->1(C([H])(C([H])([H])[H])C([H])([H])[H])C([H])(C([H])([H])[H])C([H])([H])[H])([H])[H])Sc1c(c([H])c([H])c([H])c1[H])Sc1c2c([H])c([H])c([H])c1[H]
BEQZAB,0,ok,0.0835,79,1,,[Ni+2]123(<-S=C(N=N->1c1c(O2)n(C(C([H])=C([H])[H])([H])[H])c2c1c([H])c([H])c([H])c2[H])N([H])c1c([H])c([H])c([H])c([H])c1[H])<-S=C(N=N->3c1c([O-])n(C([H])([H])C(=C([H])[H])[H])c2c1c([H])c([H])c([H])c2[H])N([H])c1c([H])c([H])c([H])c([H])c1[H]
BERQEX,1,ok,0.0773,59,1,,c12(C([H])(C([H])([H])[H])C([H])([H])[H])->[Ru+2]34567(<-c1([H])c->3([H])c->4(C([H])([H])[H])c->5([H])c->62[H])(c1c([H])c(C([H])([H])[H])c([H])c([H])c1C(=N->7[H])OC([H])([H])C([H])([H])[H])<-S(C([H])([H])[H])(C([H])([H])[H])=O
BERZAC,0,ok,0.1221,67,1,,C(c1c([H])c([H])c(N(C([H])([H])[H])C([H])([H])[H])c([H])c1[H])(c1c([H])c([H])c(N(C([H])([H])[H])C([H])([H])[H])c([H])c1[H])=[Rh+3]1234(<-C5(C([H])([H])[H])=C->1(C([H])([H])[H])[C+]->2(C([H])([H])[H])C->3(C([H])([H])[H])=C->45C([H])([H])[H])(Cl)Cl
BESMIX,0,ok,0.0859,82,1,,[C-](#[O+])->[W]12(<-[C-]#[O+])(<-N#[O+])<-P(c3c([H])c([H])c([H])c([H])c3[H])(c3c([H])c([H])c([H])c([H])c3[H])C([H])(C([H])([H])P->1(c1c([H])c([H])c([H])c([H])c1[H])c1c([H])c([H])c([H])c([H])c1[H])[B-]1([H]->2)C2([H])C([H])([H])C([H])([H])C([H])([H])C1([H])C([H])([H])C([H])([H])C2([H])[H]
BEVCUC,0,ok,0.0336,33,1,,[Hg+2]1(Cl)(Cl)<-n2c(C(=N->1c1c([H])c([H])c(C(=O)OC([H])([H])[H])c([H])c1[H])[H])c([H])c([H])c([H])c2[H]
BEVSEA,0,ok,0.0687,68,1,,[Co+3]12(N(O[H])C(C([H])([H])[H])=C(N->1=O)C([H])([H])[H])(N(O[H])C(C([H])([H])[H])=C(N->2=O)C([H])([H])[H])(<-n1c([H])c([H])c([H])c([H])c1[H])C1(Br)C2([H])c3c([H])c([H])c([H])c([H])c3-c3c([H])c([H])c([H])c([H])c3C12[H]
BEWSUT,0,ok,0.1359,71,1,,[Ni+2]1234(Cl)(<-C5([H])=C->1([H])C2([H])C->3([H])=C->45[H])<-C1N(c2c(C([H])([H])[H])c([H])c(C([H])([H])[H])c([H])c2C([H])([H])[H])C2=C(C(=O)c3c([H])c([H])c([H])c([H])c3C2=O)N1c1c(C([H])([H])[H])c([H])c(C([H])([H])[H])c([H])c1C([H])([H])[H]
BEXVOQ,0,ok,0.0470,66,1,,[Rh+]12(Cl)(<-N3([H])C([H])([H])C([H])([H])N->1(C([H])(C([H])([H])[H])C([H])([H])[H])C([H])([H])C([H])([H])N(C([H])(C([H])([H])[H])C([H])([H])[H])C([H])([H])C3([H])[H])<-C1([H])=C->2([H])C([H])([H])C([H])([H])C([H])([H])C([H])([H])C([H])([H])C1([H])[H]
BEYREE,0,ok,0.1284,39,1,,[Y+3]1234(OC(=C([H])C(=O->1)N(c1[n+]([H])c([H])c([H])c([H])c1[H])[H])C([H])([H])[H])(<-O([H])[H])(O[N+](=O)O2)(O[N+](=O)O3)O[N+](=O)O4
BEZLOH,0,ok,0.0291,27,1,,[Cr]12345(<-[C-]#[O+])(<-[C-]#[O+])(<-[C-]#[O+])<-C6([H])=C->1([H])C->2([H])=C->3([H])C1([H])C->4(=C->5([H])[H])C6([H])C([H])=C1[H]
BFBZNI,0,ok,0.0691,63,1,,[Ni+2]12(Sc3c(C(=N->1C(c1c([H])c([H])c([H])c([H])c1[H])([H])[H])[H])oc1c3c([H])c([H])c([H])c1[H])Sc1c(C(=N->2C(c2c([H])c([H])c([H])c([H])c2[H])([H])[H])[H])oc2c1c([H])c([H])c([H])c2[H]
BIBJON,1,ok,0.1831,82,1,,[Rh+3]12345(<-n6c(-c7c(C8([H])C9([H])N(S(=O)(=O)c%10c([H])c([H])c(C([H])([H])[H])c([H])c%10[H])C([H])(c%10c9c([H])c([H])c([H])c%10[H])C18[H])c([H])c([H])c([H])c7[H])c([H])c([H])c([H])c6[H])<-C1(C([H])([H])[H])=C->2(C([H])([H])[H])C3(C([H])([H])[H])C->4(C([H])([H])[H])=C->51C([H])([H])[H]
BIDHEB,0,ok,0.0360,47,1,,[Pd+2]1(Cl)(C(C(C(N->1(C([H])([H])[H])C([H])([H])[H])([H])[H])(C([H])([H])[H])C([H])([H])[H])(C(=O)[H])[H])<-n1c([H])c([H])c(N(C([H])([H])[H])C([H])([H])[H])c([H])c1[H]
BIDYIX,0,ok,0.0498,69,1,,[Ir+3]1(<-S=C(C(=C(C=1[H])C([H])([H])[H])C([H])([H])[H])[H])(SC(C([H])([H])[H])(C([H])([H])[H])C([H])([H])[H])(<-P(C([H])([H])[H])(C([H])([H])[H])C([H])([H])[H])(<-P(C([H])([H])[H])(C([H])([H])[H])C([H])([H])[H])<-P(C([H])([H])[H])(C([H])([H])[H])C([H])([H])[H]
BIGHOO,1,ok,0.0765,68,1,,[Co+]12(<-n3c4c([H])c([H])c([H])c3c(C([H])([H])[H])nn(C([H])([H])[H])c3c([H])c([H])c5c(n3)c3c(c([H])c5[H])c([H])c([H])c(n->13)n(C([H])([H])[H])n->2c4C([H])([H])[H])<-P(OC([H])([H])[H])(OC([H])([H])[H])OC([H])([H])[H]
BIHCUR,0,ok,0.1322,73,1,,[Ti+4]12345(Cl)(N(C([H])([H])[H])C([H])([H])[H])<-C6(=c->17c->2(c(C([H])([H])[H])c([H])c([H])c7C([H])([H])[H])=C->3(C([H])([H])[H])C46C([H])([H])[H])c1c(c(C(C([H])([H])[H])(C([H])([H])[H])C([H])([H])[H])c([H])c(C(C([H])([H])[H])(C([H])([H])[H])C([H])([H])[H])c1[H])O5
BIJMEO,0,ok,0.1557,77,1,,[Ni+4]1234(<-N(C(C(O1)=O)([H])C([H])([H])c1c([H])n([H])c5c1c([H])c([H])c([H])c5[H])=C(C([H])([H])[H])c1n->2c([H])c([H])nc1[H])N(C([H])(C([H])([H])c1c([H])n([H])c2c1c([H])c([H])c([H])c2[H])C(=O)O3)C(C([H])([H])[H])=C1N4C([H])=C([H])N=C1[H]
BIJVUN,0,ok,0.0815,74,1,,[Ru+2]123([H])(<-P(C(c4n->1c(C(N->2(C([H])([H])C([H])([H])[H])C([H])([H])C([H])([H])[H])([H])C(O3)([H])c1c([H])c([H])c([H])c([H])c1[H])c([H])c([H])c4[H])([H])[H])(C(C([H])([H])[H])(C([H])([H])[H])C([H])([H])[H])C(C([H])([H])[H])(C([H])([H])[H])C([H])([H])[H])<-[C-]#[O+]
BILMUE,0,ok,0.2400,36,1,,[Re+3]1234(<-[C-]#[O+])(<-[C-]#[O+])(C5([H])C->1([H])=C->2([H])C->3([H])=C->45[H])=NN(C([H])([H])[H])c1c([H])c([H])c(OC([H])([H])[H])c([H])c1[H]
BIMZAZ,0,ok,0.0568,37,1,,[Pd+2]1(<-N(O[H])=C(c2c1c([H])c([H])c([H])c2[H])C([H])([H])[H])(<-n1c([H])c([H])c([H])c([H])c1[H])OC(=O)C([H])([H])[H]
BIPHOZ,0,ok,0.0901,80,1,,[Cr](<-[C-]#[O+])(<-[C-]#[O+])(<-[C-]#[O+])(<-[C-]#[O+])<-[C-]#[O+].[Si]12(N(C([H])(C([H])([H])[H])C([H])([H])[H])C(c3c([H])c([H])c([H])c([H])c3[H])=[N+]1C([H])(C([H])([H])[H])C([H])([H])[H])N(C([H])(C([H])([H])[H])C([H])([H])[H])[C-](c1c([H])c([H])c([H])c([H])c1[H])N2C([H])(C([H])([H])[H])C([H])([H])[H]
BIQDIQ,0,ok,0.0750,83,1,,[Ta+5]12(Cl)(Cl)(<-O(C([H])([H])C([H])([H])[H])C([H])([H])C([H])([H])[H])N(c3c(c([H])c(OC([H])([H])[H])c([H])c3[H])N1c1c([H])c(C([H])([H])[H])c([H])c(C([H])([H])[H])c1[H])c1c(c([H])c(OC([H])([H])[H])c([H])c1[H])N2c1c([H])c(C([H])([H])[H])c([H])c(C([H])([H])[H])c1[H]
BIRMEX,0,ok,0.1195,74,1,,[Pd+2]1(Cl)(Cl)<-P(C(P(=N->1c1c(-c2c([H])c([H])c([H])c([H])c2[H])c([H])c([H])c([H])c1[H])(c1c([H])c([H])c([H])c([H])c1[H])c1c([H])c([H])c([H])c([H])c1[H])([H])[H])(c1c([H])c([H])c([H])c([H])c1[H])c1c([H])c([H])c([H])c([H])c1[H]
BITXEH,0,ok,0.0679,55,1,,[Re+5]12([H])(=O)(OS(=O)(=O)C(F)(F)F)<-n3n([B-]([H])(n4n->1c(C([H])([H])[H])c([H])c4C([H])([H])[H])n1n->2c(C([H])([H])[H])c([H])c1C([H])([H])[H])c(C([H])([H])[H])c([H])c3C([H])([H])[H]
BIVWUY,0,ok,0.0340,35,1,,[Ni+2]12(O[n+]3c(c([H])c([H])c([H])c3[H])C(=O)O1)OC(=O)c1[n+](c([H])c([H])c([H])c1[H])O2.O([H])[H].O([H])[H]
BIXCUH,0,ok,0.1139,58,1,,[Co+3]12345(C6(C([H])([H])[H])C->1(C([H])([H])[H])=C->2(C([H])([H])[H])C->3(C([H])([H])[H])=C->46C([H])([H])[H])Sc1c(c([H])c(SC([H])(C([H])([H])[H])C([H])([H])[H])c(SC([H])(C([H])([H])[H])C([H])([H])[H])c1[H])S5
BIXXEN,0,ok,0.2441,78,1,,[Ti+4]123456789(<-C%10(C([H])([H])[H])=C->1(C([H])([H])[H])C2(C(C([H])([H])[H])([H])C([H])([H])[H])C->3(C([H])([H])[H])=C->4%10C([H])([H])[H])(<-C1(C([H])([H])[H])=C->5(C([H])([H])[H])C6(C([H])(C([H])([H])[H])C([H])([H])[H])C->7(C([H])([H])[H])=C->81C([H])([H])[H])OC(c1c([H])c([H])c([H])c([H])c1[H])=C9[H]
BIYMOM,0,ok,0.0742,73,1,,[Mo+6]12(Oc3c([H])c(C(=O)C([H])([H])[H])c([H])c([H])c3[H])(=O)(=O)<-n3n([B-]([H])(n4n->1c(C([H])(C([H])([H])[H])C([H])([H])[H])c([H])c4[H])n1n->2c(C([H])(C([H])([H])[H])C([H])([H])[H])c([H])c1[H])c([H])c([H])c3C([H])(C([H])([H])[H])C([H])([H])[H]
BIZTIN,0,ok,0.0379,44,1,,[La+3]1234567(<-O(C(C(O->1C(C(O->2C(C(O->3C(C(O->4[H])([H])[H])([H])[H])([H])[H])([H])[H])([H])[H])([H])[H])([H])[H])([H])[H])[H])(O[N+](=O)O5)(O[N+](=O)O6)O[N+](=O)O7
BOBKOU,0,ok,0.2349,85,1,,[H][Ir+3]12([H])(<-C3(c4c([H])c([H])c([H])c([H])c4[H])=C->1(c1c([H])c([H])c([H])c([H])c1[H])C2(c1c([H])c([H])c([H])c([H])c1[H])C(O[H])=C3c1c([H])c([H])c([H])c([H])c1[H])<-P(C([H])([H])[H])(C(C([H])([H])[H])(C([H])([H])[H])C([H])([H])[H])C(C([H])([H])[H])(C([H])([H])[H])C([H])([H])[H]
BOCLOU,0,ok,0.0567,64,1,,[Re+5](Cl)(#N)(<-P(c1c([H])c([H])c([H])c([H])c1[H])(C([H])([H])[H])C([H])([H])[H])(<-P(c1c([H])c([H])c([H])c([H])c1[H])(C([H])([H])[H])C([H])([H])[H])<-P(c1c([H])c([H])c([H])c([H])c1[H])(C([H])([H])[H])C([H])([H])[H].[Cl-]
BODGAC,0,ok,0.0292,37,1,,[Ni]12(<-N(O[H])=C(N([H])[H])C(=O)C(=N->1O[H])N([H])[H])<-N([O-])=C(N([H])[H])C(C(N->2=O)=[N+]([H])[H])=O.O([H])[H].O([H])[H]
BOFDOR,0,ok,0.0645,63,1,,[Cu+]12(I)<-n3c(C(P->1(c1c([H])c([H])c([H])c([H])c1[H])c1c([H])c([H])c([H])c([H])c1[H])([H])[H])c([H])c([H])c([H])c3C(P->2(c1c([H])c([H])c([H])c([H])c1[H])c1c([H])c([H])c([H])c([H])c1[H])([H])[H]
BOFVAU,0,ok,0.0823,45,1,,c1([H])c(Cl)c([H])c2c([H])c([H])c(Cl)c3C(O[Zn+2]45(<-C(c6c(Cl)c([H])c([H])c7c([H])c(Cl)c([H])nc67)(O4)=O->5)(<-n1c32)(<-O([H])[H])<-O([H])[H])=O
BOHDIM,0,ok,0.0447,51,1,,I[Ag+3]=C1N(c2c(C([H])([H])[H])c([H])c([H])c([H])c2C([H])([H])[H])C([H])([H])C([H])([H])C([H])([H])C([H])([H])N1c1c(C([H])([H])[H])c([H])c([H])c([H])c1C([H])([H])[H]
BOJFUB,1,ok,0.0526,71,1,,[Ag+]12345(<-O6C([H])([H])C([H])([H])O->1C([H])([H])C([H])([H])O->2C([H])([H])C([H])([H])O->3C([H])([H])C([H])([H])O->4C([H])([H])C6([H])[H])<-O1C([H])([H])C([H])([H])O->5C([H])([H])C([H])([H])OC([H])([H])C([H])([H])OC([H])([H])C([H])([H])OC([H])([H])C1([H])[H]
BOJLUI,0,ok,0.0782,71,1,,[Fe+2]12(<-N#CC(=C=[N-])C#N)(<-n3c(-c4n(N([H])[H])c(-c5nc([H])c([H])c([H])c5[H])nn->14)c([H])c([H])c([H])c3[H])(<-N#CC(=C=[N-])C#N)<-n1c(-c3n(N([H])[H])c(-c4nc([H])c([H])c([H])c4[H])nn->23)c([H])c([H])c([H])c1[H]
BOKQAT,0,ok,0.0650,60,1,,[Re+3]1(<-P(C([H])([H])C(P(=O)(C([H])([H])[H])C([H])([H])[H])([H])[H])(C([H])([H])[H])C([H])([H])[H])(=O)<-n2n([B-](n3n->1c([H])c([H])c3[H])(n1nc([H])c([H])c1[H])n1nc([H])c([H])c1[H])c([H])c([H])c2[H]
BOKYAC,0,ok,0.1202,51,1,,[Cd+2]123(<-n4c([H])n([H])c(C(O[H])=O)c4C(O1)=O)(<-n1c([H])n([H])c(C(O[H])=O)c1C(O2)=O)O[n+]1c([H])c([H])c([H])c([H])c1-c1c([H])c([H])c([H])c([H])[n+]1O3
BOLMUK,0,ok,0.0287,23,1,,[Cr]1234(<-C5([H])=C->1([H])C->2([H])=C->3([H])C->45=C1SC([H])=C([H])S1)(<-[C-]#[O+])(<-[C-]#[O+])<-[C-]#[O+]
BOLYAE,1,ok,0.0638,60,1,,[Zn+2]12(<-N(C([H])([H])C([H])([H])[H])(C([H])([H])C([H])([H])[H])C(C(N(C(n3n->1c(C([H])([H])[H])c([H])c3C([H])([H])[H])([H])[H])C(n1c(C([H])([H])[H])c([H])c(C([H])([H])[H])n->21)([H])[H])([H])[H])([H])[H])=N[N+]#N
BOMWEG,-1,ok,0.0532,39,1,,[Nb+]1234(<-n5c([H])c([H])c([H])c6c([H])c([H])c([H])c(O1)c56)(<-n1c([H])c([H])c([H])c5c([H])c([H])c([H])c(O2)c15)(<-O=O->3)<-O=O->4
BOPNAW,0,ok,0.0743,75,1,,[Zr+4]1(F)(<-n2c(C(N1c1c(F)c(F)c(F)c(F)c1F)([H])[H])c([H])c([H])c([H])c2C([H])([H])[H])(N(c1c(F)c(F)c(F)c(F)c1N(C([H])([H])[H])C([H])([H])[H])C([H])([H])c1nc(C([H])([H])[H])c([H])c([H])c1[H])N(C([H])([H])[H])C([H])([H])[H]
BOQRIL,0,ok,0.0803,75,1,,[W+4](OC(C(F)(F)F)(C(F)(F)F)C(F)(F)F)(OC(C(F)(F)F)(C(F)(F)F)C(F)(F)F)(N=c1n(C(C([H])([H])[H])(C([H])([H])[H])C([H])([H])[H])c([H])c([H])n1C(C([H])([H])[H])(C([H])([H])[H])C([H])([H])[H])Cc1c([H])c([H])c([H])c([H])c1[H]
BORBAL,1,ok,0.0845,33,1,,[Mo+2]1234(<-C5([H])=C->1([H])C->2([H])=C->3([H])C45[H])(<-[C-]#[O+])(<-C(C([H])([H])[H])#CC([H])([H])[H])<-C(C([H])([H])[H])#CC([H])([H])[H]
BOSNOP,0,ok,0.1186,52,1,,[Fe+4]12345(<-C6([H])=C->1([H])C->2([H])=C->3([H])C46[H])(<-[C-]#[O+])=C(N(C([H])([H])[H])c1c(C([H])([H])[H])c([H])c([H])c([H])c1C([H])([H])[H])C([H])=C(c1c([H])c([H])c([H])c([H])c1[H])C5=O
BOTKUT,0,ok,0.0425,48,1,,C([H])([H])([H])C1(c2[c-](->[Rh+]345(<-C6([H])=C->3([H])C3([H])C([H])([H])C6([H])C->4([H])=C->53[H])O1)n(C([H])([H])C([H])([H])C([H])([H])C([H])([H])[H])n[n+]2C([H])([H])[H])C([H])([H])[H]
BOVJEB,0,ok,0.0380,40,1,,[Hg+2]1(Cl)<-O2C(C(=O)OC(c3c([H])c([H])c([N+]([O-])=O)c([H])c3[H])([H])[H])([H])N3C([H])(C([H])([H])C2(C1([H])[H])[H])C([H])([H])C3=O
BOWSEM,1,ok,0.0881,75,1,,[c-]1(->[Rh+]234(<-C5([H])=C->2([H])C([H])([H])C([H])([H])C->3([H])=C->4([H])C([H])([H])C5([H])[H])<-[c-]2[n+](-c3c([H])c([H])c([H])c([H])c3[H])nn(-c3c([H])c([H])c([H])c([H])c3[H])n2)n(-c2c([H])c([H])c([H])c([H])c2[H])n[n+](-c2c([H])c([H])c([H])c([H])c2[H])n1
BOYBUM,0,ok,0.0540,40,1,,[Co+3](I)(N=O)(N=O)<-P(c1c([H])c([H])c([H])c([H])c1[H])(c1c([H])c([H])c([H])c([H])c1[H])c1c([H])c([H])c([H])c([H])c1[H]
BOZPOX,0,ok,0.0609,57,1,,[Ni+2](OC(=O)C(C([H])([H])C(=O)O[H])([H])[H])(<-n1c(C(O[H])([H])[H])c([H])c([H])c([H])c1[H])(OC(=O)C(C([H])([H])C(=O)O[H])([H])[H])<-n1c(C(O[H])([H])[H])c([H])c([H])c([H])c1[H]
BUBFUB,0,ok,0.0525,47,1,,[Zn+2]12(Cl)(Cl)<-O(c3c4n->1c(C(=N->2c1c(O[H])c([H])c([H])c([H])c1[H])[H])c([H])c([H])c4c([H])c([H])c3[H])C([H])([H])C(=O)OC([H])([H])C([H])([H])[H]
BUBSIC,0,ok,0.0912,80,1,,[Ir+3]12(Cl)(<-P(c3c([H])c([H])c([H])c([H])c3[H])(c3c([H])c([H])c([H])c([H])c3[H])c3c([H])c([H])c([H])c([H])c3[H])(<-n3c([H])c([N+]([O-])=O)c([H])c([H])c3-c3c(F)c([H])c(F)c([H])c31)<-n1c([H])c([N+]([O-])=O)c([H])c([H])c1-c1c(F)c([H])c(F)c([H])c12
BUCMOB,1,ok,0.0489,56,1,,[Ni+2]123<-N(=C(c4c(O1)c([H])c([H])c([H])c4[H])[H])C(C(N->2(C(C(Oc1c([H])c([H])c([H])c([H])c1C(=N->3C(C(N1C([H])([H])C1([H])[H])([H])[H])([H])[H])[H])([H])[H])([H])[H])[H])([H])[H])([H])[H]
BUCVOL,0,ok,0.0438,47,1,,[Ni+2](<-n1c([H])nc([H])c([H])c1[H])(<-n1c([H])nc([H])c([H])c1[H])(<-N#C[S-])<-N#C[S-].n1c([H])nc([H])c([H])c1[H].n1c([H])nc([H])c([H])c1[H]
BUFJUJ,0,ok,0.0467,60,1,,C1([H])(c2c([H])c([H])c([H])c([H])c2[H])C([H])(C([H])([H])[H])N(C([H])([H])[H])C([H])([H])C2(C([H])(C([H])(C([H])([H])[H])C([H])([H])[H])C([H])([H])C([H])([H])C([H])(C([H])([H])[H])C2([H])[H])O[Mo+6](=O)(=O)O1
BUHIPI,0,ok,0.0534,74,1,,C(C([H])([H])[H])(C([H])([H])[H])([H])P(C(C([H])([H])[H])(C([H])([H])[H])[H])(C(C([H])([H])[H])(C([H])([H])[H])[H])->[Ir+]123(<-C(=C->1(C->2(=C->3([H])[H])[H])[H])([H])[H])([H])<-P(C(C([H])([H])[H])(C([H])([H])[H])[H])(C(C([H])([H])[H])(C([H])([H])[H])[H])C(C([H])([H])[H])(C([H])([H])[H])[H]
BUJLOI,0,ok,0.0561,50,1,,[Pd+2]1(Cl)(Cl)<-n2n(C(n3n->1c(C([H])([H])[H])c([H])c3C([H])([H])[H])(C(=O)OC(c1c([H])c([H])c([H])c([H])c1[H])([H])[H])[H])c(C([H])([H])[H])c([H])c2C([H])([H])[H]
BUKCER,0,ok,0.0494,45,1,,c1([Pd+2]c2c([H])c(F)c([H])c([H])c2C([H])([H])N(C([H])([H])[H])C([H])([H])[H])c([H])c(F)c([H])c([H])c1C([H])([H])N(C([H])([H])[H])C([H])([H])[H]
BUKYEN,0,ok,0.0278,27,1,,c1([H])c([H])n(->[Hg+2](Br)Br)c([H])c(C(N(c2c([H])c([H])c(Cl)c([H])c2[H])[H])=O)n1
BULVOU,0,ok,0.2825,45,1,,[Pt+2]12(<-n3c(C([H])([H])[H])c([H])c([H])c([H])c3-c3n1nc(C(F)(F)F)n3)<-n1c(C([H])([H])[H])c([H])c([H])c([H])c1-c1n2nc(C(F)(F)F)n1
BUNLUS,0,ok,0.0888,53,1,,[Mn+3]123(Cl)(Cl)<-n4c(C(N1C(C(N->2(C(c1c([H])c([H])c([N+](=O)[O-])c([H])c1[H])([H])[H])C([H])([H])c1n->3c([H])c([H])c([H])c1[H])([H])[H])([H])[H])([H])[H])c([H])c([H])c([H])c4[H]
BUPMAC,0,ok,0.0916,73,1,,[Ir+3]123(<-N4=C(c5c1c(C1=N->2C(C([H])([H])[H])(C([H])([H])[H])C([H])([H])O1)c(C([H])([H])[H])c([H])c5C([H])([H])[H])OC([H])([H])C4(C([H])([H])[H])C([H])([H])[H])(OC(=O->3)C([H])([H])[H])C([H])([H])c1c([H])c(C([H])([H])[H])c([H])c(C([H])([H])[H])c1[H]
BURCAS,0,ok,0.0943,53,1,,[Ni+2]123<-N4=C5C([H])=C([H])C([H])=C([H])C([H])=C5N1C([H])([H])C([H])([H])C([H])([H])C([H])([H])N2C1=C([H])C([H])=C([H])C([H])=C([H])C1=N->3C([H])([H])C([H])([H])C([H])([H])C4([H])[H]
BUSHEC,0,ok,0.0572,58,1,,[Pd+2]1234(Cl)(<-P(C(C([H])([H])[H])(C([H])([H])[H])[H])(C(C([H])([H])[H])(C([H])([H])[H])[H])C(C([H])([H])[H])(C([H])([H])[H])[H])C5(C([H])([H])[H])C->1(C([H])([H])[H])=C->2(C([H])([H])[H])C->3(C([H])([H])[H])=C->45C([H])([H])[H]
BUTMIM,0,ok,0.2920,29,1,,[Fe+2]1234(P5(C([H])([H])[H])=NP(Cl)(Cl)=NP(Cl)(Cl)=N5)(<-[C-]#[O+])(<-[C-]#[O+])<-C5([H])=C->1([H])C->2([H])=C->3([H])C45[H]
BUVCEB,0,ok,0.0311,38,1,,[Au+3](Cl)=C(N([H])c1c(C([H])([H])[H])c([H])c([H])c([H])c1C([H])([H])[H])N1C([H])([H])C([H])([H])C([H])([H])C([H])([H])C1([H])[H]
BUXFIK,0,ok,0.0498,57,1,,C([H])([H])([H])C(C([H])([H])[H])=N1N(C(N(c2c([H])c([H])c([H])c([H])c2[H])[H])=O->[Cd+2]<-12(Cl)(<-N(=C(C([H])([H])[H])C([H])([H])[H])N(C(N(c1c([H])c([H])c([H])c([H])c1[H])[H])=O->2)[H])Cl)[H]
BUYWEZ,0,ok,0.0405,38,1,,[Cd+2]12(I)(I)<-N(=C([H])c3c([H])c([H])c([H])c4c([H])c([H])c([H])n->1c34)N([H])C(=O->2)c1c([H])c([H])c(O[H])c([H])c1[H]
BZPENI,0,ok,0.0544,69,1,,[Ni]1(<-P(C(C([H])([H])[H])([H])[H])(C(C([H])([H])[H])([H])[H])C(C([H])([H])[H])([H])[H])(<-P(C(C([H])([H])[H])([H])[H])(C(C([H])([H])[H])([H])[H])C(C([H])([H])[H])([H])[H])<-O=C->1(c1c([H])c([H])c([H])c([H])c1[H])c1c([H])c([H])c([H])c([H])c1[H]
CACDIT,0,ok,0.0573,41,1,,[Pt+2]1(C([H])([H])[H])(<-n2c([H])c([H])c([H])c([H])c2[H])c2n(C(n3n->1c([H])c([H])c3[H])(n1nc([H])c([H])c1[H])[H])nc([H])c2[H]
CAFHOI,1,ok,0.0733,50,1,,[Ru+2]12(Cl)(<-n3c([H])c([H])c([H])c([H])c3N=N->1c1c([H])c([H])c([H])c([H])c1[H])(<-n1c([H])c([H])c([H])c([H])c1N=N->2c1c([H])c([H])c([H])c([H])c1[H])<-[C-]#[O+]
CAGQEG,0,ok,0.3293,66,1,,[b-]1(N(C(C([H])([H])[H])(C([H])([H])[H])[H])C(C([H])([H])[H])(C([H])([H])[H])[H])c2c([H])c([H])c([H])c([H])c2c2(->[Zr+4]34567(Cl)(Cl)(<-c2([H])c->31[H])<-C1(C([H])([H])[H])=C->4(C([H])([H])[H])C5(C([H])([H])[H])C->6(C([H])([H])[H])=C->71C([H])([H])[H])[H]
CAHJUT,0,ok,0.0458,60,1,,[Au+3](Cl)=C(N([H])C1([H])C([H])([H])C([H])([H])C([H])([H])C([H])([H])C([H])([H])C([H])([H])C([H])([H])C([H])([H])C([H])([H])C([H])([H])C1([H])[H])N([H])N([H])C(=O)OC(C([H])([H])[H])(C([H])([H])[H])C([H])([H])[H]
CAHZOD,0,ok,0.0414,31,1,,[C-](->[Mn+]1(<-[C-]#[O+])(<-[C-]#[O+])(<-[C-]#[O+])c2c(=O)oc(C([H])([H])[H])c([H])c2-c2c([H])c([H])c([H])c([H])n->12)#[O+]
CAJSOV,0,ok,0.1595,50,1,,[Mo+2]12345678(<-C9([H])=C->1([H])C->2([H])=C->3([H])C49[H])(<-C(=C->5(C->61=C->7([H])C8(C(C([H])([H])[H])(C([H])([H])[H])C([H])([H])[H])C(=O)O1)[H])(C(C([H])([H])[H])(C([H])([H])[H])C([H])([H])[H])[H])<-[C-]#[O+]
CAKSUC,1,ok,0.2076,34,1,,[Fe+2]1234(<-[C-]#[O+])(<-[C-]#[O+])C5([H])C->1([H])=C->2([H])C->3([H])=C->45[H].[S+2]1#C[P-]23(=C1[H])OC([H])([H])C(=[C-]C([H])([H])O2)C([H])([H])O3
CAMCIF,1,ok,0.0615,36,1,,[Pd+2]12(Cl)<-S(C(c3n->1c([H])c([H])c([H])c3[H])([H])[H])C([H])([H])C(SC(c1n->2c([H])c([H])c([H])c1[H])([H])[H])([H])[H]
CAMTEP,0,ok,0.0911,75,1,,[Os+4](<-P(c1c([H])c([H])c([H])c([H])c1[H])(c1c([H])c([H])c([H])c([H])c1[H])c1c([H])c([H])c([H])c([H])c1[H])(<-P(c1c([H])c([H])c([H])c([H])c1[H])(c1c([H])c([H])c([H])c([H])c1[H])c1c([H])c([H])c([H])c([H])c1[H])(Cl)(N=O)=C([H])[H]
CANWIY,0,ok,0.0973,54,1,,[Ti+4]1234(Cl)(Cl)(Cl)<-C5(C6(O[Si](C([H])([H])[H])(C([H])([H])[H])C([H])([H])[H])c7c(c([H])c([H])c([H])c7[H])-c7c([H])c([H])c([H])c([H])c76)=C->1(C([H])([H])[H])C2([H])C->3([H])=C->45C([H])([H])[H]
CAPHUW,0,ok,0.0465,28,1,,[Pd+2]12(Cl)Oc3c(N->1=Nc1n->2c([H])c([H])c([H])c1[H])c([H])c([H])c([H])c3C([H])([H])[H]
CAQBUR,0,ok,0.0345,31,1,,[Ni+2]12(<-S=c3n(O1)c(C([H])([H])[H])c([H])c([H])c3[H])<-S=c1n(O2)c(C([H])([H])[H])c([H])c([H])c1[H]
CAQZUQ,0,ok,0.0320,33,1,,[Ru+4]1(Cl)(Cl)(<-S(=O)(C([H])([H])[H])C([H])([H])[H])(=S(=O)(C([H])([H])[H])C([H])([H])[H])<-O=C(N([H])[H])N([H])N->1([H])[H]
CASWIC,0,ok,0.0417,42,1,,[Ni]12(<-n3c([H])c([H])c([H])c([H])c3[H])<-N(=NC(=N->1[H])SC([H])([H])[H])C(=C(C(=O->2)c1c([H])c([H])c([H])c([H])c1[H])[H])C([H])([H])[H]
CATKUD,0,ok,0.0565,61,1,,[Cd+2]12345(<-O6C([H])([H])C([H])([H])O->1c1c(c([H])c([H])c([H])c1[H])C([H])([H])N->2([H])C([H])([H])C([H])([H])N->3([H])C([H])([H])C([H])([H])N->4([H])C([H])([H])c1c6c([H])c([H])c([H])c1[H])(O[N+]([O-])=O)O[N+](=O)O5
CAVMEU,0,ok,0.1047,77,1,,[Ru+4]1(<-O(c2c([H])c([H])c([H])c([H])c2C=1[H])C(C([H])([H])[H])([H])C([H])([H])[H])(<-C1N(c2c(C([H])([H])[H])c([H])c(C([H])([H])[H])c([H])c2C([H])([H])[H])C([H])([H])C([H])([H])N1C(c1c(N(C([H])([H])[H])C([H])([H])[H])c([H])c([H])c([H])c1[H])([H])[H])(Cl)Cl
CAWSAU,0,ok,0.0747,64,1,,[Mo+4]12(<-[C-]#[O+])(<-[C-]#[O+])(#CSc3c([H])c([H])c([N+](=O)[O-])c([H])c3[H])<-n3n([B-](n4n->1c(C([H])([H])[H])c([H])c4C([H])([H])[H])(n1n->2c(C([H])([H])[H])c([H])c1C([H])([H])[H])[H])c(C([H])([H])[H])c([H])c3C([H])([H])[H]
CAYMEU,0,ok,0.0771,61,1,,[Cr]1(<-[As](C([As+](C1([H])[H])(c1c([H])c([H])c([H])c([H])c1[H])c1c([H])c([H])c([H])c([H])c1[H])([H])[H])(c1c([H])c([H])c([H])c([H])c1[H])c1c([H])c([H])c([H])c([H])c1[H])(<-[C-]#[O+])(<-[C-]#[O+])(<-[C-]#[O+])<-[C-]#[O+]
CAZHIU,0,ok,0.0999,81,1,,[Pt]1(<-P(c2c([H])c([H])c([H])c([H])c2[H])(c2c([H])c([H])c([H])c([H])c2[H])c2c([H])c([H])c([H])c([H])c2[H])(<-P(c2c([H])c([H])c([H])c([H])c2[H])(c2c([H])c([H])c([H])c([H])c2[H])c2c([H])c([H])c([H])c([H])c2[H])<-C2([H])=C->1(C(=C=C=O)[H])[O+]=C=C2[O-]
CBYPRH,0,ok,0.0326,36,1,,Cl[Rh+]123456<-C(C(C([H])([H])P->1(C(C(C->2(=C->3([H])[H])[H])([H])[H])([H])[H])C(C(C->4(=C->5([H])[H])[H])([H])[H])([H])[H])([H])[H])(=C->6([H])[H])[H]
CEBZEP,0,ok,0.0739,74,1,,[Mo+4]1(<-O=C(O1)C(C([H])([H])[H])(C([H])([H])[H])C([H])([H])[H])(OC(=O)C(C([H])([H])[H])(C([H])([H])[H])C([H])([H])[H])(<-P(C([H])([H])[H])(C([H])([H])[H])C([H])([H])[H])(<-P(C([H])([H])[H])(C([H])([H])[H])C([H])([H])[H])(<-P(C([H])([H])[H])(C([H])([H])[H])C([H])([H])[H])([H])[H]
CEDCUM,0,ok,0.3692,35,1,,C1([H])=C([H])C([H])=C([H])C2=C3(C(C([H])([H])[H])(C([H])([H])[H])C([H])([H])[H])->[Re+]45(C12C->4([H])=C->53[H])(<-[C-]#[O+])(<-[C-]#[O+])<-[C-]#[O+]
CEFROU,0,ok,0.0803,37,1,,[V+3]123(<-O=O->1)(=O)(OC(=O)c1n->2c([H])c([H])c([H])c1[H])<-n1c([H])c([H])c([H])c([H])c1-c1n->3c([H])c([H])c([H])c1[H]
CEGQAG,0,ok,0.0484,57,1,,[Ni+4]123(<-P(C([H])([H])C(P->1(C([H])([H])[H])C([H])([H])[H])([H])[H])(C([H])([H])[H])C([H])([H])[H])([Si]([H])([H])c1c([H])c([H])c([H])c([H])c1[Si]2([H])[H])[Si]([H])([H])c1c([H])c([H])c([H])c([H])c1[Si]3([H])[H]
CEGVIU,0,ok,0.2914,84,1,,[C-](#[O+])->[Mo+4]1234(<-[C-]#[O+])(<-C5(C([H])([H])[H])=C->1(C([H])([H])[H])C->2(C([H])([H])[H])=C->3(C([H])([H])[H])C54C([H])([H])[H])([Si](C([H])([H])[H])(C([H])([H])[H])C([H])([H])[H])=[Si](c1c(C([H])([H])[H])c([H])c(C([H])([H])[H])c([H])c1C([H])([H])[H])c1c(C([H])([H])[H])c([H])c(C([H])([H])[H])c([H])c1C([H])([H])[H]
CEHGIG,0,ok,0.1409,79,1,,[Ir+3]123(<-O=C(C([H])=C(O1)C([H])([H])[H])C([H])([H])[H])(<-n1c(-c4c2c([H])c(F)c([H])c4F)c([H])c(C(C([H])([H])[H])(C([H])([H])[H])C([H])([H])[H])c([H])c1[H])<-n1c(-c2c3c([H])c(F)c([H])c2F)c([H])c(C(C([H])([H])[H])(C([H])([H])[H])C([H])([H])[H])c([H])c1[H]
CEJCIE,0,ok,0.0749,73,1,,[Cd+2](OC(=O)c1c([H])c([H])c2n(C([H])([H])C([H])([H])[H])c3c(c2c1[H])c([H])c(C(O[H])=O)c([H])c3[H])(<-O([H])[H])(OC(=O)c1c([H])c([H])c2n(C([H])([H])C([H])([H])[H])c3c(c2c1[H])c([H])c(C(O[H])=O)c([H])c3[H])<-O([H])[H]
CEKFON,0,ok,0.0432,42,1,,[Hg+2]1(SC(=NN=C(c2c(O[H])c([H])c([H])c([H])c2[H])[H])N([H])[H])<-n2c(-c3c1c([H])c([H])c([H])c3[H])c([H])c([H])c([H])c2[H]
CEKWEX,0,ok,0.0462,45,1,,[Cd+2]1234(<-n5c(C(=[N+](O1)C([H])([H])[H])[H])c([H])c([H])c([H])c5[H])(N1C(=C([N+](=O->2)C([H])([H])[H])[H])C([H])=C([H])C([H])=C1[H])(O[N+](=O)O3)O[N+](=O)O4
CELSOC,-1,ok,0.0704,68,1,,[Re+]1(<-[C-]#[O+])(<-[C-]#[O+])(<-[C-]#[O+])Oc2c3c([H])c(C([H])([H])[H])c([H])c2C([H])([H])OC([H])([H])c2c([H])c(C([H])([H])[H])c([H])c(c2O[H])C([H])([H])OC([H])([H])c2c([H])c(C([H])([H])[H])c([H])c(c2O1)C([H])([H])OC3([H])[H]
CEMYIF,0,ok,0.0839,66,1,,C1(->[Ru+2]23456(<-c7(C([H])(C([H])([H])[H])C([H])([H])[H])c->2([H])c->3([H])c->4(C([H])([H])[H])c->5([H])c->67[H])(Cl)Cl)N(C([H])([H])c2c([H])c([H])c([H])c([H])c2[H])C([H])=C(C#C[Si](C([H])([H])[H])(C([H])([H])[H])C([H])([H])[H])N1C([H])([H])[H]
CEPHAI,0,ok,0.0743,75,1,,[Mo+4]1(=Nc2c(C([H])([H])[H])c([H])c([H])c([H])c2C([H])([H])[H])(n2c(C([H])([H])[H])c([H])c([H])c2C([H])([H])[H])(<-n2c([H])c([H])c([H])c([H])c2-c2n->1c([H])c([H])c([H])c2[H])CC(c1c([H])c([H])c([H])c([H])c1[H])(C([H])([H])[H])C([H])([H])[H]
CEPXUS,0,ok,0.0987,78,1,,[Ni+2]12(<-P(c3c(N->1=C(c1c(N2c2c(C([H])(C([H])([H])[H])C([H])([H])[H])c([H])c([H])c([H])c2C([H])(C([H])([H])[H])C([H])([H])[H])c([H])c([H])c([H])c1[H])[H])c([H])c([H])c([H])c3[H])(c1c([H])c([H])c([H])c([H])c1[H])c1c([H])c([H])c([H])c([H])c1[H])Cl
CEQFOV,1,ok,0.0311,46,1,,[Pd+4](C([H])([H])[H])(C([H])([H])[H])C([H])([H])[H].N1(C([H])([H])[H])C([H])([H])C([H])([H])N(C([H])([H])[H])C([H])([H])C([H])([H])N(C([H])([H])[H])C([H])([H])C1([H])[H]
CEQXOM,0,ok,0.1636,83,1,,[Fe+4]123(<-N#Cc4c([H])c([H])c([H])c([H])c4[H])(<-N#Cc4c([H])c([H])c([H])c([H])c4[H])n4c5c6c(c4=Nc4n1c(c1c4c([H])c([H])c([H])c1[H])N=c1n2c(c2c1c([H])c([H])c([H])c2[H])=Nc1n3c(c2c1c([H])c([H])c([H])c2[H])N=5)c([H])c([H])c([H])c6[H]
CERWIH,0,ok,0.0537,55,1,,[Pd+4]1(Cl)(Cl)=C(N(c2c(C([H])([H])[H])c([H])c([H])c([H])c2C([H])([H])[H])[H])c2c(c([H])c([H])c([H])c2[H])N([H])[C+]1N(c1c(C([H])([H])[H])c([H])c([H])c([H])c1C([H])([H])[H])[H]
CESNEU,0,ok,0.0698,41,1,,[Au+3]1(Cl)(Cl)n2c(-c3n->1c([H])c([H])c([H])c3[H])c(-c1c([H])c([H])c([H])c([H])c1[H])c([H])c2-c1c([H])c([H])c([H])c([H])c1[H]
CETFEP,0,ok,0.0290,24,1,,[Zn+2](I=O)(I)(<-n1c([H])nc([H])c(Br)c1[H])<-n1c([H])nc([H])c(Br)c1[H]
CETYOR,0,ok,0.0500,66,1,,[Ni]12(<-O=C->1(C([H])([H])[H])c1c([H])c([H])c([H])c([H])c1[H])<-P(C([H])([H])C(P->2(C([H])(C([H])([H])[H])C([H])([H])[H])C([H])(C([H])([H])[H])C([H])([H])[H])([H])[H])(C([H])(C([H])([H])[H])C([H])([H])[H])C([H])(C([H])([H])[H])C([H])([H])[H]
CEVJIX,1,ok,0.0610,53,1,,[Ru+2]123456(Cl)(<-n7c([H])c([H])n(C([H])([H])[H])c7N=N->1c1c([H])c([H])c(C([H])([H])[H])c([H])c1[H])<-c1([H])c->2(C([H])(C([H])([H])[H])C([H])([H])[H])c->3([H])c->4([H])c->5(C([H])([H])[H])c->61[H]
CEWBOX,0,ok,0.0640,65,1,,[Hg+2]12345(<-S6C([H])([H])c7c(c([H])c([H])c([H])c7[H])O->1C([H])([H])C([H])([H])O->2c1c([H])c([H])c([H])c([H])c1C([H])([H])S->3C([H])([H])C([H])([H])OC([H])([H])C([H])([H])OC([H])([H])C6([H])[H])(O[N+](=O)O4)O[N+](=O)O5
CEXCIS,1,ok,0.0514,55,1,,[Rh+3]12(Cl)(Cl)(<-[Se](C([H])([H])[H])C([H])([H])c3c([H])c([H])c([H])c([H])c3C([Se]->1C([H])([H])[H])([H])[H])<-[Se](C([H])([H])[H])C([H])([H])c1c([H])c([H])c([H])c([H])c1C([Se]->2C([H])([H])[H])([H])[H]
CEYCOY,0,ok,0.4566,37,1,,[Ti+4]123456789(<-C%10([H])=C->1([H])C2([H])C->3([H])=C->4%10[H])(<-C1([H])=C->5([H])C6([H])C->7([H])=C->81[H])C([H])([H])c1c(c([H])c([H])c([H])c1[H])C9([H])[H]
CEZLEZ,0,ok,0.1108,44,1,,C123C(C(N4C(->[Zr+2]<-1567(<-C=2([H])C->5([H])=C->6([H])[C+]->73[H])(N(C(C([H])([H])[H])([H])[H])C(C([H])([H])[H])([H])[H])(I)I)N(C([H])([H])[H])C([H])=C4[H])([H])[H])([H])[H]
CEZTUW,0,ok,0.1872,47,1,,[Hg+2]12(Cl)SP(=C(P(=S->1)(C([H])([H])[H])C([H])([H])[H])P(=S->2)(c1c([H])c([H])c([H])c([H])c1[H])c1c([H])c([H])c([H])c([H])c1[H])(C([H])([H])[H])C([H])([H])[H]
CHVICR,0,ok,0.0518,40,1,,[Cr+2](<-[C-]#[O+])(=C(C(=C([H])[H])OC([H])([H])[H])N(C1([H])C([H])([H])C([H])([H])C([H])([H])C([H])([H])C1([H])[H])[H])(<-[C-]#[O+])(<-[C-]#[O+])(<-[C-]#[O+])<-[C-]#[O+]
CICCIB,0,ok,0.1022,70,1,,[Rh+3]1(<-[C-]#[O+])(I)(I)(<-P(c2c([H])c([H])c([H])c([H])c2[H])(c2c([H])c([H])c([H])c([H])c2[H])c2c([H])c([H])c([H])c([H])c2[H])<-N(=NN1c1c([H])c([H])c(C([H])([H])[H])c([H])c1[H])c1c([H])c([H])c(C([H])([H])[H])c([H])c1[H]
CIDLIM,0,ok,0.0279,27,1,,c1([H])c([H])n(->[Hg+2](I)I)c([H])c(C(N(c2c(I)c([H])c([H])c([H])c2[H])[H])=O)n1
CIFBEZ,0,ok,0.0929,69,1,,[Hg+2].[Si](c1c(C([H])([H])[H])c(C([H])([H])[H])c(C([H])([H])[H])[c-]1C([H])([H])[H])(C([H])([H])[H])(C([H])([H])[H])C([H])([H])[H].[Si](c1c(C([H])([H])[H])[c-](C([H])([H])[H])c(C([H])([H])[H])c1C([H])([H])[H])(C([H])([H])[H])(C([H])([H])[H])C([H])([H])[H]
CIFTOB,0,ok,0.0294,29,1,,[Au+3](Cl)(<-[c-]1[n+](C([H])([H])[H])n(C([H])([H])[H])c(-c2c([H])c([H])c([H])c([H])c2[H])c1[H])(Cl)Cl
CIGXAT,0,ok,0.0460,50,1,,[Nb+5](Cl)(Cl)(Cl)(Cl)(N(C([H])([H])[H])C(=P(N(C([H])([H])[H])C([H])([H])[H])(N(C([H])([H])[H])C([H])([H])[H])N(C([H])([H])[H])C([H])([H])[H])[H])<-N([H])(C([H])([H])[H])C([H])([H])[H]
CIHYUN,0,ok,0.0449,45,1,,[V+5]12(OC([H])([H])[H])(=O)<-N(=C([H])c3c(c(OC([H])([H])[H])c([H])c([H])c3[H])O1)N=C(c1c([H])c([H])c([H])c([H])c1[H])O2.O(C([H])([H])[H])[H]
CIJPIV,0,ok,0.0623,70,1,,[Hg+2]12(C([H])([H])[H])<-S=c3n([B-]([H]->1)(n1c(=S)n(C(C([H])([H])[H])(C([H])([H])[H])C([H])([H])[H])c([H])c1[H])n1c(=S->2)n(C(C([H])([H])[H])(C([H])([H])[H])C([H])([H])[H])c([H])c1[H])c([H])c([H])n3C(C([H])([H])[H])(C([H])([H])[H])C([H])([H])[H]
CIKGUB,0,ok,0.1187,65,1,,[Ni+2]12(<-P(c3c([H])c([H])c([H])c([H])c3[H])(c3c([H])c([H])c([H])c([H])c3[H])c3c([H])c([H])c([H])c([H])c3[H])<-N([H])(c3c(c([H])c(C([H])([H])[H])c([H])c3[H])S1)c1c([H])c([H])c(C([H])([H])[H])c([H])c1S2
CIMGAG,0,ok,0.1097,64,1,,[Ni+2]123<-N(=NC(C([H])([H])[H])(C([H])([H])[H])N->1=NC(c1c([H])c([H])c([H])c([H])c1[H])=C(c1c([H])c([H])c([H])c([H])c1[H])O2)C(c1c([H])c([H])c([H])c([H])c1[H])=C(c1c([H])c([H])c([H])c([H])c1[H])O3
CIMZOP,0,ok,0.1419,79,1,,[Ru+2]1(<-P(c2c([H])c([H])c([H])c([H])c2[H])(c2c([H])c([H])c([H])c([H])c2[H])c2c([H])c([H])c([H])c([H])c2[H])(<-P(c2c([H])c([H])c([H])c([H])c2[H])(c2c([H])c([H])c([H])c([H])c2[H])c2c([H])c([H])c([H])c([H])c2[H])(O[N+]([O-])=O)(<-[C-]#[O+])O[N+](=O)O1
CIPDIO,0,ok,0.2337,59,1,,[W+4]123456(Cl)(Cl)(<-P(C([H])([H])[H])(C([H])([H])[H])C([H])([H])[H])(<-C7(C(C([H])([H])[H])(C([H])([H])[H])C([H])([H])[H])=C->1(C([H])([H])[H])C27C(C([H])([H])[H])(C([H])([H])[H])C([H])([H])[H])<-C1([H])=C->3([H])C4([H])C->5([H])=C->61[H]
CIRNEX,0,ok,0.0682,66,1,,[Ir+3]12(<-P(c3c([H])c([H])c([H])c([H])c3[H])(c3c([H])c([H])c([H])c([H])c3[H])c3c([H])c([H])c([H])c([H])c3[H])(<-n3c([H])c([H])c([H])n3C(S([O-])(=O)=O)(n3n->1c([H])c([H])c3[H])n1n->2c([H])c([H])c1[H])([H])[H]
CISJOF,0,ok,0.0723,55,1,,[Ni+2]123<-N(=C([H])c4c(c([H])c([H])c(N=Nc5c([H])c([H])c(C([H])([H])[H])c([H])c5[H])c4[H])O1)C([H])([H])C([H])([H])N->2=C1C([H])([H])C([H])([H])C([H])([H])C1=C(SC([H])([H])[H])S3
CITFIV,0,ok,0.0745,74,1,,Br[Cu+]12(<-P(c3c([H])c([H])c([H])c([H])c3[H])(c3c([H])c([H])c([H])c([H])c3[H])c3c([H])c([H])c([H])c([H])c3C(=O->1)[H])<-P(c1c([H])c([H])c([H])c([H])c1[H])(c1c([H])c([H])c([H])c([H])c1[H])c1c([H])c([H])c([H])c([H])c1C(=O->2)[H]
CIVMEA,0,ok,0.1570,68,1,,[Ni+4]1234(=C(C(=C(C#N)C#N)[H])c5c([H])c([H])c(C(C#N)=C=[N-])c([H])c5[H])(<-C5([H])=C->1([H])C2([H])C->3([H])=C->45[H])<-P(c1c([H])c([H])c([H])c([H])c1[H])(c1c([H])c([H])c([H])c([H])c1[H])c1c([H])c([H])c([H])c([H])c1[H]
CIWDOC,0,ok,0.1049,41,1,,[Zn+2]1234(<-O=C->1(O2)c1c([H])c([H])c([H])c([H])c1C(O[H])=O)(<-O([H])[H])(OC->3(=O->4)c1c([H])c([H])c([H])c([H])c1C(O[H])=O)<-O([H])[H]
CIWTIM,0,ok,0.1387,62,1,,[Ir+3]123(<-N(=Nc4n1c([H])c([H])c4[H])c1c([H])c([H])c([H])c([H])c1[H])(<-n1c([H])c([H])c([H])c([H])c1-c1c([H])c([H])c([H])c([H])c12)<-n1c(-c2c3c([H])c([H])c([H])c2[H])c([H])c([H])c([H])c1[H]
CIXZIV,0,ok,0.0669,57,1,,[Zn+2]123(<-O=C(O1)C([H])([H])[H])(OC(=O)C([H])([H])[H])<-n1c(-c4n->2c([H])c([H])c([H])c4[H])c([H])c(-c2c(C([H])([H])[H])c([H])c([H])c([H])c2[H])c([H])c1-c1n->3c([H])c([H])c([H])c1[H]
CIYQOT,0,ok,0.1281,64,1,,Br[Ni+2]1234(<-C5N(C([H])([H])c6c([H])c(=O)oc7c8c([H])c([H])c([H])c([H])c8c([H])c([H])c67)C([H])=C([H])N5c5c(C([H])([H])[H])c([H])c(C([H])([H])[H])c([H])c5C([H])([H])[H])<-C5([H])=C->1([H])C2([H])C->3([H])=C->45[H]
CIZWAK,0,ok,0.0369,53,1,,[Fe]123(<-P(C([H])([H])[H])(C([H])([H])[H])C([H])([H])C(P->1(C([H])([H])[H])C([H])([H])[H])([H])[H])(<-N([H])=N->2[H])<-P(C([H])([H])[H])(C([H])([H])[H])C([H])([H])C(P->3(C([H])([H])[H])C([H])([H])[H])([H])[H]
COBBAY,0,ok,0.0626,74,1,,[W+6](OC(C(F)(F)F)(C(F)(F)F)C(F)(F)F)(OC(C(F)(F)F)(C(F)(F)F)C(F)(F)F)(=Nc1c(C([H])(C([H])([H])[H])C([H])([H])[H])c([H])c([H])c([H])c1C([H])(C([H])([H])[H])C([H])([H])[H])=C([H])C(C([H])([H])[H])(C([H])([H])[H])C([H])([H])[H]
COBWOH,0,ok,0.0679,73,1,,[Cd+2](<-n1n([H])c(C([H])([H])[H])c([H])c1C([H])([H])[H])(<-n1n([H])c(C([H])([H])[H])c([H])c1C([H])([H])[H])(OC(=O)C([H])([H])c1c([H])n([H])c2c1c([H])c([H])c([H])c2[H])OC(=O)C([H])([H])c1c([H])n([H])c2c1c([H])c([H])c([H])c2[H]
COCTOD,0,ok,0.3275,52,1,,[Mn+]1234567(<-C(=O)=C->1(C->2(=C->3(c1c([H])c([H])c([H])c([H])c1[H])[H])c1c([H])c([H])c([H])c([H])c1[H])c1c([H])c([H])c([H])c([H])c1[H])(<-[C-]#[O+])<-C1([H])=C->4([H])C5([H])C->6([H])=C->71[H]
CODTOH,0,ok,0.0594,48,1,,[Pd+2]12(<-[Se](c3c([H])c([H])c([H])c([H])c3N->1=Nc1c([H])c([H])c([H])c([H])c12)c1c([H])c([H])c([H])c([H])c1N=Nc1c([H])c([H])c([H])c([H])c1[H])Cl
COFDOR,1,ok,0.0779,64,1,,[c-]12->[Rh+3](<-[c-]3c([H])[n+](C([H])([H])C([H])([H])C([H])([H])C([H])([H])[H])c(C([H])([H])[H])n3C([H])([H])[n+]1c(C([H])([H])[H])n(C([H])([H])C([H])([H])C([H])([H])C([H])([H])[H])c2[H])(I)(I)(<-N#CC([H])([H])[H])<-N#CC([H])([H])[H]
COFPEV,0,ok,0.0308,40,1,,[Cd+2]12345(<-O([H])C([H])([H])C(O->1C([H])([H])C(O->2C([H])([H])C(O->3C([H])([H])C(O->4[H])([H])[H])([H])[H])([H])[H])([H])[H])(O[N+]([O-])=O)O[N+](=O)O5
COFVIC,0,ok,0.0596,65,1,,[Ni]12(<-P(c3c([H])c([H])c([H])c([H])c3[H])(c3c([H])c([H])c([H])c([H])c3[H])c3c([H])c([H])c([H])c([H])c3[H])(<-P(C(C(P->1(C([H])([H])[H])C([H])([H])[H])([H])[H])([H])[H])(C([H])([H])[H])C([H])([H])[H])<-C(=C->2([H])[H])([H])[H]
COHJIT,0,ok,0.0616,59,1,,[Pt+2]12(Oc3c([H])c([H])c([N+](=O)[O-])c4c([H])c([H])c([H])n->1c43)<-n1c([H])c([H])c([H])c(OC([H])([H])C([H])([H])C([H])([H])C([H])([H])C([H])([H])C([H])([H])[H])c1-c1c([H])c([H])c([H])c([H])c12
COJCIQ,0,ok,0.0590,46,1,,[Hg+2]1(Cl)<-O=P(c2c([H])c([H])c([H])c([H])c2[H])(c2c([H])c([H])c([H])c([H])c2[H])c2c3c1c([H])c([H])c1c3c(c([H])c2[H])C([H])([H])C1([H])[H]
COJSEZ,0,ok,0.1082,59,1,,[Co+3]12345(<-P(c6c([H])c([H])c([H])c([H])c6[H])(c6c([H])c([H])c([H])c([H])c6[H])c6c([H])c([H])c([H])c([H])c6[H])(C6(C(=O)OC([H])([H])[H])C->1([H])=C->2([H])C->3([H])=C->46[H])C([H])=C([H])C([H])=C5[H]
COLCUD,0,ok,0.0983,60,1,,[Zn+2]123(OC(=O)c4c([H])c([H])c([H])c(C([H])([H])[H])c4[H])(<-O=C->1(O2)c1c([H])c([H])c([H])c(C([H])([H])[H])c1[H])(<-n1c([H])c([H])c([H])c2c([H])c([H])c4c([H])c([H])c([H])n->3c4c12)<-O([H])[H]
COMCFE,0,ok,0.0310,39,1,,[Fe]123(<-C4(=C->1([H])[H])C([H])([H])C([H])([H])C(C([H])([H])[H])([H])C->2(=C->3([H])[H])C([H])([H])C([H])([H])C4(C([H])([H])[H])[H])(<-[C-]#[O+])(<-[C-]#[O+])<-[C-]#[O+]
COMYEL,1,ok,0.0379,56,1,,[Cu+]123<-N(C([H])([H])C(N->1([H])C([H])(C([H])([H])[H])C([H])([H])[H])([H])[H])(C([H])([H])C(N->2([H])C([H])(C([H])([H])[H])C([H])([H])[H])([H])[H])C([H])([H])C(N->3([H])C([H])(C([H])([H])[H])C([H])([H])[H])([H])[H]
CONMAT,1,ok,0.0496,51,1,,[Mo]12(<-P3(C([H])([H])[H])N(C([H])([H])[H])P->1(C([H])([H])[H])N(C([H])([H])[H])P->2(C([H])([H])[H])N(C([H])([H])[H])[P+](C([H])([H])[H])(C([H])([H])[H])N3C([H])([H])[H])(<-[C-]#[O+])(<-[C-]#[O+])<-[C-]#[O+]
COPPAY,0,ok,0.2000,26,1,,[Ti+4]123456789(<-S(S1)SC1([H])C->2(=C->3(S4)C([H])([H])C1([H])[H])S5)<-C1([H])=C->6([H])C->7([H])=C->8([H])C91[H]
COPSOQ,0,ok,0.0686,72,1,,[Mo+6]12(=O)(=O)<-N(=C([H])c3c(c([H])c([H])c(OC([H])([H])[H])c3[H])O1)N=C(N([H])C(c1c([H])c([H])c([H])c([H])c1[H])(c1c([H])c([H])c([H])c([H])c1[H])c1c([H])c([H])c([H])c([H])c1[H])S2.O=C(N(C([H])([H])[H])C([H])([H])[H])[H]
COQNIH,0,ok,0.0974,64,1,,[Re+3]1(<-[C-]#[O+])(<-[C-]#[O+])(<-[C-]#[O+])(<-[C-]#[O+])=C(c2c3c([H])c([H])c([H])c([H])c3c3c([H])c([H])c([H])c([H])c3c2[H])C(C(=O)OC([H])([H])C([H])([H])[H])=C(OC([H])([H])C([H])([H])[H])C([H])=C1OC([H])([H])C([H])([H])[H]
CORLOM,0,ok,0.0506,46,1,,[Zn+2]12(OC(=O)C([H])([H])[H])(<-O([H])[H])<-n3c([H])c([H])c([H])c4c([H])c([H])c([H])c(N1C(=O)c1n->2c2c(c([H])c1[H])c([H])c([H])c([H])c2[H])c34
CORTUB,0,ok,0.0479,71,1,,[Re+5]12(Cl)(<-P(C([H])([H])C(N->1([O-])C([H])([H])C(P->2(C(C([H])([H])[H])(C([H])([H])[H])C([H])([H])[H])C(C([H])([H])[H])(C([H])([H])[H])C([H])([H])[H])([H])[H])([H])[H])(C(C([H])([H])[H])(C([H])([H])[H])C([H])([H])[H])C(C([H])([H])[H])(C([H])([H])[H])C([H])([H])[H])#N
COSRUX,0,ok,0.0700,38,1,,[Co+3]12345(C6(C([H])([H])[H])C->1(C([H])([H])[H])=C->2(C([H])([H])[H])C->3(C([H])([H])[H])=C->46C([H])([H])[H])Oc1c([H])c([H])c([H])c([H])c1O5
COTSAH,0,ok,0.0587,47,1,,[Hg+2]1(Br)(Br)<-n2c3c([H])c([H])c(C([H])([H])[H])c([H])c3nc3c2c2n->1c1c(nc2c2c3c([H])c([H])c([H])c2[H])c([H])c(C([H])([H])[H])c([H])c1[H]
COWYIX,0,ok,0.0712,58,1,,[Ir+3]123(OC(=O)c4n->1c([H])c([H])c(C(O[H])([H])[H])c4[H])(<-n1c([H])c([H])c([H])c([H])c1-c1c([H])c([H])c([H])c([H])c12)<-n1c([H])c([H])c([H])c([H])c1-c1c([H])c([H])c([H])c([H])c13
COYZUL,0,ok,0.0249,35,1,,[Ni+2](<-N(C([H])([H])C(C(O[H])([H])[H])([H])[H])([H])[H])(<-N#C[S-])(<-N(C(C(C(O[H])([H])[H])([H])[H])([H])[H])([H])[H])<-N#C[S-]
CPBOMN,0,ok,0.1288,29,1,,[B-2]12(c3c([H])c([H])c([H])c([H])c3[H])->[Mn+3]3456(C1([H])C->3([H])=C->4([H])C->5([H])=C->62[H])(<-[C-]#[O+])(<-[C-]#[O+])<-[C-]#[O+]
CPFSFE,0,ok,0.2720,29,1,,[C-](->[Fe+2]1234(<-[C-]#[O+])(<-C5([H])=C->1([H])C2([H])C->3([H])=C->45[H])S(c1c(F)c(F)c(F)c(F)c1F)(=O)=O)#[O+]
CPOCNB,0,ok,0.5888,24,1,,[Nb+3]123456789(Cl)(<-O=O->1)(<-C1([H])=C->2([H])C3([H])C->4([H])=C->51[H])C1([H])C->6([H])=C->7([H])C->8([H])=C->91[H]
CTMORP,0,ok,0.0241,31,1,,[Pd+4](<-N1([H])C([H])([H])C([H])([H])SC([H])([H])[C-]1[H])(Cl)(<-N1([H])C([H])([H])C([H])([H])SC([H])([H])[C-]1[H])Cl
CUCKOB,1,ok,0.0378,34,1,,[Pd+2]12(<-n3c([H])c([H])c([H])c([H])c3-c3n->1c(-c1n->2c([H])c([H])c([H])c1[H])c([H])c([H])c3[H])O[N+](=O)[O-]
CUDBUA,0,ok,0.0864,37,1,,[Pd+2]12(Br)<-N(=Nc3c1c([H])c([H])c([H])c3[H])c1c([H])c([H])c([H])c([H])c1N->2=Nc1c([H])c([H])c([H])c([H])c1[H]
CUDQOJ,0,ok,0.0701,43,1,,[Pd+2]12(<-N(=Nc3c1c([H])c([H])c([H])c3[H])c1c([H])c([H])c([H])c([H])c1N->2=Nc1c([H])c([H])c([H])c([H])c1[H])OC(=O)C([H])([H])[H]
CUFRAY,0,ok,0.1817,55,1,,[Mo+2]12345(<-P(C([H])([H])C([H])([H])[H])(C([H])([H])C([H])([H])[H])C(N(C(P->1(C([H])([H])C([H])([H])[H])C([H])([H])C([H])([H])[H])([H])[H])C([H])([H])[H])([H])[H])(C1([H])C->2([H])=C->3([H])C->4([H])=C->51[H])(<-[C-]#[O+])[H]
CUGPAV,0,ok,0.0374,30,1,,[Cr+2]1(<-[C-]#[O+])(<-[C-]#[O+])(<-[C-]#[O+])(<-[C-]#[O+])=C(c2c([H])c([H])c([H])c([H])c2O->1C([H])([H])[H])OC([H])([H])[H]
CUJGOE,0,ok,0.0798,58,1,,[Ru+2]12([H])(Cl)(<-P(Oc3n->1c(OP->2(C([H])(C([H])([H])[H])C([H])([H])[H])C([H])(C([H])([H])[H])C([H])([H])[H])c([H])c([H])c3[H])(C([H])(C([H])([H])[H])C([H])([H])[H])C([H])(C([H])([H])[H])C([H])([H])[H])<-[C-]#[O+]
CUKLAV,0,ok,0.2798,39,1,,[Re+]1234(<-[C-]#[O+])(<-[C-]#[O+])(<-C(#Cc5c([H])c([H])c([H])c([H])c5[H])c5c([H])c([H])c([H])c([H])c5[H])<-C5([H])=C->1([H])C->2([H])=C->3([H])C45[H]
CUKTEJ,0,ok,0.0831,74,1,,[W+2]12(<-n3n([B-](n4n->1c(C([H])([H])[H])c([H])c4C([H])([H])[H])(n1n->2c(C([H])([H])[H])c([H])c1C([H])([H])[H])[H])c(C([H])([H])[H])c([H])c3C([H])([H])[H])(C[P+]([Se-])(c1c([H])c([H])c([H])c([H])c1[H])c1c([H])c([H])c([H])c([H])c1[H])(<-[C-]#[O+])<-[C-]#[O+]
CUNKIF,1,ok,0.0301,31,1,,[Co+3]12(<-N(=O)[O-])(<-N([O-])=O)(<-N([H])([H])C([H])([H])C(N->1([H])[H])([H])[H])<-N([H])([H])C([H])([H])C(N->2([H])[H])([H])[H]
CUQBOH,0,ok,0.1550,72,1,,[Pd+4](Br)(=P1(N(C([H])([H])[H])C([H])([H])[H])Oc2c(c3c(c([H])c2[H])c([H])c([H])c([H])c3[H])-c2c3c([H])c([H])c([H])c([H])c3c([H])c([H])c2O1)<-O=C(N([H])c1c([H])c([H])c(C([H])([H])[H])c([H])c1[H])C1([H])C([H])=C([H])[C-]1[H]
CUQVUF,0,ok,0.0952,72,1,,[Pt]12(<-P34N(c5c([H])c(C(F)(F)F)c([H])c(C(F)(F)F)c5[H])C5([H])c6c([H])c([H])c([H])c([H])c6C3([H])C4([H])c3c5c([H])c([H])c([H])c3[H])(<-C3([H])=C->1([H])C(=O)OC3=O)<-C1([H])=C->2([H])C2([H])C([H])([H])C1([H])C([H])([H])C2([H])[H]
CUSBIC,0,ok,0.0685,33,1,,[Hg+2]1(I)(I)<-n2n(-c3nc(-n4c([H])c([H])c([H])n4)nc(-n4c([H])c([H])c([H])n4)n->13)c([H])c([H])c2[H]
CUTCUR,0,ok,0.1099,83,1,,[Ir+3]12([H])(Cl)(<-P(C(c3c1c(C(P->2(C(C([H])([H])[H])(C([H])([H])[H])C([H])([H])[H])C(C([H])([H])[H])(C([H])([H])[H])C([H])([H])[H])([H])[H])c([H])c([H])c3[H])([H])[H])(C(C([H])([H])[H])(C([H])([H])[H])C([H])([H])[H])C(C([H])([H])[H])(C([H])([H])[H])C([H])([H])[H])<-n1c([H])c([H])c([H])c([H])c1[H]
CUVYOH,0,ok,0.0539,48,1,,[Cu+3]123<-N(=C(c4c([H])c([H])[c-]c([H])c4[H])c4c(c([H])c([H])c(Cl)c4[H])O1)c1c(c([H])c([H])c([H])c1[H])N->2=C([H])c1c(c([H])c([H])c(Cl)c1[H])O3
CUXMUD,0,ok,0.0348,33,1,,[Mo+6]123(<-S(c4c(c([H])c([H])c([H])c4[H])S1)C([H])([H])C([H])([H])S->2c1c(c([H])c([H])c([H])c1[H])S3)(=O)=O
CUYZED,1,ok,0.0759,76,1,,[Ni+4]12345<-S(c6c(c([H])c([H])c([H])c6[H])N1C([H])=C1C(=C(C([H])([H])[H])N([H])C([H])=C1C(O[H])([H])[H])O2)C([H])([H])C([H])([H])C([H])([H])C([H])([H])S->3c1c([H])c([H])c([H])c([H])c1N->4=C([H])c1c(c(C([H])([H])[H])nc([H])c1C([H])([H])O[H])O5
DABLEY,0,ok,0.0341,43,1,,[Co+3]12(<-N(=O)C(=C(N1O[H])C([H])([H])[H])C([H])([H])[H])(<-N(=O)C(=C(N2O[H])C([H])([H])[H])C([H])([H])[H])(<-O([H])[H])C(=C([H])[H])C(=C([H])[H])[H]
DADFOG,0,ok,0.0466,51,1,,[Zn+2]12(<-n3c([H])c([H])c([H])c([H])c3C(N->1(C([H])([H])c1n->2c([H])c([H])c([H])c1[H])C([H])(c1c([H])c([H])c([H])c([H])c1[H])C([H])([H])[H])([H])[H])(<-N#C[S-])<-N#C[S-]
DAGFAT,0,ok,0.0395,37,1,,[Ni+2]123(<-S(C([H])([H])C(=O)O1)C([H])([H])C(=O)O2)<-n1c([H])c([H])c([H])c([H])c1-c1n->3c([H])c([H])c([H])c1[H].O([H])[H]
DAGNUV,0,ok,0.0983,78,1,,[Pd+4]12(C3([H])C([H])(C4([H])c5c([H])c([H])c([H])c([H])c5C3([H])C4([H])[H])Oc3c(c(Cl)c(Cl)c(Cl)c3Cl)O1)C1([H])C([H])(C3([H])c4c([H])c([H])c([H])c([H])c4C1([H])C3([H])[H])Oc1c(c(Cl)c(Cl)c(Cl)c1Cl)O2.c1([H])c([H])c([H])c([H])c([H])n1
DAHNEH,0,ok,0.0866,78,1,,[Pd+2](Cl)(<-P(c1c([H])c([H])c([H])c([H])c1[H])(c1c([H])c([H])c([H])c([H])c1[H])c1c([H])c([H])c([H])c([H])c1[H])(<-P(c1c([H])c([H])c([H])c([H])c1[H])(c1c([H])c([H])c([H])c([H])c1[H])c1c([H])c([H])c([H])c([H])c1[H])c1nc(Cl)nc(Cl)n1
DAHYER,1,ok,0.0745,75,1,,[Ag+]12(<-P(c3c([H])c([H])c([H])c([H])c3[H])(c3c([H])c([H])c([H])c([H])c3[H])c3c([H])c([H])c([H])c([H])c3[H])<-N34C5([H])N([H])C([H])([H])C([H])([H])N->16C([H])([H])C([H])([H])N(C1([H])N->2([H])C([H])([H])C([H])([H])N(C([H])([H])C3([H])[H])C41[H])C65[H]
DAJJUW,0,ok,0.0451,41,1,,[Zn+2]12(<-N#C[O-])<-n3c(S[C-](Sc4n->1c([H])c([H])n4C([H])([H])[H])Sc1n->2c([H])c([H])n1C([H])([H])[H])n(C([H])([H])[H])c([H])c3[H]
DAJLOP,0,ok,0.3867,61,1,,[Ni+2]123<-N(=C([H])c4c5n1c([H])c([H])c5c(OC([H])([H])[H])c([H])c4OC([H])([H])[H])c1c([H])c([H])c([H])c([H])c1N->2=C([H])c1c2n3c([H])c([H])c2c(OC([H])([H])[H])c([H])c1OC([H])([H])[H]
DAJRAK,0,ok,0.0306,26,1,,[Au+3]1(F)(F)<-n2c([H])c([H])c([H])c(C([H])([H])[H])c2-c2c(F)c([H])c([H])c([H])c21
DAKGON,0,ok,0.1043,66,1,,[Ir+]123(<-N4=[N+]=C([H])C([H])=C4c4n->1c([H])c(C([H])([H])[H])c([H])c4C([H])([H])[H])(c1c([H])c(F)c([H])c([H])c1N1C([H])=C([H])N(C([H])([H])[H])C->21)<-C1N(c2c3c([H])c(F)c([H])c2[H])C([H])=C([H])N1C([H])([H])[H]
DAKYUM,0,ok,0.0755,82,1,,[Ag+]12(<-C3N(c4c(C([H])(C([H])([H])[H])C([H])([H])[H])c([H])c([H])c([H])c4C([H])(C([H])([H])[H])C([H])([H])[H])C([H])([H])C([H])([H])N3c3c(C([H])(C([H])([H])[H])C([H])([H])[H])c([H])c([H])c([H])c3C([H])(C([H])([H])[H])C([H])([H])[H])<-O=C->1(O2)c1c([H])c([H])c([H])c([H])c1[H]
DALGOO,1,ok,0.0552,47,1,,[Os+2]123456(Cl)(<-n7c([H])c(Br)c([H])c([H])c7N=N->1c1c([H])c([H])c([H])c([H])c1[H])<-c1([H])c->2([H])c->3([H])c->4([H])c->5([H])c->61-c1c([H])c([H])c([H])c([H])c1[H]
DALSAL,0,ok,0.0496,52,1,,[V+5]12(=O)(OC([H])([H])[H])<-N(=C([H])c3c(c([H])c([H])c4c([H])c([H])c([H])c([H])c43)O1)C([H])(C([H])([H])c1c([H])c([H])c([H])c([H])c1[H])C(=O)O2.O([H])C([H])([H])[H]
DAMBOI,0,ok,0.0691,75,1,,[Zr+4]1(Oc2c(C(C([H])([H])[H])(C([H])([H])[H])C([H])([H])[H])c([H])c([H])c([H])c2C(C([H])([H])[H])(C([H])([H])[H])C([H])([H])[H])(C(c2c([H])c([H])c([H])c([H])c2[H])([H])[H])C(c2c([H])c([H])c([H])c([H])c2[H])=C([H])C([H])=C([H])C([H])=C([H])C#C1
DAMKOT,0,ok,0.1342,61,1,,[Zn+2]12345(OC->1(=O->2)C([H])([H])[H])(OC->3(=O->4)C([H])([H])[H])<-N(=C(N1C([H])([H])C([H])([H])OC([H])([H])C1([H])[H])N1C([H])([H])C([H])([H])OC([H])([H])C1([H])[H])c1c([H])c([H])c([H])c2c1n->5c([H])c([H])c2[H]
DAMYAT,0,ok,0.3250,52,1,,[C-](#[O+])->[Mn+]123456(<-C(=C->1(c1c([H])c([H])c([H])c([H])c1[H])P->2(c1c(C([H])([H])[H])c([H])c(C([H])([H])[H])c([H])c1C([H])([H])[H])C([H])([H])[H])=O)C1([H])C->3([H])=C->4([H])C->5([H])=C->61[H]
DANMUC,0,ok,0.0344,34,1,,[Ru+2]1(Cl)(<-[C-]#[O+])(<-[C-]#[O+])(<-[C-]#[O+])<-C2N(C([H])([H])C1([H])[H])C(C([H])([H])[H])=C(C([H])([H])[H])N2C([H])([H])C([H])([H])[H]
DAPGUY,0,ok,0.0497,55,1,,[Au+]12(Cl)<-S=C(N=C(N->1=NC(=S->2)N1C([H])([H])C([H])([H])C([H])([H])C([H])([H])C([H])([H])C1([H])[H])c1c([H])c([H])c([H])c([H])c1[H])N(C([H])([H])C([H])([H])[H])C([H])([H])C([H])([H])[H]
DAPZOL,1,ok,0.1058,58,1,,C([H])([H])([H])c1c([H])c([H])c2c3c4c(c([H])c([H])c(C([H])([H])[H])n4->[Pd+2](<-n13)(<-n1c(C([H])([H])[H])c([H])c([H])c3c1c1c(c([H])c([H])c(C([H])([H])[H])n1)c([H])c3[H])Br)c([H])c2[H]
DAQSIX,-1,ok,0.0453,28,1,,[V+3]123(OC(=O)c4n->1c([H])c([H])nc4[H])(OC(=O)c1n->2c([H])c([H])nc1[H])(=O)<-O=O->3
DARNAN,0,ok,0.0801,51,1,,[Pd+4]123Oc4c([H])c([H])c([H])c5c4N1C(=C([H])N2c1c([H])c([H])c([H])c([H])c1C([H])([H])N3S(=O)(=O)c1c([H])c([H])c(C([H])([H])[H])c([H])c1[H])C([H])=C5[H]
DARYAZ,1,ok,0.1682,59,1,,C12=C(c3c([H])c([H])c([H])c([H])c3[H])c3c([H])c([H])c4n3[Pd+4]35<-n6c(c([H])c([H])c([H])c6C(c6c([H])c([H])c([H])c([H])c6[H])=c6c([H])c([H])c(n63)=C4[H])C(=C([H])C([H])=C1[H])N25
DAVHUE,1,ok,0.0403,45,1,,[Cd+2]12345(<-S6C([H])([H])C([H])([H])N->1(C([H])([H])C([H])([H])C(N->2([H])[H])([H])[H])C([H])([H])C([H])([H])S->3C([H])([H])C([H])([H])O->4C([H])([H])C6([H])[H])O[N+](=O)O5
DAXDUD,1,ok,0.0355,39,1,,[Au+3]12(Cl)SC(=NN->1=C(N([H])[H])c1n->2c([H])c([H])c([H])c1[H])N1C([H])([H])C([H])([H])C([H])([H])C([H])([H])C([H])([H])C1([H])[H]
DAXSOK,0,ok,0.0531,71,1,,[Nb+]12(<-P(C(C(P->1(C([H])([H])[H])C([H])([H])[H])([H])[H])([H])[H])(C([H])([H])[H])C([H])([H])[H])(<-P(C(C(P->2(C([H])([H])[H])C([H])([H])[H])([H])[H])([H])[H])(C([H])([H])[H])C([H])([H])[H])(Oc1c([H])c(C([H])([H])[H])c([H])c(C([H])([H])[H])c1[H])(<-[C-]#[O+])<-[C-]#[O+]
DAXYUY,0,ok,0.1512,56,1,,Brc1c([H])c([H])c(N2->[Ni+2]34<-N(=Nc5n3c(c([H])c5[H])C(C([H])([H])C([H])([H])[H])(C([H])([H])C([H])([H])[H])c3n4c(N=2)c([H])c3[H])c2c([H])c([H])c(Br)c([H])c2[H])c([H])c1[H]
DAYFUE,0,ok,0.2814,70,1,,[Mo+6]1234(=P(OC([H])([H])[H])(OC([H])([H])[H])OC([H])([H])[H])(=P(OC([H])([H])[H])(OC([H])([H])[H])OC([H])([H])[H])(C(=C(c5c([H])c([H])c([H])c([H])c5[H])[H])C(C([H])([H])[H])(C([H])([H])[H])C([H])([H])[H])<-C5([H])=C->1([H])C2([H])C->3([H])=C->45[H]
DAZGOD,0,ok,0.0458,53,1,,[V+5]12(<-N(=C([H])c3c(c(OC([H])([H])[H])c([H])c([H])c3[H])O1)N=C(C(C([H])([H])[H])(C([H])([H])[H])C([H])([H])[H])O2)(Oc1c(=O)oc([H])c([H])c1C([H])([H])C([H])([H])[H])=O
DEBWEN,0,ok,0.0456,53,1,,C1([H])([H])C([H])([H])O2->[Hg+2]34(Cl)(Cl)<-O1C([H])([H])C([H])([H])Sc1c(nc5c([H])c([H])c([H])c([H])c5n1)SC([H])([H])C([H])([H])O->3C([H])([H])C([H])([H])O->4C([H])([H])C2([H])[H]
DECKAZ,0,ok,0.0357,36,1,,[Fe+4]1(Cl)(Cl)=P(N([H])c2n->1c([H])c([H])c([H])c2[H])(C([H])(C([H])([H])[H])C([H])([H])[H])C([H])(C([H])([H])[H])C([H])([H])[H]
DEDFOJ,0,ok,0.0453,50,1,,[Ir+3]1(<-[Se]=C(C(=C(C=1[H])[H])[H])[H])(Cl)(<-P(C([H])([H])[H])(C([H])([H])[H])C([H])([H])[H])(<-P(C([H])([H])[H])(C([H])([H])[H])C([H])([H])[H])<-P(C([H])([H])[H])(C([H])([H])[H])C([H])([H])[H]
DEFBUN,1,ok,0.0923,54,1,,C12->[Os+2]34(c5c(N1C([H])=C([H])N2C([H])([H])[H])c([H])c([H])c([H])c5N1C->3N(C([H])([H])[H])C([H])=C1[H])(<-[C-]#[O+])<-n1c([H])c([H])c([H])c([H])c1-c1c([H])c([H])c([H])c([H])n->41
DEFJOP,0,ok,0.0501,51,1,,[Zn+2]1(Cl)(Cl)Oc2c(C(=N->1C([H])([H])c1c([H])c([H])c([H])c([H])c1[H])[H])c([H])c(C([H])([H])[H])c([H])c2C(=[N+]([H])C([H])([H])c1c([H])c([H])c([H])c([H])c1[H])[H]
DEGPOX,0,ok,0.0517,55,1,,[Zn+2]1(Cl)(Cl)<-n2c([H])c([H])c([H])c([H])c2C2([H])N(C(SC([H])([H])C(O[H])([H])[H])([H])c3n->1c([H])c([H])c([H])c3[H])C([H])([H])C([H])([H])N2c1c([H])c([H])c([H])c([H])c1[H]
DEHGOM,1,ok,0.0459,53,1,,[Cu+3]123(<-S(C(C(N->1(C(C(N1N2C(=C([H])[H])C([H])=C1C([H])([H])[H])([H])[H])([H])[H])C(C(n1n->3c(C([H])([H])[H])c([H])c1C([H])([H])[H])([H])[H])([H])[H])([H])[H])([H])[H])C([H])([H])[H])Cl
DEJTOD,1,ok,0.0547,63,1,,[Rh+]1234(<-P5(c6c(P->17C([H])(C([H])([H])[H])C([H])([H])C([H])([H])C7([H])C([H])([H])[H])c([H])c([H])c([H])c6[H])C([H])(C([H])([H])[H])C([H])([H])C([H])([H])C5([H])C([H])([H])[H])<-c1([H])c([H])c(N([H])[H])c->2([H])c->3([H])c->41[H]
DEKVEV,0,ok,0.0493,45,1,,[Ir+3]123(Br)(=c4sc5c(n4C([H])([H])C([H])([H])C([H])([H])[H])c([H])c([H])c([H])c5[H])<-C4([H])=C->1([H])C([H])([H])C([H])([H])C->2([H])=C->3([H])C([H])([H])C4([H])[H]
DEMFEJ,0,ok,0.0892,77,1,,[C-](#[O+])->[Mo]1(<-[C-]#[O+])(<-[C-]#[O+])<-P(c2c([H])c([H])c([H])c([H])c2[H])(c2c([H])c([H])c([H])c([H])c2[H])C([H])([H])C([H])([H])N(c2c([H])c([H])c([H])c([H])c2[H])C([H])([H])C([H])([H])P->1(c1c([H])c([H])c([H])c([H])c1[H])c1c([H])c([H])c([H])c([H])c1[H]
DENRIY,0,ok,0.0766,51,1,,[Ni+2]1(<-C2N(C([H])([H])[H])C([H])=C([H])N2C([H])([H])[H])(<-C2N(C([H])([H])[H])C([H])=C([H])N2C([H])([H])[H])c2c([H])c([H])c([H])c([H])c2-c2c([H])c([H])c([H])c([H])c21
DEPMAN,0,ok,0.1624,61,1,,[Pd+2]123([Se]P(=NP(=[Se]->1)(c1c([H])c([H])c([H])c([H])c1[H])c1c([H])c([H])c([H])c([H])c1[H])(c1c([H])c([H])c([H])c([H])c1[H])c1c([H])c([H])c([H])c([H])c1[H])C([H])([H])C->2(C([H])([H])[H])=C->3([H])[H]
DEQKAL,0,ok,0.3787,33,1,,[Nb+5]12345678([Si](Cl)(C([H])([H])[H])C([H])([H])[H])(<-C9([H])=C->1([H])C->2([H])=C->3([H])C49[H])([H])([H])<-C1([H])=C->5([H])C->6([H])=C->7([H])C81[H]
DERLAQ,0,ok,0.1530,79,1,,[Ru+4]1(Br)(Br)(<-P(c2c([H])c([H])c([H])c([H])c2[H])(c2c([H])c([H])c([H])c([H])c2[H])c2c([H])c([H])c([H])c([H])c2[H])(OC(=O->1)C(C([H])([H])[H])(C([H])([H])[H])C([H])([H])[H])N=C(c1c([H])c([H])c([H])c([H])c1[H])C(C([H])([H])[H])(C([H])([H])[H])C([H])([H])[H]
DESDEN,0,ok,0.0712,78,1,,[Pd+2]12(C([Se-])(c3c(P->1(C([H])(C([H])([H])[H])C([H])([H])[H])C([H])(C([H])([H])[H])C([H])([H])[H])c([H])c([H])c([H])c3[H])c1c(P->2(C([H])(C([H])([H])[H])C([H])([H])[H])C([H])(C([H])([H])[H])C([H])([H])[H])c([H])c([H])c([H])c1[H])<-P(C([H])([H])[H])(C([H])([H])[H])C([H])([H])[H]
DESROJ,0,ok,0.0548,77,1,,[Ru+4]12([H])(Cl)<-P(C([H])([H])C3([H])C=1C([H])(C(P->2(C(C([H])([H])[H])(C([H])([H])[H])C([H])([H])[H])C(C([H])([H])[H])(C([H])([H])[H])C([H])([H])[H])([H])[H])C([H])([H])C([H])([H])C3([H])[H])(C(C([H])([H])[H])(C([H])([H])[H])C([H])([H])[H])C(C([H])([H])[H])(C([H])([H])[H])C([H])([H])[H]
DETBIQ,0,ok,0.0344,42,1,,C(C(F)(F)F)(F)(F)[Co+3]12(<-N(C(=C(C([H])([H])[H])N1O[H])C([H])([H])[H])=O)(<-N(C(=C(C([H])([H])[H])N2O[H])C([H])([H])[H])=O)<-N([H])([H])[H]
DETKIW,0,ok,0.0588,51,1,,[Mo+4]12345(<-S=C1C([H])([H])P->2(c1c([H])c([H])c([H])c([H])c1[H])C([H])([H])C([H])([H])S3)<-P(c1c([H])c([H])c([H])c([H])c1[H])(C([H])([H])C([H])([H])S4)C([H])([H])C([H])([H])S5
DEVGOD,0,ok,0.1301,81,1,,[Ru+2]1234567([B-]([H])(n8c(=N->1c1nc9c(s1)c([H])c([H])c([H])c9[H])sc1c8c([H])c([H])c([H])c1[H])N(c1n->2c2c(s1)c([H])c([H])c([H])c2[H])c1nc2c([H])c([H])c([H])c([H])c2s1)<-c1(C([H])([H])[H])c->3([H])c->4([H])c->5(C([H])(C([H])([H])[H])C([H])([H])[H])c->6([H])c->71[H]
DEXCEP,0,ok,0.0705,53,1,,[Os+4](=S(=O)(C([H])([H])[H])C([H])([H])[H])(Cl)(<-S(=O)(C([H])([H])[H])C([H])([H])[H])(Cl)(<-n1c([H])n([H])c2c([H])c([H])c([H])c([H])c12)<-n1c2c([H])c([H])c([H])c([H])c2n([H])c1[H]
DEXJEV,1,ok,0.0552,57,1,,[Ni+2]123(O[N+](=O)[O-])<-n4c(C([H])([H])[H])c([H])c([H])c([H])c4C(N->1=C(C([H])([H])[H])C(C(N->2(C(c1n->3c(C([H])([H])[H])c([H])c([H])c1[H])([H])[H])[H])(C([H])([H])[H])C([H])([H])[H])([H])[H])([H])[H]
DEYJAU,0,ok,0.0470,38,1,,[Mo+6]12(<-N(=C([H])c3c(c([H])c([H])c([N+]([O-])=O)c3[H])O1)N=C(c1c([H])c([H])nc([H])c1[H])O2)(=O)=O.O(C([H])([H])[H])[H]
DEYQUU,0,ok,0.0501,43,1,,[Cd+2]12(Br)(<-n3c([H])c([H])c([H])c([H])c3-c3n->1c([H])c([H])c([H])c3[H])(Br)<-n1c([H])c([H])c([H])c([H])c1-c1n->2c([H])c([H])c([H])c1[H]
DGAMCO,0,ok,0.0338,36,1,,Cl[Co+]12(<-N(=C(C([H])([H])[H])C(C([H])([H])[H])=N->1O[H])O[H])(<-N(C(C([H])([H])[H])=C(C([H])([H])[H])N->2=O)=O)<-N([H])([H])[H]
DIBLIK,0,ok,0.0443,43,1,,[Mo+6]12(=O)(=O)<-N(=C([H])c3c4c(c([H])c([H])c3O1)c([H])c([H])c([H])c4[H])N=C(SC([H])([H])[H])N2[H].n1c([H])c([H])c([H])c([H])c1[H]
DIBSOY,-1,ok,0.1180,42,1,,[Mo+2]12(<-S=C(C(=S->1)C#N)C#N)(Sc1c([H])c([H])c([H])c([H])c1[H])(=O)<-n1c(-c3n->2c([H])c([H])c([H])c3[H])c([H])c([H])c([H])c1[H]
DICMUZ,0,ok,0.0968,37,1,,[Zn+2]123(SC(=S->1)OC([H])([H])[H])(SC(=S->2)OC([H])([H])[H])<-n1c([H])c([H])c([H])c2c1-c1n->3c([H])c([H])c([H])c1C2=O
DIDXIZ,1,ok,0.0732,75,1,,[Ag+]12(<-n3c(C([H])([H])[H])c([H])c(C([H])([H])[H])n3C([H])(c3c([H])c([H])c([H])c([H])n->13)n1c(C([H])([H])[H])c([H])c(C([H])([H])[H])n->21)<-P(c1c([H])c([H])c([H])c([H])c1[H])(c1c([H])c([H])c([H])c([H])c1[H])c1c([H])c([H])c([H])c([H])c1[H]
DIFTER,1,ok,0.0460,49,1,,[Co+3]1234(SC(=NN->1=C(N([H])[H])c1n->2c([H])c([H])c([H])c1[H])N(C([H])([H])[H])[H])SC(=NN->3=C(c1n->4c([H])c([H])c([H])c1[H])N([H])[H])N(C([H])([H])[H])[H]
DIGLAJ,0,ok,0.0339,36,1,,[Pt+2]1(Cl)(Cl)<-n2c(N=N->1c1c([H])c([H])c([H])c([H])c1[H])n(C([H])([H])C([H])([H])C([H])([H])C([H])([H])[H])c([H])c2[H]
DIHFAB,0,ok,0.1237,54,1,,[Re+5]123(=O)(C4(C([H])([H])[H])C(C([H])([H])[H])=C(C([H])([H])[H])C->1(C([H])([H])[H])=C->24C([H])([H])[H])OC(c1c([H])c([H])c([H])c([H])c1[H])(c1c([H])c([H])c([H])c([H])c1[H])C(=O)O3
DIHYUR,0,ok,0.0825,79,1,,[Ni+2]123<-N(=C(c4c([H])c([H])c([H])c([H])c4[H])c4c([H])c(Cl)c([H])c([H])c4N1C(=O)C(N->2(C([H])(C12C([H])([H])C4([H])C([H])([H])C([H])(C1([H])[H])C([H])([H])C([H])(C2([H])[H])C4([H])[H])C([H])([H])[H])[H])([H])[H])C([H])(c1c([H])c([H])c([H])c([H])c1[H])C(=O)O3
DIKKUE,0,ok,0.1406,56,1,,[Pt+2]12(<-n3c(-c4n->1c(-c1c2c([H])c([H])c([H])c1[H])c([H])c([H])c4[H])c([H])c([H])c([H])c3[H])C#Cc1c([H])c2c(n(C([H])([H])[H])c3c2c([H])c([H])c([H])c3[H])c([H])c1[H]
DILMET,0,ok,0.0590,49,1,,c1(-c2c([H])c([H])c(F)c([H])c2[H])c([H])c(-c2c([H])c([H])c([H])c([H])c2[H])c([H])c2-c3c([H])c([H])c([H])c([H])n3->[W](<-[C-]#[O+])(<-[C-]#[O+])(<-[C-]#[O+])(<-[C-]#[O+])<-p12
DIPLOG,0,ok,0.0322,38,1,,[Cd+2]12(Br)(Br)<-n3c([H])c([H])c([H])c([H])c3C(=N->1C([H])([H])C(N->21C([H])([H])C([H])([H])C([H])([H])C([H])([H])C1([H])[H])([H])[H])[H]
DIQSIF,0,ok,0.3504,63,1,,C12(C([H])([H])[H])->[Ti+2]3456789%10%11(<-C=1(C([H])([H])[H])C->3(C([H])([H])[H])=C->4(C([H])([H])[H])C->52=C->6([H])[H])<-C1(C([H])([H])[H])=C->7(C([H])([H])[H])C->8(C([H])([H])[H])=C->9(C1%10C([H])([H])[H])C([H])([H])C(=C([H])C([H])([H])[H])C%11=C([H])C([H])([H])[H]
DISFIU,0,ok,0.0631,34,1,,[Cd+2]12(ON=O->1)(<-O=NOO2)(<-n1c([H])c([H])c(N=C=O)c([H])c1[H])<-n1c([H])c([H])c(N=C=O)c([H])c1[H]
DITCUE,0,ok,0.0317,31,1,,[Hg+2]1(I)(I)<-N(c2c([H])c([H])c([H])c([H])c2N->1(C([H])([H])[H])C([H])([H])[H])(C([H])([H])[H])C([H])([H])[H]
DITYUA,0,ok,0.1787,73,1,,[Pd+2]123(Cl)<-n4c(C(C->15=C->2([H])C3([H])C([H])=C([H])C51C(c2c([H])c([H])c([H])c([H])c2[H])=C(c2c([H])c([H])c([H])c([H])c2[H])C(c2c([H])c([H])c([H])c([H])c2[H])=C1c1c([H])c([H])c([H])c([H])c1[H])([H])[H])c([H])c([H])c([H])c4[H]
DIXJUR,0,ok,0.0976,61,1,,[Ir+3]123(c4c(-c5n->1c([H])c([H])c([H])c5[H])c(F)c([H])c(F)c4[H])(N1C(=C(C4=N->2C([H])([H])C([H])([H])O4)[H])OC([H])([H])C1([H])[H])<-n1c([H])c([H])c([H])c([H])c1-c1c(F)c([H])c(F)c([H])c13
DIYSUZ,0,ok,0.1383,52,1,,[W+4]12345(OC(=O->1)C([H])([H])[H])(OC(=O->2)C([H])([H])[H])(<-O=C(O3)C([H])([H])[H])C1(C(C([H])([H])[H])(C([H])([H])[H])C([H])([H])[H])C->4(C(C([H])([H])[H])([H])[H])=C->51C(C([H])([H])[H])([H])[H]
DIYYUF,0,ok,0.0623,39,1,,[Re+5]1(Cl)(Cl)(Cl)(<-n2c(N=N->1c1c([H])c([H])c(Cl)c([H])c1[H])c([H])c([H])c([H])c2[H])=Nc1c([H])c([H])c(Cl)c([H])c1[H]
DIZQAE,-1,ok,0.0357,39,1,,[Mo]12([Se]c3c([H])c([H])c([H])c([H])c3[H])(<-S=C(C(=S->1)C([H])([H])[H])C([H])([H])[H])(<-S=C(C(=S->2)C([H])([H])[H])C([H])([H])[H])<-[C-]#[O+]
DMGACO,1,ok,0.0424,53,1,,Clc1c([H])c([H])c(N(->[Co+]23(<-N(C(=C(C([H])([H])[H])N->2=O)C([H])([H])[H])=O)(<-N(=C(C(C([H])([H])[H])=N->3O[H])C([H])([H])[H])O[H])<-S=C(N([H])[H])N([H])[H])([H])[H])c([H])c1[H]
DOCNIU,0,ok,0.1183,61,1,,[Ir+3]123(<-O=C(O1)C([H])([H])[H])(<-n1c(C(=C2[H])[H])c([H])c([H])c([H])c1[H])<-C1N(C([H])([H])[H])c2c([H])c([H])c([H])c4c([H])c([H])c([H])c(c24)N1c1c3c(C([H])([H])[H])c([H])c(C([H])([H])[H])c1[H]
DOCYOL,-1,ok,0.0478,49,1,,[Ni+2]1(n2c(=S)nc(C([H])([H])[H])c([H])c2C([H])([H])[H])(Sc2n->1c(C([H])([H])[H])c([H])c(C([H])([H])[H])n2)Sc1nc(C([H])([H])[H])c([H])c(C([H])([H])[H])n1
DODXIE,1,ok,0.0606,49,1,,[Ir+]1(<-c2([H])c->1([H])c([H])c([H])c([H])c2[H])(<-[C-]#[O+])<-P(c1c([H])c([H])c([H])c([H])c1[H])(c1c([H])c([H])c([H])c([H])c1[H])c1c([H])c([H])c([H])c([H])c1[H]
DOFGIP,0,ok,0.0470,59,1,,[Pt+2]12(<-P(C([H])(C([H])([H])[H])C([H])([H])[H])(C([H])(C([H])([H])[H])C([H])([H])[H])C(C(P->1(C([H])(C([H])([H])[H])C([H])([H])[H])C([H])(C([H])([H])[H])C([H])([H])[H])([H])[H])([H])[H])<-S=C(C(=C(C=2[H])[H])[H])C#N
DOFYIG,0,ok,0.0601,57,1,,[Ni+2]12(<-P3(c4c([H])c([H])c([H])c([H])c4[H])C([H])([H])C([H])([H])C([H])([H])N->1([H])C([H])([H])C([H])([H])C([H])([H])P->2(c1c([H])c([H])c([H])c([H])c1[H])c1c3c([H])c([H])c([H])c1[H])(Cl)Cl
DOHDUA,0,ok,0.0351,31,1,,[Ni+2]12(<-n3c(c(C(=O)O[H])c([H])c(C(=O)O[H])c3C(=O)O1)C(=O)O2)<-O([H])[H].O([H])[H].O([H])[H]
DOHQUM,0,ok,0.0869,57,1,,[Fe]123(<-C4(c5c([H])c([H])c([H])c([H])c5[H])=C->1(c1c([H])c([H])c([H])c([H])c1[H])C->2(c1c([H])c([H])c([H])c([H])c1[H])=C->3(c1c([H])c([H])c([H])c([H])c1[H])C4=O)(<-[C-]#[O+])(<-[C-]#[O+])<-[C-]#[O+]
DOKLUM,0,ok,0.1434,77,1,,[Ru+2]123456(Cl)(<-c7(C([H])(C([H])([H])[H])C([H])([H])[H])c->1([H])c->2([H])c->3(C([H])([H])[H])c->4([H])c->57[H])n1c([H])c([H])c([H])c1C(=C1C([H])=C2[N+](=C1[H])[B-](F)(F)[N+]1=C([H])C([H])=C([H])C1=C2c1c([H])c([H])c(OC([H])([H])[H])c([H])c1[H])c1n6c([H])c([H])c1[H]
DOLYUB,0,ok,0.0724,71,1,,[Au+3](Cl)=C1N(c2c(C([H])([H])[H])c([H])c(C([H])([H])[H])c([H])c2C([H])([H])[H])C([H])([H])c2c(c([H])c([H])c([H])c2[H])-c2c(c([H])c([H])c([H])c2[H])C([H])([H])N1c1c(C([H])([H])[H])c([H])c(C([H])([H])[H])c([H])c1C([H])([H])[H]
DOMQIH,0,ok,0.2467,69,1,,[Fe+4]1234(<-n5c([H])c([H])c([H])c6c5c5n->1c(-c1n2c2c(n1)c([H])c([H])c([H])c2[H])c([H])c([H])c5c([H])c6[H])N1C([H])=C([H])C([H])=c2c1c1c(c([H])c2[H])=C([H])C([H])=C(N31)c1n4c2c(n1)c([H])c([H])c([H])c2[H]
DONXAI,0,ok,0.0776,69,1,,[Ir+5]12(<-n3c(c([H])c([H])c([H])c3N=P1(C(C([H])([H])[H])(C([H])([H])[H])C([H])([H])[H])C(C([H])([H])[H])(C([H])([H])[H])C([H])([H])[H])N([H])P=2(C(C([H])([H])[H])(C([H])([H])[H])C([H])([H])[H])C(C([H])([H])[H])(C([H])([H])[H])C([H])([H])[H])([H])[H]
DOPWAG,0,ok,0.0831,57,1,,[Ir+3]1234(<-P(C([H])([H])[H])(C([H])([H])[H])C([H])([H])[H])(C5(C([H])([H])[H])C->1(C([H])([H])[H])=C->2(C([H])([H])[H])C->3(C([H])([H])[H])=C->45C([H])([H])[H])(C1([H])C([H])([H])C([H])([H])C([H])([H])C([H])([H])C1([H])[H])[H]
DOQQAC,1,ok,0.0868,59,1,,[W+2]12(<-P(C([H])([H])[H])(C([H])([H])[H])C([H])([H])[H])(<-n3n([B-](n4n->1c([H])c([H])c4[H])(n1n->2c([H])c([H])c1[H])[H])c([H])c([H])c3[H])(<-N#[O+])C1([H])C([H])=C([H])N(C(=O)C([H])([H])[H])C([H])=C1[H]
DORNED,0,ok,0.0402,43,1,,[Tc+5]123(=O)<-N([O-])=C(C(N1C([H])([H])C([H])([H])C([H])([H])N2C(C(=N->3O[H])C([H])([H])[H])(C([H])([H])[H])C([H])([H])[H])(C([H])([H])[H])[H])C([H])([H])[H]
DOSJED,1,ok,0.0753,78,1,,C12N(P(C(C([H])([H])[H])(C([H])([H])[H])C([H])([H])[H])(C(C([H])([H])[H])(C([H])([H])[H])C([H])([H])[H])->[Ni+2]3(<-N=1C(=NP->3(C(C([H])([H])[H])(C([H])([H])[H])C([H])([H])[H])C(C([H])([H])[H])(C([H])([H])[H])C([H])([H])[H])C(C([H])([H])[H])=C([H])C2(C([H])([H])[H])C([H])([H])[H])[H])[H]
DOTNAD,0,ok,0.1888,63,1,,c1([H])c([H])c([H])c2n1[Ni+4]13n4c(c([H])c([H])c4=c4c([H])c([H])c(n41)=C(c1c([H])c([H])c(SC([H])([H])[H])c([H])c1[H])c1c([H])c([H])c([H])n13)=C2c1c([H])c([H])c(SC([H])([H])[H])c([H])c1[H]
DOVGAZ,-1,ok,0.0226,23,1,,[Mo+6]1(Cl)(=O)(=O)OC(C(C(=O)O[H])([H])[H])(C([H])([H])C(=O)O[H])C(=O)O1
DOWFOL,1,ok,0.0709,39,1,,[Ru+2]123456(Cl)(<-O=C(c7n->1c([H])c([H])c([H])c7[H])C([H])([H])[H])<-c1(C([H])([H])[H])c->2([H])c->3(C([H])([H])[H])c->4([H])c->5(C([H])([H])[H])c->61[H]
DOXMAE,0,ok,0.0388,38,1,,[Mo]1234(<-[C-]#[O+])(<-[C-]#[O+])(<-[C-]#[O+])<-C56=C->1([H])C->2(=C(N(C([H])([H])[H])C([H])([H])[H])[H])C->3([H])=C->45C1([H])C([H])([H])C([H])([H])C6([H])C1([H])[H]
DOZGUW,0,ok,0.0803,77,1,,[Ir+3]123(c4c(N5c6c(c([H])c([H])c([H])c6[H])N(C([H])([H])[H])C->15)c([H])c(C(F)(F)F)c([H])c4[H])(<-n1c(-c4c2c([H])c(C(F)(F)F)c([H])c4[H])c([H])c([H])c([H])c1[H])c1c(-c2n->3c([H])c([H])c([H])c2[H])c([H])c([H])c(C(F)(F)F)c1[H]
DPAZCO,0,ok,0.1456,76,1,,[Co+3]123(N(c4c([H])c([H])c([H])c([H])c4[H])N=N->1c1c([H])c([H])c([H])c([H])c1[H])(<-N(c1c([H])c([H])c([H])c([H])c1[H])=NN2c1c([H])c([H])c([H])c([H])c1[H])N(c1c([H])c([H])c([H])c([H])c1[H])N=N->3c1c([H])c([H])c([H])c([H])c1[H]
DUBVEC,0,ok,0.0623,49,1,,[Os+6]1(=O)(=O)N2C3([H])C([H])(C([H])([H])C([H])([H])C([H])([H])C3([H])C([H])([H])C2=O)O1.N(C([H])([H])[H])(C(C(N(C([H])([H])[H])C([H])([H])[H])([H])[H])([H])[H])C([H])([H])[H]
DUCPAT,0,ok,0.0833,47,1,,C1([H])([H])C([H])([H])C([H])([H])C([H])([H])C([H])([H])C1([H])C12=O->[Zn+2]<-134(O2)(<-O([H])[H])(<-C(C1([H])C([H])([H])C([H])([H])C([H])([H])C([H])([H])C1([H])[H])(=O->3)O4)<-O([H])[H]
DUDLAR,0,ok,0.0587,64,1,,[Zn+2]1(Cl)(Cl)<-N2=C([H])c3c(O1)c(c([H])c(Cl)c3[H])C([H])([H])[N+](C([H])([H])C([H])([H])c1c([H])c([H])c([H])c([H])c1[H])([H])C([H])([H])c1c(O[H])c(c([H])c(Cl)c1[H])C([H])=NC([H])([H])C([H])([H])C2([H])[H]
DUFLAR,0,ok,0.0311,34,1,,[Cr]12345(<-C(=C->16C->2([H])=C->3([H])C->4([H])=C->5([H])C6(C(C([H])([H])[H])(C([H])([H])[H])C([H])([H])[H])[H])([H])[H])(<-[C-]#[O+])(<-[C-]#[O+])<-[C-]#[O+]
DUFZIP,0,ok,0.0734,72,1,,I[Pd+2](<-P(c1c([H])c([H])c([H])c([H])c1[H])(c1c([H])c([H])c([H])c([H])c1[H])c1c([H])c([H])c([H])c([H])c1[H])C1([H])C2([H])C3([H])C([H])=C([H])C([H])([H])C3([H])C([H])(C2([H])[H])C1([H])c1c([H])c([H])c(C([H])([H])[H])c([H])c1[H]
DUHCEP,1,ok,0.0518,60,1,,[Cd+2]1234(Oc5c([H])c([H])c([H])c([H])c5C(=N->1C([H])([H])C(N->2(C([H])([H])[H])C([H])([H])[H])([H])[H])[H])<-O([H])c1c([H])c([H])c([H])c([H])c1C(=N->3C([H])([H])C(N->4(C([H])([H])[H])C([H])([H])[H])([H])[H])[H]
DUHVIL,0,ok,0.0542,60,1,,[Cu+3]1234<-N(=C([H])c5c(n(C([H])([H])[H])c(=O)n(C([H])([H])[H])c5=O)O1)C([H])([H])C([H])([H])C([H])([H])N2C([H])([H])C([H])([H])C([H])([H])N->3=C([H])c1c(n(C([H])([H])[H])c(=O)n(C([H])([H])[H])c1=O)O4
DUKFOE,0,ok,0.1144,44,1,,[Mo+2]12345(P678N->19C([H])([H])C([H])([H])N6C([H])([H])C([H])([H])N7C([H])([H])C([H])([H])N8C([H])([H])C9([H])[H])(<-C1([H])=C->2([H])C->3([H])=C->4([H])C51[H])(<-[C-]#[O+])<-[C-]#[O+]
DULQIL,0,ok,0.0314,37,1,,[Hg+2]12(Cl)(Cl)<-n3c([H])c([H])c([H])c([H])c3C([H])=N->1C([H])([H])C([H])([H])N->2(C([H])([H])C([H])([H])[H])C([H])([H])C([H])([H])[H]
DUMKUS,0,ok,0.0327,45,1,,[Hg+2](<-N(C1([H])C([H])([H])C([H])([H])C([H])([H])C([H])([H])C1([H])[H])([H])[H])(<-N(C1([H])C([H])([H])C([H])([H])C([H])([H])C([H])([H])C1([H])[H])([H])[H])(C#N)C#N
DUPMUX,0,ok,0.0684,50,1,,[Ni+2]12(<-n3c(C([H])([H])[H])c(C([H])([H])[H])c(=O)n4c3c(O1)c([H])c([H])c4[H])<-n1c(C([H])([H])[H])c(C([H])([H])[H])c(=O)n3c1c(O2)c([H])c([H])c3[H].O([H])[H]
DURFUS,0,ok,0.0401,39,1,,[Zn+2]123(<-N(C([H])([H])C([H])([H])N->1([H])[H])(C([H])([H])C([H])([H])[H])C([H])([H])C([H])([H])[H])(OC(=O)C([H])([H])[H])OC->2(=O->3)C([H])([H])[H]
DURVAN,1,ok,0.0368,55,1,,[Ir+3](<-P(C([H])([H])[H])(C([H])([H])[H])C([H])([H])[H])(<-P(C([H])([H])[H])(C([H])([H])[H])C([H])([H])[H])(<-P(C([H])([H])[H])(C([H])([H])[H])C([H])([H])[H])(<-P(C([H])([H])[H])(C([H])([H])[H])C([H])([H])[H])([H])[H]
DUSTAO,0,ok,0.0490,51,1,,[Zn+2]1(Cl)(Cl)<-n2c([H])c([H])c([H])c([H])c2C2([H])N(C(OC([H])([H])[H])([H])c3n->1c([H])c([H])c([H])c3[H])C([H])([H])C([H])([H])N2c1c([H])c([H])c([H])c([H])c1[H]
DUVKOU,0,ok,0.0384,37,1,,[Zn+2](<-O([H])[H])(<-O([H])[H])(n1nnc2c1nc([H])n([H])c2=O)(<-O([H])[H])n1nnc2c1nc([H])n([H])c2=O.O([H])[H]
DUYCIJ,1,ok,0.0832,46,1,,[Co+3]12345(<-P(C([H])([H])[H])(C([H])([H])[H])C([H])([H])[H])(<-C6([H])=C->1([H])[C+]->2([H])C->3([H])=C->46[H])=C(N(C([H])([H])[H])C([H])([H])[H])N([H])c1c5c([H])c([H])c([H])c1[H]
DUYZAA,1,ok,0.0958,85,1,,[Ir+3]123(<-n4c(-c5n->1c(-c1c(C([H])([H])[H])sc(C([H])([H])[H])c1[H])c(-c1c(C([H])([H])[H])sc(C([H])([H])[H])c1[H])n5[H])c([H])c([H])c([H])c4[H])(<-n1c(-c4c2c([H])c(F)c([H])c4F)c([H])c([H])c([H])c1[H])<-n1c(-c2c3c([H])c(F)c([H])c2F)c([H])c([H])c([H])c1[H]
EABHCP,-1,ok,0.0106,8,1,,Br[Pt+4](Br)(Br)(<-[C-]#[O+])([H])[H]
EBARUW,0,ok,0.0381,37,1,,[Pd+2]12(Cl)<-n3c(C(N->1(C(C(c1c2n([H])c2c([H])c([H])c([H])c([H])c21)([H])[H])([H])[H])[H])([H])[H])c([H])c([H])c([H])c3[H]
EBAYEO,0,ok,0.0951,48,1,,[Zn+2]12345(OC->1(=O->2)C([H])([H])[H])(OC->3(=O->4)C([H])([H])[H])<-n1c(C(=N->5c2c([H])c([H])c(C([H])([H])[H])c([H])c2[H])[H])c([H])c([H])c2c([H])c([H])c([H])c([H])c12
EBOPOA,0,ok,0.0615,61,1,,[Ti+4]12(Cl)(Cl)<-N3(C(C([H])([H])[H])(C([H])([H])[H])C([H])([H])[H])P(N(C(C([H])([H])[H])(C([H])([H])[H])C([H])([H])[H])P3N1C(C([H])([H])[H])(C([H])([H])[H])C([H])([H])[H])N2C(C([H])([H])[H])(C([H])([H])[H])C([H])([H])[H]
EBUFOX,0,ok,0.2164,64,1,,[Zr+4]123456(Cl)(Cl)(<-N(=C->1(N2C([H])([H])C([H])([H])[H])C(C([H])([H])[H])(C([H])([H])[H])C([H])([H])[H])C(C([H])([H])[H])(C([H])([H])[H])C([H])([H])[H])<-C1(C([H])([H])[H])=C->3(C([H])([H])[H])C4(C([H])([H])[H])C->5(C([H])([H])[H])=C->61C([H])([H])[H]
EBUSOL,0,ok,0.0325,33,1,,[Hg+2]1(<-S=C(S1)N(C([H])([H])c1c([H])c([H])nc([H])c1[H])C([H])([H])[H])c1c([H])c([H])c([H])c([H])c1[H]
ECEJUT,0,ok,0.0590,49,1,,[Cd+2]12(I)(<-n3c(-c4n->1c1c([H])c([H])c([H])c([H])c1n4[H])c([H])nc([H])c3[H])(I)<-n1c(-c3n->2c2c([H])c([H])c([H])c([H])c2n3[H])c([H])nc([H])c1[H]
ECIBEY,1,ok,0.0370,54,1,,[Pd+4]1(<-[C-]#[N+]C(C([H])([H])[H])([H])C([H])([H])[H])(<-[C-]#[N+]C([H])(C([H])([H])[H])C([H])([H])[H])=C(N([H])C([H])(C([H])([H])[H])C([H])([H])[H])N([H])N=C1N([H])C(C([H])([H])[H])(C([H])([H])[H])[H]
ECIKIN,0,ok,0.0860,61,1,,c12c([H])c([H])c([H])c([H])c1-c1c3c(C(=N4c5c([H])c([H])c([H])c([H])c5S(C([H])([H])[H])->[Fe+2]<-43(<-[C-]#[O+])(<-P(C([H])([H])[H])(C([H])([H])[H])c3c([H])c([H])c([H])c([H])c3[H])S2)[H])c([H])c([H])c1[H]
ECOGUZ,0,ok,0.0550,56,1,,Br[Hg+2]1(Br)<-S(C([H])([H])[Si](C([H])([H])S->1c1c([H])c([H])c([H])c([H])c1[H])(c1c([H])c([H])c([H])c([H])c1[H])c1c([H])c([H])c([H])c([H])c1[H])c1c([H])c([H])c([H])c([H])c1[H]
ECOROG,0,ok,0.3657,48,1,,[Re+]12345(<-[C-]#[O+])(<-[C-]#[O+])(<-C6([H])=C->1([H])C2([H])C->3([H])=C->46[H])<-C(P(=O)(OC([H])([H])C([H])([H])[H])OC([H])([H])C([H])([H])[H])([H])=C->5([H])c1c([H])c([H])c([H])c([H])c1[H]
ECUBAI,0,ok,0.1330,81,1,,[Zn+2]1234(<-n5n([H])c(C([H])([H])[H])c([H])c5C([H])([H])[H])(OC->1(=O->2)C([H])=C([H])C(N([H])c1c([H])c(C([H])([H])[H])c([H])c([H])c1[H])=O)(<-n1n([H])c(C([H])([H])[H])c([H])c1C([H])([H])[H])OC->3(=O->4)C([H])=C([H])C(N([H])c1c([H])c(C([H])([H])[H])c([H])c([H])c1[H])=O
EDADOE,0,ok,0.0735,61,1,,[Cd+2]12345(<-n6c(C(=N->1N(C(=O->2)c1nc([H])c([H])c([H])c1[H])[H])[H])c([H])c([H])c1c([H])c([H])c2c([H])c([H])c(C(=N->3N(C(=O->4)c3nc([H])c([H])c([H])c3[H])[H])[H])n->5c2c61)(<-N#C[S-])<-N#C[S-]
EDEZEU,0,ok,0.1780,75,1,,[Fe+2]12345(<-C6(C(C([H])([H])[H])(C([H])([H])[H])C([H])([H])[H])=C->1(C(C([H])([H])[H])(C([H])([H])[H])C([H])([H])[H])C->2([H])=C->3(C(C([H])([H])[H])(C([H])([H])[H])C([H])([H])[H])C46[H])C([Si](C([H])([H])[H])(C([H])([H])[H])C([H])([H])[H])([Si](C([H])([H])[H])(C([H]->5)([H])[H])C([H])([H])[H])[H]
EDISUI,0,ok,0.1137,80,1,,C([H])([H])([H])C([H])(C([H])([H])[H])c1c([H])c([H])c([H])c(C([H])(C([H])([H])[H])C([H])([H])[H])c1[N+](=C([H])c1c([H])c(Cl)c([H])c2C([H])=N(c3c(C([H])(C([H])([H])[H])C([H])([H])[H])c([H])c([H])c([H])c3C(C([H])([H])[H])([H])C([H])([H])[H])->[Hf+4](Cl)(Cl)(Cl)(Cl)Oc12)[H]
EDOGIQ,0,ok,0.0766,80,1,,c12O[Ti+4](Cl)(Cl)(Cl)(Cl)<-N(=C(c1c([H])c(Cl)c([H])c2C([H])=[N+](c1c(C([H])(C([H])([H])[H])C([H])([H])[H])c([H])c([H])c([H])c1C([H])(C([H])([H])[H])C([H])([H])[H])[H])[H])c1c(C([H])(C([H])([H])[H])C([H])([H])[H])c([H])c([H])c([H])c1C([H])(C([H])([H])[H])C([H])([H])[H]
EFADIB,1,ok,0.0804,83,1,,[Co+3]123([B-](n4nc(C(C([H])([H])[H])(C([H])([H])[H])C([H])([H])[H])c([H])c(C([H])([H])[H])c4=[Se]->1)(n1nc(C(C([H])([H])[H])(C([H])([H])[H])C([H])([H])[H])c([H])c(C([H])([H])[H])c1=[Se]->2)n1nc(C(C([H])([H])[H])(C([H])([H])[H])C([H])([H])[H])c([H])c(C([H])([H])[H])c1=[Se]->3)<-N#CC([H])([H])[H]
EFELOS,1,ok,0.0608,76,1,,[Pt+2]12([H])<-P(C([H])([H])N->1([H])c1c([H])c([H])c([H])c([H])c1N([H])C([H])([H])P->2(C(C([H])([H])[H])(C([H])([H])[H])C([H])([H])[H])C(C([H])([H])[H])(C([H])([H])[H])C([H])([H])[H])(C(C([H])([H])[H])(C([H])([H])[H])C([H])([H])[H])C(C([H])([H])[H])(C([H])([H])[H])C([H])([H])[H]
EFINAL,1,ok,0.0870,72,1,,[Pd+4]12(Cl)<-P(c3c([H])c([H])c([H])c4c3[C-]1c1c(c([H])c([H])c([H])c1P->2(C([H])(C([H])([H])[H])C([H])([H])[H])C([H])(C([H])([H])[H])C([H])([H])[H])C4(C([H])([H])[H])C([H])([H])[H])(C([H])(C([H])([H])[H])C([H])([H])[H])C([H])(C([H])([H])[H])C([H])([H])[H]
EFORAT,1,ok,0.1209,59,1,,[Fe+2]1234(<-C5([H])=C->1([H])C->2([H])=C->3([H])C4([H])C5([H])[H])(<-[C-]#[N+]C(C([H])([H])[H])(C([H])([H])[H])C([H])([H])[H])(<-[C-]#[N+]C(C([H])([H])[H])(C([H])([H])[H])C([H])([H])[H])<-[C-]#[N+]C(C([H])([H])[H])(C([H])([H])[H])C([H])([H])[H]
EFUFAN,0,ok,0.1916,85,1,,[Y+3]1234(SP(=S->1)(C([H])([H])C([H])(C([H])([H])[H])C([H])([H])[H])C([H])([H])C([H])(C([H])([H])[H])C([H])([H])[H])(<-S=P(S2)(C([H])([H])C([H])(C([H])([H])[H])C([H])([H])[H])C([H])([H])C([H])(C([H])([H])[H])C([H])([H])[H])(<-n1c([H])c([H])c([H])c2c1c1n->3c([H])c([H])c([H])c1c([H])c2[H])O[N+](=O)O4
EFUSON,0,ok,0.2298,46,1,,[Co+3]123(n4c([H])c([H])nc4-c4n->1c([H])c([H])n4[H])(n1c([H])c([H])nc1-c1n->2c([H])c([H])n1[H])<-n1c([H])c([H])n([H])c1-c1n3c([H])c([H])n1
EGACUK,0,ok,0.1750,57,1,,[Fe+2]1234(<-[C-]#[O+])(<-[C-]#[O+])(<-C5([H])=C->1([H])C2([H])C->3([H])=C->45[H])B(F)[Si]([Si](C([H])([H])[H])(C([H])([H])[H])C([H])([H])[H])([Si](C([H])([H])[H])(C([H])([H])[H])C([H])([H])[H])[Si](C([H])([H])[H])(C([H])([H])[H])C([H])([H])[H]
EGEJUX,0,ok,0.0667,72,1,,O(c1c([H])c2[Fe+2](<-N([H])=C(c2c([H])c1[H])c1c([H])c([H])c([H])c([H])c1C([H])([H])[H])(<-P(C([H])([H])[H])(C([H])([H])[H])C([H])([H])[H])(<-P(C([H])([H])[H])(C([H])([H])[H])C([H])([H])[H])(<-P(C([H])([H])[H])(C([H])([H])[H])C([H])([H])[H])[H])C([H])([H])[H]
EGIXUP,0,ok,0.0806,57,1,,[Ni+2]123<-O=C(C(C(=O)c4c([H])c([H])c([H])c([H])c4[H])=C(N1c1c([H])c([H])c([H])c([H])c1N2C([H])=C(C(=O->3)C([H])([H])[H])C(=O)c1c([H])c([H])c([H])c([H])c1[H])[H])C([H])([H])[H]
EGUFIV,0,ok,0.0568,53,1,,[Mo+4]12(SC(=S->1)N(C([H])([H])C([H])([H])[H])C([H])([H])C([H])([H])[H])(SC(=S->2)N(C([H])([H])C([H])([H])[H])C([H])([H])C([H])([H])[H])(=O)<-[C-]#[N+]C(C([H])([H])[H])(C([H])([H])[H])C([H])([H])[H]
EGUXAF,0,ok,0.0491,58,1,,[Co+3]12(N(O[H])C(=C(N->1=O)C([H])([H])[H])C([H])([H])[H])(N(O[H])C(=C(N->2=O)C([H])([H])[H])C([H])([H])[H])(<-N([O-])=O)<-N([H])([H])C([H])(C([H])([H])[H])c1c([H])c([H])c(OC([H])([H])[H])c([H])c1[H]
EHAKIH,0,ok,0.0313,38,1,,[Ag+]123(<-S4C([H])=C([H])SC([H])=C([H])S->1C([H])=C([H])S->2C([H])=C([H])SC([H])=C([H])S->3C([H])=C4[H])OC(=O)C(F)(F)F
EHAZUI,0,ok,0.0576,37,1,,[Ni+4]12(#S3=NC3=NN->1=C(c1oc(C([H])([H])[H])c([H])c1[H])[H])<-N(N=C1S2=N1)=C(c1oc(C([H])([H])[H])c([H])c1[H])[H]
EHETIW,0,ok,0.0380,53,1,,[B-]([H]->[Fe+2]12(<-[C-]#[O+])(<-N(C([H])([H])C([H])([H])P->1(C([H])([H])C([H])([H])[H])C([H])([H])C([H])([H])[H])(C([H])([H])C([H])([H])P->2(C([H])([H])C([H])([H])[H])C([H])([H])C([H])([H])[H])[H])[H])([H])([H])[H]
EHIYAW,0,ok,0.0890,78,1,,[Ir+3]12(<-P(c3c([H])c([H])c([H])c([H])c3[H])(c3c([H])c([H])c([H])c([H])c3[H])c3c([H])c([H])c([H])c([H])c3[H])(c3c(-c4c([H])c([H])c([H])c([H])n->14)c(F)c([H])c(F)c3[H])(c1c(-c3c([H])c([H])c([H])c([H])n->23)c(F)c([H])c(F)c1[H])<-N#C[O-]
EHUSOP,0,ok,0.0963,38,1,,[Cr+2](<-[C-]#[O+])(N1[N-]C(C(=O)OC([H])([H])[H])=C([H])C1(C([H])([H])C([H])([H])[H])C([H])([H])C([H])([H])[H])(<-[C-]#[O+])(<-[C-]#[O+])(<-[C-]#[O+])<-[C-]#[O+]
EJASIR,-1,ok,0.0302,36,1,,[V+3]1234(=O)(<-O=O->1)<-N(C(C(N->21C([H])([H])C(=O)OC([H])([H])C1([H])[H])([H])[H])([H])[H])(C([H])([H])C(=O)O3)C([H])([H])C(=O)O4
EJIBEF,0,ok,0.3677,47,1,,[Mo+2]123456789(<-S=C(C(C#N)(C([H])([H])[H])C([H])([H])[H])C(=S->1)c1c([H])c([H])c([H])c([H])c1[H])(<-C1([H])=C->2([H])C->3([H])=C->4([H])C51[H])C1([H])C->6([H])=C->7([H])C->8([H])=C->91[H]
EJITUN,0,ok,0.0745,45,1,,[Pt+2]12(OC(C([H])([H])[H])=C(C(=O->1)C([H])([H])[H])[H])<-C1N(c3c4oc5c([H])c([H])c([H])c([H])c5c4c([H])c([H])c32)C([H])=C([H])N1C([H])([H])[H]
EJUKAX,0,ok,0.0520,27,1,,[Pd+4]12(Cl)SC(SC([H])([H])C(=C([H])[H])[H])=NN1C([H])=C1N2C([H])=C([H])C([H])=C1[H]
EKAPIR,0,ok,0.0588,65,1,,[Cd+2]1234(Cl)(Cl)<-O(c5c6n->1c(C([H])([H])[H])c([H])c([H])c6c([H])c([H])c5[H])C(c1n->2c(C(N->3(C([H])([H])C(OC([H])([H])C([H])([H])[H])=O->4)C(C(OC(C([H])([H])[H])([H])[H])=O)([H])[H])([H])[H])c([H])c([H])c1[H])([H])[H]
EKEQAN,0,ok,0.1389,69,1,,[Ru+6]12(Cl)(Cl)(OC3=C(N1[H])C(OC([H])([H])[H])(c1c([H])c([H])c([H])c([H])c1[H])Oc1c([H])c([H])c([H])c([H])c13)OC1=C(N2[H])C(OC([H])([H])[H])(c2c([H])c([H])c([H])c([H])c2[H])Oc2c([H])c([H])c([H])c([H])c21
EKOCUD,0,ok,0.0302,29,1,,[Hg+2]12([Se]c3n->1c([H])c([H])c([H])c3C([H])([H])[H])[Se]c1n->2c([H])c([H])c([H])c1C([H])([H])[H]
ELEKOW,0,ok,0.0909,62,1,,[Ni+2]1(Cl)(<-n2c(-c3c([H])c([H])c([H])c([H])c3[H])c([H])c([H])c3c2C(=N->1c1c(C([H])(C([H])([H])[H])C([H])([H])[H])c([H])c([H])c([H])c1C([H])(C([H])([H])[H])C([H])([H])[H])C([H])([H])C([H])([H])C3([H])[H])Cl
ELISAV,0,ok,0.0929,58,1,,[Pt+2]12(Cl)<-S(c3c(N->1=P(c1c2c([H])c([H])c([H])c1[H])(c1c([H])c([H])c([H])c([H])c1[H])c1c([H])c([H])c([H])c([H])c1[H])c([H])c([H])c([H])c3[H])c1c([H])c([H])c([H])c([H])c1[H]
ELOPIG,0,ok,0.0920,60,1,,c12N3=P(c4c([Pt+2]<-3(Cl)<-S(c1c([H])c([H])c([H])c2[H])c1c([H])c([H])c([N+]([O-])=O)c([H])c1[H])c([H])c([H])c([H])c4[H])(c1c([H])c([H])c([H])c([H])c1[H])c1c([H])c([H])c([H])c([H])c1[H]
EMALOU,0,ok,0.0385,39,1,,[Ag+]12(<-C3N(C(c4c([H])c([H])c(C(=O)OC([H])([H])[H])c([H])c4[H])([H])[H])C([H])=C([H])N3C([H])([H])[H])<-O=C->1(O2)C([H])([H])[H]
EMEJUB,0,ok,0.1349,47,1,,[Ti+4]12345(Cl)(Cl)(<-N(c6c(C([H])([H])[H])c([H])c([H])c([H])c6C([H])([H])[H])=C1N(C([H])([H])[H])C([H])([H])[H])C16C->2(=C->3([H])C->4([H])=C->51[H])C([H])=C([H])C([H])=C6[H]
EMOSEF,0,ok,0.0720,75,1,,[Ru+4]1(I)(I)(<-O(c2c(C=1[H])c([H])c([H])c([H])c2[H])C([H])(C([H])([H])[H])C([H])([H])[H])<-C1N(c2c(C([H])([H])[H])c([H])c(C([H])([H])[H])c([H])c2C([H])([H])[H])C([H])([H])C([H])([H])N1c1c(C([H])([H])[H])c([H])c(C([H])([H])[H])c([H])c1C([H])([H])[H]
ENALUB,0,ok,0.0374,34,1,,[Ag+]12(<-C3N(C(c4c([H])c([H])c(C#N)c([H])c4[H])([H])[H])C(Cl)=C(Cl)N3C([H])([H])[H])<-O=C->1(O2)C([H])([H])[H]
ENEGAF,0,ok,0.1129,67,1,,[Pd+2](Cl)(<-P(C(c1nc(-c2c(C([H])([H])[H])c([H])c(C([H])([H])[H])c([H])c2C([H])([H])[H])c([H])c([H])c1[H])([H])[H])(c1c([H])c([H])c([H])c([H])c1C([H])([H])[H])c1c([H])c([H])c([H])c([H])c1C([H])([H])[H])C([H])([H])[H]
ENICAF,0,ok,0.1396,52,1,,[Mo+2]12345678(OC(=O->1)C([H])([H])[H])<-P(c1c(C->29=C->3([H])C->4([H])=C->5([H])C6([H])C->7([H])=C->89[H])c([H])c([H])c([H])c1[H])(C(C([H])([H])[H])(C([H])([H])[H])[H])C(C([H])([H])[H])(C([H])([H])[H])[H]
ENSPAU,-1,ok,0.0219,21,1,,[Au+3]1(<-N(C(C([H])([H])N->1([H])[H])([H])[H])([H])[H])(S([O-])(=O)=O)S(=O)([O-])=O
EPAKUD,0,ok,0.3450,76,1,,[Fe+2]12345([H])(<-P(C([H])([H])C([H])([H])P->1(c1c([H])c([H])c([H])c([H])c1[H])c1c([H])c([H])c([H])c([H])c1[H])(c1c([H])c([H])c([H])c([H])c1[H])c1c([H])c([H])c([H])c([H])c1[H])<-C1([Si](C([H])([H])[H])(C([H])([H])[H])C([H])([H])[H])=C->2([H])C3([H])C->4([H])=C->51[H]
EPEJUG,0,ok,0.0665,81,1,,[V+5]12(=O)(OC([H])([H])[H])<-N(C([H])([H])[H])(C([H])([H])c3c(c(C(C([H])([H])[H])(C([H])([H])[H])C([H])([H])[H])c([H])c(C([H])([H])[H])c3[H])O1)C([H])([H])C([H])([H])N(C([H])([H])[H])C([H])([H])c1c([H])c(C([H])([H])[H])c([H])c(C(C([H])([H])[H])(C([H])([H])[H])C([H])([H])[H])c1O2
EPOFUL,0,ok,0.0683,69,1,,C1(N=N2c3c4c([H])c([H])c([H])c([H])c4n([H])c3O[Zn+2]<-234(<-S=1)<-N(c1c2c([H])c([H])c([H])c([H])c2n([H])c1O3)=NC(=S->4)SC([H])([H])c1c([H])c([H])c([H])c([H])c1[H])SC([H])([H])c1c([H])c([H])c([H])c([H])c1[H]
EPULIM,0,ok,0.0476,53,1,,[Pd+2]1(<-[Se](C(c2n->1nn(-c1c(C([H])(C([H])([H])[H])C([H])([H])[H])c([H])c([H])c([H])c1C([H])(C([H])([H])[H])C([H])([H])[H])c2[H])([H])[H])c1c([H])c([H])c([H])c([H])c1[H])(Cl)Cl
EQADIL,0,ok,0.0887,26,1,,[W+4]123(<-O=O->1)(<-O=O->2)(=O)N1C([H])=C([H])C([H])=C([H])C1=C1N3C([H])=C([H])C([H])=C1[H]
EQIJAR,-1,ok,0.0338,43,1,,C12=C(SC([H])(C([H])([H])[H])C([H])([H])C([H])(C([H])([H])[H])S1)S[Au+]1(<-S=C3C(=S->1)SC([H])(C([H])([H])[H])C([H])([H])C([H])(C([H])([H])[H])S3)S2
EQOFEW,0,ok,0.0591,63,1,,[Zn+2](SC(=O)c1c([H])c([H])c([H])c([H])c1[H])(SC(=O)c1c([H])c([H])c([H])c([H])c1[H])(<-n1c([H])c(C([H])([H])[H])c([H])c(C([H])([H])[H])c1[H])<-n1c([H])c(C([H])([H])[H])c([H])c(C([H])([H])[H])c1[H]
EQUKEI,0,ok,0.0892,53,1,,[Ru+2]123456(Cl)(OP(=O)(c7n->1c([H])c([H])c([H])c7C([H])([H])[H])c1c([H])c([H])c([H])c([H])c1[H])<-c1(C([H])(C([H])([H])[H])C([H])([H])[H])c->2([H])c->3([H])c->4(C([H])([H])[H])c->5([H])c->61[H]
ERAYAZ,0,ok,0.0543,54,1,,[Hg+2]12345(<-O(C(c6n->1c([H])c([H])c([H])c6[H])([H])[H])C([H])([H])c1n->2c(C(O->3C([H])([H])c2n->4c([H])c([H])c([H])c2[H])([H])[H])c([H])c([H])c1[H])(O[Cl+3]([O-])([O-])[O-])O[Cl+3]([O-])([O-])O5
ERIBAI,0,ok,0.0502,54,1,,[Hg+2]1(<-[Se](c2c([H])c([H])c([H])c([H])c2C2=N->1C(C([H])([H])[H])(C([H])([H])[H])C([H])([H])O2)c1c([H])c([H])c([H])c([H])c1C1=NC(C([H])([H])[H])(C([H])([H])[H])C([H])([H])O1)(Cl)Cl
EROCAR,0,ok,0.0439,42,1,,[Pt+4]12(<-n3c(-c4c1c([H])c([H])c([H])c4[H])c([H])c([H])c([H])c3[H])Oc1c(c([H])c(N(C([H])([H])[H])[H])c([O-])c1[H])N2C([H])([H])[H]
ERURAL,0,ok,0.0604,55,1,,C([H])([H])([H])C([H])(C([H])([H])C([H])([H])[H])[Zn+2](<-n1c(C([H])([H])[H])c([H])c([H])c([H])c1[H])(C(C([H])([H])[H])([H])C([H])([H])C([H])([H])[H])<-n1c(C([H])([H])[H])c([H])c([H])c([H])c1[H]
ESAKIT,0,ok,0.1321,80,1,,[Ru+2]1234567(<-O8[B-](n9n->1c([H])c([H])c9[H])(c1c([H])c([H])c([H])c([H])c1[H])OB(c1c([H])c([H])c([H])c([H])c1[H])O[B-]8(n1n->2c([H])c([H])c1[H])c1c([H])c([H])c([H])c([H])c1[H])<-c1(C([H])([H])[H])c->3([H])c->4([H])c->5(C([H])(C([H])([H])[H])C([H])([H])[H])c->6([H])c->71[H]
ESAWOL,0,ok,0.0662,45,1,,[Ir+3]12([H])(<-S=c3n([B-]1(n1c(=S->2)n(C([H])([H])[H])c([H])c1[H])n1nc(C([H])([H])[H])c([H])c1C([H])([H])[H])c([H])c([H])n3C([H])([H])[H])(<-[C-]#[O+])<-[C-]#[O+]
ESIHUJ,0,ok,0.0878,59,1,,[Pd+2]12(OC3=C(C(N->1(C([H])([H])[H])C([H])([H])[H])([H])[H])C(=O)c1c(c([H])c([H])c([H])c1[H])C3=O)OC1=C(C(N->2(C([H])([H])[H])C([H])([H])[H])([H])[H])C(=O)c2c(c([H])c([H])c([H])c2[H])C1=O
ESOCEU,0,ok,0.0856,71,1,,[W+6]1234(=S)(<-n5n([B-](n6n->1c(C([H])([H])[H])c([H])c6C([H])([H])[H])(n1n->2c(C([H])([H])[H])c([H])c1C([H])([H])[H])[H])c(C([H])([H])[H])c([H])c5C([H])([H])[H])SP3(c1c([H])c([H])c([H])c([H])c1[H])(c1c([H])c([H])c([H])c([H])c1[H])S4
ESOTIQ,0,ok,0.1980,80,1,,[Pd+4]123n4c5c([H])c([H])c4=C(c4c([H])c([H])c([H])c([H])c4[H])C4=C([H])C([H])=C(C(c6c([H])c([H])c([H])c([H])c6[H])=c6c([H])c([H])c(n61)=C(c1c([H])c([H])c([H])c([H])c1[H])c1n2c(c([H])c1[H])C=5c1c([H])c([H])c([H])c([H])c1[H])C34C(=O)[H]
ETAPUK,0,ok,0.1472,75,1,,[Ru+4]12(<-[C-]#[O+])(<-[C-]#[O+])([H])([Si](C([H])([H])[H])(C([H])([H])[H])[O+](C([H])([H])[H])[Si]1(C([H])([H])[H])C([H])([H])[H])[Si](C([H])([H])[H])(C([H])([H])[H])c1c([H])c([H])c([H])c3c1Oc1c(c([H])c([H])c([H])c1C3(C([H])([H])[H])C([H])([H])[H])[Si]2(C([H])([H])[H])C([H])([H])[H]
ETEDEO,1,ok,0.0371,33,1,,[Re+]1(<-n2c(-c3n->1c([H])c([H])c([H])c3[H])sc1c2c([H])c([H])c([H])c1[H])(<-[C-]#[O+])(<-[C-]#[O+])<-[C-]#[O+].O([H])[H]
ETGLNI,0,ok,0.0322,45,1,,[Ni]12(OC(=O)C(N->1(C(C(=[O+][H])[H])([H])[H])C(C(O[H])([H])[H])([H])[H])([H])[H])<-N(C([H])([H])C(O2)=O)(C([H])([H])C(=[O+][H])[H])C(C(O[H])([H])[H])([H])[H]
ETOTIR,0,ok,0.0420,46,1,,C1(=C(C([H])([H])[H])N(O[H])[Co+3]2(<-N1=O)(N(C(=C(C([H])([H])[H])N->2=O)C([H])([H])[H])O[H])(<-n1c([H])c([H])c(C([H])([H])[H])c([H])c1[H])Cl)C([H])([H])[H]
ETUQOB,0,ok,0.0451,38,1,,[Re+]1(ON=O)(<-n2c(C([H])([H])[H])c([H])c([H])c3c2c2n->1c(C([H])([H])[H])c([H])c([H])c2c([H])c3[H])(<-[C-]#[O+])(<-[C-]#[O+])<-[C-]#[O+]
EVEWAD,0,ok,0.1368,33,1,,[Ni+2]123<-N(=C([H])c4n1c([H])c([H])c4[H])c1c([H])c(Cl)c(Cl)c([H])c1N->2=C([H])c1n3c([H])c([H])c1[H]
EWANUN,0,ok,0.2877,71,1,,[Pt+2]1(<-[C-]#[N+]c2c(C([H])([H])[H])c([H])c([H])c([H])c2C([H])([H])[H])(<-[C-]#[N+]c2c(C([H])([H])[H])c([H])c([H])c([H])c2C([H])([H])[H])SC(=C2c3c(c([H])c([H])c(OC([H])([H])[H])c3[H])-c3c([H])c([H])c(OC([H])([H])[H])c([H])c32)S1
EWEXUZ,1,ok,0.3117,75,1,,[Ir+3]123456(<-P(C(C(C->17=C->2([H])C->3([H])=C->4([H])C57[H])([H])[H])([H])c1c([H])c([H])c([H])c([H])c1[H])(c1c([H])c([H])c([H])c([H])c1[H])c1c([H])c([H])c([H])c([H])c1[H])(C([H])([H])[H])<-C1([H])=C->6([H])C([H])([H])C([H])([H])C([H])([H])C([H])([H])C([H])([H])C1([H])[H]
EWOFIF,0,ok,1.8167,82,1,,[B-](C([H]->[Zr+4]123456789(C([H])([H])[H])<-c%10%11c([H])c([H])c([H])c([H])c->1%10C21C([H])=C([H])C([H])=C([H])C->31=C->4%11C(C([H])([H])[H])(C([H])([H])[H])C51C->6([H])=C->7([H])C->8([H])=C->91[H])([H])[H])(c1c(F)c(F)c(F)c(F)c1F)(c1c(F)c(F)c(F)c(F)c1F)c1c(F)c(F)c(F)c(F)c1F
EWUCUW,0,ok,0.0536,30,1,,[Pd+2]12(Cl)SC(=NN->1=C(c1n->2c([H])c([H])c2c1c([H])c([H])c([H])c2[H])C([H])([H])[H])N([H])[H]
EWUPIV,0,ok,0.0836,73,1,,I[Pd+2]1(<-P(c2c([H])c([H])c([H])c([H])c2[H])(c2c([H])c([H])c([H])c([H])c2[H])c2c([H])c([H])c([H])c([H])c2[H])<-N(c2c(C1(C(OC(C([H])([H])[H])([H])[H])=O)[H])c([H])c([H])c([H])c2[H])(C([H])([H])[H])C([H])([H])C([H])([H])C([H])([H])[H]
EXAYIN,0,ok,0.0378,40,1,,C12([H])->[Ir+]34567(<-C=1([H])C([H])([H])C([H])([H])C->3([H])=C->4([H])C([H])([H])C2([H])[H])<-[B-](n1c(=N->5C([H])([H])[H])c([H])c([H])c([H])c1[H])([H])([H]->6)[H]->7
EXIFAS,0,ok,0.0755,56,1,,[Co+]123(<-O=C(C(F)(F)F)C([H])=C(C(F)(F)F)O1)(OC(C(F)(F)F)=C([H])C(C(F)(F)F)=O->2)<-N1=C(C(N([H])[H])=O->3)[N+](=O)C(C([H])([H])[H])(C([H])([H])[H])C1(C([H])([H])[H])C([H])([H])[H]
EXOTAM,0,ok,0.0635,84,1,,[Y+3]12(N(C(C([H])([H])[H])(C([H])([H])[H])C([H])([H])[H])C(C(N->1(C(C(N(C([H])([H])[H])C([H])([H])[H])([H])[H])([H])[H])C(C(N->2(C([H])([H])[H])C([H])([H])[H])([H])[H])([H])[H])([H])[H])([H])[H])(C([Si](C([H])([H])[H])(C([H])([H])[H])C([H])([H])[H])([H])[H])C([Si](C([H])([H])[H])(C([H])([H])[H])C([H])([H])[H])([H])[H]
EYAYUY,0,ok,0.0349,35,1,,[Hg+2]1(SC(=C(S->1C([H])([H])[H])c1c([H])c([H])c([H])c([H])c1[H])c1c([H])c([H])c([H])c([H])c1[H])C([H])([H])[H]
EYICUK,0,ok,0.0383,30,1,,[Re+]1(Cl)(<-N(=Nc2n->1c([H])c([H])c([H])n2)c1c([H])c([H])c([H])c([H])c1[H])(<-[C-]#[O+])(<-[C-]#[O+])<-[C-]#[O+]
EYOVAQ,1,ok,0.0893,54,1,,[Zn+2]12(<-O=c3n(-c4c([H])c([H])c([H])c([H])c4[H])n(C([H])([H])[H])c(C([H])([H])[H])c3[N+](O[H])=C(c3c(O1)nc1c([H])c([H])c([H])c([H])c1c3[H])[H])(<-O([H])[H])O[N+](=O)O2
EZAFOB,1,ok,0.0564,44,1,,[Ru+4]1(Cl)(<-S(=O)(C([H])([H])[H])C([H])([H])[H])(<-S(=O)(C([H])([H])[H])C([H])([H])[H])(=S(=O)(C([H])([H])[H])C([H])([H])[H])<-N([H])([H])C([H])([H])C(N->1([H])[H])([H])[H]
EZAZEM,0,ok,0.1529,73,1,,[Re+]1234(C5([H])C->1([H])=C->2([H])C->3([H])=C->45C(=O)C([H])=C([H])c1c([H])c([H])c(C(=Nc2c([H])c3c(c([H])c2[H])OC([H])([H])C([H])([H])OC([H])([H])C([H])([H])OC([H])([H])C([H])([H])OC([H])([H])C([H])([H])O3)[H])c([H])c1[H])(<-[C-]#[O+])(<-[C-]#[O+])<-[C-]#[O+]
EZIRIQ,0,ok,0.2574,48,1,,C1([H])([H])=C2([H])C([H])=C([H])S(=O)(=O)[Ru+2]<-1<-23456(<-C1(C([H])([H])[H])=C->3(C([H])([H])[H])C->4(C([H])([H])[H])=C->5(C([H])([H])[H])C16C([H])([H])[H])<-S(C([H])([H])[H])(C([H])([H])[H])=O
EZONUE,0,ok,0.0628,64,1,,N1([Ag+](<-N(C([H])([H])c2c([H])c([H])c([H])c([H])c2[H])(C([H])([H])[H])C([H])([H])[H])<-N(C([H])([H])c2c([H])c([H])c([H])c([H])c2[H])(C([H])([H])[H])C([H])([H])[H])S(=O)(=O)c2c(c([H])c([H])c([H])c2[H])S1(=O)=O
FABWIO,0,ok,0.0466,45,1,,[W+6]12(=O)(=O)<-n3c(C(N(C([H])([H])c4c(c([H])c([H])c([H])c4[H])O1)C([H])([H])c1c([H])c([H])c([H])c([H])c1O2)([H])[H])c([H])c([H])c([H])c3[H]
FACHIB,0,ok,0.0538,37,1,,[Ti+4]12345(Cl)(Cl)<-C6(=C->1([H])C2([H])C->3([H])=C->46[H])[Si](C([H])([H])[H])(C([H])([H])[H])N(C([H])([H])[H])C([H])([H])C([H])([H])N5C([H])([H])[H]
FADVAI,0,ok,0.0202,24,1,,[Hg+2]1(SC2([H])O->1C([H])([H])C(O[H])([H])C(O[H])([H])C2(O[H])[H])C([H])([H])[H]
FAFZAO,0,ok,0.0682,37,1,,[Cr+2](<-[C-]#[O+])(<-[C-]#[O+])(<-[C-]#[O+])(<-[C-]#[O+])(<-[C-]#[O+])=C(c1c([H])c2c(c([H])c1[H])oc1c([H])c([H])c([H])c([H])c12)OC([H])([H])[H]
FAGPUZ,0,ok,0.2379,40,1,,BrB([Fe+2]1234(<-[C-]#[O+])(<-[C-]#[O+])C5([H])C->1([H])=C->2([H])C->3([H])=C->45C([H])([H])[H])c1c(C([H])([H])[H])c([H])c(C([H])([H])[H])c([H])c1C([H])([H])[H]
FAHFAW,0,ok,0.0924,71,1,,[Pd+4]12(Br)n3c(C([H])([H])[H])c(C([H])([H])C([H])([H])[H])c(C([H])([H])C([H])([H])[H])c3C([H])=c3n1c(c(C([H])([H])C([H])([H])[H])c3C([H])([H])C([H])([H])[H])=C([H])c1n2c(C([H])([H])[H])c(C([H])([H])C([H])([H])[H])c1C([H])([H])C([H])([H])[H]
FAJFOM,0,ok,0.0395,49,1,,[Cu+]1(Cl)<-N2=C3N(C(N4C5=NC([H])([H])C([H])([H])C([H])([H])N5C([H])([H])C([H])([H])C4([H])[H])([H]->1)[H])C([H])([H])C([H])([H])C([H])([H])N3C([H])([H])C([H])([H])C2([H])[H]
FAJVUK,0,ok,0.0926,82,1,,[Pd+2]1(<-P2(c3c([H])c([H])c([H])c([H])c3[H])C([H])([H])c3c(c4c(c([H])c([H])c([H])c4[H])c([H])c3[H])-c3c(c([H])c([H])c4c3c([H])c([H])c([H])c4[H])C2([H])[H])(OS(=O)(=O)C([H])([H])[H])<-N(c2c(-c3c1c([H])c([H])c([H])c3[H])c([H])c([H])c([H])c2[H])([H])[H]
FAKMOT,1,ok,0.0523,50,1,,[Ru+4]123(OC(=O)C(N->1([H])[H])([H])[H])(<-n1c(-c4n->2c([H])c([H])c([H])c4[H])c([H])c([H])c([H])c1[H])N1C(=C2N3C([H])=C([H])C([H])=C2[H])C([H])=C([H])C([H])=C1[H]
FALDUR,0,ok,0.0407,47,1,,[Co+3]12(<-N(=O)C(C([H])([H])[H])=C(N1O[H])C([H])([H])[H])(<-N(=O)C(C([H])([H])[H])=C(N2O[H])C([H])([H])[H])(<-n1c([H])c([H])c([H])c([H])c1[H])C(Cl)(C#N)[H]
FANDUV,0,ok,0.0868,73,1,,[Ni+2](<-P(C(C1=NC([H])([H])C([H])([H])O1)([H])[H])(c1c([H])c([H])c([H])c([H])c1[H])c1c([H])c([H])c([H])c([H])c1[H])(Cl)(<-P(C(C1=NC([H])([H])C([H])([H])O1)([H])[H])(c1c([H])c([H])c([H])c([H])c1[H])c1c([H])c([H])c([H])c([H])c1[H])Cl
FANREU,0,ok,0.0644,73,1,,[Pd]1<-P(c2c(-c3c([H])c([H])c([H])c([H])c3-c3c(P->1(C([H])(C([H])([H])[H])C([H])([H])[H])C(C([H])([H])[H])([H])C([H])([H])[H])c([H])c([H])c([H])c3[H])c([H])c([H])c([H])c2[H])(C(C([H])([H])[H])(C([H])([H])[H])[H])C(C([H])([H])[H])(C([H])([H])[H])[H]
FANXAW,0,ok,0.0698,76,1,,[V+5]1(OC(C([H])([H])[H])(C([H])([H])[H])C([H])([H])[H])(=NC23C([H])([H])C4([H])C([H])([H])C([H])(C2([H])[H])C([H])([H])C([H])(C3([H])[H])C4([H])[H])(<-n2c([H])c([H])c([H])c([H])c2C(N1c1c(C([H])([H])[H])c([H])c([H])c([H])c1C([H])([H])[H])([H])[H])C([H])([H])[H]
FAPSIB,0,ok,0.1184,82,1,,[Fe]1(<-P(c2c([H])c([H])c([H])c([H])c2[H])(C(C(P->1(c1c([H])c([H])c([H])c([H])c1[H])c1c([H])c([H])c([H])c([H])c1[H])([H])[H])([H])[H])c1c([H])c([H])c([H])c([H])c1[H])(<-P(C([H])([H])[H])(C([H])([H])[H])C([H])([H])[H])<-C(#CC(C([H])([H])[H])([H])[H])C(C([H])([H])[H])([H])[H]
FAPZAX,0,ok,0.6162,68,1,,[Ti+4]12345678(c9c([H])c([H])c([H])c([H])c9[H])(=C([P+](c9c([H])c([H])c([H])c([H])c9[H])(c9c([H])c([H])c([H])c([H])c9[H])c9c([H])c([H])c([H])c([H])c9[H])[H])(<-C9([H])=C->1([H])C2([H])C->3([H])=C->49[H])<-C1([H])=C->5([H])C->6([H])=C->7([H])C81[H]
FARXAA,1,ok,0.0557,57,1,,[Cd+2]12(Cl)(<-O(C([H])([H])[H])[H])<-N(C(C([H])([H])C(N=C(c3n([H])c4c(n->13)c([H])c([H])c([H])c4[H])C([H])([H])[H])([H])[H])([H])[H])=C(c1n([H])c3c([H])c([H])c([H])c([H])c3n->21)C([H])([H])[H]
FATCAG,0,ok,0.2276,70,1,,[Co+3]123(n4c5c([H])c([H])c([H])c([H])c5nc4-c4n->1c([H])c([H])c([H])c4[H])(<-n1c(-c4n2c2c(n4)c([H])c([H])c([H])c2[H])c([H])c([H])c([H])c1[H])n1c(-c2c([H])c([H])c([H])c([H])n->32)nc2c1c([H])c([H])c([H])c2[H]
FAVHUF,0,ok,0.0796,79,1,,[Pd+2]1(<-P(c2c([H])c([H])c([H])c([H])c2[H])(c2c([H])c([H])c([H])c([H])c2[H])c2c([H])c([H])c([H])c([H])c2[H])(<-P(c2c([H])c([H])c([H])c([H])c2[H])(c2c([H])c([H])c([H])c([H])c2[H])c2c([H])c([H])c([H])c([H])c2[H])SC1(C(F)(F)F)C(F)(F)F
FAWFIT,0,ok,0.0578,31,1,,[Re+3]1(Cl)(<-[C-]#[O+])(<-[C-]#[O+])(<-[C-]#[O+])N2C([H])=C([H])C([H])=C3C2=C2N1C([H])=C([H])C([H])=C2C1([H])OC31[H]
FAXBEL,0,ok,0.3699,36,1,,[Fe+2]1234(P5(c6c([H])c([H])c([H])c([H])c6[H])=NP(Cl)(Cl)=NP(Cl)(Cl)=N5)(<-[C-]#[O+])(<-[C-]#[O+])<-C5([H])=C->1([H])C2([H])C->3([H])=C->45[H]
FAYJEU,0,ok,0.1101,84,1,,[Pt+2](<-P(c1c([H])c([H])c([H])c([H])c1[H])(c1c([H])c([H])c([H])c([H])c1[H])c1c([H])c([H])c([H])c([H])c1[H])(<-P(c1c([H])c([H])c([H])c([H])c1[H])(c1c([H])c([H])c([H])c([H])c1[H])c1c([H])c([H])c([H])c([H])c1[H])=C(S(=O)(=O)C(F)(F)F)S(=O)(=O)C(F)(F)F
FAYMIC,0,ok,0.0418,38,1,,[Zn+2]123(Oc4c(C(=N->1C([H])([H])c1n->2c([H])c([H])c([H])c1[H])[H])c1c(c([H])c4[H])c([H])c([H])c([H])c1[H])O[N+](=O)O3
FAZXIN,0,ok,0.1782,78,1,,[Ru+4]123(<-n4c([H])c([H])c([H])c([H])c4[H])(<-P(c4c([H])c([H])c([H])c([H])c4[H])(c4c([H])c([H])c([H])c([H])c4[H])c4c([H])c([H])c([H])c([H])c4[H])Oc4c(Cl)c([H])c(Cl)c([H])c4C(=O)N1C([H])([H])C([H])([H])N2C(=O)c1c2c(Cl)c-2c(Cl)c1O3
FEBNEH,0,ok,0.1423,58,1,,Br[Ti+4]12345(Br)<-C6(C([H])([H])[H])=C->1(C([H])([H])[H])C->2(C([H])([H])[H])=C->3(C([H])([H])[H])C64c1c([H])c2c([H])c([H])c([H])c([H])c2c(-c2c(O[H])c([H])c([H])c3c([H])c([H])c([H])c([H])c23)c1O5
FECSUC,0,ok,0.1269,76,1,,[Ni+2]1234(<-P(c5c([H])c([H])c([H])c([H])c5[H])(c5c([H])c([H])c([H])c([H])c5[H])c5c([H])c([H])c([H])c([H])c5[H])(Cl)<-C5([Si](C([H])([H])[H])(C([H])([H])[H])C([H])([H])[H])=C->16C2(C->3([Si](C([H])([H])[H])(C([H])([H])[H])C([H])([H])[H])=C->45[H])C([H])=C([H])C([H])=C6[H]
FEDXER,0,ok,0.0552,61,1,,[Mo]12345(<-O(C6([H])C7([H])C->1([H])=C->2([H])C6([H])C([H])=C7[H])C(C([H])([H])[H])(C([H])([H])[H])C([H])([H])[H])(<-[C-]#[O+])(<-[C-]#[O+])<-C1([H])=C->3([H])C2([H])C->4([H])=C->5([H])C1([H])C2(OC(C([H])([H])[H])(C([H])([H])[H])C([H])([H])[H])[H]
FEGHOP,0,ok,0.0974,70,1,,[Ru+4]1(Cl)(Cl)(<-n2c(C(C(C=1[H])([H])[H])([H])[H])c([H])c([H])c([H])c2[H])<-C1N(c2c(C([H])([H])[H])c([H])c(C([H])([H])[H])c([H])c2C([H])([H])[H])C([H])([H])C([H])([H])N1c1c(C([H])([H])[H])c([H])c(C([H])([H])[H])c([H])c1C([H])([H])[H]
FEGZUO,0,ok,0.0435,44,1,,[Fe]1(<-C(=C->1=C([Si](C([H])([H])[H])(C([H])([H])[H])C([H])([H])[H])c1c([H])c([H])c([H])c2c([H])c([H])c([H])c([H])c12)([H])[H])(<-[C-]#[O+])(<-[C-]#[O+])(<-[C-]#[O+])<-[C-]#[O+]
FEHKAG,0,ok,0.0827,70,1,,[Ir+3]123(<-n4c(-c5c1c([H])c([H])c([H])c5[H])sc1c4c([H])c([H])c(F)c1[H])(c1c(-c4sc5c([H])c(F)c([H])c([H])c5n->24)c([H])c([H])c([H])c1[H])<-n1c2c(sc1-c1c3c([H])c([H])c([H])c1[H])c([H])c(F)c([H])c2[H]
FEHTER,0,ok,0.0915,45,1,,[Cu+]12(<-C3#Cc4c(c([H])c([H])c([H])c4[H])C#Cc4c(c([H])c([H])c([H])c4[H])C#Cc4c3c([H])c([H])c([H])c4[H])<-S(=O)(=O->1)(O2)C(F)(F)F
FEJQOD,0,ok,0.0361,35,1,,[Ni+2]12(<-n3c(c([H])c(O[H])c([H])c3C(=O)O1)C(=O)O2)<-n1c(N([H])[H])nc([H])c([H])c1[H].O([H])[H].O([H])[H]
FEKTUK,0,ok,0.0421,49,1,,[Ni+4]12345<-N6(C([H])([H])C(=O)O1)C([H])([H])C([H])([H])N->2(C(C([O-])=O)([H])[H])C([H])=C([H])N->3(C([H])([H])C(=O)O4)C([H])([H])C([H])([H])N->5(C(C(=O)[O-])([H])[H])C([H])=C6[H]
FELJIR,0,ok,0.0552,33,1,,[Re+7](OP(O[H])(O[H])=O)(=O)(=O)(=O)<-n1c([H])c([H])c([H])c2c([H])c([H])c3c([H])c([H])c([H])nc3c12
FENCUZ,1,ok,0.0596,60,1,,[Os+2]123456(Br)(<-n7c8c([H])c([H])c([H])c([H])c8sc7N=N->1c1c([H])c([H])c(N(C([H])([H])[H])C([H])([H])[H])c([H])c1[H])<-c1([H])c->2([H])c->3(C([H])([H])[H])c->4([H])c->5([H])c->61C([H])(C([H])([H])[H])C([H])([H])[H]
FENSOH,0,ok,0.0602,62,1,,[Ni]12(<-N(=O)C(C([H])([H])[H])=C(N->1=NC(=O->2)c1c([H])c([H])c(OC([H])([H])[H])c([H])c1[H])C([H])([H])[H])<-n1c([H])c([H])c([H])c([H])c1[H].n1c([H])c([H])c([H])c([H])c1[H].O=C(O[H])C([H])([H])[H]
FEPKET,0,ok,0.0397,37,1,,[Zn+2](OC(c1c([H])c(Br)c([H])c([H])c1O[H])=O)(<-O([H])[H])(OC(c1c([H])c(Br)c([H])c([H])c1O[H])=O)<-O([H])[H]
FEQDIO,0,ok,0.2114,44,1,,[Fe+2]12345(<-P(C(=S)N(C1=O)C([H])([H])[H])(C(C([H])([H])[H])(C([H])([H])[H])C([H])([H])[H])C(=S)N(C([H])([H])[H])[H])(<-[C-]#[O+])<-C1([H])=C->2([H])C3([H])C->4([H])=C->51[H]
FERHOB,0,ok,0.1887,69,1,,[Ir+3]12345(Cl)(P6(=O)C([H])(c7c([H])c([H])c([H])c([H])c7[H])C([H])=C(c7c([H])c([H])c([H])c([H])c7[H])C([H])=C6c6n->1c([H])c([H])c([H])c6[H])C1(C([H])([H])[H])C->2(C([H])([H])[H])=C->3(C([H])([H])[H])C->4(C([H])([H])[H])=C->51C([H])([H])[H]
FERVUT,0,ok,0.0496,72,1,,[Ru+4]1(<-P(C(P->1(C(C([H])([H])[H])(C([H])([H])[H])C([H])([H])[H])C(C([H])([H])[H])(C([H])([H])[H])C([H])([H])[H])([H])[H])(C(C([H])([H])[H])(C([H])([H])[H])C([H])([H])[H])C(C([H])([H])[H])(C([H])([H])[H])C([H])([H])[H])(Cl)(Cl)=C(C(C([H])([H])[H])(C([H])([H])[H])[H])[H]
FETHAP,0,ok,0.0740,76,1,,[Ir+5]123(<-n4n([B-](n5n->1c(C([H])([H])[H])c([H])c5C([H])([H])[H])(n1n->2c(C([H])([H])[H])c([H])c1C([H])([H])[H])[H])c(C([H])([H])[H])c([H])c4C([H])([H])[H])(c1c([H])c([H])c([H])c([H])c1[H])=C1N(C([H])=C([H])C([H])=C1[H])c1c3c([H])c([H])c([H])c1[H]
FETMUN,0,ok,0.0464,57,1,,c1([H])c([H])c([H])c([H])c(C(C([H])=C([H])N(C([H])([H])[H])C([H])([H])[H])=O)n1->[Ni+2](<-N#C[S-])(<-n1c([H])c([H])c([H])c([H])c1C(C([H])=C([H])N(C([H])([H])[H])C([H])([H])[H])=O)<-N#C[S-]
FEVNAY,0,ok,0.0531,49,1,,[Zn+2](<-n1c2nc(-c3oc([H])c([H])c3[H])c([H])c([H])c2c([H])c([H])c1[H])(<-n1c2nc(-c3c([H])c([H])c([H])o3)c([H])c([H])c2c([H])c([H])c1[H])(Cl)Cl
FEVZOY,0,ok,0.0718,66,1,,[Ir+5]123(<-P(C(c4n->1c(C(N1C=2N(C([H])([H])C1([H])[H])c1c3c(C([H])([H])[H])c([H])c(C([H])([H])[H])c1[H])([H])[H])c([H])c([H])c4[H])([H])[H])(c1c([H])c([H])c([H])c([H])c1[H])c1c([H])c([H])c([H])c([H])c1[H])([H])[H]
FEWVIN,0,ok,0.1126,79,1,,[Pt]1(<-P(C(C(P->1(c1c([H])c([H])c([H])c([H])c1[H])c1c([H])c([H])c([H])c([H])c1[H])([H])[H])([H])[H])(c1c([H])c([H])c([H])c([H])c1[H])c1c([H])c([H])c([H])c([H])c1[H])<-C(C#Cc1c([H])c([H])c([H])c([H])c1[H])#Cc1c([H])c([H])c([H])c([H])c1[H]
FEXDIY,0,ok,0.0735,65,1,,c1([H])c([H])c([H])c([H])c2C(C([H])([H])[H])=N3N=C(N(c4c([H])c([H])c([H])c([H])c4[H])[H])S[Zn+2]<-345(<-n12)SC(N(c1c([H])c([H])c([H])c([H])c1[H])[H])=NN->4=C(c1c([H])c([H])c([H])c([H])n->51)C([H])([H])[H]
FEYBOC,0,ok,0.0444,40,1,,[Ni+2]123(<-n4c(c([H])c(O[H])c([H])c4C(=O)O1)C(=O)O2)<-n1c([H])c([H])c([H])c([H])c1-c1n->3c([H])c([H])c([H])c1[H].O([H])[H]
FEYZAK,0,ok,0.0844,55,1,,[Pd+2]12(Cl)(C(C->1(=C->2([H])[H])C([H])([H])[H])([H])[H])C([P+](c1c([H])c([H])c([H])c([H])c1[H])(c1c([H])c([H])c([H])c([H])c1[H])c1c([H])c([H])c([H])c([H])c1[H])(C(=O)C([H])([H])[H])[H]
FEZROS,0,ok,0.0587,55,1,,[Mo+6]12(=O)(=O)<-N(=C([H])c3c(c([H])c([H])c(Br)c3[H])O1)N=C(N([H])N=C([H])c1c(O[H])c([H])c([H])c(Br)c1[H])N2N=C([H])c1c(O[H])c([H])c([H])c(Br)c1[H].O([H])[H]
FIBVOE,0,ok,0.0572,47,1,,[Fe]123(<-[C-]#[O+])(<-[C-]#[O+])(<-[C-]#[O+])<-C4(c5c([H])c([H])c([H])c([H])c5[H])=C->15C->2(=C->3(c1c([H])c([H])c([H])c([H])c1[H])C4=O)C([H])([H])C([H])([H])C([H])([H])C5([H])[H]
FICDIH,0,ok,0.0641,77,1,,[C-](#[O+])->[Re+]1(<-[C-]#[O+])(Br)<-P(C([H])(C([H])([H])[H])C([H])([H])[H])(C([H])(C([H])([H])[H])C([H])([H])[H])OC([H])([H])C(N(C([H])([H])c2c([H])c([H])c([H])c([H])c2[H])C(C(OP->1(C([H])(C([H])([H])[H])C([H])([H])[H])C([H])(C([H])([H])[H])C([H])([H])[H])([H])[H])([H])[H])([H])[H]
FICVOD,0,ok,0.1934,85,1,,[Zr+4]1234(<-C(c5c([H])c(C(=O)O[H])c([H])c(O[H])c5[H])(=O->1)O2)(N1C([H])=C([H])C(=C([H])C([H])=C2C([H])=C([H])[N-]C([H])=C2[H])C([H])=C1[H])(<-C(c1c([H])c(C(=O)O[H])c([H])c(O[H])c1[H])(=O->3)O4)<-n1c([H])c([H])c(C([H])=C([H])c2c([H])c([H])nc([H])c2[H])c([H])c1[H]
FIFCAY,0,ok,0.0242,25,1,,[Fe]123(<-[C-]#[O+])(<-[C-]#[O+])(<-[C-]#[O+])<-C(C(=O)[H])(=C->1(C->2(=C->3(C(OC([H])([H])[H])=O)[H])[H])[H])[H]
FIGKAH,0,ok,0.0837,79,1,,[Pt+2]1(<-P(c2c([H])c([H])c([H])c([H])c2[H])(c2c([H])c([H])c([H])c([H])c2[H])c2c([H])c([H])c([H])c([H])c2[H])(<-P(c2c([H])c([H])c([H])c([H])c2[H])(c2c([H])c([H])c([H])c([H])c2[H])c2c([H])c([H])c([H])c([H])c2[H])SC1(C(F)(F)F)C(F)(F)F
FIGRUJ,1,ok,0.0463,46,1,,[Ag+]1234<-S5C([H])([H])c6n->1c1c(c([H])c6[H])c([H])c([H])c6c1n->2c(c([H])c6[H])C([H])([H])S->3C([H])([H])C([H])([H])N->4(C([H])([H])[H])C([H])([H])C5([H])[H]
FIHJEM,0,ok,0.1762,54,1,,[Ru+4]1234(<-P(C([H])([H])[H])(C([H])([H])[H])C([H])(C([H])([H])[H])C([H])([H])[H])([Si](C([H])([H])[H])(Cl)Cl)(<-C5(C([H])([H])[H])=C->1(C([H])([H])[H])C->2(C([H])([H])[H])=C->3(C([H])([H])[H])C45C([H])([H])[H])([H])[H]
FIHLUG,0,ok,0.1246,64,1,,[V+3]1234(<-O=C(N=N->1C(C([H])([H])[H])=C(N->2=NC(=O->3)c1c([H])c([H])c(OC([H])([H])[H])c([H])c1[H])C([H])([H])[H])c1c([H])c([H])c(OC([H])([H])[H])c([H])c1[H])(<-O=C(C([H])([H])[H])C([H])=C(O4)C([H])([H])[H])=O
FIHSUM,1,ok,0.3860,85,1,,[Ru+4]12345(<-P(C([H])([H])C(P->1(c1c([H])c([H])c([H])c([H])c1[H])c1c([H])c([H])c([H])c([H])c1[H])([H])[H])(c1c([H])c([H])c([H])c([H])c1[H])c1c([H])c([H])c([H])c([H])c1[H])(=C([H])c1c([H])c6c([H])c([H])c([H])c([H])c6c6sc([H])c([H])c16)C1([H])C->2([H])=C->3([H])C->4([H])=C->51[H]
FIJQEW,0,ok,1.2944,39,1,,[Mo+2]123456789%10%11<-P(=P->1[Si](C([H])([H])[H])(C([H])([H])[H])C->21=C->3([H])C->4([H])=C->5([H])C61[H])[Si](C([H])([H])[H])(C([H])([H])[H])C->71=C->8([H])C->9([H])=C->%10([H])C%111[H]
FIKKEQ,1,ok,0.0803,61,1,,[Fe+2]1234(<-N5(C([H])([H])c6n->1c([H])c([H])c([H])c6[H])C([H])([H])C([H])([H])C([H])([H])N->2(C([H])([H])c1n->3c([H])c([H])c([H])c1[H])C([H])([H])C([H])([H])C5([H])[H])OC(=O->4)c1c([H])c([H])c([H])c([H])c1[H]
FILGOX,0,ok,0.0933,34,1,,C1(c2c([H])c([H])c([H])c([H])c2[H])c2c([H])c([H])c([H])c([H])n2->[Pd+2]2(<-N=1N=C(N(C([H])([H])[H])[H])S2)Cl
FILZOS,0,ok,0.0585,72,1,,[Ni+2]12(n3c(N(P->1(C1([H])C([H])([H])C([H])([H])C([H])([H])C1([H])[H])C1([H])C([H])([H])C([H])([H])C([H])([H])C1([H])[H])[H])c([H])c([H])c([H])c3=NP->2(C1([H])C([H])([H])C([H])([H])C([H])([H])C1([H])[H])C1([H])C([H])([H])C([H])([H])C([H])([H])C1([H])[H])[H]
FINNAR,0,ok,0.6216,54,1,,[Zr+4]123456789%10(<-N(=P1=C2C(C([H])([H])[H])(C([H])([H])[H])C([H])([H])[H])c1c(C([H])([H])[H])c([H])c([H])c([H])c1C([H])([H])[H])(<-C1([H])=C->3([H])C4([H])C->5([H])=C->61[H])C1([H])C->7([H])=C->8([H])C->9([H])=C->%101[H]
FINWUV,0,ok,0.0512,55,1,,[Rh+3](Cl)(Cl)(B1Oc2c(c([H])c([H])c([H])c2[H])O1)(<-P(C([H])([H])[H])(C([H])([H])[H])C([H])([H])[H])(<-P(C([H])([H])[H])(C([H])([H])[H])C([H])([H])[H])<-P(C([H])([H])[H])(C([H])([H])[H])C([H])([H])[H]
FIPKIZ,0,ok,0.0566,45,1,,[Cr+2](<-[C-]#[O+])(<-[C-]#[O+])(<-[C-]#[O+])(<-[C-]#[O+])(<-[C-]#[O+])=C(OC([H])([H])C([H])([H])[H])C([H])=C(n1nc(C([H])([H])[H])c([H])c1[H])c1c([H])c([H])c([H])c([H])c1[H]
FIQDAM,-1,ok,0.0716,45,1,,[Ni+2]12(<-S(c3c(c([H])c([H])c([H])c3[H])S1)c1c([H])c([H])c([H])c([H])c1S2)[Se]c1c(C([H])([H])[H])c([H])c(C([H])([H])[H])c([H])c1C([H])([H])[H]
FIQPOK,0,ok,0.3663,53,1,,[Pd]12(<-S=C(N([H])[H])N=N->1C1=C3C([H])=C([H])C([H])=[N+]=C3c3nc([H])c([H])c([H])c31)SC(N([H])[H])=NN2C1=C2C([H])=C([H])C([H])=[N+]=C2c2nc([H])c([H])c([H])c21
FIRFAO,0,ok,0.0515,44,1,,[Cr+2](<-[C-]#[O+])(<-[C-]#[O+])(<-[C-]#[O+])(<-[C-]#[O+])(<-[C-]#[O+])=C(N(C([H])([H])[H])C([H])([H])[H])C([H])=C(N(C([H])([H])[H])C([H])([H])[H])c1c([H])c([H])c([H])c([H])c1[H]
FIRJUN,0,ok,0.0579,65,1,,[Ni+2]12(<-N(=C(c3c(O1)c(Br)c([H])c([H])c3[H])[H])C([H])([H])C([H])([H])C(N(C([H])([H])[H])C([H])([H])[H])([H])[H])<-N(=C(c1c(O2)c(Br)c([H])c([H])c1[H])[H])C([H])([H])C([H])([H])C(N(C([H])([H])[H])C([H])([H])[H])([H])[H]
FISGAS,1,ok,0.0707,64,1,,[Ni+2]12(<-N3(C([H])([H])[H])C([H])([H])C([H])([H])N->1(C([H])([H])[H])C([H])([H])C([H])([H])C([H])([H])N(C([H])([H])[H])C([H])([H])C([H])([H])N->2(C([H])([H])[H])C([H])([H])C([H])([H])C3([H])[H])C#Cc1c([H])c([H])c([H])c([H])c1[H]
FIVHOH,0,ok,0.0346,29,1,,[Cr]12345(<-[C-]#[O+])(<-[C-]#[O+])(<-[C-]#[O+])<-C6([H])=C->1([H])C->2([H])=C->3([H])C->4([H])=C->5([H])c1c([H])c([H])c([H])c([H])c16
FIWFUN,0,ok,0.1154,62,1,,[Pd+2]1(c2c([H])c3c(n2C(N->1(C([H])([H])[H])C([H])([H])[H])([H])[H])c([H])c([H])c([H])c3[H])(<-P(c1c([H])c([H])c([H])c([H])c1[H])(c1c([H])c([H])c([H])c([H])c1[H])c1c([H])c([H])c([H])c([H])c1[H])Cl
FIYJED,1,ok,0.0646,72,1,,C1([H])([H])C([H])([H])N2(->[Ni+2]345<-N1(C([H])([H])c1c([H])c(Br)c([H])c(C([H])=O)c1O3)C([H])(C([H])([H])[H])C([H])([H])C(C([H])([H])[H])(C([H])([H])[H])N->4([H])C([H])([H])C([H])([H])N->5([H])C([H])(C([H])([H])[H])C([H])([H])C2(C([H])([H])[H])C([H])([H])[H])[H]
FIZFOM,0,ok,0.0930,65,1,,[B-]12([Ru+2](<-P(c3c([H])c([H])c([H])c([H])c3[H])(c3c([H])c([H])c([H])c([H])c3[H])c3c([H])c([H])c([H])c([H])c3[H])(<-S=c3n(C([H])([H])[H])c([H])c([H])n31)(<-S=c1n2c([H])c([H])n1C([H])([H])[H])(<-[C-]#[O+])<-[C-]#[O+])[H]
FMBCNI,0,ok,0.0397,29,1,,[B-]12(F)[Ni+4]3456(<-[C-]#[O+])(<-C1(C([H])([H])[H])=C->3(C([H])([H])[H])[B-2]->4(F)C->5(C([H])([H])[H])=C->62C([H])([H])[H])<-[C-]#[O+]
FOBKEN,0,ok,0.0554,65,1,,[Co+3]12(N(O[H])C(=C(N->1=O)C([H])([H])[H])C([H])([H])[H])(N(O[H])C(=C(N->2=O)C([H])([H])[H])C([H])([H])[H])(<-N([H])([H])C([H])(c1c([H])c([H])c([H])c([H])c1[H])C([H])([H])[H])C([H])(C(=O)N([H])C([H])([H])[H])C([H])([H])[H]
FOCHOV,0,ok,0.0797,45,1,,[Pd+2]1(Cl)(Cl)<-n2c([H])c([H])c([H])c([H])c2C2([H])N1c1c([H])c([H])c3c([H])c([H])c([H])c([H])c3c1N=[N+]2c1c([H])c([H])c([H])c([H])c1[H]
FOCWEZ,0,ok,0.0457,61,1,,[Rh+3](I)(<-P(C([H])([H])[H])(C([H])([H])[H])C([H])([H])[H])(<-P(C([H])([H])[H])(C([H])([H])[H])C([H])([H])[H])(C([H])([H])[H])(=C([N+]#N)[Si](C([H])([H])[H])(C([H])([H])[H])C([H])([H])[H])<-P(C([H])([H])[H])(C([H])([H])[H])C([H])([H])[H]
FODFAG,0,ok,0.0653,39,1,,[Pt+4]1(=S(=O)(C([H])([H])[H])C([H])([H])[H])(OC(C([H])([H])[H])=C([H])C(=O->1)C([H])([H])[H])C(C(=O)C([H])([H])[H])([H])C(=O)C([H])([H])[H]
FODTOH,0,ok,0.0636,71,1,,[Pd]1(<-P(C(C([H])([H])[H])([H])[H])(C(C([H])([H])[H])([H])[H])C(C([H])([H])[H])([H])[H])(<-P(C(C([H])([H])[H])([H])[H])(C(C([H])([H])[H])([H])[H])C(C([H])([H])[H])([H])[H])<-N(c2c([H])c([H])c([H])c([H])c2[H])=NN=N->1c1c([H])c([H])c([H])c([H])c1[H]
FOGCIN,0,ok,0.0288,25,1,,[Pd+2]12(C([H])([H])[S+](=O)(C([H])([H])[H])C1([H])[H])C([H])([H])[S+](=O)(C([H])([H])[H])C2([H])[H]
FOGQEX,0,ok,0.0379,36,1,,[Cd+2]12(Br)(Br)<-S=C(N(N->1=C(c1n->2c([H])c([H])c([H])c1[H])C([H])([H])[H])[H])N(c1c([H])c([H])c([H])c([H])c1[H])[H]
FOHVOP,0,ok,0.0634,71,1,,[Zn+2](OC(=O)C([H])([H])[H])(<-N([H])([H])C([H])([H])c1c([H])c([H])c([H])c([H])c1N=C([H])c1n([H])c([H])c([H])c1[H])(OC(=O)C([H])([H])[H])<-N([H])([H])C([H])([H])c1c([H])c([H])c([H])c([H])c1N=C([H])c1n([H])c([H])c([H])c1[H]
FOJSOO,0,ok,0.0855,51,1,,[Fe+2]1234(<-n5c(SC1(Sc1n->2c([H])c([H])c([H])c1[H])Sc1n->3c([H])c([H])c([H])c1[H])c([H])c([H])c([H])c5[H])<-N([H])([H])c1c(O4)c([H])c([H])c([N+](=O)[O-])c1[H]
FOJWOR,0,ok,1.1183,41,1,,[Hf+4]123456789(Cl)(Cl)<-C%10(=C->1([H])C->2([H])=C->3([H])C4%10[H])B(N(C([H])([H])[H])C([H])([H])[H])B(N(C([H])([H])[H])C([H])([H])[H])C->51=C->6([H])C->7([H])=C->8([H])C91[H]
FOKGER,0,ok,0.0409,46,1,,[Co+3]12(<-N(=O)C(C([H])([H])[H])=C(N1O[H])C([H])([H])[H])(<-N(=O)C(C([H])([H])[H])=C(N2O[H])C([H])([H])[H])(<-n1c([H])c([H])c([H])c([H])c1[H])C(Cl)([H])[H]
FOKRIH,0,ok,1.2572,84,1,,[Hf+4]123456789(Cl)(Cl)<-C%10(=C->1%11C2(C->3([H])=C->4%10C([H])([H])[H])C(C([H])(C([H])([H])[H])C([H])([H])[H])=C([H])C(C([H])(C([H])([H])[H])C([H])([H])[H])=C%11[H])[Si](C([H])([H])[H])(C([H])([H])[H])C->51=C->62C7(C->8([H])=C->91C([H])([H])[H])C(C([H])(C([H])([H])[H])C([H])([H])[H])=C([H])C(C([H])(C([H])([H])[H])C([H])([H])[H])=C2[H]
FOLRUW,0,ok,0.0826,73,1,,[Zn+2]1(C([H])([H])[H])=C([P+](c2c([H])c([H])c([H])c([H])c2[H])(c2c([H])c([H])c([H])c([H])c2[H])c2c([H])c([H])c([H])c([H])c2[H])[P+](c2c([H])c([H])c([H])c([H])c2[H])(c2c([H])c([H])c([H])c([H])c2[H])c2c([H])c([H])c([H])c([H])c21
FOMQII,1,ok,0.0534,48,1,,[Cd+2]12(<-O([H])[H])(<-n3c([H])c([H])c([H])c4c([H])c([H])c5c([H])c([H])c([H])n->1c5c34)(<-n1c([H])n([H])c3c1c([H])c([H])c([H])c3[H])O[N+](=O)O2.O([H])[H]
FONKOL,0,ok,0.1272,62,1,,[Pd+2]12(<-[Se](c3c(N->1=P(c1n2c2c(c1[H])c([H])c([H])c([H])c2[H])(c1c([H])c([H])c([H])c([H])c1[H])c1c([H])c([H])c([H])c([H])c1[H])c([H])c([H])c([H])c3[H])c1c([H])c([H])c([H])c([H])c1[H])Cl
FONRAB,0,ok,0.0644,40,1,,[Pd+2]12(<-O=C(C(=C(O1)C([H])([H])[H])[H])C([H])([H])[H])c1c(C(=N->2C(c2c([H])c#cc([H])c2[H])([H])[H])[H])c([H])c([H])c([H])c1[H]
FOPQAD,0,ok,0.0609,58,1,,[Mo+6]12(=O)(=O)<-N(=C(c3c([H])c([H])c([H])c([H])c3[H])c3c(c([H])c([H])c([H])c3[H])O1)N=C(SC([H])([H])[H])N2c1c([H])c([H])c([H])c([H])c1[H].O(C(C(C([H])([H])[H])([H])[H])([H])[H])[H]
FOQBOC,-1,ok,0.1137,51,1,,[Fe+2]123(<-N4=C(C([H])([H])[H])C([H])=C(C([H])([H])[H])N1c1c([H])c([H])c([H])c([H])c1N->2=C(C([H])([H])[H])C([H])=C(C([H])([H])[H])N3c1c([H])c([H])c([H])c([H])c14)C#N
FOQQEI,0,ok,0.1152,56,1,,[Ni+2]123(<-n4c(c(OC([H])([H])[H])c([H])c([H])c4C(=O)O1)Oc1n->2c(c([H])c([H])c1OC([H])([H])[H])C(=O)O3)<-n1c([H])c([H])c([H])c([H])c1[H].n1c([H])c([H])c([H])c([H])c1[H]
FORNIL,0,ok,0.1092,42,1,,[Fe+2]1(<-[C-]#[O+])(<-[C-]#[O+])(<-[C-]#[O+])C(C(=O)c2c([H])c3c([H])c([H])c([H])c([H])c3c([H])c2[H])([H])C([H])=C2N(C([H])=C([H])C([H])=C2[H])C1=O
FOSHEB,-1,ok,0.0329,31,1,,[Cu+]12(<-S=C([H])C(=S->1)c1c([H])c([H])nc([H])c1[H])SC([H])=C(c1c([H])c([H])nc([H])c1[H])S2
FOSWOA,0,ok,0.0840,45,1,,c12[Pt+2]3(<-n4c(-c1c([H])c1c(c2[H])-c2c([H])c([H])c([H])c([H])c2C1=O)c([H])c([H])c([H])c4[H])<-O=C(C([H])([H])[H])C([H])=C(C([H])([H])[H])O3
FOTQEL,0,ok,0.0865,42,1,,c12c([H])c([H])c3c([H])c([H])c(-n4c([H])c([H])c([H])n4)n4->[Ni+2]5(<-n(c1c34)c([H])c([H])c2[H])(<-O([H])[H])OC(=O)C([H])([H])C(=O)O5
FOVLOT,1,ok,0.0838,47,1,,[Mo+2]1234(<-n5n(C(n6n->1c([H])c([H])c6[H])(n1n->2c([H])c([H])c1[H])[H])c([H])c([H])c5[H])(<-[C-]#[O+])(<-[C-]#[O+])<-C1([H])=C->3([H])C4([H])c2c([H])c([H])c([H])c([H])c21
FOXCIG,0,ok,0.0254,31,1,,[Zn+2]1(<-N([H])([H])N(C(=O->1)OC([H])([H])[H])[H])(<-N#C[S-])<-N#C[S-].C(N(N([H])[H])[H])(=O)OC([H])([H])[H]
FOYCEB,0,ok,0.0734,53,1,,[Ru+2]123456([H])(<-[B-]([H]->1)([H])(n1n->2c(C([H])([H])[H])c([H])c1C([H])([H])[H])n1n->3c(C([H])([H])[H])c([H])c1C([H])([H])[H])<-C1([H])=C->4([H])C([H])([H])C([H])([H])C->5([H])=C->6([H])C([H])([H])C1([H])[H]
FOZFAC,0,ok,0.1290,85,1,,[Ir+3]123(<-P(c4c(O1)c([H])c([H])c([H])c4[H])(c1c([H])c([H])c([H])c([H])c1[H])c1c([H])c([H])c([H])c([H])c1[H])(<-n1c(-c4c2c([H])c([H])c([H])c4[H])c2c([H])c([H])c([H])c([H])c2nc1[H])<-n1c(-c2c3c([H])c([H])c([H])c2[H])c2c([H])c([H])c([H])c([H])c2nc1[H]
FPOXBC,1,ok,0.1026,42,1,,B1(F)ON2->[Co+]345<-N(=C([H])c6c([H])c([H])c([H])c(n->36)P(C3=C([H])C([H])=C([H])C(=C=[N+]=O)N43)c3c([H])c([H])c([H])c(n->53)C=2[H])O1
FUBSAX,0,ok,0.0881,42,1,,[Pt+4]12(I=II)(<-n3c4n(C1(n1c([H])c([H])c5c([H])c([H])c([H])n->2c15)[H])c([H])c([H])c4c([H])c([H])c3[H])(C([H])([H])[H])C([H])([H])[H]
FUDLOG,1,ok,0.0861,46,1,,[Ru+4]12(Cl)(<-n3c([H])c([H])c([H])c([H])c3N=N->1c1nc([H])c([H])c([H])c1[H])(<-[C-]#[O+])N1C([H])=C([H])C([H])=C([H])C1=C1N2C([H])=C([H])C([H])=C1[H]
FUFHOF,0,ok,0.0630,58,1,,[Pd+2]1(I)(I)<-P([H])(c2c([H])c([H])c([H])c([H])c2-c2nc(-c3c([H])c([H])c([H])c([H])c3P->1([H])c1c([H])c([H])c([H])c([H])c1[H])c([H])c([H])c2[H])c1c([H])c([H])c([H])c([H])c1[H]
FUGLOJ,0,ok,0.0568,55,1,,[Zn+2]12345(<-n6c(C([H])([H])[H])c([H])c([H])c([H])c6-c6n->1c(C([H])([H])[H])c([H])c([H])c6[H])(OC->2(=O->3)c1c([H])c([H])c([H])c([H])c1[H])OC->4(=O->5)c1c([H])c([H])c([H])c([H])c1[H]
FUHWIQ,0,ok,0.0783,75,1,,[Ni+2](n1nc(-c2c([H])c([H])nc([H])c2[H])n(N([H])[H])c1=S)(<-N([H])([H])C(C(N(C([H])([H])[H])C([H])([H])[H])([H])[H])([H])[H])(n1nc(-c2c([H])c([H])nc([H])c2[H])n(N([H])[H])c1=S)<-N([H])([H])C(C(N(C([H])([H])[H])C([H])([H])[H])([H])[H])([H])[H]
FUJRAE,0,ok,0.1144,83,1,,[Zr+4]12345(<-C6([B-](C7=NC(C([H])([H])[H])(C([H])([H])[H])C([H])([H])O7)(C7=N->1C(C([H])([H])[H])(C([H])([H])[H])C([H])([H])O7)c1c([H])c([H])c([H])c([H])c1[H])=C->2([H])C3([H])C->4([H])=C->56[H])(N(C([H])([H])[H])C([H])([H])[H])(N(C([H])([H])[H])C([H])([H])[H])<-O1C([H])([H])C([H])([H])C([H])([H])C1([H])[H]
FUMZAQ,0,ok,0.0494,54,1,,[Rh+]123(<-P(O[H])(C(F)(F)C(F)(F)F)C(F)(F)C(F)(F)F)(P(=O)(C(F)(F)C(F)(F)F)C(F)(F)C(F)(F)F)<-C4([H])=C->1([H])C([H])([H])C([H])([H])C->2([H])=C->3([H])C([H])([H])C4([H])[H]
FUNPUZ,0,ok,0.0369,43,1,,[Pd+2]12(<-N(C([H])([H])[H])(C([H])([H])[H])C(C(N->1(C([H])([H])[H])C([H])([H])[H])([H])[H])([H])[H])S(=O)(=O)C([H])([H])C([H])([H])C([H])([H])C([H])([H])S2(=O)=O
FUPNAF,0,ok,0.1364,81,1,,[Ni+2](I)(<-P(C(C(=O)c1c([H])c([H])c([H])c([H])c1[H])([H])[H])(c1c([H])c([H])c([H])c([H])c1[H])c1c([H])c([H])c([H])c([H])c1[H])(I)<-P(C(C(=O)c1c([H])c([H])c([H])c([H])c1[H])([H])[H])(c1c([H])c([H])c([H])c([H])c1[H])c1c([H])c([H])c([H])c([H])c1[H]
FUQTIW,0,ok,0.1539,57,1,,[Ir+]123(<-N(C(C([c-]4c5c([H])c([H])c([H])c([H])c5c5c([H])c([H])c([H])c([H])c45)([H])[H])([H])[H])(C([H])([H])[H])C([H])([H])[H])<-C4([H])=C->1([H])C([H])([H])C([H])([H])C->2([H])=C->3([H])C([H])([H])C4([H])[H]
FURDAY,0,ok,0.3348,73,1,,C1([H])([H])C([H])([H])C([H])([H])C23=N(c4c([H])c(C([H])([H])[H])c([H])c(C([H])([H])[H])c4[H])->[Ti+4]<-24567(<-C2(C([H])([H])[H])=C->4(C([H])([H])[H])C5(C([H])([H])[H])C->6(C([H])([H])[H])=C->72C([H])([H])[H])(N13)=Nc1c(C([H])([H])[H])c([H])c([H])c([H])c1C([H])([H])[H]
FUSSUH,0,ok,0.0312,23,1,,[Fe+2]123(<-[C-]#[O+])(<-[C-]#[O+])(<-[C-]#[O+])<-c4(c->1(c([H])c([H])c([H])c4[H])C2([H])[H])C3([H])[H]
FUTSET,0,ok,0.0934,78,1,,C([H])(C([H])([H])[H])(C([H])([H])[H])P1(C([H])(C([H])([H])[H])C([H])([H])[H])S[Mo+4]23(<-n4c(C([H])(C([H])([H])[H])C([H])([H])[H])c([H])c([H])n4[B-](n4c([H])c([H])c(C([H])(C([H])([H])[H])C([H])([H])[H])n->24)(n2c([H])c([H])c(C([H])(C([H])([H])[H])C([H])([H])[H])n->32)[H])(=O)<-S=1
FUVNAM,0,ok,0.0729,62,1,,[Pd+2]1(<-C2N(C([H])([H])[H])c3c(c([H])c([H])c([H])c3[H])N2c2c3c([H])c([H])c([H])c([H])c3c([H])c([H])c2[P+](c2c([H])c([H])c([H])c([H])c2[H])(c2c([H])c([H])c([H])c([H])c2[H])C1([H])[H])(Cl)Cl
FUXGAI,0,ok,0.0693,71,1,,[Au+3]12(<-n3c([H])c([H])c([H])c([H])c3-c3c([H])c([H])c(C([H])([H])[H])c([H])c31)OB(c1c([H])c([H])c(OC([H])(C([H])([H])[H])C([H])([H])[H])c([H])c1[H])OB(c1c([H])c([H])c(OC([H])(C([H])([H])[H])C([H])([H])[H])c([H])c1[H])O2
FUYQUN,0,ok,0.0801,46,1,,C12(C([H])([H])[H])->[Mo+2]34567(<-C1(C([H])([H])[H])=C->3(C([H])([H])[H])C4(C([H])([H])[H])C->5=2C([H])([H])[H])(<-[C-]#[O+])(<-[C-]#[O+])<-[Se](c1c([H])c([H])c([H])c([H])c1[H])[B-]->6([H])([H])[H]->7
FUZLIW,0,ok,0.0707,71,1,,[Hg+2](C([H])(C(c1c([H])c([H])c(Br)c([H])c1[H])=O)[P+](c1c([H])c([H])c(C([H])([H])[H])c([H])c1[H])(c1c([H])c([H])c(C([H])([H])[H])c([H])c1[H])c1c([H])c([H])c(C([H])([H])[H])c([H])c1[H])(<-O=S(C([H])([H])[H])C([H])([H])[H])(I)I
GABCES,1,ok,0.0439,50,1,,[Cd+2]12345(Br)<-n6c7c([H])c([H])c([H])c6C(C([H])([H])[H])=N->1C([H])([H])C([H])([H])S->2C([H])([H])C([H])([H])S->3C([H])([H])C([H])([H])S->4C([H])([H])C([H])([H])N->5=C7C([H])([H])[H]
GABWEN,1,ok,0.3366,82,1,,[Zn+2]123(<-O([H])[H])<-N4=C5C([H])=C([H])C4=C(c4c([H])c([H])c([H])c([H])c4[H])C4=N->1C(=C(c1c([H])c([H])c([H])c([H])c1[H])c1n2c(c([H])c1[H])C(c1c([H])c([H])c([H])c([H])c1[H])=C1N->3=C(C5(O[H])c2c([H])c([H])c([H])c([H])c2[H])C([H])=C1[H])C([H])=C4[H]
GACHAT,1,ok,0.1654,27,1,,[Fe+2]12345(<-[C-]#[O+])(<-[C-]#[O+])(<-C6([H])=C->1([H])C2([H])C->3([H])=C->46[H])<-C1([H])=C->5([H])OC([H])([H])C([H])([H])O1
GACSUZ,0,ok,0.2148,33,1,,[Re+]1234(<-[C-]#[O+])(<-[C-]#[O+])(<-C(C([H])([H])[H])([H])=C->1([H])C([H])([H])[H])C15C->2([H])=C->3([H])C->4([H])=C1C([H])=C([H])C([H])=C5[H]
GAFKOO,0,ok,0.3862,42,1,,[Ti+2]12345678(<-P(C([H])([H])[H])(C([H])([H])[H])C([H])([H])[H])(<-C9([H])=C->1([H])C->2([H])=C->3([H])C49[H])(<-C1([H])=C->5([H])C->6([H])=C->7([H])C81[H])<-[H][Si](Cl)(Cl)C([H])([H])[H]
GAGJUT,1,ok,0.0496,46,1,,[Pt+4]1(#SN=S=N->1[H])(<-P(c1c([H])c([H])c([H])c([H])c1[H])(C([H])([H])[H])C([H])([H])[H])<-P(c1c([H])c([H])c([H])c([H])c1[H])(C([H])([H])[H])C([H])([H])[H]
GAHRIT,0,ok,0.0667,49,1,,[Cd+2]12(I)(I)<-n3c(-c4n->1c([H])c([H])c([H])c4[H])c(-c1nc([H])c([H])c([H])c1[H])nc(-c1nc([H])c([H])c([H])c1[H])c3-c1n->2c([H])c([H])c([H])c1[H]
GAJHAB,0,ok,0.0905,83,1,,[Cd+2]1234(<-N5(C(c6c([H])c([H])c([H])c([H])c6[H])([H])[H])C([H])([H])C([H])([H])N->1([H])C([H])([H])c1c([H])c([H])c([H])c([H])c1OC([H])([H])c1nc(c([H])c([H])c1[H])C([H])([H])Oc1c(c([H])c([H])c([H])c1[H])C([H])([H])N->2([H])C([H])([H])C5([H])[H])(O[N+](=O)O3)O[N+](=O)O4
GAJRAM,0,ok,0.0434,48,1,,C1(=O)N([Ag+]2<-n3c([H])c([H])c([H])c(O[H])c3C([H])([H])N->2(C([H])([H])[H])C([H])([H])[H])C(=O)C(C([H])([H])C([H])([H])[H])(C([H])([H])C([H])([H])[H])C(=O)N1[H]
GAKTEU,0,ok,0.1104,73,1,,[Pd+2]1(<-P(c2c([H])c([H])c([H])c([H])c2[H])(c2c([H])c([H])c([H])c([H])c2[H])c2c([H])c([H])c([H])c([H])c2[H])C(P(=S)(c2c([H])c([H])c([H])c([H])c2[H])c2c([H])c([H])c([H])c([H])c2[H])([H])[Si](C([H])([H])[H])(C([H])([H])[H])C1([H])[H]
GALNUF,1,ok,0.0750,59,1,,C1(->[Ir+]2(<-C3N([H])C([H])=C([H])N3C(C([H])([H])[H])(C([H])([H])[H])C([H])([H])[H])<-C3#CC([H])([H])C([H])([H])C->2#CC([H])([H])C3([H])[H])N([H])C([H])=C([H])N1C(C([H])([H])[H])(C([H])([H])[H])C([H])([H])[H]
GAMLAJ,0,ok,0.0456,50,1,,[Fe+2]123(<-C4(C(C([H])([H])[H])(C([H])([H])[H])C([H])([H])[H])=C->1(C(C([H])([H])[H])(C([H])([H])[H])C([H])([H])[H])P2C34C(C([H])([H])[H])(C([H])([H])[H])C([H])([H])[H])(<-[C-]#[O+])(<-[C-]#[O+])<-[C-]#[O+]
GAMVIZ,0,ok,0.0347,31,1,,[Cd+2](Cl)(<-n1c2c(nc([H])n([H])c2=S)n([H])c1[H])Cl.S=c1c2nc([H])n([H])c2nc([H])n1[H]
GANNAL,0,ok,0.0834,48,1,,[Pd+2]12(Cl)<-N(=P(c3c([H])c([H])c([H])c([H])c3[H])(c3c([H])c([H])c([H])c([H])c3[H])c3c1c([H])c([H])c([H])c3[H])C(=O)c1n->2c([H])c([H])c([H])c1[H]
GANZIG,0,ok,0.0608,55,1,,[Zn+2]12(<-O([H])[H])(<-n3c([H])c([H])nc([H])c3-c3n1nc(-c1c([H])c([H])nc([H])c1[H])n3)(<-O([H])[H])<-n1c([H])c([H])nc([H])c1-c1n2nc(-c2c([H])c([H])nc([H])c2[H])n1
GAQFEM,0,ok,0.0819,76,1,,[Ni+2]123<-N(=C(c4c([H])c([H])c([H])c([H])c4[H])c4c([H])c(Cl)c([H])c([H])c4N1C(=O)C1([H])N->2(C([H])([H])c2c([H])c(Cl)c(Cl)c([H])c2[H])C([H])([H])C([H])([H])C1([H])[H])C([H])(C([H])([H])c1c([H])n([H])c2c1c([H])c([H])c([H])c2[H])C(=O)O3
GAQTEA,0,ok,0.0822,49,1,,[Ru+4]1(Cl)(Cl)(<-S(=O)(C([H])([H])[H])C([H])([H])[H])(<-S(=O)(C([H])([H])[H])C([H])([H])[H])N2C([H])=C(C(=O)O[H])C([H])=C([H])C2=C2N1C([H])=C(C(O[H])=O)C([H])=C2[H]
GARXAY,0,ok,0.0966,77,1,,[Os+4]12(Cl)(Cl)(<-n3n([B-]([H])(n4n->1c([H])c([H])c4[H])n1n->2c([H])c([H])c1[H])c([H])c([H])c3[H])N(B(c1c([H])c([H])c([H])c([H])c1[H])OB(c1c([H])c([H])c([H])c([H])c1[H])c1c([H])c([H])c([H])c([H])c1[H])c1c([H])c([H])c([H])c([H])c1[H]
GASKOC,0,ok,0.0496,59,1,,[Pt+2]12(<-P(C([H])([H])C(P->1(C([H])(C([H])([H])[H])C([H])([H])[H])C([H])(C([H])([H])[H])C([H])([H])[H])([H])[H])(C([H])(C([H])([H])[H])C([H])([H])[H])C([H])(C([H])([H])[H])C([H])([H])[H])<-S=C([H])C(=C([H])C=2[H])C#N
GATMAP,0,ok,0.0318,44,1,,[Cu+3](Cl)(<-N12C([H])([H])C([H])([H])N(C([H])([H])C1([H])[H])C([H])([H])C2([H])[H])(Cl)(Cl)<-N12C([H])([H])C([H])([H])N(C([H])([H])C1([H])[H])C([H])([H])C2([H])[H]
GAVHES,0,ok,0.3536,64,1,,[Ir+3]12345(Cl)(<-n6c([H])c([H])c([H])c([H])c6-c6c([H])c([H])c([H])c([H])c61)C1(c6c([H])c([H])c(-c7c([H])c([H])c([H])c([H])c7[H])c([H])c6[H])C->2(C([H])([H])[H])=C->3(C([H])([H])[H])C->4(C([H])([H])[H])=C->51C([H])([H])[H]
GAVQAX,1,ok,0.0805,54,1,,C1(O[H])=C([H])C([H])=C([H])C2=C3C([H])=C([H])C([H])=C(O[H])N3[Ru+4]34567(<-c8(C([H])([H])[H])c->3(C([H])([H])[H])c->4(C([H])([H])[H])c->5(C([H])([H])[H])c->6(C([H])([H])[H])c->78C([H])([H])[H])(Cl)N12
GAWMAV,0,ok,0.0629,52,1,,[B-]12(n3c(=S->[Rh+]456(<-C7([H])=C->4([H])C([H])([H])C([H])([H])C->5([H])=C->6([H])C([H])([H])C7([H])[H])(<-S=c4n1c1c(c([H])c([H])c([H])c1[H])s4)<-[H]2)sc1c3c([H])c([H])c([H])c1[H])[H]
GAXGER,0,ok,0.0837,70,1,,[Pt+2]12(<-P(C(C([H])([H])[H])(C([H])([H])[H])[H])(C(C([H])([H])[H])(C([H])([H])[H])[H])C(C(P->1(C(C([H])([H])[H])(C([H])([H])[H])[H])C(C([H])([H])[H])(C([H])([H])[H])[H])([H])[H])([H])[H])Sc1c(c([H])c([H])c([H])c1[H])-c1c2c([H])c([H])c([H])c1[H]
GAYPIF,0,ok,0.0410,43,1,,[Cd+2]1(Cl)(<-N2([H])C3([H])C4([H])N(C([H])([H])C2([H])[H])C([H])([H])C([H])([H])N4C2([H])N->1([H])C([H])([H])C([H])([H])N1C2([H])N3C([H])([H])C1([H])[H])Cl
GAYZEO,0,ok,0.0778,56,1,,C([H])(c1c([H])c2[Ir+3]3(c4c([H])c(C([H])=O)c([H])c([H])c4-c4c([H])c([H])c([H])c([H])n->34)(Cl)(<-n3c([H])c([H])c([H])c([H])c3-c2c([H])c1[H])<-S(C([H])([H])[H])(C([H])([H])[H])=O)=O
GEBBUK,0,ok,0.2391,43,1,,[Mn+3]1234(<-[C-]#[O+])(<-[C-]#[O+])(<-C5([H])=C->1([H])C2(C([H])([H])[H])C->3([H])=C->45[H])=c1c(-c2c([H])c([H])c([H])c([H])c2[H])c1-c1c([H])c([H])c([H])c([H])c1[H]
GECCOG,0,ok,0.0525,41,1,,[Fe+2]123(C(C4=C([O-])OC([H])([H])C4([H])[H])=C->1(c->21c->3([H])c([H])c([H])c([H])c1[H])c1c([H])c([H])c([H])c([H])c1[H])(<-[C-]#[O+])(<-[C-]#[O+])<-[C-]#[O+]
GECVAO,1,ok,0.0421,46,1,,c1([H])c([H])c([H])c([H])c2C(C([H])([H])[H])=N3N(C([H])([H])[H])C(c4c([H])c([H])c([H])c([H])c4[H])=O->[Zn+2]<-34(<-n12)(<-N#CC([H])([H])[H])[F+][B-](F)(F)[F+]4
GEDVET,0,ok,0.3686,34,1,,[Co+]12345(<-n6c([H])c([H])c([H])c([H])c6N=N->1c1c([H])c([H])c([H])c([H])c1[H])<-C1([H])=C->2([H])C3([H])C->4([H])=C->51[H]
GEGLUB,0,ok,0.0478,51,1,,[Mn+3]123(<-n4c([H])c([H])c([H])c([H])c4C(O->1[B-](OC=2C([H])([H])C([H])([H])[H])(C([H])([H])C([H])([H])[H])C([H])([H])C([H])([H])[H])([H])C([H])([H])C(=O->3)C([H])([H])[H])(<-[C-]#[O+])<-[C-]#[O+]
GEHYOH,0,ok,0.4425,51,1,,[Zr+4]123456789%10%11(<-P%12%13P->1(C2%12C(C([H])([H])[H])(C([H])([H])[H])C([H])([H])[H])C3%13C(C([H])([H])[H])(C([H])([H])[H])C([H])([H])[H])(<-C1([H])=C->4([H])C5([H])C->6([H])=C->71[H])<-C1([H])=C->8([H])C->9([H])=C->%10([H])C%111[H]
GEKZAX,1,ok,0.0442,44,1,,[W+2]1(I)(<-[C-]#[O+])(<-C(C([H])([H])[H])#CC([H])([H])[H])(<-C(C([H])([H])[H])#CC([H])([H])[H])<-n2c([H])c([H])c([H])c([H])c2-c2n->1c([H])c([H])c([H])c2[H]
GELJOX,0,ok,0.0779,73,1,,[Zn+2](<-n1c(N=Nc2c([H])c3c(c([H])c2[H])c([H])c([H])c([H])c3[H])n(C([H])([H])C([H])([H])[H])c([H])c1[H])(=N[N+]#N)(<-n1c(N=Nc2c([H])c3c(c([H])c2[H])c([H])c([H])c([H])c3[H])n(C([H])([H])C([H])([H])[H])c([H])c1[H])=N[N+]#N
GELWEB,0,ok,0.0466,40,1,,[Mo+6]12(<-N(=C([H])c3c(c([H])c([H])c([H])c3[H])O1)N=C(c1c([H])c([H])c(C([H])([H])[H])c([H])c1[H])O2)(=O)=O.O(C([H])([H])[H])[H]
GENKAL,0,ok,0.1270,47,1,,[W+2]12(Cl)(<-N(c3c(N->1=C(c1c2c([H])c([H])c([H])c1Cl)[H])c([H])c([H])c([H])c3[H])(C(c1c([H])c([H])c([H])c([H])c1I)([H])[H])[H])(<-[C-]#[O+])(<-[C-]#[O+])<-[C-]#[O+]
GEPGOZ,0,ok,0.0571,58,1,,[Tc+5]123(#N)<-N(=C(c4c([H])c([H])c([H])c([H])c4[H])N=C(N(C([H])([H])C([H])([H])[H])C([H])([H])C([H])([H])[H])S1)c1c([H])c([H])c([H])c([H])c1C(C([H])([H])[H])=N->2N=C(N([H])C([H])([H])[H])S3
GEQTAX,0,ok,0.0900,20,1,,[Re+3]12(Br)(Br)(<-[C-]#[O+])(<-[C-]#[O+])C3([H])C(C([H])([H])[H])=C([H])C->1([H])=C->23[H]
GEQZOS,0,ok,0.0309,40,1,,[V+5](Cl)(Cl)(Cl)=O.O1C([H])([H])C([H])([H])OC([H])([H])C([H])([H])OC([H])([H])C([H])([H])OC([H])([H])C([H])([H])OC([H])([H])C1([H])[H]
GERLOG,0,ok,0.0330,36,1,,[Hg+2]1(<-S=C(S1)N1C([H])([H])C([H])([H])C([H])([H])C1([H])[H])c1c(OC([H])([H])[H])c([H])c([H])c([H])c1OC([H])([H])[H]
GETFOB,1,ok,0.0623,57,1,,[Cu+]12345<-n6c7c([H])c([H])c([H])c([H])c7c([H])c([H])c6C(N->1(C(c1n->2c2c([H])c([H])c([H])c([H])c2c([H])c1[H])([H])[H])C(C(c->31c([H])c([H])c([H])c->4([H])c->51[H])([H])[H])([H])[H])([H])[H]
GETNOK,0,ok,0.0641,66,1,,[Pt+4]1(Br)(<-n2c([H])c([H])c(C(=O)OC([H])([H])C([H])([H])[H])c([H])c2-c2n->1c([H])c([H])c(C(=O)OC([H])([H])C([H])([H])[H])c2[H])(C([H])([H])[H])(C([H])([H])c1c([H])c([H])c(B(O[H])O[H])c([H])c1[H])C([H])([H])[H]
GEVDIU,0,ok,0.0441,47,1,,[Fe]1234567(<-P(C(C([H])([H])[H])([H])[H])(C(C([H])([H])[H])([H])[H])C(C([H])([H])[H])([H])[H])<-C(=C->1(C->2(=C->3(C(C(C->4(=C->5(C->6(=C->7([H])[H])[H])[H])[H])([H])[H])([H])[H])[H])[H])[H])([H])[H]
GEWCAM,0,ok,0.0281,30,1,,[Cr+2](<-[C-]#[O+])(<-[C-]#[O+])(<-[C-]#[O+])(<-[C-]#[O+])(<-[C-]#[O+])=C(OC([H])([H])[H])C(=C(N(C([H])([H])[H])C([H])([H])[H])[H])[H]
GEXFEX,0,ok,0.2885,83,1,,c1(P(c2c([H])c([H])c(F)c([H])c2[H])(c2c([H])c([H])c(F)c([H])c2[H])->[Ru+2]23(<-O=C(C([H])([H])[H])O2)(OC(C([H])([H])[H])=O->3)<-P(c2c([H])c([H])c(F)c([H])c2[H])(c2c([H])c([H])c(F)c([H])c2[H])c2c([H])c([H])c(F)c([H])c2[H])c([H])c([H])c(F)c([H])c1[H]
GEXXUE,0,ok,0.0756,40,1,,[Mo+4]123(Br)(<-[C-]#[O+])(C([H])(C->1([H])=C->2([H])[H])C(=O)OC([H])([H])[H])(<-[C-]#[O+])N1C([H])=C([H])C([H])=C([H])C1=C1N3C([H])=C([H])C([H])=C1[H]
GEYWEO,0,ok,0.0645,57,1,,[Pt+4]1(Cl)(Cl)N2C([H])=C([H])C([H])=C(N=C3N(C([H])([H])[H])C([H])([H])C([H])([H])N3C([H])([H])[H])C2=C2N1C([H])=C([H])C([H])=C2N=C1N(C([H])([H])[H])C([H])([H])C([H])([H])N1C([H])([H])[H]
GEZNIK,0,ok,0.0545,55,1,,[Re+](<-P(c1c([H])c([H])c([H])c([H])c1[H])(c1c([H])c([H])c([H])c([H])c1[H])c1c([H])c([H])c([H])c([H])c1[H])(N1C(=S)N([H])C([H])([H])C([H])([H])C1([H])[H])(<-[C-]#[O+])(<-[C-]#[O+])<-[C-]#[O+]
GIBYEX,0,ok,0.0738,69,1,,[Pt+2](Cl)(<-P(c1c([H])c([H])c([H])c([H])c1[H])(c1c([H])c([H])c([H])c([H])c1[H])c1c([H])c([H])c([H])c([H])c1[H])(C(=O)N(C([H])([H])C([H])([H])[H])C([H])([H])C([H])([H])[H])<-N([H])(C([H])([H])C([H])([H])[H])C([H])([H])C([H])([H])[H]
GIFBON,1,ok,0.0707,37,1,,[Y+3]1234(<-O=S(=O)(c5c(c([H])c([H])c([H])c5[H])S->1(=O)(=O->2)O3)O4)(<-O([H])[H])(<-O([H])[H])(<-O([H])[H])(<-O([H])[H])(<-O([H])[H])<-O([H])[H]
GIFGEI,0,ok,0.0566,58,1,,[Ni+2]12(<-n3c(-c4n->1c(C(=N->2c1c(C([H])([H])C([H])([H])[H])c([H])c([H])c([H])c1C([H])([H])C([H])([H])[H])C([H])([H])[H])c([H])c([H])c4[H])n(C([H])([H])[H])c1c3c([H])c([H])c([H])c1[H])(Cl)Cl
GIFTIY,1,ok,0.0550,31,1,,[Rh+3]12(<-N(C(C(N->1([H])[H])([H])[H])([H])[H])([H])[H])(<-N(C(C(N->2([H])[H])([H])[H])([H])[H])([H])[H])(<-N([O-])=O)<-N(=O)[O-]
GIGPUI,0,ok,0.0409,37,1,,[Mo+6]12(=O)(=O)<-N(=C([H])c3c(c([H])c([H])c([N+](=O)[O-])c3[H])O1)C(C(O[H])([H])[H])(C(O[H])([H])[H])C([H])([H])O2.O([H])[H]
GIJHIQ,0,ok,0.0606,38,1,,[Cr]12345(<-c67c->1([H])c->2([H])c->3([H])c->4([H])c->56C(=O)C1(OC(OC([H])([H])[H])([H])C([H])([H])C(=O)C1([H])[H])C7=O)(<-[C-]#[O+])(<-[C-]#[O+])<-[C-]#[O+]
GIKBOR,0,ok,0.1238,78,1,,[Au+3](SP(c1c([H])c([H])c([H])c([H])c1[H])(c1c([H])c([H])c([H])c([H])c1[H])=O)(C([P+](c1c([H])c([H])c([H])c([H])c1[H])(c1c([H])c([H])c([H])c([H])c1[H])C([H])([H])[H])([H])[H])(c1c(F)c(F)c(F)c(F)c1F)c1c(F)c(F)c(F)c(F)c1F
GIKVUU,0,ok,0.1301,80,1,,[Ru+6]1(Cl)(Cl)(<-O(c2c(C=1[H])c([H])c([H])c([H])c2[H])C([H])(C([H])([H])[H])C([H])([H])[H])=C1N(c2c(C([H])([H])[H])c([H])c(C([H])([H])[H])c([H])c2C([H])([H])[H])C([H])([H])C2([H])OC(C(F)(F)F)(C(F)(F)F)c3c([H])c(C([H])([H])[H])c([H])c(C([H])([H])[H])c3N12
GILSEB,1,ok,0.0410,38,1,,[Ni+2]12(<-n3c(c([H])c([H])c([H])c3C(=O)O1)C(=O)O2)<-n1c2c(nc([H])n([H])c2=[N+]([H])[H])n([H])c1[H].O([H])[H].O([H])[H]
GIMWAA,0,ok,0.0923,71,1,,[Ru]123(<-[C-]#[O+])(<-[C-]#[O+])(<-C4(c5c([H])c([H])c([H])c([H])c5[H])=C->1(c1c([H])c([H])c([H])c([H])c1[H])C->2(c1c([H])c([H])c([H])c([H])c1[H])=C->3(c1c([H])c([H])c([H])c([H])c1[H])C4=O)<-N(C(C([H])([H])[H])([H])[H])(C(C([H])([H])[H])([H])[H])[H]
GINSUS,0,ok,0.0758,83,1,,[Ni+2]12(<-P(c3c([H])c(C([H])([H])[H])c([H])c([H])c3N1c1c([H])c([H])c(C([H])([H])[H])c([H])c1P->2(C(C([H])([H])[H])(C([H])([H])[H])[H])C(C([H])([H])[H])(C([H])([H])[H])[H])(C(C([H])([H])[H])(C([H])([H])[H])[H])C(C([H])([H])[H])(C([H])([H])[H])[H])B1Oc2c([H])c([H])c([H])c([H])c2O1
GIPKEW,0,ok,0.1666,59,1,,[Ti+4]12345(N(C([H])([H])[H])C([H])([H])[H])(N(C([H])([H])[H])C([H])([H])[H])<-C6(=C->1(C([H])([H])[H])C2(C([H])([H])[H])C->3(C([H])([H])[H])=C->46C([H])([H])[H])[Si](C([H])([H])[H])(C([H])([H])[H])N5c1nc([H])c([H])c([H])n1
GIQTOP,0,ok,0.1543,72,1,,[Pd+2]12([Se]P(=NP(=[Se]->1)(c1c([H])c([H])c([H])c([H])c1[H])c1c([H])c([H])c([H])c([H])c1[H])(c1c([H])c([H])c([H])c([H])c1[H])c1c([H])c([H])c([H])c([H])c1[H])<-N(C(c1c2c([H])c([H])c([H])c1[H])([H])[H])(C([H])([H])[H])C([H])([H])[H]
GIRFES,0,ok,0.1959,40,1,,[Zr+4]12345(Cl)(<-P(C([H])([H])[H])(C([H])([H])[H])C(C(P->1(C([H])([H])[H])C([H])([H])[H])([H])[H])([H])[H])(<-[C-]#[O+])(<-[C-]#[O+])<-C1([H])=C->2([H])C3([H])C4([H])C51[H]
GIRXIO,0,ok,0.1103,49,1,,[Ni+2]12(SC(=S->1)N(P(=S)(C(C([H])([H])[H])([H])[H])C(C([H])([H])[H])([H])[H])C([H])([H])[H])SC(=S->2)N(P(=S)(C(C([H])([H])[H])([H])[H])C(C([H])([H])[H])([H])[H])C([H])([H])[H]
GITNOM,0,ok,0.2762,48,1,,[Fe+2]1234(P56(Oc7c([H])c([H])c([H])c([H])c7N5C([H])([H])[H])Oc5c([H])c([H])c([H])c([H])c5N6C([H])([H])[H])(<-C5([H])=C->1([H])C->2([H])=C->3([H])C45[H])(<-[C-]#[O+])<-[C-]#[O+]
GIVMEF,0,ok,0.2081,57,1,,c1([H])c([H])c([H])c2n1[Ni+4]13n4c(c([H])c([H])c4=c4c([H])c([H])c(n41)=C(c1c([H])c([H])c(C#N)c([H])c1[H])c1c([H])c([H])c([H])n13)=C2c1c([H])c([H])c(C#N)c([H])c1[H]
GIWLOO,0,ok,0.1055,45,1,,[Zn+2]12345(<-n6c(N([H])[H])nc(-c7nc([H])c([H])c([H])c7[H])c([H])c6-c6n->1c([H])c([H])c([H])c6[H])(<-O=C->2(O3)C([H])([H])[H])<-O=C->4(O5)C([H])([H])[H]
GIXCIA,0,ok,0.0871,69,1,,[Os+4]1(=S(=O)(C([H])([H])[H])C([H])([H])[H])(<-S(=O)(C([H])([H])[H])C([H])([H])[H])(<-n2c([H])c([H])c(C(C([H])([H])[H])(C([H])([H])[H])C([H])([H])[H])c([H])c2-c2n->1c([H])c([H])c(C(C([H])([H])[H])(C([H])([H])[H])C([H])([H])[H])c2[H])(C#N)C#N
GIXYER,0,ok,0.0544,68,1,,[Co+3]1(<-P(C([H])([H])[H])(C([H])([H])[H])C([H])([H])[H])(<-P(C([H])([H])[H])(C([H])([H])[H])C([H])([H])[H])(<-P(C([H])([H])[H])(C([H])([H])[H])C([H])([H])[H])([H])OC(c2c([H])c([H])c([H])c([H])c2[H])=C(c2c([H])c([H])c([H])c([H])c2[H])C1=O
GIZCEZ,0,ok,0.1499,75,1,,[Ti+4]123456(=NOC(C([H])([H])[H])(C([H])([H])[H])C([H])([H])[H])(<-N(=C->1(N2C(C([H])([H])[H])(C([H])([H])[H])[H])c1c([H])c([H])c([H])c([H])c1[H])C(C([H])([H])[H])(C([H])([H])[H])[H])<-C1(C([H])([H])[H])=C->3(C([H])([H])[H])C4(C([H])([H])[H])C->5(C([H])([H])[H])=C->61C([H])([H])[H]
GOBCOS,0,ok,0.0939,76,1,,[Os+4]12([H])([H])([H])(S[H])<-P(C([H])(C([H])([H])[H])C([H])([H])[H])(C([H])(C([H])([H])[H])C([H])([H])[H])c3c([H])c([H])c([H])c4c3O->1c1c(c([H])c([H])c([H])c1P->2(C([H])(C([H])([H])[H])C([H])([H])[H])C([H])(C([H])([H])[H])C([H])([H])[H])C4(C([H])([H])[H])C([H])([H])[H]
GOBPEV,0,ok,0.0629,63,1,,[Mo+6]12(=O)(<-N(=C(c3c([H])c([H])c([H])c([H])c3[H])c3c(c([H])c([H])c([H])c3[H])O1)N=C(N(N=C(c1c(O[H])c([H])c([H])c([H])c1[H])c1c([H])c([H])c([H])c([H])c1[H])[H])S2)=O.O(C([H])([H])[H])[H]
GODCIN,0,ok,0.0503,41,1,,O1C(c2c([H])c([H])c([H])c([H])c2[H])=S->[Ni+4]123(OC(c1c([H])c([H])c([H])c([H])c1[H])=S->2)N=c1c([H])c([H])c([H])c([H])c1=N3
GOFGEN,0,ok,0.0803,34,1,,[Co+3]123456(<-S(C(C(=O)OC([H])([H])[H])=C(C(=O)OC([H])([H])[H])S1)C2(C#N)C#N)<-C1([H])=C->3([H])C4([H])C->5([H])=C->61[H]
GOGBOU,0,ok,0.0259,26,1,,O1C(=O)c2c([H])c(C(=O)O[H])c([H])c([H])n2->[Re+]1(<-[C-]#[O+])(<-[C-]#[O+])<-[C-]#[O+].O([H])[H]
GOHCEL,1,ok,0.0905,58,1,,[Pt+2](<-N([H])([H])C([H])([H])[H])(<-N([H])([H])C([H])([H])[H])(<-n1c2c(nc(N([H])[H])nc2[O-])n(C([H])([H])C([H])([H])[H])c1[H])n1c(N([H])[H])nc2c(c1=O)[n+](C([H])([H])[H])c([H])n2C([H])([H])[H]
GOJQUT,0,ok,0.0800,69,1,,c1(P(c2c([H])c([H])c([H])c([H])c2[H])(c2c([H])c([H])c([H])c([H])c2[H])->[Pd+2]23<-N(=C([H])c4c(c([H])c([H])c5c([H])c([H])c([H])c([H])c45)O2)N=C(N(C([H])([H])C([H])([H])[H])[H])S3(=O)=O)c([H])c([H])c([H])c([H])c1[H]
GOLVUZ,0,ok,0.0489,41,1,,[Hg+2]12(Cl)<-O(c3c(N1N=N->2c1c(OC([H])([H])C([H])([H])[H])c([H])c([H])c([H])c1[H])c([H])c([H])c([H])c3[H])C([H])([H])C([H])([H])[H]
GOMXUB,0,ok,0.0327,31,1,,I[Pd+2](<-[C-]#[N+]c1c(Cl)c([H])c(C#N)c([H])c1[H])(I)<-[C-]#[N+]c1c(Cl)c([H])c(C#N)c([H])c1[H]
GOPBES,1,ok,0.0490,43,1,,[Ni+2]123(<-N4(C(C(C([H])([H])[H])(C([H])([H])[H])O[H])([H])[H])C([H])([H])C([H])([H])S->1C([H])([H])C([H])([H])SC([H])([H])C4([H])[H])<-C(O2)(=O->3)C([H])([H])[H]
GOQLUT,0,ok,0.1159,66,1,,[Mn+]1234(<-C5(OC([H])([H])[H])=C->1([H])C(C([Si](C(C([H])([H])[H])(C([H])([H])[H])[H])(C(C([H])([H])[H])(C([H])([H])[H])[H])C(C([H])([H])[H])(C([H])([H])[H])[H])(C#N)[H])([H])C2([H])C->3(OC([H])([H])[H])=C->45OC([H])([H])[H])(<-[C-]#[O+])(<-[C-]#[O+])<-[C-]#[O+]
GOSHEB,0,ok,0.0561,63,1,,[Ni]12(<-S=C(C(=S->1)C(F)(F)F)C(F)(F)F)<-n1c([H])c([H])c(C(=O)OC([H])([H])C([H])([H])C([H])([H])C([H])([H])[H])c([H])c1-c1n->2c([H])c([H])c(C(=O)OC([H])([H])C([H])([H])C([H])([H])C([H])([H])[H])c1[H]
GOSNEH,0,ok,0.0530,47,1,,[Cr+2](<-[C-]#[O+])(<-[C-]#[O+])(<-[C-]#[O+])(<-[C-]#[O+])(<-[C-]#[O+])=C(OC([H])([H])C([H])([H])[H])C([H])=C(c1c([H])c([H])c([H])c([H])c1[H])N1C([H])([H])C([H])([H])C([H])([H])C1([H])[H]
GOTPOW,1,ok,0.0937,54,1,,[Pd+2]12(SC(=NN->1=C(c1n->2c([H])c([H])c([H])c1[H])[H])N([H])[H])<-P(c1c([H])c([H])c([H])c([H])c1[H])(c1c([H])c([H])c([H])c([H])c1[H])c1c([H])c([H])c([H])c([H])c1[H]
GOXFII,0,ok,0.0308,35,1,,[Zn+2](<-O([H])[H])(<-O([H])[H])(<-O([H])[H])(<-O([H])[H])(<-O=c1c(=O)c(C([H])([H])[H])c1[O-])<-O=c1c(=O)c(C([H])([H])[H])c1[O-]
GOYHOT,1,ok,0.0870,59,1,,[Ni+2]12(OC(=O)C(O[H])(C([H])([H])[H])C([H])([H])[H])(<-n3c([H])c([H])c([H])c([H])c3N([H])c3n->1c([H])c([H])c([H])c3[H])<-n1c([H])c([H])c([H])c([H])c1N([H])c1n->2c([H])c([H])c([H])c1[H]
GOZJIO,1,ok,0.0455,54,1,,C([H])([H])(C12C([H])(C3([H])C([H])(C([H])([H])O1)OC(C([H])([H])[H])(C([H])([H])[H])O3)OC(C([H])([H])[H])(C([H])([H])[H])O2)O[H].C([H])([H])([H])[Pt+4](C([H])([H])[H])C([H])([H])[H].O([H])[H]
GUBPEY,0,ok,0.0415,54,1,,[Fe+2]12([H])(SC(=O)[H])(<-P(C([H])([H])[H])(C([H])([H])[H])C([H])([H])C(P->1(C([H])([H])[H])C([H])([H])[H])([H])[H])<-P(C([H])([H])[H])(C([H])([H])[H])C([H])([H])C(P->2(C([H])([H])[H])C([H])([H])[H])([H])[H]
GUDQOL,0,ok,1.4573,75,1,,[Zr+4]123456789(Cl)(Cl)<-C%10(=C->1([H])C->2([Si](C([H])([H])[H])(C([H])([H])[H])C([H])([H])[H])=C->31C4%10C([H])=C([H])C([H])=C1[H])[Si](C([H])([H])[H])(C([H])([H])[H])[Si](C([H])([H])[H])(C([H])([H])[H])C->51=C->62C7(C->8([Si](C([H])([H])[H])(C([H])([H])[H])C([H])([H])[H])=C->91[H])C([H])=C([H])C([H])=C2[H]
GUGZEN,0,ok,0.0248,26,1,,[Pt+4](Cl)(Cl)(=S(=O)(C([H])([H])[H])C([H])([H])[H])<-N1([H])OC([H])([H])C([H])=C([H])C1([H])[H]
GUHZEO,0,ok,0.0750,78,1,,[Ag+](<-P(c1c([H])c([H])c([H])c([H])c1[H])(c1c([H])c([H])c([H])c([H])c1[H])c1c([H])c([H])c([H])c([H])c1[H])(<-P(c1c([H])c([H])c([H])c([H])c1[H])(c1c([H])c([H])c([H])c([H])c1[H])c1c([H])c([H])c([H])c([H])c1[H])(O[Se+2]([O-])(O[H])[O-])<-O([H])[H]
GUKDUN,0,ok,0.0536,53,1,,[Co+]12(<-P(C(C([H])([H])[H])([H])C([H])([H])[H])(C(C([H])([H])[H])([H])C([H])([H])[H])C(c3n->1c1c4n->2c(C([H])([H])[H])c([H])c([H])c4c([H])c([H])c1c([H])c3[H])([H])[H])C([H])([H])[H]
GULHEC,1,ok,0.0728,70,1,,[Au+3]1(c2c(F)c(F)c(F)c(F)c2F)(<-n2c([H])c([H])c([H])c([H])c2C([H])([H])N(C([H])([H])c2nc([H])c([H])c([H])c2[H])[C+]1N(c1c(C([H])([H])[H])c([H])c([H])c([H])c1C([H])([H])[H])[H])c1c(F)c(F)c(F)c(F)c1F
GULZAO,0,ok,0.0514,70,1,,[Ru+4](<-[C-]#[O+])(F)(=C(F)F)(<-P(C([H])([H])[H])(C(C([H])([H])[H])(C([H])([H])[H])C([H])([H])[H])C(C([H])([H])[H])(C([H])([H])[H])C([H])([H])[H])(<-P(C([H])([H])[H])(C(C([H])([H])[H])(C([H])([H])[H])C([H])([H])[H])C(C([H])([H])[H])(C([H])([H])[H])C([H])([H])[H])[H]
GUPDEC,0,ok,0.0491,41,1,,[V+5]12(<-N(=C([H])c3c(c([H])c([H])c([H])c3[H])O1)N=C(c1c([H])c([H])c(F)c([H])c1[H])O2)(=O)OC([H])([H])[H].C([H])([H])([H])O[H]
GUPXOG,0,ok,0.1805,71,1,,[Ni+2]12(SC(=S->1)C1=C([O-])c3c([H])c([H])c([H])c([H])c3C1=O)<-P(C([H])([H])C([H])([H])P->2(c1c([H])c([H])c([H])c([H])c1[H])c1c([H])c([H])c([H])c([H])c1[H])(c1c([H])c([H])c([H])c([H])c1[H])c1c([H])c([H])c([H])c([H])c1[H]
GUQPUD,0,ok,0.0609,77,1,,[W+6]12(<-n3c(C(O1)(C(C([H])([H])[H])(C([H])([H])[H])C([H])([H])[H])C(C([H])([H])[H])(C([H])([H])[H])C([H])([H])[H])c([H])c([H])c([H])c3[H])(<-n1c(C(O2)(C(C([H])([H])[H])(C([H])([H])[H])C([H])([H])[H])C(C([H])([H])[H])(C([H])([H])[H])C([H])([H])[H])c([H])c([H])c#c1)(=O)=O
GUSDUU,0,ok,0.0564,49,1,,[Hg+2]1(Cl)c2c(C(=O->1)N=P(c1c([H])c([H])c([H])c([H])c1[H])(c1c([H])c([H])c([H])c([H])c1[H])c1c([H])c([H])c([H])c([H])c1[H])c([H])c([H])c([H])c2[H]
GUTDUV,0,ok,0.0726,62,1,,C1(c2c([H])c([H])c([H])c([H])c2[H])N=P(O[Zn+2]2(<-n3c4c5c(c([H])c([H])c([H])n->25)c([H])c([H])c4c([H])c([H])c3[H])(<-S=1)Cl)(OC([H])(C([H])([H])[H])C([H])([H])[H])OC([H])(C([H])([H])[H])C([H])([H])[H]
GUTLIS,0,ok,0.1674,61,1,,[Ir+3]12345(Cl)(OS(=O)(=O)C(N6C->1N(c1c(C([H])([H])[H])c([H])c(C([H])([H])[H])c([H])c1C([H])([H])[H])C([H])=C6[H])([H])[H])<-C1(C([H])([H])[H])=C->2(C([H])([H])[H])C3(C([H])([H])[H])C->4(C([H])([H])[H])=C->51C([H])([H])[H]
GUVJAI,1,ok,0.0651,51,1,,[Re+5]1234(<-n5c([H])c([H])c([H])c([H])c5C(C([H])([H])[H])=N->1N=C(S2)N(C([H])([H])[H])[H])N1C([H])=C([H])C([H])=C([H])C1=C(C([H])([H])[H])N3N=C(N(C([H])([H])[H])[H])S4
GUVXEA,0,ok,0.1888,67,1,,[Zr+4]123456(Br)(<-N(=C->1(N2C(C([H])([H])[H])(C([H])([H])[H])C([H])([H])[H])C([H])([H])[H])C(C([H])([H])[H])([H])[H])(<-C1(C([H])([H])[H])=C->3(C([H])([H])[H])C4(C([H])([H])[H])C->5(C([H])([H])[H])=C->61C([H])([H])[H])C(C(C([H])([H])[H])(C([H])([H])[H])[H])([H])[H]
GUWMEQ,0,ok,0.0902,58,1,,[Pt+4]12(Sc3c(c([H])c(C(C([H])([H])[H])(C([H])([H])[H])C([H])([H])[H])c([H])c3C(C([H])([H])[H])(C([H])([H])[H])C([H])([H])[H])N1[H])N1C([H])=C([H])C([H])=C([H])C1=C1C([H])=C([H])C([H])=C([H])N21
GUYFUB,1,ok,0.0764,77,1,,[Ir+5]123(<-P(c4c([H])c([H])c([H])c([H])c4[H])(OC4([H])C([H])([H])C([H])([H])C([H])([H])C([H])([H])C4(S->1C(C([H])([H])[H])(C([H])([H])[H])C([H])([H])[H])[H])c1c([H])c([H])c([H])c([H])c1[H])(C1([H])[C-]([H])C([H])([H])C([H])([H])C->2([H])=C->3([H])C([H])([H])C1([H])[H])([H])[H]
GUZSEZ,1,ok,0.3632,79,1,,[Ru+2]12345678(<-N(=P(c9c([H])c([H])c([H])c([H])c9[H])(c9c([H])c([H])c([H])c([H])c9[H])C->1([H])=C->2(C([H])([H])C([H])([H])C([H])([H])C([H])([H])[H])C->3([H])=C->4([H])C([H])([H])C([H])([H])C([H])([H])C([H])([H])[H])c1c([H])c([H])c([H])c([H])c1[H])<-C1([H])=C->5([H])C6([H])C->7([H])=C->81[H]
HABNAC,0,ok,0.0488,48,1,,[Cd+2]12(<-O=C(O1)C([H])([H])[H])(<-n1c([H])c([H])c([H])c([H])c1[H])(<-n1c([H])c([H])c([H])c([H])c1[H])(OC(=O->2)C([H])([H])[H])<-n1c([H])c([H])c([H])c([H])c1[H]
HACPAC,0,ok,0.2179,59,1,,[Co+]1234567(<-C(=C->1([Si](C([H])([H])[H])(C([H])([H])[H])C([H])([H])[H])C->2(=C->3=C([Si](C([H])([H])[H])(C([H])([H])[H])C([H])([H])[H])OC(=O)c1c([H])c([H])c([H])c([H])c1[H])[H])([H])[H])<-C1([H])=C->4([H])C5([H])C->6([H])=C->71[H]
HADPIL,0,ok,0.1153,71,1,,[W+2]1(<-[C-]#[O+])(<-[C-]#[O+])(<-C(#CC(=O)OC(C([H])([H])[H])([H])[H])c2c([H])c([H])c([H])c([H])c2[H])(<-C(#CC(=O)OC(C([H])([H])[H])([H])[H])c2c([H])c([H])c([H])c([H])c2[H])N2C([H])=C([H])C([H])=C([H])C2=C2N1C([H])=C([H])C([H])=C2[H]
HADZUH,0,ok,0.1045,75,1,,[Ir+3](<-P(C([H])([H])[H])(C([H])([H])[H])c1c([H])c([H])c([H])c([H])c1[H])(<-P(C([H])([H])[H])(C([H])([H])[H])c1c([H])c([H])c([H])c([H])c1[H])(<-P(C(C([H])([H])[H])(C([H])([H])[H])[H])(C(C([H])([H])[H])(C([H])([H])[H])[H])C(C([H])([H])[H])(C([H])([H])[H])[H])(Cl)(Cl)[H]
HAFZOG,0,ok,0.0687,74,1,,[Re+3](Cl)(Cl)(<-P(c1c([H])c([H])c([H])c([H])c1[H])(C([H])([H])[H])C([H])([H])[H])(<-P(c1c([H])c([H])c([H])c([H])c1[H])(C([H])([H])[H])C([H])([H])[H])(<-P(c1c([H])c([H])c([H])c([H])c1[H])(C([H])([H])[H])C([H])([H])[H])CC(=O)OC([H])([H])C([H])([H])[H]
HAGZAS,0,ok,0.0671,59,1,,Br[Ni+2](<-C1N(C([H])([H])[H])C(C([H])([H])[H])=C(C([H])([H])[H])N1C([H])([H])[H])(<-C1N(C([H])([H])[H])C(C([H])([H])[H])=C(C([H])([H])[H])N1C([H])([H])[H])c1c([H])c([H])c(OC([H])([H])[H])c([H])c1[H]
HAHTES,0,ok,0.0686,62,1,,[Pd+2](Cl)(Cl)(<-C1N(c2c(C([H])([H])[H])c([H])c(C([H])([H])[H])c([H])c2C([H])([H])[H])C([H])=C([H])N1c1c(C([H])([H])[H])c([H])c(C([H])([H])[H])c([H])c1C([H])([H])[H])<-n1c([H])n(C([H])([H])[H])c([H])c1[H]
HAJNIP,0,ok,0.0825,43,1,,[W+2](<-[C-]#[O+])(<-[C-]#[O+])(<-[C-]#[O+])(<-[C-]#[O+])(<-[C-]#[O+])=c1n(C([H])([H])[H])c(C([H])([H])[H])c(C(=O)C([H])([H])[H])c(-c2c([H])c([H])c([H])c([H])c2[H])c1[H]
HAKMAJ,0,ok,0.1247,71,1,,[Ni+2]123<-N(=C(c4c([H])c([H])c([H])c([H])c4[H])c4c([H])c([H])c([H])c([H])c4N1C(=O)C1([H])N->2(C([H])([H])c2c([H])c([H])c([H])c([H])c2[H])C([H])([H])C([H])([H])C1([H])[H])C(N1C([H])([H])C([H])([H])C([H])([H])C1([H])[H])([H])C(=O)O3
HALMUD,0,ok,0.0927,57,1,,[W+2](=C(OC([H])([H])C([H])([H])[H])C1=C(OC([H])([H])C([H])([H])[H])C([H])=C(c2c([H])c([H])c([H])c([H])c2[H])C1([H])c1c([H])c([H])c([H])c([H])c1[H])(<-[C-]#[O+])(<-[C-]#[O+])(<-[C-]#[O+])(<-[C-]#[O+])<-[C-]#[O+]
HAMHAH,0,ok,0.0362,35,1,,C([H])([H])([H])Oc1c([H])c([H])c([H])c2c1O[Mo+6]1(<-N(=C2[H])N=C(c2c([H])c([H])c([H])o2)O1)(=O)=O.O([H])[H]
HAMZOK,1,ok,0.0306,40,1,,[La+3]12345(OC(C(O->1C(C(O->2C(C(O->3C(C(O->4C(C(OCl)([H])[H])([H])[H])([H])[H])([H])[H])([H])[H])([H])[H])([H])[H])([H])[H])([H])[H])([H])[H])[Cl+]O5
HANQIY,0,ok,0.0641,70,1,,[Ta+5]12(<-P(C([H])([H])[H])(C([H])([H])[H])C([H])([H])[H])(<-P(C([H])([H])[H])(C([H])([H])[H])C([H])([H])[H])(C([H])([H])[H])(C([H])([H])[H])c3c(c([H])c([H])c([H])c3-c3c1c([H])c(C([H])([H])[H])c([H])c3[H])-c1c2c([H])c(C([H])([H])[H])c([H])c1[H]
HAPFOT,1,ok,0.0934,76,1,,[Ru+2]1234567(<-P(C1(C(=C(C(=O->2)C(C([H])([H])[H])(C([H])([H])[H])C([H])([H])[H])[H])c1c([H])c([H])c([H])c([H])c1[H])[H])(c1c([H])c([H])c([H])c([H])c1[H])c1c([H])c([H])c([H])c([H])c1[H])<-c1(C([H])([H])[H])c->3([H])c->4(C([H])([H])[H])c->5([H])c->6(C([H])([H])[H])c->71[H]
HARPUL,0,ok,0.0283,30,1,,[W+6](=O)(c1c([H])c([H])c([H])c([H])c1C(N(C([H])([H])[H])C([H])([H])[H])(C([H])([H])[H])[H])(Cl)(Cl)Cl
HASMOD,0,ok,0.3374,53,1,,[Ti+4]123456789(Cl)(Cl)<-C%10([H])=C->1%11C2(C->3([H])=C->4%10c1c(c([H])c([H])c([H])c1[H])-c1c([H])c([H])c([H])c([H])c1C->51=C->6([H])C72C->8(=C->91[H])C([H])=C([H])C([H])=C2[H])C([H])=C([H])C([H])=C%11[H]
HATHIU,0,ok,0.0552,66,1,,N123->[Zn+2]4567(<-O=C->4(O5)C(=C([H])[H])C([H])([H])[H])(<-N45C([H])([H])C([H])([H])C([H])([H])C([H])([H])C4([H])C([H])(C([H])([H])C([H])(C1([H])C([H])([H])C([H])([H])C([H])([H])C2([H])[H])C5([H])[H])C3([H])[H])<-O=C->6(O7)C(=C([H])[H])C([H])([H])[H]
HAVCEO,0,ok,0.0911,79,1,,[Hg+2]12(Cl)(Cl)<-O=C3N(N->1=C(c1n->2c2c([H])c([H])c([H])c([H])c2c([H])c1[H])[H])C1(c2c([H])c([H])c([H])c([H])c23)c2c([H])c(C([H])([H])[H])c(N([H])C([H])([H])C([H])([H])[H])c([H])c2Oc2c([H])c(N([H])C([H])([H])C([H])([H])[H])c(C([H])([H])[H])c([H])c21
HAVPIG,1,ok,0.0761,76,1,,[Pt+2]1(<-P(c2c([H])c([H])c([H])c([H])c2[H])(c2c([H])c([H])c([H])c([H])c2[H])c2c([H])c([H])c([H])c([H])c2[H])(<-n2c([H])c([H])c([H])c([H])c2[H])<-C2N(C([H])([H])[H])C([H])=C([H])N2c2c1c([H])c(C(OC([H])([H])C([H])([H])[H])=O)c([H])c2[H]
HAWSUU,0,ok,0.0972,65,1,,[Pd+2](Cl)(<-n1c2c([H])c([H])c([H])c([H])c2sc1S(=O)C([H])([H])C([H])([H])C([H])(C([H])([H])[H])C([H])([H])[H])(Cl)<-n1c2c([H])c([H])c([H])c([H])c2sc1S(=O)C([H])([H])C([H])([H])C([H])(C([H])([H])[H])C([H])([H])[H]
HAXPEE,1,ok,0.0561,53,1,,[Co+]123(<-S=C(N=N->1C([H])=C(N->2=NC(=S->3)N([H])[H])[H])N([H])[H])(<-N([H])([H])C([H])([H])c1c([H])c([H])c([H])c([H])c1[H])<-N([H])([H])C([H])([H])c1c([H])c([H])c([H])c([H])c1[H]
HAYKAW,0,ok,0.1463,83,1,,[W+2]12(I)(<-n3n([B-]([H])(n4n->1c(C([H])([H])[H])c(C([H])([H])[H])c4C([H])([H])[H])n1n->2c(C([H])([H])[H])c(C([H])([H])[H])c1C([H])([H])[H])c(C([H])([H])[H])c(C([H])([H])[H])c3C([H])([H])[H])(<-C([H])#CP(c1c([H])c([H])c([H])c([H])c1[H])c1c([H])c([H])c([H])c([H])c1[H])<-[C-]#[O+]
HAZGEU,0,ok,0.0216,21,1,,[Mo+6](Cl)(Cl)(Cl)(<-O(C(C(OC([H])([H])[H])([H])[H])([H])[H])C([H])([H])[H])#N
HEBZIZ,0,ok,0.0862,62,1,,C12(C([H])([H])C([H])([H])N(C([H])([H])[H])(C([H])([H])[H])->[Zn+2]1)C(C([H])([H])[H])=C(C([H])([H])[H])C(C([H])([H])[H])=C2C([H])([H])[H].c1(C([H])([H])[H])c(C([H])([H])[H])c(C([H])([H])[H])c(C([H])([H])[H])[c-]1C([H])([H])[H]
HECTUG,1,ok,0.0375,47,1,,[Cu+]12<-n3c(C(C(N->14C([H])([H])C([H])([H])C([H])([H])N->2(C(C([H])([H])[H])(C([H])([H])[H])[H])C([H])([H])C([H])([H])C4([H])[H])([H])[H])([H])[H])c([H])c([H])c([H])c3[H]
HEDDID,0,ok,0.1392,73,1,,[Rh+]123(<-P(C([H])(C([H])([H])[H])C([H])([H])[H])(C([H])(C([H])([H])[H])C([H])([H])[H])C([H])(C([H])([H])[H])C([H])([H])[H])(<-C(=C->1=O)(c1c([H])c([H])c([H])c([H])c1[H])c1c([H])c([H])c([H])c([H])c1[H])C1([H])c4c(c([H])c([H])c([H])c4[H])C->2([H])=C->31[H]
HEDSAN,0,ok,0.0691,44,1,,C(#CC([H])([H])C([H])([H])[H])(C([H])(C([H])([H])[H])O[H])->[Ru+2]1234(<-C5(C([H])([H])[H])=C->1(C([H])([H])[H])C2(C([H])([H])[H])C->3(C([H])([H])[H])=C->45C([H])([H])[H])Cl
HEDZOG,0,ok,0.0657,65,1,,[H][Re+]1(<-[C-]#[O+])(<-[C-]#[O+])(<-[C-]#[O+])<-P(OC([H])([H])C([H])([H])C(OP->1(c1c([H])c([H])c([H])c([H])c1[H])c1c([H])c([H])c([H])c([H])c1[H])([H])[H])(c1c([H])c([H])c([H])c([H])c1[H])c1c([H])c([H])c([H])c([H])c1[H]
HEFNUE,0,ok,0.2612,56,1,,C1(=C(c2c([H])c([H])c([H])c([H])n2->[Zr+4]123456789(<-C1([H])=C->2([H])C3([H])C->4([H])=C->51[H])(<-C1([H])=C->6([H])C7([H])C->8([H])=C->91[H])Cl)c1c([H])c([H])c([H])c([H])c1[H])c1c([H])c([H])c([H])c([H])c1[H]
HEGQOB,0,ok,0.0349,34,1,,[Mo+6]12(=O)(=O)<-N(=C([H])c3c(c([H])c([H])c(OC([H])([H])[H])c3[H])O1)C([H])([H])C(C([H])([H])[H])([H])O2.O([H])[H]
HEJVID,0,ok,0.0705,52,1,,[Pt+2]123<-S=c4n([Si](n5c(=S->1)n(C([H])([H])[H])c([H])c5[H])(n1c(=S->2)n(C([H])([H])[H])c([H])c1[H])n1c(=S->3)n(C([H])([H])[H])c([H])c1[H])c([H])c([H])n4C([H])([H])[H].[I-].[Cl-]
HEKFAH,0,ok,0.0539,51,1,,[Ni+4]123Sc4c(c([H])c([H])c([H])c4[H])N1C([H])(c1c([H])c(Cl)c([H])c(Cl)c1[H])C([H])(c1c([H])c(Cl)c([H])c(Cl)c1[H])N2c1c(c([H])c([H])c([H])c1[H])S3
HELWUQ,0,ok,0.1655,71,1,,[Ru+2]123(<-S(c4c(c([H])c([H])c([H])c4[H])S1)c1c(c([H])c([H])c([H])c1[H])S->2c1c(c([H])c([H])c([H])c1[H])S3)(<-P(c1c([H])c([H])c([H])c([H])c1[H])(c1c([H])c([H])c([H])c([H])c1[H])c1c([H])c([H])c([H])c([H])c1[H])<-[C-]#[O+]
HEPFUE,0,ok,0.0469,40,1,,[Cu+]123(<-n4c(-c5n->1c([H])c([H])c([H])c5[H])c([H])c([H])c([H])c4[H])(<-C([H])(=C->2([H])[H])C(=O)OC([H])([H])[H])[F+][P-](F)(F)(F)(F)[F+]3
HEQBIR,1,ok,0.0553,54,1,,[Co+3]12(<-N(=C([H])c3c(c([H])c([H])c([H])c3[H])O1)N=C(N([H])[H])O2)(<-n1c([H])c([H])c([H])c([H])c1[H])(<-n1c([H])c([H])c([H])c([H])c1[H])<-n1c([H])c([H])c([H])c([H])c1[H]
HERRAX,0,ok,0.0510,55,1,,[W]123456(<-O=C->17C->2(=C->3([H])[H])C1([H])C(C([H])([H])[H])(C([H])([H])[H])C([H])(C7([H])[H])C1([H])[H])(<-O=C->41C->5(=C->6([H])[H])C2([H])C(C([H])([H])[H])(C([H])([H])[H])C([H])(C1([H])[H])C2([H])[H])(<-[C-]#[O+])<-[C-]#[O+]
HESPOK,0,ok,0.0447,47,1,,[Zn+2]1234<-N(=C([H])c5c(c([H])c([H])c([H])c5[H])O1)C([H])([H])C([H])([H])N->2(C(C(N->3([H])[H])([H])[H])([H])[H])C([H])([H])c1c([H])c([N+]([O-])=O)c([H])c([H])c1O4
HETNEZ,0,ok,0.0733,37,1,,[Ru+2]1234567(Br)(C8(C([H])([H])[H])C->1(C([H])([H])[H])=C->2(C([H])([H])[H])C->3(C([H])([H])[H])=C->48C([H])([H])[H])<-C1([H])=C->5([H])C->6([H])=C->7([H])C1=O
HEVLAW,0,ok,0.1055,78,1,,[Fe+2]12(Cl)(<-[H][B-](n3c(=S->1)n(C(C([H])([H])[H])(C([H])([H])[H])C([H])([H])[H])c([H])c3[H])(n1c(=S->2)n(C(C([H])([H])[H])(C([H])([H])[H])C([H])([H])[H])c([H])c1[H])n1c(=S)n(C(C([H])([H])[H])(C([H])([H])[H])C([H])([H])[H])c([H])c1[H])<-n1c([H])c([H])c([H])c([H])c1[H]
HEXBAP,0,ok,0.0766,59,1,,[Ru+2]12(<-P34OC([H])([H])C(C([H])([H])[H])(O3)C([H])([H])O4)(<-N#CC([H])([H])[H])(<-n3n([B-](n4n->1c([H])c([H])c4[H])(n1n->2c([H])c([H])c1[H])[H])c([H])c([H])c3[H])c1c([H])c([H])c([H])c([H])c1[H]
HEYDIB,0,ok,0.0945,63,1,,[Rh+3]12345(<-N(=C(c6c1c([H])c([H])c([H])c6[H])c1c([H])c([H])c([H])c([H])c1[H])C([H])([H])C(=O)OC([H])([H])C([H])([H])[H])(<-C1(C([H])([H])[H])=C->2(C([H])([H])[H])C->3(C([H])([H])[H])=C->4(C([H])([H])[H])C51C([H])([H])[H])Cl
HEYYOB,1,ok,0.0875,77,1,,[Pt+2]12(<-P(c3c([H])c([H])c([H])c([H])c3[H])(c3c([H])c([H])c([H])c([H])c3[H])c3c([H])c([H])c([H])c([H])c3N3C([H])([H])C([H])([H])N(c4c([H])c([H])c([H])c([H])c4P->1(c1c([H])c([H])c([H])c([H])c1[H])c1c([H])c([H])c([H])c([H])c1[H])C->23)[H]
HEZVAM,0,ok,0.0737,82,1,,[Ru+4]1(Cl)(Cl)(<-O(c2c(C=1[H])c([H])c([H])c([H])c2[H])C1([H])C([H])([H])C([H])([H])C([H])([H])C([H])([H])C1([H])[H])<-C1N(c2c(C([H])([H])[H])c([H])c(C([H])([H])[H])c([H])c2C([H])([H])[H])C([H])([H])C([H])([H])N1c1c(C([H])([H])[H])c([H])c(C([H])([H])[H])c([H])c1C([H])([H])[H]
HIBVIY,0,ok,0.0529,61,1,,C1(=O)C(C([H])([H])C([H])([H])[H])(C([H])([H])C([H])([H])[H])C(=O)N([H])C(=O)N1[Zn+2]1(<-N(C([H])([H])C([H])([H])N->1([H])[H])([H])[H])N1C(=O)C(C([H])([H])C([H])([H])[H])(C([H])([H])C([H])([H])[H])C(=O)N([H])C1=O
HICLIO,0,ok,0.1238,80,1,,[Cu+]12(<-P(c3c([H])c([H])c([H])c([H])c3[H])(c3c([H])c([H])c([H])c([H])c3[H])c3c([H])c([H])c([H])c([H])c3[H])(<-P(c3c([H])c([H])c([H])c([H])c3[H])(c3c([H])c([H])c([H])c([H])c3[H])c3c([H])c([H])c([H])c([H])c3[H])OC->1(=O->2)C(C(=C([H])[H])[H])([H])[H]
HIDGIL,0,ok,0.0558,53,1,,[Fe+2]123(<-n4c([H])c([H])c([H])c([H])c4C(=N->1C([H])([H])C([H])([H])C(N->2=C([H])c1n->3c(-c2c([H])c([H])c([H])c([H])c2[H])n([H])c1[H])([H])[H])C([H])([H])[H])(<-N#C[S-])<-N#C[S-]
HIFHUA,0,ok,0.2070,75,1,,[Pd+4]123n4c(C([H])([H])[H])c(C([H])([H])[H])c(C([H])([H])[H])c4C([H])=c4n1c1c(c4C([H])([H])C([H])([H])[H])C([H])([H])C([H])([H])C([H])([H])C([H])([H])c4c=1n2c(c4C([H])([H])C([H])([H])[H])=C([H])c1n3c(C([H])([H])[H])c(C([H])([H])[H])c1C([H])([H])[H]
HIGFUB,0,ok,0.0737,78,1,,[Ru+4]1(Cl)(Cl)(<-C2N(c3c(C([H])([H])[H])c([H])c(C([H])([H])[H])c([H])c3C([H])([H])[H])C([H])([H])C([H])([H])N2c2c(C([H])([H])[H])c([H])c(C([H])([H])[H])c([H])c2C([H])([H])[H])=C([H])c2c([H])c([H])c([H])c([H])c2O->1C([H])([H])C([H])(C([H])([H])[H])C([H])([H])[H]
HIGPUI,0,ok,0.2136,46,1,,[Co+3]12(Cl)(<-N(=C([H])c3n1c([H])c([H])c3[H])N=C([H])c1n2c([H])c([H])c1[H])(<-n1c([H])c([H])c([H])c([H])c1[H])<-n1c([H])c([H])c([H])c([H])c1[H]
HIJHAM,0,ok,0.0659,69,1,,c1([H])c([H])c([H])c([H])c2-c3n([Cu+3](=c4c(N(C([H])(C([H])([H])[H])C([H])([H])[H])C([H])(C([H])([H])[H])C([H])([H])[H])c4N(C([H])(C([H])([H])[H])C([H])([H])[H])C([H])(C([H])([H])[H])C([H])([H])[H])<-n12)c1c(c([H])c([H])c([H])c1[H])n3
HIJSAU,0,ok,0.0300,29,1,,[Zn+2](Br)(Br)(<-n1c(C(=O)[H])c([H])c([H])c([H])c1[H])<-n1c(C(=O)[H])c([H])c([H])c([H])c1[H]
HIJVUR,0,ok,0.5516,56,1,,[Hf+4]123456789(C%10([H])C->1([H])=C->2([H])C->3([H])=C->4%10[H])(<-C1([H])=C->5([H])C6([H])C->7([H])=C->81[H])c1c([H])c([H])c([H])c2c([H])c([H])c([H])c(c12)C9=Nc1c(C([H])([H])[H])c([H])c([H])c([H])c1C([H])([H])[H]
HIKKUK,1,ok,0.1154,48,1,,[Ru+2]123456(<-O=O->1)(<-n1c([H])c([H])c([H])c([H])c1-c1n->2c([H])c([H])c([H])c1[H])<-C1(C([H])([H])[H])=C->3(C([H])([H])[H])C4(C([H])([H])[H])C->5(C([H])([H])[H])=C->61C([H])([H])[H]
HILPIE,0,ok,0.1981,70,1,,[Hf+4]12(Cl)(Cl)<-N(=C(C([H])([H])[H])C3=C([H])C([H])=C([H])C(=C(C([H])([H])[H])N1c1c(C([H])([H])C([H])([H])[H])c([H])c([H])c([H])c1C([H])([H])C([H])([H])[H])N23)c1c(C([H])([H])C([H])([H])[H])c([H])c([H])c([H])c1C([H])([H])C([H])([H])[H]
HIMREA,0,ok,0.0473,40,1,,[Fe](<-N(S(=O)(=O)C(F)(F)F)=C(C(=C(C(=C(N(C(C([H])([H])[H])([H])[H])C(C([H])([H])[H])([H])[H])[H])[H])[H])[H])[H])(<-[C-]#[O+])(<-[C-]#[O+])<-[C-]#[O+]
HINJEW,0,ok,0.0512,59,1,,C1(c2c(O[Mo+6]3(=O)(=O)(<-O=1)<-O=C(c1c(O3)c([H])c([H])c([H])c1[H])N(C(C([H])([H])[H])(C([H])([H])[H])C([H])([H])[H])[H])c([H])c([H])c([H])c2[H])N(C(C([H])([H])[H])(C([H])([H])[H])C([H])([H])[H])[H]
HINVIJ,0,ok,0.0450,41,1,,[W+6]1(=O)(=O)Oc2c(c([H])c([H])c([H])c2[H])N(C([H])([H])[H])C([H])([H])C([H])([H])N(C([H])([H])[H])c2c(c([H])c([H])c([H])c2[H])O1
HIPFAN,0,ok,0.0514,59,1,,[Ti+4]12(Cl)(Cl)<-N(=C(C([H])([H])C([H])([H])[H])c3c(c([H])c([H])c([H])c3[H])O1)C1([H])C([H])([H])C([H])([H])C([H])([H])C([H])([H])C1([H])N=C(C([H])([H])C([H])([H])[H])c1c([H])c([H])c([H])c([H])c1O2
HIQDUG,0,ok,0.0677,56,1,,[V+3]123(<-O=C(C([H])([H])[H])C(=C(N->1=NC(=O->2)c1c([H])c([H])c([H])c([H])c1[H])C([H])([H])[H])[H])(<-O=C(N(O3)c1c([H])c([H])c([H])c([H])c1[H])c1c([H])c([H])c([H])c([H])c1[H])=O
HIQTEH,0,ok,0.0476,55,1,,[Cd+2]123(<-N(C([H])([H])c4c([H])c([H])c([H])c([H])c4[H])(C([H])([H])C([H])([H])N->1(C([H])([H])c1c([H])c([H])c([H])c([H])c1[H])C([H])([H])C(=O)O2)C([H])([H])C(=O)O3)<-O([H])[H].O([H])[H]
HISHEZ,1,ok,0.0608,84,1,,[Cr+4]1(N=P(N2C([H])([H])C([H])([H])C([H])([H])C2([H])[H])(N2C([H])([H])C([H])([H])C([H])([H])C2([H])[H])N2C([H])([H])C([H])([H])C([H])([H])C2([H])[H])(N(C([H])(C([H])([H])[H])C([H])([H])[H])C([H]->1)(C([H])([H])[H])C([H])([H])[H])N(C([H])(C([H])([H])[H])C([H])([H])[H])C([H])(C([H])([H])[H])C([H])([H])[H]
HISRAF,1,ok,0.0884,74,1,,[Cr+4]1(N=P(C([H])([H])C([H])([H])[H])(c2c([H])c([H])c([H])c([H])c2[H])c2c([H])c([H])c([H])c([H])c2[H])(N(C([H])(C([H])([H])[H])C([H])([H])[H])C([H]->1)(C([H])([H])[H])C([H])([H])[H])N(C([H])(C([H])([H])[H])C([H])([H])[H])C([H])(C([H])([H])[H])C([H])([H])[H]
HISYIR,0,ok,0.0710,54,1,,[Ru+4]123456(Cl)(<-c7(C([H])([H])[H])c->1(C([H])([H])[H])c->2(C([H])([H])[H])c->3(C([H])([H])[H])c->4(C([H])([H])[H])c->57C([H])([H])[H])=S(=O)(c1c([H])c([H])c([H])c([H])c1[H])C(C([H])([H])[H])([H])C(=O)O6
HIVYAM,0,ok,0.0454,69,1,,[Re+](Br)(Br)(<-P(C(C([H])([H])[H])(C([H])([H])[H])[H])(C(C([H])([H])[H])(C([H])([H])[H])[H])C(C([H])([H])[H])(C([H])([H])[H])[H])(<-P(C(C([H])([H])[H])(C([H])([H])[H])[H])(C(C([H])([H])[H])(C([H])([H])[H])[H])C(C([H])([H])[H])(C([H])([H])[H])[H])<-N#[O+].[H][H]
HIWKEG,0,ok,0.0420,43,1,,C([H])([H])([H])O[H].[Mo+6]12(=O)(<-N(=C([H])c3c(c([H])c(OC([H])([H])[H])c([H])c3[H])O1)N=C(c1c(N([H])[H])c([H])c([H])c([H])c1[H])O2)=O
HIXCAS,1,ok,0.0342,34,1,,C(C([H])([H])[H])(O[H])=[Pt+4]1(C(C([H])([H])[H])=O)<-n2c([H])c([H])c([H])c([H])c2-c2c([H])c([H])c([H])c([H])n->12
HIXZIY,0,ok,0.0855,73,1,,[Rh+]123(Cl)(<-C4([H])=C->1([H])C([H])([H])C([H])([H])C->2([H])=C->3([H])C([H])([H])C4([H])[H])c1n(C([H])([H])[H])c2c(c1[P+](c1c([H])c([H])c([H])c([H])c1[H])(c1c([H])c([H])c([H])c([H])c1[H])c1c([H])c([H])c([H])c([H])c1[H])c([H])c([H])c([H])c2[H]
HMAPNI,0,ok,0.0688,41,1,,c12C(C([H])([H])[H])=O->[Ni+2]3(Oc1c([H])c([H])c(C([H])([H])[H])c2[H])<-O=C(c1c(O3)c([H])c([H])c(C([H])([H])[H])c1[H])C([H])([H])[H]
HOBJUE,0,ok,0.2228,39,1,,[Nb+3]1234567(Cl)(Cl)(C8([Si](Cl)(C([H])([H])[H])C([H])([H])[H])C->1([H])=C->2([H])C->3([H])=C->48[H])<-O=C->5(C->6([H])=C->7(C([H])([H])[H])C([H])([H])[H])C([H])([H])[H]
HOBQOF,0,ok,0.1111,53,1,,[Fe+2]12(Cl)(<-N(=C(c3n->1c(C(=N->2c1c([H])c([H])c(C#N)c([H])c1[H])C([H])([H])[H])c([H])c([H])c3[H])C([H])([H])[H])c1c(C([H])([H])[H])c([H])c(Br)c([H])c1C([H])([H])[H])Cl
HOCLOA,0,ok,0.0339,32,1,,I[Cd+2]12(I)<-S=C(N(N->1=C(c1n->2c([H])c([H])c([H])c1[H])C([H])([H])[H])[H])N(C([H])([H])[H])C([H])([H])[H]
HOFKOF,0,ok,0.0559,57,1,,[V+5]12(<-N(=C([H])c3c(c(OC([H])([H])C([H])([H])[H])c([H])c([H])c3[H])O1)N=C(c1c([H])c([H])c([H])c(C([H])([H])[H])c1[H])O2)(Oc1c(=O)c([H])c([H])oc1C([H])([H])C([H])([H])[H])=O
HOGQEZ,1,ok,0.0950,60,1,,[Fe+2]123(<-O=C4C([H])=C([H])C(OC([H])([H])[H])=C([H])C4=C(N->1=C(C(N->2=C(c1c([H])c(OC([H])([H])[H])c([H])c([H])c1O3)[H])([H])[H])[H])[H])(<-n1c([H])c([H])n([H])c1[H])<-n1c([H])n([H])c([H])c1[H]
HOHKOF,0,ok,0.1924,81,1,,[Pd+4]123n4c5c6c([H])c([H])c([H])c([H])c6c4=C([H])c4n1c(c1c4c([H])c([H])c([H])c1[H])C(c1c([H])c([H])c([H])c([H])c1[H])=c1n2c(c2c1c([H])c([H])c([H])c2[H])=C([H])c1n3c(c2c1c([H])c([H])c([H])c2[H])C=5c1c([H])c([H])c([H])c([H])c1[H]
HOJVOT,0,ok,0.0432,61,1,,[Fe+2]12([H])(Br)(<-P(C([H])([H])C(N->1([H])C([H])([H])C(P->2(C([H])(C([H])([H])[H])C([H])([H])[H])C([H])(C([H])([H])[H])C([H])([H])[H])([H])[H])([H])[H])(C([H])(C([H])([H])[H])C([H])([H])[H])C([H])(C([H])([H])[H])C([H])([H])[H])<-[C-]#[O+]
HOKSUW,1,ok,0.1401,74,1,,[Ni+2]12345(<-P(c6c([H])c([H])c([H])c([H])c6[H])(c6c([H])c([H])c([H])c([H])c6[H])c6c([H])c([H])c([H])c([H])c6[H])<-N(C(C(C->16=C->2([H])C->3(C([H])(C([H])([H])[H])C([H])([H])[H])=C->41C([H])=C([H])C([H])=C([H])C561)([H])[H])([H])[H])(C([H])([H])[H])C([H])([H])[H]
HOLGUK,0,ok,0.0697,70,1,,[Pt+2]12(<-P(C(C(C(P->1(c1c([H])c([H])c([H])c([H])c1[H])c1c([H])c([H])c([H])c([H])c1[H])([H])[H])([H])[H])([H])[H])(c1c([H])c([H])c([H])c([H])c1[H])c1c([H])c([H])c([H])c([H])c1[H])OC([H])([H])C(C(=O)[H])([H])O2.O=C([H])[H]
HOLVEJ,0,ok,0.0454,49,1,,[Ni]123<-O=C(N=N->1C(C([H])([H])[H])=C(N->2=NC(=O->3)c1c([H])c([H])c(OC([H])([H])[H])c([H])c1[H])C([H])([H])[H])c1c([H])c([H])c(OC([H])([H])[H])c([H])c1[H]
HONCIZ,0,ok,0.0915,57,1,,[Zn+2]12(ON(C(=O->1)c1c([H])c([N+](=O)[O-])c([H])c([H])c1[H])[H])(<-O=S(C([H])([H])[H])C([H])([H])[H])(ON(C(=O->2)c1c([H])c([N+]([O-])=O)c([H])c([H])c1[H])[H])<-O=S(C([H])([H])[H])C([H])([H])[H]
HOPCUM,0,ok,0.0489,45,1,,[Pd+2]12(<-n3c(SC1([H])C(=O)c1c2c([H])c([H])c([H])c1[H])c([H])c([H])c([H])c3[H])<-[C-]#[N+]c1c(C([H])([H])[H])c([H])c([H])c([H])c1C([H])([H])[H]
HOPMII,0,ok,1.2540,63,1,,[Hf+4]123456789(C([H])([H])[H])(C([H])([H])[H])<-C%10(C([H])([H])[H])=C->1(C([H])([H])[H])C->2(C([H])([H])[H])=C->3(C([H])([H])[H])C4%10P(c1c([H])c([H])c([H])c([H])c1[H])C51C->6(C([H])([H])[H])=C->7(C([H])([H])[H])C->8(C([H])([H])[H])=C->91C([H])([H])[H]
HOQBIB,0,ok,0.0574,51,1,,c1(OC(c2c([H])n(->[Hg+2](Br)(Br)<-n3c([H])c(C(=O)Oc4c([H])c([H])c([H])c([H])c4[H])c([H])c([H])c3[H])c([H])c([H])c2[H])=O)c([H])c([H])c([H])c([H])c1[H]
HORKUU,0,ok,0.0185,21,1,,[Mo+2](I)(I)(<-[C-]#[O+])(<-N#CC([H])([H])[H])(<-[C-]#[O+])(<-N#CC([H])([H])[H])<-[C-]#[O+]
HOSPEK,0,ok,0.0378,37,1,,[Pd+2]12(Cl)SC(=NN->1=C(c1n->2c([H])c([H])c([H])c1[H])[H])N1C([H])([H])C([H])([H])C([H])([H])C([H])([H])C([H])([H])C1([H])[H]
HOSXUK,0,ok,0.0483,53,1,,[Ni+2]12(<-N3=C(c4c(S1)c([H])c([H])c([H])c4[H])OC([H])([H])C3(C([H])([H])[H])C([H])([H])[H])<-N1=C(c3c(S2)c([H])c([H])c([H])c3[H])OC([H])([H])C1(C([H])([H])[H])C([H])([H])[H]
HOTWIW,0,ok,0.0913,77,1,,[Ni+2]123<-O(c4c(c([H])c([H])c([H])c4[H])S1)C([H])([H])C(=O->2)N1C([H])([H])C([H])([H])OC([H])([H])C([H])([H])OC([H])([H])C([H])([H])N(C(=O)C([H])([H])Oc2c(c([H])c([H])c([H])c2[H])S3)C([H])([H])C([H])([H])OC([H])([H])C([H])([H])OC([H])([H])C1([H])[H]
HOVMUC,1,ok,0.0666,69,1,,[Ru+4]123(<-P(Sc4n->1c([H])c([H])c([H])c4[H])(C([H])(C([H])([H])[H])C([H])([H])[H])C([H])(C([H])([H])[H])C([H])([H])[H])(<-n1n([B-](n4n->2c([H])c([H])c4[H])(n2n->3c([H])c([H])c2[H])[H])c([H])c([H])c1[H])=C(OC([H])([H])[H])C([H])([H])[H]
HOXDON,0,ok,0.3905,83,1,,[Ru+2]123456(<-P(C([H])([H])C(C(P->1(c1c([H])c([H])c([H])c([H])c1[H])c1c([H])c([H])c([H])c([H])c1[H])([H])[H])(C([H])([H])C->21=C->3([H])C4([H])C->5([H])=C->61[H])C([H])([H])[H])(c1c([H])c([H])c([H])c([H])c1[H])c1c([H])c([H])c([H])c([H])c1[H])C#Cc1c([H])c([H])c([H])c([H])c1[H]
HOYFOQ,0,ok,0.1008,58,1,,[Ni+2]12(<-S(c3c(c([H])c([H])c([H])c3[H])S1)c1c(c([H])c([H])c([H])c1[H])S2)<-P(c1c([H])c([H])c([H])c([H])c1[H])(c1c([H])c([H])c([H])c([H])c1[H])c1c([H])c([H])c([H])c([H])c1[H]
HOZGUZ,0,ok,0.0768,84,1,,[Zn+2]123(<-n4n([B-](n5n->1c(C([H])(C([H])([H])[H])C([H])([H])[H])c([H])c5C([H])(C([H])([H])[H])C([H])([H])[H])(n1n->2c(C([H])(C([H])([H])[H])C([H])([H])[H])c([H])c1C([H])(C([H])([H])[H])C([H])([H])[H])[H])c(C([H])(C([H])([H])[H])C([H])([H])[H])c([H])c4C([H])(C([H])([H])[H])C([H])([H])[H])<-O=NO3
HUBCUD,0,ok,0.0473,46,1,,c1([H])c([H])c(N2->[Hg+2]3(Cl)(Cl)<-N(=C(c4n->3c(C=2C([H])([H])[H])c([H])c([H])c4[H])C([H])([H])[H])c2c([H])c([H])c([H])c([H])c2[H])c([H])c([H])c1[H]
HUBGIW,1,ok,0.0939,76,1,,c1([H])c([H])c([H])c([H])c2-c3c4c([H])c([H])c([H])c([H])n4c(-c4c(O[H])c([H])c([H])c([H])c4[H])n3->[Zn+2]3(<-n12)(<-n1c([H])c([H])c([H])c([H])c1-c1c2c([H])c([H])c([H])c([H])n2c(-c2c(O[H])c([H])c([H])c([H])c2[H])n->31)O[Cl+3]([O-])([O-])[O-]
HUCJUL,0,ok,0.0655,69,1,,c1([H])c([Se][H])c([H])c2C([H])=N3C(C([H])([H])C([H])([H])N(C([H])([H])[H])(C([H])([H])[H])->[Zn+2]<-345(<-N(C([H])([H])C([H])([H])C([H])([H])N->4(C([H])([H])[H])C([H])([H])[H])=C(c3c(O5)c([Se][H])c([H])c([Se][H])c3[H])[H])Oc2c1[Se][H])([H])[H]
HUFPIH,0,ok,0.0647,58,1,,[Pt+2]1(Cl)(Cl)<-P(c2c([H])c([H])c([H])c([H])c2[H])(c2c([H])c([H])c([H])c([H])c2[H])c2c([H])c([H])c([H])c([H])c2C1([N+]([H])([H])C([H])(C([H])([H])[H])c1c([H])c([H])c([H])c([H])c1[H])[H]
HUHXUF,1,ok,0.0812,73,1,,[Ir+3]12([H])([H])(<-P(C(C([n+]3c(C1([H])[H])n(C([H])([H])C(P->2(c1c([H])c([H])c([H])c([H])c1[H])c1c([H])c([H])c([H])c([H])c1[H])([H])[H])c([H])c3[H])([H])[H])([H])[H])(c1c([H])c([H])c([H])c([H])c1[H])c1c([H])c([H])c([H])c([H])c1[H])<-[C-]#[O+]
HUJYOA,0,ok,0.0639,39,1,,[Ni+2]1(<-O(C([H])([H])C(O1)=O)[H])(OC(C([H])([H])O[H])=O)<-n1c([H])c([H])c([H])c([H])c1[H].n1c([H])c([H])c([H])c([H])c1[H]
HUMBOI,0,ok,0.2597,75,1,,[Ru+4]1234567(Cl)(<-C8(C([H])([H])[H])=C->1(C([H])([H])[H])C2(C1(O[H])C([H])([H])C([H])([H])C([H])([H])C([H])([H])C1([H])[H])C38C1(O[H])C([H])([H])C([H])([H])C([H])([H])C([H])([H])C1([H])[H])C1(C([H])([H])[H])C->4(C([H])([H])[H])=C->5(C([H])([H])[H])C->6(C([H])([H])[H])=C->71C([H])([H])[H]
HUNDUP,0,ok,0.0657,71,1,,[Zr+4]123(N(C([H])([H])[H])C([H])([H])[H])(<-N(C([H])([H])[H])(C([H])([H])[H])[H])[F+]c4c(c(F)c(F)c(F)c4F)N1C1([H])C([H])([H])C([H])(N2c2c(F)c(F)c(F)c(F)c2F)C([H])([H])C([H])(N3c2c(F)c(F)c(F)c(F)c2F)C1([H])[H]
HUNSIT,0,ok,0.1394,84,1,,c1(-n2c3O[Ru+2]45678(<-c9([H])c->4(C([H])(C([H])([H])[H])C([H])([H])[H])c->5([H])c->6([H])c->7(C([H])([H])[H])c->89[H])(n4nc(C(OC([H])([H])C([H])([H])[H])=O)c(C(OC([H])([H])C([H])([H])[H])=O)n4)<-O=C(c4c([H])c([H])c([H])c([H])c4[H])c3c(C([H])([H])[H])n2)c([H])c([H])c([H])c([H])c1[H]
HUPFOP,0,ok,0.2001,62,1,,[Ir+5]12345(Cl)(<-C6(C([H])([H])[H])=C->1(C([H])([H])[H])C2(C([H])([H])[H])C->3(C([H])([H])[H])=C->46C([H])([H])[H])n1c(c2c(c1N=c1[n-]c(F)c([H])c([H])c1[H])c([H])c([H])c([H])c2[H])N=C1N5C(F)=C([H])C([H])=C1[H]
HUPNAI,0,ok,0.1942,56,1,,[W+2]123(n4n->1c(C(C([H])([H])[H])(C([H])([H])[H])C([H])([H])[H])c([H])c4C(C([H])([H])[H])(C([H])([H])[H])C([H])([H])[H])(<-[C-]#[O+])(<-[C-]#[O+])(C(C->2(=C->3([H])[H])[H])([H])[H])<-n1c([H])c([H])c([H])c([H])c1[H]
HUQGOQ,1,ok,0.0352,33,1,,[C-](#[O+])->[Re+]1(<-[C-]#[O+])(<-[C-]#[O+])<-n2c([H])c([H])c([H])c([H])c2C([H])([H])S->1C([H])([H])C([H])(C(O[H])=O)N([H])[H]
HUSDAA,0,ok,0.0660,69,1,,[Zn+2]12(<-n3c(C(N1S(=O)(=O)c1c([H])c([H])c(C([H])([H])[H])c([H])c1[H])([H])[H])c([H])c([H])c([H])c3C([H])([H])[H])<-n1c(C(N2S(=O)(=O)c2c([H])c([H])c(C([H])([H])[H])c([H])c2[H])([H])[H])c([H])c([H])c([H])c1C([H])([H])[H]
HUTWAU,0,ok,0.0931,59,1,,[Cd+2]12345(OC(=C([H])C(=O->1)C(F)(F)F)C(F)(F)F)(<-O=C(C([H])=C(O2)C(F)(F)F)C(F)(F)F)<-O(C([H])([H])[H])C([H])([H])C(O->3C([H])([H])C(O->4C([H])([H])C(O->5C([H])([H])[H])([H])[H])([H])[H])([H])[H]
HUWWAZ,0,ok,0.0336,39,1,,[Zn+2](Cl)(Cl)(Cl)<-n1c(C([N+]([H])=C2N(C([H])([H])[H])C([H])([H])C([H])([H])C([H])([H])N2C([H])([H])[H])([H])[H])c([H])c([H])c([H])c1[H]
HUXSIE,0,ok,0.0636,63,1,,C(N1C([H])([H])C([H])([H])C([H])(C([H])([H])[H])C([H])([H])C1([H])[H])(N(C([H])(C([H])([H])[H])C([H])([H])[H])C([H])(C([H])([H])[H])C([H])([H])[H])=[Rh+3]123(<-C4([H])=C->1([H])C([H])([H])C([H])([H])C->2([H])=C->3([H])C([H])([H])C4([H])[H])Cl
IBAQAE,0,ok,0.0781,51,1,,[Ni+2]12(<-S=P(S1)(OC([H])([H])C([H])([H])C([H])([H])[H])OC([H])([H])C([H])([H])C([H])([H])[H])<-S=P(S2)(OC([H])([H])C([H])([H])C([H])([H])[H])OC([H])([H])C([H])([H])C([H])([H])[H]
IBEWIW,0,ok,0.0498,40,1,,[Cd+2]12(Cl)(Cl)<-n3c4c([H])c([H])c([H])c([H])c4n([H])c3-c3c([H])c([H])c([H])c(-c4n->1c1c(c([H])c([H])c([H])c1[H])n4[H])n->23
IBINUE,0,ok,0.0710,71,1,,[Ni+2]12(Sc3c([H])c([H])c([N+](=O)[O-])c([H])c3[H])(<-n3n([B-](n4n->1c(C([H])([H])[H])c([H])c4C([H])([H])[H])(n1n->2c(C([H])([H])[H])c([H])c1C([H])([H])[H])[H])c(C([H])([H])[H])c([H])c3C([H])([H])[H])<-N#CC([H])([H])[H].N#CC([H])([H])[H]
IBOFEL,0,ok,0.0392,40,1,,[Zn+2]123(<-S4C([H])([H])C([H])([H])N->1([H])C([H])([H])C([H])([H])S->2C([H])([H])c1n->3c(c([H])c([H])c1[H])C4([H])[H])(O[N+](=O)[O-])O[N+](=O)[O-]
IBUVAF,0,ok,0.0999,62,1,,c12-c3c([H])c([H])c([H])c([H])n3->[Cu+]34(<-C(C([H])([H])[H])(=O->3)O4)(<-n1c1c([H])c([H])c(Br)c([H])n1c2N(C12C([H])([H])C3([H])C([H])([H])C([H])(C1([H])[H])C([H])([H])C([H])(C2([H])[H])C3([H])[H])[H])OC1=C=[O+]1
ICACUL,0,ok,0.0396,39,1,,[Pd]123<-N(C(=C(N->1=NC(=S->2)N([H])[H])c1c([H])c([H])c([H])c([H])c1[H])c1c([H])c([H])c([H])c([H])c1[H])=NC(=S->3)N([H])[H]
ICATEL,0,ok,0.0603,67,1,,[Rh+3]123(Cl)(<-n4n([B-](n5n->1c(C([H])([H])[H])c(Cl)c5C([H])([H])[H])(n1n->2c(C([H])([H])[H])c(Cl)c1C([H])([H])[H])[H])c(C([H])([H])[H])c(Cl)c4C([H])([H])[H])<-N(C(C([H])([H])[H])(C([H])([H])[H])[H])(C(C3([H])[H])(C([H])([H])[H])[H])[H]
ICEGII,0,ok,0.0464,49,1,,[Ni]12(<-S=C3N(C(c4c([H])c([H])c([H])c([H])c4[H])([H])[H])C([H])([H])C([H])([H])N(C(c4c([H])c([H])c([H])c([H])c4[H])([H])[H])C3=S->1)<-S=C(C#N)C(=S->2)C#N
ICETAN,1,ok,0.1003,63,1,,c1([H])c([H])c([H])c([H])c2-c3c([H])c([H])c([H])c([H])n3->[Ru+2]34(<-n12)(<-n1c([H])c([H])c([H])c([H])c1-c1c([H])c([H])c([H])c([H])n->31)OC(C([H])([H])[H])=NS->4(C(C([H])([H])[H])(C([H])([H])[H])C([H])([H])[H])=O
ICIDED,0,ok,0.0865,47,1,,[Pd+2]12(<-N(=C(c3c1c([H])c(OC([H])([H])[H])c([H])c3[H])[H])c1c([H])c([H])c(OC([H])([H])[H])c([H])c1[H])<-O=C(C([H])=C(O2)C([H])([H])[H])C(F)(F)F
ICIKEN,0,ok,0.3907,54,1,,[Re+]12345(<-C6([H])=C->1([H])C2([H])C->3([H])=C->46[H])(<-C(P(=S)(c1c([H])c([H])c([H])c([H])c1[H])c1c([H])c([H])c([H])c([H])c1[H])([H])=C->5([H])c1c([H])c([H])c([H])c([H])c1[H])(<-[C-]#[O+])<-[C-]#[O+]
ICIVIZ,0,ok,0.0811,49,1,,[Ru+2]1(<-n2c([H])c([H])c([H])c([H])c2-c2c([H])c([H])c([H])c([H])n->12)(<-n1c([H])c([H])c([H])c([H])c1[H])(<-n1c([H])c([H])c([H])c([H])c1[H])(<-N([O-])=O)<-N([O-])=O
ICOKIW,1,ok,0.0673,68,1,,[Pt+4]1(Cl)(C([H])([H])[H])(C([H])([H])[H])(<-n2c([H])c([H])c(C(C([H])([H])[H])(C([H])([H])[H])C([H])([H])[H])c([H])c2-c2c([H])c(C(C([H])([H])[H])(C([H])([H])[H])C([H])([H])[H])c([H])c([H])n->12)C([H])([H])c1c([H])c([H])[n+]([H])c([H])c1[H]
ICPNMN,0,ok,0.2650,19,1,,I[Mn+3]1234(<-N#[O+])(<-C5(C([H])([H])[H])=C->1([H])C->2([H])=C->3([H])C45[H])=C=S
IDACIZ,1,ok,0.0358,49,1,,[Ni+2]12(<-N([O-])=C(C(N->1([H])[H])(C([H])([H])[H])C([H])([H])[H])C([H])([H])[H])<-N(O[H])=C(C(N->2([H])C([H])(C([H])([H])[H])C([H])([H])[H])(C([H])([H])[H])C([H])([H])[H])C([H])([H])[H]
IDATEN,0,ok,0.1004,74,1,,[Pt](<-C1N(C2([H])C([H])([H])C([H])([H])C([H])([H])C([H])([H])C2([H])[H])C([H])=C([H])N1C1([H])C([H])([H])C([H])([H])C([H])([H])C([H])([H])C1([H])[H])(<-C(#CC(OC([H])([H])[H])=O)C(=O)OC([H])([H])[H])<-C(#CC(=O)OC([H])([H])[H])C(=O)OC([H])([H])[H]
IDIFIN,0,ok,0.0572,57,1,,[Zn+2](OC(=O)c1c([H])c(O[H])c([H])c(O[H])c1[H])(OC(=O)c1c([H])c(O[H])c([H])c(O[H])c1[H])(<-n1n([H])c(C([H])([H])[H])c([H])c1[H])<-n1n([H])c(C([H])([H])[H])c([H])c1[H]
IDUHEW,0,ok,0.0429,35,1,,C1(c2c(N([H])[H])nc([H])c([H])n2->[Ni+2]2(O1)<-n1c(C(O2)=O)c(N([H])[H])nc([H])c1[H])=O.O([H])[H].O([H])[H]
IFAFON,0,ok,0.1246,52,1,,[Co+3]123(Oc4c(OC([H])([H])[H])c([H])c([H])c([H])c4C(=N->1C([H])([H])C([H])([H])C([H])([H])N->2([H])C([H])([H])[H])[H])(n1nnnc1-c1n->3c([H])c([H])c([H])c1[H])=N[N+]#N
IFAYUJ,0,ok,0.0994,85,1,,C1(c2c(O[H])c([H])c([H])c([H])c2[H])N=O->[Pt](<-O=1)(<-P(c1c([H])c([H])c([H])c([H])c1[H])(c1c([H])c([H])c([H])c([H])c1[H])c1c([H])c([H])c([H])c([H])c1[H])<-P(c1c([H])c([H])c([H])c([H])c1[H])(c1c([H])c([H])c([H])c([H])c1[H])c1c([H])c([H])c([H])c([H])c1[H]
IFETOF,0,ok,0.0475,42,1,,[Au+](I)<-[c-]1n(-c2c(C([H])([H])[H])c([H])c(C([H])([H])[H])c([H])c2C([H])([H])[H])n[n+](C([H])([H])[H])c1-c1c([H])c([H])c([H])c([H])c1[H]
IFEZUR,0,ok,0.0843,77,1,,[Zn+2]123(Sc4nc([H])c([H])n([H])c4=O->1)<-n1n([B-](n4n->2c(-c2c([H])c([H])c([H])c([H])c2[H])c([H])c4C([H])([H])[H])(n2n->3c(-c3c([H])c([H])c([H])c([H])c3[H])c([H])c2C([H])([H])[H])[H])c(C([H])([H])[H])c([H])c1-c1c([H])c([H])c([H])c([H])c1[H]
IFIZIH,0,ok,0.0609,67,1,,C([H])([H])([H])[Fe+2]1(c2c([H])c([H])c([H])c([H])c2C(c2c([H])c([H])c([H])c([H])c2[H])=S->1)(<-P(C([H])([H])[H])(C([H])([H])[H])C([H])([H])[H])(<-P(C([H])([H])[H])(C([H])([H])[H])C([H])([H])[H])<-P(C([H])([H])[H])(C([H])([H])[H])C([H])([H])[H]
IFOHIX,0,ok,0.0832,44,1,,[Ni+2]12(Cl)(Cl)(<-N(=Nc3n->1c(N=N->2c1c([H])c([H])c([H])c([H])c1[H])c([H])c([H])c3[H])c1c([H])c([H])c([H])c([H])c1[H])<-O(C([H])([H])[H])[H]
IFUWAH,0,ok,0.0544,60,1,,[Co+3]12(<-N([O-])=O)(<-N(=O)C(C([H])([H])[H])=C(N1O[H])C([H])([H])[H])(N(O[H])C(C([H])([H])[H])=C(N->2=O)C([H])([H])[H])<-N([H])([H])C([H])(C([H])([H])[H])c1c2c([H])c([H])c([H])c([H])c2c([H])c([H])c1[H]
IGEWIA,1,ok,0.0321,32,1,,[Ni+2]123(<-N(C(C(N->1(C(C(N->2(C(C(N->3([H])[H])([H])[H])([H])[H])[H])([H])[H])([H])[H])[H])([H])[H])([H])[H])([H])[H])ON=O
IGOVOP,1,ok,0.0688,54,1,,[Pd+2]1(<-P(c2c([H])c([H])c([H])c([H])c2[H])(c2c([H])c([H])c([H])c([H])c2[H])c2c([H])c([H])c([H])c([H])c2[H])(<-O=C(c2c1c([H])c([H])c([H])c2[H])C([H])([H])[H])<-O([H])[H]
IGUWAI,1,ok,0.2829,48,1,,[Ru+4]12345(<-P(C([H])([H])[H])(C([H])([H])[H])C([H])([H])[H])(<-n6c(N([H])C=1c1c([H])c([H])c([H])c([H])c1[H])c([H])c([H])c([H])c6[H])<-C1([H])=C->2([H])C3([H])C->4([H])=C->51[H]
IHEQAO,0,ok,0.0752,79,1,,[Ru+4]1(<-O(c2c(C=1[H])c([H])c([H])c([H])c2[H])C([H])(C([H])([H])[H])C([H])([H])[H])(<-C1N(c2c(C([H])([H])[H])c([H])c(C([H])([H])[H])c([H])c2C([H])([H])[H])C([H])([H])C([H])([H])N1c1c(C([H])([H])[H])c([H])c(C([H])([H])[H])c([H])c1C([H])([H])[H])(<-N#C[O-])<-N#C[O-]
IHIZEF,0,ok,0.0716,72,1,,C1(=[Rh+3]234(<-C5([H])=C->2([H])C([H])([H])C([H])([H])C->3([H])=C->4([H])C([H])([H])C5([H])[H])Cl)N(c2c(OC([H])([H])[H])c([H])c([H])c([H])c2[H])C([H])([H])C([H])([H])C([H])([H])C([H])([H])N1c1c(C([H])([H])[H])c([H])c(C([H])([H])[H])c([H])c1C([H])([H])[H]
IHOTEE,1,ok,0.0432,57,1,,[Ir+3]1([H])(<-P(C([H])([H])C([H])([H])c2c1c([H])c([H])c([H])c2[H])(C([H])(C([H])([H])[H])C([H])([H])[H])C([H])(C([H])([H])[H])C([H])([H])[H])(<-N#CC([H])([H])[H])(<-N#CC([H])([H])[H])<-N#CC([H])([H])[H]
IHUXUF,1,ok,0.0695,46,1,,[Fe+2]1234(<-N#CC([H])([H])[H])(<-C5N(C([H])(C([H])([H])[H])C([H])([H])[H])C([H])=C([H])N5C([H])(C([H])([H])[H])C([H])([H])[H])(<-[C-]#[O+])<-C5([H])=C->1([H])C->2([H])=C->3([H])C45[H]
IJEMEQ,0,ok,0.0406,39,1,,[Au+3]12(<-N(C(c3c1c([H])c([H])c([H])c3[H])([H])[H])(C([H])([H])[H])C([H])([H])[H])SC(=C(C(=O)C([H])([H])[H])C(=O)C([H])([H])[H])S2
IJOCOB,0,ok,0.0702,69,1,,O1[Cd+2]2(<-N3(C([H])([H])C1=O)C([H])([H])C([H])([H])N(c1c([H])c(Cl)c(Cl)c([H])c1[H])C([H])([H])C3([H])[H])(<-O([H])[H])(OC(C(N->21C([H])([H])C([H])([H])N(c2c([H])c(Cl)c(Cl)c([H])c2[H])C([H])([H])C1([H])[H])([H])[H])=O)<-O([H])[H]
IJUBEU,0,ok,0.0688,47,1,,[Hg+2](Br)(Br)(<-S=c1n([H])c([H])c([H])n1C(C([H])([H])[H])(C([H])([H])[H])C([H])([H])[H])<-S=c1n([H])c([H])c([H])n1C(C([H])([H])[H])(C([H])([H])[H])C([H])([H])[H]
IKEKOY,0,ok,0.1290,62,1,,[Ru+2]12345(Cl)(Cl)(<-P(c6c([H])c([H])c([H])c([H])c6[H])(c6c([H])c([H])c([H])c([H])c6[H])c6c([H])c([H])c([H])c([H])c6[H])<-c6([H])c->1([H])c->2([H])c->3([H])c->4([H])c->56C([H])(C([H])([H])C(O[H])([H])[H])C([H])([H])[H]
IKIDOX,0,ok,0.0612,68,1,,[Ir+3]12([H])(<-P(C(C([H])([H])[H])(C([H])([H])[H])C([H])([H])[H])(C(C([H])([H])[H])(C([H])([H])[H])C([H])([H])[H])Oc3c1c(OP->2(C(C([H])([H])[H])(C([H])([H])[H])C([H])([H])[H])C(C([H])([H])[H])(C([H])([H])[H])C([H])([H])[H])c([H])c([H])c3[H])Cl
IKOCUH,0,ok,0.0784,65,1,,C([H])([H])([H])[Pd+4]1(<-N(=C([H])c2c(O1)c1c(c([H])c2[H])c([H])c([H])c([H])c1O[H])c1c(C([H])(C([H])([H])[H])C([H])([H])[H])c([H])c([H])c([H])c1C([H])(C([H])([H])[H])C([H])([H])[H])=S(C([H])([H])[H])(C([H])([H])[H])=O
IKOYEN,0,ok,0.1146,75,1,,[Fe+2]123456(<-P(c7c([H])c([H])c([H])c([H])c7[H])(c7c([H])c([H])c([H])c([H])c7[H])c7c([H])c([H])c([H])c([H])c7[H])(<-c7([H])c->1([H])c->2([H])c->3([H])c->4([H])c->57[H])[Si](C([H])([H])[H])(C([H])([H])[H])c1c(c([H])c([H])c([H])c1[H])[Si]6(C([H])([H])[H])C([H])([H])[H]
IKULAC,0,ok,0.0566,43,1,,[Rh+3]12345(Cl)(<-N#CC([H])([H])[H])<-C6(C([H])([H])[H])=C->1(C([H])([H])[H])C->2(C([H])([H])[H])=C->3(C([H])([H])[H])C46C([H])([H])C([H])([H])N5S(=O)(=O)C(F)(F)F
IKUPOU,0,ok,0.0493,63,1,,[Ni]1(<-P(C([H])([H])C(P->1(C([H])(C([H])([H])[H])C([H])([H])[H])C([H])(C([H])([H])[H])C([H])([H])[H])([H])[H])(C([H])(C([H])([H])[H])C([H])([H])[H])C([H])(C([H])([H])[H])C([H])([H])[H])<-C(c1c(C#N)c([H])c([H])c([H])c1[H])#N
ILAKAI,1,ok,0.1854,82,1,,[H][Ru+2]1(<-P(c2c([H])c([H])c([H])c([H])c2[H])(c2c([H])c([H])c([H])c([H])c2[H])c2c([H])c([H])c([H])c([H])n2)(<-P(c2c([H])c([H])c([H])c([H])n2)(c2c([H])c([H])c([H])c([H])c2[H])c2c([H])c([H])c([H])c([H])c2[H])(<-N([H])([H])C([H])([H])C(N->1([H])[H])([H])[H])<-[C-]#[O+]
ILIVAB,0,ok,0.0980,85,1,,[Zn+2]12(<-n3c(-c4c(N1S(=O)(=O)c1c([H])c([H])c(C([H])([H])[H])c([H])c1[H])c([H])c([H])c([H])c4[H])n([H])c1c([H])c([H])c([H])c([H])c31)<-n1c(-c3c(N2S(=O)(=O)c2c([H])c([H])c(C([H])([H])[H])c([H])c2[H])c([H])c([H])c([H])c3[H])n([H])c2c([H])c([H])c([H])c([H])c12
ILUNAF,0,ok,0.1103,62,1,,[B-]12([H])n3c([H])c([H])c([H])n3->[Mo+2]34(<-[C-]#[O+])(<-[C-]#[O+])(<-C(C([H])([H])[H])([H])=C->3([H])C4([H])OC(=O)OC3([H])C(=O)OC([H])([H])C3(C([H])([H])[H])C([H])([H])[H])(<-n3c([H])c([H])c([H])n31)<-n1c([H])c([H])c([H])n12
IMBPNI,0,ok,0.0483,40,1,,c12c([H])c([H])c([H])c([H])c1C([H])=N1->[Ni+2]3(<-N(=C([H])c4c(c([H])c([H])c([H])c4[H])N3[H])C([H])([H])C([H])([H])C1([H])[H])N2[H]
IMEVOL,0,ok,0.4678,77,1,,[Sc+3]123456(<-n7c([H])c([H])c(C([H])([H])[H])c([H])c7-c7n->1c([H])c([H])c(C([H])([H])[H])c7[H])(<-C1([H])=C->2([H])C->3([H])=C->4([H])C51C(C(N(C([H])([H])[H])C([H])([H])[H])([H])[H])([H])[H])N1C([H])=C([H])C(C([H])([H])[H])=C([H])C1=C1N6C([H])=C([H])C(C([H])([H])[H])=C1[H]
IMIXOS,0,ok,0.0336,34,1,,[Au+3](Cl)=C(N([H])C([H])(C([H])([H])[H])c1c([H])c([H])c([H])c([H])c1[H])N([H])c1nc([H])c([H])c([H])c1[H]
IMUCIE,0,ok,0.3445,79,1,,[Fe+2]12345([H])(<-P(C(C(P->1(c1c([H])c([H])c([H])c([H])c1[H])c1c([H])c([H])c([H])c([H])c1[H])([H])[H])([H])[H])(c1c([H])c([H])c([H])c([H])c1[H])c1c([H])c([H])c([H])c([H])c1[H])<-C1(C([H])([H])[H])=C->2(C([H])([H])[H])C->3(C([H])([H])[H])=C->4(C([H])([H])[H])C51C([H])([H])[H]
INALEQ,0,ok,0.0486,71,1,,[C-](#[O+])->[Ru+2]12(N(C(C([H])([H])P->1(C(C([H])([H])[H])(C([H])([H])[H])C([H])([H])[H])C(C([H])([H])[H])(C([H])([H])[H])C([H])([H])[H])([H])[H])C([H])([H])C([H])([H])P->2(C(C([H])([H])[H])(C([H])([H])[H])C([H])([H])[H])C(C([H])([H])[H])(C([H])([H])[H])C([H])([H])[H])[H]
INIYUZ,0,ok,0.0703,53,1,,C1(C([H])([H])C([H])([H])N([H])[H])(O[H])P(=O)(O[Zn+2]2(<-O=P1(O[H])O[H])OP(C(C([H])([H])C([H])([H])N([H])[H])(O[H])P(=O->2)(O[H])O[H])(=O)O[H])O[H].O([H])[H].O([H])[H]
INUQIS,0,ok,0.0796,50,1,,C12->[Pd]3(<-C4([H])=C->3([H])C(=O)OC4=O)<-n3c(N1C([H])=C([H])N2c1c(C([H])([H])[H])c([H])c(C([H])([H])[H])c([H])c1C([H])([H])[H])c([H])c([H])c([H])c3C([H])([H])[H]
INUXIZ,0,ok,0.0722,74,1,,[Fe+2]12(<-n3n([B-]([H])(n4n->1c(C(C([H])([H])[H])(C([H])([H])[H])C([H])([H])[H])c([H])c4C([H])([H])[H])n1n->2c(C(C([H])([H])[H])(C([H])([H])[H])C([H])([H])[H])c([H])c1C([H])([H])[H])c(C([H])([H])[H])c([H])c3C(C([H])([H])[H])(C([H])([H])[H])C([H])([H])[H])S[H]
IPENIA,0,ok,0.0430,45,1,,[Cu+]1234(Cl)<-P(C5([H])C([H])=C([H])C->1([H])=C->2([H])C([H])=C5[H])(C1([H])C([H])=C([H])C([H])=C([H])C([H])=C1[H])C1([H])C([H])=C([H])C->3([H])=C->4([H])C([H])=C1[H]
IPIQIJ,0,ok,0.0412,44,1,,[V+5]12(=O)OC([H])([H])C([H])([H])N(C([H])([H])c3c(c(C([H])([H])[H])c([H])c(F)c3[H])O1)C([H])([H])c1c(c(C([H])([H])[H])c([H])c(F)c1[H])O2
IPORUB,1,ok,0.3600,63,1,,[Zr+4]123456789(<-O%10C([H])([H])C([H])([H])C([H])([H])C%10([H])[H])(<-C%10(C([H])([H])[H])=C->1(C([H])([H])[H])C2(C([H])([H])[H])C->3(C([H])([H])[H])=C->4%10C([H])([H])[H])<-C1(C([H])([H])[H])=C->5(C([H])([H])[H])C->6(C([H])([H])[H])=C->7(C([H])([H])[H])C81C9([H])[H]
IQEWAD,0,ok,0.0523,61,1,,[Au+](Cl)<-[c-]1[s+]c(N2C([H])([H])C([H])([H])C([H])([H])C([H])([H])C2([H])[H])sc1-c1c(C([H])(C([H])([H])[H])C([H])([H])[H])c([H])c(C([H])(C([H])([H])[H])C([H])([H])[H])c([H])c1C([H])(C([H])([H])[H])C([H])([H])[H]
IQIPAA,0,ok,0.2788,71,1,,C12=Nc3c([H])c([H])c([H])c([H])n3->[Ni+4]345(N1C(=Nc1c([H])c([H])c([H])c([H])n->31)c1c2c([H])c([H])c([H])c1[H])n1c(c2c([H])c([H])c([H])c([H])c2c1N=C1C([H])=C([H])C([H])=C([H])N41)N=C1C([H])=C([H])C([H])=C([H])N51
IQUDII,1,ok,0.1292,62,1,,[Zn+2]123(<-n4c([H])c([H])c([H])c([H])c4-c4n->1nc(-c1nc([H])c([H])c([H])c1[H])n4C([H])([H])[H])(<-n1c([H])c([H])c([H])c([H])c1-c1n->2nc(-c2nc([H])c([H])c([H])c2[H])n1C([H])([H])[H])ON=O->3
IRARAV,0,ok,0.0626,61,1,,[Ir+3]1(Cl)(Cl)(Cl)(<-P(c2c([H])c([H])c([H])c([H])c2[H])(c2c([H])c([H])c([H])c([H])c2[H])c2c([H])c([H])c([H])c([H])c2[H])<-n2c(N=N->1c1c([H])c([H])c([H])c([H])c1Cl)c([H])c([H])c([H])c2[H]
IRAXIJ,0,ok,0.0439,41,1,,[Re+]1(OC(=NN->1=C([H])c1c(O[H])c([H])c(O[H])c([H])c1[H])c1c([H])c([H])c(O[H])c([H])c1[H])(<-[C-]#[O+])(<-[C-]#[O+])<-[C-]#[O+].O([H])[H]
IREVIM,0,ok,0.1486,70,1,,c12c(C([H])([H])[H])c(C([H])([H])[H])c3n1[Pd+4]14n5c(c(C(C([H])([H])[H])([H])[H])c(C(C([H])([H])[H])([H])[H])c5=C([H])c5c(C([H])([H])[H])c(C([H])([H])[H])c(n51)O3)=c1c(C([H])([H])C([H])([H])[H])c(C([H])([H])C([H])([H])[H])c(n14)=C2[H]
IRUCEE,0,ok,0.0379,41,1,,Brc1c([H])c([H])c2c(c1[H])C([H])=N1->[Mo+6](=O)(=O)(O2)SC(SC([H])([H])c2c([H])c([H])c([H])c([H])c2[H])=N1.C([H])([H])([H])O[H]
ISANUL,0,ok,0.6305,57,1,,[Ti+4]12345678(Oc9c(C([H])([H])[H])c([H])c([H])c([H])c9C([H])([H])[H])(Oc9c(C([H])([H])[H])c([H])c([H])c([H])c9C([H])([H])[H])(C9([H])C->1([H])=C->2([H])C->3([H])=C->49[H])<-C1([H])=C->5([H])C->6([H])=C->7([H])C81[H]
ISAVAZ,0,ok,0.0602,57,1,,c12c([H])c([H])c([H])c([H])c1N1->[Zn+2]345(<-O(c6c(c([H])c([H])c([H])c6[H])C=1[H])C([H])([H])C([H])([H])O->3c1c(c([H])c([H])c([H])c1[H])C([H])=N->4c1c(c([H])c([H])c([H])c1[H])O5)O2
ISICAO,0,ok,0.0257,27,1,,[Hg+2]12(c3c([H])c([H])c(N(C([H])([H])[H])C([H])([H])[H])c([H])c3[H])<-C(C([H])([H])[H])(O1)=O->2
ISORAL,0,ok,0.0370,42,1,,[Hg+2]1(Cl)(Cl)<-n2c(C(=N->1c1c(C([H])([H])C([H])([H])[H])c([H])c([H])c([H])c1C([H])([H])C([H])([H])[H])C([H])([H])[H])c([H])c([H])c([H])c2[H]
ISOSOA,0,ok,0.0340,36,1,,[Hg+2]1(Cl)(Cl)<-n2c(C(=N->1c1c(C([H])([H])[H])c([H])c(C([H])([H])[H])c([H])c1C([H])([H])[H])[H])c([H])c([H])c([H])c2[H]
ITACOX,0,ok,0.1750,81,1,,Br[Cu+]12<-P(c3c([H])c([H])c([H])c([H])c3[H])(c3c(P(c4c([H])c([H])c([H])c([H])c4P->1(c1c([H])c([H])c([H])c([H])c1[H])c1c([H])c([H])c([H])c([H])c1[H])(c1c([H])c([H])c([H])c([H])c1[H])=O->2)c([H])c([H])c([H])c3[H])c1c([H])c([H])c([H])c([H])c1[H]
ITAYUZ,0,ok,0.0699,79,1,,[Cu+](<-C1N(c2c(C([H])(C([H])([H])[H])C([H])([H])[H])c([H])c(C([H])([H])[N-][N+]#N)c([H])c2C([H])(C([H])([H])[H])C([H])([H])[H])C([H])([H])C([H])([H])N1c1c(C([H])(C([H])([H])[H])C([H])([H])[H])c([H])c(C([H])([H])[N-][N+]#N)c([H])c1C([H])(C([H])([H])[H])C([H])([H])[H])Cl
ITIBAO,1,ok,0.0595,49,1,,[Zn+2]123(<-N(C([H])([H])c4n->1c([H])c([H])c([H])c4[H])(C([H])([H])c1n->2c(N([H])[H])c([H])c([H])c1[H])C([H])([H])c1n->3c(N([H])[H])c([H])c([H])c1[H])O[N+]([O-])=O
ITUDOS,1,ok,0.0450,51,1,,[Cu+]123<-n4c([H])c([H])c([H])c([H])c4C([H])([H])N->14C([H])([H])C([H])([H])C([H])([H])C4([H])C1([H])C([H])([H])C([H])([H])C([H])([H])N->21C([H])([H])c1c([H])c([H])c([H])c([H])n->31
IVAHEU,0,ok,0.3034,73,1,,c12c([H])c([H])c3n1[Pd+2]14<-N5=C(C([H])=C([H])C5=C3c3c([H])c([H])c([H])c([H])c3[H])c3c([H])c([H])c([H])c([H])c3C3=N->1C(=C(c1c([H])c([H])c([H])c([H])c1[H])c1c([H])c([H])c(n14)-c1c([H])c([H])c([H])c([H])c1-2)C([H])=C3[H]
IVEKAX,0,ok,0.0657,77,1,,[Zn+2]123(Cl)Oc4c(C(C([H])([H])[H])(C([H])([H])[H])C([H])([H])[H])c([H])c(C(C([H])([H])[H])(C([H])([H])[H])C([H])([H])[H])c([H])c4C(N->14C(C1([H])N->2(C(c2n->3c([H])c([H])c([H])c2[H])([H])[H])C([H])([H])C([H])([H])C1([H])[H])([H])C([H])([H])C([H])([H])C4([H])[H])([H])[H]
IVEVUB,0,ok,0.0916,76,1,,c12P3(c4c([H])c([H])c([H])c([H])c4P(C([H])(C([H])([H])[H])C([H])([H])[H])(C([H])(C([H])([H])[H])C([H])([H])[H])->[Pd+2]3(c3c([H])c([H])c([H])c([H])c3[H])<-P(c1c([H])c([H])c([H])c2[H])(C([H])(C([H])([H])[H])C([H])([H])[H])C([H])(C([H])([H])[H])C([H])([H])[H])=O
IVOJOS,-1,ok,0.0368,27,1,,[W+2]12(<-S=C(C(C([H])([H])[H])=S->1)C([H])([H])[H])(<-S=C(C(=S->2)C([H])([H])[H])C([H])([H])[H])(=O)Cl
IVUNAQ,0,ok,0.0924,61,1,,[Fe+2]1234(<-[C-]#[O+])(<-[C-]#[O+])(<-C5N(C([H])([H])[H])C([H])=C([H])N5c5c([H])c(C(C([H])([H])[H])(C([H])([H])[H])C([H])([H])[H])c([H])c(C(C([H])([H])[H])(C([H])([H])[H])C([H])([H])[H])c5[O-])<-C5([H])=C->1([H])C2([H])C->3([H])=C->45[H]
IWAFUH,0,ok,0.1047,34,1,,[Pd+2]12(Cl)(<-P(OC([H])([H])[H])(OC([H])([H])[H])OC([H])([H])[H])C3([H])C->1([H])=C->2([H])c1c([H])c([H])c([H])c([H])c13
IWAYOV,0,ok,0.0397,38,1,,[Zn+2]12(Cl)(Cl)<-n3c(C(=N->1N(c1n->2c([H])c([H])c([H])c1[H])c1c([H])c([H])c([H])c([H])c1[H])[H])c([H])c([H])c([H])c3[H]
IWEJOJ,1,ok,0.0475,51,1,,[Re+]1(<-N([H])(C(c2n->1c([H])c([H])n2[H])([H])[H])C([H])([H])C(N1C([H])([H])C([H])([H])N(c2c(F)c([H])c([H])c([H])c2[H])C([H])([H])C1([H])[H])([H])[H])(<-[C-]#[O+])(<-[C-]#[O+])<-[C-]#[O+]
IWIXER,0,ok,0.1064,82,1,,[Zn+2]1(<-S=P2(N1C(C([H])([H])[H])(C([H])([H])[H])C([H])([H])[H])N(C(C([H])([H])[H])(C([H])([H])[H])C([H])([H])[H])P(=S)(N([H])C(C([H])([H])[H])(C([H])([H])[H])C([H])([H])[H])N2C(C([H])([H])[H])(C([H])([H])[H])C([H])([H])[H])(<-O1C([H])([H])C([H])([H])C([H])([H])C1([H])[H])C([H])([H])C([H])([H])[H]
IWOTIY,0,ok,0.2190,82,1,,n12c3c4c([H])c1C(c1c([H])c([H])c([H])c([H])c1[H])=c1c([H])c([H])c5n1[Mn+3]2(<-[C-]#[O+])(<-[C-]#[O+])(<-[C-]#[O+])n1c(c([H])c([H])c1C(c1c([H])c([H])c([H])c([H])c1[H])=c1c([H])c([H])c(c4-c2c([H])c([H])c([H])c([H])c2[H])n31)C=5c1c([H])c([H])c([H])c([H])c1[H]
IWUGIR,0,ok,0.2777,27,1,,Brc1c([H])c([H])c(C2=S->[Co+]3456(<-S=C2[H])<-C2([H])=C->3([H])C->4([H])=C->5([H])C62[H])c([H])c1[H]
IXAHIZ,0,ok,0.0593,40,1,,[Pd+2]1(<-[Se](c2c([H])c([H])c([H])c([H])c2C(N->1(C([H])([H])[H])C([H])([H])[H])([H])[H])C([H])([H])c1c([H])c([H])c([H])c([H])c1[H])(Cl)Cl
IXEYOA,0,ok,0.0320,26,1,,[Hg+2]1(Br)<-N(=C(c2c1c([H])c([H])c([H])c2[H])[H])c1c([H])c([H])c([H])c([H])c1[H]
IXOKAI,0,ok,0.2600,82,1,,[Ru+4]1234(<-P(C([H])(C([H])([H])[H])C([H])([H])[H])(C([H])(C([H])([H])[H])C([H])([H])[H])C([H])(C([H])([H])[H])C([H])([H])[H])(<-C5(C([H])([H])[H])=C->1(C([H])([H])[H])C2(C([H])([H])[H])C->3(C([H])([H])[H])=C->45C([H])([H])[H])(B(O[H])c1c(C([H])([H])[H])c([H])c(C([H])([H])[H])c([H])c1C([H])([H])[H])([H])[H]
IXUGEP,0,ok,0.0605,30,1,,[V+5]12(=O)(=O)<-n3c(C([H])=N->1N=c1sc4c(n12)c([H])c([H])c([H])c4[H])c([H])c([H])c([H])c3[H]
IYAHAS,0,ok,0.0815,71,1,,[Pd+2]1(Cl)(Cl)<-N(P2(N->1=C(N(C([H])([H])[H])C([H])([H])[H])N(C([H])([H])[H])C([H])([H])[H])=NC(n1c([H])c([H])c(=O)c([H])c1[H])=NC(n1c([H])c([H])c(=O)c([H])c1[H])=N2)=C(N(C([H])([H])[H])C([H])([H])[H])N(C([H])([H])[H])C([H])([H])[H]
IYEWUF,0,ok,0.0765,70,1,,[Re+](Br)(<-n1n(-c2c([H])c(C([H])([H])[H])c([H])c([H])c2N([H])c2c(-n3nc(C([H])(C([H])([H])[H])C([H])([H])[H])c([H])c3[H])c([H])c(C([H])([H])[H])c([H])c2[H])c([H])c([H])c1C([H])(C([H])([H])[H])C([H])([H])[H])(<-[C-]#[O+])(<-[C-]#[O+])<-[C-]#[O+]
IYONIT,0,ok,0.2023,52,1,,[Fe+2]1234(<-[C-]#[O+])(<-[C-]#[O+])(C5(C([H])([H])[H])C->1(C([H])([H])[H])=C->2(C([H])([H])[H])C->3(C([H])([H])[H])=C->45C([H])([H])[H])B(F)c1c(C([H])([H])[H])c([H])c(C([H])([H])[H])c([H])c1C([H])([H])[H]
IZAVEK,0,ok,0.0588,58,1,,[Zn+2]1(OC(=O)c2c([H])c([H])c([H])c([H])c2[N+](=O)[O-])(OC(=O)c2c([N+]([O-])=O)c([H])c([H])c([H])c2[H])(<-O([H])[H])<-n2c([H])c([H])c([H])c3c([H])c([H])c4c([H])c([H])c([H])n->1c4c23
IZIFAY,0,ok,0.0613,81,1,,[Cd+2](C(c1nc(C([H])([H])[H])c([H])c([H])c1[H])([Si](C([H])([H])[H])(C([H])([H])[H])C([H])([H])[H])[H])C(c1nc(C([H])([H])[H])c([H])c([H])c1[H])([Si](C([H])([H])[H])(C([H])([H])[H])C([H])([H])[H])[H].N(C([H])([H])[H])(C([H])([H])[H])C([H])([H])C(N(C([H])([H])[H])C([H])([H])[H])([H])[H]
IZIWUL,0,ok,0.0423,43,1,,[Hg+2](I)(I)(<-S=C(N([H])[H])N([H])c1nc(C([H])([H])[H])c([H])c([H])c1[H])<-S=C(N([H])[H])N([H])c1nc(C([H])([H])[H])c([H])c([H])c1[H]
IZUDOX,0,ok,0.1801,85,1,,[Hf+4]1234567(Cl)(Cl)<-C8(C([H])([H])[H])=C->1([H])C2(C(C([H])([H])[H])(C([H])([H])[H])C([H])([H])[H])C->3([H])=C->48C([H])(c1c([H])c([H])c([H])c([H])c1[H])C->51=c->62c([H])c([H])c(C(C([H])([H])[H])(C([H])([H])[H])C([H])([H])[H])c([H])c2=C2C([H])=C(C(C([H])([H])[H])(C([H])([H])[H])C([H])([H])[H])C([H])=C([H])C712
IZUPOK,0,ok,0.0458,40,1,,[Hg+2]12(Cl)(Cl)<-n3c([H])c([H])c([H])c([H])c3C(c3c([H])c([H])c([H])c([H])c3[H])=N->1N(C(c1c([H])c([H])c([H])c([H])n1)=O->2)[H]
JABJUR,0,ok,0.0654,56,1,,[W](N([N+](=O)c1c([H])c([H])c([H])c([H])c1-c1c([H])c([H])c([H])c([H])c1[H])c1c([H])c([H])c([H])c([H])c1-c1c([H])c([H])c([H])c([H])c1[H])(<-[C-]#[O+])(<-[C-]#[O+])(<-[C-]#[O+])(<-[C-]#[O+])<-[C-]#[O+]
JACROU,0,ok,0.0268,34,1,,[Re+7](=O)(=O)(C(C(C([H])([H])[H])(C([H])([H])[H])C([H])([H])[H])([H])[H])=C(C(C([H])([H])[H])(C([H])([H])[H])C([H])([H])[H])[H]
JADHEB,0,ok,0.0851,82,1,,[Cu+](Br)(<-S=c1n([H])c([H])c([H])c([H])c1[H])(<-P(c1c([H])c([H])c([H])c([H])c1[H])(c1c([H])c([H])c([H])c([H])c1[H])c1c([H])c([H])c([H])c([H])c1[H])<-P(c1c([H])c([H])c([H])c([H])c1[H])(c1c([H])c([H])c([H])c([H])c1[H])c1c([H])c([H])c([H])c([H])c1[H]
JAFXAQ,0,ok,0.1790,27,1,,[Ir+3]12345(I)(I)<-N(C([H])([H])C([H])([H])C16C->2([H])=C->3([H])C->4([H])=C->56[H])(C([H])([H])[H])C([H])([H])[H]
JAGLUZ,0,ok,0.0423,31,1,,[Hg+2]1(Br)(Br)<-S=C(N(N=C(N([H])[H])c2n->1c([H])c([H])c([H])c2[H])[H])N(C([H])([H])[H])C([H])([H])[H]
JAHVUK,0,ok,0.0563,31,1,,[V+3]12(=O)(<-O=O->1)(OC(=O)c1n->2c([H])c([H])nc1[H])<-n1c(C(=O)N([H])[H])c([H])c([H])c([H])c1[H]
JAKDOO,0,ok,0.0805,55,1,,[Mo+6]1(Cl)(Cl)(Cl)(=O)N2C(=N->1[Si](C([H])([H])[H])(C([H])([H])[H])C([H])([H])[H])c1c(c([H])c([H])c([H])c1[H])N=P2(c1c([H])c([H])c([H])c([H])c1[H])c1c([H])c([H])c([H])c([H])c1[H]
JAKNUE,0,ok,0.0469,57,1,,[Co+3]12(<-N(=O)C(C([H])([H])[H])=C(N1O[H])C([H])([H])[H])(<-N(=O)C(C([H])([H])[H])=C(N2O[H])C([H])([H])[H])(<-n1c(C([H])([H])[H])n(C([H])([H])[H])c([H])c1[H])C(C(C(C#N)([H])[H])([H])[H])([H])[H]
JAMFOV,1,ok,0.0577,65,1,,[Cu+]123(<-n4c5c([H])c([H])c([H])c4C([H])([H])N->1(C(C([H])([H])[H])(C([H])([H])[H])C([H])([H])[H])C([H])([H])c1n->2c(c([H])c([H])c1[H])C([H])([H])N->3(C(C([H])([H])[H])(C([H])([H])[H])C([H])([H])[H])C5([H])[H])<-N#CC([H])([H])[H]
JAMJIT,0,ok,0.0852,78,1,,[Ir+3]1(Cl)(<-P(c2c3c(c([H])c([H])c2[H])C([H])([H])O[C-]13)(c1c([H])c([H])c([H])c([H])c1[H])c1c([H])c([H])c([H])c([H])c1[H])<-P(c1c2c(c([H])c([H])c1[H])C([H])([H])OC2([H])[H])(c1c([H])c([H])c([H])c([H])c1[H])c1c([H])c([H])c([H])c([H])c1[H]
JANHOY,0,ok,0.2475,63,1,,[W+4]1234([H])(=P56OC([H])([H])C(C([H])([H])[H])(C([H])([H])O5)C([H])([H])O6)(<-N#[O+])(C5(C([H])([H])[H])C->1(C([H])([H])[H])=C->2(C([H])([H])[H])C->3(C([H])([H])[H])=C->45C([H])([H])[H])C([H])([H])C(C([H])([H])[H])(C([H])([H])[H])C([H])([H])[H]
JAPJIT,1,ok,0.0261,29,1,,[Ni+4]123(<-O=C(N([H])[H])C(N1C([H])([H])C([H])([H])C([H])([H])N2C(C(=O->3)N([H])[H])([H])[H])([H])[H])Cl
JAQZUW,0,ok,0.1004,77,1,,[Fe+2]1234(C([H])([H])[H])<-n5n([B-](n6n->1c(C(C([H])([H])[H])(C([H])([H]->2)[H])C([H])([H])[H])c([H])c6[H])(n1n->3c(C(C([H])([H])[H])(C([H])([H])[H])C([H])([H])[H]->4)c([H])c1[H])c1c([H])c([H])c([H])c([H])c1[H])c([H])c([H])c5C(C([H])([H])[H])(C([H])([H])[H])C([H])([H])[H]
JASGAM,0,ok,0.0572,56,1,,[As-]1N(c2c(C([H])([H])[H])c([H])c(C([H])([H])[H])c([H])c2C([H])([H])[H])C([H])=C([H])N1c1c(C([H])([H])[H])c([H])c(C([H])([H])[H])c([H])c1C([H])([H])[H].[Co+](<-[C-]#[O+])(<-[C-]#[O+])(<-[C-]#[O+])<-[C-]#[O+]
JASZOS,0,ok,0.0503,35,1,,[Cr]12345(<-[C-]#[O+])(<-[C-]#[O+])(<-[C-]#[O+])<-c67c->1([H])c->2([H])c->3(c->4([H])c->56[H])C([H])=C([H])c1c([H])c([H])c(c([H])c1[H])C([H])=C7[H]
JATRUU,0,ok,0.1204,82,1,,[Ru+6]1(Cl)(Cl)(=C([H])c2c([H])c([H])c([H])c([H])c2O->1C([H])(C([H])([H])[H])C([H])([H])[H])=C1N(c2c(C([H])([H])[H])c([H])c(C([H])([H])[H])c([H])c2C([H])([H])[H])C([H])([H])C([H])([H])N1c1c([H])c([H])c(C([H])([H])[H])c([H])c1C(C(F)(F)F)(C(F)(F)F)OC([H])([H])[H]
JAWCUI,0,ok,0.2652,79,1,,[Zn+2]123<-N4=C5C([H])=C([H])C4=C(c4c(F)c(F)c(F)c(F)c4F)c4n1c(c([H])c4[H])-c1n2c(c([H])c1[H])C(c1c(F)c(F)c(F)c(F)c1F)=C1N->3=C(C5=C=C=C(c2c([H])c([H])c([H])c([H])c2[H])c2c([H])c([H])c([H])c([H])c2[H])C([H])=C1[H]
JAXNOL,0,ok,0.1012,74,1,,[Mn+3]1(<-[C-]#[O+])(<-[C-]#[O+])(<-[C-]#[O+])(<-[C-]#[O+])=C(N(C2([H])C([H])([H])C([H])([H])C([H])([H])C([H])([H])C2([H])[H])[H])N(c2c([H])c([H])c(C([H])([H])[H])c([H])c2[H])C(=C(c2c([H])c([H])c(Cl)c([H])c2[H])[H])C1=Nc1c([H])c([H])c(C([H])([H])[H])c([H])c1[H]
JAYGEV,0,ok,0.0515,42,1,,[Cr+2]1(<-O=C(OC(C([H])([H])[H])(C([H])([H])[H])C([H])([H])[H])N([H])C=1c1c([H])c([H])c(C([H])([H])[H])c([H])c1[H])(<-[C-]#[O+])(<-[C-]#[O+])(<-[C-]#[O+])<-[C-]#[O+]
JAZRIL,0,ok,0.0431,47,1,,[Mo+6]1(=O)(=O)Sc2c([H])c([H])c([H])c([H])c2C([H])([H])N(C([H])([H])[H])C([H])([H])C([H])([H])N(C([H])([H])[H])C([H])([H])c2c([H])c([H])c([H])c([H])c2S1
JEDMAH,0,ok,0.1375,75,1,,c1([H])c([H])c([H])c2c3c4c(c([H])c([H])c([H])n4->[Zn+2]4567(<-C(C([H])=C([H])c8c([H])c([H])c(N(C([H])([H])[H])C([H])([H])[H])c([H])c8[H])(O4)=O->5)(<-C(C([H])=C([H])c4c([H])c([H])c(N(C([H])([H])[H])C([H])([H])[H])c([H])c4[H])(O6)=O->7)<-n13)c([H])c2[H]
JEFJUA,0,ok,0.0732,50,1,,[Pd+2]1(Cl)(Cl)<-P(c2n(C1([H])[H])c(C(C([H])([H])[H])(C([H])([H])[H])C([H])([H])[H])c([H])[n+]2C([H])([H])[H])(C(C([H])([H])[H])(C([H])([H])[H])[H])C(C([H])([H])[H])(C([H])([H])[H])[H]
JEFXAW,0,ok,0.1306,76,1,,[Ru+2]12([Se]c3c([H])c([H])c([H])c([H])c3[H])(<-S=c3n(C([H])([H])[H])c([H])c([H])n3[B-](n3c(=S->1)n(C([H])([H])[H])c([H])c3[H])([H]->2)[H])(<-P(c1c([H])c([H])c([H])c([H])c1[H])(c1c([H])c([H])c([H])c([H])c1[H])c1c([H])c([H])c([H])c([H])c1[H])<-[C-]#[O+]
JEGHEI,0,ok,0.0435,50,1,,[Co+3]12(<-N(=O)C(C([H])([H])[H])=C(N1O[H])C([H])([H])[H])(<-N(=O)C(C([H])([H])[H])=C(N2O[H])C([H])([H])[H])(<-n1c(C([H])([H])[H])n(C([H])([H])[H])c([H])c1[H])C([H])([H])[H]
JEGQER,0,ok,0.0332,45,1,,I[Cu+](<-N([H])(C([H])([H])C([H])([H])[H])C([H])([H])C([H])([H])[H])<-C1#CC(C([H])([H])[H])(C([H])([H])[H])C([H])([H])SC([H])([H])C1(C([H])([H])[H])C([H])([H])[H]
JEHREW,0,ok,0.0319,35,1,,[Pt+4]1(I)(I)(Cl)<-N(=C(c2c1c([H])c(Cl)c([H])c2[H])[H])C([H])([H])C([H])([H])C(N(C([H])([H])[H])C([H])([H])[H])([H])[H]
JEKBUX,0,ok,0.0577,79,1,,[Ni+2]1(Cl)(<-P(C([H])([H])C([H])([H])[H])(C([H])([H])C([H])([H])[H])C([H])([H])C([H])([H])[H])P(P(C(C([H])([H])[H])(C([H])([H])[H])C([H])([H])[H])C(C([H])([H])[H])(C([H])([H])[H])C([H])([H])[H])P->1(C(C([H])([H])[H])(C([H])([H])[H])C([H])([H])[H])C(C([H])([H])[H])(C([H])([H])[H])C([H])([H])[H]
JEKXEF,0,ok,0.0891,55,1,,[Cu+]123(<-[H][B-]->1([H]->2)([H])[n+]1c(C([H])([H])[H])c([H])c([H])c([H])c1[H])N(C(=C([H])C(=N->3c1c(F)c(F)c(F)c(F)c1F)C([H])([H])[H])C([H])([H])[H])c1c(F)c(F)c(F)c(F)c1F
JELRIC,0,ok,0.0554,63,1,,[Rh+3]123(<-P(Oc4c1c(OP->2(C([H])(C([H])([H])[H])C([H])([H])[H])C(C([H])([H])[H])(C([H])([H])[H])[H])c([H])c([H])c4[H])(C([H])(C([H])([H])[H])C([H])([H])[H])C([H])(C([H])([H])[H])C([H])([H])[H])(C([H])([H])[H])[F+][B-](F)(F)[F+]3
JEMVED,0,ok,0.1006,57,1,,[Ru+6]1(Cl)(Cl)(<-O(c2c(C=1[H])c([H])c([H])c([H])c2[H])C([H])(C([H])([H])[H])C([H])([H])[H])=C1N(c2c(Cl)c([H])c([H])c([H])c2Cl)C([H])([H])C([H])([H])N1c1c(Cl)c([H])c([H])c([H])c1Cl
JEPCEN,0,ok,0.1407,74,1,,[Ir+3]1(<-P(C([H])([H])[H])(C([H])([H])[H])C([H])([H])[H])(<-P(C([H])([H])[H])(C([H])([H])[H])C([H])([H])[H])([Si](C(C([H])([H])[H])([H])[H])(C(C([H])([H])[H])([H])[H])C(C([H])([H])[H])([H])[H])(n2c3c([H])c([H])c([H])c([H])c3c([H])c2-c2n->1c([H])c([H])c([H])c2[H])[H]
JEPYAE,0,ok,0.0776,69,1,,[Mo+2]123(<-P(C([H])([H])[H])(C([H])([H])[H])C([H])([H])[H])(<-n4n([B-](n5n->1c([H])c([H])c5[H])(c1c([H])c([H])c([H])c([H])c1[H])c1c([H])c([H])c([H])c([H])c1[H])c([H])c([H])c4[H])(<-C(=C->2(C3(C(=C([H])[H])[H])[H])[H])([H])[H])(<-[C-]#[O+])<-[C-]#[O+]
JERKOG,0,ok,0.0417,61,1,,[Ru+2]1(<-P(C([H])([H])[H])(C([H])([H])[H])C([H])([H])[H])(<-P(C([H])([H])[H])(C([H])([H])[H])C([H])([H])[H])(<-P(C([H])([H])[H])(C([H])([H])[H])C([H])([H])[H])(<-P(C([H])([H])[H])(C([H])([H])[H])C([H])([H])[H])C([H])([H])C(=O)C1([H])[H]
JETFET,0,ok,0.0435,52,1,,[Rh+3]12(N(O[H])C(C([H])([H])[H])=C(N->1=O)C([H])([H])[H])(N(O[H])C(C([H])([H])[H])=C(N->2=O)C([H])([H])[H])(<-n1c([H])c([H])c([H])c([H])c1[H])C(C([H])([H])[H])(C([H])([H])[H])[H]
JEVHIB,0,ok,0.0323,28,1,,[Pt+4](Cl)(Cl)(Cl)N1C(=C2C([H])=C([H])N(C([H])([H])[H])C([H])=C2[H])C([H])=C([H])C([H])=C1[H]
JEXTIS,0,ok,0.0776,39,1,,[Ni+2](<-N#C[S-])(<-N#C[S-])(<-n1c([H])c([H])c(N([H])[H])c([H])c1[H])<-n1c([H])c([H])c(N([H])[H])c([H])c1[H].O([H])[H].O([H])[H]
JEYPOS,0,ok,0.0312,33,1,,[Ni+2]12(SC(=NN->1=C(C([H])([H])[H])C([H])([H])[H])N([H])[H])SC(=NN->2=C(C([H])([H])[H])C([H])([H])[H])N([H])[H]
JEZMEG,0,ok,0.0367,33,1,,[Pt+2](<-P(C([H])([H])[H])(C([H])([H])[H])C([H])([H])[H])(<-P(C([H])([H])[H])(C([H])([H])[H])C([H])([H])[H])(N=S=O)N=S=O
JIDSOH,0,ok,0.0920,82,1,,[Zn+2]123(n4c(-c5n->1c([H])c([H])c([H])c5[H])noc4=O)<-n1n([B-](n4n->2c(-c2c([H])c([H])c([H])c([H])c2[H])c([H])c4C([H])([H])[H])(n2n->3c(-c3c([H])c([H])c([H])c([H])c3[H])c([H])c2C([H])([H])[H])[H])c(C([H])([H])[H])c([H])c1-c1c([H])c([H])c([H])c([H])c1[H]
JIFVUS,0,ok,0.2557,60,1,,[Fe+2]1234(<-[C-]#[O+])(<-[C-]#[O+])(<-C5(C([H])([H])[H])=C->1(C([H])([H])[H])C2(C([H])([H])[H])C->3(C([H])([H])[H])=C->45C([H])([H])[H])[Si]([H])(c1c([H])c([H])c([H])c([H])c1C([H])([H])[H])c1c([H])c([H])c([H])c([H])c1C([H])([H])[H]
JIJMEX,0,ok,0.0979,60,1,,c12c([H])c([H])c([H])c([H])c1C1=C([H])C([H])=C3C([H])([H])C([H])([H])C([H])([H])C4=C3N1[Pd+4]2(Cl)N4c1c(C([H])(C([H])([H])[H])C([H])([H])[H])c([H])c([H])c([H])c1C([H])(C([H])([H])[H])C([H])([H])[H]
JILLOI,0,ok,0.1005,83,1,,[Zr+4]1234(Cl)(N(C(=N->1C([H])(C([H])([H])[H])C([H])([H])[H])C([H])([H])[H])C([H])(C([H])([H])[H])C([H])([H])[H])(N(C->2(=N->3C([H])(C([H])([H])[H])C([H])([H])[H])C([H])([H])[H])C([H])(C([H])([H])[H])C([H])([H])[H])N(C(=N->4C([H])(C([H])([H])[H])C([H])([H])[H])C([H])([H])[H])C([H])(C([H])([H])[H])C([H])([H])[H]
JIMMAW,0,ok,0.0726,70,1,,[Re+](<-P(C(P(c1c([H])c([H])c([H])c([H])c1[H])c1c([H])c([H])c([H])c([H])c1[H])([H])[H])(c1c([H])c([H])c([H])c([H])c1[H])c1c([H])c([H])c([H])c([H])c1[H])(N1C([H])([H])C([H])([H])C([H])([H])N([H])C1=S)(<-[C-]#[O+])(<-[C-]#[O+])<-[C-]#[O+]
JINXUA,0,ok,0.2556,69,1,,[Ru+2]123456(<-P(N(C([H])([H])C([H])([H])[H])C([H])([H])C([H])([H])[H])(c7c([H])c([H])c([H])c([H])c7[H])c7c([H])c([H])c([H])c([H])c7[H])(<-[B-]([H]->1)([H]->2)([H])[H])<-C1(C([H])([H])[H])=C->3(C([H])([H])[H])C4(C([H])([H])[H])C->5(C([H])([H])[H])=C->61C([H])([H])[H]
JIQNIJ,0,ok,0.0649,50,1,,Brc1c2c(c([H])c(Br)c1[H])C([H])=N1->[Ni+2]3(<-N(=C([H])c4c([H])c([H])c(OC([H])([H])[H])c([H])c4O3)OC([H])([H])C([H])([H])O1)O2.O([H])[H].O([H])C([H])([H])[H]
JIRVAK,0,ok,0.0880,60,1,,[Pt+2]1234(<-n5c([H])c([H])c([H])c6c5n([B-](n5c([H])c([H])c7c5n->1c([H])c([H])c7[H])([H]->2)C([H])([H])[H])c([H])c6[H])C1([H])C(OC([H])([H])[H])([H])C([H])([H])C([H])([H])C->3([H])=C->4([H])C([H])([H])C1([H])[H]
JISVOZ,0,ok,0.1290,64,1,,[Pd+2]12(<-P(c3c(N1c1c(C4=N->2C([H])(C([H])(C([H])([H])[H])C([H])([H])[H])C([H])([H])O4)c([H])c([H])c([H])c1[H])c([H])c([H])c([H])c3[H])(c1c([H])c([H])c([H])c([H])c1[H])c1c([H])c([H])c([H])c([H])c1[H])Cl
JITKAY,0,ok,0.0600,52,1,,[Re+5]1(Cl)(Cl)(<-P(C(C(C(N(C(c2c(O1)c([H])c([H])c([H])c2[H])([H])[H])[H])([H])[H])([H])[H])([H])[H])(c1c([H])c([H])c([H])c([H])c1[H])c1c([H])c([H])c([H])c([H])c1[H])=O
JIVRUB,0,ok,0.4671,77,1,,C12=N3->[Cd+2]45<-N6=C(C(c7c([H])c([H])c([H])c([H])c7[H])=c7n4c(c([H])c7[H])=C1c1c([H])c([H])c([H])c([H])c1[H])C([H])=C([H])C6=C(c1c([H])c([H])c([H])c([H])c1[H])c1c([H])c([H])c(n15)C(c1c([H])c([H])c([H])c([H])c1[H])=C3C([H])=C2[H]
JIXHIK,0,ok,0.3188,65,1,,[Ir+3]12345(Br)(Br)C6(C(C([H])(n7n->1c(C([H])([H])[H])c(Br)c7C([H])([H])[H])n1nc(C([H])([H])[H])c(Br)c1C([H])([H])[H])(c1c([H])c([H])c([H])c([H])c1[H])c1c([H])c([H])c([H])c([H])c1[H])C->2([H])=C->3([H])C->4([H])=C->56[H]
JIYKAE,0,ok,0.0391,47,1,,[Rh+]12(S(=O)(C(C([H])([H])[H])(C([H])([H])[H])C([H])([H])[H])=C([H])c3n->1c(C(N->2(C([H])([H])C([H])([H])[H])C([H])([H])C([H])([H])[H])([H])[H])c([H])c([H])c3[H])<-[C-]#[O+]
JIYTUH,0,ok,0.0766,70,1,,[Os+2]12(<-P(C([H])([H])[H])(c3c([H])c([H])c([H])c([H])c3[H])c3c([H])c([H])c([H])c([H])c3[H])(<-n3c(-c4c1c([H])c(F)c([H])c4F)c([H])c([H])c([H])c3[H])(<-n1c(-c3c2c([H])c(F)c([H])c3F)c([H])c([H])c([H])c1[H])<-[C-]#[O+]
JIZNUC,1,ok,0.0721,63,1,,[Ir+3]1234([H])(<-C5([H])=C->1([H])C([H])([H])C([H])([H])C->2([H])=C->3([H])C([H])([H])C5([H])[H])(<-[c-]1c([H])[n+](C([H])([H])[H])c([H])n1C([H])([H])C([H])([H])P->4(c1c([H])c([H])c([H])c([H])c1[H])c1c([H])c([H])c([H])c([H])c1[H])Cl
JOBPEW,1,ok,0.0531,66,1,,[Au+](I)<-P1(N([H])C(C([H])([H])[H])(C([H])([H])[H])C([H])([H])[H])N(C(C([H])([H])[H])(C([H])([H])[H])C([H])([H])[H])[P+](N([H])C(C([H])([H])[H])(C([H])([H])[H])C([H])([H])[H])(C([H])([H])[H])N1C(C([H])([H])[H])(C([H])([H])[H])C([H])([H])[H]
JOCGAJ,0,ok,0.0942,81,1,,[Ti+2]123(Oc4c(-c5c([H])c([H])c([H])c([H])c5[H])c([H])c([H])c([H])c4-c4c([H])c([H])c([H])c([H])c4[H])(Oc4c(-c5c([H])c([H])c([H])c([H])c5[H])c([H])c([H])c([H])c4-c4c([H])c([H])c([H])c([H])c4[H])<-C(=C->1(C->2(=C->3([H])[H])C([H])([H])[H])C([H])([H])[H])([H])[H]
JOCSAV,0,ok,0.0832,78,1,,[Ir+3]1(Cl)(<-P(c2c([H])c([H])c([H])c([H])c2[H])(c2c([H])c([H])c([H])c([H])c2[H])c2c([H])c([H])c([H])c([H])c2[H])(<-P(c2c([H])c([H])c([H])c([H])c2[H])(c2c([H])c([H])c([H])c([H])c2[H])c2c([H])c([H])c([H])c([H])c2[H])C(Cl)=C(Cl)C(Cl)=C1Cl
JODRUP,0,ok,0.0592,68,1,,[Zn+2]1(<-O2C([H])([H])C([H])([H])OC([H])([H])c3c([H])c(c([H])c([H])c3[H])C([H])([H])OC([H])([H])C([H])([H])OC([H])([H])C([H])([H])O->1C([H])([H])C2([H])[H])(c1c([H])c([H])c([H])c([H])c1[H])c1c([H])c([H])c([H])c([H])c1[H]
JOGDOA,0,ok,0.0809,57,1,,Br[Ni+2]1(Br)<-n2c(C(=N->1c1c(C([H])(C([H])([H])[H])C([H])([H])[H])c([H])c([H])c([H])c1C([H])(C([H])([H])[H])C([H])([H])[H])[H])c([H])c([H])c([H])c2C(C([H])([H])[H])(C([H])([H])[H])C([H])([H])[H]
JOGSIH,0,ok,0.0454,46,1,,[Ni+2]1(Cl)(<-P(C([H])([H])[H])(C([H])([H])[H])C([H])([H])[H])(<-P(C([H])([H])[H])(C([H])([H])[H])C([H])([H])[H])C(Cl)=C(Cl)c2c([H])c([H])c(C([H])([H])[H])c([H])c2[H]->1
JOHRAB,0,ok,0.1072,85,1,,[Ru+4]1(Cl)(Cl)(<-O(c2c(C=1[H])c([H])c(C([H])([H])[H])c([H])c2[H])C([H])(C([H])([H])[H])C(=O)N(C([H])([H])[H])C([H])([H])[H])<-C1N(c2c(C([H])([H])[H])c([H])c(C([H])([H])[H])c([H])c2C([H])([H])[H])C([H])([H])C([H])([H])N1c1c(C([H])([H])[H])c([H])c(C([H])([H])[H])c([H])c1C([H])([H])[H]
JOJHOH,0,ok,0.0256,26,1,,[Zn+2]12(Cl)(Cl)<-n3c(C(N->1(C([H])([H])C(O->2[H])([H])[H])[H])([H])[H])c([H])c([H])c([H])c3[H]
JOJTAG,0,ok,0.0720,71,1,,[Mo]12(<-S=C3C([H])([H])OC([H])([H])C([H])([H])C3=S->1)(<-P(C([H])([H])C(P->2(c1c([H])c([H])c([H])c([H])c1[H])c1c([H])c([H])c([H])c([H])c1[H])([H])[H])(c1c([H])c([H])c([H])c([H])c1[H])c1c([H])c([H])c([H])c([H])c1[H])(<-[C-]#[O+])<-[C-]#[O+]
JOLLUR,0,ok,0.3513,66,1,,[Mo+2]123456(<-[C-]#[O+])(<-[C-]#[O+])(<-C(C([H])([H])[H])(=C->1(C(c1c([H])c([H])c([H])c([H])c1[H])([H])[H])C2(c1c([H])c([H])c([H])c([H])c1[H])C(C(c1c([H])c([H])c([H])c([H])c1[H])(O[H])[H])([H])[H])[H])C1([H])C->3([H])=C->4([H])C->5([H])=C->61[H]
JOMNII,1,ok,0.3619,69,1,,[Zr+4]123456789%10%11(C(C->1(=C->2(C->3(=C(C([H])([H])[H])[H])C([H])([H])[H])C([H])([H])[H])C([H])([H])[H])([H])[H])(C1(C(C([H])([H])[H])(C([H])([H])[H])C([H])([H])[H])C->4([H])=C->5([H])C->6([H])=C->71[H])<-C1(C(C([H])([H])[H])(C([H])([H])[H])C([H])([H])[H])=C->8([H])C9([H])C->%10([H])=C->%111[H]
JONYUI,0,ok,0.1176,73,1,,[Ni+2]12(<-N(=C3c4c([H])c([H])c([H])c5c([H])c([H])c([H])c(c45)C3=N->1c1c(C([H])([H])[H])c([H])c(C([H])([H])[H])c([H])c1C([H])([H])[H])c1c(C([H])([H])[H])c([H])c(C([H])([H])[H])c([H])c1C([H])([H])[H])Oc1c(c(Cl)c(Cl)c(Cl)c1Cl)O2
JOPGAY,0,ok,0.0313,31,1,,c12c(n(C([H])([H])C([H])([H])[H])c(=S)s1)S[Ni+4]1(S2)Sc2c(n(C([H])([H])C([H])([H])[H])c(=S)s2)S1
JOQWOD,1,ok,0.1928,71,1,,[Ir+5]123(<-C4(C([H])([H])[H])=C->1(C([H])([H])[H])C2(C([H])([H])[H])C(C([H])([H])[H])=C4C([H])([H])[H])(<-P(C([H])([H])[H])(C([H])([H])[H])C([H])([H])[H])=C(OC([H])([H])[H])C([H])=C(c1c([H])c([H])c([N+](=O)[O-])c([H])c1[H])c1c3c([H])c([H])c([H])c1[H]
JOTSOA,1,ok,0.0919,72,1,,[Fe]123(<-[C-]#[O+])(<-[C-]#[O+])(<-[C-]#[O+])<-C4([H])=C->1([H])C->2([H])=C->3([H])C([H])([H])C([H])([H])C4([P+](C(P(c1c([H])c([H])c([H])c([H])c1[H])c1c([H])c([H])c([H])c([H])c1[H])([H])[H])(c1c([H])c([H])c([H])c([H])c1[H])c1c([H])c([H])c([H])c([H])c1[H])[H]
JOWNUE,0,ok,0.1871,71,1,,[Mo+2]123456(<-[C-]#[O+])(<-[C-]#[O+])(<-C(=C->1(C2(C(N1C([H])([H])C([H])([H])OC([H])([H])C1([H])[H])=O)[H])[H])(C(c1c([H])c([H])c([H])c([H])c1[H])(c1c([H])c([H])c([H])c([H])c1[H])c1c([H])c([H])c([H])c([H])c1[H])[H])C1([H])C->3([H])=C->4([H])C->5([H])=C->61[H]
JOXYOK,0,ok,0.0419,39,1,,[W](<-[C-]#[O+])(<-[C-]#[O+])(<-[C-]#[O+])(<-[C-]#[O+])(<-[C-]#[O+])<-[Se]1C(c2c([H])c([H])c([H])c([H])c2[H])([H])C([H])([H])C(OC([H])([H])[H])(C([H])([H])[H])[Se]1
JOZVOJ,0,ok,0.1011,63,1,,[Pd+2]12(<-P(C(C(C(C(P->1(C(C([H])([H])[H])([H])[H])C(C([H])([H])[H])([H])[H])([H])[H])([H])[H])([H])[H])([H])[H])(C(C([H])([H])[H])([H])[H])C(C([H])([H])[H])([H])[H])c1c([H])c([H])c([H])c([H])c1-c1c([H])c([H])c([H])c([H])c12
JUDJUN,0,ok,0.0479,55,1,,[Hg+2]1(Br)(Br)<-N2([H])C([H])([H])c3c(c([H])c([H])c([H])c3[H])SC([H])([H])C([H])([H])Sc3c(c([H])c([H])c([H])c3[H])C([H])([H])N([H])C([H])([H])C([H])([H])N->1([H])C([H])([H])C2([H])[H]
JUFMUU,0,ok,0.0681,59,1,,[Ru+2]1234(Cl)(<-C5([H])=C->1(C([H])([H])[H])C->2([H])=C->3(C([H])([H])[H])C4([H])C5(C([H])([H])[H])C([H])([H])[H])(<-P(OC([H])([H])[H])(OC([H])([H])[H])OC([H])([H])[H])<-P(OC([H])([H])[H])(OC([H])([H])[H])OC([H])([H])[H]
JUGRIO,0,ok,0.4375,74,1,,[Zn+2]123(<-N4=C5N=C6N->1=C(N=c1n2c(c2c1c([H])c([H])c([H])c2[H])=Nc1n3c(c2c1c([H])c([H])c([H])c2[H])N=C4c1c([H])c([H])c([H])c([H])c15)c1c6c([H])c([H])c([H])c1[H])<-n1c([H])c(C([H])([H])[H])c(C([H])([H])[H])c([H])c1[H]
JUJHOL,0,ok,0.0196,21,1,,[Pd]1(<-S=C(C#N)C(=S->1)C#N)(<-[C-]#[N+]C([H])([H])[H])<-[C-]#[N+]C([H])([H])[H]
JUKHOO,0,ok,0.0335,41,1,,[Zr+4]1234(Cl)(p5c->1(C([H])([H])[H])c->2(C([H])([H])[H])c->3(C([H])([H])[H])c->45C([H])([H])[H])(N(C([H])([H])[H])C([H])([H])[H])N(C([H])([H])[H])C([H])([H])[H]
JULGAA,0,ok,0.0822,73,1,,[Pt+2](<-C1N(C([H])(C([H])([H])[H])C([H])([H])[H])C([H])=C([H])N1C([H])(C([H])([H])[H])C([H])([H])[H])(<-C1N(C([H])(C([H])([H])[H])C([H])([H])[H])C([H])=C([H])N1C([H])(C([H])([H])[H])C([H])([H])[H])([H])c1n(C([H])(C([H])([H])[H])C([H])([H])[H])c([H])c([H])n1
JUMSAN,0,ok,0.1428,80,1,,[Ru+2]1234567(<-S=P(C1(S(=O)(=O)c1c([H])c([H])c([H])c([H])c1[H])C(=NC(C([H])([H])[H])(C([H])([H])[H])C([H])([H])[H])S2)(c1c([H])c([H])c([H])c([H])c1[H])c1c([H])c([H])c([H])c([H])c1[H])<-c1(C([H])([H])[H])c->3([H])c->4([H])c->5(C([H])(C([H])([H])[H])C([H])([H])[H])c->6([H])c->71[H]
JUPCIG,0,ok,0.0454,42,1,,[Fe]123(<-N(=C->1([H])C->2([H])=C->3([H])c1c([H])c([H])c([H])c([H])c1[H])c1c([H])c(C(F)(F)F)c([H])c(C(F)(F)F)c1[H])(<-[C-]#[O+])(<-[C-]#[O+])<-[C-]#[O+]
JURGUY,0,ok,0.0877,54,1,,[Pd+2]12(Cl)<-S=P(N(N->1=C(c1c(O2)c([H])c([H])c([H])c1[H])[H])C([H])([H])[H])(N(C([H])([H])[H])N=C(c1c([H])c([H])c([H])c([H])c1O[H])[H])c1c([H])c([H])c([H])c([H])c1[H]
JUSQAR,0,ok,0.1005,61,1,,C12(C([H])([H])[H])->[Rh+3]34567(<-C=1(C([H])([H])[H])C3(C([H])([H])[H])C->4(C([H])([H])[H])=C->52C([H])([H])[H])<-S=c1n([B-](S->6[B-](n2c(=S->7)sc3c([H])c([H])c([H])c([H])c32)([H])[H])([H])[H])c2c(c([H])c([H])c([H])c2[H])s1
JUTKAM,0,ok,0.3173,70,1,,[W+2]12345([Si](Oc6n->1c([H])c([H])c([H])c6[H])(c1c([H])c([H])c(C([H])([H])[H])c([H])c1[H])c1c([H])c([H])c(C([H])([H])[H])c([H])c1[H])(<-[C-]#[O+])(<-[C-]#[O+])<-C1(C([H])([H])[H])=C->2(C([H])([H])[H])C3(C([H])([H])[H])C->4(C([H])([H])[H])=C->51C([H])([H])[H]
JUWNIY,0,ok,0.0402,51,1,,[Hg+2]12(<-N(S(=O)(=O)C([H])([H])[H])=S(=O)(O1)C([H])([H])[H])(<-O=S(C([H])([H])[H])C([H])([H])[H])(<-N(=S(O2)(=O)C([H])([H])[H])S(=O)(=O)C([H])([H])[H])<-O=S(C([H])([H])[H])C([H])([H])[H]
JUXREZ,0,ok,0.0990,32,1,,[Ti+4]12345(Sc6c([H])c#cc([H])c6[H])(<-C6([H])=C->1([H])C2([H])C->3([H])=C->46[H])SC([H])([H])C([H])([H])C([H])([H])S5
JUZLAR,0,ok,0.0896,82,1,,[Pt](<-P(c1c([H])c([H])c([H])c([H])c1[H])(c1c([H])c([H])c([H])c([H])c1[H])c1c([H])c([H])c([H])c([H])c1[H])(<-P(c1c([H])c([H])c([H])c([H])c1[H])(c1c([H])c([H])c([H])c([H])c1[H])c1c([H])c([H])c([H])c([H])c1[H])<-C1#CC([H])=C([H])C([H])=C([H])C1([H])[H]
KABZIY,1,ok,0.0261,33,1,,[C-](#[O+])->[Re+]1(<-[C-]#[O+])(<-[C-]#[O+])<-N(C(C([H])([H])N(C(C(O1)=O)([H])[H])C([H])([H])C([H])([H])[N+]([H])([H])[H])([H])[H])([H])[H]
KACMEJ,1,ok,0.1367,59,1,,[La+3]1234(<-O([H])[H])(<-O([H])[H])(<-O=C->1(O2)C(n1nc(-c2c([H])nc([H])c([H])n2)nn1)([H])[H])(<-O([H])[H])(<-O([H])[H])(<-O=C->3(O4)C(n1nc(-c2nc([H])c([H])nc2[H])nn1)([H])[H])(<-O([H])[H])<-O([H])[H]
KADKUW,0,ok,0.9422,81,1,,[Zr+4]123456789(Cl)(Cl)<-C%10(=C->1([H])C2(C(C([H])([H])[H])(C([H])([H])[H])[H])C->3([H])=C->4%10[H])C1(C2([H])C([H])([H])C([H])([H])C([H])([H])C([H])([H])C2([H])[H])C(C2([H])C([H])([H])C([H])([H])C([H])([H])C([H])([H])C2([H])[H])(C([H])([H])C1([H])[H])C->51=C->6([H])C7(C(C([H])([H])[H])(C([H])([H])[H])[H])C->8([H])=C->91[H]
KAFDON,1,ok,0.0465,45,1,,[Pd+2]12(<-n3c(-c4n->1c(-c1c2c([H])c([H])c([H])c1[H])c([H])c([H])c4[H])c([H])c([H])c([H])c3[H])<-C1N(C([H])([H])[H])C([H])=C([H])N1C([H])([H])[H]
KAFVEU,0,ok,0.1145,63,1,,[Cd+2]1234(<-n5c6c([H])c([H])c([H])c([H])c6n([H])c5C(N(C(c5n->1c1c([H])c([H])c([H])c([H])c1n5[H])([H])[H])C(c1n->2c2c([H])c([H])c([H])c([H])c2n1[H])([H])[H])([H])[H])(<-O=C->3(O4)C([H])([H])[H])=N[N+]#N
KAGYEX,0,ok,0.0433,51,1,,[Co+3]12(<-n3c([H])c([H])c([H])c([H])c3[H])(<-N(=O)C(=C(N1O[H])C([H])([H])[H])C([H])([H])[H])(N(O[H])C(=C(N->2=O)C([H])([H])[H])C([H])([H])[H])C(C(C#C[H])([H])[H])([H])[H]
KAJKIQ,0,ok,0.1250,55,1,,[Fe+4]1234(<-[C-]#[O+])(<-[C-]#[O+])(<-C5([H])=C->1([H])C->2([H])=C->3([H])C45[H])=C(C([H])([H])[H])O[B-](c1c(F)c(F)c(F)c(F)c1F)(c1c(F)c(F)c(F)c(F)c1F)c1c(F)c(F)c(F)c(F)c1F
KAKGAG,1,ok,0.0537,63,1,,[Ni+4]12(O[H])(<-N3([H])C(C([H])([H])[H])(C([H])([H])[H])C([H])([H])C(C([H])([H])[H])=N->1C([H])([H])C([H])([H])C([H])([H])N->2(C([H])([H])[H])C([H])([H])C([H])([H])C3([H])[H])OC1=c2c(c([H])c([H])c([H])c2[H])=S([O-])(=O)N1[H]
KALVEA,0,ok,0.0605,84,1,,[Zr+4]12345(Cl)(N(C([H])([H])[H])C([H])([H])[H])(<-N(=C->1(N(C([H])(C([H])([H])[H])C([H])([H])[H])C([H])(C([H])([H])[H])C([H])([H])[H])O2)C([H])([H])C(C([H])([H])[H])(C([H])([H])[H])C([H])([H])N->3=C->4(N(C([H])(C([H])([H])[H])C([H])([H])[H])C([H])(C([H])([H])[H])C([H])([H])[H])O5)<-N(C([H])([H])[H])(C([H])([H])[H])[H]
KAMPOE,0,ok,0.0613,58,1,,[V+5]123(<-O=C(N(O1)c1c([H])c([H])c([H])c([H])c1[H])c1c([H])c([H])c([H])c([H])c1[H])(=O)<-N(=C([H])c1c(c([H])c([H])c([H])c1[H])O2)N=C(c1c([H])c([H])c([N+](=O)[O-])c([H])c1[H])O3
KANLOA,0,ok,0.0656,62,1,,[Rh+3]12(Cl)(<-P(c3c([H])c([H])c([H])c([H])c3[H])(c3c([H])c([H])c([H])c([H])c3[H])c3c([H])c([H])c([H])c([H])c3[H])(O[N+](=O)c3c1c([H])c([H])c([H])c3[H])O[N+](=O)c1c2c([H])c([H])c([H])c1[H]
KAPLAO,-1,ok,0.0422,49,1,,[V+](<-P(C([H])([H])[H])(C([H])([H])[H])C1=C([H])[C-]([H])C([H])=C([H])[C-]1[H])(<-P(C([H])([H])[H])(C([H])([H])[H])c1c([H])c([H])c([H])c([H])c1[H])(<-[C-]#[O+])(<-[C-]#[O+])(<-[C-]#[O+])<-[C-]#[O+]
KAPYAB,0,ok,0.0802,41,1,,[H]C1([H])[W+2]23(Br)(<-[C-]#[O+])(<-[C-]#[O+])(<-[C-]#[O+])<-c14c1c([H])c([H])c([H])c([H])c1c1c([H])c([H])c([H])c([H])c1c->24C->3([H])=C([H])C([H])([H])[H]
KAQYOQ,0,ok,0.0377,42,1,,Br[Cu+](<-P(C([H])([H])[H])(C([H])([H])[H])C([H])([H])[H])<-C1#CC(C([H])([H])[H])(C([H])([H])[H])C([H])([H])SC([H])([H])C1(C([H])([H])[H])C([H])([H])[H]
KARVEF,0,ok,0.0476,55,1,,[Cr+2](=C(OC([H])([H])C([H])([H])[H])C([H])=C(N(C([H])([H])[H])C([H])([H])[H])C(O[Si](C([H])([H])[H])(C([H])([H])[H])C([H])([H])[H])(C([H])([H])[H])C([H])([H])[H])(<-[C-]#[O+])(<-[C-]#[O+])(<-[C-]#[O+])(<-[C-]#[O+])<-[C-]#[O+]
KASYUB,0,ok,0.0982,79,1,,c1(N2C(C([H])([H])[H])=C([H])C(C([H])([H])[H])=N(C([H])([H])C([H])([H])c3c([H])c([H])c([H])c([H])n3)->[Cu+]2<-[C-]#[N+]c2c(C([H])([H])[H])c([H])c([H])c([H])c2C([H])([H])[H])c(C([H])(C([H])([H])[H])C([H])([H])[H])c([H])c([H])c([H])c1C([H])(C([H])([H])[H])C([H])([H])[H]
KATJUN,0,ok,0.0362,33,1,,[Hg+2]1(Sc2c([H])c([H])c([H])c([H])c2[H])<-n2c(-c3c1c([H])c([H])c([H])c3[H])c([H])c([H])c([H])c2[H]
KATREC,0,ok,0.0260,22,1,,[Re+7](=O)(=O)(=O)C([H])([H])[H].N(c1c([H])c([H])c([H])c([H])c1[H])([H])[H]
KAWHEV,0,ok,0.3032,18,1,,[Cr+2]123456(<-P7=P->1P27)(<-[C-]#[O+])(<-[C-]#[O+])<-C1([H])=C->3([H])C->4([H])=C->5([H])C61[H]
KAWQII,0,ok,0.1043,62,1,,[Ru+2]12(Oc3c4c([H])c([H])c([H])c([H])c4c([H])c([H])c3N->1=O)(Oc1c3c([H])c([H])c([H])c([H])c3c([H])c([H])c1N->2=O)(<-n1c([H])c([H])c(-c2c([H])c([H])c([H])c([H])c2[H])c([H])c1[H])<-[C-]#[O+]
KAXPAA,0,ok,0.2430,83,1,,[Cu+3]123<-N4=C5C([H])=C([H])C4=C(c4c(F)c(F)c(F)c(F)c4F)c4c([H])n([H])c(c41)C(c1c(F)c(F)c(F)c(F)c1F)=C1N=C(OC(C([H])([H])[H])([H])[H])C(=C21)C(c1c(F)c(F)c(F)c(F)c1F)=c1n3c(c([H])c1[H])=C5c1c(F)c(F)c(F)c(F)c1F
KAYNUU,0,ok,0.2323,79,1,,[Re+7]12(=O)(=O)(=O)<-N3=c4n5c6c([H])c([H])c5c(-c5c([H])c([H])c([H])c([H])c5[H])c4=C([H])C3=C(c3c([H])c([H])c([H])c([H])c3[H])c3n1c(c([H])c3[H])C(c1c([H])c([H])c([H])c([H])c1[H])=C1N->2=C(C([H])=C1[H])C=6c1c([H])c([H])c([H])c([H])c1[H]
KAYXIU,0,ok,0.3250,80,1,,[Mo+2]12345(<-P6(c7c([H])c([H])c([H])c([H])c7[H])C([H])([H])N(C(c7c([H])c([H])c([H])c([H])c7[H])([H])[H])C([H])([H])P->1(c1c([H])c([H])c([H])c([H])c1[H])C([H])([H])N(C([H])([H])c1c([H])c([H])c([H])c([H])c1[H])C6([H])[H])(<-[C-]#[O+])(<-C1([H])=C->2([H])C->3([H])=C->4([H])C51[H])[H]
KAZGUP,0,ok,0.1098,59,1,,[Ru+4]12(Cl)(Cl)(<-P(C(C(P->1(C([H])([H])[H])C([H])([H])[H])([H])[H])([H])[H])(C([H])([H])[H])C([H])([H])[H])N(c1c([H])c([H])c([H])c([H])c1[H])N=C(C(=O)C([H])([H])[H])N2c1c([H])c([H])c([H])c([H])c1[H]
KAZWOX,0,ok,0.1452,47,1,,[Mo+4]123456(<-C(=C->1(C2([H])[H])[H])([H])[H])(C(C->3(=C->4([H])[H])[H])([H])[H])<-C(=C->5(C6([H])[H])[H])([H])[H].c12c3c(c([H])[c-]1c([H])c([H])c([H])c2[H])c([H])c([H])c([H])c3[H]
KECGAB,0,ok,0.0771,41,1,,[Ni+2]12(Oc3c([H])c([H])c([H])c([H])c([H])c3=O->1)Oc1c([H])c([H])c([H])c([H])c([H])c1=O->2.O(C([H])([H])[H])[H].O(C([H])([H])[H])[H]
KEDLUA,0,ok,0.1023,71,1,,[Pd+4]1(<-P(C(C(C(C([H])([H])[H])([H])[H])([H])[H])([H])[H])(C(C(C(C([H])([H])[H])([H])[H])([H])[H])([H])[H])C(C(C(C([H])([H])[H])([H])[H])([H])[H])([H])[H])(Cl)n2c(c([O-])c3c([H])c([H])c([H])c([H])c23)-c2n([H])c3c(c2O1)c([H])c([H])c([H])c3[H]
KEFNOZ,1,ok,0.0665,61,1,,[Zn+2]12(<-n3n(C(n4n->1c(C([H])([H])[H])c([H])c4C([H])([H])[H])([H])C(O->2C([H])([H])[H])(c1c([H])c([H])c([H])c([H])c1[H])c1c([H])c([H])c([H])c([H])c1[H])c(C([H])([H])[H])c([H])c3C([H])([H])[H])OI
KEGDAD,0,ok,0.0475,33,1,,[Fe]123(<-[C-]#[O+])(<-[C-]#[O+])(<-[C-]#[O+])<-c45c([H])c([H])c([H])c([H])c->14C->2([H])=C->3(c1c([H])c([H])c([H])c([H])c1[H])C5=O
KEGYAY,0,ok,0.0698,62,1,,[Pd+2](Br)(Br)(<-n1n(-c2c([H])c([H])c([H])c([H])c2[H])c(OC([H])([H])[H])c([H])c1C([H])([H])[H])<-C1N(C([H])(C([H])([H])[H])C([H])([H])[H])c2c([H])c([H])c([H])c([H])c2N1C([H])(C([H])([H])[H])C([H])([H])[H]
KEHLAK,0,ok,0.2084,49,1,,[Zr+4]123456789%10(Br)(C([Si](C([H])([H])[H])(C([H])([H])[H])C([H])([H])[H])=C->1(c1c([H])c([H])c([H])c([H])c1[H])[H]->2)(<-C1([H])=C->3([H])C->4([H])=C->5([H])C61[H])C1([H])C->7([H])=C->8([H])C->9([H])=C->%101[H]
KEHTIC,0,ok,0.1599,81,1,,[Zn+2]12345(OC->1(=O->2)c1c([H])c([H])c([H])c([H])c1N(c1c([H])c([H])c([H])c(Cl)c1C([H])([H])[H])[H])(<-O=C->3(O4)c1c([H])c([H])c([H])c([H])c1N(c1c([H])c([H])c([H])c(Cl)c1C([H])([H])[H])[H])<-n1c([H])c([H])c([H])c2c([H])c([H])c3c([H])c([H])c([H])n->5c3c12
KEJNAP,0,ok,0.3786,53,1,,[Mo+2]123456789(<-S=S->1)(C1(C([H])([H])[H])C->2(C([H])([H])[H])=C->3(C([H])([H])[H])C->4(C([H])([H])[H])=C->51C([H])([H])[H])C1(C([H])([H])[H])C->6(C([H])([H])[H])=C->7(C([H])([H])[H])C->8(C([H])([H])[H])=C->91C([H])([H])[H]
KEKLES,0,ok,0.0673,57,1,,[W+6]123(=O)Oc4c5c([H])c([H])c([H])c4C([H])([H])c4c(c(c([H])c([H])c4[H])C([H])([H])c4c(c(c([H])c([H])c4[H])C([H])([H])c4c(c(c([H])c([H])c4[H])C5([H])[H])O1)O2)O3.O([H])[H]
KELHIS,0,ok,0.0343,39,1,,[Mo+2]12(=O)(<-O=O->1)(<-O=O->2)<-O=[As](C(C(OC([H])([H])[H])([H])[H])([H])[H])(C([H])(C([H])([H])[H])C([H])([H])[H])C([H])(C([H])([H])[H])C([H])([H])[H]
KELWUU,-1,ok,0.0187,17,1,,[Nb+5](Cl)(Cl)(Cl)(Cl)=O.n1c([H])c([H])c([H])c([H])c1[H]
KENMEY,0,ok,0.0880,54,1,,[Ir+3]12345(I)(<-C6(C([H])([H])[H])=C->1(C([H])([H])[H])C2(C([H])([H])[H])C->3(C([H])([H])[H])=C->46C([H])([H])[H])<-C1N(C([H])([H])c2c5c([H])c(C([H])([H])[H])c([H])c2[H])C([H])=C([H])N1C([H])([H])[H]
KEPPED,0,ok,0.0984,69,1,,[Ru+4]1(Cl)(Cl)(<-C2N(c3c(C([H])(C([H])([H])[H])C([H])([H])[H])c([H])c([H])c([H])c3C([H])(C([H])([H])[H])C([H])([H])[H])C([H])=C3C([H])=C([H])C([H])=C(F)N23)=C([H])c2c(O->1C([H])(C([H])([H])[H])C([H])([H])[H])c([H])c([H])c([H])c2[H]
KEQVEH,0,ok,0.0539,67,1,,[Ni+2]1(<-P(C([H])([H])[H])(C([H])([H])[H])C([H])([H])[H])(<-P(C([H])([H])[H])(C([H])([H])[H])C([H])([H])[H])(<-P(C([H])([H])[H])(C([H])([H])[H])C([H])([H])[H])OC(c2c([H])c([H])c([H])c([H])c2[H])=C(c2c([H])c([H])c([H])c([H])c2[H])C1=O
KERYOX,0,ok,0.0519,53,1,,[Hg+2](I)(I)(<-n1c([H])n(C([H])([H])c2nc3c([H])c([H])c([H])c([H])c3n2[H])c([H])c1[H])<-n1c(C(n2c([H])c([H])nc2[H])([H])[H])n([H])c2c1c([H])c([H])c([H])c2[H]
KETNIG,0,ok,0.1528,81,1,,[Mn+]12(<-P(c3c([H])c([H])c([H])c([H])c3[H])(c3c([H])c([H])c([H])c([H])c3[H])c3c([H])c([H])c([H])c([H])c3[H])(<-[C-]#[O+])(<-[C-]#[O+])C3([H])C4([H])C(O[Si](C([H])([H])[H])(C([H])([H])[H])C([H])([H])[H])(c5c([H])c([H])c([H])c([H])c5[H])C([H])(C->1([H])=C->23[H])C([H])([H])C4([H])[H]
KEVXAK,0,ok,0.4010,46,1,,[Hf+4]123456789(<-P(C([H])([H])[H])(C([H])([H])[H])C([H])([H])[H])(<-C%10([H])=C->1([H])C2([H])C->3([H])=C->4%10[H])(<-C1([H])=C->5([H])C->6([H])=C->7([H])C81[H])C([H])([H])C9(C([H])([H])[H])C([H])([H])[H]
KEWTUC,0,ok,0.1050,83,1,,[Re+3]1(Cl)(Cl)(N=Nc2c([H])c([H])c([H])c([H])n->12)(<-P(c1c([H])c([H])c([H])c([H])c1[H])(c1c([H])c([H])c([H])c([H])c1[H])c1c([H])c([H])c([H])c([H])c1[H])<-P(c1c([H])c([H])c([H])c([H])c1[H])(c1c([H])c([H])c([H])c([H])c1[H])c1c([H])c([H])c([H])c([H])c1[H]
KEYCAT,0,ok,0.0510,61,1,,[Pt]12(<-S=C(N=N->1c1c([H])c([H])c([H])c([H])c1[H])N(C([H])([H])C([H])([H])[H])C([H])([H])C([H])([H])[H])<-S=C(N=N->2c1c([H])c([H])c([H])c([H])c1[H])N(C([H])([H])C([H])([H])[H])C([H])([H])C([H])([H])[H]
KEYVOC,0,ok,0.1009,59,1,,[Fe+2]123(<-O(C([H])([H])[H])[H])<-N(=C([H])c4c5c(c([H])c([H])c([H])c5[H])c([H])c([H])c4O1)C(C(=O)O[H])([H])C(C(=O)O[H])([H])N->2=C([H])c1c2c(c([H])c([H])c([H])c2[H])c([H])c([H])c1O3
KEZREN,1,ok,0.0734,57,1,,C([H])([H])([H])C1(C([H])([H])[H])C([H])([H])C(C([H])([H])[H])=N2->[Ni+2]345(OC->3(=O->4)c3c([H])c([H])c([H])c([H])c3[N+]([O-])=O)<-N([H])(C([H])([H])C([H])([H])C2([H])[H])C([H])([H])C([H])([H])C([H])([H])N->51[H]
KIBNAK,1,ok,0.1352,52,1,,[Cr]1234(<-N#[O+])(<-N#[O+])(C([P+](c5c([H])c([H])c([H])c([H])c5[H])(c5c([H])c([H])c([H])c([H])c5[H])c5c([H])c([H])c([H])c([H])c5[H])([H])[H])C5([H])C->1([H])=C->2([H])C->3([H])=C->45[H]
KICTOF,0,ok,0.2369,34,1,,I[Ru+4]1234(<-[C-]#[O+])(=C(OC(C([H])([H])[H])([H])[H])c5c([H])c([H])c([H])c([H])c5[H])<-C5([H])=C->1([H])C->2([H])=C->3([H])C45[H]
KIDMAN,0,ok,0.0378,47,1,,[Mo+6]12(<-N(=C([H])c3c(c([H])c(N(C([H])([H])C([H])([H])[H])C([H])([H])C([H])([H])[H])c([H])c3[H])O1)C([H])([H])C([H])(C([H])([H])[H])O2)(=O)=O.O(C([H])([H])[H])[H]
KIFNEV,0,ok,0.0404,37,1,,[Zn+2]123(Cl)Oc4c5n->1c(C1([H])OC([H])([H])C(C(O->2[H])([H])[H])(C(O[H])([H])[H])N->31[H])c([H])c([H])c5c([H])c([H])c4[H]
KIGSEB,0,ok,0.0674,68,1,,[Os+2]123456(Cl)(<-n7c(-c8c([H])c([H])c([H])c([H])c81)n(C([H])([H])C([H])([H])C([H])([H])C([H])([H])[H])c1c([H])c([H])c(C(=O)OC([H])([H])[H])c([H])c71)<-c1(C([H])([H])[H])c->2([H])c->3([H])c->4(C([H])(C([H])([H])[H])C([H])([H])[H])c->5([H])c->61[H]
KIHLES,0,ok,0.4822,77,1,,[Zr+4]123456789(Oc%10c(C(C([H])([H])[H])(C([H])([H])[H])C([H])([H])[H])c([H])c([H])c([H])c%10C([H])([H])[H])(<-N(=C1C(c1c([H])c([H])c([H])c([H])c1[H])([H])[H])C(C([H])([H])[H])(C([H])([H])[H])C([H])([H])[H])(<-C1([H])=C->2([H])C3([H])C->4([H])=C->51[H])<-C1([H])=C->6([H])C7([H])C->8([H])=C->91[H]
KIHXOO,0,ok,0.1088,76,1,,[W+2]1(I)(I)(<-P(C([H])([H])C([H])([H])C([H])([H])P->1(c1c([H])c([H])c([H])c([H])c1[H])c1c([H])c([H])c([H])c([H])c1[H])(c1c([H])c([H])c([H])c([H])c1[H])c1c([H])c([H])c([H])c([H])c1[H])(<-[C-]#[O+])<-C(C(C([H])([H])[H])([H])[H])#CC([H])([H])C([H])([H])[H]
KIJHAO,0,ok,0.0919,82,1,,[Ir+]123(Cl)(<-P(c4c([H])c([H])c([H])c([H])c4[H])(c4c([H])c([H])c([H])c([H])c4[H])c4c([H])c([H])c([H])c([H])c4[H])(<-P(c4c([H])c([H])c([H])c([H])c4[H])(c4c([H])c([H])c([H])c([H])c4[H])c4c([H])c([H])c([H])c([H])c4[H])<-C4([H])=C->1([H])C(=O)C->2([H])=C->3([H])C4=O
KIKNAT,0,ok,0.0573,55,1,,[Zn+2]12345<-N6(C([H])([H])C(=O)O1)C([H])([H])C([H])([H])N->2(C(C(=O)O[H])([H])[H])C([H])([H])C([H])([H])N->3(C([H])([H])C(=O)O4)C([H])([H])C([H])([H])N->5(C(C(=O)O[H])([H])[H])C([H])([H])C6([H])[H]
KILKAR,0,ok,0.0462,61,1,,[W+2]1(Cl)(<-P(C([H])([H])[H])(C([H])([H])[H])C([H])([H])[H])(<-P(C([H])([H])[H])(C([H])([H])[H])C([H])([H])[H])(<-P(C([H])([H])[H])(C([H])([H])[H])C([H])([H])[H])(<-O=C1C([Si](C([H])([H])[H])(C([H])([H])[H])C([H])([H])[H])([H])[H])<-[C-]#[O+]
KILWOT,0,ok,0.0628,69,1,,[Ru+4]1(Cl)(Cl)(<-P(C(N2C->1N(C(C([H])([H])[H])(C([H])([H])[H])C([H])([H])[H])C([H])=C2[H])([H])[H])(C(C([H])([H])[H])(C([H])([H])[H])C([H])([H])[H])C(C([H])([H])[H])(C([H])([H])[H])C([H])([H])[H])=C([H])c1c([H])c([H])c(C([H])([H])[H])c([H])c1[H]
KIMLUN,0,ok,0.3353,64,1,,[Co+]12345(<-P(C([H])([H])[H])(C([H])([H])[H])C([H])([H])[H])(<-N(=C->1=C1c6c([H])c([H])c([H])c([H])c6-c6c1c([H])c([H])c([H])c6[H])C1([H])C([H])([H])C([H])([H])C([H])([H])C([H])([H])C1([H])[H])<-C1([H])=C->2([H])C3([H])C->4([H])=C->51[H]
KINPIG,0,ok,0.1934,54,1,,[Cr]123456(<-P(C(C(P->1(C([H])([H])[H])C([H])([H])[H])([H])[H])([H])[H])(C([H])([H])[H])C([H])([H])[H])(<-[C+]([H]->2)([H])[H])<-C1(C([H])([H])[H])=C->3(C([H])([H])[H])C->4(C([H])([H])[H])=C->5(C([H])([H])[H])C61C([H])([H])[H]
KIPYOX,1,ok,0.0312,31,1,,[Pd+4]1(<-O([H])[H])(O[N+](=O)[O-])N2C(=C3C1=C([H])C([H])=C([H])N3C([H])([H])[H])C([H])=C([H])C([H])=C2[H]
KIRVAK,0,ok,0.0530,42,1,,[Fe]123(<-C4(c5c([H])c([H])c([H])c([H])c5[H])=C->15C([H])([H])OC([H])([H])C->25=C->3(c1c([H])c([H])c([H])c([H])c1[H])C4=O)(<-[C-]#[O+])(<-[C-]#[O+])<-[C-]#[O+]
KISNEH,0,ok,0.0404,54,1,,[Co+3]1(Cl)(<-P(C([H])([H])[H])(C([H])([H])[H])C([H])([H])[H])(<-P(C([H])([H])[H])(C([H])([H])[H])C([H])([H])[H])(<-P(C([H])([H])[H])(C([H])([H])[H])C([H])([H])[H])Sc2c(c([H])c([H])c([H])c2[H])C1=O
KISTAK,0,ok,0.0484,50,1,,[Cu+]1(<-P(c2c([H])c([H])c([H])c([H])c2[H])(c2c([H])c([H])c([H])c([H])c2[H])c2c([H])c([H])c([H])c([H])c2S(=O)(=O)O1)(<-N#CC([H])([H])[H])<-N#CC([H])([H])[H]
KITHIH,0,ok,0.0609,64,1,,[Ir+3]12(Cl)(<-P(C(C(N->1(C([H])([H])C(P->2(c1c([H])c([H])c([H])c([H])c1[H])c1c([H])c([H])c([H])c([H])c1[H])([H])[H])[H])([H])[H])([H])[H])(c1c([H])c([H])c([H])c([H])c1[H])c1c([H])c([H])c([H])c([H])c1[H])([H])[H]
KIVFUQ,0,ok,0.0376,38,1,,[Ti+4]12(Cl)(Cl)(Cl)N([Si](C([H])([H])[H])(C([H])([H])[H])C([H])([H])[H])P->1(=N->2[Si](C([H])([H])[H])(C([H])([H])[H])C([H])([H])[H])(Cl)C(Cl)(Cl)Cl
KIVLAE,0,ok,0.0696,71,1,,C1(c2c([H])c([H])c([H])c([H])c2[H])=C(c2c([H])c([H])c([H])c([H])c2[H])N(=O)->[Pt+4](=C(C([H])([H])[H])N(C([H])([H])c2c([H])c([H])c([H])c([H])c2[H])[H])(C(C([H])([H])[H])=NC([H])([H])c2c([H])c([H])c([H])c([H])c2[H])N1O[H]
KIWJEG,0,ok,0.1173,77,1,,[Ti+4]123456(<-N(=C([H])c7n1c([H])c([H])c7[H])C1([H])C([H])([H])C([H])([H])C([H])([H])C([H])([H])C1([H])N->2=C([H])c1n3c([H])c([H])c1[H])<-N(=C([H])c1n4c([H])c([H])c1[H])C1([H])C([H])([H])C([H])([H])C([H])([H])C([H])([H])C1([H])N->5=C([H])c1n6c([H])c([H])c1[H]
KIWTEQ,0,ok,0.0719,44,1,,[Ni+2]123<-n4c(C(=N->1N([H])C(=O)C(=NO[H])C([H])([H])[H])C([H])([H])[H])c([H])c([H])c([H])c4C(=NN2C([O-])=C(N->3=O)C([H])([H])[H])C([H])([H])[H]
KIYSEQ,0,ok,0.0390,43,1,,[Zn+2](OC(=O)C(=C(c1c([H])c([H])c([H])c([H])c1[H])[H])[H])(<-O([H])[H])(OC(=O)C(=C(c1c([H])c([H])c([H])c([H])c1[H])[H])[H])<-O([H])[H]
KIZCON,0,ok,0.0343,49,1,,[Ni]1(<-P(C([H])([H])[H])(C([H])([H])[H])C([H])([H])[H])(<-P(C([H])([H])[H])(C([H])([H])[H])C([H])([H])[H])(<-P(C([H])([H])[H])(C([H])([H])[H])C([H])([H])[H])<-C(F)(F)=C->1(F)C(F)(F)F
KIZYEX,0,ok,0.0999,41,1,,[Tc+5]12(Br)(Br)(SC(=S->1)N(C([H])([H])C([H])([H])[H])C([H])([H])C([H])([H])[H])(N=S)SC(=S->2)N(C([H])([H])C([H])([H])[H])C([H])([H])C([H])([H])[H]
KOCDUC,0,ok,1.0907,67,1,,[Ti+4]1234(Cl)(Cl)(Oc5c(C([H])([H])[H])c([H])c([H])c([H])c5C([H])([H])[H])<-c56c->1(c1c(c7c5c([H])c([H])c([H])c7[H])c([H])c([H])c([H])c1[H])C2([H])[C+]->31C46c2c(c([H])c([H])c([H])c2[H])-c2c1c([H])c([H])c([H])c2[H]
KOCXOS,0,ok,0.0650,63,1,,c1(O[Zn+2](I)(I)Oc2c([H])c([H])c([H])c([H])c2C([H])=[N+](c2c([H])c([H])c([H])c([H])c2OC([H])([H])[H])[H])c([H])c([H])c([H])c([H])c1C([H])=[N+](c1c([H])c([H])c([H])c([H])c1OC([H])([H])[H])[H]
KODJIY,0,ok,0.0604,68,1,,[Zn+2]12(Cl)(<-O=C(N([H])c3c(C([H])(C([H])([H])[H])C([H])([H])[H])c([H])c([H])c([H])c3C([H])(C([H])([H])[H])C([H])([H])[H])c3n->1c(C(=N->2c1c(C([H])([H])[H])c([H])c([H])c([H])c1C([H])([H])[H])C([H])([H])[H])c([H])c([H])c3[H])Cl
KOGHAQ,1,ok,0.1248,51,1,,[Ru+2]12(Cl)(<-n3c([H])c([H])c([H])c([H])c3N=N->1c1c([H])c([H])c([H])c([H])c1[H])(<-n1c(-c3n->2c([H])c([H])c([H])c3[H])c([H])c([H])c([H])c1[H])<-N#CC([H])([H])[H]
KOHBUG,0,ok,0.0909,55,1,,[Pt+2]12(OC(C([H])([H])[H])=C(C(=O->1)C([H])([H])[H])[H])<-C1N(c3c2c([H])c([H])c([H])c3[H])c2c(c([H])c3c([H])c([H])c([H])c([H])c3c2[H])N1c1c([H])c([H])c([H])c([H])c1[H]
KOJGEY,0,ok,0.0554,53,1,,[Se]1(->[Cu+]2(<-[Se](c3c([H])c([H])c([H])c([H])c3[H])C(c3c4n->2c2c(c([H])c4c([H])c([H])c3[H])c([H])c([H])c([H])c2C1([H])[H])([H])[H])Br)c1c([H])c([H])c([H])c([H])c1[H]
KOKDUK,0,ok,0.5218,53,1,,B1(N(C([H])([H])[H])C([H])([H])[H])B(N(C([H])([H])[H])C([H])([H])[H])C23->[Zr+4]45678(Cl)(Cl)(<-C([H])(=C->4([H])C52[H])C->6=3[H])<-c23c(c([H])c([H])c([H])c2[H])=C2C7(C([H])=C([H])C([H])=C2[H])C->8=31
KOKVIQ,0,ok,0.0392,47,1,,[Zn+2]1(n2c(=O)n(C([H])([H])[H])c(=O)n(C([H])([H])[H])c2=O)(n2c(=O)n(C([H])([H])[H])c(=O)n(C([H])([H])[H])c2=O)<-N([H])([H])C([H])([H])C([H])([H])N->1([H])[H]
KOMCOF,0,ok,0.0629,67,1,,C1([H])([H])c23->[Ni+2]14(<-c2([H])c([H])c([H])c([H])c3[H])OS(c1c([H])c([H])c(C([H])([H])[H])c([H])c1P->4(C1([H])C([H])([H])C([H])([H])C([H])([H])C([H])([H])C1([H])[H])C1([H])C([H])([H])C([H])([H])C([H])([H])C([H])([H])C1([H])[H])(=O)=O
KONTAI,0,ok,0.0644,75,1,,[Ta+3](C(C([H])([H])[H])([H])[H])(Oc1c(C(C([H])([H])[H])([H])C([H])([H])[H])c([H])c([H])c([H])c1C(C([H])([H])[H])([H])C([H])([H])[H])C(C([H])([H])[H])([H])[H].c1(C([H])([H])[H])c(C([H])([H])[H])c(C([H])([H])[H])c(C([H])([H])[H])c(C([H])([H])[H])c1C([H])([H])[H]
KOQBAT,0,ok,0.0198,23,1,,[Cr](<-[C-]#[O+])(<-[C-]#[O+])(<-[C-]#[O+])(<-[C-]#[O+])(<-[C-]#[O+])<-C1N([H])C([H])([H])C([H])([H])C1([H])[H]
KOTFAA,0,ok,0.0406,35,1,,[Au+3](Br)(<-n1c([H])c([H])c([H])c([H])c1-c1nc(-c2nc([H])c([H])c([H])c2[H])c([H])c([H])c1[H])(C#N)C#N
KOWMIS,0,ok,0.2362,50,1,,[Zr+4]123456789(OC(=O)C(F)(F)F)(<-N(C1(c1c([H])c([H])c([H])c([H])c1[H])[H])(C([H])([H])[H])C([H])([H])[H])(<-C1([H])=C->2([H])C3([H])C->4([H])=C->51[H])<-C1([H])=C->6([H])C->7([H])=C->8([H])C91[H]
KOYDEJ,0,ok,0.1244,80,1,,[Y+3]12345(<-O6C([H])([H])C([H])([H])C([H])([H])C6([H])[H])(<-n6c(C(C17C->2(C([H])([H])[H])=C->3(C([H])([H])[H])C->4(C([H])([H])[H])=C->57C([H])([H])[H])([H])[H])c([H])c([H])c([H])c6[H])(C([Si](C([H])([H])[H])(C([H])([H])[H])C([H])([H])[H])([H])[H])C([Si](C([H])([H])[H])(C([H])([H])[H])C([H])([H])[H])([H])[H]
KUBHIZ,0,ok,0.0531,49,1,,Br[Ni+2]1(Br)<-n2c(C(O[H])([H])[H])c([H])c([H])c([H])c2C(=N->1c1c(C(C([H])([H])[H])(C([H])([H])[H])[H])c([H])c([H])c([H])c1C(C([H])([H])[H])(C([H])([H])[H])[H])[H]
KUDJUP,1,ok,0.0374,58,1,,[Au+]<-P(C(C([H])([H])[H])(C([H])([H])[H])C([H])([H])[H])(C(C([H])([H])[H])(C([H])([H])[H])C([H])([H])[H])C(C([H])([H])[H])(C([H])([H])[H])C([H])([H])[H].C1([H])=C([H])C2([H])C([H])([H])C1([H])C([H])([H])C2([H])[H]
KUFYUG,0,ok,0.0850,54,1,,[Ir+3]1(Cl)(Cl)(<-n2c([H])c([H])c([H])c([H])c2-c2nc(-c3c([H])c([H])c([H])c([H])c3[H])c([H])c([H])c21)(<-n1c([H])c([H])c([H])c([H])c1[H])<-n1c([H])c([H])c([H])c([H])c1[H]
KUHKUV,0,ok,0.0379,43,1,,[Pd+2](I)(I)(<-n1c([H])c([H])c([H])c([H])c1[H])<-[c-]1n(C([H])([H])[H])n[n+]2c1C([H])([H])OC1([H])C([H])([H])C([H])([H])C([H])([H])C([H])([H])C21[H]
KUJGIG,0,ok,0.1995,83,1,,C1([H])([H])C([H])([H])C([H])([H])C23=N(c4c([H])c(C([H])([H])[H])c([H])c(C([H])([H])[H])c4[H])->[Ti+4]<-24567(<-C2(C([H])([H])[H])=C->4(C([H])([H])[H])C->5(C([H])([H])[H])=C->6(C([H])([H])[H])C27C([H])([H])[H])(N13)(=NN(C([H])([H])[H])c1c([H])c([H])c([H])c([H])c1[H])<-n1c([H])c([H])c([H])c([H])c1[H]
KUJWIX,0,ok,0.0706,68,1,,[Hg+2]123(SC#N)(SC#N)<-N(C(C(C(N->1=C(c1c([H])c([H])c([H])c([H])c1[H])c1n->2c([H])c([H])c([H])c1[H])([H])[H])(C([H])([H])[H])C([H])([H])[H])([H])[H])=C(c1c([H])c([H])c([H])c([H])c1[H])c1n->3c([H])c([H])c([H])c1[H]
KULKEI,0,ok,0.0532,57,1,,[Pt+4]12(Cl)(Cl)(O[N+](=O)c3c1c([N+](=O)[O-])c(OC([H])([H])[H])c(OC([H])([H])[H])c3OC([H])([H])[H])O[N+](=O)c1c2c([N+]([O-])=O)c(OC([H])([H])[H])c(OC([H])([H])[H])c1OC([H])([H])[H]
KUMBAX,0,ok,0.0431,53,1,,[Ti+4](Cl)(Cl)(Cl)N([Si](c1c(OC([H])([H])[H])c([H])c([H])c([H])c1[H])(C([H])([H])[H])C([H])([H])[H])[Si](C([H])([H])[H])(C([H])([H])[H])c1c(OC([H])([H])[H])c([H])c([H])c([H])c1[H]
KUMJIM,0,ok,0.1280,50,1,,[Ir+3]12345(Cl)(<-n6c(-c7c1c([H])c([H])c(C([H])([H])[H])c7[H])c([H])c([H])c([H])c6[H])<-C1(C([H])([H])[H])=C->2(C([H])([H])[H])C->3(C([H])([H])[H])=C->4(C([H])([H])[H])C51C([H])([H])[H]
KUNRES,0,ok,0.0653,60,1,,[Ir+3]123(Oc4c([H])c([H])c([N+](=O)[O-])c5c([H])c([H])c([H])n->1c54)(<-n1c([H])c([H])c([H])c([H])c1-c1c([H])c([H])c([H])c([H])c12)<-n1c([H])c([H])c([H])c([H])c1-c1c([H])c([H])c([H])c([H])c13
KUPMOX,0,ok,0.0876,78,1,,[W+4]1(Cl)(Cl)(<-P(C([H])([H])[H])(C([H])([H])[H])c2c([H])c([H])c([H])c([H])c2[H])(<-P(C([H])([H])[H])(C([H])([H])[H])c2c([H])c([H])c([H])c([H])c2[H])(<-O=C->1(c1c([H])c([H])c(C([H])([H])[H])c([H])c1[H])[H])=NN=C(C([H])([H])[H])c1c([H])c([H])c([H])c([H])c1[H]
KURFEK,0,ok,0.1510,77,1,,[Mo+6]1234(=Nc5c(C(C([H])([H])[H])(C([H])([H])[H])C([H])([H])[H])c([H])c([H])c([H])c5[H])(=C([H])C(C([H])([H])[H])(C([H])([H])[H])c5c([H])c([H])c([H])c([H])c5[H])(n5c(C([H])([H])[H])c([H])c([H])c5C([H])([H])[H])n5c->1(C([H])([H])[H])c->2([H])c->3([H])c->45C([H])([H])[H]
KUVGEN,0,ok,0.0579,45,1,,[Cr+2]123(<-[C-]#[O+])(<-[C-]#[O+])(<-[C-]#[O+])(=C(OC(C([H])([H])[H])([H])[H])c4c([H])c([H])c(C([H])([H])[H])c([H])c4[H])<-C4([H])=C->1([H])C1([H])C->2([H])=C->3([H])C4([H])C1([H])[H]
KUWGUE,1,ok,0.0597,64,1,,[Fe+4]12(<-P(C([H])([H])[H])(C([H])([H])[H])C(C(P->1(C([H])([H])[H])C([H])([H])[H])([H])[H])([H])[H])(<-P(C([H])([H])[H])(C([H])([H])[H])C(C(P->2(C([H])([H])[H])C([H])([H])[H])([H])[H])([H])[H])(Cl)=C=C(c1c([H])c([H])c([H])c([H])c1[H])[H]
KUYDUF,0,ok,0.0744,71,1,,[Pt+4]12(C([H])([H])[H])(C([H])([H])[H])(C(=O)N([H])C([H])([H])c3c([H])c([H])c([H])c([H])c3[H])<-n3n([B-]([H])(n4n->1c(C([H])([H])[H])c([H])c4C([H])([H])[H])n1n->2c(C([H])([H])[H])c([H])c1C([H])([H])[H])c(C([H])([H])[H])c([H])c3C([H])([H])[H]
LABKOQ,0,ok,0.2699,63,1,,[Ru+6]1234(N5C([H])=C([H])C([H])=C([H])C5=C5N1C(=C([H])C([H])=C5[H])C(=O)c1n2nc(C(F)(F)F)c1[H])N1C([H])=C([H])C([H])=C([H])C1=C1N3C(=C([H])C([H])=C1[H])C(=O)c1n4nc(C(F)(F)F)c1[H]
LACGEB,0,ok,0.0631,73,1,,[Zn+2]12(OC(C(=O)OC(C([H])([H])[H])([H])[H])=C(C3=N->1C(C([H])([H])[H])(C([H])([H])[H])[N+](=O)C3(C([H])([H])[H])C([H])([H])[H])[H])OC(C(=O)OC(C([H])([H])[H])([H])[H])=C([H])C1=N->2C(C([H])([H])[H])(C([H])([H])[H])N([O-])C1(C([H])([H])[H])C([H])([H])[H]
LADGON,0,ok,0.0391,40,1,,[Pd+2](I)(<-N(C(C(N(C([H])([H])[H])C([H])([H])[H])([H])[H])([H])[H])(C([H])([H])[H])C([H])([H])[H])C(=O)c1c(O[H])c([H])c([H])c([H])c1[H]
LADXOF,-1,ok,0.0155,15,1,,[Cu+](Cl)(Cl)<-C(#CC(O[H])([H])[H])C(O[H])([H])[H]
LAFZIC,1,ok,0.0627,71,1,,[Ag+]123<-O4C([H])([H])C([H])([H])N->1(C(c1c([H])c([H])c([H])c([H])c1[H])([H])[H])C([H])([H])C([H])([H])OC([H])([H])C([H])([H])OC([H])([H])C([H])([H])N->2(C(c1c([H])c([H])c([H])c([H])c1[H])([H])[H])C([H])([H])C([H])([H])O->3C([H])([H])C4([H])[H]
LAHQER,0,ok,0.0580,34,1,,[Ru+4]1(<-[C-]#[O+])(<-[C-]#[O+])(<-[C-]#[O+])(<-[C-]#[O+])=C(C(=O)OC([H])([H])[H])C2=C(C([H])([H])OC2([H])[H])C=1C(=O)OC([H])([H])[H]
LAJCEF,-1,ok,0.0483,52,1,,[Cd+2]12([Se]C(=O)c3c([H])c([H])c(C([H])([H])[H])c([H])c3[H])(<-[Se]=C(O1)c1c([H])c([H])c(C([H])([H])[H])c([H])c1[H])[Se]C(=O->2)c1c([H])c([H])c(C([H])([H])[H])c([H])c1[H]
LAJWEY,0,ok,0.0835,60,1,,[Ir+3](<-P(C([H])([H])[H])(C([H])([H])[H])C([H])([H])[H])(<-P(C([H])([H])[H])(C([H])([H])[H])C([H])([H])[H])(<-P(C([H])([H])[H])(C([H])([H])[H])C([H])([H])[H])(Cl)(Oc1c([H])c(C([H])([H])[H])c([H])c(C([H])([H])[H])c1[H])[H]
LALMER,1,ok,0.0551,47,1,,[Cd+2]1234(<-O([H])[H])(<-N5=C(C([H])([H])[H])C([H])=[S+2]=C5c5n->1c(-c1n->2c(-c2n->3c(C([H])([H])[H])c([H])s2)c([H])c([H])c1[H])c([H])c([H])c5[H])O[Cl+]([O-])([O-])O4
LALVAX,0,ok,0.0493,33,1,,[Re+3]1(Cl)(<-[C-]#[O+])(<-[C-]#[O+])(<-[C-]#[O+])N(c2c([H])c([H])c(Cl)c([H])c2[H])c2c(c([H])c([H])c(Cl)c2[H])N1O[H]
LAMLAO,0,ok,0.0316,37,1,,[Hg+2]12(Cl)(Cl)<-n3c([H])c([H])c([H])c([H])c3C([H])([H])N->1(C1([H])C([H])([H])C([H])([H])C([H])([H])C([H])([H])C1([H])N->2([H])[H])[H]
LAMYAB,0,ok,0.0941,49,1,,[Zn+2]12345(OC->1(=O->2)c1c([H])c([H])c(Cl)c([H])c1[H])(<-n1c([H])c([H])c([H])c([H])c1-c1c([H])c([H])c([H])c([H])n->31)OC->4(=O->5)c1c([H])c([H])c(Cl)c([H])c1[H]
LANVEC,1,ok,0.1176,60,1,,[Ru+4]1(Cl)(<-N([H])([H])c2c([H])c([H])c([H])c([H])c2[H])(<-N([H])([H])c2c([H])c([H])c([H])c([H])c2[H])(<-N#CC([H])([H])[H])N([H])c2c([H])c([H])c([H])c([H])c2N1c1c([H])c([H])c([H])c([H])c1[H]
LAPWEE,0,ok,0.2471,67,1,,[Mo+2]1234(P(Cl)Oc5c(C(C([H])([H])[H])(C([H])([H])[H])C([H])([H])[H])c([H])c(C(C([H])([H])[H])(C([H])([H])[H])C([H])([H])[H])c([H])c5C(C([H])([H])[H])(C([H])([H])[H])C([H])([H])[H])(<-[C-]#[O+])(<-[C-]#[O+])(<-[C-]#[O+])<-C5([H])=C->1([H])C->2([H])=C->3([H])C45[H]
LAQRUQ,1,ok,0.0534,55,1,,[Ni+2]123SC(SC([H])([H])[H])=C4C([H])([H])C([H])([H])C([H])([H])C4=N->1C(C(N->2(C(n1n->3c(C([H])([H])[H])c([H])c1C([H])([H])[H])([H])[H])C(OC([H])([H])[H])([H])[H])(C([H])([H])[H])[H])([H])[H]
LARSIJ,0,ok,0.0465,41,1,,[Mo+6]12(<-N(=C([H])c3c(c(OC([H])([H])[H])c([H])c([H])c3[H])O1)N=C(c1c([H])c(Br)c([H])c([H])c1[H])O2)(=O)=O.O(C([H])([H])[H])[H]
LASKOF,0,ok,0.0766,64,1,,[W+2](<-[C-]#[O+])(<-[C-]#[O+])(<-[C-]#[O+])(<-[C-]#[O+])(<-[C-]#[O+])=C(C(=C(c1c([H])c([H])c(N(C([H])([H])[H])C([H])([H])[H])c([H])c1[H])c1c([H])c([H])c(N(C([H])([H])[H])C([H])([H])[H])c([H])c1[H])[H])N(C([H])([H])[H])N(C([H])([H])[H])[H]
LASXIP,1,ok,0.1328,53,1,,N1(C([H])([H])[H])C2->[Ir+3]3456(Cl)(<-C7(C([H])([H])[H])=C->3(C([H])([H])[H])C->4(C([H])([H])[H])=C->5(C([H])([H])[H])C76C([H])([H])[H])<-[C-]3=C(N2C([H])=C1[H])N1C(=[O+]C([H])([H])C1([H])[H])C([H])=C3[H]
LATKOG,-1,ok,0.0498,56,1,,[Y+3]123456(<-N7(C([H])([H])C([H])([H])N(C([H])([H])C([H])([H])N->1(C([H])([H])C([H])([H])N->2(C([H])([H])C7([H])[H])C([H])([H])C(=O)O3)C([H])([H])C(=O)O4)C([H])([H])C(=O)O5)C([H])([H])C(=O)O6)<-O([H])[H]
LAVNOM,0,ok,0.0377,39,1,,C([H])([H])([H])c1c([H])c(C([H])([H])[H])n2C([H])([H])n3c(C([H])([H])[H])c([H])c(C([H])([H])[H])n3->[Cu+3](<-[C-]#[O+])(<-n12)O[Cl+]([O-])([O-])[O-]
LAWRIK,0,ok,0.6191,56,1,,[Zr+2]123456789(<-P(C([H])([H])[H])(C([H])([H])[H])C([H])([H])[H])(<-C%10([H])=C->1([H])C2([H])C->3([H])=C->4%10[H])<-C1#Cc2c(c([H])c([H])c([H])c2[H])C1(C(C->51=C->6([H])C->7([H])=C->8([H])C91[H])(C([H])([H])[H])C([H])([H])[H])[H]
LAXHAT,0,ok,0.0658,48,1,,[W+2]12(F)(<-N(=C(c3c1c(F)c(F)c(F)c3F)[H])C(C(N->2(C([H])([H])[H])C([H])([H])[H])([H])[H])([H])[H])(<-[C-]#[O+])<-C(#CC(C([H])([H])[H])([H])[H])C(C([H])([H])[H])([H])[H]
LAYCEV,0,ok,0.0594,65,1,,[Hg+2]1234(<-N(=NN1c1c([H])c([H])c([H])c([H])c1Cl)c1c([H])c([H])c([H])c([H])c1O->2C(C([H])([H])[H])([H])[H])N(N=N->3c1c([H])c([H])c([H])c([H])c1Cl)c1c([H])c([H])c([H])c([H])c1O->4C(C([H])([H])[H])([H])[H]
LAYXOY,0,ok,0.0407,36,1,,[Mo+2]1(<-N(=C(N(C=1c1c([H])c([H])c(C([H])([H])[H])c([H])c1[H])C([H])([H])[H])[H])C([H])([H])[H])(<-[C-]#[O+])(<-[C-]#[O+])(<-[C-]#[O+])<-[C-]#[O+]
LAZMEH,0,ok,0.4221,66,1,,[Ir+3]123456(<-n7c([H])c([H])c([H])c([H])c7N(C7=C([H])C([H])=C([H])C([H])(N17)OS(=O)(=O)O2)C([H])([H])c1c([H])c([H])c([H])c([H])c1[H])<-C1(C([H])([H])[H])=C->3(C([H])([H])[H])C4(C([H])([H])[H])C->5(C([H])([H])[H])=C->61C([H])([H])[H]
LEBYOH,0,ok,0.0531,71,1,,[Zr+4]123(Cl)(N([Si](C([H])([H])[H])(C([H])([H])[H])C([H])([H])[H])N->1(C([H])([H])[H])C([H])([H])[H])(N([Si](C([H])([H])[H])(C([H])([H])[H])C([H])([H])[H])N->2(C([H])([H])[H])C([H])([H])[H])N([Si](C([H])([H])[H])(C([H])([H])[H])C([H])([H])[H])N->3(C([H])([H])[H])C([H])([H])[H]
LECFAB,0,ok,0.0648,79,1,,[Ir+3]12([H])(<-P(C(c3c1c(C(P->2(C(C([H])([H])[H])(C([H])([H])[H])C([H])([H])[H])C(C([H])([H])[H])(C([H])([H])[H])C([H])([H])[H])([H])[H])c([H])c([H])c3[H])([H])[H])(C(C([H])([H])[H])(C([H])([H])[H])C([H])([H])[H])C(C([H])([H])[H])(C([H])([H])[H])C([H])([H])[H])(C([N+]([O-])=O)([H])[H])<-[C-]#[O+]
LECWUO,0,ok,0.0686,84,1,,[Zn+2](I)(I)<-O1C([H])([H])C([H])([H])C([H])([H])C1([H])[H].[Si]12(N([Si](C([H])([H])[H])(C([H])([H])[H])C([H])([H])[H])[Si](C([H])([H])[H])(C([H])([H])[H])C([H])([H])[H])N(C(C([H])([H])[H])(C([H])([H])[H])C([H])([H])[H])C1(c1c([H])c([H])c([H])c([H])c1[H])N2C(C([H])([H])[H])(C([H])([H])[H])C([H])([H])[H]
LEDTEU,0,ok,0.0816,78,1,,[Pd+4](Br)(<-P(c1c([H])c([H])c([H])c([H])c1[H])(c1c([H])c([H])c([H])c([H])c1[H])c1c([H])c([H])c([H])c([H])c1[H])(c1c(F)c(F)c(F)c(F)c1F)=C(C(=C(c1c([H])c([H])c([H])c([H])c1[H])[H])[H])N(C([H])([H])C([H])([H])[H])C([H])([H])C([H])([H])[H]
LEFNEQ,1,ok,0.1241,57,1,,[Ir+3]123456(<-N(C(C(C->17=C->2([H])C->3([H])=C->4([H])C57[H])([H])[H])([H])[H])(C([H])([H])[H])C([H])([H])[H])<-C1N(C(C([H])([H])[H])(C6([H])[H])[H])C(C([H])([H])[H])=C(C([H])([H])[H])N1C(C([H])([H])[H])(C([H])([H])[H])[H]
LEHGAI,0,ok,0.0304,30,1,,[Hg+2]12(I)(I)<-O(c3c([H])c([H])c([H])c4c([H])c([H])c([H])n->1c43)C([H])([H])C(=O->2)OC([H])([H])[H]
LEHWUQ,0,ok,0.1533,39,1,,S1c2c(C([O-])([H])[H])c([H])c([H])c(C([O-])([H])[H])c2S[Ti+4]123456789(<-C1([H])=C->2([H])[C+]->3([H])C->4([H])=C->51[H])<-C1([H])=C->6([H])C->7([H])=C->8([H])C19[H]
LEKHAL,0,ok,0.2416,62,1,,[Mo+2]123456(<-S(C(C(=O)OC([H])([H])[H])=C(C(=O)OC([H])([H])[H])S1)C(C(=O)OC([H])([H])[H])=C2C(=O)OC([H])([H])[H])(<-N#[O+])<-C1(C([H])([H])[H])=C->3(C([H])([H])[H])C4(C([H])([H])[H])C->5(C([H])([H])[H])=C->61C([H])([H])[H]
LEKSAX,0,ok,0.0291,27,1,,c12C([H])=N(c3c([H])c([H])c([H])c([H])c3[H])->[Hg+2](I)(I)<-n1c([H])c([H])c([H])c2[H]
LELFEP,0,ok,0.0819,65,1,,[Zn+2]12(Oc3c([H])c([H])c4c5c(c([H])c([H])c4[H])C([H])=C([H])C(=N->1C([H])(C([H])([H])[H])C([H])([H])[H])c53)Oc1c([H])c([H])c3c4c(c([H])c([H])c3[H])C([H])=C([H])C(=N->2C([H])(C([H])([H])[H])C([H])([H])[H])c41
LEMRAX,0,ok,0.1555,70,1,,[Ru+4]1(Cl)(Cl)(<-n2c([H])c([H])c([H])c3c([H])c([H])c([H])c(C=1[H])c23)<-C1N(c2c(C([H])([H])[H])c([H])c(C([H])([H])[H])c([H])c2C([H])([H])[H])C([H])([H])C([H])([H])N1c1c(C([H])([H])[H])c([H])c(C([H])([H])[H])c([H])c1C([H])([H])[H]
LEMVUW,0,ok,0.0800,56,1,,[Ru+2]123456(Cl)(<-[c-]7n(-c8c1c([H])c([H])c([H])c8[H])n[n+](C([H])([H])[H])c7-c1c([H])c([H])c([H])c([H])c1[H])<-c1(C([H])([H])[H])c->2([H])c->3([H])c->4(C(C([H])([H])[H])(C([H])([H])[H])[H])c->5([H])c->61[H]
LENTON,1,ok,0.0511,50,1,,[Ni+2]12(<-S(C(C(SC(c3n->1c1c([H])c([H])c([H])c([H])c1n3[H])([H])[H])([H])[H])([H])[H])C(c1n->2c2c(n1[H])c([H])c([H])c([H])c2[H])([H])[H])O[N+](=O)[O-].O([H])[H]
LEPGOE,1,ok,0.0626,55,1,,[Os+2]123456(Cl)(<-n7c(-c8oc9c(n->18)c([H])c([H])c([H])c9[H])c(=O)n([H])c1c7c([H])c([H])c([H])c1[H])<-c1(C([H])(C([H])([H])[H])C([H])([H])[H])c->2([H])c->3([H])c->4(C([H])([H])[H])c->5([H])c->61[H]
LEQQON,0,ok,0.2801,66,1,,[Ti+4]123456789%10(<-C%11(C([H])([H])[H])=C->1(C([H])([H])[H])C->2(C([H])([H])[H])=C->3(C([H])([H])[H])C4%11[Si](C([H])([H])[H])(C([H])([H])[H])C51C->6(C([H])([H])[H])=C->7(C([H])([H])[H])C->8(C([H])([H])[H])=C->91C([H])([H])[H])c1c([H])c([H])c([H])c([H])c1C([H])=C%10[H]
LERHAU,1,ok,0.1179,61,1,,[Pt+2]12(n3c([H])c([H])c([H])c4c3c3n->1c([H])c([H])c([H])c3c1nc(-c3c([H])c([H])c(OC([H])([H])[H])c([H])c3[H])nc41)<-N([H])([H])C1([H])C([H])([H])C([H])([H])C([H])([H])C([H])([H])C1(N->2([H])[H])[H]
LERZAJ,0,ok,0.0574,53,1,,[Nb+3]12(Cl)(Cl)(OC(=O)C(n3n->1c(C([H])([H])[H])c([H])c3C([H])([H])[H])(n1n->2c(C([H])([H])[H])c([H])c1C([H])([H])[H])[H])<-C(#Cc1c([H])c([H])c([H])c([H])c1[H])C([H])([H])[H]
LESZUF,1,ok,0.2700,60,1,,[Ru+6]123(<-S(=O)(c4c([H])c([H])c([H])c([H])c4C(O1)=O)C([H])([H])[H])(N1C([H])=C([H])C([H])=C([H])C1=C1N2C([H])=C([H])C([H])=C1[H])N1C([H])=C([H])C([H])=C([H])C1=C1N3C([H])=C([H])C([H])=C1[H]
LETRUY,0,ok,0.0325,25,1,,[Re+]123(<-S=c4n([B-]->1([H]->2)([H])[H]->3)c1c(s4)c([H])c([H])c([H])c1[H])(<-[C-]#[O+])(<-[C-]#[O+])<-[C-]#[O+]
LEVVAK,0,ok,0.0748,82,1,,[Zn+2]12(Cl)<-n3n([B-](n4n->1c(C(C([H])([H])[H])([H])C([H])([H])[H])c([H])c4C(C([H])([H])[H])([H])C([H])([H])[H])([H])n1n->2c(C(C([H])([H])[H])(C([H])([H])[H])[H])c([H])c1C(C([H])([H])[H])(C([H])([H])[H])[H])c(C(C([H])([H])[H])(C([H])([H])[H])[H])c([H])c3C(C([H])([H])[H])(C([H])([H])[H])[H]
LEWMEI,1,ok,0.1212,53,1,,[Co+3]1234(N5C(=C(N->1=Nc1n->2c([H])c([H])c([H])c1[H])C([H])([H])[H])C([H])=NC([H])=C5[H])<-N(=Nc1n->3c([H])c([H])c([H])c1[H])C(C([H])([H])[H])=C1N4C([H])=C([H])N=C1[H]
LEXFAX,0,ok,0.1654,72,1,,[Ru+4]1(Cl)(<-S(=O)(C([H])([H])[H])C([H])([H])[H])(<-S(=O)(C([H])([H])[H])C([H])([H])[H])(=S(=O)(C([H])([H])[H])C([H])([H])[H])Oc2c([H])c([H])c([H])c([H])c2C(=O->1)C([H])=C([H])c1c2c([H])c([H])c([H])c([H])c2c([H])c2c([H])c([H])c([H])c([H])c12
LEXKAA,0,ok,0.3275,51,1,,[Zr+4]123456789(Cl)(Cl)<-c%10%11c([H])c([H])c([H])c([H])c->1%10-c->21c([H])c([H])c([H])c([H])c->31C4%11C([H])([H])C([H])([H])C51c->62c([H])c([H])c([H])c([H])c->72-c->82c([H])c([H])c([H])c([H])c->921
LEXXUH,0,ok,0.0974,80,1,,[Au+](SC(=S)OC(C([H])([H])[H])([H])[H])(<-P(c1c([H])c([H])c([H])c([H])c1[H])(c1c([H])c([H])c([H])c([H])c1[H])c1c([H])c([H])c([H])c([H])c1[H])<-P(c1c([H])c([H])c([H])c([H])c1[H])(c1c([H])c([H])c([H])c([H])c1[H])c1c([H])c([H])c([H])c([H])c1[H]
LEYKOQ,0,ok,0.0582,52,1,,[V+5]12(Oc3c([H])c([H])c([H])c4c([H])c([H])c([H])nc43)(=O)<-N(=C([H])c3c(c([H])c([H])c([H])c3[H])O1)N=C(C([H])([H])C([H])([H])C([H])([H])C([H])([H])C([H])([H])[H])O2
LEYTOZ,0,ok,0.1093,59,1,,[Ni+2]1(OC(=O)C([H])([H])[H])(OC(=O)C([H])([H])[H])<-N(C(c2c([H])c([H])c([H])c([H])c2[H])([H])[H])(C(c2nc([H])c([H])c([H])c2[H])([H])[H])C(c2n->1c([H])c([H])c([H])c2[H])([H])[H].O([H])[H]
LEZTIT,0,ok,0.0694,59,1,,[Ru+4]12345([Si](C([H])([H])[H])(C([H])([H])[H])C([H])([H])[H])([Si](C([H])([H])[H])(C([H])([H])[H])C([H])([H])[H])(<-c6(C([H])([H])[H])c->1(C([H])([H])[H])c->2(C([H])([H])[H])c->3(C([H])([H])[H])c->4(C([H])([H])[H])c->56C([H])([H])[H])([H])[H]
LIBHAF,0,ok,0.0709,84,1,,[Re+7](=O)(OC(C([H])([H])[H])(C(F)(F)F)C(F)(F)F)(OC(C([H])([H])[H])(C(F)(F)F)C(F)(F)F)(OC(C([H])([H])[H])(C(F)(F)F)C(F)(F)F)=C(C(=C(c1c([H])c([H])c([H])c([H])c1[H])c1c([H])c([H])c([H])c([H])c1[H])[H])[H].O1C([H])([H])C([H])([H])C([H])([H])C1([H])[H]
LIBRUK,0,ok,0.0647,51,1,,[Ir+3]12([H])(Cl)(<-P(c3c(N->1=C(c1c2c([H])c([H])c([H])c1[H])[H])c([H])c([H])c([H])c3[H])(c1c([H])c([H])c([H])c([H])c1[H])c1c([H])c([H])c([H])c([H])c1[H])<-[C-]#[O+]
LICDAE,1,ok,0.0686,77,1,,[Ag+](<-n1c([H])n(C(C([H])(C(C([H])([H])[H])(C([H])([H])[H])C([H])([H])[H])O[H])=C([H])c2c(Cl)c([H])c(Cl)c([H])c2[H])c([H])n1)<-n1c([H])n(C(C([H])(C(C([H])([H])[H])(C([H])([H])[H])C([H])([H])[H])O[H])=C([H])c2c(Cl)c([H])c(Cl)c([H])c2[H])c([H])n1
LICWEA,0,ok,0.1525,75,1,,[Co+]123(<-O=C(c4c([H])c([H])c([H])c([H])c4[H])C([H])=C(O1)C(F)(F)F)(<-O=C(c1c([H])c([H])c([H])c([H])c1[H])C([H])=C(O2)C(F)(F)F)<-N1=C(c2n->3c([H])c([H])c([H])c2[H])[N+](=O)C(C([H])([H])[H])(C([H])([H])[H])C1(C([H])([H])[H])C([H])([H])[H]
LIDTAT,0,ok,0.0913,41,1,,[Mo+6]1234(Cl)(Cl)(<-P(OC([H])([H])[H])(OC([H])([H])[H])OC([H])([H])[H])(#CC5(C([H])([H])[H])C([H])([H])C5([H])[H])<-C5([H])=C->1([H])C2([H])C->3([H])=C->45[H]
LIFVOL,0,ok,0.0643,68,1,,[Ni+2]1(<-P(C([H])([H])[H])(C([H])([H])[H])C([H])([H])[H])(<-P(C([H])([H])[H])(C([H])([H])[H])C([H])([H])[H])(<-P(C([H])([H])[H])(C([H])([H])[H])C([H])([H])[H])Oc2c(c([H])c(C([H])([H])[H])c([H])c2C(C([H])([H])[H])(C([H])([H])[H])C([H])([H])[H])C1=O
LIGHUH,0,ok,0.1943,75,1,,[Cu+]123N4C5=Nc6c([H])c([H])c([H])c([H])c6C4=NC4=N->1C(=C([H])C1=N->2C(=Nc2n->3c5nc3c([H])c([H])c([H])c([H])c32)C(C([H])([H])[H])(C([H])([H])[H])C1(C([H])([H])[H])C([H])([H])[H])C(C([H])([H])[H])(C([H])([H])[H])C4(C([H])([H])[H])C([H])([H])[H]
LIGYIK,0,ok,0.0467,40,1,,[Pt+2]12(Cl)SC(=NN->1=C(c1n->2c([H])c([H])c([H])c1[H])C([H])([H])[H])N(C1([H])C([H])([H])C([H])([H])C([H])([H])C([H])([H])C1([H])[H])[H]
LIHMOE,0,ok,0.1058,43,1,,[Mo+2]123456(C7([H])C([H])([H])OC(n8c9c([H])c([H])c([H])c([H])c9c(C#N)c8[H])([H])C->1([H])=C->27[H])(<-C1([H])=C->3([H])C4([H])C->5([H])=C->61[H])(<-[C-]#[O+])<-[C-]#[O+]
LIJHIY,0,ok,0.2644,77,1,,[Ir+]123(<-C4([H])=C->1([H])C([H])([H])C([H])([H])C->2([H])=C->3([H])C([H])([H])C4([H])[H])<-N1=C(C(C([H])([H])[H])(C2=NC(C([H])([H])[H])(C([H])([H])[H])C([H])([H])O2)[c-]2c3c([H])c([H])c([H])c([H])c3c3c([H])c([H])c([H])c([H])c23)OC([H])([H])C1(C([H])([H])[H])C([H])([H])[H]
LIKPEB,0,ok,0.2052,54,1,,[Ta+3]123456(<-C7([H])=C->1(C->2([H])=C->3([H])C47[H])C(C([H])([H])[H])(C([H])([H])[H])c1c([H])c(C([H])([H])[H])c([H])c(C([H])([H])[H])c15)(<-C(=C->6(C([H])([H])[H])[H])([H])[H])C(C(C([H])([H])[H])([H])[H])([H])[H]
LILCIT,0,ok,0.3033,64,1,,[Zr+4]123456789%10(<-C%11([H])=C->1([H])C2([H])C->3([H])=C->4%11[H])(<-C1([H])=C->5([H])C->6([H])=C->7([H])C81[H])SC([H])(c1c([H])c([H])c([H])c([H])c1[H])C([H])=C9[P+](c1c([H])c([H])c([H])c([H])c1[H])(c1c([H])c([H])c([H])c([H])c1[H])C(=S)S%10
LILVOS,0,ok,0.0755,65,1,,[Ni+2]12(<-n3c(-c4c1c([H])c([H])c([H])c4[H])c([H])c([H])c([H])c3[H])<-n1c(-c3c(C(=C2c2c([H])c([H])c([H])c([H])c2[H])c2c([H])c([H])c([H])c([H])c2[H])c([H])c([H])c([H])c3[H])c([H])c([H])c([H])c1[H]
LIMYEN,0,ok,0.0429,55,1,,[W]12(<-S=C(C(=S->1)C([H])([H])[H])C([H])([H])[H])(<-S=C(C(=S->2)C([H])([H])[H])C([H])([H])[H])(<-[C-]#[N+]C(C([H])([H])[H])(C([H])([H])[H])C([H])([H])[H])<-[C-]#[N+]C(C([H])([H])[H])(C([H])([H])[H])C([H])([H])[H]
LINFIZ,0,ok,1.5716,67,1,,[Y+3]123456789%10%11%12<-N(C([H])([H])[H])(C1([H])[H])C([H])([H])C([H])([H])C->21=C->3([H])C->4(=C->52C([H])=C([H])C([H])=C([H])C621)[Si](C([H])([H])[H])(C([H])([H])[H])C->71=C->82C([H])=C([H])C([H])=C([H])C92C->%10(C([H])([H])C(N->%11(C([H])([H])[H])C([H])([H])[H])([H])[H])=C->%121[H]
LIPDEU,0,ok,0.0685,79,1,,[Pt+2]1(Cl)(P(P2P(C(C([H])([H])[H])(C([H])([H])[H])C([H])([H])[H])P(C(C([H])([H])[H])(C([H])([H])[H])C([H])([H])[H])P->12C(C([H])([H])[H])(C([H])([H])[H])C([H])([H])[H])C(C([H])([H])[H])(C([H])([H])[H])C([H])([H])[H])<-P(c1c([H])c([H])c([H])c([H])c1[H])(C([H])([H])[H])C([H])([H])[H]
LIRDAS,0,ok,0.0414,48,1,,[Zn+2]123(<-N(=C(C([H])([H])[H])C(C([H])([H])[H])=N->1N=C(N(C([H])([H])[H])[H])S2)N=C(N(N=C(c1c([H])c([H])c([H])c([H])c1O[H])C([H])([H])[H])[H])S3)<-O([H])[H]
LISKOQ,0,ok,0.0681,74,1,,[Au+](Cl)<-P(C([P+](c1c([H])c([H])c([H])c([H])c1[H])(c1c([H])c([H])c([H])c([H])c1[H])c1c([H])c([H])c([H])c([H])c1[H])=C=[N-])(C1([H])C([H])([H])C([H])([H])C([H])([H])C([H])([H])C1([H])[H])C1([H])C([H])([H])C([H])([H])C([H])([H])C([H])([H])C1([H])[H]
LISZAP,0,ok,0.0667,63,1,,[Zn+2]1(c2c([H])c([H])c([H])n2-c2c([H])c([H])c([H])c([H])c2[H])(c2c([H])c([H])c([H])n2-c2c([H])c([H])c([H])c([H])c2[H])<-N(C([H])([H])[H])(C([H])([H])[H])C([H])([H])C(N->1(C([H])([H])[H])C([H])([H])[H])([H])[H]
LITKAD,0,ok,0.0369,35,1,,[Hg+2]1(Cl)(Cl)<-n2c(C(=N->1c1c([H])c([H])c([N+](=O)[O-])c([H])c1[H])[H])c([H])c([H])c1c([H])c([H])c([H])c([H])c21
LITYAO,1,ok,0.0534,50,1,,[Co+3]123(<-O=C(C([H])([H])[H])C([H])=C(O1)C([H])([H])[H])(<-N([H])([H])C([H])([H])C(N->2([H])C([H])([H])C(N->3(C([H])([H])C(Cl)([H])[H])C([H])([H])C(Cl)([H])[H])([H])[H])([H])[H])<-N(=O)[O-]
LIVCAX,0,ok,0.0463,42,1,,[c-]1(->[Pd+2](I)(I)<-n2c([H])c([H])c([H])c([H])c2[H])c(-c2c([H])c([H])c([H])c([H])c2[H])n2c(c([H])c([H])c([H])c2[H])[n+]1C([H])([H])[H]
LIVVAQ,0,ok,0.1033,71,1,,[Pd+2]12(SC(=NN->1=C(c1c3c([H])c([H])c([H])c([H])c3c([H])c3c([H])c([H])c([H])c([H])c13)[H])N([H])C([H])([H])[H])SC(=N->2N=C([H])c1c2c([H])c([H])c([H])c([H])c2c([H])c2c([H])c([H])c([H])c([H])c12)N([H])C([H])([H])[H]
LIWVES,0,ok,0.2906,64,1,,[Nb+3]1234567(Cl)(Cl)(<-N(c8c([H])c([H])c(OC([H])([H])[H])c([H])c8[H])=C->1(C->2(=N->3c1c([H])c([H])c(OC([H])([H])[H])c([H])c1[H])[H])[H])<-C1(C([H])([H])[H])=C->4(C([H])([H])[H])C->5(C([H])([H])[H])=C->6(C([H])([H])[H])C71C([H])([H])[H]
LIXMEK,0,ok,0.0675,83,1,,[Hf+4]12(Cl)(Cl)(<-n3c([H])c([H])c([H])c([H])c3C(=C(C(C([H])([H])[H])(C([H])([H])[H])C([H])([H])[H])N1[Si](C([H])([H])[H])(C([H])([H])[H])C([H])([H])[H])[H])<-n1c([H])c([H])c([H])c([H])c1C(=C(C(C([H])([H])[H])(C([H])([H])[H])C([H])([H])[H])N2[Si](C([H])([H])[H])(C([H])([H])[H])C([H])([H])[H])[H]
LIXYAT,0,ok,0.0763,51,1,,c12c([H])c([H])c([H])c([H])c1C(C([H])([H])[H])=N1->[Co+3]34(<-O=C(C([H])([H])[H])O3)(<-N(=C(C([H])([H])[H])c3c([H])c([H])c([H])c([H])c3O4)C([H])([H])C([H])([H])C1([H])[H])O2
LIYYUQ,0,ok,0.0900,58,1,,[Pd+2]12(Br)<-S=C(Oc3c1c(c([H])c([H])c3[H])[P+](c1c([H])c([H])c([H])c([H])c1[H])(c1c([H])c([H])c([H])c([H])c1[H])C2([H])C(=O)OC([H])([H])C([H])([H])[H])N(C([H])([H])[H])C([H])([H])[H]
LIZPES,0,ok,0.0540,55,1,,[Zn+2](<-N#C[S-])(<-N#C[S-])(<-n1c([H])c(C#N)c([H])c([H])c1[H])(<-n1c([H])c(C#N)c([H])c([H])c1[H])(<-n1c([H])c(C#N)c([H])c([H])c1[H])<-n1c([H])c(C#N)c([H])c([H])c1[H]
LOCVIL,0,ok,0.0605,61,1,,[Zn+2]123(<-O([H])C([H])([H])[H])<-N(=C([H])c4c(c([H])c([H])c([H])c4[H])O1)c1c([H])c(C([H])([H])[H])c([H])c([H])c1-c1c([H])c([H])c(C([H])([H])[H])c([H])c1N->2=C([H])c1c([H])c([H])c([H])c([H])c1O3
LODHIV,0,ok,0.9523,70,1,,N12[Y+3]3456789%10(<-[Se]=P1(c1c([H])c([H])c([H])c([H])c1[H])c1c([H])c([H])c([H])c([H])c1[H])(<-[Se]=P2(c1c([H])c([H])c([H])c([H])c1[H])c1c([H])c([H])c([H])c([H])c1[H])(<-C1([H])=C->3([H])C4([H])C->5([H])=C->61[H])<-C1([H])=C->7([H])C->8([H])=C->9([H])C%101[H]
LOFDAO,0,ok,0.2522,39,1,,[Ni+2]1234(S(=O)(=O)C(C([H])([H])C([H])([H])[H])([H])[H])(<-C5N(C([H])([H])[H])C([H])=C([H])N5C([H])([H])[H])<-C5([H])=C->1([H])C2([H])C->3([H])=C->45[H]
LOFRIH,0,ok,0.0734,70,1,,[Ta+3]12(Cl)(<-n3n([B-](n4n->1c(C([H])([H])[H])c([H])c4C([H])([H])[H])(n1n->2c(C([H])([H])[H])c([H])c1C([H])([H])[H])[H])c(C([H])([H])[H])c([H])c3C([H])([H])[H])(C(C([H])([H])[H])([H])[H])<-C(C([H])([H])[H])#Cc1c([H])c([H])c([H])c([H])c1[H]
LOGTIN,1,ok,0.0519,58,1,,c12[Ir+3]3(<-N4=C(c1c(C([H])([H])[H])c([H])c(C([H])([H])[H])c2C1=N->3C(C([H])([H])[H])(C([H])([H])[H])C([H])([H])O1)OC([H])([H])C4(C([H])([H])[H])C([H])([H])[H])(<-O=C(C([H])([H])[H])O[H])([H])<-O([H])[H]
LOHNII,1,ok,0.0801,83,1,,[Co+3]123(<-N4(C([H])([H])C([H])([H])[H])C([H])([H])c5n->1c(c([H])c([H])c5[H])C([H])([H])N(C([H])([H])C([H])([H])[H])C([H])([H])c1n->2c(c([H])c([H])c1[H])C4([H])[H])Oc1c(c(C(C([H])([H])[H])(C([H])([H])[H])C([H])([H])[H])c([H])c(C(C([H])([H])[H])(C([H])([H])[H])C([H])([H])[H])c1[H])O3
LOKQAD,0,ok,0.0680,83,1,,[Fe+2]12(<-P(C(C([H])([H])[H])([H])[H])(C(C([H])([H])[H])([H])[H])C(C(P->1(C(C([H])([H])[H])([H])[H])C(C([H])([H])[H])([H])[H])([H])[H])([H])[H])(<-P(C(C([H])([H])[H])([H])[H])(C(C([H])([H])[H])([H])[H])C(C(P->2(C(C([H])([H])[H])([H])[H])C(C([H])([H])[H])([H])[H])([H])[H])([H])[H])(n1c([H])c([H])c([H])c1[H])[H]
LOMPAG,0,ok,0.0290,28,1,,c1([H])c([H])c([H])n(->[Hg+2](I)I)c([H])c1C(=O)N(c1c([H])c(Br)c([H])c([H])c1[H])[H]
LOMWUH,0,ok,0.1676,55,1,,[Ti+4]1234567(Cl)(Cl)<-C8(=C->1([H])c1c([H])c([H])c([H])c([H])c1C28[H])C(=C(C([H])([H])C([H])([H])C([H])([H])[H])C([H])([H])C([H])([H])C([H])([H])[H])C->31=C->4([H])C52C([H])=C([H])C([H])=C([H])C->62=C->71[H]
LONXOC,0,ok,0.0271,25,1,,[V+5]12(SC(=NN->1=C(c1n->2c([H])c([H])c([H])c1[H])C([H])([H])[H])N([H])[H])(=O)=O
LOPPEO,0,ok,0.0666,53,1,,I[Ru+2]123456(<-c7(C([H])([H])[H])c->1([H])c->2([H])c->3(C([H])(C([H])([H])[H])C([H])([H])[H])c->4([H])c->57[H])c1c([H])c([H])c([H])c([H])c1N1C->6N(C([H])(C([H])([H])[H])C([H])([H])[H])C([H])=C1[H]
LOQMUZ,0,ok,0.4262,56,1,,[Mo+4]12345678([Si]9([H])N(C(C([H])([H])[H])(C([H])([H])[H])C([H])([H])[H])C([H])=C([H])N9C(C([H])([H])[H])(C([H])([H])[H])C([H])([H])[H])(<-C9([H])=C->1([H])C->2([H])=C->3([H])C49[H])(C1([H])C->5([H])=C->6([H])C->7([H])=C->81[H])[H]
LORKOS,0,ok,0.0479,56,1,,[Mo+6]12(=O)(=O)<-N(=C([H])c3c(c([H])c([H])c([H])c3[H])O1)N=C(SC([H])([H])C([H])([H])C([H])([H])C([H])([H])C([H])([H])C([H])([H])C([H])([H])C([H])([H])C([H])([H])[H])N2[H].O([H])C([H])([H])[H]
LOTNIR,0,ok,0.0602,38,1,,[Pt+2]12(I)<-N(C(c3c([H])c([H])c([H])c(C(N->1(C([H])([H])[H])C([H])([H])[H])([H])[H])c32)([H])[H])(C([H])([H])[H])C([H])([H])[H].S(=O)=O
LOYSEZ,0,ok,0.0787,52,1,,[Pt+2]12(OC(C([H])([H])[H])=C(C([H])([H])[H])C(=O->1)C([H])([H])[H])<-C1N(c3c2c([H])c([H])c([H])c3[H])c2c(c([H])c([H])c([H])c2[H])N1c1c([H])c([H])c([H])c([H])c1[H]
LUBREF,0,ok,0.0323,32,1,,[Pd+2]12(Sc3c(N->1=C(c1n->2c([H])c([H])c([H])c1[H])C([H])([H])[H])c([H])c([H])c([H])c3[H])C([H])([H])[H]
LUCJEY,1,ok,0.1598,78,1,,[Ni+2]12(<-n3n([B-](n4n->1c(-c1c([H])c([H])c([H])c([H])c1[H])c([H])c4C([H])([H])[H])(n1n->2c(-c2c([H])c([H])c([H])c([H])c2[H])c([H])c1C([H])([H])[H])[H])c(C([H])([H])[H])c([H])c3-c1c([H])c([H])c([H])c([H])c1[H])(<-N#CC([H])([H])[H])<-N#CC([H])([H])[H]
LUFMAA,-1,ok,0.3003,43,1,,[Mo+4]123456(<-C7(C([H])([H])[H])=C->1(C([H])([H])[H])C->2(C([H])([H])[H])=C->3(C([H])([H])[H])C47C([H])([H])[H])([Se]C(=C(C#N)C#N)[Se][Se]5)[Se]C(=C(C#N)C#N)[Se]6
LUGYOB,0,ok,0.0549,66,1,,[Fe+2]123(<-N(=C([H])C(C(=O)OC([H])([H])C([H])([H])[H])=C(OC([H])([H])C([H])([H])[H])O1)c1c([H])c([H])c([H])c([H])c1N->2=C([H])C(C(=O)[O+]=C([H])C([H])([H])[H])=C(OC([H])([H])C([H])([H])[H])O3)N=O.O(C([H])([H])[H])[H]
LUKCUQ,0,ok,0.0473,41,1,,[Pd+2]12(Cl)<-n3c(-c4c1c([H])c([H])c([H])c4[H])c([H])c([H])c([H])c3-c1n->2c(-c2c([H])c([H])c([H])c([H])c2[H])c([H])c([H])c1[H]
LULPAJ,1,ok,0.0508,49,1,,[Re+]1(<-n2c(C(N(C([H])([H])c3n->1c([H])c([H])n3C([H])([H])[H])C([H])([H])C(=O)OC([H])([H])C([H])([H])[H])([H])[H])n(C([H])([H])[H])c([H])c2[H])(<-[C-]#[O+])(<-[C-]#[O+])<-[C-]#[O+]
LUNKIP,0,ok,0.0799,58,1,,[Rh+]12345(<-S=c6n([B-](n7nc(C([H])([H])[H])n(C([H])([H])C([H])([H])[H])c7=S->1)([H])[H]->2)nc(C([H])([H])[H])n6C([H])([H])C([H])([H])[H])<-C1([H])=C->3([H])C([H])([H])C([H])([H])C->4([H])=C->5([H])C([H])([H])C1([H])[H]
LUNWOH,0,ok,0.0470,43,1,,[Mo+6]12(=O)(=O)<-N(=C([H])c3c(c([H])c([H])c([H])c3[H])O1)N=C(c1nn(-c3nc([H])c([H])c([H])c3[H])c(C([H])([H])[H])c1[H])O2.O([H])[H]
LUQWAV,0,ok,0.0660,63,1,,[Cd+2](<-N#C[S-])(<-O([H])[H])(<-n1c([H])c([H])c(-c2oc(-c3c([H])c([H])nc([H])c3[H])nn2)c([H])c1[H])(<-N#C[S-])(<-O([H])[H])<-n1c([H])c([H])c(-c2oc(-c3c([H])c([H])nc([H])c3[H])nn2)c([H])c1[H]
LUSGUD,0,ok,0.0984,58,1,,[Pt+2]12(<-C3N(C([H])([H])[H])C([H])=NN3c3c1c([H])c1oc4c(c1c3[H])c([H])c([H])c([H])c4[H])OC(c1c([H])c([H])c([H])c([H])c1[H])=C(C(c1c([H])c([H])c([H])c([H])c1[H])=O->2)[H]
LUSVOM,0,ok,0.0790,47,1,,[Cr+6]12(OC(=O)c3c([H])c([H])c([H])c([H])c3[H])(N(C(C([H])([H])[H])(C([H])([H])[H])[H])C(C([H])([H])[H])(C([H])([H])[H])[H])(<-C3([H])=C->1([H])C2([H])C([H])=C3[H])#N
LUTQEY,0,ok,0.0988,69,1,,C12(C([H])([H])[H])[Rh+3]3456(<-C1(C([H])([H])[H])=C->3(C([H])([H])[H])C->4(C([H])([H])[H])=C->52C([H])([H])[H])(c1c([H])c(C(OC([H])([H])[H])=O)c([H])c([H])c1C([H])=N->6c1c([H])c([H])c(C(C([H])([H])[H])(C([H])([H])[H])C([H])([H])[H])c([H])c1[H])Cl
LUVVOP,0,ok,0.1746,69,1,,c12c([H])c([H])c([H])c3c1[Cu+3]14<-N5=C(C([H])=C([H])C5=C(c5c([H])c([H])c([H])c([H])c5[H])c5c([H])c([H])c([H])c-3c51)C(c1c(F)c(F)c(F)c(F)c1F)=c1c([H])c([H])c(n14)=C2c1c([H])c([H])c([H])c([H])c1[H]
LUWVEF,0,ok,0.0623,55,1,,[Ru+2]123(Cl)(<-n4c([H])c([H])c([H])c([H])c4[B-](C([H])([H]->1)[H])(C([H])([H])[H])c1n->2c([H])c([H])c([H])c1[H])<-c1([H])c(C([H])([H])[H])c([H])c([H])c(C([H])(C([H])([H])[H])C([H])([H])[H])c->31[H]
LUXVEG,0,ok,0.0807,82,1,,[Ni]([Si]1(S[H])N(c2c(C([H])(C([H])([H])[H])C([H])([H])[H])c([H])c([H])c([H])c2C([H])(C([H])([H])[H])C([H])([H])[H])C(C([H])([H])[H])=C([H])C(C([H])([H])[H])=[N+]1c1c(C([H])(C([H])([H])[H])C([H])([H])[H])c([H])c([H])c([H])c1C([H])(C([H])([H])[H])C([H])([H])[H])(<-[C-]#[O+])(<-[C-]#[O+])<-[C-]#[O+]
LUYYOT,0,ok,0.0627,69,1,,[Ti+4]12(C([H])([H])c3c([H])c([H])c([H])c([H])c3[H])N(C(C([H])([H])[H])(C([H])([H])[H])C([H])([H])[H])[B-]1(c1c([H])c([H])c([H])c([H])c1[H])N2C(C([H])([H])[H])(C([H])([H])[H])C([H])([H])[H].[C+]([H])([H])c1c([H])c([H])c([H])c([H])c1[H]
LUZYAI,0,ok,0.0704,73,1,,[Au+3](Cl)=C(N([H])c1c(C([H])(C([H])([H])[H])C([H])([H])[H])c([H])c([H])c([H])c1C([H])(C([H])([H])[H])C([H])([H])[H])N(C([H])([H])P(=O)(OC([H])([H])C([H])([H])[H])OC([H])([H])C([H])([H])[H])C1([H])C([H])([H])C([H])([H])C([H])([H])C([H])([H])C1([H])[H]
MABLUX,0,ok,0.0587,64,1,,[Nb+3]12(Br)(<-n3n([B-](n4n->1c(C([H])([H])[H])c([H])c4C([H])([H])[H])(n1n->2c(C([H])([H])[H])c([H])c1C([H])([H])[H])[H])c(C([H])([H])[H])c([H])c3C([H])([H])[H])(C1([H])C([H])([H])C1([H])[H])<-C(C([H])([H])[H])#CC([H])([H])[H]
MACXEW,0,ok,0.1394,81,1,,[Re+5]12(<-P(C(c3c1c(C(P->2(C([H])(C([H])([H])[H])C([H])([H])[H])C([H])(C([H])([H])[H])C([H])([H])[H])([H])[H])c([H])c([H])c3[H])([H])[H])(C([H])(C([H])([H])[H])C([H])([H])[H])C([H])(C([H])([H])[H])C([H])([H])[H])(<-n1c([H])c([H])c(N(C([H])([H])[H])C([H])([H])[H])c([H])c1[H])([H])([H])([H])[H]
MADROZ,1,ok,0.0846,57,1,,[C-](#[O+])->[W+2]12(<-[C-]#[O+])(<-[C-]#[O+])(<-N#CC([H])([H])[H])<-n3c(C([H])([H])[H])c([H])c(C([H])([H])[H])n3[B-](n3c(C([H])([H])[H])c([H])c(C([H])([H])[H])n->13)(n1c(C([H])([H])[H])c([H])c(C([H])([H])[H])n->21)[H]
MADXAS,0,ok,0.0770,77,1,,[Rh+3]12([H])(<-P(c3c([H])c([H])c([H])c([H])c3[H])(C([H])([H])[H])C([H])([H])[H])(<-n3n([B-](n4n->1c(C([H])([H])[H])c([H])c4C([H])([H])[H])(n1n->2c(C([H])([H])[H])c([H])c1C([H])([H])[H])[H])c(C([H])([H])[H])c([H])c3C([H])([H])[H])c1c(F)c(F)c([H])c(F)c1F
MAHFAD,1,ok,0.0484,41,1,,[Co+3]12(<-N(=O)N=C(N([H])[H])N1[H])(N([H])C(=NN->2=O)N([H])[H])(<-n1c([H])c([H])c([H])c([H])c1[H])<-n1c([H])c([H])c([H])c([H])c1[H]
MAHVOJ,0,ok,0.0359,31,1,,[Cd+2]12(Cl)(Cl)<-n3c([H])c([H])c([H])c([H])c3C([H])=N->1c1c([H])c([H])c([H])c([H])c1S->2C([H])([H])[H]
MAJBAC,1,ok,0.0898,69,1,,[Pt+2]123(Cl)(<-C4N(c5c(C([H])([H])[H])c([H])c(C([H])([H])[H])c([H])c5C([H])([H])[H])C([H])=C([H])N4c4c(C([H])([H])[H])c([H])c(C([H])([H])[H])c([H])c4C([H])([H])[H])<-C4([H])=C->1([H])C([H])([H])C([H])([H])C->2([H])=C->3([H])C([H])([H])C4([H])[H]
MAJZUU,0,ok,0.0467,40,1,,I[Cd+2]12(I)<-n3c(C([H])=N->1N(C(c1c([H])c(C([H])([H])[H])n(-c4c([H])c([H])c([H])c([H])n4)n1)=O->2)[H])c([H])c([H])c([H])c3[H]
MAKMUG,0,ok,0.1111,84,1,,[W+2]1(<-[C-]#[O+])(<-[C-]#[O+])(I)(I)(<-P(C(C(P->1(c1c([H])c([H])c([H])c([H])c1[H])c1c([H])c([H])c([H])c([H])c1[H])([H])[H])([H])[H])(c1c([H])c([H])c([H])c([H])c1[H])c1c([H])c([H])c([H])c([H])c1[H])<-P(OC([H])([H])C([H])([H])[H])(OC([H])([H])C([H])([H])[H])OC([H])([H])C([H])([H])[H]
MALWAA,0,ok,0.0381,33,1,,C1([H])(C(O[Pt+2]2(c3c(-c4c([H])c([H])c([H])c([H])n->24)c([H])c([H])c([H])c3[H])<-N1([H])[H])=O)C([H])([H])[H]
MALYON,0,ok,1.2942,70,1,,N([La+3]12345678(<-C9([H])=C->1([H])C2([H])C->3([H])=C->49[H])<-C1([H])=C->5([H])C->6([H])=C->7([H])C81[H])(P(=[Se])(c1c([H])c([H])c([H])c([H])c1[H])c1c([H])c([H])c([H])c([H])c1[H])P(=[Se])(c1c([H])c([H])c([H])c([H])c1[H])c1c([H])c([H])c([H])c([H])c1[H]
MAMSIC,0,ok,0.0406,34,1,,[Fe]123(<-N(N(C([H])([H])[H])C([H])([H])[H])=C->1([H])C->2([H])=C->3([H])c1c([H])c([H])c([H])c([H])c1[H])(<-[C-]#[O+])(<-[C-]#[O+])<-[C-]#[O+]
MANJUH,1,ok,0.1386,76,1,,[Pt+2]1234(<-C5([H])=C->1([H])C([H])([H])C([H])([H])C->2([H])=C->3([H])C([H])([H])C5([H])[H])C([H])([H])[P+](N=P(N([H])C([H])([H])[H])(c1c([H])c([H])c([H])c([H])c1[H])c1c([H])c([H])c([H])c([H])c1[H])(c1c([H])c([H])c([H])c([H])c1[H])c1c4c([H])c([H])c([H])c1[H]
MAQJAR,0,ok,0.0397,46,1,,C1([H])([H])=C2([H])C(=C(S([Ir+]<-1<-2345(<-C1([H])=C->3([H])C([H])([H])C([H])([H])C->4([H])=C->5([H])C([H])([H])C1([H])[H])<-P(C([H])([H])[H])(C([H])([H])[H])C([H])([H])[H])(=O)=O)[H])[H]
MAQQIF,-1,ok,0.0448,46,1,,[Pd+4]1(SP(OC([H])([H])[H])(OC([H])([H])[H])=S)=C(C(=O)OC([H])([H])[H])C(C(OC([H])([H])[H])=O)=C(C(OC([H])([H])[H])=O)C=1C(=O)OC([H])([H])[H]
MARHEV,0,ok,0.0474,33,1,,c1([H])c([H])c([H])c([H])c2C([H])([H])C([H])([H])N(=C([H])c3c([H])c([H])c(Br)s3)->[Pd+2](C([H])([H])[H])(<-n12)Cl
MARZUD,0,ok,0.0451,50,1,,[Pd+2](Br)(Br)(<-n1c([H])c([H])c([H])c([H])c1[H])<-C1N(C([H])([H])C(=O)OC([H])([H])C([H])([H])[H])c2c([H])c([H])c([H])c([H])c2N1C([H])([H])C([H])([H])C([H])([H])[H]
MASVAD,0,ok,0.1305,53,1,,[Ni+2]12(OC(C([H])([H])[H])=C([H])C(=O->1)C([H])([H])[H])(<-n1c([H])c([H])c(C#N)c([H])c1[H])(<-O=C(C([H])([H])[H])C([H])=C(O2)C([H])([H])[H])<-n1c([H])c([H])c(C#N)c([H])c1[H]
MATFUJ,0,ok,0.0773,50,1,,[Ni+2]123(<-N(=C([H])c4c(c([H])c([H])c([H])c4[H])O1)C([H])([H])C([H])([H])S(=O)(=O)O2)<-n1c([H])c([H])c([H])c2c([H])c([H])c4c([H])c([H])c([H])n->3c4c12.O([H])[H]
MAVGEV,0,ok,0.8679,36,1,,[W+4]123456789%10(<-C%11(=C->1([H])C2([H])C->3([H])=C->4%11[H])C(C([H])([H])[H])(C([H])([H])[H])C->51=C->6([H])C7([H])C->8([H])=C->91[H])Sc1sc(=S)sc1S%10
MAWRIM,0,ok,0.0521,60,1,,[Pd+2]12(<-S(C(c3n->1c([H])c([H])c([H])c3[H])([H])[H])C(C([H])([H])[H])(C([H])([H])[H])C([H])([H])[H])C(C(=O)OC([H])([H])[H])=C(C(=O)OC([H])([H])[H])C(C(=O)OC([H])([H])[H])=C2C(=O)OC([H])([H])[H]
MAXTIO,0,ok,0.2983,35,1,,[Fe+2]1234(<-[C-]#[O+])(<-[C-]#[O+])(C5=C(c6c([H])c([H])c([H])c([H])c6[H])S(=O)(=O)OC5([H])[H])C5([H])C->1([H])=C->2([H])C->3([H])=C->45[H]
MAYBOG,0,ok,0.0864,49,1,,[Mn+7]123(=O)(<-N(=C([H])c4c(c([H])c([H])c([H])c4[H])O1)C1([H])C([H])(N->2=C([H])c2c([H])c([H])c([H])c([H])c2O3)C([H])([H])C([H])([H])C([H])([H])C1([H])[H])=NN=[N-]
MAZFIE,1,ok,0.1300,74,1,,[Ru+2]123(<-O=C(c4n1c(C([H])([H])[H])c(C(C([H])([H])[H])([H])[H])c4C([H])([H])[H])c1c([H])c([H])c([H])c([H])c1[H])(<-n1c([H])c([H])c([H])c([H])c1-c1n->2c([H])c([H])c([H])c1[H])<-n1c([H])c([H])c([H])c([H])c1-c1n->3c([H])c([H])c([H])c1[H]
MAZZES,0,ok,0.1077,85,1,,[W+2]123([Se]C(C([H])([H])[H])(C([H])([H])[H])C([H])([H])[H])(C4(C([H])([H])[H])C->1(C([H])([H])[H])=C->2(C([H])([H])[H])C->3(C([H])([H])[H])=C4C([H])([H])[H])(<-[C-]#[N+]C(C([H])([H])[H])(C([H])([H])[H])C([H])([H])[H])(<-[C-]#[N+]C(C([H])([H])[H])(C([H])([H])[H])C([H])([H])[H])<-[C-]#[N+]C(C([H])([H])[H])(C([H])([H])[H])C([H])([H])[H]
MEBSUI,0,ok,0.1879,49,1,,[W+2]1234(<-P(C([H])([H])[H])(C([H])([H])[H])C([H])([H])[H])(<-[C-]#[O+])(B(N(C([H])([H])[H])C([H])([H])[H])B(Cl)N(C([H])([H])[H])C([H])([H])[H])(<-[C-]#[O+])<-C5([H])=C->1([H])C->2([H])=C->3([H])C45[H]
MECDON,1,ok,0.1285,69,1,,[Pd+2]12(<-P(c3c(-c4c(OC([H])([H])[H])c([H])c([H])c5c([H])c([H])c([H])c([H])c45)c4c([H])c([H])c([H])c([H])c4c([H])c3[H])(c3c([H])c([H])c([H])c([H])c3[H])c3c([H])c([H])c([H])c([H])c3[H])C(C->1(=C->2([H])[H])[H])([H])[H]
MEDHAF,0,ok,0.0629,79,1,,[Mo+6](N([Si](C([H])([H])[H])(C([H])([H])[H])C([H])([H])[H])c1c(SC(C([H])([H])[H])(C([H])([H])[H])C([H])([H])[H])c([H])c([H])c([H])c1[H])(N([Si](C([H])([H])[H])(C([H])([H])[H])C([H])([H])[H])c1c(SC(C([H])([H])[H])(C([H])([H])[H])C([H])([H])[H])c([H])c([H])c([H])c1[H])(=O)=O
MEFYOO,0,ok,0.0470,58,1,,C1([H])([H])C2(->[Ir+]34(<-C=2([H])C([H])([H])C([H])([H])C->3([H])=C->4([H])C1([H])[H])(<-[c-]1c(C(C([H])([H])[H])(C([H])([H])[H])OC([H])([H])[H])[n+](C([H])([H])[H])nn1C([H])([H])C([H])([H])C([H])([H])C([H])([H])[H])Cl)[H]
MEGMIW,1,ok,0.0657,62,1,,[Ir+3]123(<-n4c(-c5c1c([H])c(F)c([H])c5F)c([H])c([H])c([H])c4[H])(<-n1c([H])c([H])c([H])c([H])c1-c1c2c([H])c(F)c([H])c1F)<-n1c(N2C->3N(C([H])([H])[H])C([H])=C2[H])c([H])c([H])c([H])c1[H]
MEHNAO,0,ok,0.0292,41,1,,[Ni+2]12(<-N(C(C(C(N([H])[H])([H])[H])([H])[H])([H])[H])(C(C(N->1(C(C(C(N->2([H])[H])([H])[H])([H])[H])([H])[H])[H])([H])[H])([H])[H])[H])(<-N([O-])=O)<-N([O-])=O
MEJKUK,0,ok,0.0384,33,1,,[Hg+2]1(Cl)(Cl)<-n2c(-c3n->1c1c(n3[H])c([H])c([H])c([H])c1[H])c([H])c([H])c1c2c([H])c([H])c([H])c1[H]
MEJXIK,1,ok,0.0900,71,1,,[Rh+]12(<-P(c3c(C->1#Cc1c([H])c([H])c([H])c([H])c1P->2(c1c([H])c([H])c([H])c([H])c1[H])c1c([H])c([H])c([H])c([H])c1[H])c([H])c([H])c([H])c3[H])(c1c([H])c([H])c([H])c([H])c1[H])c1c([H])c([H])c([H])c([H])c1[H])<-[C-]#[O+]
MEKFIS,0,ok,0.3203,83,1,,[Cd+2]1234(<-n5c([H])c([H])c(C([H])([H])[H])c([H])c5N=C5N1C(=Nc1n->2c([H])c([H])c(C([H])([H])[H])c1[H])c1c5c([H])c([H])c([H])c1[H])<-n1c([H])c([H])c(C([H])([H])[H])c([H])c1N=C1N3C(=Nc2n->4c([H])c([H])c(C([H])([H])[H])c2[H])c2c1c([H])c([H])c([H])c2[H]
MELLUN,0,ok,0.0692,72,1,,[Pt+2](<-P(C([H])([H])C([H])([H])[H])(C([H])([H])C([H])([H])[H])C([H])([H])C([H])([H])[H])(<-P(C([H])([H])C([H])([H])[H])(C([H])([H])C([H])([H])[H])C([H])([H])C([H])([H])[H])C1([H])c2n(c(C([H])([H])[H])c([H])c2C([H])([H])[H])[B-](F)(F)n2c(Cl)c([H])c([H])c21
MENHOF,0,ok,0.0491,47,1,,C1(=O)C2(->[Fe]34(<-C=25C([H])([H])C([H])([H])C([H])(O[H])C->35=C->41c1c([H])c([H])c([H])c([H])c1[H])(<-[C-]#[O+])(<-[C-]#[O+])<-[C-]#[O+])[Si](C([H])([H])[H])(C([H])([H])[H])C([H])([H])[H]
MEQQOP,0,ok,0.0844,74,1,,[Zn+2]1234<-n5c(c([H])c(SC([H])([H])c6c([H])c([H])c([H])c([H])c6[H])c([H])c5C(=O)N1c1c([H])c([H])c([H])c([H])c1C1=N->2C([H])(C([H])([H])[H])C([H])([H])O1)C(=O)N3c1c([H])c([H])c([H])c([H])c1C1=N->4C([H])(C([H])([H])[H])C([H])([H])O1
MERQAB,1,ok,0.0450,43,1,,[Os+4]12(Cl)(Cl)(N=S(=O)(C([H])([H])[H])C([H])([H])[H])<-n3c([H])c([H])c([H])c([H])c3-c3n->1c(-c1n->2c([H])c([H])c([H])c1[H])c([H])c([H])c3[H]
METBET,0,ok,0.1061,46,1,,[Ir+]123(<-C4N(C([H])([H])[H])C([H])=C([H])N4C([H])([H])[H])<-C4([H])=C->1([H])C([H])([H])C([H])([H])C->2([H])=C->3([H])C([H])([H])C4([H])[H].c1([H])c([H])c([H])[c-]([H])c1[H]
MEVFAU,0,ok,0.4256,67,1,,[Nb+5]123456789(<-C%10(C([H])([H])[H])=C->1(C([H])([H])[H])C->2(C([H])([H])[H])=C->3(C([H])([H])[H])C4%10C([H])([H])[H])(C1(C([H])([H])[H])C->5(C([H])([H])[H])=C->6(C([H])([H])[H])C->7(C([H])([H])[H])=C->81C([H])([H])[H])([H])OC(=O)N9c1c([H])c([H])c([H])c([H])c1[H]
MEWBIZ,0,ok,0.0807,64,1,,[Mo+2]12(<-n3n([B-](n4n->1c([H])c([H])c4[H])(n1n->2c([H])c([H])c1[H])[H])c([H])c([H])c3[H])(C1([H])C2([H])N(C(=O)OC([H])([H])[H])C([H])(C(OC([H])([H])[H])=C1[H])C([H])([H])C2(C([H])([H])[H])C(=O)[H])(<-[C-]#[O+])<-[C-]#[O+]
MEWSAL,0,ok,0.0650,67,1,,n1(C([H])([H])C([H])([H])S(=O)(=O)C([H])([H])C([H])([H])[H])c(C([H])([H])[H])n(->[Zn+2]23(<-n4c(C([H])([H])[H])n(C([H])([H])C([H])([H])S(=O)(=O)C([H])([H])C([H])([H])[H])c([N+]([O-])=O)c4[H])(O[N+](=O)O2)O[N+](=O)O3)c([H])c1[N+](=O)[O-]
MEXWOB,0,ok,0.0605,79,1,,[Rh+3]1(Cl)(<-P(C(C([H])([H])[H])(C([H])([H])[H])C([H])([H])[H])(C(C([H])([H])[H])(C([H])([H])[H])C([H])([H])[H])C(P(C(C([H])([H])[H])(C([H])([H])[H])C([H])([H])[H])C(C([H])([H])[H])(C([H])([H])[H])C([H])([H])[H])([H])[H])c2c([H])c([H])c([H])c([H])c2-c2c([H])c([H])c([H])c([H])c21
MEZSIT,-1,ok,0.0334,34,1,,[W+6]1(=S)(=S)(=S)SC(C(P->1(c1c([H])c([H])c([H])c([H])c1[H])c1c([H])c([H])c([H])c([H])c1[H])([H])[H])([H])[H]
MGXPCO,0,ok,0.0537,54,1,,Cl[Co+3]12(<-N(=C3C4=[C-]C43N->1=[O+][H])[O-])(<-N(=C1C3=[C-]C31N->2=[O+][H])[O-])<-P(c1c([H])c([H])c([H])c([H])c1[H])(c1c([H])c([H])c([H])c([H])c1[H])c1c([H])c([H])c([H])c([H])c1[H]
MIBROE,1,ok,0.3392,61,1,,[Ir+5]12345(Cl)(<-C6(C([H])([H])[H])=C->1(C([H])([H])[H])C->2(C([H])([H])[H])=C->3(C([H])([H])[H])C46C([H])([H])[H])N(c1c([H])c([H])c([H])c([H])c1C([H])([H])[H])C([H])=C([H])N5c1c([H])c([H])c([H])c([H])c1C([H])([H])[H]
MICSAS,0,ok,0.2430,57,1,,[Re+]1234(<-C5(c6c(F)c(F)c(F)c(F)c6F)=C->1(c1c(F)c(F)c(F)c(F)c1F)C->2(c1c(F)c(F)c(F)c(F)c1F)=C->3(c1c(F)c(F)c(F)c(F)c1F)C45[H])(<-[C-]#[O+])(<-[C-]#[O+])<-[C-]#[O+]
MIDKUH,0,ok,0.2082,36,1,,[Mo+4]123456789(<-C%10([H])=C->1([H])C->2([H])=C->3([H])C4%10[H])(<-C1([H])=C->5([H])C6([H])C->7([H])=C->81[H])Sc1c(sc(=S)n1C([H])([H])C([H])([H])[H])S9
MIFFOX,0,ok,0.1103,85,1,,[Cu+]1(<-n2c3c(c([H])c(Cl)c2[H])O[P-]24(O3)(Oc3c(c(Cl)c(Cl)c(Cl)c3Cl)O2)Oc2c(c(Cl)c(Cl)c(Cl)c2Cl)O4)<-N(c2c([H])c([H])c([H])c([H])c2-c2c([H])c([H])c([H])c([H])c2N->1=C(c1c(Cl)c([H])c([H])c([H])c1Cl)[H])=C(c1c(Cl)c([H])c([H])c([H])c1Cl)[H]
MIGCEL,1,ok,0.0194,19,1,,c1(C([H])([H])[H])nn([Zn+2](<-O([H])[H])(<-O([H])[H])<-O([H])[H])nn1
MIGWII,0,ok,0.0685,61,1,,[W](<-P(c1c([H])c([H])c([H])c([H])c1[H])(C([P+](c1c([H])c([H])c([H])c([H])c1[H])(c1c([H])c([H])c([H])c([H])c1[H])c1c([H])c([H])c([H])c([H])c1[H])=C=[N-])[H])(<-[C-]#[O+])(<-[C-]#[O+])(<-[C-]#[O+])(<-[C-]#[O+])<-[C-]#[O+]
MIJPEA,1,ok,0.1633,73,1,,[Co+3]12(<-S=C(S1)N(C([H])([H])[H])C([H])([H])[H])(SC(=S->2)N(C([H])([H])[H])C([H])([H])[H])(<-P(c1c([H])c([H])c([H])c([H])c1[H])(c1c([H])c([H])c([H])c([H])c1[H])[H])<-P(c1c([H])c([H])c([H])c([H])c1[H])(c1c([H])c([H])c([H])c([H])c1[H])[H]
MIKJOG,0,ok,0.1019,39,1,,[Zn+2]12(<-O([H])[H])(<-n3c([H])c([H])c([H])c([H])c3-c3oc(=S)[n-]n->13)(<-O([H])[H])<-n1c([H])c([H])c([H])c([H])c1-c1oc(=S)[n-]n->21
MIKZUE,0,ok,0.0238,21,1,,[Hg+2]12(Cl)(<-n3c(C(O1)=O)c([H])c([H])c([H])c3C(=O->2)O[H])<-O([H])[H]
MILNOK,0,ok,0.2178,37,1,,[Mn+]12345(<-[C-]#[O+])(<-[C-]#[O+])(<-C6(C([H])([H])[H])=C->1(C([H])([H])[H])C->2(C([H])([H])[H])=C->3(C([H])([H])[H])C46C([H])([H])[H])<-C(=C->5=C(F)F)([H])[H]
MIMHEW,0,ok,0.0860,61,1,,[Ru+2]12345(Cl)(<-P(c6c([H])c([H])c([H])c([H])c6[H])(c6c([H])c([H])c([H])c([H])c6[H])c6c([H])c([H])c([H])c([H])c6[H])([H])<-c6(C([H])([H])[H])c->1([H])c->2([H])c->3(C([H])(C([H])([H])[H])C([H])([H])[H])c->4([H])c->56[H]
MIMXOV,1,ok,0.0497,41,1,,[Rh+3](<-O=S(C([H])([H])[H])C([H])([H])[H])(=S(=O)(C([H])([H])[H])C([H])([H])[H])(<-S(=O)(C([H])([H])[H])C([H])([H])[H])<-O=S(C([H])([H])[H])C([H])([H])[H]
MINXAI,0,ok,0.0969,62,1,,[Mo+4]12(<-N(C([H])([H])[H])(C([H])([H])c3n1c([H])c([H])c3[H])C([H])([H])c1n2c([H])c([H])c1[H])(N(C([H])([H])[H])C([H])([H])[H])C(=C(N(C([H])([H])[H])C([H])([H])[H])C(C([H])([H])[H])([H])[H])C([H])([H])C([H])([H])[H]
MIPQUX,1,ok,0.2127,54,1,,[Mo+4]1234(=PN(C([H])(C([H])([H])[H])C([H])([H])[H])C([H])(C([H])([H])[H])C([H])([H])[H])(<-[C-]#[O+])(<-[C-]#[O+])(<-[C-]#[O+])<-C5(C([H])([H])[H])=C->1(C([H])([H])[H])C2(C([H])([H])[H])C->3(C([H])([H])[H])=C->45C([H])([H])[H]
MIQWEP,0,ok,0.0403,40,1,,[Zn+2]12(<-N(=C([H])c3c(c([H])c([H])c([H])c3[H])O1)C([H])([H])S(=O)(=O)O2)(<-n1c([H])n([H])c([H])c1[H])<-n1c([H])c([H])n([H])c1[H]
MIRLAA,0,ok,0.0239,23,1,,[Hg+2]1(<-S=C(S1)OC([H])([H])c1c([H])c([H])c([H])c([H])c1[H])C([H])([H])[H]
MIRXOA,0,ok,0.0371,49,1,,[Nb+3]123(Cl)(Cl)(Cl)(<-N(=C->1([H])C->2(=N->3C(C([H])([H])[H])(C([H])([H])[H])C([H])([H])[H])[H])C(C([H])([H])[H])(C([H])([H])[H])C([H])([H])[H])<-O1C([H])([H])C([H])([H])C([H])([H])C1([H])[H]
MITCIB,0,ok,0.1074,77,1,,[La+3]1234(<-O=P(OC([H])([H])C([H])([H])[H])(OC([H])([H])C([H])([H])[H])C([H])([H])C(N(C([H])([H])[H])C([H])([H])[H])=O)(<-O=P(OC([H])([H])C([H])([H])[H])(OC([H])([H])C([H])([H])[H])C([H])([H])C(N(C([H])([H])[H])C([H])([H])[H])=O->1)(O[N+](=O)O2)(O[N+](=O)O3)O[N+](=O)O4
MITMIN,0,ok,0.0810,60,1,,[Pd+2]1(Br)(Br)<-S(C(C(C(N2C->1N(C([H])(c1c([H])c([H])c([H])c([H])c1[H])c1c([H])c([H])c([H])c([H])c1[H])c1c([H])c([H])c([H])c([H])c12)([H])[H])([H])[H])([H])[H])C([H])(C([H])([H])[H])C([H])([H])[H]
MITYUL,1,ok,0.0971,57,1,,[Rh+3]12345(<-[Se](c6c([H])c([H])c([H])c([H])c6[H])C([H])([H])C(S->1c1c([H])c([H])c([H])c([H])c1[H])([H])[H])(Cl)<-C1(C([H])([H])[H])=C->2(C([H])([H])[H])C3(C([H])([H])[H])C->4(C([H])([H])[H])=C->51C([H])([H])[H]
MIVSIV,0,ok,0.0345,37,1,,[Pt+2]12(OC(C([H])([H])[H])=C(C(=N->1[H])C([H])([H])[H])[H])<-C1N(c3c2c([H])c(Cl)c([H])c3[H])C([H])=C([H])N1C([H])([H])[H]
MIWCIE,0,ok,0.3138,49,1,,[Re+3]1234(=C(C#Cc5c([H])c([H])c(C([H])([H])[H])c([H])c5[H])c5c([H])c([H])c(S(=O)(=O)C(F)(F)F)c([H])c5[H])(C5([H])C->1([H])=C->2([H])C->3([H])=C->45[H])(<-[C-]#[O+])<-[C-]#[O+]
MIXJOT,1,ok,0.1587,69,1,,[Ru+2]123(n4nc(-c5nc([H])c([H])c([H])c5[H])c([N+]([O-])=O)c4-c4n->1c([H])c([H])c([H])c4[H])(<-n1c([H])c([H])c([H])c([H])c1-c1n->2c([H])c([H])c([H])c1[H])<-n1c([H])c([H])c([H])c([H])c1-c1n->3c([H])c([H])c([H])c1[H]
MIYCEF,0,ok,0.0912,79,1,,[Pd+2]12(<-P(c3c([H])c([H])c([H])c([H])c3[H])(c3c([H])c([H])c([H])c([H])c3[H])c3c([H])c([H])c([H])c([H])c3[H])<-O=C([H])c3c(N1c1c(c(C([H])([H])[H])c([H])c([H])c1[H])C1([H])C2([H])C2([H])C([H])([H])C1([H])C([H])([H])C2([H])[H])c([H])c([H])c([H])c3[H]
MIYSET,0,ok,0.0591,59,1,,[Hg+2]123(<-n4c([H])c([H])c([H])c(-c5nc(SC([H])([H])C(Sc6nc(-c7c([H])c([H])c([H])n->1c7[H])c([H])c([H])n6)([H])[H])nc([H])c5[H])c4[H])(OC(=O->2)C([H])([H])[H])OC(=O->3)C([H])([H])[H]
MIZVID,0,ok,0.1075,54,1,,[Ru+2]123456(Cl)(<-C7N(c8c1c([H])c(OC([H])([H])[H])c([H])c8[H])C([H])=C1N7C([H])=C([H])C([H])=C1[H])<-c1(C([H])([H])[H])c->2([H])c->3([H])c->4(C(C([H])([H])[H])(C([H])([H])[H])[H])c->5([H])c->61[H]
MOBSIH,0,ok,0.0515,42,1,,[Pd+4]1(Cl)(Cl)N2C(=C3N1C([H])=C([H])C([H])=C3[H])N(C([H])([H])[H])c1c3c(c4c(c([H])c([H])c([H])c4[H])c12)c([H])c([H])c([H])c3[H]
MOCQIE,0,ok,0.0514,47,1,,[Tc+5]123(<-N(O[H])=C(C(N1C([H])([H])C(C#N)([H])C([H])([H])N2C(C(=N->3[O-])C([H])([H])[H])(C([H])([H])[H])C([H])([H])[H])(C([H])([H])[H])C([H])([H])[H])C([H])([H])[H])=O
MODVIK,0,ok,0.0675,47,1,,c1([H])c([H])c([H])c([H])c2N(c3c([H])c([H])c([H])c([H])n3)P(c3c([H])c([H])c([H])c([H])c3[H])(c3c([H])c([H])c([H])c([H])c3[H])=[Pd+4](<-n12)(Cl)Cl
MOFYAH,0,ok,0.0400,45,1,,[Ni+2](On1c(=S)sc([H])c1C([H])([H])[H])(<-O=S(C([H])([H])[H])C([H])([H])[H])(On1c(=S)sc([H])c1C([H])([H])[H])<-O=S(C([H])([H])[H])C([H])([H])[H]
MOHNIA,0,ok,0.1245,44,1,,[Ni+2]123<-N([O-])=C(C(N->1=C(C([N+](=O)[O-])=C(N2C(C(=N->3O[H])C([H])([H])[H])(C([H])([H])[H])C([H])([H])[H])[H])[H])(C([H])([H])[H])C([H])([H])[H])C([H])([H])[H]
MOJRUY,0,ok,0.0378,54,1,,[Pt+2]1(<-S=C(C(Cl)=C(C=1[H])[H])[H])(<-P(C(C([H])([H])[H])([H])[H])(C(C([H])([H])[H])([H])[H])C(C([H])([H])[H])([H])[H])<-P(C(C([H])([H])[H])([H])[H])(C(C([H])([H])[H])([H])[H])C(C([H])([H])[H])([H])[H]
MOKROT,0,ok,0.0439,39,1,,[Mn+]12345(Br)(<-c67c->1(c->21c->3(c->42c->56C([H])([H])C([H])([H])C2([H])[H])C([H])([H])C([H])([H])C1([H])[H])C([H])([H])C([H])([H])C7([H])[H])(<-[C-]#[O+])<-[C-]#[O+]
MOMRIP,0,ok,0.0683,53,1,,[Ni+2]12(Cl)(Cl)(<-n3c([H])c([H])c([H])c([H])c3C3=N->1C(C([H])([H])[H])(C([H])([H])[H])C([H])([H])O3)<-n1c([H])c([H])c([H])c([H])c1C1=N->2C(C([H])([H])[H])(C([H])([H])[H])C([H])([H])O1
MONNIN,0,ok,0.0927,59,1,,[Ni+2]12(<-n3c([H])c([H])n(C([H])([H])[H])c3C(=O)N1c1c([H])c([H])c([H])c([H])c1O2)<-n1c([H])c([H])c([H])c([H])c1[H].n1c([H])c([H])c([H])c([H])c1[H].n1c([H])c([H])c([H])c([H])c1[H]
MOPKOT,0,ok,0.0426,45,1,,[Ni+2]1(O[H])(O[H])<-n2c([H])c([H])c([H])c([H])c2-c2n->1c([H])c([H])c([H])c2[H].[H]OC(=O)c1c([H])c(C(O[H])=O)c([H])nc1[H].O([H])[H]
MOPVOE,0,ok,0.4120,59,1,,Cl[Zr+4]123456789%10%11(<-C%12(C([H])([H])[H])=C->1(C([H])([H])[H])C2(C([H])([H])[H])C->31=C->4%12C->5(C([H])([H])[H])=C->6(C([H])([H])[H])C17C([H])([H])[H])<-C1(C([H])([H])[H])=C->8(C([H])([H])[H])C->9(C([H])([H])[H])=C->%10(C([H])([H])[H])C1%11C([H])([H])[H]
MOQKUY,0,ok,0.0941,64,1,,[Re+]12(<-n3c([H])n(C([H])([H])[H])c([H])c3[H])(<-n3n([B-](n4n->1c([H])c([H])c4[H])(n1n->2c([H])c([H])c1[H])[H])c([H])c([H])c3[H])(<-C1#CC2([H])C3([H])C([H])(C1([H])C([H])=C2[H])C(=O)N(C([H])([H])[H])C3=O)<-[C-]#[O+]
MORJOU,0,ok,0.0782,74,1,,[H]N(C(c1c(N2C(C([H])([H])[H])=C(C([H])([H])[H])N(c3c(C([H])(C([H])([H])[H])C([H])([H])[H])c([H])c([H])c([H])c3C([H])(C([H])([H])[H])C([H])([H])[H])[Pd+4]2(C([H])([H])[H])Cl)c(C([H])(C([H])([H])[H])C([H])([H])[H])c([H])c([H])c1[H])=O)C([H])([H])[H]
MOSNIT,1,ok,0.0844,64,1,,[Ru+2]12(<-P34C([H])([H])N5C([H])([H])N(C3([H])[H])C([H])([H])N(C4([H])[H])C5([H])[H])(<-n3c([H])c([H])c([H])c([H])c3-c3n->1c([H])c([H])c([H])c3[H])(<-n1c([H])c([H])c([H])c([H])c1-c1n->2c([H])c([H])c([H])c1[H])[H]
MOTVUN,0,ok,0.0421,53,1,,Br[Ni+2]1(Br)<-N(C(C(=N->1c1c(C([H])(C([H])([H])[H])C([H])([H])[H])c([H])c([H])c([H])c1C([H])(C([H])([H])[H])C([H])([H])[H])[H])(C([H])([H])[H])C([H])([H])[H])(C([H])([H])[H])C([H])([H])[H]
MOVMOB,-1,ok,0.0655,71,1,,[Mo+2]1(Br)(<-O=C2C(C(C([H])([H])[H])(C([H])([H])[H])C([H])([H])[H])=C=C=C(C(C([H])([H])[H])(C([H])([H])[H])C([H])([H])[H])C2=O)(<-O=C2C(C(C([H])([H])[H])(C([H])([H])[H])C([H])([H])[H])=C=C=C(C(C([H])([H])[H])(C([H])([H])[H])C([H])([H])[H])C2=O->1)=O
MOWGOU,0,ok,0.0646,61,1,,[Zr+4]12345678(Cl)(Cl)(n9c->1(-c1c([H])c([H])c([H])c([H])c1[H])c->2([H])c->3([H])c->49-c1c([H])c([H])c([H])c([H])c1[H])n1c->5(-c2c([H])c([H])c([H])c([H])c2[H])c->6([H])c->7([H])c->81-c1c([H])c([H])c([H])c([H])c1[H]
MOWSOG,0,ok,1.1546,78,1,,[Zr+4]123456789(Cl)(Cl)<-C%10(=C->1([H])C2([Si](C([H])([H])[H])(C([H])([H])[H])C([H])([H])[H])C->3([H])=C->4%10[H])[Si](C(C([H])([H])[H])(C([H])([H])[H])[H])(C(C([H])([H])[H])(C([H])([H])[H])[H])C->51=C->6([H])C7([Si](C([H])([H])[H])(C([H])([H])[H])C([H])([H])[H])C->8([Si](C([H])([H])[H])(C([H])([H])[H])C([H])([H])[H])=C->91[H]
MOXGUD,0,ok,0.0536,54,1,,[V+5]12(<-N(=C([H])c3c(c(OC([H])([H])[H])c([H])c([H])c3[H])O1)N=C(c1c([H])c(C([H])([H])[H])c([H])c([H])c1[H])O2)(Oc1c([H])c([H])c([H])c2c([H])c([H])c([H])nc12)=O
MOYPIZ,0,ok,0.2061,58,1,,[Zr]123456789%10(<-C%11N(C(N%12C->1N([B-]([H]->2)([H])[H])C(C([H])([H])[H])=C%12C([H])([H])[H])([H])[H])C(C([H])([H])[H])=C(C([H])([H])[H])N%11[B-]([H])([H])[H])(<-C1([H])=C->3([H])C->4([H])=C->5([H])[C+]->61[H])<-[C+]1([H])C->7([H])=C->8([H])C->9([H])=C->%101[H]
MOZGUE,0,ok,0.0669,41,1,,[Cd+2]1234(<-O([H])[H])(<-n5c([H])c([H])c([H])c([H])c5-c5n->1c(-c1n->2c([H])c([H])c([H])c1[H])c([H])c(Cl)c5[H])(O[N+](=O)O3)O[N+](=O)O4
MTPOFE,0,ok,0.0240,24,1,,[Fe]123(<-[C-]#[O+])(<-[C-]#[O+])(<-[C-]#[O+])<-C4([H])=C->1(C([H])([H])[H])C->2(C([H])([H])[H])=C->3([H])S4(=O)=O
MUCCOC,1,ok,0.0932,55,1,,[Ru+4]123(Oc4c([H])c([H])c(Cl)c([H])c4C(=O->1)[H])(<-n1c([H])c([H])c([H])c([H])c1-c1n->2c([H])c([H])c([H])c1[H])N1C([H])=C([H])C([H])=C([H])C1=C1N3C([H])=C([H])C([H])=C1[H]
MUCXOZ,0,ok,0.0523,54,1,,[Ti+4]1234(OC([H])(C([H])([H])[H])C([H])([H])[H])(Oc5nc(C([H])([H])[H])c([H])c([H])c5[H])(Oc->15n->2c(C([H])([H])[H])c([H])c([H])c5[H])Oc->31n->4c(C([H])([H])[H])c([H])c([H])c1[H]
MUFBOF,0,ok,0.0510,49,1,,[Ir+3]123(Cl)(<-C4([H])=C->1([H])C([H])([H])C([H])([H])C->2([H])=C->3([H])C([H])([H])C4([H])[H])=C(N1C([H])([H])C([H])([H])C([H])([H])C1([H])[H])N1C([H])([H])C([H])([H])C([H])([H])C1([H])[H]
MUHBOI,1,ok,0.0701,71,1,,[Fe+2]12([H])(<-P(C([H])([H])c3n->1c(C(=N->2c1c(C([H])([H])[H])c([H])c(C([H])([H])[H])c([H])c1C([H])([H])[H])C([H])([H])[H])c([H])c([H])c3[H])(C(C([H])([H])[H])(C([H])([H])[H])C([H])([H])[H])C(C([H])([H])[H])(C([H])([H])[H])C([H])([H])[H])(<-[C-]#[O+])<-[C-]#[O+]
MUHRUD,0,ok,0.0805,55,1,,[Hg+2]1(Sc2oc(-c3c([H])c([H])nc([H])c3[H])nn2)(Sc2oc(-c3c([H])c([H])nc([H])c3[H])nn2)<-n2c3c4n->1c([H])c([H])c([H])c4c([H])c([H])c3c([H])c([H])c2[H]
MUJMUZ,0,ok,0.0548,59,1,,[Hg+2]123(<-S=C(S1)N(C([H])([H])C([H])([H])[H])C([H])([H])C([H])([H])[H])(<-S=C(S2)N(C([H])([H])C([H])([H])[H])C([H])([H])C([H])([H])[H])<-n1c([H])c([H])c([H])c2c1c1n->3c([H])c([H])c([H])c1c([H])c2[H]
MULRER,0,ok,0.0375,41,1,,[Zn+2]12(<-N(=C(c3c(O1)c(Cl)c([H])c(Cl)c3[H])[H])C([H])([H])C([H])([H])C([N+]([H])([H])C([H])([H])[H])([H])[H])(<-N#C[S-])<-O=C(O2)C([H])([H])[H]
MUMGOQ,1,ok,0.0318,38,1,,[Re+]1(<-N([H])([H])C(C(N([H])C(C(n2n->1c(C([H])([H])[H])c([H])c2C([H])([H])[H])([H])[H])([H])[H])([H])[H])([H])[H])(<-[C-]#[O+])(<-[C-]#[O+])<-[C-]#[O+]
MUPDIK,0,ok,0.0616,58,1,,[Ru+2]123456(Cl)(<-N7=C(c8c1c([H])c([H])c([H])c8[H])c1c([H])c(Cl)c([H])c([H])c1N(C([H])([H])[H])C(=O)C7([H])[H])<-c1(C([H])(C([H])([H])[H])C([H])([H])[H])c->2([H])c->3([H])c->4(C([H])([H])[H])c->5([H])c->61[H]
MUQYON,0,ok,0.1621,61,1,,[Ru+4]12(=P(OC([H])([H])[H])(OC([H])([H])[H])OC([H])([H])[H])(<-P(OC([H])([H])[H])(OC([H])([H])[H])OC([H])([H])[H])(<-O=C(C([H])=C(O1)C([H])([H])[H])C([H])([H])[H])<-O=C(C([H])([H])[H])C([H])=C(O2)C([H])([H])[H]
MURJUF,0,ok,0.0743,59,1,,[Au+](C([P+](c1c([H])c([H])c([H])c([H])c1[H])(c1c([H])c([H])c([H])c([H])c1[H])c1c([H])c([H])c([H])c([H])c1[H])([H])c1c([H])c([H])c([H])c([H])c1[H])c1c(F)c(F)c(F)c(F)c1F
MUSQIA,0,ok,0.0505,48,1,,[Ag+]123(<-O(C(C(C(Oc4c([H])c([H])c([H])c5c([H])c([H])c([H])n->1c45)([H])[H])([H])[H])([H])[H])c1c([H])c([H])c([H])c4c([H])c([H])c([H])n->2c14)O[N+](=O)O3
MUTTEC,1,ok,0.0671,75,1,,[Ni+2]12(<-P(c3c(C4=C([H])N([H])C([H])=C(c5c(P->1(C([H])(C([H])([H])[H])C([H])([H])[H])C([H])(C([H])([H])[H])C([H])([H])[H])c([H])c([H])c([H])c5[H])C24[H])c([H])c([H])c([H])c3[H])(C([H])(C([H])([H])[H])C([H])([H])[H])C([H])(C([H])([H])[H])C([H])([H])[H])<-[C-]#[O+]
MUVNUO,0,ok,0.0771,60,1,,[W+2](<-[As](c1c([H])c([H])c([H])c([H])c1[H])(c1c([H])c([H])c([H])c([H])c1[H])c1c([H])c([H])c([H])c([H])c1[H])(<-[C-]#[O+])(<-[C-]#[O+])(<-[C-]#[O+])(<-[C-]#[O+])=C(OC([H])([H])C([H])([H])[H])c1oc([H])c([H])c1[H]
MUXVAD,0,ok,0.1020,85,1,,C([H])([H])([H])[Zn+2]12<-N([Si](C([H])([H])[H])(C([H])([H])[H])C([H])([H])[H])=P(C([H])([B-]([H]->1)([H])[H])P(c1c([H])c([H])c([H])c([H])c1[H])(c1c([H])c([H])c([H])c([H])c1[H])=N->2[Si](C([H])([H])[H])(C([H])([H])[H])C([H])([H])[H])(c1c([H])c([H])c([H])c([H])c1[H])c1c([H])c([H])c([H])c([H])c1[H]
MYNBCO,0,ok,0.0431,45,1,,[Co+3]123(C([H])([H])[H])(C([H])([H])[H])<-N(C(C([H])([H])[H])=C(C([H])([H])[H])N1C(C(C([H])([H])N->2=C(C(C([H])([H])[H])=N->3O[H])C([H])([H])[H])([H])[H])([H])[H])=O
NABMAF,0,ok,0.0423,36,1,,Ic1c2O[Zn+2]34(<-O(O3)c3c(I)c([H])c(Cl)c5c3n->4c([H])c([H])c5[H])<-n3c2c(c(Cl)c1[H])c([H])c([H])c3[H]
NACJUX,0,ok,0.1160,82,1,,c12([H])->[Ru+2]34567(<-c1([H])c->3([H])c->4([H])c->5([H])c->62[H])(C([H])([H])P(c1c([H])c([H])c([H])c([H])c1[H])(c1c([H])c([H])c([H])c([H])c1[H])=NP(OC([H])([H])C([H])([H])[H])(OC([H])([H])C([H])([H])[H])=S->7)P(c1c([H])c([H])c([H])c([H])c1[H])(c1c([H])c([H])c([H])c([H])c1[H])=O
NADFED,0,ok,0.0790,80,1,,[Pd]1<-P(c2c([H])c([H])c([H])c([H])c2N(C(C(C(N(c2c(P->1(c1c([H])c([H])c([H])c([H])c1[H])c1c([H])c([H])c([H])c([H])c1[H])c([H])c([H])c([H])c2[H])[H])([H])[H])([H])[H])([H])[H])[H])(c1c([H])c([H])c([H])c([H])c1[H])c1c([H])c([H])c([H])c([H])c1[H]
NAFHEK,0,ok,0.1170,59,1,,c12c3c(c([H])c([H])c1[H])C(=O)c1c([H])c([H])c([H])c([H])c1C3=N1->[Pt+2]3(<-N(=C4c5c(c([H])c([H])c([H])c5C(=O)c5c([H])c([H])c([H])c([H])c54)O3)c3c1c([H])c([H])c([H])c3[H])O2
NAGDOO,0,ok,0.2414,77,1,,[Ru+2](<-P(c1c([H])c([H])c([H])c([H])c1[H])(c1c([H])c([H])c([H])c([H])c1[H])c1c([H])c([H])c([H])c([H])c1[H])(<-P(c1c([H])c([H])c([H])c([H])c1[H])(c1c([H])c([H])c([H])c([H])c1[H])c1c([H])c([H])c([H])c([H])c1[H])(<-N#C[O-])(<-[C-]#[O+])(<-[C-]#[O+])[H]
NAGXIF,0,ok,0.2282,66,1,,[Re+5]123(<-N4=C5C([H])=C([H])C4=C(c4c([H])c([H])c([H])c([H])c4[H])c4n1c(c([H])c4[H])-c1n2c(c([H])c1[H])C(c1c([H])c([H])c([H])c([H])c1[H])=c1n3c(c([H])c1[H])=C5c1c([H])c([H])c([H])c([H])c1[H])=O
NAHNER,0,ok,0.0743,57,1,,[Ru+4]123(Oc4c5n->1c([H])c([H])c([H])c5c([H])c([H])c4[H])(Oc1c4n->2c([H])c([H])c([H])c4c([H])c([H])c1[H])<-N([H])=C(OC([H])([H])[H])C1=C([O-])OC(C([H])([H])[H])(C([H])([H])[H])N31
NAKBIL,0,ok,0.0608,72,1,,[Mo+6]12(=O)(=O)<-N(C([H])([H])[H])(C([H])([H])c3c(c(C(C([H])([H])[H])(C([H])([H])[H])C([H])([H])[H])c([H])c(C([H])([H])[H])c3[H])O1)C([H])([H])c1c([H])c(C([H])([H])[H])c([H])c(C(C([H])([H])[H])(C([H])([H])[H])C([H])([H])[H])c1O2.O([H])C([H])([H])[H]
NAKVIG,1,ok,0.0461,39,1,,c1([H])c([H])c([H])c2c3c4c(c([H])c2[H])c([H])c([H])c2-n5c([H])nc([H])n5->[Cd+2]5(<-n13)(<-n42)(<-O([H])[H])(<-O([H])[H])O[N+](=O)O5
NALSAU,0,ok,0.0768,66,1,,[Pt+2]1(<-P(C(C([H])([H])[H])([H])[H])(C(C([H])([H])[H])([H])[H])C(C([H])([H])[H])([H])[H])(<-P(C(C([H])([H])[H])([H])[H])(C(C([H])([H])[H])([H])[H])C(C([H])([H])[H])([H])[H])Sc2c([H])c([H])c([H])c([H])c2-c2c([H])c([H])c([H])c([H])c21
NANFIT,0,ok,0.1131,63,1,,[Pd+2]12(<-N3=C(c4c(N1c1c(C([H])(C([H])([H])[H])C([H])([H])[H])c([H])c([H])c([H])c1C([H])(C([H])([H])[H])C([H])([H])[H])c([H])c([H])c([H])c4[H])OC([H])([H])C3(C([H])([H])[H])C([H])([H])[H])<-O=C(O2)C([H])([H])[H]
NANSUT,0,ok,0.0699,55,1,,[Pt+2]1([H])(SC([H])([H])C(N->1([H])[H])([H])C(=O)OC([H])([H])C([H])([H])[H])<-P(c1c([H])c([H])c([H])c([H])c1[H])(c1c([H])c([H])c([H])c([H])c1[H])c1c([H])c([H])c([H])c([H])c1[H]
NAPYUZ,1,ok,0.0917,60,1,,[Ru+2]123(<-n4c5c(n(C([H])([H])[H])c4-c4n->1c([H])c([H])c([H])c4[H])c([H])c([H])c([H])c5[H])(<-n1c([H])c([H])c([H])c([H])c1-c1n->2c(-c2n->3c([H])c([H])c([H])c2[H])c([H])c([H])c1[H])<-N([O-])=O
NAQYAH,0,ok,0.0577,71,1,,c12N(c3c(C([H])(C([H])([H])[H])C([H])([H])[H])c([H])c([H])c([H])c3C([H])(C([H])([H])[H])C([H])([H])[H])[Ti+4](<-n1c(N1C([H])([H])C([H])([H])OC([H])([H])C1([H])[H])c([H])c([H])c2[H])(N(C([H])([H])C([H])([H])[H])C([H])([H])C([H])([H])[H])(Cl)Cl
NASHEV,0,ok,0.3522,79,1,,[Ru+2]12345(<-P(c6c([H])c([H])c([H])c([H])c6[H])(c6c([H])c([H])c([H])c([H])c6[H])C([H])([H])C(P->1(c1c([H])c([H])c([H])c([H])c1[H])c1c([H])c([H])c([H])c([H])c1[H])([H])[H])(<-C1(C([H])([H])[H])=C->2(C([H])([H])[H])C3(C([H])([H])[H])C->4(C([H])([H])[H])=C->51C([H])([H])[H])[H]
NASQAB,0,ok,0.0617,61,1,,[Co+3]1234(<-N(=C([H])c5c(c(C([H])([H])[H])c([H])c(C([H])([H])[H])c5[H])O1)C1([H])C([H])(N->2=C([H])c2c(c(C([H])([H])[H])c([H])c(C([H])([H])[H])c2[H])O3)C([H])([H])C([H])([H])C([H])([H])C1([H])[H])O[N+](=O)O4
NAVCUI,0,ok,0.4825,75,1,,[Ti+4]123456789(<-C%10(C([H])([H])[H])=C->1(C([H])([H])[H])C2(C([H])([H])[H])C->3(C([H])([H])[H])=C->4%10C([H])([H])[H])(<-C1(C([H])([H])[H])=C->5(C([H])([H])[H])C->6(C([H])([H])[H])=C->7(C([H])([H])[H])C81C([H])([H])[H])SC(=NC1([H])C([H])([H])C([H])([H])C([H])([H])C([H])([H])C1([H])[H])C9=C([H])[H]
NAWLOP,0,ok,0.0319,31,1,,[Zn+2]12(Cl)(Cl)<-n3c([H])c([H])c([H])c([H])c3N([H])N->1=C(c1n->2c([H])c([H])c([H])c1[H])C([H])([H])[H]
NAXNOR,1,ok,0.0562,48,1,,[Ni+2]123(OC(=NN->1=C(c1n->2c([H])c([H])c([H])c1[H])C([H])([H])[H])C([H])([H])[H])<-n1c([H])c([H])c([H])c([H])c1C(=N->3N([H])C(=O)C([H])([H])[H])C([H])([H])[H]
NAYRUA,0,ok,0.0888,81,1,,[Cr+2]1(<-O=C2N(C([H])([H])[H])C(C([H])([H])[H])([H])C(c3c([H])c([H])c([H])c([H])c3[H])([H])N2C=1C1([H])C(C([H])([H])[H])([H])C([H])([H])C(O[Si](C([H])([H])[H])(C([H])([H])[H])C(C([H])([H])[H])(C([H])([H])[H])C([H])([H])[H])=C([H])C1(OC([H])([H])[H])[H])(<-[C-]#[O+])(<-[C-]#[O+])(<-[C-]#[O+])<-[C-]#[O+]
NAZKUU,0,ok,0.1021,30,1,,[Re+]123456(<-N(C([H])([H])C([H])([H])C->17=C->2([H])C->3([H])=C->4([H])C57[H])(C([H])([H])[H])C([H])([H])[H])(<-O=C->6=O)<-[C-]#[O+]
NEBCOM,0,ok,0.0604,76,1,,[Nb+5]12(=NC(C([H])([H])[H])(C([H])([H])[H])C([H])([H])[H])(<-n3c([H])c([H])c([H])c([H])c3C(C([H])([H])[H])(C([H])([H])N1[Si](C([H])([H])[H])(C([H])([H])[H])C([H])([H])[H])C([H])([H])N2[Si](C([H])([H])[H])(C([H])([H])[H])C([H])([H])[H])(<-n1c([H])c([H])c([H])c([H])c1[H])Cl
NEBSIY,1,ok,0.0808,57,1,,[Cd+2]123(<-O(C(C(n4n->1c(C([H])([H])[H])c([H])c4C([H])([H])[H])([H])[H])([H])[H])C([H])([H])C(O->2C([H])([H])C(n1n->3c(C([H])([H])[H])c([H])c1C([H])([H])[H])([H])[H])([H])[H])(O[Cl+3]([O-])([O-])[O-])<-O([H])[H]
NECLUD,0,ok,0.2414,44,1,,[Mo+2]12345(<-P(C(C(C->16=C->2([H])C3([H])C->4([H])=C->56[H])([H])[H])([H])[H])(c1c([H])c([H])c([H])c([H])c1[H])c1c([H])c([H])c([H])c([H])c1[H])(<-[C-]#[O+])(<-[C-]#[O+])[H]
NECYOJ,0,ok,0.0545,79,1,,[Mo+2]1234(<-N(C([H])([H])C([H])([H])N1[Si](C([H])([H])[H])(C([H])([H])[H])C([H])([H])[H])(C([H])([H])C([H])([H])N2[Si](C([H])([H])[H])(C([H])([H])[H])C([H])([H])[H])C([H])([H])C([H])([H])N3[Si](C([H])([H])[H])(C([H])([H])[H])C([H])([H])[H])<-[C+]1([H]->4)C([H])([H])C([H])([H])C([H])([H])C([H])([H])C1([H])[H]
NEDKUC,0,ok,0.0649,60,1,,[Au+](<-P(c1c([H])c([H])c([H])c([H])c1[H])(c1c([H])c([H])c([H])c([H])c1[H])c1c([H])c([H])c([H])c([H])c1[H])N(c1c([H])c([H])c([H])c2c1C(=O)c1c([H])c([H])c([H])c([H])c1C2=O)[H]
NEFHAI,0,ok,0.0809,72,1,,[Ni+2]123<-N(=C(c4c([H])c([H])c([H])c([H])c4[H])c4c(c([H])c([H])c([H])c4[H])N1C(=O)C1([H])N->2(C(c2c([H])c([H])c([H])c([H])c2[H])([H])[H])C([H])([H])C([H])([H])C1([H])[H])C1(C(=O)O3)C(C(=O)OC(C([H])([H])[H])([H])[H])([H])C1([H])[H]
NEFQUM,0,ok,0.0749,58,1,,P1(N(c2n3->[Ru+4]=1(Cl)(<-N1=C(c3c([H])c([H])c2[H])OC([H])([H])C1(C([H])([H])[H])C([H])([H])[H])(<-[C-]#[O+])[H])[H])(C(C([H])([H])[H])(C([H])([H])[H])C([H])([H])[H])C(C([H])([H])[H])(C([H])([H])[H])C([H])([H])[H]
NEHDUC,0,ok,0.0735,79,1,,[Mo+4](OC(C(F)(F)F)(C([H])([H])[H])C(F)(F)F)(OC(C(F)(F)F)(C([H])([H])[H])C(F)(F)F)(<-O(C([H])([H])C(OC([H])([H])[H])([H])[H])C([H])([H])[H])(OC(C([H])([H])[H])(C(F)(F)F)C(F)(F)F)Cc1c([H])c([H])c(N(C([H])([H])[H])C([H])([H])[H])c([H])c1[H]
NEJDUE,0,ok,0.0903,74,1,,[Ni+2]123<-N(=C(c4c([H])c([H])c([H])c([H])c4[H])c4c(c([H])c([H])c([H])c4[H])N1C(=O)C1([H])N->2(C([H])([H])c2c([H])c([H])c([H])c([H])c2[H])C([H])([H])C([H])([H])C1([H])[H])C(C([H])([H])C([H])(C([H])([H])[H])C([H])([H])[H])(C([H])([H])[H])C(=O)O3
NEJSUT,0,ok,0.0575,47,1,,[Pt+2]12(<-S(C([H])([H])[H])(=O)C([H])([H])[H])<-n3c(c([H])c(-c4c([H])c([H])c([H])c([H])c4[H])c([H])c3-c3c1c([H])c([H])c([H])c3[H])-c1sc([H])c([H])c12
NEKHAN,0,ok,0.0715,73,1,,[Pd+2]12(<-P(c3c([H])c([H])c([H])c([H])c3[H])(c3c([H])c([H])c([H])c([H])c3[H])c3c([H])c([H])c([H])c([H])c3[H])<-N(=C([H])c3c1c([H])c(OC([H])([H])[H])c([H])c3OC([H])([H])[H])N=C(c1c([H])c([H])c(C([H])([H])[H])c([H])c1[H])O2
NELSUT,0,ok,0.1526,22,1,,BrB(Br)C12->[Mn+]345(<-C=1([H])C3(C([H])([H])[H])C->4([H])=C->52[H])(<-[C-]#[O+])(<-[C-]#[O+])<-[C-]#[O+]
NEMTUV,1,ok,0.0620,60,1,,[Zn+2]1234(SC(=S->1)SC([H])([H])c1c([H])c([H])c([H])c([H])c1[H])<-N1([H])C([H])([H])C([H])([H])N->2([H])C([H])([H])C([H])([H])C([H])([H])N->3([H])C([H])([H])C([H])([H])C([H])([H])N->4([H])C([H])([H])C([H])([H])C1([H])[H]
NENSII,0,ok,0.0405,57,1,,[Ni+2](<-N(C(C(N1C([H])([H])C([H])([H])C([H])([H])C([H])([H])C1([H])[H])([H])[H])([H])[H])([H])[H])(<-N#C[S-])(<-N(C(C(N1C([H])([H])C([H])([H])C([H])([H])C([H])([H])C1([H])[H])([H])[H])([H])[H])([H])[H])<-N#C[S-]
NEPBEP,-1,ok,0.0424,53,1,,[W]12(<-S=C(C(=S->1)C([H])([H])[H])C([H])([H])[H])(SC1([H])C3([H])C([H])([H])C4([H])C([H])([H])C([H])(C([H])([H])C1([H])C4([H])[H])C3([H])[H])(<-S=C(C(=S->2)C([H])([H])[H])C([H])([H])[H])<-[C-]#[O+]
NEPPIH,0,ok,0.1065,62,1,,[Zn+2]12345(<-n6c([H])c([H])c([H])c([H])c6-c6n->1n(C([H])([H])[H])c([H])c6[H])(OC->2(=O->3)c1c([H])c(C(O[H])=O)c([H])c(C(=O)O[H])c1[H])<-O=C->4(O5)c1c([H])c(C(O[H])=O)c([H])c(C(O[H])=O)c1[H]
NEQVUD,0,ok,0.0490,49,1,,[Cd+2]12(OC(=O)C3([H])C([H])([H])SC(c4c([H])c([H])nc([H])c4[H])=N->13)(OC(=O)C1([H])C([H])([H])SC(c3c([H])c([H])nc([H])c3[H])=N->21)(<-O([H])[H])<-O([H])[H]
NESBOC,0,ok,0.0555,66,1,,[Mo]1234(<-p5c->1(C(C([H])([H])[H])(C([H])([H])[H])C([H])([H])[H])p->2p->3(C([Si](C([H])([H])[H])(C([H])([H])[H])C([H])([H])[H])([Si](C([H])([H])[H])(C([H])([H])[H])C([H])([H])[H])[H])c->45C(C([H])([H])[H])(C([H])([H])[H])C([H])([H])[H])(<-[C-]#[O+])(<-[C-]#[O+])<-[C-]#[O+]
NESKAY,0,ok,0.0380,35,1,,[Re+](Br)(<-[C-]#[O+])(<-[C-]#[O+])<-[C-]#[O+].S=c1n(C(n2c(=S)n(C([H])([H])[H])c([H])c2[H])([H])[H])c([H])c([H])n1C([H])([H])[H]
NETBET,1,ok,0.1169,77,1,,[Ru+4]123(<-P(C(C([H])([H])[H])(C([H])([H])[H])[H])(C(C([H])([H])[H])(C([H])([H])[H])[H])C(C(P->1(C(C([H])([H])[H])(C([H])([H])[H])[H])C(C([H])([H])[H])(C([H])([H])[H])[H])([H])[H])([H])[H])(<-n1n([B-](n4n->2c([H])c([H])c4[H])(n2n->3c([H])c([H])c2[H])[H])c([H])c([H])c1[H])([H])[H]
NEVBAT,0,ok,0.0783,73,1,,[Zn+2]1234(OC(=O->1)c1c(C(=O)c5c([H])c([H])c(Cl)c([H])c5[H])c([H])c([H])c([H])c1[H])(OC->2(=O->3)c1c([H])c([H])c([H])c([H])c1C(=O)c1c([H])c([H])c(Cl)c([H])c1[H])<-n1c(-c2c([H])c([H])c([H])c([H])n->42)c([H])c([H])c([H])c1[H]
NEWJEG,0,ok,0.2330,76,1,,[C-](#[O+])->[Ru+2]1234(<-[C-]#[O+])(<-C5(C6(C(Cl)(Cl)Cl)C([H])=C(C(C([H])([H])[H])(C([H])([H])[H])C([H])([H])[H])C(C(C([H])([H])[H])(C([H])([H])[H])C([H])([H])[H])=C6[H])=C->1([H])C->2(C(C([H])([H])[H])(C([H])([H])[H])C([H])([H])[H])=C->3(C(C([H])([H])[H])(C([H])([H])[H])C([H])([H])[H])C54[H])Cl
NEXBIB,0,ok,0.0393,49,1,,[Ni+2]123<-O=C(OC([H])([H])C([H])([H])[H])C(=C(N1C1([H])C([H])(N2C(=C(C(=O->3)OC([H])([H])C([H])([H])[H])C#N)[H])C([H])([H])C([H])([H])C([H])([H])C1([H])[H])[H])C#N
NEXNAF,0,ok,0.0372,40,1,,[Cr+2]1(<-[C-]#[O+])(<-[C-]#[O+])(<-[C-]#[O+])(<-[C-]#[O+])=C(OC([H])([H])[H])c2c([H])c([H])c([H])c([H])c2C->1#CC(C([H])([H])[H])(C([H])([H])[H])C([H])([H])[H]
NEXXAS,0,ok,0.0302,25,1,,[Ni+4]12(Sc3sc(SC([H])([H])[H])nc3S1)Sc1sc(SC([H])([H])[H])nc1S2
NEYSIW,0,ok,0.0592,55,1,,[Ag+](<-C1N(C([H])(C([H])([H])[H])C([H])([H])[H])C(c2c([H])c([H])c([H])c([H])c2[H])=C(c2c([H])c([H])c([H])c([H])c2[H])N1C([H])(C([H])([H])[H])C([H])([H])[H])OC(=O)C([H])([H])[H]
NEZWUK,0,ok,0.0319,37,1,,[Re+7](=O)(=O)(=O)c1c(C(N(C([H])([H])[H])C([H])([H])[H])([H])[H])c([H])c([H])c([H])c1C(N(C([H])([H])[H])C([H])([H])[H])([H])[H]
NIBHAK,0,ok,0.1252,77,1,,[Fe+2]1234(<-P(C([H])([H])[H])(C([H])(C([H])([H])[H])C([H])([H])[H])C([H])(C([H])([H])[H])C([H])([H])[H])([Si](c5c([H])c([H])c([H])c([H])c5[H])(c5c([H])c([H])c([H])c([H])c5[H])[H])(<-N#N)<-C5(C([H])([H])[H])=C->1(C([H])([H])[H])C->2(C([H])([H])[H])=C->3(C([H])([H])[H])C45C([H])([H])[H]
NICAZN,0,ok,0.0341,39,1,,c1([H])c([H])c([H])c(C(O[H])=O)c([H])n1.[H]O[Zn+2](O[H])(<-O([H])[H])<-O([H])[H].[H]OC(c1c([H])nc([H])c([H])c1[H])=O
NICZUU,0,ok,0.0588,72,1,,[Ir+3](Cl)(B1Oc2c(c([H])c([H])c([H])c2[H])O1)(B1Oc2c(c([H])c([H])c([H])c2[H])O1)(<-P(C([H])([H])C([H])([H])[H])(C([H])([H])C([H])([H])[H])C([H])([H])C([H])([H])[H])<-P(C([H])([H])C([H])([H])[H])(C([H])([H])C([H])([H])[H])C([H])([H])C([H])([H])[H]
NIDLUH,0,ok,0.0442,49,1,,[W+2]1(Cl)(<-N(C([H])([H])[H])(C([H])([H])[H])C(C(N->1(C([H])([H])[H])C([H])([H])[H])([H])[H])([H])[H])(<-[C-]#[O+])(<-[C-]#[O+])Cc1c([H])c([H])c(N(C(=O)C([H])([H])[H])[H])c([H])c1[H]
NIGDIR,-1,ok,0.0652,69,1,,[Co+]12(<-S=C(C(=S->1)c1c([H])c([H])c(OC([H])([H])[H])c([H])c1[H])c1c([H])c([H])c(OC([H])([H])[H])c([H])c1[H])SC(c1c([H])c([H])c(OC([H])([H])[H])c([H])c1[H])=C(c1c([H])c([H])c(OC([H])([H])[H])c([H])c1[H])S2
NIHNEX,0,ok,0.0385,49,1,,[Ni+2]123<-O=C(C(=C(N1C1([H])C([H])([H])C([H])([H])C([H])([H])C([H])([H])C1([H])N2C(=C(C(=O->3)C([H])([H])[H])C(=O)C([H])([H])[H])[H])[H])C(=O)C([H])([H])[H])C([H])([H])[H]
NIJHEW,0,ok,0.0340,35,1,,[Pd+2]1(<-n2c(N=N->1c1c([H])c([H])c([H])c([H])c1[H])c([H])c([H])c([H])c2C([H])([H])[H])(C([H])([H])[H])C([H])([H])[H]
NIKPOM,0,ok,0.0292,39,1,,[Re+5]12(SC(C(N->1([H])[H])([H])C(=O)O[H])(C([H])([H])[H])C([H])([H])[H])(=O)SC(C([H])([H])[H])(C([H])([H])[H])C(N([H])[H])([H])C(=O)O2
NILFIX,0,ok,0.0505,54,1,,[Au+3](c1c([H])c([H])c([H])c([H])c1C([H])([H])[N+]([H])(C([H])([H])[H])C([H])([H])[H])(Sc1nnnn1C([H])([H])[H])(Sc1nnnn1C([H])([H])[H])Sc1nnnn1C([H])([H])[H]
NILWEM,0,ok,0.0927,64,1,,[Zn+2]12(<-O([H])[H])(<-O=C(c3c(C([H])([H])[H])nn(-c4c([H])c([H])c([H])c([H])c4[H])c3O1)C([H])([H])C([H])([H])[H])<-O=C(c1c(C([H])([H])[H])nn(-c3c([H])c([H])c([H])c([H])c3[H])c1O2)C([H])([H])C([H])([H])[H]
NIMSPO,0,ok,0.0802,33,1,,[Ni+2]12(SP(=S->1)(N(C([H])([H])[H])C([H])([H])[H])C([H])([H])[H])SP(=S->2)(N(C([H])([H])[H])C([H])([H])[H])C([H])([H])[H]
NIPHIE,1,ok,0.1270,64,1,,[Ru+4]1234(n5c(C([H])([H])N->1(C([H])([H])c1c([H])c([H])c([H])c([H])n->21)C([H])([H])c1c([H])c([H])c([H])c([H])n->31)nc1c5c([H])c([H])c([H])c1[H])N1C([H])=C([H])C([H])=C([H])C1=C1C([H])=C([H])C([H])=C([H])N41
NIPXIV,0,ok,0.0801,74,1,,[Ir+3]12([H])([H])(Cl)<-P(C([H])(C([H])([H])[H])C([H])([H])[H])(C([H])(C([H])([H])[H])C([H])([H])[H])c3c([H])c([H])c([H])c4c3O->1c1c(c([H])c([H])c([H])c1P->2(C([H])(C([H])([H])[H])C([H])([H])[H])C([H])(C([H])([H])[H])C([H])([H])[H])C4(C([H])([H])[H])C([H])([H])[H]
NIQKII,0,ok,0.0767,85,1,,[La+3]12(<-N3(C([H])([H])[H])C([H])([H])C([H])([H])N->1(C([H])([H])[H])C([H])([H])C([H])([H])N->2(C([H])([H])[H])C([H])([H])C3([H])[H])(C(c1c([H])c([H])c(C([H])([H])[H])c([H])c1[H])([H])[H])(C(c1c([H])c([H])c(C([H])([H])[H])c([H])c1[H])([H])[H])C(c1c([H])c([H])c(C([H])([H])[H])c([H])c1[H])([H])[H]
NIRKUU,0,ok,0.0355,14,1,,[V+5]12(Cl)(Cl)(C3([H])C([H])=C([H])C->1([H])=C->23[H])=O
NISQOY,0,ok,0.1574,60,1,,[Ti+4]123(<-C4(=c->15c([H])c([H])c([H])c([H])c5=C1C([H])=C([H])C([H])=C([H])C241)[Si](C([H])([H])[H])(C([H])([H])[H])N3C(C([H])([H])[H])(C([H])([H])[H])c1c([H])c([H])c([H])c([H])c1[H])(C([H])([H])[H])C([H])([H])[H]
NISZUK,0,ok,0.0715,69,1,,[W+2]1234(<-P5=C->1(C(C([H])([H])[H])(C([H])([H])[H])C([H])([H])[H])C(=O)C->2(C(C([H])([H])[H])(C([H])([H])[H])C([H])([H])[H])=P->35)(F)(<-N(C(c1c([H])c([H])c([H])c([H])c1[H])([H])[H])(C(C(N(C([H])([H])[H])C([H])([H])[H])([H])[H])([H])[H])C4([H])[H])<-[C-]#[O+]
NITRIS,1,ok,0.0989,84,1,,[Cu+]1(<-P(c2c([H])c([H])c([H])c([H])c2[H])(c2c([H])c([H])c([H])c([H])c2[H])c2c([H])c([H])c([H])c([H])c2Oc2c([H])c([H])c([H])c([H])c2P->1(c1c([H])c([H])c([H])c([H])c1[H])c1c([H])c([H])c([H])c([H])c1[H])<-n1c([H])c([H])c([H])c2c([H])c([H])c([H])nc12
NIVMOX,0,ok,0.1489,76,1,,[Pt+2](<-[As](c1c([H])c([H])c([H])c([H])c1[H])(c1c([H])c([H])c([H])c([H])c1[H])c1c([H])c([H])c([H])c([H])c1[H])(<-[As](c1c([H])c([H])c([H])c([H])c1[H])(c1c([H])c([H])c([H])c([H])c1[H])c1c([H])c([H])c([H])c([H])c1[H])C(=O)C([H])([H])[H].[Cl-]
NIWPUG,0,ok,0.1069,69,1,,[Pt+2]12(<-n3c(-c4c1c([H])c([H])c([H])c4[H])n(-c1c([H])c([H])c([H])c([H])c1[H])c1c3c([H])c([H])c([H])c1[H])<-n1c(-c3c2c([H])c([H])c([H])c3[H])n(-c2c([H])c([H])c([H])c([H])c2[H])c2c1c([H])c([H])c([H])c2[H]
NIXLIS,0,ok,0.0531,49,1,,C1(c2c([H])c([H])c(C([H])([H])[H])c([H])c2[H])=NN2->[Mo+6](=O)(=O)(O1)Oc1c(c3c(c([H])c1[H])c([H])c([H])c([H])c3[H])C=2[H].C([H])([H])(C([H])([H])[H])O[H]
NIZDOS,0,ok,0.0473,49,1,,c1(Cl)c([H])c(Cl)c([H])c2c1O[Ni+2]13<-N(=C2[H])C([H])([H])C([H])([H])OC([H])([H])C([H])([H])OC([H])([H])C([H])([H])N->1=C([H])c1c([H])c(Cl)c([H])c(Cl)c1O3
NOBBAJ,0,ok,0.0745,71,1,,C12=N3->[Ru+2]456(C7([H])C([H])=C([H])C([H])=C([H])C([H])([H])C([H])([H])C7([H])[H])(<-C7([H])=C->4([H])C([H])([H])C([H])([H])C->5([H])=C->6([H])C([H])([H])C7([H])[H])[Si](C([H])([H])[H])(C([H])([H])[H])N1C([H])([H])C([H])([H])C([H])([H])N2C([H])([H])C([H])([H])C3([H])[H]
NOBCOX,0,ok,0.0702,50,1,,[Ru+6]1(Cl)(Cl)(<-O(c2c(C=1[H])c([H])c([H])c([H])c2[H])C(C([H])([H])[H])(C([H])([H])[H])[H])=c1sc(C([H])([H])[H])c(C([H])([H])[H])n1-c1c([H])c([H])c([H])c([H])c1[H]
NOCCEP,0,ok,0.0337,38,1,,[Pd]12(<-S=C3N(C([H])([H])C([H])([H])[H])C([H])([H])C([H])([H])C([H])([H])N(C(C([H])([H])[H])([H])[H])C3=S->1)<-S=C(C(=S->2)C#N)C#N
NODCUE,0,ok,0.0551,63,1,,[Tc+5]12345(<-N(=O)C6=C(N1O[B-](C([H])([H])[H])(ON2C1=C(N->3=O)C([H])([H])C([H])([H])C([H])([H])C1([H])[H])ON4C1=C(N->5=O)C([H])([H])C([H])([H])C([H])([H])C1([H])[H])C([H])([H])C([H])([H])C([H])([H])C6([H])[H])<-N#C[S-]
NODZAI,0,ok,0.2767,56,1,,[Zr+4]123456789(Cl)(Cl)<-C%10(=C->1([H])C->2([H])=C->31C4%10C([H])=C([H])C([H])=C1[H])C([H])([H])C1([H])C([H])(C2([H])C([H])([H])C([H])([H])C1([H])C2([H])[H])C([H])([H])C->51=C->6([H])C->7([H])=C->82C91C([H])=C([H])C([H])=C2[H]
NOFLEZ,0,ok,0.0313,34,1,,[Ni+2]123<-N(=C(C([H])([H])[H])C([H])=C(C([H])([H])[H])O1)C([H])([H])C([H])([H])N2C(=C(N->3=O)C([H])([H])[H])C([H])([H])[H]
NOGFOG,-1,ok,0.0280,27,1,,[V+5]12(=O)(=O)<-N(=C([H])c3c([H])c([N+](=O)[O-])c([H])c([H])c3O1)N=C(SC([H])([H])[H])S2
NOGTIM,0,ok,0.0581,72,1,,[Rh+3](Cl)(<-P(C([H])([H])[H])(C([H])([H])[H])C([H])([H])[H])(<-P(C([H])([H])[H])(C([H])([H])[H])C([H])([H])[H])(<-P(C([H])([H])[H])(C([H])([H])[H])C([H])([H])[H])([Si](c1c([H])c([H])c(C(F)(F)F)c([H])c1[H])(c1c([H])c([H])c(C(F)(F)F)c([H])c1[H])[H])[H]
NOJBAS,0,ok,0.0894,83,1,,[Zn+2](OC(=O)c1c(O[H])c([H])c([H])c(N=Nc2c([H])c([H])c(C([H])([H])[H])c([H])c2[H])c1[H])(<-n1c([H])c([H])c([H])c([H])c1[H])(OC(=O)c1c(O[H])c([H])c([H])c(N=Nc2c([H])c([H])c(C([H])([H])[H])c([H])c2[H])c1[H])<-n1c([H])c([H])c([H])c([H])c1[H]
NOKJOO,0,ok,0.0474,43,1,,[Co+3]123(<-N(=O)C([H])=C4N1C([H])=C([H])C([H])=C4[H])(<-N(=O)C([H])=C1N2C([H])=C([H])C([H])=C1[H])<-N(=O)C([H])=C1N3C([H])=C([H])C([H])=C1[H]
NOLJIH,1,ok,0.3490,64,1,,[H][Os+6]1234([H])([H])([H])(<-C5(C([H])([H])[H])=C->1(C([H])([H])[H])C2(C([H])([H])[H])C->3(C([H])([H])[H])=C->45C([H])([H])[H])<-P(c1c([H])c([H])c([H])c([H])c1[H])(c1c([H])c([H])c([H])c([H])c1[H])c1c([H])c([H])c([H])c([H])c1[H]
NOLYIY,0,ok,0.0339,33,1,,c1([H])c([H])c([H])c([H])c2C(c3c([H])c([H])c([H])c([H])c3[H])=N3N(C(=S->[Cd+2]<-3(<-n12)(Cl)Cl)N([H])[H])[H]
NOMLEJ,0,ok,0.0388,45,1,,[Mo+6]12(=O)(=O)<-N(=C([H])c3c(c(OC(C([H])([H])[H])([H])[H])c([H])c([H])c3[H])O1)N=C(SC([H])([H])[H])N2C(C([H])([H])[H])([H])[H].O(C([H])([H])[H])[H]
NONFUT,0,ok,0.1257,71,1,,[W+2]123456(<-[C-]#[O+])(<-C(=O)=N->1[Si](C([H])([H])[H])(C([H])([H])[H])C([H])([H])[H])(N(C(=N->2C([H])(C([H])([H])[H])C([H])([H])[H])C([H])([H])[H])C([H])(C([H])([H])[H])C([H])([H])[H])<-C1(C([H])([H])[H])=C->3(C([H])([H])[H])C4(C([H])([H])[H])C->5(C([H])([H])[H])=C->61C([H])([H])[H]
NONTES,0,ok,0.0764,57,1,,C12([H])->[Cr+2]345(<-C1(C(C([H])([H])[H])(C([H])([H])[H])C([H])([H])[H])=C->3(C(C([H])([H])[H])(C([H])([H])[H])C([H])([H])[H])C4([H])C->5=2C(C([H])([H])[H])(C([H])([H])[H])C([H])([H])[H])(C([H])([H])[H])(<-[C-]#[O+])(<-[C-]#[O+])<-[C-]#[O+]
NONYAR,1,ok,0.0331,33,1,,[Cu+]12<-O=C(N([H])[H])C([H])([H])C(N->1([H])C([H])([H])C(N([H])C([H])=C([H])C(=O->2)N([H])[H])([H])[H])([H])[H].Cl[H]
NOPSIX,0,ok,0.0971,57,1,,[Pt+2]123<-N(=C([H])c4n1c([H])c([H])n4)C([H])([H])C([H])([H])C([H])([H])C([H])([H])C([H])([H])C([H])([H])C([H])([H])C([H])([H])C([H])([H])C([H])([H])C([H])([H])C([H])([H])N->2=C([H])c1n3c([H])c([H])n1
NOQPIT,0,ok,0.0364,42,1,,[Zn+2]12(I)(Oc3c(C(=N->1C([H])([H])C(N->21C([H])([H])C([H])([H])OC([H])([H])C1([H])[H])([H])[H])[H])c([H])c(Br)c([H])c3[H])<-O(C([H])([H])[H])[H]
NORNEN,0,ok,1.2814,42,1,,[Zr+4]123456789(Cl)(Cl)<-C%10(=C->1([H])C2([H])C->3([H])=C->4%10[H])[B-]([S+](C([H])([H])[H])C([H])([H])[H])(c1c([H])c([H])c([H])c([H])c1[H])C->51=C->6([H])C7([H])C->8([H])=C->91[H]
NOSCIJ,0,ok,0.1771,71,1,,[Ru+2]123(<-O=C(C([H])([H])[H])C([H])=C(O1)C([H])([H])[H])(<-O=C(C([H])([H])[H])C([H])=C(O2)C([H])([H])[H])<-N(c1c([H])c([H])c(Cl)c([H])c1[H])=C1C(=N->3c2c([H])c([H])c(Cl)c([H])c2[H])c2c([H])c([H])c([H])c3c([H])c([H])c([H])c1c23
NOSVUO,0,ok,0.1094,72,1,,C1([H])([H])C([H])([H])C([H])([H])P(C([H])(C([H])([H])[H])C([H])([H])[H])(C([H])(C([H])([H])[H])C([H])([H])[H])->[Fe+2]2345(<-C6([H])=C->2([H])C3([H])C([H])(C([H])([H])C([H])([H])[H])C->4([H])=C->56[H])(<-P1(C([H])(C([H])([H])[H])C([H])([H])[H])C([H])(C([H])([H])[H])C([H])([H])[H])[H]
NOVKEO,0,ok,0.0425,53,1,,[La+3]1234567(<-N8([H])C([H])([H])C([H])([H])N->1([H])C([H])([H])C([H])([H])N->2([H])C([H])([H])C([H])([H])N->3([H])C([H])([H])C([H])([H])N->4([H])C([H])([H])C8([H])[H])(O[N+](=O)O5)(O[N+](=O)O6)O[N+](=O)O7
NOWLEQ,0,ok,0.0463,30,1,,[Pd+2]1(<-[Se]2C([H])([H])C([H])([H])C([H])([H])[Se]->1C([H])([H])c1c([H])c([H])c([H])c([H])c1C2([H])[H])(Cl)Cl
NOXJAN,0,ok,0.0835,70,1,,[Pt+2]12(OC(C([H])([H])[H])=C(C(=O->1)C([H])([H])[H])c1c(C([H])([H])[H])c(C([H])([H])[H])c([H])c(C([H])([H])[H])c1C([H])([H])[H])<-C1N(C([H])([H])[H])C([H])=C([H])N1c1c2c([H])c([Si](C([H])([H])[H])(C([H])([H])[H])C([H])([H])[H])c([H])c1[H]
NOXTEZ,0,ok,0.2427,36,1,,[Co+]1234567(<-[As]8=[As]->1[As]1[As]->2=[As]->3[As]8S1)<-C1(C([H])([H])[H])=C->4(C([H])([H])[H])C->5(C(C([H])([H])[H])([H])[H])=C->6(C([H])([H])[H])C71C([H])([H])[H]
NOYREA,0,ok,0.0864,83,1,,[Pd+2]12(Oc3c(N4C([H])=C([H])N(c5c(C([H])([H])[H])c([H])c(C([H])([H])[H])c([H])c5C([H])([H])[H])C->14)c([H])c(C(C([H])([H])[H])(C([H])([H])[H])C([H])([H])[H])c([H])c3C(C([H])([H])[H])(C([H])([H])[H])C([H])([H])[H])C1([H])C([H])([H])C3([H])C(=[O+]C([H])([H])[H])C2([H])C1([H])C3([H])[H]
NOYYIJ,-1,ok,0.2688,57,1,,[Co+3]123n4c5c6c(c4N=c4n1c(c1c([H])c([H])c([H])c([H])c14)=Nc1n2c(c2c([H])c([H])c([H])c([H])c21)N=c1n3c(c2c([H])c([H])c([H])c([H])c21)=N5)c([H])c([H])c([H])c6[H]
NOZPAT,0,ok,0.0533,69,1,,[Co+3]12(<-P(C([H])([H])C([H])([H])C#N)(C([H])([H])C([H])([H])C#N)C([H])([H])C([H])([H])C#N)(<-N(=O)C(=C(N1O[H])C([H])([H])[H])C([H])([H])[H])(<-N(=O)C(=C(N2O[H])C([H])([H])[H])C([H])([H])[H])C(C([H])([H])[H])([H])C(=O)OC([H])([H])[H]
NUBROT,1,ok,0.0737,70,1,,[Fe+2]12(<-P(N(c3n->1c(N(P->2(C(C([H])([H])[H])(C([H])([H])[H])[H])C(C([H])([H])[H])(C([H])([H])[H])[H])[H])c([H])c([H])c3[H])[H])(C(C([H])([H])[H])(C([H])([H])[H])[H])C(C([H])([H])[H])(C([H])([H])[H])[H])(<-n1c([H])c([H])c([H])c([H])c1[H])(<-[C-]#[O+])[H]
NUCRIO,0,ok,0.0419,43,1,,[Ag+](<-[c-]1c(-c2c([H])c([H])c([H])c([H])c2[H])[n+](C([H])([H])[H])nn1-c1c(C([H])([H])[H])c([H])c(C([H])([H])[H])c([H])c1C([H])([H])[H])C#N
NUFWAN,1,ok,0.0528,47,1,,[Ni+2]12(<-O([H])[H])c3c(c([H])c([H])c([H])c3C([H])=[N+](C(C([H])([H])[H])(C([H])([H])[H])C([H])([H])[H])O1)C([H])=[N+](C(C([H])([H])[H])(C([H])([H])[H])C([H])([H])[H])O2
NUHBOH,0,ok,0.0647,60,1,,[Pt+2]12(I)<-N(C([H])([H])c3c([H])c(O[Si](C([H])([H])[H])(C([H])([H])[H])C(C([H])([H])[H])(C([H])([H])[H])C([H])([H])[H])c([H])c(C([H])([H])N->1(C([H])([H])[H])C([H])([H])[H])c32)(C([H])([H])[H])C([H])([H])[H].S(=O)=O
NUJSAN,0,ok,0.0416,42,1,,[Zn+2](<-n1c([H])n(C(n2nnc3c2c([H])c([H])c([H])c3[H])([H])[H])c([H])c1[H])(OS([O-])(=O)=O)(<-O([H])[H])(<-O([H])[H])<-O([H])[H].O([H])[H]
NULMUC,0,ok,0.0475,58,1,,[Ta+5](Cl)(Cl)(Cl)(=Nc1c(C([H])(C([H])([H])[H])C([H])([H])[H])c([H])c([H])c([H])c1C([H])(C([H])([H])[H])C([H])([H])[H])<-N(C([H])([H])[H])(C([H])([H])C(N(C([H])([H])[H])C([H])([H])[H])([H])[H])C([H])([H])[H]
NUMSUL,0,ok,0.3802,83,1,,[Zn+2]123<-N4=C5C([H])=C([H])C4=C(c4c([H])c([H])c([H])c([H])c4[H])c4n1c(c([H])c4[H])C(C(C(c1c([H])c([H])c([H])c([H])c1[H])([H])[H])([H])[H])=c1n2c(c([H])c1[H])=C(c1c([H])c([H])c([H])c([H])c1[H])C1=N->3C(=C5c2c([H])c([H])c([H])c([H])c2[H])C([H])=C1[H]
NUPQOG,0,ok,0.1231,71,1,,[Cd+2]123(SC(=S->1)OC([H])([H])C([H])([H])[H])(<-S=C(S2)OC([H])([H])C([H])([H])[H])<-n1c(C([H])([H])[H])c([H])c(-c2c([H])c([H])c([H])c([H])c2[H])c2c([H])c([H])c4c(-c5c([H])c([H])c([H])c([H])c5[H])c([H])c(C([H])([H])[H])n->3c4c12
NURBIN,0,ok,0.0830,56,1,,[Ru+4]12345(Cl)(<-O(C(C(C=1C(O[H])(C([H])([H])[H])C([H])([H])[H])([H])[H])(C([H])([H])[H])C([H])([H])[H])C([H])([H])[H])<-C1(C([H])([H])[H])=C->2(C([H])([H])[H])C->3(C([H])([H])[H])=C->4(C([H])([H])[H])C51C([H])([H])[H]
NUSKUH,0,ok,0.0621,64,1,,[Re+]([H])(<-[C-]#[O+])(<-[C-]#[O+])(<-[C-]#[O+])(<-P(OC([H])([H])[H])(c1c([H])c([H])c([H])c([H])c1[H])c1c([H])c([H])c([H])c([H])c1[H])<-P(OC([H])([H])[H])(c1c([H])c([H])c([H])c([H])c1[H])c1c([H])c([H])c([H])c([H])c1[H]
NUVNAU,1,ok,0.0372,40,1,,[Pt+4]1(<-n2c([Si](c3n->1c([H])c([H])c([H])c3[H])(C([H])([H])[H])O[H])c([H])c([H])c([H])c2[H])(C([H])([H])[H])(C([H])([H])[H])C([H])([H])[H]
NUWKIZ,1,ok,0.0692,54,1,,[Rh+3]1234(C5(C([H])([H])[H])C->1(C([H])([H])[H])=C->2(C([H])([H])[H])C->3(C([H])([H])[H])=C->45C([H])([H])[H])(C(F)(F)c1c(F)c(F)c(F)c(F)c1F)<-O=P(C([H])([H])[H])(C([H])([H])[H])C([H])([H])[H]
NUXQII,0,ok,0.0788,76,1,,[Re+](<-[C-]#[O+])(<-[C-]#[O+])(<-[C-]#[O+])(B1N(c2c(C(C([H])([H])[H])(C([H])([H])[H])[H])c([H])c([H])c([H])c2C(C([H])([H])[H])(C([H])([H])[H])[H])C([H])=C([H])N1c1c(C(C([H])([H])[H])(C([H])([H])[H])[H])c([H])c([H])c([H])c1C(C([H])([H])[H])(C([H])([H])[H])[H])(<-[C-]#[O+])<-[C-]#[O+]
NUYYIR,0,ok,0.0547,57,1,,[Pd+4](Cl)(Cl)(=C(N([H])c1c(C([H])([H])[H])c([H])c([H])c([H])c1C([H])([H])[H])N([H])c1c([H])c(N([H])[H])c([H])c([H])c1[H])<-[C-]#[N+]c1c(C([H])([H])[H])c([H])c([H])c([H])c1C([H])([H])[H]
OBAVEU,0,ok,0.0550,54,1,,[Ir+3]12(<-S(=O)(C([H])([H])[H])C([H])([H])[H])(<-N#C[O-])(<-n3c(-c4c1c([H])c([H])c([H])c4[H])c([H])c([H])c([H])c3[H])<-n1c(-c3c2c([H])c([H])c([H])c3[H])c([H])c([H])c([H])c1[H]
OBIHOX,0,ok,0.0617,61,1,,[Zn+2](OC(=O)c1c(O[H])c([H])c([H])c([H])c1[H])(OC(=O)c1c(O[H])c([H])c([H])c([H])c1[H])(<-n1c(C([H])([H])[H])n(C([H])([H])[H])c([H])c1[H])<-n1c(C([H])([H])[H])n(C([H])([H])[H])c([H])c1[H]
OBIROG,1,ok,0.0669,60,1,,[Ni+2]12(N3S(=O)(=O)c4c(c([H])c([H])c([H])c4[H])C3=O)(<-n3c(-c4n->1c([H])c([H])c([H])c4[H])c([H])c([H])c([H])c3[H])<-n1c(-c3n->2c([H])c([H])c([H])c3[H])c([H])c([H])c([H])c1[H].O([H])[H]
OBOFAN,0,ok,0.0397,49,1,,[Hg+2]12345(SC#N)(<-S6C([H])([H])C([H])([H])O->1C([H])([H])C([H])([H])O->2C([H])([H])C([H])([H])S->3C([H])([H])C([H])([H])O->4C([H])([H])C([H])([H])O->5C([H])([H])C6([H])[H])SC#N
OBORUS,-1,ok,0.0212,19,1,,[W+6](SC([H])([H])c1c([H])c([H])c([H])c([H])c1[H])(=S)(=S)=S
OBUZER,0,ok,0.0529,51,1,,[Ni+2](Cl)(<-n1c([H])c(O[H])c([H])c([H])c1[H])(<-n1c([H])c(O[H])c([H])c([H])c1[H])(Cl)<-n1c([H])c(O[H])c([H])c([H])c1[H].n1c([H])c(O[H])c([H])c([H])c1[H]
OCIFUE,0,ok,0.0379,41,1,,[Zn+2]12(Cl)(Cl)<-O=C(N(N->1=C(c1n->2c([H])c([H])nc1C([H])([H])C([H])([H])[H])C([H])([H])[H])[H])N([H])c1c([H])c([H])c([H])c([H])c1[H]
OCODER,0,ok,0.0429,61,1,,[Os+2]12([H])(Cl)(<-P(C([H])([H])C(N->1([H])C([H])([H])C(P->2(C([H])(C([H])([H])[H])C([H])([H])[H])C([H])(C([H])([H])[H])C([H])([H])[H])([H])[H])([H])[H])(C([H])(C([H])([H])[H])C([H])([H])[H])C([H])(C([H])([H])[H])C([H])([H])[H])<-[C-]#[O+]
OCORUU,0,ok,0.0621,55,1,,[Hg+2]12(<-N(=NN1c1c(F)c([H])c([H])c([H])c1[H])c1c([H])c([N+]([O-])=O)c([H])c([H])c1[H])<-N(=NN2c1c(F)c([H])c([H])c([H])c1[H])c1c([H])c([N+](=O)[O-])c([H])c([H])c1[H]
OCUKUS,0,ok,0.9145,80,1,,[Zr+4]123456789(Cl)(Cl)<-C%10(=C->1([H])C2(C1([H])C2([H])C([H])([H])C%11([H])C([H])([H])C1([H])C([H])([H])C([H])(C%11([H])[H])C2([H])[H])C->3([H])=C->4%10[H])C(c1c([H])c([H])c([H])c([H])c1[H])(c1c([H])c([H])c([H])c([H])c1[H])C->51=C->62C7(c->83c->91c([H])c([H])c([H])c3[H])C([H])=C([H])C([H])=C2[H]
ODABEC,0,ok,0.0823,42,1,,[Fe+2]1(<-n2c3c(n([H])c2-c2c4n->1c(C([H])([H])C(C([H])([H])[H])([H])[H])c([H])c([H])c4c([H])c([H])c2[H])c([H])c([H])c([H])c3[H])(Cl)Cl
ODAWOF,0,ok,0.1191,67,1,,[Ni+4]123n4c5c([H])c([H])c4C([H])=c4n1c(c(C(C([H])([H])[H])([H])[H])c4C([H])([H])[H])=C([H])c1n2c(c(C([H])([H])[H])c1C(C([H])([H])[H])([H])[H])C([H])=c1n3c(c([H])c1[H])=C5c1c([H])c(O[H])c([H])c(O[H])c1[H]
ODEXEA,0,ok,0.0828,81,1,,[Zr+4]1234(OS(=O)(=O)C(F)(F)F)(OS(=O)(=O)C(F)(F)F)(<-N(=C->1(N2C(C([H])([H])[H])(C([H])([H])[H])[H])N(C([H])([H])[H])C([H])([H])[H])C(C([H])([H])[H])(C([H])([H])[H])[H])N(C->3(=N->4C(C([H])([H])[H])(C([H])([H])[H])[H])N(C([H])([H])[H])C([H])([H])[H])C(C([H])([H])[H])(C([H])([H])[H])[H]
ODITEA,0,ok,0.0819,55,1,,[Ni+2](<-N([H])([H])C(C(O[H])([H])[H])([H])[H])(N1S(=O)(=O)c2c(c([H])c([H])c([H])c2[H])C1=O)(<-N(C(C(O[H])([H])[H])([H])[H])([H])[H])N1S(=O)(=O)c2c(c([H])c([H])c([H])c2[H])C1=O
ODOSUY,0,ok,0.0963,46,1,,[Ni+2]12(Sc3c([H])c([H])c([H])c([H])c3C(=N->1C([H])([H])C(N->2(C([H])([H])[H])C([H])([H])[H])([H])[H])[H])Sc1c([H])c([H])c(OC([H])([H])[H])c([H])c1[H]
ODUMOS,1,ok,0.0574,66,1,,[Ag+]12<-S3C([H])([H])c4c(c([H])c([H])c([H])c4[H])OC([H])([H])c4n->1c(c([H])c([H])c4[H])C([H])([H])Oc1c(c([H])c([H])c([H])c1[H])C([H])([H])S->2C([H])([H])C([H])([H])OC([H])([H])C([H])([H])OC([H])([H])C3([H])[H]
OFACEE,0,ok,0.0649,64,1,,[Fe+2]1(Cl)(Cl)(<-N(=C2c3c([H])c([H])c([H])c4c([H])c([H])c([H])c(c34)C2=N->1c1c(C([H])([H])[H])c([H])c([H])c([H])c1C([H])([H])[H])C([H])([H])C(Sc1c([H])c([H])c(Cl)c([H])c1[H])([H])[H])<-N#CC([H])([H])[H]
OFANEP,0,ok,0.0378,55,1,,[Ni+2]1(Cl)(<-P(C([H])([H])C(P->1(C([H])(C([H])([H])[H])C([H])([H])[H])C([H])(C([H])([H])[H])C([H])([H])[H])([H])[H])(C([H])(C([H])([H])[H])C([H])([H])[H])C([H])(C([H])([H])[H])C([H])([H])[H])C([H])([H])C#N
OFASAQ,0,ok,0.0981,81,1,,[Ag+](<-P(C1([H])c2c(c([H])c([H])c([H])c2[H])C([H])=C([H])c2c1c([H])c([H])c([H])c2[H])(C1([H])c2c(c([H])c([H])c([H])c2[H])C([H])=C([H])c2c1c([H])c([H])c([H])c2[H])C1([H])c2c(c([H])c([H])c([H])c2[H])C([H])=C([H])c2c1c([H])c([H])c([H])c2[H])Cl
OFEZOO,0,ok,0.2726,55,1,,[Re+3]1234(=C(C#Cc5c([H])c([H])c([H])c([H])c5[H])c5c([H])c([H])c([H])c([H])c5[H])(<-C5(C([H])([H])[H])=C->1(C([H])([H])[H])C2(C([H])([H])[H])C->3(C([H])([H])[H])=C->45C([H])([H])[H])(<-[C-]#[O+])<-[C-]#[O+]
OFIJOE,0,ok,0.0755,67,1,,[Ni+2]123(OC(=O)C(N->1=C(c1n->2c([H])n([H])c1C([H])([H])[H])[H])(C(c1c([H])c([H])c([H])c([H])c1[H])([H])[H])[H])OC(=O)C(N->3=C(c1nc([H])n([H])c1C([H])([H])[H])[H])(C(c1c([H])c([H])c([H])c([H])c1[H])([H])[H])[H]
OFOCOD,0,ok,0.0315,41,1,,[Ni]12(<-S=C3SC(OC([H])([H])[H])([H])C(OC([H])([H])[H])([H])SC3=S->1)<-S=C1SC(OC([H])([H])[H])([H])C(OC([H])([H])[H])([H])SC1=S->2
OFULIL,0,ok,0.0296,24,1,,[Pt+4](I)(I)(=S(=O)(C([H])([H])[H])C([H])([H])[H])<-n1c([H])c([H])c([H])c([H])c1[H]
OGAHOT,0,ok,0.0890,79,1,,[W](<-N#CC([H])([H])[H])(<-C(#Cc1c([H])c([H])c([H])c([H])c1[H])c1c([H])c([H])c([H])c([H])c1[H])(<-C(#Cc1c([H])c([H])c([H])c([H])c1[H])c1c([H])c([H])c([H])c([H])c1[H])<-C(#Cc1c([H])c([H])c([H])c([H])c1[H])c1c([H])c([H])c([H])c([H])c1[H]
OGEBUZ,0,ok,0.0725,74,1,,[Co+3]12(Cl)(N(O[H])C(=C(N->1=O)C([H])([H])[H])C([H])([H])[H])(<-N(=O)C(=C(N->2=[O+][H])C([H])([H])[H])C([H])([H])[H])N1C([H])=C(Cl)C(=C2c3n(c(C([H])([H])[H])c([H])c3C([H])([H])[H])[B-](F)(F)n3c2c(C([H])([H])[H])c([H])c3C([H])([H])[H])C([H])=C1[H]
OGIDIS,0,ok,0.3197,49,1,,[Mo+2]1234(<-C(c5c([H])c([H])c([H])c([H])c5[H])#Cc5c([H])c([H])c([H])c([H])c5[H])(<-[C-]#[O+])(Sc5c([H])c([H])c([H])c([H])c5[H])<-C5([H])=C->1([H])C2([H])C->3([H])=C->45[H]
OGIRUT,1,ok,0.3528,78,1,,[Ru+4]12345(=P(N([H])c6n->1c([H])c([H])c([H])c6[H])(C([H])(C([H])([H])[H])C([H])([H])[H])C([H])(C([H])([H])[H])C([H])([H])[H])(<-P(c1c([H])c([H])c([H])c([H])c1[H])(c1c([H])c([H])c([H])c([H])c1[H])c1c([H])c([H])c([H])c([H])c1[H])<-C1([H])=C->2([H])C->3([H])=C->4([H])C51[H]
OGUMIN,0,ok,0.0753,65,1,,[Ni+2]123(<-n4c([H])c([H])c([H])c5c([H])c([H])c6c([H])c([H])c([H])n->1c6c45)<-n1c([H])c([H])c([H])c4c([H])c([H])c5c(c14)N2C([H])=C([H])C5([H])OS(=O)(=O)c1c([H])c(c([H])c([H])c1[H])C(=O)O3.O([H])[H]
OHEBIM,0,ok,0.0847,65,1,,[Ti+4]123(Cl)(=Nc4c(C([H])([H])[H])c([H])c([H])c([H])c4C([H])([H])[H])N([Si](C([H])([H])[H])(C([H])([H])[H])C([H])([H])[H])C->1(=N->2C(C(C(N->3(C([H])([H])[H])C([H])([H])[H])([H])[H])([H])[H])([H])[H])c1c([H])c([H])c([H])c([H])c1[H]
OHERIC,0,ok,0.0832,68,1,,[Pt+2]1(<-[Se]=P(N(P->1(c1c([H])c([H])c([H])c([H])c1[H])c1c([H])c([H])c([H])c([H])c1[H])C(C([H])([H])[H])(c1c([H])c([H])c([H])c([H])c1[H])[H])(c1c([H])c([H])c([H])c([H])c1[H])c1c([H])c([H])c([H])c([H])c1[H])(Cl)Cl
OHUHEE,0,ok,0.0408,36,1,,[V+5]12(SC(=NN->1=C(c1n->2c([H])c([H])c([H])c1[H])C([H])([H])[H])N1C([H])([H])C([H])([H])OC([H])([H])C1([H])[H])(=O)=O
OHUPUD,0,ok,0.0674,78,1,,[Ni+4]12(Cl)N3C(=C(C([H])([H])[H])N1c1c(C([H])(C([H])([H])[H])C([H])([H])[H])c([H])c([H])c([H])c1C([H])(C([H])([H])[H])C([H])([H])[H])C([H])=C([H])C([H])=C3C(=O)N2c1c(C([H])(C([H])([H])[H])C([H])([H])[H])c([H])c([H])c([H])c1C([H])(C([H])([H])[H])C([H])([H])[H]
OHUYIB,0,ok,0.0447,49,1,,[Zn+2]1234<-N(C([H])([H])C(N->1([H])[H])([H])[H])(C(OC([H])([H])[H])([H])c1c(c(Br)c([H])c(Br)c1[H])O2)C([H])([H])C([H])([H])N->3=C([H])c1c(c(Br)c([H])c(Br)c1[H])O4
OJEHIV,0,ok,0.0452,50,1,,[Zn+2]12(Sc3nc(C([H])([H])[H])c([H])c(C([H])([H])[H])n->13)(<-S=c1nc(C([H])([H])[H])c([H])c(C([H])([H])[H])n12)<-S=c1nc(C([H])([H])[H])c([H])c(C([H])([H])[H])n1[H]
OJIWUZ,0,ok,0.0566,53,1,,[Pd+2]12(<-n3c(-c4n->1c([H])c([H])c(C(C([H])([H])[H])(C([H])([H])[H])C([H])([H])[H])c4[H])c([H])c(C(C([H])([H])[H])(C([H])([H])[H])C([H])([H])[H])c([H])c3[H])Sc1sc(=O)sc1S2
OJOLEF,0,ok,0.1048,59,1,,C12->[Pd+2]3(N(C(C([H])([H])N1C([H])=C([H])N2C([H])([H])c1c([H])c([H])c([H])c([H])c1[H])=O)c1c([H])c([H])c([H])c([H])c1[H])<-n1c([H])c([H])c([H])c([H])c1-c1c([H])c(C(F)(F)F)nn13
OJOVOY,1,ok,0.0654,64,1,,[Ru+4]123456(<-P(C(C(C(c->17c->2([H])c->3(C([H])([H])[H])c->4(C([H])([H])[H])c->5([H])c->67C([H])([H])[H])([H])[H])([H])[H])([H])[H])(c1c([H])c([H])c([H])c([H])c1[H])c1c([H])c([H])c([H])c([H])c1[H])(Cl)=C(C([H])([H])[H])OC([H])([H])[H]
OJUNUD,0,ok,0.0733,78,1,,[Re+3](Cl)(Cl)(<-P(c1c([H])c([H])c([H])c([H])c1[H])(C([H])([H])[H])C([H])([H])[H])(<-P(c1c([H])c([H])c([H])c([H])c1[H])(C([H])([H])[H])C([H])([H])[H])(<-P(c1c([H])c([H])c([H])c([H])c1[H])(C([H])([H])[H])C([H])([H])[H])CC([H])([H])c1c([H])c([H])c([H])c([H])c1[H]
OKAPOH,0,ok,0.0479,51,1,,[Pd+4]12(Cl)<-N(C(c3c1c(c([H])c([H])c3[H])OP=2(C([H])(C([H])([H])[H])C([H])([H])[H])C([H])(C([H])([H])[H])C([H])([H])[H])([H])[H])(C([H])([H])C([H])([H])[H])C([H])([H])C([H])([H])[H]
OKIBAM,0,ok,0.0603,59,1,,[Zn+2]12([H])<-N3=C([B-](C4=N->1C(C([H])([H])[H])(C([H])([H])[H])C([H])([H])O4)(C1=N->2C(C([H])([H])[H])(C([H])([H])[H])C([H])([H])O1)c1c([H])c([H])c([H])c([H])c1[H])OC([H])([H])C3(C([H])([H])[H])C([H])([H])[H]
OKOVOZ,0,ok,0.0961,76,1,,[C-](->[Cr+2]1(<-P(c2c([H])c([H])c([H])c([H])c2[H])(c2c([H])c([H])c([H])c([H])c2[H])C([H])([H])C(P->1(c1c([H])c([H])c([H])c([H])c1[H])c1c([H])c([H])c([H])c([H])c1[H])([H])[H])(<-[C-]#[O+])(<-[C-]#[O+])=C(OC([H])([H])[H])c1c([H])c([H])c([H])c([H])c1[H])#[O+]
OLADAI,-1,ok,0.0835,84,1,,[W+6](Cl)(=Nc1c(C([H])(C([H])([H])[H])C([H])([H])[H])c([H])c([H])c([H])c1C([H])(C([H])([H])[H])C([H])([H])[H])(n1c(C([H])([H])[H])c([H])c([H])c1C([H])([H])[H])(n1c(C([H])([H])[H])c([H])c([H])c1C([H])([H])[H])=C([H])C(C([H])([H])[H])(C([H])([H])[H])c1c([H])c([H])c([H])c([H])c1[H]
OLOBOH,0,ok,0.1066,74,1,,c1([Pd+2]2(<-P(C(C([H])([H])P->2(C([H])([H])[H])C([H])([H])[H])([H])[H])(C([H])([H])[H])C([H])([H])[H])P(c2c([H])c([H])c([H])c([H])c2[H])(c2c([H])c([H])c([H])c([H])c2[H])=O)c([H])c([H])c([H])c([H])c1P(c1c([H])c([H])c([H])c([H])c1[H])(O[H])=O
OLUGEI,0,ok,0.0533,53,1,,C12->[Pd]3(<-C4([H])=C->3([H])C(=O)OC4=O)<-n3c(C([H])([H])N1C([H])=C([H])N2c1c(C([H])([H])[H])c([H])c(C([H])([H])[H])c([H])c1C([H])([H])[H])c([H])c([H])c([H])c3C([H])([H])[H]
OMAQEZ,1,ok,0.0807,84,1,,[Os+2]123456(<-N([H])([H])[H])(<-C7N(c8c1c([H])c([H])c([H])c8C([H])(C([H])([H])[H])C([H])([H])[H])C([H])=C([H])N7c1c(C([H])(C([H])([H])[H])C([H])([H])[H])c([H])c([H])c([H])c1C([H])(C([H])([H])[H])C([H])([H])[H])<-c1(C([H])(C([H])([H])[H])C([H])([H])[H])c->2([H])c->3([H])c->4(C([H])([H])[H])c->5([H])c->61[H]
OMEDAM,0,ok,0.1080,45,1,,[Re+3]123(Br)(Br)(<-C(SC([H])([H])c4c([H])c([H])c([H])c([H])c4[H])#CSC([H])([H])c4c([H])c([H])c([H])c([H])c4[H])<-C4([H])=C->1([H])C->2([H])=C([H])C34[H]
OMEZEL,1,ok,0.0385,46,1,,[C-](#[O+])->[Rh+]1(<-[C-]#[O+])<-n2c(C([H])([H])[H])c([H])c(C([H])([H])[H])n2C([H])([H])C([H])([H])OC(C([H])([H])n2c(C([H])([H])[H])c([H])c(C([H])([H])[H])n->12)([H])[H]
OMOHUT,0,ok,0.0603,52,1,,[Zn+2]1(N2S(=O)(=O)c3c(c([H])c([H])c([H])c3[H])C2=O)(N2S(=O)(=O)c3c(c([H])c([H])c([H])c3[H])C2=O)<-n2c([H])c([H])c([H])c([H])c2C([H])([H])C(N->1([H])[H])([H])[H]
ONAJET,0,ok,0.0888,77,1,,[Ru]123456(<-P(c7c([H])c([H])c([H])c([H])c7[H])(c7c([H])c([H])c([H])c([H])c7[H])c7c([H])c([H])c([H])c([H])c7[H])(<-C(C(C([H])([H])[H])([H])[H])(=C->1(C->2(=C->3(C(=O)OC([H])([H])[H])[H])[H])[H])[H])<-C1([H])=C->4([H])C([H])([H])C([H])([H])C->5([H])=C->6([H])C([H])([H])C1([H])[H]
ONENEC,-1,ok,0.0376,37,1,,[Au+3]12(Sc3sc(C([H])([H])[H])c(C(C([H])([H])[H])([H])[H])c3S1)Sc1sc(C([H])([H])[H])c(C(C([H])([H])[H])([H])[H])c1S2
ONIKON,0,ok,0.0493,35,1,,[Pt+4]1(<-S(=O)(C([H])([H])[H])C([H])([H])[H])(=S(=O)(C([H])([H])[H])C([H])([H])[H])OC(=O)c2c(c([H])c([H])c([H])c2[H])O1
ONOQOY,0,ok,0.0575,58,1,,Br[Cu+](Br)<-P(c1c([H])c([H])c([H])c([H])c1[H])(c1c([H])c([H])c([H])c([H])c1[H])c1c([H])c([H])c([H])c([H])c1[H].c1([H])c([H])c([H])c([H])c(C([H])=NN(C(N([H])[H])=S)[H])[n+]1[H]
ONUNER,0,ok,0.0423,55,1,,[Zn+2](<-N(N=C(N(C([H])([H])[H])C([H])([H])[H])N(C([H])([H])[H])C([H])([H])[H])=C(N(C([H])([H])[H])C([H])([H])[H])N(C([H])([H])[H])C([H])([H])[H])(C([H])([H])C([H])([H])[H])C([H])([H])C([H])([H])[H]
OPEFIA,0,ok,0.0840,80,1,,[Ag+3](<-P(c1c([H])c([H])c([H])c([H])c1[H])(c1c([H])c([H])c([H])c([H])c1[H])c1c([H])c([H])c([H])c([H])c1[H])(<-P(c1c([H])c([H])c([H])c([H])c1[H])(c1c([H])c([H])c([H])c([H])c1[H])c1c([H])c([H])c([H])c([H])c1[H])(O[Cl+]([O-])([O-])[O-])<-O(C([H])([H])[H])[H]
OPIBIA,1,ok,0.2442,69,1,,c1([H])[n+](C23C([H])([H])C4([H])C([H])([H])C([H])(C2([H])[H])C([H])([H])C([H])(C3([H])[H])C4([H])[H])c([H])[c-]2->[Rh+3]3456(<-C7(C([H])([H])[H])=C->3(C([H])([H])[H])C4(C([H])([H])[H])C->5(C([H])([H])[H])=C->67C([H])([H])[H])(<-n3c(-n12)c([H])c([H])c([H])c3[H])Cl
OPUHAJ,0,ok,0.0376,41,1,,[Re+](<-[C-]#[O+])(<-[C-]#[O+])(<-[C-]#[O+])Cl.[Se](C(C(C([Se]c1c([H])c([H])c([H])c([H])c1[H])([H])[H])([H])[H])([H])[H])c1c([H])c([H])c([H])c([H])c1[H]
OQAPUT,0,ok,0.0719,77,1,,[Ir+3]123([H])(<-P(C([H])([H])c4n->1c(C(P->2(C(C([H])([H])[H])(C([H])([H])[H])C([H])([H])[H])C(C([H])([H])[H])(C([H])([H])[H])C([H])([H])[H])([H])[H])c([H])c([H])c4[H])(C(C([H])([H])[H])(C([H])([H])[H])C([H])([H])[H])C(C([H])([H])[H])(C([H])([H])[H])C([H])([H])[H])OC(=O)OC3=O
OQININ,0,ok,0.0755,72,1,,[Pt+2](Cl)(Cl)(<-P(c1c(N(C([H])(C([H])([H])[H])C([H])([H])[H])C([H])(C([H])([H])[H])C([H])([H])[H])c1=[N+](C([H])(C([H])([H])[H])C([H])([H])[H])C([H])(C([H])([H])[H])C([H])([H])[H])(c1c([H])c([H])c([H])c([H])c1[H])c1c([H])c([H])c([H])c([H])c1[H])Cl
OQUBAF,0,ok,0.0567,73,1,,[Mn+]12(<-P(C([H])=C3N1C(C(P->2(C(C([H])([H])[H])(C([H])([H])[H])C([H])([H])[H])C(C([H])([H])[H])(C([H])([H])[H])C([H])([H])[H])([H])[H])=C([H])C([H])=C3[H])(C(C([H])([H])[H])(C([H])([H])[H])C([H])([H])[H])C(C([H])([H])[H])(C([H])([H])[H])C([H])([H])[H])(<-[C-]#[O+])<-[C-]#[O+]
ORECEU,0,ok,0.0614,72,1,,[Co+3]12(N(O[H])C(SC([H])([H])C([H])([H])[H])=C(SC([H])([H])C([H])([H])[H])N->1=O)(N(O[H])C(SC(C([H])([H])[H])([H])[H])=C(SC([H])([H])C([H])([H])[H])N->2=O)(<-n1c([H])c([H])c([H])c([H])c1[H])C(c1c([H])c([H])c([H])c([H])c1[H])([H])[H]
ORIWOD,0,ok,0.0756,48,1,,[Ni+2]1234<-n5c(c([H])c([H])c([H])c5C(=O)N1c1c5c(c([H])c([H])c1[H])c([H])c([H])c([H])n->25)C(=O)N3c1c2c(c([H])c([H])c1[H])c([H])c([H])c([H])n->42
ORUBEJ,1,ok,0.0641,67,1,,[Ag+](<-C1N(C([H])([H])C([H])([H])[H])N=C([H])N1C([H])([H])C(=O)N([H])C(C([H])([H])[H])(C([H])([H])[H])C([H])([H])[H])<-C1N(C([H])([H])C([H])([H])[H])N=C([H])N1C([H])([H])C(=O)N([H])C(C([H])([H])[H])(C([H])([H])[H])C([H])([H])[H]
OSAPOP,0,ok,0.0547,58,1,,[Hg+2]123(<-O(C(c4n->1c([H])c([H])c([H])c4[H])([H])[H])C([H])([H])c1nc(C(O->2C([H])([H])c2n->3c([H])c([H])c([H])c2[H])([H])[H])c([H])c([H])c1[H])(C([H])([H])C(=O)C([H])([H])[H])O[Cl+3]([O-])([O-])[O-]
OSIDIF,0,ok,0.0491,57,1,,[V+5]12(<-O(C([H])([H])C([H])([H])C([H])([H])[H])[H])(OC([H])([H])C([H])([H])C([H])([H])[H])(=O)<-N(=C([H])c3c(c(OC([H])([H])[H])c([H])c([H])c3[H])O1)N=C(c1c([H])c([H])c([H])c([H])c1[H])O2
OSUCEL,0,ok,1.1260,40,1,,[Zr+4]123456789(Br)(Br)<-C%10(=C->1([H])C2([H])C->3([H])=C->4%10[H])[Si](C([H])([H])[H])(C([H])([H])[H])O[Si](C([H])([H])[H])(C([H])([H])[H])C->51=C->6([H])C7([H])C->8([H])=C->91[H]
OTIYOH,0,ok,0.0487,43,1,,S1C(=C2SC3=C(S[Pd+4]4(S3)SC3=C(S4)SC(=C4SC5=C(S4)C([H])([H])C([H])([H])C5([H])[H])S3)S2)SC2=C1C([H])([H])C([H])([H])C2([H])[H]
OTULUL,0,ok,0.0772,65,1,,c1([H])c([H])c([H])c([H])c([H])c1-n1[c-](->[Pd+2](Cl)(<-[c-]2n(-c3c([H])c([H])c([H])c([H])c3[H])n[n+](C([H])([H])[H])c2-c2c([H])c([H])c([H])c([H])c2[H])Cl)c(-c2c([H])c([H])c([H])c([H])c2[H])[n+](C([H])([H])[H])n1
OVANIJ,0,ok,0.0858,70,1,,C([H])([H])([H])c1n2[B-]3([H])n4c(C([H])([H])[H])nc(-c5c([H])c([H])c([H])c([H])c5[H])n4->[Zn+2]45(<-C(C([H])([H])[H])(=O->4)O5)(<-n2c(-c2c([H])c([H])c([H])c([H])c2[H])n1)<-n1c(-c2c([H])c([H])c([H])c([H])c2[H])nc(C([H])([H])[H])n13
OVESAL,1,ok,0.0536,56,1,,[Zn+2]123(OS(=O)(=O)C(F)(F)F)<-N(C([H])([H])c4n->1c([H])c([H])c([H])c4[H])(C([H])([H])c1n->2c([H])c([H])c([H])c1[H])C([H])([H])c1n->3c([H])n(C(=O)OC([H])([H])C([H])([H])[H])c1[H]
OVILEL,0,ok,0.1348,72,1,,[Ti+4]12345(<-N(C(C([H])([H])[H])(C([H])([H])[H])C([H])([H])[H])=C->1(N2[Si](C([H])([H])[H])(C([H])([H])[H])N3C->4(=N->5C(C([H])([H])[H])(C([H])([H])[H])C([H])([H])[H])c1c([H])c([H])c([H])c([H])c1[H])c1c([H])c([H])c([H])c([H])c1[H])(C([H])([H])[H])C([H])([H])[H]
OVURUU,0,ok,0.0728,69,1,,c1(N2C(c3c([H])c([H])c([H])c([H])c3[H])=C(c3c([H])c([H])c([H])c([H])c3[H])N(c3c([H])c([H])c([H])c([H])c3C([H])([H])[H])C2->[Pd+2](Cl)(Cl)<-n2c([H])c([H])c([H])c([H])c2[H])c([H])c([H])c([H])c([H])c1C([H])([H])[H]
OWEJOR,0,ok,0.0777,70,1,,[Pd+4]12(Oc3c(c([H])c([H])c([H])c3[H])C(C([H])([H])[H])(C([H])([H])[H])C1([H])[H])N(c1c(C([H])([H])[H])c([H])c(C([H])([H])[H])c([H])c1C([H])([H])[H])C([H])=C([H])N2c1c(C([H])([H])[H])c([H])c(C([H])([H])[H])c([H])c1C([H])([H])[H]
OWEWEU,0,ok,0.1050,50,1,,[Ti+2]123456789%10%11(Cl)(<-C%12(C([H])([H])[H])=C->1(C([H])([H])[H])C->2(C([H])([H])[H])=C->31C->4(C([H])([H])[H])=C->5(C([H])([H])[H])C->6(C([H])([H])[H])=C->7%121)<-C12=C->8([H])C->9([H])=C->%10([H])C%111C([H])=C([H])C([H])=C2[H]
OWONEU,0,ok,0.0352,31,1,,I[Ru+2]1(<-[C-]#[O+])(<-[C-]#[O+])(<-[C-]#[O+])C([H])([H])C(C([H])([H])[H])(C([H])([H])[H])N2C->1N(C([H])([H])[H])C([H])=C2[H]
OXAHAX,0,ok,0.0980,67,1,,[Pd+2]12(Cl)<-S=P(C3=C1C(P(=S->2)(c1c([H])c([H])c([H])c([H])c1[H])c1c([H])c([H])c([H])c([H])c1[H])(C([H])([H])[H])c1c([H])c([H])c([H])c([H])c13)(c1c([H])c([H])c([H])c([H])c1[H])c1c([H])c([H])c([H])c([H])c1[H]
OXEWUK,0,ok,0.2436,67,1,,[Ti+4]123456(Cl)(C([H])([H])C([H])([H])C(C([H])([H])[H])([H])[H])(<-N(C([H])(C([H])([H])[H])C([H])([H])[H])=C->1(N2C(C([H])([H])[H])([H])C([H])([H])[H])C([H])([H])[H])C1(C([H])([H])[H])C->3(C([H])([H])[H])=C->4(C([H])([H])[H])C->5(C([H])([H])[H])=C->61C([H])([H])[H]
OXIPIV,1,ok,0.1116,85,1,,[Ag+](<-C1N(c2nnc(-n3nc(C([H])([H])[H])c([H])c3C([H])([H])[H])c([H])c2[H])C([H])=C([H])N1C(C([H])([H])[H])(C([H])([H])[H])C([H])([H])[H])<-C1N(c2nnc(-n3nc(C([H])([H])[H])c([H])c3C([H])([H])[H])c([H])c2[H])C([H])=C([H])N1C(C([H])([H])[H])(C([H])([H])[H])C([H])([H])[H]
OXORIE,0,ok,0.1122,80,1,,[Cu+](Cl)(<-S=C(N1N=C(c2c([H])c([H])c([H])c([H])c2[H])C([H])([H])C1(c1c([H])c([H])c(OC([H])([H])[H])c([H])c1[H])[H])N([H])[H])<-S=C(N1N=C(c2c([H])c([H])c([H])c([H])c2[H])C([H])([H])C1(c1c([H])c([H])c(OC([H])([H])[H])c([H])c1[H])[H])N([H])[H]
OYAZEU,0,ok,0.1088,60,1,,[Ir+]123(<-C4N(C([H])([H])[H])C([H])=C([H])N4c4c1c([H])c(F)c([H])c4[H])(<-C1N(c4c2c([H])c(F)c([H])c4[H])C([H])=C([H])N1C([H])([H])[H])<-N1=[N+]=C([H])C([H])=C1c1c([H])c([H])c([H])c([H])n->31
OYUJAU,1,ok,0.2541,59,1,,[Ir+3]12345(<-S=C(SN1C([H])([H])c1c([H])c([H])c([H])c([H])c1[H])N(C([H])([H])C([H])([H])[H])C([H])([H])C([H])([H])[H])<-C1(C([H])([H])[H])=C->2(C([H])([H])[H])C->3(C([H])([H])[H])=C->4(C([H])([H])[H])C51C([H])([H])[H]
OZEDII,0,ok,0.0755,39,1,,[O+]#[C-]->[Mo+2](<-[C-]#[O+])(<-n1n([H])c2c([H])c([H])c([H])c([H])c2c1[H])(<-[C-]#[O+])(I)(I)<-n1n([H])c2c([H])c([H])c([H])c([H])c2c1[H]
OZOJUJ,0,ok,0.0600,66,1,,[Pd+2](<-P(c1c([B-](F)(F)F)c([H])c([H])c([H])c1[H])(c1c([H])c([H])c([H])c([H])c1[H])c1c([H])c([H])c([H])c([H])c1[H])(<-N(C([H])([H])C(N(C([H])([H])[H])C([H])([H])[H])([H])[H])(C([H])([H])[H])C([H])([H])[H])C([H])([H])[H]
PABWAQ,0,ok,0.0280,32,1,,[Hg+2]1(SC(N([H])[H])=NN->1=C1C([H])([H])C([H])([H])C([H])([H])C1([H])[H])c1c([H])c([H])c([H])c([H])c1[H]
PACHEJ,1,ok,0.0613,62,1,,[Cu+]1234<-S5C([H])([H])c6c(c([H])c([H])c([H])c6[H])O->1C([H])([H])c1n->2c(c([H])c([H])c1[H])C([H])([H])O->3c1c(c([H])c([H])c([H])c1[H])C([H])([H])S->4C([H])([H])c1c(c([H])c([H])c([H])c1[H])C5([H])[H]
PADSUK,0,ok,0.0886,77,1,,[Ru+4]1(Cl)(Cl)(<-O(c2c(C=1[H])c([H])c([H])c([H])c2[H])C([H])(C([H])([H])[H])C([H])([H])[H])<-C1N2C3(C([H])([H])C([H])([H])C([H])([H])C([H])([H])C([H])([H])C3([H])[H])C([H])([H])OC2=C2OC([H])([H])C3(N12)C([H])([H])C([H])([H])C([H])([H])C([H])([H])C([H])([H])C3([H])[H]
PAFZUR,0,ok,0.0550,67,1,,[Cu+]12(S[Si](O->1C(C([H])([H])[H])(C([H])([H])[H])C([H])([H])[H])(OC(C([H])([H])[H])(C([H])([H])[H])C([H])([H])[H])OC(C([H])([H])[H])(C([H])([H])[H])C([H])([H])[H])<-n1c([H])c([H])c([H])c3c([H])c([H])c4c([H])c([H])c([H])n->2c4c13
PAGPAQ,0,ok,0.0791,50,1,,I[Co+3]12345(<-C6(C([H])([H])[H])=C->1(C([H])([H])[H])C->2(C([H])([H])[H])=C->3(C([H])([H])[H])[C+]->46C([H])([H])[H])=C(N(C([H])([H])[H])C([H])([H])[H])SC5(C(=O)OC(C([H])([H])[H])([H])[H])[H]
PAJCAE,0,ok,0.3435,63,1,,[Zr+4]123456789(Cl)(<-P([Si](C([H])([H])[H])(C([H])([H])[H])C([H])([H])[H])([Si](C([H])([H])[H])(C([H])([H])[H])C([H])([H])[H])C(=C1c1c([H])c([H])c([H])c([H])c1[H])[H])(<-C1([H])=C->2([H])C->3([H])=C->4([H])C51[H])<-C1([H])=C->6([H])C7([H])C->8([H])=C->91[H]
PAKHIT,-1,ok,0.0621,75,1,,[Ti+4]12(<-S(c3c(c([H])c([H])c(C(C([H])([H])[H])(C([H])([H])[H])C([H])([H])C(C([H])([H])[H])(C([H])([H])[H])C([H])([H])[H])c3[H])O1)c1c(c([H])c([H])c(C(C([H])([H])[H])(C([H])([H])[H])C([H])([H])C(C([H])([H])[H])(C([H])([H])[H])C([H])([H])[H])c1[H])O2)(Cl)(Cl)Cl
PAKVUU,0,ok,0.2857,82,1,,[Y+3]1234567(<-S=C(N1c1c([H])c([H])c([H])c([H])c1[H])C#Cc1c([H])c([H])c([H])c([H])c1[H])(<-n1n([B-]([H])(n8n->2c(C([H])([H])[H])c([H])c8C([H])([H])[H])n2n->3c(C([H])([H])[H])c([H])c2C([H])([H])[H])c(C([H])([H])[H])c([H])c1C([H])([H])[H])<-C1([H])=C->4([H])C->5([H])=C->6([H])C71[H]
PALDEN,0,ok,0.2039,83,1,,[Ni+4]123n4c5c6c(c4C(c4c([H])c([H])c([H])c([H])c4[H])=c4n1c(c([H])c4[H])=C(c1c([H])c([H])c([H])c([H])c1[H])c1n2c(c([H])c1[H])C(c1c([H])c([H])c([H])c([H])c1[H])=c1n3c(c([H])c1[H])=C5c1c([H])c([H])c([H])c([H])c1[H])c(Cl)c([H])c([H])c6[H]
PAMGUG,0,ok,0.1026,41,1,,[Ta+5]12345(Cl)(<-C6([H])=C->1([H])C->2([H])=C->3([H])C46[H])(Cl)(<-S=c1n([B-](Cl)([H])n2c(=S->5)n(C([H])([H])[H])c([H])c2[H])c([H])c([H])n1C([H])([H])[H])Cl
PANNID,1,ok,0.1863,81,1,,[Fe+4]12345(<-P(C(C(P->1(c1c([H])c([H])c([H])c([H])c1[H])c1c([H])c([H])c([H])c([H])c1[H])([H])[H])([H])[H])(c1c([H])c([H])c([H])c([H])c1[H])c1c([H])c([H])c([H])c([H])c1[H])(=C=C(C#N)c1c([H])c([H])c(C([H])([H])[H])c([H])c1[H])<-C1([H])=C->2([H])C3([H])C->4([H])=C->51[H]
PAQKUQ,0,ok,0.1308,53,1,,[Ru+2]12(<-P(N(c3n->1c(-c1n->2c([H])c([H])c([H])c1[H])c([H])c([H])c3[H])[H])(C(C([H])([H])[H])(C([H])([H])[H])C([H])([H])[H])C(C([H])([H])[H])(C([H])([H])[H])C([H])([H])[H])(Cl)(<-[C-]#[O+])[H]
PAQZAL,0,ok,0.0759,67,1,,I[Pd+4](I)(=C(N([H])c1c(C([H])([H])[H])c([H])c([H])c([H])c1C([H])([H])[H])N([H])N([H])C(=O)c1c([H])c([H])c([H])c([H])c1-n1c([H])c([H])c([H])c1[H])<-[C-]#[N+]c1c(C([H])([H])[H])c([H])c([H])c([H])c1C([H])([H])[H]
PASPEE,0,ok,0.0376,42,1,,[Fe]123(<-P(OC([H])([H])[H])(OC([H])([H])[H])OC([H])([H])[H])(<-O=C->1(C([H])([H])[H])C->2(=C->3(c1c([H])c([H])c([H])c([H])c1[H])[H])[H])(<-[C-]#[O+])<-[C-]#[O+]
PATKEC,0,ok,0.0913,51,1,,[Pd+2]1(<-n2c(-c3n1c(C([H])([H])[H])c([H])c3C([H])([H])[H])c([H])c([H])c([H])c2[H])(<-n1c(-c2c(C([H])([H])[H])c([H])c(C([H])([H])[H])n2[H])c([H])c([H])c([H])c1[H])Cl
PAWYIW,0,ok,0.0213,29,1,,[V+5](Cl)(Cl)(OC(C(OC([H])([H])[H])([H])[H])([H])[H])(<-O1C([H])([H])C([H])([H])C([H])([H])C1([H])[H])=O
PAXPAF,0,ok,0.0243,24,1,,[Cr]12345(<-C6([H])=C->1([H])C->2([H])=C->3([H])C->4([H])=C->5([H])C6(C#C[H])[H])(<-[C-]#[O+])(<-[C-]#[O+])<-[C-]#[O+]
PAXZOG,0,ok,0.0197,25,1,,[Zn+2]1(C([H])([H])[H])(<-O(C([H])([H])C(O->1C([H])([H])[H])([H])[H])C([H])([H])[H])C([H])([H])[H]
PAYHUU,0,ok,0.0503,55,1,,[Ni+2](<-n1c([H])c([H])c([H])c([H])c1[H])(<-n1c([H])c([H])c([H])c([H])c1[H])(<-N#CN=C=[N-])<-N#C[N-]C#N.n1c([H])c([H])c([H])c([H])c1[H].n1c([H])c([H])c([H])c([H])c1[H]
PAYSEP,0,ok,0.0409,47,1,,[Cd+2]12(Cl)(Cl)(<-O=C(OC([H])([H])C([H])([H])[H])C(c3n->1c(N([H])[H])sc3[H])([H])[H])<-O=C(OC(C([H])([H])[H])([H])[H])C([H])([H])c1n->2c(N([H])[H])sc1[H]
PAYWUK,0,ok,0.1076,79,1,,[Pd+2](Cl)(<-P(c1c([H])c([H])c([H])c([H])c1[H])(c1c([H])c([H])c([H])c([H])c1[H])c1c([H])c([H])c([H])c([H])c1[H])(Cl)c1nc2c(nc1-[n+]1c([H])n(-c3c(C([H])([H])[H])c([H])c(C([H])([H])[H])c([H])c3C([H])([H])[H])c([H])c1[H])c([H])c([H])c([H])c2[H]
PBPZMO,0,ok,0.1412,55,1,,[B-]1(c2c([H])c([H])c([H])c([H])c2[H])(c2c([H])c([H])c([H])c([H])c2[H])n2c([H])c([H])c([H])n2->[Mo+2]23(<-C(=C->2(C3([H])[H])C([H])([H])[H])([H])[H])(<-[C-]#[O+])(<-[C-]#[O+])<-n2c([H])c([H])c([H])n21
PEBDEH,0,ok,0.0905,84,1,,[Ag+]12(<-P(c3c([H])c([H])c([H])c([H])c3[H])(c3c([H])c([H])c([H])c([H])c3[H])c3c([H])c([H])c([H])c([H])c3[H])(<-P(c3c([H])c([H])c([H])c([H])c3[H])(c3c([H])c([H])c([H])c([H])c3[H])c3c([H])c([H])c([H])c([H])c3[H])<-O=C->1(O2)c1c([H])c([H])c(O[H])c([H])c1[H]
PEBQUI,0,ok,0.0320,43,1,,[Nb+3]1(Cl)(<-O2C([H])([H])C([H])([H])C([H])([H])C2([H])[H])(<-N(=C([H])C(=N->1C([H])(C([H])([H])[H])C([H])([H])[H])[H])C([H])(C([H])([H])[H])C([H])([H])[H])(Cl)Cl
PECKOX,0,ok,0.0311,31,1,,[Mo+4]123(<-O=O->1)(=O)<-N(=C([H])c1c([H])c([H])c([H])c([H])c1O2)C(C([H])([H])[H])(C([H])([H])[H])C([H])([H])O3
PEDNES,0,ok,0.0591,48,1,,[Pt+4]12(=S(=O)(C([H])([H])[H])C([H])([H])[H])<-n3c(c([H])c([H])c([H])c3C(=Nc3c([H])c([H])c([H])c([H])c3[H])S1)C(=Nc1c([H])c([H])c([H])c([H])c1[H])S2
PEFXIK,0,ok,0.0668,66,1,,[Cd+2]1234(O[Cl+3]([O-])([O-])[O-])(O[Cl+3]([O-])([O-])[O-])<-N5=C([H])c6n->1c(c([H])c([H])c6[H])C([H])=N->2c1c([H])c([H])c([H])c([H])c1C([H])([H])N->31C([H])([H])C([H])([H])N->4(C([H])([H])C1([H])[H])C([H])([H])c1c([H])c([H])c([H])c([H])c15
PEGSID,1,ok,0.0770,67,1,,[Ru+2]12(<-P(C([H])([H])[H])(C([H])([H])[H])C([H])([H])[H])(<-P(C([H])([H])[H])(C([H])([H])[H])C([H])([H])[H])(<-N(=O)[O-])<-n3c(-n4n->1c(C([H])([H])[H])c([H])c4C([H])([H])[H])c([H])c([H])c([H])c3-n1n->2c(C([H])([H])[H])c([H])c1C([H])([H])[H]
PEHQIE,0,ok,0.3456,60,1,,[Zr+4]12345678(<-P(C([H])([H])[H])(C([H])([H])[H])C([H])([H])[H])(<-C9([H])=C->1([H])C2([H])C->3([H])=C->4([H])C->5([H])=C->69[H])C([Si](C([H])([H])[H])(C([H])([H])[H])C([H])([H])[H])([H])C7([H])C8([Si](C([H])([H])[H])(C([H])([H])[H])C([H])([H])[H])[H]
PEJHIW,0,ok,0.0950,83,1,,[Pt+2](<-[C-]#[N+]c1c(C([H])([H])[H])c([H])c([H])c([H])c1C([H])([H])[H])(<-[C-]#[N+]c1c(C([H])([H])[H])c([H])c([H])c([H])c1C([H])([H])[H])(c1n(-c2c(C([H])([H])[H])c([H])c([H])c([H])c2C([H])([H])[H])nnn1)c1n(-c2c(C([H])([H])[H])c([H])c([H])c([H])c2C([H])([H])[H])nnn1
PEKNAW,0,ok,0.0686,76,1,,[Au+3](Cl)=C(Oc1c(C([H])(C([H])([H])[H])C([H])([H])[H])c([H])c([H])c([H])c1C([H])(C([H])([H])[H])C([H])([H])[H])N(c1c(C([H])([H])[H])c([H])c([H])c([H])c1C([H])([H])[H])C12C([H])([H])C3([H])C([H])([H])C([H])(C1([H])[H])C([H])([H])C([H])(C2([H])[H])C3([H])[H]
PELNUQ,0,ok,0.0872,75,1,,Brc1c2N3->[Zn+2]45(OS=3(=O)c3c([H])c(C(F)(F)F)c([H])c(C(F)(F)F)c3[H])(OS(=O)(=N->4c3c(Br)c([H])c(Br)c4c([H])c([H])c([H])n->5c34)c3c([H])c(C(F)(F)F)c([H])c(C(F)(F)F)c3[H])<-n3c([H])c([H])c([H])c(c(Br)c1[H])c32
PEMROO,0,ok,0.1022,83,1,,[W+4](Cl)(Cl)(Oc1c(-c2c([H])c([H])c([H])c([H])c2[H])c([H])c([H])c([H])c1-c1c([H])c([H])c([H])c([H])c1[H])(Oc1c(-c2c([H])c([H])c([H])c([H])c2[H])c([H])c([H])c([H])c1-c1c([H])c([H])c([H])c([H])c1[H])<-C(C(C([H])([H])[H])([H])[H])#CC(C([H])([H])[H])([H])[H]
PENNAA,0,ok,0.0771,69,1,,[Ir+3]12(Cl)<-P(c3c([H])c([H])c([H])c([H])c3[H])(c3c([H])c([H])c([H])c([H])c3[H])c3c(C=1c1c([H])c([H])c([H])c([H])c1P->2(c1c([H])c([H])c([H])c([H])c1[H])c1c([H])c([H])c([H])c([H])c1[H])c([H])c([H])c([H])c3[H]
PEPNAB,0,ok,0.0787,83,1,,[Ru+2]123([H])(Cl)<-P(C([H])([H])c4n->1c1c(c([H])c4[H])c([H])c([H])c4c([H])c([H])c(C(P->2(C(C([H])([H])[H])(C([H])([H])[H])C([H])([H])[H])C(C([H])([H])[H])(C([H])([H])[H])C([H])([H])[H])([H])[H])n->3c41)(C(C([H])([H])[H])(C([H])([H])[H])C([H])([H])[H])C(C([H])([H])[H])(C([H])([H])[H])C([H])([H])[H]
PEQQAF,0,ok,0.4121,69,1,,[Rh+3]12345(Cl)(P6(O[H])=C(c7n->1c([H])c([H])c([H])c7[H])C([H])=C(c1c([H])c([H])c([H])c([H])c1[H])C([H])=C6c1c([H])c([H])c([H])c([H])c1[H])<-C1(C([H])([H])[H])=C->2(C([H])([H])[H])C->3(C([H])([H])[H])=C->4(C([H])([H])[H])C51C([H])([H])[H]
PERROV,0,ok,0.0388,39,1,,[Pd+2]1(Cl)(Cl)<-N(c2c(C([H])([H])[H])c([H])c([H])c([H])c2C([H])([H])[H])=C([H])c2n->1c1c(c([H])c2[H])c([H])c([H])c([H])c1[H]
PESFOI,0,ok,0.0697,80,1,,[Ir+3](Cl)(<-P(c1c([H])c([H])c([H])c([H])c1[H])(C(C([H])([H])[H])(C([H])([H])[H])C([H])([H])[H])C(C([H])([H])[H])(C([H])([H])[H])C([H])([H])[H])(<-P(c1c([H])c([H])c([H])c([H])c1[H])(C(C([H])([H])[H])(C([H])([H])[H])C([H])([H])[H])C(C([H])([H])[H])(C([H])([H])[H])C([H])([H])[H])([H])[H]
PETKAA,0,ok,0.0377,51,1,,[Rh+3]1(<-P(C([H])([H])[H])(C([H])([H])[H])C([H])([H])[H])(<-P(C([H])([H])[H])(C([H])([H])[H])C([H])([H])[H])(<-P(C([H])([H])[H])(C([H])([H])[H])C([H])([H])[H])(Cl)C(F)(F)C(F)=C(F)C1(F)F
PETSUC,0,ok,0.1207,74,1,,[Co+3]1234(I)(<-P(N(C(C([H])([H])[H])(c5c([H])c([H])c([H])c([H])c5[H])[H])[H])(c5c([H])c([H])c([H])c([H])c5[H])c5c([H])c([H])c([H])c([H])c5[H])(P(OC([H])([H])[H])(=O)C(C([H])([H])[H])(C([H])([H])[H])C([H])([H])[H])<-C5([H])=C->1([H])C->2([H])=C->3([H])C45[H]
PEWDON,1,ok,0.0250,31,1,,[Co+3]1(C(=O)[O-])(<-N(C([H])([H])C([H])([H])N->1([H])[H])([H])[H])(<-N(C(C([H])([H])N([H])[H])([H])[H])([H])[H])<-O=C=O
PEWXEW,0,ok,0.1072,69,1,,[Re+5](=O)(Oc1c2nc(C([H])=C([H])c3c(Cl)c([H])c([H])c([H])c3[H])c([H])c([H])c2c(Cl)c([H])c1Cl)(<-P(c1c([H])c([H])c([H])c([H])c1[H])(c1c([H])c([H])c([H])c([H])c1[H])c1c([H])c([H])c([H])c([H])c1[H])(Br)Br
PEYDUS,0,ok,0.4209,80,1,,[Ru+2]1234(<-P(c5c([H])c([H])c([H])c([H])c5[H])(c5c([H])c([H])c([H])c([H])c5[H])c5c([H])c([H])c([H])c([H])c5[H])(<-P(c5c([H])c([H])c([H])c([H])c5[H])(c5c([H])c([H])c([H])c([H])c5[H])c5c([H])c([H])c([H])c([H])c5[H])(<-C5([H])=C->1([H])C2([H])C->3([H])=C->45[H])[H]
PEZLOX,0,ok,0.0432,48,1,,[Pt+4]1(Cl)(Cl)(Cl)(Cl)<-[c-]2c([H])[n+](C([H])(C([H])([H])[H])C([H])([H])[H])c(C([H])([H])[H])n2C([H])([H])n2c(C([H])([H])[H])[n+](C([H])(C([H])([H])[H])C([H])([H])[H])c([H])[c-]->12
PHSMOB,0,ok,0.0986,29,1,,[Mo+6]123(=S(=O->1)=O)(=S(=O)=O->2)(<-[C-]#[O+])(<-[C-]#[O+])N1C([H])=C([H])C#CC1=C1C([H])=C([H])C([H])=C([H])N31
PIBYOO,-1,ok,0.1219,49,1,,[Au+](P(=O)(c1c([H])c([H])c([H])c([H])c1[H])c1c([H])c([H])c([H])c([H])c1[H])P(=O)(c1c([H])c([H])c([H])c([H])c1[H])c1c([H])c([H])c([H])c([H])c1[H]
PICPID,0,ok,0.1354,71,1,,[Ni+2]123<-N(=C(c4n1c(c([H])c4[H])C(c1c([H])c([H])c(C([H])([H])[H])c([H])c1[H])=NN2c1c([H])c([H])c([H])c([H])c1[H])c1c([H])c([H])c(C([H])([H])[H])c([H])c1[H])N(C(=N->3[H])C([H])([H])[H])c1c([H])c([H])c([H])c([H])c1[H]
PIDCAJ,0,ok,0.0878,73,1,,[Ni]12(<-S=C(C#N)C(=S->1)C#N)<-P(N(P->2(c1c([H])c([H])c([H])c([H])c1[H])c1c([H])c([H])c([H])c([H])c1[H])C(C([H])([H])[H])([H])c1c([H])c([H])c([H])c([H])c1[H])(c1c([H])c([H])c([H])c([H])c1[H])c1c([H])c([H])c([H])c([H])c1[H]
PIFLIB,0,ok,0.0904,59,1,,[Pd+2]123<-[c-]4[n+](C([H])([H])C(N1c1c(c([H])c([H])c([H])c1[H])N2C(=O)C([H])([H])[n+]1[c-]->3c([H])n(-c2c([H])c([H])c([H])c([H])c2[H])c1[H])=O)c([H])n(-c1c([H])c([H])c([H])c([H])c1[H])c4[H]
PIFSII,0,ok,0.0701,84,1,,[Ti+4]1(<-n2c(N1c1c(C([H])(C([H])([H])[H])C([H])([H])[H])c([H])c([H])c([H])c1C([H])(C([H])([H])[H])C([H])([H])[H])c([H])c([H])c([H])c2-c1c(C([H])([H])[H])c([H])c([H])c([H])c1C([H])([H])[H])(N(C([H])([H])[H])C([H])([H])[H])(N(C([H])([H])[H])C([H])([H])[H])N(C([H])([H])[H])C([H])([H])[H]
PIGFAM,1,ok,0.0480,33,1,,[Ni+2]1234<-S5C([H])([H])C([H])([H])N1N=NN=N->2C([H])([H])C([H])([H])S->3C([H])([H])C([H])([H])S->4C([H])([H])C5([H])[H]
PIGXAG,0,ok,0.1000,84,1,,[Zn+2]<-C1N(C(C([H])([H])[H])(C([H])([H])[H])C([H])([H])[H])C([H])=C([H])N1C(C([H])([H])[H])(C([H])([H])[H])C([H])([H])[H].c1(C([H])([H])[H])c(C([H])([H])[H])[c-](C([H])([H])[H])c(C([H])([H])[H])c1C([H])([H])[H].c1(C([H])([H])[H])c(C([H])([H])[H])c(C([H])([H])[H])c(C([H])([H])[H])[c-]1C([H])([H])[H]
PIHLUQ,0,ok,0.1428,81,1,,[Cd+2]12345(<-n6c(C([H])([H])[H])c([H])c(-c7c([H])c([H])c([H])c([H])c7[H])c7c6c6n->1c(C([H])([H])[H])c([H])c(-c1c([H])c([H])c([H])c([H])c1[H])c6c([H])c7[H])(<-O=C->2(O3)C(C([H])([H])[H])(C([H])([H])[H])C([H])([H])[H])<-O=C->4(O5)C(C([H])([H])[H])(C([H])([H])[H])C([H])([H])[H]
PIJCIW,0,ok,0.0518,50,1,,c1([N+](=C(c2c(O[Nb+5](F)(F)(F)(F)F)c([H])c([H])c([H])c2[H])[H])[H])c(C([H])(C([H])([H])[H])C([H])([H])[H])c([H])c([H])c([H])c1C([H])(C([H])([H])[H])C([H])([H])[H]
PIJWUB,0,ok,0.0790,48,1,,[Ni+2]123(<-N#C[S-])(<-N#C[S-])<-n4c([H])c([H])c([H])c([H])c4C(=N->1C([H])([H])C([H])([H])C([H])([H])N->2=C(c1c([H])c([H])c([H])c([H])n->31)C([H])([H])[H])C([H])([H])[H]
PIKMAY,-1,ok,0.1327,63,1,,[Os+4](Cl)(Cl)(Cl)(<-P(C([H])(C([H])([H])[H])C([H])([H])[H])(C([H])(C([H])([H])[H])C([H])([H])[H])C([H])(C([H])([H])[H])C([H])([H])[H])(=C(c1c([H])c([H])c([H])c([H])c1[H])C([H])([H])c1c([H])c([H])c([H])c([H])c1[H])<-[C-]#[O+]
PIKSUZ,0,ok,0.0530,43,1,,[Ru+2]123456(<-c7([H])c->1([H])c->2([H])c->3([H])c->4([H])c->57[H])(<-[C-]#[O+])[Si](C([H])([H])[H])(C([H])([H])[H])c1c([H])c([H])c([H])c([H])c1[Si]6(C([H])([H])[H])C([H])([H])[H]
PILTIP,0,ok,0.0408,44,1,,[Mo+6]12(<-N(=C([H])c3c(c([H])c([H])c(Br)c3[H])O1)N=C(c1c([H])c([H])c(OC([H])([H])[H])c([H])c1[H])O2)(=O)=O.O([H])C(C([H])([H])[H])([H])[H]
PINBET,1,ok,0.0429,44,1,,[Ni+4]123(<-S(C([H])([H])[H])C(C(S->1C1([H])C([H])([H])SC([H])([H])C(S->2C(C(S->3C([H])([H])[H])([H])[H])([H])[H])([H])C1([H])[H])([H])[H])([H])[H])O[Cl+]([O-])([O-])[O-]
PIPXIV,0,ok,0.3198,61,1,,[Zr+4]1234567(Cl)(Cl)<-C8(=c->19c([H])c([H])c([H])c([H])c9=C1C([H])=C([H])C([H])=C([H])C281)C(C([H])([H])[H])(C([H])([H])C([H])([H])C([H])=C([H])[H])C->31=C->4([H])C5(C(C([H])([H])[H])(C([H])([H])[H])C([H])([H])[H])C->6([H])=C->71[H]
PIQTER,0,ok,0.0318,33,1,,[Pt+2]1(Br)<-N(=C(c2c1c([H])c(F)c([H])c2[H])[H])C([H])([H])C([H])([H])C(N(C([H])([H])[H])C([H])([H])[H])([H])[H]
PITHUW,0,ok,0.0645,81,1,,[Mo+6](=Nc1c(C([H])(C([H])([H])[H])C([H])([H])[H])c([H])c([H])c([H])c1C([H])(C([H])([H])[H])C([H])([H])[H])(OC(C(F)(F)F)(C([H])([H])[H])C([H])([H])[H])(OC(C(F)(F)F)(C([H])([H])[H])C([H])([H])[H])=C([Si](c1c([H])c([H])c([H])c([H])c1[H])(C([H])([H])[H])C([H])([H])[H])[H]
PIVKIO,0,ok,0.4656,29,1,,[Ti+4]123456789(<-C%10([H])=C->1([H])C->2([H])=C->3([H])C4%10[H])(<-C1([H])=C->5([H])C->6([H])=C->7([H])C81[H])Sc1sc(=S)sc1S9
PIVMUE,0,ok,0.1205,70,1,,[Rh+3]1(<-[C-]#[O+])(<-[C-]#[O+])n2c(c(-c3c([H])c([H])c(OC([H])([H])[H])c([H])c3[H])c([H])c2-c2c([H])c([H])c([H])c([H])c2[H])[N-]c2n1c(-c1c([H])c([H])c([H])c([H])c1[H])c([H])c2-c1c([H])c([H])c(OC([H])([H])[H])c([H])c1[H]
PIWPIU,0,ok,0.0314,28,1,,[Cr]12345(<-c6(S(=O)C([H])([H])[H])c->1(OC([H])([H])[H])c->2([H])c->3([H])c->4([H])c->56[H])(<-[C-]#[O+])(<-[C-]#[O+])<-[C-]#[O+]
PIXKEM,0,ok,0.3368,62,1,,[W+4]12345(<-O=N->1c1c([H])c([H])c([H])c([H])c1[H])(=Nc1c([H])c([H])c([H])c([H])c1[H])(C1(C([H])([H])[H])C->2(C([H])([H])[H])=C->3(C([H])([H])[H])C->4(C([H])([H])[H])=C->51C([H])([H])[H])c1c([H])c([H])c([H])c([H])c1[H]
PIXTIZ,0,ok,0.0380,37,1,,[Ti+4]1(Cl)(Cl)(=O)<-N2(C([H])([H])[H])C([H])([H])C([H])([H])N(C([H])([H])[H])C([H])([H])C([H])([H])N->1(C([H])([H])[H])C([H])([H])C2([H])[H]
PIYNER,0,ok,0.0718,79,1,,[Y+3]12(Cl)(<-O3C([H])([H])C([H])([H])C([H])([H])C3([H])[H])(<-N(=C->1(N2C([H])(C([H])([H])[H])C([H])([H])[H])N([Si](C([H])([H])[H])(C([H])([H])[H])C([H])([H])[H])[Si](C([H])([H])[H])(C([H])([H])[H])C([H])([H])[H])C([H])(C([H])([H])[H])C([H])([H])[H])(Cl)<-O1C([H])([H])C([H])([H])C([H])([H])C1([H])[H]
PIYZAA,0,ok,0.0386,39,1,,[Fe+4]1(=P(N(c2n->1c([H])c([H])c([H])c2[H])C([H])([H])[H])(C([H])(C([H])([H])[H])C([H])([H])[H])C([H])(C([H])([H])[H])C([H])([H])[H])(Br)Br
PIZPEV,0,ok,0.0778,58,1,,[Ni+2]12(<-n3c([H])c([H])c([H])c([H])c3C(N->1(C(C([H])([H])[H])(C([H])([H])[H])C([H])([H])[H])C([H])([H])c1n->2c([H])c([H])c([H])c1[H])([H])[H])(OC(=O)C([H])([H])[H])OC(=O)C([H])([H])[H].O([H])[H]
POBLOH,0,ok,0.0330,26,1,,[Fe+4]12345([Si](Cl)(Cl)Cl)([Si](Cl)(Cl)Cl)(<-c6(C([H])([H])[H])c->1([H])c->2([H])c->3([H])c->4([H])c->56[H])([H])[H]
POBSUU,-1,ok,0.5915,54,1,,[Zr+4]123456789%10(<-P(=P1)P=2)(<-C1(C([H])([H])[H])=C->3(C([H])([H])[H])C->4(C([H])([H])[H])=C->5(C([H])([H])[H])C61C([H])([H])[H])<-C1(C([H])([H])[H])=C->7(C([H])([H])[H])C8(C([H])([H])[H])C->9(C([H])([H])[H])=C->%101C([H])([H])[H]
POCXOW,0,ok,0.0424,41,1,,[Zn+2]123(Cl)(<-n4c(-c5n->1c([H])c([H])c([H])c5[H])c([H])c([H])c([H])c4[H])OC->2(=O->3)C(=C(c1c([H])c([H])c(O[H])c([H])c1[H])[H])[H]
POFCUJ,0,ok,0.0850,46,1,,c1([H])c([H])c([H])c([O-])c2-c3c(O[H])c([H])c([H])c([H])n3->[Zn+2]3(<-n12)(<-O([H])[H])<-n1c([H])c([H])c([H])c([O-])c1-c1c(O[H])c([H])c([H])c([H])n->31
POGKOL,0,ok,0.2006,78,1,,[Mo+2]1234(<-n5n([B-](n6n->1c1c(c6[H])c([H])c([H])c6c([H])c([H])c([H])c([H])c16)(n1nc6c(c1[H])c([H])c([H])c1c([H])c([H])c([H])c([H])c61)[H]->2)c([H])c1c5c2c(c([H])c1[H])c([H])c([H])c([H])c2[H])(<-[C-]#[O+])(<-[C-]#[O+])C(C->3(=C->4([H])[H])C([H])([H])[H])([H])[H]
POHPEI,0,ok,0.0547,61,1,,[Zn+2](<-n1c([H])n([H])c([H])c1[H])(OC(=O)C(Sc1c([H])c([H])c(C([H])([H])[H])c([H])c1[H])([H])[H])(<-n1c([H])n([H])c([H])c1[H])OC(=O)C(Sc1c([H])c([H])c(C([H])([H])[H])c([H])c1[H])([H])[H]
POJJAZ,0,ok,0.0674,43,1,,[Mn+]123456(C7(C([H])([H])[H])C->1([H])=C->2(C([H])([H])[H])C->3([H])=C->4([H])C(C->5(=C->6(C(=O)OC([H])([H])[H])[H])[H])(C(=O)OC([H])([H])[H])C7([H])[H])(<-[C-]#[O+])<-[C-]#[O+]
POKFUS,1,ok,0.0667,64,1,,[Re+]1(<-P(c2c([H])c([H])c([H])c([H])c2[H])(c2c([H])c([H])c([H])c([H])c2[H])c2c([H])c([H])c([H])c([H])c2[H])(<-n2c([H])c([H])c([H])c([H])c2N=N->1c1c([H])c([H])c([H])c([H])c1[H])(<-[C-]#[O+])(<-[C-]#[O+])<-[C-]#[O+]
POLFIG,0,ok,0.1169,80,1,,[Pd+2]12(<-O=C(O1)C([H])([H])[H])<-N(c1c(C([H])(C([H])([H])[H])C([H])([H])[H])c([H])c([H])c([H])c1C([H])(C([H])([H])[H])C([H])([H])[H])=C(C([H])=C(N2c1c(C([H])(C([H])([H])[H])C([H])([H])[H])c([H])c([H])c([H])c1C([H])(C([H])([H])[H])C([H])([H])[H])C([H])([H])[H])C([H])([H])[H]
POMMEL,0,ok,0.0300,29,1,,[Zn+2]1(<-O([H])[H])(<-O([H])[H])n2nc([N+](=O)[O-])nc2-c2n1nc([N+]([O-])=O)n2.O([H])[H].O([H])[H]
PONJOR,1,ok,0.0467,39,1,,[Mn+]123(<-C4(=C->1([H])[H])C1([H])C([H])([H])C5([H])C4(C([H])([H])[H])C(C([H])([H])[H])=C(C([H])([H])[H])C5([H])C->2([H])=C->31[H])(<-[C-]#[O+])(<-[C-]#[O+])<-[C-]#[O+]
POPTUL,0,ok,0.2782,66,1,,[Os+6]123(<-N4=C5C([H])=C([H])C4=C(c4c([H])c([H])c([H])c([H])c4[H])c4n1c(c([H])c4[H])-c1n2c(c([H])c1[H])C(c1c([H])c([H])c([H])c([H])c1[H])=c1n3c(c([H])c1[H])=C5c1c([H])c([H])c([H])c([H])c1[H])#N
POQKOY,0,ok,0.1859,62,1,,[C-](->[Ir+3](<-[C-]#[O+])(<-P(c1c(C([H])([H])[Si-](C([H])([H])[H])C([H])([H])[H])c([H])c([H])c([H])c1[H])(c1c([H])c([H])c([H])c([H])c1[H])c1c(C([H])([H])[Si-](C([H])([H])[H])C([H])([H])[H])c([H])c([H])c([H])c1[H])Cl)#[O+]
POQTUK,0,ok,0.0444,46,1,,[Ta+5]12(C([H])([H])[H])(C([H])([H])[H])N(c3c(F)c(F)c(F)c(F)c3F)C([H])([H])C([H])([H])N1C([H])([H])C([H])([H])N2c1c(F)c(F)c(F)c(F)c1F
PORKUF,1,ok,0.0978,73,1,,[Ir+3]123(<-S(=O)(c4c([H])c([H])c([H])c([H])c4[H])C([H])([H])C(S->1(=O)c1c([H])c([H])c([H])c([H])c1[H])([H])[H])(<-n1c([H])c([H])c([H])c([H])c1-c1c(F)c([H])c(F)c([H])c12)<-n1c([H])c([H])c([H])c([H])c1-c1c(F)c([H])c(F)c([H])c13
PORNUI,0,ok,0.0591,51,1,,[Zn+2]12(OC(=O)c3c([H])c([H])c([H])c([H])c3[H])<-n3c([H])c([H])c([H])c4c([H])c([H])c([H])c(S(=O)(=O)N1C([H])([H])C([H])([H])c1n->2c([H])c([H])c([H])c1[H])c34
POSMAO,0,ok,0.0727,51,1,,[Ni+2]123<-N(c4c([H])c([H])c([H])c([H])c4N1c1c(c([H])c([H])c([H])c1[H])N2c1c(N->3(C([H])([H])[H])C([H])([H])[H])c([H])c([H])c([H])c1[H])(C([H])([H])[H])C([H])([H])[H]
POTMUJ,0,ok,0.0385,44,1,,[Hg+2]1(I)(I)<-[Se]=c2n(C(C([H])([H])C(n3c(=[Se]->1)n(C([H])([H])C(O[H])([H])[H])c([H])c3[H])([H])[H])([H])[H])c([H])c([H])n2C([H])([H])C(O[H])([H])[H]
POWGUE,0,ok,0.0294,16,1,,[Hg+2]1(<-O=C([H])c2c([H])c([H])c([H])c(O[H])c21)Cl
POXDIS,0,ok,0.0662,65,1,,[Pd+2]12<-N(=Nc3c(c([H])c([H])c([H])c3[H])N1S(=O)(=O)c1c([H])c([H])c(C([H])([H])[H])c([H])c1[H])c1c([H])c([H])c([H])c([H])c1N2S(=O)(=O)c1c([H])c([H])c(C([H])([H])[H])c([H])c1[H].N#CC([H])([H])[H]
POYQEB,0,ok,0.0593,55,1,,[Pd+4]12(OC(=O)C([H])([H])[H])N(c3c([H])c([H])c(C([H])(C([H])([H])[H])C([H])([H])[H])c([H])c3[H])C(C([H])([H])[H])=C3N1C(=C([H])C([H])=C3[H])c1c(c([H])c([H])c([H])c1[H])N2[H]
POZDIR,1,ok,0.0559,64,1,,[Zn+2]12(<-N3([H])C([H])([H])C([H])([H])N(c4c([N+]([O-])=O)c([H])c([N+]([O-])=O)c([H])c4[H])C([H])([H])C([H])([H])N->1([H])C([H])([H])C([H])([H])N->2([H])C([H])([H])C3([H])[H])n1c(=O)n(C([H])([H])[H])c([H])c(C([H])([H])[H])c1=O
POZPOK,0,ok,0.0780,85,1,,[Ru+4]1(Cl)(Cl)(<-O(C([H])(C([H])([H])[H])C([H])([H])[H])c2c([H])c([H])c3c(c2C=1[H])C([H])([H])C([H])([H])C([H])([H])C3([H])[H])<-C1N(c2c(C([H])([H])[H])c([H])c(C([H])([H])[H])c([H])c2C([H])([H])[H])C([H])([H])C([H])([H])N1c1c(C([H])([H])[H])c([H])c(C([H])([H])[H])c([H])c1C([H])([H])[H]
POZZOT,0,ok,0.0593,53,1,,[Re+5]1(Cl)(Cl)(Cl)(=O)Oc2c(C(=N->1c1c([H])c([H])c(C([H])([H])[H])c([H])c1[H])[H])c([H])c(C([H])([H])[H])c([H])c2C(=[N+](c1c([H])c([H])c(C([H])([H])[H])c([H])c1[H])[H])[H]
PUBJUS,0,ok,0.0472,54,1,,[Ta+5]12(Cl)(Cl)N(c3c(c([H])c(OC([H])([H])[H])c([H])c3[H])N1C([H])(C([H])([H])[H])C([H])([H])[H])c1c(c([H])c(OC([H])([H])[H])c([H])c1[H])N2C([H])(C([H])([H])[H])C([H])([H])[H]
PUCDEW,0,ok,0.0491,39,1,,[Hg+2](n1c([H])c([H])c2c([H])c([H])c(-n3c([H])c([H])c([H])c4c([H])c([H])nc3-4)nc12)c1c([H])c([H])c([H])c([H])c1[H]
PUCYAP,0,ok,0.1283,63,1,,[Ru+2]12([H])(Cl)(<-P(C(c3n->1c(C(N->2([H])C([H])([H])c1c([H])c([H])c([H])c([H])c1[H])([H])[H])c([H])c([H])c3[H])([H])[H])(C(C([H])([H])[H])(C([H])([H])[H])C([H])([H])[H])C(C([H])([H])[H])(C([H])([H])[H])C([H])([H])[H])<-[C-]#[O+]
PUFLUX,0,ok,0.1659,75,1,,[Mo+2]1234567(<-P(C(C(P->1(c1c([H])c([H])c([H])c([H])c1[H])c1c([H])c([H])c([H])c([H])c1[H])([H])[H])([H])[H])(c1c([H])c([H])c([H])c([H])c1[H])c1c([H])c([H])c([H])c([H])c1[H])(<-C1([H])=C->2([H])C3([H])C->4([H])=C->51[H])<-C1([H])=C->6([H])C7([H])C([H])([H])C1([H])[H]
PUHLAG,0,ok,0.0318,35,1,,[Ni+2]12(OC(=O)C([H])([H])C(=N->1O[H])C([H])([H])[H])OC(=O)C([H])([H])C(=N->2O[H])C([H])([H])[H].O([H])[H].O([H])[H]
PUJNIR,1,ok,0.0519,61,1,,[Cu+]1<-N2([H])C([H])([H])C([H])([H])c3c([H])c4c([H])c(c3[H])C([H])([H])C([H])([H])N([H])C([H])([H])C([H])([H])c3c([H])c(c([H])c(c3[H])C([H])([H])C2([H])[H])C([H])([H])C([H])([H])N->1([H])C([H])([H])C4([H])[H]
PUKQAN,0,ok,0.4211,74,1,,[Co+]12345(<-P(c6c([H])c([H])c([H])c([H])c6[H])(c6c([H])c([H])c([H])c([H])c6[H])c6c([H])c([H])c([H])c([H])c6[H])(C6([H])C->1([H])=C->2([H])C->3([H])=C->46[H])<-C(S(=O)(=O)c1c([H])c([H])c([H])c([H])c1[H])(=C->5=C(C(=O)OC(C([H])([H])[H])([H])[H])[H])[H]
PUMBAA,0,ok,0.2445,53,1,,[W+4]12345(C6(C([H])([H])[H])C->1(C([H])([H])[H])=C->2(C([H])([H])[H])C->3(C([H])([H])[H])=C6C([H])([H])[H])(OC([H])([H])[H])<-N(C4(c1c([H])c([H])c([H])c([H])c1[H])C([H])=C(C([H])([H])[H])O5)=O
PUMKUD,1,ok,0.1204,81,1,,[Re+3]1(<-P(c2c([H])c([H])c([H])c([H])c2[H])(c2c([H])c([H])c([H])c([H])c2[H])c2c([H])c([H])c([H])c([H])c2P->1(c1c([H])c([H])c([H])c([H])c1[H])c1c([H])c([H])c([H])c([H])c1[H])(OS(=O)(=O)C(F)(F)F)(<-[C-]#[O+])(<-[C-]#[O+])Cc1c([H])c([H])c(Cl)c([H])c1[H]
PUNFUB,0,ok,0.0954,44,1,,[Ru+4]12(Cl)(Cl)(<-N(C([H])([H])[H])(C([H])([H])c3n->1c([H])c([H])c([H])c3[H])C([H])([H])c1n->2c([H])c([H])c([H])c1[H])=S(=O)(C([H])([H])[H])C([H])([H])[H]
PUNTEZ,0,ok,0.0872,69,1,,[Zn+2]12(SC(=S)[H])<-n3n(C(=P(N1c1c([H])c([H])c([H])c([H])c1[H])(c1c([H])c([H])c([H])c([H])c1[H])c1c([H])c([H])c([H])c([H])c1[H])n1n->2c(C([H])([H])[H])c([H])c1C([H])([H])[H])c(C([H])([H])[H])c([H])c3C([H])([H])[H]
PUPJIT,0,ok,0.2326,67,1,,[Zr+4]123456789%10(<-P(C([H])([H])[H])(C([H])([H])[H])C([H])([H])[H])(<-C%11(C([H])(C([H])([H])[H])C([H])([H])[H])=C->1([H])C2([H])C3([H])C4%11[H])<-C1(C(C([H])([H])[H])(C([H])([H])[H])C2([H])C->5([H])=C->6([H])c3c2c([H])c([H])c([H])c3[H])=C->7([H])C8([H])C->9([H])=C->%101[H]
PUQJAM,-1,ok,0.0870,49,1,,[Fe+2]123(Cl)(<-n4n([B-](n5n->1c(C([H])([H])[H])c([H])c5C([H])([H])[H])(n1n->2c(C([H])([H])[H])c([H])c1C([H])([H])[H])[H])c(C([H])([H])[H])c([H])c4C([H])([H])[H])<-O=NO3
PURYOR,1,ok,0.0329,33,1,,[Ag+]12(<-n3c(C(=O->1)C([H])([H])[H])c([H])c([H])c([H])c3[H])<-n1c(C(=O->2)C([H])([H])[H])c([H])c([H])c([H])c1[H]
PUSZIM,0,ok,0.0696,74,1,,[Cu+]12(<-n3n([B-](n4n->1c(C(C([H])([H])[H])(C([H])([H])[H])C([H])([H])[H])c([H])c4C([H])([H])[H])(n1n->2c(C(C([H])([H])[H])(C([H])([H])[H])C([H])([H])[H])c([H])c1C([H])([H])[H])[H])c(C([H])([H])[H])c([H])c3C(C([H])([H])[H])(C([H])([H])[H])C([H])([H])[H])<-[C-]#[O+]
PUVDOB,0,ok,0.0941,81,1,,[Fe+2]12345(I)(<-C6(C(C([H])([H])[H])(C([H])([H])[H])C([H])([H])[H])=C->1([H])C->2(C(C([H])([H])[H])(C([H])([H])[H])C([H])([H])[H])=C->3([H])C46C(C([H])([H])[H])(C([H])([H])[H])C([H])([H])[H])<-C1N(C(C([H])([H])[H])(C([H])([H])[H])C([H])([H])[H])C([H])=C([H])N1C(C([H]->5)([H])[H])(C([H])([H])[H])C([H])([H])[H]
PUWWUZ,0,ok,0.1154,78,1,,[Y+3]12345(<-O6C([H])([H])C([H])([H])C([H])([H])C6([H])[H])(<-C6(=C->1(C([H])([H])[H])C2(C([H])([H])[H])C->3(C([H])([H])[H])=C->46C([H])([H])[H])C([H])([H])[Si](C([H])([H])[H])(C([H])([H])[H])N5C(C([H])([H])[H])(C([H])([H])[H])C([H])([H])[H])C(C([H])([H])[H])(c1c([H])c([H])c([H])c([H])c1[H])[H]
PUYBIW,0,ok,0.0916,40,1,,[Ru+2]1(I)(I)(<-[c-]2n3c([n+](C([H])([H])[H])c2[H])c(-c2c([H])c([H])c([H])c([H])c2[H])c([H])c2c3n->1c([H])c([H])c2[H])(<-[C-]#[O+])<-[C-]#[O+]
PYMANI,0,ok,0.2287,38,1,,c1([H])c([H])c([H])c2n1[Ni+2]13<-N(=C2[H])C(C([H])([H])[H])([H])C([H])([H])C(C([H])([H])[H])([H])N->1=C([H])c1c([H])c([H])c([H])n13
QABSUK,0,ok,0.0577,60,1,,[Hg+2](Cl)(<-n1c([H])c([H])n(C(n2nnc3c2c([H])c([H])c([H])c3[H])([H])[H])c1C([H])([H])[H])(<-O([H])[H])Cl.n1c([H])c([H])n(C(n2nnc3c2c([H])c([H])c([H])c3[H])([H])[H])c1C([H])([H])[H]
QACCUT,0,ok,0.0708,76,1,,[W+2]12(<-[C-]#[O+])(N(C(C([H])([H])[H])(c3c([H])c([H])c([H])c([H])c3[H])[H])[H])(<-C(C([H])([H])[H])#CC([H])([H])[H])<-n3n([B-](n4n->1c(C([H])([H])[H])c([H])c4C([H])([H])[H])(n1n->2c(C([H])([H])[H])c([H])c1C([H])([H])[H])[H])c(C([H])([H])[H])c([H])c3C([H])([H])[H]
QADKOX,1,ok,0.0828,71,1,,[Pt+2]1(<-P(c2c([H])c([H])c([H])c([H])c2[H])(c2c([H])c([H])c([H])c([H])c2[H])C([H])([H])C([H])([H])C([H])([H])C(P(=O)(c2c([H])c([H])c([H])c([H])c2[H])c2c([H])c([H])c([H])c([H])c2[H])([H]->1)[H])c1c(F)c(F)c(F)c(F)c1F
QADTIB,0,ok,0.5124,69,1,,[Zn+2]123(<-N4=C5N=c6n1c(c1c([H])c([H])c([H])c([H])c16)=Nc1n2c(c2c([H])c([H])c([H])c([H])c21)N=C1N->3=C(N=C4c2c5c([H])c([H])c([H])c2[H])c2c([H])c([H])c([H])c([H])c21)<-n1c([H])n(C([H])([H])[H])c([H])c1[H]
QAFJEM,0,ok,0.1797,51,1,,[Fe+2]1234(C5(O[H])C->1([Si](C([H])([H])[H])(C([H])([H])[H])C([H])([H])[H])=C->21C([H])([H])C([H])([H])C([H])([H])C([H])([H])C->31=C->45[Si](C([H])([H])[H])(C([H])([H])[H])C([H])([H])[H])(<-[C-]#[O+])(<-[C-]#[O+])[H]
QAGBIL,0,ok,0.0537,55,1,,[Rh+3]123(Cl)(=C(N4C([H])([H])C([H])([H])C([H])([H])C4(C([H])([H])[H])[H])N4C([H])([H])C([H])([H])C([H])([H])C4(C([H])([H])[H])[H])<-C4([H])=C->1([H])C([H])([H])C([H])([H])C->2([H])=C->3([H])C([H])([H])C4([H])[H]
QAGVEA,0,ok,0.0753,69,1,,[Zn+2]12(N(S(=O)(=O)c3c([H])c([H])c(C([H])([H])[H])c([H])c3[H])c3c4n->1c([H])c([H])c([H])c4c([H])c([H])c3[H])N(S(=O)(=O)c1c([H])c([H])c(C([H])([H])[H])c([H])c1[H])c1c([H])c([H])c([H])c3c([H])c([H])c([H])n->2c31
QAHCUZ,0,ok,0.0757,45,1,,[V+5]12(=O)(OC(=C([H])C(=O->1)C([H])([H])[H])C([H])([H])[H])Oc1c([H])c([H])c(C([H])([H])[H])c([H])c1Sc1c(c([H])c([H])c(C([H])([H])[H])c1[H])O2
QAHWIH,0,ok,0.0241,23,1,,[Hg+2]1(Br)(Br)<-n2c(C([H])([H])[H])sc([H])c2-c2n->1c(C([H])([H])[H])sc2[H]
QAJDEM,0,ok,0.0928,81,1,,[Ti+4]1234(Cl)(Cl)(<-N(=C->1(N2C([H])(C([H])([H])[H])C([H])([H])[H])N1C([H])([H])C([H])([H])C([H])([H])C([H])([H])C1([H])[H])C([H])(C([H])([H])[H])C([H])([H])[H])<-N(=C->3(N4C([H])(C([H])([H])[H])C([H])([H])[H])N1C([H])([H])C([H])([H])C([H])([H])C([H])([H])C1([H])[H])C([H])(C([H])([H])[H])C([H])([H])[H]
QAKLAQ,1,ok,0.0671,71,1,,[Zn+2]123(<-N4(C([H])([H])c5n->1c(N([H])C(=O->2)C(C([H])([H])[H])(C([H])([H])[H])C([H])([H])[H])c([H])c([H])c5[H])C([H])([H])C([H])([H])SC([H])([H])C4([H])[H])(<-n1c([H])c([H])c([H])c2c1c1c(c([H])c2[H])c([H])c([H])c([H])n->31)O[Cl+3]([O-])([O-])[O-]
QALDAJ,1,ok,0.0405,41,1,,[Au+3]12(SC(N3C([H])([H])C([H])([H])C([H])([H])C3([H])[H])=NN->1=C(c1c([H])c([H])c([H])c([H])c1[H])c1n->2c([H])c([H])c([H])c1[H])Cl
QALKAS,1,ok,0.0704,47,1,,c1([H])c([H])c([H])c([H])c2-c3c([H])c([H])c([H])c([H])n3->[Ru+2]3(<-n12)(<-n1c(-c2c([H])c([H])c([H])c([H])n->32)c([H])c([H])c([H])c1[H])(<-N#[O+])S([O-])(=O)=O
QAMHOC,0,ok,0.0669,43,1,,[Pd+4]12(Cl)(Cl)=P(c3c([H])c([H])c([H])c([H])c3[H])(c3c([H])c([H])c([H])c([H])c3[H])N(C([H])([H])C->1([H])=C->2([H])[H])C([H])([H])C([H])=C([H])[H]
QANGOB,1,ok,0.0916,64,1,,[Ru+4]12(Cl)(=P(O[H])(c3c([H])c([H])c([H])c([H])c3[H])OC([H])([H])C([H])([H])[H])(<-n3c([H])c([H])c([H])c([H])c3-c3c([H])c([H])c([H])c([H])n->13)<-n1c([H])c([H])c([H])c([H])c1-c1c([H])c([H])c([H])c([H])n->21
QANWAF,0,ok,0.0663,73,1,,[Zr+4]12(Cl)(<-P(c3c([H])c([H])c([H])c([H])c3[H])(C3=C(N1c1c(C([H])([H])[H])c([H])c([H])c([H])c1C([H])([H])[H])C([H])([H])C([H])([H])C3([H])[H])C1=C(N2c2c(C([H])([H])[H])c([H])c([H])c([H])c2C([H])([H])[H])C([H])([H])C([H])([H])C1([H])[H])Cl
QAPMOL,0,ok,0.0361,31,1,,[Pt]12(<-S=S->1)<-C1N(C([H])([H])[H])C([H])=C([H])N1C(C(N1C->2N(C([H])([H])[H])C([H])=C1[H])([H])[H])([H])[H]
QAPWIP,0,ok,0.0867,66,1,,[Zn+2]1(N(C(C([H])([H])[H])=C([H])C(=N->1c1c(C([H])(C([H])([H])[H])C([H])([H])[H])c([H])c([H])c([H])c1C([H])(C([H])([H])[H])C([H])([H])[H])C([H])([H])[H])c1c([H])c([H])c(OC([H])([H])[H])c([H])c1[H])C([H])([H])C([H])([H])[H]
QARKUP,0,ok,0.0592,39,1,,[Pt+2]1(Cl)(<-S(=O)(C([H])([H])[H])C([H])([H])[H])<-n2c([H])c([H])c([H])c([H])c2-c2n(C([H])([H])[H])c3c(c21)c([H])c([H])c([H])c3[H]
QASCOE,0,ok,0.0481,53,1,,c12c(sc(=S)s1)S[Pt+2](<-P(C([H])([H])C([H])([H])[H])(C([H])([H])C([H])([H])[H])C([H])([H])C([H])([H])[H])(<-P(C([H])([H])C([H])([H])[H])(C([H])([H])C([H])([H])[H])C([H])([H])C([H])([H])[H])S2
QASWAJ,-1,ok,0.2242,84,1,,[Ru+2](Cl)(Cl)(Cl)(Cl)(<-N#[O+])N1C([H])=C([H])C(=C2C3=[N+]=C(C([H])=C3[H])C(c3c([H])c([H])c([H])c([H])c3[H])=c3n([H])c(c([H])c3[H])=C(c3c([H])c([H])c([H])c([H])c3[H])C3=NC(=C(c4c([H])c([H])c([H])c([H])c4[H])c4n([H])c2c([H])c4[H])C([H])=C3[H])C([H])=C1[H]
QATTAI,0,ok,0.0849,65,1,,[Cu+]1(<-P(c2c([H])c([H])c([H])c([H])c2[H])(c2c([H])c([H])c([H])c([H])c2[H])c2c([H])c([H])c([H])c([H])c2[H])(<-n2c([H])c([H])c([H])c3c2c2n->1c([H])c([H])c([H])c2c1nc(C#N)c(C#N)nc31)C#N
QAVMOP,0,ok,0.0774,70,1,,[Pd]12(<-p3(OC(C(S->1C(C([H])([H])[H])([H])[H])([H])[H])(c1c([H])c([H])c([H])c([H])c1[H])[H])oc1c([H])c([H])c4c(c1c1c(o3)c([H])c([H])c3c1c([H])c([H])c([H])c3[H])c([H])c([H])c([H])c4[H])<-C1([H])=C->2([H])C(=O)OC1=O
QAVVEO,0,ok,0.0645,84,1,,[Os+4]1(ON->1=C1C([H])([H])C([H])([H])C([H])([H])C([H])([H])C1([H])[H])(Cl)(<-P(C(C([H])([H])[H])(C([H])([H])[H])[H])(C(C([H])([H])[H])(C([H])([H])[H])[H])C(C([H])([H])[H])(C([H])([H])[H])[H])(<-P(C(C([H])([H])[H])(C([H])([H])[H])[H])(C(C([H])([H])[H])(C([H])([H])[H])[H])C(C([H])([H])[H])(C([H])([H])[H])[H])([H])[H]
QAWMOS,0,ok,0.0657,85,1,,[Mo+4]([Si](c1c([H])c([H])c([H])c([H])c1[H])([H])[H])(<-P(C([H])([H])[H])(C([H])([H])[H])C([H])([H])[H])(<-P(C([H])([H])[H])(C([H])([H])[H])C([H])([H])[H])(<-P(C([H])([H])[H])(C([H])([H])[H])C([H])([H])[H])(=Nc1c(C([H])(C([H])([H])[H])C([H])([H])[H])c([H])c([H])c([H])c1C([H])(C([H])([H])[H])C([H])([H])[H])[H]
QAXCAT,1,ok,0.0715,58,1,,[Rh+3]123(Cl)(<-n4c([H])c([H])c([H])c([H])c4N=N->1c1c([H])c([H])c([H])c([H])c1N2c1c([H])c([H])c([H])c([H])n1)<-N(c1c([H])c([H])c([H])c([H])c1[H])=Nc1c([H])c([H])c([H])c([H])n->31
QAXWUI,1,ok,0.0677,61,1,,[Cu+]12345<-N(C(c6n->1c(C([H])([H])[H])c([H])c([H])c6[H])([H])[H])(C(c1n->2c(C([H])([H])[H])c([H])c([H])c1[H])([H])[H])C(C(c->31c->4([H])c->5([H])c([H])c([H])c1[H])(c1c([H])c([H])c([H])c([H])c1[H])[H])([H])[H]
QAYNEM,0,ok,0.1047,85,1,,[Ru+2]12(<-P(c3c([H])c([H])c([H])c([H])c3[H])(c3c([H])c([H])c([H])c([H])c3[H])C(C([H])([H])C([H])([H])C(P->1(c1c([H])c([H])c([H])c([H])c1[H])c1c([H])c([H])c([H])c([H])c1[H])([H])[H])([H])[H])(<-N#C[S-])(<-n1c([H])c([H])c([H])c([H])c1-c1n->2c([H])c([H])c([H])c1[H])<-N#C[S-]
QAZMEM,0,ok,0.0578,78,1,,[Ni]12(<-P(C(C(P->1(C(C([H])([H])[H])(C([H])([H])[H])C([H])([H])[H])C(C([H])([H])[H])(C([H])([H])[H])C([H])([H])[H])([H])[H])([H])[H])(C(C([H])([H])[H])(C([H])([H])[H])C([H])([H])[H])C(C([H])([H])[H])(C([H])([H])[H])C([H])([H])[H])<-O=C->2(C([H])([H])[H])c1c([H])c([H])c([H])c([H])c1[H]
QEBCIM,0,ok,0.0257,25,1,,[Ni+2]1(<-n2c(C(O1)=O)nn([H])c2C(O[H])=O)(O[H])<-O([H])[H].O([H])[H].O([H])[H]
QEFLEV,1,ok,0.0780,74,1,,[Co+]123(<-O=NC(=O->1)c1c([H])c([H])c([H])c([H])c1[H])<-N1(C(C([H])([H])[H])(C([H])([H])[H])C([H])([H])[H])C([H])([H])c4n->2c(c([H])c([H])c4[H])C([H])([H])N(C(C([H])([H])[H])(C([H])([H])[H])C([H])([H])[H])C([H])([H])c2n->3c(c([H])c([H])c2[H])C1([H])[H]
QEFVIG,1,ok,0.1042,83,1,,[Pd+2]1(Cl)(<-P(c2c(OC([H])([H])[H])c([H])c([H])c([H])c2OC([H])([H])[H])(c2c(OC([H])([H])[H])c([H])c([H])c([H])c2O->1C([H])([H])[H])c1c(OC([H])([H])[H])c([H])c([H])c([H])c1OC([H])([H])[H])c1c(C([N+](C([H])([H])[H])(C([H])([H])[H])[H])([H])[H])c([H])c([H])c([H])c1[H]
QEGLEV,0,ok,0.1945,83,1,,[Re+](n1c2c(-c3c([H])c([H])c([H])c([H])c3[H])c3nc(c(-c4c([H])c([H])c([H])c([H])c4[H])c4oc(c(-c5c([H])c([H])c([H])c([H])c5[H])c5nc(c(-c6c([H])c([H])c([H])c([H])c6[H])c1c([H])c2[H])C([H])=C5[H])c([H])c4[H])C([H])=C3[H])(<-[C-]#[O+])(<-[C-]#[O+])<-[C-]#[O+]
QEHLEW,0,ok,0.0834,77,1,,[Ru+6]1(I)(I)(<-O(c2c(C=1[H])c([H])c([H])c([H])c2[H])C(C([H])([H])[H])(C([H])([H])[H])[H])=C1N(C(C([H])([H])[H])(C([H])([H])[H])C([H])([H])[H])C([H])([H])C([H])([H])N1c1c(C(C([H])([H])[H])(C([H])([H])[H])[H])c([H])c([H])c([H])c1C(C([H])([H])[H])(C([H])([H])[H])[H]
QEHRIE,0,ok,0.0484,34,1,,[Cr+2](=C(OC([H])([H])C([H])([H])[H])c1sc2c(sc3c([H])c([H])sc32)c1[H])(<-[C-]#[O+])(<-[C-]#[O+])(<-[C-]#[O+])(<-[C-]#[O+])<-[C-]#[O+]
QEJJAR,0,ok,0.0584,61,1,,[Cu+]1(OC(C(C([H])([H])[H])(C([H])([H])[H])C([H])([H])[H])=C([H])C(=O->1)C([H])([H])C([H])(C([H])([H])[H])C([H])([H])[H])<-C([Si](C([H])([H])[H])(C([H])([H])[H])C([H])([H])[H])#C[Si](C([H])([H])[H])(C([H])([H])[H])C([H])([H])[H]
QEJSEG,0,ok,0.1763,63,1,,[c-]12c3c4c([H])c([H])c([H])c([H])c4c1=C([H])c1n4c(c([H])c1[H])C(c1c([H])c([H])c([H])c([H])c1[H])=c1[se]5->[Pd+4]24n2c(c([H])c([H])c2C=3[H])C(c2c([H])c([H])c([H])c([H])c2[H])=c5c([H])c1[H]
QELGIX,1,ok,0.2742,77,1,,[Ru+4]1234(<-P(C(C([H])([H])[H])(C([H])([H])[H])[H])(C(C([H])([H])[H])(C([H])([H])[H])[H])C(C([H])([H])[H])(C([H])([H])[H])[H])(=C(OC(C#C[H])([H])[H])C(=C(c5c([H])c([H])c([H])c([H])c5[H])c5c([H])c([H])c([H])c([H])c5[H])[H])(C5([H])C->1([H])=C->2([H])C->3([H])=C->45[H])<-[C-]#[O+]
QEMFIY,0,ok,0.0932,61,1,,[Pd+2]1(<-P(N(c2n->1c([H])c([H])c([H])c2[H])[H])(c1c([H])c([H])c([H])c([H])c1[H])c1c([H])c([H])c([H])c([H])c1[H])(P(c1c([H])c([H])c([H])c([H])c1[H])(c1c([H])c([H])c([H])c([H])c1[H])=O)Cl
QENWUB,0,ok,0.1196,67,1,,C1(C(OC([H])([H])C([H])([H])[H])=[W+2](<-[C-]#[O+])(<-[C-]#[O+])(<-[C-]#[O+])(<-[C-]#[O+])<-[C-]#[O+])=C(c2c([H])c([H])c([H])c([H])c2[H])C23C1(OC(=O)C([H])([H])[H])C([H])=C(OC([H])([H])C([H])([H])[H])C2([H])C([H])([H])C([H])([H])C([H])([H])C3([H])[H]
QEPJEA,0,ok,0.1227,68,1,,[Os+4]123(Cl)(<-P(C(C([H])([H])[H])(C([H])([H])[H])[H])(C(C([H])([H])[H])(C([H])([H])[H])[H])C(C([H])([H])[H])(C([H])([H])[H])[H])([Si](c4c([H])c([H])c([H])c([H])c4[H])(c4c([H])c([H])c([H])c([H])c4[H])[H])(<-C4([H])=C([H])C1([H])C->2([H])=C->34[H])[H]
QEQRAF,1,ok,0.0599,46,1,,[Ni+2]12(<-N([O-])=C(C([H])([H])[H])C(C([H])([H])[H])(C([H])([H])[H])N->1([H])C([H])([H])[H])<-N(O[H])=C(C([H])([H])[H])C(C([H])([H])[H])(C([H])([H])[H])N->2([H])C([H])([H])[H]
QERLII,1,ok,0.0532,28,1,,[Fe+4]123(<-[C-]#[O+])(<-[C-]#[O+])(<-[C-]#[O+])<-C([H])(=C->1([H])C2(C(=C([H])[H])[H])[H])C([H])([H])OC=3OC([H])([H])[H]
QESGUQ,0,ok,0.0355,39,1,,[V+3]12(=O)(<-O=C(N=N->1C(C([H])([H])[H])=C([H])C(=O->2)C([H])([H])[H])c1c(O[H])c([H])c([H])c([H])c1[H])OC([H])([H])C([H])([H])[H]
QETGIG,0,ok,0.1287,51,1,,[Zn+2]1234(<-O=C->1(O2)c1c([H])c([H])c(Cl)c([H])c1[H])(<-n1c([H])c([H])c([H])c([H])c1[H])(<-O=C->3(O4)c1c([H])c([H])c(Cl)c([H])c1[H])<-n1c([H])c([H])c([H])c([H])c1[H]
QEVCAV,0,ok,0.0643,71,1,,[Rh+]1(<-P(C(C([H])([H])[H])(C([H])([H])[H])[H])(C(C([H])([H])[H])(C([H])([H])[H])[H])C(C([H])([H])[H])(C([H])([H])[H])[H])(<-P(C(C([H])([H])[H])(C([H])([H])[H])[H])(C(C([H])([H])[H])(C([H])([H])[H])[H])C(C([H])([H])[H])(C([H])([H])[H])[H])OS(=O)(=O->1)C(F)(F)F
QEWYIA,0,ok,0.1747,38,1,,[W+2]1234(<-[C-]#[O+])(<-[C-]#[O+])(<-C5([H])=C->1([H])C->2([H])=C->3([H])C45[H])(<-P12C([H])([H])N3C([H])([H])N(C([H])([H])N(C1([H])[H])C3([H])[H])C2([H])[H])[H]
QEYRES,0,ok,0.0623,59,1,,[Au+](<-P(c1c([H])c([H])c([H])c([H])c1[H])(c1c([H])c([H])c([H])c([H])c1[H])c1c([H])c([H])c([H])c([H])c1[H])n1c([H])c([H])sc1=NS(=O)(=O)c1c([H])c([H])c(N([H])[H])c([H])c1[H]
QEZPOC,0,ok,0.0300,27,1,,c1([H])c([H])n(->[Hg+2](Br)Br)c([H])c(C(N(c2c([H])c(Cl)c([H])c([H])c2[H])[H])=O)n1
QEZSEU,0,ok,0.1312,43,1,,[P+](C12->[W]345(<-C=1([H])C3([H])C->4([H])=C->52[H])(<-[C-]#[O+])(<-[C-]#[O+])<-[C-]#[O+])(C([H])([H])[H])(c1c([H])c([H])c([H])c([H])c1[H])c1c([H])c([H])c([H])c([H])c1[H]
QIBYEG,1,ok,0.0816,69,1,,[Ir+5]1234(<-n5c([H])c([H])c([H])c([H])c5N=N->1c1c([H])c([H])c([H])c([H])c1N2c1c([H])c([H])c([H])c([H])c1[H])N1C([H])=C([H])C([H])=C([H])C1=NN3c1c([H])c([H])c([H])c([H])c1N4c1c([H])c([H])c([H])c([H])c1[H]
QICZEI,0,ok,0.3902,65,1,,[Ti+2]123456789(<-O=O->1)(C1(C([H])(C([H])([H])[H])C([H])([H])[H])C->2(C([H])([H])[H])=C->3(C([H])([H])[H])C->4(C([H])([H])[H])=C->51C([H])([H])[H])C1(C([H])(C([H])([H])[H])C([H])([H])[H])C->6(C([H])([H])[H])=C->7(C([H])([H])[H])C->8(C([H])([H])[H])=C->91C([H])([H])[H]
QIDJIX,0,ok,0.2056,53,1,,[Fe+4]1234(<-n5c([H])c([H])c([H])c6c([H])c([H])c7c([H])c([H])c(-c8n1nnn8)n->2c7c56)N1C([H])=C([H])C([H])=c2c([H])c([H])c5c(c21)N3C(=C([H])C=5[H])c1n4nnn1
QIFFES,0,ok,0.0612,74,1,,[Zn+2]1(N([Si](C([H])([H])[H])(C([H])([H])[H])C([H])([H])[H])[Si](C([H])([H])[H])(C([H])([H])[H])C([H])([H])[H])<-N2=C(c3c(N1c1c(C([H])([H])[H])c([H])c([H])c([H])c1C([H])([H])[H])c([H])c([H])c([H])c3[H])OC([H])([H])C2([H])C([H])(C([H])([H])[H])C([H])([H])[H]
QIFYAF,1,ok,0.3040,76,1,,[Ru+2]12345(<-P(C(C(OC(=O)C16C->2(C([H])([H])[H])=C->3([H])C->4(C(C([H])([H])[H])(C([H])([H])[H])C([H])([H])[H])=C->56[H])([H])[H])([H])[H])(c1c([H])c([H])c([H])c([H])c1[H])c1c([H])c([H])c([H])c([H])c1[H])(<-P(C([H])([H])[H])(C([H])([H])[H])C([H])([H])[H])<-N#CC([H])([H])[H]
QIGLID,0,ok,0.5332,58,1,,[Ti+2]123456789(<-P(C([H])([H])[H])(C([H])([H])[H])C([H])([H])[H])(<-O=C->1(c1c([H])c([H])c([H])c([H])c1[H])c1c([H])c([H])c([H])c([H])c1[H])(<-C1([H])=C->2([H])C->3([H])=C->4([H])C51[H])C1([H])C->6([H])=C->7([H])C->8([H])=C->91[H]
QIGSEE,0,ok,0.0258,34,1,,[Co+3]12(<-N([H])([H])C([H])([H])C(N->1([H])C([H])([H])C([H])([H])C(N->2([H])[H])([H])[H])([H])[H])(<-N(=O)[O-])(<-N([O-])=O)C([H])([H])[H]
QIHWIN,0,ok,0.1098,56,1,,C12(C([H])([H])[H])->[W+6]3456(<-C1(C([H])([H])[H])=C->3(C([H])([H])[H])C4(C([H])([H])[H])C->5=2C([H])([H])[H])(=C([H])N(C([H])([H])C([H])([H])[H])C([H])([H])C([H])([H])[H])(Cl)Sc1c([H])c([H])c([H])c([H])c1S6
QIJMII,0,ok,0.0684,53,1,,[Pd+4]1(<-n2c([H])c([H])c([H])c([H])c2[H])(C([H])([H])[H])Oc2c3c([H])c([H])c([H])c([H])c3c([O-])c([H])c2N1c1c(OC([H])([H])[H])c([H])c([H])c([H])c1OC([H])([H])[H]
QIKQEJ,0,ok,0.0534,46,1,,C1([H])=C([H])C(C([H])([H])[H])=C([H])C2=Nc3c4c([H])c([H])c([H])c([H])c4c4n3[Pd+4](C([H])([H])[H])(N12)N1C(=N4)C([H])=C(C([H])([H])[H])C([H])=C1[H]
QINXIU,0,ok,0.0658,73,1,,I[Ru+2]123(<-P(C(c4c->1([H]->2)c(C(P->3(C(C([H])([H])[H])(C([H])([H])[H])C([H])([H])[H])C(C([H])([H])[H])(C([H])([H])[H])C([H])([H])[H])([H])[H])c([H])c([H])c4[H])([H])[H])(C(C([H])([H])[H])(C([H])([H])[H])C([H])([H])[H])C(C([H])([H])[H])(C([H])([H])[H])C([H])([H])[H])[H]
QIQXAR,0,ok,0.0557,53,1,,[Hg+2]1(Cl)(Cl)<-P(c2c(-c3n([H])c4c(p->13)c([H])c(C([H])([H])[H])c([H])c4[H])c([H])c([H])c([H])c2[H])(c1c([H])c([H])c([H])c([H])c1[H])c1c([H])c([H])c([H])c([H])c1[H]
QISGIJ,0,ok,0.0623,75,1,,[Ni+2]12(N(O[H])C(N(C(C(C(C([H])([H])[H])([H])[H])([H])[H])([H])[H])[H])=C(N->1=O)N(C(C(C(C([H])([H])[H])([H])[H])([H])[H])([H])[H])[H])<-N(=O)C(N(C(C(C(C([H])([H])[H])([H])[H])([H])[H])([H])[H])[H])=C(N2O[H])N(C(C(C(C([H])([H])[H])([H])[H])([H])[H])([H])[H])[H]
QITPAL,0,ok,0.0772,64,1,,[Ni+2]12(<-P(c3c([H])c([H])c([H])c([H])c3[H])(c3c([H])c([H])c([H])c([H])c3[H])C([H])([H])C(P->1(c1c([H])c([H])c([H])c([H])c1[H])c1c([H])c([H])c([H])c([H])c1[H])([H])[H])SC(=NS(=O)(=O)C([H])([H])[H])S2
QIVBEC,1,ok,0.1758,59,1,,[Ru+2]123(<-n4c([H])c([H])c([H])c([H])c4-c4n->1c(-c1n->2c([H])c([H])c([H])c1[H])c([H])c([H])c4[H])(<-n1c([H])c([H])c([H])c([H])c1N=N->3c1c([H])c([H])c([H])c(C([H])([H])[H])c1[H])<-N(=O)[O-]
QIWKUE,0,ok,0.0393,34,1,,[Ni]1(<-N([O-])=O)(<-n2c(C([H])([H])[H])c([H])c([H])c3c([H])c([H])c4c(n->1c(C([H])([H])[H])c([H])c4[H])c23)<-N#[O+]
QIXQIZ,0,ok,0.0881,67,1,,[Ru+4]1(Cl)(Cl)(<-O(c2c(C=1[H])c([H])c([H])c([H])c2[H])C([H])(C([H])([H])[H])C([H])([H])[H])<-C1N(c2c(C([H])([H])[H])c([H])c(C([H])([H])[H])c([H])c2C([H])([H])[H])C([H])=C([H])N1C1([H])C([H])([H])C([H])([H])C([H])([H])C1([H])[H]
QIZTOJ,0,ok,0.0931,64,1,,[W+4]123(=O)(<-O=O->1)(<-O=C(N(O2)c1c([H])c([H])c([H])c([H])c1[H])C([H])=C([H])c1c([H])c([H])c([H])c([H])c1[H])ON(c1c([H])c([H])c([H])c([H])c1[H])C(=O->3)C([H])=C([H])c1c([H])c([H])c([H])c([H])c1[H]
QOCNOL,0,ok,0.0535,43,1,,[Ni+4]12(SC3=C(S1)SC(=C1SC4=C(S1)C([H])([H])C([H])([H])C4([H])[H])S3)SC1=C(SC(=C3SC4=C(S3)C([H])([H])C([H])([H])C4([H])[H])S1)S2
QODLUR,0,ok,0.1528,81,1,,C([H])([H])([H])c1c([H])c([H])c([H])c2C([H])([H])P(c3c([H])c([H])c([H])c([H])c3[H])(c3c([H])c([H])c([H])c([H])c3[H])->[Ru+2](Cl)(Cl)(<-n21)<-P(C([H])([H])c1c([H])c([H])c([H])c(C([H])([H])[H])n1)(c1c([H])c([H])c([H])c([H])c1[H])c1c([H])c([H])c([H])c([H])c1[H]
QODWEO,0,ok,0.0787,78,1,,[W+4]12(<-C(#Cc3c([H])c([H])c([H])c([H])c3[H])c3c([H])c([H])c([H])c([H])c3[H])(=O)(<-N3=C(c4c(S1)c([H])c([H])c([H])c4[H])OC([H])([H])C3(C([H])([H])[H])C([H])([H])[H])<-N1=C(c3c(S2)c([H])c([H])c([H])c3[H])OC([H])([H])C1(C([H])([H])[H])C([H])([H])[H]
QOFTEN,0,ok,0.0934,63,1,,[Ir+3]123(SC(N(C([H])([H])C([H])([H])[H])C([H])([H])C([H])([H])[H])=S->1)(<-n1c(-c4c2c([H])c(C(=O)[H])c([H])c4[H])c([H])c([H])c([H])c1[H])<-n1c(-c2c3c([H])c(C(=O)[H])c([H])c2[H])c([H])c([H])c([H])c1[H]
QOHHIF,0,ok,0.0324,35,1,,[Zn+2]12(<-n3c(C(O1)=O)c([H])c(C([H])([H])[H])n3[H])(<-n1c(C(O2)=O)c([H])c(C([H])([H])[H])n1[H])<-O([H])[H].O([H])[H]
QOJSUD,0,ok,0.2466,58,1,,[Y+3]123456789%10%11%12(<-O(C(C(C->1%13=C->2([H])C->3([H])=C->41C([H])=C([H])C([H])=C([H])C51%13)([H])[H])([H])[H])C([H])([H])[H])(<-O(C(C(C->61=C->7([H])C->8([H])=C->92C([H])=C([H])C([H])=C([H])C%1021)([H])[H])([H])[H])C([H])([H])[H])<-[B-]([H]->%11)([H]->%12)([H])[H]
QOKSEO,0,ok,0.1109,56,1,,[Re+5](<-P(c1c([H])c([H])c([H])c([H])c1[H])(c1c([H])c([H])c([H])c([H])c1[H])c1c([H])c([H])c([H])c([H])c1[H])(Cl)(Cl)(OC([H])([H])C([H])([H])[H])=O.n1c([H])c([H])nc([H])c1[H]
QOLYAT,0,ok,0.1459,77,1,,[Fe+2]12(N(C(C([H])([H])[H])=C([H])C(=N->1C([H])([H])c1n->2c([H])c([H])c([H])c1[H])C([H])([H])[H])c1c(C([H])(C([H])([H])[H])C([H])([H])[H])c([H])c([H])c([H])c1C([H])(C([H])([H])[H])C([H])([H])[H])(C(=O)C([H])([H])C(C([H])([H])[H])(C([H])([H])[H])C([H])([H])[H])<-[C-]#[O+]
QOMQOZ,1,ok,0.0754,53,1,,[Fe+2]12(<-n3c(-c4n->1c([H])c([H])c([H])c4[H])nc(-c1c([H])c([H])c([H])c([H])n1)nc3-c1n->2c([H])c([H])c([H])c1[H])(O[N+]([O-])=O)(<-O(C([H])([H])[H])[H])<-O(C([H])([H])[H])[H]
QONNAK,0,ok,0.0855,72,1,,[Y+3]123456(<-N7(C([H])([H])[H])C8([H])C1([H])C->2([H])=C->3([H])C7([H])C([H])([H])C8([H])[H])(<-N1(C([H])([H])[H])C2([H])C->4([H])=C->5([H])C6([H])C1([H])C([H])([H])C2([H])[H])(<-O1C([H])([H])C([H])([H])C([H])([H])C1([H])[H])C([Si](C([H])([H])[H])(C([H])([H])[H])C([H])([H])[H])([H])[H]
QOPKAJ,0,ok,0.1853,85,1,,[Pt+2]12(<-O=C(C(=C(O1)C([H])([H])[H])[H])C([H])([H])[H])<-n1nn(C([H])([H])c3c([H])c([H])c([H])c([H])c3[H])c([H])c1-c1c2c([H])c(B(c2c(C([H])([H])[H])c([H])c(C([H])([H])[H])c([H])c2C([H])([H])[H])c2c(C([H])([H])[H])c([H])c(C([H])([H])[H])c([H])c2C([H])([H])[H])c([H])c1[H]
QOPYIE,1,ok,0.0815,81,1,,[Cu+]12(<-P(c3c([H])c([H])c([H])c([H])c3[H])(c3c([H])c([H])c([H])c([H])c3[H])c3c([H])c([H])c([H])c([H])c3[H])<-N(C([H])([H])[H])(C([H])([H])[H])C([H])([H])C(N->1(C([H])([H])C([H])([H])c1n->2c([H])c([H])c([H])c1[H])C([H])([H])c1c([H])c([H])c([H])c([H])c1[H])([H])[H]
QORJOW,0,ok,0.0603,29,1,,[W+2]12(Sc3n->1c([H])c([H])c([H])c3[H])(Sc1n->2c([H])c([H])c([H])c1[H])(<-[C-]#[O+])(<-[C-]#[O+])<-[C-]#[O+]
QOSGEL,1,ok,0.0874,84,1,,[Fe+2]123(<-O4C([H])([H])C([H])([H])C([H])([H])C4([H])[H])(<-N(=C(c4c([H]->1)c([H])c([H])c([H])c4[H])c1c([H])c([H])c([H])c([H])c1[H])C(C(N->2=C(c1c([H])c([H])c([H])c([H])c1[H])c1c([H])c([H])c([H])c([H])c1[H]->3)([H])[H])([H])[H])C([Si](C([H])([H])[H])(C([H])([H])[H])C([H])([H])[H])([H])[H]
QOTWAY,0,ok,0.0957,61,1,,[Cd+2]1234(<-C(C(=C(c5c([H])c([H])c([H])c([H])c5[H])[H])[H])(=O->1)O2)(<-C(C(=C(c1c([H])c([H])c([H])c([H])c1[H])[H])[H])(O3)=O->4)(<-n1c(C([H])([H])[H])n([H])c([H])c1[H])<-n1c(C([H])([H])[H])n([H])c([H])c1[H]
QOVRIC,0,ok,0.0289,33,1,,I[Pd+2]1<-N(=C(c2c1c([H])c([H])c([H])c2[H])[H])C([H])([H])C([H])([H])C(N(C([H])([H])[H])C([H])([H])[H])([H])[H]
QOXBIP,-1,ok,0.0328,25,1,,[W+2]12(OC(=O)c3nc4c(c([H])c3[H])c([H])c([H])c([H])c4[H])(<-O=O->1)(<-O=O->2)=O
QOXZEK,1,ok,0.1167,65,1,,[Co+3]123<-N4=C5C([H])=C([H])C([H])=C([H])C([H])=C5N1C([H])([H])C([H])([H])C([H])([H])C([H])([H])C([H])([H])C([H])([H])N->2=C1C(=C([H])C([H])=C([H])C([H])=C1[H])N3C([H])([H])C([H])([H])C([H])([H])C([H])([H])C([H])([H])C4([H])[H]
QOZRUT,1,ok,0.0514,52,1,,[Rh+]12(<-[C-]#[O+])<-n3c(C(N->1(C([H])([H])c1n->2c(C([H])([H])[H])c([H])c([H])c1[H])C([H])([H])c1nc(C([H])([H])[H])c([H])c([H])c1[H])([H])[H])c([H])c([H])c([H])c3C([H])([H])[H]
QUBJIG,1,ok,0.0465,46,1,,[Re+5]1(=O)(<-n2c([H])c([H])c([H])c([H])c2-c2n->1c([H])c([H])c([H])c2[H])(C([H])([H])[H])C(=C(C([H])([H])[H])C(=O)OC([H])([H])[H])C(=O)OC([H])([H])[H]
QUBVEP,1,ok,0.0794,74,1,,[Cu+]1(<-N(c2c(C([H])(C([H])([H])[H])C([H])([H])[H])c([H])c([H])c([H])c2C([H])(C([H])([H])[H])C([H])([H])[H])=C(c2n->1c(-c1c(C([H])([H])[H])c([H])c([H])c([H])c1C([H])([H])[H])c([H])c([H])c2[H])C([H])([H])[H])O[n+]1c(Cl)c([H])c([H])c([H])c1Cl
QUDCEY,0,ok,0.1473,41,1,,[I+]([Se]P(->[Fe]1234(<-[C-]#[O+])(<-[C-]#[O+])<-C5([H])=C->1([H])C2([H])C->3([H])=C->45[H])(OC([H])(C([H])([H])[H])C([H])([H])[H])OC([H])(C([H])([H])[H])C([H])([H])[H])I
QUGHUW,0,ok,0.1375,56,1,,[Pt+4]123(<-C4(C([H])([H])[H])=C->1(C([H])([H])[H])C(C([H])([H])[H])=C(C([H])([H])[H])C24C([H])([H])[H])=C(c1c([H])c([H])c([H])c([H])c1[H])C(c1c([H])c([H])c([H])c([H])c1[H])=C([H])C([H])=C3[H]
QUGNAJ,0,ok,0.0806,57,1,,[Ru+2]12(<-P(C([H])([H])C(N->1(C([H])([H])C(N->2(C([H])([H])C([H])([H])[H])C([H])([H])C([H])([H])[H])([H])[H])[H])([H])[H])(c1c([H])c([H])c([H])c([H])c1[H])c1c([H])c([H])c([H])c([H])c1[H])(Cl)(<-[C-]#[O+])[H]
QUHQOZ,0,ok,0.0807,54,1,,[La+3]123456(I)(I)(<-N(C(C(C->17=C->2([H])C->3([H])=C->4(C(C(N->5(C([H])([H])[H])C([H])([H])[H])([H])[H])([H])[H])C67[H])([H])[H])([H])[H])(C([H])([H])[H])C([H])([H])[H])<-O1C([H])([H])C([H])([H])C([H])([H])C1([H])[H]
QULLOY,1,ok,0.0325,39,1,,[Cu+]123(<-O4C([H])=C([H])C([H])([H])N->1([H])C([H])([H])c1n->2c(c([H])c([H])c1[H])C([H])([H])N->3([H])C([H])([H])C([H])([H])C4([H])[H])[Cl+][H]
QUMRUN,0,ok,0.1900,81,1,,[Ir+3]123(<-O=C(C([H])([H])[H])C([H])=C(O1)C([H])([H])[H])(<-n1c4c([H])c([H])c([H])c([H])c4oc1-c1c([H])c([H])c(-c4c([H])c([H])c(F)c([H])c4[H])c([H])c12)<-n1c2c(c([H])c([H])c([H])c2[H])oc1-c1c3c([H])c(-c2c([H])c([H])c(F)c([H])c2[H])c([H])c1[H]
QUNYAA,0,ok,0.1293,53,1,,[Fe+4]12(<-n3c4c(c([H])c([H])c3[H])c3c(c5c([H])c([H])c([H])n->1c45)N=S=N3)(<-N#C[S-])(<-N#C[S-])N1c3c(c4c(c5c3N2C([H])=C([H])C=5[H])N=S=N4)=C([H])C([H])=C1[H]
QUQTIG,0,ok,0.0789,82,1,,C1(->[Ru+4](=C([H])c2c([H])c([H])c([H])c([H])c2[H])(<-C2N(C([H])([H])[H])C(C#N)=C(C#N)N2C([H])([H])[H])(Cl)Cl)N(c2c(C([H])([H])[H])c([H])c(C([H])([H])[H])c([H])c2C([H])([H])[H])C([H])([H])C([H])([H])N1c1c(C([H])([H])[H])c([H])c(C([H])([H])[H])c([H])c1C([H])([H])[H]
QUSBUB,1,ok,0.0864,73,1,,[Ru+4]1234([Si](C([H])([H])[H])(C([H])([H])[H])C([H])([H])[H])(<-N(C(C([H])([H])[H])(C([H])([H])[H])[H])=C(N(C(C([H])([H])[H])(C([H])([H])[H])[H])C=1[H])C([H])([H])[H])<-c1(C([H])([H])[H])c->2(C([H])([H])[H])c(C([H])([H])[H])c(C([H])([H])[H])c->3(C([H])([H])[H])c->41C([H])([H])[H]
QUSVAD,0,ok,0.0580,54,1,,C1(c2c([H])c([H])c([H])c([H])c2O[H])=NN2->[V+5](=O)(Oc3c([H])c([H])c([H])c4c([H])c([H])c([H])nc34)(O1)Oc1c(c([H])c(C([H])([H])[H])c([H])c1[H])C=2C([H])([H])[H]
QUTPEA,0,ok,0.9132,63,1,,[Zr+4]123456789(Cl)(Cl)<-C%10%11=C->1([H])C->2([Si](C([H])([H])[H])(C([H])([H])[H])[Si](C->31=C->4([H])C->52=C->6([C+]->71[H])C([H])([H])C([H])([H])[C-]([H])C([H])([H])C2([H])[H])(C([H])([H])[H])C([H])([H])[H])=C->8([H])C9%10C([H])([H])C([H])([H])[C-]([H])C([H])([H])C%11([H])[H]
QUWBEQ,0,ok,0.0344,38,1,,[Pt+4]12(Cl)(C([H])([H])C(C([H])([H])[H])(C([H])([H])[H])C([H])([H])[H])<-C3([H])=C->1([H])C([H])([H])C([H])([H])C2([H])[C-]([H])C([H])([H])C3([H])[H]
QUWWIP,0,ok,0.0670,30,1,,[Ti+4]1234(Cl)(N(C([H])([H])[H])C([H])([H])[H])(N(C([H])([H])[H])C([H])([H])[H])C5([H])C->1([H])=C->2([H])C->3([H])=C->45[H]
QUZPOS,0,ok,0.0725,72,1,,Br[Ir+]123<-C(c4c(P->1(C([H])(C([H])([H])[H])C([H])([H])[H])C([H])(C([H])([H])[H])C([H])([H])[H])c1c(c([H])c([H])c([H])c1[H])s4)(c1c(P->2(C([H])(C([H])([H])[H])C([H])([H])[H])C([H])(C([H])([H])[H])C([H])([H])[H])c2c(c([H])c([H])c([H])c2[H])s1)=O->3
RABPUH,0,ok,0.2616,72,1,,[Y+3]123456789(N([Si](C([H])([H])[H])(C([H])([H])[H])C([H])([H])[H])[Si](C([H])([H])[H]->1)(C([H])([H])[H])C([H])([H])[H])(<-C1(C([H])([H])[H])=C->2(C([H])([H])[H])C->3([H])=C->4(C([H])([H])[H])C51C([H])([H])[H])<-C1(C([H])([H])[H])=C->6(C([H])([H])[H])C->7([H])=C->8(C([H])([H])[H])C91C([H])([H])[H]
RACJAJ,0,ok,0.1157,58,1,,[Ni+2]123(I)<-n4n([B-]([H])(n5n->1c(-c1c([H])c([H])c([H])c([H])c1[H])c([H])c5[H])n1n->2c(-c2c([H])c([H])c([H])c([H])c2[H])c([H])c1[H])c([H])c([H])c4-c1c([H])c([H])c([H])c([H])c1[H]->3
RACQET,0,ok,0.0686,51,1,,[W+2](Cl)(Cc1sc(N2C([H])([H])C([H])([H])C([H])([H])C([H])([H])C2([H])[H])nc1[H])(<-n1c([H])c([H])c([H])c([H])c1[H])(<-n1c([H])c([H])c([H])c([H])c1[H])(<-[C-]#[O+])<-[C-]#[O+]
RADCUW,0,ok,0.0662,55,1,,[Fe+4]1234(<-n5c([H])c([H])c([H])c([H])c5C([H])=N->1N=C(c1c([H])c([H])c([H])c([H])c1[H])O2)N1C([H])=C([H])C([H])=C([H])C1=C([H])N3N=C(c1c([H])c([H])c([H])c([H])c1[H])O4
RADQIY,0,ok,0.4556,46,1,,[Ta+5]12345678(Cl)(=NN(c9c([H])c([H])c([H])c([H])c9[H])c9c([H])c([H])c([H])c([H])c9[H])(<-C9([H])=C->1([H])C->2([H])=C->3([H])C49[H])<-C1([H])=C->5([H])C6([H])C->7([H])=C->81[H]
RAFJEO,0,ok,0.0694,57,1,,[Fe+2]12(Cl)(Cl)<-O=C(OC([H])([H])C([H])([H])[H])c3n->1c(C(=N->2c1c(C(C([H])([H])[H])(C([H])([H])[H])[H])c([H])c([H])c([H])c1C([H])(C([H])([H])[H])C([H])([H])[H])C([H])([H])[H])c([H])c([H])c3[H]
RAGBEG,0,ok,0.0295,34,1,,[Cd+2]12(<-S=C(N([H])[H])N(N->1=C(C([H])([H])[H])c1c([H])c([H])c([H])c(C(C([H])([H])[H])=O)n->21)[H])(Cl)Cl.O([H])[H]
RAGXII,0,ok,0.0470,31,1,,Br[Zn+2]1(Br)<-S=C(SN->12C([H])([H])C([H])([H])C([H])([H])C([H])([H])C2([H])[H])N(C([H])([H])[H])C([H])([H])[H]
RAJMEV,0,ok,0.0787,65,1,,[Ni+2]12(<-N(=C(C([H])([H])[H])c3c([H])c(Br)c([H])c([H])c3O1)N=C(c1c([H])c([H])c(Cl)c([H])c1[H])O2)<-n1c([H])c([H])c([H])c([H])c1[H].n1c([H])c([H])c([H])c([H])c1[H].n1c([H])c([H])c([H])c([H])c1[H]
RAJZAG,0,ok,0.0362,37,1,,[Mo+6]12(<-N(=C([H])c3c(c(Br)c([H])c(Cl)c3[H])O1)N=C(c1c(Cl)c([H])c([H])c([H])c1[H])O2)(=O)=O.O(C([H])([H])[H])[H]
RAKQEC,0,ok,0.0792,76,1,,C(#CC([H])([H])[H])(C([H])([H])[H])->[Nb+3]12(C3([H])C([H])([H])C3([H])[H])(C#Cc3c([H])c([H])c([H])c([H])c3[H])<-n3c(C([H])([H])[H])c([H])c(C([H])([H])[H])n3[B-](n3c(C([H])([H])[H])c([H])c(C([H])([H])[H])n->13)(n1c(C([H])([H])[H])c([H])c(C([H])([H])[H])n->21)[H]
RALLAT,0,ok,0.0464,43,1,,[Cd+2]12(<-N3=C(n4nc([H])c([H])c4[H])SC([H])([H])C3([H])[H])(<-N3=C(n4nc([H])c([H])c4[H])SC([H])([H])C3([H])[H])(O[N+](=O)O1)O[N+](=O)O2
RAMCUE,0,ok,0.0414,48,1,,[Cd+2]123(<-n4c([H])c([H])c([H])c([H])c4C(=N->1C([H])([H])C([H])([H])C(N->2=C(c1n->3c([H])c([H])c([H])c1[H])C([H])([H])[H])([H])[H])C([H])([H])[H])(<-N#C[S-])<-N#C[S-]
RAMFUH,0,ok,0.0568,48,1,,[Ni+4]12(OC(=O)C([H])([H])N(c3c([H])c([H])c([H])c([H])c3[H])C([H])([H])C(=O)O1)N1C([H])=C([H])C([H])=C([H])C1=C1N2C([H])=C([H])C([H])=C1[H].O([H])[H]
RAMPOM,0,ok,0.0718,76,1,,[Ru+4]12(<-P(c3c(O1)c([H])c([H])c([H])c3[H])(C(C([H])([H])[H])(C([H])([H])[H])C(C([H])([H])[H])(C([H])([H])[H])C([H])([H])[H])c1c([H])c([H])c([H])c([H])c1[H])(<-O(c1c([H])c([H])c([H])c([H])c1C=2[H])C(C([H])([H])[H])(C([H])([H])[H])[H])OC(=O)C(F)(F)F
RANLIB,0,ok,0.0946,33,1,,[Ru+2]12345(Cl)(C6([H])C->1([H])=C->2([H])c1c([H])c([H])c([H])c([H])c16)<-C1([H])=C->3([H])C2([H])C([H])([H])C1([H])C->4([H])=C->52[H]
RAPHUN,0,ok,0.0625,75,1,,[Ni+4](Cl)(Cl)(Cl)=P(N(C(C(N([P+]([H])(C(C([H])([H])[H])(C([H])([H])[H])C([H])([H])[H])C(C([H])([H])[H])(C([H])([H])[H])C([H])([H])[H])C([H])([H])[H])([H])[H])([H])[H])C([H])([H])[H])(C(C([H])([H])[H])(C([H])([H])[H])C([H])([H])[H])C(C([H])([H])[H])(C([H])([H])[H])C([H])([H])[H]
RAPTOU,0,ok,0.0980,60,1,,Br[Fe+2](Sc1c(-c2c(C([H])([H])[H])c([H])c(C([H])([H])[H])c([H])c2C([H])([H])[H])c([H])c([H])c([H])c1-c1c(C([H])([H])[H])c([H])c(C([H])([H])[H])c([H])c1C([H])([H])[H])(<-[C-]#[O+])(<-[C-]#[O+])(<-[C-]#[O+])<-[C-]#[O+]
RAQPOP,1,ok,0.1379,81,1,,[Re+5]12(<-P(C([H])([H])C(N([H])C([H])([H])C(P->1(c1c([H])c([H])c([H])c([H])c1[H])c1c([H])c([H])c([H])c([H])c1[H])([H])[H])([H])[H])(c1c([H])c([H])c([H])c([H])c1[H])c1c([H])c([H])c([H])c([H])c1[H])(=Nc1c([H])c([H])c([H])c([H])c1[H])OC([H])([H])C([H])([H])O2
RARHUO,0,ok,0.0735,63,1,,[V+5]12(=O)Oc3c(C([H])([H])[H])c([H])c(C([H])([H])[H])c([H])c3C([H])([H])N(C([H])([H])c3c(c(C([H])([H])[H])c([H])c(C([H])([H])[H])c3[H])O1)C([H])([H])c1c(c(C([H])([H])[H])c([H])c(C([H])([H])[H])c1[H])O2
RASBIW,0,ok,0.0820,43,1,,[Mo+4]123(=O)(<-O=NC(=N->1[H])c1sc([H])c([H])c1[H])(<-N(O2)=C(N([H])[H])c1sc([H])c([H])c1[H])OC(=C(C(=O->3)C([H])([H])[H])[H])C([H])([H])[H]
RATBOE,0,ok,0.0603,35,1,,[Ni+2]12(Oc3c(C([H])([H])[H])oc([H])c([H])c3=O->1)Oc1c(C([H])([H])[H])oc([H])c([H])c1=O->2.O([H])[H].O([H])[H]
RATSEK,0,ok,0.0465,40,1,,[Cr+2](=C(OC([H])([H])[H])c1c(C#C[Si](C([H])([H])[H])(C([H])([H])[H])C([H])([H])[H])c([H])c([H])c([H])c1[H])(<-[C-]#[O+])(<-[C-]#[O+])(<-[C-]#[O+])<-[C-]#[O+]
RAVVUI,0,ok,0.0974,61,1,,c12N(C(=C3C(=O)c4c([H])c([H])c([H])c([H])c4S(=O)(=O)N3C([H])([H])[H])O[Ru+2]34567(<-c8(C([H])([H])[H])c->3([H])c->4([H])c->5(C(C([H])([H])[H])([H])C([H])([H])[H])c->6([H])c->78[H])(<-n1c([H])c(C([H])([H])[H])s2)Cl)[H]
RAWLAD,1,ok,0.1028,79,1,,[Ir+5]12([H])(<-P(c3c(C=1O[H])c([H])c([H])c([H])c3[H])(c1c([H])c([H])c([H])c([H])c1[H])c1c([H])c([H])c([H])c([H])c1[H])(<-P(c1c(C2=O)c([H])c([H])c([H])c1[H])(c1c([H])c([H])c([H])c([H])c1[H])c1c([H])c([H])c([H])c([H])c1[H])<-N#CC([H])([H])[H]
RAWYAP,0,ok,0.0662,56,1,,[Cu+]12(<-n3n([B-](n4n->1c(C(C(C(F)(F)F)(F)F)(F)F)c([H])c4[H])(n1n->2c(C(C(C(F)(F)F)(F)F)(F)F)c([H])c1[H])[H])c([H])c([H])c3C(C(C(F)(F)F)(F)F)(F)F)<-[C-]#[O+]
RAYCAX,0,ok,0.0871,67,1,,c1([H])c([H])c2c([H])c([H])c([H])c(C([H])([H])[n+]3c([H])c([H])n4c3-c3c([H])c([H])c([H])c([H])c3[Pd+2](Cl)(<-n3c([H])c([H])c([H])c([H])c3[H])C4([H])C(N(c3c([H])c([H])c([H])c([H])c3[H])[H])=O)c2c([H])c1[H]
RAYQIU,0,ok,0.0972,83,1,,[Rh+3]123(OS(C(F)(F)F)(=O->1)=O)[B-](c1c([H])c([H])c([H])c([H])c1[H])(c1c(P->2(C([H])(C([H])([H])[H])C([H])([H])[H])C(C([H])([H])[H])([H])C([H])([H])[H])c([H])c([H])c([H])c1[H])c1c([H])c([H])c([H])c([H])c1P->3(C([H])(C([H])([H])[H])C([H])([H])[H])C([H])(C([H])([H])[H])C([H])([H])[H]
RAYZIC,0,ok,0.0430,39,1,,[Pt+4]1(OC(=C(C(=O->1)C(F)(F)F)[H])C(C([H])([H])[H])(C([H])([H])[H])C([H])([H])[H])(C([H])([H])[H])(C([H])([H])[H])C([H])([H])[H].O([H])[H]
RAZFAA,0,ok,0.1906,84,1,,[Ru+2]12345(Cl)(<-P(c6c([H])c([H])c([H])c([H])c6[H])(c6c([H])c([H])c([H])c([H])c6[H])c6c([H])c([H])c([H])c([H])c6[H])<-n6c([H])c([H])c([H])c([H])c6-c6c([H])c([H])c(C([H])([H])[H])c([H])c6C->16=C->21C([H])=C([H])C([H])=C([H])C31C->4(c1c([H])c([H])c([H])c([H])c1[H])=C->56[H]
RAZVAQ,0,ok,0.1476,81,1,,[Ni+2](OC1=NS(=O)(=O)c2c1c([H])c([H])c([H])c2[H])(<-N(C(C([H])([H])N1C([H])([H])C([H])([H])N([H])C([H])([H])C1([H])[H])([H])[H])([H])[H])(OC1=NS(=O)(=O)c2c1c([H])c([H])c([H])c2[H])<-N(C(C([H])([H])N1C([H])([H])C([H])([H])N([H])C([H])([H])C1([H])[H])([H])[H])([H])[H]
REBZIK,0,ok,0.0671,70,1,,[Ir+3]12([H])(Cl)<-P(c3c([H])c([H])c([H])c([H])c3[Si]1(C([H])([H])[H])c1c([H])c([H])c([H])c([H])c1P->2(C([H])(C([H])([H])[H])C([H])([H])[H])C([H])(C([H])([H])[H])C([H])([H])[H])(C([H])(C([H])([H])[H])C([H])([H])[H])C([H])(C([H])([H])[H])C([H])([H])[H]
RECJUG,0,ok,0.0966,80,1,,C([H])([H])([H])C([H])([H])N(C12N(c3c(C(C([H])([H])[H])([H])C([H])([H])[H])c([H])c([H])c([H])c3C([H])(C([H])([H])[H])C([H])([H])[H])[Ti+4]<-1(<-N=2c1c(C(C([H])([H])[H])([H])C([H])([H])[H])c([H])c([H])c([H])c1C([H])(C([H])([H])[H])C([H])([H])[H])(Cl)(Cl)Cl)C([H])([H])C([H])([H])[H]
REDBUZ,0,ok,0.0679,45,1,,[Ru+6]12(SC(=S->1)N(C([H])([H])[H])C([H])([H])[H])(SC(=S->2)N(C([H])([H])[H])C([H])([H])[H])(=S(=O)(C([H])([H])[H])C([H])([H])[H])=S(=O)(C([H])([H])[H])C([H])([H])[H]
REDWUU,0,ok,0.1657,79,1,,c1(P2(c3c([H])c([H])c([H])c([H])c3[H])c3c4c(c([H])c([H])c3[H])C(C([H])([H])[H])(C([H])([H])[H])c3c([H])c([H])c([H])c5P(c6c([H])c([H])c([H])c([H])c6[H])(c6c([H])c([H])c([H])c([H])c6[H])->[Ru+2]<-2(<-[C-]#[O+])(<-O4c35)(Br)[H])c([H])c([H])c([H])c([H])c1[H]
REFPOH,0,ok,0.1084,61,1,,[Ni+4]123n4c5c([H])c([H])c4=C(C(C([H])([H])[H])(C([H])([H])[H])C([H])([H])[H])c4n1c(c([H])c4[H])C([H])=c1n2c(c([H])c1[H])=C(C(C([H])([H])[H])(C([H])([H])[H])C([H])([H])[H])c1n3c(c([H])c1[H])C=5[H]
REGHES,0,ok,0.1194,73,1,,c12-c3c([Rh+3]45(<-n1c1c(c6c2C(=O)N(C([H])([H])c2c([H])c([H])c([H])c([H])c2[H])C6=O)c([H])c([H])c([H])c1[H])(<-N1(C([H])([H])c2c([H])c([H])c([H])c([H])n->42)C(C(=O)O5)([H])C([H])([H])C([H])([H])C1([H])[H])Cl)c([H])c([H])c([H])c3[H]
REHXIL,0,ok,0.0346,33,1,,[Re+5]1(Cl)(Cl)(<-S(C(C(SC([H])([H])C(O1)([H])[H])([H])[H])([H])[H])C([H])([H])C(OC([H])([H])C([H])([H])[H])([H])[H])=O
REKCIV,1,ok,0.2950,83,1,,C12([H])->[Ru+2]34567(<-C=1([H])C3([H])C->4([H])=C->52[H])(<-O=O->6)<-P1(C(C([H])([H])[H])(C([H])([H])[H])C([H])([H])[H])C([H])([H])N(C([H])([H])c2c([H])c([H])c([H])c([H])c2[H])C([H])([H])P->7(C(C([H])([H])[H])(C([H])([H])[H])C([H])([H])[H])C([H])([H])N(C([H])([H])c2c([H])c([H])c([H])c([H])c2[H])C1([H])[H]
REKVEJ,0,ok,0.3585,38,1,,[Re+]1234(<-C5(C(=Nn6nc7c(n6)C(=O)C(C([H])([H])[H])=C(C([H])([H])[H])C7=O)[H])=C->1([H])C->2([H])=C->3([H])C45[H])(<-[C-]#[O+])(<-[C-]#[O+])<-[C-]#[O+]
RELZEP,0,ok,0.1413,66,1,,[Ru+4]1(<-S(=O)(C([H])([H])[H])C([H])([H])[H])(<-S(=O)(C([H])([H])[H])C([H])([H])[H])(Cl)(=S(=O)(C([H])([H])[H])C([H])([H])[H])<-O=C(C([H])=C(c2c([H])c([H])c([H])c3c2c([H])c([H])c([H])c3[H])[H])c2c([H])c([H])c([H])c([H])c2O1
REMYEQ,0,ok,0.0911,83,1,,[Pd+2](Br)(<-P(C(C([H])([H])[H])(C([H])([H])[H])C([H])([H])[H])(C(C([H])([H])[H])(C([H])([H])[H])C([H])([H])[H])C(C([H])([H])[H])(C([H])([H])[H])C([H])([H])[H])([H])<-P(C(C([H])([H])[H])(C([H])([H])[H])C([H])([H])[H])(C(C([H])([H])[H])(C([H])([H])[H])C([H])([H])[H])C(C([H])([H])[H])(C([H])([H])[H])C([H])([H])[H]
REPBAQ,0,ok,0.1788,52,1,,[Fe+2]1234(<-[C-]#[O+])(<-[C-]#[O+])(C5([H])C->1([H])=C->2([H])C->3([H])=C->45[H])B(Cl)N(C1([H])C([H])([H])C([H])([H])C([H])([H])C([H])([H])C1([H])[H])C1([H])C([H])([H])C([H])([H])C([H])([H])C([H])([H])C1([H])[H]
REQRAG,1,ok,0.3296,35,1,,[W+4]12345678(<-O9C([H])([H])C([H])([H])C([H])([H])C9([H])[H])(<-C9([H])=C->1([H])C->2([H])=C->3([H])C49[H])(<-C1([H])=C->5([H])C->6([H])=C->7([H])C81[H])[H]
RERGUS,1,ok,0.0476,43,1,,n1(C([H])(n2n(->[Pt+4](C(C([H])([H])[H])=O)(C([H])([H])[H])C(=O)C([H])([H])[H])c([H])c([H])c2[H])n2c([H])c([H])c([H])n2)c([H])c([H])c([H])n1
RESKOR,0,ok,0.0458,51,1,,[Ni+2](Cl)(<-n1c(C(C(O[H])(C([H])([H])[H])C([H])([H])[H])([H])[H])c([H])c([H])c([H])c1[H])(Cl)<-n1c(C(C(O[H])(C([H])([H])[H])C([H])([H])[H])([H])[H])c([H])c([H])c([H])c1[H]
RETGEC,1,ok,0.2072,84,1,,[Ru+4]12345(<-P(C(C([H])([H])[H])(C([H])([H])[H])[H])(C(C([H])([H])[H])(C([H])([H])[H])[H])C(C(P->1(C(C([H])([H])[H])(C([H])([H])[H])[H])C(C([H])([H])[H])(C([H])([H])[H])[H])([H])[H])([H])[H])(C1(C([H])([H])[H])C->2(C([H])([H])[H])=C->3(C([H])([H])[H])C->4(C([H])([H])[H])=C->51C([H])([H])[H])(C#CC(OC([H])([H])[H])=O)[H]
RETXOD,0,ok,0.0404,22,1,,[Hg+2](SC1=NC(=O)C(=C(c2sc([H])c([H])c2[H])[H])S1)C([H])([H])[H]
REVSEQ,0,ok,0.0341,33,1,,[Ni]12(<-S=C(C(=S->1)c1c([H])c([H])c([H])c([H])c1[H])[H])<-S=C(C(=S->2)c1c([H])c([H])c([H])c([H])c1[H])[H]
REWQES,0,ok,0.0596,64,1,,[Pd+2](Cl)(Cl)(<-P(c1c([H])c([H])c([H])c([H])c1[H])(c1c([H])c([H])c([H])c([H])c1[H])c1c([H])c([H])c([H])c([H])c1[H])<-[C-]#[N+]C(C([H])([H])[H])(C([H])([H])C(C([H])([H])[H])(C([H])([H])[H])C([H])([H])[H])C([H])([H])[H]
REYFEG,0,ok,0.0429,45,1,,[Ni]12(<-S=C3SC(c4c([H])c([H])c([H])c([H])c4[H])([H])C([H])([H])SC3=S->1)<-S=C1SC(c3c([H])c([H])c([H])c([H])c3[H])([H])C([H])([H])SC1=S->2
REYROC,0,ok,0.0361,33,1,,[V+5]1234(<-S(O1)C([H])([H])C([H])([H])N(c1c(c([H])c([H])c(C([H])([H])[H])c1[H])O2)C([H])([H])C([H])([H])S->3O4)=O
REZDEI,0,ok,0.0393,35,1,,[Zn+2](OC(=O)c1c([H])nc(N([H])[H])nc1[H])(<-O([H])[H])(OC(=O)c1c([H])nc(N([H])[H])nc1[H])<-O([H])[H]
RICJAP,1,ok,0.0685,68,1,,[Ir+]1234(<-n5c(C(N(C([H])([H])c6n->1c(C([H])([H])[H])c([H])c([H])c6[H])C([H])([H])c1c([H])c([H])c([H])c([H])c1[H])([H])[H])c([H])c([H])c([H])c5C([H])([H])[H])<-C1([H])=C->2([H])C([H])([H])C([H])([H])C->3([H])=C->4([H])C([H])([H])C1([H])[H]
RIDZIN,0,ok,1.1396,83,1,,[Zr+4]123456789(Cl)(Cl)<-C%10(=C->1%11C2(C->31=C->4%10C([H])([H])C([H])([H])C([H])([H])C1([H])[H])C([H])([H])C([H])([H])C([H])([H])C%11([H])[H])C(C1([H])C([H])([H])C([H])([H])C([H])([H])C([H])([H])C1([H])[H])([H])C([H])([H])C->51=C->62C7(C->83=C->91C([H])([H])C([H])([H])C([H])([H])C3([H])[H])C([H])([H])C([H])([H])C([H])([H])C2([H])[H]
RIFZOV,0,ok,0.5962,84,1,,[Fe+4]12345(<-[C-]#[O+])(C6([H])C->1([H])=C->2([H])C->3([H])=C->46[H])=P(c1c([H])c([H])c([H])c([H])c1[H])(c1c([H])c([H])c([H])c([H])c1[H])N=P(c1c([H])c([H])c([H])c([H])c1[H])(c1c([H])c([H])c([H])c([H])c1[H])N=P5(c1c([H])c([H])c([H])c([H])c1[H])c1c([H])c([H])c([H])c([H])c1[H]
RIHDUJ,1,ok,0.0655,58,1,,c1([H])c([H])c([H])c([H])c2C([H])([H])N([H])([H])->[Zn+2]345(<-C(C([H])(C([H])([H])C([H])([H])C([H])([H])[H])C([H])([H])C([H])([H])C([H])([H])[H])(=O->3)O4)(<-n12)<-n1c([H])c([H])c([H])c([H])c1C([H])([H])N->5([H])[H]
RIHVOT,0,ok,0.1192,85,1,,[Ni+4]123n4c5c(C(C([H])([H])[H])([H])[H])c(C([H])([H])[H])c4C(C(C([H])([H])[H])([H])[H])=c4n1c(c(C(C([H])([H])[H])([H])[H])c4C([H])([H])[H])=C([H])c1n2c(c(C([H])([H])[H])c1C(C([H])([H])[H])([H])[H])C(C(C([H])([H])[H])([H])[H])=c1n3c(c(C(C([H])([H])[H])([H])[H])c1C([H])([H])[H])=C5[H]
RIKCUJ,0,ok,0.0687,84,1,,[Zr+4]12(<-O([Si](C([H])([H])[H])(C([H])([H])[H])N1C1([H])C([H])([H])C([H])([H])C([H])([H])C([H])([H])C1([H])[H])[Si](C([H])([H])[H])(C([H])([H])[H])N2C1([H])C([H])([H])C([H])([H])C([H])([H])C([H])([H])C1([H])[H])(C([H])([H])c1c([H])c([H])c([H])c([H])c1[H])C([H])([H])c1c([H])c([H])c([H])c([H])c1[H]
RIKWEP,-1,ok,0.1291,67,1,,C12(c3c([H])c([H])c([H])c([H])c3C([H])=Nc3c(C([H])(C([H])([H])[H])C([H])([H])[H])c([H])c([H])c([H])c3C([H])(C([H])([H])[H])C([H])([H])[H])[Sc+3]345(<-C1(C([H])([H])[H])=C->3(C([H])([H])[H])C->4(C([H])([H])[H])=C->52C([H])([H])[H])(Cl)(Cl)Cl
RILZET,0,ok,0.1246,73,1,,[Ni+2]12(<-P(c3c([H])c([H])c([H])c([H])c3[H])(c3c([H])c([H])c([H])c([H])c3[H])C([H])([H])C(P->1(c1c([H])c([H])c([H])c([H])c1[H])c1c([H])c([H])c([H])c([H])c1[H])([H])[H])Sc1c([H])c(OC([H])([H])[H])c(OC([H])([H])[H])c([H])c1S2
RINHED,0,ok,0.1394,17,1,,[Re+3]1234(Br)(<-[C-]#[O+])(<-C5([H])=C->1([H])C2([H])C->3([H])=C->45[H])(Br)<-[C-]#[O+]
RIPMUA,0,ok,0.0336,36,1,,c1([H])c([H])c([H])c2c3c(N(C([H])([H])C([H])([H])N(C([H])([H])[H])(C([H])([H])[H])->[Zn+2](Cl)(Cl)<-n13)[H])c([H])c([H])c2[H]
RIQDAX,1,ok,0.2520,61,1,,[Ir+3]12345(<-[c-]6[n+](C([H])([H])C([n+]7[c-]->1c([H])n(C([H])([H])[H])c7C([H])([H])[H])([H])[H])c(C([H])([H])[H])n(C([H])([H])[H])c6[H])(Cl)<-C1(C([H])([H])[H])=C->2(C([H])([H])[H])C3(C([H])([H])[H])C->4(C([H])([H])[H])=C->51C([H])([H])[H]
RIRDIG,0,ok,0.0726,58,1,,[Ru+2]123456(Cl)(<-O=C(c7c(C([H])([H])[H])nn(C([H])([H])[H])c7O1)C([H])([H])C(C([H])([H])[H])(C([H])([H])[H])C([H])([H])[H])<-c1(C([H])(C([H])([H])[H])C([H])([H])[H])c->2([H])c->3([H])c->4(C([H])([H])[H])c->5([H])c->61[H]
RIRWUK,0,ok,0.3590,26,1,,[Ti+2]123456789%10%11(Cl)(<-C%12([H])=C->1([H])C2([H])C->3([H])=C->4%12[H])<-C1([H])=C->5([H])C->62=C->7([H])C->8([H])=C->9([H])C->%102=C->%111[H]
RISHOQ,0,ok,0.0692,73,1,,[Ta+3]123(<-O=C->14C([H])([H])C([H])([H])C4([H])[H])(OC(C([H])([H])[H])(C([H])([H])[H])C([H])([H])[H])(OC(C([H])([H])[H])(C([H])([H])[H])C([H])([H])[H])<-N(C(c1c2c([H])c([H])c([H])c1[H])([H])[H])(C([H])([H])[H])C(C(N->3(C([H])([H])[H])C([H])([H])[H])([H])[H])([H])[H]
RISXEW,0,ok,0.0880,59,1,,[Ta+5]1234(Cl)(Cl)(Cl)(Cl)(<-P(c5c(C(C([H])([H])[H])(C([H])([H])[H])[H])c([H])c(C(C([H])([H])[H])(C([H])([H])[H])[H])c([H])c5C(C([H])([H])[H])(C([H])([H])[H])[H])([H])[H])C5(C([H])([H])[H])C->1([H])=C->2([H])C->3([H])=C->45[H]
RITJAH,0,ok,0.1239,49,1,,[Pt+2]12(<-O=C(c3sc([H])c([H])c3[H])C(=C(O1)C(F)(F)F)[H])<-C1N(c3c2c([H])c([H])c2c4c([H])c([H])c([H])c([H])c4oc32)C([H])=C([H])N1C([H])([H])[H]
RITYAU,0,ok,0.3046,55,1,,[Mo+4]12345(P(N([Si](C([H])([H])[H])(C([H])([H])[H])C([H])([H])[H])[Si](C([H])([H])[H])(C([H])([H])[H])C([H])([H])[H])c6c([H])c([H])c([H])c([H])c6[H])(<-[C-]#[O+])(C6([H])C->1([H])=C->2([H])C->3([H])=C->46[H])SC5=O
RIVNUG,0,ok,0.1398,74,1,,[Sc+3]123456(<-N(c7c(C1([H])[H])c([H])c([H])c([H])c7[H])(C([H])([H])[H])C([H])([H])[H])<-C1(C([H])([H])[H])=C->2(C([H])([H])[H])C->3(C([H])([H])[H])=C->4(C([H])([H])[H])C51[Si](C([H])([H])[H])(C([H])([H])[H])N6c1c(C([H])([H])[H])c([H])c(C([H])([H])[H])c([H])c1C([H])([H])[H]
RIWVEY,0,ok,0.1650,33,1,,[Ru+4]1234(Cl)(<-C5([H])=C->1([H])C->2([H])=C->3([H])C45[H])(<-[C-]#[O+])=C(OC([H])([H])C([H])([H])[H])C([H])([H])C([H])([H])C([H])([H])[H]
RIXSID,0,ok,0.0729,68,1,,[Au+](Cl)C(N=C1C([H])([H])C([H])([H])C([H])([H])C([H])([H])C1([H])[H])([H])c1[n+](-c2c(C([H])([H])[H])c([H])c(C([H])([H])[H])c([H])c2C([H])([H])[H])c([H])c([H])n1-c1c(C([H])([H])[H])c([H])c(C([H])([H])[H])c([H])c1C([H])([H])[H]
RIYHOW,1,ok,0.0397,39,1,,[Mo+6]123(=O)(<-O=c4n([H])c(N([H])[H])nc5c4N1C([H])([H])C([H])([H])N5[H])<-n1c(c([H])c([H])c([H])c1C([H])([H])S2)C([H])([H])S3
RIZNUL,1,ok,0.0895,53,1,,[Os+4]1234(<-n5n([B-](n6n->1c([H])c([H])c6[H])(n1n->2c([H])c([H])c1[H])[H])c([H])c([H])c5[H])(=c1n([H])c(C([H])([H])[H])c([H])c([H])c1[H])(<-C([H])([H])=C->3([H])[H])<-C([H])([H])=C->4([H])[H]
ROBJAT,0,ok,0.0868,33,1,,[Mn+]1234(<-[C-]#[O+])(<-[C-]#[O+])(<-[C-]#[O+])C5([H])C->1([H])=C->2([H])C(c1c([H])c([H])c([H])c([H])c1[H])([H])c->31sc([H])c([H])c->415
ROCGOF,1,ok,0.0525,38,1,,[Fe+2]1234(<-[C-]#[O+])(<-[C-]#[O+])(<-[C-]#[O+])<-C5([H])=C->1(OC([H])([H])[H])C->2([H])=C->3([H])C4(C(c1c([H])c([H])c([H])c([H])c1[H])=C([H])[H])C5([H])[H]
ROCVUD,1,ok,0.0417,41,1,,[Mo+6]12(<-N(=C([H])c3c(c(OC([H])([H])[H])c([H])c([H])c3[H])O1)N=C(c1c([H])c([H])c([H])[n+]([H])c1[H])O2)(=O)(=O)<-O(C([H])([H])[H])[H]
RODFIZ,0,ok,0.0767,77,1,,[Ni]12(<-S=C(c3c([H])c([H])c([H])c([H])c3[H])C([H])=C(N->1=NC(=S->2)c1c([H])c([H])c([H])c([H])c1[H])c1c([H])c([H])c([H])c([H])c1[H])<-P(c1c([H])c([H])c([H])c([H])c1[H])(c1c([H])c([H])c([H])c([H])c1[H])c1c([H])c([H])c([H])c([H])c1[H]
RODVIQ,0,ok,0.0298,29,1,,[Hg+2]1(I)(I)<-n2c([H])c(C([H])([H])[H])c([H])c([H])c2-c2n->1c([H])c(C([H])([H])[H])c([H])c2[H]
ROFVIR,1,ok,1.0933,67,1,,[V+3]123456789(<-C%10(=C->1([H])C2([H])C->3([H])=C->4%10[H])C(C([H])([H])[H])(C([H])([H])[H])C(C([H])([H])[H])(C([H])([H])[H])C->51=C->6([H])C7([H])C->8([H])=C->91[H])(<-[C-]#[N+]C(C([H])([H])[H])(C([H])([H])[H])C([H])([H])[H])<-[C-]#[N+]C(C([H])([H])[H])(C([H])([H])[H])C([H])([H])[H]
ROGXIV,0,ok,0.1631,61,1,,[Ta+5]123456(<-S(c7c(c(Cl)c([H])c(Cl)c7[H])O1)c1c([H])c(Cl)c([H])c(Cl)c1O2)(OS(=O)(=O)C(F)(F)F)(C([H])([H])[H])C1(C([H])([H])[H])C->3(C([H])([H])[H])=C->4(C([H])([H])[H])C->5(C([H])([H])[H])=C->61C([H])([H])[H]
ROJBAT,0,ok,0.0339,35,1,,[Cr]1234(<-s5c->1(C(O[H])(C([H])([H])[H])[H])c->2([Si](C([H])([H])[H])(C([H])([H])[H])C([H])([H])[H])c->3([H])c->45[H])(<-[C-]#[O+])(<-[C-]#[O+])<-[C-]#[O+]
ROJNIQ,0,ok,0.1574,68,1,,[H]n1c(=S->[Ru+2]234(<-S=c5sc6c([H])c([H])c([H])c([H])c6n5[B-]([H]->2)([H])n2c(=S->3)sc3c([H])c([H])c([H])c([H])c32)<-S=c2sc3c([H])c([H])c([H])c([H])c3n2P4(OC([H])([H])[H])=O)sc2c([H])c([H])c([H])c([H])c21
ROJXOE,0,ok,0.2116,42,1,,[C-](#[O+])->[Mn+3]1234(<-[C-]#[O+])(=C(C([H])([H])[H])P(c5c(C([H])([H])[H])c([H])c(C([H])([H])[H])c([H])c5C([H])([H])[H])[H])<-C5([H])=C->1([H])C2([H])C->3([H])=C->45[H]
ROLDOL,1,ok,0.1142,85,1,,[W+2]12(<-[C-]#[O+])(<-C(C([H])([H])[H])#Cc3c([H])c([H])c([H])c([H])c3[H])(C([N+](=C(c3c([H])c([H])c([H])c([H])c3[H])[H])C([H])([H])[H])([H])[H])<-n3n([B-](n4n->1c(C([H])([H])[H])c([H])c4C([H])([H])[H])(n1n->2c(C([H])([H])[H])c([H])c1C([H])([H])[H])[H])c(C([H])([H])[H])c([H])c3C([H])([H])[H]
ROMGIJ,1,ok,0.0871,81,1,,[Ir+3]1(Cl)(<-P(c2c([H])c([H])c([H])c([H])c2[H])(c2c([H])c([H])c([H])c([H])c2[H])c2c([H])c([H])c([H])c([H])c2[H])(<-P(c2c([H])c([H])c([H])c([H])c2[H])(c2c([H])c([H])c([H])c([H])c2[H])c2c([H])c([H])c([H])c([H])c2[H])(<-[C-]#[O+])C([H])([H])C(=[O+][H])C1([H])[H]
ROMQIT,0,ok,0.0730,75,1,,[Mn+](<-P(C(C([H])([H])[H])([H])[H])(C(C([H])([H])[H])([H])[H])C(C([H])([H])[H])([H])[H])(<-P(C(C([H])([H])[H])([H])[H])(C(C([H])([H])[H])([H])[H])C(C([H])([H])[H])([H])[H])(<-[C-]#[O+])(<-[C-]#[O+])<-[C-]#[O+].c1([H])c([H])c([H])c2[c-]([H])c3c([H])c([H])c([H])c4c([H])c([H])c1c2c34
RONRUH,0,ok,0.0927,50,1,,[Ta+5]1234(<-C5([H])=C->1([H])C2([H])C->3([H])=C->45[H])([c-]1c([H])c([H])c([H])c1[H])(N(C(C([H])([H])[H])([H])[H])C(C([H])([H])[H])([H])[H])N(C(C([H])([H])[H])([H])[H])C(C([H])([H])[H])([H])[H]
RORKUE,0,ok,0.1083,40,1,,[Fe+2]123(<-N(=C([H])C([H])=N->1c1c(c([H])c([H])c([H])c1[H])S2)c1c(c([H])c([H])c([H])c1[H])S3)<-n1c([H])c([H])c([H])c([H])c1[H]
ROVXEH,1,ok,0.0571,53,1,,[Cu+3]12(Oc3n(-c4n->1n([H])c(C([H])([H])[H])c4[H])c([O-])c1c3SC([H])([H])C([H])([H])S1)<-O=C1N(c3n->2n([H])c(C([H])([H])[H])c3[H])C(=O)C2=C1SC([H])([H])C([H])([H])S2
ROXFER,0,ok,0.0372,44,1,,[Ru+2]123(Cl)(Cl)(<-N([H])(C(C(N(C([H])([H])[H])C([H])([H])[H])([H])[H])([H])[H])C([H])([H])[H])<-C4([H])=C->1([H])C([H])([H])C([H])([H])C->2([H])=C->3([H])C([H])([H])C4([H])[H]
RUCMAE,0,ok,0.0257,22,1,,[Zn+2]12(Cl)(Cl)<-O(C([H])([H])c3n->1c(C(O->2[H])([H])[H])c([H])c([H])c3[H])[H]
RUGVUL,0,ok,0.1224,75,1,,[Ni+2]1234(n5c([H])c([H])c([H])nc->15=N->2S(=O)(=O)c1c([H])c([H])c(N([H])[H])c([H])c1[H])(n1c([H])c([H])c([H])nc->31=N->4S(=O)(=O)c1c([H])c([H])c(N([H])[H])c([H])c1[H])<-n1c([H])c([H])c([H])c([H])c1[H].n1c([H])c([H])c([H])c([H])c1[H]
RUJKOW,0,ok,0.0479,49,1,,[Cr+2](<-[C-]#[O+])(<-[C-]#[O+])(<-[C-]#[O+])(<-[C-]#[O+])(<-[C-]#[O+])=C1C2(C([H])([H])C([H])([H])C([H])([H])C([H])([H])C2([H])[H])C(N(C(C([H])([H])[H])([H])[H])C(C([H])([H])[H])([H])[H])=C1C([H])([H])[H]
RUJYEA,0,ok,0.1145,85,1,,[Zr+4]123(<-N4=C5C(=C([H])C([H])=C([H])C([H])=C5[H])N1C([H])([H])C([H])([H])C([H])([H])C([H])([H])N->2=C1C(=C([H])C([H])=C([H])C([H])=C1[H])N3C([H])([H])C([H])([H])C([H])([H])C4([H])[H])(C([Si](C([H])([H])[H])(C([H])([H])[H])C([H])([H])[H])([H])[H])C([Si](C([H])([H])[H])(C([H])([H])[H])C([H])([H])[H])([H])[H]
RUKPES,0,ok,0.0828,51,1,,[Re+5](Cl)(Cl)(<-P(c1c(N(C([H])([H])[H])C([H])([H])[H])c([H])c([H])c([H])c1[H])(c1c([H])c([H])c([H])c([H])c1[H])c1c([H])c([H])c([H])c([H])c1[H])(=O)OC([H])([H])[H]
RULTEZ,0,ok,0.0657,80,1,,[Ni+2]1(<-P(OC([H])(C([H])([H])[H])C([H])([H])[H])(OC([H])(C([H])([H])[H])C([H])([H])[H])OC([H])(C([H])([H])[H])C([H])([H])[H])(<-C2N(C(C([H])([H])[H])(C([H])([H])[H])C([H])([H])[H])C([H])=C([H])N2C(C([H])([H])[H])(C([H])([H])[H])C([H])([H])[H])C(F)(F)C(F)(F)C(F)(F)C1(F)F
RUMPIA,0,ok,0.0698,60,1,,c1([H])c([H])c([H])c([H])c2c([H])c([H])c3c([H])c([H])c4c([H])c([H])c5c([H])c([H])c6c([H])c([H])c7c8(->[Ag+](<-c8([H])c([H])c([H])c7c6c5c4c3c12)(OS(=O)(=O)C(F)(F)F)<-O([H])[H])[H]
RUNDEJ,1,ok,0.0653,55,1,,[Pd+2]1(<-P(C(C([H])([H])[H])([H])[H])(C(C([H])([H])[H])([H])[H])C(C([H])([H])[H])([H])[H])(<-O([H])[H])<-N(=Nc2c1c([H])c(C([H])([H])[H])c([H])c2[H])c1c([H])c([H])c(C([H])([H])[H])c([H])c1[H]
RUNMAP,0,ok,0.0645,47,1,,[Ru+2]123456(I)(<-c7(C([H])([H])[H])c->1([H])c->2([H])c->3(C([H])(C([H])([H])[H])C([H])([H])[H])c->4([H])c->57[H])c1c([H])c([H])c([H])c([H])c1N1C([H])=C([H])N(C([H])([H])[H])C->61
RUPHIV,-1,ok,0.0302,25,1,,[Au+3]12(Sc3sc(SC([H])([H])[H])nc3S1)Sc1c(sc(SC([H])([H])[H])n1)S2
RUQLIA,0,ok,0.0616,56,1,,[Zn+2]123(<-n4c([H])c([H])c([H])c([H])c4N(c4n->1c([H])c([H])c([H])c4[H])C([H])([H])c1c4c([H])c([H])c([H])c([H])c4c([H])c4c([H])c([H])c([H])c([H])c14)(O[N+](=O)O2)O[N+](=O)O3
RUQYUX,0,ok,0.0566,82,1,,[Os+4](Cl)(=C([Si](C([H])([H])[H])(C([H])([H])[H])C([H])([H])[H])[H])(<-[C-]#[O+])(<-P(C(C([H])([H])[H])(C([H])([H])[H])[H])(C(C([H])([H])[H])(C([H])([H])[H])[H])C(C([H])([H])[H])(C([H])([H])[H])[H])(<-P(C(C([H])([H])[H])(C([H])([H])[H])[H])(C(C([H])([H])[H])(C([H])([H])[H])[H])C(C([H])([H])[H])(C([H])([H])[H])[H])[H]
RURGES,0,ok,0.0866,84,1,,[La+3]123456789%10%11%12(<-N(=C(N(C([H])(C([H])([H])[H])C([H])([H])[H])[B-2]->1%13[C+]->2([H])[C+]->3([H])C->4([H])=C->5([H])[C+]->6%13[H])[H])C([H])(C([H])([H])[H])C([H])([H])[H])(<-C1([H])=C->7([H])[C+]->8([H])[C+]->9([H])[C+]->%10([H])[B-2]->%111C#Cc1c([H])c([H])c([H])c([H])c1[H])C(=[C-]c1c([H])c([H])c([H])c([H])c1[H])[B-]%121C([H])=C([H])C([H])=C([H])[C-]1[H]
RURNEZ,0,ok,0.0814,83,1,,[Ir+3]12([H])(C(c3c(P->1(C([H])(C([H])([H])[H])C([H])([H])[H])C([H])(C([H])([H])[H])C([H])([H])[H])c([H])c([H])c([H])c3[H])(c1c(P->2(C([H])(C([H])([H])[H])C([H])([H])[H])C([H])(C([H])([H])[H])C([H])([H])[H])c([H])c([H])c([H])c1[H])c1c(OC([H])([H])[H])c([H])c([H])c([H])c1[H])([H])<-[C-]#[O+]
RUSFIU,0,ok,0.0833,59,1,,[Cd+2]123<-N4=C5C(=C([H])C([H])=C([H])C([H])=C5[H])N1C([H])([H])C([H])([H])C([H])([H])C([H])([H])C([H])([H])N2C1=C([H])C([H])=C([H])C([H])=C([H])C1=N->3C([H])([H])C([H])([H])C([H])([H])C([H])([H])C4([H])[H]
RUVDAP,0,ok,0.0436,46,1,,[Zn+2]1234(<-n5c([H])c([H])c([H])c([H])c5C(N->1(C([H])([H])c1n->2c([H])c([H])c([H])c1[H])C([H])([H])C(=O)OC([H])([H])[H])([H])[H])(O[N+](=O)O3)O[N+](=O)O4
RUVZAK,0,ok,0.0193,18,1,,[Zn+2](I)(I)(I)<-n1c([H])c([H])[n+](C([H])([H])[H])c([H])c1[H]
RUXHAT,1,ok,0.1318,72,1,,[Cd+2]1234(<-O=C->1(O2)C(n1c2c([H])c([H])c([H])c([H])c2c2c([H])c([H])c([H])c([H])c12)([H])[H])(<-n1c([H])c([H])c([H])c2c([H])c([H])c5c([H])c([H])c([H])n->3c5c12)<-n1c([H])c([H])c([H])c2c([H])c([H])c3c([H])c([H])c([H])n->4c3c12
RUYREI,0,ok,0.0328,44,1,,[Ti+4]123(Cl)(N(N->1(C([H])([H])[H])C([H])([H])[H])C([H])([H])[H])(N(N->2(C([H])([H])[H])C([H])([H])[H])C([H])([H])[H])N(N->3(C([H])([H])[H])C([H])([H])[H])C([H])([H])[H]
RUZQIM,1,ok,0.0370,44,1,,[Zn+2]12(<-S=C(N([H])C([H])([H])[H])N([H])N->1([H])[H])(<-S=C(N([H])C([H])([H])[H])N([H])N->2([H])[H])OC(=O)c1c([H])c([H])c([H])c([H])c1C(=O)O[H]
SABBEC,0,ok,0.3376,50,1,,[Nb+5]12345678(=O)(C([H])([H])[H])(<-C9([Si](C([H])([H])[H])(C([H])([H])[H])C([H])([H])[H])=C->1([H])C->2([H])=C->3([H])C49[H])<-C1([Si](C([H])([H])[H])(C([H])([H])[H])C([H])([H])[H])=C->5([H])C6([H])C->7([H])=C->81[H]
SABJEL,0,ok,0.0475,44,1,,[V+5]12(=O)(Oc3c(O[H])c(Cl)c(Cl)c(Cl)c3Cl)<-N(=C([H])c3c([H])c([H])c([H])c([H])c3O1)C([H])(C([H])(C([H])([H])[H])C([H])([H])[H])C(=O)O2
SADFEL,1,ok,0.0557,49,1,,[Cd+2]12345(<-S(C(c6n->1c([H])c([H])c([H])c6[H])([H])[H])C([H])([H])c1n->2c(C(S->3C([H])([H])c2n->4c([H])c([H])c([H])c2[H])([H])[H])c([H])c([H])c1[H])O[Cl+3]([O-])([O-])O5
SADYON,0,ok,0.0489,52,1,,[Co+3]12(Cl)(N(O[H])C(=C(N->1=O)C([H])([H])[H])C([H])([H])[H])(<-N(=O)C(=C(N2O[H])C([H])([H])[H])C([H])([H])[H])<-n1c([H])c([H])c([H])c(C(OC([H])([H])C([H])([H])[H])=O)c1[H]
SAFMUH,0,ok,0.0293,37,1,,[Cu+3]12(Br)<-S=C(SC1(N(C(C([H])([H])[H])([H])[H])C(C([H])([H])[H])([H])[H])S2)N(C(C([H])([H])[H])([H])[H])C(C([H])([H])[H])([H])[H]
SAGMES,0,ok,0.4006,39,1,,[Ta+3]123456789%10(<-C(=C->1(C(=C(C2([H])[H])C([H])([H])[H])C([H])([H])[H])[H])([H])[H])(<-C1([H])=C->3([H])C->4([H])=C->5([H])C61[H])<-C1([H])=C->7([H])C->8([H])=C->9([H])C%101[H]
SAGZAB,0,ok,0.2594,39,1,,[Mn+3]1234(<-[C-]#[O+])(<-[C-]#[O+])(=C(Sc5c([H])c([H])c([H])c([H])c5[H])c5c([H])c([H])c([H])c([H])c5[H])<-C5([H])=C->1([H])C2([H])C->3([H])=C->45[H]
SAHZOT,0,ok,0.1108,75,1,,[Ni+2]123<-N(=C(c4c([H])c([H])c([H])c([H])c4[H])c4c(c([H])c([H])c(Cl)c4[H])N1C(=O)C1([H])N->2(C([H])([H])c2c([H])c(Cl)c(Cl)c([H])c2[H])C([H])([H])C([H])([H])C1([H])[H])C([H])(C([H])([H])c1c([H])n([H])c2nc([H])c([H])c([H])c12)C(=O)O3
SAKFOB,1,ok,0.0626,64,1,,[Re+](<-P(c1c([H])c([H])c([H])c([H])c1[H])(c1c([H])c([H])c([H])c([H])c1[H])c1c([H])c([H])c([H])c([H])c1[H])(<-n1c([H])c([H])c([H])c([H])c1C(O[H])([H])C([H])([H])C(=O)C([H])([H])[H])(<-[C-]#[O+])(<-[C-]#[O+])<-[C-]#[O+]
SAKREB,0,ok,0.0640,70,1,,[W+4]1(Cl)(<-P(C([H])([H])[H])(C([H])([H])[H])C([H])([H])[H])(<-P(C([H])([H])[H])(C([H])([H])[H])C([H])([H])[H])(<-C(#C[H])c2c([H])c([H])c([H])c([H])c2[H])=C(c2c([H])c([H])c([H])c([H])c2[H])C([H])=C(c2c([H])c([H])c([H])c([H])c2[H])C1=O
SALECO,0,ok,0.0370,34,1,,[Co+3]123<-N(=C([H])c4c([H])c([H])c([H])c([H])c4O1)C([H])([H])C([H])([H])N2C([H])=C1C([H])=C=C([H])C([H])=C1O3
SAMKOG,0,ok,0.1630,50,1,,[Mn+]1234(<-C5(Sc6c([H])c([H])c([H])c([H])c6[H])=C->1(Cl)C2(Sc1c([H])c([H])c([H])c([H])c1[H])C->3(Cl)=C->45Sc1c([H])c([H])c([H])c([H])c1[H])(<-[C-]#[O+])(<-[C-]#[O+])<-[C-]#[O+]
SAPQAC,0,ok,0.2978,72,1,,[Ir+3]12345(<-P(OC([H])([H])[H])(OC([H])([H])[H])OC([H])([H])[H])(<-C6(C([H])([H])[H])=C->1(C([H])([H])[H])C->2(C([H])([H])[H])=C->3(C([H])([H])[H])C46C([H])([H])[H])SC(C(=O)OC([H])([H])[H])=C(C(=O)OC([H])([H])[H])SC5(C(=O)OC(C([H])([H])[H])([H])[H])[H]
SAQCOC,0,ok,0.0729,53,1,,[Hg+2]12([Se]c3c([H])c([H])c([H])c([H])c3C3=N->1C(C([H])([H])[H])(C([H])([H])[H])C([H])([H])O3)[Se]c1c([H])c([H])c([H])c([H])c1C1=N->2C(C([H])([H])[H])(C([H])([H])[H])C([H])([H])O1
SAQXEO,-1,ok,0.0419,37,1,,[Pd+2](N1C(=O)C([H])([H])C([H])([H])C1=O)(c1c(F)c(F)c(F)c(F)c1F)(N1C(=O)C([H])([H])C([H])([H])C1=O)<-O([H])[H]
SASHUP,0,ok,0.2808,59,1,,[W+4]1234567(SC(C([H])([H])[H])(C([H])([H])[H])[H])(<-C8([H])=C->1([H])C->2([H])=C->3([H])C48[H])<-C(C(F)(F)F)(=C->5(C(F)(F)F)C(C([H])([H])[H])=C6c1c([H])c([H])c([H])c([H])c1[H])C(C(F)(F)F)=C7C(F)(F)F
SASNAD,0,ok,0.0897,80,1,,[Ni+2]12(Br)(Br)<-n3c(C(=N->1c1c(C([H])([H])[H])c([H])c(C([H])([H])[H])c([H])c1C([H])([H])[H])Sc1c([H])c([H])c([H])c([H])c1[H])c([H])c([H])c([H])c3C(=N->2c1c(C([H])([H])[H])c([H])c(C([H])([H])[H])c([H])c1C([H])([H])[H])Sc1c([H])c([H])c([H])c([H])c1[H]
SATLAC,1,ok,0.0572,53,1,,[Zn+2]123(Cl)<-N4(C([H])([H])[H])C([H])([H])C([H])([H])N->1([H])C([H])([H])C([H])([H])N->2(C([H])([H])[H])C([H])([H])C([H])([H])N->3(c1c([H])c([H])c([N+]([O-])=O)c2nonc12)C([H])([H])C4([H])[H]
SATXIW,0,ok,0.0775,72,1,,[Ir+3]123(<-n4n([B-](n5n->1c(C([H])([H])[H])c([H])c5C([H])([H])[H])(n1n->2c(C([H])([H])[H])c([H])c1C([H])([H])[H])[H])c(C([H])([H])[H])c([H])c4C([H])([H])[H])(<-n1c(C3([H])[H])c([H])c([H])c([H])c1C([H])([H])[H])c1c([H])c([H])c([H])c([H])c1[H]
SAWMUY,1,ok,0.0804,70,1,,[Rh+]12345(<-P6(c7c([H])c([H])c([H])c([H])c7[H])C([H])([H])C([H])([H])C([H])([H])N->1([H])C([H])([H])C([H])([H])C([H])([H])P->2(c1c([H])c([H])c([H])c([H])c1[H])c1c6c([H])c([H])c([H])c1[H])<-C1([H])=C->3([H])C2([H])C->4([H])=C->5([H])C1([H])C2([H])[H]
SAXSEQ,1,ok,0.2653,75,1,,[Sc+3]12345678([F+]c9c([H])c([H])c([H])c([H])c9[H])([F+]c9c([H])c([H])c([H])c([H])c9[H])(<-C9(C([H])([H])[H])=C->1(C([H])([H])[H])C->2(C([H])([H])[H])=C->3(C([H])([H])[H])C49C([H])([H])[H])C1(C([H])([H])[H])C->5(C([H])([H])[H])=C->6(C([H])([H])[H])C->7(C([H])([H])[H])=C->81C([H])([H])[H]
SAYZAV,0,ok,0.2871,82,1,,[Fe+4]12(Br)n3c4c([H])c([H])c3=C(c3c([H])c([H])c([H])c([H])c3[H])c3n1c(c([H])c3[H])C(c1c([H])c([H])c([H])c([H])c1[H])=c1n2c(c([H])c1[H])=C(c1c([H])c([H])c([H])c([H])c1[H])c1c(C([H])([H])[H])c(n([H])c1[H])C=4c1c([H])c([H])c([H])c([H])c1[H]
SAZXUN,0,ok,0.0843,83,1,,[Ag+]1(<-n2c([H])n([H])c(C(O[H])=O)c2C(O1)=O)(<-P(c1c([H])c([H])c([H])c([H])c1[H])(c1c([H])c([H])c([H])c([H])c1[H])c1c([H])c([H])c([H])c([H])c1[H])<-P(c1c([H])c([H])c([H])c([H])c1[H])(c1c([H])c([H])c([H])c([H])c1[H])c1c([H])c([H])c([H])c([H])c1[H]
SECKUG,0,ok,0.1382,65,1,,[Zr+4]12345(<-P(C([Si](N1[Si](C(P->2(C([H])([H])[H])C([H])([H])[H])([H])[H])(C([H])([H])[H])C([H])([H])[H])(C([H])([H])[H])C([H])([H])[H])([H])[H])(C([H])([H])[H])C([H])([H])[H])(<-C(C3([H])C4([H])[H])(=C->5([H])[H])[H])c1c([H])c([H])c([H])c([H])c1[H]
SEDCIO,0,ok,0.0690,40,1,,[Pd+2]1(Cl)<-n2c(-c3c1c([H])c([H])c([H])c3[H])c([H])c([H])c1c([H])c([H])c([H])c(N(c3c([H])c([H])c([H])c([H])c3[H])[H])c21
SEFTAB,-1,ok,0.0487,59,1,,[Cu+3]12(C([Si](C([H])([H])[H])(C([H])([H])[H])C([H])([H])[H])=C(C([H])([H])[H])c3c1c([H])c([H])c([H])c3[H])C([Si](C([H])([H])[H])(C([H])([H])[H])C([H])([H])[H])=C(C([H])([H])[H])c1c2c([H])c([H])c([H])c1[H]
SEHPUS,0,ok,0.1715,81,1,,C1([H])=N2->[Pd+2]34<-N(=C([H])c5c([H])c([H])c(n53)C3(c5c([H])c([H])c1n54)c1c([H])c([H])c([H])c([H])c1-c1c([H])c([H])c([H])c([H])c13)c1c([H])c([H])c([H])c([H])c1OC([H])([H])C([H])([H])N(C([H])([H])[H])C([H])([H])C([H])([H])Oc1c([H])c([H])c([H])c([H])c12
SEJYAJ,0,ok,0.1311,55,1,,[W+4]123(=O)(<-N(=C->1([H])c1c([H])c([H])c([H])c([H])c1[H])c1c([H])c([H])c([H])c([H])c1[H])(OC(=C([H])C(=O->2)C([H])([H])[H])C([H])([H])[H])OC(=C([H])C(=O->3)C([H])([H])[H])C([H])([H])[H]
SEKPOQ,0,ok,0.1178,78,1,,P(c1c([H])c([H])c([H])c([H])c1[H])(c1c([H])c([H])c([H])c([H])c1[H])(c1c([H])c([H])c([H])c([H])c1[H])->[Rh+3]1(<-P(c2c([H])c([H])c([H])c([H])c2[H])(c2c([H])c([H])c([H])c([H])c2[H])c2c([H])c([H])c([H])c([H])c2[H])(Cl)(Cl)OC(=O->1)C([H])([H])[H]
SELLUQ,0,ok,0.0259,22,1,,[Fe]123(<-[C-]#[O+])(<-[C-]#[O+])(<-[C-]#[O+])<-c4([H])c([H])c([H])c([H])c([H])c->14C->2(=C->3=O)[H]
SEMHUQ,0,ok,0.0577,80,1,,C1([H])=C([H])P(C(C([H])([H])[H])(C([H])([H])[H])C([H])([H])[H])(C(C([H])([H])[H])(C([H])([H])[H])C([H])([H])[H])->[Os+4](<-[C-]#[N+]C(C([H])([H])[H])(C([H])([H])[H])C([H])([H])[H])(#N)<-P(C(=C([H])[N-]1)[H])(C(C([H])([H])[H])(C([H])([H])[H])C([H])([H])[H])C(C([H])([H])[H])(C([H])([H])[H])C([H])([H])[H]
SEPKUU,0,ok,0.0474,28,1,,[Pd+2]12(SC(=NN->1=C(c1c(O[H])c([H])c([H])c([H])n->21)[H])N([H])C([H])([H])C([H])([H])[H])Cl
SEPZOC,0,ok,0.0797,69,1,,[Cr+6]1(=NC(C([H])([H])[H])(C([H])([H])[H])C([H])([H])[H])(=NC(C([H])([H])[H])(C([H])([H])[H])C([H])([H])[H])C([Si](C([H])([H])[H])(C([H])([H])[H])C([H])([H])[H])([H])c2c(c([H])c([H])c([H])c2[H])C1([Si](C([H])([H])[H])(C([H])([H])[H])C([H])([H])[H])[H]
SEQVAL,0,ok,0.1191,69,1,,[Ru+4]1234(<-P(c5c([H])c([H])c([H])c([H])c5[H])(c5c([H])c([H])c([H])c([H])c5[H])c5c([H])c([H])c([H])c([H])c5[H])(Cl)(<-C5(C([H])([H])[H])=C(C([H])([H])[H])C1(C([H])([H])[H])C->2(C([H])([H])[H])=C->35C([H])([H])[H])C([H])=C([H])C([H])=C4[H]
SERTUE,0,ok,1.0699,66,1,,[Zr+4]123456789(Cl)(<-C%10(=C->1%11C2(C->3([Si](C([H])([H])[H])(C([H])([H])[H])C([H])([H])[H])=C->4%10[H])C([H])=C([H])C([H])=C%11[H])C(C([H])([H])[H])(C([H])([H])[H])C->51=C->62C7(C->8([Si](C([H])([H])[H])(C([H])([H])[H])C([H])([H])[H])=C->91[H])C([H])=C([H])C([H])=C2[H])Cl
SESXIZ,0,ok,0.0678,61,1,,[Pt+4](Cl)(Cl)(=S(=O)(C([H])([H])[H])C([H])([H])[H])<-N(=C(N([H])c1c([H])c([H])c([H])c([H])c1C([H])([H])[H])N([H])c1c([H])c([H])c([H])c([H])c1C([H])([H])[H])c1c([H])c([H])c([H])c([H])c1C([H])([H])[H]
SETLOV,1,ok,0.0360,38,1,,[Au+](<-S=C(N(N=C(c1nc([H])c([H])c([H])c1[H])c1c([H])c([H])c([H])c([H])[n+]1[H])[H])N(C([H])([H])C([H])([H])[H])[H])Cl
SEVJAG,0,ok,0.0562,62,1,,[Pt+2]12(<-P(C(C([H])([H])[H])(C([H])([H])[H])C([H])([H])[H])(C(C([H])([H])[H])(C([H])([H])[H])C([H])([H])[H])c3c(C([H])([H])[H])c([H])c([H])c4c([H])c([H])c(c1c43)-c1c([H])c(F)c([H])c(F)c12)<-N#CC([H])([H])[H]
SEWNUE,0,ok,0.0557,41,1,,[W+2](<-[C-]#[O+])(<-[C-]#[O+])(<-[C-]#[O+])(<-[C-]#[O+])(<-[C-]#[O+])=c1n2nc3c(c2oc(-c2c([H])c([H])c([H])c([H])c2[H])c1[H])C([H])([H])C([H])([H])C3([H])[H]
SEWYOI,0,ok,0.1640,67,1,,[Fe+4]123456(<-P(C(P(c7c([H])c([H])c([H])c([H])c7[H])c7c([H])c([H])c([H])c([H])c7[H])([H])[H])(c7c([H])c([H])c([H])c([H])c7[H])c7c([H])c([H])c([H])c([H])c7[H])(<-C7([H])=C->1([H])C->2([H])=C->3([H])C47[H])SC5(C([H])([H])[H])S6
SEYYON,0,ok,0.0585,64,1,,[Rh+3]1(I)(I)(<-N#CC([H])([H])[H])c2c([H])c([H])c(C(C([H])([H])[H])(C([H])([H])[H])C([H])([H])[H])nc2N2[C+]1N(c1c([H])c([H])c([H])c(C(C([H])([H])[H])(C([H])([H])[H])C([H])([H])[H])n1)C([H])([H])C([H])([H])C2([H])[H]
SEZXAX,0,ok,0.0666,65,1,,[Zn+2](<-n1c([H])n([H])c2c([H])c([H])c([H])c([H])c12)(OC(=O)c1c([H])c([H])c(C([H])([H])[H])c([H])c1[H])(<-n1c([H])n([H])c2c([H])c([H])c([H])c([H])c12)OC(=O)c1c([H])c([H])c(C([H])([H])[H])c([H])c1[H]
SIBXOS,0,ok,0.0928,65,1,,[Ni+2]1(Br)(Br)<-N(=C2C3([H])c4c([H])c([H])c([H])c([H])c4C([H])(c4c3c([H])c([H])c([H])c4[H])C2=N->1c1c(C([H])([H])[H])c([H])c(Br)c([H])c1C([H])([H])[H])c1c(C([H])([H])[H])c([H])c(Br)c([H])c1C([H])([H])[H]
SICLEX,0,ok,0.0543,80,1,,[Os+4]([H])([H])(Cl)(<-P(C([H])(C([H])([H])[H])C([H])([H])[H])(C([H])(C([H])([H])[H])C([H])([H])[H])C([H])(C([H])([H])[H])C([H])([H])[H])(<-P(C([H])(C([H])([H])[H])C([H])([H])[H])(C([H])(C([H])([H])[H])C([H])([H])[H])C([H])(C([H])([H])[H])C([H])([H])[H])C(C([H])([H])[H])=C(C([H])([H])[H])C([H])([H])[H]
SIDNEA,0,ok,0.0389,48,1,,[Zn+2]1(Oc2c(Cl)c([H])c([H])c([H])c2Cl)(N2C(=O)C([H])([H])C([H])([H])C2=O)<-N(C([H])([H])C(N->1(C([H])([H])[H])C([H])([H])[H])([H])[H])(C([H])([H])[H])C([H])([H])[H]
SIFCER,0,ok,0.0636,61,1,,[Rh+](Cl)(C(=C1N(C([H])([H])[H])c2c([H])c([H])c([H])c([H])c2N1C([H])(C([H])([H])[H])C([H])([H])[H])c1n(C([H])([H])[H])c2c([H])c([H])c([H])c([H])c2[n+]1C([H])(C([H])([H])[H])C([H])([H])[H])(<-[C-]#[O+])<-[C-]#[O+]
SIFTOS,0,ok,0.3039,73,1,,[Mo+2]1234([Si](c5c([H])c([H])c(C([H])([H])[H])c([H])c5[H])(c5c([H])c([H])c(C([H])([H])[H])c([H])c5[H])c5c([H])c([H])c(C([H])([H])[H])c([H])c5[H])(<-[C-]#[O+])(<-[C-]#[O+])<-C5(C([H])([H])[H])=C->1(C([H])([H])[H])C->2(C([H])([H])[H])=C->3(C([H])([H])[H])C45C([H])([H])[H]
SIGMEC,0,ok,0.0770,83,1,,[Ti+2]12345(<-O(C(C(N->1=C->2(C->3(=N->4[Si](C([H])([H])[H])(C([H])([H])[H])C([H])([H])[H])c1c([H])c([H])c([H])c([H])c1[H])C([H])([H])[H])([H])[H])([H])[H])C(C(N5[Si](C([H])([H])[H])(C([H])([H])[H])C([H])([H])[H])([H])[H])([H])[H])N(c1c([H])c([H])c([H])c([H])c1[H])c1c([H])c([H])c([H])c([H])c1[H]
SIGYEP,0,ok,0.1130,69,1,,[Ru+2]1234567(Cl)<-N([H])([H])C([H])(C(N1S(=O)(=O)c1c(OC(C(C(c->28c->3([H])c->4([H])c->5(C([H])([H])[H])c->6([H])c->78[H])([H])[H])([H])[H])([H])[H])c(F)c(F)c(F)c1F)([H])c1c([H])c([H])c([H])c([H])c1[H])c1c([H])c([H])c([H])c([H])c1[H]
SIJDAR,0,ok,0.0831,49,1,,[Ni+2]123(<-C(c4c([H])c([H])c([H])c([H])c4[H])(=O->1)O2)(<-n1c(-c2c([H])c([H])c([H])c([H])n->32)c([H])c([H])c([H])c1[H])OC(c1c([H])c([H])c([H])c([H])c1[H])=O
SIJMUU,0,ok,0.0959,80,1,,[Ag+](<-n1c2c(nc(-c3c([H])c([H])c([H])c([H])c3[H])c1-c1c([H])c([H])c([H])c([H])c1[H])c([H])c([H])c([H])c2[H])(<-n1c2c([H])c([H])c([H])c([H])c2nc(-c2c([H])c([H])c([H])c([H])c2[H])c1-c1c([H])c([H])c([H])c([H])c1[H])OC(=O)C(F)(F)F
SIKVEP,0,ok,0.1112,71,1,,[Zn+2]1(<-n2n(C(n3n->1c(C([H])([H])[H])c([H])c3C([H])([H])[H])([H])C([H])(c1c([H])c([H])c([H])[c-]1[H])C1=C([H])C([H])([H])C3([H])C([H])([H])C1([H])C3(C([H])([H])[H])C([H])([H])[H])c(C([H])([H])[H])c([H])c2C([H])([H])[H])C([H])([H])C([H])([H])[H]
SILMUX,1,ok,0.0624,49,1,,c1([H])c([H])c([H])c([H])c([Se]2->[Ru+2]34567(Cl)(<-c8([H])c->3([H])c->4([H])c->5([H])c->6([H])c->78[H])<-n3c(C2([H])[H])c([H])n(C(c2c([H])c([H])c([H])c([H])c2[H])([H])[H])n3)c1[H]
SIMDOJ,0,ok,0.0550,46,1,,[Pt+4]1(Br)(Br)(<-n2c([H])c([H])c([H])c3c([H])c([H])c4c([H])c([H])c([H])c1c4c23)(c1c(F)c(F)c(F)c(F)c1F)<-O=S(C([H])([H])[H])C([H])([H])[H]
SIMXOD,0,ok,0.0329,29,1,,[W+2]1(<-[C-]#[O+])(<-[C-]#[O+])(<-[C-]#[O+])(<-[C-]#[O+])=C(N([H])C([H])([H])C(N->1([H])[H])([H])[H])c1oc([H])c([H])c1[H]
SINWES,0,ok,0.0470,47,1,,[Zn+2]12(<-N(C([H])([H])c3n->1c([H])c([H])c([H])c3[H])(C([H])([H])c1n->2c([H])c([H])c([H])c1[H])C([H])([H])c1nc([H])c([H])c([H])c1[H])(<-N#C[S-])<-N#C[S-]
SIPLUZ,0,ok,0.0641,67,1,,[Ni+2]12(Cl)(Cl)<-N(=C(C(N->1(C([H])([H])C(C(c1c([H])c([H])c([H])c([H])c1[H])([H])[H])=N->2O[H])C(C(=NO[H])C([H])([H])c1c([H])c([H])c([H])c([H])c1[H])([H])[H])([H])[H])C(c1c([H])c([H])c([H])c([H])c1[H])([H])[H])O[H]
SIQLUA,0,ok,0.0410,60,1,,[Ir+3]12([H])([H])(Cl)<-P(C(C(N->1([H])C(C(N->2(C([H])([H])C([H])([H])[H])C([H])([H])C([H])([H])[H])([H])[H])([H])[H])([H])[H])([H])[H])(C(C([H])([H])[H])(C([H])([H])[H])C([H])([H])[H])C(C([H])([H])[H])(C([H])([H])[H])C([H])([H])[H]
SIRJUA,0,ok,0.0404,29,1,,c1(C2=C([H])N(=O)->[Pt+4](Cl)(O2)=S(C([H])([H])[H])(C([H])([H])[H])=O)c([H])c([H])c([H])c([H])c1[H]
SIRYEA,0,ok,0.1409,83,1,,[Ru+4]1(Cl)(Cl)(<-O(c2c(C=1[H])c([H])c([H])c([H])c2[H])C([H])(C([H])([H])[H])C([H])([H])[H])<-C1N(c2c(C([H])([H])[H])c([H])c(C([H])([H])[H])c([H])c2C([H])([H])[H])C([H])=C([H])N1c1c(C([H])([H])[H])c([H])c(C([H])([H])[H])c([H])c1C(OC([H])([H])[H])(C(F)(F)F)C(F)(F)F
SISZAX,0,ok,0.0432,45,1,,[Mo+6]12(<-N(=C([H])c3c(c(OC([H])([H])C([H])([H])[H])c([H])c([H])c3[H])O1)N=C(c1c(OC([H])([H])[H])c([H])c([H])c([H])c1[H])O2)(=O)=O.O([H])[H]
SITZIF,1,ok,0.1109,55,1,,[Re+5]1234(<-N(=C([H])c5c(c([H])c([H])c([H])c5[H])N1[H])c1c(c([H])c([H])c([H])c1[H])N2[H])<-N(=C([H])c1c(c([H])c([H])c([H])c1[H])N3[H])c1c(c([H])c([H])c([H])c1[H])N4[H]
SIVZAB,1,ok,0.1100,60,1,,[Ru+4]123(<-S(C([H])([H])[H])(C([H])([H])[H])=O)(<-n4c([H])c([H])c([H])c([H])c4-c4c([H])c([H])c([H])c([H])n->14)c1c([H])c([H])c([H])c([H])c1C1=C([H])C([H])=C([H])C(=C4C([H])=C([H])C([H])=C([H])N24)N31
SIWSAU,0,ok,0.1549,69,1,,C1(->[Rh+]234<-C5([H])=C->2([H])C([H])([H])C([H])([H])C->3([H])=C->4([H])C([H])([H])C5([H])[H])N(c2c(C([H])([H])[H])c([H])c(C([H])([H])[H])c([H])c2C([H])([H])[H])C([H])=C([H])N1c1c2c([H])c([H])c([H])c([H])c2[c-]2c([H])c([H])c([H])c([H])c12
SIXCAG,0,ok,0.0434,46,1,,[Mo+6]12(<-N(=C([H])c3c(c(OC([H])([H])[H])c([H])c([H])c3[H])O1)N=C(c1c([H])c([H])c(N([H])[H])c([H])c1[H])O2)(=O)=O.O(C([H])([H])C([H])([H])[H])[H]
SIYMAQ,0,ok,0.1019,60,1,,[Pd+2]1(<-S(c2c(N->1=P(c1c([H])c([H])c([H])c([H])c1[H])(c1c([H])c([H])c([H])c([H])c1[H])c1c([H])c([H])c([H])c([H])c1[H])c([H])c([H])c([H])c2[H])c1c([H])c([H])c([H])c([H])c1[H])(Cl)Cl
SIZNIZ,0,ok,0.0851,67,1,,c12c([H])c([H])c([H])c([H])c1C([H])=N1->[Ni+2]3(<-N(=C([H])c4c([H])c([H])c([H])c([H])c4O3)c3c1c([H])c1c(c3[H])SC(=C3SC(SC([H])([H])C([H])([H])C([H])([H])[H])=C(SC([H])([H])C([H])([H])C([H])([H])[H])S3)S1)O2
SOBKAX,0,ok,0.0508,52,1,,[Ni]12(<-O=C(N=N->1C(=C(C(=O->2)c1sc([H])c([H])c1[H])[H])C(F)(F)F)c1c([H])c([H])c([H])c([H])c1[H])<-n1c([H])c([H])c(N(C([H])([H])[H])C([H])([H])[H])c([H])c1[H]
SODNIK,0,ok,0.0492,47,1,,[Hg+2]12(SC(=S->1)N1c3c(c([H])c([H])c([H])c3[H])C([H])([H])C([H])([H])C1([H])[H])<-S=C(S2)N1c2c([H])c([H])c([H])c([H])c2C([H])([H])C([H])([H])C1([H])[H]
SOFCIB,0,ok,0.0948,55,1,,[Ir+3]123(<-O=C(C([H])([H])[H])C([H])=C(O1)C([H])([H])[H])(<-n1c([H])c([H])c([H])c([H])c1-c1c2c([H])c(Br)c([H])c1[H])<-n1c([H])c([H])c([H])c([H])c1-c1c3c([H])c(Br)c([H])c1[H]
SOFLIK,1,ok,0.0924,78,1,,[Cu+](<-P(c1c(-c2c([H])c([H])c([H])c([H])c2[H])c([H])c([H])c([H])c1[H])(C(C([H])([H])[H])(C([H])([H])[H])C([H])([H])[H])C(C([H])([H])[H])(C([H])([H])[H])C([H])([H])[H])<-N1(C([H])([H])C#Cc2c([H])c([H])c([H])c([H])c2[H])C([H])([H])C([H])([H])C([H])([H])C1([H])[H]
SOHCEX,0,ok,0.0710,74,1,,Br[Cu+](<-[As](c1c([H])c([H])c([H])c([H])c1[H])(c1c([H])c([H])c([H])c([H])c1[H])c1c([H])c([H])c([H])c([H])c1[H])(<-S=C1N([H])C([H])([H])C([H])([H])C([H])([H])C([H])([H])C1([H])[H])<-S=C1N([H])C([H])([H])C([H])([H])C([H])([H])C([H])([H])C1([H])[H]
SOJBUO,0,ok,0.0494,49,1,,[Rh+]1(<-P(c2c([H])c([H])c([H])c([H])c2[H])(c2c([H])c([H])c([H])c([H])c2[H])c2c([H])c([H])c([H])c([H])c2[H])(<-S=c2n(O1)c([H])c([H])c([H])c2[H])<-[C-]#[O+]
SOKQUG,0,ok,0.0807,77,1,,[Zn+2]12(OC(=O)C([H])([H])[H])(OC(=O)C([H])([H])[H])<-n3c([H])c([H])c([H])c([H])c3-c3n->1c(-c1n->2c([H])c([H])c([H])c1[H])c([H])c(-c1c([H])c([H])c(C(N(c2nc([H])c([H])c([H])c2[H])c2nc([H])c([H])c([H])c2[H])([H])[H])c([H])c1[H])c3[H]
SOLTUI,0,ok,0.4078,50,1,,[Mo+2]12345(P(=N->1c1c(F)c(F)c(F)c(F)c1F)(c1c([H])c([H])c([H])c([H])c1[H])c1c([H])c([H])c([H])c([H])c1[H])(<-[C-]#[O+])(<-[C-]#[O+])<-C1([H])=C->2([H])C3([H])C->4([H])=C->51[H]
SOMKOX,-1,ok,0.0311,30,1,,[Mn+]1(<-[C-]#[O+])(<-[C-]#[O+])(<-[C-]#[O+])N2C(=NN1c1c([H])c([H])c([H])c([H])c1[H])C([H])=C([H])C([H])=C2[H]
SONBON,0,ok,0.0804,76,1,,C1(->[Pd+2](Cl)(Cl)<-P(c2c([H])c([H])c([H])c([H])c2[H])(c2c([H])c([H])c([H])c([H])c2[H])c2c([H])c([H])c([H])c([H])c2[H])N(C([H])([H])C(N(c2c([H])c([H])c([H])c([H])c2[H])[H])=O)C([H])=C([H])N1C([H])([H])c1c([H])c([H])c([H])c([H])c1[H]
SOPJOW,0,ok,0.0427,41,1,,[Pt+4]1(Cl)(Cl)(Cl)<-N(=Nc2c1c([H])c([H])c([H])c2[H])c1c(SC(c2c([H])c([H])c([H])c([H])c2[H])([H])[H])c([H])c([H])c([H])c1[H]
SOQHOV,0,ok,0.0877,74,1,,[Pd+2]12(<-n3c([H])c([H])c(C(C([H])([H])[H])(C([H])([H])[H])C([H])([H])[H])c([H])c3-c3c([H])c(C(C([H])([H])[H])(C([H])([H])[H])C([H])([H])[H])c([H])c([H])n->13)C(=O)ON(c1c([H])c([H])c(C(C([H])([H])[H])(C([H])([H])[H])C([H])([H])[H])c([H])c1[H])C2=O
SOQXED,0,ok,0.0649,78,1,,[Ni+2]12(<-P(C(N3B1N(C(P->2(C(C([H])([H])[H])(C([H])([H])[H])C([H])([H])[H])C(C([H])([H])[H])(C([H])([H])[H])C([H])([H])[H])([H])[H])c1c3c([H])c([H])c([H])c1[H])([H])[H])(C(C([H])([H])[H])(C([H])([H])[H])C([H])([H])[H])C(C([H])([H])[H])(C([H])([H])[H])C([H])([H])[H])C([H])([H])[H]
SOSHEO,0,ok,0.0999,49,1,,[Zn+2]12345(OC->1(=O->2)C([H])([H])[H])(<-O=C->3(O4)C([H])([H])[H])<-N(=C1N(C([H])([H])[H])C([H])([H])C([H])([H])N1C([H])([H])[H])c1c([H])c([H])c([H])c2c1n->5c([H])c([H])c2[H]
SOSWUT,0,ok,0.0845,85,1,,[Ti+4]123(Cl)(<-N(=c4c([H])c([H])c([H])c([H])c4=N->1c1c(c(C(C([H])([H])[H])(C([H])([H])[H])C([H])([H])[H])c([H])c(C(C([H])([H])[H])(C([H])([H])[H])C([H])([H])[H])c1[H])O2)c1c(c(C(C([H])([H])[H])(C([H])([H])[H])C([H])([H])[H])c([H])c(C(C([H])([H])[H])(C([H])([H])[H])C([H])([H])[H])c1[H])O3)Cl
SOTPID,0,ok,0.0312,47,1,,[Mo+6](Cl)(Cl)(=NC(C([H])([H])[H])(C([H])([H])[H])C([H])([H])[H])=NC(C([H])([H])[H])(C([H])([H])[H])C([H])([H])[H].O(C([H])([H])C(OC([H])([H])[H])([H])[H])C([H])([H])[H]
SOVCIQ,1,ok,0.0644,69,1,,[C-](#[N+]c1c(C([H])([H])[H])c([H])c([H])c([H])c1C([H])([H])[H])->[Pt+4](=C(N(c1c(C([H])([H])[H])c([H])c([H])c([H])c1C([H])([H])[H])[H])N([H])[H])(<-N(=C(c1c([H])c([H])c([H])c([H])c1[H])c1c([H])c([H])c([H])c([H])c1[H])[H])Cl
SOVSIG,0,ok,0.0296,33,1,,[Mo+6]12(<-N(=C([H])c3c(c([H])c([H])c([H])c3[H])O1)C([H])([H])C([H])(C([H])([H])[H])O2)(=O)=O.O([H])C([H])([H])[H]
SOWNOH,0,ok,0.0527,68,1,,I[Co+3]1(<-P(C([H])([H])[H])(C([H])([H])[H])C([H])([H])[H])(<-P(C([H])([H])[H])(C([H])([H])[H])C([H])([H])[H])(<-P(C([H])([H])[H])(C([H])([H])[H])C([H])([H])[H])OC2=C(C1=O)C([H])([H])C([H])(c1c([H])c([H])c([H])c([H])c1[H])C([H])([H])C2([H])[H]
SOWTED,0,ok,0.0839,35,1,,[Pt+4]12(Cl)(C([H])([H])[H])(<-C3(C([H])([H])[H])=C->1(C([H])([H])[H])C(C([H])([H])[H])=C(C([H])([H])[H])C23C([H])([H])[H])C([H])([H])[H]
SOXKEY,1,ok,0.0276,27,1,,[Ag+](<-n1c(=O)n([H])c([H])c([H])c1N([H])[H])<-n1c(=O)n([H])c([H])c([H])c1N([H])[H]
SOYZEL,0,ok,0.0577,44,1,,[Pt+2](I)(I)(<-n1c(C([H])([H])[H])c([H])c([H])c2c1c1nc(C([H])([H])[H])c([H])c([H])c1c([H])c2[H])<-N(=O)c1c([H])c([H])c([H])c([H])c1[H]
SUBPOU,0,ok,0.0716,47,1,,[Ni+2]12(N([H])C(C(=O)c3c([H])c([H])c([H])c([H])c3[H])=C3C4([O+2]#C4)[C-]=C3O1)N([H])C(C(=O)c1c([H])c([H])c([H])c([H])c1[H])=C1C(=[C-]C13[O+2]#C3)O2
SUCVET,1,ok,0.0774,71,1,,[Ir+3]123(<-n4c5n(c([H])c4[H])C([H])([H])c4c(c([H])c([H])c([H])c4[H])C([H])([H])n4c-5n->1c([H])c4[H])(<-n1c(-c4c2c([H])c(F)c([H])c4F)c([H])c([H])c([H])c1[H])<-n1c(-c2c3c([H])c(F)c([H])c2F)c([H])c([H])c([H])c1[H]
SUFJIM,0,ok,0.0524,55,1,,[Fe+4]123(<-[C-]#[O+])(<-n4n([B-](n5n->1c([H])c([H])c5[H])(n1n->2c([H])c([H])c1[H])[H])c([H])c([H])c4[H])=C(N(C(C([H])([H])[H])(C([H])([H])[H])[H])C(C([H])([H])[H])(C([H])([H])[H])[H])OC3(F)F
SUGNIT,0,ok,0.0942,55,1,,[Mo+2](<-P(c1c([H])c([H])c([H])c([H])c1[H])(c1c([H])c([H])c([H])c([H])c1[H])c1c([H])c([H])c([H])c([H])c1[H])(=C(N([H])[H])c1oc([H])c([H])c1[H])(<-[C-]#[O+])(<-[C-]#[O+])(<-[C-]#[O+])<-[C-]#[O+]
SUKSIA,1,ok,0.3663,80,1,,[Ru+2]123456(<-P(c7c([H])c([H])c([H])c([H])c7[H])(c7c([H])c([H])c([H])c([H])c7[H])C(C(P->1(c1c([H])c([H])c([H])c([H])c1[H])c1c([H])c([H])c([H])c([H])c1[H])([H])[H])([H])[H])(<-O=O->2)C1(C([H])([H])[H])C->3(C([H])([H])[H])=C->4(C([H])([H])[H])C->5(C([H])([H])[H])=C->61C([H])([H])[H]
SUMQUM,0,ok,0.1132,65,1,,[Ti+4]12345(Cl)(<-C6(C([H])([H])[H])=C->1(C([H])([H])[H])C->2(C([H])([H])[H])=C->3(C([H])([H])[H])C46[Si](C([H])([H])[H])(C([H])([H])[H])N5C([H])(C([H])([H])[H])C([H])([H])[H])C([H])([H])c1c([H])c([H])c([H])c([H])c1N(C([H])([H])[H])C([H])([H])[H]
SUPGUG,-1,ok,0.0617,33,1,,[Au+3]12(SC3=C(S1)SC(=C1SC([H])([H])C([H])([H])S1)S3)SC1=C(S2)SC(=C2SC([H])([H])C([H])([H])S2)S1
SUPYOT,1,ok,0.1937,73,1,,C12([H])->[Ru+6]3456(<-C1([H])=C->3([H])C4([H])C->5=2[H])(<-P(c1c([H])c([H])c([H])c([H])c1[H])(c1c([H])c([H])c([H])c([H])c1[H])c1c([H])c([H])c([H])c([H])c1[H])=C1C([H])=C([H])C([H])=C([H])N1C([H])(F)C=6c1c([H])c([H])c(C(F)(F)F)c([H])c1[H]
SURFEQ,0,ok,0.0824,50,1,,[Re+3]1(Cl)(<-[C-]#[O+])(<-[C-]#[O+])(<-[C-]#[O+])n2c([H])c([H])c([H])c3c(=NC(C(C(C(C(C(C([H])([H])[H])([H])[H])([H])[H])([H])[H])([H])[H])([H])[H])([H])[H])c4c([H])c([H])c([H])n1c-4c2-3
SUSKOH,0,ok,0.0492,64,1,,[La+3]1234567(ON->1=C(C#N)C#N)(ON->2=C(C#N)C#N)(ON->3=C(C#N)C#N)<-O1C([H])([H])C([H])([H])OC([H])([H])C([H])([H])O->4C([H])([H])C([H])([H])O->5C([H])([H])C([H])([H])O->6C([H])([H])C([H])([H])O->7C([H])([H])C1([H])[H]
SUVDUI,0,ok,0.0642,75,1,,[Zn+2]1234<-O(C([H])(C5([H])N(C([H])([H])[H])C([H])(SC5([H])[H])C5([H])N->1=C(SC5([H])[H])c1c(c([H])c([H])c([H])c1C(C(C(C(C([H])([H])[H])([H])[H])([H])[H])([H])[H])([H])[H])O2)C(C([H])([H])[H])(C([H])([H])[H])C1=N->3C(C([H])([H])[H])(C([H])([H])S1)C(=O)O4)[H]
SUWTAH,0,ok,0.0818,67,1,,[Zn+2]123(<-O=O->1)(OC->2(=O->3)C(c1c([H])c([H])c(C([H])([H])C(C([H])([H])[H])([H])C([H])([H])[H])c([H])c1[H])(C([H])([H])[H])[H])OC(=O)C(c1c([H])c([H])c(C([H])([H])C(C([H])([H])[H])([H])C([H])([H])[H])c([H])c1[H])(C([H])([H])[H])[H]
SUXSIO,0,ok,0.0804,39,1,,[Ni+2]12(OC(=O)C(c3n->1c([H])c([H])c([H])c3[H])([H])[H])OC(=O)C(c1n->2c([H])c([H])c([H])c1[H])([H])[H].O([H])[H].O([H])[H]
SUYHUR,0,ok,0.0944,69,1,,[Ni+2]1234(<-N(=C(c5c(O1)c([H])c([H])c(OC([H])([H])[H])c5[H])[H])c1c5n->2c([H])c([H])c([H])c5c([H])c([H])c1[H])<-n1c2c(N->3=C([H])c3c(O4)c([H])c([H])c(OC([H])([H])[H])c3[H])c([H])c([H])c([H])c2c([H])c([H])c1[H]
SUYQOU,0,ok,0.0465,43,1,,[Fe]123(<-P(OC([H])([H])[H])(OC([H])([H])[H])OC([H])([H])[H])(<-[C-]#[O+])(<-[C-]#[O+])<-c4([H])c->1([H])c->2([H])c->3([H])c1nc2c([H])c([H])c([H])c([H])c2nc41
TABSAT,0,ok,0.0585,54,1,,c1(=[Ru+4]23456(<-c7(C([H])([H])[H])c->2([H])c->3([H])c->4(C([H])(C([H])([H])[H])C([H])([H])[H])c->5([H])c->67[H])(Cl)Cl)n(C([H])([H])c2c(F)c(F)c(F)c(F)c2F)c2c([H])c([H])c([H])c([H])c2s1
TACFOU,0,ok,0.1794,77,1,,[Fe+4]123(<-n4c([H])c([H])nc([H])c4[H])(<-n4c([H])c([H])nc([H])c4[H])n4c5c6c([H])c([H])c([H])c([H])c6c4N=c4n1c(c1c4c([H])c([H])c([H])c1[H])=Nc1n2c(c2c1c([H])c([H])c([H])c2[H])N=c1n3c(c2c1c([H])c([H])c([H])c2[H])=N5
TACWEZ,0,ok,0.1318,73,1,,[Ta+5]12345(F)(F)(F)(<-N([Si](C([H])([H])[H])(C([H])([H])[H])C([H])([H])[H])=C(N1[Si](C([H])([H])[H])(C([H])([H])[H])C([H])([H])[H])c1c([H])c([H])c(OC([H])([H])[H])c([H])c1[H])<-C1(C([H])([H])[H])=C->2(C([H])([H])[H])C3(C([H])([H])[H])C->4(C([H])([H])[H])=C->51C([H])([H])[H]
TADREY,0,ok,0.0653,63,1,,[Pd+4](OC(=O)C([H])([H])C(=O)O[H])(OC(=O)C([H])([H])C(=O)O[H])(<-n1c([H])c([H])c(-c2c([H])c([H])[n+]([O-])c([H])c2[H])c([H])c1[H])N1C([H])=C([H])C(=C2C([H])=C([H])N([O-])C([H])=C2[H])C([H])=C1[H]
TAFFEN,0,ok,0.0869,43,1,,[Re+3]1(Cl)(<-[C-]#[O+])(<-[C-]#[O+])(<-[C-]#[O+])n2c([H])c([H])c([H])c3c(=NN([H])C(=O)c4c([H])c([H])c([H])c([H])c4[H])c4c([H])c([H])c([H])n1c-4c2-3
TAGGOX,0,ok,0.0336,38,1,,[Fe+2]123(Br)(Br)<-O4C([H])([H])C([H])([H])O->1C([H])([H])C([H])([H])O->2C([H])([H])C([H])([H])OC([H])([H])C([H])([H])O->3C([H])([H])C4([H])[H]
TAHRUP,0,ok,0.0728,74,1,,[Zn+2]123(<-n4n(C(C(OC(C(n5n->1c(C(C([H])([H])[H])(C([H])([H])[H])[H])c([H])c5C(C([H])([H])[H])(C([H])([H])[H])[H])([H])[H])([H])[H])([H])[H])([H])[H])c(C(C([H])([H])[H])(C([H])([H])[H])[H])c([H])c4C(C([H])([H])[H])(C([H])([H])[H])[H])(O[N+](=O)O2)O[N+](=O)O3
TAHYIM,0,ok,0.0801,49,1,,[Zn+2]1234(<-n5c([H])c([H])c([H])c([H])c5[H])(OC->1(=O->2)C([H])(C([H])([H])[H])C([H])([H])[H])(OC->3(=O->4)C([H])(C([H])([H])[H])C([H])([H])[H])<-n1c([H])c([H])c([H])c([H])c1[H]
TAJSUT,0,ok,0.0454,67,1,,[Ru+2](<-P(C([H])([H])[H])(C([H])([H])[H])C([H])([H])[H])(<-P(C([H])([H])[H])(C([H])([H])[H])C([H])([H])[H])(<-P(C([H])([H])[H])(C([H])([H])[H])C([H])([H])[H])(<-P(C([H])([H])[H])(C([H])([H])[H])C([H])([H])[H])([Si](C([H])([H])[H])(C([H])([H])[H])C([H])([H])[H])[H]
TAKNOI,0,ok,0.4956,43,1,,[Y+3]123456789%10%11(<-C%12([H])=C->1(C([H])([H])[H])C2([H])C3([H])C4%12[H])(<-C1([H])=C->5([H])C->6([H])=C->7([H])C->8([H])=C->9([H])C->%10([H])=C->%111[H])<-O1C([H])([H])C([H])([H])C([H])([H])C1([H])[H]
TALRAZ,0,ok,0.1054,39,1,,[V+]1234(<-P(C([H])([H])[H])(C([H])([H])[H])c5c([H])c([H])c([H])c([H])c5[H])(C(C->1(=C->2(C->3(=C->4([H])[H])[H])[H])[H])([H])[H])(<-[C-]#[O+])(<-[C-]#[O+])<-[C-]#[O+]
TAMPAY,0,ok,0.0935,60,1,,[Mo]1(<-n2c3c(c([H])c([H])c2[H])c([H])c([H])c([H])c3N->1=P(c1c([H])c([H])c([H])c([H])c1[H])(c1c([H])c([H])c([H])c([H])c1[H])c1c([H])c([H])c([H])c([H])c1[H])(<-[C-]#[O+])(<-[C-]#[O+])(<-[C-]#[O+])<-[C-]#[O+]
TANJUO,0,ok,0.0669,64,1,,[Rh+3](Cl)(=C([Si](C(C([H])([H])[H])(C([H])([H])[H])C([H])([H])[H])(c1c([H])c([H])c([H])c([H])c1[H])c1c([H])c([H])c([H])c([H])c1[H])N(C([H])(C([H])([H])[H])C([H])([H])[H])C([H])(C([H])([H])[H])C([H])([H])[H])(<-[C-]#[O+])<-[C-]#[O+]
TAPDAQ,0,ok,0.0844,73,1,,[Co+3]123(N4C([H])=C([H])C([H])=C([H])C4=C(N->1=O)c1c([H])c([H])c([H])c([H])c1[H])(N1C([H])=C([H])C([H])=C([H])C1=C(N->2=O)c1c([H])c([H])c([H])c([H])c1[H])N1C([H])=C([H])C([H])=C([H])C1=C(N->3=O)c1c([H])c([H])c([H])c([H])c1[H]
TAPTAH,0,ok,0.1112,77,1,,[Pt+4](Cl)(=P(O[H])(c1c(C(F)(F)F)c([H])c(C(F)(F)F)c([H])c1[H])c1c(C(F)(F)F)c([H])c(C(F)(F)F)c([H])c1[H])(Cl)<-P(O[H])(c1c(C(F)(F)F)c([H])c(C(F)(F)F)c([H])c1[H])c1c(C(F)(F)F)c([H])c(C(F)(F)F)c([H])c1[H]
TAPYUG,0,ok,0.1004,81,1,,[Ru+4]1(Cl)(Cl)(<-O=C(OC([H])(C([H])([H])[H])C([H])([H])[H])c2c(C=1[H])c([H])c(OC([H])([H])[H])c([H])c2[H])<-C1N(c2c(C([H])([H])[H])c([H])c(C([H])([H])[H])c([H])c2C([H])([H])[H])C([H])([H])C([H])([H])N1c1c(C([H])([H])[H])c([H])c(C([H])([H])[H])c([H])c1C([H])([H])[H]
TARLOP,1,ok,0.0360,42,1,,[Cd+2]12345(<-O=C->1(O2)c1c([H])nc([H])c([H])c1[H])<-N(C([H])([H])C(N->3([H])[H])([H])[H])(C([H])([H])C(N->4([H])[H])([H])[H])C([H])([H])C(N->5([H])[H])([H])[H]
TARXAO,0,ok,0.4041,72,1,,[Ru+2]123456(Cl)(<-C(C(O[H])(C([H])([H])[H])C([H])([H])[H])#CC(N(S(=O)(=O)c7c([H])c([H])c(C([H])([H])[H])c([H])c7[H])C([H])([H])C->1(=C->2([H])[H])C([H])([H])[H])([H])[H])<-C1(C([H])([H])[H])=C->3(C([H])([H])[H])C4(C([H])([H])[H])C->5(C([H])([H])[H])=C->61C([H])([H])[H]
TASPEL,1,ok,0.1045,64,1,,[Ir+3]123(<-n4c([H])c([H])c([H])c([H])c4-c4c([H])c([H])c([H])c([H])c41)(<-n1c([H])c([H])c([H])c([H])c1-c1c([H])c([H])c([H])c([H])c12)<-n1c([H])c([H])c([H])c([H])c1-c1oc2c([H])c([H])c([H])c([H])c2n->31
TATDAV,0,ok,0.0790,37,1,,[V+3]123(OC(=NN->1=C(C([H])([H])[H])c1n->2c([H])c([H])c([H])c1[H])c1sc([H])c([H])c1[H])(=O)<-O=O->3.O([H])C([H])([H])[H]
TAVJIJ,-1,ok,0.0464,43,1,,[Au+]1(<-P(c2c([H])c([H])c([H])c([H])c2[H])(c2c([H])c([H])c([H])c([H])c2[H])c2c([H])c([H])c([H])c([H])c2[H])Sc2sc(=S)sc2S1
TAWJIM,1,ok,0.0531,52,1,,[Zn+2]1234(Cl)<-O(C(C(C(N->1(C(c1n->2c([H])c([H])c([H])c1[H])([H])[H])C(c1n->3c([H])c([H])c([H])c1[H])([H])[H])([H])[H])([H])[H])([H])[H])C(c1n->4c([H])c([H])c([H])c1[H])([H])[H]
TAXFOP,-1,ok,0.3212,61,1,,[Co+3]123(<-N4=C5N=C6N->1=C(N=c1n2c(c2c1c([H])c([H])c([H])c2[H])=Nc1n3c(c2c1c([H])c([H])c([H])c2[H])N=C4c1c([H])c([H])c([H])c([H])c15)c1c6c([H])c([H])c([H])c1[H])(C#N)C#N
TAYNIQ,0,ok,0.0682,62,1,,[Re+5]1(<-S=C(S1)N(C([H])([H])C([H])([H])[H])C([H])([H])C([H])([H])[H])(SC(=S)N(C([H])([H])C([H])([H])[H])C([H])([H])C([H])([H])[H])(<-P(c1c([H])c([H])c([H])c([H])c1[H])(C([H])([H])[H])C([H])([H])[H])=N[B-](Cl)(Cl)Cl
TAZKOU,0,ok,0.0373,43,1,,[W]123(<-O=C->1(c1c([H])c([H])c([H])c([H])c1C(N->2(C(C(N->3(C([H])([H])[H])C([H])([H])[H])([H])[H])([H])[H])C([H])([H])[H])([H])[H])[H])(<-[C-]#[O+])(<-[C-]#[O+])<-[C-]#[O+]
TEBDUB,0,ok,0.0712,59,1,,[Zn+2]12(Br)(<-n3c([H])c([H])c([H])c4c5nc(C#N)c(C#N)nc5c5c([H])c([H])c([H])n->1c5c34)(Br)<-n1c([H])c([H])c([H])c3c4nc(C#N)c(C#N)nc4c4c([H])c([H])c([H])n->2c4c13
TEBVUS,0,ok,0.2395,49,1,,[C-](->[Fe+2]1234(<-[C-]#[O+])(<-C5([H])=C->1([H])C->2([H])=C->3([H])C54[H])B(Oc1c(C([H])([H])[H])c([H])c(C([H])([H])[H])c([H])c1C([H])([H])[H])Sc1c([H])c([H])c([H])c([H])c1[H])#[O+]
TECBOV,0,ok,0.0390,36,1,,[Pd+2]12(Cl)Sc3c(N->1=C(c1n->2c([H])c([H])c([H])c1[H])c1c([H])c([H])c([H])c([H])c1[H])c([H])c([H])c([H])c3[H]
TEDHUH,0,ok,0.1490,49,1,,[Ni+2]123<-N4=C([H])C([H])=C([H])N1c1c([H])c5c([H])c([H])c([H])c([H])c5c([H])c1N2C([H])=C([H])C([H])=N->3c1c4c([H])c2c([H])c([H])c([H])c([H])c2c1[H]
TEFJIY,0,ok,0.0748,72,1,,S1->[Cu+]2(<-[H][B-](n3c([H])c([H])n(C([H])([H])[H])c3=1)(c1c([H])c([H])c([H])c([H])c1[H])n1c(=S->2)n(C([H])([H])[H])c([H])c1[H])<-P(c1c([H])c([H])c([H])c([H])c1[H])(c1c([H])c([H])c([H])c([H])c1[H])c1c([H])c([H])c([H])c([H])c1[H]
TEGCUF,0,ok,0.0957,80,1,,[W](<-[C-]#[O+])(<-[C-]#[O+])(<-[C-]#[O+])(<-[C-]#[O+])<-[C-]#[O+].[Si]12(N(C([H])(C([H])([H])[H])C([H])([H])[H])[C-](c3c([H])c([H])c([H])c([H])c3[H])N1C([H])(C([H])([H])[H])C([H])([H])[H])[N+](C([H])(C([H])([H])[H])C([H])([H])[H])=C(c1c([H])c([H])c([H])c([H])c1[H])N2C([H])(C([H])([H])[H])C([H])([H])[H]
TEHCUF,0,ok,0.0767,51,1,,[Ir+3]12345(I)(<-C6N(C([H])([H])[H])C([H])=C([H])N6C([H])([H])c6c([H])c([H])c([H])c([H])c61)<-C1(C([H])([H])[H])=C->2(C([H])([H])[H])C->3(C([H])([H])[H])=C->4(C([H])([H])[H])C51C([H])([H])[H]
TEJKOL,0,ok,0.0975,59,1,,Cl[Ag+]C([S+](=NC([H])([H])[H])(c1c([H])c([H])c([H])c([H])c1[H])c1c([H])c([H])c([H])c([H])c1[H])=S(=NC([H])([H])[H])(c1c([H])c([H])c([H])c([H])c1[H])c1c([H])c([H])c([H])c([H])c1[H]
TEKPIL,1,ok,0.0725,61,1,,[Zn+2]12345(<-C(c6c(N([H])c7c([H])c([H])c([H])c([H])c7[H])c([H])c([H])c([H])c6[H])(=O->1)O2)<-N([H])([H])C([H])([H])C([H])([H])C([H])([H])N->3(C([H])([H])C([H])([H])N->4(C([H])([H])C([H])([H])C([H])([H])N->5([H])[H])[H])[H]
TELFOF,0,ok,0.2860,67,1,,[Co+3]123(n4c([H])c([H])c([H])c4C(=N->1c1c([H])c([H])c(Cl)c([H])c1[H])[H])(n1c([H])c([H])c([H])c1C(=N->2c1c([H])c([H])c(Cl)c([H])c1[H])[H])n1c([H])c([H])c([H])c1C(=N->3c1c([H])c([H])c(Cl)c([H])c1[H])[H]
TELXAM,0,ok,0.0989,49,1,,[Pt+4]1(<-S(=O)(C([H])([H])[H])C([H])([H])[H])(Cl)=c2c([H])c([H])c([H])c3c(=O)c4c(N([H])N=C(C([H])([H])[H])C([H])([H])[H])c([H])c([H])c5c4-c(n1c([H])c5[H])c23
TENHAX,0,ok,0.0420,38,1,,[C-](#[O+])->[W+2](<-[C-]#[O+])(<-[C-]#[O+])(<-[C-]#[O+])(<-[C-]#[O+])=C(c1c([H])c([H])c(OC([H])([H])C([H])([H])[H])c([H])c1[H])OC([H])([H])C([H])([H])[H]
TEPGED,0,ok,0.0567,74,1,,[Mo+4](OC(C([H])([H])[H])(C(F)(F)F)C(F)(F)F)(OC(C([H])([H])[H])(C(F)(F)F)C(F)(F)F)(OC(C([H])([H])[H])(C(F)(F)F)C(F)(F)F)(Cc1c([H])c([H])c(OC([H])([H])[H])c([H])c1[H])<-C1N(C([H])([H])[H])C(Cl)=C(Cl)N1C([H])([H])[H]
TEPVAL,0,ok,0.1026,47,1,,[Mo+2]1234(<-[C-]#[O+])(<-[C-]#[O+])(C56C->1([H])=C->2([H])C->3([H])=C->45C([H])=C([H])C([H])=C6[H])C(C(=O)O[H])(C(=C(N(C(c1c([H])c([H])c([H])c([H])c1[H])([H])[H])[H])[H])[H])[H]
TEQJAA,0,ok,0.1947,83,1,,[Zr+4]123456789(Cl)(<-C%10(O[Si](C([H])([H])[H])(C([H])([H])[H])C(C([H])([H])[H])(C([H])([H])[H])C([H])([H])[H])=C->1([H])c->21c([H])c([H])c([H])c([H])c->31C4%10C([H])([H])C([H])([H])C51C->6(O[Si](C([H])([H])[H])(C([H])([H])[H])C(C([H])([H])[H])(C([H])([H])[H])C([H])([H])[H])=C->7([H])c->82c->91c([H])c([H])c([H])c2[H])Cl
TERJIK,1,ok,0.0626,55,1,,[Mo+2]123(<-O(C1(C([H])([H])[H])C([H])([H])[H])C([H])([H])[H])(<-n1n([B-](n4n->2c([H])c([H])c4[H])(n2n->3c([H])c([H])c2[H])[H])c([H])c([H])c1[H])(<-n1c([H])n(C([H])([H])[H])c([H])c1[H])<-N#[O+]
TESDEA,0,ok,0.2288,34,1,,[Ti+4]12345678(<-C9([H])=C->1([H])C->2([H])=C->3([H])C49[H])<-C(=C->5(c1c([H])c([H])c([H])c([H])c1[H])N6[H])(S7)C([H])([H])C([H])([H])S8
TESXOH,1,ok,0.1216,46,1,,[Y+3]123456(OC->1(=O->2)C([H])([H])[H])(OC->3(=O->4)C([H])([H])[H])(<-O([H])[H])(<-O([H])[H])<-n1c([H])c([H])c([H])c([H])c1N(N->5=C([H])c1n->6c([H])c([H])c([H])c1[H])[H]
TETWAR,0,ok,0.1050,82,1,,[Ni+4]123n4c5c([H])c([H])c4C(c4c([H])c([H])c([H])c([H])c4[H])=c4n1c(c([H])c4[H])=C(c1c([H])c([H])c([H])c([H])c1[H])c1n2c(c([H])c1[H])C(c1c([H])c([H])c([H])c([H])c1[H])=C1N3C(=C5c2c([H])c([H])c([H])c([H])c2[H])C1([H])C(OC([H])([H])[H])=O
TEVQUJ,1,ok,0.0957,69,1,,[Cu+]12<-N([H])(C(C(N3C->1N(C([H])([H])c1c([H])c([H])c([H])c([H])c1[H])c1c3c([H])c([H])c([H])c1[H])([H])[H])([H])[H])C([H])([H])C(N1C->2N(C([H])([H])c2c([H])c([H])c([H])c([H])c2[H])c2c1c([H])c([H])c([H])c2[H])([H])[H]
TEXDIM,0,ok,0.0425,45,1,,[V+5]12(<-N(=C([H])c3c(c([H])c([H])c(Cl)c3[H])O1)N=C(c1c([H])c(OC([H])([H])[H])c([H])c([H])c1[H])O2)(OC([H])([H])[H])=O.O(C([H])([H])[H])[H]
TEXSAR,1,ok,0.0708,71,1,,[Co+3]1234(SC(=NN->1=C([H])c1n->2c([H])c([H])c([H])c1[H])N([H])C([H])([H])C([H])([H])c1c([H])c([H])c([H])c([H])c1[H])SC(=NN->3=C([H])c1n->4c([H])c([H])c([H])c1[H])N([H])C([H])([H])C([H])([H])c1c([H])c([H])c([H])c([H])c1[H]
TEYBOP,0,ok,0.0722,70,1,,[Ag+]1(OC(=O)C(F)(F)F)(<-n2c3c(c([H])c([H])c2C([H])([H])[H])c([H])c([H])c2c3n->1c(C([H])([H])[H])c([H])c2[H])<-P(c1c([H])c([H])c([H])c([H])c1[H])(c1c([H])c([H])c([H])c([H])c1[H])c1c([H])c([H])c([H])c([H])c1[H]
TEZLOZ,0,ok,0.0491,42,1,,[Re+5]123(<-S=C(N1C([H])([H])C([H])([H])C([H])([H])N2C(=Nc1c([H])c([H])c([H])c([H])c1[H])S3)N(c1c([H])c([H])c([H])c([H])c1[H])[H])=O
TIBBIP,0,ok,0.0809,85,1,,[Ni+4]1(<-P(=P->1c1c(C([H])([H])[H])c([H])c(C([H])([H])[H])c([H])c1C([H])([H])[H])c1c(C([H])([H])[H])c([H])c(C([H])([H])[H])c([H])c1C([H])([H])[H])(=Pc1c(C([H])([H])[H])c([H])c(C([H])([H])[H])c([H])c1C([H])([H])[H])=Pc1c(C([H])([H])[H])c([H])c(C([H])([H])[H])c([H])c1C([H])([H])[H]
TICMOJ,0,ok,0.0928,73,1,,[Zn+2]12(<-n3c4c([H])c([H])c([H])c([H])c4n(C([H])([H])c4oc([H])c([H])c4[H])c3-c3oc([H])c([H])c3[H])(<-n3c4c([H])c([H])c([H])c([H])c4n(C([H])([H])c4oc([H])c([H])c4[H])c3-c3oc([H])c([H])c3[H])(O[N+](=O)O1)O[N+](=O)O2
TIDBUE,0,ok,0.0499,50,1,,[Fe+2]123(<-n4c5c([H])c(Cl)c([H])c4C(=O)N1C([H])([H])C([H])([H])N([H])C([H])([H])C([H])([H])N->2([H])C([H])([H])C([H])([H])N3C5=O)(<-O([H])C([H])([H])[H])<-O([H])C([H])([H])[H]
TIFCIW,0,ok,0.0482,49,1,,[Ti+4](Cl)(Cl)(Oc1c(Oc2c([H])c([H])c([H])c([H])c2[H])c([H])c([H])c([H])c1[H])Oc1c(Oc2c([H])c([H])c([H])c([H])c2[H])c([H])c([H])c([H])c1[H]
TIGDAO,0,ok,0.0429,44,1,,[Fe]123(<-C(C#N)(=C->1(C->2(=C->3(C1([H])C(C2([H])C(C([H])([H])[H])([H])OC(C([H])([H])[H])(C([H])([H])[H])O2)([H])OC(=O)O1)[H])[H])[H])[H])(<-[C-]#[O+])(<-[C-]#[O+])<-[C-]#[O+]
TIGZIU,0,ok,0.0761,84,1,,[Ru+4]1(Cl)(Cl)(<-O(c2c(C=1[H])c([H])c([H])c([H])c2[H])C([H])(C([H])([H])[H])C([H])([H])[H])<-C1N(c2c(C([H])([H])[H])c([H])c(C([H])([H])[H])c([H])c2C([H])([H])[H])C([H])([H])C([H])([H])N1c1c(C([H])(C([H])([H])[H])C([H])([H])[H])c([H])c([H])c([H])c1C([H])(C([H])([H])[H])C([H])([H])[H]
TIJPUX,0,ok,0.0383,33,1,,[Cu+3]12345<-O(O1)C(=O)C(C(c1n->2c([H])n([H])c1[H])([H])[H])([H])N3C(=O)c1n->4c(c([H])c([H])c1[H])C(=O)O5
TIKWER,0,ok,0.0822,66,1,,[Pt+2](<-P(c1c([H])c([H])c([H])c([H])c1C(N([H])C([H])([H])c1c([H])c([H])c([H])c([H])c1[H])(O[H])[H])(c1c([H])c([H])c([H])c([H])c1[H])c1c([H])c([H])c([H])c([H])c1[H])(C(=O)C([H])([H])[H])C(=O)C([H])([H])[H]
TILMAF,0,ok,0.1127,63,1,,[Ir+3]12345(Cl)(<-n6c(-c7c1c([H])c([H])c([H])c7[H])n(C([H])([H])C([H])([H])C([H])([H])[H])c1c6c([H])c(C([H])([H])[H])c([H])c1[H])C1(C([H])([H])[H])C->2(C([H])([H])[H])=C->3(C([H])([H])[H])C->4(C([H])([H])[H])=C->51C([H])([H])[H]
TIMKIJ,0,ok,0.0585,70,1,,[Zn+2]12(<-n3n([B-](n4n->1c(C(C([H])([H])[H])(C([H])([H])[H])C([H])([H])[H])c([H])c4C(C([H])([H])[H])(C([H])([H])[H])[H])(O->2C([H])([H])[H])[H])c(C(C([H])([H])[H])(C([H])([H])[H])[H])c([H])c3C(C([H])([H])[H])(C([H])([H])[H])C([H])([H])[H])C([H])([H])[H]
TIPDAY,1,ok,0.0486,48,1,,[Cd+2]12(<-O=C(c3c([H])c([H])c([N+]([O-])=O)c([H])c3[H])N([H])N->1([H])[H])(<-O=C(c1c([H])c([H])c([N+]([O-])=O)c([H])c1[H])N([H])N->2([H])[H])(O[N+]([O-])=O)<-O([H])[H]
TIQSAQ,0,ok,0.1310,81,1,,[Ni+2]12(<-P(N3C([H])([H])C([H])([H])C([H])([H])N4C([H])([H])C([H])([H])C([H])([H])N(P->1(c1c([H])c([H])c([H])c([H])c1[H])c1c([H])c([H])c([H])c([H])c1[H])B43)(c1c([H])c([H])c([H])c([H])c1[H])c1c([H])c([H])c([H])c([H])c1[H])Sc1c([H])c([H])c([H])c([H])c1S2
TIRQUG,0,ok,0.1022,78,1,,[Zr+4]123456(Cl)(Cl)(Cl)<-P(C([Si](C->17=C->2([H])C->3([Si](C(P->4(C(C([H])([H])[H])(C([H])([H])[H])[H])C(C([H])([H])[H])(C([H])([H])[H])[H])([H])[H])(C([H])([H])[H])C([H])([H])[H])=C->5([H])C67[H])(C([H])([H])[H])C([H])([H])[H])([H])[H])(C(C([H])([H])[H])(C([H])([H])[H])[H])C(C([H])([H])[H])(C([H])([H])[H])[H]
TISVAS,0,ok,0.1505,75,1,,[Ta+5]12345(<-C6(C([H])([H])[H])=C->1(C([H])([H])[H])C2(C([H])([H])[H])C->3(C([H])([H])[H])=C->46C([H])([H])[H])(C([Si](C([H])([H])[H])(C([H])([H])[H])C([H])([H])[H])([H])[H])(C([Si](C([H])([H])[H])(C([H])([H])[H])C([H])([H])[H])([H])[H])Oc1c(C([H])([H])[H])c([H])c([H])c([H])c1C5([H])[H]
TITMIT,0,ok,0.1119,47,1,,[Cd+2]12(<-n3c(O1)c([H])c([H])c1c3-c3nc([H])c([H])c([H])c3C1=O)(<-O([H])[H])(<-n1c(O2)c([H])c([H])c2c1-c1nc([H])c([H])c([H])c1C2=O)<-O([H])[H]
TIVREW,1,ok,0.3868,84,1,,[Ru+4]12345(<-P(C([H])([H])C(P->1(c1c([H])c([H])c([H])c([H])c1[H])c1c([H])c([H])c([H])c([H])c1[H])([H])[H])(c1c([H])c([H])c([H])c([H])c1[H])c1c([H])c([H])c([H])c([H])c1[H])(=C=C(C#N)C#N)<-C1(C([H])([H])[H])=C->2(C([H])([H])[H])C3(C([H])([H])[H])C->4(C([H])([H])[H])=C->51C([H])([H])[H]
TIWQAU,0,ok,0.1378,59,1,,c1([H])c([H])c2-c3c([H])c([H])c([H])c([H])n3->[Fe+2]345(<-n2n1[B-](n1c([H])c([H])c(-c2c([H])c([H])c([H])c([H])n->32)n->41)(n1c([H])c([H])c(-c2c([H])c([H])c([H])c([H])n2)n->51)[H])[F+][B-](F)(F)F
TIXLES,0,ok,0.0626,63,1,,[Zn+2](OC(=O)c1c([H])c([H])c([N+](=O)[O-])c([H])c1[H])(O[n+]1c([H])c([H])c([H])c([H])c1[H])(<-O([H])[H])(OC(=O)c1c([H])c([H])c([N+]([O-])=O)c([H])c1[H])(O[n+]1c([H])c([H])c([H])c([H])c1[H])<-O([H])[H]
TIYCAF,1,ok,0.0827,29,1,,[Mn+]1234(<-C5(=C6C([H])=C([H])C([H])=C([H])C([H])=C6[H])C->1([H])=C->2([H])C->3([H])=C->45[H])(<-[C-]#[O+])(<-[C-]#[O+])<-[C-]#[O+]
TIZLAQ,0,ok,0.0884,73,1,,[Ti+4]123(<-N(=C([H])c4n1c([H])c([H])c4[H])c1c(c4c(c([H])c1[H])c([H])c([H])c([H])c4[H])-c1c(c([H])c([H])c4c1c([H])c([H])c([H])c4[H])N->2=C([H])c1n3c([H])c([H])c1[H])(N(C([H])([H])[H])C([H])([H])[H])N(C([H])([H])[H])C([H])([H])[H]
TOBQAC,0,ok,0.0836,49,1,,[Ni+2]123(<-N#C[S-])(<-N#C[S-])<-N4([H])C([H])([H])C([H])([H])N->1=C([H])c1c([H])c([H])c([H])c([H])c1N->2([H])C([H])([H])C([H])([H])N->3=C([H])c1c([H])c([H])c([H])c([H])c14
TOFQEN,0,ok,0.0515,39,1,,[Au+3](<-n1c([H])c([H])c([H])c([H])c1-c1nc(-c2nc([H])c([H])c([H])c2[H])c([H])c([H])c1[H])(=N[N+]#N)(=N[N+]#N)=N[N+]#N
TOGJEG,0,ok,0.0769,41,1,,[Pt+2]12(<-O=C(C([H])=C(O1)C([H])([H])[H])C([H])([H])[H])c1c(-c3n->2c2c([H])c([H])c([H])c([H])c2c([H])c3[H])c([H])c([H])c(F)c1[H]
TOHBUQ,1,ok,0.1212,67,1,,C12(C([H])([H])[H])->[Ir+3]3456(<-C=1(C([H])([H])[H])C->3(C([H])([H])[H])=C->4(C([H])([H])[H])C25C([H])([H])[H])(<-[c-]1c(C([H])([H])N2C([H])=C([H])N(C([H])([H])[H])C->62)[n+](C([H])([H])[H])nn1-c1c([H])c(C([H])([H])[H])c([H])c(C([H])([H])[H])c1[H])Cl
TOJMOW,0,ok,0.1485,74,1,,c12c([H])c([H])c([H])c([H])c1N(C([H])([H])C(C([H])([H])[H])(C([H])([H])[H])C([H])([H])[H])[Cr+4]1345(<-C6([H])=C->1([H])C3([H])C->4([H])=C->56[H])(N([H])S(c1c([H])c([H])c(C([H])([H])[H])c([H])c1[H])(=O)=O)N2C([H])([H])C(C([H])([H])[H])(C([H])([H])[H])C([H])([H])[H]
TOKZEY,0,ok,0.3865,75,1,,[Ti+4]123456789(<-C%10(C([H])([H])[H])=C->1(C([H])([H])[H])C->2(C([H])([H])[H])=C->3(C([H])([H])[H])C4%10C([H])([H])[H])(<-C1(C([H])([H])[H])=C->5(C([H])([H])[H])C6(C([H])([H])[H])C->7(C([H])([H])[H])=C->81C([H])([H])[H])C([H])([H])C(C([H])([H])[H])([H])C9([Si](C([H])([H])[H])(C([H])([H])[H])C([H])([H])[H])[H]
TOLTET,1,ok,0.0323,43,1,,Br[Co+3]123(<-[Se]4C([H])([H])C([H])([H])C([H])([H])[Se]->1C([H])([H])C([H])([H])C([H])([H])[Se]->2C([H])([H])C([H])([H])C([H])([H])[Se]->3C([H])([H])C([H])([H])C4([H])[H])Br
TOMLEN,0,ok,0.1577,56,1,,[Ir+3]123(n4nnnc4-c4c([H])c([H])c([H])c([H])n->14)(<-n1c([H])c([H])c([H])c([H])c1-c1c([H])c([H])c([H])c([H])c12)<-n1c([H])c([H])c([H])c([H])c1-c1c([H])c([H])c([H])c([H])c13
TONGOU,0,ok,0.0606,77,1,,[Zn+2]12(<-S=P(N=C(N3C([H])([H])C([H])([H])C([H])([H])C3([H])[H])O1)(C([H])(C([H])([H])[H])C([H])([H])[H])C([H])(C([H])([H])[H])C([H])([H])[H])SP(=NC(N1C([H])([H])C([H])([H])C([H])([H])C1([H])[H])=O->2)(C([H])(C([H])([H])[H])C([H])([H])[H])C([H])(C([H])([H])[H])C([H])([H])[H]
TONTIZ,0,ok,0.0676,41,1,,[Pd+2]12(Cl)<-S=C(N3C([H])([H])C([H])([H])C([H])([H])C3([H])[H])c3c1c(C(=S->2)N1C([H])([H])C([H])([H])C([H])([H])C1([H])[H])c([H])c([H])c3[H]
TOPKUG,0,ok,0.0780,71,1,,c1([H])c([H])c(C2=O->[Zn+2]345(<-O=C(c6sc([H])c([H])c6[H])N(N->3=C(c3n->4c([H])c([H])c([H])c3[H])c3c([H])c([H])c([H])c([H])c3[H])[H])N(N2[H])C(c2c([H])c([H])c([H])c([H])c2[H])=C2N5C([H])=C([H])C([H])=C2[H])sc1[H]
TOQXAA,1,ok,0.0544,65,1,,[Fe+2]12(<-P(N(c3n->1c(N(P->2(C(C([H])([H])[H])(C([H])([H])[H])[H])C(C([H])([H])[H])(C([H])([H])[H])[H])[H])c([H])c([H])c3[H])[H])(C(C([H])([H])[H])(C([H])([H])[H])[H])C(C([H])([H])[H])(C([H])([H])[H])[H])(<-N#CC([H])([H])[H])(<-[C-]#[O+])[H]
TORLAN,0,ok,0.7164,58,1,,[Zr+4]1234567(N(C([H])([H])[H])C([H])([H])[H])(<-C8([H])=C->1([Si](C([H])([H])[H])(C([H])([H])[H])C->21=C->3([H])C4([H])c2c->51c([H])c([H])c([H])c2[H])c->61c(c([H])c([H])c([H])c1[H])C78[H])N(C([H])([H])[H])C([H])([H])[H]
TOSZUW,0,ok,0.0723,74,1,,[Co+3]123(SC([H])([H])C(C(P->1(c1c([H])c([H])c([H])c([H])c1[H])c1c([H])c([H])c([H])c([H])c1[H])([H])[H])(C(P->2(c1c([H])c([H])c([H])c([H])c1[H])c1c([H])c([H])c([H])c([H])c1[H])([H])[H])C([H])([H])[H])Sc1c([H])c([H])c([H])c([H])c1S3
TOVKAQ,0,ok,0.0444,46,1,,[V+5]12(Oc3c([H])c([H])c([H])c4c([H])c([H])c([H])nc34)(=O)<-N(=C([H])c3c(c([H])c([H])c([H])c3[H])O1)C(C([H])([H])[H])(C([H])([H])[H])C([H])([H])O2
TOWPOK,0,ok,0.0486,60,1,,[Re+]1(<-S=C(N(C(=O)OC(C([H])([H])[H])([H])[H])[H])C(=C1C(C(=O)OC([H])([H])[H])([H])[H])C(=O)OC([H])([H])[H])(<-P(C([H])([H])[H])(C([H])([H])[H])c1c([H])c([H])c([H])c([H])c1[H])(<-[C-]#[O+])(<-[C-]#[O+])<-[C-]#[O+]
TOXHOD,0,ok,0.2704,51,1,,[Zr+4]123456789%10(C%11([H])C->1([H])=C->2([H])C->3([H])=C->4%11[H])(<-C1([H])=C->5([H])C6([H])C->7([H])=C->81[H])C(C([B-]->9(c1c(F)c(F)c(F)c(F)c1F)(c1c(F)c(F)c(F)c(F)c1F)[H]->%10)([H])[H])([H])[H]
TOZNAX,1,ok,0.5087,81,1,,[Mo+4]1234567(<-P(c8c([H])c([H])c([H])c([H])c8[H])(c8c([H])c([H])c([H])c([H])c8[H])C(C(P->1(c1c([H])c([H])c([H])c([H])c1[H])c1c([H])c([H])c([H])c([H])c1[H])([H])[H])([H])[H])(<-C1([H])=C->2([H])C->3([H])=C->4([H])C->5([H])=C->6([H])C71[H])=C=C(C(C(C(O[H])([H])[H])([H])[H])([H])[H])[H]
TPTCAN,0,ok,0.0541,53,1,,[Au+](<-P(c1c([H])c([H])c([H])c([H])c1[H])(c1c([H])c([H])c([H])c([H])c1[H])c1c([H])c([H])c([H])c([H])c1[H])SC(N(C(C([H])([H])[H])([H])[H])C(C([H])([H])[H])([H])[H])=S
TUCSAM,0,ok,0.1246,77,1,,[Pd+2]12(Cl)(<-C3N(c4c(C([H])(C([H])([H])[H])C([H])([H])[H])c([H])c([H])c([H])c4C([H])(C([H])([H])[H])C([H])([H])[H])C([H])=C([H])N3c3c(C([H])(C([H])([H])[H])C([H])([H])[H])c([H])c([H])c([H])c3C([H])(C([H])([H])[H])C([H])([H])[H])<-C3([H])=C->1([H])C2([H])C([H])=C3[H]
TUDRUG,0,ok,0.0406,48,1,,[Pd+2](Cl)(<-C1N(c2c(C([H])([H])[H])c([H])c(C([H])([H])[H])c([H])c2C([H])([H])[H])C([H])=C([H])N1C([H])([H])C(N(C([H])([H])[H])C([H])([H])[H])([H])[H])C([H])([H])[H]
TUGNOZ,0,ok,0.1260,56,1,,[Os+6]12(<-n3n([B-](n4nc([H])c([H])c4[H])(n4n->1c([H])c([H])c4[H])[H])c([H])c([H])c3[H])(#N)OC([H])(c1c([H])c([H])c([H])c([H])c1[H])C([H])(c1c([H])c([H])c([H])c([H])c1[H])O2
TUGYEB,0,ok,0.0879,68,1,,[Fe+2]1(<-P(C([H])([H])[H])(C([H])([H])[H])C([H])([H])[H])(<-P(C([H])([H])[H])(C([H])([H])[H])C([H])([H])[H])(<-P(C([H])([H])[H])(C([H])([H])[H])C([H])([H])[H])(<-N(=C(c2c1c([H])c([H])c([H])c2F)c1c([H])c([H])c([H])c([H])c1C([H])([H])[H])[H])[H]
TUKHAI,0,ok,0.0863,63,1,,[Mo+6]12(<-O=C(C(=C(O1)C([H])([H])[H])[H])C([H])([H])[H])(OC(=C(C(=O->2)C([H])([H])[H])[H])C([H])([H])[H])(=NN(c1c([H])c([H])c([H])c([H])c1[H])C([H])([H])[H])=NN(c1c([H])c([H])c([H])c([H])c1[H])C([H])([H])[H]
TUKPOG,0,ok,0.0581,73,1,,C([H])([H])([H])OC(C(N(C(=[Au+3]Cl)N([H])c1c(C([H])(C([H])([H])[H])C([H])([H])[H])c([H])c([H])c([H])c1C([H])(C([H])([H])[H])C([H])([H])[H])C1([H])C([H])([H])C([H])([H])C([H])([H])C([H])([H])C([H])([H])C([H])([H])C1([H])[H])([H])[H])([H])OC([H])([H])[H]
TULQOH,0,ok,0.0575,60,1,,[Fe+2]12(Cl)(<-n3c4c([H])c([H])c([H])c([H])c4oc3-c3n->1c(C(=N->2c1c(C([H])(C([H])([H])[H])C([H])([H])[H])c([H])c([H])c([H])c1C([H])(C([H])([H])[H])C([H])([H])[H])C([H])([H])[H])c([H])c([H])c3[H])Cl
TUMQEX,0,ok,0.0416,55,1,,[Zn+2]1(C(c2c([H])c([H])c([H])c([H])c2[H])([Si](C([H])([H])[H])(C([H])([H])[H])C([H])([H])[H])[H])(C([H])([H])[H])<-N(C([H])([H])[H])(C([H])([H])[H])C(C(N->1(C([H])([H])[H])C([H])([H])[H])([H])[H])([H])[H]
TUNHER,0,ok,0.1037,77,1,,c1([H])c([H])c([H])c([H])c([H])c1C([H])([H])N12->[Ni+2]3(<-O=C(c4c(N3C(=O)C1([H])[H])c([H])c([H])c([H])c4[H])c1c([H])c([H])c([H])c([H])c1[H])N(c1c([H])c([H])c([H])c([H])c1C(c1c([H])c([H])c(C(F)(F)F)c([H])c1[H])=O)C(=O)C2([H])[H]
TUPQAW,0,ok,0.4136,67,1,,[Co+]12345(<-S=C([H])C(=S->1)[H])<-C1(c6c([H])c([H])c([H])c([H])c6[H])=C->2(c2c([H])c([H])c([H])c([H])c2[H])C3(c2c([H])c([H])c([H])c([H])c2[H])C->4(c2c([H])c([H])c([H])c([H])c2[H])=C->51c1c([H])c([H])c([H])c([H])c1[H]
TURFIW,1,ok,0.0639,79,1,,[Ag+](<-P(c1c([H])c([H])c([H])c([H])c1-c1c(C([H])(C([H])([H])[H])C([H])([H])[H])c([H])c(C([H])(C([H])([H])[H])C([H])([H])[H])c([H])c1C([H])(C([H])([H])[H])C([H])([H])[H])(C(C([H])([H])[H])(C([H])([H])[H])C([H])([H])[H])C(C([H])([H])[H])(C([H])([H])[H])C([H])([H])[H])<-O([H])[H]
TURRIH,0,ok,0.7042,85,1,,[Y+3]123456789%10%11%12(<-C%13(C%14([H])C([H])([H])C([H])([H])N(C([H])([H])[H])C([H])([H])C%14([H])[H])=C->1([H])C2([H])C->3([H])=C->4%13[H])(<-C1(C2([H])C([H])([H])C([H])([H])N(C([H])([H])[H])C([H])([H])C2([H])[H])=C->5([H])C->6([H])=C->7([H])C81[H])<-C1(C2([H])C([H])([H])C([H])([H])N(C([H])([H])[H])C([H])([H])C2([H])[H])=C->9([H])C->%10([H])=C->%11([H])C%121[H]
TUSQOP,0,ok,0.0593,28,1,,Br[Mn+3]1(<-[C-]#[O+])(<-[C-]#[O+])(<-[C-]#[O+])n2c3c4n1c([H])c([H])c([H])c-4c(=O)c-3c([H])c([H])c2[H]
TUTKEA,1,ok,0.0397,43,1,,[Ni+2]123(Cl)<-N(C([H])([H])C([H])([H])C([H])([H])C(N->1=C(c1n->2c([H])c([H])c([H])c1[H])[H])([H])[H])=C(c1n->3c([H])c([H])c([H])c1[H])[H].O([H])[H]
TUTRAC,0,ok,0.0594,51,1,,Br[Ni+2]1(Br)<-n2c(C3=C(c4c([H])c([H])c([H])c([H])c4[H])C(=O)C(c4c([H])c([H])c([H])c([H])c4[H])=C3c3n->1c([H])c([H])c([H])c3[H])c([H])c([H])c([H])c2[H]
TUXHOK,1,ok,0.0619,68,1,,[Cd+2]12345(Cl)<-O6c7c(c([H])c([H])c([H])c7[H])C([H])=N->1C([H])([H])C([H])([H])C([H])([H])N->2(C(c1n->3c([H])c([H])c([H])c1[H])([H])[H])C([H])([H])C([H])([H])C([H])([H])N->4=C([H])c1c(c([H])c([H])c([H])c1[H])O->5C([H])([H])C6([H])[H]
TUXSUA,1,ok,0.0458,46,1,,[Re+]1(<-[C-]#[O+])(<-[C-]#[O+])(<-[C-]#[O+])(C([S+](C([H])([H])[H])c2c([H])c([H])c([H])c([H])c2[H])([H])[H])<-n2c([H])c([H])c([H])c([H])c2-c2n->1c([H])c([H])c([H])c2[H]
TUYZIW,0,ok,0.4653,84,1,,[Co+]12345(<-S(=NS(=O)(=O)c6c([H])c([H])c(C([H])([H])[H])c([H])c6[H])=C(C(=S->1)C(OC([H])([H])[H])=O)C(=O)OC([H])([H])[H])(<-P(Oc1c([H])c([H])c([H])c([H])c1[H])(Oc1c([H])c([H])c([H])c([H])c1[H])Oc1c([H])c([H])c([H])c([H])c1[H])<-C1([H])=C->2([H])C3([H])C->4([H])=C->51[H]
UBAKIU,0,ok,0.0442,52,1,,[Zn+2](Cl)(Cl)(Cl)<-n1c(C([N+]([H])=C(N2C([H])([H])C([H])([H])C([H])([H])C([H])([H])C2([H])[H])N2C([H])([H])C([H])([H])C([H])([H])C([H])([H])C2([H])[H])([H])[H])c([H])c([H])c([H])c1[H]
UBEQUP,0,ok,0.3171,77,1,,[Y+3]12345678(<-O9C([H])([H])C([H])([H])C([H])([H])C9([H])[H])(C9(C([H])([H])[H])C->1(C([H])([H])[H])=C->2(C([H])([H])[H])C->3(C([H])([H])[H])=C->49C([H])([H])[H])(<-C1(C([H])([H])[H])=C->5(C([H])([H])[H])C6(C([H])([H])[H])C->7(C([H])([H])[H])=C->81C([H])([H])[H])C#Cc1c([H])c([H])c([H])c([H])c1[H]
UBICIT,1,ok,0.0455,50,1,,[Ni+2]123<-S(C(C(SC(C(N->1=C(c1c(O[H])c([H])c([H])c([H])c1[H])[H])([H])[H])([H])[H])([H])[H])([H])[H])C([H])([H])C(N->2=C([H])c1c([H])c([H])c([H])c([H])c1O3)([H])[H]
UBOXOB,0,ok,0.0482,43,1,,[Mo+6]12(<-N(=C([H])c3c(c([H])c([H])c4c([H])c([H])c([H])c([H])c34)O1)c1c(c([H])c(C([H])([H])[H])c([H])c1[H])O2)(=O)=O.O([H])C([H])([H])[H]
UCASOG,0,ok,0.0639,25,1,,[Zn+2]12(<-S=C(N([H])[H])N([H])[H])(<-S=C(N([H])[H])N([H])[H])(O[N+](=O)O1)O[N+](=O)O2
UCELEU,1,ok,0.0557,65,1,,[Zn+2]123(<-n4c([H])c([H])sc4C4=N->1C(C([H])([H])[H])(C([H])([H])[H])C(C([H])([H])[H])(C([H])([H])[H])N4O[H])(<-n1c([H])c([H])sc1C1=N->2C(C([H])([H])[H])(C([H])([H])[H])C(C([H])([H])[H])(C([H])([H])[H])N1O[H])O[N+](=O)O3
UCINIE,0,ok,0.0628,79,1,,[Ir+3]12([H])(<-P(C(c3c1c(C(P->2(C(C([H])([H])[H])(C([H])([H])[H])C([H])([H])[H])C(C([H])([H])[H])(C([H])([H])[H])C([H])([H])[H])([H])[H])c([H])c([H])c3[H])([H])[H])(C(C([H])([H])[H])(C([H])([H])[H])C([H])([H])[H])C(C([H])([H])[H])(C([H])([H])[H])C([H])([H])[H])(O[N+]([O-])=C([H])[H])<-[C-]#[O+]
UCUNIS,0,ok,0.0529,55,1,,[Pt+4]12(OC(=C(C(=N->1c1c([H])c([H])c([H])c3c1c([H])c([H])c([H])c3[H])C([H])([H])[H])[H])C([H])([H])[H])=C1SC(C([H])([H])[H])=C(C([H])([H])[H])N1c1c2c([H])c([H])c([H])c1[H]
UDABAC,0,ok,0.0771,55,1,,[Ni+2](<-N#C[S-])(<-n1c([H])c(C#N)c([H])c([H])c1[H])(<-n1c([H])c(C#N)c([H])c([H])c1[H])<-N#C[S-].n1c([H])c([H])c([H])c(C#N)c1[H].n1c([H])c(C#N)c([H])c([H])c1[H]
UDEPAV,0,ok,0.0914,82,1,,[Re+5](Cl)(Cl)(Cl)(<-P(c1c([H])c([H])c([H])c([H])c1[H])(c1c([H])c([H])c([H])c([H])c1[H])c1c([H])c([H])c([H])c([H])c1[H])=Nc1c(C([H])([H])[H])c([H])c(C([H])([H])[H])c([H])c1C([H])([H])[H].N(c1c(C([H])([H])[H])c([H])c(C([H])([H])[H])c([H])c1C([H])([H])[H])([H])[H]
UDIJUN,0,ok,0.0338,29,1,,c12[Pt+2]3(Cl)<-n4c(-c1c([H])c([H])c([H])c2[H])c([H])c([H])c([H])c4-c1c([H])c([H])n([H])n->31
UDOBIB,0,ok,0.0483,54,1,,I[Cu+]12<-n3c4c([H])c([H])c([H])c3C([H])([H])N(C([H])(C([H])([H])[H])C([H])([H])[H])C([H])([H])c3n->1c(c([H])c([H])c3[H])C([H])([H])N->2(C([H])(C([H])([H])[H])C([H])([H])[H])C4([H])[H]
UDODIC,0,ok,0.0876,69,1,,[Cr+2](<-P(c1c([H])c([H])c(C([H])([H])[H])c([H])c1[H])(c1c([H])c([H])c(C([H])([H])[H])c([H])c1[H])c1c([H])c([H])c(C([H])([H])[H])c([H])c1[H])(<-[C-]#[O+])(<-[C-]#[O+])(<-[C-]#[O+])(<-[C-]#[O+])=C=C=C(OC([H])([H])[H])N(C([H])([H])[H])C([H])([H])[H]
UDOJEE,0,ok,0.2774,49,1,,[Cr+2]12345(<-C6([H])=C->1([H])C2([H])C->3([H])=C->46[H])(<-[C-]#[O+])(<-[C-]#[O+])<-P(c1c([H])c([H])c([H])c([H])c1[H])(c1c([H])c([H])c([H])c([H])c1[H])c1c([H])c([H])c([H])c([H])c1S5
UDOPOT,0,ok,0.0765,69,1,,[Ni+4]123Sc4c(c([H])c5sc(-c6c([H])c([H])c([H])c([H])c6[H])nc5c4[H])N1C(c1c([H])c([H])c([H])c([H])c1[H])([H])C(c1c4c([H])c([H])c([H])c([H])c4c([H])c([H])c1[H])([H])N2c1c(c([H])c([H])c([H])c1[H])S3
UDUHUZ,0,ok,0.0945,71,1,,[Ag+]1(OC(=O->1)C(F)(F)F)(<-n1c(C([H])([H])[H])c([H])c(C([H])([H])[H])c([H])c1C([H])([H])[H])<-P(c1c(C([H])([H])[H])c([H])c([H])c([H])c1[H])(c1c(C([H])([H])[H])c([H])c([H])c([H])c1[H])c1c(C([H])([H])[H])c([H])c([H])c([H])c1[H]
UFAQAT,0,ok,0.0631,62,1,,[Zn+2](<-n1c([H])c([H])c([H])c([H])c1[H])(<-n1c([H])c([H])c([H])c([H])c1[H])(<-n1c([H])c([H])c([H])c([H])c1[H])(OC(=O)c1c(Cl)c([H])c([H])c([H])c1Cl)OC(=O)c1c(Cl)c([H])c([H])c([H])c1Cl
UFENAX,0,ok,0.0317,33,1,,[Hg+2]1(Cl)<-N(C([H])(c2c1c([H])c([H])c1c([H])c([H])c([H])c([H])c21)C([H])([H])[H])(C([H])([H])[H])C([H])([H])[H]
UFUHEL,0,ok,0.2347,39,1,,[C-](->[Fe+2]1234(<-[C-]#[O+])(<-C5([H])=C->1([H])C2([H])C->3([H])=C->45[H])<-P(c1c([H])c([H])c([H])c([H])c1[H])(c1c([H])c([H])c([H])c([H])c1[H])[Se-])#[O+]
UGANOG,0,ok,0.0315,30,1,,c12C([H])([H])OC([H])([H])c3c([H])c([H])c([H])c([H])n3->[Zn+2](Cl)(Cl)<-n1c([H])c([H])c([H])c2[H]
UGENAW,-1,ok,0.2564,85,1,,[La+3]1234(<-O=C(C([H])=C(O1)C([H])([H])[H])c1c([H])c([H])c([H])c([H])c1[H])(OC(c1c([H])c([H])c([H])c([H])c1[H])=C([H])C(=O->2)C([H])([H])[H])(OC(=C(C(=O->3)c1c([H])c([H])c([H])c([H])c1[H])[H])C([H])([H])[H])OC(=C([H])C(=O->4)c1c([H])c([H])c([H])c([H])c1[H])C([H])([H])[H]
UGIMIG,1,ok,0.1269,82,1,,[Ir+3]1234(<-S([Si]1(SC(C([H])([H])[H])(C([H])([H])[H])C([H])([H])[H])SC(C([H])([H])[H])(C([H])([H])[H])C([H])([H])[H])C(C([H])([H])[H])(C([H])([H])[H])C([H])([H])[H])(<-P(C([H])([H])[H])(C([H])([H])[H])C([H])([H])[H])C1(C([H])([H])[H])C->2(C([H])([H])[H])=C->3(C([H])([H])[H])C->4(C([H])([H])[H])=C1C([H])([H])[H]
UGOKAC,0,ok,0.0569,49,1,,[Zn+2]123(<-n4c([H])c([H])c([H])c5c([H])c([H])c6c([H])c([H])c([H])n->1c6c45)(<-n1c([H])c([H])c([H])c4c([H])c([H])c5c([H])c([H])c([H])n->2c5c14)OC(=O)O3
UGUHUB,1,ok,0.0693,63,1,,[Co+3]1234(SC(=NN->1=C(c1n->2c([H])c([H])nc1[H])C([H])([H])[H])N([H])c1c([H])c([H])c([H])c([H])c1[H])SC(=NN->3=C(c1n->4c([H])c([H])nc1[H])C([H])([H])[H])N([H])c1c([H])c([H])c([H])c([H])c1[H]
UHECIU,0,ok,0.0888,73,1,,c12N3=P(c4c([Pd+2]<-3(<-N(=C(c1c([H])c([H])c([H])c2[H])c1c([H])c([H])c([H])c([H])c1[H])c1c([H])c([H])c(C([H])([H])[H])c([H])c1[H])Cl)c([H])c([H])c([H])c4[H])(c1c([H])c([H])c([H])c([H])c1[H])c1c([H])c([H])c([H])c([H])c1[H]
UHEKIC,0,ok,0.0511,25,1,,[Pt+4]1(Br)(Br)(Br)(Br)<-n2c([H])c([H])c([H])c3c2-c2n->1c([H])c([H])c([H])c2C3=O
UHILUT,0,ok,0.0876,71,1,,[Mo]123456(<-P(C([H])([H])[H])(C([H])([H])[H])C([H])([H])[H])(<-P(C([H])([H])[H])(C([H])([H])[H])C([H])([H])[H])(<-c7([H])c8nc9c(nc8c->1([H])c->2([H])c->37[H])c([H])c([H])c([H])c9[H])<-c1([H])c2nc3c(nc2c->4([H])c->5([H])c->61[H])c([H])c([H])c([H])c3[H]
UHIQAD,0,ok,0.9984,75,1,,[Zr+4]123456789(N(C([H])([H])[H])C([H])([H])[H])(N(C([H])([H])[H])C([H])([H])[H])<-C%10%11=C->1([H])C2(C(C([H])([H])[H])(C([H])([H])[H])C([H])([H])[H])C->3([H])=C->4%10[Si](C([H])([H])[H])(C([H])([H])[H])C->51=C->6([H])C7([H])C->8([H])=C->91[Si](C([H])([H])[H])(C([H])([H])[H])O[Si]%11(C([H])([H])[H])C([H])([H])[H]
UHONUA,1,ok,0.4726,67,1,,[Os+4]12345(<-P(c6c([H])c([H])c([H])c([H])c6[H])(c6c([H])c([H])c([H])c([H])c6[H])c6c([H])c([H])c([H])c([H])c6[H])(<-C6([H])=C->1([H])C->2([H])=C->3([H])C46[H])N1C([H])=C([H])C([H])=c2c([H])c([H])c3c(c21)N5C([H])=C([H])C=3[H]
UJAJOE,0,ok,0.2227,51,1,,[Ir+3]1234([H])(<-P(C([H])([H])[H])(C([H])([H])[H])C([H])([H])[H])(<-C5(C([H])([H])[H])=C->1(C([H])([H])[H])C2(C([H])([H])[H])C->3(C([H])([H])[H])=C->45C([H])([H])[H])c1c([H])c(F)c(F)c(F)c1F
UJECER,1,ok,0.0594,45,1,,[Hg+2]12(Cl)<-n3c(C(N(C([H])([H])c4n->1c([H])c([H])n4C([H])([H])[H])C([H])([H])c1n->2c([H])c([H])n1C([H])([H])[H])([H])[H])n(C([H])([H])[H])c([H])c3[H]
UJETAF,0,ok,0.1296,68,1,,[Pt+4]1(=S(=O)(C([H])([H])[H])C([H])([H])[H])(<-n2c3c(nc(Cl)nc3N([H])C([H])([H])c3c(OC([H])([H])[H])c([H])c([H])c([H])c3[H])n(C([H])(C([H])([H])[H])C([H])([H])[H])c2[H])OC(=O)C2(C(=O)O1)C([H])([H])C([H])([H])C2([H])[H]
UJOPOA,0,ok,0.1241,78,1,,[W+2](=C(OC([H])([H])C([H])([H])[H])C([H])=C(N([H])c1c([H])c([H])c(C2=C3[N+](=C(C([H])([H])[H])C([H])=C3C([H])([H])[H])[B-](F)(F)n3c2c(C([H])([H])[H])c([H])c3C([H])([H])[H])c([H])c1[H])c1c([H])c([H])c([H])c([H])c1[H])(<-[C-]#[O+])(<-[C-]#[O+])(<-[C-]#[O+])(<-[C-]#[O+])<-[C-]#[O+]
UKEZIV,0,ok,0.0350,36,1,,[Zn+2](<-N#C[S-])(<-N#C[S-])(O[n+]1c([H])c([H])c(C#N)c([H])c1[H])<-O([H])[H].[O-][n+]1c([H])c([H])c(C#N)c([H])c1[H]
UKOHUZ,1,ok,0.0748,65,1,,c1([H])c([H])c(C([H])([H])C([H])([H])C([H])([H])C(=O)O[H])c([H])c([H])n1->[Os+4]12(Cl)(<-n3c([H])c([H])c([H])c([H])c3-c3c([H])c([H])c([H])c([H])n->13)N1C([H])=C([H])C([H])=C([H])C1=C1C([H])=C([H])C([H])=C([H])N12
UKUGOW,0,ok,0.0437,37,1,,[Pt+4]12(Cl)(Cl)(Cl)<-n3c([H])c([H])c([H])c([H])c3N=N->1c1c([H])c([H])c([H])c([H])c1N2c1nc([H])c([H])c([H])c1[H]
UKUMOE,0,ok,0.5061,80,1,,c1([H])c([H])c([H])c([H])c2C(C([H])([H])[H])=N(C([H])([H])C([H])([H])C([H])([H])C([H])([H])[H])->[Ti+2]3456789%10(<-C%11(C([H])([H])[H])=C->3(C([H])([H])[H])C4(C([H])([H])[H])C->5(C([H])([H])[H])=C->6%11C([H])([H])[H])(<-C3(C([H])([H])[H])=C->7(C([H])([H])[H])C->8(C([H])([H])[H])=C->9(C([H])([H])[H])C3%10C([H])([H])[H])<-n12
ULATEI,0,ok,0.0476,61,1,,[Ru+2]12(Cl)(<-P(C([H])(C([H])([H])[H])C([H])([H])[H])(C([H])(C([H])([H])[H])C([H])([H])[H])C([H])([H])C(N->1([H])C([H])([H])C(P->2(C([H])(C([H])([H])[H])C([H])([H])[H])C([H])(C([H])([H])[H])C([H])([H])[H])([H])[H])([H])[H])(<-[C-]#[O+])[H]
ULOJOV,1,ok,0.0543,57,1,,[Ag+]123<-N(c4c(-c5c(N->1(C([H])([H])c1n->2c([H])c([H])c([H])c1[H])[H])c([H])c([H])c([H])c5C([H])([H])[H])c(C([H])([H])[H])c([H])c([H])c4[H])(C([H])([H])c1n->3c([H])c([H])c([H])c1[H])[H]
ULUHOZ,0,ok,0.0590,55,1,,[Rh+]1(<-S=c2n([B-](n3n->1c(C([H])([H])[H])c([H])c3C([H])([H])[H])(n1nc(C([H])([H])[H])n(C([H])([H])C([H])([H])[H])c1=S)[H])nc(C([H])([H])[H])n2C([H])([H])C([H])([H])[H])(<-[C-]#[O+])<-[C-]#[O+]
UMAYUD,0,ok,0.3456,67,1,,[Co+3]123(<-N(=C(c4n1c([H])c([H])c4[H])[H])c1c([H])c([H])c([H])c([H])c1[H])(<-N(c1c([H])c([H])c([H])c([H])c1[H])=C(c1n2c([H])c([H])c1[H])[H])n1c(C(=N->3c2c([H])c([H])c([H])c([H])c2[H])[H])c([H])c([H])c1[H]
UMIQUD,0,ok,0.0655,66,1,,[Ir+3]123(<-n4c([H])c([H])c(C([H])([H])[H])c([H])c4-c4c1c([H])c(F)c([H])c4F)(<-n1c([H])c([H])c(C([H])([H])[H])c([H])c1-c1c2c([H])c(F)c([H])c1F)<-N1([H])C([H])(C(O3)=O)C([H])([H])C([H])([H])C([H])([H])C1([H])[H]
UMOYAW,0,ok,0.0725,32,1,,[Mn+]1234(<-C5(O[H])=C->1(C([H])([H])[H])C2(C([H])([H])[H])C(=O)C->3(C([H])([H])[H])=C->45C([H])([H])[H])(<-[C-]#[O+])(<-[C-]#[O+])<-[C-]#[O+]
UNABEQ,1,ok,0.0227,28,1,,C12([H])N(->[Pd+2]3(<-[H]C([N+]([H])([H])[H])(C([H])([H])C([H])(N->3([H])[H])C1([H])[H])C2([H])[H])(Cl)Cl)([H])[H]
UNANEC,0,ok,0.0757,69,1,,[Cr+2]1(<-N(N(C=1C([H])(C([H])([H])[H])C([H])(C([H])([H])C(=O)c1c([H])c([H])c([H])c([H])c1[H])c1c([H])c([H])c([H])c([H])c1[H])C([H])([H])c1c([H])c([H])c([H])c([H])c1[H])(C([H])([H])[H])C([H])([H])[H])(<-[C-]#[O+])(<-[C-]#[O+])(<-[C-]#[O+])<-[C-]#[O+]
UNEYAP,0,ok,0.0769,60,1,,[Pd]12(<-P(C(C(N3C->1N(C([H])([H])c1c([H])c([H])c([H])c([H])c1[H])C([H])=C3[H])([H])[H])([H])[H])(c1c([H])c([H])c([H])c([H])c1[H])c1c([H])c([H])c([H])c([H])c1[H])<-C1([H])=C->2([H])C(=O)OC1=O
UNINAG,0,ok,0.2095,57,1,,[W+2]123456(<-N#[O+])(<-C7(C([H])([H])[H])=C->1(C([H])([H])[H])C2(C([H])([H])[H])C->3(C([H])([H])[H])=C->47C([H])([H])[H])(<-C(C([H])([H])[H])(=C->5(C1([H])C([H])([H])C([H])([H])C([H])([H])C([H])=C1[H])C6([H])[H])C([H])([H])[H])[H]
UNIVUK,0,ok,0.0540,68,1,,[Pt+4](<-N(=O)[O-])(<-P(C([H])([H])C([H])([H])[H])(C([H])([H])C([H])([H])[H])C([H])([H])C([H])([H])[H])(<-P(C([H])([H])C([H])([H])[H])(C([H])([H])C([H])([H])[H])C([H])([H])C([H])([H])[H])=C1c2n(c([H])c([H])c2[H])[B-](F)(F)n2c1c([H])c([H])c2[H]
UNOQAR,0,ok,0.0202,25,1,,C(=N(C(=[N+]([H])[H])N([H])[H])->[Zn+2](Br)(Br)Br)(N(C([H])([H])[H])C([H])([H])[H])N([H])[H]
UPIGAC,0,ok,0.0627,70,1,,[Zn+2]123(Sc4c([H])c([H])c([H])c([H])c4N->1=C(C([H])([H])[H])c1c([H])c([H])c([H])c(C(C([H])([H])[H])=N->2c2c(C([H])(C([H])([H])[H])C([H])([H])[H])c([H])c([H])c([H])c2C([H])(C([H])([H])[H])C([H])([H])[H])n->31)OS(C(F)(F)F)(=O)=O
UQAZOD,0,ok,0.1617,63,1,,c12c3c([H])c([H])c4c1n(->[Zn+2]1567(<-C(C([H])([H])c8c([H])c([H])c([H])c([H])c8[H])(O1)=O->5)(<-C(C([H])([H])c1c([H])c([H])c([H])c([H])c1[H])(O6)=O->7)<-n2c(C([H])([H])[H])c([H])c3[H])c(C([H])([H])[H])c([H])c4[H]
UQUDAM,0,ok,0.5061,67,1,,C12([H])->[Hf+4]3456789(C1([H])C->3([H])=C->4([H])C->5=2[H])(C1([H])C->6([H])=C->7([H])C->8([H])=C->91[H])(P([Si](C([H])([H])[H])(C([H])([H])[H])C([H])([H])[H])P(N(C([H])([H])C([H])([H])[H])C([H])([H])C([H])([H])[H])N(C([H])([H])C([H])([H])[H])C([H])([H])C([H])([H])[H])Cl
UQUZIR,1,ok,0.0686,44,1,,[Ru+4]123(<-S4C([H])([H])C([H])([H])S->1C([H])([H])C([H])([H])S->2C([H])([H])C4([H])[H])(=S(=O)(C([H])([H])[H])C([H])([H])[H])On1c(=O->3)c([H])c([H])c([H])c1[H]
URICUU,0,ok,0.1488,71,1,,[Ru+2]123456(<-O=C(O1)c1c(C([H])([H])[H])c([H])c(C([H])([H])[H])c([H])c1C([H])([H])[H])(OC(=O)c1c(C([H])([H])[H])c([H])c(C([H])([H])[H])c([H])c1C([H])([H])[H])<-c1(C([H])(C([H])([H])[H])C([H])([H])[H])c->2([H])c->3([H])c->4(C([H])([H])[H])c->5([H])c->61[H]
URSCNI,1,ok,0.0337,41,1,,[Sc+3]12(<-O=C(N([H])[H])N([H])[H])(<-O=C(N([H])[H])N([H])[H])(<-O=C(N([H])[H])N([H])[H])(<-O=C(N([H])[H])N([H])[H])(O[N+](=O)O1)O[N+](=O)O2
URUKOI,0,ok,0.0492,39,1,,[Co+3]123(n4nc(C(F)(F)F)c([H])c4C(F)(F)F)(<-[C-]#[O+])(<-[C-]#[O+])<-C4(C([H])([H])[H])=C->1(C([H])([H])[H])C2(C([H])([H])[H])C34C([H])([H])[H]
USEVIY,0,ok,0.0571,34,1,,[Pd+4](Cl)(Cl)(<-N#CC([H])([H])[H])=c1c(-c2c([H])c([H])c(F)c([H])c2[H])c1-c1c([H])c([H])c(F)c([H])c1[H]
USITOG,0,ok,0.0352,42,1,,c12c(c([H])c([H])c([N+]([O-])=O)c1[H])N1->[Zn+2](<-O=S(C([H])([H])[H])C([H])([H])[H])(<-O([H])[H])(OC(C([H])([H])[H])=C(C(C([H])([H])[H])=O)N=1)O2
USOVEE,0,ok,0.1574,64,1,,[Pt+2]12(n3c(-c4c([H])c([H])c([H])c([H])c4[H])c([H])c(-c4c([H])c([H])c([H])c([H])c4[H])c3-c3n->1c([H])c([H])c([H])c3[H])<-N([H])(c1c(C([H])([H])[H])c([H])c([H])c([H])c1C([H])([H])[H])C(C2([H])[H])([H])[H]
USUTOS,0,ok,0.1177,77,1,,[Ru+6]1(Cl)(Cl)(<-O(c2c(C=1[H])c([H])c([H])c([H])c2[H])C([H])(C([H])([H])[H])C([H])([H])[H])=C(N(C([H])([H])[H])c1c(C([H])([H])[H])c([H])c(C([H])([H])[H])c([H])c1C([H])([H])[H])N(C([H])([H])[H])c1c(C([H])([H])[H])c([H])c(C([H])([H])[H])c([H])c1C([H])([H])[H]
UTATUG,0,ok,0.1524,73,1,,[Ir+3]123(<-O=C(C([H])=C(O1)C([H])([H])[H])C([H])([H])[H])(<-n1c(-c4c2c([H])c([H])c(C([H])([H])[H])c4[H])c([H])c(C(=O)OC([H])([H])[H])c([H])c1[H])<-n1c(-c2c3c([H])c([H])c(C([H])([H])[H])c2[H])c([H])c(C(=O)OC([H])([H])[H])c([H])c1[H]
UTIYAY,0,ok,0.1700,46,1,,[Co+3]123(<-n4c([H])c([H])n([H])c4-c4n1c([H])c([H])n4)(n1c([H])c([H])nc1-c1n->2c([H])c([H])n1[H])<-n1c([H])c([H])n([H])c1-c1n3c([H])c([H])n1
UVADOM,0,ok,0.0536,77,1,,[Pd+2]12(<-P(C([H])([H])C(P->1(C([H])(C([H])([H])[H])C([H])([H])[H])C([H])(C([H])([H])[H])C([H])([H])[H])([H])[H])(C([H])(C([H])([H])[H])C([H])([H])[H])C([H])(C([H])([H])[H])C([H])([H])[H])<-N([B-](C([H])([H])C([H])([H])[H])(C([H])([H])C([H])([H])[H])C([H])([H])C([H])([H])[H])=C2C([H])([H])[H]
UVOFUI,1,ok,0.0666,55,1,,[Ru+2]123456(Cl)(<-[c-]7c(C(=O)OC([H])([H])C([H])([H])[H])[n+](C([H])([H])[H])nn7-c7c([H])c([H])c([H])c([H])n->17)<-c1(C([H])(C([H])([H])[H])C([H])([H])[H])c->2([H])c->3([H])c->4(C([H])([H])[H])c->5([H])c->61[H]
UVUVUE,0,ok,0.0637,55,1,,c1([H])c([H])c([H])c([H])c(-c2nnc(-c3c([H])c([H])c([H])c([H])n3)nn2)n1->[Cd+2](<-n1c([H])c([H])c([H])c([H])c1-c1nnc(-c2c([H])c([H])c([H])c([H])n2)nn1)(I)I
UWEKIR,1,ok,0.4645,83,1,,[Os+4]1234(=C=C([H])[H])(<-P(c5c([H])c([H])c([H])c([H])c5[H])(c5c([H])c([H])c([H])c([H])c5[H])c5c([H])c([H])c([H])c([H])c5[H])(<-P(c5c([H])c([H])c([H])c([H])c5[H])(c5c([H])c([H])c([H])c([H])c5[H])c5c([H])c([H])c([H])c([H])c5[H])<-C5([H])=C->1([H])C2([H])C->3([H])=C->45[H]
UWUBIZ,0,ok,0.4203,79,1,,[Zr+4]123456789%10(<-N(=C1C([H])([H])C(C([H])([H])[H])=C(C([H])([H])[H])C2([H])[H])C([H])(C([H])([H])[H])C([H])([H])[H])(<-C1(C([H])([H])[H])=C->3(C([H])([H])[H])C4(C([H])([H])[H])C->5(C([H])([H])[H])=C->61C([H])([H])[H])C1(C([H])([H])[H])C->7(C([H])([H])[H])=C->8(C([H])([H])[H])C->9(C([H])([H])[H])=C->%101C([H])([H])[H]
UXELAL,1,ok,0.0684,73,1,,c12C([H])([H])N34C([H])([H])c5c([H])c([H])c([H])c([H])n5->[Cd+2]<-35(Cl)(<-n1c1c(c(OC([H])([H])C([H])(C([H])([H])[H])C([H])([H])[H])c2[H])c([H])c(N(C([H])([H])[H])C([H])([H])[H])c([H])c1O->5C([H])([H])[H])<-n1c(C4([H])[H])c([H])c([H])c([H])c1[H]
UXOJEY,0,ok,0.0396,42,1,,[H]Oc1c(C2N=N3C([H])=C([H])C(c4c([H])c([H])c(OC([H])([H])[H])c([H])c4[H])=O->[Ni]<-3(<-N([H])([H])[H])<-O=2)c([H])c([H])c([H])c1[H]
UYEMER,0,ok,0.0511,53,1,,[Cd+2]12(<-O=C(c3n->1c([H])c([H])c([H])c3[H])c1c([H])c([H])c([H])c([H])c1[H])(<-N#C[S-])(<-O=C(c1n->2c([H])c([H])c([H])c1[H])c1c([H])c([H])c([H])c([H])c1[H])<-N#C[S-]
UYIZIN,0,ok,0.0519,57,1,,[Cu+]1(Cl)(Cl)<-n2c(C(n3c([H])c([H])[n+](C([H])([H])[H])c3C(N(C(c3n(C([H])([H])[H])c([H])c([H])n3)([H])[H])C(C(S(=O)(=O)O[H])([H])[H])([H]->1)[H])([H])[H])([H])[H])n(C([H])([H])[H])c([H])c2[H]
UYOTEJ,0,ok,0.1518,77,1,,[Fe+2]1234(<-P(C([H])([H])C(P->1(C([H])([H])C(P->2(c1c([H])c([H])c([H])c([H])c1[H])c1c([H])c([H])c([H])c([H])c1[H])([H])[H])c1c([H])c([H])c([H])c([H])c1[H])([H])[H])(c1c([H])c([H])c([H])c([H])c1[H])c1c([H])c([H])c([H])c([H])c1[H])(<-[B-]([H]->3)([H]->4)([H])[H])[H]
UZENET,0,ok,0.0416,51,1,,[Cd+2](I)(I)(<-S=C1N([H])C(C([H])([H])[H])=C(C(C([H])([H])[H])=O)C([H])(C([H])([H])[H])N1[H])<-S=C1N([H])C(C([H])([H])[H])=C(C(C([H])([H])[H])=O)C([H])(C([H])([H])[H])N1[H]
UZOWIR,1,ok,0.0983,84,1,,[Ir+3]12(<-P(C([H])([H])c3c1c(C(P->2(C(C([H])([H])[H])(C([H])([H])[H])C([H])([H])[H])C(C([H])([H])[H])(C([H])([H])[H])C([H])([H])[H])([H])[H])c([H])c([H])c3[H])(C(C([H])([H])[H])(C([H])([H])[H])C([H])([H])[H])C(C([H])([H])[H])(C([H])([H])[H])C([H])([H])[H])(<-n1c([H])c([H])c([H])c([H])c1[H])(<-[C-]#[O+])[H]
VACBUX,0,ok,0.0402,39,1,,[Fe]123(<-N(N=C([H])c4c([H])c([H])c([H])c([H])c4[H])=C->1(C->2(=C->3(c1c([H])c([H])c([H])c([H])c1[H])[H])[H])[H])(<-[C-]#[O+])(<-[C-]#[O+])<-[C-]#[O+]
VADREX,0,ok,0.0970,83,1,,[Ti+4]1234(Cl)(<-N(=C->1(N2[Si](C([H])([H])[H])(C([H])([H])[H])C([H])([H])[H])c1c([H])c([H])c([H])c([H])c1[H])[Si](C([H])([H])[H])(C([H])([H])[H])C([H])([H])[H])(Cl)<-N(=C->3(N4[Si](C([H])([H])[H])(C([H])([H])[H])C([H])([H])[H])c1c([H])c([H])c([H])c([H])c1[H])[Si](C([H])([H])[H])(C([H])([H])[H])C([H])([H])[H]
VAGNID,0,ok,0.0332,33,1,,[Hg+2](Cl)(Cl)<-N(=Nc1c([H])c(C(O[H])=O)c([H])c([H])c1[H])c1c([H])c(C(=O)O[H])c([H])c([H])c1[H]
VAHMAV,0,ok,0.0560,45,1,,c12([H])->[Ru+4]3456(<-c1(C([H])([H])[H])c->3([H])c->4([H])c->5(C([H])(C([H])([H])[H])C([H])([H])[H])c->62[H])(=P(c1c([H])c([H])c([H])c([H])c1[H])(C([H])([H])[H])O[H])(Cl)Cl
VAJDIV,0,ok,0.1197,62,1,,c12c(c([H])c([H])c3c([H])c([H])c([H])c([H])c13)OP(Oc1c([H])c([H])c([H])c([H])c1[H])(=[Ru+4]13456(<-c7([H])c->1([H])c->3([H])c->4([H])c->5([H])c->67[H])(Cl)Cl)Oc1c-2c2c(c([H])c1[H])c([H])c([H])c([H])c2[H]
VAJLID,1,ok,0.0511,46,1,,[Zn+2]123(<-n4c([H])c([H])c([H])c([H])c4-c4n->1c(SSc1n->2c(-c2n->3c([H])c([H])c([H])c2[H])c([H])c([H])c1[H])c([H])c([H])c4[H])O[Cl+3]([O-])([O-])[O-]
VAKXEN,0,ok,0.0774,72,1,,[Ag+]12(<-P(C([H])([H])[H])(c3c([H])c([H])c([H])c([H])c3[H])c3c([H])c([H])c([H])c([H])c3[H])<-n3n([B-]([H])(n4n->1c(C(F)(F)F)c([H])c4C([H])([H])[H])n1n->2c(C(F)(F)F)c([H])c1C([H])([H])[H])c(C([H])([H])[H])c([H])c3C(F)(F)F
VALJEX,0,ok,0.0890,74,1,,[Mo+2]123(<-O=C(C(=C1C(C([H])([H])[H])([H])[H])C(C([H])([H])[H])([H])[H])C(C([H])([H])[H])([H])[H])(<-n1n([B-](n4n->2c(C([H])([H])[H])c([H])c4C([H])([H])[H])(n2n->3c(C([H])([H])[H])c([H])c2C([H])([H])[H])[H])c(C([H])([H])[H])c([H])c1C([H])([H])[H])(<-[C-]#[O+])<-[C-]#[O+]
VAMVAG,0,ok,0.3093,43,1,,[Zr+4]123456789%10(<-[B-]%11([H]->1)([H]->2)C([H])([H])C([H])([H])C([H])([H])C([H])([H])C%11([H])[H])(<-C1([H])=C->3([H])C->4([H])=C->5([H])C61[H])(<-C1([H])=C->7([H])C->8([H])=C->9([H])C%101[H])C([H])([H])[H]
VANTAH,0,ok,0.0373,26,1,,[Ru]123(<-[C-]#[O+])(<-[C-]#[O+])(<-[C-]#[O+])<-C4(C([H])([H])[H])=C->1([H])C([H])=C([H])C([H])=C([H])C->2([H])=C->34[H]
VAPJAZ,0,ok,0.1749,65,1,,[Pd+2]12(<-P(c3c([H])c([H])c([H])c([H])c3[H])(c3c([H])c([H])c([H])c([H])c3[H])c3c([H])c([H])c([H])c([H])c3[H])<-N(=C(C([H])([H])[H])c3n1c([H])c([H])c3[H])N=C(N([H])c1c([H])c([H])c([H])c([H])c1[H])S2
VAQBOE,-1,ok,0.0401,41,1,,[Co+3]123(<-N(C(C([H])([H])[H])([H])[H])(C([H])([H])C([H])([H])N->1(C(C([H])([H])[H])([H])[H])C([H])([H])C(=O)O2)C([H])([H])C(=O)O3)(<-N(=O)[O-])<-N([O-])=O
VAQROU,0,ok,0.0482,42,1,,[W+4]1(Cl)(Cl)(Cl)(<-C(c2c([H])c([H])c([H])c([H])c2[H])#Cc2c([H])c([H])c([H])c([H])c2[H])Oc2c([H])c([H])c([H])c([H])c2[N+](=O)O1
VASJEE,0,ok,0.3721,42,1,,I[Zr+4]123456(<-P(C([H])([H])[H])(C([H])([H])[H])C([H])([H])[H])(<-P(C([H])([H])[H])(C([H])([H])[H])C([H])([H])[H])<-C7([H])=C->1([H])C->2([H])=C->3([H])C4([H])C5([H])C67[H]
VASTEO,0,ok,0.1522,81,1,,[Co+3]1234(I)(P(=O)(OC([H])([H])[H])OC([H])([H])[H])(<-P(c5c([H])c([H])c([H])c([H])c5[H])(c5c([H])c([H])c([H])c([H])c5[H])N(C(C([H])([H])[H])(c5c([H])c([H])c([H])c([H])c5[H])[H])[H])<-C5(C([H])([H])[H])=C->1(C([H])([H])[H])C2(C([H])([H])[H])C->3(C([H])([H])[H])=C->45C([H])([H])[H]
VATRAL,0,ok,0.3615,41,1,,[Co+]12345(<-S=C(C(=S->1)[H])c1c([H])c([H])c(N=C(c6c(O[H])c([H])c([H])c([H])c6[H])[H])c([H])c1[H])<-C1([H])=C->2([H])C3([H])C->4([H])=C->51[H]
VAVGAA,0,ok,0.0847,27,1,,[Hg+2]Cl.[c-]1(C([H])([H])[H])c(C([H])([H])[H])c(C([H])([H])[H])c(C([H])([H])[H])c1C([H])([H])[H]
VAVQEO,0,ok,0.0418,50,1,,[Hg+2]12(Cl)<-O3C4(C(=O)C1([H])C1(OC([H])([H])C([H])([H])C1([H])[H])C1(O->2C([H])([H])C([H])([H])C1([H])[H])C41OC([H])([H])C([H])([H])C1([H])[H])C([H])([H])C([H])([H])C3([H])[H]
VAWSAN,0,ok,0.0811,33,1,,[Ti+4]1234567(Cl)(Cl)(p8c->1([H])c->2(C([H])([H])[H])c->3(C([H])([H])[H])c->48[H])p1c->5([H])c(C([H])([H])[H])c->6(C([H])([H])[H])c->71[H]
VAXYUO,1,ok,0.0601,38,1,,[Co+3]1234(OP5(=O)OO->1P([O-])(=O)O5)<-N(C(C(N->2([H])[H])([H])[H])([H])[H])(C(C(N->3([H])[H])([H])[H])([H])[H])C(C(N->4([H])[H])([H])[H])([H])[H]
VAYQIV,0,ok,0.0428,43,1,,[Zn+2]123(Sc4c(C(N->1(C(c1n->2c([H])c([H])c([H])c1[H])([H])[H])C(c1n->3c([H])c([H])c([H])c1[H])([H])[H])([H])[H])c([H])c([H])c([H])c4[H])Br
VAZWUP,-1,ok,0.0138,14,1,,[C-](->[Ir+3](<-[C-]#[O+])(C(C([H])([H])[H])=O)(I)I)#[O+].[I-]
VEBLOF,1,ok,0.0725,60,1,,[Ir+3]123(<-n4c([H])c([H])c([H])c([H])c4-c4c([H])c([H])c([H])c([H])c41)(<-n1c(-c4c2c([H])c([H])c([H])c4[H])c([H])c([H])c([H])c1[H])<-n1n(C(n2n->3c([H])c([H])c2[H])([H])[H])c([H])c([H])c1[H]
VECDAI,0,ok,0.1256,63,1,,[Ni+2]12(<-O=C(C(C(=O)OC([H])([H])[H])([H])[H])C(=C(O1)C([H])([H])[H])[H])(<-n1c([H])c([H])c([H])c([H])c1[H])(<-O=C(C(C(=O)OC([H])([H])[H])([H])[H])C(=C(O2)C([H])([H])[H])[H])<-n1c([H])c([H])c([H])c([H])c1[H]
VECQEB,0,ok,0.2086,30,1,,[Mn+3]1234(<-[C-]#[O+])(<-[C-]#[O+])(<-C5([H])=C->1([H])C2([H])C->3([H])=C->45[H])=C(N([H])[H])c1c([H])c([H])c([H])c([H])c1[H]
VEFFES,0,ok,0.1504,83,1,,[Zr+4]12345(<-N(=C(N1C([H])(C([H])([H])[H])C([H])([H])[H])C([H])([H])[H])C([H])(C([H])([H])[H])C([H])([H])[H])(C1(C([H])([H])[H])C->2(C([H])([H])[H])=C->3(C([H])([H])[H])C->4(C([H])([H])[H])=C->51C([H])([H])[H])(C#Cc1c([H])c([H])c([H])c([H])c1[H])C([H])([H])C([H])([H])c1c([H])c([H])c([H])c([H])c1[H]
VEFQUU,0,ok,0.0427,41,1,,I[Zn+2]12(I)<-n3c(C(=N->1C([H])([H])C(N->21C([H])([H])C([H])([H])C([H])([H])C([H])([H])C1([H])[H])([H])[H])C([H])([H])[H])c([H])c([H])c([H])c3[H]
VEHFIA,0,ok,0.0606,48,1,,[Zn+2]1234<-N(=C(C5=C([H])C([H])=C([H])C([H])(OS(=O)(=O)O1)N25)[H])C(c1c([H])c([H])c([H])c([H])c1C(N->3=C(c1n->4c([H])c([H])c([H])c1[H])[H])([H])[H])([H])[H]
VEJDEW,0,ok,0.2746,67,1,,[Ru+2]12345(N6C([H])=C([H])C([H])=C([H])C6=C(N6C->1N(c1c(C([H])([H])[H])c([H])c(C([H])([H])[H])c([H])c1C([H])([H])[H])C([H])=C6[H])[H])(C1(C([H])([H])[H])C->2(C([H])([H])[H])=C->3(C([H])([H])[H])C->4(C([H])([H])[H])=C->51C([H])([H])[H])<-[C-]#[O+]
VEJJOK,0,ok,0.0893,77,1,,[Zn+2]12(<-S=C(N=P(OC(C([H])([H])[H])(C([H])([H])[H])[H])(OC(C([H])([H])[H])(C([H])([H])[H])[H])O1)c1c([H])c([H])c([H])c([H])c1[H])<-S=C(N=P(OC(C([H])([H])[H])(C([H])([H])[H])[H])(OC(C([H])([H])[H])(C([H])([H])[H])[H])O2)c1c([H])c([H])c([H])c([H])c1[H]
VEKDEV,0,ok,0.0668,60,1,,[Zn+2]12(<-n3n([B-](n4n->1c(-c1oc([H])c([H])c1[H])c([H])c4C([H])([H])[H])(n1n->2c(-c2oc([H])c([H])c2[H])c([H])c1C([H])([H])[H])[H])c(C([H])([H])[H])c([H])c3-c1oc([H])c([H])c1[H])<-N#C[S-]
VEKWEQ,0,ok,0.0634,80,1,,[Os+2]12([H])(<-P(C(c3n->1c(C(P->2(C(C([H])([H])[H])(C([H])([H])[H])C([H])([H])[H])C(C([H])([H])[H])(C([H])([H])[H])C([H])([H])[H])([H])[H])c([H])c([H])c3[H])([H])[H])(C(C([H])([H])[H])(C([H])([H])[H])C([H])([H])[H])C(C([H])([H])[H])(C([H])([H])[H])C([H])([H])[H])(<-[C-]#[O+])C([H])([H])C([H])([H])[H]
VELZIY,0,ok,0.1047,69,1,,[Zn+2]12345<-O(c6c(c([H])c([H])c([H])c6[H])N->1=C([H])c1c6c([H])c([H])c([H])c([H])c6c([H])c([H])c1O2)C([H])([H])C([H])([H])O->3c1c(c([H])c([H])c([H])c1[H])N->4=C([H])c1c2c([H])c([H])c([H])c([H])c2c([H])c([H])c1O5
VEPMUZ,1,ok,0.1702,73,1,,[Pt+4]1(<-P(c2c(OC([H])([H])[H])c([H])c([H])c([H])c2[H])(c2c(OC([H])([H])[H])c([H])c([H])c([H])c2[H])c2c(OC([H])([H])[H])c([H])c([H])c([H])c2[H])(C([H])([H])[H])N2C([H])=C([H])C([H])=c3c([H])c([H])c4c(c32)N1C([H])=C([H])C=4[H]
VEQFOP,0,ok,0.0613,55,1,,[V+5]1(Cl)(Cl)(=NC23C([H])([H])C4([H])C([H])([H])C([H])(C([H])([H])C([H])(C4([H])[H])C2([H])[H])C3([H])[H])<-n2c(C([H])([H])[H])c([H])c([H])c([H])c2-c2n1c1c([H])c([H])c([H])c([H])c1n2
VERGAC,0,ok,0.0554,39,1,,[Pt+2]12(I)<-S(c3c(N->1=Nc1c2c([H])c(OC([H])([H])[H])c2c([H])c([H])c([H])c([H])c12)c([H])c([H])c([H])c3[H])C([H])([H])[H]
VESLEK,1,ok,1.2493,65,1,,[Zr+4]123456789(<-N#CC([H])([H])[H])(C(c%10c([H])c([H])c([H])c([H])c%10[H])([H])[H])<-C%10(=C->1%11C2(C->3([H])=C->4%10[H])C([H])([H])C([H])([H])C([H])([H])C%11([H])[H])C([H])([H])C([H])([H])C->51=C->62C7(C->8([H])=C->91[H])C([H])([H])C([H])([H])C([H])([H])C2([H])[H]
VESYUN,0,ok,0.0522,40,1,,[W+2]1(I)(<-S=C(S1)N1C([H])([H])C([H])([H])C([H])([H])C1([H])[H])(<-[C-]#[O+])(<-C(C([H])([H])[H])#CC([H])([H])[H])<-C(C([H])([H])[H])#CC([H])([H])[H]
VETPIT,0,ok,0.0580,39,1,,[Ni+2]123<-N(=C(C([H])([H])[H])C([H])=C(C([H])([H])[H])O1)C([H])([H])C([H])([H])C([H])([H])N2C(C([H])([H])[H])=C(N->3=O)C(=O)C([H])([H])[H]
VEVXOK,0,ok,0.0394,33,1,,[Zn+2]1(OC(=O)C([H])([H])[H])(<-n2c(N([H])[H])sc([H])c2-c2n->1c(N([H])[H])sc2[H])OC(=O)C([H])([H])[H]
VEWWID,1,ok,0.0542,59,1,,[Co+]12(<-P(c3c([H])c([H])c([H])c([H])c3[H])(c3c([H])c([H])c([H])c([H])c3[H])c3c([H])c([H])c([H])c([H])c3[H])(<-N#CC(=C(C(=C(C#N->1)[H])[H])[H])[H])<-N#CC(=C(C(=C(C#N->2)[H])[H])[H])[H]
VEXSOG,0,ok,0.1666,70,1,,[W+2](<-[C-]#[O+])(<-[C-]#[O+])(<-[C-]#[O+])(<-[C-]#[O+])(<-[C-]#[O+])[C-]1C(c2c([H])c([H])c([H])c([H])c2[H])=C(OC(C([H])([H])[H])([H])[H])C(=C(c2c([H])c([H])c([H])c([H])c2[H])[H])C1(OC(C([H])([H])[H])([H])[H])c1c([H])c([H])c(C([H])([H])[H])c([H])c1[H]
VEZFOV,0,ok,0.0795,49,1,,[Ni+4]12(OC3(C([H])([H])[H])C([H])([H])C(C([H])([H])[H])(C([H])([H])[H])OC(C([H])([H])[H])(O1)C3([H])[H])N1C([H])=C([H])C([H])=C([H])C1=C1N2C([H])=C([H])C([H])=C1[H]
VEZWUU,0,ok,0.0549,61,1,,[V+5]12(OC([H])([H])[H])(=O)<-N(=C([H])c3c([H])c(C([H])([H])[H])c([H])c(C(=NN([H])C(c4c([H])c([H])c([H])c([H])c4[H])=O)[H])c3O1)N=C(c1c([H])c([H])c([H])c([H])c1[H])O2.O([H])C([H])([H])[H]
VIBDEQ,1,ok,0.1388,84,1,,[Fe+4]12345(<-P(C([H])([H])C(P->1(c1c([H])c([H])c([H])c([H])c1[H])c1c([H])c([H])c([H])c([H])c1[H])([H])[H])(c1c([H])c([H])c([H])c([H])c1[H])c1c([H])c([H])c([H])c([H])c1[H])(=C=C(C([H])=C([H])C([H])([H])[H])c1c([H])c([H])c([H])c([H])c1[H])<-C1([H])=C->2([H])C->3([H])=C->4([H])C51[H]
VIBWOT,0,ok,0.0518,52,1,,[Ir+]1234(Sc5c([H])c([H])c([H])c([H])c5C(=N->1c1c([H])c([H])c(C([H])([H])[H])c([H])c1[H])C([H])([H])[H])<-C1([H])=C->2([H])C([H])([H])C([H])([H])C->3([H])=C->4([H])C([H])([H])C1([H])[H]
VICQAZ,0,ok,0.0386,42,1,,[Ru+4]12(<-[Se](C([H])([H])[H])C(C(C([Se]->1C([H])([H])[H])([H])[H])(C([Se]->2C([H])([H])[H])([H])[H])C([H])([H])[H])([H])[H])(Cl)(Cl)=S(=O)(C([H])([H])[H])C([H])([H])[H]
VIDHIZ,0,ok,0.0508,61,1,,[Pt+4]1(Cl)(<-S=C(N=C(O1)OC1([H])C([H])([H])C([H])(C([H])([H])[H])C([H])([H])C([H])([H])C1([H])C([H])(C([H])([H])[H])C([H])([H])[H])N1C([H])([H])C([H])([H])OC([H])([H])C1([H])[H])=S(=O)(C([H])([H])[H])C([H])([H])[H]
VIFPOP,0,ok,0.1333,63,1,,[Co+3]123(<-N4=C(C([H])([H])[H])C(C(=O)OC(C([H])([H])[H])([H])[H])=C([H])N1c1c([H])c([H])c([H])c([H])c1N2C([H])=C(C(=O)OC(C([H])([H])[H])([H])[H])C(C([H])([H])[H])=N->3c1c4c([H])c([H])c([H])c1[H])N=O
VIGMEG,0,ok,0.0863,47,1,,[Rh+3]12345(Cl)(<-C6(C([H])([H])[H])=C->1(C([H])([H])[H])C->2(C([H])([H])[H])=C->3(C([H])([H])[H])[C+]->46C([H])([H])[H])N1C(=C2C5=C([H])C([H])=C([H])N2[O-])C([H])=C([H])C([H])=C1[H]
VIHLUW,0,ok,0.0761,79,1,,I[Pd+4]123(I)[B-](n4nc(C(C([H])([H])[H])(C([H])([H])[H])C([H])([H])[H])c([H])c(C([H])([H])[H])c4=S->1)(n1nc(C(C([H])([H])[H])(C([H])([H])[H])C([H])([H])[H])c([H])c(C([H])([H])[H])c1=S->2)n1nc(C(C([H])([H])[H])(C([H])([H])[H])C([H])([H])[H])c([H])c(C([H])([H])[H])c1=S->3
VIHXUG,0,ok,0.1257,75,1,,[Ni+2]1234<-S(SC(=Nc5c([H])c([H])c([H])c([H])c5[H])N=N->1C(c1nc([H])c([H])c([H])c1[H])=C1N2C([H])=C([H])C([H])=C1[H])C(=Nc1c([H])c([H])c([H])c([H])c1[H])N=N->3C(c1nc([H])c([H])c([H])c1[H])=C1N4C([H])=C([H])C([H])=C1[H]
VIKDUP,0,ok,0.0431,37,1,,[Zn+2]123(Sc4sc(=S)n([H])n->14)(<-n1c(-c4n->2c([H])c([H])c([H])c4[H])c([H])c([H])c([H])c1[H])Sc1sc(=S)n([H])n->31
VIKRAJ,0,ok,0.1574,71,1,,[Ni+2]12(<-S=c3n(-c4c([H])c([H])c(C([H])([H])[H])c([H])c4[H])c([H])c([H])n3[B-](n3c(=S->1)n(-c1c([H])c([H])c(C([H])([H])[H])c([H])c1[H])c([H])c3[H])(n1c(=S->2)n(-c2c([H])c([H])c(C([H])([H])[H])c([H])c2[H])c([H])c1[H])[H])N=O
VILSAM,0,ok,0.0494,43,1,,[Ta+5](Cl)(Cl)(Cl)(Cl)(Cl)Oc1c(C([H])=[N+](c2c([H])c([H])c([H])c([H])c2Oc2c([H])c([H])c([H])c([H])c2[H])[H])c([H])c(Cl)c([H])c1Cl
VIMGEF,0,ok,0.0644,45,1,,[Pd+2](I)(I)(<-n1c([H])c([H])c([H])c([H])c1[H])<-[c-]1n2c([H])c([H])c([H])c([H])c2[n+](C([H])([H])C([H])([H])[H])c1-c1c([H])c([H])c(Br)c([H])c1[H]
VINFAB,0,ok,0.0608,58,1,,[Cu+3]12(<-n3c(-c4n->1c([H])c([H])c([H])c4[H])nc(-c1nc([H])c([H])c([H])c1[H])nc3-c1n->2c([H])c([H])c([H])c1[H])(OS(=O)(=O)C(F)(F)F)(OC([H])([H])[H])OS(=O)(C(F)(F)F)=O
VINSUG,0,ok,0.2137,54,1,,[Rh+3]12345(<-S=C(C(=C(C=1C([H])([H])[H])[H])[H])C([H])([H])[H])(<-P(C([H])([H])[H])(C([H])([H])[H])C([H])([H])[H])<-C1(C([H])([H])[H])=C->2(C([H])([H])[H])C3(C([H])([H])[H])C->4(C([H])([H])[H])=C->51C([H])([H])[H]
VIPLEO,0,ok,0.0919,78,1,,[Ir+3]123(Oc4c(-c5n->1nc(-c1c([H])c([H])c([H])c([H])c1[H])o5)c([H])c([H])c([H])c4[H])(<-n1c(-c4c2c(C(F)(F)F)c([H])c(C(F)(F)F)c4[H])nc([H])c([H])c1[H])<-n1c(-c2c3c(C(F)(F)F)c([H])c(C(F)(F)F)c2[H])nc([H])c([H])c1[H]
VIPWUM,0,ok,0.2301,56,1,,[W+2]1234(<-C5(C([H])([H])[H])=C->1(C([H])([H])[H])C2(C([H])([H])[H])C->3(C([H])([H])[H])=C->45C([H])([H])[H])(C(c1c([H])c([H])c([H])c([H])c1[H])([H])[H])(<-N#[O+])C(c1c([H])c([H])c([H])c([H])c1[H])([H])[H]
VIQSET,1,ok,0.1016,85,1,,[Ru+2]1234567(Cl)(<-c8(C([H])([H])[H])c->1(C([H])([H])[H])c->2(C([H])([H])[H])c->3(C([H])([H])[H])c->4(C([H])([H])[H])c->58C([H])([H])[H])<-C([P+](c1c([H])c([H])c([H])c([H])c1[H])(c1c([H])c([H])c([H])c([H])c1[H])C6=C=C(c1c([H])c([H])c([H])c([H])c1[H])c1c([H])c([H])c([H])c([H])c1[H])(=C->7([H])[H])[H]
VIQXIE,0,ok,0.2044,53,1,,[Ir+3]1234(Cl)(Cl)(<-[C-]#[N+]c5c(C([H])([H])C([H])([H])[H])c([H])c([H])c([H])c5C([H])([H])C([H])([H])[H])<-C5(C([H])([H])[H])=C->1(C([H])([H])[H])C2(C([H])([H])[H])C->3(C([H])([H])[H])=C->45C([H])([H])[H]
VIRHEK,0,ok,0.2238,82,1,,[Ru+2]1234([Si]([H])([H])C([Si](C([H])([H])[H])(C([H])([H])[H])C([H])([H])[H])([Si](C([H])([H])[H])(C([H])([H])[H])C([H])([H])[H])[Si](C([H])([H])[H])(C([H])([H])[H])C([H])([H])[H])(<-n5c([H])c([H])c([H])c([H])c5[H])(<-[C-]#[O+])<-C5(C([H])([H])[H])=C->1(C([H])([H])[H])C->2(C([H])([H])[H])=C->3(C([H])([H])[H])C45C([H])([H])[H]
VISBUV,1,ok,0.0602,53,1,,[Zn+2]12345<-O(c6c7c(c([H])c([H])c6[H])c([H])c([H])c(C(N->1(C(c1n->2c([H])c([H])c([H])c1[H])([H])[H])C(c1n->3c([H])c([H])c([H])c1[H])([H])[H])([H])[H])n->47)C(C(=O)O5)([H])[H]
VISWUR,0,ok,0.0418,56,1,,[Pd+2]1c2c([H])c([H])c([H])c([H])c2C(C([H])([H])[H])(C([H])([H])[H])C1([H])[H].N1(C([H])([H])[H])C([H])([H])C([H])([H])N(C([H])([H])[H])C([H])([H])C([H])([H])N(C([H])([H])[H])C([H])([H])C1([H])[H]
VITQUK,0,ok,0.9396,70,1,,[Zr+4]123456789(Cl)(Cl)<-c%10%11c([H])c([H])c([H])c([H])c->1%10C21C([H])=C([H])C([H])=C([H])C->31=C->4%11C(C([H])([H])[H])(C([H])([H])[H])C->51=C->6([H])C7(C2([H])C([H])([H])C([H])(C([H])([H])[H])C([H])([H])C([H])([H])C2([H])C([H])(C([H])([H])[H])C([H])([H])[H])C->8([H])=C->91[H]
VIVKAN,0,ok,0.0421,38,1,,C12(C3([H])=C([H])(c4c([H])c(C(F)(F)F)c([H])c([H])c4[H])->[Fe]<-1<-3(<-[C-]#[O+])(<-[C-]#[O+])(<-[C-]#[O+])<-O=2)c1c([H])c([H])c([H])c([H])c1[H]
VIWCAG,0,ok,0.0763,69,1,,[Pd+2]12(<-P(C(C(C1([H])C([H])([H])C(P->2(c1c([H])c([H])c([H])c([H])c1[H])c1c([H])c([H])c([H])c([H])c1[H])([H])[H])([H])[H])([H])[H])(c1c([H])c([H])c([H])c([H])c1[H])c1c([H])c([H])c([H])c([H])c1[H])OS(C(F)(F)F)(=O)=O
VIXSIF,0,ok,0.0309,30,1,,Cl[Au+3]=C(N([H])c1nc([H])c([H])c([H])c1[H])N(C([H])([H])C([H])([H])[H])C([H])([H])C([H])([H])[H]
VIYFUF,0,ok,0.0734,51,1,,[Pt+2]12(<-[Se]=P([Se]1)(OC([H])(C([H])([H])[H])C([H])([H])[H])OC([H])(C([H])([H])[H])C([H])([H])[H])<-[Se]=P([Se]2)(OC([H])(C([H])([H])[H])C([H])([H])[H])OC([H])(C([H])([H])[H])C([H])([H])[H]
VIYZAE,0,ok,0.2064,29,1,,[Mo+2]12345(<-N(N(C1=O)[H])=C(C([H])([H])[H])C([H])([H])[H])(<-[C-]#[O+])(<-[C-]#[O+])<-C1([H])=C->2([H])C->3([H])=C->4([H])C51[H]
VIZVIM,0,ok,0.0934,85,1,,[Mo+4](OC(C(F)(F)F)(C(F)(F)F)c1c([H])c([H])c([H])c([H])c1[H])(OC(C(F)(F)F)(C(F)(F)F)c1c([H])c([H])c([H])c([H])c1[H])(OC(C(F)(F)F)(C(F)(F)F)c1c([H])c([H])c([H])c([H])c1[H])Cc1c(C([H])([H])[H])c([H])c(C([H])([H])[H])c([H])c1C([H])([H])[H]
VOBJUS,0,ok,0.0409,45,1,,[Hg+2]1(I)(I)<-S2C([H])([H])c3c(c([H])c([H])c([H])c3[H])OC([H])([H])C([H])([H])Oc3c(c([H])c([H])c([H])c3[H])C([H])([H])S->1C([H])([H])C2([H])[H]
VOCJUT,0,ok,0.1077,76,1,,[Ni+2]123<-N(=C(c4c([H])c([H])c([H])c([H])c4[H])c4c(c([H])c([H])c([H])c4[H])N1C(=O)C1([H])N->2(C([H])([H])c2c([H])c([H])c([H])c([H])c2[H])C([H])([H])C([H])([H])C1([H])[H])C([H])(C([H])([H])c1c([H])c(Br)c(OC([H])([H])[H])c([H])c1[H])C(=O)O3
VOGBOJ,0,ok,0.0702,64,1,,[Co+3]12(N(O[H])C(=C(N->1=O)c1c([H])c([H])c([H])c([H])c1[H])c1c([H])c([H])c([H])c([H])c1[H])(<-N(=O)C(=C(N2O[H])[H])[H])(<-n1c([H])c([H])c([H])c([H])c1[H])C(c1c([H])c([H])c(Cl)c([H])c1[H])([H])[H]
VOGYIA,1,ok,0.0436,56,1,,[Pd+2](Cl)(<-P1(C([H])([H])[H])C([H])([H])N2C([H])([H])N(C([H])([H])[H])C([H])([H])N(C1([H])[H])C2([H])[H])<-P1(C([H])([H])[H])C([H])([H])N2C([H])([H])N(C([H])([H])[H])C([H])([H])N(C1([H])[H])C2([H])[H]
VOHSEQ,0,ok,0.0489,63,1,,[Rh+3]123(<-P(C(c4c1c(C(O->2C([H])([H])[H])([H])[H])c(C([H])([H])[H])c([H])c4C([H])([H])[H])([H])[H])(C(C([H])([H])[H])(C([H])([H])[H])C([H])([H])[H])C(C([H])([H])[H])(C([H])([H])[H])C([H])([H])[H])(C([H])([H])[H])[F+][B-](F)(F)[F+]3
VOJWEW,0,ok,0.0577,64,1,,[Zn+2]12(Cl)<-n3n([B-](n4n->1c(C(C([H])([H])[H])(C([H])([H])[H])C([H])([H])[H])c([H])c4[H])([H])n1n->2c(C(C([H])([H])[H])(C([H])([H])[H])C([H])([H])[H])c([H])c1[H])c([H])c([H])c3C(C([H])([H])[H])(C([H])([H])[H])C([H])([H])[H]
VOLGOV,0,ok,0.1006,82,1,,[Hf+4]1(C([H])([H])[H])(C([H])([H])[H])Oc2c(-c3c([H])c([H])c([H])c([H])c3[H])c([H])c([H])c([H])c2-c2c(c([H])c([H])c([H])c2[H])OC([H])([H])C([H])([H])C([H])([H])Oc2c(c([H])c([H])c([H])c2[H])-c2c(c(-c3c([H])c([H])c([H])c([H])c3[H])c([H])c([H])c2[H])O1
VOLXUR,0,ok,0.0636,80,1,,[Mo+4](<-P(C([H])([H])[H])(C([H])([H])[H])C([H])([H])[H])(<-P(C([H])([H])[H])(C([H])([H])[H])C([H])([H])[H])(<-P(C([H])([H])[H])(C([H])([H])[H])C([H])([H])[H])(<-P(C([H])([H])[H])(C([H])([H])[H])C([H])([H])[H])([Si](c1c([H])c([H])c([H])c([H])c1[H])(c1c([H])c([H])c([H])c([H])c1[H])[H])([H])([H])[H]
VOMGOU,0,ok,0.0557,81,1,,[Pt+4](O[Si](OC(C([H])([H])[H])(C([H])([H])[H])C([H])([H])[H])(OC(C([H])([H])[H])(C([H])([H])[H])C([H])([H])[H])OC(C([H])([H])[H])(C([H])([H])[H])C([H])([H])[H])(C([H])([H])[H])(C([H])([H])[H])C([H])([H])[H].N(C([H])([H])[H])(C([H])([H])C(N(C([H])([H])[H])C([H])([H])[H])([H])[H])C([H])([H])[H]
VONKEQ,0,ok,0.1600,75,1,,[Pt+2]12(<-P(c3c([H])c([H])c([H])c([H])c3[H])(c3c([H])c([H])c([H])c([H])c3[H])c3c([H])c([H])c([H])c([H])c3[H])<-N(=C([H])c3c([H])c([H])c([H])c4c([H])c([H])n1c43)N=C(N(N=C(c1c([H])c([H])c([H])c3c([H])c([H])n([H])c31)[H])[H])S2
VONVOK,0,ok,0.0678,51,1,,[Ni+2]12(OC(=O)C(c3nc([H])n([H])c3[H])([H])[H])(OC(=O)C(c3n->1c([H])n([H])c3[H])([H])[H])<-n1c([H])c([H])c([H])c3c([H])c([H])c4c([H])c([H])c([H])n->2c4c13
VOPZOR,0,ok,0.0622,51,1,,[Cd+2]123(Oc4c(C(=N->1C(C(C(N->2(C([H])([H])[H])C([H])([H])[H])([H])[H])([H])[H])([H])[H])[H])c([H])c([H])c([H])c4[H])(<-O([H])[H])<-n1c([H])c([H])c([H])c([H])c1-c1n3nnn1
VOSLOE,0,ok,0.4988,47,1,,[Ti+2]12345678(<-C([Si](C([H])([H])[H])(C([H])([H])[H])C([H])([H])[H])#Cc9c([H])c([H])c([H])c([H])c9[H])(C9([H])C->1([H])=C->2([H])C->3([H])=C->49[H])C1([H])C->5([H])=C->6([H])C->7([H])=C->81[H]
VOTTAZ,0,ok,0.0516,42,1,,[Fe]1(<-[C-]#[O+])(<-[C-]#[O+])(<-[C-]#[O+])(<-[C-]#[O+])<-C2([H])=C->1([H])C1([H])N(c3c([H])c([H])c(C([H])([H])[H])c([H])c3[H])C2([H])c2c1c([H])c([H])c([H])c2[H]
VOVLOH,0,ok,0.0634,67,1,,[Zn+2]123(<-n4n([B-](n5n->1c(C(C([H])([H])[H])(C([H])([H])[H])C([H])([H])[H])c([H])c5[H])(n1n->2c(C(C([H])([H])[H])(C([H])([H])[H])C([H])([H])[H])c([H])c1[H])[H])c([H])c([H])c4C(C([H])([H])[H])(C([H])([H])[H])C([H])([H])[H])O[N+](=O)O3
VOVWUY,0,ok,0.0570,37,1,,[Fe+4]12345(<-[C-]#[O+])(<-C6([H])=C->1([H])C->2([H])=C->3([H])C46[H])=C(OC([H])([H])[H])C1([H])C([H])([H])C([H])([H])C([H])([H])C([H])([H])C1([H])C5=O
VOYJIC,0,ok,0.0346,43,1,,[Cr](<-[C-]#[O+])(<-[C-]#[O+])(<-[C-]#[O+])(<-[C-]#[O+])(<-[C-]#[O+])[Si](Cl)(Cl)O[P+](N(C([H])([H])[H])C([H])([H])[H])(N(C([H])([H])[H])C([H])([H])[H])N(C([H])([H])[H])C([H])([H])[H]
VOZNIH,1,ok,0.0538,63,1,,[Ag+]1234(<-S5C([H])([H])c6c(c([H])c([H])c([H])c6[H])C([H])([H])S->1C([H])([H])C([H])([H])S->2C([H])([H])C5([H])[H])<-S1C([H])([H])c2c(c([H])c([H])c([H])c2[H])C([H])([H])S->3C([H])([H])C([H])([H])S->4C([H])([H])C1([H])[H]
VUBYEX,0,ok,0.0626,75,1,,[Ag+3](Br)=C1N(c2c(C([H])(C([H])([H])[H])C([H])([H])[H])c([H])c([H])c([H])c2C([H])(C([H])([H])[H])C([H])([H])[H])C([H])([H])C([H])([H])C([H])([H])C([H])([H])N1c1c(C([H])(C([H])([H])[H])C([H])([H])[H])c([H])c([H])c([H])c1C([H])(C([H])([H])[H])C([H])([H])[H]
VUCSES,0,ok,0.0251,23,1,,[Au+3](Br)=c1sc2c(n1C([H])([H])C([H])=C([H])[H])c([H])c([H])c([H])c2[H]
VUDHUY,0,ok,0.0821,46,1,,[Pd+2]12(Cl)(<-C3N4C(=NN3c3c([H])c([H])c([H])c([H])c3[H])c3c(c([H])c([H])c([H])c3[H])-c3c4c([H])c([H])c([H])c3[H])C([H])([H])C->1([H])=C->2([H])[H]
VUDTOE,1,ok,0.0439,39,1,,[Ru+2]123456(Cl)(<-N7([H])C(C(N([H])[H])=O->1)([H])C([H])([H])C([H])([H])C7([H])[H])<-c1([H])c->2([H])c->32c->4(c->5([H])c->61[H])C([H])([H])C([H])([H])C2([H])[H]
VUFPOD,0,ok,0.0728,57,1,,[Co+3]12(<-P(C([H])([H])[H])(C([H])([H])[H])C([H])([H])[H])(<-P(C([H])([H])[H])(C([H])([H])[H])C([H])([H])[H])(<-N(=C([H])c3c1c([H])c([H])c([H])c3[H])c1c([H])c([H])c([H])c3c([H])c([H])c([H])c2c31)[H]
VUGBOQ,1,ok,0.1916,61,1,,[Rh+3]123456(<-S(=O)(c7c(C18C->2(C([H])([H])[H])=C->3([H])c->41c([H])c([H])c([H])c([H])c->518)c1c(c([H])c7[H])c([H])c([H])c([H])c1[H])C([H])([H])[H])<-n1c([H])c([H])c([H])c([H])c1-c1c([H])c([H])c([H])c([H])c16
VUGYAY,0,ok,0.2370,36,1,,[Zr+4]123456789%10(Cl)(<-O=C->1(O2)c1c([H])c([H])c([H])c([H])c1[H])(<-C1([H])=C->3([H])C4([H])C->5([H])=C->61[H])<-C1([H])=C->7([H])C8([H])C->9([H])=C->%101[H]
VUJCIM,0,ok,0.0902,76,1,,[Ni+2]123<-N4(C(c5c([H])c([H])c([H])c([H])c5[H])([H])[H])C(C(=O)N1c1c(c([H])c([H])c([H])c1[H])C(c1c([H])c([H])c([H])c([H])c1[H])=N->2C([H])([H])C(C(O[H])(c1c([H])c([H])c([H])c([H])c1[H])[H])([H])C(=O)O3)([H])C([H])([H])C([H])([H])C4([H])[H]
VUKFUE,0,ok,0.0275,26,1,,[Re+7](=O)(=O)(=O)C([H])([H])[H].N1([H])C([H])([H])C([H])([H])c2c([H])c([H])c([H])c([H])c21
VULGOA,0,ok,0.3997,77,1,,[Hf+4]1234(<-S=C5P(c6c([H])c([H])c([H])c([H])c6[H])(=c6c([H])c([H])c([H])c([H])c6=P5(c5c([H])c([H])c([H])c([H])c5[H])S1)S2)<-S=C1P(c2c([H])c([H])c([H])c([H])c2[H])(=c2c([H])c([H])c([H])c([H])c2=P1(c1c([H])c([H])c([H])c([H])c1[H])S3)S4
VUMMAS,0,ok,0.0615,69,1,,[Zr+4]12(<-n3c(c([H])c([H])c([H])c3-c3n1c([H])c([H])c3[H])C([H])([H])N2c1c(C([H])(C([H])([H])[H])C([H])([H])[H])c([H])c([H])c([H])c1C([H])(C([H])([H])[H])C([H])([H])[H])(N(C([H])([H])[H])C([H])([H])[H])N(C([H])([H])[H])C([H])([H])[H]
VUPDOZ,0,ok,0.1054,73,1,,[Pd+2](Cl)(Cl)(<-P(c1c([H])c([H])c([H])c([H])c1[H])(c1c([H])c([H])c([H])c([H])c1[H])c1c([H])c([H])c([H])c([H])c1[H])C#C[P+](c1c([H])c([H])c([H])c([H])c1[H])(c1c([H])c([H])c([H])c([H])c1[H])c1c([H])c([H])c([H])c([H])c1[H]
VUQRUV,1,ok,0.1274,68,1,,[Mo+2]12345(<-n6c->1(C(c1n->2c([H])c([H])c([H])c1[H])(c1n->3c(C(C([H])([H])[H])(c2n->4c([H])c([H])c([H])c2[H])c2n->5c([H])c([H])c([H])c2[H])c([H])c([H])c1[H])C([H])([H])[H])c([H])c([H])c([H])c6[H])OS(=O)(=O)C(F)(F)F
VUTKIG,0,ok,0.0536,41,1,,[Pt+4]1(Cl)(Cl)<-P2(c3c([H])c([H])c([H])c([H])c3[H])C3([H])C([H])([H])C([H])(S=1(C(=C([H])[H])[H])=O)C2([H])C(C([H])([H])[H])=C3C([H])([H])[H]
VUVHUQ,1,ok,0.1783,70,1,,[Ir+3]12345(<-[Se]([Se]c6c([H])c([H])c([H])c([H])c6[H])c6c([H])c([H])c([H])c([H])c6[H])(<-C6(C([H])([H])[H])=C->1(C([H])([H])[H])C->2(C([H])([H])[H])=C->3(C([H])([H])[H])C46C([H])([H])[H])c1c([H])c([H])c([H])c([H])c1-c1c([H])c([H])c([H])c([H])n->51
VUWJEE,0,ok,0.0852,65,1,,Br[W+2]1(<-N(C(C(N->1(C([H])([H])[H])C([H])([H])[H])([H])[H])([H])[H])(C([H])([H])[H])C([H])([H])[H])(C([Si](c1c([H])c([H])c([H])c([H])c1[H])(c1c([H])c([H])c([H])c([H])c1[H])c1c([H])c([H])c([H])c([H])c1[H])=C=O)<-[C-]#[O+]
VUXVAM,1,ok,0.0618,75,1,,[Cu+]12(<-N3([H])C([H])([H])C([H])([H])N(C([H])([H])c4c([H])c([H])c([H])c([H])c4[H])C([H])([H])C([H])([H])N->1([H])C([H])([H])C3([H])[H])<-N1([H])C([H])([H])C([H])([H])N(C([H])([H])c3c([H])c([H])c([H])c([H])c3[H])C([H])([H])C([H])([H])N->2([H])C([H])([H])C1([H])[H]
VUZBUO,0,ok,0.0616,56,1,,[Ni+2]1(<-n2c([H])n([H])c([H])c2[H])(<-n2c([H])n([H])c([H])c2[H])OC(=O)C([H])(c2c([H])c([H])c([H])c([H])c2[H])C(=O)O1.n1c([H])n([H])c([H])c1[H].n1c([H])n([H])c([H])c1[H]
WABWAZ,0,ok,0.0457,43,1,,[Cd+2]12(Cl)(Cl)(<-n3c([H])c([H])c([H])c([H])c3-c3n->1c([H])c([H])c([H])c3[H])<-n1c([H])c([H])c([H])c([H])c1-c1n->2c([H])c([H])c([H])c1[H]
WACNEU,1,ok,0.0510,36,1,,[Pt+2]12(<-n3c(-c4n->1c([H])c([H])c([H])c4[H])c([H])c([H])c([H])c3-c1n->2c([H])c([H])c([H])c1[H])C([H])([H])[N+]([O-])=O
WAFNOG,0,ok,0.0268,22,1,,[Cr]12345(<-C6([H])=C->1([H])C->2([H])=C->3([H])C->4([H])=C->5([H])S6(=O)=O)(<-[C-]#[O+])(<-[C-]#[O+])<-[C-]#[O+]
WAGHES,0,ok,0.0346,26,1,,[B-2]12(->[Mn+3]345(<-O1C3([H])C->4([H])=C->52[H])(<-[C-]#[O+])(<-[C-]#[O+])<-[C-]#[O+])c1c([H])c([H])c([H])c([H])c1[H]
WAHCAL,0,ok,0.0764,76,1,,c1([H])c([H])c([H])c([H])c([H])c1C1=O->[Pd]2(<-P(c3c([H])c([H])c([H])c([H])c3[H])(c3c([H])c([H])c([H])c([H])c3[H])c3c([H])c([H])c([H])c([H])c3[H])<-S=C(SC(c3c([H])c([H])c([N+]([O-])=O)c([H])c3[H])([H])[H])N=N->2C(=C1[H])C([H])([H])[H]
WAHXOV,1,ok,0.0517,51,1,,[Cu+3]1(<-N#CC([H])([H])[H])(<-n2c(F)c([H])c([H])c([H])c2C([N+](C([H])([H])c2n->1c(F)c([H])c([H])c2[H])=C([H])c1nc(F)c([H])c([H])c1[H])([H])[H])O[Cl+]([O-])([O-])[O-]
WAJNAY,0,ok,0.0729,67,1,,[Cu+]12(<-P(c3c([H])c([H])c([H])c([H])c3[H])(c3c([H])c([H])c([H])c([H])c3[H])c3c([H])c([H])c([H])c([H])c3[H])<-n3n([B-](n4n->1c([N+]([O-])=O)c([H])c4[H])(n1n->2c([N+](=O)[O-])c([H])c1[H])[H])c([H])c([H])c3[N+](=O)[O-]
WALNAB,0,ok,0.0577,47,1,,[V+5]12(<-N(=C([H])c3c(c([H])c([H])c(F)c3[H])O1)N=C(c1c([H])c([H])c(F)c([H])c1[H])O2)(Oc1c([H])c([H])c([H])c2c([H])c([H])c([H])nc12)=O
WAMWUE,1,ok,0.0629,55,1,,[Re+]12(<-n3c4c([H])c([H])c([H])c([H])c4c([H])c([H])c3C(N->1(C(C([N-][N+]#N)([H])[H])([H])[H])C(c1c([H])c([H])c3c(c([H])c([H])c([H])c3[H])n->21)([H])[H])([H])[H])(<-[C-]#[O+])(<-[C-]#[O+])<-[C-]#[O+]
WAPDID,0,ok,0.0966,68,1,,[Ru+2]123(<-N([H])([H])[H])(<-P(C([H])(C([H])([H])[H])C([H])([H])[H])(C([H])(C([H])([H])[H])C([H])([H])[H])C([H])(C([H])([H])[H])C([H])([H])[H])<-S(c4c([H])c([H])c([H])c([H])c4S1(=O)=O)C([H])([H])C([H])([H])S->2c1c([H])c([H])c([H])c([H])c1S3
WAPLAB,0,ok,0.0712,45,1,,[Cd+2]12(<-S(O1)(=O)(=O->2)C(F)(F)F)(OS(=O)(=O)C(F)(F)F)(<-O([H])[H])(<-O([H])[H])<-n1c(SSc2nc([H])c([H])c([H])c2[H])c([H])c([H])c([H])c1[H]
WAQGAW,0,ok,0.3425,72,1,,[Ru+4]1234(<-P(c5c([H])c([H])c([H])c([H])c5[H])(c5c([H])c([H])c([H])c([H])c5[H])c5c([H])c([H])c([H])c([H])c5[H])([Si](Cl)(C([H])([H])[H])C([H])([H])[H])(<-C5(C([H])([H])[H])=C->1(C([H])([H])[H])C->2(C([H])([H])[H])=C->3(C([H])([H])[H])C45C([H])([H])[H])([H])[H]
WAQXIV,0,ok,0.0759,85,1,,[Nb+5]12(<-P(C([H])([H])[H])(C([H])([H])[H])C([H])([H])[H])(N([Si](C([H])([H])[H])(C([H])([H])[H])C([H])([H])[H])C->1(=N->2[Si](C([H])([H])[H])(C([H])([H])[H])C([H])([H])[H])c1c(C(C([H])([H])[H])(C([H])([H])[H])[H])c([H])c(C(C([H])([H])[H])(C([H])([H])[H])[H])c([H])c1C(C([H])([H])[H])(C([H])([H])[H])[H])(Cl)(Cl)(Cl)Cl
WARVUG,0,ok,0.0442,47,1,,[W+2](<-[C-]#[O+])(<-[C-]#[O+])(<-[C-]#[O+])(<-[C-]#[O+])(<-[C-]#[O+])=C(OC(C([H])([H])[H])([H])[H])C(=C(N1C([H])([H])C([H])([H])C([H])([H])C1([H])[H])c1c([H])c([H])c([H])c([H])c1[H])[H]
WATKAF,0,ok,0.0587,58,1,,[Pd+2](Br)(Br)(<-C1N2C([H])=C([H])C([H])=C([H])C2=C2N1C([H])=C([H])C([H])=C2[H])<-P(c1c([H])c([H])c([H])c([H])c1[H])(c1c([H])c([H])c([H])c([H])c1[H])c1c([H])c([H])c([H])c([H])c1[H]
WATXIA,1,ok,0.0556,52,1,,[Ru+2]123456(Cl)(<-n7c([H])c([H])c([H])c([H])c7-c7[c-]->1[n+](C([H])([H])C([H])([H])[H])nn7C([H])([H])[H])<-c1(C([H])(C([H])([H])[H])C([H])([H])[H])c->2([H])c->3([H])c->4(C([H])([H])[H])c->5([H])c->61[H]
WAWBAX,0,ok,0.0831,73,1,,[Nb+5]1234(=Nc5c(C(C([H])([H])[H])(C([H])([H])[H])[H])c([H])c([H])c([H])c5C(C([H])([H])[H])(C([H])([H])[H])[H])(C5([H])C->1([H])=C->2([H])C->3([H])=C->45[H])(C([H])([H])C(C([H])([H])[H])(C([H])([H])[H])C([H])([H])[H])C([H])([H])C(C([H])([H])[H])(C([H])([H])[H])C([H])([H])[H]
WAWLEL,0,ok,0.2118,76,1,,[Rh+3]123(N(c4c([H])c([H])c([H])c([H])c4[H])N=N->1c1c([H])c([H])c([H])c([H])c1[H])(N(N=N->2c1c([H])c([H])c([H])c([H])c1[H])c1c([H])c([H])c([H])c([H])c1[H])<-N(c1c([H])c([H])c([H])c([H])c1[H])=NN3c1c([H])c([H])c([H])c([H])c1[H]
WAXHIM,0,ok,0.0357,55,1,,[Ru+2](<-P(C([H])([H])[H])(C([H])([H])[H])C([H])([H])[H])(<-P(C([H])([H])[H])(C([H])([H])[H])C([H])([H])[H])(<-P(C([H])([H])[H])(C([H])([H])[H])C([H])([H])[H])(<-P(C([H])([H])[H])(C([H])([H])[H])C([H])([H])[H])([H])[H]
WAYKEM,1,ok,0.0683,67,1,,[Pt+4]1(C([H])([H])[H])(C([H])([H])[H])(C([H])([H])[H])<-n2c(-c3n->1c([H])c([H])c([H])c3[H])c([H])c([H])c([H])c2[H].P(c1c([H])c([H])c([H])c([H])c1[H])(c1c([H])c([H])c([H])c([H])c1[H])c1c([H])c([H])c([H])c([H])c1[H]
WAZDIK,0,ok,0.1048,63,1,,[Mn+]123(OC(C(F)(F)F)=C(C(=O->1)C(F)(F)F)[H])(OC(C(F)(F)F)=C(C(=O->2)C(F)(F)F)[H])<-n1c(-c2n->3c([H])c([H])c([H])c2[H])c([H])c([N+](=O)C(C([H])([H])[H])(C([H])([H])[H])C([H])([H])[H])c([H])c1[H]
WECKUN,0,ok,0.1357,59,1,,[Zn+2]12345(<-O=C->1(O2)C([H])([H])c1c([H])c([H])c([N+]([O-])=O)c([H])c1[H])(<-n1c([H])c([H])c([H])c([H])c1-c1n->3c([H])c([H])c([H])c1[H])<-O=C->4(O5)C([H])([H])c1c([H])c([H])c([N+]([O-])=O)c([H])c1[H]
WECXIO,0,ok,0.1268,61,1,,[Ru+2]123456(OC7=C(C(=O->1)c1c([H])n(C([H])([H])[H])c8c1c([H])c([H])c([H])c8[H])C(=O)c1c([H])c([H])c([H])c([H])c17)(Cl)<-c1(C(C([H])([H])[H])(C([H])([H])[H])[H])c->2([H])c->3([H])c->4(C([H])([H])[H])c->5([H])c->61[H]
WEDVIK,0,ok,0.0572,49,1,,[Zn+2]123(<-S=c4sc5c(n41)c([H])c([H])c([H])c5[H])(Sc1sc4c(n->21)c([H])c([H])c([H])c4[H])<-n1c([H])c([H])c([H])c([H])c1-c1n->3c([H])c([H])c([H])c1[H]
WEGCAO,0,ok,0.0535,63,1,,[Zn+2](OC(=O)c1c([H])c([H])c(C(N([H])C(C(=O)O[H])([H])C([H])([H])[H])([H])[H])c([H])c1[H])(<-O([H])[H])(OC(=O)c1c([H])c([H])c(C(N([H])C(C(=O)O[H])([H])C([H])([H])[H])([H])[H])c([H])c1[H])<-O([H])[H]
WEHGOH,0,ok,0.0467,25,1,,I[Fe+2]1(<-n2c(C(C1=O)([H])[H])c([H])c([H])c([H])c2C(O[H])([H])[H])(<-[C-]#[O+])<-[C-]#[O+]
WEHSIM,0,ok,0.0635,63,1,,[Cd+2](Cl)(<-n1c([H])n([H])c2c1c([H])c([H])c([H])c2[H])(<-n1c([H])n([H])c2c1c([H])c([H])c([H])c2[H])(<-n1c([H])n([H])c2c1c([H])c([H])c([H])c2[H])<-n1c([H])n([H])c2c1c([H])c([H])c([H])c2[H].[Cl-]
WEJGAV,0,ok,0.1404,70,1,,[Mo](<-C1N(c2c(C([H])([H])[H])c([H])c(C([H])([H])[H])c([H])c2C([H])([H])[H])C2=C(N1c1c(C([H])([H])[H])c([H])c(C([H])([H])[H])c([H])c1C([H])([H])[H])C(=O)c1c(c([H])c([H])c([H])c1[H])C2=O)(<-[C-]#[O+])(<-[C-]#[O+])(<-[C-]#[O+])(<-[C-]#[O+])<-[C-]#[O+]
WEKRIN,0,ok,0.1286,44,1,,[Re+5]123(=NC(C([H])([H])[H])(C([H])([H])[H])C([H])([H])[H])(<-C4(C([H])([H])[H])=C->1(C([H])([H])[H])C(C([H])([H])[H])=C(C([H])([H])[H])C24C([H])([H])[H])[Se][Se][Se][Se]3
WELJOM,0,ok,0.0980,52,1,,[Co+3]1234(P(=O)(OC([H])([H])[H])OC([H])([H])[H])(<-P(C([H])([H])[H])(C([H])([H])[H])C([H])([H])[H])(<-C5([H])=C->1([H])C->2([H])=C->31C([H])=C([H])C([H])=C([H])C451)C(F)(F)C(F)(F)C(F)(F)F
WELWAM,1,ok,0.0464,42,1,,[Pd+2]12(Cl)<-n3c(C(N->1(C(c1n->2c([H])c([H])c([H])c1[H])([H])[H])C(c1nc([H])c([H])c([H])c1[H])([H])[H])([H])[H])c([H])c([H])c([H])c3[H]
WEMSEM,0,ok,0.3848,60,1,,[Zr+4]123456789(Cl)(<-C%10(=C->1%11C([H])=C([H])c1c([H])c([H])c([H])c([H])c1C2%11C->3([H])=C->4%10C([H])([H])[H])[Si](C([H])([H])[H])(C([H])([H])[H])C->51=C->62C7(C->8([H])=C->91C([H])([H])[H])c1c(c([H])c([H])c([H])c1[H])C([H])=C2[H])Cl
WENHOP,1,ok,0.0763,69,1,,[Pt+2]12(Cl)<-n3c(-c4[n+](C([H])([H])[H])nn(-c5c(C([H])([H])[H])c([H])c(C([H])([H])[H])c([H])c5C([H])([H])[H])[c-]->14)c([H])c([H])c([H])c3-c1[n+](C([H])([H])[H])nn(-c3c(C([H])([H])[H])c([H])c(C([H])([H])[H])c([H])c3C([H])([H])[H])[c-]->21
WENWAP,0,ok,0.1016,54,1,,[Fe+2]12(Br)(Br)<-n3c(C([H])([H])[H])c([H])c([H])c([H])c3-c3n->1c(-c1n->2c(-c2c(C([H])([H])[H])c([H])c(C([H])([H])[H])c([H])c2C([H])([H])[H])c([H])c([H])c1[H])c([H])c([H])c3[H]
WEPHIL,0,ok,0.0530,57,1,,[Ru+4]1(Cl)(Cl)(<-S(c2c(C=1[H])c([H])c([H])c([H])c2[H])C(F)(F)F)<-C1N(c2c(C([H])([H])[H])c([H])c([H])c([H])c2[H])C([H])([H])C([H])([H])N1c1c(C([H])([H])[H])c([H])c([H])c([H])c1[H]
WEPQUE,0,ok,0.2137,73,1,,[Zn+2]12(<-O([H])[H])(<-O([H])[H])(OC(N=NC3=C4C([H])=C([H])C([H])=[N+]=C4c4nc([H])c([H])c([H])c43)=C3N1C([H])=C([H])C([H])=C3[H])OC(N=NC1=C3C(=[N+]=C([H])C([H])=C3[H])c3nc([H])c([H])c([H])c31)=C1N2C([H])=C([H])C([H])=C1[H]
WEQCOL,0,ok,0.2321,44,1,,[Fe+2]12345(<-C6([H])=C->1([H])C->2([H])=C->3([H])C46[H])(<-[C-]#[O+])C(=C([H])C(=S->5)C([H])([H])[H])N(C([H])([H])[H])c1c(C([H])([H])[H])c([H])c([H])c([H])c1C([H])([H])[H]
WEQYAV,0,ok,0.0573,65,1,,[Pd+2](<-P(C(C([H])([H])[H])(C([H])([H])[H])C([H])([H])[H])(C(C([H])([H])[H])(C([H])([H])[H])C([H])([H])[H])C(C([H])([H])[H])(C([H])([H])[H])C([H])([H])[H])(OS(=O)(=O)C(F)(F)F)C(=O)c1c([H])c([H])c(C([H])([H])[H])c([H])c1[H]
WESPUF,0,ok,0.0754,76,1,,[Cd+2]123(<-n4n([B-](n5n->1c(C(C([H])([H])[H])(C([H])([H])[H])C([H])([H])[H])c([H])c5C([H])([H])[H])(n1n->2c(C(C([H])([H])[H])(C([H])([H])[H])C([H])([H])[H])c([H])c1C([H])([H])[H])[H])c(C([H])([H])[H])c([H])c4C(C([H])([H])[H])(C([H])([H])[H])C([H])([H])[H])O[N+](=O)O3
WETKOX,0,ok,0.3039,79,1,,[Pt+4]123n4c5c6c7c4c4c8c(c7c([H])c([H])c6c6c(c5-c5n1c(c([H])c5[H])C(c1c([H])c([H])c([H])c([H])c1[H])=c1n2c(c([H])c1[H])=C(c1c([H])c([H])c([H])c([H])c1[H])c1n3c-4c([H])c1[H])c([H])c([H])c([H])c6[H])c([H])c([H])c([H])c8[H]
WEVGOU,0,ok,0.0828,77,1,,[B-]12([H])n3c(C([H])([H])[H])c([H])c(-c4c([H])c([H])c([H])c([H])c4[H])n3->[Zn+2]3(<-n4c(-c5c([H])c([H])c([H])c([H])c5[H])c([H])c(C([H])([H])[H])n41)(<-n1c(-c4c([H])c([H])c([H])c([H])c4[H])c([H])c(C([H])([H])[H])n12)Oc1c([H])oc([H])c([H])c1=O->3
WEXFAI,-1,ok,0.0250,22,1,,[V+3]123(=O)(<-O=O->1)<-n1c(c([H])c([H])c([H])c1C(=O)O2)C(=O)O3.O([H])[H]
WEYHOY,0,ok,0.1659,36,1,,[W+4]1234([Si](Cl)(Cl)[H])(<-[C-]#[O+])(<-[C-]#[O+])(<-C5(C([H])([H])[H])=C->1(C([H])([H])[H])C2(C([H])([H])[H])C->3(C([H])([H])[H])=C->45C([H])([H])[H])([H])[H]
WEZNEU,0,ok,0.0448,55,1,,[Tc+5]123(<-N([O-])=C(C(N1C([H])([H])C([H])([H])C([H])([H])N2C(C(=N->3O[H])C([H])([H])[H])(C([H])([H])[H])C([H])([H])[H])(C([H])([H])[H])C([H])([H])[H])C(n1c([N+](=O)[O-])nc([H])c1[H])([H])[H])=O
WIBROO,0,ok,0.0675,70,1,,[Rh+3]12(<-P(c3c([H])c([H])c([H])c([H])c3[H])(c3c([H])c([H])c([H])c([H])c3[H])c3c([H])c([H])c([H])c([H])c3[H])(N(O[H])C(=C(N->1=O)C([H])([H])[H])C([H])([H])[H])(N(O[H])C(=C(N->2=O)C([H])([H])[H])C([H])([H])[H])C(=C([H])[H])[H]
WICQUU,0,ok,0.0622,36,1,,[Pt+2]1(Cl)(Cl)<-N(=Nc2n->1c([H])c([H])n2C([H])([H])C([H])([H])[H])c1c([H])c2c([H])c([H])c([H])c([H])c2c([H])c1[H]
WIDGOG,0,ok,0.1083,63,1,,[Fe+2]123(<-n4n(C([H])([H])c5n->1c(-c1n->2c(C(n2n->3c(C([H])([H])[H])c([H])c2C([H])([H])[H])([H])[H])c([H])c([H])c1[H])c([H])c([H])c5[H])c(C([H])([H])[H])c([H])c4C([H])([H])[H])(<-N#CN=C=[N-])<-N#CN=C=[N-]
WIDPIK,1,ok,0.0844,60,1,,[Ni+2]12(Cl)<-N(=P(C([H])([H])c3n->1c([H])c([H])c([H])c3[H])(c1c([H])c([H])c([H])c([H])c1[H])c1c([H])c([H])c([H])c([H])c1[H])c1c(N3C->2N(C([H])([H])[H])C([H])=C3[H])c([H])c([H])c([H])c1[H]
WIFQAG,0,ok,0.0455,41,1,,[Pt+4](I)(C([H])([H])[H])(<-n1c([H])c([H])c([H])c([H])c1C(N([H])c1c([H])c([H])c(O[H])c([H])c1[H])([H])[H])(C([H])([H])[H])C([H])([H])[H]
WIHKAA,0,ok,0.1063,35,1,,[Ni+2]12(<-n3c([H])c([H])nc([H])c3-c3nnnn31)<-n1c([H])c([H])nc([H])c1-c1nnnn12.O([H])[H].O([H])[H]
WIHXUJ,0,ok,0.1806,67,1,,Cl[Ni+2]1(<-P(c2c([H])c([H])c([H])c([H])c2[H])(c2c([H])c([H])c([H])c([H])c2[H])c2c3c(c([H])c([H])c2[H])=c2c=3c(P->1(c1c([H])c([H])c([H])c([H])c1[H])c1c([H])c([H])c([H])c([H])c1[H])c([H])c([H])c2[H])Cl
WIJKEH,0,ok,0.0476,51,1,,[Ir+3]123([H])(<-n4n([B-](n5n->1c([H])c([H])c5[H])(n1n->2c([H])c([H])c1[H])[H])c([H])c([H])c4[H])<-N([H])=C([H])C([H])([H])C(=C3C(=O)OC([H])([H])[H])C(=O)OC([H])([H])[H]
WIJVIX,0,ok,0.0784,63,1,,[Ni+2]123(<-N(c4c(O[H])c([H])c([H])c([H])c4[H])=C([H])c4c([H])c([H])c5c([H])c([H])c([H])c(O1)c5n->24)<-n1c(C([H])=Nc2c(O[H])c([H])c([H])c([H])c2[H])c([H])c([H])c2c([H])c([H])c([H])c(O3)c21
WIKJEG,0,ok,0.0641,58,1,,c12[Ir+3]34(c5c([H])c([H])c([H])c([H])c5-c5c([H])c([H])c([H])c([H])n->35)(<-n3c(-c1c([H])c([H])c([H])c2[H])c([H])c([H])c([H])c3[H])<-n1c([H])c([H])c([H])c2c([H])c([H])c([H])c(O4)c21
WILFIJ,0,ok,0.1056,72,1,,[Ru+2]12(<-P(c3c([H])c([H])c([H])c([H])c3[H])(c3c([H])c([H])c([H])c([H])c3[H])c3c([H])c([H])c([H])c([H])c3[H])(Cl)(Cl)<-n3c(N=N->1c1c([H])c([H])c([H])c([H])c1[H])c([H])c([H])c([H])c3N=N->2c1c([H])c([H])c([H])c([H])c1[H]
WIMGIL,1,ok,0.0880,75,1,,[Ag+](<-n1c(-c2c3c([H])c([H])c([H])c([H])c3c([H])c3c([H])c([H])c([H])c([H])c32)n([H])c2c1c([H])c([H])c([H])c2[H])<-n1c(-c2c3c([H])c([H])c([H])c([H])c3c([H])c3c([H])c([H])c([H])c([H])c32)n([H])c2c1c([H])c([H])c([H])c2[H]
WINGAB,0,ok,0.0539,37,1,,[Co+3]123(<-S=c4n(O1)c([H])c([H])c([H])c4[H])(<-S=c1n(O2)c([H])c([H])c([H])c1[H])<-S=c1n(O3)c([H])c([H])c([H])c1[H]
WIPZED,-1,ok,0.0369,32,1,,[Pt+2]1(C#N)(C#N)<-C2N(C([H])([H])[H])C([H])=C([H])N2c2c1c([H])c([H])c1c2c([H])c([H])c([H])c1[H]
WIRPIZ,1,ok,0.1559,35,1,,[Co+3]12345(<-n6c(N(N1c1c([H])c([H])c([H])c([H])c1[H])[H])c([H])c([H])c([H])c6[H])<-C1([H])=C->2([H])C->3([H])=C->4([H])C51[H]
WISHEN,0,ok,0.0392,40,1,,[Mo+6]12(<-N(=C([H])c3c(c([H])c([H])c([H])c3[H])O1)N=C(C(Oc1c([H])c([H])c([N+](=O)[O-])c([H])c1[H])([H])[H])O2)(=O)=O.O([H])[H]
WITCOR,0,ok,0.0848,73,1,,[Zn+2]12(n3nc(S(=O)(N([H])[H])=O)sc3=NS(=O)(c3c([H])c([H])c([H])c([H])c3[H])=O)(<-N([H])([H])C([H])([H])C(N->1([H])C([H])([H])C(N->2([H])[H])([H])[H])([H])[H])N(S(=O)(=O)c1c([H])c([H])c([H])c([H])c1[H])c1sc(S(=O)(=O)N([H])[H])nn1
WIVNEX,0,ok,0.0843,43,1,,[Ir+3]12(I)(I)(<-O=C(O1)c1c([H])c([H])c(O[H])c([H])c1[H])<-[c-]1[n+](C(N3C([H])=C([H])N(C([H])([H])[H])C->23)([H])[H])c([H])c([H])n1C([H])([H])[H]
WIWHIW,0,ok,0.0655,65,1,,[Fe]123(<-P(OC([H])([H])[H])(OC([H])([H])[H])OC([H])([H])[H])(<-C45=C->1(c1c([H])c([H])c([H])c([H])c1[H])C(=O)C->2(c1c([H])c([H])c([H])c([H])c1[H])=C->34N(C([H])([H])[H])C([H])([H])C([H])([H])N5C([H])([H])[H])(<-[C-]#[O+])<-[C-]#[O+]
WIWWOR,0,ok,0.0523,55,1,,[Cu+]123SC(N=N->1C(=C(N->2=Nc1n->3c([H])c(-c2oc3c([H])c([H])c(O[H])c([H])c3c2[H])c([H])c1[H])C([H])([H])C([H])([H])[H])C([H])([H])C([H])([H])[H])=NC([H])([H])C([H])([H])[H]
WIXPEB,0,ok,0.0400,41,1,,[V+5]12(<-N(=C([H])c3c(c(Br)c([H])c(Br)c3[H])O1)N=C(c1c(Cl)c([H])c([H])c([H])c1[H])O2)(=O)(OC([H])([H])[H])<-O(C([H])([H])[H])[H]
WIYDAJ,1,ok,0.0544,65,1,,[Cu+3]1234(OC->1(=O->2)c1c([H])c([H])c([H])c([H])c1OC(=O)c1c([H])c([H])c([H])c([H])c1[H])<-N(C([H])([H])C([H])([H])C(N3C([H])([H])C([H])([H])C(N->4(C([H])([H])[H])C([H])([H])[H])([H])[H])([H])[H])(C([H])([H])[H])C([H])([H])[H]
WIYROL,0,ok,0.0850,69,1,,[Mo+2]12([H])(<-P(C([H])([H])[H])(C([H])([H])[H])C([H])([H])[H])(<-P(C([H])([H])[H])(C([H])([H])[H])C([H])([H])[H])(<-[B-]3([H]->1)([H]->2)Oc1c([H])c([H])c([H])c([H])c1O3)(<-P(C([H])([H])[H])(C([H])([H])[H])C([H])([H])[H])<-P(C([H])([H])[H])(C([H])([H])[H])C([H])([H])[H]
WIZJEW,0,ok,0.0578,54,1,,[Pd+2]1(Cl)(<-n2c([H])c([H])c([H])c3c2c(N->1=P(c1c([H])c([H])c([H])c([H])c1[H])(c1c([H])c([H])c([H])c([H])c1[H])c1c([H])c([H])c([H])c([H])c1[H])c([H])c([H])c3[H])Cl
WOBRUD,0,ok,0.0902,81,1,,n1(->[Ni+2]2(<-P(c3c(S(O2)(=O)=O)c([H])c([H])c([H])c3[H])(C2([H])C([H])(C([H])(C([H])([H])[H])C([H])([H])[H])C([H])([H])C([H])([H])C([H])(C([H])([H])[H])C2([H])[H])c2c([H])c([H])c([H])c([H])c2-c2c(F)c([H])c([H])c([H])c2F)C([H])([H])[H])c([H])c([H])c([H])c([H])c1[H]
WODSIR,0,ok,0.0858,66,1,,[Cr+2](<-[C-]#[O+])(<-[C-]#[O+])(<-[C-]#[O+])(<-[C-]#[O+])(<-[C-]#[O+])=C1OC(C2([H])C3([H])C([H])(C4([H])C([H])(O2)OC(C([H])([H])[H])(C([H])([H])[H])O4)OC(C([H])([H])[H])(C([H])([H])[H])O3)([H])C([H])([H])C12C1([H])C([H])=C([H])C([H])(C2([H])[H])C1([H])[H]
WOFNUC,0,ok,0.0498,60,1,,[Zn+2]12([H])Oc3c(C([H])([H])N->1(C([H])([H])C([H])([H])N->2(C([H])([H])[H])C([H])([H])[H])C([H])([H])[H])c([H])c(C(C([H])([H])[H])(C([H])([H])[H])C([H])([H])[H])c([H])c3C(C([H])([H])[H])(C([H])([H])[H])C([H])([H])[H]
WOFYIZ,0,ok,0.4266,71,1,,[Ti+4]123456789%10%11<-C%12(=C->1(C([H])([H])[H])C->2(C([H])([H])[H])=C->3(C([H])([H])[H])C4%12C([H])([H])[H])C([H])([H])C([H])([H])C5([H])C([H])(C([H])([H])[H])C([H])(C([H])([H])[H])C6([H])C([H])([H])C([H])([H])C->71=C->8(C([H])([H])[H])C->9(C([H])([H])[H])=C->%10(C([H])([H])[H])C%111C([H])([H])[H]
WOGNOV,1,ok,0.0778,81,1,,[Pd+2]1(<-P(C(C(C(P->1(c1c([H])c([H])c([H])c([H])c1[H])c1c([H])c([H])c([H])c([H])c1[H])([H])[H])([H])[H])([H])[H])(c1c([H])c([H])c([H])c([H])c1[H])c1c([H])c([H])c([H])c([H])c1[H])C1([H])C([H])=C(OC([H])([H])[H])C([H])([H])C([H])([H])C([H])([H])C([H])([H])C1([H])[H]
WOGXOH,0,ok,0.0351,37,1,,[Pt+2]12(Cl)SC(=NN->1=C(c1n->2c([H])c([H])c([H])c1[H])C([H])([H])[H])N([H])c1c([H])c(C([H])([H])[H])c([H])c([H])c1[H]
WOHYUQ,0,ok,0.1023,71,1,,[Ru+4]1(Cl)(Cl)(=S(C([H])([H])[H])(C([H])([H])[H])=O)(<-S(=O)(C([H])([H])[H])C([H])([H])[H])<-O=C(N(N->1=C([H])c1c([H])c([H])c(Cl)c([H])c1[H])[H])c1c([H])c2c([H])c([H])c(N(C([H])([H])C([H])([H])[H])C([H])([H])C([H])([H])[H])c([H])c2oc1=O
WOJTEU,0,ok,0.1674,53,1,,[Ru+4](Cl)(Cl)(<-S(=O)(C([H])([H])[H])C([H])([H])[H])(=S(=O)(C([H])([H])[H])C([H])([H])[H])(<-n1c([H])n([H])c2c([H])c([H])c([H])c([H])c12)<-n1c([H])n([H])c2c([H])c([H])c([H])c([H])c12
WOKZEB,0,ok,0.0551,59,1,,[Rh+3]123(<-P(C([H])([H])[H])(C([H])([H])[H])C([H])([H])[H])(<-P(C([H])([H])[H])(C([H])([H])[H])C([H])([H])[H])(Cl)=C(C(=C->1(C->2(=C->3([H])[H])[H])c1c([H])c([H])c([H])c([H])c1[H])c1c([H])c([H])c([H])c([H])c1[H])[H]
WOLNIX,0,ok,0.0888,53,1,,[Ru+6]1(Cl)(=S(=O)(C([H])([H])[H])C([H])([H])[H])(=S(=O)(C([H])([H])[H])C([H])([H])[H])(Cl)<-n2nn(C([H])([H])c3c([H])c([H])c([H])c([H])c3[H])c([H])c2-c2n->1c([H])c([H])c([H])c2[H]
WOMXAZ,0,ok,0.0942,69,1,,c1(-c2c([H])c([H])c([H])c([H])c2[H])[c-]2->[Pd+2](Cl)(<-[c-]3c(-c4c([H])c([H])c([H])c([H])c4[H])[n+](C([H])([H])[H])nn3C([H])([H])c3c(-c4c(C([H])([H])n2n[n+]1C([H])([H])[H])c([H])c([H])c([H])c4[H])c([H])c([H])c([H])c3[H])Cl
WONROJ,0,ok,0.0292,32,1,,[Au+3]1(Cl)(Cl)C(C2=[N+]([H])C([H])([H])C([H])([H])C2([H])[H])=C(Cl)c2c1c([H])c(OC([H])([H])[H])c([H])c2[H]
WOPRIE,0,ok,0.0667,63,1,,[Ti+4]12345(Br)(<-P(C([H])([H])[H])(C([H])([H])[H])C([H])([H])[H])(<-C6(C([H])([H])[H])=C->1(C([H])([H])[H])C2(C([H])([H])[H])C->3(C([H])([H])[H])=C->46C([H])([H])[H])[Si](C([H])([H])[H])(C([H])([H])[H])N5C(C([H])([H])[H])(C([H])([H])[H])C([H])([H])[H]
WORBOW,0,ok,0.0799,78,1,,[Ti+4]1(Cl)(Cl)(Cl)Oc2c(C(C([H])([H])[H])(C([H])([H])[H])C([H])([H])[H])c([H])c(C(C([H])([H])[H])(C([H])([H])[H])C([H])([H])[H])c([H])c2C(N(c2c([H])c([H])c([H])c([H])c2P(=O->1)(c1c([H])c([H])c([H])c([H])c1[H])c1c([H])c([H])c([H])c([H])c1[H])[H])([H])[H]
WORKUJ,0,ok,0.0521,58,1,,[Zn+2]12(Cl)Oc3c(C(n4n->1c(C([H])([H])[H])c([H])c4C([H])([H])[H])([H])n1n->2c(C([H])([H])[H])c([H])c1C([H])([H])[H])c([H])c(C([H])([H])[H])c([H])c3C(C([H])([H])[H])(C([H])([H])[H])C([H])([H])[H]
WOSPAV,1,ok,0.1123,70,1,,[Ru+4]123456(<-P7(c8c([H])c([H])c([H])c([H])c8[H])C8([H])C(S=1(=O)c1c([H])c([H])c([H])c([H])c1[H])([H])C([H])([H])C7([H])C(C([H])([H])[H])=C8C([H])([H])[H])(Cl)<-c1(C([H])(C([H])([H])[H])C([H])([H])[H])c->2([H])c->3([H])c->4(C([H])([H])[H])c->5([H])c->61[H]
WOVPAY,0,ok,0.0316,41,1,,[Co+3]123(<-N(=C(C(=C(O1)C([H])([H])[H])[H])C([H])([H])[H])C([H])([H])C(N->2([H])C([H])([H])C([H])([H])C(N->3([H])[H])([H])[H])([H])[H])(<-N([O-])=O)<-N([O-])=O
WOWCES,0,ok,0.1089,80,1,,C12([H])c3c(P(C([H])(C([H])([H])[H])C([H])([H])[H])(C([H])(C([H])([H])[H])C([H])([H])[H])->[Ni+2]1(N(C(c1c([H])c([H])c([H])c([H])c1[H])=O)[H])<-P(c1c2c([H])c([H])c([H])c1[H])(C([H])(C([H])([H])[H])C([H])([H])[H])C([H])(C([H])([H])[H])C([H])([H])[H])c([H])c([H])c([H])c3[H]
WOWVIP,0,ok,0.0529,55,1,,[Mo+6]12(=O)(=O)<-N(=C([H])c3c([H])c(C([H])([H])[H])c([H])c(C(=NN([H])C(=O)c4c([H])c([H])c([H])nc4[H])[H])c3O1)N=C(c1c([H])nc([H])c([H])c1[H])O2.O([H])C([H])([H])[H]
WUBYOJ,0,ok,0.1178,61,1,,[Mo+4]12(<-[C-]#[N+]C(C([H])([H])[H])(C([H])([H])[H])C([H])([H])[H])(<-[C-]#[N+]C(C([H])([H])[H])(C([H])([H])[H])C([H])([H])[H])(Sc3c(c([H])c([H])c(C([H])([H])[H])c3[H])S1)Sc1c([H])c([H])c(C([H])([H])[H])c([H])c1S2
WUDMIR,0,ok,0.0508,61,1,,[Zn+2]1234(Oc5c([H])c([H])c([H])c([H])c5C([H])=N->1C(C([H])([H])O[H])(C([H])([H])O[H])C([H])([H])O->2[H])Oc1c([H])c([H])c([H])c([H])c1C([H])=N->3C(C([H])([H])O[H])(C([H])([H])O[H])C([H])([H])O->4[H]
WUHFUB,0,ok,0.0485,49,1,,[Pd+2]1(<-[se]2n(C(C([H])([H])[H])(C([H])([H])[H])C([H])([H])[H])[se]->1n(C(C([H])([H])[H])(C([H])([H])[H])C([H])([H])[H])[se][se]n2C(C([H])([H])[H])(C([H])([H])[H])C([H])([H])[H])(Cl)Cl
WUHLEQ,0,ok,0.1787,77,1,,c1([H])c(C([H])([H])C([H])([H])[H])c(C([H])([H])C([H])([H])[H])c2n1[Ni+4]13n4c(c(C([H])([H])[H])c(C([H])([H])C([H])([H])[H])c4=c4c(C([H])([H])C([H])([H])[H])c(C([H])([H])[H])c(n41)=C([H])c1c(C([H])([H])C([H])([H])[H])c(C([H])([H])C([H])([H])[H])c([H])n13)=C2[H]
WUJNEW,0,ok,0.0540,57,1,,C([H])([H])=C([H])C([H])=C([H])S([Ru+2]12345(<-c6(C([H])([H])[H])c->1(C([H])([H])[H])c->2(C([H])([H])[H])c->3(C([H])([H])[H])c->4(C([H])([H])[H])c->56C([H])([H])[H])(<-P(C([H])([H])[H])(C([H])([H])[H])C([H])([H])[H])Cl)(=O)=O
WUKLIY,0,ok,0.0661,70,1,,[Ni]12(<-S=C(C#N)C(=S->1)C#N)<-P(C([H])([H])C([H])([H])C([H])([H])C([H])([H])C([H])([H])P->2(c1c([H])c([H])c([H])c([H])c1[H])c1c([H])c([H])c([H])c([H])c1[H])(c1c([H])c([H])c([H])c([H])c1[H])c1c([H])c([H])c([H])c([H])c1[H]
WUMQUS,0,ok,0.0498,62,1,,C([H])([H])([H])C([H])(C([H])([H])[H])P1(C(C([H])([H])[H])([H])C([H])([H])[H])C([H])([H])C([H])([H])N23C([H])([H])C([H])([H])P(C(C([H])([H])[H])([H])C([H])([H])[H])(C(C([H])([H])[H])([H])C([H])([H])[H])->[Fe+2]<-2<-1(<-[C-]#[O+])([H])OC3=O
WUPKUP,0,ok,0.0614,28,1,,[Ti+4]1234(Cl)(Cl)(Cl)<-C5(C([H])([H])C(N(C([H])([H])[H])C([H])([H])[H])([H])[H])=C->1([H])C2([H])C->3([H])=C->45[H]
WUPXEK,0,ok,0.0388,39,1,,Brc1c([H])c2c(c([H])c1[H])N(C([H])([H])[H])C(=O)C1(C(O(->[Zn+2]3(Cl)(Cl)<-N1=C2c1n->3c([H])c([H])c([H])c1[H])[H])([H])[H])[H]
WUQPON,0,ok,0.0697,68,1,,[Re+]1(<-n2c([H])c([H])c([H])c([H])c2-c2n->1c([H])c([H])c([H])c2[H])(N(C(=O)C([H])(c1c([H])c([H])c([H])c([H])c1[H])c1c([H])c([H])c([H])c([H])c1[H])c1c([H])c([H])c(C([H])([H])[H])c([H])c1[H])(<-[C-]#[O+])(<-[C-]#[O+])<-[C-]#[O+]
WUSBOC,0,ok,0.0271,36,1,,Br[Zn+2]1(Br)<-S=C(SN->12C([H])([H])C([H])([H])C([H])([H])C([H])([H])C2([H])[H])N1C([H])([H])C([H])([H])OC([H])([H])C1([H])[H]
WUSTOV,0,ok,0.0641,29,1,,[Ru+4](Cl)(Cl)(n1c2c3nc([H])c([H])c([H])c3c([O-])c-2c([H])c([H])c1[H])(<-[C-]#[O+])(<-[C-]#[O+])<-[C-]#[O+]
WUTZAN,0,ok,0.0583,66,1,,[Ni+2]123<-N(=C([H])c4c(c(Br)c([H])c(Br)c4[H])O1)C1(C([H])([H])[H])C(C([H])([H])[H])(C([H])([H])[H])C([H])(C([H])([H])C1([H])[H])N->2=C([H])c1c(c(Br)c([H])c(Br)c1[H])O3.C([H])(N(C([H])([H])[H])C([H])([H])[H])=O.O([H])[H]
WUWCIA,0,ok,0.0609,58,1,,[Pd+4]1(Cl)(=P(OC(C([H])([H])[H])(C([H])([H])[H])C2=N->1C(C([H])([H])[H])(C([H])([H])[H])C([H])([H])O2)(c1c([H])c([H])c([H])c([H])c1[H])c1c([H])c([H])c([H])c([H])c1[H])C([H])([H])C([H])=C([H])[H]
WUWWEQ,1,ok,0.0687,67,1,,[Cu+]12(<-n3c([H])c([H])n(C([H])([H])C([H])([H])[H])c3N=N->1c1c([H])c([H])c([H])c3c1c([H])c([H])c([H])c3[H])<-n1c([H])c([H])n(C([H])([H])C([H])([H])[H])c1N=N->2c1c([H])c([H])c([H])c2c1c([H])c([H])c([H])c2[H]
WUXSAL,0,ok,0.2123,65,1,,[Ru+2]12345([H])(Cl)<-N(C6([H])c7c(c([H])c([H])c([H])c7[H])C->1([H])=C->2([H])c1c6c([H])c([H])c([H])c1[H])(C(C(N->3(C1([H])c2c(c([H])c([H])c([H])c2[H])C->4([H])=C->5([H])c2c1c([H])c([H])c([H])c2[H])[H])([H])[H])([H])[H])[H]
WUZGED,0,ok,0.0551,66,1,,[Co+]12(<-N(=O)C(=C(N->1=O)C([H])([H])[H])C([H])([H])[H])(<-N(=O)C(=C(N->2=O)C([H])([H])[H])C([H])([H])[H])(<-N([H])([H])C([H])(C([H])([H])[H])C([H])([H])C([H])([H])[H])C([H])([H])C([H])([H])C(N([H])c1c([H])c([H])c([H])c([H])c1[H])=O
WUZSEP,0,ok,0.1553,45,1,,C1([H])=C([H])C(c2c([H])c([H])c([H])c([H])c2[H])=c2c([H])c([H])c3c4c2N1[Pt+4](Cl)(Cl)N4C([H])=C([H])C=3c1c([H])c([H])c([H])c([H])c1[H]
XABZEG,0,ok,0.0645,68,1,,[Pd+2]1(<-P(N(P->1(c1c([H])c([H])c([H])c([H])c1[H])c1c([H])c([H])c([H])c([H])c1[H])C([H])([H])[H])(c1c([H])c([H])c([H])c([H])c1[H])c1c([H])c([H])c([H])c([H])c1[H])(OS(=O)(=O)C(F)(F)F)OS(=O)(=O)C(F)(F)F
XACTED,0,ok,0.0507,62,1,,P([Cu+3][C-]1N(c2c(C([H])(C([H])([H])[H])C([H])([H])[H])c([H])c([H])c([H])c2C([H])(C([H])([H])[H])C([H])([H])[H])C(C([H])([H])[H])(C([H])([H])[H])C([H])([H])C1(C([H])([H])C([H])([H])[H])C([H])([H])C([H])([H])[H])=C=O
XADCAG,0,ok,1.2025,67,1,,[Mo+2]123456789(<-N#CC(C([H])([H])[H])(C([H])([H])[H])C([H])([H])[H])<-C%10(=C->1(C([H])([H])[H])C2(C([H])([H])[H])C->3(C([H])([H])[H])=C->4%10C([H])([H])[H])[Si](C([H])([H])[H])(C([H])([H])[H])C->51=C->6(C([H])([H])[H])C7(C([H])([H])[H])C->8(C([H])([H])[H])=C->91C([H])([H])[H]
XAFGAM,0,ok,0.0657,78,1,,[Ru+2]1(Cl)(<-n2c([H])c([H])c([H])c([H])c2C(=C1[H])[H])(<-P(C(C([H])([H])[H])(C([H])([H])[H])[H])(C(C([H])([H])[H])(C([H])([H])[H])[H])C(C([H])([H])[H])(C([H])([H])[H])[H])<-P(C(C([H])([H])[H])(C([H])([H])[H])[H])(C(C([H])([H])[H])(C([H])([H])[H])[H])C(C([H])([H])[H])(C([H])([H])[H])[H]
XAGNUO,0,ok,0.0553,42,1,,I[Cu+](C1=[C+]C([H])([H])C([H])([H])C([H])([H])C([H])([H])C([H])([H])C1([H])[H])<-C1#CC([H])([H])C([H])([H])C([H])([H])C([H])([H])C([H])([H])C1([H])[H]
XAHJUL,0,ok,0.0947,81,1,,[Re+3]1(Cl)(Cl)(Cl)(<-O=P(c2c([H])c([H])c([H])c([H])c2[H])(c2c([H])c([H])c([H])c([H])c2[H])C([H])([H])C(P(c2c([H])c([H])c([H])c([H])c2[H])c2c([H])c([H])c([H])c([H])c2[H])([H])[H])<-n2c([H])c([H])n(C([H])([H])[H])c2N=N->1c1c([H])c([H])c(Cl)c([H])c1[H]
XAJJAU,0,ok,0.1032,58,1,,[Mn+](<-[C-]#[O+])(<-[C-]#[O+])(<-[C-]#[O+])<-[C-]#[O+].[Se]=P([N-]P(=[Se])(c1c([H])c([H])c([H])c([H])c1[H])c1c([H])c([H])c([H])c([H])c1[H])(c1c([H])c([H])c([H])c([H])c1[H])c1c([H])c([H])c([H])c([H])c1[H]
XAKFAS,0,ok,0.1379,56,1,,[Cd+2]123(<-O=C(O[H])c4c([H])c([H])c([H])c([H])c4C(O1)=O)(<-n1c([H])c([H])c([H])c([H])c1-c1n->2n([H])c([H])c1[H])<-n1c([H])c([H])c([H])c([H])c1-c1n3nc([H])c1[H].O([H])[H]
XAKSIN,0,ok,0.0964,71,1,,[Re+5]12(Cl)(Cl)(SC(=NC(=N->1c1c(C(P->2(c2c([H])c([H])c([H])c([H])c2[H])c2c([H])c([H])c([H])c([H])c2[H])([H])[H])c([H])c([H])c([H])c1[H])c1c([H])c([H])c([H])c([H])c1[H])N(C([H])([H])C([H])([H])[H])C([H])([H])C([H])([H])[H])=O
XALGOJ,0,ok,0.0796,47,1,,Brc1c([H])c([H])c([H])nc1[H].Brc1c([H])c([H])c([H])n(->[Ni+2](Cl)(Cl)<-n2c([H])c([H])c([H])c(Br)c2[H])c1[H].Brc1c([H])c([H])c([H])nc1[H]
XAMBIX,1,ok,0.0476,47,1,,Brc1c2c(c([H])c(Br)c1[H])C([H])=N1->[Mn+7]3(=O)(=O)(<-N(=C([H])c4c([H])c(Br)c([H])c(Br)c4O3)C3([H])C1([H])C([H])([H])C([H])([H])C([H])([H])C3([H])[H])O2
XAMJED,0,ok,0.0625,65,1,,[Pd+2](p1c(C(C([H])([H])[H])(C([H])([H])[H])C([H])([H])[H])nnc1C(C([H])([H])[H])(C([H])([H])[H])C([H])([H])[H])(Cl)<-p1(Cl)c(C(C([H])([H])[H])(C([H])([H])[H])C([H])([H])[H])nnc1C(C([H])([H])[H])(C([H])([H])[H])C([H])([H])[H]
XAMTIR,0,ok,0.0472,33,1,,[Ni+4]12(=N[N+]#N)N(N=C(N([H])c3c([H])c([H])c([H])c([H])c3[H])S1)C([H])=C1N2C([H])=C([H])C([H])=C1[H]
XANJOL,0,ok,0.0714,64,1,,[W+2]12(<-n3n([B-](n4n->1c(C([H])([H])[H])c([H])c4C([H])([H])[H])(n1n->2c(C([H])([H])[H])c([H])c1C([H])([H])[H])[H])c(C([H])([H])[H])c([H])c3C([H])([H])[H])(B(C(C([H])([H])[H])([H])[H])C([H])([H])C([H])([H])[H])(<-[C-]#[O+])<-[C-]#[O+]
XANRAF,0,ok,0.0613,61,1,,[Ni]123<-S=C(N=N->1C(c1nc([H])c([H])c([H])c1[H])=C(N->2=NC(=S->3)N(C([H])([H])C([H])([H])[H])C([H])([H])C([H])([H])[H])c1nc([H])c([H])c([H])c1[H])N(C([H])([H])C([H])([H])[H])C([H])([H])C([H])([H])[H]
XAPMUW,0,ok,0.0469,45,1,,[Rh+3](<-n1c([H])c([H])c([H])c([H])c1[H])(c1c(Cl)c(Cl)c(Cl)c(Cl)c1Cl)(c1c(Cl)c(Cl)c(Cl)c(Cl)c1Cl)c1c(Cl)c(Cl)c(Cl)c(Cl)c1Cl
XARFIG,0,ok,0.0427,37,1,,[Pt+4]1(Cl)(<-n2c([H])c([H])c([H])c([H])c2C(=O)c2c([H])c([H])c([H])c([H])n->12)(C([H])([H])[H])(C([H])([H])[H])OC([H])([H])[H]
XARRAK,0,ok,0.0268,37,1,,[Fe](<-C([Si](C([H])([H])[H])(C([H])([H])[H])C([H])([H])[H])#C[Si](C([H])([H])[H])(C([H])([H])[H])C([H])([H])[H])(<-[C-]#[O+])(<-[C-]#[O+])(<-[C-]#[O+])<-[C-]#[O+]
XARVES,0,ok,0.0785,78,1,,[Mo+6]12(<-n3n([B-](n4n->1c(C([H])(C([H])([H])[H])C([H])([H])[H])c([H])c4[H])(n1n->2c(C([H])(C([H])([H])[H])C([H])([H])[H])c([H])c1[H])[H])c([H])c([H])c3C([H])(C([H])([H])[H])C([H])([H])[H])(Oc1c([H])c([H])c(-c2c([H])c([H])c([H])c([H])c2[H])c([H])c1[H])(=O)=O
XATPUF,0,ok,0.0467,63,1,,[Pd+4](Cl)(Cl)(<-P(N([H])C(=C(C(=O)C([H])([H])[H])[H])C([H])([H])[H])(C([H])([H])C([H])([H])[H])C([H])([H])C([H])([H])[H])=P(N([H])C(=C(C(=O)C([H])([H])[H])[H])C([H])([H])[H])(C([H])([H])C([H])([H])[H])C([H])([H])C([H])([H])[H]
XATXUN,0,ok,0.1139,54,1,,[Fe+2]1(Sc2c([H])c([H])c([H])c([H])c2[H])(<-P(c2c(C1=O)c([H])c([H])c([H])c2[H])(c1c([H])c([H])c([H])c([H])c1[H])c1c([H])c([H])c([H])c([H])c1[H])(<-[C-]#[O+])(<-[C-]#[O+])<-[C-]#[O+]
XAWBIG,1,ok,0.0512,52,1,,[Pt+4]12(<-n3c(-c4c1c([H])c([H])c([H])c4[H])c([H])c([H])c([H])c3-c1n->2c([H])c([H])c([H])c1[H])=C(N(C([H])([H])[H])[H])N(C(C([H])([H])[H])(C([H])([H])[H])C([H])([H])[H])[H]
XAWPOB,0,ok,0.0668,48,1,,[Pt+2]1(Cl)(<-N(C(C([H])([H])[H])([H])C([H])([H])[H])=C([H])C(=N->1C([H])(C([H])([H])[H])C([H])([H])[H])[H])c1c(C([H])([H])[H])c([H])c(C([H])([H])[H])c([H])c1C([H])([H])[H]
XAXGIN,0,ok,0.0609,69,1,,[Zn+2]123(<-n4c(C(N->1(C(c1n->2c([H])c([H])c([H])c1[H])([H])[H])C(c1c([H])c(C(C([H])([H])[H])(C([H])([H])[H])C([H])([H])[H])c([H])c(C(C([H])([H])[H])(C([H])([H])[H])C([H])([H])[H])c1O3)([H])[H])([H])[H])c([H])c([H])c([H])c4[H])<-N#C[S-]
XAXZIH,1,ok,0.0671,72,1,,[Zn+2]123(<-O([H])C([H])([H])[H])(<-n4c([H])c(C([H])([H])N5C([H])([H])C([H])([H])C([H])([H])C([H])([H])C5([H])[H])c(O[H])c5c([H])c([H])c([H])c(C([H])=N->1c1c([H])c([H])c([H])c6c([H])c([H])c([H])n->2c16)c45)O[Cl+3]([O-])([O-])O3.O([H])C([H])([H])[H]
XEBCEN,0,ok,0.0579,82,1,,[Y+3]12(<-N3(C([H])([H])[H])C([H])([H])C([H])([H])N->1(C([H])([H])[H])C([H])([H])C([H])([H])N->2(C([H])([H])[H])C([H])([H])C3([H])[H])(C([Si](C([H])([H])[H])(C([H])([H])[H])C([H])([H])[H])([H])[H])(C([Si](C([H])([H])[H])(C([H])([H])[H])C([H])([H])[H])([H])[H])C([Si](C([H])([H])[H])(C([H])([H])[H])C([H])([H])[H])([H])[H]
XEBZAG,1,ok,0.1376,54,1,,[Ag+]123<-S4C([H])([H])C([H])([H])N5C([H])([H])C([H])([H])C->1#CC([H])([H])C([H])([H])N(C([H])([H])C([H])([H])[C+]=C2C([H])([H])C5([H])[H])C([H])([H])C([H])([H])S->3C([H])([H])C([H])([H])C4([H])[H]
XECSED,0,ok,0.1043,67,1,,[Ti+4]123(<-N(=C4C(=C([H])C([H])=C([H])C([H])=C4[H])N1C([H])([H])[H])C1([H])C([H])(N->2=C2C([H])=C([H])C([H])=C([H])C([H])=C2N3C([H])([H])[H])C([H])([H])C([H])([H])C([H])([H])C1([H])[H])(C(C([H])([H])[H])([H])[H])C(C([H])([H])[H])([H])[H]
XECWEJ,0,ok,0.1241,71,1,,[Ni+2]123<-N(=C(c4c([H])c([H])c([H])c([H])c4[H])c4c(c([H])c([H])c([H])c4[H])N1C(=O)C1([H])N->2(C([H])([H])c2c4c(c([H])c([H])c([H])c4[H])c([H])c4c2c([H])c([H])c([H])c4[H])C([H])([H])C([H])([H])C1([H])[H])C([H])([H])C(=O)O3
XEDJOG,0,ok,0.0815,60,1,,[Cu+]12(=P(OC([H])([H])[H])(OC([H])([H])[H])OC([H])([H])[H])<-n3n(C(=[N+]4N->1=C(C([H])([H])[H])C([H])=C4C([H])([H])[H])n1n->2c(C([H])([H])[H])c([H])c1C([H])([H])[H])c(C([H])([H])[H])c([H])c3C([H])([H])[H]
XEDYIO,0,ok,0.1188,36,1,,[Mo+4]12345678(OS(=O)(C(F)(F)F)=O)(C9(C([H])([H])[H])C->1([H])=C->2([H])C->3([H])=C->49[H])([H])C1(C([H])([H])[H])C->5([H])=C->6([H])C->7([H])=C->81[H]
XEFVUZ,0,ok,0.1032,85,1,,[Os+4](<-P(c1c([H])c([H])c([H])c([H])c1[H])(c1c([H])c([H])c([H])c([H])c1[H])c1c([H])c([H])c([H])c([H])c1[H])(<-P(c1c([H])c([H])c([H])c([H])c1[H])(c1c([H])c([H])c([H])c([H])c1[H])c1c([H])c([H])c([H])c([H])c1[H])(Cl)(<-[C-]#[O+])(=C=S)c1c(Cl)c([H])c([H])c([H])c1[H]
XEHDEU,1,ok,0.0464,59,1,,[Pt+2](<-S(C([H])([H])[H])C([H])([H])[H])(<-P(C1=C(N(C([H])([H])[H])C([H])([H])[H])C([H])([H])c2c1c([H])c([H])c([H])c2[H])(C([H])(C([H])([H])[H])C([H])([H])[H])C([H])(C([H])([H])[H])C([H])([H])[H])C([H])([H])[H]
XEHYOB,1,ok,0.0503,47,1,,[Zn+2]1234(<-N([H])([H])c5c([H])c([H])c([H])c([H])c5C([H])([H])N->1([H])C([H])([H])C([H])([H])N->2([H])C([H])([H])c1c([H])c([H])c([H])c([H])c1N->3([H])[H])O[N+](=O)O4
XEJZUJ,0,ok,0.0440,47,1,,[Zn+2](OC(=O)c1c([H])c([H])c(N([H])[H])c([H])c1[H])(OC(c1c([H])c([H])c(N([H])[H])c([H])c1[H])=O)(<-n1c([H])c([H])c([H])c([H])c1[H])<-O([H])[H]
XEKGOL,0,ok,0.0556,56,1,,[Zn+2]12(Cl)(Cl)<-n3c([H])c([H])c([H])c([H])c3C(N->1(C([H])([H])c1n->2c([H])c([H])c([H])c1[H])C([H])([H])C([H])([H])C(N([H])c1c2nc([H])c([H])c([H])c2c([H])c([H])c1[H])=O)([H])[H]
XEKZIX,0,ok,0.0513,53,1,,[Hg+2]123(Cl)(<-S(C(C(O->1C([H])([H])C(O->2C([H])([H])C(S->3C([H])([H])c1c([H])c([H])c([H])c([H])c1[H])([H])[H])([H])[H])([H])[H])([H])[H])C([H])([H])c1c([H])c([H])c([H])c([H])c1[H])Cl
XELQOU,0,ok,0.0711,71,1,,[Zn+2]12(Cl)OC(C([H])(n3n->1c(C(C([H])([H])[H])(C([H])([H])[H])C([H])([H])[H])c([H])c3C(C([H])([H])[H])(C([H])([H])[H])C([H])([H])[H])n1n->2c(C(C([H])([H])[H])(C([H])([H])[H])C([H])([H])[H])c([H])c1C(C([H])([H])[H])(C([H])([H])[H])C([H])([H])[H])=O
XEMXOD,0,ok,0.0536,57,1,,[Ta+5](=NC(C([H])([H])[H])(C([H])([H])[H])C([H])([H])[H])(C(c1c([H])c([H])c([H])c([H])c1[H])([H])[H])(C(c1c([H])c([H])c([H])c([H])c1[H])([H])[H])C(c1c([H])c([H])c([H])c([H])c1[H])([H])[H]
XENMEI,0,ok,0.0948,81,1,,[Fe+2]12(<-N(C([H])([H])C([H])([H])C(N->1=C(N(C([H])([H])[H])C([H])([H])[H])N(C([H])([H])[H])C([H])([H])[H])([H])[H])=C(N(C([H])([H])[H])C([H])([H])[H])N(C([H])([H])[H])C([H])([H])[H])Sc1c([H])c([H])c([H])c([H])c1[Si](C([H])([H])[H])(C([H])([H])[H])c1c(c([H])c([H])c([H])c1[H])S2
XEPVAP,0,ok,0.0298,32,1,,[Mo+6](Cl)(Cl)(<-O=C(C([H])([H])[H])C(C(=O)N(c1c([H])c([H])c([H])c([H])c1C([H])([H])[H])[H])([H])[H])(=O)=O
XEQROC,0,ok,0.3744,82,1,,O1[Zr+4]23456(Cl)(<-C7([H])=C->2([H])C->3([H])=C->4([H])C57[H])(<-O=P(c2c(O6)c(F)c([H])c([H])c2[H])(c2c([H])c([H])c([H])c([H])c2[H])c2c([H])c([H])c([H])c([H])c2[H])<-O=P(c2c([H])c([H])c([H])c([H])c2[H])(c2c([H])c([H])c([H])c([H])c2[H])c2c1c(F)c([H])c([H])c2[H]
XEQWEX,0,ok,0.0640,82,1,,[Pt+2]12(<-P(C(N3B1N(C(P->2(C(C([H])([H])[H])(C([H])([H])[H])C([H])([H])[H])C(C([H])([H])[H])(C([H])([H])[H])C([H])([H])[H])([H])[H])c1c3c([H])c([H])c([H])c1[H])([H])[H])(C(C([H])([H])[H])(C([H])([H])[H])C([H])([H])[H])C(C([H])([H])[H])(C([H])([H])[H])C([H])([H])[H])OS(=O)(=O)C(F)(F)F
XERPAO,0,ok,0.0600,76,1,,[Rh+3]123([H])(<-P(C(c4n->1c(C(P->2(C(C([H])([H])[H])([H])C([H])([H])[H])C(C([H])([H])[H])([H])C([H])([H])[H])([H])[H])c([H])c([H])c4[H])([H])[H])(C(C([H])([H])[H])([H])C([H])([H])[H])C(C([H])([H])[H])([H])C([H])([H])[H])OS(=O)(=O)c1c3c([H])c(C([H])([H])[H])c([H])c1[H]
XESVEX,1,ok,0.0472,49,1,,[Ni+2]12(OOC(=O)C([H])([H])[H])<-N(C(c3n->1c([H])c([H])c([H])c3[H])([H])[H])(C(c1nc([H])c([H])c([H])c1[H])([H])[H])C(c1n->2c([H])c([H])c([H])c1[H])([H])[H]
XETPOB,0,ok,0.0333,35,1,,[Pd+2]12(<-n3c([H])c([H])c([H])c([H])c3C(=N->1C(C(C(C([H])([H])[H])([H])[H])([H])[H])([H])[H])[H])Sc1sc(=S)sc1S2
XEVGAJ,0,ok,0.0865,81,1,,[Pd+2]1(P(=O)(OC2([H])C([H])(C([H])(C([H])([H])[H])C([H])([H])[H])C([H])([H])C([H])([H])C([H])(C([H])([H])[H])C2([H])[H])c2c([H])c([H])c([H])c([H])c2[H])(<-n2c([H])c([H])c([H])c([H])c2-c2n->1c([H])c([H])c([H])c2[H])c1c(C([H])([H])[H])c([H])c([H])c([H])c1C([H])([H])[H]
XEWPAR,-1,ok,0.0634,67,1,,[Fe]12(<-S=C(C(=S->1)c1c([H])c([H])c(C([H])([H])[H])c([H])c1[H])c1c([H])c([H])c(C([H])([H])[H])c([H])c1[H])(<-N#[O+])SC(c1c([H])c([H])c(C([H])([H])[H])c([H])c1[H])=C(c1c([H])c([H])c(C([H])([H])[H])c([H])c1[H])S2
XEXKUG,0,ok,0.0297,39,1,,[Ti+4]12(OC([H])([H])C([H])([H])N(C([H])([H])[H])C([H])([H])C([H])([H])O1)OC([H])([H])C([H])([H])N(C([H])([H])[H])C([H])([H])C([H])([H])O2
XEYLIX,0,ok,0.0772,43,1,,Br[Ni+2]12345<-C6(C([H])([H])C([H])([H])C(N7C->1N(C([H])(C([H])([H])[H])C([H])([H])[H])C([H])=C7[H])([H])[H])=C->21C3(C->4([H])=C->56[H])C([H])=C([H])C([H])=C1[H]
XEZPEA,0,ok,0.0777,67,1,,[Os+2]1(<-P(C([H])(C([H])([H])[H])C([H])([H])[H])(C([H])(C([H])([H])[H])C([H])([H])[H])C([H])(C([H])([H])[H])C([H])([H])[H])(Cl)(<-C2N(C([H])([H])[H])C([H])=C([H])N2C([H])([H])C(=O)C1=C([H])c1c([H])c([H])c([H])c([H])c1[H])(<-[C-]#[O+])<-[C-]#[O+]
XIBNIG,0,ok,0.1330,81,1,,[Zn+2]1234(<-O=C->1(O2)c1c([H])c([H])c([H])c([H])c1Cl)(<-O=c1n(-c2c([H])c([H])c([H])c([H])c2[H])n(C([H])([H])[H])c(C([H])([H])[H])c1[H])(OC->3(=O->4)c1c([H])c([H])c([H])c([H])c1Cl)<-O=c1n(-c2c([H])c([H])c([H])c([H])c2[H])n(C([H])([H])[H])c(C([H])([H])[H])c1[H]
XIDGEZ,0,ok,0.0960,84,1,,C123[Ir+3]45(Cl)([H])<-O(c6c1c(c(OC([H])([H])[H])c([H])c6[H])C([H])(c1c2c(P->4(C([H])(C([H])([H])[H])C([H])([H])[H])C([H])(C([H])([H])[H])C([H])([H])[H])c([H])c([H])c1[H])c1c([H])c([H])c([H])c(P->5(C([H])(C([H])([H])[H])C([H])([H])[H])C([H])(C([H])([H])[H])C([H])([H])[H])c13)C([H])([H])[H]
XIDXEO,0,ok,0.0306,35,1,,[Cr](<-[C-]#[O+])(<-[C-]#[O+])(<-[C-]#[O+])(<-[C-]#[O+])(<-[C-]#[O+])C1=C(C([H])=C([H])C([H])=[N+](C([H])([H])[H])C([H])([H])[H])C([H])([H])C([H])([H])O1
XIFNIJ,1,ok,0.0402,49,1,,[Cu+]123(<-N(C([H])([H])c4n->1c([H])c([H])c([H])c4[H])(C([H])([H])c1n->2c([H])c([H])c([H])c1[H])C([H])([H])C([H])([H])N->3(C([H])([H])[H])C([H])([H])[H])<-N#CC([H])([H])[H]
XIGFEB,1,ok,0.1184,71,1,,[Rh+3]12345(<-[Se](c6c([H])c([H])c([H])c([H])c6[H])C(C([H])([H])N->1=C(c1c6c(c([H])c([H])c([H])c6[H])c([H])c6c([H])c([H])c([H])c([H])c16)[H])([H])[H])(Cl)<-C1(C([H])([H])[H])=C->2(C([H])([H])[H])C3(C([H])([H])[H])C->4(C([H])([H])[H])=C->51C([H])([H])[H]
XIHCUO,0,ok,0.0724,59,1,,[Cd+2]123(<-n4c(-c5nc([H])c([H])c([H])c5[H])c([H])c(-c5c([H])c([H])c(-c6c([H])nc([H])nc6[H])c([H])c5[H])c([H])c4-c4n->1c([H])c([H])c([H])c4[H])(<-O([H])[H])(O[N+](=O)O2)O[N+](=O)O3
XIKLUY,0,ok,0.0203,21,1,,[Au+3](Cl)=C(N(C([H])([H])[H])C([H])([H])[H])N(C([H])([H])[H])C([H])([H])[H]
XILDIG,0,ok,0.3483,61,1,,[Zr+4]1234567(Cl)(Cl)(N(C->1(C([H])([H])[H])=C->2([H])C(=N->3c1c(C([H])([H])[H])c([H])c([H])c([H])c1C([H])([H])[H])C([H])([H])[H])c1c(C([H])([H])[H])c([H])c([H])c([H])c1C([H])([H])[H])C1([H])C->4([H])=C->5([H])C->6([H])=C->71[H]
XILPOZ,0,ok,0.0566,57,1,,[Au+](Cl)C(N([H])c1c([H])c([H])c([H])c([H])c1[H])=C([As+](c1c([H])c([H])c([H])c([H])c1[H])(c1c([H])c([H])c([H])c([H])c1[H])c1c([H])c([H])c([H])c([H])c1[H])C(=O)C([H])([H])[H]
XINNEO,1,ok,0.0462,46,1,,[La+3]12(<-O([H])[H])(<-n3c([H])c([H])c([H])c([H])c3-c3n1nnn3)(<-O([H])[H])(<-O([H])[H])(<-O([H])[H])(<-n1c([H])c([H])c([H])c([H])c1-c1n2nnn1)<-O([H])[H]
XIPKUE,0,ok,0.0349,33,1,,[Se](->[Fe+2](I)(<-[C-]#[O+])(I)(<-[C-]#[O+])<-[C-]#[O+])([Se]c1c([H])c([H])c([H])c([H])c1[H])c1c([H])c([H])c([H])c([H])c1[H]
XIQJOY,0,ok,0.0539,45,1,,[Pt+2]12(<-P34C([H])([H])N5C([H])([H])N(C3([H])[H])C([H])([H])N(C4([H])[H])C5([H])[H])<-N(=C(C([H])([H])[H])c3c1c([H])c(Cl)c(Cl)c3[H])N=C(N([H])[H])S2
XIQWOM,0,ok,0.0637,56,1,,[Mn+](<-[C-]#[O+])(<-[C-]#[O+])(<-[C-]#[O+])(<-[C-]#[O+])P1N(c2c(C([H])([H])[H])c([H])c(C([H])([H])[H])c([H])c2C([H])([H])[H])C([H])=C([H])N1c1c(C([H])([H])[H])c([H])c(C([H])([H])[H])c([H])c1C([H])([H])[H]
XIRHAJ,0,ok,0.0436,35,1,,[W+2](<-[C-]#[O+])(<-[C-]#[O+])(<-[C-]#[O+])(<-[C-]#[O+])(<-[C-]#[O+])=C(OC([H])([H])C([H])([H])[H])c1sc2c(n(C([H])([H])[H])c([H])c2[H])c1[H]
XIRYOM,0,ok,0.0939,71,1,,[C-](#[O+])->[W+2](<-[C-]#[O+])(<-[C-]#[O+])(<-[C-]#[O+])(<-[C-]#[O+])=C(OC(C([H])([H])[H])([H])[H])C(C(c1c([H])c([H])c([H])c([H])c1[H])=C(C([H])([H])[H])C([H])([H])[H])=C(C(=C1N(C([H])([H])[H])c2c([H])c([H])c([H])c([H])c2C1(C([H])([H])[H])C([H])([H])[H])[H])[H]
XISJIS,1,ok,0.0272,35,1,,[Co+3]123(<-N(=O)[O-])(<-N([O-])=O)<-N(C(C(N->1(C(C(N->2(C(C(N->3([H])[H])([H])[H])([H])[H])[H])([H])[H])([H])[H])[H])([H])[H])([H])[H])([H])[H]
XITPOG,0,ok,0.2626,66,1,,[Zr+4]123456789(Cl)(Cl)<-C%10(=C->1%11C2(C->3(C([H])([H])C([H])([H])C1([H])OC([H])([H])C([H])([H])C([H])([H])O1)=C->4%10[H])C([H])=C([H])C([H])=C%11[H])[Si](C([H])([H])[H])(C([H])([H])[H])C->51=C->6(C([H])([H])[H])C7(C([H])([H])[H])C->8(C([H])([H])[H])=C->91C([H])([H])[H]
XIVSUR,1,ok,0.0812,72,1,,[Os+2]123456(Cl)(<-N7=C(N([H])N->1=C([H])c1c([H])c([H])c([H])c([H])c1O[H])C([H])([H])c1c(n([H])c8c([H])c([H])c(Br)c([H])c81)-c1c([H])c([H])c([H])c([H])c17)<-c1(C([H])([H])[H])c->2([H])c->3([H])c->4(C([H])(C([H])([H])[H])C([H])([H])[H])c->5([H])c->61[H]
XIWHAP,0,ok,0.1791,52,1,,[Ir+3]123(I)(<-C4N(C([H])([H])[H])N=C([H])N4c4nn(C([H])([H])[H])c(C([H])([H])[H])c4C1=O)C1(C([H])([H])[H])C->2(C([H])([H])[H])=C->3(C([H])([H])[H])C(C([H])([H])[H])=C1C([H])([H])[H]
XIWVAB,0,ok,0.2535,60,1,,[Ru+2]1234(Cl)(<-[C-]#[O+])(<-[C-]#[O+])<-C5(c6c([H])c([H])c([H])c([H])c6[H])=C->16C2(C->31=C->45C2([H])C(C([H])([H])[H])(C([H])([H])[H])C([H])(C1([H])[H])C2([H])[H])C([H])([H])C1([H])C(C([H])([H])[H])(C([H])([H])[H])C6([H])C1([H])[H]
XIWZIM,1,ok,0.0250,16,1,,[Mn+]1234(<-[se]5c->1([H])c->2([H])c->3([H])c->45[H])(<-[C-]#[O+])(<-[C-]#[O+])<-[C-]#[O+]
XIXNIE,0,ok,0.3714,77,1,,C([H])([H])([H])C1=C2c3c([H])c([H])c([H])c([H])c3C1=C([H])c1n3c(c(C([H])([H])C([H])([H])[H])c1C([H])([H])[H])C([H])=C1N4->[Pd+2]3n3c(c(C([H])([H])C([H])([H])[H])c(C([H])([H])[H])c3=C2[H])=C([H])C=4C(C([H])([H])C([H])([H])[H])=C1C([H])([H])C([H])([H])[H]
XIXVIL,0,ok,0.0558,38,1,,[Pt+2]12(<-O=C(C([H])([H])[H])C(=C(O1)C([H])([H])[H])[H])c1c(N3C->2N(C([H])([H])[H])C([H])=N3)c([H])c([H])c(C([H])([H])[H])c1[H]
XIYCAK,0,ok,0.0670,61,1,,Cl[Hg+2]12(Cl)<-O(C(C(N->1(C([H])([H])C(O->2c1c([H])c([H])c(C#N)c([H])c1[H])([H])[H])C([H])([H])C(Oc1c([H])c([H])c(C#N)c([H])c1[H])([H])[H])([H])[H])([H])[H])c1c([H])c([H])c(C#N)c([H])c1[H]
XIYJAR,1,ok,0.1289,72,1,,[Zn+2]1234(OC->1(=O->2)c1c([H])c([H])c([H])c([H])c1-c1c([H])c([H])c([H])c([H])c1C(=O)O[H])(<-n1c2c5n->3c([H])c([H])c([H])c5c([H])c([H])c2c([H])c([H])c1[H])<-n1c2c3n->4c([H])c([H])c([H])c3c([H])c([H])c2c([H])c([H])c1[H]
XIYREC,0,ok,0.0539,39,1,,[Zn+2]12345(OC->1(=O->2)C([H])([H])[H])(<-N(C([H])([H])[H])(C([H])([H])[H])C([H])([H])C(N->3(C([H])([H])[H])C([H])([H])[H])([H])[H])OC->4(=O->5)C([H])([H])[H]
XIZWUB,1,ok,0.1199,59,1,,[Pt+2]12(<-n3c4c5n1c([H])c([H])c([H])c5c1nc(-c5c([H])c(OC([H])([H])[H])c([H])c([H])c5OC([H])([H])[H])nc1c4c([H])c([H])c3[H])<-N([H])([H])c1c([H])c([H])c([H])c([H])c1N->2([H])[H]
XOCBEZ,0,ok,0.0517,45,1,,[Ni+2]123<-N(=C([H])c4c(c([H])c([H])c([H])c4[H])O1)c1c(c([H])c([H])c([H])c1[H])N->2=Nc1c(c([H])c([H])c([H])c1[H])N3C([H])([H])C([H])([H])[H]
XODMIN,0,ok,0.0437,42,1,,[Re+7](=O)(=O)(=O)C([H])([H])[H].O=C1C(OC([H])([H])[H])=C([H])C([H])=C([H])C1=C(N(c1c([H])c(OC([H])([H])[H])c([H])c([H])c1[H])[H])[H]
XOFHIK,1,ok,0.3056,59,1,,[Rh+3]12345(Cl)(<-n6c7c8n->1c([H])c([H])c([H])c8c1c(c7c([H])c([H])c6[H])nc6c([H])c([H])c([H])c([H])c6n1)<-C1(C([H])([H])[H])=C->2(C([H])([H])[H])C3(C([H])([H])[H])C->4(C([H])([H])[H])=C->51C([H])([H])[H]
XOJHIN,0,ok,0.0557,65,1,,[Rh+3]123(Cl)(=C(N(C(C([H])([H])[H])(C([H])([H])[H])[H])C(C([H])([H])[H])(C([H])([H])[H])[H])N(C(C([H])([H])[H])(C([H])([H])[H])[H])C(C([H])([H])[H])(C([H])([H])[H])[H])<-C4([H])=C->1([H])C([H])([H])C([H])([H])C->2([H])=C->3([H])C([H])([H])C4([H])[H]
XOLCIK,0,ok,0.0645,67,1,,[Ti+4]1234(Cl)(Cl)(<-N(=C->1(N2C(C([H])([H])[H])(C([H])([H])[H])[H])N(C([H])([H])[H])C([H])([H])[H])C(C([H])([H])[H])(C([H])([H])[H])[H])<-N(=C->3(N4C(C([H])([H])[H])(C([H])([H])[H])[H])N(C([H])([H])[H])C([H])([H])[H])C(C([H])([H])[H])(C([H])([H])[H])[H]
XOMXUT,0,ok,0.2588,45,1,,[W+4]123456789([H])(<-C%10(=C->1([H])C->2(C([H])([H])[H])=C->3(C([H])([H])[H])C4%10[H])[Si](C([H])([H])[H])(C([H])([H])[H])C5([H])[H])<-C1([H])=C->6([H])C7(C([H])([H])[H])C->8(C([H])([H])[H])=C->91[H]
XOPMAT,1,ok,0.0756,65,1,,[Ni+2]123(N([H])C(=NC(=O->1)C([H])([H])[H])c1c([H])c([H])c([H])c([H])c1[H])<-n1c([H])c([H])c([H])c([H])c1C(N->2(C(C([H])([H])[H])(C([H])([H])[H])C([H])([H])[H])C([H])([H])c1n->3c([H])c([H])c([H])c1[H])([H])[H].O([H])[H]
XOQQOL,0,ok,0.0750,57,1,,[Fe+2]1(<-n2c([H])n(C([H])([H])[H])c([H])c2[H])(<-[C-]#[O+])(<-n2c([H])n(C([H])([H])[H])c([H])c2[H])(<-[C-]#[O+])[Si](C([H])([H])[H])(C([H])([H])[H])c2c([H])c([H])c([H])c([H])c2[Si]1(C([H])([H])[H])C([H])([H])[H]
XOQWOQ,0,ok,0.3166,82,1,,[Ru+4]12345(<-P(C6=C(N(C=1[H])C([H])([H])[H])C([H])([H])c1c6c([H])c([H])c([H])c1[H])(C([H])(C([H])([H])[H])C([H])([H])[H])C([H])(C([H])([H])[H])C([H])([H])[H])(<-C1(C([H])([H])[H])=C->2(C([H])([H])[H])C3(C([H])([H])[H])C->4(C([H])([H])[H])=C->51C([H])([H])[H])B1Oc2c(c([H])c([H])c([H])c2[H])O1
XORKEU,0,ok,0.2256,40,1,,[Re+3]1234(=C(C#CC5([H])C([H])([H])C5([H])[H])c5c([H])c([H])c(C([H])([H])[H])c([H])c5[H])(<-C5([H])=C->1([H])C2([H])C->3([H])=C->45[H])(<-[C-]#[O+])<-[C-]#[O+]
XOSPUR,0,ok,0.0437,43,1,,[Cu+]1(<-O([H])[H])(OC(=O)c2c([H])c([N+](=O)[O-])c([H])c([H])c2[H])<-n2c([H])c([H])c([H])c([H])c2-c2n->1c([H])c([H])c([H])c2[H].O([H])[H]
XOTLOI,1,ok,0.4174,73,1,,[Co+3]123456789<-c%10%11c->1(c(C([H])([H])[H])c(C([H])([H])[H])c(C([H])([H])[H])c%10C([H])([H])[H])C->2(C([H])([H])[H])=C->3(C([H])([H])[H])C4%11C([H])([H])C([H])([H])C51c->62c->7(c(C([H])([H])[H])c(C([H])([H])[H])c(C([H])([H])[H])c2C([H])([H])[H])C->8(C([H])([H])[H])=C->91C([H])([H])[H]
XOTTUV,0,ok,0.1002,77,1,,[Ni+2]12(<-n3c([H])c([H])c([H])c4c([H])c([H])c([H])c(N(S(=O)(=O)c5c([H])c([H])c6c([H])c([H])c([H])c([H])c6c5[H])O1)c34)<-N(S(=O)(=O)c1c([H])c3c([H])c([H])c([H])c([H])c3c([H])c1[H])(O2)c1c([H])c([H])c([H])c2c([H])c([H])c([H])nc21
XOVTAE,1,ok,0.0425,59,1,,[Os+4]12([H])([H])([H])(<-P(C([H])(C([H])([H])[H])C([H])([H])[H])(C([H])(C([H])([H])[H])C([H])([H])[H])C([H])(C([H])([H])[H])C([H])([H])[H])<-N3([H])C([H])([H])C([H])([H])N->1([H])C([H])([H])C([H])([H])N->2([H])C([H])([H])C3([H])[H]
XOWNEC,0,ok,0.0433,39,1,,[Mo+4]1(=O)(C#N)(C#N)<-N2(C([H])([H])[H])C([H])([H])C([H])([H])N->1(C([H])([H])[H])C([H])([H])C([H])([H])N(C([H])([H])[H])C([H])([H])C2([H])[H]
XOYBUI,0,ok,0.0439,57,1,,[Mo+2]1234(SC->1(=C->2(C->3(=C->4([H])[H])[H])[H])[H])(<-P(C([H])([H])[H])(C([H])([H])[H])C([H])([H])[H])(<-P(C([H])([H])[H])(C([H])([H])[H])C([H])([H])[H])(<-P(C([H])([H])[H])(C([H])([H])[H])C([H])([H])[H])OC(=O)C(F)(F)F
XOYTOU,0,ok,0.0358,48,1,,[Hg+2]1(Cl)<-n2c([Si](C1([Si](C([H])([H])[H])(C([H])([H])[H])C([H])([H])[H])[Si](C([H])([H])[H])(C([H])([H])[H])C([H])([H])[H])(C([H])([H])[H])C([H])([H])[H])c([H])c([H])c([H])c2[H]
XOZMII,1,ok,0.0573,66,1,,c1([H])c([H])c([H])c([H])c2C([H])([H])N3(C(C([H])([H])[H])([H])C(C([H])([H])[H])=N(O[H])->[Co+3]<-34(C([H])(C([H])([H])[H])C([H])([H])[H])(<-n12)<-N(C(=C(C([H])([H])[H])N4C(c1c([H])c([H])c([H])c([H])n1)([H])[H])C([H])([H])[H])=O)[H]
XUBXEZ,0,ok,0.0249,26,1,,[Re+7](SC(C(N([H])C(c1nc([H])c([H])c([H])c1[H])([H])[H])([H])[H])([H])[H])(=O)(=O)=O
XUCMUE,0,ok,0.0493,49,1,,[Au+](c1c(F)c(F)c(F)c(F)c1F)C([P+](c1c([H])c([H])c([H])c([H])c1[H])(c1c([H])c([H])c([H])c([H])c1[H])c1c([H])c([H])c([H])c([H])c1[H])([H])[H]
XUDGIM,0,ok,0.0817,52,1,,[Rh+]1234(Oc5n(-c6c([H])c([H])c([H])c([H])c6[H])nc(C([H])([H])[H])c5C(=O->1)c1sc([H])c([H])c1[H])<-C1([H])=C->2([H])C([H])([H])C([H])([H])C->3([H])=C->4([H])C([H])([H])C1([H])[H]
XUFGIQ,0,ok,0.2124,72,1,,[Sc+3]123456(<-O7C([H])([H])C([H])([H])C([H])([H])C7([H])[H])(<-N7([Si](C([H])([H])[H])(C([H])([H])[H])C18C->2(C([H])([H])[H])=C->3(C([H])([H])[H])C->4(C([H])([H])[H])=C->58C([H])([H])[H])C6([H])C([H])([H])C([H])([H])C7([H])[H])C([Si](C([H])([H])[H])(C([H])([H])[H])C([H])([H])[H])([H])[H]
XUGTUO,0,ok,0.3436,73,1,,[Cr+4]123456789([H])(<-C%10([H])=C->1(C->2([H])=C->3([H])C4%10[B-](c1c(F)c(F)c(F)c(F)c1F)(c1c(F)c(F)c(F)c(F)c1F)c1c(F)c(F)c(F)c(F)c1F)C(C([H])([H])[H])(C([H])([H])[H])C(C([H])([H])[H])(C([H])([H])[H])C->51=C->6([H])C7([H])C->8([H])=C->91[H])<-[C-]#[O+]
XUHTOJ,1,ok,0.0473,59,1,,Brc1c([H])c(C([H])([H])N(C([H])([H])C([H])([H])[N+](C([H])([H])C([H])([H])[H])(C([H])([H])C([H])([H])[H])[H])C([H])([H])C([H])([H])[H])c2O(->[Zn+2]34(OC(=O)C([H])([H])[N+](=C(c2c1[H])[H])O3)O[N+](=O)O4)[H]
XUJKES,0,ok,0.2095,50,1,,[Cr+2]12345(<-O=C1C(N(C([H])([H])C([H])([H])[H])C([H])([H])C([H])([H])[H])=C(N(C([H])([H])C([H])([H])[H])C([H])([H])C([H])([H])[H])[H])(<-[C-]#[O+])(<-[C-]#[O+])C1([H])C->2([H])=C->3([H])C->4([H])=C->51[H]
XULGAO,1,ok,0.2059,51,1,,N1(C2(c3n(->[Mo+2]<-145(<-n1c2c([H])c([H])c([H])c1[H])(<-C([H])([H])=C->4(C5([H])[H])C([H])([H])[H])(<-[C-]#[O+])<-[C-]#[O+])c([H])c([H])n3C([H])([H])[H])[H])(C([H])(C([H])([H])[H])C([H])([H])[H])[H]
XULVOR,0,ok,0.0692,71,1,,[Os+2]123456(<-c7([H])c->1([H])c->2(C([H])(C([H])([H])[H])C([H])([H])[H])c->3([H])c->4([H])c->57C([H])([H])[H])N(S(=O)(=O)c1c([H])c([H])c(C([H])([H])[H])c([H])c1[H])C([H])(c1c([H])c([H])c([H])c([H])c1[H])C([H])(c1c([H])c([H])c([H])c([H])c1[H])N6[H]
XUNMUP,0,ok,0.0655,72,1,,[Os+2]123(<-P(C([H])(C([H])([H])[H])C([H])([H])[H])(C([H])(C([H])([H])[H])C([H])([H])[H])C([H])(C([H])([H])[H])C([H])([H])[H])(<-n4c(C(=C1[H])[H])c([H])c([H])c([H])c4[H])<-n1n([B-](n4n->2c([H])c([H])c4[H])(n2n->3c([H])c([H])c2[H])[H])c([H])c([H])c1[H]
XUPJOH,-1,ok,0.0671,51,1,,[Ni+2]12(<-S(c3c(c([Si](C([H])([H])[H])(C([H])([H])[H])C([H])([H])[H])c([H])c([H])c3[H])S1)c1c(c([Si](C([H])([H])[H])(C([H])([H])[H])C([H])([H])[H])c([H])c([H])c1[H])S2)=N[N+]#N
XURDET,0,ok,0.1762,84,1,,[Pd+2](n1c(=O)c(C(=O)O[H])c([H])c([H])c1[H])(Cl)(<-P(c1c([H])c([H])c([H])c([H])c1[H])(c1c([H])c([H])c([H])c([H])c1[H])c1c([H])c([H])c([H])c([H])c1[H])<-P(c1c([H])c([H])c([H])c([H])c1[H])(c1c([H])c([H])c([H])c([H])c1[H])c1c([H])c([H])c([H])c([H])c1[H]
XUSCEU,1,ok,0.0618,77,1,,[Co+](<-P(C([H])([H])[H])(C([H])([H])[H])C([H])([H])[H])(<-P(C([H])([H])[H])(C([H])([H])[H])C([H])([H])[H])(<-P(C([H])([H])[H])(C([H])([H])[H])C([H])([H])[H])<-C(SC(C([Si](C([H])([H])[H])(C([H])([H])[H])C([H])([H])[H])([H])[H])([H])[H])#CSC(c1c([H])c([H])c([H])c([H])c1[H])([H])[H]
XUSYIT,0,ok,0.1309,52,1,,[Ta+5]12345(Cl)(Cl)(Cl)(OC(=C(P->1(c1c([H])c([H])c([H])c([H])c1[H])c1c([H])c([H])c([H])c([H])c1[H])[H])c1c([H])c([H])c([H])c([H])c1[H])<-C1([H])=C->2([H])C3([H])C->4([H])=C->51[H]
XUVQIO,0,ok,0.1983,32,1,,[Pd+2]123<-N(=C([H])c4n1c([H])c([H])c4[H])C([H])([H])C([H])([H])C([H])([H])N->2=C([H])c1n3c([H])c([H])c1[H]
XUXJEF,0,ok,0.1501,80,1,,[Cr]1(p2c(P(c3c([H])c([H])c([H])c([H])c3[H])(c3c([H])c([H])c([H])c([H])c3[H])=S->1)c1c(c2[P+](c2c([H])c([H])c([H])c([H])c2[H])(c2c([H])c([H])c([H])c([H])c2[H])c2c([H])c([H])c([H])c([H])c2[H])c([H])c([H])c([H])c1[H])(<-[C-]#[O+])(<-[C-]#[O+])(<-[C-]#[O+])<-[C-]#[O+]
XUYKUX,0,ok,0.0265,31,1,,[Ni]12(<-S=C3SC([H])([H])C(F)(F)C([H])([H])SC3=S->1)<-S=C1SC([H])([H])C(F)(F)C([H])([H])SC1=S->2
XUZHAD,0,ok,0.2018,81,1,,Cl[Ru+4]12(<-[C-]#[O+])N3C([H])=C([H])C(OC([H])([H])[H])=C([H])C3=Nc3n1c(c1c3c([H])c([H])c([H])c1[H])N=C1N2C([H])=C([H])C(OC([H])([H])[H])=C1[H].P(c1c([H])c([H])c([H])c([H])c1[H])(c1c([H])c([H])c([H])c([H])c1[H])c1c([H])c([H])c([H])c([H])c1[H]
XUZZIB,0,ok,0.0279,26,1,,[W](<-[C-]#[N+]c1c(N=[N+]=[N-])c([H])c([H])c([H])c1[H])(<-[C-]#[O+])(<-[C-]#[O+])(<-[C-]#[O+])(<-[C-]#[O+])<-[C-]#[O+]
YACGIT,0,ok,0.0349,41,1,,[Cd+2]12(Br)(Br)<-S=C(N(N->1=C(N([H])[H])c1n->2c([H])c([H])c([H])c1[H])[H])N1C([H])([H])C([H])([H])C([H])([H])C([H])([H])C([H])([H])C1([H])[H]
YADJUI,0,ok,0.0793,53,1,,[Ni+2]123(<-S(c4c([H])c([H])c([H])c([H])c4S1)C([H])([H])C([H])([H])S->2c1c([H])c([H])c([H])c([H])c1S3)<-n1c([H])c([H])c([H])c([H])c1[H].c1([H])c([H])c([H])c([H])c([H])n1
YADZAE,0,ok,0.0494,45,1,,[W]1(<-[C-]#[O+])(<-N#[O+])(<-O=C(c2c([H])c([H])c([H])c([H])c2O1)[H])(<-P(C([H])([H])[H])(C([H])([H])[H])C([H])([H])[H])<-P(C([H])([H])[H])(C([H])([H])[H])C([H])([H])[H]
YAFSAC,0,ok,0.1675,53,1,,c1([H])c([H])c([H])c(C2=c3c([H])c([H])c4n3[Ni+4]35n6c(c([H])c([H])c6=4)=C(c4c([H])c([H])c([H])c([H])c4[H])c4c([H])c([H])c(n43)-c3c([H])c([H])c2n35)c([H])c1[H]
YAGKAS,0,ok,0.2488,82,1,,[Ru+4]1234(<-P(C(C([H])([H])[H])(C([H])([H])[H])[H])(C(C([H])([H])[H])(C([H])([H])[H])[H])C(C([H])([H])[H])(C([H])([H])[H])[H])([Si](Cl)(c5c(C([H])([H])[H])c([H])c(C([H])([H])[H])c([H])c5C([H])([H])[H])[H])(<-C5(C([H])([H])[H])=C->1(C([H])([H])[H])C->2(C([H])([H])[H])=C->3(C([H])([H])[H])C45C([H])([H])[H])([H])[H]
YAJRAF,0,ok,0.0809,35,1,,[Mo+6]1234567(<-C8(C([H])([H])[H])=C->1(C([H])([H])[H])C2(C([H])([H])[H])C->3(C([H])([H])[H])=C->48C([H])([H])[H])(SC5([H])S6)SC([H])([H])S7
YAJWEN,0,ok,0.0392,40,1,,[Ni+2]123(<-n4c([H])c([H])c([H])c([H])c4C(O[H])(O[H])c4n->1c([H])c([H])c([H])c4[H])<-N([H])(C([H])([H])C(=O)O2)C([H])([H])C(=O)O3
YAKGOI,0,ok,0.2553,56,1,,[Ir+3]12345(I)(N([H])c6c(N7C->1N(C([H])(C([H])([H])[H])C([H])([H])[H])C([H])=C7[H])c([H])c([H])c([H])c6[H])<-C1(C([H])([H])[H])=C->2(C([H])([H])[H])C3(C([H])([H])[H])C->4(C([H])([H])[H])=C->51C([H])([H])[H]
YALKUR,0,ok,0.0307,41,1,,[Zn+2]1234<-S(C([H])([H])C([H])([H])N->15C([H])([H])C([H])([H])C([H])([H])N->2(C([H])([H])C([H])([H])S3)C([H])([H])C([H])([H])C5([H])[H])C([H])([H])C(=O)O4
YAMGEY,0,ok,0.0560,57,1,,[Rh+]12(<-O=C(C(C(=O)C([H])([H])[H])(C3(F)C1(F)C(F)(F)C(F)(F)C(F)=C(F)C(F)(F)C3(F)F)[H])C([H])([H])[H])(<-C1(F)=C->2(F)C(F)(F)C(F)(F)C(F)=C(F)C(F)(F)C1(F)F)<-[C-]#[O+]
YAMXAO,0,ok,0.0441,44,1,,[Zn+2]123(<-n4c([H])c([H])c([H])c([H])c4N(c4n->1c([H])c([H])c([H])c4[H])C([H])([H])c1c([H])c([H])c([H])c([H])c1[H])(O[N+](=O)O2)O[N+](=O)O3
YAPKAC,1,ok,0.0508,55,1,,[Co+3]1234(SC(=NN->1=C(N([H])[H])c1n->2c([H])c([H])c([H])c1[H])N([H])C([H])([H])C([H])([H])[H])SC(=NN->3=C(N([H])[H])c1n->4c([H])c([H])c([H])c1[H])N([H])C([H])([H])C([H])([H])[H]
YAPZAS,0,ok,0.0410,47,1,,C1(C#N)=C(N2C([H])([H])C([H])([H])C([H])([H])C([H])([H])C2([H])[H])O[Pd+2]2(<-N1=O)<-N(C(C#N)=C(N1C([H])([H])C([H])([H])C([H])([H])C([H])([H])C1([H])[H])O2)=O
YAQHII,0,ok,0.0405,51,1,,[Pt+2]12(O[H])<-P(C(c3c1c(c([H])c([H])c3[H])C([H])([H])C([H])([H])[N+]1=C=C21)([H])[H])(C(C([H])([H])[H])(C([H])([H])[H])C([H])([H])[H])C(C([H])([H])[H])(C([H])([H])[H])C([H])([H])[H]
YARDOK,0,ok,0.2538,46,1,,[Re+3]1234(<-[C-]#[O+])(<-[C-]#[O+])(<-C5([H])=C->1([H])C->2([H])=C->3([H])C45[H])=C(N(N=C(c1c([H])c([H])c([H])c([H])c1[H])c1c([H])c([H])c([H])c([H])c1[H])[H])C([H])([H])[H]
YASFEE,0,ok,0.0405,46,1,,[Co+3]12(Cl)(N(O[H])C(=C(C([H])([H])[H])N->1=O)C([H])([H])[H])(N(O[H])C(=C(C([H])([H])[H])N->2=O)C([H])([H])[H])<-n1c([H])c([H])c(C(O[H])=O)c([H])c1[H]
YATMAJ,0,ok,0.0461,49,1,,[Mo+6]12(<-N(=C([H])c3c(c(OC([H])([H])C([H])([H])[H])c([H])c([H])c3[H])O1)N=C(c1c([H])c(OC([H])([H])[H])c(O[H])c([H])c1[H])O2)(=O)=O.O(C([H])([H])[H])[H]
YAVFIN,0,ok,0.0825,70,1,,[Au+3]1(Oc2c(-c3c([O-])c(C([H])([H])[H])c([H])c4c([H])c([H])c([H])c([H])c34)c3c(c([H])c2C([H])([H])[H])c([H])c([H])c([H])c3[H])<-N2=C(c3c1c([H])c([H])c([H])c3[H])OC([H])([H])C2([H])c1c([H])c([H])c([H])c([H])c1[H]
YAVRAP,0,ok,0.0501,59,1,,[Co+]12(<-N(=O)C(=C(N->1=O)C([H])([H])[H])C([H])([H])[H])(<-N(O[H])=C(C(=N->2O[H])C([H])([H])[H])C([H])([H])[H])(<-N([H])([H])c1c([H])c([H])c([H])c([H])c1[H])C([H])([H])C([H])([H])C([H])([H])C([H])([H])C#N
YAWWEZ,0,ok,0.0676,59,1,,[Ni+2]12(<-P(C([H])([H])[H])(C([H])([H])[H])C([H])([H])[H])(<-P(C([H])([H])[H])(C([H])([H])[H])C([H])([H])[H])(Oc3c([H])c([H])c([H])c([H])c3C(=O)C->1([H])=C->2([H])c1c([H])c([H])c([H])c([H])c1[H])C([H])([H])[H]
YAYHAI,0,ok,0.0648,60,1,,C([H])([H])([H])C1=C(c2c([H])c([H])c([H])c([H])c2[H])N(=O)->[Co+3]2(C([H])([H])[H])(N1O[H])(<-N(C(=C(C([H])([H])[H])N2O[H])c1c([H])c([H])c([H])c([H])c1[H])=O)<-n1c([H])c([H])c([H])c([H])c1[H]
YAZKES,1,ok,0.0344,48,1,,C1([H])([H])C([H])([H])N2(C([H])([H])C([H])([H])N(C([H])([H])C([H])([H])[H])(C([H])([H])C([H])([H])[H])->[Pt+2]<-2(<-N(=O)[O-])<-N1(C([H])([H])C([H])([H])[H])C([H])([H])C([H])([H])[H])[H]
YEBFUJ,0,ok,0.0364,50,1,,[Cd+2]1(OC(=O)C([H])([H])[H])(OC(=O)C([H])([H])[H])(<-O=C(N(C([H])([H])[H])C([H])([H])[H])[H])(<-N(O[H])=C2C(=N->1O[H])C([H])([H])C([H])([H])C([H])([H])C2([H])[H])<-O([H])[H]
YEBTEE,0,ok,0.3210,56,1,,[Mo+4]12345678([Si](C(C([H])([H])[H])(C([H])([H])[H])C([H])([H])[H])(C(C([H])([H])[H])(C([H])([H])[H])C([H])([H])[H])[H])(C9(C([H])([H])[H])C->1([H])=C->2([H])C->3([H])=C->49[H])(<-C1(C([H])([H])[H])=C->5([H])C->6([H])=C->7([H])C81[H])[H]
YECGAP,0,ok,0.1663,46,1,,[Ir+3]12(<-P(C([H])([H])[H])(C([H])([H])[H])C([H])([H])[H])(C3([H])C([H])=C([H])C->1([H])=C->23[H])(C(=O)C(F)(F)C(F)(F)C(F)(F)F)C(F)(F)C(F)(F)C(F)(F)F
YECWOU,0,ok,0.0527,54,1,,C1(=[Ag+3]Br)N(c2c(C([H])([H])[H])c([H])c([H])c([H])c2C([H])([H])[H])C([H])([H])C([H])([H])C([H])([H])C([H])([H])C([H])([H])N1c1c(C([H])([H])[H])c([H])c([H])c([H])c1C([H])([H])[H]
YEDJOG,0,ok,0.0921,49,1,,[Ni+2]12(OC(=C(C(=O->1)C([H])([H])[H])[H])C([H])([H])[H])OC(=C(C(=O->2)C([H])([H])[H])[H])C([H])([H])[H].N(C#N)=C(N([H])[H])N([H])[H].N(C#N)=C(N([H])[H])N([H])[H]
YEFDEU,0,ok,0.0987,69,1,,[Ru+4]12345(Cl)(Cl)(=P(Oc6c([H])c([H])c([H])c([H])c6C([H])([H])C([H])=C([H])[H])(c6c([H])c([H])c([H])c([H])c6[H])c6c([H])c([H])c([H])c([H])c6[H])<-c6(C([H])([H])[H])c->1([H])c->2([H])c->3(C([H])(C([H])([H])[H])C([H])([H])[H])c->4([H])c->56[H]
YEGBAN,0,ok,0.1048,58,1,,[Pd+2]1(I)(I)<-n2c(C([P+](c3c1c([H])c(C([H])([H])[H])c([H])c3[H])(c1c([H])c([H])c(C([H])([H])[H])c([H])c1[H])c1c([H])c([H])c(C([H])([H])[H])c([H])c1[H])(Cl)[H])c([H])c([H])c([H])c2[H]
YEGNAA,1,ok,0.0624,57,1,,[Ag+]123<-n4c(-c5n->1n(C([H])([H])c1c([H])c([H])c([H])c6c([H])c([H])c([H])c(C([H])([H])n7n->2c(-c2n->3c([H])c([H])c([H])c2[H])c([H])c7[H])c16)c([H])c5[H])c([H])c([H])c([H])c4[H]
YEHNOQ,0,ok,0.0729,60,1,,[V+5]1(=O)(<-O=C2C([H])=C(C([H])([H])[H])C(C([H])([H])[H])=C([H])C2=C=C([N-]C([H])([H])C([H])([H])C([H])([H])[H])c2c(O1)c([H])c(C([H])([H])[H])c(C([H])([H])[H])c2[H])OC([H])(C([H])([H])[H])C([H])([H])[H]
YEJNIL,-1,ok,0.2726,59,1,,[Co+3]123(Cl)(<-N4=C5c6c([H])c([H])c([H])c([H])c6C4=Nc4n1c(c1c4c([H])c([H])c([H])c1[H])N=C1N->2=C(N=c2n3c(c3c2c([H])c([H])c([H])c3[H])=N5)c2c1c([H])c([H])c([H])c2[H])Cl
YEKCUN,0,ok,0.1420,83,1,,[Ru+4]12(<-P(c3c([H])c([H])c([H])c([H])c3[H])(c3c([H])c([H])c([H])c([H])c3[H])c3c([H])c([H])c([H])c([H])c3[H])(OC(C([H])(n3n->1c(C([H])([H])[H])c([H])c3C([H])([H])[H])n1n->2c(C([H])([H])[H])c([H])c1C([H])([H])[H])=O)(Cl)=C1OC([H])([H])C([H])([H])C([H])([H])C1([H])[H]
YELVUG,0,ok,0.0755,73,1,,[Ni+2]12(<-S(C(C(O1)=O)([H])[H])C(C(P(c1c([H])c([H])c([H])c([H])c1[H])c1c([H])c([H])c([H])c([H])c1[H])([H])[H])([H])[H])<-P(C(C(SC(C(O2)=O)([H])[H])([H])[H])([H])[H])(c1c([H])c([H])c([H])c([H])c1[H])c1c([H])c([H])c([H])c([H])c1[H]
YEMNIQ,0,ok,0.1357,76,1,,[Mo+2]123(N(C(=N->1c1c([H])c([H])c([H])c([H])c1[H])[H])c1c([H])c([H])c([H])c([H])c1[H])(<-[C-]#[O+])(<-[C-]#[O+])(C([P+](c1c([H])c([H])c([H])c([H])c1[H])(c1c([H])c([H])c([H])c([H])c1[H])c1c([H])c([H])c([H])c([H])c1[H])([H])[H])C([H])([H])C->2([H])=C->3([H])[H]
YEPMUE,0,ok,0.1201,63,1,,[Ir+3]123(c4c(-c5c([H])c([H])c([H])c([H])n->15)c([H])c([H])c([Se]c1c([H])c(F)c(F)c(F)c1[H])c4[H])(c1c([H])c([H])[se]c1-c1c([H])c([H])c([H])c([H])n->21)<-O=C(C([H])([H])[H])C([H])=C(C([H])([H])[H])O3
YERWAT,0,ilp_failed,0.0272,0,0,"ILP failed: Infeasible (check mol_charge, η-carbon lp=0 vs ring anion/aromatic 6π, connectivity, remote-C lp preference, and LP/octet balance on donors)",
YESTUM,-1,ok,0.0314,28,1,,[V+5]12(=O)(=O)<-N(=C([H])c3c(c(OC([H])([H])[H])c([H])c([H])c3[H])O1)C([H])([H])C([H])([H])O2
YETHIR,0,ok,0.0633,82,1,,[Os+4]1([H])([H])([H])(<-P(C([H])(C([H])([H])[H])C([H])([H])[H])(C([H])(C([H])([H])[H])C([H])([H])[H])C([H])(C([H])([H])[H])C([H])([H])[H])(<-P(C([H])(C([H])([H])[H])C([H])([H])[H])(C([H])(C([H])([H])[H])C([H])([H])[H])C([H])(C([H])([H])[H])C([H])([H])[H])<-C2N(C([H])([H])[H])C([H])=C([H])N2C([H])([H])C1=O
YEWCOT,0,ok,0.0194,23,1,,[Pt+4](Cl)(Cl)(C(=[O+]C([H])([H])[H])C([H])([H])[H])=C(OC([H])([H])[H])C([H])([H])[H]
YEWXII,0,ok,0.0278,30,1,,[Cr+2](=C(OC([H])([H])[H])C([H])=C(N([H])C([H])([H])[H])C([H])([H])[H])(<-[C-]#[O+])(<-[C-]#[O+])(<-[C-]#[O+])(<-[C-]#[O+])<-[C-]#[O+]
YEXKUJ,-1,ok,0.1729,64,1,,[Ru+4]123(<-n4c([H])c([H])c([H])c([H])c4-c4n->1c([H])c([H])c([H])c4[H])(=C(OC([H])([H])[H])C(=C(c1c([H])c([H])c([H])c([H])c1[H])c1c([H])c([H])c([H])c([H])c1[H])[H])OP1(=O)OP(=O)(O2)OP(=O)(O3)O1
YEYZEH,0,ok,0.0585,61,1,,[W+4]12(Br)(Br)(=NC(C([H])([H])[H])(C([H])([H])[H])C([H])([H])[H])<-N(=P3=P(=N->1C(C([H])([H])[H])(C([H])([H])[H])C([H])([H])[H])N->23C(C([H])([H])[H])(C([H])([H])[H])C([H])([H])[H])C(C([H])([H])[H])(C([H])([H])[H])C([H])([H])[H]
YEZZUA,0,ok,0.0473,50,1,,[Zr+4]12(<-n3c(c([H])c([H])c([H])c3-c3c([H])c([H])c([H])c([H])c3S1)-c1c(c([H])c([H])c([H])c1[H])S2)(N(C([H])([H])[H])C([H])([H])[H])N(C([H])([H])[H])C([H])([H])[H]
YIBWAJ,0,ok,0.0334,33,1,,C1(C([H])([H])[H])N(c2c3c(n(C([H])([H])[H])c([H])n3)nc([H])n2->[Pt+4]=1(C(C([H])([H])[H])=O)Cl)C([H])([H])[H]
YICVUC,0,ok,0.1225,69,1,,[Fe]123(<-C45=C->1([Si](C([H])([H])[H])(C([H])([H])[H])C([H])([H])[H])C(=O)C->2([Si](C([H])([H])[H])(C([H])([H])[H])C([H])([H])[H])=C->34c1c2c([H])c([H])c(c1[H])C([H])([H])C([H])([H])c1c([H])c5c(c([H])c1[H])C([H])([H])C2([H])[H])(<-[C-]#[O+])(<-[C-]#[O+])<-[C-]#[O+]
YIDFOJ,0,ok,0.3675,69,1,,[Ir+3]12345(<-C6(C([H])([H])[H])=C->1(C([H])([H])[H])C2(C([H])([H])[H])C->3(C([H])([H])[H])=C->46C([H])([H])[H])N([H])C(c1c([H])c([H])c([H])c([H])c1[H])([H])C(c1c([H])c([H])c([H])c([H])c1[H])([H])N5S(=O)(=O)c1c(F)c(F)c(F)c(F)c1[H]
YIFFIC,0,ok,0.0695,73,1,,[Fe]123(<-P(c4c([H])c([H])c([H])c([H])c4[H])(c4c([H])c([H])c([H])c([H])c4[H])C4([H])C(C(C([H])([H])[H])(C([H])([H])[H])[H])([H])C([H])([H])C([H])([H])C(C([H])([H])[H])([H])C4([H])[H])(<-C(=C->1(C->2(=C->3([H])[H])[H])[H])(C(=O)OC([H])([H])[H])[H])(<-[C-]#[O+])<-[C-]#[O+]
YIGGAZ,0,ok,0.0381,40,1,,[Zn+2]123(OC(=O->1)C([H])([H])[H])(<-O=C(N([H])[H])C([H])([H])C(N->2(O[H])C([H])([H])C(C(=O->3)N([H])[H])([H])[H])([H])[H])OC(=O)C([H])([H])[H]
YIHNUA,0,ok,0.1273,57,1,,[Cd+2]123(SC(=S->1)OC([H])([H])c1c([H])c([H])c([H])c([H])c1[H])(<-S=C(S2)OC([H])([H])c1c([H])c([H])c([H])c([H])c1[H])<-n1c([H])c([H])c([H])c2c1-c1n->3c([H])c([H])c([H])c1C2=O
YIJREQ,0,ok,0.0805,73,1,,c1([H])c2c([H])c([H])c([H])c([H])c2c([H])c([H])c1C(C1([H])[P+](c2c([H])c([H])c([H])c([H])c2[H])(c2c([H])c([H])c([H])c([H])c2[H])C([H])([H])P(c2c([H])c([H])c([H])c([H])c2[H])(c2c([H])c([H])c([H])c([H])c2[H])->[Hg+2]1(I)I)=O
YIKCIF,1,ok,0.0681,54,1,,[Re+]1(<-P(c2c([H])c([H])c([H])c([H])c2[H])(c2c([H])c([H])c([H])c([H])c2[H])c2c([H])c([H])c([H])c([H])c2[H])(<-n2c([H])c([H])c([H])c([H])c2C(=O->1)[H])(<-[C-]#[O+])(<-[C-]#[O+])<-[C-]#[O+]
YILRAP,0,ok,0.2746,73,1,,[Sc+3]1234(<-n5c(C(C->16=C->2([H])C3([H])c1c([H])c([H])c([H])c([H])c16)([H])[H])c([H])c([H])c([H])c5[H])(C1(C(c2n->4c([H])c([H])c([H])c2[H])([H])[H])C([H])=C([H])c2c1c([H])c([H])c([H])c2[H])C([Si](C([H])([H])[H])(C([H])([H])[H])C([H])([H])[H])([H])[H]
YIMLIP,0,ok,0.0169,16,1,,[Cu+3](Cl)=c1sc([H])c(C([H])([H])[H])n1C([H])([H])[H]
YIPDIK,0,ok,0.1401,59,1,,[Co+3]12345<-N(=C([H])c6n1c(C([H])([H])[H])nc6[H])C([H])([H])C([H])([H])N(C([H])([H])C([H])([H])N->2=C([H])c1n3c(C([H])([H])[H])nc1[H])C([H])([H])C([H])([H])N->4=C([H])c1n5c(C([H])([H])[H])nc1[H]
YIPZIJ,0,ok,0.0487,39,1,,[Fe]123(<-P(C([H])([H])[H])(C([H])([H])[H])C([H])([H])[H])(<-O=C->1(C([H])([H])[H])C->2([H])=C->3([H])c1c([H])c([H])c([H])c([H])c1[H])(<-[C-]#[O+])<-[C-]#[O+]
YIRCUX,0,ok,0.1235,70,1,,[Pd+4]1234(Br)<-P5(c6c1c#cc#c6)c1c(c#cc#c1)-c1c#cc6c(c12)[P+](=C1C2=[C-]C2=C=C1C(OP(=O)(OC([H])([H])[H])OC([H])([H])[H])(C(=O->3)OC(C([H])([H])[H])([H])[H])C4([H])c1c5c#cc#c1)c1c-6c([H])c([H])c([H])c1[H]
YISNEV,1,ok,0.0619,71,1,,C([H])([H])([H])C([H])([H])C([H])([H])N1=C([H])c2c([H])c([H])c([H])c([H])c2O[Os+2]<-123456(<-c1(C([H])(C([H])([H])[H])C([H])([H])[H])c->2([H])c->3([H])c->4(C([H])([H])[H])c->5([H])c->61[H])<-P12C([H])([H])N3C([H])([H])N(C1([H])[H])C([H])([H])N(C2([H])[H])C3([H])[H]
YITLIX,0,ok,0.0315,29,1,,[V+5](F)(F)(F)(O[n+]1c([H])c([H])c([H])c([H])c1[H])=O.[O-][n+]1c([H])c([H])c([H])c([H])c1[H]
YIWSED,0,ok,0.0395,50,1,,[Re+](<-[C-]#[O+])(<-[C-]#[O+])(<-[C-]#[O+])(<-[C-]#[O+])[H].P(C(C([H])([H])[H])(C([H])([H])[H])C([H])([H])[H])(C(C([H])([H])[H])(C([H])([H])[H])C([H])([H])[H])C(C([H])([H])[H])(C([H])([H])[H])C([H])([H])[H]
YIXVEG,0,ok,0.0488,22,1,,[Cr]1234(<-[se]5c->1(C([H])([H])[H])c->2([H])c->3([H])c->45C([H])([H])[H])(<-[C-]#[O+])(<-[C-]#[O+])<-[C-]#[O+]
YIYDAM,0,ok,0.0842,46,1,,[Ni+2]12(Br)<-P(c3c(N->1=C(c1n2c([H])c([H])c1[H])[H])c([H])c([H])c([H])c3[H])(c1c([H])c([H])c([H])c([H])c1[H])c1c([H])c([H])c([H])c([H])c1[H]
YIYTUW,0,ok,0.1387,81,1,,[Y+3]123456(Cl)(<-O(C([H])([H])C(O->1C([H])([H])[H])([H])[H])C([H])([H])[H])<-N(=C->2(c1c([H])c([H])c([H])c([H])c1[H])N3[Si](C([H])([H])[H])(C([H])([H])[H])C([H])([H])[H])C([H])([H])C([H])([H])C([H])([H])N->4=C->5(c1c([H])c([H])c([H])c([H])c1[H])N6[Si](C([H])([H])[H])(C([H])([H])[H])C([H])([H])[H]
YIZLIC,0,ok,0.0695,32,1,,[Ti+4]1234(Cl)(Cl)(Cl)C5(C(C(N6C([H])([H])C([H])([H])C([H])([H])C6([H])[H])([H])[H])([H])[H])C->1([H])=C->2([H])C->3([H])=C->45[H]
YOBDOJ,0,ok,0.3959,72,1,,[Ir+3]12345(<-C6(C([H])([H])[H])=C->1(C([H])([H])[H])C2(C([H])([H])[H])C->3(C([H])([H])[H])=C->46C([H])([H])[H])N(S(=O)(=O)c1c([H])c([H])c(C([H])([H])[H])c([H])c1[H])C([H])(c1c([H])c([H])c([H])c([H])c1[H])C([H])(c1c([H])c([H])c([H])c([H])c1[H])N5[H]
YOCJIK,0,ok,0.0782,75,1,,[Cd+2]12(<-n3c([H])c([H])c([H])c4c([H])c([H])c5c([H])c([H])c([H])n->1c5c34)(<-n1c([H])c([H])c([H])c3c([H])c([H])c4c([H])c([H])c([H])n->2c4c13)(OC(=O)c1c(O[H])c([H])c([H])c(Cl)c1[H])OC(=O)c1c(O[H])c([H])c([H])c(Cl)c1[H]
YODFUV,0,ok,0.0518,38,1,,[Ni+2]12(<-O([H])[H])<-n3c(c(-c4c([H])c([H])c(C(O[H])=O)c([H])c4[H])c([H])c([H])c3C(=O)O1)C(=O)O2.O([H])[H].O([H])[H]
YODMIP,0,ok,0.0907,47,1,,[Rh+3]12345(Cl)(<-N(=C([H])c6sc([H])c([H])c61)C([H])(C([H])([H])[H])C([H])([H])[H])<-C1(C([H])([H])[H])=C->2(C([H])([H])[H])C->3(C([H])([H])[H])=C->4(C([H])([H])[H])C51C([H])([H])[H]
YOGBEB,0,ok,0.0521,64,1,,[Tc+5]1(=O)(SC(c2c([H])c([H])c([H])c([H])c2[H])([H])[H])SC(C([H])([H])[H])(C([H])([H])[H])C([H])([H])N(C(C(N2C([H])([H])C([H])([H])OC([H])([H])C2([H])[H])([H])[H])([H])[H])C([H])([H])C(C([H])([H])[H])(C([H])([H])[H])S1
YOGWIB,0,ok,0.1012,57,1,,[Ti+4]12345(<-c67c([H])c([H])c([H])c([H])c->16-c->21c([H])c([H])c([H])c([H])c->31C47c1c(c([H])c([H])c([H])c1[H])N5C(C(C([H])([H])[H])(C([H])([H])[H])C([H])([H])[H])([H])[H])(C([H])([H])[H])C([H])([H])[H]
YOHSUJ,0,ok,0.0240,21,1,,[Hg+2]12(Br)(<-n3c(C(O[H])=O->1)c([H])c([H])c([H])c3C(O2)=O)<-O([H])[H]
YOJNOA,0,ok,0.1160,74,1,,[Fe]12345(<-P(N(N(C(=O)OC(C([H])([H])[H])(C([H])([H])[H])C([H])([H])[H])[H])C(=O)OC(C([H])([H])[H])(C([H])([H])[H])C([H])([H])[H])=C(N(C([H])([H])[H])C([H])([H])[H])C(=C->16C->2(C([H])([H])[H])=C->3(C([H])([H])[H])C->4(C([H])([H])[H])=C->56C([H])([H])[H])[H])(<-[C-]#[O+])<-[C-]#[O+]
YOKTIE,0,ok,0.0673,82,1,,[Re+3]12(<-S=C(N=C(N->1=NC(=S->2)N(C([H])([H])[H])C([H])([H])[H])c1c([H])c([H])c(C(F)(F)F)c([H])c1[H])N(C([H])([H])C([H])([H])[H])C([H])([H])C([H])([H])[H])(SC(=NC(=O)c1c([H])c([H])c(C(F)(F)F)c([H])c1[H])N(C([H])([H])C([H])([H])[H])C([H])([H])C([H])([H])[H])=O
YOLHUD,0,ok,0.0331,42,1,,[Hg+2]1(<-S=C(S1)N(C([H])([H])C([H])([H])C([H])([H])C([H])([H])[H])C([H])([H])C([H])([H])C([H])([H])C([H])([H])[H])c1c([H])c([H])c([H])c([H])c1[H]
YOLVED,0,ok,0.1519,81,1,,[Zn+2]1234(OC(C(=C(c5c([H])c([H])c(O[H])c(OC([H])([H])[H])c5[H])[H])[H])=C(C(=O->1)C(=C(c1c([H])c([H])c(O[H])c(OC([H])([H])[H])c1[H])[H])[H])[H])(<-O=C->2(O3)c1c([H])c([H])c([H])c([H])c1[H])<-n1c([H])c([H])c([H])c([H])c1-c1n->4c([H])c([H])c([H])c1[H]
YOMXUV,0,ok,0.0258,29,1,,C1(N2C([H])([H])C([H])([H])SC([H])([H])C2([H])[H])=S->[Hg+2](c2c([H])c([H])c([H])c([H])c2[H])S1
YONYIL,-1,ok,0.1026,70,1,,[Zn+2]12(<-n3c(C(O1)=O)c(C([H])([H])[H])n(-c1c([H])c([H])c([H])c([H])c1[H])n3)(<-n1c(C(O2)=O)c(C([H])([H])[H])n(-c2c([H])c([H])c([H])c([H])c2[H])n1)OC(c1c(C([H])([H])[H])n(-c2c([H])c([H])c([H])c([H])c2[H])nn1)=O
YOQHIW,0,ok,0.0858,46,1,,[Ni+2]123(<-P(c4c(S(O1)(=O)=O)c([H])c([H])c([H])c4[H])(c1c([H])c([H])c([H])c([H])c1[H])c1c([H])c([H])c([H])c([H])c1[H])C([H])([H])C->2([H])=C->3([H])[H]
YORGAQ,0,ok,0.0448,43,1,,[Mn+]123(<-[C-]#[O+])(<-[C-]#[O+])(<-[C-]#[O+])<-N([H])=c4sc5c([H])c([H])c([H])c([H])c5n4[B-]->1([H]->2)([H]->3)C(=C([H])[H])c1c([H])c([H])c(C([H])([H])[H])c([H])c1[H]
YORRED,0,ok,0.1223,73,1,,[Rh+]123(<-P(c4c([H])c([H])c([H])c([H])c4[H])(c4c([H])c([H])c([H])c([H])c4[H])C([H])=C([H])[H])(<-P(c4c([H])c([H])c([H])c([H])c4[H])(c4c([H])c([H])c([H])c([H])c4[H])C([H])=C([H])[H])<-C4([H])=C5C1(C->2([H])=C->34[H])C([H])=C([H])C([H])=C5[H]
YOSNOK,1,ok,0.0564,62,1,,[H][Ir+3]1([H])(<-C2N(c3c(C([H])([H])[H])c([H])c(C([H])([H])[H])c([H])c3C([H])([H])[H])C([H])=C([H])N2c2c(C([H])([H])[H])c([H])c(C([H])([H])[H])c([H])c2C([H])([H])[H])<-c2([H])c([H])c([H])c([H])c([H])c->12[H]
YOTKOJ,0,ok,0.0524,52,1,,[Re+3]1(<-[C-]#[O+])(<-[C-]#[O+])(<-[C-]#[O+])(<-[C-]#[O+])=C(c2c([H])c([H])c([H])c3c([H])c([H])c([H])c([H])c23)C(C(OC([H])([H])[H])=O)=C(OC([H])([H])[H])C([H])=C1OC([H])([H])C([H])([H])[H]
YOVNOM,0,ok,0.0899,52,1,,[Mn+3]123(<-[C-]#[O+])(<-[C-]#[O+])(<-[C-]#[O+])<-C4(C(C([H])([H])[H])([H])[H])=C->1(C(C([H])([H])[H])([H])[H])C1([H])C2([H])C([H])([H])C2([H])C([H])([H])C1([H])C4(C(C([H])([H])[H])([H])[H])C32[C-](C([H])([H])[H])[H]
YOWZUH,0,ok,0.0660,83,1,,[Fe]12(<-C3N(C([H])(C([H])([H])[H])C([H])([H])[H])C(C([H])([H])[H])=C(C([H])([H])[H])N3C([H])(C([H])([H])[H])C([H])([H])[H])(<-C3N(C([H])(C([H])([H])[H])C([H])([H])[H])C(C([H])([H])[H])=C(C([H])([H])[H])N3C([H])(C([H])([H])[H])C([H])([H])[H])<-C3([H])=C->1([H])C->2([H])=C([H])C([H])=C([H])C([H])=C3[H]
YOXYIU,0,ok,0.1197,73,1,,[W+2]12(<-n3n([B-](n4n->1c(C([H])([H])[H])c([H])c4C([H])([H])[H])(n1n->2c(C([H])([H])[H])c([H])c1C([H])([H])[H])[H])c(C([H])([H])[H])c([H])c3C([H])([H])[H])(<-C(c1c([H])c([H])c([H])c([H])c1[H])#Cc1c([H])c([H])c([H])c([H])c1[H])(<-[C-]#[O+])C#N
YOZFID,0,ok,0.0643,68,1,,C(#CC([H])([H])[H])(C([H])([H])[H])->[Nb+3]123(<-N(C(C([H])([H])N->1(C([H])([H])c1c(c(C([H])([H])[H])c([H])c(C([H])([H])[H])c1[H])O2)C([H])([H])c1c([H])c(C([H])([H])[H])c([H])c(C([H])([H])[H])c1O3)([H])[H])(C([H])([H])[H])C([H])([H])[H])Cl
YOZZAP,0,ok,0.0579,68,1,,C([H])([H])([H])[Fe+2]1(c2c([H])c([H])c([H])c([H])c2C([H])=N->1c1c([H])c([H])c([H])c([H])c1[H])(<-P(C([H])([H])[H])(C([H])([H])[H])C([H])([H])[H])(<-P(C([H])([H])[H])(C([H])([H])[H])C([H])([H])[H])<-P(C([H])([H])[H])(C([H])([H])[H])C([H])([H])[H]
YUBZOK,0,ok,0.0376,49,1,,[Hg+2]1(SC#N)(SC#N)<-S=C(N(C2([H])C([H])([H])C([H])([H])C([H])([H])C([H])([H])C2([H])[H])[H])C(=S->1)N(C1([H])C([H])([H])C([H])([H])C([H])([H])C([H])([H])C1([H])[H])[H]
YUCKUE,0,ok,0.0392,51,1,,[Ir+3]([H])(Cl)(<-P(C([H])([H])[H])(C([H])([H])[H])C([H])([H])[H])(<-P(C([H])([H])[H])(C([H])([H])[H])C([H])([H])[H])(<-P(C([H])([H])[H])(C([H])([H])[H])C([H])([H])[H])n1c([H])c([H])c([H])c1[H]
YUDCUV,0,ok,0.0218,28,1,,[Re+](Cl)(<-[C-]#[O+])(<-[C-]#[O+])<-[C-]#[O+].S1C([H])([H])C([H])([H])C([H])([H])SC([H])([H])C([H])([H])C1([H])[H]
YUFBIL,0,ok,0.1813,83,1,,[Ti+4]1234567(N(C->1(=N->2C(C([H])([H])[H])(C([H])([H])[H])[H])C([H])([H])[H])C(C([H])([H])[H])(C([H])([H])[H])[H])(<-C1(C([H])([H])[H])=C->3(C([H])([H])[H])C->4(C([H])([H])[H])=C->5(C([H])([H])[H])C61C([H])([H])[H])OC(=O)N(N(c1c([H])c([H])c([H])c([H])c1[H])c1c([H])c([H])c([H])c([H])c1[H])C(=O)O7
YUGCUZ,1,ok,0.4403,78,1,,[Ru+2]12345(<-P(c6c([H])c([H])c([H])c([H])c6P->1(c1c(F)c([H])c([H])c([H])c1[H])c1c(F)c([H])c([H])c([H])c1[H])(c1c(F)c([H])c([H])c([H])c1[H])c1c(F)c([H])c([H])c([H])c1[H])(<-[C-]#[N+]C([H])(C([H])(N=[N+]=[N-])[H])[H])<-C1([H])=C->2([H])C->3([H])=C->4([H])C51[H]
YUHLES,0,ok,0.0547,52,1,,[Ni+2]1(OC([H])([H])[H])(<-n2c(-c3n->1c1c(n3[H])c([H])c([H])c([H])c1[H])c([H])c([H])c([H])c2-c1nc2c(n1[H])c([H])c([H])c([H])c2[H])=N[N+]#N.O(C([H])([H])[H])[H]
YUHXOP,0,ok,0.0810,73,1,,[Zn+2]1234(<-N(=C->1(N2C([H])(C([H])([H])[H])C([H])([H])[H])C(C([H])([H])[H])(C([H])([H])[H])C([H])([H])[H])C([H])(C([H])([H])[H])C([H])([H])[H])N(C->3(=N->4C([H])(C([H])([H])[H])C([H])([H])[H])C(C([H])([H])[H])(C([H])([H])[H])C([H])([H])[H])C([H])(C([H])([H])[H])C([H])([H])[H]
YUKKOE,1,ok,0.0798,56,1,,[Re+]1(<-n2c([H])c([H])c([H])c([H])c2[H])(<-n2c([H])c([H])c([H])c3c4nc5c([H])c6c([H])c([H])c([H])c([H])c6c([H])c5nc4c4c([H])c([H])c([H])n->1c4c23)(<-[C-]#[O+])(<-[C-]#[O+])<-[C-]#[O+]
YUMBEP,1,ok,0.0556,52,1,,[Hg+2]1234(<-S(C(C(S->1C(c1c([H])c([H])c([H])c5c([H])c([H])c([H])n->2c15)([H])[H])([H])[H])([H])[H])C(c1c([H])c([H])c([H])c2c([H])c([H])c([H])n->3c12)([H])[H])O[Cl+3]([O-])([O-])O4
YUPVEK,0,ok,0.3730,54,1,,[Zr+4]123456789%10(<-S(S1)S2)(C1(C([H])([H])[H])C->3(C([H])([H])[H])=C->4(C([H])([H])[H])C->5(C([H])([H])[H])=C->61C([H])([H])[H])<-C1(C([H])([H])[H])=C->7(C([H])([H])[H])C8(C([H])([H])[H])C->9(C([H])([H])[H])=C->%101C([H])([H])[H]
YURSAF,0,ok,0.2698,79,1,,[Fe+4]1234(<-N(N=c5n1c1c([H])c([H])c([H])c([H])c1o5)=C(N=N->2c1c([H])c([H])c([H])c([H])c1[H])C(C([H])([H])[H])(C([H])([H])[H])[H])N(N=C1N3c2c(c([H])c([H])c([H])c2[H])O1)C(C(C([H])([H])[H])(C([H])([H])[H])[H])=NN4c1c([H])c([H])c([H])c([H])c1[H]
YUSNIJ,0,ok,0.0661,59,1,,[Fe]1234567(<-P(c8c([H])c([H])c([H])c([H])c8[H])(c8c([H])c([H])c([H])c([H])c8[H])c8c([H])c([H])c([H])c([H])c8[H])<-C(=C->1(C->2(=C->3([H])[H])C(C(C->4(=C->5([H])[H])C->6(=C->7([H])[H])[H])([H])[H])([H])[H])[H])([H])[H]
YUTKED,0,ok,0.1116,84,1,,[Mo+4]12(OC([H])([H])[H])(N(c3c(C(C([H])([H])[H])(C([H])([H])[H])[H])c([H])c([H])c([H])c3C(C([H])([H])[H])(C([H])([H])[H])[H])[H])(<-n3n([B-](n4n->1c([H])c([H])c4[H])(n1n->2c([H])c([H])c1[H])[H])c([H])c([H])c3[H])CC(C([H])([H])[H])(C([H])([H])[H])c1c([H])c([H])c([H])c([H])c1[H]
YUTVOZ,0,ok,0.0687,78,1,,[Hg+2]12([Se]c3c([H])c([H])c([H])c([H])c3[H])<-S=c3n([B-]([H])(n4c(=S->1)n(C(C([H])([H])[H])(C([H])([H])[H])C([H])([H])[H])c([H])c4[H])n1c(=S->2)n(C(C([H])([H])[H])(C([H])([H])[H])C([H])([H])[H])c([H])c1[H])c([H])c([H])n3C(C([H])([H])[H])(C([H])([H])[H])C([H])([H])[H]
YUVDAW,0,ok,0.5044,80,1,,[Zr+4]123456789%10(<-n%11c(c([H])c([H])c([H])c%11S1)S2)(<-C1([H])=C->3([H])C4(C(C([H])([H])[H])(C([H])([H])[H])C([H])([H])[H])C->5([H])=C->61C(C([H])([H])[H])(C([H])([H])[H])C([H])([H])[H])<-C1([H])=C->7([H])C8(C(C([H])([H])[H])(C([H])([H])[H])C([H])([H])[H])C->9([H])=C->%101C(C([H])([H])[H])(C([H])([H])[H])C([H])([H])[H]
YUWCIC,0,ok,0.0272,29,1,,[Hg+2]12(<-O=C(n3c1c([H])c([H])c3[H])C([H])([H])[H])c1n(C(=O->2)C([H])([H])[H])c([H])c([H])c1[H]
YUWNIO,0,ok,0.0298,37,1,,[Pt]1(<-[Se]=NS#N->1)(<-P(OC([H])([H])[H])(OC([H])([H])[H])OC([H])([H])[H])<-P(OC([H])([H])[H])(OC([H])([H])[H])OC([H])([H])[H]
YUXRIS,-1,ok,0.0351,29,1,,[V+5]1(=O)(=O)(OC(=O)c2n->1c([H])c([H])c([H])c2[H])OC(=O)c1nc([H])c([H])c([H])c1[H]
YUZCOM,1,ok,0.0605,44,1,,C1([H])=C([H])C([H])=C([H])C2=C3C([H])=C([H])C([H])=C([H])N3[Pt+4]3(<-N(C([H])([H])[H])(C([H])([H])[H])N=C(C([H])([H])C([H])([H])C([H])=C([H])[H])O3)N12
ZABNEV,0,ok,0.0830,52,1,,[W+2](I)(I)(<-[As](c1c([H])c([H])c([H])c([H])c1[H])(c1c([H])c([H])c([H])c([H])c1[H])c1c([H])c([H])c([H])c([H])c1[H])(<-N#CC(C([H])([H])[H])([H])[H])(<-[C-]#[O+])(<-[C-]#[O+])<-[C-]#[O+]
ZAFJEY,0,ok,0.0682,67,1,,[Mo+6]12(=O)(=O)<-O=C(C(N3C([H])(N([H])C([H])(C(=O)N([H])c4c([H])c([H])c([H])c([H])c4[H])C3([H])c3c(c([H])c([H])c([H])c3[H])O1)c1c(c([H])c([H])c([H])c1[H])O2)([H])[H])N([H])c1c([H])c([H])c([H])c([H])c1[H]
ZAGSOS,0,ok,0.0400,63,1,,[Ru+2](Cl)(Cl)(<-[C-]#[N+]C(C([H])([H])[H])(C([H])([H])[H])C([H])([H])[H])(<-[C-]#[N+]C(C([H])([H])[H])(C([H])([H])[H])C([H])([H])[H])(<-[C-]#[N+]C(C([H])([H])[H])(C([H])([H])[H])C([H])([H])[H])<-[C-]#[N+]C(C([H])([H])[H])(C([H])([H])[H])C([H])([H])[H]
ZAHJAT,0,ok,0.0298,23,1,,[Pt+4]123(Cl)(Cl)<-C4(C([H])([H])[H])=C->1(C([H])([H])[H])C2(C([H])([H])[H])C34C([H])([H])[H]
ZAKGOH,0,ok,0.0989,57,1,,[Ni+2]123<-N4=C([H])C(C(=O)OC([H])([H])C([H])([H])[H])=C(C([H])([H])[H])N1C([H])([H])C([H])([H])N2C(C([H])([H])[H])=C(C(=O)OC([H])([H])C([H])([H])[H])C([H])=N->3c1c([H])c([H])c([H])c([H])c14
ZALGUR,0,ok,0.0522,55,1,,[Os+2]123456(Cl)(<-n7nn(C([H])([H])C([H])([H])C([H])([H])C([H])([H])[H])c([H])c7-c7c1c([H])c([H])c([H])c7[H])<-c1(C([H])(C([H])([H])[H])C([H])([H])[H])c->2([H])c->3([H])c->4(C([H])([H])[H])c->5([H])c->61[H]
ZANDAT,0,ok,0.0651,50,1,,[Cu+]123(<-O(C4([H])C5([H])C->1([H])=C->2([H])C4([H])C([H])=C5[H])C(C([H])([H])[H])(C([H])([H])[H])C([H])([H])[H])OC(C(F)(F)F)=C(C(=O->3)c1c([H])c([H])c([H])c([H])c1[H])[H]
ZANVIW,0,ok,0.0808,47,1,,c12-c3c([H])c([H])c([H])c([H])n3->[Ni+2]3(<-n1c([H])c([H])c([H])c2[H])(<-n1c(-c2c([H])c([H])c([H])c([H])n->32)c([H])c([H])c([H])c1[H])(<-N#C[S-])<-N#C[S-]
ZAQXAQ,-1,ok,0.0388,50,1,,[Mo](c1c(F)c(F)c(F)c(F)c1F)(<-[C-]#[O+])(<-[C-]#[O+])(<-[C-]#[O+])(<-P(OC([H])([H])[H])(OC([H])([H])[H])OC([H])([H])[H])<-P(OC([H])([H])[H])(OC([H])([H])[H])OC([H])([H])[H]
ZARROC,0,ok,0.0558,51,1,,[Ni+4]123(<-n4n([B-](n5n->1c([H])c([H])c5[H])([H])n1n->2c([H])c([H])c1[H])c([H])c([H])c4[H])(C(F)(F)F)c1c(c([H])c([H])c([H])c1[H])-c1c3c([H])c([H])c([H])c1[H]
ZASZOL,0,ok,0.0835,64,1,,[Ir+]123(Cl)<-C4([H])=C->1([H])C([H])([H])C([H])([H])C->2([H])=C->3([H])C([H])([H])C4([H])[H].[As-]12=c3c(c([H])c([H])c([H])c3=C([H])N1C(C([H])([H])[H])(C([H])([H])[H])C([H])([H])[H])C([H])=[N+]2C(C([H])([H])[H])(C([H])([H])[H])C([H])([H])[H]
ZATZOJ,0,ok,0.0545,25,1,,[Pd+4](C#N)([C-]1N([H])C([H])([H])C([H])([H])O1)(C#N)[C+]1N([H])C([H])([H])C([H])([H])O1
ZAWPIW,0,ok,0.0267,23,1,,[Cr]12345(<-[C-]#[O+])(<-[C-]#[O+])(<-[C-]#[O+])<-c6(C(=O)[H])c->1([H])c->2([H])c->3(C(=O)[H])c->4([H])c->56[H]
ZAXYOM,0,ok,0.0419,40,1,,[Ir+]12(<-S=C(N(O1)C([H])([H])[H])c1c([H])c([H])c(OC([H])([H])[H])c([H])c1[H])<-C1#CC([H])([H])C([H])([H])C#C->2C([H])([H])C1([H])[H]
ZAZPIC,0,ok,0.1018,58,1,,[Co+3]12345(<-P(c6c([H])c([H])c([H])c([H])c6[H])(c6c([H])c([H])c([H])c([H])c6[H])C([H])([H])[H])(<-C6([H])=C->1([H])C->2([H])=C->3([H])C46[H])C(c1c([H])c([H])c(Cl)c([H])c1[H])=C([H])C5(F)C(F)(F)F
ZAZZAE,0,ok,0.0891,63,1,,[Ni+2]12(N(c3c(N=N->1c1c([H])c([H])c(Cl)c([H])c1[H])c(=O)n(C([H])([H])[H])c(=O)n3C([H])([H])[H])[H])N(c1c(N=N->2c2c([H])c([H])c(Cl)c([H])c2[H])c(=O)n(C([H])([H])[H])c(=O)n1C([H])([H])[H])[H]
ZECTUW,0,ok,0.0524,34,1,,[Ti+4]1234(Cl)(Cl)(N(C(C([H])([H])[H])(C([H])([H])[H])[H])C(C([H])([H])[H])(C([H])([H])[H])[H])<-C5([H])=C->1([H])C->2([H])=C->3([H])C45[H]
ZEFNUT,0,ok,0.1050,50,1,,[Ir+3]1234(Cl)(<-N(=Nc5c1c([H])c([H])c([H])c5[H])c1c([H])c([H])c([H])c([H])c1[H])C1(C([H])([H])[H])C(C([H])([H])[H])=C->2(C([H])([H])[H])C->3(C([H])([H])[H])=C->41C([H])([H])[H]
ZEGJIE,0,ok,0.0601,53,1,,[Fe]123(<-P(c4c([H])c([H])c([H])c([H])c4[H])(c4c([H])c([H])c([H])c([H])c4[H])c4c([H])c([H])c([H])c([H])c4[H])(<-[C-]#[O+])(<-[C-]#[O+])<-c45c([H])c([H])c([H])c([H])c->14C->2([H])=C->35[H]
ZEHBOF,0,ok,0.1061,65,1,,[Pd+2]1(<-N(=P(C([H])([H])C(N->1([H])C([H])([H])C([H])([H])C([H])([H])C([H])([H])[H])([H])C([H])([H])[H])(c1c([H])c([H])c([H])c([H])c1[H])c1c([H])c([H])c([H])c([H])c1[H])c1c([H])c([H])c(C([H])([H])[H])c([H])c1[H])(Cl)Cl
ZEJBAU,0,ok,0.0522,62,1,,c12c(C(C([H])([H])[H])(C([H])([H])[H])C([H])([H])[H])c([H])c(C(C([H])([H])[H])(C([H])([H])[H])C([H])([H])[H])c([H])c1C([H])=N1->[Mo+6](=O)(=O)(OC(c3c(O[H])c([H])c([H])c([H])c3[H])=N1)O2.C([H])([H])([H])O[H]
ZEJNUZ,0,ok,0.0457,51,1,,[Ru+4]1(Cl)(Cl)(<-C2N(C(C(OC([H])([H])C(N3C([H])=C([H])N(C([H])([H])[H])C->13)([H])[H])([H])[H])([H])[H])C([H])=C([H])N2C([H])([H])[H])=C([H])c1c([H])c([H])c([H])c([H])c1[H]
ZEJWES,0,ok,0.1312,83,1,,[Ni+2]12(<-P(c3c([H])c([H])c([H])c([H])c3[H])(c3c([H])c([H])c([H])c([H])c3[H])c3c([H])c([H])c([H])c([H])c3N1c1c([H])c([H])c([H])c([H])c1P->2(c1c([H])c([H])c([H])c([H])c1[H])c1c([H])c([H])c([H])c([H])c1[H])C(=O)N([H])c1c([H])c([H])c([H])c([H])c1[H]
ZELDOL,0,ok,0.0984,65,1,,[Ti+4]12345(Cl)(Cl)<-C6(=C->17SC(C([H])([H])[H])=C([H])C27C->3(C([H])([H])[H])=C->46C([H])([H])[H])[Si](C([H])([H])C([H])([H])[H])(C([H])([H])C([H])([H])[H])c1c(c(C(C([H])([H])[H])(C([H])([H])[H])C([H])([H])[H])c([H])c(C([H])([H])[H])c1[H])O5
ZELNUB,0,ok,0.5651,50,1,,[Zr+4]123456789%10(<-O%11C([H])([H])C([H])([H])C([H])([H])C%11([H])[H])(<-C%11([H])=C->1([H])C->2([H])=C->3([H])C4([H])C->5([H])=C->6%11[H])<-C1([H])=C->7([Si](C([H])([H])[H])(C([H])([H])[H])C([H])([H])[H])C8([H])C9([H])C%101[H]
ZENCUT,0,ok,0.0551,38,1,,[Pd+4]1(Cl)(Cl)N(C([H])([H])C([H])([H])C(C([H])([H])C(C(=O)OC([H])([H])[H])([H])[H])([H])[H])C([H])=C2N1C([H])=C([H])C([H])=C2[H]
ZEPPOC,0,ok,0.1376,62,1,,[Zn+2]1234(<-n5c([H])c([H])c([H])c6c7nc([H])c([H])nc7c7c(n->1c([H])c([H])c7[H])c56)(<-O=C(c1c([H])c([H])c([H])c([H])c1[H])C([H])=C(O2)c1c([H])c([H])c([H])c([H])c1[H])<-O=C->3(O4)C([H])([H])[H]
ZEQJAG,0,ok,0.0366,36,1,,[Ru+4](Cl)(Cl)(<-S(=O)(C([H])([H])[H])C([H])([H])[H])(=S(=O)(C([H])([H])[H])C([H])([H])[H])(<-n1c([H])c([H])c([H])c([H])c1[H])<-[C-]#[O+]
ZEQXEB,0,ok,0.0865,52,1,,[Pt+2]12(OC(C(F)(F)F)=C([H])C(=N->1c1c([H])c(C(F)(F)F)c([H])c(C(F)(F)F)c1[H])C(F)(F)F)<-n1c(-c3c2c([H])c([H])c([H])c3[H])c([H])c([H])c([H])c1[H]
ZESJEP,0,ok,0.0588,42,1,,[Ni+2]12(Sc3c(C(=N->1C([H])([H])C(N->2(C([H])([H])[H])C([H])([H])[H])([H])[H])[H])c([H])c([H])c([H])c3[H])Sc1c([H])c([H])c(Cl)c([H])c1[H]
ZESXIG,0,ok,0.1481,79,1,,[Ni+2]12(<-n3c([H])c([H])c([H])c4c3c3n->1c([H])c([H])c([H])c3c([H])c4[H])(n1nc(-c3c([H])c([H])c(C#N)c([H])c3[H])nn1)(<-n1c([H])c([H])c([H])c3c1c1n->2c([H])c([H])c([H])c1c([H])c3[H])n1nc(-c2c([H])c([H])c(C#N)c([H])c2[H])nn1
ZETPOG,0,ok,0.0965,63,1,,[Pd+2]123<-[c-]4[n+](C(C(=O)N1c1c(c([H])c([H])c([H])c1[H])N2C(=O)C(n1c([H])[n+](C(C([H])([H])[H])(C([H])([H])[H])C([H])([H])[H])c([H])[c-]->31)([H])[H])([H])[H])c([H])n(C(C([H])([H])[H])(C([H])([H])[H])C([H])([H])[H])c4[H]
ZEVNET,0,ok,0.0437,57,1,,[W+4](F)(F)(<-P(C([H])([H])[H])(C([H])([H])[H])C([H])([H])[H])(<-P(C([H])([H])[H])(C([H])([H])[H])C([H])([H])[H])(<-P(C([H])([H])[H])(C([H])([H])[H])C([H])([H])[H])([H])(<-P(C([H])([H])[H])(C([H])([H])[H])C([H])([H])[H])[H]
ZEXDOV,0,ok,0.0353,43,1,,[Fe]123(<-C4([H])=C->1(OC(C([H])([H])[H])(C([H])([H])[H])C([H])([H])[H])C->2(OC(C([H])([H])[H])(C([H])([H])[H])C([H])([H])[H])=C->3([H])C4=O)(<-[C-]#[O+])(<-[C-]#[O+])<-[C-]#[O+]
ZEYMUM,0,ok,0.0864,83,1,,[Zn+2]123(<-n4n(C(n5n->1c(C([H])(C([H])([H])[H])C([H])([H])[H])c1c5C([H])([H])C([H])([H])C1([H])[H])(n1n->2c(C([H])(C([H])([H])[H])C([H])([H])[H])c2c1C([H])([H])C([H])([H])C2([H])[H])[H])c1c(c4C([H])(C([H])([H])[H])C([H])([H])[H])C([H])([H])C([H])([H])C1([H])[H])(O[N+]([O-])=O)O[N+](=O)O3
ZEZDEN,0,ok,0.0454,66,1,,[Pd+4](I)(I)(<-N(C1([H])C([H])([H])C([H])([H])C([H])([H])C([H])([H])C1([H])[H])([H])[H])=C(N(C1([H])C([H])([H])C([H])([H])C([H])([H])C([H])([H])C1([H])[H])[H])N(N(C(C([H])([H])[H])(C([H])([H])[H])[H])C(C([H])([H])[H])(C([H])([H])[H])[H])[H]
ZIBJOM,-1,ok,0.0536,65,1,,[Co+3]1234(<-S(C([H])([H])C([H])([H])C([H])([H])N1C(=O)C(C([H])([H])[H])(C([H])([H])[H])S2(=O)=O)C([H])([H])C([H])([H])C([H])([H])N3C(=O)C(C([H])([H])[H])(C([H])([H])[H])S4(=O)=O)<-[C-]#[N+]C(C([H])([H])[H])(C([H])([H])[H])C([H])([H])[H]
ZIDSUA,0,ok,0.0476,71,1,,[Hf+4]12(N(C([H])([H])[H])C([H])([H])[H])N([Si](C([H])([H])[H])(C([H])([H])[H])C([H])([H])[H])C([H])([H])C([H])([H])N(C([H])([H])C([H])([H])N1[Si](C([H])([H])[H])(C([H])([H])[H])C([H])([H])[H])C([H])([H])C([H])([H])N2[Si](C([H])([H])[H])(C([H])([H])[H])C([H])([H])[H]
ZIGNIM,0,ok,0.3733,61,1,,[Fe+2]12345(<-P(c6c([H])c([H])c([H])c([H])c6[H])(c6c([H])c([H])c([H])c([H])c6[H])c6c([H])c([H])c([H])c([H])c6[H])(<-O=C(c6c1c(F)c(F)c(F)c6F)C([H])([H])[H])C1([H])C->2([H])=C->3([H])C->4([H])=C->51[H]
ZIHMIO,0,ok,0.1793,52,1,,[Ir+3]123(Cl)(<-n4c(Br)c([H])c([H])c([H])c4N=C1C(=O)c1c([H])c([H])c([H])c([H])c1[H])<-C1(C([H])([H])[H])=C->2(C([H])([H])[H])C3(C([H])([H])[H])C(C([H])([H])[H])=C1C([H])([H])[H]
ZIHYAQ,0,ok,0.3432,54,1,,[Zr+4]12345678(Cl)(C(C([H])([H])[H])=C([H])[H])(C9(C(C([H])([H])[H])(C([H])([H])[H])C([H])([H])[H])C->1([H])=C->2([H])C->3([H])=C->49[H])C1(C(C([H])([H])[H])(C([H])([H])[H])C([H])([H])[H])C->5([H])=C->6([H])C->7([H])=C->81[H]
ZIJJIL,0,ok,0.1170,85,1,,[W+2]1(I)(I)(<-P(C(C(P->1(c1c([H])c([H])c([H])c([H])c1[H])C(C(P(c1c([H])c([H])c([H])c([H])c1[H])c1c([H])c([H])c([H])c([H])c1[H])([H])[H])([H])[H])([H])[H])([H])[H])(c1c([H])c([H])c([H])c([H])c1[H])c1c([H])c([H])c([H])c([H])c1[H])(<-[C-]#[O+])<-C(#CC([H])([H])[H])C([H])([H])[H]
ZIKCUR,0,ok,0.0674,67,1,,[Cr+2](<-[C-]#[O+])(<-[C-]#[O+])(<-[C-]#[O+])(<-[C-]#[O+])(<-[C-]#[O+])=C(OC([H])([H])C([H])([H])[H])C([H])=C(C#CC(C([H])([H])[H])(C([H])([H])[H])C([H])([H])[H])N(C([H])([H])c1c([H])c([H])c([H])c([H])c1[H])C([H])([H])c1c([H])c([H])c([H])c([H])c1[H]
ZILLIR,0,ok,0.0506,48,1,,[Mo+6]12(<-N(=C([H])c3c(c(OC([H])([H])[H])c([H])c([H])c3[H])O1)N=C(c1c(O[H])c(C([H])([H])[H])c([H])c([H])c1[H])O2)(=O)=O.O(C([H])([H])C([H])([H])[H])[H]
ZINGUB,0,ok,0.0793,71,1,,[Ir+3]123(<-n4c(-c5c1c([H])c([H])c([H])c5[H])c1c([H])c([H])c([H])c([H])c1c([H])c4[H])(<-n1c(-c4c2c([H])c([H])c([H])c4[H])c([H])c([H])c(C([H])([H])[H])c1[H])<-C1N(c2c3c([H])c([H])c([H])c2[H])C([H])=C([H])N1C([H])([H])[H]
ZIPDEH,0,ok,0.0608,61,1,,[Mo+6]12(=O)(=O)(OC([H])([H])[H])<-n3n([B-](n4n->1c(C(C([H])([H])[H])(C([H])([H])[H])[H])c([H])c4[H])(n1n->2c(C(C([H])([H])[H])(C([H])([H])[H])[H])c([H])c1[H])[H])c([H])c([H])c3C(C([H])([H])[H])(C([H])([H])[H])[H]
ZIPWIG,0,ok,0.0596,76,1,,C1([H])=C([H])P(C(C([H])([H])[H])(C([H])([H])[H])C([H])([H])[H])(C(C([H])([H])[H])(C([H])([H])[H])C([H])([H])[H])->[Ir+3]2(c3c([H])c([H])c([H])c([H])c3[H])([H])N1C([H])=C([H])P->2(C(C([H])([H])[H])(C([H])([H])[H])C([H])([H])[H])C(C([H])([H])[H])(C([H])([H])[H])C([H])([H])[H]
ZIRTUP,0,ok,0.0774,45,1,,[Mo+2]1234(<-n5n([B-](n6n->1c([H])c([H])c6[H])(n1n->2c([H])c([H])c1[H])[H])c([H])c([H])c5[H])(<-C(=C->3([H])[H])(C4(C(=O)OC([H])([H])[H])[H])[H])(<-[C-]#[O+])<-[C-]#[O+]
ZISJEQ,0,ok,0.2534,44,1,,[W+2]12345(P(Cl)(=P->1C(C([H])([H])[H])(C([H])([H])[H])C([H])([H])[H])C(C([H])([H])[H])(C([H])([H])[H])C([H])([H])[H])(<-[C-]#[O+])(<-[C-]#[O+])<-C1([H])=C->2([H])C3([H])C->4([H])=C->51[H]
ZITHOC,0,ok,0.1499,55,1,,[Zr+4]123456(Cl)(Cl)(<-C(C(F)(F)F)(=N->1C([H])([H])C([H])([H])[H])N2C(C([H])([H])[H])(C([H])([H])[H])C([H])([H])[H])<-C1(C([H])([H])[H])=C->3(C([H])([H])[H])C4(C([H])([H])[H])C->5(C([H])([H])[H])=C->61C([H])([H])[H]
ZIVXOT,0,ok,0.0916,67,1,,[Ru+2]12345(<-O=C(c6c1c([H])c([H])c([H])c6[H])c1c([H])c([H])c([H])c([H])c1[H])(<-O=C(c1c2c([H])c([H])c([H])c1[H])c1c([H])c([H])c([H])c([H])c1[H])<-C1([H])=C->3([H])C([H])([H])C([H])([H])C->4([H])=C->5([H])C([H])([H])C1([H])[H]
ZIYCUF,0,ok,0.1696,78,1,,[Zr+4]123456789(Cl)(Cl)<-C%10(=C->1([H])C2(C(C([H])([H])[H])(C([H])([H])[H])C([H])([H])[H])C->3([H])=C->4%10[Si](C([H])([H])[H])(C([H])([H])[H])C([H])([H])[H])[Si](C([H])([H])[H])(C([H])([H])[H])C->51=C->6([H])C7(C(C([H])([H])[H])(C([H])([H])[H])C([H])([H])[H])C->8([H])=C->91[Si](C([H])([H])[H])(C([H])([H])[H])C([H])([H])[H]
ZIZJOJ,0,ok,0.0485,52,1,,[Au+](I)<-P(C([P+]([Se-])(c1c([H])c([H])c([H])c([H])c1[H])c1c([H])c([H])c([H])c([H])c1[H])([H])[H])(c1c([H])c([H])c([H])c([H])c1[H])c1c([H])c([H])c([H])c([H])c1[H]
ZOCLEL,0,ok,0.0486,63,1,,[Zn+2](O[Cl+3]([O-])([O-])[O-])(<-O1C([H])([H])C([H])([H])C([H])([H])C1([H])[H])(<-O1C([H])([H])C([H])([H])C([H])([H])C1([H])[H])(<-O1C([H])([H])C([H])([H])C([H])([H])C1([H])[H])(O[Cl+3]([O-])([O-])[O-])<-O1C([H])([H])C([H])([H])C([H])([H])C1([H])[H]
ZODNOX,0,ok,0.2037,61,1,,[Y+3]12345678(OC(C(n9c([H])[n+](C([H])(C([H])([H])[H])C([H])([H])[H])c([H])c9[H])([H])[H])(C([H])([H])[H])C([H])([H])[H])(n9c([H])c([H])c([H])c9[H])(<-C9([H])=C->1([H])C->2([H])=C->3([H])C49[H])<-C1([H])=C->5([H])C6([H])C->7([H])=C->81[H]
ZOFJEJ,0,ok,0.1033,61,1,,[Pt+4]1(<-P(OC([H])([H])[H])(c2c([H])c([H])c([H])c([H])c2[H])c2c([H])c([H])c([H])c([H])c2[H])(=P(OC([H])([H])[H])(c2c([H])c([H])c([H])c([H])c2[H])c2c([H])c([H])c([H])c([H])c2[H])SC(=O)S1
ZOGLIS,0,ok,0.1748,80,1,,[Ru+4]12(Cl)(Cl)(<-P(c3c([H])c([H])c([H])c([H])c3[H])(c3c([H])c([H])c([H])c([H])c3[H])C([H])([H])C([H])([H])C([H])([H])C(P->1(c1c([H])c([H])c([H])c([H])c1[H])c1c([H])c([H])c([H])c([H])c1[H])([H])[H])N([H])C([H])([H])C(C([H])([H])[H])(C([H])([H])[H])C([H])([H])N2[H]
ZOGYIG,0,ok,0.1073,75,1,,[Pt+2]1(<-n2c([H])c(C#C[Si](C([H])([H])[H])(C([H])([H])[H])C([H])([H])[H])c([H])c([H])c2-c2n->1c([H])c(C#C[Si](C([H])([H])[H])(C([H])([H])[H])C([H])([H])[H])c([H])c2[H])(C#Cc1c([H])c(Br)c([H])c([H])c1[H])C#Cc1c([H])c([H])c([H])c(Br)c1[H]
ZOHZAA,0,ok,0.0475,46,1,,[Se](->[Cu+]12(Cl)<-c34n(C([H])([H])[H])c(=[Se])n(C([H])([H])[H])c3c([H])c([H])c->1([H])c->24[H])=c1n(C([H])([H])[H])c2c(n1C([H])([H])[H])c([H])c([H])c([H])c2[H]
ZOJWIG,0,ok,0.0368,31,1,,[Cu+3]12(Br)(Br)<-N(c3c4n->1c([H])c([H])c([H])c4c([H])c([H])c3[H])=C=C1N2C([H])=C([H])C([H])=C1[H]
ZOLKAO,0,ok,0.0525,70,1,,C1([H])([H])C2=C([H])C([H])=C([H])C3=C([H])P(C(C([H])([H])[H])(C([H])([H])[H])C([H])([H])[H])(C(C([H])([H])[H])(C([H])([H])[H])C([H])([H])[H])->[Pd+2](N23)(<-P1(C(C([H])([H])[H])(C([H])([H])[H])C([H])([H])[H])C(C([H])([H])[H])(C([H])([H])[H])C([H])([H])[H])[H]
ZOLVOO,0,ok,0.0413,48,1,,[Au+3](Br)=C1N(C([H])([H])c2c([H])c([H])c([H])c([H])c2[H])C([H])([H])C([H])([H])C([H])([H])C([H])([H])C([H])([H])N1C([H])([H])c1c([H])c([H])c([H])c([H])c1[H]
ZOMFEM,0,ok,0.0393,49,1,,[Ni+2]1(<-P(C([H])([H])[H])(C([H])([H])[H])C([H])([H])[H])(Cl)C([P+](C([H])([H])[H])(C([H])([H])[H])C([H])([H])[H])([H])C(C([H])([H])[H])(C([H])([H])[H])c2c1c([H])c([H])c([H])c2[H]
ZOMJUI,1,ok,0.0681,77,1,,[Co+3]1234(<-N(=C([H])c5c(c(OC([H])([H])[H])c([H])c(Br)c5[H])O1)C([H])([H])C([H])([H])C([H])([H])N->2=C([H])c1c([H])c(Br)c([H])c(OC([H])([H])[H])c1O3)<-N(=C(c1c(O4)c(OC([H])([H])[H])c([H])c(Br)c1[H])[H])C([H])([H])C([H])([H])C([N+]([H])([H])[H])([H])[H]
ZONTAX,1,ok,0.0734,85,1,,[Ru+4](<-P(C([H])([H])[H])(C([H])([H])[H])c1c([H])c([H])c([H])c([H])c1[H])(<-P(C([H])([H])[H])(C([H])([H])[H])c1c([H])c([H])c([H])c([H])c1[H])(=C(N(C(C([H])([H])[H])(C([H])([H])[H])C([H])([H])[H])[H])c1c([H])c([H])c([H])c([H])c1[H])(C(C(=O)OC(C([H])([H])[H])([H])[H])([H])[H])(<-[C-]#[O+])<-[C-]#[O+]
ZOPTIJ,0,ok,0.0674,66,1,,[Ru+2]123456(Cl)(<-c7(C([H])(C([H])([H])[H])C([H])([H])[H])c->1([H])c->2([H])c->3(C([H])([H])[H])c->4([H])c->57[H])<-C1N(c2c6c([H])c(F)c([H])c2[H])C([H])=C([H])N1C([H])([H])c1c(C([H])([H])[H])c([H])c(C([H])([H])[H])c([H])c1C([H])([H])[H]
ZOQQAX,0,ok,0.2506,78,1,,[Fe+2]12345(<-[P-]6(=C([Si](C([H])([H])[H])(C([H])([H])[H])C([H])([H])[H])[Si](C([H])([H])[H])(C([H])([H])[H])C([H])([H])[H])OC(OC([H])([H])[H])=C(C(=C(C(=O)OC([H])([H])[H])[H])[H])C6(C(C->16=C->2(C([H])([H])[H])C3(C([H])([H])[H])C->4(C([H])([H])[H])=C->56C([H])([H])[H])([H])[H])[H])(<-[C-]#[O+])<-[C-]#[O+]
ZORVOT,0,ok,0.1031,67,1,,[Fe+4]1234([Si](C([H])([H])[H])(C([H])([H])[H])C([H])([H])[H])(=C=C([Si](C([H])([H])[H])(C([H])([H])[H])C([H])([H])[H])c5c([H])c([H])c([H])c([H])c5[H])(<-[C-]#[O+])<-C5(C([H])([H])[H])=C->1(C([H])([H])[H])C->2(C([H])([H])[H])=C->3(C([H])([H])[H])C45C([H])([H])[H]
ZOSWOV,0,ok,0.0653,62,1,,[Ir+3]123(<-n4c(-c5c1c([H])c([H])c([H])c5[H])c([H])c([H])c([H])c4[H])(<-n1c(-c4c2c([H])c([H])c([H])c4[H])c([H])c([H])c([H])c1[H])<-C1N(c2c3c([H])c(F)c([H])c2F)C([H])=C([H])N1C([H])([H])[H]
ZOVKEC,1,ok,0.1523,61,1,,[Fe+2]12345(<-C6N(C([H])(C([H])([H])C->17=C->2(C([H])([H])[H])C->3(C([H])([H])[H])=C->4(C([H])([H])[H])C57C([H])([H])[H])c1c([H])c([H])c([H])c([H])c1[H])C([H])=C([H])N6C([H])([H])[H])(<-S(=O)(C([H])([H])[H])C([H])([H])[H])<-[C-]#[O+]
ZOWRIM,0,ok,0.0962,61,1,,[Ni+2](<-n1c([H])c([H])c([H])c([H])c1N(C(=O)N(c1c([H])c([H])c([H])c([H])n1)[H])[H])(O[N+]([O-])=O)(<-n1c(N(C(=O)N(c2c([H])c([H])c([H])c([H])n2)[H])[H])c([H])c([H])c([H])c1[H])O[N+]([O-])=O
ZOXGOI,0,ok,0.0359,36,1,,[Pt]12(<-S=C3SC([H])([H])C([H])([H])C([H])([H])SC3=S->1)<-n1c([H])c([H])c([H])c([H])c1-c1n->2c([H])c([H])c([H])c1[H]
ZTDXCO,1,ok,0.0361,37,1,,[Co+3]12345<-N([H])(C([H])([H])C([H])([H])N->1([H])C([H])(C(=O)O2)C([H])([H])C([H])([H])SC3)C([H])(C(=O)O4)C([H])([H])C([H])([H])[S+2]#C5
ZUCGUZ,0,ok,0.1320,64,1,,[Re+3]123(Br)(<-P(C([H])([H])[H])(c4c([H])c([H])c([H])c([H])c4[H])c4c([H])c([H])c([H])c([H])c4[H])(C(=C(c4c([H])c([H])c([H])c([H])c4[H])[H])c4c([H])c([H])c([H])c([H])c4[H])<-C4([H])=C->1([H])C2([H])C([H])=C->34[H]
ZUDWOK,0,ok,0.3619,68,1,,[Hf+4]123456789(<-N(=C1[As]([Si](C([H])([H])[H])(C([H])([H])[H])C([H])([H])[H])[Si](C([H])([H])[H])(C([H])([H])[H])C([H])([H])[H])c1c([H])c([H])c([H])c([H])c1[H])(Cl)(C1(C([H])([H])[H])C->2([H])=C->3([H])C->4([H])=C->51[H])<-C1(C([H])([H])[H])=C->6([H])C7([H])C->8([H])=C->91[H]
ZUFZAB,0,ok,0.0422,54,1,,C12([H])C34=C([H])([H])->[W]<-356(<-C4(=O->5)C([H])([H])C([H])(C1(C([H])([H])[H])C([H])([H])[H])C2([H])[H])(<-[C-]#[O+])(<-[C-]#[O+])<-P(C(C([H])([H])P->6(C([H])([H])[H])C([H])([H])[H])([H])[H])(C([H])([H])[H])C([H])([H])[H]
ZUHCIO,-1,ok,0.2401,60,1,,[Zn+2]123(<-O=[N+]=O)n4c5c6c([H])c([H])c([H])c([H])c6c4=Nc4n1c(c1c4c([H])c([H])c([H])c1[H])N=c1n2c(c2c1c([H])c([H])c([H])c2[H])=Nc1n3c(c2c1c([H])c([H])c([H])c2[H])N=5
ZUJHAN,0,ok,0.4577,47,1,,[Ta+5]12345678(=NN=Nc9c([H])c([H])c(N(C([H])([H])[H])C([H])([H])[H])c([H])c9[H])(<-C9([H])=C->1([H])C->2([H])=C->3([H])C49[H])(C1([H])C->5([H])=C->6([H])C->7([H])=C->81[H])C([H])([H])[H]
ZUKSED,0,ok,0.0309,39,1,,[Cr+2](<-[C-]#[O+])(<-[C-]#[O+])(<-[C-]#[O+])(<-[C-]#[O+])(<-[C-]#[O+])[C-]1OC2(OC([H])([H])C(C([H])([H])[H])([H])C([H])([H])C2(C([H])([H])[H])[H])C([H])([H])C1([H])[H]
ZUNRUX,0,ok,0.0608,54,1,,[Ir+3]123(<-n4c(-c5sc([H])c([H])c51)sc1c4c([H])c([H])c([H])c1[H])(<-n1c(-c4sc([H])c([H])c42)sc2c([H])c([H])c([H])c([H])c12)<-n1c([H])c([H])c([H])c([H])c1C(O3)=O
ZURLON,0,ok,0.0590,59,1,,[Au+3]1(<-S=C(S1)N(C(C([H])([H])[H])([H])[H])C(C([H])([H])[H])([H])[H])(SC(=S)N(C(C([H])([H])[H])([H])[H])C(C([H])([H])[H])([H])[H])c1c(C(N(C([H])([H])[H])C([H])([H])[H])([H])[H])c([H])c([H])c([H])c1[H]
ZUTNAF,0,ok,0.0227,29,1,,[Cd+2](OC(=O)C([H])=C([H])C([H])([H])[H])(<-O([H])[H])(OC(=O)C([H])=C([H])C([H])([H])[H])<-O([H])[H]
ZUXGEE,0,ok,0.0334,34,1,,[W+2](<-[C-]#[O+])(<-[C-]#[O+])(<-[C-]#[O+])(=C=C=C=C=C(N(C([H])([H])[H])C([H])([H])[H])N(C([H])([H])[H])C([H])([H])[H])(<-[C-]#[O+])<-[C-]#[O+]
ZUXWUK,0,ok,0.2493,54,1,,[La+3]123456789%10(<-N(C(c%11c1c(C(N->2(C([H])([H])[H])C([H])([H])[H])([H])[H])c([H])c([H])c%11[H])([H])[H])(C([H])([H])[H])C([H])([H])[H])(C1([H])C->3([H])=C->4([H])C->5([H])=C->61[H])<-C1([H])=C->7([H])C8([H])C->9([H])=C->%101[H]
ZUZMEM,1,ok,0.0315,39,1,,[Co+3]12(<-N(=O)C(C([H])([H])[H])=C(N1O[H])C([H])([H])[H])(<-N([H])([H])[H])(<-N(=O)C(C([H])([H])[H])=C(N2O[H])C([H])([H])[H])<-N([H])([H])[H]
