IDs,status,both_parsed,ligand_equiv,ligand_canonical,metal_connectivity,metal_oxidation,full_connectivity,ox_ilp,ox_reference,old_ilp_oxidation,old_mechanism_class,old_motif_class,ilp_ligands,reference_ligands,old_ilp_ligands,smiles_ilp,error
ACNCFE,ok,1,1,1,1,1,1,0,0,2,coupled_ligand_charge_and_oxidation,haptic_or_adjacent_multi_C,C1=Cc2cccc3cccc1c23 || [C-]#[O+] || [C-]#[O+] || [C-]#[O+] || [C-]#[O+],C1=Cc2cccc3cccc1c23 || [C-]#[O+] || [C-]#[O+] || [C-]#[O+] || [C-]#[O+],[C-]#[O+] || [C-]#[O+] || [C-]#[O+] || [C-]#[O+] || c1cc2c3c(cccc3c1)[CH-][CH-]2,C12(->[Fe](<-[C-]#[O+])(<-[C-]#[O+])(<-[C-]#[O+])(<-[C-]#[O+])<-C=1([H])c1c3c(c([H])c([H])c1[H])c([H])c([H])c([H])c32)[H],
ACUSAS,ok,1,1,1,1,1,1,2,2,4,coupled_ligand_charge_and_oxidation,P_donor_no_M_C,COC(=O)C(CCSC)NP(c1ccccc1)c1ccccc1 || [Cl-] || [Cl-],COC(=O)C(CCSC)NP(c1ccccc1)c1ccccc1 || [Cl-] || [Cl-],COC(=O)C(CCSC)N[P-2](c1ccccc1)c1ccccc1 || [Cl-] || [Cl-],[Pd+2]1(Cl)(Cl)<-P(N([H])C([H])(C(=O)OC([H])([H])[H])C([H])([H])C([H])([H])S->1C([H])([H])[H])(c1c([H])c([H])c([H])c([H])c1[H])c1c([H])c([H])c([H])c([H])c1[H],
ADIBUL,ok,1,1,1,1,1,1,2,2,4,coupled_ligand_charge_and_oxidation,P_donor_no_M_C,O=P(CN(c1ccccn1)P(c1ccccc1)c1ccccc1)(c1ccccc1)c1ccccc1 || [Cl-] || [Cl-],O=P(CN(c1ccccn1)P(c1ccccc1)c1ccccc1)(c1ccccc1)c1ccccc1 || [Cl-] || [Cl-],O=P(CN(c1ccccn1)[P-2](c1ccccc1)c1ccccc1)(c1ccccc1)c1ccccc1 || [Cl-] || [Cl-],[Pt+2]1(<-P(N(c2n->1c([H])c([H])c([H])c2[H])C(P(=O)(c1c([H])c([H])c([H])c([H])c1[H])c1c([H])c([H])c([H])c([H])c1[H])([H])[H])(c1c([H])c([H])c([H])c([H])c1[H])c1c([H])c([H])c([H])c([H])c1[H])(Cl)Cl,
ADIYOD,ok,1,1,1,1,1,1,2,2,4,coupled_ligand_charge_and_oxidation,P_donor_no_M_C,COP(OC)OC || COP(OC)OC || COP(OC)OC || COP(OC)OC || [Cl-] || [Cl-],COP(OC)OC || COP(OC)OC || COP(OC)OC || COP(OC)OC || [Cl-] || [Cl-],COP(OC)OC || COP(OC)OC || COP(OC)OC || CO[P-2](OC)OC || [Cl-] || [Cl-],[Ru+2](Cl)(Cl)(<-P(OC([H])([H])[H])(OC([H])([H])[H])OC([H])([H])[H])(<-P(OC([H])([H])[H])(OC([H])([H])[H])OC([H])([H])[H])(<-P(OC([H])([H])[H])(OC([H])([H])[H])OC([H])([H])[H])<-P(OC([H])([H])[H])(OC([H])([H])[H])OC([H])([H])[H],
AFAKAW,ok,1,1,1,1,1,1,2,2,4,coupled_ligand_charge_and_oxidation,S_Se_donor_no_M_C,CS(C)=O || Cc1ccc(S(=O)(=O)N(Cc2cccc(C)n2)Cc2cccc(C)n2)cc1 || [Cl-] || [Cl-],CS(C)=O || Cc1ccc(S(=O)(=O)N(Cc2cccc(C)n2)Cc2cccc(C)n2)cc1 || [Cl-] || [Cl-],C[S-2](C)=O || Cc1ccc(S(=O)(=O)N(Cc2cccc(C)n2)Cc2cccc(C)n2)cc1 || [Cl-] || [Cl-],c1(C([H])([H])[H])c([H])c([H])c([H])c(C([H])([H])N(C([H])([H])c2c([H])c([H])c([H])c(C([H])([H])[H])n2)S(c2c([H])c([H])c(C([H])([H])[H])c([H])c2[H])(=O)=O)n1->[Pt+2](<-S(C([H])([H])[H])(C([H])([H])[H])=O)(Cl)Cl,
AFEDUL,ok,1,1,1,1,1,1,2,2,6,coupled_ligand_charge_and_oxidation,S_Se_donor_no_M_C,CS(C)=O || CS(C)=O || Nc1ccccc1N=Cc1cc(Br)ccc1[O-] || [Cl-],CS(C)=O || CS(C)=O || Nc1ccccc1N=Cc1cc(Br)ccc1[O-] || [Cl-],C[S-2](C)=O || C[S-2](C)=O || Nc1ccccc1N=Cc1cc(Br)ccc1[O-] || [Cl-],[Ru+2]12(Cl)(<-S(=O)(C([H])([H])[H])C([H])([H])[H])(<-S(=O)(C([H])([H])[H])C([H])([H])[H])Oc3c(C(=N->1c1c(N->2([H])[H])c([H])c([H])c([H])c1[H])[H])c([H])c(Br)c([H])c3[H],
AGOQIX,ok,1,1,1,1,1,1,2,2,4,coupled_ligand_charge_and_oxidation,S_Se_donor_no_M_C,CS(C)=O || CS(C)=O || NC(=O)NN=Cc1ccccc1 || [Cl-] || [Cl-],CS(C)=O || CS(C)=O || NC(=O)NN=Cc1ccccc1 || [Cl-] || [Cl-],CS(C)=O || C[S-2](C)=O || NC(=O)NN=Cc1ccccc1 || [Cl-] || [Cl-],[Ru+2]1(Cl)(Cl)(<-S(=O)(C([H])([H])[H])C([H])([H])[H])(<-S(=O)(C([H])([H])[H])C([H])([H])[H])<-O=C(N(N->1=C([H])c1c([H])c([H])c([H])c([H])c1[H])[H])N([H])[H],
AJEBAS,ok,1,1,1,1,1,1,2,2,4,coupled_ligand_charge_and_oxidation,S_Se_donor_no_M_C,CC1=CC(C)=NCCN1 || CS(C)=O || [Cl-] || [Cl-],CC1=CC(C)=NCCN1 || CS(C)=O || [Cl-] || [Cl-],CC1=CC(C)=NCCN1 || C[S-2](C)=O || [Cl-] || [Cl-],[Pt+2](Cl)(Cl)(<-S(=O)(C([H])([H])[H])C([H])([H])[H])<-N1=C(C([H])([H])[H])C([H])=C(C([H])([H])[H])N([H])C([H])([H])C1([H])[H],
ALAVUF,ok,1,1,1,1,1,1,2,2,4,coupled_ligand_charge_and_oxidation,S_Se_donor_no_M_C,CS(C)=O || CS(C)=O || O || [Cl-] || c1ccc(-c2ccccn2)nc1,CS(C)=O || CS(C)=O || O || [Cl-] || c1ccc(-c2ccccn2)nc1,CS(C)=O || C[S-2](C)=O || O || [Cl-] || c1ccc(-c2ccccn2)nc1,[Ru+2]1(Cl)(<-S(=O)(C([H])([H])[H])C([H])([H])[H])(<-S(=O)(C([H])([H])[H])C([H])([H])[H])(<-O([H])[H])<-n2c(-c3n->1c([H])c([H])c([H])c3[H])c([H])c([H])c([H])c2[H],
ALAWAM,ok,1,1,1,1,1,1,2,2,4,coupled_ligand_charge_and_oxidation,S_Se_donor_no_M_C,CS(C)=O || CS(C)=O || CS(C)=O || [Cl-] || c1ccc(-c2ccccn2)nc1,CS(C)=O || CS(C)=O || CS(C)=O || [Cl-] || c1ccc(-c2ccccn2)nc1,C1=C[N-]C(=C2C=CC=C[N-]2)C=C1 || CS(C)=O || CS(C)=O || CS(C)=O || [Cl-],[Ru+2]1(Cl)(<-S(=O)(C([H])([H])[H])C([H])([H])[H])(<-S(=O)(C([H])([H])[H])C([H])([H])[H])(<-O=S(C([H])([H])[H])C([H])([H])[H])<-n2c(-c3n->1c([H])c([H])c([H])c3[H])c([H])c([H])c([H])c2[H],
ALAWEQ,ok,1,1,1,1,1,1,2,2,4,coupled_ligand_charge_and_oxidation,S_Se_donor_no_M_C,CO || CS(C)=O || CS(C)=O || [Cl-] || c1ccc(-c2ccccn2)nc1,CO || CS(C)=O || CS(C)=O || [Cl-] || c1ccc(-c2ccccn2)nc1,CO || CS(C)=O || C[S-2](C)=O || [Cl-] || c1ccc(-c2ccccn2)nc1,[Ru+2]1(Cl)(<-S(=O)(C([H])([H])[H])C([H])([H])[H])(<-S(=O)(C([H])([H])[H])C([H])([H])[H])(<-O(C([H])([H])[H])[H])<-n2c(-c3n->1c([H])c([H])c([H])c3[H])c([H])c([H])c([H])c2[H],
ALIPIU,ok,1,1,1,1,1,1,2,2,6,coupled_ligand_charge_and_oxidation,S_Se_donor_no_M_C,CS(=O)c1ccccc1C=NC1CCCCC1N=Cc1ccccc1S(C)=O || [Cl-] || [Cl-],CS(=O)c1ccccc1C=NC1CCCCC1N=Cc1ccccc1S(C)=O || [Cl-] || [Cl-],C[S-2](=O)c1ccccc1C=NC1CCCCC1N=Cc1ccccc1[S-2](C)=O || [Cl-] || [Cl-],[Ru+2]123(Cl)(Cl)<-S(=O)(C([H])([H])[H])c4c([H])c([H])c([H])c([H])c4C(=N->1C1([H])C(N->2=C(c2c(S->3(=O)C([H])([H])[H])c([H])c([H])c([H])c2[H])[H])([H])C([H])([H])C([H])([H])C([H])([H])C1([H])[H])[H],
ALIQAN,ok,1,1,1,1,1,1,2,2,6,coupled_ligand_charge_and_oxidation,S_Se_donor_no_M_C,CS(=O)c1ccccc1C=NCCN=Cc1ccccc1S(C)=O || O || [Cl-],CS(=O)c1ccccc1C=NCCN=Cc1ccccc1S(C)=O || O || [Cl-],C[S-2](=O)c1ccccc1C=NCCN=Cc1ccccc1[S-2](C)=O || O || [Cl-],[Ru+2]123(Cl)(<-S(C([H])([H])[H])(c4c([H])c([H])c([H])c([H])c4C(=N->1C(C(N->2=C(c1c(S->3(C([H])([H])[H])=O)c([H])c([H])c([H])c1[H])[H])([H])[H])([H])[H])[H])=O)<-O([H])[H],
ANIFEJ,ok,1,1,1,1,1,1,2,2,4,coupled_ligand_charge_and_oxidation,S_Se_donor_no_M_C,CS(C)=O || CS(C)=O || Cc1c(N)c(=O)n(-c2ccccc2)n1C || [Cl-] || [Cl-],CS(C)=O || CS(C)=O || Cc1c(N)c(=O)n(-c2ccccc2)n1C || [Cl-] || [Cl-],CS(C)=O || C[S-2](C)=O || Cc1c(N)c(=O)n(-c2ccccc2)n1C || [Cl-] || [Cl-],[Ru+2]1(Cl)(Cl)(<-S(=O)(C([H])([H])[H])C([H])([H])[H])(<-S(=O)(C([H])([H])[H])C([H])([H])[H])<-O=c2n(-c3c([H])c([H])c([H])c([H])c3[H])n(C([H])([H])[H])c(C([H])([H])[H])c2N->1([H])[H],
AQAHEH,ok,1,1,1,1,1,1,2,2,4,coupled_ligand_charge_and_oxidation,haptic_or_adjacent_multi_C,C1=CCCC=CCC1 || CS(C)=O || [CH3-],C1=CCCC=CCC1 || CS(C)=O || [CH3-],C1=CCCC=CCC1 || C[S-2](C)=O || [CH3-],[Pt+2]123(<-S(=O)(C([H])([H])[H])C([H])([H])[H])(C([H])([H])[H])<-C4([H])=C->1([H])C([H])([H])C([H])([H])C->2([H])=C->3([H])C([H])([H])C4([H])[H],
AQAXIZ,ok,1,1,1,1,1,1,2,2,4,coupled_ligand_charge_and_oxidation,S_Se_donor_no_M_C,COc1ccc(-c2c([O-])c(=O)c2=O)cc1 || CS(C)=O || CS(C)=O || CS(C)=O || O || [Cl-],COc1ccc(-c2c([O-])c(=O)c2=O)cc1 || CS(C)=O || CS(C)=O || CS(C)=O || O || [Cl-],COc1ccc(-c2c([O-])c(=O)c2=O)cc1 || CS(C)=O || CS(C)=O || C[S-2](C)=O || O || [Cl-],[Ru+2](Cl)(<-S(=O)(C([H])([H])[H])C([H])([H])[H])(<-S(=O)(C([H])([H])[H])C([H])([H])[H])(<-S(=O)(C([H])([H])[H])C([H])([H])[H])(Oc1c(=O)c(=O)c1-c1c([H])c([H])c(OC([H])([H])[H])c([H])c1[H])<-O([H])[H],
AQAXOF,ok,1,1,1,1,1,1,2,2,8,coupled_ligand_charge_and_oxidation,S_Se_donor_no_M_C,CS(C)=O || CS(C)=O || CS(C)=O || O || O=c1c([O-])c(Nc2ccccc2)c1=O || [Cl-],CS(C)=O || CS(C)=O || CS(C)=O || O || O=c1c([O-])c(Nc2ccccc2)c1=O || [Cl-],C[S-2](C)=O || C[S-2](C)=O || C[S-2](C)=O || O || O=c1c([O-])c(Nc2ccccc2)c1=O || [Cl-],[Ru+2](Cl)(<-S(=O)(C([H])([H])[H])C([H])([H])[H])(<-S(=O)(C([H])([H])[H])C([H])([H])[H])(<-S(=O)(C([H])([H])[H])C([H])([H])[H])(Oc1c(=O)c(=O)c1N([H])c1c([H])c([H])c([H])c([H])c1[H])<-O([H])[H],
BAYLOE,ok,1,1,1,1,1,1,2,2,6,coupled_ligand_charge_and_oxidation,S_Se_donor_no_M_C,CS(C)=O || CS(C)=O || [Cl-] || [Cl-] || c1ccc2[nH]c(-c3n[nH]c4ncccc34)nc2c1,CS(C)=O || CS(C)=O || [Cl-] || [Cl-] || c1ccc2[nH]c(-c3n[nH]c4ncccc34)nc2c1,C[S-2](C)=O || C[S-2](C)=O || [Cl-] || [Cl-] || c1ccc2[nH]c(-c3n[nH]c4ncccc34)nc2c1,[Ru+2]1(Cl)(Cl)(<-n2n([H])c3nc([H])c([H])c([H])c3c2-c2n([H])c3c([H])c([H])c([H])c([H])c3n->12)(<-S(=O)(C([H])([H])[H])C([H])([H])[H])<-S(=O)(C([H])([H])[H])C([H])([H])[H],
BAYLUK,ok,1,1,1,1,1,1,2,2,4,coupled_ligand_charge_and_oxidation,S_Se_donor_no_M_C,Brc1cnc2n[n-]c(-c3nc4ccccc4[nH]3)c2c1 || CS(C)=O || CS(C)=O || CS(C)=O || [Cl-],Brc1cnc2n[n-]c(-c3nc4ccccc4[nH]3)c2c1 || CS(C)=O || CS(C)=O || CS(C)=O || [Cl-],Brc1cnc2n[n-]c(-c3nc4ccccc4[nH]3)c2c1 || CS(C)=O || CS(C)=O || C[S-2](C)=O || [Cl-],[Ru+2]1(Cl)(n2nc3nc([H])c(Br)c([H])c3c2-c2n([H])c3c([H])c([H])c([H])c([H])c3n->12)(<-S(=O)(C([H])([H])[H])C([H])([H])[H])(<-S(=O)(C([H])([H])[H])C([H])([H])[H])<-S(=O)(C([H])([H])[H])C([H])([H])[H],
BEKDUS,ok,1,1,1,1,1,1,2,2,4,coupled_ligand_charge_and_oxidation,other_C_bound_ligand,CC(C)P(NCC[S-])C(C)C || [CH2-]CNP(C(C)C)C(C)C,CC(C)P(NCC[S-])C(C)C || [CH2-]CNP(C(C)C)C(C)C,CC(C)[P-2](NCC[S-])C(C)C || [CH2-]CNP(C(C)C)C(C)C,[Ni+2]12(SC(C(N(P->1(C([H])(C([H])([H])[H])C([H])([H])[H])C([H])(C([H])([H])[H])C([H])([H])[H])[H])([H])[H])([H])[H])<-P(N([H])C([H])([H])C2([H])[H])(C([H])(C([H])([H])[H])C([H])([H])[H])C([H])(C([H])([H])[H])C([H])([H])[H],
BEKFAA,ok,1,1,1,1,1,1,2,2,4,coupled_ligand_charge_and_oxidation,other_C_bound_ligand,CC(C)P(OCC[S-])C(C)C || [CH2-]COP(C(C)C)C(C)C,CC(C)P(OCC[S-])C(C)C || [CH2-]COP(C(C)C)C(C)C,CC(C)[P-2](OCC[S-])C(C)C || [CH2-]COP(C(C)C)C(C)C,[Ni+2]12(SC(C(OP->1(C([H])(C([H])([H])[H])C([H])([H])[H])C([H])(C([H])([H])[H])C([H])([H])[H])([H])[H])([H])[H])<-P(OC([H])([H])C2([H])[H])(C([H])(C([H])([H])[H])C([H])([H])[H])C([H])(C([H])([H])[H])C([H])([H])[H],
BENQIW,ok,1,1,1,1,1,1,0,0,0,metal_disconnection_or_ligand_partition,carbonyl_like,[C-]#[O+] || [C-]#[O+] || [C-]#[O+] || [C-]#[O+] || [C-]#[O+] || [O-]p1oc2ccc3ccccc3c2c2c(ccc3ccccc32)o1,[C-]#[O+] || [C-]#[O+] || [C-]#[O+] || [C-]#[O+] || [C-]#[O+] || [O-]p1oc2ccc3ccccc3c2c2c(ccc3ccccc32)o1,O=[P-]1Oc2ccc3ccccc3c2-c2c(ccc3ccccc23)O1 || [C-]#[O+] || [C-]#[O+] || [C-]#[O+] || [C-]#[O+] || [C-]#[O+],[C-](#[O+])->[W](<-[C-]#[O+])(<-[C-]#[O+])(<-[C-]#[O+])(<-[C-]#[O+])<-p1([O-])oc2c([H])c([H])c3c([H])c([H])c([H])c([H])c3c2c2c3c([H])c([H])c([H])c([H])c3c([H])c([H])c2o1,
BENQOC,ok,1,1,1,1,1,1,0,0,0,metal_disconnection_or_ligand_partition,carbonyl_like,[C-]#[O+] || [C-]#[O+] || [C-]#[O+] || [C-]#[O+] || [C-]#[O+] || [O-]p1oc2ccccc2c2ccccc2o1,[C-]#[O+] || [C-]#[O+] || [C-]#[O+] || [C-]#[O+] || [C-]#[O+] || [O-]p1oc2ccccc2c2ccccc2o1,O=[P-]1Oc2ccccc2-c2ccccc2O1 || [C-]#[O+] || [C-]#[O+] || [C-]#[O+] || [C-]#[O+] || [C-]#[O+],[C-](#[O+])->[W](<-[C-]#[O+])(<-[C-]#[O+])(<-[C-]#[O+])(<-[C-]#[O+])<-p1([O-])oc2c([H])c([H])c([H])c([H])c2c2c([H])c([H])c([H])c([H])c2o1,
BISHUJ,ok,1,1,1,1,1,1,0,0,0,metal_disconnection_or_ligand_partition,carbonyl_like,[C-]#[O+] || [C-]#[O+] || [C-]#[O+] || [C-]#[O+] || [C-]#[O+] || [O-]P(c1ccccc1)c1ccccc1,[C-]#[O+] || [C-]#[O+] || [C-]#[O+] || [C-]#[O+] || [C-]#[O+] || [O-]P(c1ccccc1)c1ccccc1,O=[P-](c1ccccc1)c1ccccc1 || [C-]#[O+] || [C-]#[O+] || [C-]#[O+] || [C-]#[O+] || [C-]#[O+],[W](<-P([O-])(c1c([H])c([H])c([H])c([H])c1[H])c1c([H])c([H])c([H])c([H])c1[H])(<-[C-]#[O+])(<-[C-]#[O+])(<-[C-]#[O+])(<-[C-]#[O+])<-[C-]#[O+],
BOBNOX,ok,1,1,1,1,1,1,2,2,4,coupled_ligand_charge_and_oxidation,P_donor_no_M_C,CC(=Nc1c(C(C)C)cccc1C(C)C)c1cccc(OP(C(C)(C)C)C(C)(C)C)n1 || [Cl-] || [Cl-],CC(=Nc1c(C(C)C)cccc1C(C)C)c1cccc(OP(C(C)(C)C)C(C)(C)C)n1 || [Cl-] || [Cl-],CC([N-]c1c(C(C)C)cccc1C(C)C)=C1C=CC=C(OP(C(C)(C)C)C(C)(C)C)[N-]1 || [Cl-] || [Cl-],[Fe+2]12(<-P(Oc3n->1c(C(=N->2c1c(C([H])(C([H])([H])[H])C([H])([H])[H])c([H])c([H])c([H])c1C([H])(C([H])([H])[H])C([H])([H])[H])C([H])([H])[H])c([H])c([H])c3[H])(C(C([H])([H])[H])(C([H])([H])[H])C([H])([H])[H])C(C([H])([H])[H])(C([H])([H])[H])C([H])([H])[H])(Cl)Cl,
BOKPUP,ok,1,1,1,1,1,1,1,1,1,metal_disconnection_or_ligand_partition,S_Se_donor_no_M_C,CC(C)P(=[Se])(c1cc2ccc1CCc1ccc(cc1)CC2)C(C)C || [Cl-],CC(C)P(=[Se])(c1cc2ccc1CCc1ccc(cc1)CC2)C(C)C || [Cl-],CC(C)[P+]([Se-])(c1cc2ccc1CCc1ccc(cc1)CC2)C(C)C || [Cl-],[Au+](Cl)<-[Se]=P(c1c2c([H])c([H])c(c1[H])C([H])([H])C([H])([H])c1c([H])c([H])c(c([H])c1[H])C([H])([H])C2([H])[H])(C([H])(C([H])([H])[H])C([H])([H])[H])C([H])(C([H])([H])[H])C([H])([H])[H],
BOKQAW,ok,1,1,1,1,1,1,1,1,1,metal_disconnection_or_ligand_partition,S_Se_donor_no_M_C,CC(C)P(=[Se])(c1cc2ccc1CCc1ccc(cc1)CC2)C(C)C || [Br-],CC(C)P(=[Se])(c1cc2ccc1CCc1ccc(cc1)CC2)C(C)C || [Br-],CC(C)[P+]([Se-])(c1cc2ccc1CCc1ccc(cc1)CC2)C(C)C || [Br-],[Au+](Br)<-[Se]=P(c1c2c([H])c([H])c(c1[H])C([H])([H])C([H])([H])c1c([H])c([H])c(c([H])c1[H])C([H])([H])C2([H])[H])(C([H])(C([H])([H])[H])C([H])([H])[H])C([H])(C([H])([H])[H])C([H])([H])[H],
BOKQIE,ok,1,1,1,1,1,1,3,3,3,metal_disconnection_or_ligand_partition,S_Se_donor_no_M_C,CC(C)P(=[Se])(c1cc2ccc1CCc1ccc(cc1)CC2)C(C)C || [Cl-] || [Cl-] || [Cl-],CC(C)P(=[Se])(c1cc2ccc1CCc1ccc(cc1)CC2)C(C)C || [Cl-] || [Cl-] || [Cl-],CC(C)[P+]([Se-])(c1cc2ccc1CCc1ccc(cc1)CC2)C(C)C || [Cl-] || [Cl-] || [Cl-],[Au+3](Cl)(Cl)(Cl)<-[Se]=P(c1c2c([H])c([H])c(c1[H])C([H])([H])C([H])([H])c1c([H])c([H])c(c([H])c1[H])C([H])([H])C2([H])[H])(C([H])(C([H])([H])[H])C([H])([H])[H])C([H])(C([H])([H])[H])C([H])([H])[H],
BOKRAX,ok,1,1,1,1,1,1,3,3,3,metal_disconnection_or_ligand_partition,S_Se_donor_no_M_C,CC(C)P(=[Se])(c1cc2ccc1CCc1ccc(cc1)CC2)C(C)C || [Br-] || [Br-] || [Br-],CC(C)P(=[Se])(c1cc2ccc1CCc1ccc(cc1)CC2)C(C)C || [Br-] || [Br-] || [Br-],CC(C)[P+]([Se-])(c1cc2ccc1CCc1ccc(cc1)CC2)C(C)C || [Br-] || [Br-] || [Br-],[Au+3](Br)(Br)(Br)<-[Se]=P(c1c2c([H])c([H])c(c1[H])C([H])([H])C([H])([H])c1c([H])c([H])c(c([H])c1[H])C([H])([H])C2([H])[H])(C([H])(C([H])([H])[H])C([H])([H])[H])C([H])(C([H])([H])[H])C([H])([H])[H],
BONBUC,ok,1,1,1,1,1,1,3,3,3,metal_disconnection_or_ligand_partition,haptic_or_adjacent_multi_C,CC([O-])=NP(c1ccccc1)c1ccccc1 || [I-] || c1cc[cH-]c1,CC([O-])=NP(c1ccccc1)c1ccccc1 || [I-] || c1cc[cH-]c1,CC(=O)N=[P-](c1ccccc1)c1ccccc1 || [I-] || c1cc[cH-]c1,I[Co+3]12345(<-P(N=C(O1)C([H])([H])[H])(c1c([H])c([H])c([H])c([H])c1[H])c1c([H])c([H])c([H])c([H])c1[H])<-C1([H])=C->2([H])C->3([H])=C->4([H])C51[H],
BONCIR,ok,1,1,1,1,1,1,2,2,4,coupled_ligand_charge_and_oxidation,P_donor_no_M_C,CC([O-])=NP(c1ccccc1)c1ccccc1 || CC([O-])=NP(c1ccccc1)c1ccccc1,CC([O-])=NP(c1ccccc1)c1ccccc1 || CC([O-])=NP(c1ccccc1)c1ccccc1,CC([O-])=NP(c1ccccc1)c1ccccc1 || CC([O-])=N[P-2](c1ccccc1)c1ccccc1,[Ni+2]12(<-P(N=C(O1)C([H])([H])[H])(c1c([H])c([H])c([H])c([H])c1[H])c1c([H])c([H])c([H])c([H])c1[H])<-P(N=C(O2)C([H])([H])[H])(c1c([H])c([H])c([H])c([H])c1[H])c1c([H])c([H])c([H])c([H])c1[H],
BUCJOZ,ok,1,1,1,1,1,1,2,2,4,coupled_ligand_charge_and_oxidation,P_donor_no_M_C,CS(C)=O || Cc1cc(C)n(-c2cccc(-c3nc4ccccc4[nH]3)n2)n1 || [Cl-] || c1ccc(P(c2ccccc2)c2ccccc2)cc1,CS(C)=O || Cc1cc(C)n(-c2cccc(-c3nc4ccccc4[nH]3)n2)n1 || [Cl-] || c1ccc(P(c2ccccc2)c2ccccc2)cc1,C[S-2](C)=O || Cc1cc(C)n(-c2cccc(-c3nc4ccccc4[nH]3)n2)n1 || [Cl-] || c1ccc(P(c2ccccc2)c2ccccc2)cc1,[Ru+2]12(<-P(c3c([H])c([H])c([H])c([H])c3[H])(c3c([H])c([H])c([H])c([H])c3[H])c3c([H])c([H])c([H])c([H])c3[H])(<-S(=O)(C([H])([H])[H])C([H])([H])[H])(Cl)<-n3c(-n4n->1c(C([H])([H])[H])c([H])c4C([H])([H])[H])c([H])c([H])c([H])c3-c1n->2c2c(n1[H])c([H])c([H])c([H])c2[H],
BUXMUC,ok,1,1,1,1,1,1,2,2,4,coupled_ligand_charge_and_oxidation,carbonyl_like,CP(c1ccccc1)c1ccccc1P(C)c1ccccc1 || CS(C)=O || [C-]#[O+] || [Cl-] || [Cl-],CP(c1ccccc1)c1ccccc1P(C)c1ccccc1 || CS(C)=O || [C-]#[O+] || [Cl-] || [Cl-],CP(c1ccccc1)c1ccccc1P(C)c1ccccc1 || C[S-2](C)=O || [C-]#[O+] || [Cl-] || [Cl-],[Ru+2]1(<-[C-]#[O+])(Cl)(<-S(=O)(C([H])([H])[H])C([H])([H])[H])(<-P(c2c([H])c([H])c([H])c([H])c2P->1(C([H])([H])[H])c1c([H])c([H])c([H])c([H])c1[H])(C([H])([H])[H])c1c([H])c([H])c([H])c([H])c1[H])Cl,
CAMSAM,ok,1,1,1,1,1,1,2,2,2,metal_disconnection_or_ligand_partition,other_C_bound_ligand,CC(C)Oc1cc[c-]c2c1ccc1cccnc12 || COc1ccc(S(=O)(=O)[N-]c2cccc3ccc4cccnc4c23)cc1,CC(C)Oc1cc[c-]c2c1ccc1cccnc12 || COc1ccc(S(=O)(=O)[N-]c2cccc3ccc4cccnc4c23)cc1,CC(C)Oc1cc[c-]c2c1ccc1cccnc12 || COc1ccc(S(=O)(=O)N=c2cccc3ccc4ccc[n-]c4c23)cc1,[Pd+2]12(<-n3c([H])c([H])c([H])c4c([H])c([H])c5c([H])c([H])c([H])c(N1S(=O)(=O)c1c([H])c([H])c(OC([H])([H])[H])c([H])c1[H])c5c34)<-n1c([H])c([H])c([H])c3c([H])c([H])c4c(OC([H])(C([H])([H])[H])C([H])([H])[H])c([H])c([H])c2c4c13,
CAQZUQ,ok,1,1,1,1,1,1,2,2,4,coupled_ligand_charge_and_oxidation,S_Se_donor_no_M_C,CS(C)=O || CS(C)=O || NNC(N)=O || [Cl-] || [Cl-],CS(C)=O || CS(C)=O || NNC(N)=O || [Cl-] || [Cl-],CS(C)=O || C[S-2](C)=O || NNC(N)=O || [Cl-] || [Cl-],[Ru+2]1(Cl)(Cl)(<-S(=O)(C([H])([H])[H])C([H])([H])[H])(<-S(=O)(C([H])([H])[H])C([H])([H])[H])<-O=C(N([H])[H])N([H])N->1([H])[H],
CEHQIP,ok,1,1,1,1,1,1,2,2,4,coupled_ligand_charge_and_oxidation,other_C_bound_ligand,[CH3-] || [CH3-] || c1ccn(P(n2cccc2)n2cccc2)c1 || c1ccn(P(n2cccc2)n2cccc2)c1,[CH3-] || [CH3-] || c1ccn(P(n2cccc2)n2cccc2)c1 || c1ccn(P(n2cccc2)n2cccc2)c1,[CH3-] || [CH3-] || c1ccn(P(n2cccc2)n2cccc2)c1 || c1ccn([P-2](n2cccc2)n2cccc2)c1,[Pt+2](<-P(n1c([H])c([H])c([H])c1[H])(n1c([H])c([H])c([H])c1[H])n1c([H])c([H])c([H])c1[H])(<-P(n1c([H])c([H])c([H])c1[H])(n1c([H])c([H])c([H])c1[H])n1c([H])c([H])c([H])c1[H])(C([H])([H])[H])C([H])([H])[H],
CEVMAU,ok,1,1,1,1,1,1,2,2,2,metal_disconnection_or_ligand_partition,S_Se_donor_no_M_C,CCCCP(=[Se])(CCCC)CCCC || CCCCP(=[Se])(CCCC)CCCC || [Cl-] || [Cl-],CCCCP(=[Se])(CCCC)CCCC || CCCCP(=[Se])(CCCC)CCCC || [Cl-] || [Cl-],CCCC[P+]([Se-])(CCCC)CCCC || CCCC[P+]([Se-])(CCCC)CCCC || [Cl-] || [Cl-],[Se](->[Zn+2](<-[Se]=P(C([H])([H])C([H])([H])C([H])([H])C([H])([H])[H])(C([H])([H])C([H])([H])C([H])([H])C([H])([H])[H])C([H])([H])C([H])([H])C([H])([H])C([H])([H])[H])(Cl)Cl)=P(C([H])([H])C([H])([H])C([H])([H])C([H])([H])[H])(C([H])([H])C([H])([H])C([H])([H])C([H])([H])[H])C([H])([H])C([H])([H])C([H])([H])C([H])([H])[H],
CIFHAD,ok,1,1,1,1,1,1,2,2,4,coupled_ligand_charge_and_oxidation,other_C_bound_ligand,COc1ccc[c-]c1NC(=Nc1ccccc1OC)Nc1ccccc1OC || CS(C)=O || O=C([O-])C(F)(F)F,COc1ccc[c-]c1NC(=Nc1ccccc1OC)Nc1ccccc1OC || CS(C)=O || O=C([O-])C(F)(F)F,COc1ccc[c-]c1NC(=Nc1ccccc1OC)Nc1ccccc1OC || C[S-2](C)=O || O=C([O-])C(F)(F)F,[Pt+2]1(<-S(=O)(C([H])([H])[H])C([H])([H])[H])(OC(=O)C(F)(F)F)<-N(=C(N([H])c2c([H])c([H])c([H])c([H])c2OC([H])([H])[H])N([H])c2c1c([H])c([H])c([H])c2OC([H])([H])[H])c1c([H])c([H])c([H])c([H])c1OC([H])([H])[H],
CIHYUP,ok,1,1,1,1,1,1,2,2,4,coupled_ligand_charge_and_oxidation,S_Se_donor_no_M_C,CN(C)CCN(C)C || CS(C)=O || O=[N+]([O-])[O-],CN(C)CCN(C)C || CS(C)=O || O=[N+]([O-])[O-],CN(C)CCN(C)C || C[S-2](C)=O || O=[N+]([O-])[O-],[Pt+2]1(<-S(=O)(C([H])([H])[H])C([H])([H])[H])(O[N+]([O-])=O)<-N(C([H])([H])[H])(C([H])([H])[H])C([H])([H])C(N->1(C([H])([H])[H])C([H])([H])[H])([H])[H],
CODZAX,ok,1,1,1,1,1,1,2,2,6,coupled_ligand_charge_and_oxidation,haptic_or_adjacent_multi_C,CSN=C1[C-]=C(c2ccccc2)C(SC)=C1C#N || c1cc[cH-]c1 || c1ccc(P(c2ccccc2)c2ccccc2)cc1,CSN=C1[C-]=C(c2ccccc2)C(SC)=C1C#N || c1cc[cH-]c1 || c1ccc(P(c2ccccc2)c2ccccc2)cc1,CSc1c(-c2ccccc2)[c-2]c(N=[S-3]C)c1C#N || c1cc[cH-]c1 || c1ccc(P(c2ccccc2)c2ccccc2)cc1,[Ru+2]12345(<-P(c6c([H])c([H])c([H])c([H])c6[H])(c6c([H])c([H])c([H])c([H])c6[H])c6c([H])c([H])c([H])c([H])c6[H])(C6=C(c7c([H])c([H])c([H])c([H])c7[H])C(SC([H])([H])[H])=C(C#N)C6=NS->1C([H])([H])[H])<-C1([H])=C->2([H])C->3([H])=C->4([H])C51[H],
CORSEJ,ok,1,1,1,1,1,1,2,2,6,coupled_ligand_charge_and_oxidation,S_Se_donor_no_M_C,CS(C)=O || CS(C)=O || O=C(NN=Cc1c(O)ccc2ccccc12)c1cccs1 || [Cl-] || [Cl-],CS(C)=O || CS(C)=O || O=C(NN=Cc1c(O)ccc2ccccc12)c1cccs1 || [Cl-] || [Cl-],C[S-2](C)=O || C[S-2](C)=O || O=C(NN=Cc1c(O)ccc2ccccc12)c1cccs1 || [Cl-] || [Cl-],[Ru+2]1(<-S(C([H])([H])[H])(C([H])([H])[H])=O)(<-S(C([H])([H])[H])(C([H])([H])[H])=O)(Cl)(Cl)<-N(=C([H])c2c3c(c([H])c([H])c2O[H])c([H])c([H])c([H])c3[H])N(C(c2sc([H])c([H])c2[H])=O->1)[H],
COSHEZ,ok,1,1,1,1,1,1,2,2,4,coupled_ligand_charge_and_oxidation,S_Se_donor_no_M_C,CS(C)=O || CS(C)=O || O=C(NN=Cc1c(O)ccc2ccccc12)c1ccccc1 || [Cl-] || [Cl-],CS(C)=O || CS(C)=O || O=C(NN=Cc1c(O)ccc2ccccc12)c1ccccc1 || [Cl-] || [Cl-],CS(C)=O || C[S-2](C)=O || O=C(NN=Cc1c(O)ccc2ccccc12)c1ccccc1 || [Cl-] || [Cl-],[Ru+2]1(Cl)(Cl)(<-S(=O)(C([H])([H])[H])C([H])([H])[H])(<-S(=O)(C([H])([H])[H])C([H])([H])[H])<-O=C(N(N->1=C([H])c1c2c(c([H])c([H])c1O[H])c([H])c([H])c([H])c2[H])[H])c1c([H])c([H])c([H])c([H])c1[H],
DECJEA,ok,1,1,1,1,1,1,4,4,4,metal_disconnection_or_ligand_partition,haptic_or_adjacent_multi_C,[CH-]=P(c1ccccc1)(c1ccccc1)c1ccccc1 || [c-]1ccccc1 || c1cc[cH-]c1 || c1cc[cH-]c1,[CH-]=P(c1ccccc1)(c1ccccc1)c1ccccc1 || [c-]1ccccc1 || c1cc[cH-]c1 || c1cc[cH-]c1,[CH-2][P+](c1ccccc1)(c1ccccc1)c1ccccc1 || [c-]1ccccc1 || c1cc[cH-]c1 || c1cc[cH-]c1,[Zr+4]12345678(c9c([H])c([H])c([H])c([H])c9[H])(C(=P(c9c([H])c([H])c([H])c([H])c9[H])(c9c([H])c([H])c([H])c([H])c9[H])c9c([H])c([H])c([H])c([H])c9[H])[H])(C9([H])C->1([H])=C->2([H])C->3([H])=C->49[H])<-C1([H])=C->5([H])C->6([H])=C->7([H])C81[H],
DECKAZ,ok,1,1,1,1,1,1,2,2,4,coupled_ligand_charge_and_oxidation,P_donor_no_M_C,CC(C)P(Nc1ccccn1)C(C)C || [Cl-] || [Cl-],CC(C)P(Nc1ccccn1)C(C)C || [Cl-] || [Cl-],CC(C)[P-2](Nc1ccccn1)C(C)C || [Cl-] || [Cl-],[Fe+2]1(Cl)(Cl)<-P(N([H])c2n->1c([H])c([H])c([H])c2[H])(C([H])(C([H])([H])[H])C([H])([H])[H])C([H])(C([H])([H])[H])C([H])([H])[H],
DEMZOL,ok,1,1,1,1,1,1,2,2,2,metal_disconnection_or_ligand_partition,P_donor_no_M_C,[S-]c1nsc(Cl)n1 || [S-]c1nsc(Cl)n1 || c1ccc(P(CCP(c2ccccc2)c2ccccc2)c2ccccc2)cc1,[S-]c1nsc(Cl)n1 || [S-]c1nsc(Cl)n1 || c1ccc(P(CCP(c2ccccc2)c2ccccc2)c2ccccc2)cc1,[S-]C1=NC(Cl)=S=N1 || [S-]c1nsc(Cl)n1 || c1ccc(P(CCP(c2ccccc2)c2ccccc2)c2ccccc2)cc1,[Pt+2]1(Sc2nsc(Cl)n2)(Sc2nsc(Cl)n2)<-P(C([H])([H])C([H])([H])P->1(c1c([H])c([H])c([H])c([H])c1[H])c1c([H])c([H])c([H])c([H])c1[H])(c1c([H])c([H])c([H])c([H])c1[H])c1c([H])c([H])c([H])c([H])c1[H],
DEXCEP,ok,1,1,1,1,1,1,2,2,4,coupled_ligand_charge_and_oxidation,S_Se_donor_no_M_C,CS(C)=O || CS(C)=O || [Cl-] || [Cl-] || c1ccc2[nH]cnc2c1 || c1ccc2[nH]cnc2c1,CS(C)=O || CS(C)=O || [Cl-] || [Cl-] || c1ccc2[nH]cnc2c1 || c1ccc2[nH]cnc2c1,CS(C)=O || C[S-2](C)=O || [Cl-] || [Cl-] || c1ccc2[nH]cnc2c1 || c1ccc2[nH]cnc2c1,[Os+2](<-S(=O)(C([H])([H])[H])C([H])([H])[H])(Cl)(<-S(=O)(C([H])([H])[H])C([H])([H])[H])(Cl)(<-n1c([H])n([H])c2c([H])c([H])c([H])c([H])c12)<-n1c2c([H])c([H])c([H])c([H])c2n([H])c1[H],
DEXCIT,ok,1,1,1,1,1,1,2,2,4,coupled_ligand_charge_and_oxidation,S_Se_donor_no_M_C,CS(C)=O || CS(C)=O || CS(C)=O || [Cl-] || [Cl-] || c1c[nH]cn1,CS(C)=O || CS(C)=O || CS(C)=O || [Cl-] || [Cl-] || c1c[nH]cn1,CS(C)=O || CS(C)=O || C[S-2](C)=O || [Cl-] || [Cl-] || c1c[nH]cn1,[Os+2](Cl)(Cl)(<-S(=O)(C([H])([H])[H])C([H])([H])[H])(<-S(=O)(C([H])([H])[H])C([H])([H])[H])(<-S(=O)(C([H])([H])[H])C([H])([H])[H])<-n1c([H])n([H])c([H])c1[H],
DEXCOZ,ok,1,1,1,1,1,1,2,2,4,coupled_ligand_charge_and_oxidation,S_Se_donor_no_M_C,CS(C)=O || CS(C)=O || CS(C)=O || [Cl-] || [Cl-] || c1ccc2[nH]cnc2c1,CS(C)=O || CS(C)=O || CS(C)=O || [Cl-] || [Cl-] || c1ccc2[nH]cnc2c1,CS(C)=O || CS(C)=O || C[S-2](C)=O || [Cl-] || [Cl-] || c1ccc2[nH]cnc2c1,[Os+2](<-S(=O)(C([H])([H])[H])C([H])([H])[H])(<-S(=O)(C([H])([H])[H])C([H])([H])[H])(<-S(=O)(C([H])([H])[H])C([H])([H])[H])(<-n1c2c([H])c([H])c([H])c([H])c2n([H])c1[H])(Cl)Cl,
DEXCUF,ok,1,1,1,1,1,1,2,2,4,coupled_ligand_charge_and_oxidation,S_Se_donor_no_M_C,CS(C)=O || CS(C)=O || [Cl-] || [Cl-] || c1c[nH]cn1 || c1c[nH]cn1,CS(C)=O || CS(C)=O || [Cl-] || [Cl-] || c1c[nH]cn1 || c1c[nH]cn1,CS(C)=O || C[S-2](C)=O || [Cl-] || [Cl-] || c1c[nH]cn1 || c1c[nH]cn1,[Os+2](Cl)(Cl)(<-S(=O)(C([H])([H])[H])C([H])([H])[H])(<-S(=O)(C([H])([H])[H])C([H])([H])[H])(<-n1c([H])n([H])c([H])c1[H])<-n1c([H])n([H])c([H])c1[H],
DEXDOA,ok,1,1,1,1,1,1,2,2,4,coupled_ligand_charge_and_oxidation,S_Se_donor_no_M_C,CS(C)=O || CS(C)=O || CS(C)=O || [Cl-] || [Cl-] || c1cn[nH]c1,CS(C)=O || CS(C)=O || CS(C)=O || [Cl-] || [Cl-] || c1cn[nH]c1,CS(C)=O || CS(C)=O || C[S-2](C)=O || [Cl-] || [Cl-] || c1cn[nH]c1,[Os+2](Cl)(Cl)(<-S(=O)(C([H])([H])[H])C([H])([H])[H])(<-S(=O)(C([H])([H])[H])C([H])([H])[H])(<-S(=O)(C([H])([H])[H])C([H])([H])[H])<-n1n([H])c([H])c([H])c1[H],
DEYGIX,ok,1,1,1,1,1,1,4,4,4,metal_disconnection_or_ligand_partition,haptic_or_adjacent_multi_C,[CH-]=P(c1ccccc1)(c1ccccc1)c1ccccc1 || [CH2-]C || c1cc[cH-]c1 || c1cc[cH-]c1,[CH-]=P(c1ccccc1)(c1ccccc1)c1ccccc1 || [CH2-]C || c1cc[cH-]c1 || c1cc[cH-]c1,[CH-2][P+](c1ccccc1)(c1ccccc1)c1ccccc1 || [CH2-]C || c1cc[cH-]c1 || c1cc[cH-]c1,[Hf+4]12345678(C(C([H])([H])[H])([H])[H])(C(=P(c9c([H])c([H])c([H])c([H])c9[H])(c9c([H])c([H])c([H])c([H])c9[H])c9c([H])c([H])c([H])c([H])c9[H])[H])(<-C9([H])=C->1([H])C2([H])C->3([H])=C->49[H])C1([H])C->5([H])=C->6([H])C->7([H])=C->81[H],
DOKZEK,ok,1,1,1,1,1,1,2,2,4,coupled_ligand_charge_and_oxidation,other_C_bound_ligand,CC(C)N(Cc1[c-]c(OP(C(C)C)C(C)C)ccc1)C(C)C || [Cl-],CC(C)N(Cc1[c-]c(OP(C(C)C)C(C)C)ccc1)C(C)C || [Cl-],CC(C)N(Cc1[c-]c(O[P-2](C(C)C)C(C)C)ccc1)C(C)C || [Cl-],[Pd+2]12(Cl)<-P(Oc3c([H])c([H])c([H])c(C([H])([H])N->1(C([H])(C([H])([H])[H])C([H])([H])[H])C([H])(C([H])([H])[H])C([H])([H])[H])c32)(C([H])(C([H])([H])[H])C([H])([H])[H])C([H])(C([H])([H])[H])C([H])([H])[H],
DOXPOX,ok,1,1,1,1,1,1,1,1,1,metal_disconnection_or_ligand_partition,S_Se_donor_no_M_C,CC(C)P(=[Se])(C(C)C)C(C)C || CC(C)P(=[Se])(C(C)C)C(C)C || [I-],CC(C)P(=[Se])(C(C)C)C(C)C || CC(C)P(=[Se])(C(C)C)C(C)C || [I-],CC(C)[P+]([Se-])(C(C)C)C(C)C || CC(C)[P+]([Se-])(C(C)C)C(C)C || [I-],I[Cu+](<-[Se]=P(C([H])(C([H])([H])[H])C([H])([H])[H])(C([H])(C([H])([H])[H])C([H])([H])[H])C([H])(C([H])([H])[H])C([H])([H])[H])<-[Se]=P(C([H])(C([H])([H])[H])C([H])([H])[H])(C([H])(C([H])([H])[H])C([H])([H])[H])C([H])(C([H])([H])[H])C([H])([H])[H],
EBAQEF,ok,1,1,1,1,1,1,2,2,6,coupled_ligand_charge_and_oxidation,S_Se_donor_no_M_C,CS(C)=O || CS(C)=O || [Cl-] || [Cl-] || c1c[nH]c(-c2ncc[nH]2)n1,CS(C)=O || CS(C)=O || [Cl-] || [Cl-] || c1c[nH]c(-c2ncc[nH]2)n1,C[S-2](C)=O || C[S-2](C)=O || [Cl-] || [Cl-] || c1c[nH]c(-c2ncc[nH]2)n1,[Ru+2]1(Cl)(Cl)(<-S(=O)(C([H])([H])[H])C([H])([H])[H])(<-S(=O)(C([H])([H])[H])C([H])([H])[H])<-n2c([H])c([H])n([H])c2-c2n->1c([H])c([H])n2[H],
ECOPEU,ok,1,1,1,1,1,1,2,2,4,coupled_ligand_charge_and_oxidation,other_C_bound_ligand,CCCCn1c(-c2[c-]c(OP(C(C)C)C(C)C)ccc2)nc2ccccc21 || [Cl-],CCCCn1c(-c2[c-]c(OP(C(C)C)C(C)C)ccc2)nc2ccccc21 || [Cl-],CCCCn1c(-c2[c-]c(O[P-2](C(C)C)C(C)C)ccc2)nc2ccccc21 || [Cl-],[Pd+2]12(Cl)<-P(Oc3c([H])c([H])c([H])c(-c4n->1c1c([H])c([H])c([H])c([H])c1n4C([H])([H])C([H])([H])C([H])([H])C([H])([H])[H])c32)(C([H])(C([H])([H])[H])C([H])([H])[H])C([H])(C([H])([H])[H])C([H])([H])[H],
ECOPIY,ok,1,1,1,1,1,1,2,2,4,coupled_ligand_charge_and_oxidation,other_C_bound_ligand,CCCCn1c(-c2[c-]c(OP(C3CCCCC3)C3CCCCC3)ccc2)nc2ccccc21 || [Cl-],CCCCn1c(-c2[c-]c(OP(C3CCCCC3)C3CCCCC3)ccc2)nc2ccccc21 || [Cl-],CCCCn1c(-c2[c-]c(O[P-2](C3CCCCC3)C3CCCCC3)ccc2)nc2ccccc21 || [Cl-],[Pd+2]12(Cl)<-P(Oc3c([H])c([H])c([H])c(-c4n->1c1c([H])c([H])c([H])c([H])c1n4C([H])([H])C([H])([H])C([H])([H])C([H])([H])[H])c32)(C1([H])C([H])([H])C([H])([H])C([H])([H])C([H])([H])C1([H])[H])C1([H])C([H])([H])C([H])([H])C([H])([H])C([H])([H])C1([H])[H],
EJILOZ,ok,1,1,1,1,1,1,2,2,2,metal_disconnection_or_ligand_partition,other_C_bound_ligand,CC(c1[c-]ccc2ccccc12)N(C)C || [Se]=P(CP(c1ccccc1)c1ccccc1)(c1ccccc1)c1ccccc1,CC(c1[c-]ccc2ccccc12)N(C)C || [Se]=P(CP(c1ccccc1)c1ccccc1)(c1ccccc1)c1ccccc1,CC(c1[c-]ccc2ccccc12)N(C)C || [Se-][P+](CP(c1ccccc1)c1ccccc1)(c1ccccc1)c1ccccc1,[Pt+2]12(<-[Se]=P(C(P->1(c1c([H])c([H])c([H])c([H])c1[H])c1c([H])c([H])c([H])c([H])c1[H])([H])[H])(c1c([H])c([H])c([H])c([H])c1[H])c1c([H])c([H])c([H])c([H])c1[H])<-N(C(c1c2c([H])c([H])c2c([H])c([H])c([H])c([H])c21)(C([H])([H])[H])[H])(C([H])([H])[H])C([H])([H])[H],
EKOROL,ok,1,1,1,1,1,1,5,5,7,coupled_ligand_charge_and_oxidation,P_donor_no_M_C,CCOP(c1ccccc1)c1ccccc1 || [Cl-] || [Cl-] || [O-2] || [O-]CCOP(c1ccccc1)c1ccccc1,CCOP(c1ccccc1)c1ccccc1 || [Cl-] || [Cl-] || [O-2] || [O-]CCOP(c1ccccc1)c1ccccc1,CCOP(c1ccccc1)c1ccccc1 || [Cl-] || [Cl-] || [O-2] || [O-]CCO[P-2](c1ccccc1)c1ccccc1,[Re+5]1(=O)(<-P(OC(C(O1)([H])[H])([H])[H])(c1c([H])c([H])c([H])c([H])c1[H])c1c([H])c([H])c([H])c([H])c1[H])(<-P(OC([H])([H])C([H])([H])[H])(c1c([H])c([H])c([H])c([H])c1[H])c1c([H])c([H])c([H])c([H])c1[H])(Cl)Cl,
EPOWUC,ok,1,1,1,1,1,1,2,2,4,coupled_ligand_charge_and_oxidation,other_C_bound_ligand,[Cl-] || [c-]1c(CN=P(c2ccccc2)(c2ccccc2)c2ccccc2)cccc1CNP(c1ccccc1)c1ccccc1,[Cl-] || [c-]1c(CN=P(c2ccccc2)(c2ccccc2)c2ccccc2)cccc1CNP(c1ccccc1)c1ccccc1,[Cl-] || [c-]1c(CN=P(c2ccccc2)(c2ccccc2)c2ccccc2)cccc1CN[P-2](c1ccccc1)c1ccccc1,[Pd+2]12(Cl)<-P(N([H])C(c3c1c(C(N->2=P(c1c([H])c([H])c([H])c([H])c1[H])(c1c([H])c([H])c([H])c([H])c1[H])c1c([H])c([H])c([H])c([H])c1[H])([H])[H])c([H])c([H])c3[H])([H])[H])(c1c([H])c([H])c([H])c([H])c1[H])c1c([H])c([H])c([H])c([H])c1[H],
EPUKUW,ok,1,1,1,1,1,1,2,2,4,coupled_ligand_charge_and_oxidation,P_donor_no_M_C,COc1ccccc1-n1ccnc1P(O)C(C)(C)C || COc1ccccc1-n1ccnc1P(O)C(C)(C)C || [Br-] || [Br-],COc1ccccc1-n1ccnc1P(O)C(C)(C)C || COc1ccccc1-n1ccnc1P(O)C(C)(C)C || [Br-] || [Br-],COc1ccccc1-n1ccnc1P(O)C(C)(C)C || COc1ccccc1-n1ccnc1[P-2](O)C(C)(C)C || [Br-] || [Br-],[Pd+2](Br)(Br)(<-P(O[H])(c1n(-c2c(OC([H])([H])[H])c([H])c([H])c([H])c2[H])c([H])c([H])n1)C(C([H])([H])[H])(C([H])([H])[H])C([H])([H])[H])<-P(O[H])(C(C([H])([H])[H])(C([H])([H])[H])C([H])([H])[H])c1n(-c2c([H])c([H])c([H])c([H])c2OC([H])([H])[H])c([H])c([H])n1,
ESIZOW,ok,1,1,1,1,1,1,2,2,4,coupled_ligand_charge_and_oxidation,S_Se_donor_no_M_C,CS(C)=O || CS(C)=O || [Cl-] || [Cl-] || c1ccc(-c2cn(Cc3ccccn3)nn2)cc1,CS(C)=O || CS(C)=O || [Cl-] || [Cl-] || c1ccc(-c2cn(Cc3ccccn3)nn2)cc1,CS(C)=O || C[S-2](C)=O || [Cl-] || [Cl-] || c1ccc(-c2cn(Cc3ccccn3)nn2)cc1,[Ru+2]1(Cl)(Cl)(<-S(=O)(C([H])([H])[H])C([H])([H])[H])(<-S(=O)(C([H])([H])[H])C([H])([H])[H])<-n2c([H])c([H])c([H])c([H])c2C(n2n->1nc(-c1c([H])c([H])c([H])c([H])c1[H])c2[H])([H])[H],
EVACUZ,ok,1,1,1,1,1,1,2,2,4,coupled_ligand_charge_and_oxidation,P_donor_no_M_C,Cc1cccc(C(C)(C)OP(c2ccccc2)c2ccccc2)n1 || [Cl-] || [Cl-],Cc1cccc(C(C)(C)OP(c2ccccc2)c2ccccc2)n1 || [Cl-] || [Cl-],Cc1cccc(C(C)(C)O[P-2](c2ccccc2)c2ccccc2)n1 || [Cl-] || [Cl-],[Ni+2]1(<-P(OC(c2n->1c(C([H])([H])[H])c([H])c([H])c2[H])(C([H])([H])[H])C([H])([H])[H])(c1c([H])c([H])c([H])c([H])c1[H])c1c([H])c([H])c([H])c([H])c1[H])(Cl)Cl,
EZAFOB,ok,1,1,1,1,1,1,2,2,4,coupled_ligand_charge_and_oxidation,S_Se_donor_no_M_C,CS(C)=O || CS(C)=O || CS(C)=O || NCCN || [Cl-],CS(C)=O || CS(C)=O || CS(C)=O || NCCN || [Cl-],CS(C)=O || CS(C)=O || C[S-2](C)=O || NCCN || [Cl-],[Ru+2]1(Cl)(<-S(=O)(C([H])([H])[H])C([H])([H])[H])(<-S(=O)(C([H])([H])[H])C([H])([H])[H])(<-S(=O)(C([H])([H])[H])C([H])([H])[H])<-N([H])([H])C([H])([H])C(N->1([H])[H])([H])[H],
EZAFUH,ok,1,1,1,1,1,1,2,2,4,coupled_ligand_charge_and_oxidation,S_Se_donor_no_M_C,CS(C)=O || CS(C)=O || CS(C)=O || NC1CCCCC1N || [Cl-],CS(C)=O || CS(C)=O || CS(C)=O || NC1CCCCC1N || [Cl-],CS(C)=O || CS(C)=O || C[S-2](C)=O || NC1CCCCC1N || [Cl-],[Ru+2]1(Cl)(<-S(=O)(C([H])([H])[H])C([H])([H])[H])(<-S(=O)(C([H])([H])[H])C([H])([H])[H])(<-S(=O)(C([H])([H])[H])C([H])([H])[H])<-N([H])([H])C2([H])C(N->1([H])[H])([H])C([H])([H])C([H])([H])C([H])([H])C2([H])[H],
EZAGAO,ok,1,1,1,1,1,1,2,2,6,coupled_ligand_charge_and_oxidation,S_Se_donor_no_M_C,CS(C)=O || CS(C)=O || CS(C)=O || N || N || [Cl-],CS(C)=O || CS(C)=O || CS(C)=O || N || N || [Cl-],CS(C)=O || C[S-2](C)=O || C[S-2](C)=O || N || N || [Cl-],[Ru+2](Cl)(<-S(=O)(C([H])([H])[H])C([H])([H])[H])(<-S(=O)(C([H])([H])[H])C([H])([H])[H])(<-S(=O)(C([H])([H])[H])C([H])([H])[H])(<-N([H])([H])[H])<-N([H])([H])[H],
EZAGES,ok,1,1,1,1,1,1,2,2,6,coupled_ligand_charge_and_oxidation,S_Se_donor_no_M_C,CS(C)=O || CS(C)=O || CS(C)=O || O=C([O-])c1ccccn1 || [Cl-],CS(C)=O || CS(C)=O || CS(C)=O || O=C([O-])c1ccccn1 || [Cl-],CS(C)=O || C[S-2](C)=O || C[S-2](C)=O || O=C([O-])c1ccccn1 || [Cl-],[Ru+2]1(Cl)(<-n2c([H])c([H])c([H])c([H])c2C(O1)=O)(<-S(=O)(C([H])([H])[H])C([H])([H])[H])(<-S(=O)(C([H])([H])[H])C([H])([H])[H])<-S(=O)(C([H])([H])[H])C([H])([H])[H],
FAPZAX,ok,1,1,1,1,1,1,4,4,4,metal_disconnection_or_ligand_partition,haptic_or_adjacent_multi_C,[CH-]=P(c1ccccc1)(c1ccccc1)c1ccccc1 || [c-]1ccccc1 || c1cc[cH-]c1 || c1cc[cH-]c1,[CH-]=P(c1ccccc1)(c1ccccc1)c1ccccc1 || [c-]1ccccc1 || c1cc[cH-]c1 || c1cc[cH-]c1,[CH-2][P+](c1ccccc1)(c1ccccc1)c1ccccc1 || [c-]1ccccc1 || c1cc[cH-]c1 || c1cc[cH-]c1,[Ti+4]12345678(c9c([H])c([H])c([H])c([H])c9[H])(C(=P(c9c([H])c([H])c([H])c([H])c9[H])(c9c([H])c([H])c([H])c([H])c9[H])c9c([H])c([H])c([H])c([H])c9[H])[H])(<-C9([H])=C->1([H])C2([H])C->3([H])=C->49[H])<-C1([H])=C->5([H])C->6([H])=C->7([H])C81[H],
FEGSUI,ok,1,1,1,1,1,1,1,1,3,coupled_ligand_charge_and_oxidation,carbonyl_like,CC(C)P(N=c1cccc(NP(C(C)C)C(C)C)[n-]1)C(C)C || [C-]#[O+] || [C-]#[O+] || [C-]#[O+],CC(C)P(N=c1cccc(NP(C(C)C)C(C)C)[n-]1)C(C)C || [C-]#[O+] || [C-]#[O+] || [C-]#[O+],CC(C)[P-2](Nc1cccc(N=[P-](C(C)C)C(C)C)n1)C(C)C || [C-]#[O+] || [C-]#[O+] || [C-]#[O+],[Mn+]12(<-P(N(c3n1c(=NP->2(C([H])(C([H])([H])[H])C([H])([H])[H])C([H])(C([H])([H])[H])C([H])([H])[H])c([H])c([H])c3[H])[H])(C([H])(C([H])([H])[H])C([H])([H])[H])C([H])(C([H])([H])[H])C([H])([H])[H])(<-[C-]#[O+])(<-[C-]#[O+])<-[C-]#[O+],
FIWNOQ,ok,1,1,1,1,1,1,2,2,4,coupled_ligand_charge_and_oxidation,S_Se_donor_no_M_C,CS(C)=O || O=C1OCCN1Cc1ccccn1 || [Cl-] || [Cl-],CS(C)=O || O=C1OCCN1Cc1ccccn1 || [Cl-] || [Cl-],C[S-2](C)=O || O=C1OCCN1Cc1ccccn1 || [Cl-] || [Cl-],[Pt+2](<-n1c([H])c([H])c([H])c([H])c1C(N1C([H])([H])C([H])([H])OC1=O)([H])[H])(Cl)(Cl)<-S(=O)(C([H])([H])[H])C([H])([H])[H],
FOCSIA,ok,1,1,1,1,1,1,2,2,4,coupled_ligand_charge_and_oxidation,other_C_bound_ligand,COC[CH-]CNP(c1ccccc1)c1ccccc1 || COC[CH-]CNP(c1ccccc1)c1ccccc1,COC[CH-]CNP(c1ccccc1)c1ccccc1 || COC[CH-]CNP(c1ccccc1)c1ccccc1,COC[CH-]CNP(c1ccccc1)c1ccccc1 || COC[CH-]CN[P-2](c1ccccc1)c1ccccc1,[Pt+2]12(<-P(N([H])C([H])([H])C1([H])C([H])([H])OC([H])([H])[H])(c1c([H])c([H])c([H])c([H])c1[H])c1c([H])c([H])c([H])c([H])c1[H])<-P(N([H])C([H])([H])C2([H])C([H])([H])OC([H])([H])[H])(c1c([H])c([H])c([H])c([H])c1[H])c1c([H])c([H])c([H])c([H])c1[H],
GAQTEA,ok,1,1,1,1,1,1,2,2,4,coupled_ligand_charge_and_oxidation,S_Se_donor_no_M_C,CS(C)=O || CS(C)=O || O=C(O)c1ccc(-c2ccc(C(=O)O)cn2)nc1 || [Cl-] || [Cl-],CS(C)=O || CS(C)=O || O=C(O)c1ccc(-c2ccc(C(=O)O)cn2)nc1 || [Cl-] || [Cl-],CS(C)=O || CS(C)=O || O=C(O)C1=C[N-]C(=C2C=CC(C(=O)O)=C[N-]2)C=C1 || [Cl-] || [Cl-],[Ru+2]1(Cl)(Cl)(<-S(=O)(C([H])([H])[H])C([H])([H])[H])(<-S(=O)(C([H])([H])[H])C([H])([H])[H])<-n2c([H])c(C(=O)O[H])c([H])c([H])c2-c2n->1c([H])c(C(O[H])=O)c([H])c2[H],
GATSIG,ok,1,1,1,1,1,1,2,2,4,coupled_ligand_charge_and_oxidation,P_donor_no_M_C,Cc1cc(C)c(N=CN(c2c(C)cc(C)cc2C)P(c2ccccc2)c2ccccc2)c(C)c1 || [Cl-] || [Cl-],Cc1cc(C)c(N=CN(c2c(C)cc(C)cc2C)P(c2ccccc2)c2ccccc2)c(C)c1 || [Cl-] || [Cl-],Cc1cc(C)c(N=CN(c2c(C)cc(C)cc2C)[P-2](c2ccccc2)c2ccccc2)c(C)c1 || [Cl-] || [Cl-],[Pd+2]1(Cl)(Cl)<-P(N(C(=N->1c1c(C([H])([H])[H])c([H])c(C([H])([H])[H])c([H])c1C([H])([H])[H])[H])c1c(C([H])([H])[H])c([H])c(C([H])([H])[H])c([H])c1C([H])([H])[H])(c1c([H])c([H])c([H])c([H])c1[H])c1c([H])c([H])c([H])c([H])c1[H],
GEFXAT,ok,1,1,1,1,1,1,2,2,4,coupled_ligand_charge_and_oxidation,S_Se_donor_no_M_C,COC(=O)C(CCS(C)=O)[N-]C(=O)c1cc(Cl)ccn1 || [Cl-],COC(=O)C(CCS(C)=O)[N-]C(=O)c1cc(Cl)ccn1 || [Cl-],COC(=O)C(CC[S-2](C)=O)[N-]C(=O)c1cc(Cl)ccn1 || [Cl-],c1([H])c2C(N3[Pd+2](Cl)(<-S(=O)(C(C(C3([H])C(=O)OC([H])([H])[H])([H])[H])([H])[H])C([H])([H])[H])<-n2c([H])c([H])c1Cl)=O,
GESFOB,ok,1,1,1,1,1,1,2,2,4,coupled_ligand_charge_and_oxidation,P_donor_no_M_C,Cc1cc(C)n(CCCOP(c2ccccc2)c2ccccc2)n1 || [Cl-] || [Cl-],Cc1cc(C)n(CCCOP(c2ccccc2)c2ccccc2)n1 || [Cl-] || [Cl-],Cc1cc(C)n(CCCO[P-2](c2ccccc2)c2ccccc2)n1 || [Cl-] || [Cl-],[Pd+2]1(Cl)(Cl)<-P(OC(C(C(n2n->1c(C([H])([H])[H])c([H])c2C([H])([H])[H])([H])[H])([H])[H])([H])[H])(c1c([H])c([H])c([H])c([H])c1[H])c1c([H])c([H])c([H])c([H])c1[H],
GEXLIH,ok,1,1,1,1,1,1,2,2,4,coupled_ligand_charge_and_oxidation,other_C_bound_ligand,FC(F)(F)c1cccc(C(F)(F)F)c1P1OCCO1 || FC(F)(F)c1cccc(C(F)(F)F)c1P1OCCO1 || [CH3-] || [CH3-],FC(F)(F)c1cccc(C(F)(F)F)c1P1OCCO1 || FC(F)(F)c1cccc(C(F)(F)F)c1P1OCCO1 || [CH3-] || [CH3-],FC(F)(F)c1cccc(C(F)(F)F)c1P1OCCO1 || FC(F)(F)c1cccc(C(F)(F)F)c1[P-2]1OCCO1 || [CH3-] || [CH3-],[Pd+2](<-P1(c2c(C(F)(F)F)c([H])c([H])c([H])c2C(F)(F)F)OC([H])([H])C([H])([H])O1)(<-P1(c2c(C(F)(F)F)c([H])c([H])c([H])c2C(F)(F)F)OC([H])([H])C([H])([H])O1)(C([H])([H])[H])C([H])([H])[H],
GIRDET,ok,1,1,1,1,1,1,2,2,4,coupled_ligand_charge_and_oxidation,S_Se_donor_no_M_C,CS(C)=O || O=c1oc2cc(Br)ccc2cc1-c1nc2ccccc2[nH]1 || [Cl-] || [Cl-],CS(C)=O || O=c1oc2cc(Br)ccc2cc1-c1nc2ccccc2[nH]1 || [Cl-] || [Cl-],C[S-2](C)=O || O=c1oc2cc(Br)ccc2cc1-c1nc2ccccc2[nH]1 || [Cl-] || [Cl-],[Pt+2](Cl)(<-S(=O)(C([H])([H])[H])C([H])([H])[H])(Cl)<-n1c(-c2c([H])c3c(oc2=O)c([H])c(Br)c([H])c3[H])n([H])c2c1c([H])c([H])c([H])c2[H],
GIRDIX,ok,1,1,1,1,1,1,2,2,4,coupled_ligand_charge_and_oxidation,S_Se_donor_no_M_C,CS(C)=O || O=c1oc2c(F)cc(F)cc2cc1-c1nc2ccccc2[nH]1 || [Cl-] || [Cl-],CS(C)=O || O=c1oc2c(F)cc(F)cc2cc1-c1nc2ccccc2[nH]1 || [Cl-] || [Cl-],C[S-2](C)=O || O=c1oc2c(F)cc(F)cc2cc1-c1nc2ccccc2[nH]1 || [Cl-] || [Cl-],[Pt+2](Cl)(Cl)(<-S(=O)(C([H])([H])[H])C([H])([H])[H])<-n1c(-c2c(=O)oc3c(F)c([H])c(F)c([H])c3c2[H])n([H])c2c([H])c([H])c([H])c([H])c12,
GIRDOD,ok,1,1,1,1,1,1,2,2,4,coupled_ligand_charge_and_oxidation,S_Se_donor_no_M_C,CS(C)=O || O=c1oc2c(Cl)cc(Cl)cc2cc1-c1nc2ccccc2[nH]1 || [Cl-] || [Cl-],CS(C)=O || O=c1oc2c(Cl)cc(Cl)cc2cc1-c1nc2ccccc2[nH]1 || [Cl-] || [Cl-],C[S-2](C)=O || O=c1oc2c(Cl)cc(Cl)cc2cc1-c1nc2ccccc2[nH]1 || [Cl-] || [Cl-],[Pt+2](<-S(=O)(C([H])([H])[H])C([H])([H])[H])(Cl)(<-n1c2c(n([H])c1-c1c([H])c3c([H])c(Cl)c([H])c(Cl)c3oc1=O)c([H])c([H])c([H])c2[H])Cl,
GIRDUJ,ok,1,1,1,1,1,1,2,2,4,coupled_ligand_charge_and_oxidation,S_Se_donor_no_M_C,CS(C)=O || O=c1oc2c(Br)cc(Br)cc2cc1-c1nc2ccccc2[nH]1 || [Cl-] || [Cl-],CS(C)=O || O=c1oc2c(Br)cc(Br)cc2cc1-c1nc2ccccc2[nH]1 || [Cl-] || [Cl-],C[S-2](C)=O || O=c1oc2c(Br)cc(Br)cc2cc1-c1nc2ccccc2[nH]1 || [Cl-] || [Cl-],[Pt+2](<-S(=O)(C([H])([H])[H])C([H])([H])[H])(Cl)(Cl)<-n1c2c(n([H])c1-c1c([H])c3c(oc1=O)c(Br)c([H])c(Br)c3[H])c([H])c([H])c([H])c2[H],
GISRAD,ok,1,1,1,1,1,1,2,2,4,coupled_ligand_charge_and_oxidation,S_Se_donor_no_M_C,CS(C)=O || Cc1nn(-c2ccccc2)c(O)c1C(=O)c1ccccc1 || [Cl-] || [Cl-],CS(C)=O || Cc1nn(-c2ccccc2)c(O)c1C(=O)c1ccccc1 || [Cl-] || [Cl-],C[S-2](C)=O || Cc1nn(-c2ccccc2)c(O)c1C(=O)c1ccccc1 || [Cl-] || [Cl-],[Pt+2](Cl)(Cl)(<-S(=O)(C([H])([H])[H])C([H])([H])[H])<-n1c(C([H])([H])[H])c(C(c2c([H])c([H])c([H])c([H])c2[H])=O)c(O[H])n1-c1c([H])c([H])c([H])c([H])c1[H],
GISRIL,ok,1,1,1,1,1,1,2,2,4,coupled_ligand_charge_and_oxidation,S_Se_donor_no_M_C,CS(C)=O || Cc1[n-]n(-c2ccccn2)c(=O)c1C(=O)C(F)(F)F || [Cl-],CS(C)=O || Cc1[n-]n(-c2ccccn2)c(=O)c1C(=O)C(F)(F)F || [Cl-],C[S-2](C)=O || Cc1[n-]n(-c2ccccn2)c(=O)c1C(=O)C(F)(F)F || [Cl-],[Pt+2]1(Cl)(<-S(=O)(C([H])([H])[H])C([H])([H])[H])<-n2c(-n3n1c(C([H])([H])[H])c(C(=O)C(F)(F)F)c3=O)c([H])c([H])c([H])c2[H],
GIXCIA,ok,1,1,1,1,1,1,2,2,4,coupled_ligand_charge_and_oxidation,C_N_donor_cyanide_or_isocyanide,CC(C)(C)c1ccnc(-c2cc(C(C)(C)C)ccn2)c1 || CS(C)=O || CS(C)=O || [C-]#N || [C-]#N,CC(C)(C)c1ccnc(-c2cc(C(C)(C)C)ccn2)c1 || CS(C)=O || CS(C)=O || [C-]#N || [C-]#N,CC(C)(C)c1ccnc(-c2cc(C(C)(C)C)ccn2)c1 || CS(C)=O || C[S-2](C)=O || [C-]#N || [C-]#N,[Os+2]1(<-S(=O)(C([H])([H])[H])C([H])([H])[H])(<-S(=O)(C([H])([H])[H])C([H])([H])[H])(<-n2c([H])c([H])c(C(C([H])([H])[H])(C([H])([H])[H])C([H])([H])[H])c([H])c2-c2n->1c([H])c([H])c(C(C([H])([H])[H])(C([H])([H])[H])C([H])([H])[H])c2[H])(C#N)C#N,
GOMVEJ,ok,1,1,1,1,1,1,2,2,4,coupled_ligand_charge_and_oxidation,other_C_bound_ligand,CS(C)=O || [CH3-] || c1ccc(Nc2ccccn2)nc1,CS(C)=O || [CH3-] || c1ccc(Nc2ccccn2)nc1,C[S-2](C)=O || [CH3-] || c1ccc(Nc2ccccn2)nc1,[Pt+2]1(<-n2c(N(c3n->1c([H])c([H])c([H])c3[H])[H])c([H])c([H])c([H])c2[H])(<-S(=O)(C([H])([H])[H])C([H])([H])[H])C([H])([H])[H],
GOMYOZ,ok,1,1,1,1,1,1,2,2,4,coupled_ligand_charge_and_oxidation,S_Se_donor_no_M_C,CS(C)=O || CS(C)=O || CSc1ccccc1N=Cc1cc(Cl)ccc1[O-] || [Cl-],CS(C)=O || CS(C)=O || CSc1ccccc1N=Cc1cc(Cl)ccc1[O-] || [Cl-],CS(C)=O || CSc1ccccc1N=Cc1cc(Cl)ccc1[O-] || C[S-2](C)=O || [Cl-],[Ru+2]12(<-S(c3c(N->1=C(c1c(O2)c([H])c([H])c(Cl)c1[H])[H])c([H])c([H])c([H])c3[H])C([H])([H])[H])(<-S(=O)(C([H])([H])[H])C([H])([H])[H])(<-S(=O)(C([H])([H])[H])C([H])([H])[H])Cl,
GUGZEN,ok,1,1,1,1,1,1,2,2,4,coupled_ligand_charge_and_oxidation,S_Se_donor_no_M_C,C1=CCONC1 || CS(C)=O || [Cl-] || [Cl-],C1=CCONC1 || CS(C)=O || [Cl-] || [Cl-],C1=CCONC1 || C[S-2](C)=O || [Cl-] || [Cl-],[Pt+2](Cl)(Cl)(<-S(=O)(C([H])([H])[H])C([H])([H])[H])<-N1([H])OC([H])([H])C([H])=C([H])C1([H])[H],
GUGZIR,ok,1,1,1,1,1,1,2,2,4,coupled_ligand_charge_and_oxidation,S_Se_donor_no_M_C,C1=CCONC1 || CS(C)=O || [Cl-] || [Cl-],C1=CCONC1 || CS(C)=O || [Cl-] || [Cl-],C1=CCONC1 || C[S-2](C)=O || [Cl-] || [Cl-],[Pt+2](Cl)(Cl)(<-S(=O)(C([H])([H])[H])C([H])([H])[H])<-N1([H])OC([H])([H])C([H])=C([H])C1([H])[H],
HAHXOF,ok,1,1,1,1,1,1,2,2,4,coupled_ligand_charge_and_oxidation,P_donor_no_M_C,CC(C)P(c1cccc2c1oc1c(P(C(C)C)C(C)C)cccc12)C(C)C || CS(C)=O || [Cl-] || [Cl-],CC(C)P(c1cccc2c1oc1c(P(C(C)C)C(C)C)cccc12)C(C)C || CS(C)=O || [Cl-] || [Cl-],CC(C)P(c1cccc2c1oc1c(P(C(C)C)C(C)C)cccc12)C(C)C || C[S-2](C)=O || [Cl-] || [Cl-],[Os+2]12(<-P(C([H])(C([H])([H])[H])C([H])([H])[H])(C([H])(C([H])([H])[H])C([H])([H])[H])c3c([H])c([H])c([H])c4c3o->1c1c4c([H])c([H])c([H])c1P->2(C([H])(C([H])([H])[H])C([H])([H])[H])C([H])(C([H])([H])[H])C([H])([H])[H])(Cl)(Cl)<-S(=O)(C([H])([H])[H])C([H])([H])[H],
HAYHOG,ok,1,1,1,1,1,1,5,5,7,coupled_ligand_charge_and_oxidation,P_donor_no_M_C,CC(C)([O-])C(C)(C)OP1OC(C)(C)C(C)(C)O1 || [Cl-] || [Cl-] || [O-2] || c1ccc(P(c2ccccc2)c2ccccc2)cc1,CC(C)([O-])C(C)(C)OP1OC(C)(C)C(C)(C)O1 || [Cl-] || [Cl-] || [O-2] || c1ccc(P(c2ccccc2)c2ccccc2)cc1,CC(C)([O-])C(C)(C)O[P-2]1OC(C)(C)C(C)(C)O1 || [Cl-] || [Cl-] || [O-2] || c1ccc(P(c2ccccc2)c2ccccc2)cc1,[Re+5]1(Cl)(Cl)(<-P2(OC(C(O1)(C([H])([H])[H])C([H])([H])[H])(C([H])([H])[H])C([H])([H])[H])OC(C([H])([H])[H])(C([H])([H])[H])C(C([H])([H])[H])(C([H])([H])[H])O2)(<-P(c1c([H])c([H])c([H])c([H])c1[H])(c1c([H])c([H])c([H])c([H])c1[H])c1c([H])c([H])c([H])c([H])c1[H])=O,
HESBUD,ok,1,1,1,1,1,1,2,2,4,coupled_ligand_charge_and_oxidation,S_Se_donor_no_M_C,CS(C)=O || CS(C)=O || [Cl-] || [Cl-] || c1ccc(-c2ccccn2)nc1,CS(C)=O || CS(C)=O || [Cl-] || [Cl-] || c1ccc(-c2ccccn2)nc1,CS(C)=O || C[S-2](C)=O || [Cl-] || [Cl-] || c1ccc(-c2ccccn2)nc1,[Ru+2]1(Cl)(Cl)(<-S(=O)(C([H])([H])[H])C([H])([H])[H])(<-S(=O)(C([H])([H])[H])C([H])([H])[H])<-n2c(-c3n->1c([H])c([H])c([H])c3[H])c([H])c([H])c([H])c2[H],
HIGBEF,ok,1,1,1,1,1,1,2,2,4,coupled_ligand_charge_and_oxidation,other_C_bound_ligand,CS(C)=O || Fc1c[c-]c(-c2ccccn2)cc1 || [Cl-],CS(C)=O || Fc1c[c-]c(-c2ccccn2)cc1 || [Cl-],C[S-2](C)=O || Fc1c[c-]c(-c2ccccn2)cc1 || [Cl-],[Pt+2]1(Cl)(<-n2c([H])c([H])c([H])c([H])c2-c2c1c([H])c(F)c([H])c2[H])<-S(=O)(C([H])([H])[H])C([H])([H])[H],
HISYAJ,ok,1,1,1,1,1,1,2,2,4,coupled_ligand_charge_and_oxidation,haptic_or_adjacent_multi_C,CC(C(=O)[O-])S(=O)c1ccccc1 || Cc1ccc(C(C)C)cc1 || [Cl-],CC(C(=O)[O-])S(=O)c1ccccc1 || Cc1ccc(C(C)C)cc1 || [Cl-],CC(C(=O)[O-])[S-2](=O)c1ccccc1 || Cc1ccc(C(C)C)cc1 || [Cl-],[Ru+2]123456(Cl)(OC(=O)C(C([H])([H])[H])(S->1(=O)c1c([H])c([H])c([H])c([H])c1[H])[H])<-c1(C([H])([H])[H])c->2([H])c->3([H])c->4(C(C([H])([H])[H])(C([H])([H])[H])[H])c->5([H])c->61[H],
HISYIR,ok,1,1,1,1,1,1,2,2,4,coupled_ligand_charge_and_oxidation,haptic_or_adjacent_multi_C,CC(C(=O)[O-])S(=O)c1ccccc1 || Cc1c(C)c(C)c(C)c(C)c1C || [Cl-],CC(C(=O)[O-])S(=O)c1ccccc1 || Cc1c(C)c(C)c(C)c(C)c1C || [Cl-],CC(C(=O)[O-])[S-2](=O)c1ccccc1 || Cc1c(C)c(C)c(C)c(C)c1C || [Cl-],[Ru+2]123456(Cl)(OC(=O)C(C([H])([H])[H])(S->1(=O)c1c([H])c([H])c([H])c([H])c1[H])[H])<-c1(C([H])([H])[H])c->2(C([H])([H])[H])c->3(C([H])([H])[H])c->4(C([H])([H])[H])c->5(C([H])([H])[H])c->61C([H])([H])[H],
HIVPEI,ok,1,1,1,1,1,1,2,2,4,coupled_ligand_charge_and_oxidation,S_Se_donor_no_M_C,CS(C)=O || Clc1cc(-c2ccccn2)nc(-c2ccccn2)c1 || [Cl-] || [Cl-],CS(C)=O || Clc1cc(-c2ccccn2)nc(-c2ccccn2)c1 || [Cl-] || [Cl-],C[S-2](C)=O || Clc1cc(-c2ccccn2)nc(-c2ccccn2)c1 || [Cl-] || [Cl-],[Ru+2]12(Cl)(Cl)(<-n3c([H])c([H])c([H])c([H])c3-c3c([H])c(Cl)c([H])c(-c4c([H])c([H])c([H])c([H])n->14)n->23)<-S(C([H])([H])[H])(C([H])([H])[H])=O,
HOGNOI,ok,1,1,1,1,1,1,2,2,4,coupled_ligand_charge_and_oxidation,S_Se_donor_no_M_C,CC(C)S(=O)c1ccccc1C(=O)[O-] || c1ccc(-c2ccccn2)nc1 || c1ccc(-c2ccccn2)nc1,CC(C)S(=O)c1ccccc1C(=O)[O-] || c1ccc(-c2ccccn2)nc1 || c1ccc(-c2ccccn2)nc1,C1=C[N-]C(=C2C=CC=C[N-]2)C=C1 || CC(C)S(=O)c1ccccc1C(=O)[O-] || c1ccc(-c2ccccn2)nc1,[Ru+2]123(<-S(c4c([H])c([H])c([H])c([H])c4C(O1)=O)(=O)C(C([H])([H])[H])(C([H])([H])[H])[H])(<-n1c(-c4n->2c([H])c([H])c([H])c4[H])c([H])c([H])c([H])c1[H])<-n1c([H])c([H])c([H])c([H])c1-c1n->3c([H])c([H])c([H])c1[H],
HOLBUG,ok,1,1,1,1,1,1,0,0,2,coupled_ligand_charge_and_oxidation,carbonyl_like,CC1=C(C)C(C)(P(Cl)N=[PH](N(C(C)C)C(C)C)N(C(C)C)C(C)C)C(C)=C1C || [C-]#[O+] || [C-]#[O+] || [C-]#[O+],CC1=C(C)C(C)(P(Cl)N=[PH](N(C(C)C)C(C)C)N(C(C)C)C(C)C)C(C)=C1C || [C-]#[O+] || [C-]#[O+] || [C-]#[O+],CC1=C(C)C(C)([P-2](Cl)N=[PH](N(C(C)C)C(C)C)N(C(C)C)C(C)C)C(C)=C1C || [C-]#[O+] || [C-]#[O+] || [C-]#[O+],[Ni](<-[C-]#[O+])(<-[C-]#[O+])(<-[C-]#[O+])<-P(Cl)(C1(C([H])([H])[H])C(C([H])([H])[H])=C(C([H])([H])[H])C(C([H])([H])[H])=C1C([H])([H])[H])N=P([H])(N(C([H])(C([H])([H])[H])C([H])([H])[H])C([H])(C([H])([H])[H])C([H])([H])[H])N(C([H])(C([H])([H])[H])C([H])([H])[H])C([H])(C([H])([H])[H])C([H])([H])[H],
HUJMEE,ok,1,1,1,1,1,1,2,2,4,coupled_ligand_charge_and_oxidation,S_Se_donor_no_M_C,CS(C)=O || [Cl-] || [NH-]C(=O)c1ncn(C2OC(CO)C(O)C2O)n1,CS(C)=O || [Cl-] || [NH-]C(=O)c1ncn(C2OC(CO)C(O)C2O)n1,C[S-2](C)=O || [Cl-] || [NH-]C(=O)c1ncn(C2OC(CO)C(O)C2O)n1,[Pt+2]1(Cl)(<-S(=O)(C([H])([H])[H])C([H])([H])[H])<-n2c([H])n(C3([H])OC([H])(C(O[H])([H])[H])C(O[H])([H])C3(O[H])[H])nc2C(=O)N1[H],
HUWROG,ok,1,1,1,1,1,1,2,2,6,coupled_ligand_charge_and_oxidation,carbonyl_like,CS(C)=O || CS(C)=O || CS(C)=O || [C-]#[O+] || [Cl-] || [Cl-],CS(C)=O || CS(C)=O || CS(C)=O || [C-]#[O+] || [Cl-] || [Cl-],CS(C)=O || C[S-2](C)=O || C[S-2](C)=O || [C-]#[O+] || [Cl-] || [Cl-],[Ru+2](<-S(=O)(C([H])([H])[H])C([H])([H])[H])(<-S(=O)(C([H])([H])[H])C([H])([H])[H])(Cl)(Cl)(<-O=S(C([H])([H])[H])C([H])([H])[H])<-[C-]#[O+],
IKOCUH,ok,1,1,1,1,1,1,2,2,4,coupled_ligand_charge_and_oxidation,other_C_bound_ligand,CC(C)c1cccc(C(C)C)c1N=Cc1ccc2cccc(O)c2c1[O-] || CS(C)=O || [CH3-],CC(C)c1cccc(C(C)C)c1N=Cc1ccc2cccc(O)c2c1[O-] || CS(C)=O || [CH3-],CC(C)c1cccc(C(C)C)c1N=Cc1ccc2cccc(O)c2c1[O-] || C[S-2](C)=O || [CH3-],C([H])([H])([H])[Pd+2]1(<-N(=C([H])c2c(O1)c1c(c([H])c2[H])c([H])c([H])c([H])c1O[H])c1c(C([H])(C([H])([H])[H])C([H])([H])[H])c([H])c([H])c([H])c1C([H])(C([H])([H])[H])C([H])([H])[H])<-S(C([H])([H])[H])(C([H])([H])[H])=O,
IRUTUL,ok,1,1,1,1,1,1,2,2,4,coupled_ligand_charge_and_oxidation,P_donor_no_M_C,c1ccc(P(N=c2[n-]ncs2)c2ccccc2)cc1 || c1ccc(P(N=c2[n-]ncs2)c2ccccc2)cc1,c1ccc(P(N=c2[n-]ncs2)c2ccccc2)cc1 || c1ccc(P(N=c2[n-]ncs2)c2ccccc2)cc1,c1ccc(P(N=c2[n-]ncs2)c2ccccc2)cc1 || c1ccc([P-2](N=c2[n-]ncs2)c2ccccc2)cc1,[Pd+2]12(<-P(N=c3n1nc([H])s3)(c1c([H])c([H])c([H])c([H])c1[H])c1c([H])c([H])c([H])c([H])c1[H])<-P(N=c1n2nc([H])s1)(c1c([H])c([H])c([H])c([H])c1[H])c1c([H])c([H])c([H])c([H])c1[H],
ISAKOD,ok,1,1,1,1,1,1,2,2,4,coupled_ligand_charge_and_oxidation,other_C_bound_ligand,COP(c1ccccc1)c1ccccc1 || COP(c1ccccc1)c1ccccc1 || [CH3-] || [CH3-],COP(c1ccccc1)c1ccccc1 || COP(c1ccccc1)c1ccccc1 || [CH3-] || [CH3-],COP(c1ccccc1)c1ccccc1 || CO[P-2](c1ccccc1)c1ccccc1 || [CH3-] || [CH3-],[Pt+2](C([H])([H])[H])(C([H])([H])[H])(<-P(OC([H])([H])[H])(c1c([H])c([H])c([H])c([H])c1[H])c1c([H])c([H])c([H])c([H])c1[H])<-P(OC([H])([H])[H])(c1c([H])c([H])c([H])c([H])c1[H])c1c([H])c([H])c([H])c([H])c1[H],
ITOYEX,ok,1,1,1,1,1,1,2,2,4,coupled_ligand_charge_and_oxidation,S_Se_donor_no_M_C,CS(C)=O || Cn1ccnc1 || [I-] || [I-],CS(C)=O || Cn1ccnc1 || [I-] || [I-],C[S-2](C)=O || Cn1ccnc1 || [I-] || [I-],[Pt+2](I)(I)(<-S(C([H])([H])[H])(C([H])([H])[H])=O)<-n1c([H])n(C([H])([H])[H])c([H])c1[H],
JETQAB,ok,1,1,1,1,1,1,2,2,4,coupled_ligand_charge_and_oxidation,P_donor_no_M_C,CS(C)=O || NC1CCCCC1NCc1ccccc1P(c1ccccc1)c1ccccc1 || [Cl-] || [Cl-],CS(C)=O || NC1CCCCC1NCc1ccccc1P(c1ccccc1)c1ccccc1 || [Cl-] || [Cl-],C[S-2](C)=O || NC1CCCCC1NCc1ccccc1P(c1ccccc1)c1ccccc1 || [Cl-] || [Cl-],[Ru+2]12(Cl)(Cl)(<-P(c3c(C([H])([H])N->1([H])C1([H])C([H])(N->2([H])[H])C([H])([H])C([H])([H])C([H])([H])C1([H])[H])c([H])c([H])c([H])c3[H])(c1c([H])c([H])c([H])c([H])c1[H])c1c([H])c([H])c([H])c([H])c1[H])<-S(=O)(C([H])([H])[H])C([H])([H])[H],
JISWUD,ok,1,1,1,1,1,1,2,2,4,coupled_ligand_charge_and_oxidation,S_Se_donor_no_M_C,CS(=O)c1ccccc1 || CS(=O)c1ccccc1 || [Cl-] || [Cl-],CS(=O)c1ccccc1 || CS(=O)c1ccccc1 || [Cl-] || [Cl-],CS(=O)c1ccccc1 || C[S-2](=O)c1ccccc1 || [Cl-] || [Cl-],[Pt+2](Cl)(Cl)(<-S(=O)(C([H])([H])[H])c1c([H])c([H])c([H])c([H])c1[H])<-S(=O)(C([H])([H])[H])c1c([H])c([H])c([H])c([H])c1[H],
JIYJOR,ok,1,1,1,1,1,1,1,1,3,coupled_ligand_charge_and_oxidation,carbonyl_like,CCN(CC)Cc1cccc(CS(=O)C(C)(C)C)n1 || [C-]#[O+],CCN(CC)Cc1cccc(CS(=O)C(C)(C)C)n1 || [C-]#[O+],CCN(CC)Cc1cccc(C[S-2](=O)C(C)(C)C)n1 || [C-]#[O+],[Rh+]12(<-n3c(C(S->1(=O)C(C([H])([H])[H])(C([H])([H])[H])C([H])([H])[H])([H])[H])c([H])c([H])c([H])c3C([H])([H])N->2(C([H])([H])C([H])([H])[H])C([H])([H])C([H])([H])[H])<-[C-]#[O+],
JUBYAG,ok,1,1,1,1,1,1,2,2,4,coupled_ligand_charge_and_oxidation,S_Se_donor_no_M_C,CS(C)=O || CS(C)=O || CS(C)=O || [Cl-] || [Cl-] || c1cn[nH]c1,CS(C)=O || CS(C)=O || CS(C)=O || [Cl-] || [Cl-] || c1cn[nH]c1,CS(C)=O || CS(C)=O || C[S-2](C)=O || [Cl-] || [Cl-] || c1cn[nH]c1,[Ru+2](Cl)(Cl)(<-S(=O)(C([H])([H])[H])C([H])([H])[H])(<-S(=O)(C([H])([H])[H])C([H])([H])[H])(<-S(=O)(C([H])([H])[H])C([H])([H])[H])<-n1n([H])c([H])c([H])c1[H],
JUBYEK,ok,1,1,1,1,1,1,2,2,4,coupled_ligand_charge_and_oxidation,S_Se_donor_no_M_C,CS(C)=O || CS(C)=O || [Cl-] || [Cl-] || c1cn[nH]c1 || c1cn[nH]c1,CS(C)=O || CS(C)=O || [Cl-] || [Cl-] || c1cn[nH]c1 || c1cn[nH]c1,CS(C)=O || C[S-2](C)=O || [Cl-] || [Cl-] || c1cn[nH]c1 || c1cn[nH]c1,[Ru+2](Cl)(Cl)(<-S(=O)(C([H])([H])[H])C([H])([H])[H])(<-S(=O)(C([H])([H])[H])C([H])([H])[H])(<-n1n([H])c([H])c([H])c1[H])<-n1n([H])c([H])c([H])c1[H],
JUGYUH,ok,1,1,1,1,1,1,2,2,4,coupled_ligand_charge_and_oxidation,other_C_bound_ligand,CC(C)P(Oc1[c-]c(CN2CCOCC2)ccc1)C(C)C || [Br-],CC(C)P(Oc1[c-]c(CN2CCOCC2)ccc1)C(C)C || [Br-],CC(C)[P-2](Oc1[c-]c(CN2CCOCC2)ccc1)C(C)C || [Br-],[Pt+2]12(Br)<-P(Oc3c1c(C(N->21C([H])([H])C([H])([H])OC([H])([H])C1([H])[H])([H])[H])c([H])c([H])c3[H])(C([H])(C([H])([H])[H])C([H])([H])[H])C([H])(C([H])([H])[H])C([H])([H])[H],
JURMOA,ok,1,1,1,1,1,1,2,2,4,coupled_ligand_charge_and_oxidation,P_donor_no_M_C,CS(C)=O || O=C(CNCc1ccccc1P(c1ccccc1)c1ccccc1)N1CCCC1 || [Cl-] || [Cl-],CS(C)=O || O=C(CNCc1ccccc1P(c1ccccc1)c1ccccc1)N1CCCC1 || [Cl-] || [Cl-],C[S-2](C)=O || O=C(CNCc1ccccc1P(c1ccccc1)c1ccccc1)N1CCCC1 || [Cl-] || [Cl-],[Ru+2]12(Cl)(Cl)(<-S(=O)(C([H])([H])[H])C([H])([H])[H])<-P(c3c(C(N->1(C(C(=O->2)N1C([H])([H])C([H])([H])C([H])([H])C1([H])[H])([H])[H])[H])([H])[H])c([H])c([H])c([H])c3[H])(c1c([H])c([H])c([H])c([H])c1[H])c1c([H])c([H])c([H])c([H])c1[H],
KACCUP,ok,1,1,1,1,1,1,2,2,4,coupled_ligand_charge_and_oxidation,S_Se_donor_no_M_C,CS(C)=O || CS(C)=O || CS(C)=O || O=[N+]([O-])c1cn[nH]c1 || [Cl-] || [Cl-],CS(C)=O || CS(C)=O || CS(C)=O || O=[N+]([O-])c1cn[nH]c1 || [Cl-] || [Cl-],CS(C)=O || CS(C)=O || C[S-2](C)=O || O=[N+]([O-])c1cn[nH]c1 || [Cl-] || [Cl-],[Ru+2](<-S(=O)(C([H])([H])[H])C([H])([H])[H])(<-n1n([H])c([H])c([N+](=O)[O-])c1[H])(Cl)(<-S(=O)(C([H])([H])[H])C([H])([H])[H])(Cl)<-S(=O)(C([H])([H])[H])C([H])([H])[H],
KACDOK,ok,1,1,1,1,1,1,2,2,4,coupled_ligand_charge_and_oxidation,S_Se_donor_no_M_C,CS(C)=O || CS(C)=O || CS(C)=O || Cc1cn[nH]c1 || [Cl-] || [Cl-],CS(C)=O || CS(C)=O || CS(C)=O || Cc1cn[nH]c1 || [Cl-] || [Cl-],CS(C)=O || CS(C)=O || C[S-2](C)=O || Cc1cn[nH]c1 || [Cl-] || [Cl-],[Ru+2](<-S(=O)(C([H])([H])[H])C([H])([H])[H])(Cl)(<-n1n([H])c([H])c(C([H])([H])[H])c1[H])(<-S(=O)(C([H])([H])[H])C([H])([H])[H])(Cl)<-S(=O)(C([H])([H])[H])C([H])([H])[H],
KAQHEQ,ok,1,1,1,1,1,1,2,2,4,coupled_ligand_charge_and_oxidation,S_Se_donor_no_M_C,CS(C)=O || CS(C)=O || [Cl-] || [Cl-] || c1ccc2[nH]ncc2c1 || c1ccc2[nH]ncc2c1,CS(C)=O || CS(C)=O || [Cl-] || [Cl-] || c1ccc2[nH]ncc2c1 || c1ccc2[nH]ncc2c1,CS(C)=O || C[S-2](C)=O || [Cl-] || [Cl-] || c1ccc2[nH]ncc2c1 || c1ccc2[nH]ncc2c1,[Ru+2](<-S(=O)(C([H])([H])[H])C([H])([H])[H])(Cl)(<-n1n([H])c2c(c1[H])c([H])c([H])c([H])c2[H])(<-S(=O)(C([H])([H])[H])C([H])([H])[H])(Cl)<-n1n([H])c2c(c1[H])c([H])c([H])c([H])c2[H],
KAQHUG,ok,1,1,1,1,1,1,2,2,6,coupled_ligand_charge_and_oxidation,S_Se_donor_no_M_C,CC(=N)n1ncc2ccccc21 || CS(C)=O || CS(C)=O || [Cl-] || [Cl-],CC(=N)n1ncc2ccccc21 || CS(C)=O || CS(C)=O || [Cl-] || [Cl-],CC(=N)n1ncc2ccccc21 || C[S-2](C)=O || C[S-2](C)=O || [Cl-] || [Cl-],[Ru+2]1(Cl)(Cl)(<-S(=O)(C([H])([H])[H])C([H])([H])[H])(<-S(=O)(C([H])([H])[H])C([H])([H])[H])<-n2n(C(=N->1[H])C([H])([H])[H])c1c(c2[H])c([H])c([H])c([H])c1[H],
KAVHUK,ok,1,1,1,1,1,1,2,2,4,coupled_ligand_charge_and_oxidation,P_donor_no_M_C,CC1=C(C)C(C)(P(F)F)C(C)=C1C || CC1=C(C)C(C)(P(F)F)C(C)=C1C || [Cl-] || [Cl-],CC1=C(C)C(C)(P(F)F)C(C)=C1C || CC1=C(C)C(C)(P(F)F)C(C)=C1C || [Cl-] || [Cl-],CC1=C(C)C(C)(P(F)F)C(C)=C1C || CC1=C(C)C(C)([P-2](F)F)C(C)=C1C || [Cl-] || [Cl-],[Pt+2](<-P(F)(F)C1(C([H])([H])[H])C(C([H])([H])[H])=C(C([H])([H])[H])C(C([H])([H])[H])=C1C([H])([H])[H])(<-P(F)(F)C1(C([H])([H])[H])C(C([H])([H])[H])=C(C([H])([H])[H])C(C([H])([H])[H])=C1C([H])([H])[H])(Cl)Cl,
KAWRAD,ok,1,1,1,1,1,1,2,2,4,coupled_ligand_charge_and_oxidation,S_Se_donor_no_M_C,C1CNCCNCCN1 || CS(C)=O || CS(C)=O || [Cl-],C1CNCCNCCN1 || CS(C)=O || CS(C)=O || [Cl-],C1CNCCNCCN1 || CS(C)=O || C[S-2](C)=O || [Cl-],[Ru+2]12(Cl)(<-S(=O)(C([H])([H])[H])C([H])([H])[H])(<-S(=O)(C([H])([H])[H])C([H])([H])[H])<-N3([H])C([H])([H])C([H])([H])N->1([H])C([H])([H])C([H])([H])N->2([H])C([H])([H])C3([H])[H],
KAZLEE,ok,1,1,1,1,1,1,2,2,4,coupled_ligand_charge_and_oxidation,haptic_or_adjacent_multi_C,Cc1ccc(C(C)C)cc1 || [Cl-] || [Cl-] || c1ccc(P(NCc2ccco2)c2ccccc2)cc1,Cc1ccc(C(C)C)cc1 || [Cl-] || [Cl-] || c1ccc(P(NCc2ccco2)c2ccccc2)cc1,Cc1ccc(C(C)C)cc1 || [Cl-] || [Cl-] || c1ccc([P-2](NCc2ccco2)c2ccccc2)cc1,[Ru+2]12345(Cl)(Cl)(<-P(N([H])C([H])([H])c6oc([H])c([H])c6[H])(c6c([H])c([H])c([H])c([H])c6[H])c6c([H])c([H])c([H])c([H])c6[H])<-c6([H])c->1(C([H])(C([H])([H])[H])C([H])([H])[H])c->2([H])c->3([H])c->4(C([H])([H])[H])c->56[H],
KOFTIL,ok,1,1,1,1,1,1,0,0,0,metal_disconnection_or_ligand_partition,haptic_or_adjacent_multi_C,Cc1ccc(S(=O)(=O)C(P(c2ccccc2)c2ccccc2)=P(c2ccccc2)(c2ccccc2)c2ccccc2)cc1 || [C-]#[O+] || [C-]#[O+],Cc1ccc(S(=O)(=O)C(P(c2ccccc2)c2ccccc2)=P(c2ccccc2)(c2ccccc2)c2ccccc2)cc1 || [C-]#[O+] || [C-]#[O+],Cc1ccc(S(=O)([O-])=C(P(c2ccccc2)c2ccccc2)[P+](c2ccccc2)(c2ccccc2)c2ccccc2)cc1 || [C-]#[O+] || [C-]#[O+],[Ni]12(<-P(C(S(=O)(=O)c3c([H])c([H])c(C([H])([H])[H])c([H])c3[H])=P(c->13c([H])c([H])c([H])c([H])c->23[H])(c1c([H])c([H])c([H])c([H])c1[H])c1c([H])c([H])c([H])c([H])c1[H])(c1c([H])c([H])c([H])c([H])c1[H])c1c([H])c([H])c([H])c([H])c1[H])(<-[C-]#[O+])<-[C-]#[O+],
KOPRAL,ok,1,1,1,1,1,1,2,2,4,coupled_ligand_charge_and_oxidation,S_Se_donor_no_M_C,CS(C)=O || CS(C)=O || Cn1ccc(-c2ccccn2)n1 || [Cl-] || [Cl-],CS(C)=O || CS(C)=O || Cn1ccc(-c2ccccn2)n1 || [Cl-] || [Cl-],CS(C)=O || C[S-2](C)=O || Cn1ccc(-c2ccccn2)n1 || [Cl-] || [Cl-],[Ru+2]1(Cl)(Cl)(<-S(=O)(C([H])([H])[H])C([H])([H])[H])(<-S(=O)(C([H])([H])[H])C([H])([H])[H])<-n2c([H])c([H])c([H])c([H])c2-c2n->1n(C([H])([H])[H])c([H])c2[H],
LABZEV,ok,1,1,1,1,1,1,2,2,4,coupled_ligand_charge_and_oxidation,P_donor_no_M_C,COP1N(C)CCN1C || COP1N(C)CCN1C || COP1N(C)CCN1C || [Cl-],COP1N(C)CCN1C || COP1N(C)CCN1C || COP1N(C)CCN1C || [Cl-],COP1N(C)CCN1C || COP1N(C)CCN1C || CO[P-2]1N(C)CCN1C || [Cl-],C1([H])([H])C([H])([H])N(C([H])([H])[H])P(OC([H])([H])[H])(->[Pt+2](<-P2(OC([H])([H])[H])N(C([H])([H])[H])C([H])([H])C([H])([H])N2C([H])([H])[H])(<-P2(OC([H])([H])[H])N(C([H])([H])[H])C([H])([H])C([H])([H])N2C([H])([H])[H])Cl)N1C([H])([H])[H],
LERTIN,ok,1,1,1,1,1,1,2,2,4,coupled_ligand_charge_and_oxidation,S_Se_donor_no_M_C,CN(C)C(=N)N(C)C || CS(C)=O || [Cl-] || [Cl-],CN(C)C(=N)N(C)C || CS(C)=O || [Cl-] || [Cl-],CN(C)C(=N)N(C)C || C[S-2](C)=O || [Cl-] || [Cl-],[Pt+2](Cl)(Cl)(<-S(=O)(C([H])([H])[H])C([H])([H])[H])<-N([H])=C(N(C([H])([H])[H])C([H])([H])[H])N(C([H])([H])[H])C([H])([H])[H],
LESZUF,ok,1,1,1,1,1,1,2,2,6,coupled_ligand_charge_and_oxidation,S_Se_donor_no_M_C,CS(=O)c1ccccc1C(=O)[O-] || c1ccc(-c2ccccn2)nc1 || c1ccc(-c2ccccn2)nc1,CS(=O)c1ccccc1C(=O)[O-] || c1ccc(-c2ccccn2)nc1 || c1ccc(-c2ccccn2)nc1,C1=C[N-]C(=C2C=CC=C[N-]2)C=C1 || C1=C[N-]C(=C2C=CC=C[N-]2)C=C1 || CS(=O)c1ccccc1C(=O)[O-],[Ru+2]123(<-S(=O)(c4c([H])c([H])c([H])c([H])c4C(O1)=O)C([H])([H])[H])(<-n1c([H])c([H])c([H])c([H])c1-c1n->2c([H])c([H])c([H])c1[H])<-n1c([H])c([H])c([H])c([H])c1-c1n->3c([H])c([H])c([H])c1[H],
LIFDEJ,ok,1,1,1,1,1,1,2,2,4,coupled_ligand_charge_and_oxidation,carbonyl_like,COCCN=Cc1ccccn1 || O=S(=O)([O-])C(F)(F)F || [C-]#[O+] || [C-]#[O+] || [CH3-],COCCN=Cc1ccccn1 || O=S(=O)([O-])C(F)(F)F || [C-]#[O+] || [C-]#[O+] || [CH3-],COCC[N-]C=C1C=CC=C[N-]1 || O=S(=O)([O-])C(F)(F)F || [C-]#[O+] || [C-]#[O+] || [CH3-],[Ru+2]1(C([H])([H])[H])(<-[C-]#[O+])(<-[C-]#[O+])(<-N(=C(c2c([H])c([H])c([H])c([H])n->12)[H])C(C(OC([H])([H])[H])([H])[H])([H])[H])OS(C(F)(F)F)(=O)=O,
LIJKEW,ok,1,1,1,1,1,1,2,2,4,coupled_ligand_charge_and_oxidation,P_donor_no_M_C,CC(C)P(c1cccc2c1Oc1c(P(C(C)C)C(C)C)cccc1C2(C)C)C(C)C || CS(C)=O || [Cl-] || [Cl-],CC(C)P(c1cccc2c1Oc1c(P(C(C)C)C(C)C)cccc1C2(C)C)C(C)C || CS(C)=O || [Cl-] || [Cl-],CC(C)P(c1cccc2c1Oc1c(P(C(C)C)C(C)C)cccc1C2(C)C)C(C)C || C[S-2](C)=O || [Cl-] || [Cl-],[Os+2]12(Cl)(Cl)(<-P(c3c4c(c([H])c([H])c3[H])C(C([H])([H])[H])(C([H])([H])[H])c3c(c(P->1(C([H])(C([H])([H])[H])C([H])([H])[H])C([H])(C([H])([H])[H])C([H])([H])[H])c([H])c([H])c3[H])O->24)(C([H])(C([H])([H])[H])C([H])([H])[H])C([H])(C([H])([H])[H])C([H])([H])[H])<-S(=O)(C([H])([H])[H])C([H])([H])[H],
LIMLOL,ok,1,1,1,1,1,1,2,2,4,coupled_ligand_charge_and_oxidation,S_Se_donor_no_M_C,CS(C)=O || CS(C)=O || Cc1cccc2cc(-c3nc4ccccc4[nH]3)c(=N)oc12 || [Cl-] || [Cl-],CS(C)=O || CS(C)=O || Cc1cccc2cc(-c3nc4ccccc4[nH]3)c(=N)oc12 || [Cl-] || [Cl-],CS(C)=O || C[S-2](C)=O || Cc1cccc2cc(-c3nc4ccccc4[nH]3)c(=N)oc12 || [Cl-] || [Cl-],[Ru+2]1(<-S(=O)(C([H])([H])[H])C([H])([H])[H])(Cl)(Cl)(<-S(=O)(C([H])([H])[H])C([H])([H])[H])<-n2c3c([H])c([H])c([H])c([H])c3n([H])c2-c2c([H])c3c(oc2=N->1[H])c(C([H])([H])[H])c([H])c([H])c3[H],
LIYTAQ,ok,1,1,1,1,1,1,2,2,4,coupled_ligand_charge_and_oxidation,other_C_bound_ligand,COc1c[c-]c(-c2ccccn2)c2c1ccc1ccc3ccc4ccc5ccccc5c4c3c12 || Cc1ccc(S(C)=O)cc1 || [Cl-],COc1c[c-]c(-c2ccccn2)c2c1ccc1ccc3ccc4ccc5ccccc5c4c3c12 || Cc1ccc(S(C)=O)cc1 || [Cl-],COc1c[c-]c(-c2ccccn2)c2c1ccc1ccc3ccc4ccc5ccccc5c4c3c12 || Cc1ccc([S-2](C)=O)cc1 || [Cl-],c1([H])c([H])c([H])c([H])c2-c3c([Pt+2](<-n12)(<-S(C([H])([H])[H])(c1c([H])c([H])c(C([H])([H])[H])c([H])c1[H])=O)Cl)c([H])c(OC([H])([H])[H])c1c([H])c([H])c2c([H])c([H])c4c([H])c([H])c5c([H])c([H])c6c([H])c([H])c([H])c([H])c6c5c4c2c31,
LOFTEF,ok,1,1,1,1,1,1,2,2,4,coupled_ligand_charge_and_oxidation,S_Se_donor_no_M_C,CC(C)(C)NCc1cccc(CNC(C)(C)C)n1 || CS(C)=O || [Cl-] || [Cl-],CC(C)(C)NCc1cccc(CNC(C)(C)C)n1 || CS(C)=O || [Cl-] || [Cl-],CC(C)(C)NCc1cccc(CNC(C)(C)C)n1 || C[S-2](C)=O || [Cl-] || [Cl-],[Ru+2]12(Cl)(Cl)(<-S(=O)(C([H])([H])[H])C([H])([H])[H])<-N(C(c3c([H])c([H])c([H])c(C(N->1(C(C([H])([H])[H])(C([H])([H])[H])C([H])([H])[H])[H])([H])[H])n->23)([H])[H])(C(C([H])([H])[H])(C([H])([H])[H])C([H])([H])[H])[H],
LUSJIU,ok,1,1,1,1,1,1,2,2,4,coupled_ligand_charge_and_oxidation,S_Se_donor_no_M_C,CS(C)=O || [Cl-] || [Cl-] || c1ccc(SCCNCCN2CCOCC2)cc1,CS(C)=O || [Cl-] || [Cl-] || c1ccc(SCCNCCN2CCOCC2)cc1,C[S-2](C)=O || [Cl-] || [Cl-] || c1ccc(SCCNCCN2CCOCC2)cc1,[Ru+2]12(<-S(C(C(N->1([H])C(C(N->21C([H])([H])C([H])([H])OC([H])([H])C1([H])[H])([H])[H])([H])[H])([H])[H])([H])[H])c1c([H])c([H])c([H])c([H])c1[H])(<-S(=O)(C([H])([H])[H])C([H])([H])[H])(Cl)Cl,
MAMFIR,ok,1,1,1,1,1,1,2,2,4,coupled_ligand_charge_and_oxidation,haptic_or_adjacent_multi_C,Cc1ccc(C(C)C)cc1 || [Cl-] || c1ccc(P(Nc2ccccn2)c2ccccc2)cc1,Cc1ccc(C(C)C)cc1 || [Cl-] || c1ccc(P(Nc2ccccn2)c2ccccc2)cc1,Cc1ccc(C(C)C)cc1 || [Cl-] || c1ccc([P-2](Nc2ccccn2)c2ccccc2)cc1,[Ru+2]123456(Cl)(<-P(N([H])c7n->1c([H])c([H])c([H])c7[H])(c1c([H])c([H])c([H])c([H])c1[H])c1c([H])c([H])c([H])c([H])c1[H])<-c1(C(C([H])([H])[H])([H])C([H])([H])[H])c->2([H])c->3([H])c->4(C([H])([H])[H])c->5([H])c->61[H],
MAWZAM,ok,1,1,1,1,1,1,2,2,4,coupled_ligand_charge_and_oxidation,other_C_bound_ligand,CN(C)Cc1[c-]cccc1 || CS(C)=O || Cn1ccc(N)nc1=O,CN(C)Cc1[c-]cccc1 || CS(C)=O || Cn1ccc(N)nc1=O,CN(C)Cc1[c-]cccc1 || C[S-2](C)=O || Cn1ccc(N)nc1=O,[Pt+2]1(<-S(=O)(C([H])([H])[H])C([H])([H])[H])(<-N(C(c2c1c([H])c([H])c([H])c2[H])([H])[H])(C([H])([H])[H])C([H])([H])[H])<-n1c(N([H])[H])c([H])c([H])n(C([H])([H])[H])c1=O,
MAYKED,ok,1,1,1,1,1,1,2,2,4,coupled_ligand_charge_and_oxidation,haptic_or_adjacent_multi_C,COP([S-])c1c(C(C)(C)C)cc(C(C)(C)C)cc1C(C)(C)C || [C-]#[O+] || [C-]#[O+] || c1cc[cH-]c1,COP([S-])c1c(C(C)(C)C)cc(C(C)(C)C)cc1C(C)(C)C || [C-]#[O+] || [C-]#[O+] || c1cc[cH-]c1,CO[P-2]([S-])c1c(C(C)(C)C)cc(C(C)(C)C)cc1C(C)(C)C || [C-]#[O+] || [C-]#[O+] || c1cc[cH-]c1,[Mo+2]12345(<-P(S1)(OC([H])([H])[H])c1c(C(C([H])([H])[H])(C([H])([H])[H])C([H])([H])[H])c([H])c(C(C([H])([H])[H])(C([H])([H])[H])C([H])([H])[H])c([H])c1C(C([H])([H])[H])(C([H])([H])[H])C([H])([H])[H])(<-[C-]#[O+])(<-[C-]#[O+])<-C1([H])=C->2([H])C3([H])C->4([H])=C->51[H],
MAYKUT,ok,1,1,1,1,1,1,2,2,2,metal_disconnection_or_ligand_partition,haptic_or_adjacent_multi_C,CC(C)(C)c1cc(C(C)(C)C)c(P([O-])Oc2ccc(O)cc2)c(C(C)(C)C)c1 || [C-]#[O+] || [C-]#[O+] || c1cc[cH-]c1,CC(C)(C)c1cc(C(C)(C)C)c(P([O-])Oc2ccc(O)cc2)c(C(C)(C)C)c1 || [C-]#[O+] || [C-]#[O+] || c1cc[cH-]c1,CC(C)(C)c1cc(C(C)(C)C)c([P-](=O)Oc2ccc(O)cc2)c(C(C)(C)C)c1 || [C-]#[O+] || [C-]#[O+] || c1cc[cH-]c1,[Mo+2]12345(<-P(O1)(Oc1c([H])c([H])c(O[H])c([H])c1[H])c1c(C(C([H])([H])[H])(C([H])([H])[H])C([H])([H])[H])c([H])c(C(C([H])([H])[H])(C([H])([H])[H])C([H])([H])[H])c([H])c1C(C([H])([H])[H])(C([H])([H])[H])C([H])([H])[H])(<-[C-]#[O+])(<-[C-]#[O+])<-C1([H])=C->2([H])C3([H])C->4([H])=C->51[H],
MCYSPT,ok,1,1,1,1,1,1,2,2,4,coupled_ligand_charge_and_oxidation,S_Se_donor_no_M_C,CS(=O)CC(N)C(=O)O || [Cl-] || [Cl-],CS(=O)CC(N)C(=O)O || [Cl-] || [Cl-],C[S-2](=O)CC(N)C(=O)O || [Cl-] || [Cl-],[Pt+2]1(Cl)(Cl)<-S(=O)(C(C(N->1([H])[H])(C(=O)O[H])[H])([H])[H])C([H])([H])[H],
MEJTUT,ok,1,1,1,1,1,1,2,2,8,coupled_ligand_charge_and_oxidation,S_Se_donor_no_M_C,CS(C)=O || CS(C)=O || CS(C)=O || Cc1nc2ncnn2c(C)c1C || [Cl-] || [Cl-],CS(C)=O || CS(C)=O || CS(C)=O || Cc1nc2ncnn2c(C)c1C || [Cl-] || [Cl-],C[S-2](C)=O || C[S-2](C)=O || C[S-2](C)=O || Cc1nc2ncnn2c(C)c1C || [Cl-] || [Cl-],[Ru+2](Cl)(Cl)(<-S(C([H])([H])[H])(C([H])([H])[H])=O)(<-S(C([H])([H])[H])(C([H])([H])[H])=O)(<-S(C([H])([H])[H])(C([H])([H])[H])=O)<-n1c([H])nn2c1nc(C([H])([H])[H])c(C([H])([H])[H])c2C([H])([H])[H],
MEQZAJ,ok,1,1,1,1,1,1,1,1,3,coupled_ligand_charge_and_oxidation,haptic_or_adjacent_multi_C,C1=CCCC=CCC1 || CC(=NS(=O)C(C)(C)C)[N-]S(=O)C(C)(C)C,C1=CCCC=CCC1 || CC(=NS(=O)C(C)(C)C)[N-]S(=O)C(C)(C)C,C1=CCCC=CCC1 || CC(=N[S-2](=O)C(C)(C)C)[N-]S(=O)C(C)(C)C,[Rh+]1234(<-S(=O)(N=C(N1S(=O)C(C([H])([H])[H])(C([H])([H])[H])C([H])([H])[H])C([H])([H])[H])C(C([H])([H])[H])(C([H])([H])[H])C([H])([H])[H])<-C1([H])=C->2([H])C([H])([H])C([H])([H])C->3([H])=C->4([H])C([H])([H])C1([H])[H],
MIMXAH,ok,1,1,1,1,1,1,1,1,3,coupled_ligand_charge_and_oxidation,S_Se_donor_no_M_C,CS(C)=O || CS(C)=O || CS(C)=O || [Cl-],CS(C)=O || CS(C)=O || CS(C)=O || [Cl-],CS(C)=O || CS(C)=O || C[S-2](C)=O || [Cl-],[Rh+](Cl)(<-S(=O)(C([H])([H])[H])C([H])([H])[H])(<-S(=O)(C([H])([H])[H])C([H])([H])[H])<-S(=O)(C([H])([H])[H])C([H])([H])[H],
MIMXOV,ok,1,1,1,1,1,1,1,1,3,coupled_ligand_charge_and_oxidation,S_Se_donor_no_M_C,CS(C)=O || CS(C)=O || CS(C)=O || CS(C)=O,CS(C)=O || CS(C)=O || CS(C)=O || CS(C)=O,CS(C)=O || CS(C)=O || CS(C)=O || C[S-2](C)=O,[Rh+](<-O=S(C([H])([H])[H])C([H])([H])[H])(<-S(=O)(C([H])([H])[H])C([H])([H])[H])(<-S(=O)(C([H])([H])[H])C([H])([H])[H])<-O=S(C([H])([H])[H])C([H])([H])[H],
MITNAF,ok,1,1,1,1,1,1,2,2,4,coupled_ligand_charge_and_oxidation,S_Se_donor_no_M_C,CCN(Cc1ccccn1)Cc1ccccn1 || CS(C)=O || [Cl-] || [Cl-],CCN(Cc1ccccn1)Cc1ccccn1 || CS(C)=O || [Cl-] || [Cl-],CCN(Cc1ccccn1)Cc1ccccn1 || C[S-2](C)=O || [Cl-] || [Cl-],[Ru+2]12(Cl)(<-S(=O)(C([H])([H])[H])C([H])([H])[H])(<-n3c([H])c([H])c([H])c([H])c3C(N->1(C([H])([H])C([H])([H])[H])C([H])([H])c1n->2c([H])c([H])c([H])c1[H])([H])[H])Cl,
MODVIK,ok,1,1,1,1,1,1,2,2,4,coupled_ligand_charge_and_oxidation,P_donor_no_M_C,[Cl-] || [Cl-] || c1ccc(P(c2ccccc2)N(c2ccccn2)c2ccccn2)cc1,[Cl-] || [Cl-] || c1ccc(P(c2ccccc2)N(c2ccccn2)c2ccccn2)cc1,[Cl-] || [Cl-] || c1ccc([P-2](c2ccccc2)N(c2ccccn2)c2ccccn2)cc1,c1([H])c([H])c([H])c([H])c2N(c3c([H])c([H])c([H])c([H])n3)P(c3c([H])c([H])c([H])c([H])c3[H])(c3c([H])c([H])c([H])c([H])c3[H])->[Pd+2](<-n12)(Cl)Cl,
MOVXAW,ok,1,1,1,1,1,1,0,0,0,metal_disconnection_or_ligand_partition,carbonyl_like,CPC1=CC(=P(c2ccccc2)(c2ccccc2)c2ccccc2)C=C1 || [C-]#[O+] || [C-]#[O+] || [C-]#[O+] || [C-]#[O+] || [C-]#[O+],CPC1=CC(=P(c2ccccc2)(c2ccccc2)c2ccccc2)C=C1 || [C-]#[O+] || [C-]#[O+] || [C-]#[O+] || [C-]#[O+] || [C-]#[O+],CP[c-]1ccc([P+](c2ccccc2)(c2ccccc2)c2ccccc2)c1 || [C-]#[O+] || [C-]#[O+] || [C-]#[O+] || [C-]#[O+] || [C-]#[O+],[W](<-P([H])(C([H])([H])[H])C1=C([H])C(=P(c2c([H])c([H])c([H])c([H])c2[H])(c2c([H])c([H])c([H])c([H])c2[H])c2c([H])c([H])c([H])c([H])c2[H])C([H])=C1[H])(<-[C-]#[O+])(<-[C-]#[O+])(<-[C-]#[O+])(<-[C-]#[O+])<-[C-]#[O+],
MUNFIL,ok,1,1,1,1,1,1,4,4,4,metal_disconnection_or_ligand_partition,haptic_or_adjacent_multi_C,Cc1c(C)c(C)[c-](C)c1C || [CH-]=P(c1ccccc1)(c1ccccc1)c1ccccc1 || [Cl-] || [Cl-],Cc1c(C)c(C)[c-](C)c1C || [CH-]=P(c1ccccc1)(c1ccccc1)c1ccccc1 || [Cl-] || [Cl-],Cc1c(C)c(C)[c-](C)c1C || [CH-2][P+](c1ccccc1)(c1ccccc1)c1ccccc1 || [Cl-] || [Cl-],[Ti+4]1234(Cl)(Cl)(<-C5(C([H])([H])[H])=C->1(C([H])([H])[H])C->2(C([H])([H])[H])=C->3(C([H])([H])[H])C45C([H])([H])[H])C(=P(c1c([H])c([H])c([H])c([H])c1[H])(c1c([H])c([H])c([H])c([H])c1[H])c1c([H])c([H])c([H])c([H])c1[H])[H],
MUPSUM,ok,1,1,1,1,1,1,2,2,6,coupled_ligand_charge_and_oxidation,S_Se_donor_no_M_C,CS(C)=O || CS(C)=O || [Cl-] || [Cl-] || c1ccncc1 || c1ccncc1,CS(C)=O || CS(C)=O || [Cl-] || [Cl-] || c1ccncc1 || c1ccncc1,C[S-2](C)=O || C[S-2](C)=O || [Cl-] || [Cl-] || c1ccncc1 || c1ccncc1,[Ru+2](Cl)(Cl)(<-S(=O)(C([H])([H])[H])C([H])([H])[H])(<-S(=O)(C([H])([H])[H])C([H])([H])[H])(<-n1c([H])c([H])c([H])c([H])c1[H])<-n1c([H])c([H])c([H])c([H])c1[H],
NIBBAB,ok,1,1,1,1,1,1,1,1,1,metal_disconnection_or_ligand_partition,carbonyl_like,[C-]#[O+] || [C-]#[O+] || [C-]#[O+] || [C-]#[O+] || [Se]=P(c1[c-]cccc1)(c1ccccc1)c1ccccc1,[C-]#[O+] || [C-]#[O+] || [C-]#[O+] || [C-]#[O+] || [Se]=P(c1[c-]cccc1)(c1ccccc1)c1ccccc1,[C-]#[O+] || [C-]#[O+] || [C-]#[O+] || [C-]#[O+] || [Se-][P+](c1[c-]cccc1)(c1ccccc1)c1ccccc1,[Mn+]1(<-[Se]=P(c2c1c([H])c([H])c([H])c2[H])(c1c([H])c([H])c([H])c([H])c1[H])c1c([H])c([H])c([H])c([H])c1[H])(<-[C-]#[O+])(<-[C-]#[O+])(<-[C-]#[O+])<-[C-]#[O+],
NIJCEP,ok,1,1,1,1,1,1,2,2,4,coupled_ligand_charge_and_oxidation,S_Se_donor_no_M_C,CS(C)=O || N=C(N)NN || [Cl-],CS(C)=O || N=C(N)NN || [Cl-],C[S-2](C)=O || N=C(N)NN || [Cl-],[Pt+2]1(<-S(C([H])([H])[H])(=O)C([H])([H])[H])(Cl)<-N([H])([H])N(C(N([H])[H])=N->1[H])[H],
NIKGAQ,ok,1,1,1,1,1,1,2,2,6,coupled_ligand_charge_and_oxidation,S_Se_donor_no_M_C,CS(C)=O || CS(C)=O || O=C([O-])c1ccccn1 || O=C([O-])c1ccccn1,CS(C)=O || CS(C)=O || O=C([O-])c1ccccn1 || O=C([O-])c1ccccn1,C[S-2](C)=O || C[S-2](C)=O || O=C([O-])c1ccccn1 || O=C([O-])c1ccccn1,[Ru+2]12(<-S(=O)(C([H])([H])[H])C([H])([H])[H])(<-S(=O)(C([H])([H])[H])C([H])([H])[H])(OC(=O)c3n->1c([H])c([H])c([H])c3[H])OC(=O)c1n->2c([H])c([H])c([H])c1[H],
NOQFOR,ok,1,1,1,1,1,1,2,2,4,coupled_ligand_charge_and_oxidation,P_donor_no_M_C,N#Cc1ccc(NP(c2ccccc2)c2ccccc2)cc1 || N#Cc1ccc(NP(c2ccccc2)c2ccccc2)cc1 || [Cl-] || [Cl-],N#Cc1ccc(NP(c2ccccc2)c2ccccc2)cc1 || N#Cc1ccc(NP(c2ccccc2)c2ccccc2)cc1 || [Cl-] || [Cl-],N#Cc1ccc(NP(c2ccccc2)c2ccccc2)cc1 || N#Cc1ccc(N[P-2](c2ccccc2)c2ccccc2)cc1 || [Cl-] || [Cl-],[Pt+2](<-P(N([H])c1c([H])c([H])c(C#N)c([H])c1[H])(c1c([H])c([H])c([H])c([H])c1[H])c1c([H])c([H])c([H])c([H])c1[H])(Cl)(<-P(N([H])c1c([H])c([H])c(C#N)c([H])c1[H])(c1c([H])c([H])c([H])c([H])c1[H])c1c([H])c([H])c([H])c([H])c1[H])Cl,
NOQFUX,ok,1,1,1,1,1,1,2,2,4,coupled_ligand_charge_and_oxidation,P_donor_no_M_C,N#Cc1ccccc1NP(c1ccccc1)c1ccccc1 || N#Cc1ccccc1NP(c1ccccc1)c1ccccc1 || [Cl-] || [Cl-],N#Cc1ccccc1NP(c1ccccc1)c1ccccc1 || N#Cc1ccccc1NP(c1ccccc1)c1ccccc1 || [Cl-] || [Cl-],N#Cc1ccccc1NP(c1ccccc1)c1ccccc1 || N#Cc1ccccc1N[P-2](c1ccccc1)c1ccccc1 || [Cl-] || [Cl-],[Pt+2](Cl)(<-P(N([H])c1c(C#N)c([H])c([H])c([H])c1[H])(c1c([H])c([H])c([H])c([H])c1[H])c1c([H])c([H])c([H])c([H])c1[H])(Cl)<-P(N([H])c1c(C#N)c([H])c([H])c([H])c1[H])(c1c([H])c([H])c([H])c([H])c1[H])c1c([H])c([H])c([H])c([H])c1[H],
ODEBII,ok,1,1,1,1,1,1,2,2,4,coupled_ligand_charge_and_oxidation,P_donor_no_M_C,COP(OC)c1ccccc1 || [Cl-] || c1ccc(-c2ccccn2)nc1 || c1ccc(-c2ccccn2)nc1,COP(OC)c1ccccc1 || [Cl-] || c1ccc(-c2ccccn2)nc1 || c1ccc(-c2ccccn2)nc1,CO[P-2](OC)c1ccccc1 || [Cl-] || c1ccc(-c2ccccn2)nc1 || c1ccc(-c2ccccn2)nc1,[Ru+2]12(<-P(OC([H])([H])[H])(OC([H])([H])[H])c3c([H])c([H])c([H])c([H])c3[H])(Cl)(<-n3c([H])c([H])c([H])c([H])c3-c3c([H])c([H])c([H])c([H])n->13)<-n1c([H])c([H])c([H])c([H])c1-c1c([H])c([H])c([H])c([H])n->21,
ODUNIM,ok,1,1,1,1,1,1,2,2,4,coupled_ligand_charge_and_oxidation,other_C_bound_ligand,COc1cc(OC)c(P(c2ccccc2S(=O)(=O)[O-])C(C)(C)C)c(OC)c1 || CS(C)=O || [CH3-],COc1cc(OC)c(P(c2ccccc2S(=O)(=O)[O-])C(C)(C)C)c(OC)c1 || CS(C)=O || [CH3-],COc1cc(OC)c(P(c2ccccc2S(=O)(=O)[O-])C(C)(C)C)c(OC)c1 || C[S-2](C)=O || [CH3-],c12S(O[Pd+2](C([H])([H])[H])(<-S(C([H])([H])[H])(C([H])([H])[H])=O)<-P(c1c([H])c([H])c([H])c2[H])(c1c(OC([H])([H])[H])c([H])c(OC([H])([H])[H])c([H])c1OC([H])([H])[H])C(C([H])([H])[H])(C([H])([H])[H])C([H])([H])[H])(=O)=O,
OFULIL,ok,1,1,1,1,1,1,2,2,4,coupled_ligand_charge_and_oxidation,S_Se_donor_no_M_C,CS(C)=O || [I-] || [I-] || c1ccncc1,CS(C)=O || [I-] || [I-] || c1ccncc1,C[S-2](C)=O || [I-] || [I-] || c1ccncc1,[Pt+2](I)(I)(<-S(=O)(C([H])([H])[H])C([H])([H])[H])<-n1c([H])c([H])c([H])c([H])c1[H],
OGIGUG,ok,1,1,1,1,1,1,2,2,4,coupled_ligand_charge_and_oxidation,other_C_bound_ligand,CC(=NO)c1[c-]cccc1 || CS(=O)c1ccccc1 || [Cl-],CC(=NO)c1[c-]cccc1 || CS(=O)c1ccccc1 || [Cl-],CC(=NO)c1[c-]cccc1 || C[S-2](=O)c1ccccc1 || [Cl-],[Pt+2]1(Cl)(<-S(=O)(C([H])([H])[H])c2c([H])c([H])c([H])c([H])c2[H])<-N(O[H])=C(c2c1c([H])c([H])c([H])c2[H])C([H])([H])[H],
OKAPOH,ok,1,1,1,1,1,1,2,2,4,coupled_ligand_charge_and_oxidation,other_C_bound_ligand,CCN(CC)Cc1[c-]c(OP(C(C)C)C(C)C)ccc1 || [Cl-],CCN(CC)Cc1[c-]c(OP(C(C)C)C(C)C)ccc1 || [Cl-],CCN(CC)Cc1[c-]c(O[P-2](C(C)C)C(C)C)ccc1 || [Cl-],[Pd+2]12(Cl)<-P(Oc3c1c(C(N->2(C([H])([H])C([H])([H])[H])C([H])([H])C([H])([H])[H])([H])[H])c([H])c([H])c3[H])(C([H])(C([H])([H])[H])C([H])([H])[H])C([H])(C([H])([H])[H])C([H])([H])[H],
OLOKEH,ok,1,1,1,1,1,1,2,2,4,coupled_ligand_charge_and_oxidation,N_O_only_coordination,CCOP(=O)([O-])c1cccc(-c2cccc(P(=O)([O-])OCC)n2)n1 || c1ccc2cnccc2c1 || c1ccc2cnccc2c1,CCOP(=O)([O-])c1cccc(-c2cccc(P(=O)([O-])OCC)n2)n1 || c1ccc2cnccc2c1 || c1ccc2cnccc2c1,CCOP(=O)([O-])C1=CC=CC(=C2C=CC=C(P(=O)([O-])OCC)[N-]2)[N-]1 || c1ccc2cnccc2c1 || c1ccc2cnccc2c1,[Ru+2]123(<-n4c(c([H])c([H])c([H])c4P(=O)(OC([H])([H])C([H])([H])[H])O1)-c1n->2c(c([H])c([H])c1[H])P(=O)(OC([H])([H])C([H])([H])[H])O3)(<-n1c([H])c2c(c([H])c1[H])c([H])c([H])c([H])c2[H])<-n1c([H])c2c(c([H])c1[H])c([H])c([H])c([H])c2[H],
OMANIZ,ok,1,1,1,1,1,1,1,1,3,coupled_ligand_charge_and_oxidation,S_Se_donor_no_M_C,CS(C)=O || CS(C)=O || c1ccncc1 || c1ccncc1,CS(C)=O || CS(C)=O || c1ccncc1 || c1ccncc1,CS(C)=O || C[S-2](C)=O || c1ccncc1 || c1ccncc1,[Ir+](<-n1c([H])c([H])c([H])c([H])c1[H])(<-n1c([H])c([H])c([H])c([H])c1[H])(<-S(=O)(C([H])([H])[H])C([H])([H])[H])<-S(=O)(C([H])([H])[H])C([H])([H])[H],
ONIKIH,ok,1,1,1,1,1,1,2,2,4,coupled_ligand_charge_and_oxidation,S_Se_donor_no_M_C,CS(C)=O || CS(C)=O || O=C([O-])C1([O-])CC(O)C(O)C(O)C1,CS(C)=O || CS(C)=O || O=C([O-])C1([O-])CC(O)C(O)C(O)C1,CS(C)=O || C[S-2](C)=O || O=C([O-])C1([O-])CC(O)C(O)C(O)C1,[Pt+2]1(<-S(=O)(C([H])([H])[H])C([H])([H])[H])(<-S(=O)(C([H])([H])[H])C([H])([H])[H])OC(=O)C2(O1)C([H])([H])C(O[H])([H])C(O[H])([H])C(O[H])([H])C2([H])[H],
ONIKON,ok,1,1,1,1,1,1,2,2,4,coupled_ligand_charge_and_oxidation,S_Se_donor_no_M_C,CS(C)=O || CS(C)=O || O=C([O-])c1ccccc1[O-],CS(C)=O || CS(C)=O || O=C([O-])c1ccccc1[O-],CS(C)=O || C[S-2](C)=O || O=C([O-])c1ccccc1[O-],[Pt+2]1(<-S(=O)(C([H])([H])[H])C([H])([H])[H])(<-S(=O)(C([H])([H])[H])C([H])([H])[H])OC(=O)c2c(c([H])c([H])c([H])c2[H])O1,
ORODEF,ok,1,1,1,1,1,1,2,2,4,coupled_ligand_charge_and_oxidation,other_C_bound_ligand,CC(C)P(Oc1[c-]c(CN2CCOCC2)ccc1)C(C)C || [Br-],CC(C)P(Oc1[c-]c(CN2CCOCC2)ccc1)C(C)C || [Br-],CC(C)[P-2](Oc1[c-]c(CN2CCOCC2)ccc1)C(C)C || [Br-],[Ni+2]12(Br)<-P(Oc3c1c(C(N->21C([H])([H])C([H])([H])OC([H])([H])C1([H])[H])([H])[H])c([H])c([H])c3[H])(C([H])(C([H])([H])[H])C([H])([H])[H])C([H])(C([H])([H])[H])C([H])([H])[H],
ORODIJ,ok,1,1,1,1,1,1,2,2,4,coupled_ligand_charge_and_oxidation,other_C_bound_ligand,CCN(CC)Cc1[c-]c(OP(C(C)C)C(C)C)ccc1 || [Br-],CCN(CC)Cc1[c-]c(OP(C(C)C)C(C)C)ccc1 || [Br-],CCN(CC)Cc1[c-]c(O[P-2](C(C)C)C(C)C)ccc1 || [Br-],[Ni+2]12(Br)<-P(Oc3c1c(C(N->2(C([H])([H])C([H])([H])[H])C([H])([H])C([H])([H])[H])([H])[H])c([H])c([H])c3[H])(C([H])(C([H])([H])[H])C([H])([H])[H])C([H])(C([H])([H])[H])C([H])([H])[H],
OROFEH,ok,1,1,1,1,1,1,2,2,4,coupled_ligand_charge_and_oxidation,other_C_bound_ligand,CC(C)P(Oc1[c-]c(CN(C)C)ccc1)C(C)C || [Br-],CC(C)P(Oc1[c-]c(CN(C)C)ccc1)C(C)C || [Br-],CC(C)[P-2](Oc1[c-]c(CN(C)C)ccc1)C(C)C || [Br-],[Ni+2]12(Br)<-P(Oc3c1c(C(N->2(C([H])([H])[H])C([H])([H])[H])([H])[H])c([H])c([H])c3[H])(C([H])(C([H])([H])[H])C([H])([H])[H])C([H])(C([H])([H])[H])C([H])([H])[H],
ORUFEO,ok,1,1,1,1,1,1,2,2,4,coupled_ligand_charge_and_oxidation,P_donor_no_M_C,O=C1c2ccccc2CN1P(c1ccccc1)c1ccccc1 || O=C1c2ccccc2CN1P(c1ccccc1)c1ccccc1 || [Cl-] || [Cl-],O=C1c2ccccc2CN1P(c1ccccc1)c1ccccc1 || O=C1c2ccccc2CN1P(c1ccccc1)c1ccccc1 || [Cl-] || [Cl-],O=C1c2ccccc2CN1P(c1ccccc1)c1ccccc1 || O=C1c2ccccc2CN1[P-2](c1ccccc1)c1ccccc1 || [Cl-] || [Cl-],[Ru+2]12(<-P(N3C(=O->1)c1c([H])c([H])c([H])c([H])c1C3([H])[H])(c1c([H])c([H])c([H])c([H])c1[H])c1c([H])c([H])c([H])c([H])c1[H])(<-P(N1C(=O->2)c2c([H])c([H])c([H])c([H])c2C1([H])[H])(c1c([H])c([H])c([H])c([H])c1[H])c1c([H])c([H])c([H])c([H])c1[H])(Cl)Cl,
PAQYUB,ok,1,1,1,1,1,1,2,2,6,coupled_ligand_charge_and_oxidation,S_Se_donor_no_M_C,CS(=O)CCS(C)=O || CS(=O)CCS(C)=O || [Cl-] || [Cl-],CS(=O)CCS(C)=O || CS(=O)CCS(C)=O || [Cl-] || [Cl-],CS(=O)CCS(C)=O || C[S-2](=O)CC[S-2](C)=O || [Cl-] || [Cl-],[Ru+2]12(Cl)(Cl)(<-S(=O)(C(C(S->1(=O)C([H])([H])[H])([H])[H])([H])[H])C([H])([H])[H])<-S(=O)(C(C(S->2(=O)C([H])([H])[H])([H])[H])([H])[H])C([H])([H])[H],
PAQZIQ,ok,1,1,1,1,1,1,2,2,6,coupled_ligand_charge_and_oxidation,S_Se_donor_no_M_C,CS(=O)CCCS(C)=O || CS(=O)CCCS(C)=O || [Cl-] || [Cl-],CS(=O)CCCS(C)=O || CS(=O)CCCS(C)=O || [Cl-] || [Cl-],CS(=O)CCCS(C)=O || C[S-2](=O)CCC[S-2](C)=O || [Cl-] || [Cl-],[Ru+2]12(Cl)(Cl)(<-S(=O)(C(C(C(S->1(=O)C([H])([H])[H])([H])[H])([H])[H])([H])[H])C([H])([H])[H])<-S(=O)(C(C(C(S->2(=O)C([H])([H])[H])([H])[H])([H])[H])([H])[H])C([H])([H])[H],
PATCUK,ok,1,1,1,1,1,1,2,2,4,coupled_ligand_charge_and_oxidation,other_C_bound_ligand,CC(C)(C)P(n1ccc2ccc[c-]c21)C(C)(C)C || CCSCC || [CH3-],CC(C)(C)P(n1ccc2ccc[c-]c21)C(C)(C)C || CCSCC || [CH3-],CC(C)(C)[P-2](n1ccc2ccc[c-]c21)C(C)(C)C || CCSCC || [CH3-],c12[Pt+2](C([H])([H])[H])(<-P(n3c1c(c([H])c([H])c2[H])c([H])c3[H])(C(C([H])([H])[H])(C([H])([H])[H])C([H])([H])[H])C(C([H])([H])[H])(C([H])([H])[H])C([H])([H])[H])<-S(C([H])([H])C([H])([H])[H])C([H])([H])C([H])([H])[H],
PAXPOW,ok,1,1,1,1,1,1,2,2,4,coupled_ligand_charge_and_oxidation,S_Se_donor_no_M_C,CS(C)=O || NC(=NO)c1ccc(C(F)(F)F)cc1 || [Cl-] || [Cl-],CS(C)=O || NC(=NO)c1ccc(C(F)(F)F)cc1 || [Cl-] || [Cl-],C[S-2](C)=O || NC(=NO)c1ccc(C(F)(F)F)cc1 || [Cl-] || [Cl-],[Pt+2](Cl)(Cl)(<-S(=O)(C([H])([H])[H])C([H])([H])[H])<-N(O[H])=C(N([H])[H])c1c([H])c([H])c(C(F)(F)F)c([H])c1[H],
PEDNES,ok,1,1,1,1,1,1,2,2,4,coupled_ligand_charge_and_oxidation,S_Se_donor_no_M_C,CS(C)=O || [S-]C(=Nc1ccccc1)c1cccc(C([S-])=Nc2ccccc2)n1,CS(C)=O || [S-]C(=Nc1ccccc1)c1cccc(C([S-])=Nc2ccccc2)n1,C[S-2](C)=O || [S-]C(=Nc1ccccc1)c1cccc(C([S-])=Nc2ccccc2)n1,[Pt+2]12(<-S(=O)(C([H])([H])[H])C([H])([H])[H])<-n3c(c([H])c([H])c([H])c3C(=Nc3c([H])c([H])c([H])c([H])c3[H])S1)C(=Nc1c([H])c([H])c([H])c([H])c1[H])S2,
PENZIR,ok,1,1,1,1,1,1,2,2,4,coupled_ligand_charge_and_oxidation,haptic_or_adjacent_multi_C,CS(C)=O || CS(C)=O || Cc1c(C)c(C)[c-](C)c1C || [Cl-],CS(C)=O || CS(C)=O || Cc1c(C)c(C)[c-](C)c1C || [Cl-],CS(C)=O || C[S-2](C)=O || Cc1c(C)c(C)[c-](C)c1C || [Cl-],[Ru+2]1234(Cl)(<-S(=O)(C([H])([H])[H])C([H])([H])[H])(<-S(=O)(C([H])([H])[H])C([H])([H])[H])<-C5(C([H])([H])[H])=C->1(C([H])([H])[H])C->2(C([H])([H])[H])=C->3(C([H])([H])[H])C45C([H])([H])[H],
PIBRIE,ok,1,1,1,1,1,1,2,2,4,coupled_ligand_charge_and_oxidation,S_Se_donor_no_M_C,CS(C)=O || Nc1ccccc1 || [Cl-] || [Cl-],CS(C)=O || Nc1ccccc1 || [Cl-] || [Cl-],C[S-2](C)=O || Nc1ccccc1 || [Cl-] || [Cl-],[Pt+2](Cl)(Cl)(<-S(=O)(C([H])([H])[H])C([H])([H])[H])<-N([H])([H])c1c([H])c([H])c([H])c([H])c1[H],
PIFVAB,ok,1,1,1,1,1,1,2,2,4,coupled_ligand_charge_and_oxidation,P_donor_no_M_C,S=P(c1ccccc1)(c1ccccc1)N(c1ccccc1)P(c1ccccc1)c1ccccc1 || [Cl-] || [Cl-],S=P(c1ccccc1)(c1ccccc1)N(c1ccccc1)P(c1ccccc1)c1ccccc1 || [Cl-] || [Cl-],S=P(c1ccccc1)(c1ccccc1)N(c1ccccc1)[P-2](c1ccccc1)c1ccccc1 || [Cl-] || [Cl-],[Pt+2]1(Cl)(Cl)<-S=P(N(P->1(c1c([H])c([H])c([H])c([H])c1[H])c1c([H])c([H])c([H])c([H])c1[H])c1c([H])c([H])c([H])c([H])c1[H])(c1c([H])c([H])c([H])c([H])c1[H])c1c([H])c([H])c([H])c([H])c1[H],
PIGQEC,ok,1,1,1,1,1,1,2,2,2,metal_disconnection_or_ligand_partition,S_Se_donor_no_M_C,CS(C)=O || CS(C)=O || [O-]C(=Nc1cccc(-c2cccc(N=C([O-])c3ccccc3)n2)n1)c1ccccc1,CS(C)=O || CS(C)=O || [O-]C(=Nc1cccc(-c2cccc(N=C([O-])c3ccccc3)n2)n1)c1ccccc1,CS(C)=O || CS(C)=O || O=C(N=c1cccc(-c2cccc(=NC(=O)c3ccccc3)[n-]2)[n-]1)c1ccccc1,[Ru+2]123(<-S(=O)(C([H])([H])[H])C([H])([H])[H])(<-n4c(c([H])c([H])c([H])c4N=C(c4c([H])c([H])c([H])c([H])c4[H])O1)-c1n->2c(c([H])c([H])c1[H])N=C(c1c([H])c([H])c([H])c([H])c1[H])O3)<-S(=O)(C([H])([H])[H])C([H])([H])[H],
PIGQOM,ok,1,1,1,1,1,1,2,2,4,coupled_ligand_charge_and_oxidation,S_Se_donor_no_M_C,CN(C)c1ccncc1 || CS(C)=O || [O-]C(=Nc1cccc(-c2cccc(N=C([O-])c3ccccc3)n2)n1)c1ccccc1,CN(C)c1ccncc1 || CS(C)=O || [O-]C(=Nc1cccc(-c2cccc(N=C([O-])c3ccccc3)n2)n1)c1ccccc1,CN(C)c1ccncc1 || C[S-2](C)=O || O=C(N=c1cccc(-c2cccc(=NC(=O)c3ccccc3)[n-]2)[n-]1)c1ccccc1,[Ru+2]123(<-S(=O)(C([H])([H])[H])C([H])([H])[H])(<-n4c(c([H])c([H])c([H])c4N=C(c4c([H])c([H])c([H])c([H])c4[H])O1)-c1n->2c(c([H])c([H])c1[H])N=C(c1c([H])c([H])c([H])c([H])c1[H])O3)<-n1c([H])c([H])c(N(C([H])([H])[H])C([H])([H])[H])c([H])c1[H],
PIYYON,ok,1,1,1,1,1,1,2,2,4,coupled_ligand_charge_and_oxidation,P_donor_no_M_C,CC(C)P(Nc1ccccn1)C(C)C || [Cl-] || [Cl-] || c1ccncc1,CC(C)P(Nc1ccccn1)C(C)C || [Cl-] || [Cl-] || c1ccncc1,CC(C)[P-2](Nc1ccccn1)C(C)C || [Cl-] || [Cl-] || c1ccncc1,[Fe+2]1(Cl)(Cl)(<-P(N([H])c2n->1c([H])c([H])c([H])c2[H])(C([H])(C([H])([H])[H])C([H])([H])[H])C([H])(C([H])([H])[H])C([H])([H])[H])<-n1c([H])c([H])c([H])c([H])c1[H],
PIYZAA,ok,1,1,1,1,1,1,2,2,4,coupled_ligand_charge_and_oxidation,P_donor_no_M_C,CC(C)P(C(C)C)N(C)c1ccccn1 || [Br-] || [Br-],CC(C)P(C(C)C)N(C)c1ccccn1 || [Br-] || [Br-],CC(C)[P-2](C(C)C)N(C)c1ccccn1 || [Br-] || [Br-],[Fe+2]1(<-P(N(c2n->1c([H])c([H])c([H])c2[H])C([H])([H])[H])(C([H])(C([H])([H])[H])C([H])([H])[H])C([H])(C([H])([H])[H])C([H])([H])[H])(Br)Br,
PIZGOW,ok,1,1,1,1,1,1,2,2,4,coupled_ligand_charge_and_oxidation,S_Se_donor_no_M_C,CS(C)=O || [Cl-] || [Cl-] || c1ccc(CN(CCCn2cccc2)Cc2ccccn2)nc1,CS(C)=O || [Cl-] || [Cl-] || c1ccc(CN(CCCn2cccc2)Cc2ccccn2)nc1,C[S-2](C)=O || [Cl-] || [Cl-] || c1ccc(CN(CCCn2cccc2)Cc2ccccn2)nc1,Cl[Ru+2]12(<-n3c([H])c([H])c([H])c([H])c3C(N->1(C([H])([H])c1n->2c([H])c([H])c([H])c1[H])C([H])([H])C([H])([H])C(n1c([H])c([H])c([H])c1[H])([H])[H])([H])[H])(Cl)<-S(=O)(C([H])([H])[H])C([H])([H])[H],
PUCFEY,ok,1,1,1,1,1,1,2,2,4,coupled_ligand_charge_and_oxidation,S_Se_donor_no_M_C,Cc1ccc(S(C)=O)cc1 || Cc1ccc(S(C)=O)cc1 || [Cl-] || [Cl-],Cc1ccc(S(C)=O)cc1 || Cc1ccc(S(C)=O)cc1 || [Cl-] || [Cl-],Cc1ccc(S(C)=O)cc1 || Cc1ccc([S-2](C)=O)cc1 || [Cl-] || [Cl-],[Pt+2](Cl)(Cl)(<-S(=O)(C([H])([H])[H])c1c([H])c([H])c(C([H])([H])[H])c([H])c1[H])<-S(=O)(C([H])([H])[H])c1c([H])c([H])c(C([H])([H])[H])c([H])c1[H],
PUNFUB,ok,1,1,1,1,1,1,2,2,4,coupled_ligand_charge_and_oxidation,S_Se_donor_no_M_C,CN(Cc1ccccn1)Cc1ccccn1 || CS(C)=O || [Cl-] || [Cl-],CN(Cc1ccccn1)Cc1ccccn1 || CS(C)=O || [Cl-] || [Cl-],CN(Cc1ccccn1)Cc1ccccn1 || C[S-2](C)=O || [Cl-] || [Cl-],[Ru+2]12(Cl)(Cl)(<-N(C([H])([H])[H])(C([H])([H])c3n->1c([H])c([H])c([H])c3[H])C([H])([H])c1n->2c([H])c([H])c([H])c1[H])<-S(=O)(C([H])([H])[H])C([H])([H])[H],
QAMHOC,ok,1,1,1,1,1,1,2,2,4,coupled_ligand_charge_and_oxidation,haptic_or_adjacent_multi_C,C=CCN(CC=C)P(c1ccccc1)c1ccccc1 || [Cl-] || [Cl-],C=CCN(CC=C)P(c1ccccc1)c1ccccc1 || [Cl-] || [Cl-],C=CCN(CC=C)[P-2](c1ccccc1)c1ccccc1 || [Cl-] || [Cl-],[Pd+2]12(Cl)(Cl)<-P(c3c([H])c([H])c([H])c([H])c3[H])(c3c([H])c([H])c([H])c([H])c3[H])N(C([H])([H])C->1([H])=C->2([H])[H])C([H])([H])C([H])=C([H])[H],
QANGOB,ok,1,1,1,1,1,1,2,2,4,coupled_ligand_charge_and_oxidation,P_donor_no_M_C,CCOP(O)c1ccccc1 || [Cl-] || c1ccc(-c2ccccn2)nc1 || c1ccc(-c2ccccn2)nc1,CCOP(O)c1ccccc1 || [Cl-] || c1ccc(-c2ccccn2)nc1 || c1ccc(-c2ccccn2)nc1,CCO[P-2](O)c1ccccc1 || [Cl-] || c1ccc(-c2ccccn2)nc1 || c1ccc(-c2ccccn2)nc1,[Ru+2]12(Cl)(<-P(O[H])(c3c([H])c([H])c([H])c([H])c3[H])OC([H])([H])C([H])([H])[H])(<-n3c([H])c([H])c([H])c([H])c3-c3c([H])c([H])c([H])c([H])n->13)<-n1c([H])c([H])c([H])c([H])c1-c1c([H])c([H])c([H])c([H])n->21,
QECVOJ,ok,1,1,1,1,1,1,2,2,4,coupled_ligand_charge_and_oxidation,other_C_bound_ligand,CC(=O)NP(c1ccccc1)c1ccccc1 || [CH2-]CC(C)=O,CC(=O)NP(c1ccccc1)c1ccccc1 || [CH2-]CC(C)=O,CC(=O)N[P-2](c1ccccc1)c1ccccc1 || [CH2-]CC(C)=O,[Pd+2]12(C(C(C(C([H])([H])[H])=O->1)([H])[H])([H])[H])<-O=C(C([H])([H])[H])N(P->2(c1c([H])c([H])c([H])c([H])c1[H])c1c([H])c([H])c([H])c([H])c1[H])[H],
QEZRAP,ok,1,1,1,1,1,1,2,2,2,metal_disconnection_or_ligand_partition,halide_containing_no_M_C,Cc1ccc(S(=O)(=O)[N-]c2cccc3ccc4cccnc4c23)cc1 || [Cl-] || c1ccncc1,Cc1ccc(S(=O)(=O)[N-]c2cccc3ccc4cccnc4c23)cc1 || [Cl-] || c1ccncc1,Cc1ccc(S(=O)(=O)N=c2cccc3ccc4ccc[n-]c4c23)cc1 || [Cl-] || c1ccncc1,[Pd+2]1(Cl)(<-n2c([H])c([H])c([H])c3c([H])c([H])c4c([H])c([H])c([H])c(N1S(=O)(=O)c1c([H])c([H])c(C([H])([H])[H])c([H])c1[H])c4c23)<-n1c([H])c([H])c([H])c([H])c1[H],
QIJWIS,ok,1,1,1,1,1,1,2,2,2,metal_disconnection_or_ligand_partition,N_O_only_coordination,N#Cc1ccc(-c2nnn[n-]2)c2nsnc12 || N#Cc1ccc(-c2nnn[n-]2)c2nsnc12 || O || O,N#Cc1ccc(-c2nnn[n-]2)c2nsnc12 || N#Cc1ccc(-c2nnn[n-]2)c2nsnc12 || O || O,N#Cc1ccc(-c2nnn[n-]2)c2c1N=S=N2 || N#Cc1ccc(-c2nnn[n-]2)c2nsnc12 || O || O,[Zn+2]12(<-O([H])[H])(<-n3snc4c3c(-c3n1nnn3)c([H])c([H])c4C#N)(<-O([H])[H])<-n1snc3c1c(-c1n2nnn1)c([H])c([H])c3C#N,
QIQNUB,ok,1,1,0,1,1,1,2,2,4,coupled_ligand_charge_and_oxidation,S_Se_donor_no_M_C,CS(C)=O || CSC([S-])=CC(=O)c1ccc(Br)cc1 || [Cl-],CS(C)=O || CSC(=S)C=C([O-])c1ccc(Br)cc1 || [Cl-],CSC(=S)C=C([O-])c1ccc(Br)cc1 || C[S-2](C)=O || [Cl-],[Pt+2]1(Cl)(SC(SC([H])([H])[H])=C([H])C(=O->1)c1c([H])c([H])c(Br)c([H])c1[H])<-S(=O)(C([H])([H])[H])C([H])([H])[H],
QOKXAR,ok,1,1,1,1,1,1,2,2,2,metal_disconnection_or_ligand_partition,S_Se_donor_no_M_C,CC(C)N(C(C)C)P(=O)(c1ccccc1)c1ccccc1P(=[Se])(c1ccccc1)c1ccccc1 || [Cl-] || [Cl-],CC(C)N(C(C)C)P(=O)(c1ccccc1)c1ccccc1P(=[Se])(c1ccccc1)c1ccccc1 || [Cl-] || [Cl-],CC(C)N(C(C)C)P(=O)(c1ccccc1)c1ccccc1[P+]([Se-])(c1ccccc1)c1ccccc1 || [Cl-] || [Cl-],[Zn+2]1(Cl)(Cl)<-[Se]=P(c2c(P(=O->1)(N(C([H])(C([H])([H])[H])C([H])([H])[H])C([H])(C([H])([H])[H])C([H])([H])[H])c1c([H])c([H])c([H])c([H])c1[H])c([H])c([H])c([H])c2[H])(c1c([H])c([H])c([H])c([H])c1[H])c1c([H])c([H])c([H])c([H])c1[H],
QOSTOI,ok,1,1,1,1,1,1,2,2,4,coupled_ligand_charge_and_oxidation,N_O_only_coordination,CC(C)(C)c1ccnc(-c2cc(C(C)(C)C)ccn2)c1 || O=S(=O)([O-])C(F)(F)F || O=S(=O)([O-])C(F)(F)F,CC(C)(C)c1ccnc(-c2cc(C(C)(C)C)ccn2)c1 || O=S(=O)([O-])C(F)(F)F || O=S(=O)([O-])C(F)(F)F,CC(C)(C)C1=CC(=C2C=C(C(C)(C)C)C=C[N-]2)[N-]C=C1 || O=S(=O)([O-])C(F)(F)F || O=S(=O)([O-])C(F)(F)F,[Pt+2]1(OS(=O)(=O)C(F)(F)F)(OS(=O)(=O)C(F)(F)F)<-n2c(-c3n->1c([H])c([H])c(C(C([H])([H])[H])(C([H])([H])[H])C([H])([H])[H])c3[H])c([H])c(C(C([H])([H])[H])(C([H])([H])[H])C([H])([H])[H])c([H])c2[H],
QUSHOC,ok,1,1,1,1,1,1,2,2,4,coupled_ligand_charge_and_oxidation,S_Se_donor_no_M_C,CS(C)=O || ON=C(c1cccc(F)c1)c1cccc(F)c1 || [Cl-] || [Cl-],CS(C)=O || ON=C(c1cccc(F)c1)c1cccc(F)c1 || [Cl-] || [Cl-],C[S-2](C)=O || ON=C(c1cccc(F)c1)c1cccc(F)c1 || [Cl-] || [Cl-],[Pt+2](Cl)(Cl)(<-S(=O)(C([H])([H])[H])C([H])([H])[H])<-N(O[H])=C(c1c([H])c(F)c([H])c([H])c1[H])c1c([H])c(F)c([H])c([H])c1[H],
RABWAO,ok,1,1,1,1,1,1,1,1,3,coupled_ligand_charge_and_oxidation,haptic_or_adjacent_multi_C,C1=CCCC=CCC1 || O=P(NP(c1ccccc1)c1ccccc1)(c1ccccc1)c1ccccc1 || [Cl-],C1=CCCC=CCC1 || O=P(NP(c1ccccc1)c1ccccc1)(c1ccccc1)c1ccccc1 || [Cl-],C1=CCCC=CCC1 || O=P(N[P-2](c1ccccc1)c1ccccc1)(c1ccccc1)c1ccccc1 || [Cl-],[Rh+]123(Cl)(<-P(N(P(=O)(c4c([H])c([H])c([H])c([H])c4[H])c4c([H])c([H])c([H])c([H])c4[H])[H])(c4c([H])c([H])c([H])c([H])c4[H])c4c([H])c([H])c([H])c([H])c4[H])<-C4([H])=C->1([H])C([H])([H])C([H])([H])C->2([H])=C->3([H])C([H])([H])C4([H])[H],
RAJPOJ,ok,1,1,1,1,1,1,3,3,3,metal_disconnection_or_ligand_partition,other_C_bound_ligand,CP(=[Se])(c1ccccc1)c1ccccc1 || Fc1[c-]c(F)c(F)c(F)c1F || Fc1[c-]c(F)c(F)c(F)c1F || Fc1[c-]c(F)c(F)c(F)c1F,CP(=[Se])(c1ccccc1)c1ccccc1 || Fc1[c-]c(F)c(F)c(F)c1F || Fc1[c-]c(F)c(F)c(F)c1F || Fc1[c-]c(F)c(F)c(F)c1F,C[P+]([Se-])(c1ccccc1)c1ccccc1 || Fc1[c-]c(F)c(F)c(F)c1F || Fc1[c-]c(F)c(F)c(F)c1F || Fc1[c-]c(F)c(F)c(F)c1F,[Au+3](c1c(F)c(F)c(F)c(F)c1F)(c1c(F)c(F)c(F)c(F)c1F)(c1c(F)c(F)c(F)c(F)c1F)<-[Se]=P(C([H])([H])[H])(c1c([H])c([H])c([H])c([H])c1[H])c1c([H])c([H])c([H])c([H])c1[H],
RAPHIB,ok,1,1,1,1,1,1,2,2,4,coupled_ligand_charge_and_oxidation,P_donor_no_M_C,CC(C)(C)P([N-]CCCNP(C(C)(C)C)C(C)(C)C)C(C)(C)C || [Cl-],CC(C)(C)P([N-]CCCNP(C(C)(C)C)C(C)(C)C)C(C)(C)C || [Cl-],CC(C)(C)[P-2](NCCCN=[P-](C(C)(C)C)C(C)(C)C)C(C)(C)C || [Cl-],[Ni+2]12(Cl)<-P(N1C([H])([H])C([H])([H])C(N(P->2(C(C([H])([H])[H])(C([H])([H])[H])C([H])([H])[H])C(C([H])([H])[H])(C([H])([H])[H])C([H])([H])[H])[H])([H])[H])(C(C([H])([H])[H])(C([H])([H])[H])C([H])([H])[H])C(C([H])([H])[H])(C([H])([H])[H])C([H])([H])[H],
REDYUU,ok,1,1,1,1,1,1,2,2,4,coupled_ligand_charge_and_oxidation,P_donor_no_M_C,CP(C)c1ccccc1 || O=P(NP(c1ccccc1)c1ccccc1)(c1ccccc1)c1ccccc1 || [Cl-] || [Cl-],CP(C)c1ccccc1 || O=P(NP(c1ccccc1)c1ccccc1)(c1ccccc1)c1ccccc1 || [Cl-] || [Cl-],CP(C)c1ccccc1 || O=P(N[P-2](c1ccccc1)c1ccccc1)(c1ccccc1)c1ccccc1 || [Cl-] || [Cl-],[Pt+2](Cl)(Cl)(<-P(N(P(=O)(c1c([H])c([H])c([H])c([H])c1[H])c1c([H])c([H])c([H])c([H])c1[H])[H])(c1c([H])c([H])c([H])c([H])c1[H])c1c([H])c([H])c([H])c([H])c1[H])<-P(c1c([H])c([H])c([H])c([H])c1[H])(C([H])([H])[H])C([H])([H])[H],
REFROK,ok,1,1,1,1,1,1,2,2,4,coupled_ligand_charge_and_oxidation,other_C_bound_ligand,CC(C)P(OCC[C-]=C(Cl)CN(C)C)C(C)C || [Cl-],CC(C)P(OCC[C-]=C(Cl)CN(C)C)C(C)C || [Cl-],CC(C)[P-2](OCC[C-]=C(Cl)CN(C)C)C(C)C || [Cl-],[Pd+2]12(Cl)<-P(OC(C(C1=C(Cl)C([H])([H])N->2(C([H])([H])[H])C([H])([H])[H])([H])[H])([H])[H])(C([H])(C([H])([H])[H])C([H])([H])[H])C([H])(C([H])([H])[H])C([H])([H])[H],
REHWEG,ok,1,1,1,1,1,1,2,2,4,coupled_ligand_charge_and_oxidation,S_Se_donor_no_M_C,CS(C)=O || [Cl-] || [Cl-] || c1cscn1,CS(C)=O || [Cl-] || [Cl-] || c1cscn1,C[S-2](C)=O || [Cl-] || [Cl-] || c1cscn1,[Pt+2](Cl)(Cl)(<-n1c([H])sc([H])c1[H])<-S(=O)(C([H])([H])[H])C([H])([H])[H],
RELZAL,ok,1,1,1,1,1,1,2,2,4,coupled_ligand_charge_and_oxidation,S_Se_donor_no_M_C,CS(C)=O || CS(C)=O || CS(C)=O || O=C(C=Cc1ccccc1)c1ccccc1[O-] || [Cl-],CS(C)=O || CS(C)=O || CS(C)=O || O=C(C=Cc1ccccc1)c1ccccc1[O-] || [Cl-],CS(C)=O || CS(C)=O || C[S-2](C)=O || O=C(C=Cc1ccccc1)c1ccccc1[O-] || [Cl-],[Ru+2]1(<-S(=O)(C([H])([H])[H])C([H])([H])[H])(<-S(=O)(C([H])([H])[H])C([H])([H])[H])(Cl)(<-S(=O)(C([H])([H])[H])C([H])([H])[H])Oc2c(C(=O->1)C([H])=C(c1c([H])c([H])c([H])c([H])c1[H])[H])c([H])c([H])c([H])c2[H],
RENJUQ,ok,1,1,1,1,1,1,2,2,4,coupled_ligand_charge_and_oxidation,S_Se_donor_no_M_C,CS(C)=O || Cc1cccc(C(=O)[O-])n1 || c1ccc(-c2cccc(-c3ccccn3)n2)nc1,CS(C)=O || Cc1cccc(C(=O)[O-])n1 || c1ccc(-c2cccc(-c3ccccn3)n2)nc1,C[S-2](C)=O || Cc1cccc(C(=O)[O-])n1 || c1ccc(-c2cccc(-c3ccccn3)n2)nc1,[Ru+2]123(<-S(=O)(C([H])([H])[H])C([H])([H])[H])(OC(=O)c4n->1c(C([H])([H])[H])c([H])c([H])c4[H])<-n1c([H])c([H])c([H])c([H])c1-c1n->2c(-c2n->3c([H])c([H])c([H])c2[H])c([H])c([H])c1[H],
REVXIZ,ok,1,1,1,1,1,1,2,2,4,coupled_ligand_charge_and_oxidation,S_Se_donor_no_M_C,CS(C)=O || CS(C)=O || Cc1occc(=O)c1[O-] || Cc1occc(=O)c1[O-],CS(C)=O || CS(C)=O || Cc1occc(=O)c1[O-] || Cc1occc(=O)c1[O-],CS(C)=O || C[S-2](C)=O || Cc1occc(=O)c1[O-] || Cc1occc(=O)c1[O-],[Ru+2]12(<-S(=O)(C([H])([H])[H])C([H])([H])[H])(<-S(=O)(C([H])([H])[H])C([H])([H])[H])(Oc3c(C([H])([H])[H])oc([H])c([H])c3=O->1)Oc1c(C([H])([H])[H])oc([H])c([H])c1=O->2,
RITRAP,ok,1,1,1,1,1,1,2,2,4,coupled_ligand_charge_and_oxidation,carbonyl_like,CS(C)=O || CS(C)=O || CS(C)=O || [C-]#[O+] || [C-]#[O+] || [Cl-],CS(C)=O || CS(C)=O || CS(C)=O || [C-]#[O+] || [C-]#[O+] || [Cl-],CS(C)=O || CS(C)=O || C[S-2](C)=O || [C-]#[O+] || [C-]#[O+] || [Cl-],[Ru+2](<-S(=O)(C([H])([H])[H])C([H])([H])[H])(Cl)(<-O=S(C([H])([H])[H])C([H])([H])[H])(<-O=S(C([H])([H])[H])C([H])([H])[H])(<-[C-]#[O+])<-[C-]#[O+],
RIVFOR,ok,1,1,1,1,1,1,2,2,4,coupled_ligand_charge_and_oxidation,carbonyl_like,O=P(O)(O)c1ccnc(-c2cc(P(=O)(O)O)ccn2)c1 || [C-]#[O+] || [C-]#[O+] || [Cl-] || [Cl-],O=P(O)(O)c1ccnc(-c2cc(P(=O)(O)O)ccn2)c1 || [C-]#[O+] || [C-]#[O+] || [Cl-] || [Cl-],O=P(O)(O)C1=CC(=C2C=C(P(=O)(O)O)C=C[N-]2)[N-]C=C1 || [C-]#[O+] || [C-]#[O+] || [Cl-] || [Cl-],[Ru+2]1(Cl)(Cl)(<-[C-]#[O+])(<-[C-]#[O+])<-n2c([H])c([H])c(P(=O)(O[H])O[H])c([H])c2-c2n->1c([H])c([H])c(P(=O)(O[H])O[H])c2[H],
ROLQIT,ok,1,1,1,1,1,1,2,2,4,coupled_ligand_charge_and_oxidation,S_Se_donor_no_M_C,O || O=S1CCCC1 || O=S1CCCC1 || O=S1CCCC1 || [Cl-] || [Cl-],O || O=S1CCCC1 || O=S1CCCC1 || O=S1CCCC1 || [Cl-] || [Cl-],O || O=S1CCCC1 || O=S1CCCC1 || O=[S-2]1CCCC1 || [Cl-] || [Cl-],[Ru+2](Cl)(Cl)(<-S1(=O)C([H])([H])C([H])([H])C([H])([H])C1([H])[H])(<-S1(=O)C([H])([H])C([H])([H])C([H])([H])C1([H])[H])(<-S1(=O)C([H])([H])C([H])([H])C([H])([H])C1([H])[H])<-O([H])[H],
RUPGUG,ok,1,1,1,1,1,1,2,2,4,coupled_ligand_charge_and_oxidation,S_Se_donor_no_M_C,CS(C)=O || CS(C)=O || Cc1ccnc(-c2ccccn2)n1 || [Cl-] || [Cl-],CS(C)=O || CS(C)=O || Cc1ccnc(-c2ccccn2)n1 || [Cl-] || [Cl-],CS(C)=O || C[S-2](C)=O || Cc1ccnc(-c2ccccn2)n1 || [Cl-] || [Cl-],[Ru+2]1(Cl)(Cl)(<-S(=O)(C([H])([H])[H])C([H])([H])[H])(<-S(=O)(C([H])([H])[H])C([H])([H])[H])<-n2c([H])c([H])c(C([H])([H])[H])nc2-c2n->1c([H])c([H])c([H])c2[H],
SAPSIM,ok,1,1,1,1,1,1,2,2,2,metal_disconnection_or_ligand_partition,other_C_bound_ligand,BrC1=[C-]c2cccc3cccc1c23 || CCP(CC)CC || CCP(CC)CC || [Br-],BrC1=[C-]c2cccc3cccc1c23 || CCP(CC)CC || CCP(CC)CC || [Br-],CCP(CC)CC || CCP(CC)CC || [Br+]=C1[C-2]c2cccc3cccc1c23 || [Br-],Br[Ni+2](<-P(C([H])([H])C([H])([H])[H])(C([H])([H])C([H])([H])[H])C([H])([H])C([H])([H])[H])(C1=C(Br)c2c([H])c([H])c([H])c3c([H])c([H])c([H])c1c23)<-P(C([H])([H])C([H])([H])[H])(C([H])([H])C([H])([H])[H])C([H])([H])C([H])([H])[H],
SAPSUY,ok,1,1,1,1,1,1,2,2,2,metal_disconnection_or_ligand_partition,other_C_bound_ligand,BrC1=[C-]c2cccc3cccc1c23 || CP(C)C || CP(C)C || [Br-],BrC1=[C-]c2cccc3cccc1c23 || CP(C)C || CP(C)C || [Br-],CP(C)C || CP(C)C || [Br+]=C1[C-2]c2cccc3cccc1c23 || [Br-],Br[Ni+2](C1=C(Br)c2c([H])c([H])c([H])c3c([H])c([H])c([H])c1c23)(<-P(C([H])([H])[H])(C([H])([H])[H])C([H])([H])[H])<-P(C([H])([H])[H])(C([H])([H])[H])C([H])([H])[H],
SESXIZ,ok,1,1,1,1,1,1,2,2,4,coupled_ligand_charge_and_oxidation,S_Se_donor_no_M_C,CS(C)=O || Cc1ccccc1N=C(Nc1ccccc1C)Nc1ccccc1C || [Cl-] || [Cl-],CS(C)=O || Cc1ccccc1N=C(Nc1ccccc1C)Nc1ccccc1C || [Cl-] || [Cl-],C[S-2](C)=O || Cc1ccccc1N=C(Nc1ccccc1C)Nc1ccccc1C || [Cl-] || [Cl-],[Pt+2](Cl)(Cl)(<-S(=O)(C([H])([H])[H])C([H])([H])[H])<-N(=C(N([H])c1c([H])c([H])c([H])c([H])c1C([H])([H])[H])N([H])c1c([H])c([H])c([H])c([H])c1C([H])([H])[H])c1c([H])c([H])c([H])c([H])c1C([H])([H])[H],
SESXOF,ok,1,1,1,1,1,1,2,2,4,coupled_ligand_charge_and_oxidation,S_Se_donor_no_M_C,COc1ccccc1N=C(Nc1ccccc1OC)Nc1ccccc1OC || CS(C)=O || [Cl-] || [Cl-],COc1ccccc1N=C(Nc1ccccc1OC)Nc1ccccc1OC || CS(C)=O || [Cl-] || [Cl-],COc1ccccc1N=C(Nc1ccccc1OC)Nc1ccccc1OC || C[S-2](C)=O || [Cl-] || [Cl-],[Pt+2](Cl)(Cl)(<-S(=O)(C([H])([H])[H])C([H])([H])[H])<-N(=C(N([H])c1c(OC([H])([H])[H])c([H])c([H])c([H])c1[H])N([H])c1c(OC([H])([H])[H])c([H])c([H])c([H])c1[H])c1c(OC([H])([H])[H])c([H])c([H])c([H])c1[H],
SESXUL,ok,1,1,1,1,1,1,2,2,4,coupled_ligand_charge_and_oxidation,S_Se_donor_no_M_C,CS(C)=O || Cc1ccc(C)c(N=C(Nc2cc(C)ccc2C)Nc2cc(C)ccc2C)c1 || [Cl-] || [Cl-],CS(C)=O || Cc1ccc(C)c(N=C(Nc2cc(C)ccc2C)Nc2cc(C)ccc2C)c1 || [Cl-] || [Cl-],C[S-2](C)=O || Cc1ccc(C)c(N=C(Nc2cc(C)ccc2C)Nc2cc(C)ccc2C)c1 || [Cl-] || [Cl-],[Pt+2](Cl)(Cl)(<-S(=O)(C([H])([H])[H])C([H])([H])[H])<-N(=C(N([H])c1c(C([H])([H])[H])c([H])c([H])c(C([H])([H])[H])c1[H])N([H])c1c(C([H])([H])[H])c([H])c([H])c(C([H])([H])[H])c1[H])c1c(C([H])([H])[H])c([H])c([H])c(C([H])([H])[H])c1[H],
SEVKOU,ok,1,1,1,1,1,1,2,2,4,coupled_ligand_charge_and_oxidation,other_C_bound_ligand,CC1(C)COC(COP2Oc3ccccc3-c3ccccc32)=N1 || [CH3-] || [Cl-],CC1(C)COC(COP2Oc3ccccc3-c3ccccc32)=N1 || [CH3-] || [Cl-],CC1(C)COC(CO[P-2]2Oc3ccccc3-c3ccccc32)=N1 || [CH3-] || [Cl-],[Pd+2]1(Cl)(<-P2(OC(C3=N->1C(C([H])([H])[H])(C([H])([H])[H])C([H])([H])O3)([H])[H])Oc1c([H])c([H])c([H])c([H])c1-c1c([H])c([H])c([H])c([H])c12)C([H])([H])[H],
SEVLAH,ok,1,1,1,1,1,1,2,2,4,coupled_ligand_charge_and_oxidation,other_C_bound_ligand,CC1(C)COC(C(C)(C)OP2Oc3ccccc3-c3ccccc32)=N1 || O || [CH3-],CC1(C)COC(C(C)(C)OP2Oc3ccccc3-c3ccccc32)=N1 || O || [CH3-],CC1(C)COC(C(C)(C)O[P-2]2Oc3ccccc3-c3ccccc32)=N1 || O || [CH3-],[Pd+2]1(<-P2(OC(C3=N->1C(C([H])([H])[H])(C([H])([H])[H])C([H])([H])O3)(C([H])([H])[H])C([H])([H])[H])Oc1c([H])c([H])c([H])c([H])c1-c1c([H])c([H])c([H])c([H])c12)(<-O([H])[H])C([H])([H])[H],
SEWYUQ,ok,1,1,1,1,1,1,3,3,3,metal_disconnection_or_ligand_partition,S_Se_donor_no_M_C,CC(C)P(=[Se])(C(C)C)C(C)(C)C || [Cl-] || [Cl-] || [Cl-],CC(C)P(=[Se])(C(C)C)C(C)(C)C || [Cl-] || [Cl-] || [Cl-],CC(C)[P+]([Se-])(C(C)C)C(C)(C)C || [Cl-] || [Cl-] || [Cl-],[Au+3](Cl)(Cl)(Cl)<-[Se]=P(C(C([H])([H])[H])(C([H])([H])[H])C([H])([H])[H])(C([H])(C([H])([H])[H])C([H])([H])[H])C([H])(C([H])([H])[H])C([H])([H])[H],
SEWZOL,ok,1,1,1,1,1,1,1,1,1,metal_disconnection_or_ligand_partition,S_Se_donor_no_M_C,CC(C)P(=[Se])(C(C)C)C(C)(C)C || [Cl-],CC(C)P(=[Se])(C(C)C)C(C)(C)C || [Cl-],CC(C)[P+]([Se-])(C(C)C)C(C)(C)C || [Cl-],[Au+](<-[Se]=P(C(C([H])([H])[H])(C([H])([H])[H])C([H])([H])[H])(C([H])(C([H])([H])[H])C([H])([H])[H])C([H])(C([H])([H])[H])C([H])([H])[H])Cl,
SEWZUR,ok,1,1,1,1,1,1,1,1,1,metal_disconnection_or_ligand_partition,S_Se_donor_no_M_C,CC(C)P(=[Se])(C(C)(C)C)C(C)(C)C || [Cl-],CC(C)P(=[Se])(C(C)(C)C)C(C)(C)C || [Cl-],CC(C)[P+]([Se-])(C(C)(C)C)C(C)(C)C || [Cl-],[Au+](Cl)<-[Se]=P(C(C([H])([H])[H])(C([H])([H])[H])C([H])([H])[H])(C(C([H])([H])[H])(C([H])([H])[H])C([H])([H])[H])C([H])(C([H])([H])[H])C([H])([H])[H],
SIKFAV,ok,1,1,1,1,1,1,2,2,4,coupled_ligand_charge_and_oxidation,S_Se_donor_no_M_C,CS(C)=O || CS(C)=O || [Cl-] || [Cl-] || c1ccc(-c2cc[nH]n2)nc1,CS(C)=O || CS(C)=O || [Cl-] || [Cl-] || c1ccc(-c2cc[nH]n2)nc1,CS(C)=O || C[S-2](C)=O || [Cl-] || [Cl-] || c1ccc(-c2cc[nH]n2)nc1,[Ru+2]1(<-S(=O)(C([H])([H])[H])C([H])([H])[H])(Cl)(<-n2c([H])c([H])c([H])c([H])c2-c2n->1n([H])c([H])c2[H])(<-S(=O)(C([H])([H])[H])C([H])([H])[H])Cl,
SUXVIQ,ok,1,1,1,1,1,1,2,2,6,coupled_ligand_charge_and_oxidation,S_Se_donor_no_M_C,C(=Nc1ccccc1)[N-]c1ccccc1 || CS(C)=O || CS(C)=O || Nc1ccccc1 || [Cl-],C(=Nc1ccccc1)[N-]c1ccccc1 || CS(C)=O || CS(C)=O || Nc1ccccc1 || [Cl-],C(=Nc1ccccc1)[N-]c1ccccc1 || C[S-2](C)=O || C[S-2](C)=O || Nc1ccccc1 || [Cl-],C([H])([H])([H])S(->[Ru+2]1(<-S(=O)(C([H])([H])[H])C([H])([H])[H])(Cl)(N(C(=N->1c1c([H])c([H])c([H])c([H])c1[H])[H])c1c([H])c([H])c([H])c([H])c1[H])<-N(c1c([H])c([H])c([H])c([H])c1[H])([H])[H])(=O)C([H])([H])[H],
TACMUG,ok,1,1,1,1,1,1,5,5,7,coupled_ligand_charge_and_oxidation,P_donor_no_M_C,CC(C)([O-])C(C)(C)OP1OC(C)(C)C(C)(C)O1 || [Cl-] || [Cl-] || [O-2] || c1ccncc1,CC(C)([O-])C(C)(C)OP1OC(C)(C)C(C)(C)O1 || [Cl-] || [Cl-] || [O-2] || c1ccncc1,CC(C)([O-])C(C)(C)O[P-2]1OC(C)(C)C(C)(C)O1 || [Cl-] || [Cl-] || [O-2] || c1ccncc1,[Re+5]1(Cl)(Cl)(<-P2(OC(C(O1)(C([H])([H])[H])C([H])([H])[H])(C([H])([H])[H])C([H])([H])[H])OC(C([H])([H])[H])(C([H])([H])[H])C(C([H])([H])[H])(C([H])([H])[H])O2)(=O)<-n1c([H])c([H])c([H])c([H])c1[H],
TAHZIL,ok,1,1,1,1,1,1,2,2,6,coupled_ligand_charge_and_oxidation,S_Se_donor_no_M_C,CS(C)=O || CS(C)=O || Cc1cc2ncn(C)c2cc1C || [Cl-] || [Cl-] || c1ccncc1,CS(C)=O || CS(C)=O || Cc1cc2ncn(C)c2cc1C || [Cl-] || [Cl-] || c1ccncc1,C[S-2](C)=O || C[S-2](C)=O || Cc1cc2ncn(C)c2cc1C || [Cl-] || [Cl-] || c1ccncc1,[Ru+2](Cl)(Cl)(<-S(=O)(C([H])([H])[H])C([H])([H])[H])(<-S(=O)(C([H])([H])[H])C([H])([H])[H])(<-n1c([H])c([H])c([H])c([H])c1[H])<-n1c([H])n(C([H])([H])[H])c2c([H])c(C([H])([H])[H])c(C([H])([H])[H])c([H])c12,
TAPTAH,ok,1,1,1,1,1,1,2,2,4,coupled_ligand_charge_and_oxidation,P_donor_no_M_C,OP(c1ccc(C(F)(F)F)cc1C(F)(F)F)c1ccc(C(F)(F)F)cc1C(F)(F)F || OP(c1ccc(C(F)(F)F)cc1C(F)(F)F)c1ccc(C(F)(F)F)cc1C(F)(F)F || [Cl-] || [Cl-],OP(c1ccc(C(F)(F)F)cc1C(F)(F)F)c1ccc(C(F)(F)F)cc1C(F)(F)F || OP(c1ccc(C(F)(F)F)cc1C(F)(F)F)c1ccc(C(F)(F)F)cc1C(F)(F)F || [Cl-] || [Cl-],OP(c1ccc(C(F)(F)F)cc1C(F)(F)F)c1ccc(C(F)(F)F)cc1C(F)(F)F || O[P-2](c1ccc(C(F)(F)F)cc1C(F)(F)F)c1ccc(C(F)(F)F)cc1C(F)(F)F || [Cl-] || [Cl-],[Pt+2](Cl)(<-P(O[H])(c1c(C(F)(F)F)c([H])c(C(F)(F)F)c([H])c1[H])c1c(C(F)(F)F)c([H])c(C(F)(F)F)c([H])c1[H])(Cl)<-P(O[H])(c1c(C(F)(F)F)c([H])c(C(F)(F)F)c([H])c1[H])c1c(C(F)(F)F)c([H])c(C(F)(F)F)c([H])c1[H],
TENXAO,ok,1,1,1,1,1,1,2,2,4,coupled_ligand_charge_and_oxidation,P_donor_no_M_C,COP(OC)c1ccccc1 || [Cl-] || [Cl-] || c1cc(C2=NC3c4ccccc4CC3O2)nc(C2=NC3c4ccccc4CC3O2)c1,COP(OC)c1ccccc1 || [Cl-] || [Cl-] || c1cc(C2=NC3c4ccccc4CC3O2)nc(C2=NC3c4ccccc4CC3O2)c1,CO[P-2](OC)c1ccccc1 || [Cl-] || [Cl-] || c1cc(C2=NC3c4ccccc4CC3O2)nc(C2=NC3c4ccccc4CC3O2)c1,c12c([H])c([H])c([H])c([H])c1C([H])([H])C1([H])C2([H])N2->[Ru+2]3(<-n4c(C=2O1)c([H])c([H])c([H])c4C1=N->3C2([H])C([H])(C([H])([H])c3c([H])c([H])c([H])c([H])c32)O1)(<-P(c1c([H])c([H])c([H])c([H])c1[H])(OC([H])([H])[H])OC([H])([H])[H])(Cl)Cl,
TOLBEE,ok,1,1,1,1,1,1,2,2,4,coupled_ligand_charge_and_oxidation,N_O_only_coordination,COc1ccc([N-]S(=O)(=O)c2ccc(N)cc2)nn1 || c1ccc(-c2ccccn2)nc1 || c1ccc(-c2ccccn2)nc1,COc1ccc([N-]S(=O)(=O)c2ccc(N)cc2)nn1 || c1ccc(-c2ccccn2)nc1 || c1ccc(-c2ccccn2)nc1,C1=C[N-]C(=C2C=CC=C[N-]2)C=C1 || COc1ccc(=NS(=O)(=O)c2ccc(N)cc2)[n-]n1 || c1ccc(-c2ccccn2)nc1,[Ru+2]123(<-n4c([H])c([H])c([H])c([H])c4-c4n->1c([H])c([H])c([H])c4[H])(<-n1c([H])c([H])c([H])c([H])c1-c1n->2c([H])c([H])c([H])c1[H])N(S(=O)(=O)c1c([H])c([H])c(N([H])[H])c([H])c1[H])c1n->3nc(OC([H])([H])[H])c([H])c1[H],
TUSTAD,ok,1,1,1,1,1,1,2,2,6,coupled_ligand_charge_and_oxidation,S_Se_donor_no_M_C,CS(C)=O || CS(C)=O || CS(C)=O || O=c1c([O-])c(-c2ccc(OCc3ccccc3)cc2)oc2ccccc12 || [Cl-],CS(C)=O || CS(C)=O || CS(C)=O || O=c1c([O-])c(-c2ccc(OCc3ccccc3)cc2)oc2ccccc12 || [Cl-],CS(C)=O || C[S-2](C)=O || C[S-2](C)=O || O=c1c([O-])c(-c2ccc(OCc3ccccc3)cc2)oc2ccccc12 || [Cl-],[Ru+2]1(Cl)(<-S(=O)(C([H])([H])[H])C([H])([H])[H])(<-S(=O)(C([H])([H])[H])C([H])([H])[H])(<-S(=O)(C([H])([H])[H])C([H])([H])[H])<-O=c2c3c([H])c([H])c([H])c([H])c3oc(-c3c([H])c([H])c(OC([H])([H])c4c([H])c([H])c([H])c([H])c4[H])c([H])c3[H])c2O1,
TUSTEH,ok,1,1,1,1,1,1,2,2,4,coupled_ligand_charge_and_oxidation,S_Se_donor_no_M_C,CS(C)=O || CS(C)=O || CS(C)=O || O=C(C=Cc1ccc(OCc2ccccc2)cc1)c1ccccc1[O-] || [Cl-],CS(C)=O || CS(C)=O || CS(C)=O || O=C(C=Cc1ccc(OCc2ccccc2)cc1)c1ccccc1[O-] || [Cl-],CS(C)=O || CS(C)=O || C[S-2](C)=O || O=C(C=Cc1ccc(OCc2ccccc2)cc1)c1ccccc1[O-] || [Cl-],[Ru+2]1(Cl)(<-S(=O)(C([H])([H])[H])C([H])([H])[H])(<-S(=O)(C([H])([H])[H])C([H])([H])[H])(<-S(=O)(C([H])([H])[H])C([H])([H])[H])Oc2c([H])c([H])c([H])c([H])c2C(=O->1)C([H])=C([H])c1c([H])c([H])c(OC([H])([H])c2c([H])c([H])c([H])c([H])c2[H])c([H])c1[H],
TUWSUB,ok,1,1,1,1,1,1,2,2,4,coupled_ligand_charge_and_oxidation,other_C_bound_ligand,CC(C)N(Cc1[c-]c(OP(c2ccccc2)c2ccccc2)ccc1)C(C)C || [Cl-],CC(C)N(Cc1[c-]c(OP(c2ccccc2)c2ccccc2)ccc1)C(C)C || [Cl-],CC(C)N(Cc1[c-]c(O[P-2](c2ccccc2)c2ccccc2)ccc1)C(C)C || [Cl-],[Pd+2]12(Cl)<-P(Oc3c1c(C(N->2(C([H])(C([H])([H])[H])C([H])([H])[H])C([H])(C([H])([H])[H])C([H])([H])[H])([H])[H])c([H])c([H])c3[H])(c1c([H])c([H])c([H])c([H])c1[H])c1c([H])c([H])c([H])c([H])c1[H],
UJETAF,ok,1,1,1,1,1,1,2,2,4,coupled_ligand_charge_and_oxidation,S_Se_donor_no_M_C,COc1ccccc1CNc1nc(Cl)nc2c1ncn2C(C)C || CS(C)=O || O=C([O-])C1(C(=O)[O-])CCC1,COc1ccccc1CNc1nc(Cl)nc2c1ncn2C(C)C || CS(C)=O || O=C([O-])C1(C(=O)[O-])CCC1,COc1ccccc1CNc1nc(Cl)nc2c1ncn2C(C)C || C[S-2](C)=O || O=C([O-])C1(C(=O)[O-])CCC1,[Pt+2]1(<-S(=O)(C([H])([H])[H])C([H])([H])[H])(<-n2c3c(nc(Cl)nc3N([H])C([H])([H])c3c(OC([H])([H])[H])c([H])c([H])c([H])c3[H])n(C([H])(C([H])([H])[H])C([H])([H])[H])c2[H])OC(=O)C2(C(=O)O1)C([H])([H])C([H])([H])C2([H])[H],
ULUJOC,ok,1,1,0,1,1,1,2,2,2,metal_disconnection_or_ligand_partition,N_O_only_coordination,CC(=O)C=C(C)[N-]c1cccc2nsnc12 || CC(=O)C=C(C)[N-]c1cccc2nsnc12,CC([O-])=CC(C)=Nc1cccc2nsnc12 || CC([O-])=CC(C)=Nc1cccc2nsnc12,CC(=O)C=C(C)[N-]c1cccc2c1N=S=N2 || CC(=O)C=C(C)[N-]c1cccc2nsnc12,[Zn+2]12(<-O=C(C([H])=C(N1c1c3nsnc3c([H])c([H])c1[H])C([H])([H])[H])C([H])([H])[H])<-O=C(C([H])=C(N2c1c2nsnc2c([H])c([H])c1[H])C([H])([H])[H])C([H])([H])[H],
UPEFUS,ok,1,1,1,1,1,1,2,2,4,coupled_ligand_charge_and_oxidation,other_C_bound_ligand,CS(C)=O || O=S(=O)([O-])c1c(P(c2ccccc2)c2ccccc2)ccc2ccccc12 || [CH3-],CS(C)=O || O=S(=O)([O-])c1c(P(c2ccccc2)c2ccccc2)ccc2ccccc12 || [CH3-],C[S-2](C)=O || O=S(=O)([O-])c1c(P(c2ccccc2)c2ccccc2)ccc2ccccc12 || [CH3-],[Pd+2]1(<-P(c2c([H])c([H])c([H])c([H])c2[H])(c2c([H])c([H])c([H])c([H])c2[H])c2c([H])c([H])c3c(c2S(=O)(O1)=O)c([H])c([H])c([H])c3[H])(<-S(C([H])([H])[H])(=O)C([H])([H])[H])C([H])([H])[H],
UROQUO,ok,1,1,1,1,1,1,1,1,3,coupled_ligand_charge_and_oxidation,haptic_or_adjacent_multi_C,C1=CCCC=CCC1 || O=S(CCP(c1ccccc1)c1ccccc1)c1ccccc1,C1=CCCC=CCC1 || O=S(CCP(c1ccccc1)c1ccccc1)c1ccccc1,C1=CCCC=CCC1 || O=[S-2](CCP(c1ccccc1)c1ccccc1)c1ccccc1,[Rh+]1234(<-S(=O)(C(C(P->1(c1c([H])c([H])c([H])c([H])c1[H])c1c([H])c([H])c([H])c([H])c1[H])([H])[H])([H])[H])c1c([H])c([H])c([H])c([H])c1[H])<-C1([H])=C->2([H])C([H])([H])C([H])([H])C->3([H])=C->4([H])C([H])([H])C1([H])[H],
VEBYAE,ok,1,1,1,1,1,1,5,5,7,coupled_ligand_charge_and_oxidation,P_donor_no_M_C,CC(C)([O-])C(C)(C)OP1OC(C)(C)C(C)(C)O1 || Cc1ccncc1 || [Cl-] || [Cl-] || [O-2],CC(C)([O-])C(C)(C)OP1OC(C)(C)C(C)(C)O1 || Cc1ccncc1 || [Cl-] || [Cl-] || [O-2],CC(C)([O-])C(C)(C)O[P-2]1OC(C)(C)C(C)(C)O1 || Cc1ccncc1 || [Cl-] || [Cl-] || [O-2],[Re+5]1(=O)(Cl)(Cl)(<-P2(OC(C(O1)(C([H])([H])[H])C([H])([H])[H])(C([H])([H])[H])C([H])([H])[H])OC(C([H])([H])[H])(C([H])([H])[H])C(C([H])([H])[H])(C([H])([H])[H])O2)<-n1c([H])c([H])c(C([H])([H])[H])c([H])c1[H],
VEBYIM,ok,1,1,1,1,1,1,5,5,7,coupled_ligand_charge_and_oxidation,P_donor_no_M_C,CC(C)([O-])C(C)(C)OP1OC(C)(C)C(C)(C)O1 || [Br-] || [Br-] || [O-2] || c1ccc(P(c2ccccc2)c2ccccc2)cc1,CC(C)([O-])C(C)(C)OP1OC(C)(C)C(C)(C)O1 || [Br-] || [Br-] || [O-2] || c1ccc(P(c2ccccc2)c2ccccc2)cc1,CC(C)([O-])C(C)(C)O[P-2]1OC(C)(C)C(C)(C)O1 || [Br-] || [Br-] || [O-2] || c1ccc(P(c2ccccc2)c2ccccc2)cc1,[Re+5]1(Br)(Br)(<-P2(OC(C(O1)(C([H])([H])[H])C([H])([H])[H])(C([H])([H])[H])C([H])([H])[H])OC(C([H])([H])[H])(C([H])([H])[H])C(C([H])([H])[H])(C([H])([H])[H])O2)(<-P(c1c([H])c([H])c([H])c([H])c1[H])(c1c([H])c([H])c([H])c([H])c1[H])c1c([H])c([H])c([H])c([H])c1[H])=O,
VEBZAF,ok,1,1,1,1,1,1,5,5,7,coupled_ligand_charge_and_oxidation,P_donor_no_M_C,CC(C)(N)COP1NC(C)(C)CO1 || [Cl-] || [Cl-] || [Cl-] || [O-2],CC(C)(N)COP1NC(C)(C)CO1 || [Cl-] || [Cl-] || [Cl-] || [O-2],CC(C)(N)CO[P-2]1NC(C)(C)CO1 || [Cl-] || [Cl-] || [Cl-] || [O-2],[Re+5]1(Cl)(Cl)(Cl)(<-P2(OC(C(N->1([H])[H])(C([H])([H])[H])C([H])([H])[H])([H])[H])OC([H])([H])C(C([H])([H])[H])(C([H])([H])[H])N2[H])=O,
VIJJIJ,ok,1,1,1,1,1,1,2,2,4,coupled_ligand_charge_and_oxidation,S_Se_donor_no_M_C,CS(C)=O || [Cl-] || [O-]c1c(I)cc(Cl)c2cccnc12,CS(C)=O || [Cl-] || [O-]c1c(I)cc(Cl)c2cccnc12,C[S-2](C)=O || [Cl-] || [O-]c1c(I)cc(Cl)c2cccnc12,c1([H])c([H])c([H])c2c(Cl)c([H])c(I)c3O[Pt+2](<-n1c32)(<-S(C([H])([H])[H])(C([H])([H])[H])=O)Cl,
VIRXAW,ok,1,1,1,1,1,1,2,2,4,coupled_ligand_charge_and_oxidation,P_donor_no_M_C,c1ccc(P(N=C2[N-]CCS2)c2ccccc2)cc1 || c1ccc(P(N=C2[N-]CCS2)c2ccccc2)cc1,c1ccc(P(N=C2[N-]CCS2)c2ccccc2)cc1 || c1ccc(P(N=C2[N-]CCS2)c2ccccc2)cc1,c1ccc(P(N=C2[N-]CCS2)c2ccccc2)cc1 || c1ccc([P-2](N=C2[N-]CCS2)c2ccccc2)cc1,C12=NP(c3c([H])c([H])c([H])c([H])c3[H])(c3c([H])c([H])c([H])c([H])c3[H])->[Pt+2]3(N1C([H])([H])C([H])([H])S2)N1C(=NP->3(c2c([H])c([H])c([H])c([H])c2[H])c2c([H])c([H])c([H])c([H])c2[H])SC([H])([H])C1([H])[H],
VIRXOK,ok,1,1,1,1,1,1,2,2,4,coupled_ligand_charge_and_oxidation,P_donor_no_M_C,c1ccc(P(N=c2[n-]ncs2)c2ccccc2)cc1 || c1ccc(P(N=c2[n-]ncs2)c2ccccc2)cc1,c1ccc(P(N=c2[n-]ncs2)c2ccccc2)cc1 || c1ccc(P(N=c2[n-]ncs2)c2ccccc2)cc1,c1ccc(P(N=c2[n-]ncs2)c2ccccc2)cc1 || c1ccc([P-2](N=c2[n-]ncs2)c2ccccc2)cc1,c12=NP(c3c([H])c([H])c([H])c([H])c3[H])(c3c([H])c([H])c([H])c([H])c3[H])->[Pt+2]3(n1nc([H])s2)n1c(=NP->3(c2c([H])c([H])c([H])c([H])c2[H])c2c([H])c([H])c([H])c([H])c2[H])sc([H])n1,
VIWPIB,ok,1,1,1,1,1,1,2,2,4,coupled_ligand_charge_and_oxidation,P_donor_no_M_C,c1ccc(P(N=c2[n-]ncs2)c2ccccc2)cc1 || c1ccc(P(N=c2[n-]ncs2)c2ccccc2)cc1,c1ccc(P(N=c2[n-]ncs2)c2ccccc2)cc1 || c1ccc(P(N=c2[n-]ncs2)c2ccccc2)cc1,c1ccc(P(N=c2[n-]ncs2)c2ccccc2)cc1 || c1ccc([P-2](N=c2[n-]ncs2)c2ccccc2)cc1,c12=NP(c3c([H])c([H])c([H])c([H])c3[H])(c3c([H])c([H])c([H])c([H])c3[H])->[Pt+2]3(n1nc([H])s2)n1c(=NP->3(c2c([H])c([H])c([H])c([H])c2[H])c2c([H])c([H])c([H])c([H])c2[H])sc([H])n1,
VOBPUZ,ok,1,1,1,1,1,1,2,2,4,coupled_ligand_charge_and_oxidation,S_Se_donor_no_M_C,CS(C)=O || [Cl-] || c1ccc(Cn2cc(CN(Cc3ccccn3)Cc3ccccn3)nn2)cc1,CS(C)=O || [Cl-] || c1ccc(Cn2cc(CN(Cc3ccccn3)Cc3ccccn3)nn2)cc1,C[S-2](C)=O || [Cl-] || c1ccc(Cn2cc(CN(Cc3ccccn3)Cc3ccccn3)nn2)cc1,[Ru+2]123(<-n4nn(C(c5c([H])c([H])c([H])c([H])c5[H])([H])[H])c([H])c4C([H])([H])N->1(C([H])([H])c1c([H])c([H])c([H])c([H])n->21)C(c1c([H])c([H])c([H])c([H])n->31)([H])[H])(Cl)<-S(=O)(C([H])([H])[H])C([H])([H])[H],
VONSUP,ok,1,1,1,1,1,1,2,2,6,coupled_ligand_charge_and_oxidation,P_donor_no_M_C,CC(C)N=C(c1ccccc1)P(C(C)C)C(C)C || CS(C)=O || CS(C)=O || [Cl-] || [Cl-],CC(C)N=C(c1ccccc1)P(C(C)C)C(C)C || CS(C)=O || CS(C)=O || [Cl-] || [Cl-],CC(C)N=C(c1ccccc1)P(C(C)C)C(C)C || C[S-2](C)=O || C[S-2](C)=O || [Cl-] || [Cl-],[Ru+2]1(Cl)(Cl)(<-S(=O)(C([H])([H])[H])C([H])([H])[H])(<-S(=O)(C([H])([H])[H])C([H])([H])[H])<-P(C(=N->1C([H])(C([H])([H])[H])C([H])([H])[H])c1c([H])c([H])c([H])c([H])c1[H])(C([H])(C([H])([H])[H])C([H])([H])[H])C([H])(C([H])([H])[H])C([H])([H])[H],
VUTKIG,ok,1,1,1,1,1,1,2,2,4,coupled_ligand_charge_and_oxidation,P_donor_no_M_C,C=CS(=O)C1CC2C(C)=C(C)C1P2c1ccccc1 || [Cl-] || [Cl-],C=CS(=O)C1CC2C(C)=C(C)C1P2c1ccccc1 || [Cl-] || [Cl-],C=C[S-2](=O)C1CC2C(C)=C(C)C1P2c1ccccc1 || [Cl-] || [Cl-],[Pt+2]1(Cl)(Cl)<-P2(c3c([H])c([H])c([H])c([H])c3[H])C3([H])C([H])([H])C([H])(S->1(C(=C([H])[H])[H])=O)C2([H])C(C([H])([H])[H])=C3C([H])([H])[H],
WASLUY,ok,1,1,1,1,1,1,1,1,3,coupled_ligand_charge_and_oxidation,haptic_or_adjacent_multi_C,C1=Cc2cccc3cccc1c23 || [C-]#[O+] || [C-]#[O+] || [C-]#[O+],C1=Cc2cccc3cccc1c23 || [C-]#[O+] || [C-]#[O+] || [C-]#[O+],C1=Cc2cccc3c2C1=C[CH-][CH-]3 || [C-]#[O+] || [C-]#[O+] || [C-]#[O+],[Mn+]12345(<-c6([H])c->1([H])c->2([H])c->31c([H])c([H])c([H])c2c->41c->56C([H])=C2[H])(<-[C-]#[O+])(<-[C-]#[O+])<-[C-]#[O+],
WIDVOV,ok,1,1,1,1,1,1,2,2,4,coupled_ligand_charge_and_oxidation,S_Se_donor_no_M_C,CS(C)=O || CS(C)=O || [Cl-] || [Cl-] || c1ccc(Nc2ccccn2)nc1,CS(C)=O || CS(C)=O || [Cl-] || [Cl-] || c1ccc(Nc2ccccn2)nc1,CS(C)=O || C[S-2](C)=O || [Cl-] || [Cl-] || c1ccc(Nc2ccccn2)nc1,[Ru+2]1(Cl)(Cl)(<-S(=O)(C([H])([H])[H])C([H])([H])[H])(<-S(=O)(C([H])([H])[H])C([H])([H])[H])<-n2c(N(c3n->1c([H])c([H])c([H])c3[H])[H])c([H])c([H])c([H])c2[H],
WIDWAI,ok,1,1,1,1,1,1,2,2,4,coupled_ligand_charge_and_oxidation,S_Se_donor_no_M_C,CS(C)=O || CS(C)=O || CS(C)=O || [Cl-] || c1ccc(Nc2ccccn2)nc1,CS(C)=O || CS(C)=O || CS(C)=O || [Cl-] || c1ccc(Nc2ccccn2)nc1,CS(C)=O || CS(C)=O || C[S-2](C)=O || [Cl-] || c1ccc(Nc2ccccn2)nc1,[Ru+2]1(Cl)(<-S(=O)(C([H])([H])[H])C([H])([H])[H])(<-S(=O)(C([H])([H])[H])C([H])([H])[H])(<-O=S(C([H])([H])[H])C([H])([H])[H])<-n2c(N(c3n->1c([H])c([H])c([H])c3[H])[H])c([H])c([H])c([H])c2[H],
WILKUA,ok,1,1,1,1,1,1,2,2,4,coupled_ligand_charge_and_oxidation,S_Se_donor_no_M_C,CS(C)=O || Cc1ccc2c(Cl)cc(Cl)c([O-])c2n1 || [Cl-],CS(C)=O || Cc1ccc2c(Cl)cc(Cl)c([O-])c2n1 || [Cl-],C[S-2](C)=O || Cc1ccc2c(Cl)cc(Cl)c([O-])c2n1 || [Cl-],[Pt+2]1(Cl)(<-S(=O)(C([H])([H])[H])C([H])([H])[H])Oc2c3c(c(Cl)c([H])c2Cl)c([H])c([H])c(C([H])([H])[H])n->13,
WIXYAF,ok,1,1,1,1,1,1,2,2,4,coupled_ligand_charge_and_oxidation,S_Se_donor_no_M_C,CS(C)=O || CS(C)=O || [Cl-] || [Cl-] || c1cnc(-n2cccn2)nc1,CS(C)=O || CS(C)=O || [Cl-] || [Cl-] || c1cnc(-n2cccn2)nc1,CS(C)=O || C[S-2](C)=O || [Cl-] || [Cl-] || c1cnc(-n2cccn2)nc1,[Ru+2]1(Cl)(Cl)(<-S(=O)(C([H])([H])[H])C([H])([H])[H])(<-S(=O)(C([H])([H])[H])C([H])([H])[H])<-n2n(-c3n->1c([H])c([H])c([H])n3)c([H])c([H])c2[H],
WIXYEJ,ok,1,1,1,1,1,1,2,2,4,coupled_ligand_charge_and_oxidation,S_Se_donor_no_M_C,CS(C)=O || CS(C)=O || [Cl-] || [Cl-] || c1cnc(-n2cccn2)nc1,CS(C)=O || CS(C)=O || [Cl-] || [Cl-] || c1cnc(-n2cccn2)nc1,CS(C)=O || C[S-2](C)=O || [Cl-] || [Cl-] || c1cnc(-n2cccn2)nc1,[Ru+2]1(Cl)(Cl)(<-S(=O)(C([H])([H])[H])C([H])([H])[H])(<-S(=O)(C([H])([H])[H])C([H])([H])[H])<-n2n(-c3n->1c([H])c([H])c([H])n3)c([H])c([H])c2[H],
WOHNEM,ok,1,1,1,1,1,1,2,2,8,coupled_ligand_charge_and_oxidation,S_Se_donor_no_M_C,CC(=O)[O-] || CC(=O)[O-] || CS(C)=O || CS(C)=O || CS(C)=O || O,CC(=O)[O-] || CC(=O)[O-] || CS(C)=O || CS(C)=O || CS(C)=O || O,CC(=O)[O-] || CC(=O)[O-] || C[S-2](C)=O || C[S-2](C)=O || C[S-2](C)=O || O,[Ru+2](<-S(=O)(C([H])([H])[H])C([H])([H])[H])(<-S(=O)(C([H])([H])[H])C([H])([H])[H])(<-S(=O)(C([H])([H])[H])C([H])([H])[H])(OC(=O)C([H])([H])[H])(OC(=O)C([H])([H])[H])<-O([H])[H],
WOHNIQ,ok,1,1,1,1,1,1,2,2,8,coupled_ligand_charge_and_oxidation,S_Se_donor_no_M_C,CS(C)=O || CS(C)=O || CS(C)=O || O || O=C([O-])C(F)(F)F || O=C([O-])C(F)(F)F,CS(C)=O || CS(C)=O || CS(C)=O || O || O=C([O-])C(F)(F)F || O=C([O-])C(F)(F)F,C[S-2](C)=O || C[S-2](C)=O || C[S-2](C)=O || O || O=C([O-])C(F)(F)F || O=C([O-])C(F)(F)F,[Ru+2](<-S(=O)(C([H])([H])[H])C([H])([H])[H])(<-S(=O)(C([H])([H])[H])C([H])([H])[H])(<-S(=O)(C([H])([H])[H])C([H])([H])[H])(OC(=O)C(F)(F)F)(OC(=O)C(F)(F)F)<-O([H])[H],
WOHYOK,ok,1,1,1,1,1,1,2,2,4,coupled_ligand_charge_and_oxidation,S_Se_donor_no_M_C,CCN(CC)c1ccc2cc(C(=O)NN=Cc3ccccc3)c(=O)oc2c1 || CS(C)=O || CS(C)=O || [Cl-] || [Cl-],CCN(CC)c1ccc2cc(C(=O)NN=Cc3ccccc3)c(=O)oc2c1 || CS(C)=O || CS(C)=O || [Cl-] || [Cl-],CCN(CC)c1ccc2cc(C(=O)NN=Cc3ccccc3)c(=O)oc2c1 || CS(C)=O || C[S-2](C)=O || [Cl-] || [Cl-],[Ru+2]1(<-S(=O)(C([H])([H])[H])C([H])([H])[H])(Cl)(Cl)(<-S(=O)(C([H])([H])[H])C([H])([H])[H])<-O=C(N([H])N->1=C([H])c1c([H])c([H])c([H])c([H])c1[H])c1c(=O)oc2c(c1[H])c([H])c([H])c(N(C([H])([H])C([H])([H])[H])C([H])([H])C([H])([H])[H])c2[H],
WOHYUQ,ok,1,1,1,1,1,1,2,2,4,coupled_ligand_charge_and_oxidation,S_Se_donor_no_M_C,CCN(CC)c1ccc2cc(C(=O)NN=Cc3ccc(Cl)cc3)c(=O)oc2c1 || CS(C)=O || CS(C)=O || [Cl-] || [Cl-],CCN(CC)c1ccc2cc(C(=O)NN=Cc3ccc(Cl)cc3)c(=O)oc2c1 || CS(C)=O || CS(C)=O || [Cl-] || [Cl-],CCN(CC)c1ccc2cc(C(=O)NN=Cc3ccc(Cl)cc3)c(=O)oc2c1 || CS(C)=O || C[S-2](C)=O || [Cl-] || [Cl-],[Ru+2]1(Cl)(Cl)(<-S(C([H])([H])[H])(C([H])([H])[H])=O)(<-S(=O)(C([H])([H])[H])C([H])([H])[H])<-O=C(N(N->1=C([H])c1c([H])c([H])c(Cl)c([H])c1[H])[H])c1c([H])c2c([H])c([H])c(N(C([H])([H])C([H])([H])[H])C([H])([H])C([H])([H])[H])c([H])c2oc1=O,
WOJSUJ,ok,1,1,1,1,1,1,2,2,4,coupled_ligand_charge_and_oxidation,S_Se_donor_no_M_C,CS(C)=O || CS(C)=O || Cc1cc2ncn(C)c2cc1C || Cc1cc2ncn(C)c2cc1C || [Br-] || [Br-],CS(C)=O || CS(C)=O || Cc1cc2ncn(C)c2cc1C || Cc1cc2ncn(C)c2cc1C || [Br-] || [Br-],CS(C)=O || C[S-2](C)=O || Cc1cc2ncn(C)c2cc1C || Cc1cc2ncn(C)c2cc1C || [Br-] || [Br-],[Ru+2](Br)(Br)(<-S(=O)(C([H])([H])[H])C([H])([H])[H])(<-S(=O)(C([H])([H])[H])C([H])([H])[H])(<-n1c([H])n(C([H])([H])[H])c2c([H])c(C([H])([H])[H])c(C([H])([H])[H])c([H])c12)<-n1c([H])n(C([H])([H])[H])c2c([H])c(C([H])([H])[H])c(C([H])([H])[H])c([H])c12,
WOJTEU,ok,1,1,1,1,1,1,2,2,4,coupled_ligand_charge_and_oxidation,S_Se_donor_no_M_C,CS(C)=O || CS(C)=O || [Cl-] || [Cl-] || c1ccc2[nH]cnc2c1 || c1ccc2[nH]cnc2c1,CS(C)=O || CS(C)=O || [Cl-] || [Cl-] || c1ccc2[nH]cnc2c1 || c1ccc2[nH]cnc2c1,CS(C)=O || C[S-2](C)=O || [Cl-] || [Cl-] || c1ccc2[nH]cnc2c1 || c1ccc2[nH]cnc2c1,[Ru+2](Cl)(Cl)(<-S(=O)(C([H])([H])[H])C([H])([H])[H])(<-S(=O)(C([H])([H])[H])C([H])([H])[H])(<-n1c([H])n([H])c2c([H])c([H])c([H])c([H])c12)<-n1c([H])n([H])c2c([H])c([H])c([H])c([H])c12,
WOJTUK,ok,1,1,1,1,1,1,2,2,4,coupled_ligand_charge_and_oxidation,S_Se_donor_no_M_C,CS(C)=O || CS(C)=O || Cc1cc2ncn(C)c2cc1C || Cc1cc2ncn(C)c2cc1C || [Cl-] || [Cl-],CS(C)=O || CS(C)=O || Cc1cc2ncn(C)c2cc1C || Cc1cc2ncn(C)c2cc1C || [Cl-] || [Cl-],CS(C)=O || C[S-2](C)=O || Cc1cc2ncn(C)c2cc1C || Cc1cc2ncn(C)c2cc1C || [Cl-] || [Cl-],[Ru+2](Cl)(Cl)(<-S(=O)(C([H])([H])[H])C([H])([H])[H])(<-S(=O)(C([H])([H])[H])C([H])([H])[H])(<-n1c([H])n(C([H])([H])[H])c2c([H])c(C([H])([H])[H])c(C([H])([H])[H])c([H])c12)<-n1c([H])n(C([H])([H])[H])c2c([H])c(C([H])([H])[H])c(C([H])([H])[H])c([H])c12,
WOLNIX,ok,1,1,1,1,1,1,2,2,6,coupled_ligand_charge_and_oxidation,S_Se_donor_no_M_C,CS(C)=O || CS(C)=O || [Cl-] || [Cl-] || c1ccc(Cn2cc(-c3ccccn3)nn2)cc1,CS(C)=O || CS(C)=O || [Cl-] || [Cl-] || c1ccc(Cn2cc(-c3ccccn3)nn2)cc1,C[S-2](C)=O || C[S-2](C)=O || [Cl-] || [Cl-] || c1ccc(Cn2cc(-c3ccccn3)nn2)cc1,[Ru+2]1(Cl)(<-S(=O)(C([H])([H])[H])C([H])([H])[H])(<-S(=O)(C([H])([H])[H])C([H])([H])[H])(Cl)<-n2nn(C([H])([H])c3c([H])c([H])c([H])c([H])c3[H])c([H])c2-c2n->1c([H])c([H])c([H])c2[H],
WOSMOG,ok,1,1,1,1,1,1,2,2,4,coupled_ligand_charge_and_oxidation,haptic_or_adjacent_multi_C,CC1=C(C)C2C(S(=O)c3ccccc3)CC1P2c1ccccc1 || Cc1c(C)c(C)c(C)c(C)c1C || [Cl-],CC1=C(C)C2C(S(=O)c3ccccc3)CC1P2c1ccccc1 || Cc1c(C)c(C)c(C)c(C)c1C || [Cl-],CC1=C(C)C2C([S-2](=O)c3ccccc3)CC1P2c1ccccc1 || Cc1c(C)c(C)c(C)c(C)c1C || [Cl-],[Ru+2]123456(<-P7(c8c([H])c([H])c([H])c([H])c8[H])C8([H])C([H])([H])C(S->1(=O)c1c([H])c([H])c([H])c([H])c1[H])([H])C7([H])C(C([H])([H])[H])=C8C([H])([H])[H])(Cl)<-c1(C([H])([H])[H])c->2(C([H])([H])[H])c->3(C([H])([H])[H])c->4(C([H])([H])[H])c->5(C([H])([H])[H])c->61C([H])([H])[H],
WOSMUM,ok,1,1,1,1,1,1,2,2,4,coupled_ligand_charge_and_oxidation,haptic_or_adjacent_multi_C,CC1=C(C)C2C(S(=O)c3ccccc3)CC1P2c1ccccc1 || Cc1c(C)c(C)c(C)c(C)c1C || [Cl-],CC1=C(C)C2C(S(=O)c3ccccc3)CC1P2c1ccccc1 || Cc1c(C)c(C)c(C)c(C)c1C || [Cl-],CC1=C(C)C2C([S-2](=O)c3ccccc3)CC1P2c1ccccc1 || Cc1c(C)c(C)c(C)c(C)c1C || [Cl-],[Ru+2]123456(<-P7(c8c([H])c([H])c([H])c([H])c8[H])C8([H])C(S->1(=O)c1c([H])c([H])c([H])c([H])c1[H])([H])C([H])([H])C7([H])C(C([H])([H])[H])=C8C([H])([H])[H])(Cl)<-c1(C([H])([H])[H])c->2(C([H])([H])[H])c->3(C([H])([H])[H])c->4(C([H])([H])[H])c->5(C([H])([H])[H])c->61C([H])([H])[H],
WOSPAV,ok,1,1,1,1,1,1,2,2,4,coupled_ligand_charge_and_oxidation,haptic_or_adjacent_multi_C,CC1=C(C)C2C(S(=O)c3ccccc3)CC1P2c1ccccc1 || Cc1ccc(C(C)C)cc1 || [Cl-],CC1=C(C)C2C(S(=O)c3ccccc3)CC1P2c1ccccc1 || Cc1ccc(C(C)C)cc1 || [Cl-],CC1=C(C)C2C([S-2](=O)c3ccccc3)CC1P2c1ccccc1 || Cc1ccc(C(C)C)cc1 || [Cl-],[Ru+2]123456(<-P7(c8c([H])c([H])c([H])c([H])c8[H])C8([H])C(S->1(=O)c1c([H])c([H])c([H])c([H])c1[H])([H])C([H])([H])C7([H])C(C([H])([H])[H])=C8C([H])([H])[H])(Cl)<-c1(C([H])(C([H])([H])[H])C([H])([H])[H])c->2([H])c->3([H])c->4(C([H])([H])[H])c->5([H])c->61[H],
WUWCIA,ok,1,1,1,1,1,1,2,2,4,coupled_ligand_charge_and_oxidation,other_C_bound_ligand,C=C[CH2-] || CC1(C)COC(C(C)(C)OP(c2ccccc2)c2ccccc2)=N1 || [Cl-],C=C[CH2-] || CC1(C)COC(C(C)(C)OP(c2ccccc2)c2ccccc2)=N1 || [Cl-],C=C[CH2-] || CC1(C)COC(C(C)(C)O[P-2](c2ccccc2)c2ccccc2)=N1 || [Cl-],[Pd+2]1(Cl)(<-P(OC(C([H])([H])[H])(C([H])([H])[H])C2=N->1C(C([H])([H])[H])(C([H])([H])[H])C([H])([H])O2)(c1c([H])c([H])c([H])c([H])c1[H])c1c([H])c([H])c([H])c([H])c1[H])C([H])([H])C([H])=C([H])[H],
XATPAL,ok,1,1,1,1,1,1,2,2,4,coupled_ligand_charge_and_oxidation,P_donor_no_M_C,CC(=O)C=C(C)NP(C(C)C)C(C)C || CC(=O)C=C(C)NP(C(C)C)C(C)C || [Cl-] || [Cl-],CC(=O)C=C(C)NP(C(C)C)C(C)C || CC(=O)C=C(C)NP(C(C)C)C(C)C || [Cl-] || [Cl-],CC(=O)C=C(C)NP(C(C)C)C(C)C || CC(=O)C=C(C)N[P-2](C(C)C)C(C)C || [Cl-] || [Cl-],[Pd+2](Cl)(<-P(N([H])C(=C(C(=O)C([H])([H])[H])[H])C([H])([H])[H])(C([H])(C([H])([H])[H])C([H])([H])[H])C([H])(C([H])([H])[H])C([H])([H])[H])(Cl)<-P(N([H])C(=C(C(=O)C([H])([H])[H])[H])C([H])([H])[H])(C([H])(C([H])([H])[H])C([H])([H])[H])C([H])(C([H])([H])[H])C([H])([H])[H],
XATPEP,ok,1,1,1,1,1,1,2,2,4,coupled_ligand_charge_and_oxidation,P_donor_no_M_C,CC(=O)C=C(C)NP(C(C)C)C(C)C || CC(=O)C=C(C)NP(C(C)C)C(C)C || [Br-] || [Br-],CC(=O)C=C(C)NP(C(C)C)C(C)C || CC(=O)C=C(C)NP(C(C)C)C(C)C || [Br-] || [Br-],CC(=O)C=C(C)NP(C(C)C)C(C)C || CC(=O)C=C(C)N[P-2](C(C)C)C(C)C || [Br-] || [Br-],[Pd+2](Br)(<-P(N([H])C(=C(C(=O)C([H])([H])[H])[H])C([H])([H])[H])(C([H])(C([H])([H])[H])C([H])([H])[H])C([H])(C([H])([H])[H])C([H])([H])[H])(Br)<-P(N([H])C(=C(C(=O)C([H])([H])[H])[H])C([H])([H])[H])(C([H])(C([H])([H])[H])C([H])([H])[H])C([H])(C([H])([H])[H])C([H])([H])[H],
XATPUF,ok,1,1,1,1,1,1,2,2,4,coupled_ligand_charge_and_oxidation,P_donor_no_M_C,CCP(CC)NC(C)=CC(C)=O || CCP(CC)NC(C)=CC(C)=O || [Cl-] || [Cl-],CCP(CC)NC(C)=CC(C)=O || CCP(CC)NC(C)=CC(C)=O || [Cl-] || [Cl-],CCP(CC)NC(C)=CC(C)=O || CC[P-2](CC)NC(C)=CC(C)=O || [Cl-] || [Cl-],[Pd+2](Cl)(Cl)(<-P(N([H])C(=C(C(=O)C([H])([H])[H])[H])C([H])([H])[H])(C([H])([H])C([H])([H])[H])C([H])([H])C([H])([H])[H])<-P(N([H])C(=C(C(=O)C([H])([H])[H])[H])C([H])([H])[H])(C([H])([H])C([H])([H])[H])C([H])([H])C([H])([H])[H],
XATQAM,ok,1,1,1,1,1,1,2,2,4,coupled_ligand_charge_and_oxidation,P_donor_no_M_C,CCP(CC)NC(C)=CC(C)=O || CCP(CC)NC(C)=CC(C)=O || [Br-] || [Br-],CCP(CC)NC(C)=CC(C)=O || CCP(CC)NC(C)=CC(C)=O || [Br-] || [Br-],CCP(CC)NC(C)=CC(C)=O || CC[P-2](CC)NC(C)=CC(C)=O || [Br-] || [Br-],[Pd+2](Br)(Br)(<-P(N([H])C(=C(C(=O)C([H])([H])[H])[H])C([H])([H])[H])(C([H])([H])C([H])([H])[H])C([H])([H])C([H])([H])[H])<-P(N([H])C(=C(C(=O)C([H])([H])[H])[H])C([H])([H])[H])(C([H])([H])C([H])([H])[H])C([H])([H])C([H])([H])[H],
XEDJOG,ok,1,1,1,1,1,1,1,1,1,metal_disconnection_or_ligand_partition,P_donor_no_M_C,COP(OC)OC || Cc1cc(C)n([C-](n2nc(C)cc2C)n2nc(C)cc2C)n1,COP(OC)OC || Cc1cc(C)n([C-](n2nc(C)cc2C)n2nc(C)cc2C)n1,CC1=CC(C)=N[N+]1=C(n1nc(C)cc1C)n1nc(C)cc1C || CO[P-2](OC)OC,[Cu+]12(<-P(OC([H])([H])[H])(OC([H])([H])[H])OC([H])([H])[H])<-n3n([C-](n4n->1c(C([H])([H])[H])c([H])c4C([H])([H])[H])n1n->2c(C([H])([H])[H])c([H])c1C([H])([H])[H])c(C([H])([H])[H])c([H])c3C([H])([H])[H],
XEQBEB,ok,1,1,1,1,1,1,2,2,4,coupled_ligand_charge_and_oxidation,other_C_bound_ligand,CS(C)=O || Cc1c[c-]c(-c2cccc(Cl)c2C=NCc2ccccc2)cc1 || [Cl-],CS(C)=O || Cc1c[c-]c(-c2cccc(Cl)c2C=NCc2ccccc2)cc1 || [Cl-],C[S-2](C)=O || Cc1c[c-]c(-c2cccc(Cl)c2C=NCc2ccccc2)cc1 || [Cl-],[Pt+2]1(<-S(=O)(C([H])([H])[H])C([H])([H])[H])(Cl)<-N(C(c2c([H])c([H])c([H])c([H])c2[H])([H])[H])=C([H])c2c(Cl)c([H])c([H])c([H])c2-c2c1c([H])c(C([H])([H])[H])c([H])c2[H],
XETLEQ,ok,1,1,1,1,1,1,2,2,4,coupled_ligand_charge_and_oxidation,S_Se_donor_no_M_C,CS(C)=O || CS(C)=O || CS(C)=O || O=c1c([O-])c(-c2ccc(O)cc2)oc2cc(O)cc(O)c12 || [Cl-],CS(C)=O || CS(C)=O || CS(C)=O || O=c1c([O-])c(-c2ccc(O)cc2)oc2cc(O)cc(O)c12 || [Cl-],CS(C)=O || CS(C)=O || C[S-2](C)=O || O=c1c([O-])c(-c2ccc(O)cc2)oc2cc(O)cc(O)c12 || [Cl-],C([H])([H])([H])S(C([H])([H])[H])(=O)->[Ru+2]1(<-O=c2c3c(O[H])c([H])c(O[H])c([H])c3oc(-c3c([H])c([H])c(O[H])c([H])c3[H])c2O1)(<-S(C([H])([H])[H])(C([H])([H])[H])=O)(<-S(C([H])([H])[H])(C([H])([H])[H])=O)Cl,
XIBGEX,ok,1,1,1,1,1,1,2,2,4,coupled_ligand_charge_and_oxidation,S_Se_donor_no_M_C,CS(C)=O || [Cl-] || c1ccc(Nc2ccccn2)nc1 || c1ccc(Nc2ccccn2)nc1,CS(C)=O || [Cl-] || c1ccc(Nc2ccccn2)nc1 || c1ccc(Nc2ccccn2)nc1,C[S-2](C)=O || [Cl-] || c1ccc(Nc2ccccn2)nc1 || c1ccc(Nc2ccccn2)nc1,[Ru+2]12(Cl)(<-S(=O)(C([H])([H])[H])C([H])([H])[H])(<-n3c(N([H])c4n->1c([H])c([H])c([H])c4[H])c([H])c([H])c([H])c3[H])<-n1c(N([H])c3n->2c([H])c([H])c([H])c3[H])c([H])c([H])c([H])c1[H],
XIQGOU,ok,1,1,1,1,1,1,2,2,4,coupled_ligand_charge_and_oxidation,carbonyl_like,COP(c1ccccc1)c1ccccc1 || COP(c1ccccc1)c1ccccc1 || [C-]#[O+] || [C-]#[O+] || [Cl-] || [Cl-],COP(c1ccccc1)c1ccccc1 || COP(c1ccccc1)c1ccccc1 || [C-]#[O+] || [C-]#[O+] || [Cl-] || [Cl-],COP(c1ccccc1)c1ccccc1 || CO[P-2](c1ccccc1)c1ccccc1 || [C-]#[O+] || [C-]#[O+] || [Cl-] || [Cl-],[Ru+2](Cl)(<-P(OC([H])([H])[H])(c1c([H])c([H])c([H])c([H])c1[H])c1c([H])c([H])c([H])c([H])c1[H])(<-[C-]#[O+])(Cl)(<-P(OC([H])([H])[H])(c1c([H])c([H])c([H])c([H])c1[H])c1c([H])c([H])c([H])c([H])c1[H])<-[C-]#[O+],
XOPWUU,ok,1,1,1,1,1,1,1,1,5,coupled_ligand_charge_and_oxidation,S_Se_donor_no_M_C,CS(C)=O || CS(C)=O || CS(C)=O || [Cl-],CS(C)=O || CS(C)=O || CS(C)=O || [Cl-],CS(C)=O || C[S-2](C)=O || C[S-2](C)=O || [Cl-],[Ir+](Cl)(<-S(=O)(C([H])([H])[H])C([H])([H])[H])(<-S(=O)(C([H])([H])[H])C([H])([H])[H])<-S(=O)(C([H])([H])[H])C([H])([H])[H],
XOZVAK,ok,1,1,1,1,1,1,2,2,4,coupled_ligand_charge_and_oxidation,S_Se_donor_no_M_C,CS(C)=O || OCc1cccc(CO)n1 || [Cl-] || [Cl-],CS(C)=O || OCc1cccc(CO)n1 || [Cl-] || [Cl-],C[S-2](C)=O || OCc1cccc(CO)n1 || [Cl-] || [Cl-],[Pt+2](Cl)(Cl)(<-n1c(C(O[H])([H])[H])c([H])c([H])c([H])c1C(O[H])([H])[H])<-S(=O)(C([H])([H])[H])C([H])([H])[H],
XUNCUF,ok,1,1,1,1,1,1,2,2,4,coupled_ligand_charge_and_oxidation,S_Se_donor_no_M_C,C1CSCCSCCS1 || CS(C)=O || [Cl-] || [Cl-],C1CSCCSCCS1 || CS(C)=O || [Cl-] || [Cl-],C1CSCCSCCS1 || C[S-2](C)=O || [Cl-] || [Cl-],[Ru+2]12(Cl)(Cl)(<-S3C([H])([H])C([H])([H])S->1C([H])([H])C([H])([H])S->2C([H])([H])C3([H])[H])<-S(=O)(C([H])([H])[H])C([H])([H])[H],
YAFCUF,ok,1,1,0,1,1,1,2,2,4,coupled_ligand_charge_and_oxidation,heterocyclic_carbene_like,CC(C)(C)N1C=CN(Cc2ccccn2)C1 || CS(C)=O || [C-]#[O+] || [Cl-] || [Cl-],CC(C)(C)N1[C]N(Cc2ccccn2)C=C1 || CS(C)=O || [C-]#[O+] || [Cl-] || [Cl-],CC(C)(C)N1C=CN(Cc2ccccn2)C1 || C[S-2](C)=O || [C-]#[O+] || [Cl-] || [Cl-],c1([H])c([H])c([H])c([H])c2C([H])([H])N3C([H])=C([H])N(C(C([H])([H])[H])(C([H])([H])[H])C([H])([H])[H])C3->[Ru+2](<-[C-]#[O+])(Cl)(Cl)(<-n12)<-S(C([H])([H])[H])(C([H])([H])[H])=O,
YAVTIY,ok,1,1,1,1,1,1,4,4,6,coupled_ligand_charge_and_oxidation,P_donor_no_M_C,CC(C)c1cccc(C(C)C)c1[N-2] || COP(OC)OC || COP(OC)OC || COP(OC)OC || [Cl-] || [Cl-],CC(C)c1cccc(C(C)C)c1[N-2] || COP(OC)OC || COP(OC)OC || COP(OC)OC || [Cl-] || [Cl-],CC(C)c1cccc(C(C)C)c1[N-2] || COP(OC)OC || COP(OC)OC || CO[P-2](OC)OC || [Cl-] || [Cl-],[W+4](Cl)(Cl)(<-P(OC([H])([H])[H])(OC([H])([H])[H])OC([H])([H])[H])(<-P(OC([H])([H])[H])(OC([H])([H])[H])OC([H])([H])[H])(<-P(OC([H])([H])[H])(OC([H])([H])[H])OC([H])([H])[H])=Nc1c(C(C([H])([H])[H])(C([H])([H])[H])[H])c([H])c([H])c([H])c1C(C([H])([H])[H])(C([H])([H])[H])[H],
YEMZEY,ok,1,1,1,1,1,1,2,2,4,coupled_ligand_charge_and_oxidation,other_C_bound_ligand,Cc1cc(C)n(CCOP(c2ccccc2)c2ccccc2)n1 || [CH3-] || [Cl-],Cc1cc(C)n(CCOP(c2ccccc2)c2ccccc2)n1 || [CH3-] || [Cl-],Cc1cc(C)n(CCO[P-2](c2ccccc2)c2ccccc2)n1 || [CH3-] || [Cl-],[Pd+2]1(Cl)(<-P(OC([H])([H])C(n2n->1c(C([H])([H])[H])c([H])c2C([H])([H])[H])([H])[H])(c1c([H])c([H])c([H])c([H])c1[H])c1c([H])c([H])c([H])c([H])c1[H])C([H])([H])[H],
YEYZEH,ok,1,1,1,1,1,1,6,6,4,coupled_ligand_charge_and_oxidation,halide_containing_no_M_C,CC(C)(C)[N-2] || CC(C)(C)[N-]p1n(C(C)(C)C)p1[N-]C(C)(C)C || [Br-] || [Br-],CC(C)(C)[N-2] || CC(C)(C)[N-]p1n(C(C)(C)C)p1[N-]C(C)(C)C || [Br-] || [Br-],CC(C)(C)N=P1=P(=NC(C)(C)C)N1C(C)(C)C || CC(C)(C)[N-2] || [Br-] || [Br-],[W+6]12(Br)(Br)(=NC(C([H])([H])[H])(C([H])([H])[H])C([H])([H])[H])<-n3(C(C([H])([H])[H])(C([H])([H])[H])C([H])([H])[H])p(p3N1C(C([H])([H])[H])(C([H])([H])[H])C([H])([H])[H])N2C(C([H])([H])[H])(C([H])([H])[H])C([H])([H])[H],
YOPCAJ,ok,1,1,1,1,1,1,2,2,2,metal_disconnection_or_ligand_partition,haptic_or_adjacent_multi_C,Cc1c(C)c(C)[c-](C)c1C || Cc1cccc(C)c1[N-]C(=NP(C(C)(C)C)C(C)(C)C)c1ccccc1,Cc1c(C)c(C)[c-](C)c1C || Cc1cccc(C)c1[N-]C(=NP(C(C)(C)C)C(C)(C)C)c1ccccc1,Cc1c(C)c(C)[c-](C)c1C || Cc1cccc(C)c1N=C(N=[P-](C(C)(C)C)C(C)(C)C)c1ccccc1,[Ru+2]12345(<-P(N=C(N1c1c(C([H])([H])[H])c([H])c([H])c([H])c1C([H])([H])[H])c1c([H])c([H])c([H])c([H])c1[H])(C(C([H])([H])[H])(C([H])([H])[H])C([H])([H])[H])C(C([H])([H])[H])(C([H])([H])[H])C([H])([H])[H])<-C1(C([H])([H])[H])=C->2(C([H])([H])[H])C3(C([H])([H])[H])C->4(C([H])([H])[H])=C->51C([H])([H])[H],
YOSXEL,ok,1,1,1,1,1,1,2,2,4,coupled_ligand_charge_and_oxidation,S_Se_donor_no_M_C,CS(C)=O || CS(C)=O || CSCCS(C)=O || [Cl-] || [Cl-],CS(C)=O || CS(C)=O || CSCCS(C)=O || [Cl-] || [Cl-],CS(C)=O || CSCCS(C)=O || C[S-2](C)=O || [Cl-] || [Cl-],C([H])([H])([H])S1(C([H])([H])C([H])([H])S(C([H])([H])[H])->[Ru+2]<-1(<-S(C([H])([H])[H])(C([H])([H])[H])=O)(<-S(C([H])([H])[H])(C([H])([H])[H])=O)(Cl)Cl)=O,
YOSXIP,ok,1,1,1,1,1,1,2,2,6,coupled_ligand_charge_and_oxidation,S_Se_donor_no_M_C,CS(C)=O || CS(C)=O || CSCCS(C)=O || [Cl-] || [Cl-],CS(C)=O || CS(C)=O || CSCCS(C)=O || [Cl-] || [Cl-],CSCCS(C)=O || C[S-2](C)=O || C[S-2](C)=O || [Cl-] || [Cl-],C([H])([H])([H])S1(C([H])([H])C([H])([H])S(C([H])([H])[H])->[Ru+2]<-1(<-S(C([H])([H])[H])(C([H])([H])[H])=O)(<-S(C([H])([H])[H])(C([H])([H])[H])=O)(Cl)Cl)=O,
YOSYEM,ok,1,1,1,1,1,1,2,2,4,coupled_ligand_charge_and_oxidation,P_donor_no_M_C,CS(=O)CCP(c1ccccc1)c1ccccc1 || CS(=O)CCP(c1ccccc1)c1ccccc1 || [Cl-] || [Cl-],CS(=O)CCP(c1ccccc1)c1ccccc1 || CS(=O)CCP(c1ccccc1)c1ccccc1 || [Cl-] || [Cl-],CS(=O)CCP(c1ccccc1)c1ccccc1 || C[S-2](=O)CCP(c1ccccc1)c1ccccc1 || [Cl-] || [Cl-],C([H])([H])([H])S1(C([H])([H])C([H])([H])P(c2c([H])c([H])c([H])c([H])c2[H])(c2c([H])c([H])c([H])c([H])c2[H])->[Ru+2]<-12(<-P(C(C([H])([H])S->2(C([H])([H])[H])=O)([H])[H])(c1c([H])c([H])c([H])c([H])c1[H])c1c([H])c([H])c([H])c([H])c1[H])(Cl)Cl)=O,
YOSYIQ,ok,1,1,1,1,1,1,2,2,6,coupled_ligand_charge_and_oxidation,S_Se_donor_no_M_C,CS(=O)Cc1ccccn1 || CS(C)=O || CS(C)=O || [Cl-] || [Cl-],CS(=O)Cc1ccccn1 || CS(C)=O || CS(C)=O || [Cl-] || [Cl-],CS(C)=O || C[S-2](=O)Cc1ccccn1 || C[S-2](C)=O || [Cl-] || [Cl-],c1([H])c([H])c([H])c([H])c2C([H])([H])S(C([H])([H])[H])(=O)->[Ru+2](<-n12)(<-S(C([H])([H])[H])(C([H])([H])[H])=O)(<-S(C([H])([H])[H])(C([H])([H])[H])=O)(Cl)Cl,
ZAVLUD,ok,1,1,1,1,1,1,2,2,4,coupled_ligand_charge_and_oxidation,P_donor_no_M_C,O=S(CCP(c1ccccc1)c1ccccc1)CCP(c1ccccc1)c1ccccc1 || [Cl-],O=S(CCP(c1ccccc1)c1ccccc1)CCP(c1ccccc1)c1ccccc1 || [Cl-],O=[S-2](CCP(c1ccccc1)c1ccccc1)CCP(c1ccccc1)c1ccccc1 || [Cl-],[Pt+2]12(<-P(C(C(S->1(C(C(P->2(c1c([H])c([H])c([H])c([H])c1[H])c1c([H])c([H])c([H])c([H])c1[H])([H])[H])([H])[H])=O)([H])[H])([H])[H])(c1c([H])c([H])c([H])c([H])c1[H])c1c([H])c([H])c([H])c([H])c1[H])Cl,
ZENWAT,ok,1,1,1,1,1,1,2,2,4,coupled_ligand_charge_and_oxidation,S_Se_donor_no_M_C,CS(C)=O || O=[N+]([O-])c1ccc([O-])c2ncccc12 || [Cl-],CS(C)=O || O=[N+]([O-])c1ccc([O-])c2ncccc12 || [Cl-],C[S-2](C)=O || O=[N+]([O-])c1ccc([O-])c2ncccc12 || [Cl-],[Pt+2]1(<-S(=O)(C([H])([H])[H])C([H])([H])[H])(Cl)Oc2c([H])c([H])c([N+](=O)[O-])c3c([H])c([H])c([H])n->1c32,
ZEQJAG,ok,1,1,1,1,1,1,2,2,4,coupled_ligand_charge_and_oxidation,carbonyl_like,CS(C)=O || CS(C)=O || [C-]#[O+] || [Cl-] || [Cl-] || c1ccncc1,CS(C)=O || CS(C)=O || [C-]#[O+] || [Cl-] || [Cl-] || c1ccncc1,CS(C)=O || C[S-2](C)=O || [C-]#[O+] || [Cl-] || [Cl-] || c1ccncc1,[Ru+2](Cl)(Cl)(<-S(=O)(C([H])([H])[H])C([H])([H])[H])(<-S(=O)(C([H])([H])[H])C([H])([H])[H])(<-n1c([H])c([H])c([H])c([H])c1[H])<-[C-]#[O+],
ZEQJEK,ok,1,1,1,1,1,1,2,2,4,coupled_ligand_charge_and_oxidation,carbonyl_like,CS(C)=O || [C-]#[O+] || [C-]#[O+] || [Cl-] || [Cl-] || c1ccncc1,CS(C)=O || [C-]#[O+] || [C-]#[O+] || [Cl-] || [Cl-] || c1ccncc1,C[S-2](C)=O || [C-]#[O+] || [C-]#[O+] || [Cl-] || [Cl-] || c1ccncc1,[Ru+2](Cl)(Cl)(<-S(=O)(C([H])([H])[H])C([H])([H])[H])(<-n1c([H])c([H])c([H])c([H])c1[H])(<-[C-]#[O+])<-[C-]#[O+],
ZIZGIA,ok,1,1,1,1,1,1,1,1,1,metal_disconnection_or_ligand_partition,P_donor_no_M_C,[Cl-] || [Se]=P(c1ccccc1)(c1ccccc1)c1ccccc1P(c1ccccc1)c1ccccc1,[Cl-] || [Se]=P(c1ccccc1)(c1ccccc1)c1ccccc1P(c1ccccc1)c1ccccc1,[Cl-] || [Se-][P+](c1ccccc1)(c1ccccc1)c1ccccc1P(c1ccccc1)c1ccccc1,[Au+](Cl)<-P(c1c(P(=[Se])(c2c([H])c([H])c([H])c([H])c2[H])c2c([H])c([H])c([H])c([H])c2[H])c([H])c([H])c([H])c1[H])(c1c([H])c([H])c([H])c([H])c1[H])c1c([H])c([H])c([H])c([H])c1[H],
ZIZGUM,ok,1,1,1,1,1,1,1,1,1,metal_disconnection_or_ligand_partition,P_donor_no_M_C,[I-] || [Se]=P(c1ccccc1)(c1ccccc1)c1ccccc1P(c1ccccc1)c1ccccc1,[I-] || [Se]=P(c1ccccc1)(c1ccccc1)c1ccccc1P(c1ccccc1)c1ccccc1,[I-] || [Se-][P+](c1ccccc1)(c1ccccc1)c1ccccc1P(c1ccccc1)c1ccccc1,[Au+](I)<-P(c1c(P(=[Se])(c2c([H])c([H])c([H])c([H])c2[H])c2c([H])c([H])c([H])c([H])c2[H])c([H])c([H])c([H])c1[H])(c1c([H])c([H])c([H])c([H])c1[H])c1c([H])c([H])c([H])c([H])c1[H],
ZIZJID,ok,1,1,1,1,1,1,1,1,1,metal_disconnection_or_ligand_partition,P_donor_no_M_C,[Br-] || [Se]=P(CP(c1ccccc1)c1ccccc1)(c1ccccc1)c1ccccc1,[Br-] || [Se]=P(CP(c1ccccc1)c1ccccc1)(c1ccccc1)c1ccccc1,[Br-] || [Se-][P+](CP(c1ccccc1)c1ccccc1)(c1ccccc1)c1ccccc1,[Au+](Br)<-P(C(P(=[Se])(c1c([H])c([H])c([H])c([H])c1[H])c1c([H])c([H])c([H])c([H])c1[H])([H])[H])(c1c([H])c([H])c([H])c([H])c1[H])c1c([H])c([H])c([H])c([H])c1[H],
ZIZJOJ,ok,1,1,1,1,1,1,1,1,1,metal_disconnection_or_ligand_partition,P_donor_no_M_C,[I-] || [Se]=P(CP(c1ccccc1)c1ccccc1)(c1ccccc1)c1ccccc1,[I-] || [Se]=P(CP(c1ccccc1)c1ccccc1)(c1ccccc1)c1ccccc1,[I-] || [Se-][P+](CP(c1ccccc1)c1ccccc1)(c1ccccc1)c1ccccc1,[Au+](I)<-P(C(P(=[Se])(c1c([H])c([H])c([H])c([H])c1[H])c1c([H])c([H])c([H])c([H])c1[H])([H])[H])(c1c([H])c([H])c([H])c([H])c1[H])c1c([H])c([H])c([H])c([H])c1[H],
ZOFJEJ,ok,1,1,1,1,1,1,2,2,4,coupled_ligand_charge_and_oxidation,P_donor_no_M_C,COP(c1ccccc1)c1ccccc1 || COP(c1ccccc1)c1ccccc1 || O=C([S-])[S-],COP(c1ccccc1)c1ccccc1 || COP(c1ccccc1)c1ccccc1 || O=C([S-])[S-],COP(c1ccccc1)c1ccccc1 || CO[P-2](c1ccccc1)c1ccccc1 || O=C([S-])[S-],[Pt+2]1(<-P(OC([H])([H])[H])(c2c([H])c([H])c([H])c([H])c2[H])c2c([H])c([H])c([H])c([H])c2[H])(<-P(OC([H])([H])[H])(c2c([H])c([H])c([H])c([H])c2[H])c2c([H])c([H])c([H])c([H])c2[H])SC(=O)S1,
ZUGXII,ok,1,1,1,1,1,1,2,2,4,coupled_ligand_charge_and_oxidation,other_C_bound_ligand,CS(C)=O || [CH3-] || c1cnc2c(c1)ccc1cccnc12,CS(C)=O || [CH3-] || c1cnc2c(c1)ccc1cccnc12,C[S-2](C)=O || [CH3-] || c1cnc2c(c1)ccc1cccnc12,[Pt+2]1(<-n2c([H])c([H])c([H])c3c([H])c([H])c4c([H])c([H])c([H])n->1c4c23)(<-S(=O)(C([H])([H])[H])C([H])([H])[H])C([H])([H])[H],
ZUMSEH,ok,1,1,1,1,1,1,2,2,4,coupled_ligand_charge_and_oxidation,P_donor_no_M_C,CC(C)NCc1cccc(NP(C(C)C)C(C)C)n1 || [Br-] || [Br-],CC(C)NCc1cccc(NP(C(C)C)C(C)C)n1 || [Br-] || [Br-],CC(C)NCc1cccc(N[P-2](C(C)C)C(C)C)n1 || [Br-] || [Br-],[Fe+2]12(Br)(Br)<-P(N(c3n->1c(C(N->2(C(C([H])([H])[H])(C([H])([H])[H])[H])[H])([H])[H])c([H])c([H])c3[H])[H])(C(C([H])([H])[H])(C([H])([H])[H])[H])C(C([H])([H])[H])(C([H])([H])[H])[H],
