IDs,charge,status,ilp_seconds,n_atoms,rdkit_parse_ok,error,smiles_ilp
ACNCFE,0,ok,0.065204,29,1,,C12(->[Fe](<-[C-]#[O+])(<-[C-]#[O+])(<-[C-]#[O+])(<-[C-]#[O+])<-C=1([H])c1c3c(c([H])c([H])c1[H])c([H])c([H])c([H])c32)[H]
ACPIRE,0,ok,0.055488,33,1,,[Re+3](<-[C-]#[O+])(<-[C-]#[O+])(<-[C-]#[O+])(<-[C-]#[O+])(=C(N(c1c([H])c([H])c([H])c([H])c1[H])[H])C([H])([H])[H])C(=O)C([H])([H])[H]
ACUJUG,0,ok,0.125600,49,1,,[V+3]123(=O)(Oc4c([H])c([H])c([H])c5c([H])c([H])c([H])n->1c45)<-O=C(c1c([H])c([H])c([H])c([H])c1N([H])[H])N=N->2C(=C(C(C([H])([H])[H])=O->3)[H])C([H])([H])[H]
ACUKOB,0,ok,0.101639,56,1,,[V+3]123(<-n4c5c(O1)c([H])c([H])c([H])c5c([H])c([H])c4[H])(=O)<-O=C(c1c([H])c([H])c([H])c([H])c1[H])C([H])=C(C([H])([H])[H])N->2=NC(=O->3)c1c([H])c([H])c([H])c([H])c1N([H])[H]
ACUSAS,0,ok,0.063966,48,1,,[Pd+2]1(Cl)(Cl)<-P(N([H])C([H])(C(=O)OC([H])([H])[H])C([H])([H])C([H])([H])S->1C([H])([H])[H])(c1c([H])c([H])c([H])c([H])c1[H])c1c([H])c([H])c([H])c([H])c1[H]
ADIBUL,0,ok,0.100137,64,1,,[Pt+2]1(<-P(N(c2n->1c([H])c([H])c([H])c2[H])C(P(=O)(c1c([H])c([H])c([H])c([H])c1[H])c1c([H])c([H])c([H])c([H])c1[H])([H])[H])(c1c([H])c([H])c([H])c([H])c1[H])c1c([H])c([H])c([H])c([H])c1[H])(Cl)Cl
ADIYOD,0,ok,0.085391,67,1,,[Ru+2](Cl)(Cl)(<-P(OC([H])([H])[H])(OC([H])([H])[H])OC([H])([H])[H])(<-P(OC([H])([H])[H])(OC([H])([H])[H])OC([H])([H])[H])(<-P(OC([H])([H])[H])(OC([H])([H])[H])OC([H])([H])[H])<-P(OC([H])([H])[H])(OC([H])([H])[H])OC([H])([H])[H]
AFAKAW,0,ok,0.090707,63,1,,c1(C([H])([H])[H])c([H])c([H])c([H])c(C([H])([H])N(C([H])([H])c2c([H])c([H])c([H])c(C([H])([H])[H])n2)S(c2c([H])c([H])c(C([H])([H])[H])c([H])c2[H])(=O)=O)n1->[Pt+2](<-S(C([H])([H])[H])(C([H])([H])[H])=O)(Cl)Cl
AFEDUL,0,ok,0.095673,49,1,,[Ru+2]12(Cl)(<-S(=O)(C([H])([H])[H])C([H])([H])[H])(<-S(=O)(C([H])([H])[H])C([H])([H])[H])Oc3c(C(=N->1c1c(N->2([H])[H])c([H])c([H])c([H])c1[H])[H])c([H])c(Br)c([H])c3[H]
AFOYAV,0,ok,0.067197,49,1,,[Cr+2](<-[C-]#[O+])(<-[C-]#[O+])(<-[C-]#[O+])(<-[C-]#[O+])(<-[C-]#[O+])=C(c1c([H])c([H])c([H])c([H])c1[H])N=C(C([H])=C([H])c1c([H])c([H])c([H])c([H])c1[H])N(C([H])([H])[H])C([H])([H])[H]
AGOGEJ,0,ok,0.093926,76,1,,[Pd+4](<-P(c1c([H])c([H])c([H])c([H])c1[H])(c1c([H])c([H])c([H])c([H])c1[H])c1c([H])c([H])c([H])c([H])c1[H])(Cl)(C(=O)c1c([H])c([H])c([H])c([H])c1[H])=C(N(C([H])([H])C([H])([H])[H])C([H])([H])C([H])([H])[H])c1c([H])c([H])c([H])c([H])c1[H]
AGOQIX,0,ok,0.112513,44,1,,[Ru+2]1(Cl)(Cl)(<-S(=O)(C([H])([H])[H])C([H])([H])[H])(<-S(=O)(C([H])([H])[H])C([H])([H])[H])<-O=C(N(N->1=C([H])c1c([H])c([H])c([H])c([H])c1[H])[H])N([H])[H]
AHUCAI,1,ok,0.063119,50,1,,[Mn+]1234(<-N5(C([H])([H])[H])C([H])([H])C([H])([H])C([H])([H])N->1(C([H])([H])[H])C([H])([H])C([H])([H])N->2(C([H])([H])[H])C([H])([H])C([H])([H])N->3(C([H])([H])[H])C([H])([H])C5([H])[H])<-O=O->4
AJEBAS,0,ok,0.067925,34,1,,[Pt+2](Cl)(Cl)(<-S(=O)(C([H])([H])[H])C([H])([H])[H])<-N1=C(C([H])([H])[H])C([H])=C(C([H])([H])[H])N([H])C([H])([H])C1([H])[H]
AKOBEI,0,ok,0.095088,57,1,,[Ir+3](Cl)(<-[C-]#[O+])(<-[C-]#[O+])=C(N(C([H])([H])[H])c1c(C([H])([H])[H])c([H])c(C([H])([H])[H])c([H])c1C([H])([H])[H])N(C([H])([H])[H])c1c(C([H])([H])[H])c([H])c(C([H])([H])[H])c([H])c1C([H])([H])[H]
AKOBIM,0,ok,0.090333,75,1,,[Ir+3](Cl)(<-[C-]#[O+])(<-[C-]#[O+])=C(N(C([H])([H])[H])c1c(C([H])(C([H])([H])[H])C([H])([H])[H])c([H])c([H])c([H])c1C([H])(C([H])([H])[H])C([H])([H])[H])N(C([H])([H])[H])c1c(C([H])(C([H])([H])[H])C([H])([H])[H])c([H])c([H])c([H])c1C([H])(C([H])([H])[H])C([H])([H])[H]
ALANRE,0,ok,0.037928,38,1,,[Re+3](<-[C-]#[O+])(<-[C-]#[O+])(<-[C-]#[O+])(<-[C-]#[O+])(C(C([H])([H])[H])=O)=C(C([H])([H])[H])N(C(C([H])([H])[H])(C(=O)OC(C([H])([H])[H])([H])[H])[H])[H]
ALAVUF,1,ok,0.098623,45,1,,[Ru+2]1(Cl)(<-S(=O)(C([H])([H])[H])C([H])([H])[H])(<-S(=O)(C([H])([H])[H])C([H])([H])[H])(<-O([H])[H])<-n2c(-c3n->1c([H])c([H])c([H])c3[H])c([H])c([H])c([H])c2[H]
ALAWAM,1,ok,0.089548,52,1,,[Ru+2]1(Cl)(<-S(=O)(C([H])([H])[H])C([H])([H])[H])(<-S(=O)(C([H])([H])[H])C([H])([H])[H])(<-O=S(C([H])([H])[H])C([H])([H])[H])<-n2c(-c3n->1c([H])c([H])c([H])c3[H])c([H])c([H])c([H])c2[H]
ALAWEQ,1,ok,0.097015,48,1,,[Ru+2]1(Cl)(<-S(=O)(C([H])([H])[H])C([H])([H])[H])(<-S(=O)(C([H])([H])[H])C([H])([H])[H])(<-O(C([H])([H])[H])[H])<-n2c(-c3n->1c([H])c([H])c([H])c3[H])c([H])c([H])c([H])c2[H]
ALILAI,0,ok,0.161056,58,1,,[Mo+6]123(=O)(<-N(=C([H])c4c([H])c([H])c([H])c([H])c4O1)N=C(N(N=C(c1c(O[H])c([H])c([H])c([H])c1[H])[H])[H])S2)N1c2c(c([H])c([H])c4c2N3C([H])=C([H])C=4[H])=C([H])C([H])=C1[H]
ALIPIU,0,ok,0.076125,57,1,,[Ru+2]123(Cl)(Cl)<-S(=O)(C([H])([H])[H])c4c([H])c([H])c([H])c([H])c4C(=N->1C1([H])C(N->2=C(c2c(S->3(=O)C([H])([H])[H])c([H])c([H])c([H])c2[H])[H])([H])C([H])([H])C([H])([H])C([H])([H])C1([H])[H])[H]
ALIQAN,1,ok,0.053545,49,1,,[Ru+2]123(Cl)(<-S(C([H])([H])[H])(c4c([H])c([H])c([H])c([H])c4C(=N->1C(C(N->2=C(c1c(S->3(C([H])([H])[H])=O)c([H])c([H])c([H])c1[H])[H])([H])[H])([H])[H])[H])=O)<-O([H])[H]
ALOXAB,1,ok,0.107504,45,1,,[Pt+4]12(<-S(c3c(N1[H])c([H])c([H])c([H])c3[H])C([H])([H])[H])N1C([H])=C([H])C([H])=C([H])C1=C([H])N2c1c([H])c([H])c(C([H])([H])[H])c([H])c1[H]
AMINOA,1,ok,0.179405,82,1,,[C-](#[O+])->[Fe+4]12345(=C(N(C(C(C([H])([H])P->1(c1c([H])c([H])c([H])c([H])c1[H])c1c([H])c([H])c([H])c([H])c1[H])([H])[H])([H])[H])[H])[Si](c1c([H])c([H])c([H])c([H])c1[H])(c1c([H])c([H])c([H])c([H])c1[H])c1c([H])c([H])c([H])c([H])c1[H])<-C1([H])=C->2([H])C3([H])C->4([H])=C->51[H]
AMIQOE,0,ok,0.096602,78,1,,[Cu+3]123(Cl)[B-](n4nc(C(C([H])([H])[H])(C([H])([H])[H])C([H])([H])[H])c([H])c(C([H])([H])[H])c4=S->1)(n1nc(C(C([H])([H])[H])(C([H])([H])[H])C([H])([H])[H])c([H])c(C([H])([H])[H])c1=S->2)n1nc(C(C([H])([H])[H])(C([H])([H])[H])C([H])([H])[H])c([H])c(C([H])([H])[H])c1=S->3
AMIRAR,1,ok,0.088494,83,1,,[Cu+3]123([B-](n4nc(C(C([H])([H])[H])(C([H])([H])[H])C([H])([H])[H])c([H])c(C([H])([H])[H])c4=S->1)(n1nc(C(C([H])([H])[H])(C([H])([H])[H])C([H])([H])[H])c([H])c(C([H])([H])[H])c1=S->2)n1nc(C(C([H])([H])[H])(C([H])([H])[H])C([H])([H])[H])c([H])c(C([H])([H])[H])c1=S->3)<-N#CC([H])([H])[H]
ANIFEJ,0,ok,0.103861,51,1,,[Ru+2]1(Cl)(Cl)(<-S(=O)(C([H])([H])[H])C([H])([H])[H])(<-S(=O)(C([H])([H])[H])C([H])([H])[H])<-O=c2n(-c3c([H])c([H])c([H])c([H])c3[H])n(C([H])([H])[H])c(C([H])([H])[H])c2N->1([H])[H]
APIKER,0,ok,0.078517,68,1,,[C-](#[N+]c1c(C([H])([H])[H])c([H])c([H])c([H])c1C([H])([H])[H])->[Pt+4](=C(N([H])N=C(c1c([H])c([H])c([H])c([H])c1[H])c1c([H])c([H])c([H])c([H])c1[H])N(c1c(C([H])([H])[H])c([H])c([H])c([H])c1C([H])([H])[H])[H])(Cl)Cl
APOFIW,0,ok,0.081006,65,1,,[Pd+4]1(Cl)(Cl)N(c2c(C([H])([H])[H])c([H])c([H])c([H])c2C([H])([H])[H])C2=C(C3([H])c4c([H])c([H])c([H])c([H])c4C2([H])c2c3c([H])c([H])c([H])c2[H])N1c1c(C([H])([H])[H])c([H])c([H])c([H])c1C([H])([H])[H]
APUDUL,0,ok,0.058747,53,1,,[Au+3](Cl)=C(N(c1c([H])c([H])c([H])c([H])c1[H])C(C([H])([H])[H])(C([H])([H])[H])C([H])([H])[H])N(c1c([H])c([H])c([H])c([H])c1[H])C(C([H])([H])[H])(C([H])([H])[H])C([H])([H])[H]
APUFAT,0,ok,0.079499,77,1,,[Au+3](Cl)=C(N(c1c([H])c([H])c([H])c([H])c1[H])C12C([H])([H])C3([H])C([H])([H])C([H])(C1([H])[H])C([H])([H])C([H])(C2([H])[H])C3([H])[H])N(c1c([H])c([H])c([H])c([H])c1[H])C12C([H])([H])C3([H])C([H])([H])C([H])(C1([H])[H])C([H])([H])C([H])(C2([H])[H])C3([H])[H]
APUFEX,0,ok,0.027046,29,1,,[Au+3](Cl)=C(N1C([H])([H])C([H])([H])C([H])([H])C1([H])[H])N1C([H])([H])C([H])([H])C([H])([H])C1([H])[H]
APUYOB,0,ok,0.080244,67,1,,Br[Cu+3]=C1N(c2c(C([H])([H])[H])c([H])c(C([H])([H])[H])c([H])c2C([H])([H])[H])C([H])([H])c2c([H])c([H])c([H])c3c2c(c([H])c([H])c3[H])C([H])([H])N1c1c(C([H])([H])[H])c([H])c(C([H])([H])[H])c([H])c1C([H])([H])[H]
AQAHEH,1,ok,0.039632,35,1,,[Pt+2]123(<-S(=O)(C([H])([H])[H])C([H])([H])[H])(C([H])([H])[H])<-C4([H])=C->1([H])C([H])([H])C([H])([H])C->2([H])=C->3([H])C([H])([H])C4([H])[H]
AQAXIZ,0,ok,0.090053,57,1,,[Ru+2](Cl)(<-S(=O)(C([H])([H])[H])C([H])([H])[H])(<-S(=O)(C([H])([H])[H])C([H])([H])[H])(<-S(=O)(C([H])([H])[H])C([H])([H])[H])(Oc1c(=O)c(=O)c1-c1c([H])c([H])c(OC([H])([H])[H])c([H])c1[H])<-O([H])[H]
AQAXOF,0,ok,0.090072,55,1,,[Ru+2](Cl)(<-S(=O)(C([H])([H])[H])C([H])([H])[H])(<-S(=O)(C([H])([H])[H])C([H])([H])[H])(<-S(=O)(C([H])([H])[H])C([H])([H])[H])(Oc1c(=O)c(=O)c1N([H])c1c([H])c([H])c([H])c([H])c1[H])<-O([H])[H]
AQEXIE,0,ok,0.107810,77,1,,[Ni+2]1(<-O=C2c3c(c([H])c([H])c([H])c3-c3c([H])c([H])c([H])c([H])c3[H])C([H])([H])C([H])([H])C2=C(N1c1c(C([H])(C([H])([H])[H])C([H])([H])[H])c([H])c([H])c([H])c1C([H])(C([H])([H])[H])C([H])([H])[H])[H])(<-n1c([H])c([H])c([H])c([H])c1[H])C([H])([H])[H]
ASAVOH,-1,ok,0.181587,51,1,,[Mn+3]123(<-N4=c5c(c([H])c([H])c([H])c5[H])=N->1C(=O)C(C([H])([H])[H])(C([H])([H])[H])N2C(=O)C(C([H])([H])[H])(C([H])([H])[H])C(=O)N3C(C([H])([H])[H])(C([H])([H])[H])C4=O)=O
ASISIE,-1,ok,0.095723,32,1,,[V+5]123(=O)(<-O=O->1)(OC(=O)C(=O)O2)N1C([H])=C([H])C([H])=c2c1c1c(c([H])c2[H])=C([H])C([H])=C([H])N31
ATODEU,0,ok,0.065046,60,1,,C1([H])=C([H])C([H])=C2C3=C4C(=C([H])C([H])=C([H])N4[Pt+4](Cl)(Cl)N13)C2(C([H])([H])C([H])([H])C([H])([H])C([H])([H])C([H])([H])C([H])([H])[H])C([H])([H])C([H])([H])C([H])([H])C([H])([H])C([H])([H])C([H])([H])[H]
ATODIY,0,ok,0.074573,60,1,,C1([H])=C([H])C([H])=C2C3=C4C(=C([H])C([H])=C([H])N4[Pd+4](Cl)(Cl)N13)C2(C([H])([H])C([H])([H])C([H])([H])C([H])([H])C([H])([H])C([H])([H])[H])C([H])([H])C([H])([H])C([H])([H])C([H])([H])C([H])([H])C([H])([H])[H]
AVANAN,1,ok,0.106698,84,1,,[Au+3](<-C1N(c2c(C([H])([H])[H])c([H])c(C([H])([H])[H])c([H])c2C([H])([H])[H])C([H])=C([H])N1c1c(C([H])([H])[H])c([H])c(C([H])([H])[H])c([H])c1C([H])([H])[H])=C(N1C([H])([H])C([H])([H])C([H])([H])C([H])([H])C1([H])[H])N([H])c1c(C([H])([H])[H])c([H])c([H])c([H])c1C([H])([H])[H]
AVOVUC,0,ok,0.044272,38,1,,[Mo+2]12(<-O=P(C([H])([H])C([H])([H])C([H])([H])[H])(C([H])([H])C([H])([H])C([H])([H])[H])C([H])([H])C([H])([H])C([H])([H])[H])(=O)(<-O=O->1)<-O=O->2
AXUFOO,0,ok,0.086621,73,1,,[Zn+2](Cl)(Cl)(Oc1c(C(=[N+]([H])C([H])([H])c2c([H])c([H])c([H])c([H])c2[H])[H])c2c(c([H])c1[H])c([H])c([H])c([H])c2[H])Oc1c(C(=[N+]([H])C([H])([H])c2c([H])c([H])c([H])c([H])c2[H])[H])c2c(c([H])c1[H])c([H])c([H])c([H])c2[H]
AXUFUU,0,ok,0.077780,73,1,,[Zn+2](Br)(Br)(Oc1c(C(=[N+]([H])C([H])([H])c2c([H])c([H])c([H])c([H])c2[H])[H])c2c(c([H])c1[H])c([H])c([H])c([H])c2[H])Oc1c(C(=[N+]([H])C([H])([H])c2c([H])c([H])c([H])c([H])c2[H])[H])c2c(c([H])c1[H])c([H])c([H])c([H])c2[H]
AXUGAB,0,ok,0.096837,73,1,,[Zn+2](I)(Oc1c(C(=[N+]([H])C([H])([H])c2c([H])c([H])c([H])c([H])c2[H])[H])c2c(c([H])c1[H])c([H])c([H])c([H])c2[H])(I)Oc1c(C(=[N+]([H])C([H])([H])c2c([H])c([H])c([H])c([H])c2[H])[H])c2c(c([H])c1[H])c([H])c([H])c([H])c2[H]
AYOPAF,1,ok,0.061817,46,1,,[Ru+4]12(Cl)(<-[C-]#[O+])(<-n3c(N(c4n->1c([H])c([H])c([H])c4[H])[H])c([H])c([H])c([H])c3[H])N1C(=C3N2C([H])=C([H])C([H])=C3[H])C([H])=C([H])C([H])=C1[H]
AYUNIT,1,ok,0.081755,47,1,,c1([H])c([H])c2c([H])c([H])c([H])c3c2c2c4c5c3c([H])c([H])c([H])c5c([H])c([H])n4[Re+3](<-[C-]#[O+])(<-[C-]#[O+])(<-[C-]#[O+])(<-N(C([H])([H])[H])(C([H])([H])[H])[H])n12
AZEDEP,0,ok,0.077362,63,1,,[Pd+4]1(Cl)(Cl)N2C(=C3N1C([H])(C([H])([H])C([H])(C([H])([H])[H])C([H])([H])[H])C([H])([H])c1c3c([H])c([H])c([H])c1[H])c1c(c([H])c([H])c([H])c1[H])C([H])([H])C2([H])C([H])([H])C([H])(C([H])([H])[H])C([H])([H])[H]
AZEQUR,1,ok,0.104083,58,1,,[Ru+4]123456(Cl)(<-c7(C([H])([H])[H])c->1(C([H])([H])[H])c->2(C([H])([H])[H])c->3(C([H])([H])[H])c->4(C([H])([H])[H])c->57C([H])([H])[H])N1C([H])=C([H])C([H])=C([H])C1=C([H])N6N=C([H])c1c([H])c([H])c([H])c([H])n1
BAQVEW,0,ok,0.102401,45,1,,[V+3]123(<-n4c([H])c([H])c([H])c5c4c4c(c([H])c([H])c([H])n->14)c([H])c5[H])(<-O=C(N([H])O2)C([H])([H])c1c([H])c([H])c([H])c([H])c1[H])(<-O=O->3)=O
BASLUF,1,ok,0.142052,75,1,,[Ru+4]123(Oc4c([H])c([H])c([H])c([H])c4C(=N->1c1c(C([H])([H])[H])c([H])c(C([H])([H])[H])c([H])c1C([H])([H])[H])[H])(<-n1c([H])c([H])c([H])c([H])c1-c1n->2c([H])c([H])c([H])c1[H])N1C([H])=C([H])C([H])=C([H])C1=C1N3C([H])=C([H])C([H])=C1[H]
BASWEZ,0,ok,0.058429,46,1,,[Au+3](Cl)=C1C([H])([H])N(C([H])([H])c2c([H])c([H])c([H])c([H])c2[H])C([H])([H])N1c1c([H])c([H])c([H])c([H])c1-c1c([H])c([H])c([H])c([H])c1[H]
BASWID,0,ok,0.041707,40,1,,[Au+3](Cl)=C1N(c2c([H])c([H])c(OC([H])([H])[H])c([H])c2[H])C([H])([H])N(C([H])([H])c2c([H])c([H])c([H])c([H])c2[H])C1([H])[H]
BAWJOB,1,ok,0.275261,75,1,,[Ru+6]123(<-C4N(c5c1c([H])c(C([H])([H])[H])c([H])c5[H])C([H])=C([H])N4c1c([H])c([H])c(C([H])([H])[H])c([H])c1[H])(N1C(=C4N2C([H])=C([H])C([H])=C4[H])C([H])=C([H])C([H])=C1[H])N1C(=C2N3C([H])=C([H])C([H])=C2[H])C([H])=C([H])C([H])=C1[H]
BAWJUH,1,ok,0.098922,62,1,,[Ru+4]123(<-n4c(-c5n->1c([H])c([H])c([H])c5[H])c([H])c([H])c([H])c4[H])(<-C1N(c4c2c([H])c(Br)c([H])c4[H])C([H])=C([H])N1C([H])([H])[H])N1C(=C2N3C([H])=C([H])C([H])=C2[H])C([H])=C([H])C([H])=C1[H]
BAWPUM,1,ok,0.215017,63,1,,[Ru+4]123(Oc4c([H])c([H])c5c([H])c([H])c([H])c6c5c4C(=O->1)C([H])=C6[H])(<-n1c([H])c([H])c([H])c([H])c1-c1n->2c([H])c([H])c([H])c1[H])N1C([H])=C([H])C([H])=C([H])C1=C1N3C([H])=C([H])C([H])=C1[H]
BAXFIQ,0,ok,0.078621,77,1,,[Pt+2](<-P(C([H])([H])[H])(C([H])([H])[H])C([H])([H])[H])([Si](c1c([H])c([H])c([H])c([H])c1[H])(c1c([H])c([H])c([H])c([H])c1[H])[H])([Si](c1c([H])c([H])c([H])c([H])c1[H])(c1c([H])c([H])c([H])c([H])c1[H])[H])<-[C-]#[N+]C(C([H])([H])[H])(C([H])([H])[H])C([H])([H])[H]
BAYLOE,0,ok,0.079740,50,1,,[Ru+2]1(Cl)(Cl)(<-n2n([H])c3nc([H])c([H])c([H])c3c2-c2n([H])c3c([H])c([H])c([H])c([H])c3n->12)(<-S(=O)(C([H])([H])[H])C([H])([H])[H])<-S(=O)(C([H])([H])[H])C([H])([H])[H]
BAYLUK,0,ok,0.170604,58,1,,[Ru+2]1(Cl)(n2nc3nc([H])c(Br)c([H])c3c2-c2n([H])c3c([H])c([H])c([H])c([H])c3n->12)(<-S(=O)(C([H])([H])[H])C([H])([H])[H])(<-S(=O)(C([H])([H])[H])C([H])([H])[H])<-S(=O)(C([H])([H])[H])C([H])([H])[H]
BEFFEY,0,ok,0.038086,46,1,,[Au+3](=C(N([H])C(C([H])([H])[H])(C([H])([H])[H])C([H])([H])[H])N(C([H])([H])C([H])([H])[H])C([H])([H])C([H])([H])[H])C([H])(C(=O)C([H])([H])[H])C(=O)C([H])([H])[H]
BEFMUX,0,ok,0.097634,81,1,,[Ti+4]12(Cl)(<-O3C([H])([H])C([H])([H])C([H])([H])C3([H])[H])(N(C([H])([H])[H])C([H])([H])[H])<-[C-]3=[N+](C([H])(c4c([H])c([H])c([H])c([H])c4[H])C([H])(c4c([H])c([H])c([H])c([H])c4[H])N3C([H])([H])c3c(c([H])c([H])c([H])c3[H])O1)C([H])([H])c1c(c([H])c([H])c([H])c1[H])O2
BEKDUS,0,ok,0.044990,60,1,,[Ni+2]12(SC(C(N(P->1(C([H])(C([H])([H])[H])C([H])([H])[H])C([H])(C([H])([H])[H])C([H])([H])[H])[H])([H])[H])([H])[H])<-P(N([H])C([H])([H])C2([H])[H])(C([H])(C([H])([H])[H])C([H])([H])[H])C([H])(C([H])([H])[H])C([H])([H])[H]
BEKFAA,0,ok,0.054816,58,1,,[Ni+2]12(SC(C(OP->1(C([H])(C([H])([H])[H])C([H])([H])[H])C([H])(C([H])([H])[H])C([H])([H])[H])([H])[H])([H])[H])<-P(OC([H])([H])C2([H])[H])(C([H])(C([H])([H])[H])C([H])([H])[H])C([H])(C([H])([H])[H])C([H])([H])[H]
BELXEV,0,ok,0.052198,48,1,,[Pt+4](Cl)(Cl)(<-P(c1c([H])c([H])c([H])c([H])c1[H])(c1c([H])c([H])c([H])c([H])c1[H])c1c([H])c([H])c([H])c([H])c1[H])=C(N(C([H])([H])[H])C([H])([H])[H])[H]
BENQIW,-1,ok,0.074724,47,1,,[C-](#[O+])->[W](<-[C-]#[O+])(<-[C-]#[O+])(<-[C-]#[O+])(<-[C-]#[O+])<-p1([O-])oc2c([H])c([H])c3c([H])c([H])c([H])c([H])c3c2c2c3c([H])c([H])c([H])c([H])c3c([H])c([H])c2o1
BENQOC,-1,ok,0.045051,35,1,,[C-](#[O+])->[W](<-[C-]#[O+])(<-[C-]#[O+])(<-[C-]#[O+])(<-[C-]#[O+])<-p1([O-])oc2c([H])c([H])c([H])c([H])c2c2c([H])c([H])c([H])c([H])c2o1
BEXJOF,0,ok,0.063555,56,1,,[Rh+]123(Cl)(C(c4[n+](C([H])([H])[H])c(C([H])([H])[H])c(C([H])([H])[H])n4C([H])([H])[H])([H])c4c([H])c([H])c([H])c([H])c4[H])<-C4([H])=C->1([H])C([H])([H])C([H])([H])C->2([H])=C->3([H])C([H])([H])C4([H])[H]
BEXJUL,0,ok,0.044753,46,1,,[Rh+]123(Cl)(C(c4n(C([H])([H])[H])c(C([H])([H])[H])c(C([H])([H])[H])[n+]4C([H])([H])[H])([H])[H])<-C4([H])=C->1([H])C([H])([H])C([H])([H])C->2([H])=C->3([H])C([H])([H])C4([H])[H]
BEZNID,0,ok,0.052640,34,1,,[W+2]12(<-[C-]#[O+])(<-[C-]#[O+])(<-[C-]#[O+])(<-[C-]#[O+])<-C(=C->1(C(N(C=2c1c([H])c([H])c(C([H])([H])[H])c([H])c1[H])[H])([H])[H])[H])([H])[H]
BICRIQ,0,ok,0.057591,56,1,,[Pd+4](Cl)(Cl)(=C(n1nc([H])c2c([H])c([H])c([H])c([H])c12)N([H])C1([H])C([H])([H])C([H])([H])C([H])([H])C([H])([H])C1([H])[H])<-[C-]#[N+]C1([H])C([H])([H])C([H])([H])C([H])([H])C([H])([H])C1([H])[H]
BICZUI,0,ok,0.026372,23,1,,[Au+3](Cl)=C(N(C([H])([H])[H])C([H])([H])[H])c1c([H])c([H])c([H])c([H])c1[H]
BIHCUR,0,ok,0.137109,73,1,,[Ti+4]12345(Cl)(N(C([H])([H])[H])C([H])([H])[H])<-C6(=c->17c->2(c(C([H])([H])[H])c([H])c([H])c7C([H])([H])[H])=C->3(C([H])([H])[H])C46C([H])([H])[H])c1c(c(C(C([H])([H])[H])(C([H])([H])[H])C([H])([H])[H])c([H])c(C(C([H])([H])[H])(C([H])([H])[H])C([H])([H])[H])c1[H])O5
BISHUJ,-1,ok,0.038431,35,1,,[W](<-P([O-])(c1c([H])c([H])c([H])c([H])c1[H])c1c([H])c([H])c([H])c([H])c1[H])(<-[C-]#[O+])(<-[C-]#[O+])(<-[C-]#[O+])(<-[C-]#[O+])<-[C-]#[O+]
BOBNOX,0,ok,0.104947,75,1,,[Fe+2]12(<-P(Oc3n->1c(C(=N->2c1c(C([H])(C([H])([H])[H])C([H])([H])[H])c([H])c([H])c([H])c1C([H])(C([H])([H])[H])C([H])([H])[H])C([H])([H])[H])c([H])c([H])c3[H])(C(C([H])([H])[H])(C([H])([H])[H])C([H])([H])[H])C(C([H])([H])[H])(C([H])([H])[H])C([H])([H])[H])(Cl)Cl
BOFFAG,0,ok,0.148047,85,1,,[Pd+2]12(<-N(=C(N([H])c3c([H])c([H])c(Cl)c([H])c3[H])N=c3n1c(C([H])([H])[H])c([H])c([H])c3[H])c1nc(C([H])([H])[H])c([H])c([H])c1[H])N(C(=Nc1n->2c(C([H])([H])[H])c([H])c([H])c1[H])N([H])c1c([H])c([H])c(Cl)c([H])c1[H])c1nc(C([H])([H])[H])c([H])c([H])c1[H]
BOFFEK,0,ok,0.151476,85,1,,[Pd+2]12(N(C(N([H])c3c([H])c([H])c(F)c([H])c3[H])=Nc3n->1c(C([H])([H])[H])c([H])c([H])c3[H])c1nc(C([H])([H])[H])c([H])c([H])c1[H])<-N(=C(N([H])c1c([H])c([H])c(F)c([H])c1[H])N=c1n2c(C([H])([H])[H])c([H])c([H])c1[H])c1nc(C([H])([H])[H])c([H])c([H])c1[H]
BOHDEI,0,ok,0.056454,57,1,,C1(=[Ag+3]Br)N(c2c(C([H])([H])[H])c([H])c(C([H])([H])[H])c([H])c2C([H])([H])[H])C([H])([H])C([H])([H])C([H])([H])C([H])([H])N1c1c(C([H])([H])[H])c([H])c(C([H])([H])[H])c([H])c1C([H])([H])[H]
BOHDIM,0,ok,0.050583,51,1,,I[Ag+3]=C1N(c2c(C([H])([H])[H])c([H])c([H])c([H])c2C([H])([H])[H])C([H])([H])C([H])([H])C([H])([H])C([H])([H])N1c1c(C([H])([H])[H])c([H])c([H])c([H])c1C([H])([H])[H]
BOHDOS,0,ok,0.065348,61,1,,[Ag+3](Br)=C1N(c2c(C([H])([H])[H])c([H])c(C([H])([H])[H])c([H])c2C([H])([H])[H])C([H])([H])c2c(c([H])c([H])c([H])c2[H])C([H])([H])N1c1c(C([H])([H])[H])c([H])c(C([H])([H])[H])c([H])c1C([H])([H])[H]
BOKDIR,1,ok,0.128425,59,1,,C1([H])=C([H])C([H])=C([H])C2=C(N(C([H])([H])C([H])([H])c3c([H])c([H])c(O[H])c(O[H])c3[H])[H])O[Ru+4]34567(<-c8([H])c->3(C([H])([H])[H])c->4([H])c->5([H])c->6(C([H])(C([H])([H])[H])C([H])([H])[H])c->78[H])(Cl)N12
BOKPUP,0,ok,0.062362,55,1,,[Au+](Cl)<-[Se]=P(c1c2c([H])c([H])c(c1[H])C([H])([H])C([H])([H])c1c([H])c([H])c(c([H])c1[H])C([H])([H])C2([H])[H])(C([H])(C([H])([H])[H])C([H])([H])[H])C([H])(C([H])([H])[H])C([H])([H])[H]
BOKQAW,0,ok,0.052379,55,1,,[Au+](Br)<-[Se]=P(c1c2c([H])c([H])c(c1[H])C([H])([H])C([H])([H])c1c([H])c([H])c(c([H])c1[H])C([H])([H])C2([H])[H])(C([H])(C([H])([H])[H])C([H])([H])[H])C([H])(C([H])([H])[H])C([H])([H])[H]
BOKQIE,0,ok,0.053691,57,1,,[Au+3](Cl)(Cl)(Cl)<-[Se]=P(c1c2c([H])c([H])c(c1[H])C([H])([H])C([H])([H])c1c([H])c([H])c(c([H])c1[H])C([H])([H])C2([H])[H])(C([H])(C([H])([H])[H])C([H])([H])[H])C([H])(C([H])([H])[H])C([H])([H])[H]
BOKRAX,0,ok,0.062226,57,1,,[Au+3](Br)(Br)(Br)<-[Se]=P(c1c2c([H])c([H])c(c1[H])C([H])([H])C([H])([H])c1c([H])c([H])c(c([H])c1[H])C([H])([H])C2([H])[H])(C([H])(C([H])([H])[H])C([H])([H])[H])C([H])(C([H])([H])[H])C([H])([H])[H]
BOLMIB,0,ok,0.055608,65,1,,[Rh+]123(Cl)(<-P(C([H])([H])c4n->1c(-c1n->2c(C(C([H])([H])[H])(C([H])([H])[H])C([H])([H])[H])c([H])c([H])c1[H])c([H])c([H])c4[H])(C(C([H])([H])[H])(C([H])([H])[H])C([H])([H])[H])C(C([H])([H])[H])(C([H])([H])[H])C([H])([H])[H])<-O=O->3
BOLMUM,0,ok,0.021758,18,1,,[Au+3](Cl)=C(N([H])c1nc([H])c([H])c([H])c1[H])N([H])[H]
BOLNAT,1,ok,0.072928,70,1,,[Au+3](<-[As](c1c([H])c([H])c([H])c([H])c1[H])(c1c([H])c([H])c([H])c([H])c1[H])c1c([H])c([H])c([H])c([H])c1[H])=C(N(C([H])([H])C([H])([H])[H])C([H])([H])C([H])([H])[H])N([H])c1c(C([H])([H])[H])c([H])c([H])c([H])c1C([H])([H])[H]
BONBUC,0,ok,0.093250,42,1,,I[Co+3]12345(<-P(N=C(O1)C([H])([H])[H])(c1c([H])c([H])c([H])c([H])c1[H])c1c([H])c([H])c([H])c([H])c1[H])<-C1([H])=C->2([H])C->3([H])=C->4([H])C51[H]
BONCIR,0,ok,0.102138,61,1,,[Ni+2]12(<-P(N=C(O1)C([H])([H])[H])(c1c([H])c([H])c([H])c([H])c1[H])c1c([H])c([H])c([H])c([H])c1[H])<-P(N=C(O2)C([H])([H])[H])(c1c([H])c([H])c([H])c([H])c1[H])c1c([H])c([H])c([H])c([H])c1[H]
BOXWOB,0,ok,0.077375,77,1,,C1(=[Rh+3]234(<-C5([H])=C->2([H])C([H])([H])C([H])([H])C->3([H])=C->4([H])C([H])([H])C5([H])[H])Cl)N(c2c(C([H])([H])[H])c([H])c(C([H])([H])[H])c([H])c2C([H])([H])[H])C([H])([H])C([H])([H])C([H])([H])C([H])([H])N1c1c(C([H])([H])[H])c([H])c(C([H])([H])[H])c([H])c1C([H])([H])[H]
BOYFOL,0,ok,0.149865,79,1,,[Ru+4]12(Cl)(Cl)(<-n3c([H])c([H])c([H])c(C(=O)OC([H])([H])C([H])([H])[H])c3-c3n->1c([H])c([H])c([H])c3C(=O)OC([H])([H])C([H])([H])[H])N1C([H])=C([H])C([H])=C(C(=O)OC([H])([H])C([H])([H])[H])C1=C1N2C([H])=C([H])C([H])=C1C(=O)OC([H])([H])C([H])([H])[H]
BUCGOX,0,ok,0.102730,31,1,,[Pd+4]1(Cl)(Cl)N2C(C([H])([H])[H])=C([H])C(Cl)=c3c([H])c(F)c4c(c32)N1C(C([H])([H])[H])=C([H])C=4Cl
BUCJOZ,1,ok,0.120635,83,1,,[Ru+2]12(<-P(c3c([H])c([H])c([H])c([H])c3[H])(c3c([H])c([H])c([H])c([H])c3[H])c3c([H])c([H])c([H])c([H])c3[H])(<-S(=O)(C([H])([H])[H])C([H])([H])[H])(Cl)<-n3c(-n4n->1c(C([H])([H])[H])c([H])c4C([H])([H])[H])c([H])c([H])c([H])c3-c1n->2c2c(n1[H])c([H])c([H])c([H])c2[H]
BUTZOG,0,ok,0.029582,33,1,,[Au+3](Cl)=C(N(C([H])([H])C([H])([H])[H])C([H])([H])C([H])([H])[H])N([H])C(C([H])([H])[H])(C([H])([H])[H])C([H])([H])[H]
BUTZUM,0,ok,0.027056,31,1,,[Au+3](Cl)=C(N1C([H])([H])C([H])([H])C([H])([H])C1([H])[H])N([H])C(C([H])([H])[H])(C([H])([H])[H])C([H])([H])[H]
BUVBAW,0,ok,0.034291,37,1,,[Au+3](Cl)=C(N(C([H])([H])C([H])([H])[H])C([H])([H])C([H])([H])[H])N([H])C1([H])C([H])([H])C([H])([H])C([H])([H])C([H])([H])C1([H])[H]
BUVBEA,0,ok,0.041512,47,1,,[Au+3](=C(N(C([H])([H])C([H])([H])[H])C([H])([H])C([H])([H])[H])N([H])C(C([H])([H])[H])(C([H])([H])[H])C([H])([H])[H])N(S(=O)(=O)C(F)(F)F)S(=O)(=O)C(F)(F)F
BUVBIE,0,ok,0.032923,35,1,,[Au+3](Cl)=C(N(C([H])([H])C([H])([H])[H])C([H])([H])C([H])([H])[H])N([H])c1c([H])c([H])c(OC([H])([H])[H])c([H])c1[H]
BUVBOK,0,ok,0.032771,33,1,,[Au+3](Cl)=C(N([H])C(C([H])([H])[H])(C([H])([H])[H])C([H])([H])[H])N([H])C(C([H])([H])[H])(C([H])([H])[H])C([H])([H])[H]
BUVCEB,0,ok,0.037446,38,1,,[Au+3](Cl)=C(N([H])c1c(C([H])([H])[H])c([H])c([H])c([H])c1C([H])([H])[H])N1C([H])([H])C([H])([H])C([H])([H])C([H])([H])C1([H])[H]
BUVCOL,0,ok,0.033144,39,1,,[Au+3](Cl)=C(N([H])C(C([H])([H])[H])(C([H])([H])[H])C([H])([H])[H])N([H])C([H])(C([H])([H])[H])C(C([H])([H])[H])(C([H])([H])[H])C([H])([H])[H]
BUVCUR,0,ok,0.040141,45,1,,N([H])(C(=[Au+3]Cl)N(C([H])([H])C([H])([H])[H])C([H])([H])C([H])([H])[H])C12C([H])([H])C3([H])C([H])([H])C([H])(C1([H])[H])C([H])([H])C([H])(C2([H])[H])C3([H])[H]
BUXMUC,0,ok,0.104494,57,1,,[Ru+2]1(<-[C-]#[O+])(Cl)(<-S(=O)(C([H])([H])[H])C([H])([H])[H])(<-P(c2c([H])c([H])c([H])c([H])c2P->1(C([H])([H])[H])c1c([H])c([H])c([H])c([H])c1[H])(C([H])([H])[H])c1c([H])c([H])c([H])c([H])c1[H])Cl
BUZYEB,1,ok,0.185799,84,1,,[Ru+4]12(Cl)(<-P(C([H])([H])C([H])([H])C([H])([H])C(P->1(c1c([H])c([H])c([H])c([H])c1[H])c1c([H])c([H])c([H])c([H])c1[H])([H])[H])(c1c([H])c([H])c([H])c([H])c1[H])c1c([H])c([H])c([H])c([H])c1[H])(<-[C-]#[O+])N1C([H])=C([H])C([H])=c3c([H])c([H])c4c(c31)N2C([H])=C([H])C=4[H]
CABSEG,0,ok,0.057321,41,1,,[W+4]123(<-O([H])C([H])([H])[H])(<-O=O->1)(<-N(=C(C([H])([H])[H])c1c(c([H])c([H])c([H])c1[H])O2)N=C(c1c([H])c([H])c([H])c([H])c1[H])O3)=O
CAHHOI,0,ok,0.131779,74,1,,[Ni+2](C([P-](c1c([H])c([H])c([H])c([H])c1[H])(c1c([H])c([H])c([H])c([H])c1[H])c1c([H])c([H])c([H])c([H])c1[H])=P(c1c([H])c([H])c([H])c([H])c1[H])(c1c([H])c([H])c([H])c([H])c1[H])c1c([H])c([H])c([H])c([H])c1[H])(<-[C-]#[O+])<-[C-]#[O+]
CAHJUT,0,ok,0.046414,60,1,,[Au+3](Cl)=C(N([H])C1([H])C([H])([H])C([H])([H])C([H])([H])C([H])([H])C([H])([H])C([H])([H])C([H])([H])C([H])([H])C([H])([H])C([H])([H])C1([H])[H])N([H])N([H])C(=O)OC(C([H])([H])[H])(C([H])([H])[H])C([H])([H])[H]
CAMSAM,0,ok,0.182822,74,1,,[Pd+2]12(<-n3c([H])c([H])c([H])c4c([H])c([H])c5c([H])c([H])c([H])c(N1S(=O)(=O)c1c([H])c([H])c(OC([H])([H])[H])c([H])c1[H])c5c34)<-n1c([H])c([H])c([H])c3c([H])c([H])c4c(OC([H])(C([H])([H])[H])C([H])([H])[H])c([H])c([H])c2c4c13
CAQZUQ,0,ok,0.059782,33,1,,[Ru+2]1(Cl)(Cl)(<-S(=O)(C([H])([H])[H])C([H])([H])[H])(<-S(=O)(C([H])([H])[H])C([H])([H])[H])<-O=C(N([H])[H])N([H])N->1([H])[H]
CASWIC,0,ok,0.043082,42,1,,[Ni]12(<-n3c([H])c([H])c([H])c([H])c3[H])<-N(=NC(=N->1[H])SC([H])([H])[H])C(=C(C(=O->2)c1c([H])c([H])c([H])c([H])c1[H])[H])C([H])([H])[H]
CAVYAZ,-1,ok,0.034657,26,1,,[V+]123(<-O=O->1)(<-O=O->2)(=O)<-n1c([H])c([H])c([H])c([H])c1-c1n->3c([H])c([H])c([H])c1[H]
CECTEM,1,ok,0.066981,59,1,,[Au+3](C(=[N+](C([H])([H])[H])C([H])([H])[H])N([H])c1c(C([H])([H])[H])c([H])c([H])c([H])c1C([H])([H])[H])=C(N(C([H])([H])[H])C([H])([H])[H])N([H])c1c(C([H])([H])[H])c([H])c([H])c([H])c1C([H])([H])[H]
CEFROU,0,ok,0.092660,37,1,,[V+3]123(<-O=O->1)(=O)(OC(=O)c1n->2c([H])c([H])c([H])c1[H])<-n1c([H])c([H])c([H])c([H])c1-c1n->3c([H])c([H])c([H])c1[H]
CEHQIP,0,ok,0.114413,65,1,,[Pt+2](<-P(n1c([H])c([H])c([H])c1[H])(n1c([H])c([H])c([H])c1[H])n1c([H])c([H])c([H])c1[H])(<-P(n1c([H])c([H])c([H])c1[H])(n1c([H])c([H])c([H])c1[H])n1c([H])c([H])c([H])c1[H])(C([H])([H])[H])C([H])([H])[H]
CEKWAT,0,ok,0.053394,45,1,,[Zn+2]12(N3C([H])=C([H])C([H])=C([H])C3=C([N+](=O->1)C([H])([H])[H])[H])(O[N+](=O)[O-])(N1C([H])=C([H])C([H])=C([H])C1=C([N+](=O->2)C([H])([H])[H])[H])O[N+](=O)[O-]
CELHAD,0,ok,0.064374,66,1,,[Ni]123<-P(c4c(C(OC(C([H])([H])[H])([H])[H])(N->1=C(SC([H])([H])[H])N=N->2C(C([H])([H])[H])=C([H])C(=O->3)C([H])([H])[H])[H])c([H])c([H])c([H])c4[H])(c1c([H])c([H])c([H])c([H])c1[H])c1c([H])c([H])c([H])c([H])c1[H]
CELNIS,0,ok,0.042891,29,1,,[V+3]123(=O)(<-O=O->1)(<-O([H])O2)<-n1c([H])c([H])c([H])c2c([H])c([H])c4c([H])c([H])c([H])n->3c4c12
CENXOK,0,ok,0.045091,39,1,,[Pd+4](Br)(Br)(<-n1c([H])c([H])c([H])c([H])c1[H])=c1n(-c2c([H])c([H])c([H])c([H])c2[H])n(C([H])([H])[H])c(C([H])([H])[H])c1[H]
CENYEB,0,ok,0.087671,61,1,,[Pd+2](Br)(Br)(<-C1N(C([H])(C([H])([H])[H])C([H])([H])[H])c2c([H])c([H])c([H])c([H])c2N1C([H])(C([H])([H])[H])C([H])([H])[H])[c+]1n(-c2c([H])c([H])c([H])c([H])c2[H])n(C([H])([H])[H])c(C([H])([H])[H])c1[H]
CEPHAI,0,ok,0.095797,75,1,,[Mo+4]1(=Nc2c(C([H])([H])[H])c([H])c([H])c([H])c2C([H])([H])[H])(n2c(C([H])([H])[H])c([H])c([H])c2C([H])([H])[H])(<-n2c([H])c([H])c([H])c([H])c2-c2n->1c([H])c([H])c([H])c2[H])CC(c1c([H])c([H])c([H])c([H])c1[H])(C([H])([H])[H])C([H])([H])[H]
CEQRIZ,0,ok,0.217216,78,1,,[Ru+6]12345678(<-C9(C([H])([H])C([H])([H])[H])=C->1(C([H])([H])C([H])([H])[H])[B-]2(C([H])([H])C([H])([H])[H])C3(C([H])([H])[H])[B-]49C([H])([H])C([H])([H])[H])(<-[C-]#[N+]C(C([H])([H])[H])(C([H])([H])[H])C([H])([H])[H])<-C1(C([H])([H])[H])=C->5(C([H])([H])[H])C->6(C([H])([H])[H])=C->7(C([H])([H])[H])C81C([H])([H])[H]
CERQAT,0,ok,0.073094,75,1,,C1(=[Au+3]Cl)N(c2c(C([H])(C([H])([H])[H])C([H])([H])[H])c([H])c([H])c([H])c2C([H])(C([H])([H])[H])C([H])([H])[H])C([H])([H])C([H])([H])C([H])([H])C([H])([H])N1c1c(C([H])(C([H])([H])[H])C([H])([H])[H])c([H])c([H])c([H])c1C([H])(C([H])([H])[H])C([H])([H])[H]
CERWIH,0,ok,0.075584,55,1,,[Pd+4]1(Cl)(Cl)=C(N(c2c(C([H])([H])[H])c([H])c([H])c([H])c2C([H])([H])[H])[H])c2c(c([H])c([H])c([H])c2[H])N([H])[C+]1N(c1c(C([H])([H])[H])c([H])c([H])c([H])c1C([H])([H])[H])[H]
CEVMAU,0,ok,0.081747,85,1,,[Se](->[Zn+2](<-[Se]=P(C([H])([H])C([H])([H])C([H])([H])C([H])([H])[H])(C([H])([H])C([H])([H])C([H])([H])C([H])([H])[H])C([H])([H])C([H])([H])C([H])([H])C([H])([H])[H])(Cl)Cl)=P(C([H])([H])C([H])([H])C([H])([H])C([H])([H])[H])(C([H])([H])C([H])([H])C([H])([H])C([H])([H])[H])C([H])([H])C([H])([H])C([H])([H])C([H])([H])[H]
CEWGOD,0,ok,0.059671,64,1,,[Pd+4](Cl)(Cl)(<-[C-]#[N+]c1c(C([H])([H])[H])c([H])c(C([H])([H])[H])c([H])c1C([H])([H])[H])=C(N([H])c1c(C([H])([H])[H])c([H])c(C([H])([H])[H])c([H])c1C([H])([H])[H])N1C([H])([H])C([H])([H])C([H])([H])C([H])([H])C1([H])[H]
CEWGUJ,0,ok,0.068100,62,1,,[Pd+4](Cl)(Cl)(=C(N([H])c1c(C([H])([H])[H])c([H])c(C([H])([H])[H])c([H])c1C([H])([H])[H])N1C([H])([H])C([H])([H])OC([H])([H])C1([H])[H])<-[C-]#[N+]c1c(C([H])([H])[H])c([H])c(C([H])([H])[H])c([H])c1C([H])([H])[H]
CHVICR,0,ok,0.037379,40,1,,[Cr+2](<-[C-]#[O+])(=C(C(=C([H])[H])OC([H])([H])[H])N(C1([H])C([H])([H])C([H])([H])C([H])([H])C([H])([H])C1([H])[H])[H])(<-[C-]#[O+])(<-[C-]#[O+])(<-[C-]#[O+])<-[C-]#[O+]
CIBTUF,1,ok,0.124276,66,1,,c12(->[Ru+4]34567(<-c1([H])c->3(C(C([H])([H])[H])(C([H])([H])[H])[H])c->4([H])c->5([H])c->62C([H])([H])[H])(I)N1C(=C([H])N7c2c([H])c3c4c(c([H])c([H])c([H])c4[H])n(C(C([H])([H])[H])([H])[H])c3c([H])c2[H])C([H])=C([H])C([H])=C1[H])[H]
CIFCOM,0,ok,0.057997,55,1,,Ic1c([H])c([H])c(N([H])C(=[Pd+4](Cl)(Cl)<-[C-]#[N+]c2c(C([H])([H])[H])c([H])c([H])c([H])c2C([H])([H])[H])N([H])c2c(C([H])([H])[H])c([H])c([H])c([H])c2C([H])([H])[H])c([H])c1[H]
CIFHAD,0,ok,0.086035,68,1,,[Pt+2]1(<-S(=O)(C([H])([H])[H])C([H])([H])[H])(OC(=O)C(F)(F)F)<-N(=C(N([H])c2c([H])c([H])c([H])c([H])c2OC([H])([H])[H])N([H])c2c1c([H])c([H])c([H])c2OC([H])([H])[H])c1c([H])c([H])c([H])c([H])c1OC([H])([H])[H]
CIFPUE,0,ok,0.185725,72,1,,C12([H])->[Ru+4]3456(<-C=1([H])C->3([H])=C->4([H])C25[H])(<-P(c1c([H])c([H])c([H])c([H])c1[H])(c1c([H])c([H])c([H])c([H])c1[H])c1c([H])c([H])c([H])c([H])c1[H])=C1C([H])=C([H])C([H])=C([H])N1C([H])=C6c1c([H])c([H])c(C(F)(F)F)c([H])c1[H]
CIFQEP,1,ok,0.417070,70,1,,C12([H])->[Ru+4]34567(<-C1([H])=C->3([H])C4([H])C->5=2[H])(=c1c([H])c([H])c([H])c([H])n1C->6([H])=C->7([H])c1c([H])c([H])c([H])c([H])c1[H])<-P(c1c([H])c([H])c([H])c([H])c1[H])(c1c([H])c([H])c([H])c([H])c1[H])c1c([H])c([H])c([H])c([H])c1[H]
CIFTER,0,ok,0.028282,27,1,,[Au+3](Cl)=c1n(C([H])([H])[H])n(C([H])([H])[H])c(-c2c([H])c([H])c([H])c([H])c2[H])c1[H]
CIFTOB,0,ok,0.032018,29,1,,[Au+3](Cl)(<-[c-]1[n+](C([H])([H])[H])n(C([H])([H])[H])c(-c2c([H])c([H])c([H])c([H])c2[H])c1[H])(Cl)Cl
CIGCOK,0,ok,0.027682,23,1,,[Au+3]([C-]1N([H])C(c2c([H])c([H])c([H])c([H])c2[H])([H])C([H])([H])O1)C#N
CIHYUP,1,ok,0.045537,39,1,,[Pt+2]1(<-S(=O)(C([H])([H])[H])C([H])([H])[H])(O[N+]([O-])=O)<-N(C([H])([H])[H])(C([H])([H])[H])C([H])([H])C(N->1(C([H])([H])[H])C([H])([H])[H])([H])[H]
CIJWUN,0,ok,0.063502,67,1,,[Cr+2]1(<-[C-]#[O+])(<-[C-]#[O+])(<-[C-]#[O+])(<-[C-]#[O+])N(C2([H])C([H])([H])C([H])([H])C([H])([H])C([H])([H])C2([H])[H])C2=C(N1C1([H])C([H])([H])C([H])([H])C([H])([H])C([H])([H])C1([H])[H])C(OC([H])([H])[H])(C([H])([H])[H])C2(OC([H])([H])[H])C([H])([H])[H]
CIMLUG,0,ok,0.053858,55,1,,[Ir+3](Cl)(=C1N(C2([H])C([H])([H])C([H])([H])C([H])([H])C([H])([H])C2([H])[H])C([H])([H])C([H])([H])C([H])([H])C([H])([H])N1C1([H])C([H])([H])C([H])([H])C([H])([H])C([H])([H])C1([H])[H])(<-[C-]#[O+])<-[C-]#[O+]
CIMMER,0,ok,0.094328,84,1,,C1(=[Pt+2]23(<-C4([H])=C->2([H])C2([H])C([H])([H])C([H])([H])C4([H])C2([H])[H])<-C2([H])=C->3([H])C3([H])C([H])([H])C([H])([H])C2([H])C3([H])[H])N(C2([H])C([H])([H])C([H])([H])C([H])([H])C([H])([H])C2([H])[H])C([H])([H])C([H])([H])C([H])([H])C([H])([H])N1C1([H])C([H])([H])C([H])([H])C([H])([H])C([H])([H])C1([H])[H]
CIRXAC,0,ok,0.085233,26,1,,c12-c3n(->[Mo+2]45(=O)(<-O=O->4)(<-O=O->5)<-n1c([H])c([H])c([H])c2[H])c([H])c([H])c([H])c3[H]
CISTAC,0,ok,0.167333,84,1,,[Ru+4]123(<-P(c4c([H])c([H])c([H])c([H])c4[H])(c4c([H])c([H])c([H])c([H])c4[H])C(C(C([H])([H])C(P->1(c1c([H])c([H])c([H])c([H])c1[H])c1c([H])c([H])c([H])c([H])c1[H])([H])[H])([H])[H])([H])[H])(OS(=O)(=O)O2)N1C([H])=C([H])C([H])=C([H])C1=C1N3C([H])=C([H])C([H])=C1[H]
CISTEG,0,ok,0.178424,83,1,,C1(=O)O[Ru+4]23(<-P(c4c([H])c([H])c([H])c([H])c4[H])(c4c([H])c([H])c([H])c([H])c4[H])C([H])([H])C([H])([H])C(C([H])([H])P->2(c2c([H])c([H])c([H])c([H])c2[H])c2c([H])c([H])c([H])c([H])c2[H])([H])[H])(N2C([H])=C([H])C([H])=C([H])C2=C2C([H])=C([H])C([H])=C([H])N23)O1
CITFUI,0,ok,0.065031,68,1,,[Pd+4](Cl)(Cl)(<-[C-]#[N+]C1([H])C([H])([H])C([H])([H])C([H])([H])C([H])([H])C1([H])[H])=C(N([H])C1([H])C([H])([H])C([H])([H])C([H])([H])C([H])([H])C1([H])[H])N([H])N=C(c1c([H])c([H])c([H])c([H])c1[H])c1c([H])c([H])c([H])c([H])c1[H]
CIVLUP,0,ok,0.426567,78,1,,C(#N)C(C#N)=C(C(c1c([H])c([H])c(C(=C=[N-])C#N)c([H])c1[H])=[Ni+4]1234(<-C5([H])=C->1([H])C2([H])C->3([H])=C->45[H])<-P(c1c([H])c([H])c([H])c([H])c1[H])(c1c([H])c([H])c([H])c([H])c1[H])c1c([H])c([H])c([H])c([H])c1[H])c1c([H])c([H])c([H])c([H])c1[H]
CIXZAM,0,ok,0.094980,73,1,,[Ni+4]1(Br)(Br)N(c2c(C([H])(C([H])([H])[H])C([H])([H])[H])c([H])c([H])c([H])c2C([H])(C([H])([H])[H])C([H])([H])[H])C(C([H])([H])[H])=C(C([H])([H])[H])N1c1c(C([H])(C([H])([H])[H])C([H])([H])[H])c([H])c([H])c([H])c1C([H])(C([H])([H])[H])C([H])([H])[H]
CODZAX,0,ok,0.421209,74,1,,[Ru+2]12345(<-P(c6c([H])c([H])c([H])c([H])c6[H])(c6c([H])c([H])c([H])c([H])c6[H])c6c([H])c([H])c([H])c([H])c6[H])(C6=C(c7c([H])c([H])c([H])c([H])c7[H])C(SC([H])([H])[H])=C(C#N)C6=NS->1C([H])([H])[H])<-C1([H])=C->2([H])C->3([H])=C->4([H])C51[H]
COFTUN,0,ok,0.057741,59,1,,[Pd+4](I)(I)(=C(N([H])C(C([H])([H])[H])(C([H])([H])[H])C([H])([H])[H])c1c(N([H])C(C([H])([H])[H])=C([H])C(C([H])([H])[H])=O)c([H])c([H])c([H])c1[H])<-[C-]#[N+]C(C([H])([H])[H])(C([H])([H])[H])C([H])([H])[H]
COHMIW,1,ok,0.034162,35,1,,[Au+3](C(=[N+]([H])C([H])([H])[H])N([H])C([H])([H])C(O[H])([H])[H])=C(N([H])C([H])([H])[H])N([H])C([H])([H])C(O[H])([H])[H]
COKVAC,0,ok,0.044603,37,1,,[Au+3](Cl)=C(N([H])C([H])([H])c1nc([H])c([H])c([H])c1[H])N([H])c1c(C([H])([H])[H])c([H])c([H])c([H])c1C([H])([H])[H]
COKWOO,1,ok,0.064256,57,1,,[Ru+4]123(OC(=O)C(N->1([H])[H])(C(O[H])(C([H])([H])[H])[H])[H])(<-n1c(-c4n->2c([H])c([H])c([H])c4[H])c([H])c([H])c([H])c1[H])N1C(=C2N3C([H])=C([H])C([H])=C2[H])C([H])=C([H])C([H])=C1[H]
CORSEJ,0,ok,0.080681,56,1,,[Ru+2]1(<-S(C([H])([H])[H])(C([H])([H])[H])=O)(<-S(C([H])([H])[H])(C([H])([H])[H])=O)(Cl)(Cl)<-N(=C([H])c2c3c(c([H])c([H])c2O[H])c([H])c([H])c([H])c3[H])N(C(c2sc([H])c([H])c2[H])=O->1)[H]
CORTIO,0,ok,0.055181,70,1,,C1([H])([H])C([H])([H])C([H])([H])C([H])(C(=O)OC(C([H])([H])[H])(C([H])([H])[H])C([H])([H])[H])N1C(N(C1([H])C([H])([H])C([H])([H])C([H])([H])C([H])([H])C1([H])[H])[H])=[Pd+4](<-[C-]#[N+]C1([H])C([H])([H])C([H])([H])C([H])([H])C([H])([H])C1([H])[H])(Cl)Cl
CORTOU,0,ok,0.067732,70,1,,C1([H])([H])C([H])([H])C([H])([H])C([H])(C(=O)OC(C([H])([H])[H])(C([H])([H])[H])C([H])([H])[H])N1C(N(C1([H])C([H])([H])C([H])([H])C([H])([H])C([H])([H])C1([H])[H])[H])=[Pd+4](<-[C-]#[N+]C1([H])C([H])([H])C([H])([H])C([H])([H])C([H])([H])C1([H])[H])(I)I
COSHEZ,0,ok,0.119949,59,1,,[Ru+2]1(Cl)(Cl)(<-S(=O)(C([H])([H])[H])C([H])([H])[H])(<-S(=O)(C([H])([H])[H])C([H])([H])[H])<-O=C(N(N->1=C([H])c1c2c(c([H])c([H])c1O[H])c([H])c([H])c([H])c2[H])[H])c1c([H])c([H])c([H])c([H])c1[H]
COSJEB,0,ok,0.070408,59,1,,[Pd+4]1(Cl)(Cl)N(c2c([H])c([H])c(C([H])([H])[H])c([H])c2[H])c2c([H])c(O[H])c(N([H])c3c([H])c([H])c(C([H])([H])[H])c([H])c3[H])c([H])c2N1c1c([H])c([H])c(C([H])([H])[H])c([H])c1[H]
COYMAF,0,ok,0.153535,85,1,,[Ni+4]123n4c5c(C([H])([H])C([H])([H])[H])c(C([H])([H])C([H])([H])[H])c4=C([H])c4n1c(c(C([H])([H])C([H])([H])[H])c4C([H])([H])C([H])([H])[H])-c1n2c(c(C([H])([H])C([H])([H])[H])c1C([H])([H])C([H])([H])[H])C([H])=C([H])C([H])=c1n3c=5c(C([H])([H])C([H])([H])[H])c1C([H])([H])C([H])([H])[H]
CPMNTI,0,ok,0.522218,29,1,,C1(C(C#N)=S->[Ti+2]23456789(<-C%10([H])=C->2([H])C3([H])C->4([H])=C->5%10[H])(<-C2([H])=C->6([H])C7([H])C->8([H])=C->92[H])<-S=1)C#N
CUKROR,-1,ok,0.093450,54,1,,[Pd+4]1(Cl)(Cl)<-P(c2c(C3=P([O-])([O-])c4c([H])c(C([H])([H])[H])c([H])c([H])c4N13)c([H])c([H])c([H])c2[H])(c1c([H])c([H])c([H])c([H])c1[H])c1c([H])c([H])c([H])c([H])c1[H]
CUSBID,-1,ok,0.113112,42,1,,[Mo+6]12([Se]c3c([H])c([H])c([H])c([H])c3[H])(=O)(SC(C#N)=C(C#N)S1)N1C([H])=C([H])C([H])=C([H])C1=C1N2C([H])=C([H])C([H])=C1[H]
CUSBOJ,-1,ok,0.091194,44,1,,[Mo+2]12([Se]c3c([H])c([H])c([H])c([H])c3[H])(<-S=C(C(=S->1)C#N)C#N)(=O)<-n1c([H])c([H])c([H])c3c1c1n->2c([H])c([H])c([H])c1c([H])c3[H]
CZBACR,0,ok,0.057968,48,1,,[Cr+2]1(<-[C-]#[O+])(<-[C-]#[O+])(<-[C-]#[O+])(<-[C-]#[O+])<-N(C([H])([H])[H])=C(c2c([H])c([H])c([H])c([H])c2[H])C([H])(C([H])([H])[H])C=1N(C(C([H])([H])[H])([H])[H])C(C([H])([H])[H])([H])[H]
DAHVIR,0,ok,0.028413,29,1,,[Ni]123<-n4c(C#N)c(C#N)n->1c([H])c([H])c([H])n->2c(C#N)c(C#N)n->3c([H])c([H])c4[H]
DAKFEC,0,ok,0.376302,36,1,,[W+2]123456789(<-S=C([H])C(=S->1)c1c([H])c([H])nc([H])c1[H])(<-C1([H])=C->2([H])C3([H])C->4([H])=C->51[H])<-C1([H])=C->6([H])C->7([H])=C->8([H])C91[H]
DAKGON,0,ok,0.116542,66,1,,[Ir+]123(<-N4=[N+]=C([H])C([H])=C4c4n->1c([H])c(C([H])([H])[H])c([H])c4C([H])([H])[H])(c1c([H])c(F)c([H])c([H])c1N1C([H])=C([H])N(C([H])([H])[H])C->21)<-C1N(c2c3c([H])c(F)c([H])c2[H])C([H])=C([H])N1C([H])([H])[H]
DAKGUT,0,ok,0.130908,72,1,,[Ir+]123(<-N4=[N+]=C([H])C([H])=C4c4n->1c([H])c(C([H])([H])[H])c([H])c4C([H])([H])[H])(<-C1N(C([H])([H])[H])C([H])=C([H])N1c1c([H])c([H])c(C([H])([H])[H])c([H])c12)<-C1N(C([H])([H])[H])C([H])=C([H])N1c1c([H])c([H])c(C([H])([H])[H])c([H])c13
DALQAL,0,ok,0.108520,67,1,,[Ni+4]1234(Br)(=C5N(c6c(C([H])([H])[H])c([H])c(C([H])([H])[H])c([H])c6C([H])([H])[H])C([H])([H])C([H])([H])C([H])([H])C([H])([H])N5c5c(C([H])([H])[H])c([H])c(C([H])([H])[H])c([H])c5C([H])([H])[H])<-C5([H])=C->1([H])C->2([H])=C->3([H])C45[H]
DANBEB,0,ok,0.094920,85,1,,[Pd+4](Cl)(Cl)(=C(N([H])c1c(C([H])(C([H])([H])[H])C([H])([H])[H])c([H])c([H])c([H])c1C([H])(C([H])([H])[H])C([H])([H])[H])N([H])c1c(C([H])([H])C([H])([H])[H])c([H])c([H])c([H])c1[H])<-[C-]#[N+]c1c(C([H])(C([H])([H])[H])C([H])([H])[H])c([H])c([H])c([H])c1C([H])(C([H])([H])[H])C([H])([H])[H]
DAQCEF,-1,ok,0.035873,27,1,,[V+]123(=O)(<-O=O->1)(<-O=O->2)<-n1c(-c2n->3c(N([H])[H])nc([H])c2[H])c([H])c([H])c([H])c1[H]
DAQCIJ,-1,ok,0.035421,25,1,,[V+]123(<-O=O->1)(=O)(<-n1c(-c4n->2c([H])c([H])c([H])c4[H])c([H])c([H])nc1[H])<-O=O->3
DAQFUX,1,ok,0.119911,77,1,,C1([H])([H])P(c2c([H])c([H])c([H])c([H])c2[H])(c2c([H])c([H])c([H])c([H])c2[H])->[Mn+3](=c2n(-c3c([H])c([H])c([H])c([H])c3[H])c(C([H])([H])[H])c([H])o2)(<-[C-]#[O+])(<-[C-]#[O+])(<-[C-]#[O+])<-P1(c1c([H])c([H])c([H])c([H])c1[H])c1c([H])c([H])c([H])c([H])c1[H]
DAQSIX,-1,ok,0.051250,28,1,,[V+3]123(OC(=O)c4n->1c([H])c([H])nc4[H])(OC(=O)c1n->2c([H])c([H])nc1[H])(=O)<-O=O->3
DARNAN,0,ok,0.077167,51,1,,[Pd+4]123Oc4c([H])c([H])c([H])c5c4N1C(=C([H])N2c1c([H])c([H])c([H])c([H])c1C([H])([H])N3S(=O)(=O)c1c([H])c([H])c(C([H])([H])[H])c([H])c1[H])C([H])=C5[H]
DAWXEE,0,ok,0.052753,48,1,,[Cr+2](<-[C-]#[O+])(<-[C-]#[O+])(<-[C-]#[O+])(<-[C-]#[O+])(<-[C-]#[O+])=C(OC(C([H])([H])[H])([H])[H])N=C(C(C([H])([H])[H])(C([H])([H])[H])C([H])([H])[H])C(C([H])([H])[H])(C([H])([H])[H])C([H])([H])[H]
DAZLOG,0,ok,0.083509,46,1,,[V+3]123(Oc4c([H])c([H])c5c([H])c([H])c([H])c([H])c5c4C(=N->1C([H])([H])C(N->2([H])[H])([H])[H])[H])(<-O=C(N=N->3[H])c1c([H])c([H])nc([H])c1[H])=O
DECJEA,0,ok,0.840522,68,1,,[Zr+4]12345678(c9c([H])c([H])c([H])c([H])c9[H])(C(=P(c9c([H])c([H])c([H])c([H])c9[H])(c9c([H])c([H])c([H])c([H])c9[H])c9c([H])c([H])c([H])c([H])c9[H])[H])(C9([H])C->1([H])=C->2([H])C->3([H])=C->49[H])<-C1([H])=C->5([H])C->6([H])=C->7([H])C81[H]
DECKAZ,0,ok,0.038539,36,1,,[Fe+2]1(Cl)(Cl)<-P(N([H])c2n->1c([H])c([H])c([H])c2[H])(C([H])(C([H])([H])[H])C([H])([H])[H])C([H])(C([H])([H])[H])C([H])([H])[H]
DEMZOL,0,ok,0.092432,67,1,,[Pt+2]1(Sc2nsc(Cl)n2)(Sc2nsc(Cl)n2)<-P(C([H])([H])C([H])([H])P->1(c1c([H])c([H])c([H])c([H])c1[H])c1c([H])c([H])c([H])c([H])c1[H])(c1c([H])c([H])c([H])c([H])c1[H])c1c([H])c([H])c([H])c([H])c1[H]
DEPTUN,0,ok,0.076361,44,1,,[Cr+2](<-[C-]#[O+])(<-[C-]#[O+])(<-[C-]#[O+])(<-[C-]#[O+])(<-[C-]#[O+])=C1N(C([H])([H])[H])C(c2c([H])c([H])c([H])c([H])c2[H])([H])C1=C(c1c([H])c([H])c([H])c([H])c1[H])[H]
DEWXEJ,0,ok,0.106444,45,1,,C1(=O)c2c([H])c([H])c([H])c([H])c2C2=NC(C([H])([H])[H])=N([H])->[Ni+4]3(N12)n1c([O-])c2c([H])c([H])c([H])c([H])c2c1N=C(C([H])([H])[H])N3[H]
DEWXOT,0,ok,0.101541,57,1,,c1([O-])c2c([H])c([H])c([H])c([H])c2c2n1[Ni+4]1(<-N3=C(N=C(C([H])([H])C([H])([H])C([H])([H])[H])N1[H])c1c(c([H])c([H])c([H])c1[H])C3=O)N([H])C(C([H])([H])C([H])([H])C([H])([H])[H])=N2
DEXCEP,0,ok,0.078957,53,1,,[Os+2](<-S(=O)(C([H])([H])[H])C([H])([H])[H])(Cl)(<-S(=O)(C([H])([H])[H])C([H])([H])[H])(Cl)(<-n1c([H])n([H])c2c([H])c([H])c([H])c([H])c12)<-n1c2c([H])c([H])c([H])c([H])c2n([H])c1[H]
DEXCIT,0,ok,0.042343,42,1,,[Os+2](Cl)(Cl)(<-S(=O)(C([H])([H])[H])C([H])([H])[H])(<-S(=O)(C([H])([H])[H])C([H])([H])[H])(<-S(=O)(C([H])([H])[H])C([H])([H])[H])<-n1c([H])n([H])c([H])c1[H]
DEXCOZ,0,ok,0.072921,48,1,,[Os+2](<-S(=O)(C([H])([H])[H])C([H])([H])[H])(<-S(=O)(C([H])([H])[H])C([H])([H])[H])(<-S(=O)(C([H])([H])[H])C([H])([H])[H])(<-n1c2c([H])c([H])c([H])c([H])c2n([H])c1[H])(Cl)Cl
DEXCUF,0,ok,0.051293,41,1,,[Os+2](Cl)(Cl)(<-S(=O)(C([H])([H])[H])C([H])([H])[H])(<-S(=O)(C([H])([H])[H])C([H])([H])[H])(<-n1c([H])n([H])c([H])c1[H])<-n1c([H])n([H])c([H])c1[H]
DEXDOA,0,ok,0.035650,42,1,,[Os+2](Cl)(Cl)(<-S(=O)(C([H])([H])[H])C([H])([H])[H])(<-S(=O)(C([H])([H])[H])C([H])([H])[H])(<-S(=O)(C([H])([H])[H])C([H])([H])[H])<-n1n([H])c([H])c([H])c1[H]
DEYGIX,0,ok,0.542614,64,1,,[Hf+4]12345678(C(C([H])([H])[H])([H])[H])(C(=P(c9c([H])c([H])c([H])c([H])c9[H])(c9c([H])c([H])c([H])c([H])c9[H])c9c([H])c([H])c([H])c([H])c9[H])[H])(<-C9([H])=C->1([H])C2([H])C->3([H])=C->49[H])C1([H])C->5([H])=C->6([H])C->7([H])=C->81[H]
DIPVUV,0,ok,0.020898,14,1,,[Au+3](Cl)=C(N([H])[H])c1oc([H])c([H])c1[H]
DISQON,0,ok,0.122884,74,1,,[Pd+4]1(Cl)(C([H])([H])[H])N(c2c(C([H])([H])[H])c([H])c(C([H])([H])[H])c([H])c2C([H])([H])[H])C2=C(N1c1c(C([H])([H])[H])c([H])c(C([H])([H])[H])c([H])c1C([H])([H])[H])C1([H])c3c([H])c([H])c([H])c([H])c3C2([H])c2c1c([H])c([H])c([H])c2[H]
DODFAE,0,ok,0.094479,78,1,,[Ni+4]12(c3c4c([H])c([H])c([H])c([H])c4c([H])c([H])c3[H])N3C(=C(C([H])([H])[H])N1c1c(C(C([H])([H])[H])([H])C([H])([H])[H])c([H])c([H])c([H])c1C([H])(C([H])([H])[H])C([H])([H])[H])C([H])=C([H])C([H])=C3C(=O)N2C([H])([H])C([H])([H])C([H])([H])C([H])([H])[H]
DODFEI,0,ok,0.104467,79,1,,[Ni+4]12(c3c4c(c([H])c([H])c3[H])c([H])c([H])c([H])c4[H])N3C(=C([H])C([H])=C([H])C3=C(C([H])([H])[H])N1c1c(C([H])(C([H])([H])[H])C([H])([H])[H])c([H])c([H])c([H])c1C(C([H])([H])[H])(C([H])([H])[H])[H])C(=O)N2C(c1c([H])c([H])c([H])c([H])c1[H])([H])[H]
DOHLIV,0,ok,0.356636,42,1,,[W+4]12345(<-C6(C([H])([H])[H])=C->1(C([H])([H])[H])C2(C([H])([H])[H])C->3(C([H])([H])[H])=C->46C([H])([H])[H])(<-[Se]=[Se]->5)(=O)C#Cc1c([H])c([H])c([H])c([H])c1[H]
DOKZEK,0,ok,0.070080,57,1,,[Pd+2]12(Cl)<-P(Oc3c([H])c([H])c([H])c(C([H])([H])N->1(C([H])(C([H])([H])[H])C([H])([H])[H])C([H])(C([H])([H])[H])C([H])([H])[H])c32)(C([H])(C([H])([H])[H])C([H])([H])[H])C([H])(C([H])([H])[H])C([H])([H])[H]
DOLYUB,0,ok,0.095196,71,1,,[Au+3](Cl)=C1N(c2c(C([H])([H])[H])c([H])c(C([H])([H])[H])c([H])c2C([H])([H])[H])C([H])([H])c2c(c([H])c([H])c([H])c2[H])-c2c(c([H])c([H])c([H])c2[H])C([H])([H])N1c1c(C([H])([H])[H])c([H])c(C([H])([H])[H])c([H])c1C([H])([H])[H]
DOLZIQ,0,ok,0.082300,72,1,,[Au+3](Cl)=C1N(c2c(C([H])([H])[H])c([H])c(C([H])([H])[H])c([H])c2C([H])([H])[H])C([H])([H])c2c(c([H])c([H])c([H])c2[H])Oc2c(c([H])c([H])c([H])c2[H])C([H])([H])N1c1c(C([H])([H])[H])c([H])c(C([H])([H])[H])c([H])c1C([H])([H])[H]
DOMFAN,0,ok,0.399598,62,1,,[Ir+3]12345(Cl)(<-O=C6C([H])=C([H])C(C([H])([H])[H])=C7C6=C(N1c1c([H])c([H])c([H])c([H])c1[H])C([H])([H])C7([H])C([H])([H])[H])<-C1(C([H])([H])[H])=C->2(C([H])([H])[H])C3(C([H])([H])[H])C->4(C([H])([H])[H])=C->51C([H])([H])[H]
DONYOX,0,ok,0.064534,69,1,,Br[Pd+4]1(Br)N2C(=C3C([H])=C([H])C([H])=C([H])N31)C([H])=C(c1c([H])c(OC([H])([H])C([H])([H])C([H])([H])C([H])([H])C([H])([H])C([H])([H])[H])c([H])c(OC([H])([H])C([H])([H])C([H])([H])C([H])([H])C([H])([H])C([H])([H])[H])c1[H])N2[H]
DOXPOX,0,ok,0.054805,66,1,,I[Cu+](<-[Se]=P(C([H])(C([H])([H])[H])C([H])([H])[H])(C([H])(C([H])([H])[H])C([H])([H])[H])C([H])(C([H])([H])[H])C([H])([H])[H])<-[Se]=P(C([H])(C([H])([H])[H])C([H])([H])[H])(C([H])(C([H])([H])[H])C([H])([H])[H])C([H])(C([H])([H])[H])C([H])([H])[H]
DUHYEM,0,ok,0.289771,59,1,,[Mn+3]1234(<-[C-]#[O+])(<-[C-]#[O+])(<-C5([H])=C->1([H])C2([H])C->3([H])=C->45[H])=C1[B-](C(C([H])([H])[H])(C([H])([H])[H])C([H])([H])[H])(c2n(C([H])([H])[H])c([H])c([H])[n+]2C([H])([H])[H])N1C(C([H])([H])[H])(C([H])([H])[H])C([H])([H])[H]
DUMHOI,0,ok,0.061313,45,1,,[V+3]12(=O)(OC(C([H])([H])[H])([H])[H])<-O=C(C(=C(N->1=NC(=O->2)c1c([H])c([H])c([H])c([H])c1[H])C([H])([H])[H])[H])c1c([H])c([H])c([H])c([H])c1[H]
DUQTOA,1,ok,0.130122,71,1,,[Fe+4]12345(<-P(C([H])([H])C(P->1(c1c([H])c([H])c([H])c([H])c1[H])c1c([H])c([H])c([H])c([H])c1[H])([H])[H])(c1c([H])c([H])c([H])c([H])c1[H])c1c([H])c([H])c([H])c([H])c1[H])(=C(N([H])[H])C([H])([H])[H])<-C1([H])=C->2([H])C3([H])C->4([H])=C->51[H]
DUQVES,1,ok,0.397348,71,1,,[Ru+4]12345(<-P(C([H])([H])C(P->1(c1c([H])c([H])c([H])c([H])c1[H])c1c([H])c([H])c([H])c([H])c1[H])([H])[H])(c1c([H])c([H])c([H])c([H])c1[H])c1c([H])c([H])c([H])c([H])c1[H])(=C(N([H])[H])C([H])([H])[H])<-C1([H])=C->2([H])C3([H])C->4([H])=C->51[H]
DURREO,0,ok,0.080251,42,1,,[V+3]12(<-O=C(C([H])([H])[H])C([H])=C(N->1=NC(=O->2)c1c(O[H])c([H])c2c([H])c([H])c([H])c([H])c2c1[H])C([H])([H])[H])(=O)OC([H])([H])[H]
EBAQEF,0,ok,0.070944,39,1,,[Ru+2]1(Cl)(Cl)(<-S(=O)(C([H])([H])[H])C([H])([H])[H])(<-S(=O)(C([H])([H])[H])C([H])([H])[H])<-n2c([H])c([H])n([H])c2-c2n->1c([H])c([H])n2[H]
EBEWUD,0,ok,0.098589,70,1,,[Pd+4]1(Cl)(C([H])([H])[H])N(c2c(C(C([H])([H])[H])(C([H])([H])[H])[H])c([H])c([H])c([H])c2C(C([H])([H])[H])(C([H])([H])[H])[H])C([H])=C([H])N1c1c(C(C([H])([H])[H])(C([H])([H])[H])[H])c([H])c([H])c([H])c1C(C([H])([H])[H])(C([H])([H])[H])[H]
EBUJIU,1,ok,0.085072,44,1,,[V+3]1234(=O)(<-O=O->1)<-N1(C([H])([H])[H])C([H])([H])c5n->2c(c([H])c([H])c5[H])C([H])([H])N->3(C([H])([H])[H])C([H])([H])c2n->4c(c([H])c([H])c2[H])C1([H])[H]
ECIBIC,0,ok,0.031840,33,1,,[Pd+4]1(Br)(Br)=C(N([H])C([H])(C([H])([H])[H])C([H])([H])[H])N([H])N([H])C1=[N+]([H])C(C([H])([H])[H])(C([H])([H])[H])[H]
ECIBOI,0,ok,0.040711,47,1,,[Pd+4]1(Br)(Br)=C(N([H])C2([H])C([H])([H])C([H])([H])C([H])([H])C([H])([H])C2([H])[H])N([H])[N+]([H])=C1N([H])C1([H])C([H])([H])C([H])([H])C([H])([H])C([H])([H])C1([H])[H]
ECICAV,0,ok,0.025814,24,1,,[Pd+4]1(Br)(Br)=C(N([H])C([H])([H])[H])N(C([H])([H])[H])N([H])C1=[N+]([H])C([H])([H])[H]
ECOPEU,0,ok,0.075238,59,1,,[Pd+2]12(Cl)<-P(Oc3c([H])c([H])c([H])c(-c4n->1c1c([H])c([H])c([H])c([H])c1n4C([H])([H])C([H])([H])C([H])([H])C([H])([H])[H])c32)(C([H])(C([H])([H])[H])C([H])([H])[H])C([H])(C([H])([H])[H])C([H])([H])[H]
ECOPIY,0,ok,0.085053,73,1,,[Pd+2]12(Cl)<-P(Oc3c([H])c([H])c([H])c(-c4n->1c1c([H])c([H])c([H])c([H])c1n4C([H])([H])C([H])([H])C([H])([H])C([H])([H])[H])c32)(C1([H])C([H])([H])C([H])([H])C([H])([H])C([H])([H])C1([H])[H])C1([H])C([H])([H])C([H])([H])C([H])([H])C([H])([H])C1([H])[H]
EFAWOA,0,ok,0.107154,85,1,,[Ir+5]123(<-n4c([H])c([H])c([H])c([H])c4C4=C1C([H])([H])C([H])([H])c1c4c([H])c([H])c([H])c1[H])(<-n1c([H])c([H])c([H])c([H])c1C1=C2C([H])([H])C([H])([H])c2c1c([H])c([H])c([H])c2[H])=C1C(=C2N3C([H])=C([H])C([H])=C2[H])c2c(c([H])c([H])c([H])c2[H])C([H])([H])C1([H])[H]
EFINUC,0,ok,0.098694,71,1,,[Ru+2]123(<-S(=O)(C([H])([H])[H])C([H])([H])[H])(<-O=C(N=c4n1c(c([H])c([H])c4[H])-c1n2c(=NC(=O->3)c2c([H])c([H])c([H])c([H])c2[H])c([H])c([H])c1[H])c1c([H])c([H])c([H])c([H])c1[H])<-n1c([H])c([H])c(C([H])([H])[H])c([H])c1[H]
EFIPEQ,0,ok,0.072464,69,1,,[Pd+4](Cl)(<-n1c([H])c(Cl)c([H])c([H])c1[H])(=C1N(c2c(C([H])([H])[H])c([H])c(C([H])([H])[H])c([H])c2C([H])([H])[H])C([H])([H])C([H])([H])C([H])([H])C([H])([H])N1c1c(C([H])([H])[H])c([H])c(C([H])([H])[H])c([H])c1C([H])([H])[H])Cl
EFOTOI,0,ok,0.065348,26,1,,[Cr+2](<-[C-]#[O+])(<-[C-]#[O+])(<-[C-]#[O+])(<-[C-]#[O+])(<-[C-]#[O+])=c1n(C([H])([H])[H])n(C([H])([H])[H])c([H])c1[H]
EFOVAW,0,ok,0.049037,52,1,,[Cr+2]1(<-N(C=1N(C(C([H])([H])[H])(C([H])([H])[H])[H])C(C([H])([H])[H])(C([H])([H])[H])[H])(C(C([H])([H])[H])(C([H])([H])[H])[H])C(C([H])([H])[H])(C([H])([H])[H])[H])(<-[C-]#[O+])(<-[C-]#[O+])(<-[C-]#[O+])<-[C-]#[O+]
EGEGON,0,ok,0.109566,62,1,,c1([Rh+3]234(<-C5([H])=C->2([H])C([H])([H])C([H])([H])C->3([H])=C->4([H])C([H])([H])C5([H])[H])Cl)c([S-](c2c([H])c([H])c([H])c([H])c2[H])c2c([H])c([H])c([H])c([H])c2[H])c2c([H])c([H])c([H])c([H])c2n1C([H])([H])[H]
EGEYAQ,0,ok,0.089772,59,1,,[W+2](<-[C-]#[O+])(<-[C-]#[O+])(<-[C-]#[O+])(<-[C-]#[O+])(<-[C-]#[O+])=C(N(C(C([H])([H])[H])(C([H])([H])[H])[H])C(C(=C(c1c([H])c([H])c([H])c([H])c1[H])[H])[H])=C(C(C(C([H])([H])[H])([H])[H])([H])[H])[H])OC(C([H])([H])[H])([H])[H]
EHOCAG,0,ok,0.125911,78,1,,[Re+3]12(<-[C-]#[O+])(<-[C-]#[O+])(<-[C-]#[O+])n3c4c(C([H])([H])[H])c(C([H])([H])C([H])([H])C([H])([H])C([H])([H])[H])c3C([H])=c3n1c(c(C([H])([H])C([H])([H])[H])c3C([H])([H])C([H])([H])[H])=C([H])c1n2c(c(C([H])([H])[H])c1C([H])([H])C([H])([H])C([H])([H])C([H])([H])[H])C([H])=C4[H]
EHUSOP,0,ok,0.081750,38,1,,[Cr+2](<-[C-]#[O+])(N1[N-]C(C(=O)OC([H])([H])[H])=C([H])C1(C([H])([H])C([H])([H])[H])C([H])([H])C([H])([H])[H])(<-[C-]#[O+])(<-[C-]#[O+])(<-[C-]#[O+])<-[C-]#[O+]
EHUSUV,0,ok,0.052136,32,1,,[W+2](N1[N-]C(C(=O)OC([H])([H])[H])=C([H])C1(C([H])([H])[H])C([H])([H])[H])(<-[C-]#[O+])(<-[C-]#[O+])(<-[C-]#[O+])(<-[C-]#[O+])<-[C-]#[O+]
EJERUI,0,ok,0.072020,57,1,,[Pd+4]12(Oc3c([H])c(C(F)(F)C(F)(F)C(F)(F)C(F)(F)F)c(C(F)(F)C(F)(F)C(F)(F)C(F)(F)F)c([H])c3O1)N1C(=C3N2C([H])=C([H])C(Br)=C3[H])C([H])=C(Br)C([H])=C1[H]
EJILOZ,1,ok,0.145927,82,1,,[Pt+2]12(<-[Se]=P(C(P->1(c1c([H])c([H])c([H])c([H])c1[H])c1c([H])c([H])c([H])c([H])c1[H])([H])[H])(c1c([H])c([H])c([H])c([H])c1[H])c1c([H])c([H])c([H])c([H])c1[H])<-N(C(c1c2c([H])c([H])c2c([H])c([H])c([H])c([H])c21)(C([H])([H])[H])[H])(C([H])([H])[H])C([H])([H])[H]
EKOROL,0,ok,0.133786,66,1,,[Re+5]1(=O)(<-P(OC(C(O1)([H])[H])([H])[H])(c1c([H])c([H])c([H])c([H])c1[H])c1c([H])c([H])c([H])c([H])c1[H])(<-P(OC([H])([H])C([H])([H])[H])(c1c([H])c([H])c([H])c([H])c1[H])c1c([H])c([H])c([H])c([H])c1[H])(Cl)Cl
EMACCR,0,ok,0.032235,29,1,,[Cr+2](<-[C-]#[O+])(=C(N(C([H])([H])[H])C([H])([H])[H])OC(C([H])([H])[H])([H])[H])(<-[C-]#[O+])(<-[C-]#[O+])(<-[C-]#[O+])<-[C-]#[O+]
ENUNAD,0,ok,0.098980,55,1,,[Pd+4]12(N(C(=O)c3c([H])c([H])c(C([H])([H])[H])c([H])c3[H])C(C(C([H])([H])[H])(C([H])([H])[H])[H])([H])C(=O)O1)N1C([H])=C([H])C([H])=c3c([H])c([H])c4c(c31)N2C([H])=C([H])C=4[H]
EPAVEX,0,ok,0.057719,39,1,,[Ni+2]123<-O=C(C(F)(F)F)C(=C(N1c1c(c([H])c([H])c([H])c1[H])N2C(=C(C(=O->3)C(F)(F)F)[H])C([H])([H])[H])C([H])([H])[H])[H]
EPOMUS,1,ok,0.097555,78,1,,[Pd+4](I)(=C(N([H])c1c(C([H])([H])[H])c([H])c([H])c([H])c1C([H])([H])[H])c1c(C([H])([H])C(=O)N([H])[H])c([H])c([H])c([H])c1[H])(<-[C-]#[N+]c1c(C([H])([H])[H])c([H])c([H])c([H])c1C([H])([H])[H])<-[C-]#[N+]c1c(C([H])([H])[H])c([H])c([H])c([H])c1C([H])([H])[H]
EPOWUC,0,ok,0.156044,77,1,,[Pd+2]12(Cl)<-P(N([H])C(c3c1c(C(N->2=P(c1c([H])c([H])c([H])c([H])c1[H])(c1c([H])c([H])c([H])c([H])c1[H])c1c([H])c([H])c([H])c([H])c1[H])([H])[H])c([H])c([H])c3[H])([H])[H])(c1c([H])c([H])c([H])c([H])c1[H])c1c([H])c([H])c([H])c([H])c1[H]
EPUKUW,0,ok,0.114475,79,1,,[Pd+2](Br)(Br)(<-P(O[H])(c1n(-c2c(OC([H])([H])[H])c([H])c([H])c([H])c2[H])c([H])c([H])n1)C(C([H])([H])[H])(C([H])([H])[H])C([H])([H])[H])<-P(O[H])(C(C([H])([H])[H])(C([H])([H])[H])C([H])([H])[H])c1n(-c2c([H])c([H])c([H])c([H])c2OC([H])([H])[H])c([H])c([H])n1
EQADIL,0,ok,0.111137,26,1,,[W+4]123(<-O=O->1)(<-O=O->2)(=O)N1C([H])=C([H])C([H])=C([H])C1=C1N3C([H])=C([H])C([H])=C1[H]
EQIBOX,0,ok,0.077819,36,1,,[Mo+2]123(<-n4c([H])c([H])c([H])c([H])c4S(=N->1C([H])([H])[H])(=O)C([H])([H])C([H])([H])C([H])([H])C([H])([H])[H])(=O)(<-O=O->2)<-O=O->3
EQUMEI,0,ok,0.076646,37,1,,[Mo+2]123(=O)(<-O=O->1)(<-O=O->2)<-n1c([H])c([H])c([H])c([H])c1-c1n->3n(C(c2c([H])c([H])c([H])c([H])c2[H])([H])[H])c([H])c1[H]
ESANES,0,ok,0.131809,55,1,,[Ru+4]12(Cl)(Cl)(<-S(=O)(C([H])([H])[H])C([H])([H])[H])<-n3c(N([H])c4n1c(c1c([H])c(C([H])([H])[H])c(C([H])([H])[H])c([H])c14)N=C1N2C([H])=C(Br)C([H])=C1[H])c([H])c([H])c(Br)c3[H]
ESINID,0,ok,0.082488,64,1,,C(c1c2c(c([H])c3c1c([H])c([H])c([H])c3[H])c([H])c([H])c([H])c2[H])(N(C([H])([H])[H])C(C([H])([H])[H])(C([H])([H])[H])C([H])([H])[H])=[Rh+3]123(Cl)<-C4([H])=C->1([H])C([H])([H])C([H])([H])C->2([H])=C->3([H])C([H])([H])C4([H])[H]
ESIZOW,0,ok,0.076382,53,1,,[Ru+2]1(Cl)(Cl)(<-S(=O)(C([H])([H])[H])C([H])([H])[H])(<-S(=O)(C([H])([H])[H])C([H])([H])[H])<-n2c([H])c([H])c([H])c([H])c2C(n2n->1nc(-c1c([H])c([H])c([H])c([H])c1[H])c2[H])([H])[H]
ESODEW,0,ok,0.077153,49,1,,[W+2](<-[C-]#[O+])(<-[C-]#[O+])(<-[C-]#[O+])(<-[C-]#[O+])(<-[C-]#[O+])=C(N([H])[H])[Si](c1c([H])c([H])c([H])c([H])c1[H])(c1c([H])c([H])c([H])c([H])c1[H])c1c([H])c([H])c([H])c([H])c1[H]
ETANES,0,ok,0.085113,61,1,,[Pt+4]1(C([H])([H])[H])(C(C(C(F)(F)F)(F)F)(F)F)N(c2c(C([H])([H])[H])c([H])c([H])c([H])c2C([H])([H])[H])C(C([H])([H])[H])=C(C([H])([H])[H])N1c1c(C([H])([H])[H])c([H])c([H])c([H])c1C([H])([H])[H]
EVACUZ,0,ok,0.085087,49,1,,[Ni+2]1(<-P(OC(c2n->1c(C([H])([H])[H])c([H])c([H])c2[H])(C([H])([H])[H])C([H])([H])[H])(c1c([H])c([H])c([H])c([H])c1[H])c1c([H])c([H])c([H])c([H])c1[H])(Cl)Cl
EVAKER,-1,ok,0.082188,32,1,,[V+3]123(=O)(<-O=O->1)(OC(=O)c1n->2c([H])c([H])c([H])c1O[H])OC(=O)c1n->3c([H])c([H])c([H])c1O[H]
EYORIV,0,ok,0.045384,39,1,,[Cr+2](<-[C-]#[O+])(<-[C-]#[O+])(<-[C-]#[O+])(<-[C-]#[O+])(<-[C-]#[O+])=C(N([H])C1([H])C([H])([H])C([H])([H])C([H])([H])C([H])([H])C1([H])[H])c1oc([H])c([H])c1[H]
EYORUH,0,ok,0.032247,23,1,,[W+2](<-[C-]#[O+])(<-[C-]#[O+])(<-[C-]#[O+])(<-[C-]#[O+])(<-[C-]#[O+])=C(N([H])[H])c1sc([H])c([H])c1[H]
EYOSAO,0,ok,0.034222,23,1,,[W+2](<-[C-]#[O+])(<-[C-]#[O+])(<-[C-]#[O+])(=C(N([H])[H])c1oc([H])c([H])c1[H])(<-[C-]#[O+])<-[C-]#[O+]
EZAFOB,1,ok,0.053053,44,1,,[Ru+2]1(Cl)(<-S(=O)(C([H])([H])[H])C([H])([H])[H])(<-S(=O)(C([H])([H])[H])C([H])([H])[H])(<-S(=O)(C([H])([H])[H])C([H])([H])[H])<-N([H])([H])C([H])([H])C(N->1([H])[H])([H])[H]
EZAFUH,1,ok,0.078478,54,1,,[Ru+2]1(Cl)(<-S(=O)(C([H])([H])[H])C([H])([H])[H])(<-S(=O)(C([H])([H])[H])C([H])([H])[H])(<-S(=O)(C([H])([H])[H])C([H])([H])[H])<-N([H])([H])C2([H])C(N->1([H])[H])([H])C([H])([H])C([H])([H])C([H])([H])C2([H])[H]
EZAGAO,1,ok,0.058597,40,1,,[Ru+2](Cl)(<-S(=O)(C([H])([H])[H])C([H])([H])[H])(<-S(=O)(C([H])([H])[H])C([H])([H])[H])(<-S(=O)(C([H])([H])[H])C([H])([H])[H])(<-N([H])([H])[H])<-N([H])([H])[H]
EZAGES,0,ok,0.063045,45,1,,[Ru+2]1(Cl)(<-n2c([H])c([H])c([H])c([H])c2C(O1)=O)(<-S(=O)(C([H])([H])[H])C([H])([H])[H])(<-S(=O)(C([H])([H])[H])C([H])([H])[H])<-S(=O)(C([H])([H])[H])C([H])([H])[H]
FACBIV,0,ok,0.089747,55,1,,[Fe+2]1234(<-[C-]#[O+])(<-[C-]#[O+])=C(OC(C([H])([H])[H])([H])[H])N(C(c5c([H])c([H])c([H])c([H])c5OC([H])([H])[H])(C->1(=C->2(c->31oc([H])c([H])c->41[H])[H])[H])[H])c1c([H])c([H])c([H])c([H])c1[H]
FAJDAW,0,ok,0.134117,81,1,,[Rh+]1234(<-C5N(c6c(C([H])([H])[H])c([H])c(C([H])([H])[H])c([H])c6C([H])([H])[H])C([H])=C([H])N5c5c(C([H])([H])[H])c([H])c(C([H])([H])[H])c([H])c5C([H])([H])[H])(C([H])([H])[H])(<-[C+]5(C([H])([H])[H])C->1(C([H])([H])[H])=C->2(C([H])([H])[H])C->3(C([H])([H])[H])=C->45C([H])([H])[H])C([H])([H])[H]
FAJFEC,1,ok,0.045088,51,1,,[Co+]123(<-O=O->1)(<-N(C(C(N->2([H])[H])(C([H])([H])[H])C([H])([H])[H])(C([H])([H])[H])C([H])([H])[H])([H])[H])<-N(C(C(N->3([H])[H])(C([H])([H])[H])C([H])([H])[H])(C([H])([H])[H])C([H])([H])[H])([H])[H]
FAKMOT,1,ok,0.096883,50,1,,[Ru+4]123(OC(=O)C(N->1([H])[H])([H])[H])(<-n1c(-c4n->2c([H])c([H])c([H])c4[H])c([H])c([H])c([H])c1[H])N1C(=C2N3C([H])=C([H])C([H])=C2[H])C([H])=C([H])C([H])=C1[H]
FAPZAX,0,ok,0.695080,68,1,,[Ti+4]12345678(c9c([H])c([H])c([H])c([H])c9[H])(C(=P(c9c([H])c([H])c([H])c([H])c9[H])(c9c([H])c([H])c([H])c([H])c9[H])c9c([H])c([H])c([H])c([H])c9[H])[H])(<-C9([H])=C->1([H])C2([H])C->3([H])=C->49[H])<-C1([H])=C->5([H])C->6([H])=C->7([H])C81[H]
FAWFIT,0,ok,0.053401,31,1,,[Re+3]1(Cl)(<-[C-]#[O+])(<-[C-]#[O+])(<-[C-]#[O+])N2C([H])=C([H])C([H])=C3C2=C2N1C([H])=C([H])C([H])=C2C1([H])OC31[H]
FEGSUI,0,ok,0.071885,61,1,,[Mn+]12(<-P(N(c3n1c(=NP->2(C([H])(C([H])([H])[H])C([H])([H])[H])C([H])(C([H])([H])[H])C([H])([H])[H])c([H])c([H])c3[H])[H])(C([H])(C([H])([H])[H])C([H])([H])[H])C([H])(C([H])([H])[H])C([H])([H])[H])(<-[C-]#[O+])(<-[C-]#[O+])<-[C-]#[O+]
FEPHUD,1,ok,0.082556,77,1,,[Ir+]123(<-S(C(C(P->1(c1c([H])c([H])c([H])c([H])c1[H])c1c([H])c([H])c([H])c([H])c1[H])([H])[H])([H])[H])C(C([H])([H])[H])([H])[H])(<-S(C(C(P->2(c1c([H])c([H])c([H])c([H])c1[H])c1c([H])c([H])c([H])c([H])c1[H])([H])[H])([H])[H])C(C([H])([H])[H])([H])[H])<-O=O->3
FETHET,0,ok,0.130380,84,1,,[Ir+5]1234(<-n5n([B-](n6n->1c(C([H])([H])[H])c([H])c6C([H])([H])[H])(n1n->2c(C([H])([H])[H])c([H])c1C([H])([H])[H])[H])c(C([H])([H])[H])c([H])c5C([H])([H])[H])=C1N(C(c2c([H])c([H])c([H])c([H])c2[H])=C([H])C([H])=C1[H])C(C([H])([H])[H])(C3=C([H])[H])c1c4c([H])c([H])c([H])c1[H]
FEVYEL,0,ok,0.062441,47,1,,[Pt]12(<-S=C(C(=S->1)C#N)C#N)<-n1c([H])c([H])c([H])c(C(=O)OC(C([H])([H])[H])([H])[H])c1-c1c(C(=O)OC(C([H])([H])[H])([H])[H])c([H])c([H])c([H])n->21
FEXRUV,0,ok,0.052962,39,1,,[Pt+4]1(Cl)(C([H])([H])[H])N2C(C([H])([H])[H])=C([H])C([H])=C([H])C2=C([H])N1C(C([H])([H])[H])(c1c([H])c([H])c([H])c([H])c1[H])[H]
FEZJEB,0,ok,0.085443,75,1,,c1([H])c([H])c([H])c([H])c2C(C([H])([H])C([H])([H])C([H])([H])[H])=N3->[Fe+4]45(<-n12)(OC(c1c(O[H])c([H])c([H])c([H])c1[H])=N3)N1C([H])=C([H])C([H])=C([H])C1=C(C([H])([H])C([H])([H])C([H])([H])[H])N4N=C(c1c(O[H])c([H])c([H])c([H])c1[H])O5
FIHNEP,0,ok,0.091836,47,1,,[Cr+2]1(<-[C-]#[O+])(<-[C-]#[O+])(<-[C-]#[O+])(<-[C-]#[O+])<-P(C(=C(C=1N([H])[H])OC(C([H])([H])[H])([H])[H])[H])(c1c([H])c([H])c([H])c([H])c1[H])c1c([H])c([H])c([H])c([H])c1[H]
FIJFOW,0,ok,0.073054,76,1,,[Cu+3](=C1N(c2c(C([H])([H])[H])c([H])c(C([H])([H])[H])c([H])c2C([H])([H])[H])C([H])([H])C([H])([H])C([H])([H])C([H])([H])N1c1c(C([H])([H])[H])c([H])c(C([H])([H])[H])c([H])c1C([H])([H])[H])c1c(C([H])([H])[H])c([H])c(C([H])([H])[H])c([H])c1C([H])([H])[H]
FIMYAE,0,ok,0.072834,35,1,,[Zn+2]1(Cl)(Cl)<-N(=NC(=C2N1C([H])=C([H])C([H])=C2[H])[H])C(=O)C([N+](C([H])([H])[H])(C([H])([H])[H])C([H])([H])[H])([H])[H]
FINTEC,0,ok,0.075140,45,1,,c1(P2(c3c([H])c([H])c([H])c([H])c3[H])C(C(N(C([H])([H])[H])C([H])([H])[H])=[Cr+2]<-2(<-[C-]#[O+])(<-[C-]#[O+])(<-[C-]#[O+])<-[C-]#[O+])([H])[H])c([H])c([H])c([H])c([H])c1[H]
FINTIG,0,ok,0.107340,45,1,,[W+2]1(<-P(c2c([H])c([H])c([H])c([H])c2[H])(C(C=1N(C([H])([H])[H])C([H])([H])[H])([H])[H])c1c([H])c([H])c([H])c([H])c1[H])(<-[C-]#[O+])(<-[C-]#[O+])(<-[C-]#[O+])<-[C-]#[O+]
FINVAA,0,ok,0.028931,33,1,,[W+2](=C(N(C([H])([H])[H])C([H])([H])[H])C(SC([H])([H])[H])(SC([H])([H])[H])[H])(<-[C-]#[O+])(<-[C-]#[O+])(<-[C-]#[O+])(<-[C-]#[O+])<-[C-]#[O+]
FINVII,0,ok,0.030044,31,1,,[Cr+2]1(<-S(C(SC([H])([H])[H])([H])C=1N(C([H])([H])[H])C([H])([H])[H])C([H])([H])[H])(<-[C-]#[O+])(<-[C-]#[O+])(<-[C-]#[O+])<-[C-]#[O+]
FINVOO,0,ok,0.030046,27,1,,[Cr+2]1(<-S(C(C=1N(C([H])([H])[H])C([H])([H])[H])([H])[H])C([H])([H])[H])(<-[C-]#[O+])(<-[C-]#[O+])(<-[C-]#[O+])<-[C-]#[O+]
FINVUU,0,ok,0.024989,27,1,,[W+2]1(<-S(C(C=1N(C([H])([H])[H])C([H])([H])[H])([H])[H])C([H])([H])[H])(<-[C-]#[O+])(<-[C-]#[O+])(<-[C-]#[O+])<-[C-]#[O+]
FIQPOK,0,ok,0.403308,53,1,,[Pd]12(<-S=C(N([H])[H])N=N->1C1=C3C([H])=C([H])C([H])=[N+]=C3c3nc([H])c([H])c([H])c31)SC(N([H])[H])=NN2C1=C2C([H])=C([H])C([H])=[N+]=C2c2nc([H])c([H])c([H])c21
FIRFAO,0,ok,0.051661,44,1,,[Cr+2](<-[C-]#[O+])(<-[C-]#[O+])(<-[C-]#[O+])(<-[C-]#[O+])(<-[C-]#[O+])=C(N(C([H])([H])[H])C([H])([H])[H])C([H])=C(N(C([H])([H])[H])C([H])([H])[H])c1c([H])c([H])c([H])c([H])c1[H]
FIRFES,0,ok,0.067194,51,1,,[Cr+2](<-[C-]#[O+])(<-[C-]#[O+])(<-[C-]#[O+])(<-[C-]#[O+])(<-[C-]#[O+])=C(N(C([H])([H])[H])C([H])([H])[H])C([H])=C(N(C([H])([H])[H])c1c([H])c([H])c([H])c([H])c1[H])c1c([H])c([H])c([H])c([H])c1[H]
FIWNOQ,0,ok,0.059463,36,1,,[Pt+2](<-n1c([H])c([H])c([H])c([H])c1C(N1C([H])([H])C([H])([H])OC1=O)([H])[H])(Cl)(Cl)<-S(=O)(C([H])([H])[H])C([H])([H])[H]
FMBCNI,0,ok,0.046474,29,1,,[B-]12(F)[Ni+4]3456(<-[C-]#[O+])(<-C1(C([H])([H])[H])=C->3(C([H])([H])[H])[B-2]->4(F)C->5(C([H])([H])[H])=C->62C([H])([H])[H])<-[C-]#[O+]
FOBREV,0,ok,0.050030,43,1,,[Fe+2]12(OC(=C(c3sc(C([H])([H])[H])c(C([H])([H])[H])n->13)[H])C(F)(F)F)<-O=C(C([H])=C1SC(C([H])([H])[H])=C(C([H])([H])[H])N21)C(F)(F)F
FOCSIA,0,ok,0.105404,77,1,,[Pt+2]12(<-P(N([H])C([H])([H])C1([H])C([H])([H])OC([H])([H])[H])(c1c([H])c([H])c([H])c([H])c1[H])c1c([H])c([H])c([H])c([H])c1[H])<-P(N([H])C([H])([H])C2([H])C([H])([H])OC([H])([H])[H])(c1c([H])c([H])c([H])c([H])c1[H])c1c([H])c([H])c([H])c([H])c1[H]
FOGMIX,0,ok,0.042478,38,1,,[W+2](<-[C-]#[O+])(<-[C-]#[O+])(<-[C-]#[O+])(<-[C-]#[O+])(<-[C-]#[O+])=C1N(C(=C([H])[H])[H])C(=NC(=C([H])[H])[H])C1(OC(C([H])([H])[H])([H])[H])C([H])([H])[H]
FORNAC,0,ok,0.110234,75,1,,[Pd+4](Br)(Br)(<-C1N(C([H])(C([H])([H])[H])C([H])([H])[H])c2c([H])c([H])c([H])c([H])c2N1C([H])(C([H])([H])[H])C([H])([H])[H])=C(N([H])c1c(C([H])([H])[H])c([H])c([H])c([H])c1C([H])([H])[H])N([H])c1c(C([H])([H])[H])c([H])c([H])c([H])c1C([H])([H])[H]
FOYPIU,0,ok,0.082313,71,1,,[Au+3](Cl)=C(N(C([H])(C([H])([H])[H])c1c([H])c([H])c([H])c([H])c1[H])C([H])(C([H])([H])[H])c1c([H])c([H])c([H])c([H])c1[H])N([H])c1c([H])c2c([H])c([H])c1C([H])([H])C([H])([H])c1c([H])c([H])c(c([H])c1[H])C([H])([H])C2([H])[H]
FUPSAM,0,ok,0.079541,53,1,,[Fe+4]1234(OC(=NN->1=C(c1n->2c([H])c([H])c([H])c1[H])[H])c1c([H])c([H])nc([H])c1[H])N(N=C(c1c([H])c([H])nc([H])c1[H])O3)C([H])=C1N4C([H])=C([H])C([H])=C1[H]
GABBOB,0,ok,0.034906,36,1,,C1(c2c([H])c([H])c([H])c([H])c2[H])N=O->[Pt](<-O=1)(<-S(C([H])([H])[H])(C([H])([H])[H])=O)<-S(C([H])([H])[H])(C([H])([H])[H])=O
GABBUH,0,ok,0.040553,37,1,,C1(c2c([H])c([H])c([H])c([H])c2O[H])=O->[Pt](<-S(C([H])([H])[H])(C([H])([H])[H])=O)(<-S(C([H])([H])[H])(C([H])([H])[H])=O)<-O=N1
GABPUU,1,ok,0.133453,71,1,,[Fe+4]1234(<-P(c5c([H])c([H])c([H])c([H])c5[H])(c5c([H])c([H])c([H])c([H])c5[H])c5c([H])c([H])c([H])c([H])c5[H])(=C(N(C(c5c([H])c([H])c([H])c([H])c5[H])(C([H])([H])[H])[H])[H])C([H])([H])[H])(<-[C-]#[O+])<-C5([H])=C->1([H])C2([H])C->3([H])=C->45[H]
GABYUD,0,ok,0.060185,43,1,,[Cr+2](<-[C-]#[O+])(<-[C-]#[O+])(<-[C-]#[O+])(<-[C-]#[O+])(<-[C-]#[O+])=C(N=C(OC([H])([H])[H])c1c([H])c([H])c([H])c([H])c1[H])C(C([H])([H])[H])(C([H])([H])[H])C([H])([H])[H]
GAFRIO,1,ok,0.070944,39,1,,[Pd+4]1(C([H])([H])[H])(<-n2c([H])c([H])c(C([H])([H])[H])c([H])c2[H])N2C(=C3N1C([H])=C([H])C([H])=C3[H])C([H])=C([H])C([H])=C2[H]
GAJQEN,0,ok,0.070902,72,1,,[Zn+2](<-[c-]1[n+](C([H])([H])[H])c(C([H])([H])[H])c(C([H])([H])[H])n1C([H])([H])[H])(C1(C([H])([H])[H])C(C([H])([H])[H])=C(C([H])([H])[H])C(C([H])([H])[H])=C1C([H])([H])[H])C1(C([H])([H])[H])C(C([H])([H])[H])=C(C([H])([H])[H])C(C([H])([H])[H])=C1C([H])([H])[H]
GALLIR,0,ok,0.058875,56,1,,[Pd+4](Cl)(Cl)(=C(N([H])c1c([H])c([H])c([H])c([H])c1O[H])N([H])c1c(C([H])([H])[H])c([H])c([H])c([H])c1C([H])([H])[H])<-[C-]#[N+]c1c(C([H])([H])[H])c([H])c([H])c([H])c1C([H])([H])[H]
GAMHIO,0,ok,0.094237,85,1,,[Ag+3](Br)=C1N(c2c(C([H])(C([H])([H])[H])C([H])([H])[H])c([H])c([H])c([H])c2C([H])(C([H])([H])[H])C([H])([H])[H])C([H])([H])c2c([H])c([H])c([H])c3c([H])c([H])c([H])c(c32)C([H])([H])N1c1c(C([H])(C([H])([H])[H])C([H])([H])[H])c([H])c([H])c([H])c1C([H])(C([H])([H])[H])C([H])([H])[H]
GAMHOU,0,ok,0.098955,85,1,,Br[Cu+3]=C1N(c2c(C([H])(C([H])([H])[H])C([H])([H])[H])c([H])c([H])c([H])c2C([H])(C([H])([H])[H])C([H])([H])[H])C([H])([H])c2c([H])c([H])c([H])c3c([H])c([H])c([H])c(c32)C([H])([H])N1c1c(C([H])(C([H])([H])[H])C([H])([H])[H])c([H])c([H])c([H])c1C([H])(C([H])([H])[H])C([H])([H])[H]
GAMLEM,-1,ok,0.064635,23,1,,[W+2]123(<-n4c5c(O1)c([H])c([H])c([H])c5c([H])c([H])c4[H])(<-O=O->2)(<-O=O->3)=O
GAQTEA,0,ok,0.085870,49,1,,[Ru+2]1(Cl)(Cl)(<-S(=O)(C([H])([H])[H])C([H])([H])[H])(<-S(=O)(C([H])([H])[H])C([H])([H])[H])<-n2c([H])c(C(=O)O[H])c([H])c([H])c2-c2n->1c([H])c(C(O[H])=O)c([H])c2[H]
GATSIG,0,ok,0.118829,70,1,,[Pd+2]1(Cl)(Cl)<-P(N(C(=N->1c1c(C([H])([H])[H])c([H])c(C([H])([H])[H])c([H])c1C([H])([H])[H])[H])c1c(C([H])([H])[H])c([H])c(C([H])([H])[H])c([H])c1C([H])([H])[H])(c1c([H])c([H])c([H])c([H])c1[H])c1c([H])c([H])c([H])c([H])c1[H]
GECPUC,0,ok,0.071962,44,1,,[V+3]12(<-N(=NC(=O->1)c1c(N([H])[H])c([H])c([H])c([H])c1[H])C(=C(C(=O->2)c1c([H])c([H])c([H])c([H])c1[H])[H])C([H])([H])[H])(=O)OC([H])([H])[H]
GEFBUR,-1,ok,0.037717,19,1,,[Mo+2]123(<-O=O->1)(<-O=O->2)(OC(=O)c1n->3c([H])c([H])c([H])c1[H])=O
GEFXAT,0,ok,0.044698,36,1,,c1([H])c2C(N3[Pd+2](Cl)(<-S(=O)(C(C(C3([H])C(=O)OC([H])([H])[H])([H])[H])([H])[H])C([H])([H])[H])<-n2c([H])c([H])c1Cl)=O
GEPGIT,0,ok,0.074492,58,1,,[Re+5]123(#N)<-N(=C(c4c([H])c([H])c([H])c([H])c4[H])N=C(N(C([H])([H])C([H])([H])[H])C([H])([H])C([H])([H])[H])S1)c1c(c([H])c([H])c([H])c1[H])C(C([H])([H])[H])=N->2N=C(N([H])C([H])([H])[H])S3
GEPGOZ,0,ok,0.069226,58,1,,[Tc+5]123(#N)<-N(=C(c4c([H])c([H])c([H])c([H])c4[H])N=C(N(C([H])([H])C([H])([H])[H])C([H])([H])C([H])([H])[H])S1)c1c([H])c([H])c([H])c([H])c1C(C([H])([H])[H])=N->2N=C(N([H])C([H])([H])[H])S3
GEPZEG,-1,ilp_failed,0.033509,0,0,"ILP failed: Infeasible (check mol_charge, η-carbon lp=0 vs ring anion/aromatic 6π, connectivity, remote-C lp preference, and LP/octet balance on donors)",
GESFOB,0,ok,0.067793,50,1,,[Pd+2]1(Cl)(Cl)<-P(OC(C(C(n2n->1c(C([H])([H])[H])c([H])c2C([H])([H])[H])([H])[H])([H])[H])([H])[H])(c1c([H])c([H])c([H])c([H])c1[H])c1c([H])c([H])c([H])c([H])c1[H]
GETJUK,0,ok,0.041041,27,1,,[Pt]12(<-S=C(C(=S->1)C#N)C#N)<-n1c(-c3nc([H])c([H])c([H])n->23)nc([H])c([H])c1[H]
GEXLIH,0,ok,0.076758,61,1,,[Pd+2](<-P1(c2c(C(F)(F)F)c([H])c([H])c([H])c2C(F)(F)F)OC([H])([H])C([H])([H])O1)(<-P1(c2c(C(F)(F)F)c([H])c([H])c([H])c2C(F)(F)F)OC([H])([H])C([H])([H])O1)(C([H])([H])[H])C([H])([H])[H]
GEYWEO,0,ok,0.076873,57,1,,[Pt+4]1(Cl)(Cl)N2C([H])=C([H])C([H])=C(N=C3N(C([H])([H])[H])C([H])([H])C([H])([H])N3C([H])([H])[H])C2=C2N1C([H])=C([H])C([H])=C2N=C1N(C([H])([H])[H])C([H])([H])C([H])([H])N1C([H])([H])[H]
GEYWUE,0,ok,0.115952,61,1,,[Pt+4]1(Cl)(Cl)N2C([H])=C([H])C([H])=C(N=C(N(C([H])([H])[H])C([H])([H])[H])N(C([H])([H])[H])C([H])([H])[H])C2=C2N1C([H])=C([H])C([H])=C2N=C(N(C([H])([H])[H])C([H])([H])[H])N(C([H])([H])[H])C([H])([H])[H]
GIFDEG,0,ok,0.097972,83,1,,[Ni]12(<-P(c3n(N(c4c([H])c([H])c([H])c([H])c4[H])c4c([H])c([H])c([H])c([H])c4[H])c([H])c([H])c3[H])(c3c([H])c([H])c([H])c([H])c3[H])c3c([H])c([H])c([H])c([H])c3[H])<-O=C(N=N->1C(=C([H])C(=O->2)C(F)(F)F)C(F)(F)F)c1c([H])c([H])c([H])c([H])c1[H]
GIGGOV,0,ok,0.155007,54,1,,[Ru+2]12(N3C([H])=C([H])C([H])=C([H])C3=C([H])C(=O->1)c1c([H])c([H])c([H])c([H])c1[H])(<-n1c([H])c([H])c([H])c([H])c1C([H])=C2c1c([H])c([H])c([H])c([H])c1[H])(<-[C-]#[O+])<-[C-]#[O+]
GIKGUC,0,ok,0.190822,63,1,,[Zr+4]123456(<-P(C([H])([H])[H])(C([H])([H])[H])C(C(P->1(C([H])([H])[H])C([H])([H])[H])([H])[H])([H])[H])(<-P(C([H])([H])[H])(C([H])([H])[H])C(C(P->2(C([H])([H])[H])C([H])([H])[H])([H])[H])([H])[H])(C([H])([H])[H])<-C1([H])=C->3([H])C4([H])C5([H])C61[H]
GILGUD,0,ok,0.226725,30,1,,[W+4]12345(=O)(<-O=O->1)(<-C1([H])=C->2([H])C3([H])C->4([H])=C->51[H])C([Si](C([H])([H])[H])(C([H])([H])[H])C([H])([H])[H])([H])[H]
GILLIZ,1,ok,0.190139,75,1,,[Ru+4]123(Oc4c([H])c([H])c([H])c5nc6c7c([H])c([H])c([H])c([H])c7c7c([H])c([H])c([H])c([H])c7c6n->1c45)(<-n1c([H])c([H])c([H])c([H])c1-c1n->2c([H])c([H])c([H])c1[H])N1C([H])=C([H])C([H])=C([H])C1=C1N3C([H])=C([H])C([H])=C1[H]
GILQOI,0,ok,0.086413,67,1,,[Ru]123456(<-P(c7c([H])c([H])c([H])c([H])c7[H])(c7c([H])c([H])c([H])c([H])c7[H])c7c([H])c([H])c([H])c([H])c7[H])(<-S=C(C(=S->1)C#N)C#N)<-c1(C([H])([H])[H])c->2([H])c->3([H])c->4(C([H])(C([H])([H])[H])C([H])([H])[H])c->5([H])c->61[H]
GIRDET,0,ok,0.074236,43,1,,[Pt+2](Cl)(<-S(=O)(C([H])([H])[H])C([H])([H])[H])(Cl)<-n1c(-c2c([H])c3c(oc2=O)c([H])c(Br)c([H])c3[H])n([H])c2c1c([H])c([H])c([H])c2[H]
GIRDIX,0,ok,0.058427,43,1,,[Pt+2](Cl)(Cl)(<-S(=O)(C([H])([H])[H])C([H])([H])[H])<-n1c(-c2c(=O)oc3c(F)c([H])c(F)c([H])c3c2[H])n([H])c2c([H])c([H])c([H])c([H])c12
GIRDOD,0,ok,0.056245,43,1,,[Pt+2](<-S(=O)(C([H])([H])[H])C([H])([H])[H])(Cl)(<-n1c2c(n([H])c1-c1c([H])c3c([H])c(Cl)c([H])c(Cl)c3oc1=O)c([H])c([H])c([H])c2[H])Cl
GIRDUJ,0,ok,0.045534,43,1,,[Pt+2](<-S(=O)(C([H])([H])[H])C([H])([H])[H])(Cl)(Cl)<-n1c2c(n([H])c1-c1c([H])c3c(oc1=O)c(Br)c([H])c(Br)c3[H])c([H])c([H])c([H])c2[H]
GIRFES,0,ok,0.210323,40,1,,[Zr+4]12345(Cl)(<-P(C([H])([H])[H])(C([H])([H])[H])C(C(P->1(C([H])([H])[H])C([H])([H])[H])([H])[H])([H])[H])(<-[C-]#[O+])(<-[C-]#[O+])<-C1([H])=C->2([H])C3([H])C4([H])C51[H]
GISRAD,0,ok,0.056535,48,1,,[Pt+2](Cl)(Cl)(<-S(=O)(C([H])([H])[H])C([H])([H])[H])<-n1c(C([H])([H])[H])c(C(c2c([H])c([H])c([H])c([H])c2[H])=O)c(O[H])n1-c1c([H])c([H])c([H])c([H])c1[H]
GISRIL,0,ok,0.077739,38,1,,[Pt+2]1(Cl)(<-S(=O)(C([H])([H])[H])C([H])([H])[H])<-n2c(-n3n1c(C([H])([H])[H])c(C(=O)C(F)(F)F)c3=O)c([H])c([H])c([H])c2[H]
GIWNEH,0,ok,0.029832,23,1,,[Cr+2](<-[C-]#[O+])(<-[C-]#[O+])(<-[C-]#[O+])(<-[C-]#[O+])(<-[C-]#[O+])=C(N([H])[H])c1oc([H])c([H])c1[H]
GIWPAF,0,ok,0.035545,27,1,,[Cr+2](<-[C-]#[O+])(<-[C-]#[O+])(<-[C-]#[O+])(<-[C-]#[O+])(<-[C-]#[O+])=C(c1n(C([H])([H])[H])c([H])c([H])c1[H])N([H])[H]
GIXCIA,0,ok,0.076605,69,1,,[Os+2]1(<-S(=O)(C([H])([H])[H])C([H])([H])[H])(<-S(=O)(C([H])([H])[H])C([H])([H])[H])(<-n2c([H])c([H])c(C(C([H])([H])[H])(C([H])([H])[H])C([H])([H])[H])c([H])c2-c2n->1c([H])c([H])c(C(C([H])([H])[H])(C([H])([H])[H])C([H])([H])[H])c2[H])(C#N)C#N
GOCFOU,0,ok,0.046820,54,1,,[W+4](<-[C-]#[O+])(<-[C-]#[O+])(<-[C-]#[O+])(<-[C-]#[O+])(=C(c1c([H])c([H])c([H])c([H])c1[H])N1C([H])([H])C([H])([H])C([H])([H])C1([H])[H])=C(N1C([H])([H])C([H])([H])OC([H])([H])C1([H])[H])OC([H])([H])[H]
GODZAC,0,ok,0.383670,85,1,,[Pt+4]123n4c5c([H])c([H])c4=C(c4c([H])c([H])c([H])c([H])c4[H])c4n1c(c([H])c4[H])C(c1c([H])c([H])c([H])c([H])c1[H])=c1n2c(c([H])c1[H])=C(c1c([H])c([H])c([H])c([H])c1[H])c1c2c([H])c([H])c([H])c([H])c([H])c-2c(c13)C=5c1c([H])c([H])c([H])c([H])c1[H]
GOGGEO,-1,ok,0.067267,50,1,,[Co+](<-P(c1c([H])c([H])c(C([H])([H])[H])c([H])c1[H])(c1c([H])c([H])c(C([H])([H])[H])c([H])c1[H])C1=C([H])[C-]([H])C(C([H])([H])[H])=C([H])[C-]1[H])(<-[C-]#[O+])(<-[C-]#[O+])<-[C-]#[O+]
GOMVEJ,1,ok,0.052207,37,1,,[Pt+2]1(<-n2c(N(c3n->1c([H])c([H])c([H])c3[H])[H])c([H])c([H])c([H])c2[H])(<-S(=O)(C([H])([H])[H])C([H])([H])[H])C([H])([H])[H]
GOMYOZ,0,ok,0.073389,51,1,,[Ru+2]12(<-S(c3c(N->1=C(c1c(O2)c([H])c([H])c(Cl)c1[H])[H])c([H])c([H])c([H])c3[H])C([H])([H])[H])(<-S(=O)(C([H])([H])[H])C([H])([H])[H])(<-S(=O)(C([H])([H])[H])C([H])([H])[H])Cl
GONHEW,0,ok,0.160383,79,1,,[Ni+4]123n4c5c([H])c([H])c4=C(C#Cc4c([H])c([H])c(N(C([H])([H])[H])C([H])([H])[H])c([H])c4[H])c4n1c(c([H])c4[H])C(c1c([H])c([H])c([H])c([H])c1[H])=c1n2c(c([H])c1[H])=C(C(=O)[H])c1n3c(c([H])c1[H])C=5c1c([H])c([H])c([H])c([H])c1[H]
GOPQIL,0,ok,0.038516,35,1,,[Pd+4]1(Cl)(C(=O)C([H])([H])[H])N2C([H])=C([H])C([H])=C3C2=C(N1C(C([H])([H])[H])(C([H])([H])[H])[H])C([H])([H])C3([H])[H]
GORYIV,0,ok,0.140127,70,1,,[Br+]=C1C2=O->[Mn+3]34(Oc5c(Br)c([H])c(C(C([H])([H])[H])(C([H])([H])[H])C([H])([H])[H])c([H])c5C(=N->3C3([H])C(N->4=C(C2=C([H])C(C(C([H])([H])[H])(C([H])([H])[H])C([H])([H])[H])=C1[H])[H])([H])C([H])([H])C([H])([H])C([H])([H])C3([H])[H])[H])#N
GOTTOY,0,ok,0.126353,60,1,,[Mn+7]12(Oc3c([H])c([H])c([H])c([H])c3C3=N->1C([H])(C([H])(C([H])([H])[H])C([H])([H])[H])C([H])([H])O3)(#N)Oc1c([H])c([H])c([H])c([H])c1[C-]1OC([H])([H])C([H])(C([H])(C([H])([H])[H])C([H])([H])[H])N21
GUCBIR,0,ok,0.082416,62,1,,[Fe+4]12(OS(=O)(=O)C(F)(F)F)(OS(=O)(=O)C(F)(F)F)<-n3c(C([H])([H])[H])c([H])c([H])c([H])c3N(C([H])([H])[H])c3n1c(c1c3c([H])c([H])c([H])c1[H])N=C1N2C(C([H])([H])[H])=C([H])C([H])=C1[H]
GUFCAL,0,ok,0.078876,73,1,,[Pd+2]12(ON=C(c3n->1c([H])c([H])c([H])c3[H])c1c([H])c([H])c(C(C(C(C([H])([H])[H])([H])[H])([H])[H])([H])[H])c([H])c1[H])<-O=NC(=C1N2C([H])=C([H])C([H])=C1[H])c1c([H])c([H])c(C(C(C(C([H])([H])[H])([H])[H])([H])[H])([H])[H])c([H])c1[H]
GUGZEN,0,ok,0.028053,26,1,,[Pt+2](Cl)(Cl)(<-S(=O)(C([H])([H])[H])C([H])([H])[H])<-N1([H])OC([H])([H])C([H])=C([H])C1([H])[H]
GUGZIR,0,ok,0.030375,26,1,,[Pt+2](Cl)(Cl)(<-S(=O)(C([H])([H])[H])C([H])([H])[H])<-N1([H])OC([H])([H])C([H])=C([H])C1([H])[H]
GUJCOD,0,ok,0.058073,42,1,,[Ru]12(<-S=C(C#N)C(=S->1)C#N)(<-n1c([H])c([H])c([H])c([H])c1-c1n->2c(-c2nc([H])c([H])c([H])c2[H])c([H])c([H])c1[H])(<-[C-]#[O+])<-[C-]#[O+]
GULGUR,1,ok,0.096095,70,1,,[Au+3]1(c2c(F)c(F)c(F)c(F)c2F)(c2c(F)c(F)c(F)c(F)c2F)<-n2c([H])c([H])c([H])c([H])c2C([H])([H])[N+](C([H])([H])c2nc([H])c([H])c([H])c2[H])=C1N([H])c1c([H])c([H])c2c([H])c([H])c([H])c([H])c2c1[H]
GULHAY,1,ok,0.084696,70,1,,[Au+3]1(<-n2c([H])c([H])c([H])c([H])c2C([N+](C([H])([H])c2c([H])c([H])c([H])c([H])n2)=C1N([H])C1([H])C([H])([H])C([H])([H])C([H])([H])C([H])([H])C1([H])[H])([H])[H])(c1c(F)c(F)c(F)c(F)c1F)c1c(F)c(F)c(F)c(F)c1F
GULQIO,0,ok,0.048245,32,1,,[V+3]123(=O)(<-O=O->1)(<-n1c(C(O2)=O)c([H])c([H])c([H])c1[H])<-n1c(C(=O->3)N([H])[H])c([H])c([H])c([H])c1[H]
GULZUJ,0,ok,0.144705,51,1,,c12c3c([H])c([H])c([H])c([H])c3c3n1[Ni+4]14<-N5=C(c6c(c([H])c([H])c([H])c6[H])C5=Nc5c([H])c([H])c([H])c(c51)N3[H])N([H])c1c([H])c([H])c([H])c(c14)[N-]2
GUNGUT,0,ok,0.257650,61,1,,c12c3c4c([H])c(F)c([H])n3->[Ru+4]3(<-[C-]#[O+])(n1c1c(c2c2c4C(=O)N([H])C2=O)c([H])c(O[H])c([H])c1[H])(Cl)N1C([H])=C(N([H])[H])C([H])=C([H])C1=C([H])N3c1c([H])c([H])c([H])c([H])c1[H]
GUSRUI,0,ok,0.062777,36,1,,C12=NN(c3c([H])c4c([H])c([H])c([H])c([H])c4c([H])c3[H])[Pd+4](Cl)(Cl)N1C([H])=C([H])N2C([H])([H])C([H])([H])[H]
GUSSAP,0,ok,0.053031,46,1,,c1(N2c3c(c([H])c([H])c4c([H])c([H])c([H])c([H])c34)N3N=C4N(C([H])=C([H])N4C([H])([H])C([H])([H])[H])[Pd+4]23Cl)c([H])c([H])c(Cl)c([H])c1[H]
HACDOE,0,ok,0.040634,41,1,,[Fe+2]1(<-O=C(OC=1N(C(C([H])([H])[H])([H])[H])C(C([H])([H])[H])([H])[H])N(C(C([H])([H])[H])([H])[H])C(C([H])([H])[H])([H])[H])(<-[C-]#[O+])(<-[C-]#[O+])<-[C-]#[O+]
HAHXOF,0,ok,0.073038,74,1,,[Os+2]12(<-P(C([H])(C([H])([H])[H])C([H])([H])[H])(C([H])(C([H])([H])[H])C([H])([H])[H])c3c([H])c([H])c([H])c4c3o->1c1c4c([H])c([H])c([H])c1P->2(C([H])(C([H])([H])[H])C([H])([H])[H])C([H])(C([H])([H])[H])C([H])([H])[H])(Cl)(Cl)<-S(=O)(C([H])([H])[H])C([H])([H])[H]
HAJHOP,0,ok,0.060245,46,1,,[Re+3]1(<-[C-]#[O+])(<-[C-]#[O+])(<-[C-]#[O+])(<-[C-]#[O+])=C(c2c([H])c([H])c([H])c([H])c2[H])C(c2c([H])c([H])c([H])c([H])c2[H])=C(c2c([H])c([H])c([H])c([H])c2[H])O1
HAJNIP,0,ok,0.092163,43,1,,[W+2](<-[C-]#[O+])(<-[C-]#[O+])(<-[C-]#[O+])(<-[C-]#[O+])(<-[C-]#[O+])=c1n(C([H])([H])[H])c(C([H])([H])[H])c(C(=O)C([H])([H])[H])c(-c2c([H])c([H])c([H])c([H])c2[H])c1[H]
HAKHEG,0,ok,0.031019,29,1,,[Pt]1234(<-S=C(C(=S->1)C#N)C#N)<-C1([H])=C->2([H])C([H])([H])C([H])([H])C->3([H])=C->4([H])C([H])([H])C1([H])[H]
HALNAK,0,ok,0.072862,45,1,,[Cr+2]1(<-S(C(=C(C=1N(C([H])([H])[H])C([H])([H])[H])[H])c1c([H])c([H])c([H])c([H])c1[H])c1c([H])c([H])c([H])c([H])c1[H])(<-[C-]#[O+])(<-[C-]#[O+])(<-[C-]#[O+])<-[C-]#[O+]
HARWII,0,ok,0.061725,59,1,,[Au+3](Cl)=C(N(C([H])(C([H])([H])[H])C([H])([H])[H])C([H])(C([H])([H])[H])C([H])([H])[H])N([H])c1c(-c2c([H])c([H])c([H])c3c([H])c([H])c([H])c([H])c23)c2c(c([H])c1[H])c([H])c([H])c([H])c2[H]
HARWOO,0,ok,0.089486,69,1,,[Au+3](Cl)=C(N(C([H])(C([H])([H])[H])C([H])([H])[H])C([H])(C([H])([H])[H])C([H])([H])[H])N([H])c1c(-c2c(-c3c([H])c([H])c([H])c([H])c3[H])c([H])c([H])c3c([H])c([H])c([H])c([H])c23)c2c(c([H])c1[H])c([H])c([H])c([H])c2[H]
HAWXAG,0,ok,0.057489,37,1,,[Pd+2]12(<-n3c(C(=C(O1)C(F)(F)F)[H])c([H])c([H])c([H])c3[H])N1C(=C(C(=O->2)C(F)(F)F)[H])C([H])=C([H])C([H])=C1[H]
HAWXEK,0,ok,0.048057,43,1,,[Pd+2]12(OC(=C([H])c3c([H])c([H])c([H])c([H])n->13)C(F)(F)C(F)(F)F)<-O=C(C([H])=C1C([H])=C([H])C([H])=C([H])N21)C(F)(F)C(F)(F)F
HAWXOU,0,ok,0.062113,37,1,,[Pd+2]12(OC(=C(c3n->1c([H])c([H])c([H])c3[H])[H])C([H])([H])[H])<-O=C(C(=C1N2C([H])=C([H])C([H])=C1[H])[H])C([H])([H])[H]
HAWXUA,0,ok,0.106769,37,1,,[Pt+2]12(<-n3c([H])c([H])c([H])c([H])c3C([H])=C(O1)C(F)(F)F)N1C([H])=C([H])C([H])=C([H])C1=C([H])C(=O->2)C(F)(F)F
HAYHOG,0,ok,0.134934,79,1,,[Re+5]1(Cl)(Cl)(<-P2(OC(C(O1)(C([H])([H])[H])C([H])([H])[H])(C([H])([H])[H])C([H])([H])[H])OC(C([H])([H])[H])(C([H])([H])[H])C(C([H])([H])[H])(C([H])([H])[H])O2)(<-P(c1c([H])c([H])c([H])c([H])c1[H])(c1c([H])c([H])c([H])c([H])c1[H])c1c([H])c([H])c([H])c([H])c1[H])=O
HECYIY,0,ok,0.070541,39,1,,[Cr+2](<-[C-]#[O+])(<-[C-]#[O+])(<-[C-]#[O+])(<-[C-]#[O+])(<-[C-]#[O+])=c1n([H])c(-c2c([H])c([H])c([H])c([H])c2[H])nc(N(C([H])([H])[H])C([H])([H])[H])c1[H]
HERBAI,0,ok,0.071325,70,1,,[Pd]12(<-P(C([H])([H])C(P->1(c1c([H])c([H])c([H])c([H])c1[H])c1c([H])c([H])c([H])c([H])c1[H])([H])[H])(c1c([H])c([H])c([H])c([H])c1[H])c1c([H])c([H])c([H])c([H])c1[H])<-S=C([H])C(=S->2)c1c([H])c([H])c(C#N)c([H])c1[H]
HESBUD,0,ok,0.047506,43,1,,[Ru+2]1(Cl)(Cl)(<-S(=O)(C([H])([H])[H])C([H])([H])[H])(<-S(=O)(C([H])([H])[H])C([H])([H])[H])<-n2c(-c3n->1c([H])c([H])c([H])c3[H])c([H])c([H])c([H])c2[H]
HEWCUI,1,ok,0.074330,74,1,,C12(C(=O)OC([H])([H])[H])C3([H])c4c([H])c([H])c([H])c([H])n4->[V+3]456(<-n7c(C([H])(C(C(=O)OC([H])([H])[H])(C([H])([H])N->4(C([H])([H])c4c([H])c([H])c([H])c([H])n4)C1([H])[H])C2(O[H])O[H])N->53C([H])([H])[H])c([H])c([H])c([H])c7[H])(=O)<-O=O->6
HEYDEW,1,ok,0.067756,51,1,,[Mn+3]1(<-n2c([H])c([H])c([H])c([H])c2-c2c([H])c([H])c([H])c([H])n->12)(<-[C-]#[O+])(<-[C-]#[O+])(<-[C-]#[O+])=C(N([H])c1c([H])c([H])c([H])c([H])c1[H])N1C([H])([H])C([H])([H])C1([H])[H]
HIGBEF,0,ok,0.053844,32,1,,[Pt+2]1(Cl)(<-n2c([H])c([H])c([H])c([H])c2-c2c1c([H])c(F)c([H])c2[H])<-S(=O)(C([H])([H])[H])C([H])([H])[H]
HIGDIL,0,ok,0.071896,55,1,,c1([H])c([H])c([H])c([H])c2C([H])=N3->[Fe+4]45(<-n12)(OC(c1c(Br)c([H])c([H])c([H])c1[H])=N3)N1C([H])=C([H])C([H])=C([H])C1=C([H])N4N=C(c1c(Br)c([H])c([H])c([H])c1[H])O5
HIGDOR,0,ok,0.119342,77,1,,[C-](->[Cr+2]1(<-[C-]#[O+])(<-[C-]#[O+])(=C(C([H])([H])[H])N2C([H])([H])C([H])([H])C([H])([H])C2([H])[H])<-P(c2c([H])c([H])c([H])c([H])c2[H])(c2c([H])c([H])c([H])c([H])c2[H])C([H])([H])C([H])([H])P->1(c1c([H])c([H])c([H])c([H])c1[H])c1c([H])c([H])c([H])c([H])c1[H])#[O+]
HIQDUG,0,ok,0.085831,56,1,,[V+3]123(<-O=C(C([H])([H])[H])C(=C(N->1=NC(=O->2)c1c([H])c([H])c([H])c([H])c1[H])C([H])([H])[H])[H])(<-O=C(N(O3)c1c([H])c([H])c([H])c([H])c1[H])c1c([H])c([H])c([H])c([H])c1[H])=O
HIQPIH,0,ok,0.073187,43,1,,[Ru+4]12(Cl)(<-n3c([H])c([H])c([H])c([H])c3-c3n->1c([H])c([H])c([H])c3[H])(Cl)N1C([H])=C([H])C([H])=C([H])C1=C1N2C([H])=C([H])C([H])=C1[H]
HISLUT,0,ok,0.080486,77,1,,[Os+2]1(<-P(C([H])(C([H])([H])[H])C([H])([H])[H])(C([H])(C([H])([H])[H])C([H])([H])[H])C2=C3Oc4c(c([H])c([H])c([H])c4P->1(C([H])(C([H])([H])[H])C([H])([H])[H])C([H])(C([H])([H])[H])C([H])([H])[H])C(C([H])([H])[H])(C([H])([H])[H])C3=C([H])[C-]([H])[C-]2[H])(<-[C-]#[O+])(<-[C-]#[O+])<-[C-]#[O+]
HISNOM,0,ok,0.081968,45,1,,[Pt+4]1(C([H])([H])[H])(C([H])([H])[H])N(c2c([H])c([H])c(OC([H])([H])[H])c([H])c2[H])C([H])=C([H])N1c1c([H])c([H])c(OC([H])([H])[H])c([H])c1[H]
HISYAJ,0,ok,0.058237,48,1,,[Ru+2]123456(Cl)(OC(=O)C(C([H])([H])[H])(S->1(=O)c1c([H])c([H])c([H])c([H])c1[H])[H])<-c1(C([H])([H])[H])c->2([H])c->3([H])c->4(C(C([H])([H])[H])(C([H])([H])[H])[H])c->5([H])c->61[H]
HISYIR,0,ok,0.062600,54,1,,[Ru+2]123456(Cl)(OC(=O)C(C([H])([H])[H])(S->1(=O)c1c([H])c([H])c([H])c([H])c1[H])[H])<-c1(C([H])([H])[H])c->2(C([H])([H])[H])c->3(C([H])([H])[H])c->4(C([H])([H])[H])c->5(C([H])([H])[H])c->61C([H])([H])[H]
HIVPEI,0,ok,0.083692,42,1,,[Ru+2]12(Cl)(Cl)(<-n3c([H])c([H])c([H])c([H])c3-c3c([H])c(Cl)c([H])c(-c4c([H])c([H])c([H])c([H])n->14)n->23)<-S(C([H])([H])[H])(C([H])([H])[H])=O
HIWLUX,0,ok,0.080055,49,1,,[Pt+4]1(I)(I)N(c2c(C([H])([H])[H])c([H])c(C([H])([H])[H])c([H])c2C([H])([H])[H])C([H])=C([H])N1c1c(C([H])([H])[H])c([H])c(C([H])([H])[H])c([H])c1C([H])([H])[H]
HIXZEU,0,ok,0.071278,57,1,,[c-]1([Rh+3](<-[C-]#[O+])(<-[C-]#[O+])Cl)n(C([H])([H])[H])c2c(c1=P(c1c([H])c([H])c([H])c([H])c1[H])(c1c([H])c([H])c([H])c([H])c1[H])c1c([H])c([H])c([H])c([H])c1[H])c([H])c([H])c([H])c2[H]
HIZDEA,1,ok,0.115463,58,1,,[Ru+4]123(<-n4c([H])c([H])c([H])c5c4c4c(c([H])c([H])c([H])n->14)c([H])c5[H])(<-n1c([H])c([H])c([H])c([H])c1C(=O)O2)N1C([H])=C([H])C([H])=c2c([H])c([H])c4c(c21)N3C([H])=C([H])C=4[H]
HODGAI,0,ok,0.046860,50,1,,[Cr+2](<-[C-]#[O+])(<-[C-]#[O+])(<-[C-]#[O+])(<-[C-]#[O+])(<-[C-]#[O+])=C(N([H])[H])C1([H])OC(C([H])([H])[H])(C([H])([H])[H])OC1([H])C(O[H])([H])C1([H])OC(C([H])([H])[H])(C([H])([H])[H])OC1([H])[H]
HOGNOI,1,ok,0.117500,66,1,,[Ru+2]123(<-S(c4c([H])c([H])c([H])c([H])c4C(O1)=O)(=O)C(C([H])([H])[H])(C([H])([H])[H])[H])(<-n1c(-c4n->2c([H])c([H])c([H])c4[H])c([H])c([H])c([H])c1[H])<-n1c([H])c([H])c([H])c([H])c1-c1n->3c([H])c([H])c([H])c1[H]
HOKTIN,0,ok,0.080533,51,1,,[Pd+2]12(<-O=C(c3c([H])c([H])c([H])c([H])c3[H])C(=C3N1C([H])=C([H])C([H])=C3[H])[H])<-O=C(c1c([H])c([H])c([H])c([H])c1[H])C(=C1N2C([H])=C([H])C([H])=C1[H])[H]
HOLBUG,0,ok,0.074338,79,1,,[Ni](<-[C-]#[O+])(<-[C-]#[O+])(<-[C-]#[O+])<-P(Cl)(C1(C([H])([H])[H])C(C([H])([H])[H])=C(C([H])([H])[H])C(C([H])([H])[H])=C1C([H])([H])[H])N=P([H])(N(C([H])(C([H])([H])[H])C([H])([H])[H])C([H])(C([H])([H])[H])C([H])([H])[H])N(C([H])(C([H])([H])[H])C([H])([H])[H])C([H])(C([H])([H])[H])C([H])([H])[H]
HOLVEJ,0,ok,0.053209,49,1,,[Ni]123<-O=C(N=N->1C(C([H])([H])[H])=C(N->2=NC(=O->3)c1c([H])c([H])c(OC([H])([H])[H])c([H])c1[H])C([H])([H])[H])c1c([H])c([H])c(OC([H])([H])[H])c([H])c1[H]
HONNAA,0,ok,0.450902,75,1,,[Ru+2]12345(<-O=O->1)(<-P(c1c([H])c([H])c([H])c([H])c1[H])(c1c([H])c([H])c([H])c([H])c1[H])c1c([H])c([H])c([H])c([H])c1[H])(C#Cc1c(F)c(F)c(F)c(F)c1F)<-C1(C([H])([H])[H])=C->2(C([H])([H])[H])C3(C([H])([H])[H])C->4(C([H])([H])[H])=C->51C([H])([H])[H]
HONVEN,-1,ok,0.186815,66,1,,[Mn+3]123(=O)<-N(=c4c([H])c(Cl)c(Cl)c([H])c4=N->1C(=O)C(c1c([H])c([H])c([H])c([H])c1[H])(c1c([H])c([H])c([H])c([H])c1[H])O2)C(=O)C(c1c([H])c([H])c([H])c([H])c1[H])(c1c([H])c([H])c([H])c([H])c1[H])O3
HOQYER,0,ok,0.412846,75,1,,[Ru+2]12345(<-O=O->1)(<-P(c1c([H])c([H])c([H])c([H])c1[H])(c1c([H])c([H])c([H])c([H])c1[H])c1c([H])c([H])c([H])c([H])c1[H])(C#Cc1c([H])c([H])c([H])c([H])c1[H])<-C1(C([H])([H])[H])=C->2(C([H])([H])[H])C->3(C([H])([H])[H])=C->4(C([H])([H])[H])C51C([H])([H])[H]
HORZOG,0,ok,0.153291,63,1,,[Ru+4]12(<-N([H])([H])[H])(<-n3c([H])c4c([H])c([H])c([H])c([H])c4c([H])c3[H])(<-n3c([H])c4c([H])c([H])c([H])c([H])c4c([H])c3[H])OC(=O)C3=C([H])C([H])=C([H])C(=C4N1C(C([O-])=O)=C([H])C([H])=C4[H])N23
HOTXUJ,0,ok,0.108152,47,1,,[Ru+4]12(Cl)(Cl)(<-n3c(N=N->1c1c([H])c([H])c([H])c([H])c1[H])nc([H])c([H])c3[H])N1C(=NN2c2c([H])c([H])c([H])c([H])c2[H])N=C([H])C([H])=C1[H]
HOZZON,0,ok,0.075558,41,1,,[Mo+4]123(=O)(<-N(=C(C([H])([H])[H])c4c([H])c([H])c([H])c([H])c4O1)N=C(c1c([H])c([H])c([H])c([H])c1[H])O2)(<-O=O->3)<-O([H])C([H])([H])[H]
HUBVUX,1,ok,0.119221,58,1,,[Ru+4]123456(<-c7(C([H])(C([H])([H])[H])C([H])([H])[H])c->1([H])c->2([H])c->3(C([H])([H])[H])c->4([H])c->57[H])(Cl)N1C([H])=C([H])C([H])=c2c3c(c4c(c21)N6C([H])=C([H])C=4[H])nc(-c1c([H])c(Br)c([H])s1)n3[H]
HUJMEE,0,ok,0.042673,40,1,,[Pt+2]1(Cl)(<-S(=O)(C([H])([H])[H])C([H])([H])[H])<-n2c([H])n(C3([H])OC([H])(C(O[H])([H])[H])C(O[H])([H])C3(O[H])[H])nc2C(=O)N1[H]
HUJVUD,0,ok,0.041345,37,1,,[Ni]123<-O=C(C([H])=C(N->1=NC(SC([H])([H])[H])=N->2C(=C([H])C(=N->3[H])C([H])([H])[H])C([H])([H])[H])C([H])([H])[H])C([H])([H])[H]
HUJWAK,0,ok,0.043539,44,1,,[Ni]123<-O=C(C([H])=C(N->1=NC(SC([H])([H])[H])=N->2C(=C([H])C(=N->3[H])C([H])([H])[H])C([H])([H])[H])C([H])([H])[H])c1c([H])c([H])c([H])c([H])c1[H]
HUMBUO,0,ok,0.111827,61,1,,[Ru+4]1234567(Cl)(<-C8(C([H])([H])[H])=C->1(C([H])([H])[H])C2(C(O[H])(C([H])([H])[H])C([H])([H])[H])C38C(O[H])(C([H])([H])[H])C([H])([H])[H])C1(C([H])([H])[H])C->4(C([H])([H])[H])=C->5(C([H])([H])[H])C->6(C([H])([H])[H])=C->71C([H])([H])[H]
HUNYOF,0,ok,0.137220,73,1,,c1([H])c([H])c([H])c([H])c2C(c3c([H])c([H])c([H])c([H])c3[H])=N3->[Fe+4]45(<-n12)(OC(c1c([H])c([H])nc([H])c1[H])=N3)N1C([H])=C([H])C([H])=C([H])C1=C(c1c([H])c([H])c([H])c([H])c1[H])N4N=C(c1c([H])c([H])nc([H])c1[H])O5
HUPGOQ,1,ok,0.201703,76,1,,[Ir+5]12345(<-N#CC([H])([H])C([H])([H])[H])(C6(C([H])([H])[H])C->1(C([H])([H])[H])=C->2(C([H])([H])[H])C->3(C([H])([H])[H])=C->46C([H])([H])[H])n1c(c2c(c1N=c1[n-]c(C([H])([H])[H])c([H])c([H])c1[H])c([H])c([H])c([H])c2[H])N=C1N5C(C([H])([H])[H])=C([H])C([H])=C1[H]
HUSTIA,0,ok,0.050619,40,1,,[W+4]123(<-N(=C(C([H])([H])[H])c4c(c([H])c([H])c([H])c4[H])O1)N=C(c1c([H])c([H])nc([H])c1[H])O2)(<-O=O->3)(<-O([H])C([H])([H])[H])=O
HUWROG,0,ok,0.038263,35,1,,[Ru+2](<-S(=O)(C([H])([H])[H])C([H])([H])[H])(<-S(=O)(C([H])([H])[H])C([H])([H])[H])(Cl)(Cl)(<-O=S(C([H])([H])[H])C([H])([H])[H])<-[C-]#[O+]
HUXJOB,0,ok,0.094997,69,1,,C(N(c1c([H])c([H])c([H])c([H])c1[H])c1c([H])c([H])c([H])c([H])c1[H])(N(c1c([H])c([H])c([H])c([H])c1[H])c1c([H])c([H])c([H])c([H])c1[H])=[Rh+3]123(<-C4([H])=C->1([H])C([H])([H])C([H])([H])C->2([H])=C->3([H])C([H])([H])C4([H])[H])Cl
HUXTOL,0,ok,0.072365,67,1,,C(N(c1c([H])c([H])c([H])c([H])c1[H])c1c([H])c([H])c([H])c([H])c1[H])(N(C([H])(C([H])([H])[H])C([H])([H])[H])C([H])(C([H])([H])[H])C([H])([H])[H])=[Rh+3]123(<-C4([H])=C->1([H])C([H])([H])C([H])([H])C->2([H])=C->3([H])C([H])([H])C4([H])[H])Cl
IBAZAP,1,ok,0.108504,55,1,,[Ir+]1234(Cl)(<-C5(C([H])([H])[H])=C->1(C([H])([H])[H])[C+]->2(C([H])([H])[H])C->3(C([H])([H])[H])=C->45C([H])([H])[H])(<-C1N(C([H])([H])[H])N=C([H])N1C([H])([H])[H])<-C1N(C([H])([H])[H])N=C([H])N1C([H])([H])[H]
IBEXAR,0,ok,0.111022,83,1,,[Rh+3]12(=C(N3C([H])([H])c4c(c([H])c([H])c([H])c4[H])C3([H])[H])C([H])([H])C([H])([H])C([H])([H])C([H])([H])C([H])([H])C([H])([H])C([H])([H])[H])Oc3c([H])c([H])c([H])c4c([H])c([H])c(C([H])([H])P->1(c1c([H])c([H])c([H])c([H])c1[H])c1c([H])c([H])c([H])c([H])c1[H])n->2c34
ICEGOO,0,ok,0.059498,49,1,,[Pd]12(<-S=C(C#N)C(=S->1)C#N)<-S=C1N(C(c3c([H])c([H])c([H])c([H])c3[H])([H])[H])C([H])([H])C([H])([H])N(C(c3c([H])c([H])c([H])c([H])c3[H])([H])[H])C1=S->2
ICEGUU,0,ok,0.050357,49,1,,[Pt]12(<-S=C(C#N)C(=S->1)C#N)<-S=C1N(C(c3c([H])c([H])c([H])c([H])c3[H])([H])[H])C([H])([H])C([H])([H])N(C(c3c([H])c([H])c([H])c([H])c3[H])([H])[H])C1=S->2
IDAVEQ,1,ok,0.118406,52,1,,[Ru+4]123(<-O=c4n1c([H])c([H])c([H])c4[H])(<-n1c([H])c([H])c([H])c([H])c1-c1n->2c([H])c([H])c([H])c1[H])N1C([H])=C([H])C([H])=C([H])C1=C1N3C([H])=C([H])C([H])=C1[H]
IDIPIV,0,ok,0.039686,37,1,,I[Rh+3]123(=c4n(C([H])([H])[H])n(C([H])([H])[H])c([H])c4[H])<-C4([H])=C->1([H])C([H])([H])C([H])([H])C->2([H])=C->3([H])C([H])([H])C4([H])[H]
IFAYUJ,0,ok,0.113173,85,1,,C1(c2c(O[H])c([H])c([H])c([H])c2[H])N=O->[Pt](<-O=1)(<-P(c1c([H])c([H])c([H])c([H])c1[H])(c1c([H])c([H])c([H])c([H])c1[H])c1c([H])c([H])c([H])c([H])c1[H])<-P(c1c([H])c([H])c([H])c([H])c1[H])(c1c([H])c([H])c([H])c([H])c1[H])c1c([H])c([H])c([H])c([H])c1[H]
IFEXID,0,ok,0.057619,27,1,,[Pt+4]12(Cl)N3C(=O)C([H])([H])SC3=NN1C(C([H])([H])[H])=C1N2C([H])=C([H])C([H])=C1[H]
IGIZUT,0,ok,0.071328,73,1,,[Pd]12(<-P(C(c3c(C(P->1(C(C([H])([H])[H])(C([H])([H])[H])C([H])([H])[H])C(C([H])([H])[H])(C([H])([H])[H])C([H])([H])[H])([H])[H])c([H])c([H])c([H])c3[H])([H])[H])(C(C([H])([H])[H])(C([H])([H])[H])C([H])([H])[H])C(C([H])([H])[H])(C([H])([H])[H])C([H])([H])[H])<-O=O->2
IGUWAI,1,ok,0.327662,48,1,,[Ru+4]12345(<-P(C([H])([H])[H])(C([H])([H])[H])C([H])([H])[H])(<-n6c(N([H])C=1c1c([H])c([H])c([H])c([H])c1[H])c([H])c([H])c([H])c6[H])<-C1([H])=C->2([H])C3([H])C->4([H])=C->51[H]
IHIZEF,0,ok,0.078660,72,1,,C1(=[Rh+3]234(<-C5([H])=C->2([H])C([H])([H])C([H])([H])C->3([H])=C->4([H])C([H])([H])C5([H])[H])Cl)N(c2c(OC([H])([H])[H])c([H])c([H])c([H])c2[H])C([H])([H])C([H])([H])C([H])([H])C([H])([H])N1c1c(C([H])([H])[H])c([H])c(C([H])([H])[H])c([H])c1C([H])([H])[H]
IHOCEO,0,ok,0.099723,81,1,,C1(=[Rh+3]234(<-C5([H])=C->2([H])C([H])([H])C([H])([H])C->3([H])=C->4([H])C([H])([H])C5([H])[H])Cl)N(c2c(C([H])(C([H])([H])[H])C([H])([H])[H])c([H])c([H])c([H])c2C([H])(C([H])([H])[H])C([H])([H])[H])C([H])([H])C([H])([H])C([H])([H])C([H])([H])N1c1c(OC([H])([H])[H])c([H])c([H])c([H])c1[H]
IKOCUH,0,ok,0.094913,65,1,,C([H])([H])([H])[Pd+2]1(<-N(=C([H])c2c(O1)c1c(c([H])c2[H])c([H])c([H])c([H])c1O[H])c1c(C([H])(C([H])([H])[H])C([H])([H])[H])c([H])c([H])c([H])c1C([H])(C([H])([H])[H])C([H])([H])[H])<-S(C([H])([H])[H])(C([H])([H])[H])=O
IMIXOS,0,ok,0.036594,34,1,,[Au+3](Cl)=C(N([H])C([H])(C([H])([H])[H])c1c([H])c([H])c([H])c([H])c1[H])N([H])c1nc([H])c([H])c([H])c1[H]
INISEE,1,ok,0.130389,68,1,,c12c3c4c([H])c([H])c1=C([H])C([H])=C([H])N2[Ru+6]12(Oc5c(S->1(C([H])(C([H])([H])[H])C([H])([H])[H])=O)c([H])c([H])c([H])c5[H])(N3C([H])=C([H])C=4[H])N1c3c4c(c([H])c([H])c3=C([H])C([H])=C1[H])=C([H])C([H])=C([H])N42
INUDAW,0,ok,0.094405,68,1,,[Pt+2]1(Cl)(Cl)<-P(c2c(C3([H])N1c1c(c4c([H])c([H])c([H])c([H])c4c([H])c1[H])N=[N+]3c1c([H])c([H])c([H])c([H])c1[H])c([H])c([H])c([H])c2[H])(c1c([H])c([H])c([H])c([H])c1[H])c1c([H])c([H])c([H])c([H])c1[H]
IPEQOJ,1,ok,0.119768,53,1,,[Ru+4]123(Cl)(<-n4c([H])c([H])c([H])c([H])c4-c4c([H])c([H])c([H])c(-c5n->1c([H])c([H])c([H])c5[H])n->24)N1C([H])=C([H])C([H])=c2c([H])c([H])c4c(c21)N3C([H])=C([H])C=4[H]
IQITOT,0,ok,0.063921,43,1,,[Os+2](<-P(C1=C([H])C([H])=C([H])[C-]([H])[C-]1[H])(c1c([H])c([H])c([H])c([H])c1[H])c1c([H])c([H])c([H])c([H])c1[H])(<-[C-]#[O+])(<-[C-]#[O+])(<-[C-]#[O+])<-[C-]#[O+]
IQUFEH,0,ok,0.050839,48,1,,Br[Mn+3]1(<-[C-]#[O+])(<-[C-]#[O+])(<-[C-]#[O+])N2C(=C3C([H])=C(C(N([H])C(=O)C([H])([H])[H])([H])[H])C([H])=C([H])N13)C([H])=C(C(N([H])C(=O)C([H])([H])[H])([H])[H])C([H])=C2[H]
IRUTUL,0,ok,0.098894,61,1,,[Pd+2]12(<-P(N=c3n1nc([H])s3)(c1c([H])c([H])c([H])c([H])c1[H])c1c([H])c([H])c([H])c([H])c1[H])<-P(N=c1n2nc([H])s1)(c1c([H])c([H])c([H])c([H])c1[H])c1c([H])c([H])c([H])c([H])c1[H]
ISAKOD,0,ok,0.101536,65,1,,[Pt+2](C([H])([H])[H])(C([H])([H])[H])(<-P(OC([H])([H])[H])(c1c([H])c([H])c([H])c([H])c1[H])c1c([H])c([H])c([H])c([H])c1[H])<-P(OC([H])([H])[H])(c1c([H])c([H])c([H])c([H])c1[H])c1c([H])c([H])c([H])c([H])c1[H]
ITOHIJ,0,ok,0.068921,65,1,,C1(C(C([H])([H])[H])=N(c2c(C([H])([H])[H])c([H])c([H])c([H])c2C([H])([H])[H])->[Rh+]2(<-[C-]#[N+]C(C([H])([H])[H])(C([H])([H])[H])C([H])([H])[H])(Cl)(<-N=1c1c(C([H])([H])[H])c([H])c([H])c([H])c1C([H])([H])[H])<-O=O->2)C([H])([H])[H]
ITOYEX,0,ok,0.036428,25,1,,[Pt+2](I)(I)(<-S(C([H])([H])[H])(C([H])([H])[H])=O)<-n1c([H])n(C([H])([H])[H])c([H])c1[H]
IVAMID,0,ok,0.110054,85,1,,[Pd+2]12(<-P(C([H])([H])[H])(C([H])([H])[H])C([H])([H])[H])<-P(c3c([H])c([H])c([H])c([H])c3[H])(c3c([H])c([H])c([H])c([H])c3[B-]1(c1c(P->2(c2c([H])c([H])c([H])c([H])c2[H])c2c([H])c([H])c([H])c([H])c2[H])c([H])c([H])c([H])c1[H])C([H])([H])[H])c1c([H])c([H])c([H])c([H])c1[H]
IVEVIQ,0,ok,0.065578,39,1,,[Fe+4]1234(<-[C-]#[O+])(<-[C-]#[O+])(C5(C([H])([H])[H])C->1(C([H])([H])[H])=C->2(C([H])([H])[H])C->3(C([H])([H])[H])=C->45C([H])([H])[H])=C1N(C([H])([H])[H])[B-]1(Cl)Cl
IVEVOW,0,ok,0.086328,52,1,,[Fe+4]1234(<-[C-]#[O+])(<-[C-]#[O+])(C5(C([H])([H])[H])C->1(C([H])([H])[H])=C->2(C([H])([H])[H])C->3(C([H])([H])[H])=C->45C([H])([H])[H])=C1N(C2([H])C([H])([H])C([H])([H])C([H])([H])C([H])([H])C2([H])[H])[B-]1(Cl)Cl
IVEWIR,0,ok,0.088208,50,1,,[Fe+4]1234(<-[C-]#[O+])(<-[C-]#[O+])(C5(C([H])([H])[H])C->1(C([H])([H])[H])=C->2(C([H])([H])[H])C->3(C([H])([H])[H])=C->45C([H])([H])[H])=C([H])N(C(C([H])([H])[H])(C([H])([H])[H])C([H])([H])[H])[B-](Cl)(Cl)Cl
JAJYOI,0,ok,0.080815,38,1,,[Cr+2]1(<-O(c2c(C=1N(C(c1oc([H])c([H])c1[H])([H])[H])[H])c([H])c([H])c([H])c2[H])C([H])([H])[H])(<-[C-]#[O+])(<-[C-]#[O+])(<-[C-]#[O+])<-[C-]#[O+]
JALBEE,0,ok,0.066080,42,1,,[Mo+2]123(=O)(<-O=O->1)(<-O=O->2)<-n1c([H])c([H])c([H])c([H])c1C1=N->3C([H])(C(OC([H])([H])[H])([H])[H])C([H])(c2c([H])c([H])c([H])c([H])c2[H])O1
JAQKER,0,ok,0.156512,77,1,,[Pd+2](Cl)(<-P(C(C([H])([H])[H])([H])[H])(C(C([H])([H])[H])([H])[H])C(C([H])([H])[H])([H])[H])(=C([Si](C([H])([H])[H])(C([H])([H])[H])C([H])([H])[H])C1=c2c([H])c([H])c([H])c([H])c2=[N+]=C1C([H])([H])[H])<-P(C(C([H])([H])[H])([H])[H])(C(C([H])([H])[H])([H])[H])C(C([H])([H])[H])([H])[H]
JAWCUI,0,ok,0.280145,79,1,,[Zn+2]123<-N4=C5C([H])=C([H])C4=C(c4c(F)c(F)c(F)c(F)c4F)c4n1c(c([H])c4[H])-c1n2c(c([H])c1[H])C(c1c(F)c(F)c(F)c(F)c1F)=C1N->3=C(C5=C=C=C(c2c([H])c([H])c([H])c([H])c2[H])c2c([H])c([H])c([H])c([H])c2[H])C([H])=C1[H]
JAWMOJ,0,ok,0.082806,47,1,,[Ru+4]1(I)(<-[C-]#[O+])(I)(<-[C-]#[O+])N(c2c([H])c([H])c(C([H])([H])[H])c([H])c2[H])C(C([H])([H])[H])=C(C([H])([H])[H])N1c1c([H])c([H])c(C([H])([H])[H])c([H])c1[H]
JAXNIF,0,ok,0.098576,71,1,,[Mn+3]1(<-[C-]#[O+])(<-[C-]#[O+])(<-[C-]#[O+])(<-[C-]#[O+])=C(N(c2c([H])c([H])c(C([H])([H])[H])c([H])c2[H])[H])N(c2c([H])c([H])c(C([H])([H])[H])c([H])c2[H])C(=C(c2c([H])c([H])c(Cl)c([H])c2[H])[H])C1=Nc1c([H])c([H])c(C([H])([H])[H])c([H])c1[H]
JAXNOL,0,ok,0.119851,74,1,,[Mn+3]1(<-[C-]#[O+])(<-[C-]#[O+])(<-[C-]#[O+])(<-[C-]#[O+])=C(N(C2([H])C([H])([H])C([H])([H])C([H])([H])C([H])([H])C2([H])[H])[H])N(c2c([H])c([H])c(C([H])([H])[H])c([H])c2[H])C(=C(c2c([H])c([H])c(Cl)c([H])c2[H])[H])C1=Nc1c([H])c([H])c(C([H])([H])[H])c([H])c1[H]
JAXNUR,0,ok,0.095038,78,1,,[Mn+3]1(<-[C-]#[O+])(<-[C-]#[O+])(<-[C-]#[O+])(<-[C-]#[O+])=C(N(C2([H])C([H])([H])C([H])([H])C([H])([H])C([H])([H])C2([H])[H])[H])N(c2c([H])c([H])c(C([H])([H])[H])c([H])c2[H])C(=C(c2c([H])c([H])c(OC([H])([H])[H])c([H])c2[H])[H])C1=Nc1c([H])c([H])c(C([H])([H])[H])c([H])c1[H]
JAXPAZ,1,ok,0.146161,72,1,,[Mn+3]1(<-[C-]#[O+])(<-[C-]#[O+])(<-[C-]#[O+])(<-[C-]#[O+])=C(N(c2c([H])c([H])c(C([H])([H])[H])c([H])c2[H])[H])N(c2c([H])c([H])c(C([H])([H])[H])c([H])c2[H])C(=C(c2c([H])c([H])c(Cl)c([H])c2[H])[H])C1=[N+](c1c([H])c([H])c(C([H])([H])[H])c([H])c1[H])[H]
JELFOW,0,ok,0.039887,37,1,,[Cr+2](<-[C-]#[O+])(<-[C-]#[O+])(<-[C-]#[O+])(<-[C-]#[O+])(<-[C-]#[O+])=C(N=C(OC([H])([H])[H])c1c([H])c([H])c([H])c([H])c1[H])C([H])([H])C([H])([H])[H]
JELGAJ,0,ok,0.049304,44,1,,[Cr+2](<-[C-]#[O+])(<-[C-]#[O+])(<-[C-]#[O+])(<-[C-]#[O+])(<-[C-]#[O+])=C(c1c([H])c([H])c(C([H])([H])[H])c([H])c1[H])N=C(c1c([H])c([H])c([H])c([H])c1[H])OC([H])([H])[H]
JELGEN,0,ok,0.128354,72,1,,[Cr+2](<-P(c1c([H])c([H])c([H])c([H])c1[H])(c1c([H])c([H])c([H])c([H])c1[H])c1c([H])c([H])c([H])c([H])c1[H])(<-[C-]#[O+])(<-[C-]#[O+])(<-[C-]#[O+])(=C(N=C(c1c([H])c([H])c([H])c([H])c1[H])c1c([H])c([H])c([H])c([H])c1[H])C([H])([H])[H])<-[C-]#[O+]
JELGIR,0,ok,0.288397,72,1,,[W+2](<-P(c1c([H])c([H])c([H])c([H])c1[H])(c1c([H])c([H])c([H])c([H])c1[H])c1c([H])c([H])c([H])c([H])c1[H])(=C(N=C(c1c([H])c([H])c([H])c([H])c1[H])c1c([H])c([H])c([H])c([H])c1[H])C([H])([H])[H])(<-[C-]#[O+])(<-[C-]#[O+])(<-[C-]#[O+])<-[C-]#[O+]
JESREF,0,ok,0.464570,83,1,,[Zn+2]123(<-N4=C5C([H])=C([H])C4=C(c4c([H])c([H])c(C(O[H])=O)c([H])c4[H])C4=N->1C(=C(c1c([H])c([H])c([H])c([H])c1[H])c1c([H])c([H])c(n12)C(c1c([H])c([H])c([H])c([H])c1[H])=c1c([H])c([H])c(n13)=C5c1c([H])c([H])c([H])c([H])c1[H])C([H])=C4[H])<-O([H])[H]
JETQAB,0,ok,0.116431,70,1,,[Ru+2]12(Cl)(Cl)(<-P(c3c(C([H])([H])N->1([H])C1([H])C([H])(N->2([H])[H])C([H])([H])C([H])([H])C([H])([H])C1([H])[H])c([H])c([H])c([H])c3[H])(c1c([H])c([H])c([H])c([H])c1[H])c1c([H])c([H])c([H])c([H])c1[H])<-S(=O)(C([H])([H])[H])C([H])([H])[H]
JISWUD,0,ok,0.037729,37,1,,[Pt+2](Cl)(Cl)(<-S(=O)(C([H])([H])[H])c1c([H])c([H])c([H])c([H])c1[H])<-S(=O)(C([H])([H])[H])c1c([H])c([H])c([H])c([H])c1[H]
JISYOA,0,ok,0.080660,77,1,,[Pt+4]12(Cl)(Cl)<-P(C([H])(C([H])([H])[H])C([H])([H])[H])(C([H])(C([H])([H])[H])C([H])([H])[H])c3c([H])c([H])c([H])c([H])c3[B-]1(c1c([H])c([H])c([H])c([H])c1[H])c1c([H])c([H])c([H])c([H])c1P->2(C([H])(C([H])([H])[H])C([H])([H])[H])C([H])(C([H])([H])[H])C([H])([H])[H]
JIXQEN,0,ok,0.066955,53,1,,[Ni+2]123<-O=C(C([H])=C(N1C([H])([H])C([H])([H])N2C(=C([H])C(=O->3)C(F)(F)C(F)(F)C(F)(F)C(F)(F)[H])C([H])([H])[H])C([H])([H])[H])C(F)(F)C(F)(F)C(F)(F)C(F)(F)[H]
JIXVUH,0,ok,0.067107,66,1,,[Re+3]1(<-[C-]#[O+])(<-[C-]#[O+])(<-[C-]#[O+])(C#CC#Cc2c([H])c([H])c([H])c([H])c2[H])N2C([H])=C([H])C(C(C([H])([H])[H])(C([H])([H])[H])C([H])([H])[H])=C([H])C2=C2N1C([H])=C([H])C(C(C([H])([H])[H])(C([H])([H])[H])C([H])([H])[H])=C2[H]
JIYJOR,1,ok,0.045292,48,1,,[Rh+]12(<-n3c(C(S->1(=O)C(C([H])([H])[H])(C([H])([H])[H])C([H])([H])[H])([H])[H])c([H])c([H])c([H])c3C([H])([H])N->2(C([H])([H])C([H])([H])[H])C([H])([H])C([H])([H])[H])<-[C-]#[O+]
JIYZAT,-1,ok,0.071992,66,1,,[Mo]12(<-S=C(C(=S->1)C#N)C#N)(<-S=C(C(=S->2)C#N)C#N)(SC([H])([H])c1c([H])c([H])c([H])c([H])c1[H])<-P(c1c([H])c([H])c([H])c([H])c1[H])(c1c([H])c([H])c([H])c([H])c1[H])c1c([H])c([H])c([H])c([H])c1[H]
JIYZEX,-1,ok,0.053074,52,1,,[Mo]12(Br)(<-S=C(C#N)C(=S->1)C#N)(<-S=C(C(=S->2)C#N)C#N)<-P(c1c([H])c([H])c([H])c([H])c1[H])(c1c([H])c([H])c([H])c([H])c1[H])c1c([H])c([H])c([H])c([H])c1[H]
JIZMUB,0,ok,0.073919,61,1,,[Pd+4]1(Cl)(Cl)=C(N([H])c2c([H])c([H])c(C(F)(F)F)c([H])c2[H])N(c2c([H])c([H])c([H])c([H])c2[H])N(c2c([H])c([H])c([H])c([H])c2[H])[C+]1N([H])c1c([H])c([H])c(C(F)(F)F)c([H])c1[H]
JOKGUM,0,ok,0.061114,42,1,,[Ru+4]12345(Cl)(=c6n(C([H])([H])[H])n(C([H])([H])[H])c([H])c6[H])(Cl)<-c6([H])c->1(C([H])([H])[H])c->2([H])c->3([H])c->4(C([H])(C([H])([H])[H])C([H])([H])[H])c->56[H]
JOXDIL,0,ok,0.060724,66,1,,[Ta+5]1(<-O=C(C(=C2Sc3c(c([H])c([H])c([H])c3[H])N12)[H])C(F)(F)F)(OC([H])(C([H])([H])[H])C([H])([H])[H])(OC([H])(C([H])([H])[H])C([H])([H])[H])(OC([H])(C([H])([H])[H])C([H])([H])[H])OC([H])(C([H])([H])[H])C([H])([H])[H]
JUBYAG,0,ok,0.062344,42,1,,[Ru+2](Cl)(Cl)(<-S(=O)(C([H])([H])[H])C([H])([H])[H])(<-S(=O)(C([H])([H])[H])C([H])([H])[H])(<-S(=O)(C([H])([H])[H])C([H])([H])[H])<-n1n([H])c([H])c([H])c1[H]
JUBYEK,0,ok,0.081555,41,1,,[Ru+2](Cl)(Cl)(<-S(=O)(C([H])([H])[H])C([H])([H])[H])(<-S(=O)(C([H])([H])[H])C([H])([H])[H])(<-n1n([H])c([H])c([H])c1[H])<-n1n([H])c([H])c([H])c1[H]
JUGYUH,0,ok,0.046750,50,1,,[Pt+2]12(Br)<-P(Oc3c1c(C(N->21C([H])([H])C([H])([H])OC([H])([H])C1([H])[H])([H])[H])c([H])c([H])c3[H])(C([H])(C([H])([H])[H])C([H])([H])[H])C([H])(C([H])([H])[H])C([H])([H])[H]
JUHTUB,0,ok,0.062237,36,1,,[Cr+2]1(<-N([H])([H])c2c([H])c([H])c([H])c([H])c2N([H])C=1c1c([H])c([H])c([H])c([H])c1[H])(<-[C-]#[O+])(<-[C-]#[O+])(<-[C-]#[O+])<-[C-]#[O+]
JUJHOL,0,ok,0.023760,21,1,,[Pd]1(<-S=C(C#N)C(=S->1)C#N)(<-[C-]#[N+]C([H])([H])[H])<-[C-]#[N+]C([H])([H])[H]
JURMOA,0,ok,0.087273,69,1,,[Ru+2]12(Cl)(Cl)(<-S(=O)(C([H])([H])[H])C([H])([H])[H])<-P(c3c(C(N->1(C(C(=O->2)N1C([H])([H])C([H])([H])C([H])([H])C1([H])[H])([H])[H])[H])([H])[H])c([H])c([H])c([H])c3[H])(c1c([H])c([H])c([H])c([H])c1[H])c1c([H])c([H])c([H])c([H])c1[H]
JUSWUP,0,ok,0.025065,26,1,,[W+2](<-[C-]#[O+])(<-[C-]#[O+])(<-[C-]#[O+])(<-[C-]#[O+])(<-[C-]#[O+])=C(N(C([H])([H])[H])[H])C(=C(C([H])([H])[H])[H])[H]
JUSXEA,0,ok,0.061477,50,1,,[Cr+2](<-[C-]#[O+])(<-[C-]#[O+])(<-[C-]#[O+])(<-[C-]#[O+])(<-[C-]#[O+])=C(N(C([H])([H])[H])C(=O)c1c([H])c([H])c(C(C([H])([H])[H])(C([H])([H])[H])C([H])([H])[H])c([H])c1[H])C(=C(C([H])([H])[H])[H])[H]
KABKOO,0,ok,0.058180,32,1,,n1(C([H])([H])[H])c(=[W+2](<-[C-]#[O+])(<-[C-]#[O+])(<-[C-]#[O+])(<-[C-]#[O+])<-[C-]#[O+])oc2c1c(OC([H])([H])[H])c([H])c([H])c2[H]
KACCUP,0,ok,0.059558,44,1,,[Ru+2](<-S(=O)(C([H])([H])[H])C([H])([H])[H])(<-n1n([H])c([H])c([N+](=O)[O-])c1[H])(Cl)(<-S(=O)(C([H])([H])[H])C([H])([H])[H])(Cl)<-S(=O)(C([H])([H])[H])C([H])([H])[H]
KACDOK,0,ok,0.054295,45,1,,[Ru+2](<-S(=O)(C([H])([H])[H])C([H])([H])[H])(Cl)(<-n1n([H])c([H])c(C([H])([H])[H])c1[H])(<-S(=O)(C([H])([H])[H])C([H])([H])[H])(Cl)<-S(=O)(C([H])([H])[H])C([H])([H])[H]
KAFMIO,0,ok,0.090681,40,1,,C([H])([H])([H])C(=[Cr+2](<-[C-]#[O+])(<-[C-]#[O+])(<-[C-]#[O+])(<-[C-]#[O+])<-[C-]#[O+])N=C(c1c([H])c([H])c([H])c([H])c1[H])c1c([H])c([H])c([H])c([H])c1[H]
KAFMUZ,0,ok,0.033416,27,1,,[Cr+2](<-[C-]#[O+])(<-[C-]#[O+])(<-[C-]#[O+])(<-[C-]#[O+])(<-[C-]#[O+])=C(C([H])([H])[H])N1C([H])([H])C([H])=C([H])C1([H])[H]
KAGLIO,0,ok,0.108481,51,1,,[Fe+4]12(Cl)(Cl)(<-n3c([H])c([H])c([H])c([H])c3C(=N->1c1c([H])c([H])c([H])c([H])c1[H])[H])N1C([H])=C([H])C([H])=C([H])C1=C([H])N2c1c([H])c([H])c([H])c([H])c1[H]
KAHNOZ,0,ok,0.116624,70,1,,[Re+]1(<-[C-]#[O+])(<-[C-]#[O+])(<-[C-]#[O+])(<-n2c([H])c([H])c([H])c([H])c2[H])n2c([H])c([H])c([H])c2C(=[N+]2C([H])([H])C([H])([H])OC([H])([H])C([H])([H])OC([H])([H])C([H])([H])OC([H])([H])C([H])([H])OC([H])([H])C2([H])[H])c2c([H])c([H])c([H])n21
KAJBIJ,0,ok,0.062143,51,1,,c1([H])c([H])c([H])c([H])c([H])n1->[Re+]1(<-[C-]#[O+])(<-[C-]#[O+])(<-[C-]#[O+])n2c(c([H])c([H])c2[H])C(=[N+]([H])C([H])([H])c2c([H])c([H])c([H])c([H])c2[H])c2n1c([H])c([H])c2[H]
KAKWAU,0,ok,0.071474,37,1,,[Cr+2](<-[C-]#[O+])(<-[C-]#[O+])(<-[C-]#[O+])(<-[C-]#[O+])(<-[C-]#[O+])=C(N=C(c1c([H])c([H])c([H])c([H])c1[H])[H])c1c([H])c([H])c([H])c([H])c1[H]
KAPLAO,-1,ok,0.057180,49,1,,[V+](<-P(C([H])([H])[H])(C([H])([H])[H])C1=C([H])[C-]([H])C([H])=C([H])[C-]1[H])(<-P(C([H])([H])[H])(C([H])([H])[H])c1c([H])c([H])c([H])c([H])c1[H])(<-[C-]#[O+])(<-[C-]#[O+])(<-[C-]#[O+])<-[C-]#[O+]
KAQHEQ,0,ok,0.061713,53,1,,[Ru+2](<-S(=O)(C([H])([H])[H])C([H])([H])[H])(Cl)(<-n1n([H])c2c(c1[H])c([H])c([H])c([H])c2[H])(<-S(=O)(C([H])([H])[H])C([H])([H])[H])(Cl)<-n1n([H])c2c(c1[H])c([H])c([H])c([H])c2[H]
KAQHUG,0,ok,0.061079,44,1,,[Ru+2]1(Cl)(Cl)(<-S(=O)(C([H])([H])[H])C([H])([H])[H])(<-S(=O)(C([H])([H])[H])C([H])([H])[H])<-n2n(C(=N->1[H])C([H])([H])[H])c1c(c2[H])c([H])c([H])c([H])c1[H]
KARHER,0,ok,0.436791,83,1,,[Fe+2]123(<-N4=C(C([H])([H])[H])C(C(=O)OC([H])([H])C([H])([H])[H])=C([H])N1c1c([H])c([H])c([H])c([H])c1N2C([H])=C(C(=O)OC([H])([H])C([H])([H])[H])C(C([H])([H])[H])=N->3c1c([H])c([H])c([H])c([H])c14)(<-n1c([H])c([H])c([H])c([H])c1[H])<-n1c([H])c([H])c([H])c([H])c1[H]
KAVHUK,0,ok,0.091578,59,1,,[Pt+2](<-P(F)(F)C1(C([H])([H])[H])C(C([H])([H])[H])=C(C([H])([H])[H])C(C([H])([H])[H])=C1C([H])([H])[H])(<-P(F)(F)C1(C([H])([H])[H])C(C([H])([H])[H])=C(C([H])([H])[H])C(C([H])([H])[H])=C1C([H])([H])[H])(Cl)Cl
KAWRAD,1,ok,0.042652,46,1,,[Ru+2]12(Cl)(<-S(=O)(C([H])([H])[H])C([H])([H])[H])(<-S(=O)(C([H])([H])[H])C([H])([H])[H])<-N3([H])C([H])([H])C([H])([H])N->1([H])C([H])([H])C([H])([H])N->2([H])C([H])([H])C3([H])[H]
KAWTAF,0,ok,0.054253,49,1,,[Ti+4]12(<-S(c3c([H])c([H])c([H])c([H])c3[H])c3c(N1C(=C(C(=O->2)C(C([H])([H])[H])(C([H])([H])[H])C([H])([H])[H])[H])C(F)(F)F)c([H])c([H])c([H])c3[H])(Cl)(Cl)Cl
KAWTEJ,0,ok,0.074276,58,1,,[Ti+4]12(<-P(c3c([H])c([H])c([H])c([H])c3[H])(c3c(N1C(=C(C(=O->2)C(F)(F)F)[H])c1c([H])c([H])c([H])c([H])c1[H])c([H])c([H])c([H])c3[H])c1c([H])c([H])c([H])c([H])c1[H])(Cl)(Cl)Cl
KAXCUH,0,ok,0.063765,52,1,,[Cr+2](<-[C-]#[O+])(<-[C-]#[O+])(<-[C-]#[O+])(<-[C-]#[O+])(<-[C-]#[O+])=C(C(C([H])([H])[H])(C([H])([H])[H])C([H])([H])[H])N=C(OC(=O)c1c([H])c([H])c([H])c([H])c1[H])c1c([H])c([H])c([H])c([H])c1[H]
KAZGUP,0,ok,0.114026,59,1,,[Ru+4]12(Cl)(Cl)(<-P(C(C(P->1(C([H])([H])[H])C([H])([H])[H])([H])[H])([H])[H])(C([H])([H])[H])C([H])([H])[H])N(c1c([H])c([H])c([H])c([H])c1[H])N=C(C(=O)C([H])([H])[H])N2c1c([H])c([H])c([H])c([H])c1[H]
KAZLEE,0,ok,0.123753,63,1,,[Ru+2]12345(Cl)(Cl)(<-P(N([H])C([H])([H])c6oc([H])c([H])c6[H])(c6c([H])c([H])c([H])c([H])c6[H])c6c([H])c([H])c([H])c([H])c6[H])<-c6([H])c->1(C([H])(C([H])([H])[H])C([H])([H])[H])c->2([H])c->3([H])c->4(C([H])([H])[H])c->56[H]
KELRAV,0,ok,0.072495,32,1,,[Pd+4]1(Cl)(Cl)N2C([H])=C([H])C([H])=C([H])C2=C2OC([H])([H])C([H])(c3c([H])c([H])c([H])c([H])c3[H])N12
KEYKAB,0,ok,0.308205,77,1,,c1([H])c([H])c([H])c2C(=C3C([H])=C([H])C(OC([H])([H])[H])=N3->[Zn+2]3(n12)<-N1=C([H])C([H])=C([H])C1=C(c1c([H])c([H])c(OC([H])([H])[H])n13)c1c([H])c([H])c(C(=O)OC([H])([H])[H])c([H])c1[H])c1c([H])c([H])c(C(=O)OC([H])([H])[H])c([H])c1[H]
KEZWOD,0,ok,0.058463,55,1,,[Rh+3]123(Cl)(<-C4([H])=C->1([H])C([H])([H])C([H])([H])C->2([H])=C->3([H])C([H])([H])C4([H])[H])=c1n(-c2c(C([H])([H])[H])c([H])c(C([H])([H])[H])c([H])c2C([H])([H])[H])c(C([H])([H])[H])c(C([H])([H])[H])o1
KICSAQ,0,ok,0.083341,33,1,,[Fe+4]12345(<-[C-]#[O+])(<-C6([H])=C->1([H])C->2([H])=C->3([H])C46[H])=C(N(C([H])([H])[H])C([H])([H])[H])N([H])C(C([H])([H])[H])=C5C#N
KICTUL,0,ok,0.215845,32,1,,[Ru+4]1234(I)(<-[C-]#[O+])(C5([H])C->1([H])=C->2([H])C->3([H])=C->45[H])=C(N(C([H])([H])[H])[H])c1c([H])c([H])c([H])c([H])c1[H]
KIDMAL,0,ok,0.086228,58,1,,[W+2](<-[C-]#[O+])(<-[C-]#[O+])(<-[C-]#[O+])(<-[C-]#[O+])(<-[C-]#[O+])=C(c1c([H])c([H])c([H])c([H])c1[H])N(c1c([H])c([H])c([H])c([H])c1[H])C(C([H])([H])[H])=C(C([H])([H])[H])N(c1c([H])c([H])c([H])c([H])c1[H])[H]
KIFDIO,0,ok,0.116626,59,1,,[Pd+4]1(Cl)(Cl)N(c2c([H])c([H])c(OC([H])([H])[H])c([H])c2[H])C(c2c([H])c([H])c([H])c([H])c2[H])=C(c2c([H])c([H])c([H])c([H])c2[H])N1c1c([H])c([H])c(OC([H])([H])[H])c([H])c1[H]
KIRDEX,0,ok,0.078453,61,1,,[Pd+4]1(OC(=O)C(F)(F)F)(OC(=O)C(F)(F)F)N(c2c(C([H])([H])[H])c([H])c([H])c([H])c2C([H])([H])[H])C(C([H])([H])[H])=C(C([H])([H])[H])N1c1c(C([H])([H])[H])c([H])c([H])c([H])c1C([H])([H])[H]
KIRTAI,0,ok,0.066658,49,1,,[V+3]12(<-O=C(N=N->1C(C([H])([H])[H])=C([H])C(=O->2)c1c([H])c([H])c([H])c([H])c1[H])c1c(O[H])c([H])c2c([H])c([H])c([H])c([H])c2c1[H])(=O)OC([H])([H])[H]
KIZTAO,0,ok,0.049341,48,1,,[W+2](<-[C-]#[O+])(<-[C-]#[O+])(<-[C-]#[O+])(<-[C-]#[O+])(<-[C-]#[O+])=C(N(C([H])([H])[H])C([H])([H])[H])C(C(C(=C([Si](C([H])([H])[H])(C([H])([H])[H])C([H])([H])[H])OC([H])([H])[H])[H])([H])[H])([H])[H]
KOCNOH,0,ok,0.082173,69,1,,[Pd+4]1(Cl)(Cl)N(c2c(C([H])([H])[H])c([H])c(C([H])([H])[H])c([H])c2C([H])([H])[H])c2c(c3c([H])c([H])c([H])c4c([H])c([H])c5c(c2c([H])c([H])c5[H])c34)N1c1c(C([H])([H])[H])c([H])c(C([H])([H])[H])c([H])c1C([H])([H])[H]
KOFTIL,0,ok,0.119787,80,1,,[Ni]12(<-P(C(S(=O)(=O)c3c([H])c([H])c(C([H])([H])[H])c([H])c3[H])=P(c->13c([H])c([H])c([H])c([H])c->23[H])(c1c([H])c([H])c([H])c([H])c1[H])c1c([H])c([H])c([H])c([H])c1[H])(c1c([H])c([H])c([H])c([H])c1[H])c1c([H])c([H])c([H])c([H])c1[H])(<-[C-]#[O+])<-[C-]#[O+]
KOLRAE,0,ok,0.475127,46,1,,[Mo+2]123456789(<-S=C(C(=O)C([H])([H])[H])C(=S->1)c1nc%10c([H])c([H])c([H])c([H])c%10nc1[H])(<-C1([H])=C->2([H])C3([H])C->4([H])=C->51[H])C1([H])C->6([H])=C->7([H])C->8([H])=C->91[H]
KOPRAL,0,ok,0.075262,44,1,,[Ru+2]1(Cl)(Cl)(<-S(=O)(C([H])([H])[H])C([H])([H])[H])(<-S(=O)(C([H])([H])[H])C([H])([H])[H])<-n2c([H])c([H])c([H])c([H])c2-c2n->1n(C([H])([H])[H])c([H])c2[H]
KOQBAT,0,ok,0.021267,23,1,,[Cr](<-[C-]#[O+])(<-[C-]#[O+])(<-[C-]#[O+])(<-[C-]#[O+])(<-[C-]#[O+])<-C1N([H])C([H])([H])C([H])([H])C1([H])[H]
KOQCIC,0,ok,0.185171,56,1,,[Mn+7]123(<-N(=C([H])c4c(c([H])c([H])c([H])c4[H])O1)C(c1c([H])c([H])c([H])c([H])c1[H])([H])C(c1c([H])c([H])c([H])c([H])c1[H])([H])N2[C-]([H])c1c(c([H])c([H])c([H])c1[H])O3)#N
KUBFIX,0,ok,0.044335,41,1,,C1(c2c([H])c([H])c([H])c([H])c2[H])N=N2C(=C(C([H])([H])[H])N3=NC(c4c([H])c([H])c([H])c([H])c4[H])=O->[Ni]<-2<-3<-O=1)C([H])([H])[H]
KUHSIQ,0,ok,0.095047,71,1,,[Pd]1(<-P(c2c([H])c([H])c([H])c([H])c2[H])(c2c([H])c([H])c([H])c([H])c2[H])c2c([H])c([H])c([H])c([H])c2[H])(<-P(c2c([H])c([H])c([H])c([H])c2[H])(c2c([H])c([H])c([H])c([H])c2[H])c2c([H])c([H])c([H])c([H])c2[H])<-O=O->1
KUKNIO,1,ok,0.041342,55,1,,[Ir+]1(<-P(C([H])([H])[H])(C([H])([H])[H])C([H])([H])[H])(<-P(C([H])([H])[H])(C([H])([H])[H])C([H])([H])[H])(<-P(C([H])([H])[H])(C([H])([H])[H])C([H])([H])[H])(<-P(C([H])([H])[H])(C([H])([H])[H])C([H])([H])[H])<-O=O->1
LABMEH,0,ok,0.025690,25,1,,[Pd+4]1(Br)(Br)Sc2c(n(C([H])([H])C([H])([H])[H])c(=S)n2C([H])([H])C([H])([H])[H])S1
LABMIL,0,ok,0.042035,31,1,,[Pd+2]12(<-S=C(C(=S->1)C#N)C#N)Sc1c(n(C([H])([H])C([H])([H])[H])c(=S)n1C([H])([H])C([H])([H])[H])S2
LABZEV,1,ok,0.048644,68,1,,C1([H])([H])C([H])([H])N(C([H])([H])[H])P(OC([H])([H])[H])(->[Pt+2](<-P2(OC([H])([H])[H])N(C([H])([H])[H])C([H])([H])C([H])([H])N2C([H])([H])[H])(<-P2(OC([H])([H])[H])N(C([H])([H])[H])C([H])([H])C([H])([H])N2C([H])([H])[H])Cl)N1C([H])([H])[H]
LADHOO,1,ok,0.073844,63,1,,[Pd+4]12(<-N(=C(C3([H])C1([H])C1([H])C([H])=C([H])C3([H])C1([H])[H])c1c(O[H])c([H])c([H])c([H])c1[H])C(C([H])([H])[H])(C([H])([H])[H])C([H])([H])[H])N1C(=C3N2C([H])=C([H])C([H])=C3[H])C([H])=C([H])C([H])=C1[H]
LAHCUU,0,ok,0.068341,65,1,,[Au+3](Cl)N1[P-](c2c([H])c([H])c([H])c([H])c2[H])(c2c([H])c([H])c([H])c([H])c2[H])C(C(=O)OC([H])([H])[H])=C(C(=O)OC([H])([H])[H])C1(c1c([H])c([H])c([H])c([H])c1[H])c1c([H])c([H])c([H])c([H])c1[H]
LASKIZ,0,ok,0.130825,77,1,,[W+2](<-[C-]#[O+])(<-[C-]#[O+])(<-[C-]#[O+])(<-[C-]#[O+])(<-[C-]#[O+])=C(N=C(c1c([H])c([H])c([H])c([H])c1[H])c1c([H])c([H])c([H])c([H])c1[H])C(=C(c1c([H])c([H])c(N(C([H])([H])[H])C([H])([H])[H])c([H])c1[H])c1c([H])c([H])c(N(C([H])([H])[H])C([H])([H])[H])c([H])c1[H])[H]
LASKOF,0,ok,0.069435,64,1,,[W+2](<-[C-]#[O+])(<-[C-]#[O+])(<-[C-]#[O+])(<-[C-]#[O+])(<-[C-]#[O+])=C(C(=C(c1c([H])c([H])c(N(C([H])([H])[H])C([H])([H])[H])c([H])c1[H])c1c([H])c([H])c(N(C([H])([H])[H])C([H])([H])[H])c([H])c1[H])[H])N(C([H])([H])[H])N(C([H])([H])[H])[H]
LASXUY,0,ok,0.046754,44,1,,[Pd+4]1(Oc2c([H])c([H])c([H])c([H])c2[H])(OC(C(F)(F)F)(C(F)(F)F)[H])N2C([H])=C([H])C([H])=C([H])C2=C2N1C([H])=C([H])C([H])=C2[H]
LAVCUH,1,ok,0.433301,66,1,,c1(P(c2c([H])c([H])c([H])c([H])c2[H])(c2c([H])c([H])c([H])c([H])c2[H])->[Ru+4]23456(<-C7([H])=C->2([H])C->3([H])=C->4([H])C75[H])N2C(=NN6c3c([H])c([H])c([H])c([H])c3[H])N([H])C([H])=C2[H])c([H])c([H])c([H])c([H])c1[H]
LAVPEG,0,ok,0.109361,85,1,,Br[Ni+4]1(Br)N(c2c(C([H])(C([H])([H])[H])C([H])([H])[H])c([H])c([H])c([H])c2C([H])(C([H])([H])[H])C([H])([H])[H])C2=C(N1c1c(C([H])(C([H])([H])[H])C([H])([H])[H])c([H])c([H])c([H])c1C([H])(C([H])([H])[H])C([H])([H])[H])c1c3c2c([H])c([H])c2c3c(c([H])c1[H])C([H])([H])C2([H])[H]
LAVYOZ,0,ok,0.100439,80,1,,[Au+3]12(Cl)<-P(c3c([B-]1(c1c([H])c([H])c(Cl)c([H])c1[H])c1c([H])c([H])c([H])c([H])c1P->2(c1c([H])c([H])c([H])c([H])c1[H])c1c([H])c([H])c([H])c([H])c1[H])c([H])c([H])c([H])c3[H])(c1c([H])c([H])c([H])c([H])c1[H])c1c([H])c([H])c([H])c([H])c1[H]
LAWTIP,0,ok,0.090708,80,1,,[Au+3]12(Cl)<-P(c3c([H])c([H])c([H])c([H])c3[H])(c3c([H])c([H])c([H])c([H])c3[B-]1(c1c([H])c([H])c(F)c([H])c1[H])c1c([H])c([H])c([H])c([H])c1P->2(c1c([H])c([H])c([H])c([H])c1[H])c1c([H])c([H])c([H])c([H])c1[H])c1c([H])c([H])c([H])c([H])c1[H]
LECSOC,0,ok,0.067377,53,1,,[Mo+2]123(<-n4c([H])c([H])c([H])n4-c4c([H])c([H])c([H])c(OC5([H])C([H])(C([H])(C([H])([H])[H])C([H])([H])[H])C([H])([H])C([H])([H])C([H])(C([H])([H])[H])C5([H])[H])n->14)(=O)(<-O=O->2)<-O=O->3
LEDTEU,0,ok,0.090322,78,1,,[Pd+4](Br)(<-P(c1c([H])c([H])c([H])c([H])c1[H])(c1c([H])c([H])c([H])c([H])c1[H])c1c([H])c([H])c([H])c([H])c1[H])(c1c(F)c(F)c(F)c(F)c1F)=C(C(=C(c1c([H])c([H])c([H])c([H])c1[H])[H])[H])N(C([H])([H])C([H])([H])[H])C([H])([H])C([H])([H])[H]
LEJXOO,0,ok,0.083456,28,1,,Cl[Pt+4]1(Cl)N(c2c([H])c([H])c(O[H])c([H])c2[H])C([H])=C2N1C([H])=C([H])C([H])=C2[H]
LERTIN,0,ok,0.032625,34,1,,[Pt+2](Cl)(Cl)(<-S(=O)(C([H])([H])[H])C([H])([H])[H])<-N([H])=C(N(C([H])([H])[H])C([H])([H])[H])N(C([H])([H])[H])C([H])([H])[H]
LESNED,0,ok,0.040249,24,1,,[Pd+4]1(Cl)(Cl)N2C([H])=C([H])C([H])=C3C2=C2N1C([H])=C([H])C([H])=C2C3([H])[H]
LESZUF,1,ok,0.167771,60,1,,[Ru+2]123(<-S(=O)(c4c([H])c([H])c([H])c([H])c4C(O1)=O)C([H])([H])[H])(<-n1c([H])c([H])c([H])c([H])c1-c1n->2c([H])c([H])c([H])c1[H])<-n1c([H])c([H])c([H])c([H])c1-c1n->3c([H])c([H])c([H])c1[H]
LETJUQ,0,ok,0.053885,48,1,,[Ni]12(<-O=C(C([H])([H])[H])C(=C(N->1=NC(=O->2)c1c([H])c([H])c([H])c([H])c1[H])C([H])([H])[H])[H])<-n1c([H])c([H])n([H])c1-c1c([H])c([H])c([H])c([H])c1[H]
LETKAX,0,ok,0.041081,41,1,,[Ni]12(<-O=C(C([H])([H])[H])C([H])=C(N->1=NC(=O->2)C([H])([H])[H])C([H])([H])[H])<-n1c([H])c([H])n([H])c1-c1c([H])c([H])c([H])c([H])c1[H]
LEWYAN,0,ok,0.041009,32,1,,[Cr+2](=c1oc2c(n1C([H])([H])[H])c(OC([H])([H])[H])c([H])c([H])c2[H])(<-[C-]#[O+])(<-[C-]#[O+])(<-[C-]#[O+])(<-[C-]#[O+])<-[C-]#[O+]
LEXZIX,0,ok,0.055439,45,1,,[Pt]12(<-S=C(C(=O)OC([H])([H])[H])C(=S->1)C(=O)OC([H])([H])[H])<-n1c([H])c([H])c(C([H])([H])[H])c([H])c1-c1n->2c([H])c([H])c(C([H])([H])[H])c1[H]
LEXZOD,0,ok,0.042559,51,1,,[Pt]1(<-S=C(C(OC([H])([H])[H])=O)C(=S->1)C(OC([H])([H])[H])=O)(<-P(OC([H])([H])[H])(OC([H])([H])[H])OC([H])([H])[H])<-P(OC([H])([H])[H])(OC([H])([H])[H])OC([H])([H])[H]
LIDROF,-1,ok,0.058938,23,1,,[Mo+4]1234(<-N(C([H])([H])C(=O)O1)(C([H])([H])C(=O)O2)C([H])([H])C(=O)O3)(<-O=O->4)=O
LIFDEJ,0,ok,0.068449,41,1,,[Ru+2]1(C([H])([H])[H])(<-[C-]#[O+])(<-[C-]#[O+])(<-N(=C(c2c([H])c([H])c([H])c([H])n->12)[H])C(C(OC([H])([H])[H])([H])[H])([H])[H])OS(C(F)(F)F)(=O)=O
LIJKEW,0,ok,0.092429,83,1,,[Os+2]12(Cl)(Cl)(<-P(c3c4c(c([H])c([H])c3[H])C(C([H])([H])[H])(C([H])([H])[H])c3c(c(P->1(C([H])(C([H])([H])[H])C([H])([H])[H])C([H])(C([H])([H])[H])C([H])([H])[H])c([H])c([H])c3[H])O->24)(C([H])(C([H])([H])[H])C([H])([H])[H])C([H])(C([H])([H])[H])C([H])([H])[H])<-S(=O)(C([H])([H])[H])C([H])([H])[H]
LILMUO,0,ok,0.081487,46,1,,[W+2](<-[C-]#[O+])(<-[C-]#[O+])(<-[C-]#[O+])(<-[C-]#[O+])(<-[C-]#[O+])=C(N=C(c1c([H])c([H])c([H])c([H])c1[H])c1c([H])c([H])c([H])c([H])c1[H])C(=O)OC([H])([H])C([H])([H])[H]
LIMLOL,0,ok,0.090650,57,1,,[Ru+2]1(<-S(=O)(C([H])([H])[H])C([H])([H])[H])(Cl)(Cl)(<-S(=O)(C([H])([H])[H])C([H])([H])[H])<-n2c3c([H])c([H])c([H])c([H])c3n([H])c2-c2c([H])c3c(oc2=N->1[H])c(C([H])([H])[H])c([H])c([H])c3[H]
LIWBAU,0,ok,0.036362,32,1,,[W+2](<-[C-]#[O+])(<-[C-]#[O+])(<-[C-]#[O+])(<-[C-]#[O+])(<-[C-]#[O+])=c1oc2c([H])c([H])c([H])c([H])c2n1C(C(=C([H])[H])[H])([H])[H]
LIYTAQ,0,ok,0.111034,76,1,,c1([H])c([H])c([H])c([H])c2-c3c([Pt+2](<-n12)(<-S(C([H])([H])[H])(c1c([H])c([H])c(C([H])([H])[H])c([H])c1[H])=O)Cl)c([H])c(OC([H])([H])[H])c1c([H])c([H])c2c([H])c([H])c4c([H])c([H])c5c([H])c([H])c6c([H])c([H])c([H])c([H])c6c5c4c2c31
LODGUG,1,ok,0.061737,61,1,,[Pd+2]123SC(SC([H])([H])[H])=C4C([H])([H])C([H])([H])C([H])([H])C4=N->1C(C(N->2(C(n1n->3c(C([H])([H])[H])c([H])c1C([H])([H])[H])([H])[H])C(n1nc(C([H])([H])[H])c([H])c1C([H])([H])[H])([H])[H])([H])[H])([H])[H]
LOFTEF,0,ok,0.057098,58,1,,[Ru+2]12(Cl)(Cl)(<-S(=O)(C([H])([H])[H])C([H])([H])[H])<-N(C(c3c([H])c([H])c([H])c(C(N->1(C(C([H])([H])[H])(C([H])([H])[H])C([H])([H])[H])[H])([H])[H])n->23)([H])[H])(C(C([H])([H])[H])(C([H])([H])[H])C([H])([H])[H])[H]
LOTNEN,0,ok,0.043990,38,1,,[Pt+2]12(Cl)(<-[S+](=O)[O-])<-N(C(c3c1c(C(N->2(C([H])([H])[H])C([H])([H])[H])([H])[H])c([H])c([H])c3[H])([H])[H])(C([H])([H])[H])C([H])([H])[H]
LOWXAY,0,ok,0.044245,40,1,,[Ni]12(<-O=C(C3=C(N->1=NC(=O->2)c1c([H])c([H])c([H])c([H])c1[H])C([H])([H])C([H])([H])C([H])([H])C3([H])[H])C(F)(F)F)<-N([H])([H])[H]
LUBRUV,0,ok,0.067688,28,1,,[Pd+4]1(Cl)(Cl)N2C([H])=C([H])C([H])=C([H])C2=C([H])N1c1c([H])c([H])c([H])c([H])c1O[H]
LUMNIS,0,ok,0.078241,78,1,,[Ni]12(<-P(c3c([H])c([H])c([H])c([H])c3[H])(C(P(c3c([H])c([H])c([H])c([H])c3[H])c3c([H])c([H])c([H])c([H])c3[H])([H])[H])c3c([H])c([H])c([H])c([H])c3[H])<-O=C(N=N->1C(C(F)(F)F)=C(C(=O->2)C(F)(F)F)[H])c1c([H])c([H])c([H])c([H])c1[H]
LUNDON,0,ok,0.027378,24,1,,[Cr+2](<-[C-]#[O+])(<-[C-]#[O+])(<-[C-]#[O+])(=C(N(C([H])([H])[H])C([H])([H])[H])C(Cl)=O)(<-[C-]#[O+])<-[C-]#[O+]
LUQXEB,0,ok,0.137187,79,1,,[Pd+4]1(OC(=O)C(F)(F)F)(OC(=O)C(F)(F)F)N(c2c(C([H])(C([H])([H])[H])C([H])([H])[H])c([H])c([H])c([H])c2C([H])(C([H])([H])[H])C([H])([H])[H])C([H])=C([H])N1c1c(C([H])(C([H])([H])[H])C([H])([H])[H])c([H])c([H])c([H])c1C([H])(C([H])([H])[H])C([H])([H])[H]
LUSJIU,0,ok,0.079114,53,1,,[Ru+2]12(<-S(C(C(N->1([H])C(C(N->21C([H])([H])C([H])([H])OC([H])([H])C1([H])[H])([H])[H])([H])[H])([H])[H])([H])[H])c1c([H])c([H])c([H])c([H])c1[H])(<-S(=O)(C([H])([H])[H])C([H])([H])[H])(Cl)Cl
LUZYAI,0,ok,0.067238,73,1,,[Au+3](Cl)=C(N([H])c1c(C([H])(C([H])([H])[H])C([H])([H])[H])c([H])c([H])c([H])c1C([H])(C([H])([H])[H])C([H])([H])[H])N(C([H])([H])P(=O)(OC([H])([H])C([H])([H])[H])OC([H])([H])C([H])([H])[H])C1([H])C([H])([H])C([H])([H])C([H])([H])C([H])([H])C1([H])[H]
LUZYOW,0,ok,0.058494,63,1,,[Au+3](Cl)=C(N(C([H])([H])C([H])(C([H])([H])[H])C([H])([H])[H])C([H])([H])C(P(=O)(OC([H])([H])C([H])([H])[H])OC([H])([H])C([H])([H])[H])([H])[H])N([H])c1c(C([H])([H])[H])c([H])c(C([H])([H])[H])c([H])c1C([H])([H])[H]
MALBUZ,0,ok,0.084230,27,1,,[Ru+4]1(Br)(Br)(<-[C-]#[O+])(<-[C-]#[O+])N2C([H])=C([H])C([H])=C([H])C2=C2N1C([H])=C([H])C([H])=C2[H]
MAMFIR,1,ok,0.091479,61,1,,[Ru+2]123456(Cl)(<-P(N([H])c7n->1c([H])c([H])c([H])c7[H])(c1c([H])c([H])c([H])c([H])c1[H])c1c([H])c([H])c([H])c([H])c1[H])<-c1(C(C([H])([H])[H])([H])C([H])([H])[H])c->2([H])c->3([H])c->4(C([H])([H])[H])c->5([H])c->61[H]
MAMTID,0,ok,0.125391,75,1,,[Ni+2]123<-O=C(C(=C(N1C([H])([H])C([H])([H])N2C(=C([H])C(=O->3)C([H])([H])c1c([H])c([H])c([H])c([H])c1[H])C([H])([H])c1c([H])c([H])c([H])c([H])c1[H])C([H])([H])c1c([H])c([H])c([H])c([H])c1[H])[H])C([H])([H])c1c([H])c([H])c([H])c([H])c1[H]
MAMVAX,0,ok,0.108447,75,1,,[Ni+2]123<-O=C(C(=C(N1C([H])([H])C([H])([H])N2C(=C([H])C(=O->3)C([H])([H])c1c([H])c([H])c([H])c([H])c1[H])C([H])([H])c1c([H])c([H])c([H])c([H])c1[H])C([H])([H])c1c([H])c([H])c([H])c([H])c1[H])[H])C([H])([H])c1c([H])c([H])c([H])c([H])c1[H]
MAQJAR,0,ok,0.046549,46,1,,C1([H])([H])=C2([H])C(=C(S([Ir+]<-1<-2345(<-C1([H])=C->3([H])C([H])([H])C([H])([H])C->4([H])=C->5([H])C([H])([H])C1([H])[H])<-P(C([H])([H])[H])(C([H])([H])[H])C([H])([H])[H])(=O)=O)[H])[H]
MAQJEV,0,ok,0.054623,53,1,,C1([H])([H])=C2([H])C([H])=C([H])S([Ir+]<-1<-2345(<-C1([H])=C->3([H])C([H])([H])C([H])([H])C->4([H])=C->5([H])C([H])([H])C1([H])[H])<-P(C([H])([H])[H])(C([H])([H])[H])c1c([H])c([H])c([H])c([H])c1[H])(=O)=O
MAQJIZ,0,ok,0.081457,67,1,,C1([H])([H])=C2(C(=C(S([Ir+]<-1<-2345(<-C1([H])=C->3([H])C([H])([H])C([H])([H])C->4([H])=C->5([H])C([H])([H])C1([H])[H])<-P(c1c([H])c([H])c([H])c([H])c1[H])(c1c([H])c([H])c([H])c([H])c1[H])c1c([H])c([H])c([H])c([H])c1[H])(=O)=O)[H])[H])[H]
MAQJOF,0,ok,0.042645,43,1,,C1([H])([H])=C2(C(=C([H])S(=O)(=O)[Ir+]<-1<-2345(<-C1([H])=C->3([H])C([H])([H])C([H])([H])C->4([H])=C->5([H])C([H])([H])C1([H])[H])<-S(C([H])([H])[H])(C([H])([H])[H])=O)[H])[H]
MAQKAS,0,ok,0.051843,59,1,,[Ir+]123(S(=O)(=O)C(=C(C(=C([H])[H])[H])[H])[H])(<-P(C([H])([H])[H])(C([H])([H])[H])C([H])([H])[H])(<-P(C([H])([H])[H])(C([H])([H])[H])C([H])([H])[H])<-C4([H])=C->1([H])C([H])([H])C([H])([H])C->2([H])=C->3([H])C([H])([H])C4([H])[H]
MASSEH,0,ok,0.095970,58,1,,c1([H])c([H])c([H])c2C(c3c([H])c([H])c([H])c([H])c3[H])=N(->[Pt+2]34(<-C5([H])=C->3([H])C([H])([H])C([H])([H])C4([H])C([H])=C([H])C5([H])[H])n12)S(c1c([H])c([H])c(C([H])([H])[H])c([H])c1[H])(=O)=O
MAVXUD,0,ok,0.083026,73,1,,[Ti+4]123(Cl)(Cl)<-N(=c4nc(C(C([H])([H])[H])(C([H])([H])[H])C([H])([H])[H])c5n4N1C(C([H])([H])[H])=C([H])C=5C([H])([H])[H])C([H])([H])C([H])([H])N->2=c1nc(C(C([H])([H])[H])(C([H])([H])[H])C([H])([H])[H])c2n1N3C(C([H])([H])[H])=C([H])C=2C([H])([H])[H]
MAWZAM,1,ok,0.046721,49,1,,[Pt+2]1(<-S(=O)(C([H])([H])[H])C([H])([H])[H])(<-N(C(c2c1c([H])c([H])c([H])c2[H])([H])[H])(C([H])([H])[H])C([H])([H])[H])<-n1c(N([H])[H])c([H])c([H])n(C([H])([H])[H])c1=O
MAYKED,0,ok,0.279765,69,1,,[Mo+2]12345(<-P(S1)(OC([H])([H])[H])c1c(C(C([H])([H])[H])(C([H])([H])[H])C([H])([H])[H])c([H])c(C(C([H])([H])[H])(C([H])([H])[H])C([H])([H])[H])c([H])c1C(C([H])([H])[H])(C([H])([H])[H])C([H])([H])[H])(<-[C-]#[O+])(<-[C-]#[O+])<-C1([H])=C->2([H])C3([H])C->4([H])=C->51[H]
MAYKUT,0,ok,0.309446,77,1,,[Mo+2]12345(<-P(O1)(Oc1c([H])c([H])c(O[H])c([H])c1[H])c1c(C(C([H])([H])[H])(C([H])([H])[H])C([H])([H])[H])c([H])c(C(C([H])([H])[H])(C([H])([H])[H])C([H])([H])[H])c([H])c1C(C([H])([H])[H])(C([H])([H])[H])C([H])([H])[H])(<-[C-]#[O+])(<-[C-]#[O+])<-C1([H])=C->2([H])C3([H])C->4([H])=C->51[H]
MAZFIE,1,ok,0.129299,74,1,,[Ru+2]123(<-O=C(c4n1c(C([H])([H])[H])c(C(C([H])([H])[H])([H])[H])c4C([H])([H])[H])c1c([H])c([H])c([H])c([H])c1[H])(<-n1c([H])c([H])c([H])c([H])c1-c1n->2c([H])c([H])c([H])c1[H])<-n1c([H])c([H])c([H])c([H])c1-c1n->3c([H])c([H])c([H])c1[H]
MAZGIF,1,ok,0.166855,61,1,,[Ru+2]123(<-O=C(c4n1c(C([H])([H])[H])c(C([H])([H])[H])c4C([H])([H])[H])[H])(<-n1c([H])c([H])c([H])c([H])c1-c1n->2c([H])c([H])c([H])c1[H])<-n1c([H])c([H])c([H])c([H])c1-c1n->3c([H])c([H])c([H])c1[H]
MAZGOL,1,ok,0.122620,52,1,,[Ru+4]123(<-O=C(c4n1c([H])c([H])c4[H])[H])(<-n1c([H])c([H])c([H])c([H])c1-c1n->2c([H])c([H])c([H])c1[H])N1C([H])=C([H])C([H])=C([H])C1=C1N3C([H])=C([H])C([H])=C1[H]
MCYSPT,0,ok,0.026455,21,1,,[Pt+2]1(Cl)(Cl)<-S(=O)(C(C(N->1([H])[H])(C(=O)O[H])[H])([H])[H])C([H])([H])[H]
MECCUV,1,ok,0.076323,65,1,,[Ir+5]123(<-n4c([H])c([H])c([H])c([H])c4-n4c=1c([H])c(N(C([H])([H])[H])C([H])([H])[H])c([H])c4[H])(<-n1n(-c4c2c([H])c([H])c([H])c4[H])c([H])c([H])c1[H])<-n1n(-c2c3c([H])c([H])c([H])c2[H])c([H])c([H])c1[H]
MEJTUT,0,ok,0.078035,55,1,,[Ru+2](Cl)(Cl)(<-S(C([H])([H])[H])(C([H])([H])[H])=O)(<-S(C([H])([H])[H])(C([H])([H])[H])=O)(<-S(C([H])([H])[H])(C([H])([H])[H])=O)<-n1c([H])nn2c1nc(C([H])([H])[H])c(C([H])([H])[H])c2C([H])([H])[H]
MEQZAJ,0,ok,0.063148,58,1,,[Rh+]1234(<-S(=O)(N=C(N1S(=O)C(C([H])([H])[H])(C([H])([H])[H])C([H])([H])[H])C([H])([H])[H])C(C([H])([H])[H])(C([H])([H])[H])C([H])([H])[H])<-C1([H])=C->2([H])C([H])([H])C([H])([H])C->3([H])=C->4([H])C([H])([H])C1([H])[H]
MERGUL,0,ok,0.143534,80,1,,[Ni+2]123<-N4=C(C([H])([H])[H])C5=C(C([H])([H])[H])N1c1c(c([H])c([H])c([H])c1[H])N2C(C([H])([H])[H])=C(C(C([H])([H])[H])=N->3c1c([H])c([H])c([H])c([H])c14)C(=O)OC([H])([H])C([H])([H])OC([H])([H])C([H])([H])OC([H])([H])C([H])([H])OC([H])([H])C([H])([H])OC5=O
MERJID,0,ok,0.126625,78,1,,[Cr+2](<-[C-]#[O+])(<-[C-]#[O+])(<-[C-]#[O+])(<-[C-]#[O+])(<-[C-]#[O+])=C(N1C([H])([H])C([H])([H])C([H])([H])C1([H])[H])C1=C(c2c([H])c([H])c([H])c([H])c2[H])C2(C([H])([H])[H])C13OC([H])([H])C([H])([H])N3C(c1c([H])c([H])c([H])c([H])c1[H])=C(C(=O)OC([H])([H])C([H])([H])[H])C2([H])[H]
METTAH,0,ok,0.368061,34,1,,[Ir+]12345(<-S=C(C(=S->1)C#N)C#N)<-C1(C([H])([H])[H])=C->2(C([H])([H])[H])C->3(C([H])([H])[H])=C->4(C([H])([H])[H])C51C([H])([H])[H]
MEZCOJ,-1,ok,0.040819,32,1,,[V+3]1234(<-n5c(N([H])[H])c([H])c([H])c([H])c5C(N->1(C([H])([H])C(=O)O2)C([H])([H])C(=O)O3)([H])[H])(=O)<-O=O->4
MEZCUP,-1,ok,0.043031,32,1,,Brc1c([H])c([H])c(N([H])[H])n2->[V+3]345(<-N(C(c21)([H])[H])(C([H])([H])C(=O)O3)C([H])([H])C(=O)O4)(=O)<-O=O->5
MEZZOG,0,ok,0.065649,62,1,,[Pt]123(<-[Se]=C(C(=[Se]->1)C(=O)OC([H])([H])[H])C(=O)OC([H])([H])[H])<-P(C1([H])C([H])=C([H])C->2([H])=C->3([H])C([H])=C1[H])(C1([H])C([H])=C([H])C([H])=C([H])C([H])=C1[H])C1([H])C([H])=C([H])C([H])=C([H])C([H])=C1[H]
MICRUL,0,ok,0.265044,57,1,,[Mn+]1234(<-C5(c6c(F)c(F)c(F)c(F)c6F)=C->1(c1c(F)c(F)c(F)c(F)c1F)C->2(c1c(F)c(F)c(F)c(F)c1F)=C->3(c1c(F)c(F)c(F)c(F)c1F)C45[H])(<-[C-]#[O+])(<-[C-]#[O+])<-[C-]#[O+]
MIHFUF,0,ok,0.067799,63,1,,[Pd+4]1(Cl)(Cl)=C(N([H])c2c([H])c([H])c(C(F)(F)F)c([H])c2[H])N(C([H])([H])[H])C2([H])C([H])(C([H])([H])C([H])([H])C([H])([H])C2([H])[H])[N+](C([H])([H])[H])=C1N([H])c1c([H])c([H])c(C(F)(F)F)c([H])c1[H]
MIJQIG,0,ok,0.065503,64,1,,[Zn+2]1(<-N(=P(N1[Si](C([H])([H])[H])(C([H])([H])[H])C([H])([H])[H])(N([H])C(C([H])([H])[H])(C([H])([H])[H])C([H])([H])[H])N([H])C(C([H])([H])[H])(C([H])([H])[H])C([H])([H])[H])C(C([H])([H])[H])(C([H])([H])[H])C([H])([H])[H])C([H])([H])[H]
MIMXAH,0,ok,0.029014,32,1,,[Rh+](Cl)(<-S(=O)(C([H])([H])[H])C([H])([H])[H])(<-S(=O)(C([H])([H])[H])C([H])([H])[H])<-S(=O)(C([H])([H])[H])C([H])([H])[H]
MIMXOV,1,ok,0.038879,41,1,,[Rh+](<-O=S(C([H])([H])[H])C([H])([H])[H])(<-S(=O)(C([H])([H])[H])C([H])([H])[H])(<-S(=O)(C([H])([H])[H])C([H])([H])[H])<-O=S(C([H])([H])[H])C([H])([H])[H]
MINNOO,1,ok,0.140581,60,1,,[Ru+4]123(Oc4c([H])c([H])c([H])c([H])c4-c4n([H])c([H])c([H])n->14)(<-n1c([H])c([H])c([H])c([H])c1-c1n->2c([H])c([H])c([H])c1[H])N1C([H])=C([H])C([H])=C([H])C1=C1N3C([H])=C([H])C([H])=C1[H]
MINPIK,0,ok,0.147912,59,1,,[Ru+4]123(<-n4c([H])c([H])c([H])c([H])c4-c4n->1c([H])c([H])c([H])c4[H])(Oc1c([H])c([H])c([H])c([H])c1-c1nc([H])c([H])n12)N1C([H])=C([H])C([H])=C([H])C1=C1N3C([H])=C([H])C([H])=C1[H]
MISXAO,0,ok,0.067613,56,1,,[Os+8]12(=O)(=O)(OC3(C([H])([H])[H])C(=O)N([H])C(=O)N(C4([H])OC([H])(C(O[H])([H])[H])C(O[H])([H])C4([H])[H])C3([H])O1)N1C(=C3N2C([H])=C([H])C([H])=C3[H])C([H])=C([H])C([H])=C1[H]
MITNAF,0,ok,0.060284,47,1,,[Ru+2]12(Cl)(<-S(=O)(C([H])([H])[H])C([H])([H])[H])(<-n3c([H])c([H])c([H])c([H])c3C(N->1(C([H])([H])C([H])([H])[H])C([H])([H])c1n->2c([H])c([H])c([H])c1[H])([H])[H])Cl
MIXQOC,1,ok,0.031956,26,1,,[Hg+2](Cl)<-[c-]1[n+]([H])c2c([H])c([H])c([H])c([H])c2n1-c1nc([H])c([H])c([H])c1[H]
MOBBEL,1,ok,0.131691,70,1,,[Ir+5]123(<-n4n(-c5c(F)c([H])c(F)c([H])c51)c([H])c([H])c4[H])(<-n1n(-c4c(F)c([H])c(F)c([H])c42)c([H])c([H])c1[H])N1C2=C4N3C([H])=C([H])C([H])=C4C(C([H])([H])C([H])([H])[H])(C([H])([H])C([H])([H])[H])C2=C([H])C([H])=C1[H]
MOBSIH,0,ok,0.059022,42,1,,[Pd+4]1(Cl)(Cl)N2C(=C3N1C([H])=C([H])C([H])=C3[H])N(C([H])([H])[H])c1c3c(c4c(c([H])c([H])c([H])c4[H])c12)c([H])c([H])c([H])c3[H]
MOBSON,0,ok,0.053709,39,1,,[Pd+4]1(Cl)(Cl)N2C(=C3N1C([H])=C([H])C([H])=C3[H])N([H])c1c2c2c(c([H])c([H])c([H])c2[H])c2c1c([H])c([H])c([H])c2[H]
MOCKUK,1,ok,0.137507,67,1,,[Pt+4]1(<-P(c2c([H])c([H])c([H])c([H])c2[H])(c2c([H])c([H])c([H])c([H])c2[H])c2c([H])c([H])c([H])c([H])c2[H])(C([H])([H])[H])N2C(C([H])([H])[H])=C([H])C([H])=c3c([H])c([H])c4c(c32)N1C(C([H])([H])[H])=C([H])C=4[H]
MODVIK,0,ok,0.067574,47,1,,c1([H])c([H])c([H])c([H])c2N(c3c([H])c([H])c([H])c([H])n3)P(c3c([H])c([H])c([H])c([H])c3[H])(c3c([H])c([H])c([H])c([H])c3[H])->[Pd+2](<-n12)(Cl)Cl
MORJOU,0,ok,0.082049,74,1,,[H]N(C(c1c(N2C(C([H])([H])[H])=C(C([H])([H])[H])N(c3c(C([H])(C([H])([H])[H])C([H])([H])[H])c([H])c([H])c([H])c3C([H])(C([H])([H])[H])C([H])([H])[H])[Pd+4]2(C([H])([H])[H])Cl)c(C([H])(C([H])([H])[H])C([H])([H])[H])c([H])c([H])c1[H])=O)C([H])([H])[H]
MORKAH,0,ok,0.082691,71,1,,[H]N(C(c1c(N2C(C([H])([H])[H])=C(C([H])([H])[H])N(c3c(C([H])(C([H])([H])[H])C([H])([H])[H])c([H])c([H])c([H])c3C([H])(C([H])([H])[H])C([H])([H])[H])[Pd+4]2(Cl)Cl)c(C([H])(C([H])([H])[H])C([H])([H])[H])c([H])c([H])c1[H])=O)C([H])([H])[H]
MORKEL,0,ok,0.102185,80,1,,C([H])([H])([H])[Pd+4]1(OC(C([H])([H])[H])=O)N(c2c(C([H])(C([H])([H])[H])C([H])([H])[H])c([H])c([H])c([H])c2C([H])(C([H])([H])[H])C([H])([H])[H])C(C([H])([H])[H])=C(C([H])([H])[H])N1c1c(C(N(C([H])([H])[H])[H])=O)c([H])c([H])c([H])c1C([H])(C([H])([H])[H])C([H])([H])[H]
MORSOB,0,ok,0.055541,53,1,,[Pd+4](Br)(<-P(C([H])([H])[H])(C([H])([H])[H])C([H])([H])[H])(=C(N(C([H])([H])C([H])([H])[H])C([H])([H])C([H])([H])[H])c1c([H])c([H])c([H])c([H])c1[H])c1c(F)c(F)c(F)c(F)c1F
MOVXAW,0,ok,0.070122,59,1,,[W](<-P([H])(C([H])([H])[H])C1=C([H])C(=P(c2c([H])c([H])c([H])c([H])c2[H])(c2c([H])c([H])c([H])c([H])c2[H])c2c([H])c([H])c([H])c([H])c2[H])C([H])=C1[H])(<-[C-]#[O+])(<-[C-]#[O+])(<-[C-]#[O+])(<-[C-]#[O+])<-[C-]#[O+]
MOZDUC,0,ok,0.210615,18,1,,[Mo+4]12345(<-O=O->1)(=O)(<-C1([H])=C->2([H])C3([H])C->4([H])=C->51[H])C(F)(F)F
MUCCOC,1,ok,0.107782,55,1,,[Ru+4]123(Oc4c([H])c([H])c(Cl)c([H])c4C(=O->1)[H])(<-n1c([H])c([H])c([H])c([H])c1-c1n->2c([H])c([H])c([H])c1[H])N1C([H])=C([H])C([H])=C([H])C1=C1N3C([H])=C([H])C([H])=C1[H]
MUFHEC,0,ok,0.080701,49,1,,[V+3]123(<-N(=NC(=O->1)C(C([H])([H])[H])(C([H])([H])[H])C([H])([H])[H])C(=C(C(=O->2)C([H])([H])[H])[H])C([H])([H])[H])(<-n1c([H])c([H])c([H])c2c([H])c([H])c([H])c(O3)c12)=O
MUGZOE,0,ok,0.067127,63,1,,c1([H])c([H])c(C(C([H])([H])[H])(C([H])([H])[H])C([H])([H])[H])c([H])c2-c3c([H])c(C(C([H])([H])[H])(C([H])([H])[H])C([H])([H])[H])c([H])c([H])n3->[Rh+]3(<-[C-]#[N+]C(C([H])([H])[H])(C([H])([H])[H])C([H])([H])[H])(Cl)(<-n12)<-O=O->3
MUNFIL,0,ok,0.160629,64,1,,[Ti+4]1234(Cl)(Cl)(<-C5(C([H])([H])[H])=C->1(C([H])([H])[H])C->2(C([H])([H])[H])=C->3(C([H])([H])[H])C45C([H])([H])[H])C(=P(c1c([H])c([H])c([H])c([H])c1[H])(c1c([H])c([H])c([H])c([H])c1[H])c1c([H])c([H])c([H])c([H])c1[H])[H]
MUPSUM,0,ok,0.065595,45,1,,[Ru+2](Cl)(Cl)(<-S(=O)(C([H])([H])[H])C([H])([H])[H])(<-S(=O)(C([H])([H])[H])C([H])([H])[H])(<-n1c([H])c([H])c([H])c([H])c1[H])<-n1c([H])c([H])c([H])c([H])c1[H]
MUTSEB,0,ok,0.075545,72,1,,[Pd+2]12<-P(c3c(C4=C([H])[N-]C([H])=C(c5c(P->1(C([H])(C([H])([H])[H])C([H])([H])[H])C([H])(C([H])([H])[H])C([H])([H])[H])c([H])c([H])c([H])c5[H])C24[H])c([H])c([H])c([H])c3[H])(C([H])(C([H])([H])[H])C([H])([H])[H])C([H])(C([H])([H])[H])C([H])([H])[H]
NACPUF,0,ok,0.091373,51,1,,[Mo+4]123(=O)(<-O=O->1)(<-N(=C(C([H])([H])[H])c1c(n(-c4c([H])c([H])c([H])c([H])c4[H])nc1C([H])([H])[H])O2)N=C(c1c([H])c([H])c([H])c([H])c1[H])O3)<-O([H])C([H])([H])[H]
NADYAS,0,ok,0.069296,49,1,,[W+2](<-[C-]#[O+])(<-[C-]#[O+])(<-[C-]#[O+])(<-[C-]#[O+])(<-[C-]#[O+])=C(N(C(C([H])([H])[H])([H])[H])C(C([H])([H])[H])([H])[H])C(=C(c1c([H])c([H])c(C([H])([H])[H])c([H])c1[H])[H])C(=C([H])[H])[H]
NAFJAG,0,ok,0.050138,57,1,,[Rh+3]123(Cl)(=C(N(C(C([H])([H])[H])(C([H])([H])[H])[H])C([H])(C([H])([H])[H])C([H])([H])[H])C(C([H])([H])[H])(C([H])([H])[H])C([H])([H])[H])<-C4([H])=C->1([H])C([H])([H])C([H])([H])C->2([H])=C->3([H])C([H])([H])C4([H])[H]
NAHTAR,0,ok,0.043233,39,1,,[Re+3]12(=O)(<-O=O->1)(<-O=O->2)(<-O=P(N(C([H])([H])[H])C([H])([H])[H])(N(C([H])([H])[H])C([H])([H])[H])N(C([H])([H])[H])C([H])([H])[H])C([H])([H])[H]
NAKJUH,0,ok,0.113002,70,1,,Br[Ni+4]1234(C5([H])C->1([H])=C->2([H])C->3([H])=C->45[H])=C1N(c2c(C([H])([H])[H])c([H])c(C([H])([H])[H])c([H])c2C([H])([H])[H])C([H])([H])C([H])([H])C([H])([H])C([H])([H])C([H])([H])N1c1c(C([H])([H])[H])c([H])c(C([H])([H])[H])c([H])c1C([H])([H])[H]
NALVUR,-1,ok,0.051500,45,1,,[V+](<-P(c1c([H])c([H])c([H])c([H])c1[H])(c1c([H])c([H])c([H])c([H])c1[H])C1=C([H])[C-]([H])C([H])=C([H])[C-]1[H])(<-[C-]#[O+])(<-[C-]#[O+])(<-[C-]#[O+])(<-[C-]#[O+])<-[C-]#[O+]
NAMFUE,1,ok,0.079583,51,1,,I[Ru+4]123(<-n4c([H])c([H])c([H])c([H])c4-c4n->1c(-c1n->2c([H])c([H])c([H])c1[H])c([H])c([H])c4[H])N1C([H])=C([H])C([H])=C([H])C1=C1N3C([H])=C([H])C([H])=C1[H]
NAMSIG,1,ok,0.163311,70,1,,[Ru+4]1(<-P(C([H])([H])[H])(C([H])([H])[H])c2c([H])c([H])c([H])c([H])c2[H])(<-P(C([H])([H])[H])(C([H])([H])[H])c2c([H])c([H])c([H])c([H])c2[H])(OC(=O)C(F)(F)F)(<-[C-]#[O+])N2C([H])=C([H])C([H])=C([H])C2=C2N1C([H])=C([H])C([H])=C2[H]
NASPAY,0,ok,0.060698,61,1,,[Cr+2](<-[C-]#[O+])(<-[C-]#[O+])(<-[C-]#[O+])(<-[C-]#[O+])(<-[C-]#[O+])=C(N(P(N(C(C([H])([H])[H])(C([H])([H])[H])[H])C(C([H])([H])[H])(C([H])([H])[H])[H])N(C(C([H])([H])[H])(C([H])([H])[H])[H])C(C([H])([H])[H])(C([H])([H])[H])[H])[H])C([H])([H])[H]
NASPEC,0,ok,0.055207,61,1,,[Mo+2](<-[C-]#[O+])(<-[C-]#[O+])(<-[C-]#[O+])(<-[C-]#[O+])(<-[C-]#[O+])=C(N(P(N(C(C([H])([H])[H])(C([H])([H])[H])[H])C(C([H])([H])[H])(C([H])([H])[H])[H])N(C(C([H])([H])[H])(C([H])([H])[H])[H])C(C([H])([H])[H])(C([H])([H])[H])[H])[H])C([H])([H])[H]
NASPIG,0,ok,0.084744,68,1,,[Cr+2](<-[C-]#[O+])(<-[C-]#[O+])(<-[C-]#[O+])(<-[C-]#[O+])(<-[C-]#[O+])=C(N(P(N(C(C([H])([H])[H])(C([H])([H])[H])[H])C(C([H])([H])[H])(C([H])([H])[H])[H])N(C(C([H])([H])[H])(C([H])([H])[H])[H])C(C([H])([H])[H])(C([H])([H])[H])[H])[H])c1c([H])c([H])c([H])c([H])c1[H]
NAWTIR,1,ok,0.191615,54,1,,[Ru+4]123(OC(=O)c4n->1c([H])c([H])c([H])c4[H])(<-n1c(-c4n->2c([H])c([H])c([H])c4[H])c([H])c([H])c([H])c1[H])N1C(=C2N3C([H])=C([H])C([H])=C2[H])C([H])=C([H])C([H])=C1[H]
NEDHEK,0,ok,0.056950,60,1,,[Pd+4]12(OC(=O)C([H])([H])[H])N3C([H])(C([H])(C([H])([H])[H])C([H])([H])[H])C([H])([H])OC3=C3N1C(=C([H])C([H])=C3[H])C(=O)N2C([H])(C([H])(C([H])([H])[H])C([H])([H])[H])C(OC(=O)C([H])([H])[H])([H])[H]
NEDHIO,0,ok,0.077638,62,1,,[Pd+4]12(OC(=O)C([H])([H])[H])N3C(c4c([H])c([H])c([H])c([H])c4[H])([H])C([H])([H])OC3=C3N1C(=C([H])C([H])=C3[H])C(=O)N2C([H])(c1c([H])c([H])c([H])c([H])c1[H])C(OC(=O)C([H])([H])[H])([H])[H]
NEDKOZ,0,ok,0.032541,33,1,,[Fe]([Si](Cl)(Cl)c1[n+](C([H])([H])[H])c(C([H])([H])[H])c(C([H])([H])[H])n1C([H])([H])[H])(<-[C-]#[O+])(<-[C-]#[O+])(<-[C-]#[O+])<-[C-]#[O+]
NEDKUF,0,ok,0.029619,33,1,,[Fe]([Si]([H])([H])c1[n+](C([H])([H])[H])c(C([H])([H])[H])c(C([H])([H])[H])n1C([H])([H])[H])(<-[C-]#[O+])(<-[C-]#[O+])(<-[C-]#[O+])<-[C-]#[O+]
NEFWUQ,1,ok,0.185296,76,1,,[Ru+4]123(Cl)(<-n4c5c6n->1c(-c1n->2c2c([H])c([H])c([H])c([H])c2c([H])c1[H])c([H])c([H])c6c([H])c([H])c5c([H])c([H])c4[H])N1c2c4c(c([H])c([H])c2=C([H])C([H])=C1[H])=C([H])C([H])=C(c1nc2c([H])c([H])c([H])c([H])c2c([H])c1[H])N34
NEGQOF,1,ok,0.118671,56,1,,[Pd+4]1(<-P(c2c([H])c([H])c([H])c([H])c2[H])(c2c([H])c([H])c([H])c([H])c2[H])c2c([H])c([H])c([H])c([H])c2[H])(C([H])([H])[H])N2C(=C(OC([H])([H])[H])O1)C([H])=C([H])C([H])=C2[H]
NELVOS,-1,ok,0.076982,45,1,,[Mo+2]123(Oc4n(-c5c([H])c([H])c([H])c([H])c5[H])nc(C([H])([H])[H])c4C(=O->1)C([H])([H])C(C([H])([H])[H])(C([H])([H])[H])C([H])([H])[H])(=O)(<-O=O->2)<-O=O->3
NESJAW,0,ok,0.136985,71,1,,[Ni+4]123n4c5c([H])c([H])c4=C([H])c4n1c(c([H])c4[H])C(c1c([H])c([H])c([H])c([H])c1[H])=c1n2c(c([H])c1[H])=C(C#C[Si](C([H])([H])[H])(C([H])([H])[H])C([H])([H])[H])c1n3c(c([H])c1[H])C=5c1c([H])c([H])c([H])c([H])c1[H]
NEXDEZ,0,ok,0.092909,73,1,,[Re+3]123(<-S=C(N=N->1C(=C(C(=O->2)c1c([H])c([H])c([H])c([H])c1[H])[H])C([H])([H])[H])c1c([H])c([H])c([H])c([H])c1[H])(SC(=NN->3=C(C([H])([H])C(=O)c1c([H])c([H])c([H])c([H])c1[H])C([H])([H])[H])c1c([H])c([H])c([H])c([H])c1[H])=O
NIBBAB,0,ok,0.053032,43,1,,[Mn+]1(<-[Se]=P(c2c1c([H])c([H])c([H])c2[H])(c1c([H])c([H])c([H])c([H])c1[H])c1c([H])c([H])c([H])c([H])c1[H])(<-[C-]#[O+])(<-[C-]#[O+])(<-[C-]#[O+])<-[C-]#[O+]
NIBHAK,0,ok,0.152096,77,1,,[Fe+2]1234(<-P(C([H])([H])[H])(C([H])(C([H])([H])[H])C([H])([H])[H])C([H])(C([H])([H])[H])C([H])([H])[H])([Si](c5c([H])c([H])c([H])c([H])c5[H])(c5c([H])c([H])c([H])c([H])c5[H])[H])(<-N#N)<-C5(C([H])([H])[H])=C->1(C([H])([H])[H])C->2(C([H])([H])[H])=C->3(C([H])([H])[H])C45C([H])([H])[H]
NIJCEP,1,ok,0.025808,23,1,,[Pt+2]1(<-S(C([H])([H])[H])(=O)C([H])([H])[H])(Cl)<-N([H])([H])N(C(N([H])[H])=N->1[H])[H]
NIKGAQ,0,ok,0.050315,47,1,,[Ru+2]12(<-S(=O)(C([H])([H])[H])C([H])([H])[H])(<-S(=O)(C([H])([H])[H])C([H])([H])[H])(OC(=O)c3n->1c([H])c([H])c([H])c3[H])OC(=O)c1n->2c([H])c([H])c([H])c1[H]
NILKUO,0,ok,0.046040,36,1,,c1([H])c([H])c([H])c([H])c([H])c1N([H])C(c1c([H])c([H])c([H])c([H])c1[H])=[Cr+2](<-[C-]#[O+])(<-[C-]#[O+])(<-[C-]#[O+])(<-[C-]#[O+])<-[C-]#[O+]
NINCIW,0,ok,0.138431,58,1,,[Re+7]1(Cl)(Cl)(Cl)(=Nc2c([H])c([H])c(OC([H])([H])[H])c([H])c2[H])N2C(=C(c3c([H])c([H])c([H])c([H])c3[H])N1c1c([H])c([H])c(OC([H])([H])[H])c([H])c1[H])C([H])=C([H])C([H])=C2[H]
NIPHIE,1,ok,0.138264,64,1,,[Ru+4]1234(n5c(C([H])([H])N->1(C([H])([H])c1c([H])c([H])c([H])c([H])n->21)C([H])([H])c1c([H])c([H])c([H])c([H])n->31)nc1c5c([H])c([H])c([H])c1[H])N1C([H])=C([H])C([H])=C([H])C1=C1C([H])=C([H])C([H])=C([H])N41
NISHOP,0,ok,0.042983,29,1,,[Pt]12(<-S=C(C(=S->1)C#N)C#N)<-n1c(-c3n->2c([H])c([H])c([H])c3[H])c([H])c([H])c([H])c1[H]
NOCCAL,0,ok,0.036314,38,1,,[Pt]12(<-S=C3N(C([H])([H])C([H])([H])[H])C([H])([H])C([H])([H])C([H])([H])N(C(C([H])([H])[H])([H])[H])C3=S->1)<-S=C(C(=S->2)C#N)C#N
NOCCEP,0,ok,0.039738,38,1,,[Pd]12(<-S=C3N(C([H])([H])C([H])([H])[H])C([H])([H])C([H])([H])C([H])([H])N(C(C([H])([H])[H])([H])[H])C3=S->1)<-S=C(C(=S->2)C#N)C#N
NODRUT,1,ok,0.173399,65,1,,[Ru+6]123(OC(=O)C(=N->1C(c1c([H])c([H])c([H])c([H])c1[H])([H])[H])[H])(N1c4c(c([H])c([H])c5c4N2C([H])=C([H])C=5[H])=C([H])C([H])=C1[H])N1c2c(c([H])c([H])c4c2N3C([H])=C([H])C=4[H])=C([H])C([H])=C1[H]
NONPIQ,0,ok,0.027218,30,1,,[Au+3](=C(N(C(C([H])([H])[H])(C([H])([H])[H])C([H])([H])[H])[H])N(c1c([H])c([H])c([H])c([H])n1)[H])Cl
NOQFOR,0,ok,0.170950,77,1,,[Pt+2](<-P(N([H])c1c([H])c([H])c(C#N)c([H])c1[H])(c1c([H])c([H])c([H])c([H])c1[H])c1c([H])c([H])c([H])c([H])c1[H])(Cl)(<-P(N([H])c1c([H])c([H])c(C#N)c([H])c1[H])(c1c([H])c([H])c([H])c([H])c1[H])c1c([H])c([H])c([H])c([H])c1[H])Cl
NOQFUX,0,ok,0.147633,77,1,,[Pt+2](Cl)(<-P(N([H])c1c(C#N)c([H])c([H])c([H])c1[H])(c1c([H])c([H])c([H])c([H])c1[H])c1c([H])c([H])c([H])c([H])c1[H])(Cl)<-P(N([H])c1c(C#N)c([H])c([H])c([H])c1[H])(c1c([H])c([H])c([H])c([H])c1[H])c1c([H])c([H])c([H])c([H])c1[H]
NOYVAA,0,ok,0.063167,64,1,,[Pd+4]1(Cl)(Cl)<-P(N(C=1N(C(C([H])([H])[H])(C([H])([H])[H])[H])C(C([H])([H])[H])(C([H])([H])[H])[H])c1c([H])c([H])c([H])c([H])c1[H])(C(C([H])([H])[H])(C([H])([H])[H])C([H])([H])[H])C(C([H])([H])[H])(C([H])([H])[H])C([H])([H])[H]
NOYVUU,0,ok,0.066962,67,1,,[Pd+4]1(Cl)(Cl)<-P(N(C=1N(C(C([H])([H])[H])(C([H])([H])[H])[H])C(C([H])([H])[H])(C([H])([H])[H])[H])c1c([H])c([H])c(C(F)(F)F)c([H])c1[H])(C(C([H])([H])[H])(C([H])([H])[H])C([H])([H])[H])C(C([H])([H])[H])(C([H])([H])[H])C([H])([H])[H]
NOYWAB,0,ok,0.066791,68,1,,[Pd+4]1(Cl)(Cl)<-P(N(C=1N(C(C([H])([H])[H])(C([H])([H])[H])[H])C(C([H])([H])[H])(C([H])([H])[H])[H])c1c([H])c([H])c(OC([H])([H])[H])c([H])c1[H])(C(C([H])([H])[H])(C([H])([H])[H])C([H])([H])[H])C(C([H])([H])[H])(C([H])([H])[H])C([H])([H])[H]
NUCKEB,0,ok,0.068421,45,1,,[Cr+2]1(<-S(=O)(C2=C(C=1N1C([H])([H])C([H])([H])C([H])([H])C1([H])[H])OC([H])([H])C2([H])[H])c1c([H])c([H])c([H])c([H])c1[H])(<-[C-]#[O+])(<-[C-]#[O+])(<-[C-]#[O+])<-[C-]#[O+]
NUCVIQ,0,ok,0.121304,45,1,,[Pt+4]12(OC(=O)C3(C(=O)O1)C([H])([H])C([H])([H])C3([H])[H])N1C(=C3N2C([H])=C([H])N=C3c2nc([H])c([H])c([H])c2[H])C([H])=C([H])C([H])=C1[H]
NUYFEU,0,ok,0.133872,85,1,,C1(C(=C([H])N2c3c([H])c4c([H])c([H])c([H])c([H])c4c([H])c3N3C([H])=C(C(C([H])([H])[H])=O->[Fe+2]23(<-n2c([H])c([H])c([H])c([H])c2[H])(<-n2c([H])c([H])c([H])c([H])c2[H])<-O=1)C(c1c([H])c([H])c([H])c([H])c1[H])=O)C(c1c([H])c([H])c([H])c([H])c1[H])=O)C([H])([H])[H]
NUYYIR,0,ok,0.060182,57,1,,[Pd+4](Cl)(Cl)(=C(N([H])c1c(C([H])([H])[H])c([H])c([H])c([H])c1C([H])([H])[H])N([H])c1c([H])c(N([H])[H])c([H])c([H])c1[H])<-[C-]#[N+]c1c(C([H])([H])[H])c([H])c([H])c([H])c1C([H])([H])[H]
OBITIC,1,ok,0.202892,62,1,,[Ru+6]12(Cl)(<-n3c([H])c([H])c(-c4c([H])c([H])nc([H])c4[H])c([H])c3[H])(N3C([H])=C([H])C([H])=C([H])C3=C3N1C([H])=C([H])C([H])=C3[H])N1C([H])=C([H])C([H])=C([H])C1=C1N2C([H])=C([H])C([H])=C1[H]
OCEPER,0,ok,0.101166,53,1,,[Pd+2]123<-O=C(c4c([H])c([H])c([H])c([H])c4[H])C(=C(N1C([H])([H])C(O[H])([H])C([H])([H])N2C(C([H])([H])[H])=C(C(=O->3)c1c([H])c([H])c([H])c([H])c1[H])[H])C([H])([H])[H])[H]
OCIJES,0,ok,0.069921,39,1,,c12S(->[Ru+4]34(Cl)(Cl)<-S(c5c(N3C([H])=C([H])N4c1c([H])c([H])c([H])c2[H])c([H])c([H])c([H])c5[H])C([H])([H])[H])C([H])([H])[H]
OCOJUO,0,ok,0.064981,29,1,,c12c(c([H])c([H])c([H])c1[H])C([H])=C([H])C1=C3C([H])=C([H])C([H])=C([H])N3[Pt+4](Cl)(Cl)N21
OCUROV,0,ok,0.043664,25,1,,[Au+3](Cl)(Cl)(Cl)=C(C1=[O+2]=C(c2c([H])c([H])c([H])c([H])c2[H])N([H])C1([H])[H])[H]
OCUSOW,1,ok,0.061456,51,1,,[Au+3](Cl)(Cl)(<-[C-]1=C(C([H])([H])[H])[O+]=C(c2c([H])c([H])c([H])c([H])c2[H])N([H])C1([H])[H])<-[C-]1=C(C([H])([H])[H])OC(c2c([H])c([H])c([H])c([H])c2[H])=[N+]([H])C1([H])[H]
ODEBII,1,ok,0.129599,64,1,,[Ru+2]12(<-P(OC([H])([H])[H])(OC([H])([H])[H])c3c([H])c([H])c([H])c([H])c3[H])(Cl)(<-n3c([H])c([H])c([H])c([H])c3-c3c([H])c([H])c([H])c([H])n->13)<-n1c([H])c([H])c([H])c([H])c1-c1c([H])c([H])c([H])c([H])n->21
ODUNIM,0,ok,0.085628,66,1,,c12S(O[Pd+2](C([H])([H])[H])(<-S(C([H])([H])[H])(C([H])([H])[H])=O)<-P(c1c([H])c([H])c([H])c2[H])(c1c(OC([H])([H])[H])c([H])c(OC([H])([H])[H])c([H])c1OC([H])([H])[H])C(C([H])([H])[H])(C([H])([H])[H])C([H])([H])[H])(=O)=O
OFEJOB,1,ok,0.095688,61,1,,c12(C([H])(C([H])([H])[H])C([H])([H])[H])->[Ru+4]34567(<-c1([H])c->3([H])c->4(C([H])([H])[H])c->5([H])c->62[H])(Cl)N1C([H])=C([H])C([H])=C([H])C1=C(C([H])([H])[H])N7N(S(c1c([H])c([H])c(C([H])([H])[H])c([H])c1[H])(=O)=O)[H]
OFUFOK,0,ok,0.154714,46,1,,[Ni+2]123<-N(=C(C([H])([H])[H])c4c(c([H])c([H])c([H])c4[H])O1)c1c([H])c([H])c([H])c([H])c1N2C([H])=C(N=N->3c1c([H])c([H])c([H])c([H])c1[H])[H]
OFULIL,0,ok,0.044842,24,1,,[Pt+2](I)(I)(<-S(=O)(C([H])([H])[H])C([H])([H])[H])<-n1c([H])c([H])c([H])c([H])c1[H]
OFULUX,1,ok,0.159016,55,1,,C12=C3C([H])=C([H])C([H])=C([H])N3[Ru+4]34567(<-c8(C([H])([H])[H])c->3([H])c->4([H])c->5([H])c->6([H])c->78[H])(Cl)N1N=C(c1c([H])c([H])c([H])c([H])c1[H])C(c1c([H])c([H])c([H])c([H])c1[H])=N2
OFUQUB,0,ok,0.045938,41,1,,C12=C(C(=O)C(N(C([H])([H])[H])C([H])([H])[H])=C1N(C([H])([H])[H])C([H])([H])[H])N(C([H])([H])[H])[Fe+2](<-[C-]#[O+])(<-[C-]#[O+])(<-[C-]#[O+])N2C([H])([H])[H]
OGEMEU,0,ok,0.052056,46,1,,[Ni]12(<-O=C(N=N->1C(C([H])([H])[H])=C([H])C(=O->2)c1c([H])c([H])c([H])c([H])c1[H])c1c(O[H])c([H])c([H])c([H])c1[H])<-n1n([H])c([H])c([H])c1[H]
OGIGUG,0,ok,0.054530,37,1,,[Pt+2]1(Cl)(<-S(=O)(C([H])([H])[H])c2c([H])c([H])c([H])c([H])c2[H])<-N(O[H])=C(c2c1c([H])c([H])c([H])c2[H])C([H])([H])[H]
OGOBIV,1,ok,0.052868,46,1,,[Ir+]1234(<-O=O->1)(<-C([H])([H])=C->2([H])[H])<-n1c(C([H])([H])N->3(C([H])([H])c2n->4c(C([H])([H])[H])c([H])c([H])c2[H])C([H])([H])[H])c([H])c([H])c([H])c1C([H])([H])[H]
OHUPUD,0,ok,0.070978,78,1,,[Ni+4]12(Cl)N3C(=C(C([H])([H])[H])N1c1c(C([H])(C([H])([H])[H])C([H])([H])[H])c([H])c([H])c([H])c1C([H])(C([H])([H])[H])C([H])([H])[H])C([H])=C([H])C([H])=C3C(=O)N2c1c(C([H])(C([H])([H])[H])C([H])([H])[H])c([H])c([H])c([H])c1C([H])(C([H])([H])[H])C([H])([H])[H]
OJOGOK,0,ok,0.098099,56,1,,[Ir+5]12345(Cl)(<-C6(C([H])([H])[H])=C->1(C([H])([H])[H])C->2(C([H])([H])[H])=C->3(C([H])([H])[H])C46C([H])([H])[H])=C(C([H])([H])C(C([H])([H])[H])(C([H])([H])[H])C([H])([H])[H])N([H])c1c5c([H])c([H])c([H])c1[H]
OJONAE,1,ok,0.086381,74,1,,[Co+3]123(<-O=C(c4c([H])c([H])c([H])c([H])c4[H])C([H])=C(N1C([H])([H])C([H])([H])C([H])([H])N2C(C([H])([H])[H])=C([H])C(=O->3)c1c([H])c([H])c([H])c([H])c1[H])C([H])([H])[H])(<-n1c([H])c([H])c([H])c([H])c1[H])<-n1c([H])c([H])c([H])c([H])c1[H]
OKAPOH,0,ok,0.056530,51,1,,[Pd+2]12(Cl)<-P(Oc3c1c(C(N->2(C([H])([H])C([H])([H])[H])C([H])([H])C([H])([H])[H])([H])[H])c([H])c([H])c3[H])(C([H])(C([H])([H])[H])C([H])([H])[H])C([H])(C([H])([H])[H])C([H])([H])[H]
OLOKEH,0,ok,0.161817,75,1,,[Ru+2]123(<-n4c(c([H])c([H])c([H])c4P(=O)(OC([H])([H])C([H])([H])[H])O1)-c1n->2c(c([H])c([H])c1[H])P(=O)(OC([H])([H])C([H])([H])[H])O3)(<-n1c([H])c2c(c([H])c1[H])c([H])c([H])c([H])c2[H])<-n1c([H])c2c(c([H])c1[H])c([H])c([H])c([H])c2[H]
OLOPOV,1,ok,0.123815,69,1,,[Pd+4]1(<-n2c([H])c([H])c([H])c([H])c2-c2nc(C([H])(C([H])([H])C([H])([H])[H])C([H])([H])[H])c([H])c([H])c2[H])(C([H])([H])[H])N2C([H])=C([H])C([H])=C([H])C2=C2N1C(C([H])(C([H])([H])C([H])([H])[H])C([H])([H])[H])=C([H])C([H])=C2[H]
OLUNAL,0,ok,0.085458,76,1,,[Ti+4]12(Cl)(Cl)(<-N(=C(c3c(O1)c(C(C([H])([H])[H])(C([H])([H])[H])C([H])([H])[H])c([H])c([H])c3[H])[H])c1c(F)c(F)c(F)c(F)c1F)N(c1c([H])c([H])c([H])c([H])c1[H])C(C(F)(F)F)=C([H])C(c1c(F)c(F)c(OC([H])([H])[H])c(F)c1F)=O->2
OMANIZ,1,ok,0.044153,43,1,,[Ir+](<-n1c([H])c([H])c([H])c([H])c1[H])(<-n1c([H])c([H])c([H])c([H])c1[H])(<-S(=O)(C([H])([H])[H])C([H])([H])[H])<-S(=O)(C([H])([H])[H])C([H])([H])[H]
OMASEB,0,ok,0.076187,59,1,,[Au+3](Cl)=c1n(-c2c(C([H])([H])[H])c([H])c(C([H])([H])[H])c([H])c2C([H])([H])[H])c(=O)c2c(c(=O)n1-c1c(C([H])([H])[H])c([H])c(C([H])([H])[H])c([H])c1C([H])([H])[H])c([H])c([H])c([H])c2[H]
OMISUZ,-1,ok,0.042749,29,1,,[Tc+]12(=Nc3c([H])c([H])c([H])c([H])c3[H])(<-S=C(C(=S->1)C#N)C#N)<-S=C(C(=S->2)C#N)C#N
OMITAG,-1,ok,0.039437,29,1,,[Re+]12(=Nc3c([H])c([H])c([H])c([H])c3[H])(<-S=C(C(=S->1)C#N)C#N)<-S=C(C(=S->2)C#N)C#N
OMUBUV,1,ok,0.087737,49,1,,[Pt+4]1(C([H])([H])[H])(<-n2c([H])c([H])c(N=Nc3c([H])c([H])c(O[H])c([H])c3[H])c([H])c2[H])N2C([H])=C([H])C([H])=C([H])C2=C2N1C([H])=C([H])C([H])=C2[H]
OMUCAC,1,ok,0.090193,56,1,,[Pt+4]1(<-n2c([H])c([H])c(N=Nc3c([H])c([H])c(N(C([H])([H])[H])C([H])([H])[H])c([H])c3[H])c([H])c2[H])(C([H])([H])[H])N2C([H])=C([H])C([H])=C([H])C2=C2C([H])=C([H])C([H])=C([H])N12
ONIKIH,0,ok,0.053795,44,1,,[Pt+2]1(<-S(=O)(C([H])([H])[H])C([H])([H])[H])(<-S(=O)(C([H])([H])[H])C([H])([H])[H])OC(=O)C2(O1)C([H])([H])C(O[H])([H])C(O[H])([H])C(O[H])([H])C2([H])[H]
ONIKON,0,ok,0.046315,35,1,,[Pt+2]1(<-S(=O)(C([H])([H])[H])C([H])([H])[H])(<-S(=O)(C([H])([H])[H])C([H])([H])[H])OC(=O)c2c(c([H])c([H])c([H])c2[H])O1
ONIWIS,0,ok,0.053085,59,1,,[C-](#[O+])->[Rh+]1(c2c(F)c(F)nc(F)c2F)(<-O=O->1)(<-P(C([H])([H])C([H])([H])[H])(C([H])([H])C([H])([H])[H])C([H])([H])C([H])([H])[H])<-P(C([H])([H])C([H])([H])[H])(C([H])([H])C([H])([H])[H])C([H])([H])C([H])([H])[H]
ORODEF,0,ok,0.054075,50,1,,[Ni+2]12(Br)<-P(Oc3c1c(C(N->21C([H])([H])C([H])([H])OC([H])([H])C1([H])[H])([H])[H])c([H])c([H])c3[H])(C([H])(C([H])([H])[H])C([H])([H])[H])C([H])(C([H])([H])[H])C([H])([H])[H]
ORODIJ,0,ok,0.069219,51,1,,[Ni+2]12(Br)<-P(Oc3c1c(C(N->2(C([H])([H])C([H])([H])[H])C([H])([H])C([H])([H])[H])([H])[H])c([H])c([H])c3[H])(C([H])(C([H])([H])[H])C([H])([H])[H])C([H])(C([H])([H])[H])C([H])([H])[H]
OROFEH,0,ok,0.053877,45,1,,[Ni+2]12(Br)<-P(Oc3c1c(C(N->2(C([H])([H])[H])C([H])([H])[H])([H])[H])c([H])c([H])c3[H])(C([H])(C([H])([H])[H])C([H])([H])[H])C([H])(C([H])([H])[H])C([H])([H])[H]
ORUFEO,0,ok,0.146565,81,1,,[Ru+2]12(<-P(N3C(=O->1)c1c([H])c([H])c([H])c([H])c1C3([H])[H])(c1c([H])c([H])c([H])c([H])c1[H])c1c([H])c([H])c([H])c([H])c1[H])(<-P(N1C(=O->2)c2c([H])c([H])c([H])c([H])c2C1([H])[H])(c1c([H])c([H])c([H])c([H])c1[H])c1c([H])c([H])c([H])c([H])c1[H])(Cl)Cl
OSIPUC,0,ok,0.091587,82,1,,[Ir+]1(Cl)(<-P(c2c([H])c([H])c([H])c([H])c2[H])(c2c([H])c([H])c([H])c([H])c2[H])c2c(OC([H])([H])[H])c([H])c([H])c([H])c2[H])(<-P(c2c([H])c([H])c([H])c([H])c2[H])(c2c([H])c([H])c([H])c([H])c2[H])c2c(OC([H])([H])[H])c([H])c([H])c([H])c2[H])(<-O=O->1)<-[C-]#[O+]
OVAXAL,0,ok,0.031881,31,1,,[W+2](<-[C-]#[O+])(<-[C-]#[O+])(<-[C-]#[O+])(<-[C-]#[O+])(<-[C-]#[O+])=C(N(C([H])([H])C([H])([H])[H])C([H])([H])C([H])([H])[H])C(F)(F)F
OWEJEH,0,ok,0.052472,49,1,,[Pd+4]1(Br)(Br)N(c2c(C([H])([H])[H])c([H])c(C([H])([H])[H])c([H])c2C([H])([H])[H])C([H])=C([H])N1c1c(C([H])([H])[H])c([H])c(C([H])([H])[H])c([H])c1C([H])([H])[H]
OWEJIL,0,ok,0.052492,49,1,,[Pd+4]1(I)(I)N(c2c(C([H])([H])[H])c([H])c(C([H])([H])[H])c([H])c2C([H])([H])[H])C([H])=C([H])N1c1c(C([H])([H])[H])c([H])c(C([H])([H])[H])c([H])c1C([H])([H])[H]
OWEJOR,0,ok,0.107093,70,1,,[Pd+4]12(Oc3c(c([H])c([H])c([H])c3[H])C(C([H])([H])[H])(C([H])([H])[H])C1([H])[H])N(c1c(C([H])([H])[H])c([H])c(C([H])([H])[H])c([H])c1C([H])([H])[H])C([H])=C([H])N2c1c(C([H])([H])[H])c([H])c(C([H])([H])[H])c([H])c1C([H])([H])[H]
OXOKIW,0,ok,0.076473,70,1,,[Ir+5]123(<-n4n([B-](n5n->1c(C([H])([H])[H])c([H])c5C([H])([H])[H])(n1n->2c(C([H])([H])[H])c([H])c1C([H])([H])[H])[H])c(C([H])([H])[H])c([H])c4C([H])([H])[H])(c1c([H])c([H])c([H])c([H])c1[H])=C1N(O3)C(C([H])([H])[H])=C([H])C([H])=C1[H]
OXOKOC,0,ok,0.088102,79,1,,[Ir+5]123(<-n4n([B-](n5n->1c(C([H])([H])[H])c([H])c5C([H])([H])[H])(n1n->2c(C([H])([H])[H])c([H])c1C([H])([H])[H])[H])c(C([H])([H])[H])c([H])c4C([H])([H])[H])(c1c([H])c([H])c([H])c([H])c1[H])=C1N(C(C([H])([H])[H])=C([H])C([H])=C1[H])c1c3c([H])c([H])c([H])c1[H]
OYAZEU,0,ok,0.126879,60,1,,[Ir+]123(<-C4N(C([H])([H])[H])C([H])=C([H])N4c4c1c([H])c(F)c([H])c4[H])(<-C1N(c4c2c([H])c(F)c([H])c4[H])C([H])=C([H])N1C([H])([H])[H])<-N1=[N+]=C([H])C([H])=C1c1c([H])c([H])c([H])c([H])n->31
PACREQ,0,ok,0.145042,73,1,,C12=N3->[Ti+4]456(<-N(=C7C([H])=C(C([H])([H])[H])C([H])=C([H])N74)[Si](C([H])([H])[H])(C([H])([H])[H])C([H])([Si]3(C([H])([H])[H])C([H])([H])[H])[Si](C([H])([H])[H])(C([H])([H])[H])N->5=C3C([H])=C(C([H])([H])[H])C([H])=C([H])N36)(Cl)N1C([H])=C([H])C(C([H])([H])[H])=C2[H]
PAKLUL,1,ok,0.061554,62,1,,[Pd+4]1(Cl)(<-N([H])([H])c2c(N([H])C=1N([H])C1([H])C([H])([H])C([H])([H])C([H])([H])C([H])([H])C1([H])[H])c([H])c(C([H])([H])[H])c(C([H])([H])[H])c2[H])<-[C-]#[N+]C1([H])C([H])([H])C([H])([H])C([H])([H])C([H])([H])C1([H])[H]
PAQYOY,0,ok,0.065151,59,1,,O=C(N([H])N(C(N([H])c1c(C([H])([H])[H])c([H])c([H])c([H])c1C([H])([H])[H])=[Pd+4](I)(I)<-[C-]#[N+]c1c(C([H])([H])[H])c([H])c([H])c([H])c1C([H])([H])[H])[H])c1c([H])c([H])c(Cl)c([H])c1[H]
PAQYUB,0,ok,0.077802,39,1,,[Ru+2]12(Cl)(Cl)(<-S(=O)(C(C(S->1(=O)C([H])([H])[H])([H])[H])([H])[H])C([H])([H])[H])<-S(=O)(C(C(S->2(=O)C([H])([H])[H])([H])[H])([H])[H])C([H])([H])[H]
PAQZAL,0,ok,0.065864,67,1,,I[Pd+4](I)(=C(N([H])c1c(C([H])([H])[H])c([H])c([H])c([H])c1C([H])([H])[H])N([H])N([H])C(=O)c1c([H])c([H])c([H])c([H])c1-n1c([H])c([H])c([H])c1[H])<-[C-]#[N+]c1c(C([H])([H])[H])c([H])c([H])c([H])c1C([H])([H])[H]
PAQZIQ,0,ok,0.080276,45,1,,[Ru+2]12(Cl)(Cl)(<-S(=O)(C(C(C(S->1(=O)C([H])([H])[H])([H])[H])([H])[H])([H])[H])C([H])([H])[H])<-S(=O)(C(C(C(S->2(=O)C([H])([H])[H])([H])[H])([H])[H])([H])[H])C([H])([H])[H]
PATCUK,0,ok,0.097135,61,1,,c12[Pt+2](C([H])([H])[H])(<-P(n3c1c(c([H])c([H])c2[H])c([H])c3[H])(C(C([H])([H])[H])(C([H])([H])[H])C([H])([H])[H])C(C([H])([H])[H])(C([H])([H])[H])C([H])([H])[H])<-S(C([H])([H])C([H])([H])[H])C([H])([H])C([H])([H])[H]
PAVHIE,0,ok,0.053261,51,1,,[V+3]123(=O)(Oc4c(C(=N->1C(C(c1n->2c2c([H])c([H])c([H])c([H])c2n1[H])([H])[H])([H])[H])[H])c([H])c([H])c([H])c4[H])<-O=NC(=O->3)c1c([H])c([H])c([H])c([H])c1[H]
PAWJOP,0,ok,0.049837,57,1,,[Ni+2]12(SC(C(N->1=C(N(C([H])([H])[H])C([H])([H])[H])N(C([H])([H])[H])C([H])([H])[H])([H])[H])([H])[H])S(=O)(=O)C(C(N->2=C(N(C([H])([H])[H])C([H])([H])[H])N(C([H])([H])[H])C([H])([H])[H])([H])[H])([H])[H]
PAXPOW,0,ok,0.044120,34,1,,[Pt+2](Cl)(Cl)(<-S(=O)(C([H])([H])[H])C([H])([H])[H])<-N(O[H])=C(N([H])[H])c1c([H])c([H])c(C(F)(F)F)c([H])c1[H]
PAXQOX,0,ok,0.033957,39,1,,[Pt]1(<-S(=O)(C([H])([H])[H])C([H])([H])[H])(<-S(=O)(C([H])([H])[H])C([H])([H])[H])<-O=NC(=N->1[H])C(C([H])([H])[H])(C([H])([H])[H])C([H])([H])[H]
PAYCUN,0,ok,0.087500,42,1,,[Re+3]1(Cl)(<-[C-]#[O+])(<-[C-]#[O+])(<-[C-]#[O+])N2C(=C3N1C([H])=C([H])C([H])=C3[H])C(c1nc([H])c([H])c([H])c1[H])=Nc1c([H])c([H])c([H])c([H])c12
PCESMO,-1,ok,0.233896,27,1,,C1(C#N)C(C#N)=S->[Mo]23456(<-C7([H])=C->2([H])C3([H])C->4([H])=C->57[H])(<-S=C(C(C#N)=S->6)C#N)<-S=1
PEBKAJ,0,ok,0.046930,52,1,,[Pd+4]1(Cl)(Cl)=C(N(C([H])(C([H])([H])[H])C([H])([H])[H])C([H])(C([H])([H])[H])C([H])([H])[H])P->1(C(C([H])([H])[H])(C([H])([H])[H])C([H])([H])[H])C(C([H])([H])[H])(C([H])([H])[H])C([H])([H])[H]
PEBKEN,0,ok,0.045806,52,1,,[Ni+4]1(Cl)(Cl)=C(N(C([H])(C([H])([H])[H])C([H])([H])[H])C([H])(C([H])([H])[H])C([H])([H])[H])P->1(C(C([H])([H])[H])(C([H])([H])[H])C([H])([H])[H])C(C([H])([H])[H])(C([H])([H])[H])C([H])([H])[H]
PECGUA,-1,ok,0.035719,33,1,,[Au+]12(<-S=C(C(=S->1)c1c([H])c([H])c([H])c([H])c1[H])[H])SC([H])=C(c1c([H])c([H])c([H])c([H])c1[H])S2
PECHEL,-1,ok,0.038941,31,1,,[Au+]12(<-S=C(C(=S->1)c1c([H])nc([H])c([H])c1[H])[H])SC([H])=C(c1c([H])nc([H])c([H])c1[H])S2
PEDNES,0,ok,0.096833,48,1,,[Pt+2]12(<-S(=O)(C([H])([H])[H])C([H])([H])[H])<-n3c(c([H])c([H])c([H])c3C(=Nc3c([H])c([H])c([H])c([H])c3[H])S1)C(=Nc1c([H])c([H])c([H])c([H])c1[H])S2
PEHKIY,0,ok,0.064751,25,1,,[Mo+2]123(=O)(<-O=O->1)(<-O=O->2)<-n1n(C(n2n->3c([H])c([H])c2[H])([H])[H])c([H])c([H])c1[H]
PEKMEZ,0,ok,0.055782,50,1,,[Au+3](Cl)=C(OC12C([H])([H])C3([H])C([H])([H])C([H])(C1([H])[H])C([H])([H])C([H])(C2([H])[H])C3([H])[H])N(C([H])(C([H])([H])[H])C([H])([H])[H])C([H])(C([H])([H])[H])C([H])([H])[H]
PEKMOJ,0,ok,0.071501,69,1,,[Au+3](Cl)=C(OC12C([H])([H])C3([H])C([H])([H])C([H])(C1([H])[H])C([H])([H])C([H])(C3([H])[H])C2([H])[H])N(C([H])(C([H])([H])[H])C([H])([H])[H])c1c(C([H])(C([H])([H])[H])C([H])([H])[H])c([H])c([H])c([H])c1C([H])(C([H])([H])[H])C([H])([H])[H]
PEKMUP,0,ok,0.088680,80,1,,[Au+3](Cl)=C(Oc1c(C([H])(C([H])([H])[H])C([H])([H])[H])c([H])c([H])c([H])c1C([H])(C([H])([H])[H])C([H])([H])[H])N(c1c(C([H])(C([H])([H])[H])C([H])([H])[H])c([H])c([H])c([H])c1C([H])(C([H])([H])[H])C([H])([H])[H])C1([H])C([H])([H])C([H])([H])C([H])([H])C([H])([H])C1([H])[H]
PEKNAW,0,ok,0.091761,76,1,,[Au+3](Cl)=C(Oc1c(C([H])(C([H])([H])[H])C([H])([H])[H])c([H])c([H])c([H])c1C([H])(C([H])([H])[H])C([H])([H])[H])N(c1c(C([H])([H])[H])c([H])c([H])c([H])c1C([H])([H])[H])C12C([H])([H])C3([H])C([H])([H])C([H])(C1([H])[H])C([H])([H])C([H])(C2([H])[H])C3([H])[H]
PENZIR,0,ok,0.265239,47,1,,[Ru+2]1234(Cl)(<-S(=O)(C([H])([H])[H])C([H])([H])[H])(<-S(=O)(C([H])([H])[H])C([H])([H])[H])<-C5(C([H])([H])[H])=C->1(C([H])([H])[H])C->2(C([H])([H])[H])=C->3(C([H])([H])[H])C45C([H])([H])[H]
PEYTAR,1,ok,0.078897,68,1,,[Rh+]123(Cl)(<-C4N5C(=[N+](C([H])([H])[H])N4C([H])([H])[H])C([H])=c4c([H])c([H])c([H])c([H])c4=C5c4c(C([H])([H])[H])c([H])c(C([H])([H])[H])c([H])c4C([H])([H])[H])<-C4([H])=C->1([H])C([H])([H])C([H])([H])C->2([H])=C->3([H])C([H])([H])C4([H])[H]
PHPCMN,-1,ok,0.058289,43,1,,[Mn+](<-P(C1=C([H])[C-]([H])C([H])=C([H])[C-]1[H])(c1c([H])c([H])c([H])c([H])c1[H])c1c([H])c([H])c([H])c([H])c1[H])(<-[C-]#[O+])(<-[C-]#[O+])(<-[C-]#[O+])<-[C-]#[O+]
PIBRIE,0,ok,0.031399,27,1,,[Pt+2](Cl)(Cl)(<-S(=O)(C([H])([H])[H])C([H])([H])[H])<-N([H])([H])c1c([H])c([H])c([H])c([H])c1[H]
PIDCAJ,0,ok,0.080271,73,1,,[Ni]12(<-S=C(C#N)C(=S->1)C#N)<-P(N(P->2(c1c([H])c([H])c([H])c([H])c1[H])c1c([H])c([H])c([H])c([H])c1[H])C(C([H])([H])[H])([H])c1c([H])c([H])c([H])c([H])c1[H])(c1c([H])c([H])c([H])c([H])c1[H])c1c([H])c([H])c([H])c([H])c1[H]
PIFVAB,0,ok,0.091045,62,1,,[Pt+2]1(Cl)(Cl)<-S=P(N(P->1(c1c([H])c([H])c([H])c([H])c1[H])c1c([H])c([H])c([H])c([H])c1[H])c1c([H])c([H])c([H])c([H])c1[H])(c1c([H])c([H])c([H])c([H])c1[H])c1c([H])c([H])c([H])c([H])c1[H]
PIGBIT,0,ok,0.052561,43,1,,[Pd+2]12(<-O=C(C(=C3Oc4c(c([H])c([H])c([H])c4[H])N13)[H])C(F)(F)F)<-O=C(C(=C1Oc3c(c([H])c([H])c([H])c3[H])N21)[H])C(F)(F)F
PIGQEC,0,ok,0.202626,67,1,,[Ru+2]123(<-S(=O)(C([H])([H])[H])C([H])([H])[H])(<-n4c(c([H])c([H])c([H])c4N=C(c4c([H])c([H])c([H])c([H])c4[H])O1)-c1n->2c(c([H])c([H])c1[H])N=C(c1c([H])c([H])c([H])c([H])c1[H])O3)<-S(=O)(C([H])([H])[H])C([H])([H])[H]
PIGQIG,0,ok,0.107817,80,1,,[Ru+2]123(<-S(=O)(C([H])([H])[H])C([H])([H])[H])(<-O=C(N=c4n1c(c([H])c([H])c4[H])-c1n2c(=NC(=O->3)c2c([H])c([H])c([H])c([H])c2[H])c([H])c([H])c1[H])c1c([H])c([H])c([H])c([H])c1[H])<-n1c([H])c([H])c(C(C([H])([H])[H])(C([H])([H])[H])C([H])([H])[H])c([H])c1[H]
PIGQOM,0,ok,0.228643,76,1,,[Ru+2]123(<-S(=O)(C([H])([H])[H])C([H])([H])[H])(<-n4c(c([H])c([H])c([H])c4N=C(c4c([H])c([H])c([H])c([H])c4[H])O1)-c1n->2c(c([H])c([H])c1[H])N=C(c1c([H])c([H])c([H])c([H])c1[H])O3)<-n1c([H])c([H])c(N(C([H])([H])[H])C([H])([H])[H])c([H])c1[H]
PIGXAG,0,ok,0.076428,84,1,,[Zn+2](C1(C([H])([H])[H])C(C([H])([H])[H])=C(C([H])([H])[H])C(C([H])([H])[H])=C1C([H])([H])[H])(<-[c-]1[n+](C(C([H])([H])[H])(C([H])([H])[H])C([H])([H])[H])c([H])c([H])n1C(C([H])([H])[H])(C([H])([H])[H])C([H])([H])[H])C1(C([H])([H])[H])C(C([H])([H])[H])=C(C([H])([H])[H])C(C([H])([H])[H])=C1C([H])([H])[H]
PIKPEG,0,ok,0.041004,48,1,,[Au+3](Cl)=C1C([H])([H])N(C([H])([H])C([H])=C([H])[H])C([H])([H])N1c1c(C([H])(C([H])([H])[H])C([H])([H])[H])c([H])c([H])c([H])c1C([H])(C([H])([H])[H])C([H])([H])[H]
PILPUV,0,ok,0.061547,54,1,,[V+3]123(<-O=C(c4c([H])c([H])c([H])c([H])c4[H])C(=C(N->1=NC(=O->2)c1c([H])c([H])c([H])c([H])c1[H])C([H])([H])[H])[H])(Oc1c([H])c([H])c([H])c2c([H])c([H])c([H])n->3c21)=O
PIQTOY,0,ok,0.100523,69,1,,[Zn+2]12(Sc3n(-c4c([H])c([H])c([H])c([H])c4[H])nc(C([H])([H])[H])c3N=N->1c1c([H])c([H])c([H])c([H])c1[H])Sc1n(-c3c([H])c([H])c([H])c([H])c3[H])nc(C([H])([H])[H])c1N=N->2c1c([H])c([H])c([H])c([H])c1[H]
PIVLUD,0,ok,0.134481,78,1,,[Rh+3]1234(<-C5([H])=C->1([H])C([H])([H])C([H])([H])C->2([H])=C->3([H])C([H])([H])C5([H])[H])n1c(c(-c2c([H])c([H])c([H])c([H])c2[H])c([H])c1-c1c([H])c([H])c([H])c([H])c1[H])[N-]c1n4c(-c2c([H])c([H])c([H])c([H])c2[H])c([H])c1-c1c([H])c([H])c([H])c([H])c1[H]
PIVMEO,0,ok,0.120681,62,1,,n12c(-c3c([H])c([H])c([H])c([H])c3[H])c([H])c(-c3c([H])c([H])c([H])c([H])c3[H])c1[N-]c1n(c(-c3c([H])c([H])c([H])c([H])c3[H])c([H])c1-c1c([H])c([H])c([H])c([H])c1[H])[Rh+3]2(<-[C-]#[O+])<-[C-]#[O+]
PIVMOY,0,ok,0.133071,70,1,,[Rh+3]1(<-[C-]#[O+])(<-[C-]#[O+])n2c(c(-c3c([H])c([H])c([H])c([H])c3[H])c([H])c2-c2c([H])c([H])c(OC([H])([H])[H])c([H])c2[H])[N-]c2n1c(-c1c([H])c([H])c(OC([H])([H])[H])c([H])c1[H])c([H])c2-c1c([H])c([H])c([H])c([H])c1[H]
PIVNAL,0,ok,0.180236,81,1,,[Rh+3]1234(<-C5([H])=C->1([H])C1([H])C->2([H])=C->3([H])C5([H])C1([H])[H])n1c(c(-c2c([H])c([H])c(OC([H])([H])[H])c([H])c2[H])c([H])c1-c1c([H])c([H])c([H])c([H])c1[H])[N-]c1n4c(-c2c([H])c([H])c([H])c([H])c2[H])c([H])c1-c1c([H])c([H])c(OC([H])([H])[H])c([H])c1[H]
PIXTEV,0,ok,0.043187,42,1,,[Ti+2]123(<-N4(C([H])([H])[H])C([H])([H])C([H])([H])N->1(C([H])([H])[H])C([H])([H])C([H])([H])N->2(C([H])([H])[H])C([H])([H])C4([H])[H])(<-O=O->3)(<-N#C[O-])<-N#C[O-]
PIYYON,0,ok,0.067892,47,1,,[Fe+2]1(Cl)(Cl)(<-P(N([H])c2n->1c([H])c([H])c([H])c2[H])(C([H])(C([H])([H])[H])C([H])([H])[H])C([H])(C([H])([H])[H])C([H])([H])[H])<-n1c([H])c([H])c([H])c([H])c1[H]
PIYZAA,0,ok,0.042789,39,1,,[Fe+2]1(<-P(N(c2n->1c([H])c([H])c([H])c2[H])C([H])([H])[H])(C([H])(C([H])([H])[H])C([H])([H])[H])C([H])(C([H])([H])[H])C([H])([H])[H])(Br)Br
PIZGOW,0,ok,0.175626,58,1,,Cl[Ru+2]12(<-n3c([H])c([H])c([H])c([H])c3C(N->1(C([H])([H])c1n->2c([H])c([H])c([H])c1[H])C([H])([H])C([H])([H])C(n1c([H])c([H])c([H])c1[H])([H])[H])([H])[H])(Cl)<-S(=O)(C([H])([H])[H])C([H])([H])[H]
POFSUA,0,ok,0.075032,78,1,,[Zn+2](<-[c-]1[n+](C(C([H])([H])[H])(C([H])([H])[H])C([H])([H])[H])c([H])c([H])n1C(C([H])([H])[H])(C([H])([H])[H])C([H])([H])[H])(C1([H])C([H])=C([Si](C([H])([H])[H])(C([H])([H])[H])C([H])([H])[H])C([H])=C1[H])C1([H])C([H])=C([H])C([Si](C([H])([H])[H])(C([H])([H])[H])C([H])([H])[H])=C1[H]
POJMEH,0,ok,0.064886,82,1,,[Rh+]123(<-P(C([Si](N1[Si](C([H])([H])[H])(C([H])([H])[H])C(P->2(C(C([H])([H])[H])(C([H])([H])[H])C([H])([H])[H])C(C([H])([H])[H])(C([H])([H])[H])C([H])([H])[H])([H])[H])(C([H])([H])[H])C([H])([H])[H])([H])[H])(C(C([H])([H])[H])(C([H])([H])[H])C([H])([H])[H])C(C([H])([H])[H])(C([H])([H])[H])C([H])([H])[H])<-O=O->3
POQSAP,0,ok,0.079527,63,1,,[Ni]12(<-P(c3c([H])c([H])c([H])c([H])c3[H])(c3c([H])c([H])c([H])c([H])c3[H])c3c([H])c([H])c([H])c([H])c3[H])<-S=C(N=N->1C(=C([H])C(=O->2)C([H])([H])[H])C([H])([H])[H])c1c([H])c([H])c([H])c([H])c1[H]
POSZEC,0,ok,0.024422,21,1,,[Pt]1(<-S=C(C#N)C(=S->1)C#N)(<-[C-]#[N+]C([H])([H])[H])<-[C-]#[N+]C([H])([H])[H]
POWCEJ,1,ok,0.134320,65,1,,[Ru+6]12(Cl)(<-P(c3c(C([H])([H])[H])c([H])c([H])c([H])c3[H])(C([H])([H])[H])C([H])([H])[H])(N3C([H])=C([H])C([H])=C([H])C3=C3N1C([H])=C([H])C([H])=C3[H])N1C([H])=C([H])C([H])=C([H])C1=C1N2C([H])=C([H])C([H])=C1[H]
POWDAG,0,ok,0.087175,75,1,,[Ru]1(<-P(c2c([H])c([H])c([H])c([H])c2[H])(c2c([H])c([H])c([H])c([H])c2[H])c2c([H])c([H])c([H])c([H])c2[H])(<-P(c2c([H])c([H])c([H])c([H])c2[H])(c2c([H])c([H])c([H])c([H])c2[H])c2c([H])c([H])c([H])c([H])c2[H])(<-O=O->1)(<-[C-]#[O+])<-[C-]#[O+]
POWJIU,1,ok,0.057859,59,1,,[Pd+2](Cl)(<-P(C([H])([H])[H])(C([H])([H])[H])C([H])([H])[H])(<-P(C([H])([H])[H])(C([H])([H])[H])C([H])([H])[H])<-C1N(C(C([H])([H])[H])(C([H])([H])[H])C([H])([H])[H])C([H])([H])c2c([H])c([H])c([H])c([H])c2C1([H])[H]
PUCFEY,0,ok,0.042553,43,1,,[Pt+2](Cl)(Cl)(<-S(=O)(C([H])([H])[H])c1c([H])c([H])c(C([H])([H])[H])c([H])c1[H])<-S(=O)(C([H])([H])[H])c1c([H])c([H])c(C([H])([H])[H])c([H])c1[H]
PUFQUC,0,ok,0.047497,29,1,,[Pt+4]1(C([H])([H])[H])(C([H])([H])[H])N2C([H])=C([H])C([H])=C([H])C2=C2N1C([H])=C([H])C([H])=C2[H]
PUHJUZ,0,ok,0.115827,53,1,,C1([H])=C([H])C([H])=C([H])C2=C([H])N3c4c(c([H])c([H])c([N+]([O-])=O)c4[H])O[Fe+4]345(<-n3c([H])c([H])c([H])c([H])c3C([H])=N->4c3c(O5)c([H])c([H])c([N+](=O)[O-])c3[H])N12
PUJNIR,1,ilp_failed,0.048272,0,0,"ILP failed: Infeasible (check mol_charge, η-carbon lp=0 vs ring anion/aromatic 6π, connectivity, remote-C lp preference, and LP/octet balance on donors)",
PUMRUM,0,ok,0.063640,82,1,,[Os+2]12(Cl)(<-P(C([H])(C([H])([H])[H])C([H])([H])[H])(C([H])(C([H])([H])[H])C([H])([H])[H])C([H])(C([H])([H])[H])C([H])([H])[H])(<-P(C([H])(C([H])([H])[H])C([H])([H])[H])(C([H])(C([H])([H])[H])C([H])([H])[H])C([H])(C([H])([H])[H])C([H])([H])[H])(<-O=O->1)<-C1N(C([H])([H])[H])C([H])=C([H])N1C([H])([H])C2=O
PUNFUB,0,ok,0.049547,44,1,,[Ru+2]12(Cl)(Cl)(<-N(C([H])([H])[H])(C([H])([H])c3n->1c([H])c([H])c([H])c3[H])C([H])([H])c1n->2c([H])c([H])c([H])c1[H])<-S(=O)(C([H])([H])[H])C([H])([H])[H]
PUNVIF,0,ok,0.063233,66,1,,[Pt+2]12(<-P(c3c([Si]1([H])c1c(P->2(C([H])(C([H])([H])[H])C([H])([H])[H])C([H])(C([H])([H])[H])C([H])([H])[H])c([H])c([H])c([H])c1[H])c([H])c([H])c([H])c3[H])(C([H])(C([H])([H])[H])C([H])([H])[H])C(C([H])([H])[H])(C([H])([H])[H])[H])Cl
PUNVOL,0,ok,0.108775,85,1,,c12[Si]3(c4c([H])c([H])c([H])c([H])c4P(C([H])(C([H])([H])[H])C([H])([H])[H])(C([H])(C([H])([H])[H])C([H])([H])[H])->[Pt+2]3(c3c(C([H])([H])[H])c([H])c(C([H])([H])[H])c([H])c3C([H])([H])[H])<-P(c1c([H])c([H])c([H])c2[H])(C([H])(C([H])([H])[H])C([H])([H])[H])C([H])(C([H])([H])[H])C([H])([H])[H])[H]
QABFOP,0,ok,0.030374,34,1,,[W+2](=C(C(=C(C([H])([H])[H])[H])C(=O)C([H])([H])[H])N(C([H])([H])[H])C([H])([H])[H])(<-[C-]#[O+])(<-[C-]#[O+])(<-[C-]#[O+])(<-[C-]#[O+])<-[C-]#[O+]
QAHBAC,0,ok,0.164879,37,1,,[Fe+2]1234([Si]([H])([H])[Si]([H])([H])[H])(<-[C-]#[O+])(<-[C-]#[O+])C5(C([H])([H])[H])C->1(C([H])([H])[H])=C->2(C([H])([H])[H])C->3(C([H])([H])[H])=C->45C([H])([H])[H]
QAHYAZ,0,ok,0.360189,58,1,,[Zr+4]123456789%10(<-P(C(C(C(C1([H])C2([H])[H])([H])[H])([H])[H])([H])[H])(c1c([H])c([H])c([H])c([H])c1[H])c1c([H])c([H])c([H])c([H])c1[H])(<-C1([H])=C->3([H])C->4([H])=C->5([H])C61[H])<-C1([H])=C->7([H])C8([H])C->9([H])=C->%101[H]
QAMHOC,0,ok,0.065293,43,1,,[Pd+2]12(Cl)(Cl)<-P(c3c([H])c([H])c([H])c([H])c3[H])(c3c([H])c([H])c([H])c([H])c3[H])N(C([H])([H])C->1([H])=C->2([H])[H])C([H])([H])C([H])=C([H])[H]
QANGOB,1,ok,0.121791,64,1,,[Ru+2]12(Cl)(<-P(O[H])(c3c([H])c([H])c([H])c([H])c3[H])OC([H])([H])C([H])([H])[H])(<-n3c([H])c([H])c([H])c([H])c3-c3c([H])c([H])c([H])c([H])n->13)<-n1c([H])c([H])c([H])c([H])c1-c1c([H])c([H])c([H])c([H])n->21
QANGUH,1,ok,0.166809,64,1,,[Ru+6]12(Cl)(<-P(c3c([H])c([H])c([H])c([H])c3[H])(O[H])OC([H])([H])C([H])([H])[H])(N3C([H])=C([H])C([H])=C([H])C3=C3C([H])=C([H])C([H])=C([H])N13)N1C([H])=C([H])C([H])=C([H])C1=C1C([H])=C([H])C([H])=C([H])N21
QARTUY,1,ok,0.132871,65,1,,[Ru+4]123(Cl)(<-S4C([H])([H])C([H])([H])S->1C([H])([H])C([H])([H])S->2C([H])([H])C4([H])[H])N1C([H])=C([H])C(c2c([H])c([H])c([H])c([H])c2[H])=c2c([H])c([H])c4c(c21)N3C([H])=C([H])C=4c1c([H])c([H])c([H])c([H])c1[H]
QASBIV,0,ok,0.402043,38,1,,[Ir+]12345(<-S=C(C(=S->1)[H])C(=O)OC([H])([H])[H])<-C1(C([H])([H])[H])=C->2(C([H])([H])[H])C3(C([H])([H])[H])C->4(C([H])([H])[H])=C->51C([H])([H])[H]
QATKUT,0,ok,0.102437,44,1,,[Mo+4]123(Oc4c([H])c([H])c([H])c([H])c4C4=N->1C([H])([H])C([H])([H])O4)(<-N1=C(c4c([H])c([H])c([H])c([H])c4O2)OC([H])([H])C1([H])[H])(<-O=O->3)=O
QECVOJ,1,ok,0.053301,44,1,,[Pd+2]12(C(C(C(C([H])([H])[H])=O->1)([H])[H])([H])[H])<-O=C(C([H])([H])[H])N(P->2(c1c([H])c([H])c([H])c([H])c1[H])c1c([H])c([H])c([H])c([H])c1[H])[H]
QEFLIZ,1,ok,0.058820,61,1,,[Co+]1234(<-O=O->1)<-n1c5c([H])c([H])c([H])c1C([H])([H])N->2(C(C([H])([H])[H])(C([H])([H])[H])C([H])([H])[H])C([H])([H])c1n->3c(c([H])c([H])c1[H])C([H])([H])N->4(C(C([H])([H])[H])(C([H])([H])[H])C([H])([H])[H])C5([H])[H]
QEHQEZ,0,ok,0.044047,33,1,,[Cr+2](=C(N([H])C([H])([H])C([H])([H])O[H])c1c([H])c([H])c([H])c([H])c1[H])(<-[C-]#[O+])(<-[C-]#[O+])(<-[C-]#[O+])(<-[C-]#[O+])<-[C-]#[O+]
QEHQID,0,ok,0.037030,38,1,,[Cr+2](<-[C-]#[O+])(<-[C-]#[O+])(<-[C-]#[O+])(<-[C-]#[O+])(<-[C-]#[O+])=C(N([H])C([H])([H])C(OC(=O)C([H])([H])[H])([H])[H])C([H])=C(C([H])([H])[H])C([H])([H])[H]
QEHQOJ,0,ok,0.030136,30,1,,[Cr+2](=C(N([H])C([H])([H])C([H])([H])O[H])C(=C(C([H])([H])[H])[H])[H])(<-[C-]#[O+])(<-[C-]#[O+])(<-[C-]#[O+])(<-[C-]#[O+])<-[C-]#[O+]
QEKDOB,0,ok,0.061965,67,1,,[Rh+]1(<-P(C([H])([H])C([H])([H])[H])(C([H])([H])C([H])([H])[H])C([H])([H])C([H])([H])[H])(<-P(C([H])([H])C([H])([H])[H])(C([H])([H])C([H])([H])[H])C([H])([H])C([H])([H])[H])(Cl)(<-O=O->1)<-[C-]#[N+]c1c(C([H])([H])[H])c([H])c([H])c([H])c1C([H])([H])[H]
QELZOZ,0,ok,0.092757,40,1,,c1([H])c([H])c([H])c([H])c([H])c1C1N(O[V+5]23(<-O=1)(=O)(<-O=O->2)N1C([H])=C([H])C([H])=C([H])C1=C1C([H])=C([H])C([H])=C([H])N13)[H]
QEPHOI,1,ok,0.377253,85,1,,[Ru+4]1234(<-P(C(C([H])([H])[H])(C([H])([H])[H])[H])(C(C([H])([H])[H])(C([H])([H])[H])[H])C(C([H])([H])[H])(C([H])([H])[H])[H])(<-C5([H])=C->1([H])C->2([H])=C->3([H])C45[H])(<-[C-]#[O+])=C(N(C(C([H])([H])[H])([H])[H])C(C([H])([H])[H])([H])[H])C(=C(c1c([H])c([H])c([H])c([H])c1[H])c1c([H])c([H])c([H])c([H])c1[H])[H]
QERLEE,0,ok,0.071087,61,1,,[W+2](=C(N1C([H])([H])C([H])([H])OC([H])([H])C1([H])[H])C(=C(C([H])([H])[H])OC([H])([H])C([H])([H])[H])C(c1c([H])c([H])c([H])c([H])c1[H])=C([H])C(=O)OC([H])([H])[H])(<-[C-]#[O+])(<-[C-]#[O+])(<-[C-]#[O+])(<-[C-]#[O+])<-[C-]#[O+]
QESGUQ,0,ok,0.045607,39,1,,[V+3]12(=O)(<-O=C(N=N->1C(C([H])([H])[H])=C([H])C(=O->2)C([H])([H])[H])c1c(O[H])c([H])c([H])c([H])c1[H])OC([H])([H])C([H])([H])[H]
QESYUI,0,ok,0.098141,61,1,,[W+2](<-P(c1c([H])c([H])c([H])c([H])c1[H])(c1c([H])c([H])c([H])c([H])c1[H])c1c([H])c([H])c([H])c([H])c1[H])(=C(N([H])[H])c1c([H])c([H])c(C([H])([H])[H])c([H])c1[H])(<-[C-]#[O+])(<-[C-]#[O+])(<-[C-]#[O+])<-[C-]#[O+]
QESZET,0,ok,0.046743,40,1,,[C-](#[O+])->[Cr+2](<-[C-]#[O+])(<-[C-]#[O+])(<-[C-]#[O+])(<-[C-]#[O+])=C(C([H])([H])[H])N(C([H])([H])c1c([H])c([H])c([H])c([H])c1[H])N(C([H])([H])[H])C([H])([H])[H]
QETJUU,0,ok,0.110162,39,1,,[Mn+7]123(#N)<-N(=C([H])c4c(c([H])c([H])c([H])c4[H])O1)C([H])([H])C([H])([H])C([H])([H])N2[C-]([H])c1c(c([H])c([H])c([H])c1[H])O3
QEZRAP,0,ok,0.160670,53,1,,[Pd+2]1(Cl)(<-n2c([H])c([H])c([H])c3c([H])c([H])c4c([H])c([H])c([H])c(N1S(=O)(=O)c1c([H])c([H])c(C([H])([H])[H])c([H])c1[H])c4c23)<-n1c([H])c([H])c([H])c([H])c1[H]
QICLEU,0,ok,0.061304,49,1,,[Pt+4]1(Cl)(Cl)N(c2c(C([H])([H])[H])c([H])c([H])c([H])c2C([H])([H])[H])C(C(F)(F)F)=C(C(F)(F)F)N1c1c(C([H])([H])[H])c([H])c([H])c([H])c1C([H])([H])[H]
QICVAA,0,ok,0.079869,81,1,,[Cu+]([Se][H])(<-P(C([H])([H])C([H])([H])[H])(C([H])([H])C([H])([H])[H])c1c([H])c([H])c([H])c([H])c1[H])(<-P(C([H])([H])C([H])([H])[H])(C([H])([H])C([H])([H])[H])c1c([H])c([H])c([H])c([H])c1[H])<-P(C([H])([H])C([H])([H])[H])(C([H])([H])C([H])([H])[H])c1c([H])c([H])c([H])c([H])c1[H]
QIHLEA,0,ok,0.059928,53,1,,[Pd+4](Cl)(Cl)(<-P(c1c([H])c([H])c([H])c([H])c1[H])(c1c([H])c([H])c([H])c([H])c1[H])c1c([H])c([H])c([H])c([H])c1[H])=c1n(C([H])([H])C([H])([H])[H])nc(Cl)c([H])c1[H]
QIJWIS,0,ok,0.064889,43,1,,[Zn+2]12(<-O([H])[H])(<-n3snc4c3c(-c3n1nnn3)c([H])c([H])c4C#N)(<-O([H])[H])<-n1snc3c1c(-c1n2nnn1)c([H])c([H])c3C#N
QIKQOT,0,ok,0.071332,62,1,,c12c3c([H])c([H])c([H])c([H])c3c3n1[Pt+4](O[H])(N1C(=N2)C([H])=C(C(C([H])([H])[H])(C([H])([H])[H])C([H])([H])[H])C([H])=C1[H])N1C(=N3)C([H])=C(C(C([H])([H])[H])(C([H])([H])[H])C([H])([H])[H])C([H])=C1[H]
QIQNUB,0,ok,0.052060,34,1,,[Pt+2]1(Cl)(SC(SC([H])([H])[H])=C([H])C(=O->1)c1c([H])c([H])c(Br)c([H])c1[H])<-S(=O)(C([H])([H])[H])C([H])([H])[H]
QIRYEW,0,ok,0.043277,40,1,,[Au+3](=C(N(C([H])([H])C([H])([H])[H])C([H])([H])C([H])([H])[H])N([H])c1c([H])c([H])nc([H])c1[H])c1c(F)c(F)c(F)c(F)c1F
QIRYOG,0,ok,0.042540,40,1,,[Au+3](c1c(C(F)(F)F)c([H])c(C(F)(F)F)c([H])c1C(F)(F)F)=C(N([H])C([H])([H])[H])N([H])c1c([H])c([H])nc([H])c1[H]
QIZTOJ,0,ok,0.109004,64,1,,[W+4]123(=O)(<-O=O->1)(<-O=C(N(O2)c1c([H])c([H])c([H])c([H])c1[H])C([H])=C([H])c1c([H])c([H])c([H])c([H])c1[H])ON(c1c([H])c([H])c([H])c([H])c1[H])C(=O->3)C([H])=C([H])c1c([H])c([H])c([H])c([H])c1[H]
QOFSUB,0,ok,0.104370,64,1,,[Os+4]123(<-n4c([H])c([H])c([H])c([H])c4-c4n->1c([H])c([H])c([H])c4[H])(OC(=O)c1n2c([H])nc1-c1nc2c(n1[H])c([H])c([H])c([H])c2[H])N1C([H])=C([H])C([H])=C([H])C1=C1N3C([H])=C([H])C([H])=C1[H]
QOKPOX,0,ok,0.079257,80,1,,Br[Ni+4](Br)(<-P(c1c([H])c([H])c([H])c([H])c1[H])(c1c([H])c([H])c([H])c([H])c1[H])c1c([H])c([H])c([H])c([H])c1[H])=C1N(c2c([H])c([H])c([H])c([H])c2C([H])([H])[H])C([H])([H])C([H])([H])C([H])([H])C([H])([H])N1c1c([H])c([H])c([H])c([H])c1C([H])([H])[H]
QOKXAR,0,ok,0.084355,71,1,,[Zn+2]1(Cl)(Cl)<-[Se]=P(c2c(P(=O->1)(N(C([H])(C([H])([H])[H])C([H])([H])[H])C([H])(C([H])([H])[H])C([H])([H])[H])c1c([H])c([H])c([H])c([H])c1[H])c([H])c([H])c([H])c2[H])(c1c([H])c([H])c([H])c([H])c1[H])c1c([H])c([H])c([H])c([H])c1[H]
QOSTOI,0,ok,0.080638,61,1,,[Pt+2]1(OS(=O)(=O)C(F)(F)F)(OS(=O)(=O)C(F)(F)F)<-n2c(-c3n->1c([H])c([H])c(C(C([H])([H])[H])(C([H])([H])[H])C([H])([H])[H])c3[H])c([H])c(C(C([H])([H])[H])(C([H])([H])[H])C([H])([H])[H])c([H])c2[H]
QOXBIP,-1,ok,0.054355,25,1,,[W+2]123(OC(=O)c4n->1c1c(c([H])c4[H])c([H])c([H])c([H])c1[H])(<-O=O->2)(<-O=O->3)=O
QOXZEK,1,ok,0.151188,65,1,,[Co+3]123<-N4=C5C([H])=C([H])C([H])=C([H])C([H])=C5N1C([H])([H])C([H])([H])C([H])([H])C([H])([H])C([H])([H])C([H])([H])N->2=C1C(=C([H])C([H])=C([H])C([H])=C1[H])N3C([H])([H])C([H])([H])C([H])([H])C([H])([H])C([H])([H])C4([H])[H]
QOYFIU,0,ok,0.063422,50,1,,[Pd+4]1(Cl)(Cl)<-P(c2c(OC=1N(C(C(OC([H])([H])[H])=O)([H])[H])[H])c([H])c([H])c([H])c2[H])(c1c([H])c([H])c([H])c([H])c1[H])c1c([H])c([H])c([H])c([H])c1[H]
QUBPIM,0,ok,0.052896,46,1,,[Ni]123<-O=C(C(=C(N->1=NC(SC([H])([H])[H])=N->2C(=NN->3=C(SC([H])([H])[H])N([H])[H])C([H])([H])[H])C([H])([H])[H])[H])c1c([H])c([H])c([H])c([H])c1[H]
QUDDUP,0,ok,0.070197,35,1,,[Pd+4]1(OC(=O)C(F)(F)F)(OC(=O)C(F)(F)F)N2C([H])=C([H])C([H])=C([H])C2=C2N1C([H])=C([H])C([H])=C2[H]
QUJRIX,0,ok,0.052573,42,1,,[Ti+2]123(Cl)(Cl)(<-O=O->1)<-n1c(C([H])([H])[H])c([H])c(C([H])([H])[H])n1-c1n->2c(-n2n->3c(C([H])([H])[H])c([H])c2C([H])([H])[H])c([H])c([H])c1[H]
QUNYAA,0,ok,0.159160,53,1,,[Fe+4]12(<-n3c4c(c([H])c([H])c3[H])c3nsnc3c3c([H])c([H])c([H])n->1c43)(<-N#C[S-])(<-N#C[S-])N1c3c(c4nsnc4c4c3N2C([H])=C([H])C=4[H])=C([H])C([H])=C1[H]
QURSAZ,1,ok,0.039272,31,1,,[Pt+4]1(<-N#CC([H])([H])[H])(<-n2c([H])c([H])c([H])c([H])c2-n2c=1c([H])c([H])c([H])c2[H])C([H])([H])[H]
QURSED,1,ok,0.074088,59,1,,[Pt+4]1(<-P(c2c([H])c([H])c([H])c([H])c2[H])(c2c([H])c([H])c([H])c([H])c2[H])c2c([H])c([H])c([H])c([H])c2[H])(<-n2c(-n3c=1c([H])c([H])c([H])c3[H])c([H])c([H])c([H])c2[H])C([H])([H])[H]
QUSBUB,1,ok,0.075585,73,1,,[Ru+4]123456([Si](C([H])([H])[H])(C([H])([H])[H])C([H])([H])[H])(<-N(C(C([H])([H])[H])(C([H])([H])[H])[H])=C(N(C(C([H])([H])[H])(C([H])([H])[H])[H])C=1[H])C([H])([H])[H])<-c1(C([H])([H])[H])c->2(C([H])([H])[H])c->3(C([H])([H])[H])c->4(C([H])([H])[H])c->5(C([H])([H])[H])c->61C([H])([H])[H]
QUSHOC,0,ok,0.056827,39,1,,[Pt+2](Cl)(Cl)(<-S(=O)(C([H])([H])[H])C([H])([H])[H])<-N(O[H])=C(c1c([H])c(F)c([H])c([H])c1[H])c1c([H])c(F)c([H])c([H])c1[H]
QUWPEE,0,ok,0.037168,29,1,,N([H])(C(=[Cr+2](<-[C-]#[O+])(<-[C-]#[O+])(<-[C-]#[O+])(<-[C-]#[O+])<-[C-]#[O+])c1c([H])c([H])c([H])c([H])c1[H])C([H])([H])[H]
RABWAO,0,ok,0.103752,71,1,,[Rh+]123(Cl)(<-P(N(P(=O)(c4c([H])c([H])c([H])c([H])c4[H])c4c([H])c([H])c([H])c([H])c4[H])[H])(c4c([H])c([H])c([H])c([H])c4[H])c4c([H])c([H])c([H])c([H])c4[H])<-C4([H])=C->1([H])C([H])([H])C([H])([H])C->2([H])=C->3([H])C([H])([H])C4([H])[H]
RADCUW,0,ok,0.074100,55,1,,[Fe+4]1234(<-n5c([H])c([H])c([H])c([H])c5C([H])=N->1N=C(c1c([H])c([H])c([H])c([H])c1[H])O2)N1C([H])=C([H])C([H])=C([H])C1=C([H])N3N=C(c1c([H])c([H])c([H])c([H])c1[H])O4
RADDAD,0,ok,0.082026,61,1,,[Fe+4]1234(<-n5c([H])c([H])c([H])c([H])c5C(C([H])([H])[H])=N->1N=C(c1c([H])c([H])c([H])c([H])c1[H])O2)N1C([H])=C([H])C([H])=C([H])C1=C(C([H])([H])[H])N3N=C(c1c([H])c([H])c([H])c([H])c1[H])O4
RAFGEK,0,ok,0.154000,83,1,,[Ni+4]123456([B-]7(C([H])([H])[H])c->18c->2(c([H])c([H])c([H])c8[H])[B-2]->3(C([H])([H])[H])c->41c->57c([H])c([H])c([H])c1[H])<-P(C(C(P->6(c1c([H])c([H])c([H])c([H])c1[H])c1c([H])c([H])c([H])c([H])c1[H])([H])[H])([H])[H])(c1c([H])c([H])c([H])c([H])c1[H])c1c([H])c([H])c([H])c([H])c1[H]
RAGBAC,0,ok,0.039162,31,1,,[Au+]12(<-S=C(C#N)C(=S->1)C#N)c1c([H])c([H])c([H])c([H])c1C([H])([H])N->2(C([H])([H])[H])C([H])([H])[H]
RAGHEM,0,ok,0.048170,27,1,,[Pd+4]1(Cl)(C([H])([H])[H])N2C([H])=C([H])C([H])=C3C2=C2N1C([H])=C([H])C([H])=C2C3([H])[H]
RAJPOJ,0,ok,0.070960,62,1,,[Au+3](c1c(F)c(F)c(F)c(F)c1F)(c1c(F)c(F)c(F)c(F)c1F)(c1c(F)c(F)c(F)c(F)c1F)<-[Se]=P(C([H])([H])[H])(c1c([H])c([H])c([H])c([H])c1[H])c1c([H])c([H])c([H])c([H])c1[H]
RAMDEQ,0,ok,0.064924,62,1,,[Pd+4]12(Cl)N3C(=C(C([H])([H])[H])N1c1c(C([H])(C([H])([H])[H])C([H])([H])[H])c([H])c([H])c([H])c1C(C([H])([H])[H])([H])C([H])([H])[H])C([H])=C([H])C([H])=C3C(=O)N2C([H])([H])C([H])([H])C([H])([H])C([H])([H])[H]
RAMDIU,0,ok,0.053959,50,1,,[Pd+4]12(Cl)N(c3c(C([H])([H])[H])c([H])c(Br)c([H])c3C([H])([H])[H])C(C([H])([H])[H])=C3N1C(=C([H])C([H])=C3[H])C(=O)N2C([H])([H])C([H])([H])C([H])([H])C([H])([H])[H]
RAPHIB,0,ok,0.056294,68,1,,[Ni+2]12(Cl)<-P(N1C([H])([H])C([H])([H])C(N(P->2(C(C([H])([H])[H])(C([H])([H])[H])C([H])([H])[H])C(C([H])([H])[H])(C([H])([H])[H])C([H])([H])[H])[H])([H])[H])(C(C([H])([H])[H])(C([H])([H])[H])C([H])([H])[H])C(C([H])([H])[H])(C([H])([H])[H])C([H])([H])[H]
RAPTEK,0,ok,0.139409,73,1,,[Fe+2]1234([Si](c5c([H])c([H])c([H])c([H])c5[H])([H])[H])(<-C5N(C(C([H])([H])[H])(C([H])([H])[H])[H])C(C([H])([H])[H])=C(C([H])([H])[H])N5C(C([H])([H])[H])(C([H])([H])[H])[H])<-C5(C([H])([H])[H])=C->1(C([H])([H])[H])C->2(C([H])([H])[H])=C->3(C([H])([H])[H])C45C([H])([H])[H]
RASBIW,0,ok,0.086338,43,1,,[Mo+4]123(=O)(<-O=NC(=N->1[H])c1sc([H])c([H])c1[H])(<-N(O2)=C(N([H])[H])c1sc([H])c([H])c1[H])OC(=C(C(=O->3)C([H])([H])[H])[H])C([H])([H])[H]
REDYUU,0,ok,0.127355,72,1,,[Pt+2](Cl)(Cl)(<-P(N(P(=O)(c1c([H])c([H])c([H])c([H])c1[H])c1c([H])c([H])c([H])c([H])c1[H])[H])(c1c([H])c([H])c([H])c([H])c1[H])c1c([H])c([H])c([H])c([H])c1[H])<-P(c1c([H])c([H])c([H])c([H])c1[H])(C([H])([H])[H])C([H])([H])[H]
REFROK,0,ok,0.039855,45,1,,[Pd+2]12(Cl)<-P(OC(C(C1=C(Cl)C([H])([H])N->2(C([H])([H])[H])C([H])([H])[H])([H])[H])([H])[H])(C([H])(C([H])([H])[H])C([H])([H])[H])C([H])(C([H])([H])[H])C([H])([H])[H]
REGGER,1,ok,0.130106,70,1,,[Ru+4]123456(Cl)(<-c7(C([H])([H])[H])c->1([H])c->2([H])c->3(C([H])(C([H])([H])[H])C([H])([H])[H])c->4([H])c->57[H])N(N=c1n([H])c2c([H])c([H])c([H])c([H])c2c2n([H])c3c(c12)c([H])c(Br)c([H])c3[H])C(C([H])([H])[H])=C1N6C([H])=C([H])C([H])=C1[H]
REHPID,0,ok,0.367244,54,1,,[Ir+]12345(<-O=C(N=N->1C(=O)c1c([H])c([H])c([H])c([H])c1[H])c1c([H])c([H])c([H])c([H])c1[H])<-C1(C([H])([H])[H])=C->2(C([H])([H])[H])C3(C([H])([H])[H])C->4(C([H])([H])[H])=C->51C([H])([H])[H]
REHWEG,0,ok,0.030243,21,1,,[Pt+2](Cl)(Cl)(<-n1c([H])sc([H])c1[H])<-S(=O)(C([H])([H])[H])C([H])([H])[H]
REKCIV,1,ok,0.330495,83,1,,C12([H])->[Ru+2]34567(<-C=1([H])C3([H])C->4([H])=C->52[H])(<-O=O->6)<-P1(C(C([H])([H])[H])(C([H])([H])[H])C([H])([H])[H])C([H])([H])N(C([H])([H])c2c([H])c([H])c([H])c([H])c2[H])C([H])([H])P->7(C(C([H])([H])[H])(C([H])([H])[H])C([H])([H])[H])C([H])([H])N(C([H])([H])c2c([H])c([H])c([H])c([H])c2[H])C1([H])[H]
RELZAL,0,ok,0.111371,60,1,,[Ru+2]1(<-S(=O)(C([H])([H])[H])C([H])([H])[H])(<-S(=O)(C([H])([H])[H])C([H])([H])[H])(Cl)(<-S(=O)(C([H])([H])[H])C([H])([H])[H])Oc2c(C(=O->1)C([H])=C(c1c([H])c([H])c([H])c([H])c1[H])[H])c([H])c([H])c([H])c2[H]
RENJUQ,1,ok,0.116339,56,1,,[Ru+2]123(<-S(=O)(C([H])([H])[H])C([H])([H])[H])(OC(=O)c4n->1c(C([H])([H])[H])c([H])c([H])c4[H])<-n1c([H])c([H])c([H])c([H])c1-c1n->2c(-c2n->3c([H])c([H])c([H])c2[H])c([H])c([H])c1[H]
RENKUS,0,ok,0.097978,73,1,,C12=[O+]c3c(c([H])c([H])c(N(C([H])([H])C([H])([H])[H])C([H])([H])C([H])([H])[H])c3[H])C34C1(C([H])=C([H])C(N(C([H])([H])C([H])([H])[H])C([H])([H])C([H])([H])[H])=C2[H])C([H])=C([Au+3](Cl)(Cl)Cl)C([H])([H])N3C(=O)c1c4c([H])c([H])c([H])c1[H]
RERJOO,0,ok,0.087665,80,1,,c1(P(c2c([H])c([H])c([H])c([H])c2[H])(c2c([H])c([H])c([H])c([H])c2[H])->[Rh+]23(<-N(c4c(P->2(c2c([H])c([H])c([H])c([H])c2[H])c2c([H])c([H])c([H])c([H])c2[H])c([H])c([H])c([H])c4[H])(C([H])([H])[H])C([H])([H])[H])(Cl)<-O=O->3)c([H])c([H])c([H])c([H])c1[H]
REVXIZ,0,ok,0.104623,49,1,,[Ru+2]12(<-S(=O)(C([H])([H])[H])C([H])([H])[H])(<-S(=O)(C([H])([H])[H])C([H])([H])[H])(Oc3c(C([H])([H])[H])oc([H])c([H])c3=O->1)Oc1c(C([H])([H])[H])oc([H])c([H])c1=O->2
REYNEP,1,ok,0.093661,78,1,,[Pd+4]123(<-C4([H])=C->1([H])C([H])([H])C([H])([H])C(OC([H])([H])[H])([H])C2([H])C([H])([H])C4([H])[H])N(c1c(C([H])(C([H])([H])[H])C([H])([H])[H])c([H])c([H])c([H])c1[H])C(C([H])([H])[H])=C(C([H])([H])[H])N3c1c(C([H])(C([H])([H])[H])C([H])([H])[H])c([H])c([H])c([H])c1[H]
RIBHEQ,0,ok,0.045038,47,1,,[Pd+4]1(Cl)(Cl)=C(N([H])C2([H])C([H])([H])C([H])([H])C([H])([H])C([H])([H])C2([H])[H])N([H])N([H])C1=[N+]([H])C1([H])C([H])([H])C([H])([H])C([H])([H])C([H])([H])C1([H])[H]
RIBXAE,0,ok,0.131115,83,1,,C1(C([H])([H])[H])=C(C([H])([H])[H])N(c2c([H])c([H])c([H])c([H])c2P(c2c([H])c([H])c([H])c([H])c2[H])(c2c([H])c([H])c([H])c([H])c2[H])=O)[Pd+4](Cl)(Cl)N1c1c([H])c([H])c([H])c([H])c1P(c1c([H])c([H])c([H])c([H])c1[H])(c1c([H])c([H])c([H])c([H])c1[H])=O
RIKGIE,0,ok,0.068683,57,1,,[Zn+2]12(OC(=C(c3n->1c([H])c([H])c([H])c3[H])[H])c1c([H])c([H])c([H])c([H])c1C([H])([H])[H])<-O=C(C(=C1N2C([H])=C([H])C([H])=C1[H])[H])c1c([H])c([H])c([H])c([H])c1C([H])([H])[H]
RIRJUX,0,ok,0.069134,46,1,,C1([H])([H])C([H])([H])c2c(C(N([H])[H])=[Cr+2](<-[C-]#[O+])(<-[C-]#[O+])(<-[C-]#[O+])(<-[C-]#[O+])<-[C-]#[O+])c([H])c([H])c(c2[H])C([H])([H])C([H])([H])c2c([H])c([H])c([H])c1c2[H]
RIRKAE,0,ok,0.092155,53,1,,[Cr+2](<-[C-]#[O+])(<-[C-]#[O+])(<-[C-]#[O+])(<-[C-]#[O+])(<-[C-]#[O+])=C(c1c2c([H])c(c([H])c1[H])C([H])([H])C([H])([H])c1c([H])c([H])c([H])c(c1[H])C([H])([H])C2([H])[H])N([H])C([H])([H])C([H])=C([H])[H]
RIRXOF,0,ok,0.136551,52,1,,[Mn+3]12(#N)(<-N(=C(C3=C([H])C([H])=C([H])C(=[O+]C([H])([H])[H])C3=O->1)[H])C(C([H])([H])[H])([H])[H])<-N(=C(c1c([H])c([H])c([H])c(OC([H])([H])[H])c1O2)[H])C(C([H])([H])[H])([H])[H]
RITRAP,1,ok,0.040491,36,1,,[Ru+2](<-S(=O)(C([H])([H])[H])C([H])([H])[H])(Cl)(<-O=S(C([H])([H])[H])C([H])([H])[H])(<-O=S(C([H])([H])[H])C([H])([H])[H])(<-[C-]#[O+])<-[C-]#[O+]
RIVFOR,0,ok,0.058368,37,1,,[Ru+2]1(Cl)(Cl)(<-[C-]#[O+])(<-[C-]#[O+])<-n2c([H])c([H])c(P(=O)(O[H])O[H])c([H])c2-c2n->1c([H])c([H])c(P(=O)(O[H])O[H])c2[H]
RIZNUL,1,ok,0.101957,53,1,,[Os+4]1234(<-n5n([B-](n6n->1c([H])c([H])c6[H])(n1n->2c([H])c([H])c1[H])[H])c([H])c([H])c5[H])(=c1n([H])c(C([H])([H])[H])c([H])c([H])c1[H])(<-C([H])([H])=C->3([H])[H])<-C([H])([H])=C->4([H])[H]
ROBLOL,1,ok,0.069059,43,1,,[Cu+](<-C1#CC([H])([H])C([H])([H])C([H])([H])C([H])([H])C([H])([H])C1([H])[H])(C1=[C+]C([H])([H])C([H])([H])C([H])([H])C([H])([H])C([H])([H])C1([H])[H])<-[C-]#[O+]
ROBLUR,1,ok,0.085298,56,1,,[Cu+](C1=[C+]C([H])([H])C([H])([H])C([H])([H])C([H])([H])C([H])([H])C1([H])[H])(<-C1#CC([H])([H])C([H])([H])C([H])([H])C([H])([H])C([H])([H])C1([H])[H])<-[C-]#[N+]C(C([H])([H])[H])(C([H])([H])[H])C([H])([H])[H]
ROLQIT,0,ok,0.057000,48,1,,[Ru+2](Cl)(Cl)(<-S1(=O)C([H])([H])C([H])([H])C([H])([H])C1([H])[H])(<-S1(=O)C([H])([H])C([H])([H])C([H])([H])C1([H])[H])(<-S1(=O)C([H])([H])C([H])([H])C([H])([H])C1([H])[H])<-O([H])[H]
RORQAT,0,ok,0.086558,82,1,,[Au+3]1([B-](C(=C(P->1(c1c(C([H])([H])[H])c([H])c(C([H])([H])[H])c([H])c1C([H])([H])[H])c1c(C([H])([H])[H])c([H])c(C([H])([H])[H])c([H])c1C([H])([H])[H])[Si](C([H])([H])[H])(C([H])([H])[H])C([H])([H])[H])[H])(c1c(F)c(F)c(F)c(F)c1F)c1c(F)c(F)c(F)c(F)c1F)Cl
RUHPOA,0,ok,0.052530,55,1,,C1(=[Pd+4](<-N2=C([H])C([H])([H])C([H])([H])C2(C([H])([H])[H])C([H])([H])[H])(Cl)Cl)N(C(C([H])([H])[H])(C([H])([H])[H])C([H])([H])[H])C2([H])C([H])([H])C([H])([H])C(C([H])([H])[H])(C([H])([H])[H])N2O1
RUJRAR,0,ok,0.059361,58,1,,[Cr](<-[C-]#[O+])(<-[C-]#[O+])(<-[C-]#[O+])(<-[C-]#[O+])(<-[C-]#[O+])<-C1N([H])C(O[H])(C2([H])OC(C([H])([H])[H])(C([H])([H])[H])OC2([H])C(O[H])([H])C2([H])OC(C([H])([H])[H])(C([H])([H])[H])OC2([H])[H])C([H])([H])C1([H])[H]
RUPGUG,0,ok,0.049175,45,1,,[Ru+2]1(Cl)(Cl)(<-S(=O)(C([H])([H])[H])C([H])([H])[H])(<-S(=O)(C([H])([H])[H])C([H])([H])[H])<-n2c([H])c([H])c(C([H])([H])[H])nc2-c2n->1c([H])c([H])c([H])c2[H]
RUQVAA,0,ok,0.131141,76,1,,[W+2](<-[C-]#[O+])(<-[C-]#[O+])(<-[C-]#[O+])(<-[C-]#[O+])(<-[C-]#[O+])=C(C1=C(c2c([H])c([H])c([H])c([H])c2[H])P(c2c([H])c([H])c([H])c([H])c2[H])C(c2c([H])c([H])c([H])c([H])c2[H])([H])C1(c1c([H])c([H])c([H])c([H])c1[H])[H])N1C([H])([H])C([H])([H])C([H])([H])C1([H])[H]
RUZYUG,0,ok,0.224891,34,1,,[W+4]12345(=O)(<-O=O->1)(C#CC#C[H])<-C1(C([H])([H])[H])=C->2(C([H])([H])[H])C->3(C([H])([H])[H])=C->4(C([H])([H])[H])C51C([H])([H])[H]
SABGAE,1,ok,0.064382,50,1,,[Re+3]1(<-n2c([H])c([H])c(C(=O)c3c([H])c([H])c([H])c([H])c3[H])c([H])c2[H])(<-[C-]#[O+])(<-[C-]#[O+])(<-[C-]#[O+])N2C([H])=C([H])C([H])=C([H])C2=C2N1C([H])=C([H])C([H])=C2[H]
SACDEI,1,ok,0.082115,73,1,,c1(P2(c3c([H])c([H])c([H])c([H])c3[H])c3c([H])c([H])c([H])c([H])c3N(C3N(c4c([H])c([H])c([H])c([H])c4P(c4c([H])c([H])c([H])c([H])c4[H])(c4c([H])c([H])c([H])c([H])c4[H])->[Pd+4]<-2=3Cl)[H])[H])c([H])c([H])c([H])c([H])c1[H]
SAFVIF,0,ok,0.129442,62,1,,[Mo+2]12(<-O=P(C([H])([H])[H])(c3c([H])c([H])c([H])c([H])c3[H])c3c([H])c([H])c([H])c([H])c3[H])(<-O=P(C([H])([H])[H])(c3c([H])c([H])c([H])c([H])c3[H])c3c([H])c([H])c([H])c([H])c3[H])(<-O=O->1)(<-O=O->2)=O
SAKSUS,0,ok,0.030116,31,1,,[Cr+2](=C1N=C(Cl)N(C([H])([H])[H])C([H])([H])C([H])([H])N1C([H])([H])[H])(<-[C-]#[O+])(<-[C-]#[O+])(<-[C-]#[O+])(<-[C-]#[O+])<-[C-]#[O+]
SAPSIM,0,ok,0.083449,65,1,,Br[Ni+2](<-P(C([H])([H])C([H])([H])[H])(C([H])([H])C([H])([H])[H])C([H])([H])C([H])([H])[H])(C1=C(Br)c2c([H])c([H])c([H])c3c([H])c([H])c([H])c1c23)<-P(C([H])([H])C([H])([H])[H])(C([H])([H])C([H])([H])[H])C([H])([H])C([H])([H])[H]
SAPSUY,0,ok,0.060540,47,1,,Br[Ni+2](C1=C(Br)c2c([H])c([H])c([H])c3c([H])c([H])c([H])c1c23)(<-P(C([H])([H])[H])(C([H])([H])[H])C([H])([H])[H])<-P(C([H])([H])[H])(C([H])([H])[H])C([H])([H])[H]
SATVUG,0,ok,0.107909,84,1,,[Ir+5]12(<-n3n([B-](n4n->1c(C([H])([H])[H])c([H])c4C([H])([H])[H])(n1n->2c(C([H])([H])[H])c([H])c1C([H])([H])[H])[H])c(C([H])([H])[H])c([H])c3C([H])([H])[H])(=c1n([H])c2c(c([H])c1[H])c([H])c([H])c([H])c2[H])(c1c([H])c([H])c([H])c([H])c1[H])c1c([H])c([H])c([H])c([H])c1[H]
SAVREP,0,ok,0.091413,63,1,,[Pd+4]1(Cl)(Cl)N(c2c(C([H])([H])[H])c([H])c([H])c([H])c2C([H])([H])[H])C2=C(N1c1c(C([H])([H])[H])c([H])c([H])c([H])c1C([H])([H])[H])C1([H])C(C([H])([H])[H])(C([H])([H])[H])C2(C([H])([H])[H])C([H])([H])C1([H])[H]
SAZDAB,0,ok,0.039821,47,1,,[Cu+3](N([Si](C([H])([H])[H])(C([H])([H])[H])C([H])([H])[H])[Si](C([H])([H])[H])(C([H])([H])[H])C([H])([H])[H])=C(N(C([H])([H])[H])C([H])([H])[H])N(C([H])([H])[H])C([H])([H])[H]
SEFCIP,0,ok,0.281613,49,1,,[Zr+4]123456789(<-P(C([H])([H])[H])(C([H])([H])[H])C([H])([H])[H])(<-C%10([H])=C->1([H])C->2([H])=C->3([H])C4%10[H])(C1([H])C->5([H])=C->6([H])C->7([H])=C->81[H])C1([H])C([H])=C([H])C([H])([H])C([H])=C([H])C91[H]
SEJVUA,0,ok,0.114172,67,1,,[Ni+2]1(<-O=C(c2c([H])c([H])c(OC([H])([H])[H])c([H])c2[H])C(=C(N1c1c(C([H])(C([H])([H])[H])C([H])([H])[H])c([H])c([H])c([H])c1C([H])(C([H])([H])[H])C([H])([H])[H])[H])[H])(<-n1c([H])c([H])c([H])c([H])c1[H])C([H])([H])[H]
SERJUU,1,ok,0.064856,61,1,,[Pd+4](<-P(c1c([H])c([H])c([H])c([H])c1[H])(C([H])([H])[H])C([H])([H])[H])(Cl)(<-N1([H])C([H])([H])C([H])([H])C1([H])[H])=C(N([H])c1c([H])c([H])c(OC([H])([H])[H])c([H])c1[H])N1C([H])([H])C([H])([H])C1([H])[H]
SESXIZ,0,ok,0.072670,61,1,,[Pt+2](Cl)(Cl)(<-S(=O)(C([H])([H])[H])C([H])([H])[H])<-N(=C(N([H])c1c([H])c([H])c([H])c([H])c1C([H])([H])[H])N([H])c1c([H])c([H])c([H])c([H])c1C([H])([H])[H])c1c([H])c([H])c([H])c([H])c1C([H])([H])[H]
SESXOF,0,ok,0.076034,64,1,,[Pt+2](Cl)(Cl)(<-S(=O)(C([H])([H])[H])C([H])([H])[H])<-N(=C(N([H])c1c(OC([H])([H])[H])c([H])c([H])c([H])c1[H])N([H])c1c(OC([H])([H])[H])c([H])c([H])c([H])c1[H])c1c(OC([H])([H])[H])c([H])c([H])c([H])c1[H]
SESXUL,0,ok,0.077308,70,1,,[Pt+2](Cl)(Cl)(<-S(=O)(C([H])([H])[H])C([H])([H])[H])<-N(=C(N([H])c1c(C([H])([H])[H])c([H])c([H])c(C([H])([H])[H])c1[H])N([H])c1c(C([H])([H])[H])c([H])c([H])c(C([H])([H])[H])c1[H])c1c(C([H])([H])[H])c([H])c([H])c(C([H])([H])[H])c1[H]
SESZIC,-1,ok,0.056678,53,1,,C(C1C(C#N)=S->[Mo]2(C#N)(<-P(c3c([H])c([H])c([H])c([H])c3[H])(c3c([H])c([H])c([H])c([H])c3[H])c3c([H])c([H])c([H])c([H])c3[H])(<-S=1)<-S=C(C#N)C(C#N)=S->2)#N
SEVKOU,0,ok,0.105988,47,1,,[Pd+2]1(Cl)(<-P2(OC(C3=N->1C(C([H])([H])[H])(C([H])([H])[H])C([H])([H])O3)([H])[H])Oc1c([H])c([H])c([H])c([H])c1-c1c([H])c([H])c([H])c([H])c12)C([H])([H])[H]
SEVLAH,1,ok,0.062769,55,1,,[Pd+2]1(<-P2(OC(C3=N->1C(C([H])([H])[H])(C([H])([H])[H])C([H])([H])O3)(C([H])([H])[H])C([H])([H])[H])Oc1c([H])c([H])c([H])c([H])c1-c1c([H])c([H])c([H])c([H])c12)(<-O([H])[H])C([H])([H])[H]
SEWNUE,0,ok,0.067772,41,1,,[W+2](<-[C-]#[O+])(<-[C-]#[O+])(<-[C-]#[O+])(<-[C-]#[O+])(<-[C-]#[O+])=c1n2nc3c(c2oc(-c2c([H])c([H])c([H])c([H])c2[H])c1[H])C([H])([H])C([H])([H])C3([H])[H]
SEWPEQ,0,ok,0.089493,44,1,,[W+2](<-[C-]#[O+])(<-[C-]#[O+])(<-[C-]#[O+])(<-[C-]#[O+])(<-[C-]#[O+])[c-]1n2n(c(-c3c([H])c([H])c([H])c([H])c3[H])c1[H])c1c(c2=O)C([H])([H])C([H])([H])C([H])([H])C1([H])[H]
SEWPIU,0,ok,0.091583,37,1,,[Cr+2](<-[C-]#[O+])(<-[C-]#[O+])(<-[C-]#[O+])(<-[C-]#[O+])(<-[C-]#[O+])[c-]1n2n(c(-c3c([H])c([H])c([H])c([H])c3[H])c1[H])c(=O)c([H])c2C([H])([H])[H]
SEWYUQ,0,ok,0.035340,39,1,,[Au+3](Cl)(Cl)(Cl)<-[Se]=P(C(C([H])([H])[H])(C([H])([H])[H])C([H])([H])[H])(C([H])(C([H])([H])[H])C([H])([H])[H])C([H])(C([H])([H])[H])C([H])([H])[H]
SEWZOL,0,ok,0.027718,37,1,,[Au+](<-[Se]=P(C(C([H])([H])[H])(C([H])([H])[H])C([H])([H])[H])(C([H])(C([H])([H])[H])C([H])([H])[H])C([H])(C([H])([H])[H])C([H])([H])[H])Cl
SEWZUR,0,ok,0.028505,40,1,,[Au+](Cl)<-[Se]=P(C(C([H])([H])[H])(C([H])([H])[H])C([H])([H])[H])(C(C([H])([H])[H])(C([H])([H])[H])C([H])([H])[H])C([H])(C([H])([H])[H])C([H])([H])[H]
SEZRIB,0,ok,0.041907,26,1,,I[Co+3]123(<-C4(C([H])([H])[H])=C->1(C([H])([H])[H])C2(C([H])([H])[H])C34C([H])([H])[H])(<-[C-]#[O+])<-[C-]#[O+]
SIFCAN,0,ok,0.090847,75,1,,[Rh+](Cl)(C(=C1N(C2([H])C([H])([H])C([H])([H])C([H])([H])C([H])([H])C2([H])[H])c2c([H])c([H])c([H])c([H])c2N1C([H])([H])[H])c1n(C2([H])C([H])([H])C([H])([H])C([H])([H])C([H])([H])C2([H])[H])c2c([H])c([H])c([H])c([H])c2[n+]1C([H])([H])[H])(<-[C-]#[O+])<-[C-]#[O+]
SIFCER,0,ok,0.066502,61,1,,[Rh+](Cl)(C(=C1N(C([H])([H])[H])c2c([H])c([H])c([H])c([H])c2N1C([H])(C([H])([H])[H])C([H])([H])[H])c1n(C([H])([H])[H])c2c([H])c([H])c([H])c([H])c2[n+]1C([H])(C([H])([H])[H])C([H])([H])[H])(<-[C-]#[O+])<-[C-]#[O+]
SIGFEV,0,ok,0.168620,66,1,,[Fe+4]1234(S[Si](c5c([H])c([H])c([H])c([H])c5[H])(c5c([H])c([H])c([H])c([H])c5[H])c5c([H])c([H])c([H])c([H])c5[H])(=C(N(C([H])([H])[H])[H])c5c([H])c([H])c([H])c([H])c5[H])(<-[C-]#[O+])<-C5([H])=C->1([H])C->2([H])=C->3([H])C45[H]
SIKFAV,0,ok,0.064770,41,1,,[Ru+2]1(<-S(=O)(C([H])([H])[H])C([H])([H])[H])(Cl)(<-n2c([H])c([H])c([H])c([H])c2-c2n->1n([H])c([H])c2[H])(<-S(=O)(C([H])([H])[H])C([H])([H])[H])Cl
SIMXIX,0,ok,0.040461,39,1,,[W+2](<-[C-]#[O+])(<-[C-]#[O+])(<-[C-]#[O+])(<-[C-]#[O+])(<-[C-]#[O+])=C(N([H])C1([H])C([H])([H])C([H])([H])C([H])([H])C([H])([H])C1([H])[H])c1c([H])c([H])c([H])o1
SIMXOD,0,ok,0.034731,29,1,,[W+2]1(<-[C-]#[O+])(<-[C-]#[O+])(<-[C-]#[O+])(<-[C-]#[O+])=C(N([H])C([H])([H])C(N->1([H])[H])([H])[H])c1oc([H])c([H])c1[H]
SIMXUJ,0,ok,0.035165,31,1,,N(C([H])([H])C(N([H])[H])([H])[H])([H])C(=[W+2](<-[C-]#[O+])(<-[C-]#[O+])(<-[C-]#[O+])(<-[C-]#[O+])<-[C-]#[O+])c1oc([H])c([H])c1[H]
SIRSAN,0,ok,0.062609,48,1,,[W+2](<-[C-]#[O+])(<-[C-]#[O+])(<-[C-]#[O+])(<-[C-]#[O+])(<-[C-]#[O+])=C(N(C([H])([H])[H])C(OC(=O)C([H])([H])[H])(c1c([H])c([H])c([H])c([H])c1[H])[H])c1c([H])c([H])c([H])c([H])c1[H]
SIZDOW,0,ok,0.073647,43,1,,[V+3]123(<-N(=C(c4c(O1)c(C([H])([H])[H])c([H])c([H])c4[H])[H])C([H])([H])C(N->2(C([H])([H])C(O[H])([H])[H])[H])([H])[H])(<-O=C(N=O->3)C([H])([H])[H])=O
SOBKAX,0,ok,0.060993,52,1,,[Ni]12(<-O=C(N=N->1C(=C(C(=O->2)c1sc([H])c([H])c1[H])[H])C(F)(F)F)c1c([H])c([H])c([H])c([H])c1[H])<-n1c([H])c([H])c(N(C([H])([H])[H])C([H])([H])[H])c([H])c1[H]
SOBKEB,0,ok,0.062114,49,1,,[Ni]12(<-O=C(N=N->1C(=C([H])C(=O->2)c1sc([H])c([H])c1[H])C(F)(F)F)c1sc([H])c([H])c1[H])<-n1c([H])c([H])c(N(C([H])([H])[H])C([H])([H])[H])c([H])c1[H]
SOKSES,0,ok,0.078337,75,1,,[Ni+2]([Si](C([H])([H])[H])(C([H])([H])[H])[H])([Si](C([H])([H])[H])(C([H])([H])[H])[H])(<-C1N(C([H])(C([H])([H])[H])C([H])([H])[H])C([H])=C([H])N1C([H])(C([H])([H])[H])C([H])([H])[H])<-C1N(C([H])(C([H])([H])[H])C([H])([H])[H])C([H])=C([H])N1C([H])(C([H])([H])[H])C([H])([H])[H]
SOMNEO,0,ok,0.160426,56,1,,[Ru+4]123(<-n4c(c([H])c([H])c([H])c4-c4n1c1c(n4)c([H])c([H])c([H])c1[H])-c1n2c2c(n1)c([H])c([H])c([H])c2[H])(<-N#CC([H])([H])[H])N([H])c1c(c([H])c([H])c([H])c1[H])N3[H]
SOTCOV,1,ok,0.068193,67,1,,[Au+](<-P(C(C([H])([H])[H])(C([H])([H])[H])C([H])([H])[H])(C(C([H])([H])[H])(C([H])([H])[H])C([H])([H])[H])c1c(-c2c([H])c([H])c([H])c([H])c2[H])c([H])c([H])c([H])c1[H])C([H])([H])c1n(C([H])([H])[H])c([H])c([H])[n+]1C([H])([H])[H]
SOVCEM,0,ok,0.042361,45,1,,[C-](#[N+]c1c(C([H])([H])[H])c([H])c([H])c([H])c1C([H])([H])[H])->[Pt+4](=C(N([H])[H])N(c1c(C([H])([H])[H])c([H])c([H])c([H])c1C([H])([H])[H])[H])(Cl)Cl
SOVCIQ,1,ok,0.070586,69,1,,[C-](#[N+]c1c(C([H])([H])[H])c([H])c([H])c([H])c1C([H])([H])[H])->[Pt+4](=C(N(c1c(C([H])([H])[H])c([H])c([H])c([H])c1C([H])([H])[H])[H])N([H])[H])(<-N(=C(c1c([H])c([H])c([H])c([H])c1[H])c1c([H])c([H])c([H])c([H])c1[H])[H])Cl
SOVGEQ,-1,ok,0.064572,25,1,,[W+2]123(<-N(O[H])=C(c4c(O1)c([H])c([H])c([H])c4[H])C([H])([H])[H])(<-O=O->2)(<-O=O->3)=O
SOWQIH,0,ok,0.054317,43,1,,C([H])([H])([H])C1=C([H])C([H])=C([H])C2=C3C([H])=C(C(C([H])([H])[H])(C([H])([H])[H])C([H])([H])[H])N(C([H])([H])C([H])=C([H])[H])N3[Fe+4](Cl)(Cl)N12
SOWSON,0,ok,0.285070,18,1,,[Mo+4]12345(<-O=O->1)(=O)(C([H])([H])[H])C1([H])C->2([H])=C->3([H])C->4([H])=C->51[H]
SOWXEH,0,ok,0.144460,67,1,,[Pt+2]12(SC(=S->1)c1c(=O)n([H])c(=O)n([H])c1[O-])<-P(C([H])([H])C(P->2(c1c([H])c([H])c([H])c([H])c1[H])c1c([H])c([H])c([H])c([H])c1[H])([H])[H])(c1c([H])c([H])c([H])c([H])c1[H])c1c([H])c([H])c([H])c([H])c1[H]
SOXCUF,0,ok,0.087103,69,1,,[Mn+3]1(n2nc(C(=O)N([H])C(C(=O)OC([H])([H])[H])([H])C(c3c([H])c([H])c([H])c([H])c3[H])([H])[H])c(C(F)(F)F)n2)(<-[C-]#[O+])(<-[C-]#[O+])(<-[C-]#[O+])N2C([H])=C([H])C(C([H])([H])[H])=C([H])C2=C2N1C([H])=C([H])C(C([H])([H])[H])=C2[H]
SUGMUE,0,ok,0.047238,39,1,,[Mo+2](=C(N([H])C1([H])C([H])([H])C([H])([H])C([H])([H])C([H])([H])C1([H])[H])c1c([H])c([H])c([H])o1)(<-[C-]#[O+])(<-[C-]#[O+])(<-[C-]#[O+])(<-[C-]#[O+])<-[C-]#[O+]
SUGNAL,0,ok,0.109280,71,1,,[Mo+2](<-P(c1c([H])c([H])c([H])c([H])c1[H])(c1c([H])c([H])c([H])c([H])c1[H])c1c([H])c([H])c([H])c([H])c1[H])(<-[C-]#[O+])(<-[C-]#[O+])(<-[C-]#[O+])(<-[C-]#[O+])=C(N([H])C1([H])C([H])([H])C([H])([H])C([H])([H])C([H])([H])C1([H])[H])c1oc([H])c([H])c1[H]
SUGNEP,0,ok,0.030771,23,1,,[Mo+2](<-[C-]#[O+])(<-[C-]#[O+])(<-[C-]#[O+])(<-[C-]#[O+])(<-[C-]#[O+])=C(N([H])[H])c1oc([H])c([H])c1[H]
SUGNIT,0,ok,0.111021,55,1,,[Mo+2](<-P(c1c([H])c([H])c([H])c([H])c1[H])(c1c([H])c([H])c([H])c([H])c1[H])c1c([H])c([H])c([H])c([H])c1[H])(=C(N([H])[H])c1oc([H])c([H])c1[H])(<-[C-]#[O+])(<-[C-]#[O+])(<-[C-]#[O+])<-[C-]#[O+]
SUGNOZ,0,ok,0.119597,71,1,,[Mo+2]1(<-P(C([H])([H])C(P->1(c1c([H])c([H])c([H])c([H])c1[H])c1c([H])c([H])c([H])c([H])c1[H])([H])[H])(c1c([H])c([H])c([H])c([H])c1[H])c1c([H])c([H])c([H])c([H])c1[H])(<-[C-]#[O+])(<-[C-]#[O+])(<-[C-]#[O+])=C(N([H])[H])c1oc([H])c([H])c1[H]
SURFEQ,0,ok,0.089316,50,1,,[Re+3]1(Cl)(<-[C-]#[O+])(<-[C-]#[O+])(<-[C-]#[O+])n2c([H])c([H])c([H])c3c(=NC(C(C(C(C(C(C([H])([H])[H])([H])[H])([H])[H])([H])[H])([H])[H])([H])[H])([H])[H])c4c([H])c([H])c([H])n1c-4c2-3
SUTXEK,0,ok,0.025017,20,1,,[Fe+2]123(<-c4(oc([H])c([H])c->14C2([H])[H])C3([H])[H])(<-[C-]#[O+])(<-[C-]#[O+])<-[C-]#[O+]
SUXBAO,0,ok,0.105328,63,1,,[Pd+4]1(Cl)(Cl)N2C([H])(c3c([H])c([H])c([H])c([H])c3[H])C([H])(c3c([H])c([H])c([H])c([H])c3[H])N([H])C2=C2N1C([H])(c1c([H])c([H])c([H])c([H])c1[H])C([H])(c1c([H])c([H])c([H])c([H])c1[H])N2[H]
SUXVIQ,0,ok,0.107902,62,1,,C([H])([H])([H])S(->[Ru+2]1(<-S(=O)(C([H])([H])[H])C([H])([H])[H])(Cl)(N(C(=N->1c1c([H])c([H])c([H])c([H])c1[H])[H])c1c([H])c([H])c([H])c([H])c1[H])<-N(c1c([H])c([H])c([H])c([H])c1[H])([H])[H])(=O)C([H])([H])[H]
SUZTEO,1,ok,0.452758,79,1,,[Ru+4]12345(<-P(c6c([H])c([H])c([H])c([H])c6[H])(c6c([H])c([H])c([H])c([H])c6[H])c6c([H])c([H])c([H])c([H])c6[H])(<-C6([H])=C->1([H])C->2([H])=C->3([H])C46[H])=C1N(C([H])=C([H])C([H])=C1[H])C([n+]1c([H])c([H])c([H])c([H])c1[H])=C5c1c([H])c([H])c([H])c([H])c1[H]
TACMUG,0,ok,0.068927,56,1,,[Re+5]1(Cl)(Cl)(<-P2(OC(C(O1)(C([H])([H])[H])C([H])([H])[H])(C([H])([H])[H])C([H])([H])[H])OC(C([H])([H])[H])(C([H])([H])[H])C(C([H])([H])[H])(C([H])([H])[H])O2)(=O)<-n1c([H])c([H])c([H])c([H])c1[H]
TAHZIL,0,ok,0.109604,58,1,,[Ru+2](Cl)(Cl)(<-S(=O)(C([H])([H])[H])C([H])([H])[H])(<-S(=O)(C([H])([H])[H])C([H])([H])[H])(<-n1c([H])c([H])c([H])c([H])c1[H])<-n1c([H])n(C([H])([H])[H])c2c([H])c(C([H])([H])[H])c(C([H])([H])[H])c([H])c12
TALLEX,0,ok,0.058464,57,1,,[Mo+4]12345(<-C6(C(C([H])([H])[H])([H])[H])=C->1(C(C([H])([H])[H])([H])[H])[B-2]->2(C(C([H])([H])[H])([H])[H])C->3(C(C([H])([H])[H])([H])[H])=C->4(C(C([H])([H])[H])([H])[H])[B-]56C(C([H])([H])[H])([H])[H])(<-[C-]#[O+])(<-[C-]#[O+])(<-[C-]#[O+])<-[C-]#[O+]
TAMBIS,0,ok,0.046831,43,1,,[W+4]1(<-P(C([H])([H])[H])(C([H])([H])[H])C([H])([H])[H])(<-P(C([H])([H])[H])(C([H])([H])[H])C([H])([H])[H])(=S)(=S)<-O=C->1(c1c([H])c([H])c([H])c([H])c1[H])[H]
TANJOI,0,ok,0.089386,80,1,,[Rh+3]123(Cl)(=C([Si](C(C([H])([H])[H])(C([H])([H])[H])C([H])([H])[H])(c4c([H])c([H])c([H])c([H])c4[H])c4c([H])c([H])c([H])c([H])c4[H])N(C([H])(C([H])([H])[H])C([H])([H])[H])C([H])(C([H])([H])[H])C([H])([H])[H])<-C4([H])=C->1([H])C([H])([H])C([H])([H])C->2([H])=C->3([H])C([H])([H])C4([H])[H]
TANJUO,0,ok,0.080004,64,1,,[Rh+3](Cl)(=C([Si](C(C([H])([H])[H])(C([H])([H])[H])C([H])([H])[H])(c1c([H])c([H])c([H])c([H])c1[H])c1c([H])c([H])c([H])c([H])c1[H])N(C([H])(C([H])([H])[H])C([H])([H])[H])C([H])(C([H])([H])[H])C([H])([H])[H])(<-[C-]#[O+])<-[C-]#[O+]
TAPTAH,0,ok,0.103486,77,1,,[Pt+2](Cl)(<-P(O[H])(c1c(C(F)(F)F)c([H])c(C(F)(F)F)c([H])c1[H])c1c(C(F)(F)F)c([H])c(C(F)(F)F)c([H])c1[H])(Cl)<-P(O[H])(c1c(C(F)(F)F)c([H])c(C(F)(F)F)c([H])c1[H])c1c(C(F)(F)F)c([H])c(C(F)(F)F)c([H])c1[H]
TARDAR,0,ok,0.240364,71,1,,[Ru+6]12345678(<-C9(C([H])([H])C([H])([H])[H])=C->1(C([H])([H])C([H])([H])[H])[B-]2(C(C([H])([H])[H])(C([H])([H])[H])C([H])([H])[H])C3(C([H])([H])[H])[B-]49C([H])([H])C([H])([H])[H])(<-C1(C([H])([H])[H])=C->5(C([H])([H])[H])C->6(C([H])([H])[H])=C->7(C([H])([H])[H])C81C([H])([H])[H])<-[C-]#[O+]
TASYAN,0,ok,0.052503,55,1,,[Fe+2]12(=C(OC([H])([H])[H])N(C(C(C([H])([H])[H])(C([H])([H])[H])[H])([H])[H])C(C->1(=C->2(C([H])([H])[H])C(C(C([H])([H])[H])(C(=O)C(C([H])([H])[H])([H])[H])[H])([H])[H])[H])([H])[H])(<-[C-]#[O+])(<-[C-]#[O+])<-[C-]#[O+]
TAVVOB,0,ok,0.131868,51,1,,[Pt+4]1(I)(I)N2C(C([H])([H])[H])=C([H])C(c3c([H])c([H])c([H])c([H])c3[H])=c3c2c2c(c([H])c3[H])=C(c3c([H])c([H])c([H])c([H])c3[H])C([H])=C(C([H])([H])[H])N12
TAZDUT,1,ok,0.199165,74,1,,[Ru+4]123(Cl)(<-n4c([H])c([H])c([H])c([H])c4-c4n->1c(-c1n->2c([H])c([H])c([H])c1[H])c(-c1nc([H])c([H])c([H])c1[H])nc4-c1nc([H])c([H])c([H])c1[H])N1C([H])=C([H])C(C([H])([H])[H])=C([H])C1=C1N3C([H])=C([H])C(C([H])([H])[H])=C1[H]
TEBLAP,-1,ok,0.079997,54,1,,[Fe+2]123(<-O=C(C(=C(N1c1c([H])c([H])c([H])c([H])c1N2C([H])=C(C(=O->3)C([H])([H])[H])C(=O)OC([H])([H])C([H])([H])[H])[H])C(=O)OC([H])([H])C([H])([H])[H])C([H])([H])[H])<-N#C[S-]
TEBRUP,0,ok,0.103624,54,1,,[Fe+2]123(<-O=C(C(=C(N1c1c([H])c([H])c([H])c([H])c1N2C([H])=C(C(=O->3)C([H])([H])[H])C(=O)OC([H])([H])[H])[H])C(=O)OC([H])([H])[H])C([H])([H])[H])<-n1c([H])c([H])n([H])c1[H]
TECNAT,0,ok,0.084586,69,1,,C1(C(C#N)=S->[W]23(<-P(c4c([H])c([H])c([H])c([H])c4[H])(c4c([H])c([H])c([H])c([H])c4[H])C([H])([H])C([H])([H])P->2(c2c([H])c([H])c([H])c([H])c2[H])c2c([H])c([H])c([H])c([H])c2[H])(<-S=1)<-S=C(C(C#N)=S->3)C#N)C#N
TEHFET,0,ok,0.146323,82,1,,[Re+5]123(=O)(<-N(=C(c4c([H])c([H])c([H])c([H])c4[H])N=C(N4C([H])([H])C([H])([H])OC([H])([H])C4([H])[H])S1)c1c([H])c(C(O[H])=O)c([H])c([H])c1N->2=C(c1c([H])c([H])c([H])c([H])c1[H])N=C(N1C([H])([H])C([H])([H])OC([H])([H])C1([H])[H])S3)OC(=O)C(F)(F)F
TEJZEP,1,ok,0.181819,68,1,,[Ru+4]123(Oc4c([H])c([H])c([H])c([H])c4C4=N->1C([H])(C(SC([H])([H])[H])([H])[H])C([H])([H])O4)(<-n1c([H])c([H])c([H])c([H])c1-c1n->2c([H])c([H])c([H])c1[H])N1C([H])=C([H])C([H])=C([H])C1=C1N3C([H])=C([H])C([H])=C1[H]
TELJID,0,ok,0.166041,50,1,,[Mn+3]123(Cl)<-O=C(C(=C(N1C([H])([H])C([H])([H])N2C(C([H])([H])[H])=C(C(=O->3)c1c([H])c([H])c([H])c([H])c1[H])[H])C([H])([H])[H])[H])c1c([H])c([H])c([H])c([H])c1[H]
TENXAO,0,ok,0.168719,74,1,,c12c([H])c([H])c([H])c([H])c1C([H])([H])C1([H])C2([H])N2->[Ru+2]3(<-n4c(C=2O1)c([H])c([H])c([H])c4C1=N->3C2([H])C([H])(C([H])([H])c3c([H])c([H])c([H])c([H])c32)O1)(<-P(c1c([H])c([H])c([H])c([H])c1[H])(OC([H])([H])[H])OC([H])([H])[H])(Cl)Cl
TEPHEE,1,ok,0.158118,80,1,,[Ru+2]123456(N(P(=N->1c1c([H])c([H])c(C([H])([H])[H])c([H])c1[H])(c1c([H])c([H])c([H])c([H])c1[H])c1c([H])c([H])c([H])c([H])c1[H])c1c([H])c([H])c(C([H])([H])[H])c([H])c1[H])(<-c1([H])c->2([H])c->3(C([H])([H])[H])c->4([H])c->5([H])c->61C([H])(C([H])([H])[H])C([H])([H])[H])<-[C-]#[O+]
TEPJAC,1,ok,0.128723,78,1,,[Ru+2]123456(N(P(=N->1c1c([H])c([H])c(C([H])([H])[H])c([H])c1[H])(c1c([H])c([H])c([H])c([H])c1[H])c1c([H])c([H])c([H])c([H])c1[H])c1c([H])c([H])c(C([H])([H])[H])c([H])c1[H])<-c1([H])c->2([H])c->3(C([H])([H])[H])c->4([H])c->5([H])c->61C([H])(C([H])([H])[H])C([H])([H])[H]
TEXMAK,0,ok,0.099904,74,1,,[Cr+2](=C(N1C([H])([H])C([H])([H])OC([H])([H])C1([H])[H])c1c(OC([H])([H])[H])c([H])c2c(c1[H])C([H])([H])C([H])([H])C1([H])C(C([H])([H])[H])(C(OC([H])([H])[H])([H])[H])C([H])([H])C([H])([H])C([H])([H])C12C([H])([H])[H])(<-[C-]#[O+])(<-[C-]#[O+])(<-[C-]#[O+])(<-[C-]#[O+])<-[C-]#[O+]
TEYCAB,0,ok,0.063829,54,1,,[Cr+2](=C(N([H])[H])c1c(OC([H])([H])[H])c([H])c2c(c1[H])C([H])([H])C([H])([H])C1([H])C(=C([H])[H])C([H])([H])C([H])([H])C([H])([H])C12C([H])([H])[H])(<-[C-]#[O+])(<-[C-]#[O+])(<-[C-]#[O+])(<-[C-]#[O+])<-[C-]#[O+]
TIFRUX,0,ok,0.035464,33,1,,[Ni]12(<-N(C(=C(C(C(F)(F)F)=O->1)[H])C(F)(F)F)=NC(c1c([H])c([H])c([H])c([H])c1[H])=O->2)<-N([H])([H])[H]
TIHFAT,0,ok,0.089798,58,1,,[Pd+4]1(Cl)(Cl)N(c2c(C([H])([H])C([H])([H])[H])c([H])c(C([H])([H])[H])c([H])c2C([H])([H])C([H])([H])[H])C(C([H])([H])[H])=C2N1C1=C(C([H])([H])C([H])([H])C([H])([H])C([H])([H])C1([H])[H])C([H])=C2[H]
TILBUO,0,ok,0.076425,69,1,,[Co+]12(<-P(c3c([Si]1([H])c1c([H])c([H])c([H])c([H])c1P->2(C([H])(C([H])([H])[H])C([H])([H])[H])C([H])(C([H])([H])[H])C([H])([H])[H])c([H])c([H])c([H])c3[H])(C([H])(C([H])([H])[H])C([H])([H])[H])C([H])(C([H])([H])[H])C([H])([H])[H])(<-[C-]#[O+])<-[C-]#[O+]
TITGAG,1,ok,0.098378,36,1,,[Pt+4]1(<-n2c([H])c([H])c([H])c([H])c2[H])(C([H])([H])[H])N2C(=C3N1C([H])=C([H])C([H])=C3[H])C([H])=C([H])C([H])=C2[H]
TIWLET,0,ok,0.181663,61,1,,c12c3c4c([H])c([H])c([H])n3[Re+](<-[C-]#[O+])(<-[C-]#[O+])(<-[C-]#[O+])(<-n1c1c(c2c2c4C(=O)N(C([H])([H])c3c([H])c([H])c([H])c([H])c3[H])C2=O)c([H])c([H])c([H])c1[H])<-n1c([H])c([H])c([H])c([H])c1[H]
TIWRIB,0,ok,0.102281,31,1,,[Pd+4]1(Br)(Br)N2C([H])=C([H])C([H])=C([H])C2=C([H])N1N(C(=O)c1c([H])c([H])c([H])c([H])c1[H])[H]
TIZJUJ,0,ok,0.062785,67,1,,Cl[Fe+4](Cl)(=C1N(C(C([H])([H])[H])(C([H])([H])[H])[H])C([H])([H])C([H])([H])C([H])([H])N1C(C([H])([H])[H])(C([H])([H])[H])[H])C1=[N+](C(C([H])([H])[H])(C([H])([H])[H])[H])C([H])([H])C([H])([H])C([H])([H])N1C(C([H])([H])[H])(C([H])([H])[H])[H]
TIZKIY,0,ok,0.056630,73,1,,N1(C(C([H])([H])[H])(C([H])([H])[H])[H])C(=[Fe+4](Cl)(Cl)C2=[N+](C(C([H])([H])[H])(C([H])([H])[H])[H])C([H])([H])C([H])([H])C([H])([H])C([H])([H])N2C(C([H])([H])[H])(C([H])([H])[H])[H])N(C(C([H])([H])[H])(C([H])([H])[H])[H])C([H])([H])C([H])([H])C([H])([H])C1([H])[H]
TOBNEG,0,ok,0.115160,72,1,,[Ru+2]123456(Cl)(<-O=C(N=C(N1c1c([H])c([H])c(C([H])([H])[H])c([H])c1[H])N([H])C([H])([H])c1c([H])c([H])c([H])c([H])c1[H])c1c([H])c([H])c([H])c([H])c1[H])<-c1(C([H])(C([H])([H])[H])C([H])([H])[H])c->2([H])c->3([H])c->4(C([H])([H])[H])c->5([H])c->61[H]
TOJYAV,0,ok,0.039039,31,1,,[Re+]1(<-N([H])(C([H])([H])[H])C([H])([H])[H])(n2c([H])c([H])c([H])c2C(=O->1)C([H])([H])[H])(<-[C-]#[O+])(<-[C-]#[O+])<-[C-]#[O+]
TOLBEE,1,ok,0.183918,71,1,,[Ru+2]123(<-n4c([H])c([H])c([H])c([H])c4-c4n->1c([H])c([H])c([H])c4[H])(<-n1c([H])c([H])c([H])c([H])c1-c1n->2c([H])c([H])c([H])c1[H])N(S(=O)(=O)c1c([H])c([H])c(N([H])[H])c([H])c1[H])c1n->3nc(OC([H])([H])[H])c([H])c1[H]
TONPIW,0,ok,0.071308,62,1,,c1([Rh+3](Cl)(<-[C-]#[O+])<-[C-]#[O+])n(-c2c(C([H])([H])[H])c([H])c(C([H])([H])[H])c([H])c2C([H])([H])[H])c([H])c([H])c1[S-](c1c([H])c([H])c(C([H])([H])[H])c([H])c1[H])c1c([H])c([H])c(C([H])([H])[H])c([H])c1[H]
TUGTIY,0,ok,0.054207,50,1,,[Tc+3]1(<-S=C(C#N)C(=S->1)C#N)(<-P(c1c([H])c([H])c([H])c([H])c1[H])(C([H])([H])[H])C([H])([H])[H])(<-P(c1c([H])c([H])c([H])c([H])c1[H])(C([H])([H])[H])C([H])([H])[H])#N
TUHRAQ,1,ok,0.081919,66,1,,[Ir+]1(<-[C-]#[O+])(<-[C-]#[O+])<-N2=C([B-](C3=N->1C(C([H])([H])[H])(C([H])([H])[H])C([H])([H])O3)(C1=[O+]C([H])([H])C(C([H])([H])[H])(C([H])([H])[H])N1C([H])([H])[H])c1c([H])c([H])c([H])c([H])c1[H])OC([H])([H])C2(C([H])([H])[H])C([H])([H])[H]
TUKNIY,0,ok,0.045050,51,1,,[Au+3](Cl)=C(N([H])C(C([H])([H])[H])(C([H])([H])[H])C([H])([H])[H])N(C([H])([H])C([H])(OC([H])([H])[H])OC([H])([H])[H])C1([H])C([H])([H])C([H])([H])C([H])([H])C([H])([H])C1([H])[H]
TUKPAS,0,ok,0.081653,67,1,,[Au+3](Cl)=C(N([H])c1c([H])c([H])c([H])c([H])c1-c1c([H])c([H])c([H])c([H])c1[H])N(C([H])([H])C([H])(OC([H])([H])[H])OC([H])([H])[H])C12C([H])([H])C3([H])C([H])([H])C([H])(C1([H])[H])C([H])([H])C([H])(C2([H])[H])C3([H])[H]
TUKPEW,0,ok,0.075284,77,1,,[Au+3](Cl)=C(N([H])c1c([H])c([H])c([H])c([H])c1-c1c([H])c([H])c([H])c([H])c1[H])N(C([H])([H])C([H])(OC([H])([H])[H])OC([H])([H])[H])C1([H])C([H])([H])C([H])([H])C([H])([H])C([H])([H])C([H])([H])C([H])([H])C([H])([H])C([H])([H])C([H])([H])C([H])([H])C1([H])[H]
TUKPIA,0,ok,0.068491,67,1,,[Au+3](Cl)=C(N([H])c1c(C([H])(C([H])([H])[H])C([H])([H])[H])c([H])c([H])c([H])c1C([H])(C([H])([H])[H])C([H])([H])[H])N(C([H])([H])C([H])(OC([H])([H])[H])OC([H])([H])[H])C1([H])C([H])([H])C([H])([H])C([H])([H])C([H])([H])C1([H])[H]
TUKPOG,0,ok,0.074257,73,1,,C([H])([H])([H])OC(C(N(C(=[Au+3]Cl)N([H])c1c(C([H])(C([H])([H])[H])C([H])([H])[H])c([H])c([H])c([H])c1C([H])(C([H])([H])[H])C([H])([H])[H])C1([H])C([H])([H])C([H])([H])C([H])([H])C([H])([H])C([H])([H])C([H])([H])C1([H])[H])([H])[H])([H])OC([H])([H])[H]
TULRAV,0,ok,0.087607,57,1,,[Pd+2]123<-N(=C(c4c([H])c([H])c([H])c([H])c4[H])N=C(N(C([H])([H])C([H])([H])[H])C([H])([H])C([H])([H])[H])S1)c1c([H])c([H])c([H])c([H])c1C(C([H])([H])[H])=N->2N=C(N([H])C([H])([H])[H])S3
TUMDOU,0,ok,0.073141,53,1,,[W+4](=c1oc2c(n1C([H])([H])[H])c([H])c([H])c([H])c2[H])(=C(N1C([H])([H])C([H])([H])OC([H])([H])C1([H])[H])C1=C([H])C([H])([H])C([H])([H])C1([H])[H])(<-[C-]#[O+])(<-[C-]#[O+])(<-[C-]#[O+])<-[C-]#[O+]
TUSTAD,0,ok,0.139056,73,1,,[Ru+2]1(Cl)(<-S(=O)(C([H])([H])[H])C([H])([H])[H])(<-S(=O)(C([H])([H])[H])C([H])([H])[H])(<-S(=O)(C([H])([H])[H])C([H])([H])[H])<-O=c2c3c([H])c([H])c([H])c([H])c3oc(-c3c([H])c([H])c(OC([H])([H])c4c([H])c([H])c([H])c([H])c4[H])c([H])c3[H])c2O1
TUSTEH,0,ok,0.168881,74,1,,[Ru+2]1(Cl)(<-S(=O)(C([H])([H])[H])C([H])([H])[H])(<-S(=O)(C([H])([H])[H])C([H])([H])[H])(<-S(=O)(C([H])([H])[H])C([H])([H])[H])Oc2c([H])c([H])c([H])c([H])c2C(=O->1)C([H])=C([H])c1c([H])c([H])c(OC([H])([H])c2c([H])c([H])c([H])c([H])c2[H])c([H])c1[H]
TUTMIF,0,ok,0.107920,48,1,,[Rh+3]1234(<-C5([H])=C->1([H])C([H])([H])C([H])([H])C->2([H])=C->3([H])C([H])([H])C5([H])[H])n1c([H])c([H])c([H])c1C(=C1C([H])=C([H])[N-]C([H])=C1[H])c1n4c([H])c([H])c1[H]
TUWSUB,0,ok,0.090647,59,1,,[Pd+2]12(Cl)<-P(Oc3c1c(C(N->2(C([H])(C([H])([H])[H])C([H])([H])[H])C([H])(C([H])([H])[H])C([H])([H])[H])([H])[H])c([H])c([H])c3[H])(c1c([H])c([H])c([H])c([H])c1[H])c1c([H])c([H])c([H])c([H])c1[H]
TUXKUT,0,ok,0.118866,37,1,,c1([H])c([H])c([H])c2c3n1->[Re+3](<-[C-]#[O+])(<-[C-]#[O+])(<-[C-]#[O+])(N3C1=C(c3c4c1c([H])c([H])c([H])c4c([H])c([H])c3[H])[N-]2)Br
TUZSIS,0,ok,0.094304,47,1,,c1(N2C([H])=C3C([H])=C([H])C([H])=C([H])N3[Ru+4]2345(<-C2([H])=C->3([H])C([H])([H])C([H])([H])C->4([H])=C->5([H])C([H])([H])C2([H])[H])(Cl)Cl)c([H])c([H])c(Cl)c([H])c1[H]
TUZSOY,0,ok,0.102742,51,1,,c1(N2C([H])=C3C([H])=C([H])C([H])=C([H])N3[Ru+4]2345(<-C2([H])=C->3([H])C([H])([H])C([H])([H])C->4([H])=C->5([H])C([H])([H])C2([H])[H])(Cl)Cl)c([H])c([H])c(OC([H])([H])[H])c([H])c1[H]
TUZSUE,0,ok,0.075701,47,1,,c1(N2C([H])=C3C([H])=C([H])C([H])=C([H])N3[Ru+4]2345(<-C2([H])=C->3([H])C([H])([H])C([H])([H])C->4([H])=C->5([H])C([H])([H])C2([H])[H])(Cl)Cl)c([H])c([H])c([H])c([H])c1[H]
UDOBOG,0,ok,0.044495,57,1,,[W+2](<-P(C([H])(C([H])([H])[H])C([H])([H])[H])(C([H])(C([H])([H])[H])C([H])([H])[H])C([H])(C([H])([H])[H])C([H])([H])[H])(<-[C-]#[O+])(<-[C-]#[O+])(<-[C-]#[O+])(<-[C-]#[O+])=C=C=C(N(C([H])([H])[H])C([H])([H])[H])OC([H])([H])[H]
UDOCAT,0,ok,0.054677,57,1,,[Cr+2](<-P(C([H])(C([H])([H])[H])C([H])([H])[H])(C([H])(C([H])([H])[H])C([H])([H])[H])C([H])(C([H])([H])[H])C([H])([H])[H])(<-[C-]#[O+])(<-[C-]#[O+])(<-[C-]#[O+])(<-[C-]#[O+])=C=C=C(N(C([H])([H])[H])C([H])([H])[H])OC([H])([H])[H]
UDODAU,0,ok,0.046521,43,1,,[W+2](<-P(C([H])([H])[H])(C([H])([H])[H])C([H])([H])[H])(<-[C-]#[O+])(<-[C-]#[O+])(<-[C-]#[O+])(<-[C-]#[O+])=C=C=C(N(C([H])([H])[H])C([H])([H])[H])N(C([H])([H])[H])C([H])([H])[H]
UGANOH,0,ok,0.101677,47,1,,[Pt+2](Cl)(Cl)(<-S(=O)(C([H])([H])[H])C([H])([H])[H])n1c2c([H])c([H])c(OC([H])([H])[H])c([H])c2c(N=[O+]C([H])([H])[H])c1-c1c([H])c([H])c([H])c([H])c1[H]
UGEZEM,-1,ok,0.093871,19,1,,C1(c2c([H])c([H])c([H])c([H])n2->[Mo+2]23(=O)(<-O=O->2)(<-O=O->3)O1)=O
UGUMOZ,0,ok,0.061716,29,1,,[Pt+4]1234(<-C5(C([H])([H])[H])=C->1(C([H])([H])[H])C2(C([H])([H])[H])C35C([H])([H])[H])[Se]c1sc(=S)sc1[Se]4
UHONUA,1,ok,0.512410,67,1,,[Os+4]12345(<-P(c6c([H])c([H])c([H])c([H])c6[H])(c6c([H])c([H])c([H])c([H])c6[H])c6c([H])c([H])c([H])c([H])c6[H])(<-C6([H])=C->1([H])C->2([H])=C->3([H])C46[H])N1C([H])=C([H])C([H])=c2c([H])c([H])c3c(c21)N5C([H])=C([H])C=3[H]
UHUYOM,1,ok,0.051408,44,1,,[c-]1(->[Pt+4]2(C([H])([H])[H])(C([H])([H])[H])(C([H])([H])[H])<-n3c([H])c([H])c([H])c([H])c3-c3c([H])c([H])c([H])c([H])n->23)[o+]c([H])c([H])n1C([H])([H])[H]
UJEHAT,0,ok,0.094443,69,1,,[Ru+4]12345(<-N(=C(C(=C1c1c([H])c([H])c([H])c([H])c1[H])[H])[H])C([H])([H])C([H])([H])[H])(<-C1([H])=C->2([H])C([H])([H])C([H])([H])C->3([H])=C->4([H])C([H])([H])C1([H])[H])=C(c1c([H])c([H])c([H])c([H])c1[H])C([H])=C([H])N5C([H])([H])C([H])([H])[H]
UJETAF,0,ok,0.097465,68,1,,[Pt+2]1(<-S(=O)(C([H])([H])[H])C([H])([H])[H])(<-n2c3c(nc(Cl)nc3N([H])C([H])([H])c3c(OC([H])([H])[H])c([H])c([H])c([H])c3[H])n(C([H])(C([H])([H])[H])C([H])([H])[H])c2[H])OC(=O)C2(C(=O)O1)C([H])([H])C([H])([H])C2([H])[H]
UKOHUZ,1,ok,0.071113,65,1,,c1([H])c([H])c(C([H])([H])C([H])([H])C([H])([H])C(=O)O[H])c([H])c([H])n1->[Os+4]12(Cl)(<-n3c([H])c([H])c([H])c([H])c3-c3c([H])c([H])c([H])c([H])n->13)N1C([H])=C([H])C([H])=C([H])C1=C1C([H])=C([H])C([H])=C([H])N12
UKUMEU,0,ok,0.487163,50,1,,C1([H])=C([H])C([H])=C([H])C2=C(C([H])([H])[H])N(C([H])([H])C([H])([H])C([H])([H])C([H])([H])[H])[Ti+4]3456789%10(C%11([H])C->3([H])=C->4([H])C->5([H])=C->6%11[H])(<-C3([H])=C->7([H])C->8([H])=C->9([H])C3%10[H])N12
ULATUY,0,ok,0.053298,47,1,,[V+3]123(<-N(=NC(=O->1)c1c([H])c([H])c(Br)c([H])c1[H])C(C([H])([H])[H])=C([H])C(=O->2)C([H])([H])[H])(<-n1c2c(O3)c([H])c([H])c([H])c2c([H])c([H])c1[H])=O
ULUJOC,0,ok,0.061859,53,1,,[Zn+2]12(<-O=C(C([H])=C(N1c1c3nsnc3c([H])c([H])c1[H])C([H])([H])[H])C([H])([H])[H])<-O=C(C([H])=C(N2c1c2nsnc2c([H])c([H])c1[H])C([H])([H])[H])C([H])([H])[H]
UMAPOP,0,ok,0.031571,32,1,,S1->[Au+]2(Cl)<-O=C(c3c([H])c([H])c([H])c([H])c3[H])C(=C(N->2=NC=1N([H])C([H])([H])[H])C([H])([H])[H])[H]
UNAMIF,0,ok,0.069495,67,1,,[Cr+2](<-[C-]#[O+])(<-[C-]#[O+])(<-[C-]#[O+])(<-[C-]#[O+])(<-[C-]#[O+])=C(N(C([H])([H])C([H])([H])[H])C([H])([H])C([H])([H])[H])C(=C1OC([H])(C2([H])OC(C([H])([H])[H])(C([H])([H])[H])OC2([H])[H])C2([H])OC(C([H])([H])[H])(C([H])([H])[H])OC12[H])C([H])([H])[H]
UNANAY,0,ok,0.064837,56,1,,[C-](#[O+])->[Cr+2]1(<-[C-]#[O+])(<-[C-]#[O+])(<-[C-]#[O+])=C(C([H])(C([H])([H])[H])C2([H])C([H])([H])C(=O)C([H])([H])C([H])([H])C2([H])[H])N(C([H])([H])c2c([H])c([H])c([H])c([H])c2[H])N->1(C([H])([H])[H])C([H])([H])[H]
UNANEC,0,ok,0.101759,69,1,,[Cr+2]1(<-N(N(C=1C([H])(C([H])([H])[H])C([H])(C([H])([H])C(=O)c1c([H])c([H])c([H])c([H])c1[H])c1c([H])c([H])c([H])c([H])c1[H])C([H])([H])c1c([H])c([H])c([H])c([H])c1[H])(C([H])([H])[H])C([H])([H])[H])(<-[C-]#[O+])(<-[C-]#[O+])(<-[C-]#[O+])<-[C-]#[O+]
UNAVOW,1,ok,0.092084,77,1,,[Co+3]123(<-O=C(C(=C(N1C([H])(c1c([H])c([H])c([H])c([H])c1[H])C([H])(c1c([H])c([H])c([H])c([H])c1[H])N2C(=C([H])C(=O->3)C([H])([H])[H])C([H])([H])[H])C([H])([H])[H])[H])C([H])([H])[H])(<-n1c([H])c([H])c([H])c([H])c1[H])<-n1c([H])c([H])c([H])c([H])c1[H]
UPEFUS,0,ok,0.087210,58,1,,[Pd+2]1(<-P(c2c([H])c([H])c([H])c([H])c2[H])(c2c([H])c([H])c([H])c([H])c2[H])c2c([H])c([H])c3c(c2S(=O)(O1)=O)c([H])c([H])c([H])c3[H])(<-S(C([H])([H])[H])(=O)C([H])([H])[H])C([H])([H])[H]
UROQUO,1,ok,0.068588,63,1,,[Rh+]1234(<-S(=O)(C(C(P->1(c1c([H])c([H])c([H])c([H])c1[H])c1c([H])c([H])c([H])c([H])c1[H])([H])[H])([H])[H])c1c([H])c([H])c([H])c([H])c1[H])<-C1([H])=C->2([H])C([H])([H])C([H])([H])C->3([H])=C->4([H])C([H])([H])C1([H])[H]
URUKUO,0,ok,0.071079,52,1,,[Co+3]123(n4nc(C([H])([H])[H])c([H])c4C([H])([H])[H])(<-n4n([H])c(C([H])([H])[H])c([H])c4C([H])([H])[H])(<-C4(C([H])([H])[H])=C->1(C([H])([H])[H])C2(C([H])([H])[H])C34C([H])([H])[H])<-[C-]#[O+]
USOWOP,0,ok,0.045085,27,1,,[Pt+4]1(Cl)(Cl)N2C([H])=C([H])C(O[H])([H])N(C([H])([H])[H])C2=C2N=C([H])C([H])=C([H])N12
UXOJEY,0,ok,0.051578,42,1,,[H]Oc1c(C2N=N3C([H])=C([H])C(c4c([H])c([H])c(OC([H])([H])[H])c([H])c4[H])=O->[Ni]<-3(<-N([H])([H])[H])<-O=2)c([H])c([H])c([H])c1[H]
VAKXOU,0,ok,0.034633,31,1,,[Cr](<-p1(C(C([H])([H])[H])(C([H])([H])[H])C([H])([H])[H])n([H])sn[s+][n-]1)(<-[C-]#[O+])(<-[C-]#[O+])(<-[C-]#[O+])(<-[C-]#[O+])<-[C-]#[O+]
VAWBIH,0,ok,0.154209,54,1,,c1(C2N=N3C(C([H])([H])[H])=C([H])C(c4c([H])c([H])c([H])c([H])c4[H])=O->[Mo+4]<-3(<-n3c([H])c(C([H])([H])[H])c([H])c([H])c3[H])(<-O=2)(=O)=O)c(N([H])[H])c([H])c([H])c([H])c1[H]
VEBYAE,0,ok,0.065653,59,1,,[Re+5]1(=O)(Cl)(Cl)(<-P2(OC(C(O1)(C([H])([H])[H])C([H])([H])[H])(C([H])([H])[H])C([H])([H])[H])OC(C([H])([H])[H])(C([H])([H])[H])C(C([H])([H])[H])(C([H])([H])[H])O2)<-n1c([H])c([H])c(C([H])([H])[H])c([H])c1[H]
VEBYIM,0,ok,0.139110,79,1,,[Re+5]1(Br)(Br)(<-P2(OC(C(O1)(C([H])([H])[H])C([H])([H])[H])(C([H])([H])[H])C([H])([H])[H])OC(C([H])([H])[H])(C([H])([H])[H])C(C([H])([H])[H])(C([H])([H])[H])O2)(<-P(c1c([H])c([H])c([H])c([H])c1[H])(c1c([H])c([H])c([H])c([H])c1[H])c1c([H])c([H])c([H])c([H])c1[H])=O
VEBZAF,0,ok,0.035496,37,1,,[Re+5]1(Cl)(Cl)(Cl)(<-P2(OC(C(N->1([H])[H])(C([H])([H])[H])C([H])([H])[H])([H])[H])OC([H])([H])C(C([H])([H])[H])(C([H])([H])[H])N2[H])=O
VECQEB,0,ok,0.248990,30,1,,[Mn+3]1234(<-[C-]#[O+])(<-[C-]#[O+])(<-C5([H])=C->1([H])C2([H])C->3([H])=C->45[H])=C(N([H])[H])c1c([H])c([H])c([H])c([H])c1[H]
VEJDUM,1,ok,0.374631,68,1,,[Ru+2]123456(<-n7c([H])c([H])c([H])c([H])c7C(N7C->1N(c1c(C([H])([H])[H])c([H])c(C([H])([H])[H])c([H])c1C([H])([H])[H])C([H])=C7[H])([H])[H])(<-O=O->2)<-C1(C([H])([H])[H])=C->3(C([H])([H])[H])C->4(C([H])([H])[H])=C->5(C([H])([H])[H])C61C([H])([H])[H]
VEJVEN,0,ok,0.038413,36,1,,[Pd+4]1(Cl)(Cl)<-N([H])([H])c2c(C=1N([H])c1c(C([H])([H])[H])c([H])c([H])c([H])c1C([H])([H])[H])c([H])c([H])c([H])c2[H]
VEJVOV,0,ok,0.392153,46,1,,[Zr+4]123456789(<-P(C([H])([H])[H])(C([H])([H])[H])C([H])([H])[H])(<-C%10([H])=C->1([H])C2([H])C->3([H])=C->4%10[H])(<-C1([H])=C->5([H])C6([H])C->7([H])=C->81[H])C([H])([H])C9(C(C([H])([H])[H])([H])[H])[H]
VENZOF,0,ok,0.034903,29,1,,[Re+]1(<-[C-]#[O+])(<-O=C([H])c2n1c([H])c([H])c2[H])(<-n1c([H])c([H])c([H])c([H])c1[H])(<-[C-]#[O+])<-[C-]#[O+]
VEPMUZ,1,ok,0.198901,73,1,,[Pt+4]1(<-P(c2c(OC([H])([H])[H])c([H])c([H])c([H])c2[H])(c2c(OC([H])([H])[H])c([H])c([H])c([H])c2[H])c2c(OC([H])([H])[H])c([H])c([H])c([H])c2[H])(C([H])([H])[H])N2C([H])=C([H])C([H])=c3c([H])c([H])c4c(c32)N1C([H])=C([H])C=4[H]
VEQFII,0,ok,0.052009,46,1,,[Ni]12(<-O=C(C(=C(N->1=NC(=O->2)c1c([H])c([H])c([H])c([H])c1[H])c1c([H])c([H])c(Cl)c([H])c1[H])[H])C(F)(F)C(F)(F)C(F)(F)F)<-N([H])([H])[H]
VESMUB,0,ok,0.068828,61,1,,[Re+3]1(<-P(C([H])([H])[H])(C([H])([H])[H])C([H])([H])[H])(<-P(C([H])([H])[H])(C([H])([H])[H])C([H])([H])[H])(<-[C-]#[O+])(<-[C-]#[O+])=C(c2c([H])c([H])c(C([H])([H])[H])c([H])c2[H])N(C(C([H])([H])[H])(C([H])([H])[H])C([H])([H])[H])O1
VEWZIH,0,ok,0.049422,36,1,,[Cr+2](<-[C-]#[O+])(<-[C-]#[O+])(<-[C-]#[O+])(<-[C-]#[O+])(<-[C-]#[O+])=C1N(C([H])([H])[H])C([H])([H])N([H])C(c2c([H])c([H])c([H])c([H])c2[H])=C1[H]
VEZFOV,0,ok,0.086780,49,1,,[Ni+4]12(OC3(C([H])([H])[H])C([H])([H])C(C([H])([H])[H])(C([H])([H])[H])OC(C([H])([H])[H])(O1)C3([H])[H])N1C([H])=C([H])C([H])=C([H])C1=C1N2C([H])=C([H])C([H])=C1[H]
VIHHUS,1,ok,0.062634,75,1,,[Mn+]12(<-P(N(C3=C([H])C([H])=C([H])C(=[N+](P->1(C([H])(C([H])([H])[H])C([H])([H])[H])C([H])(C([H])([H])[H])C([H])([H])[H])C([H])([H])C([H])([H])[H])C23[H])C([H])([H])C([H])([H])[H])(C([H])(C([H])([H])[H])C([H])([H])[H])C([H])(C([H])([H])[H])C([H])([H])[H])(<-[C-]#[O+])(<-[C-]#[O+])<-[C-]#[O+]
VIJJIJ,0,ok,0.042616,29,1,,c1([H])c([H])c([H])c2c(Cl)c([H])c(I)c3O[Pt+2](<-n1c32)(<-S(C([H])([H])[H])(C([H])([H])[H])=O)Cl
VIKQAI,0,ok,0.084795,73,1,,[Pt]1(<-O=NN=O->1)(<-P(c1c([H])c([H])c([H])c([H])c1[H])(c1c([H])c([H])c([H])c([H])c1[H])c1c([H])c([H])c([H])c([H])c1[H])<-P(c1c([H])c([H])c([H])c([H])c1[H])(c1c([H])c([H])c([H])c([H])c1[H])c1c([H])c([H])c([H])c([H])c1[H]
VINGEF,-1,ok,0.033168,30,1,,[Ti+2]12345(<-O=O->1)<-N(C([H])([H])C([H])([H])N->2([H])C([H])([H])C(=O)O3)(C([H])([H])C(=O)O4)C([H])([H])C(=O)O5
VINGUV,-1,ok,0.035015,36,1,,[Ti+2]12345(<-O=O->1)<-N(C([H])([H])C([H])([H])N->2(C([H])([H])C(O[H])=O)C([H])([H])C(=O)O3)(C([H])([H])C(=O)O4)C([H])([H])C(=O)O5
VIPDOQ,0,ok,0.046378,52,1,,[Au+3]1(c2c(F)c(F)c(F)c(F)c2F)(c2c(F)c(F)c(F)c(F)c2F)SC([H])([H])C([H])([H])N([H])C1=[N+]([H])C1([H])C([H])([H])C([H])([H])C([H])([H])C([H])([H])C1([H])[H]
VIRHAG,0,ok,0.107724,73,1,,[Ru+2]1234([Si]([H])([H])C([Si](C([H])([H])[H])(C([H])([H])[H])C([H])([H])[H])([Si](C([H])([H])[H])(C([H])([H])[H])C([H])([H])[H])[Si](C([H])([H])[H])(C([H])([H])[H])C([H])([H])[H])(<-[C-]#[O+])(<-[C-]#[O+])C5(C([H])([H])[H])C->1(C([H])([H])[H])=C->2(C([H])([H])[H])C->3(C([H])([H])[H])=C->45C([H])([H])[H]
VIRHEK,0,ok,0.254095,82,1,,[Ru+2]1234([Si]([H])([H])C([Si](C([H])([H])[H])(C([H])([H])[H])C([H])([H])[H])([Si](C([H])([H])[H])(C([H])([H])[H])C([H])([H])[H])[Si](C([H])([H])[H])(C([H])([H])[H])C([H])([H])[H])(<-n5c([H])c([H])c([H])c([H])c5[H])(<-[C-]#[O+])<-C5(C([H])([H])[H])=C->1(C([H])([H])[H])C->2(C([H])([H])[H])=C->3(C([H])([H])[H])C45C([H])([H])[H]
VIRXAW,0,ok,0.089091,67,1,,C12=NP(c3c([H])c([H])c([H])c([H])c3[H])(c3c([H])c([H])c([H])c([H])c3[H])->[Pt+2]3(N1C([H])([H])C([H])([H])S2)N1C(=NP->3(c2c([H])c([H])c([H])c([H])c2[H])c2c([H])c([H])c([H])c([H])c2[H])SC([H])([H])C1([H])[H]
VIRXOK,0,ok,0.111635,61,1,,c12=NP(c3c([H])c([H])c([H])c([H])c3[H])(c3c([H])c([H])c([H])c([H])c3[H])->[Pt+2]3(n1nc([H])s2)n1c(=NP->3(c2c([H])c([H])c([H])c([H])c2[H])c2c([H])c([H])c([H])c([H])c2[H])sc([H])n1
VIWPIB,0,ok,0.100884,61,1,,c12=NP(c3c([H])c([H])c([H])c([H])c3[H])(c3c([H])c([H])c([H])c([H])c3[H])->[Pt+2]3(n1nc([H])s2)n1c(=NP->3(c2c([H])c([H])c([H])c([H])c2[H])c2c([H])c([H])c([H])c([H])c2[H])sc([H])n1
VIXSIF,0,ok,0.033629,30,1,,Cl[Au+3]=C(N([H])c1nc([H])c([H])c([H])c1[H])N(C([H])([H])C([H])([H])[H])C([H])([H])C([H])([H])[H]
VIXSOL,0,ok,0.042771,49,1,,[Au+3](c1c(C(F)(F)F)c([H])c(C(F)(F)F)c([H])c1C(F)(F)F)=C(N([H])c1nc([H])c([H])c([H])c1[H])N(C([H])([H])C([H])([H])[H])C([H])([H])C([H])([H])[H]
VIXSUR,0,ok,0.027416,21,1,,Cl[Au+3]=C(N([H])C([H])([H])[H])N([H])c1c([H])c([H])c([H])c([H])n1
VIXTAY,0,ok,0.036516,31,1,,[Au+3](c1c(F)c(F)c(F)c(F)c1F)=C(N([H])C([H])([H])[H])N([H])c1c([H])c([H])c([H])c([H])n1
VIZZAH,0,ok,0.105818,81,1,,[Ni+4]1(Br)(Br)N(c2c(C(C([H])([H])[H])([H])[H])c([H])c(-c3c([H])c([H])c([H])c([H])c3[H])c([H])c2C([H])([H])C([H])([H])[H])C(C([H])([H])[H])=C(C([H])([H])[H])N1c1c(C(C([H])([H])[H])([H])[H])c([H])c(-c2c([H])c([H])c([H])c([H])c2[H])c([H])c1C([H])([H])C([H])([H])[H]
VOBPUZ,1,ok,0.153322,62,1,,[Ru+2]123(<-n4nn(C(c5c([H])c([H])c([H])c([H])c5[H])([H])[H])c([H])c4C([H])([H])N->1(C([H])([H])c1c([H])c([H])c([H])c([H])n->21)C(c1c([H])c([H])c([H])c([H])n->31)([H])[H])(Cl)<-S(=O)(C([H])([H])[H])C([H])([H])[H]
VONSUP,0,ok,0.102507,67,1,,[Ru+2]1(Cl)(Cl)(<-S(=O)(C([H])([H])[H])C([H])([H])[H])(<-S(=O)(C([H])([H])[H])C([H])([H])[H])<-P(C(=N->1C([H])(C([H])([H])[H])C([H])([H])[H])c1c([H])c([H])c([H])c([H])c1[H])(C([H])(C([H])([H])[H])C([H])([H])[H])C([H])(C([H])([H])[H])C([H])([H])[H]
VOWFOC,0,ok,0.032496,36,1,,[Re+3](Br)(<-[C-]#[O+])(<-[C-]#[O+])(<-[C-]#[O+])(<-[C-]#[O+])=C(N(C(C([H])([H])[H])(C([H])([H])[H])[H])[H])N(c1c([H])c([H])c([H])c([H])c1[H])[H]
VOWFUI,0,ok,0.089524,68,1,,[Re+3](Br)(<-P(c1c([H])c([H])c([H])c([H])c1[H])(c1c([H])c([H])c([H])c([H])c1[H])c1c([H])c([H])c([H])c([H])c1[H])(<-[C-]#[O+])(<-[C-]#[O+])(<-[C-]#[O+])=C(N(C(C([H])([H])[H])(C([H])([H])[H])[H])[H])N(c1c([H])c([H])c([H])c([H])c1[H])[H]
VOYWIP,0,ok,0.049496,47,1,,[Ni]12(<-O=C(C(=C(N->1=NC(=O->2)c1c([H])c([H])c([H])c([H])c1[H])c1c([H])c([H])c(F)c([H])c1[H])[H])c1c([H])c([H])c(F)c([H])c1[H])<-N([H])([H])[H]
VUBYEX,0,ok,0.084324,75,1,,[Ag+3](Br)=C1N(c2c(C([H])(C([H])([H])[H])C([H])([H])[H])c([H])c([H])c([H])c2C([H])(C([H])([H])[H])C([H])([H])[H])C([H])([H])C([H])([H])C([H])([H])C([H])([H])N1c1c(C([H])(C([H])([H])[H])C([H])([H])[H])c([H])c([H])c([H])c1C([H])(C([H])([H])[H])C([H])([H])[H]
VUBZEY,0,ok,0.063780,75,1,,Br[Cu+3]=C1N(c2c(C([H])(C([H])([H])[H])C([H])([H])[H])c([H])c([H])c([H])c2C([H])(C([H])([H])[H])C([H])([H])[H])C([H])([H])C([H])([H])C([H])([H])C([H])([H])N1c1c(C([H])(C([H])([H])[H])C([H])([H])[H])c([H])c([H])c([H])c1C([H])(C([H])([H])[H])C([H])([H])[H]
VUCQIU,0,ok,0.111979,82,1,,[Pd+4]1(Br)(Br)=C(N([H])c2c([H])c([H])c(C(F)(F)F)c([H])c2[H])N(C([H])(C([H])([H])[H])c2c([H])c([H])c([H])c([H])c2[H])C([H])([H])C([H])([H])C([H])([H])N(C([H])(C([H])([H])[H])c2c([H])c([H])c([H])c([H])c2[H])[C+]1N([H])c1c([H])c([H])c(C(F)(F)F)c([H])c1[H]
VUTKIG,0,ok,0.057365,41,1,,[Pt+2]1(Cl)(Cl)<-P2(c3c([H])c([H])c([H])c([H])c3[H])C3([H])C([H])([H])C([H])(S->1(C(=C([H])[H])[H])=O)C2([H])C(C([H])([H])[H])=C3C([H])([H])[H]
WAHBUE,0,ok,0.089737,74,1,,[Pd]12(<-P(c3c([H])c([H])c([H])c([H])c3[H])(c3c([H])c([H])c([H])c([H])c3[H])c3c([H])c([H])c([H])c([H])c3[H])<-S=C(SC(c3c([H])c([H])c([H])c([H])c3[H])([H])[H])N=N->1C(=C(C(=O->2)c1c([H])c([H])c([H])c([H])c1[H])[H])C([H])([H])[H]
WAKGAS,0,ok,0.081145,73,1,,[Ti+4]12(N(c3c([H])c([H])c([H])c([H])c3[H])C(=C([H])C(=O->1)c1c([H])c(C(F)(F)F)c([H])c([H])c1[H])C(F)(F)F)(Cl)(<-N(c1c([H])c([H])c([H])c([H])c1[H])=C(C([H])=C(O2)c1c([H])c(C(F)(F)F)c([H])c([H])c1[H])C(F)(F)F)Cl
WAMXOY,0,ok,0.328403,71,1,,[Fe+4]1234(N5C(=Nc6n->1c([H])c([H])c([H])c6[H])c1c([H])c([H])c([H])c([H])c1C5=Nc1n->2c([H])c([H])c([H])c1[H])n1c(c2c([H])c([H])c([H])c([H])c2c1N=C1N3C([H])=C([H])C([H])=C1[H])N=C1N4C([H])=C([H])C([H])=C1[H]
WAQVIT,0,ok,0.076336,64,1,,[Ni]12(<-[Se]=C(C#N)C(=[Se]->1)C#N)<-P(c1c([H])c([H])c([H])c([H])c1[H])(c1c([H])c([H])c([H])c([H])c1[H])C([H])([H])C([H])([H])C(P->2(c1c([H])c([H])c([H])c([H])c1[H])c1c([H])c([H])c([H])c([H])c1[H])([H])[H]
WASLUY,1,ok,0.052917,27,1,,[Mn+]12345(<-c6([H])c->1([H])c->2([H])c->31c([H])c([H])c([H])c2c->41c->56C([H])=C2[H])(<-[C-]#[O+])(<-[C-]#[O+])<-[C-]#[O+]
WAVWUN,0,ok,0.060770,66,1,,[Nb+5]1(OC([H])(C([H])([H])[H])C([H])([H])[H])(OC([H])(C([H])([H])[H])C([H])([H])[H])(OC([H])(C([H])([H])[H])C([H])([H])[H])(OC([H])(C([H])([H])[H])C([H])([H])[H])<-O=C(C([H])=C2Sc3c(c([H])c([H])c([H])c3[H])N12)C(F)(F)F
WEDXIM,0,ok,0.097653,39,1,,[Cr+2](<-[C-]#[O+])(<-[C-]#[O+])(<-[C-]#[O+])(<-[C-]#[O+])(<-[C-]#[O+])=C(N1C([H])([H])C([H])([H])C(c2c([H])c([H])c([H])c([H])c2[H])([H])C([H])([H])C1([H])[H])F
WEHFEW,0,ok,0.060580,47,1,,[W+2]1(<-N(c2c([H])c([H])c([H])c([H])c2[H])=C(SC([H])([H])[H])C(C=1N1C([H])([H])C([H])([H])C([H])([H])C1([H])[H])([H])C([H])([H])[H])(<-[C-]#[O+])(<-[C-]#[O+])(<-[C-]#[O+])<-[C-]#[O+]
WEJBOE,0,ok,0.119681,83,1,,C1([H])(N2C([H])=C([H])N(C3([H])C([H])([H])C([H])([H])C([H])([H])C([H])([H])C3([H])[H])[Ru+6]23(Cl)(Cl)N(C2([H])C([H])([H])C([H])([H])C([H])([H])C([H])([H])C2([H])[H])C([H])=C([H])N3C2([H])C([H])([H])C([H])([H])C([H])([H])C([H])([H])C2([H])[H])C([H])([H])C([H])([H])C([H])([H])C([H])([H])C1([H])[H]
WELWIT,0,ok,0.082767,61,1,,[Pt]12(<-S=C(C(=S->1)C#N)C#N)<-P(C(C(P->2(c1c([H])c([H])c([H])c([H])c1[H])c1c([H])c([H])c([H])c([H])c1[H])([H])[H])([H])[H])(c1c([H])c([H])c([H])c([H])c1[H])c1c([H])c([H])c([H])c([H])c1[H]
WELWOZ,0,ok,0.072823,65,1,,[Pt]12(<-S=C(C(=S->1)C#N)C#N)<-P(c1c(P->2(c2c([H])c([H])c([H])c([H])c2[H])c2c([H])c([H])c([H])c([H])c2[H])c([H])c([H])c([H])c1[H])(c1c([H])c([H])c([H])c([H])c1[H])c1c([H])c([H])c([H])c([H])c1[H]
WEMTEP,-1,ok,0.062899,32,1,,[Mo+2]12(S[H])(<-S=C(C(=S->1)C#N)C#N)(=O)<-n1c([H])c([H])c([H])c([H])c1-c1n->2c([H])c([H])c([H])c1[H]
WENPIR,0,ok,0.094334,67,1,,[Mn+](<-P(c1c([H])c([H])c([H])c([H])c1[H])(c1c([H])c([H])c([H])c([H])c1[H])c1c([H])c([H])c([H])c([H])c1[H])([Si]([H])(c1c([H])c([H])c([H])c([H])c1[H])c1c([H])c([H])c([H])c([H])c1[H])(<-[C-]#[O+])(<-[C-]#[O+])(<-[C-]#[O+])<-[C-]#[O+]
WEQCOL,0,ok,0.276650,44,1,,[Fe+2]12345(<-C6([H])=C->1([H])C->2([H])=C->3([H])C46[H])(<-[C-]#[O+])C(=C([H])C(=S->5)C([H])([H])[H])N(C([H])([H])[H])c1c(C([H])([H])[H])c([H])c([H])c([H])c1C([H])([H])[H]
WEQGEE,0,ok,0.107956,85,1,,[Ir+]1(<-P(c2c([H])c([H])c([H])c([H])c2[H])(c2c([H])c([H])c([H])c([H])c2[H])c2c([H])c([H])c([H])c([H])c2[H])(<-P(c2c([H])c([H])c([H])c([H])c2[H])(c2c([H])c([H])c([H])c([H])c2[H])c2c([H])c([H])c([H])c([H])c2[H])(Sc2c(F)c(F)c(F)c(F)c2F)(<-[C-]#[O+])<-O=O->1
WETLOX,0,ok,0.041882,54,1,,[Pd+4](<-P(N(C([H])([H])[H])C([H])([H])[H])(N(C([H])([H])[H])C([H])([H])[H])N(C([H])([H])[H])C([H])([H])[H])(Cl)(Cl)=C(N(C([H])(C([H])([H])[H])C([H])([H])[H])C([H])(C([H])([H])[H])C([H])([H])[H])[H]
WETLUD,0,ok,0.067244,67,1,,[Pd+4]1(Cl)(Cl)<-P(c2c(C(C=1N(C([H])(C([H])([H])[H])C([H])([H])[H])C([H])(C([H])([H])[H])C([H])([H])[H])(C([H])([H])[H])C([H])([H])[H])c([H])c([H])c([H])c2[H])(c1c([H])c([H])c([H])c([H])c1[H])c1c([H])c([H])c([H])c([H])c1[H]
WEXFAI,-1,ok,0.073915,22,1,,[V+3]123(=O)(<-O=O->1)(<-n1c(c([H])c([H])c([H])c1C(=O)O2)C(=O)O3)<-O([H])[H]
WEXMUI,0,ok,0.146235,68,1,,[Cr+2](<-P(c1c([H])c([H])c([H])c([H])c1[H])(c1c([H])c([H])c([H])c([H])c1[H])c1c([H])c([H])c([H])c([H])c1[H])(<-[C-]#[O+])(<-[C-]#[O+])(<-[C-]#[O+])(<-[C-]#[O+])=c1n(C([H])([H])[H])n(C([H])([H])[H])c(-c2c([H])c([H])c([H])c([H])c2[H])c1[H]
WIDLOK,0,ok,0.074280,58,1,,[Re+3]12345(<-[Se]=C(C(=O)OC([H])([H])[H])C(=[Se]->1)C(=O)OC([H])([H])[H])(=NC(C([H])([H])[H])(C([H])([H])[H])C([H])([H])[H])<-C1(C([H])([H])[H])=C->2(C([H])([H])[H])C->3(C([H])([H])[H])=C->4(C([H])([H])[H])C51C([H])([H])[H]
WIDVOV,0,ok,0.066841,45,1,,[Ru+2]1(Cl)(Cl)(<-S(=O)(C([H])([H])[H])C([H])([H])[H])(<-S(=O)(C([H])([H])[H])C([H])([H])[H])<-n2c(N(c3n->1c([H])c([H])c([H])c3[H])[H])c([H])c([H])c([H])c2[H]
WIDWAI,1,ok,0.070788,54,1,,[Ru+2]1(Cl)(<-S(=O)(C([H])([H])[H])C([H])([H])[H])(<-S(=O)(C([H])([H])[H])C([H])([H])[H])(<-O=S(C([H])([H])[H])C([H])([H])[H])<-n2c(N(c3n->1c([H])c([H])c([H])c3[H])[H])c([H])c([H])c([H])c2[H]
WIGFUN,0,ok,0.036243,43,1,,[W+4]1(=[Se])(=[Se])(<-P(C([H])([H])[H])(C([H])([H])[H])C([H])([H])[H])(<-P(C([H])([H])[H])(C([H])([H])[H])C([H])([H])[H])<-O=C->1(c1c([H])c([H])c([H])c([H])c1[H])[H]
WIHTAI,0,ok,0.032957,35,1,,[Mo](<-[C-]#[O+])(<-[C-]#[O+])(<-[C-]#[O+])(<-[C-]#[O+])(<-[C-]#[O+])C([H])([H])c1[n+](C([H])([H])[H])c(C([H])([H])[H])c(C([H])([H])[H])n1C([H])([H])[H]
WIJVIU,0,ok,0.099913,77,1,,[Pd]1(<-S=C(C(=S->1)C#N)C#N)(<-P(c1c([H])c([H])c([H])c([H])c1[H])(c1c([H])c([H])c([H])c([H])c1[H])c1c([H])c([H])c([H])c([H])c1[H])<-P(c1c([H])c([H])c([H])c([H])c1[H])(c1c([H])c([H])c([H])c([H])c1[H])c1c([H])c([H])c([H])c([H])c1[H]
WILKUA,0,ok,0.052703,32,1,,[Pt+2]1(Cl)(<-S(=O)(C([H])([H])[H])C([H])([H])[H])Oc2c3c(c(Cl)c([H])c2Cl)c([H])c([H])c(C([H])([H])[H])n->13
WIMVEU,-1,ok,0.144290,57,1,,C1(=O)C(C([H])([H])C([H])([H])[H])(C([H])([H])C([H])([H])[H])C(=O)N2C(C([H])([H])[H])(C([H])([H])[H])C(=O)N3->[Mn+3]24(<-N(=c2c=3c([H])c([H])c([H])c2[H])C(=O)C(C([H])([H])[H])(C([H])([H])[H])N14)=O
WIVNUK,0,ok,0.173646,81,1,,[Re+5]123(<-O=C(c4c([H])c([H])c([H])c([H])c4[H])C(=C4N1C(C([H])([H])C(c1c([H])c([H])c([H])c([H])c1[H])=O)=C([H])C([H])=C4[H])[H])(<-n1c(c([H])c([H])c([H])c1C([H])=C(c1c([H])c([H])c([H])c([H])c1[H])O2)C([H])=C(c1c([H])c([H])c([H])c([H])c1[H])O3)=O
WIWNUO,0,ok,0.079575,80,1,,[Pd+4](Cl)(Cl)(=C(N([H])c1c(C([H])(C([H])([H])[H])C([H])([H])[H])c([H])c([H])c([H])c1C([H])(C([H])([H])[H])C([H])([H])[H])N1C([H])([H])C([H])([H])OC([H])([H])C1([H])[H])<-[C-]#[N+]c1c(C([H])(C([H])([H])[H])C([H])([H])[H])c([H])c([H])c([H])c1C([H])(C([H])([H])[H])C([H])([H])[H]
WIWPAW,0,ok,0.083070,82,1,,[Pd+4](Cl)(Cl)(=C(N([H])c1c(C([H])(C([H])([H])[H])C([H])([H])[H])c([H])c([H])c([H])c1C([H])(C([H])([H])[H])C([H])([H])[H])N1C([H])([H])C([H])([H])C([H])([H])C([H])([H])C1([H])[H])<-[C-]#[N+]c1c(C([H])(C([H])([H])[H])C([H])([H])[H])c([H])c([H])c([H])c1C([H])(C([H])([H])[H])C([H])([H])[H]
WIWQEA,0,ok,0.062438,24,1,,[Mo+2]123(<-n4c(-c5c([H])c([H])c([H])c([H])n->15)c([H])c([H])n4[H])(<-O=O->2)(<-O=O->3)=O
WIXYAF,0,ok,0.047613,40,1,,[Ru+2]1(Cl)(Cl)(<-S(=O)(C([H])([H])[H])C([H])([H])[H])(<-S(=O)(C([H])([H])[H])C([H])([H])[H])<-n2n(-c3n->1c([H])c([H])c([H])n3)c([H])c([H])c2[H]
WIXYEJ,0,ok,0.053667,40,1,,[Ru+2]1(Cl)(Cl)(<-S(=O)(C([H])([H])[H])C([H])([H])[H])(<-S(=O)(C([H])([H])[H])C([H])([H])[H])<-n2n(-c3n->1c([H])c([H])c([H])n3)c([H])c([H])c2[H]
WOCZOE,0,ok,0.181612,58,1,,[Pd+2]1(n2c([H])c([H])c([H])c3c([H])c([H])c4c([H])c([H])c([H])c(=N->1S(=O)(=O)c1c([H])c([H])c([N+](=O)[O-])c([H])c1[H])c4c23)(<-n1c([H])c([H])c([H])c([H])c1[H])OC(=O)C([H])([H])[H]
WOHNEM,0,ok,0.057407,48,1,,[Ru+2](<-S(=O)(C([H])([H])[H])C([H])([H])[H])(<-S(=O)(C([H])([H])[H])C([H])([H])[H])(<-S(=O)(C([H])([H])[H])C([H])([H])[H])(OC(=O)C([H])([H])[H])(OC(=O)C([H])([H])[H])<-O([H])[H]
WOHNIQ,0,ok,0.053015,48,1,,[Ru+2](<-S(=O)(C([H])([H])[H])C([H])([H])[H])(<-S(=O)(C([H])([H])[H])C([H])([H])[H])(<-S(=O)(C([H])([H])[H])C([H])([H])[H])(OC(=O)C(F)(F)F)(OC(=O)C(F)(F)F)<-O([H])[H]
WOHYOK,0,ok,0.083098,71,1,,[Ru+2]1(<-S(=O)(C([H])([H])[H])C([H])([H])[H])(Cl)(Cl)(<-S(=O)(C([H])([H])[H])C([H])([H])[H])<-O=C(N([H])N->1=C([H])c1c([H])c([H])c([H])c([H])c1[H])c1c(=O)oc2c(c1[H])c([H])c([H])c(N(C([H])([H])C([H])([H])[H])C([H])([H])C([H])([H])[H])c2[H]
WOHYUQ,0,ok,0.086112,71,1,,[Ru+2]1(Cl)(Cl)(<-S(C([H])([H])[H])(C([H])([H])[H])=O)(<-S(=O)(C([H])([H])[H])C([H])([H])[H])<-O=C(N(N->1=C([H])c1c([H])c([H])c(Cl)c([H])c1[H])[H])c1c([H])c2c([H])c([H])c(N(C([H])([H])C([H])([H])[H])C([H])([H])C([H])([H])[H])c([H])c2oc1=O
WOJBUV,1,ok,0.094264,46,1,,[Ru+4]123456(Cl)(<-c7([H])c->1(C(C([H])([H])[H])([H])C([H])([H])[H])c->2([H])c->3([H])c->4(C([H])([H])[H])c->57[H])N1C([H])=C(F)C([H])=C([H])C1=C1N6C([H])=C(F)C([H])=C1[H]
WOJSUJ,0,ok,0.087829,71,1,,[Ru+2](Br)(Br)(<-S(=O)(C([H])([H])[H])C([H])([H])[H])(<-S(=O)(C([H])([H])[H])C([H])([H])[H])(<-n1c([H])n(C([H])([H])[H])c2c([H])c(C([H])([H])[H])c(C([H])([H])[H])c([H])c12)<-n1c([H])n(C([H])([H])[H])c2c([H])c(C([H])([H])[H])c(C([H])([H])[H])c([H])c12
WOJTEU,0,ok,0.091462,53,1,,[Ru+2](Cl)(Cl)(<-S(=O)(C([H])([H])[H])C([H])([H])[H])(<-S(=O)(C([H])([H])[H])C([H])([H])[H])(<-n1c([H])n([H])c2c([H])c([H])c([H])c([H])c12)<-n1c([H])n([H])c2c([H])c([H])c([H])c([H])c12
WOJTUK,0,ok,0.089561,71,1,,[Ru+2](Cl)(Cl)(<-S(=O)(C([H])([H])[H])C([H])([H])[H])(<-S(=O)(C([H])([H])[H])C([H])([H])[H])(<-n1c([H])n(C([H])([H])[H])c2c([H])c(C([H])([H])[H])c(C([H])([H])[H])c([H])c12)<-n1c([H])n(C([H])([H])[H])c2c([H])c(C([H])([H])[H])c(C([H])([H])[H])c([H])c12
WOLNIX,0,ok,0.055696,53,1,,[Ru+2]1(Cl)(<-S(=O)(C([H])([H])[H])C([H])([H])[H])(<-S(=O)(C([H])([H])[H])C([H])([H])[H])(Cl)<-n2nn(C([H])([H])c3c([H])c([H])c([H])c([H])c3[H])c([H])c2-c2n->1c([H])c([H])c([H])c2[H]
WOPQIB,1,ok,0.047111,57,1,,[Se]1=[Se]->[Co+]<-123(<-P(C([H])([H])[H])(C([H])([H])[H])C(C(C(P->2(C([H])([H])[H])C([H])([H])[H])([H])[H])([H])[H])([H])[H])<-P(C([H])([H])[H])(C([H])([H])[H])C(C(C(P->3(C([H])([H])[H])C([H])([H])[H])([H])[H])([H])[H])([H])[H]
WOSMOG,1,ok,0.115636,76,1,,[Ru+2]123456(<-P7(c8c([H])c([H])c([H])c([H])c8[H])C8([H])C([H])([H])C(S->1(=O)c1c([H])c([H])c([H])c([H])c1[H])([H])C7([H])C(C([H])([H])[H])=C8C([H])([H])[H])(Cl)<-c1(C([H])([H])[H])c->2(C([H])([H])[H])c->3(C([H])([H])[H])c->4(C([H])([H])[H])c->5(C([H])([H])[H])c->61C([H])([H])[H]
WOSMUM,1,ok,0.102577,76,1,,[Ru+2]123456(<-P7(c8c([H])c([H])c([H])c([H])c8[H])C8([H])C(S->1(=O)c1c([H])c([H])c([H])c([H])c1[H])([H])C([H])([H])C7([H])C(C([H])([H])[H])=C8C([H])([H])[H])(Cl)<-c1(C([H])([H])[H])c->2(C([H])([H])[H])c->3(C([H])([H])[H])c->4(C([H])([H])[H])c->5(C([H])([H])[H])c->61C([H])([H])[H]
WOSPAV,1,ok,0.118929,70,1,,[Ru+2]123456(<-P7(c8c([H])c([H])c([H])c([H])c8[H])C8([H])C(S->1(=O)c1c([H])c([H])c([H])c([H])c1[H])([H])C([H])([H])C7([H])C(C([H])([H])[H])=C8C([H])([H])[H])(Cl)<-c1(C([H])(C([H])([H])[H])C([H])([H])[H])c->2([H])c->3([H])c->4(C([H])([H])[H])c->5([H])c->61[H]
WOVJIA,0,ok,0.048946,34,1,,[Pt+4]1(Cl)(Cl)S(c2c([H])c([H])c([H])c([H])c2[H])(c2c([H])c([H])c([H])c([H])c2[H])N=C(C([H])([H])[H])N1[H]
WUKLIY,0,ok,0.085187,70,1,,[Ni]12(<-S=C(C#N)C(=S->1)C#N)<-P(C([H])([H])C([H])([H])C([H])([H])C([H])([H])C([H])([H])P->2(c1c([H])c([H])c([H])c([H])c1[H])c1c([H])c([H])c([H])c([H])c1[H])(c1c([H])c([H])c([H])c([H])c1[H])c1c([H])c([H])c([H])c([H])c1[H]
WUSWOX,0,ok,0.150821,57,1,,[Fe+4]1234(<-n5c([H])c([H])c([H])c([H])c5C([H])=N->1N=C(c1c([H])c([H])c(O[H])c([H])c1[H])O2)N1C([H])=C([H])C([H])=C([H])C1=C([H])N3N=C(c1c([H])c([H])c(O[H])c([H])c1[H])O4
WUWCIA,0,ok,0.112310,58,1,,[Pd+2]1(Cl)(<-P(OC(C([H])([H])[H])(C([H])([H])[H])C2=N->1C(C([H])([H])[H])(C([H])([H])[H])C([H])([H])O2)(c1c([H])c([H])c([H])c([H])c1[H])c1c([H])c([H])c([H])c([H])c1[H])C([H])([H])C([H])=C([H])[H]
WUZSEP,0,ok,0.155416,45,1,,C1([H])=C([H])C(c2c([H])c([H])c([H])c([H])c2[H])=c2c([H])c([H])c3c4c2N1[Pt+4](Cl)(Cl)N4C([H])=C([H])C=3c1c([H])c([H])c([H])c([H])c1[H]
XACXAB,0,ok,0.086323,85,1,,[Pd]1(<-P2(c3c([H])c([H])c([H])c([H])c3[H])C3(C([H])([H])[H])OC4(C([H])([H])[H])OC(C([H])([H])[H])(OC2(C([H])([H])[H])C4([H])[H])C3([H])[H])(<-O=O->1)<-P1(c2c([H])c([H])c([H])c([H])c2[H])C2(C([H])([H])[H])OC3(C([H])([H])[H])OC(C([H])([H])[H])(OC1(C([H])([H])[H])C3([H])[H])C2([H])[H]
XAGNOI,0,ok,0.062130,42,1,,Br[Cu+](C1=[C+]C([H])([H])C([H])([H])C([H])([H])C([H])([H])C([H])([H])C1([H])[H])<-C1#CC([H])([H])C([H])([H])C([H])([H])C([H])([H])C([H])([H])C1([H])[H]
XAGNUO,0,ok,0.062490,42,1,,I[Cu+](C1=[C+]C([H])([H])C([H])([H])C([H])([H])C([H])([H])C([H])([H])C1([H])[H])<-C1#CC([H])([H])C([H])([H])C([H])([H])C([H])([H])C([H])([H])C1([H])[H]
XAKGOF,0,ok,0.041545,47,1,,[Au+3](C#Cc1c([H])c([H])c([N+](=O)[O-])c([H])c1[H])=C(N(C([H])([H])C([H])([H])[H])C([H])([H])C([H])([H])[H])N([H])C(C([H])([H])[H])(C([H])([H])[H])C([H])([H])[H]
XAKGUL,0,ok,0.057110,61,1,,[Au+3](C#Cc1c([H])c([H])c(C([H])=C([H])c2c([H])c([H])c([N+](=O)[O-])c([H])c2[H])c([H])c1[H])=C(N(C([H])([H])C([H])([H])[H])C([H])([H])C([H])([H])[H])N([H])C(C([H])([H])[H])(C([H])([H])[H])C([H])([H])[H]
XAMJIE,0,ok,0.377639,81,1,,[Ru+6]12345(Cl)(<-P(c6c([H])c([H])c([H])c([H])c6[H])(c6c([H])c([H])c([H])c([H])c6[H])c6c([H])c([H])c([H])c([H])c6[H])(C6(C([H])([H])[H])C->1(C([H])([H])[H])=C->2(C([H])([H])[H])C->3(C([H])([H])[H])=C->46C([H])([H])[H])=C(C(=O)OC([H])([H])[H])C([H])=C(C(=O)OC([H])([H])[H])C=5[H]
XAMQOS,0,ok,0.068810,56,1,,[Pd+4](Cl)(Cl)(<-P(c1c([H])c([H])c([H])c([H])c1[H])(c1c([H])c([H])c([H])c([H])c1[H])c1c([H])c([H])c([H])c([H])c1[H])=C(N(C([H])([H])[H])C([H])([H])[H])N(C([H])([H])[H])C([H])([H])[H]
XAPJOO,1,ok,0.045546,44,1,,[V+3]1234(=O)(<-O=O->1)<-N(C(c1n->2c([H])c([H])c([H])c1[H])([H])[H])(C(c1n->3c([H])c([H])c([H])c1[H])([H])[H])C(c1n->4c([H])c([H])c([H])c1[H])([H])[H]
XATPAL,0,ok,0.064696,75,1,,[Pd+2](Cl)(<-P(N([H])C(=C(C(=O)C([H])([H])[H])[H])C([H])([H])[H])(C([H])(C([H])([H])[H])C([H])([H])[H])C([H])(C([H])([H])[H])C([H])([H])[H])(Cl)<-P(N([H])C(=C(C(=O)C([H])([H])[H])[H])C([H])([H])[H])(C([H])(C([H])([H])[H])C([H])([H])[H])C([H])(C([H])([H])[H])C([H])([H])[H]
XATPEP,0,ok,0.077313,75,1,,[Pd+2](Br)(<-P(N([H])C(=C(C(=O)C([H])([H])[H])[H])C([H])([H])[H])(C([H])(C([H])([H])[H])C([H])([H])[H])C([H])(C([H])([H])[H])C([H])([H])[H])(Br)<-P(N([H])C(=C(C(=O)C([H])([H])[H])[H])C([H])([H])[H])(C([H])(C([H])([H])[H])C([H])([H])[H])C([H])(C([H])([H])[H])C([H])([H])[H]
XATPUF,0,ok,0.053499,63,1,,[Pd+2](Cl)(Cl)(<-P(N([H])C(=C(C(=O)C([H])([H])[H])[H])C([H])([H])[H])(C([H])([H])C([H])([H])[H])C([H])([H])C([H])([H])[H])<-P(N([H])C(=C(C(=O)C([H])([H])[H])[H])C([H])([H])[H])(C([H])([H])C([H])([H])[H])C([H])([H])C([H])([H])[H]
XATQAM,0,ok,0.056160,63,1,,[Pd+2](Br)(Br)(<-P(N([H])C(=C(C(=O)C([H])([H])[H])[H])C([H])([H])[H])(C([H])([H])C([H])([H])[H])C([H])([H])C([H])([H])[H])<-P(N([H])C(=C(C(=O)C([H])([H])[H])[H])C([H])([H])[H])(C([H])([H])C([H])([H])[H])C([H])([H])C([H])([H])[H]
XATXAT,1,ok,0.044711,47,1,,[Co+]1234(<-O=O->1)<-N1(C([H])([H])[H])C([H])([H])C([H])([H])N->2(C([H])([H])[H])C([H])([H])C([H])([H])N->3(C([H])([H])[H])C([H])([H])C([H])([H])N->4(C([H])([H])[H])C([H])([H])C1([H])[H]
XATXOH,1,ok,0.046132,50,1,,[Co+]1234(<-O=O->1)<-N1(C([H])([H])[H])C([H])([H])C([H])([H])C([H])([H])N->2(C([H])([H])[H])C([H])([H])C([H])([H])N->3(C([H])([H])[H])C([H])([H])C([H])([H])N->4(C([H])([H])[H])C([H])([H])C1([H])[H]
XEDJOG,0,ok,0.068336,60,1,,[Cu+]12(<-P(OC([H])([H])[H])(OC([H])([H])[H])OC([H])([H])[H])<-n3n([C-](n4n->1c(C([H])([H])[H])c([H])c4C([H])([H])[H])n1n->2c(C([H])([H])[H])c([H])c1C([H])([H])[H])c(C([H])([H])[H])c([H])c3C([H])([H])[H]
XEFQOP,1,ok,0.086208,30,1,,[Ru+4]1(Cl)(<-[C-]#[O+])(<-[C-]#[O+])(<-[C-]#[O+])N2C([H])=C([H])C([H])=c3c2c2c(c([H])c3[H])=C([H])C([H])=C([H])N12
XEJZUI,1,ok,0.112915,68,1,,[Ru+4]123456(Cl)(<-c7(C([H])([H])[H])c->1([H])c->2(C([H])([H])[H])c->3([H])c->4(C([H])([H])[H])c->57[H])N1C([H])=C([H])C([H])=C([H])C1=C1N6C([H])(C([H])([H])c2c([H])c([H])c([H])c([H])c2[H])C([H])([H])N1C(C([H])([H])[H])(C([H])([H])[H])C([H])([H])[H]
XEQBEB,0,ok,0.082354,52,1,,[Pt+2]1(<-S(=O)(C([H])([H])[H])C([H])([H])[H])(Cl)<-N(C(c2c([H])c([H])c([H])c([H])c2[H])([H])[H])=C([H])c2c(Cl)c([H])c([H])c([H])c2-c2c1c([H])c(C([H])([H])[H])c([H])c2[H]
XETLEQ,0,ok,0.172932,62,1,,C([H])([H])([H])S(C([H])([H])[H])(=O)->[Ru+2]1(<-O=c2c3c(O[H])c([H])c(O[H])c([H])c3oc(-c3c([H])c([H])c(O[H])c([H])c3[H])c2O1)(<-S(C([H])([H])[H])(C([H])([H])[H])=O)(<-S(C([H])([H])[H])(C([H])([H])[H])=O)Cl
XETQEU,0,ok,0.046068,37,1,,[Cr+6]12345(<-N6(C([H])([H])[H])[B-]1(C([H])([H])[H])N->2(C([H])([H])[H])[B-]3(C([H])([H])[H])N->4(C([H])([H])[H])[B-]56C([H])([H])[H])(<-[C-]#[O+])(<-[C-]#[O+])<-[C-]#[O+]
XETVUN,0,ok,0.050350,51,1,,[Pt+4](Cl)(<-P(c1c([H])c([H])c([H])c([H])c1[H])(c1c([H])c([H])c([H])c([H])c1[H])c1c([H])c([H])c([H])c([H])c1[H])(=C(N(C([H])([H])[H])C([H])([H])[H])[H])C(Cl)([H])[H]
XIBGEX,1,ok,0.083927,56,1,,[Ru+2]12(Cl)(<-S(=O)(C([H])([H])[H])C([H])([H])[H])(<-n3c(N([H])c4n->1c([H])c([H])c([H])c4[H])c([H])c([H])c([H])c3[H])<-n1c(N([H])c3n->2c([H])c([H])c([H])c3[H])c([H])c([H])c([H])c1[H]
XIBHUL,1,ok,0.118987,63,1,,[Ru+4]123456(Cl)(<-c7(C([H])([H])[H])c->1([H])c->2(C([H])([H])[H])c->3([H])c->4(C([H])([H])[H])c->57[H])N1C([H])=C([H])C([H])=C([H])C1=C1N6C([H])(c2c([H])c([H])c([H])c([H])c2[H])C([H])(c2c([H])c([H])c([H])c([H])c2[H])N1[H]
XIDSOV,0,ok,0.057179,56,1,,[Ni+4]1(OC(=O)C(F)(F)[H])(C(F)(F)[H])N2C([H])=C([H])C(C(C([H])([H])[H])(C([H])([H])[H])C([H])([H])[H])=C([H])C2=C2N1C([H])=C([H])C(C(C([H])([H])[H])(C([H])([H])[H])C([H])([H])[H])=C2[H]
XIGYAN,1,ok,0.022062,27,1,,[Au+3](=C(N([H])C([H])([H])[H])N([H])C([H])([H])[H])C(N([H])C([H])([H])[H])=[N+]([H])C([H])([H])[H]
XIKGII,0,ok,0.518335,36,1,,[Se]1->[Ti+2]23456789(<-[Se]=C(C=1C(F)(F)F)C(=O)OC([H])([H])[H])(C1([H])C->2([H])=C->3([H])C->4([H])=C->51[H])<-C1([H])=C->6([H])C->7([H])=C->8([H])C91[H]
XIKLUY,0,ok,0.022287,21,1,,[Au+3](Cl)=C(N(C([H])([H])[H])C([H])([H])[H])N(C([H])([H])[H])C([H])([H])[H]
XIQGOU,0,ok,0.173320,63,1,,[Ru+2](Cl)(<-P(OC([H])([H])[H])(c1c([H])c([H])c([H])c([H])c1[H])c1c([H])c([H])c([H])c([H])c1[H])(<-[C-]#[O+])(Cl)(<-P(OC([H])([H])[H])(c1c([H])c([H])c([H])c([H])c1[H])c1c([H])c([H])c([H])c([H])c1[H])<-[C-]#[O+]
XIQSOH,0,ok,0.091478,72,1,,[Ir+]123(Cl)(<-S(=O)(c4c(P->1(c1c([H])c([H])c([H])c([H])c1[H])c1c([H])c([H])c([H])c([H])c1[H])c([H])c([H])c([H])c4[H])c1c(P->2(c2c([H])c([H])c([H])c([H])c2[H])c2c([H])c([H])c([H])c([H])c2[H])c([H])c([H])c([H])c1[H])<-O=O->3
XIQTOH,0,ok,0.079033,76,1,,[Au+3]12([B-](c3c(P->1(C([H])(C([H])([H])[H])C([H])([H])[H])C([H])(C([H])([H])[H])C([H])([H])[H])c([H])c([H])c([H])c3[H])(c1c(P->2(C([H])(C([H])([H])[H])C([H])([H])[H])C([H])(C([H])([H])[H])C([H])([H])[H])c([H])c([H])c([H])c1[H])c1c([H])c([H])c([H])c([H])c1[H])Cl
XIQTUN,0,ok,0.098105,80,1,,[Au+3]12(Cl)<-P(c3c([B-]1(c1c([H])c([H])c([H])c([H])c1[H])c1c(P->2(c2c([H])c([H])c([H])c([H])c2[H])c2c([H])c([H])c([H])c([H])c2[H])c([H])c([H])c([H])c1[H])c([H])c([H])c([H])c3[H])(c1c([H])c([H])c([H])c([H])c1[H])c1c([H])c([H])c([H])c([H])c1[H]
XIRFIP,0,ok,0.046288,44,1,,[Au+3]1(Cl)(Cl)c2c([H])c([H])c([H])c([H])c2N(c2nc([H])c([H])c([H])c2[H])C1=[N+]([H])C1([H])C([H])([H])C([H])([H])C([H])([H])C([H])([H])C1([H])[H]
XIVTOO,0,ok,0.065353,76,1,,[Pd+4](OC(=O)C(F)(F)F)(OC(=O)C(F)(F)F)(=C(N1C([H])([H])C([H])([H])C([H])([H])C([H])([H])C1([H])[H])N(c1c(C([H])([H])[H])c([H])c(C([H])([H])[H])c([H])c1C([H])([H])[H])[H])<-[C-]#[N+]c1c(C([H])([H])[H])c([H])c(C([H])([H])[H])c([H])c1C([H])([H])[H]
XIWVIK,0,ok,0.168309,55,1,,c1([H])c([H])c([H])c2n1[Pd+4]1(n3c(C(=C4C([H])=C([H])C([H])=N->14)c1c([H])c([H])nc([H])c1[H])c([H])c([H])c3[H])n1c(c([H])c([H])c1[H])C2=C1C([H])=C([H])[N-]C([H])=C1[H]
XIWXIN,0,ok,0.054209,51,1,,C1(=[Au+3]Cl)N(c2c(C([H])([H])[H])c([H])c([H])c([H])c2C([H])([H])[H])C([H])([H])C([H])([H])C([H])([H])C([H])([H])N1c1c(C([H])([H])[H])c([H])c([H])c([H])c1C([H])([H])[H]
XIWXOT,0,ok,0.055362,63,1,,C1(=[Au+3]Cl)N(c2c(C([H])([H])C([H])([H])[H])c([H])c([H])c([H])c2C([H])([H])C([H])([H])[H])C([H])([H])C([H])([H])C([H])([H])C([H])([H])N1c1c(C([H])([H])C([H])([H])[H])c([H])c([H])c([H])c1C([H])([H])C([H])([H])[H]
XIWXUZ,0,ok,0.033305,37,1,,C1(=[Au+3]Cl)N(C([H])(C([H])([H])[H])C([H])([H])[H])C([H])([H])C([H])([H])C([H])([H])C([H])([H])N1C([H])(C([H])([H])[H])C([H])([H])[H]
XIWYAG,0,ok,0.044077,49,1,,C1(=[Au+3]Cl)N(C([H])([H])C(C([H])([H])[H])(C([H])([H])[H])C([H])([H])[H])C([H])([H])C([H])([H])C([H])([H])C([H])([H])N1C([H])([H])C(C([H])([H])[H])(C([H])([H])[H])C([H])([H])[H]
XIWYUX,1,ok,0.050963,45,1,,[Mn+7]1234(O[C-]([O-])C(N->15C([H])([H])C([H])([H])C([H])([H])N->2([H])C([H])([H])C([H])([H])N->3([H])C([H])([H])C([H])([H])C([H])([H])N->4([H])C([H])([H])C5([H])[H])([H])[H])#N
XIXFOC,0,ok,0.044427,36,1,,[Ir+]12345(<-O=O->1)(OC(=O)c1n->2c([H])c([H])c([H])c1[H])<-C1([H])=C->3([H])C([H])([H])C([H])([H])C->4([H])=C->5([H])C([H])([H])C1([H])[H]
XIZJOH,0,ok,0.052195,32,1,,[Pd+4]1(Cl)(Cl)N2C([H])=C([H])C([H])=C([H])C2=C([H])N1N1C([H])([H])C([H])([H])C([H])([H])C([H])([H])C1([H])[H]
XOMFIR,1,ok,0.030705,41,1,,[Au+3](I)(C(N(C([H])([H])[H])C([H])([H])[H])=[N+](C([H])([H])[H])C([H])([H])[H])(I)C(N(C([H])([H])[H])C([H])([H])[H])=[N+](C([H])([H])[H])C([H])([H])[H]
XONCEL,0,ok,0.026575,23,1,,[Au+3](I)(C(N(C([H])([H])[H])C([H])([H])[H])=[N+](C([H])([H])[H])C([H])([H])[H])(I)I
XOPWUU,0,ok,0.030701,32,1,,[Ir+](Cl)(<-S(=O)(C([H])([H])[H])C([H])([H])[H])(<-S(=O)(C([H])([H])[H])C([H])([H])[H])<-S(=O)(C([H])([H])[H])C([H])([H])[H]
XOSRAZ,-1,ok,0.055262,54,1,,[Mo]12(<-P(c3c([H])c([H])c([H])c([H])c3[H])(c3c([H])c([H])c([H])c([H])c3[H])c3c([H])c([H])c([H])c([H])c3[H])(<-S=C(C(=S->1)C#N)C#N)(<-S=C(C(=S->2)C#N)C#N)<-N#C[S-]
XOYZES,0,ok,0.055784,52,1,,[Mo]123(<-S=C(N=N->1[H])c1c(O[H])c([H])c([H])c([H])c1[H])(<-S=C(N=N->2[H])c1c(O[H])c([H])c([H])c([H])c1[H])<-S=C(N=N->3[H])c1c(O[H])c([H])c([H])c([H])c1[H]
XOZVAK,0,ok,0.039483,32,1,,[Pt+2](Cl)(Cl)(<-n1c(C(O[H])([H])[H])c([H])c([H])c([H])c1C(O[H])([H])[H])<-S(=O)(C([H])([H])[H])C([H])([H])[H]
XUHTIF,0,ok,0.126170,71,1,,[Mo+2](<-P(c1c([H])c([H])c([H])c([H])c1[H])(c1c([H])c([H])c([H])c([H])c1[H])c1c([H])c([H])c([H])c([H])c1[H])(<-[C-]#[O+])(<-[C-]#[O+])(<-[C-]#[O+])(<-[C-]#[O+])=C(N([H])C1([H])C([H])([H])C([H])([H])C([H])([H])C([H])([H])C1([H])[H])c1oc([H])c([H])c1[H]
XUNCUF,0,ok,0.036174,34,1,,[Ru+2]12(Cl)(Cl)(<-S3C([H])([H])C([H])([H])S->1C([H])([H])C([H])([H])S->2C([H])([H])C3([H])[H])<-S(=O)(C([H])([H])[H])C([H])([H])[H]
XUPFEV,0,ok,0.107627,75,1,,Br[Ni+4]1(Br)(<-O([H])C([H])([H])[H])N2C([H])=C([H])C([H])=C3C2=C(N1c1c(C2([H])C([H])([H])C([H])([H])C([H])([H])C([H])([H])C2([H])[H])c([H])c([H])c([H])c1C1([H])C([H])([H])C([H])([H])C([H])([H])C([H])([H])C1([H])[H])C([H])([H])C([H])([H])C([H])([H])C3([H])[H]
XUTLEE,0,ok,0.034124,26,1,,[W+2](<-[C-]#[O+])(<-[C-]#[O+])(<-[C-]#[O+])(<-[C-]#[O+])(<-[C-]#[O+])=C(N([H])[H])c1c([H])c([H])c([H])c([H])c1[H]
XUYFAY,0,ok,0.041184,38,1,,[Ni]12(<-O=C(N=N->1C(=C(C(=O->2)C([H])([H])[H])[H])C([H])([H])[H])c1c([H])c([H])c([H])c([H])c1[H])<-n1c([H])c([H])n([H])c1[H]
XUZDEC,0,ok,0.073540,37,1,,[V+3]1234(=O)(<-O=O->1)OC(=O)C(N->2(C(c1n->3c([H])c([H])c([H])c1[H])([H])[H])C(c1n->4c([H])c([H])c([H])c1[H])([H])[H])([H])[H]
YAFCUF,0,ok,0.101769,48,1,,c1([H])c([H])c([H])c([H])c2C([H])([H])N3C([H])=C([H])N(C(C([H])([H])[H])(C([H])([H])[H])C([H])([H])[H])C3->[Ru+2](<-[C-]#[O+])(Cl)(Cl)(<-n12)<-S(C([H])([H])[H])(C([H])([H])[H])=O
YAMTEL,0,ok,0.057973,23,1,,[Fe+2](<-[C-]#[O+])(<-[C-]#[O+])(<-[C-]#[O+])(<-[C-]#[O+])=c1oc2c([H])c([H])c([H])c([H])c2n1[H]
YASPAM,1,ok,0.098781,82,1,,[Ru+4]12(Cl)(<-P(c3c([H])c([H])c([H])c([H])c3[H])(c3c([H])c([H])c([H])c([H])c3[H])C([H])([H])C([H])([H])C(C(P->1(c1c([H])c([H])c([H])c([H])c1[H])c1c([H])c([H])c([H])c([H])c1[H])([H])[H])([H])[H])(<-[C-]#[O+])N1C(=C3N2C([H])=C([H])C([H])=C3[H])C([H])=C([H])C([H])=C1[H]
YAVCEE,0,ok,0.058476,33,1,,C12=[Pd+4](Br)(Br)[c+]3n(c([H])c([H])o3)C([H])([H])c3c(c([H])c([H])c([H])c3[H])C([H])([H])N1C([H])=C([H])O2
YAVTIY,0,ok,0.067052,81,1,,[W+4](Cl)(Cl)(<-P(OC([H])([H])[H])(OC([H])([H])[H])OC([H])([H])[H])(<-P(OC([H])([H])[H])(OC([H])([H])[H])OC([H])([H])[H])(<-P(OC([H])([H])[H])(OC([H])([H])[H])OC([H])([H])[H])=Nc1c(C(C([H])([H])[H])(C([H])([H])[H])[H])c([H])c([H])c([H])c1C(C([H])([H])[H])(C([H])([H])[H])[H]
YEBDOY,1,ok,0.110384,84,1,,[Ru+4]123456(<-P(c7c([H])c([H])c([H])c([H])c7[H])(c7c([H])c([H])c([H])c([H])c7[H])c7c([H])c([H])c([H])c([H])c7[H])(<-c7([H])c->1(C([H])([H])[H])c->2(C([H])([H])[H])c->3([H])c->4(C([H])([H])[H])c->57C([H])([H])[H])=C([H])C(c1c([H])c([H])c(N(C([H])([H])[H])C([H])([H])[H])c([H])c1[H])=C([H])O6
YEBTUU,0,ok,0.296514,62,1,,[W+4]12345678([Si](C(C([H])([H])[H])(C([H])([H])[H])C([H])([H])[H])(C(C([H])([H])[H])(C([H])([H])[H])C([H])([H])[H])[H])([Si](C([H])([H])[H])(C([H])([H])[H])C([H])([H])[H])(C9([H])C->1([H])=C->2([H])C->3([H])=C->49[H])C1([H])C->5([H])=C->6([H])C->7([H])=C->81[H]
YEBZUA,0,ok,0.039923,36,1,,[Re+3](Cl)(<-[C-]#[O+])(<-[C-]#[O+])(<-[C-]#[O+])(<-[C-]#[O+])=C(N(C(C([H])([H])[H])(C([H])([H])[H])[H])[H])N(c1c([H])c([H])c([H])c([H])c1[H])[H]
YECDOC,0,ok,0.072703,47,1,,[V+3]123(<-N(=NC(=O->1)c1c([H])c([H])c(Br)c([H])c1[H])C(C([H])([H])[H])=C([H])C(=O->2)C([H])([H])[H])(Oc1c(=O->3)c([H])c([H])oc1C([H])([H])C([H])([H])[H])=O
YECDUI,0,ok,0.042422,39,1,,[V+3]123(<-N(=NC(=O->1)c1c([H])c([H])c(Br)c([H])c1[H])C(C([H])([H])[H])=C([H])C(=O->2)C([H])([H])[H])(<-O=C(N(O3)[H])C([H])([H])[H])=O
YECPEC,1,ok,0.067052,42,1,,[Ru+4]123456(Cl)(<-c7([H])c->1(C([H])(C([H])([H])[H])C([H])([H])[H])c->2([H])c->3([H])c->4(C([H])([H])[H])c->57[H])N1C([H])=C([H])N([H])C1=C1N([H])C([H])=C([H])N61
YECWIO,0,ok,0.060026,60,1,,C1(=[Ag+3]Br)N(c2c(C([H])([H])[H])c([H])c(C([H])([H])[H])c([H])c2C([H])([H])[H])C([H])([H])C([H])([H])C([H])([H])C([H])([H])C([H])([H])N1c1c(C([H])([H])[H])c([H])c(C([H])([H])[H])c([H])c1C([H])([H])[H]
YECWOU,0,ok,0.051796,54,1,,C1(=[Ag+3]Br)N(c2c(C([H])([H])[H])c([H])c([H])c([H])c2C([H])([H])[H])C([H])([H])C([H])([H])C([H])([H])C([H])([H])C([H])([H])N1c1c(C([H])([H])[H])c([H])c([H])c([H])c1C([H])([H])[H]
YECXIP,0,ok,0.069941,68,1,,[Rh+3]123(Cl)(=C4N(c5c(C([H])([H])[H])c([H])c([H])c([H])c5[H])C([H])([H])C([H])([H])C([H])([H])C([H])([H])C([H])([H])N4c4c(C([H])([H])[H])c([H])c([H])c([H])c4[H])<-C4([H])=C->1([H])C([H])([H])C([H])([H])C->2([H])=C->3([H])C([H])([H])C4([H])[H]
YEDVEL,0,ok,0.044718,48,1,,[H]N([H])([H])->[Ni]12<-N(C(=C([H])C(C(C([H])([H])[H])(C([H])([H])[H])C([H])([H])[H])=O->1)C(OC([H])([H])C([H])([H])[H])=O)=NC(c1c([H])c([H])c([H])c([H])c1[H])=O->2
YEHMEF,0,ok,0.064836,62,1,,c1([H])c(P2(c3c([H])c([H])c([H])c([H])c3[H])=c3c(c([H])c([H])c([H])c3[H])=N(->[Zn+2](Cl)(Cl)<-O3C([H])([H])C([H])([H])C([H])([H])C3([H])[H])N2c2c([H])c([H])c([H])c([H])c2[H])c([H])c([H])c([H])c1[H]
YEHVEM,0,ok,0.041907,29,1,,[Fe+2]123(<-c4(c([H])c(C([H])([H])[H])c(C([H])([H])[H])c([H])c->14C2([H])[H])C3([H])[H])(<-[C-]#[O+])(<-[C-]#[O+])<-[C-]#[O+]
YEMYUL,1,ok,0.103393,85,1,,[Pd+4]12(<-P3(c4c([H])c([H])c([H])c([H])c4[H])C4([H])C(C([H])([H])[H])=C(C([H])([H])[H])C3([H])C3([H])[P-](S1)(c1c([H])c([H])c([H])c([H])c1[H])C([H])=C(C([H])([H])[H])C43C([H])([H])[H])<-N(C(c1c2c([H])c([H])c2c([H])c([H])c([H])c([H])c21)([H])C([H])([H])[H])(C([H])([H])[H])C([H])([H])[H]
YEMZEY,0,ok,0.128955,50,1,,[Pd+2]1(Cl)(<-P(OC([H])([H])C(n2n->1c(C([H])([H])[H])c([H])c2C([H])([H])[H])([H])[H])(c1c([H])c([H])c([H])c([H])c1[H])c1c([H])c([H])c([H])c([H])c1[H])C([H])([H])[H]
YERYOJ,0,ok,0.125028,36,1,,[Mo+2]123(=O)(<-O=O->1)(<-O=O->2)<-n1c([H])c([H])c([H])c([H])c1-c1c([H])c([H])n(C(C(=O)OC(C([H])([H])[H])([H])[H])([H])[H])n->31
YEVWAX,0,ok,0.031473,18,1,,[Mo+2]12(<-O=O->1)(<-O([H])[H])(=O)(<-n1c([H])c([H])c([H])n1[H])<-O=O->2
YEYZEH,0,ok,0.050895,61,1,,[W+6]12(Br)(Br)(=NC(C([H])([H])[H])(C([H])([H])[H])C([H])([H])[H])<-n3(C(C([H])([H])[H])(C([H])([H])[H])C([H])([H])[H])p(p3N1C(C([H])([H])[H])(C([H])([H])[H])C([H])([H])[H])N2C(C([H])([H])[H])(C([H])([H])[H])C([H])([H])[H]
YIJLAE,1,ok,0.176534,75,1,,[Rh+3]123456(<-P7(c8c(F)c(F)c(F)c(F)c8F)c8c(c(F)c(F)c(F)c8F)C([H])([H])C->18=C->2(C([H])([H])[H])C3(C([H])([H])[H])C->4(=C->58C([H])([H])[H])C([H])([H])c1c(c(F)c(F)c(F)c1F)P->6(c1c(F)c(F)c(F)c(F)c1F)C([H])([H])C7([H])[H])Cl
YIWCOX,1,ok,0.065988,48,1,,[Mn+3]1(<-n2c([H])c([H])c([H])c([H])c2-c2n->1c([H])c([H])c([H])c2[H])([C-]1N(c2c([H])c([H])c([H])c([H])c2[H])C(=C([H])[H])C([H])([H])O1)(<-[C-]#[O+])(<-[C-]#[O+])<-[C-]#[O+]
YIYCEP,0,ok,0.084061,60,1,,[Cr+2](=C(c1c(C([H])([H])[H])c(C(=O)OC([H])(C([H])([H])[H])c2c([H])c([H])c([H])c3c([H])c([H])c([H])c([H])c23)c([H])c([H])c1[H])N(C([H])([H])[H])C([H])([H])[H])(<-[C-]#[O+])(<-[C-]#[O+])(<-[C-]#[O+])(<-[C-]#[O+])<-[C-]#[O+]
YIYCIT,0,ok,0.102290,60,1,,[Cr+2](=C(c1c(C([H])([H])[H])c([H])c([H])c(C(=O)OC([H])(C([H])([H])[H])c2c([H])c([H])c([H])c3c([H])c([H])c([H])c([H])c23)c1[H])N(C([H])([H])[H])C([H])([H])[H])(<-[C-]#[O+])(<-[C-]#[O+])(<-[C-]#[O+])(<-[C-]#[O+])<-[C-]#[O+]
YIYCOZ,0,ok,0.120023,66,1,,C([H])(c1c(C(=[Cr+2](<-[C-]#[O+])(<-[C-]#[O+])(<-[C-]#[O+])(<-[C-]#[O+])<-[C-]#[O+])N(C([H])([H])[H])C([H])([H])[H])c([H])c(C(=O)OC([H])(C([H])([H])[H])c2c([H])c([H])c([H])c3c([H])c([H])c([H])c([H])c23)c([H])c1[H])(C([H])([H])[H])C([H])([H])[H]
YOBCUN,0,ok,0.104371,46,1,,[Fe+4]123456789%10([B-]%11(C([H])([H])[H])c->1%12c->2(c([H])c([H])c([H])c%12[H])[B-2]->3(C([H])([H])[H])c->41c->5%11c([H])c([H])c([H])c1[H])<-c1(C([H])([H])[H])c->6([H])c->7([H])c->8([H])c->9([H])c->%101[H]
YOBDAU,0,ok,0.097287,51,1,,[Ni+4]12345678(<-[B-2]9(C([H])([H])[H])c->1%10c->2(c([H])c([H])c([H])c%10[H])[B-]3(C([H])([H])[H])c->41c->59c([H])c([H])c([H])c1[H])<-C1([H])=C->6([H])C([H])([H])C([H])([H])C->7([H])=C->8([H])C([H])([H])C1([H])[H]
YOBTAL,0,ok,0.224485,71,1,,[Zr+4]1234567(<-N(=C(N(C([H])([H])[H])C([H])([H])[H])N1[Si](C([H])([H])[H])(C([H])([H])[H])C->21=C->3(C([H])([H])[H])C4(C([H])([H])[H])C->5(C([H])([H])[H])=C->61C([H])([H])[H])C([H])(C(C([H])([H])[H])(C([H])([H])[H])C([H])([H])[H])C([H])([H])O7)N(C([H])([H])[H])C([H])([H])[H]
YODHAA,0,ok,0.048445,40,1,,[V+3]12(<-O=C(N=N->1C(=C(C(=O->2)c1sc([H])c([H])c1[H])[H])C(F)(F)F)c1c(O[H])c([H])c([H])c([H])c1[H])(OC([H])([H])[H])=O
YODHEE,0,ok,0.042853,43,1,,[V+3]12(<-O=C(N=N->1C(C([H])([H])[H])=C(C(=O->2)c1c([H])c([H])c([H])c([H])c1[H])[H])c1c(O[H])c([H])c([H])c([H])c1[H])(=O)OC([H])([H])[H]
YOJMEP,0,ok,0.036412,33,1,,[Ru+4]1(I)(<-[C-]#[O+])(I)(<-[C-]#[O+])N(C(C([H])([H])[H])(C([H])([H])[H])[H])C([H])=C([H])N1C(C([H])([H])[H])(C([H])([H])[H])[H]
YOJXEB,0,ok,0.173698,77,1,,[Os+2]123(<-P(c4c([H])c([H])c([H])c([H])c4[H])(C([H])([H])[H])C([H])([H])[H])(<-P(c4c([H])c([H])c([H])c([H])c4[H])(C([H])([H])[H])C([H])([H])[H])(<-P(c4c([H])c([H])c([H])c([H])c4[H])(C([H])([H])[H])C([H])([H])[H])<-C4([H])=C->1([H])C2([H])C(=C([H])[H])C(=C([H])[H])C34[H]
YOPCAJ,0,ok,0.119113,84,1,,[Ru+2]12345(<-P(N=C(N1c1c(C([H])([H])[H])c([H])c([H])c([H])c1C([H])([H])[H])c1c([H])c([H])c([H])c([H])c1[H])(C(C([H])([H])[H])(C([H])([H])[H])C([H])([H])[H])C(C([H])([H])[H])(C([H])([H])[H])C([H])([H])[H])<-C1(C([H])([H])[H])=C->2(C([H])([H])[H])C3(C([H])([H])[H])C->4(C([H])([H])[H])=C->51C([H])([H])[H]
YOPKEV,0,ok,0.062301,63,1,,[Ni]12(<-P(c3c([H])c([H])c([H])c([H])c3[H])(c3c([H])c([H])c([H])c([H])c3[H])c3c([H])c([H])c([H])c([H])c3[H])<-N(=NC(=O->1)c1c([H])c([H])c([H])c([H])c1[H])C(=C([H])C(=O->2)C(F)(F)F)C(F)(F)F
YOPKIZ,0,ok,0.058392,56,1,,[Ni]12(<-P(c3c([H])c([H])c([H])c([H])c3[H])(c3c([H])c([H])c([H])c([H])c3[H])c3c([H])c([H])c([H])c([H])c3[H])<-O=C(C(F)(F)F)C(=C(N->1=NC(=O->2)C([H])([H])[H])C(F)(F)F)[H]
YOQJAR,0,ok,0.043173,33,1,,[Cr+2](<-[C-]#[O+])(=C(N(C([H])([H])[H])C([H])([H])[H])c1n(C([H])([H])[H])c([H])c([H])c1[H])(<-[C-]#[O+])(<-[C-]#[O+])(<-[C-]#[O+])<-[C-]#[O+]
YOSXEL,0,ok,0.062145,40,1,,C([H])([H])([H])S1(C([H])([H])C([H])([H])S(C([H])([H])[H])->[Ru+2]<-1(<-S(C([H])([H])[H])(C([H])([H])[H])=O)(<-S(C([H])([H])[H])(C([H])([H])[H])=O)(Cl)Cl)=O
YOSXIP,0,ok,0.047364,40,1,,C([H])([H])([H])S1(C([H])([H])C([H])([H])S(C([H])([H])[H])->[Ru+2]<-1(<-S(C([H])([H])[H])(C([H])([H])[H])=O)(<-S(C([H])([H])[H])(C([H])([H])[H])=O)(Cl)Cl)=O
YOSYEM,0,ok,0.110890,73,1,,C([H])([H])([H])S1(C([H])([H])C([H])([H])P(c2c([H])c([H])c([H])c([H])c2[H])(c2c([H])c([H])c([H])c([H])c2[H])->[Ru+2]<-12(<-P(C(C([H])([H])S->2(C([H])([H])[H])=O)([H])[H])(c1c([H])c([H])c([H])c([H])c1[H])c1c([H])c([H])c([H])c([H])c1[H])(Cl)Cl)=O
YOSYIQ,0,ok,0.064370,42,1,,c1([H])c([H])c([H])c([H])c2C([H])([H])S(C([H])([H])[H])(=O)->[Ru+2](<-n12)(<-S(C([H])([H])[H])(C([H])([H])[H])=O)(<-S(C([H])([H])[H])(C([H])([H])[H])=O)(Cl)Cl
YOTMEB,1,ok,0.089517,79,1,,[Au+3]12<-P(c3c([H])c([H])c([H])c([H])c3[H])(c3c([H])c([H])c([H])c([H])c3[H])c3c([H])c([H])c([H])c([H])c3[B-]1(c1c(P->2(c2c([H])c([H])c([H])c([H])c2[H])c2c([H])c([H])c([H])c([H])c2[H])c([H])c([H])c([H])c1[H])c1c([H])c([H])c([H])c([H])c1[H]
YUCHEL,0,ok,0.121531,75,1,,c1([H])c([H])c([H])n2-c3c([H])c([H])c([H])c([H])c3[Ir+5]34(c5c([H])c([H])c([H])c([H])c5-n5c([H])c([H])c([H])n->35)(<-n12)=c1c(c2c3c5c1c([H])c([H])c1c5c5c3c(c([H])c2[H])c([H])c([H])c5c([H])c1[H])=C1C([H])=C([H])C([H])=C([H])N14
YUCKOW,0,ok,0.124003,61,1,,[Mo+2]1(<-[C-]#[O+])(<-[C-]#[O+])(<-[C-]#[O+])(<-[C-]#[O+])N(c2c([H])c([H])c([H])c([H])c2[H])c2c(n(-c3c([H])c([H])c([H])c([H])c3[H])c(=O)n2-c2c([H])c([H])c([H])c([H])c2[H])N1c1c([H])c([H])c([H])c([H])c1[H]
YUJPOI,0,ok,0.060712,70,1,,[W](<-P([N-][S+]=NC(C([H])([H])[H])(C([H])([H])[H])C([H])([H])[H])(N(C([H])(C([H])([H])[H])C([H])([H])[H])C([H])(C([H])([H])[H])C([H])([H])[H])N(C([H])(C([H])([H])[H])C([H])([H])[H])C([H])(C([H])([H])[H])C([H])([H])[H])(<-[C-]#[O+])(<-[C-]#[O+])(<-[C-]#[O+])(<-[C-]#[O+])<-[C-]#[O+]
YULBOY,0,ok,0.069505,77,1,,[Pt+4]12([B-]3(C([H])([H])C([H])([H])[H])C([H])(C([H])([H])[H])[B-]1(C([H])([H])C([H])([H])[H])[C+](C([H])([H])C([H])([H])[H])[C+]3C([H])([H])C([H])([H])[H])[B-]1(C([H])([H])C([H])([H])[H])C([H])(C([H])([H])[H])[B-]2(C([H])([H])C([H])([H])[H])[C+](C([H])([H])C([H])([H])[H])[C+]1C([H])([H])C([H])([H])[H]
YUZCOM,1,ok,0.072503,44,1,,C1([H])=C([H])C([H])=C([H])C2=C3C([H])=C([H])C([H])=C([H])N3[Pt+4]3(<-N(C([H])([H])[H])(C([H])([H])[H])N=C(C([H])([H])C([H])([H])C([H])=C([H])[H])O3)N12
ZAFWEI,0,ok,0.083137,60,1,,[W+2](<-P(c1c([H])c([H])c([H])c([H])c1[H])(c1c([H])c([H])c([H])c([H])c1[H])c1c([H])c([H])c([H])c([H])c1[H])(=c1oc2c(n1C([H])([H])[H])c([H])c([H])c([H])c2[H])(<-[C-]#[O+])(<-[C-]#[O+])(<-[C-]#[O+])<-[C-]#[O+]
ZAKHUR,0,ok,0.087754,75,1,,[Pd+4]1(Cl)(Cl)N(c2c([H])c([H])c([H])c([H])c2[H])C2=C(N1c1c([H])c([H])c([H])c([H])c1[H])N(c1c(C([H])([H])[H])c([H])c(C([H])([H])[H])c([H])c1C([H])([H])[H])C(O[H])([H])N2c1c(C([H])([H])[H])c([H])c(C([H])([H])[H])c([H])c1C([H])([H])[H]
ZANHIF,0,ok,0.030297,27,1,,[Cr+2](=C(N1C([H])([H])SC([H])([H])C1([H])[H])C([H])([H])[H])(<-[C-]#[O+])(<-[C-]#[O+])(<-[C-]#[O+])(<-[C-]#[O+])<-[C-]#[O+]
ZARPIT,0,ok,0.170507,59,1,,[Fe+4]1234(S[Si](c5c([H])c([H])c([H])c([H])c5[H])(c5c([H])c([H])c([H])c([H])c5[H])c5c([H])c([H])c([H])c([H])c5[H])(=C(N(C([H])([H])[H])C([H])([H])[H])[H])(<-[C-]#[O+])<-C5([H])=C->1([H])C->2([H])=C->3([H])C45[H]
ZAVLUD,1,ok,0.079702,62,1,,[Pt+2]12(<-P(C(C(S->1(C(C(P->2(c1c([H])c([H])c([H])c([H])c1[H])c1c([H])c([H])c([H])c([H])c1[H])([H])[H])([H])[H])=O)([H])[H])([H])[H])(c1c([H])c([H])c([H])c([H])c1[H])c1c([H])c([H])c([H])c([H])c1[H])Cl
ZAYVEC,0,ok,0.075975,67,1,,[Pd+4](Cl)(Cl)(<-P(c1c([H])c([H])c([H])c([H])c1[H])(c1c([H])c([H])c([H])c([H])c1[H])c1c([H])c([H])c([H])c([H])c1[H])=C(N1C(C([H])([H])[H])(C([H])([H])[H])C([H])([H])C([H])([H])C([H])([H])C1(C([H])([H])[H])C([H])([H])[H])[H]
ZEDXAH,0,ok,0.051988,31,1,,[Mo+2]123(=O)(<-O=O->1)(<-O=O->2)<-n1c([H])c([H])c([H])c([H])c1-c1n->3n(C(C(=C([H])[H])[H])([H])[H])c([H])c1[H]
ZEFPOP,0,ok,0.071120,52,1,,[W+2](=C1N(C(c2c([H])c([H])c([H])c([H])c2[H])([H])[H])C([H])([H])N(C(c2c([H])c([H])c([H])c([H])c2[H])([H])[H])C(C([H])([H])[H])=C1[H])(<-[C-]#[O+])(<-[C-]#[O+])(<-[C-]#[O+])(<-[C-]#[O+])<-[C-]#[O+]
ZENCUT,0,ok,0.061610,38,1,,[Pd+4]1(Cl)(Cl)N(C([H])([H])C([H])([H])C(C([H])([H])C(C(=O)OC([H])([H])[H])([H])[H])([H])[H])C([H])=C2N1C([H])=C([H])C([H])=C2[H]
ZENDAA,0,ok,0.055466,32,1,,C1([H])=C([H])C([H])=C([H])C2=C([H])N(C([H])([H])C([H])([H])C([H])([H])C(=O)OC([H])([H])[H])[Pt+4](Cl)(Cl)N12
ZENWAT,0,ok,0.047743,31,1,,[Pt+2]1(<-S(=O)(C([H])([H])[H])C([H])([H])[H])(Cl)Oc2c([H])c([H])c([N+](=O)[O-])c3c([H])c([H])c([H])n->1c32
ZEQJAG,0,ok,0.048729,36,1,,[Ru+2](Cl)(Cl)(<-S(=O)(C([H])([H])[H])C([H])([H])[H])(<-S(=O)(C([H])([H])[H])C([H])([H])[H])(<-n1c([H])c([H])c([H])c([H])c1[H])<-[C-]#[O+]
ZEQJEK,0,ok,0.043029,28,1,,[Ru+2](Cl)(Cl)(<-S(=O)(C([H])([H])[H])C([H])([H])[H])(<-n1c([H])c([H])c([H])c([H])c1[H])(<-[C-]#[O+])<-[C-]#[O+]
ZETCUY,0,ok,0.168189,85,1,,[Ni+2]12(N(C(=C([H])c3n->1c([H])c([H])c([H])c3[H])c1c([H])c([H])c([H])c([H])c1[H])c1c(C([H])([H])[H])c([H])c([H])c([H])c1C([H])([H])[H])<-N(=C(C([H])=C1N2C([H])=C([H])C([H])=C1[H])c1c([H])c([H])c([H])c([H])c1[H])c1c(C([H])([H])[H])c([H])c([H])c([H])c1C([H])([H])[H]
ZETDEJ,0,ok,0.171109,85,1,,[Fe+2]12(<-N(=C(C([H])=C3N1C([H])=C([H])C([H])=C3[H])c1c([H])c([H])c([H])c([H])c1[H])c1c(C([H])([H])[H])c([H])c([H])c([H])c1C([H])([H])[H])N(C(=C([H])c1n->2c([H])c([H])c([H])c1[H])c1c([H])c([H])c([H])c([H])c1[H])c1c(C([H])([H])[H])c([H])c([H])c([H])c1C([H])([H])[H]
ZEVGIS,0,ok,0.061764,33,1,,[V+3]1234(=O)(<-O=O->1)OC(=O)C(N->2(C(c1n->3c([H])n([H])c1[H])([H])[H])C(c1n->4c([H])n([H])c1[H])([H])[H])([H])[H]
ZEZDEN,0,ok,0.049502,66,1,,[Pd+4](I)(I)(<-N(C1([H])C([H])([H])C([H])([H])C([H])([H])C([H])([H])C1([H])[H])([H])[H])=C(N(C1([H])C([H])([H])C([H])([H])C([H])([H])C([H])([H])C1([H])[H])[H])N(N(C(C([H])([H])[H])(C([H])([H])[H])[H])C(C([H])([H])[H])(C([H])([H])[H])[H])[H]
ZIDDOF,0,ok,0.431700,68,1,,[Ir+]12345(<-S=C(C(=S->1)C#N)C#N)(<-P(c1c([H])c([H])c([H])c([H])c1[H])(c1c([H])c([H])c([H])c([H])c1[H])c1c([H])c([H])c([H])c([H])c1[H])<-C1(C([H])([H])[H])=C->2(C([H])([H])[H])C3(C([H])([H])[H])C->4(C([H])([H])[H])=C->51C([H])([H])[H]
ZIJBEB,1,ok,0.131228,56,1,,[Ir+5]12345(Cl)(<-n6c(Br)c([H])c([H])c([H])c6N([H])C=1C(=O)c1c([H])c([H])c(C([H])([H])[H])c([H])c1[H])<-C1(C([H])([H])[H])=C->2(C([H])([H])[H])C3(C([H])([H])[H])C->4(C([H])([H])[H])=C->51C([H])([H])[H]
ZIKCOL,0,ok,0.041656,38,1,,[Cr+2](<-[C-]#[O+])(<-[C-]#[O+])(<-[C-]#[O+])(<-[C-]#[O+])(<-[C-]#[O+])=C(N([H])[H])C([H])=C(N(C([H])([H])[H])C([H])([H])[H])c1c([H])c([H])c([H])c([H])c1[H]
ZIRVED,1,ok,0.058878,40,1,,[Re+3]1(Cl)(<-[C-]#[O+])(<-[C-]#[O+])(<-[C-]#[O+])N2c3c(c4[n+](C([H])([H])[H])c([H])n(C([H])([H])[H])c4c4c3N1C([H])=C([H])C=4[H])=C([H])C([H])=C2[H]
ZIZGIA,0,ok,0.070612,59,1,,[Au+](Cl)<-P(c1c(P(=[Se])(c2c([H])c([H])c([H])c([H])c2[H])c2c([H])c([H])c([H])c([H])c2[H])c([H])c([H])c([H])c1[H])(c1c([H])c([H])c([H])c([H])c1[H])c1c([H])c([H])c([H])c([H])c1[H]
ZIZGUM,0,ok,0.069608,59,1,,[Au+](I)<-P(c1c(P(=[Se])(c2c([H])c([H])c([H])c([H])c2[H])c2c([H])c([H])c([H])c([H])c2[H])c([H])c([H])c([H])c1[H])(c1c([H])c([H])c([H])c([H])c1[H])c1c([H])c([H])c([H])c([H])c1[H]
ZIZJID,0,ok,0.070592,52,1,,[Au+](Br)<-P(C(P(=[Se])(c1c([H])c([H])c([H])c([H])c1[H])c1c([H])c([H])c([H])c([H])c1[H])([H])[H])(c1c([H])c([H])c([H])c([H])c1[H])c1c([H])c([H])c([H])c([H])c1[H]
ZIZJOJ,0,ok,0.057331,52,1,,[Au+](I)<-P(C(P(=[Se])(c1c([H])c([H])c([H])c([H])c1[H])c1c([H])c([H])c([H])c([H])c1[H])([H])[H])(c1c([H])c([H])c([H])c([H])c1[H])c1c([H])c([H])c([H])c([H])c1[H]
ZOCZAU,0,ok,0.060711,57,1,,[Au+3](Cl)=C1N(c2c(C([H])([H])[H])c([H])c(C([H])([H])[H])c([H])c2C([H])([H])[H])C([H])([H])C([H])([H])C([H])([H])C([H])([H])N1c1c(C([H])([H])[H])c([H])c(C([H])([H])[H])c([H])c1C([H])([H])[H]
ZOFJEJ,0,ok,0.100981,61,1,,[Pt+2]1(<-P(OC([H])([H])[H])(c2c([H])c([H])c([H])c([H])c2[H])c2c([H])c([H])c([H])c([H])c2[H])(<-P(OC([H])([H])[H])(c2c([H])c([H])c([H])c([H])c2[H])c2c([H])c([H])c([H])c([H])c2[H])SC(=O)S1
ZOLTOM,0,ok,0.105871,82,1,,[Pd+4](Br)(Br)(<-C1N(C([H])(C([H])([H])[H])C([H])([H])[H])c2c([H])c([H])c([H])c([H])c2N1C([H])(C([H])([H])[H])C([H])([H])[H])=C1N(C([H])([H])c2c([H])c([H])c([H])c([H])c2[H])C([H])([H])C([H])([H])C([H])([H])C([H])([H])C([H])([H])N1C([H])([H])c1c([H])c([H])c([H])c([H])c1[H]
ZOLVOO,0,ok,0.057072,48,1,,[Au+3](Br)=C1N(C([H])([H])c2c([H])c([H])c([H])c([H])c2[H])C([H])([H])C([H])([H])C([H])([H])C([H])([H])C([H])([H])N1C([H])([H])c1c([H])c([H])c([H])c([H])c1[H]
ZOLWIJ,0,ok,0.106403,79,1,,[Pd+4](Br)(Br)(=C1N(C([H])([H])c2c([H])c([H])c([H])c([H])c2[H])C([H])([H])C([H])([H])C([H])([H])C([H])([H])N1C([H])([H])c1c([H])c([H])c([H])c([H])c1[H])<-C1N(C([H])(C([H])([H])[H])C([H])([H])[H])c2c(c([H])c([H])c([H])c2[H])N1C([H])(C([H])([H])[H])C([H])([H])[H]
ZOLWOP,0,ok,0.058629,57,1,,[Au+3](Br)=C1N(c2c(C([H])([H])[H])c([H])c(C([H])([H])[H])c([H])c2C([H])([H])[H])C([H])([H])C([H])([H])C([H])([H])C([H])([H])N1c1c(C([H])([H])[H])c([H])c(C([H])([H])[H])c([H])c1C([H])([H])[H]
ZONTAX,1,ok,0.087467,85,1,,[Ru+4](<-P(C([H])([H])[H])(C([H])([H])[H])c1c([H])c([H])c([H])c([H])c1[H])(<-P(C([H])([H])[H])(C([H])([H])[H])c1c([H])c([H])c([H])c([H])c1[H])(=C(N(C(C([H])([H])[H])(C([H])([H])[H])C([H])([H])[H])[H])c1c([H])c([H])c([H])c([H])c1[H])(C(C(=O)OC(C([H])([H])[H])([H])[H])([H])[H])(<-[C-]#[O+])<-[C-]#[O+]
ZOPNOH,0,ok,0.108969,36,1,,[Mn+7]123(<-N(=C([H])c4c(c([H])c([H])c([H])c4[H])O1)C([H])([H])C([H])([H])N2[C-]([H])c1c(c([H])c([H])c([H])c1[H])O3)#N
ZOPRIH,0,ok,0.079533,67,1,,c1(-c2c(P(c3c([H])c([H])c([H])c([H])c3[H])(c3c([H])c([H])c([H])c([H])c3[H])->[Au+]Cl)c([H])c([H])c([H])c2[H])n(C([H])(C([H])([H])[H])C([H])([H])[H])c(=O)c(C([H])([H])[H])c([O-])[n+]1C([H])(C([H])([H])[H])C([H])([H])[H]
ZORRIJ,1,ok,0.128360,83,1,,C12(C([H])([H])[H])->[Co+3]345(<-C=1(C([H])([H])[H])C3(C([H])([H])[H])C24C([H])([H])[H])(<-N#CC([H])([H])[H])<-P(c1c(F)c([H])c([H])c([H])c1[H])(c1c([H])c([H])c([H])c([H])c1F)c1c([H])c([H])c([H])c([H])c1P->5(c1c(F)c([H])c([H])c([H])c1[H])c1c([H])c([H])c([H])c([H])c1F
ZOSREH,0,ok,0.094583,64,1,,[Pd+4]1(C([H])([H])[H])(Cl)N(c2c(C([H])([H])[H])c([H])c([H])c([H])c2C([H])([H])[H])c2c(c3c([H])c([H])c([H])c([H])c3c3c([H])c([H])c([H])c([H])c32)N1c1c(C([H])([H])[H])c([H])c([H])c([H])c1C([H])([H])[H]
ZOVHOJ,0,ok,0.095269,42,1,,Br[Ni+2]12<-P(c3c(N->1=C(c1n2c([H])c([H])c1[H])[H])c([H])c([H])c([H])c3[H])(c1c([H])c([H])c([H])c([H])c1[H])C([H])([H])C([H])([H])[H]
ZOVPAB,1,ok,0.072784,49,1,,[Mn+7]123(<-N4(C([H])([H])[H])C([H])([H])C([H])([H])N->1(C([H])([H])[H])C([H])([H])C([H])([H])N->2(C([H])([H])[H])C([H])([H])C4([H])[H])(#N)OC(C([H])([H])[H])=C([H])[C-](C([H])([H])[H])O3
ZOWZAM,0,ok,0.080679,60,1,,[W+2](<-[C-]#[O+])(<-[C-]#[O+])(<-[C-]#[O+])(<-[C-]#[O+])(<-[C-]#[O+])=C1C([H])([H])C(c2c([H])c([H])c(N(C([H])([H])[H])C([H])([H])[H])c([H])c2[H])(c2c([H])c([H])c(N(C([H])([H])[H])C([H])([H])[H])c([H])c2[H])ON1C([H])([H])[H]
ZUDLUF,0,ok,0.070074,39,1,,[Zn+2]12(<-O([H])[H])(<-O=Nc3c(O1)n(C([H])([H])[H])nc3C([H])([H])[H])(<-O([H])[H])<-O=Nc1c(O2)n(C([H])([H])[H])nc1C([H])([H])[H]
ZUGXII,1,ok,0.042877,37,1,,[Pt+2]1(<-n2c([H])c([H])c([H])c3c([H])c([H])c4c([H])c([H])c([H])n->1c4c23)(<-S(=O)(C([H])([H])[H])C([H])([H])[H])C([H])([H])[H]
ZUHZEJ,1,ok,0.055024,56,1,,C1(OC([H])([H])[H])=[Ru+4]234(<-S5C([H])([H])C([H])([H])S->2C([H])([H])C([H])([H])C([H])([H])S->3C([H])([H])C([H])([H])S->4C([H])([H])C([H])([H])C5([H])[H])OC(c2c([H])c([H])c([H])c([H])c2[H])=C1[H]
ZUMSEH,0,ok,0.051314,50,1,,[Fe+2]12(Br)(Br)<-P(N(c3n->1c(C(N->2(C(C([H])([H])[H])(C([H])([H])[H])[H])[H])([H])[H])c([H])c([H])c3[H])[H])(C(C([H])([H])[H])(C([H])([H])[H])[H])C(C([H])([H])[H])(C([H])([H])[H])[H]
ZUYXIC,0,ok,0.103660,78,1,,c12[Ni+2]3(<-P(C([H])(C([H])([H])[H])C([H])([H])[H])(C([H])(C([H])([H])[H])C([H])([H])[H])Oc1c([H])c([H])c([H])c2OP->3(C([H])(C([H])([H])[H])C([H])([H])[H])C([H])(C([H])([H])[H])C([H])([H])[H])[Si](c1c([H])c([H])c([H])c([H])c1[H])(c1c([H])c([H])c([H])c([H])c1[H])[H]
ZUZHUZ,0,ok,0.084317,68,1,,[Ni+2]12(<-P(C([H])(C([H])([H])[H])C([H])([H])[H])(C([H])(C([H])([H])[H])C([H])([H])[H])Oc3c1c(OP->2(C([H])(C([H])([H])[H])C([H])([H])[H])C(C([H])([H])[H])(C([H])([H])[H])[H])c([H])c([H])c3[H])[Si](c1c([H])c([H])c([H])c([H])c1[H])([H])[H]
