IDs,smiles_NBO_DFT_xyz,formula_heaviest_fragment,charge,smiles_CSD_fix,smiles_huckel_CSD_xyz,smiles_huckel_DFT_xyz
ABAXOS,,C24 H50 N2 Os1 P2,0.0,CC(C)P(C(C)C)(C(C)C)->[OsH2+2]1(<-[NH-]c2ccccc2[NH-]->1)<-P(C(C)C)(C(C)C)C(C)C,CC(C)P(C(C)C)(C(C)C)->[OsH2+2]1(<-[NH-]c2ccccc2[NH-]->1)<-P(C(C)C)(C(C)C)C(C)C,CC(C)P(C(C)C)(C(C)C)->[OsH2+2]1(<-[NH-]c2ccccc2[NH-]->1)<-P(C(C)C)(C(C)C)C(C)C
ABEJAS,Cc1cc(C)c2CP(c3ccccc3)(c3ccccc3)->[Rh+3]34(<-[I-])(<-[CH2-]c->32c1CP->4(c1ccccc1)c1ccccc1)<-[c-]1ccccc1,C41 H38 I1 P2 Rh1,0.0,Cc1cc(C)c2CP(c3ccccc3)(c3ccccc3)->[Rh+3]3(<-[I-])(<-[CH2-]c2c1CP->3(c1ccccc1)c1ccccc1)<-[c-]1ccccc1,Cc1cc(C)c2CP(c3ccccc3)(c3ccccc3)->[Rh+3]3(<-[I-])(<-[CH2-]c2c1CP->3(c1ccccc1)c1ccccc1)<-[c-]1ccccc1,Cc1cc(C)c2CP(c3ccccc3)(c3ccccc3)->[Rh+3]3(<-[I-])(<-[CH2-]c2c1CP->3(c1ccccc1)c1ccccc1)<-[c-]1ccccc1
ABICAQ,Cc1cc(C)c(N2C=CN(C3=NC(C)(C)CO3)[C]2->[Rh+]234(<-[Br-])<-C5=C->2/CC/C->3=C->4\CC\5)c(C)c1,C25 H33 Br1 N3 O1 Rh1,0.0,Cc1cc(C)c(N2C=CN3C4=N(->[Rh+]567(<-[Br-])(<-[C]32)<-C2=C->5CCC->6=C->7CC2)C(C)(C)CO4)c(C)c1,Cc1cc(C)c(N2C=CN3C4=N(->[Rh+]567(<-[Br-])(<-[C]32)<-C2=C->5CCC->6=C->7CC2)C(C)(C)CO4)c(C)c1,Cc1cc(C)c(N2C=CN(C3=NC(C)(C)CO3)[C]2->[Rh+]234(<-[Br-])<-C5=C->2CCC->3=C->4CC5)c(C)c1
ABOBOK,CCNC1/N=N2/C=C3/C=CC=C(C)[N-]3->[V+5]<-2(<-[O-2])(<-[O-2])<-S=1,C10 H13 N4 O2 S1 V1,0.0,CCNC1=NN2=Cc3cccc(C)n3->[V+5]<-2(<-[O-2])(<-[O-2])<-[S-]1,CCNC1N=N2C=C3C=CC=C(C)[N-]3->[V+5]<-2(<-[O-2])(<-[O-2])<-S=1,CCNC1N=N2C=C3C=CC=C(C)[N-]3->[V+5]<-2(<-[O-2])(<-[O-2])<-S=1
ACADCO,CC1/C=C(/C)[O-]->[Co+3]234(<-O=1)(<-O=C(C)/C=C(/C)[O-]->2)(<-O=N->3[O-]->4)<-n1cn(C)c2nc[n+](C)c(N)c21,C17 H24 Co1 N6 O6 1+,1.0,fail,CC1=CC(C)=O->[Co+3]2(<-O=C(C)C=C(C)[O-]->2)(<-[O-]1)(<-N(=O)[O-])<-n1cn(C)c2nc[n+](C)c(N)c21,CC1=CC(C)=O->[Co+3]2(<-O=C(C)C=C(C)[O-]->2)(<-[O-]1)(<-N(=O)[O-])<-n1cn(C)c2nc[n+](C)c(N)c21
ACEKAU,CC(C)P1(CCP(C(C)C)(C(C)C)->[Ni]<-12<-N#C->2c1ccccc1)C(C)C,C21 H37 N1 Ni1 P2,0.0,CC(C)P1(CCP(C(C)C)(C(C)C)->[Ni]<-12<-N#C->2c1ccccc1)C(C)C,CC(C)P1(CCP(C(C)C)(C(C)C)->[Ni]<-12<-N#C->2c1ccccc1)C(C)C,CC(C)P1(CCP(C(C)C)(C(C)C)->[Ni]<-12<-N#C->2c1ccccc1)C(C)C
ACIVAL,CC(=O)[O-]->[Ag+]<-P(c1ccccc1C(=O)N(C(C)C)C(C)C)(C(C)(C)C)C(C)(C)C,C23 H39 Ag1 N1 O3 P1,0.0,fail,CC(=O)[O-]->[Ag+]<-P(c1ccccc1C(=O)N(C(C)C)C(C)C)(C(C)(C)C)C(C)(C)C,CC1=O->[Ag+]2(<-O=C(c3ccccc3P->2(C(C)(C)C)C(C)(C)C)N(C(C)C)C(C)C)<-[O-]1
ACOSAP,,C27 H33 Cl1 N2 Pd1,0.0,Cc1ccc[c-]2->[Pd+2]3(<-[Cl-])<-n4c(-c12)cccc4C(C)(C)N->3c1c(C(C)C)cccc1C(C)C,Cc1ccc[c-]2->[Pd+2]3(<-[Cl-])<-n4c(-c12)cccc4C(C)(C)N->3c1c(C(C)C)cccc1C(C)C,Cc1ccc[c-]2->[Pd+2]3(<-[Cl-])<-n4c(-c12)cccc4C(C)(C)N->3c1c(C(C)C)cccc1C(C)C
ACTBPD,CC1/C=C(/C)[O-]->[Pd@@+2]2(<-[CH2-][N+](C)=C([S-]->2)c2ccccc2)<-O=1,C14 H17 N1 O2 Pd1 S1,0.0,CC1=CC(C)=O->[Pd+2]2(<-[CH2-]N(C)C(=S->2)c2ccccc2)<-[O-]1,CC1=CC(C)=O->[Pd]2(<-C=[N+](C)C(=S->2)c2ccccc2)<-[O-]1,CC1=CC(C)=O->[Pd]2(<-C=[N+](C)C(=S->2)c2ccccc2)<-[O-]1
ACUGOV,O=[N+]1[O-]->[La+3]234(<-O)(<-[O-]1)(<-[O-][N+](=O)[O-]->2)(<-[O-][N+](=O)[O-]->3)<-n1ccccc1-c1nc(-c2ccccn2)nc(-c2ccccn2)n->41,C18 H14 La1 N9 O10,0.0,O=[N+]1[O-]->[La+3]2345(<-O)(<-[O-]1)(<-[O-][N+](=O)[O-]->2)(<-[O-][N+](=O)[O-]->3)<-n1ccccc1-c1nc(-c2ccccn2)nc(-c2ccccn->42)n->51,ON12->[La]345678(<-O)(<-N(O)(O3)O4)(<-N(O)(O5)O6)(O1)(O2)N1CCCCC1C1NC(C2CCCCN2)NC(C2CCCCN27)N18,ON12->[La]345678(<-O)(<-N(O)(O3)O4)(<-N(O)(O5)O6)(O1)(O2)N1CCCCC1C1NC(C2CCCCN2)NC(C2CCCCN27)N18
ACUSIB,Cc1ccn2->[Re+](<-[C-]#[O+])(<-[C-]#[O+])(<-[C-]#[O+])(<-[O-]C(=O)[C@@H](C)OC(=O)[C@@H](C)O)<-n3ccc(C)cc3-c2c1,C21 H21 N2 O8 Re1,0.0,Cc1ccn2->[Re+](<-[C-]#[O+])(<-[C-]#[O+])(<-[C-]#[O+])(<-[O-]C(=O)C(C)OC(=O)C(C)O)<-n3ccc(C)cc3-c2c1,Cc1ccn2->[Re+](<-[C-]#[O+])(<-[C-]#[O+])(<-[C-]#[O+])(<-[O-]C(=O)C(C)OC(=O)C(C)O)<-n3ccc(C)cc3-c2c1,Cc1ccn2->[Re+]3(<-[C-]#[O+])(<-[C-]#[O+])(<-O=C(O[C-]->3=O)C(C)OC(=O)C(C)O)<-n3ccc(C)cc3-c2c1
ADAMAT,,C24 H24 Cl2 Hf1 P2,0.0,Cc12->[Hf+4]3456789(<-[Cl-])(<-[Cl-])(<-[cH-]1p->3c->4(-c1ccccc1)c->52C)<-[cH-]1p->6c->7(-c2ccccc2)c->8(C)c->91C,Cc12->[Hf+4]3456789(<-[Cl-])(<-[Cl-])(<-c1p->3[c-]->4(-c1ccccc1)c->52C)<-c1p->6[c-]->7(-c2ccccc2)c->8(C)c->91C,Cc1c2(C)->[Hf+4]345678(<-[Cl-])(<-[Cl-])(<-c2p->3[c-]->41-c1ccccc1)<-c1p->5[c-]->6(-c2ccccc2)c->7(C)c->81C
ADEYIR,CC(C)(C)P(=[N-]->[Ta+5]1234(<-[Cl-])(<-[Cl-])(<-[Cl-])<-c5(C)c->1(C)c->2(C)[c-]->3(C)c->45C)(C(C)(C)C)C(C)(C)C,C22 H42 Cl3 N1 P1 Ta1,0.0,CC(C)(C)P(=[N-]->[Ta+5]1234(<-[Cl-])(<-[Cl-])(<-[Cl-])<-c5(C)c->1(C)c->2(C)[c-]->3(C)c->45C)(C(C)(C)C)C(C)(C)C,CC(C)(C)P(=[N-]->[Ta+5]1234(<-[Cl-])(<-[Cl-])(<-[Cl-])<-c5(C)c->1(C)c->2(C)[c-]->3(C)c->45C)(C(C)(C)C)C(C)(C)C,Cc1c(C)c(C)[c-](C)(->[Ta+5](<-[Cl-])(<-[Cl-])(<-[Cl-])<-[N-]=P(C(C)(C)C)(C(C)(C)C)C(C)(C)C)c1C
ADISEO,,C19 H31 Cl1 Ir1 N3,0.0,CC1=N2Nc3ccccn3->[IrH+2]<-23(<-[Cl-])(<-[CH2-]C1(C)C)<-C1=C->3CCCCCC1,CC1=N2Nc3ccccn3->[IrH+2]<-23(<-[Cl-])(<-[CH2-]C1(C)C)<-C1=C->3CCCCCC1,CC1=N2Nc3ccccn3->[IrH+2]<-23(<-[Cl-])(<-[CH2-]C1(C)C)<-C1=C->3CCCCCC1
ADOFAD,,C27 H25 N5 O1 Pd1,0.0,CC(C)(C)[N+]#[C-]->[Pd+]12<-[c]3[nH]c4ccccc4c3CC[N-]->1C(=O)c1c3[nH]c4ccccc4c3ccn->21,CC(C)(C)[N+]#[C-]->[Pd+2]12<-[c-]3[nH]c4ccccc4c3CC[N-]->1C(=O)c1c3[nH]c4ccccc4c3ccn->21,CC(C)(C)[N+]#[C-]->[Pd+2]12<-[c-]3[nH]c4ccccc4c3CC[N-]->1C(=O)c1c3[nH]c4ccccc4c3ccn->21
ADUQEV,O=[N+]([O-])c1cc([N+](=O)[O-])c([O-]->[Ag+]2<-S(CCOCCOCCS->2Cc2ccccc2)Cc2ccccc2)c([N+](=O)[O-])c1,C26 H28 Ag1 N3 O9 S2,0.0,O=[N+]([O-])c1cc([N+](=O)[O-])c([O-]->[Ag+]23<-O(CCOCCS->2Cc2ccccc2)CCS->3Cc2ccccc2)c([N+](=O)[O-])c1,O=[N+]([O-])c1cc([N+](=O)[O-])c([O-])c([N+](=O)[O-])c1.c1ccc(CS2->[Ag+]<-S(Cc3ccccc3)CCOCCOCC2)cc1,O=[N+]([O-])c1cc2N([O-])[O-]->[Ag+3]3(<-[O-]c2c([N+](=O)[O-])c1)<-S(CCOCCOCCS->3Cc1ccccc1)Cc1ccccc1
AFAMEB,Fc1ccc(C[n+]2c3ccccn3c(-c3ccccc3)[c-]2->[Pd+2](<-[Cl-])(<-[Cl-])<-n2ccccc2)cc1,C25 H20 Cl2 F1 N3 Pd1,0.0,Fc1ccc(C[n+]2c3ccccn3c(-c3ccccc3)[c]2->[Pd+](<-[Cl-])(<-[Cl-])<-n2ccccc2)cc1,Fc1ccc(C[n+]2c3ccccn3c(-c3ccccc3)[c-]2->[Pd+2](<-[Cl-])(<-[Cl-])<-n2ccccc2)cc1,Fc1ccc(C[n+]2c3ccccn3c(-c3ccccc3)[c-]2->[Pd+2](<-[Cl-])(<-[Cl-])<-n2ccccc2)cc1
AFEDUL,CS(C)(=O)->[Ru+2]12(<-[Cl-])(<-Nc3ccccc3/N->1=C/c1cc(Br)ccc1[O-]->2)<-S(C)(C)=O,C17 H22 Br1 Cl1 N2 O3 Ru1 S2,0.0,CS(C)(=O)->[Ru+2]12(<-[Cl-])(<-Nc3ccccc3N->1=Cc1cc(Br)ccc1[O-]->2)<-S(C)(C)=O,CS(C)(=O)->[Ru+2]12(<-[Cl-])(<-Nc3ccccc3N->1=Cc1cc(Br)ccc1[O-]->2)<-S(C)(C)=O,CS(C)(=O)->[Ru+2]12(<-[Cl-])(<-Nc3ccccc3N->1=Cc1cc(Br)ccc1[O-]->2)<-S(C)(C)=O
AFIMEK,,C9 H7 Cl1 N2 O3 Pt1 S1,0.0,O=C([O-])c1csc2-c3ccccn3->[Pt+2](<-O)(<-[Cl-])<-n12,O=C([O-])c1csc2-c3ccccn3->[Pt+2](<-O)(<-[Cl-])<-n12,O=C([O-])c1csc2-c3ccccn3->[Pt+2](<-O)(<-[Cl-])<-n12
AFOYAV,CN(C)C(/C=C/c1ccccc1)=N/[C](c1ccccc1)->[Cr](<-[C-]#[O+])(<-[C-]#[O+])(<-[C-]#[O+])(<-[C-]#[O+])<-[C-]#[O+],C23 H18 Cr1 N2 O5,0.0,CN(C)C(C=Cc1ccccc1)=N[C](c1ccccc1)->[Cr](<-[C-]#[O+])(<-[C-]#[O+])(<-[C-]#[O+])(<-[C-]#[O+])<-[C-]#[O+],CN(C)C(C=Cc1ccccc1)=N[C](c1ccccc1)->[Cr](<-[C-]#[O+])(<-[C-]#[O+])(<-[C-]#[O+])(<-[C-]#[O+])<-[C-]#[O+],CN(C)C(C=Cc1ccccc1)=N[C](c1ccccc1)->[Cr](<-[C-]#[O+])(<-[C-]#[O+])(<-[C-]#[O+])(<-[C-]#[O+])<-[C-]#[O+]
AFOZUQ,CC[C-](=O)->[Pd+2]1(<-[Cl-])<-P(Cc2ccccc2CP->1(C(C)(C)C)C(C)(C)C)(C(C)(C)C)C(C)(C)C,C27 H49 Cl1 O1 P2 Pd1,0.0,CC[C-](=O)->[Pd+2]1(<-[Cl-])<-P(Cc2ccccc2CP->1(C(C)(C)C)C(C)(C)C)(C(C)(C)C)C(C)(C)C,CC[C-](=O)->[Pd+2]1(<-[Cl-])<-P(Cc2ccccc2CP->1(C(C)(C)C)C(C)(C)C)(C(C)(C)C)C(C)(C)C,CC[C-](=O)->[Pd+2]1(<-[Cl-])<-P(Cc2ccccc2CP->1(C(C)(C)C)C(C)(C)C)(C(C)(C)C)C(C)(C)C
AFUXEF,Cn1c2[S-]->[Ti+4]3456789%10(<-[S-]c2sc1=S)(<-c1c->3c->4[cH-]->5c->61)<-c1c->7c->8[cH-]->9c->%101,C14 H13 N1 S4 Ti1,0.0,Cn1c2[S-]->[Ti+4]3456789%10(<-[S-]c2sc1=S)(<-c1c->3c->4[cH-]->5c->61)<-c1c->7c->8[cH-]->9c->%101,CN1C(=S)SC2=S->[Ti+2]3456789%10(<-S=C21)(<-c1c->3c->4[cH-]->5c->61)<-c1c->7c->8[cH-]->9c->%101,CN1C(=S)SC2=S->[Ti+2]3456789%10(<-S=C21)(<-c1c->3c->4[cH-]->5c->61)<-c1c->7c->8[cH-]->9c->%101
AGALUQ,S=C=[N-]->[Zn+2](<-[N-]=C=S)(<-n1ccccc1/C=N/c1ccc(C#Cc2ccccc2)cc1)<-n1ccccc1/C=N/c1ccc(C#Cc2ccccc2)cc1,C42 H28 N6 S2 Zn1,0.0,S=C=[N-]->[Zn+2]12(<-[N-]=C=S)(<-N(=Cc3ccccn->13)c1ccc(C#Cc3ccccc3)cc1)<-N(=Cc1ccccn->21)c1ccc(C#Cc2ccccc2)cc1,S=C=[N-]->[Zn+2]12(<-[N-]=C=S)(<-N(=Cc3ccccn->13)c1ccc(C#Cc3ccccc3)cc1)<-N(=Cc1ccccn->21)c1ccc(C#Cc2ccccc2)cc1,S=C=[N-]->[Zn+2]12(<-[N-]=C=S)(<-N(=Cc3ccccn->13)c1ccc(C#Cc3ccccc3)cc1)<-N(=Cc1ccccn->21)c1ccc(C#Cc2ccccc2)cc1
AGETOW,O=C1c2ccccc2S(=O)(=O)[N-]1->[Zn+2]12(<-NC(CO)(CO)CO->1)<-NC(CO)(CO)CO->2,C15 H26 N3 O9 S1 Zn1 1+,1.0,O=C1c2ccccc2S(=O)(=O)[N-]1->[Zn+2]123(<-NC(CO)(CO)CO->1)<-NC(CO)(CO->2)CO->3,O=C1c2ccccc2S(=O)(=O)[N-]1->[Zn+2]12(<-NC(CO)(CO)CO->1)<-NC(CO)(CO)CO->2,O=C1c2ccccc2S(=O)(=O)[N-]1->[Zn+2]123(<-NC(CO)(CO)CO->1)<-NC(CO)(CO->2)CO->3
AGIKIK,,C27 H44 N1 Ta1,0.0,CC(C)c1cccc(C(C)C)c1[N-2]->[TaH+4]1234(<-[CH2-]C(C)(C)C)<-c5(C)c->1(C)c->2(C)[c-]->3(C)c->45C,CC(C)c1cccc(C(C)C)c1[N-2]->[TaH+4]1234(<-[CH2-]C(C)(C)C)<-c5(C)c->1(C)c->2(C)[c-]->3(C)c->45C,Cc1c(C)c2(C)->[TaH+4]3(<-[CH2-]C(C)(C)C)(<-[N-2]c4c(C(C)C)cccc4C(C)C)<-c1(C)[c-]->32C
AGOQIX,CS(C)(=O)->[Ru+2]1(<-[Cl-])(<-[Cl-])(<-O=C(N)N/N->1=C\c1ccccc1)<-S(C)(C)=O,C12 H21 Cl2 N3 O3 Ru1 S2,0.0,CS(C)(=O)->[Ru+2]1(<-[Cl-])(<-[Cl-])(<-O=C(N)NN->1=Cc1ccccc1)<-S(C)(C)=O,CS(C)(=O)->[Ru+2]1(<-[Cl-])(<-[Cl-])(<-O=C(N)NN->1=Cc1ccccc1)<-S(C)(C)=O,CS(C)(=O)->[Ru+2]1(<-[Cl-])(<-[Cl-])(<-O=C(N)NN->1=Cc1ccccc1)<-S(C)(C)=O
AGUPOJ,COc1cccc2/C=N(/C(CO)CO)->[Zn+2]3(<-[O-]c21)<-[O-]c1c(/C=N->3/C(CO)CO)cccc1OC,C22 H28 N2 O8 Zn1,0.0,COc1cccc2C=N(C(CO)CO)->[Zn+2]3(<-[O-]c21)<-[O-]c1c(C=N->3C(CO)CO)cccc1OC,COc1cccc2C=N(C(CO)CO)->[Zn+2]3(<-[O-]c21)<-[O-]c1c(C=N->3C(CO)CO)cccc1OC,COc1cccc2C=N(C(CO)CO)->[Zn+2]3(<-[O-]c21)<-[O-]c1c(C=N->3C(CO)CO)cccc1OC
AHASAF,C=CCN(CC=C)C(=S)[S-]->[Au+]<-[P@TB5](c1ccccc1)(c1ccccc1)c1ccccc1,C25 H25 Au1 N1 P1 S2,0.0,C=CCN(CC=C)C(=S)[S-]->[Au+]<-P(c1ccccc1)(c1ccccc1)c1ccccc1,C=CCN(CC=C)C(=S)[S-]->[Au+]<-P(c1ccccc1)(c1ccccc1)c1ccccc1,C=CCN(CC=C)C1=S->[Au+](<-[S-]1)<-P(c1ccccc1)(c1ccccc1)c1ccccc1
AHEVIU,CO->[Mo+6]12(<-[O-2])(<-[O-2])<-[O-]/C(=N\N->1=C\c1c([O-]->2)ccc2ccccc12)c1ccncc1,C18 H15 Mo1 N3 O5,0.0,CO->[Mo+6]12(<-[O-2])(<-[O-2])<-[O-]C(=NN->1=Cc1c([O-]->2)ccc2ccccc12)c1ccncc1,CO->[Mo+6]12(<-[O-2])(<-[O-2])<-[O-]C(=NN->1=Cc1c([O-]->2)ccc2ccccc12)c1ccncc1,CO.[O-2]->[Mo+6]12(<-[O-2])<-[O-]C(c3ccncc3)=NN->1=Cc1c(ccc3ccccc13)[O-]->2
AHUNIA,[CH3-]->[Pt+2]12(<-[CH3-])<-[H]C(n3ccc4cccn->1c43)n1ccc3cccn->2c31,C17 H18 N4 Pt1,0.0,[CH3-]->[Pt+2]1(<-[CH3-])<-n2cccc3ccn(Cn4ccc5cccn->1c54)c32,[CH3-]->[Pt+2]1(<-[CH3-])<-n2cccc3ccn(Cn4ccc5cccn->1c54)c32,[CH3-]->[Pt+2]1(<-[CH3-])<-n2cccc3ccn(Cn4ccc5cccn->1c54)c32
AJEDOJ,,C19 H31 O2 P1 Pt1,0.0,fail,CC(C)(C)P1(c2ccccc2[C-](C)(C)->[Pt+2]<-123<-O=C->2(C)[O-]->3)C(C)(C)C,CC(C)(C)P1(c2ccccc2[C-](C)(C)->[Pt+2]<-123<-O=C->2(C)[O-]->3)C(C)(C)C
AJIFOO,O=C1c2ccccc2P(c2ccccc2)(c2ccccc2)->[Pt@SP1+2]23<-[N-]1c1ccccc1[N-]->2C(=O)c1ccccc1P->3(c1ccccc1)c1ccccc1,C44 H32 N2 O2 P2 Pt1,0.0,O=C1c2ccccc2P(c2ccccc2)(c2ccccc2)->[Pt+2]23<-[N-]1c1ccccc1[N-]->2C(=O)c1ccccc1P->3(c1ccccc1)c1ccccc1,O=C1c2ccccc2P(c2ccccc2)(c2ccccc2)->[Pt]23<-N1=C1C=CC=CC1=N->2C(=O)c1ccccc1P->3(c1ccccc1)c1ccccc1,O=C1c2ccccc2P(c2ccccc2)(c2ccccc2)->[Pt]23<-N1=C1C=CC=CC1=N->2C(=O)c1ccccc1P->3(c1ccccc1)c1ccccc1
AJUTOQ,,C33 H45 Cl3 N2 Ru1 Si1,0.0,CC(C)c1cccc(C(C)C)c1N1C=CN(c2c(C(C)C)cccc2C(C)C)[C]1->[RuH+3]1234(<-[Cl-])(<-c5c->1c->2[cH-]->3c->45)<-[Si-](C)(Cl)Cl,CC(C)c1cccc(C(C)C)c1N1C=CN(c2c(C(C)C)cccc2C(C)C)[C]1->[RuH+3]1234(<-[Cl-])(<-c5c->1c->2[cH-]->3c->45)<-[Si-](C)(Cl)Cl,CC(C)c1cccc(C(C)C)c1N1C=CN(c2c(C(C)C)cccc2C(C)C)[C]1->[RuH+3]1234(<-[Cl-])(<-c5c->1c->2[cH-]->3c->45)<-[Si-](C)(Cl)Cl
AKAPAF,C[CH2-]->[Zn@@+2]12<-N(/CCc3ccccn->13)=C(C)\C=C(\C)[N-]->2c1c(C(C)C)cccc1C(C)C,C26 H37 N3 Zn1,0.0,C[CH2-]->[Zn+2]12<-N(=C(C)C=C(C)[N-]->1CCc1ccccn->21)c1c(C(C)C)cccc1C(C)C,C[CH2-]->[Zn+2]12<-N(CCc3ccccn->13)=C(C)C=C(C)[N-]->2c1c(C(C)C)cccc1C(C)C,C[CH2-]->[Zn+2]12<-N(CCc3ccccn->13)=C(C)C=C(C)[N-]->2c1c(C(C)C)cccc1C(C)C
AKIKAH,,C33 H46 Cl1 Ir1 S3 Si1,0.0,CC(C)(C)S1Cc2ccccc2[Si-]23c4ccccc4CS(C(C)(C)C)->[IrH+2]<-1<-2(<-[Cl-])<-S(Cc1ccccc13)C(C)(C)C,CC(C)(C)S1Cc2ccccc2[Si-]23c4ccccc4CS(C(C)(C)C)->[IrH+2]<-1<-2(<-[Cl-])<-S(Cc1ccccc13)C(C)(C)C,CC(C)(C)S1Cc2ccccc2[Si-]23c4ccccc4CS(C(C)(C)C)->[IrH+2]<-1<-2(<-[Cl-])<-S(Cc1ccccc13)C(C)(C)C
AKOSEZ,Cn1cc[n+](C)c1[BH2-]1[H]->[Cr]<-1(<-[C-]#[O+])(<-[C-]#[O+])(<-[C-]#[O+])(<-[C-]#[O+])<-[C-]#[O+],C10 H11 B1 Cr1 N2 O5,0.0,Cn1cc[n+](C)c1[BH2-][H]->[Cr](<-[C-]#[O+])(<-[C-]#[O+])(<-[C-]#[O+])(<-[C-]#[O+])<-[C-]#[O+],[BH3-]c1n(C)cc[n+]1C.[O+]#[C-]->[Cr](<-[C-]#[O+])(<-[C-]#[O+])(<-[C-]#[O+])<-[C-]#[O+],[BH3-]c1n(C)cc[n+]1C.[O+]#[C-]->[Cr](<-[C-]#[O+])(<-[C-]#[O+])(<-[C-]#[O+])<-[C-]#[O+]
AKUTIL,Cc12->[Ir+3]3456(<-[C-]#[O+])(<-C(=C=C=C7C=C[CH-]C=C7)=[C-]->3c3ccccc3)<-c1(C)c->4(C)[c-]->5(C)c->62C,C27 H25 Ir1 O1,0.0,Cc12->[Ir+]3456(<-[C-]#[O+])(<-C(C#Cc7ccccc7)#C->3c3ccccc3)<-c1(C)c->4(C)[c-]->5(C)c->62C,Cc12->[Ir+]3456(<-[C-]#[O+])(<-C(C#Cc7ccccc7)#C->3c3ccccc3)<-c1(C)c->4(C)[c-]->5(C)c->62C,Cc12->[Ir+]3456(<-[C-]#[O+])(<-C(C#Cc7ccccc7)#C->3c3ccccc3)<-c1(C)c->4(C)[c-]->5(C)c->62C
ALAJED,,C39 H29 B1 O5 Ru1,0.0,Cc1ccc(-c23->[Ru+2]456(<-[C-]#[O+])(<-[C-]#[O+])(<-[BH2-]7Oc8ccccc8O7)<-c(O)(c->42-c2ccccc2)c->5(-c2ccccc2)[c-]->63-c2ccc(C)cc2)cc1,Cc1ccc(-c23->[Ru]456(<-[C-]#[O+])(<-[C-]#[O+])(<-b7oc8ccccc8[o+]7)<-c2(-c2ccccc2)c->4(O)[c-]->5(-c2ccccc2)c->63-c2ccc(C)cc2)cc1,Cc1ccc(-c23->[Ru]456(<-[C-]#[O+])(<-[C-]#[O+])(<-b7oc8ccccc8[o+]7)<-c2(-c2ccccc2)c->4(O)[c-]->5(-c2ccccc2)c->63-c2ccc(C)cc2)cc1
ALAXUG,,C19 H19 B1 N6 O2 S4 W1,0.0,Cn1ccn2[BH-]3n4ccn(C)c4=S->[W+4](<-[C-3]c4cccs4)(<-[C-]#[O+])(<-[C-]#[O+])(<-S=c12)<-S=c1n(C)ccn13,Cn1ccn2[BH-]3n4ccn(C)c4=S->[W+4](<-[C-3][c-]4[cH+][cH-][cH+]s4)(<-[C-]#[O+])(<-[C-]#[O+])(<-S=c12)<-S=c1n(C)ccn13,Cn1ccn2[BH-]3n4ccn(C)c4=S->[W+4](<-[C-3][c-]4[cH+][cH-][cH+]s4)(<-[C-]#[O+])(<-[C-]#[O+])(<-S=c12)<-S=c1n(C)ccn13
ALESEQ,CC(C)O[P+]1(/N=C(/N)[S-]->[Ni+2]2(<-[S-]/C(N)=N\[P+](OC(C)C)(OC(C)C)[S-]->2)<-[S-]1)OC(C)C,C14 H32 N4 Ni1 O4 P2 S4,0.0,fail,CC(C)O[P+]1(N=C(N)[S-]->[Ni+2]2(<-[S-]C(N)=N[P+](OC(C)C)(OC(C)C)[S-]->2)<-[S-]1)OC(C)C,CC(C)O[P+]1(N=C(N)[S-]->[Ni+2]2(<-[S-]C(N)=N[P+](OC(C)C)(OC(C)C)[S-]->2)<-[S-]1)OC(C)C
ALIMUF,Cc1cccc(C)[n+]1[O-]->[Zn+2](<-[N-]=C=S)(<-[N-]=C=S)<-[O-][n+]1c(C)cccc1C,C16 H18 N4 O2 S2 Zn1,0.0,Cc1cccc(C)[n+]1[O-]->[Zn](<-[N-]=C=S)(<-[N-]=C=S)<-[O-][n+]1c(C)cccc1C,Cc1cccc(C)[n+]1[O-]->[Zn+2](<-[N-]=C=S)(<-[N-]=C=S)<-[O-][n+]1c(C)cccc1C,Cc1cccc(C)[n+]1[O-]->[Zn+2](<-[N-]=C=S)(<-[N-]=C=S)<-[O-][n+]1c(C)cccc1C
ALIQAP,,C15 H19 Mn1 N3 O4 P1,0.0,CC(C)P1(Nc2cccc3N[C](=O)->[Mn]<-1(<-[C-]#[O+])(<-[C-]#[O+])(<-[C-]#[O+])<-n32)C(C)C,CC(C)P1(Nc2cccc3N[C-](=O)->[Mn+]<-1(<-[C-]#[O+])(<-[C-]#[O+])(<-[C-]#[O+])<-n32)C(C)C,CC(C)P1(Nc2cccc3N[C-](=O)->[Mn+]<-1(<-[C-]#[O+])(<-[C-]#[O+])(<-[C-]#[O+])<-n32)C(C)C
ALOKES,CCOC1=O->[Zn+2]2(<-O)(<-[O-]S(=O)(=O)C(F)(F)F)<-N(=N\C1=C1/C=CC=CN1)/c1cccc3cccn->2c13,C19 H18 F3 N4 O6 S1 Zn1 1+,1.0,CCOC1=O->[Zn+2]2(<-O)(<-[O-]S(=O)(=O)C(F)(F)F)<-n3cccc4cccc([N-]->2N=C1c1cccc[nH+]1)c43,CCOC1=O->[Zn+2]2(<-O)(<-[O-]S(=O)(=O)C(F)(F)F)<-N(=NC1=C1C=CC=CN1)c1cccc3cccn->2c13,CCOC1=O->[Zn+2]23(<-O)(<-O=S(=O)([O-]->2)C(F)(F)F)<-N(=NC1=C1C=CC=CN1)c1cccc2cccn->3c12
AMAGIF,CC1(C)CN23->[Ru@OH23+2]45(<-[S-]1)(<-S(CC2)CCN->4(CC(C)(C)[S@@]->5(=O)[O-])CC3)<-P(c1ccccc1)(c1ccccc1)c1ccccc1,C32 H43 N2 O2 P1 Ru1 S3,0.0,CC1(C)CN23->[Ru+]45(<-[S-]1)(<-S(CC2)CCN->4(CC(C)(C)[SH]->5(=O)=O)CC3)<-P(c1ccccc1)(c1ccccc1)c1ccccc1,CC1(C)CN23->[Ru]45(<-[S-]1)(<-S(CC2)CCN->4(CC(C)(C)S->5(=O)#[O+])CC3)<-P(c1ccccc1)(c1ccccc1)c1ccccc1,CC1(C)CN23->[Ru]45(<-[S-]1)(<-S(CC2)CCN->4(CC(C)(C)S->5(=O)#[O+])CC3)<-P(c1ccccc1)(c1ccccc1)c1ccccc1
AMGXCO,C/C1=C(\C)[N-]([O-])->[Co+3]2(<-[CH3-])(<-O)(<-N1=O)<-N(/O)=C(C)\C(C)=N->2\O,C9 H19 Co1 N4 O5,0.0,CC1C(C)=N([O])->[Co+]2(<-[CH3-])(<-O)(<-N=1[O])<-N(O)=C(C)C(C)=N->2O,CC1=C(C)N(=O)->[Co+]2(<-[CH3-])(<-O)(<-N1=O)<-N(O)=C(C)C(C)=N->2O,CC1=C(C)N(=O)->[Co+]2(<-[CH3-])(<-O)(<-N1=O)<-N(O)=C(C)C(C)=N->2O
AMINOA,[O+]#[C-]->[Fe+2]12345(<-[C](NCCCP->1(c1ccccc1)c1ccccc1)[Si](c1ccccc1)(c1ccccc1)c1ccccc1)<-c1c->2c->3[cH-]->4c->51,C40 H37 Fe1 N1 O1 P1 Si1 1+,1.0,[O+]#[C-]->[Fe+2]12345(<-[C](NCCCP->1(c1ccccc1)c1ccccc1)[Si](c1ccccc1)(c1ccccc1)c1ccccc1)<-c1c->2c->3[cH-]->4c->51,[O+]#[C-]->[Fe+2]12345(<-[C](NCCCP->1(c1ccccc1)c1ccccc1)[Si](c1ccccc1)(c1ccccc1)c1ccccc1)<-c1c->2c->3[cH-]->4c->51,[O+]#[C-]->[Fe+2]12345(<-[C](NCCCP->1(c1ccccc1)c1ccccc1)[Si](c1ccccc1)(c1ccccc1)c1ccccc1)<-c1c->2c->3[cH-]->4c->51
AMOXNB,,C4 H4 Nb1 O11 1-,-1.0,O=C1[O-]->[Nb+5]2(<-[O-2])(<-O)(<-O)(<-[O-]C1=O)<-[O-]C(=O)C(=O)[O-]->2,O=C1[O-]->[Nb+5]2(<-[O-2])(<-O)(<-O)(<-[O-]C1=O)<-[O-]C(=O)C(=O)[O-]->2,O.O=C1[O-]->[Nb+5]2(<-[O-2])(<-O)(<-[O-]C1=O)<-[O-]C(=O)C(=O)[O-]->2
ANECIG,,C33 H39 Ir1 O2 P2 Si1,0.0,fail,CC1=O->[IrH+2]23(<-[O-]1)<-[Si-](C)(CCCP->2(c1ccccc1)c1ccccc1)CCCP->3(c1ccccc1)c1ccccc1,CC1=O->[IrH+2]23(<-[O-]1)<-[Si-](C)(CCCP->2(c1ccccc1)c1ccccc1)CCCP->3(c1ccccc1)c1ccccc1
APABID,,C28 H25 O1 Y1,0.0,c1ccc(C(=O->[Y+3]23456789%10%11%12%13(<-c%14c->2c->3[cH-]->4c->5%14)(<-c2c->6c->7[cH-]->8c->92)<-c2c->%10c->%11[cH-]->%12c->%132)c2ccccc2)cc1,c1ccc(C(=O->[Y+3]23456789%10%11%12%13(<-c%14c->2c->3[cH-]->4c->5%14)(<-c2c->6c->7[cH-]->8c->92)<-c2c->%10c->%11[cH-]->%12c->%132)c2ccccc2)cc1,c1ccc(C(=O->[Y+3]234567(<-c8c->2c->3[cH-]->4c->58)(<-c2ccc[cH-]->62)<-c2ccc[cH-]->72)c2ccccc2)cc1
APIKER,Cc1cccc(C)c1[N+]#[C-]->[Pt+2](<-[Cl-])(<-[Cl-])<-[C](NN=C(c1ccccc1)c1ccccc1)Nc1c(C)cccc1C,C31 H30 Cl2 N4 Pt1,0.0,Cc1cccc(C)c1[N+]#[C-]->[Pt+2](<-[Cl-])(<-[Cl-])<-[C](NN=C(c1ccccc1)c1ccccc1)Nc1c(C)cccc1C,Cc1cccc(C)c1[N+]#[C-]->[Pt+2](<-[Cl-])(<-[Cl-])<-[C](NN=C(c1ccccc1)c1ccccc1)Nc1c(C)cccc1C,Cc1cccc(C)c1[N+]#[C-]->[Pt+2](<-[Cl-])(<-[Cl-])<-[C](NN=C(c1ccccc1)c1ccccc1)Nc1c(C)cccc1C
APOSUT,COC(=O)/C=C\n1nn(->[Ru+2]23456(<-c7c->2c->3[cH-]->4c->57)<-P(CCP->6(c2ccccc2)c2ccccc2)(c2ccccc2)c2ccccc2)cc1C(=O)[O-],C38 H35 N3 O4 P2 Ru1,0.0,COC(=O)C=C[N+]1=[N+][N-](->[Ru+]23456(<-c7c->2c->3[cH-]->4c->57)<-P(CCP->6(c2ccccc2)c2ccccc2)(c2ccccc2)c2ccccc2)C=C1C(=O)[O-],COC(=O)C=Cn1nn(->[Ru+2]23456(<-c7c->2c->3[cH-]->4c->57)<-P(CCP->6(c2ccccc2)c2ccccc2)(c2ccccc2)c2ccccc2)cc1C(=O)[O-],COC(=O)C=Cn1nn(->[Ru+2]23456(<-c7c->2c->3[cH-]->4c->57)<-P(CCP->6(c2ccccc2)c2ccccc2)(c2ccccc2)c2ccccc2)cc1C(=O)[O-]
APUFAT,[Cl-]->[Au+]<-[C](N(c1ccccc1)[C@]12C[C@H]3C[C@H](C[C@H](C3)C1)C2)N(c1ccccc1)[C@]12C[C@H]3C[C@H](C[C@H](C3)C1)C2,C33 H40 Au1 Cl1 N2,0.0,[Cl-]->[Au+]<-[C](N(c1ccccc1)C12CC3CC(CC(C3)C1)C2)N(c1ccccc1)C12CC3CC(CC(C3)C1)C2,[Cl-]->[Au+]<-[C](N(c1ccccc1)C12CC3CC(CC(C3)C1)C2)N(c1ccccc1)C12CC3CC(CC(C3)C1)C2,[Cl-]->[Au+]<-[C](N(c1ccccc1)C12CC3CC(CC(C3)C1)C2)N(c1ccccc1)C12CC3CC(CC(C3)C1)C2
APYBMO,,C15 H21 B1 Mo1 N4 O2,0.0,fail,Cc1cc(C)n2->[Mo+2]34(<-[C-]#[O+])(<-[C-]#[O+])(<-C=C->3[CH2-]->4)<-n3c(C)cc(C)n3[BH2-]n12,Cc1cc(C)n2->[MoH+]34(<-[C-]#[O+])(<-[C-]#[O+])(<-C=C->3[CH2-]->4)<-n3c(C)cc(C)n3Bn12
AQAWOE,Cc1ccc2c3n1->[Pt+2](<-[Cl-])(<-[Cl-])<-n1c(C)ccc(c1-3)C(=O)C2=O,C14 H10 Cl2 N2 O2 Pt1,0.0,Cc1ccc2c3n1->[Pt+2](<-[Cl-])(<-[Cl-])<-n1c(C)ccc(c1-3)C(=O)C2=O,Cc1ccc2c(=O)c(=O)c3ccc(C)[n-]4->[Pt+4](<-[Cl-])(<-[Cl-])<-[n-]1c-2c4-3,Cc1ccc2c(=O)c(=O)c3ccc(C)[n-]4->[Pt+4](<-[Cl-])(<-[Cl-])<-[n-]1c-2c4-3
AQENIV,C/C1=C(\C)[N-](O)->[Co+3]2(<-[CH2-]CC#N)(<-N1=O)(<-N(=O)/C(C)=C(/C)[N-]->2O)<-n1cccc(/N=C/c2cc(Cl)ccc2O)c1,C23 H27 Cl1 Co1 N7 O5,0.0,CC1C(C)=N(O)->[Co+]2(<-[CH2-]CC#N)(<-N=1[O])(<-N([O])=C(C)C(C)=N->2O)<-n1cccc(N=Cc2cc(Cl)ccc2O)c1,CC1=C(C)[N-](O)->[Co+3]2(<-[CH2-]CC#N)(<-N1=O)(<-N(=O)C(C)=C(C)[N-]->2O)<-n1cccc(N=Cc2cc(Cl)ccc2O)c1,CC1=C(C)[N-](O)->[Co+3]2(<-[CH2-]CC#N)(<-N1=O)(<-N(=O)C(C)=C(C)[N-]->2O)<-n1cccc(N=Cc2cc(Cl)ccc2O)c1
AQIWAZ,Cc1cc(C)n2[O-]->[Ru+2]3(<-[Br-])(<-[C-]#[O+])(<-[C-]#[O+])<-[C]4N(Cc5ccccc5)C=C/[N+]4=c4\ccc1-c2n->34,C22 H20 Br1 N4 O3 Ru1 1+,1.0,Cc1cc(C)c2ccc3N4C=CN(Cc5ccccc5)[C]4->[Ru+2](<-O)(<-[Br-])(<-[C-]#[O+])(<-[C-]#[O+])<-n3c2n1,Cc1cc(C)c2ccc3N4C=CN(Cc5ccccc5)[C]4->[Ru+4](<-[O-2])(<-[Br-])(<-[C-]#[O+])(<-[C-]#[O+])<-n3c2n1,Cc1cc(C)n2[O-]->[Ru+2]3(<-[Br-])(<-[C-]#[O+])(<-[C-]#[O+])<-[C]4N(Cc5ccccc5)C=C[N+]4=c4ccc1-c2n->34
AQOWUY,COc1ccc(/C=C/[C](OC)->[Rh+]234(<-[C-]#[O+])<-C5=C->2/CC/C->3=C->4\CC\5)cc1,C20 H24 O3 Rh1 1+,1.0,COc1ccc(C=C[C-2](OC)->[Rh+3]234(<-[C-]#[O+])<-C5=C->2CCC->3=C->4CC5)cc1,COc1ccc(C=C[C](OC)->[Rh+]234(<-[C-]#[O+])<-C5=C->2CCC->3=C->4CC5)cc1,COc1ccc(C=C[C](OC)->[Rh+]234(<-[C-]#[O+])<-C5=C->2CCC->3=C->4CC5)cc1
ARAFAC,[O-2]->[V+5]123(<-[O-]/C(=N\N->1=C\c1ccccc1[O-]->2)c1ccccc1Br)<-[O-]c1cccc2cccn->3c12,C23 H15 Br1 N3 O4 V1,0.0,[O-2]->[V+5]123(<-[O-]C(=NN->1=Cc1ccccc1[O-]->2)c1ccccc1Br)<-[O-]c1cccc2cccn->3c12,[O-2]->[V+5]123(<-[O-]C(=NN->1=Cc1ccccc1[O-]->2)c1ccccc1Br)<-[O-]c1cccc2cccn->3c12,[O-2]->[V+5]123(<-[O-]C(=NN->1=Cc1ccccc1[O-]->2)c1ccccc1Br)<-[O-]c1cccc2cccn->3c12
AREPUK,,C28 H53 N1 Os1 P2,0.0,Cc1cc2ccc[c-]3->[OsH3+](<-n(c1)c23)(<-P(C(C)C)(C(C)C)C(C)C)<-P(C(C)C)(C(C)C)C(C)C,Cc1cc2ccc[c-]3->[OsH3+](<-n(c1)c23)(<-P(C(C)C)(C(C)C)C(C)C)<-P(C(C)C)(C(C)C)C(C)C,Cc1cc2ccc[c-]3->[OsH3+](<-n(c1)c23)(<-P(C(C)C)(C(C)C)C(C)C)<-P(C(C)C)(C(C)C)C(C)C
ARIMUJ,C/C1=C(\C)[N-]2OCC[CH2-]->[Co+3]<-23(<-O)(<-N1=O)<-N(/O)=C(C)\C(C)=N->3\O,C11 H22 Co1 N4 O5 1+,1.0,CC1C(C)=N2OCC[CH2-]->[Co+2]<-23(<-O)(<-N=1[O])<-N(O)=C(C)C(C)=N->3O,CC1=C(C)[N-]2OCC[CH2-]->[Co+3]<-23(<-O)(<-N1=O)<-N(O)=C(C)C(C)=N->3O,CC1=C(C)[N-]2OCC[CH2-]->[Co+3]<-23(<-O)(<-N1=O)<-N(O)=C(C)C(C)=N->3O
AROJIA,Fc1c(F)c(F)c([B-]2([O-]->[Ti+4]3456789%10(<-Fc%11c(F)c(F)c(F)c(F)c%112)(<-c2c->3c->4[cH-]->5c->62)<-c2c->7c->8[cH-]->9c->%102)c2c(F)c(F)c(F)c(F)c2F)c(F)c1F,C28 H11 B1 F15 O1 Ti1,0.0,Fc1c(F)c(F)c([B-]2(O->[Ti+3]3456789%10(<-Fc%11c(F)c(F)c(F)c(F)c%112)(<-c2c->3c->4[cH-]->5c->62)<-c2c->7c->8[cH-]->9c->%102)c2c(F)c(F)c(F)c(F)c2F)c(F)c1F,Fc1c(F)c(F)c([B-]([O-]->[Ti+4]23456789(<-c%10c->2c->3[cH-]->4c->5%10)<-c2c->6c->7[cH-]->8c->92)(c2c(F)c(F)c(F)c(F)c2F)c2c(F)c(F)c(F)c(F)c2F)c(F)c1F,Fc1c(F)c(F)c([B-]([O-]->[Ti+4]23456789(<-c%10c->2c->3[cH-]->4c->5%10)<-c2c->6c->7[cH-]->8c->92)(c2c(F)c(F)c(F)c(F)c2F)c2c(F)c(F)c(F)c(F)c2F)c(F)c1F
ARUVEP,Cc1cc(C)n2->[Nb+3]345(<-[C-](/C)=[C-]->3/C)(<-C3=C->4C3)(<-n3ccccc3)<-n3c(C)cc(C)n3[BH-](n12)n1c(C)cc(C)n->51,C27 H37 B1 N7 Nb1,0.0,Cc1cc(C)n2->[Nb+3]345(<-C(C)=C->3C)(<-[CH-]3C[CH-]->43)(<-n3ccccc3)<-n3c(C)cc(C)n3[BH-](n12)n1c(C)cc(C)n->51,Cc1cc(C)n2->[Nb+]345(<-C(C)#C->3C)(<-C3=C->4C3)(<-n3ccccc3)<-n3c(C)cc(C)n3[BH-](n12)n1c(C)cc(C)n->51,Cc1cc(C)n2->[Nb+3]345(<-C(C)#C->3C)(<-[CH-]3C[CH-]->43)(<-n3ccccc3)<-n3c(C)cc(C)n3[BH-](n12)n1c(C)cc(C)n->51
ASAMOW,,C33 H24 Cl1 N4 O3 Re1,0.0,[O+]#[C-]->[Re+]1(<-[Cl-])(<-[C-]#[O+])(<-[C-]#[O+])<-N(=C2C=C(Nc3ccccc3)C(Nc3ccccc3)=CC2=N->1c1ccccc1)c1ccccc1,[O+]#[C-]->[Re+]1(<-[Cl-])(<-[C-]#[O+])(<-[C-]#[O+])<-N(=C2C=C(Nc3ccccc3)C(Nc3ccccc3)=CC2=N->1c1ccccc1)c1ccccc1,[O+]#[C-]->[Re+]1(<-[Cl-])(<-[C-]#[O+])(<-[C-]#[O+])<-N(=C2C=C(Nc3ccccc3)C(Nc3ccccc3)=CC2=N->1c1ccccc1)c1ccccc1
ASAVEW,,C24 H42 Ag1 N3 O4 S2,0.0,CC1(C)CCCC(C)(C)N1->[Ag+](<-[N-]1S(=O)(=O)c2ccccc2S1(=O)=O)<-N1C(C)(C)CCCC1(C)C,CC1(C)CCCC(C)(C)N1->[Ag+](<-[N-]1S(=O)(=O)c2ccccc2S1(=O)=O)<-N1C(C)(C)CCCC1(C)C,CC1(C)CCCC(C)(C)N1->[Ag+3]1(<-[O-]S23(=O)c4ccccc4S2(=O)([O-])[N-]->13)<-N1C(C)(C)CCCC1(C)C
ASIKET,Cc1ccc([S@](=O)[CH-]2[CH-]3C45->[Fe+2]<-2<-3(<-[C-]#[O+])(<-[C-]#[O+])(<-[C-]#[O+])<-C=4[C@]2(CCCCO2)OCC5)cc1,C21 H22 Fe1 O6 S1,0.0,fail,Cc1ccc(S(=O)C2=C3C45->[Fe]<-2<-3(<-[C-]#[O+])(<-[C-]#[O+])(<-[C-]#[O+])<-C=4C2(CCCCO2)OCC5)cc1,Cc1ccc(S(=O)C2=C3C45->[Fe]<-2<-3(<-[C-]#[O+])(<-[C-]#[O+])(<-[C-]#[O+])<-C=4C2(CCCCO2)OCC5)cc1
ASOZEP,CC1=O->[Zn+2]23(<-O=C(C)[O-]->2)(<-[O-]1)<-n1ccccc1C(=C(c1ccccc1)c1ccccc1)c1ccccn->31,C28 H24 N2 O4 Zn1,0.0,fail,CC(=O)[O-]->[Zn+2]12(<-O=C(C)[O-]->1)<-n1ccccc1C(=C(c1ccccc1)c1ccccc1)c1ccccn->21,CC12=O->[Zn+2]<-1345(<-O=C->3(C)[O-]->4)(<-[O-]2)<-n1ccccc1C(=C(c1ccccc1)c1ccccc1)c1ccccn->51
ATAGOS,,C26 H46 P2 Pd1 Si4,0.0,CCP1(CC)CCP(CC)(CC)->[Pd+2]<-12<-[Si-](C)(C)c1ccccc1[Si-]->21[SiH2]c2ccccc2[Si]1(C)C,CCP1(CC)CCP(CC)(CC)->[Pd]<-12<-[Si](C)(C)=c1ccccc1=[Si]->21[SiH2]c2ccccc2[Si]1(C)C,CCP1(CC)CCP(CC)(CC)->[Pd]<-12<-[Si](C)(C)=c1ccccc1=[Si]->21[SiH2]c2ccccc2[Si]1(C)C
ATEFEL,Cc1ccn(->[Pd+2]23(<-[Cl-])<-NC(C)(C)Cc4ccccc4C[CH-]->2C->3(C)=O)cc1,C20 H27 Cl1 N2 O1 Pd1,0.0,CC(=O)[CH-]1Cc2ccccc2CC(C)(C)N->[Pd+2]<-1(<-[Cl-])<-n1ccc(C)cc1,CC(=O)[CH-]1Cc2ccccc2CC(C)(C)N->[Pd+2]<-1(<-[Cl-])<-n1ccc(C)cc1,Cc1ccn(->[Pd+2]23(<-[Cl-])<-NC(C)(C)Cc4ccccc4C[CH-]->2C->3(C)=O)cc1
ATIHUG,COC12->[Pd+2]34(<-O=C(/C(c5ccccc5)=N->3/c3c(C(C)C)cccc3C(C)C)c3ccccc3)<-C=1CC[CH-]->4CCC2,C35 H42 N1 O2 Pd1 1+,1.0,COC12->[Pd+2]34(<-O=C(C(c5ccccc5)=N->3c3c(C(C)C)cccc3C(C)C)c3ccccc3)<-C=1CC[CH-]->4CCC2,COC12->[Pd+4]34(<-[O-]C(=C(c5ccccc5)[N-]->3c3c(C(C)C)cccc3C(C)C)c3ccccc3)<-C=1CC[CH-]->4CCC2,COC12->[Pd+4]34(<-[O-]C(=C(c5ccccc5)[N-]->3c3c(C(C)C)cccc3C(C)C)c3ccccc3)<-C=1CC[CH-]->4CCC2
ATODIY,CCCCCCC1(CCCCCC)c2cccn3->[Pd+2](<-[Cl-])(<-[Cl-])<-n4cccc1c4-c23,C23 H32 Cl2 N2 Pd1,0.0,CCCCCCC1(CCCCCC)c2cccn3->[Pd+2](<-[Cl-])(<-[Cl-])<-n4cccc1c4-c23,CCCCCCC1(CCCCCC)c2cccn3->[Pd+2](<-[Cl-])(<-[Cl-])<-n4cccc1c4-c23,CCCCCCC1(CCCCCC)c2cccn3->[Pd+2](<-[Cl-])(<-[Cl-])<-n4cccc1c4-c23
ATOZIU,C1\c2ccccn2->[Co+3]23456(<-[O-]/C(c7ccc8c(c7)OCCO8)=N->2\N->3=1)<-[O-]/C(c1ccc2c(c1)OCCO2)=N->4\N->5=C\c1ccccn->61,C30 H24 Co1 N6 O6 1+,1.0,C1c2ccccn2->[Co+3]234(<-[O-]C(=NN->2=1)c1ccc2c(c1)OCCO2)<-[O-]C(=NN->3=Cc1ccccn->41)c1ccc2c(c1)OCCO2,C1c2ccccn2->[Co+3]234(<-[O-]C(=NN->2=1)c1ccc2c(c1)OCCO2)<-[O-]C(=NN->3=Cc1ccccn->41)c1ccc2c(c1)OCCO2,C1c2ccccn2->[Co+3]234(<-[O-]C(=NN->2=1)c1ccc2c(c1)OCCO2)<-[O-]C(=NN->3=Cc1ccccn->41)c1ccc2c(c1)OCCO2
ATUROX,,C32 H40 Cl2 Zr1,0.0,Cc1c(C)c(C)c23->[Zr+4]456789%10%11(<-[Cl-])(<-[Cl-])<-c%12(C)c->4(C)c->54c(C)c(C)c(C)c(C)[c-]->64c->7%12CCc->82[c-]->9(C)c->%10(C)c->%113c1C,Cc1c(C)c(C)c23->[Zr+4]456789%10%11(<-[Cl-])(<-[Cl-])<-c(C)(c->4(C)[c-]->52CC[c-]->62c->7(C)c->8(C)c->94c(C)c(C)c(C)c(C)c->%1042)c->%113c1C,Cc1c(C)c(C)c23->[Zr+4]456789%10%11(<-[Cl-])(<-[Cl-])<-c(C)(c->4(C)[c-]->52CC[c-]->62c->7(C)c->8(C)c->94c(C)c(C)c(C)c(C)c->%1042)c->%113c1C
AVAMEQ,Cc1cccc(C)c1/N=[C-]1/N(C(=N->[Pd@+2]<-1(<-[Cl-])<-[C-]#[N+]c1c(C)cccc1C)c1ccccc1)c1ccccc1,C31 H29 Cl1 N4 Pd1,0.0,Cc1cccc(C)c1N=[C]1N(C(=N->[Pd+]<-1(<-[Cl-])<-[C-]#[N+]c1c(C)cccc1C)c1ccccc1)c1ccccc1,Cc1cccc(C)c1N=[C-]1N(C(=N->[Pd+2]<-1(<-[Cl-])<-[C-]#[N+]c1c(C)cccc1C)c1ccccc1)c1ccccc1,Cc1cccc(C)c1N=[C-]1N(C(=N->[Pd+2]<-1(<-[Cl-])<-[C-]#[N+]c1c(C)cccc1C)c1ccccc1)c1ccccc1
AVESUP,[Br-]->[Hg+2]1234<-n5c6ccc7ccc8ccc(n->1c8c75)CN->2CCN->3CCN->4C6,C18 H21 Br1 Hg1 N5 1+,1.0,[Br-]->[Hg+2]1234<-n5c6ccc7ccc8ccc(n->1c8c75)CN->2CCN->3CCN->4C6,[Br-]->[Hg+2]12<-n3c4ccc5ccc6ccc(n->1c6c53)CNCCN->2CCNC4,[Br-]->[Hg+2]1<-n2c3ccc4ccc5ccc(n->1c5c42)CNCCNCCNC3
AVINAW,,C21 H41 N3 Ni1 P2,0.0,CC(C)(C)P1(N=c2cccc3NP(->[NiH+]<-1<-[n-]32)(C(C)(C)C)C(C)(C)C)C(C)(C)C,CC(C)(C)P1(N=c2cccc3NP(->[NiH+]<-1<-[n-]32)(C(C)(C)C)C(C)(C)C)C(C)(C)C,CC(C)(C)P1(N=c2cccc3NP(->[NiH+]<-1<-[n-]32)(C(C)(C)C)C(C)(C)C)C(C)(C)C
AVODOF,CC(C)N(CCN(->[Cu+]<-[Cl-])=C1N(C)CCN1C)C(C)C,C13 H28 Cl1 Cu1 N4,0.0,CC(C)N1(CCN(=C2N(C)CCN2C)->[Cu+]<-1<-[Cl-])C(C)C,CC(C)N1(CCN(=C2N(C)CCN2C)->[Cu+]<-1<-[Cl-])C(C)C,CC(C)N1(CCN(=C2N(C)CCN2C)->[Cu+]<-1<-[Cl-])C(C)C
AVUJOS,CCCCn1c2ccccc2c2cc([N+]#[C-]->[Au+]<-[c-]3c(F)c(F)c(F)c(F)c3F)ccc21,C23 H16 Au1 F5 N2,0.0,CCCCn1c2ccccc2c2cc([N+]#[C-]->[Au+]<-[c-]3c(F)c(F)c(F)c(F)c3F)ccc21,CCCC[n+]1c2ccc([N+]#[C-]->[Au+]<-[c-]3c(F)c(F)c(F)c(F)c3F)cc2[c-]2ccccc21,CCCC[n+]1c2ccc([N+]#[C-]->[Au+]<-[c-]3c(F)c(F)c(F)c(F)c3F)cc2[c-]2ccccc21
AWIGES,,C28 H29 Cl2 Mn1 N4 O1 1+,1.0,O->[Mn+2]12(<-[Cl-])(<-[Cl-])<-n3c(C[NH2+]Cc4ccccc4)ccc4ccc5ccc(CN->1Cc1ccccc1)n->2c5c43,[O-2]->[Mn+7]12(<-[Cl-])(<-[Cl-])<-n3c(C[N-]Cc4ccccc4)ccc4ccc5ccc(C[N-]->1Cc1ccccc1)n->2c5c43,Cl.[O-2]->[Mn+5]12(<-[Cl-])<-n3c(CN=Cc4ccccc4)ccc4ccc5ccc(n->1c5c43)C[N-]->2Cc1ccccc1
AXACIL,Cc1cc(C)n2->[La+3]3(<-[Cl-])(<-[Cl-])(<-n4ccccc4-c4ccccn4)<-n4c(C)cc(C)n4[BH-](n12)n1c(C)cc(C)n->31,C25 H30 B1 Cl2 La1 N8,0.0,Cc1cc(C)[n-]2->[La+3]34(<-[Cl-])(<-[Cl-])(<-n5ccccc5-c5ccccn->35)<-[n-]3c(C)cc(C)[n+]3[BH-]([n+]12)[n+]1c(C)cc(C)[n-]->41,CC1CC(C)N2N1[BH-]1N3C(C)CC(C)N3[La+2]23(<-[Cl-])(<-[Cl-])(N2CCCCC2C2CCCCN23)N2C(C)CC(C)N12,CC1CC(C)N2N1[BH-]1N3C(C)CC(C)N3[La+2]23(<-[Cl-])(<-[Cl-])(N2CCCCC2C2CCCCN23)N2C(C)CC(C)N12
AXEHEQ,,C26 H16 Cl4 N2 Ni1 S2,0.0,fail,Clc1ccc(C2C(c3ccc(Cl)cc3Cl)[N-]3c4ccccc4[S-]->[Ni+2]<-34<-S=C3C=CC=CC3=N->42)c(Cl)c1,Clc1ccc(C2C(c3ccc(Cl)cc3Cl)[N-]3c4ccccc4[S-]->[Ni+2]<-34<-S=C3C=CC=CC3=N->42)c(Cl)c1
AXIJAS,O=[N+]1[O-]->[Zn@TB18+2]23(<-[O-]1)<-OCCOCCN(Cc1ccccn->21)Cc1ccccn->31,C16 H21 N4 O5 Zn1 1+,1.0,O=[N+]([O-])[O-]->[Zn+2]1234<-OCCO->1CCN->2(Cc1ccccn->31)Cc1ccccn->41,O=[N+]([O-])[O-]->[Zn+2]1234<-OCCO->1CCN->2(Cc1ccccn->31)Cc1ccccn->41,O=[N+]1[O-]->[Zn+2]234(<-[O-]1)<-OCCOCCN->2(Cc1ccccn->31)Cc1ccccn->41
AXIXOU,COc1cc2-n3ccc4cccn(->[Re+]5(<-[C-]#[O+])(<-[C-]#[O+])(<-[C-]#[O+])<-[c-]2c(-n2ccc6cccn->5c62)c1)c43,C24 H15 N4 O4 Re1,0.0,COc1cc2-[n+]3ccc4ccc[n-](->[Re+]5(<-[C-]#[O+])(<-[C-]#[O+])(<-[C-]#[O+])<-[c-]2c(-[n+]2ccc6ccc[n-]->5c2-6)c1)c3-4,COc1cc2-n3ccc4cccn(->[Re+]5(<-[C-]#[O+])(<-[C-]#[O+])(<-[C-]#[O+])<-[c-]2c(-n2ccc6cccn->5c62)c1)c43,COc1cc2-n3ccc4cccn(->[Re+]5(<-[C-]#[O+])(<-[C-]#[O+])(<-[C-]#[O+])<-[c-]2c(-n2ccc6cccn->5c62)c1)c43
AXOMOP,[Cl-]->[La+3](<-O1CCC[C@@H]1C[c-]1ccc2ccccc21)<-O1CCC[C@@H]1C[c-]1ccc2ccccc21,C28 H30 Cl1 La1 O2,0.0,[Cl-]->[La+11]123456789%10(<-[C-]%11=[C-]->1[C-]->2(CC1CCCO->31)[C-]->41C=CC=C[C-]->5%111)<-[C-]1=[C-]->6[C-]->7(CC2CCCO->82)[C-]->92C=CC=C[C-]->%1012,[Cl-]->[La+]123456789%10(<-C%11C->1C->2(CC1CCCO->31)C->41CCCCC->5%111)<-C1C->6C->7(CC2CCCO->82)C->92CCCCC->%1012,[Cl-]->[La+]123456789%10(<-C%11C->1C->2(CC1CCCO->31)C->41CCCCC->5%111)<-C1C->6C->7(CC2CCCO->82)C->92CCCCC->%1012
AXUFOQ,,C28 H28 Hg1 I2 N10 O4,0.0,Cc1nc2c(nc1C1(C)CC3c4c(C)nc5c6c(=O->[Hg+2](<-[I-])(<-[I-])(<-N=3c3ccccc3N1)<-n46)n(C)c(=O)n5C)c(=O)n(C)c(=O)n2C,Cc1nc2c(nc1C1(C)CC(c3c(C)nc4c(c(=O)n(C)c(=O)n4C)n3->[Hg+2](<-[I-])<-[I-])=Nc3ccccc3N1)c(=O)n(C)c(=O)n2C,Cc1nc2c(nc1C1=Nc3ccccc3NC(C)(c3nc4c(=O)n(C)c(=O)n(C)c4nc3C)C1)c(=O)n(C)c(=O)n2C.[I-]->[Hg+2]<-[I-]
AYACUY,N#[N+][N-2]->[Ni@OH2+2]12<-S=C(N=N->1/C(=C1/C=CC=C[N-]->21)c1ccccn1)N1CCCC1,C16 H16 N8 Ni1 S1,0.0,[N-]=[N+]=[N-]->[Ni+2]12<-[S-]C(=NN->1=C(c1ccccn1)c1ccccn->21)N1CCCC1,N#[N+][N-2]->[Ni+2]12<-S=C(N=N->1C(=C1C=CC=C[N-]->21)c1ccccn1)N1CCCC1,N#[N+][N-2]->[Ni+2]12<-S=C(N=N->1C(=C1C=CC=C[N-]->21)c1ccccn1)N1CCCC1
AYEMEW,[I-]->[Pd+2](<-[I-])(<-[C]1Nc2ccccc2O1)<-P(c1ccccc1)(c1ccccc1)c1ccccc1,C25 H20 I2 N1 O1 P1 Pd1,0.0,fail,[I-]->[Pd+2](<-[I-])(<-[C]1Nc2ccccc2O1)<-P(c1ccccc1)(c1ccccc1)c1ccccc1,[I-]->[Pd+2](<-[I-])(<-[C]1Nc2ccccc2O1)<-P(c1ccccc1)(c1ccccc1)c1ccccc1
AYOCUN,,C18 H13 Cl1 N2 O2 Zn1,0.0,[Cl-]->[Zn+2]12(<-[O-]c3cccc4cccn->1c34)<-Oc1cccc3cccn->2c13,[Cl-]->[Zn+2]12(<-[O-]c3cccc4cccn->1c34)<-Oc1cccc3cccn->2c13,Oc1cccc2cccn(->[Zn+2]3(<-[Cl-])<-[O-]c4cccc5cccn->3c45)c12
AYUCAA,CC[N-](CC)->[Hf+4]123<-[N-](CCN->1(CC[N-]->2c1ccccc1SC)CC[N-]->3c1ccccc1SC)c1ccccc1SC,C31 H43 Hf1 N5 S3,0.0,CC[N-](CC)->[Hf+4]12345<-[N-](CCN->1(CC[N-]->2c1ccccc1S->3C)CC[N-]->4c1ccccc1S->5C)c1ccccc1SC,CC[N-](CC)->[Hf+4]12345<-[N-](CCN->1(CC[N-]->2c1ccccc1S->3C)CC[N-]->4c1ccccc1S->5C)c1ccccc1SC,CC[N-](CC)->[Hf+4]12345<-[N-](CCN->1(CC[N-]->2c1ccccc1S->3C)CC[N-]->4c1ccccc1S->5C)c1ccccc1SC
AZAQAV,Cc1cc(C)cc(/N2=C3C(=N(/c4cc(C)cc(C)c4)->[Pd+2]<-2(<-[Cl-])<-[Cl-])/c2cccc4cccc/3c24)c1,C28 H24 Cl2 N2 Pd1,0.0,Cc1cc(C)cc(N2=C3C(=N(c4cc(C)cc(C)c4)->[Pd+2]<-2(<-[Cl-])<-[Cl-])c2cccc4cccc3c24)c1,Cc1cc(C)cc([N-]2C3=C([N-](c4cc(C)cc(C)c4)->[Pd+4]<-2(<-[Cl-])<-[Cl-])c2cccc4cccc3c24)c1,Cc1cc(C)cc([N-]2C3=C([N-](c4cc(C)cc(C)c4)->[Pd+4]<-2(<-[Cl-])<-[Cl-])c2cccc4cccc3c24)c1
AZEYUA,CC(C)(C)[CH2-]->[Ta+5]1234(<-[CH2-]C(C)(C)C)(<-[N-2]C(C)(C)C)<-c5(C)c->1(C)c->2(C)[c-]->3(C)c->45C,C24 H46 N1 Ta1,0.0,CC(C)(C)[CH2-]->[Ta+5]1234(<-[CH2-]C(C)(C)C)(<-[N-2]C(C)(C)C)<-c5(C)c->1(C)c->2(C)[c-]->3(C)c->45C,CC(C)(C)[CH2-]->[Ta+5]1234(<-[CH2-]C(C)(C)C)(<-[N-2]C(C)(C)C)<-c5(C)c->1(C)c->2(C)[c-]->3(C)c->45C,Cc1c(C)c(C)[c-](C)(->[Ta+5](<-[CH2-]C(C)(C)C)(<-[CH2-]C(C)(C)C)<-[N-2]C(C)(C)C)c1C
AZIXIS,CN1C=CN2c3cccc4OP(c5ccccc5)(c5ccccc5)->[Ni@TB5+2](<-[Br-])(<-[C]12)<-[c-]43,C22 H18 Br1 N2 Ni1 O1 P1,0.0,CN1C=CN2c3cccc4OP(c5ccccc5)(c5ccccc5)->[Ni+2](<-[Br-])(<-[C]12)<-[c-]43,CN1C=CN2c3cccc4OP(c5ccccc5)(c5ccccc5)->[Ni+2](<-[Br-])(<-[C]12)<-[c-]43,CN1C=CN2c3cccc4OP(c5ccccc5)(c5ccccc5)->[Ni+2](<-[Br-])(<-[C]12)<-[c-]43
BABNAV,CC#N->[Cu+](<-P(c1ccccc1)(c1ccccc1)c1ccccc1OC)<-P(c1ccccc1)(c1ccccc1)c1ccccc1OC,C40 H37 Cu1 N1 O2 P2 1+,1.0,CC#N->[Cu+](<-P(c1ccccc1)(c1ccccc1)c1ccccc1OC)<-P(c1ccccc1)(c1ccccc1)c1ccccc1OC,CC#N->[Cu+](<-P(c1ccccc1)(c1ccccc1)c1ccccc1OC)<-P(c1ccccc1)(c1ccccc1)c1ccccc1OC,CC#N->[Cu+](<-P(c1ccccc1)(c1ccccc1)c1ccccc1OC)<-P(c1ccccc1)(c1ccccc1)c1ccccc1OC
BACCEP,COC(=O)C1#C(C(=O)OC)->[Ru+4]<-12345(<-[Cl-])<-[CH-]1[C-]->2(C(C)(C)C)[C+]->3(CC(C)(C)C)[C-]->4(C(C)(C)C)[C-]->51OC,C25 H39 Cl1 O5 Ru1,0.0,COC(=O)C1#C(C(=O)OC)->[Ru+2]<-12345(<-[Cl-])<-[cH-]1c->2(OC)c->3(C(C)(C)C)c->4(CC(C)(C)C)c->51C(C)(C)C,COC(=O)C1#C(C(=O)OC)->[Ru+2]<-12345(<-[Cl-])<-c1c->2(C(C)(C)C)c->3(CC(C)(C)C)c->4(C(C)(C)C)[c-]->51OC,COC(=O)C1#C(C(=O)OC)->[Ru+2]<-12345(<-[Cl-])<-c1c->2(C(C)(C)C)c->3(CC(C)(C)C)c->4(C(C)(C)C)[c-]->51OC
BACTEH,[Cl-]->[Au+]<-P(C1=CC2=P(c3ccccc3)(c3ccccc3)P=P(c3ccccc3)(c3ccccc3)C2=C1)(c1ccccc1)c1ccccc1,C41 H32 Au1 Cl1 P4,0.0,[Cl-]->[Au+]<-P(C1=CC2=P(c3ccccc3)(c3ccccc3)[P-][P+](c3ccccc3)(c3ccccc3)C2=C1)(c1ccccc1)c1ccccc1,[Cl-]->[Au+]<-P(C1=CC2=P(c3ccccc3)(c3ccccc3)P=P(c3ccccc3)(c3ccccc3)C2=C1)(c1ccccc1)c1ccccc1,[Cl-]->[Au+]<-P(C1=CC2=P(c3ccccc3)(c3ccccc3)P=P(c3ccccc3)(c3ccccc3)C2=C1)(c1ccccc1)c1ccccc1
BADCOA,,C13 H19 N5 Ni1 O1 S2,0.0,CC1c2ccccn2->[Ni+2]2(<-O)(<-[N-]=C=S)(<-[N-]=C=S)<-N=1CCCN->2C,CC1c2ccccn2->[Ni+2]2(<-O)(<-[N-]=C=S)(<-[N-]=C=S)<-N=1CCCN->2C,CC1c2ccccn2->[Ni+2]2(<-O)(<-[N-]=C=S)(<-[N-]=C=S)<-N=1CCCN->2C
BADQAB,CC1(C)CO/C2=C3\C=CC=CC3=S->[W+4]3(<-[O-2])(<-S=C4C=CC=C/C4=C4\OCC(C)(C)[N-]->34)<-[N-]21,C22 H24 N2 O3 S2 W1,0.0,fail,CC1(C)COC2=C3C=CC=CC3=S->[W+4]3(<-[O-2])(<-S=C4C=CC=CC4=C4OCC(C)(C)[N-]->34)<-[N-]21,CC1(C)COC2=C3C=CC=CC3=S->[W+4]3(<-[O-2])(<-S=C4C=CC=CC4=C4OCC(C)(C)[N-]->34)<-[N-]21
BAFLUS,,C23 H21 Mn1 O5 P1 1-,-1.0,CC(C)(C)OP1(=O)C2(c3ccccc3)->[Mn-]34(<-[C-]#[O+])(<-[C-]#[O+])(<-[C-]#[O+])<-C=2C->3=C->41c1ccccc1,CC(C)(C)OP1(=O)C2(c3ccccc3)->[Mn-]34(<-[C-]#[O+])(<-[C-]#[O+])(<-[C-]#[O+])<-C=2C->3=C->41c1ccccc1,CC(C)(C)OP1(=O)C2(c3ccccc3)->[Mn-]34(<-[C-]#[O+])(<-[C-]#[O+])(<-[C-]#[O+])<-C=2C->3=C->41c1ccccc1
BAGTAH,Cc1n(Cn2nnc3ccccc32)c2ccccc2n1->[Hg+2](<-[Br-])(<-[Br-])<-n1c(C)n(Cn2nnc3ccccc32)c2ccccc21,C30 H26 Br2 Hg1 N10,0.0,Cc1n(Cn2nnc3ccccc32)c2ccccc2n1->[Hg+2](<-[Br-])(<-[Br-])<-n1c(C)n(Cn2nnc3ccccc32)c2ccccc21,Cc1n(Cn2nnc3ccccc32)c2ccccc2n1->[Hg+2](<-[Br-])(<-[Br-])<-n1c(C)n(Cn2nnc3ccccc32)c2ccccc21,Cc1nc2ccccc2n1Cn1nnc2ccccc21.Cc1nc2ccccc2n1Cn1nnc2ccccc21.[Br-]->[Hg+2]<-[Br-]
BAJHEB,Cc1ccc(N2C[C@H](C(C)C)N3->[Pd@OH7+2]4(<-[Cl-])<-[c-]5c(NP->4(c4ccccc4)c4ccccc4)cccc5C=32)cc1,C31 H31 Cl1 N3 P1 Pd1,0.0,Cc1ccc(N2CC(C(C)C)N3->[Pd+2]4(<-[Cl-])<-[c-]5c(NP->4(c4ccccc4)c4ccccc4)cccc5C=32)cc1,Cc1ccc(N2CC(C(C)C)N3->[Pd+2]4(<-[Cl-])<-[c-]5c(NP->4(c4ccccc4)c4ccccc4)cccc5C=32)cc1,Cc1ccc(N2CC(C(C)C)N3->[Pd+2]4(<-[Cl-])<-[c-]5c(NP->4(c4ccccc4)c4ccccc4)cccc5C=32)cc1
BAJVUE,,C28 H40 Cl1 N3 Ni1 O1,0.0,CCC1=C(CC)C(C)=N2->[Ni+2]3(<-O)(<-[Cl-])<-N4=C(C)C(CC)=C(CC)C4=Cc4c(CC)c(CC)c(C=C12)[n-]->34,CCC1=C(CC)C(C)=N2->[Ni+2]3(<-O)(<-[Cl-])<-N4=C(C=C12)C(CC)=C(CC)C4=Cc1c(CC)c(CC)c(C)[n-]->31,CCC1=C(CC)C(C)=N2->[Ni+2]3(<-[Cl-])<-N4=C(C=C12)C(CC)=C(CC)C4=Cc1c(CC)c(CC)c(C)[n-]->31.O
BAKNEI,,C16 H15 Co1 N4 O8 1-,-1.0,O=C([O-])c1cccn2->[Co+2]34(<-NCCN->3)(<-[O-]C(=O)c12)<-[O-]C(=O)c1c(C(=O)O)cccn->41,O=C([O-])c1cccn2->[Co+3]34(<-NCCN->3)(<-[O-]C(=O)c12)<-[O-]C(=O)c1c(C(=O)[O-])cccn->41,O=C([O-])c1cccn2->[Co+3]34(<-NCCN->3)(<-[O-]C(=O)c12)<-[O-]C(=O)c1c(C(=O)[O-])cccn->41
BALVUF,C1CC[P@]23=C(->[Ni+2]4(<-C5=[P@]6(CCCC5)CCCC[CH-]->46)<-[CH-]2CCCC3)C1,C20 H36 Ni1 P2,0.0,C1CC[P+]23CCCC[CH-]2->[Ni+2]2(<-[CH-]3C1)<-[CH-]1CCCC[P+]13CCCC[CH-]->23,C1CCP23=C(->[Ni+2]4(<-C5=P6(CCCC5)CCCC[CH-]->46)<-[CH-]2CCCC3)C1,C1CCP23=C(->[Ni+2]4(<-C5=P6(CCCC5)CCCC[CH-]->46)<-[CH-]2CCCC3)C1
BAMYEU,c1ccc(/N2=N/c3ccccn3->[Re+]<-234(<-N(=N\c2ccccn->32)/c2ccccc2)<-N(=N\c2ccccn->42)/c2ccccc2)cc1,C33 H27 N9 Re1 1+,1.0,c1ccc(N2=Nc3ccccn3->[Re+]<-234(<-N(=Nc2ccccn->32)c2ccccc2)<-N(=Nc2ccccn->42)c2ccccc2)cc1,c1ccc([N-]2N=c3cccc[n-]3->[Re+7]<-234(<-[N-](N=c2cccc[n-]->32)c2ccccc2)<-[N-](N=c2cccc[n-]->42)c2ccccc2)cc1,c1ccc([N-]2N=c3cccc[n-]3->[Re+7]<-234(<-[N-](N=c2cccc[n-]->32)c2ccccc2)<-[N-](N=c2cccc[n-]->42)c2ccccc2)cc1
BAPKIM,,C14 H21 Co1 N6 O6,0.0,CC1C(C)=N(O)->[Co+]2(<-[CH2-][N+](=O)[O-])(<-N=1[O])(<-N([O])=C(C)C(C)=N->2O)<-n1ccccc1,CC1=C(C)[N-](O)->[Co+3]2(<-[CH2-][N+](=O)[O-])(<-N1=O)(<-N(=O)C(C)=C(C)[N-]->2O)<-n1ccccc1,CC1=C(C)[N-](O)->[Co+3]2(<-[CH2-][N+](=O)[O-])(<-N1=O)(<-N(=O)C(C)=C(C)[N-]->2O)<-n1ccccc1
BAQSER,COC(C)=[N-]->[Pd+4](<-[N-]=C(C)OC)(<-[c-]1c(F)c(F)c(F)c(F)c1F)<-[c-]1c(F)c(F)c(F)c(F)c1F,C18 H14 F10 N2 O2 Pd1,0.0,COC(C)=N->[Pd+2](<-N=C(C)OC)(<-[c-]1c(F)c(F)c(F)c(F)c1F)<-[c-]1c(F)c(F)c(F)c(F)c1F,COC(C)=[N-]->[Pd+4](<-[N-]=C(C)OC)(<-[c-]1c(F)c(F)c(F)c(F)c1F)<-[c-]1c(F)c(F)c(F)c(F)c1F,COC(C)=[N-]->[Pd+4](<-[N-]=C(C)OC)(<-[c-]1c(F)c(F)c(F)c(F)c1F)<-[c-]1c(F)c(F)c(F)c(F)c1F
BARSET,CC(C)(C)P(=[N-]->[Ti+2]1234567(<-C=C->1(C)C->2(C)=C->3)<-c1c->4c->5[cH-]->6c->71)(C(C)(C)C)C(C)(C)C,C23 H42 N1 P1 Ti1,0.0,CC(C)(C)P(=[N-]->[Ti+2]1234567(<-CC->1(C)=C->2(C)C->3)<-c1c->4c->5[cH-]->6c->71)(C(C)(C)C)C(C)(C)C,CC(C)(C)P(=[N-]->[Ti+2]1234567(<-C=C->1(C)C->2(C)=C->3)<-c1c->4c->5[cH-]->6c->71)(C(C)(C)C)C(C)(C)C,CC1=C->[Ti+2]2345(<-C=C1C)(<-[N-]=P(C(C)(C)C)(C(C)(C)C)C(C)(C)C)<-c1c->2c->3[cH-]->4c->51
BASWEZ,[Cl-]->[Au+]<-[C]1CN(Cc2ccccc2)CN1c1ccccc1-c1ccccc1,C22 H20 Au1 Cl1 N2,0.0,[Cl-]->[Au+]<-[C]1CN(Cc2ccccc2)CN1c1ccccc1-c1ccccc1,[Cl-]->[Au+]<-[C]1CN(Cc2ccccc2)CN1c1ccccc1-c1ccccc1,[Cl-]->[Au+]<-[C]1CN(Cc2ccccc2)CN1c1ccccc1-c1ccccc1
BATQAR,COC(=O)c1cccc(C)c1NC(=O)c1ccccn1->[Ni+2](<-[O-][N+](=O)[O-])(<-[O-][N+](=O)[O-])<-n1ccccc1C(=O)Nc1c(C)cccc1C(=O)OC,C30 H28 N6 Ni1 O12,0.0,COC(=O)c1cccc(C)c1NC1=O->[Ni+2]2(<-O=C(Nc3c(C)cccc3C(=O)OC)c3ccccn->23)(<-[O-][N+](=O)[O-])(<-[O-][N+](=O)[O-])<-n2ccccc21,COC(=O)c1cccc(C)c1NC1=O->[Ni+2]2(<-O=C(Nc3c(C)cccc3C(=O)OC)c3ccccn->23)(<-[O-][N+](=O)[O-])(<-[O-][N+](=O)[O-])<-n2ccccc21,COC(=O)c1cccc(C)c1NC(=O)c1ccccn1->[Ni+2](<-[O-][N+](=O)[O-])(<-[O-][N+](=O)[O-])<-n1ccccc1C(=O)Nc1c(C)cccc1C(=O)OC
BAWBAE,,C38 H23 Ir1 N4 O4 S2,0.0,O=C([O-])c1ccn2->[Ir+3]34(<-[c-]5ccccc5-c5sc6ccccc6n->35)(<-[c-]3ccccc3-c3sc5ccccc5n->43)<-n3ccc(C(=O)O)cc3-c2c1,O=C([O-])c1ccn2->[Ir+3]34(<-[c-]5ccccc5-c5sc6ccccc6n->35)(<-[c-]3ccccc3-c3sc5ccccc5n->43)<-n3ccc(C(=O)O)cc3-c2c1,O=C([O-])c1ccn2->[Ir+3]34(<-[c-]5ccccc5-c5sc6ccccc6n->35)(<-[c-]3ccccc3-c3sc5ccccc5n->43)<-n3ccc(C(=O)O)cc3-c2c1
BAWMAP,,C20 H36 O1 Si2 Zr1,0.0,fail,C[Si](C)(C)C1=C2[CH-]([Si](C)(C)C)->[Zr+2]<-2<-1345678(<-C1=C->3C->4=C->5[CH-]->6C->7=C->81)<-O1CCCC1,C[Si](C)(C)C1=C2[CH-]([Si](C)(C)C)->[Zr+2]<-2<-1345678(<-C1=C->3C->4=C->5[CH-]->6C->7=C->81)<-O1CCCC1
BAXYEG,Cc1cc(C)c(-n2n[n+](C)c(-c3ccccc3)[c-]2->[Pd+2](<-[Cl-])(<-[Cl-])<-n2cccc(Cl)c2)c(C)c1,C23 H23 Cl3 N4 Pd1,0.0,Cc1cc(C)c(-n2n[n+](C)c(-c3ccccc3)[c]2->[Pd+](<-[Cl-])(<-[Cl-])<-n2cccc(Cl)c2)c(C)c1,Cc1cc(C)c(-n2n[n+](C)c(-c3ccccc3)[c-]2->[Pd+2](<-[Cl-])(<-[Cl-])<-n2cccc(Cl)c2)c(C)c1,Cc1cc(C)c(-n2n[n+](C)c(-c3ccccc3)[c-]2->[Pd+2](<-[Cl-])(<-[Cl-])<-n2cccc(Cl)c2)c(C)c1
BAYSUR,Fc1ccc(/C2=C3\C=CC4=N3->[Ag@SP1+]35<-N6=C(C=C/C6=C/4c4ccc(F)cc4)c4ccc([n-]->34)/C(c3ccc(F)cc3)=C3/C=CC2=N->53)cc1,C37 H20 Ag1 F3 N4,0.0,Fc1ccc(-c2c3n4->[Ag+3]56<-[n-]7c2ccc7c(-c2ccc(F)cc2)c2ccc(c7ccc(c(-c8ccc(F)cc8)c4C=C3)[n-]->57)[n-]->62)cc1,Fc1ccc(-c2c3n4->[Ag+3]56<-[n-]7c2ccc7c(-c2ccc(F)cc2)c2ccc(c(-c7ccc(F)cc7)c7ccc(c4C=C3)[n-]->57)[n-]->62)cc1,Fc1ccc(-c2c3n4->[Ag+3]56<-[n-]7c2ccc7c(-c2ccc(F)cc2)c2ccc(c(-c7ccc(F)cc7)c7ccc(c4C=C3)[n-]->57)[n-]->62)cc1
BAYZIL,,C14 H29 Cl1 Co1 N4 O4 1+,1.0,[O-][Cl+3]([O-])([O-])[O-]->[Co+3]1234<-[CH-]5CCN->16CCN->2CCCN->3CCN->4(CC5)CC6,[O-2].[O-2].[O-2]->[Co+9]1234<-[CH-]5CCN->16CCN->2CCCN->3CCN->4(CC5)CC6.[O-]Cl,[O-2].[O-2].[O-2]->[Co+9]1234<-[CH-]5CCN->16CCN->2CCCN->3CCN->4(CC5)CC6.[O-]Cl
BAZZEG,,C19 H19 Fe1 N1 O3,0.0,Cc12->[Fe+]3456(<-[C-]#[O+])(<-[C-]#[O+])<-[C](=O)N(Cc->31c->4(C)[c-]->5(C)c->62C)c1ccccc1,Cc12->[Fe+2]3456(<-[C-]#[O+])(<-[C-]#[O+])<-[C-](=O)N(C[c-]->3(c->41C)c->5(C)c->62C)c1ccccc1,Cc12->[Fe+2]3456(<-[C-]#[O+])(<-[C-]#[O+])<-[C-](=O)N(C[c-]->3(c->41C)c->5(C)c->62C)c1ccccc1
BEBVIN,[O+]#[C-]->[Mn+3]1234(<-[C-]#[O+])(<-[C-](F)=C5C=C[CH-]C=C5)<-c5c->1c->2[cH-]->3c->45,C14 H10 F1 Mn1 O2,0.0,[O+]#[C-]->[Mn+3]1234(<-[C-]#[O+])(<-[C-2](F)c5ccccc5)<-c5c->1c->2[cH-]->3c->45,[O+]#[C-]->[Mn+]1234(<-[C-]#[O+])(<-[C](F)c5ccccc5)<-c5c->1c->2[cH-]->3c->45,[O+]#[C-]->[Mn+]1234(<-[C-]#[O+])(<-[C](F)c5ccccc5)<-c5c->1c->2[cH-]->3c->45
BECMEB,C[C@H]1c2cccc[c-]2->[Ru+2]23456(<-c7c->2c->3c->4c->5c->67)(<-N(=O)[O-])<-N1(C)C,C16 H20 N2 O2 Ru1,0.0,CC1c2cccc[c-]2->[Ru]23456(<-c7c->2c->3c->4c->5c->67)(<-[N+](=O)=O)<-N1(C)C,CC1c2cccc[c-]2->[Ru+2]23456(<-c7c->2c->3c->4c->5c->67)(<-N(=O)[O-])<-N1(C)C,CC1c2cccc[c-]2->[Ru+2]23456(<-c7c->2c->3c->4c->5c->67)(<-N(=O)[O-])<-N1(C)C
BEDYUF,,C17 H14 Cl1 N1 Os1,0.0,[Cl-]->[Os+2]123456(<-[c-]7ccccc7-c7ccccn->17)<-c1c->2c->3c->4c->5c->61,[Cl-]->[Os+2]123456(<-[c-]7ccccc7-c7ccccn->17)<-c1c->2c->3c->4c->5c->61,[Cl-]->[Os+2]12(<-[c-]3ccccc3-c3ccccn->13)<-c1ccccc->21
BEGGEA,,C18 H22 Cd1 I2 N2 O4,0.0,CCCOC1=O->[Cd+2]2(<-[I-])(<-[I-])(<-O=C(OCCC)c3ccccn->23)<-n2ccccc21,CCCOC(=O)c1ccccn1->[Cd+2]1(<-[I-])(<-[I-])<-O=C(OCCC)c2ccccn->12,CCCOC(=O)c1ccccn1->[Cd+2]1(<-[I-])(<-[I-])<-O=C(OCCC)c2ccccn->12
BEHJIK,[O+]#[C-]->[Re+]1234(<-[C-]#[O+])(<-[C-]#[O+])<-c5c->1(-c1ccccc1)c->2(-c1ccccc1)c->3(-c1ccccc1)[c-]->45-c1ccccc1,C32 H21 O3 Re1,0.0,[O+]#[C-]->[Re+]1234(<-[C-]#[O+])(<-[C-]#[O+])<-[cH-]5c->1(-c1ccccc1)c->2(-c1ccccc1)c->3(-c1ccccc1)c->45-c1ccccc1,[O+]#[C-]->[Re+]1234(<-[C-]#[O+])(<-[C-]#[O+])<-c5c->1(-c1ccccc1)c->2(-c1ccccc1)c->3(-c1ccccc1)[c-]->45-c1ccccc1,[O+]#[C-]->[Re+]1234(<-[C-]#[O+])(<-[C-]#[O+])<-c5c->1(-c1ccccc1)c->2(-c1ccccc1)c->3(-c1ccccc1)[c-]->45-c1ccccc1
BEJBOJ,CC(C)(C)N1C=CN(C(C)(C)C)[C]1->[Ni@TB19+2]123<-C=C->1CCc1ccccc1[CH-]->2[O-]->3,C22 H32 N2 Ni1 O1,0.0,CC(C)(C)N1C=CN(C(C)(C)C)[C]1->[Ni]123<-C=C->1CCc1ccccc1C->2=O->3,CC(C)(C)N1C=CN(C(C)(C)C)[C]1->[Ni]123<-C=C->1CCc1ccccc1C->2=O->3,CC(C)(C)N1C=CN(C(C)(C)C)[C]1->[Ni]123<-C=C->1CCc1ccccc1C->2=O->3
BEJQOX,Cc1cc(C)c2[O-]->[V+5]34(<-[O-2])(<-[Cl-])<-[O-]c5c(C)cc(C)cc5CN->3(CCN->4(C)C)Cc2c1,C22 H30 Cl1 N2 O3 V1,0.0,Cc1cc(C)c2[O-]->[V+5]34(<-[O-2])(<-[Cl-])<-[O-]c5c(C)cc(C)cc5CN->3(CCN->4(C)C)Cc2c1,Cc1cc(C)c2[O-]->[V+5]34(<-[O-2])(<-[Cl-])<-[O-]c5c(C)cc(C)cc5CN->3(CCN->4(C)C)Cc2c1,Cc1cc(C)c2[O-]->[V+5](<-[O-2])(<-[Cl-])<-[O-]c3c(C)cc(C)cc3CN(CCN(C)C)Cc2c1
BEJVUI,CC(C)[CH2-]->[Hf+4]1234(<-[CH2-]C(C)C)<-Fc5cccc(F)c5[N-]->1CC(C)(C[N-]->2c1c(F)cccc1F->3)c1ccccn->41,C29 H35 F4 Hf1 N3,0.0,CC(C)[CH2-]->[Hf+4]1234(<-[CH2-]C(C)C)<-Fc5cccc(F)c5[N-]->1CC(C)(C[N-]->2c1c(F)cccc1F->3)c1ccccn->41,CC(C)[CH2-]->[Hf+4]12(<-[CH2-]C(C)C)<-n3ccccc3C(C)(C[N-]->1c1c(F)cccc1F)C[N-]->2c1c(F)cccc1F,CC(C)[CH2-]->[Hf+4]12(<-[CH2-]C(C)C)<-n3ccccc3C(C)(C[N-]->1c1c(F)cccc1F)C[N-]->2c1c(F)cccc1F
BEKFEE,,C16 H40 N3 Ni1 P2 1+,1.0,CC(C)P1(NCCN2CCNP(C(C)C)(C(C)C)->[NiH+]<-2<-1)C(C)C,CC(C)P1(NCCN2CCNP(C(C)C)(C(C)C)->[NiH+]<-2<-1)C(C)C,CC(C)P1(NCCN2CCNP(C(C)C)(C(C)C)->[NiH+]<-2<-1)C(C)C
BELXEV,CN(C)[CH]->[Pt+2](<-[Cl-])(<-[Cl-])<-P(c1ccccc1)(c1ccccc1)c1ccccc1,C21 H22 Cl2 N1 P1 Pt1,0.0,CN(C)[CH]->[Pt+2](<-[Cl-])(<-[Cl-])<-P(c1ccccc1)(c1ccccc1)c1ccccc1,CN(C)[CH]->[Pt+2](<-[Cl-])(<-[Cl-])<-P(c1ccccc1)(c1ccccc1)c1ccccc1,CN(C)[CH]->[Pt+2](<-[Cl-])(<-[Cl-])<-P(c1ccccc1)(c1ccccc1)c1ccccc1
BENDAB,CC1=O->[Zn+2]23(<-O=C(C)[O-]->2)(<-[O-]1)<-n1ccc(C)cc1-c1cc(C)ccn->31,C16 H18 N2 O4 Zn1,0.0,fail,CC(=O)[O-]->[Zn+2]1(<-[O-]C(C)=O)<-n2ccc(C)cc2-c2cc(C)ccn->12,Cc1ccn2->[Zn+2]3456(<-O=C->3(C)[O-]->4)(<-O=C->5(C)[O-]->6)<-n3ccc(C)cc3-c2c1
BENLAH,CN1(C)CCN(C)(C)->[Zn+2]<-12345(<-O=N->2[O-]->3)<-O=N->4[O-]->5,C6 H16 N4 O4 Zn1,0.0,CN1(C)CCN(C)(C)->[Zn+2]<-123(<-O=N[O-]->2)<-O=N[O-]->3,CN1(C)CCN(C)(C)->[Zn+2]<-12(<-O=N[O-]->2)<-[O-]N=O,CN1(C)CCN(C)(C)->[Zn+2]<-123(<-O=N[O-]->2)<-O=N[O-]->3
BEPGEK,CC(C)N1[C-](=O)->[Fe+2]2345(<-[C-]#[O+])(<-c6c->2c->3[cH-]->4c->56)<-P1(c1ccccc1)c1ccccc1,C22 H22 Fe1 N1 O2 P1,0.0,CC(C)N1[C](=O)->[Fe+]2345(<-[C-]#[O+])(<-c6c->2c->3[cH-]->4c->56)<-P1(c1ccccc1)c1ccccc1,CC(C)N1[C-](=O)->[Fe+2]2345(<-[C-]#[O+])(<-c6c->2c->3[cH-]->4c->56)<-P1(c1ccccc1)c1ccccc1,CC(C)N1[C-](=O)->[Fe+2]2345(<-[C-]#[O+])(<-c6c->2c->3[cH-]->4c->56)<-P1(c1ccccc1)c1ccccc1
BEQFOS,Cc1cccc2[S-]->[Ni+2]3(<-[c-]4cccc(C)c4-c12)<-P(CCP->3(C(C)C)C(C)C)(C(C)C)C(C)C,C28 H44 Ni1 P2 S1,0.0,fail,CC1=CC=CC2=S->[Ni]3(<-[C]4C=CC=C(C)C4=C12)<-P(CCP->3(C(C)C)C(C)C)(C(C)C)C(C)C,CC1=CC=CC2=S->[Ni]3(<-[C]4C=CC=C(C)C4=C12)<-P(CCP->3(C(C)C)C(C)C)(C(C)C)C(C)C
BEQYEE,C/C1=N(\O)->[Ni+2]23(<-[N-]=C=S)(<-[N-]=C=S)<-N(CCN->2CCN)=C->31C,C10 H18 N6 Ni1 O1 S2,0.0,CC1C(C)=N2CCN3CCN->[Ni+2]<-2<-3(<-[N-]=C=S)(<-[N-]=C=S)<-N=1O,CC1C(C)=N2CCN3CCN->[Ni+2]<-2<-3(<-[N-]=C=S)(<-[N-]=C=S)<-N=1O,CC1C(C)=N2CCN3CCN->[Ni+2]<-2<-3(<-[N-]=C=S)(<-[N-]=C=S)<-N=1O
BERQEV,C/C1C(=C->[Ir+3]2345(<-[Cl-])(<-N=1\c1c(C)cccc1C)<-c1(C)c->2(C)c->3(C)[c-]->4(C)c->51C)Nc1c(C)cccc1C,C30 H39 Cl1 Ir1 N2 1+,1.0,CC1C([CH2-]->[Ir+3]2345(<-[Cl-])(<-N=1c1c(C)cccc1C)<-c1(C)c->2(C)c->3(C)[c-]->4(C)c->51C)=[NH+]c1c(C)cccc1C,CC1C(=C->[Ir+3]2345(<-[Cl-])(<-N=1c1c(C)cccc1C)<-c1(C)c->2(C)c->3(C)[c-]->4(C)c->51C)Nc1c(C)cccc1C,CC1C(=C->[Ir+3]2345(<-[Cl-])(<-N=1c1c(C)cccc1C)<-c1(C)c->2(C)c->3(C)[c-]->4(C)c->51C)Nc1c(C)cccc1C
BERWED,Cc1cc(C)c(-n2cc[n+]3/C=C4/[CH-]C=CC=N4->[Fe+2]4567(<-[C-]#[N+]C(C)(C)C)(<-[c-]23)<-c2(C)c->4(C)c->5(C)[c-]->6(C)c->72C)c(C)c1,C33 H42 Fe1 N4,0.0,Cc1cc(C)c(N2C=CN3C=C4C=CC=C[N-]4->[Fe+2]4567(<-[C-]#[N+]C(C)(C)C)(<-[C]32)<-c2(C)c->4(C)c->5(C)[c-]->6(C)c->72C)c(C)c1,Cc1cc(C)c(N2C=C[N+]3=Cc4ccccn4->[Fe]4567(<-[C-]#[N+]C(C)(C)C)(<-[C]23)<-c2(C)c->4(C)c->5(C)[c-]->6(C)c->72C)c(C)c1,Cc1cc(C)c(N2C=C[N+]3=Cc4ccccn4->[Fe]4567(<-[C-]#[N+]C(C)(C)C)(<-[C]23)<-c2(C)c->4(C)c->5(C)[c-]->6(C)c->72C)c(C)c1
BESJUE,[O-2]->[Mo+6]12(<-[O-2])<-[S-]CCSCCN->1CC[S-]->2,C6 H13 Mo1 N1 O2 S3,0.0,[O-2]->[Mo+6]123(<-[O-2])<-[S-]CCN->1CCS->2CC[S-]->3,[O-2]->[Mo+6]123(<-[O-2])<-[S-]CCN->1CCS->2CC[S-]->3,[O-2]->[Mo+6]123(<-[O-2])<-[S-]CCN->1CCS->2CC[S-]->3
BEVCIQ,,C14 H12 Br2 Hg1 N2 O2,0.0,COC(=O)c1ccc(N2=Cc3ccccn3->[Hg+2]<-2(<-[Br-])<-[Br-])cc1,COC(=O)c1ccc(N2=Cc3ccccn3->[Hg+2]<-2(<-[Br-])<-[Br-])cc1,COC(=O)c1ccc(N=Cc2ccccn2)cc1.[Br-]->[Hg+2]<-[Br-]
BEVMUL,,C25 H23 N7 Ni1 O4,0.0,O=C1CN2CC(=O)[O-]->[Ni+2]<-2(<-[O-]1)(<-n1c[nH]c2ccccc21)(<-n1c[nH]c2ccccc21)<-n1c[nH]c2ccccc21,O=C1CN2CC(=O)[O-]->[Ni+2]<-2(<-[O-]1)(<-n1c[nH]c2ccccc21)(<-n1c[nH]c2ccccc21)<-n1c[nH]c2ccccc21,O=C1CNCC(=O)[O-]->[Ni+2](<-[O-]1)(<-n1c[nH]c2ccccc21)(<-n1c[nH]c2ccccc21)<-n1c[nH]c2ccccc21
BEWRED,CC#N->[Pd@@+2]1(<-[Cl-])<-[C]2N(Cc3ccccc3)C=CN2c2ccccn->12,C17 H16 Cl1 N4 Pd1 1+,1.0,CC#N->[Pd+2]1(<-[Cl-])<-[C]2N(Cc3ccccc3)C=CN2c2ccccn->12,CC#N->[Pd+2]1(<-[Cl-])<-[C]2N(Cc3ccccc3)C=CN2c2ccccn->12,CC#N->[Pd+2]1(<-[Cl-])<-[C]2N(Cc3ccccc3)C=CN2c2ccccn->12
BEXQIH,[Cl-]->[Pd@+2]1(<-[C-]#[N+]C2CCCCC2)<-[C-](=N\c2sccn->12)/NC1CCCCC1,C17 H25 Cl1 N4 Pd1 S1,0.0,[Cl-]->[Pd+]1(<-[C-]#[N+]C2CCCCC2)<-[C](=Nc2sccn->12)NC1CCCCC1,[Cl-]->[Pd+2]1(<-[C-]#[N+]C2CCCCC2)<-[C-](=Nc2sccn->12)NC1CCCCC1,[Cl-]->[Pd+2]1(<-[C-]#[N+]C2CCCCC2)<-[C-](=Nc2sccn->12)NC1CCCCC1
BEYREC,,C10 H13 Fe1 O2 S1 1+,1.0,C[S+](C)[CH2-]->[Fe+2]1234(<-[C-]#[O+])(<-[C-]#[O+])<-c5c->1c->2[cH-]->3c->45,CS(C)=C->[Fe+2]1234(<-[C-]#[O+])(<-[C-]#[O+])<-c5c->1c->2[cH-]->3c->45,CS(C)=C->[Fe+2]1234(<-[C-]#[O+])(<-[C-]#[O+])<-c5c->1c->2[cH-]->3c->45
BEZKOH,N->[Zn+2](<-N)(<-[n-]1ccc(=O)[nH]c1=O)<-[n-]1c(=O)cc[nH]c1=O,C8 H12 N6 O4 Zn1,0.0,N->[Zn+2](<-N)(<-[n-]1ccc(=O)[nH]c1=O)<-[n-]1c(=O)cc[nH]c1=O,N->[Zn+2](<-N)(<-[n-]1ccc(=O)[nH]c1=O)<-[n-]1c(=O)cc[nH]c1=O,N->[Zn+2]12(<-N)(<-[O-]c3[nH]c(=O)ccn->13)<-[O-]c1cc[nH]c(=O)n->21
BEZVOT,,C29 H29 Br2 Hg1 O2 P1 S1,0.0,Cc1ccc(C(=O)[CH-]([P+](c2ccccc2)(c2ccccc2)c2ccccc2)->[Hg+2](<-[Br-])(<-[Br-])<-O=S(C)C)cc1,CS(C)=O.Cc1ccc(C(=O)[CH-](->[Hg+2](<-[Br-])<-[Br-])[P+](c2ccccc2)(c2ccccc2)c2ccccc2)cc1,CS(C)=O.Cc1ccc(C(=O)[CH-](->[Hg+2](<-[Br-])<-[Br-])[P+](c2ccccc2)(c2ccccc2)c2ccccc2)cc1
BIBGOJ,O=[N+]1[O-]->[Zn+2]234(<-NCCN->25CCN->3CCN->4CC5)<-[O-]1,C8 H20 N5 O3 Zn1 1+,1.0,O=[N+]([O-])[O-]->[Zn+2]123<-NCCN->14CCN->2CCN->3CC4,O=[N+]([O-])[O-]->[Zn+2]123<-NCCN->14CCN->2CCN->3CC4,O=[N+]1[O-]->[Zn+2]234(<-NCCN->25CCN->3CCN->4CC5)<-[O-]1
BIDFEA,,C36 H20 B1 F15 Zr1,0.0,CC1#C2C(=[C-](C)->[Zr+4]<-1<-23456789%10(<-c1c->3c->4(C)c->5[cH-]->61)<-c1c->7c->8(C)c->9[cH-]->%101)[B-](c1c(F)c(F)c(F)c(F)c1F)(c1c(F)c(F)c(F)c(F)c1F)c1c(F)c(F)c(F)c(F)c1F,C[C]1[C-](C2#C(C)->[Zr+4]<-1<-23456789%10(<-c1c->3c->4[c-]->5(C)c->61)<-c1c->7c->8[c-]->9(C)c->%101)[B-](c1c(F)c(F)c(F)c(F)c1F)(c1c(F)c(F)c(F)c(F)c1F)c1c(F)c(F)c(F)c(F)c1F,C[C]1[C-](C2#C(C)->[Zr+4]<-1<-23456789%10(<-c1c->3c->4[c-]->5(C)c->61)<-c1c->7c->8[c-]->9(C)c->%101)[B-](c1c(F)c(F)c(F)c(F)c1F)(c1c(F)c(F)c(F)c(F)c1F)c1c(F)c(F)c(F)c(F)c1F
BIDYET,CCP(CC)(CC)->[Ir+3]1(<-[CH-]=C(C)/C(C)=C\[S-]->1)(<-[S-]C(C)(C)C)<-P(CC)(CC)CC,C22 H47 Ir1 P2 S2,0.0,CCP(CC)(CC)->[Ir+]1(<-[S-]C(C)(C)C)(<-P(CC)(CC)CC)C=C(C)C(C)=CS1,CCP(CC)(CC)->[Ir+3]1(<-[CH-]=C(C)C(C)=C[S-]->1)(<-[S-]C(C)(C)C)<-P(CC)(CC)CC,CCP(CC)(CC)->[Ir+3]1(<-[CH-]=C(C)C(C)=C[S-]->1)(<-[S-]C(C)(C)C)<-P(CC)(CC)CC
BIFWUI,Cl[C@@H]1NC=Nc2[nH]cn(->[Zn+2](<-[Cl-])<-[Cl-])c21,C5 H5 Cl3 N4 Zn1,0.0,[Cl-]->[Zn+2](<-[Cl-])(<-[Cl-])<-n1c[nH]c2nc[nH+]cc21,[Cl-]->[Zn+2](<-[Cl-])(<-[Cl-])<-n1c[nH]c2nc[nH+]cc21,ClC1NC=Nc2[nH]cn(->[Zn+2](<-[Cl-])<-[Cl-])c21
BIHCOL,Cc1ccc(C)c23->[Ti+4]4567(<-[O-]c8c(C(C)(C)C)cc(C(C)(C)C)cc8-[c-]->42c->5(C)c->6c->713)(<-[N-](C)C)<-[N-](C)C,C30 H44 N2 O1 Ti1,0.0,Cc1ccc(C)c23->[Ti+4]4567(<-[O-]c8c(C(C)(C)C)cc(C(C)(C)C)cc8-c->42c->5(C)[cH-]->6c->713)(<-[N-](C)C)<-[N-](C)C,Cc1ccc(C)c23->[Ti+4]4567(<-[O-]c8c(C(C)(C)C)cc(C(C)(C)C)cc8-[c-]->42c->5(C)c->6c->713)(<-[N-](C)C)<-[N-](C)C,Cc1ccc(C)c23->[Ti+4]4567(<-[O-]c8c(C(C)(C)C)cc(C(C)(C)C)cc8-[c-]->42c->5(C)c->6c->713)(<-[N-](C)C)<-[N-](C)C
BIJLEN,COc1ccn2->[Ag+](<-[O-]C(=O)c3cc(OC)c(OC)c(OC)c3)<-n3ccc(OC)cc3-c2c1,C22 H23 Ag1 N2 O7,0.0,COc1ccn2->[Ag+](<-[O-]C(=O)c3cc(OC)c(OC)c(OC)c3)<-n3ccc(OC)cc3-c2c1,COc1ccn2->[Ag+](<-[O-]C(=O)c3cc(OC)c(OC)c(OC)c3)<-n3ccc(OC)cc3-c2c1,COc1ccn2->[Ag+]34(<-O=C->3([O-]->4)c3cc(OC)c(OC)c(OC)c3)<-n3ccc(OC)cc3-c2c1
BIJVOH,,C27 H41 N2 O2 P1 Ru1,0.0,CCN1(CC)C2c3cccc4CP(C(C)(C)C)(C(C)(C)C)->[RuH+]<-1(<-[C-]#[O+])(<-[O-]C2c1ccccc1)<-n43,CCN1(CC)C2c3cccc4CP(C(C)(C)C)(C(C)(C)C)->[RuH+]<-1(<-[C-]#[O+])(<-[O-]C2c1ccccc1)<-n43,CCN1(CC)C2c3cccc4CP(C(C)(C)C)(C(C)(C)C)->[RuH+]<-1(<-[C-]#[O+])(<-[O-]C2c1ccccc1)<-n43
BIKTAR,CN1CCN2(C)CC([O-]->[Zr+4]<-2(<-[CH2-]c2ccccc2)(<-[CH2-]c2ccccc2)<-[O-]C(C1)(C(F)(F)F)C(F)(F)F)(C(F)(F)F)C(F)(F)F,C26 H28 F12 N2 O2 Zr1,0.0,CN12CCN3(C)CC([O-]->[Zr+4]<-1<-3(<-[CH2-]c1ccccc1)(<-[CH2-]c1ccccc1)<-[O-]C(C2)(C(F)(F)F)C(F)(F)F)(C(F)(F)F)C(F)(F)F,CN12CCN3(C)CC([O-]->[Zr+4]<-1<-3(<-[CH2-]c1ccccc1)(<-[CH2-]c1ccccc1)<-[O-]C(C2)(C(F)(F)F)C(F)(F)F)(C(F)(F)F)C(F)(F)F,CN12CCN3(C)CC([O-]->[Zr+4]<-1<-3(<-[CH2-]c1ccccc1)(<-[CH2-]c1ccccc1)<-[O-]C(C2)(C(F)(F)F)C(F)(F)F)(C(F)(F)F)C(F)(F)F
BIMYIG,CC(C)(C)P([P-2]->[Zr+4]12345678(<-c9c->1c->2[cH-]->3c->49)(<-c1c->5c->6[cH-]->7c->81)<-P(C)(C)c1ccccc1)C(C)(C)C,C26 H39 P3 Zr1,0.0,CC(C)(C)P([P-2]->[Zr+4]12345678(<-c9c->1c->2[cH-]->3c->49)(<-c1c->5c->6[cH-]->7c->81)<-P(C)(C)c1ccccc1)C(C)(C)C,CC(C)(C)P(#P->[Zr+2]12345678(<-c9c->1c->2[cH-]->3c->49)(<-c1c->5c->6[cH-]->7c->81)<-P(C)(C)c1ccccc1)C(C)(C)C,CC(C)(C)P(#P->[Zr+2]12345678(<-c9c->1c->2[cH-]->3c->49)(<-c1c->5c->6[cH-]->7c->81)<-P(C)(C)c1ccccc1)C(C)(C)C
BIPHIS,COC(OC)C1=CC(C(C)(C)C)=C/C2=C/[N-]3CCC[N-]4/C=C5/C=C(C(C)(C)C)C=C(C(OC)OC)C5=S->[Ni@SP1+2]<-3<-4<-S=C12,C31 H44 N2 Ni1 O4 S2,0.0,fail,COC(OC)C1=CC(C(C)(C)C)=CC2=C[N-]3CCC[N-]4C=C5C=C(C(C)(C)C)C=C(C(OC)OC)C5=S->[Ni+2]<-3<-4<-S=C21,COC(OC)C1=CC(C(C)(C)C)=CC2=C[N-]3CCC[N-]4C=C5C=C(C(C)(C)C)C=C(C(OC)OC)C5=S->[Ni+2]<-3<-4<-S=C21
BIQDEM,C[C+]1[CH+][CH-][C-]2[N-]3[C-]4[CH-][CH-][C-](C)[CH+][C+]4[N-](C(C)C)->[Ta+5]<-3(<-[Cl-])(<-[Cl-])<-[N-]([C+]2[CH+]1)C(C)C,C20 H26 Cl2 N3 Ta1,0.0,Cc1ccc2[N-]3c4ccc(C)cc4[N-](C(C)C)->[Ta+5]<-3(<-[Cl-])(<-[Cl-])<-[N-](c2c1)C(C)C,CC1=CC2=N(C(C)C)->[Ta+3]3(<-[Cl-])(<-[Cl-])<-N(=C2C=C1)c1ccc(C)cc1[N-]->3C(C)C,CC1=CC2=N(C(C)C)->[Ta+3]3(<-[Cl-])(<-[Cl-])<-N(=C2C=C1)c1ccc(C)cc1[N-]->3C(C)C
BIRHIV,,C41 H29 Ir1 N5 O4 P1 S1,0.0,O=[N+]([O-])c1ccc2-c3cccc[c-]3->[Ir+3]3(<-[N-]=C=S)(<-[c-]4ccccc4-c4ccc([N+](=O)[O-])cn->34)(<-n2c1)<-P(c1ccccc1)(c1ccccc1)c1ccccc1,O=[N+]([O-])c1ccc2-c3cccc[c-]3->[Ir+3]3(<-[N-]=C=S)(<-[c-]4ccccc4-c4ccc([N+](=O)[O-])cn->34)(<-n2c1)<-P(c1ccccc1)(c1ccccc1)c1ccccc1,O=[N+]([O-])c1ccc2-c3cccc[c-]3->[Ir+3]3(<-[N-]=C=S)(<-[c-]4ccccc4-c4ccc([N+](=O)[O-])cn->34)(<-n2c1)<-P(c1ccccc1)(c1ccccc1)c1ccccc1
BITXAD,CC(C)N[P@]12(c3ccccc3)=N(C(C)C)->[Ru+2]<-134567(<-c1c->3c->4(C(C)C)c->5c->6c->71C)<-[N-]2C(C)C,C25 H41 N3 P1 Ru1 1+,1.0,CC(C)N[P+]1(c2ccccc2)[N-](C(C)C)->[Ru+2]23456(<-c7c->2c->3(C(C)C)c->4c->5c->67C)<-[N-]1C(C)C,CC(C)NP1(c2ccccc2)=N(C(C)C)->[Ru+2]23456(<-c7c->2c->3(C(C)C)c->4c->5c->67C)<-[N-]1C(C)C,CC(C)NP1(c2ccccc2)=N(C(C)C)->[Ru+2]23456(<-c7c->2c->3(C(C)C)c->4c->5c->67C)<-[N-]1C(C)C
BIVNUP,,C16 H18 Cl4 O10 Zn1,0.0,O=C(COc1ccc(Cl)cc1Cl)[O-]->[Zn+2](<-O)(<-O)(<-O)(<-O)<-[O-]C(=O)COc1ccc(Cl)cc1Cl,O=C(COC1=C=C=C(Cl)C=C1Cl)[O-]->[Zn+6](<-[O-2])(<-O)(<-O)(<-O)<-[O-]C([O-])=COc1ccc(Cl)[c-]c1Cl,[O-]C(=COc1ccc(Cl)[c-]c1Cl)[O-]->[Zn+4]1(<-O)(<-O)(<-O)<-O=[O+]C(COc2[c-][c-]c(Cl)cc2Cl)=O->1
BIXCOB,,C16 H24 Co1 O3 P1 S5,0.0,COP(OC)(OC)->[Co+3]12345(<-[S-]c6sc(=S)sc6[S-]->1)<-c1(C)c->2(C)c->3(C)[c-]->4(C)c->51C,COP(OC)(OC)->[Co+]12345(<-S=C6SC(=S)SC6=S->1)<-c1(C)c->2(C)c->3(C)[c-]->4(C)c->51C,COP(OC)(OC)->[Co+]12345(<-S=C6SC(=S)SC6=S->1)<-c1(C)c->2(C)c->3(C)[c-]->4(C)c->51C
BIXVAG,,C42 H36 Br3 Ir1 P2 S1,0.0,fail,CS#C1C=CC(Br)=[CH-]->[Ir+3]<-1(<-[Br-])(<-[Br-])(<-P(c1ccccc1)(c1ccccc1)c1ccccc1)<-P(c1ccccc1)(c1ccccc1)c1ccccc1,CS#C1C=CC(Br)=[CH-]->[Ir+3]<-1(<-[Br-])(<-[Br-])(<-P(c1ccccc1)(c1ccccc1)c1ccccc1)<-P(c1ccccc1)(c1ccccc1)c1ccccc1
BIYMAY,,C26 H35 B1 Mo1 N6 O5,0.0,COC(=O)c1ccccc1[O-]->[Mo+6]12(<-[O-2])(<-[O-2])<-[n-]3c(C(C)C)cc[n+]3[BH-]([n+]3ccc(C(C)C)[n-]->13)[n+]1ccc(C(C)C)[n-]->21,COC(=O)c1ccccc1[O-]->[Mo+6]12(<-[O-2])(<-[O-2])<-n3c(C(C)C)ccn3[BH-](n3ccc(C(C)C)n->13)n1ccc(C(C)C)n->21,COC(=O)c1ccccc1[O-]->[Mo+6]12(<-[O-2])(<-[O-2])<-n3c(C(C)C)ccn3[BH-](n3ccc(C(C)C)n->13)n1ccc(C(C)C)n->21
BIZJEC,Cc1n2-[c-]3nc4ccccc4n3->[Ru+2]34567(<-[I-])(<-[c-]2c[n+]1C)<-c1c->3c->4(C(C)C)c->5c->6c->71C,C22 H25 I1 N4 Ru1,0.0,Cc1n2-c3nc4ccccc4[n-]3->[Ru+]34567(<-[I-])(<-[c]2c[n+]1C)<-c1c->3c->4(C(C)C)c->5c->6c->71C,Cc1n2-c3nc4cccc[c-]4n3->[Ru+2]34567(<-[I-])(<-[c-]2c[n+]1C)<-c1c->3c->4(C(C)C)c->5c->6c->71C,Cc1n2-c3nc4cccc[c-]4n3->[Ru+2]34567(<-[I-])(<-[c-]2c[n+]1C)<-c1c->3c->4(C(C)C)c->5c->6c->71C
BOBKOT,CCN(CC)C(CN(Cc1ccccn1)Cc1ccccn1)=O->[La+3]123(<-[O-][N+](=O)[O-]->1)(<-[O-][N+](=O)[O-]->2)<-[O-][N+](=O)[O-]->3,C18 H24 La1 N7 O10,0.0,CCN(CC)C1CN23Cc4ccccn4->[La+3]<-2456(<-O=1)(<-[O-][N+](=O)[O-]->4)(<-[O-][N+](=O)[O-]->5)(<-[O-][N+](=O)[O-]->6)<-n1ccccc1C3,CCN(CC)C1CN23->[La]456789(<-N(O)(O4)O5)(<-N(O)(O6)O7)(<-N(O)(O8)O9)(O1)(N1CCCCC1C2)N1CCCCC1C3,CCN(CC)C1CN23->[La]456789(<-N(O)(O4)O5)(<-N(O)(O6)O7)(<-N(O)(O8)O9)(O1)(N1CCCCC1C2)N1CCCCC1C3
BOCHIM,,C20 H18 Co1 F4 P1,0.0,CP(c1ccccc1)(c1ccccc1)->[Co+3]1234(<-[C-2](F)C(F)(F)F)<-c5c->1c->2[cH-]->3c->45,CP(c1ccccc1)(c1ccccc1)->[Co+]1234(<-[C](F)C(F)(F)F)<-c5c->1c->2[cH-]->3c->45,CP(c1ccccc1)(c1ccccc1)->[Co+]1234(<-[C](F)C(F)(F)F)<-c5c->1c->2[cH-]->3c->45
BODFIJ,N/C1C/C(N)=N(/[O-])->[Ni@SP1+2]2(<-N=1/[O-])<-N(/O)=C(/N)C/C(N)=N->2/O,C6 H14 N8 Ni1 O4,0.0,NC1CC(N)=N([O])->[Ni]2(<-N=1[O])<-N(O)=C(N)CC(N)=N->2O,NC1CC(N)=N([O-])->[Ni+2]2(<-N=1[O-])<-N(O)=C(N)CC(N)=N->2O,NC1CC(N)=N([O-])->[Ni+2]2(<-N=1[O-])<-N(O)=C(N)CC(N)=N->2O
BODYOL,,C30 H32 N6 O8 Zn1,0.0,O=C1COc2ccccc2OCC(=O)NCCN23Cc4cccc5C(=O)[O-]->[Zn+2]<-267(<-[O-]C(=O)c2cccc(CN->6(CCN1)CC3)n->72)<-n45,O=C1COc2ccccc2OCC(=O)NCCN23Cc4cccc5C(=O)[O-]->[Zn+2]<-267(<-[O-]C(=O)c2cccc(CN->6(CCN1)CC3)n->72)<-n45,O=C1COc2ccccc2OCC(=O)NCCN2Cc3cccc4C(=O)[O-]->[Zn+2]5(<-[O-]C(=O)c6cccc(CN(CCN1)CC2)n->56)<-n34
BOFROF,CC(=O)[O-]->[Zn+2]1(<-O=C(C)[O-]->1)(<-n1ccc(/C(N)=N/O)cc1)<-n1ccc(/C(N)=N/O)cc1,C16 H20 N6 O6 Zn1,0.0,fail,CC(=O)[O-]->[Zn+2](<-[O-]C(C)=O)(<-n1ccc(C(N)=NO)cc1)<-n1ccc(C(N)=NO)cc1,CC12=O->[Zn+2]<-134(<-O=C->3(C)[O-]->4)(<-[O-]2)(<-n1ccc(C(N)=NO)cc1)<-n1ccc(C(N)=NO)cc1
BOHDEI,Cc1cc(C)c(N2CCCCN(c3c(C)cc(C)cc3C)[C]2->[Ag+]<-[Br-])c(C)c1,C23 H30 Ag1 Br1 N2,0.0,Cc1cc(C)c(N2CCCCN(c3c(C)cc(C)cc3C)[C]2->[Ag+]<-[Br-])c(C)c1,Cc1cc(C)c(N2CCCCN(c3c(C)cc(C)cc3C)[C]2->[Ag+]<-[Br-])c(C)c1,Cc1cc(C)c(N2CCCCN(c3c(C)cc(C)cc3C)[C]2->[Ag+]<-[Br-])c(C)c1
BOJBAE,O=C(Nc1ccccc1)N/N1=C(\c2ccccn2)c2ccccn2->[Zn+2]<-1(<-[Br-])<-[Br-],C18 H15 Br2 N5 O1 Zn1,0.0,[Br-]->[Zn+2]12(<-[Br-])<-O=C(Nc3ccccc3)NN->1=C(c1ccccn1)c1ccccn->21,[Br-]->[Zn+2]12(<-[Br-])<-O=C(Nc3ccccc3)NN->1=C(c1ccccn1)c1ccccn->21,[Br-]->[Zn+2]12(<-[Br-])<-O=C(Nc3ccccc3)NN->1=C(c1ccccn1)c1ccccn->21
BOJLIX,C=CCN1C=CN(c2cc(C)ccn2)[C]1->[Cu+]<-[Br-],C12 H13 Br1 Cu1 N3,0.0,C=CCN1C=CN2c3cc(C)ccn3->[Cu+](<-[Br-])<-[C]12,C=CCN1C=CN2c3cc(C)ccn3->[Cu+](<-[Br-])<-[C]12,C=CCN1C=CN2c3cc(C)ccn3->[Cu+](<-[Br-])<-[C]12
BOKPUP,CC(C)P(=[Se]->[Au+]<-[Cl-])(c1cc2ccc1CCc1ccc(cc1)CC2)C(C)C,C22 H29 Au1 Cl1 P1 Se1,0.0,CC(C)P(=[Se]->[Au+]<-[Cl-])(c1cc2ccc1CCc1ccc(cc1)CC2)C(C)C,CC(C)P(=[Se]->[Au+]<-[Cl-])(c1cc2ccc1CCc1ccc(cc1)CC2)C(C)C,CC(C)P(=[Se]->[Au+]<-[Cl-])(c1cc2ccc1CCc1ccc(cc1)CC2)C(C)C
BOKWED,CCN1C=CON2->[Ni]34(<-N5=C->3(/C(N(CC)CC)=N->4/O)N(CC)C=CO5)<-N(/O)=C(\C=21)N(CC)CC,C20 H42 N8 Ni1 O4,0.0,CCN(CC)C1C(N(CC)CC)=N(O)->[Ni]2(<-N=1[O])<-N([O])=C(C(N(CC)CC)=N->2O)N(CC)CC,[CH-]=CN(CC)C1=C(N(CC)CC)[N-](O)->[Ni+4]2(<-N1=O)<-N(=O)C(=C(N(CC)CC)[N-]->2O)N(C=[CH-])CC,CCN1C=CON2->[Ni]3(<-N(O)=C(C=21)N(CC)CC)<-N(O)=C(C1=N->3OC=CN1CC)N(CC)CC
BOLMOE,[O+]#[C-]->[Cr]12345(<-[C-]#[O+])(<-[C-]#[O+])<-C6=C->1C->2(=C->31SCCS1)C->4=C->56,C11 H8 Cr1 O3 S2,0.0,[O+]#[C-]->[Cr]12345(<-[C-]#[O+])(<-[C-]#[O+])<-C6=C->1C->2(=C->31SCCS1)C->4=C->56,[O+]#[C-]->[Cr]1234(<-[C-]#[O+])(<-[C-]#[O+])<-C5=C->1C->2(=C1SCCS1)C->3=C->45,[O+]#[C-]->[Cr]1234(<-[C-]#[O+])(<-[C-]#[O+])<-C5=C->1C->2(=C1SCCS1)C->3=C->45
BOLXUX,,C32 H28 Hg1 N4 S4,0.0,fail,S=C([S-]->[Hg+2]1<-S=C(N2CCCc3ccccc32)[S-]->1)N1CCCc2ccccc21.c1cnc2c(c1)ccc1cccnc12,c1ccc2c(c1)CCCN2C1=S->[Hg+2]2(<-S=C(N3CCCc4ccccc43)[S-]->2)<-[S-]1.c1cnc2c(c1)ccc1cccnc12
BOMSON,,C8 H14 N8 Ni1 O6,0.0,Nc1[nH]nc2CC(=O)[O-]->[Ni+2]3(<-O)(<-O)(<-[O-]C(=O)Cc4n[nH]c(N)n->34)<-n21,Nc1[nH]nc2CC(=O)[O-]->[Ni+2]3(<-O)(<-O)(<-[O-]C(=O)Cc4n[nH]c(N)n->34)<-n21,Nc1[nH]nc2n1->[Ni+2]1(<-[O-]C(=O)C2)<-[O-]C(=O)Cc2n[nH]c(N)n->12.O.O
BOPMUP,Cc1cccc2C[N-](c3c(F)c(F)c(F)c(F)c3F)->[Zr+4]34(<-[Cl-])(<-[Cl-])(<-Fc5c(F)c(F)c(F)c(F)c5[N-]->3Cc3cccc(C)n->43)<-n12,C26 H16 Cl2 F10 N4 Zr1,0.0,Cc1cccc2C[N-](c3c(F)c(F)c(F)c(F)c3F)->[Zr+4]3(<-[Cl-])(<-[Cl-])(<-n12)<-n1c(C)cccc1C[N-]->3c1c(F)c(F)c(F)c(F)c1F,Cc1cccc2C[N-](c3c(F)c(F)c(F)c(F)c3F)->[Zr+4]3(<-[Cl-])(<-[Cl-])(<-n12)<-n1c(C)cccc1C[N-]->3c1c(F)c(F)c(F)c(F)c1F,Cc1cccc2C[N-](c3c(F)c(F)c(F)c(F)c3F)->[Zr+4]3(<-[Cl-])(<-[Cl-])(<-n12)<-n1c(C)cccc1C[N-]->3c1c(F)c(F)c(F)c(F)c1F
BOQRAD,,C27 H29 Cl1 F12 O4 W1,0.0,CO1CCO(C)->[W+6]<-1(<-[Cl-])(<-[C-3]C(C)(C)C)(<-[O-]C(c1ccccc1)(C(F)(F)F)C(F)(F)F)<-[O-]C(c1ccccc1)(C(F)(F)F)C(F)(F)F,CO1CCO(C)->[W+6]<-1(<-[Cl-])(<-[C-3]C(C)(C)C)(<-[O-]C(c1ccccc1)(C(F)(F)F)C(F)(F)F)<-[O-]C(c1ccccc1)(C(F)(F)F)C(F)(F)F,CO1CCO(C)->[W+6]<-1(<-[Cl-])(<-[C-3]C(C)(C)C)(<-[O-]C(c1ccccc1)(C(F)(F)F)C(F)(F)F)<-[O-]C(c1ccccc1)(C(F)(F)F)C(F)(F)F
BOQZOY,C=C=C(->[Au+]<-P(c1ccccc1)(c1ccccc1)c1ccccc1)=P(c1ccccc1)(c1ccccc1)c1ccccc1,C39 H32 Au1 P2 1+,1.0,C=C=[C-](->[Au+2]<-P(c1ccccc1)(c1ccccc1)c1ccccc1)[P](c1ccccc1)(c1ccccc1)c1ccccc1,C=C=C(->[Au+]<-P(c1ccccc1)(c1ccccc1)c1ccccc1)=P(c1ccccc1)(c1ccccc1)c1ccccc1,C=C=C(->[Au+]<-P(c1ccccc1)(c1ccccc1)c1ccccc1)=P(c1ccccc1)(c1ccccc1)c1ccccc1
BOSLOM,CN1C=CN2Cc3cc4c(ccc5ccc6ccccc6c54)c[c-]3->[Ir+3]3456(<-[Br-])(<-[C]12)<-c1(C)c->3(C)c->4(C)[c-]->5(C)c->61C,C33 H32 Br1 Ir1 N2,0.0,CN1C=CN2Cc3cc4c(ccc5ccc6ccccc6c54)c[c-]3->[Ir+3]3456(<-[Br-])(<-[C]12)<-c1(C)c->3(C)c->4(C)[c-]->5(C)c->61C,CN1C=CN2Cc3cc4c(ccc5ccc6ccccc6c54)c[c-]3->[Ir+3]3456(<-[Br-])(<-[C]12)<-c1(C)c->3(C)c->4(C)[c-]->5(C)c->61C,CN1C=CN2Cc3cc4c(ccc5ccc6ccccc6c54)c[c-]3->[Ir+3]3456(<-[Br-])(<-[C]12)<-c1(C)c->3(C)c->4(C)[c-]->5(C)c->61C
BOTHUQ,CCCCn1n[n+](C)c(C(C)(C)OC)[c-]1->[Pd+2](<-[Cl-])(<-[Cl-])<-[c-]1c(C(C)(C)OC)[n+](C)nn1CCCC,C22 H42 Cl2 N6 O2 Pd1,0.0,CCCCn1n[n+](C)c(C(C)(C)OC)[c]1->[Pd](<-[Cl-])(<-[Cl-])<-[c]1c(C(C)(C)OC)[n+](C)nn1CCCC,CCCCn1n[n+](C)c(C(C)(C)OC)[c-]1->[Pd+2](<-[Cl-])(<-[Cl-])<-[c-]1c(C(C)(C)OC)[n+](C)nn1CCCC,CCCCn1n[n+](C)c(C(C)(C)OC)[c-]1->[Pd+2](<-[Cl-])(<-[Cl-])<-[c-]1c(C(C)(C)OC)[n+](C)nn1CCCC
BOVGUP,[Br-]->[Cd+2](<-[Br-])(<-n1cccc2ccc3cccnc3c21)<-n1cccc2ccc3cccnc3c21,C24 H16 Br2 Cd1 N4,0.0,[Br-]->[Cd+2]12(<-[Br-])(<-n3cccc4ccc5cccn->1c5c43)<-n1cccc3ccc4cccn->2c4c31,[Br-]->[Cd+2]12(<-[Br-])(<-n3cccc4ccc5cccn->1c5c43)<-n1cccc3ccc4cccn->2c4c31,[Br-]->[Cd+2]12(<-[Br-])(<-n3cccc4ccc5cccn->1c5c43)<-n1cccc3ccc4cccn->2c4c31
BOWRUA,[O-2]->[Mo+6]12(<-[O-2])<-[O-]CCO->1CC[O-]->2,C4 H8 Mo1 O5,0.0,[O-2]->[Mo+6]12(<-[O-2])<-[O-]CCO->1CC[O-]->2,[O-2]->[Mo+6]12(<-[O-2])<-[O-]CCO->1CC[O-]->2,[O-2]->[Mo+6]1(<-[O-2])<-[O-]CCOCC[O-]->1
BOXZAP,,C15 H12 B1 Cl1 Mo1 N8 O2,0.0,fail,[O+]#[C-]->[Mo+4]12(<-[C-3]Cl)(<-[C-]#[O+])<-n3cccn3[B-](n3cccn3)(n3cccn->13)n1cccn->21,[O+]#[C-]->[Mo+4]12(<-[C-3]Cl)(<-[C-]#[O+])<-n3cccn3[B-](n3cccn3)(n3cccn->13)n1cccn->21
BOZPIQ,,C27 H26 N6 Ni1 O3 P1 S2 1+,1.0,fail,CCOP1(=S->[Ni+2]23(<-O)(<-[S-]1)<-n1ccccc1-c1nc(-c4ccccn4)nc(-c4ccccn->24)n->31)c1ccc(OC)cc1,CCOP1(=S->[Ni+2]23(<-O)(<-[S-]1)<-n1ccccc1-c1nc(-c4ccccn4)nc(-c4ccccn->24)n->31)c1ccc(OC)cc1
BTCBZN,CCO[C@H](C)/C1=C/N2=N/C(N)=S->[Zn+2]<-23(<-O)<-[S-]/C(N)=N\[N-]->31,C8 H16 N6 O2 S2 Zn1,0.0,CCOC(C)C1C=N2[N]C(N)=S->[Zn]<-23(<-O)<-S=C(N)[N]N->3=1,CCOC(C)C1=CN2=NC(N)=S->[Zn+2]<-23(<-O)<-[S-]C(N)=N[N-]->31,CCOC(C)C1=CN2=NC(N)=S->[Zn+2]<-23(<-O)<-[S-]C(N)=N[N-]->31
BUBSEW,C/C1=C(\C)[N-]([O-])->[Co+3]2(<-[CH2-]C#N)(<-N1=O)(<-N(/O)=C(C)\C(C)=N->2\O)<-P(c1ccccc1)(c1ccccc1)c1ccccc1,C28 H31 Co1 N5 O4 P1,0.0,CC1C(C)=N([O])->[Co+]2(<-[CH2-]C#N)(<-N=1[O])(<-N(O)=C(C)C(C)=N->2O)<-P(c1ccccc1)(c1ccccc1)c1ccccc1,CC1=C(C)N(=O)->[Co+]2(<-[CH2-]C#N)(<-N1=O)(<-N(O)=C(C)C(C)=N->2O)<-P(c1ccccc1)(c1ccccc1)c1ccccc1,CC1=C(C)N(=O)->[Co+]2(<-[CH2-]C#N)(<-N1=O)(<-N(O)=C(C)C(C)=N->2O)<-P(c1ccccc1)(c1ccccc1)c1ccccc1
BUCKOA,,C33 H35 Ir1 P2 S2,0.0,c1ccc(P2(=S->[IrH+2]345(<-S=P(c6ccccc6)(c6cccc[c-]->36)[CH-]->42)<-C2=C->5CCCCCC2)c2ccccc2)cc1,C1=CC2=P3([S-]->[IrH+2]45(<-[S-]P(c6ccccc6)(c6ccccc6)=C->43)(<-[C]2C=C1)<-C1=C->5CCCCCC1)c1ccccc1,S=P1(c2ccccc2)c2cccc[c-]2->[IrH+2]23(<-S=P(c4ccccc4)(c4ccccc4)[CH-]->21)<-C1=C->3CCCCCC1
BUCSID,COc1ccc(-c2[c-]3->[Os+2]45678(<-[Cl-])(<-c9c->4c->5(C(C)C)c->6c->7c->89C)<-n4ccccc4-n3n[n+]2C)cc1,C25 H28 Cl1 N4 O1 Os1 1+,1.0,COc1ccc(-c2[c]3->[Os+]45678(<-[Cl-])(<-c9c->4c->5(C(C)C)c->6c->7c->89C)<-n4ccccc4-n3n[n+]2C)cc1,COc1ccc(-c2[c-]3->[Os+2]45678(<-[Cl-])(<-c9c->4c->5(C(C)C)c->6c->7c->89C)<-n4ccccc4-[n+]3nn2C)cc1,COc1ccc(-c2[c-]3->[Os+2]456(<-[Cl-])(<-c7c(C)cc->4c->5(C(C)C)c->67)<-n4ccccc4-[n+]3nn2C)cc1
BUFHAL,,C14 H20 N10 Ni1 S4,0.0,[NH3+]CCc1cn(->[Ni+2](<-[N-]=C=S)(<-[N-]=C=S)(<-[N-]=C=S)(<-[N-]=C=S)<-n2c[nH]c(CC[NH3+])c2)c[nH]1,[NH3+]CCc1cn(->[Ni+2](<-[N-]=C=S)(<-[N-]=C=S)(<-[N-]=C=S)(<-[N-]=C=S)<-n2c[nH]c(CC[NH3+])c2)c[nH]1,NCCc1cn(->[Ni+2](<-N#CS)(<-N#CS)(<-[N-]=C=S)(<-[N-]=C=S)<-n2c[nH]c(CCN)c2)c[nH]1
BUGRIE,,C21 H30 Cr1 O2 S1,0.0,CCc12->[Cr+]3456(<-[C-]#[O+])(<-[C-]#[O+])(<-[C-]#[S])<-c1(CC)c->3(CC)c->4(CC)c->5(CC)c->62CC,CCc12->[Cr]3456(<-[C]=S)(<-[C-]#[O+])(<-[C-]#[O+])<-c1(CC)c->3(CC)c->4(CC)c->5(CC)c->62CC,CCc12->[Cr]3456(<-[C]=S)(<-[C-]#[O+])(<-[C-]#[O+])<-c1(CC)c->3(CC)c->4(CC)c->5(CC)c->62CC
BUJJEW,CC1(C)[C@@H]2CC[C@@]1(C)C1=S->[Ni@SP1+2]3(<-S=C12)<-[S-]C1=C([S-]->3)[C@]2(C)CC[C@H]1C2(C)C,C20 H28 Ni1 S4,0.0,CC12CCC(C3[S-]->[Ni+4]4(<-[S-]C5=C([S-]->4)C4(C)CCC5C4(C)C)<-[S-]C=31)C2(C)C,CC12CCC(C3=S->[Ni]4(<-S=C5C(=S->4)C4(C)CCC5C4(C)C)<-S=C31)C2(C)C,CC12CCC(C3=S->[Ni]4(<-S=C5C(=S->4)C4(C)CCC5C4(C)C)<-S=C31)C2(C)C
BUKCAN,CN1(C)Cc2cccc[c-]2->[Pd+2]<-12<-[c-]1ccccc1CN->2(C)C,C18 H24 N2 Pd1,0.0,CN1(C)Cc2cccc[c-]2->[Pd+2]<-12<-[c-]1ccccc1CN->2(C)C,CN1(C)Cc2cccc[c-]2->[Pd+2]<-12<-[c-]1ccccc1CN->2(C)C,CN1(C)Cc2cccc[c-]2->[Pd+2]<-12<-[c-]1ccccc1CN->2(C)C
BUKROP,C/C1=N2->[Ag@@+]3(<-[O-]C(=O)C(F)(F)F)<-N(=C(/C)CO/2)/OC/C(C)=N->3/OC/C(C)=N/OC1,C14 H20 Ag1 F3 N4 O6,0.0,CC1=N2->[Ag+]34(<-[O-]C(=O)C(F)(F)F)<-N(=C(C)CO2)OCC(C)=N->3OCC(C)=N->4OC1,CC1=N2->[Ag+]34(<-[O-]C(=O)C(F)(F)F)<-N(=C(C)CO2)OCC(C)=N->3OCC(C)=N->4OC1,CC1=N2->[Ag+]345(<-O=C([O-]->3)C(F)(F)F)<-N(=C(C)CO2)OCC(C)=N->4OCC(C)=N->5OC1
BULTIL,O=N1[O-]->[Ni+2]<-123(<-[O-]N->2=O)<-P(/C=C\P->3(c1ccccc1)c1ccccc1)(c1ccccc1)c1ccccc1,C26 H24 N2 Ni1 O4 P2,0.0,O=[N+](=O)->[Ni-2]1(<-[N+](=O)=O)<-P(CCP->1(c1ccccc1)c1ccccc1)(c1ccccc1)c1ccccc1,O=N([O-])->[Ni+2]1(<-N(=O)[O-])<-P(C=CP->1(c1ccccc1)c1ccccc1)(c1ccccc1)c1ccccc1,O=N([O-])->[Ni+2]1(<-N(=O)[O-])<-P(C=CP->1(c1ccccc1)c1ccccc1)(c1ccccc1)c1ccccc1
BUNLOM,,C21 H24 Cl2 Mn1 N4,0.0,[Cl-]->[Mn+2]123(<-[Cl-])<-n4ccccc4CN->1CCN->2(Cc1ccccc1)Cc1ccccn->31,[Cl-]->[Mn+3]123(<-[Cl-])<-n4ccccc4C[N-]->1CCN->2(Cc1ccccc1)Cc1ccccn->31,[Cl-]->[Mn+3]123(<-[Cl-])<-n4ccccc4C[N-]->1CCN->2(Cc1ccccc1)Cc1ccccn->31
BUPLOP,,C29 H34 F3 Ir1 N2 O4,0.0,fail,Cc1cc(C)cc([CH2-]->[Ir+3]234(<-O=C([O-]->2)C(F)(F)F)<-[c-]2c(C5=N->3C(C)(C)CO5)c(C)cc(C)c2C2=N->4C(C)(C)CO2)c1,Cc1cc(C)cc([CH2-]->[Ir+3]2345(<-O=C->2([O-]->3)C(F)(F)F)<-[c-]2c(C3=N->4C(C)(C)CO3)c(C)cc(C)c2C2=N->5C(C)(C)CO2)c1
BUQZIW,C/[C-]1=[C-](\C)->[Mo+6]<-1234(<-[N-2]c1ccccc1)<-[N-](c->21ccccc->31[N-]->4[Si](C)(C)C)[Si](C)(C)C,C22 H33 Mo1 N3 Si2,0.0,CC1#C(C)->[Mo+4]<-12(<-[N-2]c1ccccc1)<-[N-](c1ccccc1[N-]->2[Si](C)(C)C)[Si](C)(C)C,CC1#C(C)->[Mo+4]<-12(<-[N-2]c1ccccc1)<-[N-](c1ccccc1[N-]->2[Si](C)(C)C)[Si](C)(C)C,CC1#C(C)->[Mo+4]<-12(<-[N-2]c1ccccc1)<-[N-](c1ccccc1[N-]->2[Si](C)(C)C)[Si](C)(C)C
BURWUH,CC(C)O[P+]1(/N=C(\[S-]->[Cd+2]2(<-[S-]/C(=N\[P+](OC(C)C)(OC(C)C)[S-]->2)N(C)C)<-[S-]1)N(C)C)OC(C)C,C18 H40 Cd1 N4 O4 P2 S4,0.0,CC(C)OP1(N=C([S-]->[Cd+2]2(<-S=1)<-S=P(N=C([S-]->2)N(C)C)(OC(C)C)OC(C)C)N(C)C)OC(C)C,CC(C)O[P+]1(N=C([S-]->[Cd+2]2(<-[S-]C(=N[P+](OC(C)C)(OC(C)C)[S-]->2)N(C)C)<-[S-]1)N(C)C)OC(C)C,CC(C)O[P+]12(N=C([S-]->[Cd+2]<-134(<-[S-]C(=N[P+]->3(OC(C)C)(OC(C)C)[S-]->4)N(C)C)<-[S-]2)N(C)C)OC(C)C
BUSZEW,Cc1ccn2->[Ir+3]34(<-[C]5N(C)c6ccccc6N5c5ccc(F)c[c-]->35)(<-[c-]3cc(F)cc(F)c3-c2c1)<-[c-]1cc(F)cc(F)c1-c1cc(C)ccn->41,C38 H26 F5 Ir1 N4,0.0,Cc1ccn2->[Ir+3]34(<-[C]5N(C)c6ccccc6N5c5ccc(F)c[c-]->35)(<-[c-]3cc(F)cc(F)c3-c2c1)<-[c-]1cc(F)cc(F)c1-c1cc(C)ccn->41,Cc1ccn2->[Ir+3]34(<-[C]5N(C)c6ccccc6N5c5ccc(F)c[c-]->35)(<-[c-]3cc(F)cc(F)c3-c2c1)<-[c-]1cc(F)cc(F)c1-c1cc(C)ccn->41,Cc1ccn2->[Ir+3]34(<-[C]5N(C)c6ccccc6N5c5ccc(F)c[c-]->35)(<-[c-]3cc(F)cc(F)c3-c2c1)<-[c-]1cc(F)cc(F)c1-c1cc(C)ccn->41
BUVBOK,CC(C)(C)N[C](NC(C)(C)C)->[Au+]<-[Cl-],C9 H20 Au1 Cl1 N2,0.0,CC(C)(C)N[C](NC(C)(C)C)->[Au+]<-[Cl-],CC(C)(C)N[C](NC(C)(C)C)->[Au+]<-[Cl-],CC(C)(C)N[C](NC(C)(C)C)->[Au+]<-[Cl-]
BUWHEH,c1cc2c34Cl->[Cu@OH8+]<-356<-N(CCCN->5C2)CCCN->6Cc4c1,C14 H22 Cl1 Cu1 N3 1+,1.0,[Cl-]->[Cu+3]123<-[c-]4c5cccc4CN->1CCCN->2CCCN->3C5,[Cl-]->[Cu+3]123<-[c-]4c5cccc4CN->1CCCN->2CCCN->3C5,Clc12->[Cu+]34<-N5CCCN->3Cc1cccc2CN->4CCC5
BUYROD,,C31 H31 N2 O3 P2 Re1,0.0,CN1CCN(C)P(c2ccccc2)(c2ccccc2)->[ReH](<-[C-]#[O+])(<-[C-]#[O+])(<-[C-]#[O+])<-P1(c1ccccc1)c1ccccc1,CN1CCN(C)P(c2ccccc2)(c2ccccc2)->[ReH](<-[C-]#[O+])(<-[C-]#[O+])(<-[C-]#[O+])<-P1(c1ccccc1)c1ccccc1,CN1CCN(C)P(c2ccccc2)(c2ccccc2)->[ReH](<-[C-]#[O+])(<-[C-]#[O+])(<-[C-]#[O+])<-P1(c1ccccc1)c1ccccc1
BZASFE,[O+]#[C-]->[Fe+2]1(<-[C-]#[O+])(<-[C-]#[O+])(<-[C-]#[O+])<-[As-]([C+]2[CH+][CH+][CH+][CH-][CH-]2)[As-]->1[C-]1[CH+][CH+][CH-][CH-][CH-]1,C16 H10 As2 Fe1 O4,0.0,[O+]#[C-]->[Fe]1(<-[C-]#[O+])(<-[C-]#[O+])(<-[C-]#[O+])<-[As](c2ccccc2)=[As]->1c1ccccc1,[O+]#[C-]->[Fe+2]1(<-[C-]#[O+])(<-[C-]#[O+])(<-[C-]#[O+])<-[As-](c2ccccc2)[As-]->1c1ccccc1,[O+]#[C-]->[Fe+2]1(<-[C-]#[O+])(<-[C-]#[O+])(<-[C-]#[O+])<-[As-](c2ccccc2)[As-]->1c1ccccc1
CABSII,N#[N+][N-2]->[Ni@TB15+2]12(<-[N-2][N+]#N)<-N(=C\c3ccccn3)/CCC/N->1=C/c1ccccn->21,C15 H16 N10 Ni1,0.0,[N-]=[N+]=[N-]->[Ni+2]123(<-[N-]=[N+]=[N-])<-N(=Cc4ccccn->14)CCCN->2=Cc1ccccn->31,N#[N+][N-2]->[Ni+2]123(<-[N-2][N+]#N)<-N(=Cc4ccccn->14)CCCN->2=Cc1ccccn->31,N#[N+][N-2]->[Ni+2]123(<-[N-2][N+]#N)<-N(=Cc4ccccn->14)CCCN->2=Cc1ccccn->31
CAFHEX,C1=NC=N2->[Co@OH30+3]3456<-N7=CN=C/C7=C/[N-]->3CCN(CC[N-]->4/C=C/12)CC[N-]->5/C=C1/C=NC=N->61,C18 H21 Co1 N10,0.0,C1c2cnc[n-]2->[Co+3]2345<-N=1CCN(CCN->2=Cc1cnc[n-]->31)CCN->4=Cc1cnc[n-]->51,C1=NC=N2->[Co+3]3456<-N7=CN=CC7=C[N-]->3CCN(CC[N-]->4C=C12)CC[N-]->5C=C1C=NC=N->61,C1=NC=N2->[Co+3]3456<-N7=CN=CC7=C[N-]->3CCN(CC[N-]->4C=C12)CC[N-]->5C=C1C=NC=N->61
CAGDAQ,C/C1=N/[N-](C(=S)N2CCOCC2)->[Ni@SP1+2]23<-S=C(N=N->2/C(C)=C2/C=CC=C1[N-]->32)N1CCOCC1,C19 H25 N7 Ni1 O2 S2,0.0,CC1=N[N-](C(=S)N2CCOCC2)->[Ni+2]23<-[S-]C(=NN->2=C(C)c2cccc1n->32)N1CCOCC1,CC1=N[N-](C(=S)N2CCOCC2)->[Ni+2]23<-S=C(N=N->2C(C)=C2C=CC=C1[N-]->32)N1CCOCC1,CC1=N[N-](C(=S)N2CCOCC2)->[Ni+2]23<-S=C(N=N->2C(C)=C2C=CC=C1[N-]->32)N1CCOCC1
CAHHOI,[O+]#[C-]->[Ni](<-[C-]#[O+])<-C(=P(c1ccccc1)(c1ccccc1)c1ccccc1)=P(c1ccccc1)(c1ccccc1)c1ccccc1,C39 H30 Ni1 O2 P2,0.0,[O+]#[C-]->[Ni](<-[C-]#[O+])<-C(=P(c1ccccc1)(c1ccccc1)c1ccccc1)=P(c1ccccc1)(c1ccccc1)c1ccccc1,[O+]#[C-]->[Ni](<-[C-]#[O+])<-C(=P(c1ccccc1)(c1ccccc1)c1ccccc1)=P(c1ccccc1)(c1ccccc1)c1ccccc1,[O+]#[C-]->[Ni](<-[C-]#[O+])<-C(=P(c1ccccc1)(c1ccccc1)c1ccccc1)=P(c1ccccc1)(c1ccccc1)c1ccccc1
CAHZIX,CC1=CC23->[Mn+]45(<-[C-]#[O+])(<-[C-]#[O+])(<-[C-]#[O+])<-C(=C->4(c4ccccc4)N4C=CC=CC=24)[C-]->53C(=O)O1,C22 H14 Mn1 N1 O5,0.0,Cc1cc23->[Mn-]45(<-[C-]#[O+])(<-[C-]#[O+])(<-[C-]#[O+])<-c(c->4(-c4ccccc4)[n+]4ccccc42)c->53c(=O)o1,Cc1cc23->[Mn-]45(<-[C-]#[O+])(<-[C-]#[O+])(<-[C-]#[O+])<-c(c->4(-c4ccccc4)[n+]4ccccc42)c->53c(=O)o1,Cc1cc23->[Mn-]45(<-[C-]#[O+])(<-[C-]#[O+])(<-[C-]#[O+])<-c(c->4(-c4ccccc4)[n+]4ccccc42)c->53c(=O)o1
CAJSIP,C/C=C(\C)C1=O->[Mo+2]2345(<-[C-]#[O+])(<-[C-]#[O+])(<-[C-](/C)=C\1C)<-c1c->2c->3[cH-]->4c->51,C16 H18 Mo1 O3,0.0,CC=C(C)C1=O->[Mo+2]2345(<-[C-]#[O+])(<-[C-]#[O+])(<-[C-](C)=C1C)<-c1c->2c->3[cH-]->4c->51,CC=C(C)C1=O->[Mo+2]2345(<-[C-]#[O+])(<-[C-]#[O+])(<-[C-](C)=C1C)<-c1c->2c->3[cH-]->4c->51,CC=C(C)C1=O->[Mo+2]2345(<-[C-]#[O+])(<-[C-]#[O+])(<-[C-](C)=C1C)<-c1c->2c->3[cH-]->4c->51
CAKSEO,,C26 H18 F2 N2 O5 Zn1,0.0,O=C([O-]->[Zn+2]1(<-O)(<-[O-]C(=O)c2ccc(F)cc2)<-n2cccc3ccc4cccn->1c4c32)c1ccc(F)cc1,O=C([O-]->[Zn+2]1(<-O)(<-[O-]C(=O)c2ccc(F)cc2)<-n2cccc3ccc4cccn->1c4c32)c1ccc(F)cc1,O=C([O-]->[Zn+2]123(<-O)(<-O=C->1([O-]->2)c1ccc(F)cc1)<-n1cccc2ccc4cccn->3c4c21)c1ccc(F)cc1
CALZUN,Cc1cccc(C)c1[N+]#[C-]->[Pt@+2]1(<-[C]2N(C)C=CN2c2ccc(C#N)c[c-]->12)<-P(c1ccccc1)(c1ccccc1)c1ccccc1,C38 H32 N4 P1 Pt1 1+,1.0,Cc1cccc(C)c1[N+]#[C-]->[Pt+2]1(<-[C]2N(C)C=CN2c2ccc(C#N)c[c-]->12)<-P(c1ccccc1)(c1ccccc1)c1ccccc1,Cc1cccc(C)c1[N+]#[C-]->[Pt+2]1(<-[C]2N(C)C=CN2c2ccc(C#N)c[c-]->12)<-P(c1ccccc1)(c1ccccc1)c1ccccc1,Cc1cccc(C)c1[N+]#[C-]->[Pt+2]1(<-[C]2N(C)C=CN2c2ccc(C#N)c[c-]->12)<-P(c1ccccc1)(c1ccccc1)c1ccccc1
CAMSAM,COc1ccc(S(=O)(=O)[N-]2c3cccc4ccc5cccn(->[Pd@SP2+2]<-26<-[c-]2ccc(OC(C)C)c7ccc8cccn->6c8c72)c5c34)cc1,C36 H29 N3 O4 Pd1 S1,0.0,COc1ccc(S(=O)(=O)[N-]2c3cccc4ccc5cccn(->[Pd+2]<-26<-[c-]2ccc(OC(C)C)c7ccc8cccn->6c8c72)c5c34)cc1,COc1ccc(S(=O)(=O)[N-]2c3cccc4ccc5cccn(->[Pd+2]<-26<-[c-]2ccc(OC(C)C)c7ccc8cccn->6c8c72)c5c34)cc1,COc1ccc(S(=O)(=O)[N-]2c3cccc4ccc5cccn(->[Pd+2]<-26<-[c-]2ccc(OC(C)C)c7ccc8cccn->6c8c72)c5c34)cc1
CANVIX,CO->[Mo+6]12(<-[O-2])(<-[O-2])<-[O-]c3ccccc3/C=N->1/N=C(/Nc1ccccc1)[S-]->2,C15 H15 Mo1 N3 O4 S1,0.0,CO->[Mo+6]12(<-[O-2])(<-[O-2])<-[O-]c3ccccc3C=N->1N=C(Nc1ccccc1)[S-]->2,CO->[Mo+6]12(<-[O-2])(<-[O-2])<-[O-]c3ccccc3C=N->1N=C(Nc1ccccc1)[S-]->2,CO.[O-2]->[Mo+6]12(<-[O-2])<-[O-]c3ccccc3C=N->1N=C(Nc1ccccc1)[S-]->2
CAPFOQ,C/C1=C2\C=NC=C[N-]2->[Zn+2]234(<-S=C(N=N->21)Nc1ccccc1)<-S=C(N=N->3/C(C)=C1\C=NC=C[N-]->41)Nc1ccccc1,C26 H24 N10 S2 Zn1,0.0,CC1c2cnccn2->[Zn+2]234(<-[S-]C(=NN->2=1)Nc1ccccc1)<-[S-]C(=NN->3=C(C)c1cnccn->41)Nc1ccccc1,CC1=C2C=NC=C[N-]2->[Zn+2]234(<-S=C(N=N->21)Nc1ccccc1)<-S=C(N=N->3C(C)=C1C=NC=C[N-]->41)Nc1ccccc1,CC1=C2C=NC=C[N-]2->[Zn+2]234(<-S=C(N=N->21)Nc1ccccc1)<-S=C(N=N->3C(C)=C1C=NC=C[N-]->41)Nc1ccccc1
CAQBOM,,C19 H36 N2 O2 P2 Si2 W1,0.0,CN(C)[C-](N(C)C)[P-]1[P-](C([Si](C)(C)C)[Si](C)(C)C)->[W+4]<-12345(<-[C-]#[O+])(<-[C-]#[O+])<-c1c->2c->3[cH-]->4c->51,CN(C)C(N(C)C)=P1[P-](C([Si](C)(C)C)[Si](C)(C)C)->[W+2]<-12345(<-[C-]#[O+])(<-[C-]#[O+])<-c1c->2c->3[cH-]->4c->51,CN(C)C(N(C)C)=P1[P-](C([Si](C)(C)C)[Si](C)(C)C)->[W+2]<-12345(<-[C-]#[O+])(<-[C-]#[O+])<-c1c->2c->3[cH-]->4c->51
CAQZEB,,C14 H27 N1 O2 P1 Re1,0.0,CC(C)P(C(C)C)(C(C)C)->[ReH+2]1234(<-[N-]=O)<-c5c->1c->2(O)c->3[cH-]->45,CC(C)P(C(C)C)(C(C)C)->[ReH+2]1234(<-[N-]=O)<-c5c->1c->2[c-]->3(O)c->45,CC(C)P(C(C)C)(C(C)C)->[ReH+2]1234(<-[N-]=O)<-c5c->1c->2[c-]->3(O)c->45
CASVUQ,Cc1ccc(S(=O)(=O)N(C)/[C-]2=C(/C(=O)[O-]->[Ni+2]<-23<-n2ccccc2-c2ccccn->32)C(C)C)cc1,C24 H25 N3 Ni1 O4 S1,0.0,Cc1ccc(S(=O)(=O)N(C)[C]2=C(C(=O)[O-]->[Ni+]<-23<-n2ccccc2-c2ccccn->32)C(C)C)cc1,Cc1ccc(S(=O)(=O)N(C)[C-]2=C(C(=O)[O-]->[Ni+2]<-23<-n2ccccc2-c2ccccn->32)C(C)C)cc1,Cc1ccc(S2(=O)=O->[Ni+2]34(<-[O-]C(=O)C(=[C-]->3N2C)C(C)C)<-n2ccccc2-c2ccccn->42)cc1
CATKOX,O=[N+]([O-])[O-]->[Zn+2]123(<-[O-][N+](=O)[O-]->1)<-N1CCN->2Cc2ccccc2OCCOc2ccccc2CN->3CC1,C20 H27 N5 O8 Zn1,0.0,O=[N+]([O-])[O-]->[Zn+2]123(<-[O-][N+](=O)[O-]->1)<-N1CCN->2Cc2ccccc2OCCOc2ccccc2CN->3CC1,O=[N+]([O-])[O-]->[Zn+2]123(<-[O-][N+](=O)[O-]->1)<-N1CCN->2Cc2ccccc2OCCOc2ccccc2CN->3CC1,O=[N+]([O-])[O-]->[Zn+2]1234(<-[O-][N+]->1(=O)[O-]->2)<-N1CCN->3Cc2ccccc2OCCOc2ccccc2CN->4CC1
CAVMAQ,COc1ccccc1CN1CCN(c2c(C)cc(C)cc2C)[C]1->[Ru+4]1(<-[Cl-])(<-[Cl-])<-[CH-]=C2C=C[CH-]C=C2O->1C(C)C,C30 H36 Cl2 N2 O2 Ru1,0.0,COc1ccccc1CN1CCN(c2c(C)cc(C)cc2C)[C]1->[Ru+4]1(<-[Cl-])(<-[Cl-])<-[CH-2]c2ccccc2O->1C(C)C,COc1ccccc1CN1CCN(c2c(C)cc(C)cc2C)[C]1->[Ru+2]1(<-[Cl-])(<-[Cl-])<-[CH]c2ccccc2O->1C(C)C,COc1ccccc1CN1CCN(c2c(C)cc(C)cc2C)[C]1->[Ru+2]1(<-[Cl-])(<-[Cl-])<-[CH]c2ccccc2O->1C(C)C
CAWGUD,[BH3-][P+](CC[c-]12->[Ni+2]345(<-[Cl-])(<-c(c->31)c->41ccccc->512)<-[P@TB5](c1ccccc1)(c1ccccc1)c1ccccc1)(c1ccccc1)c1ccccc1,C41 H38 B1 Cl1 Ni1 P2,0.0,[BH3-][P](CCc12->[Ni+3]345(<-[Cl-])(<-c([cH-]->31)c->41ccccc->521)<-P(c1ccccc1)(c1ccccc1)c1ccccc1)(c1ccccc1)c1ccccc1,[BH3-][P+](CC[c-]12->[Ni+2]345(<-[Cl-])(<-c(c->31)c->41ccccc->512)<-P(c1ccccc1)(c1ccccc1)c1ccccc1)(c1ccccc1)c1ccccc1,[BH3-][P+](CC[c-]12->[Ni+2]345(<-[Cl-])(<-c(c->31)c->41ccccc->512)<-P(c1ccccc1)(c1ccccc1)c1ccccc1)(c1ccccc1)c1ccccc1
CAYMAQ,CC(C)P(C(C)C)(C(C)C)->[Rh+3]1234(<-[C-3][CH+]c5ccccc5)<-c5c->1c->2[cH-]->3c->45,C22 H32 P1 Rh1,0.0,CC(C)P(C(C)C)(C(C)C)->[Rh+3]1234(<-[C-2]=Cc5ccccc5)<-c5c->1c->2[cH-]->3c->45,CC(C)P(C(C)C)(C(C)C)->[Rh+]1234(<-[C]=Cc5ccccc5)<-c5c->1c->2[cH-]->3c->45,CC(C)P(C(C)C)(C(C)C)->[Rh+]1234(<-[C]=Cc5ccccc5)<-c5c->1c->2[cH-]->3c->45
CAZHET,CC(C)c12->[Ru+2]34567(<-[I-])(<-C8=CN(C)C=CC=8c8nc9ccccc9[n-]->38)<-c(c->41)c->5(C)c->6c->72,C23 H24 I1 N3 Ru1,0.0,CC(C)c12->[Ru+2]34567(<-[I-])(<-[c-]8c[n+](C)ccc8-c8nc9ccccc9[n-]->38)<-c(c->41)c->5(C)c->6c->72,CC(C)c12->[Ru+2]34567(<-[I-])(<-C8=CN(C)C=CC=8c8nc9ccccc9[n-]->38)<-c(c->41)c->5(C)c->6c->72,CC(C)c12->[Ru+2]34567(<-[I-])(<-C8=CN(C)C=CC=8c8nc9ccccc9[n-]->38)<-c(c->41)c->5(C)c->6c->72
CBUMOB,[O+]#[C-]->[Mo+4]123(<-[Br-])(<-[C-]#[O+])(<-n4ccccc4-c4ccccn->14)<-C1(=C4C=C[CH-]C=C4)C->2(=C2C=C[CH-]C=C2)[C-]->31c1ccccc1,C33 H23 Br1 Mo1 N2 O2,0.0,[O+]#[C-]->[Mo+2]123(<-[Br-])(<-[C-]#[O+])(<-n4ccccc4-c4ccccn->14)<-C1(c4ccccc4)=C->2(c2ccccc2)[C-]->31c1ccccc1,[O+]#[C-]->[Mo+2]123(<-[Br-])(<-[C-]#[O+])(<-n4ccccc4-c4ccccn->14)<-C1(c4ccccc4)=C->2(c2ccccc2)[C-]->31c1ccccc1,[O+]#[C-]->[Mo+2]123(<-[Br-])(<-[C-]#[O+])(<-n4ccccc4-c4ccccn->14)<-C1(c4ccccc4)=C->2(c2ccccc2)[C-]->31c1ccccc1
CEBVIR,F[C+]1C(=C2c3ccc4[n-]3->[Au@SP1+3]35<-[n-]6c(ccc6C(=C6[C+](F)[C-](F)[C+](F)[C+](F)[C-]6F)c6c(I)c(I)c([n-]->36)-c3cc(I)c2[n-]->53)C4=C2[C+](F)[C-](F)[C-](F)[C+](F)[C-]2F)[C-](F)[C+](F)[C-](F)[C+]1F,C37 H5 Au1 F15 I3 N4,0.0,Fc1c(F)c(F)c(-c2c3n4->[Au+3]56<-[n-]7c2ccc7c(-c2c(F)c(F)c(F)c(F)c2F)c2ccc(c(-c7c(F)c(F)c(F)c(F)c7F)c7c(I)c(I)c(c4C=C3I)[n-]->57)[n-]->62)c(F)c1F,Fc1c(F)c(F)c(-c2c3n4->[Au+3]56<-[n-]7c2ccc7c(-c2c(F)c(F)c(F)c(F)c2F)c2ccc(c(-c7c(F)c(F)c(F)c(F)c7F)c7c(I)cc(c4C(I)=C3I)[n-]->57)[n-]->62)c(F)c1F,Fc1c(F)c(F)c(-c2c3n4->[Au+3]56<-[n-]7c2ccc7c(-c2c(F)c(F)c(F)c(F)c2F)c2ccc(c(-c7c(F)c(F)c(F)c(F)c7F)c7c(I)cc(c4C(I)=C3I)[n-]->57)[n-]->62)c(F)c1F
CECTEM,Cc1cccc(C)c1N[C](->[Au+]<-[C](Nc1c(C)cccc1C)N(C)C)N(C)C,C22 H32 Au1 N4 1+,1.0,Cc1cccc(C)c1N[C](->[Au+]<-[C](Nc1c(C)cccc1C)N(C)C)N(C)C,Cc1cccc(C)c1N[C](->[Au+]<-[C](Nc1c(C)cccc1C)N(C)C)N(C)C,Cc1cccc(C)c1N[C](->[Au+]<-[C](Nc1c(C)cccc1C)N(C)C)N(C)C
CEFLAD,O=C1[O-]->[Zn+2]2(<-n3ccccc31)<-n1c(CNCc3[nH]c4ccccc4n->23)[nH]c2ccccc21,C22 H19 N6 O2 Zn1 1+,1.0,O=C1[O-]->[Zn+2]23(<-n4ccccc41)<-n1c(CN->2Cc2[nH]c4ccccc4n->32)[nH]c2ccccc21,O=C1[O-]->[Zn+2]23(<-n4ccccc41)<-n1c(CN->2Cc2[nH]c4ccccc4n->32)[nH]c2ccccc21,O=C1[O-]->[Zn+2]2(<-n3ccccc31)<-n1c(CNCc3[nH]c4ccccc4n->23)[nH]c2ccccc21
CEGPAI,,C36 H44 Au1 B2 P2 1-,-1.0,CC(C)P1(c2ccccc2B23->[Au]<-14<-[B-](c1ccccc1P->4(C(C)C)C(C)C)(c1ccccc12)c1ccccc13)C(C)C,CC(C)P1(c2ccccc2B23->[Au-]<-14<-B(c1ccccc1P->4(C(C)C)C(C)C)(c1ccccc12)c1ccccc13)C(C)C,CC(C)P1(c2ccccc2B23->[Au-]<-14<-B(c1ccccc1P->4(C(C)C)C(C)C)(c1ccccc12)c1ccccc13)C(C)C
CEGTAK,,C29 H41 F5 Ir1 N1 O3 P2,0.0,CC(C)(C)P1(Oc2cccc3OP(C(C)(C)C)(C(C)(C)C)->[IrH+2]<-1(<-[NH-]C(=O)c1c(F)c(F)c(F)c(F)c1F)<-[c-]23)C(C)(C)C,CC(C)(C)P1(Oc2cccc3OP(C(C)(C)C)(C(C)(C)C)->[IrH+2]<-1(<-[NH-]C(=O)c1c(F)c(F)c(F)c(F)c1F)<-[c-]23)C(C)(C)C,CC(C)(C)P1(Oc2cccc3OP(C(C)(C)C)(C(C)(C)C)->[IrH+2]<-14(<-N=C([O-]->4)c1c(F)c(F)c(F)c(F)c1F)<-[c-]23)C(C)(C)C
CEHFOK,,C33 H30 Fe1 N2 O1 S2,0.0,CCN(CC)C1=S->[Fe]234(<-N#[O+])(<-[S-]1)<-C1(c5ccccc5)=C->2(c2ccccc2)C->3(c2ccccc2)=C->41c1ccccc1,CCN(CC)C1=S->[Fe+4]234(<-[N-]=O)(<-[S-]1)<-C1(=C5C=C[CH-]C=C5)C->2(c2ccccc2)=C->3(c2ccccc2)[C-]->41c1ccccc1,CCN(CC)C1=S->[Fe+4]234(<-[N-]=O)(<-[S-]1)<-C1(=C5C=C[CH-]C=C5)C->2(c2ccccc2)=C->3(c2ccccc2)[C-]->41c1ccccc1
CEJBEZ,,C35 H16 Cl2 F19 P2 Rh1,0.0,Cc12->[Rh+3]3456(<-[Cl-])(<-[Cl-])<-c1(C)c->3(C)[c-]->4(Cc1c(F)c(F)c(F)c(F)c1P->5(CP(c1c(F)c(F)c(F)c(F)c1F)c1c(F)c(F)c(F)c(F)c1F)c1c(F)c(F)c(F)c(F)c1F)c->62C,Cc12->[Rh+3]3456(<-[Cl-])(<-[Cl-])<-c1(C)c->3(Cc1c(F)c(F)c(F)c(F)c1P->4(CP(c1c(F)c(F)c(F)c(F)c1F)c1c(F)c(F)c(F)c(F)c1F)c1c(F)c(F)c(F)c(F)c1F)[c-]->5(C)c->62C,Cc12->[Rh+3]3456(<-[Cl-])(<-[Cl-])<-c1(C)c->3(Cc1c(F)c(F)c(F)c(F)c1P->4(CP(c1c(F)c(F)c(F)c(F)c1F)c1c(F)c(F)c(F)c(F)c1F)c1c(F)c(F)c(F)c(F)c1F)[c-]->5(C)c->62C
CEKCUQ,[O+]#[C-]->[Cr]12345(<-[C-]#[O+])(<-[C-]#[O+])<-c6c->1c->2c->31c->4(c->56)=c2ccccc2=1,C15 H8 Cr1 O3,0.0,[O+]#[C-]->[Cr]12345(<-[C-]#[O+])(<-[C-]#[O+])<-c6c->1c->2c->31c->4(c->56)-c2ccccc2-1,[O+]#[C-]->[Cr]12345(<-[C-]#[O+])(<-[C-]#[O+])<-c6c->1c->2c->31c->4(c->56)-c2ccccc2-1,[O+]#[C-]->[Cr]12345(<-[C-]#[O+])(<-[C-]#[O+])<-c6c->1c->2c->31c->4(c->56)-c2ccccc2-1
CEKWAT,C/[N+]1=C/c2ccccn2->[Zn+2]2(<-[O-][N+](=O)[O-])(<-[O-][N+](=O)[O-])(<-[O-]1)<-[O-]/[N+](C)=C\c1ccccn->21,C14 H16 N6 O8 Zn1,0.0,C[N+]1=Cc2ccccn2->[Zn+2]2(<-[O-][N+](=O)[O-])(<-[O-][N+](=O)[O-])(<-[O-]1)<-[O-][N+](C)=Cc1ccccn->21,C[N+]1=Cc2ccccn2->[Zn+2]2(<-[O-][N+](=O)[O-])(<-[O-][N+](=O)[O-])(<-[O-]1)<-[O-][N+](C)=Cc1ccccn->21,C[N+]1=Cc2ccccn2->[Zn+2]2(<-[O-][N+](=O)[O-])(<-[O-][N+](=O)[O-])(<-[O-]1)<-[O-][N+](C)=Cc1ccccn->21
CELNIS,[O-2]->[V+5]123(<-[O-][O-]->1)(<-[O-]O->2)<-n1cccc2ccc4cccn->3c4c21,C12 H9 N2 O5 V1,0.0,[O-2]->[V+5]123(<-[O-][O-]->1)(<-[O-]O->2)<-n1cccc2ccc4cccn->3c4c21,[O-2]->[V+5]123(<-[O-][O-]->1)(<-[O-]O->2)<-n1cccc2ccc4cccn->3c4c21,[O-2]->[V+5]123(<-[O-][O-]->1)(<-[O-]O->2)<-n1cccc2ccc4cccn->3c4c21
CEMYEA,,C22 H43 B1 Ni1 O2 P2,0.0,CC(C)(C)P1(Oc2cccc3OP(C(C)(C)C)(C(C)(C)C)->[Ni+2]<-14(<-[H][BH2-][H]->4)<-[c-]23)C(C)(C)C,CC(C)(C)P1(C(C)(C)C)->[Ni+2]2<-[c-]3c(cccc3OP->2(C(C)(C)C)C(C)(C)C)O1.[BH4-],B.CC(C)(C)P1(C(C)(C)C)->[NiH+]2<-[c-]3c(cccc3OP->2(C(C)(C)C)C(C)(C)C)O1
CENYOL,,C26 H43 F5 N1 O1 P2 Si1 V1,0.0,C[Si](C)(C)[CH-2]->[V+5](<-[N-2]C12CC3CC(CC(C3)C1)C2)(<-[O-]c1c(F)c(F)c(F)c(F)c1F)(<-P(C)(C)C)<-P(C)(C)C,C[Si](C)(C)[CH]->[V+3](<-[N-2]C12CC3CC(CC(C3)C1)C2)(<-[O-]c1c(F)c(F)c(F)c(F)c1F)(<-P(C)(C)C)<-P(C)(C)C,C[Si](C)(C)[CH]->[V+3](<-[N-2]C12CC3CC(CC(C3)C1)C2)(<-[O-]c1c(F)c(F)c(F)c(F)c1F)(<-P(C)(C)C)<-P(C)(C)C
CEPXOM,Cc1cccc(C)c1/N1=C2\C=CC=C\C2=C\[N-]2c3ccccc3P(c3ccccc3)(c3ccccc3)->[Pd@TB6+2]<-1<-2<-[Cl-],C33 H28 Cl1 N2 P1 Pd1,0.0,Cc1cccc(C)c1[N-]1c2ccccc2C=N2c3ccccc3P(c3ccccc3)(c3ccccc3)->[Pd+2]<-2<-1<-[Cl-],Cc1cccc(C)c1[N-]1c2ccccc2C=N2c3ccccc3P(c3ccccc3)(c3ccccc3)->[Pd+2]<-2<-1<-[Cl-],Cc1cccc(C)c1[N-]1c2ccccc2C=N2c3ccccc3P(c3ccccc3)(c3ccccc3)->[Pd+2]<-2<-1<-[Cl-]
CEQCOS,,C18 H36 Cl1 Si2 Ta1,0.0,Cc12->[Ta+5]345(<-[Cl-])(<-[CH-2][Si](C)(C)C)(<-[CH2-][Si](C)(C)C)<-c1(C)c->3(C)[c-]->4(C)c->52C,Cc12->[Ta+3]345(<-[Cl-])(<-[CH][Si](C)(C)C)(<-[CH2-][Si](C)(C)C)<-c1(C)c->3(C)[c-]->4(C)c->52C,Cc1c(C)c2(C)->[Ta+3](<-[Cl-])(<-[CH][Si](C)(C)C)(<-[CH2-][Si](C)(C)C)<-[c-]2(C)c1C
CEQVOL,,C26 H31 Ir1 N2 O4,0.0,fail,Cc1cc(C)c2C3=N(->[Ir+3]456(<-O=C->4(C)[O-]->5)(<-[c-]4ccccc4)<-[c-]2c1C1=N->6C(C)(C)CO1)C(C)(C)CO3,Cc1cc(C)c2C3=N(->[Ir+3]456(<-O=C->4(C)[O-]->5)(<-[c-]4ccccc4)<-[c-]2c1C1=N->6C(C)(C)CO1)C(C)(C)CO3
CERTOL,,C16 H32 Cl2 P3 Re1,0.0,CP(C)(C)->[Re+5](<-[Cl-])(<-[Cl-])(<-[C-3]c1ccccc1)(<-P(C)(C)C)<-P(C)(C)C,CP(C)(C)->[Re+5](<-[Cl-])(<-[Cl-])(<-[C-3][c-]1[cH+][cH-][cH+][cH-][cH+]1)(<-P(C)(C)C)<-P(C)(C)C,CP(C)(C)->[Re+5](<-[Cl-])(<-[Cl-])(<-[C-3][c-]1[cH+][cH-][cH+][cH-][cH+]1)(<-P(C)(C)C)<-P(C)(C)C
CESLAQ,,C38 H38 Ir1 N1 O2,0.0,COc1ccc(C2c3ccc(OC)c[c-]3->[Ir+3]34567(<-[C-]=2c2ccccc2Cc2ccccn->32)<-c2(C)c->4(C)c->5(C)[c-]->6(C)c->72C)cc1,COc1ccc(C2c3ccc(OC)c[c-]3->[Ir+3]34567(<-[C-]=2c2ccccc2Cc2ccccn->32)<-c2(C)c->4(C)c->5(C)[c-]->6(C)c->72C)cc1,COc1ccc(C2c3ccc(OC)c[c-]3->[Ir+3]34567(<-[C-]=2c2ccccc2Cc2ccccn->32)<-c2(C)c->4(C)c->5(C)[c-]->6(C)c->72C)cc1
CETDUD,[Cl-]->[Pd@OH1+2]12<-[O-]c3c(/N->1=N/C(NCc1ccccc1)=S->2)c1ccccc1c1ccccc31,C22 H16 Cl1 N3 O1 Pd1 S1,0.0,[Cl-]->[Pd+2]12<-[O-]c3c(N->1=NC(NCc1ccccc1)=S->2)c1ccccc1c1ccccc31,[Cl-]->[Pd+4]12<-[O-]c3c([N-]->1N=C(NCc1ccccc1)[S-]->2)c1ccccc1c1ccccc31,[Cl-]->[Pd+4]12<-[O-]c3c([N-]->1N=C(NCc1ccccc1)[S-]->2)c1ccccc1c1ccccc31
CETYIL,CC(C)P1(CCP(C(C)C)(C(C)C)->[Ni@OH25+2]<-12<-[O-][CH-]->2c1ccccc1)C(C)C,C21 H38 Ni1 O1 P2,0.0,CC(C)P1(CCP(C(C)C)(C(C)C)->[Ni]<-12<-O=C->2c1ccccc1)C(C)C,CC(C)P1(CCP(C(C)C)(C(C)C)->[Ni+2]<-12<-[O-][CH-]->2c1ccccc1)C(C)C,CC(C)P1(CCP(C(C)C)(C(C)C)->[Ni+2]<-12<-[O-][CH-]->2c1ccccc1)C(C)C
CEVHEQ,[O+]#[C-]->[Mn+3]12345(<-[C-]#[O+])(<-[C-](=C(F)F)[C-]->1(F)F)<-c1c->2c->3[cH-]->4c->51,C10 H5 F4 Mn1 O2,0.0,[O+]#[C-]->[Mn+]12345(<-[C-]#[O+])(<-C(=C(F)F)=C->1(F)F)<-c1c->2c->3[cH-]->4c->51,[O+]#[C-]->[Mn+]12345(<-[C-]#[O+])(<-C(=C(F)F)=C->1(F)F)<-c1c->2c->3[cH-]->4c->51,[O+]#[C-]->[Mn+]12345(<-[C-]#[O+])(<-C(=C(F)F)=C->1(F)F)<-c1c->2c->3[cH-]->4c->51
CEWBOV,CSc1ccc2cccc([S-]->[Hg+2]<-[S-]c3cccc4ccc(SC)nc34)c2n1,C20 H16 Hg1 N2 S4,0.0,fail,CSc1ccc2cccc([S-]->[Hg+2]<-[S-]c3cccc4ccc(SC)nc34)c2n1,CSc1ccc2cccc([S-]->[Hg+2]<-[S-]c3cccc4ccc(SC)nc34)c2n1
CEWZIP,,C23 H33 Cl1 N1 Nb1 O1 Si2,0.0,COc1ccc([N-2]->[Nb+5]23456789(<-[Cl-])(<-c%10c->2c->3([Si](C)(C)C)c->4[cH-]->5%10)<-c2c->6c->7([Si](C)(C)C)c->8[cH-]->92)cc1,COc1ccc([N-2]->[Nb+5]23456789(<-[Cl-])(<-c%10c->2c->3[c-]->4([Si](C)(C)C)c->5%10)<-c2c->6c->7[c-]->8([Si](C)(C)C)c->92)cc1,COc1ccc([N-2]->[Nb+5]2345(<-[Cl-])(<-c6c->2c->3[c-]->4([Si](C)(C)C)c->56)<-[c-]2([Si](C)(C)C)cccc2)cc1
CEXZIO,,C36 H27 Ir1 N8 P1 1-,-1.0,N#Cc1nc2-c3nc(C#N)c(C#N)[n-]3->[Ir+]345(<-C6=C->3CCC->4=C->5CC6)(<-[n-]2c1C#N)<-P(c1ccccc1)(c1ccccc1)c1ccccc1,N#Cc1nc2-c3nc(C#N)c(C#N)[n-]3->[Ir+5]345(<-[C-]6=[C-]->3CC[C-]->4=[C-]->5CC6)(<-[n-]2c1C#N)<-P(c1ccccc1)(c1ccccc1)c1ccccc1,N#Cc1nc2-c3nc(C#N)c(C#N)[n-]3->[Ir+]3(<-C4#C->3CCC#CCC4)(<-[n-]2c1C#N)<-P(c1ccccc1)(c1ccccc1)c1ccccc1
CEZLAV,CC[N-](CC)->[Ti+4]123456(<-[c-]7n(CC[c-]->18c->2c->3c->4c->58)cc[n+]7C)<-C(C)[N-]->6CC,C19 H33 N4 Ti1 1+,1.0,CC[N-](CC)->[Ti+4]12345(<-[C]6N(C)C=CN6CCc->16c->2c->3c->4[cH-]->56)<-[N-](CC)CC,CC[N-](CC)->[Ti+4]12345(<-[c-]6n(C)cc[n+]6CC[c-]->16c->2c->3c->4c->56)<-[N-](CC)CC,CC[N-](CC)->[Ti+4]12345(<-[c-]6n(C)cc[n+]6CC[c-]->16c->2c->3c->4c->56)<-[N-](CC)CC
CEZRIJ,CP(C)(C)->[W+2]1234(<-C=C->1)(<-C=C->2)<-[O-]c1ccccc1N->3(c1ccccc1)c1ccccc1[O-]->4,C25 H30 N1 O2 P1 W1,0.0,CP(C)(C)->[W+2]1234(<-C=C->1)(<-C=C->2)<-[O-]c1ccccc1N->3(c1ccccc1)c1ccccc1[O-]->4,CP(C)(C)->[W+2]1234(<-C=C->1)(<-C=C->2)<-[O-]c1ccccc1N->3(c1ccccc1)c1ccccc1[O-]->4,CP(C)(C)->[W+2]1234(<-C=C->1)(<-C=C->2)<-[O-]c1ccccc1N->3(c1ccccc1)c1ccccc1[O-]->4
CGLCOB,COP(OC)(OC)->[Co+3]12(<-[Cl-])(<-N(=O)/C(C)=C(/C)[N-]->1O)<-N(=O)/C(C)=C(/C)[N-]->2O,C11 H23 Cl1 Co1 N4 O7 P1,0.0,COP(OC)(OC)->[Co+]12(<-[Cl-])(<-N([O])=C(C)C(C)=N->1O)<-N([O])=C(C)C(C)=N->2O,COP(OC)(OC)->[Co+3]12(<-[Cl-])(<-N(=O)C(C)=C(C)[N-]->1O)<-N(=O)C(C)=C(C)[N-]->2O,COP(OC)(OC)->[Co+3]12(<-[Cl-])(<-N(=O)C(C)=C(C)[N-]->1O)<-N(=O)C(C)=C(C)[N-]->2O
CIBVIS,c1ccc(/N2=N/c3ncccn3->[Cu+]<-23<-N(=N\c2ncccn->32)/c2ccccc2)cc1,C20 H16 Cu1 N8 1+,1.0,c1ccc(N2=Nc3ncccn3->[Cu+]<-23<-N(=Nc2ncccn->32)c2ccccc2)cc1,c1ccc([N-]2N=c3nccc[n-]3->[Cu+5]<-23<-[N-](N=c2nccc[n-]->32)c2ccccc2)cc1,c1ccc([N-]2N=c3nccc[n-]3->[Cu+5]<-23<-[N-](N=c2nccc[n-]->32)c2ccccc2)cc1
CIDHAA,O=C([O-]->[Cd+2](<-O)(<-O)(<-[O-]C(=O)c1cccc([N+](=O)[O-])c1)(<-N12CN3CN(CN(C3)C1)C2)<-N12CN3CN(CN(C3)C1)C2)c1cccc([N+](=O)[O-])c1,C26 H36 Cd1 N10 O10,0.0,O=C([O-]->[Cd+2](<-O)(<-O)(<-[O-]C(=O)c1cccc([N+](=O)[O-])c1)(<-N12CN3CN(CN(C3)C1)C2)<-N12CN3CN(CN(C3)C1)C2)c1cccc([N+](=O)[O-])c1,O=C([O-]->[Cd+2](<-O)(<-O)(<-[O-]C(=O)c1cccc([N+](=O)[O-])c1)(<-N12CN3CN(CN(C3)C1)C2)<-N12CN3CN(CN(C3)C1)C2)c1cccc([N+](=O)[O-])c1,O.O.O=[N+]([O-])c1cccc(C23->[Cd+2]45(<-N67CN8CN(CN(C8)C6)C7)(<-N67CN8CN(CN(C8)C6)C7)(<-O=2)(<-O=C->4(c2cccc([N+](=O)[O-])c2)[O-]->5)<-[O-]3)c1
CIFBAV,C[Si](C)(C)c1cc[cH-](->[Hg+2]<-[Cl-])c1,C8 H13 Cl1 Hg1 Si1,0.0,C[Si](C)(C)[c-]1(->[Hg+2]<-[Cl-])cccc1,C[Si](C)(C)[c-]1(->[Hg+2]<-[Cl-])cccc1,C[Si](C)(C)[c-]1(->[Hg+2]<-[Cl-])cccc1
CIFTER,CN1C(c2ccccc2)=C[C](->[Au+]<-[Cl-])N1C,C11 H12 Au1 Cl1 N2,0.0,CN1C(c2ccccc2)=C[C](->[Au+]<-[Cl-])N1C,CN1C(c2ccccc2)=C[C](->[Au+]<-[Cl-])N1C,CN1C(c2ccccc2)=C[C](->[Au+]<-[Cl-])N1C
CIGVAR,Cc1cc(C)n([BH-]2n3c(C)cc(C)n3->[Ni+2]3(<-[O-]c4cccc5ccc(N)n->3c45)<-n3c(C)cc(C)n32)n1,C24 H29 B1 N8 Ni1 O1,0.0,Cc1cc(C)n2->[Ni+2]34(<-[O-]c5cccc6ccc(N)n->3c56)<-n3c(C)cc(C)n3[BH-](n12)n1c(C)cc(C)n->41,Cc1cc(C)n2->[Ni+2]34(<-[O-]c5cccc6ccc(N)n->3c56)<-n3c(C)cc(C)n3[BH-](n12)n1c(C)cc(C)n->41,Cc1cc(C)n2->[Ni+2]34(<-[O-]c5cccc6ccc(N)n->3c56)<-n3c(C)cc(C)n3[BH-](n12)n1c(C)cc(C)n->41
CIHXOH,,C32 H28 Cl1 N2 P1 Ru1,0.0,[Cl-]->[Ru+2]123(<-[CH-]=Cc4ccccn->14)(<-C=C->2c1ccccn->31)<-P(c1ccccc1)(c1ccccc1)c1ccccc1,[Cl-]->[Ru+2]123(<-[CH-]=Cc4ccccn->14)(<-C=C->2c1ccccn->31)<-P(c1ccccc1)(c1ccccc1)c1ccccc1,[Cl-]->[Ru+2]123(<-[CH-]=Cc4ccccn->14)(<-C=C->2c1ccccn->31)<-P(c1ccccc1)(c1ccccc1)c1ccccc1
CIJPER,C[CH2-]->[Hg+2]<-[S-]c1nccn1C(C)(C)C,C9 H16 Hg1 N2 S1,0.0,C[CH2-]->[Hg+2]<-[S-]c1nccn1C(C)(C)C,C[CH2-]->[Hg+2]<-[S-]c1nccn1C(C)(C)C,C[CH2-]->[Hg+2]<-[S-]c1nccn1C(C)(C)C
CIJZEC,CN1(C)CCN(C)(C)->[Pd+2]<-1(<-N(=O)[O-])<-N(=O)[O-],C6 H16 N4 O4 Pd1,0.0,CN1(C)CCN(C)(C)->[Pd-2]<-1(<-[N+](=O)=O)<-[N+](=O)=O,CN1(C)CCN(C)(C)->[Pd+2]<-1(<-N(=O)[O-])<-N(=O)[O-],CN1(C)CCN(C)(C)->[Pd+2]<-1(<-N(=O)[O-])<-N(=O)[O-]
CIMCIL,,C20 H25 P1 Ru1,0.0,CC(C)P(c1ccccc1)(c1ccccc1)->[RuH3+]1234<-c5c->1c->2[cH-]->3c->45,CC(C)P(c1ccccc1)(c1ccccc1)->[RuH3+]1234<-c5c->1c->2[cH-]->3c->45,CC(C)P(c1ccccc1)(c1ccccc1)->[RuH3+]1234<-c5c->1c->2[cH-]->3c->45
CIMYAY,,C24 H40 N4 Pd1 S4,0.0,C1CCC(NC2=S->[Pd]3(<-S=C2NC2CCCC2)<-S=C(NC2CCCC2)C(NC2CCCC2)=S->3)C1,[CH-]1CCCC1NC1=S->[Pd+2]2(<-S=C(NC3[CH-]CCC3)C(NC3CCCC3)=S->2)<-S=C1NC1CCCC1,[CH-]1CCCC1NC1=S->[Pd+2]2(<-S=C(NC3[CH-]CCC3)C(NC3CCCC3)=S->2)<-S=C1NC1CCCC1
CINRIC,,C35 H21 F4 Ir1 N6,0.0,Fc1cc(F)c2-c3ccccn3->[Ir+3]34(<-[c-]2c1)(<-[c-]1cc(F)cc(F)c1-c1ccccn->31)<-n1ccccc1-c1nc(-c2ccccc2)n[n-]->41,Fc1cc(F)c2-c3ccccn3->[Ir+3]34(<-[c-]2c1)(<-[c-]1cc(F)cc(F)c1-c1ccccn->31)<-N1=NC(c2ccccc2)=NC1=C1C=CC=C[N-]->41,Fc1cc(F)c2-c3ccccn3->[Ir+3]34(<-[c-]2c1)(<-[c-]1cc(F)cc(F)c1-c1ccccn->31)<-N1=NC(c2ccccc2)=NC1=C1C=CC=C[N-]->41
CIRFIT,c1csc(-c2sc(-c3cccs3)c3[S-]->[Au+3]4(<-[S-]c23)<-[S-]c2c(-c3cccs3)sc(-c3cccs3)c2[S-]->4)c1,C24 H12 Au1 S10 1-,-1.0,c1csc(-c2sc(-c3cccs3)c3[S-]->[Au+3]4(<-[S-]c23)<-[S-]c2c(-c3cccs3)sc(-c3cccs3)c2[S-]->4)c1,c1csc(C2=S=C(c3cccs3)C3=S->[Au-]4(<-S=C23)<-S=C2C(c3cccs3)=S=C(c3cccs3)C2=S->4)c1,c1csc(C2=S=C(c3cccs3)C3=S->[Au-]4(<-S=C23)<-S=C2C(c3cccs3)=S=C(c3cccs3)C2=S->4)c1
CIRYUY,,C26 H39 N1 Nb1 P1 Si1,0.0,CC(C)c1cccc(C(C)C)c1[N-2]->[NbH+4]1234(<-[SiH2-]c5ccccc5)(<-c5c->1c->2[cH-]->3c->45)<-P(C)(C)C,CC(C)c1cccc(C(C)C)c1[N-2]->[NbH+4]1234(<-[SiH2-]c5ccccc5)(<-c5c->1c->2[cH-]->3c->45)<-P(C)(C)C,CC(C)c1cccc(C(C)C)c1[N-2]->[NbH+4]1234(<-[SiH2-]c5ccccc5)(<-c5c->1c->2[cH-]->3c->45)<-P(C)(C)C
CISYAH,CO[N-]1C(=O)c2ccc([N+](=O)[O-])c[c-]2->[Rh+3]<-12345(<-c1(C)c->2(C)c->3(C)[c-]->4(C)c->51C)<-S(C)(C)=O,C20 H28 N2 O5 Rh1 S1,0.0,CON1C(=O)c2ccc([N+](=O)[O-])c[c-]2->[Rh+2]<-12345(<-c1(C)c->2(C)c->3(C)[c-]->4(C)c->51C)<-S(C)(C)=O,CO[N-]1C(=O)c2ccc([N+](=O)[O-])c[c-]2->[Rh+3]<-12345(<-c1(C)c->2(C)c->3(C)[c-]->4(C)c->51C)<-S(C)(C)=O,CO[N-]1C(=O)c2ccc([N+](=O)[O-])c[c-]2->[Rh+3]<-12345(<-c1(C)c->2(C)c->3(C)[c-]->4(C)c->51C)<-S(C)(C)=O
CIVLUP,N#CC(C#N)=C(c1ccccc1)[C-](=c1ccc(=C(C#N)C#N)cc1)->[Ni+2]1234(<-c5c->1c->2[cH-]->3c->45)<-[P@TB3](c1ccccc1)(c1ccccc1)c1ccccc1,C43 H29 N4 Ni1 P1,0.0,N#CC(C#N)=C(c1ccccc1)[C-](=c1ccc(=C(C#N)C#N)cc1)->[Ni+2]1234(<-c5c->1c->2[cH-]->3c->45)<-P(c1ccccc1)(c1ccccc1)c1ccccc1,N#CC(C#N)=C(c1ccccc1)[C-](=c1ccc(=C(C#N)C#N)cc1)->[Ni+2]1234(<-c5c->1c->2[cH-]->3c->45)<-P(c1ccccc1)(c1ccccc1)c1ccccc1,N#CC(C#N)=C(c1ccccc1)[C-](=c1ccc(=C(C#N)C#N)cc1)->[Ni+2]1234(<-c5c->1c->2[cH-]->3c->45)<-P(c1ccccc1)(c1ccccc1)c1ccccc1
CIVZUE,C=CCc1cc2/C=N3/N=C(/NC)[S-]->[Mo+6]<-3(<-[O-2])(<-[O-2])(<-[O-]c2c(OC)c1)<-OC,C14 H19 Mo1 N3 O5 S1,0.0,C=CCc1cc2C=N3N=C(NC)[S-]->[Mo+6]<-3(<-[O-2])(<-[O-2])(<-[O-]c2c(OC)c1)<-OC,C=CCc1cc2C=N3N=C(NC)[S-]->[Mo+6]<-3(<-[O-2])(<-[O-2])(<-[O-]c2c(OC)c1)<-OC,C=CCc1cc2c(c(OC)c1)[O-]->[Mo+6]1(<-[O-2])(<-[O-2])<-[S-]C(NC)=NN->1=C2.CO
CIWSEH,C[Si](C)(C)[N-]1CCN23CC[N-]([Si](C)(C)C)->[Zr+4]<-1<-2(<-[CH3-])<-[N-](CC3)[Si](C)(C)C,C16 H42 N4 Si3 Zr1,0.0,C[Si](C)(C)[N-]1CCN23CC[N-]([Si](C)(C)C)->[Zr+4]<-1<-2(<-[CH3-])<-[N-](CC3)[Si](C)(C)C,C[Si](C)(C)[N-]1CCN23CC[N-]([Si](C)(C)C)->[Zr+4]<-1<-2(<-[CH3-])<-[N-](CC3)[Si](C)(C)C,C[Si](C)(C)[N-]1CCN23CC[N-]([Si](C)(C)C)->[Zr+4]<-1<-2(<-[CH3-])<-[N-](CC3)[Si](C)(C)C
CIXZAM,CC1/C(C)=N(\c2c(C(C)C)cccc2C(C)C)->[Ni+2](<-[Br-])(<-[Br-])<-N=1/c1c(C(C)C)cccc1C(C)C,C28 H40 Br2 N2 Ni1,0.0,CC1C(C)=N(c2c(C(C)C)cccc2C(C)C)->[Ni+2](<-[Br-])(<-[Br-])<-N=1c1c(C(C)C)cccc1C(C)C,CC1C(C)=N(c2c(C(C)C)cccc2C(C)C)->[Ni+2](<-[Br-])(<-[Br-])<-N=1c1c(C(C)C)cccc1C(C)C,CC1C(C)=N(c2c(C(C)C)cccc2C(C)C)->[Ni+2](<-[Br-])(<-[Br-])<-N=1c1c(C(C)C)cccc1C(C)C
CIYJUP,CO[CH2-]->[Ir+]1(<-C(c2ccc(C)cc2)#C->1c1ccc(C)cc1)(<-P(C)(C)C)(<-P(C)(C)C)<-P(C)(C)C,C27 H46 Ir1 O1 P3,0.0,CO[CH2-]->[Ir+]1(<-C(c2ccc(C)cc2)#C->1c1ccc(C)cc1)(<-P(C)(C)C)(<-P(C)(C)C)<-P(C)(C)C,CO[CH2-]->[Ir+]1(<-C(c2ccc(C)cc2)#C->1c1ccc(C)cc1)(<-P(C)(C)C)(<-P(C)(C)C)<-P(C)(C)C,CO[CH2-]->[Ir+]1(<-C(c2ccc(C)cc2)#C->1c1ccc(C)cc1)(<-P(C)(C)C)(<-P(C)(C)C)<-P(C)(C)C
CIZRIO,,C34 H36 Cr1 O5 Si1,0.0,CCc1c(CC)c(OC)c2c(cc3ccc45->[Cr]6789(<-[C-]#[O+])(<-[C-]#[O+])(<-[C-]#[O+])<-c(c->64)c->7c->84ccc2c3c->954)c1O[Si](C)(C)C(C)(C)C,CCc1c(CC)c(OC)c2c(cc3ccc45->[Cr]6789(<-[C-]#[O+])(<-[C-]#[O+])(<-[C-]#[O+])<-c(c->64)c->7c->84ccc2c3c->954)c1O[Si](C)(C)C(C)(C)C,CCc1c(CC)c(OC)c2c(cc3ccc45->[Cr]6789(<-[C-]#[O+])(<-[C-]#[O+])(<-[C-]#[O+])<-c(c->64)c->7c->84ccc2c3c->954)c1O[Si](C)(C)C(C)(C)C
CNSCCO,N#CC12=N->[Co+3]<-13456(<-[C-]#N)(<-N=C->32C#N)<-[NH-]C->4(C#N)=C->5(C#N)[NH-]->6,C9 H4 Co1 N9,0.0,N#CC1=N->[Co+]2(<-[C-]#N)(<-N=C1C#N)<-N=C(C#N)C(C#N)=N->2,N#CC1[NH-]->[Co+5]2(<-[C-]#N)(<-[NH-]C=1C#N)<-[NH-]C(C#N)=C(C#N)[NH-]->2,N#CC1[NH-]->[Co+5]2(<-[C-]#N)(<-[NH-]C=1C#N)<-[NH-]C(C#N)=C(C#N)[NH-]->2
COBVUL,Cn1cc[n+](C[C@H]2C(=O)[O-]->[Ni@SP2+2]34<-N(/C(=O)[C@@H]5CCCN->35Cc3ccccc3)=C3/C=CC=C/C3=C(\c3ccccc3)[N-]->42)c1,C32 H32 N5 Ni1 O3 1+,1.0,C[n+]1ccn(CC2C(=O)[O-]->[Ni+2]34<-N2=C(c2ccccc2)c2ccccc2[N-]->3C(=O)C2CCCN->42Cc2ccccc2)c1,Cn1cc[n+](CC2C(=O)[O-]->[Ni+2]34<-N(C(=O)C5CCCN->35Cc3ccccc3)=C3C=CC=CC3=C(c3ccccc3)[N-]->42)c1,Cn1cc[n+](CC2C(=O)[O-]->[Ni+2]34<-N(C(=O)C5CCCN->35Cc3ccccc3)=C3C=CC=CC3=C(c3ccccc3)[N-]->42)c1
COCLOW,,C26 H32 Cl4 N6 Ni1 O2 S2,0.0,CC(C)[NH2+]CCN1=Cc2cc(Cl)cc(Cl)c2[O-]->[Ni+2]<-12(<-[N-]=C=S)(<-[N-]=C=S)<-[O-]c1c(Cl)cc(Cl)cc1C=N->2CC[NH2+]C(C)C,CC(C)[NH2+]CCN1=Cc2cc(Cl)cc(Cl)c2[O-]->[Ni+2]<-12(<-[N-]=C=S)(<-[N-]=C=S)<-[O-]c1c(Cl)cc(Cl)cc1C=N->2CC[NH2+]C(C)C,CC(C)NCCN1->[Ni+2]2(<-[O-]c3c(Cl)cc(Cl)cc3C=1)<-[O-]c1c(Cl)cc(Cl)cc1C=N->2CCNC(C)C.N=C=S.N=C=S
CODTOG,,C31 H30 Cl1 Co1 N6 O5,0.0,CC1C(C)=N([O-])->[Co+3]2(<-[Cl-])(<-N=1[O-])(<-N(O)=C(C)C(C)=N->2O)<-n1ccc(C(=O)NCc2ccc3ccc4cccc5ccc2c3c45)cc1,CC1=C(C)N(=O)->[Co+]2(<-[Cl-])(<-N1=O)(<-N(O)=C(C)C(C)=N->2O)<-n1ccc(C(=O)NCc2ccc3ccc4cccc5ccc2c3c45)cc1,CC1=C(C)[N-](O)->[Co+3]2(<-[Cl-])(<-N1=O)(<-N(=O)C(C)=C(C)[N-]->2O)<-n1ccc(C(=O)NCc2ccc3ccc4cccc5ccc2c3c45)cc1
COFDEJ,O=[N+]1[O-]->[Zn+2]234(<-[O-]1)<-n1ccccc1CN->2CCCN->3Cc1ccccn->41,C15 H20 N5 O3 Zn1 1+,1.0,O=[N+]1[O-]->[Zn+2]234(<-[O-]1)<-n1ccccc1CN->2CCCN->3Cc1ccccn->41,O=[N+]1[O-]->[Zn+2]234(<-[O-]1)<-n1ccccc1CN->2CCCN->3Cc1ccccn->41,O=[N+]12[O-]->[Zn+2]<-1345(<-[O-]2)<-n1ccccc1CN->3CCCN->4Cc1ccccn->51
COFPET,[Br-]->[Pd+2](<-[Br-])(<-C1#Sc2ccccc2N1Cc1ccccc1)<-n1ccccc1,C19 H16 Br2 N2 Pd1 S1,0.0,fail,[Br-]->[Pd+2](<-[Br-])(<-C1#Sc2ccccc2N1Cc1ccccc1)<-n1ccccc1,[Br-]->[Pd+2](<-[Br-])(<-C1#Sc2ccccc2N1Cc1ccccc1)<-n1ccccc1
COFTUN,CC(=O)/C=C(/C)Nc1ccccc1[C](NC(C)(C)C)->[Pd+2](<-[I-])(<-[I-])<-[C-]#[N+]C(C)(C)C,C21 H31 I2 N3 O1 Pd1,0.0,CC(=O)C=C(C)Nc1ccccc1[C](NC(C)(C)C)->[Pd+2](<-[I-])(<-[I-])<-[C-]#[N+]C(C)(C)C,CC(=O)C=C(C)Nc1ccccc1[C](NC(C)(C)C)->[Pd+2](<-[I-])(<-[I-])<-[C-]#[N+]C(C)(C)C,CC(=O)C=C(C)Nc1ccccc1[C](NC(C)(C)C)->[Pd+2](<-[I-])(<-[I-])<-[C-]#[N+]C(C)(C)C
COGRAR,,C24 H25 O3 Re1,0.0,Cc12->[Re+5]3456(<-[O-2])(<-[O-]C([O-]->3)=C(c3ccccc3)c3ccccc3)<-c1(C)c->4(C)[c-]->5(C)c->62C,Cc12->[Re+5]3456(<-[O-2])(<-[O-]C([O-]->3)=C(c3ccccc3)c3ccccc3)<-c1(C)c->4(C)[c-]->5(C)c->62C,Cc12->[Re+5]3456(<-[O-2])(<-[O-]C([O-]->3)=C(c3ccccc3)c3ccccc3)<-c1(C)c->4(C)[c-]->5(C)c->62C
COJBEK,[H][P@OH14]1([H])c2ccccc2P->[Mn+]<-1(<-[C-]#[O+])(<-[C-]#[O+])(<-[C-]#[O+])<-P(c1ccccc1F)(c1ccccc1F)c1ccccc1F,C27 H20 F3 Mn1 O3 P3 1+,1.0,[O+]#[C-]->[Mn+]1(<-[C-]#[O+])(<-[C-]#[O+])(<-Pc2ccccc2P->1)<-P(c1ccccc1F)(c1ccccc1F)c1ccccc1F,[O+]#[C-]->[Mn+]1(<-[C-]#[O+])(<-[C-]#[O+])(<-Pc2ccccc2P->1)<-P(c1ccccc1F)(c1ccccc1F)c1ccccc1F,[O+]#[C-]->[Mn+]1(<-[C-]#[O+])(<-[C-]#[O+])(<-Pc2ccccc2P->1)<-P(c1ccccc1F)(c1ccccc1F)c1ccccc1F
COJSAV,C1C=[CH-]->[Co+3]2345(<-[CH-]=1)(<-c1c->2c->3[cH-]->4c->51)<-P(c1ccccc1)(c1ccccc1)c1ccccc1,C27 H24 Co1 P1,0.0,C1C=[CH-]->[Co+3]2345(<-[CH-]=1)(<-c1c->2c->3[cH-]->4c->51)<-P(c1ccccc1)(c1ccccc1)c1ccccc1,C1C=[CH-]->[Co+3]2345(<-[CH-]=1)(<-c1c->2c->3[cH-]->4c->51)<-P(c1ccccc1)(c1ccccc1)c1ccccc1,C1C=[CH-]->[Co+3]2345(<-[CH-]=1)(<-c1c->2c->3[cH-]->4c->51)<-P(c1ccccc1)(c1ccccc1)c1ccccc1
COKZAF,,C21 H16 Cd1 Cl1 N5 O7,0.0,O=[N+]([O-])[O-]->[Cd+2]123(<-O)(<-[O-][N+](=O)[O-]->1)<-n1ccccc1-c1cc(-c4ccc(Cl)cc4)cc(-c4ccccn->24)n->31,O=[N+]([O-])[O-]->[Cd+2]123(<-O)(<-[O-][N+](=O)[O-]->1)<-n1ccccc1-c1cc(-c4ccc(Cl)cc4)cc(-c4ccccn->24)n->31,O.O=[N+]12->[Cd+2]3456(<-[O-]1)(<-[O-]2)(<-[O-][N+]->3(=O)[O-]->4)<-n1ccccc1-c1cc(-c2ccc(Cl)cc2)cc(n->51)-c1ccccn->61
COMBAI,[O+]#[C-]->[Re+]1(<-O)(<-[C-]#[O+])(<-[C-]#[O+])<-O=c2c(Br)cc(Br)cc(Br)c2[O-]->1,C10 H4 Br3 O6 Re1,0.0,[O+]#[C-]->[Re+]1(<-O)(<-[C-]#[O+])(<-[C-]#[O+])<-O=c2c(Br)cc(Br)cc(Br)c2[O-]->1,[O+]#[C-]->[Re+]1(<-O)(<-[C-]#[O+])(<-[C-]#[O+])<-O=c2c(Br)cc(Br)cc(Br)c2[O-]->1,[O+]#[C-]->[Re+]1(<-O)(<-[C-]#[O+])(<-[C-]#[O+])<-O=c2c(Br)cc(Br)cc(Br)c2[O-]->1
COMYAF,Cc12->[Hf+4]345678(<-[Cl-])(<-[CH2-][Si](C)(C)C)<-c1c->31cc3c(cc->41[c-]->52CC[c-]->61c->72ccccc2c2ccccc->821)CCC3,C32 H35 Cl1 Hf1 Si1,0.0,Cc12->[Hf+4]3456789%10(<-[Cl-])(<-[CH2-][Si](C)(C)C)<-c1[c-]->31cc3c(cc->41c->52CC[c-]->61c->72ccccc->82c->92ccccc->%1021)CCC3,Cc12->[Hf+4]3456789%10(<-[Cl-])(<-[CH2-][Si](C)(C)C)<-c1c->31cc3c(cc->41[c-]->52CC[c-]->61c->72ccccc->82c->92ccccc->%1021)CCC3,Cc12->[Hf+4]345678(<-[Cl-])(<-[CH2-][Si](C)(C)C)<-c1c->31cc3c(cc->41[c-]->52CC[c-]->61c->72ccccc2c2ccccc->821)CCC3
CONHUL,S=C(Nc1ccccc1)[N-]1/N=C\C2=CC=C/C3=C/N4=N/C(Nc5ccccc5)=S->[Pt@TB16+2]<-4<-1<-[N-]23,C21 H17 N7 Pt1 S2,0.0,S=C(Nc1ccccc1)[N-]1N=Cc2cccc3C=N4N=C(Nc5ccccc5)[S-]->[Pt+2]<-4<-1<-n23,S=C(Nc1ccccc1)[N-]1N=CC2=CC=CC3=CN4=NC(Nc5ccccc5)=S->[Pt+2]<-4<-1<-[N-]23,S=C(Nc1ccccc1)[N-]1N=CC2=CC=CC3=CN4=NC(Nc5ccccc5)=S->[Pt+2]<-4<-1<-[N-]23
COPNIE,CC(C)[S-]->[Ta+5]12345678(<-[S-2])(<-c9c->1c->2[c-]->3(C(C)(C)C)c->49)<-c1c->5c->6[c-]->7(C(C)(C)C)c->81,C21 H33 S2 Ta1,0.0,CC(C)[S-]->[Ta+5]12345678(<-[S-2])(<-c9c->1c->2(C(C)(C)C)c->3[cH-]->49)<-c1c->5c->6(C(C)(C)C)c->7[cH-]->81,CC(C)[S-]->[Ta+5]12345678(<-[S-2])(<-c9c->1c->2[c-]->3(C(C)(C)C)c->49)<-c1c->5c->6[c-]->7(C(C)(C)C)c->81,CC(C)[S-]->[Ta+5](<-[S-2])(<-[c-]1(C(C)(C)C)cccc1)<-[c-]1(C(C)(C)C)cccc1
COPSAD,CC(C)(C)P1(c2ccccc2-c2ccccc2->[Cu+]<-1(<-O)<-O)C(C)(C)C,C20 H31 Cu1 O2 P1 1+,1.0,CC(C)(C)P(c1ccccc1-c1ccccc1)(->[Cu+](<-O)<-O)C(C)(C)C,CC(C)(C)P(c1ccccc1-c1ccccc1)(->[Cu+](<-O)<-O)C(C)(C)C,CC(C)(C)P1(c2ccccc2-c2ccccc2->[Cu+]<-1(<-O)<-O)C(C)(C)C
COQNAZ,CCOC(=O)/C1[C](N(CC)CC)->[Re+](<-[C-]#[O+])(<-[C-]#[O+])(<-[C-]#[O+])(<-[C-]#[O+])<-[C-]=1\c1ccccc1,C20 H20 N1 O6 Re1,0.0,CCOC(=O)C1[C](N(CC)CC)->[Re+](<-[C-]#[O+])(<-[C-]#[O+])(<-[C-]#[O+])(<-[C-]#[O+])<-[C-]=1c1ccccc1,CCOC(=O)C1[C](c2ccccc2)->[Re+](<-[C-]#[O+])(<-[C-]#[O+])(<-[C-]#[O+])(<-[C-]#[O+])<-[C-]=1N(CC)CC,CCOC(=O)C1[C](c2ccccc2)->[Re+](<-[C-]#[O+])(<-[C-]#[O+])(<-[C-]#[O+])(<-[C-]#[O+])<-[C-]=1N(CC)CC
CORLAW,CC#N->[Sc+3]1(<-[Cl-])(<-[Cl-])(<-[Cl-])<-O(C)CCO->1C,C6 H13 Cl3 N1 O2 Sc1,0.0,CC#N->[Sc+3]1(<-[Cl-])(<-[Cl-])(<-[Cl-])<-O(C)CCO->1C,CC#N->[Sc+3]1(<-[Cl-])(<-[Cl-])(<-[Cl-])<-O(C)CCO->1C,CC#N->[Sc+3]1(<-[Cl-])(<-[Cl-])(<-[Cl-])<-O(C)CCO->1C
CORTOU,CC(C)(C)OC(=O)[C@@H]1CCCN1[C](NC1CCCCC1)->[Pd+2](<-[I-])(<-[I-])<-[C-]#[N+]C1CCCCC1,C23 H39 I2 N3 O2 Pd1,0.0,CC(C)(C)OC(=O)C1CCCN1[C](NC1CCCCC1)->[Pd+2](<-[I-])(<-[I-])<-[C-]#[N+]C1CCCCC1,CC(C)(C)OC(=O)C1CCCN1[C](NC1CCCCC1)->[Pd+2](<-[I-])(<-[I-])<-[C-]#[N+]C1CCCCC1,CC(C)(C)OC(=O)C1CCCN1[C](NC1CCCCC1)->[Pd+2](<-[I-])(<-[I-])<-[C-]#[N+]C1CCCCC1
COSMEE,Cc1cc(C)n(CN2Cn3c(C)cc(C)n3->[Cd+2](<-[Br-])(<-[Br-])<-n3c(C)cc(C)n3C2)n1,C18 H27 Br2 Cd1 N7,0.0,Cc1cc(C)n2->[Cd+2]34(<-[Br-])(<-[Br-])<-n5c(C)cc(C)n5CN->3(Cn12)Cn1c(C)cc(C)n->41,Cc1cc(C)n2->[Cd+2]34(<-[Br-])(<-[Br-])<-n5c(C)cc(C)n5CN->3(Cn12)Cn1c(C)cc(C)n->41,Cc1cc(C)n(CN2Cn3c(C)cc(C)n3->[Cd+2](<-[Br-])(<-[Br-])<-n3c(C)cc(C)n3C2)n1
COTQOS,Cc1cc23-n4c(C)cc(C)n4->[Fe+2]<-2(<-[Cl-])(<-[Cl-])<-n3c2ccccc12,C15 H15 Cl2 Fe1 N3,0.0,Cc1cc2-n3c(C)cc(C)n3->[Fe+2](<-[Cl-])(<-[Cl-])<-n2c2ccccc12,Cc1cc2-n3c(C)cc(C)n3->[Fe+2](<-[Cl-])(<-[Cl-])<-n2c2ccccc12,Cc1cc2-n3c(C)cc(C)n3->[Fe+2](<-[Cl-])(<-[Cl-])<-n2c2ccccc12
COWQUA,CC1/C=C(/C)[O-]->[Ru+2]2(<-[C-]#[N+]C(C)(C)C)(<-[C-]#[N+]C(C)(C)C)(<-O=1)<-O=C(C)/C=C(/C)[O-]->2,C20 H32 N2 O4 Ru1,0.0,CC1=CC(C)=O->[Ru+2]2(<-[C-]#[N+]C(C)(C)C)(<-[C-]#[N+]C(C)(C)C)(<-O=C(C)C=C(C)[O-]->2)<-[O-]1,CC1=CC(C)=O->[Ru+2]2(<-[C-]#[N+]C(C)(C)C)(<-[C-]#[N+]C(C)(C)C)(<-O=C(C)C=C(C)[O-]->2)<-[O-]1,CC1=CC(C)=O->[Ru+2]2(<-[C-]#[N+]C(C)(C)C)(<-[C-]#[N+]C(C)(C)C)(<-O=C(C)C=C(C)[O-]->2)<-[O-]1
COYZIZ,,C25 H24 O4 W1,0.0,[O+]#[C-]->[W+2]1(<-[C-]#[O+])(<-[C-]#[O+])(<-[C-]#[O+])(<-[C-2](c2ccccc2)c2ccccc2)<-C2=C->1CCCCCC2,[O+]#[C-]->[W]1(<-[C-]#[O+])(<-[C-]#[O+])(<-[C-]#[O+])(<-[C](c2ccccc2)c2ccccc2)<-C2=C->1CCCCCC2,[O+]#[C-]->[W]1(<-[C-]#[O+])(<-[C-]#[O+])(<-[C-]#[O+])(<-[C](c2ccccc2)c2ccccc2)<-C2=C->1CCCCCC2
CPAZCO,Fc1c(F)c(F)c(/N2=N3/N4=N(/c5c(F)c(F)c(F)c(F)c5F)->[Co+]<-2<-3<-45678<-c2c->5c->6[cH-]->7c->82)c(F)c1F,C17 H5 Co1 F10 N4,0.0,Fc1c(F)c(F)c(N2=NN=N(c3c(F)c(F)c(F)c(F)c3F)->[Co+]<-23456<-c2c->3c->4[cH-]->5c->62)c(F)c1F,Fc1c(F)c(F)c(N2=NN=N(c3c(F)c(F)c(F)c(F)c3F)->[Co+]<-23456<-c2c->3c->4[cH-]->5c->62)c(F)c1F,Fc1c(F)c(F)c(N2=NN=N(c3c(F)c(F)c(F)c(F)c3F)->[Co+]<-23456<-c2c->3c->4[cH-]->5c->62)c(F)c1F
CPETMO,,C25 H34 Mo1 O6 P2,0.0,COP(OC)(OC)->[Mo+4]12345(<-[C-2](c6ccccc6)[CH-]->1c1ccccc1)(<-c1c->2c->3[cH-]->4c->51)<-P(OC)(OC)OC,COP(OC)(OC)->[Mo+2]12345(<-[C-](c6ccccc6)=C->1c1ccccc1)(<-c1c->2c->3[cH-]->4c->51)<-P(OC)(OC)OC,COP(OC)(OC)->[Mo+2]12345(<-[C-](c6ccccc6)=C->1c1ccccc1)(<-c1c->2c->3[cH-]->4c->51)<-P(OC)(OC)OC
CPNBCH,,C11 H11 Nb1 O1,0.0,[O+]#[C]->[NbH+2]12345678(<-c9c->1c->2[cH-]->3c->49)<-c1c->5c->6[cH-]->7c->81,[O+]#[C-]->[NbH+2]12345678(<-c9c->1c->2[cH-]->3c->49)<-c1c->5c->6[cH-]->7c->81,[O+]#[C-]->[NbH+2]12345678(<-c9c->1c->2[cH-]->3c->49)<-c1c->5c->6[cH-]->7c->81
CRMTBH,C=[N+]1[O-]->[Cr+4]23(<-[O-]N(C)C(=S->2)c2ccccc2)(<-[O-]N(C)C(=S->3)c2ccccc2)<-[S-][C-]1c1ccccc1,C24 H24 Cr1 N3 O3 S3,0.0,CN1[O-]->[Cr+3]23(<-[O-]N(C)C(=S->2)c2ccccc2)(<-[O-]N(C)C(=S->3)c2ccccc2)<-S=C1c1ccccc1,C=[N+]1[O-]->[Cr+2]23(<-[O-]N(C)C(=S->2)c2ccccc2)(<-[O-]N(C)C(=S->3)c2ccccc2)<-S=C1c1ccccc1,C=[N+]1[O-]->[Cr+2]23(<-[O-]N(C)C(=S->2)c2ccccc2)(<-[O-]N(C)C(=S->3)c2ccccc2)<-S=C1c1ccccc1
CUCFOV,,C42 H48 N4 P2 Pt1 S2 Si2,0.0,C[Si](C)(C)N=S=[N-]->[Pt+2](<-[N-]=S=N[Si](C)(C)C)(<-P(c1ccccc1)(c1ccccc1)c1ccccc1)<-P(c1ccccc1)(c1ccccc1)c1ccccc1,[C-3][Si]([C-3])([C-3])N=S=[N-]->[Pt+20](<-[N-]=S=N[Si]([C-3])([C-3])[C-3])(<-P(c1ccccc1)(c1ccccc1)c1ccccc1)<-P(c1ccccc1)(c1ccccc1)c1ccccc1,C1=C2C=1[Si]21N=S=[N-]->[Pt+2](<-N#S#[N+][Si]12C1=[C-][C-]12)(<-P(c1ccccc1)(c1ccccc1)c1ccccc1)<-P(c1ccccc1)(c1ccccc1)c1ccccc1
CUDBOU,,C18 H13 Cl1 N4 Pd1,0.0,[Cl-]->[Pd+2]12<-[c-]3ccccc3N=N->1c1ccccc1N->2=Nc1ccccc1,[Cl-]->[Pd+6]12<-[C]3[CH-][CH-][CH+][CH-][C+]3[N-][N-]->1c1ccccc1[N-]->2[N-]c1ccccc1,[Cl-]->[Pd+6]12<-[C]3[CH-][CH-][CH+][CH-][C+]3[N-][N-]->1c1ccccc1[N-]->2[N-]c1ccccc1
CUDQAT,[O-2]->[Mo+6]12(<-[O-2])(<-[O-]C[C@H]3CCCCO->13)<-[O-]C1(C3(O->2)CCCCC3)CCCCC1,C18 H32 Mo1 O6,0.0,[O-2]->[Mo+6]12(<-[O-2])(<-[O-]CC3CCCCO->13)<-[O-]C1(C3(O->2)CCCCC3)CCCCC1,[O-2]->[Mo+6]12(<-[O-2])(<-[O-]CC3CCCCO->13)<-[O-]C1(C3(O->2)CCCCC3)CCCCC1,[O-2]->[Mo+6](<-[O-2])(<-[O-]CC1CCCCO1)<-[O-]C1(C2(O)CCCCC2)CCCCC1
CUFLUK,Clc1c(Cl)c(Cl)c2[O-]->[Pd+2]3(<-[O-]c2c1Cl)<-n1ccc(-c2ccccc2)c2ccc4c(-c5ccccc5)ccn->3c4c21,C30 H16 Cl4 N2 O2 Pd1,0.0,ClC1=C(Cl)C(Cl)=C(Cl)C2=O->[Pd]3(<-O=C21)<-n1ccc(-c2ccccc2)c2ccc4c(-c5ccccc5)ccn->3c4c21,Clc1c(Cl)c(Cl)c2[O-]->[Pd+2]3(<-[O-]c2c1Cl)<-n1ccc(-c2ccccc2)c2ccc4c(-c5ccccc5)ccn->3c4c21,Clc1c(Cl)c(Cl)c2[O-]->[Pd+2]3(<-[O-]c2c1Cl)<-n1ccc(-c2ccccc2)c2ccc4c(-c5ccccc5)ccn->3c4c21
CUGMIC,CCn1c2[S-]->[Ti+4]3456789%10(<-[S-]c2sc1=S)(<-c1c->3c->4[cH-]->5c->61)<-c1c->7c->8[cH-]->9c->%101,C15 H15 N1 S4 Ti1,0.0,CCn1c2[S-]->[Ti+4]3456789%10(<-[S-]c2sc1=S)(<-c1c->3c->4[cH-]->5c->61)<-c1c->7c->8[cH-]->9c->%101,CCN1C(=S)SC2=S->[Ti+2]3456789%10(<-S=C21)(<-c1c->3c->4[cH-]->5c->61)<-c1c->7c->8[cH-]->9c->%101,CCN1C(=S)SC2=S->[Ti+2]3456789%10(<-S=C21)(<-c1c->3c->4[cH-]->5c->61)<-c1c->7c->8[cH-]->9c->%101
CUJFUI,COP12->[Rh@+](<-[Cl-])(<-[C-]#[O+])<-N(C)(CCO1)CCN(C)CCO2,C10 H21 Cl1 N2 O4 P1 Rh1,0.0,COP12->[Rh+]3(<-[Cl-])(<-[C-]#[O+])<-N(C)(CCO1)CCN->3(C)CCO2,COP12->[Rh+]3(<-[Cl-])(<-[C-]#[O+])<-N(C)(CCO1)CCN->3(C)CCO2,COP12->[Rh+](<-[Cl-])(<-[C-]#[O+])<-N(C)(CCO1)CCN(C)CCO2
CUKJID,Cc1cccc2[CH2-]->[Ir+3]3456(<-[CH3-])(<-c7(C)c->3(C)c->4(C)[c-]->5(C)c->67C)<-P(c12)(C(C)C)C(C)C,C25 H40 Ir1 P1,0.0,Cc1cccc2[CH2-]->[Ir+3]3456(<-[CH3-])(<-c7(C)c->3(C)c->4(C)[c-]->5(C)c->67C)<-P(c12)(C(C)C)C(C)C,Cc1cccc2[CH2-]->[Ir+3]3456(<-[CH3-])(<-c7(C)c->3(C)c->4(C)[c-]->5(C)c->67C)<-P(c12)(C(C)C)C(C)C,Cc1cccc2[CH2-]->[Ir+3]3456(<-[CH3-])(<-c7(C)c->3(C)c->4(C)[c-]->5(C)c->67C)<-P(c12)(C(C)C)C(C)C
CUKSOS,[BH3-][P+]([C-3]->[W+4]12(<-[C-]#[O+])(<-[C-]#[O+])<-n3c(C)cc(C)n3[BH-](n3c(C)cc(C)n->13)n1c(C)cc(C)n->21)([C+]1[CH+][CH+][CH+][CH-][CH-]1)[C-]1[CH+][CH+][CH-][CH-][CH-]1,C30 H35 B2 N6 O2 P1 W1,0.0,[BH3-][P]([C-3]->[W+5]12(<-[C-]#[O+])(<-[C-]#[O+])<-[n-]3c(C)cc(C)[n+]3[BH-]([n+]3c(C)cc(C)[n-]->13)[n+]1c(C)cc(C)[n-]->21)(c1ccccc1)c1ccccc1,[BH3-]P(=[C]->[W+2]12(<-[C-]#[O+])(<-[C-]#[O+])<-n3c(C)cc(C)n3[BH-](n3c(C)cc(C)n->13)n1c(C)cc(C)n->21)(c1ccccc1)c1ccccc1,[BH3-]P(=[C]->[W+2]12(<-[C-]#[O+])(<-[C-]#[O+])<-n3c(C)cc(C)n3[BH-](n3c(C)cc(C)n->13)n1c(C)cc(C)n->21)(c1ccccc1)c1ccccc1
CUNKEB,C1CN2CCN3CCN->[Co+3]<-2<-34567(<-N1)(<-O=N->4[O-]->5)<-O=N->6[O-]->7,C6 H18 Co1 N6 O4 1+,1.0,O=[N+](=O)->[Co-]123(<-NCCN->1CCN->2CCN->3)<-[N+](=O)=O,O=N([O-])->[Co+3]123(<-NCCN->1CCN->2CCN->3)<-N(=O)[O-],O=N([O-])->[Co+3]123(<-NCCN->1CCN->2CCN->3)<-N(=O)[O-]
CUPZOC,,C12 H38 P4 Rh1 1+,1.0,CP(C)(C)->[RhH2+](<-P(C)(C)C)(<-P(C)(C)C)<-P(C)(C)C,CP(C)(C)->[RhH2+](<-P(C)(C)C)(<-P(C)(C)C)<-P(C)(C)C,CP(C)(C)->[RhH2+](<-P(C)(C)C)(<-P(C)(C)C)<-P(C)(C)C
CUQVOA,COC(=O)C1=C(C(=O)OC)C2(C(OC)=O->[Pd@TB6+2]34(<-[Cl-])<-N[C@@H](C(=O)OC)c5ccccc5[C-]->32C->4(=O)OC)C(C(=O)OC)=C1C(=O)OC,C27 H28 Cl1 N1 O14 Pd1,0.0,COC(=O)C1=C(C(=O)OC)C2(C(OC)=O->[Pd+2]3(<-[Cl-])<-NC(C(=O)OC)c4ccccc4[C-]->32C(=O)OC)C(C(=O)OC)=C1C(=O)OC,COC(=O)C1=C(C(=O)OC)C2(C(OC)=O->[Pd+2]3(<-[Cl-])<-NC(C(=O)OC)c4ccccc4[C-]->32C(=O)OC)C(C(=O)OC)=C1C(=O)OC,COC(=O)C1=C(C(=O)OC)C2(C(OC)=O->[Pd+2]34(<-[Cl-])<-NC(C(=O)OC)c5ccccc5[C-]->32C->4(=O)OC)C(C(=O)OC)=C1C(=O)OC
CUSBAU,,C12 H9 Br2 Hg1 N9,0.0,[Br-]->[Hg+2]12(<-[Br-])<-n3c(-n4cccn->14)nc(-n1cccn1)nc3-n1cccn->21,[Br-]->[Hg+2]<-[Br-].c1cnn(-c2nc(-n3cccn3)nc(-n3cccn3)n2)c1,[Br-]->[Hg+2]<-[Br-].c1cnn(-c2nc(-n3cccn3)nc(-n3cccn3)n2)c1
CUSYOE,O=[N+]([O-])[O-]->[Ni+2](<-[O-][N+](=O)[O-])(<-n1c2n(c3ccccc31)CCO[C@@H]2c1ccccc1)<-n1c2n(c3ccccc31)CCO[C@@H]2c1ccccc1,C32 H28 N6 Ni1 O8,0.0,O=[N+]1[O-]->[Ni+2]2(<-[O-]1)(<-[O-][N+](=O)[O-]->2)(<-n1c2n(c3ccccc31)CCOC2c1ccccc1)<-n1c2n(c3ccccc31)CCOC2c1ccccc1,O=[N+]1[O-]->[Ni+2]2(<-[O-]1)(<-[O-][N+](=O)[O-]->2)(<-n1c2n(c3ccccc31)CCOC2c1ccccc1)<-n1c2n(c3ccccc31)CCOC2c1ccccc1,O=[N+]([O-])[O-]->[Ni+2](<-[O-][N+](=O)[O-])(<-n1c2n(c3ccccc31)CCOC2c1ccccc1)<-n1c2n(c3ccccc31)CCOC2c1ccccc1
CUVNUD,Cc1c2(C)->[Cu@TB13+]34(<-c(c->32C)[c-]->41C)<-P(c1ccccc1)(c1ccccc1)c1ccccc1,C27 H28 Cu1 P1,0.0,Cc12->[Cu+]345(<-[cH-]1c->3(C)c->4(C)c->52C)<-P(c1ccccc1)(c1ccccc1)c1ccccc1,Cc12->[Cu+]345(<-c1[c-]->3(C)c->4(C)c->52C)<-P(c1ccccc1)(c1ccccc1)c1ccccc1,Cc12->[Cu+]345(<-c1[c-]->3(C)c->4(C)c->52C)<-P(c1ccccc1)(c1ccccc1)c1ccccc1
CUXMOZ,CS(C)=C(C(=O)c1cccc(Br)c1)->[Pd+2](<-[Cl-])(<-[Cl-])<-S(C)(C)=O,C12 H17 Br1 Cl2 O2 Pd1 S2,0.0,C[S+](C)[CH-](C(=O)c1cccc(Br)c1)->[Pd+2](<-[Cl-])(<-[Cl-])<-S(C)(C)=O,CS(C)=C(C(=O)c1cccc(Br)c1)->[Pd+2](<-[Cl-])(<-[Cl-])<-S(C)(C)=O,CS(C)=C(C(=O)c1cccc(Br)c1)->[Pd+2](<-[Cl-])(<-[Cl-])<-S(C)(C)=O
CUYLAK,,C15 H30 La1 N3 O6 S3,0.0,CO1CCO(C)->[La+3]<-123(<-[N-]=C=S)(<-[N-]=C=S)(<-[N-]=C=S)(<-O(C)CCO->2C)<-O(C)CCO->3C,CO1CCO(C)->[La]<-123(NCS)(NCS)(NCS)(<-O(C)CCO->2C)<-O(C)CCO->3C,CO1CCO(C)->[La]<-123(NCS)(NCS)(NCS)(<-O(C)CCO->2C)<-O(C)CCO->3C
DABKAT,CC(C)N([B-]1=C23->[Zr+4]456789%10(<-[Cl-])(<-[Cl-])(<-c%11c->4c->5[c-]->61c->7%11)<-c21ccccc->81-c->91ccccc->%1013)C(C)C,C24 H26 B1 Cl2 N1 Zr1,0.0,CC(C)N(B1c23->[Zr+4]456789%10(<-[Cl-])(<-[Cl-])(<-c(c->42)[cH-]->5c->63)<-c23ccccc->72[c-]->81c->91ccccc->%1031)C(C)C,CC(C)N([B-]1=C23->[Zr+4]456789%10(<-[Cl-])(<-[Cl-])(<-C(=C->42)C->5=C->63)<-c12c->71ccccc->81c->91cccc[c-]->%1021)C(C)C,CC(C)N([B-]1=C23->[Zr+4]456789%10(<-[Cl-])(<-[Cl-])(<-C(=C->42)C->5=C->63)<-c12c->71ccccc->81c->91cccc[c-]->%1021)C(C)C
DACZEP,,C34 H38 B1 N6 O1 P1 Ru1,0.0,Cc1cc(C)n2->[RuH+]3(<-[C-]#[O+])(<-n4c(C)cc(C)n4[BH-](n12)n1c(C)cc(C)n->31)<-P(c1ccccc1)(c1ccccc1)c1ccccc1,Cc1cc(C)n2->[RuH+]3(<-[C-]#[O+])(<-n4c(C)cc(C)n4[BH-](n12)n1c(C)cc(C)n->31)<-P(c1ccccc1)(c1ccccc1)c1ccccc1,Cc1cc(C)n2->[RuH+]3(<-[C-]#[O+])(<-n4c(C)cc(C)n4[BH-](n12)n1c(C)cc(C)n->31)<-P(c1ccccc1)(c1ccccc1)c1ccccc1
DAFVAH,,C14 H14 Cd1 I2 N2 S2,0.0,NC(=S->[Cd+2](<-[I-])(<-[I-])<-S=C(N)c1ccccc1)c1ccccc1,NC(=S->[Cd+2](<-[I-])(<-[I-])<-S=C(N)c1ccccc1)c1ccccc1,NC(=S)c1ccccc1.NC(=S->[Cd+2](<-[I-])<-[I-])c1ccccc1
DAGNOP,Clc1c(Cl)c(Cl)c2[O-]->[Pd+4]3(<-[O-]c4c(Cl)c(Cl)c(Cl)c(Cl)c4O[C@@H]4[C@@H]5C[C@@H](c6ccccc65)[CH-]->34)(<-[CH-]3[C@H](Oc2c1Cl)[C@@H]1C[C@H]3c2ccccc21)<-O1CCCC1,C38 H28 Cl8 O5 Pd1,0.0,Clc1c(Cl)c(Cl)c2[O-]->[Pd+4]3(<-[O-]c4c(Cl)c(Cl)c(Cl)c(Cl)c4OC4C5CC(c6ccccc65)[CH-]->34)(<-[CH-]3C4CC(c5ccccc54)C3Oc2c1Cl)<-O1CCCC1,Clc1c(Cl)c(Cl)c2[O-]->[Pd+4]3(<-[O-]c4c(Cl)c(Cl)c(Cl)c(Cl)c4OC4C5CC(c6ccccc65)[CH-]->34)(<-[CH-]3C4CC(c5ccccc54)C3Oc2c1Cl)<-O1CCCC1,C1CCOC1.Clc1c(Cl)c(Cl)c2c(c1Cl)OC1C3CC(c4ccccc43)[CH-]1->[Pd+4]1(<-[O-]2)<-[O-]c2c(Cl)c(Cl)c(Cl)c(Cl)c2OC2C3CC(c4ccccc43)[CH-]->12
DAHMEG,CO1c2cccc[c-]2->[Sc+3]<-123456(<-[N-](C(C)(C)C)[Si](C)(C)[c-]->21c->3(C)c->4(C)c->5(C)c->61C)<-O1CCCC1,C26 H42 N1 O2 Sc1 Si1,0.0,CO1c2cccc[c-]2->[Sc+3]<-123456(<-[N-](C(C)(C)C)[Si](C)(C)[c-]->21c->3(C)c->4(C)c->5(C)c->61C)<-O1CCCC1,CO1c2cccc[c-]2->[Sc+3]<-123456(<-[N-](C(C)(C)C)[Si](C)(C)[c-]->21c->3(C)c->4(C)c->5(C)c->61C)<-O1CCCC1,Cc1c(C)c2(C)->[Sc+3]34(<-[c-]5ccccc5O->3C)(<-[N-](C(C)(C)C)[Si](C)(C)[c-]->42c1C)<-O1CCCC1
DAHYAO,S=C=[N-]->[Zn+2]1(<-[N-]=C=S)<-n2ccccc2CSCCCSCc2ccccn->12,C17 H18 N4 S4 Zn1,0.0,S=C=[N-]->[Zn+2]123(<-[N-]=C=S)<-n4ccccc4CS->1CCCS->2Cc1ccccn->31,S=C=[N-]->[Zn+2]123(<-[N-]=C=S)<-n4ccccc4CS->1CCCS->2Cc1ccccn->31,S=C=[N-]->[Zn+2]1(<-[N-]=C=S)<-n2ccccc2CSCCCSCc2ccccn->12
DAJDAW,,C17 H39 N1 O1 P2 Ru1,0.0,CC(C)P1(CCN2CCP(C(C)C)(C(C)C)->[RuH2]<-2<-1<-[C-]#[O+])C(C)C,CC(C)P1(CCN2CCP(C(C)C)(C(C)C)->[RuH2]<-2<-1<-[C-]#[O+])C(C)C,CC(C)P1(CCN2CCP(C(C)C)(C(C)C)->[RuH2]<-2<-1<-[C-]#[O+])C(C)C
DAJLIM,Cc1ccc([O-]->[Zn@TB7+2]23<-n4ccn(C)c4S[C-](Sc4n(C)ccn->24)Sc2n(C)ccn->32)cc1,C20 H22 N6 O1 S3 Zn1,0.0,Cc1ccc([O-]->[Zn+2]234<-n5ccn(C)c5S[C-]->2(Sc2n(C)ccn->32)Sc2n(C)ccn->42)cc1,Cc1ccc([O-]->[Zn+2]23<-n4ccn(C)c4S[C-](Sc4n(C)ccn->24)Sc2n(C)ccn->32)cc1,Cc1ccc([O-]->[Zn+2]234<-n5ccn(C)c5S[C-]->2(Sc2n(C)ccn->32)Sc2n(C)ccn->42)cc1
DAJQOX,Cc1cccn2->[Au+3](<-[Cl-])(<-[Cl-])<-[c-]3cccc(F)c3-c12,C12 H9 Au1 Cl2 F1 N1,0.0,Cc1cccn2->[Au+3](<-[Cl-])(<-[Cl-])<-[c-]3cccc(F)c3-c12,Cc1cccn2->[Au+3](<-[Cl-])(<-[Cl-])<-[c-]3cccc(F)c3-c12,Cc1cccn2->[Au+3](<-[Cl-])(<-[Cl-])<-[c-]3cccc(F)c3-c12
DAKGIG,,C27 H29 F12 Ir1 N1 O2 P1,0.0,Cc1ccn2->[IrH+2]3(<-[C-]#[O+])(<-[O-]C(CP->3(C(C)(C)C)C(C)(C)C)(C(F)(F)F)C(F)(F)F)<-[c-]3c(-c2c1)cc(C(F)(F)F)cc3C(F)(F)F,Cc1ccn2->[IrH+2]3(<-[C-]#[O+])(<-[O-]C(CP->3(C(C)(C)C)C(C)(C)C)(C(F)(F)F)C(F)(F)F)<-[c-]3c(-c2c1)cc(C(F)(F)F)cc3C(F)(F)F,Cc1ccn2->[IrH+2]3(<-[C-]#[O+])(<-[O-]C(CP->3(C(C)(C)C)C(C)(C)C)(C(F)(F)F)C(F)(F)F)<-[c-]3c(-c2c1)cc(C(F)(F)F)cc3C(F)(F)F
DAKXIZ,O=C([O-]->[Ag+]<-[C]1N([C@]23C[C@H]4C[C@H](C[C@H](C4)C2)C3)C=CN1[C@]12C[C@H]3C[C@H](C[C@H](C3)C1)C2)c1ccccc1,C30 H37 Ag1 N2 O2,0.0,O=C([O-]->[Ag+]<-[C]1N(C23CC4CC(CC(C4)C2)C3)C=CN1C12CC3CC(CC(C3)C1)C2)c1ccccc1,O=C([O-]->[Ag+]<-[C]1N(C23CC4CC(CC(C4)C2)C3)C=CN1C12CC3CC(CC(C3)C1)C2)c1ccccc1,C1=CN(C23CC4CC(CC(C4)C2)C3)[C](->[Ag+]23<-O=C->2([O-]->3)c2ccccc2)N1C12CC3CC(CC(C3)C1)C2
DALGII,CC(C)c12->[Os+2]34567(<-[Cl-])(<-c(c->31)c->4(C)c->5c->62)<-N(=N\c1cc(Cl)ccn->71)/c1ccccc1,C21 H22 Cl2 N3 Os1 1+,1.0,CC(C)c12->[Os+2]34567(<-[Cl-])(<-c(c->31)c->4(C)c->5c->62)<-N(=Nc1cc(Cl)ccn->71)c1ccccc1,CC(C)c12->[Os+2]34567(<-[Cl-])(<-c(c->31)c->4(C)c->5c->62)<-N(=Nc1cc(Cl)ccn->71)c1ccccc1,CC(C)c1ccc2(C)->[Os+2]34(<-[Cl-])(<-c1c->32)<-N(=Nc1cc(Cl)ccn->41)c1ccccc1
DALRUE,C[O-]->[V+5]12(<-[O-2])(<-[O-]C(=O)[C@H](C(C)C)/N->1=C/c1cc3ccccc3cc1[O-]->2)<-OC,C18 H22 N1 O6 V1,0.0,C[O-]->[V+5]12(<-[O-2])(<-[O-]C(=O)C(C(C)C)N->1=Cc1cc3ccccc3cc1[O-]->2)<-OC,C[O-]->[V+5]12(<-[O-2])(<-[O-]C(=O)C(C(C)C)N->1=Cc1cc3ccccc3cc1[O-]->2)<-OC,CO.C[O-]->[V+5]12(<-[O-2])<-[O-]C(=O)C(C(C)C)N->1=Cc1cc3ccccc3cc1[O-]->2
DAMBEA,,C29 H33 N3 Ru1,0.0,CC1=C2C=CC=C3C(C)=N(c4c(C)cc(C)cc4C)->[Ru+2]4(<-C#C->4)(<-[N-]32)<-[N-]1c1c(C)cc(C)cc1C,CC1c2cccc3C(C)=N(c4c(C)cc(C)cc4C)->[Ru]4(<-C#C->4)(<-N=1c1c(C)cc(C)cc1C)<-n23,CC1c2cccc3C(C)=N(c4c(C)cc(C)cc4C)->[Ru]4(<-C#C->4)(<-N=1c1c(C)cc(C)cc1C)<-n23
DAMKEJ,CC1=O->[Zn+2]23(<-O=C(C)[O-]->2)(<-[O-]1)<-N(=C(N1CCCCC1)N1CCCCC1)c1cccc2cccn->3c12,C24 H32 N4 O4 Zn1,0.0,CC(=O)[O-]->[Zn+2]1(<-[O-]C(C)=O)<-N(=C(N2CCCCC2)N2CCCCC2)c2cccc3cccn->1c23,CC(=O)[O-]->[Zn+2]1(<-[O-]C(C)=O)<-N(=C(N2CCCCC2)N2CCCCC2)c2cccc3cccn->1c23,CC12=O->[Zn+2]<-1345(<-O=C->3(C)[O-]->4)(<-[O-]2)<-N(=C(N1CCCCC1)N1CCCCC1)c1cccc2cccn->5c12
DAMWIZ,Cc12->[Ti+4]34567(<-[Cl-])(<-[NH-]N->3(C)C)(<-[NH-]N->4(C)C)<-c1(C)c->5(C)[c-]->6(C)c->72C,C14 H29 Cl1 N4 Ti1,0.0,Cc12->[Ti+4]34567(<-[Cl-])(<-[NH-]N->3(C)C)(<-[NH-]N->4(C)C)<-c1(C)c->5(C)[c-]->6(C)c->72C,CN(C)[NH-]->[Ti+4]12345(<-[Cl-])(<-[NH-]N->1(C)C)<-c1(C)c->2(C)c->3(C)[c-]->4(C)c->51C,CN(C)[NH-]->[Ti+4]12345(<-[Cl-])(<-[NH-]N->1(C)C)<-c1(C)c->2(C)c->3(C)[c-]->4(C)c->51C
DANMOW,CC[n+]1c(C)c(C)n2C[CH2-]->[Ru+2](<-[Cl-])(<-[c-]21)(<-S(C)(C)=O)(<-S(C)(C)=O)<-S(C)(C)=O,C15 H33 Cl1 N2 O3 Ru1 S3,0.0,CCN1C(C)=C(C)N2C[CH2-]->[Ru+2](<-[Cl-])(<-[C]12)(<-S(C)(C)=O)(<-S(C)(C)=O)<-S(C)(C)=O,CCn1c(C)c(C)[n+]2C[CH2-]->[Ru+2](<-[Cl-])(<-[c-]12)(<-S(C)(C)=O)(<-S(C)(C)=O)<-S(C)(C)=O,CCn1c(C)c(C)[n+]2C[CH2-]->[Ru+2](<-[Cl-])(<-[c-]12)(<-S(C)(C)=O)(<-S(C)(C)=O)<-S(C)(C)=O
DAPBUU,CN12CCN3(C)c4ccccc4[S-]->[W+6]<-1<-3(<-[S-2])(<-[S-2])<-[S-]c1ccccc12,C16 H18 N2 S4 W1,0.0,fail,CN12CCN3(C)c4ccccc4[S-]->[W+6]<-1<-3(<-[S-2])(<-[S-2])<-[S-]c1ccccc12,CN12CCN3(C)c4ccccc4[S-]->[W+6]<-1<-3(<-[S-2])(<-[S-2])<-[S-]c1ccccc12
DAPZIF,Cc1ccc2ccc3ccc(C)n4->[Pd+2](<-[Br-])(<-[Br-])(<-n1c2c34)<-S(C)(C)=O,C16 H18 Br2 N2 O1 Pd1 S1,0.0,Cc1ccc2ccc3ccc(C)n4->[Pd+2](<-[Br-])(<-[Br-])(<-n1c2c34)<-S(C)(C)=O,Cc1ccc2ccc3ccc(C)n(->[Pd+2](<-[Br-])(<-[Br-])<-S(C)(C)=O)c3c2n1,Cc1ccc2ccc3ccc(C)n4->[Pd+2](<-[Br-])(<-[Br-])(<-n1c2c34)<-S(C)(C)=O
DAQLOY,c1ccc(C2=C(/c3ccccn3)[N-]3NC(=S->[Ag@@+]<-34<-S=C(/N=N->4/2)N2CCCCCC2)N2CCCCCC2)nc1,C26 H33 Ag1 N8 S2,0.0,c1ccc(C2=C(c3ccccn3)[N-]3NC(=S->[Ag+3]<-34<-[S-]C(=N[N-]->42)N2CCCCCC2)N2CCCCCC2)nc1,c1ccc(C2=C(c3ccccn3)[N-]3NC(=S->[Ag+]<-34<-S=C(N=N->42)N2CCCCCC2)N2CCCCCC2)nc1,c1ccc(C2=C(c3ccccn3)[N-]3NC(=S->[Ag+]<-34<-S=C(N=N->42)N2CCCCCC2)N2CCCCCC2)nc1
DARFEH,,C11 H10 Cr1 O8,0.0,COC=C(OC)[C-2](OC)->[Cr+2](<-[C-]#[O+])(<-[C-]#[O+])(<-[C-]#[O+])(<-[C-]#[O+])<-[C-]#[O+],COC=C(OC)[C](OC)->[Cr](<-[C-]#[O+])(<-[C-]#[O+])(<-[C-]#[O+])(<-[C-]#[O+])<-[C-]#[O+],COC=C(OC)[C](OC)->[Cr](<-[C-]#[O+])(<-[C-]#[O+])(<-[C-]#[O+])(<-[C-]#[O+])<-[C-]#[O+]
DARXUR,C[Si](C)(C)[CH2-]->[Sc+3]12(<-[CH2-][Si](C)(C)C)(<-[N-]3C=CC=CC3=C->13c1ccccc1-c1ccccc->213)<-O1CCCC1,C30 H42 N1 O1 Sc1 Si2,0.0,fail,C[Si](C)(C)[CH2-]->[Sc+3]123(<-[CH2-][Si](C)(C)C)(<-c4cccc5c->14C->2(=C1C=CC=C[N-]->31)c1ccccc1-5)<-O1CCCC1,C[Si](C)(C)[CH2-]->[Sc+3]123(<-[CH2-][Si](C)(C)C)(<-c4cccc5c->14C->2(=C1C=CC=C[N-]->31)c1ccccc1-5)<-O1CCCC1
DAVHOY,,C11 H24 Cl1 N2 O5 S2 Zn1 1+,1.0,[O-][Cl+3]([O-])([O-])[O-]->[Zn+2]1234<-NCCCN->15CCS->2CCO->3CCS->4CC5,C1CN->[Zn+8]234<-O5CCS->2CCN->3(C1)CCS->4CC5.[O-2].[O-2].[O-2].[O-]Cl,[O-2].[O-2].[O-2]->[Zn+8]123<-NCCCN->14CCS->2CCOCCS->3CC4.[O-]Cl
DAWXEE,CCO[C](N=C(C(C)(C)C)C(C)(C)C)->[Cr](<-[C-]#[O+])(<-[C-]#[O+])(<-[C-]#[O+])(<-[C-]#[O+])<-[C-]#[O+],C17 H23 Cr1 N1 O6,0.0,CCO[C](N=C(C(C)(C)C)C(C)(C)C)->[Cr](<-[C-]#[O+])(<-[C-]#[O+])(<-[C-]#[O+])(<-[C-]#[O+])<-[C-]#[O+],CCO[C](N=C(C(C)(C)C)C(C)(C)C)->[Cr](<-[C-]#[O+])(<-[C-]#[O+])(<-[C-]#[O+])(<-[C-]#[O+])<-[C-]#[O+],CCO[C](N=C(C(C)(C)C)C(C)(C)C)->[Cr](<-[C-]#[O+])(<-[C-]#[O+])(<-[C-]#[O+])(<-[C-]#[O+])<-[C-]#[O+]
DAXRUP,,C20 H18 F12 S1 W1,0.0,CC(C)SC1(C)C2(C)=C3(C(C(F)(F)F)->[W+]<-3<-2<-145678(<-C(=C->4C(F)(F)F)C(F)(F)F)<-c1c->5c->6[cH-]->7c->81)C(F)(F)F,CC1C(=[C-](C(F)(F)F)->[W+2]23456(<-C(#C->2C(F)(F)F)C(F)(F)F)(<-c2c->3c->4[cH-]->5c->62)<-C=1(C)SC(C)C)C(F)(F)F,CC(C)SC1(C)=C2(C)C3(=[C-](C(F)(F)F)->[W+2]<-3<-1<-245678(<-C(#C->4C(F)(F)F)C(F)(F)F)<-c1c->5c->6[cH-]->7c->81)C(F)(F)F
DAXYOS,CCC1(CC)c2ccc3/N=N(/c4ccc(I)cc4)->[Ni@SP3+2]4(<-N(=N\c5ccc1[n-]->45)/c1ccc(I)cc1)<-[n-]32,C25 H22 I2 N6 Ni1,0.0,CCC1(CC)c2ccc3N=N(c4ccc(I)cc4)->[Ni+2]4(<-N(=Nc5ccc1[n-]->45)c1ccc(I)cc1)<-[n-]32,CCC1(CC)c2ccc3[N-][N-](c4ccc(I)cc4)->[Ni+6]4(<-[N-]([N-]c5ccc1[n-]->45)c1ccc(I)cc1)<-[n-]32,CCC1(CC)c2ccc3[N-][N-](c4ccc(I)cc4)->[Ni+6]4(<-[N-]([N-]c5ccc1[n-]->45)c1ccc(I)cc1)<-[n-]32
DAYDOW,C/C1c2ccccc2[N-]2C(=O)[C@@H]3CCCN3(Cc3ccccc3)->[Ni@SP3+2]<-23<-[O-]C(=O)[C@H](C(C)C)/N->3=1,C25 H29 N3 Ni1 O3,0.0,CC1c2ccccc2[N-]2C(=O)C3CCCN3(Cc3ccccc3)->[Ni+2]<-23<-[O-]C(=O)C(C(C)C)N->3=1,CC1=C2C=CC=CC2=N2C(=O)C3CCCN3(Cc3ccccc3)->[Ni+2]<-23<-[O-]C(=O)C(C(C)C)[N-]->31,CC1=C2C=CC=CC2=N2C(=O)C3CCCN3(Cc3ccccc3)->[Ni+2]<-23<-[O-]C(=O)C(C(C)C)[N-]->31
DAZFAO,CN1/C(=C/C=C2\C3=O->[Zn+2](<-[Cl-])(<-[Cl-])<-n4c(C3=Cc3ccccc32)oc2ccccc24)C(C)(C)c2ccccc21,C30 H24 Cl2 N2 O2 Zn1,0.0,C[N+]1=C(C=Cc2c3[O-]->[Zn+2](<-[Cl-])(<-[Cl-])<-n4c(-c3cc3ccccc23)oc2ccccc24)C(C)(C)c2ccccc21,CN1C(=CC=C2C3=O->[Zn+2](<-[Cl-])(<-[Cl-])<-n4c(C3=Cc3ccccc32)oc2ccccc24)C(C)(C)c2ccccc21,CN1C(=CC=C2C3=O->[Zn+2](<-[Cl-])(<-[Cl-])<-n4c(C3=Cc3ccccc32)oc2ccccc24)C(C)(C)c2ccccc21
DEBSIN,,C12 H7 Mo1 N1 O5,0.0,O=C1C=CC(=O)[N-]1->[Mo+2]1234(<-[C-]#[O+])(<-[C-]#[O+])(<-[C-]#[O+])<-c5c->1c->2[cH-]->3c->45,[O+]#[C-]->[Mo+4]1234(<-[C-]#[O+])(<-[C-]#[O+])(<-c5c->1c->2[cH-]->3c->45)<-[n-]1c([O-])ccc1[O-],[O+]#[C-]->[Mo+4]1234(<-[C-]#[O+])(<-[C-]#[O+])(<-c5c->1c->2[cH-]->3c->45)<-[n-]1c([O-])ccc1[O-]
DECJEA,c1ccc(P(=[CH-]->[Zr+4]23456789(<-[c-]%10ccccc%10)(<-c%10c->2c->3[cH-]->4c->5%10)<-c2c->6c->7[cH-]->8c->92)(c2ccccc2)c2ccccc2)cc1,C35 H31 P1 Zr1,0.0,c1ccc(P(=[CH-]->[Zr+4]23456789(<-[c-]%10ccccc%10)(<-c%10c->2c->3[cH-]->4c->5%10)<-c2c->6c->7[cH-]->8c->92)(c2ccccc2)c2ccccc2)cc1,c1ccc(P(=[CH-]->[Zr+4]23456789(<-[c-]%10ccccc%10)(<-c%10c->2c->3[cH-]->4c->5%10)<-c2c->6c->7[cH-]->8c->92)(c2ccccc2)c2ccccc2)cc1,c1ccc(P(=[CH-]->[Zr+4]23456789(<-[c-]%10ccccc%10)(<-c%10c->2c->3[cH-]->4c->5%10)<-c2c->6c->7[cH-]->8c->92)(c2ccccc2)c2ccccc2)cc1
DEDFID,CP(C)(C)->[Ir+3]1(<-[Cl-])(<-[CH-]=C/C=C\[S-]->1)(<-P(C)(C)C)<-P(C)(C)C,C13 H31 Cl1 Ir1 P3 S1,0.0,CP(C)(C)->[Ir+3]1(<-[Cl-])(<-[CH-]=CC=C[S-]->1)(<-P(C)(C)C)<-P(C)(C)C,CP(C)(C)->[Ir+3]1(<-[Cl-])(<-[CH-]=CC=C[S-]->1)(<-P(C)(C)C)<-P(C)(C)C,CP(C)(C)->[Ir+3]1(<-[Cl-])(<-[CH-]=CC=C[S-]->1)(<-P(C)(C)C)<-P(C)(C)C
DEDZAO,,C28 H36 Mo1 O1 Si1,0.0,Cc12->[MoH+3]3456789%10(<-[c-]%11coc%12ccccc%12%11)<-c%11(C)c->3([Si](C)(C)c->41c->5(C)[c-]->6(C)c->72C)c->8(C)[c-]->9(C)c->%10%11C,Cc12->[MoH+3]3456789%10(<-[c-]%11coc%12ccccc%12%11)<-c1(C)c->3(C)[c-]->4([Si](C)(C)[c-]->51c->6(C)c->7(C)c->8(C)c->91C)c->%102C,Cc12->[MoH+3]3456789%10(<-[c-]%11coc%12ccccc%12%11)<-c1(C)c->3(C)[c-]->4([Si](C)(C)[c-]->51c->6(C)c->7(C)c->8(C)c->91C)c->%102C
DEFJON,O=[N+]1[O-]->[Ag+]234(<-[O-]1)<-C1=C->2/CCC/C->3=C->4\CC/C=C/CC\1,C13 H20 Ag1 N1 O3,0.0,O=[N+]1[O-]->[Ag+]23456(<-[O-]1)<-C1=C->2CCC->3=C->4CCC->5=C->6CCC1,O=[N+]1[O-]->[Ag+]23456(<-[O-]1)<-C1=C->2CCC->3=C->4CCC->5=C->6CCC1,O=[N+]1[O-]->[Ag+]23456(<-[O-]1)<-C1=C->2CCC->3=C->4CCC->5=C->6CCC1
DEGPIR,OCCS[C@H]1c2ccccn2->[Cd+2](<-[Cl-])(<-[Cl-])<-n2ccccc2[C@@H]2N(c3ccccc3)CCN21,C22 H24 Cd1 Cl2 N4 O1 S1,0.0,OCCSC1c2ccccn2->[Cd+2]2(<-[Cl-])(<-[Cl-])<-n3ccccc3C3N(c4ccccc4)CCN->213,OCCSC1c2ccccn2->[Cd+2]2(<-[Cl-])(<-[Cl-])<-n3ccccc3C3N(c4ccccc4)CCN->213,OCCSC1c2ccccn2->[Cd+2]2(<-[Cl-])(<-[Cl-])<-n3ccccc3C3N(c4ccccc4)CCN->213
DEHDOK,Cc1[nH]cc([N+](=O)[O-])n1->[Ag+]<-n1c([N+](=O)[O-])c[nH]c1C,C8 H10 Ag1 N6 O4 1+,1.0,Cc1[nH]cc([N+](=O)[O-])n1->[Ag+]<-n1c([N+](=O)[O-])c[nH]c1C,Cc1[nH]cc([N+](=O)[O-])n1->[Ag+]<-n1c([N+](=O)[O-])c[nH]c1C,Cc1[nH]cc2N([O-])[O-]->[Ag+5]3(<-[O-]N([O-])c4c[nH]c(C)n->34)<-n21
DEJTAN,C[CH+][C-3]->[Rh+3](<-[Cl-])(<-P(C(C)C)(C(C)C)C(C)C)<-P(C(C)C)(C(C)C)C(C)C,C21 H46 Cl1 P2 Rh1,0.0,CC=[C-2]->[Rh+3](<-[Cl-])(<-P(C(C)C)(C(C)C)C(C)C)<-P(C(C)C)(C(C)C)C(C)C,CC=[C]->[Rh+](<-[Cl-])(<-P(C(C)C)(C(C)C)C(C)C)<-P(C(C)C)(C(C)C)C(C)C,CC=[C]->[Rh+](<-[Cl-])(<-P(C(C)C)(C(C)C)C(C)C)<-P(C(C)C)(C(C)C)C(C)C
DEKSIX,C1=CC=C2/C(=N3->[Co+3]4567(<-O=N->4[O-]->5)<-N(=C4/C=CC=CC=C4[N-]->6CCCCC[N-]->72)/CCCCC\3)C=C1,C24 H30 Co1 N5 O2,0.0,fail,C1=CC=C2C(=N3->[Co+3]456(<-O=N[O-]->4)<-N(=C4C=CC=CC=C4[N-]->5CCCCC3)CCCCC[N-]->62)C=C1,C1=CC=C2C(=N3->[Co+5]456(<-[O-][N-][O-]->4)<-N(=C4C=CC=CC=C4[N-]->5CCCCC3)CCCCC[N-]->62)C=C1
DELPES,S=C=[N-]->[Zn+2](<-[N-]=C=S)(<-n1ccccc1/C=N/c1ccc(/N=N/c2ccccc2)cc1)<-n1ccccc1/C=N/c1ccc(/N=N/c2ccccc2)cc1,C38 H28 N10 S2 Zn1,0.0,S=C=[N-]->[Zn+2]12(<-[N-]=C=S)(<-N(=Cc3ccccn->13)c1ccc(N=Nc3ccccc3)cc1)<-N(=Cc1ccccn->21)c1ccc(N=Nc2ccccc2)cc1,S=C=[N-]->[Zn+2]12(<-[N-]=C=S)(<-N(=Cc3ccccn->13)c1ccc(N=Nc3ccccc3)cc1)<-N(=Cc1ccccn->21)c1ccc(N=Nc2ccccc2)cc1,S=C=[N-]->[Zn+2]12(<-[N-]=C=S)(<-N(=Cc3ccccn->13)c1ccc(N=Nc3ccccc3)cc1)<-N(=Cc1ccccn->21)c1ccc(N=Nc2ccccc2)cc1
DENREU,CC(C)N1C=CN(C)[C]1->[Ni+2]1(<-[C]2N(C)C=CN2C(C)C)<-[C-](/c2ccccc2)=[C-]->1/c1ccccc1,C28 H34 N4 Ni1,0.0,CC(C)N1C=CN(C)[C]1->[Ni]1(<-[C]2N(C)C=CN2C(C)C)<-C(c2ccccc2)#C->1c1ccccc1,CC(C)N1C=CN(C)[C]1->[Ni]1(<-[C]2N(C)C=CN2C(C)C)<-C(c2ccccc2)#C->1c1ccccc1,CC(C)N1C=CN(C)[C]1->[Ni]1(<-[C]2N(C)C=CN2C(C)C)<-C(c2ccccc2)#C->1c1ccccc1
DEPLUF,,C8 H20 N2 Ni1 O6,0.0,CC1(C)N->[Ni+2]2(<-O)(<-O)(<-NC(C)(C)C(=O)[O-]->2)<-[O-]C1=O,CC1(C)N->[Ni+2]2(<-O)(<-O)(<-NC(C)(C)C(=O)[O-]->2)<-[O-]C1=O,CC1(C)N->[Ni+2]2(<-NC(C)(C)C(=O)[O-]->2)<-[O-]C1=O.O.O
DEQHIQ,,C29 H35 N3 Rh1 1+,1.0,Cc1cccc2CN3(Cc4ccccc4)Cc4cccc(C)n4->[Rh+]<-3456(<-C3=C->4CCC->5=C->6CC3)<-n12,Cc1cccc2CN3(Cc4ccccc4)Cc4cccc(C)n4->[Rh+]<-3456(<-C3=C->4CCC->5=C->6CC3)<-n12,Cc1cccc2CN3(Cc4ccccc4)Cc4cccc(C)n4->[Rh+]<-3456(<-C3=C->4CCC->5=C->6CC3)<-n12
DERKUJ,CCC1=O->[Ru+4](<-[Cl-])(<-[Cl-])(<-[N-]=C(c2ccccc2)C(C)(C)C)(<-[O-]1)<-P(c1ccccc1)(c1ccccc1)c1ccccc1,C32 H34 Cl2 N1 O2 P1 Ru1,0.0,fail,CCC12=O->[Ru+4]<-1(<-[Cl-])(<-[Cl-])(<-[N-]=C(c1ccccc1)C(C)(C)C)(<-[O-]2)<-P(c1ccccc1)(c1ccccc1)c1ccccc1,CCC12=O->[Ru+4]<-1(<-[Cl-])(<-[Cl-])(<-[N-]=C(c1ccccc1)C(C)(C)C)(<-[O-]2)<-P(c1ccccc1)(c1ccccc1)c1ccccc1
DESDAJ,CC(C)P1(c2ccccc2C23=S->[Pd]<-2<-1(<-P(C)(C)C)<-P(c1ccccc13)(C(C)C)C(C)C)C(C)C,C28 H45 P3 Pd1 S1,0.0,CC(C)P1(c2ccccc2[C-]23[S-]->[Pd+2]<-2<-1(<-P(C)(C)C)<-P(c1ccccc13)(C(C)C)C(C)C)C(C)C,CC(C)P1(c2ccccc2C23=S->[Pd]<-2<-1(<-P(C)(C)C)<-P(c1ccccc13)(C(C)C)C(C)C)C(C)C,CC(C)P1(c2ccccc2C23=S->[Pd]<-2<-1(<-P(C)(C)C)<-P(c1ccccc13)(C(C)C)C(C)C)C(C)C
DESLIZ,,C30 H32 B1 Mo1 N7 O2,0.0,Cc1cc(C)[n-]2->[Mo+4]3(<-[C-3]N(c4ccccc4)c4ccccc4)(<-[C-]#[O+])(<-[C-]#[O+])<-[n-]4c(C)cc(C)[n+]4[BH-]([n+]12)[n+]1c(C)cc(C)[n-]->31,Cc1cc(C)n2->[Mo+4]3(<-[C-3]N(c4ccccc4)c4ccccc4)(<-[C-]#[O+])(<-[C-]#[O+])<-n4c(C)cc(C)n4[BH-](n12)n1c(C)cc(C)n->31,Cc1cc(C)n2->[Mo+4]3(<-[C-3]N(c4ccccc4)c4ccccc4)(<-[C-]#[O+])(<-[C-]#[O+])<-n4c(C)cc(C)n4[BH-](n12)n1c(C)cc(C)n->31
DETBEM,C/C1=C(\C)[N-](O)->[Co+3]2(<-N1=O)(<-N(=O)/C(C)=C(/C)[N-]->2O)(<-n1ccccc1)<-[C-](F)(F)C(F)(F)F,C15 H19 Co1 F5 N5 O4,0.0,CC1C(C)=N(O)->[Co+]2(<-N=1[O])(<-N([O])=C(C)C(C)=N->2O)(<-n1ccccc1)<-[C-](F)(F)C(F)(F)F,CC1=C(C)[N-](O)->[Co+3]2(<-N1=O)(<-N(=O)C(C)=C(C)[N-]->2O)(<-n1ccccc1)<-[C-](F)(F)C(F)(F)F,CC1=C(C)[N-](O)->[Co+3]2(<-N1=O)(<-N(=O)C(C)=C(C)[N-]->2O)(<-n1ccccc1)<-[C-](F)(F)C(F)(F)F
DETJIY,[Cl-]->[Zr+4]123456789(<-[Cl-])<-c%10c->1[c-]->2(Cc1ccccc1-c1ccccc1C[c-]->31c->4c->5c->62ccccc->721)c->81ccccc->9%101,C32 H24 Cl2 Zr1,0.0,[Cl-]->[Zr+4]123456789(<-[Cl-])<-c%10[cH-]->1c->2(Cc1ccccc1-c1ccccc1C[c-]->31c->4c->5c->62ccccc->721)c->81ccccc->9%101,[Cl-]->[Zr+4]123456789(<-[Cl-])<-c%10c->1[c-]->21ccccc->31c->4%10Cc1ccccc1-c1ccccc1C[c-]->51c->6c->7c->82ccccc->921,[Cl-]->[Zr+4]123456789(<-[Cl-])<-c%10c->1[c-]->21ccccc->31c->4%10Cc1ccccc1-c1ccccc1C[c-]->51c->6c->7c->82ccccc->921
DEVGAP,,C20 H24 B1 Ir1 N2 S2,0.0,Cc12->[Ir+]34567(<-S=c8ccccn8B->3n3ccccc3=S->4)<-c1(C)c->5(C)[c-]->6(C)c->72C,Cc12->[Ir+]34567(<-S=c8ccccn8B->3n3ccccc3=S->4)<-c1(C)c->5(C)[c-]->6(C)c->72C,Cc12->[Ir+]34567(<-S=c8ccccn8B->3n3ccccc3=S->4)<-c1(C)c->5(C)[c-]->6(C)c->72C
DEXBIS,C(=C=C1=[C-](c2ccccc2)->[Pt+2]<-12<-[P@TB6](CCC[P@TB12]->2(c1ccccc1)c1ccccc1)(c1ccccc1)c1ccccc1)=C1C=C[CH-]C=C1,C43 H36 P2 Pt1,0.0,C(#CC1#C(c2ccccc2)->[Pt]<-12<-P(CCCP->2(c1ccccc1)c1ccccc1)(c1ccccc1)c1ccccc1)c1ccccc1,C(#CC1#C(c2ccccc2)->[Pt]<-12<-P(CCCP->2(c1ccccc1)c1ccccc1)(c1ccccc1)c1ccccc1)c1ccccc1,C(#CC1#C(c2ccccc2)->[Pt]<-12<-P(CCCP->2(c1ccccc1)c1ccccc1)(c1ccccc1)c1ccccc1)c1ccccc1
DEXFUI,Cc12->[Rh+3]3456(<-[Cl-])(<-N7=c8ccccc8=C/C7=C7\C=CC=C[N-]->37)<-c1(C)c->4(C)[c-]->5(C)c->62C,C23 H24 Cl1 N2 Rh1,0.0,Cc12->[Rh+3]3456(<-[Cl-])(<-n7ccccc7-c7cc8ccccc8[n-]->37)<-c1(C)c->4(C)[c-]->5(C)c->62C,Cc12->[Rh+3]3456(<-[Cl-])(<-n7ccccc7-c7cc8ccccc8[n-]->37)<-c1(C)c->4(C)[c-]->5(C)c->62C,Cc12->[Rh+3]3456(<-[Cl-])(<-n7ccccc7-c7cc8ccccc8[n-]->37)<-c1(C)c->4(C)[c-]->5(C)c->62C
DEYHUM,CCN(CC)c1ccc2/C=N3/N=C(\[O-]->[Mo+6]<-3(<-[O-2])(<-[O-2])(<-[O-]c2c1)<-OC)c1ccc(C)cc1,C20 H25 Mo1 N3 O5,0.0,CCN(CC)c1ccc2C=N3N=C([O-]->[Mo+6]<-3(<-[O-2])(<-[O-2])(<-[O-]c2c1)<-OC)c1ccc(C)cc1,CCN(CC)c1ccc2C=N3N=C([O-]->[Mo+6]<-3(<-[O-2])(<-[O-2])(<-[O-]c2c1)<-OC)c1ccc(C)cc1,CCN(CC)c1ccc2c(c1)[O-]->[Mo+6]1(<-[O-2])(<-[O-2])<-[O-]C(c3ccc(C)cc3)=NN->1=C2.CO
DEYPII,Cc1ccc(N2=C3(C)C4(C)=N(c5ccc(C)cc5[C@@H](C)c5ccccc5)->[Ni+2]<-2<-3<-4(<-[Br-])<-[Br-])c([C@H](C)c2ccccc2)c1,C34 H36 Br2 N2 Ni1,0.0,CC1C(C)=N(c2ccc(C)cc2C(C)c2ccccc2)->[Ni+2](<-[Br-])(<-[Br-])<-N=1c1ccc(C)cc1C(C)c1ccccc1,CC1C(C)=N(c2ccc(C)cc2C(C)c2ccccc2)->[Ni+2](<-[Br-])(<-[Br-])<-N=1c1ccc(C)cc1C(C)c1ccccc1,CC1C(C)=N(c2ccc(C)cc2C(C)c2ccccc2)->[Ni+2](<-[Br-])(<-[Br-])<-N=1c1ccc(C)cc1C(C)c1ccccc1
DEZVEM,Cc12->[Rh+3]3456(<-O=C(C=C(c7ccccc7)c7ccccc7)/C=[C-]->3/c3ccccc3)(<-c1(C)c->4(C)[c-]->5(C)c->62C)<-P(C)(C)C,C36 H41 O1 P1 Rh1 1+,1.0,Cc12->[Rh+3]3456(<-O=C(C=C(c7ccccc7)c7ccccc7)C=[C-]->3c3ccccc3)(<-c1(C)c->4(C)[c-]->5(C)c->62C)<-P(C)(C)C,Cc12->[Rh+3]3456(<-O=C(C=C(c7ccccc7)c7ccccc7)C=[C-]->3c3ccccc3)(<-c1(C)c->4(C)[c-]->5(C)c->62C)<-P(C)(C)C,Cc12->[Rh+3]3456(<-O=C(C=C(c7ccccc7)c7ccccc7)C=[C-]->3c3ccccc3)(<-c1(C)c->4(C)[c-]->5(C)c->62C)<-P(C)(C)C
DIBLEG,CCO->[Mo+6]12(<-[O-2])(<-[O-2])<-[NH-]/C(=N\N->1=C\c1c([O-]->2)ccc2ccccc12)SC,C15 H17 Mo1 N3 O4 S1,0.0,CCO->[Mo+6]12(<-[O-2])(<-[O-2])<-[NH-]C(=NN->1=Cc1c([O-]->2)ccc2ccccc12)SC,CCO->[Mo+6]12(<-[O-2])(<-[O-2])<-[NH-]C(=NN->1=Cc1c([O-]->2)ccc2ccccc12)SC,CCO.CSC1=NN2->[Mo+6](<-[O-2])(<-[O-2])(<-[NH-]1)<-[O-]c1ccc3ccccc3c1C=2
DIBSIS,N#C/C1[S-]->[Mo+4]2(<-[O-2])(<-[S-]\C=1C#N)(<-[S-]c1ccccc1)<-n1cccc3ccc4cccn->2c4c31,C22 H13 Mo1 N4 O1 S3 1-,-1.0,fail,N#CC1[S-]->[Mo+4]2(<-[O-2])(<-[S-]C=1C#N)(<-[S-]c1ccccc1)<-n1cccc3ccc4cccn->2c4c31,N#CC1[S-]->[Mo+4]2(<-[O-2])(<-[S-]C=1C#N)(<-[S-]c1ccccc1)<-n1cccc3ccc4cccn->2c4c31
DICMOT,CCOC1=S->[Zn+2]23(<-S=C(OCC)[S-]->2)(<-[S-]1)<-n1cccc2c1-c1c(cccn->31)C2=O,C17 H16 N2 O3 S4 Zn1,0.0,fail,CCOC1=S->[Zn+4]23(<-S=C(OCC)[S-]->2)(<-[S-]1)<-[n-]1cccc2c(=O)c4ccc[n-]->3c-4c1-2,CCOC1=S->[Zn+4]23(<-S=C(OCC)[S-]->2)(<-[S-]1)<-[n-]1cccc2c(=O)c4ccc[n-]->3c-4c1-2
DIDVUH,C[CH-]1[CH-]2[CH-](c3ccccc3)->[Mo+4]<-1<-23456(<-[C-]#[O+])(<-[C-]#[O+])<-c1c->3c->4[cH-]->5c->61,C17 H16 Mo1 O2,0.0,fail,CC1=C2[CH-](c3ccccc3)->[Mo+2]<-1<-23456(<-[C-]#[O+])(<-[C-]#[O+])<-c1c->3c->4[cH-]->5c->61,CC1=C2[CH-](c3ccccc3)->[Mo+2]<-1<-23456(<-[C-]#[O+])(<-[C-]#[O+])<-c1c->3c->4[cH-]->5c->61
DIFQER,C1=C[C-]2[S-]->[Pd@SP2+2]3(<-[S-]c4cccc[n+]4/[BH-]->3=[N+]/2C=C1)<-P(C1CCCCC1)(C1CCCCC1)C1CCCCC1,C28 H42 B1 N2 P1 Pd1 S2,0.0,c1ccn2B3n4ccccc4=S->[Pd]<-3(<-S=c2c1)<-P(C1CCCCC1)(C1CCCCC1)C1CCCCC1,c1ccn2B3n4ccccc4=S->[Pd]<-3(<-S=c2c1)<-P(C1CCCCC1)(C1CCCCC1)C1CCCCC1,c1ccn2B3n4ccccc4=S->[Pd]<-3(<-S=c2c1)<-P(C1CCCCC1)(C1CCCCC1)C1CCCCC1
DIGKIN,,C18 H24 Mo1 N2 S2,0.0,CCN(CC)C(=S)[S-]->[Mo+4]12345678(<-c9c->1c->2[cH-]->3c->49)(<-c1c->5c->6[cH-]->7c->81)<-[CH-](C)C#N,C=[C-](C#N)->[Mo+4]12345678(<-[S-]C(=S)N(CC)CC)(<-c9c->1c->2[cH-]->3c->49)<-c1c->5c->6[cH-]->7c->81,C=[C-](C#N)->[Mo+4]12345678(<-[S-]C(=S)N(CC)CC)(<-c9c->1c->2[cH-]->3c->49)<-c1c->5c->6[cH-]->7c->81
DIGZEY,CC1(C)CCCC(C)(C)N1[B-]12[H]->[Zr+4]<-13456789%10(<-[Cl-])(<-c1c->3c->4[cH-]->5c->61)(<-c1c->7c->8[cH-]->9c->%101)<-N=2C(C)(C)C,C23 H38 B1 Cl1 N2 Zr1,0.0,CC1(C)CCCC(C)(C)N1B12[HH-]->[Zr+4]<-13456789%10(<-[Cl-])(<-c1c->3c->4[cH-]->5c->61)(<-c1c->7c->8[cH-]->9c->%101)<-N2C(C)(C)C,CC1(C)CCCC(C)(C)N1B=N(C(C)(C)C)->[ZrH+3]12345678(<-[Cl-])(<-c9c->1c->2[cH-]->3c->49)<-c1c->5c->6[cH-]->7c->81,CC1(C)CCCC(C)(C)N1[BH-]=N(C(C)(C)C)->[Zr+4]12345678(<-[Cl-])(<-c9c->1c->2[cH-]->3c->49)<-c1c->5c->6[cH-]->7c->81
DIHYUQ,CC1/C=C(/C)[O-]->[Ir+3]23(<-O=1)(<-[c-]1c(F)cccc1-c1sc4ccccc4n->21)<-[c-]1c(F)cccc1-c1sc2ccccc2n->31,C31 H21 F2 Ir1 N2 O2 S2,0.0,fail,CC1=CC(C)=O->[Ir+3]23(<-[O-]1)(<-[c-]1c(F)cccc1-c1sc4ccccc4n->21)<-[c-]1c(F)cccc1-c1sc2ccccc2n->31,CC1=CC(C)=O->[Ir+3]23(<-[O-]1)(<-[c-]1c(F)cccc1-c1sc4ccccc4n->21)<-[c-]1c(F)cccc1-c1sc2ccccc2n->31
DIKGIN,,C17 H18 Mn1 N1 O1,0.0,Cc12->[Mn+]34567(<-[C-]#[O+])(<-C=C->3CN[C]->4c3ccccc3)<-c(c->5[cH-]->61)c->72,Cc12->[Mn+]34567(<-[C-]#[O+])(<-C=C->3CN[C]->4c3ccccc3)<-c(c->51)[cH-]->6c->72,Cc12->[Mn+]34567(<-[C-]#[O+])(<-C=C->3CN[C]->4c3ccccc3)<-c(c->51)[cH-]->6c->72
DILJUG,CO[C+]1[CH+][CH+][C-]([C-]2[CH-][C-](c3ccccc3)[CH+][C+]3[C-]4[CH-][CH-][CH+][CH+][N-]4->[W+2](<-[C-]#[O+])(<-[C-]#[O+])(<-[C-]#[O+])(<-[C-]#[O+])<-[P-]32)[CH+][CH-]1,C27 H18 N1 O5 P1 W1,0.0,COc1ccc(-c2cc(-c3ccccc3)cc3-c4ccccn4->[W](<-[C-]#[O+])(<-[C-]#[O+])(<-[C-]#[O+])(<-[C-]#[O+])<-p23)cc1,COc1ccc(-c2cc(-c3ccccc3)cc3-c4ccccn4->[W](<-[C-]#[O+])(<-[C-]#[O+])(<-[C-]#[O+])(<-[C-]#[O+])<-p23)cc1,COc1ccc(-c2cc(-c3ccccc3)cc3-c4ccccn4->[W](<-[C-]#[O+])(<-[C-]#[O+])(<-[C-]#[O+])(<-[C-]#[O+])<-p23)cc1
DINBIN,,C20 H14 Cd1 N6 O9,0.0,O=C([O-])c1[nH]c2-c3ccccn3->[Cd+2]3(<-O)(<-n4ccccc4-c4[nH]c(C(=O)O)c(C(=O)[O-])n->34)<-n2c1C(=O)O,O=C([O-])c1[nH]c2-c3ccccn3->[Cd+2]3(<-O)(<-n4ccccc4-c4[nH]c(C(=O)O)c(C(=O)[O-])n->34)<-n2c1C(=O)O,O=C(O)c1[nH]c(-c2ccccn2)n2->[Cd+2]3(<-O)(<-[O-]C(=O)c12)<-[O-]C(=O)c1c(C(=O)O)[nH]c(-c2ccccn2)n->31
DIQRUQ,,C32 H48 Zr1,0.0,fail,CC(C)(C)C=C=[C-]1C(CC23->[Zr+2]<-1456789%10%11(<-C=C->42C->5(C)=C->6(C)C->7=3C)<-c1(C)c->8(C)c->9(C)[c-]->%10(C)c->%111C)C(C)(C)C,CC(C)(C)C=[C-][C]1C(CC23->[Zr+2]<-1456789%10%11(<-C=C->42C->5(C)=C->6(C)C->7=3C)<-c1(C)c->8(C)c->9(C)[c-]->%10(C)c->%111C)C(C)(C)C
DISDEP,Cn1ccn2->[Re+]3(<-[C-]#[O+])(<-[C-]#[O+])(<-[C-]#[O+])<-n4ccn(C)c4CN->3(CCO)Cc12,C15 H19 N5 O4 Re1 1+,1.0,Cn1ccn2->[Re+]3(<-[C-]#[O+])(<-[C-]#[O+])(<-[C-]#[O+])<-n4ccn(C)c4CN->3(CCO)Cc12,Cn1ccn2->[Re+]3(<-[C-]#[O+])(<-[C-]#[O+])(<-[C-]#[O+])<-n4ccn(C)c4CN->3(CCO)Cc12,Cn1ccn2->[Re+]3(<-[C-]#[O+])(<-[C-]#[O+])(<-[C-]#[O+])<-n4ccn(C)c4CN->3(CCO)Cc12
DITCOY,CN1(C)c2ccccc2N(C)(C)->[Hg+2]<-1(<-[Br-])<-[Br-],C10 H16 Br2 Hg1 N2,0.0,CN1(C)c2ccccc2N(C)(C)->[Hg+2]<-1(<-[Br-])<-[Br-],CN1(C)c2ccccc2N(C)(C)->[Hg+2]<-1(<-[Br-])<-[Br-],CN(C)c1ccccc1N(C)C.[Br-]->[Hg+2]<-[Br-]
DITWOV,NC(=O)c1cccn(->[Zn+2]23(<-[O-]C(=O)c4ccc5ccccc5n->24)(<-[O-]C(=O)c2ccc4ccccc4n->32)<-n2cccc(C(N)=O)c2)c1,C32 H24 N6 O6 Zn1,0.0,NC(=O)c1cccn(->[Zn+2]23(<-[O-]C(=O)c4ccc5ccccc5n->24)(<-[O-]C(=O)c2ccc4ccccc4n->32)<-n2cccc(C(N)=O)c2)c1,NC(=O)c1cccn(->[Zn+2]23(<-[O-]C(=O)c4ccc5ccccc5n->24)(<-[O-]C(=O)c2ccc4ccccc4n->32)<-n2cccc(C(N)=O)c2)c1,NC(=O)c1cccn(->[Zn+2]23(<-[O-]C(=O)c4ccc5ccccc5n->24)(<-[O-]C(=O)c2ccc4ccccc4n->32)<-n2cccc(C(N)=O)c2)c1
DIXBES,Nc1ccccn1->[Cd+2](<-O)(<-O)(<-[O-][N+](=O)[O-])(<-[O-][N+](=O)[O-])<-n1ccccc1N,C10 H16 Cd1 N6 O8,0.0,Nc1ccccn1->[Cd+2]1(<-O)(<-O)(<-[O-][N+](=O)[O-])(<-[O-][N+](=O)[O-]->1)<-n1ccccc1N,Nc1ccccn1->[Cd+2](<-O)(<-O)(<-[O-][N+](=O)[O-])(<-[O-][N+](=O)[O-])<-n1ccccc1N,Nc1ccccn1->[Cd+2]1(<-O)(<-[O-][N+](=O)[O-])(<-n2ccccc2N)<-[O-][N+](=O)[O-]->1.O
DIYQUX,,C10 H14 Cd1 I2 N4 S1,0.0,CCNC1NN2=C(C)c3ccccn3->[Cd+2]<-2(<-[I-])(<-[I-])<-S=1,CCNC1NN2=C(C)c3ccccn3->[Cd+2]<-2(<-[I-])(<-[I-])<-S=1,CCNC1NN=C(C)c2ccccn2->[Cd+2](<-[I-])(<-[I-])<-S=1
DIYXUE,NC1CC(N)=O->[Zn+2]2(<-[N-]=C=S)(<-[N-]=C=S)(<-O=1)<-O=C(N)CC(N)=O->2,C8 H12 N6 O4 S2 Zn1,0.0,NC1CC(N)=O->[Zn+2]2(<-[N-]=C=S)(<-[N-]=C=S)(<-O=1)<-O=C(N)CC(N)=O->2,NC1CC(N)=O->[Zn+2]2(<-[N-]=C=S)(<-[N-]=C=S)(<-O=1)<-O=C(N)CC(N)=O->2,NC1CC(N)=O->[Zn+2]2(<-[N-]=C=S)(<-[N-]=C=S)(<-O=1)<-O=C(N)CC(N)=O->2
DIZMAA,C/C1[S-]->[Mo+4]2(<-[S-]/C=1C)(<-[S-]/C(C)=C(\C)[S-]->2)<-[S-]c1c(C(C)C)cc(C(C)C)cc1C(C)C,C23 H35 Mo1 S5 1-,-1.0,CC1[S-]->[Mo+4]2(<-[S-]C=1C)(<-[S-]C(C)=C(C)[S-]->2)<-[S-]c1c(C(C)C)cc(C(C)C)cc1C(C)C,CC1=S->[Mo]2(<-S=C1C)(<-S=C(C)C(C)=S->2)<-[S-]c1c(C(C)C)cc(C(C)C)cc1C(C)C,CC1=S->[Mo]2(<-S=C1C)(<-S=C(C)C(C)=S->2)<-[S-]c1c(C(C)C)cc(C(C)C)cc1C(C)C
DMCPHF,,C12 H16 Hf1,0.0,[CH3-]->[Hf+4]12345678(<-[CH3-])(<-c9c->1c->2[cH-]->3c->49)<-c1c->5c->6[cH-]->7c->81,[C-4]->[Hf+10]12345678(<-[C-4])(<-c9c->1c->2[cH-]->3c->49)<-c1c->5c->6[cH-]->7c->81,C1C->[Hf+2]<-123456789(<-c1c->2c->3[cH-]->4c->51)<-c1c->6c->7[cH-]->8c->91
DOCMUF,,C33 H28 Ir1 N3 O2,0.0,fail,Cc1cc(C)[c-]2->[Ir+3]345(<-O=C->3(C)[O-]->4)(<-[C]3N(C)c4cccc6cccc(c46)N3c2c1)<-[c-]1ccccc1-c1ccccn->51,CC1=O->[Ir+3]23(<-[O-]1)(<-[C]1N(C)c4cccc5cccc(c45)N1c1cc(C)cc(C)[c-]->21)<-[c-]1ccccc1-c1ccccn->31
DOCYOK,,C27 H26 N5 O9 P3 Zn1,0.0,[NH3+]C1(CCP(=O)([O-])O)P(=O)(O)[O-]->[Zn+2]23(<-[O-]P1(=O)O)(<-n1cccc4ccc5cccn->2c5c41)<-n1cccc2ccc4cccn->3c4c21,[NH3+]C1(CCP(=O)([O-])O)P(=O)(O)[O-]->[Zn+2]23(<-[O-]P1(=O)O)(<-n1cccc4ccc5cccn->2c5c41)<-n1cccc2ccc4cccn->3c4c21,NC1(CCP(=O)(O)O)P(=O)(O)[O-]->[Zn+2]23(<-[O-]P1(=O)O)(<-n1cccc4ccc5cccn->2c5c41)<-n1cccc2ccc4cccn->3c4c21
DODXID,NCCN(CCN)->[Au+3](<-[Cl-])(<-[Cl-])<-[Cl-],C4 H13 Au1 Cl3 N3,0.0,[Cl-]->[Au+3]12(<-[Cl-])(<-[Cl-])<-NCCN->1CCN->2,[Cl-].[Cl-].[Cl-]->[Au+3]12<-NCCN->1CCN->2,NCCN(CCN)->[Au+3](<-[Cl-])(<-[Cl-])<-[Cl-]
DOFGAH,CC(C)N1=C2(c3ccccc3)/C3=N(/C(C)C)->[Fe+2]<-3<-1<-2(<-[Cl-])<-[Cl-],C14 H20 Cl2 Fe1 N2,0.0,CC(C)N1=CC(c2ccccc2)=N(C(C)C)->[Fe+2]<-1(<-[Cl-])<-[Cl-],CC(C)N1=CC(c2ccccc2)=N(C(C)C)->[Fe+2]<-1(<-[Cl-])<-[Cl-],CC(C)N1=CC(c2ccccc2)=N(C(C)C)->[Fe+2]<-1(<-[Cl-])<-[Cl-]
DOFTEY,,C15 H16 N2 Ni1 O8,0.0,CCOC(=O)c1ccn(->[Ni+2]23(<-O)(<-O)<-[O-]C(=O)c4cccc(C(=O)[O-]->2)n->34)cc1,CCOC(=O)c1ccn(->[Ni+2]23(<-O)(<-O)<-[O-]C(=O)c4cccc(C(=O)[O-]->2)n->34)cc1,CCOC(=O)c1ccn(->[Ni+2]23<-[O-]C(=O)c4cccc(n->24)C(=O)[O-]->3)cc1.O.O
DOGSID,,C32 H28 B1 F10 N1 Si1 Zr1,0.0,CC(C)(C)[N+]#[C-]->[Zr+2]123456789(<-C(B(c%10c(F)c(F)c(F)c(F)c%10F)c%10c(F)c(F)c(F)c(F)c%10F)#C->1[Si](C)(C)C)(<-c1c->2c->3[cH-]->4c->51)<-c1c->6c->7[cH-]->8c->91,CC(C)(C)[N+]#[C-]->[Zr+2]123456789(<-C(B(c%10c(F)c(F)c(F)c(F)c%10F)c%10c(F)c(F)c(F)c(F)c%10F)#C->1[Si](C)(C)C)(<-c1c->2c->3[cH-]->4c->51)<-c1c->6c->7[cH-]->8c->91,CC(C)(C)[N+]#[C-]->[Zr+2]123456789(<-C(B(c%10c(F)c(F)c(F)c(F)c%10F)c%10c(F)c(F)c(F)c(F)c%10F)#C->1[Si](C)(C)C)(<-c1c->2c->3[cH-]->4c->51)<-c1c->6c->7[cH-]->8c->91
DOHPUL,CN1(C)c2ccccc2P(c2ccccc2)(c2ccccc2)->[Pt+2]<-12<-[Si-](C)(C)c1ccccc1[Si-]->2(C)C,C30 H36 N1 P1 Pt1 Si2,0.0,CN1(C)c2ccccc2P(c2ccccc2)(c2ccccc2)->[Pt+2]<-12<-[Si-](C)(C)c1ccccc1[Si-]->2(C)C,CN1(C)c2ccccc2P(c2ccccc2)(c2ccccc2)->[Pt]<-12<-[Si](C)(C)=c1ccccc1=[Si]->2(C)C,CN1(C)c2ccccc2P(c2ccccc2)(c2ccccc2)->[Pt]<-12<-[Si](C)(C)=c1ccccc1=[Si]->2(C)C
DOKLEX,CC(C)c1cccc(C(C)C)c1N1C(=[B-]23B(=[N+](C)C)->[Fe]<-2(<-[C-]#[O+])(<-[C-]#[O+])(<-[C-]#[O+])<-N3(C)C)C(C)(C)CC1(C)C,C27 H43 B2 Fe1 N3 O3,0.0,CC(C)c1cccc(C(C)C)c1N1[C]([B-]23=[B-](=[N+](C)C)->[Fe+]<-2(<-[C-]#[O+])(<-[C-]#[O+])(<-[C-]#[O+])<-N3(C)C)C(C)(C)CC1(C)C,CC(C)c1cccc(C(C)C)c1N1C(=[B-]23B(=[N+](C)C)->[Fe]<-2(<-[C-]#[O+])(<-[C-]#[O+])(<-[C-]#[O+])<-N3(C)C)C(C)(C)CC1(C)C,CC(C)c1cccc(C(C)C)c1N1C(=[B-]23B(=[N+](C)C)->[Fe]<-2(<-[C-]#[O+])(<-[C-]#[O+])(<-[C-]#[O+])<-N3(C)C)C(C)(C)CC1(C)C
DOLWEG,CC(C)c1cccc(C(C)C)c1/N1=C/C=N(/c2c(C(C)C)cccc2C(C)C)->[Pt+4]<-1(<-[CH3-])(<-[CH3-])(<-[CH3-])<-O,C29 H47 N2 O1 Pt1 1+,1.0,CC(C)c1cccc(C(C)C)c1N1=CC=N(c2c(C(C)C)cccc2C(C)C)->[Pt+4]<-1(<-[CH3-])(<-[CH3-])(<-[CH3-])<-O,CC(C)c1cccc(C(C)C)c1N1=CC=N(c2c(C(C)C)cccc2C(C)C)->[Pt+4]<-1(<-[CH3-])(<-[CH3-])(<-[CH3-])<-O,CC(C)c1cccc(C(C)C)c1N1->[Pt+4](<-[CH3-])(<-[CH3-])(<-[CH3-])<-N(c2c(C(C)C)cccc2C(C)C)=CC=1.O
DOMLEX,CO[C@H]1O[C@@H]2CO[C@@H](c3ccccc3)O[C@H]2[C@@H](N2CC/N3=C/c4ccccc4[O-]->[Zn@@+2]<-3<-2<-[Cl-])[C@@H]1O,C23 H27 Cl1 N2 O6 Zn1,0.0,CO1C2OC3COC(c4ccccc4)OC3C(N3CCN4=Cc5ccccc5[O-]->[Zn+2]<-4<-3<-1<-[Cl-])C2O,CO1C2OC3COC(c4ccccc4)OC3C(N3CCN4=Cc5ccccc5[O-]->[Zn+2]<-4<-3<-1<-[Cl-])C2O,CO1C2OC3COC(c4ccccc4)OC3C(N3CCN4=Cc5ccccc5[O-]->[Zn+2]<-4<-3<-1<-[Cl-])C2O
DONWIM,C[Si](C)(C)[C-](->[Hg+2]<-[C-](c1ccccn1)([Si](C)(C)C)[Si](C)(C)C)(c1ccccn1)[Si](C)(C)C,C24 H44 Hg1 N2 Si4,0.0,C[Si](C)(C)[C-]1(c2ccccn2->[Hg+2]<-12<-n1ccccc1[C-]->2([Si](C)(C)C)[Si](C)(C)C)[Si](C)(C)C,C[Si](C)(C)[C-](->[Hg+2]<-[C-](c1ccccn1)([Si](C)(C)C)[Si](C)(C)C)(c1ccccn1)[Si](C)(C)C,C[Si](C)(C)[C-](->[Hg+2]<-[C-](c1ccccn1)([Si](C)(C)C)[Si](C)(C)C)(c1ccccn1)[Si](C)(C)C
DOPVOU,Cc1c(C)c(C)[c-]([Si](C)(C)C)(->[Zn+2]23<-c4(C)c(C)c(C)[c-]->2(C)c->34C)c1C,C22 H36 Si1 Zn1,0.0,Cc1c(C)c(C)[c-]([Si](C)(C)C)(->[Zn+2]2345<-c6(C)c->2(C)c->3(C)[c-]->4(C)c->56C)c1C,Cc1c(C)c(C)[c-]([Si](C)(C)C)(->[Zn+2]2345<-c6(C)c->2(C)c->3(C)[c-]->4(C)c->56C)c1C,Cc1c(C)c(C)[c-](C)(->[Zn+2]<-[c-]2([Si](C)(C)C)c(C)c(C)c(C)c2C)c1C
DOQPUV,,C17 H27 B2 N8 O1 P1 W1,0.0,[BH3-][n+]1ccc2->[W+2]34(<-[N-]=O)(<-c2c1)(<-n1cccn1[BH-](n1cccn->31)n1cccn->41)<-P(C)(C)C,[BH3-][n+]1ccc2->[W+2]34(<-[N-]=O)(<-c2c1)(<-n1cccn1[BH-](n1cccn->31)n1cccn->41)<-P(C)(C)C,[BH3-][n+]1ccc2->[W+2]34(<-[N-]=O)(<-c2c1)(<-n1cccn1[BH-](n1cccn->31)n1cccn->41)<-P(C)(C)C
DORMUS,C/C1[C@@H](C)[N-]2CC(C)(C)C[N-]3[C@H](C)/C(C)=N(/O)->[Tc@TB7+5]<-2<-3(<-[O-2])<-N=1\[O-],C13 H25 N4 O3 Tc1,0.0,CC1C(C)[N-]2CC(C)(C)C[N-]3C(C)C(C)=N(O)->[Tc+4]<-2<-3(<-[O-2])<-N=1[O],CC1C(C)[N-]2CC(C)(C)C[N-]3C(C)C(C)=N(O)->[Tc+5]<-2<-3(<-[O-2])<-N=1[O-],CC1C(C)[N-]2CC(C)(C)C[N-]3C(C)C(C)=N(O)->[Tc+5]<-2<-3(<-[O-2])<-N=1[O-]
DOSJAZ,,C25 H50 N3 Ni1 P2 1+,1.0,CCC1(CC)C=CC2NP(->[NiH+]3<-N=2C1=NP->3(C(C)(C)C)C(C)(C)C)(C(C)(C)C)C(C)(C)C,CCC1(CC)C=CC2NP(->[NiH+]3<-N=2C1=NP->3(C(C)(C)C)C(C)(C)C)(C(C)(C)C)C(C)(C)C,CCC1(CC)C=CC2NP(->[NiH+]3<-N=2C1=NP->3(C(C)(C)C)C(C)(C)C)(C(C)(C)C)C(C)(C)C
DOTCEW,COC(=O)c1ccc(/C2=C3\C=CC4C5=N6->[Ni@SP1+2](<-N=43)(<-[n-]3cccc32)<-[n-]2cccc2/C(=C\6C=C5)c2ccc(C(=O)OC)cc2)cc1,C34 H24 N4 Ni1 O4,0.0,COC(=O)c1ccc(C2=C3C=CC4C5=N6->[Ni+2](<-N=43)(<-[n-]3cccc32)<-[n-]2cccc2C(=C6C=C5)c2ccc(C(=O)OC)cc2)cc1,COC(=O)c1ccc(C2c3ccc[n-]3->[Ni+4]34<-[n-]5cccc5C(c5ccc(C(=O)OC)cc5)=c5ccc(=c6ccc=2[n-]->36)[n-]->45)cc1,COC(=O)c1ccc(C2c3ccc[n-]3->[Ni+4]34<-[n-]5cccc5C(c5ccc(C(=O)OC)cc5)=c5ccc(=c6ccc=2[n-]->36)[n-]->45)cc1
DOTXIW,COc1ccc(/N2=C/c3cc(Br)ccc3[O-]->[Ni+2]<-23<-[O-]c2ccc(Br)cc2/C=N->3/c2ccc(OC)cc2OC)c(OC)c1,C30 H26 Br2 N2 Ni1 O6,0.0,COc1ccc2N3=Cc4cc(Br)ccc4[O-]->[Ni+2]<-345(<-[O-]c3ccc(Br)cc3C=N->4c3ccc(OC)cc3O->5C)<-O(C)c2c1,COc1ccc2N3=Cc4cc(Br)ccc4[O-]->[Ni+2]<-345(<-[O-]c3ccc(Br)cc3C=N->4c3ccc(OC)cc3O->5C)<-O(C)c2c1,COc1ccc(N2=Cc3cc(Br)ccc3[O-]->[Ni+2]<-23<-[O-]c2ccc(Br)cc2C=N->3c2ccc(OC)cc2OC)c(OC)c1
DOWDOJ,CCOC(=O)[C@H]1/C(=[C-](/S(=O)(=O)c2ccccc2)->[Co+3]23456(<-[O-]N->21c1ccccc1)<-c1c->3c->4[cH-]->5c->61)[Si](C)(C)C,C26 H30 Co1 N1 O5 S1 Si1,0.0,CCOC(=O)C1C(=[C-](S(=O)(=O)c2ccccc2)->[Co+3]23456(<-[O-]N->21c1ccccc1)<-c1c->3c->4[cH-]->5c->61)[Si](C)(C)C,CCOC(=O)C1C(=[C-](S(=O)(=O)c2ccccc2)->[Co+]23456(<-O=[N+]->21c1ccccc1)<-c1c->3c->4[cH-]->5c->61)[Si](C)(C)C,CCOC(=O)C1C(=[C-](S(=O)(=O)c2ccccc2)->[Co+]23456(<-O=[N+]->21c1ccccc1)<-c1c->3c->4[cH-]->5c->61)[Si](C)(C)C
DOXLIM,C1=CC2=N->[Os+4]345(<-N(=C\2C=C1)/c1ccccc1)<-[N-]1[C-]2[CH+][CH+][CH+][CH+][C-]2[N-]->3[C-]2[CH-][CH-][CH+][CH+][C-]2[N-]->4[C-]2[CH-][CH+][CH+][CH-][C-]2[N-]->5[C-]2[CH+][CH+][CH+][CH+][C-]21,C36 H26 N6 Os1,0.0,c1ccc([N-]2c3ccccc3[NH-]->[Os+6]<-2345<-[N-]2c6ccccc6[N-]->3c3ccccc3[N-]->4c3ccccc3[N-]->5c3ccccc32)cc1,C1=CC2=N->[Os+4]345(<-N(=C2C=C1)c1ccccc1)<-[N-]1c2ccccc2[N-]->3c2ccccc2[N-]->4c2ccccc2[N-]->5c2ccccc21,C1=CC2=N->[Os+4]345(<-N(=C2C=C1)c1ccccc1)<-[N-]1c2ccccc2[N-]->3c2ccccc2[N-]->4c2ccccc2[N-]->5c2ccccc21
DOZGOQ,CN1c2ccccc2N2c3cc(C(F)(F)F)cc[c-]3->[Ir+3]34(<-[C]12)(<-[c-]1cc(F)nc(F)c1-c1ccccn->31)<-[c-]1cc(F)nc(F)c1-c1ccccn->41,C35 H20 F7 Ir1 N6,0.0,CN1c2ccccc2N2c3cc(C(F)(F)F)cc[c-]3->[Ir+3]34(<-[C]12)(<-[c-]1cc(F)nc(F)c1-c1ccccn->31)<-[c-]1cc(F)nc(F)c1-c1ccccn->41,CN1c2ccccc2N2c3cc(C(F)(F)F)cc[c-]3->[Ir+3]34(<-[C]12)(<-[c-]1cc(F)nc(F)c1-c1ccccn->31)<-[c-]1cc(F)nc(F)c1-c1ccccn->41,CN1c2ccccc2N2c3cc(C(F)(F)F)cc[c-]3->[Ir+3]34(<-[C]12)(<-[c-]1cc(F)nc(F)c1-c1ccccn->31)<-[c-]1cc(F)nc(F)c1-c1ccccn->41
DOZZOH,,C37 H35 O4 P1 Ru1,0.0,COP(OC)(OC)->[Ru+2]123456(<-[C-](=O)C(=C(c7ccccc7)C->1(c1ccccc1)=C->2c1ccccc1)c1ccccc1)<-c1c->3c->4[cH-]->5c->61,COP(OC)(OC)->[Ru+2]123456(<-C(=O)=C(C(c7ccccc7)=C->1(c1ccccc1)[CH-]->2c1ccccc1)c1ccccc1)<-c1c->3c->4[cH-]->5c->61,COP(OC)(OC)->[Ru+2]123456(<-C(=O)=C(C(c7ccccc7)=C->1(c1ccccc1)[CH-]->2c1ccccc1)c1ccccc1)<-c1c->3c->4[cH-]->5c->61
DUBVEB,,C30 H30 N2 S4 W1,0.0,fail,CN(C)C1=S->[W+2]23456(<-S=CC(=S->2)c2ccccc2)(<-[S-]1)<-c1c->3(-c2ccccc2)[cH-]->4c->5(N(C)C)c->61-c1ccccc1,CN(C)C1=S->[W+2]23456(<-S=CC(=S->2)c2ccccc2)(<-[S-]1)<-c1c->3(-c2ccccc2)[cH-]->4c->5(N(C)C)c->61-c1ccccc1
DUCNOF,c1ccn2->[Zn+2]34(<-O=C([O-]->3)C3CCCCC3)(<-n3ccccc3Nc2c1)<-n1ccccc1Nc1ccccn->41,C27 H29 N6 O2 Zn1 1+,1.0,O=C([O-]->[Zn+2]12(<-n3ccccc3Nc3ccccn->13)<-n1ccccc1Nc1ccccn->21)C1CCCCC1,O=C([O-]->[Zn+2]12(<-n3ccccc3Nc3ccccn->13)<-n1ccccc1Nc1ccccn->21)C1CCCCC1,c1ccn2->[Zn+2]345(<-O=C->3([O-]->4)C3CCCCC3)(<-n3ccccc3Nc2c1)<-n1ccccc1Nc1ccccn->51
DUCVIG,Nc1nc2-c3ccccn3->[Sc+3]3456(<-[O-][N+](=O)[O-]->3)(<-[O-][N+](=O)[O-]->4)(<-[O-][N+](=O)[O-]->5)<-n3ccccc3-c(n1)n->62,C13 H10 N9 O9 Sc1,0.0,Nc1nc2-c3ccccn3->[Sc+3]345(<-[O-][N+](=O)[O-])(<-[O-][N+](=O)[O-]->3)(<-[O-][N+](=O)[O-]->4)<-n3ccccc3-c(n1)n->52,Nc1nc2-c3ccccn3->[Sc+3]3456(<-[O-][N+](=O)[O-]->3)(<-[O-][N+](=O)[O-]->4)(<-[O-][N+](=O)[O-]->5)<-n3ccccc3-c(n1)n->62,Nc1nc2-c3ccccn3->[Sc+3]345678(<-[O-][N+](=O)[O-]->3)(<-[O-][N+]->4(=O)[O-]->5)(<-[O-][N+]->6(=O)[O-]->7)<-n3ccccc3-c(n1)n->82
DUDZOS,CCOC(=O)Cc1c(C)n2[BH-]3[H]->[Re+](<-[C-]#[O+])(<-[C-]#[O+])(<-[C-]#[O+])(<-S=c4n(C)ccn43)<-n2c1C,C16 H20 B1 N4 O5 Re1 S1,0.0,CCOC(=O)Cc1c(C)n2[BH-]3[H]->[Re+](<-[C-]#[O+])(<-[C-]#[O+])(<-[C-]#[O+])(<-S=c4n(C)ccn43)<-n2c1C,CCOC(=O)Cc1c(C)n2Bn3ccn(C)c3=S->[ReH](<-[C-]#[O+])(<-[C-]#[O+])(<-[C-]#[O+])<-n2c1C,CCOC(=O)Cc1c(C)n2[BH2-]n3ccn(C)c3=S->[Re+](<-[C-]#[O+])(<-[C-]#[O+])(<-[C-]#[O+])<-n2c1C
DUFZEL,Cc1ccc23[C@@H]4[C@H]5CC[C@H](C5)[CH-]4->[Pd+2]<-2(<-[I-])(<-c3c1)<-P(c1ccccc1)(c1ccccc1)c1ccccc1,C32 H32 I1 P1 Pd1,0.0,Cc1ccc23C4C5CCC(C5)[CH-]4->[Pd+2]<-2(<-[I-])(<-c3c1)<-P(c1ccccc1)(c1ccccc1)c1ccccc1,Cc1ccc2(C3C4CCC(C4)[CH-]3->[Pd+2]<-2(<-[I-])<-P(c2ccccc2)(c2ccccc2)c2ccccc2)cc1,Cc1ccc23C4C5CCC(C5)[CH-]4->[Pd+2]<-2(<-[I-])(<-c3c1)<-P(c1ccccc1)(c1ccccc1)c1ccccc1
DUHCAL,CSC1/N=N2/C=C3/C=CC=C[N-]3->[Cd+2]<-234(<-S=1)<-S=C(/N=N->3/C=C1/C=CC=C[N-]->41)SC,C16 H16 Cd1 N6 S4,0.0,CSC1=NN2=Cc3ccccn3->[Cd+2]<-234(<-[S-]1)<-[S-]C(=NN->3=Cc1ccccn->41)SC,CSC1N=N2C=C3C=CC=C[N-]3->[Cd+2]<-234(<-S=1)<-S=C(N=N->3C=C1C=CC=C[N-]->41)SC,CSC1N=N2C=C3C=CC=C[N-]3->[Cd+2]<-234(<-S=1)<-S=C(N=N->3C=C1C=CC=C[N-]->41)SC
DUHKOH,O=Cc1ccc(O)[c-](->[Hg+2]<-[Cl-])c1,C7 H5 Cl1 Hg1 O2,0.0,O=Cc1ccc(O)[c-](->[Hg+2]<-[Cl-])c1,O=Cc1ccc(O)[c-](->[Hg+2]<-[Cl-])c1,O=Cc1ccc(O)[c-](->[Hg+2]<-[Cl-])c1
DUJZOX,,C13 H16 Br1 Cu1 N5 O4,0.0,fail,CC(=O)[O-]->[Cu+3]12<-n3c[nH][c-]c3CC[N-]->1C(=O)c1c(Br)cnc(C)n->21.O,CC1=O->[Cu+3]23(<-[O-]1)<-n1c[nH][c-]c1CC[N-]->2C(=O)c1c(Br)cnc(C)n->31.O
DULPUV,CCN(CC)C1=S->[W+6]23(<-[S-2])(<-[S-]1)(<-[S-][C]->2N(CC)CC)<-[C-](/c1ccccc1)=[C-]->3/c1ccccc1,C24 H30 N2 S4 W1,0.0,CCN(CC)C1=S->[W+3]23(<-[S-2])(<-S=C->2N(CC)CC)(<-[S-]1)<-C(c1ccccc1)#C->3c1ccccc1,CCN(CC)C1=S->[W+4]2(<-[S-2])(<-[S-]1)(<-[C]([S-])N(CC)CC)<-C(c1ccccc1)#C->2c1ccccc1,CCN(CC)C1=S->[W+4]2(<-[S-2])(<-[S-]1)(<-[C]([S-])N(CC)CC)<-C(c1ccccc1)#C->2c1ccccc1
DUMHOI,CC[O-]->[V+5]12(<-[O-2])<-[O-]/C(=C\C(C)=N->1\N=C(/[O-]->2)c1ccccc1)c1ccccc1,C19 H19 N2 O4 V1,0.0,CC[O-]->[V+5]12(<-[O-2])<-[O-]C(=CC(C)=N->1N=C([O-]->2)c1ccccc1)c1ccccc1,CC[O-]->[V+5]12(<-[O-2])<-[O-]C(=CC(C)=N->1N=C([O-]->2)c1ccccc1)c1ccccc1,CC[O-]->[V+5]12(<-[O-2])<-[O-]C(=CC(C)=N->1N=C([O-]->2)c1ccccc1)c1ccccc1
DUPCEY,[Cl-]->[Cu+]1<-P(c2ccccc2)(c2ccccc2)c2ccccc2COCc2ccccc2P->1(c1ccccc1)c1ccccc1,C38 H32 Cl1 Cu1 O1 P2,0.0,[Cl-]->[Cu+]12<-O(Cc3ccccc3P->1(c1ccccc1)c1ccccc1)Cc1ccccc1P->2(c1ccccc1)c1ccccc1,[Cl-]->[Cu+]12<-O(Cc3ccccc3P->1(c1ccccc1)c1ccccc1)Cc1ccccc1P->2(c1ccccc1)c1ccccc1,[Cl-]->[Cu+]1<-P(c2ccccc2)(c2ccccc2)c2ccccc2COCc2ccccc2P->1(c1ccccc1)c1ccccc1
DUQWUI,,C28 H30 N4 Ni1 O10,0.0,COc1ccc(C(=O)[O-]->[Ni+2](<-O)(<-O)(<-[O-]C(=O)c2ccc(OC)cc2)(<-n2cccc(C(N)=O)c2)<-n2cccc(C(N)=O)c2)cc1,COc1ccc(C(=O)[O-]->[Ni+2](<-O)(<-O)(<-[O-]C(=O)c2ccc(OC)cc2)(<-n2cccc(C(N)=O)c2)<-n2cccc(C(N)=O)c2)cc1,COc1ccc(C(=O)[O-]->[Ni+2](<-[O-]C(=O)c2ccc(OC)cc2)(<-n2cccc(C(N)=O)c2)<-n2cccc(C(N)=O)c2)cc1.O.O
DURTUH,O=S(=O)([O-]->[Pd@OH4+2]12<-P(CO)(CCP->1(c1ccccc1)c1ccccc1)CCP->2(c1ccccc1)c1ccccc1)C(F)(F)F,C30 H31 F3 O4 P3 Pd1 S1 1+,1.0,O=S(=O)([O-]->[Pd+2]12<-P(CO)(CCP->1(c1ccccc1)c1ccccc1)CCP->2(c1ccccc1)c1ccccc1)C(F)(F)F,O=S(=O)([O-]->[Pd+2]12<-P(CO)(CCP->1(c1ccccc1)c1ccccc1)CCP->2(c1ccccc1)c1ccccc1)C(F)(F)F,O=S1(=O)([O-]->[Pd+2]<-123<-P(CO)(CCP->2(c1ccccc1)c1ccccc1)CCP->3(c1ccccc1)c1ccccc1)C(F)(F)F
DUSSEP,,C12 H13 Mo1 N1,0.0,CC1=N->[Mo+2]<-123456789(<-c1c->2c->3[cH-]->4c->51)<-c1c->6c->7[cH-]->8c->91,CC1#N->[Mo+2]<-123456789(<-c1c->2c->3[cH-]->4c->51)<-c1c->6c->7[cH-]->8c->91,CC1#N->[Mo+2]<-123456789(<-c1c->2c->3[cH-]->4c->51)<-c1c->6c->7[cH-]->8c->91
DUTGOO,CC1(C)CN(C)(C)->[Pt@TB12+2]2(<-[Cl-])(<-C=C->21)<-[CH2-]Cl,C9 H19 Cl2 N1 Pt1,0.0,CC1(C)CN(C)(C)->[Pt+2]2(<-[Cl-])(<-C=C->21)<-[CH2-]Cl,CC1(C)CN(C)(C)->[Pt+2]2(<-[Cl-])(<-C=C->21)<-[CH2-]Cl,CC1(C)CN(C)(C)->[Pt+2]2(<-[Cl-])(<-C=C->21)<-[CH2-]Cl
DUXROF,N#CC(C#N)=CC1=Cc2c(-c3ccccc3)c3ccc4c(-c5ccccc5)c5n6->[Ni@SP2+2]7(<-n2c1c(-c1ccccc1)c1ccc(c(-c2ccccc2)c6C=C5)[n-]->71)<-[n-]43,C48 H28 N6 Ni1,0.0,N#CC(C#N)=CC1=Cc2c(-c3ccccc3)c3ccc4c(-c5ccccc5)c5n6->[Ni+2]7(<-n2c1c(-c1ccccc1)c1ccc(c(-c2ccccc2)c6C=C5)[n-]->71)<-[n-]43,N#CC(C#N)=Cc1cc2[n-]3->[Ni+4]45<-[n-]6c(ccc6C(c6ccccc6)=c6ccc([n-]->46)=C(c4ccccc4)c13)C(c1ccccc1)=c1ccc([n-]->51)=C2c1ccccc1,N#CC(C#N)=Cc1cc2c(-c3ccccc3)c3n4->[Ni+2]56<-n7c(c(-c8ccccc8)c8ccc(c(-c9ccccc9)c4C=C3)[n-]->58)C=Cc7c(-c3ccccc3)c1[n-]->62
DUYYOL,[Cl-]->[Mo+6]1(<-[Cl-])(<-[Cl-])(<-[N-2]S[N+]#S[N-2]->1)<-O1CCCC1,C4 H8 Cl3 Mo1 N3 O1 S2,0.0,[Cl-]->[Mo+5]1(<-[Cl-])(<-[Cl-])(<-[N-][S]=N[S]=[N-]->1)<-O1CCCC1,[Cl-]->[Mo+6]1(<-[Cl-])(<-[Cl-])(<-[N-2]SN=S=[N-]->1)<-O1CCCC1,[Cl-]->[Mo+6]1(<-[Cl-])(<-[Cl-])(<-[N-2]SN=S=[N-]->1)<-O1CCCC1
DUZZIH,CCS1Cc2cccc3CS(CC)->[Zn@TB6+2]<-1(<-[Br-])(<-[Br-])<-n23,C11 H17 Br2 N1 S2 Zn1,0.0,CCS1Cc2cccc3CS(CC)->[Zn+2]<-1(<-[Br-])(<-[Br-])<-n23,CCSCc1cccc2CS(CC)->[Zn+2](<-[Br-])(<-[Br-])<-n12,CCSCc1cccc(CSCC)n1->[Zn+2](<-[Br-])<-[Br-]
EBAQEF,CS(C)(=O)->[Ru+2]1(<-[Cl-])(<-[Cl-])(<-n2cc[nH]c2-c2[nH]ccn->12)<-S(C)(C)=O,C10 H18 Cl2 N4 O2 Ru1 S2,0.0,CS(C)(=O)->[Ru+2]1(<-[Cl-])(<-[Cl-])(<-n2cc[nH]c2-c2[nH]ccn->12)<-S(C)(C)=O,CS(C)(=O)->[Ru+2]1(<-[Cl-])(<-[Cl-])(<-n2cc[nH]c2-c2[nH]ccn->12)<-S(C)(C)=O,CS(C)(=O)->[Ru+2]1(<-[Cl-])(<-[Cl-])(<-n2cc[nH]c2-c2[nH]ccn->12)<-S(C)(C)=O
EBAYEM,,C25 H32 N1 P1 Ti1,0.0,CC(C)(C)P1(=[N-]->[Ti+4]23456(<-c7c->2c->3[cH-]->4c->57)<-[CH-]2C=C[CH-]->6C(c3ccccc31)=C2)C(C)(C)C,CC(C)(C)P1(=[N-]->[Ti+2]23456789%10(<-c%11c->2c->3c->4(-c2ccccc21)c->5c->6%11)<-c1c->7c->8[cH-]->9c->%101)C(C)(C)C,CC(C)(C)P1(=[N-]->[Ti+2]23456789%10(<-c%11c->2c->3c->4(-c2ccccc21)c->5c->6%11)<-c1c->7c->8[cH-]->9c->%101)C(C)(C)C
EBOLOY,CC(C)[C@H](NCc1ccc(C(=O)[O-]->[Zn+2](<-O)(<-O)<-[O-]C(=O)c2ccc(CN[C@H](C(=O)O)C(C)C)cc2)cc1)C(=O)O,C26 H36 N2 O10 Zn1,0.0,CC(C)C(NCc1ccc(C(=O)[O-]->[Zn+2](<-O)(<-O)<-[O-]C(=O)c2ccc(CNC(C(=O)O)C(C)C)cc2)cc1)C(=O)O,CC(C)C(NCc1ccc(C(=O)[O-]->[Zn+2](<-O)(<-O)<-[O-]C(=O)c2ccc(CNC(C(=O)O)C(C)C)cc2)cc1)C(=O)O,CC(C)C(NCc1ccc(C23=O->[Zn+2]<-245(<-O)(<-O)(<-O=C->4([O-]->5)c2ccc(CNC(C(=O)O)C(C)C)cc2)<-[O-]3)cc1)C(=O)O
EBUFIR,CC/N1=C(\c2ccccc2)[N-](C(C)(C)C)->[Zr+4]<-12345(<-[Cl-])(<-[Cl-])<-c1(C)c->2(C)c->3(C)[c-]->4(C)c->51C,C23 H34 Cl2 N2 Zr1,0.0,CC[N-]1C(c2ccccc2)=N(C(C)(C)C)->[Zr+4]<-12345(<-[Cl-])(<-[Cl-])<-c1(C)c->2(C)c->3(C)[c-]->4(C)c->51C,CCN1=C(c2ccccc2)[N-](C(C)(C)C)->[Zr+4]<-12345(<-[Cl-])(<-[Cl-])<-c1(C)c->2(C)c->3(C)[c-]->4(C)c->51C,CCN1=C(c2ccccc2)[N-](C(C)(C)C)->[Zr+4]<-12345(<-[Cl-])(<-[Cl-])<-c1(C)c->2(C)c->3(C)[c-]->4(C)c->51C
EBUSIF,S=C([S-]->[Hg+2]<-[c-]1ccccc1)N(Cc1ccccc1)Cc1ccncc1,C20 H18 Hg1 N2 S2,0.0,S=C([S-]->[Hg+2]<-[c-]1ccccc1)N(Cc1ccccc1)Cc1ccncc1,S=C([S-]->[Hg+2]<-[c-]1ccccc1)N(Cc1ccccc1)Cc1ccncc1,c1ccc(CN(Cc2ccncc2)C2=S->[Hg+2](<-[S-]2)<-[c-]2ccccc2)cc1
ECECIY,O=C1CC(=O)[N-]2CCN->[Re+5]<-23(<-[O-2])(<-O)<-NCC[N-]->31,C7 H16 N4 O4 Re1 1+,1.0,O=C1CC(=O)[N-]2CCN->[Re+5]<-23(<-[O-2])(<-O)<-NCC[N-]->31,O=C1CC(=O)[N-]2CCN->[Re+5]<-23(<-[O-2])(<-O)<-NCC[N-]->31,O=C1CC(=O)[N-]2CCN->[Re+5]<-23(<-[O-2])(<-O)<-NCC[N-]->31
ECEZOE,[O+]#[C-]->[Cr+2]12345(<-[C-]#[O+])(<-[C-]#[O+])<-C6=C->1[CH-]->2c->31c2ccccn2cc->41[CH-]->56,C15 H9 Cr1 N1 O3,0.0,[O+]#[C-]->[Cr]12345(<-[C-]#[O+])(<-[C-]#[O+])<-c6c->1c->2c->31c2ccccn2cc->41c->56,[O+]#[C-]->[Cr]12345(<-[C-]#[O+])(<-[C-]#[O+])<-c6c->1c->2c->31c2ccccn2cc->41c->56,[O+]#[C-]->[Cr]12345(<-[C-]#[O+])(<-[C-]#[O+])<-c6c->1c->2c->31c2ccccn2cc->41c->56
ECIJEF,,C19 H27 Cl2 N5 O2 Zn1,0.0,CC1(C)N([O])C2c3cccc4C5=N(->[Zn+2](<-[Cl-])(<-[Cl-])(<-N=2C1(C)C)<-n34)C(C)(C)C(C)(C)N5[O],CC1(C)N([O-])C2c3cccc4C5=N(->[Zn+4](<-[Cl-])(<-[Cl-])(<-N=2C1(C)C)<-n34)C(C)(C)C(C)(C)N5[O-],CC1(C)N([O-])C2c3cccc4C5=N(->[Zn+4](<-[Cl-])(<-[Cl-])(<-N=2C1(C)C)<-n34)C(C)(C)C(C)(C)N5[O-]
ECOCIL,,C34 H24 Cl2 N10 Rh1 1+,1.0,Clc1ccc(N2=Nc3ccccc3N3=Nc4ccccn4->[Rh+]<-2<-345<-N(=Nc2ccccc2N->4=Nc2ccccn->52)c2ccc(Cl)cc2)cc1,Clc1ccc([N-]2[N-]c3ccccc3[N-]3N=c4cccc[n-]4->[Rh+9]<-3<-245<-[N-](N=c2cccc[n-]->42)c2ccccc2[N-][N-]->5c2ccc(Cl)cc2)cc1,Clc1ccc([N-]2[N-]c3ccccc3[N-]3N=c4cccc[n-]4->[Rh+9]<-3<-245<-[N-](N=c2cccc[n-]->42)c2ccccc2[N-][N-]->5c2ccc(Cl)cc2)cc1
ECOQUJ,Cc1ccn(->[Ru+2]234(<-n5ccc(C)cc5)<-n5c6nc7c8ccccc8c(nc8n->2c(nc2c9ccccc9c(nc5-c5ccccc5-6)[n-]->32)-c2ccccc2-8)[n-]->47)cc1,C44 H30 N10 Ru1,0.0,Cc1ccn(->[Ru+4]234(<-n5ccc(C)cc5)<-[n-]5c6c7ccccc7c5N=c5c7ccccc7c([n-]->25)=Nc2c5ccccc5c([n-]->32)N=c2c3ccccc3c([n-]->42)=N6)cc1,Cc1ccn(->[Ru+4]234(<-n5ccc(C)cc5)<-[n-]5c6c7ccccc7c5N=c5c7ccccc7c([n-]->25)=Nc2c5ccccc5c([n-]->32)N=c2c3ccccc3c([n-]->42)=N6)cc1,Cc1ccn(->[Ru+4]234(<-n5ccc(C)cc5)<-[n-]5c6c7ccccc7c5N=c5c7ccccc7c([n-]->25)=Nc2c5ccccc5c([n-]->32)N=c2c3ccccc3c([n-]->42)=N6)cc1
ECOZUU,Cc1cc(C)n(->[Zn+2]23(<-O=C(/C=C\C(=O)Nc4ccccc4Cl)[O-]->2)(<-O=C(/C=C\C(=O)Nc2ccccc2Cl)[O-]->3)<-n2[nH]c(C)cc2C)[nH]1,C30 H30 Cl2 N6 O6 Zn1,0.0,Cc1cc(C)n(->[Zn+2](<-[O-]C(=O)C=CC(=O)Nc2ccccc2Cl)(<-[O-]C(=O)C=CC(=O)Nc2ccccc2Cl)<-n2[nH]c(C)cc2C)[nH]1,Cc1cc(C)n(->[Zn+2](<-[O-]C(=O)C=CC(=O)Nc2ccccc2Cl)(<-[O-]C(=O)C=CC(=O)Nc2ccccc2Cl)<-n2[nH]c(C)cc2C)[nH]1,Cc1cc(C)n(->[Zn+2]2345(<-O=C->2(C=CC(=O)Nc2ccccc2Cl)[O-]->3)(<-O=C->4(C=CC(=O)Nc2ccccc2Cl)[O-]->5)<-n2[nH]c(C)cc2C)[nH]1
ECUTAY,,C32 H41 N1 P1 Ru1 1+,1.0,CCC[N-]1[P](c2ccccc2)(c2ccccc2)C2=C34->[Ru+3]<-2<-156789(<-C=C->53CCC4)<-c1(C)c->6(C)c->7(C)[c-]->8(C)c->91C,CCCN1=P(c2ccccc2)(c2ccccc2)C2=C34->[Ru+2]<-2<-156789(<-C=C->53CCC4)<-c1(C)c->6(C)c->7(C)[c-]->8(C)c->91C,CCCN1=P(c2ccccc2)(c2ccccc2)C2=C34->[Ru+2]<-2<-156789(<-C=C->53CCC4)<-c1(C)c->6(C)c->7(C)[c-]->8(C)c->91C
EDEXIX,CC(C)(C)[Se](C(C)(C)C)->[Ag+]1(<-O=C([O-]->1)C(F)(F)F)<-[Se](C(C)(C)C)C(C)(C)C,C18 H36 Ag1 F3 O2 Se2,0.0,fail,CC(C)(C)[Se-]->[Ag+5]1(<-[Se-]C(C)(C)C)<-O=C(C(F)(F)F)[O-]->1.C[C-](C)C.C[C-](C)C,CC(C)(C)[Se-]->[Ag+3]1<-O=C(C(F)(F)F)[O-]->1.CC(C)(C)[Se]C(C)(C)C.C[C-](C)C
EDISOC,CC(C)c1cccc(C(C)C)c1N/C=C1/C=C(Cl)C=C2/C=N(/c3c(C(C)C)cccc3C(C)C)->[Zr+4](<-[Cl-])(<-[Cl-])(<-[Cl-])(<-[Cl-])<-O=C21,C32 H39 Cl5 N2 O1 Zr1,0.0,CC(C)c1cccc(C(C)C)c1[NH+]=Cc1cc(Cl)cc2C=N(c3c(C(C)C)cccc3C(C)C)->[Zr+4](<-[Cl-])(<-[Cl-])(<-[Cl-])(<-[Cl-])<-[O-]c12,CC(C)c1cccc(C(C)C)c1NC=C1C=C(Cl)C=C2C=N(c3c(C(C)C)cccc3C(C)C)->[Zr+4](<-[Cl-])(<-[Cl-])(<-[Cl-])(<-[Cl-])<-O=C12,CC(C)c1cccc(C(C)C)c1NC=C1C=C(Cl)C=C2C=N(c3c(C(C)C)cccc3C(C)C)->[Zr+4](<-[Cl-])(<-[Cl-])(<-[Cl-])(<-[Cl-])<-O=C12
EDOGEM,CC1=C/C(=C/Nc2c(C(C)C)cccc2C(C)C)C2=O->[Hf+4](<-[Cl-])(<-[Cl-])(<-[Cl-])(<-[Cl-])<-N(=C\C2=C1)/c1c(C(C)C)cccc1C(C)C,C33 H42 Cl4 Hf1 N2 O1,0.0,Cc1cc(C=[NH+]c2c(C(C)C)cccc2C(C)C)c2[O-]->[Hf+4](<-[Cl-])(<-[Cl-])(<-[Cl-])(<-[Cl-])<-N(=Cc2c1)c1c(C(C)C)cccc1C(C)C,CC1=CC(=CNc2c(C(C)C)cccc2C(C)C)C2=O->[Hf+4](<-[Cl-])(<-[Cl-])(<-[Cl-])(<-[Cl-])<-N(=CC2=C1)c1c(C(C)C)cccc1C(C)C,CC1=CC(=CNc2c(C(C)C)cccc2C(C)C)C2=O->[Hf+4](<-[Cl-])(<-[Cl-])(<-[Cl-])(<-[Cl-])<-N(=CC2=C1)c1c(C(C)C)cccc1C(C)C
EDUYAG,,C27 H39 B1 Cl1 Co1 N6 Se3,0.0,Cc1cc(C(C)(C)C)nn2B34n5nc(C(C)(C)C)cc(C)c5=[Se]->[Co+]<-3(<-[Cl-])(<-[Se]=c12)<-[Se]=c1c(C)cc(C(C)(C)C)nn14,Cc1cc(C(C)(C)C)nn2B34n5nc(C(C)(C)C)cc(C)c5=[Se]->[Co+]<-3(<-[Cl-])(<-[Se]=c12)<-[Se]=c1c(C)cc(C(C)(C)C)nn14,Cc1cc(C(C)(C)C)nn(B23n4nc(C(C)(C)C)cc(C)c4=[Se]->[Co+]<-2(<-[Cl-])<-[Se]=c2c(C)cc(C(C)(C)C)nn23)c1=[Se]
EFEFAZ,,C26 H28 Cd1 Cl4 N10,0.0,CN(Cc1ccccc1)c1nc[nH+]c2c1[nH]cn2->[Cd+2](<-[Cl-])(<-[Cl-])(<-[Cl-])(<-[Cl-])<-n1c[nH]c2c(N(C)Cc3ccccc3)nc[nH+]c21,CN(Cc1ccccc1)C1=N[CH-]Nc2c1[nH]cn2->[Cd+6](<-[Cl-])(<-[Cl-])(<-[Cl-])(<-[Cl-])<-n1c[nH]c2c1N[CH-]N=C2N(C)Cc1ccccc1,CN(Cc1ccccc1)c1ncnc2c1[nH]cn2->[Cd+2](<-[Cl-])(<-[Cl-])<-n1c[nH]c2c(N(C)Cc3ccccc3)ncnc21.Cl.Cl
EFIKEJ,CCN(CC)C1=S->[W+6]23(<-[O-2])(<-S=C([S-]->2)N(CC)CC)(<-[S-]1)<-[Se-][Se-]->3,C10 H20 N2 O1 S4 Se2 W1,0.0,fail,CCN(CC)C1=S->[W+6]23(<-[O-2])(<-S=C([S-]->2)N(CC)CC)(<-[S-]1)<-[Se-][Se-]->3,CCN(CC)C1=S->[W+6]234(<-[O-2])(<-S=C->2([S-]->3)N(CC)CC)(<-[S-]1)<-[Se-][Se-]->4
EFOPUK,CNC1N/N=C(\N)c2ccccn2->[Cd+2](<-[Cl-])(<-[Cl-])<-S=1,C8 H11 Cd1 Cl2 N5 S1,0.0,CNC1NN2=C(N)c3ccccn3->[Cd+2]<-2(<-[Cl-])(<-[Cl-])<-S=1,CNC1NN2=C(N)c3ccccn3->[Cd+2]<-2(<-[Cl-])(<-[Cl-])<-S=1,CNC1NN2=C(N)c3ccccn3->[Cd+2]<-2(<-[Cl-])(<-[Cl-])<-S=1
EFOZOO,O=[N+]1[O-]->[Rh+]234(<-[NH-]c5ccccc51)<-C1=C->2/CC/C->3=C->4\CC\1,C14 H17 N2 O2 Rh1,0.0,fail,[O-]N1[O-]->[Rh+3]234(<-[NH-]c5ccccc51)<-C1=C->2CCC->3=C->4CC1,[O-]N1[O-]->[Rh+3]234(<-[NH-]c5ccccc51)<-C1=C->2CCC->3=C->4CC1
EFUSED,c1ccc(-c2ccccn2->[Ni@OH6+2]2(<-n3cc[nH]c3-c3ncc[n-]->23)<-[n-]2ccnc2-c2ncc[nH]2)nc1,C22 H18 N10 Ni1,0.0,c1ccn2->[Ni+2]34(<-n5ccccc5-c2c1)(<-n1cc[nH]c1-c1ncc[n-]->31)<-n1cc[nH]c1-c1ncc[n-]->41,C1=C[N-]2->[Ni+2]34(<-N5=CC=NC5=C2N1)(<-N1=CC=NC1=C1NC=C[N-]->31)<-n1ccccc1-c1ccccn->41,C1=C[N-]2->[Ni+2]34(<-N5=CC=NC5=C2N1)(<-N1=CC=NC1=C1NC=C[N-]->31)<-n1ccccc1-c1ccccn->41
EGACOE,,C17 H35 B1 Cl1 Mn1 O2 Si4,0.0,Cc12->[MnH+2]345(<-[C-]#[O+])(<-[C-]#[O+])(<-[BH2-](Cl)[Si]([Si](C)(C)C)([Si](C)(C)C)[Si](C)(C)C)<-c(c->3[cH-]->41)c->52,Cc12->[MnH]345(<-[C-]#[O+])(<-[C-]#[O+])(<-[B+](Cl)[Si]([Si](C)(C)C)([Si](C)(C)C)[Si](C)(C)C)<-c(c->3[cH-]->41)c->52,Cc12->[Mn+]345(<-[C-]#[O+])(<-[C-]#[O+])(<-B(Cl)[Si]([Si](C)(C)C)([Si](C)(C)C)[Si](C)(C)C)<-c(c->3[cH-]->41)c->52
EGEHIJ,COc1c[c-]2->[Ir+3]34(<-[O-]C(=O)c5ccccn->35)(<-[c-]3cc(OC)nc(OC)c3-c3cc(C)ccn->43)<-n3ccc(C)cc3-c2c(OC)n1,C32 H30 Ir1 N5 O6,0.0,COc1c[c-]2->[Ir+3]34(<-[O-]C(=O)c5ccccn->35)(<-[c-]3cc(OC)nc(OC)c3-c3cc(C)ccn->43)<-n3ccc(C)cc3-c2c(OC)n1,COc1c[c-]2->[Ir+3]34(<-[O-]C(=O)c5ccccn->35)(<-[c-]3cc(OC)nc(OC)c3-c3cc(C)ccn->43)<-n3ccc(C)cc3-c2c(OC)n1,COc1c[c-]2->[Ir+3]34(<-[O-]C(=O)c5ccccn->35)(<-[c-]3cc(OC)nc(OC)c3-c3cc(C)ccn->43)<-n3ccc(C)cc3-c2c(OC)n1
EGIXOJ,C\C1[O-]->[Ni@SP1+2]23<-[O-]/C(C)=C(\C=N->2\CC/N->3=C/C=1C(=O)c1ccccc1)C(=O)c1ccccc1,C24 H22 N2 Ni1 O4,0.0,fail,CC1[O-]->[Ni+2]23<-[O-]C(C)=C(C=N->2CCN->3=CC=1C(=O)c1ccccc1)C(=O)c1ccccc1,CC1[O-]->[Ni+2]23<-[O-]C(C)=C(C=N->2CCN->3=CC=1C(=O)c1ccccc1)C(=O)c1ccccc1
EGUDUI,,C16 H19 N5 O10 Ru1,0.0,CCOC(=O)c1ccn(->[Ru](<-[OH-])(<-[N-]=O)(<-n2ccc(C(=O)OCC)cc2)(<-[N+](=O)=O)<-[N+](=O)=O)cc1,CCOC(=O)c1ccn(->[Ru+4](<-[OH-])(<-[N-]=O)(<-N(=O)[O-])(<-N(=O)[O-])<-n2ccc(C(=O)OCC)cc2)cc1,CCOC(=O)c1ccn(->[Ru+4](<-[OH-])(<-[N-]=O)(<-N(=O)[O-])(<-N(=O)[O-])<-n2ccc(C(=O)OCC)cc2)cc1
EGUVOR,Clc1ccc(=O->[Fe+2](<-[Br-])(<-[Br-])(<-O=c2ccc(Cl)c[nH]2)(<-O=c2ccc(Cl)c[nH]2)<-O=c2ccc(Cl)c[nH]2)[nH]c1,C20 H16 Br2 Cl4 Fe1 N4 O4,0.0,Clc1ccc(O->[Fe+2](<-[Br-])(<-[Br-])(<-Oc2ccc(Cl)cn2)(<-Oc2ccc(Cl)cn2)<-Oc2ccc(Cl)cn2)nc1,Clc1ccc(O->[Fe+2](<-[Br-])(<-[Br-])(<-Oc2ccc(Cl)cn2)(<-Oc2ccc(Cl)cn2)<-Oc2ccc(Cl)cn2)nc1,Clc1ccc(O->[Fe+2](<-[Br-])(<-[Br-])(<-Oc2ccc(Cl)cn2)(<-Oc2ccc(Cl)cn2)<-Oc2ccc(Cl)cn2)nc1
EHAGID,CC(C)(C)/N1=C/c2ccccn2->[Pt]<-12<-C1=C->2C(=O)OC1=O,C14 H16 N2 O3 Pt1,0.0,CC(C)(C)N1=Cc2ccccn2->[Pt]<-12<-C1=C->2C(=O)OC1=O,CC(C)(C)N1=Cc2ccccn2->[Pt+2]<-12<-[cH-]1c(=O)oc(=O)[cH-]->21,CC(C)(C)N1=Cc2ccccn2->[Pt+2]<-12<-[cH-]1c(=O)oc(=O)[cH-]->21
EHAZOD,CCCc1nc(C(=O)O)c2C(=O)[O-]->[Ni+4]3(<-O)(<-O)(<-[O-]C(=O)c4c(C(=O)O)nc(CCC)[n-]->34)<-[n-]12,C16 H22 N4 Ni1 O10,0.0,CCCc1[nH]c(C(=O)O)c2C(=O)[O-]->[Ni+2]3(<-O)(<-O)(<-[O-]C(=O)c4c(C(=O)O)[nH]c(CCC)n->34)<-n12,CCCc1nc(C(=O)O)c2C(=O)[O-]->[Ni+4]3(<-O)(<-O)(<-[O-]C(=O)c4c(C(=O)O)nc(CCC)[n-]->34)<-[n-]12,CCCc1nc(C(=O)O)c2C(=O)[O-]->[Ni+4]3(<-O)(<-O)(<-[O-]C(=O)c4c(C(=O)O)nc(CCC)[n-]->34)<-[n-]12
EHESER,CC(C)(C)P1(N2CCCN(c3ccccc3)[C]2->[Pd+2]<-1(<-[Cl-])<-[Cl-])C(C)(C)C,C18 H29 Cl2 N2 P1 Pd1,0.0,CC(C)(C)P1(N2CCCN(c3ccccc3)[C]2->[Pd+2]<-1(<-[Cl-])<-[Cl-])C(C)(C)C,CC(C)(C)P1(N2CCCN(c3ccccc3)[C]2->[Pd+2]<-1(<-[Cl-])<-[Cl-])C(C)(C)C,CC(C)(C)P1(N2CCCN(c3ccccc3)[C]2->[Pd+2]<-1(<-[Cl-])<-[Cl-])C(C)(C)C
EHINOY,O=C(O)CCCCCCCC1=O->[Zn+2]23(<-O=C(CCCCCCCC(=O)O)[O-]->2)(<-[O-]1)<-n1cccc2ccc4cccn->3c4c21,C30 H38 N2 O8 Zn1,0.0,fail,O=C(O)CCCCCCCC(=O)[O-]->[Zn+2]1(<-[O-]C(=O)CCCCCCCC(=O)O)<-n2cccc3ccc4cccn->1c4c32,O=C(O)CCCCCCCC12=O->[Zn+2]<-1345(<-O=C->3(CCCCCCCC(=O)O)[O-]->4)(<-[O-]2)<-n1cccc2ccc3cccn->5c3c21
EHUQIH,C[C@@H](c1ccccc1)N1P(=S->[Rh@@+](<-[Cl-])(<-[C-]#[O+])<-P1(c1ccccc1)c1ccccc1)(c1ccccc1)c1ccccc1,C33 H29 Cl1 N1 O1 P2 Rh1 S1,0.0,CC(c1ccccc1)N1P(=S->[Rh+](<-[Cl-])(<-[C-]#[O+])<-P1(c1ccccc1)c1ccccc1)(c1ccccc1)c1ccccc1,CC(c1ccccc1)N1P(=S->[Rh+](<-[Cl-])(<-[C-]#[O+])<-P1(c1ccccc1)c1ccccc1)(c1ccccc1)c1ccccc1,CC(c1ccccc1)N1P(c2ccccc2)(c2ccccc2)->[Rh+]2(<-[Cl-])(<-[C-]#[O+])<-S=P->21(c1ccccc1)c1ccccc1
EJAROW,CC(C)(C)c1ccn2C3(n4ccc(C(C)(C)C)n4->[Ni+2](<-[Cl-])(<-n12)<-n1c(C(C)(C)C)ccn13)S(=O)(=O)[O-],C22 H33 Cl1 N6 Ni1 O3 S1,0.0,CC(C)(C)c1cc[n+]2C3([n+]4ccc(C(C)(C)C)[n-]4->[Ni+2](<-[Cl-])(<-[n-]12)<-[n-]1c(C(C)(C)C)cc[n+]13)S(=O)(=O)[O-],CC(C)(C)c1ccn2C3(n4ccc(C(C)(C)C)n4->[Ni+2](<-[Cl-])(<-n12)<-n1c(C(C)(C)C)ccn13)S(=O)(=O)[O-],CC(C)(C)c1ccn2C3(n4ccc(C(C)(C)C)n4->[Ni+2](<-[Cl-])(<-n12)<-n1c(C(C)(C)C)ccn13)S(=O)(=O)[O-]
EJEZAV,,C22 H31 N6 Ni1 O3 1+,1.0,CCC1(CC)C(=O)NC(=O)N2->[Ni+2]34(<-NCCc5ccccn->35)(<-NCCc3ccccn->43)<-[O-]C=21,CCC1(CC)C(=O)NC(=O)N2->[Ni+2]34(<-NCCc5ccccn->35)(<-NCCc3ccccn->43)<-[O-]C=21,CCC1(CC)C(=O)NC(=O)[N-](->[Ni+2]23(<-NCCc4ccccn->24)<-NCCc2ccccn->32)C1=O
EJIPIY,CC(C)(C)[P@TB19](c1ccccc1-c1ccccc1)(->[Ag+]1<-C#C->1C1=CCCCC1)C(C)(C)C,C28 H37 Ag1 P1 1+,1.0,CC(C)(C)P1(c2ccccc2-c2ccccc2->[Ag+]<-12<-C#C->2C1=CCCCC1)C(C)(C)C,CC(C)(C)P1(c2ccccc2-c2ccccc2->[Ag+]<-12<-C#C->2C1=CCCCC1)C(C)(C)C,CC(C)(C)P(c1ccccc1-c1ccccc1)(->[Ag+]1<-C#C->1C1=CCCCC1)C(C)(C)C
EJUJEY,Cc1cc(C2n3c(C)cc(C)n3->[Zn+2]34(<-[O-][N+](=O)[O-]->3)(<-[O-][N+](=O)[O-]->4)<-n3c(C)cc(C)n32)c(O)c(C(C)(C)C)c1,C22 H30 N6 O7 Zn1,0.0,Cc1cc(C2n3c(C)cc(C)n3->[Zn+2]34(<-[O-][N+](=O)[O-]->3)(<-[O-][N+](=O)[O-]->4)<-n3c(C)cc(C)n32)c(O)c(C(C)(C)C)c1,Cc1cc(C2n3c(C)cc(C)n3->[Zn+2]3(<-[O-][N+](=O)[O-])(<-[O-][N+](=O)[O-]->3)<-n3c(C)cc(C)n32)c(O)c(C(C)(C)C)c1,Cc1cc(C2n3c(C)cc(C)n3->[Zn+2]345(<-[O-][N+](=O)[O-]->3)(<-[O-][N+]->4(=O)[O-]->5)<-n3c(C)cc(C)n32)c(O)c(C(C)(C)C)c1
EKAPAJ,CCCCOc1cccn2->[Fe+2]3456(<-[N-]=C=S)(<-[N-]=C=S)<-C(/c12)=N->3\CC(C)(C)C/N->4=C->5/c1c(OCCCC)cccn->61,C27 H36 Fe1 N6 O2 S2,0.0,CCCCOc1cccn2->[Fe+2]34(<-[N-]=C=S)(<-[N-]=C=S)<-N(=Cc12)CC(C)(C)CN->3=Cc1c(OCCCC)cccn->41,CCCCOc1cccn2->[Fe+2]34(<-[N-]=C=S)(<-[N-]=C=S)<-N(=Cc12)CC(C)(C)CN->3=Cc1c(OCCCC)cccn->41,CCCCOc1cccn2->[Fe+2]34(<-[N-]=C=S)(<-[N-]=C=S)<-N(=Cc12)CC(C)(C)CN->3=Cc1c(OCCCC)cccn->41
EKEHUY,,C31 H22 Cd1 N5 O4 S1 1+,1.0,O=C1c2ccccc2S(=O)(=O)[N-]1->[Cd+2]12(<-O)(<-n3cccc4ccc5cccn->1c5c43)<-n1cccc3ccc4cccn->2c4c31,O=C1c2ccccc2S(=O)(=O)[N-]1->[Cd+2]12(<-O)(<-n3cccc4ccc5cccn->1c5c43)<-n1cccc3ccc4cccn->2c4c31,O.O=C1c2ccccc2S(=O)(=O)[N-]1->[Cd+2]12(<-n3cccc4ccc5cccn->1c5c43)<-n1cccc3ccc4cccn->2c4c31
EKOCAJ,O=C([O-]->[Zn@TB6+2]123<-NCCN->1(CCN->2)CCN->3)c1cccnc1,C12 H22 N5 O2 Zn1 1+,1.0,O=C([O-]->[Zn+2]123<-NCCN->1(CCN->2)CCN->3)c1cccnc1,O=C([O-]->[Zn+2]123<-NCCN->1(CCN->2)CCN->3)c1cccnc1,c1cncc(C23=O->[Zn+2]<-2456(<-NCCN->4(CCN->5)CCN->6)<-[O-]3)c1
ELEJOU,CCN1(CC)CC/N2=C(C)/C=C(/C)[N-]3CCN(CC)(CC)->[Sc+3]<-2<-3<-1(<-[Br-])<-[Br-],C17 H35 Br2 N4 Sc1,0.0,CCN1(CC)CCN2=C(C)C=C(C)[N-]3CCN(CC)(CC)->[Sc+3]<-2<-3<-1(<-[Br-])<-[Br-],CCN1(CC)CCN2=C(C)C=C(C)[N-]3CCN(CC)(CC)->[Sc+3]<-2<-3<-1(<-[Br-])<-[Br-],CCN(CC)CCN1=C(C)C=C(C)[N-]2CCN(CC)(CC)->[Sc+3]<-1<-2(<-[Br-])<-[Br-]
ELIRUO,CS1c2ccccc2[N-]2[P+](c3ccccc3)(c3ccccc3)c3cccc[c-]3->[Pt@OH20+2]<-2<-1<-[Cl-],C25 H21 Cl1 N1 P1 Pt1 S1,0.0,CS1c2ccccc2N2=P(c3ccccc3)(c3ccccc3)c3cccc[c-]3->[Pt+2]<-2<-1<-[Cl-],CS1c2ccccc2[N-]2[P+](c3ccccc3)(c3ccccc3)c3cccc[c-]3->[Pt+2]<-2<-1<-[Cl-],CS1c2ccccc2[N-]2[P+](c3ccccc3)(c3ccccc3)c3cccc[c-]3->[Pt+2]<-2<-1<-[Cl-]
ELOLOI,O=C1C(Br)=C2[O-]->[Zn+2]3(<-O)(<-O)(<-O=C2c2ccccc21)<-O=C1C([O-]->3)=C(Br)C(=O)c2ccccc21,C20 H12 Br2 O8 Zn1,0.0,O=C1C(Br)=C2[O-]->[Zn+2]3(<-O)(<-O)(<-O=C2c2ccccc21)<-O=C1C([O-]->3)=C(Br)C(=O)c2ccccc21,[O-]c1c(Br)c2[O-]->[Zn+6]3(<-O)(<-O)(<-[O-]c4c(Br)c([O-])c5ccccc5c4[O-]->3)<-[O-]c2c2ccccc12,[O-]c1c(Br)c2[O-]->[Zn+6]3(<-O)(<-O)(<-[O-]c4c(Br)c([O-])c5ccccc5c4[O-]->3)<-[O-]c2c2ccccc12
EMALAH,,C35 H27 Ir1 N2 O2,0.0,fail,CC1=CC(C)=O->[Ir+3]23(<-[O-]1)(<-[c-]1ccccc1-c1ccc4ccccc4n->21)<-[c-]1ccccc1-c1ccc2ccccc2n->31,CC1=CC(C)=O->[Ir+3]23(<-[O-]1)(<-[c-]1ccccc1-c1ccc4ccccc4n->21)<-[c-]1ccccc1-c1ccc2ccccc2n->31
EMEHOU,OCCCc1ccccn1->[Ni+2](<-[N-]=C=S)(<-[N-]=C=S)<-n1ccccc1CCCO,C18 H22 N4 Ni1 O2 S2,0.0,S=C=[N-]->[Ni+2]12(<-[N-]=C=S)(<-OCCCc3ccccn->13)<-OCCCc1ccccn->21,S=C=[N-]->[Ni+2]12(<-[N-]=C=S)(<-OCCCc3ccccn->13)<-OCCCc1ccccn->21,OCCCc1ccccn1->[Ni+2](<-[N-]=C=S)(<-[N-]=C=S)<-n1ccccc1CCCO
EMOLIB,,C22 H40 Si2 Zr1,0.0,Cc12->[ZrH+3]3456789(<-[CH3-])(<-c%10[cH-]->3c->4([Si](C)(C)C)c->5c->6%10[Si](C)(C)C)<-c1(C)c->7(C)[c-]->8(C)c->92C,Cc12->[ZrH+3]3456789(<-[CH3-])(<-c%10c->3[c-]->4([Si](C)(C)C)c->5c->6%10[Si](C)(C)C)<-c1(C)c->7(C)[c-]->8(C)c->92C,Cc12->[ZrH+3]3456789(<-[CH3-])(<-c%10c->3[c-]->4([Si](C)(C)C)c->5c->6%10[Si](C)(C)C)<-c1(C)c->7(C)[c-]->8(C)c->92C
ENAJIM,,C18 H25 F6 Mo1 N1 O8 S2,0.0,CO1CCO(C)->[Mo+6]<-12(<-[CH-2]C(C)(C)CCc1ccccc1[N-2]->2)(<-[O-]S(=O)(=O)C(F)(F)F)<-[O-]S(=O)(=O)C(F)(F)F,CO1CCO(C)->[Mo+4]<-12(<-[CH]C(C)(C)CCc1ccccc1[N-2]->2)(<-[O-]S(=O)(=O)C(F)(F)F)<-[O-]S(=O)(=O)C(F)(F)F,CO1CCO(C)->[Mo+4]<-12(<-[CH]C(C)(C)CCc1ccccc1[N-2]->2)(<-[O-]S(=O)(=O)C(F)(F)F)<-[O-]S(=O)(=O)C(F)(F)F
ENAXOG,[O+]#[C-]->[Ru+2]12(<-[C-]#[O+])(<-n3ccccc3-c3cc(C(F)(F)F)n[n-]->13)<-n1ccccc1-c1cc(C(F)(F)F)n[n-]->21,C20 H10 F6 N6 O2 Ru1,0.0,[O+]#[C-]->[Ru+2]12(<-[C-]#[O+])(<-n3ccccc3-c3cc(C(F)(F)F)n[n-]->13)<-n1ccccc1-c1cc(C(F)(F)F)n[n-]->21,[O+]#[C-]->[Ru+2]12(<-[C-]#[O+])(<-N3=NC(C(F)(F)F)=CC3=C3C=CC=C[N-]->13)<-N1=NC(C(F)(F)F)=CC1=C1C=CC=C[N-]->21,[O+]#[C-]->[Ru+2]12(<-[C-]#[O+])(<-N3=NC(C(F)(F)F)=CC3=C3C=CC=C[N-]->13)<-N1=NC(C(F)(F)F)=CC1=C1C=CC=C[N-]->21
ENEZEC,,C11 H7 N1 O6 W1,0.0,CN(C)C1=C[C-2](->[W+2](<-[C-]#[O+])(<-[C-]#[O+])(<-[C-]#[O+])(<-[C-]#[O+])<-[C-]#[O+])C1=O,CN(C)C1=C[C](->[W](<-[C-]#[O+])(<-[C-]#[O+])(<-[C-]#[O+])(<-[C-]#[O+])<-[C-]#[O+])C1=O,CN(C)C1=C[C](->[W](<-[C-]#[O+])(<-[C-]#[O+])(<-[C-]#[O+])(<-[C-]#[O+])<-[C-]#[O+])C1=O
ENSOCO,O=S([O-])([O-])->[Co+3]12(<-[Cl-])(<-NCCN->1)<-NCCN->2,C4 H16 Cl1 Co1 N4 O3 S1,0.0,[O][SH](=O)(=O)->[Co+]12(<-[Cl-])(<-NCCN->1)<-NCCN->2,O=S(=O)(=O)->[Co+]12(<-[Cl-])(<-NCCN->1)<-NCCN->2,O=S(=O)(=O)->[Co+]12(<-[Cl-])(<-NCCN->1)<-NCCN->2
EPAKIR,,C31 H30 Fe1 P2,0.0,c1ccc(P2(CCP(c3ccccc3)(c3ccccc3)->[FeH+]<-23456<-c2c->3c->4[cH-]->5c->62)c2ccccc2)cc1,c1ccc(P2(CCP(c3ccccc3)(c3ccccc3)->[FeH+]<-23456<-c2c->3c->4[cH-]->5c->62)c2ccccc2)cc1,c1ccc(P2(CCP(c3ccccc3)(c3ccccc3)->[FeH+]<-23456<-c2c->3c->4[cH-]->5c->62)c2ccccc2)cc1
EPEJOA,C[O-]->[V+5]123(<-[O-2])<-[O-]c4c(CN->1(CCO->2C)Cc1cc(C)cc(C(C)(C)C)c1[O-]->3)cc(C)cc4C(C)(C)C,C28 H42 N1 O5 V1,0.0,C[O-]->[V+5]123(<-[O-2])<-[O-]c4c(CN->1(CCO->2C)Cc1cc(C)cc(C(C)(C)C)c1[O-]->3)cc(C)cc4C(C)(C)C,C[O-]->[V+5]123(<-[O-2])<-[O-]c4c(CN->1(CCO->2C)Cc1cc(C)cc(C(C)(C)C)c1[O-]->3)cc(C)cc4C(C)(C)C,COCCN1Cc2cc(C)cc(C(C)(C)C)c2[O-]->[V+5](<-[O-2])(<-[O-]C)<-[O-]c2c(C1)cc(C)cc2C(C)(C)C
EPOFOF,O=C1Nc2ccccc2/C1=N1\N=C(\SCc2ccccc2)[S-]->[Ni+2]<-123<-[O-]c1[nH]c4ccccc4c1/N->2=N/C(SCc1ccccc1)=S->3,C32 H24 N6 Ni1 O2 S4,0.0,c1ccc(CSC2=NN3=C4C(=O->[Ni+2]<-356(<-O=C3Nc7ccccc7C3=N->5N=C(SCc3ccccc3)[S-]->6)<-[S-]2)Nc2ccccc24)cc1,c1ccc(CSC2N=N3c4c([O-]->[Ni+2]<-356(<-[O-]c3[nH]c7ccccc7c3N->5=NC(SCc3ccccc3)=S->6)<-S=2)[nH]c2ccccc42)cc1,c1ccc(CSC2N=N3c4c([O-]->[Ni+2]<-356(<-[O-]c3[nH]c7ccccc7c3N->5=NC(SCc3ccccc3)=S->6)<-S=2)[nH]c2ccccc42)cc1
EPULIL,,C23 H39 Cl2 N3 Ru1,0.0,CCCCC1=[N+](C)N=[N+](CCCC)[C]1->[Ru]12345(<-[Cl-])(<-[Cl-])<-c6(C)c->1(C)c->2(C)c->3(C)c->4(C)c->56C,CCCCc1[c-](->[Ru+2]23456(<-[Cl-])(<-[Cl-])<-c7(C)c->2(C)c->3(C)c->4(C)c->5(C)c->67C)n(CCCC)n[n+]1C,CCCCc1[c-](->[Ru+2]23456(<-[Cl-])(<-[Cl-])<-c7(C)c->2(C)c->3(C)c->4(C)c->5(C)c->67C)n(CCCC)n[n+]1C
EPUYEV,,C23 H23 Cl1 N2 Ru1,0.0,CC(C)c12->[Ru+2]34567(<-[Cl-])(<-[c-]8ccccc8-c8[nH]c9ccccc9n->38)<-c(c->41)c->5(C)c->6c->72,CC(C)c12->[Ru+2]34567(<-[Cl-])(<-[c-]8ccccc8-c8[nH]c9ccccc9n->38)<-c(c->41)c->5(C)c->6c->72,CC(C)c12->[Ru+2]34567(<-[Cl-])(<-[c-]8ccccc8-c8[nH]c9ccccc9n->38)<-c(c->41)c->5(C)c->6c->72
EQIBOX,CCCC[S@]1(=O)c2ccccn2->[Mo+6]23(<-[O-2])(<-[O-][O-]->2)(<-[O-][O-]->3)<-N=1C,C10 H16 Mo1 N2 O6 S1,0.0,CCCCS1(=O)c2ccccn2->[Mo+6]23(<-[O-2])(<-[O-][O-]->2)(<-[O-][O-]->3)<-N=1C,CCCCS1(=O)c2ccccn2->[Mo+6]23(<-[O-2])(<-[O-][O-]->2)(<-[O-][O-]->3)<-N=1C,CCCCS1(=O)c2ccccn2->[Mo+6]23(<-[O-2])(<-[O-][O-]->2)(<-[O-][O-]->3)<-N=1C
EQISEC,,C33 H29 N2 O1 P1 Pd1,0.0,CC(C)[N-]1C(=O)c2ccccc2P(c2ccccc2)(c2ccccc2)->[Pd+2]<-12<-[c-]1ccccc1-c1ccccn->21,CC(C)[N-]1C(=O)c2ccccc2P(c2ccccc2)(c2ccccc2)->[Pd+2]<-12<-[c-]1ccccc1-c1ccccn->21,CC(C)[N-]1C(=O)c2ccccc2P(c2ccccc2)(c2ccccc2)->[Pd+2]<-12<-[c-]1ccccc1-c1ccccn->21
EQUKAD,CC1=N->[Re+]2(<-[C-]#[O+])(<-[C-]#[O+])(<-[C-]#[O+])<-N(C)CCN->2(C)CCN1C,C12 H22 N4 O3 Re1 1+,1.0,CC1[NH-]->[Re+]2(<-[C-]#[O+])(<-[C-]#[O+])(<-[C-]#[O+])<-N(C)CCN->2(C)CC[N+]=1C,CC1=N->[Re+]2(<-[C-]#[O+])(<-[C-]#[O+])(<-[C-]#[O+])<-N(C)CCN->2(C)CCN1C,CC1=N->[Re+]2(<-[C-]#[O+])(<-[C-]#[O+])(<-[C-]#[O+])<-N(C)CCN->2(C)CCN1C
ERAWEZ,CCOC(=O)/C1=c2\cccc\c2=N2->[Ni@SP2+2]34<-N(=C(/C(=O)OCC)c5ccccc5[N-]->3C(=O)C\2=O)/CC[N-]->41,C24 H22 N4 Ni1 O6,0.0,CCOC(=O)C1=N2->[Ni+2]34<-N(=C(C(=O)OCC)c5ccccc5[N-]->3C(=O)C(=O)[N-]->4c3ccccc31)CC2,CCOC(=O)C1=c2ccccc2=N2->[Ni+2]34<-N(=C(C(=O)OCC)c5ccccc5[N-]->3C(=O)C2=O)CC[N-]->41,CCOC(=O)C1=c2ccccc2=N2->[Ni+2]34<-N(=C(C(=O)OCC)c5ccccc5[N-]->3C(=O)C2=O)CC[N-]->41
EREXIJ,,C12 H10 N2 Ni1 O6,0.0,O=C1[O-]->[Ni+2]23(<-O)(<-O)<-[O-]C(=O)c4cccc(-c5cccc1n->25)n->34,O=C1[O-]->[Ni+2]23(<-O)(<-O)<-[O-]C(=O)c4cccc(-c5cccc1n->25)n->34,O.O.O=C1[O-]->[Ni+2]23<-[O-]C(=O)c4cccc(n->24)-c2cccc1n->32
ERIZOU,,C17 H37 Ir1 N3 1+,1.0,CN12->[IrH2+]34(<-C5=C->3CCCCCC5)<-N(C)(CC1)CCN->4(C)CC2,CN12->[Ir+]34(<-C5=C->3CCCCCC5)<-N(C)(CC1)CCN->4(C)CC2,CN12->[Ir+]34(<-C5=C->3CCCCCC5)<-N(C)(CC1)CCN->4(C)CC2
ERUMUA,,C28 H33 N3 O1 W1,0.0,Cc1cccc(C)c1N=[C-2]->[W+4]1234(<-[C-]#[N+]c5c(C)cccc5C)(<-[N-]=O)<-c5(C)c->1(C)c->2(C)[c-]->3(C)c->45C,Cc1cccc(C)c1[N+]#[C-]->[W+2]1234(<-[C-]#[N+]c5c(C)cccc5C)(<-[N-]=O)<-c5(C)c->1(C)c->2(C)[c-]->3(C)c->45C,Cc1cccc(C)c1[N+]#[C-]->[W+2]1234(<-[C-]#[N+]c5c(C)cccc5C)(<-[N-]=O)<-c5(C)c->1(C)c->2(C)[c-]->3(C)c->45C
ESAJUE,,C31 H34 B2 N6 O1 Ru1,0.0,Cc12->[Ru+2]34567(<-[n-]8ccc[n+]8[B-]8(c9ccccc9)n9ccc[n+]9[B-](c9ccccc9)([n+]9ccc[n-]->39)O->48)<-c1(C)c->5(C)[c-]->6(C)c->72C,Cc12->[Ru+2]34567(<-n8cccn8[B-]8(c9ccccc9)n9ccc[n+]9[B-](c9ccccc9)(n9cccn->39)O->48)<-c1(C)c->5(C)[c-]->6(C)c->72C,Cc12->[Ru+2]34567(<-n8cccn8[B-]8(c9ccccc9)n9ccc[n+]9[B-](c9ccccc9)(n9cccn->39)O->48)<-c1(C)c->5(C)[c-]->6(C)c->72C
ESAVAX,O=[P@]([O-])(O)[C@@](O)(Cc1c[nH]c2cccc[n+]12)[P@@](=O)(O)[O-]->[Zn+2](<-O)(<-O)<-[O-][P@](=O)(O)[C@](O)(Cc1c[nH]c2cccc[n+]12)[P@@](=O)([O-])O,C18 H26 N4 O16 P4 Zn1,0.0,O=P1(O)[O-]->[Zn+2]2(<-O)(<-O)(<-[O-]P(=O)(O)C1(O)Cc1c[nH+]c3ccccn13)<-[O-]P(=O)(O)C(O)(Cc1c[nH+]c3ccccn13)P(=O)(O)[O-]->2,O=P1(O)[O-]->[Zn+2]2(<-O)(<-O)(<-[O-]P(=O)(O)C1(O)Cc1c[nH+]c3ccccn13)<-[O-]P(=O)(O)C(O)(Cc1c[nH+]c3ccccn13)P(=O)(O)[O-]->2,O=P1(O)[O-]->[Zn+2]2(<-O)(<-O)(<-[O-]P(=O)(O)C1(O)Cc1c[nH+]c3ccccn13)<-[O-]P(=O)(O)C(O)(Cc1c[nH+]c3ccccn13)P(=O)(O)[O-]->2
ESEXAC,CC(C)c1cccc(C(C)C)c1[N-]1C2[H]->[Zr+4]<-2<-13456(<-[Cl-])(<-[Cl-])<-c1(C)c->3(C)c->4(C)[c-]->5(C)c->61C,C23 H35 Cl2 N1 Zr1,0.0,CC(C)c1cccc(C(C)C)c1[N-](C)->[Zr+4]1234(<-[Cl-])(<-[Cl-])<-c5(C)c->1(C)c->2(C)[c-]->3(C)c->45C,CC(C)c1cccc(C(C)C)c1[N-](C)->[Zr+4]1234(<-[Cl-])(<-[Cl-])<-c5(C)c->1(C)c->2(C)[c-]->3(C)c->45C,CC(C)c1cccc(C(C)C)c1[N-](C)->[Zr+4]1234(<-[Cl-])(<-[Cl-])<-c5(C)c->1(C)c->2(C)[c-]->3(C)c->45C
ESOBUJ,Cc1cc(C)n2->[Ta+5]34(<-[Cl-])(<-[Cl-])(<-[C-](/C)=[C-]->3/c3ccccc3)<-n3c(C)cc(C)n3[BH-](n12)n1c(C)cc(C)n->41,C24 H30 B1 Cl2 N6 Ta1,0.0,Cc1cc(C)[n-]2->[Ta+3]34(<-[Cl-])(<-[Cl-])(<-C(C)#C->3c3ccccc3)<-[n-]3c(C)cc(C)[n+]3[BH-]([n+]12)[n+]1c(C)cc(C)[n-]->41,Cc1cc(C)n2->[Ta+3]34(<-[Cl-])(<-[Cl-])(<-C(C)#C->3c3ccccc3)<-n3c(C)cc(C)n3[BH-](n12)n1c(C)cc(C)n->41,Cc1cc(C)n2->[Ta+3]34(<-[Cl-])(<-[Cl-])(<-C(C)#C->3c3ccccc3)<-n3c(C)cc(C)n3[BH-](n12)n1c(C)cc(C)n->41
ESOTEM,[Cl-]->[Pd@TB12+2]12<-n3c4c(-c5ccccc5)c5n->1c(c(-c1ccccc1)c1ccc(c(-c6ccccc6)c6ccc(cc6)c(-c6ccccc6)c3C=C4)[n-]->21)C=C5,C46 H30 Cl1 N3 Pd1,0.0,[Cl-]->[Pd+2]1234<-c5c6ccc(c(-c7ccccc7)c7n->1c(c(-c1ccccc1)c1ccc(c(-c8ccccc8)c8n->2c(c6-c2ccccc2)C=C8)[n-]->31)C=C7)c->45,[Cl-]->[Pd+2]12<-n3c4c(-c5ccccc5)c5n->1c(c(-c1ccccc1)c1ccc(c(-c6ccccc6)c6ccc(cc6)c(-c6ccccc6)c3C=C4)[n-]->21)C=C5,[Cl-]->[Pd+2]12<-n3c4c(-c5ccccc5)c5n->1c(c(-c1ccccc1)c1ccc(c(-c6ccccc6)c6ccc(cc6)c(-c6ccccc6)c3C=C4)[n-]->21)C=C5
ETANES,CC1/C(C)=N(\c2c(C)cccc2C)->[Pt+2](<-[CH3-])(<-N=1/c1c(C)cccc1C)<-[C-](F)(F)C(F)(F)C(F)(F)F,C24 H27 F7 N2 Pt1,0.0,CC1C(C)=N(c2c(C)cccc2C)->[Pt+2](<-[CH3-])(<-N=1c1c(C)cccc1C)<-[C-](F)(F)C(F)(F)C(F)(F)F,CC1C(C)=N(c2c(C)cccc2C)->[Pt+2](<-[CH3-])(<-N=1c1c(C)cccc1C)<-[C-](F)(F)C(F)(F)C(F)(F)F,CC1C(C)=N(c2c(C)cccc2C)->[Pt+2](<-[CH3-])(<-N=1c1c(C)cccc1C)<-[C-](F)(F)C(F)(F)C(F)(F)F
ETCHNI,[CH2+][C-3]->[Ni+2]1(<-C=C->1)<-P(C1CCCCC1)(C1CCCCC1)C1CCCCC1,C22 H41 Ni1 P1,0.0,C1CCC(P(C2CCCCC2)(C2CCCCC2)->[Ni]23(<-C=C->2)<-C=C->3)CC1,[C]1=C->[Ni]<-12(<-C=C->2)<-P(C1CCCCC1)(C1CCCCC1)C1CCCCC1,C=[C]->[Ni]1(<-C=C->1)<-P(C1CCCCC1)(C1CCCCC1)C1CCCCC1
ETETOM,,C22 H34 Cl2 N6 Ni1 O8,0.0,[O-][Cl+3]([O-])([O-])[O-]->[Ni+2]123(<-[O-][Cl+3]([O-])([O-])[O-])<-N4CCN->1CN(Cc1ccccc1)CN->2CCN->3CN(Cc1ccccc1)C4,[O-2].[O-2].[O-2].[O-2].[O-2].[O-2].[O-]Cl.[O-]Cl.c1ccc(CN2CN3->[Ni+14]45<-N(CCN->4CN(Cc4ccccc4)CN->5CC3)C2)cc1,[O-2].[O-2].[O-2].[O-2].[O-2].[O-2].[O-]Cl.[O-]Cl.c1ccc(CN2CN3->[Ni+14]45<-N(CCN->4CN(Cc4ccccc4)CN->5CC3)C2)cc1
ETOSIQ,COc1cccc2/C=N3/N=C(\[O-]->[Mo+6]<-3(<-[O-2])(<-[O-2])(<-[O-]c21)<-OC)c1ccccc1,C16 H16 Mo1 N2 O6,0.0,COc1cccc2C=N3N=C([O-]->[Mo+6]<-3(<-[O-2])(<-[O-2])(<-[O-]c21)<-OC)c1ccccc1,COc1cccc2C=N3N=C([O-]->[Mo+6]<-3(<-[O-2])(<-[O-2])(<-[O-]c21)<-OC)c1ccccc1,CO.COc1cccc2c1[O-]->[Mo+6]1(<-[O-2])(<-[O-2])<-[O-]C(c3ccccc3)=NN->1=C2
ETUQIV,O=N[O-]->[Re+]1(<-[C-]#[O+])(<-[C-]#[O+])(<-[C-]#[O+])<-n2ccccc2-c2ccccn->12,C13 H8 N3 O5 Re1,0.0,O=N[O-]->[Re+]1(<-[C-]#[O+])(<-[C-]#[O+])(<-[C-]#[O+])<-n2ccccc2-c2ccccn->12,O=N[O-]->[Re+]1(<-[C-]#[O+])(<-[C-]#[O+])(<-[C-]#[O+])<-n2ccccc2-c2ccccn->12,O=[C-]1ON=O->[Re+]<-12(<-[C-]#[O+])(<-[C-]#[O+])<-n1ccccc1-c1ccccn->21
EVEROM,,C37 H32 N4 O7 Pd1,0.0,COc1ccc(C(=O)Oc2ccc3C=N(c4ccc(OC)cc4)->[Pd+2]4(<-[O-]c5cc([N+](=O)[O-])ccc5C=N->4c4ccc(N(C)C)cc4)<-[c-]3c2)cc1,COc1ccc(C(=O)Oc2ccc3C=N(c4ccc(OC)cc4)->[Pd+2]4(<-[O-]c5cc([N+](=O)[O-])ccc5C=N->4c4ccc(N(C)C)cc4)<-[c-]3c2)cc1,COc1ccc(C(=O)Oc2ccc3C=N(c4ccc(OC)cc4)->[Pd+2]4(<-[O-]c5cc([N+](=O)[O-])ccc5C=N->4c4ccc(N(C)C)cc4)<-[c-]3c2)cc1
EVUYIE,,C17 H40 Ir1 N1 O2 P2,0.0,CC(C)P1(CCN2CCP(C(C)C)(C(C)C)->[IrH2+]<-2<-1<-[O-]C=O)C(C)C,CC(C)P1(CCN2CCP(C(C)C)(C(C)C)->[IrH2+]<-2<-1<-[O-]C=O)C(C)C,CC(C)P1(CCN2CCP(C(C)C)(C(C)C)->[IrH2+]<-2<-1<-[O-]C=O)C(C)C
EWERON,,C22 H52 O2 Os1 P2,0.0,fail,CC(C)C12=O->[OsH3+]<-1(<-[O-]2)(<-P(C(C)C)(C(C)C)C(C)C)<-P(C(C)C)(C(C)C)C(C)C,CC(C)C12=O->[OsH3+]<-1(<-[O-]2)(<-P(C(C)C)(C(C)C)C(C)C)<-P(C(C)C)(C(C)C)C(C)C
EWIYEP,CC(C)=CC1->[Au@SP3+](<-C=1(C)C)<-P(c1ccccc1-c1ccccc1)(C(C)(C)C)C(C)(C)C,C28 H41 Au1 P1 1+,1.0,CC(C)=CC1->[Au+](<-C=1(C)C)<-P(c1ccccc1-c1ccccc1)(C(C)(C)C)C(C)(C)C,CC(C)=CC1->[Au+](<-C=1(C)C)<-P(c1ccccc1-c1ccccc1)(C(C)(C)C)C(C)(C)C,CC(C)=CC1->[Au+](<-C=1(C)C)<-P(c1ccccc1-c1ccccc1)(C(C)(C)C)C(C)(C)C
EWOZOG,[Cl-]->[Zn+2](<-[Cl-])(<-[Cl-])<-[O-][N@+]12CCCC[C@@H]1[C@H]1C[C@@H](C2)[C@@H]2CCCC[N@@H+]2C1,C15 H27 Cl3 N2 O1 Zn1,0.0,[Cl-]->[Zn+2](<-[Cl-])(<-[Cl-])<-[O-][N+]12CCCCC1C1CC(C2)C2CCCC[NH+]2C1,[Cl-]->[Zn+2](<-[Cl-])(<-[Cl-])<-[O-][N+]12CCCCC1C1CC(C2)C2CCCC[NH+]2C1,[Cl-]->[Zn+2](<-[Cl-])<-[Cl-].[O-][N+]12CCCCC1C1CC(C2)C2CCCC[NH+]2C1
EWUPER,CCOC(=O)[CH-]1c2ccccc2N(C)(Cc2ccccc2)->[Pd@OH30+2]<-1(<-[I-])<-P(c1ccccc1)(c1ccccc1)c1ccccc1,C36 H35 I1 N1 O2 P1 Pd1,0.0,CCOC(=O)[CH-]1c2ccccc2N(C)(Cc2ccccc2)->[Pd+2]<-1(<-[I-])<-P(c1ccccc1)(c1ccccc1)c1ccccc1,CCOC(=O)[CH-]1c2ccccc2N(C)(Cc2ccccc2)->[Pd+2]<-1(<-[I-])<-P(c1ccccc1)(c1ccccc1)c1ccccc1,CCOC1(=O)[CH-]2c3ccccc3N(C)(Cc3ccccc3)->[Pd+2]<-2<-1(<-[I-])<-P(c1ccccc1)(c1ccccc1)c1ccccc1
EXAYEJ,C/N1=c2\ccccn2[BH-]23[H]->[Rh+]<-1<-2456(<-[H]3)<-C1=C->4/CC/C->5=C->6\CC\1,C14 H22 B1 N2 Rh1,0.0,C[N-]1c2cccc[n+]2[BH-]2[H]->[Rh+]<-1345(<-[H]2)<-C1=C->3CCC->4=C->5CC1,CN1=c2ccccn2B->[RhH]<-1234<-C1=C->2CCC->3=C->4CC1,CN1=c2ccccn2B->[RhH]<-1234<-C1=C->2CCC->3=C->4CC1
EXIDEU,CC1(C)N([O-])C(C(N)=O)=N(->[Cu@+3]2(<-O=C(/C=C(\[O-]->2)C(F)(F)F)C(F)(F)F)<-[O-]/C(=C\C(=O)C(F)(F)F)C(F)(F)F)C1(C)C,C18 H16 Cu1 F12 N3 O6,0.0,fail,CC1(C)N([O-])C2C(N)=O->[Cu+3]34(<-O=C(C=C([O-]->3)C(F)(F)F)C(F)(F)F)(<-O=C(C=C([O-]->4)C(F)(F)F)C(F)(F)F)<-N=2C1(C)C,CC1(C)N([O-])C2C(N)=O->[Cu+3]34(<-O=C(C=C([O-]->3)C(F)(F)F)C(F)(F)F)(<-O=C(C=C([O-]->4)C(F)(F)F)C(F)(F)F)<-N=2C1(C)C
EXOQIR,,C12 H36 Fe1 N1 P4 1+,1.0,CP1(C)CCP(C)(C)->[FeH+]<-12(<-N)<-P(C)(C)CCP->2(C)C,CP1(C)CCP(C)(C)->[FeH+]<-12(<-N)<-P(C)(C)CCP->2(C)C,CP1(C)CCP(C)(C)->[FeH+]<-12(<-N)<-P(C)(C)CCP->2(C)C
EYADIT,CN(C)C(=[NH+]c1ccccc1S1Cc2ccccn2->[Cu+]<-1(<-[Cl-])<-[Cl-])N(C)C,C17 H23 Cl2 Cu1 N4 S1,0.0,CN(C)C(Nc1ccccc1S1Cc2ccccn2->[Cu+]<-1(<-[Cl-])<-[Cl-])=[N+](C)C,CN(C)[C-](Nc1ccccc1S1Cc2ccccn2->[Cu+3]<-1(<-[Cl-])<-[Cl-])N(C)C,CN(C)[C-](Nc1ccccc1SCc1ccccn1->[Cu+3](<-[Cl-])<-[Cl-])N(C)C
EYEYIQ,CCOP1(OCC)=S->[Ni+2]2(<-[S-]1)(<-N(=C\c1ccccn1)/c1ccc(C)cc1)<-N(=C\c1ccccn->21)/c1ccc(C)cc1,C30 H34 N4 Ni1 O2 P1 S2 1+,1.0,CCO[PH]1(OCC)=S->[Ni+]23(<-S=1)(<-N(=Cc1ccccn->21)c1ccc(C)cc1)<-N(=Cc1ccccn->31)c1ccc(C)cc1,CCOP1(OCC)=S->[Ni+2]23(<-[S-]1)(<-N(=Cc1ccccn->21)c1ccc(C)cc1)<-N(=Cc1ccccn->31)c1ccc(C)cc1,CCOP1(OCC)=S->[Ni+2]23(<-[S-]1)(<-N(=Cc1ccccn->21)c1ccc(C)cc1)<-N(=Cc1ccccn->31)c1ccc(C)cc1
EYOSAO,N[C](c1ccco1)->[W](<-[C-]#[O+])(<-[C-]#[O+])(<-[C-]#[O+])(<-[C-]#[O+])<-[C-]#[O+],C10 H5 N1 O6 W1,0.0,N[C](c1ccco1)->[W](<-[C-]#[O+])(<-[C-]#[O+])(<-[C-]#[O+])(<-[C-]#[O+])<-[C-]#[O+],N[C](c1ccco1)->[W](<-[C-]#[O+])(<-[C-]#[O+])(<-[C-]#[O+])(<-[C-]#[O+])<-[C-]#[O+],N[C](c1ccco1)->[W](<-[C-]#[O+])(<-[C-]#[O+])(<-[C-]#[O+])(<-[C-]#[O+])<-[C-]#[O+]
EZABIS,Cc1cc(C)c(N2CC[N+](c3c(C)cc(C)cc3C)=C2C2=S->[Re+](<-[Br-])(<-[C-]#[O+])(<-[C-]#[O+])(<-[C-]#[O+])<-[S-]2)c(C)c1,C25 H26 Br1 N2 O3 Re1 S2,0.0,fail,Cc1cc(C)c(N2CCN(c3c(C)cc(C)cc3C)C2=C2[S-]->[Re+3](<-[Br-])(<-[C-]#[O+])(<-[C-]#[O+])(<-[C-]#[O+])<-[S-]2)c(C)c1,Cc1cc(C)c(N2CCN(c3c(C)cc(C)cc3C)C2=C2[S-]->[Re+3](<-[Br-])(<-[C-]#[O+])(<-[C-]#[O+])(<-[C-]#[O+])<-[S-]2)c(C)c1
EZAMOH,CSc1sc(=S->[Pd+2](<-[I-])(<-[I-])<-S=c2sc(SC)c(SC)s2)sc1SC,C10 H12 I2 Pd1 S10,0.0,CSc1sc(=S->[Pd+2](<-[I-])(<-[I-])<-S=c2sc(SC)c(SC)s2)sc1SC,CSc1sc(=S->[Pd+2](<-[I-])(<-[I-])<-S=c2sc(SC)c(SC)s2)sc1SC,CSc1sc2=S->[Pd+2]3(<-[I-])(<-[I-])(<-S=c4sc(SC)c(SC)s->34)<-s2c1SC
EZIKUT,[CH3-]->[Hg+2]<-S1CCCSCCCSCCC1,C10 H21 Hg1 S3 1+,1.0,[CH3-]->[Hg+2]<-S1CCCSCCCSCCC1,[CH3-]->[Hg+2]<-S1CCCSCCCSCCC1,C1CSCCCSCCCSC1.[CH3-]->[Hg+2]
EZIWAN,CN1(C)CCN(C)(C)->[Ag+]<-1<-[N-](S(C)(=O)=O)S(C)(=O)=O,C8 H22 Ag1 N3 O4 S2,0.0,CN1(C)CCN(C)(C)->[Ag+]<-1<-[N-](S(C)(=O)=O)S(C)(=O)=O,CN1(C)CCN(C)(C)->[Ag+]<-1<-[N-](S(C)(=O)=O)S(C)(=O)=O,CN1(C)CCN(C)(C)->[Ag+]<-123<-[O-]S->2(C)(=O)=N->3S(C)(=O)=O
FABBES,C[O-]->[V+5]12(<-[O-2])(<-[O-]/C(=N\N->1=C\c1cccc(C)c1[O-]->2)c1cccc(Cl)c1)<-OC,C17 H18 Cl1 N2 O5 V1,0.0,C[O-]->[V+5]12(<-[O-2])(<-[O-]C(=NN->1=Cc1cccc(C)c1[O-]->2)c1cccc(Cl)c1)<-OC,C[O-]->[V+5]12(<-[O-2])(<-[O-]C(=NN->1=Cc1cccc(C)c1[O-]->2)c1cccc(Cl)c1)<-OC,CO.C[O-]->[V+5]12(<-[O-2])<-[O-]C(c3cccc(Cl)c3)=NN->1=Cc1cccc(C)c1[O-]->2
FACGUN,C/C1=C(\C)[N-](O)->[Co+3]2(<-[O-]OCc3ccco3)(<-N1=O)(<-N(=O)/C(C)=C(/C)[N-]->2O)<-n1ccccc1,C18 H24 Co1 N5 O7,0.0,CC1C(C)=N(O)->[Co+]2(<-[O-]OCc3ccco3)(<-N=1[O])(<-N([O])=C(C)C(C)=N->2O)<-n1ccccc1,CC1=C(C)[N-](O)->[Co+3]2(<-[O-]OCc3ccco3)(<-N1=O)(<-N(=O)C(C)=C(C)[N-]->2O)<-n1ccccc1,CC1=C(C)[N-](O)->[Co+3]2(<-[O-]OCc3ccco3)(<-N1=O)(<-N(=O)C(C)=C(C)[N-]->2O)<-n1ccccc1
FADREH,,C18 H44 P2 Pt1,0.0,CC(C)P(->[PtH2]<-P(C(C)C)(C(C)C)C(C)C)(C(C)C)C(C)C,CC(C)P(->[PtH2]<-P(C(C)C)(C(C)C)C(C)C)(C(C)C)C(C)C,CC(C)P(->[PtH2]<-P(C(C)C)(C(C)C)C(C)C)(C(C)C)C(C)C
FAFWUE,C[Si](C)(C)N([Si](C)(C)C)[P@@]1(C)=N([Si](C)(C)C)->[Zr+4](<-[Cl-])(<-[Cl-])(<-[Cl-])(<-[N-]1[Si](C)(C)C)<-O1CCCC1,C17 H47 Cl3 N3 O1 P1 Si4 Zr1,0.0,C[Si](C)(C)N([Si](C)(C)C)[P+]1(C)[N-]([Si](C)(C)C)->[Zr+4](<-[Cl-])(<-[Cl-])(<-[Cl-])(<-[N-]1[Si](C)(C)C)<-O1CCCC1,C[Si](C)(C)N([Si](C)(C)C)P1(C)=N([Si](C)(C)C)->[Zr+4](<-[Cl-])(<-[Cl-])(<-[Cl-])(<-[N-]1[Si](C)(C)C)<-O1CCCC1,C[Si](C)(C)N([Si](C)(C)C)P1(C)=N([Si](C)(C)C)->[Zr+4](<-[Cl-])(<-[Cl-])(<-[Cl-])(<-[N-]1[Si](C)(C)C)<-O1CCCC1
FAGKUT,CP(C)(C)->[Zr+4]123456789(<-[c-]%10cccc[c-]->1%10)(<-c1c->2c->3[cH-]->4c->51)<-c1c->6c->7[cH-]->8c->91,C19 H23 P1 Zr1,0.0,CP(C)(C)->[Zr+2]123456789(<-C%10#C->1C=CC=C%10)(<-c1c->2c->3[cH-]->4c->51)<-c1c->6c->7[cH-]->8c->91,CP(C)(C)->[Zr+2]123456789(<-C%10=CC=CC=C->1=%10)(<-c1c->2c->3[cH-]->4c->51)<-c1c->6c->7[cH-]->8c->91,CP(C)(C)->[Zr+2]123456789(<-C%10=CC=CC=C->1=%10)(<-c1c->2c->3[cH-]->4c->51)<-c1c->6c->7[cH-]->8c->91
FAHCUO,CC(C)N1CCN(C(C)C)->[Zn+2]<-1(<-[C-](C)(C)C)<-[C-](C)(C)C,C16 H38 N2 Zn1,0.0,CC(C)N1CCN(C(C)C)->[Zn+2]<-1(<-[C-](C)(C)C)<-[C-](C)(C)C,CC(C)N1CCN(C(C)C)->[Zn+2]<-1(<-[C-](C)(C)C)<-[C-](C)(C)C,CC(C)NCCNC(C)C.C[C-](C)(C)->[Zn+2]<-[C-](C)(C)C
FAJFEC,CC1(C)N->[Co+3]23(<-NC1(C)C)(<-NC(C)(C)C(C)(C)N->2)<-[O-][O-]->3,C12 H32 Co1 N4 O2 1+,1.0,CC1(C)N->[Co+3]23(<-NC1(C)C)(<-NC(C)(C)C(C)(C)N->2)<-[O-][O-]->3,CC1(C)N->[Co+3]23(<-NC1(C)C)(<-NC(C)(C)C(C)(C)N->2)<-[O-][O-]->3,CC1(C)N->[Co+3]23(<-NC1(C)C)(<-NC(C)(C)C(C)(C)N->2)<-[O-][O-]->3
FAJVES,,C30 H27 Mn1 O3 P2,0.0,[O+]#[C-]->[MnH]1(<-[C-]#[O+])(<-[C-]#[O+])<-P(CCCP->1(c1ccccc1)c1ccccc1)(c1ccccc1)c1ccccc1,[O+]#[C-]->[MnH]1(<-[C-]#[O+])(<-[C-]#[O+])<-P(CCCP->1(c1ccccc1)c1ccccc1)(c1ccccc1)c1ccccc1,[O+]#[C-]->[MnH]1(<-[C-]#[O+])(<-[C-]#[O+])<-P(CCCP->1(c1ccccc1)c1ccccc1)(c1ccccc1)c1ccccc1
FAKMIO,,C27 H36 Cl1 N3 Ni1 O2,0.0,CC(C)(C)c1cc2CN34Cc5ccccn5->[Ni+2]<-3(<-O)(<-[Cl-])(<-[O-]c2c(C(C)(C)C)c1)<-n1ccccc1C4,CC(C)(C)c1cc2CN34Cc5ccccn5->[Ni+2]<-3(<-O)(<-[Cl-])(<-[O-]c2c(C(C)(C)C)c1)<-n1ccccc1C4,CC(C)(C)c1cc2c(c(C(C)(C)C)c1)[O-]->[Ni+2]13(<-[Cl-])<-n4ccccc4CN->1(C2)Cc1ccccn->31.O
FAKZEW,,C10 H15 Cl2 O1 V1,0.0,Cc12->[V+5]345(<-[O-2])(<-[Cl-])(<-[Cl-])<-c1(C)c->3(C)[c-]->4(C)c->52C,Cc12->[V+5]345(<-[O-2])(<-[Cl-])(<-[Cl-])<-c1(C)c->3(C)[c-]->4(C)c->52C,Cc12->[V+5]345(<-[O-2])(<-[Cl-])(<-[Cl-])<-c1(C)c->3(C)[c-]->4(C)c->52C
FAMZEY,C1=CC2=O->[Cu+]3(<-[O-]/C=C\2C=C1)<-n1ccccc1-c1ccccn->31,C17 H13 Cu1 N2 O2 1+,1.0,C1=O->[Cu+2]2(<-[O-]c3ccccc31)<-n1ccccc1-c1ccccn->21,C1=CC2=C[O-]->[Cu+2]3(<-O=C2C=C1)<-n1ccccc1-c1ccccn->31,C1=CC2=C[O-]->[Cu+]3(<-O=C2C=C1)<-n1ccccc1-c1ccccn->31
FANPEQ,,C22 H44 B1 O2 Rh1 Si1,0.0,CC[Si-](CC)(CC)->[RhH2+3]1234(<-[BH2-]5OC(C)(C)C(C)(C)O5)<-c5(C)c->1(C)c->2(C)[c-]->3(C)c->45C,CC[Si-](CC)(CC)->[RhH2+]1234(<-B5=[O+]C(C)(C)C(C)(C)O5)<-c5(C)c->1(C)c->2(C)[c-]->3(C)c->45C,CC[Si-](CC)(CC)->[RhH2+]1234(<-B5=[O+]C(C)(C)C(C)(C)O5)<-c5(C)c->1(C)c->2(C)[c-]->3(C)c->45C
FANXAT,,C16 H28 N6 Ni1 O8,0.0,NC(=O)CCN12CCC(N)=O->[Ni+2]<-134(<-O=C(N)CCN->3(CCC(N)=O)CC(=O)[O-]->4)<-[O-]C(=O)C2,NC(=O)CCN12CCC(N)=O->[Ni+2]<-134(<-O=C(N)CCN->3(CCC(N)=O)CC(=O)[O-]->4)<-[O-]C(=O)C2,NC(=O)CCN12CCC(N)=O->[Ni+2]<-134(<-O=C(N)CCN->3(CCC(N)=O)CC(=O)[O-]->4)<-[O-]C(=O)C2
FAPROG,,C26 H16 F3 N3 O2 Pt1,0.0,FC(F)(F)c1ccc2-c3ccccn3->[Pt+2]3(<-[O-]c4ccccc4-c4oc(-c5ccccc5)nn->34)<-[c-]2c1,FC(F)(F)c1ccc2-c3ccccn3->[Pt+2]3(<-[O-]c4ccccc4-c4oc(-c5ccccc5)nn->34)<-[c-]2c1,FC(F)(F)c1ccc2-c3ccccn3->[Pt+2]3(<-[O-]c4ccccc4-c4oc(-c5ccccc5)nn->34)<-[c-]2c1
FAPXEA,,C27 H49 Cl2 Si2 Ta1,0.0,CC(C)[Si](C(C)C)(C(C)C)C12->[Ta+3]345678(<-[CH3-])(<-[Cl-])(<-[Cl-])<-C9=C->3C->4([Si](C(C)C)(C(C)C)C(C)C)=C->5(C->6=C->71)C->8=29,CC(C)[Si](C(C)C)(C(C)C)c12->[Ta+5]345678(<-[CH3-])(<-[Cl-])(<-[Cl-])<-c1[cH-]->3c->41c->5([Si](C(C)C)(C(C)C)C(C)C)[cH-]->6c->7c->821,CC(C)[Si](c1ccc2[c-]3([Si](C(C)C)(C(C)C)C(C)C)->[Ta+5](<-[CH3-])(<-[Cl-])(<-[Cl-])<-[cH-]3cc1-2)(C(C)C)C(C)C
FARSIB,CN(C)Cc1ccccc1P(->[Cu+]<-[O-][N+](=O)[O-])(c1ccccc1CN(C)C)c1ccccc1CN(C)C,C27 H36 Cu1 N4 O3 P1,0.0,CN(C)Cc1ccccc1P12c3ccccc3CN(C)(C)->[Cu+]<-1(<-[O-][N+](=O)[O-])<-N(C)(C)Cc1ccccc12,CN(C)Cc1ccccc1P12c3ccccc3CN(C)(C)->[Cu+]<-1(<-[O-][N+](=O)[O-])<-N(C)(C)Cc1ccccc12,CN(C)Cc1ccccc1P12c3ccccc3CN(C)(C)->[Cu+]<-13(<-[O-][N+](=O)[O-]->3)<-N(C)(C)Cc1ccccc12
FATCAE,C/C1O/C(C)=[C-](/C)->[Re+5]2345(<-[O-2])(<-[C-]=1\C)<-c1(C)c->2(C)c->3(C)[c-]->4(C)c->51C,C18 H27 O2 Re1,0.0,CC1OC(C)=[C-](C)->[Re+5]2345(<-[O-2])(<-[C-]=1C)<-c1(C)c->2(C)c->3(C)[c-]->4(C)c->51C,CC1OC(C)=[C-](C)->[Re+5]2345(<-[O-2])(<-[C-]=1C)<-c1(C)c->2(C)c->3(C)[c-]->4(C)c->51C,CC1OC(C)=[C-](C)->[Re+5]23(<-[O-2])(<-[C-]=1C)<-c1(C)c(C)c(C)[c-]->2(C)c->31C
FAVCUD,,C27 H40 F1 N1 P2 Rh1 1+,1.0,Cc1ccc2[N-]3c4ccc(C)cc4P(C(C)C)(C(C)C)->[Rh+5]<-3(<-[C-3]F)<-P(c2c1)(C(C)C)C(C)C,Cc1ccc2[N-]3c4ccc(C)cc4P(C(C)C)(C(C)C)->[Rh+5]<-3(<-[C-3]F)<-P(c2c1)(C(C)C)C(C)C,Cc1ccc2[N-]3c4ccc(C)cc4P(C(C)C)(C(C)C)->[Rh+5]<-3(<-[C-3]F)<-P(c2c1)(C(C)C)C(C)C
FAWDIQ,C[CH2-]->[Hf+4]12345678(<-[O-]OC(C)(C)C)(<-c9(C)c->1(C)c->2(C)[c-]->3(C)c->49C)<-c1(C)c->5(C)c->6(C)[c-]->7(C)c->81C,C26 H44 Hf1 O2,0.0,C[CH2-]->[Hf+4]12345678(<-[O-]OC(C)(C)C)(<-c9(C)c->1(C)c->2(C)[c-]->3(C)c->49C)<-c1(C)c->5(C)c->6(C)[c-]->7(C)c->81C,C[CH2-]->[Hf+4]12345678(<-[O-]OC(C)(C)C)(<-c9(C)c->1(C)c->2(C)[c-]->3(C)c->49C)<-c1(C)c->5(C)c->6(C)[c-]->7(C)c->81C,C[CH2-]->[Hf+4]1234567(<-[O-]OC(C)(C)C)(<-c8(C)c(C)[c-]->1(C)c->2(C)c->38C)<-c1(C)c->4(C)c->5(C)[c-]->6(C)c->71C
FAWZUY,,C14 H10 Cl4 Mo1 N3 O3 P3,0.0,[O+]#[C-]->[Mo+]1234(<-[C-]#[O+])(<-[C-]#[O+])(<-c5c->1c->2[cH-]->3c->45)<-[PH]1(c2ccccc2)=NP(Cl)(Cl)=NP(Cl)(Cl)=N1,[O+]#[C-]->[Mo+2]1234(<-[C-]#[O+])(<-[C-]#[O+])(<-c5c->1c->2[cH-]->3c->45)<-P1(c2ccccc2)N=P(Cl)(Cl)N=P(Cl)(Cl)[N-]1,[O+]#[C-]->[Mo+2]1234(<-[C-]#[O+])(<-[C-]#[O+])(<-c5c->1c->2[cH-]->3c->45)<-P1(c2ccccc2)N=P(Cl)(Cl)N=P(Cl)(Cl)[N-]1
FAYBIS,CN1C=CN2C1=[P+](c1ccccc1)c1n(ccn1->[Rh+]134(<-[Cl-])<-C5=C->1/CC/C->3=C->4\CC\5)-c1ccccc12,C27 H28 Cl1 N4 P1 Rh1 1+,1.0,C[n+]1ccn2c3ccccc3n3ccn(->[Rh+]456(<-[Cl-])<-C7=C->4CCC->5=C->6CC7)c3p(-c3ccccc3)c21,CN1C=CN2C1=[P+](c1ccccc1)c1n(ccn1->[Rh+]134(<-[Cl-])<-C5=C->1CCC->3=C->4CC5)-c1ccccc12,CN1C=CN2C1=[P+]1(c3ccccc3)->[Rh+]345(<-[Cl-])(<-C6=C->3CCC->4=C->5CC6)<-n3ccn(c31)-c1ccccc12
FAYMEA,[O+]#[C-]->[Mn+]12(<-[H][BH-](n3c(=N->1)sc1ccccc13)n1c(=N->2)sc2ccccc21)(<-[C-]#[O+])<-[C-]#[O+],C17 H12 B1 Mn1 N4 O3 S2,0.0,fail,[O+]#[C-]->[MnH]1(<-[C-]#[O+])(<-[C-]#[O+])<-N=c2sc3ccccc3n2Bn2c(=N->1)sc1ccccc12,[O+]#[C-]->[Mn+]1(<-[C-]#[O+])(<-[C-]#[O+])<-N=c2sc3ccccc3n2[BH2-]n2c(=N->1)sc1ccccc12
FAZVUZ,,C6 H24 N2 Ni1 O16 P4,0.0,[NH3+]CCC1(O)P(=O)(O)[O-]->[Ni+2]2(<-O)(<-O)(<-[O-]P1(=O)O)<-[O-]P(=O)(O)C(O)(CC[NH3+])P(=O)(O)[O-]->2,[NH3+]CCC1(O)P(=O)(O)[O-]->[Ni+2]2(<-O)(<-O)(<-[O-]P1(=O)O)<-[O-]P(=O)(O)C(O)(CC[NH3+])P(=O)(O)[O-]->2,NCCC1(O)P(=O)(O)[O-]->[Ni+2]2(<-O=P1(O)O)<-O=P(O)(O)C(O)(CCN)P(=O)(O)[O-]->2.O.O
FEBMUW,COc1ccc2ccccc2c1-c1c(OC)c(-[c-]23->[Ti+4]456(<-[Cl-])(<-[Cl-])(<-[Cl-])<-c(C)(c->4(C)c->52C)c->63C)cc2ccccc12,C31 H29 Cl3 O2 Ti1,0.0,COc1ccc2ccccc2c1-c1c(OC)c(-c23->[Ti+4]456(<-[Cl-])(<-[Cl-])(<-[Cl-])<-c(C)(c->42C)c->5(C)[c-]->63C)cc2ccccc12,COc1ccc2ccccc2c1-c1c(OC)c(-[c-]23->[Ti+4]456(<-[Cl-])(<-[Cl-])(<-[Cl-])<-c(C)(c->4(C)c->52C)c->63C)cc2ccccc12,COc1ccc2ccccc2c1-c1c(OC)c(-[c-]23->[Ti+4]456(<-[Cl-])(<-[Cl-])(<-[Cl-])<-c(C)(c->4(C)c->52C)c->63C)cc2ccccc12
FECHAW,CCP(CC)(CC)->[Ni]1(<-c23ccccc->12C3(F)F)<-P(CC)(CC)CC,C19 H34 F2 Ni1 P2,0.0,CCP(CC)(CC)->[Ni+2]1(<-[C-]23C=CC=C[C-]->12C3(F)F)<-P(CC)(CC)CC,CCP(CC)(CC)->[Ni]1(<-c23ccccc->12C3(F)F)<-P(CC)(CC)CC,CCP(CC)(CC)->[Ni]1(<-c23ccccc->12C3(F)F)<-P(CC)(CC)CC
FEDREO,CCCCc1[c-](->[Fe+2]2345(<-[C-]#[O+])(<-[C-]#[O+])<-c6c->2c->3[cH-]->4c->56)n(-c2c(C)cc(C)cc2C)n[n+]1C,C23 H28 Fe1 N3 O2 1+,1.0,fail,CCCCc1[c-](->[Fe+2]2345(<-[C-]#[O+])(<-[C-]#[O+])<-c6c->2c->3[cH-]->4c->56)[n+](-c2c(C)cc(C)cc2C)nn1C,CCCCc1[c-](->[Fe+2]2345(<-[C-]#[O+])(<-[C-]#[O+])<-c6c->2c->3[cH-]->4c->56)[n+](-c2c(C)cc(C)cc2C)nn1C
FEGFOM,Cc1cccc(C)c1/N1=[C-]2\N(C)CC[c-]34->[Ti+4]<-2<-1567(<-[Cl-])(<-[Cl-])<-c(C)(c->5(C)c->63C)c->74C,C21 H28 Cl2 N2 Ti1,0.0,fail,Cc1cccc(C)c1N1=[C-]2N(C)CC[c-]34->[Ti+4]<-2<-1567(<-[Cl-])(<-[Cl-])<-c(C)(c->5(C)c->63C)c->74C,Cc1cccc(C)c1N1=[C-]2N(C)CC[c-]34->[Ti+4]<-2<-1567(<-[Cl-])(<-[Cl-])<-c(C)(c->5(C)c->63C)c->74C
FEGZIA,Cc1cccc(C)c1[N+]#[C-]->[Rh+]123(<-C=C->1)<-n1c(C)cc(C)n1[BH-](n1c(C)cc(C)n->21)n1c(C)cc(C)n->31,C26 H35 B1 N7 Rh1,0.0,Cc1cccc(C)c1[N+]#[C-]->[Rh+3]123(<-[CH2-][CH2-]->1)<-[n-]1c(C)cc(C)[n+]1[BH-]([n+]1c(C)cc(C)[n-]->21)[n+]1c(C)cc(C)[n-]->31,Cc1cccc(C)c1[N+]#[C-]->[Rh+]123(<-C=C->1)<-n1c(C)cc(C)n1[BH-](n1c(C)cc(C)n->21)n1c(C)cc(C)n->31,Cc1cccc(C)c1[N+]#[C-]->[Rh+]123(<-C=C->1)<-n1c(C)cc(C)n1[BH-](n1c(C)cc(C)n->21)n1c(C)cc(C)n->31
FEHJEK,,C15 H11 Br1 Fe1 N2 O3 S1,0.0,CS1c2ccccc2-c2cccc3N[C](=O)->[Fe+]<-1(<-[Br-])(<-[C-]#[O+])(<-[C-]#[O+])<-n32,CS1c2ccccc2-c2cccc3N[C-](=O)->[Fe+2]<-1(<-[Br-])(<-[C-]#[O+])(<-[C-]#[O+])<-n32,CS1c2ccccc2-c2cccc3N[C-](=O)->[Fe+2]<-1(<-[Br-])(<-[C-]#[O+])(<-[C-]#[O+])<-n32
FEHRUG,,C15 H24 F2 Ir1 O1 P1,0.0,Cc12->[Ir+]3456(<-C(=O)=C->3(F)F)(<-c1(C)c->4(C)[c-]->5(C)c->62C)<-P(C)(C)C,Cc12->[Ir+]3456(<-C(=O)=C->3(F)F)(<-c1(C)c->4(C)[c-]->5(C)c->62C)<-P(C)(C)C,Cc12->[Ir+]3456(<-C(=O)=C->3(F)F)(<-c1(C)c->4(C)[c-]->5(C)c->62C)<-P(C)(C)C
FEJNAL,CSC1/N=N2/C=c3/cccc/c3=C/[N-]3/N=C(/SC)[S-]->[Ni@+2]<-2<-3<-S=1,C12 H12 N4 Ni1 S4,0.0,CSC1=NN2=Cc3ccccc3C=N3N=C(SC)[S-]->[Ni+2]<-2<-3<-[S-]1,CSC1N=N2C=c3ccccc3=CN3=NC(SC)=S->[Ni]<-2<-3<-S=1,CSC1N=N2C=c3ccccc3=CN3=NC(SC)=S->[Ni]<-2<-3<-S=1
FEKLAJ,FC1(F)[c+]2[c-]([c+]3[c-]([C-]4[CH+][CH-][CH-][CH+][CH-]4)[c+]4[cH+][cH+][c+]5[c+](-[c-]6[cH+][cH+][cH+][cH-][cH-]6)[c+]6[n-]7->[Zn@SP3+2]8(<-[n-]54)<-[n-]4[c-]([c+]([C+]5[CH+][CH+][CH+][CH-][CH-]5)[c-]2[n-]->83)[CH-][CH+][c-]4[c-]([C-]2[CH+][CH+][CH-][CH-][CH-]2)[c+]7[CH+][CH-]6)C(F)(F)C1(F)F,C47 H26 F6 N4 Zn1,0.0,FC1(F)C2=C(c3c(-c4ccccc4)c4ccc5c(-c6ccccc6)c6n7->[Zn+2]8(<-n3c2c(-c2ccccc2)c2ccc(c(-c3ccccc3)c7C=C6)[n-]->82)<-[n-]54)C(F)(F)C1(F)F,FC1(F)C2=C(c3c(-c4ccccc4)c4ccc5c(-c6ccccc6)c6n7->[Zn+2]8(<-n3c2c(-c2ccccc2)c2ccc(c(-c3ccccc3)c7C=C6)[n-]->82)<-[n-]54)C(F)(F)C1(F)F,FC1(F)C2=C(c3c(-c4ccccc4)c4ccc5c(-c6ccccc6)c6n7->[Zn+2]8(<-n3c2c(-c2ccccc2)c2ccc(c(-c3ccccc3)c7C=C6)[n-]->82)<-[n-]54)C(F)(F)C1(F)F
FELHIN,NC(=O)c1ccccn1->[Cd+2](<-[O-]C=O)(<-[O-]C=O)<-n1ccccc1C(N)=O,C14 H14 Cd1 N4 O6,0.0,NC1=O->[Cd+2]2(<-O=C(N)c3ccccn->23)(<-[O-]C=O)(<-[O-]C=O)<-n2ccccc21,NC1=O->[Cd+2]2(<-O=C(N)c3ccccn->23)(<-[O-]C=O)(<-[O-]C=O)<-n2ccccc21,NC(=O)c1ccccn1->[Cd+2]12(<-O=C[O-]->1)(<-O=C[O-]->2)<-n1ccccc1C(N)=O
FEMHEK,[O+]#[C-]->[Ru+2]12(<-[C-]#[O+])(<-[c-]3ccccc3/N=N->1/c1ccccc1)<-[c-]1ccccc1/N=N->2/c1ccccc1,C26 H18 N4 O2 Ru1,0.0,[O+]#[C-]->[Ru+2]12(<-[C-]#[O+])(<-[c-]3ccccc3N=N->1c1ccccc1)<-[c-]1ccccc1N=N->2c1ccccc1,[O+]#[C-]->[Ru+2]12(<-[C-]#[O+])(<-[c-]3ccccc3N=N->1c1ccccc1)<-[c-]1ccccc1N=N->2c1ccccc1,[O+]#[C-]->[Ru+2]12(<-[C-]#[O+])(<-[c-]3ccccc3N=N->1c1ccccc1)<-[c-]1ccccc1N=N->2c1ccccc1
FENROI,C1\c2ccccc2[O-]->[Ni+2]23<-[O-]c4ccccc4/C=N->2\c2ccccc2OCCOc2ccccc2/N->3=1,C28 H22 N2 Ni1 O4,0.0,C1c2ccccc2[O-]->[Ni+2]2345<-[O-]c6ccccc6C=N->2c2ccccc2O->3CCO->4c2ccccc2N->5=1,C1c2ccccc2[O-]->[Ni+2]2345<-[O-]c6ccccc6C=N->2c2ccccc2O->3CCO->4c2ccccc2N->5=1,C1c2ccccc2[O-]->[Ni+2]23<-[O-]c4ccccc4C=N->2c2ccccc2OCCOc2ccccc2N->3=1
FEPHUD,CCS1CCP(c2ccccc2)(c2ccccc2)->[Ir+3]<-123(<-[O-][O-]->2)<-S(CC)CCP->3(c1ccccc1)c1ccccc1,C32 H38 Ir1 O2 P2 S2 1+,1.0,CCS1CCP(c2ccccc2)(c2ccccc2)->[Ir+3]<-123(<-[O-][O-]->2)<-S(CC)CCP->3(c1ccccc1)c1ccccc1,CCS1CCP(c2ccccc2)(c2ccccc2)->[Ir+3]<-123(<-[O-][O-]->2)<-S(CC)CCP->3(c1ccccc1)c1ccccc1,CCS1CCP(c2ccccc2)(c2ccccc2)->[Ir+3]<-123(<-[O-][O-]->2)<-S(CC)CCP->3(c1ccccc1)c1ccccc1
FEQCEM,C[Si]1(C)c2ccccc2[Si](C)(C)[c-]23->[Hf+4]456789%10(<-[Cl-])(<-[Cl-])(<-c%11c->4[c-]->51c->61ccccc->7%111)<-c(c->82)c->91ccccc->%1013,C28 H28 Cl2 Hf1 Si2,0.0,C[Si]1(C)c2ccccc2[Si](C)(C)[c-]23->[Hf+4]456789%10(<-[Cl-])(<-[Cl-])(<-c%11[cH-]->4c->54ccccc->64c->7%111)<-c(c->82)c->91ccccc->%1013,C[Si]1(C)c2ccccc2[Si](C)(C)[c-]23->[Hf+4]456789%10(<-[Cl-])(<-[Cl-])(<-c%11c->4[c-]->51c->61ccccc->7%111)<-c(c->82)c->91ccccc->%1013,C[Si]1(C)c2ccccc2[Si](C)(C)[c-]23->[Hf+4]45678(<-[Cl-])(<-[Cl-])(<-c(c->42)c->52ccccc->623)<-c2cc3ccccc->73[c-]->821
FEQYAE,O=C1C=CC(=O)C(c2cc3-c4ccccn4->[Ru+2]45(<-[Cl-])(<-n6ccccc6-c6ccccn->46)<-n4ccccc4-c(c2)n->53)=C1,C31 H21 Cl1 N5 O2 Ru1 1+,1.0,O=C1C=CC(=O)C(c2cc3-c4ccccn4->[Ru+2]45(<-[Cl-])(<-n6ccccc6-c6ccccn->46)<-n4ccccc4-c(c2)n->53)=C1,O=C1C=CC(=O)C(C2=CC3=C4C=CC=C[N-]4->[Ru+4]45(<-[Cl-])(<-n6ccccc6C(=C2)[N-]->43)<-n2ccccc2-c2ccccn->52)=C1,O=C1C=CC(=O)C(C2=CC3=C4C=CC=C[N-]4->[Ru+4]45(<-[Cl-])(<-n6ccccc6C(=C2)[N-]->43)<-n2ccccc2-c2ccccn->52)=C1
FERREZ,,C10 H13 Mo1 O2 P1 S1,0.0,Cc12->[Mo+]3456(<-[C-]#[O+])(<-[C-]#[O+])(<-S=[PH]->3(C)C)<-c(c->4[cH-]->51)c->62,C[c-]12->[Mo+2]3456(<-[C-]#[O+])(<-[C-]#[O+])(<-[S-]P->3(C)C)<-c(c->4c->51)c->62,C[c-]12->[Mo+2]3456(<-[C-]#[O+])(<-[C-]#[O+])(<-[S-]P->3(C)C)<-c(c->4c->51)c->62
FETFOB,C/C1=C(\c2ccccc2)[N-]2/N=C\c3c(C)[nH]cn3->[Pd@OH23+2]<-2(<-[Cl-])<-N1=O,C14 H14 Cl1 N5 O1 Pd1,0.0,CC1C(c2ccccc2)=N2N=Cc3c(C)[nH]cn3->[Pd+]<-2(<-[Cl-])<-N=1[O],CC1=C(c2ccccc2)[N-]2N=Cc3c(C)[nH]cn3->[Pd+2]<-2(<-[Cl-])<-N1=O,CC1=C(c2ccccc2)[N-]2N=Cc3c(C)[nH]cn3->[Pd+2]<-2(<-[Cl-])<-N1=O
FETJOF,,C27 H35 B1 Ir1 N7,0.0,fail,CC1=CC=C[C](->[IrH+2]23(<-[c-]4ccccc4)<-n4c(C)cc(C)n4[BH-](n4c(C)cc(C)n->24)n2c(C)cc(C)n->32)N1,CC1=CC=C[C](->[IrH+2]23(<-[c-]4ccccc4)<-n4c(C)cc(C)n4[BH-](n4c(C)cc(C)n->24)n2c(C)cc(C)n->32)N1
FEVNAW,CC1/C=C(/C)[O-]->[Co+3]23(<-O=1)(<-O=C(C)/C=C(/C)[O-]->2)<-[O-][N+](=O)[O-]->3,C10 H14 Co1 N1 O7,0.0,fail,CC1=CC(C)=O->[Co+5]23(<-O=C(C)C=C(C)[O-]->2)(<-[O-]1)<-[O-]N([O-])[O-]->3,CC1=CC(C)=O->[Co+3]234(<-O=C(C)C=C(C)[O-]->2)(<-[O-]1)<-[O-][N+]->3(=O)[O-]->4
FEVZAH,,C15 H23 O2 P1 W1,0.0,CC(C)(C)[P-2](C(C)(C)C)->[W+3]1234(<-[C-]#[O+])(<-[C-]#[O+])<-c5c->1c->2[cH-]->3c->45,CC(C)(C)[P-](C(C)(C)C)->[W+2]1234(<-[C-]#[O+])(<-[C-]#[O+])<-c5c->1c->2[cH-]->3c->45,CC(C)(C)[P-](C(C)(C)C)->[W+2]1234(<-[C-]#[O+])(<-[C-]#[O+])<-c5c->1c->2[cH-]->3c->45
FEWVEL,CC(C)P1(CCN2CCP(C(C)C)(C(C)C)->[Co+]<-2<-13(<-[H][BH3-]->3)<-[C-]#[O+])C(C)C,C17 H41 B1 Co1 N1 O1 P2,0.0,[BH3-][H]->[Co+]12(<-[C-]#[O+])<-N(CCP->1(C(C)C)C(C)C)CCP->2(C(C)C)C(C)C,B.CC(C)P1(C(C)C)->[CoH]2(<-[C-]#[O+])<-N(CC1)CCP->2(C(C)C)C(C)C,CC(C)P1(C(C)C)->[Co+]2(<-[C-]#[O+])<-N(CC1)CCP->2(C(C)C)C(C)C.[BH4-]
FEXDEU,CCNC1N=N2/C(C)=C3/C=CC=C[N-]3->[Zn+2]<-234(<-S=1)<-S=C(N=N->3/C(C)=C1/C=CC=C[N-]->41)NCC,C20 H26 N8 S2 Zn1,0.0,CCNC1=NN2=C(C)c3ccccn3->[Zn+2]<-234(<-[S-]1)<-[S-]C(=NN->3=C(C)c1ccccn->41)NCC,CCNC1N=N2C(C)=C3C=CC=C[N-]3->[Zn+2]<-234(<-S=1)<-S=C(N=N->3C(C)=C1C=CC=C[N-]->41)NCC,CCNC1N=N2C(C)=C3C=CC=C[N-]3->[Zn+2]<-234(<-S=1)<-S=C(N=N->3C(C)=C1C=CC=C[N-]->41)NCC
FEXYIT,Cc12->[Ir+3]3456(<-[Cl-])(<-[c-]7cc8ccccc8cc7/C=N->3/c3ccccc3)<-c1(C)c->4(C)[c-]->5(C)c->62C,C27 H27 Cl1 Ir1 N1,0.0,Cc12->[Ir+3]3456(<-[Cl-])(<-[c-]7cc8ccccc8cc7C=N->3c3ccccc3)<-c1(C)c->4(C)[c-]->5(C)c->62C,Cc12->[Ir+3]3456(<-[Cl-])(<-[c-]7cc8ccccc8cc7C=N->3c3ccccc3)<-c1(C)c->4(C)[c-]->5(C)c->62C,Cc12->[Ir+3]3456(<-[Cl-])(<-[c-]7cc8ccccc8cc7C=N->3c3ccccc3)<-c1(C)c->4(C)[c-]->5(C)c->62C
FEYYOA,CC(C)(C)N12[O-]->[Ni+4]<-134(<-[Cl-])(<-[Cl-])(<-[O-]N->3(c1ccc(-c3ccccc3)cn->41)C(C)(C)C)<-n1cc(-c3ccccc3)ccc12,C30 H34 Cl2 N4 Ni1 O2,0.0,CC(C)(C)N1[O-]->[Ni+4]2(<-[Cl-])(<-[Cl-])(<-[O-]N(c3ccc(-c4ccccc4)cn->23)C(C)(C)C)<-n2cc(-c3ccccc3)ccc21,CC(C)(C)N1[O-]->[Ni+4]2(<-[Cl-])(<-[Cl-])(<-[O-]N(c3ccc(-c4ccccc4)cn->23)C(C)(C)C)<-n2cc(-c3ccccc3)ccc21,CC(C)(C)N1[O-]->[Ni+4]2(<-[Cl-])(<-[Cl-])(<-[O-]N(c3ccc(-c4ccccc4)cn->23)C(C)(C)C)<-n2cc(-c3ccccc3)ccc21
FEZRAG,[CH3-]->[Pt+4]1(<-[CH3-])(<-[I-])(<-[I-])<-n2ccccc2CN->1c1ccc(O)cc1,C14 H18 I2 N2 O1 Pt1,0.0,[CH3-]->[Pt+4]1(<-[CH3-])(<-[I-])(<-[I-])<-n2ccccc2CN->1c1ccc(O)cc1,[CH3-]->[Pt+4]1(<-[CH3-])(<-[I-])(<-[I-])<-n2ccccc2CN->1c1ccc(O)cc1,[CH3-]->[Pt+4]1(<-[CH3-])(<-[I-])(<-[I-])<-n2ccccc2CN->1c1ccc(O)cc1
FIBTUF,[Cl-]->[W+6]1(<-[Cl-])(<-[Cl-])(<-[N-2]S[N+]#S[N-2]->1)<-O1CCCC1,C4 H8 Cl3 N3 O1 S2 W1,0.0,fail,[Cl-]->[W+6]1(<-[Cl-])(<-[Cl-])(<-[N-2]SN=S=[N-]->1)<-O1CCCC1,[Cl-]->[W+6]1(<-[Cl-])(<-[Cl-])(<-[N-2]SN=S=[N-]->1)<-O1CCCC1
FICCEA,CC(C)(C)c12->[Zr+2]3456789%10(<-[C-]#[O+])(<-[C-]#[O+])<-c1c->3(C(C)(C)C)[c-]->4([Si](C)(C)[c-]->51c->6c->7(C(C)(C)C)c->8c->91C(C)(C)C)c->%102,C30 H46 O2 Si1 Zr1,0.0,CC(C)(C)c12->[Zr+2]3456789%10(<-[C-]#[O+])(<-[C-]#[O+])<-c1c->3([Si](C)(C)c->41c->5c->6(C(C)(C)C)[cH-]->7c->81C(C)(C)C)c->9(C(C)(C)C)[cH-]->%102,CC(C)(C)c12->[Zr+2]3456789%10(<-[C-]#[O+])(<-[C-]#[O+])<-c1c->3(C(C)(C)C)[c-]->4([Si](C)(C)[c-]->51c->6c->7(C(C)(C)C)c->8c->91C(C)(C)C)c->%102,CC(C)(C)c12->[Zr+2]3456789%10(<-[C-]#[O+])(<-[C-]#[O+])<-c1c->3(C(C)(C)C)[c-]->4([Si](C)(C)[c-]->51c->6c->7(C(C)(C)C)c->8c->91C(C)(C)C)c->%102
FICSUG,,C12 H18 N4 Ni1 O6,0.0,CO->[Ni+2]12(<-[O-]C(=O)Cc3c[nH]cn->13)(<-[O-]C(=O)Cc1c[nH]cn->21)<-OC,CO->[Ni+2]12(<-[O-]C(=O)Cc3c[nH]cn->13)(<-[O-]C(=O)Cc1c[nH]cn->21)<-OC,CO.CO.O=C1Cc2c[nH]cn2->[Ni+2]2(<-[O-]1)<-[O-]C(=O)Cc1c[nH]cn->21
FIFBUR,COC(=O)/C1=C2/C3=C(/C=O)->[Fe]<-1<-3<-2(<-[C-]#[O+])(<-[C-]#[O+])<-[C-]#[O+],C10 H8 Fe1 O6,0.0,COC(=O)C1=C2C3=C(C=O)->[Fe]<-1<-3<-2(<-[C-]#[O+])(<-[C-]#[O+])<-[C-]#[O+],COC(=O)[CH-]1C2=C3[CH-](C=O)->[Fe+2]<-3<-2<-1(<-[C-]#[O+])(<-[C-]#[O+])<-[C-]#[O+],COC(=O)[CH-]1C2=C3[CH-](C=O)->[Fe+2]<-3<-2<-1(<-[C-]#[O+])(<-[C-]#[O+])<-[C-]#[O+]
FIGHOT,CC1(C)C[N-]2->[Zr+4]345(<-[N-](CCO->3CC2)C1)<-[N-]1CCO->4CC[N-]->5CC(C)(C)C1,C18 H36 N4 O2 Zr1,0.0,CC1(C)C[N-]2->[Zr+4]345(<-[N-](CCO->3CC2)C1)<-[N-]1CCO->4CC[N-]->5CC(C)(C)C1,CC1(C)C[N-]2->[Zr+4]345(<-[N-](CCO->3CC2)C1)<-[N-]1CCO->4CC[N-]->5CC(C)(C)C1,CC1(C)C[N-]2->[Zr+4]345(<-[N-](CCO->3CC2)C1)<-[N-]1CCO->4CC[N-]->5CC(C)(C)C1
FIGRES,,C24 H48 Cl1 Ir1 P2,0.0,CC(C)P(C(C)C)(C(C)C)->[IrH+2](<-[Cl-])(<-[c-]1ccccc1)<-P(C(C)C)(C(C)C)C(C)C,CC(C)P(C(C)C)(C(C)C)->[IrH+2](<-[Cl-])(<-[c-]1ccccc1)<-P(C(C)C)(C(C)C)C(C)C,CC(C)P(C(C)C)(C(C)C)->[IrH+2](<-[Cl-])(<-[c-]1ccccc1)<-P(C(C)C)(C(C)C)C(C)C
FIHJAI,,C20 H41 Cl2 P1 Ru1 Si1,0.0,CC(C)P(C(C)C)(C(C)C)->[RuH2+2]1234(<-c5(C)c->1(C)c->2(C)[c-]->3(C)c->45C)<-[Si-](C)(Cl)Cl,CC(C)P(C(C)C)(C(C)C)->[RuH2+2]1234(<-c5(C)c->1(C)c->2(C)[c-]->3(C)c->45C)<-[Si-](C)(Cl)Cl,CC(C)P(C(C)C)(C(C)C)->[RuH2+2]1234(<-c5(C)c->1(C)c->2(C)[c-]->3(C)c->45C)<-[Si-](C)(Cl)Cl
FIHLOA,CC1/C=C(/C)[O-]->[V+5]234(<-[O-2])(<-O=1)<-[O-]/C(=N\N->2=C(C)\C(C)=N->3\N=C(/[O-]->4)c1ccc(C)cc1)c1ccc(C)cc1,C25 H27 N4 O5 V1,0.0,fail,CC1=CC(C)=O->[V+5]234(<-[O-2])(<-[O-]1)<-[O-]C(=NN->2=C(C)C(C)=N->3N=C([O-]->4)c1ccc(C)cc1)c1ccc(C)cc1,CC1=CC(C)=O->[V+5]234(<-[O-2])(<-[O-]1)<-[O-]C(=NN->2=C(C)C(C)=N->3N=C([O-]->4)c1ccc(C)cc1)c1ccc(C)cc1
FIHSOG,c1ccc(P2(CCP(c3ccccc3)(c3ccccc3)->[Ru+2]<-23456(<-[CH]c2cc7ccccc7c7ccsc27)<-c2c->3c->4[cH-]->5c->62)c2ccccc2)cc1,C44 H37 P2 Ru1 S1 1+,1.0,fail,c1ccc(P2(CCP(c3ccccc3)(c3ccccc3)->[Ru+2]<-23456(<-[CH]c2cc7ccccc7c7ccsc27)<-c2c->3c->4[cH-]->5c->62)c2ccccc2)cc1,c1ccc(P2(CCP(c3ccccc3)(c3ccccc3)->[Ru+2]<-23456(<-[CH]c2cc7ccccc7c7ccsc27)<-c2c->3c->4[cH-]->5c->62)c2ccccc2)cc1
FIJPEV,,C17 H22 B1 Ir1 N6 O1,0.0,C1=[CH-]->[Ir+5]23(<-[CH2-]C1)(<-[C-2]1CCCO1)<-n1cccn1[BH-](n1cccn->21)n1cccn->31,C1C=[CH-]->[Ir+3]23(<-[CH-]=1)(<-[C]1CCCO1)<-n1cccn1[BH-](n1cccn->21)n1cccn->31,C1C=[CH-]->[Ir+3]23(<-[CH-]=1)(<-[C]1CCCO1)<-n1cccn1[BH-](n1cccn->21)n1cccn->31
FIKCAF,Nc1cccc(C2=O->[Zn+2]34(<-[O-]2)(<-n2ccccc2-c2ccccn->32)<-n2ccccc2-c2ccccn->42)c1,C27 H22 N5 O2 Zn1 1+,1.0,fail,Nc1cccc(C2=O->[Zn+2]34(<-[O-]2)(<-n2ccccc2-c2ccccn->32)<-n2ccccc2-c2ccccn->42)c1,Nc1cccc(C23=O->[Zn+2]<-245(<-[O-]3)(<-n2ccccc2-c2ccccn->42)<-n2ccccc2-c2ccccn->52)c1
FILGIQ,CN12CCN->[Co+3]<-1345(<-NCCN->3(C)CC2)(<-[O-]N->4=O)<-[O-]N->5=O,C8 H22 Co1 N6 O4 1+,1.0,CN12CCN->[Co-]<-13(<-NCCN->3(C)CC2)(<-[N+](=O)=O)<-[N+](=O)=O,CN12CCN->[Co+3]<-13(<-NCCN->3(C)CC2)(<-N(=O)[O-])<-N(=O)[O-],CN12CCN->[Co+3]<-13(<-NCCN->3(C)CC2)(<-N(=O)[O-])<-N(=O)[O-]
FILZEG,,C15 H21 B1 Fe1 O4,0.0,Cc12->[Fe+2]345(<-[C-]#[O+])(<-[C-]#[O+])(<-[BH2-]6OCCCO6)<-c1(C)c->3(C)[c-]->4(C)c->52C,Cc12->[Fe]345(<-[C-]#[O+])(<-[C-]#[O+])(<-B6=[O+]CCCO6)<-c1(C)c->3(C)[c-]->4(C)c->52C,Cc12->[Fe]345(<-[C-]#[O+])(<-[C-]#[O+])(<-B6=[O+]CCCO6)<-c1(C)c->3(C)[c-]->4(C)c->52C
FINKET,CC1(C)N([O-])C2c3ccccn3->[Co+3]3(<-[N-2][N+]#N)(<-[N-2][N+]#N)(<-O=C(O)c4ccccn->34)<-N=2C1(C)C,C18 H21 Co1 N10 O3,0.0,CC1(C)N([O])C2c3ccccn3->[Co+2]3(<-[N-]=[N+]=[N-])(<-[N-]=[N+]=[N-])(<-O=C(O)c4ccccn->34)<-N=2C1(C)C,CC1(C)N([O-])C2c3ccccn3->[Co+3]3(<-[N-2][N+]#N)(<-[N-2][N+]#N)(<-O=C(O)c4ccccn->34)<-N=2C1(C)C,CC1(C)N([O-])C2c3ccccn3->[Co+3]3(<-[N-2][N+]#N)(<-[N-2][N+]#N)(<-O=C(O)c4ccccn->34)<-N=2C1(C)C
FINVUU,CN(C)[C]1CS(C)->[W]<-1(<-[C-]#[O+])(<-[C-]#[O+])(<-[C-]#[O+])<-[C-]#[O+],C9 H11 N1 O4 S1 W1,0.0,CN(C)[C]1CS(C)->[W]<-1(<-[C-]#[O+])(<-[C-]#[O+])(<-[C-]#[O+])<-[C-]#[O+],CN(C)[C]1CS(C)->[W]<-1(<-[C-]#[O+])(<-[C-]#[O+])(<-[C-]#[O+])<-[C-]#[O+],CN(C)[C]1CS(C)->[W]<-1(<-[C-]#[O+])(<-[C-]#[O+])(<-[C-]#[O+])<-[C-]#[O+]
FIPKEV,CCO[C](/C=C(\c1ccccc1)n1nc(C(C)(C)C)cc1C(C)(C)C)->[W](<-[C-]#[O+])(<-[C-]#[O+])(<-[C-]#[O+])(<-[C-]#[O+])<-[C-]#[O+],C27 H30 N2 O6 W1,0.0,CCO[C-2](C=C(c1ccccc1)n1nc(C(C)(C)C)cc1C(C)(C)C)->[W+2](<-[C-]#[O+])(<-[C-]#[O+])(<-[C-]#[O+])(<-[C-]#[O+])<-[C-]#[O+],CCO[C](C=C(c1ccccc1)n1nc(C(C)(C)C)cc1C(C)(C)C)->[W](<-[C-]#[O+])(<-[C-]#[O+])(<-[C-]#[O+])(<-[C-]#[O+])<-[C-]#[O+],CCO[C](C=C(c1ccccc1)n1nc(C(C)(C)C)cc1C(C)(C)C)->[W](<-[C-]#[O+])(<-[C-]#[O+])(<-[C-]#[O+])(<-[C-]#[O+])<-[C-]#[O+]
FIQCUF,Cc1cc(C)c([S-]->[Ni@SP1+2]23<-[S-]c4ccccc4S->2c2ccccc2[S-]->3)c(C)c1,C21 H19 Ni1 S4 1-,-1.0,fail,Cc1cc(C)c([S-]->[Ni]23<-S=C4C=CC=CC4=S->2=C2C=CC=CC2=S->3)c(C)c1,Cc1cc(C)c([S-]->[Ni]2345<-S=C6C=CC=CC6=S->2=C->32C=CC=CC->42=S->5)c(C)c1
FIQPIG,,C45 H26 Au1 N5 O4,0.0,O=[N+]([O-])c1ccc(-c2c3n4->[Au+3]56<-[c-]7c(c(-c8ccccc8)c8ccc2[n-]->58)C=Cc7c(-c2ccccc2)c2ccc(c(-c5ccc([N+](=O)[O-])cc5)c4C=C3)[n-]->62)cc1,O=[N+]([O-])c1ccc(C2=c3ccc4[n-]3->[Au+3]35<-[C]6[C+]([CH-][CH+][C-]6C(c6ccccc6)=c6ccc([n-]->36)=C(c3ccc([N+](=O)[O-])cc3)c3ccc2[n-]->53)C=4c2ccccc2)cc1,O=[N+]([O-])c1ccc(C2=c3ccc4[n-]3->[Au+3]35<-[C]6[C+]([CH-][CH+][C-]6C(c6ccccc6)=c6ccc([n-]->36)=C(c3ccc([N+](=O)[O-])cc3)c3ccc2[n-]->53)C=4c2ccccc2)cc1
FIRDIV,,C21 H38 B1 Cl1 Ir1 O6 P3,0.0,COC(=O)C=[C-](C(=O)OC)->[Ir+3](<-[Cl-])(<-[BH2-]1Oc2ccccc2O1)(<-P(C)(C)C)(<-P(C)(C)C)<-P(C)(C)C,COC(=O)C=[C-](C(=O)OC)->[Ir+](<-[Cl-])(<-b1oc2ccccc2[o+]1)(<-P(C)(C)C)(<-P(C)(C)C)<-P(C)(C)C,COC(=O)C=[C-](C(=O)OC)->[Ir+](<-[Cl-])(<-b1oc2ccccc2[o+]1)(<-P(C)(C)C)(<-P(C)(C)C)<-P(C)(C)C
FIRJOH,CO->[Mo+4]12(<-[O-2])(<-[O-2])<-O=C3C=CC(Cl)=C/C3=C/N->1=N/C(=O->2)c1ccc([N+](=O)[O-])cc1,C15 H12 Cl1 Mo1 N3 O7,0.0,CO->[Mo+6]12(<-[O-2])(<-[O-2])<-[O-]C(=NN->1=Cc1cc(Cl)ccc1[O-]->2)c1ccc([N+](=O)[O-])cc1,CO->[Mo+6]12(<-[O-2])(<-[O-2])<-[O-]C(=NN->1=Cc1cc(Cl)ccc1[O-]->2)c1ccc([N+](=O)[O-])cc1,CO->[Mo+6]12(<-[O-2])(<-[O-2])<-[O-]C(=NN->1=Cc1cc(Cl)ccc1[O-]->2)c1ccc([N+](=O)[O-])cc1
FISDAM,O=C(COc1ccccc1Cl)[O-]->[Zn+2](<-[OH-])(<-O)(<-O)<-O=C(O)[C@@H](O)Oc1ccccc1Cl,C16 H20 Cl2 O10 Zn1,0.0,O=C(COc1ccccc1Cl)[O-]->[Zn+2](<-O)(<-O)(<-O)(<-O)<-[O-]C(=O)COc1ccccc1Cl,O=C(COc1ccccc1Cl)[O-]->[Zn+4](<-[OH-])(<-O)(<-O)(<-O)<-[O-]C([O-])=COc1ccccc1Cl,O=C(COc1ccccc1Cl)[O-]->[Zn+2](<-O)(<-O)(<-O)<-[O-]C1(O)OC1Oc1ccccc1Cl
FIVHIB,,C15 H10 Cr1 O3,0.0,[O+]#[C-]->[Cr]12345(<-[C-]#[O+])(<-[C-]#[O+])<-c6c->1c->2c->31c->4(c->56)C=CC=CC=C1,[O+]#[C-]->[Cr]12345(<-[C-]#[O+])(<-[C-]#[O+])<-c6c->1c->2c->31c->4(c->56)=CC=CC=CC=1,[O+]#[C-]->[Cr]12345(<-[C-]#[O+])(<-[C-]#[O+])<-c6c->1c->2c->31c->4(c->56)=CC=CC=CC=1
FIWFEX,,C16 H21 N3 O2 W1,0.0,O=[N-]->[W+2]1234(<-[C-]#[O+])(<-[C]5CC6CCCN6C6CCCN56)<-c5c->1c->2[cH-]->3c->45,O=[N-]->[W+2]1234(<-[C-]#[O+])(<-[C]5CC6CCCN6C6CCCN56)<-c5c->1c->2[cH-]->3c->45,O=[N-]->[W+2]1234(<-[C-]#[O+])(<-[C]5CC6CCCN6C6CCCN56)<-c5c->1c->2[cH-]->3c->45
FIYDIB,S=C1SCC[N-]1->[Cd+2](<-[S-]C1=NCCS1)(<-n1ccccc1)(<-n1ccccc1)<-n1ccccc1,C21 H23 Cd1 N5 S4,0.0,S=C1SCC[N-]1->[Cd+2](<-[S-]C1=NCCS1)(<-n1ccccc1)(<-n1ccccc1)<-n1ccccc1,S=C1SCC[N-]1->[Cd+2](<-[S-]C1=NCCS1)(<-n1ccccc1)(<-n1ccccc1)<-n1ccccc1,c1ccn(->[Cd+2]23(<-S=C4SCC[N-]->24)(<-S=C2SCC[N-]->32)(<-n2ccccc2)<-n2ccccc2)cc1
FIZDUQ,Cn1ccn2[BH-]3[H]->[Ru+2](<-[C-]#[O+])(<-[C-]#Cc4ccccc4)(<-S=c12)(<-S=c1n(C)ccn13)<-P(c1ccccc1)(c1ccccc1)c1ccccc1,C35 H32 B1 N4 O1 P1 Ru1 S2,0.0,Cn1ccn2[BH-]3[H]->[Ru+2](<-[C-]#[O+])(<-[C-]#Cc4ccccc4)(<-S=c12)(<-S=c1n(C)ccn13)<-P(c1ccccc1)(c1ccccc1)c1ccccc1,Cn1ccn2B3n4ccn(C)c4=S->[RuH+]<-3(<-[C-]#[O+])(<-[C-]#Cc3ccccc3)(<-S=c12)<-P(c1ccccc1)(c1ccccc1)c1ccccc1,Cn1ccn2Bn3ccn(C)c3=S->[RuH+](<-[C-]#[O+])(<-[C-]#Cc3ccccc3)(<-S=c12)<-P(c1ccccc1)(c1ccccc1)c1ccccc1
FLPHCR,,C10 H8 Cr1 F3 O4 P1,0.0,COC(=O)c12->[Cr]3456(<-[C-]#[O+])(<-[C-]#[O+])(<-c(c->3c->41)c->5c->62)<-P(F)(F)F,COC(=O)c12->[Cr]3456(<-[C-]#[O+])(<-[C-]#[O+])(<-c(c->3c->41)c->5c->62)<-P(F)(F)F,COC1O[P+](F)(F)(F)->[Cr+2]23456(<-[C-]#[O+])(<-[C-]#[O+])<-C7=C->2[CH-]->3C->4=1[CH-]->5[CH-]->67
FOBKAJ,C/C1=C(\C)[N-](O)->[Co+3]2(<-N[C@@H](C)c3ccccc3)(<-[CH-](C)C(N)=O)(<-N1=O)<-N(=O)/C(C)=C(/C)[N-]->2O,C19 H31 Co1 N6 O5,0.0,CC1C(C)=N(O)->[Co+]2(<-NC(C)c3ccccc3)(<-[CH-](C)C(N)=O)(<-N=1[O])<-N([O])=C(C)C(C)=N->2O,CC1=C(C)[N-](O)->[Co+3]2(<-NC(C)c3ccccc3)(<-[CH-](C)C(N)=O)(<-N1=O)<-N(=O)C(C)=C(C)[N-]->2O,CC1=C(C)[N-](O)->[Co+3]2(<-NC(C)c3ccccc3)(<-[CH-](C)C(N)=O)(<-N1=O)<-N(=O)C(C)=C(C)[N-]->2O
FOCGEM,,C26 H18 La1 N9 O9,0.0,O=[N+]1[O-]->[La+3]2345678(<-[O-]1)(<-[O-][N+](=O)[O-]->2)(<-[O-][N+](=O)[O-]->3)<-n1cc2cccc(cn->4c3ccccc3n->5cc3cccc(cn->6c4ccccc41)n->73)n->82,ON12->[La]3456789%10%11(<-N(O)(O3)O4)(<-N(O)(O5)O6)(O1)(O2)N1CC2CCCC(CN7C3CCCCC3N8CC3CCCC(CN9C4CCCCC41)N3%10)N2%11,ON12->[La]3456789%10%11(<-N(O)(O3)O4)(<-N(O)(O5)O6)(O1)(O2)N1CC2CCCC(CN7C3CCCCC3N8CC3CCCC(CN9C4CCCCC41)N3%10)N2%11
FOCWAV,,C29 H23 Mo1 O3 P1,0.0,[O+]#[C-]->[Mo+2]1234(<-[C-]#[O+])(<-[c-]5ccco5)(<-c5c->1c->2[cH-]->3c->45)<-P(c1ccccc1)(c1ccccc1)c1ccccc1,[O+]#[C-]->[Mo+2]1234(<-[C-]#[O+])(<-[c-]5ccco5)(<-c5c->1c->2[cH-]->3c->45)<-P(c1ccccc1)(c1ccccc1)c1ccccc1,O=[C-]1c2(->[Mo+2]<-13456(<-[C-]#[O+])(<-c1c->3c->4[cH-]->5c->61)<-P(c1ccccc1)(c1ccccc1)c1ccccc1)ccco2
FODDOU,CC(C)N(C1=S->[Ir+3]23(<-[S-]1)(<-[c-]1cc(C(F)(F)F)cc(C(F)(F)F)c1-c1ccccn->21)<-[c-]1cc(C(F)(F)F)cc(C(F)(F)F)c1-c1ccccn->31)C(C)C,C33 H26 F12 Ir1 N3 S2,0.0,fail,CC(C)N(C1=S->[Ir+3]23(<-[S-]1)(<-[c-]1cc(C(F)(F)F)cc(C(F)(F)F)c1-c1ccccn->21)<-[c-]1cc(C(F)(F)F)cc(C(F)(F)F)c1-c1ccccn->31)C(C)C,CC(C)N(C1=S->[Ir+3]23(<-[S-]1)(<-[c-]1cc(C(F)(F)F)cc(C(F)(F)F)c1-c1ccccn->21)<-[c-]1cc(C(F)(F)F)cc(C(F)(F)F)c1-c1ccccn->31)C(C)C
FODSAS,C[P+](C)(C)[B-]1(c2ccccc2)[c-]23->[Zr+4]456789%10(<-[Cl-])(<-[Cl-])(<-c(c->42)c->52ccccc->623)<-c2c->7[c-]->81c->91ccccc->%1021,C27 H26 B1 Cl2 P1 Zr1,0.0,C[P](C)(C)[B-]1(c2ccccc2)c23->[Zr+5]456789%10(<-[Cl-])(<-[Cl-])(<-c%11[cH-]->4c->54ccccc->64c->7%111)<-c([cH-]->82)c->91ccccc->%1031,C[P+](C)(C)[B-]1(c2ccccc2)[c-]23->[Zr+4]456789%10(<-[Cl-])(<-[Cl-])(<-c(c->42)c->52ccccc->623)<-c2c->7[c-]->81c->91ccccc->%1021,C[P+](C)(C)[B-]1(c2ccccc2)[c-]23->[Zr+4]456789%10(<-[Cl-])(<-[Cl-])(<-c(c->42)c->52ccccc->623)<-c2c->7[c-]->81c->91ccccc->%1021
FOFXUU,,C32 H31 B1 Cl1 N7 O1 P1 Ru1 1+,1.0,CC(C)(C#[C-]->[Ru+5]12(<-[Cl-])(<-[N-]=O)<-[n-]3ccc[n+]3[BH-]([n+]3ccc[n-]->13)[n+]1ccc[n-]->21)[P](c1ccccc1)(c1ccccc1)c1ccccc1,CC(C)(C#[C-]->[Ru+4]12(<-[Cl-])(<-[N-]=O)<-n3cccn3[BH-](n3cccn->13)n1cccn->21)[P+](c1ccccc1)(c1ccccc1)c1ccccc1,CC(C)(C#[C-]->[Ru+4]12(<-[Cl-])(<-[N-]=O)<-n3cccn3[BH-](n3cccn->13)n1cccn->21)[P+](c1ccccc1)(c1ccccc1)c1ccccc1
FOGPUM,,C18 H36 Fe1 N3 O7 P1 Si1,0.0,CN(C)P(=[O+][Si-2](OC(C)(C)C)(OC(C)(C)C)->[Fe+](<-[C-]#[O+])(<-[C-]#[O+])(<-[C-]#[O+])<-[C-]#[O+])(N(C)C)N(C)C,CN(C)P(O[Si-](OC(C)(C)C)(OC(C)(C)C)->[Fe](<-[C-]#[O+])(<-[C-]#[O+])(<-[C-]#[O+])<-[C-]#[O+])(N(C)C)=[N+](C)C,CN(C)P(O[Si-](OC(C)(C)C)(OC(C)(C)C)->[Fe](<-[C-]#[O+])(<-[C-]#[O+])(<-[C-]#[O+])<-[C-]#[O+])(N(C)C)=[N+](C)C
FOHVIJ,C1=C/C2=C/[N-]3Cc4ccccc4/N4=C/c5ccc[n-]5->[Co+3]<-4<-3(<-N2=C1)(<-n1ccccc1)<-n1ccccc1,C27 H24 Co1 N6 1+,1.0,C1=CC2=C[N-]3c4ccccc4CN4=Cc5ccc[n-]5->[Co+3]<-4<-3(<-N2=C1)(<-n1ccccc1)<-n1ccccc1,C1=CC2=C[N-]3Cc4ccccc4N4=Cc5ccc[n-]5->[Co+3]<-4<-3(<-N2=C1)(<-n1ccccc1)<-n1ccccc1,C1=CC2=C[N-]3Cc4ccccc4N4=Cc5ccc[n-]5->[Co+3]<-4<-3(<-N2=C1)(<-n1ccccc1)<-n1ccccc1
FOJNUP,Cc1cc(C)n2->[Cd+2](<-[Br-])(<-[Br-])<-n3c(C)cc(C)n3CN(CC3CCCCC3)Cn12,C19 H31 Br2 Cd1 N5,0.0,Cc1cc(C)n2->[Cd+2]3(<-[Br-])(<-[Br-])<-n4c(C)cc(C)n4CN->3(CC3CCCCC3)Cn12,Cc1cc(C)n2->[Cd+2]3(<-[Br-])(<-[Br-])<-n4c(C)cc(C)n4CN->3(CC3CCCCC3)Cn12,Cc1cc(C)n2->[Cd+2](<-[Br-])(<-[Br-])<-n3c(C)cc(C)n3CN(CC3CCCCC3)Cn12
FOJWIL,CC1(C)[CH2-]->[Ir+3]2(<-[C-]#[O+])(<-[C-]#[O+])(<-[CH2-]C(C)(C)n3cc[n+](C(C)(C)C)[c-]->23)<-[c-]2n1cc[n+]2C(C)(C)C,C24 H38 Ir1 N4 O2 1+,1.0,CC(C)(C)N1C=CN2C(C)(C)[CH2-]->[Ir+3]3(<-[C-]#[O+])(<-[C-]#[O+])(<-[CH2-]C(C)(C)N4C=CN(C(C)(C)C)[C]->34)<-[C]12,CC(C)(C)n1cc[n+]2C(C)(C)[CH2-]->[Ir+3]3(<-[C-]#[O+])(<-[C-]#[O+])(<-[CH2-]C(C)(C)[n+]4ccn(C(C)(C)C)[c-]->34)<-[c-]12,CC(C)(C)n1cc[n+]2C(C)(C)[CH2-]->[Ir+3]3(<-[C-]#[O+])(<-[C-]#[O+])(<-[CH2-]C(C)(C)[n+]4ccn(C(C)(C)C)[c-]->34)<-[c-]12
FOKFEQ,CNC1/N=N2/C(/C)=C3/C=CC=C[N-]3->[Pt@OH23+2]<-2(<-[Cl-])<-S=1,C9 H11 Cl1 N4 Pt1 S1,0.0,CNC1=NN2=C(C)c3ccccn3->[Pt+2]<-2(<-[Cl-])<-[S-]1,CNC1N=N2C(C)=C3C=CC=C[N-]3->[Pt+2]<-2(<-[Cl-])<-S=1,CNC1N=N2C(C)=C3C=CC=C[N-]3->[Pt+2]<-2(<-[Cl-])<-S=1
FOKRED,Cc1cc(C)c23->[Zr+4]456789%10%11(<-[Cl-])(<-[Cl-])<-c2c->4(C)[c-]->5([Si](C)(C)[c-]->62c->7(C)c->8c->94c(C)cc(C)cc->%1042)c->%113c1,C26 H30 Cl2 Si1 Zr1,0.0,Cc1cc(C)c23->[Zr+4]456789%10%11(<-[Cl-])(<-[Cl-])<-[cH-]2c->4(C)c->5([Si](C)(C)c->62c->7(C)[cH-]->8c->94c(C)cc(C)cc->%1024)c->%113c1,Cc1cc(C)c23->[Zr+4]456789%10%11(<-[Cl-])(<-[Cl-])<-c2c->4(C)[c-]->5([Si](C)(C)[c-]->62c->7(C)c->8c->94c(C)cc(C)cc->%1042)c->%113c1,Cc1cc(C)c23->[Zr+4]456789%10%11(<-[Cl-])(<-[Cl-])<-c2c->4(C)[c-]->5([Si](C)(C)[c-]->62c->7(C)c->8c->94c(C)cc(C)cc->%1042)c->%113c1
FOLGUL,,C38 H35 Ir1 N7 1+,1.0,CCN1C=CN2CCn3n[n+](C)c(-c4ccccc4)[c]3->[Ir+2]34(<-[C]12)(<-[c-]1ccccc1-c1ccccn->31)<-[c-]1ccccc1-c1ccccn->41,CCN1C=CN2CCn3n[n+](C)c(-c4ccccc4)[c-]3->[Ir+3]34(<-[C]12)(<-[c-]1ccccc1-c1ccccn->31)<-[c-]1ccccc1-c1ccccn->41,CCN1C=CN2CCn3n[n+](C)c(-c4ccccc4)[c-]3->[Ir+3]34(<-[C]12)(<-[c-]1ccccc1-c1ccccn->31)<-[c-]1ccccc1-c1ccccn->41
FOMMAV,[O-]S#N->[Ti+4]12345678(<-N#S[O-])(<-c9c->1c->2[cH-]->3c->49)<-c1c->5c->6[cH-]->7c->81,C10 H10 N2 O2 S2 Ti1,0.0,O=S=[N-]->[Ti+4]12345678(<-[N-]=S=O)(<-c9c->1c->2[cH-]->3c->49)<-c1c->5c->6[cH-]->7c->81,[O-]S#N->[Ti+4]12345678(<-N#S[O-])(<-c9c->1c->2[cH-]->3c->49)<-c1c->5c->6[cH-]->7c->81,[O-]S#N->[Ti+4]12345678(<-N#S[O-])(<-c9c->1c->2[cH-]->3c->49)<-c1c->5c->6[cH-]->7c->81
FONJAT,CC(C)(C)C12->[V+5]3456789(<-[O-]C->3=1[C@]1(C(C)(C)C)P2[C@@]([P-2]->4)(C(C)(C)C)[P-]->51)<-c1(C)c->6(C)c->7(C)[c-]->8(C)c->91C,C26 H42 O1 P3 V1,0.0,CC(C)(C)C12P3C4(C(C)(C)C)->[V+]56789(<-[C-]#[O+])(<-P=41)(<-P2=C->53C(C)(C)C)<-c1(C)c->6(C)c->7(C)[c-]->8(C)c->91C,CC(C)(C)C12P3C4(C(C)(C)C)->[V+]56789(<-[C-]#[O+])(<-P=41)(<-P2=C->53C(C)(C)C)<-c1(C)c->6(C)c->7(C)[c-]->8(C)c->91C,CC(C)(C)C12P3C4(C(C)(C)C)[P-]1->[V+3]156789(<-O=C->14C3(C(C)(C)C)[P-]->52)<-c1(C)c->6(C)c->7(C)[c-]->8(C)c->91C
FONPOO,Cc1cc(C)c23->[Zr+4]456789%10%11(<-[Cl-])(<-[Cl-])<-c2c->4(C)[c-]->5([Si](C)(C)[c-]->62c->7(C)c->8c->94c(C)cc(C)cc->%1042)c->%113c1,C26 H30 Cl2 Si1 Zr1,0.0,Cc1cc(C)c23->[Zr+4]456789%10%11(<-[Cl-])(<-[Cl-])<-[cH-]2c->4(C)c->5([Si](C)(C)c->62c->7(C)[cH-]->8c->94c(C)cc(C)cc->%1024)c->%113c1,Cc1cc(C)c23->[Zr+4]456789%10%11(<-[Cl-])(<-[Cl-])<-c2c->4(C)[c-]->5([Si](C)(C)[c-]->62c->7(C)c->8c->94c(C)cc(C)cc->%1042)c->%113c1,Cc1cc(C)c23->[Zr+4]456789%10%11(<-[Cl-])(<-[Cl-])<-c2c->4(C)[c-]->5([Si](C)(C)[c-]->62c->7(C)c->8c->94c(C)cc(C)cc->%1042)c->%113c1
FOPNEG,,C23 H16 Cl2 F2 N2 Pt1,0.0,Cc1ccc2-c3ccccn3->[Pt+4]3(<-[Cl-])(<-[Cl-])(<-[c-]2c1)<-[c-]1cc(F)cc(F)c1-c1ccccn->31,Cc1ccc2-c3ccccn3->[Pt+4]3(<-[Cl-])(<-[Cl-])(<-[c-]2c1)<-[c-]1cc(F)cc(F)c1-c1ccccn->31,Cc1ccc2-c3ccccn3->[Pt+4]3(<-[Cl-])(<-[Cl-])(<-[c-]2c1)<-[c-]1cc(F)cc(F)c1-c1ccccn->31
FOPWAJ,OCCN(CCO)C(=S)[S-]->[Hg+2]<-[S-]C(=S)N(CCO)CCO,C10 H20 Hg1 N2 O4 S4,0.0,fail,OCCN(CCO)C(=S)[S-]->[Hg+2]<-[S-]C(=S)N(CCO)CCO,OCCN(CCO)C1=S->[Hg+2]2(<-S=C([S-]->2)N(CCO)CCO)<-[S-]1
FOQQEH,COc1ccc([N-](->[Hg+2]<-[N-](c2ccc(OC)nn2)S(=O)(=O)c2ccc(N)cc2)S(=O)(=O)c2ccc(N)cc2)nn1,C22 H22 Hg1 N8 O6 S2,0.0,COc1ccc([N-](->[Hg+2]<-[N-](c2ccc(OC)nn2)S(=O)(=O)c2ccc(N)cc2)S(=O)(=O)c2ccc(N)cc2)nn1,COc1ccc([N-](->[Hg+2]<-[N-](c2ccc(OC)nn2)S(=O)(=O)c2ccc(N)cc2)S(=O)(=O)c2ccc(N)cc2)nn1,COc1ccc(N2=S(=O)([O-]->[Hg+2]<-23<-O=S(=O)(c2ccc(N)cc2)[N-]->3c2ccc(OC)nn2)c2ccc(N)cc2)nn1
FORNAC,Cc1cccc(C)c1N[C](Nc1c(C)cccc1C)->[Pd@OH17+2](<-[Br-])(<-[Br-])<-[C]1N(C(C)C)c2ccccc2N1C(C)C,C30 H38 Br2 N4 Pd1,0.0,Cc1cccc(C)c1N[C](Nc1c(C)cccc1C)->[Pd+2](<-[Br-])(<-[Br-])<-[C]1N(C(C)C)c2ccccc2N1C(C)C,Cc1cccc(C)c1N[C](Nc1c(C)cccc1C)->[Pd+2](<-[Br-])(<-[Br-])<-[C]1N(C(C)C)c2ccccc2N1C(C)C,Cc1cccc(C)c1N[C](Nc1c(C)cccc1C)->[Pd+2](<-[Br-])(<-[Br-])<-[C]1N(C(C)C)c2ccccc2N1C(C)C
FORZER,Cc1cc(C)n([BH-]2n3c(C)cc(C)[n+]3[P-](->[Fe](<-[C-]#[O+])(<-[C-]#[O+])(<-[C-]#[O+])<-[C-]#[O+])n3c(C)cc(C)[n+]32)n1,C19 H22 B1 Fe1 N6 O4 P1,0.0,Cc1cc(C)n([BH-]2n3c(C)cc(C)[n+]3[P-](->[Fe](<-[C-]#[O+])(<-[C-]#[O+])(<-[C-]#[O+])<-[C-]#[O+])[n+]3c(C)cc(C)n32)n1,CC1=C[C-](C)N2[BH-](n3nc(C)cc3C)[n+]3c(C)cc(C)n3[P-](->[Fe+2](<-[C-]#[O+])(<-[C-]#[O+])(<-[C-]#[O+])<-[C-]#[O+])N12,CC1=C[C-](C)N2[BH-](n3nc(C)cc3C)[n+]3c(C)cc(C)n3[P-](->[Fe+2](<-[C-]#[O+])(<-[C-]#[O+])(<-[C-]#[O+])<-[C-]#[O+])N12
FOSTUF,CCOC(=O)C1(C(=O)OCC)CC23->[Co+3]456789(<-c%10c->4c->5[cH-]->6c->7%10)<-[CH-]4C(=O)[C@]5(CCC[C@H]5C(=O)[C@]4(C)C->8=2C)[C-]->93C1,C28 H33 Co1 O6,0.0,fail,CCOC(=O)C1(C(=O)OCC)CC23->[Co+3]456789(<-c%10c->4c->5[cH-]->6c->7%10)<-[CH-]4C(=O)C25CCCC5C(=O)C4(C)[C-]->8(C)C->9=3C1,CCOC(=O)C1(C(=O)OCC)CC23->[Co+3]456789(<-c%10c->4c->5[cH-]->6c->7%10)<-[CH-]4C(=O)C25CCCC5C(=O)C4(C)[C-]->8(C)C->9=3C1
FOTMOS,,C24 H18 Br2 Hg1 N4,0.0,[Br-]->[Hg+2]12(<-[Br-])<-N(N=C(c3ccccc3)c3ccccn->13)=C(c1ccccc1)c1ccccn->21,[Br-]->[Hg+2]1(<-[Br-])<-N(N=C(c2ccccc2)c2ccccn2)=C(c2ccccc2)c2ccccn->12,[Br-]->[Hg+2]<-[Br-].c1ccc(C(=NN=C(c2ccccc2)c2ccccn2)c2ccccn2)cc1
FOVFIH,C[N-](c1ccccc1[P+]([S-])(c1ccccc1)c1ccccc1)->[Hf+4](<-[CH2-]c1ccccc1)(<-[CH2-]c1ccccc1)<-[CH2-]c1ccccc1,C40 H38 Hf1 N1 P1 S1,0.0,C[N-]1c2ccccc2P(=S->[Hf+4]<-1(<-[CH2-]c1ccccc1)(<-[CH2-]c1ccccc1)<-[CH2-]c1ccccc1)(c1ccccc1)c1ccccc1,C[N-]1c2ccccc2[P+]([S-]->[Hf+4]<-1(<-[CH2-]c1ccccc1)(<-[CH2-]c1ccccc1)<-[CH2-]c1ccccc1)(c1ccccc1)c1ccccc1,C[N-]1c2ccccc2[P+]([S-]->[Hf+4]<-1(<-[CH2-]c1ccccc1)(<-[CH2-]c1ccccc1)<-[CH2-]c1ccccc1)(c1ccccc1)c1ccccc1
FOWWOD,CS(C)([O-])#N->[W+6](<-[F-])(<-[F-])(<-[F-])(<-[F-])<-[F-],C2 H6 F5 N1 O1 S1 W1,0.0,fail,CS(C)([O-])#N->[W+6](<-[F-])(<-[F-])(<-[F-])(<-[F-])<-[F-],CS(C)([O-])#N->[W+6](<-[F-])(<-[F-])(<-[F-])(<-[F-])<-[F-]
FOYCAX,,C18 H31 Cl1 Hf1 O2 P2,0.0,Cc12->[Hf+2]3456(<-[Cl-])(<-[C-]#[O+])(<-[C-]#[O+])(<-c1(C)c->3(C)[c-]->4(C)c->52C)<-P(C)(C)CCP->6(C)C,Cc12->[Hf+2]3456(<-[Cl-])(<-[C-]#[O+])(<-[C-]#[O+])(<-c1(C)c->3(C)[c-]->4(C)c->52C)<-P(C)(C)CCP->6(C)C,Cc12->[Hf+2]3456(<-[Cl-])(<-[C-]#[O+])(<-[C-]#[O+])(<-c1(C)c->3(C)[c-]->4(C)c->52C)<-P(C)(C)CCP->6(C)C
FOYRUI,Cc1c2ccccc2n2-c3ncccn3->[Mn+](<-[C-]#[O+])(<-[C-]#[O+])(<-[C-]#[O+])(<-[C-]#[O+])<-[c-]12,C17 H10 Mn1 N3 O4,0.0,Cc1c2ccccc2n2-c3ncccn3->[Mn](<-[C-]#[O+])(<-[C-]#[O+])(<-[C-]#[O+])(<-[C-]#[O+])<-[c]12,Cc1c2ccccc2n2-c3ncccn3->[Mn+](<-[C-]#[O+])(<-[C-]#[O+])(<-[C-]#[O+])(<-[C-]#[O+])<-[c-]12,Cc1c2ccccc2n2-c3ncccn3->[Mn+]3(<-[C-]#[O+])(<-[C-]#[O+])(<-[C-]#[O+])<-[C-](=O)c->312
FOZXOH,,C15 H13 O1 W1 1+,1.0,[O+]#[C-]->[WH+3]12345678(<-c9c->1c->2[cH-]->3c->49)<-c1[cH-]->5c->6c->72ccccc->812,[O+]#[C-]->[WH+3]12345678(<-c9c->1c->2[cH-]->3c->49)<-c1c->5c->62ccccc->72[cH-]->81,[O+]#[C-]->[WH+3]12345678(<-c9c->1c->2[cH-]->3c->49)<-c1c->5c->62ccccc->72[cH-]->81
FUBRUQ,,C16 H14 I4 N4 Pt1,0.0,[CH3-]->[Pt+3]12(<-[I-])(<-I[IH]I)<-[CH-](n3ccc4cccn->1c43)n1ccc3cccn->2c31,II.[CH3-]->[Pt+4]12(<-[I-])(<-[I-])<-[CH-](n3ccc4cccn->1c43)n1ccc3cccn->2c31,II.[CH3-]->[Pt+4]12(<-[I-])(<-[I-])<-[CH-](n3ccc4cccn->1c43)n1ccc3cccn->2c31
FUDLIA,[O+]#[C-]->[Ru+2]1(<-[Cl-])(<-[Cl-])(<-[C-]#[O+])<-N(=N\c2ccccn->12)/c1ccccc1,C13 H9 Cl2 N3 O2 Ru1,0.0,[O+]#[C-]->[Ru+2]1(<-[Cl-])(<-[Cl-])(<-[C-]#[O+])<-N(=Nc2ccccn->12)c1ccccc1,[O+]#[C-]->[Ru+4]1(<-[Cl-])(<-[Cl-])(<-[C-]#[O+])<-[N-](N=c2cccc[n-]->12)c1ccccc1,[O+]#[C-]->[Ru+4]1(<-[Cl-])(<-[Cl-])(<-[C-]#[O+])<-[N-](N=c2cccc[n-]->12)c1ccccc1
FUFHOD,CC(C)(C)/N1=C2/C3=N(/C(C)(C)C)->[Ni]<-2<-3<-1456<-C(/C->4=N->5/C(C)(C)C)=N->6\C(C)(C)C,C20 H40 N4 Ni1,0.0,CC(C)(C)N1=CC=N(C(C)(C)C)->[Ni]<-12<-N(=CC=N->2C(C)(C)C)C(C)(C)C,CC(C)(C)N1=CC=N(C(C)(C)C)->[Ni]<-12<-N(=CC=N->2C(C)(C)C)C(C)(C)C,CC(C)(C)N1=CC=N(C(C)(C)C)->[Ni]<-12<-N(=CC=N->2C(C)(C)C)C(C)(C)C
FUGHUK,,C10 H12 Br1 Mo1 N3 O2,0.0,fail,CC1=N->[Mo+2]23(<-[Br-])(<-[C-]#[O+])(<-[C-]#[O+])(<-C=C->2[CH2-]->3)<-n2cccn21,CC1=N->[Mo+2]23(<-[Br-])(<-[C-]#[O+])(<-C=C->2C[C-]->3=O)<-n2cccn21
FUHVIN,C[P+](C)(C)C1(F)[C-]2(F)->[Fe+2]3(<-[C-]#[O+])(<-[C-]#[O+])(<-[C-]#[O+])<-[C+](F)([C+](F)[C-]2F)[C-](F)[C-](F)[C-]->31F,C14 H9 F8 Fe1 O3 P1,0.0,C[P+](C)(C)C1(F)[C-]2(F)->[Fe+2]3(<-[C-]#[O+])(<-[C-]#[O+])(<-[C-]#[O+])<-[C-](F)(C(F)=C2F)C(F)=C(F)[C-]->31F,C[P+](C)(C)C1(F)C2(F)->[Fe]3(<-[C-]#[O+])(<-[C-]#[O+])(<-[C-]#[O+])<-C(F)(=C(F)C=2F)C(F)=C(F)[C-]->31F,C[P+](C)(C)C1(F)C2(F)->[Fe]3(<-[C-]#[O+])(<-[C-]#[O+])(<-[C-]#[O+])<-C(F)(=C(F)C=2F)C(F)=C(F)[C-]->31F
FUJQOQ,Nc1ccccc1N->[Ni+2](<-[Cl-])(<-[Cl-])<-Nc1ccccc1N,C12 H16 Cl2 N4 Ni1,0.0,[Cl-]->[Ni+2]12(<-[Cl-])(<-Nc3ccccc3N->1)<-Nc1ccccc1N->2,[Cl-]->[Ni+2]12(<-[Cl-])(<-Nc3ccccc3N->1)<-Nc1ccccc1N->2,Nc1ccccc1N->[Ni+2](<-[Cl-])(<-[Cl-])<-Nc1ccccc1N
FUMNIK,,C16 H42 Cl1 Re1 Si4,0.0,C[Si](C)(C)[C-3]->[Re+7](<-[Cl-])(<-[CH2-][Si](C)(C)C)(<-[CH2-][Si](C)(C)C)<-[CH2-][Si](C)(C)C,C[Si](C)(C)[C-3]->[Re+7](<-[Cl-])(<-[CH2-][Si](C)(C)C)(<-[CH2-][Si](C)(C)C)<-[CH2-][Si](C)(C)C,C[Si](C)(C)[C-3]->[Re+7](<-[Cl-])(<-[CH2-][Si](C)(C)C)(<-[CH2-][Si](C)(C)C)<-[CH2-][Si](C)(C)C
FUNPIO,[CH3-]->[Pd@+2]1(<-[Cl-])<-n2cccc3cccc(N->14Cc1ccc5ccccc5c1-c1c(ccc5ccccc15)C4)c32,C32 H25 Cl1 N2 Pd1,0.0,[CH3-]->[Pd+2]1(<-[Cl-])<-n2cccc3cccc(N->14Cc1ccc5ccccc5c1-c1c(ccc5ccccc15)C4)c32,[CH3-]->[Pd+2]1(<-[Cl-])<-n2cccc3cccc(N->14Cc1ccc5ccccc5c1-c1c(ccc5ccccc15)C4)c32,[CH3-]->[Pd+2]1(<-[Cl-])<-n2cccc3cccc(N->14Cc1ccc5ccccc5c1-c1c(ccc5ccccc15)C4)c32
FUPMOS,Fc1c(F)c(F)[c-](->[Ag+]<-C=P(c2ccccc2)(c2ccccc2)c2ccccc2)c(F)c1F,C25 H17 Ag1 F5 P1,0.0,Fc1c(F)c(F)[c-](->[Ag+2]<-[CH2-][P](c2ccccc2)(c2ccccc2)c2ccccc2)c(F)c1F,Fc1c(F)c(F)[c-](->[Ag+]<-C=P(c2ccccc2)(c2ccccc2)c2ccccc2)c(F)c1F,Fc1c(F)c(F)[c-](->[Ag+]<-C=P(c2ccccc2)(c2ccccc2)c2ccccc2)c(F)c1F
FUQNUC,CCOC(=O)C12->[Fe]34(<-[C-]#[O+])(<-[C-]#[O+])(<-[C-]#[O+])<-C(=C->3[C@@H](O)[C@H]1P(=O)(OC)OC)C->4=2,C14 H17 Fe1 O9 P1,0.0,fail,CCOC(=O)[C-]12->[Fe+2]34(<-[C-]#[O+])(<-[C-]#[O+])(<-[C-]#[O+])<-C(=C->31)[CH-]->4C(O)C2P(=O)(OC)OC,CCOC(=O)[C-]12->[Fe+2]34(<-[C-]#[O+])(<-[C-]#[O+])(<-[C-]#[O+])<-C(=C->31)[CH-]->4C(O)C2P(=O)(OC)OC
FURCUR,,C34 H47 N3 Ti1,0.0,Cc1cc(C)cc([N-]2C3=N(->[Ti+4]<-24567(<-[N-2]c2c(C(C)C)cccc2C(C)C)<-c2(C)c->4(C)c->5(C)[c-]->6(C)c->72C)CCC3)c1,Cc1cc(C)cc(N2=C34->[Ti+4]<-25678(<-[N-2]c2c(C(C)C)cccc2C(C)C)(<-[N-]3CCC4)<-c2(C)c->5(C)c->6(C)[c-]->7(C)c->82C)c1,Cc1cc(C)cc(N2=C3CCC[N-]3->[Ti+4]<-23456(<-[N-2]c2c(C(C)C)cccc2C(C)C)<-c2(C)c->3(C)c->4(C)[c-]->5(C)c->62C)c1
FURROZ,,C7 H4 Fe1 O3,0.0,[O+]#[C-]->[Fe]123(<-[C-]#[O+])(<-[C-]#[O+])<-C4=C->1C->2=C->34,[O+]#[C-]->[Fe+2]123(<-[C-]#[O+])(<-[C-]#[O+])<-[cH+]4[cH-]->1[cH-]->2[cH-]->34,[O+]#[C-]->[Fe+2]123(<-[C-]#[O+])(<-[C-]#[O+])<-[cH+]4[cH-]->1[cH-]->2[cH-]->34
FUTRAN,N/C1=N/N(=C\c2ccco2)->[Ni+2]2(<-[S-]1)<-[S-]/C(N)=N\N->2=C/c1ccco1,C12 H14 N6 Ni1 O2 S2,0.0,NC1NN(=Cc2ccco2)->[Ni]2(<-S=1)<-S=C(N)NN->2=Cc1ccco1,NC1=NN(=Cc2ccco2)->[Ni+2]2(<-[S-]1)<-[S-]C(N)=NN->2=Cc1ccco1,NC1=NN(=Cc2ccco2)->[Ni+2]2(<-[S-]1)<-[S-]C(N)=NN->2=Cc1ccco1
FUVMOZ,CN1c2ccccc2N(c2c([P+](C)(c3ccccc3)c3ccccc3)ccc3ccccc23)[C]1->[Pd+2]12(<-[Cl-])<-C=C->1[CH2-]->2,C34 H31 Cl1 N2 P1 Pd1 1+,1.0,fail,C[n+]1c2ccccc2n(-[c-]2c(=P(C)(c3ccccc3)c3ccccc3)ccc3ccccc32)[c-]1->[Pd+4]12(<-[Cl-])<-C=C->1[CH2-]->2,C[n+]1c2ccccc2n(-[c-]2c(=P(C)(c3ccccc3)c3ccccc3)ccc3ccccc32)[c-]1->[Pd+4]12(<-[Cl-])<-C=C->1[CH2-]->2
FUWZII,,C23 H38 Cl2 N2 S2 Si1 Ti1,0.0,CCSCCN(CCSCC)c12->[Ti+4]3456(<-[Cl-])(<-[Cl-])<-[cH-]1c->3([Si](C)(C)[N-]->4C(C)(C)C)c->51ccccc->621,CCSCCN(CCSCC)c12->[Ti+4]3456(<-[Cl-])(<-[Cl-])<-c1c->3([Si](C)(C)[N-]->4C(C)(C)C)[c-]->51ccccc->621,CCSCCN(CCSCC)c12->[Ti+4]3456(<-[Cl-])(<-[Cl-])<-c1c->3([Si](C)(C)[N-]->4C(C)(C)C)[c-]->51ccccc->621
FUYQOH,,C18 H23 B1 Mo1 O2 S1,0.0,Cc12->[Mo+2]3456(<-[H][BH2-]S->3c3ccccc3)(<-[C-]#[O+])(<-[C-]#[O+])<-c1(C)c->4(C)[c-]->5(C)c->62C,BS(c1ccccc1)->[MoH+]1234(<-[C-]#[O+])(<-[C-]#[O+])<-c5(C)c->1(C)c->2(C)[c-]->3(C)c->45C,Cc12->[MoH+]3456(<-BS->3c3ccccc3)(<-[C-]#[O+])(<-[C-]#[O+])<-c1(C)c->4(C)[c-]->5(C)c->62C
FUZFIQ,,C22 H20 N2 Ni1 O7,0.0,O=C([O-])c1cc2ccccc2cc1C(=O)[O-]->[Ni+2]1(<-O)(<-O)(<-O)<-n2ccccc2-c2ccccn->12,O=C([O-])c1cc2ccccc2cc1C(=O)[O-]->[Ni+2]1(<-O)(<-O)(<-O)<-n2ccccc2-c2ccccn->12,O.O=C([O-])c1cc2ccccc2cc1C(=O)[O-]->[Ni+2]1(<-O)(<-O)<-n2ccccc2-c2ccccn->12
GABBUH,CS(C)(=O)->[Pt+2]1(<-[O-]/N=C(\[O-]->1)c1ccccc1O)<-S(C)(C)=O,C11 H17 N1 O5 Pt1 S2,0.0,CS(C)(=O)->[Pt+2]1(<-[O-]N=C([O-]->1)c1ccccc1O)<-S(C)(C)=O,CS(C)(=O)->[Pt+2]1(<-[O-]N=C([O-]->1)c1ccccc1O)<-S(C)(C)=O,CS(C)(=O)->[Pt+2]1(<-[O-]N=C([O-]->1)c1ccccc1O)<-S(C)(C)=O
GABREI,Cc1cn2->[Ru+2]34(<-N(=O)[O-])(<-n5ccccc5-c5cccc(-c6ccccn->36)n->45)<-n3cc(C)c(C)c4ccc(c1C)c2c43,C31 H27 N6 O2 Ru1 1+,1.0,Cc1cn2->[Ru]34(<-n5ccccc5-c5cccc(-c6ccccn->36)n->45)(<-n3cc(C)c(C)c4ccc(c1C)c2c43)<-[N+](=O)=O,Cc1cn2->[Ru+2]34(<-N(=O)[O-])(<-n5ccccc5-c5cccc(-c6ccccn->36)n->45)<-n3cc(C)c(C)c4ccc(c1C)c2c43,Cc1cn2->[Ru+2]34(<-N(=O)[O-])(<-n5ccccc5-c5cccc(-c6ccccn->36)n->45)<-n3cc(C)c(C)c4ccc(c1C)c2c43
GACCAQ,CC1=C([O-])N(c2c(C)cc(C)cc2C)[C](->[Rh+](<-[Cl-])(<-[C-]#[O+])<-[C-]#[O+])N(c2c(C)cc(C)cc2C)C1=O,C25 H25 Cl1 N2 O4 Rh1 1-,-1.0,Cc1cc(C)c(N2C(=O)[C-](C)C(=O)N(c3c(C)cc(C)cc3C)[C]2->[Rh+](<-[Cl-])(<-[C-]#[O+])<-[C-]#[O+])c(C)c1,CC1=C([O-])N(c2c(C)cc(C)cc2C)[C](->[Rh+](<-[Cl-])(<-[C-]#[O+])<-[C-]#[O+])N(c2c(C)cc(C)cc2C)C1=O,CC1=C([O-])N(c2c(C)cc(C)cc2C)[C](->[Rh+](<-[Cl-])(<-[C-]#[O+])<-[C-]#[O+])N(c2c(C)cc(C)cc2C)C1=O
GACSAE,C1=CC2=O->[Os+2]34(<-[O-]/C=C\2C=C1)(<-n1ccccc1-c1ccccn->31)<-n1ccccc1-c1ccccn->41,C27 H21 N4 O2 Os1 1+,1.0,C1=O->[Os+2]23(<-[O-]c4ccccc41)(<-n1ccccc1-c1ccccn->21)<-n1ccccc1-c1ccccn->31,C1=CC2=C[O-]->[Os+2]34(<-O=C2C=C1)(<-n1ccccc1-c1ccccn->31)<-n1ccccc1-c1ccccn->41,C1=CC2=C[O-]->[Os+2]34(<-O=C2C=C1)(<-n1ccccc1-c1ccccn->31)<-n1ccccc1-c1ccccn->41
GAFHEC,[Br-]->[Ni+2]1(<-[Br-])<-NCCCN->1=C(c1ccccc1)c1ccccc1,C16 H18 Br2 N2 Ni1,0.0,[Br-]->[Ni+2]1(<-[Br-])<-NCCCN->1=C(c1ccccc1)c1ccccc1,[Br-]->[Ni+2]1(<-[Br-])<-NCCCN->1=C(c1ccccc1)c1ccccc1,[Br-]->[Ni+2]1(<-[Br-])<-NCCCN->1=C(c1ccccc1)c1ccccc1
GAGGIE,Cc12->[Zr+4]34567(<-[Cl-])(<-[Cl-])(<-c8c->39ccccc9[b-](-c3ccccc3)c3ccccc->438)<-c1(C)c->5(C)[c-]->6(C)c->72C,C29 H29 B1 Cl2 Zr1,0.0,fail,Cc12->[Zr+4]3456789%10(<-[Cl-])(<-[Cl-])(<-c%11c->3%12ccccc->4%12[b-]->5(-c3ccccc3)c->63ccccc->7%113)<-c1(C)c->8(C)[c-]->9(C)c->%102C,Cc12->[Zr+4]3456789%10(<-[Cl-])(<-[Cl-])(<-c%11c->3%12ccccc->4%12[b-]->5(-c3ccccc3)c->63ccccc->7%113)<-c1(C)c->8(C)[c-]->9(C)c->%102C
GAHQIR,CS(C)(=O)->[Ru+2]123(<-N=C4C=CC=CC4=N->1)<-n1c(-c4nc5ccccc5[n-]->24)cccc1-c1nc2ccccc2[n-]->31,C27 H23 N7 O1 Ru1 S1,0.0,CS(C)(=O)->[Ru+2]123(<-N=C4C=CC=CC4=N->1)<-n1c(-c4nc5ccccc5[n-]->24)cccc1-c1nc2ccccc2[n-]->31,CS(C)(=O)->[Ru+4]123(<-[NH-]c4ccccc4[NH-]->1)<-n1c(-c4nc5ccccc5[n-]->24)cccc1-c1nc2ccccc2[n-]->31,CS(C)(=O)->[Ru+4]123(<-[NH-]c4ccccc4[NH-]->1)<-n1c(-c4nc5ccccc5[n-]->24)cccc1-c1nc2ccccc2[n-]->31
GAJGUV,CC(C)P1(c2ccccc2B2(c3ccccc3)c3ccccc3P(C(C)C)(C(C)C)->[Cu+]<-2<-1<-[Cl-])C(C)C,C30 H41 B1 Cl1 Cu1 P2,0.0,CC(C)P1(c2ccccc2B23c4ccccc4P(C(C)C)(C(C)C)->[Cu+]<-2<-1(<-[Cl-])<-c31ccccc1)C(C)C,CC(C)P1(c2ccccc2B2(c3ccccc3)c3ccccc3P(C(C)C)(C(C)C)->[Cu+]<-2<-1<-[Cl-])C(C)C,CC(C)P1(c2ccccc2B(c2ccccc2)c2ccccc2P(C(C)C)(C(C)C)->[Cu+]<-1<-[Cl-])C(C)C
GAJQOY,CCCN1C=C(c2ccccc2)N2[C@H]3CCCC[C@@H]3/N(=C/c3ccccc3)->[Pd+2](<-[Cl-])(<-[Cl-])<-[C]12,C25 H29 Cl2 N3 Pd1,0.0,CCCN1C=C(c2ccccc2)N2C3CCCCC3N(=Cc3ccccc3)->[Pd+2](<-[Cl-])(<-[Cl-])<-[C]12,CCCN1C=C(c2ccccc2)N2C3CCCCC3N(=Cc3ccccc3)->[Pd+2](<-[Cl-])(<-[Cl-])<-[C]12,CCCN1C=C(c2ccccc2)N2C3CCCCC3N(=Cc3ccccc3)->[Pd+2](<-[Cl-])(<-[Cl-])<-[C]12
GAKSET,C[Si](C)(C)C1=P([S-]->[Pd@@+2]<-1(<-[Cl-])<-P(c1ccccc1)(c1ccccc1)c1ccccc1)(c1ccccc1)c1ccccc1,C34 H35 Cl1 P2 Pd1 S1 Si1,0.0,C[Si](C)(C)[CH-]1P(=S->[Pd+2]<-1(<-[Cl-])<-P(c1ccccc1)(c1ccccc1)c1ccccc1)(c1ccccc1)c1ccccc1,C[Si](C)(C)C1=P([S-]->[Pd+2]<-1(<-[Cl-])<-P(c1ccccc1)(c1ccccc1)c1ccccc1)(c1ccccc1)c1ccccc1,C[Si](C)(C)C1=P([S-]->[Pd+2]<-1(<-[Cl-])<-P(c1ccccc1)(c1ccccc1)c1ccccc1)(c1ccccc1)c1ccccc1
GALLIR,Cc1cccc(C)c1[N+]#[C-]->[Pd+2](<-[Cl-])(<-[Cl-])<-[C](Nc1ccccc1O)Nc1c(C)cccc1C,C24 H25 Cl2 N3 O1 Pd1,0.0,Cc1cccc(C)c1[N+]#[C-]->[Pd+2](<-[Cl-])(<-[Cl-])<-[C](Nc1ccccc1O)Nc1c(C)cccc1C,Cc1cccc(C)c1[N+]#[C-]->[Pd+2](<-[Cl-])(<-[Cl-])<-[C](Nc1ccccc1O)Nc1c(C)cccc1C,Cc1cccc(C)c1[N+]#[C-]->[Pd+2](<-[Cl-])(<-[Cl-])<-[C](Nc1ccccc1O)Nc1c(C)cccc1C
GAMHOU,CC(C)c1cccc(C(C)C)c1N1Cc2cccc3cccc(c23)CN(c2c(C(C)C)cccc2C(C)C)[C]1->[Cu+]<-[Br-],C37 H44 Br1 Cu1 N2,0.0,CC(C)c1cccc(C(C)C)c1N1Cc2cccc3cccc(c23)CN(c2c(C(C)C)cccc2C(C)C)[C]1->[Cu+]<-[Br-],CC(C)c1cccc(C(C)C)c1N1Cc2cccc3cccc(c23)CN(c2c(C(C)C)cccc2C(C)C)[C]1->[Cu+]<-[Br-],CC(C)c1cccc(C(C)C)c1N1Cc2cccc3cccc(c23)CN(c2c(C(C)C)cccc2C(C)C)[C]1->[Cu+]<-[Br-]
GAMTAP,,C44 H30 Cl1 Co1 N4 O1,0.0,O->[Co+3]123(<-[Cl-])<-n4c5c(-c6ccccc6)c6ccc(c(-c7ccccc7)c7n->1c(c(-c1ccccc1)c1ccc(c(-c8ccccc8)c4C=C5)[n-]->21)C=C7)[n-]->36,O->[Co+3]123(<-[Cl-])<-n4c5c(-c6ccccc6)c6ccc(c(-c7ccccc7)c7n->1c(c(-c1ccccc1)c1ccc(c(-c8ccccc8)c4C=C5)[n-]->21)C=C7)[n-]->36,O->[Co+3]123(<-[Cl-])<-n4c5c(-c6ccccc6)c6ccc(c(-c7ccccc7)c7n->1c(c(-c1ccccc1)c1ccc(c(-c8ccccc8)c4C=C5)[n-]->21)C=C7)[n-]->36
GANLUD,C[Si](C)=N(c1ccccc1F)->[Ti+4]12(<-N(c3ccccc3F)=[Si](C)C)(<-N(c3ccccc3F)=[Si](C)C)<-[N-]3CC[N-]->1CC[N-]->2CC3,C30 H42 F3 N6 Si3 Ti1 1+,1.0,C[Si]1(C)[N-](c2ccccc2F)->[Ti+4]2345<-[N-](c6ccccc6F)[Si](C)(C)N->26CCN->31CCN->4([Si](C)(C)[N-]->5c1ccccc1F)CC6,C[Si]1(C)[N-](c2ccccc2F)->[Ti+4]2345<-[N-](c6ccccc6F)[Si](C)(C)N->26CCN->31CCN->4([Si](C)(C)[N-]->5c1ccccc1F)CC6,C[Si]1(C)[N-](c2ccccc2F)->[Ti+4]2345<-[N-](c6ccccc6F)[Si](C)(C)N->26CCN->31CCN->4([Si](C)(C)[N-]->5c1ccccc1F)CC6
GANWEX,,C22 H31 Cl1 N2 O2 Pt1,0.0,C[C-](=O)->[PtH+3]1(<-[Cl-])(<-[C-](C)=O)<-n2ccc(C(C)(C)C)cc2-c2cc(C(C)(C)C)ccn->12,C[C-](=O)->[PtH+3]1(<-[Cl-])(<-[C-](C)=O)<-n2ccc(C(C)(C)C)cc2-c2cc(C(C)(C)C)ccn->12,C[C-](=O)->[PtH+3]1(<-[Cl-])(<-[C-](C)=O)<-n2ccc(C(C)(C)C)cc2-c2cc(C(C)(C)C)ccn->12
GAPZOM,,C30 H39 N1 O2 P1 Ru1 1+,1.0,CC#N->[RuH+]12345(<-c6(C)c->1(C)c->2(C)c->3(C)c->4(C)c->56C)<-P(CC1OCCO1)(c1ccccc1)c1ccccc1,CC#N->[RuH+]12345(<-c6(C)c->1(C)c->2(C)c->3(C)c->4(C)c->56C)<-P(CC1OCCO1)(c1ccccc1)c1ccccc1,CC#N->[RuH+]12345(<-c6(C)c->1(C)c->2(C)c->3(C)c->4(C)c->56C)<-P(CC1OCCO1)(c1ccccc1)c1ccccc1
GAQSIA,Cc12->[Mo+4]34567(<-N)(<-[NH-][C+]8[CH+][CH+][CH-][CH-][C+]8[N-]->3[C-]3[CH+][CH-][CH+][CH-][C-]3[O-]->4)<-c1(C)c->5(C)[c-]->6(C)c->72C,C22 H27 Mo1 N3 O1,0.0,Cc12->[Mo+4]34567(<-N)(<-[NH-]c8ccccc8[N-]->3c3ccccc3[O-]->4)<-c1(C)c->5(C)[c-]->6(C)c->72C,Cc12->[Mo+4]34567(<-N)(<-[NH-]c8ccccc8[N-]->3c3ccccc3[O-]->4)<-c1(C)c->5(C)[c-]->6(C)c->72C,Cc12->[Mo+4]34567(<-N)(<-[NH-]c8ccccc8[N-]->3c3ccccc3[O-]->4)<-c1(C)c->5(C)[c-]->6(C)c->72C
GARQUM,Cn1ccn(->[Zn+2](<-[N-]=C=O)(<-[N-]=C=O)<-n2ccn(C)c2/N=N/c2ccccc2)c1/N=N/c1ccccc1,C22 H20 N10 O2 Zn1,0.0,Cn1ccn(->[Zn+2](<-[N-]=C=O)(<-[N-]=C=O)<-n2ccn(C)c2N=Nc2ccccc2)c1N=Nc1ccccc1,Cn1ccn(->[Zn+2](<-[N-]=C=O)(<-[N-]=C=O)<-n2ccn(C)c2N=Nc2ccccc2)c1N=Nc1ccccc1,Cn1cc[n-]2->[Zn+6]3(<-[N-]=C=O)(<-[N-]=C=O)(<-[N-](N=c12)c1ccccc1)<-[N-](N=c1n(C)cc[n-]->31)c1ccccc1
GASKIW,CC(C)P1(CCP(C(C)C)(C(C)C)->[Pt@OH25+2]<-12<-[CH-]=C(C#N)/C=C\[S-]->2)C(C)C,C19 H35 N1 P2 Pt1 S1,0.0,CC(C)P1(CCP(C(C)C)(C(C)C)->[Pt+2]<-12<-[CH-]=C(C#N)C=C[S-]->2)C(C)C,CC(C)P1(CCP(C(C)C)(C(C)C)->[Pt+2]<-12<-[CH-]=C(C#N)C=C[S-]->2)C(C)C,CC(C)P1(CCP(C(C)C)(C(C)C)->[Pt+2]<-12<-[CH-]=C(C#N)C=C[S-]->2)C(C)C
GATLES,[Cl-]->[Pd+2]1(<-[Cl-])<-S2CCSCCS->1CC2,C6 H12 Cl2 Pd1 S3,0.0,[Cl-]->[Pd+2]1(<-[Cl-])<-S2CCSCCS->1CC2,[Cl-]->[Pd+2]1(<-[Cl-])<-S2CCSCCS->1CC2,[Cl-]->[Pd+2]12(<-[Cl-])<-S3CCS->1CCS->2CC3
GATZOR,,C10 H12 Cd1 N4 O11,0.0,O=C([O-])c1[nH]cn(->[Cd+2](<-O)(<-O)(<-O)<-n2c[nH]c(C(=O)[O-])c2C(=O)O)c1C(=O)O,O=C([O-])c1[nH]cn(->[Cd+2](<-O)(<-O)(<-O)<-n2c[nH]c(C(=O)[O-])c2C(=O)O)c1C(=O)O,O.O.O=C(O)c1[nH]cn2->[Cd+2]3(<-O)(<-[O-]C(=O)c12)<-[O-]C(=O)c1c(C(=O)O)[nH]cn->31
GAVPAV,,C31 H20 N4 O5 S1 Zn1,0.0,fail,O=C([O-]->[Zn+2]12(<-n3cccc4ccc5cccn->1c5c43)<-n1cccc3ccc4cccn->2c4c31)c1cccc(S(=O)(=O)[O-])c1,O=C1[O-]->[Zn]23(<-N4=c5c(ccc6c5=[N+]->2=CC=C6)C(OS(=O)(=O)c2cccc1c2)C=C4)<-n1cccc2ccc4cccn->3c4c21
GAWHIW,COc1cc[n+]([O-]->[Zn+2](<-[Br-])(<-[Br-])<-[O-][n+]2ccc(OC)cc2)cc1,C12 H14 Br2 N2 O4 Zn1,0.0,COc1cc[n+]([O-]->[Zn](<-[Br-])(<-[Br-])<-[O-][n+]2ccc(OC)cc2)cc1,COc1cc[n+]([O-]->[Zn+2](<-[Br-])(<-[Br-])<-[O-][n+]2ccc(OC)cc2)cc1,COc1cc[n+]([O-]->[Zn+2](<-[Br-])(<-[Br-])<-[O-][n+]2ccc(OC)cc2)cc1
GAXDUE,Cc1cccc2-c3cccc(C)[c-]3->[Pt+2]3(<-[S-]c12)<-P(CCP->3(C(C)C)C(C)C)(C(C)C)C(C)C,C28 H44 P2 Pt1 S1,0.0,fail,CC1=CC=CC2=C3C=CC=C(C)[C]3->[Pt]3(<-S=C12)<-P(CCP->3(C(C)C)C(C)C)(C(C)C)C(C)C,CC1=CC=CC2=C3C=CC=C(C)[C]3->[Pt]3(<-S=C12)<-P(CCP->3(C(C)C)C(C)C)(C(C)C)C(C)C
GAYKUO,CS->[Ru+2]1(<-[Cl-])(<-[Cl-])(<-N(C)(C)c2ccccc2P->1(c1ccccc1)c1ccccc1)<-P(c1ccccc1)(c1ccccc1)c1ccccc1,C39 H39 Cl2 N1 P2 Ru1 S1,0.0,CS->[Ru+2]1(<-[Cl-])(<-[Cl-])(<-N(C)(C)c2ccccc2P->1(c1ccccc1)c1ccccc1)<-P(c1ccccc1)(c1ccccc1)c1ccccc1,CS->[Ru+2]1(<-[Cl-])(<-[Cl-])(<-N(C)(C)c2ccccc2P->1(c1ccccc1)c1ccccc1)<-P(c1ccccc1)(c1ccccc1)c1ccccc1,CS->[Ru+2]1(<-[Cl-])(<-[Cl-])(<-N(C)(C)c2ccccc2P->1(c1ccccc1)c1ccccc1)<-P(c1ccccc1)(c1ccccc1)c1ccccc1
GAYVOR,[Cl-]->[Cu+]<-[N-](c1ccccc1)[P+](c1ccccc1)(c1ccccc1)c1ccccc1,C24 H20 Cl1 Cu1 N1 P1,0.0,[Cl-]->[Cu+]<-N(c1ccccc1)=P(c1ccccc1)(c1ccccc1)c1ccccc1,[Cl-]->[Cu+]<-[N-](c1ccccc1)[P+](c1ccccc1)(c1ccccc1)c1ccccc1,[Cl-]->[Cu+]<-[N-](c1ccccc1)[P+](c1ccccc1)(c1ccccc1)c1ccccc1
GAZYIS,,C22 H31 Ir1 N2 O4,0.0,fail,C[CH2-]->[Ir+3]123(<-O=C(C)[O-]->1)<-[c-]1c(C4=N->2C(C)(C)CO4)c(C)cc(C)c1C1=N->3C(C)(C)CO1,C[CH2-]->[Ir+3]1234(<-O=C->1(C)[O-]->2)<-[c-]1c(C2=N->3C(C)(C)CO2)c(C)cc(C)c1C1=N->4C(C)(C)CO1
GECBOH,O=C1c2ccccc2S(=O)(=O)[N-]1->[Ag@SP2+]1<-n2ccccc2Nc2ccccn->12,C17 H13 Ag1 N4 O3 S1,0.0,O=C1c2ccccc2S(=O)(=O)[N-]1->[Ag+]1<-n2ccccc2Nc2ccccn->12,O=C1c2ccccc2S(=O)(=O)[N-]1->[Ag+]1<-n2ccccc2Nc2ccccn->12,O=C1c2ccccc2S23(=O)=O->[Ag+]<-24(<-n2ccccc2Nc2ccccn->42)<-[N-]13
GECSEM,CC1=O->[Mo+4]234567(<-C=C->2[CH2-]->3)(<-C=C->4[CH2-]->5)(<-C=C->6[CH2-]->7)<-[O-]1,C11 H18 Mo1 O2,0.0,fail,CC12=O->[Mo+4]<-1345678(<-C=C->3[CH2-]->4)(<-C=C->5[CH2-]->6)(<-C=C->7[CH2-]->8)<-[O-]2,CC12=O->[Mo+4]<-1345678(<-C=C->3[CH2-]->4)(<-C=C->5[CH2-]->6)(<-C=C->7[CH2-]->8)<-[O-]2
GEDRAI,CCOP([O-])(OCC)->[Fe+2]1234(<-[C-]#[O+])(<-[C-]#[O+])<-c5c->1c->2[cH-]->3c->45,C11 H15 Fe1 O5 P1,0.0,CCO[PH](=O)(OCC)->[Fe+]1234(<-[C-]#[O+])(<-[C-]#[O+])<-c5c->1c->2[cH-]->3c->45,CCOP([O-])(OCC)->[Fe+2]1234(<-[C-]#[O+])(<-[C-]#[O+])<-c5c->1c->2[cH-]->3c->45,CCOP([O-])(OCC)->[Fe+2]1234(<-[C-]#[O+])(<-[C-]#[O+])<-c5c->1c->2[cH-]->3c->45
GEGHEG,COC(=O)[C@@H]1CCCN12Cc1cccc3CN45->[Pd@SP3+2]<-2(<-O=C(OC)[C@@H]4CCC5)<-[c-]13,C20 H27 N2 O4 Pd1 1+,1.0,COC(=O)C1CCCN12Cc1cccc3CN45->[Pd+2]<-2(<-O=C(OC)C4CCC5)<-[c-]13,COC(=O)C1CCCN12Cc1cccc3CN45->[Pd+2]<-2(<-O=C(OC)C4CCC5)<-[c-]13,COC(=O)C1CCCN12Cc1cccc3CN45->[Pd+2]<-2(<-O=C(OC)C4CCC5)<-[c-]13
GEHYIB,,C32 H36 N4 Ni1,0.0,CCCC1=Cc2c3cc(CCC)c4ccc5n6->[Ni+2]7(<-n2c1ccc1c(CCC)cc(c6C=C5CCC)[n-]->71)<-[n-]43,CCCc1cc2[n-]3->[Ni+4]45<-[n-]6c-2cc(CCC)c6C=Cc2c(CCC)cc([n-]->42)-c2cc(CCC)c([n-]->52)C=Cc13,CCCc1cc2[n-]3->[Ni+4]45<-[n-]6c-2cc(CCC)c6C=Cc2c(CCC)cc([n-]->42)-c2cc(CCC)c([n-]->52)C=Cc13
GEKYIE,CC(C)(C)S(=O)(=O)/[C-]1=[C-](\S(=O)(=O)C(C)(C)C)->[Co+3]<-12345(<-[C-]#[O+])<-c1c->2c->3[cH-]->4c->51,C16 H23 Co1 O5 S2,0.0,CC(C)(C)S(=O)(=O)C1#C(S(=O)(=O)C(C)(C)C)->[Co+]<-12345(<-[C-]#[O+])<-c1c->2c->3[cH-]->4c->51,CC(C)(C)S(=O)(=O)C1#C(S(=O)(=O)C(C)(C)C)->[Co+]<-12345(<-[C-]#[O+])<-c1c->2c->3[cH-]->4c->51,CC(C)(C)S(=O)(=O)C1#C(S(=O)(=O)C(C)(C)C)->[Co+]<-12345(<-[C-]#[O+])<-c1c->2c->3[cH-]->4c->51
GELHEN,,C33 H45 N2 P1 Ru1 S2,0.0,fail,CC(C)P(C(C)C)(C(C)C)->[Ru+2]123(<-[C]=Cc4ccccc4)<-[S-]c4ccccc4N->1(C)CCN->2(C)c1ccccc1[S-]->3,CC(C)P(C(C)C)(C(C)C)->[Ru+2]123(<-[C]=Cc4ccccc4)<-[S-]c4ccccc4N->1(C)CCN->2(C)c1ccccc1[S-]->3
GELWAX,CO->[Mo+6]12(<-[O-2])(<-[O-2])<-[O-]/C(=N\N->1=C\c1cc(Cl)ccc1[O-]->2)c1ccc(C)cc1,C16 H15 Cl1 Mo1 N2 O5,0.0,CO->[Mo+6]12(<-[O-2])(<-[O-2])<-[O-]C(=NN->1=Cc1cc(Cl)ccc1[O-]->2)c1ccc(C)cc1,CO->[Mo+6]12(<-[O-2])(<-[O-2])<-[O-]C(=NN->1=Cc1cc(Cl)ccc1[O-]->2)c1ccc(C)cc1,CO.Cc1ccc(C2=NN3->[Mo+6](<-[O-2])(<-[O-2])(<-[O-]2)<-[O-]c2ccc(Cl)cc2C=3)cc1
GENGIQ,,C24 H28 Co1 N5 O4,0.0,CC1C(C)=N(O)->[Co+]2(<-[CH2-]c3ccc4ccccc4c3)(<-N=1[O])(<-N([O])=C(C)C(C)=N->2O)<-n1ccccc1,CC1=C(C)[N-](O)->[Co+3]2(<-[CH2-]c3ccc4ccccc4c3)(<-N1=O)(<-N(=O)C(C)=C(C)[N-]->2O)<-n1ccccc1,CC1=C(C)[N-](O)->[Co+3]2(<-[CH2-]c3ccc4ccccc4c3)(<-N1=O)(<-N(=O)C(C)=C(C)[N-]->2O)<-n1ccccc1
GEPGIT,CCN(CC)C1/N=C(/c2ccccc2)[N-]2c3ccccc3/C(C)=N3/N=C(/NC)[S-]->[Re+5]<-3<-2(<-[N-3])<-S=1,C22 H26 N7 Re1 S2,0.0,CCN(CC)C1N=C(c2ccccc2)[N-]2c3ccccc3C(C)=N3N=C(NC)[S-]->[Re+5]<-3<-2(<-[N-3])<-S=1,CCN(CC)C1N=C(c2ccccc2)[N-]2c3ccccc3C(C)=N3N=C(NC)[S-]->[Re+5]<-3<-2(<-[N-3])<-S=1,CCN(CC)C1N=C(c2ccccc2)[N-]2c3ccccc3C(C)=N3N=C(NC)[S-]->[Re+5]<-3<-2(<-[N-3])<-S=1
GEQNAR,CC(C)c1cc(C(C)(C)C)n2->[Zn+2]3(<-[Cl-])<-O=CO[BH-](n12)n1c(C(C)C)cc(C(C)(C)C)n->31,C21 H36 B1 Cl1 N4 O2 Zn1,0.0,CC(C)c1cc(C(C)(C)C)[n-]2->[Zn+2]3(<-[Cl-])<-O=CO[BH-]([n+]12)[n+]1c(C(C)C)cc(C(C)(C)C)[n-]->31,CC(C)c1cc(C(C)(C)C)n2->[Zn+2]3(<-[Cl-])<-O=CO[BH-](n12)n1c(C(C)C)cc(C(C)(C)C)n->31,CC(C)c1cc(C(C)(C)C)n2->[Zn+2]3(<-[Cl-])<-O=CO[BH-](n12)n1c(C(C)C)cc(C(C)(C)C)n->31
GEQZAE,,C13 H23 I1 Pt1 Se2,0.0,C[Se]1Cc2ccccc2C[Se](C)->[Pt+4]<-1(<-[CH3-])(<-[CH3-])(<-[CH3-])<-[I-],C=c1ccccc1=C.C[Se-]->[Pt+6](<-[CH3-])(<-[CH3-])(<-[CH3-])(<-[I-])<-[Se-]C,C[Se]Cc1ccccc1C[Se]C.[CH3-]->[Pt+4](<-[CH3-])(<-[CH3-])<-[I-]
GERKAR,Cc1cc(C)c(N2C=CN3P(C(C)(C)C)(C(C)(C)C)->[Pd@OH9]4(<-[C]23)<-C2=C->4C(=O)OC2=O)c(C)c1,C24 H33 N2 O3 P1 Pd1,0.0,Cc1cc(C)c(N2C=CN3P(C(C)(C)C)(C(C)(C)C)->[Pd]4(<-[C]23)<-C2=C->4C(=O)OC2=O)c(C)c1,Cc1cc(C)c(N2C=CN3P(C(C)(C)C)(C(C)(C)C)->[Pd+2]4(<-[C]23)<-[cH-]2c(=O)oc(=O)[cH-]->42)c(C)c1,Cc1cc(C)c(N2C=CN3P(C(C)(C)C)(C(C)(C)C)->[Pd+2]456(<-[C]23)<-[cH-]2[cH-]->4c->5(=O)oc->62=O)c(C)c1
GESZEJ,C#CC1#C->[Ni@TB13]<-12<-P(CCCP->2(C(C)C)C(C)C)(C(C)C)C(C)C,C19 H36 Ni1 P2,0.0,C#CC1#C->[Ni]<-12<-P(CCCP->2(C(C)C)C(C)C)(C(C)C)C(C)C,C#CC1#C->[Ni]<-12<-P(CCCP->2(C(C)C)C(C)C)(C(C)C)C(C)C,C#CC1#C->[Ni]<-12<-P(CCCP->2(C(C)C)C(C)C)(C(C)C)C(C)C
GETNIE,,C25 H30 B1 Br1 N2 O6 Pt1,0.0,CCOC(=O)c1ccn2->[Pt+4](<-[CH3-])(<-[CH3-])(<-[Br-])(<-[CH2-]c3cccc(B(O)O)c3)<-n3ccc(C(=O)OCC)cc3-c2c1,CCOC(=O)c1ccn2->[Pt+2](<-[CH3-])(<-[CH3-])(<-[Br-])(<-[CH2+]c3cccc(B(O)O)c3)<-n3ccc(C(=O)OCC)cc3-c2c1,CCOC(=O)c1ccn2->[Pt+2](<-[CH3-])(<-[CH3-])(<-[Br-])(<-[CH2+]c3cccc(B(O)O)c3)<-n3ccc(C(=O)OCC)cc3-c2c1
GEVDET,,C27 H47 Cu1 N3 Si3 1+,1.0,CC(C)(C)n1c(-c2ccccc2)[n+](C(C)(C)C)[si-]1(N([Si](C)(C)C)[Si](C)(C)C)->[Cu+]12345<-c6c->1c->2c->3c->4c->56,CC(C)(C)N1C(=C2C=C[CH-]C=C2)N(C(C)(C)C)[Si-]1(N([Si](C)(C)C)[Si](C)(C)C)->[Cu+3]12345<-c6c->1c->2c->3c->4c->56,CC(C)(C)N1C(=C2C=C[CH-]C=C2)N(C(C)(C)C)[Si-]1(->[Cu+3]<-c1ccccc1)N([Si](C)(C)C)[Si](C)(C)C
GEVXEK,,C28 H24 N2 O2 Zn1,0.0,Cc1ccc(N2=Cc3ccccc3[O-]->[Zn+2]<-23<-[O-]c2ccccc2C=N->3c2ccc(C)cc2)cc1,Cc1[c-]cc(N2=Cc3ccccc3[O-]->[Zn+4]<-23<-[O-]c2ccccc2C=N->3c2c[c-]c(C)cc2)cc1,Cc1[c-]cc(N2=Cc3ccccc3[O-]->[Zn+4]<-23<-[O-]c2ccccc2C=N->3c2c[c-]c(C)cc2)cc1
GEWQEH,CN(C)CCN1(CCN(C)C)CCN(C)(C)->[Cu+]<-1<-N(=O)c1ccc(N(C)C)cc1,C20 H40 Cu1 N6 O1 1+,1.0,CN(C)CCN12CCN(C)(C)->[Cu+]<-13(<-O=N->3c1ccc(N(C)C)cc1)<-N(C)(C)CC2,CN(C)CCN12CCN(C)(C)->[Cu+]<-1(<-N(=O)c1ccc(N(C)C)cc1)<-N(C)(C)CC2,CN(C)CCN12CCN(C)(C)->[Cu+]<-1(<-N(=O)c1ccc(N(C)C)cc1)<-N(C)(C)CC2
GEXPEG,C[P@]1(=S->[Pd+2](<-[Cl-])(<-[Cl-])<-S=[P@]2(c3ccccc3)CCCN12)c1ccccc1,C16 H19 Cl2 N1 P2 Pd1 S2,0.0,CP1(=S->[Pd+2](<-[Cl-])(<-[Cl-])<-S=P2(c3ccccc3)CCCN12)c1ccccc1,CP1(=S->[Pd+2](<-[Cl-])(<-[Cl-])<-S=P2(c3ccccc3)CCCN12)c1ccccc1,CP12(=S->[Pd+2]<-1(<-[Cl-])(<-[Cl-])<-S=P1(c3ccccc3)CCCN12)c1ccccc1
GEYJUP,CN(C)P(=O->[Mo+6]1(<-[O-2])(<-[C-]#N)(<-[C-]#N)(<-[C-]#N)<-[O-][O-]->1)(N(C)C)N(C)C,C9 H18 Mo1 N6 O4 P1 1-,-1.0,CN(C)[P]([O-]->[Mo+7]1(<-[O-2])(<-[C-]#N)(<-[C-]#N)(<-[C-]#N)<-[O-][O-]->1)(N(C)C)N(C)C,CN(C)P(=O->[Mo+6]1(<-[O-2])(<-[C-]#N)(<-[C-]#N)(<-[C-]#N)<-[O-][O-]->1)(N(C)C)N(C)C,CN(C)P(=O->[Mo+6]1(<-[O-2])(<-[C-]#N)(<-[C-]#N)(<-[C-]#N)<-[O-][O-]->1)(N(C)C)N(C)C
GEZLEE,C1=C/C2=C/[N-]3c4ccccc4OCCOc4ccccc4[N-]4/C=C5/C=CC=N5->[Zn+2]<-3<-4<-N2=C1,C24 H20 N4 O2 Zn1,0.0,C1c2ccc[n-]2->[Zn+2]234<-N=1c1ccccc1OCCO->2c1ccccc1N->3=Cc1ccc[n-]->41,C1=CC2=C[N-]3c4ccccc4OCCOc4ccccc4[N-]4C=C5C=CC=N5->[Zn+2]<-3<-4<-N2=C1,C1=CC2=C[N-]3c4ccccc4OCCOc4ccccc4[N-]4C=C5C=CC=N5->[Zn+2]<-3<-4<-N2=C1
GIBQIT,O=C([O-])c1cccc2C(=O)[O-]->[Cu@TB4+3](<-[OH-])(<-O)(<-n3ccc(O)nc3)<-n12,C11 H11 Cu1 N3 O7,0.0,O=C1[O-]->[Cu+2]2(<-O)(<-O)(<-[O-]C(=O)c3cccc1n->23)<-n1ccc(O)nc1,O.O=C1[O-]->[Cu+3]2(<-n3ccc(O)nc3)<-[O-]C(=O)c3cccc1n->23.[OH-],O.O=C1[O-]->[Cu+3]2(<-[OH-])(<-n3ccc(O)nc3)<-[O-]C(=O)c3cccc1n->23
GIDYIB,,C14 H20 N4 Pd1 S6,0.0,CCn1c2[S-]->[Pd+4]3(<-[S-]c2n(CC)c1=S)<-[S-]c1c([S-]->3)n(CC)c(=S)n1CC,CCN1C(=S)N(CC)C2=S->[Pd]3(<-S=C21)<-S=C1C(=S->3)N(CC)C(=S)N1CC,CCN1C(=S)N(CC)C2=S->[Pd]3(<-S=C21)<-S=C1C(=S->3)N(CC)C(=S)N1CC
GIFGAE,Cc1cccc(C)c1N1=C2(C)c3cccc4-c5n(C)c6ccccc6n5->[Ni+2]<-1<-2(<-[Cl-])(<-[Cl-])<-n43,C23 H22 Cl2 N4 Ni1,0.0,CC1c2cccc3-c4n(C)c5ccccc5n4->[Ni+2](<-[Cl-])(<-[Cl-])(<-N=1c1c(C)cccc1C)<-n23,CC1c2cccc3-c4n(C)c5ccccc5n4->[Ni+2](<-[Cl-])(<-[Cl-])(<-N=1c1c(C)cccc1C)<-n23,CC1c2cccc3-c4n(C)c5ccccc5n4->[Ni+2](<-[Cl-])(<-[Cl-])(<-N=1c1c(C)cccc1C)<-n23
GIFPUI,CO->[Ni+2](<-[Cl-])(<-[Cl-])<-n1c(C)ccc2cccc(-c3nc4ccccc4o3)c21,C18 H16 Cl2 N2 Ni1 O2,0.0,CO->[Ni+2]1(<-[Cl-])(<-[Cl-])<-n2c(-c3cccc4ccc(C)n->1c34)oc1ccccc12,CO->[Ni+2]1(<-[Cl-])(<-[Cl-])<-n2c(-c3cccc4ccc(C)n->1c34)oc1ccccc12,CO->[Ni+2]1(<-[Cl-])(<-[Cl-])<-n2c(-c3cccc4ccc(C)n->1c34)oc1ccccc12
GIGPOC,[O-2]->[Mo+6]12(<-[O-2])(<-O)<-[O-]CC(CO)(CO)/N->1=C/c1c([O-]->2)ccc2ccccc12,C15 H17 Mo1 N1 O7,0.0,[O-2]->[Mo+6]12(<-[O-2])(<-O)<-[O-]CC(CO)(CO)N->1=Cc1c([O-]->2)ccc2ccccc12,[O-2]->[Mo+6]12(<-[O-2])(<-O)<-[O-]CC(CO)(CO)N->1=Cc1c([O-]->2)ccc2ccccc12,O.[O-2]->[Mo+6]12(<-[O-2])<-[O-]CC(CO)(CO)N->1=Cc1c(ccc3ccccc13)[O-]->2
GIHWIE,[Cl-]->[Cu+]12<-n3ccccc3CN(Cc3ccccn->13)Cc1ccccn->21,C18 H18 Cl1 Cu1 N4,0.0,[Cl-]->[Cu+]123<-n4ccccc4CN->1(Cc1ccccn->21)Cc1ccccn->31,[Cl-]->[Cu+]123<-n4ccccc4CN->1(Cc1ccccn->21)Cc1ccccn->31,[Cl-]->[Cu+]123<-n4ccccc4CN->1(Cc1ccccn->21)Cc1ccccn->31
GIJZAA,C[Si-](C)CP(c1ccccc1)([C+]1[CH+][CH+][CH-][CH+][CH-]1)->[Ni@+2]1(<-[N-2][Si](C)(C)C[P@TB12]->1(c1ccccc1)c1ccccc1)<-[C-](=O)c1ccccc1,C37 H41 N1 Ni1 O1 P2 Si2,0.0,C[Si]1(C)CP(c2ccccc2)(c2ccccc2)->[Ni+2]2(<-[C-](=O)c3ccccc3)<-[N-]1[Si](C)(C)CP->2(c1ccccc1)c1ccccc1,C[Si]1(C)CP(c2ccccc2)(c2ccccc2)->[Ni+2]2(<-[C-](=O)c3ccccc3)<-[N-]1[Si](C)(C)CP->2(c1ccccc1)c1ccccc1,C[Si]1(C)CP(c2ccccc2)(c2ccccc2)->[Ni+2]2(<-[C-](=O)c3ccccc3)<-[N-]1[Si](C)(C)CP->2(c1ccccc1)c1ccccc1
GIKVUS,C=CCN1c2ccccc2S#C1->[Pd+2](<-[Br-])(<-[Br-])<-n1csc2ccccc21,C17 H14 Br2 N2 Pd1 S2,0.0,fail,C=CCN1c2ccccc2S#C1->[Pd+2](<-[Br-])(<-[Br-])<-n1csc2ccccc21,C=CCN1c2ccccc2S#C1->[Pd+2](<-[Br-])(<-[Br-])<-n1csc2ccccc21
GILQOI,CC(C)c12->[Ru+2]34567(<-[S-]/C(C#N)=C(/C#N)[S-]->3)(<-c(c->41)c->5(C)c->6c->72)<-P(c1ccccc1)(c1ccccc1)c1ccccc1,C32 H29 N2 P1 Ru1 S2,0.0,CC(C)c12->[Ru+2]34567(<-[S-]C(C#N)=C(C#N)[S-]->3)(<-c(c->41)c->5(C)c->6c->72)<-P(c1ccccc1)(c1ccccc1)c1ccccc1,CC(C)c12->[Ru+2]34567(<-[S-]C(C#N)=C(C#N)[S-]->3)(<-c(c->41)c->5(C)c->6c->72)<-P(c1ccccc1)(c1ccccc1)c1ccccc1,CC(C)c12->[Ru+2]34567(<-[S-]C(C#N)=C(C#N)[S-]->3)(<-c(c->41)c->5(C)c->6c->72)<-P(c1ccccc1)(c1ccccc1)c1ccccc1
GIMVIJ,c1ccc(C2#C(c3ccccc3)->[Ni@OH7]<-23<-P(CCP->3(c2ccccc2)c2ccccc2)(c2ccccc2)c2ccccc2)cc1,C40 H34 Ni1 P2,0.0,c1ccc(C2#C(c3ccccc3)->[Ni]<-23<-P(CCP->3(c2ccccc2)c2ccccc2)(c2ccccc2)c2ccccc2)cc1,c1ccc(C2#C(c3ccccc3)->[Ni]<-23<-P(CCP->3(c2ccccc2)c2ccccc2)(c2ccccc2)c2ccccc2)cc1,c1ccc(C2#C(c3ccccc3)->[Ni]<-23<-P(CCP->3(c2ccccc2)c2ccccc2)(c2ccccc2)c2ccccc2)cc1
GINROK,CO->[Y+3]123(<-O)(<-[Cl-])(<-[Cl-])<-O4CCO->1CCO->2CCO->3CC4,C9 H22 Cl2 O6 Y1 1+,1.0,CO->[Y+3]123(<-O)(<-[Cl-])(<-[Cl-])<-O4CCO->1CCO->2CCO->3CC4,CO->[Y+3]123(<-O)(<-[Cl-])(<-[Cl-])<-O4CCO->1CCO->2CCO->3CC4,CO->[Y+3]123(<-O)(<-[Cl-])(<-[Cl-])<-O4CCO->1CCO->2CCO->3CC4
GIPFES,Cc1cccc(Nc2ccccc2C2=O->[Zn+2]34(<-O=C([O-]->3)c3ccccc3Nc3cccc(C)c3C)(<-[O-]2)<-n2ccccc2-c2ccccn->42)c1C,C40 H36 N4 O4 Zn1,0.0,fail,Cc1cccc(Nc2ccccc2C(=O)[O-]->[Zn+2]23(<-O=C([O-]->2)c2ccccc2Nc2cccc(C)c2C)<-n2ccccc2-c2ccccn->32)c1C,Cc1cccc(Nc2ccccc2C23=O->[Zn+2]<-2456(<-O=C->4([O-]->5)c2ccccc2Nc2cccc(C)c2C)(<-[O-]3)<-n2ccccc2-c2ccccn->62)c1C
GIQPEC,,C19 H19 Cd1 N7 O7,0.0,CO->[Cd+2]1234(<-[O-][N+](=O)[O-]->1)(<-[O-][N+](=O)[O-]->2)<-N1=C(c2ccccn->32)NC(c2ccccn2)C1c1ccccn->41,CO->[Cd+2]123(<-[O-][N+](=O)[O-])(<-[O-][N+](=O)[O-]->1)<-N1=C(c4ccccn->24)NC(c2ccccn2)C1c1ccccn->31,CO.O=[N+]1[O-]->[Cd+2]234(<-[O-]1)(<-[O-][N+]->2(=O)[O-]->3)<-N1=C(NC(c2ccccn2)C1c1ccccn1)c1ccccn->41
GIRDUJ,CS(C)(=O)->[Pt+2](<-[Cl-])(<-[Cl-])<-n1c(-c2cc3cc(Br)cc(Br)c3oc2=O)[nH]c2ccccc21,C18 H14 Br2 Cl2 N2 O3 Pt1 S1,0.0,CS(C)(=O)->[Pt+2](<-[Cl-])(<-[Cl-])<-n1c(-c2cc3cc(Br)cc(Br)c3oc2=O)[nH]c2ccccc21,CS(C)(=O)->[Pt+2](<-[Cl-])(<-[Cl-])<-n1c(-c2cc3cc(Br)cc(Br)c3oc2=O)[nH]c2ccccc21,CS(C)(=O)->[Pt+2](<-[Cl-])(<-[Cl-])<-n1c(-c2cc3cc(Br)cc(Br)c3oc2=O)[nH]c2ccccc21
GIRXEM,,C16 H39 Cl1 Co1 N1 P2,0.0,CC(C)P1(CCN2CCP(C(C)C)(C(C)C)->[CoH2+]<-2<-1<-[Cl-])C(C)C,CC(C)P1(CCN2CCP(C(C)C)(C(C)C)->[CoH2+]<-2<-1<-[Cl-])C(C)C,CC(C)P1(CCN2CCP(C(C)C)(C(C)C)->[CoH2+]<-2<-1<-[Cl-])C(C)C
GITMIF,,C29 H36 Cl1 Os1 P1,0.0,CC(C)P(C(C)C)(C(C)C)->[Os+4]1234(<-[Cl-])(<-[C-2]=C=C(c5ccccc5)c5ccccc5)<-c5c->1c->2[cH-]->3c->45,,
GIVCEV,CC1(C)O[B-](=C(Cc2ccccc2)->[Zr+4]23456789(<-[Cl-])(<-c%10c->2c->3[cH-]->4c->5%10)<-c2c->6c->7[cH-]->8c->92)OC1(C)C,C24 H30 B1 Cl1 O2 Zr1,0.0,CC1(C)OB([CH-](Cc2ccccc2)->[Zr+4]23456789(<-[Cl-])(<-c%10c->2c->3[cH-]->4c->5%10)<-c2c->6c->7[cH-]->8c->92)OC1(C)C,CC1(C)O[B-](=C(Cc2ccccc2)->[Zr+4]23456789(<-[Cl-])(<-c%10c->2c->3[cH-]->4c->5%10)<-c2c->6c->7[cH-]->8c->92)OC1(C)C,CC1(C)O[B-]2=C(Cc3ccccc3)->[Zr+4]3456789%10(<-[Cl-])(<-c%11c->3c->4[cH-]->5c->6%11)(<-c3c->7c->8[cH-]->9c->%103)<-O2C1(C)C
GIWDIZ,,C26 H28 Cl2 Ti1,0.0,CC(C)c1ccc2CCc3ccc(C(C)C)c45->[Ti+4]6789%10%11%12(<-[Cl-])(<-[Cl-])(<-c(c->6c->734)[cH-]->85)<-c3[cH-]->9c->%10c->%111c->%1223,CC(C)c1ccc2CCc3ccc(C(C)C)c45->[Ti+4]6789%10%11%12(<-[Cl-])(<-[Cl-])(<-c%13c->6c->71[c-]->82c->9%13)<-c(c->%104)c->%11[c-]->%1235,CC(C)c1ccc2CCc3ccc(C(C)C)c45->[Ti+4]6789%10%11%12(<-[Cl-])(<-[Cl-])(<-c%13c->6c->71[c-]->82c->9%13)<-c(c->%104)c->%11[c-]->%1235
GIWZER,,C18 H26 Br2 Hg1 N2 O6 P2,0.0,CCOP(=O)(OCC)c1ccn2->[Hg+2](<-[Br-])(<-[Br-])<-n3ccc(P(=O)(OCC)OCC)cc3-c2c1,CCOP(=O)(OCC)c1ccn2->[Hg+2](<-[Br-])(<-[Br-])<-n3ccc(P(=O)(OCC)OCC)cc3-c2c1,CCOP(=O)(OCC)c1ccnc(-c2cc(P(=O)(OCC)OCC)ccn2)c1.[Br-]->[Hg+2]<-[Br-]
GIXSAK,C1=CN2Cc3ccccn3->[Ni@SP1+2]34<-[O-]c5ccccc5/C=N->3/CCN1[C]->42,C18 H18 N4 Ni1 O1 1+,1.0,C1=CN2Cc3ccccn3->[Ni+3]34<-[O-]c5ccccc5C=N->3CCN1[CH-]->42,C1=CN2Cc3ccccn3->[Ni+2]34<-[O-]c5ccccc5C=N->3CCN1[C]->42,C1=CN2Cc3ccccn3->[Ni+2]34<-[O-]c5ccccc5C=N->3CCN1[C]->42
GIYZOF,Cc1cc(C)c(N2C=CN(c3c(C)cc(C)cc3C)[C]2->[Zn@OH17+2]2(<-[c-]3c(F)c(F)c(F)c(F)c3F)<-c3(C)c(C)c(C)c(C)[c-]->23C)c(C)c1,C37 H39 F5 N2 Zn1,0.0,Cc1cc(C)c(N2C=CN(c3c(C)cc(C)cc3C)[C]2->[Zn+2](<-[c-]2c(F)c(F)c(F)c(F)c2F)<-[c-]2(C)c(C)c(C)c(C)c2C)c(C)c1,Cc1cc(C)c(N2C=CN(c3c(C)cc(C)cc3C)[C]2->[Zn+2]2(<-[c-]3c(F)c(F)c(F)c(F)c3F)<-c3(C)c(C)c(C)c(C)[c-]->23C)c(C)c1,Cc1cc(C)c(N2C=CN(c3c(C)cc(C)cc3C)[C]2->[Zn+2](<-[c-]2c(F)c(F)c(F)c(F)c2F)<-[c-]2(C)c(C)c(C)c(C)c2C)c(C)c1
GOBCOP,C[CH-]1[P-]2P(C(C)(C)C)(C(C)(C)C)->[Co+3]<-1<-23456<-c1(C)c->3(C)c->4(C)[c-]->5(C)c->61C,C20 H37 Co1 P2,0.0,C[CH-]1P2P(C(C)(C)C)(C(C)(C)C)->[Co+2]<-1<-23456<-c1(C)c->3(C)c->4(C)[c-]->5(C)c->61C,CC1=P2P(C(C)(C)C)(C(C)(C)C)->[Co+]<-1<-23456<-c1(C)c->3(C)c->4(C)[c-]->5(C)c->61C,CC1=P2P(C(C)(C)C)(C(C)(C)C)->[Co+]<-1<-23456<-c1(C)c->3(C)c->4(C)[c-]->5(C)c->61C
GOBLAM,[Cl-]->[Ti+4]1234567(<-[H]C->18([N-]->2C1CCCCC1)CCCCC8)<-[CH+]1[CH-]->3[CH-]->4[C-]->5([C+]->62[C@H]3C[C@@H]4C[C@@H](C[C@H]2C4)C3)[CH-]->71,C27 H40 Cl1 N1 Ti1,0.0,fail,[Cl-]->[Ti+2]12345(<-C6=C->1C->2(=C->31C2CC3CC(C2)CC1C3)C->4=C->56)<-[N-](C1CCCCC1)C1CCCCC1,[Cl-]->[Ti+2]12345(<-C6=C->1C->2(=C->31C2CC3CC(C2)CC1C3)C->4=C->56)<-[N-](C1CCCCC1)C1CCCCC1
GOCWUS,,C25 H24 Cl2 N2 O1 Ru1,0.0,CON=C1C2c3ccc(Cl)c[c-]3->[Ru+2]34567(<-[Cl-])(<-c8c->3c->4(C(C)C)c->5c->6c->78C)<-N=2c2ccccc21,CON=C1C2c3ccc(Cl)c[c-]3->[Ru+2]34567(<-[Cl-])(<-c8c->3c->4(C(C)C)c->5c->6c->78C)<-N=2c2ccccc21,CON=C1C2c3ccc(Cl)c[c-]3->[Ru+2]34567(<-[Cl-])(<-c8c->3c->4(C(C)C)c->5c->6c->78C)<-N=2c2ccccc21
GOFGAJ,,C22 H15 Co1 N2 S2,0.0,N#C[C-]1(C#N)S2C(=C([S-]->[Co+3]<-2<-13456<-c1c->3c->4[cH-]->5c->61)c1ccccc1)c1ccccc1,N#CC1(C#N)=S2=C(C(=S->[Co+]<-2<-13456<-c1c->3c->4[cH-]->5c->61)c1ccccc1)c1ccccc1,N#CC1(C#N)=S2=C(C(=S->[Co+]<-2<-13456<-c1c->3c->4[cH-]->5c->61)c1ccccc1)c1ccccc1
GOGBAF,c1ccc(C2/N=N(/c3ccccc3)->[Fe+2]345(<-N(=N\C(c6ccccc6)=N->3/N=c3/sc6ccccc6[n-]->43)/c3ccccc3)<-N=2/N=c2/sc3ccccc3[n-]->52)cc1,C40 H28 Fe1 N10 S2,0.0,c1ccc(C2=N[N-](c3ccccc3)->[Fe+2]345(<-N2=Nc2sc6ccccc6n->32)<-N(=Nc2sc3ccccc3n->42)C(=N[N-]->5c2ccccc2)c2ccccc2)cc1,c1ccc(C2N=N(c3ccccc3)->[Fe+2]345(<-N(=NC(c6ccccc6)=N->3N=c3sc6ccccc6[n-]->43)c3ccccc3)<-N=2N=c2sc3ccccc3[n-]->52)cc1,c1ccc(C2N=N(c3ccccc3)->[Fe+2]345(<-N(=NC(c6ccccc6)=N->3N=c3sc6ccccc6[n-]->43)c3ccccc3)<-N=2N=c2sc3ccccc3[n-]->52)cc1
GOGYIN,C/C(c1cnccn1)=N1\N=C(/[O-]->[Ni+2]<-1234<-[O-]/C(c1ccc(C)nc1)=N->2\N->3=C(/C)c1cnccn->41)c1ccc(C)nc1,C26 H24 N10 Ni1 O2,0.0,CC1c2cnccn2->[Ni+2]234(<-[O-]C(=NN->2=1)c1ccc(C)nc1)<-[O-]C(=NN->3=C(C)c1cnccn->41)c1ccc(C)nc1,CC1c2cnccn2->[Ni+2]234(<-[O-]C(=NN->2=1)c1ccc(C)nc1)<-[O-]C(=NN->3=C(C)c1cnccn->41)c1ccc(C)nc1,CC1c2cnccn2->[Ni+2]234(<-[O-]C(=NN->2=1)c1ccc(C)nc1)<-[O-]C(=NN->3=C(C)c1cnccn->41)c1ccc(C)nc1
GOJMAU,[Cl-]->[Pd@OH1+2]12<-S=C(/N=N->1/C=C1/C=CC=C[N-]->21)N1CCN(c2ccccn2)CC1,C16 H17 Cl1 N6 Pd1 S1,0.0,[Cl-]->[Pd+2]12<-[S-]C(=NN->1=Cc1ccccn->21)N1CCN(c2ccccn2)CC1,[Cl-]->[Pd+2]12<-S=C(N=N->1C=C1C=CC=C[N-]->21)N1CCN(c2ccccn2)CC1,[Cl-]->[Pd+2]12<-S=C(N=N->1C=C1C=CC=C[N-]->21)N1CCN(c2ccccn2)CC1
GOLVAF,O=C(O)c1cccc(-c2cccc3C(=O)[O-]->[Ni+2]4(<-[O-]C(=O)c5cccc(-c6cccc(C(=O)O)n6)n->45)<-n32)n1,C24 H14 N4 Ni1 O8,0.0,O=C(O)c1cccc2-c3cccc4C(=O)[O-]->[Ni+2]56(<-[O-]C(=O)c7cccc(-c8cccc(C(=O)O)n->58)n->67)(<-n12)<-n43,O=C(O)c1cccc2-c3cccc4C(=O)[O-]->[Ni+2]56(<-[O-]C(=O)c7cccc(-c8cccc(C(=O)O)n->58)n->67)(<-n12)<-n43,O=C(O)c1cccc2-c3cccc4C(=O)[O-]->[Ni+2]56(<-[O-]C(=O)c7cccc(-c8cccc(C(=O)O)n->58)n->67)(<-n12)<-n43
GOMXOV,CCc1cc(C#N)ccc1[N+]#[C-]->[Pd+2](<-[I-])(<-[I-])<-[C-]#[N+]c1ccc(C#N)cc1CC,C20 H16 I2 N4 Pd1,0.0,CCc1cc(C#N)ccc1[N+]#[C-]->[Pd+2](<-[I-])(<-[I-])<-[C-]#[N+]c1ccc(C#N)cc1CC,CCc1cc(C#N)ccc1[N+]#[C-]->[Pd+2](<-[I-])(<-[I-])<-[C-]#[N+]c1ccc(C#N)cc1CC,CCc1cc(C#N)ccc1[N+]#[C-]->[Pd+2](<-[I-])(<-[I-])<-[C-]#[N+]c1ccc(C#N)cc1CC
GONTUY,C[Se]1c2ccccc2[Se](C)->[Mn+]<-1(<-[Br-])(<-[C-]#[O+])(<-[C-]#[O+])<-[C-]#[O+],C11 H10 Br1 Mn1 O3 Se2,0.0,C[Se]1c2ccccc2[Se](C)->[Mn+]<-1(<-[Br-])(<-[C-]#[O+])(<-[C-]#[O+])<-[C-]#[O+],C[Se-]->[Mn+5](<-[Br-])(<-[C-]#[O+])(<-[C-]#[O+])(<-[C-]#[O+])<-[Se-]c1[c-]cccc1.[CH3-],[CH3-].[CH3-].[O+]#[C-]->[Mn+5]1(<-[Br-])(<-[C-]#[O+])(<-[C-]#[O+])<-[Se-]c2ccccc2[Se-]->1
GOPWEN,,C23 H5 B1 F15 O3 Re1,0.0,[O-2]->[Re+7]1234(<-[O-2])(<-[O-][B-](c5c(F)c(F)c(F)c(F)c5F)(c5c(F)c(F)c(F)c(F)c5F)c5c(F)c(F)c(F)c(F)c5F)<-c5c->1c->2[cH-]->3c->45,[O-2]->[Re+7]1234(<-[O-2])(<-[O-][B-](c5c(F)c(F)c(F)c(F)c5F)(c5c(F)c(F)c(F)c(F)c5F)c5c(F)c(F)c(F)c(F)c5F)<-c5c->1c->2[cH-]->3c->45,[O-2]->[Re+7](<-[O-2])(<-[O-][B-](c1c(F)c(F)c(F)c(F)c1F)(c1c(F)c(F)c(F)c(F)c1F)c1c(F)c(F)c(F)c(F)c1F)<-[cH-]1cccc1
GOSHAX,N#CC12=N->[Ni+2]<-134(<-N=C->32C#N)<-[S-]/C(=C(\[S-]->4)C(F)(F)F)C(F)(F)F,C8 H2 F6 N4 Ni1 S2,0.0,N#CC1=N->[Ni+2]2(<-N=C1C#N)<-[S-]C(=C([S-]->2)C(F)(F)F)C(F)(F)F,N#CC1[NH-]->[Ni+2]2(<-[NH-]C=1C#N)<-S=C(C(=S->2)C(F)(F)F)C(F)(F)F,N#CC1[NH-]->[Ni+2]2(<-[NH-]C=1C#N)<-S=C(C(=S->2)C(F)(F)F)C(F)(F)F
GOSMUW,CCO[C-](C=C(Nc1ccccc1)c1ccccc1)->[Cr+2](<-[C-]#[O+])(<-[C-]#[O+])(<-[C-]#[O+])(<-[C-]#[O+])<-[C-]#[O+],C22 H17 Cr1 N1 O6,0.0,CCO[C-2](C=C(Nc1ccccc1)c1ccccc1)->[Cr+2](<-[C-]#[O+])(<-[C-]#[O+])(<-[C-]#[O+])(<-[C-]#[O+])<-[C-]#[O+],CCO[C](C=C(Nc1ccccc1)c1ccccc1)->[Cr](<-[C-]#[O+])(<-[C-]#[O+])(<-[C-]#[O+])(<-[C-]#[O+])<-[C-]#[O+],CCO[C](C=C(Nc1ccccc1)c1ccccc1)->[Cr](<-[C-]#[O+])(<-[C-]#[O+])(<-[C-]#[O+])(<-[C-]#[O+])<-[C-]#[O+]
GOTLOQ,N/C1=N/N(=C2c3cccnc3-c3ncccc32)->[Pt+2]2(<-[S-]1)<-[S-]/C(N)=N\N->2=C1c2cccnc2-c2ncccc21,C24 H16 N10 Pt1 S2,0.0,fail,NC1=NN(=C2c3cccnc3-c3ncccc32)->[Pt+2]2(<-[S-]1)<-[S-]C(N)=NN->2=C1c2cccnc2-c2ncccc21,NC1=NN(=C2c3cccnc3-c3ncccc32)->[Pt+2]2(<-[S-]1)<-[S-]C(N)=NN->2=C1c2cccnc2-c2ncccc21
GOWXEV,,C19 H35 P1 Pd1 Si2,0.0,fail,C[Si](C)(C)[CH-]([Si](C)(C)C)->[Pd+2]12(<-c3c4ccccc4[cH-]->1c->23)<-P(C)(C)C,C[Si](C)(C)[CH-]([Si](C)(C)C)->[Pd+2]123(<-c4c5cccc[c-]->15c->2c->34)<-P(C)(C)C
GOYHIN,C[C@H](O)C(=O)[O-]->[Ni+2]1(<-n2ccccc2Nc2ccccn2)<-n2ccccc2Nc2ccccn->12,C23 H23 N6 Ni1 O3 1+,1.0,CC1O->[Ni+2]23(<-[O-]C1=O)(<-n1ccccc1Nc1ccccn->21)<-n1ccccc1Nc1ccccn->31,CC1O->[Ni+2]23(<-[O-]C1=O)(<-n1ccccc1Nc1ccccn->21)<-n1ccccc1Nc1ccccn->31,CC1O->[Ni+2]23(<-[O-]C1=O)(<-n1ccccc1Nc1ccccn->21)<-n1ccccc1Nc1ccccn->31
GOZJEK,CC1(C)O[C@H]2[C@@H]3O->[Pt+4]4(<-[CH3-])(<-[CH3-])(<-[CH3-])<-OC[C@@H]3O[C@@]2(CO->4)O1,C12 H25 O6 Pt1 1+,1.0,CC1(C)OC2C3O->[Pt+4]4(<-[CH3-])(<-[CH3-])(<-[CH3-])<-OCC3OC2(CO->4)O1,CC1(C)OC2C3O->[Pt+4]4(<-[CH3-])(<-[CH3-])(<-[CH3-])<-OCC3OC2(CO->4)O1,CC1(C)OC2C3O->[Pt+4](<-[CH3-])(<-[CH3-])(<-[CH3-])<-OCC3OC2(CO)O1
GUBCUB,,C26 H35 I1 N2 O4 P1 W1 1+,1.0,CC1#C(C)->[W+2]<-12(<-[I-])(<-[C-]#[O+])(<-n1cccc3ccc4cccn->2c4c31)<-P(OC(C)C)(OC(C)C)OC(C)C,CC1#C(C)->[W+2]<-12(<-[I-])(<-[C-]#[O+])(<-n1cccc3ccc4cccn->2c4c31)<-P(OC(C)C)(OC(C)C)OC(C)C,CC1#C(C)->[W+2]<-12(<-[I-])(<-[C-]#[O+])(<-n1cccc3ccc4cccn->2c4c31)<-P(OC(C)C)(OC(C)C)OC(C)C
GUCXIL,C/C1=N(\c2c(C)cc(C)cc2C)->[Fe+2]234(<-[Cl-])(<-[Cl-])<-N(=C(/C)c->25cccc->31n->45)/c1c(C)cc(C)cc1C,C27 H31 Cl2 Fe1 N3,0.0,CC1c2cccc3C(C)=N(c4c(C)cc(C)cc4C)->[Fe+2](<-[Cl-])(<-[Cl-])(<-N=1c1c(C)cc(C)cc1C)<-n23,CC1c2cccc3C(C)=N(c4c(C)cc(C)cc4C)->[Fe+2](<-[Cl-])(<-[Cl-])(<-N=1c1c(C)cc(C)cc1C)<-n23,CC1c2cccc3C(C)=N(c4c(C)cc(C)cc4C)->[Fe+2](<-[Cl-])(<-[Cl-])(<-N=1c1c(C)cc(C)cc1C)<-n23
GUGWEK,c1ccc(CN23->[Cu+]<-N4(Cc5ccccc5)CCCN(CCN(CCC2)CC4)CC3)cc1,C26 H38 Cu1 N4 1+,1.0,c1ccc(CN23->[Cu+]45<-N6(CCCN->4(Cc4ccccc4)CCN->5(CCC2)CC6)CC3)cc1,c1ccc(CN23->[Cu+]45<-N6(CCCN->4(Cc4ccccc4)CCN->5(CCC2)CC6)CC3)cc1,c1ccc(CN23->[Cu+]45<-N6(CCCN->4(Cc4ccccc4)CCN->5(CCC2)CC6)CC3)cc1
GUHZAK,O=S(=O)(O)[O-]->[Ag+](<-O)(<-P(c1ccccc1)(c1ccccc1)c1ccccc1)<-P(c1ccccc1)(c1ccccc1)c1ccccc1,C36 H33 Ag1 O5 P2 S1,0.0,O=S(=O)(O)[O-]->[Ag+](<-O)(<-P(c1ccccc1)(c1ccccc1)c1ccccc1)<-P(c1ccccc1)(c1ccccc1)c1ccccc1,O=S(=O)(O)[O-]->[Ag+](<-O)(<-P(c1ccccc1)(c1ccccc1)c1ccccc1)<-P(c1ccccc1)(c1ccccc1)c1ccccc1,O.O=S12(O)->[Ag+](<-P(c3ccccc3)(c3ccccc3)c3ccccc3)(<-P(c3ccccc3)(c3ccccc3)c3ccccc3)(<-O=1)<-[O-]2
GUJTIO,C/C1=C(\C)[N-]([O-])->[Co+3]23(<-N[C@@H](C)c4ccccc4)(<-[O-]N->2=O)(<-N1=O)<-N(/O)=C(C)\C(C)=N->3\O,C16 H25 Co1 N6 O6,0.0,CC1C(C)=N([O])->[Co-]2(<-NC(C)c3ccccc3)(<-N=1[O])(<-N(O)=C(C)C(C)=N->2O)<-[N+](=O)=O,CC1=C(C)N(=O)->[Co+]2(<-NC(C)c3ccccc3)(<-N(=O)[O-])(<-N1=O)<-N(O)=C(C)C(C)=N->2O,CC1=C(C)N(=O)->[Co+]2(<-NC(C)c3ccccc3)(<-N(=O)[O-])(<-N1=O)<-N(O)=C(C)C(C)=N->2O
GULHAY,Fc1c(F)c(F)[c-](->[Au+3]2(<-[C](NC3CCCCC3)N(Cc3ccccn3)Cc3ccccn->23)<-[c-]2c(F)c(F)c(F)c(F)c2F)c(F)c1F,C31 H24 Au1 F10 N4 1+,1.0,Fc1c(F)c(F)[c-](->[Au+3]2(<-[C](NC3CCCCC3)N(Cc3ccccn3)Cc3ccccn->23)<-[c-]2c(F)c(F)c(F)c(F)c2F)c(F)c1F,Fc1c(F)c(F)[c-](->[Au+3]2(<-[C](NC3CCCCC3)N(Cc3ccccn3)Cc3ccccn->23)<-[c-]2c(F)c(F)c(F)c(F)c2F)c(F)c1F,Fc1c(F)c(F)[c-](->[Au+3]2(<-[C](NC3CCCCC3)N(Cc3ccccn3)Cc3ccccn->23)<-[c-]2c(F)c(F)c(F)c(F)c2F)c(F)c1F
GULWEP,C[Se]1CC2(C)C[Se](C)->[Ir+]<-1345(<-C1=C->3/CC/C->4=C->5\CC\1)<-[Se](C)C2,C16 H30 Ir1 Se3 1+,1.0,C[Se]1CC2(C)C[Se](C)->[Ir+]<-1345(<-C1=C->3CCC->4=C->5CC1)<-[Se](C)C2,C[Se-]->[Ir+7]123(<-[Se-]C)(<-[Se-]C)<-C4=C->1CCC->2=C->3CC4.[CH2-]C([CH2-])([CH2-])C,C[Se-]->[Ir+5]123(<-[Se-]C)<-C4=C->1CCC->2=C->3CC4.[CH2-]C([CH2-])(C)C[Se]C
GUNJIJ,,C25 H26 Cl1 Ir1 N2,0.0,Cc12->[Ir+3]3456(<-[Cl-])(<-[c-]7ccccc7-c7cc(-c8ccccc8)[nH]n->37)<-c1(C)c->4(C)[c-]->5(C)c->62C,Cc12->[Ir+3]3456(<-[Cl-])(<-[c-]7ccccc7-c7cc(-c8ccccc8)[nH]n->37)<-c1(C)c->4(C)[c-]->5(C)c->62C,Cc12->[Ir+3]3456(<-[Cl-])(<-[c-]7ccccc7-c7cc(-c8ccccc8)[nH]n->37)<-c1(C)c->4(C)[c-]->5(C)c->62C
GUPSAL,CC(C)(C)N12CC[O-]->[Re+5]<-13(<-[O-2])(<-[O-]CC2)<-S=c1nccc[n-]->31,C12 H20 N3 O3 Re1 S1,0.0,fail,CC(C)(C)N12CC[O-]->[Re+5]<-13(<-[O-2])(<-[O-]CC2)<-S=c1nccc[n-]->31,CC(C)(C)N12CC[O-]->[Re+5]<-13(<-[O-2])(<-[O-]CC2)<-S=c1nccc[n-]->31
GUQPOX,COc1cc2/C=N3/CCO->[Pd@TB7+2]<-3(<-[c-]2cc1OC)<-P(c1ccccc1)(c1ccccc1)c1ccccc1,C29 H29 N1 O3 P1 Pd1 1+,1.0,COc1cc2C=N3CCO->[Pd+2]<-3(<-[c-]2cc1OC)<-P(c1ccccc1)(c1ccccc1)c1ccccc1,COc1cc2C=N3CCO->[Pd+2]<-3(<-[c-]2cc1OC)<-P(c1ccccc1)(c1ccccc1)c1ccccc1,COc1cc2C=N3CCO->[Pd+2]<-3(<-[c-]2cc1OC)<-P(c1ccccc1)(c1ccccc1)c1ccccc1
GUSDOO,O=C(c1ccccc1)[N-]1[P+](c2ccccc2)(c2ccccc2)c2cccc[c-]2->[Au+3]<-1(<-[Cl-])<-[Cl-],C25 H19 Au1 Cl2 N1 O1 P1,0.0,O=C(c1ccccc1)N1=P(c2ccccc2)(c2ccccc2)c2cccc[c-]2->[Au+3]<-1(<-[Cl-])<-[Cl-],O=C(c1ccccc1)[N-]1[P+](c2ccccc2)(c2ccccc2)c2cccc[c-]2->[Au+3]<-1(<-[Cl-])<-[Cl-],O=C(c1ccccc1)[N-]1[P+](c2ccccc2)(c2ccccc2)c2cccc[c-]2->[Au+3]<-1(<-[Cl-])<-[Cl-]
GUTCUV,Fc1c(F)c(F)[c-](->[Au+]<-[C-]#[N+]c2ccc(OCCCCCCn3c4ccccc4c4ccccc43)cc2)c(F)c1F,C31 H24 Au1 F5 N2 O1,0.0,Fc1c(F)c(F)[c-](->[Au+]<-[C-]#[N+]c2ccc(OCCCCCCn3c4ccccc4c4ccccc43)cc2)c(F)c1F,Fc1c(F)c(F)[c-](->[Au+]<-[C-]#[N+]c2ccc(=[O+]CCCCCCn3c4ccccc4c4ccccc43)[cH-]c2)c(F)c1F,Fc1c(F)c(F)[c-](->[Au+]<-[C-]#[N+]c2ccc(=[O+]CCCCCCn3c4ccccc4c4ccccc43)[cH-]c2)c(F)c1F
GUTLEM,,C22 H38 B1 P3 Pt1,0.0,[BH3-]P(c1ccccc1)(c1ccccc1)->[PtH+]1<-P(CC)(CC)CCP->1(CC)CC,[BH3-]P(c1ccccc1)(c1ccccc1)->[PtH+]1<-P(CC)(CC)CCP->1(CC)CC,[BH3-]P(c1ccccc1)(c1ccccc1)->[PtH+]1<-P(CC)(CC)CCP->1(CC)CC
GUVHUA,C/C1=C2\C=CC=C[N-]2->[Re+3]234(<-S=C(N)N=N->21)<-S=C(N)N=N->3/C(C)=C1\C=CC=C[N-]->41,C16 H18 N8 Re1 S2 1+,1.0,CC1c2ccccn2->[Re+3]234(<-[S-]C(N)=NN->2=1)<-[S-]C(N)=NN->3=C(C)c1ccccn->41,CC1=C2C=CC=C[N-]2->[Re+3]234(<-S=C(N)N=N->21)<-S=C(N)N=N->3C(C)=C1C=CC=C[N-]->41,CC1=C2C=CC=C[N-]2->[Re+3]234(<-S=C(N)N=N->21)<-S=C(N)N=N->3C(C)=C1C=CC=C[N-]->41
GUVXAW,CC/N1=C(\C)[N-](C(C)(C)C)->[Zr+4]<-1234567(<-[Cl-])(<-[H]C->2[C-]->3(C)C)<-c1(C)c->4(C)c->5(C)[c-]->6(C)c->71C,C22 H41 Cl1 N2 Zr1,0.0,CC[N-]1C(C)=N(C(C)(C)C)->[Zr+4]<-12345(<-[Cl-])(<-c1(C)c->2(C)c->3(C)[c-]->4(C)c->51C)<-[C-](C)(C)C,CCN1=C(C)[N-](C(C)(C)C)->[Zr+4]<-12345(<-[Cl-])(<-c1(C)c->2(C)c->3(C)[c-]->4(C)c->51C)<-[C-](C)(C)C,CCN1=C(C)[N-](C(C)(C)C)->[Zr+4]<-12345(<-[Cl-])(<-c1(C)c->2(C)c->3(C)[c-]->4(C)c->51C)<-[C-](C)(C)C
GUWKIS,CC#N->[Ni@@+2]12<-S=C(N=N->1/C(N)=C1/C=CC=C[N-]->21)N(C)C,C11 H15 N6 Ni1 S1 1+,1.0,CC#N->[Ni+2]12<-[S-]C(=NN->1=C(N)c1ccccn->21)N(C)C,CC#N->[Ni+2]12<-S=C(N=N->1C(N)=C1C=CC=C[N-]->21)N(C)C,CC#N->[Ni+2]12<-S=C(N=N->1C(N)=C1C=CC=C[N-]->21)N(C)C
GUXTOK,C[Si](C)(C)[CH2-]->[Fe@TB17+2]12(<-N3=C(/C=C4/OC[C@@H](c5ccccc5)[N-]->14)c1ccccc1/C3=C/C1=N->2[C@H](c2ccccc2)CO1)<-n1ccccc1,C37 H38 Fe1 N4 O2 Si1,0.0,C[Si](C)(C)[CH2-]->[Fe+2]12(<-N3=C(C=c4c5ccccc5c(=CC5=N->1C(c1ccccc1)CO5)[n-]->24)OCC3c1ccccc1)<-n1ccccc1,C[Si](C)(C)[CH2-]->[Fe+2]12(<-N3=C(C=C4OCC(c5ccccc5)[N-]->14)c1ccccc1C3=CC1=N->2C(c2ccccc2)CO1)<-n1ccccc1,C[Si](C)(C)[CH2-]->[Fe+2]12(<-N3=C(C=C4OCC(c5ccccc5)[N-]->14)c1ccccc1C3=CC1=N->2C(c2ccccc2)CO1)<-n1ccccc1
GUZRUO,CO[C-](=C1C=C[CH-]C=C1)->[Mo+2]1(<-[C-]#[O+])(<-[C-]#[O+])(<-[C-]#[O+])<-P(OC(C(F)(F)F)C(F)(F)F)(OC(C(F)(F)F)C(F)(F)F)O[C@H]2CCC[C@@H]2OP->1(OC(C(F)(F)F)C(F)(F)F)OC(C(F)(F)F)C(F)(F)F,C28 H20 F24 Mo1 O10 P2,0.0,CO[C-2](c1ccccc1)->[Mo+2]1(<-[C-]#[O+])(<-[C-]#[O+])(<-[C-]#[O+])<-P(OC2CCCC2OP->1(OC(C(F)(F)F)C(F)(F)F)OC(C(F)(F)F)C(F)(F)F)(OC(C(F)(F)F)C(F)(F)F)OC(C(F)(F)F)C(F)(F)F,CO[C](c1ccccc1)->[Mo]1(<-[C-]#[O+])(<-[C-]#[O+])(<-[C-]#[O+])<-P(OC2CCCC2OP->1(OC(C(F)(F)F)C(F)(F)F)OC(C(F)(F)F)C(F)(F)F)(OC(C(F)(F)F)C(F)(F)F)OC(C(F)(F)F)C(F)(F)F,CO[C](c1ccccc1)->[Mo]1(<-[C-]#[O+])(<-[C-]#[O+])(<-[C-]#[O+])<-P(OC2CCCC2OP->1(OC(C(F)(F)F)C(F)(F)F)OC(C(F)(F)F)C(F)(F)F)(OC(C(F)(F)F)C(F)(F)F)OC(C(F)(F)F)C(F)(F)F
HABMOP,CC(C)c1cccc2[Si](C)(C)c3cccc(C(C)C)c3[O-]->[Ta+5]345(<-[Br-])(<-[O-]c12)<-[C-](=C->3\C->4=[C-]->5\C(C)(C)C)/C(C)(C)C,C32 H46 Br1 O2 Si1 Ta1,0.0,CC(C)c1cccc2[Si](C)(C)c3cccc(C(C)C)c3[O-]->[Ta+5]3(<-[Br-])(<-[O-]c12)<-[C-](=CC=[C-]->3C(C)(C)C)C(C)(C)C,CC(C)c1cccc2[Si](C)(C)c3cccc(C(C)C)c3[O-]->[Ta+5]3(<-[Br-])(<-[O-]c12)<-[C-](=CC=[C-]->3C(C)(C)C)C(C)(C)C,CC(C)c1cccc2[Si](C)(C)c3cccc(C(C)C)c3[O-]->[Ta+5]3(<-[Br-])(<-[O-]c12)<-[C-](=CC=[C-]->3C(C)(C)C)C(C)(C)C
HACKOM,C[C@H]1C[CH2+]->[Ti+4]23456789%10(<-[CH2+][c-]->2%11[c-]->3(C)[c-]->4(C)[c-]->5(C)[c-]->6%111)<-c1(C)c->7(C)c->8(C)[c-]->9(C)c->%101C,C23 H34 Ti1,0.0,fail,CC1C[CH2-]->[Ti+2]23456789%10(<-C=C->2%11C->3(C)=C->4(C)C->5(C)=C->61%11)<-c1(C)c->7(C)c->8(C)[c-]->9(C)c->%101C,CC1C[CH2-]->[Ti+2]23456789%10(<-C=C->2%11C->3(C)=C->4(C)C->5(C)=C->61%11)<-c1(C)c->7(C)c->8(C)[c-]->9(C)c->%101C
HADJAA,[Br-]->[Cd@OH4+2]1(<-[Br-])<-n2c3cccc2COCCSCc2cccc(n->12)CSCCOC3,C18 H22 Br2 Cd1 N2 O2 S2,0.0,[Br-]->[Cd+2]1234(<-[Br-])<-n5c6cccc5CO->1CCS->2Cc1cccc(n->31)CSCCO->4C6,[Br-]->[Cd+2]12(<-[Br-])<-n3c4cccc3COCCS->1Cc1cccc(n->21)CSCCOC4,[Br-]->[Cd+2]1(<-[Br-])<-n2c3cccc2COCCSCc2cccc(n->12)CSCCOC3
HADZOC,O=[N+]1[O-]->[Cd+2]234(<-[O-]1)<-N1CCCN->2(Cc2ccccc2)CCN->3CCCN->4(Cc2ccccc2)CC1,C24 H36 Cd1 N5 O3 1+,1.0,O=[N+]1[O-]->[Cd+2]234(<-[O-]1)<-N1CCCN->2(Cc2ccccc2)CCN->3CCCN->4(Cc2ccccc2)CC1,O=[N+]1[O-]->[Cd+2]234(<-[O-]1)<-N1CCCN->2(Cc2ccccc2)CCN->3CCCN->4(Cc2ccccc2)CC1,O=[N+]12[O-]->[Cd+2]<-1345(<-[O-]2)<-N1CCCN->3(Cc2ccccc2)CCN->4CCCN->5(Cc2ccccc2)CC1
HAFZIZ,,C27 H37 N2 Y1,0.0,Cc12->[Y+3]34567(<-[CH2-]c8ccccc8N->3(C)C)(<-[CH2-]c3ccccc3N->4(C)C)<-[cH-]1c->5(C)c->6(C)c->72C,Cc12->[Y+3]34567(<-[CH2-]c8ccccc8N->3(C)C)(<-[CH2-]c3ccccc3N->4(C)C)<-c1c->5(C)[c-]->6(C)c->72C,Cc12->[Y+3]34567(<-[CH2-]c8ccccc8N->3(C)C)(<-[CH2-]c3ccccc3N->4(C)C)<-c1c->5(C)[c-]->6(C)c->72C
HAGXOE,,C22 H32 Cl1 Ir1 N2 O1 Si1,0.0,CC(C)[Si](C#[C-]->[IrH+2](<-[Cl-])(<-[C-]#[O+])(<-n1ccccc1)<-n1ccccc1)(C(C)C)C(C)C,CC(C)[Si](C#[C-]->[IrH+2](<-[Cl-])(<-[C-]#[O+])(<-n1ccccc1)<-n1ccccc1)(C(C)C)C(C)C,CC(C)[Si](C#[C-]->[IrH+2](<-[Cl-])(<-[C-]#[O+])(<-n1ccccc1)<-n1ccccc1)(C(C)C)C(C)C
HAHTAO,CC(C)c1cccc(C(C)C)c1N1CCN(c2c(C(C)C)cccc2C(C)C)[C]1->[Pd+2](<-[Cl-])(<-[Cl-])<-n1ccn(C)c1,C31 H44 Cl2 N4 Pd1,0.0,CC(C)c1cccc(C(C)C)c1N1CCN(c2c(C(C)C)cccc2C(C)C)[C]1->[Pd+2](<-[Cl-])(<-[Cl-])<-n1ccn(C)c1,CC(C)c1cccc(C(C)C)c1N1CCN(c2c(C(C)C)cccc2C(C)C)[C]1->[Pd+2](<-[Cl-])(<-[Cl-])<-n1ccn(C)c1,CC(C)c1cccc(C(C)C)c1N1CCN(c2c(C(C)C)cccc2C(C)C)[C]1->[Pd+2](<-[Cl-])(<-[Cl-])<-n1ccn(C)c1
HAJNEL,C=C(C1=C(c2ccccc2)C=C(C)O[C]1->[W](<-[C-]#[O+])(<-[C-]#[O+])(<-[C-]#[O+])(<-[C-]#[O+])<-[C-]#[O+])N1CCOCC1,C23 H19 N1 O7 W1,0.0,C=C(C1=C(c2ccccc2)C=C(C)O[C-2]1->[W+2](<-[C-]#[O+])(<-[C-]#[O+])(<-[C-]#[O+])(<-[C-]#[O+])<-[C-]#[O+])N1CCOCC1,C=C(C1=C(c2ccccc2)C=C(C)O[C]1->[W](<-[C-]#[O+])(<-[C-]#[O+])(<-[C-]#[O+])(<-[C-]#[O+])<-[C-]#[O+])N1CCOCC1,C=C(C1=C(c2ccccc2)C=C(C)O[C]1->[W](<-[C-]#[O+])(<-[C-]#[O+])(<-[C-]#[O+])(<-[C-]#[O+])<-[C-]#[O+])N1CCOCC1
HAKHEG,N#C/C1[S-]->[Pt+2]234(<-[S-]\C=1C#N)<-C1=C->2/CC/C->3=C->4\CC\1,C12 H12 N2 Pt1 S2,0.0,N#CC1[S-]->[Pt+2]234(<-[S-]C=1C#N)<-C1=C->2CCC->3=C->4CC1,N#CC1[S-]->[Pt+2]234(<-[S-]C=1C#N)<-C1=C->2CCC->3=C->4CC1,N#CC1[S-]->[Pt+2]234(<-[S-]C=1C#N)<-C1=C->2CCC->3=C->4CC1
HALFEG,CC[N-](CC)->[Hf+4]12(<-[N-](CC)CC)(<-[n-]3cccc3CN->1(C)C)<-[n-]1cccc1CN->2(C)C,C22 H42 Hf1 N6,0.0,CC[N-](CC)->[Hf+4]12(<-[N-](CC)CC)(<-[n-]3cccc3CN->1(C)C)<-[n-]1cccc1CN->2(C)C,CC[N-](CC)->[Hf+4]12(<-[N-](CC)CC)(<-[n-]3cccc3CN->1(C)C)<-[n-]1cccc1CN->2(C)C,CC[N-](CC)->[Hf+4]12(<-[N-](CC)CC)(<-[n-]3cccc3CN->1(C)C)<-[n-]1cccc1CN->2(C)C
HAMHAE,,C24 H25 Cl1 N2 O3 W1,0.0,CN1(C)CCN(C)(C)->[W+4]<-1(<-[Cl-])(<-[C-3]c1ccc(C#Cc2ccc(C=O)cc2)cc1)(<-[C-]#[O+])<-[C-]#[O+],CN1(C)CCN(C)(C)->[W+2]<-1(<-[Cl-])(<-[C]=c1ccc(=C=[C-]c2ccc(C=O)cc2)cc1)(<-[C-]#[O+])<-[C-]#[O+],CN1(C)CCN(C)(C)->[W+2]<-1(<-[Cl-])(<-[C]=c1ccc(=C=[C-]c2ccc(C=O)cc2)cc1)(<-[C-]#[O+])<-[C-]#[O+]
HAMZIG,COC(=O)[CH-]1[C@@H](C2=CCCCC2)[CH-]2/C3=C(/c4cc(OC)ccc4OC)->[Fe+2]<-3<-1<-2(<-[C-]#[O+])(<-[C-]#[O+])<-[C-]#[O+],C24 H26 Fe1 O7,0.0,fail,COC(=O)[CH-]1C(C2=CCCCC2)[CH-]2C3=C(c4cc(OC)ccc4OC)->[Fe+2]<-3<-1<-2(<-[C-]#[O+])(<-[C-]#[O+])<-[C-]#[O+],COC(=O)[CH-]1C(C2=CCCCC2)[CH-]2C3=C(c4cc(OC)ccc4OC)->[Fe+2]<-3<-1<-2(<-[C-]#[O+])(<-[C-]#[O+])<-[C-]#[O+]
HANQEU,Cc1ccc2-c3cccc4-c5ccc(C)c[c-]5->[Ta+5](<-[Cl-])(<-[Cl-])(<-[c-]2c1)(<-[c-]34)(<-P(C)(C)C)<-P(C)(C)C,C26 H33 Cl2 P2 Ta1,0.0,Cc1ccc2-c3cccc4-c5ccc(C)c[c-]5->[Ta+5](<-[Cl-])(<-[Cl-])(<-[c-]2c1)(<-[c-]34)(<-P(C)(C)C)<-P(C)(C)C,CC1=C[C]2->[Ta+3]3(<-[Cl-])(<-[Cl-])(<-[C]4C(c5ccc(C)c[c-]->35)=CC=CC4=C2C=C1)(<-P(C)(C)C)<-P(C)(C)C,CC1=C[C]2->[Ta+3]3(<-[Cl-])(<-[Cl-])(<-[C]4C(c5ccc(C)c[c-]->35)=CC=CC4=C2C=C1)(<-P(C)(C)C)<-P(C)(C)C
HAPCIK,,C25 H53 Ir1 O2 P2,0.0,fail,C=[CH-]->[IrH+2]1(<-O=C(C)C=C(C)[O-]->1)(<-P(C(C)C)(C(C)C)C(C)C)<-P(C(C)C)(C(C)C)C(C)C,C=[CH-]->[IrH+2]1(<-O=C(C)C=C(C)[O-]->1)(<-P(C(C)C)(C(C)C)C(C)C)<-P(C(C)C)(C(C)C)C(C)C
HARPIZ,CP(C)(=C[CH]->[Re+5](<-[CH3-])(<-[CH3-])(<-[O-2])<-[CH]C=P(C)(C)c1ccccc1)c1ccccc1,C22 H32 O1 P2 Re1 1+,1.0,C[P](C)(C=[CH-]->[Re+7](<-[CH3-])(<-[CH3-])(<-[O-2])<-[CH-]=C[P](C)(C)c1ccccc1)c1ccccc1,CP(C)(=C[CH]->[Re+5](<-[CH3-])(<-[CH3-])(<-[O-2])<-[CH]C=P(C)(C)c1ccccc1)c1ccccc1,CP(C)(=C[CH]->[Re+5](<-[CH3-])(<-[CH3-])(<-[O-2])<-[CH]C=P(C)(C)c1ccccc1)c1ccccc1
HASJAP,,C34 H39 Co1 N2 P2,0.0,CC1=C(C)[N-]2CCCP(c3ccccc3)(c3ccccc3)->[CoH+2]<-23<-[N-]1CCCP->3(c1ccccc1)c1ccccc1,CC1C(C)=N2CCCP(c3ccccc3)(c3ccccc3)->[CoH]<-23<-N=1CCCP->3(c1ccccc1)c1ccccc1,CC1C(C)=N2CCCP(c3ccccc3)(c3ccccc3)->[CoH]<-23<-N=1CCCP->3(c1ccccc1)c1ccccc1
HATGIS,C[Si](C)(C)C#C/C1C(=C2=C3=[C-]([Si](C)(C)C)->[Zr+4]<-2<-3456789%10%11(<-[C-]=1\[Si](C)(C)C)(<-c1c->4c->5[cH-]->6c->71)<-c1c->8c->9[cH-]->%10c->%111)[Si](C)(C)C,C30 H46 Si4 Zr1,0.0,fail,C[Si](C)(C)C#CC1C(=C2=C3=[C-]([Si](C)(C)C)->[Zr+4]<-2<-3456789%10%11(<-[C-]=1[Si](C)(C)C)(<-c1c->4c->5[cH-]->6c->71)<-c1c->8c->9[cH-]->%10c->%111)[Si](C)(C)C,C[Si](C)(C)C#CC1C(=[C-](C#C[Si](C)(C)C)->[Zr+4]23456789(<-[C-]=1[Si](C)(C)C)(<-c1c->2c->3[cH-]->4c->51)<-c1c->6c->7[cH-]->8c->91)[Si](C)(C)C
HATXOQ,CCO->[Ni+2](<-[N-]=C=S)(<-[N-]=C=S)<-n1c(C(=O)N(CC)CC)cccc1C(=O)N(CC)CC,C19 H29 N5 Ni1 O3 S2,0.0,CCO->[Ni+2]12(<-[N-]=C=S)(<-[N-]=C=S)<-O=C(c3cccc(C(=O->1)N(CC)CC)n->23)N(CC)CC,CCO->[Ni+2]12(<-[N-]=C=S)(<-[N-]=C=S)<-O=C(c3cccc(C(=O->1)N(CC)CC)n->23)N(CC)CC,CCO->[Ni+2](<-[N-]=C=S)(<-[N-]=C=S)<-n1c(C(=O)N(CC)CC)cccc1C(=O)N(CC)CC
HAVPEC,CN1C=CN2c3cc4ccccc4c[c-]3->[Pt+2](<-[C]12)(<-n1ccccc1)<-P(c1ccccc1)(c1ccccc1)c1ccccc1,C37 H31 N3 P1 Pt1 1+,1.0,CN1C=CN2c3cc4ccccc4c[c-]3->[Pt+2](<-[C]12)(<-n1ccccc1)<-P(c1ccccc1)(c1ccccc1)c1ccccc1,CN1C=CN2c3cc4ccccc4c[c-]3->[Pt+2](<-[C]12)(<-n1ccccc1)<-P(c1ccccc1)(c1ccccc1)c1ccccc1,CN1C=CN2c3cc4ccccc4c[c-]3->[Pt+2](<-[C]12)(<-n1ccccc1)<-P(c1ccccc1)(c1ccccc1)c1ccccc1
HAWQIG,CC(C)N1C=C[C](->[Pd+2](<-[I-])<-[I-])C([C@@H]2CCCN2C)=C1,C13 H20 I2 N2 Pd1,0.0,CC(C)N1C=C[C-2]2->[Pd+4](<-[I-])(<-[I-])<-N3(C)CCCC3C2=C1,CC(C)N1C=C[C]2->[Pd+2](<-[I-])(<-[I-])<-N3(C)CCCC3C2=C1,CC(C)N1C=C[C](->[Pd+2](<-[I-])<-[I-])C(C2CCCN2C)=C1
HAXPAA,O=[N+]([O-])C1=CC2=N->[V+3]34(<-[O-2])(<-O=C2C=C1)<-[O-]c1ccccc1/C=N->3/c1cccc2cccn->4c12,C22 H15 N4 O5 V1,0.0,O=[N+]([O-])c1ccc2[O-]->[V+5]34(<-[O-2])(<-[NH-]c2c1)<-[O-]c1ccccc1C=N->3c1cccc2cccn->4c12,O=[N+]([O-])c1ccc2[O-]->[V+5]34(<-[O-2])(<-[NH-]c2c1)<-[O-]c1ccccc1C=N->3c1cccc2cccn->4c12,O=[N+]([O-])c1ccc2[O-]->[V+5]34(<-[O-2])(<-[NH-]c2c1)<-[O-]c1ccccc1C=N->3c1cccc2cccn->4c12
HAYHOG,CC1(C)OP2(OC(C)(C)C(C)(C)[O-]->[Re+5]<-2(<-[O-2])(<-[Cl-])(<-[Cl-])<-P(c2ccccc2)(c2ccccc2)c2ccccc2)OC1(C)C,C30 H39 Cl2 O5 P2 Re1,0.0,CC1(C)OP2(OC(C)(C)C(C)(C)[O-]->[Re+5]<-2(<-[O-2])(<-[Cl-])(<-[Cl-])<-P(c2ccccc2)(c2ccccc2)c2ccccc2)OC1(C)C,CC1(C)OP2(OC(C)(C)C(C)(C)[O-]->[Re+5]<-2(<-[O-2])(<-[Cl-])(<-[Cl-])<-P(c2ccccc2)(c2ccccc2)c2ccccc2)OC1(C)C,CC1(C)OP2(OC(C)(C)C(C)(C)[O-]->[Re+5]<-2(<-[O-2])(<-[Cl-])(<-[Cl-])<-P(c2ccccc2)(c2ccccc2)c2ccccc2)OC1(C)C
HAZFOG,O=[N+]([O-])c1ccc(-n2cc3CN(c4ccccc4OCc4ccccn4)->[Re+](<-[Cl-])(<-[C-]#[O+])(<-[C-]#[O+])(<-[C-]#[O+])<-n3n2)cc1,C24 H18 Cl1 N6 O6 Re1,0.0,O=[N+]([O-])c1ccc(-n2cc3CN(c4ccccc4OCc4ccccn4)->[Re+](<-[Cl-])(<-[C-]#[O+])(<-[C-]#[O+])(<-[C-]#[O+])<-n3n2)cc1,O=[N+]([O-])c1ccc(-n2cc3CN(c4ccccc4OCc4ccccn4)->[Re+](<-[Cl-])(<-[C-]#[O+])(<-[C-]#[O+])(<-[C-]#[O+])<-n3n2)cc1,O=[N+]([O-])c1ccc(-n2cc3CN(c4ccccc4OCc4ccccn4)->[Re+](<-[Cl-])(<-[C-]#[O+])(<-[C-]#[O+])(<-[C-]#[O+])<-n3n2)cc1
HEBYAO,,C8 H16 N2 Ni1 O8,0.0,CO->[Ni+2]12(<-[O-]C(=O)C(C)=N->1O)(<-[O-]C(=O)C(C)=N->2O)<-OC,CO->[Ni+2]12(<-[O-]C(=O)C(C)=N->1O)(<-[O-]C(=O)C(C)=N->2O)<-OC,CC1=N(O)->[Ni+2]2(<-[O-]C1=O)<-[O-]C(=O)C(C)=N->2O.CO.CO
HECTOA,Cc1ccc(CCN23->[Cu+]<-n4ccccc4CCN(CCC2)CCC3)cc1,C22 H31 Cu1 N3 1+,1.0,Cc1ccc(CCN23->[Cu+]4<-n5ccccc5CCN->4(CCC2)CCC3)cc1,Cc1ccc(CCN23->[Cu+]4<-n5ccccc5CCN->4(CCC2)CCC3)cc1,Cc1ccc(CCN23->[Cu+]4<-n5ccccc5CCN->4(CCC2)CCC3)cc1
HEDCID,,C24 H39 F6 Mo1 N1 O2 Si1,0.0,CC(C)c1cccc(C(C)C)c1[N-2]->[Mo+6](<-[CH-2][Si](C)(C)C)(<-[O-]C(C)(C)C(F)(F)F)<-[O-]C(C)(C)C(F)(F)F,CC(C)c1cccc(C(C)C)c1[N-2]->[Mo+4](<-[CH][Si](C)(C)C)(<-[O-]C(C)(C)C(F)(F)F)<-[O-]C(C)(C)C(F)(F)F,CC(C)c1cccc(C(C)C)c1[N-2]->[Mo+4](<-[CH][Si](C)(C)C)(<-[O-]C(C)(C)C(F)(F)F)<-[O-]C(C)(C)C(F)(F)F
HEDRUG,Cc1ccc(S(=O)(=O)NC2(C3#C(C)->[Ru+2]<-34567(<-[Cl-])<-c3(C)c->4(C)c->5(C)[c-]->6(C)c->73C)CCCCC2)cc1,C26 H36 Cl1 N1 O2 Ru1 S1,0.0,Cc1ccc(S(=O)(=O)NC2(C3#C(C)->[Ru+2]<-34567(<-[Cl-])<-c3(C)c->4(C)c->5(C)[c-]->6(C)c->73C)CCCCC2)cc1,Cc1ccc(S(=O)(=O)NC2(C3#C(C)->[Ru+2]<-34567(<-[Cl-])<-c3(C)c->4(C)c->5(C)[c-]->6(C)c->73C)CCCCC2)cc1,Cc1ccc(S(=O)(=O)NC2(C3#C(C)->[Ru+2]<-34567(<-[Cl-])<-c3(C)c->4(C)c->5(C)[c-]->6(C)c->73C)CCCCC2)cc1
HEDZIA,,C17 H33 O5 P2 Re1,0.0,CC(C)P1(OCCOP(C(C)C)(C(C)C)->[ReH]<-1(<-[C-]#[O+])(<-[C-]#[O+])<-[C-]#[O+])C(C)C,CC(C)P1(OCCOP(C(C)C)(C(C)C)->[ReH]<-1(<-[C-]#[O+])(<-[C-]#[O+])<-[C-]#[O+])C(C)C,CC(C)P1(OCCOP(C(C)C)(C(C)C)->[ReH]<-1(<-[C-]#[O+])(<-[C-]#[O+])<-[C-]#[O+])C(C)C
HEFNEL,CCN12CCn3c(C)cc(C)n3->[Cu+3]<-1(<-[OH-])(<-[O-][N+](=O)[O-])<-n1c(C)cc(C)n1CC2,C16 H29 Cu1 N6 O4 1+,1.0,CCN12CC[n+]3c(C)cc(C)[n-]3->[Cu+2]<-1(<-O)(<-[O-][N+](=O)[O-])<-[n-]1c(C)cc(C)[n+]1CC2,CCN12CCn3c(C)cc(C)n3->[Cu+3]<-1(<-[OH-])(<-[O-][N+](=O)[O-])<-n1c(C)cc(C)n1CC2,CCN1CCn2c(C)cc(C)n2->[Cu+3](<-[OH-])(<-[O-][N+](=O)[O-])<-n2c(C)cc(C)n2CC1
HEGKEJ,Cc1cc(C)n2->[Mo+4]3(<-[O-2])(<-S=P([S-]->3)(C(C)C)C(C)C)<-n3c(C)cc(C)n3[BH2-]n12,C16 H30 B1 Mo1 N4 O1 P1 S2,0.0,Cc1cc(C)[n-]2->[Mo+5]3(<-[O-2])(<-[S-][P]([S-]->3)(C(C)C)C(C)C)<-[n-]3c(C)cc(C)[n+]3[BH2-][n+]12,Cc1cc(C)n2->[Mo+4]3(<-[O-2])(<-S=P([S-]->3)(C(C)C)C(C)C)<-n3c(C)cc(C)n3[BH2-]n12,Cc1cc(C)n2->[MoH+3]3(<-[O-2])(<-S=P([S-]->3)(C(C)C)C(C)C)<-n3c(C)cc(C)n3Bn12
HEJSUK,CN(C)CC/N1=C/c2ccc[n-]2->[Cd+2]<-12<-N(=C\c1ccc[n-]->21)/CCN(C)C,C18 H28 Cd1 N6,0.0,CN1(C)CCN2=Cc3ccc[n-]3->[Cd+2]<-2<-134<-N(=Cc1ccc[n-]->31)CCN->4(C)C,CN(C)CCN1=Cc2ccc[n-]2->[Cd+2]<-12<-N(=Cc1ccc[n-]->21)CCN(C)C,CN(C)CCN1=Cc2ccc[n-]2->[Cd+2]<-12<-N(=Cc1ccc[n-]->21)CCN(C)C
HEKCEI,Fc1cc(F)c2-c3ncccn3->[Ir+3]34(<-[c-]2c1)(<-[c-]1cc(F)cc(F)c1-c1ncccn->31)<-n1ccccc1-c1cc(C(F)(F)F)n[n-]->41,C29 H15 F7 Ir1 N7,0.0,Fc1cc(F)c2-c3ncccn3->[Ir+3]34(<-[c-]2c1)(<-[c-]1cc(F)cc(F)c1-c1ncccn->31)<-n1ccccc1-c1cc(C(F)(F)F)n[n-]->41,Fc1cc(F)c2-c3ncccn3->[Ir+3]34(<-[c-]2c1)(<-[c-]1cc(F)cc(F)c1-c1ncccn->31)<-n1ccccc1-c1cc(C(F)(F)F)n[n-]->41,Fc1cc(F)c2-c3ncccn3->[Ir+3]34(<-[c-]2c1)(<-[c-]1cc(F)cc(F)c1-c1ncccn->31)<-n1ccccc1-c1cc(C(F)(F)F)n[n-]->41
HELROF,CC12=C->[Ru+4]<-13456(<-[Cl-])(<-[CH2-]C->3(C)=C->4CC[CH-]->52)<-[O-][N+](=O)[O-]->6,C10 H16 Cl1 N1 O3 Ru1,0.0,fail,CC12=C->[Ru+4]<-13456(<-[Cl-])(<-[CH2-]C->3(C)=C->4CC[CH-]->52)<-[O-][N+](=O)[O-]->6,CC12=C->[Ru+4]<-13456(<-[Cl-])(<-[CH2-]C->3(C)=C->4CC[CH-]->52)<-[O-][N+](=O)[O-]->6
HEPFIS,COC(=O)C1=C->[Cu@TB16+]<-12(<-[O-]S(=O)(=O)C(F)(F)F)<-n1ccccc1-c1ccccn->21,C15 H14 Cu1 F3 N2 O5 S1,0.0,COC(=O)C1=C->[Cu+]<-12(<-[O-]S(=O)(=O)C(F)(F)F)<-n1ccccc1-c1ccccn->21,COC(=O)C1=C->[Cu+]<-12(<-[O-]S(=O)(=O)C(F)(F)F)<-n1ccccc1-c1ccccn->21,COC(=O)C1=C->[Cu+]<-1234(<-O=S->2(=O)([O-]->3)C(F)(F)F)<-n1ccccc1-c1ccccn->41
HEQBEN,C1\c2ccccc2[O-]->[Co+3]23(<-[O-]/C(c4ccccc4)=N->2\N->3=1)(<-n1ccccc1)(<-n1ccccc1)<-n1ccccc1,C29 H25 Co1 N5 O2 1+,1.0,C1c2ccccc2[O-]->[Co+3]2(<-[O-]C(=NN->2=1)c1ccccc1)(<-n1ccccc1)(<-n1ccccc1)<-n1ccccc1,C1c2ccccc2[O-]->[Co+3]2(<-[O-]C(=NN->2=1)c1ccccc1)(<-n1ccccc1)(<-n1ccccc1)<-n1ccccc1,C1c2ccccc2[O-]->[Co+3]2(<-[O-]C(=NN->2=1)c1ccccc1)(<-n1ccccc1)(<-n1ccccc1)<-n1ccccc1
HERQEA,CC[C-](=O)->[Rh+3]12345(<-[I-])<-c6c->1[c-]->2(CCP->3(c1ccccc1)c1ccccc1)c->41ccccc->561,C26 H25 I1 O1 P1 Rh1,0.0,CC[C-](=O)->[Rh+3]12345(<-[I-])<-c6[cH-]->1c->2(CCP->3(c1ccccc1)c1ccccc1)c->41ccccc->561,CC[C-](=O)->[Rh+3]12345(<-[I-])<-c6c->1[c-]->2(CCP->3(c1ccccc1)c1ccccc1)c->41ccccc->561,CC[C-](=O)->[Rh+3]12345(<-[I-])<-c6c->1[c-]->2(CCP->3(c1ccccc1)c1ccccc1)c->41ccccc->561
HESNAX,CP(C)(C)->[Co+]123(<-[H]c->14ccc1ccccc1c4/N=[C-]->2/c1ccccc1P->3(c1ccccc1)c1ccccc1)<-P(C)(C)C,C35 H39 Co1 N1 P3,0.0,CP(C)(C)->[Co+]1(<-[C-](=Nc2cccc3ccccc23)c2ccccc2P->1(c1ccccc1)c1ccccc1)<-P(C)(C)C,CP(C)(C)->[Co+]12(<-[C-](=Nc3c4ccccc4ccc->13)c1ccccc1P->2(c1ccccc1)c1ccccc1)<-P(C)(C)C,CP(C)(C)->[CoH]12(<-[C]3C=Cc4ccccc4C3=N[C]->1c1ccccc1P->2(c1ccccc1)c1ccccc1)<-P(C)(C)C
HETMUO,CCO[C](/C=C(\OC(=O)/C(=C/c1ccccc1)c1ccccc1)c1ccccc1)->[W](<-[C-]#[O+])(<-[C-]#[O+])(<-[C-]#[O+])(<-[C-]#[O+])<-[C-]#[O+],C31 H22 O8 W1,0.0,CCO[C-2](C=C(OC(=O)C(=Cc1ccccc1)c1ccccc1)c1ccccc1)->[W+2](<-[C-]#[O+])(<-[C-]#[O+])(<-[C-]#[O+])(<-[C-]#[O+])<-[C-]#[O+],CCO[C](C=C(OC(=O)C(=Cc1ccccc1)c1ccccc1)c1ccccc1)->[W](<-[C-]#[O+])(<-[C-]#[O+])(<-[C-]#[O+])(<-[C-]#[O+])<-[C-]#[O+],CCO[C](C=C(OC(=O)C(=Cc1ccccc1)c1ccccc1)c1ccccc1)->[W](<-[C-]#[O+])(<-[C-]#[O+])(<-[C-]#[O+])(<-[C-]#[O+])<-[C-]#[O+]
HEVKOL,,C16 H22 B1 Mn1 N2 O2 S1,0.0,CN1C=CN(C)[C]1B([S-]->[Mn+2]1234(<-[C-]#[O+])(<-[C-]#[O+])<-c5c->1c->2[cH-]->3c->45)C(C)(C)C,Cn1cc[n+](C)c1B([S-]->[Mn+]1234(<-[C-]#[O+])(<-[C-]#[O+])<-c5c->1c->2[cH-]->3c->45)C(C)(C)C,Cn1cc[n+](C)c1B([S-]->[Mn+]1234(<-[C-]#[O+])(<-[C-]#[O+])<-c5c->1c->2[cH-]->3c->45)C(C)(C)C
HEWTAE,O=[N+]([O-])[O-]->[Ni@OH2+2]12<-OCCN->13CCN->2(CCO)Cc1ccccc1OCCOc1ccccc1C3,C22 H30 N3 Ni1 O7 1+,1.0,fail,O=[N+]1[O-]->[Ni+2]234(<-[O-]1)<-OCCN->21CCN->3(CCO->4)Cc2ccccc2OCCOc2ccccc2C1,O=[N+]1[O-]->[Ni+2]234(<-[O-]1)<-OCCN->21CCN->3(CCO->4)Cc2ccccc2OCCOc2ccccc2C1
HEYDEW,[O+]#[C-]->[Mn+]1(<-[C-]#[O+])(<-[C-]#[O+])(<-[C](Nc2ccccc2)N2CCC2)<-n2ccccc2-c2ccccn->12,C23 H20 Mn1 N4 O3 1+,1.0,[O+]#[C-]->[Mn+]1(<-[C-]#[O+])(<-[C-]#[O+])(<-[C](Nc2ccccc2)N2CCC2)<-n2ccccc2-c2ccccn->12,[O+]#[C-]->[Mn+]1(<-[C-]#[O+])(<-[C-]#[O+])(<-[C](Nc2ccccc2)N2CCC2)<-n2ccccc2-c2ccccn->12,[O+]#[C-]->[Mn+]1(<-[C-]#[O+])(<-[C-]#[O+])(<-[C](Nc2ccccc2)N2CCC2)<-n2ccccc2-c2ccccn->12
HEYYEQ,CC#N->[Pt@@+2]1(<-[CH3-])<-[c-]2cc3cccnc3n2-c2ccccn->12,C15 H14 N4 Pt1,0.0,CC#N->[Pt+]1(<-[CH3-])<-[c]2cc3cccnc3n2-c2ccccn->12,CC#N->[Pt+2]1(<-[CH3-])<-[c-]2cc3cccnc3n2-c2ccccn->12,CC#N->[Pt+2]1(<-[CH3-])<-[c-]2cc3cccnc3n2-c2ccccn->12
HEZTUB,,C20 H10 Cr1 O5,0.0,[O+]#[C-]->[Cr+2](<-[C-2]=C=C(c1ccccc1)c1ccccc1)(<-[C-]#[O+])(<-[C-]#[O+])(<-[C-]#[O+])<-[C-]#[O+],,
HIBPEP,,C34 H30 Ir1 N3 O2,0.0,CC(C)C1COC2c3ccccc3[O-]->[Ir+3]34(<-[c-]5ccccc5-c5ccccn->35)(<-[c-]3ccccc3-c3ccccn->43)<-N=21,CC(C)C1COC2c3ccccc3[O-]->[Ir+3]34(<-[c-]5ccccc5-c5ccccn->35)(<-[c-]3ccccc3-c3ccccn->43)<-N=21,CC(C)C1COC2c3ccccc3[O-]->[Ir+3]34(<-[c-]5ccccc5-c5ccccn->35)(<-[c-]3ccccc3-c3ccccn->43)<-N=21
HICKOW,Cc1cc(C)c(C2=CC=C[C-](c3c(C)cc(C)cc3C)C2=[B+]->[W](<-[C-]#[O+])(<-[C-]#[O+])(<-[C-]#[O+])(<-[C-]#[O+])<-[C-]#[O+])c(C)c1,C29 H25 B1 O5 W1,0.0,Cc1cc(C)c(-c2cccc(-c3c(C)cc(C)cc3C)c2[BH4-2]->[W+2](<-[C-]#[O+])(<-[C-]#[O+])(<-[C-]#[O+])(<-[C-]#[O+])<-[C-]#[O+])c(C)c1,C[c+]1[cH-][c+](C)[c-](-[c+]2[cH-][cH-][cH-][c-](-[c-]3[c+](C)[cH-][c+](C)[cH-][c+]3C)[c-]2[B+2]->[W+2](<-[C-]#[O+])(<-[C-]#[O+])(<-[C-]#[O+])(<-[C-]#[O+])<-[C-]#[O+])[c+](C)[cH-]1,C[c+]1[cH-][c+](C)[c-](-[c+]2[cH-][cH-][cH-][c-](-[c-]3[c+](C)[cH-][c+](C)[cH-][c+]3C)[c-]2[B+2]->[W+2](<-[C-]#[O+])(<-[C-]#[O+])(<-[C-]#[O+])(<-[C-]#[O+])<-[C-]#[O+])[c+](C)[cH-]1
HIDGEH,Cc1[nH]cc2/C=N3/CC(C)(C)C/N4=C5/c6c[nH]c(C)n6->[Fe+2]<-5<-3<-4(<-[N-]=C=S)(<-[N-]=C=S)<-n21,C17 H22 Fe1 N8 S2,0.0,Cc1[nH]cc2C=N3CC(C)(C)CN4=Cc5c[nH]c(C)n5->[Fe+2]<-3<-4(<-[N-]=C=S)(<-[N-]=C=S)<-n21,Cc1[nH]cc2C=N3CC(C)(C)CN4=Cc5c[nH]c(C)n5->[Fe+2]<-3<-4(<-[N-]=C=S)(<-[N-]=C=S)<-n21,Cc1[nH]cc2C=N3CC(C)(C)CN4=Cc5c[nH]c(C)n5->[Fe+2]<-3<-4(<-[N-]=C=S)(<-[N-]=C=S)<-n21
HIDZEA,[O-2]->[V+5]12(<-[O-2])(<-O=C3C=Cc4ccccc4/C3=C/[O-]->1)<-n1cccc3ccc4cccn->2c4c31,C23 H15 N2 O4 V1,0.0,[O-2]->[V+5]12(<-[O-2])(<-O=Cc3c([O-]->1)ccc1ccccc31)<-n1cccc3ccc4cccn->2c4c31,[O-2]->[V+5]12(<-[O-2])(<-O=C3C=Cc4ccccc4C3=C[O-]->1)<-n1cccc3ccc4cccn->2c4c31,[O-2]->[V+5]12(<-[O-2])(<-O=C3C=Cc4ccccc4C3=C[O-]->1)<-n1cccc3ccc4cccn->2c4c31
HIGDOT,COC1=C[CH-]C=C2O(C)->[Ru+4](<-[Cl-])(<-[Cl-])(<-[CH-]=C12)<-[C]1N(c2c(C)cc(C)cc2C)CCN1c1c(C)cc(C)cc1C,C30 H36 Cl2 N2 O2 Ru1,0.0,COc1cccc2O(C)->[Ru+4](<-[Cl-])(<-[Cl-])(<-[CH-2]c12)<-[C]1N(c2c(C)cc(C)cc2C)CCN1c1c(C)cc(C)cc1C,COc1cccc2O(C)->[Ru+2](<-[Cl-])(<-[Cl-])(<-[CH]c12)<-[C]1N(c2c(C)cc(C)cc2C)CCN1c1c(C)cc(C)cc1C,COc1cccc2O(C)->[Ru+2](<-[Cl-])(<-[Cl-])(<-[CH]c12)<-[C]1N(c2c(C)cc(C)cc2C)CCN1c1c(C)cc(C)cc1C
HIGPIZ,,C19 H34 N3 O2 P2 Re1,0.0,CC(C)P1(Nc2cccc3NP(C(C)C)(C(C)C)->[ReH]<-1(<-[C-]#[O+])(<-[C-]#[O+])<-n23)C(C)C,CC(C)P1(Nc2cccc3NP(C(C)C)(C(C)C)->[ReH]<-1(<-[C-]#[O+])(<-[C-]#[O+])<-n23)C(C)C,CC(C)P1(Nc2cccc3NP(C(C)C)(C(C)C)->[ReH]<-1(<-[C-]#[O+])(<-[C-]#[O+])<-n23)C(C)C
HIJGUF,,C27 H42 B1 Cu1 N4,0.0,CC(C)N(C1=C(N(C(C)C)C(C)C)[C-]1->[Cu+2]1<-n2ccccc2[B-](C)(C)c2ccccn->12)C(C)C,CC(C)N(C1=C(->[Cu+]2<-n3ccccc3[B-](C)(C)c3ccccn->23)=C1N(C(C)C)C(C)C)C(C)C,CC(C)N(C1=C(->[Cu+]2<-n3ccccc3[B-](C)(C)c3ccccn->23)=C1N(C(C)C)C(C)C)C(C)C
HIJRUN,O=Cc1ccccn1->[Zn@@+2]1(<-[Cl-])<-[O-][C@@H](Cl)c2ccccn->12,C12 H10 Cl2 N2 O2 Zn1,0.0,[Cl-]->[Zn+2]12(<-[Cl-])(<-O=Cc3ccccn->13)<-O=Cc1ccccn->21,O=Cc1ccccn1->[Zn+2](<-[Cl-])(<-[Cl-])<-n1ccccc1C=O,ClC1[O-]->[Zn+4]2(<-[Cl-])(<-[O-]C=C3C=CC=C[N-]->23)<-n2ccccc21
HIJTUP,CN1(C)c2cccc3ccc[c-](->[Pt+2]<-14<-[c-]1cccc5cccc(N->4(C)C)c51)c23,C24 H24 N2 Pt1,0.0,CN1(C)c2cccc3ccc[c-](->[Pt+2]<-14<-[c-]1cccc5cccc(N->4(C)C)c51)c23,CN1(C)c2cccc3ccc[c-](->[Pt+2]<-14<-[c-]1cccc5cccc(N->4(C)C)c51)c23,CN1(C)c2cccc3ccc[c-](->[Pt+2]<-14<-[c-]1cccc5cccc(N->4(C)C)c51)c23
HIKDAH,,C26 H47 Mo1 O2 P3,0.0,Cc1cc(C)c2[O-]->[MoH2+2]3(<-[H]C(c2c1)c1cc(C)cc(C)c1[O-]->3)(<-P(C)(C)C)(<-P(C)(C)C)<-P(C)(C)C,Cc1cc(C)c2[O-]->[MoH2+2](<-[O-]c3c(C)cc(C)cc3Cc2c1)(<-P(C)(C)C)(<-P(C)(C)C)<-P(C)(C)C,CC1=CC2=Cc3cc(C)cc(C)c3[O-]->[MoH3+3](<-[O-]C2=C(C)[CH-]1)(<-P(C)(C)C)(<-P(C)(C)C)<-P(C)(C)C
HILKOC,[O-2]->[Mo+6]12(<-[O-2])(<-O=P(c3ccccc3)(c3ccccc3)c3ccccc3)<-[O-]c3ccccc3/C=N->1/c1ccccc1[O-]->2,C31 H24 Mo1 N1 O5 P1,0.0,[O-2]->[Mo+7]12(<-[O-2])(<-[O-]c3ccccc3C=N->1c1ccccc1[O-]->2)<-[O-][P](c1ccccc1)(c1ccccc1)c1ccccc1,[O-2]->[Mo+6]12(<-[O-2])(<-O=P(c3ccccc3)(c3ccccc3)c3ccccc3)<-[O-]c3ccccc3C=N->1c1ccccc1[O-]->2,[O-2]->[Mo+6]12(<-[O-2])(<-O=P(c3ccccc3)(c3ccccc3)c3ccccc3)<-[O-]c3ccccc3C=N->1c1ccccc1[O-]->2
HIMQEA,CN1CCOCCOCCN(C)Cc2cccc([c-]2->[Hg+2]<-[Br-])C1,C16 H25 Br1 Hg1 N2 O2,0.0,CN12->[Hg+2]3(<-[Br-])<-[c-]4c(cccc4CN->3(C)CCOCCOCC1)C2,CN1CCOCCOCCN(C)Cc2cccc([c-]2->[Hg+2]<-[Br-])C1,CN1CCOCCOCCN(C)Cc2cccc([c-]2->[Hg+2]<-[Br-])C1
HINJEU,CC(C)N1C=CN(C(C)C)[C]1->[Ni+2]1(<-[N-2]N->1=C(c1ccccc1)c1ccccc1)<-[C]1N(C(C)C)C=CN1C(C)C,C31 H42 N6 Ni1,0.0,CC(C)N1C=CN(C(C)C)[C]1->[Ni+]1(<-[N-]N->1=C(c1ccccc1)c1ccccc1)<-[C]1N(C(C)C)C=CN1C(C)C,CC(C)N1C=CN(C(C)C)[C]1->[Ni+2]1(<-[N-2]N->1=C(c1ccccc1)c1ccccc1)<-[C]1N(C(C)C)C=CN1C(C)C,CC(C)N1C=CN(C(C)C)[C]1->[Ni+2]1(<-[N-2]N->1=C(c1ccccc1)c1ccccc1)<-[C]1N(C(C)C)C=CN1C(C)C
HINVEF,[O-2]->[Mo+6]123(<-[O-2])<-[O-]c4ccccc4N->1(CCN->2(Cc1ccc(Cl)cc1)c1ccccc1[O-]->3)Cc1ccc(Cl)cc1,C28 H24 Cl2 Mo1 N2 O4,0.0,[O-2]->[Mo+6]123(<-[O-2])<-[O-]c4ccccc4N->1(CCN->2(Cc1ccc(Cl)cc1)c1ccccc1[O-]->3)Cc1ccc(Cl)cc1,[O-2]->[Mo+6]123(<-[O-2])<-[O-]c4ccccc4N->1(CCN->2(Cc1ccc(Cl)cc1)c1ccccc1[O-]->3)Cc1ccc(Cl)cc1,[O-2]->[Mo+6]123(<-[O-2])<-[O-]c4ccccc4N->1(CCN->2(Cc1ccc(Cl)cc1)c1ccccc1[O-]->3)Cc1ccc(Cl)cc1
HIPCOZ,COc1cccc2c1C(=O)c1cccn3->[Ru+2](<-[Cl-])(<-[Cl-])(<-[C-]#[O+])(<-[C-]#[O+])<-O=C2c13,C16 H9 Cl2 N1 O5 Ru1,0.0,COc1cccc2c1C(=O)c1cccn3->[Ru+2](<-[Cl-])(<-[Cl-])(<-[C-]#[O+])(<-[C-]#[O+])<-O=C2c13,COc1cccc2c3[O-]->[Ru+4](<-[Cl-])(<-[Cl-])(<-[C-]#[O+])(<-[C-]#[O+])<-[n-]4cccc(c(=O)c12)-c34,COc1cccc2c3[O-]->[Ru+4](<-[Cl-])(<-[Cl-])(<-[C-]#[O+])(<-[C-]#[O+])<-[n-]4cccc(c(=O)c12)-c34
HIQCOC,,C30 H12 F12 N5 O2 Rh1,0.0,[O+]#[C-]->[Rh+]1(<-[C-]#[O+])<-n2c3c4nc(c(C(F)(F)F)c5ccc([nH]5)c(C(F)(F)F)c5ccc([nH]5)c(C(F)(F)F)c5ccc(c(C(F)(F)F)c2C=C3)[n-]->15)C=C4,[O+]#[C-]->[Rh+]1(<-[C-]#[O+])<-n2c3c4nc(c(C(F)(F)F)c5ccc([nH]5)c(C(F)(F)F)c5ccc([nH]5)c(C(F)(F)F)c5ccc(c(C(F)(F)F)c2C=C3)[n-]->15)C=C4,O=[C-]1n2c3ccc2c2n4->[Rh+]<-15(<-[C-]#[O+])<-c1cc([nH]c1c(C(F)(F)F)c1n->5c(c(C(F)(F)F)c4C=C2)C=C1)c(C(F)(F)F)c1ccc([nH]1)c3C(F)(F)F
HIQSIK,O=Cc1ccc(C(=O)[O-]->[Zn+2](<-[O-]C(=O)c2ccc(C=O)cc2)(<-n2cc[nH]c2)<-n2cc[nH]c2)cc1,C22 H18 N4 O6 Zn1,0.0,O=Cc1ccc(C(=O)[O-]->[Zn+2](<-[O-]C(=O)c2ccc(C=O)cc2)(<-n2cc[nH]c2)<-n2cc[nH]c2)cc1,O=Cc1ccc(C(=O)[O-]->[Zn+2](<-[O-]C(=O)c2ccc(C=O)cc2)(<-n2cc[nH]c2)<-n2cc[nH]c2)cc1,O=Cc1ccc(C23=O->[Zn+2]<-245(<-O=C->4([O-]->5)c2ccc(C=O)cc2)(<-[O-]3)(<-n2cc[nH]c2)<-n2cc[nH]c2)cc1
HIRYOW,[CH3-]->[Pt+4]12(<-[CH3-])(<-[CH3-])<-O[C@@H]3[C@@H](O)[C@H](O->1)[C@H]1CO[C@@H]3O->21,C9 H19 O5 Pt1 1+,1.0,[CH3-]->[Pt+4]12(<-[CH3-])(<-[CH3-])<-OC3C(O)C(O->1)C1OCC3O->21,[CH3-]->[Pt+4]12(<-[CH3-])(<-[CH3-])<-OC3C(O)C(O->1)C1OCC3O->21,[CH3-]->[Pt+4]12(<-[CH3-])(<-[CH3-])<-OC3C(O)C(O->1)C1OCC3O->21
HISNOM,COc1ccc(/N2=C/C=N(/c3ccc(OC)cc3)->[Pt+2]<-2(<-[CH3-])<-[CH3-])cc1,C18 H22 N2 O2 Pt1,0.0,COc1ccc(N2=CC=N(c3ccc(OC)cc3)->[Pt+2]<-2(<-[CH3-])<-[CH3-])cc1,COc1ccc(N2=CC=N(c3ccc(OC)cc3)->[Pt+2]<-2(<-[CH3-])<-[CH3-])cc1,COc1ccc(N2=CC=N(c3ccc(OC)cc3)->[Pt+2]<-2(<-[CH3-])<-[CH3-])cc1
HISYAJ,CC(C)c12->[Ru+2]34567(<-[Cl-])(<-[O-]C(=O)[C@H](C)[S@@]->3(=O)c3ccccc3)<-c(c->41)c->5(C)c->6c->72,C19 H23 Cl1 O3 Ru1 S1,0.0,CC(C)c12->[Ru+2]34567(<-[Cl-])(<-[O-]C(=O)C(C)S->3(=O)c3ccccc3)<-c(c->41)c->5(C)c->6c->72,CC(C)c12->[Ru+2]34567(<-[Cl-])(<-[O-]C(=O)C(C)S->3(=O)c3ccccc3)<-c(c->41)c->5(C)c->6c->72,CC(C)c12->[Ru+2]34567(<-[Cl-])(<-[O-]C(=O)C(C)S->3(=O)c3ccccc3)<-c(c->41)c->5(C)c->6c->72
HIVXOZ,,C18 H43 N2 O2 P2 Re1,0.0,CC(C)P(C(C)C)(C(C)C)->[ReH+2](<-[N-]=O)(<-[N-]=O)<-P(C(C)C)(C(C)C)C(C)C,CC(C)P(C(C)C)(C(C)C)->[ReH+2](<-[N-]=O)(<-[N-]=O)<-P(C(C)C)(C(C)C)C(C)C,CC(C)P(C(C)C)(C(C)C)->[ReH+2](<-[N-]=O)(<-[N-]=O)<-P(C(C)C)(C(C)C)C(C)C
HIWJOP,CO->[Mo+6]12(<-[O-2])(<-[O-2])<-[O-]/C(=N\N->1=C\c1ccccc1[O-]->2)c1ccccc1N,C15 H15 Mo1 N3 O5,0.0,CO->[Mo+6]12(<-[O-2])(<-[O-2])<-[O-]C(=NN->1=Cc1ccccc1[O-]->2)c1ccccc1N,CO->[Mo+6]12(<-[O-2])(<-[O-2])<-[O-]C(=NN->1=Cc1ccccc1[O-]->2)c1ccccc1N,CO.Nc1ccccc1C1=NN2->[Mo+6](<-[O-2])(<-[O-2])(<-[O-]1)<-[O-]c1ccccc1C=2
HIXBUL,CCCOCN12Cn3c(C)cc(C)n3->[Ni@SP3+2]<-13<-S=C(SC)C1=C([N-]->3C[C@H]2C)CCC1,C20 H33 N4 Ni1 O1 S2 1+,1.0,CCCOCN12Cn3c(C)cc(C)n3->[Ni+2]<-13<-S=C(SC)C1=C([N-]->3CC2C)CCC1,CCCOCN12Cn3c(C)cc(C)n3->[Ni+2]<-13<-S=C(SC)C1=C([N-]->3CC2C)CCC1,CCCO1CN23Cn4c(C)cc(C)n4->[Ni+2]<-1<-24<-S=C(SC)C1=C([N-]->4CC3C)CCC1
HIXZEU,CN1c2ccccc2C(=P(c2ccccc2)(c2ccccc2)c2ccccc2)[C]1->[Rh+](<-[Cl-])(<-[C-]#[O+])<-[C-]#[O+],C29 H22 Cl1 N1 O2 P1 Rh1,0.0,CN1c2ccccc2C(=P(c2ccccc2)(c2ccccc2)c2ccccc2)[C]1->[Rh+](<-[Cl-])(<-[C-]#[O+])<-[C-]#[O+],CN1c2ccccc2C(=P(c2ccccc2)(c2ccccc2)c2ccccc2)[C]1->[Rh+](<-[Cl-])(<-[C-]#[O+])<-[C-]#[O+],CN1c2ccccc2C(=P(c2ccccc2)(c2ccccc2)c2ccccc2)[C]1->[Rh+](<-[Cl-])(<-[C-]#[O+])<-[C-]#[O+]
HIZZIZ,CC(C)N12->[Cu+]<-[O-]c3c(CN(CCC1)CCC2)cc(C(C)(C)C)cc3C(C)(C)C,C24 H41 Cu1 N2 O1,0.0,CC(C)N12->[Cu+]3<-[O-]c4c(CN->3(CCC1)CCC2)cc(C(C)(C)C)cc4C(C)(C)C,CC(C)N12->[Cu+]3<-[O-]c4c(CN->3(CCC1)CCC2)cc(C(C)(C)C)cc4C(C)(C)C,CC(C)N12->[Cu+]3<-[O-]c4c(CN->3(CCC1)CCC2)cc(C(C)(C)C)cc4C(C)(C)C
HOBJIS,,C14 H21 Cl2 Nb1 O2,0.0,COC12O->[Nb+3]<-134567(<-[Cl-])(<-[Cl-])(<-CC->3=2C)<-[cH-]1c->4(C)c->5(C)c->6(C)c->71C,COC12[O-]->[Nb+5]<-134567(<-[Cl-])(<-[Cl-])(<-[CH2-]C->3=2C)<-c1c->4(C)c->5(C)c->6(C)[c-]->71C,COC12[O-]->[Nb+5]<-134567(<-[Cl-])(<-[Cl-])(<-[CH2-]C->3=2C)<-c1c->4(C)c->5(C)c->6(C)[c-]->71C
HOBQIZ,C/C1=N(\c2ccc(C#N)cc2)->[Fe+2]234(<-[Cl-])(<-[Cl-])<-N(=C(/C)c->25cccc->31n->45)/c1c(C)cccc1C,C24 H22 Cl2 Fe1 N4,0.0,CC1c2cccc3C(C)=N(c4c(C)cccc4C)->[Fe+2](<-[Cl-])(<-[Cl-])(<-N=1c1ccc(C#N)cc1)<-n23,CC1c2cccc3C(C)=N(c4c(C)cccc4C)->[Fe+2](<-[Cl-])(<-[Cl-])(<-N=1c1ccc(C#N)cc1)<-n23,CC1c2cccc3C(C)=N(c4c(C)cccc4C)->[Fe+2](<-[Cl-])(<-[Cl-])(<-N=1c1ccc(C#N)cc1)<-n23
HOCLIU,C/C(=N\NC(=S)N(C)C)c1ccccn1->[Cd+2](<-[Cl-])<-[Cl-],C10 H14 Cd1 Cl2 N4 S1,0.0,CC1c2ccccn2->[Cd+2]2(<-[Cl-])(<-[Cl-])<-S=C(NN->2=1)N(C)C,CC1c2ccccn2->[Cd+2]2(<-[Cl-])(<-[Cl-])<-S=C(NN->2=1)N(C)C,CC1c2ccccn2->[Cd+2]2(<-[Cl-])(<-[Cl-])<-S=C(NN->2=1)N(C)C
HOFKOE,Oc1cccc2CN3Cc4cccc(O)n4->[Cu+](<-[Cl-])(<-n12)<-n1c(O)cccc1C3,C18 H18 Cl1 Cu1 N4 O3,0.0,Oc1cccc2CN34Cc5cccc(O)n5->[Cu+]<-3(<-[Cl-])(<-n12)<-n1c(O)cccc1C4,Oc1cccc2CN34Cc5cccc(O)n5->[Cu+]<-3(<-[Cl-])(<-n12)<-n1c(O)cccc1C4,Oc1cccc2CN34Cc5cccc(O)n5->[Cu+]<-3(<-[Cl-])(<-n12)<-n1c(O)cccc1C4
HOGNOI,CC(C)[S@]1(=O)c2ccccc2C(=O)[O-]->[Ru+2]<-123(<-n1ccccc1-c1ccccn->21)<-n1ccccc1-c1ccccn->31,C30 H27 N4 O3 Ru1 S1 1+,1.0,CC(C)S1(=O)c2ccccc2C(=O)[O-]->[Ru+2]<-123(<-n1ccccc1-c1ccccn->21)<-n1ccccc1-c1ccccn->31,CC(C)S1(=O)c2ccccc2C(=O)[O-]->[Ru+2]<-123(<-n1ccccc1-c1ccccn->21)<-n1ccccc1-c1ccccn->31,CC(C)S1(=O)c2ccccc2C(=O)[O-]->[Ru+2]<-123(<-n1ccccc1-c1ccccn->21)<-n1ccccc1-c1ccccn->31
HOHHOD,O=C1c2cccc3C(=O)/N(=C4/NCCS4)->[Cd+2]45(<-[O-][N+](=O)[O-]->4)(<-[O-][N+](=O)[O-]->5)(<-N\1=C1/NCCS1)<-n23,C13 H13 Cd1 N7 O8 S2,0.0,O=C1c2cccc3C(=O)[N-](C4=[NH+]CCS4)->[Cd+2]45(<-[O-][N+](=O)[O-]->4)(<-[O-][N+](=O)[O-]->5)(<-n23)<-[N-]1C1=[NH+]CCS1,O=C1c2cccc3C(=O)N(=C4NCCS4)->[Cd+2]45(<-[O-][N+](=O)[O-]->4)(<-[O-][N+](=O)[O-]->5)(<-N1=C1NCCS1)<-n23,O=C1c2cccc3C(=O)N(=C4NCCS4)->[Cd+2]4567(<-[O-][N+]->4(=O)[O-]->5)(<-[O-][N+]->6(=O)[O-]->7)(<-N1=C1NCCS1)<-n23
HOJBEO,,C65 H15 Br1 Mo1 O2,0.0,CC12c3c4c5c6c7c8c9c%10c%11c%12c%13c%14c%15c%16c%17c%18c(c1c1c3c3c5c5c%19c6c9c6c9c%10c%13c%10c%13c%14c%17c%14c%17c%18c1c1c3c5c3c(c1%17)c(c%14%13)c(c9%10)c3c%196)C%16(C)c13->[Mo+6]569(<-[O-2])(<-[O-2])(<-[Br-])<-c12c->5(c->6([c-]->93C%15%12C)C8%11C)C47C,CC12c3c4c5c6c7c8c9c%10c%11c%12c%13c%14c%15c%16c%17c%18c(c1c1c3c3c5c5c%19c6c9c6c9c%10c%13c%10c%13c%14c%17c%14c%17c%18c1c1c3c5c3c(c1%17)c(c%14%13)c(c9%10)c3c%196)C%16(C)c13->[Mo+6]569(<-[O-2])(<-[O-2])(<-[Br-])<-c12c->5(c->6([c-]->93C%15%12C)C8%11C)C47C,CC12c3c4c5c6c7c8c9c%10c%11c%12c%13c%14c%15c%16c%17c%18c(c1c1c3c3c5c5c%19c6c9c6c9c%10c%13c%10c%13c%14c%17c%14c%17c%18c1c1c3c5c3c(c1%17)c(c%14%13)c(c9%10)c3c%196)C%16(C)c13->[Mo+6]569(<-[O-2])(<-[O-2])(<-[Br-])<-c12c->5(c->6([c-]->93C%15%12C)C8%11C)C47C
HOKSIJ,CC1(C)/C(=N\C(=N/C(c2ccccc2)=N2\C(=N/C(=S->[Pd+2]<-2(<-[Cl-])<-[Cl-])c2ccccc2)\c2ccccc2)c2ccccc2)[C@@]2(C)CC[C@@H]1C2,C38 H36 Cl2 N4 Pd1 S1,0.0,CC12CCC(C1)C(C)(C)C2=NC(=NC(c1ccccc1)=N1C(=NC(=S->[Pd+2]<-1(<-[Cl-])<-[Cl-])c1ccccc1)c1ccccc1)c1ccccc1,CC12CCC(C1)C(C)(C)C2=NC(=NC(c1ccccc1)=N1C(=NC(=S->[Pd+2]<-1(<-[Cl-])<-[Cl-])c1ccccc1)c1ccccc1)c1ccccc1,CC12CCC(C1)C(C)(C)C2=NC(=NC(c1ccccc1)=N1C2(=NC(=S->[Pd+2]<-1<-2(<-[Cl-])<-[Cl-])c1ccccc1)c1ccccc1)c1ccccc1
HOLFOD,CN[C-](=O)->[Au+]<-P(c1ccccc1)(c1ccccc1)c1ccccc1,C20 H19 Au1 N1 O1 P1,0.0,CN[C](=O)->[Au]<-P(c1ccccc1)(c1ccccc1)c1ccccc1,CN[C-](=O)->[Au+]<-P(c1ccccc1)(c1ccccc1)c1ccccc1,CN[C-](=O)->[Au+]<-P(c1ccccc1)(c1ccccc1)c1ccccc1
HOLROS,,C23 H18 N1 O2 W1 1+,1.0,CC1=C->[W+2]<-123456(<-[C-]#[O+])(<-[C-]#[O+])<-c1[cH-]->2c->32ccccc->42c->51-c1cccc2cccn->6c12,CC1=C->[W+2]<-123456(<-[C-]#[O+])(<-[C-]#[O+])<-c1c->2[c-]->3(-c2cccc3cccn->4c23)c->52ccccc->612,CC1=C->[W+2]<-123456(<-[C-]#[O+])(<-[C-]#[O+])<-c1c->2[c-]->3(-c2cccc3cccn->4c23)c->52ccccc->612
HOMXIQ,,C11 H17 B2 Br1 N2 O2 Ru1,0.0,CN(C)B(Br)[BH2-](N(C)C)->[Ru+2]1234(<-[C-]#[O+])(<-[C-]#[O+])<-c5c->1c->2[cH-]->3c->45,CN(C)B(Br)B(=[N+](C)C)->[Ru]1234(<-[C-]#[O+])(<-[C-]#[O+])<-c5c->1c->2[cH-]->3c->45,CN(C)B(Br)B(=[N+](C)C)->[Ru]1234(<-[C-]#[O+])(<-[C-]#[O+])<-c5c->1c->2[cH-]->3c->45
HONVEN,O=C1[N-]2c3cc(Cl)c(Cl)cc3[N-]3C(=O)C([O-]->[Mn+5]<-2<-3(<-[O-2])<-[O-]C1(c1ccccc1)c1ccccc1)(c1ccccc1)c1ccccc1,C34 H22 Cl2 Mn1 N2 O5 1-,-1.0,O=C1[N-]2c3cc(Cl)c(Cl)cc3[N-]3C(=O)C([O-]->[Mn+5]<-2<-3(<-[O-2])<-[O-]C1(c1ccccc1)c1ccccc1)(c1ccccc1)c1ccccc1,O=C1[N-]2c3cc(Cl)c(Cl)cc3[N-]3C(=O)C([O-]->[Mn+5]<-2<-3(<-[O-2])<-[O-]C1(c1ccccc1)c1ccccc1)(c1ccccc1)c1ccccc1,O=C1[N-]2c3cc(Cl)c(Cl)cc3[N-]3C(=O)C([O-]->[Mn+5]<-2<-3(<-[O-2])<-[O-]C1(c1ccccc1)c1ccccc1)(c1ccccc1)c1ccccc1
HOPMEE,Cc12->[Ti+4]3456789%10(<-[CH3-])(<-[CH3-])<-c1(C)c->3(C)[c-]->4(P(c1ccccc1)[c-]->51c->6(C)c->7(C)c->8(C)c->91C)c->%102C,C26 H35 P1 Ti1,0.0,Cc12->[Ti+4]3456789%10(<-[CH3-])(<-[CH3-])<-c%11(C)c->3(C)c->4(C)[c-]->5(P(c3ccccc3)c->61c->7(C)[c-]->8(C)c->92C)c->%10%11C,Cc12->[Ti+4]3456789%10(<-[CH3-])(<-[CH3-])<-c1(C)c->3(C)[c-]->4(P(c1ccccc1)[c-]->51c->6(C)c->7(C)c->8(C)c->91C)c->%102C,Cc12->[Ti+4]3456789%10(<-[CH3-])(<-[CH3-])<-c1(C)c->3(C)[c-]->4(P(c1ccccc1)[c-]->51c->6(C)c->7(C)c->8(C)c->91C)c->%102C
HOPYIW,N#[N+][N-2]->[Ni@@+2]12<-S=C(N)/N=N->1/C=C1/C=CC=C[N-]->21,C7 H7 N7 Ni1 S1,0.0,[N-]=[N+]=[N-]->[Ni+2]12<-[S-]C(N)=NN->1=Cc1ccccn->21,N#[N+][N-2]->[Ni+2]12<-S=C(N)N=N->1C=C1C=CC=C[N-]->21,N#[N+][N-2]->[Ni+2]12<-S=C(N)N=N->1C=C1C=CC=C[N-]->21
HOQYIV,,C34 H39 P1 Ru1 S2,0.0,CC(C)(C)C#[C-]->[Ru+4]12345(<-[S-][S-]->1)(<-c1(C)c->2(C)c->3(C)[c-]->4(C)c->51C)<-P(c1ccccc1)(c1ccccc1)c1ccccc1,CC(C)(C)C#[C-]->[Ru+2]12345(<-S=S->1)(<-c1(C)c->2(C)c->3(C)[c-]->4(C)c->51C)<-P(c1ccccc1)(c1ccccc1)c1ccccc1,CC(C)(C)C#[C-]->[Ru+2]12345(<-S=S->1)(<-c1(C)c->2(C)c->3(C)[c-]->4(C)c->51C)<-P(c1ccccc1)(c1ccccc1)c1ccccc1
HOSPAI,,C12 H10 Hg1 I2 N4 O1,0.0,[I-]->[Hg+2]12(<-[I-])<-O=C(NN->1=Cc1ccccn->21)c1cccnc1,O=C(NN(=Cc1ccccn1)->[Hg+2](<-[I-])<-[I-])c1cccnc1,O=C(NN=Cc1ccccn1)c1cccnc1.[I-]->[Hg+2]<-[I-]
HOSXIY,CC1(C)CO/C2=C3\C=CC=CC3=S->[Pt+2]3(<-S=C4C=CC=C/C4=C4\OCC(C)(C)[N-]->34)<-[N-]21,C22 H24 N2 O2 Pt1 S2,0.0,fail,CC1(C)COC2=C3C=CC=CC3=S->[Pt+2]3(<-S=C4C=CC=CC4=C4OCC(C)(C)[N-]->34)<-[N-]21,CC1(C)COC2=C3C=CC=CC3=S->[Pt+2]3(<-S=C4C=CC=CC4=C4OCC(C)(C)[N-]->34)<-[N-]21
HOTRUF,,C39 H37 Ag1 N1 O2 1+,1.0,CC(C)O->[Ag+](<-OC(C)C)<-n1c(-c2c3ccccc3cc3ccccc23)cccc1-c1c2ccccc2cc2ccccc12,CC(C)O->[Ag+](<-OC(C)C)<-n1c(-c2c3ccccc3cc3ccccc23)cccc1-c1c2ccccc2cc2ccccc12,CC(C)O->[Ag+]12(<-OC(C)C)<-c3cccc4cc5ccccc5c(-c5cccc(-c6c7ccccc7cc7cccc->1c67)n->25)c43
HOVMUB,CC(C)N1c2ccccc2S#C1->[Pd+2](<-[I-])(<-[I-])<-n1ccc(C(C)(C)C)cc1,C19 H24 I2 N2 Pd1 S1,0.0,fail,CC(C)N1c2ccccc2S#C1->[Pd+2](<-[I-])(<-[I-])<-n1ccc(C(C)(C)C)cc1,CC(C)N1c2ccccc2S#C1->[Pd+2](<-[I-])(<-[I-])<-n1ccc(C(C)(C)C)cc1
HOWTES,CCCN->[Ru+2]1234(<-NCCC)(<-C(/C(=O)OC)=C->1\C(=O)OC)<-[CH+]1[CH-][CH-][CH-]->2[CH-]->3CC[CH+]->41,C20 H36 N2 O4 Ru1,0.0,CCCN->[Ru]1234(<-NCCC)(<-C5=C->1CCC->2=C->3C=C5)<-C(C(=O)OC)=C->4C(=O)OC,CCCN->[Ru]1234(<-NCCC)(<-C5=C->1CCC->2=C->3C=C5)<-C(C(=O)OC)=C->4C(=O)OC,CCCN->[Ru]1234(<-NCCC)(<-C5=C->1CCC->2=C->3C=C5)<-C(C(=O)OC)=C->4C(=O)OC
HOYFEG,c1ccc([S-]->[Ni@OH2+2]23<-[S-]c4ccccc4S->2c2ccccc2[S-]->3)cc1,C18 H13 Ni1 S4 1-,-1.0,c1ccc([S-]->[Ni+2]23<-[S-]c4ccccc4S->2c2ccccc2[S-]->3)cc1,C1=CC2=S->[Ni]3(<-S=C4C=CC=CC4=S->3=C2C=C1)<-[S-]c1ccccc1,C1=CC2=S->[Ni]3(<-S=C4C=CC=CC4=S->3=C2C=C1)<-[S-]c1ccccc1
HOZGOT,CC(C)c1cc(C(C)C)n2->[Zn+2]34(<-[O-][N+](=O)[O-]->3)<-n3c(C(C)C)cc(C(C)C)n3[BH-](n12)n1c(C(C)C)cc(C(C)C)n->41,C27 H46 B1 N7 O3 Zn1,0.0,CC(C)c1cc(C(C)C)[n-]2->[Zn+2]34(<-[O-][N+](=O)[O-]->3)<-[n-]3c(C(C)C)cc(C(C)C)[n+]3[BH-]([n+]12)[n+]1c(C(C)C)cc(C(C)C)[n-]->41,CC(C)c1cc(C(C)C)n2->[Zn+2]3(<-[O-][N+](=O)[O-])<-n4c(C(C)C)cc(C(C)C)n4[BH-](n12)n1c(C(C)C)cc(C(C)C)n->31,CC(C)c1cc(C(C)C)n2->[Zn+2]34(<-[O-][N+](=O)[O-]->3)<-n3c(C(C)C)cc(C(C)C)n3[BH-](n12)n1c(C(C)C)cc(C(C)C)n->41
HUBBAJ,C[CH2-]->[Zn@@+2]12<-[c-]3n(C)cc[n+]3-[c-]3cccc/c3=N->1\P(=CP->2(c1ccccc1)c1ccccc1)(c1ccccc1)c1ccccc1,C37 H35 N3 P2 Zn1,0.0,C[CH2-]->[Zn+2]12<-[C]3N(C)C=CN3c3ccccc3[N-]->1P(=CP->2(c1ccccc1)c1ccccc1)(c1ccccc1)c1ccccc1,C[CH2-]->[Zn+2]12<-[c-]3n(C)cc[n+]3-c3ccccc3[N-]->1P(=CP->2(c1ccccc1)c1ccccc1)(c1ccccc1)c1ccccc1,C[CH2-]->[Zn+2]12<-[c-]3n(C)cc[n+]3-c3ccccc3[N-]->1P(=CP->2(c1ccccc1)c1ccccc1)(c1ccccc1)c1ccccc1
HUBFAM,CC(C)c1cccc(C(C)C)c1/N1=C2/c3ccccn3->[Co+]<-2<-134<-[CH-](C1=C[CH-]C=C[N-]->31)[N-]->4[C+]1[C+](C(C)C)[CH+][CH+][CH-][C-]1C(C)C,C36 H44 Co1 N4 1-,-1.0,CC(C)c1cccc(C(C)C)c1[N-]1[CH]c2ccccn2->[Co+2]<-12<-[N-]1C=CC=CC1=C[N-]->2c1c(C(C)C)cccc1C(C)C,CC(C)c1cccc(C(C)C)c1N1=Cc2ccccn2->[Co-]<-12<-N(=Cc1ccccn->21)c1c(C(C)C)cccc1C(C)C,CC(C)c1cccc(C(C)C)c1N1=Cc2ccccn2->[Co-]<-12<-N(=Cc1ccccn->21)c1c(C(C)C)cccc1C(C)C
HUCBEO,CC#N->[Pd+2](<-[Cl-])(<-[Cl-])<-[c-]1c(-c2ccccc2)n(C)n[n+]1Cc1cc2ccc1CCc1ccc(cc1)CC2,C28 H28 Cl2 N4 Pd1,0.0,CC#N->[Pd+](<-[Cl-])(<-[Cl-])<-[c]1c(-c2ccccc2)n(C)n[n+]1Cc1cc2ccc1CCc1ccc(cc1)CC2,CC#N->[Pd+2](<-[Cl-])(<-[Cl-])<-[c-]1c(-c2ccccc2)n(C)n[n+]1Cc1cc2ccc1CCc1ccc(cc1)CC2,CC#N->[Pd+2](<-[Cl-])(<-[Cl-])<-[c-]1c(-c2ccccc2)n(C)n[n+]1Cc1cc2ccc1CCc1ccc(cc1)CC2
HUDZUB,Cc1cc(C)c(-n2ccn3[BH2-]n4ccn(-c5c(C)cc(C)cc5C)c4=S->[Zn+2]4(<-[O-][N+](=O)[O-]->4)<-S=c32)c(C)c1,C24 H28 B1 N5 O3 S2 Zn1,0.0,fail,Cc1cc(C)c(-n2ccn3Bn4ccn(-c5c(C)cc(C)cc5C)c4=S->[ZnH+]4(<-[O-][N+](=O)[O-]->4)<-S=c32)c(C)c1,Cc1cc(C)c(-n2ccn3[BH2-]n4ccn(-c5c(C)cc(C)cc5C)c4=S->[Zn+2]4(<-[O-][N+](=O)[O-]->4)<-S=c32)c(C)c1
HUHSUA,Cc1cc(C)c(N2C=CN(c3c(C)cc(C)cc3C)[C]2->[W+6](<-[O-2])(<-[Cl-])(<-[Cl-])<-[CH]C(C)(C)[C-]2[CH-][CH+][CH+][CH-][CH-]2)c(C)c1,C31 H36 Cl2 N2 O1 W1,0.0,Cc1cc(C)c(N2C=CN(c3c(C)cc(C)cc3C)[C]2->[W+6](<-[O-2])(<-[Cl-])(<-[Cl-])<-[CH-2]C(C)(C)c2ccccc2)c(C)c1,Cc1cc(C)c(N2C=CN(c3c(C)cc(C)cc3C)[C]2->[W+4](<-[O-2])(<-[Cl-])(<-[Cl-])<-[CH]C(C)(C)c2ccccc2)c(C)c1,Cc1cc(C)c(N2C=CN(c3c(C)cc(C)cc3C)[C]2->[W+4](<-[O-2])(<-[Cl-])(<-[Cl-])<-[CH]C(C)(C)c2ccccc2)c(C)c1
HUJXUF,,C13 H28 I2 O7 P2 W1,0.0,COP(OC)(OC)->[W+2]1(<-[I-])(<-[I-])(<-[C-]#[O+])(<-C#C->1C(C)(C)C)<-P(OC)(OC)OC,COP(OC)(OC)->[W+2]1(<-[I-])(<-[I-])(<-[C-]#[O+])(<-C#C->1C(C)(C)C)<-P(OC)(OC)OC,COP(OC)(OC)->[W+2]1(<-[I-])(<-[I-])(<-[C-]#[O+])(<-C#C->1C(C)(C)C)<-P(OC)(OC)OC
HUMBAS,Cn1ccn([BH2-]n2ccn(C)c2=S->[Au+]<-P(c2ccccc2)(c2ccccc2)c2ccccc2)c1=S,C26 H27 Au1 B1 N4 P1 S2,0.0,Cn1ccn2[BH2-]n3ccn(C)c3=S->[Au+](<-S=c12)<-P(c1ccccc1)(c1ccccc1)c1ccccc1,Cn1ccn2[BH2-]n3ccn(C)c3=S->[Au+](<-S=c12)<-P(c1ccccc1)(c1ccccc1)c1ccccc1,Cn1ccn2[BH2-]n3ccn(C)c3=S->[Au+](<-S=c12)<-P(c1ccccc1)(c1ccccc1)c1ccccc1
HUMZIA,CCn1c(CN2(Cc3n(CC)c4ccccc4n3->[Ni+2]<-2(<-[Cl-])<-[Cl-])c2ccccc2)nc2ccccc21,C26 H27 Cl2 N5 Ni1,0.0,CCn1c2CN3(Cc4n(CC)c5ccccc5n4->[Ni+2]<-3(<-[Cl-])(<-[Cl-])<-n2c2ccccc21)c1ccccc1,CCn1c2CN3(Cc4n(CC)c5ccccc5n4->[Ni+2]<-3(<-[Cl-])(<-[Cl-])<-n2c2ccccc21)c1ccccc1,CCn1c2CN3(Cc4n(CC)c5ccccc5n4->[Ni+2]<-3(<-[Cl-])(<-[Cl-])<-n2c2ccccc21)c1ccccc1
HUNSEP,CC1=NN(c2ccccc2)C2=O->[Ru+2]34567(<-[N-2][N+]#N)(<-[O-]/C(=C/12)c1ccccc1)<-c1c->3c->4(C(C)C)c->5c->6c->71C,C27 H27 N5 O2 Ru1,0.0,fail,Cc1nn(-c2ccccc2)c2[O-]->[Ru+2]34567(<-[N-2][N+]#N)(<-O=C(c8ccccc8)c12)<-c1c->3c->4(C(C)C)c->5c->6c->71C,Cc1nn(-c2ccccc2)c2[O-]->[Ru+2]34567(<-[N-2][N+]#N)(<-O=C(c8ccccc8)c12)<-c1c->3c->4(C(C)C)c->5c->6c->71C
HUPFIJ,,C36 H39 Cl1 Ir1 N5,0.0,Cc1cc(N=C2c3ccccc3C3=Nc4cc(C)c5c(n4->[Ir+3]4678(<-[Cl-])(<-[N-]23)<-c2(C)c->4(C)c->6(C)[c-]->7(C)c->82C)CCC5)nc2c1CCC2,Cc1cc(N=C2c3ccccc3C3=Nc4cc(C)c5c(n4->[Ir+3]4678(<-[Cl-])(<-[N-]23)<-c2(C)c->4(C)c->6(C)[c-]->7(C)c->82C)CCC5)nc2c1CCC2,Cc1cc(N=C2c3ccccc3C3=Nc4cc(C)c5c(n4->[Ir+3]4678(<-[Cl-])(<-[N-]23)<-c2(C)c->4(C)c->6(C)[c-]->7(C)c->82C)CCC5)nc2c1CCC2
HUPMUB,,C21 H29 Mo1 N3 O2,0.0,fail,CC(C)(C)c1cc(C(C)(C)C)[n-]2->[Mo+2]34(<-[C-]#[O+])(<-[C-]#[O+])(<-C=C->3[CH2-]->4)(<-n3ccccc3)<-n12,CC(C)(C)c1cc(C(C)(C)C)[n-]2->[Mo+2]34(<-[C-]#[O+])(<-C=C->3C[C-]->4=O)(<-n3ccccc3)<-n12
HUQDUU,c1ccc2OCCOc3ccccc3COc3cccc4cccn(->[Ag+]<-n5cccc6cccc(OCc2c1)c65)c34,C34 H28 Ag1 N2 O4 1+,1.0,c1ccc2OCCOc3ccccc3CO3c4cccc5cccn(->[Ag+]<-36<-n3cccc7cccc(O->6Cc2c1)c73)c45,c1ccc2OCCOc3ccccc3COc3cccc4cccn(->[Ag+]<-n5cccc6cccc(OCc2c1)c65)c34,c1ccc2OCCOc3ccccc3CO3c4cccc5cccn(->[Ag+]<-36<-n3cccc7cccc(O->6Cc2c1)c73)c45
HUSCUT,Cc1cccc2C[N-](S(=O)(=O)C(F)(F)F)->[Zn+2]3(<-n12)<-n1c(C)cccc1C[N-]->3S(=O)(=O)C(F)(F)F,C16 H16 F6 N4 O4 S2 Zn1,0.0,Cc1cccc2C[N-](S(=O)(=O)C(F)(F)F)->[Zn+2]3(<-n12)<-n1c(C)cccc1C[N-]->3S(=O)(=O)C(F)(F)F,Cc1cccc2C[N-](S(=O)(=O)C(F)(F)F)->[Zn+2]3(<-n12)<-n1c(C)cccc1C[N-]->3S(=O)(=O)C(F)(F)F,Cc1cccc2CN3=S(=O)([O-]->[Zn+2]<-34(<-n12)<-n1c(C)cccc1C[N-]->4S(=O)(=O)C(F)(F)F)C(F)(F)F
HUTVUO,Cc1ccc(N2c3ccc(C)cc3-n3cccn3->[Re+]<-2(<-[Br-])(<-[C-]#[O+])(<-[C-]#[O+])<-[C-]#[O+])c(-n2cccn2)c1,C23 H19 Br1 N5 O3 Re1,0.0,Cc1ccc(N2c3ccc(C)cc3-n3cccn3->[Re+]<-2(<-[Br-])(<-[C-]#[O+])(<-[C-]#[O+])<-[C-]#[O+])c(-n2cccn2)c1,Cc1ccc(N2c3ccc(C)cc3-n3cccn3->[Re+]<-2(<-[Br-])(<-[C-]#[O+])(<-[C-]#[O+])<-[C-]#[O+])c(-n2cccn2)c1,Cc1ccc(N2c3ccc(C)cc3-n3cccn3->[Re+]<-2(<-[Br-])(<-[C-]#[O+])(<-[C-]#[O+])<-[C-]#[O+])c(-n2cccn2)c1
HUWVUQ,[Cl-]->[Ru+2]12(<-[Cl-])(<-N(=N\c3c4ccccc4ccn->13)/c1ccccc1)<-N(=N\c1c3ccccc3ccn->21)/c1ccccc1,C30 H22 Cl2 N6 Ru1,0.0,[Cl-]->[Ru+2]12(<-[Cl-])(<-N(=Nc3c4ccccc4ccn->13)c1ccccc1)<-N(=Nc1c3ccccc3ccn->21)c1ccccc1,[Cl-]->[Ru+4]12(<-[Cl-])(<-N(=Nc3c4ccccc4ccn->13)c1ccccc1)<-[N-](N=c1c3ccccc3cc[n-]->21)c1ccccc1,[Cl-]->[Ru+4]12(<-[Cl-])(<-N(=Nc3c4ccccc4ccn->13)c1ccccc1)<-[N-](N=c1c3ccccc3cc[n-]->21)c1ccccc1
HUXKAO,,C24 H38 Cl1 N2 Rh1,0.0,CC(C)N(c1ccccc1)[C](N(C(C)C)C(C)C)->[Rh+]123(<-[Cl-])<-C4=C->1CCC->2=C->3CC4,CC(C)N(c1ccccc1)[C](N(C(C)C)C(C)C)->[Rh+]123(<-[Cl-])<-C4=C->1CCC->2=C->3CC4,CC(C)N(c1ccccc1)[C](N(C(C)C)C(C)C)->[Rh+]123(<-[Cl-])<-C4=C->1CCC->2=C->3CC4
IBAJAX,c1ccc(/N2=N/c3ccccn3->[Ru+2]<-234(<-S=c2cccc[n-]->32)<-N(=N\c2ccccn->42)/c2ccccc2)cc1,C27 H22 N7 Ru1 S1 1+,1.0,c1ccc(N2=Nc3ccccn3->[Ru+2]<-234(<-[S-]c2ccccn->32)<-N(=Nc2ccccn->42)c2ccccc2)cc1,c1ccc([N-]2N=c3cccc[n-]3->[Ru+6]<-234(<-S=c2cccc[n-]->32)<-[N-](N=c2cccc[n-]->42)c2ccccc2)cc1,c1ccc([N-]2N=c3cccc[n-]3->[Ru+6]<-234(<-S=c2cccc[n-]->32)<-[N-](N=c2cccc[n-]->42)c2ccccc2)cc1
IBENOU,CC(C)c1cccc(C(C)C)c1N1CCN([C@@H](C)c2ccccc2)[C]1->[Ru+4]1(<-[Cl-])(<-[Cl-])<-[CH-]=C2C=C[CH-]C=C2O->1C(C)C,C33 H42 Cl2 N2 O1 Ru1,0.0,CC(C)c1cccc(C(C)C)c1N1CCN(C(C)c2ccccc2)[C]1->[Ru+4]1(<-[Cl-])(<-[Cl-])<-[CH-2]c2ccccc2O->1C(C)C,CC(C)c1cccc(C(C)C)c1N1CCN(C(C)c2ccccc2)[C]1->[Ru+2]1(<-[Cl-])(<-[Cl-])<-[CH]c2ccccc2O->1C(C)C,CC(C)c1cccc(C(C)C)c1N1CCN(C(C)c2ccccc2)[C]1->[Ru+2]1(<-[Cl-])(<-[Cl-])<-[CH]c2ccccc2O->1C(C)C
IBILOU,[Cl-]->[Ir+]1234(<-C5=C->1/CC/C->2=C->3\CC\5)<-P(CCCP->4(c1ccccc1)c1ccccc1)(c1ccccc1)c1ccccc1,C35 H38 Cl1 Ir1 P2,0.0,[Cl-]->[Ir+]1234(<-C5=C->1CCC->2=C->3CC5)<-P(CCCP->4(c1ccccc1)c1ccccc1)(c1ccccc1)c1ccccc1,[Cl-]->[Ir+]1234(<-C5=C->1CCC->2=C->3CC5)<-P(CCCP->4(c1ccccc1)c1ccccc1)(c1ccccc1)c1ccccc1,[Cl-]->[Ir+]1234(<-C5=C->1CCC->2=C->3CC5)<-P(CCCP->4(c1ccccc1)c1ccccc1)(c1ccccc1)c1ccccc1
IBODEL,CN1CCN(C)->[Ru+4]<-123456(<-[Cl-])<-[CH2-]c->21c->3(C)c->4(C)[c-]->5(C)c->61C,C14 H26 Cl1 N2 Ru1 1+,1.0,CN1CCN(C)->[Ru+2]<-12345(<-[Cl-])<-C=C1C->2(C)=C->3(C)C->4(C)=C->51C,CN1CCN(C)->[Ru+2]<-123456(<-[Cl-])<-C=C->21C->3(C)=C->4(C)C->5(C)=C->61C,CN1CCN(C)->[Ru+2]<-123456(<-[Cl-])<-C=C->21C->3(C)=C->4(C)C->5(C)=C->61C
IBUTAD,CC1=O->[Zn+2]23(<-O=C(C)[O-]->2)(<-[O-]1)<-n1ccccc1-c1c(N[C@]24C[C@H]5C[C@H](C[C@H](C5)C2)C4)n2cc(Br)ccc2n->31,C26 H29 Br1 N4 O4 Zn1,0.0,fail,CC(=O)[O-]->[Zn+2]12(<-O=C(C)[O-]->1)<-n1ccccc1-c1c(NC34CC5CC(CC(C5)C3)C4)n3cc(Br)ccc3n->21,CC12=O->[Zn+2]<-1345(<-O=C->3(C)[O-]->4)(<-[O-]2)<-n1ccccc1-c1c(NC23CC4CC(CC(C4)C2)C3)n2cc(Br)ccc2n->51
ICACOE,CCO->[Co+3]1234(<-O=N->1[O-]->2)(<-N(=O)/C(C)=C(/C)[N-]->3[O-])<-N(/O)=C(C)\C(C)=N->4\O,C10 H20 Co1 N5 O7,0.0,CCO->[Co-]12(<-N([O])=C(C)C(C)=N->1[O])(<-N(O)=C(C)C(C)=N->2O)<-[N+](=O)=O,CCO->[Co+]12(<-N(=O)[O-])(<-N(=O)C(C)=C(C)N->1=O)<-N(O)=C(C)C(C)=N->2O,CCO->[Co+]12(<-N(=O)[O-])(<-N(=O)C(C)=C(C)N->1=O)<-N(O)=C(C)C(C)=N->2O
ICATAH,,C21 H34 B1 Cl3 N7 Rh1,0.0,Cc1c(Cl)c(C)[n-]2->[RhH+2]34(<-[CH2-]C(C)N->3C(C)C)<-[n-]3c(C)c(Cl)c(C)[n+]3[BH-]([n+]12)[n+]1c(C)c(Cl)c(C)[n-]->41,Cc1c(Cl)c(C)n2->[RhH+2]34(<-[CH2-]C(C)N->3C(C)C)<-n3c(C)c(Cl)c(C)n3[BH-](n12)n1c(C)c(Cl)c(C)n->41,Cc1c(Cl)c(C)n2->[RhH+2]34(<-[CH2-]C(C)N->3C(C)C)<-n3c(C)c(Cl)c(C)n3[BH-](n12)n1c(C)c(Cl)c(C)n->41
ICEGAY,CN1(C)CCN(C)(C)->[Pd+2]<-1(<-[I-])<-[C-](F)(F)C(F)(F)C(F)(F)F,C9 H16 F7 I1 N2 Pd1,0.0,CN1(C)CCN(C)(C)->[Pd+2]<-1(<-[I-])<-[C-](F)(F)C(F)(F)C(F)(F)F,CN1(C)CCN(C)(C)->[Pd+2]<-1(<-[I-])<-[C-](F)(F)C(F)(F)C(F)(F)F,CN1(C)CCN(C)(C)->[Pd+2]<-1(<-[I-])<-[C-](F)(F)C(F)(F)C(F)(F)F
ICEPUC,[CH2-]1C2#C3[CH2-]->[Ti+4]<-1<-2<-3456789%10%11(<-c1c->4c->5[cH-]->6c->71)<-c1c->8c->9[cH-]->%10c->%111,C14 H14 Ti1,0.0,C1C2#C3C->[Ti+2]<-1<-2<-3456789%10%11(<-c1c->4c->5[cH-]->6c->71)<-c1c->8c->9[cH-]->%10c->%111,C1=C2=C3=C->[Ti+2]<-1<-2<-3456789%10%11(<-c1c->4c->5[cH-]->6c->71)<-c1c->8c->9[cH-]->%10c->%111,C1=C2=C3=C->[Ti+2]<-1<-2<-3456789%10%11(<-c1c->4c->5[cH-]->6c->71)<-c1c->8c->9[cH-]->%10c->%111
ICIDAZ,CN1CCN(C)C2=S->[Ni+2]3(<-S=C21)<-[S-]/C(C#N)=C(/C#N)[S-]->3,C10 H10 N4 Ni1 S4,0.0,CN1CCN(C)C2=S->[Ni+2]3(<-S=C21)<-[S-]C(C#N)=C(C#N)[S-]->3,CN1CCN(C)C2=S->[Ni+2]3(<-S=C21)<-[S-]C(C#N)=C(C#N)[S-]->3,CN1CCN(C)C2=S->[Ni]3(<-S=C(C#N)C(C#N)=S->3)<-S=C21
ICIKEK,CS/C1[S-]->[Ni+2]2(<-S=C3OCCOC3=S->2)<-[S-]\C=1SC,C8 H10 Ni1 O2 S6,0.0,CSC1[S-]->[Ni+4]2(<-[S-]C3=C([S-]->2)OCCO3)<-[S-]C=1SC,CSC1=S->[Ni]2(<-S=C3OCCOC3=S->2)<-S=C1SC,CSC1=S->[Ni]2(<-S=C3OCCOC3=S->2)<-S=C1SC
ICITET,CS(C)(=O)->[Pt+4]1(<-[Cl-])(<-[Cl-])(<-[Cl-])<-[O-]c2ccc3ccccc3c2N->1=O,C12 H12 Cl3 N1 O3 Pt1 S1,0.0,CS(C)(=O)->[Pt+4]1(<-[Cl-])(<-[Cl-])(<-[Cl-])<-[O-]c2ccc3ccccc3c2N->1=O,CS(C)(=O)->[Pt+6]1(<-[Cl-])(<-[Cl-])(<-[Cl-])<-[O-]c2ccc3ccccc3c2[N-]->1[O-],CS(C)(=O)->[Pt+6]1(<-[Cl-])(<-[Cl-])(<-[Cl-])<-[O-]c2ccc3ccccc3c2[N-]->1[O-]
ICOHOY,C/C1=C(\C)[N-]([O-])->[Co+3]2(<-[CH3-])(<-N1=O)(<-N(/O)=C(C)\C(C)=N->2\O)<-n1ccccc1N,C14 H23 Co1 N6 O4,0.0,CC1C(C)=N([O])->[Co+]2(<-[CH3-])(<-N=1[O])(<-N(O)=C(C)C(C)=N->2O)<-n1ccccc1N,CC1=C(C)N(=O)->[Co+]2(<-[CH3-])(<-N1=O)(<-N(O)=C(C)C(C)=N->2O)<-n1ccccc1N,CC1=C(C)N(=O)->[Co+]2(<-[CH3-])(<-N1=O)(<-N(O)=C(C)C(C)=N->2O)<-n1ccccc1N
ICOWED,CN1CC(=O)N(->[Zn+2]23<-[O-]C(=O)CN(CC(=O)[O-]->2)Cc2ccccn->32)=C1N,C14 H17 N5 O5 Zn1,0.0,CN1CC(=O)N(->[Zn+2]234<-[O-]C(=O)CN->2(CC(=O)[O-]->3)Cc2ccccn->42)=C1N,CN1CC(=O)N(->[Zn+2]234<-[O-]C(=O)CN->2(CC(=O)[O-]->3)Cc2ccccn->42)=C1N,CN1CC(=O)N(->[Zn+2]234<-[O-]C(=O)CN->2(CC(=O)[O-]->3)Cc2ccccn->42)=C1N
IDABIA,CC(=C=C(c1ccccc1)C(C)(C)C)c1ccccc1P(->[Ag+]<-[O-]C(=O)C(F)(F)F)(c1cc(C(F)(F)F)cc(C(F)(F)F)c1)c1cc(C(F)(F)F)cc(C(F)(F)F)c1,C38 H27 Ag1 F15 O2 P1,0.0,CC(=C=C(c1ccccc1)C(C)(C)C)c1ccccc1P(->[Ag+]<-[O-]C(=O)C(F)(F)F)(c1cc(C(F)(F)F)cc(C(F)(F)F)c1)c1cc(C(F)(F)F)cc(C(F)(F)F)c1,CC(=C=C(c1ccccc1)C(C)(C)C)c1ccccc1P(->[Ag+]<-[O-]C(=O)C(F)(F)F)(c1cc(C(F)(F)F)cc(C(F)(F)F)c1)c1cc(C(F)(F)F)cc(C(F)(F)F)c1,CC1=C=C(C(C)(C)C)c23->[Ag+]45(<-O=C->4([O-]->5)C(F)(F)F)(<-c2cccc3)<-P(c2cc(C(F)(F)F)cc(C(F)(F)F)c2)(c2cc(C(F)(F)F)cc(C(F)(F)F)c2)c2ccccc21
IDATAJ,CC#N->[Pt@OH6+2]1(<-[C]2N(C)c3ccccc3N2C)<-[C-](/C(=O)OC)=C(C(=O)OC)\C(C(=O)OC)=[C-]->1\C(=O)OC,C23 H25 N3 O8 Pt1,0.0,CC#N->[Pt+2]1(<-[C]2N(C)c3ccccc3N2C)<-[C-](C(=O)OC)=C(C(=O)OC)C(C(=O)OC)=[C-]->1C(=O)OC,CC#N->[Pt+2]1(<-[C]2N(C)c3ccccc3N2C)<-[C-](C(=O)OC)=C(C(=O)OC)C(C(=O)OC)=[C-]->1C(=O)OC,CC#N->[Pt+2]1(<-[C]2N(C)c3ccccc3N2C)<-[C-](C(=O)OC)=C(C(=O)OC)C(C(=O)OC)=[C-]->1C(=O)OC
IDESUG,,C16 H23 B1 N6 O1 Pt1,0.0,Cc1cc(C)[n-]2->[PtH+]3(<-[C-]#[O+])<-[n-]4c(C)cc(C)[n+]4[BH-]([n+]12)[n+]1c(C)cc(C)[n-]->31,Cc1cc(C)n2->[PtH+]3(<-[C-]#[O+])<-n4c(C)cc(C)n4[BH-](n12)n1c(C)cc(C)n->31,Cc1cc(C)n2->[PtH+]3(<-[C-]#[O+])<-n4c(C)cc(C)n4[BH-](n12)n1c(C)cc(C)n->31
IDUGUK,CC(C)c1ccccc1/N=C/c1cccc[c-]1->[Hg+2]<-[c-]1ccccc1/C=N/c1ccccc1C(C)C,C32 H32 Hg1 N2,0.0,CC(C)c1ccccc1N1=Cc2cccc[c-]2->[Hg+2]<-12<-[c-]1ccccc1C=N->2c1ccccc1C(C)C,CC(C)c1ccccc1N=Cc1cccc[c-]1->[Hg+2]<-[c-]1ccccc1C=Nc1ccccc1C(C)C,CC(C)c1ccccc1N=Cc1cccc[c-]1->[Hg+2]<-[c-]1ccccc1C=Nc1ccccc1C(C)C
IECANI,,C14 H14 N4 Ni1 O4,0.0,fail,CC(=[N-])C1C(C)=O->[Ni+4]2(<-O=C(C)C(C(C)=[N-])=C(C#N)[O-]->2)<-[O-]C=1C#N,CC(=[N-])C1C(C)=O->[Ni+2]2(<-O=C(C)C(C(C#N)=O->2)=C(C)N)<-[O-]C=1C#N
IFAXES,N/C1=C2\C=CC=C[N-]2->[Cd+2]234(<-S=C(N=N->21)N1CCCCC1)<-S=C(N=N->3/C(N)=C1\C=CC=C[N-]->41)N1CCCCC1,C24 H32 Cd1 N10 S2,0.0,NC1c2ccccn2->[Cd+2]234(<-[S-]C(=NN->2=1)N1CCCCC1)<-[S-]C(=NN->3=C(N)c1ccccn->41)N1CCCCC1,NC1=C2C=CC=C[N-]2->[Cd+2]234(<-S=C(N=N->21)N1CCCCC1)<-S=C(N=N->3C(N)=C1C=CC=C[N-]->41)N1CCCCC1,NC1=C2C=CC=C[N-]2->[Cd+2]234(<-S=C(N=N->21)N1CCCCC1)<-S=C(N=N->3C(N)=C1C=CC=C[N-]->41)N1CCCCC1
IFELIP,Nc1nn(->[Cd@OH3+2]2(<-[O-]C(=O)CN(CCN(CC(=O)O)CC(=O)[O-]->2)CC(=O)O)<-n2nc(N)[nH]c2N)c(N)[nH]1,C14 H24 Cd1 N12 O8,0.0,Nc1nn(->[Cd+2]234(<-[O-]C(=O)CN->2(CCN->3(CC(=O)O)CC(=O)[O-]->4)CC(=O)O)<-n2nc(N)[nH]c2N)c(N)[nH]1,Nc1nn(->[Cd+2]234(<-[O-]C(=O)CN->2(CCN->3(CC(=O)O)CC(=O)[O-]->4)CC(=O)O)<-n2nc(N)[nH]c2N)c(N)[nH]1,Nc1nn(->[Cd+2]234(<-[O-]C(=O)CN->2(CCN->3(CC(=O)O)CC(=O)[O-]->4)CC(=O)O)<-n2nc(N)[nH]c2N)c(N)[nH]1
IFEXOI,,C27 H30 N3 O2 Pd1 1+,1.0,CC1=O->[Pd+2]2(<-[CH2-]C3CC(C)(C)CN13)<-N1=C(c3ccc4ccccc4n->23)OCC1c1ccccc1,CC1=O->[Pd+2]2(<-[CH2-]C3CC(C)(C)CN13)<-N1=C(c3ccc4ccccc4n->23)OCC1c1ccccc1,CC1=O->[Pd+2]2(<-[CH2-]C3CC(C)(C)CN13)<-N1=C(c3ccc4ccccc4n->23)OCC1c1ccccc1
IFIYIH,CC1=O->[Fe+2]23(<-[O-]1)(<-N1=C(/C=C4/OC[C@@H](c5ccccc5)[N-]->24)c2ccccc2/C1=C/C1=N->3[C@H](c2ccccc2)CO1)<-n1ccccc1,C35 H30 Fe1 N4 O4,0.0,fail,CC1=O->[Fe+2]23(<-[O-]1)(<-N1=C(C=c4c5ccccc5c(=CC5=N->2C(c2ccccc2)CO5)[n-]->34)OCC1c1ccccc1)<-n1ccccc1,CC12=O->[Fe+2]<-134(<-[O-]2)(<-N1=C(C=c2c5ccccc5c(=CC5=N->3C(c3ccccc3)CO5)[n-]->42)OCC1c1ccccc1)<-n1ccccc1
IFOHEQ,CN1CCN(C)[P@]12=N[P@@]1(=N3->[Re+]4(<-[C-]#[O+])(<-[C-]#[O+])(<-[C-]#[O+])<-n5cccn5P3(n3cccn->43)=N2)N(C)CCN1C,C17 H26 N11 O3 P3 Re1 1+,1.0,CN1CCN(C)P12=NP1(=N3->[Re+]4(<-[C-]#[O+])(<-[C-]#[O+])(<-[C-]#[O+])<-[n-]5ccc[n+]5P3([n+]3ccc[n-]->43)=N2)N(C)CCN1C,CN1CCN(C)P12=NP1(=N3->[Re+]4(<-[C-]#[O+])(<-[C-]#[O+])(<-[C-]#[O+])<-n5cccn5P3(n3cccn->43)=N2)N(C)CCN1C,CN1CCN(C)P12=NP1(=N3->[Re+]4(<-[C-]#[O+])(<-[C-]#[O+])(<-[C-]#[O+])<-n5cccn5P3(n3cccn->43)=N2)N(C)CCN1C
IFUVUA,C/C1=C(\C)[N-](O)->[Co+3]2(<-[N-]=C=O)(<-N[C@@H](C)c3cccc4ccccc34)(<-N1=O)<-N(=O)/C(C)=C(/C)[N-]->2O,C21 H27 Co1 N6 O5,0.0,CC1C(C)=N(O)->[Co+]2(<-[N-]=C=O)(<-NC(C)c3cccc4ccccc34)(<-N=1[O])<-N([O])=C(C)C(C)=N->2O,CC1=C(C)[N-](O)->[Co+3]2(<-[N-]=C=O)(<-NC(C)c3cccc4ccccc34)(<-N1=O)<-N(=O)C(C)=C(C)[N-]->2O,CC1=C(C)[N-](O)->[Co+3]2(<-[N-]=C=O)(<-NC(C)c3cccc4ccccc34)(<-N1=O)<-N(=O)C(C)=C(C)[N-]->2O
IGESUI,,C21 H45 Cl1 Os1 P2,0.0,CC(C)(C)P1(CC[C-2]2CCP(C(C)(C)C)(C(C)(C)C)->[OsH+3]<-2<-1<-[Cl-])C(C)(C)C,CC(C)(C)P1(CC[C]2CCP(C(C)(C)C)(C(C)(C)C)->[OsH+]<-2<-1<-[Cl-])C(C)(C)C,CC(C)(C)P1(CC[C]2CCP(C(C)(C)C)(C(C)(C)C)->[OsH+]<-2<-1<-[Cl-])C(C)(C)C
IGOLUL,C[N+]1=[CH-]->[Ru@TB17+2]23(<-[Cl-])<-[CH-](CCP->2(C(C)(C)C)C(C)(C)C)[C@H]1CP->3(C(C)(C)C)C(C)(C)C,C23 H48 Cl1 N1 P2 Ru1,0.0,CN1[CH]->[Ru+2]23(<-[Cl-])<-[CH-](CCP->2(C(C)(C)C)C(C)(C)C)C1CP->3(C(C)(C)C)C(C)(C)C,C[N+]1=[CH-]->[Ru+2]23(<-[Cl-])<-[CH-](CCP->2(C(C)(C)C)C(C)(C)C)C1CP->3(C(C)(C)C)C(C)(C)C,C[N+]1=[CH-]->[Ru+2]23(<-[Cl-])<-[CH-](CCP->2(C(C)(C)C)C(C)(C)C)C1CP->3(C(C)(C)C)C(C)(C)C
IGURUZ,CN12->[Zn@TB19+2]34(<-[Cl-])<-n5ccccc5CN5CCCN->3(CC1)CCN->4(CCC2)CC5,C19 H33 Cl1 N5 Zn1 1+,1.0,CN12->[Zn+2]345(<-[Cl-])<-n6ccccc6CN->36CCCN->4(CC1)CCN->5(CCC2)CC6,CN12->[Zn+2]345(<-[Cl-])<-n6ccccc6CN->36CCCN->4(CC1)CCN->5(CCC2)CC6,CN12->[Zn+2]345(<-[Cl-])<-n6ccccc6CN->36CCCN->4(CC1)CCN->5(CCC2)CC6
IHEPIV,CC(C)N(c1c(P(C(=S)[S-]->[W](<-[C-]#[O+])(<-[C-]#[O+])(<-[C-]#[O+])(<-[C-]#[O+])<-[C-]#[O+])c2ccccc2)c1=[N+](C(C)C)C(C)C)C(C)C,C27 H33 N2 O5 P1 S2 W1,0.0,CC(C)N(c1c(P(C(=S)[S-]->[W](<-[C-]#[O+])(<-[C-]#[O+])(<-[C-]#[O+])(<-[C-]#[O+])<-[C-]#[O+])c2ccccc2)[c+]1N(C(C)C)C(C)C)C(C)C,CC(C)N(c1c(P(C(=S)[S-]->[W](<-[C-]#[O+])(<-[C-]#[O+])(<-[C-]#[O+])(<-[C-]#[O+])<-[C-]#[O+])c2ccccc2)c1=[N+](C(C)C)C(C)C)C(C)C,CC(C)N(c1c(P(C(=S)[S-]->[W](<-[C-]#[O+])(<-[C-]#[O+])(<-[C-]#[O+])(<-[C-]#[O+])<-[C-]#[O+])c2ccccc2)c1=[N+](C(C)C)C(C)C)C(C)C
IHIHOY,CO->[Ru+2](<-[Cl-])(<-[Cl-])(<-[C]=S)(<-P(c1ccccc1)(c1ccccc1)c1ccccc1)<-P(c1ccccc1)(c1ccccc1)c1ccccc1,C38 H34 Cl2 O1 P2 Ru1 S1,0.0,CO->[Ru+3](<-[Cl-])(<-[Cl-])(<-[C-]#[S])(<-P(c1ccccc1)(c1ccccc1)c1ccccc1)<-P(c1ccccc1)(c1ccccc1)c1ccccc1,CO->[Ru+2](<-[Cl-])(<-[Cl-])(<-[C]=S)(<-P(c1ccccc1)(c1ccccc1)c1ccccc1)<-P(c1ccccc1)(c1ccccc1)c1ccccc1,CO->[Ru+2](<-[Cl-])(<-[Cl-])(<-[C]=S)(<-P(c1ccccc1)(c1ccccc1)c1ccccc1)<-P(c1ccccc1)(c1ccccc1)c1ccccc1
IHOSUU,,C13 H14 N2 Ni1 O7,0.0,O=C1[O-]->[Ni+2]2(<-O)(<-O)(<-[O-]C(=O)c3cccc1n->23)<-n1ccc(CO)cc1,O=C1[O-]->[Ni+2]2(<-O)(<-O)(<-[O-]C(=O)c3cccc1n->23)<-n1ccc(CO)cc1,O.O.O=C1[O-]->[Ni+2]2(<-n3ccc(CO)cc3)<-[O-]C(=O)c3cccc1n->23
IHUTUA,,C20 H20 N2 O5 Pd1,0.0,COC(=O)[C-]1=C2COCC2=[C-](C(=O)OC)->[Pd+2]<-1(<-n1ccccc1)<-n1ccccc1,COC(=O)[C-]1=C2COCC2=[C-](C(=O)OC)->[Pd+2]<-1(<-n1ccccc1)<-n1ccccc1,COC(=O)[C-]1=C2COCC2=[C-](C(=O)OC)->[Pd+2]<-1(<-n1ccccc1)<-n1ccccc1
IJAZEZ,C/C1=C/C(C)=N(/c2c(C)cccc2C)->[Y+3]234567(<-[H][BH-]->2([H]->3)[H]->4)(<-[H][BH-]->5([H]->6)[H]->7)(<-[N-]1c1c(C)cccc1C)<-O1CCCC1,C25 H41 B2 N2 O1 Y1,0.0,CC1=CC(C)=N(c2c(C)cccc2C)->[Y+3]2345(<-[H][BH-]([H]->2)[H]->3)(<-[H][BH-]([H]->4)[H]->5)(<-[N-]1c1c(C)cccc1C)<-O1CCCC1,B->[YH2+]1(<-B)(<-N(=C(C)C=C(C)[N-]->1c1c(C)cccc1C)c1c(C)cccc1C)<-O1CCCC1,[BH2+]->[YH3]1(<-B)(<-N(=C(C)C=C(C)[N-]->1c1c(C)cccc1C)c1c(C)cccc1C)<-O1CCCC1
IJOBEQ,,C20 H20 Cl1 N2 Ru1 1+,1.0,Cc1ccc(N2=Cc3cccc(C)n3->[Ru+2]<-234567(<-[Cl-])<-c2c->3c->4c->5c->6c->72)cc1,Cc1ccc(N2=Cc3cccc(C)n3->[Ru+2]<-234567(<-[Cl-])<-c2c->3c->4c->5c->6c->72)cc1,Cc1ccc(N2=Cc3cccc(C)n3->[Ru+2]<-234567(<-[Cl-])<-c2c->3c->4c->5c->6c->72)cc1
IJOVAF,C[O-]->[V+5]12(<-[O-2])(<-[O-]C(=O)[C@H](Cc3ccccc3)/N->1=C/c1ccccc1[O-]->2)<-OC,C18 H20 N1 O6 V1,0.0,C[O-]->[V+5]12(<-[O-2])(<-[O-]C(=O)C(Cc3ccccc3)N->1=Cc1ccccc1[O-]->2)<-OC,C[O-]->[V+5]12(<-[O-2])(<-[O-]C(=O)C(Cc3ccccc3)N->1=Cc1ccccc1[O-]->2)<-OC,CO.C[O-]->[V+5]12(<-[O-2])<-[O-]C(=O)C(Cc3ccccc3)N->1=Cc1ccccc1[O-]->2
IKEKIT,,C25 H40 O1 P1 Ru1 1+,1.0,[O+]#[C-]->[RuH+]12345(<-c6c->1c->2c->3c->4c->56)<-P(C1CCCCC1)(C1CCCCC1)C1CCCCC1,[O+]#[C-]->[RuH+]12345(<-c6c->1c->2c->3c->4c->56)<-P(C1CCCCC1)(C1CCCCC1)C1CCCCC1,[O+]#[C-]->[RuH+]12345(<-c6c->1c->2c->3c->4c->56)<-P(C1CCCCC1)(C1CCCCC1)C1CCCCC1
IKIDEN,,C26 H44 Cl1 Ir1 O1 P2 S1,0.0,CC(C)(C)P1(Sc2cccc3OP(C4CCCCC4)(C4CCCCC4)->[IrH+2]<-1(<-[Cl-])<-[c-]32)C(C)(C)C,CC(C)(C)P1(Sc2cccc3OP(C4CCCCC4)(C4CCCCC4)->[IrH+2]<-1(<-[Cl-])<-[c-]32)C(C)(C)C,CC(C)(C)P1(Sc2cccc3OP(C4CCCCC4)(C4CCCCC4)->[IrH+2]<-1(<-[Cl-])<-[c-]32)C(C)(C)C
IKOCIU,C1=CC2=N->[Pd]3(<-N=C4C=CC=C/C4=N->3\c3ccccc3)<-N(=C\2C=C1)/c1ccccc1,C24 H20 N4 Pd1,0.0,C1=CC2=N->[Pd]3(<-N=C4C=CC=CC4=N->3c3ccccc3)<-N(=C2C=C1)c1ccccc1,C1=CC2=N->[Pd+2]3(<-[NH-]c4ccccc4[N-]->3c3ccccc3)<-N(=C2C=C1)c1ccccc1,C1=CC2=N->[Pd+2]3(<-[NH-]c4ccccc4[N-]->3c3ccccc3)<-N(=C2C=C1)c1ccccc1
IKOYAJ,C[Si-]1(C)c2ccccc2[Si-](C)(C)->[Fe+2]<-123456(<-[C-]#[O+])<-c1c->2c->3c->4c->5c->61,C17 H22 Fe1 O1 Si2,0.0,C[Si-]1(C)c2ccccc2[Si-](C)(C)->[Fe+2]<-123456(<-[C-]#[O+])<-c1c->2c->3c->4c->5c->61,C[Si]1(C)=c2ccccc2=[Si](C)(C)->[Fe]<-123456(<-[C-]#[O+])<-c1c->2c->3c->4c->5c->61,C[Si]1(C)=c2ccccc2=[Si](C)(C)->[Fe]<-123456(<-[C-]#[O+])<-c1c->2c->3c->4c->5c->61
IKUKEG,CO[C](C)->[Pt+4]12(<-[CH3-])(<-[CH3-])<-n3c(C)cc(C)n3[BH-](n3c(C)cc(C)n->13)n1c(C)cc(C)n->21,C20 H34 B1 N6 O1 Pt1 1+,1.0,CO[C-2](C)->[Pt+6]12(<-[CH3-])(<-[CH3-])<-[n-]3c(C)cc(C)[n+]3[BH-]([n+]3c(C)cc(C)[n-]->13)[n+]1c(C)cc(C)[n-]->21,CO[C](C)->[Pt+4]12(<-[CH3-])(<-[CH3-])<-n3c(C)cc(C)n3[BH-](n3c(C)cc(C)n->13)n1c(C)cc(C)n->21,CO[C](C)->[Pt+4]12(<-[CH3-])(<-[CH3-])<-n3c(C)cc(C)n3[BH-](n3c(C)cc(C)n->13)n1c(C)cc(C)n->21
IKUNIM,Cc1ccc(C2#N->[Ni]<-23<-P(CCP->3(C(C)C)C(C)C)(C(C)C)C(C)C)c2ccccc12,C26 H41 N1 Ni1 P2,0.0,Cc1cc[c-](->[Ni+2]2(<-[C-]#N)<-P(CCP->2(C(C)C)C(C)C)(C(C)C)C(C)C)c2ccccc12,Cc1cc[c-](->[Ni+2]2(<-[C-]#N)<-P(CCP->2(C(C)C)C(C)C)(C(C)C)C(C)C)c2ccccc12,Cc1ccc(C2#N->[Ni]<-23<-P(CCP->3(C(C)C)C(C)C)(C(C)C)C(C)C)c2ccccc12
ILACUT,,C22 H18 Co1 N10 1+,1.0,c1cc2-c3cc[nH]n3->[Co+]345(<-n6[nH]ccc6-c(c1)n->32)<-n1[nH]ccc1-c1cccc(-c2cc[nH]n->42)n->51,c1cc2-c3cc[nH]n3->[Co+]345(<-n6[nH]ccc6-c(c1)n->32)<-n1[nH]ccc1-c1cccc(-c2cc[nH]n->42)n->51,c1cc2-c3cc[nH]n3->[Co+]345(<-n6[nH]ccc6-c(c1)n->32)<-n1[nH]ccc1-c1cccc(-c2cc[nH]n->42)n->51
ILISOM,CCCCN1C=CN2CCS(c3ccccc3)->[Pd+2](<-[Cl-])(<-[Cl-])<-[C]12,C15 H20 Cl2 N2 Pd1 S1,0.0,CCCCN1C=CN2CCS(c3ccccc3)->[Pd+2](<-[Cl-])(<-[Cl-])<-[C]12,CCCCN1C=CN2CCS(c3ccccc3)->[Pd+2](<-[Cl-])(<-[Cl-])<-[C]12,CCCCN1C=CN2CCS(c3ccccc3)->[Pd+2](<-[Cl-])(<-[Cl-])<-[C]12
ILUNAE,CC[n+]1ccccc1C#[C-]->[Cr](<-[C-]#[O+])(<-[C-]#[O+])(<-[C-]#[O+])(<-[C-]#[O+])<-[C-]#[O+],C14 H9 Cr1 N1 O5,0.0,CCN1C=CC=CC1=C=[C-2]->[Cr+2](<-[C-]#[O+])(<-[C-]#[O+])(<-[C-]#[O+])(<-[C-]#[O+])<-[C-]#[O+],CC[n+]1ccccc1C#[C-]->[Cr](<-[C-]#[O+])(<-[C-]#[O+])(<-[C-]#[O+])(<-[C-]#[O+])<-[C-]#[O+],CC[n+]1ccccc1C#[C-]->[Cr](<-[C-]#[O+])(<-[C-]#[O+])(<-[C-]#[O+])(<-[C-]#[O+])<-[C-]#[O+]
IMAWOK,,C37 H32 N2 O1 P2 Ru1,0.0,[O+]#[C-]->[RuH+]12(<-[NH-]c3ccccc3P->1(c1ccccc1)c1ccccc1)<-Nc1ccccc1P->2(c1ccccc1)c1ccccc1,[O+]#[C-]->[RuH+]12(<-[NH-]c3ccccc3P->1(c1ccccc1)c1ccccc1)<-Nc1ccccc1P->2(c1ccccc1)c1ccccc1,[O+]#[C-]->[RuH+]12(<-[NH-]c3ccccc3P->1(c1ccccc1)c1ccccc1)<-Nc1ccccc1P->2(c1ccccc1)c1ccccc1
IMEVEC,[O-2]->[Re+5]12(<-[O-2])(<-Nc3ccccc3CP->1(c1ccccc1)c1ccccc1)<-Nc1ccccc1CP->2(c1ccccc1)c1ccccc1,C38 H36 N2 O2 P2 Re1 1+,1.0,[O-2]->[Re+5]12(<-[O-2])(<-Nc3ccccc3CP->1(c1ccccc1)c1ccccc1)<-Nc1ccccc1CP->2(c1ccccc1)c1ccccc1,[O-2]->[Re+5]12(<-[O-2])(<-Nc3ccccc3CP->1(c1ccccc1)c1ccccc1)<-Nc1ccccc1CP->2(c1ccccc1)c1ccccc1,[O-2]->[Re+5]12(<-[O-2])(<-Nc3ccccc3CP->1(c1ccccc1)c1ccccc1)<-Nc1ccccc1CP->2(c1ccccc1)c1ccccc1
IMIXEJ,Cc1ccn(->[Ni@+2]2(<-[c-]3ccccc3)<-N3=C(c4ccccc4)C=C(c4ccccc4)/C3=C3\C=CC=C[N-]->23)c(C)c1,C34 H29 N3 Ni1,0.0,Cc1ccn(->[Ni+2]2(<-[c-]3ccccc3)<-n3ccccc3-c3c(-c4ccccc4)cc(-c4ccccc4)[n-]->23)c(C)c1,Cc1ccn(->[Ni+2]2(<-[c-]3ccccc3)<-n3ccccc3-c3c(-c4ccccc4)cc(-c4ccccc4)[n-]->23)c(C)c1,Cc1ccn(->[Ni+2]2(<-[c-]3ccccc3)<-n3ccccc3-c3c(-c4ccccc4)cc(-c4ccccc4)[n-]->23)c(C)c1
IMOZIU,,C15 H15 Cl3 F1 N1 Pt1,0.0,CC1(C)C[H]->[Pt+4]2(<-[Cl-])(<-[Cl-])(<-[Cl-])<-[c-]3cc(F)ccc3-c3cccc1n->23,CC(C)(C)c1cccc2-c3ccc(F)c[c-]3->[Pt+4](<-[Cl-])(<-[Cl-])(<-[Cl-])<-n21,CC(C)(C)c1cccc2-c3ccc(F)c[c-]3->[Pt+4](<-[Cl-])(<-[Cl-])(<-[Cl-])<-n21
INABOQ,Cc12->[Co+3]3456(<-[S-]c7c(-c8ccccc8)ccc(-c8ccccc8)c7[S-]->3)<-c1(C)c->4(C)[c-]->5(C)c->62C,C28 H27 Co1 S2,0.0,fail,Cc12->[Co+]3456(<-S=C7C(c8ccccc8)=CC=C(c8ccccc8)C7=S->3)<-c1(C)c->4(C)[c-]->5(C)c->62C,Cc12->[Co+]3456(<-S=C7C(c8ccccc8)=CC=C(c8ccccc8)C7=S->3)<-c1(C)c->4(C)[c-]->5(C)c->62C
INISEE,CC(C)[S@@]1(=O)c2ccccc2[O-]->[Ru+2]<-123(<-n1cccc4ccc5cccn->2c5c41)<-n1cccc2ccc4cccn->3c4c21,C33 H27 N4 O2 Ru1 S1 1+,1.0,CC(C)S1(=O)c2ccccc2[O-]->[Ru+2]<-123(<-n1cccc4ccc5cccn->2c5c41)<-n1cccc2ccc4cccn->3c4c21,CC(C)S1(=O)c2ccccc2[O-]->[Ru+2]<-123(<-n1cccc4ccc5cccn->2c5c41)<-n1cccc2ccc4cccn->3c4c21,CC(C)S1(=O)c2ccccc2[O-]->[Ru+2]<-123(<-n1cccc4ccc5cccn->2c5c41)<-n1cccc2ccc4cccn->3c4c21
INUMAF,CC(C)[C@@H]1CC[C@@H](C)C[C@H]1O[C]1[C@]2(C)C3->[Cr]<-1(<-[C-]#[O+])(<-[C-]#[O+])(<-[C-]#[O+])(<-[C-]#[O+])<-C=3O[C@@H]2C(C)(C)C,C24 H34 Cr1 O6,0.0,CC1CCC(C(C)C)C(O[C-2]2C3(C)C(C(C)(C)C)OC4->[Cr+2]<-2(<-[C-]#[O+])(<-[C-]#[O+])(<-[C-]#[O+])(<-[C-]#[O+])<-C=43)C1,CC1CCC(C(C)C)C(O[C]2C3(C)C(C(C)(C)C)OC=C3->[Cr]<-2(<-[C-]#[O+])(<-[C-]#[O+])(<-[C-]#[O+])<-[C-]#[O+])C1,CC1CCC(C(C)C)C(O[C]2C3(C)C(C(C)(C)C)OC=C3->[Cr]<-2(<-[C-]#[O+])(<-[C-]#[O+])(<-[C-]#[O+])<-[C-]#[O+])C1
INUWUL,,C17 H24 Cl1 N2 Rh1,0.0,CN1N->[Rh+3]2345(<-[Cl-])(<-[c-]6ccccc61)<-c1(C)c->2(C)c->3(C)[c-]->4(C)c->51C,CN1[N-2]->[Rh+5]2345(<-[Cl-])(<-[c-]6ccccc61)<-c1(C)c->2(C)c->3(C)[c-]->4(C)c->51C,CN1[N-2]->[Rh+5]2345(<-[Cl-])(<-[c-]6ccccc61)<-c1(C)c->2(C)c->3(C)[c-]->4(C)c->51C
IPECUC,CC(=O)[O-]->[Ag+]<-[C]1N(C)C(Cl)=C(Cl)N1Cc1ccc([N+](=O)[O-])cc1,C13 H12 Ag1 Cl2 N3 O4,0.0,fail,CC(=O)[O-]->[Ag+]<-[C]1N(C)C(Cl)=C(Cl)N1Cc1ccc([N+](=O)[O-])cc1,CC1=O->[Ag+](<-[O-]1)<-[C]1N(C)C(Cl)=C(Cl)N1Cc1ccc([N+](=O)[O-])cc1
IPILID,,C18 H21 Cl2 Hg1 N9,0.0,Cc1cc(C)n(-c2nc3-n4c(C)cc(C)n4->[Hg+2]4(<-[Cl-])(<-[Cl-])<-n3c(-n3c(C)cc(C)n->43)n2)n1,Cc1cc(C)n(-c2nc(-n3nc(C)cc3C)nc(-n3nc(C)cc3C)n2)n1.[Cl-]->[Hg+2]<-[Cl-],Cc1cc(C)n(-c2nc(-n3nc(C)cc3C)n(->[Hg+2](<-[Cl-])<-[Cl-])c(-n3nc(C)cc3C)n2)n1
IPORUA,CP(C)(c1ccccc1)->[Pt@@+2]1(<-[Cl-])<-[S-][P+](/N=c2/sc3cc(Cl)ccc3[n-]->12)(c1ccccc1)c1ccccc1,C27 H24 Cl2 N2 P2 Pt1 S2,0.0,fail,CP(C)(c1ccccc1)->[Pt+2]1(<-[Cl-])<-[S-][P+](N=c2sc3cc(Cl)ccc3[n-]->12)(c1ccccc1)c1ccccc1,CP(C)(c1ccccc1)->[Pt+2]12(<-[Cl-])<-[S-][P+]->1(N=c1sc3cc(Cl)ccc3[n-]->21)(c1ccccc1)c1ccccc1
IQETOP,C1=CC2=S->[Zn+2]34<-S=C5C=CC=C/C5=C/[N-]->3c3ccccc3[N-]->4/C=C\2C=C1,C20 H14 N2 S2 Zn1,0.0,C1c2ccccc2[S-]->[Zn+2]23<-[S-]c4ccccc4C=N->2c2ccccc2N->3=1,C1=CC2=CN3=C4C=CC=CC4=N4C=C5C=CC=CC5=S->[Zn]<-3<-4<-S=C2C=C1,C1=CC2=C[N-]3c4ccccc4[N-]4C=C5C=CC=CC5=S->[Zn+2]<-3<-4<-S=C2C=C1
IQINUS,Cc1ccnc(/N=C2/c3ccccc3/C(=N/c3cc(C)ccn3)[N-]2->[Ni@OH5+2]23<-N4=C(/N=c5/cc(C)cc[n-]->25)c2ccccc2/C4=N/c2cc(C)ccn->32)c1,C40 H32 N10 Ni1,0.0,Cc1ccn2->[Ni+2]345(<-n6ccc(C)cc6N=C6c7ccccc7C(=Nc2c1)[N-]->36)<-n1ccc(C)cc1N=C1c2ccccc2C(=Nc2cc(C)ccn->42)[N-]->51,Cc1ccn2->[Ni+2]345(<-n6ccc(C)cc6N=C6c7ccccc7C(=Nc2c1)[N-]->36)<-n1ccc(C)cc1N=C1c2ccccc2C(=Nc2cc(C)ccn->42)[N-]->51,Cc1ccn2->[Ni+2]345(<-n6ccc(C)cc6N=C6c7ccccc7C(=Nc2c1)[N-]->36)<-n1ccc(C)cc1N=C1c2ccccc2C(=Nc2cc(C)ccn->42)[N-]->51
IQUDAZ,,C20 H20 N6 Ni1 O10,0.0,O=C([O-]->[Ni+2](<-O)(<-O)(<-[O-]C(=O)c1ccc([N+](=O)[O-])cc1)(<-n1cc[nH]c1)<-n1cc[nH]c1)c1ccc([N+](=O)[O-])cc1,O=C([O-]->[Ni+2](<-O)(<-O)(<-[O-]C(=O)c1ccc([N+](=O)[O-])cc1)(<-n1cc[nH]c1)<-n1cc[nH]c1)c1ccc([N+](=O)[O-])cc1,O.O.O=C([O-]->[Ni+2](<-[O-]C(=O)c1ccc([N+](=O)[O-])cc1)(<-n1cc[nH]c1)<-n1cc[nH]c1)c1ccc([N+](=O)[O-])cc1
IQUWUM,Cc1cccc2CN3CCc4ccccn4->[Cu+](<-n12)<-n1c(C)cccc1C3,C21 H24 Cu1 N4 1+,1.0,Cc1cccc2CN34CCc5ccccn5->[Cu+]<-3(<-n12)<-n1c(C)cccc1C4,Cc1cccc2CN34CCc5ccccn5->[Cu+]<-3(<-n12)<-n1c(C)cccc1C4,Cc1cccc2CN34CCc5ccccn5->[Cu+]<-3(<-n12)<-n1c(C)cccc1C4
IRAXAC,,C22 H34 N12 O3 P2 Ru1 S1,0.0,O=S(=O)([O-])C12n3cccn3->[RuH+](<-n3cccn31)(<-n1cccn12)(<-P12CN3CN(CN(C3)C1)C2)<-P12CN3CN(CN(C3)C1)C2,O=S(=O)([O-])C12n3cccn3->[RuH+](<-n3cccn31)(<-n1cccn12)(<-P12CN3CN(CN(C3)C1)C2)<-P12CN3CN(CN(C3)C1)C2,O=S(=O)([O-])C12n3cccn3->[RuH+](<-n3cccn31)(<-n1cccn12)(<-P12CN3CN(CN(C3)C1)C2)<-P12CN3CN(CN(C3)C1)C2
IRETIK,CC[C+]1[C+](CC)[C-]2[CH-]c3c(C)c(C)c4[n-]3->[Pd@SP3+2]35<-[N-]2[C+]1[C-]1[C+](CC)[C+](CC)[C+]([CH-]c2c(C)c(C)c([n-]->32)C4(C)C)[N-]->51,C33 H40 N4 Pd1,0.0,CCC1=C(CC)C2=N3->[Pd+2]45<-N6=C(C(C)=C(C)C6=Cc6c(CC)c(CC)c2[n-]->46)C(C)(C)c2c(C)c(C)c([n-]->52)C=C13,CCC1=C(CC)C2=N3->[Pd+2]45<-N6=C(C(C)=C(C)C6=Cc6c(CC)c(CC)c2[n-]->46)C(C)(C)c2c(C)c(C)c([n-]->52)C=C13,CCC1=C(CC)C2=N3->[Pd+2]45<-N6=C(C(C)=C(C)C6=Cc6c(CC)c(CC)c2[n-]->46)C(C)(C)c2c(C)c(C)c([n-]->52)C=C13
IROYAR,,C35 H28 N1 P1 Pt1 S1,0.0,c1ccc([S-]->[Pt+2]2(<-[c-]3ccccc3-c3ccccn->23)<-P(c2ccccc2)(c2ccccc2)c2ccccc2)cc1,c1ccc([S-]->[Pt+2]2(<-[c-]3ccccc3-c3ccccn->23)<-P(c2ccccc2)(c2ccccc2)c2ccccc2)cc1,c1ccc([S-]->[Pt+2]2(<-[c-]3ccccc3-c3ccccn->23)<-P(c2ccccc2)(c2ccccc2)c2ccccc2)cc1
ISANIZ,CC(C)(C)[c-]12->[Ti+4]3456789(<-[O-]c%10ccccc%10)(<-[O-]c%10ccccc%10)(<-c(c->3c->41)c->52)<-c1c->6c->7[c-]->8(C(C)(C)C)c->91,C30 H36 O2 Ti1,0.0,CC(C)(C)c12->[Ti+4]3456789(<-[O-]c%10ccccc%10)(<-[O-]c%10ccccc%10)(<-c%10c->3[cH-]->4c->5(C(C)(C)C)c->6%10)<-c(c->71)[cH-]->8c->92,CC(C)(C)[c-]12->[Ti+4]3456789(<-[O-]c%10ccccc%10)(<-[O-]c%10ccccc%10)(<-c(c->3c->41)c->52)<-c1c->6c->7[c-]->8(C(C)(C)C)c->91,CC(C)(C)c1ccc[cH-]1->[Ti+4]1234(<-[O-]c5ccccc5)(<-[O-]c5ccccc5)<-c5c->1c->2[c-]->3(C(C)(C)C)c->45
ISATUR,C1\c2ccccc2OCCOc2ccccc2/C=N2\c3ccccc3[O-]->[Ni@TB7+2]<-23<-[O-]c2ccccc2/N->3=1,C28 H22 N2 Ni1 O4,0.0,C1c2ccccc2O2CCO3c4ccccc4C=N4c5ccccc5[O-]->[Ni+2]<-4<-2<-35<-[O-]c2ccccc2N->5=1,C1c2ccccc2O2CCO3c4ccccc4C=N4c5ccccc5[O-]->[Ni+2]<-4<-2<-35<-[O-]c2ccccc2N->5=1,C1c2ccccc2O2CCO3c4ccccc4C=N4c5ccccc5[O-]->[Ni+2]<-4<-2<-35<-[O-]c2ccccc2N->5=1
ISIBIW,[I-]->[Fe+2]123(<-[I-])<-C(/C->1=N->2/C1CCCCC1)=N->3\C1CCCCC1,C14 H24 Fe1 I2 N2,0.0,[I-]->[Fe+2]1(<-[I-])<-N(=CC=N->1C1CCCCC1)C1CCCCC1,[I-]->[Fe+2]1(<-[I-])<-N(=CC=N->1C1CCCCC1)C1CCCCC1,[I-]->[Fe+2]1(<-[I-])<-N(=CC=N->1C1CCCCC1)C1CCCCC1
ISOQUE,,C15 H16 Cl2 Hg1 N2,0.0,CC1c2ccccn2->[Hg+2](<-[Cl-])(<-[Cl-])<-N=1c1c(C)cccc1C,CC1c2ccccn2->[Hg+2](<-[Cl-])(<-[Cl-])<-N=1c1c(C)cccc1C,CC(c1ccccn1)=N(c1c(C)cccc1C)->[Hg+2](<-[Cl-])<-[Cl-]
ISOSIU,,C18 H22 Cl2 Hg1 N2,0.0,CC(C)c1cccc(C(C)C)c1N1=Cc2ccccn2->[Hg+2]<-1(<-[Cl-])<-[Cl-],CC(C)c1cccc(C(C)C)c1N=Cc1ccccn1->[Hg+2](<-[Cl-])<-[Cl-],CC(C)c1cccc(C(C)C)c1N=Cc1ccccn1.[Cl-]->[Hg+2]<-[Cl-]
ITACIR,O=P1(c2ccccc2)c2ccccc2P(c2ccccc2)(c2ccccc2)->[Cu+](<-[I-])<-P(c2ccccc2)(c2ccccc2)c2ccccc21,C42 H33 Cu1 I1 O1 P3,0.0,[I-]->[Cu+]12<-O=P(c3ccccc3)(c3ccccc3P->1(c1ccccc1)c1ccccc1)c1ccccc1P->2(c1ccccc1)c1ccccc1,[I-]->[Cu+]12<-O=P(c3ccccc3)(c3ccccc3P->1(c1ccccc1)c1ccccc1)c1ccccc1P->2(c1ccccc1)c1ccccc1,O=P1(c2ccccc2)c2ccccc2P(c2ccccc2)(c2ccccc2)->[Cu+](<-[I-])<-P(c2ccccc2)(c2ccccc2)c2ccccc21
ITAYAE,CC(C)(C)C1=CC2=[S@@]3(=O)[O-]->[V+5]4(<-[O-2])(<-O=C2C(C(C)(C)C)=C1)(<-[O-][O-]->4)<-[O-]c1c(C(C)(C)C)cc(C(C)(C)C)cc13,C28 H40 O7 S1 V1 1-,-1.0,CC(C)(C)c1cc(C(C)(C)C)c2[O-]->[V+5]3(<-[O-2])(<-[O-][O-]->3)<-[O-]c3c(C(C)(C)C)cc(C(C)(C)C)cc3S(=O)(=O)c2c1,CC(C)(C)C1=C[C+](C(C)(C)C)C2=O->[V+3]34(<-[O-2])(<-O=S(=O)(C2=C1)c1cc(C(C)(C)C)cc(C(C)(C)C)c1[O-]->3)<-[O-][O-]->4,CC(C)(C)C1=C[C+](C(C)(C)C)C2=O->[V+3]34(<-[O-2])(<-O=S(=O)(C2=C1)c1cc(C(C)(C)C)cc(C(C)(C)C)c1[O-]->3)<-[O-][O-]->4
ITEXOU,C[Si](C)(C)c1cccc2[C-]34->[Fe+2]5(<-[C-]#[O+])(<-[C-]#[O+])(<-[S-]c21)<-[S-]c1c([Si](C)(C)C)cccc1[Si@@](C)(O3)c1cccc([Si](C)(C)C)c1S->54,C31 H39 Fe1 O3 S3 Si4 1-,-1.0,C[Si](C)(C)c1cccc2[C-2]3O[Si]4(C)c5cccc([Si](C)(C)C)c5[S-]->[Fe+4]<-3(<-[C-]#[O+])(<-[C-]#[O+])(<-[S-]c21)<-[S-]c1c([Si](C)(C)C)cccc14,C[Si](C)(C)C1=CC=CC2=C34->[Fe]5(<-[C-]#[O+])(<-[C-]#[O+])(<-S=C12)<-[S-]c1c([Si](C)(C)C)cccc1[Si](C)(O3)c1cccc([Si](C)(C)C)c1S->54,C[Si](C)(C)C1=CC=CC2=C34->[Fe]5(<-[C-]#[O+])(<-[C-]#[O+])(<-S=C12)<-[S-]c1c([Si](C)(C)C)cccc1[Si](C)(O3)c1cccc([Si](C)(C)C)c1S->54
ITUCUW,,C31 H26 N2 O1 Pd1,0.0,CCC1=C(C)c2cc3ccc4cc5[c-]6->[Pd+2]7(<-n2c1cc1c(CC)c(C)c(cc6-c2ccccc2-5)[n-]->71)<-o43,CCc1c(C)c2[n-]3->[Pd+2]45<-[C]6C(=c7ccccc7=C6C=c6ccc(o->46)=C2)C=c2c(C)c(CC)c([n-]->52)=Cc13,CCc1c(C)c2[n-]3->[Pd+2]45<-[C]6C(=c7ccccc7=C6C=c6ccc(o->46)=C2)C=c2c(C)c(CC)c([n-]->52)=Cc13
IVAGUJ,C1=C/C2=C3\[CH+][CH-][CH+][CH-][C+]3[C-]3[CH+][CH+][C+]4[C-]([C-]5[CH+][CH+][CH-][CH-][CH-]5)[C+]5[CH-][CH-][C-]6[C+]7[CH-][CH+][CH-][CH+]/C7=C7\C=C/C8=C(\c9ccccc9)C1=N2->[Ni@+2](<-[N-]43)(<-[N-]56)<-[NH2+]87,C42 H26 N4 Ni1,0.0,C1=CC2=N3->[Ni+2]45<-N6=C(C=CC6=C(c6ccccc6)c6ccc([n-]->46)-c4ccccc4-c4ccc([n-]->54)C(c4ccccc4)=C13)c1ccccc12,C1=Cc2c3ccccc3c3n4->[Ni]56<-n2c1c(-c1ccccc1)c1n->5c(c2ccccc2c2n->6c(c(-c5ccccc5)c4C=C3)C=C2)C=C1,C1=Cc2c3ccccc3c3n4->[Ni]56<-n2c1c(-c1ccccc1)c1n->5c(c2ccccc2c2n->6c(c(-c5ccccc5)c4C=C3)C=C2)C=C1
IVEFIZ,C/[O+]=C1\C=CC=C2C[N-](Cc3ccc(C)o3)->[Ni]3(<-O=C21)<-O=C1C(C[N-]->3Cc2ccc(C)o2)=CC=C/C1=[O+]\C,C28 H30 N2 Ni1 O6,0.0,COc1cccc2C[N-](Cc3ccc(C)o3)->[Ni+4]3(<-[O-]c21)<-[O-]c1c(C[N-]->3Cc2ccc(C)o2)cccc1OC,COc1cccc2C[N-](Cc3ccc(C)o3)->[Ni+4]3(<-[O-]c21)<-[O-]c1c(C[N-]->3Cc2ccc(C)o2)cccc1OC,COc1cccc2C[N-](Cc3ccc(C)o3)->[Ni+4]3(<-[O-]c21)<-[O-]c1c(C[N-]->3Cc2ccc(C)o2)cccc1OC
IVEVOW,Cc12->[Fe+2]345(<-[C-]#[O+])(<-[C-]#[O+])(<-[C]6N(C7CCCCC7)[B-]6(Cl)Cl)<-c1(C)c->3(C)[c-]->4(C)c->52C,C19 H26 B1 Cl2 Fe1 N1 O2,0.0,Cc12->[Fe+2]345(<-[C-]#[O+])(<-[C-]#[O+])(<-[C]6N(C7CCCCC7)[B-]6(Cl)Cl)<-c1(C)c->3(C)[c-]->4(C)c->52C,Cc12->[Fe+2]345(<-[C-]#[O+])(<-[C-]#[O+])(<-[C]6N(C7CCCCC7)[B-]6(Cl)Cl)<-c1(C)c->3(C)[c-]->4(C)c->52C,Cc12->[Fe+2]345(<-[C-]#[O+])(<-[C-]#[O+])(<-[C]6N(C7CCCCC7)[B-]6(Cl)Cl)<-c1(C)c->3(C)[c-]->4(C)c->52C
IVOJIM,C/C1[S-]->[W+6]2(<-[S-2])(<-[S-]/C=1C)(<-[S-]/C(C)=C(\C)[S-]->2)<-[S-]c1c(C(C)C)cc(C(C)C)cc1C(C)C,C23 H35 S6 W1 1-,-1.0,fail,CC1=S->[W+2]2(<-[S-2])(<-S=C1C)(<-S=C(C)C(C)=S->2)<-[S-]c1c(C(C)C)cc(C(C)C)cc1C(C)C,CC1=S->[W+2]2(<-[S-2])(<-S=C1C)(<-S=C(C)C(C)=S->2)<-[S-]c1c(C(C)C)cc(C(C)C)cc1C(C)C
IVUGUB,[CH2+][C-3]->[Mn+3]12345(<-c6c->1c->2[cH-]->3c->46)<-P(C)(C)CCP->5(C)C,C13 H23 Mn1 P2,0.0,C=[C-2]->[Mn+3]12345(<-c6c->1c->2[cH-]->3c->46)<-P(C)(C)CCP->5(C)C,C=[C]->[Mn+]12345(<-c6c->1c->2[cH-]->3c->46)<-P(C)(C)CCP->5(C)C,C=[C]->[Mn+]12345(<-c6c->1c->2[cH-]->3c->46)<-P(C)(C)CCP->5(C)C
IWAFOB,,C27 H40 Cl1 P1 Pd1,0.0,[Cl-]->[Pd+2]1234(<-c5[cH-]->1c->2c->31ccccc->451)<-P(C1CCCCC1)(C1CCCCC1)C1CCCCC1,[Cl-]->[Pd+2]12(<-c3c4ccccc4[cH-]->1c->23)<-P(C1CCCCC1)(C1CCCCC1)C1CCCCC1,[Cl-]->[Pd+2]1234(<-c5c->1c->21ccccc->31[cH-]->45)<-P(C1CCCCC1)(C1CCCCC1)C1CCCCC1
IWAYEM,CC(C)[P+]1([S-]->[Ir+]234(<-C5=C->2/CC/C->3=C->4\CC\5)<-[CH-]1c1ccc2ccccc2n1)C(C)C,C24 H33 Ir1 N1 P1 S1,0.0,CC(C)P1(=S->[Ir+]234(<-C5=C->2CCC->3=C->4CC5)<-[CH-]1c1ccc2ccccc2n1)C(C)C,CC(C)[P+]1([S-]->[Ir+]234(<-C5=C->2CCC->3=C->4CC5)<-[CH-]1c1ccc2ccccc2n1)C(C)C,CC(C)[P+]1([S-]->[Ir+]234(<-C5=C->2CCC->3=C->4CC5)<-[CH-]1c1ccc2ccccc2n1)C(C)C
IWEGOI,,C19 H21 N4 O6 V1,0.0,C[O-]->[V+5]12(<-[O-2])(<-[O-]C(=NN->1=C(C)c1c(C)nn(-c3ccccc3)c1[O-]->2)c1ccco1)<-OC,C[O-]->[V+5]12(<-[O-2])(<-[O-]C(=NN->1=C(C)c1c(C)nn(-c3ccccc3)c1[O-]->2)c1ccco1)<-OC,CO.C[O-]->[V+5]12(<-[O-2])<-[O-]C(c3ccco3)=NN->1=C(C)c1c(C)nn(-c3ccccc3)c1[O-]->2
IWIWOA,CC(C)(C)[O-]->[W+6](<-[Cl-])(<-[Cl-])(<-[CH][Si](c1ccccc1)(c1ccccc1)[C-]1[CH+][CH+][CH-][CH-][CH-]1)<-[O-]C(C)(C)C,C27 H34 Cl2 O2 Si1 W1,0.0,CC(C)(C)[O-]->[W+6](<-[Cl-])(<-[Cl-])(<-[CH-2][Si](c1ccccc1)(c1ccccc1)c1ccccc1)<-[O-]C(C)(C)C,CC(C)(C)[O-]->[W+4](<-[Cl-])(<-[Cl-])(<-[CH][Si](c1ccccc1)(c1ccccc1)c1ccccc1)<-[O-]C(C)(C)C,CC(C)(C)[O-]->[W+4](<-[Cl-])(<-[Cl-])(<-[CH][Si](c1ccccc1)(c1ccccc1)c1ccccc1)<-[O-]C(C)(C)C
IWOSOD,,C35 H24 Ir1 N3 O2,0.0,c1ccc2-c3oc4ccccc4n3->[Ir+3]34(<-[O-]c2c1)(<-[c-]1ccccc1-c1ccccn->31)<-[c-]1ccccc1-c1ccccn->41,c1ccc2-c3oc4ccccc4n3->[Ir+3]34(<-[O-]c2c1)(<-[c-]1ccccc1-c1ccccn->31)<-[c-]1ccccc1-c1ccccn->41,c1ccc2-c3oc4ccccc4n3->[Ir+3]34(<-[O-]c2c1)(<-[c-]1ccccc1-c1ccccn->31)<-[c-]1ccccc1-c1ccccn->41
IWUGAJ,,C27 H19 Co1 S2,0.0,C1[S-]->[Co+3]2345(<-[S-]C=1c1ccc(-c6c7ccccc7cc7ccccc67)cc1)<-c1c->2c->3[cH-]->4c->51,C1=S->[Co+]2345(<-S=C1c1ccc(-c6c7ccccc7cc7ccccc67)cc1)<-c1c->2c->3[cH-]->4c->51,C1=S->[Co+]2345(<-S=C1c1ccc(-c6c7ccccc7cc7ccccc67)cc1)<-c1c->2c->3[cH-]->4c->51
IXADUI,COc1ccc([P@]2(NCCc3ccccc3)=S->[Ni+2]3(<-S=[P@](NCCc4ccccc4)([S-]->3)c3ccc(OC)cc3)<-[S-]2)cc1,C30 H34 N2 Ni1 O2 P2 S4,0.0,fail,COc1ccc(P2(NCCc3ccccc3)=S->[Ni+2]3(<-S=P(NCCc4ccccc4)([S-]->3)c3ccc(OC)cc3)<-[S-]2)cc1,COc1ccc(P23(NCCc4ccccc4)=S->[Ni+2]<-245(<-S=P->4(NCCc2ccccc2)([S-]->5)c2ccc(OC)cc2)<-[S-]3)cc1
IXEYEQ,O=Cc1cccc[c-]1->[Hg+2]<-[Br-],C7 H5 Br1 Hg1 O1,0.0,[Br-]->[Hg+2]1<-O=Cc2cccc[c-]->12,O=Cc1cccc[c-]1->[Hg+2]<-[Br-],O=Cc1cccc[c-]1->[Hg+2]<-[Br-]
IXOJUB,Cc1cc(C)c([BH-]23[H]->[Ru+2]<-24567(<-[H]3)(<-c2(C)c->4(C)c->5(C)[c-]->6(C)c->72C)<-P(C(C)C)(C(C)C)C(C)C)c(C)c1,C28 H50 B1 P1 Ru1,0.0,Cc1cc(C)c([BH-]23[H]->[Ru+3]<-24567(<-[HH-]3)(<-c2(C)c->4(C)c->5(C)[c-]->6(C)c->72C)<-P(C(C)C)(C(C)C)C(C)C)c(C)c1,CC1=C[C-](C)C(=B->[RuH2+2]2345(<-c6(C)c->2(C)c->3(C)[c-]->4(C)c->56C)<-P(C(C)C)(C(C)C)C(C)C)C(C)=C1,CC1=C[C-](C)C(=B->[RuH2+2]2345(<-c6(C)c->2(C)c->3(C)[c-]->4(C)c->56C)<-P(C(C)C)(C(C)C)C(C)C)C(C)=C1
IXUFUE,[O-2]->[V+5]12(<-[O-2])<-N(/N=c3/sc4ccccc4[n-]->13)=C(/c1ccccc1)c1ccccn->21,C19 H13 N4 O2 S1 V1,0.0,fail,[O-2]->[V+5]12(<-[O-2])<-N(=Nc3sc4ccccc4n->13)C(=C1C=CC=C[N-]->21)c1ccccc1,[O-2]->[V+5]12(<-[O-2])<-N(=Nc3sc4ccccc4n->13)C(=C1C=CC=C[N-]->21)c1ccccc1
IYAGOF,Cc1cc(C)n([P+]2([O-])N=C3n4c(C)cc(C)n4->[Pd@OH20+2]4(<-[Cl-])<-n5c(C)cc(C)n5C(=N2)[N-]->43)n1,C17 H21 Cl1 N9 O1 P1 Pd1,0.0,Cc1cc(C)n(P2(=O)N=C3n4c(C)cc(C)n4->[Pd+2]4(<-[Cl-])<-n5c(C)cc(C)n5C(=N2)[N-]->43)n1,Cc1cc(C)n([P+]2([O-])N=C3n4c(C)cc(C)n4->[Pd+2]4(<-[Cl-])<-n5c(C)cc(C)n5C(=N2)[N-]->43)n1,Cc1cc(C)n([P+]2([O-])N=C3n4c(C)cc(C)n4->[Pd+2]4(<-[Cl-])<-n5c(C)cc(C)n5C(=N2)[N-]->43)n1
IYEWOZ,Cc1ccc(N2c3ccc(C)cc3-n3ccc(C)n3->[Re+]<-2(<-[Br-])(<-[C-]#[O+])(<-[C-]#[O+])<-[C-]#[O+])c(-n2ccc(C)n2)c1,C25 H23 Br1 N5 O3 Re1,0.0,Cc1ccc(N2c3ccc(C)cc3-n3ccc(C)n3->[Re+]<-2(<-[Br-])(<-[C-]#[O+])(<-[C-]#[O+])<-[C-]#[O+])c(-n2ccc(C)n2)c1,Cc1ccc(N2c3ccc(C)cc3-n3ccc(C)n3->[Re+]<-2(<-[Br-])(<-[C-]#[O+])(<-[C-]#[O+])<-[C-]#[O+])c(-n2ccc(C)n2)c1,Cc1ccc(N2c3ccc(C)cc3-n3ccc(C)n3->[Re+]<-2(<-[Br-])(<-[C-]#[O+])(<-[C-]#[O+])<-[C-]#[O+])c(-n2ccc(C)n2)c1
IYOMAK,Cc1cc(C)c(-c2cccc[c-]2->[Ni+2]2(<-[I-])<-n3ccc(C)cc3-c3cc(C)ccn->23)c(C)c1,C27 H27 I1 N2 Ni1,0.0,Cc1cc(C)c(-c2cccc[c-]2->[Ni+2]2(<-[I-])<-n3ccc(C)cc3-c3cc(C)ccn->23)c(C)c1,Cc1cc(C)c(-c2cccc[c-]2->[Ni+2]2(<-[I-])<-n3ccc(C)cc3-c3cc(C)ccn->23)c(C)c1,Cc1cc(C)c(-c2cccc[c-]2->[Ni+2]2(<-[I-])<-n3ccc(C)cc3-c3cc(C)ccn->23)c(C)c1
IZASIL,O=C(O)c1ccccc1C1=O->[Zn+2]2(<-O=C([O-]->2)c2ccccc2C(=O)O)(<-[O-]1)(<-n1ccc(-c2ccncc2)cc1)<-n1ccc(-c2ccncc2)cc1,C36 H26 N4 O8 Zn1,0.0,fail,O=C(O)c1ccccc1C(=O)[O-]->[Zn+2](<-[O-]C(=O)c1ccccc1C(=O)O)(<-n1ccc(-c2ccncc2)cc1)<-n1ccc(-c2ccncc2)cc1,O=C(O)c1ccccc1C12=O->[Zn+2]<-134(<-O=C->3([O-]->4)c1ccccc1C(=O)O)(<-[O-]2)(<-n1ccc(-c2ccncc2)cc1)<-n1ccc(-c2ccncc2)cc1
IZIDOK,C[Si](C)(C)[C-](->[Hg+2]<-[Cl-])(c1ccccn1)[Si](C)(C)C,C12 H22 Cl1 Hg1 N1 Si2,0.0,C[Si](C)(C)[C-]1(c2ccccn2->[Hg+2]<-1<-[Cl-])[Si](C)(C)C,C[Si](C)(C)[C-](->[Hg+2]<-[Cl-])(c1ccccn1)[Si](C)(C)C,C[Si](C)(C)[C-](->[Hg+2]<-[Cl-])(c1ccccn1)[Si](C)(C)C
IZINAH,,C46 H34 Cl1 N1 O2 Ru1,0.0,[O+]#[C-]->[Ru+2]12345(<-[Cl-])<-N6=C(c7ccccc7-c->17c->2(-c1ccccc1)c->3(-c1ccccc1)[c-]->4(-c1ccccc1)c->57-c1ccccc1)OCC6Cc1ccccc1,[O+]#[C-]->[Ru+2]12345(<-[Cl-])<-[N-]6C(=c7ccccc7=C->17C->2(c1ccccc1)=C->3(c1ccccc1)C->4(c1ccccc1)=C->57c1ccccc1)OCC6Cc1ccccc1,[O+]#[C-]->[Ru+2]12345(<-[Cl-])<-[N-]6C(=c7ccccc7=C->17C->2(c1ccccc1)=C->3(c1ccccc1)C->4(c1ccccc1)=C->57c1ccccc1)OCC6Cc1ccccc1
IZOVUP,C[O-]->[V+5]123(<-[O-2])<-[S-]c4c([Si](C)(C)C)cccc4P->1(c1cccc([Si](C)(C)C)c1[S-]->2)c1cccc([Si](C)(C)C)c1[S-]->3,C28 H39 O2 P1 S3 Si3 V1 1-,-1.0,fail,C[O-]->[V+5]123(<-[O-2])<-[S-]c4c([Si](C)(C)C)cccc4P->1(c1cccc([Si](C)(C)C)c1[S-]->2)c1cccc([Si](C)(C)C)c1[S-]->3,C[O-]->[V+3]12(<-[O-2])<-[S-]c3c([Si](C)(C)C)cccc3[P+]->13(c1cccc([Si](C)(C)C)c1[S-]->2)Sc1c([Si](C)(C)C)cccc13
IZUPIE,,C13 H14 Hg1 I2 N4 O2,0.0,CC1c2ccccn2->[Hg+2]2(<-O)(<-[I-])(<-[I-])<-O=C(NN->2=1)c1ccccn1,CC(c1ccccn1)=N(NC(=O)c1ccccn1)->[Hg+4](<-[O-2])(<-[I-])<-[I-],CC1c2ccccn2->[Hg+2](<-[I-])(<-[O-]I)<-N=1NC(=O)c1ccccn1
JABDIA,CN1(C)Cc2ccccc2I->[Pd@TB16+2]<-1(<-[I-])<-[c-]1c(C(F)(F)F)cc(C(F)(F)F)cc1C(F)(F)F,C18 H14 F9 I2 N1 Pd1,0.0,CN1(C)Cc2ccccc2I->[Pd+2]<-1(<-[I-])<-[c-]1c(C(F)(F)F)cc(C(F)(F)F)cc1C(F)(F)F,CN(C)(Cc1[c-]cccc1)->[Pd+4](<-[I-])(<-[I-])<-[c-]1c(C(F)(F)F)cc(C(F)(F)F)cc1C(F)(F)F,CN(C)(Cc1[c-]cccc1)->[Pd+4](<-[I-])(<-[I-])<-[c-]1c(C(F)(F)F)cc(C(F)(F)F)cc1C(F)(F)F
JACMOP,C/C1c2cccc[c-]2->[Pd@SP2+2]2(<-N=[SH]N=S->2)<-N=1\N(C)C,C10 H14 N4 Pd1 S2,0.0,CC1c2cccc[c-]2->[Pd+3]2(<-[NH-][S]=N[S-]->2)<-N=1N(C)C,CC1c2cccc[c-]2->[Pd+2]2(<-N=[SH]N=S->2)<-N=1N(C)C,CC1c2cccc[c-]2->[Pd+2]2(<-N=[SH]N=S->2)<-N=1N(C)C
JADFIG,NC1N/N(=C/C=C/c2ccccc2)->[Cu@+](<-[I-])(<-S=1)<-[P@TB8](c1ccccc1)(c1ccccc1)c1ccccc1,C28 H26 Cu1 I1 N3 P1 S1,0.0,NC1NN(=CC=Cc2ccccc2)->[Cu+](<-[I-])(<-S=1)<-P(c1ccccc1)(c1ccccc1)c1ccccc1,NC1NN(=CC=Cc2ccccc2)->[Cu+](<-[I-])(<-S=1)<-P(c1ccccc1)(c1ccccc1)c1ccccc1,NC(=S)NN(=CC=Cc1ccccc1)->[Cu+](<-[I-])<-P(c1ccccc1)(c1ccccc1)c1ccccc1
JAFQEN,,C24 H32 Cl2 N6 O4 Pt1,0.0,CC1(C)N([O])C(c2ccccn2->[Pt+2](<-[Cl-])(<-[Cl-])<-n2ccccc2C2=[N+]([O-])C(C)(C)C(C)(C)N2[O])=[N+]([O-])C1(C)C,CC1(C)N([O-])C(=C2C=CC=C[N-]2->[Pt+4](<-[Cl-])(<-[Cl-])<-[N-]2C=CC=CC2=C2N([O-])C(C)(C)C(C)(C)[N+]2=O)[N+](=O)C1(C)C,CC1(C)N2[O-]->[Pt+4]3(<-[Cl-])(<-[Cl-])(<-[O-]N4C(c5ccccn->35)=[N+]([O-])C(C)(C)C4(C)C)<-n3ccccc3C2=[N+]([O-])C1(C)C
JAGKUX,C[CH2-]->[Re+7]12(<-[O-2])(<-[C-](/C)=[C-]->1/C)<-[C-](/C)=[C-]->2/C,C10 H17 O1 Re1,0.0,C[CH2-]->[Re+3]12(<-[O-2])(<-C(C)#C->1C)<-C(C)#C->2C,C[CH2-]->[Re+3]12(<-[O-2])(<-C(C)#C->1C)<-C(C)#C->2C,C[CH2-]->[Re+3]12(<-[O-2])(<-C(C)#C->1C)<-C(C)#C->2C
JAHHAC,,C25 H34 F1 Mo1 O2 P1,0.0,CC(C)(C)c1cc(C(C)(C)C)c([P-2](F)->[Mo+3]2345(<-[C-]#[O+])(<-[C-]#[O+])<-c6c->2c->3[cH-]->4c->56)c(C(C)(C)C)c1,CC(C)(C)c1cc(C(C)(C)C)c([P-](F)->[Mo+2]2345(<-[C-]#[O+])(<-[C-]#[O+])<-c6c->2c->3[cH-]->4c->56)c(C(C)(C)C)c1,CC(C)(C)c1cc(C(C)(C)C)c([P-](F)->[Mo+2]2345(<-[C-]#[O+])(<-[C-]#[O+])<-c6c->2c->3[cH-]->4c->56)c(C(C)(C)C)c1
JAKBAY,CN(C)[C-](=O)->[Fe](<-[C-]#[O+])(<-[C-]#[O+])(<-[C-]#[O+])<-[C-]#[O+],C7 H6 Fe1 N1 O5 1-,-1.0,CN(C)[C](=O)->[Fe-](<-[C-]#[O+])(<-[C-]#[O+])(<-[C-]#[O+])<-[C-]#[O+],CN(C)[C-](=O)->[Fe](<-[C-]#[O+])(<-[C-]#[O+])(<-[C-]#[O+])<-[C-]#[O+],CN(C)[C-](=O)->[Fe](<-[C-]#[O+])(<-[C-]#[O+])(<-[C-]#[O+])<-[C-]#[O+]
JAKNIS,C/C1=C(\C)[N-](O)->[Co+3]2(<-[CH2-]CC#N)(<-N1=O)(<-N(=O)/C(C)=C(/C)[N-]->2O)<-n1ccn(C)c1,C15 H24 Co1 N7 O4,0.0,CC1C(C)=N(O)->[Co+]2(<-[CH2-]CC#N)(<-N=1[O])(<-N([O])=C(C)C(C)=N->2O)<-n1ccn(C)c1,CC1=C(C)[N-](O)->[Co+3]2(<-[CH2-]CC#N)(<-N1=O)(<-N(=O)C(C)=C(C)[N-]->2O)<-n1ccn(C)c1,CC1=C(C)[N-](O)->[Co+3]2(<-[CH2-]CC#N)(<-N1=O)(<-N(=O)C(C)=C(C)[N-]->2O)<-n1ccn(C)c1
JALZIF,,C12 H24 Fe1 N3 O5 P1 Si1,0.0,CN(C)P(=[O+][Si-2](C)(C)->[Fe+](<-[C-]#[O+])(<-[C-]#[O+])(<-[C-]#[O+])<-[C-]#[O+])(N(C)C)N(C)C,CN(C)P(=[O+][Si-](C)(C)->[Fe](<-[C-]#[O+])(<-[C-]#[O+])(<-[C-]#[O+])<-[C-]#[O+])(N(C)C)N(C)C,CN(C)P(=[O+][Si-](C)(C)->[Fe](<-[C-]#[O+])(<-[C-]#[O+])(<-[C-]#[O+])<-[C-]#[O+])(N(C)C)N(C)C
JAMJAJ,CCOC1=S->[Zn+2]23(<-S=C(OCC)[S-]->2)(<-[S-]1)<-N(C)(C)CCN->3(C)C,C12 H26 N2 O2 S4 Zn1,0.0,CCOC(=S)[S-]->[Zn+2]1(<-[S-]C(=S)OCC)<-N(C)(C)CCN->1(C)C,CCOC(=S)[S-]->[Zn+2]1(<-[S-]C(=S)OCC)<-N(C)(C)CCN->1(C)C,CCOC1=S->[Zn+2]23(<-S=C(OCC)[S-]->2)(<-[S-]1)<-N(C)(C)CCN->3(C)C
JANHAK,,C26 H26 N1 O1 P1 W1,0.0,CC(C)c12->[WH+3]3456(<-[N-]=O)(<-[c-]7ccccc7P->3(c3ccccc3)c3ccccc3)<-c(c->4[cH-]->51)c->62,CC(C)c12->[WH+3]3456(<-[N-]=O)(<-[c-]7ccccc7P->3(c3ccccc3)c3ccccc3)<-c(c->4[cH-]->51)c->62,CC(C)c12->[WH+3]3456(<-[N-]=O)(<-[c-]7ccccc7P->3(c3ccccc3)c3ccccc3)<-c(c->4[cH-]->51)c->62
JAPCOT,[O-]/C=C1C(/c2ccccc2)=C2/C=CC3=N2->[Ni@SP2+2]24<-N5=C(C=C/C5=C(\c5ccccc5)C5=N->2/C(=C\3c2ccccc2)C=C5)/C(c2ccccc2)=C\[N-]->4/1,C43 H28 N4 Ni1 O1,0.0,O=Cc1c(-c2ccccc2)c2ccc3c(-c4ccccc4)c4n5->[Ni+2]6(<-n1cc(-c1ccccc1)c1ccc(c(-c7ccccc7)c5C=C4)[n-]->61)<-[n-]23,[O-][CH+][C-]1C(c2ccccc2)=c2ccc3[n-]2->[Ni+4]24<-[N-]1[CH+]C(c1ccccc1)=c1ccc([n-]->21)=C(c1ccccc1)c1ccc([n-]->41)C=3c1ccccc1,[O-][CH+][C-]1C(c2ccccc2)=c2ccc3[n-]2->[Ni+4]24<-[N-]1[CH+]C(c1ccccc1)=c1ccc([n-]->21)=C(c1ccccc1)c1ccc([n-]->41)C=3c1ccccc1
JAQPAS,CC(C)[O-]->[Ti+4](<-[Cl-])(<-[Cl-])(<-[Cl-])(<-[O-]c1ccccc1[NH3+])<-O1CCCC1,C13 H22 Cl3 N1 O3 Ti1,0.0,CC(C)[O-]->[Ti+4](<-[Cl-])(<-[Cl-])(<-[Cl-])(<-[O-]c1ccccc1[NH3+])<-O1CCCC1,CC(C)[O-]->[Ti+4](<-[Cl-])(<-[Cl-])(<-[Cl-])(<-[O-]c1ccccc1[NH3+])<-O1CCCC1,CC(C)[O-]->[Ti+4](<-[Cl-])(<-[Cl-])(<-[Cl-])(<-[O-]c1ccccc1[NH3+])<-O1CCCC1
JASFOZ,CC(C)(C)n1cc[n+](C(C)(C)C)p1->[Co-](<-[C-]#[O+])(<-[C-]#[O+])<-[C-]#[O+],C13 H20 Co1 N2 O3 P1,0.0,CC(C)(C)N1C=CN(C(C)(C)C)[P-2]1->[Co+2](<-[C-]#[O+])(<-[C-]#[O+])<-[C-]#[O+],CC(C)(C)N1C=CN(C(C)(C)C)[P-]1->[Co+](<-[C-]#[O+])(<-[C-]#[O+])<-[C-]#[O+],CC(C)(C)N1C=CN(C(C)(C)C)[P-]1->[Co+](<-[C-]#[O+])(<-[C-]#[O+])<-[C-]#[O+]
JASWOS,Fc1ccc2-c3cccc4-c5ccc(F)c[c-]5->[Pt@+2](<-[Cl-])(<-n34)<-[P@TB8](Cc3ccccc3)(Cc3ccccc3)Cc3ccccc3-c2c1,C38 H29 Cl1 F2 N1 P1 Pt1,0.0,Fc1ccc2-c3cccc4-c5ccc(F)c[c-]5->[Pt+2](<-[Cl-])(<-n34)<-P(Cc3ccccc3)(Cc3ccccc3)Cc3ccccc3-c2c1,Fc1ccc2-c3cccc4-c5ccc(F)c[c-]5->[Pt+2](<-[Cl-])(<-n34)<-P(Cc3ccccc3)(Cc3ccccc3)Cc3ccccc3-c2c1,Fc1ccc2-c3cccc4-c5ccc(F)c[c-]5->[Pt+2](<-[Cl-])(<-n34)<-P(Cc3ccccc3)(Cc3ccccc3)Cc3ccccc3-c2c1
JATPID,,C35 H38 Fe1 O7 P2,0.0,COP(OC)(OC)->[Fe]123(<-[C-]#[O+])(<-C4(c5ccccc5)=C->1(c1ccccc1)C->2(c1ccccc1)=C->34c1ccccc1)<-P(OC)(OC)OC,COP(OC)(OC)->[Fe+2]123(<-[C-]#[O+])(<-C4(=C5C=C[CH-]C=C5)C->1(c1ccccc1)=C->2(c1ccccc1)[C-]->34c1ccccc1)<-P(OC)(OC)OC,COP(OC)(OC)->[Fe+2]123(<-[C-]#[O+])(<-C4(=C5C=C[CH-]C=C5)C->1(c1ccccc1)=C->2(c1ccccc1)[C-]->34c1ccccc1)<-P(OC)(OC)OC
JAWCAO,,C47 H21 Ag1 F10 N4 O1,0.0,COC(C#Cc1c2n3->[Ag+3]45<-[n-]6c1ccc6c(-c1c(F)c(F)c(F)c(F)c1F)c1ccc(c6ccc(c(-c7c(F)c(F)c(F)c(F)c7F)c3C=C2)[n-]->46)[n-]->51)(c1ccccc1)c1ccccc1,COC(C#Cc1c2ccc3c(-c4c(F)c(F)c(F)c(F)c4F)c4n5->[Ag+3]6(<-[n-]32)<-[n-]2c1ccc2c(-c1c(F)c(F)c(F)c(F)c1F)c1ccc(c5C=C4)[n-]->61)(c1ccccc1)c1ccccc1,COC(C#Cc1c2ccc3c(-c4c(F)c(F)c(F)c(F)c4F)c4n5->[Ag+3]6(<-[n-]32)<-[n-]2c1ccc2c(-c1c(F)c(F)c(F)c(F)c1F)c1ccc(c5C=C4)[n-]->61)(c1ccccc1)c1ccccc1
JAXNIF,Cc1ccc(/N=[C-]2/C(=C\c3ccc(Cl)cc3)/N(c3ccc(C)cc3)[C](Nc3ccc(C)cc3)->[Mn+]<-2(<-[C-]#[O+])(<-[C-]#[O+])(<-[C-]#[O+])<-[C-]#[O+])cc1,C35 H27 Cl1 Mn1 N3 O4,0.0,Cc1ccc(N=[C-]2C(=Cc3ccc(Cl)cc3)N(c3ccc(C)cc3)[C](Nc3ccc(C)cc3)->[Mn+]<-2(<-[C-]#[O+])(<-[C-]#[O+])(<-[C-]#[O+])<-[C-]#[O+])cc1,Cc1ccc(N=[C-]2C(=Cc3ccc(Cl)cc3)N(c3ccc(C)cc3)[C](Nc3ccc(C)cc3)->[Mn+]<-2(<-[C-]#[O+])(<-[C-]#[O+])(<-[C-]#[O+])<-[C-]#[O+])cc1,Cc1ccc(N=[C-]2C(=Cc3ccc(Cl)cc3)N(c3ccc(C)cc3)[C](Nc3ccc(C)cc3)->[Mn+]<-2(<-[C-]#[O+])(<-[C-]#[O+])(<-[C-]#[O+])<-[C-]#[O+])cc1
JAYGAU,,C32 H40 N1 O2 P1 Ru1 S1 Si1,0.0,CC(C)c12->[RuH+]34567(<-c(c->31)c->4(C)c->5c->62)<-[CH-](P(c1ccccc1)(c1ccccc1)=N->7[Si](C)(C)C)S(=O)(=O)c1ccccc1,CC(C)c12->[RuH+]34567(<-c(c->31)c->4(C)c->5c->62)<-[CH-](P(c1ccccc1)(c1ccccc1)=N->7[Si](C)(C)C)S(=O)(=O)c1ccccc1,CC(C)c12->[RuH+]34567(<-c(c->31)c->4(C)c->5c->62)<-[CH-](P(c1ccccc1)(c1ccccc1)=N->7[Si](C)(C)C)S(=O)(=O)c1ccccc1
JAZQEG,CC#N->[Fe+2]1234(<-[C-]#[O+])(<-N#CC)<-c56c->1([c-]->2([Si](C)(C)C)c->3(=O)[c-]->45[Si](C)(C)C)CCCC6,C20 H32 Fe1 N2 O2 Si2,0.0,CC#N->[Fe]123(<-[C-]#[O+])(<-N#CC)<-C45=C->1([Si](C)(C)C)C(=O)C->2([Si](C)(C)C)=C->34CCCC5,CC#N->[Fe+2]1234(<-[C-]#[O+])(<-N#CC)<-c56c->1([c-]->2([Si](C)(C)C)c->3(=O)[c-]->45[Si](C)(C)C)CCCC6,CC#N->[Fe+2]1234(<-[C-]#[O+])(<-N#CC)<-c56c->1([c-]->2([Si](C)(C)C)c->3(=O)[c-]->45[Si](C)(C)C)CCCC6
JEDDUS,O=[N+]1[O-]->[Cd+2]2(<-[O-]1)(<-[O-][N+](=O)[O-]->2)(<-N1=C(n2cc3ccccc3n2)SCC1)<-N1=C(n2cc3ccccc3n2)SCC1,C20 H18 Cd1 N8 O6 S2,0.0,O=[N+]1[O-]->[Cd+2]234(<-[O-]1)(<-[O-][N+](=O)[O-]->2)(<-N1=C(n2cc5ccccc5n->32)SCC1)<-N1=C(n2cc3ccccc3n->42)SCC1,O=[N+]1[O-]->[Cd+2]234(<-[O-]1)(<-[O-][N+](=O)[O-]->2)(<-N1=C(n2cc5ccccc5n->32)SCC1)<-N1=C(n2cc3ccccc3n->42)SCC1,O=[N+]12[O-]->[Cd+2]<-134(<-[O-]2)(<-[O-][N+]->3(=O)[O-]->4)(<-N1=C(n2cc3ccccc3n2)SCC1)<-N1=C(n2cc3ccccc3n2)SCC1
JEFJIO,Cn1cc(C(C)(C)C)n2->[Pd@+2](<-[I-])(<-[c-]3ccccc3)<-P(c12)(C(C)(C)C)C(C)(C)C,C22 H36 I1 N2 P1 Pd1,0.0,Cn1cc(C(C)(C)C)n2->[Pd+2](<-[I-])(<-[c-]3ccccc3)<-P(c12)(C(C)(C)C)C(C)(C)C,Cn1cc(C(C)(C)C)n2->[Pd+2](<-[I-])(<-[c-]3ccccc3)<-P(c12)(C(C)(C)C)C(C)(C)C,Cn1cc(C(C)(C)C)n2->[Pd+2](<-[I-])(<-[c-]3ccccc3)<-P(c12)(C(C)(C)C)C(C)(C)C
JEFWUP,,C33 H31 B2 N4 O3 P1 Ru1 S2,0.0,Cn1ccn2[BH-]3[H]->[Ru+2](<-[C-]#[O+])(<-S=c12)(<-S=c1n(C)ccn13)(<-[BH2-]1Oc2ccccc2O1)<-P(c1ccccc1)(c1ccccc1)c1ccccc1,Cn1ccn2[BH2-]n3ccn(C)c3=S->[Ru](<-[C-]#[O+])(<-S=c12)(<-b1oc2ccccc2[o+]1)<-P(c1ccccc1)(c1ccccc1)c1ccccc1,Cn1ccn2Bn3ccn(C)c3=S->[RuH-](<-[C-]#[O+])(<-S=c12)(<-b1oc2ccccc2[o+]1)<-P(c1ccccc1)(c1ccccc1)c1ccccc1
JEGHAE,C/C1=C(\C)[N-](O)->[Co+3]2(<-[CH2-]C#N)(<-N1=O)(<-N(=O)/C(C)=C(/C)[N-]->2O)<-n1ccn(C)c1C,C15 H24 Co1 N7 O4,0.0,CC1C(C)=N(O)->[Co+]2(<-[CH2-]C#N)(<-N=1[O])(<-N([O])=C(C)C(C)=N->2O)<-n1ccn(C)c1C,CC1=C(C)[N-](O)->[Co+3]2(<-[CH2-]C#N)(<-N1=O)(<-N(=O)C(C)=C(C)[N-]->2O)<-n1ccn(C)c1C,CC1=C(C)[N-](O)->[Co+3]2(<-[CH2-]C#N)(<-N1=O)(<-N(=O)C(C)=C(C)[N-]->2O)<-n1ccn(C)c1C
JEGQAN,CCN(CC)->[Cu+]1(<-[Br-])<-C2#C->1C(C)(C)CSCC2(C)C,C14 H27 Br1 Cu1 N1 S1,0.0,CCN(CC)->[Cu+]1(<-[Br-])<-C2#C->1C(C)(C)CSCC2(C)C,CCN(CC)->[Cu+]1(<-[Br-])<-C2#C->1C(C)(C)CSCC2(C)C,CCN(CC)->[Cu+]1(<-[Br-])<-C2#C->1C(C)(C)CSCC2(C)C
JEHRAS,CN1(C)CCC/N2=C/c3ccc(Cl)c[c-]3->[Pt+4]<-2<-1(<-[CH3-])(<-[I-])<-[I-],C13 H19 Cl1 I2 N2 Pt1,0.0,CN1(C)CCCN2=Cc3ccc(Cl)c[c-]3->[Pt+4]<-2<-1(<-[CH3-])(<-[I-])<-[I-],CN1(C)CCCN2=Cc3ccc(Cl)c[c-]3->[Pt+4]<-2<-1(<-[CH3-])(<-[I-])<-[I-],CN1(C)CCCN2=Cc3ccc(Cl)c[c-]3->[Pt+4]<-2<-1(<-[CH3-])(<-[I-])<-[I-]
JEJXAA,CN(C)n1c2[S-]->[Au+3]3(<-[S-]c2sc1=S)<-[S-]c1sc(=S)n(N(C)C)c1[S-]->3,C10 H12 Au1 N4 S8 1-,-1.0,CN(C)n1c2[S-]->[Au+3]3(<-[S-]c2sc1=S)<-[S-]c1sc(=S)n(N(C)C)c1[S-]->3,CN(C)N1C(=S)SC2=S->[Au-]3(<-S=C4SC(=S)N(N(C)C)C4=S->3)<-S=C21,CN(C)N1C(=S)SC2=S->[Au-]3(<-S=C4SC(=S)N(N(C)C)C4=S->3)<-S=C21
JEKWII,Cc1cc(C)c(/N2=C(/C=C(\[N-](c3c(C)cc(C)cc3C)->[Cu@+]<-23<-[H][BH2-]->3[n+]2ccccc2C)C(F)(F)F)C(F)(F)F)c(C)c1,C29 H33 B1 Cu1 F6 N3,0.0,Cc1cc(C)c(N2=C(C=C([N-](c3c(C)cc(C)cc3C)->[Cu+]<-23<-[H][BH-]([H]->3)[n+]2ccccc2C)C(F)(F)F)C(F)(F)F)c(C)c1,Cc1cc(C)c(N2->[Cu-](<-B[n+]3ccccc3C)<-[N-](c3c(C)cc(C)cc3C)C(C(F)(F)F)=CC=2C(F)(F)F)c(C)c1.[H+],B[n+]1ccccc1C.Cc1cc(C)c(N2->[CuH]<-[N-](c3c(C)cc(C)cc3C)C(C(F)(F)F)=CC=2C(F)(F)F)c(C)c1
JELREY,,C25 H38 B1 F4 O2 P2 Rh1,0.0,CC(C)P1(Oc2cccc3OP(C(C)C)(C(C)C)->[Rh+3]<-1(<-[CH2-]c1ccccc1)(<-F[B-](F)(F)F)<-[c-]23)C(C)C,CC(C)P1(C(C)C)->[Rh+3]2(<-[CH2-]c3ccccc3)<-[c-]3c(cccc3OP->2(C(C)C)C(C)C)O1.F[B-](F)(F)F,CC(C)P1(C(C)C)->[Rh+3]2(<-[CH2-]c3ccccc3)<-[c-]3c(cccc3OP->2(C(C)C)C(C)C)O1.F[B-](F)(F)F
JEMVAZ,CC(C)O1C2=C[CH-]C=CC2=[CH-]->[Ru+4]<-1(<-[Cl-])(<-[Cl-])<-[C]1N(c2c(F)cccc2F)CCN1c1c(F)cccc1F,C25 H22 Cl2 F4 N2 O1 Ru1,0.0,CC(C)O1c2ccccc2[CH-2]->[Ru+4]<-1(<-[Cl-])(<-[Cl-])<-[C]1N(c2c(F)cccc2F)CCN1c1c(F)cccc1F,CC(C)O1c2ccccc2[CH]->[Ru+2]<-1(<-[Cl-])(<-[Cl-])<-[C]1N(c2c(F)cccc2F)CCN1c1c(F)cccc1F,CC(C)O1c2ccccc2[CH]->[Ru+2]<-1(<-[Cl-])(<-[Cl-])<-[C]1N(c2c(F)cccc2F)CCN1c1c(F)cccc1F
JENXAC,C[Si](C)(C)[c-]12->[Nb+5]3456789(<-[O-2])(<-[Cl-])(<-c(c->3c->41)c->52)<-c1c->6c->7[c-]->8([Si](C)(C)C)c->91,C16 H26 Cl1 Nb1 O1 Si2,0.0,C[Si](C)(C)c12->[Nb+5]3456789(<-[O-2])(<-[Cl-])(<-c(c->31)[cH-]->4c->52)<-c1c->6c->7([Si](C)(C)C)c->8[cH-]->91,C[Si](C)(C)c12->[Nb+5]3456789(<-[O-2])(<-[Cl-])(<-c(c->3[cH-]->41)c->52)<-c1c->6c->7[c-]->8([Si](C)(C)C)c->91,C[Si](C)(C)c12->[Nb+5]3456(<-[O-2])(<-[Cl-])(<-c7c->3c->4[c-]->5([Si](C)(C)C)c->67)<-[cH-]1ccc2
JEPXUX,,C25 H23 B1 Mo1 N4 O2,0.0,fail,C=CC1=C2[CH2-]->[Mo+2]<-1<-23(<-[C-]#[O+])(<-[C-]#[O+])<-n1cccn1[B-](c1ccccc1)(c1ccccc1)n1cccn->31,C=CC1=C2C[C-](=O)->[Mo+2]<-1<-2345(<-[C-]#[O+])<-c1ccccc->31[B-](c1ccccc1)(n1cccn->41)n1cccn->51
JERCOY,,C26 H30 P1 V1,0.0,CC1=C(c2ccccc2)[C-2](c2ccccc2)->[V+5]2345(<-[C-2]1C)(<-c1c->2c->3[cH-]->4c->51)<-P(C)(C)C,C[C-]1=C2(C)C3(c4ccccc4)=[C-](c4ccccc4)->[V+3]<-1<-2<-34567(<-c1c->4c->5[cH-]->6c->71)<-P(C)(C)C,CC12=C3(c4ccccc4)[C](c4ccccc4)->[V+]<-3<-145678(<-c1c->4c->5[cH-]->6c->71)<-C2(C)=P->8(C)(C)C
JETFAP,C[CH2-]->[Rh+3]12(<-N(=O)/C(C)=C(/C)[N-]->1O)(<-N(=O)/C(C)=C(/C)[N-]->2O)<-n1ccccc1,C15 H24 N5 O4 Rh1,0.0,C[CH2-]->[Rh+]12(<-N([O])=C(C)C(C)=N->1O)(<-N([O])=C(C)C(C)=N->2O)<-n1ccccc1,C[CH2-]->[Rh+3]12(<-N(=O)C(C)=C(C)[N-]->1O)(<-N(=O)C(C)=C(C)[N-]->2O)<-n1ccccc1,C[CH2-]->[Rh+3]12(<-N(=O)C(C)=C(C)[N-]->1O)(<-N(=O)C(C)=C(C)[N-]->2O)<-n1ccccc1
JETYUC,C[Si](C)(C)c1cccnc1[S-]->[Hg+2]<-[S-]c1ncccc1[Si](C)(C)C,C16 H24 Hg1 N2 S2 Si2,0.0,fail,C[Si](C)(C)c1cccnc1[S-]->[Hg+2]<-[S-]c1ncccc1[Si](C)(C)C,C[Si](C)(C)c1cccnc1[S-]->[Hg+2]<-[S-]c1ncccc1[Si](C)(C)C
JEWWEN,COC(=O)/C1=N/S(=O)(=O)N(->[Pt+2](<-[C-]1C(=O)OC)<-P(C)(c1ccccc1)c1ccccc1)=P(C)(c1ccccc1)c1ccccc1,C32 H34 N2 O6 P2 Pt1 S1,0.0,COC(=O)C1NS(=O)(=O)[NH-]->[Pt+2](<-[C-]=1C(=O)OC)(<-P(C)(c1ccccc1)c1ccccc1)<-P(C)(c1ccccc1)c1ccccc1,COC(=O)C1=NS([O-])([O-])#N->[Pt+2](<-[C]1C(=O)OC)(<-P(C)(c1ccccc1)c1ccccc1)<-P(C)(c1ccccc1)c1ccccc1,COC(=O)C1=NS(=O)(=O)N(->[Pt](<-[C]1C(=O)OC)<-P(C)(c1ccccc1)c1ccccc1)=P(C)(c1ccccc1)c1ccccc1
JEYLAA,,C16 H25 Cl3 N1 O1 P1 W1,0.0,CC(C)(C)[N+]1#C(Cc2ccccc2)->[W+2]<-1(<-[Cl-])(<-[Cl-])(<-[Cl-])(<-[C-]#[O+])<-P(C)(C)C,CC(C)(C)N1=[C-](Cc2ccccc2)->[W+4]<-1(<-[Cl-])(<-[Cl-])(<-[Cl-])(<-[C-]#[O+])<-P(C)(C)C,CC(C)(C)N1=[C-](Cc2ccccc2)->[W+4]<-1(<-[Cl-])(<-[Cl-])(<-[Cl-])(<-[C-]#[O+])<-P(C)(C)C
JEZLUV,N#[C-]->[Pt+2]1(<-[C-]#N)<-N=[SH]N=S->1,C2 H1 N4 Pt1 S2 1-,-1.0,N#[C-]->[Pt+3]1(<-[C-]#N)<-[NH-][S]=N[S-]->1,N#[C-]->[Pt+2]1(<-[C-]#N)<-N=[SH]N=S->1,N#[C-]->[Pt+2]1(<-[C-]#N)<-N=[SH]N=S->1
JIDSAT,Cc1cc(-c2ccccc2)n2->[Zn+2]34(<-[NH-]S(=O)(=O)c5ccccn->35)<-n3c(-c5ccccc5)cc(C)n3[BH-](n12)n1c(C)cc(-c2ccccc2)n->41,C35 H33 B1 N8 O2 S1 Zn1,0.0,Cc1cc(-c2ccccc2)[n-]2->[Zn+2]34(<-[NH-]S(=O)(=O)c5ccccn->35)<-[n-]3c(-c5ccccc5)cc(C)[n+]3[BH-]([n+]12)[n+]1c(C)cc(-c2ccccc2)[n-]->41,Cc1cc(-c2ccccc2)n2->[Zn+2]34(<-[NH-]S(=O)(=O)c5ccccn->35)<-n3c(-c5ccccc5)cc(C)n3[BH-](n12)n1c(C)cc(-c2ccccc2)n->41,Cc1cc(-c2ccccc2)n2->[Zn+2]34(<-[NH-]S(=O)(=O)c5ccccn->35)<-n3c(-c5ccccc5)cc(C)n3[BH-](n12)n1c(C)cc(-c2ccccc2)n->41
JIDYUT,O=C1[O-]->[Fe+2]234(<-[Cl-])(<-O=C->21c1ccccc1)<-n1ccccc1CN->3(Cc1ccccn->41)c1ccccc1,C26 H22 Cl1 Fe1 N3 O3,0.0,O=C1[O-]->[Fe+2]23(<-[Cl-])(<-O=C1c1ccccc1)<-n1ccccc1CN->2(Cc1ccccn->31)c1ccccc1,O=C1[O-]->[Fe+2]23(<-[Cl-])(<-O=C1c1ccccc1)<-n1ccccc1CN->2(Cc1ccccn->31)c1ccccc1,O=C1[O-]->[Fe+2]23(<-[Cl-])(<-O=C1c1ccccc1)<-n1ccccc1CN->2(Cc1ccccn->31)c1ccccc1
JIHZUY,CC#N->[Ir+3]12(<-N#CC)(<-[C]3N(c4ccc(C)cc4)C=CN3c3ccc(C)c[c-]->13)<-[C]1N(c3ccc(C)cc3)C=CN1c1ccc(C)c[c-]->21,C38 H36 Ir1 N6 1+,1.0,CC#N->[Ir+3]12(<-N#CC)(<-[C]3N(c4ccc(C)cc4)C=CN3c3ccc(C)c[c-]->13)<-[C]1N(c3ccc(C)cc3)C=CN1c1ccc(C)c[c-]->21,CC#N->[Ir+3]12(<-N#CC)(<-[C]3N(c4ccc(C)cc4)C=CN3c3ccc(C)c[c-]->13)<-[C]1N(c3ccc(C)cc3)C=CN1c1ccc(C)c[c-]->21,CC#N->[Ir+3]12(<-N#CC)(<-[C]3N(c4ccc(C)cc4)C=CN3c3ccc(C)c[c-]->13)<-[C]1N(c3ccc(C)cc3)C=CN1c1ccc(C)c[c-]->21
JILJIA,C[B-]123[H]->[Rh+3]<-1456(<-C1=C->4/[CH-]->5CC[CH-]->6CC\1)(<-n1cccc4ccn2c41)<-n1cccc2ccn3c21,C23 H26 B1 N4 Rh1,0.0,fail,CB1n2ccc3cccn(->[RhH+2]456(<-C7=C->4[CH-]->5CC[CH-]->6CC7)<-n4cccc5ccn1c54)c32,CB1n2ccc3cccn(->[RhH+2]456(<-C7=C->4[CH-]->5CC[CH-]->6CC7)<-n4cccc5ccn1c54)c32
JIMMAU,Cc1cc(C)c(N2CCN(c3c(C)cc(C)cc3C)[C]2->[Ru@OH18+4]23(<-[Cl-])<-[CH-]=C4C=CC=C/C4=[O+]->2\[C@H](C)[C-]([O-])[O-]->3)c(C)c1,C31 H35 Cl1 N2 O3 Ru1,0.0,Cc1cc(C)c(N2CCN(c3c(C)cc(C)cc3C)[C]2->[Ru+4]23(<-[Cl-])<-[CH-2]c4ccccc4O->2C(C)C(=O)[O-]->3)c(C)c1,Cc1cc(C)c(N2CCN(c3c(C)cc(C)cc3C)[C]2->[Ru+2]23(<-[Cl-])<-[CH]c4ccccc4O->2C(C)C(=O)[O-]->3)c(C)c1,Cc1cc(C)c(N2CCN(c3c(C)cc(C)cc3C)[C]2->[Ru+2]23(<-[Cl-])<-[CH]c4ccccc4O->2C(C)C(=O)[O-]->3)c(C)c1
JINWOV,,C31 H32 N1 P1 Rh1 1+,1.0,Cc12->[RhH+2]3456(<-n7cccc8cccc(P->3(c3ccccc3)c3ccccc3)c87)<-c1(C)c->4(C)[c-]->5(C)c->62C,Cc12->[RhH+2]3456(<-n7cccc8cccc(P->3(c3ccccc3)c3ccccc3)c87)<-c1(C)c->4(C)[c-]->5(C)c->62C,Cc12->[RhH+2]3456(<-n7cccc8cccc(P->3(c3ccccc3)c3ccccc3)c87)<-c1(C)c->4(C)[c-]->5(C)c->62C
JIQFAR,,C21 H19 B1 Cl1 Fe1 N1 O2,0.0,[O+]#[C-]->[Fe]1234(<-[C-]#[O+])(<-B(Cl)=[N+](Cc5ccccc5)Cc5ccccc5)<-c5c->1c->2[cH-]->3c->45,[O+]#[C-]->[Fe]1234(<-[C-]#[O+])(<-B(Cl)=[N+](Cc5ccccc5)Cc5ccccc5)<-c5c->1c->2[cH-]->3c->45,[O+]#[C-]->[Fe]1234(<-[C-]#[O+])(<-B(Cl)=[N+](Cc5ccccc5)Cc5ccccc5)<-c5c->1c->2[cH-]->3c->45
JIRTUC,CO[C@@H]1CC/C2->[Pt+2]345(<-[H][B-](n6ccc7cccnc76)(n6ccc7cccn->3c76)n3ccc6cccn->4c63)<-C=2\CC[CH-]->51,C30 H31 B1 N6 O1 Pt1,0.0,COC1CCC2->[Pt+2]34(<-C=2CC[CH-]->31)<-n1cccc2ccn([BH-](n3ccc5cccnc53)n3ccc5cccn->4c53)c21,COC1CCC2->[Pt+2]34(<-C=2CC[CH-]->31)<-n1cccc2ccn([BH-](n3ccc5cccnc53)n3ccc5cccn->4c53)c21,COC1CCC2->[Pt+2]34(<-C=2CC[CH-]->31)<-n1cccc2ccn([BH-](n3ccc5cccnc53)n3ccc5cccn->4c53)c21
JISVIT,[Cl-]->[Pd@TB12+2]12<-n3c(-c4ccccc4[N-]->1c1ccccc1P->2(c1ccccc1)c1ccccc1)oc1ccccc13,C31 H22 Cl1 N2 O1 P1 Pd1,0.0,[Cl-]->[Pd+2]12<-n3c(-c4ccccc4[N-]->1c1ccccc1P->2(c1ccccc1)c1ccccc1)oc1ccccc13,[Cl-]->[Pd+2]12<-N(=C3C=CC=CC3=C3Oc4ccccc4[N-]->13)c1ccccc1P->2(c1ccccc1)c1ccccc1,[Cl-]->[Pd+2]12<-N(=C3C=CC=CC3=C3Oc4ccccc4[N-]->13)c1ccccc1P->2(c1ccccc1)c1ccccc1
JITHAY,Cc1ccc(C2=N[C@@]3(OC3=O)C3C(=O)[O-]->[Zn+2]4(<-O)(<-O)(<-[O-]C(=O)C5=N->4C(c4ccc(C)c(C)c4)=N[C@@]54OC4=O)<-N=32)cc1C,C26 H26 N4 O10 Zn1,0.0,Cc1ccc(-c2[nH]c(C(=O)O)c3C(=O)[O-]->[Zn+2]4(<-O)(<-O)(<-[O-]C(=O)c5c(C(=O)O)[nH]c(-c6ccc(C)c(C)c6)n->45)<-n23)cc1C,Cc1ccc(-c2nc(C(=O)[O-])c3C(=O)[O-]->[Zn+6]4(<-O)(<-O)(<-[O-]C(=O)c5c(C(=O)[O-])nc(-c6ccc(C)c(C)c6)[n-]->45)<-[n-]23)cc1C,Cc1ccc(C2=NC3(OC3=O)C3C(=O)[O-]->[Zn+2]4(<-O)(<-O)(<-[O-]C(=O)C5=N->4C(c4ccc(C)c(C)c4)=NC54OC4=O)<-N=32)cc1C
JIVMUW,C1=C/C2=C(\c3ccccc3)c3ccc4[n-]3->[Zn@SP1+2]35<-N2=C1C(=C1[CH+][CH-][CH-][CH+][CH-]1)c1ccc([n-]->31)C(=C1[CH+][CH+][CH+][CH-][CH-]1)c1ccc([n-]->51)C4=C1[CH+][CH+][CH+][CH-][CH-]1,C44 H28 N4 Zn1,0.0,C1=Cc2c(-c3ccccc3)c3ccc4c(-c5ccccc5)c5n6->[Zn+2]7(<-n2c1c(-c1ccccc1)c1ccc(c(-c2ccccc2)c6C=C5)[n-]->71)<-[n-]34,C1=CC2=N3->[Zn+2]45<-[n-]6c(ccc6C(c6ccccc6)=c6ccc([n-]->46)=C(c4ccccc4)c4ccc([n-]->54)C(c4ccccc4)=C13)C2=C1[CH+][CH-][CH+][CH+][CH-]1,C1=CC2=N3->[Zn+2]45<-[n-]6c(ccc6C(c6ccccc6)=c6ccc([n-]->46)=C(c4ccccc4)c4ccc([n-]->54)C(c4ccccc4)=C13)C2=C1[CH+][CH-][CH+][CH+][CH-]1
JIWZUL,,C29 H46 Ir1 N2 P3 Si1,0.0,C[Si-](c1cccc2cccnc12)(c1cccc2cccnc12)->[IrH+2](<-[CH3-])(<-P(C)(C)C)(<-P(C)(C)C)<-P(C)(C)C,C[Si-](c1cccc2cccnc12)(c1cccc2cccnc12)->[IrH+2](<-[CH3-])(<-P(C)(C)C)(<-P(C)(C)C)<-P(C)(C)C,C[Si-](c1cccc2cccnc12)(c1cccc2cccnc12)->[IrH+2](<-[CH3-])(<-P(C)(C)C)(<-P(C)(C)C)<-P(C)(C)C
JIYJOR,CCN1(CC)Cc2cccc3C[S@@](=O)(C(C)(C)C)->[Rh@OH17+]<-1(<-[C-]#[O+])<-n23,C16 H26 N2 O2 Rh1 S1 1+,1.0,CCN1(CC)Cc2cccc3CS(=O)(C(C)(C)C)->[Rh+]<-1(<-[C-]#[O+])<-n23,CCN1(CC)Cc2cccc3CS(=O)(C(C)(C)C)->[Rh+]<-1(<-[C-]#[O+])<-n23,CCN1(CC)Cc2cccc3CS(=O)(C(C)(C)C)->[Rh+]<-1(<-[C-]#[O+])<-n23
JIYTOB,CC#N->[Ru+4]12345(<-[Cl-])(<-[Cl-])<-[CH2-]c->16c->2(C)c->3(C)[c-]->4(C)c->56C,C12 H17 Cl2 N1 Ru1,0.0,fail,CC#N->[Ru+2]12345(<-[Cl-])(<-[Cl-])<-C=C->16C->2(C)=C->3(C)C->4(C)=C->56C,CC#N->[Ru+2]12345(<-[Cl-])(<-[Cl-])<-C=C->16C->2(C)=C->3(C)C->4(C)=C->56C
JIZMUB,FC(F)(F)c1ccc(N[C]2N(c3ccccc3)N(c3ccccc3)[C](Nc3ccc(C(F)(F)F)cc3)->[Pd+2]<-2(<-[Cl-])<-[Cl-])cc1,C28 H20 Cl2 F6 N4 Pd1,0.0,FC(F)(F)c1ccc(N[C]2N(c3ccccc3)N(c3ccccc3)[C](Nc3ccc(C(F)(F)F)cc3)->[Pd+2]<-2(<-[Cl-])<-[Cl-])cc1,FC(F)(F)c1ccc(N[C]2N(c3ccccc3)N(c3ccccc3)[C](Nc3ccc(C(F)(F)F)cc3)->[Pd+2]<-2(<-[Cl-])<-[Cl-])cc1,FC(F)(F)c1ccc(N[C]2N(c3ccccc3)N(c3ccccc3)[C](Nc3ccc(C(F)(F)F)cc3)->[Pd+2]<-2(<-[Cl-])<-[Cl-])cc1
JOBKAN,[H]1[BH-]23[H]->[Y+3]<-1<-2456(<-[H]3)(<-[H][BH-]->4([H]->5)[H]->6)(<-O1CCCC1)(<-O1CCCC1)(<-O1CCCC1)(<-O1CCCC1)<-O1CCCC1,C20 H48 B2 O5 Y1 1+,1.0,[H]1[BH-]2[H]->[Y+3]<-134(<-[H]2)(<-[H][BH-]([H]->3)[H]->4)(<-O1CCCC1)(<-O1CCCC1)(<-O1CCCC1)(<-O1CCCC1)<-O1CCCC1,B->[YH](<-B)(<-O1CCCC1)(<-O1CCCC1)(<-O1CCCC1)(<-O1CCCC1)<-O1CCCC1.[H+],B.[BH2+]->[YH3](<-O1CCCC1)(<-O1CCCC1)(<-O1CCCC1)(<-O1CCCC1)<-O1CCCC1
JOCFAI,C[C@@H]1C[C@H]2[C@H](C)C[C@@H]1c13->[Ti+4]456789%10(<-[Cl-])(<-[Cl-])(<-c(c->41)c->5[c-]->632)<-c1c->7c->82[c-]->9(c->%101)[C@H]1C[C@@H](C)[C@@H]2C[C@H]1C,C26 H34 Cl2 Ti1,0.0,CC1CC2C(C)CC1c13->[Ti+4]456789%10(<-[Cl-])(<-[Cl-])(<-c1[cH-]->4c->5c->632)<-c1[cH-]->7c->8c->92c->%101C1CC(C)C2CC1C,CC1CC2C(C)CC1c13->[Ti+4]456789%10(<-[Cl-])(<-[Cl-])(<-c(c->41)c->5[c-]->632)<-c1c->7c->82[c-]->9(c->%101)C1CC(C)C2CC1C,CC1CC2c3c(cc4->[Ti+4]5678(<-[Cl-])(<-[Cl-])(<-c9c->5c->65[c-]->7(c->89)C6CC(C)C5CC6C)<-[cH-]34)C1CC2C
JOCREZ,CC1(C)[c-]2cccc2->[Ru+2]23456(<-c7c->2c->3[c-]->4(C1(C)C)c->57)<-P(C)(C)CCP->6(C)C,C22 H36 P2 Ru1,0.0,CC1(C)c2ccc[cH-]2->[Ru+2]23456(<-c7c->2[cH-]->3c->4(C1(C)C)c->57)<-P(C)(C)CCP->6(C)C,CC1(C)c2ccc[cH-]2->[Ru+2]23456(<-c7c->2c->3[c-]->4(C1(C)C)c->57)<-P(C)(C)CCP->6(C)C,CC1(C)c2ccc[cH-]2->[Ru+2]23456(<-c7c->2c->3[c-]->4(C1(C)C)c->57)<-P(C)(C)CCP->6(C)C
JODROJ,,C28 H33 Br1 O5 Zn1,0.0,Brc1c2cccc1COCCO1->[Zn+2](<-[c-]3ccccc3)(<-[c-]3ccccc3)<-O(CCOCCOC2)CC1,Brc1c2cccc1COCCO1->[Zn+2](<-[c-]3ccccc3)(<-[c-]3ccccc3)<-O(CCOCCOC2)CC1,Brc1c2cccc1COCCO(->[Zn+2](<-[c-]1ccccc1)<-[c-]1ccccc1)CCOCCOCCOC2
JOFXOS,,C18 H30 O1 P1 Rh1 S1,0.0,COC1C=C[S-]->[Rh+3]2345(<-[CH-]=1)(<-c1(C)c->2(C)c->3(C)[c-]->4(C)c->51C)<-P(C)(C)C,COC1C=C[S-]->[Rh+3]2345(<-[CH-]=1)(<-c1(C)c->2(C)c->3(C)[c-]->4(C)c->51C)<-P(C)(C)C,COC1C=C[S-]->[Rh+3]2345(<-[CH-]=1)(<-c1(C)c->2(C)c->3(C)[c-]->4(C)c->51C)<-P(C)(C)C
JOGRED,O=[N+]([O-])[O-]->[Co+3]123(<-[O-][N+](=O)[O-]->1)<-n1ccccc1CC[N-]->2CCc1ccccn->31,C14 H17 Co1 N5 O6,0.0,O=[N+]1[O-]->[Co+2]234(<-[O-]1)(<-[O-][N+](=O)[O-]->2)<-n1ccccc1CCN->3CCc1ccccn->41,O=[N+]1[O-]->[Co+3]234(<-[O-]1)(<-[O-][N+](=O)[O-]->2)<-n1ccccc1CC[N-]->3CCc1ccccn->41,O=[N+]([O-])[O-]->[Co+3]123(<-[O-][N+](=O)[O-]->1)<-n1ccccc1CC[N-]->2CCc1ccccn->31
JOHQUV,CS1c2ccccc2C(=O)[N-]2c3ccccc3[P+]([O-]->[Re+]<-2<-1(<-[C-]#[O+])(<-[C-]#[O+])<-[C-]#[O+])(c1ccccc1)c1ccccc1,C29 H21 N1 O5 P1 Re1 S1,0.0,CS1c2ccccc2C(=O)[N-]2c3ccccc3P(=O->[Re+]<-2<-1(<-[C-]#[O+])(<-[C-]#[O+])<-[C-]#[O+])(c1ccccc1)c1ccccc1,CS1c2ccccc2C(=O)[N-]2c3ccccc3[P+]([O-]->[Re+]<-2<-1(<-[C-]#[O+])(<-[C-]#[O+])<-[C-]#[O+])(c1ccccc1)c1ccccc1,CS1c2ccccc2C(=O)[N-]2c3ccccc3[P+]([O-]->[Re+]<-2<-1(<-[C-]#[O+])(<-[C-]#[O+])<-[C-]#[O+])(c1ccccc1)c1ccccc1
JOJBOA,CCCC1=C(CCC)C(CCC)=C(CCC)[C](->[W](<-[C-]#[O+])(<-[C-]#[O+])(<-[C-]#[O+])(<-[C-]#[O+])<-[C-]#[O+])O1,C22 H28 O6 W1,0.0,CCCC1=C(CCC)C(CCC)=C(CCC)[C-2](->[W+2](<-[C-]#[O+])(<-[C-]#[O+])(<-[C-]#[O+])(<-[C-]#[O+])<-[C-]#[O+])O1,CCCC1=C(CCC)C(CCC)=C(CCC)[C](->[W](<-[C-]#[O+])(<-[C-]#[O+])(<-[C-]#[O+])(<-[C-]#[O+])<-[C-]#[O+])O1,CCCC1=C(CCC)C(CCC)=C(CCC)[C](->[W](<-[C-]#[O+])(<-[C-]#[O+])(<-[C-]#[O+])(<-[C-]#[O+])<-[C-]#[O+])O1
JOJSUZ,[O+]#[C-]->[W+2]12(<-[C-]#[O+])(<-[S-]C3=C([S-]->1)COCC3)<-P(CCP->2(c1ccccc1)c1ccccc1)(c1ccccc1)c1ccccc1,C33 H30 O3 P2 S2 W1,0.0,[O+]#[C-]->[W+2]12(<-[C-]#[O+])(<-[S-]C3=C([S-]->1)COCC3)<-P(CCP->2(c1ccccc1)c1ccccc1)(c1ccccc1)c1ccccc1,[O+]#[C-]->[W]12(<-[C-]#[O+])(<-S=C3CCOCC3=S->1)<-P(CCP->2(c1ccccc1)c1ccccc1)(c1ccccc1)c1ccccc1,[O+]#[C-]->[W]12(<-[C-]#[O+])(<-S=C3CCOCC3=S->1)<-P(CCP->2(c1ccccc1)c1ccccc1)(c1ccccc1)c1ccccc1
JOLFOH,,C32 H42 N2 Ni1,0.0,CC(C)c1cccc(C(C)C)c1N1C=CN(c2c(C(C)C)cccc2C(C)C)[C]1->[NiH+]1234<-c5c->1c->2[cH-]->3c->45,CC(C)c1cccc(C(C)C)c1N1C=CN(c2c(C(C)C)cccc2C(C)C)[C]1->[NiH+]1234<-c5c->1c->2[cH-]->3c->45,CC(C)c1cccc(C(C)C)c1N1C=CN(c2c(C(C)C)cccc2C(C)C)[C]1->[NiH+]1234<-c5c->1c->2[cH-]->3c->45
JOMMEG,CCP(CC)(CC)->[Ni+2](<-[Cl-])(<-[c-]1nc2c(c(=O)n(C)c(=O)n2C)n1C)<-P(CC)(CC)CC,C20 H39 Cl1 N4 Ni1 O2 P2,0.0,CCP(CC)(CC)->[Ni+](<-[Cl-])(<-[c]1nc2c(c(=O)n(C)c(=O)n2C)n1C)<-P(CC)(CC)CC,CCP(CC)(CC)->[Ni+2](<-[Cl-])(<-[c-]1nc2c(c(=O)n(C)c(=O)n2C)n1C)<-P(CC)(CC)CC,CCP(CC)(CC)->[Ni+2](<-[Cl-])(<-[c-]1nc2c(c(=O)n(C)c(=O)n2C)n1C)<-P(CC)(CC)CC
JONYOC,Cc1cc(C)c(N2=C3(C)C4(C)=N(c5c(C)cc(C)cc5C)->[Ni+2]<-2<-3<-45<-[O-]c2c(Cl)c(Cl)c(Cl)c(Cl)c2[O-]->5)c(C)c1,C28 H28 Cl4 N2 Ni1 O2,0.0,CC1C(C)=N(c2c(C)cc(C)cc2C)->[Ni+2]2(<-[O-]c3c(Cl)c(Cl)c(Cl)c(Cl)c3[O-]->2)<-N=1c1c(C)cc(C)cc1C,CC1C(C)=N(c2c(C)cc(C)cc2C)->[Ni+2]2(<-[O-]c3c(Cl)c(Cl)c(Cl)c(Cl)c3[O-]->2)<-N=1c1c(C)cc(C)cc1C,CC1C(C)=N(c2c(C)cc(C)cc2C)->[Ni+2]2(<-[O-]c3c(Cl)c(Cl)c(Cl)c(Cl)c3[O-]->2)<-N=1c1c(C)cc(C)cc1C
JOPFOM,CCOc1cccc2/C=N3/N=C(/Nc4cccc(OC)c4)[S-]->[Mo+6]<-3(<-[O-2])(<-[O-2])(<-[O-]c21)<-OC,C18 H21 Mo1 N3 O6 S1,0.0,CCOc1cccc2C=N3N=C(Nc4cccc(OC)c4)[S-]->[Mo+6]<-3(<-[O-2])(<-[O-2])(<-[O-]c21)<-OC,CCOc1cccc2C=N3N=C(Nc4cccc(OC)c4)[S-]->[Mo+6]<-3(<-[O-2])(<-[O-2])(<-[O-]c21)<-OC,CCOc1cccc2c1[O-]->[Mo+6]1(<-[O-2])(<-[O-2])<-[S-]C(Nc3cccc(OC)c3)=NN->1=C2.CO
JOQPEK,C[Si](C)(C)[CH2-]->[Y+3]123456789<-c%10c->1[c-]->2(CCO->3CC[c-]->41c->5c->6c->72ccccc->821)c1ccccc->91%10,C26 H31 O1 Si1 Y1,0.0,C[Si](C)(C)[CH2-]->[Y+3]123456789%10<-c%11[cH-]->1c->2(CCO->3CCc->41[cH-]->5c->6c->72ccccc->812)c->91ccccc->%10%111,C[Si](C)(C)[CH2-]->[Y+3]123456789%10<-c%11c->1[c-]->2(CCO->3CC[c-]->41c->5c->6c->72ccccc->821)c->91ccccc->%10%111,C[Si](C)(C)[CH2-]->[Y+3]12345678<-c9c%10ccccc%10[c-]->1(CCO->2CC[c-]->31c->4c->5c->62ccccc->721)c->89
JOTSIU,,C23 H38 N2 Si2 W1,0.0,CN1(C)Cc2cccc[c-]2->[W+6]<-1(<-[CH-2][Si](C)(C)C)(<-[CH2-][Si](C)(C)C)<-[N-2]c1ccccc1,CN1(C)Cc2cccc[c-]2->[W+4]<-1(<-[CH][Si](C)(C)C)(<-[CH2-][Si](C)(C)C)<-[N-2]c1ccccc1,CN1(C)Cc2cccc[c-]2->[W+4]<-1(<-[CH][Si](C)(C)C)(<-[CH2-][Si](C)(C)C)<-[N-2]c1ccccc1
JOWNAK,CCC1=C(CC)/C2=C/C3=N4->[Pd@TB10]56<-N2=C1/C=C1/C(CC)=C(CC)C(=N->51)/C=C1/C(CC)=C(CC)C(=N->61)/C=C\4C(CC)=C3CC,C36 H44 N4 Pd1,0.0,CCC1=C(CC)c2cc3c(CC)c(CC)c4cc5n6->[Pd+2]7(<-n2c1cc1c(CC)c(CC)c(cc6C(CC)=C5CC)[n-]->71)<-[n-]34,CCc1c(CC)c2[n-]3->[Pd+2]45<-[N-]6[C+](C=c7c(CC)c(CC)c([n-]->47)=Cc13)[C+](CC)[C+](CC)[C-]6C=c1c(CC)c(CC)c([n-]->51)=C2,CCc1c(CC)c2[n-]3->[Pd+2]45<-[N-]6[C+](C=c7c(CC)c(CC)c([n-]->47)=Cc13)[C+](CC)[C+](CC)[C-]6C=c1c(CC)c(CC)c([n-]->51)=C2
JOXREV,COc1ccc([C@@H]2[CH-]3C(=O)c4ccccn4->[Pd@OH23+2]<-3(<-[Cl-])<-O=P2(c2ccccc2)c2ccccc2)cc1,C27 H23 Cl1 N1 O3 P1 Pd1,0.0,COc1ccc(C2[CH-]3C(=O)c4ccccn4->[Pd+2]<-3(<-[Cl-])<-O=P2(c2ccccc2)c2ccccc2)cc1,COc1ccc(C2[CH-]3C(=O)c4ccccn4->[Pd+2]<-3(<-[Cl-])<-O=P2(c2ccccc2)c2ccccc2)cc1,COc1ccc(C2[CH-]3C4(=O)c5ccccn5->[Pd+2]<-3<-4(<-[Cl-])<-O=P2(c2ccccc2)c2ccccc2)cc1
JOZQUK,CCP1(CC)CCP(CC)(CC)->[Pd+2]<-12<-[c-]1ccccc1-c1cccc[c-]->21,C22 H32 P2 Pd1,0.0,CCP1(CC)CCP(CC)(CC)->[Pd+2]<-12<-[c-]1ccccc1-c1cccc[c-]->21,CCP1(CC)CCP(CC)(CC)->[Pd+2]<-12<-[c-]1ccccc1-c1cccc[c-]->21,CCP1(CC)CCP(CC)(CC)->[Pd+2]<-12<-[c-]1ccccc1-c1cccc[c-]->21
JUCCUH,CC(C)c1cccc(C(C)C)c1[N-]1/C=C2/C=CC(C[N@@H+](C)Cc3ccc(C=O)[nH]3)=N2->[Pd+2]<-1(<-[Cl-])<-[Cl-],C25 H32 Cl2 N4 O1 Pd1,0.0,CC(C)c1cccc(C(C)C)c1N1=Cc2ccc(C[NH+](C)Cc3ccc(C=O)[nH]3)[n-]2->[Pd+2]<-1(<-[Cl-])<-[Cl-],CC(C)c1cccc(C(C)C)c1[N-]1C=C2C=CC(C[NH+](C)Cc3ccc(C=O)[nH]3)=N2->[Pd+2]<-1(<-[Cl-])<-[Cl-],CC(C)c1cccc(C(C)C)c1[N-]1C=C2C=CC(C[NH+](C)Cc3ccc(C=O)[nH]3)=N2->[Pd+2]<-1(<-[Cl-])<-[Cl-]
JUFCUI,,C16 H8 Cl3 Mo1 N1 O3,0.0,[O+]#[C-]->[Mo+2]12(<-[Cl-])(<-[C-]#[O+])(<-[C-]#[O+])<-Clc3ccccc3N->1=Cc1c(Cl)ccc[c-]->21,[O+]#[C-]->[Mo+2]1(<-[Cl-])(<-[C-]#[O+])(<-[C-]#[O+])<-[c-]2cccc(Cl)c2C=N->1c1ccccc1Cl,O=C1=c23->[Mo+2]<-1(<-[Cl-])(<-[C-]#[O+])(<-[C-]#[O+])<-[N-](C=c2c(Cl)ccc3)c1ccccc1Cl
JUFXEN,,C23 H28 Mo1 N1 O1 P1,0.0,CC(C)(C)[CH-2]->[Mo+4]1234(<-[N-]=O)(<-c5c->1c->2[cH-]->3c->45)<-P(C)(c1ccccc1)c1ccccc1,CC(C)(C)[CH]->[Mo+2]1234(<-[N-]=O)(<-c5c->1c->2[cH-]->3c->45)<-P(C)(c1ccccc1)c1ccccc1,CC(C)(C)[CH]->[Mo+2]1234(<-[N-]=O)(<-c5c->1c->2[cH-]->3c->45)<-P(C)(c1ccccc1)c1ccccc1
JUJHIF,C[N+]#[C-]->[Ni+2]1(<-[C-]#[N+]C)<-[S-]/C(C#N)=C(/C#N)[S-]->1,C8 H6 N4 Ni1 S2,0.0,C[N+]#[C-]->[Ni+2]1(<-[C-]#[N+]C)<-[S-]C(C#N)=C(C#N)[S-]->1,C[N+]#[C-]->[Ni+2]1(<-[C-]#[N+]C)<-[S-]C(C#N)=C(C#N)[S-]->1,C[N+]#[C-]->[Ni]1(<-[C-]#[N+]C)<-S=C(C#N)C(C#N)=S->1
JUKFEC,,C29 H28 N5 O5 Re1 S1,0.0,O=C1CN23CC(=O)[O-]->[Re+5]<-24(<-[N-2]c2ccccc2)(<-[O-]1)<-[S-]C(=NC(c1ccccc1)=N->4c1ccccc1C3)N1CCOCC1,O=C1CN23CC(=O)[O-]->[Re+5]<-24(<-[N-2]c2ccccc2)(<-[O-]1)<-S=C(N=C(c1ccccc1)[N-]->4c1ccccc1C3)N1CCOCC1,O=C1CN23CC(=O)[O-]->[Re+5]<-24(<-[N-2]c2ccccc2)(<-[O-]1)<-S=C(N=C(c1ccccc1)[N-]->4c1ccccc1C3)N1CCOCC1
JUKZAQ,Cc12->[Co+3]34567(<-[O-]/C=c8/cccc/c8=C->3/[O-]->4)<-c1(C)c->5(C)[c-]->6(C)c->72C,C18 H21 Co1 O2,0.0,Cc12->[Co+]34567(<-O=Cc8ccccc8C->3=O->4)<-c1(C)c->5(C)[c-]->6(C)c->72C,Cc12->[Co+3]34567(<-[O-]C=c8ccccc8=C->3[O-]->4)<-c1(C)c->5(C)[c-]->6(C)c->72C,Cc12->[Co+3]34567(<-[O-]C=c8ccccc8=C->3[O-]->4)<-c1(C)c->5(C)[c-]->6(C)c->72C
JUMRUG,CC(C)c12->[Ru+2]345678(<-[S-][P+](c9ccccc9)(c9ccccc9)[C-]->3(C(=O)[N-]->4C(C)(C)C)S(=O)(=O)c3ccccc3)<-c(c->51)c->6(C)c->7c->82,C34 H38 N1 O3 P1 Ru1 S2,0.0,CC(C)c12->[Ru+2]345678(<-S=P(c9ccccc9)(c9ccccc9)[C-]->3(C(=O)[N-]->4C(C)(C)C)S(=O)(=O)c3ccccc3)<-c(c->51)c->6(C)c->7c->82,CC(C)c12->[Ru+2]345678(<-[S-][P+](c9ccccc9)(c9ccccc9)[C-]->3(C(=O)[N-]->4C(C)(C)C)S(=O)(=O)c3ccccc3)<-c(c->51)c->6(C)c->7c->82,CC(C)c12->[Ru+2]345678(<-[S-][P+](c9ccccc9)(c9ccccc9)[C-]->3(C(=O)[N-]->4C(C)(C)C)S(=O)(=O)c3ccccc3)<-c(c->51)c->6(C)c->7c->82
JUPCAY,[O+]#[C-]->[Fe+2]123(<-[C-]#[O+])(<-[C-]#[O+])<-[CH+](c4ccccc4)[CH-]->1[CH+]->2[N-]->3[C+]1[CH+][CH-][C-](Br)[CH-][CH-]1,C18 H12 Br1 Fe1 N1 O3,0.0,[O+]#[C-]->[Fe]123(<-[C-]#[O+])(<-[C-]#[O+])<-C(c4ccccc4)=C->1C->2=N->3c1ccc(Br)cc1,[O+]#[C-]->[Fe]123(<-[C-]#[O+])(<-[C-]#[O+])<-C(c4ccccc4)=C->1C->2=N->3c1ccc(Br)cc1,[O+]#[C-]->[Fe]123(<-[C-]#[O+])(<-[C-]#[O+])<-C(c4ccccc4)=C->1C->2=N->3c1ccc(Br)cc1
JURCEE,COc1ccc([P@]2(=S)[O-]->[Ti+4]3456789(<-[S-]2)<-N2=C(C)\C=C(\C)[N-]->3c->43ccccc->53/N->6=C(C)/C=C(/C)[N-]->7c->83ccccc->93\2)cc1,C29 H29 N4 O2 P1 S2 Ti1,0.0,COc1ccc(P2(=S)[O-]->[Ti+4]345(<-[S-]2)<-N2=C(C)C=C(C)[N-]->3c3ccccc3N->4=C(C)C=C(C)[N-]->5c3ccccc32)cc1,COc1ccc(P2(=S)[O-]->[Ti+6]345(<-[S-]2)<-n2c(C)cc(C)[n-]->3c3ccccc3[n-]->4c(C)c[c-](C)[n-]->5c3ccccc32)cc1,COc1ccc(P2(=S)[O-]->[Ti+6]345(<-[S-]2)<-n2c(C)cc(C)[n-]->3c3ccccc3[n-]->4c(C)c[c-](C)[n-]->5c3ccccc32)cc1
JUSNAM,,C34 H34 O2 Re1 1+,1.0,fail,CC1=C2(c3ccccc3)[C-](c3ccccc3)(c3ccccc3)->[Re+3]<-1<-23456(<-[C-]#[O+])(<-[C-]#[O+])<-c1(C)c->3(C)c->4(C)[c-]->5(C)c->61C,C[CH-]1C(=C(c2ccccc2)c2ccccc2)(c2ccccc2)->[Re+3]<-12345(<-[C-]#[O+])(<-[C-]#[O+])<-c1(C)c->2(C)c->3(C)[c-]->4(C)c->51C
JUTCOQ,COC(=O)CS1CC[S-]->[Re+5]<-123(<-[O-2])<-[O-]C(=O)CS->2CC[S-]->3,C9 H15 O5 Re1 S4,0.0,COC(=O)CS1CC[S-]->[Re+5]<-123(<-[O-2])<-[O-]C(=O)CS->2CC[S-]->3,COC(=O)CS1CC[S-]->[Re+5]<-123(<-[O-2])<-[O-]C(=O)CS->2CC[S-]->3,COC(=O)CS1CC[S-]->[Re+5]<-123(<-[O-2])<-[O-]C(=O)CS->2CC[S-]->3
JUWMIX,,C15 H29 O1 P2 S1 W1 1+,1.0,CS1[C-](C)([P](C)(C)C)->[W+3]<-12345(<-[C-]#[O+])(<-c1c->2c->3[cH-]->4c->51)<-P(C)(C)C,CS1C(C)(=P(C)(C)C)->[W+2]<-12345(<-[C-]#[O+])(<-c1c->2c->3[cH-]->4c->51)<-P(C)(C)C,CS1C(C)(=P(C)(C)C)->[W+2]<-12345(<-[C-]#[O+])(<-c1c->2c->3[cH-]->4c->51)<-P(C)(C)C
JUXPID,,C35 H33 Fe1 N2 O3 P1,0.0,COP(OC)(OC)->[Fe+2]12345<-C6=C->1c1ccccc1C([N-]->2C=C[N-]->3C1c2ccccc2C->4=C->5c2ccccc21)c1ccccc16,COP(OC)(OC)->[Fe]12345<-C6=C->1c1ccccc1C(N->2=CC=N->3C1c2ccccc2C->4=C->5c2ccccc21)c1ccccc16,COP(OC)(OC)->[Fe]12345<-C6=C->1c1ccccc1C(N->2=CC=N->3C1c2ccccc2C->4=C->5c2ccccc21)c1ccccc16
JUZJOD,[Cl-]->[Zr+4]123456(<-[c-]7c8[cH-]cc->17-8)<-c1c->2c->3[c-]->4(S/C=N->5/c2ccccc2)c->61,C17 H16 Cl1 N1 S1 Zr1,0.0,fail,[Cl-]->[Zr+6]123456789(<-S=C[N-]->1c1ccccc1)(<-C1#C->2[CH-]->3C->4=[C-]->51)<-[c-]1c->6c->7[cH-]->8c->91,S=C[N-](c1ccccc1)->[Zr+6]12345(<-[Cl-])(<-[c-]6c->1c->2[cH-]->3c->46)<-[cH-]1c2ccc->51-2
KABXOA,C1CN->[Co+3]23456(<-N1)(<-NCCN->2)(<-O=N->3[O-]->4)<-O=N->5[O-]->6,C4 H16 Co1 N6 O4 1+,1.0,O=[N+](=O)->[Co-]12(<-NCCN->1)(<-NCCN->2)<-[N+](=O)=O,O=N([O-])->[Co+3]12(<-NCCN->1)(<-NCCN->2)<-N(=O)[O-],O=N([O-])->[Co+3]12(<-NCCN->1)(<-NCCN->2)<-N(=O)[O-]
KACHED,,C33 H32 B1 Cl2 F10 P1 Zr1,0.0,CC(C)(C)P(C(C)(C)C)c12->[Zr+4]3456789(<-[Cl-])(<-[Cl-])(<-c%10c->3[cH-]->4c->5(CCCB(c3c(F)c(F)c(F)c(F)c3F)c3c(F)c(F)c(F)c(F)c3F)c->6%10)<-c(c->71)[cH-]->8c->92,CC(C)(C)P(C(C)(C)C)[c-]12->[Zr+4]3456789(<-[Cl-])(<-[Cl-])(<-c%10c->3c->4[c-]->5(CCCB(c3c(F)c(F)c(F)c(F)c3F)c3c(F)c(F)c(F)c(F)c3F)c->6%10)<-c(c->7c->81)c->92,CC(C)(C)P(C(C)(C)C)[c-]12->[Zr+4]3456789(<-[Cl-])(<-[Cl-])(<-c%10c->3c->4[c-]->5(CCCB(c3c(F)c(F)c(F)c(F)c3F)c3c(F)c(F)c(F)c(F)c3F)c->6%10)<-c(c->7c->81)c->92
KADKOQ,CC1=CC=C/C2=N3\c4cccc(C)n4->[Ti+4]<-34(<-[Cl-])(<-[Cl-])<-[N-]3[C-](C)[CH-][CH+][CH+][C-]3[N-]->4[C-]3[CH-][CH+][CH+][C+](C)/C3=C\12,C26 H24 Cl2 N4 Ti1,0.0,Cc1cccc2[N-]3c4cccc(C)n4->[Ti+4]<-34(<-[Cl-])(<-[Cl-])<-n3c(C)cccc3[N-]->4c3cccc(C)c3-c12,CC1=CC=CC2=N3c4cccc(C)n4->[Ti+2]<-34(<-[Cl-])(<-[Cl-])<-N(=C3C=CC=C(C)C3=C12)c1cccc(C)n->41,CC1=CC=CC2=N3c4cccc(C)n4->[Ti+2]<-34(<-[Cl-])(<-[Cl-])<-N(=C3C=CC=C(C)C3=C12)c1cccc(C)n->41
KAFCIF,CN12->[Zn@@+2]3(<-[Br-])<-n4cccn4[B@-]1(c1ccccc1)n1ccc[n+]1[B@-]2(c1ccccc1)n1cccn->31,C22 H22 B2 Br1 N7 Zn1,0.0,CN12->[Zn+2]3(<-[Br-])<-[n-]4ccc[n+]4[B-]1(c1ccccc1)n1ccc[n+]1[B-]2(c1ccccc1)[n+]1ccc[n-]->31,CN12->[Zn+2]3(<-[Br-])<-n4cccn4[B-]1(c1ccccc1)n1ccc[n+]1[B-]2(c1ccccc1)n1cccn->31,CN12->[Zn+2]3(<-[Br-])<-n4cccn4[B-]1(c1ccccc1)n1ccc[n+]1[B-]2(c1ccccc1)n1cccn->31
KAFVAQ,O=[N+]1[O-]->[Cd+2]23(<-[O-]N=C=S)(<-[O-]1)<-n1c(CN(Cc4[nH]c5ccccc5n->24)Cc2[nH]c4ccccc4n->32)[nH]c2ccccc21,C25 H23 Cd1 N9 O4 S1,0.0,O=[N+]([O-])[O-]->[Cd+2]123(<-O)(<-[N-]=C=S)<-n4c(CN->1(Cc1[nH]c5ccccc5n->21)Cc1[nH]c2ccccc2n->31)[nH]c1ccccc14,O=[N+]([O-])[O-].S=C=[N-]->[Cd+4]12<-n3c([nH]c4ccccc43)CN(Cc3[nH]c4ccccc4n->13)Cc1[nH]c3ccccc3n->21.[O-2],O=[N+]1[O-]->[Cd+2]23(<-[O-]N=C=S)(<-[O-]1)<-n1c(CN(Cc4[nH]c5ccccc5n->24)Cc2[nH]c4ccccc4n->32)[nH]c2ccccc21
KAGXUM,Cc12->[Zr+4]3456789%10(<-[Cl-])(<-[Cl-])<-c1c->3c->4(C)[c-]->52[C@H](c1ccccc1)[c-]->61c->72ccccc->82c->92ccccc->%1021,C27 H22 Cl2 Zr1,0.0,Cc12->[Zr+4]3456789%10(<-[Cl-])(<-[Cl-])<-c1[cH-]->3c->4(C)c->52C(c1ccccc1)[c-]->61c->72ccccc->82c->92ccccc->%1021,Cc12->[Zr+4]3456789%10(<-[Cl-])(<-[Cl-])<-c1c->3c->4(C)[c-]->52C(c1ccccc1)[c-]->61c->72ccccc->82c->92ccccc->%1021,Cc12->[Zr+4]3456789%10(<-[Cl-])(<-[Cl-])<-c1c->3c->4(C)[c-]->52C(c1ccccc1)[c-]->61c->72ccccc->82c->92ccccc->%1021
KAJCAC,O=C1[O-]->[V+3]23(<-[O-2])(<-N=C4C=C([N+](=O)[O-])C=CC4=O->2)<-[O-]N(/N=N->3/c2ccccc21)c1ccccc1,C19 H13 N5 O7 V1 1-,-1.0,O=C1[O-]->[V+5]23(<-[O-2])(<-[NH-]c4cc([N+](=O)[O-])ccc4[O-]->2)<-[O-]N(N=N->3c2ccccc21)c1ccccc1,O=C1[O-]->[V+5]23(<-[O-2])(<-[NH-]c4cc([N+](=O)[O-])ccc4[O-]->2)<-[O-]N(N=N->3c2ccccc21)c1ccccc1,O=C1[O-]->[V+5]23(<-[O-2])(<-[NH-]c4cc([N+](=O)[O-])ccc4[O-]->2)<-[O-]N(N=N->3c2ccccc21)c1ccccc1
KAKDIK,,C18 H36 Cl1 Ir1 O3 P2,0.0,CC(C)P1(OCC2C[C-]23COP(C(C)C)(C(C)C)->[IrH+2]<-3<-1(<-[Cl-])<-[C-]#[O+])C(C)C,CC(C)P1(OCC2C[C-]23COP(C(C)C)(C(C)C)->[IrH+2]<-3<-1(<-[Cl-])<-[C-]#[O+])C(C)C,CC(C)P1(OCC2C[C-]23COP(C(C)C)(C(C)C)->[IrH+2]<-3<-1(<-[Cl-])<-[C-]#[O+])C(C)C
KALTUP,Cc1ccc(C2=C(->[Au+]<-[Cl-])=c3ccccc3=P2(c2ccccc2)c2ccccc2)cc1,C27 H21 Au1 Cl1 P1,0.0,Cc1ccc(C2=[C-](->[Au+]<-[Cl-])c3ccccc3[P+]2(c2ccccc2)c2ccccc2)cc1,Cc1ccc(C2=C(->[Au+]<-[Cl-])=c3ccccc3=P2(c2ccccc2)c2ccccc2)cc1,Cc1ccc(C2=C(->[Au+]<-[Cl-])=c3ccccc3=P2(c2ccccc2)c2ccccc2)cc1
KAMPIZ,CNC1/N=N2/C(/C)=C(/C)[N-]3/N=C(/NC)[S-]->[Au@+3]<-2<-3<-S=1,C8 H14 Au1 N6 S2 1+,1.0,CNC1=NN2=C(C)C(C)=N3N=C(NC)[S-]->[Au+3]<-2<-3<-[S-]1,CNC1=N[N-]2C(C)=C(C)N3=NC(NC)=S->[Au+3]<-3<-2<-[S-]1,CNC1=N[N-]2C(C)=C(C)N3=NC(NC)=S->[Au+3]<-3<-2<-[S-]1
KANKAN,CC(C)P1([CH+][CH-][N-]2[C+]3[CH+][CH+][CH-][CH-][C+]3[N-]3[CH-][CH-]P(C(C)C)(C(C)C)->[Fe@TB2+2]<-2<-3<-1<-[C-]#[O+])C(C)C,C23 H36 Fe1 N2 O1 P2,0.0,CC(C)P1(C=C[N-]2c3ccccc3[N-]3C=CP(C(C)C)(C(C)C)->[Fe+2]<-2<-3<-1<-[C-]#[O+])C(C)C,CC(C)P1(C=CN2=C3C=CC=CC3=N3C=CP(C(C)C)(C(C)C)->[Fe]<-2<-3<-1<-[C-]#[O+])C(C)C,CC(C)P1(C=CN2=C3C=CC=CC3=N3C=CP(C(C)C)(C(C)C)->[Fe]<-2<-3<-1<-[C-]#[O+])C(C)C
KAPKOB,,C17 H33 I1 Mo1 O6 P2,0.0,COP(OC)(OC)->[Mo+4]1234(<-[I-])(<-[C-2]=CC(C)(C)C)(<-c5c->1c->2[cH-]->3c->45)<-P(OC)(OC)OC,COP(OC)(OC)->[Mo+2]1234(<-[I-])(<-[C]=CC(C)(C)C)(<-c5c->1c->2[cH-]->3c->45)<-P(OC)(OC)OC,COP(OC)(OC)->[Mo+2]1234(<-[I-])(<-[C]=CC(C)(C)C)(<-c5c->1c->2[cH-]->3c->45)<-P(OC)(OC)OC
KAPXOR,,C16 H32 B1 N2 O1 P1 Ru1,0.0,CC(C)P(C(C)C)(C(C)C)->[RuH+]12(<-[H][BH-]([H]->1)[n+]1ccccc1[N-]->2C)<-[C-]#[O+],CC(C)P(C(C)C)(C(C)C)->[RuH3-]1(<-B=[N+]2C=CC=CC2=N->1C)<-[C-]#[O+],CC(C)P(C(C)C)(C(C)C)->[RuH3-]1(<-B=[N+]2C=CC=CC2=N->1C)<-[C-]#[O+]
KAQYIK,CC1(C)CSCC(C)(C)C2->[Cu@OH17+](<-[Cl-])(<-C#21)<-P(C)(C)C,C13 H25 Cl1 Cu1 P1 S1,0.0,CC1(C)CSCC(C)(C)C2->[Cu+](<-[Cl-])(<-C#21)<-P(C)(C)C,CC1(C)CSCC(C)(C)C2->[Cu+](<-[Cl-])(<-C#21)<-P(C)(C)C,CC1(C)CSCC(C)(C)C2->[Cu+](<-[Cl-])(<-C#21)<-P(C)(C)C
KARMEV,,C28 H42 Os1 P3 1+,1.0,CP(C)(c1ccccc1)->[OsH+]12(<-C=C->1)(<-C=C->2)(<-P(C)(C)c1ccccc1)<-P(C)(C)c1ccccc1,CP(C)(c1ccccc1)->[OsH+]12(<-C=C->1)(<-C=C->2)(<-P(C)(C)c1ccccc1)<-P(C)(C)c1ccccc1,CP(C)(c1ccccc1)->[OsH+]12(<-C=C->1)(<-C=C->2)(<-P(C)(C)c1ccccc1)<-P(C)(C)c1ccccc1
KASYOV,C/C1=C/C(C)=N(/Cc2ccccn2)->[Cu+](<-[C-]#[N+]c2c(C)cccc2C)<-[N-]1c1c(C(C)C)cccc1C(C)C,C32 H39 Cu1 N4,0.0,CC1=CC(C)=N(c2c(C(C)C)cccc2C(C)C)->[Cu+](<-[C-]#[N+]c2c(C)cccc2C)<-[N-]1Cc1ccccn1,CC1=CC(C)=N(Cc2ccccn2)->[Cu+](<-[C-]#[N+]c2c(C)cccc2C)<-[N-]1c1c(C(C)C)cccc1C(C)C,CC1=CC(C)=N(Cc2ccccn2)->[Cu+](<-[C-]#[N+]c2c(C)cccc2C)<-[N-]1c1c(C(C)C)cccc1C(C)C
KATHUJ,C/C1=C(\Nc2c(C)cccc2C)[N-](O)->[Ni+2]2(<-N1=O)<-N(=O)/C(C)=C(/Nc1c(C)cccc1C)[N-]->2O,C22 H28 N6 Ni1 O4,0.0,CC1C(Nc2c(C)cccc2C)=N(O)->[Ni]2(<-N=1[O])<-N([O])=C(C)C(Nc1c(C)cccc1C)=N->2O,CC1=C(Nc2c(C)cccc2C)[N-](O)->[Ni+2]2(<-N1=O)<-N(=O)C(C)=C(Nc1c(C)cccc1C)[N-]->2O,CC1=C(Nc2c(C)cccc2C)[N-](O)->[Ni+2]2(<-N1=O)<-N(=O)C(C)=C(Nc1c(C)cccc1C)[N-]->2O
KATQAA,CC(C)/C1[S-]->[Co+3]2345(<-[S-]/C=1[C@@H]1Nc6ccccc6NC1=O)<-c1c->2c->3[cH-]->4c->51,C18 H19 Co1 N2 O1 S2,0.0,CC(C)C1[S-]->[Co+3]2345(<-[S-]C=1C1Nc6ccccc6NC1=O)<-c1c->2c->3[cH-]->4c->51,CC(C)C1=S->[Co+]2345(<-S=C1C1Nc6ccccc6NC1=O)<-c1c->2c->3[cH-]->4c->51,CC(C)C1=S->[Co+]2345(<-S=C1C1Nc6ccccc6NC1=O)<-c1c->2c->3[cH-]->4c->51
KAVXAH,,C21 H16 N6 Ni1,0.0,C1=CC2=N3->[Ni]45<-N(=C2)CCCN->4=CC2=N->5C(=c4nc5ccccc5nc4=C13)C=C2,C1=c2ccc3[n-]2->[Ni+4]24<-[N-]1CCC[N-]->2C=c1ccc([n-]->41)=c1nc2ccccc2nc1=3,C1=c2ccc3[n-]2->[Ni+4]24<-[N-]1CCC[N-]->2C=c1ccc([n-]->41)=c1nc2ccccc2nc1=3
KAWQEE,O=N1c2ccc3ccccc3c2[O-]->[Ru+2]<-12(<-[C-]#[O+])(<-[C-]#[O+])<-[O-]c1c(N->2=O)ccc2ccccc12,C22 H12 N2 O6 Ru1,0.0,O=N1c2ccc3ccccc3c2[O-]->[Ru+2]<-12(<-[C-]#[O+])(<-[C-]#[O+])<-[O-]c1c(N->2=O)ccc2ccccc12,[O+]#[C-]->[Ru+6]12(<-[C-]#[O+])(<-[O-]c3c([N-]->1[O-])ccc1ccccc31)<-[O-]c1c([N-]->2[O-])ccc2ccccc12,[O+]#[C-]->[Ru+6]12(<-[C-]#[O+])(<-[O-]c3c([N-]->1[O-])ccc1ccccc31)<-[O-]c1c([N-]->2[O-])ccc2ccccc12
KAXNOM,,C46 H11 Ag1 F20 N4 O1,0.0,CCOC1=NC2=C(c3c(F)c(F)c(F)c(F)c3F)c3[nH]cc4[c-]3->[Ag+3]35<-[C-]2=C1C(c1c(F)c(F)c(F)c(F)c1F)=C1C=CC(=N->31)C(c1c(F)c(F)c(F)c(F)c1F)=c1ccc([n-]->51)=C4c1c(F)c(F)c(F)c(F)c1F,CCOC1=NC2=C(c3c(F)c(F)c(F)c(F)c3F)c3[nH]cc4[c-]3->[Ag+]35<-[C]2C1=C(c1c(F)c(F)c(F)c(F)c1F)C1=N->3C(=C(c2c(F)c(F)c(F)c(F)c2F)C2=N->5C(=C4c3c(F)c(F)c(F)c(F)c3F)C=C2)C=C1,CCOC1=NC2=C(c3c(F)c(F)c(F)c(F)c3F)c3[nH]cc4[c-]3->[Ag+]35<-[C]2C1=C(c1c(F)c(F)c(F)c(F)c1F)C1=N->3C(=C(c2c(F)c(F)c(F)c(F)c2F)C2=N->5C(=C4c3c(F)c(F)c(F)c(F)c3F)C=C2)C=C1
KAYLEC,C[B-]12n3ccc(C(F)(F)C(F)(F)F)n3->[Ag+](<-[C-]#[O+])(<-n3c(C(F)(F)C(F)(F)F)ccn31)<-n1c(C(F)(F)C(F)(F)F)ccn12,C17 H9 Ag1 B1 F15 N6 O1,0.0,C[B-]12[n+]3ccc(C(F)(F)C(F)(F)F)[n-]3->[Ag+](<-[C-]#[O+])(<-[n-]3c(C(F)(F)C(F)(F)F)cc[n+]31)<-[n-]1c(C(F)(F)C(F)(F)F)cc[n+]12,C[B-]12n3ccc(C(F)(F)C(F)(F)F)n3->[Ag+](<-[C-]#[O+])(<-n3c(C(F)(F)C(F)(F)F)ccn31)<-n1c(C(F)(F)C(F)(F)F)ccn12,C[B-]12n3ccc(C(F)(F)C(F)(F)F)n3->[Ag+](<-[C-]#[O+])(<-n3c(C(F)(F)C(F)(F)F)ccn31)<-n1c(C(F)(F)C(F)(F)F)ccn12
KAYVEO,N#[N+][N-2]->[Ru+2]12(<-[N-2][N+]#N)(<-n3ccccc3-c3ccccn->13)<-n1ccccc1-c1ccccn->21,C20 H16 N10 Ru1,0.0,[N-]=[N+]=[N-]->[Ru+2]12(<-[N-]=[N+]=[N-])(<-n3ccccc3-c3ccccn->13)<-n1ccccc1-c1ccccn->21,N#[N+][N-2]->[Ru+2]12(<-[N-2][N+]#N)(<-n3ccccc3-c3ccccn->13)<-n1ccccc1-c1ccccn->21,N#[N+][N-2]->[Ru+2]12(<-[N-2][N+]#N)(<-n3ccccc3-c3ccccn->13)<-n1ccccc1-c1ccccn->21
KAZFIC,,C20 H14 O8 Zn1,0.0,O=C1C=C2[O-]->[Zn+2]3(<-O)(<-O)(<-O=C2c2ccccc21)<-O=C1C([O-]->3)=CC(=O)c2ccccc21,[O-]c1cc2[O-]->[Zn+6]3(<-O)(<-O)(<-[O-]c4cc([O-])c5ccccc5c4[O-]->3)<-[O-]c2c2ccccc12,[O-]c1cc2[O-]->[Zn+6]3(<-O)(<-O)(<-[O-]c4cc([O-])c5ccccc5c4[O-]->3)<-[O-]c2c2ccccc12
KAZPEI,Cc12->[Ir+3]345(<-[Cl-])(<-[Cl-])(<-Nc6cccc7nsnc67)<-c1(C)c->3(C)[c-]->4(C)c->52C,C16 H20 Cl2 Ir1 N3 S1,0.0,Cc12->[Ir+3]345(<-[Cl-])(<-[Cl-])(<-n6snc7c(N)cccc76)<-c1(C)c->3(C)[c-]->4(C)c->52C,Cc12->[Ir+3]345(<-[Cl-])(<-[Cl-])(<-n6snc7c(N)cccc76)<-c1(C)c->3(C)[c-]->4(C)c->52C,Cc12->[Ir+3]345(<-[Cl-])(<-[Cl-])(<-n6snc7c(N)cccc76)<-c1(C)c->3(C)[c-]->4(C)c->52C
KECFUU,,C16 H15 Cl2 N3 Ni1 O1,0.0,CO->[Ni+2]12(<-[Cl-])(<-[Cl-])<-n3ccccc3-c3cccc(-c4ccccn->14)n->23,CO->[Ni+2]12(<-[Cl-])(<-[Cl-])<-n3ccccc3-c3cccc(-c4ccccn->14)n->23,CO->[Ni+2]12(<-[Cl-])(<-[Cl-])<-n3ccccc3-c3cccc(-c4ccccn->14)n->23
KEDLIP,CC(C)c1cccc(C(C)C)c1N1=C2(C)c3cccc(C(C)C)n3->[Ni+2]<-1<-2(<-[Br-])<-[Br-],C22 H30 Br2 N2 Ni1,0.0,CC1c2cccc(C(C)C)n2->[Ni+2](<-[Br-])(<-[Br-])<-N=1c1c(C(C)C)cccc1C(C)C,CC1c2cccc(C(C)C)n2->[Ni+2](<-[Br-])(<-[Br-])<-N=1c1c(C(C)C)cccc1C(C)C,CC1c2cccc(C(C)C)n2->[Ni+2](<-[Br-])(<-[Br-])<-N=1c1c(C(C)C)cccc1C(C)C
KEFLAJ,,C4 H10 Cl2 O2 S2 W1,0.0,CS1CCS(C)->[W+6]<-1(<-[O-2])(<-[O-2])(<-[Cl-])<-[Cl-],CS1CCS(C)->[W+6]<-1(<-[O-2])(<-[O-2])(<-[Cl-])<-[Cl-],CS1CCS(C)->[W+6]<-1(<-[O-2])(<-[O-2])(<-[Cl-])<-[Cl-]
KEGCEE,,C14 H29 Cl1 Ru1 S4,0.0,CC1(C)CS2->[RuH+]34(<-[Cl-])<-S(CCS->3CC(C)(C)CS->4CC2)C1,CC1(C)CS2->[RuH+]34(<-[Cl-])<-S(CCS->3CC(C)(C)CS->4CC2)C1,CC1(C)CS2->[RuH+]34(<-[Cl-])<-S(CCS->3CC(C)(C)CS->4CC2)C1
KEGWAU,Cc1cc(C)n2->[Mo+4]34(<-[Cl-])(<-[S-]SS[S-]->3)<-n3c(C)cc(C)n3[BH-](n12)n1c(C)cc(C)n->41,C15 H22 B1 Cl1 Mo1 N6 S4,0.0,Cc1cc(C)[n-]2->[Mo+6]34(<-[Cl-])(<-[S-2][S]=[S][S-2]->3)<-[n-]3c(C)cc(C)[n+]3[BH-]([n+]12)[n+]1c(C)cc(C)[n-]->41,Cc1cc(C)n2->[Mo+2]34(<-[Cl-])(<-S=S=S=S->3)<-n3c(C)cc(C)n3[BH-](n12)n1c(C)cc(C)n->41,Cc1cc(C)n2->[Mo+2]34(<-[Cl-])(<-S=S=S=S->3)<-n3c(C)cc(C)n3[BH-](n12)n1c(C)cc(C)n->41
KEHJOY,Cc1ccc(/N2=C(/[O-]->[Co+3]<-23(<-[c-]2ccccc2C(=O)[N-]->3c2ccc(C)cc2)(<-P(C)(C)C)<-P(C)(C)C)c2ccccc2Cl)cc1,C34 H40 Cl1 Co1 N2 O2 P2,0.0,Cc1ccc([N-]2C(=O)c3cccc[c-]3->[Co+3]<-23(<-O=C(c2ccccc2Cl)[N-]->3c2ccc(C)cc2)(<-P(C)(C)C)<-P(C)(C)C)cc1,Cc1ccc(N2=C3([O-]->[Co+3]<-2<-34(<-[c-]2ccccc2C(=O)[N-]->4c2ccc(C)cc2)(<-P(C)(C)C)<-P(C)(C)C)c2ccccc2Cl)cc1,Cc1ccc(N2=C3([O-]->[Co+3]<-2<-34(<-[c-]2ccccc2C(=O)[N-]->4c2ccc(C)cc2)(<-P(C)(C)C)<-P(C)(C)C)c2ccccc2Cl)cc1
KEHTEY,Cc1c(Cl)cccc1Nc1ccccc1C1=O->[Zn+2]23(<-O=C([O-]->2)c2ccccc2Nc2cccc(Cl)c2C)(<-[O-]1)<-n1ccccc1-c1ccccn->31,C38 H30 Cl2 N4 O4 Zn1,0.0,fail,Cc1c(Cl)cccc1Nc1ccccc1C(=O)[O-]->[Zn+2]12(<-O=C([O-]->1)c1ccccc1Nc1cccc(Cl)c1C)<-n1ccccc1-c1ccccn->21,Cc1c(Cl)cccc1Nc1ccccc1C12=O->[Zn+2]<-1345(<-O=C->3([O-]->4)c1ccccc1Nc1cccc(Cl)c1C)(<-[O-]2)<-n1ccccc1-c1ccccn->51
KEJLIV,Cn1cc(C[C@@H](C(=O)O)N23Cc4ccccn4->[Re+]<-2(<-[C-]#[O+])(<-[C-]#[O+])(<-[C-]#[O+])<-n2ccccc2C3)c2ccccc21,C27 H24 N4 O5 Re1 1+,1.0,Cn1cc(CC(C(=O)O)N23Cc4ccccn4->[Re+]<-2(<-[C-]#[O+])(<-[C-]#[O+])(<-[C-]#[O+])<-n2ccccc2C3)c2ccccc21,Cn1cc(CC(C(=O)O)N23Cc4ccccn4->[Re+]<-2(<-[C-]#[O+])(<-[C-]#[O+])(<-[C-]#[O+])<-n2ccccc2C3)c2ccccc21,Cn1cc(CC(C(=O)O)N23Cc4ccccn4->[Re+]<-2(<-[C-]#[O+])(<-[C-]#[O+])(<-[C-]#[O+])<-n2ccccc2C3)c2ccccc21
KEKKUG,Cc1cc(N(C)C)ccc1N(=O)->[Rh+]123(<-[Cl-])<-C4=C->1/CC/C->2=C->3\CC\4,C17 H24 Cl1 N2 O1 Rh1,0.0,CC1=CC(=[N+](C)C)C=CC1=N([O])->[Rh]123(<-[Cl-])<-C4=C->1CCC->2=C->3CC4,Cc1cc(N(C)C)ccc1N(=O)->[Rh+]123(<-[Cl-])<-C4=C->1CCC->2=C->3CC4,Cc1cc(N(C)C)ccc1N(=O)->[Rh+]123(<-[Cl-])<-C4=C->1CCC->2=C->3CC4
KELHEP,COC12->[Mn+]345(<-[C-]#[O+])(<-[C-]#[O+])(<-[C-]#[O+])<-C(=C->3C->4=1C1N(C)[C@@H]3CCCC[C@H]3N1C)[C@H](c1ccccc1)[CH-]->52,C25 H29 Mn1 N2 O4,0.0,fail,COC12->[Mn+]345(<-[C-]#[O+])(<-[C-]#[O+])(<-[C-]#[O+])<-C(=C->3C->4=1C1N(C)C3CCCCC3N1C)C(c1ccccc1)[CH-]->52,COC12->[Mn+]345(<-[C-]#[O+])(<-[C-]#[O+])(<-[C-]#[O+])<-C(=C->3C->4=1C1N(C)C3CCCCC3N1C)C(c1ccccc1)[CH-]->52
KELSIF,[Br-]->[Fe+2]1(<-[Br-])<-n2cccc3ccc4c(c32)[N-]->1P(c1ccccc1)(c1ccccc1)=N[P+]4(c1ccccc1)c1ccccc1,C33 H25 Br2 Fe1 N3 P2,0.0,[Br-]->[Fe+2]1(<-[Br-])<-N2=P(c3ccccc3)(c3ccccc3)N=P(c3ccccc3)(c3ccccc3)c3ccc4cccn->1c4c32,[Br-]->[Fe+2]1(<-[Br-])<-n2cccc3ccc4c(c32)[N-]->1P(c1ccccc1)(c1ccccc1)=N[P+]4(c1ccccc1)c1ccccc1,[Br-]->[Fe+2]1(<-[Br-])<-n2cccc3ccc4c(c32)[N-]->1P(c1ccccc1)(c1ccccc1)=N[P+]4(c1ccccc1)c1ccccc1
KENMAU,,C21 H25 I1 Ir1 N3 O2,0.0,CN1C=CN2Cc3ccc([N+](=O)[O-])c[c-]3->[Ir+3]3456(<-[I-])(<-[C]12)<-c1(C)c->3(C)c->4(C)[c-]->5(C)c->61C,CN1C=CN2Cc3ccc([N+](=O)[O-])c[c-]3->[Ir+3]3456(<-[I-])(<-[C]12)<-c1(C)c->3(C)c->4(C)[c-]->5(C)c->61C,CN1C=CN2Cc3ccc([N+](=O)[O-])c[c-]3->[Ir+3]3456(<-[I-])(<-[C]12)<-c1(C)c->3(C)c->4(C)[c-]->5(C)c->61C
KEPPEC,CC(C)(C)P1(CCCP(C(C)(C)C)(C(C)(C)C)->[Pd@OH3+2]<-12<-O=S(=O)([O-]->2)C(F)(F)F)C(C)(C)C,C20 H42 F3 O3 P2 Pd1 S1 1+,1.0,fail,CC(C)(C)P1(CCCP(C(C)(C)C)(C(C)(C)C)->[Pd+2]<-12<-O=S(=O)([O-]->2)C(F)(F)F)C(C)(C)C,CC(C)(C)P1(CCCP(C(C)(C)C)(C(C)(C)C)->[Pd+2]<-123<-O=S->2(=O)([O-]->3)C(F)(F)F)C(C)(C)C
KEQSUU,O=N1/C2=C(\[N-](O)->[Pt+4]<-13(<-[Cl-])(<-[Cl-])<-N(=O)/C1=C(\[N-]->3O)CCCCCC1)CCCCCC2,C16 H26 Cl2 N4 O4 Pt1,0.0,[O]N1=C2CCCCCCC2=N(O)->[Pt+2]<-12(<-[Cl-])(<-[Cl-])<-N([O])=C1CCCCCCC1=N->2O,O=N1C2=C([N-](O)->[Pt+4]<-13(<-[Cl-])(<-[Cl-])<-N(=O)C1=C([N-]->3O)CCCCCC1)CCCCCC2,O=N1C2=C([N-](O)->[Pt+4]<-13(<-[Cl-])(<-[Cl-])<-N(=O)C1=C([N-]->3O)CCCCCC1)CCCCCC2
KERWUB,CO->[Mo+6]12(<-[O-2])(<-[O-2])<-[O-]/C(=N\N->1=C\c1cc(Cl)ccc1[O-]->2)c1cc2ccccc2cc1O,C19 H15 Cl1 Mo1 N2 O6,0.0,CO->[Mo+6]12(<-[O-2])(<-[O-2])<-[O-]C(=NN->1=Cc1cc(Cl)ccc1[O-]->2)c1cc2ccccc2cc1O,CO->[Mo+6]12(<-[O-2])(<-[O-2])<-[O-]C(=NN->1=Cc1cc(Cl)ccc1[O-]->2)c1cc2ccccc2cc1O,CO->[Mo+6]12(<-[O-2])(<-[O-2])<-[O-]C(=NN->1=Cc1cc(Cl)ccc1[O-]->2)c1cc2ccccc2cc1O
KETNEC,CN(/[C-]1=[C-](\O[Si](C)(C)C)->[Nb+3]<-123(<-[Cl-])(<-P(C)(C)CCP->2(C)C)<-P(C)(C)CCP->3(C)C)[Si](C)(C)C,C21 H53 Cl1 N1 Nb1 O1 P4 Si2,0.0,CN(C1=C(O[Si](C)(C)C)->[Nb+]<-123(<-[Cl-])(<-P(C)(C)CCP->2(C)C)<-P(C)(C)CCP->3(C)C)[Si](C)(C)C,CN(C1#C(O[Si](C)(C)C)->[Nb+]<-123(<-[Cl-])(<-P(C)(C)CCP->2(C)C)<-P(C)(C)CCP->3(C)C)[Si](C)(C)C,CN([C-]1=[C-](O[Si](C)(C)C)->[Nb+3]<-123(<-[Cl-])(<-P(C)(C)CCP->2(C)C)<-P(C)(C)CCP->3(C)C)[Si](C)(C)C
KEVLED,CC[n+]1c(C#[C-]->[Cr](<-[C-]#[O+])(<-[C-]#[O+])(<-[C-]#[O+])(<-[C-]#[O+])<-[C-]#[O+])ccc2ccccc21,C18 H11 Cr1 N1 O5,0.0,CCN1C(=C=[C-2]->[Cr+2](<-[C-]#[O+])(<-[C-]#[O+])(<-[C-]#[O+])(<-[C-]#[O+])<-[C-]#[O+])C=Cc2ccccc21,CC[n+]1c(C#[C-]->[Cr](<-[C-]#[O+])(<-[C-]#[O+])(<-[C-]#[O+])(<-[C-]#[O+])<-[C-]#[O+])ccc2ccccc21,CC[n+]1c(C#[C-]->[Cr](<-[C-]#[O+])(<-[C-]#[O+])(<-[C-]#[O+])(<-[C-]#[O+])<-[C-]#[O+])ccc2ccccc21
KEWQIM,,C31 H39 F1 Ir1 P1 Si1,0.0,Cc12->[Ir+3]345(<-[c-]6ccccc6)(<-c1(C)c->3(C)[c-]->4(C)c->52C)(<-[Si-](F)(c1ccccc1)c1ccccc1)<-P(C)(C)C,Cc12->[Ir+3]345(<-[c-]6ccccc6)(<-c1(C)c->3(C)[c-]->4(C)c->52C)(<-[Si-](F)(c1ccccc1)c1ccccc1)<-P(C)(C)C,Cc12->[Ir+3]345(<-[c-]6ccccc6)(<-c1(C)c->3(C)[c-]->4(C)c->52C)(<-[Si-](F)(c1ccccc1)c1ccccc1)<-P(C)(C)C
KEYBOG,CCN(CC)C1/N=N(/c2ccccc2)->[Pd@@+2]2(<-S=1)<-[S-]/C(=N\[N-]->2c1ccccc1)N(CC)CC,C22 H30 N6 Pd1 S2,0.0,fail,CCN(CC)C1=N[N-](c2ccccc2)->[Pd+4]2(<-[S-]1)<-[S-]C(=N[N-]->2c1ccccc1)N(CC)CC,CCN(CC)C1=N[N-](c2ccccc2)->[Pd+4]2(<-[S-]1)<-[S-]C(=N[N-]->2c1ccccc1)N(CC)CC
KEYRUB,CC#N->[Pd]12(<-N#CC)<-O=C3C(=C->14c1ccccc1-c1ccccc1C->24=O)c1ccccc1-c1ccccc13,C32 H22 N2 O2 Pd1,0.0,CC#N->[Pd+2]1(<-N#CC)<-[O-]c2c(-[c-]->13c(=O)c1ccccc1c1ccccc13)c1ccccc1c1ccccc21,CC#N->[Pd+2]1(<-N#CC)<-[O-]c2c(-[c-]->13c(=O)c1ccccc1c1ccccc13)c1ccccc1c1ccccc21,CC#N->[Pd+2]12(<-N#CC)<-[O-]c3c(-[c-]->14c1ccccc1c1ccccc1c->24=O)c1ccccc1c1ccccc31
KEZNOU,,C17 H14 Mo1 N4 O7,0.0,CC(=NNc1ccc([N+](=O)[O-])cc1[N+](=O)[O-])c12->[Mo+2]345(<-[CH3-])(<-[C-]#[O+])(<-[C-]#[O+])(<-[C-]#[O+])<-c(c->31)[cH-]->4c->52,CC(N=[NH+]c1ccc([N+](=O)[O-])cc1[N+](=O)[O-])=C12->[Mo]345(<-[CH3-])(<-[C-]#[O+])(<-[C-]#[O+])(<-[C-]#[O+])<-C(=C->31)C->4=C->52,CC(N=[NH+]c1ccc([N+](=O)[O-])cc1[N+](=O)[O-])=C12->[Mo]345(<-[CH3-])(<-[C-]#[O+])(<-[C-]#[O+])(<-[C-]#[O+])<-C(=C->31)C->4=C->52
KIBMOX,,C22 H27 Nb1 O4,0.0,CCC1=C(C(=O)OC)[CH-](C(=O)OC)->[Nb+5]23456789(<-[C-2]1CC)(<-c1c->2c->3[cH-]->4c->51)<-c1c->6c->7[cH-]->8c->91,CCC1C(C(=O)OC)=C(C(=O)OC)->[Nb+3]23456789(<-[C-]=1CC)(<-c1c->2c->3[cH-]->4c->51)<-c1c->6c->7[cH-]->8c->91,CCC1C(C(=O)OC)=C(C(=O)OC)->[Nb+3]2345678(<-[C-]=1CC)(<-c1c[cH-]->2c->3c->41)<-c1c->5c->6[cH-]->7c->81
KICTIZ,CCO[C](c1ccccc1)->[Fe+2]1234(<-[I-])(<-[C-]#[O+])<-c5c->1c->2[cH-]->3c->45,C15 H15 Fe1 I1 O2,0.0,CCO[C-2](c1ccccc1)->[Fe+4]1234(<-[I-])(<-[C-]#[O+])<-c5c->1c->2[cH-]->3c->45,CCO[C](c1ccccc1)->[Fe+2]1234(<-[I-])(<-[C-]#[O+])<-c5c->1c->2[cH-]->3c->45,CCO[C](c1ccccc1)->[Fe+2]1234(<-[I-])(<-[C-]#[O+])<-c5c->1c->2[cH-]->3c->45
KIDMAL,C/C(Nc1ccccc1)=C(\C)N(c1ccccc1)[C](c1ccccc1)->[W](<-[C-]#[O+])(<-[C-]#[O+])(<-[C-]#[O+])(<-[C-]#[O+])<-[C-]#[O+],C28 H22 N2 O5 W1,0.0,CC(Nc1ccccc1)=C(C)N(c1ccccc1)[C](c1ccccc1)->[W](<-[C-]#[O+])(<-[C-]#[O+])(<-[C-]#[O+])(<-[C-]#[O+])<-[C-]#[O+],CC(Nc1ccccc1)=C(C)N(c1ccccc1)[C](c1ccccc1)->[W](<-[C-]#[O+])(<-[C-]#[O+])(<-[C-]#[O+])(<-[C-]#[O+])<-[C-]#[O+],CC(Nc1ccccc1)=C(C)N(c1ccccc1)[C](c1ccccc1)->[W](<-[C-]#[O+])(<-[C-]#[O+])(<-[C-]#[O+])(<-[C-]#[O+])<-[C-]#[O+]
KIFMUI,,C20 H28 Mo1 O5 S1 Si1,0.0,CC(C)(C)[Si]([O-]->[Mo+6]12(<-[O-2])(<-[O-2])<-[O-]CCS->1CCO->2)(c1ccccc1)c1ccccc1,CC(C)(C)[Si]([O-]->[Mo+6]12(<-[O-2])(<-[O-2])<-[O-]CCS->1CCO->2)(c1ccccc1)c1ccccc1,CC(C)(C)[Si]([O-]->[Mo+6](<-[O-2])(<-[O-2])<-[O-]CCSCCO)(c1ccccc1)c1ccccc1
KIGPIC,,C34 H29 Au1 N4,0.0,CC(C)(C)c1ccc2-c3ccccn3->[Au+3]3(<-[NH-]c4ccccc4[N-]->3c3c4ccccc4nc4ccccc34)<-[c-]2c1,CC(C)(C)c1ccc2-c3ccccn3->[Au+]3(<-N=C4C=CC=CC4=N->3c3c4ccccc4nc4ccccc34)<-[c-]2c1,CC(C)(C)c1ccc2-c3ccccn3->[Au+]3(<-N=C4C=CC=CC4=N->3c3c4ccccc4nc4ccccc34)<-[c-]2c1
KIHHUG,CC12->[Rh+3]3456(<-[Cl-])(<-[Cl-])<-C=1c->31ccccc->41C->52=C1C(=[S@@]->6(C)[O-])C=Cc2ccccc21,C21 H17 Cl2 O1 Rh1 S1,0.0,Cc12->[Rh+3]3456(<-[Cl-])(<-[Cl-])<-[cH-]1c->31ccccc->41c->52-c1c(S->6(C)=O)ccc2ccccc12,CC12->[Rh+3]3456(<-[Cl-])(<-[Cl-])<-C=1c->31ccccc->41C->52=C1C(=S->6(C)[O-])C=Cc2ccccc21,CC12->[Rh+3]3456(<-[Cl-])(<-[Cl-])<-C=1c->31ccccc->41C->52=C1C(=S->6(C)[O-])C=Cc2ccccc21
KIHVUV,O=C(COc1ccc(Cl)cc1)[O-]->[Zn+2]1(<-NCCN->1)<-[O-]C(=O)COc1ccc(Cl)cc1,C18 H20 Cl2 N2 O6 Zn1,0.0,O=C(COc1ccc(Cl)cc1)[O-]->[Zn+2]1(<-NCCN->1)<-[O-]C(=O)COc1ccc(Cl)cc1,O=C(COc1ccc(Cl)cc1)[O-]->[Zn+2]1(<-NCCN->1)<-[O-]C(=O)COc1ccc(Cl)cc1,Clc1ccc(OCC23=O->[Zn+2]<-2456(<-NCCN->4)(<-O=C->5(COc2ccc(Cl)cc2)[O-]->6)<-[O-]3)cc1
KIJGEQ,CC(C)O1C2=C[CH-]C=CC2=[CH-]->[Ru+4]<-1(<-[Cl-])(<-[Cl-])<-[C]1N(C2CCCCC2)CCN1C1CCCCC1,C25 H38 Cl2 N2 O1 Ru1,0.0,CC(C)O1c2ccccc2[CH-2]->[Ru+4]<-1(<-[Cl-])(<-[Cl-])<-[C]1N(C2CCCCC2)CCN1C1CCCCC1,CC(C)O1c2ccccc2[CH]->[Ru+2]<-1(<-[Cl-])(<-[Cl-])<-[C]1N(C2CCCCC2)CCN1C1CCCCC1,CC(C)O1c2ccccc2[CH]->[Ru+2]<-1(<-[Cl-])(<-[Cl-])<-[C]1N(C2CCCCC2)CCN1C1CCCCC1
KIKMEZ,Cc1ccc(-c2[c-](->[Pd+2](<-[I-])(<-[I-])<-n3ccccc3)n(C)n[n+]2C)cc1,C16 H18 I2 N4 Pd1,0.0,Cc1ccc(-c2[c](->[Pd+](<-[I-])(<-[I-])<-n3ccccc3)n(C)n[n+]2C)cc1,Cc1ccc(-c2[c-](->[Pd+2](<-[I-])(<-[I-])<-n3ccccc3)n(C)n[n+]2C)cc1,Cc1ccc(-c2[c-](->[Pd+2](<-[I-])(<-[I-])<-n3ccccc3)n(C)n[n+]2C)cc1
KILHES,c1ccc(-c2cccc(-c3ccccc3)c2[O-]->[Ti+4]2(<-[CH2-]CC[CH2-]->2)<-[O-]c2c(-c3ccccc3)cccc2-c2ccccc2)cc1,C40 H34 O2 Ti1,0.0,c1ccc(-c2cccc(-c3ccccc3)c2[O-]->[Ti+4]2(<-[CH2-]CC[CH2-]->2)<-[O-]c2c(-c3ccccc3)cccc2-c2ccccc2)cc1,c1ccc(-c2cccc(-c3ccccc3)c2[O-]->[Ti+4]2(<-[CH2-]CC[CH2-]->2)<-[O-]c2c(-c3ccccc3)cccc2-c2ccccc2)cc1,c1ccc(-c2cccc(-c3ccccc3)c2[O-]->[Ti+4]23(<-[CH2-]CC[CH2-]->2)<-[O-]c2c(-c4ccccc4)cccc2-c2ccccc->32)cc1
KILVAC,,C13 H23 Br1 O2 P2 W1,0.0,fail,C=CC1=C2[CH2-]->[W+2]<-1<-23(<-[Br-])(<-[C-]#[O+])(<-[C-]#[O+])<-P(C)(C)CCP->3(C)C,C=CC1=C2[CH2-]->[W+2]<-1<-23(<-[Br-])(<-[C-]#[O+])(<-[C-]#[O+])<-P(C)(C)CCP->3(C)C
KIMKOJ,Cc1cc(=O)oc2c3/C=N4/c5ccccc5OCCCOc5ccccc5/N5=C/c6c([O-]->[Zn@TB19+2]<-4<-5<-[O-]c3ccc12)ccc1c(C)cc(=O)oc61,C37 H28 N2 O8 Zn1,0.0,Cc1cc(=O)oc2c3C=N4c5ccccc5O5CCCO6c7ccccc7N7=Cc8c([O-]->[Zn+2]<-4<-7<-5<-6<-[O-]c3ccc12)ccc1c(C)cc(=O)oc81,Cc1cc(=O)oc2c3C=N4c5ccccc5OCCCOc5ccccc5N5=Cc6c([O-]->[Zn+2]<-4<-5<-[O-]c3ccc12)ccc1c(C)cc(=O)oc61,Cc1cc(=O)oc2c3C=N4c5ccccc5OCCCO5c6ccccc6N6=Cc7c([O-]->[Zn+2]<-4<-6<-5<-[O-]c3ccc12)ccc1c(C)cc(=O)oc71
KINLIC,CN(C)[C-]1S#N->[Ti+4](<-[Br-])(<-[Br-])(<-[S-]1)(<-n1ccccc1)<-n1ccccc1,C13 H16 Br2 N4 S2 Ti1,0.0,CN(C)C1S[N-2]->[Ti+4](<-[Br-])(<-[Br-])(<-S=1)(<-n1ccccc1)<-n1ccccc1,CN(C)C1S#N->[Ti+2](<-[Br-])(<-[Br-])(<-S=1)(<-n1ccccc1)<-n1ccccc1,CN(C)C1S#N->[Ti+2](<-[Br-])(<-[Br-])(<-S=1)(<-n1ccccc1)<-n1ccccc1
KIPWEL,O=[C-]1[CH-]2[CH2-]->[Mo+4]<-1<-23456(<-[C-]#[O+])(<-c1c->3c->4[cH-]->5c->61)<-P(c1ccccc1)(c1ccccc1)c1ccccc1,C27 H23 Mo1 O2 P1,0.0,fail,O=C1=C2[CH2-]->[Mo+2]<-1<-23456(<-[C-]#[O+])(<-c1c->3c->4[cH-]->5c->61)<-P(c1ccccc1)(c1ccccc1)c1ccccc1,O=C1=C2[CH2-]->[Mo+2]<-1<-23456(<-[C-]#[O+])(<-c1c->3c->4[cH-]->5c->61)<-P(c1ccccc1)(c1ccccc1)c1ccccc1
KIRTAI,C[O-]->[V+5]12(<-[O-2])<-[O-]/C(=C\C(C)=N->1\N=C(/[O-]->2)c1cc2ccccc2cc1O)c1ccccc1,C22 H19 N2 O5 V1,0.0,C[O-]->[V+5]12(<-[O-2])<-[O-]C(=CC(C)=N->1N=C([O-]->2)c1cc2ccccc2cc1O)c1ccccc1,C[O-]->[V+5]12(<-[O-2])<-[O-]C(=CC(C)=N->1N=C([O-]->2)c1cc2ccccc2cc1O)c1ccccc1,C[O-]->[V+5]12(<-[O-2])<-[O-]C(=CC(C)=N->1N=C([O-]->2)c1cc2ccccc2cc1O)c1ccccc1
KISMUW,OCCN(CCO)(CCO)->[Ag+]<-N(CCO)(CCO)CCO,C12 H30 Ag1 N2 O6 1+,1.0,OCCN(CCO)(CCO)->[Ag+]123<-OCCN->1(CCO->2)CCO->3,OCCN(CCO)(CCO)->[Ag+]<-N(CCO)(CCO)CCO,OCCN(CCO)(CCO)->[Ag+]12<-OCCN->1(CCO)CCO->2
KISTAH,CC(C)(C)P(C)(C(C)(C)C)->[Os+2]12345(<-[I-])(<-[C]6CCCO6)<-c6c->1c->2c->3c->4c->56,C19 H33 I1 O1 Os1 P1 1+,1.0,CC(C)(C)P(C)(C(C)(C)C)->[Os+4]12345(<-[I-])(<-[C-2]6CCCO6)<-c6c->1c->2c->3c->4c->56,CC(C)(C)P(C)(C(C)(C)C)->[Os+2]12345(<-[I-])(<-[C]6CCCO6)<-c6c->1c->2c->3c->4c->56,CC(C)(C)P(C)(C(C)(C)C)->[Os+2]1(<-[I-])(<-[C]2CCCO2)<-c2ccccc->12
KITHAZ,C/C1=C/C(=S->[Pt@@+2]2(<-[N-]1CC[N-]->2c1ccccc1)<-S(C)(C)=O)c1ccccc1,C20 H24 N2 O1 Pt1 S2,0.0,CC1C=C([S-]->[Pt+2]2(<-N=1CC[N-]->2c1ccccc1)<-S(C)(C)=O)c1ccccc1,CC1=CC(=S->[Pt+2]2(<-[N-]1CC[N-]->2c1ccccc1)<-S(C)(C)=O)c1ccccc1,CC1=CC(=S->[Pt+2]2(<-[N-]1CC[N-]->2c1ccccc1)<-S(C)(C)=O)c1ccccc1
KIVBOG,C[Si](C)(C)[N-]1P2([N-]([Si](C)(C)C)->[Ti+4]<-1(<-[Cl-])(<-[Cl-])<-[Cl-])=[SH+]=C(C(F)(F)F)C(C(F)(F)F)=[S+]2,C10 H18 Cl3 F6 N2 P1 S2 Si2 Ti1,0.0,fail,C[Si](C)(C)[N-]1P2([N-]([Si](C)(C)C)->[Ti+4]<-1(<-[Cl-])(<-[Cl-])<-[Cl-])=[SH+]=C(C(F)(F)F)C(C(F)(F)F)=[S+]2,C[Si](C)(C)[N-]1P2([N-]([Si](C)(C)C)->[Ti+4]<-1(<-[Cl-])(<-[Cl-])<-[Cl-])=[SH+]=C(C(F)(F)F)C(C(F)(F)F)=[S+]2
KIVKUX,C=CCN[C](C)->[Pt@+2]1(<-[C-](C)=O)<-N(=O)/C=C2/C=CC=C[N-]->12,C13 H17 N3 O2 Pt1,0.0,C=CCN[C](C)->[Pt+2]1(<-[C-](C)=O)<-N([O-])=Cc2ccccn->12,C=CCN[C](C)->[Pt+2]1(<-[C-](C)=O)<-N(=O)C=C2C=CC=C[N-]->12,C=CCN[C](C)->[Pt+2]1(<-[C-](C)=O)<-N(=O)C=C2C=CC=C[N-]->12
KIVXAP,c1ccc(/C(c2ccccn2)=N2\N=C(/[O-]->[Ni+2]<-23456<-[O-]/C(c2cccnc2)=N->3\N->4=C->5(c2ccccc2)c2ccccn->62)c2cccnc2)cc1,C36 H26 N8 Ni1 O2,0.0,c1ccc(C2c3ccccn3->[Ni+2]345(<-[O-]C(=NN->3=2)c2cccnc2)<-[O-]C(=NN->4=C(c2ccccc2)c2ccccn->52)c2cccnc2)cc1,c1ccc(C2c3ccccn3->[Ni+2]345(<-[O-]C(=NN->3=2)c2cccnc2)<-[O-]C(=NN->4=C(c2ccccc2)c2ccccn->52)c2cccnc2)cc1,c1ccc(C2c3ccccn3->[Ni+2]345(<-[O-]C(=NN->3=2)c2cccnc2)<-[O-]C(=NN->4=C(c2ccccc2)c2ccccn->52)c2cccnc2)cc1
KIWSEP,N#Cc1nc2c3cccnc3c3c(cccn3->[Zn+2](<-[Cl-])(<-[Cl-])<-n3cccc4c5nc(C#N)c(C#N)nc5c5cccnc5c43)c2nc1C#N,C32 H12 Cl2 N12 Zn1,0.0,N#Cc1nc2c3cccn4->[Zn+2]5(<-[Cl-])(<-[Cl-])(<-n6cccc(c2nc1C#N)c6c34)<-n1cccc2c3nc(C#N)c(C#N)nc3c3cccn->5c3c21,N#Cc1nc2c3c4c5c(c2nc1C#N)=CC=C[N-]5->[Zn+6]1(<-[Cl-])(<-[Cl-])(<-[N-]4C=CC=3)<-[N-]2C=CC=c3c2c2c(c4nc(C#N)c(C#N)nc34)=CC=C[N-]->12,N#Cc1nc2c3c4c5c(c2nc1C#N)=CC=C[N-]5->[Zn+6]1(<-[Cl-])(<-[Cl-])(<-[N-]4C=CC=3)<-[N-]2C=CC=c3c2c2c(c4nc(C#N)c(C#N)nc34)=CC=C[N-]->12
KIYKAE,C[Si](C)(C)/N=C(\c1ccccc1)[N-](->[Hg+2]<-[N-](/C(=N/[Si](C)(C)C)c1ccccc1)[Si](C)(C)C)[Si](C)(C)C,C26 H46 Hg1 N4 Si4,0.0,C[Si](C)(C)N=C(c1ccccc1)[N-](->[Hg+2]<-[N-](C(=N[Si](C)(C)C)c1ccccc1)[Si](C)(C)C)[Si](C)(C)C,C[Si](C)(C)N=C(c1ccccc1)[N-](->[Hg+2]<-[N-](C(=N[Si](C)(C)C)c1ccccc1)[Si](C)(C)C)[Si](C)(C)C,C[Si](C)(C)N1=C(c2ccccc2)[N-]([Si](C)(C)C)->[Hg+2]<-12<-N(=C(c1ccccc1)[N-]->2[Si](C)(C)C)[Si](C)(C)C
KIYXEX,C[n+]1nn(Cc2ccccc2)[c-](->[Au+]<-[Cl-])c1-c1ccc([N+](=O)[O-])cc1,C16 H14 Au1 Cl1 N4 O2,0.0,Cn1n[n+](Cc2ccccc2)[c](->[Au]<-[Cl-])c1-c1ccc([N+](=O)[O-])cc1,C[n+]1nn(Cc2ccccc2)[c-](->[Au+]<-[Cl-])c1-c1ccc([N+](=O)[O-])cc1,C[n+]1nn(Cc2ccccc2)[c-](->[Au+]<-[Cl-])c1-c1ccc([N+](=O)[O-])cc1
KIZVUK,,C14 H17 Cl4 N1 Se1 W1,0.0,CC#N->[W+6]1(<-[Cl-])(<-[Cl-])(<-[Cl-])(<-[Cl-])<-[C-2](c2ccccc2)[C-]->1=[Se+]CCCC,CC#N->[W+4]1(<-[Cl-])(<-[Cl-])(<-[Cl-])(<-[Cl-])<-C([Se]CCCC)#C->1c1ccccc1,CC#N->[W+4]1(<-[Cl-])(<-[Cl-])(<-[Cl-])(<-[Cl-])<-C([Se]CCCC)#C->1c1ccccc1
KOBNUN,CNC1/N=N2/C(/C)=C(/C)[N-]3/N=C(/NC)[S-]->[Ni@+2]<-2<-3<-S=1,C8 H14 N6 Ni1 S2,0.0,CNC1=NN2=C(C)C(C)=N3N=C(NC)[S-]->[Ni+2]<-2<-3<-[S-]1,CNC1N=N2C(C)=C(C)N3=NC(NC)=S->[Ni]<-2<-3<-S=1,CNC1=N[N-]2C(C)=C(C)N3=NC(NC)=S->[Ni+2]<-3<-2<-[S-]1
KOCXIM,COc1ccccc1N/C=C1/C=CC=CC1=O->[Zn+2](<-[Cl-])(<-[Cl-])<-O=C1C=CC=C/C1=C/Nc1ccccc1OC,C28 H26 Cl2 N2 O4 Zn1,0.0,COc1ccccc1[NH+]=Cc1ccccc1[O-]->[Zn+2](<-[Cl-])(<-[Cl-])<-[O-]c1ccccc1C=[NH+]c1ccccc1OC,COc1ccccc1NC=C1C=CC=CC1=O->[Zn+2](<-[Cl-])(<-[Cl-])<-O=C1C=CC=CC1=CNc1ccccc1OC,COc1ccccc1NC=C1C=CC=CC1=O->[Zn+2](<-[Cl-])(<-[Cl-])<-O=C1C=CC=CC1=CNc1ccccc1OC
KODCOV,,C20 H32 B1 Cl1 N6 O1 W1,0.0,Cc1cc(C)[n-]2->[W+6]3(<-[O-2])(<-[Cl-])(<-[CH-2]C(C)(C)C)<-[n-]4c(C)cc(C)[n+]4[BH-]([n+]12)[n+]1c(C)cc(C)[n-]->31,Cc1cc(C)n2->[W+4]3(<-[O-2])(<-[Cl-])(<-[CH]C(C)(C)C)<-n4c(C)cc(C)n4[BH-](n12)n1c(C)cc(C)n->31,Cc1cc(C)n2->[W+4]3(<-[O-2])(<-[Cl-])(<-[CH]C(C)(C)C)<-n4c(C)cc(C)n4[BH-](n12)n1c(C)cc(C)n->31
KOGGUJ,[O+]#[C-]->[Ru+2]12(<-[Cl-])(<-N(=N\c3ccccn->13)/c1ccccc1)<-n1ccccc1-c1ccccn->21,C22 H17 Cl1 N5 O1 Ru1 1+,1.0,[O+]#[C-]->[Ru+2]12(<-[Cl-])(<-N(=Nc3ccccn->13)c1ccccc1)<-n1ccccc1-c1ccccn->21,[O+]#[C-]->[Ru+4]12(<-[Cl-])(<-n3ccccc3-c3ccccn->13)<-[N-](N=c1cccc[n-]->21)c1ccccc1,[O+]#[C-]->[Ru+4]12(<-[Cl-])(<-n3ccccc3-c3ccccn->13)<-[N-](N=c1cccc[n-]->21)c1ccccc1
KOHBIU,,C23 H20 N2 O2 Pt1,0.0,fail,CC1=CC(C)=O->[Pt+2]2(<-[O-]1)<-[C]1N(C)c3ccccc3N1c1cc3ccccc3c[c-]->21,CC1=CC(C)=O->[Pt+2]2(<-[O-]1)<-[C]1N(C)c3ccccc3N1c1cc3ccccc3c[c-]->21
KOJDES,CCOC(=O)[C@]12C(C)(C)[C-](=O)->[Fe]3(<-[C-]#[O+])(<-[C-]#[O+])(<-[C-]#[O+])<-C(=C->31C(=O)OC)C(c1ccccc1)=[N+]2c1ccccc1,C28 H25 Fe1 N1 O8,0.0,CCOC(=O)C12C(C)(C)[C-](=O)->[Fe]3(<-[C-]#[O+])(<-[C-]#[O+])(<-[C-]#[O+])<-C(=C->31C(=O)OC)C(c1ccccc1)=[N+]2c1ccccc1,CCOC(=O)C12C(C)(C)[C-](=O)->[Fe+2]3(<-[C-]#[O+])(<-[C-]#[O+])(<-[C-]#[O+])<-C(=C(c4ccccc4)N1c1ccccc1)[C-]->32C(=O)OC,CCOC(=O)C12C(C)(C)[C-](=O)->[Fe+2]3(<-[C-]#[O+])(<-[C-]#[O+])(<-[C-]#[O+])<-C(=C(c4ccccc4)N1c1ccccc1)[C-]->32C(=O)OC
KOKDOE,CN(C)[B-]1[B-](N(C)C)=C23->[Ti+4]456789%10(<-[Cl-])(<-[Cl-])(<-C%11=C->4C->5=1C->6=C->7%11)<-C(=C->82)C->9=C->%103,C14 H20 B2 Cl2 N2 Ti1,0.0,C[N+](C)=[B-]1[B-](=[N+](C)C)c23->[Ti+4]456789%10(<-[Cl-])(<-[Cl-])(<-c(c->4[cH-]->52)c->63)<-c2c->7c->81c->9[cH-]->%102,CN(C)[B-]1[B-](N(C)C)=C23->[Ti+4]456789%10(<-[Cl-])(<-[Cl-])(<-C%11=C->4C->5=1C->6=C->7%11)<-C(=C->82)C->9=C->%103,CN(C)[B-]1[B-](N(C)C)=C23->[Ti+4]456789%10(<-[Cl-])(<-[Cl-])(<-C%11=C->4C->5=1C->6=C->7%11)<-C(=C->82)C->9=C->%103
KOKSIN,,C14 H20 Mo1 N2 O6,0.0,CO->[Mo+6]12(<-[O-2])(<-[O-2])<-[O-]C(CCCCCO)=NN->1=Cc1ccccc1[O-]->2,CO->[Mo+6]12(<-[O-2])(<-[O-2])<-[O-]C(CCCCCO)=NN->1=Cc1ccccc1[O-]->2,CO.[O-2]->[Mo+6]12(<-[O-2])<-[O-]C(CCCCCO)=NN->1=Cc1ccccc1[O-]->2
KOLYEQ,O=S1(=O)[O-]->[Cd@TB9+2]2(<-[O-]1)(<-n1c(-c3nc4ccccc4[nH]3)[nH]c3ccccc31)<-n1c(-c3[nH]c4ccccc4n->23)[nH]c2ccccc21,C28 H20 Cd1 N8 O4 S1,0.0,O=S1(=O)[O-]->[Cd+2]23(<-[O-]1)(<-n1c(-c4[nH]c5ccccc5n->24)[nH]c2ccccc21)<-n1c(-c2[nH]c4ccccc4n->32)[nH]c2ccccc21,O=S1(=O)[O-]->[Cd+2]23(<-[O-]1)(<-n1c(-c4[nH]c5ccccc5n->24)[nH]c2ccccc21)<-n1c(-c2[nH]c4ccccc4n->32)[nH]c2ccccc21,O=S1(=O)[O-]->[Cd+2]23(<-[O-]1)(<-n1c(-c4[nH]c5ccccc5n->24)[nH]c2ccccc21)<-n1c2ccccc2[nH]c->31-c1nc2ccccc2[nH]1
KONSOV,CCN(CC)[C](OC(=O)c1ccccc1)->[Pt+2](<-[I-])(<-[I-])<-P(c1ccccc1)(c1ccccc1)c1ccccc1,C30 H30 I2 N1 O2 P1 Pt1,0.0,fail,CCN(CC)[C](OC(=O)c1ccccc1)->[Pt+2](<-[I-])(<-[I-])<-P(c1ccccc1)(c1ccccc1)c1ccccc1,CCN(CC)[C](OC(=O)c1ccccc1)->[Pt+2](<-[I-])(<-[I-])<-P(c1ccccc1)(c1ccccc1)c1ccccc1
KOPVAO,,C40 H32 N2 Ni1 O6,0.0,O=C([O-]->[Ni+2](<-O)(<-O)(<-[O-]C(=O)c1c2ccccc2cc2ccccc12)(<-n1ccccc1)<-n1ccccc1)c1c2ccccc2cc2ccccc12,O=C([O-]->[Ni+2](<-O)(<-O)(<-[O-]C(=O)c1c2ccccc2cc2ccccc12)(<-n1ccccc1)<-n1ccccc1)c1c2ccccc2cc2ccccc12,O.O.O=C([O-]->[Ni+2](<-[O-]C(=O)c1c2ccccc2cc2ccccc12)(<-n1ccccc1)<-n1ccccc1)c1c2ccccc2cc2ccccc12
KOSTOD,,C21 H23 Cl1 Ir1 N1 O2,0.0,Cc12->[Ir+2]3456(<-[Cl-])(<-[O-]c7ccccc7-c7cccc[n+]7[O-]->3)<-c1(C)c->4(C)[c-]->5(C)c->62C,Cc12->[Ir+3]3456(<-[Cl-])(<-O=C7C=CC=CC7=C7C=CC=CN7[O-]->3)<-c1(C)c->4(C)[c-]->5(C)c->62C,Cc12->[Ir+3]3456(<-[Cl-])(<-O=C7C=CC=CC7=C7C=CC=CN7[O-]->3)<-c1(C)c->4(C)[c-]->5(C)c->62C
KOWKEM,,C19 H21 N1 O2 W1,0.0,fail,CN1CCCC1C1=C23->[W+2]<-14567(<-[C-]#[O+])(<-[C-]#[O+])(<-c1c->4c->5[cH-]->6c->71)<-[CH-]2C=CC=C3,CN1CCCC1C1=C23->[W+2]<-14567(<-[C-]#[O+])(<-[C-]#[O+])(<-c1c->4c->5[cH-]->6c->71)<-[CH-]2C=CC=C3
KOYBEH,,C26 H39 F6 Mo1 N3 O6 S2,0.0,Cc1cccc(C)c1[N-]->[Mo+4](<-[CH-]C(C)(C)C)(<-[O-]S(=O)(=O)C(F)(F)F)(<-[O-]S(=O)(=O)C(F)(F)F)<-[C]1N(C(C)(C)C)C=CN1C(C)(C)C,Cc1cccc(C)c1[N-2]->[Mo+4](<-[CH]C(C)(C)C)(<-[O-]S(=O)(=O)C(F)(F)F)(<-[O-]S(=O)(=O)C(F)(F)F)<-[C]1N(C(C)(C)C)C=CN1C(C)(C)C,Cc1cccc(C)c1[N-2]->[Mo+4](<-[CH]C(C)(C)C)(<-[O-]S(=O)(=O)C(F)(F)F)(<-[O-]S(=O)(=O)C(F)(F)F)<-[C]1N(C(C)(C)C)C=CN1C(C)(C)C
KUBFUJ,,C18 H14 N6 Ni1 O6,0.0,CC1C(C)=N2N=C([O-]->[Ni+2]<-23<-[O-]C(=NN->3=1)c1ccc([N+](=O)[O-])cc1)c1ccc([N+](=O)[O-])cc1,CC1C(C)=N2N=C([O-]->[Ni+2]<-23<-[O-]C(=NN->3=1)c1ccc([N+](=O)[O-])cc1)c1ccc([N+](=O)[O-])cc1,CC1C(C)=N2N=C([O-]->[Ni+2]<-23<-[O-]C(=NN->3=1)c1ccc([N+](=O)[O-])cc1)c1ccc([N+](=O)[O-])cc1
KUDGEV,,C23 H21 Cl1 O2 Zr1,0.0,fail,C[c-]12->[Zr+4]3456789%10(<-[Cl-])(<-O=C([O-]->3)c3cccc%11ccccc3%11)(<-c(c->4c->51)c->62)<-c1c->7c->8[c-]->9(C)c->%101,C[c-]12->[Zr+4]3456789%10(<-[Cl-])(<-O=C([O-]->3)c3cccc%11ccccc3%11)(<-c(c->4c->51)c->62)<-c1c->7c->8[c-]->9(C)c->%101
KUFLED,CCN(CC)C1=S->[W+4]23(<-[S-]1)(<-[S-]/C(C#N)=C(/C#N)[S-]->2)<-[S-]/C(C#N)=C(/C#N)[S-]->3,C13 H10 N5 S6 W1 1-,-1.0,fail,CCN(CC)C1=S->[W+4]23(<-[S-]1)(<-[S-]C(C#N)=C(C#N)[S-]->2)<-[S-]C(C#N)=C(C#N)[S-]->3,CCN(CC)C1=S->[W+4]23(<-[S-]1)(<-[S-]C(C#N)=C(C#N)[S-]->2)<-[S-]C(C#N)=C(C#N)[S-]->3
KUHJON,,C27 H41 N2 P2 Pt1 1+,1.0,CC(C)P1(c2ccccc2N2CCN3c4ccccc4P(C(C)C)(C(C)C)->[PtH+]<-1<-[C]23)C(C)C,CC(C)P1(c2ccccc2N2CCN3c4ccccc4P(C(C)C)(C(C)C)->[PtH+]<-1<-[C]23)C(C)C,CC(C)P1(c2ccccc2N2CCN3c4ccccc4P(C(C)C)(C(C)C)->[PtH+]<-1<-[C]23)C(C)C
KUJGEC,,C34 H40 N4 Ti1,0.0,Cc1cc(C)cc([N-]2C3=N(->[Ti+4]<-24567(<-[N-2]N(c2ccccc2)c2ccccc2)<-c2(C)c->4(C)c->5(C)[c-]->6(C)c->72C)CCC3)c1,Cc1cc(C)cc(N2=C3CCC[N-]3->[Ti+4]<-23456(<-[N-2]N(c2ccccc2)c2ccccc2)<-c2(C)c->3(C)c->4(C)[c-]->5(C)c->62C)c1,Cc1cc(C)cc(N2=C3CCC[N-]3->[Ti+4]<-23456(<-[N-2]N(c2ccccc2)c2ccccc2)<-c2(C)c->3(C)c->4(C)[c-]->5(C)c->62C)c1
KUJWAP,,C29 H28 Br2 Hg1 N4,0.0,CC1(C)CN2=C(c3ccccc3)c3ccccn3->[Hg+2]<-23(<-[Br-])(<-[Br-])<-N(C1)=C(c1ccccc1)c1ccccn->31,CC(C)(CN=C(c1ccccc1)c1ccccn1)CN=C(c1ccccc1)c1ccccn1.[Br-]->[Hg+2]<-[Br-],CC(C)(CN=C(c1ccccc1)c1ccccn1)CN=C(c1ccccc1)c1ccccn1.[Br-]->[Hg+2]<-[Br-]
KULBUO,Cc1cc(C)c([Se-]->[Ni+2]234(<-[Se]=c->25c(C)cc(C)c[c-]->35C)<-n2c(C)ccc3ccc5ccc(C)n->4c5c32)c(C)c1,C32 H34 N2 Ni1 Se2,0.0,Cc1cc(C)c([Se-]->[Ni+2]2(<-[Se-]c3c(C)cc(C)cc3C)<-n3c(C)ccc4ccc5ccc(C)n->2c5c43)c(C)c1,Cc1cc(C)c([Se-]->[Ni+2]2(<-[Se-]c3c(C)cc(C)cc3C)<-n3c(C)ccc4ccc5ccc(C)n->2c5c43)c(C)c1,Cc1cc(C)c([Se-]->[Ni+2]23(<-[Se-]c->24c(C)cc(C)cc4C)<-n2c(C)ccc4ccc5ccc(C)n->3c5c42)c(C)c1
KUMBAV,[O-2]->[W+6]123(<-[S-][S-]->1)(<-[S-][S-]->2)<-n1ccccc1-c1ccccn->31,C10 H8 N2 O1 S4 W1,0.0,[O-2]->[W+6]123(<-[S-][S-]->1)(<-[S-][S-]->2)<-n1ccccc1-c1ccccn->31,[O-2]->[W+2]123(<-S=S->1)(<-S=S->2)<-n1ccccc1-c1ccccn->31,[O-2]->[W+2]123(<-S=S->1)(<-S=S->2)<-n1ccccc1-c1ccccn->31
KUMJEI,COc1cccc2-c3ccccn3->[Ir+3]3456(<-[Cl-])(<-[c-]12)<-c1(C)c->3(C)c->4(C)[c-]->5(C)c->61C,C22 H25 Cl1 Ir1 N1 O1,0.0,COc1cccc2-c3ccccn3->[Ir+3]3456(<-[Cl-])(<-[c-]12)<-c1(C)c->3(C)c->4(C)[c-]->5(C)c->61C,COc1cccc2-c3ccccn3->[Ir+3]3456(<-[Cl-])(<-[c-]12)<-c1(C)c->3(C)c->4(C)[c-]->5(C)c->61C,COc1cccc2-c3ccccn3->[Ir+3]3456(<-[Cl-])(<-[c-]12)<-c1(C)c->3(C)c->4(C)[c-]->5(C)c->61C
KUNPEQ,,C43 H30 Ir1 N3 O3,0.0,Cc1cc(=O)oc2c3C=N(c4cccc5ccccc45)->[Ir+3]45(<-[O-]c3ccc12)(<-[c-]1ccccc1-c1ccccn->41)<-[c-]1ccccc1-c1ccccn->51,Cc1cc(=O)oc2c3C=N(c4cccc5ccccc45)->[Ir+3]45(<-[O-]c3ccc12)(<-[c-]1ccccc1-c1ccccn->41)<-[c-]1ccccc1-c1ccccn->51,Cc1cc(=O)oc2c3C=N(c4cccc5ccccc45)->[Ir+3]45(<-[O-]c3ccc12)(<-[c-]1ccccc1-c1ccccn->41)<-[c-]1ccccc1-c1ccccn->51
KUPMEN,C/C(=[C-]1/C2P(c3ccccc3)(c3ccccc3)->[Fe+2]<-13456(<-c1c->3c->4[cH-]->5c->61)<-P2(c1ccccc1)c1ccccc1)C(C)(C)C,C37 H38 Fe1 P2,0.0,CC(=[C-]1C2P(c3ccccc3)(c3ccccc3)->[Fe+2]<-13456(<-c1c->3c->4[cH-]->5c->61)<-P2(c1ccccc1)c1ccccc1)C(C)(C)C,CC(=[C-]1C2P(c3ccccc3)(c3ccccc3)->[Fe+2]<-13456(<-c1c->3c->4[cH-]->5c->61)<-P2(c1ccccc1)c1ccccc1)C(C)(C)C,CC(C(C)(C)C)=C12->[Fe]34567(<-c8c->3c->4[cH-]->5c->68)<-P(c3ccccc3)(c3ccccc3)C1[P+]->72(c1ccccc1)c1ccccc1
KURBUW,,C21 H29 N2 O3 P1 Ru1,0.0,CC(C)(C)P1(Cc2cccc3-c4ccccn4->[RuH+]<-1(<-[C-]#[O+])(<-[O-]C=O)<-n23)C(C)(C)C,CC(C)(C)P1(Cc2cccc3-c4ccccn4->[RuH+]<-1(<-[C-]#[O+])(<-[O-]C=O)<-n23)C(C)(C)C,CC(C)(C)P1(Cc2cccc3-c4ccccn4->[RuH+]<-1(<-[C-]#[O+])(<-[O-]C=O)<-n23)C(C)(C)C
KUSQAS,COc1cccc(OC)c1-c1ccccc1P1(c2ccccc2)c2ccccc2S(=O)(=O)[O-]->[Pd@SP3+2]<-12<-O=C(C)O[CH+]->2C[C-](C)[O-],C32 H31 O8 P1 Pd1 S1,0.0,COc1cccc(OC)c1-c1ccccc1P1(c2ccccc2)c2ccccc2S(=O)(=O)[O-]->[Pd+2]<-12<-O=C(C)O[CH-]->2CC(C)=O,COc1cccc(OC)c1-c1ccccc1P1(c2ccccc2)c2ccccc2S(=O)(=O)[O-]->[Pd]<-12<-O=C(C)O[CH+]->2CC(C)=O,COc1cccc(OC)c1-c1ccccc1P1(c2ccccc2)c2ccccc2S(=O)(=O)[O-]->[Pd]<-12<-O=C(C)O[CH+]->2CC(C)=O
KUVXOP,Cc1cc(C)n2->[Fe+2](<-[I-])(<-[I-])<-n3c(C)cc(C)n3C(c3cc(C(C)(C)C)cc(C(C)(C)C)c3O)n12,C25 H36 Fe1 I2 N4 O1,0.0,Cc1cc(C)n2->[Fe+2](<-[I-])(<-[I-])<-[n-]3c(C)cc(C)[n+]3C(c3cc(C(C)(C)C)cc(C(C)(C)C)c3O)n12,Cc1cc(C)n2->[Fe+2](<-[I-])(<-[I-])<-n3c(C)cc(C)n3C(c3cc(C(C)(C)C)cc(C(C)(C)C)c3O)n12,Cc1cc(C)n2->[Fe+2](<-[I-])(<-[I-])<-n3c(C)cc(C)n3C(c3cc(C(C)(C)C)cc(C(C)(C)C)c3O)n12
KUXZAE,Fc1c(F)c(F)[c-](->[Pt+2]2(<-[c-]3c(F)c(F)c(F)c(F)c3F)<-n3cccn3-n3cccn->23)c(F)c1F,C18 H6 F10 N4 Pt1,0.0,Fc1c(F)c(F)[c-](->[Pt+2](<-[c-]2c(F)c(F)c(F)c(F)c2F)(<-N2=CC=C[N]2)<-N2=CC=C[N]2)c(F)c1F,Fc1c(F)c(F)[c-](->[Pt+4](<-[c-]2c(F)c(F)c(F)c(F)c2F)(<-[n-]2cccn2)<-[n-]2cccn2)c(F)c1F,Fc1c(F)c(F)[c-](->[Pt+2]2(<-[c-]3c(F)c(F)c(F)c(F)c3F)<-n3cccn3-n3cccn->23)c(F)c1F
LABKIK,O=C1c2cccc3-c4ccccn4->[Ru+2]45(<-n6ccccc6-c6cccc(Cc7cc(C(F)(F)F)n[n-]->47)n->56)(<-n23)<-[n-]2nc(C(F)(F)F)cc21,C30 H18 F6 N8 O1 Ru1,0.0,O=C1c2cccc3-c4ccccn4->[Ru+2]45(<-n6ccccc6-c6cccc(Cc7cc(C(F)(F)F)n[n-]->47)n->56)(<-n23)<-[n-]2nc(C(F)(F)F)cc21,[O-]C1=C2C=CC=C3c4ccccn4->[Ru+4]45(<-n6ccccc6-c6cccc(Cc7cc(C(F)(F)F)n[n-]->47)n->56)(<-[N-]32)<-[n-]2nc(C(F)(F)F)cc21,[O-]C1=C2C=CC=C3c4ccccn4->[Ru+4]45(<-n6ccccc6-c6cccc(Cc7cc(C(F)(F)F)n[n-]->47)n->56)(<-[N-]32)<-[n-]2nc(C(F)(F)F)cc21
LACGAA,Cc1cc(=O)n2C(N)=N->[Zn+2]3(<-O)(<-N=C(N)n4c(=O)cc(C)[n-]->34)<-[n-]12,C10 H16 N8 O3 Zn1,0.0,Cc1cc(=O)n2C(N)=N->[Zn+2]3(<-O)(<-N=C(N)n4c(=O)cc(C)[n-]->34)<-[n-]12,Cc1cc(=O)n2C(N)=N->[Zn+2]3(<-O)(<-N=C(N)n4c(=O)cc(C)[n-]->34)<-[n-]12,Cc1cc(=O)n2[n-]1->[Zn+2]1(<-N=C2N)<-N=C(N)n2c(=O)cc(C)[n-]->12.O
LADGAB,Cc1cccc(CN2c3ccccc3N(C(C)C)[C]2->[Ag+]<-[C]2N(Cc3cccc(C)c3)c3ccccc3N2C(C)C)c1,C36 H40 Ag1 N4 1+,1.0,Cc1cccc(CN2c3ccccc3N(C(C)C)[C]2->[Ag+]<-[C]2N(Cc3cccc(C)c3)c3ccccc3N2C(C)C)c1,Cc1cccc(CN2c3ccccc3N(C(C)C)[C]2->[Ag+]<-[C]2N(Cc3cccc(C)c3)c3ccccc3N2C(C)C)c1,Cc1cccc(CN2c3ccccc3N(C(C)C)[C]2->[Ag+]2<-[C]3N(Cc4cc(C)ccc->24)c2ccccc2N3C(C)C)c1
LADVAQ,,C32 H20 Ir1 N3 O4,0.0,O=C1[O-]->[Ir+3]23(<-[c-]4ccccc4-c4oc5ccccc5n->24)(<-[c-]2ccccc2-c2oc4ccccc4n->32)<-n2ccccc21,O=C1[O-]->[Ir+3]23(<-[c-]4ccccc4-c4oc5ccccc5n->24)(<-[c-]2ccccc2-c2oc4ccccc4n->32)<-n2ccccc21,O=C1[O-]->[Ir+3]23(<-[c-]4ccccc4-c4oc5ccccc5n->24)(<-[c-]2ccccc2-c2oc4ccccc4n->32)<-n2ccccc21
LAFYOI,,C26 H50 Cl1 Ir1 N1 O1 P1 Si2,0.0,Cc1ccc2N(C)(C)->[IrH+2]3(<-[Cl-])(<-[Si-](C)(C)[O+](C)[Si-]->3(C)C)<-P(c2c1)(C1CCCCC1)C1CCCCC1,Cc1ccc2N(C)(C)->[IrH+2]3(<-[Cl-])(<-[Si-](C)(C)[O+](C)[Si-]->3(C)C)<-P(c2c1)(C1CCCCC1)C1CCCCC1,CO[Si-](C)(C)->[IrH+4]1(<-[Cl-])(<-[Si-2](C)C)<-N(C)(C)c2ccc(C)cc2P->1(C1CCCCC1)C1CCCCC1
LAHCUU,COC(=O)C1=C(C(=O)OC)P(c2ccccc2)(c2ccccc2)=N(->[Au+]<-[Cl-])C1(c1ccccc1)c1ccccc1,C31 H26 Au1 Cl1 N1 O4 P1,0.0,COC(=O)C1=C(C(=O)OC)P(c2ccccc2)(c2ccccc2)=N(->[Au+]<-[Cl-])C1(c1ccccc1)c1ccccc1,COC(=O)C1=C(C(=O)OC)P(c2ccccc2)(c2ccccc2)=N(->[Au+]<-[Cl-])C1(c1ccccc1)c1ccccc1,COC(=O)C1=C(C(=O)OC)P(c2ccccc2)(c2ccccc2)=N(->[Au+]<-[Cl-])C1(c1ccccc1)c1ccccc1
LAJBUV,O=[N+]([O-])[O-]->[Hg@OH14+2]1(<-[O-][N+](=O)[O-])<-S2CCOCCOCCS->1CCOCCOCC2,C12 H24 Hg1 N2 O10 S2,0.0,O=[N+]([O-])[O-]->[Hg+2]12345(<-[O-][N+](=O)[O-])<-O6CCO->1CCS->2CCO->3CCO->4CCS->5CC6,C1COCCS2->[Hg+2]<-S(CCO1)CCOCCOCC2.O=[N+]([O-])[O-].O=[N+]([O-])[O-],O=[N+]([O-])[O-]->[Hg+2]1(<-[O-][N+](=O)[O-])<-S2CCOCCOCCS->1CCOCCOCC2
LAJTEW,S=C=Nc1cccc[c-]1->[Pd+2](<-[I-])(<-P(c1ccccc1)(c1ccccc1)c1ccccc1)<-P(c1ccccc1)(c1ccccc1)c1ccccc1,C43 H34 I1 N1 P2 Pd1 S1,0.0,S=C=Nc1cccc[c-]1->[Pd+2](<-[I-])(<-P(c1ccccc1)(c1ccccc1)c1ccccc1)<-P(c1ccccc1)(c1ccccc1)c1ccccc1,S=C=Nc1cccc[c-]1->[Pd+2](<-[I-])(<-P(c1ccccc1)(c1ccccc1)c1ccccc1)<-P(c1ccccc1)(c1ccccc1)c1ccccc1,S=C1=Nc2cccc[c-]2->[Pd+2]<-1(<-[I-])(<-P(c1ccccc1)(c1ccccc1)c1ccccc1)<-P(c1ccccc1)(c1ccccc1)c1ccccc1
LALGIO,,C6 H20 Cl1 N4 Ni1 O1 1+,1.0,O->[Ni+2]123(<-[Cl-])<-NCCN->1(CCN->2)CCN->3,O->[Ni+2]123(<-[Cl-])<-NCCN->1(CCN->2)CCN->3,O.[Cl-]->[Ni+2]123<-NCCN->1(CCN->2)CCN->3
LALTOI,CO->[Mo+6]12(<-[O-2])(<-[O-2])<-[O-]c3ccccc3/C=N->1/N=C(/Nc1ccccc1)[S-]->2,C15 H15 Mo1 N3 O4 S1,0.0,CO->[Mo+6]12(<-[O-2])(<-[O-2])<-[O-]c3ccccc3C=N->1N=C(Nc1ccccc1)[S-]->2,CO->[Mo+6]12(<-[O-2])(<-[O-2])<-[O-]c3ccccc3C=N->1N=C(Nc1ccccc1)[S-]->2,CO.[O-2]->[Mo+6]12(<-[O-2])<-[O-]c3ccccc3C=N->1N=C(Nc1ccccc1)[S-]->2
LAMGAI,CC(C)=O->[Ni+2]12(<-[Br-])(<-[Br-])<-N(c3ccccc3I)=C->1(C)/C(C)=N->2/c1ccccc1I,C19 H20 Br2 I2 N2 Ni1 O1,0.0,CC(C)=O->[Ni+2]1(<-[Br-])(<-[Br-])<-N(=C(C)C(C)=N->1c1ccccc1I)c1ccccc1I,CC(C)=O->[Ni+2]1(<-[Br-])(<-[Br-])<-N(=C(C)C(C)=N->1c1ccccc1I)c1ccccc1I,CC(C)=O->[Ni+2]1(<-[Br-])(<-[Br-])<-N(=C(C)C(C)=N->1c1ccccc1I)c1ccccc1I
LAMXII,CC1=CC=C/C2=C3/N4=N/C(SCc5ccccc5)=S->[Ni+2]<-3<-45(<-[S-]/C(=N\N->5=C\c3cccc(C)n3)SCc3ccccc3)<-[N-]12,C30 H28 N6 Ni1 S4,0.0,Cc1cccc2C=N3N=C(SCc4ccccc4)[S-]->[Ni+2]<-345(<-[S-]C(=NN->4=Cc3cccc(C)n->53)SCc3ccccc3)<-n12,CC1=CC=CC2=CN3=NC(SCc4ccccc4)=S->[Ni+2]<-345(<-S=C(N=N->4C=C3C=CC=C(C)[N-]->53)SCc3ccccc3)<-[N-]12,CC1=CC=CC2=CN3=NC(SCc4ccccc4)=S->[Ni+2]<-345(<-S=C(N=N->4C=C3C=CC=C(C)[N-]->53)SCc3ccccc3)<-[N-]12
LANNEU,C1CN->[Co+3]23456(<-N1)(<-NCCN->2)(<-O=N->3[O-]->4)<-O=N->5[O-]->6,C4 H16 Co1 N6 O4 1+,1.0,O=[N+](=O)->[Co-]12(<-NCCN->1)(<-NCCN->2)<-[N+](=O)=O,O=N([O-])->[Co+3]12(<-NCCN->1)(<-NCCN->2)<-N(=O)[O-],O=N([O-])->[Co+3]12(<-NCCN->1)(<-NCCN->2)<-N(=O)[O-]
LAPVED,C1CN->[Co+3]23456(<-N1)(<-NCCN->2)(<-O=N->3[O-]->4)<-O=N->5[O-]->6,C4 H16 Co1 N6 O4 1+,1.0,O=[N+](=O)->[Co-]12(<-NCCN->1)(<-NCCN->2)<-[N+](=O)=O,O=N([O-])->[Co+3]12(<-NCCN->1)(<-NCCN->2)<-N(=O)[O-],O=N([O-])->[Co+3]12(<-NCCN->1)(<-NCCN->2)<-N(=O)[O-]
LAQRIF,C1=CC2=S->[Ni@SP1+2]34<-S=C5C=CC=C/C5=C/[N-]->3OCCO[N-]->4/C=C\2C=C1,C16 H14 N2 Ni1 O2 S2,0.0,C1c2ccccc2[S-]->[Ni+2]23<-[S-]c4ccccc4C=N->2OCCON->3=1,C1=CC2=C[N-]3OCCO[N-]4C=C5C=CC=CC5=S->[Ni+2]<-3<-4<-S=C2C=C1,C1=CC2=C[N-]3OCCO[N-]4C=C5C=CC=CC5=S->[Ni+2]<-3<-4<-S=C2C=C1
LARRAZ,CN1c2ccccc2N(Cc2ccccn2)[C]1->[Ag+]<-[C]1N(C)c2ccccc2N1Cc1ccccn1,C28 H26 Ag1 N6 1+,1.0,CN1c2ccccc2N(Cc2ccccn2)[C]1->[Ag+]<-[C]1N(C)c2ccccc2N1Cc1ccccn1,CN1c2ccccc2N(Cc2ccccn2)[C]1->[Ag+]<-[C]1N(C)c2ccccc2N1Cc1ccccn1,CN1c2ccccc2N2Cc3ccccn3->[Ag+]3(<-[C]12)<-[C]1N(C)c2ccccc2N1Cc1ccccn->31
LASKIZ,CN(C)c1ccc(C(=C[C](N=C(c2ccccc2)c2ccccc2)->[W](<-[C-]#[O+])(<-[C-]#[O+])(<-[C-]#[O+])(<-[C-]#[O+])<-[C-]#[O+])c2ccc(N(C)C)cc2)cc1,C37 H31 N3 O5 W1,0.0,CN(C)c1ccc(C(=C[C](N=C(c2ccccc2)c2ccccc2)->[W](<-[C-]#[O+])(<-[C-]#[O+])(<-[C-]#[O+])(<-[C-]#[O+])<-[C-]#[O+])c2ccc(N(C)C)cc2)cc1,CN(C)c1ccc(C(=C[C](N=C(c2ccccc2)c2ccccc2)->[W](<-[C-]#[O+])(<-[C-]#[O+])(<-[C-]#[O+])(<-[C-]#[O+])<-[C-]#[O+])c2ccc(N(C)C)cc2)cc1,CN(C)c1ccc(C(=C[C](N=C(c2ccccc2)c2ccccc2)->[W](<-[C-]#[O+])(<-[C-]#[O+])(<-[C-]#[O+])(<-[C-]#[O+])<-[C-]#[O+])c2ccc(N(C)C)cc2)cc1
LASWEK,,C22 H27 Cl1 Ir1 N2 O2 1+,1.0,COc1cccc2-c3cccc(OC)n3->[Ir+3]3456(<-[Cl-])(<-n12)<-c1(C)c->3(C)c->4(C)[c-]->5(C)c->61C,COc1cccc2-c3cccc(OC)n3->[Ir+3]3456(<-[Cl-])(<-n12)<-c1(C)c->3(C)c->4(C)[c-]->5(C)c->61C,COc1cccc2-c3cccc(OC)n3->[Ir+3]3456(<-[Cl-])(<-n12)<-c1(C)c->3(C)c->4(C)[c-]->5(C)c->61C
LATKIB,C=CC(=O)[O-]->[Zn+2]12(<-O=C(C=C)[O-]->1)<-N13CCCC[C@@H]1[C@H]1C[C@@H](C3)[C@H]3CCCCN->23C1,C21 H32 N2 O4 Zn1,0.0,C=CC(=O)[O-]->[Zn+2]1(<-[O-]C(=O)C=C)<-N23CCCCC2C2CC(C3)C3CCCCN->13C2,C=CC(=O)[O-]->[Zn+2]1(<-[O-]C(=O)C=C)<-N23CCCCC2C2CC(C3)C3CCCCN->13C2,C=CC12=O->[Zn+2]<-1345(<-O=C->3(C=C)[O-]->4)(<-[O-]2)<-N12CCCCC1C1CC(C2)C2CCCCN->52C1
LAVLAV,C/C1=C(\C)[N-](O)->[Co+3]2(<-N[C@@H](C)c3ccccc3)(<-[CH-](C)C#N)(<-N1=O)<-N(=O)/C(C)=C(/C)[N-]->2O,C19 H29 Co1 N6 O4,0.0,CC1C(C)=N(O)->[Co+]2(<-NC(C)c3ccccc3)(<-[CH-](C)C#N)(<-N=1[O])<-N([O])=C(C)C(C)=N->2O,CC1=C(C)[N-](O)->[Co+3]2(<-NC(C)c3ccccc3)(<-[CH-](C)C#N)(<-N1=O)<-N(=O)C(C)=C(C)[N-]->2O,CC1=C(C)[N-](O)->[Co+3]2(<-NC(C)c3ccccc3)(<-[CH-](C)C#N)(<-N1=O)<-N(=O)C(C)=C(C)[N-]->2O
LAWRAC,,C25 H37 La1 O2,0.0,fail,Cc12->[La+3]3456789%10%11%12(<-c%13c->3c->4[cH-]->5c->6c->7[cH-]->8c->9%13)(<-[cH-]1c->%10(C)c->%11(C)c->%122C)(<-O1CCCC1)<-O1CCCC1,Cc12->[La+3]3456(<-c7ccc[cH-][cH-]->3cc7)(<-[cH-]1c->4(C)c->5(C)c->62C)(<-O1CCCC1)<-O1CCCC1
LAXGOI,CCOC(=O)[C@@H]1C[S-]->[Fe+2]23(<-N1)<-n1c(-c4ccccc4)cc(C)n1[BH-](n1c(C)cc(-c4ccccc4)n->21)n1c(C)cc(-c2ccccc2)n->31,C35 H38 B1 Fe1 N7 O2 S1,0.0,CCOC(=O)C1C[S-]->[Fe+2]23(<-N1)<-[n-]1c(-c4ccccc4)cc(C)[n+]1[BH-]([n+]1c(C)cc(-c4ccccc4)[n-]->21)[n+]1c(C)cc(-c2ccccc2)[n-]->31,CCOC(=O)C1C[S-]->[Fe+2]23(<-N1)<-n1c(-c4ccccc4)cc(C)n1[BH-](n1c(C)cc(-c4ccccc4)n->21)n1c(C)cc(-c2ccccc2)n->31,CCOC(=O)C1C[S-]->[Fe+2]23(<-N1)<-n1c(-c4ccccc4)cc(C)n1[BH-](n1c(C)cc(-c4ccccc4)n->21)n1c(C)cc(-c2ccccc2)n->31
LAXSOV,C1=C[N-]2->[Co+3]345(<-S=C(/N=N->3/C=C\2S1)Nc1ccccc1)<-S=C(/N=N->4/C=C1/SC=C[N-]->51)Nc1ccccc1,C22 H18 Co1 N8 S4 1+,1.0,C1c2sccn2->[Co+3]234(<-[S-]C(=NN->2=1)Nc1ccccc1)<-[S-]C(=NN->3=Cc1sccn->41)Nc1ccccc1,C1=C[N-]2->[Co+3]345(<-S=C(N=N->3C=C2S1)Nc1ccccc1)<-S=C(N=N->4C=C1SC=C[N-]->51)Nc1ccccc1,C1=C[N-]2->[Co+3]345(<-S=C(N=N->3C=C2S1)Nc1ccccc1)<-S=C(N=N->4C=C1SC=C[N-]->51)Nc1ccccc1
LAYXOA,COc1ccccc1/N1=N/[N-](c2ccc(Cl)cc2)->[Hg+2]<-12<-N(=N\[N-]->2c1ccc(Cl)cc1)/c1ccccc1OC,C26 H22 Cl2 Hg1 N6 O2,0.0,CO1c2ccccc2[N-]2N=N(c3ccc(Cl)cc3)->[Hg+2]<-2<-134<-N(=N[N-]->3c1ccccc1O->4C)c1ccc(Cl)cc1,COc1ccccc1[N-](N=Nc1ccc(Cl)cc1)->[Hg+2]<-[N-](N=Nc1ccc(Cl)cc1)c1ccccc1OC,COc1ccccc1N=N[N-]c1ccc(Cl)cc1.COc1ccccc1N=N[N-]c1ccc(Cl)cc1.[Hg+2]
LAZHEB,CC[O-]->[Re+5]12(<-[O-2])(<-N=C3C=CC=C/C3=C/[N-]->1c1c(C)n(C)n(-c3ccccc3)c1=O->2)<-P(c1ccccc1)(c1ccccc1)c1ccccc1,C38 H37 N4 O3 P1 Re1 1+,1.0,CC[O-]->[Re+5]12(<-[O-2])(<-[NH-]c3ccccc3C=N->1c1c(C)n(C)n(-c3ccccc3)c1=O->2)<-P(c1ccccc1)(c1ccccc1)c1ccccc1,CC[O-]->[Re+5]12(<-[O-2])(<-N=C3C=CC=CC3=C[N-]->1c1c(C)n(C)n(-c3ccccc3)c1=O->2)<-P(c1ccccc1)(c1ccccc1)c1ccccc1,CC[O-]->[Re+5]12(<-[O-2])(<-N=C3C=CC=CC3=C[N-]->1c1c(C)n(C)n(-c3ccccc3)c1=O->2)<-P(c1ccccc1)(c1ccccc1)c1ccccc1
LEBXAT,CC(C)P1(Oc2cccc3OP(C(C)C)(C(C)C)->[Ni@TB14+2]<-1(<-[O-]S(=O)(=O)C(F)(F)F)<-[c-]23)C(C)C,C19 H31 F3 Ni1 O5 P2 S1,0.0,CC(C)P1(Oc2cccc3OP(C(C)C)(C(C)C)->[Ni+2]<-1(<-[O-]S(=O)(=O)C(F)(F)F)<-[c-]23)C(C)C,CC(C)P1(Oc2cccc3OP(C(C)C)(C(C)C)->[Ni+2]<-1(<-[O-]S(=O)(=O)C(F)(F)F)<-[c-]23)C(C)C,CC(C)P1(Oc2cccc3OP(C(C)C)(C(C)C)->[Ni+2]<-145(<-O=S->4(=O)([O-]->5)C(F)(F)F)<-[c-]23)C(C)C
LECBUT,CC(C)N1CCN(C(C)C)C2=S->[Ni@TB10+2]3(<-S=C21)<-[S-]/C(=C(\[S-]->3)c1ccccc1)c1ccccc1,C24 H28 N2 Ni1 S4,0.0,CC(C)N1CCN(C(C)C)C2=S->[Ni+2]3(<-S=C21)<-[S-]C(=C([S-]->3)c1ccccc1)c1ccccc1,CC(C)N1CCN(C(C)C)C2=S->[Ni]3(<-S=C(C(=S->3)c3ccccc3)c3ccccc3)<-S=C21,CC(C)N1CCN(C(C)C)C2=S->[Ni]3(<-S=C(C(=S->3)c3ccccc3)c3ccccc3)<-S=C21
LECVUL,,C36 H32 N10 Ni1 O6,0.0,O=[N+]([O-])[O-]->[Ni+2](<-[O-][N+](=O)[O-])(<-n1ccc(-c2ccccc2)[nH]1)(<-n1ccc(-c2ccccc2)[nH]1)(<-n1ccc(-c2ccccc2)[nH]1)<-n1ccc(-c2ccccc2)[nH]1,O=[N+]([O-])[O-]->[Ni+2](<-[O-][N+](=O)[O-])(<-n1ccc(-c2ccccc2)[nH]1)(<-n1ccc(-c2ccccc2)[nH]1)(<-n1ccc(-c2ccccc2)[nH]1)<-n1ccc(-c2ccccc2)[nH]1,O=[N+]([O-])[O-].O=[N+]([O-])[O-].c1ccc(-c2ccn(->[Ni+2](<-n3ccc(-c4ccccc4)[nH]3)(<-n3ccc(-c4ccccc4)[nH]3)<-n3ccc(-c4ccccc4)[nH]3)[nH]2)cc1
LEDTAQ,CCN(CC)C1(c2c(F)c(F)c(F)c(F)c2F)=C2[CH-](c3ccccc3)->[Pd+2]<-2<-1(<-[Br-])<-P(c1ccccc1)(c1ccccc1)c1ccccc1,C37 H32 Br1 F5 N1 P1 Pd1,0.0,CC[N+](CC)=C(c1c(F)c(F)c(F)c(F)c1F)C1=C(c2ccccc2)->[Pd]<-1(<-[Br-])<-P(c1ccccc1)(c1ccccc1)c1ccccc1,CCN(CC)C(c1c(F)c(F)c(F)c(F)c1F)=C1[CH-](c2ccccc2)->[Pd+2]<-1(<-[Br-])<-P(c1ccccc1)(c1ccccc1)c1ccccc1,CCN(CC)C1(c2c(F)c(F)c(F)c(F)c2F)=C2[CH-](c3ccccc3)->[Pd+2]<-2<-1(<-[Br-])<-P(c1ccccc1)(c1ccccc1)c1ccccc1
LEFNAM,Cc1c(C)[n+](C(C)C)[c-]2->[Ir+3]3456(<-[Cl-])(<-[CH2-][C@H](C)n12)<-c1(C)c->3(C)c->4(C)[c-]->5(C)c->61C,C21 H34 Cl1 Ir1 N2,0.0,CC1=C(C)N2C(C)[CH2-]->[Ir+3]3456(<-[Cl-])(<-[C]2N1C(C)C)<-c1(C)c->3(C)c->4(C)[c-]->5(C)c->61C,Cc1c(C)[n+]2C(C)[CH2-]->[Ir+3]3456(<-[Cl-])(<-[c-]2n1C(C)C)<-c1(C)c->3(C)c->4(C)[c-]->5(C)c->61C,Cc1c(C)[n+]2C(C)[CH2-]->[Ir+3]3456(<-[Cl-])(<-[c-]2n1C(C)C)<-c1(C)c->3(C)c->4(C)[c-]->5(C)c->61C
LEHBIL,,C20 H16 Cl1 N6 Ni1 O1 S2 1+,1.0,O->[Ni+2]12(<-[Cl-])(<-n3cscc3-c3[nH]c4ccccc4n->13)<-n1cscc1-c1[nH]c3ccccc3n->21,O->[Ni+2]12(<-[Cl-])(<-n3cscc3-c3[nH]c4ccccc4n->13)<-n1cscc1-c1[nH]c3ccccc3n->21,O->[Ni+2]1(<-[Cl-])(<-n2cscc2-c2[nH]c3ccccc3n->12)<-n1c(-c2cscn2)[nH]c2ccccc21
LEHVUP,CC(C)(C)N=C=C12/C(C[Si](C)(C)[CH2-]->[Zr+4]<-13456789%10(<-c1c->3c->4[cH-]->5c->61)(<-c1c->7c->8[cH-]->9c->%101)<-[N-]2C(C)(C)C)=N/C(C)(C)C,C29 H47 N3 Si1 Zr1,0.0,CC(C)(C)N=C=C1C(C[Si](C)(C)[CH2-]->[Zr+4]23456789(<-c%10c->2c->3[cH-]->4c->5%10)(<-c2c->6c->7[cH-]->8c->92)<-[N-]1C(C)(C)C)=NC(C)(C)C,CC(C)(C)N=C=C1C(C[Si](C)(C)[CH2-]->[Zr+4]23456789(<-c%10c->2c->3[cH-]->4c->5%10)(<-c2c->6c->7[cH-]->8c->92)<-[N-]1C(C)(C)C)=NC(C)(C)C,CC(C)(C)N=C=C1C(C[Si](C)(C)[CH2-]->[Zr+4]23456789(<-c%10c->2c->3[cH-]->4c->5%10)(<-c2c->6c->7[cH-]->8c->92)<-[N-]1C(C)(C)C)=NC(C)(C)C
LEJYAD,,C27 H28 I1 N2 O1 P1 Pt1,0.0,C=CCP(c1ccccc1)(c1ccccc1)->[Pt+4]1(<-[CH3-])(<-[CH3-])(<-[I-])<-[c-]2ccc[n+]([O-])c2-c2ccccn->12,C=CCP(c1ccccc1)(c1ccccc1)->[Pt+4]1(<-[CH3-])(<-[CH3-])(<-[I-])<-C2=CC=CN([O-])C=2c2ccccn->12,C=CCP(c1ccccc1)(c1ccccc1)->[Pt+4]1(<-[CH3-])(<-[CH3-])(<-[I-])<-C2=CC=CN([O-])C=2c2ccccn->12
LEKRAV,O=[C-](c1ccccc1)->[Pt+2]123(<-[I-])<-C4=C->1/CC/C->2=C->3\CC\4,C15 H17 I1 O1 Pt1,0.0,O=[C-](c1ccccc1)->[Pt+2]123(<-[I-])<-C4=C->1CCC->2=C->3CC4,O=[C-](c1ccccc1)->[Pt+2]123(<-[I-])<-C4=C->1CCC->2=C->3CC4,O=[C-](c1ccccc1)->[Pt+2]123(<-[I-])<-C4=C->1CCC->2=C->3CC4
LEKYEH,,C24 H48 Ni1 P2 S1,0.0,fail,CC(C)P(C(C)C)(C(C)C)->[NiH+](<-[S-]c1ccccc1)<-P(C(C)C)(C(C)C)C(C)C,CC(C)P(C(C)C)(C(C)C)->[NiH+](<-[S-]c1ccccc1)<-P(C(C)C)(C(C)C)C(C)C
LEMQOK,CN1C=CN2Cc3ccccn3->[Pd+2](<-[Cl-])(<-[Cl-])<-[C]12,C10 H11 Cl2 N3 Pd1,0.0,CN1C=CN2Cc3ccccn3->[Pd+2](<-[Cl-])(<-[Cl-])<-[C]12,CN1C=CN2Cc3ccccn3->[Pd+2](<-[Cl-])(<-[Cl-])<-[C]12,CN1C=CN2Cc3ccccn3->[Pd+2](<-[Cl-])(<-[Cl-])<-[C]12
LEMVUV,C=CCN1c2ccccc2S#C1->[W](<-[C-]#[O+])(<-[C-]#[O+])(<-[C-]#[O+])(<-[C-]#[O+])<-[C-]#[O+],C15 H9 N1 O5 S1 W1,0.0,fail,C=CCN1c2ccccc2S#C1->[W](<-[C-]#[O+])(<-[C-]#[O+])(<-[C-]#[O+])(<-[C-]#[O+])<-[C-]#[O+],C=CCN1c2ccccc2S#C1->[W](<-[C-]#[O+])(<-[C-]#[O+])(<-[C-]#[O+])(<-[C-]#[O+])<-[C-]#[O+]
LENTAZ,CCOC(=O)/C1=C2/C34->[Fe]<-1<-2(<-[C-]#[O+])(<-[C-]#[O+])(<-[C-]#[O+])<-C=3[C@@H](OCc1ccccc1)OC4,C19 H18 Fe1 O7,0.0,CCOC(=O)C1=C2C34->[Fe]<-1<-2(<-[C-]#[O+])(<-[C-]#[O+])(<-[C-]#[O+])<-C=3C(OCc1ccccc1)OC4,CCOC(=O)C1=C2C34->[Fe]<-1<-2(<-[C-]#[O+])(<-[C-]#[O+])(<-[C-]#[O+])<-C=3C(OCc1ccccc1)OC4,CCOC(=O)[CH-]1C2=C34->[Fe+2]<-2<-1(<-[C-]#[O+])(<-[C-]#[O+])(<-[C-]#[O+])<-[CH-]3C(OCc1ccccc1)OC4
LEPGAQ,CC(C)c12->[Os+2]34567(<-[Cl-])(<-c(c->31)c->4(C)c->5c->62)<-n1c(-c2sc3ccccc3n->72)c(=O)[nH]c2ccccc21,C25 H23 Cl1 N3 O1 Os1 S1 1+,1.0,fail,CC(C)c12->[Os+2]34567(<-[Cl-])(<-c(c->31)c->4(C)c->5c->62)<-n1c(-c2sc3ccccc3n->72)c(=O)[nH]c2ccccc21,Cc1ccc2(C(C)C)->[Os+2]34(<-[Cl-])(<-c1c->32)<-n1c(-c2sc3ccccc3n->42)c(=O)[nH]c2ccccc21
LEQQAZ,Cc12->[Ti+4]3456789%10(<-[CH2-][Si](C)(C)C)(<-[CH2-][Si](C)(C)C)<-c1(C)c->3(C)[c-]->4([Si](C)(C)[c-]->51c->6(C)c->7(C)c->8(C)c->91C)c->%102C,C28 H52 Si3 Ti1,0.0,Cc12->[Ti+4]3456789%10(<-[CH2-][Si](C)(C)C)(<-[CH2-][Si](C)(C)C)<-c%11(C)c->3([Si](C)(C)c->41c->5(C)[c-]->6(C)c->72C)c->8(C)[c-]->9(C)c->%10%11C,Cc12->[Ti+4]3456789%10(<-[CH2-][Si](C)(C)C)(<-[CH2-][Si](C)(C)C)<-c1(C)c->3(C)[c-]->4([Si](C)(C)[c-]->51c->6(C)c->7(C)c->8(C)c->91C)c->%102C,Cc1c(C)[c-]2[Si](C)(C)[c-]34->[Ti+4]567(<-[CH2-][Si](C)(C)C)(<-[CH2-][Si](C)(C)C)(<-c2(C)c1C)<-c(C)(c->5(C)c->63C)c->74C
LERCUG,Fc1c(F)c(F)c([O-]->[W+6](<-[Cl-])(<-[Cl-])(<-[N-2]N(c2ccccc2)c2ccccc2)(<-[O-]c2c(F)c(F)c(F)c(F)c2F)<-O2CCCC2)c(F)c1F,C28 H18 Cl2 F10 N2 O3 W1,0.0,Fc1c(F)c(F)c([O-]->[W+4](<-[Cl-])(<-[Cl-])(<-[N-]=[N+](c2ccccc2)c2ccccc2)(<-[O-]c2c(F)c(F)c(F)c(F)c2F)<-O2CCCC2)c(F)c1F,Fc1c(F)c(F)c([O-]->[W+6](<-[Cl-])(<-[Cl-])(<-[N-2]N(c2ccccc2)c2ccccc2)(<-[O-]c2c(F)c(F)c(F)c(F)c2F)<-O2CCCC2)c(F)c1F,Fc1c(F)c(F)c([O-]->[W+6](<-[Cl-])(<-[Cl-])(<-[N-2]N(c2ccccc2)c2ccccc2)(<-[O-]c2c(F)c(F)c(F)c(F)c2F)<-O2CCCC2)c(F)c1F
LERXEO,Cc1ccnc(/N2=C/c3cc(C)ccc3[O-]->[Zn@@+2]<-2(<-[Cl-])<-n2ccc(C)cc2N)c1,C20 H21 Cl1 N4 O1 Zn1,0.0,Cc1ccnc(N2=Cc3cc(C)ccc3[O-]->[Zn+2]<-2(<-[Cl-])<-n2ccc(C)cc2N)c1,Cc1ccnc(N2=Cc3cc(C)ccc3[O-]->[Zn+2]<-2(<-[Cl-])<-n2ccc(C)cc2N)c1,Cc1ccc2[O-]->[Zn+2]3(<-[Cl-])(<-N(=Cc2c1)c1cc(C)ccn->31)<-n1ccc(C)cc1N
LESQIM,O=C=[P-]->[Ag+]<-[C]1N(C(c2ccccc2)(c2ccccc2)c2ccccc2)C=CN1C(c1ccccc1)(c1ccccc1)c1ccccc1,C42 H32 Ag1 N2 O1 P1,0.0,[O-]C1#P->[Ag+]<-1<-[C]1N(C(c2ccccc2)(c2ccccc2)c2ccccc2)C=CN1C(c1ccccc1)(c1ccccc1)c1ccccc1,O=C=[P-]->[Ag+]<-[C]1N(C(c2ccccc2)(c2ccccc2)c2ccccc2)C=CN1C(c1ccccc1)(c1ccccc1)c1ccccc1,O=C1=[P-]->[Ag+]<-1<-[C]1N(C(c2ccccc2)(c2ccccc2)c2ccccc2)C=CN1C(c1ccccc1)(c1ccccc1)c1ccccc1
LETROS,Cn1ccn2[BH-]34[H]->[Tc+]<-3(<-[H]4)(<-[C-]#[O+])(<-[C-]#[O+])(<-[C-]#[O+])<-S=c12,C7 H8 B1 N2 O3 S1 Tc1,0.0,Cn1ccn2[BH-]3[H]->[Tc+](<-[H]3)(<-[C-]#[O+])(<-[C-]#[O+])(<-[C-]#[O+])<-S=c12,Cn1ccn2B->[TcH](<-[C-]#[O+])(<-[C-]#[O+])(<-[C-]#[O+])<-S=c12,Cn1ccn2B->[TcH](<-[C-]#[O+])(<-[C-]#[O+])(<-[C-]#[O+])<-S=c12
LEVPAE,CC1=O->[Zn+2]2(<-O=C(C)[O-]->2)(<-[O-]1)(<-n1ccc(CNc2ccc([N+](=O)[O-])cc2)cc1)<-n1ccc(CNc2ccc([N+](=O)[O-])cc2)cc1,C28 H28 N6 O8 Zn1,0.0,fail,CC(=O)[O-]->[Zn+2](<-[O-]C(C)=O)(<-n1ccc(CNc2ccc([N+](=O)[O-])cc2)cc1)<-n1ccc(CNc2ccc([N+](=O)[O-])cc2)cc1,CC12=O->[Zn+2]<-134(<-O=C->3(C)[O-]->4)(<-[O-]2)(<-n1ccc(CNc2ccc([N+](=O)[O-])cc2)cc1)<-n1ccc(CNc2ccc([N+](=O)[O-])cc2)cc1
LEWJON,O=C1C(=O)[N-]2->[Ni@SP1+2]34<-N(=C(/c5ccccc5)c5ccccc52)/CC[N-]->3/C(c2ccccc2)=c2/cccc/c2=N->4\1,C30 H22 N4 Ni1 O2,0.0,O=C1C(=O)[N-]2->[Ni+2]34<-N(=C(c5ccccc5)c5ccccc5[N-]->31)CCN->4=C(c1ccccc1)c1ccccc12,O=C1C(=O)[N-]2->[Ni+2]34<-N(=C(c5ccccc5)c5ccccc52)CC[N-]->3C(c2ccccc2)=c2ccccc2=N->41,O=C1C(=O)[N-]2->[Ni+2]34<-N(=C(c5ccccc5)c5ccccc52)CC[N-]->3C(c2ccccc2)=c2ccccc2=N->41
LEXBAU,,C20 H28 N6 Ni1 O6,0.0,CC1(c2ccccc2)NC(=O)[N-](->[Ni+2](<-N)(<-N)(<-O)(<-O)<-[N-]2C(=O)NC(C)(c3ccccc3)C2=O)C1=O,CC1(c2ccccc2)NC(=O)[N-](->[Ni+2](<-N)(<-N)(<-O)(<-O)<-[N-]2C(=O)NC(C)(c3ccccc3)C2=O)C1=O,CC1(c2ccccc2)NC(=O)[N-](->[Ni+2](<-N)(<-N)<-[N-]2C(=O)NC(C)(c3ccccc3)C2=O)C1=O.O.O
LEXJUU,Fc1ccc(-c2nn[nH][c-]2->[Au+]<-[P@TB5](c2ccccc2)(c2ccccc2)c2ccccc2)cc1,C26 H20 Au1 F1 N3 P1,0.0,Fc1ccc(-c2nn[nH][c]2->[Au]<-P(c2ccccc2)(c2ccccc2)c2ccccc2)cc1,Fc1ccc(-c2nn[nH][c-]2->[Au+]<-P(c2ccccc2)(c2ccccc2)c2ccccc2)cc1,Fc1ccc(-c2nn[nH][c-]2->[Au+]<-P(c2ccccc2)(c2ccccc2)c2ccccc2)cc1
LEXXOB,,C21 H29 Au1 N6 O1 P2 S2,0.0,CCOC1=S->[Au+](<-[S-]1)(<-P(CCC#N)(CCC#N)CCC#N)<-P(CCC#N)(CCC#N)CCC#N,CCOC(=S)[S-]->[Au+](<-P(CCC#N)(CCC#N)CCC#N)<-P(CCC#N)(CCC#N)CCC#N,CCOC1=S->[Au+](<-[S-]1)(<-P(CCC#N)(CCC#N)CCC#N)<-P(CCC#N)(CCC#N)CCC#N
LEYKIK,CCCC/C1=N/N2=C/c3ccccc3[O-]->[V+5]<-23(<-[O-2])(<-[O-]1)<-[O-]c1cccc2cccn->3c12,C21 H20 N3 O4 V1,0.0,CCCCC1=NN2=Cc3ccccc3[O-]->[V+5]<-23(<-[O-2])(<-[O-]1)<-[O-]c1cccc2cccn->3c12,CCCCC1=NN2=Cc3ccccc3[O-]->[V+5]<-23(<-[O-2])(<-[O-]1)<-[O-]c1cccc2cccn->3c12,CCCCC1=NN2=Cc3ccccc3[O-]->[V+5]<-23(<-[O-2])(<-[O-]1)<-[O-]c1cccc2cccn->3c12
LEYTEP,CC(=O)[O-]->[Ni@OH1+2]12<-[O-]c3c(CN->1(CCc1ccccn1)CCc1ccccn->21)cc(C(C)(C)C)cc3C(C)(C)C,C31 H41 N3 Ni1 O3,0.0,fail,CC1=O->[Ni+2]234(<-[O-]1)<-[O-]c1c(CN->2(CCc2ccccn->32)CCc2ccccn->42)cc(C(C)(C)C)cc1C(C)(C)C,CC(=O)[O-]->[Ni+2]123<-[O-]c4c(CN->1(CCc1ccccn->21)CCc1ccccn->31)cc(C(C)(C)C)cc4C(C)(C)C
LEZNIQ,,C14 H15 N7 Ni1 O3 S2,0.0,Cn1c(N)c2N3=Cc4ccccn4->[Ni+2]<-3(<-O)(<-[N-]=C=S)(<-[N-]=C=S)<-O=c2n(C)c1=O,Cn1c(N)c2N3=Cc4ccccn4->[Ni+2]<-3(<-O)(<-[N-]=C=S)(<-[N-]=C=S)<-O=c2n(C)c1=O,Cn1c(N)c(N2=Cc3ccccn3->[Ni+2]<-2(<-O)(<-[N-]=C=S)<-[N-]=C=S)c(=O)n(C)c1=O
LIBGUY,CC([O-]->[Re+5](<-[O-2])(<-[O-]C(C)(C(F)(F)F)C(F)(F)F)(<-[O-]C(C)(C(F)(F)F)C(F)(F)F)(<-O1CCCC1)<-O1CCCC1)(C(F)(F)F)C(F)(F)F,C20 H25 F18 O6 Re1,0.0,CC([O-]->[Re+5](<-[O-2])(<-[O-]C(C)(C(F)(F)F)C(F)(F)F)(<-[O-]C(C)(C(F)(F)F)C(F)(F)F)(<-O1CCCC1)<-O1CCCC1)(C(F)(F)F)C(F)(F)F,CC([O-]->[Re+5](<-[O-2])(<-[O-]C(C)(C(F)(F)F)C(F)(F)F)(<-[O-]C(C)(C(F)(F)F)C(F)(F)F)(<-O1CCCC1)<-O1CCCC1)(C(F)(F)F)C(F)(F)F,CC([O-]->[Re+5](<-[O-2])(<-[O-]C(C)(C(F)(F)F)C(F)(F)F)(<-[O-]C(C)(C(F)(F)F)C(F)(F)F)(<-O1CCCC1)<-O1CCCC1)(C(F)(F)F)C(F)(F)F
LIBROE,,C33 H32 Ir1 N1 P1 1+,1.0,C1c2cccc[c-]2->[IrH+2]2345(<-C6=C->2CCC->3=C->4CC6)<-N=1c1ccccc1P->5(c1ccccc1)c1ccccc1,C1c2cccc[c-]2->[IrH+2]2345(<-C6=C->2CCC->3=C->4CC6)<-N=1c1ccccc1P->5(c1ccccc1)c1ccccc1,C1c2cccc[c-]2->[IrH+2]2345(<-C6=C->2CCC->3=C->4CC6)<-N=1c1ccccc1P->5(c1ccccc1)c1ccccc1
LICCEF,CC[N+]1(CC)C[C@@]2(CCC(=O)[C@@H](C)[C@@H]2COC)[C](->[Cr](<-[C-]#[O+])(<-[C-]#[O+])(<-[C-]#[O+])(<-[C-]#[O+])<-[C-]#[O+])O[B-]1(F)F,C20 H26 B1 Cr1 F2 N1 O8,0.0,CC[N+]1(CC)CC2(CCC(=O)C(C)C2COC)[C-2](->[Cr+2](<-[C-]#[O+])(<-[C-]#[O+])(<-[C-]#[O+])(<-[C-]#[O+])<-[C-]#[O+])O[B-]1(F)F,CC[N+]1(CC)CC2(CCC(=O)C(C)C2COC)[C](->[Cr](<-[C-]#[O+])(<-[C-]#[O+])(<-[C-]#[O+])(<-[C-]#[O+])<-[C-]#[O+])O[B-]1(F)F,CC[N+]1(CC)CC2(CCC(=O)C(C)C2COC)[C](->[Cr](<-[C-]#[O+])(<-[C-]#[O+])(<-[C-]#[O+])(<-[C-]#[O+])<-[C-]#[O+])O[B-]1(F)F
LICRIB,C1\c2ccccc2P(c2ccccc2)(c2ccccc2)->[Ni+2]234(<-[O-]/N->2=1)<-[O-]/N->3=C\c1ccccc1P->4(c1ccccc1)c1ccccc1,C38 H30 N2 Ni1 O2 P2,0.0,[O-]N1=Cc2ccccc2P(c2ccccc2)(c2ccccc2)->[Ni+2]<-12<-N([O-])=Cc1ccccc1P->2(c1ccccc1)c1ccccc1,[O-]N1=Cc2ccccc2P(c2ccccc2)(c2ccccc2)->[Ni+2]<-12<-N([O-])=Cc1ccccc1P->2(c1ccccc1)c1ccccc1,[O-]N1=Cc2ccccc2P(c2ccccc2)(c2ccccc2)->[Ni+2]<-12<-N([O-])=Cc1ccccc1P->2(c1ccccc1)c1ccccc1
LIDROF,O=C1CN23CC(=O)[O-]->[Mo+6]<-24(<-[O-2])(<-[O-][O-]->4)(<-[O-]1)<-[O-]C(=O)C3,C6 H6 Mo1 N1 O9 1-,-1.0,O=C1CN23CC(=O)[O-]->[Mo+6]<-24(<-[O-2])(<-[O-][O-]->4)(<-[O-]1)<-[O-]C(=O)C3,O=C1CN23CC(=O)[O-]->[Mo+6]<-24(<-[O-2])(<-[O-][O-]->4)(<-[O-]1)<-[O-]C(=O)C3,O=C1CN23CC(=O)[O-]->[Mo+6]<-24(<-[O-2])(<-[O-][O-]->4)(<-[O-]1)<-[O-]C(=O)C3
LIFTID,CC(C)c1cccc(C(C)C)c1[N-2]->[V+5]1234(<-[CH-]=C5C=C[CH-]C=C5)(<-c5c->1c->2[cH-]->3c->45)<-P(C)(C)C,C27 H37 N1 P1 V1,0.0,CC(C)c1cccc(C(C)C)c1[N-2]->[V+5]1234(<-[CH-2]c5ccccc5)(<-c5c->1c->2[cH-]->3c->45)<-P(C)(C)C,CC(C)c1cccc(C(C)C)c1[N-2]->[V+3]1234(<-[CH]c5ccccc5)(<-c5c->1c->2[cH-]->3c->45)<-P(C)(C)C,CC(C)c1cccc(C(C)C)c1[N-2]->[V+3]1234(<-[CH]c5ccccc5)(<-c5c->1c->2[cH-]->3c->45)<-P(C)(C)C
LIGGAK,,C42 H38 O1 P2 Pt1 S1,0.0,CC1(C)C(=O)C(C)(C)[C-]12[S-]->[Pt+2]<-21<-P(c2ccccc2)(c2ccccc2)c2cccc3cccc(P->1(c1ccccc1)c1ccccc1)c23,CC1(C)C(=O)C(C)(C)C12=S->[Pt]<-21<-P(c2ccccc2)(c2ccccc2)c2cccc3cccc(P->1(c1ccccc1)c1ccccc1)c23,CC1(C)C(=O)C(C)(C)C12=S->[Pt]<-21<-P(c2ccccc2)(c2ccccc2)c2cccc3cccc(P->1(c1ccccc1)c1ccccc1)c23
LIGXOP,Cc1cc(C)n(->[Cd+2](<-[O-]C(=O)c2ccccc2O)(<-[O-]C(=O)c2ccccc2O)<-n2[nH]c(C)cc2C)[nH]1,C24 H26 Cd1 N4 O6,0.0,fail,Cc1cc(C)n(->[Cd+2]23(<-O=C([O-]->2)c2ccccc2O)(<-O=C([O-]->3)c2ccccc2O)<-n2[nH]c(C)cc2C)[nH]1,Cc1cc(C)n(->[Cd+2]2345(<-O=C->2([O-]->3)c2ccccc2O)(<-O=C->4([O-]->5)c2ccccc2O)<-n2[nH]c(C)cc2C)[nH]1
LIHKUI,Cc1cccc(C)c1N=C1=C(Cc2ccc(Cl)cc2)[N-](c2c(C)cccc2C)->[Mn+]<-1(<-[C-]#[O+])(<-[C-]#[O+])(<-[C-]#[O+])<-[C-]#[N+]c1c(C)cccc1C,C37 H33 Cl1 Mn1 N3 O3,0.0,Cc1cccc(C)c1N=[C-]1C(Cc2ccc(Cl)cc2)=N(c2c(C)cccc2C)->[Mn+]<-1(<-[C-]#[O+])(<-[C-]#[O+])(<-[C-]#[O+])<-[C-]#[N+]c1c(C)cccc1C,Cc1cccc(C)c1N=C1=C(Cc2ccc(Cl)cc2)[N-](c2c(C)cccc2C)->[Mn+]<-1(<-[C-]#[O+])(<-[C-]#[O+])(<-[C-]#[O+])<-[C-]#[N+]c1c(C)cccc1C,Cc1cccc(C)c1N=C1=C(Cc2ccc(Cl)cc2)[N-](c2c(C)cccc2C)->[Mn+]<-1(<-[C-]#[O+])(<-[C-]#[O+])(<-[C-]#[O+])<-[C-]#[N+]c1c(C)cccc1C
LIJCIR,COC(=O)[CH-]1CC(C)=O->[Pd@OH3+2]<-12<-N1=C(CP->2(C(C)C)C(C)C)OCC1,C16 H29 N1 O4 P1 Pd1 1+,1.0,COC(=O)[CH-]1CC(C)=O->[Pd+2]<-12<-N1=C(CP->2(C(C)C)C(C)C)OCC1,COC(=O)[CH-]1CC(C)=O->[Pd+2]<-12<-N1=C(CP->2(C(C)C)C(C)C)OCC1,COC1(=O)[CH-]2CC(C)=O->[Pd+2]<-2<-13<-N1=C(CP->3(C(C)C)C(C)C)OCC1
LIJWAC,N#[N+][N-2]->[Ni+2]12(<-[N-2][N+]#N)(<-n3ccccc3-c3ccccn->13)<-n1ccccc1-c1ccccn->21,C20 H16 N10 Ni1,0.0,[N-]=[N+]=[N-]->[Ni+2]12(<-[N-]=[N+]=[N-])(<-n3ccccc3-c3ccccn->13)<-n1ccccc1-c1ccccn->21,N#[N+][N-2]->[Ni+2]12(<-[N-2][N+]#N)(<-n3ccccc3-c3ccccn->13)<-n1ccccc1-c1ccccn->21,N#[N+][N-2]->[Ni+2]12(<-[N-2][N+]#N)(<-n3ccccc3-c3ccccn->13)<-n1ccccc1-c1ccccn->21
LILCAL,Cc1ccc(C)c23->[Rh+]45678(<-C=C->4)<-c(c->5[c-]->62C[C@@H](c2ccccc2)P->7(c2ccccc2)c2ccccc2)c->813,C33 H32 P1 Rh1,0.0,Cc1ccc(C)[c-]23->[Rh+]45678(<-C=C->4)<-c(c->52)c->6(CC(c2ccccc2)P->7(c2ccccc2)c2ccccc2)c->813,Cc1ccc(C)[c-]23->[Rh+]45678(<-C=C->4)<-c(c->52)c->6(CC(c2ccccc2)P->7(c2ccccc2)c2ccccc2)c->813,Cc1ccc(C)[c-]23->[Rh+]4567(<-C=C->4)<-c(c->52)c->6(CC(c2ccccc2)P->7(c2ccccc2)c2ccccc2)c13
LILTAC,C/C1=N(\C(C)C)->[Zr+2]2345678(<-C=C->2/C->3=C->4/C)(<-[N-]1C(C)C)<-c1(C)c->5(C)c->6(C)[c-]->7(C)c->81C,C23 H40 N2 Zr1,0.0,CC1=N(C(C)C)->[Zr+2]2345678(<-CC->2=C->3C->4C)(<-[N-]1C(C)C)<-c1(C)c->5(C)c->6(C)[c-]->7(C)c->81C,CC1=N(C(C)C)->[Zr+2]2345678(<-C=C->2C->3=C->4C)(<-[N-]1C(C)C)<-c1(C)c->5(C)c->6(C)[c-]->7(C)c->81C,CC1=N(C(C)C)->[Zr+2]2345678(<-C=C->2C->3=C->4C)(<-[N-]1C(C)C)<-c1(C)c->5(C)c->6(C)[c-]->7(C)c->81C
LIMREF,CC1(C)[C@@H]2CC[C@@]1(C)C1=C2/C2=C3\C=c4ccccc4=C[N-]3->[Pt@@+2]3(<-[O-]C(=O)c4ccccn->34)<-N2=N1,C26 H24 N4 O2 Pt1,0.0,CC12CCC(c3c1n[n-]1->[Pt+2]4(<-[O-]C(=O)c5ccccn->45)<-n4cc5ccccc5cc4-c31)C2(C)C,CC12CCC(C3=C1N=N1->[Pt+2]4(<-[O-]C(=O)c5ccccn->45)<-[N-]4C=c5ccccc5=CC4=C31)C2(C)C,CC12CCC(C3=C1N=N1->[Pt+2]4(<-[O-]C(=O)c5ccccn->45)<-[N-]4C=c5ccccc5=CC4=C31)C2(C)C
LINBUH,,C28 H30 N2 O3 S2 W1,0.0,CC1[S-]->[W+2](<-[C-]#[O+])(<-[C-]#[O+])(<-[C-]#[O+])(<-[S-]C=1C)<-[C]1N(c2c(C)cc(C)cc2C)C=CN1c1c(C)cc(C)cc1C,CC1=S->[W](<-[C-]#[O+])(<-[C-]#[O+])(<-[C-]#[O+])(<-S=C1C)<-[C]1N(c2c(C)cc(C)cc2C)C=CN1c1c(C)cc(C)cc1C,CC1=S->[W](<-[C-]#[O+])(<-[C-]#[O+])(<-[C-]#[O+])(<-S=C1C)<-[C]1N(c2c(C)cc(C)cc2C)C=CN1c1c(C)cc(C)cc1C
LIPCOE,CN1(C)Cc2cccc[c-]2->[Pd@OH6+2]<-12<-[O-]S(=O)(=O)C[C@@H](c1ccccc1)P->2(c1ccccc1)c1ccccc1,C29 H30 N1 O3 P1 Pd1 S1,0.0,CN1(C)Cc2cccc[c-]2->[Pd+2]<-12<-[O-]S(=O)(=O)CC(c1ccccc1)P->2(c1ccccc1)c1ccccc1,CN1(C)Cc2cccc[c-]2->[Pd+2]<-12<-[O-]S(=O)(=O)CC(c1ccccc1)P->2(c1ccccc1)c1ccccc1,CN1(C)Cc2cccc[c-]2->[Pd+2]<-123<-O=S(=O)(CC(c1ccccc1)P->2(c1ccccc1)c1ccccc1)[O-]->3
LIQVAI,C[O-]->[Ir+3]123(<-[OH-])<-n4c5nc6c7ccccc7c(nc7n->1c(nc1c8ccccc8c(nc4-c4ccccc4-5)[n-]->21)-c1ccccc1-7)[n-]->36,C33 H20 Ir1 N8 O2 1-,-1.0,C[O-]->[Ir+3]123(<-[OH-])<-n4c5nc6c7ccccc7c(nc7n->1c(nc1c8ccccc8c(nc4-c4ccccc4-5)[n-]->21)-c1ccccc1-7)[n-]->36,C[O-]->[Ir+7]123(<-[OH-])<-[n-]4c5nc6c7ccccc7c([n-]c7c8ccccc8c([n-]c8c9ccccc9c(nc4c4ccccc45)[n-]->18)[n-]->27)[n-]->36,C[O-]->[Ir+7]123(<-[OH-])<-[n-]4c5nc6c7ccccc7c([n-]c7c8ccccc8c([n-]c8c9ccccc9c(nc4c4ccccc45)[n-]->18)[n-]->27)[n-]->36
LISKEG,Cc1ccc(S(=O)(=O)C(=P(c2ccccc2)(c2ccccc2)c2ccccc2)P(->[Au+]<-[Cl-])(c2ccccc2)c2ccccc2)cc1,C38 H32 Au1 Cl1 O2 P2 S1,0.0,Cc1ccc(S(=O)(=O)[C-](P(->[Au+]<-[Cl-])(c2ccccc2)c2ccccc2)[P+](c2ccccc2)(c2ccccc2)c2ccccc2)cc1,Cc1ccc(S(=O)(=O)C(=P(c2ccccc2)(c2ccccc2)c2ccccc2)P(->[Au+]<-[Cl-])(c2ccccc2)c2ccccc2)cc1,Cc1ccc(S(=O)(=O)C(=P(c2ccccc2)(c2ccccc2)c2ccccc2)P(->[Au+]<-[Cl-])(c2ccccc2)c2ccccc2)cc1
LISRIO,COC1(c2ccccc2)=c23->[Mn+]<-14(<-[C-]#[O+])(<-[C-]#[O+])(<-[C-]#[O+])<-[N-]1C5=C(C=CC1=c->42cccc3)[C@@H]1C[C@H](C5)C1(C)C,C29 H26 Mn1 N1 O4,0.0,fail,COC1(c2ccccc2)=c23->[Mn+]<-14(<-[C-]#[O+])(<-[C-]#[O+])(<-[C-]#[O+])<-[N-]1C5=C(C=CC1=c->42cccc3)C1CC(C5)C1(C)C,COC1(c2ccccc2)=c23->[Mn+]<-14(<-[C-]#[O+])(<-[C-]#[O+])(<-[C-]#[O+])<-[N-]1C5=C(C=CC1=c->42cccc3)C1CC(C5)C1(C)C
LITJUW,,C22 H24 Cl2 Hg1 N2,0.0,CC(C)c1cccc(C(C)C)c1N1=Cc2ccc3ccccc3n2->[Hg+2]<-1(<-[Cl-])<-[Cl-],CC(C)c1cccc(C(C)C)c1N1=Cc2ccc3ccccc3n2->[Hg+2]<-1(<-[Cl-])<-[Cl-],CC(C)c1cccc(C(C)C)c1N=Cc1ccc2ccccc2n1.[Cl-]->[Hg+2]<-[Cl-]
LITXUJ,CN(C(=O)C[n+]1c2ccccn2c(-c2ccccc2)[c-]1->[Pd+2](<-[Cl-])(<-[Cl-])<-P(c1ccccc1)(c1ccccc1)c1ccccc1)c1ccccc1,C40 H34 Cl2 N3 O1 P1 Pd1,0.0,CN(C(=O)C[n+]1c2ccccn2c(-c2ccccc2)[c]1->[Pd+](<-[Cl-])(<-[Cl-])<-P(c1ccccc1)(c1ccccc1)c1ccccc1)c1ccccc1,CN(C(=O)C[n+]1c2ccccn2c(-c2ccccc2)[c-]1->[Pd+2](<-[Cl-])(<-[Cl-])<-P(c1ccccc1)(c1ccccc1)c1ccccc1)c1ccccc1,CN(C(=O)C[n+]1c2ccccn2c(-c2ccccc2)[c-]1->[Pd+2](<-[Cl-])(<-[Cl-])<-P(c1ccccc1)(c1ccccc1)c1ccccc1)c1ccccc1
LIVBOK,Cc1n(C)[c-](->[Pd+2](<-[I-])(<-[I-])<-n2ccccc2)c2cccc[n+]12,C14 H15 I2 N3 Pd1,0.0,Cc1n(C)[c](->[Pd+](<-[I-])(<-[I-])<-n2ccccc2)c2cccc[n+]12,Cc1n(C)[c-](->[Pd+2](<-[I-])(<-[I-])<-n2ccccc2)c2cccc[n+]12,Cc1n(C)[c-](->[Pd+2](<-[I-])(<-[I-])<-n2ccccc2)c2cccc[n+]12
LIVNAG,CS/C1=N/N(=C2/C(=O)Nc3ccccc32)->[Zn+2]2(<-[S-]1)<-[S-]/C(=N\N->2=C1\C(=O)Nc2ccccc21)SC,C20 H16 N6 O2 S4 Zn1,0.0,CSC1=NN(=C2C(=O)Nc3ccccc32)->[Zn+2]2(<-[S-]1)<-[S-]C(=NN->2=C1C(=O)Nc2ccccc21)SC,CSC1=NN(=C2C(=O)Nc3ccccc32)->[Zn+2]2(<-[S-]1)<-[S-]C(=NN->2=C1C(=O)Nc2ccccc21)SC,CSC1N=N2c3c([O-]->[Zn+2]<-245(<-[O-]c2[nH]c6ccccc6c2N->4=NC(SC)=S->5)<-S=1)[nH]c1ccccc31
LIWVAO,CO[C+]1[CH+][CH+][C+]([N-]2[CH-]3[CH+]4[N-]([C+]5[CH+][CH-][C-](OC)[CH-][CH-]5)->[Ta+5]<-4<-3<-25678(<-[Cl-])(<-[Cl-])<-c2(C)c->5(C)c->6(C)[c-]->7(C)c->82C)[CH-][CH-]1,C26 H31 Cl2 N2 O2 Ta1,0.0,COc1ccc(N2C3=C4N(c5ccc(OC)cc5)->[Ta+3]<-3<-4<-25678(<-[Cl-])(<-[Cl-])<-c2(C)c->5(C)c->6(C)[c-]->7(C)c->82C)cc1,COc1ccc(N2=CC=N(c3ccc(OC)cc3)->[Ta+3]<-23456(<-[Cl-])(<-[Cl-])<-c2(C)c->3(C)c->4(C)[c-]->5(C)c->62C)cc1,COc1ccc(N2=CC=N(c3ccc(OC)cc3)->[Ta+3]<-2(<-[Cl-])(<-[Cl-])<-[c-]2(C)c(C)c(C)c(C)c2C)cc1
LIXMAG,CC(C)(C)C1/C=C2/C=CC=C[N-]2->[Zr+4]2(<-[Cl-])(<-[Cl-])(<-N=1\[Si](C)(C)C)<-N(=C(\C=C1\C=CC=C[N-]->21)C(C)(C)C)/[Si](C)(C)C,C28 H46 Cl2 N4 Si2 Zr1,0.0,fail,CC(C)(C)C1C=C2C=CC=C[N-]2->[Zr+4]2(<-[Cl-])(<-[Cl-])(<-N=1[Si](C)(C)C)<-N(=C(C=C1C=CC=C[N-]->21)C(C)(C)C)[Si](C)(C)C,CC(C)(C)C1C=C2C=CC=C[N-]2->[Zr+4]2(<-[Cl-])(<-[Cl-])(<-N=1[Si](C)(C)C)<-N(=C(C=C1C=CC=C[N-]->21)C(C)(C)C)[Si](C)(C)C
LIXWIY,,C15 H26 Cl3 N1 W1,0.0,CCN([CH]->[W+4]1234(<-[Cl-])(<-[Cl-])(<-[Cl-])<-c5(C)c->1(C)c->2(C)[c-]->3(C)c->45C)CC,CCN([CH]->[W+4]1234(<-[Cl-])(<-[Cl-])(<-[Cl-])<-c5(C)c->1(C)c->2(C)[c-]->3(C)c->45C)CC,CCN([CH]->[W+4]1234(<-[Cl-])(<-[Cl-])(<-[Cl-])<-c5(C)c->1(C)c->2(C)[c-]->3(C)c->45C)CC
LIYYEX,CC1(C)[CH+][CH-]C2=C(C=CC34->[Cr+2]5678(<-[C-]#[O+])(<-[C-]#[O+])(<-[C-]#[O+])<-C(=C->5[C-]->623)[CH-]->7C->8=4)O1,C18 H14 Cr1 O4,0.0,CC1(C)C=Cc2c(ccc34->[Cr]5678(<-[C-]#[O+])(<-[C-]#[O+])(<-[C-]#[O+])<-c(c->5c->6c->723)c->84)O1,CC1(C)C=Cc2c(ccc34->[Cr]5678(<-[C-]#[O+])(<-[C-]#[O+])(<-[C-]#[O+])<-c(c->5c->6c->723)c->84)O1,CC1(C)C=Cc2c(ccc34->[Cr]5678(<-[C-]#[O+])(<-[C-]#[O+])(<-[C-]#[O+])<-c(c->5c->6c->723)c->84)O1
LIZLIP,Cc1cc(C)c([NH-]->[Cu+]<-[C]2C=CC=CC2=P(c2ccccc2)(c2ccccc2)c2ccccc2)c(C)c1,C33 H31 Cu1 N1 P1,0.0,Cc1cc(C)c([NH-]->[Cu+]<-[c-]2ccccc2[P+](c2ccccc2)(c2ccccc2)c2ccccc2)c(C)c1,Cc1cc(C)c([NH-]->[Cu+]<-[C]2C=CC=CC2=P(c2ccccc2)(c2ccccc2)c2ccccc2)c(C)c1,Cc1cc(C)c([NH-]->[Cu+]2<-[C]3C=CC=CC3=P->2(c2ccccc2)(c2ccccc2)c2ccccc2)c(C)c1
LOCHOD,,C17 H19 Cd1 N10 O5 1+,1.0,COc1nc2NN3=Cc4ccccn4->[Cd+2]<-3456(<-[O-][N+](=O)[O-]->4)(<-OC)<-N(=Cc3ccccn->53)Nc(n1)n->62,COc1nc2NN3=Cc4ccccn4->[Cd+2]<-345(<-[O-][N+](=O)[O-])(<-OC)<-N(=Cc3ccccn->43)Nc(n1)n->52,COc1nc(NN=Cc2ccccn2)n2->[Cd+2]345(<-[O-][N+]->3(=O)[O-]->4)(<-OC)<-N(=Cc3ccccn->53)Nc2n1
LODHER,S=P(c1ccccc1)(c1ccccc1)[N-](P(=S)(c1ccccc1)c1ccccc1)->[Y+3]12345678(<-c9c->1c->2[cH-]->3c->49)<-c1c->5c->6[cH-]->7c->81,C34 H30 N1 P2 S2 Y1,0.0,fail,c1ccc(P2(=S->[Y+3]3456789%10%11(<-[S-]P(c%12ccccc%12)(c%12ccccc%12)=N->32)(<-c2c->4c->5[cH-]->6c->72)<-c2c->8c->9[cH-]->%10c->%112)c2ccccc2)cc1,c1ccc(P2(=S->[Y+3]3456789%10%11(<-[S-]P(c%12ccccc%12)(c%12ccccc%12)=N->32)(<-c2c->4c->5[cH-]->6c->72)<-c2c->8c->9[cH-]->%10c->%112)c2ccccc2)cc1
LOFBUE,,C13 H21 Cd1 N3 O7,0.0,O=[N+]([O-])[O-]->[Cd+2]1234(<-O)<-NCCO->1CCO->2CCN->3=Cc1ccccc1[O-]->4,O=[N+]([O-])[O-]->[Cd+2]12(<-O)<-NCCOCCOCCN->1=Cc1ccccc1[O-]->2,O=[N+]1[O-]->[Cd+2]23(<-O)(<-NCCOCCOCCN->2=Cc2ccccc2[O-]->3)<-[O-]1
LOFPAY,[O+]#[C-]->[Re+]1(<-[C-]#[O+])(<-[C-]#[O+])(<-[C-]#[O+])<-[O-]/C=C2/C=CC=N->12,C9 H4 N1 O5 Re1,0.0,[O+]#[C-]->[Re+]1(<-[C-]#[O+])(<-[C-]#[O+])(<-[C-]#[O+])<-O=Cc2ccc[n-]->12,[O+]#[C-]->[Re+]1(<-[C-]#[O+])(<-[C-]#[O+])(<-[C-]#[O+])<-[O-]C=C2C=CC=N->12,[O+]#[C-]->[Re+]1(<-[C-]#[O+])(<-[C-]#[O+])(<-[C-]#[O+])<-[O-]C=C2C=CC=N->12
LOGLEA,COC(=O)c1c(C)c2-c3ccccn3->[Ru+2]345(<-n6ccccc6-c6c(C)c(C(=O)OC)c(-c7ccccn->37)[n-]->46)<-n3ccccc3-c1[n-]->52,C34 H28 N6 O4 Ru1,0.0,COC(=O)c1c(C)c2-c3ccccn3->[Ru+2]345(<-n6ccccc6-c6c(C)c(C(=O)OC)c(-c7ccccn->37)[n-]->46)<-n3ccccc3-c1[n-]->52,COC(=O)C1=C(C)C2c3ccccn3->[Ru+2]345(<-N=2C1=C1C=CC=C[N-]->31)<-N1=C(c2ccccn->42)C(C)=C(C(=O)OC)C1=C1C=CC=C[N-]->51,COC(=O)C1=C(C)C2c3ccccn3->[Ru+2]345(<-N=2C1=C1C=CC=C[N-]->31)<-N1=C(c2ccccn->42)C(C)=C(C(=O)OC)C1=C1C=CC=C[N-]->51
LOHMUS,CC(=O)[O-]->[Ni@TB20+2]123<-N(=C\c4ccccc4P->1(c1ccccc1)c1ccccc1)/[N-]->2c1ccc2ccccc2n->31,C30 H25 N3 Ni1 O2 P1,0.0,CC(=O)[O-]->[Ni+]12<-N(=Cc3ccccc3P->1(c1ccccc1)c1ccccc1)Nc1ccc3ccccc3n->21,CC(=O)[O-]->[Ni+2]12<-N(=Cc3ccccc3P->1(c1ccccc1)c1ccccc1)N=c1ccc3ccccc3[n-]->21,CC1=O->[Ni+2]23(<-[O-]1)<-N(=Cc1ccccc1P->2(c1ccccc1)c1ccccc1)N=c1ccc2ccccc2[n-]->31
LOKPEH,[O-2]->[V+5]123<-[O-][C@H](CO)CN->1(C[C@H]([O-]->2)c1ccccc1)C[C@H]([O-]->3)c1ccccc1,C19 H22 N1 O5 V1,0.0,[O-2]->[V+5]123<-[O-]C(CO)CN->1(CC([O-]->2)c1ccccc1)CC([O-]->3)c1ccccc1,[O-2]->[V+5]123<-[O-]C(CO)CN->1(CC([O-]->2)c1ccccc1)CC([O-]->3)c1ccccc1,[O-2]->[V+5]123<-[O-]C(CO)CN->1(CC([O-]->2)c1ccccc1)CC([O-]->3)c1ccccc1
LOLTIQ,,C21 H12 F6 N2 O1 Pt1,0.0,FC(F)(F)C1([O-]->[Pt+2]2(<-[c-]3cccc4ccc5cccn->2c5c43)<-n2ccccc21)C(F)(F)F,FC(F)(F)C1([O-]->[Pt+2]2(<-[c-]3cccc4ccc5cccn->2c5c43)<-n2ccccc21)C(F)(F)F,FC(F)(F)C1([O-]->[Pt+2]2(<-[c-]3cccc4ccc5cccn->2c5c43)<-n2ccccc21)C(F)(F)F
LOMWOB,[Cl-]->[Zr+4]123456789(<-[Cl-])<-c%10c->1(C(=C(c1ccccc1)c1ccccc1)c->21c->3c->42cccc[c-]->52c->61)c->7[c-]->81ccccc->9%101,C32 H22 Cl2 Zr1,0.0,[Cl-]->[Zr+4]123456789(<-[Cl-])<-c%10c->1(C(=C(c1ccccc1)c1ccccc1)c->21c->3c->42ccccc->52[cH-]->61)[cH-]->7c->81ccccc->9%101,[Cl-]->[Zr+4]123456789(<-[Cl-])<-c%10c->1(C(=C(c1ccccc1)c1ccccc1)c->21c->3c->42cccc[c-]->52c->61)c->7[c-]->81ccccc->9%101,[Cl-]->[Zr+4]123456789(<-[Cl-])<-c%10c->1(C(=C(c1ccccc1)c1ccccc1)c->21c->3c->42cccc[c-]->52c->61)c->7[c-]->81ccccc->9%101
LONXAN,CP(c1ccccc1)(c1ccccc1)=C(->[Au+]<-[c-]1c(F)c(F)c(F)c(F)c1F)[P+](C)(c1ccccc1)c1ccccc1,C33 H27 Au1 F5 P2 1+,1.0,fail,CP(c1ccccc1)(c1ccccc1)=C(->[Au+]<-[c-]1c(F)c(F)c(F)c(F)c1F)[P+](C)(c1ccccc1)c1ccccc1,CP(c1ccccc1)(c1ccccc1)=C(->[Au+]<-[c-]1c(F)c(F)c(F)c(F)c1F)[P+](C)(c1ccccc1)c1ccccc1
LOPPAK,Cc1ccc2N3C=CN(C)[C]3->[Ru+2]34567(<-[I-])(<-[c-]2c1)<-c1c->3c->4(C(C)C)c->5c->6c->71C,C21 H25 I1 N2 Ru1,0.0,Cc1ccc2N3C=CN(C)[C]3->[Ru+2]34567(<-[I-])(<-[c-]2c1)<-c1c->3c->4(C(C)C)c->5c->6c->71C,Cc1ccc2N3C=CN(C)[C]3->[Ru+2]34567(<-[I-])(<-[c-]2c1)<-c1c->3c->4(C(C)C)c->5c->6c->71C,Cc1ccc2N3C=CN(C)[C]3->[Ru+2]34567(<-[I-])(<-[c-]2c1)<-c1c->3c->4(C(C)C)c->5c->6c->71C
LOQBUP,Cc1ccc(C2/C=C3/Cc4ccccc4-c4ccccc4CC4=O->[Ti+4]5(<-O=2)(<-[O-]CC(C)(C)C(=O)[O-]->5)(<-[O-]3)<-[O-]N4C)cc1,C31 H31 N1 O7 Ti1,0.0,fail,Cc1ccc(C2C=C3Cc4ccccc4-c4ccccc4CC4=O->[Ti+4]5(<-O=2)(<-[O-]CC(C)(C)C(=O)[O-]->5)(<-[O-]3)<-[O-]N4C)cc1,Cc1ccc(C2C=C3Cc4ccccc4-c4ccccc4CC4=O->[Ti+4]5(<-O=2)(<-[O-]CC(C)(C)C(=O)[O-]->5)(<-[O-]3)<-[O-]N4C)cc1
LORHEG,,C29 H31 B1 Cl3 N6 W1 1+,1.0,Cc1cc(C)[n-]2->[W+4]34(<-[Cl-])(<-[Cl-])(<-C(c5ccccc5)#C->3c3ccccc3)<-[n-]3c(C)cc(C)[n+]3[BH-]([n+]12)[n+]1c(C)c(Cl)c(C)[n-]->41,Cc1cc(C)n2->[W+4]34(<-[Cl-])(<-[Cl-])(<-C(c5ccccc5)#C->3c3ccccc3)<-n3c(C)cc(C)n3[BH-](n12)n1c(C)c(Cl)c(C)n->41,Cc1cc(C)n2->[W+4]34(<-[Cl-])(<-[Cl-])(<-C(c5ccccc5)#C->3c3ccccc3)<-n3c(C)cc(C)n3[BH-](n12)n1c(C)c(Cl)c(C)n->41
LOTNEN,CN1(C)Cc2cccc3CN(C)(C)->[Pt+2]<-1(<-[Cl-])(<-[c-]23)<-S(=O)=O,C12 H19 Cl1 N2 O2 Pt1 S1,0.0,CN1(C)Cc2cccc3CN(C)(C)->[Pt+2]<-1(<-[Cl-])(<-[c-]23)<-S(=O)=O,CN1(C)Cc2cccc3CN(C)(C)->[Pt+2]<-1(<-[Cl-])(<-[c-]23)<-S(=O)=O,CN1(C)Cc2cccc3CN(C)(C)->[Pt+2]<-1(<-[Cl-])(<-[c-]23)<-S(=O)=O
LOYJUE,COC(=O)/C=C/c1ccc(/C=C/[C](OC)->[Ru+2]23456(<-[Cl-])(<-c7c->2(C)c->3(C)c->4c->5(C)c->67C)<-P(C)(C)C)cc1,C27 H37 Cl1 O3 P1 Ru1 1+,1.0,COC(=O)C=Cc1ccc(C=C[C-2](OC)->[Ru+4]23456(<-[Cl-])(<-c7c->2(C)c->3(C)c->4c->5(C)c->67C)<-P(C)(C)C)cc1,COC(=O)C=Cc1ccc(C=C[C](OC)->[Ru+2]23456(<-[Cl-])(<-c7c->2(C)c->3(C)c->4c->5(C)c->67C)<-P(C)(C)C)cc1,COC(=O)C=Cc1ccc(C=C[C](OC)->[Ru+2]23456(<-[Cl-])(<-c7c->2(C)c->3(C)c->4c->5(C)c->67C)<-P(C)(C)C)cc1
LOZKES,Cc1ccc(/C=C/C(=O)[O-]->[Zn+2]2(<-O)(<-[O-]C(=O)/C=C/c3ccc(C)cc3)<-n3ccccc3-c3ccccn->23)cc1,C30 H28 N2 O5 Zn1,0.0,Cc1ccc(C=CC(=O)[O-]->[Zn+2]2(<-O)(<-[O-]C(=O)C=Cc3ccc(C)cc3)<-n3ccccc3-c3ccccn->23)cc1,Cc1ccc(C=CC(=O)[O-]->[Zn+2]2(<-O)(<-[O-]C(=O)C=Cc3ccc(C)cc3)<-n3ccccc3-c3ccccn->23)cc1,Cc1ccc(C=CC(=O)[O-]->[Zn+2]234(<-O)(<-O=C->2(C=Cc2ccc(C)cc2)[O-]->3)<-n2ccccc2-c2ccccn->42)cc1
LUCHUM,Cc1cc(-c2ccccc2)nn1[BH-]1n2c(C)cc(-c3ccccc3)n2->[Ni@OH16+2](<-[Cl-])(<-n2c(-c3ccccc3)cc(C)n21)<-O1CCCC1,C34 H36 B1 Cl1 N6 Ni1 O1,0.0,Cc1cc(-c2ccccc2)[n-]2->[Ni+2]3(<-[Cl-])(<-[n-]4c(-c5ccccc5)cc(C)[n+]4[BH-]([n+]12)[n+]1c(C)cc(-c2ccccc2)[n-]->31)<-O1CCCC1,Cc1cc(-c2ccccc2)n2->[Ni+2]3(<-[Cl-])(<-n4c(-c5ccccc5)cc(C)n4[BH-](n12)n1c(C)cc(-c2ccccc2)n->31)<-O1CCCC1,Cc1cc(-c2ccccc2)n2->[Ni+2]3(<-[Cl-])(<-n4c(-c5ccccc5)cc(C)n4[BH-](n12)n1c(C)cc(-c2ccccc2)n->31)<-O1CCCC1
LUFKOM,O=[N+]1[O-]->[Zn+2]2(<-[O-]1)(<-[O-][N+](=O)[O-]->2)(<-N(O)=C1CCCC1)<-N(O)=C1CCCC1,C10 H18 N4 O8 Zn1,0.0,O=[N+]([O-])[O-]->[Zn+2](<-[O-][N+](=O)[O-])(<-N(O)=C1CCCC1)<-N(O)=C1CCCC1,O=[N+]([O-])[O-]->[Zn+2](<-[O-][N+](=O)[O-])(<-N(O)=C1CCCC1)<-N(O)=C1CCCC1,O=[N+]12[O-]->[Zn+2]<-134(<-[O-]2)(<-[O-][N+]->3(=O)[O-]->4)(<-N(O)=C1CCCC1)<-N(O)=C1CCCC1
LUGYET,COC(=O)C12=C->[Rh+]<-134567(<-S=c1sc8ccccc8n1B->32n1c(=S)sc2ccccc21)<-c1(C)c->4(C)c->5(C)[c-]->6(C)c->71C,C28 H28 B1 N2 O2 Rh1 S4,0.0,fail,COC(=O)C12=C->[Rh+]<-134567(<-S=c1sc8ccccc8n1B->32n1c(=S)sc2ccccc21)<-c1(C)c->4(C)c->5(C)[c-]->6(C)c->71C,COC(=O)C12=C->[Rh+]<-134567(<-S=c1sc8ccccc8n1B->32n1c(=S)sc2ccccc21)<-c1(C)c->4(C)c->5(C)[c-]->6(C)c->71C
LUJQIS,Cc1cc(C)n2->[Zn@OH5+2]3(<-[N-]=C=[Se])<-n4c(C)cc(C)n4CN(CCN->3c3ccccc3)Cn12,C21 H28 N7 Se1 Zn1 1+,1.0,Cc1cc(C)n2->[Zn+2]34(<-[N-]=C=[Se])<-n5c(C)cc(C)n5CN->3(CCN->4c3ccccc3)Cn12,Cc1cc(C)n2->[Zn+2]34(<-[N-]=C=[Se])<-n5c(C)cc(C)n5CN->3(CCN->4c3ccccc3)Cn12,Cc1cc(C)n2->[Zn+2]34(<-[N-]=C=[Se])<-n5c(C)cc(C)n5CN->3(CCN->4c3ccccc3)Cn12
LULNUB,CCOC(=O)CN12Cc3ccccn3->[Re+]<-1(<-[C-]#[O+])(<-[C-]#[O+])(<-[C-]#[O+])<-n1ccn(C)c1C2,C18 H20 N4 O5 Re1 1+,1.0,CCOC(=O)CN12Cc3ccccn3->[Re+]<-1(<-[C-]#[O+])(<-[C-]#[O+])(<-[C-]#[O+])<-n1ccn(C)c1C2,CCOC(=O)CN12Cc3ccccn3->[Re+]<-1(<-[C-]#[O+])(<-[C-]#[O+])(<-[C-]#[O+])<-n1ccn(C)c1C2,CCOC(=O)CN12Cc3ccccn3->[Re+]<-1(<-[C-]#[O+])(<-[C-]#[O+])(<-[C-]#[O+])<-n1ccn(C)c1C2
LUNDON,CN(C)[C](C(=O)Cl)->[Cr](<-[C-]#[O+])(<-[C-]#[O+])(<-[C-]#[O+])(<-[C-]#[O+])<-[C-]#[O+],C9 H6 Cl1 Cr1 N1 O6,0.0,CN(C)[C](C(=O)Cl)->[Cr](<-[C-]#[O+])(<-[C-]#[O+])(<-[C-]#[O+])(<-[C-]#[O+])<-[C-]#[O+],CN(C)[C](C(=O)Cl)->[Cr](<-[C-]#[O+])(<-[C-]#[O+])(<-[C-]#[O+])(<-[C-]#[O+])<-[C-]#[O+],CN(C)[C](C(=O)Cl)->[Cr](<-[C-]#[O+])(<-[C-]#[O+])(<-[C-]#[O+])(<-[C-]#[O+])<-[C-]#[O+]
LUNSIW,Cc1ccc(Nc2ccc(/N3=N/c4ccccn4->[Rh+3]<-345(<-[Cl-])<-N(=N\c3ccccn->43)/c3ccccc3[N-]->5c3ccc(C)cc3)cc2)cc1,C36 H31 Cl1 N8 Rh1 1+,1.0,Cc1ccc(Nc2ccc(N3=Nc4ccccn4->[Rh+3]<-345(<-[Cl-])<-N(=Nc3ccccn->43)c3ccccc3[N-]->5c3ccc(C)cc3)cc2)cc1,Cc1ccc(Nc2ccc([N-]3N=c4cccc[n-]4->[Rh+7]<-345(<-[Cl-])<-[N-](N=c3cccc[n-]->43)c3ccccc3[N-]->5c3ccc(C)cc3)cc2)cc1,Cc1ccc(Nc2ccc([N-]3N=c4cccc[n-]4->[Rh+7]<-345(<-[Cl-])<-[N-](N=c3cccc[n-]->43)c3ccccc3[N-]->5c3ccc(C)cc3)cc2)cc1
LUQNIV,Cc1cc(C)c([P-]2/[C-](=N/c3c(C)cccc3C)->[Ir+3]<-23456(<-[C-]#[N+]c2c(C)cccc2C)<-c2(C)c->3(C)c->4(C)[c-]->5(C)c->62C)c(C)c1,C37 H44 Ir1 N2 P1,0.0,Cc1cc(C)c([P-]2[C-](=Nc3c(C)cccc3C)->[Ir+3]<-23456(<-[C-]#[N+]c2c(C)cccc2C)<-c2(C)c->3(C)c->4(C)[c-]->5(C)c->62C)c(C)c1,Cc1cc(C)c(P2=C(=Nc3c(C)cccc3C)->[Ir+]<-23456(<-[C-]#[N+]c2c(C)cccc2C)<-c2(C)c->3(C)c->4(C)[c-]->5(C)c->62C)c(C)c1,Cc1cc(C)c(P2=C(=Nc3c(C)cccc3C)->[Ir+]<-23456(<-[C-]#[N+]c2c(C)cccc2C)<-c2(C)c->3(C)c->4(C)[c-]->5(C)c->62C)c(C)c1
LUSFOU,[Br-]->[Pt+4]1(<-[c-]2ccccc2)(<-[c-]2ccccc2)(<-[c-]2ccccc2/C=N->1/Cc1ccccc1)<-P(c1ccccc1)(c1ccccc1)c1ccccc1,C44 H37 Br1 N1 P1 Pt1,0.0,[Br-]->[Pt+4]1(<-[c-]2ccccc2)(<-[c-]2ccccc2)(<-[c-]2ccccc2C=N->1Cc1ccccc1)<-P(c1ccccc1)(c1ccccc1)c1ccccc1,[Br-]->[Pt+4]1(<-[c-]2ccccc2)(<-[c-]2ccccc2)(<-[c-]2ccccc2C=N->1Cc1ccccc1)<-P(c1ccccc1)(c1ccccc1)c1ccccc1,[Br-]->[Pt+4]1(<-[c-]2ccccc2)(<-[c-]2ccccc2)(<-[c-]2ccccc2C=N->1Cc1ccccc1)<-P(c1ccccc1)(c1ccccc1)c1ccccc1
LUSVIG,CC(C)[N-](C(C)C)->[Cr+6]1234(<-[N-3])(<-[Cl-])<-c5c->1c->2[cH-]->3c->45,C11 H19 Cl1 Cr1 N2,0.0,CC(C)[N-](C(C)C)->[Cr+6]12(<-[N-3])(<-[Cl-])<-c3cc[cH-]->1c->23,CC(C)[N-](C(C)C)->[Cr+6]1234(<-[N-3])(<-[Cl-])<-c5c->1c->2[cH-]->3c->45,CC(C)[N-](C(C)C)->[Cr+6]123(<-[N-3])(<-[Cl-])<-c4c[cH-]->1c->2c->34
LUTPUL,c1cn2CCOCCOCCOCCn3cccn3->[Ag+]<-n2c1,C14 H22 Ag1 N4 O3 1+,1.0,c1cn2CCOCCOCCOCCn3cccn3->[Ag+]<-n2c1,c1cn2CCOCCOCCOCCn3cccn3->[Ag+]<-n2c1,c1cn2CCOCCOCCO3CCn4cccn4->[Ag+]<-3<-n2c1
LUVTOM,CC(C)=C(OC(C)C)[O-]->[Zr+4]12345678(<-[O-]C(OC(C)C)=C(C)C)<-c9c->1c->2[c-]->3([Si](C)(C)[c-]->41c->52ccccc2c->62ccccc->721)c->89,C34 H44 O4 Si1 Zr1,0.0,CC(C)=C(OC(C)C)[O-]->[Zr+4]1234567(<-[O-]C(OC(C)C)=C(C)C)<-c8c->1c->2([Si](C)(C)[c-]->31c->42ccccc2c2ccccc->521)c->6[cH-]->78,CC(C)=C(OC(C)C)[O-]->[Zr+4]123456789(<-[O-]C(OC(C)C)=C(C)C)<-c%10c->1c->2([Si](C)(C)c->31c->42ccccc->52[c-]->62ccccc->712)c->8[cH-]->9%10,CC(C)=C(OC(C)C)[O-]->[Zr+4]123456789(<-[O-]C(OC(C)C)=C(C)C)<-c%10c->1c->2([Si](C)(C)c->31c->42ccccc->52[c-]->62ccccc->712)c->8[cH-]->9%10
LUWRIE,,C23 H31 F6 N1 O4 Ta1 1+,1.0,C[NH+](C)CCc12->[TaH+4]3456789(<-[O-]C(=O)C(F)(F)F)(<-[O-]C(=O)C(F)(F)F)(<-c(c->3[cH-]->41)c->52)<-c1(C)c->6(C)c->7(C)[c-]->8(C)c->91C,C[NH+](C)CCc12->[TaH+4]3456789(<-[O-]C(=O)C(F)(F)F)(<-[O-]C(=O)C(F)(F)F)(<-c(c->3[cH-]->41)c->52)<-c1(C)c->6(C)c->7(C)[c-]->8(C)c->91C,Cc1c(C)c(C)[c-](C)(->[TaH+4]234(<-O=C([O-]->2)C(F)(F)F)(<-O=C->3([O-]->4)C(F)(F)F)<-[cH-]2ccc(CC[NH+](C)C)c2)c1C
LUXVAD,O=[N+]([O-])c1ccc(C2=O->[Cd+2]34(<-O=C([O-]->3)c3ccc([N+](=O)[O-])cc3)(<-[O-]2)<-n2c(-c3nc5ccccc5[nH]3)cccc2-c2[nH]c3ccccc3n->42)cc1,C33 H21 Cd1 N7 O8,0.0,fail,O=C([O-]->[Cd+2]123(<-O=C([O-]->1)c1ccc([N+](=O)[O-])cc1)<-n1c(-c4[nH]c5ccccc5n->24)cccc1-c1[nH]c2ccccc2n->31)c1ccc([N+](=O)[O-])cc1,O=[N+]([O-])c1ccc(C23=O->[Cd+2]<-24567(<-O=C->4([O-]->5)c2ccc([N+](=O)[O-])cc2)(<-[O-]3)<-n2c(-c3[nH]c4ccccc4n->63)cccc2-c2[nH]c3ccccc3n->72)cc1
LUYTUW,Cc1cccc2/C=N\[N-]3C(=O)c4ccccn4->[Pd@OH20+2]<-3(<-[Cl-])<-n12,C13 H11 Cl1 N4 O1 Pd1,0.0,Cc1cccc2C=N[N-]3C(=O)c4ccccn4->[Pd+2]<-3(<-[Cl-])<-n12,CC1=CC=CC2=CN=N3C(=O)c4ccccn4->[Pd+2]<-3(<-[Cl-])<-[N-]12,CC1=CC=CC2=CN=N3C(=O)c4ccccn4->[Pd+2]<-3(<-[Cl-])<-[N-]12
LUZKIA,,C12 H26 Ag1 N1 O10,0.0,O=[N+]1[O-]->[Ag+]2345(<-O)(<-[O-]1)<-O1CCOCCO->2CCO->3CCO->4CCO->5CC1,C1COCCOCCOCCOCCOCCO1.O=[N+]([O-])[O-]->[Ag+]<-O,C1COCCOCCOCCOCCOCCO1.O=[N+]1[O-]->[Ag+](<-O)<-[O-]1
MABLOR,Cc1cc(C)n2->[Nb+5]34(<-[Cl-])(<-[C-](/C)=[C-]->3/C)(<-[CH-]3CC3)<-n3c(C)cc(C)n3[BH-](n12)n1c(C)cc(C)n->41,C22 H33 B1 Cl1 N6 Nb1,0.0,Cc1cc(C)[n-]2->[Nb+3]345(<-[Cl-])(<-[H][C-]->36CC6)(<-C(C)#C->4C)<-[n-]3c(C)cc(C)[n+]3[BH-]([n+]12)[n+]1c(C)cc(C)[n-]->51,Cc1cc(C)n2->[Nb+3]34(<-[Cl-])(<-C(C)#C->3C)(<-[CH-]3CC3)<-n3c(C)cc(C)n3[BH-](n12)n1c(C)cc(C)n->41,Cc1cc(C)n2->[Nb+3]34(<-[Cl-])(<-C(C)#C->3C)(<-[CH-]3CC3)<-n3c(C)cc(C)n3[BH-](n12)n1c(C)cc(C)n->41
MACQUD,,C31 H31 Cl2 N2 O2 P1 Ru1 Si1,0.0,CCO[Si-](C)(Cl)->[Ru+2]1(<-[Cl-])(<-[C-]#[O+])(<-Nc2cccc3cccn->1c23)<-P(c1ccccc1)(c1ccccc1)c1ccccc1,CCO[Si-](C)(Cl)->[Ru+4]1(<-[Cl-])(<-[C-]#[O+])(<-[N-2]c2cccc3cccn->1c23)<-P(c1ccccc1)(c1ccccc1)c1ccccc1,CCO[Si](C)(Cl)[N-]1c2cccc3cccn(->[Ru+2]<-1(<-[Cl-])(<-[C-]#[O+])<-P(c1ccccc1)(c1ccccc1)c1ccccc1)c23
MADRIV,O=[N+]([O-])C1=C/C2=C/N3=N/C(Nc4ccccc4)=S->[Zn]<-34(<-O=C2C=C1)<-n1cccc2ccc3cccn->4c3c21,C26 H18 N6 O3 S1 Zn1,0.0,O=[N+]([O-])c1ccc2[O-]->[Zn+2]34(<-[S-]C(=NN->3=Cc2c1)Nc1ccccc1)<-n1cccc2ccc3cccn->4c3c21,O=[N+]([O-])c1ccc2[O-]->[Zn+2]34(<-[S-]C(=NN->3=Cc2c1)Nc1ccccc1)<-n1cccc2ccc3cccn->4c3c21,O=[N+]([O-])c1ccc2[O-]->[Zn+2]34(<-[S-]C(=NN->3=Cc2c1)Nc1ccccc1)<-n1cccc2ccc3cccn->4c3c21
MADWUL,,C29 H35 B1 F4 N6 P1 Rh1,0.0,Cc1cc(C)[n-]2->[RhH+2]3(<-[c-]4cc(F)c(F)c(F)c4F)(<-[n-]4c(C)cc(C)[n+]4[BH-]([n+]12)[n+]1c(C)cc(C)[n-]->31)<-P(C)(C)c1ccccc1,Cc1cc(C)n2->[RhH+2]3(<-[c-]4cc(F)c(F)c(F)c4F)(<-n4c(C)cc(C)n4[BH-](n12)n1c(C)cc(C)n->31)<-P(C)(C)c1ccccc1,Cc1cc(C)n2->[RhH+2]3(<-[c-]4cc(F)c(F)c(F)c4F)(<-n4c(C)cc(C)n4[BH-](n12)n1c(C)cc(C)n->31)<-P(C)(C)c1ccccc1
MAGYOK,Cc1cc(C)c(N2CCN(c3c(C)cc(C)cc3C)[C]2->[Cu+]<-[O-]C(=O)C(F)(F)F)c(C)c1,C23 H26 Cu1 F3 N2 O2,0.0,Cc1cc(C)c(N2CCN(c3c(C)cc(C)cc3C)[C]2->[Cu+]<-[O-]C(=O)C(F)(F)F)c(C)c1,Cc1cc(C)c(N2CCN(c3c(C)cc(C)cc3C)[C]2->[Cu+]<-[O-]C(=O)C(F)(F)F)c(C)c1,Cc1cc(C)c(N2CCN(c3c(C)cc(C)cc3C)[C]2->[Cu+]<-[O-]C(=O)C(F)(F)F)c(C)c1
MAHVEZ,CSc1ccccc1/N1=C/c2ccccn2->[Cd+2]<-1(<-[Br-])<-[Br-],C13 H12 Br2 Cd1 N2 S1,0.0,CS1c2ccccc2N2=Cc3ccccn3->[Cd+2]<-2<-1(<-[Br-])<-[Br-],CS1c2ccccc2N2=Cc3ccccn3->[Cd+2]<-2<-1(<-[Br-])<-[Br-],CSc1ccccc1N1=Cc2ccccn2->[Cd+2]<-1(<-[Br-])<-[Br-]
MAHZIG,CN1C=CN(c2ccccc2C#N)[C]1->[Pt+2]123(<-[Cl-])<-C4=C->1/CC/C->2=C->3\CC\4,C19 H21 Cl1 N3 Pt1 1+,1.0,CN1C=CN(c2ccccc2C#N)[C]1->[Pt+2]123(<-[Cl-])<-C4=C->1CCC->2=C->3CC4,CN1C=CN(c2ccccc2C#N)[C]1->[Pt+2]123(<-[Cl-])<-C4=C->1CCC->2=C->3CC4,CN1C=CN(c2ccccc2C#N)[C]1->[Pt+2]123(<-[Cl-])<-C4=C->1CCC->2=C->3CC4
MAJYIF,C1CC[C@H]2SC3=S->[Ni@SP1+2]4(<-S=C3S[C@H]2C1)<-[S-]C1=C([S-]->4)S[C@@H]2CCCC[C@@H]2S1,C16 H20 Ni1 S8,0.0,C1CCC2SC3[S-]->[Ni+4]4(<-[S-]C=3SC2C1)<-[S-]C1=C([S-]->4)SC2CCCCC2S1,C1CCC2SC3=S->[Ni]4(<-S=C3SC2C1)<-S=C1SC2CCCCC2SC1=S->4,C1CCC2SC3=S->[Ni]4(<-S=C3SC2C1)<-S=C1SC2CCCCC2SC1=S->4
MAKMOA,,C34 H39 I2 Mo1 O5 P3,0.0,CCOP(OCC)(OCC)->[Mo+2]1(<-[I-])(<-[I-])(<-[C-]#[O+])(<-[C-]#[O+])<-P(CCP->1(c1ccccc1)c1ccccc1)(c1ccccc1)c1ccccc1,CCOP(OCC)(OCC)->[Mo+2]1(<-[I-])(<-[I-])(<-[C-]#[O+])(<-[C-]#[O+])<-P(CCP->1(c1ccccc1)c1ccccc1)(c1ccccc1)c1ccccc1,CCOP(OCC)(OCC)->[Mo+4]12(<-[I-])(<-[I-])(<-[C-](=O)[C-]->1=O)<-P(CCP->2(c1ccccc1)c1ccccc1)(c1ccccc1)c1ccccc1
MALVUS,CC(C)[C@H]1COC2c3ccccc3/N3=C4\C=CC=C\C4=C4/OC[C@H](C(C)C)[N-]4->[Ni@+2]<-3(<-[CH3-])<-N=21,C25 H31 N3 Ni1 O2,0.0,CC(C)C1COC2c3ccccc3[N-]3c4ccccc4C4=N(->[Ni+2]<-3(<-[CH3-])<-N=21)C(C(C)C)CO4,CC(C)C1COC2c3ccccc3[N-]3c4ccccc4C4=N(->[Ni+2]<-3(<-[CH3-])<-N=21)C(C(C)C)CO4,CC(C)C1COC2c3ccccc3[N-]3c4ccccc4C4=N(->[Ni+2]<-3(<-[CH3-])<-N=21)C(C(C)C)CO4
MALYII,,C24 H28 I2 La1 N3,0.0,CC(C)(C)[c-]12->[La+7]345(<-[I-])(<-[I-])(<-[c-]([c-]->3[c-]->41)[c-]->52)(<-n1ccccc1)(<-n1ccccc1)<-n1ccccc1,CC(C)(C)[c-]12->[La+3]345(<-[I-])(<-[I-])(<-c(c->3c->41)c->52)(N1CCCCC1)(N1CCCCC1)N1CCCCC1,CC(C)(C)[c-]12->[La+3]345(<-[I-])(<-[I-])(<-c(c->3c->41)c->52)(N1CCCCC1)(N1CCCCC1)N1CCCCC1
MAMNOE,,C34 H35 Ir1 O1 P2 Si1,0.0,C[Si-]1(C)CP(c2ccccc2)(c2ccccc2)->[IrH2+]<-1(<-[C-]#[O+])<-P(c1ccccc1)(c1ccccc1)c1ccccc1,C[Si-]1(C)CP(c2ccccc2)(c2ccccc2)->[IrH2+]<-1(<-[C-]#[O+])<-P(c1ccccc1)(c1ccccc1)c1ccccc1,C[Si-]1(C)CP(c2ccccc2)(c2ccccc2)->[IrH2+]<-1(<-[C-]#[O+])<-P(c1ccccc1)(c1ccccc1)c1ccccc1
MANGEQ,,C27 H26 N1 P1 Pt1,0.0,C=CCP(c1ccccc1)(c1ccccc1)->[Pt+2]1(<-[CH3-])<-[c-]2ccccc2-c2ccccn->12,C=CCP(c1ccccc1)(c1ccccc1)->[Pt+2]1(<-[CH3-])<-[c-]2ccccc2-c2ccccn->12,C=CCP(c1ccccc1)(c1ccccc1)->[Pt+2]1(<-[CH3-])<-[c-]2ccccc2-c2ccccn->12
MAQBOV,CC#N->[Cu+]1<-n2ccccc2[C@@H]2N(C)[C@H](c3ccccn->13)[C@]1(C(=O)OC)CN(C)C[C@@]2(C(=O)OC)C1=O,C25 H29 Cu1 N5 O5 1+,1.0,CC#N->[Cu+]123<-n4ccccc4C4C5(C(=O)OC)CN->1(C)CC(C(=O)OC)(C5=O)C(c1ccccn->21)N->34C,CC#N->[Cu+]123<-n4ccccc4C4C5(C(=O)OC)CN->1(C)CC(C(=O)OC)(C5=O)C(c1ccccn->21)N->34C,CC#N->[Cu+]123<-n4ccccc4C4C5(C(=O)OC)CN->1(C)CC(C(=O)OC)(C5=O)C(c1ccccn->21)N->34C
MAQQAX,COC(=O)C1/C(C(=O)OC)=[C-](/C(=O)OC)->[Pd+2]2(<-[O-]c3ccccc3/C=N->2/c2ccccc2)<-[C-]=1\C(=O)OC,C25 H22 N1 O9 Pd1 1-,-1.0,COC(=O)C1C(C(=O)OC)=[C-](C(=O)OC)->[Pd+2]2(<-[O-]c3ccccc3C=N->2c2ccccc2)<-[C-]=1C(=O)OC,COC(=O)C1C(C(=O)OC)=[C-](C(=O)OC)->[Pd+2]2(<-[O-]c3ccccc3C=N->2c2ccccc2)<-[C-]=1C(=O)OC,COC(=O)C1C(C(=O)OC)=[C-](C(=O)OC)->[Pd+2]2(<-[O-]c3ccccc3C=N->2c2ccccc2)<-[C-]=1C(=O)OC
MARFET,,C37 H25 B1 F4 Fe1 O2,0.0,[O+]#[C-]->[Fe+2]1234(<-[C-]#[O+])(<-F[B-](F)(F)F)<-c5(-c6ccccc6)c->1(-c1ccccc1)c->2(-c1ccccc1)[c-]->3(-c1ccccc1)c->45-c1ccccc1,F[B-](F)(F)F.[O+]#[C-]->[Fe+2]1234(<-[C-]#[O+])<-c5(-c6ccccc6)c->1(-c1ccccc1)c->2(-c1ccccc1)[c-]->3(-c1ccccc1)c->45-c1ccccc1,F[B-](F)(F)F.[O+]#[C-]->[Fe+2]1234(<-[C-]#[O+])<-c5(-c6ccccc6)c->1(-c1ccccc1)c->2(-c1ccccc1)[c-]->3(-c1ccccc1)c->45-c1ccccc1
MARZAJ,Cc1cc2c(cc1C)N(Cc1ccccc1)[C](->[Pd+2](<-[Br-])(<-[Br-])<-n1ccccc1)N2CC(=O)c1ccc(F)cc1,C29 H26 Br2 F1 N3 O1 Pd1,0.0,Cc1cc2c(cc1C)N(Cc1ccccc1)[C](->[Pd+2](<-[Br-])(<-[Br-])<-n1ccccc1)N2CC(=O)c1ccc(F)cc1,Cc1cc2c(cc1C)N(Cc1ccccc1)[C](->[Pd+2](<-[Br-])(<-[Br-])<-n1ccccc1)N2CC(=O)c1ccc(F)cc1,Cc1cc2c(cc1C)N(Cc1ccccc1)[C](->[Pd+2](<-[Br-])(<-[Br-])<-n1ccccc1)N2CC(=O)c1ccc(F)cc1
MASSUX,Cc1ccc(S(=O)(=O)[N-]2/C(=C3/C=CC=N3->[Ag+]<-2<-P(c2ccccc2)(c2ccccc2)c2ccccc2)c2ccccc2)cc1,C36 H30 Ag1 N2 O2 P1 S1,0.0,Cc1ccc(S(=O)(=O)[N-]2C(=C3C=CC=N3->[Ag+]<-2<-P(c2ccccc2)(c2ccccc2)c2ccccc2)c2ccccc2)cc1,Cc1ccc(S(=O)(=O)[N-]2C(=C3C=CC=N3->[Ag+]<-2<-P(c2ccccc2)(c2ccccc2)c2ccccc2)c2ccccc2)cc1,Cc1ccc(S23(=O)=O->[Ag+]<-24(<-N2=CC=CC2=C(c2ccccc2)[N-]->43)<-P(c2ccccc2)(c2ccccc2)c2ccccc2)cc1
MATFAR,[Cl-]->[Zn+2]1(<-[Cl-])<-n2ccccc2-c2cccc([C@H](n3cccn3)n3cccn->13)n2,C17 H14 Cl2 N6 Zn1,0.0,[Cl-]->[Zn+2]12(<-[Cl-])<-n3ccccc3-c3cccc(C(n4cccn4)n4cccn->14)n->23,[Cl-]->[Zn+2]12(<-[Cl-])<-n3ccccc3-c3cccc(C(n4cccn4)n4cccn->14)n->23,[Cl-]->[Zn+2]12(<-[Cl-])<-n3ccccc3-c3cccc(C(n4cccn4)n4cccn->14)n->23
MAVGAR,CC1(C)[c-]23->[Mo+4]456789%10%11(<-[S-]c%12sc(=S)sc%12[S-]->4)(<-c(c->5c->62)c->73)<-c2c->8c->9[c-]->%101c->%112,C16 H14 Mo1 S5,0.0,CC1(C)c23->[Mo+4]456789%10%11(<-[S-]c%12sc(=S)sc%12[S-]->4)(<-c4c->5[cH-]->6c->71c->84)<-c(c->92)[cH-]->%10c->%113,CC1(C)c23->[Mo+2]456789%10%11(<-S=C%12SC(=S)SC%12=S->4)(<-c(c->5[cH-]->62)c->73)<-c2c->8c->9[c-]->%101c->%112,CC1(C)c23->[Mo+2]456789%10%11(<-S=C%12SC(=S)SC%12=S->4)(<-c(c->5[cH-]->62)c->73)<-c2c->8c->9[c-]->%101c->%112
MAWREI,COC(=O)C1/C(C(=O)OC)=[C-](/C(=O)OC)->[Pd@TB18+2]23(<-[C-]=1\C(=O)OC)<-n1c(CS->2C(C)(C)C)cccc1CS->3C(C)(C)C,C27 H37 N1 O8 Pd1 S2,0.0,COC(=O)C1C(C(=O)OC)=[C-](C(=O)OC)->[Pd+2]2(<-[C-]=1C(=O)OC)<-n1c(CSC(C)(C)C)cccc1CS->2C(C)(C)C,COC(=O)C1C(C(=O)OC)=[C-](C(=O)OC)->[Pd+2]2(<-[C-]=1C(=O)OC)<-n1c(CSC(C)(C)C)cccc1CS->2C(C)(C)C,COC(=O)C1C(C(=O)OC)=[C-](C(=O)OC)->[Pd+2]23(<-[C-]=1C(=O)OC)<-n1c(CS->2C(C)(C)C)cccc1CS->3C(C)(C)C
MAXPIM,C[O-]->[V+5]12(<-[O-2])(<-[O-]/C(=N\N->1=C\c1cc(Br)cc(Br)c1[O-]->2)c1cccc(C)c1O)<-OC,C17 H17 Br2 N2 O6 V1,0.0,C[O-]->[V+5]12(<-[O-2])(<-[O-]C(=NN->1=Cc1cc(Br)cc(Br)c1[O-]->2)c1cccc(C)c1O)<-OC,C[O-]->[V+5]12(<-[O-2])(<-[O-]C(=NN->1=Cc1cc(Br)cc(Br)c1[O-]->2)c1cccc(C)c1O)<-OC,CO.C[O-]->[V+5]12(<-[O-2])<-[O-]C(c3cccc(C)c3O)=NN->1=Cc1cc(Br)cc(Br)c1[O-]->2
MAYBOE,,C23 H17 Ag1 Cl1 N3 O4,0.0,fail,[O-2].[O-2].[O-2].[O-]Cl.c1ccn(->[Ag+7]2<-n3c(ccc4ccccc43)-c3ccc4ccccc4n->23)cc1,[O-2].[O-2]->[Ag+7]1(<-[O-2])(<-n2ccccc2)<-n2c(ccc3ccccc32)-c2ccc3ccccc3n->12.[O-]Cl
MAYSIR,,C28 H24 N6 Ni1 O8,0.0,N#Cc1ccc(C(=O)[O-]->[Ni+2](<-O)(<-O)(<-[O-]C(=O)c2ccc(C#N)cc2)(<-n2cccc(C(N)=O)c2)<-n2cccc(C(N)=O)c2)cc1,N#Cc1ccc(C(=O)[O-]->[Ni+2](<-O)(<-O)(<-[O-]C(=O)c2ccc(C#N)cc2)(<-n2cccc(C(N)=O)c2)<-n2cccc(C(N)=O)c2)cc1,N#Cc1ccc(C(=O)[O-]->[Ni+2](<-[O-]C(=O)c2ccc(C#N)cc2)(<-n2cccc(C(N)=O)c2)<-n2cccc(C(N)=O)c2)cc1.O.O
MAZWIT,[Cl-]->[Fe+2]1234(<-[Cl-])<-N(=C\c->15cccc->2(/C=N->3/c1ccccc1-c1ccccc1)n->45)/c1ccccc1-c1ccccc1,C31 H23 Cl2 Fe1 N3,0.0,[Cl-]->[Fe+2]12(<-[Cl-])<-N(=Cc3cccc(C=N->1c1ccccc1-c1ccccc1)n->23)c1ccccc1-c1ccccc1,[Cl-]->[Fe+2]12(<-[Cl-])<-N(=Cc3cccc(C=N->1c1ccccc1-c1ccccc1)n->23)c1ccccc1-c1ccccc1,[Cl-]->[Fe+2]12(<-[Cl-])<-N(=Cc3cccc(C=N->1c1ccccc1-c1ccccc1)n->23)c1ccccc1-c1ccccc1
MEBGAO,COC(=O)[CH-](C)->[Co+3]12(<-N[C@@H](C)c3ccccc3)(<-N(=O)/C(C)=C(/C)[N-]->1[O-])<-N(/O)=C(C)\C(C)=N->2\O,C20 H32 Co1 N5 O6,0.0,COC(=O)[CH-](C)->[Co+]12(<-NC(C)c3ccccc3)(<-N([O])=C(C)C(C)=N->1[O])<-N(O)=C(C)C(C)=N->2O,COC(=O)[CH-](C)->[Co+]12(<-NC(C)c3ccccc3)(<-N(=O)C(C)=C(C)N->1=O)<-N(O)=C(C)C(C)=N->2O,COC(=O)[CH-](C)->[Co+]12(<-NC(C)c3ccccc3)(<-N(=O)C(C)=C(C)N->1=O)<-N(O)=C(C)C(C)=N->2O
MECDED,CN(C)c1ccc2ccccc2c12-c1c(P(c3ccccc3)(c3ccccc3)->[Pd+2]<-2(<-[Cl-])<-[Cl-])ccc2ccccc12,C34 H28 Cl2 N1 P1 Pd1,0.0,C[N+](C)=c1ccc2ccccc2[c-]12-c1c(P(c3ccccc3)(c3ccccc3)->[Pd+2]<-2(<-[Cl-])<-[Cl-])ccc2ccccc12,CN(C)c1ccc2ccccc2c12-c1c(P(c3ccccc3)(c3ccccc3)->[Pd+2]<-2(<-[Cl-])<-[Cl-])ccc2ccccc12,CN(C)c1ccc2ccccc2c12-c1c(P(c3ccccc3)(c3ccccc3)->[Pd+2]<-2(<-[Cl-])<-[Cl-])ccc2ccccc12
MEDGOS,CC(C)(C)Sc1ccccc1[N-]([Si](C)(C)C)->[W+6](<-[O-2])(<-[O-2])<-[N-](c1ccccc1SC(C)(C)C)[Si](C)(C)C,C26 H44 N2 O2 S2 Si2 W1,0.0,CC(C)(C)S1c2ccccc2[N-]([Si](C)(C)C)->[W+6]<-12(<-[O-2])(<-[O-2])<-[N-](c1ccccc1S->2C(C)(C)C)[Si](C)(C)C,CC(C)(C)S1c2ccccc2[N-]([Si](C)(C)C)->[W+6]<-12(<-[O-2])(<-[O-2])<-[N-](c1ccccc1S->2C(C)(C)C)[Si](C)(C)C,CC(C)(C)S1c2ccccc2[N-]([Si](C)(C)C)->[W+6]<-12(<-[O-2])(<-[O-2])<-[N-](c1ccccc1S->2C(C)(C)C)[Si](C)(C)C
MEFYEC,O/N1=C/c2ccccn2->[Hg+2]<-1(<-[Cl-])<-[Cl-],C6 H6 Cl2 Hg1 N2 O1,0.0,ON1=Cc2ccccn2->[Hg+2]<-1(<-[Cl-])<-[Cl-],ON=Cc1ccccn1->[Hg+2](<-[Cl-])<-[Cl-],ON=Cc1ccccn1.[Cl-]->[Hg+2]<-[Cl-]
MEGMES,,C31 H25 Ir1 N5 1+,1.0,CN1C=CN2c3ccccn3->[Ir+3]34(<-[C]12)(<-[c-]1ccccc1-c1ccccn->31)<-[c-]1ccccc1-c1ccccn->41,CN1C=CN2c3ccccn3->[Ir+3]34(<-[C]12)(<-[c-]1ccccc1-c1ccccn->31)<-[c-]1ccccc1-c1ccccn->41,CN1C=CN2c3ccccn3->[Ir+3]34(<-[C]12)(<-[c-]1ccccc1-c1ccccn->31)<-[c-]1ccccc1-c1ccccn->41
MEGZOP,,C25 H27 N3 Ni1 O6 S1,0.0,CN(C)c1cccc2c(S(=O)(=O)[N-]3c4ccccc4N4=Cc5ccccc5[O-]->[Ni+2]<-4<-3(<-O)(<-O)<-O)cccc12,CN(C)c1cccc2c(S(=O)(=O)N3=C4C=CC=CC4=N4C=C5C=CC=CC5=O->[Ni]<-4<-3(<-O)(<-O)<-O)cccc12,CN(C)c1cccc2c(S(=O)(=O)N3->[Ni]4(<-O)<-O=C5C=CC=CC5=CN->4=C4C=CC=CC=34)cccc12.O.O
MEJHAM,CC1/C=C(/C)[O-]->[Pt@+2]2(<-O=1)<-[c-]1ccc(B(c3c(C)cc(C)cc3C)c3c(C)cc(C)cc3C)c(C)c1-c1ccccn->21,C35 H38 B1 N1 O2 Pt1,0.0,fail,CC1=CC(C)=O->[Pt+2]2(<-[O-]1)<-[c-]1ccc(B(c3c(C)cc(C)cc3C)c3c(C)cc(C)cc3C)c(C)c1-c1ccccn->21,CC1=CC(C)=O->[Pt+2]2(<-[O-]1)<-[c-]1ccc(B(c3c(C)cc(C)cc3C)c3c(C)cc(C)cc3C)c(C)c1-c1ccccn->21
MEJWUV,CN1C=O->[Fe+2]234(<-O=CN(C)[N-]->2C=Nn2cn[n+](C)[c-]->32)<-[c-]2n(N=C[N-]->41)cn[n+]2C,C12 H18 Fe1 N12 O2,0.0,CN1N=CN2N=C[N-]3N(C)C=O->[Fe+2]<-345(<-O=CN(C)[N-]->4C=NN3C=NN(C)[C]->53)<-[C]12,CN1C=O->[Fe+2]234(<-O=CN(C)[N-]->2C=Nn2cn[n+](C)[c-]->32)<-[c-]2n(N=C[N-]->41)cn[n+]2C,CN1C=O->[Fe+2]234(<-O=CN(C)[N-]->2C=Nn2cn[n+](C)[c-]->32)<-[c-]2n(N=C[N-]->41)cn[n+]2C
MEKCIO,COP(OC)(OC)->[Fe+2]123(<-[C-]#[O+])(<-[CH+]([CH-]->1[C+]1[CH+][CH+][CH+][CH-][CH-]1)[CH-]->2[N-]->3[C-]1[CH+][C-](C(F)(F)F)[CH-][C+](C(F)(F)F)[CH-]1)<-P(OC)(OC)OC,C24 H29 F6 Fe1 N1 O7 P2,0.0,COP(OC)(OC)->[Fe]123(<-[C-]#[O+])(<-C(c4ccccc4)=C->1C->2=N->3c1cc(C(F)(F)F)cc(C(F)(F)F)c1)<-P(OC)(OC)OC,COP(OC)(OC)->[Fe]123(<-[C-]#[O+])(<-C(c4ccccc4)=C->1C->2=N->3c1cc(C(F)(F)F)cc(C(F)(F)F)c1)<-P(OC)(OC)OC,COP(OC)(OC)->[Fe]123(<-[C-]#[O+])(<-C(c4ccccc4)=C->1C->2=N->3c1cc(C(F)(F)F)cc(C(F)(F)F)c1)<-P(OC)(OC)OC
MELLOH,,C23 H40 B1 F2 I1 N2 P2 Pt1,0.0,CCP(CC)(CC)->[Pt+](<-[I-])(<-[c]1ccc2n1[B-](F)(F)[N+]1=C(C)C=C(C)C1=C2)<-P(CC)(CC)CC,CCP(CC)(CC)->[Pt+2](<-[I-])(<-[C]1C=CC2=Cc3c(C)cc(C)n3[B-](F)(F)N21)<-P(CC)(CC)CC,CCP(CC)(CC)->[Pt+2](<-[I-])(<-[C]1C=CC2=Cc3c(C)cc(C)n3[B-](F)(F)N21)<-P(CC)(CC)CC
MENBOW,,C40 H32 N1 O5 P2 Re1,0.0,O=C1[O-]->[Re+5]23(<-[O-2])(<-[O-]CC[N-]->2C(=O)c2ccccc2P->3(c2ccccc2)c2ccccc2)<-P(c2ccccc2)(c2ccccc2)c2ccccc21,O=C1[O-]->[Re+5]23(<-[O-2])(<-[O-]CC[N-]->2C(=O)c2ccccc2P->3(c2ccccc2)c2ccccc2)<-P(c2ccccc2)(c2ccccc2)c2ccccc21,O=C1[O-]->[Re+3]234(<-[O-2])<-[N-](CC[O+]->2=P->3(c2ccccc2)(c2ccccc2)c2ccccc21)C(=O)c1ccccc1P->4(c1ccccc1)c1ccccc1
MEQMIH,CC(C)c1cccc(C(C)C)c1N1C=CN2Cc3ccccc3P(c3ccccc3)(c3ccccc3)->[Ni+2]34(<-[Cl-])(<-C=C->3(C)[CH2-]->4)<-[C]21,C38 H42 Cl1 N2 Ni1 P1,0.0,fail,CC(C)c1cccc(C(C)C)c1N1C=CN2Cc3ccccc3P(c3ccccc3)(c3ccccc3)->[Ni+2]34(<-C=C->3(C)[CH2-]->4)<-[C]21.[Cl-],CC(C)c1cccc(C(C)C)c1N1C=CN2Cc3ccccc3P(c3ccccc3)(c3ccccc3)->[Ni+2]34(<-[Cl-])(<-C=C->3(C)[CH2-]->4)<-[C]21
MERJOL,,C32 H16 N8 O1 V1 1-,-1.0,[O-2]->[V+3]123<-n4c5nc6c7ccccc7c(nc7n->1c(nc1c8ccccc8c(nc4-c4ccccc4-5)[n-]->21)-c1ccccc1-7)[n-]->36,[O-2]->[V+5]123<-[n-]4c5c6ccccc6c4N=c4c6ccccc6c([n-]->14)=Nc1c4ccccc4c([n-]->21)N=c1c2ccccc2c([n-]->31)=N5,[O-2]->[V+5]123<-[n-]4c5c6ccccc6c4N=c4c6ccccc6c([n-]->14)=Nc1c4ccccc4c([n-]->21)N=c1c2ccccc2c([n-]->31)=N5
MESWIQ,,C14 H12 Hg1 I2 N4 S2,0.0,[I-]->[Hg+2](<-[I-])(<-[S-]c1[nH]c2ccccc2[nH+]1)<-[S-]c1[nH]c2ccccc2[nH+]1,[I-]->[Hg+2](<-[I-])(<-S=c1[nH]c2ccccc2[nH]1)<-S=c1[nH]c2ccccc2[nH]1,S=c1[nH]c2ccccc2[nH]1.[I-]->[Hg+2](<-[I-])<-S=c1[nH]c2ccccc2[nH]1
MEVDUM,Cc12->[Nb+5]3456789(<-[O-2])(<-[S-]C(=O)Nc%10ccccc%10)(<-c1(C)c->3(C)[c-]->4(C)c->52C)<-c1(C)c->6(C)c->7(C)[c-]->8(C)c->91C,C27 H36 N1 Nb1 O2 S1,0.0,Cc12->[Nb+5]3456789(<-[O-2])(<-[S-]C(=O)Nc%10ccccc%10)(<-c1(C)c->3(C)[c-]->4(C)c->52C)<-c1(C)c->6(C)c->7(C)[c-]->8(C)c->91C,Cc12->[Nb+5]3456789(<-[O-2])(<-[S-]C(=O)Nc%10ccccc%10)(<-c1(C)c->3(C)[c-]->4(C)c->52C)<-c1(C)c->6(C)c->7(C)[c-]->8(C)c->91C,Cc1c(C)c2(C)->[Nb+5]3456(<-[O-2])(<-[S-]C(=O)Nc7ccccc7)(<-c7(C)c->3(C)c->4(C)[c-]->5(C)c->67C)<-[c-]2(C)c1C
MEWBEV,,C24 H28 B1 Mo1 N7 O7,0.0,fail,COC(=O)N1C2[CH+]3->[Mo]456(<-[C-]#[O+])(<-[C-]#[O+])(<-C3=C->4(OC)C1CC2(C)C(=O)OC)<-n1cccn1[BH-](n1cccn->51)n1cccn->61,COC(=O)N1C2[CH+]3->[Mo]456(<-[C-]#[O+])(<-[C-]#[O+])(<-C3=C->4(OC)C1CC2(C)C(=O)OC)<-n1cccn1[BH-](n1cccn->51)n1cccn->61
MEWMEG,CC1=[O+][C-](C)C/[N+](=[C-](/C)->[Cr](<-[C-]#[O+])(<-[C-]#[O+])(<-[C-]#[O+])(<-[C-]#[O+])<-[C-]#[O+])C1,C13 H15 Cr1 N1 O6,0.0,C[C](N1CC(C)OC(C)C1)->[Cr](<-[C-]#[O+])(<-[C-]#[O+])(<-[C-]#[O+])(<-[C-]#[O+])<-[C-]#[O+],C[C-]1C[N+](=[C-](C)->[Cr+2](<-[C-]#[O+])(<-[C-]#[O+])(<-[C-]#[O+])(<-[C-]#[O+])<-[C-]#[O+])C[C-](C)O1,CC1=[O+][C-](C)C[N+](=[C-](C)->[Cr](<-[C-]#[O+])(<-[C-]#[O+])(<-[C-]#[O+])(<-[C-]#[O+])<-[C-]#[O+])C1
MEXREM,,C24 H32 Cl2 N6 O4 Zn1,0.0,CC1(C)N2[O-]->[Zn+4]3(<-[Cl-])(<-[Cl-])(<-[O-]N4C(c5ccccn->35)=[N+]([O-])C(C)(C)C4(C)C)<-n3ccccc3C2=[N+]([O-])C1(C)C,CC1(C)N2[O-]->[Zn+4]3(<-[Cl-])(<-[Cl-])(<-[O-]N4C(=C5C=CC=C[N-]->35)[N+](=O)C(C)(C)C4(C)C)<-[N-]3C=CC=CC3=C2[N+](=O)C1(C)C,CC1(C)N2[O-]->[Zn+4]3(<-[Cl-])(<-[Cl-])(<-[O-]N4C(=C5C=CC=C[N-]->35)[N+](=O)C(C)(C)C4(C)C)<-[N-]3C=CC=CC3=C2[N+](=O)C1(C)C
MEZFAY,,C24 H30 N8 Ni1 O12,0.0,O=C([O-]->[Ni+2]123(<-[O-]C(=O)c4cc([N+](=O)[O-])cc([N+](=O)[O-])c4)<-N4CCCN->1CCN->2CCCN->3CC4)c1cc([N+](=O)[O-])cc([N+](=O)[O-])c1,O=C([O-]->[Ni+2]123(<-[O-]C(=O)c4cc([N+](=O)[O-])cc([N+](=O)[O-])c4)<-N4CCCN->1CCN->2CCCN->3CC4)c1cc([N+](=O)[O-])cc([N+](=O)[O-])c1,C1CN2->[Ni+2]34<-N(C1)CCN->3CCCN->4CC2.O=C([O-])c1cc([N+](=O)[O-])cc([N+](=O)[O-])c1.O=C([O-])c1cc([N+](=O)[O-])cc([N+](=O)[O-])c1
MGXIMC,C/C1=C(\C)[N-](O)->[Co+3]2(<-[CH3-])(<-N1=O)(<-N(=O)/C(C)=C(/C)[N-]->2O)<-n1ccn(C)c1,C13 H23 Co1 N6 O4,0.0,CC1C(C)=N([O])->[Co+]2(<-[CH3-])(<-N=1[O])(<-N(O)=C(C)C(C)=N->2O)<-n1ccn(C)c1,CC1=C(C)N(=O)->[Co+]2(<-[CH3-])(<-N1=O)(<-N(O)=C(C)C(C)=N->2O)<-n1ccn(C)c1,CC1=C(C)[N-](O)->[Co+3]2(<-[CH3-])(<-N1=O)(<-N(=O)C(C)=C(C)[N-]->2O)<-n1ccn(C)c1
MIBQUK,C[C@H](c1ccccc1)N12CC(=O)/N3=C4\C=CC=C\C4=C(\[O-]->[Pd@SP1+2]<-3<-1<-[N-](C(=O)C2)c1ccccc1C(=O)c1ccccc1)c1ccccc1,C38 H31 N3 O4 Pd1,0.0,CC(c1ccccc1)N12CC(=O)[N-](c3ccccc3C(=O)c3ccccc3)->[Pd+2]<-13<-O=C(c1ccccc1)c1ccccc1[N-]->3C(=O)C2,CC(c1ccccc1)N12CC(=O)N3=C4C=CC=CC4=C([O-]->[Pd+2]<-3<-1<-[N-](C(=O)C2)c1ccccc1C(=O)c1ccccc1)c1ccccc1,CC(c1ccccc1)N12CC(=O)N3=C4C=CC=CC4=C([O-]->[Pd+2]<-3<-1<-[N-](C(=O)C2)c1ccccc1C(=O)c1ccccc1)c1ccccc1
MICRUL,[O+]#[C-]->[Mn+]1234(<-[C-]#[O+])(<-[C-]#[O+])<-c5c->1(-c1c(F)c(F)c(F)c(F)c1F)c->2(-c1c(F)c(F)c(F)c(F)c1F)c->3(-c1c(F)c(F)c(F)c(F)c1F)[c-]->45-c1c(F)c(F)c(F)c(F)c1F,C32 H1 F20 Mn1 O3,0.0,[O+]#[C-]->[Mn+]1234(<-[C-]#[O+])(<-[C-]#[O+])<-c5c->1(-c1c(F)c(F)c(F)c(F)c1F)c->2(-c1c(F)c(F)c(F)c(F)c1F)c->3(-c1c(F)c(F)c(F)c(F)c1F)[c-]->45-c1c(F)c(F)c(F)c(F)c1F,[O+]#[C-]->[Mn+]1234(<-[C-]#[O+])(<-[C-]#[O+])<-c5c->1(-c1c(F)c(F)c(F)c(F)c1F)c->2(-c1c(F)c(F)c(F)c(F)c1F)c->3(-c1c(F)c(F)c(F)c(F)c1F)[c-]->45-c1c(F)c(F)c(F)c(F)c1F,[O+]#[C-]->[Mn+]1234(<-[C-]#[O+])(<-[C-]#[O+])<-c5c->1(-c1c(F)c(F)c(F)c(F)c1F)c->2(-c1c(F)c(F)c(F)c(F)c1F)c->3(-c1c(F)c(F)c(F)c(F)c1F)[c-]->45-c1c(F)c(F)c(F)c(F)c1F
MIDDEK,[O+]#[C-]->[Ag+]12<-n3c(C(F)(F)F)c(C(F)(F)F)c(C(F)(F)F)n3[BH-](n3c(C(F)(F)F)c(C(F)(F)F)c(C(F)(F)F)n->13)n1c(C(F)(F)F)c(C(F)(F)F)c(C(F)(F)F)n->21,C19 H1 Ag1 B1 F27 N6 O1,0.0,[O+]#[C-]->[Ag+]12<-[n-]3c(C(F)(F)F)c(C(F)(F)F)c(C(F)(F)F)[n+]3[BH-]([n+]3c(C(F)(F)F)c(C(F)(F)F)c(C(F)(F)F)[n-]->13)[n+]1c(C(F)(F)F)c(C(F)(F)F)c(C(F)(F)F)[n-]->21,[O+]#[C-]->[Ag+]12<-n3c(C(F)(F)F)c(C(F)(F)F)c(C(F)(F)F)n3[BH-](n3c(C(F)(F)F)c(C(F)(F)F)c(C(F)(F)F)n->13)n1c(C(F)(F)F)c(C(F)(F)F)c(C(F)(F)F)n->21,[O+]#[C-]->[Ag+]12<-n3c(C(F)(F)F)c(C(F)(F)F)c(C(F)(F)F)n3[BH-](n3c(C(F)(F)F)c(C(F)(F)F)c(C(F)(F)F)n->13)n1c(C(F)(F)F)c(C(F)(F)F)c(C(F)(F)F)n->21
MIFFIQ,,C23 H29 O2 Rh1,0.0,Cc1ccc(C)c23->[Rh+]456(<-[C-]#[O+])(<-[C-]#[O+])<-c(c->4(C4CC(C)CCC4C(C)C)[cH-]->52)c->613,Cc1ccc(C)c23->[Rh+]456(<-[C-]#[O+])(<-[C-]#[O+])<-c(c->4(C4CC(C)CCC4C(C)C)[cH-]->52)c->613,Cc1ccc(C)c23->[Rh+]456(<-[C-]#[O+])(<-[C-]#[O+])<-c(c->4(C4CC(C)CCC4C(C)C)[cH-]->52)c->613
MIFXUW,C[Si](C)(C)[N-]1[Si](C)(C)C2[H]->[Cr+2]<-2<-1345(<-[H]C->3[Si](C)(C)[N-]->4[Si](C)(C)C)<-n1ccccc1-c1ccccn->51,C22 H44 Cr1 N4 Si4,0.0,C[Si](C)(C)[N-]([Si](C)(C)C)->[Cr+2]1(<-n2ccccc2-c2ccccn->12)<-[N-]([Si](C)(C)C)[Si](C)(C)C,C[Si](C)(C)[N-]([Si](C)(C)C)->[Cr+2]1(<-n2ccccc2-c2ccccn->12)<-[N-]([Si](C)(C)C)[Si](C)(C)C,C[Si](C)(C)[N-]([Si](C)(C)C)->[Cr+2]1(<-n2ccccc2-c2ccccn->12)<-[N-]([Si](C)(C)C)[Si](C)(C)C
MIGNEV,CCC1=O->[Ru+2]2(<-[C-]#[O+])(<-[C-]#[O+])(<-[O-][C-](CC)OC->2(CC)=[O+]1)<-[O-]S(=O)(=O)C(F)(F)F,C12 H15 F3 O9 Ru1 S1,0.0,fail,CCC1OC2(CC)=[O+]C(CC)=O->[Ru]<-2(<-[C-]#[O+])(<-[C-]#[O+])(<-O=1)<-[O-]S(=O)(=O)C(F)(F)F,CCC1OC2(CC)=[O+]C(CC)=O->[Ru]<-2(<-[C-]#[O+])(<-[C-]#[O+])(<-O=1)<-[O-]S(=O)(=O)C(F)(F)F
MIJNUP,[OH-]->[Ti+4]12345678(<-[Br-])(<-C9=C->1C->2(=[B-](c1c(F)c(F)c(F)c(F)c1F)c1c(F)c(F)c(F)c(F)c1F)C->3=C->49)<-c1c->5c->6[cH-]->7c->81,C22 H10 B1 Br1 F10 O1 Ti1,0.0,Fc1c(F)c(F)c([B-]2(O->[Ti+4]3456789%10(<-[Br-])(<-c%11c->3c->4[cH-]->5c->6%11)<-c3c->7[cH-]->8c->92c->%103)c2c(F)c(F)c(F)c(F)c2F)c(F)c1F,Fc1c(F)c(F)c([B-]2(O->[Ti+4]3456789%10(<-[Br-])(<-c%11c->3c->4[cH-]->5c->6%11)<-c3c->7c->8[c-]->92c->%103)c2c(F)c(F)c(F)c(F)c2F)c(F)c1F,Fc1c(F)c(F)c([B-]2(O->[Ti+4]3456789%10(<-[Br-])(<-c%11c->3c->4[cH-]->5c->6%11)<-c3c->7c->8[c-]->92c->%103)c2c(F)c(F)c(F)c(F)c2F)c(F)c1F
MIKHUM,CC(=O)C1/C(C)=N(/c2ccc(Cl)cc2)->[Ru+2]234(<-O=C(C)C=C=C->2=O->3)(<-O=C(C)/C=C(/C)[O-]->4)<-[O-]/C=1C,C23 H27 Cl1 N1 O6 Ru1,0.0,fail,[C]=C1C=C(C)[O-]->[Ru+4]23(<-O=C(C)C=C(C)[O-]->2)(<-[O-]1)<-[O-]C(C)=C(C(C)=O)C(C)=N->3c1ccc(Cl)cc1,CC(=O)C1=C(C)[O-]->[Ru+4]234(<-O=C(C)C=C(C)[O-]->2)(<-[O-]C(C)=CC#C->3[O-]->4)<-N(=C1C)c1ccc(Cl)cc1
MIKZIS,,C14 H9 Cl1 Hg1 N2 O8,0.0,O=C(O)c1ccn2->[Hg+2]3(<-[Cl-])(<-O=C(O)c4cc(C(=O)O)ccn->34)<-[O-]C(=O)c2c1,O=C(O)c1ccn(->[Hg+2](<-[Cl-])<-n2ccc(C(=O)O)cc2C(=O)O)c(C(=O)[O-])c1,O=C(O)c1ccn(->[Hg+2]2(<-[Cl-])<-[O-]C(=O)c3cc(C(=O)O)ccn->23)c(C(=O)O)c1
MILMIF,S=P(c1ccccc1)(c1ccccc1)[C-](=P([S-])(C1CCCCC1)C1CCCCC1)->[Zr+4]12345678(<-c9c->1c->2[cH-]->3c->49)<-c1c->5c->6[cH-]->7c->81,C35 H42 P2 S2 Zr1,0.0,c1ccc(P2(=S->[Zr+4]3456789%10%11(<-S=P([C-2]->32)(C2CCCCC2)C2CCCCC2)(<-c2c->4c->5[cH-]->6c->72)<-c2c->8c->9[cH-]->%10c->%112)c2ccccc2)cc1,c1ccc(P2([S-]->[Zr+4]3456789%10%11(<-[S-]P(=C->3=2)(C2CCCCC2)C2CCCCC2)(<-c2c->4c->5[cH-]->6c->72)<-c2c->8c->9[cH-]->%10c->%112)c2ccccc2)cc1,c1ccc(P2([S-]->[Zr+4]3456789%10%11(<-[S-]P(=C->3=2)(C2CCCCC2)C2CCCCC2)(<-c2c->4c->5[cH-]->6c->72)<-c2c->8c->9[cH-]->%10c->%112)c2ccccc2)cc1
MIMGIZ,,C29 H34 Cl1 Ir1 N2,0.0,CC(c1ccccc1)N1C=CN2C(C)c3cccc[c-]3->[Ir+3]3456(<-[Cl-])(<-[C]12)<-c1(C)c->3(C)c->4(C)[c-]->5(C)c->61C,CC(c1ccccc1)N1C=CN2C(C)c3cccc[c-]3->[Ir+3]3456(<-[Cl-])(<-[C]12)<-c1(C)c->3(C)c->4(C)[c-]->5(C)c->61C,CC(c1ccccc1)N1C=CN2C(C)c3cccc[c-]3->[Ir+3]3456(<-[Cl-])(<-[C]12)<-c1(C)c->3(C)c->4(C)[c-]->5(C)c->61C
MIMXAH,CS(C)(=O)->[Rh+](<-[Cl-])(<-S(C)(C)=O)<-S(C)(C)=O,C6 H18 Cl1 O3 Rh1 S3,0.0,CS(C)(=O)->[Rh+](<-[Cl-])(<-S(C)(C)=O)<-S(C)(C)=O,CS(C)(=O)->[Rh+](<-[Cl-])(<-S(C)(C)=O)<-S(C)(C)=O,CS(C)(=O)->[Rh+](<-[Cl-])(<-S(C)(C)=O)<-S(C)(C)=O
MINPIK,c1ccc2-c3ncc[n-]3->[Ru+2]34(<-[O-]c2c1)(<-n1ccccc1-c1ccccn->31)<-n1ccccc1-c1ccccn->41,C29 H22 N6 O1 Ru1,0.0,c1ccc2-c3ncc[n-]3->[Ru+2]34(<-[O-]c2c1)(<-n1ccccc1-c1ccccn->31)<-n1ccccc1-c1ccccn->41,c1ccc2-c3ncc[n-]3->[Ru+2]34(<-[O-]c2c1)(<-n1ccccc1-c1ccccn->31)<-n1ccccc1-c1ccccn->41,c1ccc2-c3ncc[n-]3->[Ru+2]34(<-[O-]c2c1)(<-n1ccccc1-c1ccccn->31)<-n1ccccc1-c1ccccn->41
MIPLII,CN12->[Fe+2]345(<-[O-]S(=O)(=O)C(F)(F)F)(<-[O-]S(=O)(=O)C(F)(F)F)<-n6ccc([N+](=O)[O-])cc->36CN->4(CC1)CCN->5(C)CC2,C16 H23 F6 Fe1 N5 O8 S2,0.0,CN12->[Fe+2]34(<-[O-]S(=O)(=O)C(F)(F)F)(<-[O-]S(=O)(=O)C(F)(F)F)<-n5ccc([N+](=O)[O-])cc5CN->3(CC1)CCN->4(C)CC2,CN12->[Fe+2]34(<-[O-]S(=O)(=O)C(F)(F)F)(<-[O-]S(=O)(=O)C(F)(F)F)<-n5ccc([N+](=O)[O-])cc5CN->3(CC1)CCN->4(C)CC2,CN12->[Fe+2]34(<-[O-]S(=O)(=O)C(F)(F)F)(<-[O-]S(=O)(=O)C(F)(F)F)<-n5ccc([N+](=O)[O-])cc5CN->3(CC1)CCN->4(C)CC2
MIQVEP,,C8 H15 N5 O4 Zn1,0.0,O=C1[O-]->[Zn+2]2(<-O)(<-O)<-[n-]3nnnc3CCN->23CCCC13,O=C1[O-]->[Zn+2]2(<-O)(<-O)<-[n-]3nnnc3CCN->23CCCC13,O=C1[O-]->[Zn+2]2(<-O)(<-O)<-[n-]3nnnc3CCN->23CCCC13
MIRKUT,CC(C)OC(=S)[S-]->[Hg+2]<-[CH3-],C5 H10 Hg1 O1 S2,0.0,CC(C)OC(=S)[S-]->[Hg+2]<-[CH3-],CC(C)OC(=S)[S-]->[Hg+2]<-[CH3-],CC(C)OC1=S->[Hg+2](<-[CH3-])<-[S-]1
MIRTUC,CN(C)C(=S)[N-]1/N=C\C2=CC=C/C3=C/N4=N/C(=S->[Ni@SP2+2]<-4<-1<-[N-]23)N(C)C,C13 H17 N7 Ni1 S2,0.0,CN(C)C(=S)[N-]1N=Cc2cccc3C=N4N=C([S-]->[Ni+2]<-4<-1<-n23)N(C)C,CN(C)C(=S)[N-]1N=CC2=CC=CC3=CN4=NC(=S->[Ni+2]<-4<-1<-[N-]23)N(C)C,CN(C)C(=S)[N-]1N=CC2=CC=CC3=CN4=NC(=S->[Ni+2]<-4<-1<-[N-]23)N(C)C
MITCAV,,C24 H29 Cl1 Ir1 Se2 1+,1.0,Cc12->[Ir+3]3456(<-[Cl-])(<-[Se](CC[Se]->3c3ccccc3)c3ccccc3)<-c1(C)c->4(C)[c-]->5(C)c->62C,C=C.Cc12->[Ir+5]345(<-[Cl-])(<-[Se-]c6ccccc6)(<-[Se-]c6ccccc6)<-c1(C)c->3(C)[c-]->4(C)c->52C,C=C.Cc12->[Ir+5]345(<-[Cl-])(<-[Se-]c6ccccc6)(<-[Se-]c6ccccc6)<-c1(C)c->3(C)[c-]->4(C)c->52C
MITMIL,CC/[O+]=[C-](/[C@H]1[C@H](c2ccccc2)[C@@H]([C-]([O-])N2CCCC2)C(=O)C[C@@H]1c1ccccc1)->[W+2](<-[C-]#[O+])(<-[C-]#[O+])(<-[C-]#[O+])(<-[C-]#[O+])<-[C-]#[O+],C31 H29 N1 O8 W1,0.0,CCO[C-2](C1C(c2ccccc2)CC(=O)C(C(=O)N2CCCC2)C1c1ccccc1)->[W+2](<-[C-]#[O+])(<-[C-]#[O+])(<-[C-]#[O+])(<-[C-]#[O+])<-[C-]#[O+],CCO[C](C1C(c2ccccc2)CC(=O)C(C(=O)N2CCCC2)C1c1ccccc1)->[W](<-[C-]#[O+])(<-[C-]#[O+])(<-[C-]#[O+])(<-[C-]#[O+])<-[C-]#[O+],CCO[C](C1C(c2ccccc2)CC(=O)C(C(=O)N2CCCC2)C1c1ccccc1)->[W](<-[C-]#[O+])(<-[C-]#[O+])(<-[C-]#[O+])(<-[C-]#[O+])<-[C-]#[O+]
MITYOD,,C19 H32 Ag1 F2 N6 O4 P1,0.0,N#CCCN12->[Ag+]345(<-[O-]P(=O)(F)F)<-O(CCO->3CCN->4(CCC#N)CCN->5(CCC#N)CC1)CC2,N#CCCN12->[Ag+]3(<-[O-]P(=O)(F)F)<-N(CCC#N)(CCOCCOCC1)CCN->3(CCC#N)CC2,N#CCCN1CCN(CCC#N)CCO2->[Ag+](<-[O-]P(=O)(F)F)<-O(CCN(CCC#N)CC1)CC2
MIVQIT,[O+]#[C-]->[Fe+2]12(<-[C-]#[O+])(<-[S-]CC[S-]->1)<-P(/C=C\P->2(c1ccccc1)c1ccccc1)(c1ccccc1)c1ccccc1,C30 H26 Fe1 O2 P2 S2,0.0,[O+]#[C-]->[Fe+2]12(<-[C-]#[O+])(<-[S-]CC[S-]->1)<-P(C=CP->2(c1ccccc1)c1ccccc1)(c1ccccc1)c1ccccc1,[O+]#[C-]->[Fe+2]12(<-[C-]#[O+])(<-[S-]CC[S-]->1)<-P(C=CP->2(c1ccccc1)c1ccccc1)(c1ccccc1)c1ccccc1,O=[C-]1SCC[S-]->[Fe+2]<-12(<-[C-]#[O+])<-P(C=CP->2(c1ccccc1)c1ccccc1)(c1ccccc1)c1ccccc1
MIVVAQ,,C24 H27 Co1 N3 O3 1+,1.0,Cc1ccc2O[CH2-]->[Co+3]34(<-O)(<-[O-]c5ccc(C)cc5C=N->3CCN->4=Cc2c1)<-n1ccccc1,Cc1ccc2O[CH2-]->[Co+3]34(<-O)(<-[O-]c5ccc(C)cc5C=N->3CCN->4=Cc2c1)<-n1ccccc1,Cc1ccc2O[CH2-]->[Co+3]34(<-O)(<-[O-]c5ccc(C)cc5C=N->3CCN->4=Cc2c1)<-n1ccccc1
MIXJEL,,C34 H27 Br2 N1 O1 P2 Pt1,0.0,N#Cc1ccc(C(=O)[CH-]2[P+](CP(c3ccccc3)(c3ccccc3)->[Pt+2]<-2(<-[Br-])<-[Br-])(c2ccccc2)c2ccccc2)cc1,N#Cc1ccc(C(=O)[CH-]2[P+](CP(c3ccccc3)(c3ccccc3)->[Pt+2]<-2(<-[Br-])<-[Br-])(c2ccccc2)c2ccccc2)cc1,N#Cc1ccc(C2(=O)[CH-]3[P+](CP(c4ccccc4)(c4ccccc4)->[Pt+2]<-3<-2(<-[Br-])<-[Br-])(c2ccccc2)c2ccccc2)cc1
MIYCAB,Cc1cccc2/N3=C4\C=CC=C\C4=C\[O-]->[Pd@OH26+2]<-3(<-[CH-]3[C@@H]4CC[C@@H](C4)[C@H]3c12)<-P(c1ccco1)(c1ccco1)c1ccco1,C33 H30 N1 O4 P1 Pd1,0.0,Cc1cccc2[N-]3c4ccccc4C=O->[Pd+2]<-3(<-[CH-]3C4CCC(C4)C3c12)<-P(c1ccco1)(c1ccco1)c1ccco1,Cc1cccc2N3=C4C=CC=CC4=C[O-]->[Pd+2]<-3(<-[CH-]3C4CCC(C4)C3c12)<-P(c1ccco1)(c1ccco1)c1ccco1,Cc1cccc2N3=C4C=CC=CC4=C[O-]->[Pd+2]<-3(<-[CH-]3C4CCC(C4)C3c12)<-P(c1ccco1)(c1ccco1)c1ccco1
MIYRAO,CCP(CC)(c1ccccc1)->[Re+5]1(<-[N-3])(<-[Cl-])(<-[O-]c2nc(-c3ccccc3)c(-c3ccccc3)nn->12)<-P(CC)(CC)c1ccccc1,C35 H40 Cl1 N4 O1 P2 Re1,0.0,CCP(CC)(c1ccccc1)->[Re+5]1(<-[N-3])(<-[Cl-])(<-O=c2nc(-c3ccccc3)c(-c3ccccc3)n[n-]->12)<-P(CC)(CC)c1ccccc1,CCP(CC)(c1ccccc1)->[Re+5]1(<-[N-3])(<-[Cl-])(<-[O-]c2nc(-c3ccccc3)c(-c3ccccc3)nn->12)<-P(CC)(CC)c1ccccc1,CCP(CC)(c1ccccc1)->[Re+5]1(<-[N-3])(<-[Cl-])(<-[O-]c2nc(-c3ccccc3)c(-c3ccccc3)nn->12)<-P(CC)(CC)c1ccccc1
MIZVAV,,C23 H22 Cl1 N3 O2 Ru1,0.0,CC(C)c12->[Ru+2]34567(<-[Cl-])(<-[C]8N9C=CC=CC9=CN8c8ccc([N+](=O)[O-])c[c-]->38)<-c(c->41)c->5(C)c->6c->72,CC(C)c12->[Ru+2]34567(<-[Cl-])(<-[C]8N9C=CC=CC9=CN8c8ccc([N+](=O)[O-])c[c-]->38)<-c(c->41)c->5(C)c->6c->72,CC(C)c12->[Ru+2]34567(<-[Cl-])(<-[C]8N9C=CC=CC9=CN8c8ccc([N+](=O)[O-])c[c-]->38)<-c(c->41)c->5(C)c->6c->72
MOBJES,O=[N+]1[O-]->[Cd+2]234(<-[O-]1)<-n1c5cccc1COc1ccccc1CN->2CCN->3CCN->4Cc1ccccc1OC5,C25 H30 Cd1 N5 O5 1+,1.0,O=[N+]1[O-]->[Cd+2]23456(<-[O-]1)<-n1c7cccc1CO->2c1ccccc1CN->3CCN->4CCN->5Cc1ccccc1O->6C7,O=[N+]([O-])[O-]->[Cd+2]12345<-n6c7cccc6CO->1c1ccccc1CN->2CCN->3CCN->4Cc1ccccc1O->5C7,O=[N+]12[O-]->[Cd+2]<-13456(<-[O-]2)<-n1c2cccc1CO->3c1ccccc1CN->4CCN->5CCN->6Cc1ccccc1OC2
MOCMAU,,C43 H26 F9 Ir1 N3 O2 P1,0.0,Fc1cc(C2=NP(=O->[Ir+3]34(<-[O-]2)(<-[c-]2cc(C(F)(F)F)ccc2-c2ccccn->32)<-[c-]2cc(C(F)(F)F)ccc2-c2ccccn->42)(c2ccccc2)c2ccccc2)cc(F)c1F,Fc1cc(C2=NP(=O->[Ir+3]34(<-[O-]2)(<-[c-]2cc(C(F)(F)F)ccc2-c2ccccn->32)<-[c-]2cc(C(F)(F)F)ccc2-c2ccccn->42)(c2ccccc2)c2ccccc2)cc(F)c1F,Fc1cc(C2=NP(=O->[Ir+3]34(<-[O-]2)(<-[c-]2cc(C(F)(F)F)ccc2-c2ccccn->32)<-[c-]2cc(C(F)(F)F)ccc2-c2ccccn->42)(c2ccccc2)c2ccccc2)cc(F)c1F
MODVEJ,,C14 H23 N2 O3 P2 Ru1 1+,1.0,CP(C)(C)->[Ru+]1(<-[C-]#[O+])(<-[C-]#[O+])(<-[C](=O)Nc2ccccn->12)<-P(C)(C)C,CP(C)(C)->[Ru+2]1(<-[C-]#[O+])(<-[C-]#[O+])(<-[C-](=O)Nc2ccccn->12)<-P(C)(C)C,CP(C)(C)->[Ru+2]1(<-[C-]#[O+])(<-[C-]#[O+])(<-[C-](=O)Nc2ccccn->12)<-P(C)(C)C
MOFMAW,CC(C)c1cccc(C(C)C)c1[N-]1c2ccccc2F->[Hf+4]<-12(<-[Cl-])(<-[Cl-])<-Fc1ccccc1[N-]->2c1c(C(C)C)cccc1C(C)C,C36 H42 Cl2 F2 Hf1 N2,0.0,CC(C)c1cccc(C(C)C)c1[N-]1c2ccccc2F->[Hf+4]<-12(<-[Cl-])(<-[Cl-])<-Fc1ccccc1[N-]->2c1c(C(C)C)cccc1C(C)C,CC(C)c1cccc(C(C)C)c1[N-](c1[c-]cccc1)->[Hf+8](<-[F-])(<-[F-])(<-[Cl-])(<-[Cl-])<-[N-](c1[c-]cccc1)c1c(C(C)C)cccc1C(C)C,CC(C)c1cccc(C(C)C)c1[N-](c1ccccc1F)->[Hf+4](<-[Cl-])(<-[Cl-])<-[N-](c1ccccc1F)c1c(C(C)C)cccc1C(C)C
MOHKOL,CCCc12->[Zr+4]3456789%10(<-[Cl-])(<-[Cl-])<-c1[c-]->3(CCC[c-]->41c->5c->6(CCC)c->73ccccc->831)c->91ccccc->%1021,C27 H30 Cl2 Zr1,0.0,CCCc12->[Zr+4]3456789%10(<-[Cl-])(<-[Cl-])<-[cH-]1c->3(CCCc->41[cH-]->5c->6(CCC)c->73ccccc->813)c->91ccccc->%1021,CCCc12->[Zr+4]3456789%10(<-[Cl-])(<-[Cl-])<-c1[c-]->3(CCC[c-]->41c->5c->6(CCC)c->73ccccc->831)c->91ccccc->%1021,CCCc12->[Zr+4]3456789%10(<-[Cl-])(<-[Cl-])<-c1[c-]->3(CCC[c-]->41c->5c->6(CCC)c->73ccccc->831)c->91ccccc->%1021
MOJGOH,CO1CCO(C)->[Y+3]<-123456(<-[N-](C(C)(C)C)[Si](C)(C)[c-]->21c->3(C)c->4(C)c->5(C)c->61C)<-[n-]1cccc1,C23 H41 N2 O2 Si1 Y1,0.0,CO1CCO(C)->[Y+3]<-123456(<-[N-](C(C)(C)C)[Si](C)(C)[c-]->21c->3(C)c->4(C)c->5(C)c->61C)<-[n-]1cccc1,CO1CCO(C)->[Y+3]<-123456(<-[N-](C(C)(C)C)[Si](C)(C)[c-]->21c->3(C)c->4(C)c->5(C)c->61C)<-[n-]1cccc1,Cc1c(C)c2(C)->[Y+3]34(<-[N-](C(C)(C)C)[Si](C)(C)[c-]->32c1C)(<-[n-]1cccc1)<-O(C)CCO->4C
MOKLON,C1=CC2=S->[Co+3]345(<-S=C6C=CC=C/C6=N->3\C=C3\C=CC=C[N-]->43)<-N(/C=C3/C=CC=C[N-]->53)=C\2C=C1,C24 H18 Co1 N4 S2 1+,1.0,fail,C1=CC2=CN3=C4C=CC=CC4=S->[Co+3]<-345(<-S=C3C=CC=CC3=N->4C=C3C=CC=C[N-]->53)<-[N-]2C=C1,C1=CC2=CN3=C4C=CC=CC4=S->[Co+3]<-345(<-S=C3C=CC=CC3=N->4C=C3C=CC=C[N-]->53)<-[N-]2C=C1
MOMQAG,C#CCCCc12->[Zr+4]3456(<-[Cl-])(<-[Cl-])<-c1[c-]->3([Si](C)(C)[N-]->4C(C)(C)C)c->51ccccc->621,C20 H29 Cl2 N1 Si1 Zr1,0.0,fail,[C]=CCCCc12->[Zr+4]3456(<-[Cl-])(<-[Cl-])<-c1[c-]->3([Si](C)(C)[N-]->4C(C)(C)C)c->51ccccc->621,[C]=CCCCc12->[Zr+4]3456(<-[Cl-])(<-[Cl-])<-c1[c-]->3([Si](C)(C)[N-]->4C(C)(C)C)c->51ccccc->621
MONFOK,O=C1C=CC(=O)C2->[Pd](<-C=21)(<-P(c1ccccc1)(c1ccccc1)c1ccccc1)<-P(c1ccccc1)(c1ccccc1)c1ccccc1,C42 H34 O2 P2 Pd1,0.0,O=C1C=CC(=O)C2->[Pd](<-C=21)(<-P(c1ccccc1)(c1ccccc1)c1ccccc1)<-P(c1ccccc1)(c1ccccc1)c1ccccc1,O=c1ccc(=O)[cH-]2->[Pd+2](<-[cH-]12)(<-P(c1ccccc1)(c1ccccc1)c1ccccc1)<-P(c1ccccc1)(c1ccccc1)c1ccccc1,O=c12->[Pd+2]34(<-[cH-]1[cH-]->3c->4(=O)cc2)(<-P(c1ccccc1)(c1ccccc1)c1ccccc1)<-P(c1ccccc1)(c1ccccc1)c1ccccc1
MOPFAZ,O=C(O)c1ccc(CN23->[Tc+7]4(<-[O-2])(<-[O-2])(<-[O-2])<-N(CCN->4CC2)CC3)cc1,C14 H21 N3 O5 Tc1 1+,1.0,O=C(O)c1ccc(CN23->[Tc+7]4(<-[O-2])(<-[O-2])(<-[O-2])<-N(CCN->4CC2)CC3)cc1,O=C(O)c1ccc(CN23->[Tc+7]4(<-[O-2])(<-[O-2])(<-[O-2])<-N(CCN->4CC2)CC3)cc1,O=C(O)c1ccc(CN23->[Tc+7]4(<-[O-2])(<-[O-2])(<-[O-2])<-N(CCN->4CC2)CC3)cc1
MOPVEU,Cc12->[Zr+4]3456789%10%11%12(<-c%13c->3c->4[cH-]->5c->6%13)(<-[cH-]3cccc3)<-c3(C)c->71c->8(c->9(C)[c-]->%103C)[c-]->%11(C)c->%122C,C24 H28 Zr1,0.0,CC12->[Zr+2]3456789%10%11%12(<-c%13c->3c->4[cH-]->5c->6%13)(<-[cH-]3cccc3)<-C3(C)=C->7(C)C->8(=C->91C)C->%10(=C->%113C)C->%12=2C,Cc12->[Zr+4]3456789%10%11%12(<-c%13c->3c->4[cH-]->5c->6%13)(<-[cH-]3cccc3)<-c3(C)c->71c->8(c->9(C)[c-]->%103C)[c-]->%11(C)c->%122C,Cc1c(C)[c-]2(C)->[Zr+4]3456789%10%11(<-c%12c->3c->4[cH-]->5c->6%12)(<-c3ccc[cH-]->73)<-c3(C)c->8(C)[c-]->9(C)c->%101c->%1132
MOQJEJ,,C17 H27 Cl1 N3 O2 P1 Ru1,0.0,CC(C)(C)P1(Nc2cccc3C4=N(->[RuH+]<-1(<-[Cl-])(<-[C-]#[O+])<-n23)CCO4)C(C)(C)C,CC(C)(C)P1(Nc2cccc3C4=N(->[RuH+]<-1(<-[Cl-])(<-[C-]#[O+])<-n23)CCO4)C(C)(C)C,CC(C)(C)P1(Nc2cccc3C4=N(->[RuH+]<-1(<-[Cl-])(<-[C-]#[O+])<-n23)CCO4)C(C)(C)C
MORCAX,C[c-]12->[Ni+2]34(<-[CH3-])(<-c(c5ccccc->351)c->42)<-[P@TB3](C1CCCCC1)(C1CCCCC1)C1CCCCC1,C29 H45 Ni1 P1,0.0,Cc12->[Ni+2]345(<-[CH3-])(<-c([cH-]->31)c->41ccccc->521)<-P(C1CCCCC1)(C1CCCCC1)C1CCCCC1,C[c-]12->[Ni+2]345(<-[CH3-])(<-c(c->31)c->41ccccc->512)<-P(C1CCCCC1)(C1CCCCC1)C1CCCCC1,C[c-]12->[Ni+2]345(<-[CH3-])(<-c(c->31)c->41ccccc->512)<-P(C1CCCCC1)(C1CCCCC1)C1CCCCC1
MOSNEP,,C38 H32 N4 P1 Ru1 1+,1.0,c1ccc(P(c2ccccc2)(c2ccccc2)->[RuH+]23(<-n4ccccc4-c4ccccn->24)<-n2ccccc2-c2ccccn->32)cc1,c1ccc(P(c2ccccc2)(c2ccccc2)->[RuH+]23(<-n4ccccc4-c4ccccn->24)<-n2ccccc2-c2ccccn->32)cc1,c1ccc(P(c2ccccc2)(c2ccccc2)->[RuH+]23(<-n4ccccc4-c4ccccn->24)<-n2ccccc2-c2ccccn->32)cc1
MOSZOJ,CC1=CC=C[N-]2->[Mn+]34(<-[C-]#[O+])(<-[C-]#[O+])(<-[C-]#[O+])<-C(c5ccccc5)(c5ccccc5)=c->35ccccc->45=C12,C28 H20 Mn1 N1 O3,0.0,fail,CC1=CC=C[N-]2->[Mn+]34(<-[C-]#[O+])(<-[C-]#[O+])(<-[C-]#[O+])<-C(c5ccccc5)(c5ccccc5)=c->35ccccc->45=C12,CC1=CC=C[N-]2->[Mn+]34(<-[C-]#[O+])(<-[C-]#[O+])(<-[C-]#[O+])<-C(c5ccccc5)(c5ccccc5)=c->35ccccc->45=C12
MOVDUY,Nn1c([S-]->[Hg@SP1+2]2<-Nn3c([S-]->2)nnc3-c2ccncc2)nnc1-c1ccncc1,C14 H12 Hg1 N10 S2,0.0,Nn1c([S-]->[Hg+2]<-[S-]c2nnc(-c3ccncc3)n2N)nnc1-c1ccncc1,Nn1c([S-]->[Hg+2]<-[S-]c2nnc(-c3ccncc3)n2N)nnc1-c1ccncc1,Nn1c([S-]->[Hg+2]<-[S-]c2nnc(-c3ccncc3)n2N)nnc1-c1ccncc1
MOWGIQ,CC(C)N(C1=C(->[Cu+]<-[Cl-])=C1N(C(C)C)C(C)C)C(C)C,C15 H28 Cl1 Cu1 N2,0.0,CC(C)N(C1=C(N(C(C)C)C(C)C)[C-]1->[Cu+2]<-[Cl-])C(C)C,CC(C)N(C1=C(->[Cu+]<-[Cl-])=C1N(C(C)C)C(C)C)C(C)C,CC(C)N(C1=C(->[Cu+]<-[Cl-])=C1N(C(C)C)C(C)C)C(C)C
MOWSIA,,C21 H37 Cl1 Si2 Zr1,0.0,Cc12->[ZrH+3]3456789(<-[Cl-])(<-c%10[cH-]->3c->4([Si](C)(C)C)c->5c->6%10[Si](C)(C)C)<-c1(C)c->7(C)[c-]->8(C)c->92C,Cc12->[ZrH+3]3456789(<-[Cl-])(<-c%10c->3[c-]->4([Si](C)(C)C)c->5c->6%10[Si](C)(C)C)<-c1(C)c->7(C)[c-]->8(C)c->92C,Cc12->[ZrH+3]3456789(<-[Cl-])(<-c%10c->3[c-]->4([Si](C)(C)C)c->5c->6%10[Si](C)(C)C)<-c1(C)c->7(C)[c-]->8(C)c->92C
MOXGOX,COc1ccc2/C=N3/N=C(\[O-]->[V+5]<-34(<-[O-2])(<-[O-]c2c1)<-[O-]c1cccc2cccn->4c12)c1cccc(C)c1,C25 H20 N3 O5 V1,0.0,COc1ccc2C=N3N=C([O-]->[V+5]<-34(<-[O-2])(<-[O-]c2c1)<-[O-]c1cccc2cccn->4c12)c1cccc(C)c1,COc1ccc2C=N3N=C([O-]->[V+5]<-34(<-[O-2])(<-[O-]c2c1)<-[O-]c1cccc2cccn->4c12)c1cccc(C)c1,COc1ccc2C=N3N=C([O-]->[V+5]<-34(<-[O-2])(<-[O-]c2c1)<-[O-]c1cccc2cccn->4c12)c1cccc(C)c1
MOYDAF,CC(C)P1(CCN(C)(C)->[Ni@+2]<-12<-[C-](/c1ccccc1)=[C-]->2/C(F)(F)F)C(C)C,C19 H29 F3 N1 Ni1 P1,0.0,CC(C)P1(CCN(C)(C)->[Ni]<-12<-C(c1ccccc1)#C->2C(F)(F)F)C(C)C,CC(C)P1(CCN(C)(C)->[Ni]<-12<-C(c1ccccc1)#C->2C(F)(F)F)C(C)C,CC(C)P1(CCN(C)(C)->[Ni]<-12<-C(c1ccccc1)#C->2C(F)(F)F)C(C)C
MOZDUC,[O-2]->[Mo+6]12345(<-[O-][O-]->1)(<-c1c->2c->3[cH-]->4c->51)<-[C-](F)(F)F,C6 H5 F3 Mo1 O3,0.0,[O-2]->[Mo+6]12345(<-[O-][O-]->1)(<-c1c->2c->3[cH-]->4c->51)<-[C-](F)(F)F,[O-2]->[Mo+6]12345(<-[O-][O-]->1)(<-c1c->2c->3[cH-]->4c->51)<-[C-](F)(F)F,[O-2]->[Mo+6]12345(<-[O-][O-]->1)(<-c1c->2c->3[cH-]->4c->51)<-[C-](F)(F)F
MTCPMO,[O+]#[C-]->[Mn+]12(<-[C-]#[O+])(<-[C-]#[O+])<-S=C([S-]->1)N1[C][C@]13[C@@H]1C=C(P->2(c2ccccc2)c2ccccc2)C=C[C@@H]13,C24 H21 Mn1 N1 O3 P1 S2,0.0,fail,[C]=[N+]([C-3])C1=S->[Mn+3](<-[C-]#[O+])(<-[C-]#[O+])(<-[C-]#[O+])(<-[S-]1)<-P(c1ccccc1)(c1ccccc1)c1ccccc1,[O+]#[C-]->[Mn+]12(<-[C-]#[O+])(<-[C-]#[O+])<-S=C([S-]->1)N1[C]C13C1C=CC(P->2(c2ccccc2)c2ccccc2)=CC13
MUCCIW,C1=CC2=O->[Ru+2]34(<-[O-]/C=C\2C=C1)(<-n1ccccc1-c1ccccn->31)<-n1ccccc1-c1ccccn->41,C27 H21 N4 O2 Ru1 1+,1.0,C1=O->[Ru+2]23(<-[O-]c4ccccc41)(<-n1ccccc1-c1ccccn->21)<-n1ccccc1-c1ccccn->31,C1=O->[Ru+2]23(<-[O-]c4ccccc41)(<-n1ccccc1-c1ccccn->21)<-n1ccccc1-c1ccccn->31,C1=O->[Ru+2]23(<-[O-]c4ccccc41)(<-n1ccccc1-c1ccccn->21)<-n1ccccc1-c1ccccn->31
MUCXAL,Cc1cccc2[O-]->[Ti+4]34(<-[O-]c5cccc(C)n->35)(<-[O-]c3cccc(C)n->43)(<-n12)<-[N-](C)C,C20 H24 N4 O3 Ti1,0.0,Cc1cccc2[O-]->[Ti+4]34(<-[O-]c5cccc(C)n->35)(<-[O-]c3cccc(C)n->43)(<-n12)<-[N-](C)C,Cc1cccc2[O-]->[Ti+4]34(<-[O-]c5cccc(C)n->35)(<-[O-]c3cccc(C)n->43)(<-n12)<-[N-](C)C,Cc1cccc2[O-]->[Ti+4]34(<-[O-]c5cccc(C)n->35)(<-[O-]c3cccc(C)n->43)(<-n12)<-[N-](C)C
MUFBIZ,,C17 H28 Cl1 N2 Rh1,0.0,[Cl-]->[Rh+]123(<-[C](N4CCCC4)N4CCCC4)<-C4=C->1CCC->2=C->3CC4,[Cl-]->[Rh+]123(<-[C](N4CCCC4)N4CCCC4)<-C4=C->1CCC->2=C->3CC4,[Cl-]->[Rh+]123(<-[C](N4CCCC4)N4CCCC4)<-C4=C->1CCC->2=C->3CC4
MUGZOE,CC(C)(C)[N+]#[C-]->[Rh+3]12(<-[Cl-])(<-[O-][O-]->1)<-n1ccc(C(C)(C)C)cc1-c1cc(C(C)(C)C)ccn->21,C23 H33 Cl1 N3 O2 Rh1,0.0,CC(C)(C)[N+]#[C-]->[Rh+3]12(<-[Cl-])(<-[O-][O-]->1)<-n1ccc(C(C)(C)C)cc1-c1cc(C(C)(C)C)ccn->21,CC(C)(C)[N+]#[C-]->[Rh+3]12(<-[Cl-])(<-[O-][O-]->1)<-n1ccc(C(C)(C)C)cc1-c1cc(C(C)(C)C)ccn->21,CC(C)(C)[N+]#[C-]->[Rh+3]12(<-[Cl-])(<-[O-][O-]->1)<-n1ccc(C(C)(C)C)cc1-c1cc(C(C)(C)C)ccn->21
MUHKAD,[Cl-]->[Ru+2]123(<-O=C4/C(=N->1/c1ccccc1)c1cccc5cccc4c15)<-n1cccn1C(n1cccn->21)n1cccn->31,C28 H21 Cl1 N7 O1 Ru1 1+,1.0,[Cl-]->[Ru+2]123(<-O=C4C(=N->1c1ccccc1)c1cccc5cccc4c15)<-n1cccn1C(n1cccn->21)n1cccn->31,[Cl-]->[Ru+4]123(<-[O-]C4=C([N-]->1c1ccccc1)c1cccc5cccc4c15)<-n1cccn1C(n1cccn->21)n1cccn->31,[Cl-]->[Ru+4]123(<-[O-]C4=C([N-]->1c1ccccc1)c1cccc5cccc4c15)<-n1cccn1C(n1cccn->21)n1cccn->31
MUJMOT,Cc1cc(C)n(->[Ni+2]23(<-S=P(CC(C)C)(CC(C)C)[S-]->2)<-S=P(CC(C)C)(CC(C)C)[S-]->3)[nH]1,C21 H44 N2 Ni1 P2 S4,0.0,fail,Cc1cc(C)n(->[Ni+2]23(<-S=P(CC(C)C)(CC(C)C)[S-]->2)<-S=P(CC(C)C)(CC(C)C)[S-]->3)[nH]1,Cc1cc(C)n(->[Ni+2]234(<-S=P(CC(C)C)(CC(C)C)[S-]->2)<-S=P->3(CC(C)C)(CC(C)C)[S-]->4)[nH]1
MULRAN,C[NH2+]CCC/N1=C/c2cc(Cl)cc(Br)c2[O-]->[Zn@@+2]<-1(<-[N-]=C=S)<-[O-]C(C)=O,C14 H17 Br1 Cl1 N3 O3 S1 Zn1,0.0,C[NH2+]CCCN1=Cc2cc(Cl)cc(Br)c2[O-]->[Zn+2]<-1(<-[N-]=C=S)<-[O-]C(C)=O,C[NH2+]CCCN1=Cc2cc(Cl)cc(Br)c2[O-]->[Zn+2]<-1(<-[N-]=C=S)<-[O-]C(C)=O,C[NH2+]CCCN1=Cc2cc(Cl)cc(Br)c2[O-]->[Zn+2]<-12(<-[N-]=C=S)<-O=C(C)[O-]->2
MUMGIL,CC1(C)C[C-]2[CH-][C-]3[C+](Br)[CH+][C+]4/C=C5/C=CC6=N5->[Zn@SP1+2]5(<-[N-]43)<-[N-]2[C-]1/C=C1/C=C(Br)/C(=C/6)[NH2+]->51,C22 H16 Br2 N4 Zn1,0.0,CC1(C)Cc2cc3c(Br)cc4cc5n6->[Zn+2]7(<-n2c1cc1cc(Br)c(cc6C=C5)[n-]->71)<-[n-]43,CC1(C)Cc2cc3c(Br)cc4cc5n6->[Zn+2]7(<-n2c1cc1cc(Br)c(cc6C=C5)[n-]->71)<-[n-]43,CC1(C)Cc2cc3c(Br)cc4cc5n6->[Zn+2]7(<-n2c1cc1cc(Br)c(cc6C=C5)[n-]->71)<-[n-]43
MUNKOX,,C26 H22 N4 O8 Zn1,0.0,fail,O=C([O-]->[Zn+2](<-O)(<-O)<-[O-]C(=O)c1cc(N=Nc2ccccc2)ccc1O)c1cc(N=Nc2ccccc2)ccc1O,Oc1ccc(N=Nc2ccccc2)cc1[C-]12[O-]->[Zn+6]<-134(<-O)(<-O)(<-[O-]2)<-[O-][C-]->3([O-]->4)c1cc(N=Nc2ccccc2)ccc1O
MUQTID,COC(=O)C12Cc3ccccn3->[Rh+3]<-13(<-[Cl-])(<-[O-]C=2OC)<-n1ccccc1C[C-]->3(C(=O)OC)C(=O)OC,C22 H24 Cl1 N2 O8 Rh1,0.0,COC(=O)[C-]1(Cc2ccccn2->[Rh+3]<-123(<-[Cl-])<-O=C(OC)[C-]->2(Cc1ccccn->31)C(=O)OC)C(=O)OC,COC(=O)C12Cc3ccccn3->[Rh+3]<-13(<-[Cl-])(<-[O-]C=2OC)<-n1ccccc1C[C-]->3(C(=O)OC)C(=O)OC,COC(=O)C12Cc3ccccn3->[Rh+3]<-134(<-[Cl-])(<-[O-]C->3=2OC)<-n1ccccc1C[C-]->4(C(=O)OC)C(=O)OC
MURCEJ,,C27 H29 Cl1 Ir1 N1 P1 Se1 1+,1.0,Cc12->[Ir+3]3456(<-[Cl-])(<-[Se]=P(c7ccccc7)(c7ccccc7)c7ccccn->37)<-c1(C)c->4(C)[c-]->5(C)c->62C,Cc12->[Ir+3]3456(<-[Cl-])(<-[Se]=P(c7ccccc7)(c7ccccc7)c7ccccn->37)<-c1(C)c->4(C)[c-]->5(C)c->62C,Cc12->[Ir+3]3456(<-[Cl-])(<-[Se]=P(c7ccccc7)(c7ccccc7)c7ccccn->37)<-c1(C)c->4(C)[c-]->5(C)c->62C
MUSPUL,CC(=O)[O-]->[Zn+2]1(<-[O-]C(C)=O)<-n2cccn2CCCn2cccn->12,C13 H18 N4 O4 Zn1,0.0,CC(=O)[O-]->[Zn+2]1(<-[O-]C(C)=O)<-n2cccn2CCCn2cccn->12,CC(=O)[O-]->[Zn+2]1(<-[O-]C(C)=O)<-n2cccn2CCCn2cccn->12,CC12=O->[Zn+2]<-1345(<-O=C->3(C)[O-]->4)(<-[O-]2)<-n1cccn1CCCn1cccn->51
MUTSOL,CC(C)P1(c2ccccc2-c2c[nH+]cc3-c4ccccc4P(C(C)C)(C(C)C)->[Pd@SP1]<-1<-c23)C(C)C,C29 H40 N1 P2 Pd1 1+,1.0,CC(C)P1(c2ccccc2C2=CNC=C3c4ccccc4P(C(C)C)(C(C)C)->[Pd+2]<-1<-[CH-]23)C(C)C,CC(C)P1(c2ccccc2-c2c[nH+]cc3-c4ccccc4P(C(C)C)(C(C)C)->[Pd]<-1<-c23)C(C)C,CC(C)P1(c2ccccc2-c2c[nH+]cc3-c4ccccc4P(C(C)C)(C(C)C)->[Pd]<-1<-c23)C(C)C
MUVNOI,CCO/[C-](=c1/cc/c(=C2/[CH-]C=CS2)s1)->[W+2](<-[C-]#[O+])(<-[C-]#[O+])(<-[C-]#[O+])(<-[C-]#[O+])<-[As](c1ccccc1)(c1ccccc1)c1ccccc1,C33 H25 As1 O5 S2 W1,0.0,CCO[C-2](c1ccc(-c2cccs2)s1)->[W+2](<-[C-]#[O+])(<-[C-]#[O+])(<-[C-]#[O+])(<-[C-]#[O+])<-[As](c1ccccc1)(c1ccccc1)c1ccccc1,CCO[C](c1ccc(-c2cccs2)s1)->[W](<-[C-]#[O+])(<-[C-]#[O+])(<-[C-]#[O+])(<-[C-]#[O+])<-[As](c1ccccc1)(c1ccccc1)c1ccccc1,CCO[C](c1ccc(-c2cccs2)s1)->[W](<-[C-]#[O+])(<-[C-]#[O+])(<-[C-]#[O+])(<-[C-]#[O+])<-[As](c1ccccc1)(c1ccccc1)c1ccccc1
MUXQUS,[O-2]->[V+5]12(<-[O-2])(<-O=C(/C=C/c3ccccc3)[O-]->1)<-O=C(/C=C/c1ccccc1)[O-]->2,C18 H14 O6 V1 1-,-1.0,fail,[O-2]->[V+5]12(<-[O-2])(<-O=C(C=Cc3ccccc3)[O-]->1)<-O=C(C=Cc1ccccc1)[O-]->2,O=C(C=Cc1ccccc1)[O-]->[V+5](<-[O-2])(<-[O-2])<-[O-]C(=O)C=Cc1ccccc1
MXNSNI,COC/N1=[SH]/N=S->[Ni@+2]<-12<-N=[SH]N=S->2,C2 H6 N4 Ni1 O1 S4,0.0,fail,COCN1=[SH]N=S->[Ni+2]<-12<-N=[SH]N=S->2,COCN1=[SH]N=S->[Ni+2]<-12<-N=[SH]N=S->2
NABLOR,CC(C)(C)[N-2]->[Ti+4]12(<-[Cl-])(<-[Cl-])<-N(C)(C)CCN->1(C)CCN->2(C)C,C13 H32 Cl2 N4 Ti1,0.0,CC(C)(C)[N-2]->[Ti+4]12(<-[Cl-])(<-[Cl-])<-N(C)(C)CCN->1(C)CCN->2(C)C,CC(C)(C)[N-2]->[Ti+4]12(<-[Cl-])(<-[Cl-])<-N(C)(C)CCN->1(C)CCN->2(C)C,CN(C)CCN1(C)CCN(C)(C)->[Ti+4]<-1(<-[Cl-])(<-[Cl-])<-[N-2]C(C)(C)C
NACHOP,Cc1ccc([N-]2CCn3cc[n+]4CC[N-](c5ccc(C)cc5)->[Zr@TB5+4]<-2(<-[CH2-][Si](C)(C)C)(<-[CH2-][Si](C)(C)C)<-[c-]34)cc1,C29 H46 N4 Si2 Zr1,0.0,Cc1ccc([N-]2CCN3C=CN4CC[N-](c5ccc(C)cc5)->[Zr+4]<-2(<-[CH2-][Si](C)(C)C)(<-[CH2-][Si](C)(C)C)<-[C]34)cc1,Cc1ccc([N-]2CCn3cc[n+]4CC[N-](c5ccc(C)cc5)->[Zr+4]<-2(<-[CH2-][Si](C)(C)C)(<-[CH2-][Si](C)(C)C)<-[c-]34)cc1,Cc1ccc([N-]2CCn3cc[n+]4CC[N-](c5ccc(C)cc5)->[Zr+4]<-2(<-[CH2-][Si](C)(C)C)(<-[CH2-][Si](C)(C)C)<-[c-]34)cc1
NACYEV,C/C1[C-](=O)->[Nb+5]234(<-[C-]=1\c1ccccc1)(<-[C-](/C)=[C-]->2/c1ccccc1)<-n1c(C)cc(C)n1[BH-](n1c(C)cc(C)n->31)n1c(C)cc(C)n->41,C34 H38 B1 N6 Nb1 O1,0.0,Cc1cc(C)[n-]2->[Nb+]345(<-[C-]#[O+])(<-C(C)#C->3c3ccccc3)(<-C(C)#C->4c3ccccc3)<-[n-]3c(C)cc(C)[n+]3[BH-]([n+]12)[n+]1c(C)cc(C)[n-]->51,Cc1cc(C)n2->[Nb+]345(<-[C-]#[O+])(<-C(C)#C->3c3ccccc3)(<-C(C)#C->4c3ccccc3)<-n3c(C)cc(C)n3[BH-](n12)n1c(C)cc(C)n->51,CC1[C-](=O)->[Nb+3]234(<-C(C)#C->2c2ccccc2)(<-[C-]=1c1ccccc1)<-n1c(C)cc(C)n1[BH-](n1c(C)cc(C)n->31)n1c(C)cc(C)n->41
NAFGUZ,O=C1c2ccccc2/C2=N3\c4ccccc4/N4=C5\c6ccccc6C(=O)c6cccc([O-]->[Ni@SP1+2]<-3<-4<-[O-]c3cccc1c32)c65,C34 H18 N2 Ni1 O4,0.0,O=C1c2ccccc2C2=N3c4ccccc4N4=C5c6ccccc6C(=O)c6cccc([O-]->[Ni+2]<-3<-4<-[O-]c3cccc1c32)c65,O=C1c2ccccc2C2=N3c4ccccc4[N-]4c5c6ccccc6c([O-])c6cccc([O-]->[Ni+4]<-3<-4<-[O-]c3cccc1c32)c56,O=C1c2ccccc2C2=N3c4ccccc4[N-]4c5c6ccccc6c([O-])c6cccc([O-]->[Ni+4]<-3<-4<-[O-]c3cccc1c32)c56
NAGBAZ,,C25 H52 N1 Os1 P2 1+,1.0,CC(C)P(C(C)C)(C(C)C)->[OsH3+]12(<-C=C->1c1ccccn->21)<-P(C(C)C)(C(C)C)C(C)C,CC(C)P(C(C)C)(C(C)C)->[OsH3+]12(<-C=C->1c1ccccn->21)<-P(C(C)C)(C(C)C)C(C)C,CC(C)P(C(C)C)(C(C)C)->[OsH3+]12(<-C=C->1c1ccccn->21)<-P(C(C)C)(C(C)C)C(C)C
NAGTIZ,C/[C-]1=[C-](\C)->[Ir+3]<-1(<-[Cl-])(<-P(C(C)C)(C(C)C)C(C)C)<-P(C(C)C)(C(C)C)C(C)C,C22 H48 Cl1 Ir1 P2,0.0,CC1#C(C)->[Ir+]<-1(<-[Cl-])(<-P(C(C)C)(C(C)C)C(C)C)<-P(C(C)C)(C(C)C)C(C)C,CC1#C(C)->[Ir+]<-1(<-[Cl-])(<-P(C(C)C)(C(C)C)C(C)C)<-P(C(C)C)(C(C)C)C(C)C,CC1#C(C)->[Ir+]<-1(<-[Cl-])(<-P(C(C)C)(C(C)C)C(C)C)<-P(C(C)C)(C(C)C)C(C)C
NAHNAN,,C22 H17 N5 O3 Ru1,0.0,COC1=N->[Ru+2]23(<-N=C1C#N)(<-[O-]c1cccc4cccn->2c14)<-[O-]c1cccc2cccn->3c12,COC1[NH-]->[Ru+4]23(<-[NH-]C=1C#N)(<-[O-]c1cccc4cccn->2c14)<-[O-]c1cccc2cccn->3c12,COC1[NH-]->[Ru+4]23(<-[NH-]C=1C#N)(<-[O-]c1cccc4cccn->2c14)<-[O-]c1cccc2cccn->3c12
NAKBEH,CO->[Mo+6]12(<-[O-2])(<-[O-2])<-[O-]c3c(C)cc(C)cc3CN->1(C)Cc1cc(C)cc(C)c1[O-]->2,C20 H27 Mo1 N1 O5,0.0,CO->[Mo+6]12(<-[O-2])(<-[O-2])<-[O-]c3c(C)cc(C)cc3CN->1(C)Cc1cc(C)cc(C)c1[O-]->2,CO->[Mo+6]12(<-[O-2])(<-[O-2])<-[O-]c3c(C)cc(C)cc3CN->1(C)Cc1cc(C)cc(C)c1[O-]->2,CO.Cc1cc(C)c2c(c1)CN(C)Cc1cc(C)cc(C)c1[O-]->[Mo+6](<-[O-2])(<-[O-2])<-[O-]2
NAKRAV,CSc1ccccc1P1(c2ccccc2)c2ccccc2S(C)->[Pd@@+2]<-1(<-[Cl-])<-[C-](C)=O,C22 H22 Cl1 O1 P1 Pd1 S2,0.0,CSc1ccccc1P1(c2ccccc2)c2ccccc2S(C)->[Pd+2]<-1(<-[Cl-])<-[C-](C)=O,CSc1ccccc1P1(c2ccccc2)c2ccccc2S(C)->[Pd+2]<-1(<-[Cl-])<-[C-](C)=O,CSc1ccccc1P1(c2ccccc2)c2ccccc2S(C)->[Pd+2]<-1(<-[Cl-])<-[C-](C)=O
NALRID,,C22 H22 Cu1 N4 O6 S1,0.0,CN(C)C=O->[Cu+2]123<-O=C(CN->1(CC(=O)[O-]->2)CC(=O)[O-]->3)Nc1ccc(-c2nc3ccccc3s2)cc1,CN(C)[C-]=O->[Cu+3]123<-O=C(CN->1(CC(=O)[O-]->2)CC(=O)[O-]->3)Nc1ccc(-c2nc3ccccc3s2)cc1,CN(C)[C-]=O->[Cu+3]123<-O=C(CN->1(CC(=O)[O-]->2)CC(=O)[O-]->3)Nc1ccc(-c2nc3ccccc3s2)cc1
NANFEP,CC1=O->[Pd@+2]2(<-[O-]1)<-N(=C1/C=CC=C/C1=C1\OCC(C)(C)[N-]->21)/c1c(C)cc(C)cc1C,C22 H26 N2 O3 Pd1,0.0,fail,Cc1cc(C)c(N2=C3C=CC=CC3=C3OCC(C)(C)[N-]3->[Pd+2]<-234<-O=C->3(C)[O-]->4)c(C)c1,Cc1cc(C)c(N2=C3C=CC=CC3=C3OCC(C)(C)[N-]3->[Pd+2]<-234<-O=C->3(C)[O-]->4)c(C)c1
NANSIH,,C20 H22 N1 P1 Pt1 S1,0.0,c1ccc(P(c2ccccc2)(c2ccccc2)->[PtH+]2<-NCC[S-]->2)cc1,c1ccc(P(c2ccccc2)(c2ccccc2)->[PtH+]2<-NCC[S-]->2)cc1,c1ccc(P(c2ccccc2)(c2ccccc2)->[PtH+]2<-NCC[S-]->2)cc1
NAPYOS,,C20 H42 Cl1 Ir1 O4 P2,0.0,C=[CH-]->[IrH+2]1(<-[Cl-])(<-O=C(CP->1(C(C)C)C(C)C)OC)<-P(CC(=O)OC)(C(C)C)C(C)C,C=[CH-]->[IrH+2]1(<-[Cl-])(<-O=C(CP->1(C(C)C)C(C)C)OC)<-P(CC(=O)OC)(C(C)C)C(C)C,C=[CH-]->[IrH+2]1(<-[Cl-])(<-O=C(CP->1(C(C)C)C(C)C)OC)<-P(CC(=O)OC)(C(C)C)C(C)C
NAQXIM,O=C(C=C1SCCS1)/C1=C2/c3cccc[n+]3[C-](=O)->[Fe]<-1<-2(<-[C-]#[O+])(<-[C-]#[O+])<-[C-]#[O+],C16 H11 Fe1 N1 O5 S2,0.0,O=C(C=C1SCCS1)C1=C(c2ccccn2)->[Fe]<-1(<-[C-]#[O+])(<-[C-]#[O+])(<-[C-]#[O+])<-[C-]#[O+],O=C(C=C1SCCS1)C1=C(c2ccccn2)->[Fe]<-1(<-[C-]#[O+])(<-[C-]#[O+])(<-[C-]#[O+])<-[C-]#[O+],O=C(C=C1SCCS1)C1=C2c3cccc[n+]3[C-](=O)->[Fe]<-1<-2(<-[C-]#[O+])(<-[C-]#[O+])<-[C-]#[O+]
NASHAR,,C32 H32 P2 Ru1,0.0,Cc12->[RuH+]3456(<-c(c->3[cH-]->41)c->52)<-P(CCP->6(c1ccccc1)c1ccccc1)(c1ccccc1)c1ccccc1,Cc12->[RuH+]3456(<-c(c->3[cH-]->41)c->52)<-P(CCP->6(c1ccccc1)c1ccccc1)(c1ccccc1)c1ccccc1,Cc12->[RuH+]3456(<-c(c->3[cH-]->41)c->52)<-P(CCP->6(c1ccccc1)c1ccccc1)(c1ccccc1)c1ccccc1
NASPOO,CC1=O->[Co+3]234(<-[O-]1)<-[O-]c1c(C)cc(C)cc1/C=N->2/[C@H]1CCCC[C@@H]1/N->3=C/c1cc(C)cc(C)c1[O-]->4,C26 H31 Co1 N2 O4,0.0,fail,Cc1cc(C)c2[O-]->[Co+3]3456(<-O=C->3(C)[O-]->4)<-[O-]c3c(C)cc(C)cc3C=N->5C3CCCCC3N->6=Cc2c1,Cc1cc(C)c2[O-]->[Co+3]3456(<-O=C->3(C)[O-]->4)<-[O-]c3c(C)cc(C)cc3C=N->5C3CCCCC3N->6=Cc2c1
NATZOZ,CCS/C1=N/N2=C/c3c([O-]->[Mo+6]<-2(<-[O-2])(<-[O-2])(<-OC)<-[N-]1c1ccccc1)ccc1ccccc31,C21 H21 Mo1 N3 O4 S1,0.0,CCSC1=NN2=Cc3c([O-]->[Mo+6]<-2(<-[O-2])(<-[O-2])(<-OC)<-[N-]1c1ccccc1)ccc1ccccc31,CCSC1=NN2=Cc3c([O-]->[Mo+6]<-2(<-[O-2])(<-[O-2])(<-OC)<-[N-]1c1ccccc1)ccc1ccccc31,CCSC1=NN2->[Mo+6](<-[O-2])(<-[O-2])(<-[O-]c3ccc4ccccc4c3C=2)<-[N-]1c1ccccc1.CO
NAWFOJ,Cc1ccc2[nH]c3=O->[Zn+2]45(<-O)(<-[O-][N+](=O)[O-]->4)<-S=C(N)N/N->5=C/c3cc2c1,C12 H14 N5 O5 S1 Zn1 1+,1.0,Cc1ccc2[nH]c3=O->[Zn+2]4(<-O)(<-[O-][N+](=O)[O-])<-S=C(N)NN->4=Cc3cc2c1,Cc1ccc2[nH]c3=O->[Zn+2]4(<-O)(<-[O-][N+](=O)[O-])<-S=C(N)NN->4=Cc3cc2c1,Cc1ccc2[nH]c3=O->[Zn+2]456(<-O)(<-[O-][N+]->4(=O)[O-]->5)<-S=C(N)NN->6=Cc3cc2c1
NAXLUT,C/C1=C(\C)[N-](O)->[Rh+3]23(<-[CH2-]CCO[N-]->2/C(C)=C(/C)N->3=O)(<-N1=O)<-P(c1ccccc1)(c1ccccc1)c1ccccc1,C29 H34 N4 O4 P1 Rh1,0.0,CC1C(C)=N(O)->[Rh+]23(<-[CH2-]CCON->2=C(C)C(C)=N->3[O])(<-N=1[O])<-P(c1ccccc1)(c1ccccc1)c1ccccc1,CC1=C(C)[N-](O)->[Rh+3]23(<-[CH2-]CCO[N-]->2C(C)=C(C)N->3=O)(<-N1=O)<-P(c1ccccc1)(c1ccccc1)c1ccccc1,CC1=C(C)[N-](O)->[Rh+3]23(<-[CH2-]CCO[N-]->2C(C)=C(C)N->3=O)(<-N1=O)<-P(c1ccccc1)(c1ccccc1)c1ccccc1
NAYROW,CC(C)c1cccc(C(C)C)c1[N-]1[CH+][CH-][N-](c2c(C(C)C)cccc2C(C)C)->[Cr+4]<-12345(<-[Cl-])<-c1c->2c->3[cH-]->4c->51,C31 H41 Cl1 Cr1 N2,0.0,CC(C)c1cccc(C(C)C)c1N1=CC=N(c2c(C(C)C)cccc2C(C)C)->[Cr+2]<-12345(<-[Cl-])<-c1c->2c->3[cH-]->4c->51,CC(C)c1cccc(C(C)C)c1N1=CC=N(c2c(C(C)C)cccc2C(C)C)->[Cr+2]<-12345(<-[Cl-])<-c1c->2c->3[cH-]->4c->51,CC(C)c1cccc(C(C)C)c1N1=CC=N(c2c(C(C)C)cccc2C(C)C)->[Cr+2]<-12345(<-[Cl-])<-c1c->2c->3[cH-]->4c->51
NAZJUT,,C24 H30 Hf1 N2 Si1,0.0,fail,C[N-](C)->[Hf+4]123456789(<-c%10c->1[c-]->2([Si](C)(C)[c-]->31c->4c->52ccccc->62c->71)c->81ccccc->9%101)<-[N-](C)C,C[N-](C)->[Hf+4]12345(<-c6c7ccccc7c[c-]6[Si](C)(C)[c-]->16c->2c->3c->41ccccc->516)<-[N-](C)C
NEBCEE,N#C[S-]->[Hg+2]1(<-[S-]C#N)<-n2ccccc2CN->12CCSCc1cccc(c1)CSCC2,C20 H22 Hg1 N4 S4,0.0,N#C[S-]->[Hg+2]12(<-[S-]C#N)<-n3ccccc3CN->13CCSCc1cccc(c1)CS->2CC3,N#C[S-]->[Hg+2]1(<-[S-]C#N)<-n2ccccc2CN2CCSCc3cccc(c3)CS->1CC2,N#C[S-]->[Hg+2](<-[S-]C#N)<-n1ccccc1CN1CCSCc2cccc(c2)CSCC1
NEBRIW,C[Si]1(C)[N-]2CCCN->[Nb+5]<-23456(<-[Cl-])(<-[Cl-])(<-[Cl-])<-c2c->3c->4[c-]->51c->62,C10 H18 Cl3 N2 Nb1 Si1,0.0,C[Si]1(C)[N-]2CCCN->[Nb+5]<-23456(<-[Cl-])(<-[Cl-])(<-[Cl-])<-c2c->3[cH-]->4c->51c->62,C[Si]1(C)[N-]2CCCN->[Nb+5]<-23456(<-[Cl-])(<-[Cl-])(<-[Cl-])<-c2c->3c->4[c-]->51c->62,C[Si]1(C)[c-]2cccc2->[Nb+5]2(<-[Cl-])(<-[Cl-])(<-[Cl-])<-NCCC[N-]->21
NECLOX,,C17 H27 Mo1 O2 P1,0.0,CC(C)(C)P1(CCc23->[MoH+]<-1456(<-[C-]#[O+])(<-[C-]#[O+])<-c(c->4[cH-]->52)c->63)C(C)(C)C,CC(C)(C)P1(CC[c-]23->[MoH+]<-1456(<-[C-]#[O+])(<-[C-]#[O+])<-c(c->4c->52)c->63)C(C)(C)C,CC(C)(C)P1(CC[c-]23->[MoH+]<-1456(<-[C-]#[O+])(<-[C-]#[O+])<-c(c->4c->52)c->63)C(C)(C)C
NECVID,CC1=C(C)N(C)C(=[SiH]([Si](C(C)(C)C)(C(C)(C)C)C(C)(C)C)->[W](<-[C-]#[O+])(<-[C-]#[O+])(<-[C-]#[O+])(<-[C-]#[O+])<-[C-]#[O+])N1C,C24 H40 N2 O5 Si2 W1,0.0,CC1=C(C)N(C)[C]([SiH-]([Si](C(C)(C)C)(C(C)(C)C)C(C)(C)C)->[W+](<-[C-]#[O+])(<-[C-]#[O+])(<-[C-]#[O+])(<-[C-]#[O+])<-[C-]#[O+])N1C,CC1=C(C)N(C)C(=[SiH]([Si](C(C)(C)C)(C(C)(C)C)C(C)(C)C)->[W](<-[C-]#[O+])(<-[C-]#[O+])(<-[C-]#[O+])(<-[C-]#[O+])<-[C-]#[O+])N1C,CC1=C(C)N(C)C(=[SiH]([Si](C(C)(C)C)(C(C)(C)C)C(C)(C)C)->[W](<-[C-]#[O+])(<-[C-]#[O+])(<-[C-]#[O+])(<-[C-]#[O+])<-[C-]#[O+])N1C
NEDKOZ,CC1=C(C)N(C)C(=[Si](Cl)(Cl)->[Fe](<-[C-]#[O+])(<-[C-]#[O+])(<-[C-]#[O+])<-[C-]#[O+])N1C,C11 H12 Cl2 Fe1 N2 O4 Si1,0.0,CC1=C(C)N(C)C(=[Si](Cl)(Cl)->[Fe](<-[C-]#[O+])(<-[C-]#[O+])(<-[C-]#[O+])<-[C-]#[O+])N1C,CC1=C(C)N(C)C(=[Si](Cl)(Cl)->[Fe](<-[C-]#[O+])(<-[C-]#[O+])(<-[C-]#[O+])<-[C-]#[O+])N1C,CC1=C(C)N(C)C(=[Si](Cl)(Cl)->[Fe](<-[C-]#[O+])(<-[C-]#[O+])(<-[C-]#[O+])<-[C-]#[O+])N1C
NEFGUB,CCOC(=O)[C@@H]1C[C@@]12C(=O)[O-]->[Ni@SP2+2]13<-N(/C(=O)[C@@H]4CCCN->14Cc1ccccc1)=C1/C=CC=C/C1=C(\c1ccccc1)[N-]->32,C32 H31 N3 Ni1 O5,0.0,CCOC(=O)C1CC12C(=O)[O-]->[Ni+2]13<-N2=C(c2ccccc2)c2ccccc2[N-]->1C(=O)C1CCCN->31Cc1ccccc1,CCOC(=O)C1CC12C(=O)[O-]->[Ni+2]13<-N(C(=O)C4CCCN->14Cc1ccccc1)=C1C=CC=CC1=C(c1ccccc1)[N-]->32,CCOC(=O)C1CC12C(=O)[O-]->[Ni+2]13<-N(C(=O)C4CCCN->14Cc1ccccc1)=C1C=CC=CC1=C(c1ccccc1)[N-]->32
NEFNIV,,C18 H34 N1 O1 P1 W1,0.0,CC(C)(C)[CH-2]->[W+4]1234(<-[N-]=O)(<-c5(C)c->1(C)c->2(C)[c-]->3(C)c->45C)<-P(C)(C)C,CC(C)(C)[CH]->[W+2]1234(<-[N-]=O)(<-c5(C)c->1(C)c->2(C)[c-]->3(C)c->45C)<-P(C)(C)C,CC(C)(C)[CH]->[W+2]1234(<-[N-]=O)(<-c5(C)c->1(C)c->2(C)[c-]->3(C)c->45C)<-P(C)(C)C
NEGWAZ,CN(C)C(=S)[N-](c1ccccc1)->[Zr+4]12(<-[N-](C)C)<-[N-](Cc3ccc(CN->1(C)C)[n-]->23)C(C)(C)C,C23 H38 N6 S1 Zr1,0.0,CN(C)C1[S-]->[Zr+4]23(<-N=1c1ccccc1)(<-[N-](C)C)<-[N-](Cc1ccc(CN->2(C)C)[n-]->31)C(C)(C)C,CN(C)C1=S->[Zr+4]23(<-[N-](C)C)(<-[N-]1c1ccccc1)<-[N-](Cc1ccc(CN->2(C)C)[n-]->31)C(C)(C)C,CN(C)C1=S->[Zr+4]23(<-[N-](C)C)(<-[N-]1c1ccccc1)<-[N-](Cc1ccc(CN->2(C)C)[n-]->31)C(C)(C)C
NEJDOY,C[C@]1(CCC[N-][N+]#N)C(=O)[O-]->[Ni@SP2+2]23<-N(/C(=O)[C@@H]4CCCN->24Cc2ccccc2)=C2/C=CC=C/C2=C(\c2ccccc2)[N-]->31,C31 H32 N6 Ni1 O3,0.0,CC1(CCCN=[N+]=[N-])C(=O)[O-]->[Ni+2]23<-N1=C(c1ccccc1)c1ccccc1[N-]->2C(=O)C1CCCN->31Cc1ccccc1,CC1(CCC[N-][N+]#N)C(=O)[O-]->[Ni+2]23<-N(C(=O)C4CCCN->24Cc2ccccc2)=C2C=CC=CC2=C(c2ccccc2)[N-]->31,CC1(CCC[N-][N+]#N)C(=O)[O-]->[Ni+2]23<-N(C(=O)C4CCCN->24Cc2ccccc2)=C2C=CC=CC2=C(c2ccccc2)[N-]->31
NEJMEU,CC1(C)[O-]->[Zr+4]23(<-[CH2-]c4ccccc4)(<-[CH2-]c->24ccccc4)(<-[O-]C(C)(C)c2ccccn->32)<-n2ccccc21,C30 H34 N2 O2 Zr1,0.0,CC1(C)[O-]->[Zr+4]2(<-[CH2-]c3ccccc3)(<-[CH2-]c3ccccc3)(<-[O-]C(C)(C)c3ccccn->23)<-n2ccccc21,CC1(C)[O-]->[Zr+4]2(<-[CH2-]c3ccccc3)(<-[CH2-]c3ccccc3)(<-[O-]C(C)(C)c3ccccn->23)<-n2ccccc21,CC1(C)[O-]->[Zr+4]2(<-[CH2-]c3ccccc3)(<-[CH2-]c3ccccc3)(<-[O-]C(C)(C)c3ccccn->23)<-n2ccccc21
NEKGUG,,C35 H31 N2 O4 P1 Pd1,0.0,COc1ccc(C2=NN3=Cc4c(OC)cc(OC)c[c-]4->[Pd+2]<-3(<-[O-]2)<-P(c2ccccc2)(c2ccccc2)c2ccccc2)cc1,COc1ccc(C2=NN3=Cc4c(OC)cc(OC)c[c-]4->[Pd+2]<-3(<-[O-]2)<-P(c2ccccc2)(c2ccccc2)c2ccccc2)cc1,COc1ccc(C2=NN3=Cc4c(OC)cc(OC)c[c-]4->[Pd+2]<-3(<-[O-]2)<-P(c2ccccc2)(c2ccccc2)c2ccccc2)cc1
NELSEE,CP(C)(C)->[Co+3]1(<-[CH3-])(<-[CH3-])(<-N=C2C=CC=C/C2=C(/[O-]->1)c1ccccc1)<-P(C)(C)C,C21 H34 Co1 N1 O1 P2,0.0,CP(C)(C)->[Co+3]1(<-[CH3-])(<-[CH3-])(<-[NH-]c2ccccc2C(=O->1)c1ccccc1)<-P(C)(C)C,CP(C)(C)->[Co+3]1(<-[CH3-])(<-[CH3-])(<-N=C2C=CC=CC2=C([O-]->1)c1ccccc1)<-P(C)(C)C,CP(C)(C)->[Co+3]1(<-[CH3-])(<-[CH3-])(<-N=C2C=CC=CC2=C([O-]->1)c1ccccc1)<-P(C)(C)C
NEMMUP,CC(C)(C)CC(C)(C)/N1=C2/c34->[Fe+2]<-2<-1(<-[Cl-])(<-[Cl-])<-n3cccc4,C14 H22 Cl2 Fe1 N2,0.0,CC(C)(C)CC(C)(C)N1=Cc2ccccn2->[Fe+2]<-1(<-[Cl-])<-[Cl-],CC(C)(C)CC(C)(C)N1=Cc2ccccn2->[Fe+2]<-1(<-[Cl-])<-[Cl-],CC(C)(C)CC(C)(C)N1=Cc2ccccn2->[Fe+2]<-1(<-[Cl-])<-[Cl-]
NENQIG,,C20 H23 I1 Ir1 N3,0.0,Cc1cccc(N2=Nc3ccccn3->[Ir+]<-2345(<-[I-])<-C2=C->3CCC->4=C->5CC2)c1,Cc1cccc([N-]2N=c3cccc[n-]3->[Ir+3]<-2345(<-[I-])<-C2=C->3CCC->4=C->5CC2)c1,Cc1cccc([N-]2N=c3cccc[n-]3->[Ir+3]<-2345(<-[I-])<-C2=C->3CCC->4=C->5CC2)c1
NENZEM,[O-2]->[Tc+5]123(<-[O-]CC[O-]->1)<-N1CCN->2CCN->3CC1,C8 H19 N3 O3 Tc1 1+,1.0,[O-2]->[Tc+5]123(<-[O-]CC[O-]->1)<-N1CCN->2CCN->3CC1,[O-2]->[Tc+5]123(<-[O-]CC[O-]->1)<-N1CCN->2CCN->3CC1,[O-2]->[Tc+5]123(<-[O-]CC[O-]->1)<-N1CCN->2CCN->3CC1
NEPNED,Cc1ccc(/C=N2/CCc3ccccn3->[Pd+2]<-2(<-[Cl-])<-[Cl-])s1,C13 H14 Cl2 N2 Pd1 S1,0.0,Cc1ccc(C=N2CCc3ccccn3->[Pd+2]<-2(<-[Cl-])<-[Cl-])s1,Cc1ccc(C=N2CCc3ccccn3->[Pd+2]<-2(<-[Cl-])<-[Cl-])s1,Cc1ccc2C=N3CCc4ccccn4->[Pd+2]<-3(<-[Cl-])(<-[Cl-])<-s12
NEQRAD,C/C1=C(\C)[N-](O)->[Co+3]234(<-O)(<-O=N->2[O-]->3)(<-N1=O)<-N(=O)/C(C)=C(/C)[N-]->4O,C8 H16 Co1 N5 O7,0.0,CC1C(C)=N([O])->[Co-]2(<-O)(<-N=1[O])(<-N(O)=C(C)C(C)=N->2O)<-[N+](=O)=O,CC1=C(C)N(=O)->[Co+]2(<-O)(<-N(=O)[O-])(<-N1=O)<-N(O)=C(C)C(C)=N->2O,CC1=C(C)N(=O)->[Co+]2(<-O)(<-N(=O)[O-])(<-N1=O)<-N(O)=C(C)C(C)=N->2O
NERXOZ,Cc1ccn2->[Ir+3]34(<-[O-]C(=O)c5ccccn->35)(<-[c-]3cc(F)c(C(F)(F)F)c(F)c3-c2c1)<-[c-]1cc(F)c(C(F)(F)F)c(F)c1-c1cc(C)ccn->41,C32 H18 F10 Ir1 N3 O2,0.0,Cc1ccn2->[Ir+3]34(<-[O-]C(=O)c5ccccn->35)(<-[c-]3cc(F)c(C(F)(F)F)c(F)c3-c2c1)<-[c-]1cc(F)c(C(F)(F)F)c(F)c1-c1cc(C)ccn->41,Cc1ccn2->[Ir+3]34(<-[O-]C(=O)c5ccccn->35)(<-[c-]3cc(F)c(C(F)(F)F)c(F)c3-c2c1)<-[c-]1cc(F)c(C(F)(F)F)c(F)c1-c1cc(C)ccn->41,Cc1ccn2->[Ir+3]34(<-[O-]C(=O)c5ccccn->35)(<-[c-]3cc(F)c(C(F)(F)F)c(F)c3-c2c1)<-[c-]1cc(F)c(C(F)(F)F)c(F)c1-c1cc(C)ccn->41
NESJUR,[O+]#[C-]->[Re+]12(<-[H][BH-](N3CCSC3=S->1)N1CCSC1=S->2)(<-[C-]#[O+])<-[C-]#[O+],C9 H10 B1 N2 O3 Re1 S4,0.0,[O+]#[C-]->[Re+]12(<-[H][BH-](N3CCSC3=S->1)N1CCSC1=S->2)(<-[C-]#[O+])<-[C-]#[O+],[O+]#[C-]->[Re+]1(<-[C-]#[O+])(<-[C-]#[O+])<-S=C2SCCN2[BH2-]N2CCSC2=S->1,[O+]#[C-]->[Re+]1(<-[C-]#[O+])(<-[C-]#[O+])<-S=C2SCCN2[BH2-]N2CCSC2=S->1
NESYEP,[Cl-]->[Mo+6]1(<-[Cl-])(<-[N-2]N(c2ccccc2)c2ccccc2)(<-[N-2]N(c2ccccc2)c2ccccc2)<-n2cccc3ccc4cccn->1c4c32,C36 H28 Cl2 Mo1 N6,0.0,[Cl-]->[Mo+2]1(<-[Cl-])(<-[N-]=[N+](c2ccccc2)c2ccccc2)(<-[N-]=[N+](c2ccccc2)c2ccccc2)<-n2cccc3ccc4cccn->1c4c32,[Cl-]->[Mo+6]1(<-[Cl-])(<-[N-2]N(c2ccccc2)c2ccccc2)(<-[N-2]N(c2ccccc2)c2ccccc2)<-n2cccc3ccc4cccn->1c4c32,[Cl-]->[Mo+6]1(<-[Cl-])(<-[N-2]N(c2ccccc2)c2ccccc2)(<-[N-2]N(c2ccccc2)c2ccccc2)<-n2cccc3ccc4cccn->1c4c32
NETZAN,,C27 H51 N3 Si1 Zr1,0.0,CC(C)(C)[N-]1[Si](C)(C)[c-]23->[Zr+2]<-1456789(<-N(C(C)(C)C)C->4(C)=C->5(C)N->6C(C)(C)C)<-c(C)(c->7(C)c->82C)c->93C,CC1C(C)=N(C(C)(C)C)->[Zr+2]23456(<-N=1C(C)(C)C)<-[N-](C(C)(C)C)[Si](C)(C)[c-]->21c->3(C)c->4(C)c->5(C)c->61C,CC1C(C)=N(C(C)(C)C)->[Zr+2]23456(<-N=1C(C)(C)C)<-[N-](C(C)(C)C)[Si](C)(C)[c-]->21c->3(C)c->4(C)c->5(C)c->61C
NEVXAN,,C29 H41 N2 O2 Y1,0.0,fail,CC(C)N(C1[O-]->[Y+3]23456789(<-c%10c->2[cH-]->3c->4(C)c->5%10)(<-c2c->6[cH-]->7c->8(C)c->92)(<-N=1c1ccccc1)<-O1CCCC1)C(C)C,Cc1cc2->[Y+3]345678(<-[O-]C(N(C(C)C)C(C)C)=N->3c3ccccc3)(<-c3c->4[cH-]->5c->6(C)c->73)(<-c1[cH-]->82)<-O1CCCC1
NEWZOH,O=C(N/N1=C/c2cccc3cccn(->[Cd+2]<-1(<-[I-])<-[I-])c23)c1ccncc1,C16 H12 Cd1 I2 N4 O1,0.0,[I-]->[Cd+2]12(<-[I-])<-O=C(NN->1=Cc1cccc3cccn->2c13)c1ccncc1,[I-]->[Cd+2]12(<-[I-])<-O=C(NN->1=Cc1cccc3cccn->2c13)c1ccncc1,[I-]->[Cd+2]1(<-[I-])<-O=C(NN->1=Cc1cccc2cccnc12)c1ccncc1
NEXFOL,CC(C)=N([O-])->[Pt+2](<-N([O-])=C(C)C)(<-N(O)=C(C)C)<-N(O)=C(C)C,C12 H26 N4 O4 Pt1,0.0,CC(C)=N([O])->[Pt](<-N([O])=C(C)C)(<-N(O)=C(C)C)<-N(O)=C(C)C,CC(C)=N([O-])->[Pt+2](<-N([O-])=C(C)C)(<-N(O)=C(C)C)<-N(O)=C(C)C,CC(C)=N([O-])->[Pt+2](<-N([O-])=C(C)C)(<-N(O)=C(C)C)<-N(O)=C(C)C
NEXVUJ,[Cl-]->[Zn+2]1(<-[Cl-])<-n2c(-c3cccc(-c4n(-c5ccccc5)c5ccccc5n->14)n3)n(-c1ccccc1)c1ccccc12,C31 H21 Cl2 N5 Zn1,0.0,[Cl-]->[Zn+2]12(<-[Cl-])<-n3c(-c4n(-c5ccccc5)c5ccccc5n->14)cccc3-c1n(-c3ccccc3)c3ccccc3n->21,[Cl-]->[Zn+2]12(<-[Cl-])<-n3c(-c4n(-c5ccccc5)c5ccccc5n->14)cccc3-c1n(-c3ccccc3)c3ccccc3n->21,[Cl-]->[Zn+2]12(<-[Cl-])<-n3c(-c4n(-c5ccccc5)c5ccccc5n->14)cccc3-c1n(-c3ccccc3)c3ccccc3n->21
NEYRIT,CCP(CC)(CC)->[Ni+2]1(<-[c-]2ccccc2-c2cccc[c-]->12)<-P(CC)(CC)CC,C24 H38 Ni1 P2,0.0,CCP(CC)(CC)->[Ni+2]1(<-[c-]2ccccc2-c2cccc[c-]->12)<-P(CC)(CC)CC,CCP(CC)(CC)->[Ni+2]1(<-[c-]2ccccc2-c2cccc[c-]->12)<-P(CC)(CC)CC,CCP(CC)(CC)->[Ni]1(<-[C]2C=CC=CC2=C2C=CC=C[C]->12)<-P(CC)(CC)CC
NEZVUJ,,C25 H33 Mo1 O1 1+,1.0,Cc1c(C)c(C)[c-]23->[Mo+2]45678(<-[C-]#[O+])(<-C(C)#C->4C)(<-C(C)#C->5C)<-c(C)(c->6(C)c->72c1C)c->83C,Cc1c(C)c(C)c23->[Mo+2]45678(<-[C-]#[O+])(<-C(C)#C->4C)(<-C(C)#C->5C)<-c(C)(c->62c1C)[c-]->7(C)c->83C,Cc1c(C)c(C)c23->[Mo+2]45678(<-[C-]#[O+])(<-C(C)#C->4C)(<-C(C)#C->5C)<-c(C)(c->62c1C)[c-]->7(C)c->83C
NIBFOV,,C18 H15 Fe1 N2 1+,1.0,c1c[nH+]c2nc(-c34->[Fe+2]56789%10%11(<-c%12c->5c->6[cH-]->7c->8%12)<-c(c->9[cH-]->%103)c->%114)ccc2c1,C1=CNc2nc(=C34->[Fe+2]56789%10%11(<-C(=C->53)C->6=C->74)<-c3c->8c->9[cH-]->%10c->%113)ccc2=C1,C1=CNc2nc(=C34->[Fe+2]56789%10%11(<-C(=C->53)C->6=C->74)<-c3c->8c->9[cH-]->%10c->%113)ccc2=C1
NIBWIE,Cc1cc(C)n2->[W+4]345(<-[C-]#[O+])(<-[C-]#[O+])(<-[CH-](C)[CH-]->3[CH-]->4c3ccccc3)<-n3c(C)cc(C)n3[BH-](n12)n1c(C)cc(C)n->51,C27 H33 B1 N6 O2 W1,0.0,fail,Cc1cc(C)n2->[W+2]345(<-[C-]#[O+])(<-[C-]#[O+])(<-C(c6ccccc6)=C->3[CH-]->4C)<-n3c(C)cc(C)n3[BH-](n12)n1c(C)cc(C)n->51,Cc1cc(C)n2->[W+2]345(<-[C-]#[O+])(<-[C-]#[O+])(<-C(c6ccccc6)=C->3[CH-]->4C)<-n3c(C)cc(C)n3[BH-](n12)n1c(C)cc(C)n->51
NICZOO,,C24 H38 B2 Cl1 O4 P2 Rh1,0.0,CCP(CC)(CC)->[Rh+3](<-[Cl-])(<-[BH2-]1Oc2ccccc2O1)(<-[BH2-]1Oc2ccccc2O1)<-P(CC)(CC)CC,CCP(CC)(CC)->[Rh-](<-[Cl-])(<-b1oc2ccccc2[o+]1)(<-b1oc2ccccc2[o+]1)<-P(CC)(CC)CC,CCP(CC)(CC)->[Rh+]1(<-[Cl-])(<-B2(B->13Oc1ccccc1O3)Oc1ccccc1O2)<-P(CC)(CC)CC
NIDLOB,Cc12->[Fe]3456789(<-C(/C->3=N->4/C3CCCCC3)=N->5\C3CCCCC3)<-c(c->6c->71)c->8c->92,C21 H32 Fe1 N2,0.0,Cc12->[Fe]34567(<-c(c->3c->41)c->5c->62)<-N(=CC=N->7C1CCCCC1)C1CCCCC1,Cc12->[Fe]34567(<-c(c->3c->41)c->5c->62)<-N(=CC=N->7C1CCCCC1)C1CCCCC1,Cc12->[Fe]34567(<-c(c->3c->41)c->5c->62)<-N(=CC=N->7C1CCCCC1)C1CCCCC1
NIFZIL,Cc1ccc2c(c1)CN1(->[Re+7](<-[CH3-])(<-[O-2])(<-[O-2])<-[O-2])CN2Cc2cc(C)ccc21,C18 H21 N2 O3 Re1,0.0,Cc1ccc2c(c1)CN1(->[Re+7](<-[CH3-])(<-[O-2])(<-[O-2])<-[O-2])CN2Cc2cc(C)ccc21,Cc1ccc2c(c1)CN1(->[Re+7](<-[CH3-])(<-[O-2])(<-[O-2])<-[O-2])CN2Cc2cc(C)ccc21,Cc1ccc2c(c1)CN1CN2Cc2cc(C)ccc21.[CH3-]->[Re+7](<-[O-2])(<-[O-2])<-[O-2]
NIHCIT,CC(C)[n+]1ccn2[C@H](C)[CH2-]->[Ir+3]3456(<-[Cl-])(<-[c-]21)<-c1(C)c->3(C)c->4(C)[c-]->5(C)c->61C,C19 H30 Cl1 Ir1 N2,0.0,CC(C)N1C=CN2C(C)[CH2-]->[Ir+3]3456(<-[Cl-])(<-[C]12)<-c1(C)c->3(C)c->4(C)[c-]->5(C)c->61C,CC1[CH2-]->[Ir+3]2345(<-[Cl-])(<-[c-]6n1cc[n+]6C(C)C)<-c1(C)c->2(C)c->3(C)[c-]->4(C)c->51C,CC1[CH2-]->[Ir+3]2345(<-[Cl-])(<-[c-]6n1cc[n+]6C(C)C)<-c1(C)c->2(C)c->3(C)[c-]->4(C)c->51C
NIJGUL,CCc1cccc(CC)c1/N1=N/c2cccc(C)n2->[Pd+2]<-1(<-[CH3-])<-[CH3-],C18 H25 N3 Pd1,0.0,CCc1cccc(CC)c1N1=Nc2cccc(C)n2->[Pd+2]<-1(<-[CH3-])<-[CH3-],CCc1cccc(CC)c1[N-]1N=c2cccc(C)[n-]2->[Pd+4]<-1(<-[CH3-])<-[CH3-],CCc1cccc(CC)c1[N-]1N=c2cccc(C)[n-]2->[Pd+4]<-1(<-[CH3-])<-[CH3-]
NIKGAQ,CS(C)(=O)->[Ru+2]12(<-[O-]C(=O)c3ccccn->13)(<-[O-]C(=O)c1ccccn->21)<-S(C)(C)=O,C16 H20 N2 O6 Ru1 S2,0.0,CS(C)(=O)->[Ru+2]12(<-[O-]C(=O)c3ccccn->13)(<-[O-]C(=O)c1ccccn->21)<-S(C)(C)=O,CS(C)(=O)->[Ru+2]12(<-[O-]C(=O)c3ccccn->13)(<-[O-]C(=O)c1ccccn->21)<-S(C)(C)=O,CS(C)(=O)->[Ru+2]12(<-[O-]C(=O)c3ccccn->13)(<-[O-]C(=O)c1ccccn->21)<-S(C)(C)=O
NILDIV,CC(C)[N-]1/C=C2/C(c3ccccc3)=NN(c3ccccc3)C2=N->[Ni+2]<-12<-N=C1/C(=C\[N-]->2C(C)C)C(c2ccccc2)=NN1c1ccccc1,C38 H38 N8 Ni1,0.0,CC(C)N1=Cc2c(-c3ccccc3)nn(-c3ccccc3)c2[NH-]->[Ni+2]<-12<-[NH-]c1c(C=N->2C(C)C)c(-c2ccccc2)nn1-c1ccccc1,CC(C)[N-]1C=C2C(c3ccccc3)=NN(c3ccccc3)C2=N->[Ni+2]<-12<-N=C1C(=C[N-]->2C(C)C)C(c2ccccc2)=NN1c1ccccc1,CC(C)[N-]1C=C2C(c3ccccc3)=NN(c3ccccc3)C2=N->[Ni+2]<-12<-N=C1C(=C[N-]->2C(C)C)C(c2ccccc2)=NN1c1ccccc1
NILRUW,Cc1cccc(C)c1/N1=C/c2c(Cl)c3ccccc3[n-]2->[Ti+4]<-12(<-[Cl-])(<-[Cl-])<-N(=C\c1c(Cl)c3ccccc3[n-]->21)/c1c(C)cccc1C,C34 H28 Cl4 N4 Ti1,0.0,Cc1cccc(C)c1N1=Cc2c(Cl)c3ccccc3[n-]2->[Ti+4]<-12(<-[Cl-])(<-[Cl-])<-N(=Cc1c(Cl)c3ccccc3[n-]->21)c1c(C)cccc1C,Cc1cccc(C)c1N1=Cc2c(Cl)c3ccccc3[n-]2->[Ti+4]<-12(<-[Cl-])(<-[Cl-])<-N1=c3ccccc3=C(Cl)C1=C[N-]->2c1c(C)cccc1C,Cc1cccc(C)c1N1=Cc2c(Cl)c3ccccc3[n-]2->[Ti+4]<-12(<-[Cl-])(<-[Cl-])<-N1=c3ccccc3=C(Cl)C1=C[N-]->2c1c(C)cccc1C
NIMNIH,,C42 H32 Cl2 N4 Ni1 O2,0.0,CC1=N2->[Ni+2]34<-N(=C(C)C(C(=O)c5ccc(Cl)cc5)=C(c5ccccc5)[N-]->3c3ccccc3[N-]->4C(c3ccccc3)=C1C(=O)c1ccc(Cl)cc1)CC2,CC1=C(C(=O)c2ccc(Cl)cc2)C(c2ccccc2)=N2->[Ni+2]34<-N(=C(C)C(C(=O)c5ccc(Cl)cc5)=C(c5ccccc5)[N-]->3c3ccccc32)CC[N-]->41,CC1=C(C(=O)c2ccc(Cl)cc2)C(c2ccccc2)=N2->[Ni+2]34<-N(=C(C)C(C(=O)c5ccc(Cl)cc5)=C(c5ccccc5)[N-]->3c3ccccc32)CC[N-]->41
NINXEQ,S=C=[N-]->[Co+3]1234(<-NCCN->1)(<-NCCN->2)<-O=N->3[O-]->4,C5 H16 Co1 N6 O2 S1 1+,1.0,O=[N+](=O)->[Co+]12(<-[N-]=C=S)(<-NCCN->1)<-NCCN->2,O=N([O-])->[Co+3]12(<-[N-]=C=S)(<-NCCN->1)<-NCCN->2,O=N([O-])->[Co+3]12(<-[N-]=C=S)(<-NCCN->1)<-NCCN->2
NIPVIR,Cl[O-]->[Sc+3](<-[Cl-])(<-[Cl-])(<-O1CCCC1)<-O1CCCC1,C8 H18 Cl3 O3 Sc1,0.0,O->[Sc+3](<-[Cl-])(<-[Cl-])(<-[Cl-])(<-O1CCCC1)<-O1CCCC1,[O-2]->[Sc+5](<-[Cl-])(<-[Cl-])(<-[Cl-])(<-O1CCCC1)<-O1CCCC1,Cl[O-]->[Sc+3](<-[Cl-])(<-[Cl-])(<-O1CCCC1)<-O1CCCC1
NIQGAY,,C32 H33 B1 N6 O2 Se2 W1,0.0,Cc1cc(C)[n-]2->[W+4]3(<-[C-3]C(=C[Se]c4ccccc4)[Se]c4ccccc4)(<-[C-]#[O+])(<-[C-]#[O+])<-[n-]4c(C)cc(C)[n+]4[BH-]([n+]12)[n+]1c(C)cc(C)[n-]->31,Cc1cc(C)n2->[W+2]3(<-[C-]C(=C[Se]c4ccccc4)[Se]c4ccccc4)(<-[C-]#[O+])(<-[C-]#[O+])<-n4c(C)cc(C)n4[BH-](n12)n1c(C)cc(C)n->31,Cc1cc(C)n2->[W+2]3(<-[C-]C(=C[Se]c4ccccc4)[Se]c4ccccc4)(<-[C-]#[O+])(<-[C-]#[O+])<-n4c(C)cc(C)n4[BH-](n12)n1c(C)cc(C)n->31
NIRJAB,[O+]#[C-]->[Mn+]1(<-[C-]#[O+])(<-[C-]#[O+])(<-N(=N\c2ccccn->12)/c1ccccc1)<-P(c1ccccc1)(c1ccccc1)c1ccccc1,C32 H24 Mn1 N3 O3 P1 1+,1.0,[O+]#[C-]->[Mn+]1(<-[C-]#[O+])(<-[C-]#[O+])(<-N(=Nc2ccccn->12)c1ccccc1)<-P(c1ccccc1)(c1ccccc1)c1ccccc1,[O+]#[C-]->[Mn+3]1(<-[C-]#[O+])(<-[C-]#[O+])(<-[N-](N=c2cccc[n-]->12)c1ccccc1)<-P(c1ccccc1)(c1ccccc1)c1ccccc1,[O+]#[C-]->[Mn+3]1(<-[C-]#[O+])(<-[C-]#[O+])(<-[N-](N=c2cccc[n-]->12)c1ccccc1)<-P(c1ccccc1)(c1ccccc1)c1ccccc1
NISQAI,O=N([O-])->[Co+3]12345(<-NCCN->1(CCN->2)CCN->3)<-O=N->4[O-]->5,C6 H18 Co1 N6 O4 1+,1.0,O=[N+](=O)->[Co-]123(<-NCCN->1(CCN->2)CCN->3)<-[N+](=O)=O,O=N([O-])->[Co+3]123(<-NCCN->1(CCN->2)CCN->3)<-N(=O)[O-],O=N([O-])->[Co+3]123(<-NCCN->1(CCN->2)CCN->3)<-N(=O)[O-]
NISZIY,,C14 H22 Cl3 Si2 Ta1,0.0,C[Si](C)(C)C12->[Ta+3]345678(<-[Cl-])(<-[Cl-])(<-[Cl-])<-C9=C->3C->4([Si](C)(C)C)=C->5(C->6=1)C->79=C->82,C[Si](C)(C)[c-]12->[Ta+5]345678(<-[Cl-])(<-[Cl-])(<-[Cl-])<-c9c->3[c-]->4([Si](C)(C)C)c->5(c->61)c->79c->82,C[Si](C)(C)c1cc2cc[c-]3([Si](C)(C)C)->[Ta+5]4(<-[Cl-])(<-[Cl-])(<-[Cl-])<-[cH-]1c->423
NITKAD,O=C1[O-]->[V+5]23(<-[O-2])(<-[O-][O-]->2)(<-n2ccncc21)<-n1cccc2ccc4cccn->3c4c21,C17 H11 N4 O5 V1,0.0,O=C1[O-]->[V+3]23(<-[O-2])(<-O=O->2)(<-n2ccncc21)<-n1cccc2ccc4cccn->3c4c21,O=C1[O-]->[V+5]23(<-[O-2])(<-[O-][O-]->2)(<-n2ccncc21)<-n1cccc2ccc4cccn->3c4c21,O=C1[O-]->[V+5]23(<-[O-2])(<-[O-][O-]->2)(<-n2ccncc21)<-n1cccc2ccc4cccn->3c4c21
NIVMAI,COC(=O)[CH-](C)->[Pd+2]12<-P([O-])(c3ccccc3P->1(C(C)C)C(C)C)c1ccccc1P->2(C(C)C)C(C)C,C28 H43 O3 P3 Pd1,0.0,COC(=O)[CH-](C)->[Pd+]12<-P(c3ccccc3[PH]->1(=O)c1ccccc1P->2(C(C)C)C(C)C)(C(C)C)C(C)C,COC(=O)[CH-](C)->[Pd]12<-P(c3ccccc3P->1(#[O+])c1ccccc1P->2(C(C)C)C(C)C)(C(C)C)C(C)C,COC1(=O)[CH-](C)->[Pd]<-123<-P(c1ccccc1P->2(#[O+])c1ccccc1P->3(C(C)C)C(C)C)(C(C)C)C(C)C
NIWKUA,,C30 H22 Cd1 N4 O9 S2,0.0,O=S(=O)([O-])c1cc(S(=O)(=O)[O-]->[Cd+2]23(<-O)(<-n4cccc5ccc6cccn->2c6c54)<-n2cccc4ccc5cccn->3c5c42)cc(O)c1O,O=S(=O)([O-])c1cc(S(=O)(=O)[O-]->[Cd+2]23(<-O)(<-n4cccc5ccc6cccn->2c6c54)<-n2cccc4ccc5cccn->3c5c42)cc(O)c1O,O=S(=O)([O-])c1cc(S2(=O)=O->[Cd+2]34(<-O)(<-[O-]2)(<-n2cccc5ccc6cccn->3c6c52)<-n2cccc3ccc5cccn->4c5c32)cc(O)c1O
NIXLAK,CO->[Mo+6]12(<-[O-2])(<-[O-2])<-[O-]/C(=N\N->1=C\c1c([O-]->2)ccc2ccccc12)c1ccc(C)cc1,C20 H18 Mo1 N2 O5,0.0,CO->[Mo+6]12(<-[O-2])(<-[O-2])<-[O-]C(=NN->1=Cc1c([O-]->2)ccc2ccccc12)c1ccc(C)cc1,CO->[Mo+6]12(<-[O-2])(<-[O-2])<-[O-]C(=NN->1=Cc1c([O-]->2)ccc2ccccc12)c1ccc(C)cc1,CO.Cc1ccc(C2=NN3->[Mo+6](<-[O-2])(<-[O-2])(<-[O-]2)<-[O-]c2ccc4ccccc4c2C=3)cc1
NIZCUV,O=C1c2ccccc2P(c2ccccc2)(c2ccccc2)->[Pt+2](<-[Cl-])(<-[Cl-])<-P(c2ccccc2)(c2ccccc2)c2ccccc21,C37 H28 Cl2 O1 P2 Pt1,0.0,O=C1c2ccccc2P(c2ccccc2)(c2ccccc2)->[Pt+2](<-[Cl-])(<-[Cl-])<-P(c2ccccc2)(c2ccccc2)c2ccccc21,O=C1c2ccccc2P(c2ccccc2)(c2ccccc2)->[Pt+2](<-[Cl-])(<-[Cl-])<-P(c2ccccc2)(c2ccccc2)c2ccccc21,[Cl-]->[Pt+2]12(<-[Cl-])<-O=C(c3ccccc3P->1(c1ccccc1)c1ccccc1)c1ccccc1P->2(c1ccccc1)c1ccccc1
NMETCO,C[C@@H]1CN2CCN->[Co+3]<-23456(<-NCCN->31)(<-O=N->4[O-]->5)<-[O-]N->6=O,C7 H20 Co1 N6 O4 1+,1.0,CC1CN2CCN->[Co-]<-23(<-NCCN->31)(<-[N+](=O)=O)<-[N+](=O)=O,CC1CN2CCN->[Co+3]<-23(<-NCCN->31)(<-N(=O)[O-])<-N(=O)[O-],CC1CN2CCN->[Co+3]<-23(<-NCCN->31)(<-N(=O)[O-])<-N(=O)[O-]
NOBCIR,CC1=C(C)N(c2c(C)cc(C)cc2C)C(->[Ru+4]2(<-[Cl-])(<-[Cl-])<-[CH-]=C3C=C[CH-]C=C3O->2C(C)C)#S1,C24 H29 Cl2 N1 O1 Ru1 S1,0.0,fail,CC1=C(C)N(c2c(C)cc(C)cc2C)C(->[Ru+2]2(<-[Cl-])(<-[Cl-])<-[CH]c3ccccc3O->2C(C)C)#S1,CC1=C(C)N(c2c(C)cc(C)cc2C)C(->[Ru+2]2(<-[Cl-])(<-[Cl-])<-[CH]c3ccccc3O->2C(C)C)#S1
NOCCAL,CCN1CCCN(CC)C2=S->[Pt+2]3(<-S=C21)<-[S-]/C(C#N)=C(/C#N)[S-]->3,C13 H16 N4 Pt1 S4,0.0,CCN1CCCN(CC)C2=S->[Pt+2]3(<-S=C21)<-[S-]C(C#N)=C(C#N)[S-]->3,CCN1CCCN(CC)C2=S->[Pt+2]3(<-S=C21)<-[S-]C(C#N)=C(C#N)[S-]->3,CCN1CCCN(CC)C2=S->[Pt+2]3(<-S=C21)<-[S-]C(C#N)=C(C#N)[S-]->3
NOCYUC,C[C+]12->[Ti+4]3456789%10(<-[Cl-])(<-[NH-][C-]([CH+][C+]->31[C-]->4(C)[C-]->5(C)[C+]->62C)[C+]1[CH+][CH-][C-](Cl)[CH-][CH-]1)<-c1c->7c->8[c-]->9([C@H]2[C@@H]3C[C@H]4C[C@@H](C3)C[C@@H]2C4)c->%101,C32 H37 Cl2 N1 Ti1,0.0,Cc12->[Ti+4]3456789%10(<-[Cl-])(<-[NH-]C(=C[c-]->3(c->41C)c->5(C)c->62C)c1ccc(Cl)cc1)<-c1c->7[cH-]->8c->9(C2C3CC4CC(C3)CC2C4)c->%101,C[c+]12->[Ti+4]3456789%10(<-[Cl-])(<-[NH-][C+]([CH-][c-]->3([c+]->4(C)[c-]->51C)[c-]->62C)[c-]1[cH+][cH-][c+](Cl)[cH-][cH+]1)<-c1c->7c->8[c-]->9(C2C3CC4CC(C3)CC2C4)c->%101,C[c+]12->[Ti+4]3456789%10(<-[Cl-])(<-[NH-][C+]([CH-][c-]->3([c+]->4(C)[c-]->51C)[c-]->62C)[c-]1[cH+][cH-][c+](Cl)[cH-][cH+]1)<-c1c->7c->8[c-]->9(C2C3CC4CC(C3)CC2C4)c->%101
NODRUT,O=C1/C=N(/Cc2ccccc2)->[Ru+2]23(<-[O-]1)(<-n1cccc4ccc5cccn->2c5c41)<-n1cccc2ccc4cccn->3c4c21,C33 H24 N5 O2 Ru1 1+,1.0,O=C1C=N(Cc2ccccc2)->[Ru+2]23(<-[O-]1)(<-n1cccc4ccc5cccn->2c5c41)<-n1cccc2ccc4cccn->3c4c21,O=C1C=N(Cc2ccccc2)->[Ru+2]23(<-[O-]1)(<-n1cccc4ccc5cccn->2c5c41)<-n1cccc2ccc4cccn->3c4c21,O=C1C=N(Cc2ccccc2)->[Ru+2]23(<-[O-]1)(<-n1cccc4ccc5cccn->2c5c41)<-n1cccc2ccc4cccn->3c4c21
NOFKOJ,N#[N+][N-2]->[Co+3]123(<-S=c4cccc[n-]->14)<-N(/Sc1ccccn->21)=[SH]\c1ccccn->31,C15 H12 Co1 N7 S3,0.0,fail,N#[N+][N-2]->[Co+3]123(<-S=c4cccc[n-]->14)<-N(Sc1ccccn->21)=[SH]c1ccccn->31,N#[N+][N-2]->[Co+3]123(<-S=c4cccc[n-]->14)<-N(Sc1ccccn->21)=[SH]c1ccccn->31
NOGFEW,COc1c(/C=[N+]2\[CH-]c3cc(C)cc(C(C)(C)C)c3[O-]->[Ti+4](<-[Cl-])(<-[Cl-])(<-[Cl-])<-N(C)(C)CC2)cc(C)cc1C(C)(C)C,C29 H45 Cl3 N2 O2 Ti1,0.0,COc1c(CN23CCN(C)(C)->[Ti+4]<-2(<-[Cl-])(<-[Cl-])(<-[Cl-])<-[O-]c2c(C3)cc(C)cc2C(C)(C)C)cc(C)cc1C(C)(C)C,CO[C-]1C(=CN23[CH-]c4cc(C)cc(C(C)(C)C)c4[O-]->[Ti+6]<-2(<-[Cl-])(<-[Cl-])(<-[Cl-])<-N(C)(C)CC3)C=C(C)C=C1C(C)(C)C,COc1c(C=[N+]2C=C3C=C(C)C=C(C(C)(C)C)C3=O->[Ti+2](<-[Cl-])(<-[Cl-])(<-[Cl-])<-N(C)(C)CC2)cc(C)cc1C(C)(C)C
NOGTEI,,C21 H37 Cl1 F2 P3 Rh1 Si1,0.0,CP(C)(C)->[RhH+2](<-[Cl-])(<-[SiH-](c1ccc(F)cc1)c1ccc(F)cc1)(<-P(C)(C)C)<-P(C)(C)C,CP(C)(C)->[RhH+2](<-[Cl-])(<-[SiH-](c1ccc(F)cc1)c1ccc(F)cc1)(<-P(C)(C)C)<-P(C)(C)C,CP(C)(C)->[RhH+2](<-[Cl-])(<-[SiH-](c1ccc(F)cc1)c1ccc(F)cc1)(<-P(C)(C)C)<-P(C)(C)C
NOHZUI,Cc1ccn(->[Zn+2](<-[O-]C(=O)c2cc(/N=N/c3ccc(Cl)cc3)ccc2O)(<-[O-]C(=O)c2cc(/N=N/c3ccc(Cl)cc3)ccc2O)<-n2ccc(C)cc2)cc1,C38 H30 Cl2 N6 O6 Zn1,0.0,Cc1ccn(->[Zn+2](<-[O-]C(=O)c2cc(N=Nc3ccc(Cl)cc3)ccc2O)(<-[O-]C(=O)c2cc(N=Nc3ccc(Cl)cc3)ccc2O)<-n2ccc(C)cc2)cc1,Cc1ccn(->[Zn+2](<-[O-]C(=O)c2cc(N=Nc3ccc(Cl)cc3)ccc2O)(<-[O-]C(=O)c2cc(N=Nc3ccc(Cl)cc3)ccc2O)<-n2ccc(C)cc2)cc1,Cc1ccn(->[Zn+6]2345(<-[O-][C-]->2([O-]->3)c2cc(N=Nc3ccc(Cl)cc3)ccc2O)(<-[O-][C-]->4([O-]->5)c2cc(N=Nc3ccc(Cl)cc3)ccc2O)<-n2ccc(C)cc2)cc1
NOKDIC,Fc1cc(F)[c-](->[Pd@SP3+2]2(<-[c-]3ccccc3/N=N->2/c2ccccc2)<-P(c2ccccc2)(c2ccccc2)c2ccccc2)c(F)c1,C36 H26 F3 N2 P1 Pd1,0.0,Fc1cc(F)[c-](->[Pd+2]2(<-[c-]3ccccc3N=N->2c2ccccc2)<-P(c2ccccc2)(c2ccccc2)c2ccccc2)c(F)c1,Fc1cc(F)[c-](->[Pd+2]2(<-[c-]3ccccc3N=N->2c2ccccc2)<-P(c2ccccc2)(c2ccccc2)c2ccccc2)c(F)c1,Fc1cc(F)[c-](->[Pd+2]2(<-[c-]3ccccc3N=N->2c2ccccc2)<-P(c2ccccc2)(c2ccccc2)c2ccccc2)c(F)c1
NOLGED,O=C(O)c1ccc(C(=O)O)n(->[Ag+]2<-[O-]C(=O)c3ccc(C(=O)O)cn->23)c1,C14 H9 Ag1 N2 O8,0.0,O=C(O)c1ccc2C(=O)[O-]->[Ag+]3(<-O=C(O)c4ccc(C(=O)O)cn->34)<-n2c1,O=C(O)c1ccc(C(=O)O)n(->[Ag+]2<-[O-]C(=O)c3ccc(C(=O)O)cn->23)c1,O=C(O)c1ccc2C(=O)[O-]->[Ag+]3(<-O=C(O)c4ccc(C(=O)O)cn->34)<-n2c1
NOLWEQ,c1ccc([N-](->[Au+]<-P(c2ccccc2)(c2ccccc2)c2ccccc2)[P+](c2ccccc2)(c2ccccc2)c2ccccc2)cc1,C42 H35 Au1 N1 P2 1+,1.0,c1ccc(N(->[Au+]<-P(c2ccccc2)(c2ccccc2)c2ccccc2)=P(c2ccccc2)(c2ccccc2)c2ccccc2)cc1,c1ccc([N-](->[Au+]<-P(c2ccccc2)(c2ccccc2)c2ccccc2)[P+](c2ccccc2)(c2ccccc2)c2ccccc2)cc1,c1ccc([N-](->[Au+]<-P(c2ccccc2)(c2ccccc2)c2ccccc2)[P+](c2ccccc2)(c2ccccc2)c2ccccc2)cc1
NOMLEH,,C19 H34 B2 Cr1 O3 P2,0.0,[BH3-][P](C)(C(C)(C)C)c12->[Cr+2]3456(<-[C-]#[O+])(<-[C-]#[O+])(<-[C-]#[O+])<-c1c->3c->4([P]([BH3-])(C)C(C)(C)C)c->5c->62,[BH3-]P(C)(C(C)(C)C)=C12->[Cr+2]3456(<-[C-]#[O+])(<-[C-]#[O+])(<-[C-]#[O+])<-C1=C->3C->4(=P([BH3-])(C)C(C)(C)C)C->5=C->62,[BH3-]P(C)(C(C)(C)C)=C12->[Cr+2]3456(<-[C-]#[O+])(<-[C-]#[O+])(<-[C-]#[O+])<-C1=C->3C->4(=P([BH3-])(C)C(C)(C)C)C->5=C->62
NONFON,Cc1cc2->[Pd+2]3(<-[Cl-])(<-[Cl-])<-c2(C)n1-c1ccccc1P->3(c1ccccc1)c1ccccc1,C24 H22 Cl2 N1 P1 Pd1,0.0,Cc1ccc2(C)->[Pd+2](<-[Cl-])(<-[Cl-])<-P(c3ccccc3)(c3ccccc3)c3ccccc3-n12,Cc1ccc2(C)->[Pd+2](<-[Cl-])(<-[Cl-])<-P(c3ccccc3)(c3ccccc3)c3ccccc3-n12,Cc1cc2->[Pd+2]3(<-[Cl-])(<-[Cl-])<-c2(C)n1-c1ccccc1P->3(c1ccccc1)c1ccccc1
NONQUE,COc1ccc(C(=C[C](OC)->[Ru+2]234(<-[Cl-])<-S5CCCS->2CCS->3CCCS->4CC5)c2ccc(OC)cc2)cc1,C28 H38 Cl1 O3 Ru1 S4 1+,1.0,COc1ccc(C(=C[C-](OC)->[Ru+3]234(<-[Cl-])<-S5CCCS->2CCS->3CCCS->4CC5)c2ccc(OC)cc2)cc1,COc1ccc(C(=C[C](OC)->[Ru+2]234(<-[Cl-])<-S5CCCS->2CCS->3CCCS->4CC5)c2ccc(OC)cc2)cc1,COc1ccc(C(=C[C](OC)->[Ru+2]234(<-[Cl-])<-S5CCCS->2CCS->3CCCS->4CC5)c2ccc(OC)cc2)cc1
NONWET,,C24 H51 Cl2 N1 Os1 P2,0.0,CC1=CC=C[C](->[Os+2]2(<-[Cl-])(<-[Cl-])(<-[H][H]->2)(<-P(C(C)C)(C(C)C)C(C)C)<-P(C(C)C)(C(C)C)C(C)C)N1,CC1=CC=C[C](->[OsH2+2](<-[Cl-])(<-[Cl-])(<-P(C(C)C)(C(C)C)C(C)C)<-P(C(C)C)(C(C)C)C(C)C)N1,CC1=CC=C[C](->[OsH2+2](<-[Cl-])(<-[Cl-])(<-P(C(C)C)(C(C)C)C(C)C)<-P(C(C)C)(C(C)C)C(C)C)N1
NOPSAP,C1=N/C2=C/[N-]3CCCCCCCCCC/N4=C/c5ncc[n-]5->[Pt@SP2+2]<-4<-3<-N2=C1,C18 H26 N6 Pt1,0.0,C1c2ncc[n-]2->[Pt+2]23<-N=1CCCCCCCCCCN->2=Cc1ncc[n-]->31,C1c2ncc[n-]2->[Pt+2]23<-N=1CCCCCCCCCCN->2=Cc1ncc[n-]->31,C1c2ncc[n-]2->[Pt+2]23<-N=1CCCCCCCCCCN->2=Cc1ncc[n-]->31
NOQMAH,,C24 H27 Cl1 N2 W1,0.0,Cc12->[W+6]3456(<-[Cl-])(<-[N-2]c7ccccc7CCc7ccccc7[N-2]->3)<-c1(C)c->4(C)[c-]->5(C)c->62C,Cc12->[W+6]3456(<-[Cl-])(<-[N-2]c7ccccc7CCc7ccccc7[N-2]->3)<-c1(C)c->4(C)[c-]->5(C)c->62C,Cc12->[W+6]3456(<-[Cl-])(<-[N-2]c7ccccc7CCc7ccccc7[N-2]->3)<-c1(C)c->4(C)[c-]->5(C)c->62C
NORHEJ,C[n+]1c[c-](->[Pd+2](<-[Cl-])(<-[Cl-])<-[c-]2c[n+](C)c3ccccn32)n2ccccc21,C16 H16 Cl2 N4 Pd1,0.0,C[n+]1c[c](->[Pd](<-[Cl-])(<-[Cl-])<-[c]2c[n+](C)c3ccccn32)n2ccccc21,Cn1c[c-](->[Pd+2](<-[Cl-])(<-[Cl-])<-[c-]2cn(C)c3cccc[n+]32)[n+]2ccccc12,Cn1c[c-](->[Pd+2](<-[Cl-])(<-[Cl-])<-[c-]2cn(C)c3cccc[n+]32)[n+]2ccccc12
NOSCIH,CC(C)c1cccc(C(C)C)c1[N-2]->[Nb+5]123456789(<-[Cl-])<-c%10c->1c->2[c-]->3(C(C)(C)[c-]->41c->5c->6c->7c->81)c->9%10,C25 H31 Cl1 N1 Nb1,0.0,CC(C)c1cccc(C(C)C)c1[N-2]->[Nb+5]123456789(<-[Cl-])<-c%10c->1[cH-]->2c->3(C(C)(C)c->41c->5c->6[cH-]->7c->81)c->9%10,CC(C)c1cccc(C(C)C)c1[N-2]->[Nb+5]123456789(<-[Cl-])<-c%10c->1[cH-]->2c->3(C(C)(C)[c-]->41c->5c->6c->7c->81)c->9%10,CC(C)c1cccc(C(C)C)c1[N-2]->[Nb+5]12345(<-[Cl-])<-c6c->1c->2[c-]->3(C(C)(C)c1ccc[cH-]->41)c->56
NOSSIZ,O=[N+]1[O-]->[Ag+]2(<-[O-]1)<-S(Cc1cccc3cc4cccc(CS->2c2ccccc2)c4nc13)c1ccccc1,C27 H21 Ag1 N2 O3 S2,0.0,O=[N+]1[O-]->[Ag+]23(<-[O-]1)<-n1c4c(CS->2c2ccccc2)cccc4cc2cccc(CS->3c3ccccc3)c21,O=[N+]1[O-]->[Ag+]2(<-[O-]1)<-S(Cc1cccc3cc4cccc(CS->2c2ccccc2)c4nc13)c1ccccc1,O=[N+]1[O-]->[Ag+]23(<-[O-]1)<-n1c4c(CS->2c2ccccc2)cccc4cc2cccc(CS->3c3ccccc3)c21
NOVJEN,CC[N-](CC)->[Ti+4]1234(<-N(/c5ccccc5)=N->1\[N-]->2c1ccccc1)(<-N(/c1ccccc1)=N->3\[N-]->4c1ccccc1)<-[N-](CC)CC,C32 H40 N8 Ti1,0.0,CC[N-](CC)->[Ti+4]12(<-N(=N[N-]->1c1ccccc1)c1ccccc1)(<-N(=N[N-]->2c1ccccc1)c1ccccc1)<-[N-](CC)CC,CC[N-](CC)->[Ti+8]12(<-[N-](CC)CC)(<-[N-]([N-][N-]->1c1ccccc1)c1ccccc1)<-[N-]([N-][N-]->2c1ccccc1)c1ccccc1,CC[N-](CC)->[Ti+8]12(<-[N-](CC)CC)(<-[N-]([N-][N-]->1c1ccccc1)c1ccccc1)<-[N-]([N-][N-]->2c1ccccc1)c1ccccc1
NOWKUF,c1ccc2c(c1)C[Se]1->[Cu+]3(<-[Se](CCC1)C2)<-[Se]1CCC[Se]->3Cc2ccccc2C1,C22 H28 Cu1 Se4 1+,1.0,c1ccc2c(c1)C[Se]1->[Cu+]3(<-[Se](CCC1)C2)<-[Se]1CCC[Se]->3Cc2ccccc2C1,C=c1ccccc1=C.[CH2-]CC[Se-]->[Cu+7]1(<-[Se-]Cc2ccccc2[CH2-])<-[Se-]CCC[Se-]->1,C1C[Se-]->[Cu+5]2(<-[Se-]C1)<-[Se-]CCC[Se-]->2.C=c1ccccc1=C.C=c1ccccc1=C
NOXGEM,,C29 H41 B1 N6 O1 P1 W1 1+,1.0,Cc1cc(C)[n-]2->[W+3]34(<-[C-]#[O+])(<-[CH2-][P](C)(C)C)(<-C(C)#C->3c3ccccc3)<-[n-]3c(C)cc(C)[n+]3[BH-]([n+]12)[n+]1c(C)cc(C)[n-]->41,Cc1cc(C)n2->[W+2]34(<-[C-]#[O+])(<-C=P(C)(C)C)(<-C(C)#C->3c3ccccc3)<-n3c(C)cc(C)n3[BH-](n12)n1c(C)cc(C)n->41,Cc1cc(C)n2->[W+2]34(<-[C-]#[O+])(<-C=P(C)(C)C)(<-C(C)#C->3c3ccccc3)<-n3c(C)cc(C)n3[BH-](n12)n1c(C)cc(C)n->41
NOXTAV,COC(=O)[CH2-]->[Co+3]123(<-O)<-N(=O)/C(C)=C(/C)[N-]->1CCC/N->2=C(C)/C(C)=N->3/O,C14 H26 Co1 N4 O5 1+,1.0,COC(=O)[CH2-]->[Co+2]123(<-O)<-N([O])=C(C)C(C)=N->1CCCN->2=C(C)C(C)=N->3O,COC(=O)[CH2-]->[Co+3]123(<-O)<-N(=O)C(C)=C(C)[N-]->1CCCN->2=C(C)C(C)=N->3O,COC(=O)[CH2-]->[Co+3]123(<-O)<-N(=O)C(C)=C(C)[N-]->1CCCN->2=C(C)C(C)=N->3O
NOYQID,,C18 H32 F6 Ni1 P2,0.0,CC(C)P1(CCP(C(C)C)(C(C)C)->[Ni]<-12<-C(#C->2C(F)(F)F)C(F)(F)F)C(C)C,CC(C)P1(CCP(C(C)C)(C(C)C)->[Ni]<-12<-C(#C->2C(F)(F)F)C(F)(F)F)C(C)C,CC(C)P1(CCP(C(C)C)(C(C)C)->[Ni]<-12<-C(#C->2C(F)(F)F)C(F)(F)F)C(C)C
NOYXUU,CS(C)(=O)->[Pt@@+2]12<-[O-][S@@](#[O+])([O-])O[C@@H]3C=CN=C(c4ncccn->14)[N-]->23,C10 H12 N4 O5 Pt1 S2,0.0,CS(C)(=O)->[Pt]1(<-[O-][S+](=O)(=O)=O)<-n2cccnc2-c2ncccn->12,CS(C)(=O)->[Pt+2]1(<-[O-]S(=O)(=O)[O-])<-n2cccnc2-c2ncccn->12,CS(C)(=O)->[Pt+2]12<-[O-]S(#[O+])([O-])OC3C=CN=C(c4ncccn->14)[N-]->23
NOZNEX,CN1C=CN2P(C(C)(C)C)(C(C)(C)C)->[Ru+2](<-[Cl-])(<-[Cl-])(<-C(=C/12)/c1ccccc1)(<-n1ccccc1)<-n1ccccc1,C29 H39 Cl2 N4 P1 Ru1,0.0,CN1C=CN2P(C(C)(C)C)(C(C)(C)C)->[Ru+3](<-[Cl-])(<-[Cl-])(<-[CH-]([C]12)c1ccccc1)(<-n1ccccc1)<-n1ccccc1,CN1C=CN2P(C(C)(C)C)(C(C)(C)C)->[Ru+2](<-[Cl-])(<-[Cl-])(<-C(=C12)c1ccccc1)(<-n1ccccc1)<-n1ccccc1,CN1C=CN2P(C(C)(C)C)(C(C)(C)C)->[Ru+2](<-[Cl-])(<-[Cl-])(<-C(=C12)c1ccccc1)(<-n1ccccc1)<-n1ccccc1
NUBMOO,,C37 H34 Cl1 Ir1 O1 P2 Si1,0.0,[O+]#[C-]->[IrH+2](<-[SiH3-])(<-[Cl-])(<-P(c1ccccc1)(c1ccccc1)c1ccccc1)<-P(c1ccccc1)(c1ccccc1)c1ccccc1,[O+]#[C-]->[IrH+2](<-[SiH3-])(<-[Cl-])(<-P(c1ccccc1)(c1ccccc1)c1ccccc1)<-P(c1ccccc1)(c1ccccc1)c1ccccc1,[O+]#[C-]->[IrH+2](<-[SiH3-])(<-[Cl-])(<-P(c1ccccc1)(c1ccccc1)c1ccccc1)<-P(c1ccccc1)(c1ccccc1)c1ccccc1
NUCPAC,C1=CC=C2/C(=N3->[Ni@SP1+2]45<-N(=C6/C=CC=CC=C6[N-]->4CCCC[N-]->52)/[C@H]2CCCC[C@@H]2\3)C=C1,C24 H28 N4 Ni1,0.0,C1=CC=C2C(=N3->[Ni+2]45<-N(=C6C=CC=CC=C6[N-]->4C4CCCCC43)CCCC[N-]->52)C=C1,C1=CC=C2C(=N3->[Ni+2]45<-N(=C6C=CC=CC=C6[N-]->4CCCC[N-]->52)C2CCCCC23)C=C1,C1=CC=C2C(=N3->[Ni+2]45<-N(=C6C=CC=CC=C6[N-]->4CCCC[N-]->52)C2CCCCC23)C=C1
NUFVUG,,C16 H23 Cl1 N2 O2 Pd1,0.0,CC(C)(C)[N+]1=Cc2cccc3C=[N+]([O-]->[Pd+2](<-[Cl-])(<-[O-]1)<-[c-]23)C(C)(C)C,CC(C)(C)N1C=C2C=CC=C3C=[N+]([O-]->[Pd+2](<-[Cl-])(<-[O-]1)<-[C]32)C(C)(C)C,CC(C)(C)N1C=C2C=CC=C3C=[N+]([O-]->[Pd+2](<-[Cl-])(<-[O-]1)<-[C]32)C(C)(C)C
NUGSIT,,C28 H36 Cd1 N8 O9,0.0,fail,O->[Cd+2]12(<-O=C([O-]->1)c1ccc3c(c1)OCO3)(<-O=C([O-]->2)c1ccc2c(c1)OCO2)(<-N12CN3CN(CN(C3)C1)C2)<-N12CN3CN(CN(C3)C1)C2,O.c1cc2c(cc1C13->[Cd+2]45(<-N67CN8CN(CN(C8)C6)C7)(<-N67CN8CN(CN(C8)C6)C7)(<-O=1)(<-O=C->4(c1ccc4c(c1)OCO4)[O-]->5)<-[O-]3)OCO2
NUJDED,O=C1c2cccnc2-c2c1cccn2->[Zn+2](<-[N-]=C=S)(<-[N-]=C=S)<-n1cccc2c1-c1ncccc1C2=O,C24 H12 N6 O2 S2 Zn1,0.0,O=C1c2cccn3->[Zn+2]4(<-[N-]=C=S)(<-[N-]=C=S)(<-n5cccc1c5-c23)<-n1cccc2c1-c1c(cccn->41)C2=O,O=C1c2cccn3->[Zn+2]4(<-[N-]=C=S)(<-[N-]=C=S)(<-n5cccc1c5-c23)<-n1cccc2c1-c1c(cccn->41)C2=O,O=c1c2ccc[n-]3->[Zn+6]4(<-[N-]=C=S)(<-[N-]=C=S)(<-[n-]5cccc1-c5c3-2)<-[n-]1cccc2c(=O)c3ccc[n-]->4c-3c1-2
NUKZUO,CCC1=O->[Mn+3]234(<-[O-]1)<-[O-]c1ccccc1/C=N->2/CCC/N->3=C/c1ccccc1[O-]->4,C20 H21 Mn1 N2 O4,0.0,CCC(=O)[O-]->[Mn+3]123<-[O-]c4ccccc4C=N->1CCCN->2=Cc1ccccc1[O-]->3,CCC1=O->[Mn+3]234(<-[O-]1)<-[O-]c1ccccc1C=N->2CCCN->3=Cc1ccccc1[O-]->4,CCC12=O->[Mn+3]<-1345(<-[O-]c1ccccc1C=N->3CCCN->4=Cc1ccccc1[O-]->5)<-[O-]2
NUMLAK,S=C=[N-]->[Zn@OH2+2]123<-N4=C5C=C/C4=C(\c4ccccc4)c4ccc([n-]->14)C(=C1[CH+][CH+][CH+][CH-][CH-]1)c1ccc([n-]->21)C(=C1[CH+][CH+][CH+][CH-][CH-]1)c1ccc([n-]->31)C5=C1[CH+][CH-][CH-][CH+][CH-]1,C45 H28 N5 S1 Zn1 1-,-1.0,S=C=[N-]->[Zn+2]123<-n4c5c(-c6ccccc6)c6ccc(c(-c7ccccc7)c7n->1c(c(-c1ccccc1)c1ccc(c(-c8ccccc8)c4C=C5)[n-]->21)C=C7)[n-]->36,S=C=[N-]->[Zn+2]123<-n4c5c(-c6ccccc6)c6ccc(c(-c7ccccc7)c7n->1c(c(-c1ccccc1)c1ccc(c(-c8ccccc8)c4C=C5)[n-]->21)C=C7)[n-]->36,S=C=[N-]->[Zn+2]123<-n4c5c(-c6ccccc6)c6ccc(c(-c7ccccc7)c7n->1c(c(-c1ccccc1)c1ccc(c(-c8ccccc8)c4C=C5)[n-]->21)C=C7)[n-]->36
NUPLOB,C[SiH](C)[N-]([SiH](C)C)->[Y+3]1(<-[O-]C(CSc2ccccc2SCC([O-]->1)(C(F)(F)F)C(F)(F)F)(C(F)(F)F)C(F)(F)F)<-O1CCCC1,C22 H30 F12 N1 O3 S2 Si2 Y1,0.0,C[SiH](C)[N-]([SiH](C)C)->[Y+3]123(<-[O-]C(CS->1c1ccccc1S->2CC([O-]->3)(C(F)(F)F)C(F)(F)F)(C(F)(F)F)C(F)(F)F)<-O1CCCC1,C[SiH](C)[N-]([SiH](C)C)->[Y+3]123(<-[O-]C(CS->1c1ccccc1S->2CC([O-]->3)(C(F)(F)F)C(F)(F)F)(C(F)(F)F)C(F)(F)F)<-O1CCCC1,C[SiH](C)[N-]([SiH](C)C)->[Y+3]123(<-[O-]C(CS->1c1ccccc1S->2CC([O-]->3)(C(F)(F)F)C(F)(F)F)(C(F)(F)F)C(F)(F)F)<-O1CCCC1
NUQQIB,Cc1cc(C)c(-c2ccn3->[Pt@SP1+2]4(<-n5ccc(-c6c(C)cc(C)cc6C)cc5-c3c2)<-[N-]2[N-][C+](C(F)(F)F)[CH+][C+]2[C+]2[CH-][C-](C(F)(F)F)[N-][N-]->42)c(C)c1,C36 H30 F6 N6 Pt1,0.0,Cc1cc(C)c(-c2ccn3->[Pt+2]4(<-n5ccc(-c6c(C)cc(C)cc6C)cc5-c3c2)<-[n-]2nc(C(F)(F)F)cc2-c2cc(C(F)(F)F)n[n-]->42)c(C)c1,Cc1cc(C)c(-c2ccn3->[Pt+2]4(<-n5ccc(-c6c(C)cc(C)cc6C)cc5-c3c2)<-[n-]2nc(C(F)(F)F)cc2-c2cc(C(F)(F)F)n[n-]->42)c(C)c1,Cc1cc(C)c(-c2ccn3->[Pt+2]4(<-n5ccc(-c6c(C)cc(C)cc6C)cc5-c3c2)<-[n-]2nc(C(F)(F)F)cc2-c2cc(C(F)(F)F)n[n-]->42)c(C)c1
NUSKOB,,C17 H14 O5 P1 Re1,0.0,COP(c1ccccc1)(c1ccccc1)->[ReH](<-[C-]#[O+])(<-[C-]#[O+])(<-[C-]#[O+])<-[C-]#[O+],COP(c1ccccc1)(c1ccccc1)->[ReH](<-[C-]#[O+])(<-[C-]#[O+])(<-[C-]#[O+])<-[C-]#[O+],COP(c1ccccc1)(c1ccccc1)->[ReH](<-[C-]#[O+])(<-[C-]#[O+])(<-[C-]#[O+])<-[C-]#[O+]
NUVDIT,[Br-]->[Ru+2]1234(<-[Br-])(<-[C-]5=CN(Cc6ccccc6)C6=C(c7ccccc7)C=C7C=CC=[N+]->1=C7N65)<-C1=C->2/CC/C->3=C->4\CC\1,C31 H29 Br2 N3 Ru1,0.0,[Br-]->[Ru+]1234(<-[Br-])(<-[c]5cn(Cc6ccccc6)c6c(-c7ccccc7)cc7cccn->1c7[n+]65)<-C1=C->2CCC->3=C->4CC1,[Br-]->[Ru+4]1234(<-[Br-])(<-[C-]5=CN(Cc6ccccc6)[C-]6C(c7ccccc7)=Cc7cccn->1c7N65)<-C1=C->2CCC->3=C->4CC1,[Br-]->[Ru+4]1234(<-[Br-])(<-[C-]5=CN(Cc6ccccc6)[C-]6C(c7ccccc7)=Cc7cccn->1c7N65)<-C1=C->2CCC->3=C->4CC1
NUWGIV,,C14 H33 P3 Ru1 Si1,0.0,C[Si]12CP(C)(C)->[Ru]345(<-CC->3(C->4)C->5)(<-P(C)(C)C1)<-P(C)(C)C2,,
NUXQEE,CC(C)c1cccc(C(C)C)c1-n1ccn(-c2c(C(C)C)cccc2C(C)C)[b-]1=C(=O)->[Re+](<-[C-]#[O+])(<-[C-]#[O+])(<-[C-]#[O+])(<-[C-]#[O+])<-[C-]#[O+],C32 H36 B1 N2 O6 Re1,0.0,CC(C)c1cccc(C(C)C)c1N1C=CN(c2c(C(C)C)cccc2C(C)C)B1[C-](=O)->[Re+](<-[C-]#[O+])(<-[C-]#[O+])(<-[C-]#[O+])(<-[C-]#[O+])<-[C-]#[O+],CC(C)c1cccc(C(C)C)c1-n1ccn(-c2c(C(C)C)cccc2C(C)C)[b-]1=C(=O)->[Re+](<-[C-]#[O+])(<-[C-]#[O+])(<-[C-]#[O+])(<-[C-]#[O+])<-[C-]#[O+],CC(C)c1cccc(C(C)C)c1-n1ccn(-c2c(C(C)C)cccc2C(C)C)[b-]1=C(=O)->[Re+](<-[C-]#[O+])(<-[C-]#[O+])(<-[C-]#[O+])(<-[C-]#[O+])<-[C-]#[O+]
NUYWUZ,CO[C](C=P(N(C)C)(N(C)C)N(C)C)->[Fe](<-[C-]#[O+])(<-[C-]#[O+])(<-[C-]#[O+])<-[C-]#[O+],C13 H22 Fe1 N3 O5 P1,0.0,CO[C-2](C=P(N(C)C)(N(C)C)N(C)C)->[Fe+2](<-[C-]#[O+])(<-[C-]#[O+])(<-[C-]#[O+])<-[C-]#[O+],CO[C](C=P(N(C)C)(N(C)C)N(C)C)->[Fe](<-[C-]#[O+])(<-[C-]#[O+])(<-[C-]#[O+])<-[C-]#[O+],CO[C](C=P(N(C)C)(N(C)C)N(C)C)->[Fe](<-[C-]#[O+])(<-[C-]#[O+])(<-[C-]#[O+])<-[C-]#[O+]
OBATAM,O=C1CN->[Co+3]234(<-NCC(=O)[O-]->2)(<-[O-]1)(<-[O-]N->3=O)<-[O-]N->4=O,C4 H8 Co1 N4 O8 1-,-1.0,O=C1CN->[Co-]2(<-NCC(=O)[O-]->2)(<-[O-]1)(<-[N+](=O)=O)<-[N+](=O)=O,O=C1CN->[Co+3]2(<-NCC(=O)[O-]->2)(<-[O-]1)(<-N(=O)[O-])<-N(=O)[O-],O=C1CN->[Co+3]2(<-NCC(=O)[O-]->2)(<-[O-]1)(<-N(=O)[O-])<-N(=O)[O-]
OBIHEN,O=C([O-]->[Zn+2](<-[O-]C(=O)c1ccccc1O)(<-n1cc[nH]c1)<-n1cc[nH]c1)c1ccccc1O,C20 H18 N4 O6 Zn1,0.0,O=C([O-]->[Zn+2](<-[O-]C(=O)c1ccccc1O)(<-n1cc[nH]c1)<-n1cc[nH]c1)c1ccccc1O,O=C([O-]->[Zn+2](<-[O-]C(=O)c1ccccc1O)(<-n1cc[nH]c1)<-n1cc[nH]c1)c1ccccc1O,Oc1ccccc1C12=O->[Zn+2]<-134(<-O=C->3([O-]->4)c1ccccc1O)(<-[O-]2)(<-n1cc[nH]c1)<-n1cc[nH]c1
OBIRIA,CC(C)(C)[C@H]1COC([c-]23->[Re+]456(<-[C-]#[O+])(<-[C-]#[O+])(<-[C-]#[O+])<-c(c->4c->52C(O)(c2ccccc2)c2ccccc2)c->63)=N1,C28 H26 N1 O5 Re1,0.0,CC(C)(C)C1COC(c23->[Re+]456(<-[C-]#[O+])(<-[C-]#[O+])(<-[C-]#[O+])<-c(c->4c->52C(O)(c2ccccc2)c2ccccc2)[cH-]->63)=N1,CC(C)(C)C1COC([c-]23->[Re+]456(<-[C-]#[O+])(<-[C-]#[O+])(<-[C-]#[O+])<-c(c->4c->52C(O)(c2ccccc2)c2ccccc2)c->63)=N1,CC(C)(C)C1COC([c-]23->[Re+]456(<-[C-]#[O+])(<-[C-]#[O+])(<-[C-]#[O+])<-c(c->4c->52C(O)(c2ccccc2)c2ccccc2)c->63)=N1
OBOCUE,,C17 H19 Cl1 N5 Zn1 1+,1.0,Cn1ccn2->[Zn+2]34(<-[Cl-])<-n5ccccc5CN->3(Cc3ccccn->43)Cc12,Cn1ccn2->[Zn+2]34(<-[Cl-])<-n5ccccc5CN->3(Cc3ccccn->43)Cc12,Cn1ccn2->[Zn+2]34(<-[Cl-])<-n5ccccc5CN->3(Cc3ccccn->43)Cc12
OBORIG,CC(C)(C)[S-]->[W+6](<-[S-2])(<-[S-2])<-[S-2],C4 H9 S4 W1 1-,-1.0,CC(C)(C)[S-]->[W+7](<-[S-3])(<-[S-2])<-[S-2],CC(C)(C)[S-]->[W+6](<-[S-2])(<-[S-2])<-[S-2],CC(C)(C)[S-]->[W+6](<-[S-2])(<-[S-2])<-[S-2]
OBUVUD,,C13 H12 B1 Cl2 Fe1 N1 O2,0.0,Cc1cc[n+](B(Cl)(Cl)->[Fe]2345(<-[C-]#[O+])(<-[C-]#[O+])<-c6c->2c->3[cH-]->4c->56)cc1,Cc1cc[n+](B(Cl)(Cl)->[Fe]2345(<-[C-]#[O+])(<-[C-]#[O+])<-c6c->2c->3[cH-]->4c->56)cc1,Cc1cc[n+](B(Cl)(Cl)->[Fe]2345(<-[C-]#[O+])(<-[C-]#[O+])<-c6c->2c->3[cH-]->4c->56)cc1
OCIBUX,,C30 H28 Cl1 N3 Ru1,0.0,CC(C)c12->[Ru+2]34567(<-[Cl-])(<-[C]8N(c9cccc[c-]->39)N=C(c3ccccc3)N8c3ccccc3)<-c(c->41)c->5(C)c->6c->72,CC(C)c12->[Ru+2]34567(<-[Cl-])(<-[C]8N(c9cccc[c-]->39)N=C(c3ccccc3)N8c3ccccc3)<-c(c->41)c->5(C)c->6c->72,CC(C)c12->[Ru+2]34567(<-[Cl-])(<-[C]8N(c9cccc[c-]->39)N=C(c3ccccc3)N8c3ccccc3)<-c(c->41)c->5(C)c->6c->72
OCOBUE,Cc1cc(-c2ccccc2)n2->[Zn@TB16+2]34(<-[O-]C(=O)c5ccccn->35)<-n3c(-c5ccccc5)cc(C)n3[BH-](n12)n1c(C)cc(-c2ccccc2)n->41,C36 H32 B1 N7 O2 Zn1,0.0,Cc1cc(-c2ccccc2)[n-]2->[Zn+2]34(<-[O-]C(=O)c5ccccn->35)<-[n-]3c(-c5ccccc5)cc(C)[n+]3[BH-]([n+]12)[n+]1c(C)cc(-c2ccccc2)[n-]->41,Cc1cc(-c2ccccc2)n2->[Zn+2]34(<-[O-]C(=O)c5ccccn->35)<-n3c(-c5ccccc5)cc(C)n3[BH-](n12)n1c(C)cc(-c2ccccc2)n->41,Cc1cc(-c2ccccc2)n2->[Zn+2]34(<-[O-]C(=O)c5ccccn->35)<-n3c(-c5ccccc5)cc(C)n3[BH-](n12)n1c(C)cc(-c2ccccc2)n->41
OCOJUO,[Cl-]->[Pt+2]1(<-[Cl-])<-n2ccccc2-c2ccc3ccccc3n->12,C14 H10 Cl2 N2 Pt1,0.0,[Cl-]->[Pt+2]1(<-[Cl-])<-n2ccccc2-c2ccc3ccccc3n->12,[Cl-]->[Pt+2]1(<-[Cl-])<-n2ccccc2-c2ccc3ccccc3n->12,[Cl-]->[Pt+2]1(<-[Cl-])<-n2ccccc2-c2ccc3ccccc3n->12
OCUJAX,CC#N->[Pt@OH1+2]12<-[CH-]3CCC[C@@H](/N->1=C/C=N->2/C1CCCCC1)C3,C16 H26 N3 Pt1 1+,1.0,CC#N->[Pt+4]12<-[CH-]3CCCC([N-]->1C=C[N-]->2C1CCCCC1)C3,CC#N->[Pt+2]12<-[CH-]3CCCC(N->1=CC=N->2C1CCCCC1)C3,CC#N->[Pt+2]12<-[CH-]3CCCC(N->1=CC=N->2C1CCCCC1)C3
ODABAY,Cn1c2-c3cccc4ccc5(C)->[Fe+2](<-[Cl-])(<-[Cl-])(<-n2c2ccccc21)<-n5c34,C18 H15 Cl2 Fe1 N3,0.0,Cc1ccc2cccc3-c4n(C)c5ccccc5n4->[Fe+2](<-[Cl-])(<-[Cl-])<-n1c32,Cc1ccc2cccc3-c4n(C)c5ccccc5n4->[Fe+2](<-[Cl-])(<-[Cl-])<-n1c32,Cc1ccc2cccc3-c4n(C)c5ccccc5n4->[Fe+2](<-[Cl-])(<-[Cl-])<-n1c32
ODAWIZ,,C32 H28 N4 Ni1 O2,0.0,CCC1=C(C)c2cc3ccc4c(-c5cc(O)cc(O)c5)c5n6->[Ni+2]7(<-n2c1cc1c(CC)c(C)c(cc6C=C5)[n-]->71)<-[n-]34,CCC1=C(C)c2cc3ccc4c(-c5cc(O)cc(O)c5)c5n6->[Ni+2]7(<-n2c1cc1c(CC)c(C)c(cc6C=C5)[n-]->71)<-[n-]34,CCC1=C(C)c2cc3ccc4c(-c5cc(O)cc(O)c5)c5n6->[Ni+2]7(<-n2c1cc1c(CC)c(C)c(cc6C=C5)[n-]->71)<-[n-]34
ODEWOJ,CC(C)/N1=C(\N(C)C)[N-](C(C)C)->[Zr+4]<-12(<-[Cl-])(<-[Cl-])<-N(=C(/N(C)C)[N-]->2C(C)C)/C(C)C,C18 H40 Cl2 N6 Zr1,0.0,CC(C)N1=C(N(C)C)[N-](C(C)C)->[Zr+4]<-12(<-[Cl-])(<-[Cl-])<-N(=C(N(C)C)[N-]->2C(C)C)C(C)C,CC(C)N1=C(N(C)C)[N-](C(C)C)->[Zr+4]<-12(<-[Cl-])(<-[Cl-])<-N(=C(N(C)C)[N-]->2C(C)C)C(C)C,CC(C)N1=C(N(C)C)[N-](C(C)C)->[Zr+4]<-12(<-[Cl-])(<-[Cl-])<-N(=C(N(C)C)[N-]->2C(C)C)C(C)C
ODIRUP,CN(C)c1ccc(C2=O->[Zn+2]34(<-O=C([O-]->3)c3ccc(N(C)C)cc3)(<-[O-]2)<-n2cccc3ccc5cccn->4c5c32)cc1,C30 H28 N4 O4 Zn1,0.0,fail,CN(C)c1ccc(C(=O)[O-]->[Zn+2]23(<-O=C([O-]->2)c2ccc(N(C)C)cc2)<-n2cccc4ccc5cccn->3c5c42)cc1,CN(C)c1ccc(C23=O->[Zn+2]<-2456(<-O=C->4([O-]->5)c2ccc(N(C)C)cc2)(<-[O-]3)<-n2cccc3ccc4cccn->6c4c32)cc1
ODOPEF,CN(C)CCN(C)Cc1cccc[c-]1->[Hg+2]<-[Br-],C12 H19 Br1 Hg1 N2,0.0,CN1(C)CCN2(C)Cc3cccc[c-]3->[Hg+2]<-1<-2<-[Br-],CN(C)CCN(C)Cc1cccc[c-]1->[Hg+2]<-[Br-],CN(C)CCN(C)Cc1cccc[c-]1->[Hg+2]<-[Br-]
ODUGEZ,[Cl-]->[Zr+4]123456789(<-[Cl-])<-c%10c->1[c-]->2(C(c1ccccc1)(c1ccccc1)[c-]->31c->42ccccc->52c->62ccccc->721)c->8c->9%10[C@H]1[C@@H]2C[C@H]3C[C@@H](C2)C[C@@H]1C3,C41 H36 Cl2 Zr1,0.0,[Cl-]->[Zr+4]123456789(<-[Cl-])<-c%10[cH-]->1c->2(C1C2CC%11CC(C2)CC1C%11)c->3c->4%10C(c1ccccc1)(c1ccccc1)c->51c->62ccccc->72c->82cccc[c-]->912,[Cl-]->[Zr+4]123456789(<-[Cl-])<-c%10c->1[c-]->2(C(c1ccccc1)(c1ccccc1)[c-]->31c->42ccccc->52c->62ccccc->721)c->8c->9%10C1C2CC3CC(C2)CC1C3,[Cl-]->[Zr+4]123456789(<-[Cl-])<-c%10c->1[c-]->2(C(c1ccccc1)(c1ccccc1)[c-]->31c->42ccccc->52c->62ccccc->721)c->8c->9%10C1C2CC3CC(C2)CC1C3
OFABUT,CC(C)c1cccc(C(C)C)c1N1=C23->[Fe+2]<-145(<-[Cl-])(<-[Cl-])<-N(CCP->4(c1ccccc1)c1ccccc1)=C->52c1cccc2cccc3c12,C38 H37 Cl2 Fe1 N2 P1,0.0,CC(C)c1cccc(C(C)C)c1N1=C2C(=N3CCP(c4ccccc4)(c4ccccc4)->[Fe+2]<-3<-1(<-[Cl-])<-[Cl-])c1cccc3cccc2c13,CC(C)c1cccc(C(C)C)c1[N-]1C2=C([N-]3CCP(c4ccccc4)(c4ccccc4)->[Fe+4]<-3<-1(<-[Cl-])<-[Cl-])c1cccc3cccc2c13,CC(C)c1cccc(C(C)C)c1[N-]1C2=C([N-]3CCP(c4ccccc4)(c4ccccc4)->[Fe+4]<-3<-1(<-[Cl-])<-[Cl-])c1cccc3cccc2c13
OFAKOV,,C39 H36 O2 P2 Si1 W1,0.0,C[Si](C)(C)C#CC#[C-]->[W+2]1234(<-[C-]#[O+])(<-[C-]#[O+])(<-c5c->1c->2[cH-]->3c->45)<-P(CP(c1ccccc1)c1ccccc1)(c1ccccc1)c1ccccc1,C[Si](C)(C)C#CC#[C-]->[W+2]1234(<-[C-]#[O+])(<-[C-]#[O+])(<-c5c->1c->2[cH-]->3c->45)<-P(CP(c1ccccc1)c1ccccc1)(c1ccccc1)c1ccccc1,C[Si](C)(C)C#C[C-]=C1=C(=O)->[W+2]<-12345(<-[C-]#[O+])(<-c1c->2c->3[cH-]->4c->51)<-P(CP(c1ccccc1)c1ccccc1)(c1ccccc1)c1ccccc1
OFAROF,CC(C)P1(c2cc(N(C)C)ccc2[C-]23[O-]->[Ir@TB19+3]<-2<-1(<-[Cl-])<-P(c1cc(N(C)C)ccc13)(C(C)C)C(C)C)C(C)C,C29 H46 Cl1 Ir1 N2 O1 P2,0.0,CC(C)P1(c2cc(N(C)C)ccc2[C-]23[O-]->[Ir+3]<-2<-1(<-[Cl-])<-P(c1cc(N(C)C)ccc13)(C(C)C)C(C)C)C(C)C,CC(C)P1(c2cc(N(C)C)ccc2C23=O->[Ir+]<-2<-1(<-[Cl-])<-P(c1cc(N(C)C)ccc13)(C(C)C)C(C)C)C(C)C,CC(C)P1(c2cc(N(C)C)ccc2C23=O->[Ir+]<-2<-1(<-[Cl-])<-P(c1cc(N(C)C)ccc13)(C(C)C)C(C)C)C(C)C
OFEVIG,CC(C)P(C(C)C)(C(C)C)->[Ir+3]1(<-[S-][C]->1[S-])(<-[c-]1c(F)c(F)nc(F)c1F)<-P(C(C)C)(C(C)C)C(C)C,C24 H42 F4 Ir1 N1 P2 S2,0.0,CC(C)P(C(C)C)(C(C)C)->[Ir+3]1(<-[S-][C-]->1=S)(<-[c-]1c(F)c(F)nc(F)c1F)<-P(C(C)C)(C(C)C)C(C)C,CC(C)P(C(C)C)(C(C)C)->[Ir+](<-C(=S)=S)(<-[c-]1c(F)c(F)nc(F)c1F)<-P(C(C)C)(C(C)C)C(C)C,CC(C)P(C(C)C)(C(C)C)->[Ir+](<-C(=S)=S)(<-[c-]1c(F)c(F)nc(F)c1F)<-P(C(C)C)(C(C)C)C(C)C
OFIJOC,CN1(C)CCN(C)(C)->[Pt+4]<-1(<-[CH3-])(<-[CH3-])(<-[I-])<-[I-],C8 H22 I2 N2 Pt1,0.0,CN1(C)CCN(C)(C)->[Pt+4]<-1(<-[CH3-])(<-[CH3-])(<-[I-])<-[I-],CN1(C)CCN(C)(C)->[Pt+4]<-1(<-[CH3-])(<-[CH3-])(<-[I-])<-[I-],CN1(C)CCN(C)(C)->[Pt+4]<-1(<-[CH3-])(<-[CH3-])(<-[I-])<-[I-]
OFOBEQ,,C29 H36 P1 Rh1,0.0,CC(C)P(C(C)C)(C(C)C)->[Rh+3]1234(<-[C-2]=C=C(c5ccccc5)c5ccccc5)<-c5c->1c->2[cH-]->3c->45,,
OFUFOK,C/C1c2ccccc2[O-]->[Ni@SP2+2]23<-N(=C\C=N/[N-]->2c2ccccc2)/c2ccccc2/N->3=1,C22 H18 N4 Ni1 O1,0.0,CC1c2ccccc2[O-]->[Ni+2]23<-N(=CC=N[N-]->2c2ccccc2)c2ccccc2N->3=1,CC1=C2C=CC=CC2=O->[Ni+4]23<-[N-]([CH-][CH+][N-][N-]->2c2ccccc2)c2ccccc2[N-]->31,CC1c2ccccc2[O-]->[Ni+2]23<-N(=CC=N[N-]->2c2ccccc2)c2ccccc2N->3=1
OGADUW,O=C1[O-]->[Ir+3]23(<-[c-]4c(-c5ccc(C(F)(F)F)cn->25)cc(C(F)(F)F)cc4C(F)(F)F)(<-[c-]2c(-c4ccc(C(F)(F)F)cn->34)cc(C(F)(F)F)cc2C(F)(F)F)<-n2ccccc21,C34 H14 F18 Ir1 N3 O2,0.0,O=C1[O-]->[Ir+3]23(<-[c-]4c(-c5ccc(C(F)(F)F)cn->25)cc(C(F)(F)F)cc4C(F)(F)F)(<-[c-]2c(-c4ccc(C(F)(F)F)cn->34)cc(C(F)(F)F)cc2C(F)(F)F)<-n2ccccc21,O=C1[O-]->[Ir+3]23(<-[c-]4c(-c5ccc(C(F)(F)F)cn->25)cc(C(F)(F)F)cc4C(F)(F)F)(<-[c-]2c(-c4ccc(C(F)(F)F)cn->34)cc(C(F)(F)F)cc2C(F)(F)F)<-n2ccccc21,O=C1[O-]->[Ir+3]23(<-[c-]4c(-c5ccc(C(F)(F)F)cn->25)cc(C(F)(F)F)cc4C(F)(F)F)(<-[c-]2c(-c4ccc(C(F)(F)F)cn->34)cc(C(F)(F)F)cc2C(F)(F)F)<-n2ccccc21
OGAXAY,CS(C)(=O)->[Pt@OH7+2](<-[Cl-])(<-[Cl-])<-n1c2n(c(=O)c3ccccc31)-c1ccccc1C2=O,C17 H14 Cl2 N2 O3 Pt1 S1,0.0,CS(C)(=O)->[Pt+2](<-[Cl-])(<-[Cl-])<-n1c2n(c(=O)c3ccccc31)-c1ccccc1C2=O,CS(C)(=O)->[Pt+4](<-[Cl-])(<-[Cl-])<-[n-]1c2ccccc2c(=O)n2c3ccccc3c([O-])c21,CS(C)(=O)->[Pt+4](<-[Cl-])(<-[Cl-])<-[n-]1c2ccccc2c(=O)n2c3ccccc3c([O-])c21
OGIDEO,C[S-]->[Mo+4]12345(<-[C-]#[O+])(<-[C-](/c6ccccc6)=[C-]->1/c1ccccc1)<-c1c->2c->3[cH-]->4c->51,C21 H18 Mo1 O1 S1,0.0,C[S-]->[Mo+2]12345(<-[C-]#[O+])(<-C(c6ccccc6)#C->1c1ccccc1)<-c1c->2c->3[cH-]->4c->51,C[S-]->[Mo+2]12345(<-[C-]#[O+])(<-C(c6ccccc6)#C->1c1ccccc1)<-c1c->2c->3[cH-]->4c->51,C[S-]->[Mo+2]12345(<-[C-]#[O+])(<-C(c6ccccc6)#C->1c1ccccc1)<-c1c->2c->3[cH-]->4c->51
OGIMOG,CNC(N/N=C(\C)C(=O)OC)=S->[Zn+2](<-[Cl-])<-[Cl-],C6 H11 Cl2 N3 O2 S1 Zn1,0.0,CNC1NN2=C(C)C(OC)=O->[Zn+2]<-2(<-[Cl-])(<-[Cl-])<-S=1,CNC1NN(=C(C)C(=O)OC)->[Zn+2](<-[Cl-])(<-[Cl-])<-S=1,CNC1NN2=C(C)C(OC)=O->[Zn+2]<-2(<-[Cl-])(<-[Cl-])<-S=1
OGULEH,,C14 H24 Cl3 Pd1 1-,-1.0,CC(C)(C)C12->[Pd+2]34(<-[Cl-])(<-[Cl-])(<-[Cl-])<-C1(C)=C->3(C)C->4=2C(C)(C)C,CC(C)(C)C12->[Pd+2]34(<-[Cl-])(<-[Cl-])(<-[Cl-])<-C=1(C)C->3(C)=C->42C(C)(C)C,CC(C)(C)C12->[Pd+2]34(<-[Cl-])(<-[Cl-])(<-[Cl-])<-C=1(C)C->3(C)=C->42C(C)(C)C
OHEBEI,CC(C)(C)[N-2]->[Ti+4]12(<-[Cl-])<-N(/CCN->1(C)C)=C(/c1ccccc1)[N-]->2[Si](C)(C)C,C18 H33 Cl1 N4 Si1 Ti1,0.0,CC(C)(C)[N-2]->[Ti+4]12(<-[Cl-])<-N(=C(c3ccccc3)[N-]->1CCN->2(C)C)[Si](C)(C)C,CC(C)(C)[N-2]->[Ti+4]123(<-[Cl-])<-N(CCN->1(C)C)=C->2(c1ccccc1)[N-]->3[Si](C)(C)C,CC(C)(C)[N-2]->[Ti+4]123(<-[Cl-])<-N(CCN->1(C)C)=C->2(c1ccccc1)[N-]->3[Si](C)(C)C
OHEREY,C[C@@H](c1ccccc1)N1P(=[Se]->[Pd+2](<-[Cl-])(<-[Cl-])<-P1(c1ccccc1)c1ccccc1)(c1ccccc1)c1ccccc1,C32 H29 Cl2 N1 P2 Pd1 Se1,0.0,CC(c1ccccc1)N1P(=[Se]->[Pd+2](<-[Cl-])(<-[Cl-])<-P1(c1ccccc1)c1ccccc1)(c1ccccc1)c1ccccc1,CC(c1ccccc1)N1P(=[Se]->[Pd+2](<-[Cl-])(<-[Cl-])<-P1(c1ccccc1)c1ccccc1)(c1ccccc1)c1ccccc1,CC(c1ccccc1)N1P(c2ccccc2)(c2ccccc2)->[Pd+2]2(<-[Cl-])(<-[Cl-])<-[Se]=P->21(c1ccccc1)c1ccccc1
OHORIM,O->[Zn+2]12(<-O)(<-N3=NN=N/C3=C3\C=CC=C[N-]->13)<-N1=NN=N/C1=C1\C=CC=C[N-]->21,C12 H12 N10 O2 Zn1,0.0,O->[Zn+2]12(<-O)(<-n3ccccc3-c3nnn[n-]->13)<-n1ccccc1-c1nnn[n-]->21,O->[Zn+2]12(<-O)(<-n3ccccc3-c3nnn[n-]->13)<-n1ccccc1-c1nnn[n-]->21,O->[Zn+2]12(<-O)(<-n3ccccc3-c3nnn[n-]->13)<-n1ccccc1-c1nnn[n-]->21
OHUPOY,CC12->[Ti+2]3456789%10(<-O=C(Cc%11ccccc%11)[O-]->3)(<-O=C(Cc3ccccc3)[O-]->4)<-C3(C)=C->5(C)C->6(=C->71C)C->8(=C->93C)C->%10=2C,C30 H32 O4 Ti1,0.0,fail,Cc12->[Ti+4]3456789%10%11%12(<-O=C->3(Cc3ccccc3)[O-]->4)(<-O=C->5(Cc3ccccc3)[O-]->6)<-c3(C)c->71c->8(c->9(C)[c-]->%103C)[c-]->%11(C)c->%122C,Cc12->[Ti+4]3456789%10%11%12(<-O=C->3(Cc3ccccc3)[O-]->4)(<-O=C->5(Cc3ccccc3)[O-]->6)<-c3(C)c->71c->8(c->9(C)[c-]->%103C)[c-]->%11(C)c->%122C
OHUWIY,,C39 H24 La1 N9 S3,0.0,S=C=[N-]->[La+3]123(<-[N-]=C=S)(<-[N-]=C=S)(<-n4cccc5ccc6cccn->1c6c54)(<-n1cccc4ccc5cccn->2c5c41)<-n1cccc2ccc4cccn->3c4c21,SCN[La]123(NCS)(NCS)(N4CCCC5CCC6CCCN1C6C54)(N1CCCC4CCC5CCCN2C5C41)N1CCCC2CCC4CCCN3C4C21,SCN[La]123(NCS)(NCS)(N4CCCC5CCC6CCCN1C6C54)(N1CCCC4CCC5CCCN2C5C41)N1CCCC2CCC4CCCN3C4C21
OJAZAC,,C16 H22 N3 Ni1 O4 S2 1+,1.0,O=[N+]([O-])[O-]->[Ni+2]123(<-O)<-n4ccccc4CCS->1CCS->2CCc1ccccn->31,O=[N+]([O-])[O-]->[Ni+2]123(<-O)<-n4ccccc4CCS->1CCS->2CCc1ccccn->31,O.O=[N+]([O-])[O-]->[Ni+2]123<-n4ccccc4CCS->1CCS->2CCc1ccccn->31
OJIMUQ,[O-]P(c1ccccc1)(c1ccccc1)->[Ni+2]12<-[c-]3c(OP->1(c1ccccc1)c1ccccc1)cccc3OP->2(c1ccccc1)c1ccccc1,C42 H33 Ni1 O3 P3,0.0,O=[PH](c1ccccc1)(c1ccccc1)->[Ni+]12<-[c-]3c(OP->1(c1ccccc1)c1ccccc1)cccc3OP->2(c1ccccc1)c1ccccc1,[O-]P(c1ccccc1)(c1ccccc1)->[Ni+2]12<-[c-]3c(OP->1(c1ccccc1)c1ccccc1)cccc3OP->2(c1ccccc1)c1ccccc1,[O-]P(c1ccccc1)(c1ccccc1)->[Ni+2]12<-[c-]3c(OP->1(c1ccccc1)c1ccccc1)cccc3OP->2(c1ccccc1)c1ccccc1
OJOLAB,CN1C=CN2CC(=O)[N-](c3ccccc3)->[Pd@TB12+2]3(<-[C]12)<-n1ccccc1-c1cc(C(F)(F)F)n[n-]->31,C21 H17 F3 N6 O1 Pd1,0.0,CN1C=CN2CC(=O)[N-](c3ccccc3)->[Pd+2]3(<-[C]12)<-n1ccccc1-c1cc(C(F)(F)F)n[n-]->31,CN1C=CN2CC(=O)[N-](c3ccccc3)->[Pd+2]3(<-[C]12)<-N1=NC(C(F)(F)F)=CC1=C1C=CC=C[N-]->31,CN1C=CN2CC(=O)[N-](c3ccccc3)->[Pd+2]3(<-[C]12)<-N1=NC(C(F)(F)F)=CC1=C1C=CC=C[N-]->31
OJOVIS,C=CP(c1ccccc1)(c1ccccc1)->[Ru+2]12345(<-[Cl-])(<-[C](C)OC)<-c6c->1(C)c->2(C)c->3c->4(C)c->56C,C27 H33 Cl1 O1 P1 Ru1 1+,1.0,C=CP(c1ccccc1)(c1ccccc1)->[Ru+4]12345(<-[Cl-])(<-[C-2](C)OC)<-c6c->1(C)c->2(C)c->3c->4(C)c->56C,C=CP(c1ccccc1)(c1ccccc1)->[Ru+2]12345(<-[Cl-])(<-[C](C)OC)<-c6c->1(C)c->2(C)c->3c->4(C)c->56C,C=CP(c1ccccc1)(c1ccccc1)->[Ru+2]12345(<-[Cl-])(<-[C](C)OC)<-c6c->1(C)c->2(C)c->3c->4(C)c->56C
OJUJUY,CC1=O->[Cd+2]2(<-O=P(c3ccccc3)(c3ccccc3)c3ccccc3)(<-[O-]1)(<-n1cccc3c1-c1ncccc1C3=O)<-n1cccc3c1-c1c(cccn->21)C3=O,C42 H30 Cd1 N4 O5 P1 1+,1.0,fail,CC1=O->[Cd+6]23(<-O=P(c4ccccc4)(c4ccccc4)c4ccccc4)(<-[O-]1)(<-[n-]1cccc4c(=O)c5ccc[n-]->2c-5c1-4)<-[n-]1cccc2c(=O)c4ccc[n-]->3c-4c1-2,CC12=O->[Cd+6]<-134(<-O=P(c1ccccc1)(c1ccccc1)c1ccccc1)(<-[O-]2)(<-[n-]1cccc2c(=O)c5ccc[n-]->3c-5c1-2)<-[n-]1cccc2c(=O)c3ccc[n-]->4c-3c1-2
OKAPIB,C1=O->[Mo+2]2345(<-C=C->2)(<-[CH2-]N->3(CCP->4(c2ccccc2)c2ccccc2)CCP->5(c2ccccc2)c2ccccc2)<-[O-]1,C32 H35 Mo1 N1 O2 P2,0.0,fail,c1ccc(P2(CCN34CCP(c5ccccc5)(c5ccccc5)->[Mo+2]<-3<-2567(<-C=C->5)(<-[CH2-]4)<-O=C->6[O-]->7)c2ccccc2)cc1,c1ccc(P2(CCN34CCP(c5ccccc5)(c5ccccc5)->[Mo+2]<-3<-2567(<-C=C->5)(<-[CH2-]4)<-O=C->6[O-]->7)c2ccccc2)cc1
OKEXAF,C=CCS/C1=N/N2=C/c3cccc(OC)c3[O-]->[Mo+6]<-2(<-[O-2])(<-[O-2])(<-[NH-]1)<-OC,C13 H17 Mo1 N3 O5 S1,0.0,C=CCSC1=NN2=Cc3cccc(OC)c3[O-]->[Mo+6]<-2(<-[O-2])(<-[O-2])(<-[NH-]1)<-OC,C=CCSC1=NN2=Cc3cccc(OC)c3[O-]->[Mo+6]<-2(<-[O-2])(<-[O-2])(<-[NH-]1)<-OC,C=CCSC1=NN2->[Mo+6](<-[O-2])(<-[O-2])(<-[NH-]1)<-[O-]c1c(cccc1OC)C=2.CO
OKOVIT,,C33 H32 Cr1 O4 P2,0.0,CCO[C-2](C)->[Cr+2]1(<-[C-]#[O+])(<-[C-]#[O+])(<-[C-]#[O+])<-P(CCP->1(c1ccccc1)c1ccccc1)(c1ccccc1)c1ccccc1,CCO[C](C)->[Cr]1(<-[C-]#[O+])(<-[C-]#[O+])(<-[C-]#[O+])<-P(CCP->1(c1ccccc1)c1ccccc1)(c1ccccc1)c1ccccc1,CCO[C](C)->[Cr]1(<-[C-]#[O+])(<-[C-]#[O+])(<-[C-]#[O+])<-P(CCP->1(c1ccccc1)c1ccccc1)(c1ccccc1)c1ccccc1
OKUTIZ,Cc1cc(C)c(-n2ccn(-c3c(C)cc(C)cc3C)c2=P->[W](<-[C-]#[O+])(<-[C-]#[O+])(<-[C-]#[O+])(<-[C-]#[O+])<-[C-]#[O+])c(C)c1,C26 H25 N2 O5 P1 W1,0.0,Cc1cc(C)c(-n2ccn(-c3c(C)cc(C)cc3C)[c+]2[PH-]->[W](<-[C-]#[O+])(<-[C-]#[O+])(<-[C-]#[O+])(<-[C-]#[O+])<-[C-]#[O+])c(C)c1,Cc1cc(C)c(-n2ccn(-c3c(C)cc(C)cc3C)c2=P->[W](<-[C-]#[O+])(<-[C-]#[O+])(<-[C-]#[O+])(<-[C-]#[O+])<-[C-]#[O+])c(C)c1,Cc1cc(C)c(-n2ccn(-c3c(C)cc(C)cc3C)c2=P->[W](<-[C-]#[O+])(<-[C-]#[O+])(<-[C-]#[O+])(<-[C-]#[O+])<-[C-]#[O+])c(C)c1
OLIZEO,O=[N+]([O-])c1ccc(/N=N/[N-](->[Au+]<-P(c2ccccc2)(c2ccccc2)c2ccccc2)c2ccc([N+](=O)[O-])cc2)cc1,C30 H23 Au1 N5 O4 P1,0.0,O=[N+]([O-])c1ccc(N=N[N-](->[Au+]<-P(c2ccccc2)(c2ccccc2)c2ccccc2)c2ccc([N+](=O)[O-])cc2)cc1,O=[N+]([O-])c1ccc(N=N[N-](->[Au+]<-P(c2ccccc2)(c2ccccc2)c2ccccc2)c2ccc([N+](=O)[O-])cc2)cc1,O=[N+]([O-])c1ccc(N2=N[N-](c3ccc([N+](=O)[O-])cc3)->[Au+]<-2<-P(c2ccccc2)(c2ccccc2)c2ccccc2)cc1
OLUFEH,ClC1=N/O[B@-]2(c3ccccc3)ON3->[Co+]456789%10<-N(=C->4(Cl)C->5(Cl)=N->6O[B@-](c4ccccc4)(ON->7=C->8(Cl)C->9=3Cl)O/N->%10=C/1Cl)O2,C18 H10 B2 Cl6 Co1 N6 O6 1-,-1.0,ClC1=N2->[Co+]3456<-N7=C(Cl)C(Cl)=N->3O[B-](c3ccccc3)(ON->4=C1Cl)[O+]N->5=C(Cl)C(Cl)=N->6O[B-](c1ccccc1)(O2)O7,ClC1=N2->[Co+]3456<-N7=C(Cl)C(Cl)=N->3O[B-](c3ccccc3)(ON->4=C1Cl)ON->5=C(Cl)C(Cl)=N->6O[B-](c1ccccc1)(O2)O7,ClC1=N2->[Co+]3456<-N7=C(Cl)C(Cl)=N->3O[B-](c3ccccc3)(ON->4=C1Cl)ON->5=C(Cl)C(Cl)=N->6O[B-](c1ccccc1)(O2)O7
OMANUL,CS(C)(=O)->[Ir+3]123(<-[Cl-])<-[C-]4=C->1C->2=[C-]->3C=CC=C4,C10 H18 Cl1 Ir1 O1 S1,0.0,CS(C)(=O)->[Ir+]123(<-[Cl-])<-C4=C->1CCC->2=C->3CC4,CS(C)(=O)->[Ir+]123(<-[Cl-])<-C4=CC=C->1C->2=CC=C->34,CS(C)(=O)->[Ir+]123(<-[Cl-])<-C4=CC=C->1C->2=CC=C->34
OMAXOP,Clc1ccc(/C=N2/CCN3CC/N(=C/c4ccc(Cl)cc4)->[Cu+]<-2<-N(=C\c2ccc(Cl)cc2)/CC3)cc1,C27 H27 Cl3 Cu1 N4 1+,1.0,Clc1ccc(C=N2CCN34CCN(=Cc5ccc(Cl)cc5)->[Cu+]<-2<-3<-N(=Cc2ccc(Cl)cc2)CC4)cc1,Clc1ccc(C=N2CCN34CCN(=Cc5ccc(Cl)cc5)->[Cu+]<-2<-3<-N(=Cc2ccc(Cl)cc2)CC4)cc1,Clc1ccc(C=N2CCN34CCN(=Cc5ccc(Cl)cc5)->[Cu+]<-2<-3<-N(=Cc2ccc(Cl)cc2)CC4)cc1
OMEYUA,O=C1C2=Cc3c(-c4c(Cl)cccc4Cl)c4cc5c6c(c7n8->[Ni@SP2+2]9(<-n3c2c(c2ccc(c(-c3c(Cl)cccc3Cl)c8C=C7)[n-]->92)-c2ccccc21)<-[n-]46)-c1ccccc1C5=O,C46 H20 Cl4 N4 Ni1 O2,0.0,O=C1C2=Cc3c(-c4c(Cl)cccc4Cl)c4cc5c6c(c7n8->[Ni+2]9(<-n3c2c(c2ccc(c(-c3c(Cl)cccc3Cl)c8C=C7)[n-]->92)-c2ccccc21)<-[n-]46)-c1ccccc1C5=O,,
OMOCAW,[O-2]->[Re+5]1(<-[Cl-])(<-[Cl-])(<-O=C(/N=[C-]->1/Nc1nc2ccccc2s1)c1ccccc1)<-P(c1ccccc1)(c1ccccc1)c1ccccc1,C33 H25 Cl2 N3 O2 P1 Re1 S1,0.0,[O-2]->[Re+5]1(<-[Cl-])(<-[Cl-])(<-[O-]C(=N[C]->1Nc1nc2ccccc2s1)c1ccccc1)<-P(c1ccccc1)(c1ccccc1)c1ccccc1,[O-2]->[Re+5]1(<-[Cl-])(<-[Cl-])(<-O=C(N=[C-]->1Nc1nc2ccccc2s1)c1ccccc1)<-P(c1ccccc1)(c1ccccc1)c1ccccc1,[O-2]->[Re+5]1(<-[Cl-])(<-[Cl-])(<-O=C(N=[C-]->1Nc1nc2ccccc2s1)c1ccccc1)<-P(c1ccccc1)(c1ccccc1)c1ccccc1
OMUZEC,S=C=[N-]->[Cu@+]12<-N(=C\C=C\c3ccccc3)/c3ccccc3SCCS->1c1ccccc1/N->2=C/C=C/c1ccccc1,C33 H28 Cu1 N3 S3,0.0,S=C=[N-]->[Cu+]12<-N(=CC=Cc3ccccc3)c3ccccc3S->1CCS->2c1ccccc1N=CC=Cc1ccccc1,S=C=[N-]->[Cu+]12<-N(=CC=Cc3ccccc3)c3ccccc3S->1CCS->2c1ccccc1N=CC=Cc1ccccc1,S=C=[N-]->[Cu+]12<-N(=CC=Cc3ccccc3)c3ccccc3SCCS->1c1ccccc1N->2=CC=Cc1ccccc1
ONAXUY,CC1(C)C2=N3->[Co@SP1+]45<-N6=C(/C=C\3C1(C)C)C(C)(C)C(C)(C)/C6=N/c1c3ccccc3nc(n->41)C1=Nc3ccccc3/C(=N/2)[N-]->51,C33 H33 Co1 N8,0.0,CC1(C)C2=CC3=N4->[Co+]56<-n7c(nc8ccccc8c7N=C4C(C)(C)C3(C)C)-c3nc4ccccc4c(n->53)N=C([N-]->62)C1(C)C,CC1(C)C2=CC3=N4->[Co+]56<-N2=C(N=C2c7ccccc7N=C(c7nc8ccccc8c(n->57)N=C4C(C)(C)C3(C)C)[N-]->62)C1(C)C,CC1(C)C2=CC3=N4->[Co+]56<-N2=C(N=C2c7ccccc7N=C(c7nc8ccccc8c(n->57)N=C4C(C)(C)C3(C)C)[N-]->62)C1(C)C
ONIKIH,CS(C)(=O)->[Pt+2]1(<-[O-]C(=O)[C@]2([O-]->1)C[C@@H](O)[C@@H](O)[C@H](O)C2)<-S(C)(C)=O,C11 H22 O8 Pt1 S2,0.0,CS(C)(=O)->[Pt+2]1(<-[O-]C(=O)C2([O-]->1)CC(O)C(O)C(O)C2)<-S(C)(C)=O,CS(C)(=O)->[Pt+2]1(<-[O-]C(=O)C2([O-]->1)CC(O)C(O)C(O)C2)<-S(C)(C)=O,CS(C)(=O)->[Pt+2]1(<-[O-]C(=O)C2([O-]->1)CC(O)C(O)C(O)C2)<-S(C)(C)=O
ONIYEQ,,C25 H51 Ir1 N2 O3 P1 1+,1.0,CC(C)C1COC2C3C4=N(->[IrH2+](<-OC3(C)C)(<-N=21)<-P(C(C)C)(C(C)C)C(C)C)C(C(C)C)CO4,CC(C)C1COC2C3C4=N(->[IrH2+](<-OC3(C)C)(<-N=21)<-P(C(C)C)(C(C)C)C(C)C)C(C(C)C)CO4,CC(C)C1COC2C3C4=N(->[IrH2+](<-OC3(C)C)(<-N=21)<-P(C(C)C)(C(C)C)C(C)C)C(C(C)C)CO4
ONUMIU,CN(C)C(=NN(=C(N(C)C)N(C)C)->[Zn+2](<-[Cl-])<-[Cl-])N(C)C,C10 H24 Cl2 N6 Zn1,0.0,CN(C)C1=NN(=C(N(C)C)N(C)C)->[Zn+2](<-[Cl-])(<-[Cl-])<-N1(C)C,CN(C)C1=NN(=C(N(C)C)N(C)C)->[Zn+2](<-[Cl-])(<-[Cl-])<-N1(C)C,CN(C)C1=NN(=C(N(C)C)N(C)C)->[Zn+2](<-[Cl-])(<-[Cl-])<-N1(C)C
OPECET,Cc1cc(C)n2->[Cd+2]34(<-O=N[O-]->3)(<-O=N[O-]->4)<-n3cccc4ccc5ccc(-n12)nc5c43,C17 H14 Cd1 N6 O4,0.0,fail,Cc1cc(C)n2->[Cd+2]345(<-O=N[O-]->3)(<-O=N[O-]->4)<-n3cccc4ccc6ccc(-n12)n->5c6c43,Cc1cc(C)n2->[Cd+2]345(<-O=N[O-]->3)(<-O=N[O-]->4)<-n3cccc4ccc6ccc(-n12)n->5c6c43
OPEWIR,CC(C)c1cccc(C(C)C)c1N1CCN(c2c(C(C)C)cccc2C(C)C)[C]1->[Ag+]<-[O-]S(=O)(=O)C(F)(F)F,C28 H38 Ag1 F3 N2 O3 S1,0.0,CC(C)c1cccc(C(C)C)c1N1CCN(c2c(C(C)C)cccc2C(C)C)[C]1->[Ag+]<-[O-]S(=O)(=O)C(F)(F)F,CC(C)c1cccc(C(C)C)c1N1CCN(c2c(C(C)C)cccc2C(C)C)[C]1->[Ag+]<-[O-]S(=O)(=O)C(F)(F)F,CC(C)c1cccc(C(C)C)c1N1CCN(c2c(C(C)C)cccc2C(C)C)[C]1->[Ag+]123<-O=S->1(=O->2)([O-]->3)C(F)(F)F
OPOXUO,C1=C2C=CC=CC2=O->[Ni]23<-O=C4C=CC=CC4=C=N->2c2ccccc2N->3=1,C20 H14 N2 Ni1 O2,0.0,C1c2ccccc2[O-]->[Ni+2]23<-[O-]c4ccccc4C=N->2c2ccccc2N->3=1,C1=C2C=CC=CC2=O->[Ni]23<-O=C4C=CC=CC4=C=N->2c2ccccc2N->3=1,C1=C2C=CC=CC2=O->[Ni]23<-O=C4C=CC=CC4=C=N->2c2ccccc2N->3=1
OPXMOL,C[C@@H]1O->[Mo+6]23(<-[O-2])(<-O=C1N(C)C)(<-[O-][O-]->2)<-[O-][O-]->3,C5 H11 Mo1 N1 O7,0.0,CC1O->[Mo+6]23(<-[O-2])(<-O=C1N(C)C)(<-[O-][O-]->2)<-[O-][O-]->3,CC1O->[Mo+6]23(<-[O-2])(<-O=C1N(C)C)(<-[O-][O-]->2)<-[O-][O-]->3,CC(O)C(=O->[Mo+6]12(<-[O-2])(<-[O-][O-]->1)<-[O-][O-]->2)N(C)C
OQILUX,,C12 H16 Ni1 S8,0.0,CC1SC2[S-]->[Ni+4]3(<-[S-]C=2SC1C)<-[S-]C1=C([S-]->3)SC(C)C(C)S1,CC1SC2=S->[Ni]3(<-S=C2SC1C)<-S=C1SC(C)C(C)SC1=S->3,CC1SC2=S->[Ni]3(<-S=C2SC1C)<-S=C1SC(C)C(C)SC1=S->3
OQOYUP,[O+]#[C-]->[Mn+]123(<-[C-]#[O+])(<-[C-]#[O+])<-[CH-]4[CH-]->1[C-]->2([C+]1[CH+][CH+][CH+][CH-][CH-]1)[P@@H+]([O-])[C-]->34c1ccccc1,C19 H13 Mn1 O4 P1 1-,-1.0,O=[PH-]1C2(c3ccccc3)->[Mn]34(<-[C-]#[O+])(<-[C-]#[O+])(<-[C-]#[O+])<-C=2C->3=C->41c1ccccc1,O=[PH]1C2(c3ccccc3)->[Mn-]34(<-[C-]#[O+])(<-[C-]#[O+])(<-[C-]#[O+])<-C=2C->3=C->41c1ccccc1,O=[PH]1C2(c3ccccc3)->[Mn-]34(<-[C-]#[O+])(<-[C-]#[O+])(<-[C-]#[O+])<-C=2C->3=C->41c1ccccc1
OREBAP,CC(C)P1(Oc2cccc3OP(C(C)C)(C(C)C)->[Ni@TB14+2]<-1(<-[C-]#[N+]C(C)(C)C)<-[c-]23)C(C)C,C23 H40 N1 Ni1 O2 P2 1+,1.0,CC(C)P1(Oc2cccc3OP(C(C)C)(C(C)C)->[Ni+2]<-1(<-[C-]#[N+]C(C)(C)C)<-[c-]23)C(C)C,CC(C)P1(Oc2cccc3OP(C(C)C)(C(C)C)->[Ni+2]<-1(<-[C-]#[N+]C(C)(C)C)<-[c-]23)C(C)C,CC(C)P1(Oc2cccc3OP(C(C)C)(C(C)C)->[Ni+2]<-1(<-[C-]#[N+]C(C)(C)C)<-[c-]23)C(C)C
ORISOZ,[O+]#[C-]->[Os+2]12(<-N3=NC(C(F)(F)F)=N/C3=C3\C=CC=C[N-]->13)(<-N1=NC(C(F)(F)F)=N/C1=C1\C=CC=C[N-]->21)<-[P@TB5](c1ccccc1)(c1ccccc1)c1ccccc1,C35 H23 F6 N8 O1 Os1 P1,0.0,[O+]#[C-]->[Os+2]12(<-n3ccccc3-c3nc(C(F)(F)F)n[n-]->13)(<-n1ccccc1-c1nc(C(F)(F)F)n[n-]->21)<-P(c1ccccc1)(c1ccccc1)c1ccccc1,[O+]#[C-]->[Os+2]12(<-n3ccccc3-c3nc(C(F)(F)F)n[n-]->13)(<-n1ccccc1-c1nc(C(F)(F)F)n[n-]->21)<-P(c1ccccc1)(c1ccccc1)c1ccccc1,[O+]#[C-]->[Os+2]12(<-n3ccccc3-c3nc(C(F)(F)F)n[n-]->13)(<-n1ccccc1-c1nc(C(F)(F)F)n[n-]->21)<-P(c1ccccc1)(c1ccccc1)c1ccccc1
ORONEP,[Cl-]->[Pt@OH2+2]12<-[C]3C=CC=CC3=P(c3ccccc3)(c3ccccc3)C->1=P(c1ccccc1)(c1ccccc1)c1cccc[c-]->21,C37 H29 Cl1 P2 Pt1,0.0,[Cl-]->[Pt+4]12<-[c-]3ccccc3[P](c3ccccc3)(c3ccccc3)[CH-]->1[P](c1ccccc1)(c1ccccc1)c1cccc[c-]->21,[Cl-]->[Pt+2]12<-[C]3C=CC=CC3=P(c3ccccc3)(c3ccccc3)C->1=P(c1ccccc1)(c1ccccc1)c1cccc[c-]->21,[Cl-]->[Pt+2]12<-[C]3C=CC=CC3=P(c3ccccc3)(c3ccccc3)C->1=P(c1ccccc1)(c1ccccc1)c1cccc[c-]->21
OSALEA,c1ccn(->[Pt@OH10+2]23<-n4ccccc4/N=C4/c5ccccc5/C(=N/c5ccccn->25)[N-]->34)cc1,C23 H17 N6 Pt1 1+,1.0,c1ccn(->[Pt+2]23<-n4ccccc4N=C4c5ccccc5C(=Nc5ccccn->25)[N-]->34)cc1,c1ccn(->[Pt+2]23<-N4=C(N=c5cccc[n-]->25)c2ccccc2C4=Nc2ccccn->32)cc1,c1ccn(->[Pt+2]23<-N4=C(N=c5cccc[n-]->25)c2ccccc2C4=Nc2ccccn->32)cc1
OSEXER,,C30 H35 B1 Fe1 N2 O2,0.0,CN(C)c1ccc(C2=C(c3ccc(N(C)C)cc3)[BH2-]2->[Fe+2]2345(<-[C-]#[O+])(<-[C-]#[O+])<-c6(C)c->2(C)c->3(C)[c-]->4(C)c->56C)cc1,CN(C)c1ccc(C2=[B-](->[Fe+2]3456(<-[C-]#[O+])(<-[C-]#[O+])<-c7(C)c->3(C)c->4(C)[c-]->5(C)c->67C)=C2c2ccc(N(C)C)cc2)cc1,CN(C)c1ccc(-c2[b-]34=C(=O)->[Fe+2]<-35678(<-[C-]#[O+])(<-c24-c2ccc(N(C)C)cc2)<-c2(C)c->5(C)c->6(C)[c-]->7(C)c->82C)cc1
OSUBUA,Fc1cccc2F->[Fe@OH17+2]3456<-Fc7cccc(F)c7-c7ccc(CN(Cc8ccc(-c12)[n-]->38)Cc1ccc(-c2c(F)cccc2F->4)[n-]->51)[n-]->67,C33 H21 F6 Fe1 N4 1-,-1.0,Fc1cccc(F)c1-c1ccc2CN34Cc5ccc(-c6c(F)cccc6F)[n-]5->[Fe+2]<-3(<-[n-]21)<-[n-]1c(C4)ccc1-c1c(F)cccc1F,Fc1cccc(F)c1-c1ccc2CN34Cc5ccc(-c6c(F)cccc6F)[n-]5->[Fe+2]<-3(<-[n-]21)<-[n-]1c(C4)ccc1-c1c(F)cccc1F,Fc1cccc(F)c1-c1ccc2CN3Cc4ccc(-c5c(F)cccc5F)[n-]4->[Fe+2](<-[n-]21)<-[n-]1c(C3)ccc1-c1c(F)cccc1F
OTEFUQ,[Cl-]->[Pd@+2]12<-S=C3C=CC=C/C3=N->1\C=C1\C=CC=C[N-]->21,C12 H9 Cl1 N2 Pd1 S1,0.0,fail,[Cl-]->[Pd+2]12<-S=C3C=CC=CC3=N->1C=C1C=CC=C[N-]->21,[Cl-]->[Pd+2]12<-S=C3C=CC=CC3=N->1C=C1C=CC=C[N-]->21
OTULEV,,C21 H15 N1 O2 Pt1 S1,0.0,fail,CC1[O-]->[Pt+2]2(<-O=C3C=1Sc1ccccc13)<-[c-]1ccccc1-c1ccccn->21,CC1[O-]->[Pt+2]2(<-O=C3C=1Sc1ccccc13)<-[c-]1ccccc1-c1ccccn->21
OVAHIE,CC(C)c12->[Ru+2]34567(<-[Cl-])(<-[C]8N(c9ccccc9)C=CN8c8ccccn->38)<-c(c->41)c->5(C)c->6c->72,C24 H25 Cl1 N3 Ru1 1+,1.0,CC(C)c12->[Ru+2]34567(<-[Cl-])(<-[C]8N(c9ccccc9)C=CN8c8ccccn->38)<-c(c->41)c->5(C)c->6c->72,CC(C)c12->[Ru+2]34567(<-[Cl-])(<-[C]8N(c9ccccc9)C=CN8c8ccccn->38)<-c(c->41)c->5(C)c->6c->72,CC(C)c12->[Ru+2]34567(<-[Cl-])(<-[C]8N(c9ccccc9)C=CN8c8ccccn->38)<-c(c->41)c->5(C)c->6c->72
OVERAJ,O=S(=O)([O-]->[Fe+2]1234(<-[O-]S(=O)(=O)C(F)(F)F)(<-C(/c5ccccn->15)=N->2\c1ccccc1F)<-C(/c1ccccn->31)=N->4\c1ccccc1F)C(F)(F)F,C26 H18 F8 Fe1 N4 O6 S2,0.0,O=S(=O)([O-]->[Fe+2]12(<-[O-]S(=O)(=O)C(F)(F)F)(<-N(=Cc3ccccn->13)c1ccccc1F)<-N(=Cc1ccccn->21)c1ccccc1F)C(F)(F)F,O=S(=O)([O-]->[Fe+2]12(<-[O-]S(=O)(=O)C(F)(F)F)(<-N(=Cc3ccccn->13)c1ccccc1F)<-N(=Cc1ccccn->21)c1ccccc1F)C(F)(F)F,O=S(=O)([O-]->[Fe+2]12(<-[O-]S(=O)(=O)C(F)(F)F)(<-N(=Cc3ccccn->13)c1ccccc1F)<-N(=Cc1ccccn->21)c1ccccc1F)C(F)(F)F
OVILAH,CC(C)(C)/N1=C(\c2ccccc2)[N-]2[Si](C)(C)[N-]3/C(c4ccccc4)=N(/C(C)(C)C)->[Ti+4]<-1<-2<-3(<-[Cl-])<-[Cl-],C24 H34 Cl2 N4 Si1 Ti1,0.0,CC(C)(C)N1=C(c2ccccc2)[N-]2[Si](C)(C)[N-]3C(c4ccccc4)=N(C(C)(C)C)->[Ti+4]<-1<-2<-3(<-[Cl-])<-[Cl-],CC(C)(C)[N-]1C(c2ccccc2)=N2[Si](C)(C)N3=C(c4ccccc4)[N-](C(C)(C)C)->[Ti+4]<-2<-3<-1(<-[Cl-])<-[Cl-],CC(C)(C)[N-]1C2(c3ccccc3)=N3[Si](C)(C)N4=C5(c6ccccc6)[N-](C(C)(C)C)->[Ti+4]<-3<-4<-1<-2<-5(<-[Cl-])<-[Cl-]
OVUFAO,CC(C)c12->[Ti+4]3456789%10(<-[Cl-])(<-Cl[B-](c%11c(F)c(F)c(F)c(F)c%11F)(c%11c(F)c(F)c(F)c(F)c%11F)[c-]->3(c->41)c->51ccccc->621)<-c1c->7c->8[cH-]->9c->%101,C29 H17 B1 Cl2 F10 Ti1,0.0,CC(C)c12->[Ti+4]3456789%10(<-[Cl-])(<-Cl[B-](c%11c(F)c(F)c(F)c(F)c%11F)(c%11c(F)c(F)c(F)c(F)c%11F)c->3(c->41)[c-]->51ccccc->621)<-c1c->7c->8[cH-]->9c->%101,CC(C)C12->[Ti+4]3456789(<-[Cl-])(<-[Cl-])(<-C=1C->3(=[B-](c1c(F)c(F)c(F)c(F)c1F)c1c(F)c(F)c(F)c(F)c1F)c->41ccccc->512)<-c1c->6c->7[cH-]->8c->91,CC(C)C12->[Ti+4]3456789(<-[Cl-])(<-[Cl-])(<-C=1C->3(=[B-](c1c(F)c(F)c(F)c(F)c1F)c1c(F)c(F)c(F)c(F)c1F)c->41ccccc->512)<-c1c->6c->7[cH-]->8c->91
OWEJIL,Cc1cc(C)c(/N2=C/C=N(/c3c(C)cc(C)cc3C)->[Pd+2]<-2(<-[I-])<-[I-])c(C)c1,C20 H24 I2 N2 Pd1,0.0,Cc1cc(C)c(N2=CC=N(c3c(C)cc(C)cc3C)->[Pd+2]<-2(<-[I-])<-[I-])c(C)c1,Cc1cc(C)c(N2=CC=N(c3c(C)cc(C)cc3C)->[Pd+2]<-2(<-[I-])<-[I-])c(C)c1,Cc1cc(C)c(N2=CC=N(c3c(C)cc(C)cc3C)->[Pd+2]<-2(<-[I-])<-[I-])c(C)c1
OWEWAQ,CC(C)(C)[c-]12->[Ti+2]3456789%10%11%12(<-[Cl-])(<-c(c->3c->41)c->52)<-C1(C)=C->6(C)C->72=C->8(C)C->9(C)=C->%10(C)C->%112=C->%121C,C23 H31 Cl1 Ti1,0.0,CC(C)(C)c12->[Ti+2]3456789%10%11%12(<-[Cl-])(<-c(c->31)[cH-]->4c->52)<-C1(C)=C->6(C)C->72=C->8(C)C->9(C)=C->%10(C)C->%112=C->%121C,CC(C)(C)[c-]12->[Ti+4]3456789%10%11%12(<-[Cl-])(<-c(c->3c->41)c->52)<-c1(C)c->6(C)[c-]->7(C)c->82c->9(C)[c-]->%10(C)c->%11(C)c->%1212,Cc1c(C)[c-]2(C)->[Ti+4]3456789%10(<-[Cl-])(<-c%11c->3c->4[c-]->5(C(C)(C)C)c->6%11)<-c3(C)c->7(C)[c-]->8(C)c->91c->%1032
OWONAQ,,C13 H9 I1 N2 O3 Ru1,0.0,CN1C=CN2c3cccc[c-]3->[Ru+2](<-[I-])(<-[C-]#[O+])(<-[C-]#[O+])(<-[C-]#[O+])<-[C]12,CN1C=CN2c3cccc[c-]3->[Ru+2](<-[I-])(<-[C-]#[O+])(<-[C-]#[O+])(<-[C-]#[O+])<-[C]12,CN1C=CN2c3cccc[c-]3->[Ru+2](<-[I-])(<-[C-]#[O+])(<-[C-]#[O+])(<-[C-]#[O+])<-[C]12
OWUZEN,C1=C/C2=C(/C3=N4->[Ni@SP1+2]5(<-N2=C1)<-[N-]1[CH-][CH-][CH+][C-]1[C+](c1c2c[cH+]cc[c+]-2cc2[cH+]cc[cH+]c1-2)[C-]1[CH-][CH-]/C(=C/4C=C3)[N-]->51)c1c2ccccc2cc2ccccc12,C46 H28 N4 Ni1,0.0,C1=CC2=C(c3c4ccccc4cc4ccccc34)c3ccc4C5=N6->[Ni+2](<-N2=C1)(<-[n-]1cccc1C(=C6C=C5)c1c2ccccc2cc2ccccc12)<-[n-]34,,
OXEVAQ,O=C1CS(c2ccccc2)->[Pd@+2]2(<-[Cl-])<-[S-][P+](c3ccccc3)(c3ccccc3)c3ccccc3[N-]->21,C26 H21 Cl1 N1 O1 P1 Pd1 S2,0.0,O=C1CS(c2ccccc2)->[Pd+2]2(<-[Cl-])<-S=P(c3ccccc3)(c3ccccc3)c3ccccc3[N-]->21,O=C1CS(c2ccccc2)->[Pd+2]2(<-[Cl-])<-[S-][P+](c3ccccc3)(c3ccccc3)c3ccccc3[N-]->21,O=C1CS(c2ccccc2)->[Pd+2]2(<-[Cl-])<-[S-][P+](c3ccccc3)(c3ccccc3)c3ccccc3[N-]->21
OXIGEJ,CCCN1CP(c2ccccc2)(c2ccccc2)->[Fe+2]2(<-[C-]#[O+])(<-[S-]c3ccc(C)cc3[S-]->2)<-P(C1)(c1ccccc1)c1ccccc1,C37 H37 Fe1 N1 O1 P2 S2,0.0,fail,CCCN1CP(c2ccccc2)(c2ccccc2)->[Fe]2(<-[C-]#[O+])(<-S=C3C=CC(C)=CC3=S->2)<-P(C1)(c1ccccc1)c1ccccc1,CCCN1CP(c2ccccc2)(c2ccccc2)->[Fe]2(<-[C-]#[O+])(<-S=C3C=CC(C)=CC3=S->2)<-P(C1)(c1ccccc1)c1ccccc1
OXOKOC,CC1=CC=C[C]2->[Ir+3]34(<-[c-]5ccccc5)(<-[c-]5ccccc5N12)<-n1c(C)cc(C)n1[BH-](n1c(C)cc(C)n->31)n1c(C)cc(C)n->41,C33 H37 B1 Ir1 N7,0.0,CC1=CC=C[C]2->[Ir+3]34(<-[c-]5ccccc5)(<-[c-]5ccccc5N12)<-n1c(C)cc(C)n1[BH-](n1c(C)cc(C)n->31)n1c(C)cc(C)n->41,CC1=CC=C[C]2->[Ir+3]34(<-[c-]5ccccc5)(<-[c-]5ccccc5N12)<-n1c(C)cc(C)n1[BH-](n1c(C)cc(C)n->31)n1c(C)cc(C)n->41,CC1=CC=C[C]2->[Ir+3]34(<-[c-]5ccccc5)(<-[c-]5ccccc5N12)<-n1c(C)cc(C)n1[BH-](n1c(C)cc(C)n->31)n1c(C)cc(C)n->41
OYAVAM,CC1(C)CO->[Pd@OH17+2](<-[Cl-])(<-N1)<-P1([O-])OC(C)(C)C(C)(C)O1,C10 H23 Cl1 N1 O4 P1 Pd1,0.0,CC1(C)CO->[Pd+](<-[Cl-])(<-N1)<-[PH]1(=O)OC(C)(C)C(C)(C)O1,CC1(C)CO->[Pd+2](<-[Cl-])(<-N1)<-P1([O-])OC(C)(C)C(C)(C)O1,CC1(C)CO->[Pd+2](<-[Cl-])(<-N1)<-P1([O-])OC(C)(C)C(C)(C)O1
OYUHIB,C/C1=N(\NC(=O)c2ccc(O)cc2)->[Fe+2]23456(<-[N-]=C=S)(<-[N-]=C=S)<-O=C(NN->2=C->3(C)c->42cccc->51n->62)c1ccc(O)cc1,C25 H21 Fe1 N7 O4 S2,0.0,CC1c2cccc3C(C)=N4NC(=O->[Fe+2]<-45(<-[N-]=C=S)(<-[N-]=C=S)(<-O=C(NN->5=1)c1ccc(O)cc1)<-n23)c1ccc(O)cc1,CC1c2cccc3C(C)=N4NC(=O->[Fe+2]<-45(<-[N-]=C=S)(<-[N-]=C=S)(<-O=C(NN->5=1)c1ccc(O)cc1)<-n23)c1ccc(O)cc1,CC1c2cccc(C(C)=N3NC(=O->[Fe+2]<-34(<-[N-]=C=S)(<-[N-]=C=S)<-O=C(NN->4=1)c1ccc(O)cc1)c1ccc(O)cc1)n2
OZEDEE,,C9 H8 I2 Mo1 N4 O3,0.0,[O+]#[C-]->[Mo+2](<-[I-])(<-[I-])(<-[C-]#[O+])(<-[C-]#[O+])(<-n1ccc[nH]1)<-n1ccc[nH]1,[O+]#[C-]->[Mo+2](<-[I-])(<-[I-])(<-[C-]#[O+])(<-[C-]#[O+])(<-n1ccc[nH]1)<-n1ccc[nH]1,O=[C-]1[C-](=O)->[Mo+4]<-1(<-[I-])(<-[I-])(<-[C-]#[O+])(<-n1ccc[nH]1)<-n1ccc[nH]1
OZIMOB,c1ccn(->[Zn+2]23(<-[O-]n4nnnc4-c4cccc(-c5nnn[n-]->25)n->34)<-n2ccccc2)cc1,C17 H15 N11 O1 Zn1,0.0,O->[Zn+2]12(<-n3ccccc3)(<-n3ccccc3)<-n3c(-c4nnn[n-]->14)cccc3-c1nnn[n-]->21,[O-2]->[Zn+4]12(<-n3ccccc3)(<-n3ccccc3)<-n3c(-c4nnn[n-]->14)cccc3-c1nnn[n-]->21,c1ccn(->[Zn+2]23(<-[O-]n4nnnc4-c4cccc(-c5nnn[n-]->25)n->34)<-n2ccccc2)cc1
PABMAH,,C19 H35 N1 O1 Si1 W1,0.0,fail,CC(C)=C1[CH2-]->[W+4]<-12345(<-[CH2-][Si](C)(C)C)(<-[N-]=O)<-c1(C)c->2(C)c->3(C)[c-]->4(C)c->51C,CC1(C)=C2[CH2-]->[W+4]<-2<-13456(<-[CH2-][Si](C)(C)C)(<-[N-]=O)<-c1(C)c->3(C)c->4(C)[c-]->5(C)c->61C
PACFEF,CC(C)(C)C1=CC(=C2c3ccc4[n-]3->[Zn@SP3+2]35<-[N-]6[C+]([CH+][CH-][C+]26)[CH+][C+]2[CH-][CH+][C+](/C([C+]6[CH+][CH-][N-][CH-][CH-]6)=c6/cc/c([n-]->36)=C/4)[N-]->52)C=C(C(C)(C)C)[CH-]1,C39 H35 N5 Zn1,0.0,CC(C)(C)c1cc(-c2c3n4->[Zn+2]56<-n7c(cc8ccc2[n-]->58)C=Cc7c(-c2ccncc2)c2ccc(cc4C=C3)[n-]->62)cc(C(C)(C)C)c1,CC(C)(C)[c+]1[cH+][c+](C(C)(C)C)[cH-][c-](-[c+]2[c+]3[n-]4->[Zn+2]56<-[n-]7[c+]([cH-][c+]4[CH-][CH+]3)[CH-][CH+][c+]7[c-](-[c-]3[cH-][cH+][n-][cH-][cH-]3)[c+]3[n-]->5[c-]([cH-][c+]4[n-]->6[c-]2[CH+][CH+]4)[CH+][CH+]3)[cH-]1,CC(C)(C)[c+]1[cH+][c+](C(C)(C)C)[cH-][c-](-[c+]2[c+]3[n-]4->[Zn+2]56<-[n-]7[c+]([cH-][c+]4[CH-][CH+]3)[CH-][CH+][c+]7[c-](-[c-]3[cH-][cH+][n-][cH-][cH-]3)[c+]3[n-]->5[c-]([cH-][c+]4[n-]->6[c-]2[CH+][CH+]4)[CH+][CH+]3)[cH-]1
PADQUG,C[As]1[S-]->[Hf+4]23456789%10(<-[S-][As](C)S->21)(<-c1c->3c->4[cH-]->5c->61)<-c1c->7c->8[cH-]->9c->%101,C12 H16 As2 Hf1 S3,0.0,C[As]1S[As](C)[S-]->[Hf+4]23456789(<-[S-]1)(<-c1c->2c->3[cH-]->4c->51)<-c1c->6c->7[cH-]->8c->91,C[As]1S[As](C)[S-]->[Hf+4]23456789(<-[S-]1)(<-c1c->2c->3[cH-]->4c->51)<-c1c->6c->7[cH-]->8c->91,C[As]1[S-]->[Hf+4]234567(<-[S-][As](C)S->21)(<-c1c->3c->4[cH-]->5c->61)<-c1ccc[cH-]->71
PAFXAW,CC(C)(C)P1(CCP(C(C)(C)C)(C(C)(C)C)->[Ni+2]<-12<-[CH2-][Si](C)(C)C->2)C(C)(C)C,C22 H51 Ni1 P2 Si1 1+,1.0,CC(C)(C)P1(CCP(C(C)(C)C)(C(C)(C)C)->[Ni+2]<-12<-[CH2-][Si](C)(C)C->2)C(C)(C)C,CC(C)(C)P1(CCP(->[Ni+2]<-1<-[CH2-][Si](C)(C)C)(C(C)(C)C)C(C)(C)C)C(C)(C)C,CC(C)(C)P1(CCP(->[Ni+2]<-1<-[CH2-][Si](C)(C)C)(C(C)(C)C)C(C)(C)C)C(C)(C)C
PAGNUI,,C13 H19 Co1 I1 N1 O2 S1,0.0,CCOC(=O)[CH-]1S[C](N(C)C)->[Co+3]<-12345(<-[I-])<-c1c->2c->3(C)c->4[cH-]->51,CCOC(=O)C1=S=[C-](N(C)C)->[Co+3]<-12345(<-[I-])<-c1c->2c->3[c-]->4(C)c->51,CCOC(=O)C1=S=[C-](N(C)C)->[Co+3]<-12345(<-[I-])<-c1c->2c->3[c-]->4(C)c->51
PAHWOL,Cc1ccccn1->[Cu+](<-n1ccccc1C)<-[N-](S(C)(=O)=O)S(C)(=O)=O,C14 H20 Cu1 N3 O4 S2,0.0,Cc1ccccn1->[Cu+](<-n1ccccc1C)<-[N-](S(C)(=O)=O)S(C)(=O)=O,Cc1ccccn1->[Cu+](<-n1ccccc1C)<-[N-](S(C)(=O)=O)S(C)(=O)=O,Cc1ccccn1->[Cu+]1(<-O=S(C)(=O)[N-]->1S(C)(=O)=O)<-n1ccccc1C
PAKDOU,C/C1=C/C(C)=N2->[Zr+4]34(<-[Cl-])(<-[Cl-])<-N(=C(C)\C=C(\C)[N-]->3c3c[cH-][cH+]cc3\2)/c2ccccc2[N-]->41,C22 H22 Cl2 N4 Zr1,0.0,CC1=CC(C)=N2->[Zr+4]34(<-[Cl-])(<-[Cl-])<-N(=C(C)C=C(C)[N-]->3c3ccccc3[N-]->41)c1ccccc12,Cc1cc(C)[n-]2->[Zr+6]34(<-[Cl-])(<-[Cl-])<-n1c1ccccc1[n-]->3[c-](C)cc(C)[n-]->4c1ccccc12,Cc1cc(C)[n-]2->[Zr+6]34(<-[Cl-])(<-[Cl-])<-n1c1ccccc1[n-]->3[c-](C)cc(C)[n-]->4c1ccccc12
PAKVOM,,C11 H26 Cl1 N4 O4 Zn1 1+,1.0,[O-][Cl+3]([O-])([O-])[O-]->[Zn+2]123<-NCCN->14CCCN->2CCCN->3CCC4,C1CN2->[Zn+8]34<-NCCN->3(CCC2)CCCN->4C1.[O-2].[O-2].[O-2].[O-]Cl,[O-2].[O-2]->[Zn+8]123(<-[O-2])<-NCCN->14CCCN->2CCCN->3CCC4.[O-]Cl
PALDAH,,C15 H11 B1 Mo1 O3,0.0,fail,[O+]#[C-]->[Mo]123456(<-[C-]#[O+])(<-[C-]#[O+])<-C7=C->1C->2=C->3B->4(c1ccccc1)C->5=C->67,[O+]#[C-]->[Mo]123456(<-[C-]#[O+])(<-[C-]#[O+])<-C7=C->1C->2=C->3B->4(c1ccccc1)C->5=C->67
PAMBEM,O=[N+]1[O-]->[Zn+2]23(<-[O-]1)(<-[O-][N+](=O)[O-]->2)<-n1cn(CCOCCOCCn2cn->3c3ccccc32)c2ccccc21,C20 H22 N6 O8 Zn1,0.0,O=[N+]([O-])[O-]->[Zn+2]1(<-[O-][N+](=O)[O-])<-n2cn(CCOCCOCCn3cn->1c1ccccc13)c1ccccc12,O=[N+]([O-])[O-]->[Zn+2]1(<-[O-][N+](=O)[O-])<-n2cn(CCOCCOCCn3cn->1c1ccccc13)c1ccccc12,O=[N+]12[O-]->[Zn+2]<-1345(<-[O-]2)(<-[O-][N+]->3(=O)[O-]->4)<-n1cn(CCOCCOCCn2cn->5c3ccccc32)c2ccccc21
PANGER,,C6 H12 Br2 N4 Ni1 O2,0.0,O->[Ni+2](<-O)(<-[Br-])(<-[Br-])(<-n1cc[nH]c1)<-n1cc[nH]c1,O->[Ni+2](<-O)(<-[Br-])(<-[Br-])(<-n1cc[nH]c1)<-n1cc[nH]c1,O.O.[Br-]->[Ni+2](<-[Br-])(<-n1cc[nH]c1)<-n1cc[nH]c1
PAQKOK,,C21 H27 Cl1 N3 O1 P1 Ru1,0.0,CC(C)(C)P1(Nc2ccc3ccc4cccn5->[RuH+]<-1(<-[Cl-])(<-[C-]#[O+])<-n2c3c45)C(C)(C)C,CC(C)(C)P1(Nc2ccc3ccc4cccn5->[RuH+]<-1(<-[Cl-])(<-[C-]#[O+])<-n2c3c45)C(C)(C)C,CC(C)(C)P1(Nc2ccc3ccc4cccn5->[RuH+]<-1(<-[Cl-])(<-[C-]#[O+])<-n2c3c45)C(C)(C)C
PAQZAJ,O=C(/N=C(\[S-]->[Hg+2]<-[S-]/C(=N\C(=O)c1ccccc1)N1CCOCC1)N1CCOCC1)c1ccccc1,C24 H26 Hg1 N4 O4 S2,0.0,fail,O=C(N=C([S-]->[Hg+2]<-[S-]C(=NC(=O)c1ccccc1)N1CCOCC1)N1CCOCC1)c1ccccc1,c1ccc(C2=NC(=S->[Hg+2]3(<-[O-]2)<-[O-]C(=NC(=S->3)N2CCOCC2)c2ccccc2)N2CCOCC2)cc1
PASGIZ,,C14 H28 I1 N2 Ni1 O1 S2 1+,1.0,[I-]->[Ni+2]1234<-O5CCS->1CCN->21CCCN->3(CCC1)CCS->4CC5,[I-]->[Ni+2]123<-S4CCOCCS->1CCN->21CCCN->3(CCC1)CC4,[I-]->[Ni+2]123<-S4CCOCCS->1CCN->21CCCN->3(CCC1)CC4
PATKAX,,C38 H32 N6 Ni1 O4,0.0,CC#N->[Ni+2]12(<-N#CC)(<-O=C(c3ccccc3)c3c(C)nn(-c4ccccc4)c3[O-]->1)<-O=C(c1ccccc1)c1c(C)nn(-c3ccccc3)c1[O-]->2,CC#N->[Ni+2]12(<-N#CC)(<-O=C3C(=C([O-]->1)c1ccccc1)C(C)=NN3c1ccccc1)<-O=C1C(=C([O-]->2)c2ccccc2)C(C)=NN1c1ccccc1,CC#N->[Ni+2]12(<-N#CC)(<-O=C3C(=C([O-]->1)c1ccccc1)C(C)=NN3c1ccccc1)<-O=C1C(=C([O-]->2)c2ccccc2)C(C)=NN1c1ccccc1
PAWWOZ,Cc1ccn2->[Ti+4]3(<-[Cl-])(<-N(c2c1)=[Si](C)C)(<-n1ccc(C)cc1[N-]->3[Si](C)(C)[O-])(<-[N-](C)C)<-N(C)C,C20 H37 Cl1 N6 O1 Si2 Ti1,0.0,Cc1ccn2->[Ti+4]34(<-[Cl-])(<-n5ccc(C)cc5[N-]->3[Si](C)(C)[O+][Si](C)(C)[N-]->4c2c1)(<-[N-](C)C)<-N(C)C,Cc1ccn2->[Ti+4]34(<-[Cl-])(<-n5ccc(C)cc5[N-]->3[Si](C)(C)O[Si](C)(C)[N-]->4c2c1)(<-[N-](C)C)<-N(C)C,Cc1ccn2->[Ti+4]34(<-[Cl-])(<-n5ccc(C)cc5[N-]->3[Si](C)(C)O[Si](C)(C)[N-]->4c2c1)(<-[N-](C)C)<-N(C)C
PAXMAD,CN1(C)c2ccccc2P(c2ccccc2)(c2ccccc2)->[Ru+2]<-1(<-[Cl-])(<-[Cl-])(<-[C-]#[O+])<-[C-]#[O+],C22 H20 Cl2 N1 O2 P1 Ru1,0.0,CN1(C)c2ccccc2P(c2ccccc2)(c2ccccc2)->[Ru+2]<-1(<-[Cl-])(<-[Cl-])(<-[C-]#[O+])<-[C-]#[O+],CN1(C)c2ccccc2P(c2ccccc2)(c2ccccc2)->[Ru+2]<-1(<-[Cl-])(<-[Cl-])(<-[C-]#[O+])<-[C-]#[O+],CN1(C)c2ccccc2P(c2ccccc2)(c2ccccc2)->[Ru+2]<-1(<-[Cl-])(<-[Cl-])(<-[C-]#[O+])<-[C-]#[O+]
PAXYAR,,C13 H14 Cl1 N2 O1 Ru1 1+,1.0,CC1c2ccccn2->[Ru+2]23456(<-[Cl-])(<-c7c->2c->3c->4c->5c->67)<-N=1O,CC1c2ccccn2->[Ru+2]23456(<-[Cl-])(<-c7c->2c->3c->4c->5c->67)<-N=1O,CC1c2ccccn2->[Ru+2]23456(<-[Cl-])(<-c7c->2c->3c->4c->5c->67)<-N=1O
PAYGUT,,C34 H33 N7 Ni1 O4,0.0,Cc1cc2[nH]cn(->[Ni+2]34(<-[O-]C(=O)c5cccc(C(=O)[O-]->3)n->45)(<-n3c[nH]c4cc(C)c(C)cc43)<-n3c[nH]c4cc(C)c(C)cc43)c2cc1C,Cc1cc2[nH]cn(->[Ni+2]34(<-[O-]C(=O)c5cccc(C(=O)[O-]->3)n->45)(<-n3c[nH]c4cc(C)c(C)cc43)<-n3c[nH]c4cc(C)c(C)cc43)c2cc1C,Cc1cc2[nH]cn(->[Ni+2]34(<-[O-]C(=O)c5cccc(C(=O)[O-]->3)n->45)(<-n3c[nH]c4cc(C)c(C)cc43)<-n3c[nH]c4cc(C)c(C)cc43)c2cc1C
PAYRIT,c1ccc2c(c1)-c1nc3c4ccccc4c4nc5n6->[Cu@SP2+]7(<-n1c-2nc1c2ccccc2c(nc6-c2ccccc2-5)[n-]->71)<-[n-]34,C32 H16 Cu1 N8 1-,-1.0,c1ccc2c(c1)-c1nc3c4ccccc4c4nc5n6->[Cu+]7(<-n1c-2nc1c2ccccc2c(nc6-c2ccccc2-5)[n-]->71)<-[n-]34,C1=c2c(c3[n-]4->[Cu+]56<-[n-]7c(c8ccccc8c7N=c7c8ccccc8c([n-]->57)=Nc5c7ccccc7c([n-]->65)N=3)N=c24)=C[CH+][CH+]1,C1=c2c(c3[n-]4->[Cu+]56<-[n-]7c(c8ccccc8c7N=c7c8ccccc8c([n-]->57)=Nc5c7ccccc7c([n-]->65)N=3)N=c24)=C[CH+][CH+]1
PAYVER,CO/C1=N/c23->[Co+]456789%10(<-c(c->4c->52C(C)C)c->6c->73C(C)C)<-N(c2c(C(C)C)cccc2C(C)C)=C->8(OC)c->92cccc1n->%102,C33 H43 Co1 N3 O2 1+,1.0,COC1=Nc23->[Co+]45678(<-c(c->4c->52C(C)C)c->6c->73C(C)C)<-N(=C(OC)c2cccc1n->82)c1c(C(C)C)cccc1C(C)C,COC1=Nc23->[Co+]45678(<-c(c->4c->52C(C)C)c->6c->73C(C)C)<-N(=C(OC)c2cccc1n->82)c1c(C(C)C)cccc1C(C)C,COC1=Nc23->[Co+]45678(<-c(c->4c->52C(C)C)c->6c->73C(C)C)<-N(=C(OC)c2cccc1n->82)c1c(C(C)C)cccc1C(C)C
PBPNEP,,C27 H37 Cl1 N1 P1 Pd1,0.0,CC1c2cc3ccccc3c[c-]2->[Pd+2](<-[Cl-])(<-N1(C)C)<-P(c1ccccc1)(C(C)C)C(C)(C)C,[C-3]C1c2cc3ccccc3c[c-]2->[Pd+6](<-[Cl-])(<-N1(C)C)<-P(c1ccccc1)(C(C)C)C([CH2-])(C)C,C=C(C)C.CC(C)[P-](c1ccccc1)->[Pd+2]12(<-[Cl-])<-C34=C->15C(C35C=c1ccccc1=C4)N->2(C)C
PDTPOR,,C44 H28 N4 Pd1,0.0,C1=Cc2c(-c3ccccc3)c3ccc4c(-c5ccccc5)c5n6->[Pd+2]7(<-n2c1c(-c1ccccc1)c1ccc(c(-c2ccccc2)c6C=C5)[n-]->71)<-[n-]34,[CH+]1[CH+][CH-][CH-][C+]([c+]2[c+]3[n-]4->[Pd+2]56<-[n-]7[c+]([cH+][cH+][c+]7[c-](-[c-]7[cH+][cH+][cH+][cH-][cH-]7)[c-]7[cH+][cH-][c+]([c+](-[c+]8[cH+][cH+][cH-][cH-][cH-]8)[c-]4[CH-][CH-]3)[n-]->57)[c-]([C+]3[CH+][CH-][CH-][CH-][CH-]3)[c-]3[cH+][cH-][c+]2[n-]->63)[CH+]1,[CH+]1[CH+][CH-][CH-][C+]([c+]2[c+]3[n-]4->[Pd+2]56<-[n-]7[c+]([cH+][cH+][c+]7[c-](-[c-]7[cH+][cH+][cH+][cH-][cH-]7)[c-]7[cH+][cH-][c+]([c+](-[c+]8[cH+][cH+][cH-][cH-][cH-]8)[c-]4[CH-][CH-]3)[n-]->57)[c-]([C+]3[CH+][CH-][CH-][CH-][CH-]3)[c-]3[cH+][cH-][c+]2[n-]->63)[CH+]1
PEBQAO,C[C-]12[CH+](c3ccccc3)->[Ti+4]<-134567(<-[Cl-])(<-c1c->3c->4[cH-]->5c->61)<-[CH-]2[N-]->7C1CCCCC1,C21 H26 Cl1 N1 Ti1,0.0,CC12=C3N(C4CCCCC4)->[Ti+3]<-3<-145678(<-[Cl-])(<-[HH-]C->42c1ccccc1)<-c1c->5c->6[cH-]->7c->81,CC1C=N(C2CCCCC2)->[Ti+2]2345(<-[Cl-])(<-C=1c1ccccc1)<-c1c->2c->3[cH-]->4c->51,CC1C=N(C2CCCCC2)->[Ti+2]2345(<-[Cl-])(<-C=1c1ccccc1)<-c1c->2c->3[cH-]->4c->51
PECHIR,,C19 H40 Mn1 N1 O2 P2,0.0,CC(C)P1(CCN2(C)CCP(C(C)C)(C(C)C)->[MnH]<-2<-1(<-[C-]#[O+])<-[C-]#[O+])C(C)C,CC(C)P1(CCN2(C)CCP(C(C)C)(C(C)C)->[MnH]<-2<-1(<-[C-]#[O+])<-[C-]#[O+])C(C)C,CC(C)P1(CCN2(C)CCP(C(C)C)(C(C)C)->[MnH]<-2<-1(<-[C-]#[O+])<-[C-]#[O+])C(C)C
PEDNAO,,C19 H14 Cl1 N3 Pd1 S2,0.0,[Cl-]->[Pd+2]12<-S=C(Nc3ccccc3)c3cccc(C(=Nc4ccccc4)[S-]->1)n->23,[Cl-]->[Pd+2]12<-S=C(Nc3ccccc3)c3cccc(C(=Nc4ccccc4)[S-]->1)n->23,[Cl-]->[Pd+2]12<-S=C(Nc3ccccc3)c3cccc(C(=Nc4ccccc4)[S-]->1)n->23
PEFSEZ,,C29 H21 N5 O3 S2 Zn1,0.0,N#CC(C#N)=C1[S-]->[Zn+2]2(<-O)(<-[S-]1)<-n1cccc3cccc(O->2Cc2cccc(COc4cccc5cccnc45)n2)c31,N#CC(C#N)=C1[S-]->[Zn+2](<-O)(<-[S-]1)<-n1cccc2cccc(OCc3cccc(COc4cccc5cccnc45)n3)c21,N#CC(C#N)=C1[S-]->[Zn+2](<-O)(<-[S-]1)<-n1cccc2cccc(OCc3cccc(COc4cccc5cccnc45)n3)c21
PEGREY,CC(C)(C)[N-2]->[Nb+5]12345678(<-c9c->1c->2[cH-]->3c->49)(<-c1c->5c->6[cH-]->7c->81)<-[cH-]1cccc1,C19 H24 N1 Nb1,0.0,CC(C)(C)[N-2]->[Nb+5]12345678(<-c9c->1c->2[cH-]->3c->49)(<-c1c->5c->6[cH-]->7c->81)<-[cH-]1cccc1,CC(C)(C)[N-2]->[Nb+5]12345678(<-c9c->1c->2[cH-]->3c->49)(<-c1c->5c->6[cH-]->7c->81)<-[cH-]1cccc1,CC(C)(C)[N-2]->[Nb+5]1234(<-c5c->1c->2[cH-]->3c->45)(<-[cH-]1cccc1)<-[cH-]1cccc1
PEHLAP,Cc1ccc2[O-]->[V+5]34(<-[O-2])(<-[O-]C(=O)c5ccccc5/N->3=N/c2c1)<-[O-]c1cccc2cccn->4c12,C23 H16 N3 O5 V1,0.0,fail,Cc1ccc2[O-]->[V+5]34(<-[O-2])(<-[O-]C(=O)c5ccccc5N->3=Nc2c1)<-[O-]c1cccc2cccn->4c12,Cc1ccc2[O-]->[V+5]34(<-[O-2])(<-[O-]C(=O)c5ccccc5N->3=Nc2c1)<-[O-]c1cccc2cccn->4c12
PEJHES,CC(C)(C)[N+]#[C-]->[Pt+2](<-[C-]#[N+]C(C)(C)C)(<-[c-]1nnnn1C(C)(C)C)<-[c-]1nnnn1C(C)(C)C,C20 H36 N10 Pt1,0.0,fail,CC(C)(C)[N+]#[C-]->[Pt+2](<-[C-]#[N+]C(C)(C)C)(<-[c-]1nnnn1C(C)(C)C)<-[c-]1nnnn1C(C)(C)C,CC(C)(C)[N+]#[C-]->[Pt+2](<-[C-]#[N+]C(C)(C)C)(<-[c-]1nnnn1C(C)(C)C)<-[c-]1nnnn1C(C)(C)C
PEKNAV,Cn1ccn2->[Cu+]34(<-O=C(/C=C(\[O-]->3)C(F)(F)F)C(F)(F)F)(<-O=C(/C=C(\[O-]->4)C(F)(F)F)C(F)(F)F)<-n3c(-c12)nn(C)c(=O)[n+]3C,C18 H13 Cu1 F12 N6 O5,0.0,fail,Cn1ccn(->[Cu+]23(<-O=C(C=C([O-]->2)C(F)(F)F)C(F)(F)F)<-O=C(C=C([O-]->3)C(F)(F)F)C(F)(F)F)c1-c1nn(C)c(=O)[n+](C)n1,CN1N=C2c3n(C)ccn3->[Cu+3]34(<-O=C(C=C([O-]->3)C(F)(F)F)C(F)(F)F)(<-O=C(C=C([O-]->4)C(F)(F)F)C(F)(F)F)<-[N-]2N(C)C1=O
PELLAV,COC(=O)c1cccc(Cn2c(=O)c3c(n(C)c2=O)N(C)[C](->[Ag+]<-[O-]C(C)=O)N3C)c1,C19 H21 Ag1 N4 O6,0.0,COC(=O)c1cccc(Cn2c(=O)c3c(n(C)c2=O)N(C)[C](->[Ag+]<-[O-]C(C)=O)N3C)c1,COC(=O)c1cccc(Cn2c(=O)c3c(n(C)c2=O)N(C)[C](->[Ag+]<-[O-]C(C)=O)N3C)c1,COC(=O)c1cccc(Cn2c(=O)c3c(n(C)c2=O)N(C)[C](->[Ag+]2<-O=C(C)[O-]->2)N3C)c1
PEMLOK,C[C+]1(c2ccccc2)[C-]23->[Cr+2]<-1456(<-[C-]#[O+])(<-[C-]#[O+])(<-[C-]#[O+])<-[CH+]([CH-]->4[CH-]->52)[CH-]->63,C16 H12 Cr1 O3,0.0,CC1(c2ccccc2)=C23->[Cr]<-1456(<-[C-]#[O+])(<-[C-]#[O+])(<-[C-]#[O+])<-C(=C->42)C->5=C->63,CC(c1ccccc1)=C12->[Cr]345(<-[C-]#[O+])(<-[C-]#[O+])(<-[C-]#[O+])<-C(=C->31)C->4=C->52,CC(c1ccccc1)=C12->[Cr]345(<-[C-]#[O+])(<-[C-]#[O+])(<-[C-]#[O+])<-C(=C->31)C->4=C->52
PENLOL,CC(C)P(c1n(C)cc[n+]1C)(C(C)C)->[Cu+](<-[Br-])<-[Br-],C11 H22 Br2 Cu1 N2 P1,0.0,CC(C)P([C]1N(C)C=CN1C)(C(C)C)->[Cu+2](<-[Br-])<-[Br-],CC(C)P(c1n(C)cc[n+]1C)(C(C)C)->[Cu+](<-[Br-])<-[Br-],CC(C)P(c1n(C)cc[n+]1C)C(C)C.[Br-]->[Cu+]<-[Br-]
PEPFEW,,C32 H31 B1 N6 O1 Ru1,0.0,Cc12->[Ru+2]3456(<-[H][B-](n7ccc8cccnc87)(n7ccc8cccnc87)n7ccc8cccn->3c87)(<-[C-]#[O+])<-c1(C)c->4(C)[c-]->5(C)c->62C,Cc12->[Ru+2]345(<-[C-]#[O+])(<-n6cccc7ccn([BH-](n8ccc9cccnc98)n8ccc9cccnc98)c76)<-c1(C)c->3(C)[c-]->4(C)c->52C,Cc12->[RuH+]345(<-[C-]#[O+])(<-n6cccc7ccn(B(n8ccc9cccnc98)n8ccc9cccnc98)c76)<-c1(C)c->3(C)[c-]->4(C)c->52C
PEQNEH,Cc1c(C)[n+](C)c(P(=c2n(C)c(C)c(C)n2C)->[W](<-[C-]#[O+])(<-[C-]#[O+])(<-[C-]#[O+])(<-[C-]#[O+])<-[C-]#[O+])n1C,C19 H24 N4 O5 P1 W1 1+,1.0,CC1=C(C)N(C)[C]([P-]([C]2N(C)C(C)=C(C)N2C)->[W+2](<-[C-]#[O+])(<-[C-]#[O+])(<-[C-]#[O+])(<-[C-]#[O+])<-[C-]#[O+])N1C,Cc1c(C)[n+](C)c(P(=c2n(C)c(C)c(C)n2C)->[W](<-[C-]#[O+])(<-[C-]#[O+])(<-[C-]#[O+])(<-[C-]#[O+])<-[C-]#[O+])n1C,Cc1c(C)[n+](C)c(P(=c2n(C)c(C)c(C)n2C)->[W](<-[C-]#[O+])(<-[C-]#[O+])(<-[C-]#[O+])(<-[C-]#[O+])<-[C-]#[O+])n1C
PERRIP,CC(C)c1cccc(C(C)C)c1/N1=C/c2ccc3ccccc3n2->[Pd+2]<-1(<-[Cl-])<-[Cl-],C22 H24 Cl2 N2 Pd1,0.0,CC(C)c1cccc(C(C)C)c1N1=Cc2ccc3ccccc3n2->[Pd+2]<-1(<-[Cl-])<-[Cl-],CC(C)c1cccc(C(C)C)c1[N-]1C=C2C=Cc3ccccc3[N-]2->[Pd+4]<-1(<-[Cl-])<-[Cl-],CC(C)c1cccc(C(C)C)c1[N-]1C=C2C=Cc3ccccc3[N-]2->[Pd+4]<-1(<-[Cl-])<-[Cl-]
PESFIC,,C18 H45 Cl2 Ir1 P2,0.0,CC(C)P(C(C)C)(C(C)C)->[IrH+2]1(<-[Cl-])(<-[Cl-])(<-[H][H]->1)<-P(C(C)C)(C(C)C)C(C)C,CC(C)P(C(C)C)(C(C)C)->[IrH3+2](<-[Cl-])(<-[Cl-])<-P(C(C)C)(C(C)C)C(C)C,CC(C)P(C(C)C)(C(C)C)->[IrH3+2](<-[Cl-])(<-[Cl-])<-P(C(C)C)(C(C)C)C(C)C
PETJUT,,C40 H30 Cl1 F4 O1 P2 Rh1,0.0,O=[C-]1C(F)=C(F)[C-](F)(F)->[Rh+3]<-1(<-[Cl-])(<-P(c1ccccc1)(c1ccccc1)c1ccccc1)<-P(c1ccccc1)(c1ccccc1)c1ccccc1,O=C1=C(F)C(F)=C(F)(F)->[Rh+]<-1(<-[Cl-])(<-P(c1ccccc1)(c1ccccc1)c1ccccc1)<-P(c1ccccc1)(c1ccccc1)c1ccccc1,O=C1=C(F)C(F)=C(F)(F)->[Rh+]<-1(<-[Cl-])(<-P(c1ccccc1)(c1ccccc1)c1ccccc1)<-P(c1ccccc1)(c1ccccc1)c1ccccc1
PETQEN,CS(C)(=O)->[Ru+2]123(<-[S-]c4ccccc4S->1c1ccccc1S->2c1ccccc1[S-]->3)<-P(c1ccccc1)(c1ccccc1)c1ccccc1,C38 H33 O1 P1 Ru1 S5,0.0,fail,CS(C)(=O)->[Ru]123(<-S=C4C=CC=CC4=S->1=C1C=CC=CC1=S->2=C1C=CC=CC1=S->3)<-P(c1ccccc1)(c1ccccc1)c1ccccc1,CS(C)(=O)->[Ru]123(<-S=C4C=CC=CC4=S->1=C1C=CC=CC1=S->2=C1C=CC=CC1=S->3)<-P(c1ccccc1)(c1ccccc1)c1ccccc1
PEVWIZ,[Cl-]->[Rh+3]12(<-[Cl-])(<-N=C3C=CC=C/C3=N/[N-]->1c1ccccc1N->2)<-P(c1ccccc1)(c1ccccc1)c1ccccc1,C30 H26 Cl2 N4 P1 Rh1,0.0,[Cl-]->[Rh+3]12(<-[Cl-])(<-[NH-]c3ccccc3N=N->1c1ccccc1N->2)<-P(c1ccccc1)(c1ccccc1)c1ccccc1,[Cl-]->[Rh+3]12(<-[Cl-])(<-N=C3C=CC=CC3=N[N-]->1c1ccccc1N->2)<-P(c1ccccc1)(c1ccccc1)c1ccccc1,[Cl-]->[Rh+3]12(<-[Cl-])(<-N=C3C=CC=CC3=N[N-]->1c1ccccc1N->2)<-P(c1ccccc1)(c1ccccc1)c1ccccc1
PEWWOF,,C9 H20 Cl1 N1 O1 Ru1 S2,0.0,CCS1CCN2CCS(CC)->[RuH+]<-2<-1(<-[Cl-])<-[C-]#[O+],CCS1CCN2CCS(CC)->[RuH+]<-2<-1(<-[Cl-])<-[C-]#[O+],CCS1CCN2CCS(CC)->[RuH+]<-2<-1(<-[Cl-])<-[C-]#[O+]
PEYBOK,CP(C)(C)->[Zr+4]123456789(<-[C-]%10=CCCC(c%11ccccc%11)=[C-]->1%10)(<-c1c->2c->3[cH-]->4c->51)<-c1c->6c->7[cH-]->8c->91,C25 H29 P1 Zr1,0.0,CP(C)(C)->[Zr+2]123456789(<-C%10=CCCC(c%11ccccc%11)=C->1=%10)(<-c1c->2c->3[cH-]->4c->51)<-c1c->6c->7[cH-]->8c->91,CP(C)(C)->[Zr+4]123456789(<-[C-]%10=CCCC(c%11ccccc%11)=[C-]->1%10)(<-c1c->2c->3[cH-]->4c->51)<-c1c->6c->7[cH-]->8c->91,CP(C)(C)->[Zr+4]123456789(<-[C-]%10=CCCC(c%11ccccc%11)=[C-]->1%10)(<-c1c->2c->3[cH-]->4c->51)<-c1c->6c->7[cH-]->8c->91
PEZKAH,CC1=O->[Rh+3]2(<-[I-])(<-[I-])(<-[O-]1)<-[C]1N(C)c3ccccc3N1c1ccc3c(c1-c1c(N4c5ccccc5N(C)[C]->24)ccc2c1CCCC2)CCCC3,C38 H37 I2 N4 O2 Rh1,0.0,fail,CN1c2ccccc2N2c3ccc4c(c3-c3c(N5c6ccccc6N(C)[C]5->[Rh+3]56(<-[I-])(<-[I-])(<-O=C->5(C)[O-]->6)<-[C]12)ccc1c3CCCC1)CCCC4,CN1c2ccccc2N2c3ccc4c(c3-c3c(N5c6ccccc6N(C)[C]5->[Rh+3]56(<-[I-])(<-[I-])(<-O=C->5(C)[O-]->6)<-[C]12)ccc1c3CCCC1)CCCC4
PHQUMO,[O-2]->[Mo+6]1(<-[O-2])(<-[Cl-])(<-[Cl-])<-O=C2C(=O->1)c1ccccc1-c1ccccc12,C14 H8 Cl2 Mo1 O4,0.0,[O-2]->[Mo+6]1(<-[O-2])(<-[Cl-])(<-[Cl-])<-O=C2C(=O->1)c1ccccc1-c1ccccc12,[O-2]->[Mo+8]1(<-[O-2])(<-[Cl-])(<-[Cl-])<-[O-]c2c([O-]->1)c1ccccc1c1ccccc21,[O-2]->[Mo+8]1(<-[O-2])(<-[Cl-])(<-[Cl-])<-[O-]c2c([O-]->1)c1ccccc1c1ccccc21
PIBRIE,CS(C)(=O)->[Pt+2](<-[Cl-])(<-[Cl-])<-Nc1ccccc1,C8 H13 Cl2 N1 O1 Pt1 S1,0.0,CS(C)(=O)->[Pt+2](<-[Cl-])(<-[Cl-])<-Nc1ccccc1,CS(C)(=O)->[Pt+2](<-[Cl-])(<-[Cl-])<-Nc1ccccc1,CS(C)(=O)->[Pt+2](<-[Cl-])(<-[Cl-])<-Nc1ccccc1
PICPEZ,,C35 H35 N5 Ni1 P1 1+,1.0,Cc1ccc(C2N=N(c3ccccc3)->[Ni+2]3(<-N(=NC(c4ccc(C)cc4)=c4ccc=2[n-]->34)c2ccccc2)<-P(C)(C)C)cc1,Cc1ccc(C2=N[N-](c3ccccc3)->[Ni+2]3(<-N(=NC(=C4C=CC2=N->34)c2ccc(C)cc2)c2ccccc2)<-P(C)(C)C)cc1,Cc1ccc(C2=N[N-](c3ccccc3)->[Ni+2]3(<-N(=NC(=C4C=CC2=N->34)c2ccc(C)cc2)c2ccccc2)<-P(C)(C)C)cc1
PICVUT,,C26 H40 I3 P1 Ru1,0.0,Cc1ccc([C-3]->[Ru+6](<-[I-])(<-[I-])(<-[I-])<-P(C2CCCCC2)(C2CCCCC2)C2CCCCC2)cc1,C[c+]1[cH-][cH+][c-]([C-3]->[Ru+6](<-[I-])(<-[I-])(<-[I-])<-P(C2CCCCC2)(C2CCCCC2)C2CCCCC2)[cH+][cH-]1,C[c+]1[cH-][cH+][c-]([C-3]->[Ru+6](<-[I-])(<-[I-])(<-[I-])<-P(C2CCCCC2)(C2CCCCC2)C2CCCCC2)[cH+][cH-]1
PIFDOX,Cc1ccc(SCc2cccc3CS(c4ccc(C)cc4)->[Pt+4](<-[CH3-])(<-[CH3-])(<-[CH3-])(<-[Br-])<-n23)cc1,C24 H30 Br1 N1 Pt1 S2,0.0,fail,Cc1ccc(SCc2cccc3CS(c4ccc(C)cc4)->[Pt+4](<-[CH3-])(<-[CH3-])(<-[CH3-])(<-[Br-])<-n23)cc1,Cc1ccc(SCc2cccc3CS(c4ccc(C)cc4)->[Pt+4](<-[CH3-])(<-[CH3-])(<-[CH3-])(<-[Br-])<-n23)cc1
PIFRUS,O=[N+]1[O-]->[La+3]2345(<-[O-]1)(<-[O-][N+](=O)[O-]->2)(<-[O-][N+](=O)[O-]->3)<-OCCOCCOCCO->4CCOCCO->5,C10 H22 La1 N3 O15,0.0,O=[N+]1[O-]->[La+3]2345678(<-[O-]1)(<-[O-][N+](=O)[O-]->2)(<-[O-][N+](=O)[O-]->3)<-OCCO->4CCO->5CCO->6CCO->7CCO->8,ON12->[La]3456789%10%11(<-OCCO->3CCO->4CCO->5CCO->6CCO->7)(<-N(O)(O8)O9)(<-N(O)(O%10)O%11)(O1)O2,ON12->[La]3456789%10%11(<-OCCO->3CCO->4CCO->5CCO->6CCO->7)(<-N(O)(O8)O9)(<-N(O)(O%10)O%11)(O1)O2
PIGBIT,FC(F)(F)/C1=C/c2oc3ccccc3n2->[Pd+2]2(<-[O-]1)<-[O-]/C(=C\c1oc3ccccc3n->21)C(F)(F)F,C20 H10 F6 N2 O4 Pd1,0.0,FC(F)(F)C1=Cc2oc3ccccc3n2->[Pd+2]2(<-[O-]1)<-[O-]C(=Cc1oc3ccccc3n->21)C(F)(F)F,FC(F)(F)C1=Cc2oc3ccccc3n2->[Pd+2]2(<-[O-]1)<-[O-]C(=Cc1oc3ccccc3n->21)C(F)(F)F,FC(F)(F)C1=Cc2oc3ccccc3n2->[Pd+2]2(<-[O-]1)<-[O-]C(=Cc1oc3ccccc3n->21)C(F)(F)F
PIGWOT,N#[C-]->[Pt+2]12<-n3ccccc3/N=C3/c4ccccc4/C(=N/c4ccccn->14)[N-]->23,C19 H12 N6 Pt1,0.0,N#[C-]->[Pt+2]12<-n3ccccc3N=C3c4ccccc4C(=Nc4ccccn->14)[N-]->23,N#[C-]->[Pt+2]12<-N3=C(N=c4cccc[n-]->14)c1ccccc1C3=Nc1ccccn->21,N#[C-]->[Pt+2]12<-N3=C(N=c4cccc[n-]->14)c1ccccc1C3=Nc1ccccn->21
PIHLOK,Cc1cc(-c2ccccc2)c2ccc3c(-c4ccccc4)cc(C)n4->[Zn+2]56(<-O=C([O-]->5)C(C)(C)C)(<-O=C([O-]->6)C(C)(C)C)<-n1c2c34,C36 H38 N2 O4 Zn1,0.0,fail,Cc1cc(-c2ccccc2)c2ccc3c(-c4ccccc4)cc(C)n4->[Zn+2]5(<-O=C([O-]->5)C(C)(C)C)(<-[O-]C(=O)C(C)(C)C)<-n1c2c34,Cc1cc(-c2ccccc2)c2ccc3c(-c4ccccc4)cc(C)n4->[Zn+2]5678(<-O=C->5([O-]->6)C(C)(C)C)(<-O=C->7([O-]->8)C(C)(C)C)<-n1c2c34
PIHYIP,Cc1cccc2/N3=C/c4ccccc4[O-]->[Re+5]<-3(<-[Cl-])(<-[Cl-])(<-[N-2]c12)<-P(c1ccccc1)(c1ccccc1)c1ccccc1,C32 H26 Cl2 N2 O1 P1 Re1,0.0,Cc1cccc2N3=Cc4ccccc4[O-]->[Re+4]<-3(<-[Cl-])(<-[Cl-])(<-[N-]c12)<-P(c1ccccc1)(c1ccccc1)c1ccccc1,Cc1cccc2N3=Cc4ccccc4[O-]->[Re+5]<-3(<-[Cl-])(<-[Cl-])(<-[N-2]c12)<-P(c1ccccc1)(c1ccccc1)c1ccccc1,Cc1cccc2N3=Cc4ccccc4[O-]->[Re+5]<-3(<-[Cl-])(<-[Cl-])(<-[N-2]c12)<-P(c1ccccc1)(c1ccccc1)c1ccccc1
PIJQII,,C24 H43 N2 P1 Pd1 Se2,0.0,CCCCP(CCCC)(CCCC)->[Pd+2]12<-[Se-]C3=C(N=N->1C1=C([Se-]->2)CCCC1)CCCC3,CCCCP(CCCC)(CCCC)->[Pd]12<-[Se]=C3CCCCC3=NN->1=C1CCCCC1=[Se]->2,CCCCP(CCCC)(CCCC)->[Pd+4]12<-[Se-][C-]3CCCC[C+]3[N-][N-]->1[C+]1CCCC[C-]1[Se-]->2
PIKLUS,C[C-](=O)->[Pt+2]1(<-[C-](C)=O)<-n2ccccc2C(O)(c2ccccn2)c2ccccn->12,C20 H19 N3 O3 Pt1,0.0,C[C-](=O)->[Pt+2]1(<-[C-](C)=O)<-n2ccccc2C(O)(c2ccccn2)c2ccccn->12,C[C-](=O)->[Pt+2]1(<-[C-](C)=O)<-n2ccccc2C(O)(c2ccccn2)c2ccccn->12,C[C-](=O)->[Pt+2]12(<-[C-](C)=O)<-n3ccccc3C(O)(c3ccccn->13)c->21ccccn1
PIKSUY,Cc1cn(C)c(=O)n2->[Pd+2](<-[O-]c12)(<-[c-]1c(F)cc(F)cc1F)<-[c-]1c(F)cc(F)cc1F,C18 H11 F6 N2 O2 Pd1 1-,-1.0,fail,Cc1cn(C)c(=O)n2->[Pd+2](<-[O-]c12)(<-[c-]1c(F)cc(F)cc1F)<-[c-]1c(F)cc(F)cc1F,Cc1cn(C)c(=O)n2->[Pd+2]3(<-[O-]c->312)(<-[c-]1c(F)cc(F)cc1F)<-[c-]1c(F)cc(F)cc1F
PILPUV,CC1/C=C(\[O-]->[V+5]23(<-[O-2])(<-[O-]/C(=N\N->2=1)c1ccccc1)<-[O-]c1cccc2cccn->3c12)c1ccccc1,C26 H20 N3 O4 V1,0.0,CC1C=C([O-]->[V+5]23(<-[O-2])(<-[O-]C(=NN->2=1)c1ccccc1)<-[O-]c1cccc2cccn->3c12)c1ccccc1,CC1C=C([O-]->[V+5]23(<-[O-2])(<-[O-]C(=NN->2=1)c1ccccc1)<-[O-]c1cccc2cccn->3c12)c1ccccc1,CC1C=C([O-]->[V+5]23(<-[O-2])(<-[O-]C(=NN->2=1)c1ccccc1)<-[O-]c1cccc2cccn->3c12)c1ccccc1
PIMZEQ,CC1(C)O[P@TB11+]2(->[Ni+2](<-[Cl-])(<-P(C)(C)C)<-P(C)(C)C)(OC1=O)O[C-]([O-])C(C)(C)O2,C14 H30 Cl1 Ni1 O6 P3,0.0,CC1(C)O[PH]2(->[Ni+](<-[Cl-])(<-P(C)(C)C)<-P(C)(C)C)(OC1=O)OC(=O)C(C)(C)O2,CC1(C)OP2(->[Ni](<-[Cl-])(<-P(C)(C)C)<-P(C)(C)C)(=[O+]C(C)(C)C(=O)O2)OC1=O,CC1(C)OP2(->[Ni](<-[Cl-])(<-P(C)(C)C)<-P(C)(C)C)(=[O+]C(C)(C)C(=O)O2)OC1=O
PIPPIQ,CC[Si]1(CC)[c-]23->[Zr+4]456789%10(<-[Cl-])(<-[Cl-])(<-c%11(cc(C)sc->4%112)c->52cc(C)sc->623)<-c23cc(C)sc->72[c-]->81c->91sc(C)cc->%1031,C26 H26 Cl2 S4 Si1 Zr1,0.0,fail,CC[Si]1(CC)c23->[Zr+4]456789%10(<-[Cl-])(<-[Cl-])(<-c1%11c->41sc(C)cc->51c->61cc(C)s[c-]->7%111)<-c21sc(C)cc->81c->91cc(C)s[c-]->%1031,CC[Si]1(CC)c23->[Zr+4]456789%10(<-[Cl-])(<-[Cl-])(<-c1%11c->41sc(C)cc->51c->61cc(C)s[c-]->7%111)<-c21sc(C)cc->81c->91cc(C)s[c-]->%1031
PIQTAN,CN1(C)CCC/N2=C/c3ccc(F)c[c-]3->[Pt+4]<-2<-1(<-[CH3-])(<-[Br-])<-[Br-],C13 H19 Br2 F1 N2 Pt1,0.0,CN1(C)CCCN2=Cc3ccc(F)c[c-]3->[Pt+4]<-2<-1(<-[CH3-])(<-[Br-])<-[Br-],CN1(C)CCCN2=Cc3ccc(F)c[c-]3->[Pt+4]<-2<-1(<-[CH3-])(<-[Br-])<-[Br-],CN1(C)CCCN2=Cc3ccc(F)c[c-]3->[Pt+4]<-2<-1(<-[CH3-])(<-[Br-])<-[Br-]
PITHIL,C1CCC(/N2=C3/C4=N(/C5CCCCC5)->[Co+]<-3<-4<-25678<-c2c->5c->6[cH-]->7c->82)CC1,C19 H29 Co1 N2,0.0,C1=C[N-](C2CCCCC2)->[Co+3]2345(<-c6c->2c->3[cH-]->4c->56)<-[N-]1C1CCCCC1,C1C=N(C2CCCCC2)->[Co+]2345(<-c6c->2c->3[cH-]->4c->56)<-N=1C1CCCCC1,C1C=N(C2CCCCC2)->[Co+]2345(<-c6c->2c->3[cH-]->4c->56)<-N=1C1CCCCC1
PIVFUY,Nc1ccc(/N2=C/c3ccccn3->[Cd+2]<-234(<-[O-][N+](=O)[O-]->3)<-N(=C\c2ccccn->42)/c2ccc(N)cc2)cc1,C24 H22 Cd1 N7 O3 1+,1.0,Nc1ccc(N2=Cc3ccccn3->[Cd+2]<-234(<-[O-][N+](=O)[O-]->3)<-N(=Cc2ccccn->42)c2ccc(N)cc2)cc1,Nc1ccc(N2=Cc3ccccn3->[Cd+2]<-234(<-[O-][N+](=O)[O-]->3)<-N(=Cc2ccccn->42)c2ccc(N)cc2)cc1,Nc1ccc(N2=Cc3ccccn3->[Cd+2]<-2345(<-[O-][N+]->3(=O)[O-]->4)<-N(=Cc2ccccn->52)c2ccc(N)cc2)cc1
PIVMOY,COc1ccc(C2=N3->[Rh+](<-[C-]#[O+])(<-[C-]#[O+])<-[n-]4c(-c5ccc(OC)cc5)cc(-c5ccccc5)c4/N=C\3C(c3ccccc3)=C2)cc1,C36 H26 N3 O4 Rh1,0.0,COc1ccc(C2=N3->[Rh+](<-[C-]#[O+])(<-[C-]#[O+])<-[n-]4c(-c5ccc(OC)cc5)cc(-c5ccccc5)c4N=C3C(c3ccccc3)=C2)cc1,COc1ccc(C2=N3->[Rh+](<-[C-]#[O+])(<-[C-]#[O+])<-[n-]4c(-c5ccc(OC)cc5)cc(-c5ccccc5)c4N=C3C(c3ccccc3)=C2)cc1,COc1ccc(C2=N3->[Rh+](<-[C-]#[O+])(<-[C-]#[O+])<-[n-]4c(-c5ccc(OC)cc5)cc(-c5ccccc5)c4N=C3C(c3ccccc3)=C2)cc1
PIWPAP,C[CH2-]->[Zn@@+2]12<-N(=C(C)\C=C(\C)[N-]->1CCCP->2(c1ccccc1)c1ccccc1)/c1c(C(C)C)cccc1C(C)C,C34 H45 N2 P1 Zn1,0.0,C[CH2-]->[Zn+2]12<-N(CCCP->1(c1ccccc1)c1ccccc1)=C(C)C=C(C)[N-]->2c1c(C(C)C)cccc1C(C)C,C[CH2-]->[Zn+2]12<-N(=C(C)C=C(C)[N-]->1CCCP->2(c1ccccc1)c1ccccc1)c1c(C(C)C)cccc1C(C)C,C[CH2-]->[Zn+2]12<-N(=C(C)C=C(C)[N-]->1CCCP->2(c1ccccc1)c1ccccc1)c1c(C(C)C)cccc1C(C)C
PIXFOT,Cc1cc(C)c(-[n+]2c[c-](->[Ru+2]34567(<-[Cl-])(<-[Cl-])<-c8c->3c->4(C(C)C)c->5c->6c->78C)n(C)n2)c(C)c1,C22 H29 Cl2 N3 Ru1,0.0,Cc1cc(C)c(-[n+]2c[c](->[Ru+]34567(<-[Cl-])(<-[Cl-])<-c8c->3c->4(C(C)C)c->5c->6c->78C)n(C)n2)c(C)c1,Cc1cc(C)c(-[n+]2c[c-](->[Ru+2]34567(<-[Cl-])(<-[Cl-])<-c8c->3c->4(C(C)C)c->5c->6c->78C)n(C)n2)c(C)c1,Cc1cc(C)c(-[n+]2c[c-](->[Ru+2]34567(<-[Cl-])(<-[Cl-])<-c8c->3c->4(C(C)C)c->5c->6c->78C)n(C)n2)c(C)c1
PIXTEV,CN12->[Ti+4]34(<-[N-]=C=O)(<-[N-]=C=O)(<-[O-][O-]->3)<-N(C)(CC1)CCN->4(C)CC2,C11 H21 N5 O4 Ti1,0.0,CN12->[Ti+4]34(<-[N-]=C=O)(<-[N-]=C=O)(<-[O-][O-]->3)<-N(C)(CC1)CCN->4(C)CC2,CN12->[Ti+4]34(<-[N-]=C=O)(<-[N-]=C=O)(<-[O-][O-]->3)<-N(C)(CC1)CCN->4(C)CC2,CN12->[Ti+4]34(<-[N-]=C=O)(<-[N-]=C=O)(<-[O-][O-]->3)<-N(C)(CC1)CCN->4(C)CC2
PIYNAO,,C26 H45 B1 N2 O3 P2 Ru1,0.0,CC(C)(C)P1(CN2B3[O-]->[RuH+]<-1(<-[C-]#[O+])(<-[C-]#[O+])<-P(CN3c1ccccc12)(C(C)(C)C)C(C)(C)C)C(C)(C)C,CC(C)(C)P1(Cn2[b-]3=O->[RuH+]<-1(<-[C-]#[O+])(<-[C-]#[O+])<-P(Cn3c1ccccc12)(C(C)(C)C)C(C)(C)C)C(C)(C)C,CC(C)(C)P1(Cn2[b-]3=O->[RuH+]<-1(<-[C-]#[O+])(<-[C-]#[O+])<-P(Cn3c1ccccc12)(C(C)(C)C)C(C)(C)C)C(C)(C)C
PIYYON,CC(C)P1(Nc2ccccn2->[Fe@TB13+2]<-1(<-[Cl-])(<-[Cl-])<-n1ccccc1)C(C)C,C16 H24 Cl2 Fe1 N3 P1,0.0,CC(C)P1(Nc2ccccn2->[Fe+2]<-1(<-[Cl-])(<-[Cl-])<-n1ccccc1)C(C)C,CC(C)P1(Nc2ccccn2->[Fe+2]<-1(<-[Cl-])(<-[Cl-])<-n1ccccc1)C(C)C,CC(C)P1(Nc2ccccn2->[Fe+2]<-1(<-[Cl-])(<-[Cl-])<-n1ccccc1)C(C)C
PIZMIV,c1ccc(P2(=NP(c3ccccc3)(c3ccccc3)->[Ni+2]3456(<-c7c->3c->4[cH-]->5c->67)<-P([N-]2)(c2ccccc2)c2ccccc2)c2ccccc2)cc1,C41 H35 N2 Ni1 P3,0.0,fail,c1ccc(P2(=NP(c3ccccc3)(c3ccccc3)->[Ni]3456(<-c7c->3c->4[cH-]->5c->67)<-P(#[N+]2)(c2ccccc2)c2ccccc2)c2ccccc2)cc1,c1ccc(P2(=NP(c3ccccc3)(c3ccccc3)->[Ni]3456(<-c7c->3c->4[cH-]->5c->67)<-P(#[N+]2)(c2ccccc2)c2ccccc2)c2ccccc2)cc1
POBKOH,Cc1cc(C)n2->[Ir+3]34(<-[CH2+][C-](C)[C-](C)[CH2-]->3)(<-[C]3C=CC=C(c5ccccn5)N3)<-n3c(C)cc(C)n3[BH-](n12)n1c(C)cc(C)n->41,C31 H40 B1 Ir1 N8,0.0,CC1[CH2-]->[Ir+3]23(<-[CH2-]C=1C)(<-[C]1C=CC=C(c4ccccn4)N1)<-n1c(C)cc(C)n1[BH-](n1c(C)cc(C)n->21)n1c(C)cc(C)n->31,CC1=C->[Ir+]23(<-C=C1C)(<-[C]1C=CC=C(c4ccccn4)N1)<-n1c(C)cc(C)n1[BH-](n1c(C)cc(C)n->21)n1c(C)cc(C)n->31,CC1=C->[Ir+]23(<-C=C1C)(<-[C]1C=CC=C(c4ccccn4)N1)<-n1c(C)cc(C)n1[BH-](n1c(C)cc(C)n->21)n1c(C)cc(C)n->31
POBQIJ,,C23 H27 Cl1 N5 O2 Rh1,0.0,Cn1c(=O)c2c(n[c]3->[Rh+2]4567(<-[Cl-])(<-n8ccccc8Cn23)<-c2(C)c->4(C)c->5(C)[c-]->6(C)c->72C)n(C)c1=O,Cn1c(=O)c2c(n[c-]3->[Rh+3]4567(<-[Cl-])(<-n8ccccc8Cn23)<-c2(C)c->4(C)c->5(C)[c-]->6(C)c->72C)n(C)c1=O,Cn1c(=O)c2c(n[c-]3->[Rh+3]4567(<-[Cl-])(<-n8ccccc8Cn23)<-c2(C)c->4(C)c->5(C)[c-]->6(C)c->72C)n(C)c1=O
POCXIO,[Cl-]->[Zn@@+2]12<-N3=C\CCN->1CCN1CCCN->21CC\3,C10 H20 Cl1 N4 Zn1 1+,1.0,[Cl-]->[Zn+6]123<-[N-]4CCC[N-]->1CC[N-]->2CCC[N-]->3CC4,[Cl-]->[Zn+6]123<-[N-]4CCC[N-]->1CC[N-]->2CCC[N-]->3CC4,C1=N2->[Zn+2]34<-[N-](CC1)CCN->31CCCN->41CC2.Cl
PODZUG,COc1cccc2/C=N3/N=C(\[O-]->[Mo+6]<-3(<-[O-2])(<-[O-2])(<-[O-]c21)<-OC)c1ccc(Br)cc1,C16 H15 Br1 Mo1 N2 O6,0.0,COc1cccc2C=N3N=C([O-]->[Mo+6]<-3(<-[O-2])(<-[O-2])(<-[O-]c21)<-OC)c1ccc(Br)cc1,COc1cccc2C=N3N=C([O-]->[Mo+6]<-3(<-[O-2])(<-[O-2])(<-[O-]c21)<-OC)c1ccc(Br)cc1,CO.COc1cccc2c1[O-]->[Mo+6]1(<-[O-2])(<-[O-2])<-[O-]C(c3ccc(Br)cc3)=NN->1=C2
POFXOZ,,C29 H33 N1 O1 Zr1,0.0,CC(C)c1cccc(C(C)C)c1N1=C([O-]->[ZrH+3]<-123456789(<-c1c->2c->3[cH-]->4c->51)<-c1c->6c->7[cH-]->8c->91)c1ccccc1,CC(C)c1cccc(C(C)C)c1N1=C([O-]->[ZrH+3]<-123456789(<-c1c->2c->3[cH-]->4c->51)<-c1c->6c->7[cH-]->8c->91)c1ccccc1,CC(C)c1cccc(C(C)C)c1N1=C([O-]->[ZrH+3]<-123456789(<-c1c->2c->3[cH-]->4c->51)<-c1c->6c->7[cH-]->8c->91)c1ccccc1
POHLON,S=C=[N-]->[Fe+2]12(<-[N-]=C=S)(<-n3ccnc4ccc5nccn->1c5c43)<-n1ccnc3ccc4nccn->2c4c31,C22 H12 Fe1 N10 S2,0.0,S=C=[N-]->[Fe+2]12(<-[N-]=C=S)(<-n3ccnc4ccc5nccn->1c5c43)<-n1ccnc3ccc4nccn->2c4c31,S=C=[N-]->[Fe+6]12(<-[N-]=C=S)(<-[N-]3C=CN=c4ccc5c(c43)[N-]->1C=CN=5)<-[N-]1C=CN=c3ccc4c(c31)[N-]->2C=CN=4,S=C=[N-]->[Fe+6]12(<-[N-]=C=S)(<-[N-]3C=CN=c4ccc5c(c43)[N-]->1C=CN=5)<-[N-]1C=CN=c3ccc4c(c31)[N-]->2C=CN=4
POJHUT,Cc1cccc2-c3cccc4-c5cccc(C)n5->[Ni@TB4+2](<-[O-][N+](=O)[O-])(<-[O-][N+](=O)[O-])(<-n12)<-n34,C17 H15 N5 Ni1 O6,0.0,Cc1cccc2-c3cccc4-c5cccc(C)n5->[Ni+2]56(<-[O-][N+](=O)[O-]->5)(<-[O-][N+](=O)[O-]->6)(<-n12)<-n34,Cc1cccc2-c3cccc4-c5cccc(C)n5->[Ni+2](<-[O-][N+](=O)[O-])(<-[O-][N+](=O)[O-])(<-n12)<-n34,Cc1cccc2-c3cccc4-c5cccc(C)n5->[Ni+2](<-[O-][N+](=O)[O-])(<-[O-][N+](=O)[O-])(<-n12)<-n34
POKFOM,[O+]#[C-]->[Re+]1(<-[Br-])(<-[C-]#[O+])(<-[C-]#[O+])<-N(=N\c2ccccn->12)/c1ccccc1,C14 H9 Br1 N3 O3 Re1,0.0,[O+]#[C-]->[Re+]1(<-[Br-])(<-[C-]#[O+])(<-[C-]#[O+])<-N(=Nc2ccccn->12)c1ccccc1,[O+]#[C-]->[Re+3]1(<-[Br-])(<-[C-]#[O+])(<-[C-]#[O+])<-[N-](N=c2cccc[n-]->12)c1ccccc1,[O+]#[C-]->[Re+3]1(<-[Br-])(<-[C-]#[O+])(<-[C-]#[O+])<-[N-](N=c2cccc[n-]->12)c1ccccc1
POLBOI,Cc1cc(C)n2->[Ru+2]3(<-[O-]C(=O)c4ccccc4)(<-[O-]C(=O)C(n12)n1c(C)cc(C)n->31)(<-S(=O)=O)<-P(c1ccccc1)(c1ccccc1)c1ccccc1,C37 H35 N4 O6 P1 Ru1 S1,0.0,fail,Cc1cc(C)n2->[Ru+2]34(<-O=C(OS->3(=O)[O-])c3ccccc3)(<-[O-]C(=O)C(n12)n1c(C)cc(C)n->41)<-P(c1ccccc1)(c1ccccc1)c1ccccc1,Cc1cc(C)n2->[Ru+2]34(<-O=C(OS->3(=O)[O-])c3ccccc3)(<-[O-]C(=O)C(n12)n1c(C)cc(C)n->41)<-P(c1ccccc1)(c1ccccc1)c1ccccc1
POMKEJ,CCCN(CCC)C1/N=C(\[O-]->[Pd+2]2(<-[O-]/C(=N\C(=S->2)N(CCC)CCC)c2ccccc2Cl)<-S=1)c1ccccc1Cl,C28 H36 Cl2 N4 O2 Pd1 S2,0.0,CCCN(CCC)C1=NC(=O->[Pd+2]2(<-O=C(N=C([S-]->2)N(CCC)CCC)c2ccccc2Cl)<-[S-]1)c1ccccc1Cl,CCCN(CCC)C1N=C([O-]->[Pd+2]2(<-[O-]C(=NC(=S->2)N(CCC)CCC)c2ccccc2Cl)<-S=1)c1ccccc1Cl,CCCN(CCC)C1N=C([O-]->[Pd+2]23(<-[O-]C->2(=NC(=S->3)N(CCC)CCC)c2ccccc2Cl)<-S=1)c1ccccc1Cl
PONJIL,CC12->[Mn+]345(<-[C-]#[O+])(<-[C-]#[O+])(<-[C-]#[O+])<-C6=C->3[C@H]3C[C@@H]([C@@H]61)[C@@](C)(C->4=2c1ccccc1)[C-]->53c1ccccc1,C27 H23 Mn1 O3,0.0,CC12C3CC4C5->[Mn+]67(<-[C-]#[O+])(<-[C-]#[O+])(<-[C-]#[O+])(<-C=5C3C->6(C)=C->71c1ccccc1)<-[C-]42c1ccccc1,CC12C3CC4C5->[Mn+]67(<-[C-]#[O+])(<-[C-]#[O+])(<-[C-]#[O+])(<-C=5C3C->6(C)=C->71c1ccccc1)<-[C-]42c1ccccc1,CC12C3CC4C5->[Mn+]67(<-[C-]#[O+])(<-[C-]#[O+])(<-[C-]#[O+])(<-C=5C3C->6(C)=C->71c1ccccc1)<-[C-]42c1ccccc1
POPSEV,CC1=C(/C)[N-]2/N=C(\[S-]->[Ni@+2]<-23<-S=C(/N=N->3/1)N(C)C)N(C)C,C10 H18 N6 Ni1 S2,0.0,CC1C(C)=N2N=C([S-]->[Ni+2]<-23<-[S-]C(=NN->3=1)N(C)C)N(C)C,CC1=C(C)[N-]2N=C([S-]->[Ni+2]<-23<-S=C(N=N->31)N(C)C)N(C)C,CC1=C(C)N2=NC(=S->[Ni]<-23<-S=C(N=N->31)N(C)C)N(C)C
POQKIP,Clc1ccc(/N=C2\[Se-]->[Pd@SP2+2]3(<-[Se-]/C(=N\c4ccc(Cl)cc4)[N+]4=[C-]->3N2CCC4)<-[P@TB5](c2ccccc2)(c2ccccc2)c2ccccc2)cc1,C36 H30 Cl2 N4 P1 Pd1 Se2,0.0,Clc1ccc(N=C2[Se-]->[Pd+3]3(<-[Se-]C(=Nc4ccc(Cl)cc4)N4CCCN2[CH-]->34)<-P(c2ccccc2)(c2ccccc2)c2ccccc2)cc1,Clc1ccc(N=C2[Se-]->[Pd+2]3(<-[Se-]C(=Nc4ccc(Cl)cc4)[N+]4=[C-]->3N2CCC4)<-P(c2ccccc2)(c2ccccc2)c2ccccc2)cc1,Clc1ccc(N=C2[Se-]->[Pd+2]3(<-[Se-]C(=Nc4ccc(Cl)cc4)[N+]4=[C-]->3N2CCC4)<-P(c2ccccc2)(c2ccccc2)c2ccccc2)cc1
POQTOE,C[Si](C)(C)[N-]1[C-]2[CH+][CH+][CH-][CH+][C+]2[N-]2[C-]3[CH+][CH-][CH+][CH-][C-]3[N-]([Si](C)(C)C)->[Ta+5]<-2<-1(<-[CH3-])<-[CH3-],C20 H32 N3 Si2 Ta1,0.0,C[Si](C)(C)[N-]1c2ccccc2[N-]2c3ccccc3[N-]([Si](C)(C)C)->[Ta+5]<-2<-1(<-[CH3-])<-[CH3-],C[Si](C)(C)[N-]1c2ccccc2[N-]2c3ccccc3[N-]([Si](C)(C)C)->[Ta+5]<-2<-1(<-[CH3-])<-[CH3-],C[Si](C)(C)[N-]1c2ccccc2[N-]2c3ccccc3[N-]([Si](C)(C)C)->[Ta+5]<-2<-1(<-[CH3-])<-[CH3-]
PORGOS,CCO[C](C=[PH](N(C(C)C)C(C)C)N(C(C)C)C(C)C)->[Cr](<-[C-]#[O+])(<-[C-]#[O+])(<-[C-]#[O+])(<-[C-]#[O+])<-[C-]#[O+],C21 H35 Cr1 N2 O6 P1,0.0,CCO[C-2](C=[PH](N(C(C)C)C(C)C)N(C(C)C)C(C)C)->[Cr+2](<-[C-]#[O+])(<-[C-]#[O+])(<-[C-]#[O+])(<-[C-]#[O+])<-[C-]#[O+],CCO[C](C=[PH](N(C(C)C)C(C)C)N(C(C)C)C(C)C)->[Cr](<-[C-]#[O+])(<-[C-]#[O+])(<-[C-]#[O+])(<-[C-]#[O+])<-[C-]#[O+],CCO[C](C=[PH](N(C(C)C)C(C)C)N(C(C)C)C(C)C)->[Cr](<-[C-]#[O+])(<-[C-]#[O+])(<-[C-]#[O+])(<-[C-]#[O+])<-[C-]#[O+]
PORNOC,O=C([O-]->[Ni@SP1+2]12<-[O-][S@@](=O)(c3cccc4cccnc34)=N->1CCc1ccccn->21)c1ccccc1,C23 H19 N3 Ni1 O4 S1,0.0,fail,O=S1(=O)c2cccc3cccn(->[Ni+2]456(<-O=C->4([O-]->5)c4ccccc4)<-n4ccccc4CC[N-]->61)c23,O=C([O-]->[Ni+2]123<-[O-]S(=O)(c4cccc5cccn->1c45)=N->2CCc1ccccn->31)c1ccccc1
POSLIV,CS1c2ccccc2[N-]2[C-]3[CH-][CH+][CH+][CH+][C+]3[N-]3[C-]4[CH+][CH-][CH+][CH-][C-]4S(C)->[Ni@SP1+2]<-2<-3<-1,C20 H18 N2 Ni1 S2,0.0,CS1c2ccccc2[N-]2c3ccccc3[N-]3c4ccccc4S(C)->[Ni+2]<-2<-3<-1,CS1c2ccccc2N2=C3C=CC=CC3=N3c4ccccc4S(C)->[Ni]<-2<-3<-1,CS1c2ccccc2N2=C3C=CC=CC3=N3c4ccccc4S(C)->[Ni]<-2<-3<-1
POTMOD,,C11 H16 Cl2 Hg1 N4 Se2,0.0,Cn1ccn2CCCn3ccn(C)c3=[Se]->[Hg+2](<-[Cl-])(<-[Cl-])<-[Se]=c12,Cn1ccn2CCCn3ccn(C)c3=[Se]->[Hg+2](<-[Cl-])(<-[Cl-])<-[Se]=c12,Cn1ccn(CCCn2ccn(C)c2=[Se]->[Hg+2](<-[Cl-])<-[Cl-])c1=[Se]
POWFOW,CC1/C=C(\[O-]->[V+5]23(<-[O-2])(<-[O-]CCO->2)<-[O-]/C(=N\N->3=1)c1ccccc1)c1ccccc1,C19 H19 N2 O5 V1,0.0,CC1C=C([O-]->[V+5]23(<-[O-2])(<-[O-]CCO->2)<-[O-]C(=NN->3=1)c1ccccc1)c1ccccc1,CC1C=C([O-]->[V+5]23(<-[O-2])(<-[O-]CCO->2)<-[O-]C(=NN->3=1)c1ccccc1)c1ccccc1,CC1C=C([O-]->[V+5]2(<-[O-2])(<-[O-]CCO)<-[O-]C(=NN->2=1)c1ccccc1)c1ccccc1
POWYAB,Cc1ccc(/C2=N/[N-](c3ccccc3)->[Rh+3]3(<-[Cl-])(<-[Cl-])(<-N2=O)<-N(=O)/C(=N\[N-]->3c2ccccc2)c2ccc(C)cc2)cc1,C28 H24 Cl2 N6 O2 Rh1 1-,-1.0,Cc1ccc(C2N=N(c3ccccc3)->[Rh+2]3(<-[Cl-])(<-[Cl-])(<-N(=NC(c4ccc(C)cc4)=N->3[O-])c3ccccc3)<-N=2[O])cc1,Cc1ccc(C2=N[N-](c3ccccc3)->[Rh+3]3(<-[Cl-])(<-[Cl-])(<-N2=O)<-N(=O)C(=N[N-]->3c2ccccc2)c2ccc(C)cc2)cc1,Cc1ccc(C2=N[N-](c3ccccc3)->[Rh+3]3(<-[Cl-])(<-[Cl-])(<-N2=O)<-N(=O)C(=N[N-]->3c2ccccc2)c2ccc(C)cc2)cc1
POYMAS,C1\c2ccccc2[O-]->[Co@OH3+3]234(<-[O-]CC/N->2=1)<-[O-]c1ccccc1/C=N->3\CCO->4,C18 H20 Co1 N2 O4,0.0,C1c2ccccc2[O-]->[Co+2]234(<-[O-]c5ccccc5C=N->2CCO->3)<-OCCN->4=1,C1c2ccccc2[O-]->[Co+3]234(<-[O-]CCN->2=1)<-[O-]c1ccccc1C=N->3CCO->4,C1c2ccccc2[O-]->[Co+3]234(<-[O-]CCN->2=1)<-[O-]c1ccccc1C=N->3CCO->4
POYSED,C/C1C2=CC=C/C3=C4\C=CC=CC4=N->[Pd@TB6+2](<-[c-]4ccccc4)(<-N=1\c1c(C(C)C)cccc1C(C)C)<-[N-]23,C31 H33 N3 Pd1,0.0,CC1c2cccc3-c4ccccc4[NH-]->[Pd+2](<-[c-]4ccccc4)(<-N=1c1c(C(C)C)cccc1C(C)C)<-n23,CC1C2=CC=CC3=C4C=CC=CC4=N->[Pd+2](<-[c-]4ccccc4)(<-N=1c1c(C(C)C)cccc1C(C)C)<-[N-]23,CC1C2=CC=CC3=C4C=CC=CC4=N->[Pd+2](<-[c-]4ccccc4)(<-N=1c1c(C(C)C)cccc1C(C)C)<-[N-]23
POZPEA,Cc1cc(C)c(N2CCN(c3c(C)cc(C)cc3C)[C]2->[Ru+4]2(<-[Cl-])(<-[Cl-])<-[CH-]=C3C(O->2C(C)C)=C[CH-]c2ccccc23)c(C)c1,C35 H40 Cl2 N2 O1 Ru1,0.0,Cc1cc(C)c(N2CCN(c3c(C)cc(C)cc3C)[C]2->[Ru+4]2(<-[Cl-])(<-[Cl-])<-[CH-2]c3c(O->2C(C)C)ccc2ccccc32)c(C)c1,Cc1cc(C)c(N2CCN(c3c(C)cc(C)cc3C)[C]2->[Ru+2]2(<-[Cl-])(<-[Cl-])<-[CH]c3c(O->2C(C)C)ccc2ccccc32)c(C)c1,Cc1cc(C)c(N2CCN(c3c(C)cc(C)cc3C)[C]2->[Ru+2]2(<-[Cl-])(<-[Cl-])<-[CH]c3c(O->2C(C)C)ccc2ccccc32)c(C)c1
POZZEJ,,C11 H19 I1 N2 O2 Ru1,0.0,CC(C)N1=CC=N(C(C)C)->[Ru+2]<-1(<-[CH3-])(<-[I-])(<-[C-]#[O+])<-[C-]#[O+],CC(C)N1=CC=N(C(C)C)->[Ru+2]<-1(<-[CH3-])(<-[I-])(<-[C-]#[O+])<-[C-]#[O+],CC(C)N1=CC=N(C(C)C)->[Ru+2]<-1(<-[CH3-])(<-[I-])(<-[C-]#[O+])<-[C-]#[O+]
PSRHCP,CP(C)(C)->[Rh+3]12345(<-[S-]C([S-])=S=C->1=S)<-c1c->2c->3[cH-]->4c->51,C10 H14 P1 Rh1 S4,0.0,CP(C)(C)->[Rh+3]12345(<-[S-]C(=S)S[C-]->1=S)<-c1c->2c->3[cH-]->4c->51,CP(C)(C)->[Rh+3]12345(<-[S-]C([S-])=S=C->1=S)<-c1c->2c->3[cH-]->4c->51,CP(C)(C)->[Rh+3]12345(<-[S-]C([S-])=S=C->1=S)<-c1c->2c->3[cH-]->4c->51
PUBZER,,C43 H30 Cr1 O3,0.0,fail,O=C1=C2(c3ccccc3)[CH-]3C(C=C(c4ccccc4)c45->[Cr+2]<-1<-3<-2678(<-[C-]#[O+])(<-[C-]#[O+])<-c([cH-]->6c->74-c1ccccc1)c->85-c1ccccc1)c1ccccc1,O=C1=C2(c3ccccc3)[CH-]3C(C=C(c4ccccc4)c45->[Cr+2]<-1<-3<-2678(<-[C-]#[O+])(<-[C-]#[O+])<-c([cH-]->6c->74-c1ccccc1)c->85-c1ccccc1)c1ccccc1
PUCXUI,C[Si](C)(C)C([Si](C)(C)C)[P@]12(Cl)->[Ni+2](<-[Cl-])(<-[Cl-])<-P=1(c1ccccc1)(c1ccccc1)N2[C@]12C[C@H]3C[C@H](C[C@H](C3)C1)C2,C29 H44 Cl3 N1 Ni1 P2 Si2,0.0,C[Si](C)(C)C([Si](C)(C)C)P1(Cl)N(C23CC4CC(CC(C4)C2)C3)P(c2ccccc2)(c2ccccc2)->[Ni+2]<-1(<-[Cl-])<-[Cl-],C[Si](C)(C)C([Si](C)(C)C)P12(Cl)->[Ni+2](<-[Cl-])(<-[Cl-])<-P=1(c1ccccc1)(c1ccccc1)N2C12CC3CC(CC(C3)C1)C2,C[Si](C)(C)C([Si](C)(C)C)P1(Cl)N(C23CC4CC(CC(C4)C2)C3)P(c2ccccc2)(c2ccccc2)->[Ni+2]<-1(<-[Cl-])<-[Cl-]
PUDYOD,,C18 H16 N6 Ni1 O2,0.0,CC(C)C1=N[N-]2c3ccccc3C(=O)[O-]->[Ni+2]<-23<-N1=Nc1[nH]c2ccccc2n->31,CC(C)[C+]1[N-][N-]2[c+]3[cH+][cH+][cH-][cH+][c+]3[C+]([O-])[O-]->[Ni+4]<-23<-[N-]1[N-][c+]1[nH][c-]2[cH-][cH-][cH-][cH+][c-]2[n-]->31,CC(C)[C+]1[N-][N-]2[c+]3[cH+][cH+][cH-][cH+][c+]3[C+]([O-])[O-]->[Ni+4]<-23<-[N-]1[N-][c+]1[nH][c-]2[cH-][cH-][cH-][cH+][c-]2[n-]->31
PUHJUZ,O=[N+]([O-])c1ccc2[O-]->[Fe+2]345(<-[O-]c6ccc([N+](=O)[O-])cc6/N->3=C/c3ccccn->43)<-N(=C\c3ccccn->53)/c2c1,C24 H16 Fe1 N6 O6,0.0,O=[N+]([O-])c1ccc2[O-]->[Fe+2]345(<-[O-]c6ccc([N+](=O)[O-])cc6N->3=Cc3ccccn->43)<-N(=Cc3ccccn->53)c2c1,O=[N+]([O-])c1ccc2[O-]->[Fe+2]345(<-[O-]c6ccc([N+](=O)[O-])cc6N->3=Cc3ccccn->43)<-N(=Cc3ccccn->53)c2c1,O=[N+]([O-])c1ccc2[O-]->[Fe+2]345(<-[O-]c6ccc([N+](=O)[O-])cc6N->3=Cc3ccccn->43)<-N(=Cc3ccccn->53)c2c1
PUJCAY,Cl[O-]->[La+3]12345(<-[Cl-])<-O6CCO->1CCO->2CCO->3CCO->4CCO->5CC6,C12 H26 Cl2 La1 O7 1+,1.0,O->[La+3]12345(<-[Cl-])(<-[Cl-])<-O6CCO->1CCO->2CCO->3CCO->4CCO->5CC6,O[La+3]12345(<-[Cl-])(<-[Cl-])<-O6CCO->1CCO->2CCO->3CCO->4CCO->5CC6,O[La+3]12345(<-[Cl-])(<-[Cl-])<-O6CCO->1CCO->2CCO->3CCO->4CCO->5CC6
PUKPUG,,C35 H32 Co1 O4 P1 S1,0.0,CCOC(=O)C=[C-]1[CH-](S(=O)(=O)c2ccccc2)->[Co+3]<-12345(<-c1c->2c->3[cH-]->4c->51)<-P(c1ccccc1)(c1ccccc1)c1ccccc1,CCOC(=O)C=C1=C(S(=O)(=O)c2ccccc2)->[Co+]<-12345(<-c1c->2c->3[cH-]->4c->51)<-P(c1ccccc1)(c1ccccc1)c1ccccc1,CCOC(=O)C=C1=C(S(=O)(=O)c2ccccc2)->[Co+]<-12345(<-c1c->2c->3[cH-]->4c->51)<-P(c1ccccc1)(c1ccccc1)c1ccccc1
PULYEA,CC([O-])=[N+]1c2ccccn2->[Ru+4]23(<-[Cl-])(<-[C-]1Cc1ccccc1)<-n1cccn1[BH-](n1cccn->21)n1cccn->31,C24 H24 B1 Cl1 N8 O1 Ru1,0.0,CC(=O)N1c2ccccn2->[Ru+2]23(<-[Cl-])(<-[C]1Cc1ccccc1)<-[n-]1ccc[n+]1[BH-]([n+]1ccc[n-]->21)[n+]1ccc[n-]->31,CC(=O)N1c2ccccn2->[Ru+2]23(<-[Cl-])(<-[C]1Cc1ccccc1)<-n1cccn1[BH-](n1cccn->21)n1cccn->31,CC(=O)N1c2ccccn2->[Ru+2]23(<-[Cl-])(<-[C]1Cc1ccccc1)<-n1cccn1[BH-](n1cccn->21)n1cccn->31
PUMKOX,,C41 H31 F3 O6 P2 Re1 S1 1+,1.0,COc1ccc([C-3]->[Re+5]2(<-[C-]#[O+])(<-[C-]#[O+])(<-[O-]S(=O)(=O)C(F)(F)F)<-P(c3ccccc3)(c3ccccc3)c3ccccc3P->2(c2ccccc2)c2ccccc2)cc1,CO[c+]1[cH-][cH+][c-]([C-3]->[Re+5]2(<-[C-]#[O+])(<-[C-]#[O+])(<-[O-]S(=O)(=O)C(F)(F)F)<-P(c3ccccc3)(c3ccccc3)c3ccccc3P->2(c2ccccc2)c2ccccc2)[cH+][cH-]1,CO[c+]1[cH-][cH+][c-]([C-3]->[Re+5]23(<-[C-]#[O+])(<-O=S(=O)(O[C-]->2=O)C(F)(F)F)<-P(c2ccccc2)(c2ccccc2)c2ccccc2P->3(c2ccccc2)c2ccccc2)[cH+][cH-]1
PUNFOT,C1=CC=C2/C(=N3->[Zr+4]456(<-[CH2-]c->47ccccc7)<-N(=C4/C=CC=CC=C4[N-]->5CCC[N-]->62)/CCC\3)C=C1,C27 H29 N4 Zr1 1+,1.0,C1=CC=C2C(=N3->[Zr+4]45(<-[CH2-]c6ccccc6)<-N(=C6C=CC=CC=C6[N-]->4CCC3)CCC[N-]->52)C=C1,C1=CC=C2C(=N3->[Zr+4]45(<-[CH2-]c6ccccc6)<-N(=C6C=CC=CC=C6[N-]->4CCC3)CCC[N-]->52)C=C1,C1=CC=C2C(=N3->[Zr+4]4567(<-[CH2-]c->48ccccc->58)<-N(=C4C=CC=CC=C4[N-]->6CCC3)CCC[N-]->72)C=C1
PUNTAV,,C29 H30 N5 P1 Zn1,0.0,Cc1cc(C)n2->[ZnH+]3<-N(c4ccccc4)=P(c4ccccc4)(c4ccccc4)[C-](n12)n1c(C)cc(C)n->31,Cc1cc(C)n2->[ZnH+]3<-n4c(C)cc(C)n4[C-](n12)[P+](c1ccccc1)(c1ccccc1)[N-]->3c1ccccc1,Cc1cc(C)n2->[ZnH+]3<-n4c(C)cc(C)n4[C-](n12)[P+](c1ccccc1)(c1ccccc1)[N-]->3c1ccccc1
PUPHUF,,C34 H30 N2 Pt1 S2,0.0,fail,CCc1ccc(N2=Cc3c4cccc5c6cccc7cccc(c(c[c-]3->[Pt+2]<-23<-S=C([S-]->3)N(CC)CC)c45)c76)cc1,CCc1ccc(N2=Cc3c4cccc5c6cccc7cccc(c(c[c-]3->[Pt+2]<-23<-S=C([S-]->3)N(CC)CC)c45)c76)cc1
PUQDIO,C1SCSC2[S-]->[Au+3]3(<-[S-]C=2S1)<-[S-]C1=C([S-]->3)SCSCS1,C8 H8 Au1 S10 1-,-1.0,C1SCSC2[S-]->[Au+3]3(<-[S-]C=2S1)<-[S-]C1=C([S-]->3)SCSCS1,C1SCSC2=S->[Au-]3(<-S=C2S1)<-S=C1SCSCSC1=S->3,C1SCSC2=S->[Au-]3(<-S=C2S1)<-S=C1SCSCSC1=S->3
PURNUM,CC(C)(C)N1C=CN(C(C)(C)C)[C]1->[Pt+2](<-[CH3-])(<-[CH3-])<-[c-]1c[n+](C(C)(C)C)cn1C(C)(C)C,C24 H46 N4 Pt1,0.0,CC(C)(C)N1C=CN(C(C)(C)C)[C]1->[Pt+](<-[CH3-])(<-[CH3-])<-[c]1cn(C(C)(C)C)c[n+]1C(C)(C)C,CC(C)(C)N1C=CN(C(C)(C)C)[C]1->[Pt+2](<-[CH3-])(<-[CH3-])<-[c-]1c[n+](C(C)(C)C)cn1C(C)(C)C,CC(C)(C)N1C=CN(C(C)(C)C)[C]1->[Pt+2](<-[CH3-])(<-[CH3-])<-[c-]1c[n+](C(C)(C)C)cn1C(C)(C)C
PUSSOL,[O-2]->[V+5]123(<-[O-]CCCO->1)<-[O-]/C(=N\N->2=C\c1ccccc1[O-]->3)c1ccccc1,C17 H17 N2 O5 V1,0.0,[O-2]->[V+5]123(<-[O-]CCCO->1)<-[O-]C(=NN->2=Cc1ccccc1[O-]->3)c1ccccc1,[O-2]->[V+5]123(<-[O-]CCCO->1)<-[O-]C(=NN->2=Cc1ccccc1[O-]->3)c1ccccc1,[O-2]->[V+5]12(<-[O-]CCCO)<-[O-]C(=NN->1=Cc1ccccc1[O-]->2)c1ccccc1
PUVBOZ,,C14 H40 O2 P4 Ru1,0.0,CC(=O)[O-]->[RuH+](<-P(C)(C)C)(<-P(C)(C)C)(<-P(C)(C)C)<-P(C)(C)C,CC(=O)[O-]->[RuH+](<-P(C)(C)C)(<-P(C)(C)C)(<-P(C)(C)C)<-P(C)(C)C,CC(=O)[O-]->[RuH+](<-P(C)(C)C)(<-P(C)(C)C)(<-P(C)(C)C)<-P(C)(C)C
PUWWOU,[CH3-]->[Pd+2]1(<-n2ccccc2)<-n2cccc3c4nc5ccccc5nc4c4cccn->1c4c32,C24 H18 N5 Pd1 1+,1.0,[CH3-]->[Pd+2]1(<-n2ccccc2)<-n2cccc3c4nc5ccccc5nc4c4cccn->1c4c32,[CH3-]->[Pd+4]1(<-n2ccccc2)<-[N-]2C=CC=c3c2c2c(c4nc5ccccc5nc34)=CC=C[N-]->12,[CH3-]->[Pd+4]1(<-n2ccccc2)<-[N-]2C=CC=c3c2c2c(c4nc5ccccc5nc34)=CC=C[N-]->12
PUXSUX,c1ccc(C2#C(c3ccccc3)->[Pt@OH7]<-23<-P(CCP->3(c2ccccc2)c2ccccc2)(c2ccccc2)c2ccccc2)cc1,C40 H34 P2 Pt1,0.0,c1ccc(C2#C(c3ccccc3)->[Pt]<-23<-P(CCP->3(c2ccccc2)c2ccccc2)(c2ccccc2)c2ccccc2)cc1,c1ccc(C2#C(c3ccccc3)->[Pt]<-23<-P(CCP->3(c2ccccc2)c2ccccc2)(c2ccccc2)c2ccccc2)cc1,c1ccc(C2#C(c3ccccc3)->[Pt]<-23<-P(CCP->3(c2ccccc2)c2ccccc2)(c2ccccc2)c2ccccc2)cc1
PYBPIR,,C21 H44 Cl1 Ir1 P2,0.0,CC(C)(C)P1(CC[C-2]2CCP(C(C)(C)C)(C(C)(C)C)->[Ir+3]<-2<-1<-[Cl-])C(C)(C)C,CC(C)(C)P1(CC[C]2CCP(C(C)(C)C)(C(C)(C)C)->[Ir+]<-2<-1<-[Cl-])C(C)(C)C,CC(C)(C)P1(CC[C]2CCP(C(C)(C)C)(C(C)(C)C)->[Ir+]<-2<-1<-[Cl-])C(C)(C)C
QABNEO,,C18 H25 P1 Se1 Zr1,0.0,CC(C)P1(=[Se]->[Zr+2]23456789%10%11(<-C%12=C->2C->3=C->4[CH-]->5C->6=C->7%12)<-c2c->8c->91c->%10[cH-]->%112)C(C)C,CC(C)P1([Se-]->[Zr+2]23456789%10%11(<-C%12=C->2C->3=C->4[CH-]->5C->6=C->7%12)<-C2=C->8C->9=1C->%10=C->%112)C(C)C,CC(C)P1([Se-]->[Zr+2]23456789%10%11(<-C%12=C->2C->3=C->4[CH-]->5C->6=C->7%12)<-C2=C->8C->9=1C->%10=C->%112)C(C)C
QACCIH,,C25 H37 B1 I2 N6 O1 W1,0.0,Cc1cc(C)[n-]2->[W+2]34(<-[I-])(<-[C-]#[O+])(<-C(C)#C->3C(C)CCCCI)<-[n-]3c(C)cc(C)[n+]3[BH-]([n+]12)[n+]1c(C)cc(C)[n-]->41,Cc1cc(C)n2->[W+2]34(<-[I-])(<-[C-]#[O+])(<-C(C)#C->3C(C)CCCCI)<-n3c(C)cc(C)n3[BH-](n12)n1c(C)cc(C)n->41,Cc1cc(C)n2->[W+2]34(<-[I-])(<-[C-]#[O+])(<-C(C)#C->3C(C)CCCCI)<-n3c(C)cc(C)n3[BH-](n12)n1c(C)cc(C)n->41
QADKIQ,,C15 H25 B2 Co1 N4 O8,0.0,CC1C(C)=N2O[B-](O)(ON3=C(C)C(C)=N(O)->[Co+2]<-2<-3(<-[CH3-])(<-O)<-N=1[O])c1ccc(B(O)O)cc1,CC1=C(C)[N-]2O[B-](O)(ON3=C(C)C(C)=N(O)->[Co+3]<-3<-2(<-[CH3-])(<-O)<-N1=O)c1ccc(B(O)O)cc1,CC1=C(C)[N-]2O[B-](O)(ON3=C(C)C(C)=N(O)->[Co+3]<-3<-2(<-[CH3-])(<-O)<-N1=O)c1ccc(B(O)O)cc1
QADTEX,c1ccc2c(c1)-c1nc3c4ccccc4c4nc5n6->[Zn@OH9+2]7(<-n8cc[nH]c8)(<-n1c-2nc1c2ccccc2c(nc6-c2ccccc2-5)[n-]->71)<-[n-]34,C35 H20 N10 Zn1,0.0,c1ccc2c(c1)-c1nc3c4ccccc4c4nc5n6->[Zn+2]7(<-n8cc[nH]c8)(<-n1c-2nc1c2ccccc2c(nc6-c2ccccc2-5)[n-]->71)<-[n-]34,,
QAFGIQ,C1=N2->[Ag@SP3+]34<-N(=C\c5ccccc5[Se]c5ccccc5/C=N/CCS->3CC\2)/CCS->4CC/N=C/c2ccccc2[Se]c2ccccc2/1,C36 H36 Ag1 N4 S2 Se2 1+,1.0,C1=NCCS2->[Ag+]345<-N(=Cc6ccccc6[Se]->3c3ccccc3C=NCC2)CCS->4CCN=Cc2ccccc2[Se]->5c2ccccc21,C1=NCCS2->[Ag+]<-S(CCN=Cc3ccccc3[Se]c3ccccc31)CCN=Cc1ccccc1[Se]c1ccccc1C=NCC2,C1=NCCS2->[Ag+]34<-N(=Cc5ccccc5[Se]c5ccccc51)CCS->3CCN=Cc1ccccc1[Se]c1ccccc1C=N->4CC2
QAGBEG,CN1(C)CCN(C)(C)->[Os+6]<-12(<-[O-2])(<-[O-2])<-[O-][C@@H]1CCC[C@@H]3OC(=O)[N-]->2[C@@H]31,C13 H25 N3 O5 Os1,0.0,CN1(C)CCN(C)(C)->[Os+6]<-12(<-[O-2])(<-[O-2])<-[O-]C1CCCC3OC(=O)[N-]->2C31,CN1(C)CCN(C)(C)->[Os+6]<-12(<-[O-2])(<-[O-2])<-[O-]C1CCCC3OC(=O)[N-]->2C31,CN1(C)CCN(C)(C)->[Os+6]<-12(<-[O-2])(<-[O-2])<-[O-]C1CCCC3OC(=O)[N-]->2C31
QAGRUM,,C14 H23 Cl2 N3 Si1 Ti1,0.0,C[N-]1CCC[N-]2C(c3ccccc3)=N([Si](C)(C)C)->[Ti+4]<-1<-2(<-[Cl-])<-[Cl-],C[N-]1CCCN2=C(c3ccccc3)[N-]([Si](C)(C)C)->[Ti+4]<-2<-1(<-[Cl-])<-[Cl-],C[N-]1CCCN2=C3(c4ccccc4)[N-]([Si](C)(C)C)->[Ti+4]<-2<-1<-3(<-[Cl-])<-[Cl-]
QAHCEH,,C26 H30 Ir1 N3,0.0,c1ccc(CN23Cc4ccccn4->[Ir+]<-2456(<-C2=C->4CCC->5=C->6CC2)<-[n-]2cccc2C3)cc1,c1ccc(CN23Cc4ccccn4->[Ir+]<-2456(<-C2=C->4CCC->5=C->6CC2)<-[n-]2cccc2C3)cc1,c1ccc(CN23Cc4ccccn4->[Ir+]<-2456(<-C2=C->4CCC->5=C->6CC2)<-[n-]2cccc2C3)cc1
QAHVIF,,C17 H30 N6 P2 Ru1,0.0,C1N2CN3CN1CP(->[RuH+]1456(<-c7c->1c->4[cH-]->5c->67)<-P14CN5CN(CN(C5)C1)C4)(C2)C3,C1N2CN3CN1CP(->[RuH+]1456(<-c7c->1c->4[cH-]->5c->67)<-P14CN5CN(CN(C5)C1)C4)(C2)C3,C1N2CN3CN1CP(->[RuH+]1456(<-c7c->1c->4[cH-]->5c->67)<-P14CN5CN(CN(C5)C1)C4)(C2)C3
QAJBUY,,C16 H33 Ir1 N2 P1 1+,1.0,fail,CC#N->[IrH+2]12(<-C=C->1[CH2-]->2)(<-N#CC)<-P(C(C)C)(C(C)C)C(C)C,CC#N->[IrH+2]12(<-C=C->1[CH2-]->2)(<-N#CC)<-P(C(C)C)(C(C)C)C(C)C
QAKCUD,,C30 H28 N6 Ni1 S2,0.0,C=Cc1ccn(->[Ni+2](<-[N-]=C=S)(<-[N-]=C=S)(<-n2ccc(C=C)cc2)(<-n2ccc(C=C)cc2)<-n2ccc(C=C)cc2)cc1,C=Cc1ccn(->[Ni+2](<-[N-]=C=S)(<-[N-]=C=S)(<-n2ccc(C=C)cc2)(<-n2ccc(C=C)cc2)<-n2ccc(C=C)cc2)cc1,C=Cc1ccn(->[Ni+2](<-[N-]=C=S)(<-[N-]=C=S)(<-n2ccc(C=C)cc2)(<-n2ccc(C=C)cc2)<-n2ccc(C=C)cc2)cc1
QAKZOR,CO/C1[O-]->[Co+3]23(<-[O-]/C(OC)=C4\C=CC=CC4=S->2)(<-[O-]/C(OC)=C2\C=CC=CC2=S->3)<-S=C2C=CC=C\C=12,C24 H21 Co1 O6 S3,0.0,fail,COC1[O-]->[Co+3]23(<-[O-]C(OC)=C4C=CC=CC4=S->2)(<-[O-]C(OC)=C2C=CC=CC2=S->3)<-S=C2C=CC=CC=12,COC1[O-]->[Co+3]23(<-[O-]C(OC)=C4C=CC=CC4=S->2)(<-[O-]C(OC)=C2C=CC=CC2=S->3)<-S=C2C=CC=CC=12
QALJIY,C1=C[C@H]2[C@@H]3C(=O->[Y+3]456789%10%11(<-[O-]C(=C(c%12ccccc%12)c%12ccccc%12)[C@H]13)(<-c1c->4c->5[cH-]->6c->71)<-c1c->8c->9[cH-]->%10c->%111)C2(c1ccccc1)c1ccccc1,C43 H35 O2 Y1,0.0,C1=CC2C3C(=O->[Y+3]456789%10%11(<-[O-]C(=C(c%12ccccc%12)c%12ccccc%12)C13)(<-c1c->4c->5[cH-]->6c->71)<-c1c->8c->9[cH-]->%10c->%111)C2(c1ccccc1)c1ccccc1,C1=CC2C3C(=O->[Y+3]456789%10%11(<-[O-]C(=C(c%12ccccc%12)c%12ccccc%12)C13)(<-c1c->4c->5[cH-]->6c->71)<-c1c->8c->9[cH-]->%10c->%111)C2(c1ccccc1)c1ccccc1,C1=CC2C3C(=O->[Y+3]456789(<-[O-]C(=C(c%10ccccc%10)c%10ccccc->4%10)C13)(<-c1c->5c->6[cH-]->7c->81)<-c1ccc[cH-]->91)C2(c1ccccc1)c1ccccc1
QAMDOA,S=C=[N-]->[Fe+2]12(<-[N-]=C=S)(<-n3cccc4c5nc6ccccc6nc5c5cccn->1c5c43)<-n1cccc3c4nc5ccccc5nc4c4cccn->2c4c31,C38 H20 Fe1 N10 S2,0.0,S=C=[N-]->[Fe+2]12(<-[N-]=C=S)(<-n3cccc4c5nc6ccccc6nc5c5cccn->1c5c43)<-n1cccc3c4nc5ccccc5nc4c4cccn->2c4c31,S=C=[N-]->[Fe+2]12(<-[N-]=C=S)(<-n3cccc4c5nc6ccccc6nc5c5cccn->1c5c43)<-n1cccc3c4nc5ccccc5nc4c4cccn->2c4c31,S=C=[N-]->[Fe+2]12(<-[N-]=C=S)(<-n3cccc4c5nc6ccccc6nc5c5cccn->1c5c43)<-n1cccc3c4nc5ccccc5nc4c4cccn->2c4c31
QANFER,C[N-](C)->[Ti+4]12345(<-[Cl-])(<-C[N-]->1C)<-c1c->2c->3(C)[n-]->4c->51C,C10 H20 Cl1 N3 Ti1,0.0,C[N-](C)->[Ti+4]1234(<-[Cl-])(<-c5[cH-]->1c->2(C)n->3c->45C)<-[N-](C)C,C[N-](C)->[Ti+4]1234(<-[Cl-])(<-c5c->1c->2(C)[n-]->3c->45C)<-[N-](C)C,C[N-](C)->[Ti+4]1234(<-[Cl-])(<-c5c->1c->2(C)[n-]->3c->45C)<-[N-](C)C
QANSAB,,C12 H11 N5 O7 Zn1,0.0,O=C1[O-]->[Zn+2]2(<-O)(<-O)(<-[O-]C(=O)c3cccc1n->23)<-n1c[nH]c2c(=O)[nH]cnc21,O=C1[O-]->[Zn+2]2(<-O)(<-O)(<-[O-]C(=O)c3cccc1n->23)<-n1c[nH]c2c(=O)[nH]cnc21,O=C1[O-]->[Zn+2]2(<-O)(<-O)(<-[O-]C(=O)c3cccc1n->23)<-n1c[nH]c2c(=O)[nH]cnc21
QAPKOK,,C20 H26 O3 P1 Re1 Se1,0.0,[O+]#[C-]->[Re+]1234(<-[C-]#[O+])(<-[C-]#[O+])<-c5c->1[cH-]->2c->3(P(=[Se])(C1CCCCC1)C1CCCCC1)c->45,[O+]#[C-]->[Re+]1234(<-[C-]#[O+])(<-[C-]#[O+])<-C5=C->1C->2(=P([Se-])(C1CCCCC1)C1CCCCC1)C->3=C->45,[O+]#[C-]->[Re+]1234(<-[C-]#[O+])(<-[C-]#[O+])<-C5=C->1C->2(=P([Se-])(C1CCCCC1)C1CCCCC1)C->3=C->45
QAPVOS,,C18 H14 O4 W1,0.0,fail,COc1ccc2c(=O)[c-]34[CH2-]->[W+4]<-35678(<-[C-]#[O+])(<-[C-]#[O+])(<-c3c->5c->6[cH-]->7c->83)<-[cH-]4c2c1,COc1ccc2c(=O)[c-]34[CH2-]->[W+4]<-35678(<-[C-]#[O+])(<-[C-]#[O+])(<-c3c->5c->6[cH-]->7c->83)<-[cH-]4c2c1
QARDAQ,O=S(=O)([O-])C(n1cccn1)(n1cccn1)n1cccn1->[Ag+]<-[P@TB5](c1ccccc1)(c1ccccc1)c1ccccc1,C28 H24 Ag1 N6 O3 P1 S1,0.0,O=S1(=O)[O-]->[Ag+]2(<-n3cccn3C1(n1cccn1)n1cccn->21)<-P(c1ccccc1)(c1ccccc1)c1ccccc1,O=S1(=O)[O-]->[Ag+]2(<-n3cccn3C1(n1cccn1)n1cccn->21)<-P(c1ccccc1)(c1ccccc1)c1ccccc1,O=S123=O->[Ag+]<-14(<-[O-]2)(<-n1cccn1C3(n1cccn1)n1cccn->41)<-P(c1ccccc1)(c1ccccc1)c1ccccc1
QASCEU,CCP(CC)(CC)->[Pt+2](<-[Cl-])(<-[S-]c1sc(=S)sc1SC)<-P(CC)(CC)CC,C16 H33 Cl1 P2 Pt1 S5,0.0,CCP(CC)(CC)->[Pt+2](<-[Cl-])(<-[S-]c1sc(=S)sc1SC)<-P(CC)(CC)CC,CCP(CC)(CC)->[Pt+2](<-[Cl-])(<-[S-]c1sc(=S)sc1SC)<-P(CC)(CC)CC,CCP(CC)(CC)->[Pt+2]1(<-[Cl-])(<-[S-]c2c(SC)sc(=S)s->12)<-P(CC)(CC)CC
QASVOY,CN1(C)CCN(C)(C)->[Zn+2]<-123(<-O=C([O-]->2)c1cccnc1Nc1cccc(C(F)(F)F)c1)<-O=C([O-]->3)c1cccnc1Nc1cccc(C(F)(F)F)c1,C32 H32 F6 N6 O4 Zn1,0.0,CN1(C)CCN(C)(C)->[Zn+2]<-1(<-[O-]C(=O)c1cccnc1Nc1cccc(C(F)(F)F)c1)<-[O-]C(=O)c1cccnc1Nc1cccc(C(F)(F)F)c1,CN1(C)CCN(C)(C)->[Zn+2]<-1(<-[O-]C(=O)c1cccnc1Nc1cccc(C(F)(F)F)c1)<-[O-]C(=O)c1cccnc1Nc1cccc(C(F)(F)F)c1,CN1(C)CCN(C)(C)->[Zn+2]<-12345(<-O=C->2([O-]->3)c1cccnc1Nc1cccc(C(F)(F)F)c1)<-O=C->4([O-]->5)c1cccnc1Nc1cccc(C(F)(F)F)c1
QATSUB,N#C[S-]->[Cu+]1(<-n2cccc3c4nc(C#N)c(C#N)nc4c4cccn->1c4c32)<-P(c1ccccc1)(c1ccccc1)c1ccccc1,C35 H21 Cu1 N7 P1 S1,0.0,N#C[S-]->[Cu+]1(<-n2cccc3c4nc(C#N)c(C#N)nc4c4cccn->1c4c32)<-P(c1ccccc1)(c1ccccc1)c1ccccc1,N#C[S-]->[Cu+3]1(<-[N-]2C=CC=c3c2c2c(c4nc(C#N)c(C#N)nc34)=CC=C[N-]->12)<-P(c1ccccc1)(c1ccccc1)c1ccccc1,N#C[S-]->[Cu+3]1(<-[N-]2C=CC=c3c2c2c(c4nc(C#N)c(C#N)nc34)=CC=C[N-]->12)<-P(c1ccccc1)(c1ccccc1)c1ccccc1
QAVMIK,[O+]#[C-]->[Re+]1(<-[Br-])(<-[C-]#[O+])(<-[C-]#[O+])<-N=C2C(=O->1)C=Cc1ccccc12,C13 H7 Br1 N1 O4 Re1,0.0,[O+]#[C-]->[Re+3]1(<-[Br-])(<-[C-]#[O+])(<-[C-]#[O+])<-[NH-]c2c([O-]->1)ccc1ccccc21,[O+]#[C-]->[Re+3]1(<-[Br-])(<-[C-]#[O+])(<-[C-]#[O+])<-[NH-]c2c([O-]->1)ccc1ccccc21,[O+]#[C-]->[Re+3]1(<-[Br-])(<-[C-]#[O+])(<-[C-]#[O+])<-[NH-]c2c([O-]->1)ccc1ccccc21
QAVSOW,,C34 H34 Cl1 N2 O2 Rh1,0.0,Cc1nn(-c2ccccc2)c2[O-]->[Rh+3]3456(<-[Cl-])(<-O=C(c12)C(c1ccccc1)c1ccccc1)<-c1(C)c->3(C)c->4(C)[c-]->5(C)c->61C,CC1=NN(c2ccccc2)C2=O->[Rh+3]3456(<-[Cl-])(<-[O-]C(=C12)C(c1ccccc1)c1ccccc1)<-c1(C)c->3(C)c->4(C)[c-]->5(C)c->61C,CC1=NN(c2ccccc2)C2=O->[Rh+3]3456(<-[Cl-])(<-[O-]C(=C12)C(c1ccccc1)c1ccccc1)<-c1(C)c->3(C)c->4(C)[c-]->5(C)c->61C
QAWHUT,CC[C@H](CO)/N1=C/c2cccc(OC)c2[O-]->[Zn+2]<-12<-[O-]c1c(/C=N->2/[C@H](CC)CO)cccc1OC,C24 H32 N2 O6 Zn1,0.0,CCC(CO)N1=Cc2cccc(OC)c2[O-]->[Zn+2]<-12<-[O-]c1c(C=N->2C(CC)CO)cccc1OC,CCC(CO)N1=Cc2cccc(OC)c2[O-]->[Zn+2]<-12<-[O-]c1c(C=N->2C(CC)CO)cccc1OC,CCC(CO)N1=Cc2cccc(OC)c2[O-]->[Zn+2]<-12<-[O-]c1c(C=N->2C(CC)CO)cccc1OC
QAXBOG,[Cl-]->[Rh+3]12(<-[Cl-])(<-N(=N\c3ccccn->13)/c1ccccc1)<-N(=N\c1ccccn->21)/c1ccccc1,C22 H18 Cl2 N6 Rh1 1+,1.0,[Cl-]->[Rh+3]12(<-[Cl-])(<-N(=Nc3ccccn->13)c1ccccc1)<-N(=Nc1ccccn->21)c1ccccc1,[Cl-]->[Rh+7]12(<-[Cl-])(<-[N-](N=c3cccc[n-]->13)c1ccccc1)<-[N-](N=c1cccc[n-]->21)c1ccccc1,[Cl-]->[Rh+7]12(<-[Cl-])(<-[N-](N=c3cccc[n-]->13)c1ccccc1)<-[N-](N=c1cccc[n-]->21)c1ccccc1
QAXWOC,Cc1cccc2CN3CCc4cccc5->[Cu+](<-c45)(<-n12)<-n1c(C)cccc1C3,C22 H25 Cu1 N3 1+,1.0,Cc1cccc2CN34CCc5ccccc5->[Cu+]<-3(<-n12)<-n1c(C)cccc1C4,Cc1cccc2CN34CCc5cccc6->[Cu+]<-3(<-c56)(<-n12)<-n1c(C)cccc1C4,Cc1cccc2CN34CCc56->[Cu+]<-3(<-c5cccc6)(<-n12)<-n1c(C)cccc1C4
QAYNAI,N#[C-]->[Ru+2]12(<-[C-]#N)(<-n3ccccc3-c3ccccn->13)<-P(CCCC[P@TB10]->2(c1ccccc1)c1ccccc1)(c1ccccc1)c1ccccc1,C40 H36 N4 P2 Ru1,0.0,N#[C-]->[Ru+2]12(<-[C-]#N)(<-n3ccccc3-c3ccccn->13)<-P(CCCCP->2(c1ccccc1)c1ccccc1)(c1ccccc1)c1ccccc1,N#[C-]->[Ru+2]12(<-[C-]#N)(<-n3ccccc3-c3ccccn->13)<-P(CCCCP->2(c1ccccc1)c1ccccc1)(c1ccccc1)c1ccccc1,N#[C-]->[Ru+2]12(<-[C-]#N)(<-n3ccccc3-c3ccccn->13)<-P(CCCCP->2(c1ccccc1)c1ccccc1)(c1ccccc1)c1ccccc1
QAZLOV,CC(C)(C)P1(CCP(C(C)(C)C)(C(C)(C)C)->[Ni@OH30+2]<-12<-[O-][CH-]->2Cc1ccccc1)C(C)(C)C,C26 H48 Ni1 O1 P2,0.0,CC(C)(C)P1(CCP(C(C)(C)C)(C(C)(C)C)->[Ni]<-12<-O=C->2Cc1ccccc1)C(C)(C)C,CC(C)(C)P1(CCP(C(C)(C)C)(C(C)(C)C)->[Ni]<-12<-O=C->2Cc1ccccc1)C(C)(C)C,CC(C)(C)P1(CCP(C(C)(C)C)(C(C)(C)C)->[Ni]<-12<-O=C->2Cc1ccccc1)C(C)(C)C
QEBBIL,COc1cccc2/C=N3/CCC/N4=C/c5cccc(OC)c5O5CC(=O)[O-]->[Ni@OH17+2]<-3<-4<-5<-[O-]C(=O)COc21,C23 H24 N2 Ni1 O8,0.0,COc1cccc2C=N3CCCN4=Cc5cccc(OC)c5O5CC(=O)[O-]->[Ni+2]<-3<-4<-56<-[O-]C(=O)CO->6c21,COc1cccc2C=N3CCCN4=Cc5cccc(OC)c5O5CC(=O)[O-]->[Ni+2]<-3<-4<-56<-[O-]C(=O)CO->6c21,COc1cccc2C=N3CCCN4=Cc5cccc(OC)c5O5CC(=O)[O-]->[Ni+2]<-3<-4<-56<-[O-]C(=O)CO->6c21
QECZIH,,C31 H42 Ag1 F3 O4 S1,0.0,Cc1c(C)c(C)c2(C)->[Ag+]3(<-O)(<-[O-]S(=O)(=O)C(F)(F)F)<-c4(C)c(C)c(C)c(C)c(C)c->34C3=C(c2c1C)C1CCC3CC1,Cc1c(C)c(C)c2(C)->[Ag+](<-O)(<-[O-]S(=O)(=O)C(F)(F)F)<-c3(C)c(C)c(C)c(C)c(C)c3C3=C(c2c1C)C1CCC3CC1,Cc1c(C)c(C)c(C2=C(c34->[Ag+]5(<-O)(<-O=S(=O)([O-]->5)C(F)(F)F)<-c3(C)c(C)c(C)c(C)c4C)C3CCC2CC3)c(C)c1C
QEFVAY,COc1cccc(OC)c1P1(c2ccccc2)c2c(OC)cccc2O(C)->[Pd@@+2]<-12<-[c-]1ccccc1CN->2(C)C,C31 H35 N1 O4 P1 Pd1 1+,1.0,COc1cccc2O(C)->[Pd+2]34(<-[c-]5ccccc5CN->3(C)C)<-O(C)c3cccc(OC)c3P->4(c3ccccc3)c12,COc1cccc(OC)c1P1(c2ccccc2)c2c(OC)cccc2O(C)->[Pd+2]<-12<-[c-]1ccccc1CN->2(C)C,COc1cccc(OC)c1P1(c2ccccc2)c2c(OC)cccc2O(C)->[Pd+2]<-12<-[c-]1ccccc1CN->2(C)C
QEGGIS,CCP(CC)(CC)->[Ni]12(<-c3(F)c(F)c4c(F)c(F)c(F)c(F)c4c->1(F)c->23F)<-P(CC)(CC)CC,C22 H30 F8 Ni1 P2,0.0,CCP(CC)(CC)->[Ni]1(<-c2(F)c(F)c(F)c3c(F)c(F)c(F)c(F)c3c->12F)<-P(CC)(CC)CC,CCP(CC)(CC)->[Ni]1(<-c2(F)c(F)c(F)c3c(F)c(F)c(F)c(F)c3c->12F)<-P(CC)(CC)CC,CCP(CC)(CC)->[Ni]1(<-c2(F)c(F)c(F)c3c(F)c(F)c(F)c(F)c3c->12F)<-P(CC)(CC)CC
QEHKOE,C/C(=N\NC(=O)c1ccccc1N)c1cccc(/C(C)=N/NC(=O)c2ccccc2N)n1->[Cd+2](<-[Cl-])<-[Cl-],C23 H23 Cd1 Cl2 N7 O2,0.0,CC1c2cccc3C(C)=N4NC(=O->[Cd+2]<-45(<-[Cl-])(<-[Cl-])(<-O=C(NN->5=1)c1ccccc1N)<-n23)c1ccccc1N,CC1c2cccc3C(C)=N4NC(=O->[Cd+2]<-45(<-[Cl-])(<-[Cl-])(<-O=C(NN->5=1)c1ccccc1N)<-n23)c1ccccc1N,CC1c2cccc3C(C)=N4NC(=O->[Cd+2]<-45(<-[Cl-])(<-[Cl-])(<-O=C(NN->5=1)c1ccccc1N)<-n23)c1ccccc1N
QEHQUP,,C22 H18 Cr1 N2 O5,0.0,CC1C(c2ccccc2)N2[C](c3ccccc3)->[Cr](<-[C-]#[O+])(<-[C-]#[O+])(<-[C-]#[O+])(<-[C-]#[O+])<-O=C2N1C,CC1C(c2ccccc2)N2[C](c3ccccc3)->[Cr](<-[C-]#[O+])(<-[C-]#[O+])(<-[C-]#[O+])(<-[C-]#[O+])<-O=C2N1C,CC1C(c2ccccc2)N2[C](c3ccccc3)->[Cr](<-[C-]#[O+])(<-[C-]#[O+])(<-[C-]#[O+])(<-[C-]#[O+])<-O=C2N1C
QEJHUJ,C/C1=C/C(C)=N(/CC(C)C)->[Cu+]2(<-C(#C->2[Si](C)(C)C)[Si](C)(C)C)<-[N-]1CC(C)C,C21 H43 Cu1 N2 Si2,0.0,CC1=CC(C)=N(CC(C)C)->[Cu+]2(<-C(#C->2[Si](C)(C)C)[Si](C)(C)C)<-[N-]1CC(C)C,CC1=CC(C)=N(CC(C)C)->[Cu+]2(<-C(#C->2[Si](C)(C)C)[Si](C)(C)C)<-[N-]1CC(C)C,CC1=CC(C)=N(CC(C)C)->[Cu+]2(<-C(#C->2[Si](C)(C)C)[Si](C)(C)C)<-[N-]1CC(C)C
QEJSAC,,C37 H22 N2 O1 Pd1,0.0,C1=Cc2c(-c3ccccc3)c3ccc4c(-c5ccccc5)c5ccc6cc7[c-]8->[Pd+2](<-n2c1cc8-c1ccccc1-7)(<-[n-]65)<-o34,C1=c2ccc3[n-]2->[Pd+2]24<-[C]5C1=c1ccccc1=C5C=c1ccc([n-]->21)=C(c1ccccc1)c1ccc(o->41)C=3c1ccccc1,C1=c2ccc3[n-]2->[Pd+2]24<-[C]5C1=c1ccccc1=C5C=c1ccc([n-]->21)=C(c1ccccc1)c1ccc(o->41)C=3c1ccccc1
QEKLAU,CC(C)P1([S-]->[Ir+]234(<-C5=C->2/CC/C->3=C->4\CC\5)<-C=12C(N(C)C)=Cc1ccccc12)C(C)C,C25 H37 Ir1 N1 P1 S1,0.0,CC(C)P1(=S->[Ir+]234(<-C5=C->2CCC->3=C->4CC5)<-[c-]12c(N(C)C)cc1ccccc12)C(C)C,CC(C)P1([S-]->[Ir+]234(<-C5=C->2CCC->3=C->4CC5)<-C=12C(N(C)C)=Cc1ccccc12)C(C)C,CC(C)P1([S-]->[Ir+]234(<-C5=C->2CCC->3=C->4CC5)<-C=12C(N(C)C)=Cc1ccccc12)C(C)C
QEMDOB,O=C1COc2ccccc2/C=N2/CC(=O)[O-]->[Zn@TB16+2]<-2(<-O)<-[O-]1,C11 H11 N1 O6 Zn1,0.0,O=C1CN2=Cc3ccccc3O3CC(=O)[O-]->[Zn+2]<-2<-3(<-O)<-[O-]1,O=C1CN2=Cc3ccccc3O3CC(=O)[O-]->[Zn+2]<-2<-3(<-O)<-[O-]1,O=C1CN2=Cc3ccccc3O3CC(=O)[O-]->[Zn+2]<-2<-3(<-O)<-[O-]1
QENKEA,CC(C)(C)[N-2]->[Ta+5]12<-[N-](CP(C[N-]->1c1ccccc1)C[N-]->2c1ccccc1)c1ccccc1,C25 H30 N4 P1 Ta1,0.0,CC(C)(C)[N-2]->[Ta+5]12<-[N-](CP(C[N-]->1c1ccccc1)C[N-]->2c1ccccc1)c1ccccc1,CC(C)(C)[N-2]->[Ta+5]123<-[N-](CP->1(C[N-]->2c1ccccc1)C[N-]->3c1ccccc1)c1ccccc1,CC(C)(C)[N-2]->[Ta+5]123<-[N-](CP->1(C[N-]->2c1ccccc1)C[N-]->3c1ccccc1)c1ccccc1
QEPHOI,CCN(CC)[C](C=C(c1ccccc1)c1ccccc1)->[Ru+2]1234(<-[C-]#[O+])(<-c5c->1c->2[cH-]->3c->45)<-P(C(C)C)(C(C)C)C(C)C,C34 H47 N1 O1 P1 Ru1 1+,1.0,CCN(CC)[C](C=C(c1ccccc1)c1ccccc1)->[Ru+2]1234(<-[C-]#[O+])(<-c5c->1c->2[cH-]->3c->45)<-P(C(C)C)(C(C)C)C(C)C,CCN(CC)[C](C=C(c1ccccc1)c1ccccc1)->[Ru+2]1234(<-[C-]#[O+])(<-c5c->1c->2[cH-]->3c->45)<-P(C(C)C)(C(C)C)C(C)C,CCN(CC)[C](C=C(c1ccccc1)c1ccccc1)->[Ru+2]1234(<-[C-]#[O+])(<-c5c->1c->2[cH-]->3c->45)<-P(C(C)C)(C(C)C)C(C)C
QEQFIC,O=S1(=O)[O-]->[Cd+2]234(<-[O-]S(=O)(=O)C(O)(c5ccccn->25)c2ccccn->32)<-n2ccccc2C1(O)c1ccccn->41,C22 H18 Cd1 N4 O8 S2,0.0,O=S1(=O)[O-]->[Cd+2]234(<-[O-]S(=O)(=O)C(O)(c5ccccn->25)c2ccccn->32)<-n2ccccc2C1(O)c1ccccn->41,O=S1(=O)[O-]->[Cd+2]234(<-[O-]S(=O)(=O)C(O)(c5ccccn->25)c2ccccn->32)<-n2ccccc2C1(O)c1ccccn->41,O=S123=O->[Cd+2]<-145678(<-O=S->4(=O)([O-]->5)C(O)(c1ccccn->61)c1ccccn->71)(<-[O-]2)<-n1ccccc1C3(O)c1ccccn->81
QERLEE,CCO/C(C)=C(C(=C\C(=O)OC)\c1ccccc1)/[C](N1CCOCC1)->[W](<-[C-]#[O+])(<-[C-]#[O+])(<-[C-]#[O+])(<-[C-]#[O+])<-[C-]#[O+],C25 H25 N1 O9 W1,0.0,CCOC(C)=C(C(=CC(=O)OC)c1ccccc1)[C](N1CCOCC1)->[W](<-[C-]#[O+])(<-[C-]#[O+])(<-[C-]#[O+])(<-[C-]#[O+])<-[C-]#[O+],CCOC(C)=C(C(=CC(=O)OC)c1ccccc1)[C](N1CCOCC1)->[W](<-[C-]#[O+])(<-[C-]#[O+])(<-[C-]#[O+])(<-[C-]#[O+])<-[C-]#[O+],CCOC(C)=C(C(=CC(=O)OC)c1ccccc1)[C](N1CCOCC1)->[W](<-[C-]#[O+])(<-[C-]#[O+])(<-[C-]#[O+])(<-[C-]#[O+])<-[C-]#[O+]
QERZOC,CN12CCCN->[Co+3]<-13(<-NCCC2)(<-[O-]N->3=O)(<-N(=O)[O-])<-N(=O)[O-],C7 H19 Co1 N6 O6,0.0,CN12CCCN->[Co-3]<-1(<-NCCC2)(<-[N+](=O)=O)(<-[N+](=O)=O)<-[N+](=O)=O,CN12CCCN->[Co+3]<-1(<-NCCC2)(<-N(=O)[O-])(<-N(=O)[O-])<-N(=O)[O-],CN12CCCN->[Co+3]<-1(<-NCCC2)(<-N(=O)[O-])(<-N(=O)[O-])<-N(=O)[O-]
QESZIX,,C23 H44 Co1 P1 Si2,0.0,CC(C)(C)P1(CCc23->[Co+3]<-1456(<-[C-2]=C([Si](C)(C)C)[Si](C)(C)C)<-c(c->4[cH-]->52)c->63)C(C)(C)C,CC(C)(C)P1(CCc23->[Co+]<-1456(<-[C]=C([Si](C)(C)C)[Si](C)(C)C)<-c(c->42)[cH-]->5c->63)C(C)(C)C,CC(C)(C)P1(CCc23->[Co+]<-1456(<-[C]=C([Si](C)(C)C)[Si](C)(C)C)<-c(c->42)[cH-]->5c->63)C(C)(C)C
QEVBUO,,C21 H46 F3 O4 P2 Rh1 S1,0.0,C[C-](=O)->[RhH+2](<-[O-]S(=O)(=O)C(F)(F)F)(<-P(C(C)C)(C(C)C)C(C)C)<-P(C(C)C)(C(C)C)C(C)C,C[C-](=O)->[RhH+2](<-[O-]S(=O)(=O)C(F)(F)F)(<-P(C(C)C)(C(C)C)C(C)C)<-P(C(C)C)(C(C)C)C(C)C,C[C-](=O)->[RhH+2]1(<-O=S(=O)([O-]->1)C(F)(F)F)(<-P(C(C)C)(C(C)C)C(C)C)<-P(C(C)C)(C(C)C)C(C)C
QEWVIX,,C24 H5 F10 O3 Re1,0.0,[O+]#[C-]->[Re+]1234(<-[C-]#[O+])(<-[C-]#[O+])<-[cH-]5c->1(-c1c(F)c(F)c(F)c(F)c1F)c->21ccccc->31c->45-c1c(F)c(F)c(F)c(F)c1F,[O+]#[C-]->[Re+]1234(<-[C-]#[O+])(<-[C-]#[O+])<-[cH-]5c->1(-c1c(F)c(F)c(F)c(F)c1F)c->21ccccc->31c->45-c1c(F)c(F)c(F)c(F)c1F,[O+]#[C-]->[Re+]1234(<-[C-]#[O+])(<-[C-]#[O+])<-[cH-]5c->1(-c1c(F)c(F)c(F)c(F)c1F)c->21ccccc->31c->45-c1c(F)c(F)c(F)c(F)c1F
QEYDEF,CC(C)c12->[Ru+2]34567(<-[Cl-])(<-O=C8C=[O+]C(C/N=N/[N-2])=CC8=O->3)<-c(c->41)c->5(C)c->6c->72,C16 H18 Cl1 N3 O3 Ru1,0.0,CC(C)c12->[Ru+2]34567(<-[Cl-])(<-O=c8cc(CN=[N+]=[N-])occ8[O-]->3)<-c(c->41)c->5(C)c->6c->72,CC(C)c12->[Ru+2]34567(<-[Cl-])(<-O=C8C=[O+]C(CN=N[N-2])=CC8=O->3)<-c(c->41)c->5(C)c->6c->72,CC(C)c12->[Ru+2]34567(<-[Cl-])(<-O=C8C=[O+]C(CN=N[N-2])=CC8=O->3)<-c(c->41)c->5(C)c->6c->72
QEZPIW,,C11 H8 Br2 F1 Hg1 N3 O1,0.0,O=C(Nc1cccc(F)c1)c1cn(->[Hg+2](<-[Br-])<-[Br-])ccn1,O=C(Nc1cccc(F)c1)c1cnccn1.[Br-]->[Hg+2]<-[Br-],O=C(Nc1cccc(F)c1)c1cnccn1.[Br-]->[Hg+2]<-[Br-]
QEZSAQ,CP(c1ccccc1)(c1ccccc1)=C12->[Mo]345(<-[C-]#[O+])(<-[C-]#[O+])(<-[C-]#[O+])<-C(=C->31)C->4=C->52,C21 H17 Mo1 O3 P1,0.0,C[P](c1ccccc1)(c1ccccc1)c12->[Mo+]345(<-[C-]#[O+])(<-[C-]#[O+])(<-[C-]#[O+])<-c(c->3[cH-]->41)c->52,CP(c1ccccc1)(c1ccccc1)=C12->[Mo]345(<-[C-]#[O+])(<-[C-]#[O+])(<-[C-]#[O+])<-C(=C->31)C->4=C->52,CP(c1ccccc1)(c1ccccc1)=C12->[Mo]345(<-[C-]#[O+])(<-[C-]#[O+])(<-[C-]#[O+])<-C(=C->31)C->4=C->52
QIBXOQ,,C34 H29 Cl3 Ir1 N2 1+,1.0,Cc12->[Ir+3]3456(<-[Cl-])(<-N(=C7C(=N->3c3ccc(Cl)cc3)c3cccc8cccc7c38)c3ccc(Cl)cc3)<-c1(C)c->4(C)[c-]->5(C)c->62C,Cc12->[Ir+5]3456(<-[Cl-])(<-[N-](C7=C([N-]->3c3ccc(Cl)cc3)c3cccc8cccc7c38)c3ccc(Cl)cc3)<-c1(C)c->4(C)[c-]->5(C)c->62C,Cc12->[Ir+5]3456(<-[Cl-])(<-[N-](C7=C([N-]->3c3ccc(Cl)cc3)c3cccc8cccc7c38)c3ccc(Cl)cc3)<-c1(C)c->4(C)[c-]->5(C)c->62C
QICVAA,CCP(CC)(c1ccccc1)->[Cu+](<-[SeH-])(<-P(CC)(CC)c1ccccc1)<-P(CC)(CC)c1ccccc1,C30 H46 Cu1 P3 Se1,0.0,CCP(CC)(c1ccccc1)->[Cu+](<-[SeH-])(<-P(CC)(CC)c1ccccc1)<-P(CC)(CC)c1ccccc1,CCP(CC)(c1ccccc1)->[Cu+](<-[SeH-])(<-P(CC)(CC)c1ccccc1)<-P(CC)(CC)c1ccccc1,CCP(CC)(c1ccccc1)->[Cu+](<-[SeH-])(<-P(CC)(CC)c1ccccc1)<-P(CC)(CC)c1ccccc1
QIDDEO,CC(C)(C)[N+]#[C-]->[Ru+2]12(<-[C-]#[N+]C(C)(C)C)(<-[N-]=C=S)<-n3cccn3[BH-](n3cccn->13)n1cccn->21,C20 H28 B1 N9 Ru1 S1,0.0,CC(C)(C)[N+]#[C-]->[Ru+2]12(<-[C-]#[N+]C(C)(C)C)(<-[N-]=C=S)<-n3cccn3[BH-](n3cccn->13)n1cccn->21,CC(C)(C)[N+]#[C-]->[Ru+2]12(<-[C-]#[N+]C(C)(C)C)(<-[N-]=C=S)<-n3cccn3[BH-](n3cccn->13)n1cccn->21,CC(C)(C)[N+]#[C-]->[Ru+2]12(<-[C-]#[N+]C(C)(C)C)(<-[N-]=C=S)<-n3cccn3[BH-](n3cccn->13)n1cccn->21
QIFCOY,,C24 H14 N7 O4 Re1,0.0,CC(C)=NOC(C#N)(C#N)[C-](C#N)(C#N)->[Re+]1(<-[C-]#[O+])(<-[C-]#[O+])(<-[C-]#[O+])<-n2cccc3ccc4cccn->1c4c32,CC(C)=[N+]=[O+]C(C#N)(C#N)C(=C=[N-])(C#N)->[Re-]1(<-[C-]#[O+])(<-[C-]#[O+])(<-[C-]#[O+])<-n2cccc3ccc4cccn->1c4c32,CC(C)=[N+]=[O+]C(C#N)(C#N)C(=C=[N-])(C#N)->[Re-]1(<-[C-]#[O+])(<-[C-]#[O+])(<-[C-]#[O+])<-n2cccc3ccc4cccn->1c4c32
QIFXUY,CC#N->[Ru+2]12345(<-c6c->1(-c1ccccc1)c->2[c-]->3(C(=O)OCCP->4(c1ccccc1)c1ccccc1)c->56C)<-P(C)(C)C,C32 H36 N1 O2 P2 Ru1 1+,1.0,CC#N->[Ru+2]12345(<-c6c->1(-c1ccccc1)[cH-]->2c->3(C)c->46C(=O)OCCP->5(c1ccccc1)c1ccccc1)<-P(C)(C)C,CC#N->[Ru+2]12345(<-c6c->1(-c1ccccc1)c->2[c-]->3(C(=O)OCCP->4(c1ccccc1)c1ccccc1)c->56C)<-P(C)(C)C,CC#N->[Ru+2]12345(<-c6c->1(-c1ccccc1)c->2[c-]->3(C(=O)OCCP->4(c1ccccc1)c1ccccc1)c->56C)<-P(C)(C)C
QIGLEZ,c1ccc([CH2-]->[Zr+4]234(<-[CH2-]c->25ccccc5)(<-[CH2-]c->32ccccc2)<-[CH2-]c->42ccccc2)cc1,C28 H28 Zr1,0.0,c1ccc([CH2-]->[Zr+4]23(<-[CH2-]c4ccccc4)(<-[CH2-]c->24ccccc4)<-[CH2-]c->32ccccc2)cc1,c1ccc([CH2-]->[Zr+4]23(<-[CH2-]c4ccccc4)(<-[CH2-]c->24ccccc4)<-[CH2-]c->32ccccc2)cc1,c1ccc([CH2-]->[Zr+4]23(<-[CH2-]c4ccccc4)(<-[CH2-]c->24ccccc4)<-[CH2-]c->32ccccc2)cc1
QIGSAD,,C28 H8 F10 O2 Zn1,0.0,Fc1c(F)c(F)[c-](->[Zn+2]2(<-O=c3c(=O->2)c2cccc4ccc5cccc3c5c42)<-[c-]2c(F)c(F)c(F)c(F)c2F)c(F)c1F,Fc1c(F)c(F)[c-](->[Zn+4]2(<-[O-]c3c([O-]->2)c2cccc4ccc5cccc3c5c42)<-[c-]2c(F)c(F)c(F)c(F)c2F)c(F)c1F,Fc1c(F)c(F)[c-](->[Zn+4]2(<-[O-]c3c([O-]->2)c2cccc4ccc5cccc3c5c42)<-[c-]2c(F)c(F)c(F)c(F)c2F)c(F)c1F
QIHQON,,C19 H26 Cl1 N3 S2 W1,0.0,CCN([CH]->[W+4]12345(<-[Cl-])(<-[S-]C(C#N)=C(C#N)[S-]->1)<-c1(C)c->2(C)c->3(C)[c-]->4(C)c->51C)CC,CCN([CH]->[W+4]12345(<-[Cl-])(<-[S-]C(C#N)=C(C#N)[S-]->1)<-c1(C)c->2(C)c->3(C)[c-]->4(C)c->51C)CC,CCN([CH]->[W+4]12345(<-[Cl-])(<-[S-]C(C#N)=C(C#N)[S-]->1)<-c1(C)c->2(C)c->3(C)[c-]->4(C)c->51C)CC
QIJGUL,,C37 H30 O2 P1 Re1,0.0,Cc1ccc(C23CC2[P+](c2ccccc2)(c2ccccc2)C(c2ccccc2)=[C-]3->[Re+]2345(<-[C-]#[O+])(<-[C-]#[O+])<-c6c->2c->3[cH-]->4c->56)cc1,Cc1ccc(C23CC2P(c2ccccc2)(c2ccccc2)=C(c2ccccc2)[C]3->[Re+]2345(<-[C-]#[O+])(<-[C-]#[O+])<-c6c->2c->3[cH-]->4c->56)cc1,Cc1ccc(C23CC2P(c2ccccc2)(c2ccccc2)=C(c2ccccc2)[C]3->[Re+]2345(<-[C-]#[O+])(<-[C-]#[O+])<-c6c->2c->3[cH-]->4c->56)cc1
QIKQAF,Cc1ccn2->[Pt@@+2]3(<-[CH3-])<-N4=C(/N=c5/cc(C)cc[n-]->35)c3ccccc3/C4=N/c2c1,C21 H19 N5 Pt1,0.0,Cc1ccn2->[Pt+2]3(<-[CH3-])<-n4ccc(C)cc4N=C4c5ccccc5C(=Nc2c1)[N-]->34,Cc1ccn2->[Pt+2]3(<-[CH3-])<-N4=C(N=c5cc(C)cc[n-]->35)c3ccccc3C4=Nc2c1,Cc1ccn2->[Pt+2]3(<-[CH3-])<-N4=C(N=c5cc(C)cc[n-]->35)c3ccccc3C4=Nc2c1
QINXEQ,,C24 H45 Cl1 P2 Ru1,0.0,CC(C)(C)P1(Cc2cccc3CP(C(C)(C)C)(C(C)(C)C)->[RuH+]<-14(<-[Cl-])<-[H]c->423)C(C)(C)C,CC(C)(C)P1(Cc2cccc3CP(C(C)(C)C)(C(C)(C)C)->[RuH2+2]<-1(<-[Cl-])<-[c-]23)C(C)(C)C,CC(C)(C)P1(Cc2cccc3CP(C(C)(C)C)(C(C)(C)C)->[RuH2+2]<-1(<-[Cl-])<-[c-]23)C(C)(C)C
QIQNUB,CSC1/C=C(\[O-]->[Pt@TB4+2](<-[Cl-])(<-S=1)<-S(C)(C)=O)c1ccc(Br)cc1,C12 H14 Br1 Cl1 O2 Pt1 S3,0.0,CSC1C=C([O-]->[Pt+2](<-[Cl-])(<-S=1)<-S(C)(C)=O)c1ccc(Br)cc1,CSC1C=C([O-]->[Pt+2](<-[Cl-])(<-S=1)<-S(C)(C)=O)c1ccc(Br)cc1,CSC1C=C([O-]->[Pt+2](<-[Cl-])(<-S=1)<-S(C)(C)=O)c1ccc(Br)cc1
QISBOK,[CH2+][C-3]->[Os+4]12345(<-c6(C)c->1(C)c->2(C)[c-]->3(C)c->46C)<-P(CCP->5(c1ccccc1)c1ccccc1)(c1ccccc1)c1ccccc1,C38 H41 Os1 P2 1+,1.0,C=[C-2]->[Os+4]12345(<-c6(C)c->1(C)c->2(C)[c-]->3(C)c->46C)<-P(CCP->5(c1ccccc1)c1ccccc1)(c1ccccc1)c1ccccc1,C=[C]->[Os+2]12345(<-c6(C)c->1(C)c->2(C)[c-]->3(C)c->46C)<-P(CCP->5(c1ccccc1)c1ccccc1)(c1ccccc1)c1ccccc1,C=[C]->[Os+2]12345(<-c6(C)c->1(C)c->2(C)[c-]->3(C)c->46C)<-P(CCP->5(c1ccccc1)c1ccccc1)(c1ccccc1)c1ccccc1
QISXIZ,,C31 H48 Ir1 O1 P2 1+,1.0,CC(C)(C)P1(CP(C(C)(C)C)(C(C)(C)C)->[Ir+3]<-1(<-[C-]#[O+])<-[C-2](c1ccccc1)c1ccccc1)C(C)(C)C,CC(C)(C)P1(CP(C(C)(C)C)(C(C)(C)C)->[Ir+]<-1(<-[C-]#[O+])<-[C](c1ccccc1)c1ccccc1)C(C)(C)C,CC(C)(C)P1(CP(C(C)(C)C)(C(C)(C)C)->[Ir+]<-1(<-[C-]#[O+])<-[C](c1ccccc1)c1ccccc1)C(C)(C)C
QITXUO,[O-2]->[Mo+6]123(<-[O-][O-]->1)(<-[O-][O-]->2)<-[O-][n+]1ccccc1-c1ccccn->31,C10 H8 Mo1 N2 O6,0.0,[O-2]->[Mo+5]123(<-[O-][O-]->1)(<-[O-][O-]->2)<-[O-][n+]1ccccc1-c1ccccn->31,[O-2]->[Mo+6]123(<-[O-][O-]->1)(<-[O-][O-]->2)<-[O-][n+]1ccccc1-c1ccccn->31,[O-2]->[Mo+6]123(<-[O-][O-]->1)(<-[O-][O-]->2)<-[O-][n+]1ccccc1-c1ccccn->31
QIWDEI,Cc1cn2->[Pt+4]3(<-[Br-])(<-C=C4C=CC(=[N+]([O-])[O-])C=C4)(<-[CH2-]C(C)(C)c4cccc[c-]->34)<-n3cc(C)c(C)c4ccc(c1C)c2c43,C33 H34 Br1 N3 O2 Pt1,0.0,Cc1cn2->[Pt+4]3(<-[Br-])(<-[CH2-]c4ccc([N+](=O)[O-])cc4)(<-[CH2-]C(C)(C)c4cccc[c-]->34)<-n3cc(C)c(C)c4ccc(c1C)c2c43,Cc1cn2->[Pt+4]3(<-[Br-])(<-[CH2-]c4ccc([N+](=O)[O-])cc4)(<-[CH2-]C(C)(C)c4cccc[c-]->34)<-n3cc(C)c(C)c4ccc(c1C)c2c43,Cc1cn2->[Pt+4]3(<-[Br-])(<-[CH2-]c4ccc([N+](=O)[O-])cc4)(<-[CH2-]C(C)(C)c4cccc[c-]->34)<-n3cc(C)c(C)c4ccc(c1C)c2c43
QIXNUG,C/C1=N(\C(C)C)->[Ti+4]23456(<-[O-]C(=O)N(C(=O)[O-]->2)c2c(C)cccc2C)(<-[N-]1C(C)C)<-c1(C)c->3(C)c->4(C)[c-]->5(C)c->61C,C28 H41 N3 O4 Ti1,0.0,CC1=N(C(C)C)->[Ti+4]23456(<-[O-]C(=O)N(C(=O)[O-]->2)c2c(C)cccc2C)(<-[N-]1C(C)C)<-c1(C)c->3(C)c->4(C)[c-]->5(C)c->61C,CC1=N(C(C)C)->[Ti+4]23456(<-[O-]C(=O)N(C(=O)[O-]->2)c2c(C)cccc2C)(<-[N-]1C(C)C)<-c1(C)c->3(C)c->4(C)[c-]->5(C)c->61C,CC1=N(C(C)C)->[Ti+4]23456(<-[O-]C(=O)N(C(=O)[O-]->2)c2c(C)cccc2C)(<-[N-]1C(C)C)<-c1(C)c->3(C)c->4(C)[c-]->5(C)c->61C
QIZJAM,,C27 H37 F3 N4 O5 Pd1 S1,0.0,CCCCCCCCn1c(C#Cc2cc3CN(C)(C)->[Pd+2]4(<-[O-]S(=O)(=O)C(F)(F)F)<-[c-]3c(CN->4(C)C)c2)cc(=O)[nH]c1=O,CCCCCCCCn1c(C#Cc2cc3CN(C)(C)->[Pd+2]4(<-[O-]S(=O)(=O)C(F)(F)F)<-[c-]3c(CN->4(C)C)c2)cc(=O)[nH]c1=O,CCCCCCCCn1c(C#Cc2cc3CN(C)(C)->[Pd+2]456(<-O=S->4(=O)([O-]->5)C(F)(F)F)<-[c-]3c(CN->6(C)C)c2)cc(=O)[nH]c1=O
QOCJAU,c1ccc(C2#C(c3ccccc3)->[Co+]<-23456(<-c2c->3c->4[cH-]->5c->62)<-P(c2ccccc2)(c2ccccc2)c2ccccc2)cc1,C37 H30 Co1 P1,0.0,c1ccc(C2#C(c3ccccc3)->[Co+]<-23456(<-c2c->3c->4[cH-]->5c->62)<-P(c2ccccc2)(c2ccccc2)c2ccccc2)cc1,c1ccc(C2#C(c3ccccc3)->[Co+]<-23456(<-c2c->3c->4[cH-]->5c->62)<-P(c2ccccc2)(c2ccccc2)c2ccccc2)cc1,c1ccc(C2#C(c3ccccc3)->[Co+]<-23456(<-c2c->3c->4[cH-]->5c->62)<-P(c2ccccc2)(c2ccccc2)c2ccccc2)cc1
QODKOM,COc1ccc(NCc2ccccn2->[Cd+2](<-[Br-])(<-[Br-])<-n2ccccc2CNc2ccc(OC)cc2)cc1,C26 H28 Br2 Cd1 N4 O2,0.0,COc1ccc(N2Cc3ccccn3->[Cd+2]<-23(<-[Br-])(<-[Br-])<-n2ccccc2CN->3c2ccc(OC)cc2)cc1,COc1ccc(N2Cc3ccccn3->[Cd+2]<-23(<-[Br-])(<-[Br-])<-n2ccccc2CN->3c2ccc(OC)cc2)cc1,COc1ccc(N2Cc3ccccn3->[Cd+2]<-23(<-[Br-])(<-[Br-])<-n2ccccc2CN->3c2ccc(OC)cc2)cc1
QODWAK,C/[C-]1=[C-](\C)->[W+6]<-123(<-[O-2])(<-S=C1C=CC=C/C1=C1\OCC(C)(C)[N-]->21)<-S=C1C=CC=C/C1=C1\OCC(C)(C)[N-]->31,C26 H30 N2 O3 S2 W1,0.0,fail,CC1#C(C)->[W+4]<-123(<-[O-2])(<-S=C1C=CC=CC1=C1OCC(C)(C)[N-]->21)<-S=C1C=CC=CC1=C1OCC(C)(C)[N-]->31,CC1#C(C)->[W+4]<-123(<-[O-2])(<-S=C1C=CC=CC1=C1OCC(C)(C)[N-]->21)<-S=C1C=CC=CC1=C1OCC(C)(C)[N-]->31
QOFTEK,CC(C)[C@H]12[CH2-]->[Ti+4]<-13456789%10(<-c1c->3%11ccccc->4%11c->5[c-]->61N(C)C)(<-c1c->73ccccc->83c->9[c-]->%101N(C)C)<-[CH-]2c1ccccc1,C34 H40 N2 Ti1,0.0,CC(C)C1[CH2-]->[Ti+4]23456789(<-c%10c->2(N(C)C)[cH-]->3c->42ccccc->5%102)(<-c2c->6(N(C)C)[cH-]->7c->83ccccc->923)<-[CH-]1c1ccccc1,CC(C)C1[CH2-]->[Ti+4]23456789(<-c%10c->2%11ccccc->3%11c->4[c-]->5%10N(C)C)(<-c2c->63ccccc->73c->8[c-]->92N(C)C)<-[CH-]1c1ccccc1,CC(C)C1[CH2-]->[Ti+4]2345(<-c6c7ccccc7c[c-]6N(C)C)(<-c6c->27ccccc->37c->4[c-]->56N(C)C)<-[CH-]1c1ccccc1
QOHGEZ,CC/C1=C2\C=CC3=N2->[Ni@SP1+2]24<-N5=C(C=C/C5=C(\CC)c5ccc([n-]->25)C(CC)(CC)c2ccc1[n-]->42)C3(CC)CC,C32 H38 N4 Ni1,0.0,CCC1=C2C=CC3=N2->[Ni+2]24<-N5=C(C=CC5=C(CC)c5ccc([n-]->25)C3(CC)CC)C(CC)(CC)c2ccc1[n-]->42,CCC1=C2C=CC3=N2->[Ni+2]24<-N5=C(C=CC5=C(CC)c5ccc([n-]->25)C3(CC)CC)C(CC)(CC)c2ccc1[n-]->42,CCC1=C2C=CC3=N2->[Ni+2]24<-N5=C(C=CC5=C(CC)c5ccc([n-]->25)C3(CC)CC)C(CC)(CC)c2ccc1[n-]->42
QOJSOX,CO(CC[c-]1ccc2ccccc21)->[La+3]123(<-[H][BH-]->1([H]->2)[H]->3)<-O(C)CC[c-]1ccc2ccccc21,C24 H30 B1 La1 O2,0.0,CO1CC[C-]23->[La+11]<-1456789%10%11%12%13(<-[H][BH-]([H]->4)[H]->5)(<-[C-](=[C-]->62)[C-]->71C=CC=C[C-]->813)<-[C-]1=[C-]->9[C-]->%10(CCO->%11C)[C-]->%122C=CC=C[C-]->%1312,B->[LaH]123456789%10(<-C%11C->1C->2(CCO->3C)C->41CCCCC->5%111)<-C1C->6C->7(CCO->8C)C->92CCCCC->%1012,[BH2+]->[LaH2-]123456789%10(<-C%11C->1C->2(CCO->3C)C->41CCCCC->5%111)<-C1C->6C->7(CCO->8C)C->92CCCCC->%1012
QOKPOX,Cc1ccccc1N1CCCCN(c2ccccc2C)[C]1->[Ni@OH17+2](<-[Br-])(<-[Br-])<-P(c1ccccc1)(c1ccccc1)c1ccccc1,C37 H37 Br2 N2 Ni1 P1,0.0,Cc1ccccc1N1CCCCN(c2ccccc2C)[C]1->[Ni+2](<-[Br-])(<-[Br-])<-P(c1ccccc1)(c1ccccc1)c1ccccc1,Cc1ccccc1N1CCCCN(c2ccccc2C)[C]1->[Ni+2](<-[Br-])(<-[Br-])<-P(c1ccccc1)(c1ccccc1)c1ccccc1,Cc1ccccc1N1CCCCN(c2ccccc2C)[C]1->[Ni+2](<-[Br-])(<-[Br-])<-P(c1ccccc1)(c1ccccc1)c1ccccc1
QOLWOD,[O-2]->[V+5]1234(<-O=C(O)CCN->1(Cc1ccccn->21)Cc1ccccn->31)<-[O-][O-]->4,C15 H17 N3 O5 V1 1+,1.0,[O-2]->[V+5]1234(<-O=C(O)CCN->1(Cc1ccccn->21)Cc1ccccn->31)<-[O-][O-]->4,[O-2]->[V+5]1234(<-O=C(O)CCN->1(Cc1ccccn->21)Cc1ccccn->31)<-[O-][O-]->4,[O-2]->[V+5]12345(<-O=C->1(O)CCN->2(Cc1ccccn->31)Cc1ccccn->41)<-[O-][O-]->5
QOMLOU,CC(=O)/C=C(\C)[O-]->[Ni@@+2]1(<-O=C(C)/C=C(/C)[O-]->1)<-[C]1N(c2c(C)cc(C)cc2C)C=CN1c1c(C)cc(C)cc1C,C31 H38 N2 Ni1 O4,0.0,fail,CC1=CC(C)=O->[Ni+2]2(<-O=C(C)C=C(C)[O-]->2)(<-[O-]1)<-[C]1N(c2c(C)cc(C)cc2C)C=CN1c1c(C)cc(C)cc1C,CC1=CC(C)=O->[Ni+2]2(<-O=C(C)C=C(C)[O-]->2)(<-[O-]1)<-[C]1N(c2c(C)cc(C)cc2C)C=CN1c1c(C)cc(C)cc1C
QONHEG,,C31 H34 Cl3 Nb1 O1,0.0,CC(C)(C)c1cc(C(C)(C)C)c(-c2ccccc2)c([O-]->[Nb+5]2345(<-[Cl-])(<-[Cl-])(<-[Cl-])<-c6c->2c->3[cH-]->4c->56)c1-c1ccccc1,CC(C)(C)c1cc(C(C)(C)C)c(-c2ccccc2)c([O-]->[Nb+5]2345(<-[Cl-])(<-[Cl-])(<-[Cl-])<-c6c->2c->3[cH-]->4c->56)c1-c1ccccc1,CC(C)(C)c1cc(C(C)(C)C)c(-c2ccccc2)c([O-]->[Nb+5]2(<-[Cl-])(<-[Cl-])(<-[Cl-])<-c3ccc[cH-]->23)c1-c1ccccc1
QOPGUY,,C19 H14 Cl2 Hg1 N2 O1,0.0,COc1ccccc1-c1ccc2ccc3cccn4->[Hg+2](<-[Cl-])(<-[Cl-])<-n1c2c34,COc1ccccc1-c1ccc2ccc3cccn4->[Hg+2](<-[Cl-])(<-[Cl-])<-n1c2c34,COc1ccccc1-c1ccc2ccc3cccnc3c2n1->[Hg+2](<-[Cl-])<-[Cl-]
QOPYID,CC1(C)c23->[Zr+4]456789%10(<-[Cl-])(<-[Cl-])(<-c2c->4[c-]->5([Si](C)(C)C)c->63)<-c23ccccc->72[c-]->81c->91ccccc->%1031,C24 H26 Cl2 Si1 Zr1,0.0,CC1(C)c23->[Zr+4]456789%10(<-[Cl-])(<-[Cl-])(<-c([cH-]->42)c->5([Si](C)(C)C)c->63)<-c23ccccc->72[c-]->81c->91ccccc->%1031,CC1(C)[c-]23->[Zr+4]456789%10(<-[Cl-])(<-[Cl-])(<-c(c->42)c->5([Si](C)(C)C)c->63)<-c23ccccc->72[c-]->81c->91ccccc->%1031,CC1(C)[c-]23->[Zr+4]456789%10(<-[Cl-])(<-[Cl-])(<-c(c->42)c->5([Si](C)(C)C)c->63)<-c23ccccc->72[c-]->81c->91ccccc->%1031
QORFIN,,C22 H35 O2 P1 Re1 1+,1.0,CC(C)(C)C1#C(C[P+](C)(C)C)->[Re+]<-12345(<-[C-]#[O+])(<-[C-]#[O+])<-c1(C)c->2(C)c->3(C)[c-]->4(C)c->51C,CC(C)(C)C1#C(C[P+](C)(C)C)->[Re+]<-12345(<-[C-]#[O+])(<-[C-]#[O+])<-c1(C)c->2(C)c->3(C)[c-]->4(C)c->51C,CC(C)(C)C1#C(C[P+](C)(C)C)->[Re+]<-12345(<-[C-]#[O+])(<-[C-]#[O+])<-c1(C)c->2(C)c->3(C)[c-]->4(C)c->51C
QOSFOU,[Cl-]->[Fe+2]123(<-[Cl-])<-c4ccccc4/C(c4ccccc4)=N->1/CC/N->2=C(\c1ccccc1)c1ccccc->31,C28 H24 Cl2 Fe1 N2,0.0,[Cl-]->[Fe+2]1(<-[Cl-])<-N(CCN->1=C(c1ccccc1)c1ccccc1)=C(c1ccccc1)c1ccccc1,[Cl-]->[Fe+2]1(<-[Cl-])<-N(CCN->1=C(c1ccccc1)c1ccccc1)=C(c1ccccc1)c1ccccc1,[Cl-]->[Fe+2]1(<-[Cl-])<-N(CCN->1=C(c1ccccc1)c1ccccc1)=C(c1ccccc1)c1ccccc1
QOTNES,CC1=CS#C(->[Mn+](<-[C-]#[O+])(<-[C-]#[O+])(<-[C-]#[O+])(<-[C-]#[O+])<-[C-]#[O+])N1,C9 H5 Mn1 N1 O5 S1 1+,1.0,CC1=CS[C](->[Mn+](<-[C-]#[O+])(<-[C-]#[O+])(<-[C-]#[O+])(<-[C-]#[O+])<-[C-]#[O+])N1,CC1=CS#C(->[Mn+](<-[C-]#[O+])(<-[C-]#[O+])(<-[C-]#[O+])(<-[C-]#[O+])<-[C-]#[O+])N1,CC1=CS#C(->[Mn+](<-[C-]#[O+])(<-[C-]#[O+])(<-[C-]#[O+])(<-[C-]#[O+])<-[C-]#[O+])N1
QOVPOG,CCC1=C(CC)C2/C=C3/C(CC)=C(CC)C4/C=C5/C(CC)=C(CC)C6/C=C7/C(CC)=C(CC)C(=O)[N-]7->[Pd@SP1+2](<-N=2C1=O)(<-N=43)<-N=65,C35 H43 N4 O2 Pd1 1+,1.0,CCC1=C(CC)C2C=C3C(CC)=C(CC)C4C=c5c(CC)c(CC)c6=CC7=N(->[Pd+2](<-N=2C1=O)(<-N=43)<-[n-]65)C(=O)C(CC)=C7CC,CCC1=C(CC)C2=CC3=N4->[Pd+4]5(<-[N-]2C1=O)<-[N-]1C(=O)C(CC)=C(CC)C1=Cc1c(CC)c(CC)c(C=C4C(CC)=C3CC)[n-]->51,CCC1=C(CC)C2=CC3=N4->[Pd+4]5(<-[N-]2C1=O)<-[N-]1C(=O)C(CC)=C(CC)C1=Cc1c(CC)c(CC)c(C=C4C(CC)=C3CC)[n-]->51
QOWWEF,CP(C)(C)->[Co+3]12(<-[CH3-])(<-[O-]C->1(=C1C=CC=C[N-]->21)c1ccccc1)<-P(C)(C)C,C19 H30 Co1 N1 O1 P2,0.0,CP(C)(C)->[Co+]1(<-[CH3-])(<-O=C(c2ccccc2)c2ccccn->12)<-P(C)(C)C,CP(C)(C)->[Co+3]1(<-[CH3-])(<-[O-]C(=C2C=CC=C[N-]->12)c1ccccc1)<-P(C)(C)C,CP(C)(C)->[Co+3]1(<-[CH3-])(<-[O-]C(=C2C=CC=C[N-]->12)c1ccccc1)<-P(C)(C)C
QOXZAG,C1=CC=C2/C(=N3->[Co@TB12+3]45<-N(=C6/C=CC=CC=C6[N-]->4CCCCC[N-]->52)/CCCCC\3)C=C1,C24 H30 Co1 N4 1+,1.0,C1=CC=C2C(=N3->[Co+3]45<-N(=C6C=CC=CC=C6[N-]->4CCCCC3)CCCCC[N-]->52)C=C1,C1=CC=C2C(=N3->[Co+3]45<-N(=C6C=CC=CC=C6[N-]->4CCCCC3)CCCCC[N-]->52)C=C1,C1=CC=C2C(=N3->[Co+3]45<-N(=C6C=CC=CC=C6[N-]->4CCCCC3)CCCCC[N-]->52)C=C1
QOZRIH,,C29 H36 Ir1 N4 1+,1.0,Cc1cccc(CN23Cc4cccc(C)n4->[Ir+]<-2456(<-C2=C->4CCC->5=C->6CC2)<-n2c(C)cccc2C3)n1,Cc1cccc(CN23Cc4cccc(C)n4->[Ir+]<-2456(<-C2=C->4CCC->5=C->6CC2)<-n2c(C)cccc2C3)n1,Cc1cccc(CN23Cc4cccc(C)n4->[Ir+]<-2456(<-C2=C->4CCC->5=C->6CC2)<-n2c(C)cccc2C3)n1
QUBHUS,,C28 H48 N1 P1 Si1 Zr1,0.0,fail,CCN(CC)[Si](C)(C)[CH-]1C2=C3C45->[Zr+2]<-2<-3<-16789%10%11(<-C1=C->6C->7=C->8[CH-]->9C->%10=C->%111)(<-C=4CC1CC5C1(C)C)<-P(C)(C)C,CCN(CC)[Si](C)(C)[CH-]1C2=C3C45->[Zr+2]<-2<-3<-16789%10%11(<-C1=C->6C->7=C->8[CH-]->9C->%10=C->%111)(<-C=4CC1CC5C1(C)C)<-P(C)(C)C
QUBVAL,C/C1c2cccc(-c3c(C)cccc3C)n2->[Cu+](<-[O-][n+]2ccc(Cl)cc2)<-N=1\c1c(C(C)C)cccc1C(C)C,C32 H36 Cl1 Cu1 N3 O1 1+,1.0,CC1c2cccc(-c3c(C)cccc3C)n2->[Cu](<-[O-][n+]2ccc(Cl)cc2)<-N=1c1c(C(C)C)cccc1C(C)C,CC1c2cccc(-c3c(C)cccc3C)n2->[Cu+](<-[O-][n+]2ccc(Cl)cc2)<-N=1c1c(C(C)C)cccc1C(C)C,CC1c2cccc(-c3c(C)cccc3C)n2->[Cu+](<-[O-][n+]2ccc(Cl)cc2)<-N=1c1c(C(C)C)cccc1C(C)C
QUDBUN,CCCOP([Se-])(OCCC)->[Fe+2]1234(<-[C-]#[O+])(<-[C-]#[O+])<-c5c->1c->2[cH-]->3c->45,C13 H19 Fe1 O4 P1 Se1,0.0,CCCO[PH](=[Se])(OCCC)->[Fe+]1234(<-[C-]#[O+])(<-[C-]#[O+])<-c5c->1c->2[cH-]->3c->45,CCCOP([Se-])(OCCC)->[Fe+2]1234(<-[C-]#[O+])(<-[C-]#[O+])<-c5c->1c->2[cH-]->3c->45,CCCOP([Se-])(OCCC)->[Fe+2]1234(<-[C-]#[O+])(<-[C-]#[O+])<-c5c->1c->2[cH-]->3c->45
QUGFUV,,C26 H32 Fe1 N2 P2,0.0,CP(C)(C)->[Fe+2]123(<-[C-](=Cc4ccccn->14)c1ccccc1[C-]->2=Cc1ccccn->31)<-P(C)(C)C,CP(C)(C)->[Fe]123(<-C(=Cc4ccccn->14)=c1ccccc1=C->2=Cc1ccccn->31)<-P(C)(C)C,CP(C)(C)->[Fe]123(<-C(=Cc4ccccn->14)=c1ccccc1=C->2=Cc1ccccn->31)<-P(C)(C)C
QUGNAI,CC(C)(C)P1(CC[c-]23->[Ni+2]<-145(<-[CH3-])<-c(c->42)c->51ccccc13)C(C)(C)C,C20 H31 Ni1 P1,0.0,CC(C)(C)P1(CCc23->[Ni+2]<-1456(<-[CH3-])<-c([cH-]->42)c->51ccccc->631)C(C)(C)C,CC(C)(C)P1(CC[c-]23->[Ni+2]<-1456(<-[CH3-])<-c(c->42)c->51ccccc->613)C(C)(C)C,CC(C)(C)P1(CC[c-]23->[Ni+2]<-1456(<-[CH3-])<-c(c->42)c->51ccccc->613)C(C)(C)C
QUHPOA,CP(c1ccccc1)(c1ccccc1)=[N+](CCc1ccccc1)P(->[Au+]<-[Cl-])(c1ccccc1)c1ccccc1,C33 H32 Au1 Cl1 N1 P2 1+,1.0,C[P+](c1ccccc1)(c1ccccc1)N(CCc1ccccc1)P(->[Au+]<-[Cl-])(c1ccccc1)c1ccccc1,CP(c1ccccc1)(c1ccccc1)=[N+](CCc1ccccc1)P(->[Au+]<-[Cl-])(c1ccccc1)c1ccccc1,CP(c1ccccc1)(c1ccccc1)=[N+](CCc1ccccc1)P(->[Au+]<-[Cl-])(c1ccccc1)c1ccccc1
QUKTEW,CC(C)C[C@H]1CN23Cc4ccccn4->[Fe+2]<-24(<-O=S(=O)([O-]->4)C(F)(F)F)(<-[O-]S(=O)(=O)C(F)(F)F)<-n2ccccc2CN1C[C@@H]3CC(C)C,C26 H36 F6 Fe1 N4 O6 S2,0.0,CC(C)CC1CN23Cc4ccccn4->[Fe+2]<-24(<-[O-]S(=O)(=O)C(F)(F)F)(<-[O-]S(=O)(=O)C(F)(F)F)<-n2ccccc2CN->41CC3CC(C)C,CC(C)CC1CN23Cc4ccccn4->[Fe+2]<-24(<-[O-]S(=O)(=O)C(F)(F)F)(<-[O-]S(=O)(=O)C(F)(F)F)<-n2ccccc2CN->41CC3CC(C)C,CC(C)CC1CN23Cc4ccccn4->[Fe+2]<-24(<-O=S(=O)([O-]->4)C(F)(F)F)(<-[O-]S(=O)(=O)C(F)(F)F)<-n2ccccc2CN1CC3CC(C)C
QUMMAO,CC(C)(C)P1(CCP(C(C)(C)C)(C(C)(C)C)->[Pd]<-12<-C=C->2C(=O)O)C(C)(C)C,C21 H44 O2 P2 Pd1,0.0,CC(C)(C)P1(CCP(C(C)(C)C)(C(C)(C)C)->[Pd]<-12<-C=C->2C(=O)O)C(C)(C)C,CC(C)(C)P1(CCP(C(C)(C)C)(C(C)(C)C)->[Pd]<-12<-C=C->2C(=O)O)C(C)(C)C,CC(C)(C)P1(CCP(C(C)(C)C)(C(C)(C)C)->[Pd]<-123<-C=C->2C->3(=O)O)C(C)(C)C
QUNVEA,[H]/C=[C-](/C=C)->[Os+2](<-[C-]#[O+])(<-[C-]#[O+])(<-[O-]C(C)=O)(<-P(C(C)C)(C(C)C)C(C)C)<-P(C(C)C)(C(C)C)C(C)C,C26 H50 O4 Os1 P2,0.0,C=C[C-](=C)->[Os+2](<-[C-]#[O+])(<-[C-]#[O+])(<-[O-]C(C)=O)(<-P(C(C)C)(C(C)C)C(C)C)<-P(C(C)C)(C(C)C)C(C)C,C=C[C-](=C)->[Os+2](<-[C-]#[O+])(<-[C-]#[O+])(<-[O-]C(C)=O)(<-P(C(C)C)(C(C)C)C(C)C)<-P(C(C)C)(C(C)C)C(C)C,C=C[C-](=C)->[Os+2]1(<-[C-]#[O+])(<-O=C(C)O[C-]->1=O)(<-P(C(C)C)(C(C)C)C(C)C)<-P(C(C)C)(C(C)C)C(C)C
QUQJUJ,,C34 H36 N6 Ni1 O8,0.0,CN(C)C=O->[Ni+2]12(<-O=CN(C)C)(<-[O-]c3ccc([N+](=O)[O-])cc3C=N->1Cc1ccccc1)<-[O-]c1ccc([N+](=O)[O-])cc1C=N->2Cc1ccccc1,CN(C)C=O->[Ni+2]12(<-O=CN(C)C)(<-[O-]c3ccc([N+](=O)[O-])cc3C=N->1Cc1ccccc1)<-[O-]c1ccc([N+](=O)[O-])cc1C=N->2Cc1ccccc1,CN(C)C=O.CN(C)C=O.O=[N+]([O-])c1ccc2c(c1)C=N(Cc1ccccc1)->[Ni+2]1(<-[O-]2)<-[O-]c2ccc([N+](=O)[O-])cc2C=N->1Cc1ccccc1
QURSED,[CH3-]->[Pt@+2]1(<-[C]2C=CC=CN2c2ccccn->12)<-P(c1ccccc1)(c1ccccc1)c1ccccc1,C29 H26 N2 P1 Pt1 1+,1.0,[CH3-]->[Pt+2]1(<-[C]2C=CC=CN2c2ccccn->12)<-P(c1ccccc1)(c1ccccc1)c1ccccc1,[CH3-]->[Pt+2]1(<-[C]2C=CC=CN2c2ccccn->12)<-P(c1ccccc1)(c1ccccc1)c1ccccc1,[CH3-]->[Pt+2]1(<-[C]2C=CC=CN2c2ccccn->12)<-P(c1ccccc1)(c1ccccc1)c1ccccc1
QUSTUV,,C24 H18 N3 O5 V1,0.0,CC1c2ccccc2[O-]->[V+5]23(<-[O-2])(<-[O-]C(=NN->2=1)c1ccccc1O)<-[O-]c1cccc2cccn->3c12,CC1c2ccccc2[O-]->[V+5]23(<-[O-2])(<-[O-]C(=NN->2=1)c1ccccc1O)<-[O-]c1cccc2cccn->3c12,CC1c2ccccc2[O-]->[V+5]23(<-[O-2])(<-[O-]C(=NN->2=1)c1ccccc1O)<-[O-]c1cccc2cccn->3c12
QUTNUO,[Br-]->[Au+]<-[Se]=P(C1CCCCC1)(C1CCCCC1)C1CCCCC1,C18 H33 Au1 Br1 P1 Se1,0.0,[Br-]->[Au+2]<-[Se-][P](C1CCCCC1)(C1CCCCC1)C1CCCCC1,[Br-]->[Au+]<-[Se]=P(C1CCCCC1)(C1CCCCC1)C1CCCCC1,[Br-]->[Au+]<-[Se]=P(C1CCCCC1)(C1CCCCC1)C1CCCCC1
QUWBAN,COc1ccc2c(OC)ccc(/C3=C4\C=CC5=N4->[Cu@SP1+]46<-N7=C3C=C/C7=C(\c3ccc(C#N)cc3)C3=N->4/C(=c4/cc/c([n-]->64)=C/5c4ccc(C#N)cc4)C=C3)c2c1,C45 H27 Cu1 N6 O2,0.0,COc1ccc2c(OC)ccc(-c3c4ccc5c(-c6ccc(C#N)cc6)c6n7->[Cu+3]8(<-[n-]54)<-[n-]4c3ccc4c(-c3ccc(C#N)cc3)c3ccc(c7C=C6)[n-]->83)c2c1,COc1ccc2c(OC)ccc(-c3c4ccc5c(-c6ccc(C#N)cc6)c6n7->[Cu+3]8(<-[n-]54)<-[n-]4c3ccc4c(-c3ccc(C#N)cc3)c3ccc(c7C=C6)[n-]->83)c2c1,COc1ccc2c(OC)ccc(-c3c4ccc5c(-c6ccc(C#N)cc6)c6n7->[Cu+3]8(<-[n-]54)<-[n-]4c3ccc4c(-c3ccc(C#N)cc3)c3ccc(c7C=C6)[n-]->83)c2c1
QUWVEK,Nc1ccc([N+](=O)[O-])cc1C(=O)[O-]->[Ag+]<-[O-]C(=O)c1cc([N+](=O)[O-])ccc1N,C14 H10 Ag1 N4 O8 1-,-1.0,fail,Nc1ccc([N+](=O)[O-])cc1C(=O)[O-]->[Ag+]<-[O-]C(=O)c1cc([N+](=O)[O-])ccc1N,Nc1ccc([N+](=O)[O-])cc1C1=O->[Ag+]2(<-O=C([O-]->2)c2cc([N+](=O)[O-])ccc2N)<-[O-]1
QUZPEI,CC(C)P1(c2c3c(s/c2=[C-]2\c4sc5ccccc5c4P(C(C)C)(C(C)C)->[Ir@OH23+3]<-2<-1<-[OH-])=C[CH-]C=C3)C(C)C,C29 H37 Ir1 O1 P2 S2,0.0,CC(C)P1(c2c([C-]3c4sc5ccccc5c4P(C(C)C)(C(C)C)->[Ir+2]<-3<-1<-[OH-])sc1ccccc21)C(C)C,CC(C)P1(c2c([C]3c4sc5ccccc5c4P(C(C)C)(C(C)C)->[Ir+]<-3<-1<-[OH-])sc1ccccc21)C(C)C,CC(C)P1(c2c([C]3c4sc5ccccc5c4P(C(C)C)(C(C)C)->[Ir+]<-3<-1<-[OH-])sc1ccccc21)C(C)C
RABLIL,,C22 H18 F12 Mo1 O4 S1,0.0,COC(=O)C1=C(C(F)(F)F)C2(C(F)(F)F)=C3([CH-](C(F)(F)F)->[Mo+3]<-2<-345678(<-c2c->4c->5[cH-]->6c->72)<-S(C(C)C)[C-]->81C(=O)OC)C(F)(F)F,COC(=O)C1C(C(F)(F)F)=C2(C(F)(F)F)C3(=[C-](C(F)(F)F)->[Mo+2]<-2<-345678(<-c2c->4c->5[cH-]->6c->72)<-S(C(C)C)C->8=1C(=O)OC)C(F)(F)F,COC(=O)C1C(C(F)(F)F)=C2(C(F)(F)F)C3(=[C-](C(F)(F)F)->[Mo+2]<-2<-345678(<-c2c->4c->5[cH-]->6c->72)<-S(C(C)C)C->8=1C(=O)OC)C(F)(F)F
RACHOV,O=[N+]1[O-]->[Ni+2]23(<-[O-]1)<-n1c(-c4ccccc4)ccn1[BH-](n1ccc(-c4ccccc4)n->21)n1ccc(-c2ccccc2)n->31,C27 H22 B1 N7 Ni1 O3,0.0,O=[N+]1[O-]->[Ni+2]23(<-[O-]1)<-n1c(-c4ccccc4)ccn1[BH-](n1ccc(-c4ccccc4)n->21)n1ccc(-c2ccccc2)n->31,O=[N+]1[O-]->[Ni+2]23(<-[O-]1)<-n1c(-c4ccccc4)ccn1[BH-](n1ccc(-c4ccccc4)n->21)n1ccc(-c2ccccc2)n->31,O=[N+]12[O-]->[Ni+2]<-134(<-[O-]2)<-n1c(-c2ccccc2)ccn1[BH-](n1ccc(-c2ccccc2)n->31)n1ccc(-c2ccccc2)n->41
RACPOC,CO[C](c1cnc(-c2ccccc2)s1)->[W](<-[C-]#[O+])(<-[C-]#[O+])(<-[C-]#[O+])(<-[C-]#[O+])<-[C-]#[O+],C16 H9 N1 O6 S1 W1,0.0,CO[C-2](c1cnc(-c2ccccc2)s1)->[W+2](<-[C-]#[O+])(<-[C-]#[O+])(<-[C-]#[O+])(<-[C-]#[O+])<-[C-]#[O+],CO[C](c1cnc(-c2ccccc2)s1)->[W](<-[C-]#[O+])(<-[C-]#[O+])(<-[C-]#[O+])(<-[C-]#[O+])<-[C-]#[O+],CO[C](c1cnc(-c2ccccc2)s1)->[W](<-[C-]#[O+])(<-[C-]#[O+])(<-[C-]#[O+])(<-[C-]#[O+])<-[C-]#[O+]
RACZIF,O->[Ag+]1<-O=C([O-]->1)c1ccc(Cl)cc1,C7 H6 Ag1 Cl1 O3,0.0,O=C([O-]->[Ag+]<-O)c1ccc(Cl)cc1,O=C([O-]->[Ag+]<-O)c1ccc(Cl)cc1,O->[Ag+]12<-O=C->1([O-]->2)c1ccc(Cl)cc1
RADPIW,[O+]#[C-]->[Re+]1(<-[Br-])(<-[C-]#[O+])(<-[C-]#[O+])<-N(=N\c2ccccn->12)/c1ccccn1,C13 H8 Br1 N4 O3 Re1,0.0,[O+]#[C-]->[Re+]1(<-[Br-])(<-[C-]#[O+])(<-[C-]#[O+])<-N(=Nc2ccccn->12)c1ccccn1,[O+]#[C-]->[Re+3]1(<-[Br-])(<-[C-]#[O+])(<-[C-]#[O+])<-[N-](N=c2cccc[n-]->12)c1ccccn1,[O+]#[C-]->[Re+3]1(<-[Br-])(<-[C-]#[O+])(<-[C-]#[O+])<-[N-](N=c2cccc[n-]->12)c1ccccn1
RAFJAK,CCOC1=O->[Fe+2]2345(<-[Cl-])(<-[Cl-])<-N(c6c(CC)cccc6CC)=C->2(C)c->32cccc->41n->52,C20 H24 Cl2 Fe1 N2 O2,0.0,CCOC(=O)c1cccc2C(C)=N(c3c(CC)cccc3CC)->[Fe+2](<-[Cl-])(<-[Cl-])<-n12,CCOC1=O->[Fe+2]2(<-[Cl-])(<-[Cl-])<-N(=C(C)c3cccc1n->23)c1c(CC)cccc1CC,CCOC1=O->[Fe+2]2(<-[Cl-])(<-[Cl-])<-N(=C(C)c3cccc1n->23)c1c(CC)cccc1CC
RAGBAC,CN1(C)Cc2cccc[c-]2->[Au+3]<-12<-[S-]/C(C#N)=C(/C#N)[S-]->2,C13 H12 Au1 N3 S2,0.0,CN1(C)Cc2cccc[c-]2->[Au+3]<-12<-[S-]C(C#N)=C(C#N)[S-]->2,CN1(C)Cc2cccc[c-]2->[Au+3]<-12<-[S-]C(C#N)=C(C#N)[S-]->2,CN1(C)Cc2cccc[c-]2->[Au+3]<-12<-[S-]C(C#N)=C(C#N)[S-]->2
RAGSIB,[Cl-]->[Au+]<-S=P(c1ccccc1)(c1ccccc1)c1ccccn1,C17 H14 Au1 Cl1 N1 P1 S1,0.0,[Cl-]->[Au+2]<-[S-][P](c1ccccc1)(c1ccccc1)c1ccccn1,[Cl-]->[Au+]<-S=P(c1ccccc1)(c1ccccc1)c1ccccn1,[Cl-]->[Au+]1<-S=P->1(c1ccccc1)(c1ccccc1)c1ccccn1
RAJMAR,,C10 H8 Cl2 Hg1 N2 O2,0.0,[Cl-]->[Hg]1(<-[Cl-])<-[O-][n+]2ccccc2-c2cccc[n+]2[O-]->1,O=[N+]1C=CC=CC1=C1C=CC=CN1[O-].[Cl-]->[Hg+2]<-[Cl-],[Cl-]->[Hg+4]1(<-[Cl-])<-[O-]N2C=CC=CC2=C2C=CC=CN2[O-]->1
RAJXIJ,CC(C)(C)C1=[C-]2->[Ti+4]3456789%10%11(<-[C-](C(C)(C)C)=C->32[Si]1(C)C)(<-c1c->4c->5(C)[cH-]->6c->71C)<-c1c->8c->9(C)[cH-]->%10c->%111C,C28 H42 Si1 Ti1,0.0,CC(C)(C)C1=[C-]2->[Ti+4]3456789%10(<-[C-](=C2[Si]1(C)C)C(C)(C)C)(<-c1[cH-]->3c->4(C)c->5c->61C)<-c1[cH-]->7c->8(C)c->9c->%101C,CC(C)(C)C1=C2->[Ti+2]3456789%10%11(<-[C](C(C)(C)C)C->3=2[Si]1(C)C)(<-c1c->4[c-]->5(C)c->6c->71C)<-c1c->8[c-]->9(C)c->%10c->%111C,CC(C)(C)C1=C2->[Ti+2]3456789%10%11(<-[C](C(C)(C)C)C->3=2[Si]1(C)C)(<-c1c->4[c-]->5(C)c->6c->71C)<-c1c->8[c-]->9(C)c->%10c->%111C
RAKPUR,Cc1cc(C)n2->[Nb+5]34(<-[C-](/C)=[C-]->3/C)(<-[c-]3ccco3)(<-[CH-]3CC3)<-n3c(C)cc(C)n3[BH-](n12)n1c(C)cc(C)n->41,C26 H36 B1 N6 Nb1 O1,0.0,Cc1cc(C)[n-]2->[Nb+3]34(<-C(C)#C->3C)(<-[c-]3ccco3)(<-[CH-]3CC3)<-[n-]3c(C)cc(C)[n+]3[BH-]([n+]12)[n+]1c(C)cc(C)[n-]->41,Cc1cc(C)n2->[Nb+3]34(<-C(C)#C->3C)(<-[c-]3ccco3)(<-[CH-]3CC3)<-n3c(C)cc(C)n3[BH-](n12)n1c(C)cc(C)n->41,Cc1cc(C)n2->[Nb+3]34(<-C(C)#C->3C)(<-[c-]3ccco3)(<-[CH-]3CC3)<-n3c(C)cc(C)n3[BH-](n12)n1c(C)cc(C)n->41
RALGUG,,C24 H33 Br2 N1 P3 Re1,0.0,CP(C)(c1ccccc1)->[Re+5](<-[N-3])(<-[Br-])(<-[Br-])(<-P(C)(C)c1ccccc1)<-P(C)(C)c1ccccc1,CP(C)(c1ccccc1)->[Re+5](<-[N-3])(<-[Br-])(<-[Br-])(<-P(C)(C)c1ccccc1)<-P(C)(C)c1ccccc1,CP(C)(c1ccccc1)->[Re+5](<-[N-3])(<-[Br-])(<-[Br-])(<-P(C)(C)c1ccccc1)<-P(C)(C)c1ccccc1
RALXUX,,C17 H26 Cl1 N1 O2 W1,0.0,CCN([CH]->[W+2]1234(<-[Cl-])(<-[C-]#[O+])(<-[C-]#[O+])<-c5(C)c->1(C)c->2(C)[c-]->3(C)c->45C)CC,CCN([CH]->[W+2]1234(<-[Cl-])(<-[C-]#[O+])(<-[C-]#[O+])<-c5(C)c->1(C)c->2(C)[c-]->3(C)c->45C)CC,CCN([CH]->[W+2]1234(<-[Cl-])(<-[C-]#[O+])(<-[C-]#[O+])<-c5(C)c->1(C)c->2(C)[c-]->3(C)c->45C)CC
RAMFOC,CN(C)CC/N1=C2\C=CC=C\C2=C2/OCC(C)(C)[N-]2->[Zn+2]<-12<-N(/CCN(C)C)=C1/C=CC=C/C1=C1\OCC(C)(C)[N-]->21,C30 H44 N6 O2 Zn1,0.0,CN(C)CC[N-]1c2ccccc2C2=N(->[Zn+2]<-13<-N1=C(c4ccccc4[N-]->3CCN(C)C)OCC1(C)C)C(C)(C)CO2,CN(C)CCN1=C2C=CC=CC2=C2OCC(C)(C)[N-]2->[Zn+2]<-12<-N(CCN(C)C)=C1C=CC=CC1=C1OCC(C)(C)[N-]->21,CN(C)CCN1=C2C=CC=CC2=C2OCC(C)(C)[N-]2->[Zn+2]<-12<-N(CCN(C)C)=C1C=CC=CC1=C1OCC(C)(C)[N-]->21
RAMNOL,CC(C)OP1(OC(C)C)=S->[Ni+2]2(<-[S-]1)<-P(CC[P@TB16]->2(c1ccccc1)c1ccccc1)(c1ccccc1)c1ccccc1,C32 H38 Ni1 O2 P3 S2 1+,1.0,CC(C)O[PH]1(OC(C)C)=S->[Ni+]2(<-S=1)<-P(CCP->2(c1ccccc1)c1ccccc1)(c1ccccc1)c1ccccc1,CC(C)OP1(OC(C)C)=S->[Ni+2]2(<-[S-]1)<-P(CCP->2(c1ccccc1)c1ccccc1)(c1ccccc1)c1ccccc1,CC(C)OP12(OC(C)C)=S->[Ni+2]<-13(<-[S-]2)<-P(CCP->3(c1ccccc1)c1ccccc1)(c1ccccc1)c1ccccc1
RANJIA,CC(C)P1(CCN23CCP(C(C)C)(C(C)C)->[Fe+2]<-2<-1(<-[Cl-])<-P(CC3)(C(C)C)C(C)C)C(C)C,C24 H54 Cl1 Fe1 N1 P3 1+,1.0,CC(C)P1(CCN2CCP(C(C)C)(C(C)C)->[Fe+2]<-1(<-[Cl-])<-P(CC2)(C(C)C)C(C)C)C(C)C,CC(C)P1(CCN2CCP(C(C)C)(C(C)C)->[Fe+2]<-1(<-[Cl-])<-P(CC2)(C(C)C)C(C)C)C(C)C,CC(C)P1(CCN23CCP(C(C)C)(C(C)C)->[Fe+2]<-2<-1(<-[Cl-])<-P(CC3)(C(C)C)C(C)C)C(C)C
RAPHIB,CC(C)(C)P1(NCCC[N-]2P(C(C)(C)C)(C(C)(C)C)->[Ni@TB10+2]<-2<-1<-[Cl-])C(C)(C)C,C19 H43 Cl1 N2 Ni1 P2,0.0,CC(C)(C)P1(NCCC[N-]2P(C(C)(C)C)(C(C)(C)C)->[Ni+2]<-2<-1<-[Cl-])C(C)(C)C,CC(C)(C)P1(NCCC[N-]2P(C(C)(C)C)(C(C)(C)C)->[Ni+2]<-2<-1<-[Cl-])C(C)(C)C,CC(C)(C)P1(NCCC[N-]2P(C(C)(C)C)(C(C)(C)C)->[Ni+2]<-2<-1<-[Cl-])C(C)(C)C
RAPTIO,,C33 H32 Br1 Fe1 N1 O4 S1,0.0,fail,COc1ccccn1->[Fe+2](<-[Br-])(<-[C-]#[O+])(<-[C-]#[O+])(<-[C-]#[O+])<-[S-]c1c(-c2c(C)cc(C)cc2C)cccc1-c1c(C)cc(C)cc1C,COc1ccccn1->[Fe+2](<-[Br-])(<-[C-]#[O+])(<-[C-]#[O+])<-[C-](=O)Sc1c(-c2c(C)cc(C)cc2C)cccc1-c1c(C)cc(C)cc1C
RAQKAX,CC(C)c12->[Os+2]34567(<-[Cl-])(<-c(c->31)c->4(C)c->5c->62)<-n1nc2[nH]cccc-2c1-c1[nH]c2ccccc2n->71,C23 H23 Cl1 N5 Os1 1+,1.0,fail,CC(C)c12->[Os+2]34567(<-[Cl-])(<-c(c->31)c->4(C)c->5c->62)<-n1nc2[nH]cccc-2c1-c1[nH]c2ccccc2n->71,Cc1ccc2(C(C)C)->[Os+2]34(<-[Cl-])(<-c1c->32)<-n1nc2[nH]cccc-2c1-c1[nH]c2ccccc2n->41
RARFUM,CC(C)c1cccc(C(C)C)c1[N-](c1ccccc1P(c1ccccc1)c1ccccc1)->[Zr+4](<-[Cl-])(<-[Cl-])(<-[Cl-])<-O1CCCC1,C34 H39 Cl3 N1 O1 P1 Zr1,0.0,CC(C)c1cccc(C(C)C)c1[N-]1c2ccccc2P(c2ccccc2)(c2ccccc2)->[Zr+4]<-1(<-[Cl-])(<-[Cl-])(<-[Cl-])<-O1CCCC1,CC(C)c1cccc(C(C)C)c1[N-]1c2ccccc2P(c2ccccc2)(c2ccccc2)->[Zr+4]<-1(<-[Cl-])(<-[Cl-])(<-[Cl-])<-O1CCCC1,CC(C)c1cccc(C(C)C)c1[N-]1c2ccccc2P(c2ccccc2)(c2ccccc2)->[Zr+4]<-1(<-[Cl-])(<-[Cl-])(<-[Cl-])<-O1CCCC1
RARXOY,Cc1cc(C)n2->[Y+3](<-[Cl-])(<-[Cl-])(<-[Cl-])<-n3c(C)cc(C)n3C(C(=S)[S-])n12,C12 H15 Cl3 N4 S2 Y1 1-,-1.0,Cc1cc(C)n2->[Y+3]3(<-[Cl-])(<-[Cl-])(<-[Cl-])<-[S-]C(=S)C(n12)n1c(C)cc(C)n->31,Cc1cc(C)n2->[Y+3]3(<-[Cl-])(<-[Cl-])(<-[Cl-])<-[S-]C(=S)C(n12)n1c(C)cc(C)n->31,Cc1cc(C)n2->[Y+3]3(<-[Cl-])(<-[Cl-])(<-[Cl-])<-[S-]C(=S)C(n12)n1c(C)cc(C)n->31
RASZUI,CC(C)N(C(C)C)P(N(C(C)C)C(C)C)[P-]1[c-]23->[Mo+4]<-1456789%10(<-c1c->4c->5[cH-]->6c->71)(<-c(c->8c->92)c->%103)<-[Si-](C)(C)C,C25 H46 Mo1 N2 P2 Si1,0.0,fail,CC(C)N(C(C)C)P(N(C(C)C)C(C)C)P1=C23->[Mo+2]<-1456789%10(<-C(=C->42)C->5=C->63)(<-c1c->7c->8[cH-]->9c->%101)<-[Si-](C)(C)C,CC(C)N(C(C)C)P(P=C12->[Mo+2]3456789(<-C(=C->31)C->4=C->52)(<-c1c->6c->7[cH-]->8c->91)<-[Si-](C)(C)C)N(C(C)C)C(C)C
RATRUA,,C11 H12 Cr1 O3 S2,0.0,fail,CC(C)OC1=S->[Cr+2]2345(<-[C-]#[O+])(<-[C-]#[O+])(<-[S-]1)<-c1c->2c->3[cH-]->4c->51,CC(C)OC1=S->[Cr+4]23456(<-[S-]1)(<-[C-](=O)[C-]->2=O)<-c1c->3c->4[cH-]->5c->61
RATXOZ,,C25 H28 Cl2 Hf1,0.0,Cc1ccc23->[Hf+4]456789%10(<-[Cl-])(<-[Cl-])(<-[cH-](c->42c1)c->51cc(C)ccc->613)<-c1(C)c->7(C)c->8(C)[c-]->9(C)c->%101C,Cc1ccc23->[Hf+4]456789%10(<-[Cl-])(<-[Cl-])(<-[cH-](c->42c1)c->51cc(C)ccc->613)<-c1(C)c->7(C)c->8(C)[c-]->9(C)c->%101C,Cc1ccc2c3ccc(C)cc34->[Hf+4]35678(<-[Cl-])(<-[Cl-])(<-[cH-]4c->32c1)<-c1(C)c->5(C)c->6(C)[c-]->7(C)c->81C
RAWLAC,,C34 H43 B1 N7 O1 W1 1+,1.0,Cc1cc(C)[n-]2->[W+2]34(<-[C-]#[O+])(<-NCC(C)c5ccccc5)(<-C(C)#C->3c3ccccc3)<-[n-]3c(C)cc(C)[n+]3[BH-]([n+]12)[n+]1c(C)cc(C)[n-]->41,Cc1cc(C)n2->[W+2]34(<-[C-]#[O+])(<-N=CC(C)c5ccccc5)(<-C(C)#C->3c3ccccc3)<-n3c(C)cc(C)n3[BH-](n12)n1c(C)cc(C)n->41,Cc1cc(C)n2->[W+2]34(<-[C-]#[O+])(<-N=CC(C)c5ccccc5)(<-C(C)#C->3c3ccccc3)<-n3c(C)cc(C)n3[BH-](n12)n1c(C)cc(C)n->41
RAWXUI,[O+]#[C-]->[Cu+]12<-n3c(C(F)(F)C(F)(F)F)ccn3[BH-](n3ccc(C(F)(F)C(F)(F)F)n->13)n1ccc(C(F)(F)C(F)(F)F)n->21,C16 H7 B1 Cu1 F15 N6 O1,0.0,[O+]#[C-]->[Cu+]12<-[n-]3c(C(F)(F)C(F)(F)F)cc[n+]3[BH-]([n+]3ccc(C(F)(F)C(F)(F)F)[n-]->13)[n+]1ccc(C(F)(F)C(F)(F)F)[n-]->21,[O+]#[C-]->[Cu+]12<-n3c(C(F)(F)C(F)(F)F)ccn3[BH-](n3ccc(C(F)(F)C(F)(F)F)n->13)n1ccc(C(F)(F)C(F)(F)F)n->21,[O+]#[C-]->[Cu+]12<-n3c(C(F)(F)C(F)(F)F)ccn3[BH-](n3ccc(C(F)(F)C(F)(F)F)n->13)n1ccc(C(F)(F)C(F)(F)F)n->21
RAYBOK,O=C(Nc1ccccc1)[CH-]1N2C=CN(Cc3ccc(F)cc3)C2=C->[Pd@+2]<-1(<-[Cl-])<-[P@TB3](c1ccccc1)(c1ccccc1)c1ccccc1,C37 H32 Cl1 F1 N3 O1 P1 Pd1,0.0,O=C(Nc1ccccc1)[CH-]1[n+]2ccn(Cc3ccc(F)cc3)c2[CH2-]->[Pd+2]<-1(<-[Cl-])<-P(c1ccccc1)(c1ccccc1)c1ccccc1,O=C(Nc1ccccc1)C1=[n+]2ccn(Cc3ccc(F)cc3)c2=C->[Pd]<-1(<-[Cl-])<-P(c1ccccc1)(c1ccccc1)c1ccccc1,O=C(Nc1ccccc1)C1=[n+]2ccn(Cc3ccc(F)cc3)c2=C->[Pd]<-1(<-[Cl-])<-P(c1ccccc1)(c1ccccc1)c1ccccc1
RAYPAL,,C29 H39 Ir1 N1 O2 P1,0.0,fail,CC1=CC(C)=O->[IrH+2]2(<-[O-]1)(<-[c-]1ccccc1-c1ccc3ccccc3n->21)<-P(C(C)C)(C(C)C)C(C)C,CC1=CC(C)=O->[IrH+2]2(<-[O-]1)(<-[c-]1ccccc1-c1ccc3ccccc3n->21)<-P(C(C)C)(C(C)C)C(C)C
RAYZEY,[CH3-]->[Pt+4]1(<-[CH3-])(<-[CH3-])(<-O)<-O=C(/C=C(\[O-]->1)C(F)(F)F)C(F)(F)F,C8 H12 F6 O3 Pt1,0.0,fail,[CH3-]->[Pt+4]1(<-[CH3-])(<-[CH3-])(<-O)<-O=C(C=C([O-]->1)C(F)(F)F)C(F)(F)F,[CH3-]->[Pt+4]1(<-[CH3-])(<-[CH3-])(<-O)<-O=C(C=C([O-]->1)C(F)(F)F)C(F)(F)F
RAZDUT,[O-2]->[Re+5]1(<-[Cl-])(<-[Cl-])(<-N=C2C=CC=C/C2=C2\Sc3ccccc3[N-]->12)<-O=P(c1ccccc1)(c1ccccc1)c1ccccc1,C31 H24 Cl2 N2 O2 P1 Re1 S1,0.0,[O-2]->[Re+5]1(<-[Cl-])(<-[Cl-])(<-[NH-]c2ccccc2-c2sc3ccccc3n->12)<-O=P(c1ccccc1)(c1ccccc1)c1ccccc1,[O-2]->[Re+5]1(<-[Cl-])(<-[Cl-])(<-N=C2C=CC=CC2=C2Sc3ccccc3[N-]->12)<-O=P(c1ccccc1)(c1ccccc1)c1ccccc1,[O-2]->[Re+5]1(<-[Cl-])(<-[Cl-])(<-N=C2C=CC=CC2=C2Sc3ccccc3[N-]->12)<-O=P(c1ccccc1)(c1ccccc1)c1ccccc1
RAZNUC,C/C1c2[nH]c3ccccc3n2->[Ni]2(<-N=1\NC(N)=S)<-N(/NC(N)=S)=C(/C)c1[nH]c3ccccc3n->21,C20 H22 N10 Ni1 S2,0.0,CC1c2[nH]c3ccccc3n2->[Ni]234(<-S=C(N)NN->2=1)<-S=C(N)NN->3=C(C)c1[nH]c2ccccc2n->41,CC1c2[nH]c3ccccc3n2->[Ni]234(<-S=C(N)NN->2=1)<-S=C(N)NN->3=C(C)c1[nH]c2ccccc2n->41,CC1c2[nH]c3ccccc3n2->[Ni]2(<-N=1NC(N)=S)<-N(NC(N)=S)=C(C)c1[nH]c3ccccc3n->21
REBZEG,,C25 H44 B1 Ir1 P2 Si1,0.0,CC(C)P1(c2ccccc2[Si-]2(C)c3ccccc3P(C(C)C)(C(C)C)->[IrH+2]<-2<-13<-[H][BH2-][H]->3)C(C)C,[BH2+]->[IrH3]12<-[Si-](C)(c3ccccc3P->1(C(C)C)C(C)C)c1ccccc1P->2(C(C)C)C(C)C,B->[IrH2+]12<-[Si-](C)(c3ccccc3P->1(C(C)C)C(C)C)c1ccccc1P->2(C(C)C)C(C)C
RECHIS,CP(C)(C)->[Zr+4]123456789(<-C(=C=C=C%10C=C[CH-]C=C%10)=[C-]->1c1ccccc1)(<-c1c->2c->3[cH-]->4c->51)<-c1c->6c->7[cH-]->8c->91,C29 H29 P1 Zr1,0.0,CP(C)(C)->[Zr+2]123456789(<-C(C#Cc%10ccccc%10)#C->1c1ccccc1)(<-c1c->2c->3[cH-]->4c->51)<-c1c->6c->7[cH-]->8c->91,CP(C)(C)->[Zr+2]123456789(<-C(C#Cc%10ccccc%10)#C->1c1ccccc1)(<-c1c->2c->3[cH-]->4c->51)<-c1c->6c->7[cH-]->8c->91,CP(C)(C)->[Zr+2]123456789(<-C(C#Cc%10ccccc%10)#C->1c1ccccc1)(<-c1c->2c->3[cH-]->4c->51)<-c1c->6c->7[cH-]->8c->91
RECZEG,C1=Cc2cccc3ccc4[O-]->[Ru+2]56(<-O=C1c4c23)(<-N(=N\c1ccccn->51)/c1ccccc1)<-N(=N\c1ccccn->61)/c1ccccc1,C35 H25 N6 O2 Ru1 1+,1.0,C1=Cc2cccc3ccc4[O-]->[Ru+2]56(<-O=C1c4c23)(<-N(=Nc1ccccn->51)c1ccccc1)<-N(=Nc1ccccn->61)c1ccccc1,C1=Cc2cccc3ccc4[O-]->[Ru+6]56(<-O=C1c4c23)(<-[N-](N=c1cccc[n-]->51)c1ccccc1)<-[N-](N=c1cccc[n-]->61)c1ccccc1,C1=Cc2cccc3ccc4[O-]->[Ru+6]56(<-O=C1c4c23)(<-[N-](N=c1cccc[n-]->51)c1ccccc1)<-[N-](N=c1cccc[n-]->61)c1ccccc1
REDWAY,,C13 H17 I1 Mo1,0.0,CC1#C(C)->[Mo+2]<-123456(<-[I-])(<-C(C)#C->2C)<-c1c->3c->4[cH-]->5c->61,CC1#C(C)->[Mo+2]<-123456(<-[I-])(<-C(C)#C->2C)<-c1c->3c->4[cH-]->5c->61,CC1#C(C)->[Mo+2]<-123456(<-[I-])(<-C(C)#C->2C)<-c1c->3c->4[cH-]->5c->61
REFNUM,,C26 H18 Cd1 N4 O9,0.0,fail,O=C([O-]->[Cd+2]1(<-O)(<-[O-]C(=O)c2ccccc2[N+](=O)[O-])<-n2cccc3ccc4cccn->1c4c32)c1ccccc1[N+](=O)[O-],O.O=[N+]([O-])c1ccccc1C12->[Cd+2]345(<-O=1)(<-O=C->3(c1ccccc1[N+](=O)[O-])[O-]->4)(<-[O-]2)<-n1cccc2ccc3cccn->5c3c21
REGHAO,,C26 H20 Br1 N4 O4 Rh1,0.0,CN12CC(=O)[O-]->[Rh+3]<-13(<-[Br-])(<-[c-]1ccccc1-c1c4c(c5ccccc5n->31)C(=O)NC4=O)<-n1ccccc1C2,CN12CC(=O)[O-]->[Rh+5]<-13(<-[Br-])(<-[c-]1ccccc1-c1c4c(=O)[nH]c([O-])c-4c4ccccc4[n-]->31)<-n1ccccc1C2,CN12CC(=O)[O-]->[Rh+5]<-13(<-[Br-])(<-[c-]1ccccc1-c1c4c(=O)[nH]c([O-])c-4c4ccccc4[n-]->31)<-n1ccccc1C2
REHXAD,CCCCS1CC2CS(CCCC)->[Re+5]<-1(<-[O-2])(<-[Cl-])(<-[Cl-])<-[O-]2,C11 H23 Cl2 O2 Re1 S2,0.0,CCCCS1CC2CS(CCCC)->[Re+5]<-1(<-[O-2])(<-[Cl-])(<-[Cl-])<-[O-]2,CCCCS1CC2CS(CCCC)->[Re+5]<-1(<-[O-2])(<-[Cl-])(<-[Cl-])<-[O-]2,CCCCS1CC2CS(CCCC)->[Re+5]<-1(<-[O-2])(<-[Cl-])(<-[Cl-])<-[O-]2
REJYAI,,C22 H16 Cl1 N5 Pt1,0.0,[Cl-]->[Pt+2]12<-N=C(N=C3c4ccccc4C(=NC(=N->1)c1ccccc1)[N-]->23)c1ccccc1,[Cl-]->[Pt+4]12<-[N-]=C(N=C3c4ccccc4C(=NC(=[N-]->1)c1ccccc1)[N-]->23)c1ccccc1,[Cl-]->[Pt+4]12<-[N-]=C(N=C3c4ccccc4C(=NC(=[N-]->1)c1ccccc1)[N-]->23)c1ccccc1
REKVAF,,C19 H9 N4 O5 Re1,0.0,O=C1c2ccccc2C(=O)c2nn(N=Cc34->[Re+]567(<-[C-]#[O+])(<-[C-]#[O+])(<-[C-]#[O+])<-c(c->5[cH-]->63)c->74)nc21,O=C1c2ccccc2C(=O)c2nn(N=C[C-]34->[Re+3]567(<-[C-]#[O+])(<-[C-]#[O+])(<-[C-]#[O+])<-C(=C->5[CH-]->63)[CH-]->74)nc21,O=C1c2ccccc2C(=O)c2nn(N=C[C-]34->[Re+3]567(<-[C-]#[O+])(<-[C-]#[O+])(<-[C-]#[O+])<-C(=C->5[CH-]->63)[CH-]->74)nc21
RELZAL,CS(C)(=O)->[Ru+2]1(<-[Cl-])(<-O=C(/C=C/c2ccccc2)c2ccccc2[O-]->1)(<-S(C)(C)=O)<-S(C)(C)=O,C21 H29 Cl1 O5 Ru1 S3,0.0,CS(C)(=O)->[Ru+2]1(<-[Cl-])(<-O=C(C=Cc2ccccc2)c2ccccc2[O-]->1)(<-S(C)(C)=O)<-S(C)(C)=O,CS(C)(=O)->[Ru+2]1(<-[Cl-])(<-O=C(C=Cc2ccccc2)c2ccccc2[O-]->1)(<-S(C)(C)=O)<-S(C)(C)=O,CS(C)(=O)->[Ru+2]1(<-[Cl-])(<-O=C(C=Cc2ccccc2)c2ccccc2[O-]->1)(<-S(C)(C)=O)<-S(C)(C)=O
REMWIR,Cc1ccsc1/C=C/C1[O-]->[Ru+2](<-[Cl-])(<-O=C2C=CC=C/C=12)(<-S(C)(C)=O)(<-S(C)(C)=O)<-S(C)(C)=O,C20 H29 Cl1 O5 Ru1 S4,0.0,Cc1ccsc1C=CC1=O->[Ru+2](<-[Cl-])(<-[O-]c2ccccc21)(<-S(C)(C)=O)(<-S(C)(C)=O)<-S(C)(C)=O,Cc1ccsc1C=CC1=O->[Ru+2](<-[Cl-])(<-[O-]c2ccccc21)(<-S(C)(C)=O)(<-S(C)(C)=O)<-S(C)(C)=O,Cc1ccsc1C=CC1=O->[Ru+2](<-[Cl-])(<-[O-]c2ccccc21)(<-S(C)(C)=O)(<-S(C)(C)=O)<-S(C)(C)=O
RENLOM,O=C(O)c1cc(C(=O)O)cc(C2=O->[Zn+2]34(<-O=C([O-]->3)c3cc(C(=O)O)cc(C(=O)O)c3)(<-[O-]2)<-n2ccccc2-c2ccccn->42)c1,C28 H18 N2 O12 Zn1,0.0,O=C(O)c1cc(C(=O)O)cc(C(=O)[O-]->[Zn+2]2(<-[O-]C(=O)c3cc(C(=O)O)cc(C(=O)O)c3)<-n3ccccc3-c3ccccn->23)c1,O=C(O)c1cc(C(=O)O)cc(C(=O)[O-]->[Zn+2]2(<-[O-]C(=O)c3cc(C(=O)O)cc(C(=O)O)c3)<-n3ccccc3-c3ccccn->23)c1,O=C(O)c1cc(C(=O)O)cc(C23=O->[Zn+2]<-2456(<-O=C->4([O-]->5)c2cc(C(=O)O)cc(C(=O)O)c2)(<-[O-]3)<-n2ccccc2-c2ccccn->62)c1
REQGIF,CCS(CC)=C1C2(=O)C(=P(c3ccccc3)(c3ccccc3)c3ccccc3)->[Pd+2]<-1<-23<-O=C(C)/C=C(/C)[O-]->3,C30 H34 O3 P1 Pd1 S1 1+,1.0,fail,CCS(CC)=C1C(=O)C(=P(c2ccccc2)(c2ccccc2)c2ccccc2)->[Pd+2]<-12<-O=C(C)C=C(C)[O-]->2,CCS(CC)=C1C2(=O)C(=P(c3ccccc3)(c3ccccc3)c3ccccc3)->[Pd+2]<-1<-23<-O=C(C)C=C(C)[O-]->3
RERGOM,Cc1cc(C)n2->[Pt+4]3(<-[C-]#C[Si](C)(C)C)(<-[C-](C)=O)(<-[C-](C)=O)<-n4c(C)cc(C)n4C(n12)n1c(C)cc(C)n->31,C25 H37 N6 O2 Pt1 Si1 1+,1.0,Cc1cc(C)n2->[Pt+4]3(<-[C-]#C[Si](C)(C)C)(<-[C-](C)=O)(<-[C-](C)=O)<-n4c(C)cc(C)n4C(n12)n1c(C)cc(C)n->31,Cc1cc(C)n2->[Pt+4]3(<-[C-]#C[Si](C)(C)C)(<-[C-](C)=O)(<-[C-](C)=O)<-n4c(C)cc(C)n4C(n12)n1c(C)cc(C)n->31,Cc1cc(C)n2->[Pt+4]3(<-[C-]#C[Si](C)(C)C)(<-[C-](C)=O)(<-[C-](C)=O)<-n4c(C)cc(C)n4C(n12)n1c(C)cc(C)n->31
RESCUN,,C19 H26 Cl4 N2 O2 Zr1,0.0,[Cl-]->[Zr+4](<-[Cl-])(<-[Cl-])(<-[Cl-])(<-[O-]CCCC[n+]1ccccc1Nc1ccccc1)<-O1CCCC1,[Cl-]->[Zr+4](<-[Cl-])(<-[Cl-])(<-[Cl-])(<-[O-]CCCC[n+]1ccccc1Nc1ccccc1)<-O1CCCC1,[Cl-]->[Zr+4](<-[Cl-])(<-[Cl-])(<-[Cl-])(<-[O-]CCCC[n+]1ccccc1Nc1ccccc1)<-O1CCCC1
RETFIH,CN1C=CN(Cc2ccccc2)[C]1->[Pt+2](<-[I-])(<-[I-])<-NOCc1ccccc1,C18 H21 I2 N3 O1 Pt1,0.0,CN1C=CN(Cc2ccccc2)[C]1->[Pt+2](<-[I-])(<-[I-])<-NOCc1ccccc1,CN1C=CN(Cc2ccccc2)[C]1->[Pt+2](<-[I-])(<-[I-])<-NOCc1ccccc1,CN1C=CN(Cc2ccccc2)[C]1->[Pt+2](<-[I-])(<-[I-])<-NOCc1ccccc1
RETPOX,CCN(CC)C1/N=C(/c2ccccc2)[N-]2/N=C(\[S-]->[Re+5]<-2(<-[O-2])(<-[N-]=C=S)<-S=1)N(C)c1ccccc1,C21 H23 N6 O1 Re1 S3,0.0,CCN(CC)C1=NC(c2ccccc2)=N2N=C([S-]->[Re+5]<-2(<-[O-2])(<-[N-]=C=S)<-[S-]1)N(C)c1ccccc1,CCN(CC)C1N=C(c2ccccc2)[N-]2N=C([S-]->[Re+5]<-2(<-[O-2])(<-[N-]=C=S)<-S=1)N(C)c1ccccc1,CCN(CC)C1N=C(c2ccccc2)[N-]2N=C([S-]->[Re+5]<-2(<-[O-2])(<-[N-]=C=S)<-S=1)N(C)c1ccccc1
REVMEL,,C44 H8 F20 N4 Ni1,0.0,Fc1c(F)c(F)c(-c2c3n4->[Ni+2]56<-n7c(c(-c8c(F)c(F)c(F)c(F)c8F)c8ccc2[n-]->58)C=Cc7c(-c2c(F)c(F)c(F)c(F)c2F)c2ccc(c(-c5c(F)c(F)c(F)c(F)c5F)c4C=C3)[n-]->62)c(F)c1F,Fc1c(F)c(F)c(C2=c3ccc4[n-]3->[Ni+4]35<-[n-]6c2ccc6C(c2c(F)c(F)c(F)c(F)c2F)=c2ccc([n-]->32)=C(c2c(F)c(F)c(F)c(F)c2F)c2ccc([n-]->52)C=4c2c(F)c(F)c(F)c(F)c2F)c(F)c1F,Fc1c(F)c(F)c(C2=c3ccc4[n-]3->[Ni+4]35<-[n-]6c2ccc6C(c2c(F)c(F)c(F)c(F)c2F)=c2ccc([n-]->32)=C(c2c(F)c(F)c(F)c(F)c2F)c2ccc([n-]->52)C=4c2c(F)c(F)c(F)c(F)c2F)c(F)c1F
REWPUH,[Cl-]->[Pd+2](<-[Cl-])(<-[C-]#[N+]C1CCCCC1)<-[P@TB5](c1ccccc1)(c1ccccc1)c1ccccc1,C25 H26 Cl2 N1 P1 Pd1,0.0,[Cl-]->[Pd+2](<-[Cl-])(<-[C-]#[N+]C1CCCCC1)<-P(c1ccccc1)(c1ccccc1)c1ccccc1,[Cl-]->[Pd+2](<-[Cl-])(<-[C-]#[N+]C1CCCCC1)<-P(c1ccccc1)(c1ccccc1)c1ccccc1,[Cl-]->[Pd+2](<-[Cl-])(<-[C-]#[N+]C1CCCCC1)<-P(c1ccccc1)(c1ccccc1)c1ccccc1
REXQIW,,C25 H39 Cr1 O2 P1,0.0,[O+]#[C-]->[CrH+]1234(<-[C-]#[O+])(<-c5c->1c->2[cH-]->3c->45)<-P(C1CCCCC1)(C1CCCCC1)C1CCCCC1,[O+]#[C-]->[CrH+]1234(<-[C-]#[O+])(<-c5c->1c->2[cH-]->3c->45)<-P(C1CCCCC1)(C1CCCCC1)C1CCCCC1,O=[C-]1[C-](=O)->[CrH+3]<-12345(<-c1c->2c->3[cH-]->4c->51)<-P(C1CCCCC1)(C1CCCCC1)C1CCCCC1
REYRIW,Cc1ccc2[O-]->[V+5]34(<-[O-2])<-[S-]CCN->3(CC[S-]->4)c2c1,C11 H14 N1 O2 S2 V1,0.0,Cc1ccc2[O-]->[V+5]34(<-[O-2])<-[S-]CCN->3(CC[S-]->4)c2c1,Cc1ccc2[O-]->[V+5]34(<-[O-2])<-[S-]CCN->3(CC[S-]->4)c2c1,Cc1ccc2[O-]->[V+5]34(<-[O-2])<-[S-]CCN->3(CC[S-]->4)c2c1
REZDAD,CC(C)c1cccc(C(C)C)c1[N-2]->[Ti+4]12345(<-[H][BH2-]->1[H]->2)(<-[H][BH-]->3([H]->4)[H]->5)(<-P(C)(C)C)<-P(C)(C)C,C18 H43 B2 N1 P2 Ti1,0.0,CC(C)c1cccc(C(C)C)c1[N-2]->[Ti+4]12(<-[H][BH2-][H]->1)(<-[H][BH2-][H]->2)(<-P(C)(C)C)<-P(C)(C)C,B.[BH2+]->[TiH3+](<-[N-2]c1c(C(C)C)cccc1C(C)C)(<-P(C)(C)C)<-P(C)(C)C,[BH2+]->[TiH3+](<-B)(<-[N-2]c1c(C(C)C)cccc1C(C)C)(<-P(C)(C)C)<-P(C)(C)C
RIBXAE,CC1/C(C)=N(\c2ccccc2P(=O)(c2ccccc2)c2ccccc2)->[Pd+2](<-[Cl-])(<-[Cl-])<-N=1/c1ccccc1P(=O)(c1ccccc1)c1ccccc1,C40 H34 Cl2 N2 O2 P2 Pd1,0.0,CC1C(C)=N(c2ccccc2P(=O)(c2ccccc2)c2ccccc2)->[Pd+2](<-[Cl-])(<-[Cl-])<-N=1c1ccccc1P(=O)(c1ccccc1)c1ccccc1,CC1C(C)=N(c2ccccc2P(=O)(c2ccccc2)c2ccccc2)->[Pd+2](<-[Cl-])(<-[Cl-])<-N=1c1ccccc1P(=O)(c1ccccc1)c1ccccc1,CC1C(C)=N(c2ccccc2P(=O)(c2ccccc2)c2ccccc2)->[Pd+2](<-[Cl-])(<-[Cl-])<-N=1c1ccccc1P(=O)(c1ccccc1)c1ccccc1
RIDZEJ,[Cl-]->[Zr+4]12345678(<-[Cl-])<-c9c->1[c-]->2(C[C@H](c1ccccc1)[c-]->31c->42ccccc2c->52ccccc->621)c->71ccccc->891,C30 H22 Cl2 Zr1,0.0,[Cl-]->[Zr+4]123456789(<-[Cl-])<-c%10[cH-]->1c->2(CC(c1ccccc1)c->31c->42ccccc->52c->62cccc[c-]->712)c->81ccccc->9%101,[Cl-]->[Zr+4]123456789(<-[Cl-])<-c%10c->1[c-]->2(CC(c1ccccc1)[c-]->31c->42ccccc->52c->62ccccc->721)c->81ccccc->9%101,[Cl-]->[Zr+4]123456789(<-[Cl-])<-c%10c->1[c-]->2(CC(c1ccccc1)[c-]->31c->42ccccc->52c->62ccccc->721)c->81ccccc->9%101
RIFXEL,,C29 H47 N2 Sc1 Si2,0.0,CN1C=CN2C(Cc34->[Sc+3]567(<-[CH2-][Si](C)(C)C)(<-[CH2-][Si](C)(C)C)(<-[C]12)<-c(C)(c->53C)c->6(C)[c-]->74C)c1ccccc1,C[n+]1ccn2C(C[c-]34->[Sc+3]567(<-[CH2-][Si](C)(C)C)(<-[CH2-][Si](C)(C)C)(<-[c-]21)<-c(C)(c->5(C)c->63C)c->74C)c1ccccc1,C[n+]1ccn2C(C[c-]34->[Sc+3]567(<-[CH2-][Si](C)(C)C)(<-[CH2-][Si](C)(C)C)(<-[c-]21)<-c(C)(c->5(C)c->63C)c->74C)c1ccccc1
RIGYUB,,C6 H14 Br4 La1 O3 1-,-1.0,CO1CCO2CCO(C)->[La+3]<-1<-2(<-[Br-])(<-[Br-])(<-[Br-])<-[Br-],CO1CCO2CCO(C)->[La+3]<-1<-2(<-[Br-])(<-[Br-])(<-[Br-])<-[Br-],CO1CCO2CCO(C)->[La+3]<-1<-2(<-[Br-])(<-[Br-])(<-[Br-])<-[Br-]
RIHJIE,C[Si]1(C)[c-]23->[Zr+4]456789%10(<-[Cl-])(<-[Cl-])(<-c2c->4(-c2ccccc2)c->52ccc4c(c->623)CCCC4)<-c2c->7(-c3ccccc3)c->83ccc4c(c->93[c-]->%1021)CCCC4,C40 H38 Cl2 Si1 Zr1,0.0,C[Si]1(C)c23->[Zr+4]456789%10(<-[Cl-])(<-[Cl-])(<-c%11c->4(-c4ccccc4)c->54ccc5c([c-]->64c->7%111)CCCC5)<-[cH-]2c->8(-c1ccccc1)c->91ccc2c(c->%1031)CCCC2,C[Si]1(C)[c-]23->[Zr+4]456789%10(<-[Cl-])(<-[Cl-])(<-c2c->4(-c2ccccc2)c->52ccc4c(c->623)CCCC4)<-c2c->7(-c3ccccc3)c->83ccc4c(c->93[c-]->%1021)CCCC4,C[Si]1(C)[c-]23->[Zr+4]456789%10(<-[Cl-])(<-[Cl-])(<-c2c->4(-c2ccccc2)c->52ccc4c(c->623)CCCC4)<-c2c->7(-c3ccccc3)c->83ccc4c(c->93[c-]->%1021)CCCC4
RIKCOF,C[Si](C)(C)[CH2-]->[Sc+3]12(<-[CH2-][Si](C)(C)C)(<-O3CCCC3)<-c34ccccc3c3ccccc->13[c-]->24[Si](C)(C)C,C28 H47 O1 Sc1 Si3,0.0,C[Si](C)(C)[CH2-]->[Sc+3]1234(<-[CH2-][Si](C)(C)C)(<-O5CCCC5)<-c5([Si](C)(C)C)c->16ccccc->26[c-]->31ccccc->451,C[Si](C)(C)[CH2-]->[Sc+3]1234(<-[CH2-][Si](C)(C)C)(<-O5CCCC5)<-c56ccccc->15[c-]->2([Si](C)(C)C)c->31ccccc->461,C[Si](C)(C)[CH2-]->[Sc+3](<-[CH2-][Si](C)(C)C)(<-O1CCCC1)<-[c-]1([Si](C)(C)C)c2ccccc2c2ccccc21
RIKKOL,,C22 H30 Cr1 O2 Si1,0.0,fail,CC1=C(C)[C-]2(C)->[Cr+2]345678(<-[C-]#[O+])(<-[C-]#[O+])<-C=C->32C1[Si](C)(C)[c-]->41c->5(C)c->6(C)c->7(C)c->81C,CC1=C(C)C2(C)[C-](=O)->[Cr+2]345678(<-[C-]#[O+])<-C=C->32C1[Si](C)(C)[c-]->41c->5(C)c->6(C)c->7(C)c->81C
RILYOA,,C26 H28 Cl1 N3 Ru1,0.0,CC(c1ccccc1)N1C=NN2c3cccc[c-]3->[Ru+2]34567(<-[Cl-])(<-[C]21)<-c1c->3c->4(C(C)C)c->5c->6c->71C,CC(c1ccccc1)N1C=NN2c3cccc[c-]3->[Ru+2]34567(<-[Cl-])(<-[C]21)<-c1c->3c->4(C(C)C)c->5c->6c->71C,CC(c1ccccc1)N1C=NN2c3cccc[c-]3->[Ru+2]34567(<-[Cl-])(<-[C]21)<-c1c->3c->4(C(C)C)c->5c->6c->71C
RINGON,CC(C)P1(Cc2cccc3CP(C(C)C)(C(C)C)->[Ir+]<-14(<-C(c1ccccc1)#C->4c1ccccc1)<-[c-]23)C(C)C,C34 H45 Ir1 P2,0.0,CC(C)P1(Cc2cccc3CP(C(C)C)(C(C)C)->[Ir+]<-14(<-C(c1ccccc1)#C->4c1ccccc1)<-[c-]23)C(C)C,CC(C)P1(Cc2cccc3CP(C(C)C)(C(C)C)->[Ir+]<-14(<-C(c1ccccc1)#C->4c1ccccc1)<-[c-]23)C(C)C,CC(C)P1(Cc2cccc3CP(C(C)C)(C(C)C)->[Ir+]<-14(<-C(c1ccccc1)#C->4c1ccccc1)<-[c-]23)C(C)C
RIPJIJ,,C16 H16 Cd1 Cl2 I2 N6 S2,0.0,NC(NN=Cc1ccccc1Cl)=S->[Cd+2](<-[I-])(<-[I-])<-S=C(N)NN=Cc1ccccc1Cl,NC(NN=Cc1ccccc1Cl)=S->[Cd+2](<-[I-])(<-[I-])<-S=C(N)NN=Cc1ccccc1Cl,NC(=S)NN=Cc1ccccc1Cl.NC(NN=Cc1ccccc1Cl)=S->[Cd+2](<-[I-])<-[I-]
RIQCUQ,,C21 H31 I1 Ir1 N4 1+,1.0,Cc1n2Cn3cc[n+](C)c3[CH2-]->[Ir+2]3456(<-[I-])(<-[c]2c[n+]1C)<-c1(C)c->3(C)c->4(C)[c-]->5(C)c->61C,Cc1n(C)c[c-]2->[Ir+3]3456(<-[I-])(<-C=C7N(C)C=CN7C[n+]12)<-c1(C)c->3(C)c->4(C)[c-]->5(C)c->61C,Cc1n(C)c[c-]2->[Ir+3]3456(<-[I-])(<-C=C7N(C)C=CN7C[n+]12)<-c1(C)c->3(C)c->4(C)[c-]->5(C)c->61C
RIRDEC,Cc1nn(-c2ccccc2)c2[O-]->[Ru+2]34567(<-[Cl-])(<-O=C(c12)C(F)(F)F)<-c1c->3c->4(C(C)C)c->5c->6c->71C,C22 H22 Cl1 F3 N2 O2 Ru1,0.0,Cc1nn(-c2ccccc2)c2[O-]->[Ru+2]34567(<-[Cl-])(<-O=C(c12)C(F)(F)F)<-c1c->3c->4(C(C)C)c->5c->6c->71C,CC1=NN(c2ccccc2)C2=O->[Ru+2]34567(<-[Cl-])(<-[O-]C(=C12)C(F)(F)F)<-c1c->3c->4(C(C)C)c->5c->6c->71C,CC1=NN(c2ccccc2)C2=O->[Ru+2]34567(<-[Cl-])(<-[O-]C(=C12)C(F)(F)F)<-c1c->3c->4(C(C)C)c->5c->6c->71C
RIRTIW,O=C(N/N=C(\c1ccccn1)c1ccccn1->[Cd+2](<-[Cl-])<-[Cl-])c1cccs1,C16 H12 Cd1 Cl2 N4 O1 S1,0.0,[Cl-]->[Cd+2]12(<-[Cl-])<-O=C(NN->1=C(c1ccccn1)c1ccccn->21)c1cccs1,[Cl-]->[Cd+2]12(<-[Cl-])<-O=C(NN->1=C(c1ccccn1)c1ccccn->21)c1cccs1,[Cl-]->[Cd+2]12(<-[Cl-])<-O=C(NN->1=C(c1ccccn1)c1ccccn->21)c1cccs1
RISHIK,CC(C)(C)[O-]->[Ta+5]123(<-[CH2-]C([CH2-]->1)c1ccccc1)(<-[O-]C(C)(C)C)<-[c-]1ccccc1CN->2(C)CCN->3(C)C,C29 H47 N2 O2 Ta1,0.0,CC(C)(C)[O-]->[Ta+5]123(<-[CH2-]C([CH2-]->1)c1ccccc1)(<-[O-]C(C)(C)C)<-[c-]1ccccc1CN->2(C)CCN->3(C)C,CC(C)(C)[O-]->[Ta+5]123(<-[CH2-]C([CH2-]->1)c1ccccc1)(<-[O-]C(C)(C)C)<-[c-]1ccccc1CN->2(C)CCN->3(C)C,CN(C)CCN(C)Cc1cccc[c-]1->[Ta+5]1(<-[CH2-]C([CH2-]->1)c1ccccc1)(<-[O-]C(C)(C)C)<-[O-]C(C)(C)C
RISWIB,CC1=C\[S-]->[Ru+2]2(<-[N-]=C=S)(<-S=C(N)/N=N->2/1)(<-P(C1=C=C=C=C=C1)(c1ccccc1)c1ccccc1)<-[P@TB3](c1ccccc1)(c1ccccc1)c1ccccc1,C41 H36 N4 P2 Ru1 S3,0.0,CC1=C[S-]->[Ru+4]2(<-[N-]=C=S)(<-[S-]C(N)=N[N-]->21)(<-P(c1ccccc1)(c1ccccc1)c1ccccc1)<-P(c1ccccc1)(c1ccccc1)c1ccccc1,CC1=C[S-]->[Ru+2]2(<-[N-]=C=S)(<-S=C(N)N=N->21)(<-P(C1=C=C=C=C=C1)(c1ccccc1)c1ccccc1)<-P(c1ccccc1)(c1ccccc1)c1ccccc1,CC1=C[S-]->[Ru+2]2(<-[N-]=C=S)(<-S=C(N)N=N->21)(<-P(C1=C=C=C=C=C1)(c1ccccc1)c1ccccc1)<-P(c1ccccc1)(c1ccccc1)c1ccccc1
RITHUZ,,C21 H12 F6 N2 O3 Pt1,0.0,fail,CN1C=CN2c3c4oc5ccccc5c4cc[c-]3->[Pt+2]3(<-O=C(C=C([O-]->3)C(F)(F)F)C(F)(F)F)<-[C]12,CN1C=CN2c3c4oc5ccccc5c4cc[c-]3->[Pt+2]3(<-O=C(C=C([O-]->3)C(F)(F)F)C(F)(F)F)<-[C]12
RITXUN,,C19 H28 Mo1 N1 O2 P1 Si2,0.0,C[Si](C)(C)N([P-2](c1ccccc1)->[Mo+3]1234(<-[C-]#[O+])(<-[C-]#[O+])<-c5c->1c->2[cH-]->3c->45)[Si](C)(C)C,C[Si](C)(C)N([P-](c1ccccc1)->[Mo+2]1234(<-[C-]#[O+])(<-[C-]#[O+])<-c5c->1c->2[cH-]->3c->45)[Si](C)(C)C,C[Si](C)(C)N([P-](c1ccccc1)->[Mo+2]1234(<-[C-]#[O+])(<-[C-]#[O+])<-c5c->1c->2[cH-]->3c->45)[Si](C)(C)C
RIVNIT,,C25 H34 N1 Ru1 S1 1+,1.0,fail,CC(NC=C1C2=C3(C)[S-]->[Ru+2]<-1<-2<-345678<-c1(C)c->4(C)c->5(C)c->6(C)c->7(C)c->81C)c1ccccc1,CC(NC1=C2C3=C4(C)[S-]->[Ru+2]<-1<-2<-3<-456789<-c1(C)c->5(C)c->6(C)c->7(C)c->8(C)c->91C)c1ccccc1
RIWBUU,Cc12->[Co+3]3456(<-[S-]c7sc(=S)sc7[S-]->3)<-c1(C)c->4(C)[c-]->5(C)c->62C,C13 H15 Co1 S5,0.0,Cc12->[Co+3]3456(<-[S-]c7sc(=S)sc7[S-]->3)<-c1(C)c->4(C)[c-]->5(C)c->62C,Cc12->[Co+]3456(<-S=C7SC(=S)SC7=S->3)<-c1(C)c->4(C)[c-]->5(C)c->62C,Cc12->[Co+]3456(<-S=C7SC(=S)SC7=S->3)<-c1(C)c->4(C)[c-]->5(C)c->62C
RIXQIA,Cc1cc2=S->[Zn+2]34(<-[O-]c2co1)<-n1c(-c2ccccc2)cc(C)n1[BH-](n1c(C)cc(-c2ccccc2)n->31)n1c(C)cc(-c2ccccc2)n->41,C36 H33 B1 N6 O2 S1 Zn1,0.0,Cc1cc2=S->[Zn+2]34(<-[O-]c2co1)<-[n-]1c(-c2ccccc2)cc(C)[n+]1[BH-]([n+]1c(C)cc(-c2ccccc2)[n-]->31)[n+]1c(C)cc(-c2ccccc2)[n-]->41,Cc1cc2=S->[Zn+2]34(<-[O-]c2co1)<-n1c(-c2ccccc2)cc(C)n1[BH-](n1c(C)cc(-c2ccccc2)n->31)n1c(C)cc(-c2ccccc2)n->41,Cc1cc2=S->[Zn+2]34(<-[O-]c2co1)<-n1c(-c2ccccc2)cc(C)n1[BH-](n1c(C)cc(-c2ccccc2)n->31)n1c(C)cc(-c2ccccc2)n->41
RIYFUB,CC(C)(C)C1=CC(C(C)(C)C)=N2->[Pt+4](<-[CH3-])(<-[CH3-])(<-[CH3-])<-[N-]3C=CC=C/C3=C\12,C20 H32 N2 Pt1,0.0,CC(C)(C)c1cc(C(C)(C)C)[n-]2->[Pt+4](<-[CH3-])(<-[CH3-])(<-[CH3-])<-n3ccccc3-c12,CC(C)(C)C1=CC(C(C)(C)C)=N2->[Pt+4](<-[CH3-])(<-[CH3-])(<-[CH3-])<-[N-]3C=CC=CC3=C12,CC(C)(C)C1=CC(C(C)(C)C)=N2->[Pt+4](<-[CH3-])(<-[CH3-])(<-[CH3-])<-[N-]3C=CC=CC3=C12
RIZNET,Cc12->[Ti+4]345(<-[Cl-])(<-[Cl-])(<-[Cl-])<-[n-]1c->3(C)c->4(C)c->52C,C8 H12 Cl3 N1 Ti1,0.0,fail,Cc12->[Ti+4]345(<-[Cl-])(<-[Cl-])(<-[Cl-])<-[n-]1c->3(C)c->4(C)c->52C,Cc1c(C)c2(C)->[Ti+4]3(<-[Cl-])(<-[Cl-])(<-[Cl-])<-[n-]2c->31C
ROBHUL,[O+]#[C-]->[Mn+]1234(<-[C-]#[O+])(<-[C-]#[O+])<-C5=C->1C->2=C->31C=CS[C-]->41C5,C11 H7 Mn1 O3 S1,0.0,fail,[O+]#[C-]->[Mn+]1234(<-[C-]#[O+])(<-[C-]#[O+])<-C5=C->1[CH-]->2c->31ccsc->41C5,[O+]#[C-]->[Mn+]123(<-[C-]#[O+])(<-[C-]#[O+])<-C4=C->1[CH-]->2c->31ccsc1C4
ROBVEM,,C44 H28 Au1 N4 1+,1.0,C1=Cc2c(-c3ccccc3)c3ccc4c(-c5ccccc5)c5n6->[Au+3]7(<-n2c1c(-c1ccccc1)c1ccc(c(-c2ccccc2)c6C=C5)[n-]->71)<-[n-]34,C1=Cc2c(-c3ccccc3)c3ccc4c(-c5ccccc5)c5n6->[Au+3]7(<-n2c1c(-c1ccccc1)c1ccc(c(-c2ccccc2)c6C=C5)[n-]->71)<-[n-]34,C1=Cc2c(-c3ccccc3)c3ccc4c(-c5ccccc5)c5n6->[Au+3]7(<-n2c1c(-c1ccccc1)c1ccc(c(-c2ccccc2)c6C=C5)[n-]->71)<-[n-]34
ROCVOW,C[Si](C)(C)/N1=C(\c2ccccc2)[N-]([Si](C)(C)C)->[Y+3]<-123456789(<-N#Cc1ccccc1)(<-c1c->2c->3[cH-]->4c->51)<-c1c->6c->7[cH-]->8c->91,C30 H38 N3 Si2 Y1,0.0,C[Si](C)(C)N1=C(c2ccccc2)[N-]([Si](C)(C)C)->[Y+3]<-123456789(<-N#Cc1ccccc1)(<-c1c->2c->3[cH-]->4c->51)<-c1c->6c->7[cH-]->8c->91,C[Si](C)(C)N1=C2(c3ccccc3)[N-]([Si](C)(C)C)->[Y+3]<-1<-23456789%10(<-N#Cc1ccccc1)(<-c1c->3c->4[cH-]->5c->61)<-c1c->7c->8[cH-]->9c->%101,C[Si](C)(C)N1=C(c2ccccc2)[N-]([Si](C)(C)C)->[Y+3]<-123456(<-N#Cc1ccccc1)(<-c1c->2c->3[cH-]->4c->51)<-c1ccc[cH-]->61
RODFEY,,C20 H34 N6 P2 Ru1,0.0,C1Cc23->[RuH+]456(<-c(c->42)[cH-]->5c->63C1)(<-P12CN3CN(CN(C3)C1)C2)<-P12CN3CN(CN(C3)C1)C2,C1Cc23->[RuH+]456(<-c(c->42)c->5[c-]->63C1)(<-P12CN3CN(CN(C3)C1)C2)<-P12CN3CN(CN(C3)C1)C2,C1Cc23->[RuH+]456(<-c(c->42)c->5[c-]->63C1)(<-P12CN3CN(CN(C3)C1)C2)<-P12CN3CN(CN(C3)C1)C2
RODTAG,COc1cccc2/C=N(/CCCN(C)C)->[Ni+2]3(<-[O-]c21)<-[O-]c1c(/C=N->3/CCCN(C)C)cccc1OC,C26 H38 N4 Ni1 O4,0.0,COc1cccc2C=N3CCCN(C)(C)->[Ni+2]<-345(<-[O-]c21)<-[O-]c1c(C=N->4CCCN->5(C)C)cccc1OC,COc1cccc2C=N3CCCN(C)(C)->[Ni+2]<-345(<-[O-]c21)<-[O-]c1c(C=N->4CCCN->5(C)C)cccc1OC,COc1cccc2C=N(CCCN(C)C)->[Ni+2]3(<-[O-]c21)<-[O-]c1c(C=N->3CCCN(C)C)cccc1OC
ROFSIO,,C24 H48 Fe1 O2 P2 Si2,0.0,CCP(CC)(CC)->[Fe]1(<-[C-]#[O+])(<-[C-]#[O+])(<-C(C#C[Si](C)(C)C)#C->1[Si](C)(C)C)<-P(CC)(CC)CC,CCP(CC)(CC)->[Fe]1(<-[C-]#[O+])(<-[C-]#[O+])(<-C(C#C[Si](C)(C)C)#C->1[Si](C)(C)C)<-P(CC)(CC)CC,CCP(CC)(CC)->[Fe]1(<-[C-]#[O+])(<-[C-]#[O+])(<-C(C#C[Si](C)(C)C)#C->1[Si](C)(C)C)<-P(CC)(CC)CC
ROGWIW,,C31 H39 Br1 N2 Ni1 P2 Si2,0.0,C[Si](C)(C)N1=P(c2ccccc2)(c2ccccc2)[CH-]2P(c3ccccc3)(c3ccccc3)=N([Si](C)(C)C)->[Ni+2]<-2<-1<-[Br-],C[Si](C)(C)N1=P(c2ccccc2)(c2ccccc2)[CH-]2P(c3ccccc3)(c3ccccc3)=N([Si](C)(C)C)->[Ni+2]<-2<-1<-[Br-],C[Si](C)(C)N1=P(c2ccccc2)(c2ccccc2)[CH-]2P(c3ccccc3)(c3ccccc3)=N([Si](C)(C)C)->[Ni+2]<-2<-1<-[Br-]
ROHXIV,CCN(CC)C1=S->[Ru+4]23(<-S=C([S-]->2)N(CC)CC)(<-[S-]1)<-N(=N\N=N->3\S(=O)(=O)c1ccc(C)cc1)/S([O-])([O-])c1ccc(C)cc1,C24 H34 N6 O4 Ru1 S6,0.0,fail,CCN(CC)C1=S->[Ru+2]23(<-S=C([S-]->2)N(CC)CC)(<-[S-]1)<-N(=NN=N->3S(=O)(=O)c1ccc(C)cc1)S(=O)(=O)c1ccc(C)cc1,CCN(CC)C1=S->[Ru+2]23(<-S=C([S-]->2)N(CC)CC)(<-[S-]1)<-N(=NN=N->3S(=O)(=O)c1ccc(C)cc1)S(=O)(=O)c1ccc(C)cc1
ROJNEM,[H]1[BH-]23n4c(=S->[Ru+2]<-1<-25(<-S=c1sc2ccccc2n13)(<-S=c1sc2ccccc2[n-]->51)<-P(Oc1ccccc1)(Oc1ccccc1)Oc1ccccc1)sc1ccccc14,C39 H29 B1 N3 O3 P1 Ru1 S6,0.0,fail,[BH2-]1n2c(=S->[Ru+2]3(<-S=c4sc5ccccc5n41)(<-S=c1sc4ccccc4[n-]->31)<-P(Oc1ccccc1)(Oc1ccccc1)Oc1ccccc1)sc1ccccc12,B1n2c(=S->[RuH+]3(<-S=c4sc5ccccc5n41)(<-S=c1sc4ccccc4[n-]->31)<-P(Oc1ccccc1)(Oc1ccccc1)Oc1ccccc1)sc1ccccc12
ROJXIZ,Nc1cc(N)cc(C2=O->[Cd+2]34(<-[O-]2)(<-n2cccc5ccc6cccn->3c6c52)<-n2cccc3ccc5cccn->4c5c32)c1,C31 H23 Cd1 N6 O2 1+,1.0,fail,Nc1cc(N)cc(C2=O->[Cd+2]34(<-[O-]2)(<-n2cccc5ccc6cccn->3c6c52)<-n2cccc3ccc5cccn->4c5c32)c1,Nc1cc(N)cc(C23=O->[Cd+2]<-245(<-[O-]3)(<-n2cccc3ccc6cccn->4c6c32)<-n2cccc3ccc4cccn->5c4c32)c1
ROLCUQ,CCOC(=O)/C=C1\CC(C)(C)C2->[Fe]34(<-[C-]#[O+])(<-[C-]#[O+])(<-C=2C->3=C->41C)<-[P@TB8](c1ccccc1)(c1ccccc1)c1ccccc1,C34 H35 Fe1 O4 P1,0.0,fail,CCOC(=O)C=C1CC(C)(C)C2->[Fe]34(<-[C-]#[O+])(<-[C-]#[O+])(<-C=2C->3=C->41C)<-P(c1ccccc1)(c1ccccc1)c1ccccc1,CCOC(=O)C=C1CC(C)(C)[CH-]2->[Fe+2]34(<-[C-]#[O+])(<-[C-]#[O+])(<-C2=C->3[C-]->41C)<-P(c1ccccc1)(c1ccccc1)c1ccccc1
ROLVOD,c1ccn2[O-]->[Ni+2]3(<-[O-]n4ccccc4=S->3)<-S=c2c1,C10 H8 N2 Ni1 O2 S2,0.0,c1cc[n+]2[O-]->[Ni]3(<-[O-][n+]4ccccc4[S-]->3)<-[S-]c2c1,c1ccn2[O-]->[Ni+2]3(<-[O-]n4ccccc4=S->3)<-S=c2c1,c1ccn2[O-]->[Ni+2]3(<-[O-]n4ccccc4=S->3)<-S=c2c1
ROMPUE,CCOC(=O)/C=[C-](\C)->[Co+3]12(<-N(=O)/C(C)=C(/C)[N-]->1O)(<-N(=O)/C(C)=C(/C)[N-]->2O)<-n1ccccc1,C19 H28 Co1 N5 O6,0.0,CCOC(=O)C=[C-](C)->[Co+]12(<-N([O])=C(C)C(C)=N->1O)(<-N([O])=C(C)C(C)=N->2O)<-n1ccccc1,CCOC(=O)C=[C-](C)->[Co+3]12(<-N(=O)C(C)=C(C)[N-]->1O)(<-N(=O)C(C)=C(C)[N-]->2O)<-n1ccccc1,CCOC(=O)C=[C-](C)->[Co+3]12(<-N(=O)C(C)=C(C)[N-]->1O)(<-N(=O)C(C)=C(C)[N-]->2O)<-n1ccccc1
RONCAA,Cc1cccc2[CH2-]->[Ru+2]3456(<-N#N)(<-[c-]7n(-c12)cc[n+]7-c1c(C)cccc1C)<-c1(C)c->3(C)c->4(C)[c-]->5(C)c->61C,C29 H34 N4 Ru1,0.0,Cc1cccc(C)c1N1C=CN2c3c(C)cccc3[CH2-]->[Ru+2]3456(<-N#N)(<-[C]12)<-c1(C)c->3(C)c->4(C)[c-]->5(C)c->61C,Cc1cccc(C)c1-n1cc[n+]2-c3c(C)cccc3[CH2-]->[Ru+2]3456(<-N#N)(<-[c-]12)<-c1(C)c->3(C)c->4(C)[c-]->5(C)c->61C,Cc1cccc(C)c1-n1cc[n+]2-c3c(C)cccc3[CH2-]->[Ru+2]3456(<-N#N)(<-[c-]12)<-c1(C)c->3(C)c->4(C)[c-]->5(C)c->61C
RORJUD,N/C1=N/N(=C\c2cccs2)->[Hg+2](<-[S-]1)<-[c-]1ccccc1,C12 H11 Hg1 N3 S2,0.0,NC1=NN(=Cc2cccs2)->[Hg+2](<-[S-]1)<-[c-]1ccccc1,NC1=NN(=Cc2cccs2)->[Hg+2](<-[S-]1)<-[c-]1ccccc1,NC(=NN=Cc1cccs1)[S-]->[Hg+2]<-[c-]1ccccc1
ROTQID,O=C1O[C-](=O)->[Co+3]23(<-NCCN->2)(<-NCCN->3)<-[O-]1,C6 H16 Co1 N4 O4 1+,1.0,O=C1[O-]->[Co+3]23(<-NCCN->2)(<-NCCN->3)<-[O-]C1=O,O=C1[O-]->[Co+3]23(<-NCCN->2)(<-NCCN->3)<-[O-]C1=O,NCCN->[Co+]1(<-O=C=O)<-NCCN->1.O=C=O
ROWWEH,,C30 H46 Cl2 P2 Ru1 Si1,0.0,CC(C)=C[C-3]->[Ru+6]12(<-[Cl-])(<-[Cl-])<-[Si-](C)(c3ccccc3P->1(C(C)C)C(C)C)c1ccccc1P->2(C(C)C)C(C)C,CC(C)=C[C-]->[Ru+4]12(<-[Cl-])(<-[Cl-])<-[Si-](C)(c3ccccc3P->1(C(C)C)C(C)C)c1ccccc1P->2(C(C)C)C(C)C,CC(C)=C[C-]->[Ru+4]12(<-[Cl-])(<-[Cl-])<-[Si-](C)(c3ccccc3P->1(C(C)C)C(C)C)c1ccccc1P->2(C(C)C)C(C)C
RUCLAD,c1ccc(/N2=N/c3cccc[c-]3->[Pd+2]<-234<-S2CCS->3CCS->4CC2)cc1,C18 H21 N2 Pd1 S3 1+,1.0,c1ccc(N2=Nc3cccc[c-]3->[Pd+2]<-234<-S2CCS->3CCS->4CC2)cc1,c1ccc(N2=Nc3cccc[c-]3->[Pd+2]<-234<-S2CCS->3CCS->4CC2)cc1,c1ccc(N2=Nc3cccc[c-]3->[Pd+2]<-234<-S2CCS->3CCS->4CC2)cc1
RUGCAX,Cc12->[Ti+4]3456789%10(<-[S-][S-]->3)(<-c1(C)c->4(C)[c-]->5(C)c->62C)<-c1(C)c->7(C)c->8(C)[c-]->9(C)c->%101C,C20 H30 S2 Ti1,0.0,Cc12->[Ti+4]3456789%10(<-[S-][S-]->3)(<-c1(C)c->4(C)[c-]->5(C)c->62C)<-c1(C)c->7(C)c->8(C)[c-]->9(C)c->%101C,Cc12->[Ti+2]3456789%10(<-S=S->3)(<-c1(C)c->4(C)[c-]->5(C)c->62C)<-c1(C)c->7(C)c->8(C)[c-]->9(C)c->%101C,Cc12->[Ti+2]3456789%10(<-S=S->3)(<-c1(C)c->4(C)[c-]->5(C)c->62C)<-c1(C)c->7(C)c->8(C)[c-]->9(C)c->%101C
RUJJEN,CC(C)=CC1=O->[Cd+2]2(<-O=C(C=C(C)C)[O-]->2)(<-[O-]1)(<-S=C(N)N)<-S=C(N)N,C12 H22 Cd1 N4 O4 S2,0.0,fail,CC(C)=CC(=O)[O-]->[Cd+2](<-[O-]C(=O)C=C(C)C)(<-S=C(N)N)<-S=C(N)N,CC(C)=CC12=O->[Cd+2]<-134(<-O=C->3(C=C(C)C)[O-]->4)(<-[O-]2)(<-S=C(N)N)<-S=C(N)N
RUJRAR,CC1(C)OC[C@H]([C@@H](O)[C@@H]2OC(C)(C)O[C@@H]2[C@@]2(O)CC[C](->[Cr](<-[C-]#[O+])(<-[C-]#[O+])(<-[C-]#[O+])(<-[C-]#[O+])<-[C-]#[O+])N2)O1,C20 H25 Cr1 N1 O11,0.0,CC1(C)OCC(C(O)C2OC(C)(C)OC2C2(O)CC[C](->[Cr](<-[C-]#[O+])(<-[C-]#[O+])(<-[C-]#[O+])(<-[C-]#[O+])<-[C-]#[O+])N2)O1,CC1(C)OCC(C(O)C2OC(C)(C)OC2C2(O)CC[C](->[Cr](<-[C-]#[O+])(<-[C-]#[O+])(<-[C-]#[O+])(<-[C-]#[O+])<-[C-]#[O+])N2)O1,CC1(C)OCC(C(O)C2OC(C)(C)OC2C2(O)CC[C](->[Cr](<-[C-]#[O+])(<-[C-]#[O+])(<-[C-]#[O+])(<-[C-]#[O+])<-[C-]#[O+])N2)O1
RUKMEP,c1ccn2->[Ru+2]34(<-S=c5cccc[n-]->35)(<-n3ccccc3-c2c1)<-n1ccccc1-c1ccccn->41,C25 H20 N5 Ru1 S1 1+,1.0,c1ccn2->[Ru+2]34(<-[S-]c2c1)(<-n1ccccc1-c1ccccn->31)<-n1ccccc1-c1ccccn->41,c1ccn2->[Ru+2]34(<-S=c5cccc[n-]->35)(<-n3ccccc3-c2c1)<-n1ccccc1-c1ccccn->41,c1ccn2->[Ru+2]34(<-S=c5cccc[n-]->35)(<-n3ccccc3-c2c1)<-n1ccccc1-c1ccccn->41
RULJEP,C=CCN/C=C1/C=CC=C2[O-]->[Mo+6]3(<-[O-2])(<-[O-2])(<-O=C21)<-O=C1C([O-]->3)=CC=C/C1=C/NCC=C,C20 H20 Mo1 N2 O6,0.0,C=CC[NH+]=Cc1cccc2[O-]->[Mo+6]3(<-[O-2])(<-[O-2])(<-[O-]c4cccc(C=[NH+]CC=C)c4[O-]->3)<-[O-]c12,C=CCNC=C1C=CC=C2[O-]->[Mo+6]3(<-[O-2])(<-[O-2])(<-O=C12)<-O=C1C(=CNCC=C)C=CC=C1[O-]->3,C=CCNC=C1C=CC=C2[O-]->[Mo+6]3(<-[O-2])(<-[O-2])(<-O=C12)<-O=C1C(=CNCC=C)C=CC=C1[O-]->3
RUMHEM,O=C1CN23CCCN->[Co+3]<-245(<-NCCC3)(<-O=N->4[O-]->5)(<-[O-]1)<-N(=O)[O-],C8 H18 Co1 N5 O6,0.0,O=C1CN23CCCN->[Co-]<-2(<-NCCC3)(<-[O-]1)(<-[N+](=O)=O)<-[N+](=O)=O,O=C1CN23CCCN->[Co+3]<-2(<-NCCC3)(<-[O-]1)(<-N(=O)[O-])<-N(=O)[O-],O=C1CN23CCCN->[Co+3]<-2(<-NCCC3)(<-[O-]1)(<-N(=O)[O-])<-N(=O)[O-]
RUNCIM,,C27 H26 Cl1 N2 O4 P1 Pd1,0.0,Cc1ccc(N2=Nc3ccc(C)c[c-]3->[Pd+2]<-2(<-[O-][Cl+3]([O-])([O-])[O-])<-P(C)(c2ccccc2)c2ccccc2)cc1,Cc1ccc(N2->[Pd+8](<-[O-2])(<-P(C)(c3ccccc3)c3ccccc3)<-[c-]3cc(C)ccc3N=2)cc1.[O-2].[O-2].[O-]Cl,Cc1ccc(N2->[Pd+8](<-[O-2])(<-P(C)(c3ccccc3)c3ccccc3)<-[c-]3cc(C)ccc3N=2)cc1.[O-2].[O-2].[O-]Cl
RUNLIW,,C18 H27 I1 N2 Ru1,0.0,CC(C)c12->[Ru+2]34567(<-[I-])(<-[CH2-]C(C)(C)N8C=CN(C)[C]->38)<-c(c->41)c->5(C)c->6c->72,CC(C)c12->[Ru+2]34567(<-[I-])(<-[CH2-]C(C)(C)n8cc[n+](C)[c-]->38)<-c(c->41)c->5(C)c->6c->72,CC(C)c12->[Ru+2]34567(<-[I-])(<-[CH2-]C(C)(C)n8cc[n+](C)[c-]->38)<-c(c->41)c->5(C)c->6c->72
RUPGUG,Cc1ccn2->[Ru+2](<-[Cl-])(<-[Cl-])(<-n3ccccc3-c2n1)(<-S(C)(C)=O)<-S(C)(C)=O,C14 H21 Cl2 N3 O2 Ru1 S2,0.0,Cc1ccn2->[Ru+2](<-[Cl-])(<-[Cl-])(<-n3ccccc3-c2n1)(<-S(C)(C)=O)<-S(C)(C)=O,Cc1ccn2->[Ru+2](<-[Cl-])(<-[Cl-])(<-n3ccccc3-c2n1)(<-S(C)(C)=O)<-S(C)(C)=O,Cc1ccn2->[Ru+2](<-[Cl-])(<-[Cl-])(<-n3ccccc3-c2n1)(<-S(C)(C)=O)<-S(C)(C)=O
RUQLAS,,C26 H23 N5 Ni1 O7,0.0,CO->[Ni+2]12(<-[O-][N+](=O)[O-])(<-[O-][N+](=O)[O-]->1)<-n1ccccc1N(Cc1c3ccccc3cc3ccccc13)c1ccccn->21,CO->[Ni+2]12(<-[O-][N+](=O)[O-])(<-[O-][N+](=O)[O-]->1)<-n1ccccc1N(Cc1c3ccccc3cc3ccccc13)c1ccccn->21,CO.O=[N+]([O-])[O-]->[Ni+2]1(<-[O-][N+](=O)[O-])<-n2ccccc2N(Cc2c3ccccc3cc3ccccc23)c2ccccn->12
RUQYAD,,C13 H17 N1 O3 W1,0.0,C[C]1N(C)C(C)(C)[O-]->[W+2]<-12345(<-[C-]#[O+])(<-[C-]#[O+])<-c1c->2c->3[cH-]->4c->51,C[C]1N(C)C(C)(C)[O-]->[W+2]<-12345(<-[C-]#[O+])(<-[C-]#[O+])<-c1c->2c->3[cH-]->4c->51,C[C]1N(C)C(C)(C)[O-]->[W+2]<-12345(<-[C-]#[O+])(<-[C-]#[O+])<-c1c->2c->3[cH-]->4c->51
RURFOB,Cc1cc(C)n2->[Zn+2]3(<-[CH3-])<-n4c(C)cc(C)n4C([C@@H](C(C)(C)C)[c-]->34cccc4)n12,C22 H32 N4 Zn1,0.0,fail,Cc1cc(C)n2->[Zn+2]3(<-[CH3-])<-n4c(C)cc(C)n4C(C(C(C)(C)C)[c-]->34cccc4)n12,Cc1cc(C)n2->[Zn+2]34(<-[CH3-])<-c5ccc[c-]->35C(C(n12)n1c(C)cc(C)n->41)C(C)(C)C
RURNAV,,C33 H45 Ir1 O2 P2,0.0,COc1ccccc1[C-]12c3ccccc3P(C(C)C)(C(C)C)->[IrH2+]<-1(<-[C-]#[O+])<-P(c1ccccc12)(C(C)C)C(C)C,COc1ccccc1[C-]12c3ccccc3P(C(C)C)(C(C)C)->[IrH2+]<-1(<-[C-]#[O+])<-P(c1ccccc12)(C(C)C)C(C)C,COc1ccccc1[C-]12c3ccccc3P(C(C)C)(C(C)C)->[IrH2+]<-1(<-[C-]#[O+])<-P(c1ccccc12)(C(C)C)C(C)C
RUSFAM,C1=CC=C2/C(=N3->[Cd@SP1+2]45<-N(=C6/C=CC=CC=C6[N-]->4CCCC[N-]->52)/CCCC\3)C=C1,C22 H26 Cd1 N4,0.0,C1=CC=C2C(=N3->[Cd+2]45<-N(=C6C=CC=CC=C6[N-]->4CCCC3)CCCC[N-]->52)C=C1,C1=CC=C2C(=N3->[Cd+2]45<-N(=C6C=CC=CC=C6[N-]->4CCCC3)CCCC[N-]->52)C=C1,C1=CC=C2C(=N3->[Cd+2]45<-N(=C6C=CC=CC=C6[N-]->4CCCC3)CCCC[N-]->52)C=C1
RUVCUI,COC(=O)CCN1Cc2ccccn2->[Zn+2](<-[Br-])(<-[Br-])<-n2ccccc2C1,C16 H19 Br2 N3 O2 Zn1,0.0,COC(=O)CCN12Cc3ccccn3->[Zn+2]<-1(<-[Br-])(<-[Br-])<-n1ccccc1C2,COC(=O)CCN12Cc3ccccn3->[Zn+2]<-1(<-[Br-])(<-[Br-])<-n1ccccc1C2,COC(=O)CCN12Cc3ccccn3->[Zn+2]<-1(<-[Br-])(<-[Br-])<-n1ccccc1C2
RUVYOY,C[C@H]1C(=O)[O-]->[Ni@SP2+2]23<-N(/C(=O)[C@@H]4CCCN->24Cc2ccc(Cl)c(Cl)c2)=C2/C=CC(Cl)=C/C2=C(\c2ccccc2)[N-]->31,C28 H24 Cl3 N3 Ni1 O3,0.0,CC1C(=O)[O-]->[Ni+2]23<-N1=C(c1ccccc1)c1cc(Cl)ccc1[N-]->2C(=O)C1CCCN->31Cc1ccc(Cl)c(Cl)c1,CC1C(=O)[O-]->[Ni+2]23<-N(C(=O)C4CCCN->24Cc2ccc(Cl)c(Cl)c2)=C2C=CC(Cl)=CC2=C(c2ccccc2)[N-]->31,CC1C(=O)[O-]->[Ni+2]23<-N(C(=O)C4CCCN->24Cc2ccc(Cl)c(Cl)c2)=C2C=CC(Cl)=CC2=C(c2ccccc2)[N-]->31
RUXGUM,c1ccc2c(c1)c1ccccc1n2CC1=O->[Zn+2]23(<-[O-]1)(<-n1cccc4ccc5cccn->2c5c41)<-n1cccc2ccc4cccn->3c4c21,C38 H26 N5 O2 Zn1 1+,1.0,fail,c1ccc2c(c1)c1ccccc1n2CC1=O->[Zn+2]23(<-[O-]1)(<-n1cccc4ccc5cccn->2c5c41)<-n1cccc2ccc4cccn->3c4c21,c1ccc2c(c1)c1ccccc1n2CC12=O->[Zn+2]<-134(<-[O-]2)(<-n1cccc2ccc5cccn->3c5c21)<-n1cccc2ccc3cccn->4c3c21
RUYQOR,,C23 H41 O4 W1 1-,-1.0,CC(C)(C)[O-]->[W+6](<-[C-3]c1ccccc1)(<-[O-]C(C)(C)C)(<-[O-]C(C)(C)C)<-[O-]C(C)(C)C,CC(C)(C)[O-]->[W+6](<-[C-3][c-]1[cH+][cH-][cH+][cH-][cH+]1)(<-[O-]C(C)(C)C)(<-[O-]C(C)(C)C)<-[O-]C(C)(C)C,CC(C)(C)[O-]->[W+6](<-[C-3][c-]1[cH+][cH-][cH+][cH-][cH+]1)(<-[O-]C(C)(C)C)(<-[O-]C(C)(C)C)<-[O-]C(C)(C)C
RUZQEI,CCNC1NN->[Zn+2]2(<-NNC(NCC)=S->2)(<-[O-]C(=O)c2ccccc2C(=O)O)<-S=1,C14 H23 N6 O4 S2 Zn1 1+,1.0,CCNC1NN->[Zn+2]2(<-NNC(NCC)=S->2)(<-[O-]C(=O)c2ccccc2C(=O)O)<-S=1,CCNC1NN->[Zn+2]2(<-NNC(NCC)=S->2)(<-[O-]C(=O)c2ccccc2C(=O)O)<-S=1,CCNC1NN->[Zn+2]234(<-NNC(NCC)=S->2)(<-O=C->3([O-]->4)c2ccccc2C(=O)O)<-S=1
RUZZAN,C#CC#[C-]->[W+6]1234(<-[O-2])(<-[O-2])<-c5(C)c->1(C)c->2(C)[c-]->3(C)c->45C,C14 H16 O2 W1,0.0,C#CC#[C-]->[W+6]1234(<-[O-2])(<-[O-2])<-c5(C)c->1(C)c->2(C)[c-]->3(C)c->45C,C#CC#[C-]->[W+6]1234(<-[O-2])(<-[O-2])<-c5(C)c->1(C)c->2(C)[c-]->3(C)c->45C,C#CC#[C-]->[W+6]1234(<-[O-2])(<-[O-2])<-c5(C)c->1(C)c->2(C)[c-]->3(C)c->45C
SABGAE,O=C(c1ccccc1)c1ccn(->[Re+]2(<-[C-]#[O+])(<-[C-]#[O+])(<-[C-]#[O+])<-n3ccccc3-c3ccccn->23)cc1,C25 H17 N3 O4 Re1 1+,1.0,O=C(c1ccccc1)c1ccn(->[Re+]2(<-[C-]#[O+])(<-[C-]#[O+])(<-[C-]#[O+])<-n3ccccc3-c3ccccn->23)cc1,O=C(c1ccccc1)c1ccn(->[Re+]2(<-[C-]#[O+])(<-[C-]#[O+])(<-[C-]#[O+])<-n3ccccc3-c3ccccn->23)cc1,O=C(c1ccccc1)c1ccn(->[Re+]2(<-[C-]#[O+])(<-[C-]#[O+])(<-[C-]#[O+])<-n3ccccc3-c3ccccn->23)cc1
SACQAO,CCOC(=O)[CH-]1N(C)(C)->[Mo+6]<-1(<-[Cl-])(<-[N-2]c1c(C(C)C)cccc1C(C)C)<-[N-2]c1c(C(C)C)cccc1C(C)C,C30 H46 Cl1 Mo1 N3 O2,0.0,CCOC(=O)[CH-]1N(C)(C)->[Mo+6]<-1(<-[Cl-])(<-[N-2]c1c(C(C)C)cccc1C(C)C)<-[N-2]c1c(C(C)C)cccc1C(C)C,CCOC(=O)[CH-]1N(C)(C)->[Mo+6]<-1(<-[Cl-])(<-[N-2]c1c(C(C)C)cccc1C(C)C)<-[N-2]c1c(C(C)C)cccc1C(C)C,CCOC12[O-]->[Mo+6]<-13(<-[Cl-])(<-[N-2]c1c(C(C)C)cccc1C(C)C)(<-[N-2]c1c(C(C)C)cccc1C(C)C)<-C=2N->3(C)C
SADXIH,Clc1ccc([N+]#[C-]->[Ru+2]23(<-[S-]c4cccc5cccn->2c45)(<-[S-]c2cccc4cccn->3c24)<-P(c2ccccc2)(c2ccccc2)c2ccccc2)cc1,C43 H31 Cl1 N3 P1 Ru1 S2,0.0,fail,Clc1ccc([N+]#[C-]->[Ru+2]23(<-[S-]c4cccc5cccn->2c45)(<-[S-]c2cccc4cccn->3c24)<-P(c2ccccc2)(c2ccccc2)c2ccccc2)cc1,Clc1ccc([N+]#[C-]->[Ru+2]23(<-[S-]c4cccc5cccn->2c45)(<-[S-]c2cccc4cccn->3c24)<-P(c2ccccc2)(c2ccccc2)c2ccccc2)cc1
SAFMOB,CCN(CC)C1SC2(=S->[Cu@@+]<-2(<-[Cl-])<-S=1)N(CC)CC,C10 H20 Cl1 Cu1 N2 S3,0.0,CCN(CC)C1SC(=S->[Cu+](<-[Cl-])<-S=1)N(CC)CC,CCN(CC)C1SC(=S->[Cu+](<-[Cl-])<-S=1)N(CC)CC,CCN(CC)C1SC2(=S->[Cu+]<-2(<-[Cl-])<-S=1)N(CC)CC
SAGFOV,CC(=O)[O-]->[Hg+2]<-[C-]#N,C3 H3 Hg1 N1 O2,0.0,CC(=O)[O-]->[Hg+2]<-[C-]#N,CC(=O)[O-]->[Hg+2]<-[C-]#N,CC1=O->[Hg+2](<-[C-]#N)<-[O-]1
SAGYEH,C=C(C)C1=O->[Zn+2]23(<-O=C([O-]->2)C(=C)C)(<-[O-]1)<-n1ccccc1-c1ccccn->31,C18 H18 N2 O4 Zn1,0.0,fail,C=C(C)C(=O)[O-]->[Zn+2]1(<-[O-]C(=O)C(=C)C)<-n2ccccc2-c2ccccn->12,C=C(C)C12=O->[Zn+2]<-1345(<-O=C->3([O-]->4)C(=C)C)(<-[O-]2)<-n1ccccc1-c1ccccn->51
SAHYEG,,C20 H31 Ir1 N1 O1 1+,1.0,Cc1cccc(C)c1N1C(C)CO(C)->[Ir+]<-1234<-C1=C->2CCC->3=C->4CC1,CC1CO(C)->[Ir+]234(<-C5=C->2CCC->3=C->4CC5)<-N=1c1c(C)cccc1C,CC1CO(C)->[Ir+]234(<-C5=C->2CCC->3=C->4CC5)<-N=1c1c(C)cccc1C
SAJXIL,,C32 H39 Cl2 N3 O3 Ru1,0.0,Cc1cc(C)c(N2CCCN(c3c(C)cc(C)cc3C)[C]2->[Ru+4]2(<-[Cl-])(<-[Cl-])<-[CH-2]c3cc([N+](=O)[O-])ccc3O->2C(C)C)c(C)c1,Cc1cc(C)c(N2CCCN(c3c(C)cc(C)cc3C)[C]2->[Ru+2]2(<-[Cl-])(<-[Cl-])<-[CH]c3cc([N+](=O)[O-])ccc3O->2C(C)C)c(C)c1,Cc1cc(C)c(N2CCCN(c3c(C)cc(C)cc3C)[C]2->[Ru+2]2(<-[Cl-])(<-[Cl-])<-[CH]c3cc([N+](=O)[O-])ccc3O->2C(C)C)c(C)c1
SAKQEC,Cc1cc(C)[n-]2->[Ti+4]3(<-n4ccccc4-c12)(<-n1ccccc1-c1c(C)cc(C)[n-]->31)(<-[N-](C)C)<-[N-](C)C,C26 H34 N6 Ti1,0.0,Cc1cc(C)[n-]2->[Ti+4]3(<-n4ccccc4-c12)(<-n1ccccc1-c1c(C)cc(C)[n-]->31)(<-[N-](C)C)<-[N-](C)C,CC1=CC(C)=N2->[Ti+4]3(<-n4ccccc4-c4c(C)cc(C)[n-]->34)(<-[N-](C)C)(<-[N-](C)C)<-[N-]3C=CC=CC3=C12,CC1=CC(C)=N2->[Ti+4]3(<-n4ccccc4-c4c(C)cc(C)[n-]->34)(<-[N-](C)C)(<-[N-](C)C)<-[N-]3C=CC=CC3=C12
SALDNI,C1\c2ccccc2[O-]->[Ni@SP2+2]23<-[O-]c4ccccc4/C=N->2\CCCNCCC/N->3=1,C20 H23 N3 Ni1 O2,0.0,C1c2ccccc2[O-]->[Ni+2]234<-[O-]c5ccccc5C=N->2CCCN->3CCCN->4=1,C1c2ccccc2[O-]->[Ni+2]234<-[O-]c5ccccc5C=N->2CCCN->3CCCN->4=1,C1c2ccccc2[O-]->[Ni+2]234<-[O-]c5ccccc5C=N->2CCCN->3CCCN->4=1
SAMHUK,C[C@@H]1O[P@TB13]23(=S->[Ni+2]<-245(<-S=[P@TB19]->42([S-]->5)O[C@@H](C)[C@H](C)O2)<-[S-]3)O[C@H]1C,C8 H16 Ni1 O4 P2 S4,0.0,CC1O[PH]2(=S->[Ni]3(<-S=2)<-S=[PH]2(=S->3)OC(C)C(C)O2)OC1C,CC1OP2(=S->[Ni+2]3(<-S=P4([S-]->3)OC(C)C(C)O4)<-[S-]2)OC1C,CC1OP23(=S->[Ni+2]<-245(<-S=P->42([S-]->5)OC(C)C(C)O2)<-[S-]3)OC1C
SANWAH,,C26 H38 Cl2 N3 O2 Rh1,0.0,CN1c2ccccc2N(CC(=O)NC(CO)C(C)(C)C)[C]1->[Rh+3]1234(<-[Cl-])(<-[Cl-])<-c5(C)c->1(C)c->2(C)[c-]->3(C)c->45C,CN1c2ccccc2N(CC([O-])=NC(C[O-])C(C)(C)C)[C]1->[Rh+5]1234(<-[Cl-])(<-[Cl-])<-c5(C)c->1(C)c->2(C)[c-]->3(C)c->45C,C=O.CN1c2ccccc2N(CC(=O)N=CC(C)(C)C)[C]1->[Rh+3]1234(<-[Cl-])(<-[Cl-])<-c5(C)c->1(C)c->2(C)[c-]->3(C)c->45C
SAQCIW,CC1(C)CO/C2=C3\C=CC=CC3=[Se]->[Cd+2]3(<-[Se]=C4C=CC=C/C4=C4\OCC(C)(C)[N-]->34)<-[N-]21,C22 H24 Cd1 N2 O2 Se2,0.0,CC1(C)COC2c3ccccc3[Se-]->[Cd+2]3(<-[Se-]c4ccccc4C4=N->3C(C)(C)CO4)<-N=21,CC1(C)COC2=C3C=CC=CC3=[Se]->[Cd+2]3(<-[Se]=C4C=CC=CC4=C4OCC(C)(C)[N-]->34)<-[N-]21,CC1(C)COC2=C3C=CC=CC3=[Se]->[Cd+2]3(<-[Se]=C4C=CC=CC4=C4OCC(C)(C)[N-]->34)<-[N-]21
SAQJIG,O=C1c2ccccn2->[V+5]2(<-[O-2])(<-[O-2])<-[O-]C(/N=N->2/1)=C1/C=CC=CN1,C12 H9 N4 O4 V1,0.0,O=C1c2ccccn2->[V+5]2(<-[O-2])(<-[O-2])<-[O-]C(=N[N-]->21)c1cccc[nH+]1,O=C1c2ccccn2->[V+5]2(<-[O-2])(<-[O-2])<-[O-]C(N=N->21)=C1C=CC=CN1,O=C1c2ccccn2->[V+5]2(<-[O-2])(<-[O-2])<-[O-]C(N=N->21)=C1C=CC=CN1
SASHOJ,,C25 H20 F12 Mo1 S1,0.0,CC1=C(c2ccccc2)S(C(C)C)->[Mo+4]234567(<-C(#C->2C(F)(F)F)C(F)(F)F)(<-[C-2](C(F)(F)F)[C-]->31C(F)(F)F)<-c1c->4c->5[cH-]->6c->71,CC1=C(c2ccccc2)S(C(C)C)->[Mo+2]234567(<-C(#C->2C(F)(F)F)C(F)(F)F)(<-[C-](C(F)(F)F)=C->31C(F)(F)F)<-c1c->4c->5[cH-]->6c->71,CC1=C(c2ccccc2)S(C(C)C)->[Mo+2]234567(<-C(#C->2C(F)(F)F)C(F)(F)F)(<-[C-](C(F)(F)F)=C->31C(F)(F)F)<-c1c->4c->5[cH-]->6c->71
SASMEE,,C14 H21 O1 Re1,0.0,fail,Cc12->[ReH+2]34567(<-[C-]#[O+])(<-C=C->3[CH2-]->4)<-c1(C)c->5(C)[c-]->6(C)c->72C,Cc1c2(C)->[ReH+2]3456(<-[C-]#[O+])(<-C=C->3[CH2-]->4)<-c1(C)[c-]->5(C)c->62C
SATKOO,CC1/C=C(/C)[O-]->[Zn+2]2(<-O=1)(<-O=C(C)/C=C(/C)[O-]->2)<-N(C)(C)CCO,C14 H25 N1 O5 Zn1,0.0,fail,CC1=CC(C)=O->[Zn+2]23(<-O=C(C)C=C(C)[O-]->2)(<-[O-]1)<-OCCN->3(C)C,CC1=CC(C)=O->[Zn+2]23(<-O=C(C)C=C(C)[O-]->2)(<-[O-]1)<-OCCN->3(C)C
SATXES,Cc1cc(C)n2->[Ir+3]34(<-[c-]5ccccc5)(<-[c-]5cccc(=O)n5-c5ccccn->35)<-n3c(C)cc(C)n3[BH-](n12)n1c(C)cc(C)n->41,C31 H34 B1 Ir1 N8 O1,0.0,Cc1cc(C)n2->[Ir+2]34(<-[c]5cccc(=O)n5-c5ccccn->35)(<-[c-]3ccccc3)<-n3c(C)cc(C)n3[BH-](n12)n1c(C)cc(C)n->41,Cc1cc(C)n2->[Ir+3]34(<-[c-]5ccccc5)(<-[c-]5cccc(=O)n5-c5ccccn->35)<-n3c(C)cc(C)n3[BH-](n12)n1c(C)cc(C)n->41,Cc1cc(C)n2->[Ir+3]34(<-[c-]5ccccc5)(<-[c-]5cccc(=O)n5-c5ccccn->35)<-n3c(C)cc(C)n3[BH-](n12)n1c(C)cc(C)n->41
SAWMIP,[O+]#[C-]->[Re+]1(<-O)(<-[C-]#[O+])(<-[C-]#[O+])<-[O-]c2ccccc2P->1(c1ccccc1)c1ccccc1,C21 H16 O5 P1 Re1,0.0,[O+]#[C-]->[Re+]1(<-O)(<-[C-]#[O+])(<-[C-]#[O+])<-[O-]c2ccccc2P->1(c1ccccc1)c1ccccc1,[O+]#[C-]->[Re+]1(<-O)(<-[C-]#[O+])(<-[C-]#[O+])<-[O-]c2ccccc2P->1(c1ccccc1)c1ccccc1,[O+]#[C-]->[Re+]1(<-O)(<-[C-]#[O+])(<-[C-]#[O+])<-[O-]c2ccccc2P->1(c1ccccc1)c1ccccc1
SAXQEN,C/C1=C(\C)[N-]([O-])->[Co+3]2(<-O)(<-[CH-]3CCCC3)(<-N1=O)<-N(/O)=C(C)\C(C)=N->2\O,C13 H25 Co1 N4 O5,0.0,CC1C(C)=N([O])->[Co+]2(<-O)(<-[CH-]3CCCC3)(<-N=1[O])<-N(O)=C(C)C(C)=N->2O,CC1=C(C)N(=O)->[Co+]2(<-O)(<-[CH-]3CCCC3)(<-N1=O)<-N(O)=C(C)C(C)=N->2O,CC1=C(C)N(=O)->[Co+]2(<-O)(<-[CH-]3CCCC3)(<-N1=O)<-N(O)=C(C)C(C)=N->2O
SAYTAO,COc1ccccc1OP1N(C(C)(C)C)P(Oc2ccccc2OC)(->[Rh+]234(<-[Cl-])<-C5=C->2/CC/C->3=C->4\CC\5)N1C(C)(C)C,C30 H44 Cl1 N2 O4 P2 Rh1,0.0,COc1ccccc1OP1N(C(C)(C)C)P(Oc2ccccc2OC)(->[Rh+]234(<-[Cl-])<-C5=C->2CCC->3=C->4CC5)N1C(C)(C)C,COc1ccccc1OP12=P(Oc3ccccc3OC)(->[Rh+]345(<-[Cl-])<-C6=C->3CCC->4=C->5CC6)(N1C(C)(C)C)N2C(C)(C)C,COc1ccccc1OP12=P(Oc3ccccc3OC)(->[Rh+]345(<-[Cl-])<-C6=C->3CCC->4=C->5CC6)(N1C(C)(C)C)N2C(C)(C)C
SAZJUA,[O+]#[C-]->[Cr]123(<-[H][B@-]->145N1CCCN6CCC[N+](=C61)[B@@-]->24([H]->3)[N+]1=C2N(CCCN25)CCC1)(<-[C-]#[O+])(<-[C-]#[O+])<-[C-]#[O+],C18 H26 B2 Cr1 N6 O4,0.0,[O+]#[C-]->[Cr]1(<-[H][B-]23N4CCCN5CCC[N+](=C54)[B-]2([H]->1)[N+]1=C2N(CCCN23)CCC1)(<-[C-]#[O+])(<-[C-]#[O+])<-[C-]#[O+],C1CN2CCC[N+]3=C2N(C1)[BH-]1[BH-]3[N+]2=C3N(CCCN13)CCC2.[O+]#[C-]->[Cr](<-[C-]#[O+])(<-[C-]#[O+])<-[C-]#[O+],C1CN2CCC[N+]3=C2N(C1)[BH-]1[BH-]3[N+]2=C3N(CCCN13)CCC2.[O+]#[C-]->[Cr](<-[C-]#[O+])(<-[C-]#[O+])<-[C-]#[O+]
SECJAO,Cc1cccn(->[Ni+2]234(<-O=N->2[O-]->3)(<-[O-]N->4=O)<-n2cccc(C)c2C)c1C,C14 H18 N4 Ni1 O4,0.0,fail,Cc1cccn(->[Ni+2]23(<-O=N[O-]->2)(<-O=N[O-]->3)<-n2cccc(C)c2C)c1C,Cc1cccn(->[Ni+2](<-[O-]N=O)(<-[O-]N=O)<-n2cccc(C)c2C)c1C
SEDCEK,,C21 H15 Cl1 N2 Pt1,0.0,[Cl-]->[Pt+2]12<-[c-]3ccccc3-c3ccc4cccc(N->1c1ccccc1)c4n->23,[Cl-]->[Pt+2]12<-[c-]3ccccc3-c3ccc4cccc(N->1c1ccccc1)c4n->23,[Cl-]->[Pt+2]12<-[c-]3ccccc3-c3ccc4cccc(N->1c1ccccc1)c4n->23
SEFGOZ,,C21 H27 Mn1 N1 O6 P1,0.0,fail,COC(=O)C(C(=O)OC)C1C(c2ccccc2)C2->[Mn+]34(<-[C-]#[O+])(<-[N-]=O)(<-C1=C->3C->4=2)<-P(C)(C)C,COC(=O)C(C(=O)OC)C1C2[C-](=O)->[Mn+3]34(<-[N-]=O)(<-C2=C->3[CH-]->4C1c1ccccc1)<-P(C)(C)C
SEHPIG,CCC1(CC)C2=N3->[Pd@SP2+2]45<-N(=C\c6ccc1[n-]->46)/c1ccccc1OCCN(C)CCOc1ccccc1[N-]->5/C=C\3C=C2,C32 H35 N5 O2 Pd1,0.0,CCC1(CC)c2ccc3[n-]2->[Pd+2]24<-N(=C3)c3ccccc3OCCN(C)CCOc3ccccc3N->2=Cc2ccc1[n-]->42,CCC1(CC)C2=N3->[Pd+2]45<-N(=Cc6ccc1[n-]->46)c1ccccc1OCCN(C)CCOc1ccccc1[N-]->5C=C3C=C2,CCC1(CC)C2=N3->[Pd+2]45<-N(=Cc6ccc1[n-]->46)c1ccccc1OCCN(C)CCOc1ccccc1[N-]->5C=C3C=C2
SEJXOW,Cc1cc(C)c(N2C=CN3c4ccccn4->[Pd@+2](<-[CH3-])(<-[Br-])<-[C]23)c(C)c1,C18 H20 Br1 N3 Pd1,0.0,Cc1cc(C)c(N2C=CN3c4ccccn4->[Pd+2](<-[CH3-])(<-[Br-])<-[C]23)c(C)c1,Cc1cc(C)c(N2C=CN3c4ccccn4->[Pd+2](<-[CH3-])(<-[Br-])<-[C]23)c(C)c1,Cc1cc(C)c(N2C=CN3c4ccccn4->[Pd+2](<-[CH3-])(<-[Br-])<-[C]23)c(C)c1
SEKMIF,,C26 H30 Cd1 N3 O9 1+,1.0,O=[N+]1[O-]->[Cd+2]234(<-O)(<-[O-]1)<-n1cccc5cccc(O->2CCO->3CCO->4CCOCCOc2cccc3cccnc23)c51,O=[N+]1[O-]->[Cd+2]234(<-O)(<-[O-]1)<-n1cccc5cccc(O->2CCO->3CCO->4CCOCCOc2cccc3cccnc23)c51,O=[N+]12[O-]->[Cd+2]<-134(<-O)(<-[O-]2)<-n1cccc2cccc(OCCOCCO->3CCO->4CCOc3cccc4cccnc34)c21
SELLEA,,C18 H44 Cl1 Ir1 P2,0.0,CC(C)P(C(C)C)(C(C)C)->[IrH2+](<-[Cl-])<-P(C(C)C)(C(C)C)C(C)C,CC(C)P(C(C)C)(C(C)C)->[Ir+](<-[Cl-])<-P(C(C)C)(C(C)C)C(C)C,CC(C)P(C(C)C)(C(C)C)->[Ir+](<-[Cl-])<-P(C(C)C)(C(C)C)C(C)C
SEMDEU,,C31 H29 N1 O3 P2 Pd1 S1,0.0,COP(=O)(OC)[S-]->[Pd+2]1(<-[c-]2ccccc2-c2ccccn->12)<-P(c1ccccc1)(c1ccccc1)c1ccccc1,COP(=O)(OC)[S-]->[Pd+2]1(<-[c-]2ccccc2-c2ccccn->12)<-P(c1ccccc1)(c1ccccc1)c1ccccc1,COP1(=O)(OC)[S-]->[Pd+2]<-12(<-[c-]1ccccc1-c1ccccn->21)<-P(c1ccccc1)(c1ccccc1)c1ccccc1
SEPKOP,,C26 H47 Ir1 O2 P2,0.0,fail,CC(C)(C)P1(Cc2cccc3CP(C(C)(C)C)(C(C)(C)C)->[IrH+2]<-145(<-O=C->4(C)[O-]->5)<-[c-]23)C(C)(C)C,CC(C)(C)P1(Cc2cccc3CP(C(C)(C)C)(C(C)(C)C)->[IrH+2]<-145(<-O=C->4(C)[O-]->5)<-[c-]23)C(C)(C)C
SEPXUG,,C21 H33 Mo1 N1 O1 Si1,0.0,fail,Cc12->[Mo+4]3456(<-[CH2-]c->37ccccc7)(<-[CH2-][Si](C)(C)C)(<-[N-]=O)<-c1(C)c->4(C)[c-]->5(C)c->62C,Cc12->[Mo+4]3456(<-[CH2-]c->37ccccc7)(<-[CH2-][Si](C)(C)C)(<-[N-]=O)<-c1(C)c->4(C)[c-]->5(C)c->62C
SEQSAI,Cc12->[Rh+3]345(<-[Cl-])(<-c1(C)c->3(C)[c-]->4(C)c->52C)(<-P(C)(C)C)<-[S@](=O)([O-])c1ccccc1,C19 H29 Cl1 O2 P1 Rh1 S1,0.0,Cc12->[Rh+2]345(<-[Cl-])(<-c1(C)c->3(C)[c-]->4(C)c->52C)(<-P(C)(C)C)<-[SH](=O)(=O)c1ccccc1,Cc12->[Rh+3]345(<-[Cl-])(<-c1(C)c->3(C)[c-]->4(C)c->52C)(<-P(C)(C)C)<-S(=O)([O-])c1ccccc1,Cc12->[Rh+3]345(<-[Cl-])(<-c1(C)c->3(C)[c-]->4(C)c->52C)(<-P(C)(C)C)<-S(=O)([O-])c1ccccc1
SERPEL,c1ccc(CN2CCS3->[Ag+]4<-S(CCS->4c4ccccc4CN(Cc4ccccc4)CC3)c3ccccc3C2)cc1,C34 H38 Ag1 N2 S3 1+,1.0,c1ccc(CN23->[Ag+]456<-S(CC2)CCN->4(Cc2ccccc2)Cc2ccccc2S->5CCS->6c2ccccc2C3)cc1,c1ccc(CN2CCS3->[Ag+]45<-S(CCS->4c4ccccc4CN->5(Cc4ccccc4)CC3)c3ccccc3C2)cc1,c1ccc(CN23->[Ag+]4567<-c8ccccc8CN->4(CCS->5CC2)Cc2ccccc2S->6CCS->7c2ccccc2C3)cc1
SESWUL,Clc1ccc(/C2=N/C(=S->[Pt+2]3(<-[O-]2)<-[O-]/C(=N\C(=S->3)N(c2ccccc2)c2ccccc2)c2ccc(Cl)cc2)N(c2ccccc2)c2ccccc2)cc1,C40 H28 Cl2 N4 O2 Pt1 S2,0.0,Clc1ccc(C2N=C([S-]->[Pt+2]3(<-O=2)<-O=C(N=C([S-]->3)N(c2ccccc2)c2ccccc2)c2ccc(Cl)cc2)N(c2ccccc2)c2ccccc2)cc1,Clc1ccc(C2=NC(=S->[Pt+2]3(<-[O-]2)<-[O-]C(=NC(=S->3)N(c2ccccc2)c2ccccc2)c2ccc(Cl)cc2)N(c2ccccc2)c2ccccc2)cc1,Clc1ccc(C2=NC(=S->[Pt+2]3(<-[O-]2)<-[O-]C(=NC(=S->3)N(c2ccccc2)c2ccccc2)c2ccc(Cl)cc2)N(c2ccccc2)c2ccccc2)cc1
SETLIP,CCNC(/[NH+]=N/C(=C1/C=CC=CN1)c1ccccn1)=S->[Au+]<-[Br-],C14 H16 Au1 Br1 N5 S1 1+,1.0,CCNC(NN=C(c1ccccn1)c1cccc[nH+]1)=S->[Au+]<-[Br-],CCNC([NH+]=NC(=C1C=CC=CN1)c1ccccn1)=S->[Au+]<-[Br-],CCNC([NH+]=NC(=C1C=CC=CN1)c1ccccn1)=S->[Au+]<-[Br-]
SEVHUY,,C28 H34 N1 O1 P1 Pt1,0.0,CC#N->[Pt+2]12<-[c-]3cc(OC)ccc3-c3ccc4ccc(C)c(P->1(C(C)(C)C)C(C)(C)C)c4[c-]->23,CC#N->[Pt]12<-[C]3C=C(OC)C=CC3=C3C=Cc4ccc(C)c(P->1(C(C)(C)C)C(C)(C)C)c4[C]->23,CC#N->[Pt]12<-[C]3C=C(OC)C=CC3=C3C=Cc4ccc(C)c(P->1(C(C)(C)C)C(C)(C)C)c4[C]->23
SEWFIJ,,C14 H19 Co1 F3 N5 O4,0.0,CC1C(C)=N(O)->[Co+]2(<-N=1[O])(<-N([O])=C(C)C(C)=N->2O)(<-n1ccccc1)<-[C-](F)(F)F,CC1=C(C)N(=O)->[Co+]2(<-N1=O)(<-N(=O)C(C)=C(C)N->2=O)(<-n1ccccc1)<-[C-](F)(F)F,CC1=C(C)N(=O)->[Co+]2(<-N1=O)(<-N(=O)C(C)=C(C)N->2=O)(<-n1ccccc1)<-[C-](F)(F)F
SEWTOE,CCC1=C(CC)/C2=C/C3=N4->[Pd@OH15+2](<-[N-]=C=NC#N)(<-N2=C1C)<-[n-]1c(C)c(CC)c(CC)c1/C=C\4C(CC)=C3CC,C30 H38 N6 Pd1,0.0,CCC1=C(CC)C(C)=N2->[Pd+2]3(<-N#C[N-]C#N)<-N4=C(C)C(CC)=C(CC)C4=Cc4c(CC)c(CC)c(C=C12)[n-]->34,CCC1=C(CC)C(C)=N2->[Pd+2]3(<-[N-]=C=NC#N)<-N4=C(C=C12)C(CC)=C(CC)C4=Cc1c(CC)c(CC)c(C)[n-]->31,CCC1=C(CC)C(C)=N2->[Pd+2]3(<-[N-]=C=NC#N)<-N4=C(C=C12)C(CC)=C(CC)C4=Cc1c(CC)c(CC)c(C)[n-]->31
SEYWIE,,C29 H43 N1 Si1 Zr1,0.0,CC1(C)CCC(C)(C)c2cc34->[Zr+4]5678(<-[CH3-])(<-[CH3-])<-[N-](C(C)(C)C)[Si](C)(C)[c-]->53c->63ccccc->73c->84cc21,CC1(C)CCC(C)(C)c2cc34->[Zr+4]5678(<-[CH3-])(<-[CH3-])<-[N-](C(C)(C)C)[Si](C)(C)[c-]->53c->63ccccc->73c->84cc21,CC1(C)CCC(C)(C)c2cc34->[Zr+4]5678(<-[CH3-])(<-[CH3-])<-[N-](C(C)(C)C)[Si](C)(C)[c-]->53c->63ccccc->73c->84cc21
SEZRIB,CC12->[Co+]34(<-[I-])(<-[C-]#[O+])(<-[C-]#[O+])<-C=1(C)C->3(C)=C->42C,C10 H12 Co1 I1 O2,0.0,CC12->[Co+]34(<-[I-])(<-[C-]#[O+])(<-[C-]#[O+])<-C=1(C)C->3(C)=C->42C,CC12->[Co+]34(<-[I-])(<-[C-]#[O+])(<-[C-]#[O+])<-C=1(C)C->3(C)=C->42C,CC12->[Co+]34(<-[I-])(<-[C-]#[O+])(<-[C-]#[O+])<-C=1(C)C->3(C)=C->42C
SIBROM,CCCCCCCCN1C=CN2CC[Se](c3ccccc3)->[Pd+2](<-[Cl-])(<-[Cl-])<-[C]12,C19 H28 Cl2 N2 Pd1 Se1,0.0,CCCCCCCCN1C=CN2CC[Se](c3ccccc3)->[Pd+2](<-[Cl-])(<-[Cl-])<-[C]12,[CH2-]Cn1cc[n+](CCCCCCCC)[c-]1->[Pd+4](<-[Cl-])(<-[Cl-])<-[Se-]c1ccccc1,[CH2-]Cn1cc[n+](CCCCCCCC)[c-]1->[Pd+4](<-[Cl-])(<-[Cl-])<-[Se-]c1ccccc1
SICLAT,,C24 H53 Cl1 O2 Os1 P2,0.0,CCOC1C=[C-](C)->[OsH2+2](<-[Cl-])(<-O=1)(<-P(C(C)C)(C(C)C)C(C)C)<-P(C(C)C)(C(C)C)C(C)C,CCOC1C=[C-](C)->[OsH2+2](<-[Cl-])(<-O=1)(<-P(C(C)C)(C(C)C)C(C)C)<-P(C(C)C)(C(C)C)C(C)C,CCOC1C=[C-](C)->[OsH2+2](<-[Cl-])(<-O=1)(<-P(C(C)C)(C(C)C)C(C)C)<-P(C(C)C)(C(C)C)C(C)C
SIDNAW,Cc1cccn(->[Zn+2](<-n2cccc(C)c2)(<-[N-]2C(=O)CCC2=O)<-[N-]2C(=O)CCC2=O)c1,C20 H22 N4 O4 Zn1,0.0,Cc1cccn(->[Zn+2](<-n2cccc(C)c2)(<-[N-]2C(=O)CCC2=O)<-[N-]2C(=O)CCC2=O)c1,Cc1cccn(->[Zn+2](<-n2cccc(C)c2)(<-[N-]2C(=O)CCC2=O)<-[N-]2C(=O)CCC2=O)c1,Cc1cccn(->[Zn+2]23(<-[O-]C4=N->2C(=O)CC4)(<-[O-]C2=N->3C(=O)CC2)<-n2cccc(C)c2)c1
SIFCAN,CN1C(=C(=C2N(C)c3ccccc3N2C2CCCCC2)->[Rh+](<-[Cl-])(<-[C-]#[O+])<-[C-]#[O+])N(C2CCCCC2)c2ccccc21,C31 H36 Cl1 N4 O2 Rh1,0.0,CN1C(=C(=C2N(C)c3ccccc3N2C2CCCCC2)->[Rh+](<-[Cl-])(<-[C-]#[O+])<-[C-]#[O+])N(C2CCCCC2)c2ccccc21,CN1C(=C(=C2N(C)c3ccccc3N2C2CCCCC2)->[Rh+](<-[Cl-])(<-[C-]#[O+])<-[C-]#[O+])N(C2CCCCC2)c2ccccc21,CN1C(=C(=C2N(C)c3ccccc3N2C2CCCCC2)->[Rh+](<-[Cl-])(<-[C-]#[O+])<-[C-]#[O+])N(C2CCCCC2)c2ccccc21
SIFTEI,,C35 H39 Mo1 N1 O2 Si1,0.0,Cc1ccc([Si](c2ccc(C)cc2)(c2ccc(C)cc2)N2=C(C)->[Mo+]<-23456(<-[C-]#[O+])(<-[C-]#[O+])<-c2(C)c->3(C)c->4(C)[c-]->5(C)c->62C)cc1,Cc1ccc([Si](c2ccc(C)cc2)(c2ccc(C)cc2)N2=[C-](C)->[Mo+2]<-23456(<-[C-]#[O+])(<-[C-]#[O+])<-c2(C)c->3(C)c->4(C)[c-]->5(C)c->62C)cc1,Cc1ccc([Si](c2ccc(C)cc2)(c2ccc(C)cc2)N2=[C-](C)->[Mo+2]<-23456(<-[C-]#[O+])(<-[C-]#[O+])<-c2(C)c->3(C)c->4(C)[c-]->5(C)c->62C)cc1
SIGLUR,C[C+]1[CH+][CH+][C+]([C-]23[CH-]4[N-]5CCO6CC[N-]([Si](C)(C)C)->[Ti+4]<-4<-5<-6<-2(<-[N-](c2ccccc2)c2ccccc2)<-[N-]3[Si](C)(C)C)[CH-][CH-]1,C31 H44 N4 O1 Si2 Ti1,0.0,fail,Cc1ccc(C2C=N3CCO4CC[N-]([Si](C)(C)C)->[Ti+2]<-3<-4(<-N=2[Si](C)(C)C)<-[N-](c2ccccc2)c2ccccc2)cc1,Cc1ccc(C2C=N3CCO4CC[N-]([Si](C)(C)C)->[Ti+2]<-3<-4(<-N=2[Si](C)(C)C)<-[N-](c2ccccc2)c2ccccc2)cc1
SIGXOV,ClP(Cl)(Cl)=O->[W+6]1(<-[Cl-])(<-[Cl-])(<-[Cl-])(<-[Cl-])<-[C-](/c2ccccc2)=[C-]->1/c1ccccc1,C14 H10 Cl7 O1 P1 W1,0.0,ClP(Cl)(Cl)=O->[W+4]1(<-[Cl-])(<-[Cl-])(<-[Cl-])(<-[Cl-])<-C(c2ccccc2)#C->1c1ccccc1,ClP(Cl)(Cl)=O->[W+4]1(<-[Cl-])(<-[Cl-])(<-[Cl-])(<-[Cl-])<-C(c2ccccc2)#C->1c1ccccc1,ClP(Cl)(Cl)=O->[W+4]1(<-[Cl-])(<-[Cl-])(<-[Cl-])(<-[Cl-])<-C(c2ccccc2)#C->1c1ccccc1
SIJBIW,O=[N+]([O-])[O-]->[Zn+2]123(<-O)<-N4CCCN->1Cc1ccccc1N->2CCN->3c1ccccc1C4,C19 H28 N5 O4 Zn1 1+,1.0,O=[N+]([O-])[O-]->[Zn+2]123(<-O)<-N4CCCN->1Cc1ccccc1N->2CCN->3c1ccccc1C4,O->[Zn+2]123<-N4CCCN->1Cc1ccccc1N->2CCN->3c1ccccc1C4.O=[N+]([O-])[O-],O.O=[N+]([O-])[O-]->[Zn+2]123<-N4CCCN->1Cc1ccccc1N->2CCN->3c1ccccc1C4
SIJKUU,,C29 H34 B1 N3 O4 Ru1,0.0,CC[N+](CC)=B(c1n(-c2c(C)cc(C)cc2C)cc[n+]1-c1c(C)cc(C)cc1C)->[Ru-2](<-[C-]#[O+])(<-[C-]#[O+])(<-[C-]#[O+])<-[C-]#[O+],CCN(CC)B(=C1N(c2c(C)cc(C)cc2C)C=CN1c1c(C)cc(C)cc1C)->[Ru](<-[C-]#[O+])(<-[C-]#[O+])(<-[C-]#[O+])<-[C-]#[O+],CCN(CC)B(=C1N(c2c(C)cc(C)cc2C)C=CN1c1c(C)cc(C)cc1C)->[Ru](<-[C-]#[O+])(<-[C-]#[O+])(<-[C-]#[O+])<-[C-]#[O+]
SIKQUA,[O+]#[C-]->[Mo+4]1234(<-[C-]#[O+])(<-[CH-]5c6ccccc6[CH-]->1[CH-]->25)<-n1cccn1[BH-](n1cccn->31)n1cccn->41,C20 H17 B1 Mo1 N6 O2,0.0,fail,[O+]#[C-]->[Mo+2]1234(<-[C-]#[O+])(<-c5c6ccccc6[cH-]->1c->25)<-n1cccn1[BH-](n1cccn->31)n1cccn->41,[O+]#[C-]->[Mo+2]1234(<-[C-]#[O+])(<-c5c6ccccc6[cH-]->1c->25)<-n1cccn1[BH-](n1cccn->31)n1cccn->41
SILMIL,[Cl-]->[Ru+2]123456(<-c7c->1c->2c->3c->4c->57)<-n1nc(-c2ccccc2)cn1C[Se]->6c1ccccc1,C21 H19 Cl1 N3 Ru1 Se1 1+,1.0,[Cl-]->[Ru+2]123456(<-c7c->1c->2c->3c->4c->57)<-n1nc(-c2ccccc2)cn1C[Se]->6c1ccccc1,[CH2-]n1cc(-c2ccccc2)nn1->[Ru+4]12345(<-[Cl-])(<-[Se-]c6ccccc6)<-c6c->1c->2c->3c->4c->56,[CH2-]n1cc(-c2ccccc2)nn1->[Ru+4]12345(<-[Cl-])(<-[Se-]c6ccccc6)<-c6c->1c->2c->3c->4c->56
SIMDIB,C[C-]12[C-](=O)->[Cr+2]<-134(<-[C-]#[O+])(<-[C-]#[O+])(<-[C-]#[O+])<-C21=C->3(N->4(C)C)CCC1,C13 H15 Cr1 N1 O4,0.0,fail,CC12=C(=O)->[Cr]<-134(<-[C-]#[O+])(<-[C-]#[O+])(<-[C-]#[O+])<-C21=C->3(N->4(C)C)CCC1,CC12=C(=O)->[Cr]<-134(<-[C-]#[O+])(<-[C-]#[O+])(<-[C-]#[O+])<-C21=C->3(N->4(C)C)CCC1
SIMXOB,CC1(C)CC2(C)->[Mn+]345(<-[C-]#[O+])(<-[C-]#[O+])(<-[C-]#[O+])<-C1=C->3(C)CC[C-]->4(C)C->5=2,C17 H23 Mn1 O3,0.0,fail,CC1(C)CC2(C)->[Mn+]345(<-[C-]#[O+])(<-[C-]#[O+])(<-[C-]#[O+])<-C1=C->3(C)CC[C-]->4(C)C->5=2,CC1=C2->[Mn+]34(<-[C-]#[O+])(<-[C-]#[O+])(<-[C-]#[O+])<-C(=C->3(C)CC2(C)C)[C-]->4(C)CC1
SINVIX,COc1ccc2cc([C@H](C)C(=O)[O-]->[Zn@TB3+2]3(<-O=C([O-]->3)[C@@H](C)c3ccc4cc(OC)ccc4c3)(<-OC)<-OC)ccc2c1,C30 H34 O8 Zn1,0.0,fail,COc1ccc2cc(C(C)C(=O)[O-]->[Zn+2](<-[O-]C(=O)C(C)c3ccc4cc(OC)ccc4c3)(<-OC)<-OC)ccc2c1,COc1ccc2cc(C(C)C34=O->[Zn+2]<-356(<-O=C->5([O-]->6)C(C)c3ccc5cc(OC)ccc5c3)(<-[O-]4)(<-OC)<-OC)ccc2c1
SIPKAE,Cc1cc(C)[n-]2->[Zr+4]34(<-[CH2-]c5ccccc5)(<-[CH2-]c->35ccccc5)(<-n12)<-n1c(C)cc(C)[n-]->41,C24 H28 N4 Zr1,0.0,fail,Cc1cc(C)[n-]2->[Zr+4]34(<-[CH2-]c5ccccc5)(<-[CH2-]c->35ccccc5)(<-n12)<-n1c(C)cc(C)[n-]->41,Cc1cc(C)[n-]2->[Zr+4]3456(<-[CH2-]c->37ccccc7)(<-[CH2-]c->43ccccc->53)(<-n12)<-n1c(C)cc(C)[n-]->61
SIQJAF,C[C@H](O)C(=O)[O-]->[Ni@OH5+2]1(<-[O-]C(=O)[C@H](C)O)<-n2cccc3ccc4cccn->1c4c32,C18 H18 N2 Ni1 O6,0.0,CC1O->[Ni+2]23(<-[O-]C1=O)(<-[O-]C(=O)C(C)O->2)<-n1cccc2ccc4cccn->3c4c21,CC1O->[Ni+2]23(<-[O-]C1=O)(<-[O-]C(=O)C(C)O->2)<-n1cccc2ccc4cccn->3c4c21,CC(O)C(=O)[O-]->[Ni+2]1(<-[O-]C(=O)C(C)O)<-n2cccc3ccc4cccn->1c4c32
SIRJAE,O=[N+]1[O-]->[Rh+3](<-[Br-])(<-[O-]1)(<-[P-](C1CCCCC1)C1CCCCC1)<-P(Br)(C1CCCCC1)C1CCCCC1,C24 H46 Br2 N1 O3 P2 Rh1,0.0,O=[N+]1[O-]->[Rh+3](<-[Br-])(<-[Br-])(<-[O-]1)(<-P(C1CCCCC1)C1CCCCC1)<-P(C1CCCCC1)C1CCCCC1,[O-]N1[O-]->[Rh+7](<-[Br-])(<-[Br-])(<-[O-]1)(<-[P-](C1CCCCC1)C1CCCCC1)<-[P-](C1CCCCC1)C1CCCCC1,O=[N+]1[O-]->[Rh+3](<-[Br-])(<-[O-]1)(<-[P-](C1CCCCC1)C1CCCCC1)<-P(Br)(C1CCCCC1)C1CCCCC1
SIRXAT,C[C-]12->[Fe+2]34(<-[C-]#[O+])(<-[C-]#[O+])(<-[C-]#[O+])<-C1=C->3(Cl)[CH-]->4C(=O)O2,C9 H5 Cl1 Fe1 O5,0.0,Cc12->[Fe]34(<-[C-]#[O+])(<-[C-]#[O+])(<-[C-]#[O+])<-c(c(=O)o1)c->3(Cl)c->42,Cc12->[Fe]34(<-[C-]#[O+])(<-[C-]#[O+])(<-[C-]#[O+])<-c(c(=O)o1)c->3(Cl)c->42,Cc12->[Fe]34(<-[C-]#[O+])(<-[C-]#[O+])(<-[C-]#[O+])<-c(c(=O)o1)c->3(Cl)c->42
SISVEV,[Br-]->[Ni+2](<-[Br-])(<-[O-][As+](c1ccccc1)(c1ccccc1)c1ccccc1)<-[O-][As+](c1ccccc1)(c1ccccc1)c1ccccc1,C36 H30 As2 Br2 Ni1 O2,0.0,[Br-]->[Ni+4](<-[Br-])(<-[O-][As](c1ccccc1)(c1ccccc1)c1ccccc1)<-[O-][As](c1ccccc1)(c1ccccc1)c1ccccc1,[Br-]->[Ni+2](<-[Br-])(<-[O-][As+](c1ccccc1)(c1ccccc1)c1ccccc1)<-[O-][As+](c1ccccc1)(c1ccccc1)c1ccccc1,[Br-]->[Ni+2](<-[Br-])(<-[O-][As+](c1ccccc1)(c1ccccc1)c1ccccc1)<-[O-][As+](c1ccccc1)(c1ccccc1)c1ccccc1
SITYEB,N/C(c1ccccn1)=N1\N=C(/[O-]->[Hg+2]<-123<-[O-]/C(=N\N->2=C(/N)c1ccccn->31)c1ccccc1O)c1ccccc1O,C26 H22 Hg1 N8 O4,0.0,NC1c2ccccn2->[Hg+2]234(<-[O-]C(=NN->2=1)c1ccccc1O)<-[O-]C(=NN->3=C(N)c1ccccn->41)c1ccccc1O,NC(c1ccccn1)=N(N=C([O-])c1ccccc1O)->[Hg+2]<-N(N=C([O-])c1ccccc1O)=C(N)c1ccccn1,NC(c1ccccn1)=N1N=C([O-]->[Hg+2]<-12<-[O-]C(=NN->2=C(N)c1ccccn1)c1ccccc1O)c1ccccc1O
SIVRIB,,C26 H26 Ir1 N2 O2 P1 S2,0.0,CCO[PH]1(OCC)=S->[Ir+2]23(<-S=1)(<-[c-]1ccccc1-c1ccccn->21)<-[c-]1ccccc1-c1ccccn->31,CCOP1(OCC)=S->[Ir+3]23(<-[S-]1)(<-[c-]1ccccc1-c1ccccn->21)<-[c-]1ccccc1-c1ccccn->31,CCOP1(OCC)=S->[Ir+3]23(<-[S-]1)(<-[c-]1ccccc1-c1ccccn->21)<-[c-]1ccccc1-c1ccccn->31
SIWREW,,C35 H20 F5 Ir1 N6,0.0,Fc1ccc(-c2nc3-c4ccccn4->[Ir+3]45(<-[c-]6cc(F)cc(F)c6-c6ccccn->46)(<-[c-]4cc(F)cc(F)c4-c4ccccn->54)<-[n-]3n2)cc1,Fc1ccc(C2=NC3=C4C=CC=C[N-]4->[Ir+3]45(<-[c-]6cc(F)cc(F)c6-c6ccccn->46)(<-[c-]4cc(F)cc(F)c4-c4ccccn->54)<-N3=N2)cc1,Fc1ccc(C2=NC3=C4C=CC=C[N-]4->[Ir+3]45(<-[c-]6cc(F)cc(F)c6-c6ccccn->46)(<-[c-]4cc(F)cc(F)c4-c4ccccn->54)<-N3=N2)cc1
SIXBUZ,COc1cccc2/C=N3/N=C(\[O-]->[Mo+6]<-3(<-[O-2])(<-[O-2])(<-[O-]c21)<-OC)c1ccc(N)cc1,C16 H17 Mo1 N3 O6,0.0,COc1cccc2C=N3N=C([O-]->[Mo+6]<-3(<-[O-2])(<-[O-2])(<-[O-]c21)<-OC)c1ccc(N)cc1,COc1cccc2C=N3N=C([O-]->[Mo+6]<-3(<-[O-2])(<-[O-2])(<-[O-]c21)<-OC)c1ccc(N)cc1,CO.COc1cccc2c1[O-]->[Mo+6]1(<-[O-2])(<-[O-2])<-[O-]C(c3ccc(N)cc3)=NN->1=C2
SIYLES,[O+]#P->[Pd+2](<-[Cl-])(<-[Cl-])<-S(c1c([O-])ccc2ccccc12)c1c([O-])ccc2ccccc12,C20 H12 Cl2 O3 P1 Pd1 S1 1-,-1.0,O=[PH]12->[Pd+](<-[Cl-])(<-[Cl-])<-S(c3c(ccc4ccccc34)O1)c1c(ccc3ccccc13)[O+]2,[O-]P12->[Pd+2](<-[Cl-])(<-[Cl-])<-S(c3c(ccc4ccccc34)O1)c1c(ccc3ccccc13)O2,[O-]P12->[Pd+2](<-[Cl-])(<-[Cl-])<-S(c3c(ccc4ccccc34)O1)c1c(ccc3ccccc13)O2
SIZGEN,Cc1ccc(/[C-]2=C/P(=O->[Fe+2]<-23456(<-[C-]#[O+])<-c2c->3c->4[cH-]->5c->62)(c2ccccc2)c2ccccc2)cc1,C27 H23 Fe1 O2 P1,0.0,Cc1ccc([C-]2=CP(=O->[Fe+2]<-23456(<-[C-]#[O+])<-c2c->3c->4[cH-]->5c->62)(c2ccccc2)c2ccccc2)cc1,Cc1ccc([C-]2=CP(=O->[Fe+2]<-23456(<-[C-]#[O+])<-c2c->3c->4[cH-]->5c->62)(c2ccccc2)c2ccccc2)cc1,Cc1ccc([C-]2=CP(=O->[Fe+2]<-23456(<-[C-]#[O+])<-c2c->3c->4[cH-]->5c->62)(c2ccccc2)c2ccccc2)cc1
SOBHAS,Cc12->[Ti+4]345678(<-O=C([O-]->3)c3ccccc3)(<-O=C([O-]->4)c3ccccc3)(<-O=C([O-]->5)c3ccccc3)<-c1(C)c->6(C)[c-]->7(C)c->82C,C31 H30 O6 Ti1,0.0,fail,Cc12->[Ti+4]3456789%10(<-O=C([O-]->3)c3ccccc3)(<-O=C->4([O-]->5)c3ccccc3)(<-O=C->6([O-]->7)c3ccccc3)<-c1(C)c->8(C)[c-]->9(C)c->%102C,Cc12->[Ti+4]3456789%10%11(<-O=C->3([O-]->4)c3ccccc3)(<-O=C->5([O-]->6)c3ccccc3)(<-O=C->7([O-]->8)c3ccccc3)<-c1(C)c->9(C)[c-]->%10(C)c->%112C
SODMAB,Cc12->[Zr+4]3456789%10(<-[Cl-])(<-[Cl-])<-c1c->3c->4(C)[c-]->52[C@H](c1ccccc1)[C@H](c1ccccc1)[c-]->61c->7(C)c->8c->9c->%101C,C28 H28 Cl2 Zr1,0.0,Cc12->[Zr+4]3456789%10(<-[Cl-])(<-[Cl-])<-c1[cH-]->3c->4(C)c->52C(c1ccccc1)C(c1ccccc1)c->61c->7(C)c->8[cH-]->9c->%101C,Cc12->[Zr+4]3456789%10(<-[Cl-])(<-[Cl-])<-c1c->3c->4(C)[c-]->52C(c1ccccc1)C(c1ccccc1)[c-]->61c->7(C)c->8c->9c->%101C,Cc12->[Zr+4]3456789%10(<-[Cl-])(<-[Cl-])<-c1c->3c->4(C)[c-]->52C(c1ccccc1)C(c1ccccc1)[c-]->61c->7(C)c->8c->9c->%101C
SODXOY,[I-]->[Hg+2]1(<-[I-])<-N2CCN->1Cc1ccccc1OCc1cccc(n1)COc1ccccc1C2,C23 H25 Hg1 I2 N3 O2,0.0,[I-]->[Hg+2]1(<-[I-])<-N2CCN->1Cc1ccccc1OCc1cccc(n1)COc1ccccc1C2,[I-]->[Hg+2]1(<-[I-])<-N2CCN->1Cc1ccccc1OCc1cccc(n1)COc1ccccc1C2,[I-]->[Hg+2]<-[I-].c1cc2nc(c1)COc1ccccc1CNCCNCc1ccccc1OC2
SOFLEG,CC(C)(C)P1(c2ccccc2-c2ccccc2->[Cu+]<-1<-N1CCCC1)C(C)(C)C,C24 H36 Cu1 N1 P1 1+,1.0,CC(C)(C)P1(c2ccccc2-c2cccc[c-]2->[Cu+2]<-1<-N1CCCC1)C(C)(C)C,CC(C)(C)P(->[Cu+]<-N1CCCC1)(c1ccccc1-c1ccccc1)C(C)(C)C,CC(C)(C)P1(c2ccccc2-c2ccccc2->[Cu+]<-1<-N1CCCC1)C(C)(C)C
SOGYIZ,C/C([O-])=C1\N=N2\c3ccccc3S(c3ccccc3)->[Ru+4]<-23(<-[Cl-])(<-n2cccc4ccc5cccn->3c5c42)<-[N-]1c1ccccc1,C33 H25 Cl1 N5 O1 Ru1 S1 1+,1.0,CC(=O)C1N=N2c3ccccc3S(c3ccccc3)->[Ru+2]<-23(<-[Cl-])(<-N=1c1ccccc1)<-n1cccc2ccc4cccn->3c4c21,CC(=O)C1N=N2c3ccccc3S(c3ccccc3)->[Ru+2]<-23(<-[Cl-])(<-N=1c1ccccc1)<-n1cccc2ccc4cccn->3c4c21,CC(=O)C1N=N2c3ccccc3S(c3ccccc3)->[Ru+2]<-23(<-[Cl-])(<-N=1c1ccccc1)<-n1cccc2ccc4cccn->3c4c21
SOHZUL,,C18 H27 B1 Mo1 N4 O2,0.0,fail,Cc1c(C)n2[BH2-]n3c(C)c(C)c(C)n3->[Mo+2]34(<-[C-]#[O+])(<-[C-]#[O+])(<-C=C->3(C)[CH2-]->4)<-n2c1C,Cc1c(C)n2Bn3c(C)c(C)c(C)n3->[MoH+]34(<-[C-]#[O+])(<-[C-]#[O+])(<-C=C->3(C)[CH2-]->4)<-n2c1C
SOKNIS,,C24 H57 O1 P2 Pt1 1+,1.0,CC(C)(C)P(->[PtH+](<-O)<-P(C(C)(C)C)(C(C)(C)C)C(C)(C)C)(C(C)(C)C)C(C)(C)C,CC(C)(C)P(->[PtH+](<-O)<-P(C(C)(C)C)(C(C)(C)C)C(C)(C)C)(C(C)(C)C)C(C)(C)C,CC(C)(C)P(->[PtH+]<-P(C(C)(C)C)(C(C)(C)C)C(C)(C)C)(C(C)(C)C)C(C)(C)C.O
SOLSIV,CCOC1=C(->[W](<-[C-]#[O+])(<-[C-]#[O+])(<-[C-]#[O+])(<-[C-]#[O+])<-[C-]#[O+])[C@H](c2ccccc2)C(N(CC)CC)=C1C,C23 H25 N1 O6 W1,0.0,CCOC1=C(C)C(=[N+](CC)CC)C(c2ccccc2)[CH-]1->[W](<-[C-]#[O+])(<-[C-]#[O+])(<-[C-]#[O+])(<-[C-]#[O+])<-[C-]#[O+],CCOC1=C(->[W](<-[C-]#[O+])(<-[C-]#[O+])(<-[C-]#[O+])(<-[C-]#[O+])<-[C-]#[O+])C(c2ccccc2)C(N(CC)CC)=C1C,CCOC1=C(->[W](<-[C-]#[O+])(<-[C-]#[O+])(<-[C-]#[O+])(<-[C-]#[O+])<-[C-]#[O+])C(c2ccccc2)C(N(CC)CC)=C1C
SOMGIL,NC(=O)c1ccccn1->[V+5]12(<-[O-2])(<-[O-][O-]->1)<-[O-][O-]->2,C6 H6 N2 O6 V1 1-,-1.0,NC1=O->[V+5]23(<-[O-2])(<-[O-][O-]->2)(<-[O-][O-]->3)<-n2ccccc21,NC1=O->[V+5]23(<-[O-2])(<-[O-][O-]->2)(<-[O-][O-]->3)<-n2ccccc21,NC1(=O)c2ccccn2->[V+5]<-123(<-[O-2])(<-[O-][O-]->2)<-[O-][O-]->3
SOMZAV,C[Si-](C)CP(c1ccccc1)([C+]1[CH+][CH+][CH-][CH+][CH-]1)->[Ir+]1234(<-C=C->1C->2=C->3)<-[N-2][Si](C)(C)CP->4(c1ccccc1)c1ccccc1,C34 H42 Ir1 N1 P2 Si2,0.0,fail,C[Si]1(C)CP(c2ccccc2)(c2ccccc2)->[Ir+]2345(<-C=C->2C->3=C->4)<-[N-]1[Si](C)(C)CP->5(c1ccccc1)c1ccccc1,C[Si]1(C)CP(c2ccccc2)(c2ccccc2)->[Ir+]2345(<-C=C->2C->3=C->4)<-[N-]1[Si](C)(C)CP->5(c1ccccc1)c1ccccc1
SOPFIN,[O+]#[C-]->[Cu+]12<-n3c(C(F)(F)F)nc(C(F)(F)F)n3[BH-](n3c(C(F)(F)F)nc(C(F)(F)F)n->13)n1c(C(F)(F)F)nc(C(F)(F)F)n->21,C13 H1 B1 Cu1 F18 N9 O1,0.0,[O+]#[C-]->[Cu+]12<-[n-]3c(C(F)(F)F)nc(C(F)(F)F)[n+]3[BH-]([n+]3c(C(F)(F)F)nc(C(F)(F)F)[n-]->13)[n+]1c(C(F)(F)F)nc(C(F)(F)F)[n-]->21,[O+]#[C-]->[Cu+]12<-n3c(C(F)(F)F)nc(C(F)(F)F)n3[BH-](n3c(C(F)(F)F)nc(C(F)(F)F)n->13)n1c(C(F)(F)F)nc(C(F)(F)F)n->21,[O+]#[C-]->[Cu+]12<-n3c(C(F)(F)F)nc(C(F)(F)F)n3[BH-](n3c(C(F)(F)F)nc(C(F)(F)F)n->13)n1c(C(F)(F)F)nc(C(F)(F)F)n->21
SOPWEA,,C24 H47 N1 P2 Ru1 S2,0.0,fail,CC(C)P1(=NP(=S->[RuH+]23456(<-[S-]1)<-c1(C)c->2(C)c->3(C)c->4(C)c->5(C)c->61C)(C(C)C)C(C)C)C(C)C,CC(C)P1(=NP(=S->[RuH+]23456(<-[S-]1)<-c1(C)c->2(C)c->3(C)c->4(C)c->5(C)c->61C)(C(C)C)C(C)C)C(C)C
SOQXAZ,,C24 H44 B1 Br1 N2 Ni1 P2,0.0,CC(C)(C)P1(CN2[BH2-]3->[Ni+2]<-1(<-[Br-])<-P(CN3c1ccccc12)(C(C)(C)C)C(C)(C)C)C(C)(C)C,CC(C)(C)P1(Cn2b3->[Ni]<-1(<-[Br-])<-P(C[n+]3c1ccccc12)(C(C)(C)C)C(C)(C)C)C(C)(C)C,CC(C)(C)P1(Cn2b3->[Ni]<-1(<-[Br-])<-P(C[n+]3c1ccccc12)(C(C)(C)C)C(C)(C)C)C(C)(C)C
SOSHAK,CC1=O->[Zn+2]23(<-O=C(C)[O-]->2)(<-[O-]1)<-N(=C(N(C)C)N(C)C)c1cccc2cccn->3c12,C18 H24 N4 O4 Zn1,0.0,CC(=O)[O-]->[Zn+2]1(<-[O-]C(C)=O)<-N(=C(N(C)C)N(C)C)c2cccc3cccn->1c23,CC(=O)[O-]->[Zn+2]1(<-[O-]C(C)=O)<-N(=C(N(C)C)N(C)C)c2cccc3cccn->1c23,CN(C)C(N(C)C)=N1c2cccc3cccn(->[Zn+2]<-14567(<-O=C->4(C)[O-]->5)<-O=C->6(C)[O-]->7)c23
SOSVEB,C1\c2ccccc2[S-]->[Ni@TB3+2]2(<-N=1\N=c1\sc3ccccc3[n-]->21)<-n1ccccc1,C19 H14 N4 Ni1 S2,0.0,fail,C1=CC2=C[N-]3N=c4sc5ccccc5[n-]4->[Ni+2]<-3(<-S=C2C=C1)<-n1ccccc1,C1=CC2=C[N-]3N=c4sc5ccccc5[n-]4->[Ni+2]<-3(<-S=C2C=C1)<-n1ccccc1
SOTNAS,,C26 H33 I1 N6 O4 W1,0.0,CC(C)c1cc(C(C)C)n2->[W+2]3(<-[I-])(<-[C-]#[O+])(<-[C-]#[O+])(<-[C-]#[O+])<-n4c(C(C)C)cc(C(C)C)n4[C-]->3(C(=O)n3cccn3)n12,CC(C)c1cc(C(C)C)n2->[W+2]3(<-[I-])(<-[C-]#[O+])(<-[C-]#[O+])(<-[C-]#[O+])<-n4c(C(C)C)cc(C(C)C)n4[C-]->3(C(=O)n3cccn3)n12,CC(C)c1cc(C(C)C)n2->[W+4]34(<-[I-])(<-[C-]#[O+])(<-[C-](=O)[C-]->3=O)<-n3c(C(C)C)cc(C(C)C)n3[C-]->4(C(=O)n3cccn3)n12
SOVCEM,Cc1cccc(C)c1[N+]#[C-]->[Pt+2](<-[Cl-])(<-[Cl-])<-[C](N)Nc1c(C)cccc1C,C18 H21 Cl2 N3 Pt1,0.0,Cc1cccc(C)c1[N+]#[C-]->[Pt+2](<-[Cl-])(<-[Cl-])<-[C](N)Nc1c(C)cccc1C,Cc1cccc(C)c1[N+]#[C-]->[Pt+2](<-[Cl-])(<-[Cl-])<-[C](N)Nc1c(C)cccc1C,Cc1cccc(C)c1[N+]#[C-]->[Pt+2](<-[Cl-])(<-[Cl-])<-[C](N)Nc1c(C)cccc1C
SOVQAY,,C10 H16 Cu1 N6 O6,0.0,Cn1cnc(N)c2n(->[Cu+2]34(<-O)(<-O)<-[O-]C(=O)CN->3CC(=O)[O-]->4)cnc1-2,Cn1cnc(N)c2n(->[Cu+3]34<-[O-]C(=O)C[N-]->3CC(=O)[O-]->4)cnc1-2.O.O,Cn1cnc(N)c2n(->[Cu+3]34<-[O-]C(=O)C[N-]->3CC(=O)[O-]->4)cnc1-2.O.O
SOWMOH,CP(C)(c1ccccc1)->[Zr+4]123456789(<-c%10c->1c->2[cH-]->3c->4%10)(<-c1c->5c->6[cH-]->7c->81)<-[CH-]([C-]1[CH+][CH-][CH+][CH-][CH-]1)[N-]->9[C+]1[CH+][CH+][CH+][CH-][CH-]1,C31 H32 N1 P1 Zr1,0.0,CP(C)(c1ccccc1)->[Zr+2]123456789(<-C(c%10ccccc%10)=N->1c1ccccc1)(<-c1c->2c->3[cH-]->4c->51)<-c1c->6c->7[cH-]->8c->91,CP(C)(c1ccccc1)->[Zr+4]123456789(<-c%10c->1c->2[cH-]->3c->4%10)(<-c1c->5c->6[cH-]->7c->81)<-[CH-](c1ccccc1)[N-]->9c1ccccc1,CP(C)(c1ccccc1)->[Zr+4]123456789(<-c%10c->1c->2[cH-]->3c->4%10)(<-c1c->5c->6[cH-]->7c->81)<-[CH-](c1ccccc1)[N-]->9c1ccccc1
SOWSON,[CH3-]->[Mo+6]12345(<-[O-2])(<-[O-][O-]->1)<-c1c->2c->3[cH-]->4c->51,C6 H8 Mo1 O3,0.0,[CH3-]->[Mo+6]12345(<-[O-2])(<-[O-][O-]->1)<-c1c->2c->3[cH-]->4c->51,[CH3-]->[Mo+6]12345(<-[O-2])(<-[O-][O-]->1)<-c1c->2c->3[cH-]->4c->51,[CH3-]->[Mo+6]12345(<-[O-2])(<-[O-][O-]->1)<-c1c->2c->3[cH-]->4c->51
SOXJEU,,C20 H25 Fe1 N1 O2 P1 S1 1+,1.0,CCNC(=S)P(C)(c1c(C)cc(C)cc1C)->[Fe+2]1234(<-[C-]#[O+])(<-[C-]#[O+])<-c5c->1c->2[cH-]->3c->45,CCNC(=S)P(C)(c1c(C)cc(C)cc1C)->[Fe+2]1234(<-[C-]#[O+])(<-[C-]#[O+])<-c5c->1c->2[cH-]->3c->45,CCNC1=S=C(=O)->[Fe+2]2345(<-[C-]#[O+])(<-c6c->2c->3[cH-]->4c->56)<-P1(C)c1c(C)cc(C)cc1C
SOYZAH,Cc1ccc2ccc3ccc(C)n4->[Pt+2](<-[I-])(<-[I-])(<-n1c2c34)<-P(c1ccccc1)(c1ccccc1)c1ccccc1,C32 H27 I2 N2 P1 Pt1,0.0,Cc1ccc2ccc3ccc(C)n(->[Pt+2](<-[I-])(<-[I-])<-P(c4ccccc4)(c4ccccc4)c4ccccc4)c3c2n1,Cc1ccc2ccc3ccc(C)n(->[Pt+2](<-[I-])(<-[I-])<-P(c4ccccc4)(c4ccccc4)c4ccccc4)c3c2n1,Cc1ccc2ccc3ccc(C)n(->[Pt+2](<-[I-])(<-[I-])<-P(c4ccccc4)(c4ccccc4)c4ccccc4)c3c2n1
SUBKUX,c1cn2C3n4cccn4->[Fe]45(<-n2c1)(<-n1cccn13)<-n1cccn1C(n1cccn->41)n1cccn->51,C20 H20 Fe1 N12,0.0,c1cn2C3n4cccn4->[Fe]45(<-n2c1)(<-n1cccn13)<-n1cccn1C(n1cccn->41)n1cccn->51,c1cn2C3n4cccn4->[Fe]45(<-n2c1)(<-n1cccn13)<-n1cccn1C(n1cccn->41)n1cccn->51,c1cn2C3n4cccn4->[Fe]45(<-n2c1)(<-n1cccn13)<-n1cccn1C(n1cccn->41)n1cccn->51
SUCPAJ,CN1C=CN2c3cc4ccccc4c[c-]3->[Pt@OH7+2]3(<-O=C(/C=C(\[O-]->3)C(F)(F)F)C(F)(F)F)<-[C]12,C19 H12 F6 N2 O2 Pt1,0.0,fail,CN1C=CN2c3cc4ccccc4c[c-]3->[Pt+2]3(<-O=C(C=C([O-]->3)C(F)(F)F)C(F)(F)F)<-[C]12,CN1C=CN2c3cc4ccccc4c[c-]3->[Pt+2]3(<-O=C(C=C([O-]->3)C(F)(F)F)C(F)(F)F)<-[C]12
SUFHOQ,,C15 H23 Ag1 F6 O7,0.0,fail,COCCOCCOCCO1CCO(C)->[Ag+]<-12<-O=C(C=C([O-]->2)C(F)(F)F)C(F)(F)F,COCCOCCOCCO(CCOC)->[Ag+]1<-O=C(C=C([O-]->1)C(F)(F)F)C(F)(F)F
SUGNEP,N[C](c1ccco1)->[Mo](<-[C-]#[O+])(<-[C-]#[O+])(<-[C-]#[O+])(<-[C-]#[O+])<-[C-]#[O+],C10 H5 Mo1 N1 O6,0.0,N[C](c1ccco1)->[Mo](<-[C-]#[O+])(<-[C-]#[O+])(<-[C-]#[O+])(<-[C-]#[O+])<-[C-]#[O+],N[C](c1ccco1)->[Mo](<-[C-]#[O+])(<-[C-]#[O+])(<-[C-]#[O+])(<-[C-]#[O+])<-[C-]#[O+],N[C](c1ccco1)->[Mo](<-[C-]#[O+])(<-[C-]#[O+])(<-[C-]#[O+])(<-[C-]#[O+])<-[C-]#[O+]
SUKKAL,COC1(C23CC(C)(C)N(O2)C(C)(C)C3)SC2[S-]->[Au+3]3(<-[S-]C=2S1)<-[S-]C1=C([S-]->3)SC(OC)(C23CC(C)(C)N(O2)C(C)(C)C3)S1,C26 H38 Au1 N2 O4 S8 1-,-1.0,COC1(C23CC(C)(C)N(O2)C(C)(C)C3)SC2[S-]->[Au+3]3(<-[S-]C=2S1)<-[S-]C1=C([S-]->3)SC(OC)(C23CC(C)(C)N(O2)C(C)(C)C3)S1,COC1(C23CC(C)(C)N(O2)C(C)(C)C3)SC2=S->[Au-]3(<-S=C2S1)<-S=C1SC(OC)(C24CC(C)(C)N(O2)C(C)(C)C4)SC1=S->3,COC1(C23CC(C)(C)N(O2)C(C)(C)C3)SC2=S->[Au-]3(<-S=C2S1)<-S=C1SC(OC)(C24CC(C)(C)N(O2)C(C)(C)C4)SC1=S->3
SUMQAT,Cc1cccc2[N-]3[CH-][C+]4[CH-][CH+][CH+][N-]4->[Ti+4]<-34(<-[N-](C)C)(<-[N-](C)C)<-[N-]([CH+][C-]3[CH-][CH+][CH-][N-]->43)[C+]3[CH+][CH-][CH+][C+](C)[C-]3c12,C28 H32 N6 Ti1,0.0,Cc1cccc2N3=Cc4ccc[n-]4->[Ti+4]<-34(<-N(=Cc3ccc[n-]->43)c3cccc(C)c3-c12)(<-[N-](C)C)<-[N-](C)C,CC1=CC=CC2=N3[CH-]c4ccc[n-]4->[Ti+4]<-34(<-N3=CC=CC3=C[N-]->4[C+]3[CH+][CH-][CH+][C-](C)C3=C12)(<-[N-](C)C)<-[N-](C)C,CC1=CC=CC2=N3[CH-]c4ccc[n-]4->[Ti+4]<-34(<-N3=CC=CC3=C[N-]->4[C+]3[CH+][CH-][CH+][C-](C)C3=C12)(<-[N-](C)C)<-[N-](C)C
SUPFAK,C1CCN(CC[CH2-]->[Cd+2]<-[CH2-]CCN2CCCCC2)CC1,C16 H32 Cd1 N2,0.0,C1CCN2(CC[CH2-]->[Cd+2]<-23<-[CH2-]CCN->32CCCCC2)CC1,C1CCN(CC[CH2-]->[Cd+2]<-[CH2-]CCN2CCCCC2)CC1,C1CCN(CC[CH2-]->[Cd+2]<-[CH2-]CCN2CCCCC2)CC1
SUPYIN,FC(F)(F)[C-]1C=CC(=[C-]2C(F)(F)[n+]3cccc[c-]3->[Ru+4]<-23456(<-c2c->3c->4[cH-]->5c->62)<-P(c2ccccc2)(c2ccccc2)c2ccccc2)C=C1,C37 H28 F5 N1 P1 Ru1 1+,1.0,FC(F)(F)c1ccc([C-]2C(F)(F)N3C=CC=C[C]3->[Ru+3]<-23456(<-c2c->3c->4[cH-]->5c->62)<-P(c2ccccc2)(c2ccccc2)c2ccccc2)cc1,FC(F)(F)c1ccc([C]2C(F)(F)N3C=CC=C[C]3->[Ru+2]<-23456(<-c2c->3c->4[cH-]->5c->62)<-P(c2ccccc2)(c2ccccc2)c2ccccc2)cc1,FC(F)(F)c1ccc([C]2C(F)(F)N3C=CC=C[C]3->[Ru+2]<-23456(<-c2c->3c->4[cH-]->5c->62)<-P(c2ccccc2)(c2ccccc2)c2ccccc2)cc1
SUQXAD,,C20 H13 N3 O3 Pd1,0.0,O=[C]1N(O[C-](=O)->[Pd+]<-12<-n1cccc3ccc4cccn->2c4c31)c1ccccc1,O=[C-]1ON(c2ccccc2)[C-](=O)->[Pd+2]<-12<-n1cccc3ccc4cccn->2c4c31,O=[C-]1ON(c2ccccc2)[C-](=O)->[Pd+2]<-12<-n1cccc3ccc4cccn->2c4c31
SUSKAU,O=C1CN2CCOCCN3CC(=O)[O-]->[La@OH20+3]4(<-[O-]1)<-[O-]C(=O)CN(CCOCCN(CC(=O)[O-]->4)CC3)CC2,C20 H32 La1 N4 O10 1-,-1.0,O=C1CN23->[La+3]456789%10(<-[O-]1)<-[O-]C(=O)CN->4(CCO->5CCN->6(CC(=O)[O-]->7)CCN->8(CC(=O)[O-]->9)CCO->%10CC2)CC3,OC1CN23->[La-]456789%10(<-O(CC2)CCN->4(CCN->5(CCO->6CCN->7(CC3)CC(O)O8)CC(O)O9)CC(O)O%10)O1,OC1CN23->[La-]456789%10(<-O(CC2)CCN->4(CCN->5(CCO->6CCN->7(CC3)CC(O)O8)CC(O)O9)CC(O)O%10)O1
SUTXEK,[O+]#[C-]->[Fe]123(<-[C-]#[O+])(<-[C-]#[O+])<-C=c->14ccoc->24=C->3,C9 H6 Fe1 O4,0.0,[O+]#[C-]->[Fe]123(<-[C-]#[O+])(<-[C-]#[O+])<-C=c->14ccoc->24=C->3,[O+]#[C-]->[Fe]123(<-[C-]#[O+])(<-[C-]#[O+])<-C=c->14ccoc->24=C->3,[O+]#[C-]->[Fe]123(<-[C-]#[O+])(<-[C-]#[O+])<-C=c->14ccoc->24=C->3
SUVXOW,[O+]#[C-]->[Cr+2]12345(<-[C-]#[O+])(<-[C-]#[O+])<-C6=C->1[C-]->21C2=C(C=CC->31=C->4[CH-]->56)OC([C+]1[CH+][CH+][CH+][CH-][CH-]1)([C-]1[CH+][CH+][CH-][CH-][CH-]1)[CH+][CH-]2,C28 H18 Cr1 O4,0.0,[O+]#[C-]->[Cr]12345(<-[C-]#[O+])(<-[C-]#[O+])<-c6c->1c->2c->31c2c(ccc->41c->56)OC(c1ccccc1)(c1ccccc1)C=C2,[O+]#[C-]->[Cr]12345(<-[C-]#[O+])(<-[C-]#[O+])<-c6c->1c->2c->31c2c(ccc->41c->56)OC(c1ccccc1)(c1ccccc1)C=C2,[O+]#[C-]->[Cr]12345(<-[C-]#[O+])(<-[C-]#[O+])<-c6c->1c->2c->31c2c(ccc->41c->56)OC(c1ccccc1)(c1ccccc1)C=C2
SUXROT,,C8 H16 Hg1 N6 S2,0.0,CNC(NC)=S->[Hg+2](<-[C-]#N)(<-[C-]#N)<-S=C(NC)NC,CNC(NC)=S->[Hg+2](<-[C-]#N)(<-[C-]#N)<-S=C(NC)NC,CNC(=S)NC.CNC(=S)NC.N#[C-]->[Hg+2]<-[C-]#N
SUYHIF,Clc1ccc2[O-]->[Ni+2]34(<-[O-]c5ccc(Cl)cc5/C=N->3/c3cccc5cccn->4c35)<-N(=C\c2c1)/c1cccc2cccnc12,C32 H20 Cl2 N4 Ni1 O2,0.0,Clc1ccc2[O-]->[Ni+2]345(<-[O-]c6ccc(Cl)cc6C=N->3c3cccc6cccn->4c36)<-N(=Cc2c1)c1cccc2cccn->5c12,Clc1ccc2[O-]->[Ni+2]345(<-[O-]c6ccc(Cl)cc6C=N->3c3cccc6cccn->4c36)<-N(=Cc2c1)c1cccc2cccn->5c12,Clc1ccc2[O-]->[Ni+2]345(<-[O-]c6ccc(Cl)cc6C=N->3c3cccc6cccn->4c36)<-N(=Cc2c1)c1cccc2cccn->5c12
SUYQIO,,C15 H8 Fe1 N2 O3,0.0,fail,[O+]#[C-]->[Fe+2]123(<-[C-]#[O+])(<-[C-]#[O+])<-C4=C->1[CH-]->2c1nc2ccccc2nc1[CH-]->34,[O+]#[C-]->[Fe+2]123(<-[C-]#[O+])(<-[C-]#[O+])<-C4=C->1[CH-]->2c1nc2ccccc2nc1[CH-]->34
TABLOZ,CC(C)c1cccc(C(C)C)c1[N-2]->[W+6](<-[CH3-])(<-[CH3-])(<-[N-2]c1c(C(C)C)cccc1C(C)C)<-O1CCCC1,C30 H48 N2 O1 W1,0.0,CC(C)c1cccc(C(C)C)c1[N-2]->[W+6](<-[CH3-])(<-[CH3-])(<-[N-2]c1c(C(C)C)cccc1C(C)C)<-O1CCCC1,CC(C)c1cccc(C(C)C)c1[N-2]->[W+6](<-[CH3-])(<-[CH3-])(<-[N-2]c1c(C(C)C)cccc1C(C)C)<-O1CCCC1,CC(C)c1cccc(C(C)C)c1[N-2]->[W+6](<-[CH3-])(<-[CH3-])(<-[N-2]c1c(C(C)C)cccc1C(C)C)<-O1CCCC1
TACCOS,Nc1ccccn1->[Zn+2](<-[O-]C(=O)Cc1ccccc1Nc1c(Cl)cccc1Cl)(<-[O-]C(=O)Cc1ccccc1Nc1c(Cl)cccc1Cl)<-n1ccccc1N,C38 H32 Cl4 N6 O4 Zn1,0.0,Nc1ccccn1->[Zn+2](<-[O-]C(=O)Cc1ccccc1Nc1c(Cl)cccc1Cl)(<-[O-]C(=O)Cc1ccccc1Nc1c(Cl)cccc1Cl)<-n1ccccc1N,Nc1ccccn1->[Zn+2](<-[O-]C(=O)Cc1ccccc1Nc1c(Cl)cccc1Cl)(<-[O-]C(=O)Cc1ccccc1Nc1c(Cl)cccc1Cl)<-n1ccccc1N,Nc1ccccn1->[Zn+2]12(<-O=C->1(Cc1ccccc1Nc1c(Cl)cccc1Cl)[O-]->2)(<-[O-]C(=O)Cc1ccccc1Nc1c(Cl)cccc1Cl)<-n1ccccc1N
TACVEY,,C30 H34 B2 O4 W1,0.0,CC(C)(C)c1ccc2c(c1)O[BH2-](->[W+4]13456789(<-[BH2-]%10Oc%11ccc(C(C)(C)C)cc%11O%10)(<-c%10c->1c->3[cH-]->4c->5%10)<-c1c->6c->7[cH-]->8c->91)O2,CC(C)(C)c1ccc2ob(->[W]3456789%10(<-b%11oc%12ccc(C(C)(C)C)cc%12[o+]%11)(<-c%11c->3c->4[cH-]->5c->6%11)<-c3c->7c->8[cH-]->9c->%103)[o+]c2c1,CC(C)(C)c1ccc2ob(->[W]3456789%10(<-b%11oc%12ccc(C(C)(C)C)cc%12[o+]%11)(<-c%11c->3c->4[cH-]->5c->6%11)<-c3c->7c->8[cH-]->9c->%103)[o+]c2c1
TADQEU,CP1(C)CCP(C)(C)->[Mo+2]<-1(<-[C-]#[O+])(<-[C-]#[O+])(<-S([O-])[O-])<-P(c1ccccc1)(c1ccccc1)c1ccccc1,C26 H31 Mo1 O4 P3 S1,0.0,CP1(C)CCP(C)(C)->[Mo]<-1(<-[C-]#[O+])(<-[C-]#[O+])(<-S(=O)=O)<-P(c1ccccc1)(c1ccccc1)c1ccccc1,CP1(C)CCP(C)(C)->[Mo]<-1(<-[C-]#[O+])(<-[C-]#[O+])(<-S(=O)=O)<-P(c1ccccc1)(c1ccccc1)c1ccccc1,CP1(C)CCP(C)(C)->[Mo]<-1(<-[C-]#[O+])(<-[C-]#[O+])(<-S(=O)=O)<-P(c1ccccc1)(c1ccccc1)c1ccccc1
TAFDOW,,C23 H36 B1 F1 N8 O2 P1 W1 1+,1.0,CC[N+]1=C2C(CC1)C(F)C(OC)C1->[W+2]34(<-[N-]=O)(<-C=12)(<-[n-]1ccc[n+]1[BH-]([n+]1ccc[n-]->31)[n+]1ccc[n-]->41)<-P(C)(C)C,CCN1CCC2C1=C1->[W+4]34(<-[N-]=O)(<-[CH-]1C(OC)C2F)(<-n1cccn1[BH-](n1cccn->31)n1cccn->41)<-P(C)(C)C,CCN1CCC2C1=C1->[W+4]34(<-[N-]=O)(<-[CH-]1C(OC)C2F)(<-n1cccn1[BH-](n1cccn->31)n1cccn->41)<-P(C)(C)C
TAFTIG,CC(C)N(CCO)C(=S)[S-]->[Cd+2]12(<-S=C([S-]->1)N(CCO)C(C)C)<-S=C([S-]->2)N(CCO)C(C)C,C18 H36 Cd1 N3 O3 S6 1-,-1.0,fail,CC(C)N(CCO)C1=S->[Cd+2]23(<-S=C([S-]->2)N(CCO)C(C)C)(<-S=C([S-]->3)N(CCO)C(C)C)<-[S-]1,CC(C)N(CCO)C1=S->[Cd+2]23(<-S=C([S-]->2)N(CCO)C(C)C)(<-S=C([S-]->3)N(CCO)C(C)C)<-[S-]1
TAHRIG,CC1(C)CCC(C)(C)c2cc34->[Ti+4]5678(<-[CH3-])(<-[CH3-])<-[N-](C(C)(C)c9ccccc9)[Si](C)(C)[c-]->53c->63ccccc->73c->84cc21,C34 H45 N1 Si1 Ti1,0.0,fail,CC1(C)CCC(C)(C)c2cc34->[Ti+4]5678(<-[CH3-])(<-[CH3-])<-[N-](C(C)(C)c9ccccc9)[Si](C)(C)[c-]->53c->63ccccc->73c->84cc21,CC1(C)CCC(C)(C)c2cc34->[Ti+4]5678(<-[CH3-])(<-[CH3-])<-[N-](C(C)(C)c9ccccc9)[Si](C)(C)[c-]->53c->63ccccc->73c->84cc21
TAHXAD,Cc1ccc(-c2ccn(->[Re@TB8+7](<-[CH3-])(<-[O-2])(<-[O-2])<-[O-2])cc2)cc1,C13 H14 N1 O3 Re1,0.0,Cc1ccc(-c2ccn(->[Re+7](<-[CH3-])(<-[O-2])(<-[O-2])<-[O-2])cc2)cc1,Cc1ccc(-c2ccn(->[Re+7](<-[CH3-])(<-[O-2])(<-[O-2])<-[O-2])cc2)cc1,Cc1ccc(-c2ccn(->[Re+7](<-[CH3-])(<-[O-2])(<-[O-2])<-[O-2])cc2)cc1
TAJRIF,COC(=O)/C1=[C-](\C(=O)OC)->[Fe+2]2(<-[C-]#[O+])(<-[C-]#[O+])(<-[C-]#[O+])<-[C-](=O)N([C@H]1/C=N->2/[C@@H](C)C1CCCCC1)[C@@H](C)C1CCCCC1,C28 H38 Fe1 N2 O8,0.0,COC(=O)C1=[C-](C(=O)OC)->[Fe+]2(<-[C-]#[O+])(<-[C-]#[O+])(<-[C-]#[O+])<-[C](=O)N(C1C=N->2C(C)C1CCCCC1)C(C)C1CCCCC1,COC(=O)C1=[C-](C(=O)OC)->[Fe+2]2(<-[C-]#[O+])(<-[C-]#[O+])(<-[C-]#[O+])<-[C-](=O)N(C1C=N->2C(C)C1CCCCC1)C(C)C1CCCCC1,COC(=O)C1=[C-](C(=O)OC)->[Fe+2]2(<-[C-]#[O+])(<-[C-]#[O+])(<-[C-]#[O+])<-[C-](=O)N(C1C=N->2C(C)C1CCCCC1)C(C)C1CCCCC1
TAKLEW,CCN(CC)C1=S->[Mo+6]23(<-[O-2])(<-S=C([S-]->2)N(CC)CC)(<-[S-]1)<-[S-]S->3[O-],C10 H20 Mo1 N2 O2 S6,0.0,fail,CCN(CC)C1=S->[Mo+4]23(<-[O-2])(<-S=C([S-]->2)N(CC)CC)(<-S=S->3=O)<-[S-]1,CCN(CC)C1=S->[Mo+4]23(<-[O-2])(<-S=C([S-]->2)N(CC)CC)(<-S=S->3=O)<-[S-]1
TALNEZ,,C28 H36 N2 O2 Pt1,0.0,C=C1C([CH2-]->[Pt+2]2(<-[O-]OC1(C)C)<-N(=CC=N->2c1c(C)cccc1C)c1c(C)cccc1C)=C(C)C,[C]=C1C([CH2-]->[Pt+2]2(<-[O-]OC1(C)C)<-N(=CC=N->2c1c(C)cccc1C)c1c(C)cccc1C)=C(C)C,Cc1cccc(C)c1N1=CC=N(c2c(C)cccc2C)->[Pt+2]<-123<-[CH2-]C1([C-](C)C)C(C(C)(C)[O+]=O->2)=[C-]->31
TAMMUR,,C29 H32 B1 Fe1 O4 P1,0.0,Cc1cc(C)c(C)c([BH2-]2O[C-](c3ccccc3)(c3ccccc3)->[Fe+2]<-2(<-[C-]#[O+])(<-[C-]#[O+])(<-[C-]#[O+])<-P(C)(C)C)c1C,Cc1cc(C)c(C)c(B2=[O+][C-](c3ccccc3)(c3ccccc3)->[Fe]<-2(<-[C-]#[O+])(<-[C-]#[O+])(<-[C-]#[O+])<-P(C)(C)C)c1C,Cc1cc(C)c(C)c(B2=[O+][C-](c3ccccc3)(c3ccccc3)->[Fe]<-2(<-[C-]#[O+])(<-[C-]#[O+])(<-[C-]#[O+])<-P(C)(C)C)c1C
TANJOI,CC(C)N([C]([Si](c1ccccc1)(c1ccccc1)C(C)(C)C)->[Rh+]123(<-[Cl-])<-C4=C->1/CC/C->2=C->3\CC\4)C(C)C,C31 H45 Cl1 N1 Rh1 Si1,0.0,CC(C)N([C]([Si](c1ccccc1)(c1ccccc1)C(C)(C)C)->[Rh+]123(<-[Cl-])<-C4=C->1CCC->2=C->3CC4)C(C)C,CC(C)N([C]([Si](c1ccccc1)(c1ccccc1)C(C)(C)C)->[Rh+]123(<-[Cl-])<-C4=C->1CCC->2=C->3CC4)C(C)C,CC(C)N([C]([Si](c1ccccc1)(c1ccccc1)C(C)(C)C)->[Rh+]123(<-[Cl-])<-C4=C->1CCC->2=C->3CC4)C(C)C
TANZIT,,C29 H28 Cl2 N2 P1 Rh1 S1 Se1,0.0,fail,Cc12->[Rh+3]3456(<-[Cl-])(<-[Se-][P+](N=c7sc8cc(Cl)ccc8[n-]->37)(c3ccccc3)c3ccccc3)<-c1(C)c->4(C)[c-]->5(C)c->62C,Cc12->[Rh+3]3456(<-[Cl-])(<-[Se-][P+](N=c7sc8cc(Cl)ccc8[n-]->37)(c3ccccc3)c3ccccc3)<-c1(C)c->4(C)[c-]->5(C)c->62C
TAPSEL,O=C1C(=O)C(Cl)=C2[O-]->[Zn+2]34(<-[O-]C2=C1Cl)<-n1ccccc1CN(Cc1ccccn->31)Cc1ccccn->41,C24 H18 Cl2 N4 O4 Zn1,0.0,O=C1C(=O)C(Cl)=C2[O-]->[Zn+2]345(<-[O-]C2=C1Cl)<-n1ccccc1CN->3(Cc1ccccn->41)Cc1ccccn->51,[O-]c1c([O-])c(Cl)c2[O-]->[Zn+4]345(<-[O-]c2c1Cl)<-n1ccccc1CN->3(Cc1ccccn->41)Cc1ccccn->51,[O-]c1c([O-])c(Cl)c2[O-]->[Zn+4]345(<-[O-]c2c1Cl)<-n1ccccc1CN->3(Cc1ccccn->41)Cc1ccccn->51
TAPYAN,CC12=N(c3ccccc3C(F)(F)F)->[Ni+2]<-134567(<-c1c->3c->4[cH-]->5c->61)<-N(c1ccccc1C(F)(F)F)=C->72C,C23 H19 F6 N2 Ni1 1+,1.0,CC1C(C)=N(c2ccccc2C(F)(F)F)->[Ni+2]2345(<-c6c->2c->3[cH-]->4c->56)<-N=1c1ccccc1C(F)(F)F,CC1C(C)=N(c2ccccc2C(F)(F)F)->[Ni+2]2345(<-c6c->2c->3[cH-]->4c->56)<-N=1c1ccccc1C(F)(F)F,CC1C(C)=N(c2ccccc2C(F)(F)F)->[Ni+2]2345(<-c6c->2c->3[cH-]->4c->56)<-N=1c1ccccc1C(F)(F)F
TARHIF,[Cl-]->[Ni+2](<-[Cl-])(<-N1=C(n2cccn2)SCC1)<-N1=C(n2cccn2)SCC1,C12 H14 Cl2 N6 Ni1 S2,0.0,[Cl-]->[Ni+2]12(<-[Cl-])(<-N3=C(n4cccn->14)SCC3)<-N1=C(n3cccn->23)SCC1,[Cl-]->[Ni+2]12(<-[Cl-])(<-N3=C(n4cccn->14)SCC3)<-N1=C(n3cccn->23)SCC1,[Cl-]->[Ni+2]12(<-[Cl-])(<-N3=C(n4cccn->14)SCC3)<-N1=C(n3cccn->23)SCC1
TARWUH,,C25 H32 Cl1 N1 O3 Ru1 S1,0.0,CC(=O)C1C23->[Ru+2]<-145678(<-[Cl-])(<-CC->4=2CN(S(=O)(=O)c1ccc(C)cc1)C3)<-c1(C)c->5(C)c->6(C)[c-]->7(C)c->81C,CC(=O)C1=C23->[Ru+2]<-145678(<-[Cl-])(<-C=C->42CN(S(=O)(=O)c1ccc(C)cc1)C3)<-c1(C)c->5(C)c->6(C)[c-]->7(C)c->81C,CC(=O)C1=C23->[Ru+2]<-145678(<-[Cl-])(<-C=C->42CN(S(=O)(=O)c1ccc(C)cc1)C3)<-c1(C)c->5(C)c->6(C)[c-]->7(C)c->81C
TASNIL,FC(F)(F)c1cc(C(F)(F)F)n2->[Cu+](<-n3c(C(F)(F)F)cc(C(F)(F)F)n3[BH2-]n12)<-P(c1ccccc1)(c1ccccc1)c1ccccc1,C28 H19 B1 Cu1 F12 N4 P1,0.0,FC(F)(F)c1cc(C(F)(F)F)[n-]2->[Cu+](<-[n-]3c(C(F)(F)F)cc(C(F)(F)F)[n+]3[BH2-][n+]12)<-P(c1ccccc1)(c1ccccc1)c1ccccc1,FC(F)(F)c1cc(C(F)(F)F)n2->[Cu+](<-n3c(C(F)(F)F)cc(C(F)(F)F)n3[BH2-]n12)<-P(c1ccccc1)(c1ccccc1)c1ccccc1,FC(F)(F)c1cc(C(F)(F)F)n2->[Cu+](<-n3c(C(F)(F)F)cc(C(F)(F)F)n3[BH2-]n12)<-P(c1ccccc1)(c1ccccc1)c1ccccc1
TATDAU,[C]1C=CN(C2=S->[Tc+3]34(<-S=C(S[S-]->3)c3ccccc3)(<-S=C(S[S-]->4)c3ccccc3)<-[S-]2)C1,C19 H20 N1 S8 Tc1,0.0,fail,[C-3]CN(C[C-3])C1=S->[Tc+9]23(<-S=[SH]C(=S->2)c2ccccc2)(<-S=[SH]C(=S->3)c2ccccc2)<-[S-]1,[C]1C=CN(C2=S->[Tc+3]34(<-S=[SH]C(=S->3)c3ccccc3)(<-S=[SH]C(=S->4)c3ccccc3)<-[S-]2)C1
TAVJEI,C[O-]->[V+5]12(<-[O-2])(<-[O-]c3ccc(Cl)cc3/C=N->1/c1cc(Cl)ccc1[O-]->2)<-OC,C15 H14 Cl2 N1 O5 V1,0.0,C[O-]->[V+5]12(<-[O-2])(<-[O-]c3ccc(Cl)cc3C=N->1c1cc(Cl)ccc1[O-]->2)<-OC,C[O-]->[V+5]12(<-[O-2])(<-[O-]c3ccc(Cl)cc3C=N->1c1cc(Cl)ccc1[O-]->2)<-OC,CO.C[O-]->[V+5]12(<-[O-2])<-[O-]c3ccc(Cl)cc3C=N->1c1cc(Cl)ccc1[O-]->2
TAWJAE,COCCCN1Cc2ccccn2->[Zn+2](<-[Cl-])(<-[Cl-])<-n2ccccc2C1,C16 H21 Cl2 N3 O1 Zn1,0.0,COCCCN12Cc3ccccn3->[Zn+2]<-1(<-[Cl-])(<-[Cl-])<-n1ccccc1C2,COCCCN1Cc2ccccn2->[Zn+2](<-[Cl-])(<-[Cl-])<-n2ccccc2C1,COCCCN12Cc3ccccn3->[Zn+2]<-1(<-[Cl-])(<-[Cl-])<-n1ccccc1C2
TAXFAZ,,C36 H42 Mo1 P2,0.0,Cc12->[MoH3+]3456(<-c1(C)c->3(C)[c-]->4(C)c->52C)<-P(CCP->6(c1ccccc1)c1ccccc1)(c1ccccc1)c1ccccc1,Cc12->[MoH3+]3456(<-c1(C)c->3(C)[c-]->4(C)c->52C)<-P(CCP->6(c1ccccc1)c1ccccc1)(c1ccccc1)c1ccccc1,Cc12->[MoH3+]3456(<-c1(C)c->3(C)[c-]->4(C)c->52C)<-P(CCP->6(c1ccccc1)c1ccccc1)(c1ccccc1)c1ccccc1
TAYMUB,CN(C)P12(N(C)C)[CH+]P1(N(C)C)(N(C)C)[CH-]2->[Fe](<-[C-]#[O+])(<-[C-]#[O+])(<-[C-]#[O+])<-[C-]#[O+],C14 H26 Fe1 N4 O4 P2,0.0,fail,CN(C)P12(N(C)C)[CH+]P1(N(C)C)(N(C)C)[CH-]2->[Fe](<-[C-]#[O+])(<-[C-]#[O+])(<-[C-]#[O+])<-[C-]#[O+],CN(C)P12(N(C)C)[CH+]P1(N(C)C)(N(C)C)[CH-]2->[Fe](<-[C-]#[O+])(<-[C-]#[O+])(<-[C-]#[O+])<-[C-]#[O+]
TAZGIL,,C13 H19 B1 Cl1 Fe1 N1 O2,0.0,CC(C)N([BH2-](Cl)->[Fe+2]1234(<-[C-]#[O+])(<-[C-]#[O+])<-c5c->1c->2[cH-]->3c->45)C(C)C,CC(C)[N+](=B(Cl)->[Fe]1234(<-[C-]#[O+])(<-[C-]#[O+])<-c5c->1c->2[cH-]->3c->45)C(C)C,CC(C)[N+](=B(Cl)->[Fe]1234(<-[C-]#[O+])(<-[C-]#[O+])<-c5c->1c->2[cH-]->3c->45)C(C)C
TEBDOV,N#Cc1nc2c3cccnc3c3c(cccn3->[Ag+]<-[C-]#N)c2nc1C#N,C17 H6 Ag1 N7,0.0,N#Cc1nc2c3cccn4->[Ag+](<-[C-]#N)<-n5cccc(c2nc1C#N)c5c34,N#Cc1nc2c3c4c5c(c2nc1C#N)=CC=C[N-]5->[Ag+3](<-[C-]#N)<-[N-]4C=CC=3,N#Cc1nc2c3c4c5c(c2nc1C#N)=CC=C[N-]5->[Ag+3](<-[C-]#N)<-[N-]4C=CC=3
TEBVOM,,C16 H16 B1 Cl1 Fe1 O3,0.0,Cc1cc(C)c(O[BH2-](Cl)->[Fe+2]2345(<-[C-]#[O+])(<-[C-]#[O+])<-c6c->2c->3[cH-]->4c->56)c(C)c1,Cc1cc(C)c([O+]=B(Cl)->[Fe]2345(<-[C-]#[O+])(<-[C-]#[O+])<-c6c->2c->3[cH-]->4c->56)c(C)c1,Cc1cc(C)c([O+]=B(Cl)->[Fe]2345(<-[C-]#[O+])(<-[C-]#[O+])<-c6c->2c->3[cH-]->4c->56)c(C)c1
TECBOU,O=C1C(=O)c2cccn3->[Zn+2](<-[OH-])(<-O)(<-O)(<-O)<-n4cccc1c4-c23,C12 H13 N2 O6 Zn1 1+,1.0,O=C1C(=O)c2cccn3->[Zn+2](<-[OH-])(<-O)(<-O)(<-O)<-n4cccc1c4-c23,O=c1c2ccc[n-]3->[Zn+4](<-[OH-])(<-O)(<-O)(<-O)<-[n-]4cccc(c1=O)-c4c3-2,O=c1c2ccc[n-]3->[Zn+4](<-[OH-])(<-O)(<-O)(<-O)<-[n-]4cccc(c1=O)-c4c3-2
TECXOP,C/C1[O-]->[Co+3]2345(<-[O-]\N->2=1)<-n1ccccc1CN->3(Cc1ccccn->41)Cc1ccccn->51,C20 H21 Co1 N5 O2 1+,1.0,CC1=N[O-]->[Co+3]234(<-[O-]1)<-n1ccccc1CN->2(Cc1ccccn->31)Cc1ccccn->41,CC1=N[O-]->[Co+3]234(<-[O-]1)<-n1ccccc1CN->2(Cc1ccccn->31)Cc1ccccn->41,CC1=N[O-]->[Co+3]234(<-[O-]1)<-n1ccccc1CN->2(Cc1ccccn->31)Cc1ccccn->41
TEFFIU,,C15 H17 N2 Ni1 O5 1+,1.0,CC1O->[Ni+2]2(<-O)(<-O)(<-[O-]C1=O)<-n1cccc3ccc4cccn->2c4c31,CC1O->[Ni+2]2(<-O)(<-O)(<-[O-]C1=O)<-n1cccc3ccc4cccn->2c4c31,CC1O->[Ni+2]2(<-O)(<-O)(<-[O-]C1=O)<-n1cccc3ccc4cccn->2c4c31
TEFZEJ,,C34 H42 Cl2 P3 Rh1,0.0,CC(C)(C)P12CCCP(c3ccccc3)(c3ccccc3)->[RhH+2]<-1(<-[Cl-])(<-[Cl-])<-P(CCC2)(c1ccccc1)c1ccccc1,CC(C)(C)P12CCCP(c3ccccc3)(c3ccccc3)->[RhH+2]<-1(<-[Cl-])(<-[Cl-])<-P(CCC2)(c1ccccc1)c1ccccc1,CC(C)(C)P12CCCP(c3ccccc3)(c3ccccc3)->[RhH+2]<-1(<-[Cl-])(<-[Cl-])<-P(CCC2)(c1ccccc1)c1ccccc1
TEHBIT,,C19 H22 Br2 N2 Ni1 O6,0.0,COc1cc(Br)cc2C=N3CCCN4=Cc5cc(Br)cc(OC)c5[O-]->[Ni+2]<-3<-4(<-O)(<-O)<-[O-]c21,COc1cc(Br)cc2C=N3CCCN4=Cc5cc(Br)cc(OC)c5[O-]->[Ni+2]<-3<-4(<-O)(<-O)<-[O-]c21,COc1cc(Br)cc2c1[O-]->[Ni+2]13<-[O-]c4c(cc(Br)cc4OC)C=N->1CCCN->3=C2.O.O
TEJKIF,[Cl-]->[Ag+]<-C(=S(c1ccccc1)c1ccccc1)=S(c1ccccc1)c1ccccc1,C25 H20 Ag1 Cl1 S2,0.0,[Cl-]->[Ag+3]<-[C-2]([S](c1ccccc1)c1ccccc1)[S](c1ccccc1)c1ccccc1,[Cl-]->[Ag+]<-C(=S(c1ccccc1)c1ccccc1)=S(c1ccccc1)c1ccccc1,[Cl-]->[Ag+]<-C(=S(c1ccccc1)c1ccccc1)=S(c1ccccc1)c1ccccc1
TEKPAD,CN1(C)CCN(C)(C)->[Zn+2]<-123(<-O=C([O-]->2)c1ccccc1Nc1ccccc1)<-O=C([O-]->3)c1ccccc1Nc1ccccc1,C32 H36 N4 O4 Zn1,0.0,CN1(C)CCN(C)(C)->[Zn+2]<-1(<-[O-]C(=O)c1ccccc1Nc1ccccc1)<-[O-]C(=O)c1ccccc1Nc1ccccc1,CN1(C)CCN(C)(C)->[Zn+2]<-1(<-[O-]C(=O)c1ccccc1Nc1ccccc1)<-[O-]C(=O)c1ccccc1Nc1ccccc1,CN1(C)CCN(C)(C)->[Zn+2]<-12345(<-O=C->2([O-]->3)c1ccccc1Nc1ccccc1)<-O=C->4([O-]->5)c1ccccc1Nc1ccccc1
TELBER,Cc1cc2[N-]3/C=C4/C=CC=CC4=S->[Ni@SP3+2]<-34<-S=C3C=CC=C/C3=C/[N-]->4c2cc1C,C22 H18 N2 Ni1 S2,0.0,fail,CC1=CC2=N3C=C4C=CC=CC4=S->[Ni]<-34<-S=C3C=CC=CC3=CN->4=C2C=C1C,CC1=CC2=N3C=C4C=CC=CC4=S->[Ni]<-34<-S=C3C=CC=CC3=CN->4=C2C=C1C
TELQEI,[Cl-]->[Pt+2]12<-n3ccccc3-c3ccc(-c4ccccn->14)[n-]->23,C14 H10 Cl1 N3 Pt1,0.0,[Cl-]->[Pt+2]12<-n3ccccc3-c3ccc(-c4ccccn->14)[n-]->23,[Cl-]->[Pt+2]12<-N3=C(c4ccccn->14)C=CC3=C1C=CC=C[N-]->21,[Cl-]->[Pt+2]12<-N3=C(c4ccccn->14)C=CC3=C1C=CC=C[N-]->21
TENGUQ,CCO[C](c1ccc(N2CC=CC2)cc1)->[W](<-[C-]#[O+])(<-[C-]#[O+])(<-[C-]#[O+])(<-[C-]#[O+])<-[C-]#[O+],C18 H15 N1 O6 W1,0.0,CCO[C-2](c1ccc(N2CC=CC2)cc1)->[W+2](<-[C-]#[O+])(<-[C-]#[O+])(<-[C-]#[O+])(<-[C-]#[O+])<-[C-]#[O+],CCO[C](c1ccc(N2CC=CC2)cc1)->[W](<-[C-]#[O+])(<-[C-]#[O+])(<-[C-]#[O+])(<-[C-]#[O+])<-[C-]#[O+],CCO[C](c1ccc(N2CC=CC2)cc1)->[W](<-[C-]#[O+])(<-[C-]#[O+])(<-[C-]#[O+])(<-[C-]#[O+])<-[C-]#[O+]
TEPGAZ,,C25 H24 F18 Mo1 N2 O4,0.0,COc1ccc([C-3]->[Mo+6](<-[O-]C(C)(C(F)(F)F)C(F)(F)F)(<-[O-]C(C)(C(F)(F)F)C(F)(F)F)(<-[O-]C(C)(C(F)(F)F)C(F)(F)F)<-[C]2N(C)C=CN2C)cc1,CO[c+]1[cH-][cH+][c-]([C-3]->[Mo+6](<-[O-]C(C)(C(F)(F)F)C(F)(F)F)(<-[O-]C(C)(C(F)(F)F)C(F)(F)F)(<-[O-]C(C)(C(F)(F)F)C(F)(F)F)<-[C]2N(C)C=CN2C)[cH+][cH-]1,CO[c+]1[cH-][cH+][c-]([C-3]->[Mo+6](<-[O-]C(C)(C(F)(F)F)C(F)(F)F)(<-[O-]C(C)(C(F)(F)F)C(F)(F)F)(<-[O-]C(C)(C(F)(F)F)C(F)(F)F)<-[C]2N(C)C=CN2C)[cH+][cH-]1
TEPKUU,N#[C-]->[Fe+2]12(<-[C-]#N)(<-n3cccc4ccc5cccn->1c5c43)<-n1cccc3ccc4cccn->2c4c31,C26 H16 Fe1 N6,0.0,N#[C-]->[Fe+2]12(<-[C-]#N)(<-n3cccc4ccc5cccn->1c5c43)<-n1cccc3ccc4cccn->2c4c31,N#[C-]->[Fe+2]12(<-[C-]#N)(<-n3cccc4ccc5cccn->1c5c43)<-n1cccc3ccc4cccn->2c4c31,N#[C-]->[Fe+2]12(<-[C-]#N)(<-n3cccc4ccc5cccn->1c5c43)<-n1cccc3ccc4cccn->2c4c31
TEQHOO,CC(C)O[P+]1(/N=C(/Nc2ccccn2)[S-]->[Pd+2]2(<-[S-]/C(=N\[P+](OC(C)C)(OC(C)C)[S-]->2)Nc2ccccn2)<-[S-]1)OC(C)C,C24 H38 N6 O4 P2 Pd1 S4,0.0,CC(C)OP1(N=C(Nc2ccccn2)[S-]->[Pd+2]2(<-S=1)<-S=P(N=C(Nc1ccccn1)[S-]->2)(OC(C)C)OC(C)C)OC(C)C,CC(C)O[P+]1(N=C(Nc2ccccn2)[S-]->[Pd+2]2(<-[S-]C(=N[P+](OC(C)C)(OC(C)C)[S-]->2)Nc2ccccn2)<-[S-]1)OC(C)C,CC(C)O[P+]1(N=C(Nc2ccccn2)[S-]->[Pd+2]2(<-[S-]C(=N[P+](OC(C)C)(OC(C)C)[S-]->2)Nc2ccccn2)<-[S-]1)OC(C)C
TEQRUC,CC(=O)/C1[Se-]->[Pt+2](<-[O-]\C=1C)(<-P(c1ccccc1)(c1ccccc1)c1ccccc1)<-P(c1ccccc1)(c1ccccc1)c1ccccc1,C41 H36 O2 P2 Pt1 Se1,0.0,CC(=O)C1=[Se]->[Pt](<-O=C1C)(<-P(c1ccccc1)(c1ccccc1)c1ccccc1)<-P(c1ccccc1)(c1ccccc1)c1ccccc1,CC(=O)C1[Se-]->[Pt+2](<-[O-]C=1C)(<-P(c1ccccc1)(c1ccccc1)c1ccccc1)<-P(c1ccccc1)(c1ccccc1)c1ccccc1,CC(=O)C1[Se-]->[Pt+2](<-[O-]C=1C)(<-P(c1ccccc1)(c1ccccc1)c1ccccc1)<-P(c1ccccc1)(c1ccccc1)c1ccccc1
TESBID,CC[O-]->[V+5]12(<-[O-2])(<-[O-]/C(=N\N->1=C\c1ccccc1[O-]->2)c1ccccc1O)<-n1ccccc1,C21 H20 N3 O5 V1,0.0,CC[O-]->[V+5]12(<-[O-2])(<-[O-]C(=NN->1=Cc1ccccc1[O-]->2)c1ccccc1O)<-n1ccccc1,CC[O-]->[V+5]12(<-[O-2])(<-[O-]C(=NN->1=Cc1ccccc1[O-]->2)c1ccccc1O)<-n1ccccc1,CC[O-]->[V+5]12(<-[O-2])<-[O-]C(c3ccccc3O)=NN->1=Cc1ccccc1[O-]->2.c1ccncc1
TESVOF,CN1Cc2ccccn2->[Cu+](<-[Cl-])<-n2c(C1)ccc1ccc(=O)[nH]c12,C16 H16 Cl1 Cu1 N4 O1,0.0,CN12Cc3ccccn3->[Cu+]<-1(<-[Cl-])<-n1c(C2)ccc2ccc(=O)[nH]c21,CN12Cc3ccccn3->[Cu+]<-1(<-[Cl-])<-n1c(C2)ccc2ccc(=O)[nH]c21,CN12Cc3ccccn3->[Cu+]<-1(<-[Cl-])<-n1c(C2)ccc2ccc(=O)[nH]c21
TETJUY,C/C1=N\N(C)C(N)=S->[Cd+2]23(<-[O-][N+](=O)[O-])(<-[O-][N+](=O)[O-])<-S=C(N)N(C)/N->2=C(/C)c2cccc1n->32,C13 H19 Cd1 N9 O6 S2,0.0,CC1c2cccc3C(C)=N4N(C)C(N)=S->[Cd+2]<-45(<-[O-][N+](=O)[O-])(<-[O-][N+](=O)[O-])(<-S=C(N)N(C)N->5=1)<-n23,CC1c2cccc3C(C)=N4N(C)C(N)=S->[Cd+2]<-45(<-[O-][N+](=O)[O-])(<-[O-][N+](=O)[O-])(<-S=C(N)N(C)N->5=1)<-n23,CC1c2cccc3C(C)=N4N(C)C(N)=S->[Cd+2]<-4567(<-[O-][N+](=O)[O-])(<-[O-][N+]->5(=O)[O-]->6)(<-S=C(N)N(C)N->7=1)<-n23
TEVQOD,CN1c2ccccc2N2CCNCCN3c4ccccc4N(C)[C]3->[Cu+]<-[C]12,C20 H23 Cu1 N5 1+,1.0,CN1c2ccccc2N2CCN3CCN4c5ccccc5N(C)[C]4->[Cu+]<-3<-[C]12,CN1c2ccccc2N2CCN3CCN4c5ccccc5N(C)[C]4->[Cu+]<-3<-[C]12,CN1c2ccccc2N2CCN3CCN4c5ccccc5N(C)[C]4->[Cu+]<-3<-[C]12
TEWZOM,[I-]->[Hg+2](<-[I-])<-n1ccccc1-c1cc(-c2ccc(-n3cccn3)cc2)cc(-c2ccccc2)n1,C25 H18 Hg1 I2 N4,0.0,[I-]->[Hg+2]1(<-[I-])<-n2ccccc2-c2cc(-c3ccc(-n4cccn4)cc3)cc(-c3ccccc3)n->12,[I-]->[Hg+2]1(<-[I-])<-n2ccccc2-c2cc(-c3ccc(-n4cccn4)cc3)cc(-c3ccccc3)n->12,[I-]->[Hg+2]<-[I-].c1ccc(-c2cc(-c3ccc(-n4cccn4)cc3)cc(-c3ccccn3)n2)cc1
TEXQUL,C[n+]1ccn2CC3=C(F)[C@]4(F)C[c-]56->[Rh+3]789(<-[Cl-])(<-[c-]21)(<-c(C)(c->7(C)c->85C)c->96C)<-[C-]3(F)C(F)=C4F,C21 H21 Cl1 F5 N2 Rh1,0.0,CN1C=CN2CC3=C(F)C4(F)C[c-]56->[Rh+3]789(<-[Cl-])(<-[C]12)(<-c(C)(c->7(C)c->85C)c->96C)<-[C-]3(F)C(F)=C4F,C[n+]1ccn2CC3=C(F)C4(F)Cc56->[Rh+3]789(<-[Cl-])(<-[c-]21)(<-c(C)(c->75C)c->8(C)[c-]->96C)<-[C-]3(F)C(F)=C4F,C[n+]1ccn2CC3=C(F)C4(F)Cc56->[Rh+3]789(<-[Cl-])(<-[c-]21)(<-c(C)(c->75C)c->8(C)[c-]->96C)<-[C-]3(F)C(F)=C4F
TEXZUR,FC(F)(F)C1/C=C(\[O-]->[Ag@SP3+]2(<-O=1)<-C(c1ccccc1)#C->2c1ccccc1)C(F)(F)F,C19 H11 Ag1 F6 O2,0.0,fail,FC(F)(F)C1=CC(=O->[Ag+]2(<-[O-]1)<-C(c1ccccc1)#C->2c1ccccc1)C(F)(F)F,FC(F)(F)C1=CC(=O->[Ag+]2(<-[O-]1)<-C(c1ccccc1)#C->2c1ccccc1)C(F)(F)F
TEYXIE,CC(C)(C)c12->[Zr+4]3456789%10(<-[Cl-])(<-[Cl-])<-c1c->31[c-]->4(c->52)[Si]2(CCC1)CCCc->61c->7c->8(C(C)(C)C)c->9[c-]->%1012,C24 H34 Cl2 Si1 Zr1,0.0,CC(C)(C)c12->[Zr+4]3456789%10(<-[Cl-])(<-[Cl-])<-c1c->31c->4([cH-]->52)CCC[Si]12CCCc->61[cH-]->7c->8(C(C)(C)C)c->9c->%1012,CC(C)(C)c12->[Zr+4]3456789%10(<-[Cl-])(<-[Cl-])<-c1c->31[c-]->4(c->52)[Si]2(CCC1)CCCc->61c->7c->8(C(C)(C)C)c->9[c-]->%1012,CC(C)(C)c12->[Zr+4]3456789%10(<-[Cl-])(<-[Cl-])<-c1c->31[c-]->4(c->52)[Si]2(CCC1)CCCc->61c->7c->8(C(C)(C)C)c->9[c-]->%1012
THPDCU,[Cl-]->[Cu+]12<-S3CCCP->1(c1ccccc1)c1ccccc1P->2(c1ccccc1)CCC3,C24 H26 Cl1 Cu1 P2 S1,0.0,[Cl-]->[Cu+]12<-S3CCCP->1(c1ccccc1)c1ccccc1P->2(c1ccccc1)CCC3,[Cl-]->[Cu+]12<-S3CCCP->1(c1ccccc1)c1ccccc1P->2(c1ccccc1)CCC3,[Cl-]->[Cu+]1<-P2(c3ccccc3)CCCSCCCP->1(c1ccccc1)c1ccccc12
TICMID,CC1=O->[Cd+2]2(<-O=C(C)[O-]->2)(<-[O-]1)(<-n1c(-c2ccco2)n(Cc2ccco2)c2ccccc21)<-n1c(-c2ccco2)n(Cc2ccco2)c2ccccc21,C36 H30 Cd1 N4 O8,0.0,fail,CC1=O->[Cd+2]2(<-O=C(C)[O-]->2)(<-[O-]1)(<-n1c(-c2ccco2)n(Cc2ccco2)c2ccccc21)<-n1c(-c2ccco2)n(Cc2ccco2)c2ccccc21,CC12=O->[Cd+2]<-134(<-O=C->3(C)[O-]->4)(<-[O-]2)(<-n1c(-c2ccco2)n(Cc2ccco2)c2ccccc21)<-n1c(-c2ccco2)n(Cc2ccco2)c2ccccc21
TIDBIS,CO->[Fe+2]123(<-OC)<-n4c5cccc4C(=O)[N-]->1CCN->2CCNCC[N-]->3C5=O,C15 H25 Fe1 N5 O4,0.0,CO->[Fe+2]1234(<-OC)<-n5c6cccc5C(=O)[N-]->1CCN->2CCN->3CC[N-]->4C6=O,CO->[Fe+2]1234(<-OC)<-n5c6cccc5C(=O)[N-]->1CCN->2CCN->3CC[N-]->4C6=O,CO->[Fe+2]12(<-OC)<-n3c4cccc3C(=O)[N-]->1CCNCCNCC[N-]->2C4=O
TIFCAN,CS(C)(=O)->[Ru+2]1(<-[Cl-])(<-[Cl-])(<-O=C(c2ccccn2)c2ccccn->12)<-S(C)(C)=O,C15 H20 Cl2 N2 O3 Ru1 S2,0.0,CS(C)(=O)->[Ru+2]1(<-[Cl-])(<-[Cl-])(<-O=C(c2ccccn2)c2ccccn->12)<-S(C)(C)=O,CS(C)(=O)->[Ru+4]1(<-[Cl-])(<-[Cl-])(<-[O-]C(=C2C=CC=C[N-]->12)c1ccccn1)<-S(C)(C)=O,CS(C)(=O)->[Ru+4]1(<-[Cl-])(<-[Cl-])(<-[O-]C(=C2C=CC=C[N-]->12)c1ccccn1)<-S(C)(C)=O
TIFVOT,,C18 H43 Cl3 P2 Rh1 1-,-1.0,CC(C)P(C(C)C)(C(C)C)->[RhH+2](<-[Cl-])(<-[Cl-])(<-[Cl-])<-P(C(C)C)(C(C)C)C(C)C,CC(C)P(C(C)C)(C(C)C)->[RhH+2](<-[Cl-])(<-[Cl-])(<-[Cl-])<-P(C(C)C)(C(C)C)C(C)C,CC(C)P(C(C)C)(C(C)C)->[RhH+2](<-[Cl-])(<-[Cl-])(<-[Cl-])<-P(C(C)C)(C(C)C)C(C)C
TIGXOW,CC(C)(C)P(=[N-]->[Zr+2]1234567(<-C=C->1(C)C->2(C)=C->3)<-c1(C)c->4(C)c->5(C)[c-]->6(C)c->71C)(C(C)(C)C)C(C)(C)C,C28 H52 N1 P1 Zr1,0.0,CC(C)(C)P(=[N-]->[Zr+2]1234567(<-C=C->1(C)C->2(C)=C->3)<-c1(C)c->4(C)c->5(C)[c-]->6(C)c->71C)(C(C)(C)C)C(C)(C)C,CC(C)(C)P(=[N-]->[Zr+2]1234567(<-C=C->1(C)C->2(C)=C->3)<-c1(C)c->4(C)c->5(C)[c-]->6(C)c->71C)(C(C)(C)C)C(C)(C)C,CC1=C->[Zr+2]2345(<-C=C1C)(<-[N-]=P(C(C)(C)C)(C(C)(C)C)C(C)(C)C)<-c1(C)c->2(C)c->3(C)[c-]->4(C)c->51C
TIJDOI,[O+]#[C-]->[Mn+]1(<-[C-]#[O+])(<-[C-]#[O+])(<-[C-]#[O+])<-[c-]2cc3ccccc3n2-c2ccccn->12,C17 H9 Mn1 N2 O4,0.0,[O+]#[C-]->[Mn]1(<-[C-]#[O+])(<-[C-]#[O+])(<-[C-]#[O+])<-[c]2cc3ccccc3n2-c2ccccn->12,[O+]#[C-]->[Mn+]1(<-[C-]#[O+])(<-[C-]#[O+])(<-[C-]#[O+])<-[c-]2cc3ccccc3n2-c2ccccn->12,[O+]#[C-]->[Mn+]1(<-[C-]#[O+])(<-[C-]#[O+])(<-[C-]#[O+])<-[c-]2cc3ccccc3n2-c2ccccn->12
TIKWAN,C[C-](=O)->[Pt@+2]1(<-[Cl-])<-O2CCO[C@@H]2c2ccccc2P->1(c1ccccc1)c1ccccc1,C23 H22 Cl1 O3 P1 Pt1,0.0,C[C-](=O)->[Pt+2]1(<-[Cl-])<-O2CCOC2c2ccccc2P->1(c1ccccc1)c1ccccc1,C[C-](=O)->[Pt+2]1(<-[Cl-])<-O2CCOC2c2ccccc2P->1(c1ccccc1)c1ccccc1,C[C-](=O)->[Pt+2](<-[Cl-])<-P(c1ccccc1)(c1ccccc1)c1ccccc1C1OCCO1
TILLIL,CP(C)(C)->[Ru+2]1(<-[Cl-])(<-N2=NC(c3ccccc3)=C/C2=C2\C=CC=C[N-]->12)(<-P(C)(C)C)<-P(C)(C)C,C23 H37 Cl1 N3 P3 Ru1,0.0,CP(C)(C)->[Ru+2]1(<-[Cl-])(<-n2ccccc2-c2cc(-c3ccccc3)n[n-]->12)(<-P(C)(C)C)<-P(C)(C)C,CP(C)(C)->[Ru+2]1(<-[Cl-])(<-N2=NC(c3ccccc3)=CC2=C2C=CC=C[N-]->12)(<-P(C)(C)C)<-P(C)(C)C,CP(C)(C)->[Ru+2]1(<-[Cl-])(<-N2=NC(c3ccccc3)=CC2=C2C=CC=C[N-]->12)(<-P(C)(C)C)<-P(C)(C)C
TIMCIB,,C32 H37 B1 N7 O1 W1 1+,1.0,Cc1cc(C)[n-]2->[W+2]34(<-[C-]#[O+])(<-N=Cc5ccccc5)(<-C(C)#C->3c3ccccc3)<-[n-]3c(C)cc(C)[n+]3[BH-]([n+]12)[n+]1c(C)cc(C)[n-]->41,Cc1cc(C)n2->[W+2]34(<-[C-]#[O+])(<-N=Cc5ccccc5)(<-C(C)#C->3c3ccccc3)<-n3c(C)cc(C)n3[BH-](n12)n1c(C)cc(C)n->41,Cc1cc(C)n2->[W+2]34(<-[C-]#[O+])(<-N=Cc5ccccc5)(<-C(C)#C->3c3ccccc3)<-n3c(C)cc(C)n3[BH-](n12)n1c(C)cc(C)n->41
TIPBAW,,C18 H21 N3 Ni1 O5,0.0,CC=CC(=O)[O-]->[Ni+2]1(<-O)(<-[O-]C(=O)C=CC)<-n2ccccc2Nc2ccccn->12,CC=CC(=O)[O-]->[Ni+2]1(<-O)(<-[O-]C(=O)C=CC)<-n2ccccc2Nc2ccccn->12,CC=CC(=O)[O-]->[Ni+2]1(<-[O-]C(=O)C=CC)<-n2ccccc2Nc2ccccn->12.O
TIQNAL,[N-3]->[Tc+5]12(<-[Cl-])(<-[Cl-])<-n3ccccc3CN->1Cc1ccccn->21,C12 H13 Cl2 N4 Tc1,0.0,[N-3]->[Tc+5]12(<-[Cl-])(<-[Cl-])<-n3ccccc3CN->1Cc1ccccn->21,[N-3]->[Tc+5]12(<-[Cl-])(<-[Cl-])<-n3ccccc3CN->1Cc1ccccn->21,[N-3]->[Tc+5]12(<-[Cl-])(<-[Cl-])<-n3ccccc3CN->1Cc1ccccn->21
TIRQES,C[O-]->[V+5]123(<-[O-2])<-[O-]c4c(C)cc(C)cc4CN->1(C)CCN->2(C)Cc1cc(C)cc(C)c1[O-]->3,C23 H33 N2 O4 V1,0.0,C[O-]->[V+5]123(<-[O-2])<-[O-]c4c(C)cc(C)cc4CN->1(C)CCN->2(C)Cc1cc(C)cc(C)c1[O-]->3,C[O-]->[V+5]123(<-[O-2])<-[O-]c4c(C)cc(C)cc4CN->1(C)CCN->2(C)Cc1cc(C)cc(C)c1[O-]->3,C[O-]->[V+5]1(<-[O-2])<-[O-]c2c(C)cc(C)cc2CN(C)CCN(C)Cc2cc(C)cc(C)c2[O-]->1
TISHOS,Cc1ccnc2=S->[Ru+2]34(<-n5ccccc5-c5ccccn->35)(<-n3ccccc3-c3ccccn->43)<-[n-]12,C25 H21 N6 Ru1 S1 1+,1.0,Cc1ccnc2[S-]->[Ru+2]34(<-n5ccccc5-c5ccccn->35)(<-n3ccccc3-c3ccccn->43)<-n12,Cc1ccnc2=S->[Ru+2]34(<-n5ccccc5-c5ccccn->35)(<-n3ccccc3-c3ccccn->43)<-[n-]12,Cc1ccnc2=S->[Ru+2]34(<-n5ccccc5-c5ccccn->35)(<-n3ccccc3-c3ccccn->43)<-[n-]12
TITLEP,CCP(CC)(CC)->[Pt+4](<-[OH-])(<-[Cl-])(<-[Cl-])(<-[c-]1cc2ccccc2c2ccccc21)<-P(CC)(CC)CC,C26 H40 Cl2 O1 P2 Pt1,0.0,CCP(CC)(CC)->[Pt+4](<-[OH-])(<-[Cl-])(<-[Cl-])(<-[c-]1cc2ccccc2c2ccccc21)<-P(CC)(CC)CC,CCP(CC)(CC)->[Pt+4](<-[OH-])(<-[Cl-])(<-[Cl-])(<-[c-]1cc2ccccc2c2ccccc21)<-P(CC)(CC)CC,CCP(CC)(CC)->[Pt+4](<-[OH-])(<-[Cl-])(<-[Cl-])(<-[c-]1cc2ccccc2c2ccccc21)<-P(CC)(CC)CC
TIVNAQ,,C35 H39 N3 Ru1 S2,0.0,fail,Cc1cc(C)c(N2CCN(c3c(C)cc(C)cc3C)[C]2->[Ru+2]23(<-[CH]CCc4ccccn->24)<-[S-]c2ccccc2[S-]->3)c(C)c1,Cc1cc(C)c(N2CCN(c3c(C)cc(C)cc3C)[C]2->[Ru+2]23(<-[CH]CCc4ccccn->24)<-[S-]c2ccccc2[S-]->3)c(C)c1
TIWLUI,Cc1cc(C(F)(F)F)nn1[BH-]1n2c(C)cc(C(F)(F)F)n2->[Ni@SP2+2]2(<-O=C(O[O-]->2)c2cccc(Cl)c2)<-n2c(C(F)(F)F)cc(C)n21,C22 H17 B1 Cl1 F9 N6 Ni1 O3,0.0,Cc1cc(C(F)(F)F)n2->[Ni+2]34(<-O=C(O[O-]->3)c3cccc(Cl)c3)<-n3c(C(F)(F)F)cc(C)n3[BH-](n12)n1c(C)cc(C(F)(F)F)n->41,Cc1cc(C(F)(F)F)n2->[Ni+2]34(<-O=C(O[O-]->3)c3cccc(Cl)c3)<-n3c(C(F)(F)F)cc(C)n3[BH-](n12)n1c(C)cc(C(F)(F)F)n->41,Cc1cc(C(F)(F)F)n2->[Ni+2]34(<-O=C(O[O-]->3)c3cccc(Cl)c3)<-n3c(C(F)(F)F)cc(C)n3[BH-](n12)n1c(C)cc(C(F)(F)F)n->41
TIWZOR,CC(C)(C)P1(CCN(C)(C)->[Pt+2]<-1(<-[CH3-])<-[CH3-])C(C)(C)C,C14 H34 N1 P1 Pt1,0.0,CC(C)(C)P1(CCN(C)(C)->[Pt+2]<-1(<-[CH3-])<-[CH3-])C(C)(C)C,CC(C)(C)P1(CCN(C)(C)->[Pt+2]<-1(<-[CH3-])<-[CH3-])C(C)(C)C,CC(C)(C)P1(CCN(C)(C)->[Pt+2]<-1(<-[CH3-])<-[CH3-])C(C)(C)C
TIYBUZ,,C20 H20 N4 O10 Ti1,0.0,CN(C)C=O->[Ti+4]1234(<-O=CN(C)C)(<-[O-]C(=O)c5cccc(C(=O)[O-]->1)n->25)<-[O-]C(=O)c1cccc(C(=O)[O-]->3)n->41,CN(C)C=O->[Ti+4]1234(<-O=CN(C)C)(<-[O-]C(=O)c5cccc(C(=O)[O-]->1)n->25)<-[O-]C(=O)c1cccc(C(=O)[O-]->3)n->41,CN(C)C=O->[Ti+4]1234(<-O=CN(C)C)(<-[O-]C(=O)c5cccc(C(=O)[O-]->1)n->25)<-[O-]C(=O)c1cccc(C(=O)[O-]->3)n->41
TIZKIY,CC(C)N1CCCCN(C(C)C)[C]1->[Fe+2](<-[Cl-])(<-[Cl-])<-[C]1N(C(C)C)CCCCN1C(C)C,C22 H44 Cl2 Fe1 N4,0.0,CC(C)N1CCCCN(C(C)C)[C]1->[Fe+2](<-[Cl-])(<-[Cl-])<-[C]1N(C(C)C)CCCCN1C(C)C,CC(C)N1CCCCN(C(C)C)[C]1->[Fe+2](<-[Cl-])(<-[Cl-])<-[C]1N(C(C)C)CCCCN1C(C)C,CC(C)N1CCCCN(C(C)C)[C]1->[Fe+2](<-[Cl-])(<-[Cl-])<-[C]1N(C(C)C)CCCCN1C(C)C
TOBPUV,S=C=[N-]->[Ni@OH14+2]1(<-[N-]=C=S)<-N2CCNc3ccccc3CN->1CCNc1ccccc1C2,C20 H24 N6 Ni1 S2,0.0,S=C=[N-]->[Ni+2]123(<-[N-]=C=S)<-N4CCN->1c1ccccc1CN->2CCN->3c1ccccc1C4,S=C=[N-]->[Ni+2]123(<-[N-]=C=S)<-N4CCN->1c1ccccc1CN->2CCN->3c1ccccc1C4,S=C=[N-]->[Ni+2]123(<-[N-]=C=S)<-N4CCN->1c1ccccc1CN->2CCN->3c1ccccc1C4
TODYOA,CN=[C-]1/C(=C(c2ccccc2)\[C-](=N\C)->[Rh+3]<-12345(<-[C-]#[N+]C)<-c1c->2c->3[cH-]->4c->51)c1ccccc1,C25 H24 N3 Rh1,0.0,CN=[C-]1C(=C(c2ccccc2)[C-](=NC)->[Rh+3]<-12345(<-[C-]#[N+]C)<-c1c->2c->3[cH-]->4c->51)c1ccccc1,CN=C1=C(C(c2ccccc2)=C(=NC)->[Rh+]<-12345(<-[C-]#[N+]C)<-c1c->2c->3[cH-]->4c->51)c1ccccc1,CN=C1=C(C(c2ccccc2)=C(=NC)->[Rh+]<-12345(<-[C-]#[N+]C)<-c1c->2c->3[cH-]->4c->51)c1ccccc1
TOGHOO,,C32 H24 N2 O2 Pt1,0.0,fail,CC1=CC(C)=O->[Pt+2]2(<-[O-]1)<-[c-]1cc3c(cc1-c1ccc4ccccc4n->21)c1ccccc1n3-c1ccccc1,CC1=CC(C)=O->[Pt+2]2(<-[O-]1)<-[c-]1cc3c(cc1-c1ccc4ccccc4n->21)c1ccccc1n3-c1ccccc1
TOGXEV,Fc1c(F)c(F)[c-](->[Au+]<-[C-]#[N+]C2=CC=[N+]=C[CH-]2)c(F)c1F,C12 H4 Au1 F5 N2,0.0,Fc1c(F)c(F)[c-](->[Au+]<-[C-]#[N+]c2ccncc2)c(F)c1F,Fc1c(F)c(F)[c-](->[Au+]<-[C-]#[N+]C2=CC=[N+]=C[CH-]2)c(F)c1F,Fc1c(F)c(F)[c-](->[Au+]<-[C-]#[N+]C2=CC=[N+]=C[CH-]2)c(F)c1F
TOJMOV,,C29 H40 Si2 Zr1,0.0,CC1(C)c23->[Zr+4]456789%10(<-[CH2-][Si](C)(C)C)(<-[CH2-][Si](C)(C)C)(<-c(c->4[cH-]->52)c->63)<-c12c->71ccccc->81[c-]->91ccccc->%1021,CC1(C)[c-]23->[Zr+4]456789%10(<-[CH2-][Si](C)(C)C)(<-[CH2-][Si](C)(C)C)(<-c(c->4c->52)c->63)<-c23ccccc->72[c-]->81c->91ccccc->%1031,CC1(C)[c-]23->[Zr+4]4567(<-[CH2-][Si](C)(C)C)(<-[CH2-][Si](C)(C)C)(<-c(c->4c->52)c->63)<-c23ccccc2c2ccccc2[c-]->731
TOKZAU,Cc12->[Ti+4]3456789%10(<-[N-2]/N->3=C\[Si](C)(C)C)(<-c1(C)c->4(C)[c-]->5(C)c->62C)<-c1(C)c->7(C)c->8(C)[c-]->9(C)c->%101C,C24 H40 N2 Si1 Ti1,0.0,Cc12->[Ti+3]3456789%10(<-[N-]N->3=C[Si](C)(C)C)(<-c1(C)c->4(C)[c-]->5(C)c->62C)<-c1(C)c->7(C)c->8(C)[c-]->9(C)c->%101C,Cc12->[Ti+4]3456789%10(<-[N-2]N->3=C[Si](C)(C)C)(<-c1(C)c->4(C)[c-]->5(C)c->62C)<-c1(C)c->7(C)c->8(C)[c-]->9(C)c->%101C,Cc12->[Ti+4]3456789%10(<-[N-2]N->3=C[Si](C)(C)C)(<-c1(C)c->4(C)[c-]->5(C)c->62C)<-c1(C)c->7(C)c->8(C)[c-]->9(C)c->%101C
TOLPIT,[O+]#[C-]->[Mo+4]123(<-[Cl-])(<-[C-]#[O+])(<-C4=C->1[CH-]->2C=C[CH-]C4=C1C=C[C-](F)C=C1)<-P(CC[P@TB16]->3(c1ccccc1)c1ccccc1)(c1ccccc1)c1ccccc1,C41 H34 Cl1 F1 Mo1 O2 P2,0.0,fail,[O+]#[C-]->[Mo+2]123(<-[Cl-])(<-[C-]#[O+])(<-C4=C->1[CH-]->2C(c1ccc(F)cc1)=CC=C4)<-P(CCP->3(c1ccccc1)c1ccccc1)(c1ccccc1)c1ccccc1,[O+]#[C-]->[Mo+2]123(<-[Cl-])(<-[C-]#[O+])(<-C4=C->1[CH-]->2C(c1ccc(F)cc1)=CC=C4)<-P(CCP->3(c1ccccc1)c1ccccc1)(c1ccccc1)c1ccccc1
TOMHOS,CC(C)c12->[Os+2]3456(<-[Cl-])(<-[Cl-])(<-c(c->31)c->4(C)c->5c->62)<-P(c1ccccc1)(c1ccccc1)c1ccccc1,C28 H29 Cl2 Os1 P1,0.0,CC(C)c12->[Os+2]3456(<-[Cl-])(<-[Cl-])(<-c(c->31)c->4(C)c->5c->62)<-P(c1ccccc1)(c1ccccc1)c1ccccc1,CC(C)c12->[Os+2]3456(<-[Cl-])(<-[Cl-])(<-c(c->31)c->4(C)c->5c->62)<-P(c1ccccc1)(c1ccccc1)c1ccccc1,Cc1ccc(C(C)C)c(->[Os+2](<-[Cl-])(<-[Cl-])<-P(c2ccccc2)(c2ccccc2)c2ccccc2)c1
TONCEE,CO->[Mo+6]12(<-[O-2])(<-[O-2])<-[O-]c3ccc4ccccc4c3/C=N->1/N=c1/sc3ccccc3[n-]->21,C19 H15 Mo1 N3 O4 S1,0.0,CO->[Mo+4]12(<-[O-2])(<-[O-2])<-[O-]c3ccc4ccccc4c3C=[N+]->1=Nc1sc3ccccc3n->21,CO->[Mo+6]12(<-[O-2])(<-[O-2])<-[O-]c3ccc4ccccc4c3C=N->1N=c1sc3ccccc3[n-]->21,CO.[O-2]->[Mo+6]12(<-[O-2])<-[O-]c3ccc4ccccc4c3C=N->1N=c1sc3ccccc3[n-]->21
TONPIW,Cc1ccc(S(=C2C=CN(c3c(C)cc(C)cc3C)[C]2->[Rh+](<-[Cl-])(<-[C-]#[O+])<-[C-]#[O+])c2ccc(C)cc2)cc1,C29 H27 Cl1 N1 O2 Rh1 S1,0.0,Cc1ccc(S(=C2C=CN(c3c(C)cc(C)cc3C)[C]2->[Rh+](<-[Cl-])(<-[C-]#[O+])<-[C-]#[O+])c2ccc(C)cc2)cc1,Cc1ccc(S(=C2C=CN(c3c(C)cc(C)cc3C)[C]2->[Rh+](<-[Cl-])(<-[C-]#[O+])<-[C-]#[O+])c2ccc(C)cc2)cc1,Cc1ccc(S(=C2C=CN(c3c(C)cc(C)cc3C)[C]2->[Rh+](<-[Cl-])(<-[C-]#[O+])<-[C-]#[O+])c2ccc(C)cc2)cc1
TOPGAJ,O=C1N2C(=Nc3cccc4cccc2c34)C2->[Ru+2]345678(<-[Cl-])(<-[CH2-]C->3=21)<-c1c->4c->5c->6c->7c->81,C21 H15 Cl1 N2 O1 Ru1,0.0,fail,O=c1n2c3cccc4cccc(nc2[cH-]2->[Ru+2]56789%10(<-[Cl-])(<-C=c->512)<-c1c->6c->7c->8c->9c->%101)c43,O=c1n2c3cccc4cccc(nc2[cH-]2->[Ru+2]56789%10(<-[Cl-])(<-C=c->512)<-c1c->6c->7c->8c->9c->%101)c43
TOQPEV,C/C1c2ccc3ccccc3c2[O-]->[Pd@TB3+2]2(<-[Cl-])<-N=1\CC[Se]->2c1ccccc1,C20 H18 Cl1 N1 O1 Pd1 Se1,0.0,CC1c2ccc3ccccc3c2[O-]->[Pd+2]2(<-[Cl-])<-N=1CC[Se]->2c1ccccc1,[CH2-]CN1=C(C)c2ccc3ccccc3c2[O-]->[Pd+4]<-1(<-[Cl-])<-[Se-]c1ccccc1,[CH2-]CN1=C(C)c2ccc3ccccc3c2[O-]->[Pd+4]<-1(<-[Cl-])<-[Se-]c1ccccc1
TORGEM,C[C@@H]1C[C@H]2[C@H](C)C[C@@H]1c13->[Ti+4]456789%10%11(<-[Cl-])(<-[Cl-])<-c%12c->4(CC[c-]->5(c->61)c->7c->832)c->9[c-]->%101c->%11%12[C@H]2C[C@@H](C)[C@@H]1C[C@H]2C,C28 H36 Cl2 Ti1,0.0,CC1CC2C(C)CC1c13->[Ti+4]456789%10%11(<-[Cl-])(<-[Cl-])<-c1c->4(CCc->51c->6c->74c->8([cH-]->91)C1CC(C)C4CC1C)[cH-]->%10c->%1132,CC1CC2C(C)CC1c13->[Ti+4]456789%10%11(<-[Cl-])(<-[Cl-])<-c%12c->4(CC[c-]->5(c->61)c->7c->832)c->9[c-]->%101c->%11%12C2CC(C)C1CC2C,CC1CC2C(C)CC1c13->[Ti+4]456789%10%11(<-[Cl-])(<-[Cl-])<-c%12c->4(CC[c-]->5(c->61)c->7c->832)c->9[c-]->%101c->%11%12C2CC(C)C1CC2C
TORWEC,COC(=O)[C@H]1CCS(C)->[Pd+2](<-[Cl-])(<-[Cl-])<-N\1=C/c1cccs1,C11 H15 Cl2 N1 O2 Pd1 S2,0.0,COC(=O)C1CCS(C)->[Pd+2](<-[Cl-])(<-[Cl-])<-N1=Cc1cccs1,COC(=O)C1CCS(C)->[Pd+2](<-[Cl-])(<-[Cl-])<-N1=Cc1cccs1,COC(=O)C1CCS(C)->[Pd+2]2(<-[Cl-])(<-[Cl-])<-N1=Cc1cccs->21
TOTSEC,CC(=O)[O-]->[Pd+2]1(<-[O-]C(C)=O)<-[Se](CCN->1(C)C)c1c(C)cc(C)cc1C,C17 H27 N1 O4 Pd1 Se1,0.0,CC(=O)[O-]->[Pd+2]1(<-[O-]C(C)=O)<-[Se](CCN->1(C)C)c1c(C)cc(C)cc1C,[CH2-]CN(C)(C)->[Pd+4](<-[O-]C(C)=O)(<-[O-]C(C)=O)<-[Se-]c1c(C)cc(C)cc1C,[CH2-]CN(C)(C)->[Pd+4](<-[O-]C(C)=O)(<-[O-]C(C)=O)<-[Se-]c1c(C)cc(C)cc1C
TOWNUO,COC(=O)C/[C-]1=C/C(OC)=O->[Re+]<-1(<-[C-]#[O+])(<-[C-]#[O+])(<-[C-]#[O+])<-[C-]#[O+],C11 H9 O8 Re1,0.0,COC(=O)C[C-]1=CC(OC)=O->[Re+]<-1(<-[C-]#[O+])(<-[C-]#[O+])(<-[C-]#[O+])<-[C-]#[O+],COC(=O)C[C-]1=CC(OC)=O->[Re+]<-1(<-[C-]#[O+])(<-[C-]#[O+])(<-[C-]#[O+])<-[C-]#[O+],COC(=O)C[C-]1=CC(OC)=O->[Re+]<-1(<-[C-]#[O+])(<-[C-]#[O+])(<-[C-]#[O+])<-[C-]#[O+]
TOXHIX,,C25 H22 Mo1 O4 S2,0.0,fail,[O+]#[C-]->[Mo+2]123456(<-[C-]#[O+])(<-C7=C->1(Sc1ccccc1)[CH-]->2CCC7S(#[O+])([O-])c1ccccc1)<-c1c->3c->4[cH-]->5c->61,[O+]#[C-]->[Mo+2]123456(<-[C-]#[O+])(<-C7=C->1(Sc1ccccc1)[CH-]->2CCC7S(#[O+])([O-])c1ccccc1)<-c1c->3c->4[cH-]->5c->61
TOZMUQ,,C37 H37 Mo1 O1 P2 1+,1.0,c1ccc(P2(CCP(c3ccccc3)(c3ccccc3)->[Mo+4]<-2345678(<-[C-2]2CCCO2)<-C2=C->3C->4=C->5[CH-]->6C->7=C->82)c2ccccc2)cc1,c1ccc(P2(CCP(c3ccccc3)(c3ccccc3)->[Mo+2]<-2345678(<-[C]2CCCO2)<-C2=C->3C->4=C->5[CH-]->6C->7=C->82)c2ccccc2)cc1,c1ccc(P2(CCP(c3ccccc3)(c3ccccc3)->[Mo+2]<-2345678(<-[C]2CCCO2)<-C2=C->3C->4=C->5[CH-]->6C->7=C->82)c2ccccc2)cc1
TPHDFC,[O+]#[C-]->[Fe+2]123(<-[C-]#[O+])(<-[C-]#[O+])<-[CH+]4[CH-]->1[C@@H]([P+](c1ccccc1)(c1ccccc1)c1ccccc1)C[CH-]->2[CH-]->34,C27 H22 Fe1 O3 P1 1+,1.0,[O+]#[C-]->[Fe]123(<-[C-]#[O+])(<-[C-]#[O+])<-C4=C->1C->2=C->3C([P+](c1ccccc1)(c1ccccc1)c1ccccc1)C4,[O+]#[C-]->[Fe+2]123(<-[C-]#[O+])(<-[C-]#[O+])<-C4=C->1C->2=C->3C(P(c1ccccc1)(c1ccccc1)=c1cc[cH-]cc1)C4,[O+]#[C-]->[Fe+2]123(<-[C-]#[O+])(<-[C-]#[O+])<-C4=C->1C->2=C->3C(P(c1ccccc1)(c1ccccc1)=c1cc[cH-]cc1)C4
TUCQOZ,[O+]#[C-]->[Mn+]1(<-[Br-])(<-[C-]#[O+])(<-[C-]#[O+])<-N(=C2C(=N->1\c1ccc(Cl)cc1)\c1cccc3cccc\2c13)/c1ccc(Cl)cc1,C27 H14 Br1 Cl2 Mn1 N2 O3,0.0,[O+]#[C-]->[Mn+]1(<-[Br-])(<-[C-]#[O+])(<-[C-]#[O+])<-N(=C2C(=N->1c1ccc(Cl)cc1)c1cccc3cccc2c13)c1ccc(Cl)cc1,[O+]#[C-]->[Mn+3]1(<-[Br-])(<-[C-]#[O+])(<-[C-]#[O+])<-[N-](C2=C([N-]->1c1ccc(Cl)cc1)c1cccc3cccc2c13)c1ccc(Cl)cc1,[O+]#[C-]->[Mn+3]1(<-[Br-])(<-[C-]#[O+])(<-[C-]#[O+])<-[N-](C2=C([N-]->1c1ccc(Cl)cc1)c1cccc3cccc2c13)c1ccc(Cl)cc1
TUDNIR,COc1cccc(/C=N/N(->[Ag+]<-N(/N=C/c2cccc(OC)c2)=c2/[nH]nc(C)c(=O)n2N)=c2\[nH]nc(C)c(=O)n2N)c1,C24 H28 Ag1 N12 O4 1+,1.0,COc1cccc(C=NN2=c3[nH]nc(C)c(=O)n3N->[Ag+]<-23<-Nn2c(=N->3N=Cc3cccc(OC)c3)[nH]nc(C)c2=O)c1,COc1cccc(C=NN(=c2[nH]nc(C)c(=O)n2N)->[Ag+]2<-Nn3c(=N->2N=Cc2cccc(OC)c2)[nH]nc(C)c3=O)c1,COc1cccc(C=NN(->[Ag+]<-N(N=Cc2cccc(OC)c2)=c2[nH]nc(C)c(=O)n2N)=c2[nH]nc(C)c(=O)n2N)c1
TUGNEQ,O=C(O)CN1CCN2CC(=O)[O-]->[Cd@OH7+2](<-O)(<-[O-]C(=O)C1)<-[O-]C(=O)C2,C10 H15 Cd1 N2 O9 1-,-1.0,O=C1CN23CCN45CC(=O)[O-]->[Cd+2]<-2<-4(<-O)(<-O=C(O)C5)(<-[O-]1)<-[O-]C(=O)C3,O=C(O)CN12CCN34CC(=O)[O-]->[Cd+2]<-1<-3(<-O)(<-[O-]C(=O)C2)<-[O-]C(=O)C4,O=C1CN23CCN45CC(=O)[O-]->[Cd+2]<-2<-4(<-O)(<-O=C(O)C5)(<-[O-]1)<-[O-]C(=O)C3
TUGYAX,,C20 H34 F2 Fe1 N1 P3 S1,0.0,CP(C)(C)->[FeH+]1(<-N=C(c2c(F)cccc2F)c2scc[c-]->12)(<-P(C)(C)C)<-P(C)(C)C,CP(C)(C)->[FeH+]1(<-N=C(c2c(F)cccc2F)c2scc[c-]->12)(<-P(C)(C)C)<-P(C)(C)C,CP(C)(C)->[FeH+]1(<-N=C(c2c(F)cccc2F)c2scc[c-]->12)(<-P(C)(C)C)<-P(C)(C)C
TUJYIG,Cc1c2(C)->[Y+3]345678(<-[CH2-]c9ccccc9)(<-O9CCCC9)(<-c2(C)c->3(C)[c-]->41C)<-c1(C)c->5(C)c->6(C)[c-]->7(C)c->81C,C31 H45 O1 Y1,0.0,Cc12->[Y+3]3456789(<-[CH2-]c%10ccccc%10)(<-O%10CCCC%10)(<-c1(C)c->3(C)[c-]->4(C)c->52C)<-c1(C)c->6(C)c->7(C)[c-]->8(C)c->91C,Cc12->[Y+3]3456789(<-[CH2-]c%10ccccc%10)(<-O%10CCCC%10)(<-c1(C)c->3(C)[c-]->4(C)c->52C)<-c1(C)c->6(C)c->7(C)[c-]->8(C)c->91C,Cc1c(C)[c-](C)c(C)(->[Y+3](<-[CH2-]c2ccccc2)(<-O2CCCC2)<-c2(C)c(C)c(C)c(C)[c-]2C)c1C
TUKPIA,COC(CN([C](Nc1c(C(C)C)cccc1C(C)C)->[Au+]<-[Cl-])C1CCCCC1)OC,C23 H38 Au1 Cl1 N2 O2,0.0,COC(CN([C](Nc1c(C(C)C)cccc1C(C)C)->[Au+]<-[Cl-])C1CCCCC1)OC,COC(CN([C](Nc1c(C(C)C)cccc1C(C)C)->[Au+]<-[Cl-])C1CCCCC1)OC,COC(CN([C](Nc1c(C(C)C)cccc1C(C)C)->[Au+]<-[Cl-])C1CCCCC1)OC
TULQIB,C/C1=N(\c2c(C)cccc2C)->[Fe+2]23(<-[Cl-])(<-[Cl-])<-n4c(-c5cccc->21n->35)oc1ccccc14,C22 H19 Cl2 Fe1 N3 O1,0.0,CC1c2cccc3-c4oc5ccccc5n4->[Fe+2](<-[Cl-])(<-[Cl-])(<-N=1c1c(C)cccc1C)<-n23,CC1c2cccc3-c4oc5ccccc5n4->[Fe+2](<-[Cl-])(<-[Cl-])(<-N=1c1c(C)cccc1C)<-n23,CC1c2cccc3-c4oc5ccccc5n4->[Fe+2](<-[Cl-])(<-[Cl-])(<-N=1c1c(C)cccc1C)<-n23
TUMDUB,c1ccc(/C2[O-]->[Ni+2]3456<-[O-]/C(c7ccccc7)=N->3\N->4=C(C(/c3ccccc3)=N->5\N->6=2)\c2ccccc2)cc1,C28 H20 N4 Ni1 O2,0.0,c1ccc(C2=NN3=C(C(c4ccccc4)=N4N=C([O-]->[Ni+2]<-3<-4<-[O-]2)c2ccccc2)c2ccccc2)cc1,c1ccc(C2=NN3=C(C(c4ccccc4)=N4N=C([O-]->[Ni+2]<-3<-4<-[O-]2)c2ccccc2)c2ccccc2)cc1,c1ccc(C2=NN3=C(C(c4ccccc4)=N4N=C([O-]->[Ni+2]<-3<-4<-[O-]2)c2ccccc2)c2ccccc2)cc1
TUNGOZ,,C23 H47 F4 Ir1 N2 P2,0.0,CC(C)P(C(C)C)(C(C)C)->[IrH2+](<-N)(<-[c-]1c(F)c(F)nc(F)c1F)<-P(C(C)C)(C(C)C)C(C)C,CC(C)P(C(C)C)(C(C)C)->[IrH2+](<-N)(<-[c-]1c(F)c(F)nc(F)c1F)<-P(C(C)C)(C(C)C)C(C)C,CC(C)P(C(C)C)(C(C)C)->[IrH2+](<-N)(<-[c-]1c(F)c(F)nc(F)c1F)<-P(C(C)C)(C(C)C)C(C)C
TUPPEZ,C/C1=C(\C)[N-](O)->[Rh+3]2(<-[CH-]=CC(C)(C)O)(<-N1=O)(<-N(=O)/C(C)=C(/C)[N-]->2O)<-P(c1ccccc1)(c1ccccc1)c1ccccc1,C31 H38 N4 O5 P1 Rh1,0.0,CC1C(C)=N(O)->[Rh+]2(<-[CH-]=CC(C)(C)O)(<-N=1[O])(<-N([O])=C(C)C(C)=N->2O)<-P(c1ccccc1)(c1ccccc1)c1ccccc1,CC1=C(C)[N-](O)->[Rh+3]2(<-[CH-]=CC(C)(C)O)(<-N1=O)(<-N(=O)C(C)=C(C)[N-]->2O)<-P(c1ccccc1)(c1ccccc1)c1ccccc1,CC1=C(C)[N-](O)->[Rh+3]2(<-[CH-]=CC(C)(C)O)(<-N1=O)(<-N(=O)C(C)=C(C)[N-]->2O)<-P(c1ccccc1)(c1ccccc1)c1ccccc1
TURCOZ,CC#N->[Cu+]1<-c2(C(C)C)cc(C(C)C)cc(C(C)C)c2-c2ccccc2P->1(C(C)(C)C)C(C)(C)C,C31 H48 Cu1 N1 P1 1+,1.0,CC#N->[Cu+]<-P(c1ccccc1-c1c(C(C)C)cc(C(C)C)cc1C(C)C)(C(C)(C)C)C(C)(C)C,CC#N->[Cu+]<-P(c1ccccc1-c1c(C(C)C)cc(C(C)C)cc1C(C)C)(C(C)(C)C)C(C)(C)C,CC#N->[Cu+]1<-c2(C(C)C)cc(C(C)C)cc(C(C)C)c2-c2ccccc2P->1(C(C)(C)C)C(C)(C)C
TURNUR,,C26 H42 O3 P1 Ru1 1+,1.0,COc12->[RuH+]3456(<-[C-]#[O+])(<-c(c->31)c->4(O)c->5c->62)<-P(C1CCCCC1)(C1CCCCC1)C1CCCCC1,COc12->[RuH+]3456(<-[C-]#[O+])(<-c(c->31)c->4(O)c->5c->62)<-P(C1CCCCC1)(C1CCCCC1)C1CCCCC1,COc12->[RuH+]3456(<-[C-]#[O+])(<-c(c->31)c->4(O)c->5c->62)<-P(C1CCCCC1)(C1CCCCC1)C1CCCCC1
TUSKUP,Cc1ccc2-c3ccc(C)cn3->[Ag+](<-n2c1)<-P(CNc1ccccn1)(c1ccccc1)c1ccccc1,C30 H29 Ag1 N4 P1 1+,1.0,Cc1ccc2-c3ccc(C)cn3->[Ag+](<-n2c1)<-P(CNc1ccccn1)(c1ccccc1)c1ccccc1,Cc1ccc2-c3ccc(C)cn3->[Ag+](<-n2c1)<-P(CNc1ccccn1)(c1ccccc1)c1ccccc1,Cc1ccc2-c3ccc(C)cn3->[Ag+]3(<-n4ccccc4NCP->3(c3ccccc3)c3ccccc3)<-n2c1
TUTFEV,Cc1cc(C)n2->[Pd@OH20+2]3(<-[Cl-])<-[C]4N(C)C=CN4CC[Se]->3c3ccccc3-n12,C17 H20 Cl1 N4 Pd1 Se1 1+,1.0,Cc1cc(C)n2->[Pd+2]3(<-[Cl-])<-[C]4N(C)C=CN4CC[Se]->3c3ccccc3-n12,[CH2-]C[n+]1cc[n+](C)[cH-]1->[Pd+4]1(<-[Cl-])<-[Se-]c2ccccc2-n2c(C)cc(C)n->12,[CH2-]C[n+]1cc[n+](C)[cH-]1->[Pd+4]1(<-[Cl-])<-[Se-]c2ccccc2-n2c(C)cc(C)n->12
TUTMIF,C1=C/C2=C(\c3ccncc3)c3ccc[n-]3->[Rh+]345(<-C6=C->3/CC/C->4=C->5\CC\6)<-N2=C1,C22 H22 N3 Rh1,0.0,C1=CC2=C(c3ccncc3)c3ccc[n-]3->[Rh+]345(<-C6=C->3CCC->4=C->5CC6)<-N2=C1,C1=CC2=C(c3ccncc3)c3ccc[n-]3->[Rh+]345(<-C6=C->3CCC->4=C->5CC6)<-N2=C1,C1=CC2=C(c3ccncc3)c3ccc[n-]3->[Rh+]345(<-C6=C->3CCC->4=C->5CC6)<-N2=C1
TUWZOC,Cc1ccc(S(=O)(=O)N2CCN(Cc3ccccc3)CCN(S(=O)(=O)c3ccc(C)cc3)Cc3cccc(n3->[Ag+]<-O)C2)cc1,C32 H38 Ag1 N4 O5 S2 1+,1.0,Cc1ccc(S(=O)(=O)N2CCN3(Cc4ccccc4)->[Ag+]4(<-O)<-n5c(cccc5CN->4(S(=O)(=O)c4ccc(C)cc4)CC3)C2)cc1,Cc1ccc(S(=O)(=O)N2CCN3(Cc4ccccc4)->[Ag+]4(<-O)<-n5c(cccc5CN->4(S(=O)(=O)c4ccc(C)cc4)CC3)C2)cc1,Cc1ccc(S2(=O)(=O)N34->[Ag+]<-256(<-O)<-O=S->5(=O)(c2ccc(C)cc2)N(CCN->6(Cc2ccccc2)CC3)Cc2cccc(n2)C4)cc1
TUXSOU,C[S@](=C->[Mn+]1(<-[C-]#[O+])(<-[C-]#[O+])(<-[C-]#[O+])<-n2ccccc2-c2ccccn->12)c1ccccc1,C21 H18 Mn1 N2 O3 S1 1+,1.0,C[S+]([CH2-]->[Mn+]1(<-[C-]#[O+])(<-[C-]#[O+])(<-[C-]#[O+])<-n2ccccc2-c2ccccn->12)c1ccccc1,CS(=C->[Mn+]1(<-[C-]#[O+])(<-[C-]#[O+])(<-[C-]#[O+])<-n2ccccc2-c2ccccn->12)c1ccccc1,CS(=C->[Mn+]1(<-[C-]#[O+])(<-[C-]#[O+])(<-[C-]#[O+])<-n2ccccc2-c2ccccn->12)c1ccccc1
TUYVAM,CCP1(CC)CCP2(C[P@@]3(CCP(CC)(CC)->[Ni@TB3+2]<-1<-2(<-[N-]=C=S)<-S=3)c1ccccc1)c1ccccc1,C26 H40 N1 Ni1 P4 S2 1+,1.0,CCP1(CC)CCP2(CP3(CCP(CC)(CC)->[Ni+2]<-1<-3(<-[N-]=C=S)<-S=2)c1ccccc1)c1ccccc1,CCP1(CC)CCP2(CP3(CCP(CC)(CC)->[Ni+2]<-1<-3(<-[N-]=C=S)<-S=2)c1ccccc1)c1ccccc1,CCP1(CC)CCP2(CP3(CCP(CC)(CC)->[Ni+2]<-1<-3(<-[N-]=C=S)<-S=2)c1ccccc1)c1ccccc1
TXMPPD,CCP(CC)(CC)->[Pd+2](<-[Cl-])(<-[C-]1=CC(=O)/C(=C\C(=O)OC)N1c1ccc(C)cc1)<-P(CC)(CC)CC,C26 H42 Cl1 N1 O3 P2 Pd1,0.0,CCP(CC)(CC)->[Pd+](<-[Cl-])(<-[C]1=CC(=O)C(=CC(=O)OC)N1c1ccc(C)cc1)<-P(CC)(CC)CC,CCP(CC)(CC)->[Pd+2](<-[Cl-])(<-[C-]1=CC(=O)C(=CC(=O)OC)N1c1ccc(C)cc1)<-P(CC)(CC)CC,CCP(CC)(CC)->[Pd+2](<-[Cl-])(<-[C-]1=CC(=O)C(=CC(=O)OC)N1c1ccc(C)cc1)<-P(CC)(CC)CC
UBEPAV,CC(C)P1(Nc2ccccn2->[Ru+4]<-123(<-[C-3][CH+]c1ccccc1)<-n1cccn1[BH-](n1cccn->21)n1cccn->31)C(C)C,C28 H35 B1 N8 P1 Ru1 1+,1.0,CC(C)P1(Nc2ccccn2->[Ru+4]<-123(<-[C-2]=Cc1ccccc1)<-[n-]1ccc[n+]1[BH-]([n+]1ccc[n-]->21)[n+]1ccc[n-]->31)C(C)C,CC(C)P1(Nc2ccccn2->[Ru+2]<-123(<-[C]=Cc1ccccc1)<-n1cccn1[BH-](n1cccn->21)n1cccn->31)C(C)C,CC(C)P1(Nc2ccccn2->[Ru+2]<-123(<-[C]=Cc1ccccc1)<-n1cccn1[BH-](n1cccn->21)n1cccn->31)C(C)C
UBEZUW,CN(C)Cc1ccccc1P(->[Ag+]<-[Br-])(c1ccccc1CN(C)C)c1ccccc1CN(C)C,C27 H36 Ag1 Br1 N3 P1,0.0,CN(C)Cc1ccccc1P1(c2ccccc2CN(C)C)c2ccccc2CN(C)(C)->[Ag+]<-1<-[Br-],CN(C)Cc1ccccc1P1(c2ccccc2CN(C)C)c2ccccc2CN(C)(C)->[Ag+]<-1<-[Br-],CN(C)Cc1ccccc1P1(c2ccccc2CN(C)C)c2ccccc2CN(C)(C)->[Ag+]<-1<-[Br-]
UBOXIV,CO->[Mo+6]12(<-[O-2])(<-[O-2])<-[O-]c3ccccc3/N->1=C/c1c([O-]->2)ccc2ccccc12,C18 H15 Mo1 N1 O5,0.0,CO->[Mo+6]12(<-[O-2])(<-[O-2])<-[O-]c3ccccc3N->1=Cc1c([O-]->2)ccc2ccccc12,CO->[Mo+6]12(<-[O-2])(<-[O-2])<-[O-]c3ccccc3N->1=Cc1c([O-]->2)ccc2ccccc12,CO->[Mo+6]12(<-[O-2])(<-[O-2])<-[O-]c3ccccc3N->1=Cc1c([O-]->2)ccc2ccccc12
UCAMOC,,C12 H16 N3 Ni1 O1 S2 1-,-1.0,O=C1CN2(CC[S-]->[Ni+2]<-23<-[S-]CC[N-]->31)Cc1ccccn1,O=C1CN2(CC[S-]->[Ni+2]<-23<-[S-]CC[N-]->31)Cc1ccccn1,O=C1CN23CC[S-]->[Ni+2]<-24(<-[S-]CC[N-]->41)<-n1ccccc1C3
UCEKOD,O=c1[nH]c2[O-]->[Co+3]34(<-[O-]c5[nH]c(=O)[nH]c(=O)c5N->3=O)(<-[O-]c3[nH]c(=O)[nH]c(=O)c3N->4=O)<-N(=O)c2c(=O)[nH]1,C12 H6 Co1 N9 O12,0.0,[O]N1=C2C(=O)NC(=O)NC2=O->[Co]<-123(<-O=C1NC(=O)NC(=O)C1=N->2[O])<-O=C1NC(=O)NC(=O)C1=N->3[O],O=c1[nH]c2[O-]->[Co+3]34(<-[O-]c5[nH]c(=O)[nH]c(=O)c5N->3=O)(<-[O-]c3[nH]c(=O)[nH]c(=O)c3N->4=O)<-N(=O)c2c(=O)[nH]1,O=c1[nH]c2[O-]->[Co+3]34(<-[O-]c5[nH]c(=O)[nH]c(=O)c5N->3=O)(<-[O-]c3[nH]c(=O)[nH]c(=O)c3N->4=O)<-N(=O)c2c(=O)[nH]1
UCIMOJ,,C25 H32 Co1 N5 O5,0.0,CC1C(C)=N(O)->[Co+]2(<-[C-]3=CC(C)C4C=CC=CC(C3)C4=O)(<-N=1[O])(<-N([O])=C(C)C(C)=N->2O)<-n1ccccc1,CC1=C(C)[N-](O)->[Co+3]2(<-[C-]3=CC(C)C4C=CC=CC(C3)C4=O)(<-N1=O)(<-N(=O)C(C)=C(C)[N-]->2O)<-n1ccccc1,CC1=C(C)[N-](O)->[Co+3]2(<-[C-]3=CC(C)C4C=CC=CC(C3)C4=O)(<-N1=O)(<-N(=O)C(C)=C(C)[N-]->2O)<-n1ccccc1
UCUNEO,CC1=C(C)N2c3cccc[c-]3->[Pt@OH26+2]3(<-[O-]/C(C)=C\C(C)=N->3\c3ccccc3)<-C2#S1,C22 H22 N2 O1 Pt1 S1,0.0,CC1=CC(C)=O->[Pt+2]2(<-[C]3SC(C)=C(C)N3c3cccc[c-]->23)<-[N-]1c1ccccc1,CC1=CC(C)=N(c2ccccc2)->[Pt+2]2(<-[O-]1)<-C1#SC(C)=C(C)N1c1cccc[c-]->21,CC1=CC(C)=N(c2ccccc2)->[Pt+2]2(<-[O-]1)<-C1#SC(C)=C(C)N1c1cccc[c-]->21
UCUXAR,,C24 H45 Mo1 N1 O2 P3 1+,1.0,CC(C)N(C(C)C)[P-]1[P](C)(C)CCP(C)(C)->[Mo+3]<-12345(<-[C-]#[O+])(<-[C-]#[O+])<-c1(C)c->2(C)c->3(C)[c-]->4(C)c->51C,CC(C)N(C(C)C)P1=P(C)(C)CCP(C)(C)->[Mo+2]<-12345(<-[C-]#[O+])(<-[C-]#[O+])<-c1(C)c->2(C)c->3(C)[c-]->4(C)c->51C,CC(C)N(C(C)C)P1=P(C)(C)CCP(C)(C)->[Mo+2]<-12345(<-[C-]#[O+])(<-[C-]#[O+])<-c1(C)c->2(C)c->3(C)[c-]->4(C)c->51C
UDELOH,CCCC[Se]c1ccccc1CN(C)CCN(C)(C)->[Hg+2](<-[Cl-])<-[Cl-],C16 H28 Cl2 Hg1 N2 Se1,0.0,CCCC[Se]1c2ccccc2CN2(C)CCN(C)(C)->[Hg+2]<-1<-2(<-[Cl-])<-[Cl-],CCCC[Se]c1ccccc1CN(C)CCN(C)(C)->[Hg+2](<-[Cl-])<-[Cl-],CCCC[Se]c1ccccc1CN(C)CCN(C)C.[Cl-]->[Hg+2]<-[Cl-]
UDIGEW,,C42 H31 Ir1 N4 O3 S1,0.0,Cc1ccc(S(=O)(=O)[N-]2c3ccccc3-c3oc4ccccc4n3->[Ir+3]<-234(<-[c-]2ccccc2-c2ccccn->32)<-[c-]2ccccc2-c2ccccn->42)cc1,Cc1ccc(S(=O)(=O)[N-]2c3ccccc3-c3oc4ccccc4n3->[Ir+3]<-234(<-[c-]2ccccc2-c2ccccn->32)<-[c-]2ccccc2-c2ccccn->42)cc1,Cc1ccc(S(=O)(=O)[N-]2c3ccccc3-c3oc4ccccc4n3->[Ir+3]<-234(<-[c-]2ccccc2-c2ccccn->32)<-[c-]2ccccc2-c2ccccn->42)cc1
UDOBIA,COC(C#[C-]->[Cr](<-[C-]#[O+])(<-[C-]#[O+])(<-[C-]#[O+])(<-[C-]#[O+])<-P(c1ccc(C#N)cc1)(c1ccc(C#N)cc1)c1ccc(C#N)cc1)=[N+](C)C,C31 H21 Cr1 N4 O5 P1,0.0,COC(C#[C-]->[Cr](<-[C-]#[O+])(<-[C-]#[O+])(<-[C-]#[O+])(<-[C-]#[O+])<-P(c1ccc(C#N)cc1)(c1ccc(C#N)cc1)c1ccc(C#N)cc1)=[N+](C)C,C[O+]=C(C#[C-]->[Cr](<-[C-]#[O+])(<-[C-]#[O+])(<-[C-]#[O+])(<-[C-]#[O+])<-P(c1ccc(C#N)cc1)(c1ccc(C#N)cc1)c1ccc(C#N)cc1)N(C)C,C[O+]=C(C#[C-]->[Cr](<-[C-]#[O+])(<-[C-]#[O+])(<-[C-]#[O+])(<-[C-]#[O+])<-P(c1ccc(C#N)cc1)(c1ccc(C#N)cc1)c1ccc(C#N)cc1)N(C)C
UDODEY,,C16 H24 Cr1 N1 O5 P1,0.0,CCP(CC)(CC)->[Cr](<-[C-]#[O+])(<-[C-]#[O+])(<-[C-]#[O+])(<-[C-]#[O+])<-[C-]#CC(OC)=[N+](C)C,CCP(CC)(CC)->[Cr](<-[C-]#[O+])(<-[C-]#[O+])(<-[C-]#[O+])(<-[C-]#[O+])<-[C-]#CC(=[O+]C)N(C)C,CCP(CC)(CC)->[Cr](<-[C-]#[O+])(<-[C-]#[O+])(<-[C-]#[O+])(<-[C-]#[O+])<-[C-]#CC(=[O+]C)N(C)C
UDOGID,CC(C)N(C(C)C)[b-]12->[Sc+3]3456789%10%11(<-[Cl-])(<-c1c->3(C)c->4c->5(C)c->62)<-c1[b-]->7(N(C(C)C)C(C)C)c->8c->9(C)c->%10c->%111C,C26 H46 B2 Cl1 N2 Sc1,0.0,fail,CC(C)N(C(C)C)[b-]12->[Sc+3]3456789%10%11(<-[Cl-])(<-c1c->3(C)c->4c->5(C)c->62)<-c1[b-]->7(N(C(C)C)C(C)C)c->8c->9(C)c->%10c->%111C,CC(C)N(C(C)C)[b-]12->[Sc+3]3456789%10%11(<-[Cl-])(<-c1c->3(C)c->4c->5(C)c->62)<-c1[b-]->7(N(C(C)C)C(C)C)c->8c->9(C)c->%10c->%111C
UDOPOS,CCCCn1nnn[c-]1->[Pt+2](<-[c-]1nnnn1CCCC)(<-P(CC)(CC)CC)<-P(CC)(CC)CC,C22 H48 N8 P2 Pt1,0.0,CCCCn1nnn[c]1->[Pt](<-[c]1nnnn1CCCC)(<-P(CC)(CC)CC)<-P(CC)(CC)CC,CCCCn1nnn[c-]1->[Pt+2](<-[c-]1nnnn1CCCC)(<-P(CC)(CC)CC)<-P(CC)(CC)CC,CCCCn1nnn[c-]1->[Pt+2](<-[c-]1nnnn1CCCC)(<-P(CC)(CC)CC)<-P(CC)(CC)CC
UDUDAA,,C21 H23 Cl1 N2 O2 Ru1 S1,0.0,Cc1ccc(S(=O)(=O)[N-]2CCN->[Ru+2]<-234567(<-[Cl-])<-c2c->3c->4c->5(-c3ccccc3)c->6c->72)cc1,Cc1ccc(S(=O)(=O)[N-]2CCN->[Ru+2]<-234567(<-[Cl-])<-c2c->3c->4c->5(-c3ccccc3)c->6c->72)cc1,Cc1ccc(S2(=O)=O->[Ru+2]345(<-[Cl-])(<-NCC[N-]->32)<-c2cccc->4c->52-c2ccccc2)cc1
UFAPUP,C/[C-]1=N(\C(C)(C)C)->[Hf+4]<-1234567(<-[C-](/C)=N->2/C(C)(C)C)<-[N-](C(C)(C)C)[Si](C)(C)[c-]->31c->4(C)c->5(C)c->6(C)c->71C,C27 H51 Hf1 N3 Si1,0.0,CC1=N(C(C)(C)C)->[Hf+2]<-1234567(<-C(C)=N->2C(C)(C)C)<-[N-](C(C)(C)C)[Si](C)(C)[c-]->31c->4(C)c->5(C)c->6(C)c->71C,C[C-]1=N(C(C)(C)C)->[Hf+4]<-1234567(<-[C-](C)=N->2C(C)(C)C)<-[N-](C(C)(C)C)[Si](C)(C)c->31c->4(C)c->5(C)c->6(C)[c-]->71C,C[C-](=NC(C)(C)C)->[Hf+4]123456(<-[C-](C)=N->1C(C)(C)C)<-[N-](C(C)(C)C)[Si](C)(C)c->21c->3(C)c->4(C)c->5(C)[c-]->61C
UFEJOE,[O-][C@H]1[C@H](O)[C@H]2O->[Co+3]345(<-[Cl-])<-O[C@@H]6[C@@H](O)[C@H](O)[C@@H](CO)O[C@H]6N->36CCN->4CCN->5([C@@H]2O[C@@H]1CO)CC6,C18 H35 Cl1 Co1 N3 O10 1+,1.0,OCC1OC2N34->[Co+2]56(<-[Cl-])(<-OC2C(O)C1O)<-OC1C(O)C(O)C(CO)OC1N->5(CCN->6CC3)CC4,[O-]C1C(CO)OC2N34->[Co+3]56(<-[Cl-])(<-OC2C1O)<-OC1C(O)C(O)C(CO)OC1N->5(CCN->6CC3)CC4,[O-]C1C(CO)OC2N34->[Co+3]56(<-[Cl-])(<-OC2C1O)<-OC1C(O)C(O)C(CO)OC1N->5(CCN->6CC3)CC4
UFUGIM,Nc1cccc2cccn(->[Cd+2](<-[N-]=C=S)(<-[N-]=C=S)<-n3cccc4cccc(N)c43)c12,C20 H16 Cd1 N6 S2,0.0,S=C=[N-]->[Cd+2]12(<-[N-]=C=S)(<-Nc3cccc4cccn->1c34)<-Nc1cccc3cccn->2c13,S=C=[N-]->[Cd+2]12(<-[N-]=C=S)(<-Nc3cccc4cccn->1c34)<-Nc1cccc3cccn->2c13,Nc1cccc2cccn(->[Cd+2](<-[N-]=C=S)(<-[N-]=C=S)<-n3cccc4cccc(N)c43)c12
UGAMUL,O=S1(=O)[O-]->[Cd+2]234(<-[O-]S(=O)(=O)c5ccccc5/N->2=C/c2ccccn->32)<-N(=C\c2ccccn->42)/c2ccccc21,C24 H18 Cd1 N4 O6 S2,0.0,O=S1(=O)[O-]->[Cd+2]234(<-[O-]S(=O)(=O)c5ccccc5N->2=Cc2ccccn->32)<-N(=Cc2ccccn->42)c2ccccc21,O=S1(=O)[O-]->[Cd+2]234(<-[O-]S(=O)(=O)c5ccccc5N->2=Cc2ccccn->32)<-N(=Cc2ccccn->42)c2ccccc21,O=S12=O->[Cd+2]3456(<-O=S(=O)([O-]->3)c3ccccc3N->4=Cc3ccccn->53)(<-[O-]1)<-N(=Cc1ccccn->61)c1ccccc12
UGEFIV,Cc12->[Ti+4]3456789%10(<-[Cl-])(<-[Cl-])<-c1(C)c->3(C)[c-]->4([Si](C)(C)C/C=C/C[Si](C)(C)[c-]->51c->6(C)c->7(C)c->8(C)c->91C)c->%102C,C26 H42 Cl2 Si2 Ti1,0.0,Cc12->[Ti+4]3456789%10(<-[Cl-])(<-[Cl-])<-c%11(C)c->3(C)c->4(C)[c-]->5([Si](C)(C)CC=CC[Si](C)(C)c->61c->7(C)[c-]->8(C)c->92C)c->%10%11C,Cc12->[Ti+4]3456789%10(<-[Cl-])(<-[Cl-])<-c1(C)c->3(C)[c-]->4([Si](C)(C)CC=CC[Si](C)(C)[c-]->51c->6(C)c->7(C)c->8(C)c->91C)c->%102C,Cc12->[Ti+4]3456789%10(<-[Cl-])(<-[Cl-])<-c1(C)c->3(C)[c-]->4([Si](C)(C)CC=CC[Si](C)(C)[c-]->51c->6(C)c->7(C)c->8(C)c->91C)c->%102C
UGILEB,CC1=O->[Ir+3]2(<-[I-])(<-[I-])(<-[O-]1)<-[C]1N(CN3C=CN(CC(C)(C)C)[C]->23)C=CN1CC(C)(C)C,C19 H31 I2 Ir1 N4 O2,0.0,fail,CC(C)(C)CN1C=CN2CN3C=CN(CC(C)(C)C)[C]3->[Ir+3]34(<-[I-])(<-[I-])(<-O=C->3(C)[O-]->4)<-[C]21,CC(C)(C)CN1C=CN2CN3C=CN(CC(C)(C)C)[C]3->[Ir+3]34(<-[I-])(<-[I-])(<-O=C->3(C)[O-]->4)<-[C]21
UGODAW,[Cl-]->[Ni+2]123(<-O=N->1[O-]->2)<-P(CCP->3(c1ccccc1)c1ccccc1)(c1ccccc1)c1ccccc1,C26 H24 Cl1 N1 Ni1 O2 P2,0.0,O=N[O-]->[Ni+2]1(<-[Cl-])<-P(CCP->1(c1ccccc1)c1ccccc1)(c1ccccc1)c1ccccc1,O=N[O-]->[Ni+2]1(<-[Cl-])<-P(CCP->1(c1ccccc1)c1ccccc1)(c1ccccc1)c1ccccc1,O=N[O-]->[Ni+2]1(<-[Cl-])<-P(CCP->1(c1ccccc1)c1ccccc1)(c1ccccc1)c1ccccc1
UGUFOT,[CH3-]->[Rh+3]12(<-[I-])(<-[I-])<-n3n(CCP->1(c1ccccc1)c1ccccc1)c1ccccc1[n+]3CCP->2(c1ccccc1)c1ccccc1,C35 H35 I2 N3 P2 Rh1 1+,1.0,[CH3-]->[Rh+3]12(<-[I-])(<-[I-])<-n3n(CCP->1(c1ccccc1)c1ccccc1)c1ccccc1[n+]3CCP->2(c1ccccc1)c1ccccc1,[CH3-]->[Rh+5]12(<-[I-])(<-[I-])<-[N-]3N(CCP->1(c1ccccc1)c1ccccc1)c1ccccc1N3CCP->2(c1ccccc1)c1ccccc1,[CH3-]->[Rh+5]12(<-[I-])(<-[I-])<-[N-]3N(CCP->1(c1ccccc1)c1ccccc1)c1ccccc1N3CCP->2(c1ccccc1)c1ccccc1
UHABUA,,C14 H10 Br2 Hg1 N2 S4,0.0,[Br-]->[Hg+2](<-[Br-])(<-S=c1[nH]c2ccccc2s1)<-S=c1[nH]c2ccccc2s1,[Br-]->[Hg+2](<-[Br-])(<-S=c1[nH]c2ccccc2s1)<-S=c1[nH]c2ccccc2s1,S=c1[nH]c2ccccc2s1.S=c1[nH]c2ccccc2s1.[Br-]->[Hg+2]<-[Br-]
UHEKIB,CC(C)c1ccn2->[Re+]3(<-[C-]#[O+])(<-[C-]#[O+])(<-[C-]#[O+])<-n4c(C(C)C)ccn4C(n12)n1ccc(C(C)C)n->31,C22 H28 N6 O3 Re1 1+,1.0,CC(C)c1cc[n-]2->[Re+]3(<-[C-]#[O+])(<-[C-]#[O+])(<-[C-]#[O+])<-[n-]4c(C(C)C)cc[n+]4C([n+]12)[n+]1ccc(C(C)C)[n-]->31,CC(C)c1ccn2->[Re+]3(<-[C-]#[O+])(<-[C-]#[O+])(<-[C-]#[O+])<-n4c(C(C)C)ccn4C(n12)n1ccc(C(C)C)n->31,CC(C)c1ccn2->[Re+]3(<-[C-]#[O+])(<-[C-]#[O+])(<-[C-]#[O+])<-n4c(C(C)C)ccn4C(n12)n1ccc(C(C)C)n->31
UHILUS,CCOP1(OCC)=S->[Ni@OH19+2]2(<-[S-]1)<-P(CCP->2(c1ccccc1)c1ccccc1)(c1ccccc1)c1ccccc1,C30 H34 Ni1 O2 P3 S2 1+,1.0,CCOP1(OCC)=S->[Ni+2]2(<-[S-]1)<-P(CCP->2(c1ccccc1)c1ccccc1)(c1ccccc1)c1ccccc1,CCOP1(OCC)=S->[Ni+2]2(<-[S-]1)<-P(CCP->2(c1ccccc1)c1ccccc1)(c1ccccc1)c1ccccc1,CCOP12(OCC)=S->[Ni+2]<-13(<-[S-]2)<-P(CCP->3(c1ccccc1)c1ccccc1)(c1ccccc1)c1ccccc1
UHIPEI,COc1ccn2->[Cu+](<-n3ccc(OC)cc3-c2c1)<-P(CCP(c1c(F)c(F)c(F)c(F)c1F)c1c(F)c(F)c(F)c(F)c1F)(c1c(F)c(F)c(F)c(F)c1F)c1c(F)c(F)c(F)c(F)c1F,C38 H16 Cu1 F20 N2 O2 P2 1+,1.0,COc1ccn2->[Cu+]3(<-n4ccc(OC)cc4-c2c1)<-P(CCP->3(c1c(F)c(F)c(F)c(F)c1F)c1c(F)c(F)c(F)c(F)c1F)(c1c(F)c(F)c(F)c(F)c1F)c1c(F)c(F)c(F)c(F)c1F,COc1ccn2->[Cu+]3(<-n4ccc(OC)cc4-c2c1)<-P(CCP->3(c1c(F)c(F)c(F)c(F)c1F)c1c(F)c(F)c(F)c(F)c1F)(c1c(F)c(F)c(F)c(F)c1F)c1c(F)c(F)c(F)c(F)c1F,COc1ccn2->[Cu+](<-n3ccc(OC)cc3-c2c1)<-P(CCP(c1c(F)c(F)c(F)c(F)c1F)c1c(F)c(F)c(F)c(F)c1F)(c1c(F)c(F)c(F)c(F)c1F)c1c(F)c(F)c(F)c(F)c1F
UHOLIO,CC(C)(C)n1ccn2[BH-]3n4ccn(C(C)(C)C)c4=S->[Cd@TB13+2]4(<-O=C([O-]->4)c4c(F)cccc4F)(<-S=c21)<-S=c1n3ccn1C(C)(C)C,C28 H37 B1 Cd1 F2 N6 O2 S3,0.0,fail,CC(C)(C)n1ccn2[BH-]3n4ccn(C(C)(C)C)c4=S->[Cd+2]4(<-O=C([O-]->4)c4c(F)cccc4F)(<-S=c21)<-S=c1n3ccn1C(C)(C)C,CC(C)(C)n1ccn2[BH-]3n4ccn(C(C)(C)C)c4=S->[Cd+2]45(<-O=C->4([O-]->5)c4c(F)cccc4F)(<-S=c21)<-S=c1n3ccn1C(C)(C)C
UJAHOC,,C20 H30 Mo1 N2 O1,0.0,CC(C)(C)[CH-2]->[Mo+4]1234(<-[N-]=O)(<-n5ccccc5)<-c5(C)c->1(C)c->2(C)[c-]->3(C)c->45C,CC(C)(C)[CH]->[Mo+2]1234(<-[N-]=O)(<-n5ccccc5)<-c5(C)c->1(C)c->2(C)[c-]->3(C)c->45C,CC(C)(C)[CH]->[Mo+2]1234(<-[N-]=O)(<-n5ccccc5)<-c5(C)c->1(C)c->2(C)[c-]->3(C)c->45C
UJAXIM,,C18 H18 Co1 N1 O5 S3,0.0,COC(=O)C1[S-]->[Co+3]2345(<-[S-]C=1C(=NS(=O)(=O)c1ccc(C)cc1)OC)<-c1c->2c->3[cH-]->4c->51,COC(=O)C1=S->[Co+]2345(<-S=C1C(=NS(=O)(=O)c1ccc(C)cc1)OC)<-c1c->2c->3[cH-]->4c->51,COC(=O)C1=S->[Co+]2345(<-S=C1C(=NS(=O)(=O)c1ccc(C)cc1)OC)<-c1c->2c->3[cH-]->4c->51
UJEROQ,,C27 H33 Hg1 I2 O9 P1,0.0,COc1cc(OC)c(P(c2c(OC)cc(OC)cc2OC)(c2c(OC)cc(OC)cc2OC)->[Hg+2](<-[I-])<-[I-])c(OC)c1,COc1cc(OC)c(P(c2c(OC)cc(OC)cc2OC)(c2c(OC)cc(OC)cc2OC)->[Hg+2](<-[I-])<-[I-])c(OC)c1,COc1cc(OC)c(P(c2c(OC)cc(OC)cc2OC)(c2c(OC)cc(OC)cc2OC)->[Hg+2](<-[I-])<-[I-])c(OC)c1
UJOBUQ,Cc1cc(Cc2cc(C)cc(C(C)(C)C)c2[O-]->[Ti+4]2345(<-[Cl-])(<-[Cl-])<-C6=C->2C->3(=[Si](C)C)C->4=C->56)c([O-])c(C(C)(C)C)c1,C30 H40 Cl2 O2 Si1 Ti1,0.0,Cc1cc2Cc3cc(C)cc(C(C)(C)C)c3[O-]->[Ti+4]3456(<-[Cl-])(<-[Cl-])<-c7c->3[cH-]->4c->5([Si](C)(C)Oc2c(C(C)(C)C)c1)c->67,Cc1cc2Cc3cc(C)cc(C(C)(C)C)c3[O-]->[Ti+4]3456(<-[Cl-])(<-[Cl-])<-c7c->3c->4([Si](C)(C)Oc2c(C(C)(C)C)c1)c->5[cH-]->67,Cc1cc2Cc3cc(C)cc(C(C)(C)C)c3[O-]->[Ti+4]3456(<-[Cl-])(<-[Cl-])<-c7c->3c->4([Si](C)(C)Oc2c(C(C)(C)C)c1)c->5[cH-]->67
UKEDAR,CC(C)P1(Cc2cccc3CP(C(C)C)(C(C)C)->[Ir+3]<-14(<-O)(<-[O-]c1cccc5ccc[c-]->4c15)<-[c-]23)C(C)C,C30 H43 Ir1 O2 P2,0.0,CC(C)P1(Cc2cccc3CP(C(C)C)(C(C)C)->[Ir+3]<-14(<-O)(<-[O-]c1cccc5ccc[c-]->4c15)<-[c-]23)C(C)C,CC(C)P1(Cc2cccc3CP(C(C)C)(C(C)C)->[Ir+3]<-14(<-O)(<-[O-]c1cccc5ccc[c-]->4c15)<-[c-]23)C(C)C,CC(C)P1(Cc2cccc3CP(C(C)C)(C(C)C)->[Ir+3]<-14(<-O)(<-[O-]c1cccc5ccc[c-]->4c15)<-[c-]23)C(C)C
UKIWES,,C14 H21 Cl1 N5 O4 S2 Zn1 1+,1.0,[O-][Cl+3]([O-])([O-])[O-]->[Zn+2]1234<-n5ccsc5CN->15CCN->2CCN->3(Cc1sccn->41)CC5,[O-2].[O-2].[O-2].[O-]Cl.c1cn2->[Zn+8]345<-n6ccsc6CN->36CCN->4CCN->5(CC6)Cc2s1,[O-2].[O-2].[O-2]->[Zn+8]1234<-n5ccsc5CN->15CCN->2CCN->3(CC5)Cc1sccn->41.[O-]Cl
UKUGAI,[Cl-]->[Pd@OH14+2]12<-N(=N\c3ccccn->13)/c1ccccc1[N-]->2c1ccccc1,C17 H13 Cl1 N4 Pd1,0.0,[Cl-]->[Pd+2]12<-N(=Nc3ccccn->13)c1ccccc1[N-]->2c1ccccc1,[Cl-]->[Pd+4]12<-[N-](N=c3cccc[n-]->13)c1ccccc1[N-]->2c1ccccc1,[Cl-]->[Pd+4]12<-[N-](N=c3cccc[n-]->13)c1ccccc1[N-]->2c1ccccc1
UKUMIY,,C21 H26 N2 Zr1,0.0,CCCCN1=C(C)c2ccccn2->[Zr+2]<-123456789(<-c1c->2c->3[cH-]->4c->51)<-c1c->6c->7[cH-]->8c->91,CCCCN1=C(C)c2ccccn2->[Zr+2]<-123456789(<-c1c->2c->3[cH-]->4c->51)<-c1c->6c->7[cH-]->8c->91,CCCCN1=C(C)c2ccccn2->[Zr+2]<-123456789(<-c1c->2c->3[cH-]->4c->51)<-c1c->6c->7[cH-]->8c->91
ULASUW,C[CH2-]->[Zn@SP2+2]1<-N(=C\c2ccccc2[N-]->1c1c(C)cccc1C)/CCN(C)C,C21 H29 N3 Zn1,0.0,C[CH2-]->[Zn+2]12<-N(=Cc3ccccc3[N-]->1c1c(C)cccc1C)CCN->2(C)C,C[CH2-]->[Zn+2]1<-N(=C2C=CC=CC2=C[N-]->1CCN(C)C)c1c(C)cccc1C,C[CH2-]->[Zn+2]1<-N(=C2C=CC=CC2=C[N-]->1CCN(C)C)c1c(C)cccc1C
ULOJEK,C[P@TB19](c1ccccc1)(c1ccccc1)->[Pd@+2]1(<-[c-]2ccccc2/N=N->1/c1ccccc1)<-[N-]1C(=O)CCC1=O,C29 H26 N3 O2 P1 Pd1,0.0,CP(c1ccccc1)(c1ccccc1)->[Pd+2]1(<-[c-]2ccccc2N=N->1c1ccccc1)<-[N-]1C(=O)CCC1=O,CP(c1ccccc1)(c1ccccc1)->[Pd+2]1(<-[c-]2ccccc2N=N->1c1ccccc1)<-[N-]1C(=O)CCC1=O,CP(c1ccccc1)(c1ccccc1)->[Pd+2]1(<-[c-]2ccccc2N=N->1c1ccccc1)<-[N-]1C(=O)CCC1=O
ULUDUB,C/C1=N\NC2=N(->[Cd+2]3(<-O)(<-[O-][N+](=O)[O-])(<-[O-][N+](=O)[O-]->3)<-N3=C1SCC3)CCS2,C8 H14 Cd1 N6 O7 S2,0.0,CC1C2=N(->[Cd+2]34(<-O)(<-[O-][N+](=O)[O-])(<-[O-][N+](=O)[O-]->3)<-N3=C(NN->4=1)SCC3)CCS2,CC1C2=N(->[Cd+2]34(<-O)(<-[O-][N+](=O)[O-])(<-[O-][N+](=O)[O-]->3)<-N3=C(NN->4=1)SCC3)CCS2,CC1=N2->[Cd+2]3456(<-[O-][N+]->3(=O)[O-]->4)(<-[O-][N+]->5(=O)[O-]->6)(<-N3=C(N2)SCC3)<-N2=C1SCC2.O
UMAWIO,[O-][n+]1ccc(CCCc2cc[n+]([O-]->[Zn+2](<-O)(<-O)(<-[N-]=C=S)(<-[N-]=C=S)<-[O-][n+]3ccc(CCCc4cc[n+]([O-])cc4)cc3)cc2)cc1,C28 H32 N6 O6 S2 Zn1,0.0,[O-][n+]1ccc(CCCc2cc[n+]([O-]->[Zn](<-O)(<-O)(<-[N-]=C=S)(<-[N-]=C=S)<-[O-][n+]3ccc(CCCc4cc[n+]([O-])cc4)cc3)cc2)cc1,[O-][n+]1ccc(CCCc2cc[n+]([O-]->[Zn+2](<-O)(<-O)(<-[N-]=C=S)(<-[N-]=C=S)<-[O-][n+]3ccc(CCCc4cc[n+]([O-])cc4)cc3)cc2)cc1,[O-][n+]1ccc(CCCc2cc[n+]([O-]->[Zn+2](<-O)(<-O)(<-[N-]=C=S)(<-[N-]=C=S)<-[O-][n+]3ccc(CCCc4cc[n+]([O-])cc4)cc3)cc2)cc1
UMIPEL,CC(=O)CC(C)(C)N->[Ag+]<-P(c1ccc(C)cc1)(c1ccc(C)cc1)c1ccc(C)cc1,C27 H34 Ag1 N1 O1 P1 1+,1.0,CC(=O)CC(C)(C)N->[Ag+]<-P(c1ccc(C)cc1)(c1ccc(C)cc1)c1ccc(C)cc1,CC(=O)CC(C)(C)N->[Ag+]<-P(c1ccc(C)cc1)(c1ccc(C)cc1)c1ccc(C)cc1,CC1CC(C)(C)N->[Ag+](<-O=1)<-P(c1ccc(C)cc1)(c1ccc(C)cc1)c1ccc(C)cc1
UMOXOJ,,C11 H9 Mn1 O5,0.0,fail,Cc12->[Mn+]3456(<-[C-]#[O+])(<-[C-]#[O+])(<-[C-]#[O+])<-c(c->3[c-]->4(O)c->51C)c->62=O,Cc12->[Mn+]3456(<-[C-]#[O+])(<-[C-]#[O+])(<-[C-]#[O+])<-c(c->3[c-]->4(O)c->51C)c->62=O
UMUZOT,,C31 H41 Ir1 O6 P2,0.0,COP(=O)(OC)C1C=[C-](c2ccccc2)->[Ir+3]2345(<-[C-]=1c1ccccc1)(<-c1(C)c->2(C)c->3(C)[c-]->4(C)c->51C)<-P(OC)(OC)OC,COP(=O)(OC)C1C=[C-](c2ccccc2)->[Ir+3]2345(<-[C-]=1c1ccccc1)(<-c1(C)c->2(C)c->3(C)[c-]->4(C)c->51C)<-P(OC)(OC)OC,COP(=O)(OC)C1C=[C-](c2ccccc2)->[Ir+3]2345(<-[C-]=1c1ccccc1)(<-c1(C)c->2(C)c->3(C)[c-]->4(C)c->51C)<-P(OC)(OC)OC
UNANAY,C[C@@H]([C]1N(Cc2ccccc2)N(C)(C)->[Cr]<-1(<-[C-]#[O+])(<-[C-]#[O+])(<-[C-]#[O+])<-[C-]#[O+])[C@@H]1CCCC(=O)C1,C22 H26 Cr1 N2 O5,0.0,CC([C]1N(Cc2ccccc2)N(C)(C)->[Cr]<-1(<-[C-]#[O+])(<-[C-]#[O+])(<-[C-]#[O+])<-[C-]#[O+])C1CCCC(=O)C1,CC([C]1N(Cc2ccccc2)N(C)(C)->[Cr]<-1(<-[C-]#[O+])(<-[C-]#[O+])(<-[C-]#[O+])<-[C-]#[O+])C1CCCC(=O)C1,CC([C]1N(Cc2ccccc2)N(C)(C)->[Cr]<-1(<-[C-]#[O+])(<-[C-]#[O+])(<-[C-]#[O+])<-[C-]#[O+])C1CCCC(=O)C1
UNEXUI,COc1cccc(CN2C=CN3CCP(c4ccccc4)(c4ccccc4)->[Pd]4(<-[C]32)<-C2=C->4C(=O)OC2=O)c1,C29 H27 N2 O4 P1 Pd1,0.0,COc1cccc(CN2C=CN3CCP(c4ccccc4)(c4ccccc4)->[Pd]4(<-[C]32)<-C2=C->4C(=O)OC2=O)c1,COc1cccc(CN2C=CN3CCP(c4ccccc4)(c4ccccc4)->[Pd+2]4(<-[C]32)<-[cH-]2c(=O)oc(=O)[cH-]->42)c1,COc1cccc(CN2C=CN3CCP(c4ccccc4)(c4ccccc4)->[Pd+2]456(<-[C]32)<-[cH-]2[cH-]->4c->5(=O)oc->62=O)c1
UNIMOT,,C24 H35 N1 O1 W1,0.0,fail,CC(C)=C1[CH2-]->[W+4]<-12345(<-[CH2-]c1cc(C)cc(C)c1)(<-[N-]=O)<-c1(C)c->2(C)c->3(C)[c-]->4(C)c->51C,Cc1cc(C)cc([CH2-]->[W+4]234567(<-[CH2-]C->2=C->3(C)C)(<-[N-]=O)<-c2(C)c->4(C)c->5(C)[c-]->6(C)c->72C)c1
UNIVIY,,C22 H36 B1 F2 N3 P2 Pt1 S1,0.0,CCP(CC)(CC)->[Pt+2](<-[N-]=C=S)(<-[C-]1=C2C=CC=[N+]2[B-](F)(F)n2cccc21)<-P(CC)(CC)CC,CCP(CC)(CC)->[Pt+2](<-[N-]=C=S)(<-[C]1c2cccn2[B-](F)(F)n2cccc21)<-P(CC)(CC)CC,CCP(CC)(CC)->[Pt+2](<-[N-]=C=S)(<-[C]1c2cccn2[B-](F)(F)n2cccc21)<-P(CC)(CC)CC
UNONUH,c1ccc(CN(Cc2ccccc2)C2/N=C(\[O-]->[Ni+2]3(<-[O-]/C(=N\C(=S->3)N(Cc3ccccc3)Cc3ccccc3)c3ccco3)<-S=2)c2ccco2)cc1,C40 H34 N4 Ni1 O4 S2,0.0,c1ccc(CN(Cc2ccccc2)C2=NC(=O->[Ni+2]3(<-O=C(N=C([S-]->3)N(Cc3ccccc3)Cc3ccccc3)c3ccco3)<-[S-]2)c2ccco2)cc1,c1ccc(CN(Cc2ccccc2)C2N=C([O-]->[Ni+2]3(<-[O-]C(=NC(=S->3)N(Cc3ccccc3)Cc3ccccc3)c3ccco3)<-S=2)c2ccco2)cc1,c1ccc(CN(Cc2ccccc2)C2N=C([O-]->[Ni+2]3(<-[O-]C(=NC(=S->3)N(Cc3ccccc3)Cc3ccccc3)c3ccco3)<-S=2)c2ccco2)cc1
UPIFUV,CC1/N2=C3\C=CC=CC3=S->[Fe+2]<-2345(<-[O-]S(=O)(=O)C(F)(F)F)<-N(=C(/C)C->32=CC=CC->4=1[N-]->52)/c1c(C(C)C)cccc1C(C)C,C28 H30 F3 Fe1 N3 O3 S2,0.0,fail,CC1=C2C=CC=C3C(C)=N(c4c(C(C)C)cccc4C(C)C)->[Fe+2]4(<-[O-]S(=O)(=O)C(F)(F)F)(<-S=C5C=CC=CC5=N->41)<-[N-]32,CC1=C2C=CC=C3C(C)=N(c4c(C(C)C)cccc4C(C)C)->[Fe+2]4(<-[O-]S(=O)(=O)C(F)(F)F)(<-S=C5C=CC=CC5=N->41)<-[N-]32
UQALII,COc1ccc(CC(=O)[O-]->[Zn+2]2(<-[O-]C(=O)Cc3ccc(OC)c(OC)c3)<-n3cccc4ccc5cccn->2c5c43)cc1OC,C32 H30 N2 O8 Zn1,0.0,COc1ccc(CC(=O)[O-]->[Zn+2]2(<-[O-]C(=O)Cc3ccc(OC)c(OC)c3)<-n3cccc4ccc5cccn->2c5c43)cc1OC,COc1ccc(CC(=O)[O-]->[Zn+2]2(<-[O-]C(=O)Cc3ccc(OC)c(OC)c3)<-n3cccc4ccc5cccn->2c5c43)cc1OC,COc1ccc(CC23=O->[Zn+2]<-2456(<-O=C->4(Cc2ccc(OC)c(OC)c2)[O-]->5)(<-[O-]3)<-n2cccc3ccc4cccn->6c4c32)cc1OC
UQOGIS,CC(=O)[N-](->[Cu+]<-[C]1N(C(C)C)CCN1C(C)C)C(=O)c1ccccc1,C18 H26 Cu1 N3 O2,0.0,CC(=O)[N-](->[Cu+]<-[C]1N(C(C)C)CCN1C(C)C)C(=O)c1ccccc1,CC(=O)[N-](->[Cu+]<-[C]1N(C(C)C)CCN1C(C)C)C(=O)c1ccccc1,CC1[O-]->[Cu+](<-[C]2N(C(C)C)CCN2C(C)C)<-N=1C(=O)c1ccccc1
UQUVEI,C/C1c2ccccn2->[Zn+2]2(<-[I-])(<-[I-])<-N=1\CCN->21CCOCC1,C13 H19 I2 N3 O1 Zn1,0.0,CC1c2ccccn2->[Zn+2]2(<-[I-])(<-[I-])<-N=1CCN->21CCOCC1,CC1c2ccccn2->[Zn+2]2(<-[I-])(<-[I-])<-N=1CCN->21CCOCC1,CC1c2ccccn2->[Zn+2](<-[I-])(<-[I-])<-N=1CCN1CCOCC1
UREQAL,CC[O-]->[V+5]12(<-[O-2])(<-[O-]/C(=N\N->1=C\c1cc(C(C)(C)C)cc(C(C)(C)C)c1[O-]->2)c1ccccc1O)<-OCC,C26 H37 N2 O6 V1,0.0,CC[O-]->[V+5]12(<-[O-2])(<-[O-]C(=NN->1=Cc1cc(C(C)(C)C)cc(C(C)(C)C)c1[O-]->2)c1ccccc1O)<-OCC,CC[O-]->[V+5]12(<-[O-2])(<-[O-]C(=NN->1=Cc1cc(C(C)(C)C)cc(C(C)(C)C)c1[O-]->2)c1ccccc1O)<-OCC,CCO.CC[O-]->[V+5]12(<-[O-2])<-[O-]C(c3ccccc3O)=NN->1=Cc1cc(C(C)(C)C)cc(C(C)(C)C)c1[O-]->2
UROVUT,CN(C)CCN(CCN(C)C)(CCN(C)C)->[Cu+]<-[P@TB5](c1ccccc1)(c1ccccc1)c1ccccc1,C30 H45 Cu1 N4 P1 1+,1.0,CN(C)CCN12CCN(C)(C)->[Cu+]<-1(<-N(C)(C)CC2)<-P(c1ccccc1)(c1ccccc1)c1ccccc1,CN(C)CCN12CCN(C)(C)->[Cu+]<-1(<-N(C)(C)CC2)<-P(c1ccccc1)(c1ccccc1)c1ccccc1,CN(C)CCN12CCN(C)(C)->[Cu+]<-1(<-N(C)(C)CC2)<-P(c1ccccc1)(c1ccccc1)c1ccccc1
URUJOI,B=C1([CH2+]->[Ru+2]<-12345(<-[S-]c1nc6ccccc6s1)(<-[S-]c1nc6ccccc6s1)<-c1(C)c->2(C)c->3(C)[c-]->4(C)c->51C)c1ccc(C)cc1,C33 H33 B1 N2 Ru1 S4,0.0,fail,Cc1ccc(C23=C->[Ru+2]<-245678(<-S=c2sc9ccccc9n2[BH-]3n2c(=S->4)sc3ccccc32)<-c2(C)c->5(C)c->6(C)[c-]->7(C)c->82C)cc1,Cc1ccc(C23=C->[Ru+2]<-245678(<-S=c2sc9ccccc9n2[BH-]3n2c(=S->4)sc3ccccc32)<-c2(C)c->5(C)c->6(C)[c-]->7(C)c->82C)cc1
USEPAK,C[C@@H](c1cccc[c-]1->[Y+3]12(<-[c-]3ccccc3[C@H](C)N->1(C)C)<-[c-]1ccccc1[C@H](C)N->2(C)C)N(C)C,C30 H42 N3 Y1,0.0,CC1c2cccc[c-]2->[Y+3]23(<-[c-]4ccccc4C(C)N->2(C)C)(<-[c-]2ccccc2C(C)N->3(C)C)<-N1(C)C,CC1c2cccc[c-]2->[Y+3]23(<-[c-]4ccccc4C(C)N->2(C)C)(<-[c-]2ccccc2C(C)N->3(C)C)<-N1(C)C,CC1c2cccc[c-]2->[Y+3]23(<-[c-]4ccccc4C(C)N->2(C)C)(<-[c-]2ccccc2C(C)N->3(C)C)<-N1(C)C
USIRUK,c1ccn2->[Pt+2]3(<-n4ccccc4-c4ccn[n-]->34)<-[n-]3nccc3-c2c1,C16 H12 N6 Pt1,0.0,c1ccn2->[Pt+2]3(<-n4ccccc4-c4ccn[n-]->34)<-[n-]3nccc3-c2c1,C1=CC2=C3C=CN=N3->[Pt+2]3(<-N4=NC=CC4=C4C=CC=C[N-]->34)<-[N-]2C=C1,C1=CC2=C3C=CN=N3->[Pt+2]3(<-N4=NC=CC4=C4C=CC=C[N-]->34)<-[N-]2C=C1
USOCIQ,CC(C)n1c2[S-]->[Au+3]3(<-[S-]c2sc1=S)<-[S-]c1sc(=S)n(C(C)C)c1[S-]->3,C12 H14 Au1 N2 S8 1-,-1.0,CC(C)n1c2[S-]->[Au+3]3(<-[S-]c2sc1=S)<-[S-]c1sc(=S)n(C(C)C)c1[S-]->3,CC(C)N1C(=S)SC2=S->[Au-]3(<-S=C4SC(=S)N(C(C)C)C4=S->3)<-S=C21,CC(C)N1C(=S)SC2=S->[Au-]3(<-S=C4SC(=S)N(C(C)C)C4=S->3)<-S=C21
USURIK,CCC1=c23->[Fe]<-14(<-[C-]#[O+])(<-[C-]#[O+])(<-[C-]#[O+])<-C=c->42n(-c1cccc(Cl)c1)c(=O)o3,C16 H12 Cl1 Fe1 N1 O5,0.0,fail,CCC1=c23->[Fe]<-14(<-[C-]#[O+])(<-[C-]#[O+])(<-[C-]#[O+])<-C=c->42n(-c1cccc(Cl)c1)c(=O)o3,CCC1=c23->[Fe]<-14(<-[C-]#[O+])(<-[C-]#[O+])(<-[C-]#[O+])<-C=c->42n(-c1cccc(Cl)c1)c(=O)o3
UTAPIQ,,C38 H24 N4 O7 Zn1,0.0,O=C1C(=N2N=C([O-]->[Zn+2]<-23(<-O)<-[O-]C(=NN->3=C2C(=O)c3cccc4cccc2c34)c2ccccc2O)c2ccccc2O)c2cccc3cccc1c23,O=C1C(=N2N=C([O-]->[Zn+2]<-23(<-O)<-[O-]C(=NN->3=C2C(=O)c3cccc4cccc2c34)c2ccccc2O)c2ccccc2O)c2cccc3cccc1c23,O.O=C1C(=N2->[Zn+2]3(<-[O-]C(c4ccccc4O)=N2)<-[O-]C(c2ccccc2O)=NN->3=C2C(=O)c3cccc4cccc2c34)c2cccc3cccc1c23
UTITEY,Cc1cc(C)c(N2C=CN3Cc4ccccn4->[Fe+2]45(<-[CH2-]c6ccccc6)(<-[CH2-]c->46ccccc->56)<-[C]32)c(C)c1,C32 H33 Fe1 N3,0.0,Cc1cc(C)c(N2C=CN3Cc4ccccn4->[Fe+2](<-[CH2-]c4ccccc4)(<-[CH2-]c4ccccc4)<-[C]32)c(C)c1,Cc1cc(C)c(N2C=CN3Cc4ccccn4->[Fe+2](<-[CH2-]c4ccccc4)(<-[CH2-]c4ccccc4)<-[C]32)c(C)c1,Cc1cc(C)c(N2C=CN3Cc4ccccn4->[Fe+2]45(<-[CH2-]c6ccccc6)(<-[CH2-]c->46ccccc->56)<-[C]32)c(C)c1
UTUQEH,CC[B-](CC)(CC)[N+]#[C-]->[Pd@OH30+2]1(<-[c-]2ccccc2)<-P(CCP->1(C(C)C)C(C)C)(C(C)C)C(C)C,C27 H52 B1 N1 P2 Pd1,0.0,CC[B-](CC)(CC)[N+]#[C-]->[Pd+2]1(<-[c-]2ccccc2)<-P(CCP->1(C(C)C)C(C)C)(C(C)C)C(C)C,CC[B-](CC)(CC)[N+]#[C-]->[Pd+2]1(<-[c-]2ccccc2)<-P(CCP->1(C(C)C)C(C)C)(C(C)C)C(C)C,CC[B-](CC)(CC)[N+]#[C-]->[Pd+2]1(<-[c-]2ccccc2)<-P(CCP->1(C(C)C)C(C)C)(C(C)C)C(C)C
UVODEQ,,C32 H32 B1 N6 O2 P1 W1,0.0,Cc1cc(C)[n-]2->[W+4]3(<-[C-3]P(C#Cc4ccccc4)c4ccccc4)(<-[C-]#[O+])(<-[C-]#[O+])<-[n-]4c(C)cc(C)[n+]4[BH-]([n+]12)[n+]1c(C)cc(C)[n-]->31,Cc1cc(C)n2->[W+2]3(<-[C-]#[O+])(<-[C-]#[O+])(<-[C-]#P(C#Cc4ccccc4)c4ccccc4)<-n4c(C)cc(C)n4[BH-](n12)n1c(C)cc(C)n->31,Cc1cc(C)n2->[W+2]3(<-[C-]#[O+])(<-[C-]#[O+])(<-[C-]#P(C#Cc4ccccc4)c4ccccc4)<-n4c(C)cc(C)n4[BH-](n12)n1c(C)cc(C)n->31
UVURUA,,C28 H26 N3 O6 Re1 S1,0.0,CN(C)c1ccc(-c2nc3ccc(OCCCCCOC(=O)c45->[Re+]678(<-[C-]#[O+])(<-[C-]#[O+])(<-[C-]#[O+])<-c(c->6[cH-]->74)c->85)cc3s2)cn1,CN(C)c1ccc(-c2nc3ccc(OCCCCCOC(=O)c45->[Re+]678(<-[C-]#[O+])(<-[C-]#[O+])(<-[C-]#[O+])<-c(c->64)[cH-]->7c->85)cc3s2)cn1,CN(C)c1ccc(-c2nc3ccc(OCCCCCOC(=O)c45->[Re+]678(<-[C-]#[O+])(<-[C-]#[O+])(<-[C-]#[O+])<-c(c->64)[cH-]->7c->85)cc3s2)cn1
UWEFUY,[O+]#[C-]->[Mn+3]1234(<-[C-]#[O+])(<-[C-](Oc5ccccc5)=C5C=C[CH-]C=C5)<-c5c->1c->2[cH-]->3c->45,C20 H15 Mn1 O3,0.0,[O+]#[C-]->[Mn+3]1234(<-[C-]#[O+])(<-[C-2](Oc5ccccc5)c5ccccc5)<-c5c->1c->2[cH-]->3c->45,[O+]#[C-]->[Mn+]1234(<-[C-]#[O+])(<-[C](Oc5ccccc5)c5ccccc5)<-c5c->1c->2[cH-]->3c->45,[O+]#[C-]->[Mn+]1234(<-[C-]#[O+])(<-[C](Oc5ccccc5)c5ccccc5)<-c5c->1c->2[cH-]->3c->45
UWOYOW,,C25 H40 Ir1 N4 1+,1.0,CC(C)(C)C1=CN2CN3C=C(C(C)(C)C)N[C]3->[IrH+2]3456(<-[C]2N1)<-c1(C)c->3(C)c->4(C)[c-]->5(C)c->61C,CC(C)(C)C1=CN2CN3C=C(C(C)(C)C)N[C]3->[IrH+2]3456(<-[C]2N1)<-c1(C)c->3(C)c->4(C)[c-]->5(C)c->61C,CC(C)(C)C1=CN2CN3C=C(C(C)(C)C)N[C]3->[IrH+2]3456(<-[C]2N1)<-c1(C)c->3(C)c->4(C)[c-]->5(C)c->61C
UXEBAC,CC#N->[Ru+2]1(<-[C-]#N)(<-N#CC)(<-N#CC)<-[C]2N(C)C=CN2c2ccccn->12,C16 H18 N7 Ru1 1+,1.0,CC#N->[Ru+2]1(<-[C-]#N)(<-N#CC)(<-N#CC)<-[C]2N(C)C=CN2c2ccccn->12,CC#N->[Ru+2]1(<-[C-]#N)(<-N#CC)(<-N#CC)<-[C]2N(C)C=CN2c2ccccn->12,CC#N->[Ru+2]1(<-[C-]#N)(<-N#CC)(<-N#CC)<-[C]2N(C)C=CN2c2ccccn->12
UXIXUW,,C19 H28 Cl2 N4 S2 Zr1,0.0,CC(C)(C)n1ccn2->[Zr+4]3456(<-[Cl-])(<-[Cl-])(<-S=c7[nH]ccn7C(C)(C)C)(<-[S-]c12)<-c1c->3c->4[cH-]->5c->61,CC(C)(C)n1cc[nH]c1=S->[Zr+4]12345(<-[Cl-])(<-[Cl-])(<-S=c6n(C(C)(C)C)cc[n-]->16)<-c1c->2c->3[cH-]->4c->51,CC(C)(C)n1cc[nH]c1=S->[Zr+4]1234(<-[Cl-])(<-[Cl-])(<-c5c->1c->2[cH-]->3c->45)<-[n-]1ccn(C(C)(C)C)c1=S
UYELEQ,,C16 H11 Cl1 N3 O3 Re1,0.0,[O+]#[C-]->[Re+]1(<-[Cl-])(<-[C-]#[O+])(<-[C-]#[O+])<-Nc2ccccc2-c2[nH]c3ccccc3n->12,[O+]#[C-]->[Re+]1(<-[Cl-])(<-[C-]#[O+])(<-[C-]#[O+])<-Nc2ccccc2-c2[nH]c3ccccc3n->12,[O+]#[C-]->[Re+]1(<-[Cl-])(<-[C-]#[O+])(<-[C-]#[O+])<-Nc2ccccc2-c2[nH]c3ccccc3n->12
UYIYIM,,C17 H12 Cr1 F3 N3 O3 S1,0.0,fail,COc1ccc(C2=NC(C(F)(F)F)=NS3->[Cr+2]4567(<-[C-]#[O+])(<-[C-]#[O+])(<-c8c->4c->5[cH-]->6c->78)<-[N-]23)cc1,COc1ccc(C2=NC(C(F)(F)F)=NS3->[Cr+2]4567(<-[C-]#[O+])(<-[C-]#[O+])(<-c8c->4c->5[cH-]->6c->78)<-[N-]23)cc1
UYOQIK,C[O-]->[V+5]12(<-[O-2])(<-[O-]c3ccc(Br)cc3/C=N->1/c1cc(C)ccc1[O-]->2)<-OC,C16 H17 Br1 N1 O5 V1,0.0,C[O-]->[V+5]12(<-[O-2])(<-[O-]c3ccc(Br)cc3C=N->1c1cc(C)ccc1[O-]->2)<-OC,C[O-]->[V+5]12(<-[O-2])(<-[O-]c3ccc(Br)cc3C=N->1c1cc(C)ccc1[O-]->2)<-OC,CO.C[O-]->[V+5]12(<-[O-2])<-[O-]c3ccc(Br)cc3C=N->1c1cc(C)ccc1[O-]->2
UZEBIL,O=Cc1ccccc1P(c1ccccc1)(c1ccccc1)->[Pd+2](<-N(=O)[O-])(<-N(=O)[O-])<-P(c1ccccc1)(c1ccccc1)c1ccccc1C=O,C38 H30 N2 O6 P2 Pd1,0.0,O=Cc1ccccc1P(c1ccccc1)(c1ccccc1)->[Pd-2](<-[N+](=O)=O)(<-[N+](=O)=O)<-P(c1ccccc1)(c1ccccc1)c1ccccc1C=O,O=Cc1ccccc1P(c1ccccc1)(c1ccccc1)->[Pd+2](<-N(=O)[O-])(<-N(=O)[O-])<-P(c1ccccc1)(c1ccccc1)c1ccccc1C=O,O=Cc1ccccc1P(c1ccccc1)(c1ccccc1)->[Pd+2](<-N(=O)[O-])(<-N(=O)[O-])<-P(c1ccccc1)(c1ccccc1)c1ccccc1C=O
UZOWAJ,,C19 H33 Ir1 O3 P2,0.0,CC(C)P1(Oc2cccc3OP(C(C)C)(C(C)C)->[IrH2+]<-1(<-[C-]#[O+])<-[c-]23)C(C)C,CC(C)P1(Oc2cccc3OP(C(C)C)(C(C)C)->[IrH2+]<-1(<-[C-]#[O+])<-[c-]23)C(C)C,CC(C)P1(Oc2cccc3OP(C(C)C)(C(C)C)->[IrH2+]<-1(<-[C-]#[O+])<-[c-]23)C(C)C
VACBOR,[O+]#[C-]->[Fe+2]123(<-[C-]#[O+])(<-[C-]#[O+])<-[CH-]([C-]4[CH+][CH+][CH-][CH-][CH-]4)[CH-]->1[CH-]->2[N-]->3[N-][CH+][CH+][CH+][C+]1[CH+][CH+][CH+][CH-][CH-]1,C21 H16 Fe1 N2 O3,0.0,[O+]#[C-]->[Fe]123(<-[C-]#[O+])(<-[C-]#[O+])<-C(c4ccccc4)=C->1C->2=N->3N=CC=Cc1ccccc1,[O+]#[C-]->[Fe]123(<-[C-]#[O+])(<-[C-]#[O+])<-C(c4ccccc4)=C->1C->2=N->3N=CC=Cc1ccccc1,[O+]#[C-]->[Fe]123(<-[C-]#[O+])(<-[C-]#[O+])<-C(c4ccccc4)=C->1C->2=N->3N=CC=Cc1ccccc1
VADKES,,C23 H39 Mo1 O3 P3,0.0,fail,CCCCP1(C)=C2(C(C)(C)C)->[Mo]345(<-[C-]#[O+])(<-[C-]#[O+])(<-[C-]#[O+])<-P2=C->3(C(C)(C)C)P->4=C->51C(C)(C)C,CCCCP1(C)=C2(C(C)(C)C)->[Mo]345(<-[C-]#[O+])(<-[C-]#[O+])(<-[C-]#[O+])<-P2=C->3(C(C)(C)C)P->4=C->51C(C)(C)C
VAGCIQ,[CH2+][C-3]->[Ru+4]123(<-n4cccn4[BH-](n4cccn->14)n1cccn->21)<-N(C)(C)CCN->3(C)C,C17 H28 B1 N8 Ru1 1+,1.0,C=[C-2]->[Ru+4]123(<-[n-]4ccc[n+]4[BH-]([n+]4ccc[n-]->14)[n+]1ccc[n-]->21)<-N(C)(C)CCN->3(C)C,C=[C]->[Ru+2]123(<-n4cccn4[BH-](n4cccn->14)n1cccn->21)<-N(C)(C)CCN->3(C)C,C=[C]->[Ru+2]123(<-n4cccn4[BH-](n4cccn->14)n1cccn->21)<-N(C)(C)CCN->3(C)C
VAHLOI,,C22 H25 Cl2 O1 P1 Ru1,0.0,CC(C)c12->[Ru+2]3456(<-[Cl-])(<-[Cl-])(<-c(c->31)c->4(C)c->5c->62)<-P(O)(c1ccccc1)c1ccccc1,CC(C)c12->[Ru+2]3456(<-[Cl-])(<-[Cl-])(<-c(c->31)c->4(C)c->5c->62)<-P(O)(c1ccccc1)c1ccccc1,CC(C)c12->[Ru+2]3456(<-[Cl-])(<-[Cl-])(<-c(c->31)c->4(C)c->5c->62)<-P(O)(c1ccccc1)c1ccccc1
VAHPOK,,C30 H38 B1 I1 N6 O2 Si1 W1,0.0,Cc1cc(C)[n-]2->[W+6]3(<-[O-2])(<-[I-])(<-[C-2](C)O[Si](C)(c4ccccc4)c4ccccc4)<-[n-]4c(C)cc(C)[n+]4[BH-]([n+]12)[n+]1c(C)cc(C)[n-]->31,Cc1cc(C)n2->[W+4]3(<-[O-2])(<-[I-])(<-[C](C)O[Si](C)(c4ccccc4)c4ccccc4)<-n4c(C)cc(C)n4[BH-](n12)n1c(C)cc(C)n->31,Cc1cc(C)n2->[W+4]3(<-[O-2])(<-[I-])(<-[C](C)O[Si](C)(c4ccccc4)c4ccccc4)<-n4c(C)cc(C)n4[BH-](n12)n1c(C)cc(C)n->31
VAJKUP,O=C([O-]->[Hg+2]1(<-[O-]C(=O)c2ccc(O)cc2)<-n2ccccc2-c2ccccn->12)c1ccc(O)cc1,C24 H18 Hg1 N2 O6,0.0,fail,O=C([O-]->[Hg+2]1(<-[O-]C(=O)c2ccc(O)cc2)<-n2ccccc2-c2ccccn->12)c1ccc(O)cc1,Oc1ccc(C23=O->[Hg+2]<-2456(<-O=C->4([O-]->5)c2ccc(O)cc2)(<-[O-]3)<-n2ccccc2-c2ccccn->62)cc1
VAKXAJ,Cc1cc(C(F)(F)F)nn1[BH-](n1nc(C(F)(F)F)cc1C)n1c(C)cc(C(F)(F)F)n1->[Ag+]<-O=P(c1ccccc1)(c1ccccc1)c1ccccc1,C33 H28 Ag1 B1 F9 N6 O1 P1,0.0,Cc1cc(C(F)(F)F)[n-]2->[Ag+]3(<-O=P(c4ccccc4)(c4ccccc4)c4ccccc4)<-[n-]4c(C(F)(F)F)cc(C)[n+]4[BH-]([n+]12)[n+]1c(C)cc(C(F)(F)F)[n-]->31,Cc1cc(C(F)(F)F)n2->[Ag+]3(<-O=P(c4ccccc4)(c4ccccc4)c4ccccc4)<-n4c(C(F)(F)F)cc(C)n4[BH-](n12)n1c(C)cc(C(F)(F)F)n->31,Cc1cc(C(F)(F)F)n2->[Ag+]3(<-O=P(c4ccccc4)(c4ccccc4)c4ccccc4)<-n4c(C(F)(F)F)cc(C)n4[BH-](n12)n1c(C)cc(C(F)(F)F)n->31
VALFEV,,C24 H17 Cl2 Cu1 N10,0.0,[Cl-]->[Cu+3]12(<-[Cl-])(<-n3ccccc3-c3nc(-c4ccccn4)[nH]n->13)<-n1ccccc1-c1nc(-c3ccccn3)n[n-]->21,[Cl-]->[Cu+3](<-[Cl-])(<-n1ccccc1-c1n[nH]c(-c2ccccn2)n1)<-[N-]1C=CC=CC1=C1N=NC(c2ccccn2)=N1,[Cl-]->[Cu+3]1(<-[Cl-])(<-N2=NC(c3ccccn3)=NC2=C2C=CC=C[N-]->12)<-n1ccccc1-c1n[nH]c(-c2ccccn2)n1
VALXOX,CC[O-]->[V+5]12(<-[O-2])(<-O)<-[O-]C(=O)c3cccc(C(=O)[O-]->1)n->23,C9 H10 N1 O7 V1,0.0,CC[O-]->[V+5]12(<-[O-2])(<-O)<-[O-]C(=O)c3cccc(C(=O)[O-]->1)n->23,CC[O-]->[V+5]12(<-[O-2])(<-O)<-[O-]C(=O)c3cccc(C(=O)[O-]->1)n->23,CC[O-]->[V+5]12(<-[O-2])<-[O-]C(=O)c3cccc(n->13)C(=O)[O-]->2.O
VANPAB,Cc1ccc(C2=O->[Sc+3]3456789%10(<-[O-]2)(<-c2(C)c->3(C)c->4(C)[c-]->5(C)c->62C)<-c2(C)c->7(C)c->8(C)[c-]->9(C)c->%102C)cc1,C28 H37 O2 Sc1,0.0,fail,Cc1ccc(C23=O->[Sc+3]<-2456789%10%11(<-[O-]3)(<-c2(C)c->4(C)c->5(C)[c-]->6(C)c->72C)<-c2(C)c->8(C)c->9(C)[c-]->%10(C)c->%112C)cc1,Cc1ccc(C23=O->[Sc+3]<-2456789%10%11(<-[O-]3)(<-c2(C)c->4(C)c->5(C)[c-]->6(C)c->72C)<-c2(C)c->8(C)c->9(C)[c-]->%10(C)c->%112C)cc1
VAPHIF,,C33 H28 N3 P1 Pd1 S1,0.0,CC1c2cccc[c-]2->[Pd+2]2(<-[S-]C(=NN->2=1)Nc1ccccc1)<-P(c1ccccc1)(c1ccccc1)c1ccccc1,CC1c2cccc[c-]2->[Pd+2]2(<-[S-]C(=NN->2=1)Nc1ccccc1)<-P(c1ccccc1)(c1ccccc1)c1ccccc1,CC1c2cccc[c-]2->[Pd+2]2(<-[S-]C(=NN->2=1)Nc1ccccc1)<-P(c1ccccc1)(c1ccccc1)c1ccccc1
VAPTUC,Brc1c(Br)c2c3ccccc3c3c4c2c2c1c1ccccc1c1c2[n-]4->[Ni@SP2+2]24<-N5=C(C=C/C5=C(\c5ccccc5)c5ccc-3[n-]->25)C(=C2[CH+][CH-][CH+][CH+][CH-]2)c2ccc-1[n-]->42,C48 H24 Br2 N4 Ni1,0.0,Brc1c(Br)c2c3ccccc3c3c4n5->[Ni+2]67<-n8c(c(-c9ccccc9)c9ccc(c(-c%10ccccc%10)c5C=C4)[n-]->69)C=Cc8c4c5ccccc5c1c1c2c3[n-]->7c41,Brc1c(Br)c2c3ccccc3c3c4n5->[Ni+2]67<-n8c(c(-c9ccccc9)c9ccc(c(-c%10ccccc%10)c5C=C4)[n-]->69)C=Cc8c4c5ccccc5c1c1c2c3[n-]->7c41,Brc1c(Br)c2c3ccccc3c3c4n5->[Ni+2]67<-n8c(c(-c9ccccc9)c9ccc(c(-c%10ccccc%10)c5C=C4)[n-]->69)C=Cc8c4c5ccccc5c1c1c2c3[n-]->7c41
VAQRIO,N/C1[O-]->[W+6](<-[O-2])(<-[Cl-])(<-[Cl-])(<-[Cl-])<-O=C2C=CC=C/C=12,C7 H6 Cl3 N1 O3 W1,0.0,NC1=O->[W+6](<-[O-2])(<-[Cl-])(<-[Cl-])(<-[Cl-])<-[O-]c2ccccc21,NC1[O-]->[W+6](<-[O-2])(<-[Cl-])(<-[Cl-])(<-[Cl-])<-O=C2C=CC=CC=12,NC1[O-]->[W+6](<-[O-2])(<-[Cl-])(<-[Cl-])(<-[Cl-])<-O=C2C=CC=CC=12
VARYAO,,C15 H18 Cl1 N3 Pd1,0.0,Cn1ccn2->[Pd+4](<-[Cl-])(<-[C-2]=NC(C)(C)C)<-[c-]3ccccc3-c12,Cn1ccn2->[Pd+2](<-[Cl-])(<-[C-]#[N+]C(C)(C)C)<-[c-]3ccccc3-c12,Cn1ccn2->[Pd+2](<-[Cl-])(<-[C-]#[N+]C(C)(C)C)<-[c-]3ccccc3-c12
VASSUD,,C33 H39 Cr1 O4 P1,0.0,COC(=O)c12->[Cr]3456(<-[C-]#[O+])(<-[C-]#[O+])(<-c(c->3c->41)c->5c->62C)<-P(c1ccccc1)(c1ccccc1)C1CC(C)CCC1C(C)C,COC(=O)c12->[Cr]3456(<-[C-]#[O+])(<-[C-]#[O+])(<-c(c->3c->41)c->5c->62C)<-P(c1ccccc1)(c1ccccc1)C1[C]C(C)C#CC1C(C)C,COC(=O)c12->[Cr]3456(<-[C-]#[O+])(<-[C-]#[O+])(<-c(c->3c->41)c->5c->62C)<-P(c1ccccc1)(c1ccccc1)C1[C]C(C)C#CC1C(C)C
VATQUE,,C20 H15 Cl1 Co1 N1 O1 S2,0.0,Oc1ccc(Cl)cc1C=Nc1ccc(C2=C[S-]->[Co+3]3456(<-[S-]2)<-c2c->3c->4[cH-]->5c->62)cc1,Oc1ccc(Cl)cc1C=Nc1ccc(C2C=S->[Co+]3456(<-S=2)<-c2c->3c->4[cH-]->5c->62)cc1,Oc1ccc(Cl)cc1C=Nc1ccc(C2C=S->[Co+]3456(<-S=2)<-c2c->3c->4[cH-]->5c->62)cc1
VAVFAZ,O=C1[CH-](->[Hg+2]<-[Cl-])[C@]2(CCCO2)[C@@]2(CCCO2)[C@]2(CCCO2)[C@]12CCCO2,C18 H25 Cl1 Hg1 O5,0.0,O=C1[CH-](->[Hg+2]<-[Cl-])C2(CCCO2)C2(CCCO2)C2(CCCO2)C12CCCO2,O=C1[CH-](->[Hg+2]<-[Cl-])C2(CCCO2)C2(CCCO2)C2(CCCO2)C12CCCO2,O=C1[CH-](->[Hg+2]<-[Cl-])C2(CCCO2)C2(CCCO2)C2(CCCO2)C12CCCO2
VAVQAK,[Cl-]->[Hg+2]<-[CH-]1[C@@]2(CCCO2)[C@]2(CCCO2)[C@@]2(CCCO2)[C@]2(CCCO2)[C@]12CCCO2,C21 H31 Cl1 Hg1 O5,0.0,[Cl-]->[Hg+2]<-[CH-]1C2(CCCO2)C2(CCCO2)C2(CCCO2)C2(CCCO2)C12CCCO2,[Cl-]->[Hg+2]<-[CH-]1C2(CCCO2)C2(CCCO2)C2(CCCO2)C2(CCCO2)C12CCCO2,[Cl-]->[Hg+2]<-[CH-]1C2(CCCO2)C2(CCCO2)C2(CCCO2)C2(CCCO2)C12CCCO2
VAWPUE,CC1(C)[C@H]2C[C@@H]1C(C)(C)[c-]13->[Ti+4]456789%10(<-[Cl-])(<-[Cl-])(<-c(c->4c->512)c->63)<-c1c->7c->82[c-]->9(c->%101)C(C)(C)[C@H]1C[C@@H]2C1(C)C,C28 H38 Cl2 Ti1,0.0,CC1(C)C2CC1c13->[Ti+4]456789%10(<-[Cl-])(<-[Cl-])(<-c1[cH-]->4c->5c->63C2(C)C)<-c1[cH-]->7c->8c->92c->%101C1CC(C1(C)C)C2(C)C,CC1(C)C2CC1c13->[Ti+4]456789%10(<-[Cl-])(<-[Cl-])(<-c(c->41)c->5[c-]->63C2(C)C)<-c1c->7c->82[c-]->9(c->%101)C(C)(C)C1CC2C1(C)C,CC1(C)c2c[cH-]3->[Ti+4]4567(<-[Cl-])(<-[Cl-])(<-c8c->4c->54[c-]->6(c->78)C(C)(C)C5CC4C5(C)C)<-c3c2C2CC1C2(C)C
VAXQAN,Cc1cc(C)n2->[Ti+4]3(<-[Cl-])(<-[Cl-])(<-[Cl-])<-[O-]c4c(C(n12)n1c(C)cc(C)n->31)cc(C(C)(C)C)cc4C(C)(C)C,C25 H35 Cl3 N4 O1 Ti1,0.0,Cc1cc(C)[n-]2->[Ti+4]3(<-[Cl-])(<-[Cl-])(<-[Cl-])<-[O-]c4c(C([n+]12)[n+]1c(C)cc(C)[n-]->31)cc(C(C)(C)C)cc4C(C)(C)C,Cc1cc(C)n2->[Ti+4]3(<-[Cl-])(<-[Cl-])(<-[Cl-])<-[O-]c4c(C(n12)n1c(C)cc(C)n->31)cc(C(C)(C)C)cc4C(C)(C)C,Cc1cc(C)n2->[Ti+4]3(<-[Cl-])(<-[Cl-])(<-[Cl-])<-[O-]c4c(C(n12)n1c(C)cc(C)n->31)cc(C(C)(C)C)cc4C(C)(C)C
VAYQER,[Cl-]->[Zn+2]12<-[S-]c3ccccc3CN(Cc3ccccn->13)Cc1ccccn->21,C19 H18 Cl1 N3 S1 Zn1,0.0,fail,[Cl-]->[Zn+2]123<-[S-]c4ccccc4CN->1(Cc1ccccn->21)Cc1ccccn->31,[Cl-]->[Zn+2]123<-[S-]c4ccccc4CN->1(Cc1ccccn->21)Cc1ccccn->31
VAZVUO,,C29 H21 N5 O3 S2 Zn1,0.0,N#CC1[S-]->[Zn+2]2(<-O)(<-[S-]C=1C#N)<-n1cccc3cccc(O->2Cc2cccc(COc4cccc5cccnc45)n2)c31,N#CC1[S-]->[Zn+2](<-O)(<-[S-]C=1C#N)<-n1cccc2cccc(OCc3cccc(COc4cccc5cccnc45)n3)c21,N#CC1[S-]->[Zn+2](<-O)(<-[S-]C=1C#N)<-n1cccc2cccc(OCc3cccc(COc4cccc5cccnc45)n3)c21
VEBJOE,,C29 H39 Ir1 N1 O1 P1,0.0,CC(C)P(C(C)C)(C(C)C)->[Ir+]1234(<-O=C->1(C)C->2=C->3C)<-[c-]1ccccc1-c1ccc2ccccc2n->41,CC(C)P(C(C)C)(C(C)C)->[Ir+3]1234(<-[O-][C-]->1(C)C->2=C->3C)<-[c-]1ccccc1-c1ccc2ccccc2n->41,CC(C)P(C(C)C)(C(C)C)->[Ir+3]1234(<-[O-][C-]->1(C)C->2=C->3C)<-[c-]1ccccc1-c1ccc2ccccc2n->41
VECBIQ,CC(C)c1cccc(C(C)C)c1[N-2]->[W+6]1(<-[Cl-])(<-[N-2]c2c(C(C)C)cccc2C(C)C)<-[P-2]P->1(C(C)C)C(C)C,C30 H48 Cl1 N2 P2 W1 1-,-1.0,CC(C)c1cccc(C(C)C)c1[N-2]->[W+4]1(<-[Cl-])(<-[N-2]c2c(C(C)C)cccc2C(C)C)<-P=[PH]->1(C(C)C)C(C)C,CC(C)c1cccc(C(C)C)c1[N-2]->[W+4]1(<-[Cl-])(<-[N-2]c2c(C(C)C)cccc2C(C)C)<-P#P->1(C(C)C)C(C)C,CC(C)c1cccc(C(C)C)c1[N-2]->[W+4]1(<-[Cl-])(<-[N-2]c2c(C(C)C)cccc2C(C)C)<-P#P->1(C(C)C)C(C)C
VECPIE,CCn1c2[S-]->[Pt+2]3(<-[S-]c2sc1=S)<-n1cccc2ccc4cccn->3c4c21,C17 H13 N3 Pt1 S4,0.0,CCn1c2[S-]->[Pt+2]3(<-[S-]c2sc1=S)<-n1cccc2ccc4cccn->3c4c21,CCN1C(=S)SC2=S->[Pt]3(<-S=C21)<-n1cccc2ccc4cccn->3c4c21,CCN1C(=S)SC2=S->[Pt]3(<-S=C21)<-n1cccc2ccc4cccn->3c4c21
VEDYIP,Cc1cc(C)c(N2CCN(c3c(C)cc(C)cc3C)[C]2->[Ru+4]2(<-[Cl-])(<-[Cl-])<-[CH-]c3ccccc3[N+](=O)/N->2=c2/cccc[c-]2Br)c(C)c1,C34 H35 Br1 Cl2 N4 O1 Ru1,0.0,Cc1cc(C)c(N2CCN(c3c(C)cc(C)cc3C)[C]2->[Ru+4]2(<-[Cl-])(<-[Cl-])<-[CH-2]c3ccccc3[N+]([O-])=N->2c2ccccc2Br)c(C)c1,Cc1cc(C)c(N2CCN(c3c(C)cc(C)cc3C)[C]2->[Ru+2]2(<-[Cl-])(<-[Cl-])<-[CH]c3ccccc3[N+](=O)[N-]->2c2ccccc2Br)c(C)c1,Cc1cc(C)c(N2CCN(c3c(C)cc(C)cc3C)[C]2->[Ru+2]2(<-[Cl-])(<-[Cl-])<-[CH]c3ccccc3[N+](=O)[N-]->2c2ccccc2Br)c(C)c1
VEFPOO,,C33 H25 Ir1 N7 1+,1.0,Cn1nc2-c3ccc4ccccc4n3->[Ir+3]34(<-[c-]5ccccc5-c5ccccn->35)(<-[c-]3ccccc3-c3ccccn->43)<-n2n1,Cn1nc2-c3ccc4ccccc4n3->[Ir+3]34(<-[c-]5ccccc5-c5ccccn->35)(<-[c-]3ccccc3-c3ccccn->43)<-n2n1,Cn1nc2-c3ccc4ccccc4n3->[Ir+3]34(<-[c-]5ccccc5-c5ccccn->35)(<-[c-]3ccccc3-c3ccccn->43)<-n2n1
VEHBAM,CCN1(CC)C[CH-](c2ccccc2)->[Pt+2]<-12<-N(C)(C)CCN->2(C)C,C18 H34 N3 Pt1 1+,1.0,CCN1(CC)C[CH-](c2ccccc2)->[Pt+2]<-12<-N(C)(C)CCN->2(C)C,CCN1(CC)C[CH-](c2ccccc2)->[Pt+2]<-12<-N(C)(C)CCN->2(C)C,CCN1(CC)C[CH-](c2ccccc2)->[Pt+2]<-12<-N(C)(C)CCN->2(C)C
VEJCOF,Cc1cc(C)c(N2C=CN3Cc4ccccn4->[Ru+2]4567(<-[Cl-])(<-[C]32)<-c2(C)c->4(C)c->5(C)[c-]->6(C)c->72C)c(C)c1,C28 H34 Cl1 N3 Ru1,0.0,Cc1cc(C)c(N2C=CN3Cc4ccccn4->[Ru+2]4567(<-[Cl-])(<-[C]32)<-c2(C)c->4(C)c->5(C)[c-]->6(C)c->72C)c(C)c1,Cc1cc(C)c(N2C=CN3Cc4ccccn4->[Ru+2]4567(<-[Cl-])(<-[C]32)<-c2(C)c->4(C)c->5(C)[c-]->6(C)c->72C)c(C)c1,Cc1cc(C)c(N2C=CN3Cc4ccccn4->[Ru+2]4567(<-[Cl-])(<-[C]32)<-c2(C)c->4(C)c->5(C)[c-]->6(C)c->72C)c(C)c1
VEJHOK,,C12 H13 Cl2 Hg1 N3 S1,0.0,Cc1cc2C=N3c4ccccc4S(C)->[Hg+2]<-3(<-[Cl-])(<-[Cl-])<-n2[nH]1,Cc1cc2C=N3c4ccccc4S(C)->[Hg+2]<-3(<-[Cl-])(<-[Cl-])<-n2[nH]1,CSc1ccccc1N=Cc1cc(C)[nH]n1.[Cl-]->[Hg+2]<-[Cl-]
VEJYAK,,C26 H30 Cl2 N2 Ni1 O2 S2,0.0,CS(C)=O->[Ni+2](<-[Cl-])(<-[Cl-])(<-O=S(C)C)(<-n1ccc(-c2ccccc2)cc1)<-n1ccc(-c2ccccc2)cc1,CS(C)=O->[Ni+2](<-[Cl-])(<-[Cl-])(<-O=S(C)C)(<-n1ccc(-c2ccccc2)cc1)<-n1ccc(-c2ccccc2)cc1,CS(C)=O.CS(C)=O.[Cl-]->[Ni+2](<-[Cl-])(<-n1ccc(-c2ccccc2)cc1)<-n1ccc(-c2ccccc2)cc1
VEKWAM,,C21 H41 Ir1 O1 P2,0.0,COc1cc2CP(C(C)C)(C(C)C)->[IrH4+]3<-[c-]2c(CP->3(C(C)C)C(C)C)c1,COc1cc2CP(C(C)C)(C(C)C)->[IrH4+]3<-[c-]2c(CP->3(C(C)C)C(C)C)c1,COc1cc2CP(C(C)C)(C(C)C)->[IrH4+]3<-[c-]2c(CP->3(C(C)C)C(C)C)c1
VELSUA,Cc12->[Ni+4]34567(<-[p-]8[p-]->3[p-]->48)<-c1(C)c->5(C)[c-]->6(C)c->72C,C10 H15 Ni1 P3,0.0,Cc12->[Ni+2]34567(<-P8P->3[PH2-]->48)<-c1(C)c->5(C)[c-]->6(C)c->72C,Cc12->[Ni+2]34567(<-P8=P->3[PH2-]->48)<-c1(C)c->5(C)[c-]->6(C)c->72C,Cc12->[Ni+2]34567(<-P8=P->3[PH2-]->48)<-c1(C)c->5(C)[c-]->6(C)c->72C
VENZOF,[O+]#[C-]->[Re+]1(<-[C-]#[O+])(<-[C-]#[O+])(<-[O-]/C=C2/C=CC=N->12)<-n1ccccc1,C13 H9 N2 O4 Re1,0.0,[O+]#[C-]->[Re+]1(<-[C-]#[O+])(<-[C-]#[O+])(<-[O-]C=C2C=CC=N->12)<-n1ccccc1,[O+]#[C-]->[Re+]1(<-[C-]#[O+])(<-[C-]#[O+])(<-[O-]C=C2C=CC=N->12)<-n1ccccc1,[O+]#[C-]->[Re+]1(<-[C-]#[O+])(<-[C-]#[O+])(<-[O-]C=C2C=CC=N->12)<-n1ccccc1
VEQFII,N->[Ni@OH2+2]12<-[O-]/C(=C\C(c3ccc(Cl)cc3)=N->1\N=C(/[O-]->2)c1ccccc1)C(F)(F)C(F)(F)C(F)(F)F,C19 H13 Cl1 F7 N3 Ni1 O2,0.0,N->[Ni+2]12<-[O-]C(=CC(c3ccc(Cl)cc3)=N->1N=C([O-]->2)c1ccccc1)C(F)(F)C(F)(F)C(F)(F)F,N->[Ni+2]12<-[O-]C(=CC(c3ccc(Cl)cc3)=N->1N=C([O-]->2)c1ccccc1)C(F)(F)C(F)(F)C(F)(F)F,N->[Ni+2]12<-[O-]C(=CC(c3ccc(Cl)cc3)=N->1N=C([O-]->2)c1ccccc1)C(F)(F)C(F)(F)C(F)(F)F
VERFUV,,C24 H19 I3 N2 O1 Pt1 S1,0.0,COc1c[c-]2->[Pt+4]3(<-[I-])(<-[I-])(<-[I-])<-N(=Nc2c2ccccc12)c1ccccc1S->3Cc1ccccc1,COc1c[c-]2->[Pt+4]3(<-[I-])(<-[I-])(<-[I-])<-N(=Nc2c2ccccc12)c1ccccc1S->3Cc1ccccc1,COc1c[c-]2->[Pt+4]3(<-[I-])(<-[I-])(<-[I-])<-N(=Nc2c2ccccc12)c1ccccc1S->3Cc1ccccc1
VESFEE,,C19 H17 Cl1 N2 O3 Pd1,0.0,Cc1ccc2ccc3ccc(C)n4->[Pd+2]5(<-[CH3-])(<-[Cl-])(<-C6=C->5C(=O)OC6=O)<-n1c2c34,Cc1ccc2ccc3ccc(C)n4->[Pd+4]5(<-[CH3-])(<-[Cl-])(<-[cH-]6c(=O)oc(=O)[cH-]->56)<-n1c2c34,Cc1ccc2ccc3ccc(C)n4->[Pd+4]5(<-[CH3-])(<-[Cl-])(<-[cH-]6c(=O)oc(=O)[cH-]->56)<-n1c2c34
VESWUL,CCCP1(CCC)C[C](C)->[Pd@TB13+2]<-1(<-[Cl-])(<-[Cl-])<-N1=C(C)CC(C)(C)Nc2cc(Cl)c(Cl)cc21,C21 H35 Cl4 N2 P1 Pd1,0.0,CCCP(CCC)(CCC)->[Pd+2](<-[Cl-])(<-[Cl-])<-N1=C(C)CC(C)(C)Nc2cc(Cl)c(Cl)cc21,C[C]CP(CCC)(CCC)->[Pd+2](<-[Cl-])(<-[Cl-])<-N1=C(C)CC(C)(C)Nc2cc(Cl)c(Cl)cc21,CCCP1(CCC)C[C](C)->[Pd+2]<-1(<-[Cl-])(<-[Cl-])<-N1=C(C)CC(C)(C)Nc2cc(Cl)c(Cl)cc21
VETLIR,,C25 H24 Cl1 N3 O1 Pt1,0.0,[Cl-]->[Pt+2]12<-[c-]3ccccc3-c3ccc4c(OCCN5CCCCC5)cc5cccn->1c5c4n->23,[Cl-]->[Pt+2]12<-[c-]3ccccc3-c3ccc4c(OCCN5CCCCC5)cc5cccn->1c5c4n->23,[Cl-]->[Pt+2]12<-[c-]3ccccc3-c3ccc4c(OCCN5CCCCC5)cc5cccn->1c5c4n->23
VEVVID,CC(=O)[O-]->[Zn@+2]12<-[O-]c3ccc([N+](=O)[O-])cc3/C=N->1/CCCN->21CCOCC1,C16 H21 N3 O6 Zn1,0.0,fail,CC(=O)[O-]->[Zn+2]12<-[O-]c3ccc([N+](=O)[O-])cc3C=N->1CCCN->21CCOCC1,CC12=O->[Zn+2]<-134(<-[O-]c1ccc([N+](=O)[O-])cc1C=N->3CCCN->41CCOCC1)<-[O-]2
VEWTEX,,C22 H44 N4 O1 P2 Pt1,0.0,CC(C)(C)P(c1ncc[nH]1)(->[PtH+](<-[OH-])<-P(c1ncc[nH]1)(C(C)(C)C)C(C)(C)C)C(C)(C)C,CC(C)(C)P(c1ncc[nH]1)(->[PtH+](<-[OH-])<-P(c1ncc[nH]1)(C(C)(C)C)C(C)(C)C)C(C)(C)C,CC(C)(C)P(c1ncc[nH]1)(->[PtH+](<-[OH-])<-P(c1ncc[nH]1)(C(C)(C)C)C(C)(C)C)C(C)(C)C
VEXSIA,C[C@H](N/[C-]1=C/C(=O->[Co+3]<-12345(<-c1c->2c->3[cH-]->4c->51)<-P(C)(C)C)c1ccccc1)c1ccccc1,C25 H30 Co1 N1 O1 P1 1+,1.0,CC(N[C]1C=C([O-]->[Co+3]<-12345(<-c1c->2c->3[cH-]->4c->51)<-P(C)(C)C)c1ccccc1)c1ccccc1,CC(N[C-]1=CC(=O->[Co+3]<-12345(<-c1c->2c->3[cH-]->4c->51)<-P(C)(C)C)c1ccccc1)c1ccccc1,CC(N[C-]1=CC(=O->[Co+3]<-12345(<-c1c->2c->3[cH-]->4c->51)<-P(C)(C)C)c1ccccc1)c1ccccc1
VEZFAH,,C12 H33 Cl1 O1 P3 Rh1,0.0,CC(=O)[CH2-]->[RhH+2](<-[Cl-])(<-P(C)(C)C)(<-P(C)(C)C)<-P(C)(C)C,CC(=O)[CH2-]->[RhH+2](<-[Cl-])(<-P(C)(C)C)(<-P(C)(C)C)<-P(C)(C)C,CC(=O)[CH2-]->[RhH+2](<-[Cl-])(<-P(C)(C)C)(<-P(C)(C)C)<-P(C)(C)C
VEZWUT,CC(C)P1(Cc2cccc3CP(C(C)C)(C(C)C)->[Rh@TB4+]<-14(<-[H]c->423)<-[C-]#[O+])C(C)C,C21 H36 O1 P2 Rh1 1+,1.0,CC(C)P1(Cc2cccc3CP(C(C)C)(C(C)C)->[Rh+]<-14(<-[H]c->423)<-[C-]#[O+])C(C)C,CC(C)P1(Cc2cccc3CP(C(C)C)(C(C)C)->[Rh+]<-1(<-[C-]#[O+])<-c23)C(C)C,CC(C)P1(Cc2cccc3CP(C(C)C)(C(C)C)->[RhH+2]<-1(<-[C-]#[O+])<-[c-]23)C(C)C
VIBCIT,,C26 H38 B1 Ir1 N6 O1,0.0,CCCCO1Cc2cccc[c-]2->[IrH+2]<-123<-[n-]1c(C)cc(C)[n+]1[BH-]([n+]1c(C)cc(C)[n-]->21)[n+]1c(C)cc(C)[n-]->31,CCCCO1Cc2cccc[c-]2->[IrH+2]<-123<-n1c(C)cc(C)n1[BH-](n1c(C)cc(C)n->21)n1c(C)cc(C)n->31,CCCCO1Cc2cccc[c-]2->[IrH+2]<-123<-n1c(C)cc(C)n1[BH-](n1c(C)cc(C)n->21)n1c(C)cc(C)n->31
VIBWIN,C/C1=C2\C=CC=CC2=S->[Rh+]234(<-C5=C->2/CC/C->3=C->4\CC\5)<-[N-]1c1ccc(C)cc1,C23 H26 N1 Rh1 S1,0.0,CC1c2ccccc2[S-]->[Rh+]234(<-C5=C->2CCC->3=C->4CC5)<-N=1c1ccc(C)cc1,CC1=C2C=CC=CC2=S->[Rh+]234(<-C5=C->2CCC->3=C->4CC5)<-[N-]1c1ccc(C)cc1,CC1=C2C=CC=CC2=S->[Rh+]234(<-C5=C->2CCC->3=C->4CC5)<-[N-]1c1ccc(C)cc1
VICPUS,C[Se]1CC2(C)C[Se](C)->[Ru+2]<-1(<-[Cl-])(<-[Cl-])(<-[Se](C)C2)<-P(c1ccccc1)(c1ccccc1)c1ccccc1,C26 H33 Cl2 P1 Ru1 Se3,0.0,C[Se]1CC2(C)C[Se](C)->[Ru+2]<-1(<-[Cl-])(<-[Cl-])(<-[Se](C)C2)<-P(c1ccccc1)(c1ccccc1)c1ccccc1,C[Se-]->[Ru+8](<-[Cl-])(<-[Cl-])(<-[Se-]C)(<-[Se-]C)<-P(c1ccccc1)(c1ccccc1)c1ccccc1.[CH2-]C([CH2-])([CH2-])C,C[Se-]->[Ru+8](<-[Cl-])(<-[Cl-])(<-[Se-]C)(<-[Se-]C)<-P(c1ccccc1)(c1ccccc1)c1ccccc1.[CH2-]C([CH2-])([CH2-])C
VIDFIZ,CN1CCN(->[V@TB5+5]2(<-[O-2])(<-[O-2])<-[O-]c3ccc4c(c3[O-]->2)C(=O)c2ccccc2C4=O)CC1,C19 H18 N2 O6 V1 1-,-1.0,CN1CCN(->[V+5]2(<-[O-2])(<-[O-2])<-[O-]c3ccc4c(c3[O-]->2)C(=O)c2ccccc2C4=O)CC1,CN1CCN(->[V+7]2(<-[O-2])(<-[O-2])<-[O-]c3ccc4c([O-])c5ccccc5c([O-])c4c3[O-]->2)CC1,CN1CCN(->[V+7]2(<-[O-2])(<-[O-2])<-[O-]c3ccc4c([O-])c5ccccc5c([O-])c4c3[O-]->2)CC1
VIFPIK,C/C1=N(\c2ccc([N+](=O)[O-])cc2C)->[Fe+2]234(<-[Cl-])(<-[Cl-])<-N(=C(/C)c->25cccc->31n->45)/c1ccc([N+](=O)[O-])cc1C,C23 H21 Cl2 Fe1 N5 O4,0.0,CC1c2cccc3C(C)=N(c4ccc([N+](=O)[O-])cc4C)->[Fe+2](<-[Cl-])(<-[Cl-])(<-N=1c1ccc([N+](=O)[O-])cc1C)<-n23,CC1c2cccc3C(C)=N(c4ccc([N+](=O)[O-])cc4C)->[Fe+2](<-[Cl-])(<-[Cl-])(<-N=1c1ccc([N+](=O)[O-])cc1C)<-n23,CC1c2cccc3C(C)=N(c4ccc([N+](=O)[O-])cc4C)->[Fe+2](<-[Cl-])(<-[Cl-])(<-N=1c1ccc([N+](=O)[O-])cc1C)<-n23
VIFYAL,,C23 H51 Mo1 P2 1+,1.0,CC(C)(C)c12->[MoH4+2]345(<-c1c->3(C(C)(C)C)c->4(C(C)(C)C)[cH-]->52)(<-P(C)(C)C)<-P(C)(C)C,CC(C)(C)c12->[MoH4+2]345(<-c1[c-]->3(C(C)(C)C)c->4c->52C(C)(C)C)(<-P(C)(C)C)<-P(C)(C)C,CC(C)(C)c12->[MoH4+2]345(<-c1[c-]->3(C(C)(C)C)c->4c->52C(C)(C)C)(<-P(C)(C)C)<-P(C)(C)C
VIHLEF,Cn1c(=O)c2c(n[c-](->[Co+3]3(<-[S-][C]->3[S-])(<-P(C)(C)C)(<-P(C)(C)C)<-P(C)(C)C)n2C)n(C)c1=O,C18 H36 Co1 N4 O2 P3 S2,0.0,Cn1c(=O)c2c(n[c](->[Co+2]3(<-[S-][C-]->3=S)(<-P(C)(C)C)(<-P(C)(C)C)<-P(C)(C)C)n2C)n(C)c1=O,Cn1c(=O)c2c(n[c-](->[Co+]3(<-S=C->3=S)(<-P(C)(C)C)(<-P(C)(C)C)<-P(C)(C)C)n2C)n(C)c1=O,Cn1c(=O)c2c(n[c-](->[Co+]3(<-S=C->3=S)(<-P(C)(C)C)(<-P(C)(C)C)<-P(C)(C)C)n2C)n(C)c1=O
VIHXEQ,CC12c3ccccn3->[Ni+2]<-13(<-[O-][N+](=O)[O-])(<-[O-][N+](=O)[O-])<-N=2CCc1ccccn->31,C14 H15 N5 Ni1 O6,0.0,CC1c2ccccn2->[Ni+2]23(<-[O-][N+](=O)[O-])(<-[O-][N+](=O)[O-]->2)<-N=1CCc1ccccn->31,CC1c2ccccn2->[Ni+2]23(<-[O-][N+](=O)[O-])(<-[O-][N+](=O)[O-]->2)<-N=1CCc1ccccn->31,CC1c2ccccn2->[Ni+2]2(<-[O-][N+](=O)[O-])(<-[O-][N+](=O)[O-])<-N=1CCc1ccccn->21
VIKBOH,,C22 H24 N10 Ni1 S2,0.0,C=Cn1ccn(->[Ni+2](<-[N-]=C=S)(<-[N-]=C=S)(<-n2ccn(C=C)c2)(<-n2ccn(C=C)c2)<-n2ccn(C=C)c2)c1,C=Cn1ccn(->[Ni+2](<-[N-]=C=S)(<-[N-]=C=S)(<-n2ccn(C=C)c2)(<-n2ccn(C=C)c2)<-n2ccn(C=C)c2)c1,C=Cn1ccn(->[Ni+2](<-[N-]=C=S)(<-[N-]=C=S)(<-n2ccn(C=C)c2)(<-n2ccn(C=C)c2)<-n2ccn(C=C)c2)c1
VIKQIR,CC(C)(C)c1cc(C(C)(C)C)n2->[Zn+2]3(<-[Cl-])<-[S-]C(=S)C(n12)n1c(C(C)(C)C)cc(C(C)(C)C)n->31,C24 H39 Cl1 N4 S2 Zn1,0.0,CC(C)(C)c1cc(C(C)(C)C)n2->[Zn+2]3(<-[Cl-])<-[S-]C(=S)C(n12)[n+]1c(C(C)(C)C)cc(C(C)(C)C)[n-]->31,CC(C)(C)c1cc(C(C)(C)C)n2->[Zn+2]3(<-[Cl-])<-[S-]C(=S)C(n12)n1c(C(C)(C)C)cc(C(C)(C)C)n->31,CC(C)(C)c1cc(C(C)(C)C)n2->[Zn+2]3(<-[Cl-])<-[S-]C(=S)C(n12)n1c(C(C)(C)C)cc(C(C)(C)C)n->31
VILNEL,CN(C)P1(=[CH-]->[Zr+4]2345(<-[CH2-][Si](C)(C)C)(<-[CH2-][Si](C)(C)C)<-c6(C)c->2(C)c->3(C)[c-]->41c->56C)N(C)C,C22 H47 N2 P1 Si2 Zr1,0.0,CN(C)P1(=[CH-]->[Zr+4]2345(<-[CH2-][Si](C)(C)C)(<-[CH2-][Si](C)(C)C)<-c6(C)c->21c->3(C)[c-]->4(C)c->56C)N(C)C,CN(C)P1(=[CH-]->[Zr+4]2345(<-[CH2-][Si](C)(C)C)(<-[CH2-][Si](C)(C)C)<-c6(C)c->2(C)c->3(C)[c-]->41c->56C)N(C)C,CN(C)P1(=[CH-]->[Zr+4]2345(<-[CH2-][Si](C)(C)C)(<-[CH2-][Si](C)(C)C)<-c6(C)c->2(C)c->3(C)[c-]->41c->56C)N(C)C
VIMFUU,CCn1c(-c2ccc(Cl)cc2)[c-](->[Pd+2](<-[I-])(<-[I-])<-n2ccccc2)[n+]2ccccc12,C20 H18 Cl1 I2 N3 Pd1,0.0,CC[n+]1c(-c2ccc(Cl)cc2)[c](->[Pd+](<-[I-])(<-[I-])<-n2ccccc2)n2ccccc21,CC[n+]1c(-c2ccc(Cl)cc2)[c-](->[Pd+2](<-[I-])(<-[I-])<-n2ccccc2)n2ccccc21,CC[n+]1c(-c2ccc(Cl)cc2)[c-](->[Pd+2](<-[I-])(<-[I-])<-n2ccccc2)n2ccccc21
VIMZEY,,C27 H18 N7 Ni1 O3 1+,1.0,N#C[C-](C#N->[Ni+2]12(<-O)(<-n3cccc4ccc5cccn->1c5c43)<-n1cccc3ccc4cccn->2c4c31)[N+](=O)[O-],N#CC(=C=[N-]->[Ni+2]12(<-O)(<-n3cccc4ccc5cccn->1c5c43)<-n1cccc3ccc4cccn->2c4c31)[N+](=O)[O-],N#CC(=C=[N-]->[Ni+2]12(<-n3cccc4ccc5cccn->1c5c43)<-n1cccc3ccc4cccn->2c4c31)[N+](=O)[O-].O
VINPAL,,C13 H19 B1 Cl1 N1 O2 Ru1,0.0,CC(C)N([BH2-](Cl)->[Ru+2]1234(<-[C-]#[O+])(<-[C-]#[O+])<-c5c->1c->2[cH-]->3c->45)C(C)C,CC(C)[N+](=B(Cl)->[Ru]1234(<-[C-]#[O+])(<-[C-]#[O+])<-c5c->1c->2[cH-]->3c->45)C(C)C,CC(C)[N+](=B(Cl)->[Ru]1234(<-[C-]#[O+])(<-[C-]#[O+])<-c5c->1c->2[cH-]->3c->45)C(C)C
VIPLAI,,C15 H40 Ir1 P3 Si1,0.0,CC1=C[Si-](C)(C)->[IrH+2](<-[CH2-]1)(<-P(C)(C)C)(<-P(C)(C)C)<-P(C)(C)C,CC1C=[Si](C)(C)->[IrH](<-C=1)(<-P(C)(C)C)(<-P(C)(C)C)<-P(C)(C)C,CC1C=[Si](C)(C)->[IrH](<-C=1)(<-P(C)(C)C)(<-P(C)(C)C)<-P(C)(C)C
VIPWOJ,C1\c2ccccc2[O-]->[Co+3]2345(<-O=N->2[O-]->3)(<-[O-]c2ccccc2/C=N->4\CC/N->5=1)<-n1ccccc1,C21 H19 Co1 N4 O4,0.0,O=[N+](=O)->[Co+]123(<-[O-]c4ccccc4C=N->1CCN->2=Cc1ccccc1[O-]->3)<-n1ccccc1,O=N([O-])->[Co+3]123(<-[O-]c4ccccc4C=N->1CCN->2=Cc1ccccc1[O-]->3)<-n1ccccc1,O=N([O-])->[Co+3]123(<-[O-]c4ccccc4C=N->1CCN->2=Cc1ccccc1[O-]->3)<-n1ccccc1
VIQSAP,C=CP(c1ccccc1)(c1ccccc1)->[Ru+2]12345(<-[Cl-])(<-[C]6CCCO6)<-c6(C)c->1(C)c->2(C)c->3(C)c->4(C)c->56C,C30 H37 Cl1 O1 P1 Ru1 1+,1.0,C=CP(c1ccccc1)(c1ccccc1)->[Ru+4]12345(<-[Cl-])(<-[C-2]6CCCO6)<-c6(C)c->1(C)c->2(C)c->3(C)c->4(C)c->56C,C=CP(c1ccccc1)(c1ccccc1)->[Ru+2]12345(<-[Cl-])(<-[C]6CCCO6)<-c6(C)c->1(C)c->2(C)c->3(C)c->4(C)c->56C,C=CP(c1ccccc1)(c1ccccc1)->[Ru+2]12345(<-[Cl-])(<-[C]6CCCO6)<-c6(C)c->1(C)c->2(C)c->3(C)c->4(C)c->56C
VIQWAV,COc1ccc(C2=C/C3=C4\C=CC=C[N-]4->[Ru+2](<-[Cl-])(<-N3=N2)(<-P(C)(C)C)(<-P(C)(C)C)<-P(C)(C)C)cc1,C24 H39 Cl1 N3 O1 P3 Ru1,0.0,COc1ccc(-c2cc3-c4ccccn4->[Ru+2](<-[Cl-])(<-[n-]3n2)(<-P(C)(C)C)(<-P(C)(C)C)<-P(C)(C)C)cc1,COc1ccc(C2=CC3=C4C=CC=C[N-]4->[Ru+2](<-[Cl-])(<-N3=N2)(<-P(C)(C)C)(<-P(C)(C)C)<-P(C)(C)C)cc1,COc1ccc(C2=CC3=C4C=CC=C[N-]4->[Ru+2](<-[Cl-])(<-N3=N2)(<-P(C)(C)C)(<-P(C)(C)C)<-P(C)(C)C)cc1
VIRHAG,Cc12->[Ru+2]345(<-[C-]#[O+])(<-[C-]#[O+])(<-[SiH2-]C([Si](C)(C)C)([Si](C)(C)C)[Si](C)(C)C)<-c1(C)c->3(C)[c-]->4(C)c->52C,C22 H44 O2 Ru1 Si4,0.0,Cc12->[Ru+2]345(<-[C-]#[O+])(<-[C-]#[O+])(<-[SiH2-]C([Si](C)(C)C)([Si](C)(C)C)[Si](C)(C)C)<-c1(C)c->3(C)[c-]->4(C)c->52C,Cc12->[Ru+2]345(<-[C-]#[O+])(<-[C-]#[O+])(<-[SiH2-]C([Si](C)(C)C)([Si](C)(C)C)[Si](C)(C)C)<-c1(C)c->3(C)[c-]->4(C)c->52C,Cc12->[Ru+2]345(<-[C-]#[O+])(<-[C-]#[O+])(<-[SiH2-]C([Si](C)(C)C)([Si](C)(C)C)[Si](C)(C)C)<-c1(C)c->3(C)[c-]->4(C)c->52C
VIRXOK,c1ccc(P2(/N=c3/scn[n-]3->[Pt+2]<-23<-[n-]2ncs/c2=N/P->3(c2ccccc2)c2ccccc2)c2ccccc2)cc1,C28 H22 N6 P2 Pt1 S2,0.0,c1ccc(P2(N=c3scn[n-]3->[Pt+2]<-23<-[n-]2ncsc2=NP->3(c2ccccc2)c2ccccc2)c2ccccc2)cc1,c1ccc(P2(N=c3scn[n-]3->[Pt+2]<-23<-[n-]2ncsc2=NP->3(c2ccccc2)c2ccccc2)c2ccccc2)cc1,c1ccc(P2(N=c3scn[n-]3->[Pt+2]<-23<-[n-]2ncsc2=NP->3(c2ccccc2)c2ccccc2)c2ccccc2)cc1
VISVEA,,C27 H35 Cl3 Fe1 N2 O1,0.0,CCO(CC)->[Fe+2]1(<-[Cl-])<-N2=C(C(C)(C)C)C=CC2=C(c2c(Cl)cccc2Cl)c2ccc(C(C)(C)C)[n-]->12,CCO(CC)->[Fe+2]1(<-[Cl-])<-N2=C(C(C)(C)C)C=CC2=C(c2c(Cl)cccc2Cl)c2ccc(C(C)(C)C)[n-]->12,CCO(CC)->[Fe+2]1(<-[Cl-])<-N2=C(C(C)(C)C)C=CC2=C(c2c(Cl)cccc2Cl)c2ccc(C(C)(C)C)[n-]->12
VITQOH,CCC1=C(CC)c2cc3n4->[Pd@SP1+2]56<-n2c1cc1n->5c(cc2c(CC)c(CC)c(oc4C(CC)=C3CC)[n-]->62)C(CC)=C1CC,C35 H43 N4 O1 Pd1 1+,1.0,CCC1=C(CC)c2cc3c(CC)c(CC)c4cc5n6->[Pd+2]7(<-n2c1cc1n->7c(oc6C(CC)=C5CC)C(CC)=C1CC)<-[n-]34,CCC1=C(CC)C2=N3->[Pd+4]45<-[n-]6c(c(CC)c(CC)c6C=c6c(CC)c(CC)c([n-]->46)=Cc4c(CC)c(CC)c([n-]->54)O2)C=C13,CCC1=C(CC)C2=N3->[Pd+4]45<-[n-]6c(c(CC)c(CC)c6C=c6c(CC)c(CC)c([n-]->46)=Cc4c(CC)c(CC)c([n-]->54)O2)C=C13
VIVJUG,[O+]#[C-]->[Fe+2]123(<-[C-]#[O+])(<-[C-]#[O+])<-[O-][C-]->1(c1ccccc1)/C->2=C->3/c1ccc(C(F)(F)F)cc1,C19 H11 F3 Fe1 O4,0.0,fail,[O+]#[C-]->[Fe+2]123(<-[C-]#[O+])(<-[C-]#[O+])<-[O-][C-]->1(c1ccccc1)C->2=C->3c1ccc(C(F)(F)F)cc1,[O+]#[C-]->[Fe+2]123(<-[C-]#[O+])(<-[C-]#[O+])<-[O-][C-]->1(c1ccccc1)C->2=C->3c1ccc(C(F)(F)F)cc1
VIVZOQ,CO[CH]->[Pt@OH14+2]12<-[c-]3c(CP->1(C(C)(C)C)C(C)(C)C)cccc3CP->2(C(C)(C)C)C(C)(C)C,C26 H47 O1 P2 Pt1 1+,1.0,CO[CH-2]->[Pt+4]12<-[c-]3c(CP->1(C(C)(C)C)C(C)(C)C)cccc3CP->2(C(C)(C)C)C(C)(C)C,CO[CH]->[Pt+2]12<-[c-]3c(CP->1(C(C)(C)C)C(C)(C)C)cccc3CP->2(C(C)(C)C)C(C)(C)C,CO[CH]->[Pt+2]12<-[c-]3c(CP->1(C(C)(C)C)C(C)(C)C)cccc3CP->2(C(C)(C)C)C(C)(C)C
VIXRUS,CC(C)c12->[Ru+2]34567(<-[Cl-])(<-c(c->31)c->4(C)c->5c->62)<-N(=c1/cccc[n-]->71)/[P+]([S-])(c1ccccc1)c1ccccc1,C27 H28 Cl1 N2 P1 Ru1 S1,0.0,CC(C)c12->[Ru+2]34567(<-[Cl-])(<-c(c->31)c->4(C)c->5c->62)<-n1ccccc1[N-]->7P(=S)(c1ccccc1)c1ccccc1,CC(C)c12->[Ru+2]34567(<-[Cl-])(<-c(c->31)c->4(C)c->5c->62)<-N(=c1cccc[n-]->71)[P+]([S-])(c1ccccc1)c1ccccc1,CC(C)c12->[Ru+2]34567(<-[Cl-])(<-c(c->31)c->4(C)c->5c->62)<-N(=c1cccc[n-]->71)[P+]([S-])(c1ccccc1)c1ccccc1
VIYCIR,O->[Zn+2]123(<-O)<-[O-]c4c(Br)cc(Cl)cc4/C=N->1/OCCO/N->2=C/c1cc(Cl)cc(Br)c1[O-]->3,C16 H14 Br2 Cl2 N2 O6 Zn1,0.0,O->[Zn+2]123(<-O)<-[O-]c4c(Br)cc(Cl)cc4C=N->1OCCON->2=Cc1cc(Cl)cc(Br)c1[O-]->3,O->[Zn+2]123(<-O)<-[O-]c4c(Br)cc(Cl)cc4C=N->1OCCON->2=Cc1cc(Cl)cc(Br)c1[O-]->3,O.O->[Zn+2]123<-[O-]c4c(Br)cc(Cl)cc4C=N->1OCCON->2=Cc1cc(Cl)cc(Br)c1[O-]->3
VIYYUX,,C13 H18 Mo1 N1 O2 1+,1.0,CC(C)[NH+]1C2(C)=[CH-]->[Mo+2]<-1<-23456(<-[C-]#[O+])(<-[C-]#[O+])<-c1c->3c->4[cH-]->5c->61,CC(C)N1C2(C)=C->[Mo+2]<-1<-23456(<-[C-]#[O+])(<-[C-]#[O+])<-c1c->3c->4[cH-]->5c->61,CC(C)N1C2(C)=C->[Mo+2]<-1<-23456(<-[C-]#[O+])(<-[C-]#[O+])<-c1c->3c->4[cH-]->5c->61
VIZTED,,C35 H36 Cl6 N1 O3 Re1,0.0,CC(C)c1cccc(C(C)C)c1[N-2]->[Re+7](<-[CH-2]C(C)(C)C)(<-[O-]c1c(Cl)cccc1Cl)(<-[O-]c1c(Cl)cccc1Cl)<-[O-]c1c(Cl)cccc1Cl,CC(C)c1cccc(C(C)C)c1[N-2]->[Re+5](<-[CH]C(C)(C)C)(<-[O-]c1c(Cl)cccc1Cl)(<-[O-]c1c(Cl)cccc1Cl)<-[O-]c1c(Cl)cccc1Cl,CC(C)c1cccc(C(C)C)c1[N-2]->[Re+5](<-[CH]C(C)(C)C)(<-[O-]c1c(Cl)cccc1Cl)(<-[O-]c1c(Cl)cccc1Cl)<-[O-]c1c(Cl)cccc1Cl
VIZZAH,CCc1cc(-c2ccccc2)cc(CC)c1/N1=C(C)/C(C)=N(/c2c(CC)cc(-c3ccccc3)cc2CC)->[Ni+2]<-1(<-[Br-])<-[Br-],C36 H40 Br2 N2 Ni1,0.0,CCc1cc(-c2ccccc2)cc(CC)c1N1=C(C)C(C)=N(c2c(CC)cc(-c3ccccc3)cc2CC)->[Ni+2]<-1(<-[Br-])<-[Br-],CCc1cc(-c2ccccc2)cc(CC)c1N1=C(C)C(C)=N(c2c(CC)cc(-c3ccccc3)cc2CC)->[Ni+2]<-1(<-[Br-])<-[Br-],CCc1cc(-c2ccccc2)cc(CC)c1N1=C(C)C(C)=N(c2c(CC)cc(-c3ccccc3)cc2CC)->[Ni+2]<-1(<-[Br-])<-[Br-]
VOCHAX,CC1(C)COC2C3=N(->[Ru+2]4(<-N(=O)[O-])(<-N(=O)[O-])(<-N=21)<-N1=C(C2=N->4C(C)(C)CO2)OCC1(C)C)C(C)(C)CO3,C20 H32 N6 O8 Ru1,0.0,CC1(C)COC2C3=N(->[Ru-2]4(<-N=21)(<-N1=C(C2=N->4C(C)(C)CO2)OCC1(C)C)(<-[N+](=O)=O)<-[N+](=O)=O)C(C)(C)CO3,CC1(C)COC2C3=N(->[Ru+2]4(<-N(=O)[O-])(<-N(=O)[O-])(<-N=21)<-N1=C(C2=N->4C(C)(C)CO2)OCC1(C)C)C(C)(C)CO3,CC1(C)COC2C3=N(->[Ru+2]4(<-N(=O)[O-])(<-N(=O)[O-])(<-N=21)<-N1=C(C2=N->4C(C)(C)CO2)OCC1(C)C)C(C)(C)CO3
VOFYIA,CC(C)(C)c1cccc2/C=N(/c3ccccc3S(C)(=O)=O)->[Ni@+2](<-[CH3-])(<-[O-]c21)<-P(C)(C)C,C22 H32 N1 Ni1 O3 P1 S1,0.0,CC(C)(C)c1cccc2C=N(c3ccccc3S(C)(=O)=O)->[Ni+2](<-[CH3-])(<-[O-]c21)<-P(C)(C)C,CC(C)(C)[C+]1C=C[CH+]C2[CH+][N-](c3ccccc3S(C)([O-])[O-])->[Ni](<-[CH3-])(<-[OH2+]C=21)<-P(C)(C)C,CC(C)(C)[C+]1C=C[CH+]C2[CH+][N-](c3ccccc3S(C)([O-])[O-])->[Ni](<-[CH3-])(<-[OH2+]C=21)<-P(C)(C)C
VOGRUF,CC(C)(C)P1(Cc2cccc3CP(C(C)(C)C)(C(C)(C)C)->[Ru+2]<-1(<-[I-])(<-[I-])<-n23)C(C)(C)C,C23 H43 I2 N1 P2 Ru1,0.0,CC(C)(C)P1(Cc2cccc3CP4(C(C)(C)C)C(C)(C)C[H]->[Ru+2]<-1<-4(<-[I-])(<-[I-])<-n23)C(C)(C)C,CC(C)(C)P1(Cc2cccc3CP(C(C)(C)C)(C(C)(C)C)->[Ru+2]<-1(<-[I-])(<-[I-])<-n23)C(C)(C)C,CC(C)(C)P1(Cc2cccc3CP(C(C)(C)C)(C(C)(C)C)->[Ru+2]<-1(<-[I-])(<-[I-])<-n23)C(C)(C)C
VOHPUE,NC1/N=N2/C=C3/C=CC=CC3=O->[Cu@OH23+]<-2(<-[Cl-])<-O=1,C8 H7 Cl1 Cu1 N3 O2,0.0,NC1[N]N2=Cc3ccccc3[O-]->[Cu+2]<-2(<-[Cl-])<-O=1,NC1=NN2=Cc3ccccc3[O-]->[Cu+3]<-2(<-[Cl-])<-[O-]1,NC1=NN2=Cc3ccccc3[O-]->[Cu+3]<-2(<-[Cl-])<-[O-]1
VOJMEP,CC(=O)[O-]->[Zn+2]1(<-[O-]C(C)=O)<-OCCN->1CCO,C8 H17 N1 O6 Zn1,0.0,CC(=O)[O-]->[Zn+2]12(<-[O-]C(C)=O)<-OCCN->1CCO->2,CC(=O)[O-]->[Zn+2]12(<-[O-]C(C)=O)<-OCCN->1CCO->2,CC(=O)[O-]->[Zn+2]12(<-O=C(C)[O-]->1)<-OCCN->2CCO
VOLFOU,[CH3-]->[Zr+4]123(<-[CH3-])<-[O-]c4c(-c5ccccc5)cccc4-c4ccccc4O->1CCO->2c1ccccc1-c1cccc(-c2ccccc2)c1[O-]->3,C40 H34 O4 Zr1,0.0,[CH3-]->[Zr+4]123(<-[CH3-])<-[O-]c4c(-c5ccccc5)cccc4-c4ccccc4O->1CCO->2c1ccccc1-c1cccc(-c2ccccc2)c1[O-]->3,[CH3-]->[Zr+4]123(<-[CH3-])<-[O-]c4c(-c5ccccc5)cccc4-c4ccccc4O->1CCO->2c1ccccc1-c1cccc(-c2ccccc2)c1[O-]->3,[CH3-]->[Zr+4]123(<-[CH3-])<-[O-]c4c(-c5ccccc5)cccc4-c4ccccc4O->1CCO->2c1ccccc1-c1cccc(-c2ccccc2)c1[O-]->3
VOLWAV,O=C1[O-]->[Zn@TB19+2]23<-[O-]C(=O)c4cccc(CNCCNCc5cccc1n->25)n->34,C16 H16 N4 O4 Zn1,0.0,O=C1[O-]->[Zn+2]2345<-[O-]C(=O)c6cccc(CN->2CCN->3Cc2cccc1n->42)n->56,O=C1[O-]->[Zn+2]2345<-[O-]C(=O)c6cccc(CN->2CCN->3Cc2cccc1n->42)n->56,O=C1[O-]->[Zn+2]2345<-[O-]C(=O)c6cccc(CN->2CCN->3Cc2cccc1n->42)n->56
VOMFEI,CC12C[H]->[Hf+4]<-134567(<-[Br-])(<-[Br-])(<-[CH2-]C->3=2C)<-c1(C)c->4(C)c->5(C)[c-]->6(C)c->71C,C16 H26 Br2 Hf1,0.0,fail,CC1(C)=C2(C)[CH2-]->[Hf+4]<-1<-23456(<-[Br-])(<-[Br-])<-c1(C)c->3(C)c->4(C)[c-]->5(C)c->61C,CC(C)=C(C)[CH2-]->[Hf+4]1234(<-[Br-])(<-[Br-])<-c5(C)c->1(C)c->2(C)[c-]->3(C)c->45C
VONKAM,C1=CN2->[Pd@TB7+2]3(<-[S-]/C(=N\[N-]->3/C=c3/cccc1c3=2)N/N=C/c1cccc2cc[nH]c12)<-P(c1ccccc1)(c1ccccc1)c1ccccc1,C37 H29 N6 P1 Pd1 S1,0.0,C(=NNC1=NN2=Cc3cccc4cc[n-](->[Pd+2]<-2(<-[S-]1)<-P(c1ccccc1)(c1ccccc1)c1ccccc1)c34)c1cccc2cc[nH]c12,C(=NNC1=NN2=Cc3cccc4cc[n-](->[Pd+2]<-2(<-[S-]1)<-P(c1ccccc1)(c1ccccc1)c1ccccc1)c34)c1cccc2cc[nH]c12,C(=NNC1=NN2=Cc3cccc4cc[n-](->[Pd+2]<-2(<-[S-]1)<-P(c1ccccc1)(c1ccccc1)c1ccccc1)c34)c1cccc2cc[nH]c12
VONVAX,CO->[Mo+6]12(<-[O-2])(<-[O-2])<-[O-]c3c(/C=N->1/N=C(/N)[S-]->2)cc(C)cc3/C=N/NC(N)=S,C12 H16 Mo1 N6 O4 S2,0.0,CO->[Mo+6]12(<-[O-2])(<-[O-2])<-[O-]c3c(C=NNC(N)=S)cc(C)cc3C=N->1N=C(N)[S-]->2,CO->[Mo+6]12(<-[O-2])(<-[O-2])<-[O-]c3c(C=NNC(N)=S)cc(C)cc3C=N->1N=C(N)[S-]->2,CO.Cc1cc(C=NNC(N)=S)c2c(c1)C=N1->[Mo+6](<-[O-2])(<-[O-2])(<-[O-]2)<-[S-]C(N)=N1
VOPXUW,,C40 H23 F6 Ir1 N6,0.0,FC(F)(F)c1cc2-c3c4ccccc4cc4-c5cccc[c-]5->[Ir+3]56(<-[c-]7ccccc7-c7cccc(-c8cc(C(F)(F)F)n(-c9ccccc9)n->58)n->67)(<-n43)<-[n-]2n1,FC(F)(F)c1cc2-c3c4ccccc4cc4-c5cccc[c-]5->[Ir+3]56(<-[c-]7ccccc7-c7cccc(-c8cc(C(F)(F)F)n(-c9ccccc9)n->58)n->67)(<-n43)<-[n-]2n1,FC(F)(F)c1cc2-c3c4ccccc4cc4-c5cccc[c-]5->[Ir+3]56(<-[c-]7ccccc7-c7cccc(-c8cc(C(F)(F)F)n(-c9ccccc9)n->58)n->67)(<-n43)<-[n-]2n1
VORZUA,,C18 H22 B1 N6 O2 Se1 W1 1-,-1.0,Cc1cc(C)[n-]2->[W+4]3(<-[C-3][Se-])(<-[C-]#[O+])(<-[C-]#[O+])<-[n-]4c(C)cc(C)[n+]4[BH-]([n+]12)[n+]1c(C)cc(C)[n-]->31,Cc1cc(C)n2->[W]3(<-[C]=[Se])(<-[C-]#[O+])(<-[C-]#[O+])<-n4c(C)cc(C)n4[BH-](n12)n1c(C)cc(C)n->31,Cc1cc(C)n2->[W]3(<-[C]=[Se])(<-[C-]#[O+])(<-[C-]#[O+])<-n4c(C)cc(C)n4[BH-](n12)n1c(C)cc(C)n->31
VOTQOM,CCN(CC)C1=CC2=O->[Mo+4]3(<-[O-2])(<-[O-2])(<-O=C4C=C([N+](=O)[O-])C=C/C4=N->3\C=C/2C=C1)<-O=S(C)C,C19 H23 Mo1 N3 O7 S1,0.0,CCN(CC)c1ccc2C=N3c4ccc([N+](=O)[O-])cc4[O-]->[Mo+6]<-3(<-[O-2])(<-[O-2])(<-O=S(C)C)<-[O-]c2c1,CCN(CC)c1ccc2C=N3c4ccc([N+](=O)[O-])cc4[O-]->[Mo+6]<-3(<-[O-2])(<-[O-2])(<-O=S(C)C)<-[O-]c2c1,CCN(CC)c1ccc2C=N3c4ccc([N+](=O)[O-])cc4[O-]->[Mo+6]<-3(<-[O-2])(<-[O-2])(<-O=S(C)C)<-[O-]c2c1
VOVDUH,C[n+]1nn(-c2ccccc2)[c-](->[Pd+2](<-[Cl-])(<-[Cl-])<-n2cccc(Cl)c2)c1-c1ccccc1,C20 H17 Cl3 N4 Pd1,0.0,C[n+]1nn(-c2ccccc2)[c](->[Pd+](<-[Cl-])(<-[Cl-])<-n2cccc(Cl)c2)c1-c1ccccc1,C[n+]1nn(-c2ccccc2)[c-](->[Pd+2](<-[Cl-])(<-[Cl-])<-n2cccc(Cl)c2)c1-c1ccccc1,C[n+]1nn(-c2ccccc2)[c-](->[Pd+2](<-[Cl-])(<-[Cl-])<-n2cccc(Cl)c2)c1-c1ccccc1
VOVWOS,,C15 H18 Fe1 O3,0.0,CO[C-2]1C2CCCCC2[C-](=O)->[Fe+4]<-12345(<-[C-]#[O+])<-c1c->2c->3[cH-]->4c->51,CO[C]1C2CCCCC2[C-](=O)->[Fe+2]<-12345(<-[C-]#[O+])<-c1c->2c->3[cH-]->4c->51,CO[C]1C2CCCCC2[C-](=O)->[Fe+2]<-12345(<-[C-]#[O+])<-c1c->2c->3[cH-]->4c->51
VOYJEY,CN(C)P(=[O+][Si-](C)(C)->[Cr](<-[C-]#[O+])(<-[C-]#[O+])(<-[C-]#[O+])(<-[C-]#[O+])<-[C-]#[O+])(N(C)C)N(C)C,C13 H24 Cr1 N3 O6 P1 Si1,0.0,CN(C)[P](O[Si-2](C)(C)->[Cr+2](<-[C-]#[O+])(<-[C-]#[O+])(<-[C-]#[O+])(<-[C-]#[O+])<-[C-]#[O+])(N(C)C)N(C)C,CN(C)P(=[O+][Si-](C)(C)->[Cr](<-[C-]#[O+])(<-[C-]#[O+])(<-[C-]#[O+])(<-[C-]#[O+])<-[C-]#[O+])(N(C)C)N(C)C,CN(C)P(=[O+][Si-](C)(C)->[Cr](<-[C-]#[O+])(<-[C-]#[O+])(<-[C-]#[O+])(<-[C-]#[O+])<-[C-]#[O+])(N(C)C)N(C)C
VOZFUN,,C40 H34 Ir1 N5 P1 1+,1.0,Cc1ccn2->[Ir+3]34(<-[c-]5ccccc5-c2c1)(<-[c-]1ccccc1-c1cc(C)ccn->31)<-n1cccnc1NP->4(c1ccccc1)c1ccccc1,Cc1ccn2->[Ir+3]34(<-[c-]5ccccc5-c2c1)(<-[c-]1ccccc1-c1cc(C)ccn->31)<-n1cccnc1NP->4(c1ccccc1)c1ccccc1,Cc1ccn2->[Ir+3]34(<-[c-]5ccccc5-c2c1)(<-[c-]1ccccc1-c1cc(C)ccn->31)<-n1cccnc1NP->4(c1ccccc1)c1ccccc1
VUBXUL,,C32 H32 P2 Ru1,0.0,c1ccc(P2(CCCP(c3ccccc3)(c3ccccc3)->[RuH+]<-23456<-c2c->3c->4[cH-]->5c->62)c2ccccc2)cc1,c1ccc(P2(CCCP(c3ccccc3)(c3ccccc3)->[RuH+]<-23456<-c2c->3c->4[cH-]->5c->62)c2ccccc2)cc1,c1ccc(P2(CCCP(c3ccccc3)(c3ccccc3)->[RuH+]<-23456<-c2c->3c->4[cH-]->5c->62)c2ccccc2)cc1
VUCQIU,C[C@H](c1ccccc1)N1CCCN([C](Nc2ccc(C(F)(F)F)cc2)->[Pd+2](<-[Br-])(<-[Br-])<-[C]1Nc1ccc(C(F)(F)F)cc1)[C@H](C)c1ccccc1,C35 H34 Br2 F6 N4 Pd1,0.0,CC(c1ccccc1)N1CCCN([C](Nc2ccc(C(F)(F)F)cc2)->[Pd+2](<-[Br-])(<-[Br-])<-[C]1Nc1ccc(C(F)(F)F)cc1)C(C)c1ccccc1,CC(c1ccccc1)N1CCCN([C](Nc2ccc(C(F)(F)F)cc2)->[Pd+2](<-[Br-])(<-[Br-])<-[C]1Nc1ccc(C(F)(F)F)cc1)C(C)c1ccccc1,CC(c1ccccc1)N1CCCN([C](Nc2ccc(C(F)(F)F)cc2)->[Pd+2](<-[Br-])(<-[Br-])<-[C]1Nc1ccc(C(F)(F)F)cc1)C(C)c1ccccc1
VUDFIJ,c1ccn(->[Ni+2]2(<-[S-]c3ccccc3[S-]->2)<-n2ccccc2)cc1,C16 H14 N2 Ni1 S2,0.0,c1ccn(->[Ni+2]2(<-[S-]c3ccccc3[S-]->2)<-n2ccccc2)cc1,C1=CC2=S->[Ni](<-S=C2C=C1)(<-n1ccccc1)<-n1ccccc1,C1=CC2=S->[Ni](<-S=C2C=C1)(<-n1ccccc1)<-n1ccccc1
VUDQUH,CO->[Mo+6]12(<-[O-2])(<-[O-2])<-[O-]c3ccccc3/C=N->1/N=C(/SC)[S-]->2,C10 H12 Mo1 N2 O4 S2,0.0,CO->[Mo+6]12(<-[O-2])(<-[O-2])<-[O-]c3ccccc3C=N->1N=C(SC)[S-]->2,C[O-]->[MoH+7]12(<-[O-2])(<-[O-2])<-[O-]c3ccccc3C=N->1N=C(SC)[S-]->2,CO.CSC1=NN2->[Mo+6](<-[O-2])(<-[O-2])(<-[O-]c3ccccc3C=2)<-[S-]1
VUFPIX,,C23 H31 Cl1 Co1 N1 P2,0.0,CP(C)(C)->[CoH+2]1(<-[Cl-])(<-[c-]2ccccc2C=N->1c1cccc2ccccc12)<-P(C)(C)C,CP(C)(C)->[CoH+2]1(<-[Cl-])(<-[c-]2ccccc2C=N->1c1cccc2ccccc12)<-P(C)(C)C,CP(C)(C)->[CoH+2]1(<-[Cl-])(<-[c-]2ccccc2C=N->1c1cccc2ccccc12)<-P(C)(C)C
VUGBIK,,C32 H25 N1 O1 Rh1 S1 1+,1.0,Cc12->[Rh+3]34567(<-[c-]8ccccc8-c8ccccn->38)<-[cH-]1c->41ccccc->51c->62-c1c(S->7(C)=O)ccc2ccccc12,CC12->[Rh+3]34567(<-[c-]8ccccc8-c8ccccn->38)<-C=1c->41ccccc->51C->62=C1C(=S->7(C)[O-])C=Cc2ccccc21,CC12->[Rh+3]34567(<-[c-]8ccccc8-c8ccccn->38)<-C=1c->41ccccc->51C->62=C1C(=S->7(C)[O-])C=Cc2ccccc21
VUGXAX,CCn1ccn2->[Ru+2]345(<-S=C6C=CC=C/C6=N->3\N=c3\n(CC)cc[n-]->43)<-N(=N\c12)/c1ccccc1S->5CC,C24 H27 N8 Ru1 S2 1+,1.0,fail,CCn1cc[n-]2->[Ru+6]345(<-[S-]c6ccccc6[N-]->3N=c12)<-[N-](N=c1n(CC)cc[n-]->41)c1ccccc1S->5CC,CCn1cc[n-]2->[Ru+6]345(<-[S-]c6ccccc6[N-]->3N=c12)<-[N-](N=c1n(CC)cc[n-]->41)c1ccccc1S->5CC
VUHVUQ,,C29 H32 Mo1 O2 Si1,0.0,fail,CC(C)[C-]1=C2=[Si](c3ccccc3)(c3ccccc3)->[Mo+2]<-2<-13456(<-[C-]#[O+])(<-[C-]#[O+])<-c1(C)c->3(C)c->4(C)[c-]->5(C)c->61C,CC(C)[C-]1=C2=[Si](c3ccccc3)(c3ccccc3)->[Mo+2]<-2<-13456(<-[C-]#[O+])(<-[C-]#[O+])<-c1(C)c->3(C)c->4(C)[c-]->5(C)c->61C
VUKFEO,Cc1cc(C)c(CN2C=CN3c4ccc(C(C)(C)C)cc4S(=O)(=O)[O-]->[Pd@+2]4(<-[C]23)<-[c-]2ccccc2CN->4(C)C)c(C)c1,C32 H39 N3 O3 Pd1 S1,0.0,Cc1cc(C)c(CN2C=CN3c4ccc(C(C)(C)C)cc4S(=O)(=O)[O-]->[Pd+2]4(<-[C]23)<-[c-]2ccccc2CN->4(C)C)c(C)c1,Cc1cc(C)c(CN2C=CN3c4ccc(C(C)(C)C)cc4S(=O)(=O)[O-]->[Pd+2]4(<-[C]23)<-[c-]2ccccc2CN->4(C)C)c(C)c1,Cc1cc(C)c(CN2C=CN3c4ccc(C(C)(C)C)cc4S(=O)(=O)[O-]->[Pd+2]4(<-[C]23)<-[c-]2ccccc2CN->4(C)C)c(C)c1
VULGIU,S=[P@@]1(c2ccccc2)c2ccccc2[P@@](=S)(c2ccccc2)[C-]12[S-]->[Zr+4]<-21<-[S-][C-]->12[P@](=S)(c1ccccc1)c1ccccc1[P@@]2(=S)c1ccccc1,C38 H28 P4 S6 Zr1,0.0,c1ccc(P23=S->[Zr+4]45678(<-S=P(c9ccccc9)(c9ccccc92)[C-]->43[S-]->5)<-S=P2(c3ccccc3)c3ccccc3P(=S->6)(c3ccccc3)[C-]->72[S-]->8)cc1,c1ccc(P23=S->[Zr]45678(<-S=C->42P(=S->5)(c2ccccc2)c2ccccc23)<-S=C->62P(=S->7)(c3ccccc3)c3ccccc3P2(=S->8)c2ccccc2)cc1,c1ccc(P234=S->[Zr]<-256789%10%11%12(<-S=C->53P->6(=S->7)(c2ccccc2)c2ccccc24)<-S=C->82P->9(=S->%10)(c3ccccc3)c3ccccc3P->%112(=S->%12)c2ccccc2)cc1
VUMKOF,Cc1cccc(C)c1[O-]->[Ti+4]12345678(<-[Cl-])(<-c9c->1c->2[cH-]->3c->49)<-c1c->5c->6[c-]->7(C(C)(C)P(C2CCCCC2)C2CCCCC2)c->81,C33 H46 Cl1 O1 P1 Ti1,0.0,Cc1cccc(C)c1[O-]->[Ti+4]12345678(<-[Cl-])(<-c9c->1c->2[cH-]->3c->49)<-c1c->5c->6(C(C)(C)P(C2CCCCC2)C2CCCCC2)c->7[cH-]->81,Cc1cccc(C)c1[O-]->[Ti+4]12345678(<-[Cl-])(<-c9c->1c->2[cH-]->3c->49)<-c1c->5c->6[c-]->7(C(C)(C)P(C2CCCCC2)C2CCCCC2)c->81,Cc1cccc(C)c1[O-]->[Ti+4]1234(<-[Cl-])(<-c5ccc[cH-]5)<-c5c->1c->2[c-]->3(C(C)(C)P(C1CCCCC1)C1CCCCC1)c->45
VUPCEO,Cc1cc(C(C)(C)C)n2->[Ni+2]3(<-[N-]=C=S)<-n4c(C(C)(C)C)cc(C)n4[BH-](n12)n1c(C)cc(C(C)(C)C)n->31,C25 H40 B1 N7 Ni1 S1,0.0,Cc1cc(C(C)(C)C)[n-]2->[Ni+2]3(<-[N-]=C=S)<-[n-]4c(C(C)(C)C)cc(C)[n+]4[BH-]([n+]12)[n+]1c(C)cc(C(C)(C)C)[n-]->31,Cc1cc(C(C)(C)C)n2->[Ni+2]3(<-[N-]=C=S)<-n4c(C(C)(C)C)cc(C)n4[BH-](n12)n1c(C)cc(C(C)(C)C)n->31,Cc1cc(C(C)(C)C)n2->[Ni+2]3(<-[N-]=C=S)<-n4c(C(C)(C)C)cc(C)n4[BH-](n12)n1c(C)cc(C(C)(C)C)n->31
VUQPED,,C22 H46 N2 P4 W1,0.0,Cc1cc2ncc3->[WH](<-n3c2cc1C)(<-P(C)(C)C)(<-P(C)(C)C)(<-P(C)(C)C)<-P(C)(C)C,Cc1cc2nc[c-]3->[WH+](<-n3c2cc1C)(<-P(C)(C)C)(<-P(C)(C)C)(<-P(C)(C)C)<-P(C)(C)C,Cc1cc2nc[c-]3->[WH+](<-n3c2cc1C)(<-P(C)(C)C)(<-P(C)(C)C)(<-P(C)(C)C)<-P(C)(C)C
VUTCAQ,,C28 H42 O2 Os1 P2,0.0,CC(C)P1(c2cccc3c2O2->[OsH2]<-1(<-[C-]#[O+])<-P(c1cccc(c12)C3(C)C)(C(C)C)C(C)C)C(C)C,CC(C)P1(c2cccc3c2O2->[OsH2]<-1(<-[C-]#[O+])<-P(c1cccc(c12)C3(C)C)(C(C)C)C(C)C)C(C)C,CC(C)P1(c2cccc3c2O2->[OsH2]<-1(<-[C-]#[O+])<-P(c1cccc(c12)C3(C)C)(C(C)C)C(C)C)C(C)C
VUVHOK,,C35 H37 Ir1 N1 S2 1+,1.0,Cc1ccc(SS(c2ccc(C)cc2)->[Ir+3]23456(<-[c-]7ccccc7-c7ccccn->27)<-c2(C)c->3(C)c->4(C)[c-]->5(C)c->62C)cc1,Cc1ccc(SS(c2ccc(C)cc2)->[Ir+3]23456(<-[c-]7ccccc7-c7ccccn->27)<-c2(C)c->3(C)c->4(C)[c-]->5(C)c->62C)cc1,Cc1ccc(SS(c2ccc(C)cc2)->[Ir+3]23456(<-[c-]7ccccc7-c7ccccn->27)<-c2(C)c->3(C)c->4(C)[c-]->5(C)c->62C)cc1
VUWGEZ,,C4 H4 Cl2 Hg1 N2 O1,0.0,[Cl-]->[Hg+2]1(<-[Cl-])<-O=c2[nH]cccn->12,O=c1nccc[nH]1.[Cl-]->[Hg+2]<-[Cl-],O=c1nccc[nH]1.[Cl-]->[Hg+2]<-[Cl-]
VUXTOZ,[Cl-]->[Zn+2](<-[Cl-])(<-n1ccccc1/N=N/c1ccccc1)<-n1ccccc1/N=N/c1ccccc1,C22 H18 Cl2 N6 Zn1,0.0,[Cl-]->[Zn+2](<-[Cl-])(<-n1ccccc1N=Nc1ccccc1)<-n1ccccc1N=Nc1ccccc1,[Cl-]->[Zn+2](<-[Cl-])(<-n1ccccc1N=Nc1ccccc1)<-n1ccccc1N=Nc1ccccc1,[Cl-]->[Zn+2]12(<-[Cl-])(<-N(=Nc3ccccc3)c3ccccn->13)<-N(=Nc1ccccc1)c1ccccn->21
VUZBAU,,C39 H29 Mo1 O3 P1,0.0,C[P](c1ccccc1)(c1ccccc1)c12->[Mo+]345(<-[C-]#[O+])(<-[C-]#[O+])(<-[C-]#[O+])<-[cH-](c->3(-c3ccccc3)c->41-c1ccccc1)c->52-c1ccccc1,CP(c1ccccc1)(c1ccccc1)=C12->[Mo]345(<-[C-]#[O+])(<-[C-]#[O+])(<-[C-]#[O+])<-C(=C->31c1ccccc1)C->4(c1ccccc1)=C->52c1ccccc1,CP(c1ccccc1)(c1ccccc1)=C12->[Mo]345(<-[C-]#[O+])(<-[C-]#[O+])(<-[C-]#[O+])<-C(=C->31c1ccccc1)C->4(c1ccccc1)=C->52c1ccccc1
WABVUQ,,C32 H47 N3 Ti1,0.0,CC1=CC2(C)CC(c3ccccc3)[N-](C(C)C)->[Ti+4]34567(<-[C-]#[N+]C(C)(C)C)(<-c8c->3c->4[cH-]->5c->68)<-[N-](C(C)(C)C)[C-]->72C1,CC1=CC2(C)CC(c3ccccc3)[N-](C(C)C)->[Ti+2]34567(<-[C-]#[N+]C(C)(C)C)(<-c8c->3c->4[cH-]->5c->68)<-N(C(C)(C)C)=C->72C1,CC1=CC2(C)CC(c3ccccc3)[N-](C(C)C)->[Ti+2]34567(<-[C-]#[N+]C(C)(C)C)(<-c8c->3c->4[cH-]->5c->68)<-N(C(C)(C)C)=C->72C1
WACMIW,,C17 H24 Cu1 I1 N4 1+,1.0,CN12CCCN->[Cu+2]<-13(<-[I-])<-N(=Cc1cc4ccccc4cn->31)CCC2,CN12CCCN->[Cu+3]<-13(<-[I-])<-N(=Cc1[c-]c4ccccc4cn->31)CCC2,CN12CCCN->[Cu+3]<-13(<-[I-])<-N(=Cc1[c-]c4ccccc4cn->31)CCC2
WAFBOU,[H]1c23->[Cr+2]<-145(<-[H]c->41cccc4c1[N-]->5c1ccccc1S4)(<-[N-]1c4ccccc4Sc(ccc2)c31)(<-O1CCCC1)<-O1CCCC1,C32 H32 Cr1 N2 O2 S2,0.0,fail,c1ccc2c(c1)Sc1ccccc1[N-]2->[Cr+2](<-[N-]1c2ccccc2Sc2ccccc21)(<-O1CCCC1)<-O1CCCC1,c1ccc2c(c1)Sc1cccc3->[Cr+2]4(<-c5cccc6c5[N-]->4c4ccccc4S6)(<-[N-]2c13)(<-O1CCCC1)<-O1CCCC1
WAGFOC,FC(F)(Br)C(F)(F)C(F)(F)[C-](F)(F)->[Ag+]<-n1cccc2ccc3cccnc3c21,C16 H8 Ag1 Br1 F8 N2,0.0,FC(F)(Br)C(F)(F)C(F)(F)[C-](F)(F)->[Ag+]1<-n2cccc3ccc4cccn->1c4c32,FC(F)(Br)C(F)(F)C(F)(F)[C-](F)(F)->[Ag+]1<-n2cccc3ccc4cccn->1c4c32,FC(F)(Br)C(F)(F)C(F)(F)[C-](F)(F)->[Ag+]1<-n2cccc3ccc4cccn->1c4c32
WAHBUE,CC1/C=C(\[O-]->[Pd@+2]2(<-[S-]/C(=N\N->2=1)SCc1ccccc1)<-P(c1ccccc1)(c1ccccc1)c1ccccc1)c1ccccc1,C36 H31 N2 O1 P1 Pd1 S2,0.0,CC1C=C([O-]->[Pd+2]2(<-[S-]C(=NN->2=1)SCc1ccccc1)<-P(c1ccccc1)(c1ccccc1)c1ccccc1)c1ccccc1,CC1C=C([O-]->[Pd+2]2(<-[S-]C(=NN->2=1)SCc1ccccc1)<-P(c1ccccc1)(c1ccccc1)c1ccccc1)c1ccccc1,CC1C=C([O-]->[Pd+2]2(<-[S-]C(=NN->2=1)SCc1ccccc1)<-P(c1ccccc1)(c1ccccc1)c1ccccc1)c1ccccc1
WAHSUW,CC1=O->[Ru+2]23(<-[O-]1)(<-n1ccccc1CP->2(c1ccccc1)c1ccccc1)<-n1ccccc1CP->3(c1ccccc1)c1ccccc1,C38 H35 N2 O2 P2 Ru1 1+,1.0,fail,CC12=O->[Ru+2]<-134(<-[O-]2)(<-n1ccccc1CP->3(c1ccccc1)c1ccccc1)<-n1ccccc1CP->4(c1ccccc1)c1ccccc1,CC12=O->[Ru+2]<-134(<-[O-]2)(<-n1ccccc1CP->3(c1ccccc1)c1ccccc1)<-n1ccccc1CP->4(c1ccccc1)c1ccccc1
WAJNAW,CC(=O)[S-]->[Zn+2]12<-n3c(-c4ccccc4)ccn3[BH-](n3ccc(-c4ccccc4)n->13)n1ccc(-c3ccccc3)n->21,C29 H25 B1 N6 O1 S1 Zn1,0.0,CC(=O)[S-]->[Zn+2]12<-[n-]3c(-c4ccccc4)cc[n+]3[BH-]([n+]3ccc(-c4ccccc4)[n-]->13)[n+]1ccc(-c3ccccc3)[n-]->21,CC(=O)[S-]->[Zn+2]12<-n3c(-c4ccccc4)ccn3[BH-](n3ccc(-c4ccccc4)n->13)n1ccc(-c3ccccc3)n->21,CC1[O-]->[Zn+2]23(<-S=1)<-n1c(-c4ccccc4)ccn1[BH-](n1ccc(-c4ccccc4)n->21)n1ccc(-c2ccccc2)n->31
WALMUU,COc1ccc(/C2=N/N3=C/c4cc(F)ccc4[O-]->[V+5]<-34(<-[O-2])(<-[O-]2)<-[O-]c2cccc3cccn->4c23)cc1,C24 H17 F1 N3 O5 V1,0.0,COc1ccc(C2=NN3=Cc4cc(F)ccc4[O-]->[V+5]<-34(<-[O-2])(<-[O-]2)<-[O-]c2cccc3cccn->4c23)cc1,COc1ccc(C2=NN3=Cc4cc(F)ccc4[O-]->[V+5]<-34(<-[O-2])(<-[O-]2)<-[O-]c2cccc3cccn->4c23)cc1,COc1ccc(C2=NN3=Cc4cc(F)ccc4[O-]->[V+5]<-34(<-[O-2])(<-[O-]2)<-[O-]c2cccc3cccn->4c23)cc1
WAMVUD,C/C1=N(\C(C)C)->[Ti+4]23456(<-[NH-]N->2(C)C)(<-[N-]1C(C)C)<-c1(C)c->3(C)c->4(C)[c-]->5(C)c->61C,C20 H39 N4 Ti1 1+,1.0,CC1=N(C(C)C)->[Ti+4]23456(<-[NH-]N->2(C)C)(<-[N-]1C(C)C)<-c1(C)c->3(C)c->4(C)[c-]->5(C)c->61C,CC1=N(C(C)C)->[Ti+4]23456(<-[NH-]N->2(C)C)(<-[N-]1C(C)C)<-c1(C)c->3(C)c->4(C)[c-]->5(C)c->61C,CC1=N(C(C)C)->[Ti+4]23456(<-[NH-]N->2(C)C)(<-[N-]1C(C)C)<-c1(C)c->3(C)c->4(C)[c-]->5(C)c->61C
WANZAM,[CH-]=[C-]C[PH2+](Oc1c(C(C)(C)C)cc(C(C)(C)C)cc1C1(C)CC1)->[Mo+2]1234(<-[C-]#[O+])(<-[C-]#[O+])<-c5c->1c->2[cH-]->3c->45,C28 H37 Mo1 O3 P1,0.0,C#CC[P-2](Oc1c(C(C)(C)C)cc(C(C)(C)C)cc1C(C)(C)C)->[Mo+3]1234(<-[C-]#[O+])(<-[C-]#[O+])<-c5c->1c->2[cH-]->3c->45,[CH]C(C)(C)c1cc(C(C)(C)C)cc(C(C)(C)C)c1O[P-](C[C-]=[CH-])->[Mo+4]1234(<-[C-]#[O+])(<-[C-]#[O+])<-c5c->1c->2[cH-]->3c->45,C#CC[PH2+](Oc1c(C(C)(C)C)cc(C(C)(C)C)cc1C1(C)CC1)->[Mo]1234(<-[C-]#[O+])(<-[C-]#[O+])<-c5c->1c->2[cH-]->3c->45
WAPKOQ,ClC#Cc1c(/C=C/c2cc(Cl)cc3-c4oc5ccccc5n4->[Zn+2](<-[Cl-])<-[O-]c23)n(Cc2ccccc2)c2ccccc12,C32 H25 Cl3 N2 O2 Zn1,0.0,CC1(C)C(C=Cc2cc(Cl)cc3-c4oc5ccccc5n4->[Zn+2](<-[Cl-])(<-[Cl-])<-[O-]c23)=[N+](Cc2ccccc2)c2ccccc21,[C-3]C1([C-3])C(=CC=C2C=C(Cl)C=C3c4oc5ccccc5n4->[Zn+8](<-[Cl-])(<-[Cl-])<-O=C23)N(Cc2ccccc2)c2ccccc21,ClC#Cc1c(C=Cc2cc(Cl)cc3-c4oc5ccccc5n4->[Zn+2](<-[Cl-])<-[O-]c23)n(Cc2ccccc2)c2ccccc12
WAQDAV,O=[N+]([O-])[O-]->[Zn+2]12(<-O=C(O)c3ccccn->13)<-N(/O)=C\c1ccccn->21,C12 H11 N4 O6 Zn1 1+,1.0,O=[N+]1[O-]->[Zn+2]23(<-O=C(O)c4ccccn->24)(<-[O-]1)<-N(O)=Cc1ccccn->31,O=[N+]([O-])[O-]->[Zn+2]12(<-O=C(O)c3ccccn->13)<-N(O)=Cc1ccccn->21,O=[N+]12[O-]->[Zn+2]<-134(<-O=C(O)c1ccccn->31)(<-[O-]2)<-N(O)=Cc1ccccn->41
WAQXAP,,C27 H48 B1 F3 N1 O1 P2 Rh1 S1,0.0,CS1c2ccccc2[C-](=O)->[RhH+2]<-12(<-N#CC[B-](F)(F)F)<-P(CP->2(C(C)(C)C)C(C)(C)C)(C(C)(C)C)C(C)(C)C,CS1c2ccccc2[C-](=O)->[RhH+2]<-12(<-N#CC[B-](F)(F)F)<-P(CP->2(C(C)(C)C)C(C)(C)C)(C(C)(C)C)C(C)(C)C,CS1c2ccccc2[C-](=O)->[RhH+2]<-12(<-N#CC[B-](F)(F)F)<-P(CP->2(C(C)(C)C)C(C)(C)C)(C(C)(C)C)C(C)(C)C
WARVAM,[O+]#[C-]->[Cr+2]12345(<-[C-]#[O+])(<-[C-]#[O+])<-C6=C->1[CH-]->2c->31cscc->41[CH-]->56,C11 H6 Cr1 O3 S1,0.0,[O+]#[C-]->[Cr]12345(<-[C-]#[O+])(<-[C-]#[O+])<-c6c->1c->2c->31cscc->41c->56,[O+]#[C-]->[Cr]12345(<-[C-]#[O+])(<-[C-]#[O+])<-c6c->1c->2c->31cscc->41c->56,[O+]#[C-]->[Cr]12345(<-[C-]#[O+])(<-[C-]#[O+])<-c6c->1c->2c->31cscc->41c->56
WATDUQ,Cn1ccn2->[Zn+2]3(<-[Cl-])<-N4CCN(Cc12)CCN->3CC4,C11 H21 Cl1 N5 Zn1 1+,1.0,Cn1ccn2->[Zn+2]34(<-[Cl-])<-N5CCN->3CCN->4(Cc12)CC5,Cn1ccn2->[Zn+2]34(<-[Cl-])<-N5CCN->3CCN->4(Cc12)CC5,Cn1ccn2->[Zn+2]34(<-[Cl-])<-N5CCN->3CCN->4(Cc12)CC5
WATXEW,CC(C)c12->[Ru+2]34567(<-[Cl-])(<-[c-]8c(-c9ccccn->39)[n+](C)nn8C)<-c(c->41)c->5(C)c->6c->72,C19 H24 Cl1 N4 Ru1 1+,1.0,CC(C)c12->[Ru+]34567(<-[Cl-])(<-[c]8c(-c9ccccn->39)[n+](C)nn8C)<-c(c->41)c->5(C)c->6c->72,CC(C)c12->[Ru+2]34567(<-[Cl-])(<-[c-]8c(-c9ccccn->39)[n+](C)nn8C)<-c(c->41)c->5(C)c->6c->72,CC(C)c12->[Ru+2]34567(<-[Cl-])(<-[c-]8c(-c9ccccn->39)[n+](C)nn8C)<-c(c->41)c->5(C)c->6c->72
WAVYAW,CCP(CC)(CC)->[Pt+2](<-[c-]1cnnn1Cc1ccccc1)(<-[c-]1cnnn1Cc1ccccc1)<-P(CC)(CC)CC,C30 H46 N6 P2 Pt1,0.0,CCP(CC)(CC)->[Pt](<-[c]1cnnn1Cc1ccccc1)(<-[c]1cnnn1Cc1ccccc1)<-P(CC)(CC)CC,CCP(CC)(CC)->[Pt+2](<-[c-]1cnnn1Cc1ccccc1)(<-[c-]1cnnn1Cc1ccccc1)<-P(CC)(CC)CC,CCP(CC)(CC)->[Pt+2](<-[c-]1cnnn1Cc1ccccc1)(<-[c-]1cnnn1Cc1ccccc1)<-P(CC)(CC)CC
WAWKOV,[O-2]->[V+5]12(<-[O-2])<-S=C(N=N->1/C(=C1/C=CC=C[N-]->21)c1ccccn1)N1CCCC1,C16 H16 N5 O2 S1 V1,0.0,[O-2]->[V+5]12(<-[O-2])<-[S-]C(=NN->1=C(c1ccccn1)c1ccccn->21)N1CCCC1,[O-2]->[V+5]12(<-[O-2])<-S=C(N=N->1C(=C1C=CC=C[N-]->21)c1ccccn1)N1CCCC1,[O-2]->[V+5]12(<-[O-2])<-S=C(N=N->1C(=C1C=CC=C[N-]->21)c1ccccn1)N1CCCC1
WAXGIN,CCNC1=S->[Co+3]234(<-S=C(NCC)[N-]->2/N=C\c2cc(C)[nH]n->32)<-n2[nH]c(C)cc2/C=N\[N-]->41,C16 H24 Co1 N10 S2 1+,1.0,CCNC1=NN2=Cc3cc(C)[nH]n3->[Co+3]<-234(<-[S-]1)<-[S-]C(=NN->3=Cc1cc(C)[nH]n->41)NCC,CCNC1N=N2C=C3C=C(C)N[N-]3->[Co+3]<-234(<-S=1)<-S=C(N=N->3C=C1C=C(C)N[N-]->41)NCC,CCNC1N=N2C=C3C=C(C)N[N-]3->[Co+3]<-234(<-S=1)<-S=C(N=N->3C=C1C=C(C)N[N-]->41)NCC
WAYJEO,CC(C)[N-](C(C)C)->[Cr+6](<-[N-3])(<-[N-](C(C)C)C(C)C)<-[n-]1cccc1-c1cc(C(F)(F)F)cc(C(F)(F)F)c1,C24 H34 Cr1 F6 N4,0.0,CC(C)[N-](C(C)C)->[Cr+6](<-[N-3])(<-[N-](C(C)C)C(C)C)<-[n-]1cccc1-c1cc(C(F)(F)F)cc(C(F)(F)F)c1,CC(C)[N-](C(C)C)->[Cr+6](<-[N-3])(<-[N-](C(C)C)C(C)C)<-[n-]1cccc1-c1cc(C(F)(F)F)cc(C(F)(F)F)c1,CC(C)[N-](C(C)C)->[Cr+4]1(<-[N-2]C2C(C(F)(F)F)=CC(C(F)(F)F)=CC2=C2C=CC=N->12)<-[N-](C(C)C)C(C)C
WAZDEI,C/C1=C2\N=c3ccccc3=N2->[Co@OH2+3]234(<-[O-]/C(=N\N->2=C(/C)c2[nH]c5ccccc5n->32)c2ccccc2)<-[O-]/C(=N\[N-]->41)c1ccccc1,C32 H25 Co1 N8 O2,0.0,CC1c2[nH]c3ccccc3n2->[Co+3]234(<-[O-]C(=NN->2=1)c1ccccc1)<-[O-]C(=NN->3=C(C)c1nc2ccccc2[n-]->41)c1ccccc1,CC1=C2N=c3ccccc3=N2->[Co+3]234(<-[O-]C(=NN->2=C(C)c2[nH]c5ccccc5n->32)c2ccccc2)<-[O-]C(=N[N-]->41)c1ccccc1,CC1=C2N=c3ccccc3=N2->[Co+3]234(<-[O-]C(=NN->2=C(C)c2[nH]c5ccccc5n->32)c2ccccc2)<-[O-]C(=N[N-]->41)c1ccccc1
WECKUK,CC#N->[Re+7](<-[O-2])(<-[O-2])(<-[O-2])(<-N#CC)<-[O-]C(=O)C(F)(F)F,C6 H6 F3 N2 O5 Re1,0.0,CC#N->[Re+7](<-[O-2])(<-[O-2])(<-[O-2])(<-N#CC)<-[O-]C(=O)C(F)(F)F,CC#N->[Re+7](<-[O-2])(<-[O-2])(<-[O-2])(<-N#CC)<-[O-]C(=O)C(F)(F)F,CC#N->[Re+7](<-[O-2])(<-[O-2])(<-[O-2])(<-N#CC)<-[O-]C(=O)C(F)(F)F
WECWOQ,CC(C)N(/[B-]1=N(\c2ccccc2)->[Ti+4]2345(<-c6c->2c->3[c-]->41c->56)(<-[N-](C)C)<-[N-](C)C)C(C)C,C21 H35 B1 N4 Ti1,0.0,fail,CC(C)N([B-]1=N(c2ccccc2)->[Ti+4]2345(<-c6c->2[cH-]->3c->41c->56)(<-[N-](C)C)<-[N-](C)C)C(C)C,CC(C)N([B-]1=N(c2ccccc2)->[Ti+4]2345(<-c6c->2[cH-]->3c->41c->56)(<-[N-](C)C)<-[N-](C)C)C(C)C
WEDVAF,,C33 H37 N2 Y1,0.0,Cc1cc(C)c(N2C=CN3c4c(C)cc(C)cc4[CH2-]->[Y+3]456789%10%11(<-[C]23)(<-c2c->4[cH-]->5c->6(C)c->72)<-c2c->8c->9(C)c->%10[cH-]->%112)c(C)c1,Cc1cc(C)c(-[n+]2ccn3-c4c(C)cc(C)cc4[CH2-]->[Y+3]456789%10%11(<-[c-]32)(<-c2c->4c->5[c-]->6(C)c->72)<-c2c->8c->9[c-]->%10(C)c->%112)c(C)c1,Cc1cc(C)c(-[n+]2ccn3-c4c(C)cc(C)cc4[CH2-]->[Y+3]456789(<-[c-]32)(<-c2c->4c->5[c-]->6(C)c->72)<-c2cc(C)c->8[cH-]->92)c(C)c1
WEFNIE,,C26 H24 Mo1 N4 O3,0.0,Cc1cc(C)n2->[Mo]34(<-[C-]#[O+])(<-[C-]#[O+])(<-[C-]#[O+])<-c5ccccc->35C(c3ccccc3)(n12)n1c(C)cc(C)n->41,Cc1cc(C)n2->[Mo]34(<-[C-]#[O+])(<-[C-]#[O+])(<-[C-]#[O+])<-c5ccccc->35C(c3ccccc3)(n12)n1c(C)cc(C)n->41,Cc1cc(C)n2->[Mo]34(<-[C-]#[O+])(<-[C-]#[O+])(<-[C-]#[O+])<-c5ccccc->35C(c3ccccc3)(n12)n1c(C)cc(C)n->41
WEHFOE,C[Si](C)(C)C1(=C2C=CC=C[N-]2->[Ni+2]<-12345<-c1c->2c->3[cH-]->4c->51)[Si](C)(C)C,C17 H27 N1 Ni1 Si2,0.0,C[Si](C)(C)[C-]1(c2ccccn2->[Ni+2]<-12345<-c1c->2c->3[cH-]->4c->51)[Si](C)(C)C,C[Si](C)(C)C1(=C2C=CC=C[N-]2->[Ni+2]<-12345<-c1c->2c->3[cH-]->4c->51)[Si](C)(C)C,C[Si](C)(C)C1(=C2C=CC=C[N-]2->[Ni+2]<-12345<-c1c->2c->3[cH-]->4c->51)[Si](C)(C)C
WEHRUZ,CO->[Mo+6]12(<-[O-2])(<-[O-2])<-[O-]c3cc(O)ccc3/C=N->1/N=c1/sc(N(C)c3ccccc3)n[n-]->21,C17 H17 Mo1 N5 O5 S1,0.0,CO->[Mo+6]12(<-[O-2])(<-[O-2])<-[O-]c3cc(O)ccc3C=N->1N=c1sc(N(C)c3ccccc3)n[n-]->21,CO->[Mo+6]12(<-[O-2])(<-[O-2])<-[O-]c3cc(O)ccc3C=N->1N=c1sc(N(C)c3ccccc3)n[n-]->21,CN(c1ccccc1)c1n[n-]2->[Mo+6]3(<-[O-2])(<-[O-2])<-[O-]c4cc(O)ccc4C=N->3N=c2s1.CO
WEJFUO,Cc1cc(C)c(N2C3=C(C(=O)c4ccccc4C3=O)N(c3c(C)cc(C)cc3C)[C]2->[Cr](<-[C-]#[O+])(<-[C-]#[O+])(<-[C-]#[O+])(<-[C-]#[O+])<-[C-]#[O+])c(C)c1,C34 H26 Cr1 N2 O7,0.0,Cc1cc(C)c(N2C3=C(C(=O)c4ccccc4C3=O)N(c3c(C)cc(C)cc3C)[C]2->[Cr](<-[C-]#[O+])(<-[C-]#[O+])(<-[C-]#[O+])(<-[C-]#[O+])<-[C-]#[O+])c(C)c1,Cc1cc(C)c(N2c3c(c([O-])c4ccccc4c3[O-])N(c3c(C)cc(C)cc3C)[C]2->[Cr+2](<-[C-]#[O+])(<-[C-]#[O+])(<-[C-]#[O+])(<-[C-]#[O+])<-[C-]#[O+])c(C)c1,Cc1cc(C)c(N2c3c(c([O-])c4ccccc4c3[O-])N(c3c(C)cc(C)cc3C)[C]2->[Cr+2](<-[C-]#[O+])(<-[C-]#[O+])(<-[C-]#[O+])(<-[C-]#[O+])<-[C-]#[O+])c(C)c1
WEKREJ,Cc12->[Re+5]3456(<-[O-2])(<-[Se-][Se][Se][Se-]->3)<-c1(C)c->4(C)[c-]->5(C)c->62C,C10 H15 O1 Re1 Se4,0.0,Cc12->[Re+5]3456(<-[O-2])(<-[Se-][Se][Se][Se-]->3)<-c1(C)c->4(C)[c-]->5(C)c->62C,Cc12->[Re+5]3456(<-[O-2])(<-[Se-][Se][Se][Se-]->3)<-c1(C)c->4(C)[c-]->5(C)c->62C,Cc12->[Re+5]3456(<-[O-2])(<-[Se-][Se][Se][Se-]->3)<-c1(C)c->4(C)[c-]->5(C)c->62C
WELFUR,CCN(CC)C1/N=N(/c2ccccc2)->[Cu+]2(<-S=1)<-S=C(/N=N->2/c1ccccc1)N(CC)CC,C22 H30 Cu1 N6 S2 1+,1.0,CCN(CC)C1N=N(c2ccccc2)->[Cu+]2(<-S=1)<-S=C(N=N->2c1ccccc1)N(CC)CC,CCN(CC)C1=N[N-](c2ccccc2)->[Cu+5]2(<-[S-]1)<-[S-]C(=N[N-]->2c1ccccc1)N(CC)CC,CCN(CC)C1=N[N-](c2ccccc2)->[Cu+5]2(<-[S-]1)<-[S-]C(=N[N-]->2c1ccccc1)N(CC)CC
WELRAH,c1ccc2[S-]->[Ni@SP2+2]34<-[S-]c5ccccc5CN->3CCNCCN->4Cc2c1,C18 H23 N3 Ni1 S2,0.0,c1ccc2[S-]->[Ni+2]345<-[S-]c6ccccc6CN->3CCN->4CCN->5Cc2c1,c1ccc2[S-]->[Ni+2]345<-[S-]c6ccccc6CN->3CCN->4CCN->5Cc2c1,c1ccc2[S-]->[Ni+2]345<-[S-]c6ccccc6CN->3CCN->4CCN->5Cc2c1
WEMREL,,C6 H20 Co1 N6 O4 1+,1.0,CN1CCN->[Co-]<-12(<-NCCN->2C)(<-[N+](=O)=O)<-[N+](=O)=O,CN1CCN->[Co+3]<-12(<-NCCN->2C)(<-N(=O)[O-])<-N(=O)[O-],CN1CCN->[Co+3]<-12(<-NCCN->2C)(<-N(=O)[O-])<-N(=O)[O-]
WENDAV,CN12->[Ti+4]3(<-[Cl-])(<-[Cl-])(<-[N-2]c4c(F)c(F)c(F)c(F)c4F)<-N(C)(CC1)CCN->3(C)CC2,C15 H21 Cl2 F5 N4 Ti1,0.0,CN12->[Ti+4]3(<-[Cl-])(<-[Cl-])(<-[N-2]c4c(F)c(F)c(F)c(F)c4F)<-N(C)(CC1)CCN->3(C)CC2,CN12->[Ti+4]3(<-[Cl-])(<-[Cl-])(<-[N-2]c4c(F)c(F)c(F)c(F)c4F)<-N(C)(CC1)CCN->3(C)CC2,CN12->[Ti+4]3(<-[Cl-])(<-[Cl-])(<-[N-2]c4c(F)c(F)c(F)c(F)c4F)<-N(C)(CC1)CCN->3(C)CC2
WENVUI,[Br-]->[Fe+2]1234(<-[Br-])<-n5c(-c6ccccc6)cccc5-c->15cccc->2(-c1cccc(-c2ccccc2)n->31)n->45,C27 H19 Br2 Fe1 N3,0.0,[Br-]->[Fe+2]12(<-[Br-])<-n3c(-c4ccccc4)cccc3-c3cccc(-c4cccc(-c5ccccc5)n->14)n->23,[Br-]->[Fe+2]12(<-[Br-])<-n3c(-c4ccccc4)cccc3-c3cccc(-c4cccc(-c5ccccc5)n->14)n->23,[Br-]->[Fe+2]12(<-[Br-])<-n3c(-c4ccccc4)cccc3-c3cccc(-c4cccc(-c5ccccc5)n->14)n->23
WEPGIJ,,C21 H20 Cl1 N4 O3 Re1 S8,0.0,CSC1=C2Sc3c(C)[nH]n(->[Re+](<-[Cl-])(<-[C-]#[O+])(<-[C-]#[O+])(<-[C-]#[O+])<-n4[nH]c(C)c(SC5=C(SC)SC(=C(S1)S2)S5)c4C)c3C,,
WEPMOV,Cc1cc(C)c(-c2ccccc2[N-2]->[Mo+6]2345(<-[CH]C(C)(C)[C-]6[CH-][CH+][CH+][CH-][CH-]6)(<-c6c->2c->3(C)[n-]->4c->56C)<-[n-]2c(C)ccc2C)c(C)c1,C37 H43 Mo1 N3,0.0,Cc1cc(C)c(-c2ccccc2[N-2]->[Mo+6]2345(<-[CH-2]C(C)(C)c6ccccc6)(<-c6[cH-]->2c->3(C)n->4c->56C)<-[n-]2c(C)ccc2C)c(C)c1,Cc1cc(C)c(-c2ccccc2[N-2]->[Mo+4]2345(<-[CH]C(C)(C)c6ccccc6)(<-c6c->2c->3(C)[n-]->4c->56C)<-[n-]2c(C)ccc2C)c(C)c1,Cc1cc(C)c(-c2ccccc2[N-2]->[Mo+4]2345(<-[CH]C(C)(C)c6ccccc6)(<-c6c->2c->3(C)[n-]->4c->56C)<-[n-]2c(C)ccc2C)c(C)c1
WEQCIE,c1ccc(-[b-]23->[Sc+3]4567(<-[c-]8ccccc8)(<-[c-]8ccccc8)(<-c(c->4c->52)c->6c->73)<-O2CCCC2)cc1,C27 H28 B1 O1 Sc1,0.0,fail,c1ccc(-[b-]23->[Sc+3]4567(<-[c-]8ccccc8)(<-[c-]8ccccc8)(<-c(c->4c->52)c->6c->73)<-O2CCCC2)cc1,c1ccc(-[b-]23->[Sc+3]4567(<-[c-]8ccccc8)(<-[c-]8ccccc8)(<-c(c->4c->52)c->6c->73)<-O2CCCC2)cc1
WEQTIW,Cc1cc2/C=N(/C)->[Co+3]34(<-[O-]c2c(C(C)(C)C)c1)(<-[O-]c1c([CH-]->3N->4C)cc(C)cc1C(C)(C)C)<-P(C)(C)C,C29 H46 Co1 N2 O2 P1,0.0,Cc1cc2C=N(C)->[Co+]34(<-[O-]c2c(C(C)(C)C)c1)(<-[O-]c1c(C->3=[NH+]->4C)cc(C)cc1C(C)(C)C)<-P(C)(C)C,CC1=CC2=C3N(C)->[Co+]<-34(<-O=C2C(C(C)(C)C)=C1)(<-[O-]c1c(C=N->4C)cc(C)cc1C(C)(C)C)<-P(C)(C)C,CC1=CC2=C3N(C)->[Co+]<-34(<-O=C2C(C(C)(C)C)=C1)(<-[O-]c1c(C=N->4C)cc(C)cc1C(C)(C)C)<-P(C)(C)C
WESPEP,CC(C)c1cc(C(C)C)n2->[Cd+2]3(<-[I-])<-n4c(C(C)C)cc(C(C)C)n4[BH-](n12)n1c(C(C)C)cc(C(C)C)n->31,C27 H46 B1 Cd1 I1 N6,0.0,CC(C)c1cc(C(C)C)[n-]2->[Cd+2]3(<-[I-])<-[n-]4c(C(C)C)cc(C(C)C)[n+]4[BH-]([n+]12)[n+]1c(C(C)C)cc(C(C)C)[n-]->31,CC(C)c1cc(C(C)C)n2->[Cd+2]3(<-[I-])<-n4c(C(C)C)cc(C(C)C)n4[BH-](n12)n1c(C(C)C)cc(C(C)C)n->31,CC(C)c1cc(C(C)C)n2->[Cd+2]3(<-[I-])<-n4c(C(C)C)cc(C(C)C)n4[BH-](n12)n1c(C(C)C)cc(C(C)C)n->31
WETHOT,Cc1cc(C)c(N2[C](->[Rh+]345(<-[Cl-])<-C6=C->3/CC/C->4=C->5/C=C\6)N(c3c(C)cc(C)cc3C)[C@H]3c4cccc5cccc(c45)[C@H]32)c(C)c1,C39 H42 Cl1 N2 Rh1,0.0,Cc1cc(C)c(N2[C](->[Rh+]345(<-[Cl-])<-C6=C->3CCC->4=C->5CC6)N(c3c(C)cc(C)cc3C)C3c4cccc5cccc(c45)C32)c(C)c1,Cc1cc(C)c(N2[C](->[Rh+]345(<-[Cl-])<-C6=C->3CCC->4=C->5C=C6)N(c3c(C)cc(C)cc3C)C3c4cccc5cccc(c45)C32)c(C)c1,Cc1cc(C)c(N2[C](->[Rh+]345(<-[Cl-])<-C6=C->3CCC->4=C->5C=C6)N(c3c(C)cc(C)cc3C)C3c4cccc5cccc(c45)C32)c(C)c1
WEVCEG,,C30 H19 N3 O3 Ru1,0.0,O=C1c2c(n3c4ccccc4[c-]4->[Ru+2]5678(<-[C-]#[O+])(<-c9c->5c->6[cH-]->7c->89)<-n5cccc2c5c43)C(=O)N1Cc1ccccc1,O=c1c2c3[cH-]cc[n-]4->[Ru+4]5678(<-[C-]#[O+])(<-[c-]9c%10ccccc%10n(c2c(=O)n1Cc1ccccc1)c9c34)<-c1c->5c->6[cH-]->7c->81,O=c1c2c3[cH-]cc[n-]4->[Ru+4]5678(<-[C-]#[O+])(<-[c-]9c%10ccccc%10n(c2c(=O)n1Cc1ccccc1)c9c34)<-c1c->5c->6[cH-]->7c->81
WEWZUT,,C28 H20 Hg1 N6 S4,0.0,N#C[S-]->[Hg+2]1234(<-[S-]C#N)<-N5=Cc6cccc(n->16)C=N->2c1ccccc1S->3Cc1cccc(n1)CS->4c1ccccc15,C1=Nc2ccccc2SCc2cccc(n2)CSc2ccccc2N=Cc2cccc1n2.N#C[S-]->[Hg+2]<-[S-]C#N,C1=Nc2ccccc2SCc2cccc(n2)CSc2ccccc2N=Cc2cccc1n2.N#C[S-]->[Hg+2]<-[S-]C#N
WEYGEO,CCCOCN1C=CN(C)[C]1->[Pd+2](<-[Cl-])(<-[Cl-])<-[C]1N(C)C=CN1COCCC,C16 H28 Cl2 N4 O2 Pd1,0.0,CCCOCN1C=CN(C)[C]1->[Pd+2](<-[Cl-])(<-[Cl-])<-[C]1N(C)C=CN1COCCC,CCCOCN1C=CN(C)[C]1->[Pd+2](<-[Cl-])(<-[Cl-])<-[C]1N(C)C=CN1COCCC,CCCOCN1C=CN(C)[C]1->[Pd+2](<-[Cl-])(<-[Cl-])<-[C]1N(C)C=CN1COCCC
WEZGUG,,C33 H19 F9 Ir1 N5,0.0,FC(F)(F)c1ccc2-c3ccccn3->[Ir+3]34(<-[c-]2c1)(<-[c-]1cc(C(F)(F)F)ccc1-c1ccccn->31)<-n1ccccc1-c1cc(C(F)(F)F)n[n-]->41,FC(F)(F)C1=CC2=C3C=CC=C[N-]3->[Ir+3]34(<-[c-]5cc(C(F)(F)F)ccc5-c5ccccn->35)(<-[c-]3cc(C(F)(F)F)ccc3-c3ccccn->43)<-N2=N1,FC(F)(F)C1=CC2=C3C=CC=C[N-]3->[Ir+3]34(<-[c-]5cc(C(F)(F)F)ccc5-c5ccccn->35)(<-[c-]3cc(C(F)(F)F)ccc3-c3ccccn->43)<-N2=N1
WIBNON,,C30 H44 N2 O1 Pd1 Si2,0.0,Cc1cc(C)c(-n2c(C)[n+](-c3c(C)cc(C)cc3C)c[c]2->[Pd-]234<-C=C->2[Si](C)(C)[O+][Si](C)(C)C->3=C->4)c(C)c1,Cc1cc(C)c(-n2c[c-](->[Pd]345<-C=C->3[Si](C)(C)O[Si](C)(C)C->4=C->5)[n+](-c3c(C)cc(C)cc3C)c2C)c(C)c1,Cc1cc(C)c(-n2c[c-](->[Pd]345<-C=C->3[Si](C)(C)O[Si](C)(C)C->4=C->5)[n+](-c3c(C)cc(C)cc3C)c2C)c(C)c1
WICQOQ,CC1=N2->[Ni@SP3]34<-N(=c5ccc([N+](=O)[O-])cc5=N->3/C(c3ccccc3)=C\C(C)=N->4/CCC\2)/C(c2ccccc2)=C\1,C29 H27 N5 Ni1 O2,0.0,CC1=N2->[Ni+2]34<-N(=C(C)C=C(c5ccccc5)[N-]->3c3cc([N+](=O)[O-])ccc3[N-]->4C(c3ccccc3)=C1)CCC2,CC1=N2->[Ni]34<-N(=C(C)C=C(c5ccccc5)N->3=c3cc([N+](=O)[O-])ccc3=N->4C(c3ccccc3)=C1)CCC2,CC1=N2->[Ni]34<-N(=C(C)C=C(c5ccccc5)N->3=c3cc([N+](=O)[O-])ccc3=N->4C(c3ccccc3)=C1)CCC2
WICZIT,COc1ccccc1[C@H](c1ccccc1)[c-]12->[Ti+4]3456789(<-[Cl-])(<-[Cl-])(<-c(c->3c->41)c->52)<-c1c->6c->7[c-]->8([C@@H](c2ccccc2)c2ccccc2OC)c->91,C38 H34 Cl2 O2 Ti1,0.0,COc1ccccc1C(c1ccccc1)c12->[Ti+4]3456789(<-[Cl-])(<-[Cl-])(<-c%10c->3[cH-]->4c->5(C(c3ccccc3)c3ccccc3OC)c->6%10)<-c(c->71)[cH-]->8c->92,COc1ccccc1C(c1ccccc1)[c-]12->[Ti+4]3456789(<-[Cl-])(<-[Cl-])(<-c(c->3c->41)c->52)<-c1c->6c->7[c-]->8(C(c2ccccc2)c2ccccc2OC)c->91,COc1ccccc1C(c1ccccc1)[c-]12->[Ti+4]3456789(<-[Cl-])(<-[Cl-])(<-c(c->3c->41)c->52)<-c1c->6c->7[c-]->8(C(c2ccccc2)c2ccccc2OC)c->91
WIDNII,C[O-]->[Ta+5]123456(<-[O-]C(=O)c7cccc(C(=O)[O-]->1)n->27)(<-[O-]S(=O)(=O)C(F)(F)F)<-c1(C)c->3(C)c->4(C)[c-]->5(C)c->61C,C19 H21 F3 N1 O8 S1 Ta1,0.0,C[O-]->[Ta+5]123456(<-[O-]C(=O)c7cccc(C(=O)[O-]->1)n->27)(<-[O-]S(=O)(=O)C(F)(F)F)<-c1(C)c->3(C)c->4(C)[c-]->5(C)c->61C,C[O-]->[Ta+5]123456(<-[O-]C(=O)c7cccc(C(=O)[O-]->1)n->27)(<-[O-]S(=O)(=O)C(F)(F)F)<-c1(C)c->3(C)c->4(C)[c-]->5(C)c->61C,C[O-]->[Ta+5]123(<-[O-]C(=O)c4cccc(C(=O)[O-]->1)n->24)(<-[O-]S(=O)(=O)C(F)(F)F)<-c1(C)c(C)c(C)c(C)[c-]->31C
WIFPUZ,,C15 H21 I1 N2 O1 Pt1,0.0,[CH3-]->[Pt+4]1(<-[CH3-])(<-[CH3-])(<-[I-])<-n2ccccc2CN->1c1cccc(O)c1,[CH3-]->[Pt+4]1(<-[CH3-])(<-[CH3-])(<-[I-])<-n2ccccc2CN->1c1cccc(O)c1,[CH3-]->[Pt+4]1(<-[CH3-])(<-[CH3-])(<-[I-])<-n2ccccc2CN->1c1cccc(O)c1
WIHDIB,O=S1(=O)CCNCc2ccccn2->[Ni+2]2(<-[O-]1)<-[O-]S(=O)(=O)CCNCc1ccccn->21,C16 H22 N4 Ni1 O6 S2,0.0,O=S1(=O)CCN2Cc3ccccn3->[Ni+2]<-234(<-[O-]1)<-[O-]S(=O)(=O)CCN->3Cc1ccccn->41,O=S1(=O)CCN2Cc3ccccn3->[Ni+2]<-234(<-[O-]1)<-[O-]S(=O)(=O)CCN->3Cc1ccccn->41,O=S1(=O)CCNCc2ccccn2->[Ni+2]2(<-[O-]1)<-[O-]S(=O)(=O)CCNCc1ccccn->21
WIHVOZ,C/C1[S-]->[W+4]2(<-[S-]/C=1C)(<-[S-]/C(C)=C(\C)[S-]->2)<-[Se-][C@]12C[C@H]3C[C@H](C[C@H](C3)C1)C2,C18 H27 S4 Se1 W1 1-,-1.0,CC1[S-]->[W+4]2(<-[S-]C=1C)(<-[S-]C(C)=C(C)[S-]->2)<-[Se-]C12CC3CC(CC(C3)C1)C2,CC1=S->[W]2(<-S=C1C)(<-S=C(C)C(C)=S->2)<-[Se-]C12CC3CC(CC(C3)C1)C2,CC1=S->[W]2(<-S=C1C)(<-S=C(C)C(C)=S->2)<-[Se-]C12CC3CC(CC(C3)C1)C2
WIJKAE,O=C1Nc2cccc(c2)-c2cccc(n2)CN23Cc4ccccn4->[Fe+2]<-2(<-[Cl-])(<-[Cl-])<-n2c(cccc2-c2cccc(c2)NC(=O)c2cccc1n2)C3,C37 H29 Cl2 Fe1 N7 O2,0.0,O=C1Nc2cccc(c2)-c2cccc(n2)CN23Cc4ccccn4->[Fe+2]<-2(<-[Cl-])(<-[Cl-])<-n2c(cccc2-c2cccc(c2)NC(=O)c2cccc1n2)C3,O=C1Nc2cccc(c2)-c2cccc(n2)CN23Cc4ccccn4->[Fe+2]<-2(<-[Cl-])(<-[Cl-])<-n2c(cccc2-c2cccc(c2)NC(=O)c2cccc1n2)C3,O=C1Nc2cccc(c2)-c2cccc(n2)CN2(Cc3ccccn3->[Fe+2]<-2(<-[Cl-])<-[Cl-])Cc2cccc(n2)-c2cccc(c2)NC(=O)c2cccc1n2
WIJVIU,N#C/C1[S-]->[Pd+2](<-[S-]\C=1C#N)(<-P(c1ccccc1)(c1ccccc1)c1ccccc1)<-P(c1ccccc1)(c1ccccc1)c1ccccc1,C40 H30 N2 P2 Pd1 S2,0.0,N#CC1[S-]->[Pd+2](<-[S-]C=1C#N)(<-P(c1ccccc1)(c1ccccc1)c1ccccc1)<-P(c1ccccc1)(c1ccccc1)c1ccccc1,N#CC1[S-]->[Pd+2](<-[S-]C=1C#N)(<-P(c1ccccc1)(c1ccccc1)c1ccccc1)<-P(c1ccccc1)(c1ccccc1)c1ccccc1,N#CC1[S-]->[Pd+2](<-[S-]C=1C#N)(<-P(c1ccccc1)(c1ccccc1)c1ccccc1)<-P(c1ccccc1)(c1ccccc1)c1ccccc1
WIKFAY,,C28 H24 Cd1 N2 O5,0.0,fail,O=C(C=Cc1ccccc1)[O-]->[Cd+2]12(<-O)(<-O=C(C=Cc3ccccc3)[O-]->1)<-n1ccccc1-c1ccccn->21,C(=CC12->[Cd+2]345(<-O=1)(<-O=C->3(C=Cc1ccccc1)[O-]->4)(<-[O-]2)<-n1ccccc1-c1ccccn->51)c1ccccc1.O
WIKYEV,,C14 H16 B1 Cl1 N4 Zr1,0.0,[Cl-]->[Zr+2]12345678(<-C9=C->1C->2=C->3C->4=C->5C->6=C->79)<-[n-]1ccc[n+]1[BH2-][n+]1ccc[n-]->81,[Cl-]->[Zr+4]12345678(<-c9c->1c->2[cH-]->3c->4c->5[cH-]->6c->79)<-n1cccn1[BH2-]n1cccn->81,[Cl-]->[Zr+4]12345678(<-c9c->1c->2[cH-]->3c->4c->5[cH-]->6c->79)<-n1cccn1[BH2-]n1cccn->81
WIMFIJ,,C16 H13 N2 O1 Pt1 1+,1.0,[CH3-]->[Pt+2]1(<-[C-]#[O+])<-[c-]2cc3ccccc3[nH+]c2-c2ccccn->12,[CH3-]->[Pt+2]1(<-[C-]#[O+])<-C2=Cc3ccccc3NC=2c2ccccn->12,[CH3-]->[Pt+2]1(<-[C-]#[O+])<-C2=Cc3ccccc3NC=2c2ccccn->12
WINFUU,c1ccn2[O-]->[Co+3]34(<-[O-]n5ccccc5=S->3)(<-[O-]n3ccccc3=S->4)<-S=c2c1,C15 H12 Co1 N3 O3 S3,0.0,c1cc[n+]2[O-]->[Co]34(<-[O-][n+]5ccccc5[S-]->3)(<-[O-][n+]3ccccc3[S-]->4)<-[S-]c2c1,c1ccn2[O-]->[Co+3]34(<-[O-]n5ccccc5=S->3)(<-[O-]n3ccccc3=S->4)<-S=c2c1,c1ccn2[O-]->[Co+3]34(<-[O-]n5ccccc5=S->3)(<-[O-]n3ccccc3=S->4)<-S=c2c1
WIPZAZ,CN1C=CN2c3cc4ccccc4c[c-]3->[Pt+2](<-[C-]#N)(<-[C-]#N)<-[C]12,C16 H11 N4 Pt1 1-,-1.0,CN1C=CN2c3cc4ccccc4c[c-]3->[Pt+2](<-[C-]#N)(<-[C-]#N)<-[C]12,CN1C=CN2c3cc4ccccc4c[c-]3->[Pt+2](<-[C-]#N)(<-[C-]#N)<-[C]12,CN1C=CN2c3cc4ccccc4c[c-]3->[Pt+2](<-[C-]#N)(<-[C-]#N)<-[C]12
WIRGUB,[I-]->[Au+3]1(<-[I-])<-[Se]=P(CCc2ccccc2)(CCc2ccccc2)[Se-]->1,C16 H18 Au1 I2 P1 Se2,0.0,[I-]->[Au+4]1(<-[I-])<-[Se-][P](CCc2ccccc2)(CCc2ccccc2)[Se-]->1,[I-]->[Au+3]1(<-[I-])<-[Se]=P(CCc2ccccc2)(CCc2ccccc2)[Se-]->1,[I-]->[Au+3]1(<-[I-])<-[Se]=P(CCc2ccccc2)(CCc2ccccc2)[Se-]->1
WISBOS,Cc1c(C)c2(C)->[Ru+2]3456(<-Nc7ccccc7-c7ccccc7N->3)(<-[O-]S(=O)(=O)[O-]->4)<-c1(C)c->5(C)c->62C,C24 H30 N2 O4 Ru1 S1,0.0,Cc12->[Ru+2]34567(<-Nc8ccccc8-c8ccccc8N->3)(<-[O-]S(=O)(=O)[O-])<-c1(C)c->4(C)c->5(C)c->6(C)c->72C,Cc12->[Ru+2]34567(<-Nc8ccccc8-c8ccccc8N->3)(<-[O-]S(=O)(=O)[O-])<-c1(C)c->4(C)c->5(C)c->6(C)c->72C,Cc1c(C)c2(C)->[Ru+2]3456(<-Nc7ccccc7-c7ccccc7N->3)(<-[O-]S(=O)(=O)[O-]->4)<-c1(C)c->5(C)c->62C
WISYUV,CCCCCC[n+]1nn(C)c(-c2ccccc2)[c-]1->[Ni+2](<-[I-])(<-[I-])<-[c-]1c(-c2ccccc2)n(C)n[n+]1CCCCCC,C30 H42 I2 N6 Ni1,0.0,CCCCCCn1n[n+](C)c(-c2ccccc2)[c]1->[Ni](<-[I-])(<-[I-])<-[c]1c(-c2ccccc2)n(C)n[n+]1CCCCCC,CCCCCC[n+]1nn(C)c(-c2ccccc2)[c-]1->[Ni+2](<-[I-])(<-[I-])<-[c-]1c(-c2ccccc2)n(C)n[n+]1CCCCCC,CCCCCC[n+]1nn(C)c(-c2ccccc2)[c-]1->[Ni+2](<-[I-])(<-[I-])<-[c-]1c(-c2ccccc2)n(C)n[n+]1CCCCCC
WIVNAT,CN1C=CN2CN3C=CN(C)[C]3->[Ir+3]3(<-[I-])(<-[I-])(<-O=C([O-]->3)c3ccccc3O)<-[C]12,C16 H17 I2 Ir1 N4 O3,0.0,fail,CN1C=CN2CN3C=CN(C)[C]3->[Ir+3]34(<-[I-])(<-[I-])(<-O=C->3([O-]->4)c3ccccc3O)<-[C]12,CN1C=CN2CN3C=CN(C)[C]3->[Ir+3]34(<-[I-])(<-[I-])(<-O=C->3([O-]->4)c3ccccc3O)<-[C]12
WIWDOW,CC1(C)C2=N3->[Zn@@+2]4(<-[Cl-])<-N5=C(C=C/C5=C(\c5ccccc5)c5ccc([n-]->45)C(C)(C)c4cccc1c4)/C(c1ccccc1)=C\3C=C2,C38 H32 Cl1 N3 Zn1,0.0,CC1(C)C2=N3->[Zn+2]4(<-[Cl-])<-N5=C(C=CC5=C(c5ccccc5)c5ccc([n-]->45)C(c4ccccc4)=C3C=C2)C(C)(C)c2cccc1c2,CC1(C)c2cccc(c2)C(C)(C)c2ccc3[n-]2->[Zn+4]2(<-[Cl-])<-[n-]4c(ccc41)C(c1ccccc1)=c1ccc([n-]->21)=C3c1ccccc1,CC1(C)c2cccc(c2)C(C)(C)c2ccc3[n-]2->[Zn+4]2(<-[Cl-])<-[n-]4c(ccc41)C(c1ccccc1)=c1ccc([n-]->21)=C3c1ccccc1
WIWRIE,COC12->[Mn+]345(<-[C-]#[O+])(<-[C-]#[O+])(<-[C-]#[O+])<-C(=C->3C->4=1C(O)(c1ccccc1)c1ccccc1)[C@@H](c1ccccc1)[CH-]->52,C29 H23 Mn1 O5,0.0,fail,COC12->[Mn+]345(<-[C-]#[O+])(<-[C-]#[O+])(<-[C-]#[O+])<-C(=C->3C->4=1C(O)(c1ccccc1)c1ccccc1)C(c1ccccc1)[CH-]->52,COC12->[Mn+]345(<-[C-]#[O+])(<-[C-]#[O+])(<-[C-]#[O+])<-C(=C->3C->4=1C(O)(c1ccccc1)c1ccccc1)C(c1ccccc1)[CH-]->52
WIXPAX,C[O-]->[V+5]12(<-[O-2])(<-[O-]/C(=N\N->1=C\c1cc(Br)cc(Br)c1[O-]->2)c1ccccc1Br)<-OC,C16 H14 Br3 N2 O5 V1,0.0,C[O-]->[V+5]12(<-[O-2])(<-[O-]C(=NN->1=Cc1cc(Br)cc(Br)c1[O-]->2)c1ccccc1Br)<-OC,C[O-]->[V+5]12(<-[O-2])(<-[O-]C(=NN->1=Cc1cc(Br)cc(Br)c1[O-]->2)c1ccccc1Br)<-OC,CO.C[O-]->[V+5]12(<-[O-2])<-[O-]C(c3ccccc3Br)=NN->1=Cc1cc(Br)cc(Br)c1[O-]->2
WIYCUF,CCP1(CC)CCP(CC)(CC)->[Ni-2]<-12<-[SiH-]1[C+]3[CH+][CH-][CH+][CH+][C-]3[Si](C)(C)[SiH-]->2[C-]2[CH+][CH-][CH+][CH+][C+]2[Si]1(C)C,C26 H46 Ni1 P2 Si4,0.0,CCP1(CC)CCP(CC)(CC)->[Ni+2]<-12<-[SiH-]1c3ccccc3[Si](C)(C)[SiH-]->2c2ccccc2[Si]1(C)C,CCP1(CC)CCP(CC)(CC)->[Ni+2]<-12<-[SiH-]1c3ccccc3[Si](C)(C)[SiH-]->2c2ccccc2[Si]1(C)C,CCP1(CC)CCP(CC)(CC)->[Ni+2]<-12<-[SiH-]1c3ccccc3[Si](C)(C)[SiH-]->2c2ccccc2[Si]1(C)C
WIYPOK,Clc1ccc2/N=N(/c3ccccc3)->[Ru+2]3(<-[Cl-])(<-[Cl-])(<-N(=N\c4ccc(Cl)cn->34)/c3ccccc3)<-n2c1,C22 H16 Cl4 N6 Ru1,0.0,Clc1ccc2N=N(c3ccccc3)->[Ru+2]3(<-[Cl-])(<-[Cl-])(<-N(=Nc4ccc(Cl)cn->34)c3ccccc3)<-n2c1,Clc1ccc2=N[N-](c3ccccc3)->[Ru+6]3(<-[Cl-])(<-[Cl-])(<-[N-](N=c4ccc(Cl)c[n-]->34)c3ccccc3)<-[n-]2c1,Clc1ccc2=N[N-](c3ccccc3)->[Ru+6]3(<-[Cl-])(<-[Cl-])(<-[N-](N=c4ccc(Cl)c[n-]->34)c3ccccc3)<-[n-]2c1
WIZJAT,C[O-]->[Co+3]12(<-[Cl-])(<-[Cl-])<-N(=C3/CCCc4ccc(-c5[nH]c6ccccc6n->15)n->2c43)/c1c(C)cc(C)cc1C,C26 H28 Cl2 Co1 N4 O1,0.0,CO->[Co+2]12(<-[Cl-])(<-[Cl-])<-N(=C3CCCc4ccc(-c5[nH]c6ccccc6n->15)n->2c43)c1c(C)cc(C)cc1C,C[O-]->[Co+3]12(<-[Cl-])(<-[Cl-])<-N(=C3CCCc4ccc(-c5[nH]c6ccccc6n->15)n->2c43)c1c(C)cc(C)cc1C,C[O-]->[Co+3]12(<-[Cl-])(<-[Cl-])<-N(=C3CCCc4ccc(-c5[nH]c6ccccc6n->15)n->2c43)c1c(C)cc(C)cc1C
WOBQOV,,C34 H20 F4 Ir1 N7,0.0,Fc1cc(F)c2-c3ccccn3->[Ir+3]34(<-[c-]2c1)(<-[c-]1cc(F)cc(F)c1-c1ccccn->31)<-n1ccccc1-c1nc(-c2ccccn2)n[n-]->41,Fc1cc(F)c2-c3ccccn3->[Ir+3]34(<-[c-]2c1)(<-[c-]1cc(F)cc(F)c1-c1ccccn->31)<-N1=NC(c2ccccn2)=NC1=C1C=CC=C[N-]->41,Fc1cc(F)c2-c3ccccn3->[Ir+3]34(<-[c-]2c1)(<-[c-]1cc(F)cc(F)c1-c1ccccn->31)<-N1=NC(c2ccccn2)=NC1=C1C=CC=C[N-]->41
WODRAI,CN12CCCN->[Ni@SP3+2]<-13<-S=C1C=CC=C/C1=C/[N-]->3CCC2,C14 H22 N3 Ni1 S1 1+,1.0,fail,CN12CCCN->[Ni+2]<-13<-S=C1C=CC=CC1=C[N-]->3CCC2,CN12CCCN->[Ni+2]<-13<-S=C1C=CC=CC1=C[N-]->3CCC2
WOFNEM,,C19 H46 B1 N1 O1 Os1 P2 S1,0.0,CC(C)P(C(C)C)(C(C)C)->[OsH+]1(<-[H]B(N)[S-]->1)(<-[C-]#[O+])<-P(C(C)C)(C(C)C)C(C)C,CC(C)P(C(C)C)(C(C)C)->[OsH2]1(<-[C-]#[O+])(<-S=B->1N)<-P(C(C)C)(C(C)C)C(C)C,CC(C)P(C(C)C)(C(C)C)->[OsH+](<-[C-]#[O+])(<-[S-]BN)<-P(C(C)C)(C(C)C)C(C)C
WOFYEW,,C23 H43 Hf1 P1 Si3,0.0,C[Si](C)(C)C1=C([Si](C)(C)[Si](C)(C)C)->[Hf+2]<-123456789(<-c1c->2c->3[cH-]->4c->51)(<-c1c->6c->7[cH-]->8c->91)<-P(C)(C)C,C[Si](C)(C)C1#C([Si](C)(C)[Si](C)(C)C)->[Hf+2]<-123456789(<-c1c->2c->3[cH-]->4c->51)(<-c1c->6c->7[cH-]->8c->91)<-P(C)(C)C,C[Si](C)(C)C1#C([Si](C)(C)[Si](C)(C)C)->[Hf+2]<-123456789(<-c1c->2c->3[cH-]->4c->51)(<-c1c->6c->7[cH-]->8c->91)<-P(C)(C)C
WOGNEL,,C8 H10 Cl4 Se2 Ti1,0.0,C[Se]1c2ccccc2[Se](C)->[Ti+4]<-1(<-[Cl-])(<-[Cl-])(<-[Cl-])<-[Cl-],[CH3-].[CH3-].[Cl-]->[Ti+8]1(<-[Cl-])(<-[Cl-])(<-[Cl-])<-[Se-]c2ccccc2[Se-]->1,[CH3-].[CH3-].[Cl-]->[Ti+8]1(<-[Cl-])(<-[Cl-])(<-[Cl-])<-[Se-]c2ccccc2[Se-]->1
WOGXIZ,COc1ccc(-c2ccn3[BH-]4n5ccc(-c6ccc(OC)cc6)n5->[Rh+](<-[C-]#[O+])(<-[C-]#[O+])(<-n23)<-n2c(-c3ccc(OC)cc3)ccn24)cc1,C32 H28 B1 N6 O5 Rh1,0.0,COc1ccc(-c2ccn([BH-]3n4ccc(-c5ccc(OC)cc5)n4->[Rh+](<-[C-]#[O+])(<-[C-]#[O+])<-n4c(-c5ccc(OC)cc5)ccn43)n2)cc1,COc1ccc(-c2ccn3[BH-]4n5ccc(-c6ccc(OC)cc6)n5->[Rh+](<-[C-]#[O+])(<-[C-]#[O+])(<-n23)<-n2c(-c3ccc(OC)cc3)ccn24)cc1,COc1ccc(-c2ccn3[BH-]4n5ccc(-c6ccc(OC)cc6)n5->[Rh+](<-[C-]#[O+])(<-[C-]#[O+])(<-n23)<-n2c(-c3ccc(OC)cc3)ccn24)cc1
WOHYOK,CCN(CC)c1ccc2cc(C3N/N(=C\c4ccccc4)->[Ru+2](<-[Cl-])(<-[Cl-])(<-O=3)(<-S(C)(C)=O)<-S(C)(C)=O)c(=O)oc2c1,C25 H33 Cl2 N3 O5 Ru1 S2,0.0,CCN(CC)c1ccc2cc(C3NN(=Cc4ccccc4)->[Ru+2](<-[Cl-])(<-[Cl-])(<-O=3)(<-S(C)(C)=O)<-S(C)(C)=O)c(=O)oc2c1,CCN(CC)c1ccc2cc(C3NN(=Cc4ccccc4)->[Ru+2](<-[Cl-])(<-[Cl-])(<-O=3)(<-S(C)(C)=O)<-S(C)(C)=O)c(=O)oc2c1,CCN(CC)c1ccc2cc(C3NN(=Cc4ccccc4)->[Ru+2](<-[Cl-])(<-[Cl-])(<-O=3)(<-S(C)(C)=O)<-S(C)(C)=O)c(=O)oc2c1
WOJSUJ,Cc1cc2c(cc1C)n(->[Ru+2](<-[Br-])(<-[Br-])(<-n1cn(C)c3cc(C)c(C)cc31)(<-S(C)(C)=O)<-S(C)(C)=O)cn2C,C24 H36 Br2 N4 O2 Ru1 S2,0.0,Cc1cc2c(cc1C)n(->[Ru+2](<-[Br-])(<-[Br-])(<-n1cn(C)c3cc(C)c(C)cc31)(<-S(C)(C)=O)<-S(C)(C)=O)cn2C,Cc1cc2c(cc1C)n(->[Ru+2](<-[Br-])(<-[Br-])(<-n1cn(C)c3cc(C)c(C)cc31)(<-S(C)(C)=O)<-S(C)(C)=O)cn2C,Cc1cc2c(cc1C)n(->[Ru+2](<-[Br-])(<-[Br-])(<-n1cn(C)c3cc(C)c(C)cc31)(<-S(C)(C)=O)<-S(C)(C)=O)cn2C
WOKYIE,CN(C)c1ccc([C]2C=P(CP(c3ccccc3)(c3ccccc3)->[Pd+2]<-2(<-[Cl-])<-[Cl-])(c2ccccc2)c2ccccc2)cc1,C35 H33 Cl2 N1 P2 Pd1,0.0,CN(C)c1ccc([C-]2=C[P](CP(c3ccccc3)(c3ccccc3)->[Pd+3]<-2(<-[Cl-])<-[Cl-])(c2ccccc2)c2ccccc2)cc1,CN(C)c1ccc([C]2C=P(CP(c3ccccc3)(c3ccccc3)->[Pd+2]<-2(<-[Cl-])<-[Cl-])(c2ccccc2)c2ccccc2)cc1,CN(C)c1ccc([C]2C=P(CP(c3ccccc3)(c3ccccc3)->[Pd+2]<-2(<-[Cl-])<-[Cl-])(c2ccccc2)c2ccccc2)cc1
WOLMOZ,[O+]#[C-]->[Mn+]1(<-[C-]#[O+])(<-[C-]#[O+])(<-[C-]#[O+])<-[O-][As+](c2ccccc2)(c2ccccc2)c2cccc[c-]->12,C22 H14 As1 Mn1 O5,0.0,[O+]#[C-]->[Mn+]1(<-[C-]#[O+])(<-[C-]#[O+])(<-[C-]#[O+])<-O=[As](c2ccccc2)(c2ccccc2)c2cccc[c-]->12,[O+]#[C-]->[Mn+]1(<-[C-]#[O+])(<-[C-]#[O+])(<-[C-]#[O+])<-[O-][As+](c2ccccc2)(c2ccccc2)c2cccc[c-]->12,[O+]#[C-]->[Mn+]1(<-[C-]#[O+])(<-[C-]#[O+])(<-[C-]#[O+])<-[O-][As+](c2ccccc2)(c2ccccc2)c2cccc[c-]->12
WOMVUS,,C38 H28 Cd1 N6 O4,0.0,O=C([O-]->[Cd+2]12(<-[O-]C(=O)c3ccccc3)(<-n3ccccc3-c3[nH]c4ccccc4n->13)<-n1ccccc1-c1[nH]c3ccccc3n->21)c1ccccc1,O=C([O-]->[Cd+2]12(<-[O-]C(=O)c3ccccc3)(<-n3ccccc3-c3[nH]c4ccccc4n->13)<-n1ccccc1-c1[nH]c3ccccc3n->21)c1ccccc1,c1ccc(C23=O->[Cd+2]<-245(<-O=C->4([O-]->5)c2ccccc2)(<-[O-]3)(<-n2ccccc2-c2nc3ccccc3[nH]2)<-n2c(-c3ccccn3)[nH]c3ccccc32)cc1
WONRAV,ClC1c2cccc[c-]2->[Au+3](<-[Cl-])(<-[Cl-])<-C=1=C1CCCN1,C12 H11 Au1 Cl3 N1,0.0,ClC1c2cccc[c-]2->[Au+3](<-[Cl-])(<-[Cl-])<-[C-]=1C1=[NH+]CCC1,ClC1=C2C=CC=C[C]2->[Au+3](<-[Cl-])(<-[Cl-])<-[C-]1=C1CCCN1,ClC1=C2C=CC=C[C]2->[Au+3](<-[Cl-])(<-[Cl-])<-[C-]1=C1CCCN1
WOPREA,CC(C)(C)[N-]1[Si](C)(C)[H]->[Ti+4]<-12345(<-[Cl-])(<-[Cl-])<-c1(C)c->2(C)c->3(C)[c-]->4(C)c->51C,C16 H31 Cl2 N1 Si1 Ti1,0.0,C[SiH](C)[N-](C(C)(C)C)->[Ti+4]1234(<-[Cl-])(<-[Cl-])<-c5(C)c->1(C)c->2(C)[c-]->3(C)c->45C,C[SiH](C)[N-](C(C)(C)C)->[Ti+4]1234(<-[Cl-])(<-[Cl-])<-c5(C)c->1(C)c->2(C)[c-]->3(C)c->45C,C[SiH](C)[N-](C(C)(C)C)->[Ti+4]1234(<-[Cl-])(<-[Cl-])<-c5(C)c->1(C)c->2(C)[c-]->3(C)c->45C
WOQSIE,CC(C)(C)[C@@]12[Se]P3[C@@]4(C(C)(C)C)P1[Se-]->[Pt+4]1(<-[Cl-])(<-[Cl-])(<-[Se-]P2[C@]3(C(C)(C)C)[Se]->14)<-P(C)(C)C,C18 H36 Cl2 P4 Pt1 Se4,0.0,CC(C)(C)C12[Se]P3C4(C(C)(C)C)P1[Se-]->[Pt+4]1(<-[Cl-])(<-[Cl-])(<-[Se-]P2C3(C(C)(C)C)[Se]->14)<-P(C)(C)C,CC(C)(C)C1=P2=[Se]->[Pt+4]3(<-[Cl-])(<-[Cl-])(<-[Se-]P4C([Se-]->3)(C(C)(C)C)P1[Se]C42C(C)(C)C)<-P(C)(C)C,CC(C)(C)C1=P2=[Se]->[Pt+4]3(<-[Cl-])(<-[Cl-])(<-[Se-]P4C([Se-]->3)(C(C)(C)C)P1[Se]C42C(C)(C)C)<-P(C)(C)C
WORKET,c1ccc([N-]2c3ccccc3/N3=N/c4ccccn4->[Co+3]<-3<-245<-N(=N\c2ccccn->42)/c2ccccc2[N-]->5c2ccccc2)cc1,C34 H26 Co1 N8 1+,1.0,c1ccc([N-]2c3ccccc3N3=Nc4ccccn4->[Co+3]<-3<-245<-N(=Nc2ccccn->42)c2ccccc2[N-]->5c2ccccc2)cc1,c1ccc([N-]2c3ccccc3[N-]3N=c4cccc[n-]4->[Co+7]<-3<-245<-[N-](N=c2cccc[n-]->42)c2ccccc2[N-]->5c2ccccc2)cc1,c1ccc([N-]2c3ccccc3[N-]3N=c4cccc[n-]4->[Co+7]<-3<-245<-[N-](N=c2cccc[n-]->42)c2ccccc2[N-]->5c2ccccc2)cc1
WOSMUM,CC1=C(C)[C@@H]2[C@H]3[S@@](=O)(c4ccccc4)->[Ru+2]45678(<-[Cl-])(<-c9(C)c->4(C)c->5(C)c->6(C)c->7(C)c->89C)<-P2(c2ccccc2)[C@@H]1C3,C32 H39 Cl1 O1 P1 Ru1 S1 1+,1.0,CC1=C(C)C2C3S(=O)(c4ccccc4)->[Ru+2]45678(<-[Cl-])(<-c9(C)c->4(C)c->5(C)c->6(C)c->7(C)c->89C)<-P2(c2ccccc2)C1C3,CC1=C(C)C2C3S(=O)(c4ccccc4)->[Ru+2]45678(<-[Cl-])(<-c9(C)c->4(C)c->5(C)c->6(C)c->7(C)c->89C)<-P2(c2ccccc2)C1C3,CC1=C(C)C2C3S(=O)(c4ccccc4)->[Ru+2]45678(<-[Cl-])(<-c9(C)c->4(C)c->5(C)c->6(C)c->7(C)c->89C)<-P2(c2ccccc2)C1C3
WOVNUQ,C/C1=C/C(C)=N2/CCN3CCCN->[Co+3]<-2<-34(<-[O-]1)(<-[O-]N->4=O)<-N(=O)[O-],C10 H20 Co1 N5 O5,0.0,CC1=CC(C)=N2CCN3CCCN->[Co-]<-2<-3(<-[O-]1)(<-[N+](=O)=O)<-[N+](=O)=O,CC1=CC(C)=N2CCN3CCCN->[Co+3]<-2<-3(<-[O-]1)(<-N(=O)[O-])<-N(=O)[O-],CC1=CC(C)=N2CCN3CCCN->[Co+3]<-2<-3(<-[O-]1)(<-N(=O)[O-])<-N(=O)[O-]
WOWBOB,Cn1c2[O-]->[Cd+2]3(<-[O-]c4c(N->3=O)c(=O)n(C)c(=O)n4C)(<-N(=O)c2c(=O)n(C)c1=O)(<-n1c[nH]c2ccccc21)<-n1c[nH]c2ccccc21,C26 H24 Cd1 N10 O8,0.0,CN1C(=O)C2=N([O])->[Cd]3(<-O=C2N(C)C1=O)(<-O=C1C(=N->3[O])C(=O)N(C)C(=O)N1C)(<-n1c[nH]c2ccccc21)<-n1c[nH]c2ccccc21,Cn1c2[O-]->[Cd+2]3(<-[O-]c4c(N->3=O)c(=O)n(C)c(=O)n4C)(<-N(=O)c2c(=O)n(C)c1=O)(<-n1c[nH]c2ccccc21)<-n1c[nH]c2ccccc21,Cn1c2[O-]->[Cd+2]3(<-[O-]c4c(N->3=O)c(=O)n(C)c(=O)n4C)(<-N(=O)c2c(=O)n(C)c1=O)(<-n1c[nH]c2ccccc21)<-n1c[nH]c2ccccc21
WOWVAH,CC(C)c1cccc(C(C)C)c1-n1n[n+](-c2c(C(C)C)cccc2C(C)C)c(-c2ccccc2)[c-]1->[Au+]<-[Cl-],C32 H39 Au1 Cl1 N3,0.0,CC(C)c1cccc(C(C)C)c1-n1n[n+](-c2c(C(C)C)cccc2C(C)C)c(-c2ccccc2)[c]1->[Au]<-[Cl-],CC(C)c1cccc(C(C)C)c1-n1n[n+](-c2c(C(C)C)cccc2C(C)C)c(-c2ccccc2)[c-]1->[Au+]<-[Cl-],CC(C)c1cccc(C(C)C)c1-n1n[n+](-c2c(C(C)C)cccc2C(C)C)c(-c2ccccc2)[c-]1->[Au+]<-[Cl-]
WUBVEU,CN1(C)[C@@H]2c3ccccc3[N-]3->[Ti+4]<-1456(<-[Cl-])<-[N-]2c1ccccc1[C@@H](N->4(C)C)[N-]->5c1ccccc1[C@H]3N->6(C)C,C27 H33 Cl1 N6 Ti1,0.0,CN(C)C1c2ccccc2[N-]2->[Ti+4]3(<-[Cl-])<-[N-]1c1ccccc1C(N(C)C)[N-]->3c1ccccc1C2N(C)C,CN1(C)C2c3ccccc3[N-]3->[Ti+4]<-1456(<-[Cl-])<-[N-]2c1ccccc1C(N->4(C)C)[N-]->5c1ccccc1C3N->6(C)C,CN1(C)C2c3ccccc3[N-]3->[Ti+4]<-1456(<-[Cl-])<-[N-]2c1ccccc1C(N->4(C)C)[N-]->5c1ccccc1C3N->6(C)C
WUDMAJ,CC(=O)[O-]->[Zn@TB15+2]12(<-O)<-[O-]c3ccccc3/C=N->1/CCO->2,C11 H15 N1 O5 Zn1,0.0,CC(=O)[O-]->[Zn+2]12(<-O)<-[O-]c3ccccc3C=N->1CCO->2,CC(=O)[O-]->[Zn+2]1(<-O)<-[O-]c2ccccc2C=N->1CCO,CC12=O->[Zn+2]<-134(<-O)(<-[O-]c1ccccc1C=N->3CCO->4)<-[O-]2
WUHBUY,,C20 H35 Cl3 N2 O5 Zn1,0.0,COCC[NH+](CCOC)Cc1cc(Cl)cc2CN(CCOC)(CCOC)->[Zn+2](<-[Cl-])(<-[Cl-])<-[O-]c12,COCC[NH+](CCOC)Cc1cc(Cl)cc2CN(CCOC)(CCOC)->[Zn+2](<-[Cl-])(<-[Cl-])<-[O-]c12,COCCN(CCOC)Cc1cc(Cl)cc2CN(CCOC)(CCOC)->[Zn+2](<-[Cl-])(<-[Cl-])<-Oc12
WUHLAM,CCC1=C(CC)/C2=C3\[C+](CC)[C+](CC)[C-]4[CH-][C+]5[C-](C)[C+]6CCCC[C+]6[N-]5->[Ni@SP3+2]5(<-[N-]34)<-[N-]3[C+](/C=C/1[NH2+]->52)[C-](C)[C-]1CCCC[C-]13,C36 H44 N4 Ni1,0.0,CCc1c(CC)c2-c3c(CC)c(CC)c4C=C5C(C)=C6CCCCC6=N5->[Ni+2]5(<-N6=C7CCCCC7=C(C)C6=Cc1[n-]->52)<-[n-]43,CCC1=C(CC)C2C=C3C(C)=C4CCCCC4=N3->[Ni]34<-N=2C1=C1C(CC)=C(CC)C(C=C2C(C)=C5CCCCC5=N->32)=N->41,
WUJNAS,,C17 H25 Cl1 O2 Ru1 S1,0.0,CC1=C[SH](=O)(=O)->[Ru+]234567(<-[Cl-])(<-C=C->21)<-c1(C)c->3(C)c->4(C)c->5(C)c->6(C)c->71C,CC1=CS(=O)([O-])->[Ru+2]234567(<-[Cl-])(<-C=C->21)<-c1(C)c->3(C)c->4(C)c->5(C)c->6(C)c->71C,CC1=CS(=O)([O-])->[Ru+2]234567(<-[Cl-])(<-C=C->21)<-c1(C)c->3(C)c->4(C)c->5(C)c->6(C)c->71C
WUKDUC,,C18 H41 Br1 Fe1 P4 S1,0.0,fail,CP(C)(C)->[FeH+](<-[S-]c1ccc(Br)cc1)(<-P(C)(C)C)(<-P(C)(C)C)<-P(C)(C)C,CP(C)(C)->[FeH+](<-[S-]c1ccc(Br)cc1)(<-P(C)(C)C)(<-P(C)(C)C)<-P(C)(C)C
WUMQOM,,C19 H41 Fe1 N1 O3 P2,0.0,CC(C)P1(CCN2(C)CCP(C(C)C)(C(C)C)->[FeH+]<-2<-1(<-[C-]#[O+])<-[O-]C=O)C(C)C,CC(C)P1(CCN2(C)CCP(C(C)C)(C(C)C)->[FeH+]<-2<-1(<-[C-]#[O+])<-[O-]C=O)C(C)C,CC(C)P1(CCN2(C)CCP(C(C)C)(C(C)C)->[FeH+]<-2<-1(<-[C-]#[O+])<-[O-]C=O)C(C)C
WUPDOA,[CH3-]->[Rh+3]12345(<-[I-])<-c6c->1c->2[c-]->3(C[C@@H](c1ccccc1)P->4(c1ccccc1)c1ccccc1)c->56,C26 H25 I1 P1 Rh1,0.0,[CH3-]->[Rh+3]12345(<-[I-])<-c6c->1c->2(CC(c1ccccc1)P->3(c1ccccc1)c1ccccc1)c->4[cH-]->56,[CH3-]->[Rh+3]12345(<-[I-])<-c6c->1[cH-]->2c->3(CC(c1ccccc1)P->4(c1ccccc1)c1ccccc1)c->56,[CH3-]->[Rh+3]12345(<-[I-])<-c6c->1[cH-]->2c->3(CC(c1ccccc1)P->4(c1ccccc1)c1ccccc1)c->56
WUPWUA,c1ccc(-c2cccc(CN34Cc5ccccn5->[Ni@SP3+2]<-35<-[O-]c3ccccc3-c3cccc(C4)n->53)n2)cc1,C30 H25 N4 Ni1 O1 1+,1.0,c1ccc(-c2cccc(CN34Cc5ccccn5->[Ni+2]<-35<-[O-]c3ccccc3-c3cccc(C4)n->53)n2)cc1,c1ccc(-c2cccc(CN34Cc5ccccn5->[Ni+2]<-35<-[O-]c3ccccc3-c3cccc(C4)n->53)n2)cc1,c1ccc(-c2cccc3CN45Cc6ccccn6->[Ni+2]<-46(<-[O-]c4ccccc4-c4cccc(C5)n->64)<-n32)cc1
WUQLIF,CC#N->[Ni@@+2]12<-[C]3N(C)C=CN3c3cccc(OP->1(c1ccccc1)c1ccccc1)[c-]->23,C24 H21 N3 Ni1 O1 P1 1+,1.0,CC#N->[Ni+2]12<-[C]3N(C)C=CN3c3cccc(OP->1(c1ccccc1)c1ccccc1)[c-]->23,CC#N->[Ni+2]12<-[C]3N(C)C=CN3c3cccc(OP->1(c1ccccc1)c1ccccc1)[c-]->23,CC#N->[Ni+2]12<-[C]3N(C)C=CN3c3cccc(OP->1(c1ccccc1)c1ccccc1)[c-]->23
WURNAA,,C18 H12 N2 O4 Pt1,0.0,O=C(O)c1ccc2-c3ccccn3->[Pt+2]3(<-[O-]C(=O)c4ccccn->34)<-[c-]2c1,O=C(O)c1ccc2-c3ccccn3->[Pt+2]3(<-[O-]C(=O)c4ccccn->34)<-[c-]2c1,O=C(O)c1ccc2-c3ccccn3->[Pt+2]3(<-[O-]C(=O)c4ccccn->34)<-[c-]2c1
WUSTIP,O=C1c2cccn3->[Ru+2](<-[Cl-])(<-[Cl-])(<-[C-]#[O+])(<-[C-]#[O+])<-n4cccc1c4-c23,C13 H6 Cl2 N2 O3 Ru1,0.0,O=C1c2cccn3->[Ru+2](<-[Cl-])(<-[Cl-])(<-[C-]#[O+])(<-[C-]#[O+])<-n4cccc1c4-c23,O=c1c2ccc[n-]3->[Ru+4](<-[Cl-])(<-[Cl-])(<-[C-]#[O+])(<-[C-]#[O+])<-[n-]4cccc1-c4c3-2,O=c1c2ccc[n-]3->[Ru+4](<-[Cl-])(<-[Cl-])(<-[C-]#[O+])(<-[C-]#[O+])<-[n-]4cccc1-c4c3-2
WUTQAD,CN1(C)Cc2ccc[n-]2->[Ta+5]<-12(<-[Cl-])(<-[Cl-])(<-[Cl-])<-[n-]1cccc1CN->2(C)C,C14 H22 Cl3 N4 Ta1,0.0,CN1(C)Cc2ccc[n-]2->[Ta+5]<-12(<-[Cl-])(<-[Cl-])(<-[Cl-])<-[n-]1cccc1CN->2(C)C,CN1(C)Cc2ccc[n-]2->[Ta+5]<-12(<-[Cl-])(<-[Cl-])(<-[Cl-])<-[n-]1cccc1CN->2(C)C,CN1(C)Cc2ccc[n-]2->[Ta+5]<-12(<-[Cl-])(<-[Cl-])(<-[Cl-])<-[n-]1cccc1CN->2(C)C
WUVZIX,CS(C)(=O)->[Ru+2]12(<-S=c3cccc[n-]->13)(<-S=c1cccc[n-]->21)<-S(C)(C)=O,C14 H20 N2 O2 Ru1 S4,0.0,fail,CS(C)(=O)->[Ru+2]12(<-S=c3cccc[n-]->13)(<-S=c1cccc[n-]->21)<-S(C)(C)=O,CS(C)(=O)->[Ru+2]12(<-S=c3cccc[n-]->13)(<-S=c1cccc[n-]->21)<-S(C)(C)=O
WUWPAH,CC(C)P1(c2ccccc2B23c4ccccc4P(C(C)C)(C(C)C)->[Co+]<-2<-14(<-[Br-])<-c1ccccc->413)C(C)C,C30 H41 B1 Br1 Co1 P2,0.0,CC(C)P1(c2ccccc2B23c4ccccc4P(C(C)C)(C(C)C)->[Co+]<-2<-1(<-[Br-])<-c31ccccc1)C(C)C,CC(C)P1(c2ccccc2B23c4ccccc4P(C(C)C)(C(C)C)->[Co+]<-2<-1(<-[Br-])<-c31ccccc1)C(C)C,CC(C)P1(c2ccccc2B23c4ccccc4P(C(C)C)(C(C)C)->[Co+]<-2<-1(<-[Br-])<-c31ccccc1)C(C)C
WUXRUE,,C39 H35 N2 P1 Ru1,0.0,c1ccc(P(c2ccccc2)(c2ccccc2)->[RuH2]234<-C5=C->2c2ccccc2C(N->3Cc2ccccn->42)c2ccccc25)cc1,c1ccc(P(c2ccccc2)(c2ccccc2)->[RuH2]234<-C5=C->2c2ccccc2C(N->3Cc2ccccn->42)c2ccccc25)cc1,c1ccc(P(c2ccccc2)(c2ccccc2)->[RuH2]234<-C5=C->2c2ccccc2C(N->3Cc2ccccn->42)c2ccccc25)cc1
WUZGAZ,,C25 H35 Co1 N6 O6,0.0,CC1C(C)=N(O)->[Co+]2(<-[CH2-]CC(=O)Nc3ccccc3)(<-NC(CO)c3ccccc3)(<-N=1[O])<-N([O])=C(C)C(C)=N->2O,CC1=C(C)[N-](O)->[Co+3]2(<-[CH2-]CC(=O)Nc3ccccc3)(<-NC(CO)c3ccccc3)(<-N1=O)<-N(=O)C(C)=C(C)[N-]->2O,CC1=C(C)[N-](O)->[Co+3]2(<-[CH2-]CC(=O)Nc3ccccc3)(<-NC(CO)c3ccccc3)(<-N1=O)<-N(=O)C(C)=C(C)[N-]->2O
WUZQUE,CO->[Ni+2](<-[Cl-])(<-[Cl-])<-n1c(C)cccc1-c1nc(-c2ccccc2)c(-c2ccccc2)[nH]1,C22 H21 Cl2 N3 Ni1 O1,0.0,CO->[Ni+2]1(<-[Cl-])(<-[Cl-])<-n2c(C)cccc2-c2[nH]c(-c3ccccc3)c(-c3ccccc3)n->12,CO->[Ni+2]1(<-[Cl-])(<-[Cl-])<-n2c(C)cccc2-c2[nH]c(-c3ccccc3)c(-c3ccccc3)n->12,CO->[Ni+2]1(<-[Cl-])(<-[Cl-])<-n2c(C)cccc2-c2[nH]c(-c3ccccc3)c(-c3ccccc3)n->12
XABYIL,c1ccn2->[Co+]345(<-n6ccccc6-c6cccc(-c2c1)n->36)<-n1ccccc1-c1cccc(-c2ccccn->42)n->51,C30 H22 Co1 N6 1+,1.0,c1ccn2->[Co+]345(<-n6ccccc6-c6cccc(-c2c1)n->36)<-n1ccccc1-c1cccc(-c2ccccn->42)n->51,c1ccn2->[Co+]345(<-n6ccccc6-c6cccc(-c2c1)n->36)<-n1ccccc1-c1cccc(-c2ccccn->42)n->51,c1ccc(-c2cccc3-c4ccccn4->[Co+]45(<-n6ccccc6-c6cccc(-c7ccccn->47)n->56)<-n23)nc1
XACRIC,CC(C)N([B-]1=C23->[Zr+4]456789%10(<-[Cl-])(<-[Cl-])(<-C(=C->42)C->5=C->63)<-c2c->7c->8[c-]->91c->%102)C(C)C,C16 H22 B1 Cl2 N1 Zr1,0.0,CC(C)N(B1c23->[Zr+4]456789%10(<-[Cl-])(<-[Cl-])(<-c%11c->4[cH-]->5c->61c->7%11)<-c(c->82)[cH-]->9c->%103)C(C)C,CC(C)N([B-]1=C23->[Zr+4]456789%10(<-[Cl-])(<-[Cl-])(<-C(=C->42)C->5=C->63)<-c2c->7[cH-]->8c->91c->%102)C(C)C,CC(C)N([B-]1=C23->[Zr+4]456789%10(<-[Cl-])(<-[Cl-])(<-C(=C->42)C->5=C->63)<-c2c->7[cH-]->8c->91c->%102)C(C)C
XADBUB,Cc1cc(C)c(N2CCN(c3c(C)cc(C)cc3C)[C]2->[Ru+2]2(<-O)(<-[Cl-])(<-[Cl-])<-[CH]c3cc([N+](=O)[O-])ccc3[S@]->2(=O)C(C)C)c(C)c1,C31 H39 Cl2 N3 O4 Ru1 S1,0.0,Cc1cc(C)c(N2CCN(c3c(C)cc(C)cc3C)[C]2->[Ru+4]2(<-O)(<-[Cl-])(<-[Cl-])<-[CH-2]c3cc([N+](=O)[O-])ccc3S->2(=O)C(C)C)c(C)c1,Cc1cc(C)c(N2CCN(c3c(C)cc(C)cc3C)[C]2->[Ru+2]2(<-O)(<-[Cl-])(<-[Cl-])<-[CH]c3cc([N+](=O)[O-])ccc3S->2(=O)C(C)C)c(C)c1,Cc1cc(C)c(N2CCN(c3c(C)cc(C)cc3C)[C]2->[Ru+2]2(<-O)(<-[Cl-])(<-[Cl-])<-[CH]c3cc([N+](=O)[O-])ccc3S->2(=O)C(C)C)c(C)c1
XAFFEP,C[C@@H]1CS1->[Ag+]12<-n3c(C(F)(F)F)cc(C(F)(F)F)n3[BH-](n3c(C(F)(F)F)cc(C(F)(F)F)n->13)n1c(C(F)(F)F)cc(C(F)(F)F)n->21,C18 H10 Ag1 B1 F18 N6 S1,0.0,CC1CS1->[Ag+]12<-[n-]3c(C(F)(F)F)cc(C(F)(F)F)[n+]3[BH-]([n+]3c(C(F)(F)F)cc(C(F)(F)F)[n-]->13)[n+]1c(C(F)(F)F)cc(C(F)(F)F)[n-]->21,CC1CS1->[Ag+]12<-n3c(C(F)(F)F)cc(C(F)(F)F)n3[BH-](n3c(C(F)(F)F)cc(C(F)(F)F)n->13)n1c(C(F)(F)F)cc(C(F)(F)F)n->21,CC1CS1->[Ag+]12<-n3c(C(F)(F)F)cc(C(F)(F)F)n3[BH-](n3c(C(F)(F)F)cc(C(F)(F)F)n->13)n1c(C(F)(F)F)cc(C(F)(F)F)n->21
XAGNOI,[Br-]->[Cu+]12(<-C3#C->1CCCCCC3)<-C1#C->2CCCCCC1,C16 H24 Br1 Cu1,0.0,[Br-]->[Cu+]12(<-C3#C->1CCCCCC3)<-C1#C->2CCCCCC1,[Br-]->[Cu+]12(<-C3#C->1CCCCCC3)<-C1#C->2CCCCCC1,[Br-]->[Cu+]12(<-C3#C->1CCCCCC3)<-C1#C->2CCCCCC1
XAGZIO,[CH3-]->[Pt+4]12(<-[CH3-])(<-[CH3-])<-n3c(C(F)(F)F)cc(C(F)(F)F)n3[BH-](n3c(C(F)(F)F)cc(C(F)(F)F)n->13)n1c(C(F)(F)F)cc(C(F)(F)F)n->21,C18 H13 B1 F18 N6 Pt1,0.0,[CH3-]->[Pt+4]12(<-[CH3-])(<-[CH3-])<-[n-]3c(C(F)(F)F)cc(C(F)(F)F)[n+]3[BH-]([n+]3c(C(F)(F)F)cc(C(F)(F)F)[n-]->13)[n+]1c(C(F)(F)F)cc(C(F)(F)F)[n-]->21,[CH3-]->[Pt+4]12(<-[CH3-])(<-[CH3-])<-n3c(C(F)(F)F)cc(C(F)(F)F)n3[BH-](n3c(C(F)(F)F)cc(C(F)(F)F)n->13)n1c(C(F)(F)F)cc(C(F)(F)F)n->21,[CH3-]->[Pt+4]12(<-[CH3-])(<-[CH3-])<-n3c(C(F)(F)F)cc(C(F)(F)F)n3[BH-](n3c(C(F)(F)F)cc(C(F)(F)F)n->13)n1c(C(F)(F)F)cc(C(F)(F)F)n->21
XAJBUF,CP(C)(c1ccccc1)->[Pd+4]1(<-[CH3-])(<-[CH3-])(<-[CH3-])<-n2cccc3ccc4cccn->1c4c32,C23 H28 N2 P1 Pd1 1+,1.0,CP(C)(c1ccccc1)->[Pd+4]1(<-[CH3-])(<-[CH3-])(<-[CH3-])<-n2cccc3ccc4cccn->1c4c32,CP(C)(c1ccccc1)->[Pd+4]1(<-[CH3-])(<-[CH3-])(<-[CH3-])<-n2cccc3ccc4cccn->1c4c32,CP(C)(c1ccccc1)->[Pd+4]1(<-[CH3-])(<-[CH3-])(<-[CH3-])<-n2cccc3ccc4cccn->1c4c32
XAKDOD,,C14 H14 F12 N2 O8 Ru1 S4,0.0,CC(C)c12->[Ru+2]34567(<-O=S(=O)([N-]->3S(=O)(=O)C(F)(F)F)C(F)(F)F)(<-[O-]S(=O)(=NS(=O)(=O)C(F)(F)F)C(F)(F)F)<-c(c->41)c->5(C)c->6c->72,CC(C)c12->[Ru+2]34567(<-O=S(=O)(N=S(=O)([O-])C(F)(F)F)C(F)(F)F)(<-O=S(=O)([N-]->3S(=O)(=O)C(F)(F)F)C(F)(F)F)<-c(c->41)c->5(C)c->6c->72,CC(C)c12->[Ru+2]3456(<-O=S(=O)(N=S(=O)([O-])C(F)(F)F)C(F)(F)F)(<-O=S(=O)([N-]->3S(=O)(=O)C(F)(F)F)C(F)(F)F)<-c(c->41)c->5(C)cc->62
XAKSAE,COc1ccccc1N1CCN(CCCN2Cc3ccccc3P(c3ccccc3)(c3ccccc3)->[Re+]<-2(<-[Br-])(<-[C-]#[O+])(<-[C-]#[O+])<-[C-]#[O+])CC1,C36 H38 Br1 N3 O4 P1 Re1,0.0,COc1ccccc1N1CCN(CCCN2Cc3ccccc3P(c3ccccc3)(c3ccccc3)->[Re+]<-2(<-[Br-])(<-[C-]#[O+])(<-[C-]#[O+])<-[C-]#[O+])CC1,COc1ccccc1N1CCN(CCCN2Cc3ccccc3P(c3ccccc3)(c3ccccc3)->[Re+]<-2(<-[Br-])(<-[C-]#[O+])(<-[C-]#[O+])<-[C-]#[O+])CC1,COc1ccccc1N1CCN(CCCN2Cc3ccccc3P(c3ccccc3)(c3ccccc3)->[Re+]<-2(<-[Br-])(<-[C-]#[O+])(<-[C-]#[O+])<-[C-]#[O+])CC1
XALGAS,CC#N->[Ru@TB9+4]1(<-[Cl-])(<-[CH-]C=C(C)C)<-P(CP->1(C(C)(C)C)C(C)(C)C)(C(C)(C)C)C(C)(C)C,C24 H49 Cl1 N1 P2 Ru1 1+,1.0,CC#N->[Ru+4]1(<-[Cl-])(<-[CH-2]C=C(C)C)<-P(CP->1(C(C)(C)C)C(C)(C)C)(C(C)(C)C)C(C)(C)C,CC#N->[Ru+2]1(<-[Cl-])(<-[CH]C=C(C)C)<-P(CP->1(C(C)(C)C)C(C)(C)C)(C(C)(C)C)C(C)(C)C,CC#N->[Ru+2]1(<-[Cl-])(<-[CH]C=C(C)C)<-P(CP->1(C(C)(C)C)C(C)(C)C)(C(C)(C)C)C(C)(C)C
XALXAM,,C10 H14 N2 O7 S1 Zn1,0.0,NC(=O)c1ccn(->[Zn+2]23(<-O)(<-O)<-[O-]C(=O)CS->2CC(=O)[O-]->3)cc1,NC(=O)c1ccn(->[Zn+2]23(<-O)(<-O)<-[O-]C(=O)CS->2CC(=O)[O-]->3)cc1,NC(=O)c1ccn(->[Zn+2]23(<-O)<-[O-]C(=O)CS->2CC(=O)[O-]->3)cc1.O
XAMJEA,,C32 H34 Cl1 O2 P1 Ru1,0.0,COC(=O)C=[C-2]->[Ru+4]1234(<-[Cl-])(<-c5(C)c->1(C)c->2(C)[c-]->3(C)c->45C)<-P(c1ccccc1)(c1ccccc1)c1ccccc1,COC(=O)C=[C]->[Ru+2]1234(<-[Cl-])(<-c5(C)c->1(C)c->2(C)[c-]->3(C)c->45C)<-P(c1ccccc1)(c1ccccc1)c1ccccc1,COC(=O)C=[C]->[Ru+2]1234(<-[Cl-])(<-c5(C)c->1(C)c->2(C)[c-]->3(C)c->45C)<-P(c1ccccc1)(c1ccccc1)c1ccccc1
XAMTIO,COC(=O)/C1[S-]->[Co+3]23456(<-c7c->2c->3[cH-]->4c->57)<-N(=[SH]->6\C=1C(=O)OC)S(C)(=O)=O,C12 H14 Co1 N1 O6 S3,0.0,COC(=O)C1[S-]->[Co+3]23456(<-c7c->2c->3[cH-]->4c->57)<-[N-](S->6C=1C(=O)OC)S(C)(=O)=O,COC(=O)C1=S->[Co+]23456(<-c7c->2c->3[cH-]->4c->57)<-N(=[SH+]->6=C1C(=O)OC)S(C)(=O)=O,COC(=O)C1=S->[Co+]23456(<-c7c->2c->3[cH-]->4c->57)<-N(=[SH+]->6=C1C(=O)OC)S(C)(=O)=O
XANGEB,CC(C)(C)[N+](=O)/C=C1/C=CC=C[N-]1->[Hg+2](<-[Br-])<-[Br-],C10 H14 Br2 Hg1 N2 O1,0.0,CC(C)(C)[N+]1=Cc2ccccn2->[Hg+2](<-[Br-])(<-[Br-])<-[O-]1,CC(C)(C)N1C=C2C=CC=C[N-]2->[Hg+4](<-[Br-])(<-[Br-])<-[O-]1,CC(C)(C)[N+](=Cc1ccccn1)[O-]->[Hg+2](<-[Br-])<-[Br-]
XANQUY,c1ccc(C2=C(/c3ccccn3)[N-]3/N=C(\[S-]->[Ni@SP3+2]<-34<-S=C(/N=N->4/2)N2CCCCCC2)N2CCCCCC2)nc1,C26 H32 N8 Ni1 S2,0.0,c1ccc(C2C(c3ccccn3)=N3N=C([S-]->[Ni+2]<-34<-[S-]C(=NN->4=2)N2CCCCCC2)N2CCCCCC2)nc1,c1ccc(C2=C(c3ccccn3)N3=NC(=S->[Ni]<-34<-S=C(N=N->42)N2CCCCCC2)N2CCCCCC2)nc1,c1ccc(C2=C(c3ccccn3)N3=NC(=S->[Ni]<-34<-S=C(N=N->42)N2CCCCCC2)N2CCCCCC2)nc1
XAPLAB,,C39 H39 N1 O2 P2 S1 W1,0.0,[O+]#[C-]->[W+4]1(<-[C-3]C=C2CCCCCCC2)(<-[C-]#[O+])(<-[N-]=C=S)<-P(CCP->1(c1ccccc1)c1ccccc1)(c1ccccc1)c1ccccc1,[O+]#[C-]->[W+2]1(<-[C-]C=C2CCCCCCC2)(<-[C-]#[O+])(<-[N-]=C=S)<-P(CCP->1(c1ccccc1)c1ccccc1)(c1ccccc1)c1ccccc1,[O+]#[C-]->[W+2]1(<-[C-]C=C2CCCCCCC2)(<-[C-]#[O+])(<-[N-]=C=S)<-P(CCP->1(c1ccccc1)c1ccccc1)(c1ccccc1)c1ccccc1
XARDOK,[CH3-]->[Pt+2]1(<-[CH3-])<-n2ccccc2C(=O)c2ccccn->12,C13 H14 N2 O1 Pt1,0.0,[CH3-]->[Pt+2]1(<-[CH3-])<-n2ccccc2C(=O)c2ccccn->12,[CH3-]->[Pt+2]1(<-[CH3-])<-n2ccccc2C(=O)c2ccccn->12,[CH3-]->[Pt+2]12(<-[CH3-])<-n3ccccc3C->1(=O)c1ccccn->21
XARHON,Cc1cccc(C)c1[N-2]->[Nb+5]12345(<-[Cl-])(<-[C-](/C)=N->1/c1c(C)cccc1C)<-c1c->2c->3[c-]->4([Si](C)(C)C)c->51,C26 H34 Cl1 N2 Nb1 Si1,0.0,Cc1cccc(C)c1[N-2]->[Nb+4]12345(<-[Cl-])(<-C(C)=N->1c1c(C)cccc1C)<-c1c->2c->3([Si](C)(C)C)c->4[cH-]->51,Cc1cccc(C)c1[N-2]->[Nb+5]12345(<-[Cl-])(<-[C-](C)=N->1c1c(C)cccc1C)<-c1c->2c->3[c-]->4([Si](C)(C)C)c->51,Cc1cccc(C)c1[N-2]->[Nb+5]12345(<-[Cl-])(<-[C-](C)=N->1c1c(C)cccc1C)<-c1c->2c->3[c-]->4([Si](C)(C)C)c->51
XARVAO,,C28 H35 B1 Mo1 N6 O3,0.0,CC(C)c1cc[n+]2[BH-]3[n+]4ccc(C(C)C)[n-]4->[Mo+6](<-[O-2])(<-[O-2])(<-[O-]c4ccc5ccccc5c4)(<-[n-]12)<-[n-]1c(C(C)C)cc[n+]13,CC(C)c1ccn2[BH-]3n4ccc(C(C)C)n4->[Mo+6](<-[O-2])(<-[O-2])(<-[O-]c4ccc5ccccc5c4)(<-n12)<-n1c(C(C)C)ccn13,CC(C)c1ccn2[BH-]3n4ccc(C(C)C)n4->[Mo+6](<-[O-2])(<-[O-2])(<-[O-]c4ccc5ccccc5c4)(<-n12)<-n1c(C(C)C)ccn13
XATPEP,CC(=O)/C=C(/C)NP(C(C)C)(C(C)C)->[Pd+2](<-[Br-])(<-[Br-])<-P(N/C(C)=C\C(C)=O)(C(C)C)C(C)C,C22 H44 Br2 N2 O2 P2 Pd1,0.0,CC(=O)C=C(C)NP(C(C)C)(C(C)C)->[Pd+2](<-[Br-])(<-[Br-])<-P(NC(C)=CC(C)=O)(C(C)C)C(C)C,CC(=O)C=C(C)NP(C(C)C)(C(C)C)->[Pd+2](<-[Br-])(<-[Br-])<-P(NC(C)=CC(C)=O)(C(C)C)C(C)C,CC(=O)C=C(C)NP(C(C)C)(C(C)C)->[Pd+2](<-[Br-])(<-[Br-])<-P(NC(C)=CC(C)=O)(C(C)C)C(C)C
XATXOH,CN12->[Co+3]345(<-[O-][O-]->3)<-N(C)(CCC1)CCN->4(C)CCN->5(C)CC2,C13 H30 Co1 N4 O2 1+,1.0,CN12->[Co+3]345(<-[O-][O-]->3)<-N(C)(CCC1)CCN->4(C)CCN->5(C)CC2,CN12->[Co+3]345(<-[O-][O-]->3)<-N(C)(CCC1)CCN->4(C)CCN->5(C)CC2,CN12->[Co+3]345(<-[O-][O-]->3)<-N(C)(CCC1)CCN->4(C)CCN->5(C)CC2
XAVXUP,COC(=O)/[C-]1=[C-](\C(=O)OC)->[Pd+2]<-12<-N(=C\C=N->2\C(C)(C)C)/C(C)(C)C,C16 H26 N2 O4 Pd1,0.0,COC(=O)C1#C(C(=O)OC)->[Pd]<-12<-N(=CC=N->2C(C)(C)C)C(C)(C)C,COC(=O)C1#C(C(=O)OC)->[Pd]<-12<-N(=CC=N->2C(C)(C)C)C(C)(C)C,COC(=O)C1#C(C(=O)OC)->[Pd]<-12<-N(=CC=N->2C(C)(C)C)C(C)(C)C
XAWLUC,,C36 H38 N1 O1 P1 W1,0.0,C=[C-](c1ccccc1)->[WH+3]1234(<-[N-]=O)(<-c5(C)c->1(C)c->2(C)[c-]->3(C)c->45C)<-P(c1ccccc1)(c1ccccc1)c1ccccc1,C=[C-](c1ccccc1)->[WH+3]1234(<-[N-]=O)(<-c5(C)c->1(C)c->2(C)[c-]->3(C)c->45C)<-P(c1ccccc1)(c1ccccc1)c1ccccc1,C=[C-](c1ccccc1)->[WH+3]1234(<-[N-]=O)(<-c5(C)c->1(C)c->2(C)[c-]->3(C)c->45C)<-P(c1ccccc1)(c1ccccc1)c1ccccc1
XAXCOO,[Cl-]->[Pt@OH10+2]1(<-[c-]2ccsc2-c2ccccn->12)<-n1ccccc1-c1cccs1,C18 H13 Cl1 N2 Pt1 S2,0.0,[Cl-]->[Pt+2]1(<-[c-]2ccsc2-c2ccccn->12)<-n1ccccc1-c1cccs1,[Cl-]->[Pt+2]1(<-[c-]2ccsc2-c2ccccn->12)<-n1ccccc1-c1cccs1,[Cl-]->[Pt+2]12(<-[c-]3ccsc3-c3ccccn->13)<-n1ccccc1-c1cccs->21
XAXYIG,,C19 H40 B1 Fe1 N1 P2,0.0,CC(C)P1(Cc2cccc3CP(C(C)C)(C(C)C)->[FeH+]<-14(<-[H][BH2-][H]->4)<-n23)C(C)C,[BH2+]->[FeH3-]12<-n3c(CP->1(C(C)C)C(C)C)cccc3CP->2(C(C)C)C(C)C,[BH2+]->[FeH3-]12<-n3c(CP->1(C(C)C)C(C)C)cccc3CP->2(C(C)C)C(C)C
XAZZAC,,C20 H36 I2 N4 Ru1,0.0,CC(C)(C)[N+]#[C-]->[Ru+2](<-[I-])(<-[I-])(<-[C-]#[N+]C(C)(C)C)(<-[C-]#[N+]C(C)(C)C)<-[C-]#[N+]C(C)(C)C,CC(C)(C)[N+]#[C-]->[Ru+2](<-[I-])(<-[I-])(<-[C-]#[N+]C(C)(C)C)(<-[C-]#[N+]C(C)(C)C)<-[C-]#[N+]C(C)(C)C,CC(C)(C)[N+]#[C-]->[Ru+2](<-[I-])(<-[I-])(<-[C-]#[N+]C(C)(C)C)(<-[C-]#[N+]C(C)(C)C)<-[C-]#[N+]C(C)(C)C
XEBYOT,C1#CCCN23->[Cu@TB11+]456<-C(#C->4CC2)CCN(CC1)CCS->5CCS->6CC3,C18 H28 Cu1 N2 S2 1+,1.0,C1#CCCN23->[Cu+]456<-C(#C->4CC2)CCN(CC1)CCS->5CCS->6CC3,C1#CCCN23->[Cu+]456<-C(#C->4CC2)CCN(CC1)CCS->5CCS->6CC3,C1#C2->[Cu+]3456<-C7#C->3CCN->4(CC1)CCS->5CCSCCN->6(CC2)CC7
XECSAZ,C/N1=c2\cccccc2[N-]2[C@@H]3CCCC[C@H]3/N3=c4\cccccc4[N-](C)->[Ti+4]<-1<-3<-2(<-[CH3-])<-[CH3-],C24 H32 N4 Ti1,0.0,CN1=c2cccccc2[N-]2C3CCCCC3N3=c4cccccc4[N-](C)->[Ti+4]<-1<-3<-2(<-[CH3-])<-[CH3-],C[N-]1c2cccccc2=N2C3CCCCC3N3=c4cccccc4[N-](C)->[Ti+4]<-2<-3<-1(<-[CH3-])<-[CH3-],C[N-]1c2cccccc2=N2C3CCCCC3N3=c4cccccc4[N-](C)->[Ti+4]<-2<-3<-1(<-[CH3-])<-[CH3-]
XECVUY,COC(=O)COc1cccc2cccn(->[Hg+2](<-[Cl-])<-[Cl-])c12,C12 H11 Cl2 Hg1 N1 O3,0.0,COC1CO2c3cccc4cccn(->[Hg+2]<-2(<-[Cl-])(<-[Cl-])<-O=1)c34,COC(=O)COc1cccc2cccn(->[Hg+2](<-[Cl-])<-[Cl-])c12,COC(=O)COc1cccc2cccn(->[Hg+2](<-[Cl-])<-[Cl-])c12
XEDGEV,[Cl-]->[Rh+]123(<-C4=C->1/CC/C->2=C->3\CC\4)<-P(c1ccccc1)(c1ccccc1)[C@@H](c1ccccc1)n1cc[n+](-c2ccccn2)c1,C35 H35 Cl1 N3 P1 Rh1 1+,1.0,[Cl-]->[Rh+]123(<-C4=C->1CCC->2=C->3CC4)<-P(c1ccccc1)(c1ccccc1)C(c1ccccc1)[n+]1ccn(-c2ccccn2)c1,[Cl-]->[Rh+]123(<-C4=C->1CCC->2=C->3CC4)<-P(c1ccccc1)(c1ccccc1)C(c1ccccc1)n1cc[n+](-c2ccccn2)c1,[Cl-]->[Rh+]123(<-C4=C->1CCC->2=C->3CC4)<-P(c1ccccc1)(c1ccccc1)C(c1ccccc1)n1cc[n+](-c2ccccn2)c1
XEDRUT,NC1N/N=C(\N)c2ccccn2->[Cd+2](<-[Br-])(<-[Br-])<-S=1,C7 H9 Br2 Cd1 N5 S1,0.0,NC1NN2=C(N)c3ccccn3->[Cd+2]<-2(<-[Br-])(<-[Br-])<-S=1,NC1NN2=C(N)c3ccccn3->[Cd+2]<-2(<-[Br-])(<-[Br-])<-S=1,NC1=NNC(N)=S->[Cd+2](<-[Br-])(<-[Br-])<-n2ccccc21
XEFTEI,,C28 H25 P1 Pd1,0.0,[CH3-]->[Pd+2]1234(<-c5[cH-]->1c->2c->31ccccc->451)<-P(c1ccccc1)(c1ccccc1)c1ccccc1,[CH3-]->[Pd+2]1234(<-c5c->1c->21ccccc->31[cH-]->45)<-P(c1ccccc1)(c1ccccc1)c1ccccc1,[CH3-]->[Pd+2]1234(<-c5c->1c->21ccccc->31[cH-]->45)<-P(c1ccccc1)(c1ccccc1)c1ccccc1
XEHCUJ,CC(C)P1(C2=C(N(C)(C)->[Pt+2]<-1(<-[CH3-])<-[CH3-])Cc1ccccc12)C(C)C,C19 H32 N1 P1 Pt1,0.0,CC(C)P1(C2=C(N(C)(C)->[Pt+2]<-1(<-[CH3-])<-[CH3-])Cc1ccccc12)C(C)C,CC(C)P1(C2=C(N(C)(C)->[Pt+2]<-1(<-[CH3-])<-[CH3-])Cc1ccccc12)C(C)C,CC(C)P1(C2=C(N(C)(C)->[Pt+2]<-1(<-[CH3-])<-[CH3-])Cc1ccccc12)C(C)C
XEHYIV,O=[N+]([O-])[O-]->[Cd+2]123(<-Nc4ccccc4CN->1CCN->2Cc1ccccc1N->3)<-[O-][N+](=O)[O-],C16 H22 Cd1 N6 O6,0.0,O=[N+]1[O-]->[Cd+2]2345(<-Nc6ccccc6CN->2CCN->3Cc2ccccc2N->4)(<-[O-]1)<-[O-][N+](=O)[O-]->5,O=[N+]([O-])[O-]->[Cd+2]123(<-Nc4ccccc4CN->1CCN->2Cc1ccccc1N->3)<-[O-][N+](=O)[O-],O=[N+]1[O-]->[Cd+2]2345(<-Nc6ccccc6CN->2CCN->3Cc2ccccc2N->4)(<-[O-]1)<-[O-][N+](=O)[O-]->5
XEJZUI,CC(C)(C)N1C[C@H](Cc2ccccc2)N2->[Ru+2]34567(<-[Cl-])(<-c8c->3(C)c->4c->5(C)c->6c->78C)<-n3ccccc3C=21,C28 H35 Cl1 N3 Ru1 1+,1.0,CC(C)(C)N1CC(Cc2ccccc2)N2->[Ru+2]34567(<-[Cl-])(<-c8c->3(C)c->4c->5(C)c->6c->78C)<-n3ccccc3C=21,CC(C)(C)N1CC(Cc2ccccc2)N2->[Ru+2]34567(<-[Cl-])(<-c8c->3(C)c->4c->5(C)c->6c->78C)<-n3ccccc3C=21,CC(C)(C)N1CC(Cc2ccccc2)N2->[Ru+2]34567(<-[Cl-])(<-c8c->3(C)c->4c->5(C)c->6c->78C)<-n3ccccc3C=21
XEKGOJ,CCP(CC)(CC)->[Ru+4]12(<-[C-3][CH+]c3ccccc3)(<-n3cccn3[BH-](n3cccn->13)n1cccn->21)<-P(CC)(CC)CC,C29 H46 B1 N6 P2 Ru1 1+,1.0,CCP(CC)(CC)->[Ru+4]12(<-[C-2]=Cc3ccccc3)(<-[n-]3ccc[n+]3[BH-]([n+]3ccc[n-]->13)[n+]1ccc[n-]->21)<-P(CC)(CC)CC,CCP(CC)(CC)->[Ru+2]12(<-[C]=Cc3ccccc3)(<-n3cccn3[BH-](n3cccn->13)n1cccn->21)<-P(CC)(CC)CC,CCP(CC)(CC)->[Ru+2]12(<-[C]=Cc3ccccc3)(<-n3cccn3[BH-](n3cccn->13)n1cccn->21)<-P(CC)(CC)CC
XEKWIT,[O-]C#C([P+](c1ccccc1)(c1ccccc1)c1ccccc1)->[Pt+2](<-[Cl-])(<-[Cl-])<-C(#C[O-])[P+](c1ccccc1)(c1ccccc1)c1ccccc1,C40 H30 Cl2 O2 P2 Pt1,0.0,O=C=[C-]([P](c1ccccc1)(c1ccccc1)c1ccccc1)->[Pt+4](<-[Cl-])(<-[Cl-])<-[C-](=C=O)[P](c1ccccc1)(c1ccccc1)c1ccccc1,O=[C-][C-](=P(c1ccccc1)(c1ccccc1)c1ccccc1)->[Pt+6](<-[Cl-])(<-[Cl-])<-[C-]([C-]=O)=P(c1ccccc1)(c1ccccc1)c1ccccc1,O=[C-][C-](=P(c1ccccc1)(c1ccccc1)c1ccccc1)->[Pt+6](<-[Cl-])(<-[Cl-])<-[C-]([C-]=O)=P(c1ccccc1)(c1ccccc1)c1ccccc1
XELPUZ,O=N1c2ccc3ccccc3c2[O-]->[Rh+3]<-12(<-[Cl-])(<-[Cl-])<-N=C1C=Cc3ccccc3C1=O->2,C20 H13 Cl2 N2 O3 Rh1,0.0,[O]N1=C2C=Cc3ccccc3C2=O->[Rh+2]<-12(<-[Cl-])(<-[Cl-])<-N=C1C=Cc3ccccc3C1=O->2,[O-][N-]1c2ccc3ccccc3c2[O-]->[Rh+7]<-12(<-[Cl-])(<-[Cl-])<-[NH-]c1ccc3ccccc3c1[O-]->2,[O-][N-]1c2ccc3ccccc3c2[O-]->[Rh+7]<-12(<-[Cl-])(<-[Cl-])<-[NH-]c1ccc3ccccc3c1[O-]->2
XEMWOC,CC(C)CP([O-])(c1ccccc1)->[Pt+2]1(<-[CH3-])<-P(CCP->1(c1ccccc1)c1ccccc1)(c1ccccc1)c1ccccc1,C37 H41 O1 P3 Pt1,0.0,CC(C)C[PH](=O)(c1ccccc1)->[Pt+]1(<-[CH3-])<-P(CCP->1(c1ccccc1)c1ccccc1)(c1ccccc1)c1ccccc1,CC(C)CP([O-])(c1ccccc1)->[Pt+2]1(<-[CH3-])<-P(CCP->1(c1ccccc1)c1ccccc1)(c1ccccc1)c1ccccc1,CC(C)CP([O-])(c1ccccc1)->[Pt+2]1(<-[CH3-])<-P(CCP->1(c1ccccc1)c1ccccc1)(c1ccccc1)c1ccccc1
XENMAH,C1=C/C2=C/[N-](c3ccccc3Oc3ccccc3)->[Zn+2]3(<-N2=C1)<-N1=CC=C/C1=C/[N-]->3c1ccccc1Oc1ccccc1,C34 H26 N4 O2 Zn1,0.0,C1c2ccc[n-]2->[Zn+2]23(<-N=1c1ccccc1Oc1ccccc1)<-N(=Cc1ccc[n-]->21)c1ccccc1O->3c1ccccc1,C1=CC2=C[N-](c3ccccc3Oc3ccccc3)->[Zn+2]3(<-N2=C1)<-N1=CC=CC1=C[N-]->3c1ccccc1Oc1ccccc1,C1=CC2=C[N-](c3ccccc3Oc3ccccc3)->[Zn+2]3(<-N2=C1)<-N1=CC=CC1=C[N-]->3c1ccccc1Oc1ccccc1
XEPTUI,FC(F)(F)[C-]1[CH-][CH+][C+]([C-]2c3ccc4[n-]3->[Zn@SP3+2]35<-[N-]6[C+]([CH+][CH+][C-]6[CH+][C-]6[CH+][CH+][C+]([C+]([C-]7[CH+][CH+][CH-][CH-][CH-]7)[C-]7[CH+][CH+][C+]2[N-]->37)[N-]->56)C4=C2C=C[CH-]C=C2)[CH-][CH-]1,C39 H23 F3 N4 Zn1,0.0,FC(F)(F)c1ccc(-c2c3n4->[Zn+2]56<-n7c(cc8ccc(c(-c9ccccc9)c4C=C3)[n-]->58)C=Cc7c(-c3ccccc3)c3ccc2[n-]->63)cc1,FC(F)(F)c1ccc(-c2c3n4->[Zn+2]56<-n7c(cc8ccc(c(-c9ccccc9)c4C=C3)[n-]->58)C=Cc7c(-c3ccccc3)c3ccc2[n-]->63)cc1,FC(F)(F)c1ccc(-c2c3n4->[Zn+2]56<-n7c(cc8ccc(c(-c9ccccc9)c4C=C3)[n-]->58)C=Cc7c(-c3ccccc3)c3ccc2[n-]->63)cc1
XEQQUH,,C17 H17 N2 Pt1 S2 1+,1.0,CS1c2ccccc2C=N2CCN3=Cc4ccccc4[S-]->[Pt+2]<-3<-2<-1,CS1c2ccccc2C=N2CC[N-]3C=C4C=CC=CC4=S->[Pt+2]<-2<-3<-1,CS1c2ccccc2C=N2CC[N-]3C=C4C=CC=CC4=S->[Pt+2]<-2<-3<-1
XEQVAT,,C24 H39 B1 N2 O2 Si1 W1,0.0,CC1=C(C)N(C)[C]([BH2-]2C3=C([Si](C)(C)C)->[W+2]<-2<-34567(<-[C-]#[O+])(<-[C-]#[O+])<-c2(C)c->4(C)c->5(C)[c-]->6(C)c->72C)N1C,CC1=C(C)N(C)C(=[BH-]2C3=C([Si](C)(C)C)->[W+2]<-2<-34567(<-[C-]#[O+])(<-[C-]#[O+])<-c2(C)c->4(C)c->5(C)[c-]->6(C)c->72C)N1C,CC1=C(C)N(C)C(=[BH-]2C3=C([Si](C)(C)C)->[W+2]<-2<-34567(<-[C-]#[O+])(<-[C-]#[O+])<-c2(C)c->4(C)c->5(C)[c-]->6(C)c->72C)N1C
XERMOY,,C26 H23 Ir1 N2 O1 S2,0.0,fail,COC1=S->[Ir+3]23(<-[S-]1)(<-[c-]1cc(C)ccc1-c1ccccn->21)<-[c-]1cc(C)ccc1-c1ccccn->31,COC1=S->[Ir+3]23(<-[S-]1)(<-[c-]1cc(C)ccc1-c1ccccn->21)<-[c-]1cc(C)ccc1-c1ccccn->31
XESROE,CN(C)c1ccccc1[N-](c1ccccc1N(C)C)->[Ni@TB8+2]12<-[N-](c3ccccc3N->1(C)C)c1ccccc1N->2(C)C,C32 H40 N6 Ni1,0.0,CN(C)c1ccccc1[N-]1c2ccccc2N(C)(C)->[Ni+2]<-123<-[N-](c1ccccc1N->2(C)C)c1ccccc1N->3(C)C,CN(C)c1ccccc1[N-]1c2ccccc2N(C)(C)->[Ni+2]<-123<-[N-](c1ccccc1N->2(C)C)c1ccccc1N->3(C)C,CN(C)c1ccccc1[N-]1c2ccccc2N(C)(C)->[Ni+2]<-123<-[N-](c1ccccc1N->2(C)C)c1ccccc1N->3(C)C
XETLEQ,CS(C)(=O)->[Ru+2]1(<-[Cl-])(<-O=c2c([O-]->1)c(-c1ccc(O)cc1)oc1cc(O)cc(O)c21)(<-S(C)(C)=O)<-S(C)(C)=O,C21 H27 Cl1 O9 Ru1 S3,0.0,CS(C)(=O)->[Ru+2]1(<-[Cl-])(<-O=c2c([O-]->1)c(-c1ccc(O)cc1)oc1cc(O)cc(O)c21)(<-S(C)(C)=O)<-S(C)(C)=O,CS(C)(=O)->[Ru+2]1(<-[Cl-])(<-O=c2c([O-]->1)c(-c1ccc(O)cc1)oc1cc(O)cc(O)c21)(<-S(C)(C)=O)<-S(C)(C)=O,CS(C)(=O)->[Ru+2]1(<-[Cl-])(<-O=c2c([O-]->1)c(-c1ccc(O)cc1)oc1cc(O)cc(O)c21)(<-S(C)(C)=O)<-S(C)(C)=O
XEVFIP,,C12 H20 B1 N1 Zr1,0.0,CN1(C)[BH2-][H]->[ZrH+3]<-123456789(<-c1c->2c->3[cH-]->4c->51)<-c1c->6c->7[cH-]->8c->91,BN(C)(C)->[ZrH2+2]12345678(<-c9c->1c->2[cH-]->3c->49)<-c1c->5c->6[cH-]->7c->81,BN(C)(C)->[ZrH2+2]12345678(<-c9c->1c->2[cH-]->3c->49)<-c1c->5c->6[cH-]->7c->81
XEWMUI,CC(C)[N-]1N(C)(C)->[Ta+5]<-12(<-[Cl-])(<-[Cl-])(<-[Cl-])<-[N-](C(C)C)N->2(C)C,C10 H26 Cl3 N4 Ta1,0.0,CC(C)[N-](N(C)C)->[Ta+5](<-[Cl-])(<-[Cl-])(<-[Cl-])<-[N-](C(C)C)N(C)C,CC(C)[N-]1N(C)(C)->[Ta+5]<-12(<-[Cl-])(<-[Cl-])(<-[Cl-])<-[N-](C(C)C)N->2(C)C,CC(C)[N-]1N(C)(C)->[Ta+5]<-12(<-[Cl-])(<-[Cl-])(<-[Cl-])<-[N-](C(C)C)N->2(C)C
XEXDIO,S=c1[nH]c(=S)[n-]2->[Ag+](<-S=c2[nH]1)(<-P(c1ccccc1)(c1ccccc1)c1ccccc1)<-P(c1ccccc1)(c1ccccc1)c1ccccc1,C39 H32 Ag1 N3 P2 S3,0.0,S=c1[nH]c(=S)[n-](->[Ag+](<-P(c2ccccc2)(c2ccccc2)c2ccccc2)<-P(c2ccccc2)(c2ccccc2)c2ccccc2)c(=S)[nH]1,S=c1[nH]c(=S)[n-](->[Ag+](<-P(c2ccccc2)(c2ccccc2)c2ccccc2)<-P(c2ccccc2)(c2ccccc2)c2ccccc2)c(=S)[nH]1,S=c1[nH]c(=S)[n-]2->[Ag+](<-S=c2[nH]1)(<-P(c1ccccc1)(c1ccccc1)c1ccccc1)<-P(c1ccccc1)(c1ccccc1)c1ccccc1
XEYHEP,,C17 H28 B1 Mo1 N2 O4 P1,0.0,CO[P]1(B->[Mo+]2345(<-[C-]#[O+])(<-[C-]#[O+])(<-[C-]#[O+])<-[cH-]6c->2(C)c->3(C)c->4(C)c->56C)N(C)CCN1C,COP1(=[BH2-]->[Mo+2]2345(<-[C-]#[O+])(<-[C-]#[O+])(<-[C-]#[O+])<-[cH-]6c->2(C)c->3(C)c->4(C)c->56C)N(C)CCN1C,COP1(=[BH2-]->[Mo+2]2345(<-[C-]#[O+])(<-[C-]#[O+])(<-[C-]#[O+])<-[cH-]6c->2(C)c->3(C)c->4(C)c->56C)N(C)CCN1C
XEZNOH,,C20 H26 F3 Ir1 N2 O5 S1 Si1,0.0,C[Si-]12Oc3ccccn3->[IrH+2]<-13(<-[O-]S(=O)(=O)C(F)(F)F)(<-C1=C->3CCCCCC1)<-n1ccccc1O2,C[Si-]12Oc3ccccn3->[IrH+2]<-13(<-[O-]S(=O)(=O)C(F)(F)F)(<-C1=C->3CCCCCC1)<-n1ccccc1O2,C[Si-]12Oc3ccccn3->[IrH+2]<-13(<-[O-]S(=O)(=O)C(F)(F)F)(<-C1=C->3CCCCCC1)<-n1ccccc1O2
XIBHUL,Cc12->[Ru+2]34567(<-[Cl-])(<-c1c->3(C)c->4c->5(C)c->62)<-N1=C(c2ccccn->72)N[C@@H](c2ccccc2)[C@@H]1c1ccccc1,C29 H29 Cl1 N3 Ru1 1+,1.0,Cc12->[Ru+2]34567(<-[Cl-])(<-c1c->3(C)c->4c->5(C)c->62)<-N1=C(c2ccccn->72)NC(c2ccccc2)C1c1ccccc1,Cc12->[Ru+2]34567(<-[Cl-])(<-c1c->3(C)c->4c->5(C)c->62)<-N1=C(c2ccccn->72)NC(c2ccccc2)C1c1ccccc1,Cc12->[Ru+2]34567(<-[Cl-])(<-c1c->3(C)c->4c->5(C)c->62)<-N1=C(c2ccccn->72)NC(c2ccccc2)C1c1ccccc1
XICZIS,OC(=O->[Zn+2](<-[Cl-])(<-[Cl-])<-O=C(O)[C@H]1CCCNC1)[C@H]1CCCNC1,C12 H22 Cl2 N2 O4 Zn1,0.0,O=C([O-]->[Zn+2](<-[Cl-])(<-[Cl-])<-[O-]C(=O)C1CCC[NH2+]C1)C1CCC[NH2+]C1,O=C([O-]->[Zn+2](<-[Cl-])(<-[Cl-])<-[O-]C(=O)C1CCC[NH2+]C1)C1CCC[NH2+]C1,OC(=O->[Zn+2](<-[Cl-])(<-[Cl-])<-O=C(O)C1CCCNC1)C1CCCNC1
XIDXAK,,C12 H11 Cr1 N1 O6,0.0,CN(C)C=C1CCO[C-2]1->[Cr+2](<-[C-]#[O+])(<-[C-]#[O+])(<-[C-]#[O+])(<-[C-]#[O+])<-[C-]#[O+],CN(C)C=C1CCO[C]1->[Cr](<-[C-]#[O+])(<-[C-]#[O+])(<-[C-]#[O+])(<-[C-]#[O+])<-[C-]#[O+],CN(C)C=C1CCO[C]1->[Cr](<-[C-]#[O+])(<-[C-]#[O+])(<-[C-]#[O+])(<-[C-]#[O+])<-[C-]#[O+]
XIFHEB,,C16 H16 Cd1 N2 O5 S1,0.0,fail,CC(=O)[O-]->[Cd+2]12(<-O)(<-O=C(C)[O-]->1)<-n1ccccc1-c1sc3ccccc3n->21,CC12->[Cd+2]345(<-O=1)(<-O=C->3(C)[O-]->4)(<-[O-]2)<-n1ccccc1-c1sc2ccccc2n->51.O
XIGDID,[Cl-]->[Ru+2]123456(<-c7c->1c->2c->3c->4c->57)<-N(=C/c1c2ccccc2cc2ccccc12)/CC[Se]->6c1ccccc1,C29 H25 Cl1 N1 Ru1 Se1 1+,1.0,[Cl-]->[Ru+2]123456(<-c7c->1c->2c->3c->4c->57)<-N(=Cc1c2ccccc2cc2ccccc12)CC[Se]->6c1ccccc1,[CH2-]CN(=Cc1c2ccccc2cc2ccccc12)->[Ru+4]12345(<-[Cl-])(<-[Se-]c6ccccc6)<-c6c->1c->2c->3c->4c->56,[CH2-]CN(=Cc1c2ccccc2cc2ccccc12)->[Ru+4]12345(<-[Cl-])(<-[Se-]c6ccccc6)<-c6c->1c->2c->3c->4c->56
XIHCID,c1ccc2c3/N4=N/c5sccn5->[Co+3]<-456(<-[O-]c3ccc2c1)<-[O-]c1ccc2ccccc2c1/N->5=N/c1sccn->61,C26 H16 Co1 N6 O2 S2 1+,1.0,c1ccc2c3N4=Nc5sccn5->[Co+3]<-456(<-[O-]c3ccc2c1)<-[O-]c1ccc2ccccc2c1N->5=Nc1sccn->61,c1ccc2c3[N-]4N=c5scc[n-]5->[Co+7]<-456(<-[O-]c3ccc2c1)<-[O-]c1ccc2ccccc2c1[N-]->5N=c1scc[n-]->61,c1ccc2c3[N-]4N=c5scc[n-]5->[Co+7]<-456(<-[O-]c3ccc2c1)<-[O-]c1ccc2ccccc2c1[N-]->5N=c1scc[n-]->61
XIKHUU,CC(C)c1cccc(C(C)C)c1N1C=CN(c2ccccn2)[C]1->[Cu+]<-[Br-],C20 H23 Br1 Cu1 N3,0.0,CC(C)c1cccc(C(C)C)c1N1C=CN2c3ccccn3->[Cu+](<-[Br-])<-[C]12,CC(C)c1cccc(C(C)C)c1N1C=CN2c3ccccn3->[Cu+](<-[Br-])<-[C]12,CC(C)c1cccc(C(C)C)c1N1C=CN2c3ccccn3->[Cu+](<-[Br-])<-[C]12
XILBIF,,C22 H43 Ir1 N5 1+,1.0,CC(C)(C)N1C=CN(C(C)(C)C)[C]1->[IrH+2]1(<-N)<-[CH2-]C(C)(C)N2C=CN(C(C)(C)C)[C]->12,CC(C)(C)N1C=CN(C(C)(C)C)[C]1->[IrH+2]1(<-N)<-[CH2-]C(C)(C)n2cc[n+](C(C)(C)C)[c-]->12,CC(C)(C)N1C=CN(C(C)(C)C)[C]1->[IrH+2]1(<-N)<-[CH2-]C(C)(C)n2cc[n+](C(C)(C)C)[c-]->12
XILPAL,CC(=O)C(/[C-](=[NH+]/c1ccccc1)->[Au+]<-[Cl-])=P(c1ccccc1)(c1ccccc1)c1ccccc1,C28 H24 Au1 Cl1 N1 O1 P1,0.0,CC(=O)C(=[C](Nc1ccccc1)->[Au]<-[Cl-])[P+](c1ccccc1)(c1ccccc1)c1ccccc1,CC(=O)C([C-](=[NH+]c1ccccc1)->[Au+]<-[Cl-])=P(c1ccccc1)(c1ccccc1)c1ccccc1,CC(=O)C1[C-](=[NH+]c2ccccc2)->[Au+](<-[Cl-])<-P=1(c1ccccc1)(c1ccccc1)c1ccccc1
XINMEN,C[SiH](C)[N-]([SiH](C)C)->[Y+3]12345(<-[H][Si](C)(C)[N-]->1[SiH](C)C)(<-O1CCCC1)<-c1(C)c->2(C)c->3(C)[c-]->4(C)c->51C,C22 H51 N2 O1 Si4 Y1,0.0,C[SiH](C)[N-]([SiH](C)C)->[Y+3]1234(<-[N-]([SiH](C)C)[SiH](C)C)(<-O5CCCC5)<-c5(C)c->1(C)c->2(C)[c-]->3(C)c->45C,C[SiH](C)[N-]([SiH](C)C)->[Y+3]1234(<-[N-]([SiH](C)C)[SiH](C)C)(<-O5CCCC5)<-c5(C)c->1(C)c->2(C)[c-]->3(C)c->45C,Cc1c(C)[c-](C)c(C)(->[Y+3](<-[N-]([SiH](C)C)[SiH](C)C)(<-[N-]([SiH](C)C)[SiH](C)C)<-O2CCCC2)c1C
XIPJEO,CC1/C=C(/C)[O-]->[Ru+2]23(<-O=1)(<-O=C(C)/C=C(/C)[O-]->2)<-O=C1/C(=C2/Sc4ccccc4C2=O->3)Sc2ccccc21,C26 H22 O6 Ru1 S2,0.0,fail,CC1=CC(C)=O->[Ru+4]23(<-O=C(C)C=C(C)[O-]->2)(<-[O-]1)<-[O-]c1c(-c2sc4ccccc4c2[O-]->3)sc2ccccc12,CC1=CC(C)=O->[Ru+4]23(<-O=C(C)C=C(C)[O-]->2)(<-[O-]1)<-[O-]c1c(-c2sc4ccccc4c2[O-]->3)sc2ccccc12
XIQGOU,COP(c1ccccc1)(c1ccccc1)->[Ru+2](<-[Cl-])(<-[Cl-])(<-[C-]#[O+])(<-[C-]#[O+])<-P(OC)(c1ccccc1)c1ccccc1,C28 H26 Cl2 O4 P2 Ru1,0.0,COP(c1ccccc1)(c1ccccc1)->[Ru+2](<-[Cl-])(<-[Cl-])(<-[C-]#[O+])(<-[C-]#[O+])<-P(OC)(c1ccccc1)c1ccccc1,COP(c1ccccc1)(c1ccccc1)->[Ru+2](<-[Cl-])(<-[Cl-])(<-[C-]#[O+])(<-[C-]#[O+])<-P(OC)(c1ccccc1)c1ccccc1,COP(c1ccccc1)(c1ccccc1)->[Ru+2](<-[Cl-])(<-[Cl-])(<-[C-]#[O+])(<-[C-]#[O+])<-P(OC)(c1ccccc1)c1ccccc1
XIQTUN,[Cl-]->[Au@TB19+]12<-B(c3ccccc3)(c3ccccc3P->1(c1ccccc1)c1ccccc1)c1ccccc1P->2(c1ccccc1)c1ccccc1,C42 H33 Au1 B1 Cl1 P2,0.0,[Cl-]->[Au+]12<-B(c3ccccc3)(c3ccccc3P->1(c1ccccc1)c1ccccc1)c1ccccc1P->2(c1ccccc1)c1ccccc1,[Cl-]->[Au+]12<-B(c3ccccc3)(c3ccccc3P->1(c1ccccc1)c1ccccc1)c1ccccc1P->2(c1ccccc1)c1ccccc1,[Cl-]->[Au+]12<-B(c3ccccc3)(c3ccccc3P->1(c1ccccc1)c1ccccc1)c1ccccc1P->2(c1ccccc1)c1ccccc1
XIRGOW,,C18 H14 O6 S1 W1,0.0,fail,CCO[C-]1=c2sc3ccccc3c2=[C-](OCC)->[W+2]<-1(<-[C-]#[O+])(<-[C-]#[O+])(<-[C-]#[O+])<-[C-]#[O+],CCO[C-]1=c2sc3ccccc3c2=[C-](OCC)->[W+2]<-1(<-[C-]#[O+])(<-[C-]#[O+])(<-[C-]#[O+])<-[C-]#[O+]
XIRYAY,CCO[C](/C=C(\C=C1/N(C)c2ccccc2C1(C)C)c1ccccc1)->[W](<-[C-]#[O+])(<-[C-]#[O+])(<-[C-]#[O+])(<-[C-]#[O+])<-[C-]#[O+],C28 H25 N1 O6 W1,0.0,CCO[C-2](C=C(C=C1N(C)c2ccccc2C1(C)C)c1ccccc1)->[W+2](<-[C-]#[O+])(<-[C-]#[O+])(<-[C-]#[O+])(<-[C-]#[O+])<-[C-]#[O+],CCO[C](C=C(C=C1N(C)c2ccccc2C1(C)C)c1ccccc1)->[W](<-[C-]#[O+])(<-[C-]#[O+])(<-[C-]#[O+])(<-[C-]#[O+])<-[C-]#[O+],CCO[C](C=C(C=C1N(C)c2ccccc2C1(C)C)c1ccccc1)->[W](<-[C-]#[O+])(<-[C-]#[O+])(<-[C-]#[O+])(<-[C-]#[O+])<-[C-]#[O+]
XISHEP,Cc1cc(C)c(-n2c[c-](->[Au+]<-[Cl-])n(-c3c(C)cc(C)cc3C)c2=[N+]=Nc2c(C)c(C)cc(C)c2C)c(C)c1,C31 H36 Au1 Cl1 N4,0.0,Cc1cc(C)c(-n2c(N=Nc3c(C)c(C)cc(C)c3C)[n+](-c3c(C)cc(C)cc3C)c[c]2->[Au]<-[Cl-])c(C)c1,Cc1cc(C)c(-n2c[c-](->[Au+]<-[Cl-])n(-c3c(C)cc(C)cc3C)c2=[N+]=Nc2c(C)c(C)cc(C)c2C)c(C)c1,Cc1cc(C)c(-n2c[c-](->[Au+]<-[Cl-])n(-c3c(C)cc(C)cc3C)c2=[N+]=Nc2c(C)c(C)cc(C)c2C)c(C)c1
XITKOB,Cc1ccc(C)[n-]1->[W+6]1234(<-[CH]C(C)(C)[C-]5[CH-][CH+][CH+][CH-][CH-]5)(<-[N-2]c5c(C(C)C)cccc5C(C)C)<-c5c->1c->2(C)[n-]->3c->45C,C34 H45 N3 W1,0.0,Cc1ccc(C)[n-]1->[W+6]1234(<-[CH-2]C(C)(C)c5ccccc5)(<-[N-2]c5c(C(C)C)cccc5C(C)C)<-c5[cH-]->1c->2(C)n->3c->45C,Cc1ccc(C)[n-]1->[W+4]1234(<-[CH]C(C)(C)c5ccccc5)(<-[N-2]c5c(C(C)C)cccc5C(C)C)<-c5c->1c->2(C)[n-]->3c->45C,Cc1ccc(C)[n-]1->[W+4]1234(<-[CH]C(C)(C)c5ccccc5)(<-[N-2]c5c(C(C)C)cccc5C(C)C)<-c5c->1c->2(C)[n-]->3c->45C
XIVPOI,,C29 H44 N6 Os1 P1 1+,1.0,CC(C)P(C(C)C)(C(C)C)->[OsH+]12(<-[C]3N(C)C=CN3Cc3ccccn->13)<-[C]1N(C)C=CN1Cc1ccccn->21,CC(C)P(C(C)C)(C(C)C)->[OsH+]12(<-[C]3N(C)C=CN3Cc3ccccn->13)<-[C]1N(C)C=CN1Cc1ccccn->21,CC(C)P(C(C)C)(C(C)C)->[OsH+]12(<-[C]3N(C)C=CN3Cc3ccccn->13)<-[C]1N(C)C=CN1Cc1ccccn->21
XIWGIW,,C22 H29 I1 Ir1 N5 O2,0.0,COC(=O)[C-]1=Cc2c(N3C=NN(C)[C]3->[Ir+3]<-13456(<-[I-])<-c1(C)c->3(C)c->4(C)[c-]->5(C)c->61C)nn(C)c2C,COC(=O)[C-]1=Cc2c(N3C=NN(C)[C]3->[Ir+3]<-13456(<-[I-])<-c1(C)c->3(C)c->4(C)[c-]->5(C)c->61C)nn(C)c2C,COC(=O)[C-]1=Cc2c(N3C=NN(C)[C]3->[Ir+3]<-13456(<-[I-])<-c1(C)c->3(C)c->4(C)[c-]->5(C)c->61C)nn(C)c2C
XIWTAZ,COC(=O)C=[CH-]->[Mo+2]1234(<-[C-]#[O+])(<-[C-]#[O+])(<-c5c->1c->2[cH-]->3c->45)<-[P@TB3](C)(c1ccccc1)c1ccccc1,C24 H23 Mo1 O4 P1,0.0,COC(=O)C=[CH-]->[Mo+2]1234(<-[C-]#[O+])(<-[C-]#[O+])(<-c5c->1c->2[cH-]->3c->45)<-P(C)(c1ccccc1)c1ccccc1,COC(=O)C=[CH-]->[Mo+2]1234(<-[C-]#[O+])(<-[C-]#[O+])(<-c5c->1c->2[cH-]->3c->45)<-P(C)(c1ccccc1)c1ccccc1,COC(=O)C=C1[C-](=O)->[Mo+2]<-12345(<-[C-]#[O+])(<-c1c->2c->3[cH-]->4c->51)<-P(C)(c1ccccc1)c1ccccc1
XIWYUX,[N-3]->[Mn+5]1234<-[O-]C(=O)CN->15CCCN->2CCN->3CCCN->4CC5,C12 H25 Mn1 N5 O2 1+,1.0,[N-3]->[Mn+5]1234<-[O-]C(=O)CN->15CCCN->2CCN->3CCCN->4CC5,[N-3]->[Mn+5]1234<-[O-]C(=O)CN->15CCCN->2CCN->3CCCN->4CC5,[N-3]->[Mn+5]1234<-[O-]C(=O)CN->15CCCN->2CCN->3CCCN->4CC5
XIXNID,COc1c[c-]2->[Ir+3]34(<-[O-]C(=O)c5ccccn->35)(<-[c-]3cc(OC)nc(OC)c3-c3ccccn->43)<-n3ccccc3-c2c(OC)n1,C30 H26 Ir1 N5 O6,0.0,COc1c[c-]2->[Ir+3]34(<-[O-]C(=O)c5ccccn->35)(<-[c-]3cc(OC)nc(OC)c3-c3ccccn->43)<-n3ccccc3-c2c(OC)n1,COc1c[c-]2->[Ir+3]34(<-[O-]C(=O)c5ccccn->35)(<-[c-]3cc(OC)nc(OC)c3-c3ccccn->43)<-n3ccccc3-c2c(OC)n1,COc1c[c-]2->[Ir+3]34(<-[O-]C(=O)c5ccccn->35)(<-[c-]3cc(OC)nc(OC)c3-c3ccccn->43)<-n3ccccc3-c2c(OC)n1
XIXVEH,COc1ccc2N3N=CN(C)[C]3->[Pt+2]3(<-O=C(C)/C=C(/C)[O-]->3)<-[c-]2c1,C15 H17 N3 O3 Pt1,0.0,fail,COc1ccc2N3N=CN(C)[C]3->[Pt+2]3(<-O=C(C)C=C(C)[O-]->3)<-[c-]2c1,COc1ccc2N3N=CN(C)[C]3->[Pt+2]3(<-O=C(C)C=C(C)[O-]->3)<-[c-]2c1
XIYBUD,N#Cc1cccc(OCCN(CCOc2cccc(C#N)c2)(CCOc2cccc(C#N)c2)->[Hg+2](<-[Cl-])<-[Cl-])c1,C27 H24 Cl2 Hg1 N4 O3,0.0,N#Cc1cccc(OCCN23CCO(c4cccc(C#N)c4)->[Hg+2]<-2(<-[Cl-])(<-[Cl-])<-O(CC3)c2cccc(C#N)c2)c1,N#Cc1cccc(OCCN(CCOc2cccc(C#N)c2)CCOc2cccc(C#N)c2)c1.[Cl-]->[Hg+2]<-[Cl-],N#Cc1cccc(OCCN(CCOc2cccc(C#N)c2)CCOc2cccc(C#N)c2)c1.[Cl-]->[Hg+2]<-[Cl-]
XIYHES,C[Si](C)(C)N1=P(Cl)(Cl)[N-]([Si](C)(C)C)->[Nb+5]<-1(<-[Cl-])(<-[Cl-])(<-[Cl-])<-[Cl-],C6 H18 Cl6 N2 Nb1 P1 Si2,0.0,fail,C[Si](C)(C)N1=P(Cl)(Cl)[N-]([Si](C)(C)C)->[Nb+5]<-1(<-[Cl-])(<-[Cl-])(<-[Cl-])<-[Cl-],C[Si](C)(C)N1=P(Cl)(Cl)[N-]([Si](C)(C)C)->[Nb+5]<-1(<-[Cl-])(<-[Cl-])(<-[Cl-])<-[Cl-]
XIYRAA,[O+]#[C-]->[Mn+]1(<-[C-]#[O+])(<-[C-]#[O+])(<-n2ccccc2-c2ccn[n-]->12)<-[n-]1ccc(-c2ccccn2)n1,C19 H12 Mn1 N6 O3 1-,-1.0,[O+]#[C-]->[Mn+]1(<-[C-]#[O+])(<-[C-]#[O+])(<-n2ccccc2-c2ccn[n-]->12)<-[n-]1ccc(-c2ccccn2)n1,[O+]#[C-]->[Mn+]1(<-[C-]#[O+])(<-[C-]#[O+])(<-N2=NC=CC2=C2C=CC=C[N-]->12)<-[n-]1ccc(-c2ccccn2)n1,[O+]#[C-]->[Mn+]1(<-[C-]#[O+])(<-[C-]#[O+])(<-N2=NC=CC2=C2C=CC=C[N-]->12)<-[n-]1ccc(-c2ccccn2)n1
XIZWOV,Cn1ccn(->[Cu@SP1+3]23<-[NH-]CC(=O)[N-]->2CC(=O)[O-]->3)c1,C8 H12 Cu1 N4 O3,0.0,Cn1ccn(->[Cu+2]23<-NCC(=O)[N-]->2CC(=O)[O-]->3)c1,Cn1ccn(->[Cu+3]23<-[NH-]CC(=O)[N-]->2CC(=O)[O-]->3)c1,Cn1ccn(->[Cu+3]23<-[NH-]CC(=O)[N-]->2CC(=O)[O-]->3)c1
XOBXIX,CC(C)(C)c1cc(C(C)(C)C)n2->[Ni@OH7+2](<-[Br-])(<-[Br-])<-n3ccccc3CNCCn12,C19 H30 Br2 N4 Ni1,0.0,CC(C)(C)c1cc(C(C)(C)C)n2->[Ni+2]3(<-[Br-])(<-[Br-])<-n4ccccc4CN->3CCn12,CC(C)(C)c1cc(C(C)(C)C)n2->[Ni+2]3(<-[Br-])(<-[Br-])<-n4ccccc4CN->3CCn12,CC(C)(C)c1cc(C(C)(C)C)n2->[Ni+2]3(<-[Br-])(<-[Br-])<-n4ccccc4CN->3CCn12
XODDAW,CC(C)(C)c1ccc([C@@]23C=CC=CC=C2C(O[C@]24C[C@H]5C[C@H](C[C@H](C5)C2)C4)=C[C]3->[W](<-[C-]#[O+])(<-[C-]#[O+])(<-[C-]#[O+])(<-[C-]#[O+])<-[C-]#[O+])cc1,C35 H34 O6 W1,0.0,CC(C)(C)c1ccc(C23C=CC=CC=C2C(OC24CC5CC(CC(C5)C2)C4)=C[C-2]3->[W+2](<-[C-]#[O+])(<-[C-]#[O+])(<-[C-]#[O+])(<-[C-]#[O+])<-[C-]#[O+])cc1,CC(C)(C)c1ccc(C23C=CC=CC=C2C(OC24CC5CC(CC(C5)C2)C4)=C[C]3->[W](<-[C-]#[O+])(<-[C-]#[O+])(<-[C-]#[O+])(<-[C-]#[O+])<-[C-]#[O+])cc1,CC(C)(C)c1ccc(C23C=CC=CC=C2C(OC24CC5CC(CC(C5)C2)C4)=C[C]3->[W](<-[C-]#[O+])(<-[C-]#[O+])(<-[C-]#[O+])(<-[C-]#[O+])<-[C-]#[O+])cc1
XODWAO,COP(OC)(OC)->[Ru+2]12(<-[NH-]c3ccccc3)(<-n3cccn3[BH-](n3cccn->13)n1cccn->21)<-P(OC)(OC)OC,C21 H34 B1 N7 O6 P2 Ru1,0.0,COP(OC)(OC)->[Ru+2]12(<-[NH-]c3ccccc3)(<-[n-]3ccc[n+]3[BH-]([n+]3ccc[n-]->13)[n+]1ccc[n-]->21)<-P(OC)(OC)OC,COP(OC)(OC)->[Ru+2]12(<-[NH-]c3ccccc3)(<-n3cccn3[BH-](n3cccn->13)n1cccn->21)<-P(OC)(OC)OC,COP(OC)(OC)->[Ru+2]12(<-[NH-]c3ccccc3)(<-n3cccn3[BH-](n3cccn->13)n1cccn->21)<-P(OC)(OC)OC
XOJHAG,,C24 H25 La1 N8 O6,0.0,[OH-]->[La+3]1234(<-O)(<-O)(<-O)(<-[O-]C(=NN->1=Cc1ccccn->21)c1ccncc1)<-[O-]C(=NN->3=Cc1ccccn->41)c1ccncc1,O[La]1234(<-O)(<-O)(<-O)(OC(C5CCNCC5)NN1CC1CCCCN12)OC(C1CCNCC1)NN3CC1CCCCN14,O[LaH]1234(O)(<-O)(<-O)(OC(C5CCNCC5)NN1CC1CCCCN12)OC(C1CCNCC1)NN3CC1CCCCN14
XOKREV,c1ccc2[S-]->[Ni+2]3(<-[S-]c2c1)<-n1cccc2ccc4cccn->3c4c21,C18 H12 N2 Ni1 S2,0.0,c1ccc2[S-]->[Ni+2]3(<-[S-]c2c1)<-n1cccc2ccc4cccn->3c4c21,C1=CC2=S->[Ni]3(<-S=C2C=C1)<-n1cccc2ccc4cccn->3c4c21,C1=CC2=S->[Ni]3(<-S=C2C=C1)<-n1cccc2ccc4cccn->3c4c21
XOMXON,,C16 H22 Si1 W1,0.0,fail,CC12->[WH+]3456789%10%11<-C=C->31C->4=C->5([Si](C)(C)[c-]->61c->7c->8(C)c->9(C)c->%101)C->%11=2,CC12->[WH+]3456789%10%11<-C=C->31C->4=C->5([Si](C)(C)[c-]->61c->7c->8(C)c->9(C)c->%101)C->%11=2
XOPKEU,Cc1cc(C)n([BH-]2n3c(C)cc(C)n3->[Ni+2]3(<-[O-]c4ccccc4-c4[nH]c5ccccc5n->34)<-n3c(C)cc(C)n32)n1,C28 H31 B1 N8 Ni1 O1,0.0,Cc1cc(C)n2->[Ni+2]34(<-[O-]c5ccccc5-c5[nH]c6ccccc6n->35)<-n3c(C)cc(C)n3[BH-](n12)n1c(C)cc(C)n->41,Cc1cc(C)n2->[Ni+2]34(<-[O-]c5ccccc5-c5[nH]c6ccccc6n->35)<-n3c(C)cc(C)n3[BH-](n12)n1c(C)cc(C)n->41,Cc1cc(C)n2->[Ni+2]34(<-[O-]c5ccccc5-c5[nH]c6ccccc6n->35)<-n3c(C)cc(C)n3[BH-](n12)n1c(C)cc(C)n->41
XOQQEB,Cn1cccn1->[Fe+2]1(<-[C-]#[O+])(<-[C-]#[O+])(<-n2cccn2C)<-[Si-](C)(C)c2ccccc2[Si-]->1(C)C,C20 H28 Fe1 N4 O2 Si2,0.0,Cn1cccn1->[Fe+2]1(<-[C-]#[O+])(<-[C-]#[O+])(<-n2cccn2C)<-[Si-](C)(C)c2ccccc2[Si-]->1(C)C,Cn1cccn1->[Fe]1(<-[C-]#[O+])(<-[C-]#[O+])(<-n2cccn2C)<-[Si](C)(C)=c2ccccc2=[Si]->1(C)C,Cn1cccn1->[Fe]1(<-[C-]#[O+])(<-[C-]#[O+])(<-n2cccn2C)<-[Si](C)(C)=c2ccccc2=[Si]->1(C)C
XOQWEG,,C33 H47 Cl1 N1 P1 Ru1 Si1,0.0,CC(C)P1(C2=C(N(C)[CH2-]->[RuH+3]<-13456(<-[SiH-](Cl)c1ccccc1)<-c1(C)c->3(C)c->4(C)[c-]->5(C)c->61C)Cc1ccccc12)C(C)C,CC(C)P1(C2=C(N(C)[CH2-]->[RuH+3]<-13456(<-[SiH-](Cl)c1ccccc1)<-c1(C)c->3(C)c->4(C)[c-]->5(C)c->61C)Cc1ccccc12)C(C)C,CC(C)P1(C2=C(N(C)[CH2-]->[RuH+3]<-13456(<-[SiH-](Cl)c1ccccc1)<-c1(C)c->3(C)c->4(C)[c-]->5(C)c->61C)Cc1ccccc12)C(C)C
XORHAN,O=c12->[Mn+]3456(<-[C-]#[O+])(<-[C-]#[O+])(<-[C-]#[O+])<-c(c->3c->4[c-]->51O)c->62,C9 H5 Mn1 O5,0.0,fail,O=c12->[Mn+]3456(<-[C-]#[O+])(<-[C-]#[O+])(<-[C-]#[O+])<-c(c->3c->4[c-]->51O)c->62,O=c1c2->[Mn+]345(<-[C-]#[O+])(<-[C-]#[O+])(<-[C-]#[O+])<-c2c->3c->4[c-]->51O
XOSPIG,,C27 H35 Fe1 N4 O10 S3 1-,-1.0,COc1ccc(S(=O)(=O)[N-]2CCN34CC[N-](S(=O)(=O)c5ccc(OC)cc5)->[Fe+2]<-2<-3(<-O)<-[N-](CC4)S(=O)(=O)c2ccc(OC)cc2)cc1,,
XOTLIC,,C32 H40 Co1 1+,1.0,Cc1c(C)c(C)c23->[Co+3]456789%10%11<-c%12(C)c->4(C)c->54c(C)c(C)c(C)c(C)[c-]->64c->7%12CC[c-]->82c->9(C)c->%10(C)c->%113c1C,Cc1c(C)c(C)c23->[Co+3]456789%10%11<-c(C)(c->4(C)[c-]->52CC[c-]->62c->7(C)c->8(C)c->94c(C)c(C)c(C)c(C)c->%1042)c->%113c1C,Cc1c(C)c(C)c23->[Co+3]456789%10%11<-c(C)(c->4(C)[c-]->52CC[c-]->62c->7(C)c->8(C)c->94c(C)c(C)c(C)c(C)c->%1042)c->%113c1C
XOTTAB,CP1(C)CCP(C)(C)->[W+2]<-12(<-[C-]#[O+])(<-[C-]#[O+])(<-[C-]#[O+])<-[CH2-][S-]->2,C10 H18 O3 P2 S1 W1,0.0,CP1(C)CCP(C)(C)->[W]<-12(<-[C-]#[O+])(<-[C-]#[O+])(<-[C-]#[O+])<-C=S->2,CP1(C)CCP(C)(C)->[W]<-12(<-[C-]#[O+])(<-[C-]#[O+])(<-[C-]#[O+])<-C=S->2,CP1(C)CCP(C)(C)->[W]<-12(<-[C-]#[O+])(<-[C-]#[O+])(<-[C-]#[O+])<-C=S->2
XOVGEV,,C21 H21 Hf1 N1,0.0,Cc1cccc(C)c1[N+]#[C-]->[Hf+2]123456789%10(<-C%11=C->1C->2=C->3[CH-]->4C->5=C->6%11)<-c1c->7c->8[cH-]->9c->%101,Cc1cccc(C)c1[N+]#[C-]->[Hf+2]123456789%10(<-C%11=C->1C->2=C->3[CH-]->4C->5=C->6%11)<-c1c->7c->8[cH-]->9c->%101,Cc1cccc(C)c1[N+]#[C-]->[Hf+2]12345678(<-C9=C->1C->2=C->3[CH-]->4C=C9)<-c1c->5c->6[cH-]->7c->81
XOWFAR,,C34 H33 B1 F10 Si2 Zr1,0.0,Cc12->[Zr+2]3456789%10%11%12(<-C(=C->3[Si](C)(C)C)=C->4(C->5B(c3c(F)c(F)c(F)c(F)c3F)c3c(F)c(F)c(F)c(F)c3F)[Si](C)(C)C)(<-c3c->6[cH-]->7c->8(C)c->93)<-c(c->%101)[cH-]->%11c->%122,C[c-]12->[Zr+2]3456789%10%11%12(<-C(#C->3[Si](C)(C)C)C->4(=C->5B(c3c(F)c(F)c(F)c(F)c3F)c3c(F)c(F)c(F)c(F)c3F)[Si](C)(C)C)(<-c(c->6c->71)c->82)<-c1c->9c->%10[c-]->%11(C)c->%121,C[c-]12->[Zr+4]3456789%10%11(<-[F-])(<-C(#C->3[Si](C)(C)C)C->4(=CB(c3[c-]c(F)c(F)c(F)c3F)c3c(F)c(F)c(F)c(F)c3F)[Si](C)(C)C)(<-c(c->5c->61)c->72)<-c1c->8c->9[c-]->%10(C)c->%111
XOXZOB,,C23 H37 N1 Ni1 P2,0.0,Cc1cccc(C)c1[N-]1c2ccccc2P(C(C)C)(C(C)C)->[NiH+]<-1<-P(C)(C)C,Cc1cccc(C)c1[N-]1c2ccccc2P(C(C)C)(C(C)C)->[NiH+]<-1<-P(C)(C)C,Cc1cccc(C)c1[N-]1c2ccccc2P(C(C)C)(C(C)C)->[NiH+]<-1<-P(C)(C)C
XOYQEI,CC(C)N1C=CN(c2ncccn2)[C]1->[Ni@@+2]1(<-[Cl-])<-[C]2N(c3ncccn->13)C=CN2C(C)C,C20 H24 Cl1 N8 Ni1 1+,1.0,CC(C)N1C=CN2c3ncccn3->[Ni+2]3(<-[Cl-])(<-[C]21)<-[C]1N(c2ncccn->32)C=CN1C(C)C,CC(C)N1C=CN(c2ncccn2)[C]1->[Ni+2]1(<-[Cl-])<-[C]2N(c3ncccn->13)C=CN2C(C)C,CC(C)N1C=CN2c3ncccn3->[Ni+2]3(<-[Cl-])(<-[C]21)<-[C]1N(c2ncccn->32)C=CN1C(C)C
XOZMEE,C/C1=C(\C)[N-](Cc2ccccn2)->[Co+3]23(<-[CH3-])(<-N1=O)<-N(/O)=C(/C)[C@@H](C)N->2Cc1ccccn->31,C21 H30 Co1 N6 O2 1+,1.0,CC1C(C)=N(Cc2ccccn2)->[Co+2]23(<-[CH3-])(<-N=1[O])<-N(O)=C(C)C(C)N->2Cc1ccccn->31,CC1=C(C)[N-](Cc2ccccn2)->[Co+3]23(<-[CH3-])(<-N1=O)<-N(O)=C(C)C(C)N->2Cc1ccccn->31,CC1=C(C)[N-](Cc2ccccn2)->[Co+3]23(<-[CH3-])(<-N1=O)<-N(O)=C(C)C(C)N->2Cc1ccccn->31
XUBSIY,CCN(CC)c1nc(-n2nc(C)cc2C)nc(-n2c(C)cc(C)n2->[Ni+2]23<-[O-]C(=O)c4cccc(C(=O)[O-]->2)n->34)n1,C24 H27 N9 Ni1 O4,0.0,CCN(CC)c1nc2-n3c(C)cc(C)n3->[Ni+2]345(<-[O-]C(=O)c6cccc(C(=O)[O-]->3)n->46)<-n2c(-n2c(C)cc(C)n->52)n1,CCN(CC)c1nc2-n3c(C)cc(C)n3->[Ni+2]345(<-[O-]C(=O)c6cccc(C(=O)[O-]->3)n->46)<-n2c(-n2c(C)cc(C)n->52)n1,CCN(CC)c1nc2-n3c(C)cc(C)n3->[Ni+2]345(<-[O-]C(=O)c6cccc(C(=O)[O-]->3)n->46)<-n2c(-n2c(C)cc(C)n->52)n1
XUCHEJ,Cc1cccc2CN3Cc4cc(C(C)(C)C)cc(C(C)(C)C)c4[O-]->[Zn@+2](<-[Cl-])(<-n4ccccc4C3)<-n12,C28 H36 Cl1 N3 O1 Zn1,0.0,Cc1cccc2CN34Cc5cc(C(C)(C)C)cc(C(C)(C)C)c5[O-]->[Zn+2]<-3(<-[Cl-])(<-n3ccccc3C4)<-n12,Cc1cccc2CN34Cc5cc(C(C)(C)C)cc(C(C)(C)C)c5[O-]->[Zn+2]<-3(<-[Cl-])(<-n3ccccc3C4)<-n12,Cc1cccc2CN34Cc5cc(C(C)(C)C)cc(C(C)(C)C)c5[O-]->[Zn+2]<-3(<-[Cl-])(<-n3ccccc3C4)<-n12
XUDFAD,,C10 H13 N2 O7 Re1,0.0,[NH3+]CCCN12CC(=O)[O-]->[Re+]<-1(<-[C-]#[O+])(<-[C-]#[O+])(<-[C-]#[O+])<-[O-]C(=O)C2,[NH3+]CCCN12CC(=O)[O-]->[Re+]<-1(<-[C-]#[O+])(<-[C-]#[O+])(<-[C-]#[O+])<-[O-]C(=O)C2,[NH3+]CCCN12CC(=O)[O-]->[Re+]<-1(<-[C-]#[O+])(<-[C-]#[O+])(<-[C-]#[O+])<-[O-]C(=O)C2
XUFCOS,,C33 H28 Br1 Cl1 Ir1 N2 P1 S1,0.0,C=CCS1c2ccccc2N2=Nc3cccc[c-]3->[Ir+3]<-2<-1(<-[Cl-])(<-[Br-])<-P(c1ccccc1)(c1ccccc1)c1ccccc1,C=CCS1c2ccccc2N2=Nc3cccc[c-]3->[Ir+3]<-2<-1(<-[Cl-])(<-[Br-])<-P(c1ccccc1)(c1ccccc1)c1ccccc1,C=CCS1c2ccccc2N2=Nc3cccc[c-]3->[Ir+3]<-2<-1(<-[Cl-])(<-[Br-])<-P(c1ccccc1)(c1ccccc1)c1ccccc1
XUGLOC,COC(=O)c1cccc2-c3ccccn3->[Cu+]3(<-n12)<-P(CCCCP->3(c1ccccc1)c1ccccc1)(c1ccccc1)c1ccccc1,C40 H38 Cu1 N2 O2 P2 1+,1.0,COC(=O)c1cccc2-c3ccccn3->[Cu+]3(<-n12)<-P(CCCCP->3(c1ccccc1)c1ccccc1)(c1ccccc1)c1ccccc1,COC(=O)c1cccc2-c3ccccn3->[Cu+]3(<-n12)<-P(CCCCP->3(c1ccccc1)c1ccccc1)(c1ccccc1)c1ccccc1,COC(=O)c1cccc2-c3ccccn3->[Cu+]3(<-n12)<-P(CCCCP->3(c1ccccc1)c1ccccc1)(c1ccccc1)c1ccccc1
XUHTIF,[O+]#[C-]->[Mo](<-[C-]#[O+])(<-[C-]#[O+])(<-[C-]#[O+])(<-[C](NC1CCCCC1)c1ccco1)<-P(c1ccccc1)(c1ccccc1)c1ccccc1,C33 H30 Mo1 N1 O5 P1,0.0,[O+]#[C-]->[Mo](<-[C-]#[O+])(<-[C-]#[O+])(<-[C-]#[O+])(<-[C](NC1CCCCC1)c1ccco1)<-P(c1ccccc1)(c1ccccc1)c1ccccc1,[O+]#[C-]->[Mo](<-[C-]#[O+])(<-[C-]#[O+])(<-[C-]#[O+])(<-[C](NC1CCCCC1)c1ccco1)<-P(c1ccccc1)(c1ccccc1)c1ccccc1,[O+]#[C-]->[Mo](<-[C-]#[O+])(<-[C-]#[O+])(<-[C-]#[O+])(<-[C](NC1CCCCC1)c1ccco1)<-P(c1ccccc1)(c1ccccc1)c1ccccc1
XUJHIT,,C10 H11 Cr1 N1 O2 S1,0.0,fail,CN(C)[C]([S-])->[Cr+2]1234(<-[C-]#[O+])(<-[C-]#[O+])<-c5c->1c->2[cH-]->3c->45,CN(C)[C]([S-])->[Cr+2]1234(<-[C-]#[O+])(<-[C-]#[O+])<-c5c->1c->2[cH-]->3c->45
XULFUG,,C23 H23 Cl1 N2 Ru1,0.0,CC(C)c12->[Ru+2]34567(<-[Cl-])(<-N=c8c9ccccc9[nH]c9ccc[c-]->3c89)<-c(c->41)c->5(C)c->6c->72,CC(C)c12->[Ru+2]34567(<-[Cl-])(<-N=c8c9ccccc9[nH]c9ccc[c-]->3c89)<-c(c->41)c->5(C)c->6c->72,CC(C)c12->[Ru+2]34567(<-[Cl-])(<-N=c8c9ccccc9[nH]c9ccc[c-]->3c89)<-c(c->41)c->5(C)c->6c->72
XULTUU,,C27 H27 N1 Si1 Zr1,0.0,C[Si]1(C)c23->[Zr+4]456789%10%11(<-c%12c->4[cH-]->5c->61c->7%12)(<-c(c->82)[cH-]->9c->%103)<-[CH-](C=C[N-]->%11c1ccccc1)c1ccccc1,C[Si]1(C)c23->[Zr+2]456789%10%11(<-C(=CC=N->4c4ccccc4)c4ccccc4)(<-c(c->52)[cH-]->6c->73)<-c2c->8c->91c->%10[cH-]->%112,C[Si]1(C)c23->[Zr+2]456789%10%11(<-C(=CC=N->4c4ccccc4)c4ccccc4)(<-c(c->52)[cH-]->6c->73)<-c2c->8c->91c->%10[cH-]->%112
XUNCUF,CS(C)(=O)->[Ru+2]12(<-[Cl-])(<-[Cl-])<-S3CCS->1CCS->2CC3,C8 H18 Cl2 O1 Ru1 S4,0.0,CS(C)(=O)->[Ru+2]12(<-[Cl-])(<-[Cl-])<-S3CCS->1CCS->2CC3,CS(C)(=O)->[Ru+2]12(<-[Cl-])(<-[Cl-])<-S3CCS->1CCS->2CC3,CS(C)(=O)->[Ru+2]12(<-[Cl-])(<-[Cl-])<-S3CCS->1CCS->2CC3
XUPJEY,,C32 H37 Fe1 O3 P3,0.0,C[C-]12COP(c3ccccc3)(c3ccccc3)->[FeH+]<-1(<-[C-]#[O+])(<-P(C)(C)C)<-P(OC2)(c1ccccc1)c1ccccc1,C[C-]12COP(c3ccccc3)(c3ccccc3)->[FeH+]<-1(<-[C-]#[O+])(<-P(C)(C)C)<-[PH](=[O+]C2)(c1ccccc1)c1ccccc1,C[C-]12COP(c3ccccc3)(c3ccccc3)->[FeH+]<-1(<-[C-]#[O+])(<-P(C)(C)C)<-[PH](=[O+]C2)(c1ccccc1)c1ccccc1
XUQYOX,[O-2]->[Mo+6]12(<-[O-2])(<-O)<-[O-]/C(=N\N->1=C\c1ccccc1[O-]->2)c1cnccn1,C12 H10 Mo1 N4 O5,0.0,[O-2]->[Mo+6]12(<-[O-2])(<-O)<-[O-]C(=NN->1=Cc1ccccc1[O-]->2)c1cnccn1,[O-2]->[Mo+6]12(<-[O-2])(<-O)<-[O-]C(=NN->1=Cc1ccccc1[O-]->2)c1cnccn1,O.[O-2]->[Mo+6]12(<-[O-2])<-[O-]C(c3cnccn3)=NN->1=Cc1ccccc1[O-]->2
XURQUW,Cn1c2[O-]->[Co+3]345(<-[O-]c6c(/N->3=N/C(N)=S->4)c3ccccc3n6C)<-S=C(N)/N=N->5/c2c2ccccc21,C20 H18 Co1 N8 O2 S2 1+,1.0,CN1C2=O->[Co+3]345(<-O=C6C(=N->3N=C(N)[S-]->4)c3ccccc3N6C)<-[S-]C(N)=NN->5=C2c2ccccc21,Cn1c2[O-]->[Co+7]345(<-[O-]c6c([N-]->3N=C(N)[S-]->4)c3ccccc3n6C)<-[S-]C(N)=N[N-]->5c2c2ccccc21,Cn1c2[O-]->[Co+3]345(<-[O-]c6c(N->3=NC(N)=S->4)c3ccccc3n6C)<-S=C(N)N=N->5c2c2ccccc21
XUSSUA,C=CC[N-]1c2ccccc2[S-]->[Pt@+2]<-12<-N(=N\c1ccccn->21)/c1ccccc1,C20 H18 N4 Pt1 S1,0.0,C=CC[N-]1c2ccccc2[S-]->[Pt+2]<-12<-N(=Nc1ccccn->21)c1ccccc1,C=CC[N-]1c2ccccc2[S-]->[Pt+4]<-12<-[N-](N=c1cccc[n-]->21)c1ccccc1,C=CC[N-]1c2ccccc2[S-]->[Pt+4]<-12<-[N-](N=c1cccc[n-]->21)c1ccccc1
XUVQEK,C1=C/C2=C/[N-]3[C@H]4CCCC[C@@H]4/N4=C/c5ccc[n-]5->[Pd@TB6+2]<-4<-3<-N2=C1,C16 H18 N4 Pd1,0.0,C1c2ccc[n-]2->[Pd+2]23<-N=1C1CCCCC1N->2=Cc1ccc[n-]->31,C1=CC2=C[N-]3C4CCCCC4N4=Cc5ccc[n-]5->[Pd+2]<-4<-3<-N2=C1,C1=CC2=C[N-]3C4CCCCC4N4=Cc5ccc[n-]5->[Pd+2]<-4<-3<-N2=C1
XUWSEP,,C14 H25 N1 Si2 Zr1,0.0,C[SiH](C)[N-]([SiH](C)C)->[ZrH+3]12345678(<-c9c->1c->2[cH-]->3c->49)<-c1c->5c->6[cH-]->7c->81,C[SiH](C)[N-]([SiH](C)C)->[ZrH+3]12345678(<-c9c->1c->2[cH-]->3c->49)<-c1c->5c->6[cH-]->7c->81,C[SiH](C)[N-]([SiH](C)C)->[ZrH+3]12345678(<-c9c->1c->2[cH-]->3c->49)<-c1c->5c->6[cH-]->7c->81
XUYFEC,C/C1=C/C(C)=N2/N=C(\[O-]->[Ni@TB3+2]<-2(<-[O-]1)<-n1[nH]c(C)cc1C)c1ccccc1,C17 H20 N4 Ni1 O2,0.0,CC1=CC(C)=N2N=C([O-]->[Ni+2]<-2(<-[O-]1)<-[n-]1[nH+]c(C)cc1C)c1ccccc1,CC1=CC(C)=N2N=C([O-]->[Ni+2]<-2(<-[O-]1)<-n1[nH]c(C)cc1C)c1ccccc1,CC1=CC(C)=N2N=C([O-]->[Ni+2]<-2(<-[O-]1)<-n1[nH]c(C)cc1C)c1ccccc1
XUZHAB,,C31 H43 N2 P1 Ru1 Si2,0.0,Cc12->[RuH2]3456(<-c(c->3c->41)c->5c->62)<-P(C[Si](C)(C)Nc1ccccc1)(C[Si](C)(C)Nc1ccccc1)c1ccccc1,Cc12->[RuH2]3456(<-c(c->3c->41)c->5c->62)<-P(C[Si](C)(C)Nc1ccccc1)(C[Si](C)(C)Nc1ccccc1)c1ccccc1,Cc12->[RuH2]3456(<-c(c->3c->41)c->5c->62)<-P(C[Si](C)(C)Nc1ccccc1)(C[Si](C)(C)Nc1ccccc1)c1ccccc1
XUZWUK,CN(C)c1ccn(->[Zn+2](<-[O-]C(=O)C(F)(F)F)(<-[O-]C(=O)C(F)(F)F)<-n2ccc(N(C)C)cc2)cc1,C18 H20 F6 N4 O4 Zn1,0.0,CN(C)c1ccn(->[Zn+2](<-[O-]C(=O)C(F)(F)F)(<-[O-]C(=O)C(F)(F)F)<-n2ccc(N(C)C)cc2)cc1,CN(C)c1ccn(->[Zn+2](<-[O-]C(=O)C(F)(F)F)(<-[O-]C(=O)C(F)(F)F)<-n2ccc(N(C)C)cc2)cc1,CN(C)c1ccn(->[Zn+2]2345(<-O=C->2([O-]->3)C(F)(F)F)(<-O=C->4([O-]->5)C(F)(F)F)<-n2ccc(N(C)C)cc2)cc1
YACGEP,N/C1=N\NC(=S->[Cd+2](<-[Cl-])(<-[Cl-])<-n2ccccc21)N1CCCCCC1,C13 H19 Cd1 Cl2 N5 S1,0.0,NC1c2ccccn2->[Cd+2]2(<-[Cl-])(<-[Cl-])<-S=C(NN->2=1)N1CCCCCC1,NC1c2ccccn2->[Cd+2]2(<-[Cl-])(<-[Cl-])<-S=C(NN->2=1)N1CCCCCC1,NC1c2ccccn2->[Cd+2]2(<-[Cl-])(<-[Cl-])<-S=C(NN->2=1)N1CCCCCC1
YADBIP,CCC[N-]1c23->[Ti+4]<-145678(<-[Cl-])(<-c1c->4c->5[cH-]->6c->71)<-[N-](CCC)c->82cccc3,C17 H23 Cl1 N2 Ti1,0.0,CCC[N-]1c2ccccc2[N-](CCC)->[Ti+4]<-12345(<-[Cl-])<-c1c->2c->3[cH-]->4c->51,CCC[N-]1c2ccccc2[N-](CCC)->[Ti+4]<-12345(<-[Cl-])<-c1c->2c->3[cH-]->4c->51,CCC[N-]1c2ccccc2[N-](CCC)->[Ti+4]<-12345(<-[Cl-])<-c1c->2c->3[cH-]->4c->51
YADYIL,CC(C)N([C-]1=O->[Fe+2]<-1(<-[C-]#[O+])(<-[C-]#[O+])(<-[C-](F)(F)F)<-[P@TB5](c1ccccc1)(c1ccccc1)c1ccccc1)C(C)C,C28 H29 F3 Fe1 N1 O3 P1,0.0,CC(C)N(C(C)C)C1=O->[Fe+]<-1(<-[C-]#[O+])(<-[C-]#[O+])(<-[C-](F)(F)F)<-P(c1ccccc1)(c1ccccc1)c1ccccc1,CC(C)N([C-]1=O->[Fe+2]<-1(<-[C-]#[O+])(<-[C-]#[O+])(<-[C-](F)(F)F)<-P(c1ccccc1)(c1ccccc1)c1ccccc1)C(C)C,CC(C)N([C-]1=O->[Fe+2]<-1(<-[C-]#[O+])(<-[C-]#[O+])(<-[C-](F)(F)F)<-P(c1ccccc1)(c1ccccc1)c1ccccc1)C(C)C
YAFPOK,CS1C2([S-]->[Mo+2]<-1<-2(<-[C-]#[O+])(<-[C-]#[O+])(<-P(C)(C)C)<-P(C)(C)C)=P(C)(C)C,C13 H30 Mo1 O2 P3 S2 1+,1.0,fail,CSC1([S-]->[Mo+2]<-1(<-[C-]#[O+])(<-[C-]#[O+])(<-P(C)(C)C)<-P(C)(C)C)=P(C)(C)C,CSC([S-])(=P(C)(C)C)->[Mo+2](<-[C-]#[O+])(<-[C-]#[O+])(<-P(C)(C)C)<-P(C)(C)C
YAGGUJ,,C30 H25 Cl2 N5 Ni1 O2,0.0,fail,CC1c2cc(Cl)ccc2[O-]->[Ni+2]2(<-[O-]C(=NN->2=1)c1ccc(Cl)cc1)(<-n1ccccc1)(<-n1ccccc1)<-n1ccccc1,CC1c2cc(Cl)ccc2[O-]->[Ni+2]2(<-[O-]C(=NN->2=1)c1ccc(Cl)cc1)(<-n1ccccc1)(<-n1ccccc1)<-n1ccccc1
YAJNAZ,,C39 H25 N5 Ni1 O1,0.0,O=C(Cc1c2n3->[Ni+2]45<-n6c(cc7ccc(c(-c8ccccc8)c3C=C2)[n-]->47)C=Cc6c(-c2ccccc2)c2ccc1[n-]->52)c1ccccn1,O=C(CC1=C2C=CC3=N2->[Ni]24<-N5=C(C=CC5=C3c3ccccc3)C=C3C=CC(=N->23)C(c2ccccc2)=C2C=CC1=N->42)c1ccccn1,O=C(CC1=C2C=CC3=N2->[Ni]24<-N5=C(C=CC5=C3c3ccccc3)C=C3C=CC(=N->23)C(c2ccccc2)=C2C=CC1=N->42)c1ccccn1
YAJVEK,,C14 H12 Cr1 O5,0.0,CC=CC(=O)c12->[Cr]3456(<-[C-]#[O+])(<-[C-]#[O+])(<-[C-]#[O+])<-c(c->3c->41)c->5c->62OC,CC#CC(=O)c12->[Cr]3456(<-[C-]#[O+])(<-[C-]#[O+])(<-[C-]#[O+])<-c(c->3c->41)c->5c->62OC,CC#CC(=O)c12->[Cr]3456(<-[C-]#[O+])(<-[C-]#[O+])(<-[C-]#[O+])<-c(c->3c->41)c->5c->62OC
YAKGEZ,[Cl-]->[Zn+2]1(<-[Cl-])<-n2ccccc2/C=N/N(Cc2ccccn2)Cc2ccccn->12,C18 H17 Cl2 N5 Zn1,0.0,[Cl-]->[Zn+2]12(<-[Cl-])<-N(=Cc3ccccn->13)N(Cc1ccccn1)Cc1ccccn->21,[Cl-]->[Zn+2]12(<-[Cl-])<-N(=Cc3ccccn->13)N(Cc1ccccn1)Cc1ccccn->21,[Cl-]->[Zn+2]12(<-[Cl-])<-N(=Cc3ccccn->13)N(Cc1ccccn1)Cc1ccccn->21
YALDIA,C/C(=N\N=C(/[S-]->[Au+]<-P(c1ccccc1)(c1ccccc1)c1ccccc1)N(C)C)c1ccccn1,C28 H28 Au1 N4 P1 S1,0.0,CC(=NN=C([S-]->[Au+]<-P(c1ccccc1)(c1ccccc1)c1ccccc1)N(C)C)c1ccccn1,CC(=NN=C([S-]->[Au+]<-P(c1ccccc1)(c1ccccc1)c1ccccc1)N(C)C)c1ccccn1,CC(c1ccccn1)=N1N=C([S-]->[Au+]<-1<-P(c1ccccc1)(c1ccccc1)c1ccccc1)N(C)C
YAMDEV,CCOC1=C(C)[C-](->[W+2](<-[C-]#[O+])(<-[C-]#[O+])(<-[C-]#[O+])(<-[C-]#[O+])<-[C-]#[O+])C1(c1ccccc1)c1ccccc1,C24 H18 O6 W1,0.0,CCOC1=C(C)[C-2](->[W+2](<-[C-]#[O+])(<-[C-]#[O+])(<-[C-]#[O+])(<-[C-]#[O+])<-[C-]#[O+])C1(c1ccccc1)c1ccccc1,CCOC1=C(C)[C](->[W](<-[C-]#[O+])(<-[C-]#[O+])(<-[C-]#[O+])(<-[C-]#[O+])<-[C-]#[O+])C1(c1ccccc1)c1ccccc1,CCOC1=C(C)[C](->[W](<-[C-]#[O+])(<-[C-]#[O+])(<-[C-]#[O+])(<-[C-]#[O+])<-[C-]#[O+])C1(c1ccccc1)c1ccccc1
YAMVOX,,C15 H16 Mo1 O2,0.0,fail,CC12->[Mo+2]3456789%10(<-[C-]#[O+])(<-C=C->3(C->4=1C)[C-]->5(C)C->62=O)<-c1c->7c->8[cH-]->9c->%101,CC12->[Mo+2]3456789%10(<-[C-]#[O+])(<-C=C->3(C->4=1C)[C-]->5(C)C->62=O)<-c1c->7c->8[cH-]->9c->%101
YANTOZ,[Cl-]->[Ru+2]123(<-[O-][n+]4cccc5ccc(-c6cccc(-c7ccc8cccnc8n->17)n->26)n->3c54)<-P(c1ccccc1)(c1ccccc1)c1ccccc1,C39 H30 Cl1 N5 O1 P1 Ru1 1+,1.0,O->[Ru+2]12(<-[Cl-])(<-n3c(-c4ccc5cccnc5n->14)cccc3-c1ccc3cccnc3n->21)<-P(c1ccccc1)(c1ccccc1)c1ccccc1,[O-2]->[Ru+6]12(<-[Cl-])(<-n3c(C4=CC=CC(=C5C=Cc6cccnc6[N-]->15)[N-]->24)ccc1cccnc13)<-P(c1ccccc1)(c1ccccc1)c1ccccc1,[Cl-]->[Ru+4]123(<-[O-]N4C=CC=c5ccc(=C6C=CC=C(c7ccc8cccnc8n->17)[N-]->26)n->3c54)<-P(c1ccccc1)(c1ccccc1)c1ccccc1
YAPXAO,,C13 H9 B1 Fe1 O4,0.0,[O+]#[C-]->[Fe+2]1234(<-[C-]#[O+])(<-[BH2-]5Oc6ccccc6O5)<-c5c->1c->2[cH-]->3c->45,[O+]#[C-]->[Fe]1234(<-[C-]#[O+])(<-b5oc6ccccc6[o+]5)<-c5c->1c->2[cH-]->3c->45,[O+]#[C-]->[Fe]1234(<-[C-]#[O+])(<-b5oc6ccccc6[o+]5)<-c5c->1c->2[cH-]->3c->45
YAQHEE,CC(C)(C)P1(Cc2cccc3CCN(C)(C)->[Pt@+2]<-1(<-O)<-[c-]32)C(C)(C)C,C19 H35 N1 O1 P1 Pt1 1+,1.0,CC(C)(C)P1(Cc2cccc3CCN(C)(C)->[Pt+2]<-1(<-O)<-[c-]32)C(C)(C)C,CC(C)(C)P1(Cc2cccc3CCN(C)(C)->[Pt+2]<-1(<-O)<-[c-]32)C(C)(C)C,CC(C)(C)P1(C(C)(C)C)->[Pt+2]2<-[c-]3c(cccc3C1)CCN->2(C)C.O
YAQTOZ,CC(C)[C@H]1C[C@H]2[c-]34->[Ti+4]56789%10%11(<-[Cl-])(<-[Cl-])(<-c(c->53)c->63c->74CCCC3)<-c3c->8[c-]->94c->%10(c->%113[C@@H]1C[C@@H]2C(C)C)CCCC4,C30 H42 Cl2 Ti1,0.0,CC(C)C1CC2c34->[Ti+4]56789%10%11(<-[Cl-])(<-[Cl-])(<-c([cH-]->53)c->63c->74CCCC3)<-c3c->8[c-]->94c->%10(c->%113C1CC2C(C)C)CCCC4,CC(C)C1CC2[c-]34->[Ti+4]56789%10%11(<-[Cl-])(<-[Cl-])(<-c(c->53)c->63c->74CCCC3)<-c3c->8c->9(C1CC2C(C)C)[c-]->%101c->%113CCCC1,CC(C)C1CC2[c-]34->[Ti+4]56789%10%11(<-[Cl-])(<-[Cl-])(<-c(c->53)c->63c->74CCCC3)<-c3c->8c->9(C1CC2C(C)C)[c-]->%101c->%113CCCC1
YASDON,O=[N+]([O-])[O-]->[Zn+2](<-[O-][N+](=O)[O-])(<-n1c[nH]c(-c2ccccc2)c1-c1ccccc1)<-n1c[nH]c(-c2ccccc2)c1-c1ccccc1,C30 H24 N6 O6 Zn1,0.0,O=[N+]([O-])[O-]->[Zn+2](<-[O-][N+](=O)[O-])(<-n1c[nH]c(-c2ccccc2)c1-c1ccccc1)<-n1c[nH]c(-c2ccccc2)c1-c1ccccc1,O=[N+]([O-])[O-]->[Zn+2](<-[O-][N+](=O)[O-])(<-n1c[nH]c(-c2ccccc2)c1-c1ccccc1)<-n1c[nH]c(-c2ccccc2)c1-c1ccccc1,O=[N+]1[O-]->[Zn+2]2(<-[O-]1)(<-[O-][N+](=O)[O-]->2)(<-n1c[nH]c(-c2ccccc2)c1-c1ccccc1)<-n1c[nH]c(-c2ccccc2)c1-c1ccccc1
YATLUC,CC[N-](CC)->[Ni+2](<-N(c1ccccc1)=[Si](C)C)(<-N(c1ccccc1)=[Si](C)C)<-[N-](CC)CC,C24 H42 N4 Ni1 Si2,0.0,CCN1(CC)[Si](C)(C)[N-](c2ccccc2)->[Ni+2]<-12<-[N-](c1ccccc1)[Si](C)(C)N->2(CC)CC,CCN1(CC)[Si](C)(C)[N-](c2ccccc2)->[Ni+2]<-12<-[N-](c1ccccc1)[Si](C)(C)N->2(CC)CC,CCN1(CC)[Si](C)(C)[N-](c2ccccc2)->[Ni+2]<-12<-[N-](c1ccccc1)[Si](C)(C)N->2(CC)CC
YAVFEJ,,C36 H26 Au1 N1 O3,0.0,O=c1ccc2ccccc2[c-]12-c1c([O-]->[Au+3]<-23<-[c-]2ccccc2C2=N->3C(Cc3ccccc3)CO2)ccc2ccccc12,O=c1ccc2ccccc2[c-]12-c1c([O-]->[Au+3]<-23<-[c-]2ccccc2C2=N->3C(Cc3ccccc3)CO2)ccc2ccccc12,O=c1ccc2ccccc2[c-]12-c1c([O-]->[Au+3]<-23<-[c-]2ccccc2C2=N->3C(Cc3ccccc3)CO2)ccc2ccccc12
YAVNOA,,C38 H30 Au1 I1 O2 P2,0.0,O=Cc1ccccc1P(c1ccccc1)(c1ccccc1)->[Au+](<-[I-])<-P(c1ccccc1)(c1ccccc1)c1ccccc1C=O,O=Cc1ccccc1P(c1ccccc1)(c1ccccc1)->[Au+](<-[I-])<-P(c1ccccc1)(c1ccccc1)c1ccccc1C=O,O=Cc1ccccc1P(c1ccccc1)(c1ccccc1)->[Au+]1(<-[I-])<-O=Cc2ccccc2P->1(c1ccccc1)c1ccccc1
YAWSIZ,,C38 H28 N6 Ni1 S2,0.0,S=C=[N-]->[Ni+2](<-[N-]=C=S)(<-n1ccc2ccccc2c1)(<-n1ccc2ccccc2c1)(<-n1ccc2ccccc2c1)<-n1ccc2ccccc2c1,S=C=[N-]->[Ni+2](<-[N-]=C=S)(<-n1ccc2ccccc2c1)(<-n1ccc2ccccc2c1)(<-n1ccc2ccccc2c1)<-n1ccc2ccccc2c1,S=C=[N-]->[Ni+2](<-[N-]=C=S)(<-n1ccc2ccccc2c1)(<-n1ccc2ccccc2c1)(<-n1ccc2ccccc2c1)<-n1ccc2ccccc2c1
YAYCIN,,C16 H18 Ag1 Cl2 N3 S1,0.0,fail,CN(C)c1ccc2c(c1)Sc1cc(N(C)C)ccc1[N-]2->[Ag+3](<-[Cl-])<-[Cl-],CN(C)c1ccc2c(c1)Sc1cc(N(C)C)ccc1[N-]2->[Ag+3](<-[Cl-])<-[Cl-]
YAZHIR,CC(C)c1cccc(C(C)C)c1NC(=O)CCN1Cc2ccccn2->[Cu+](<-[Cl-])<-n2ccccc2C1,C27 H34 Cl1 Cu1 N4 O1,0.0,CC(C)c1cccc(C(C)C)c1NC(=O)CCN12Cc3ccccn3->[Cu+]<-1(<-[Cl-])<-n1ccccc1C2,CC(C)c1cccc(C(C)C)c1NC(=O)CCN12Cc3ccccn3->[Cu+]<-1(<-[Cl-])<-n1ccccc1C2,CC(C)c1cccc(C(C)C)c1NC(=O)CCN12Cc3ccccn3->[Cu+]<-1(<-[Cl-])<-n1ccccc1C2
YEBDOY,CN(C)c1ccc(C2C=O->[Ru+2]34567(<-[CH-]=2)(<-c2c->3(C)c->4(C)c->5c->6(C)c->72C)<-P(c2ccccc2)(c2ccccc2)c2ccccc2)cc1,C39 H41 N1 O1 P1 Ru1 1+,1.0,CN(C)c1ccc(C2C=O->[Ru+2]34567(<-[CH-]=2)(<-c2c->3(C)c->4(C)c->5c->6(C)c->72C)<-P(c2ccccc2)(c2ccccc2)c2ccccc2)cc1,CN(C)c1ccc(C2C=O->[Ru+2]34567(<-[CH-]=2)(<-c2c->3(C)c->4(C)c->5c->6(C)c->72C)<-P(c2ccccc2)(c2ccccc2)c2ccccc2)cc1,CN(C)c1ccc(C2C=O->[Ru+2]34567(<-[CH-]=2)(<-c2c->3(C)c->4(C)c->5c->6(C)c->72C)<-P(c2ccccc2)(c2ccccc2)c2ccccc2)cc1
YEBTAA,,C15 H24 Mo1 Si1,0.0,Cc12->[MoH+3]3456789(<-c(c->31)[cH-]->4c->52)(<-c1c->6c->7(C)c->8[cH-]->91)<-[Si-](C)(C)C,C[c-]12->[MoH+3]3456789(<-c(c->3c->41)c->52)(<-c1c->6c->7[c-]->8(C)c->91)<-[Si-](C)(C)C,C[c-]12->[MoH+3]3456789(<-c(c->3c->41)c->52)(<-c1c->6c->7[c-]->8(C)c->91)<-[Si-](C)(C)C
YECDUI,CC1N[O-]->[V+5]23(<-[O-2])(<-O=1)<-[O-]/C(C)=C\C(C)=N->2\N=C(/[O-]->3)c1ccc(Br)cc1,C14 H15 Br1 N3 O5 V1,0.0,CC1=CC(C)=N2N=C([O-]->[V+5]<-23(<-[O-2])(<-O=C(C)N[O-]->3)<-[O-]1)c1ccc(Br)cc1,CC1=CC(C)=N2N=C([O-]->[V+5]<-23(<-[O-2])(<-O=C(C)N[O-]->3)<-[O-]1)c1ccc(Br)cc1,CC1=CC(C)=N2N=C([O-]->[V+5]<-23(<-[O-2])(<-O=C(C)N[O-]->3)<-[O-]1)c1ccc(Br)cc1
YECWIO,Cc1cc(C)c(N2CCCCCN(c3c(C)cc(C)cc3C)[C]2->[Ag+]<-[Br-])c(C)c1,C24 H32 Ag1 Br1 N2,0.0,Cc1cc(C)c(N2CCCCCN(c3c(C)cc(C)cc3C)[C]2->[Ag+]<-[Br-])c(C)c1,Cc1cc(C)c(N2CCCCCN(c3c(C)cc(C)cc3C)[C]2->[Ag+]<-[Br-])c(C)c1,Cc1cc(C)c(N2CCCCCN(c3c(C)cc(C)cc3C)[C]2->[Ag+]<-[Br-])c(C)c1
YEDJEZ,COc1ccc(/C2=N/N3=C/c4cc(C(C)(C)C)cc(C(C)(C)C)c4[O-]->[Mo+6]<-3(<-[O-2])(<-[O-2])(<-[O-]2)<-OC)cc1,C24 H32 Mo1 N2 O6,0.0,COc1ccc(C2=NN3=Cc4cc(C(C)(C)C)cc(C(C)(C)C)c4[O-]->[Mo+6]<-3(<-[O-2])(<-[O-2])(<-[O-]2)<-OC)cc1,COc1ccc(C2=NN3=Cc4cc(C(C)(C)C)cc(C(C)(C)C)c4[O-]->[Mo+6]<-3(<-[O-2])(<-[O-2])(<-[O-]2)<-OC)cc1,CO.COc1ccc(C2=NN3->[Mo+6](<-[O-2])(<-[O-2])(<-[O-]2)<-[O-]c2c(cc(C(C)(C)C)cc2C(C)(C)C)C=3)cc1
YEFCET,O=C(O)[O-]->[Zn+2]123<-n4ccccc4S[C-]->1(Sc1ccccn->21)Sc1ccccn->31,C17 H13 N3 O3 S3 Zn1,0.0,fail,O=C(O)[O-]->[Zn+2]123<-n4ccccc4S[C-]->1(Sc1ccccn->21)Sc1ccccn->31,OC12=O->[Zn+2]<-1345(<-[O-]2)<-n1ccccc1S[C-]->3(Sc1ccccn->41)Sc1ccccn->51
YEFYUF,O=C1COc2cccc3cccn(->[Zn@@+2]4(<-[O-][N+](=O)[O-])<-n5cccc6cccc([N-]->41)c65)c23,C20 H14 N4 O5 Zn1,0.0,O=C1CO2c3cccc4cccn(->[Zn+2]<-25(<-[O-][N+](=O)[O-])<-n2cccc6cccc([N-]->51)c62)c34,O=C1CO2c3cccc4cccn(->[Zn+2]<-25(<-[O-][N+](=O)[O-])<-n2cccc6cccc([N-]->51)c62)c34,O=C1CO2c3cccc4cccn(->[Zn+2]<-256(<-[O-][N+](=O)[O-]->5)<-n2cccc5cccc([N-]->61)c52)c34
YEGMUS,CC1=C2\C=CC=C[N-]2->[Pd@TB5+2]2(<-[Br-])<-S=C(N)\N=N->2\1,C8 H9 Br1 N4 Pd1 S1,0.0,CC1c2ccccn2->[Pd+2]2(<-[Br-])<-[S-]C(N)=NN->2=1,CC1=C2C=CC=C[N-]2->[Pd+2]2(<-[Br-])<-S=C(N)N=N->21,CC1=C2C=CC=C[N-]2->[Pd+2]2(<-[Br-])<-S=C(N)N=N->21
YEHMUT,CCC/N1=C(\C)c2ccc[n-]2->[Ni@TB19+2]<-12<-[O-]/C(C)=C1/C=CC=N->21,C15 H19 N3 Ni1 O1,0.0,CCCN1=C(C)c2ccc[n-]2->[Ni+2]<-12<-O=C(C)c1ccc[n-]->21,CCCN1=C(C)c2ccc[n-]2->[Ni+2]<-12<-[O-]C(C)=C1C=CC=N->21,CCCN1=C(C)c2ccc[n-]2->[Ni+2]<-12<-[O-]C(C)=C1C=CC=N->21
YEJHUS,CN1(C)CCN->[Ru+2]<-12(<-[Cl-])(<-[Cl-])<-P(CCCC[P@TB12]->2(c1ccccc1)c1ccccc1)(c1ccccc1)c1ccccc1,C32 H40 Cl2 N2 P2 Ru1,0.0,CN1(C)CCN->[Ru+2]<-12(<-[Cl-])(<-[Cl-])<-P(CCCCP->2(c1ccccc1)c1ccccc1)(c1ccccc1)c1ccccc1,CN1(C)CCN->[Ru+2]<-12(<-[Cl-])(<-[Cl-])<-P(CCCCP->2(c1ccccc1)c1ccccc1)(c1ccccc1)c1ccccc1,CN1(C)CCN->[Ru+2]<-12(<-[Cl-])(<-[Cl-])<-P(CCCCP->2(c1ccccc1)c1ccccc1)(c1ccccc1)c1ccccc1
YEJZOF,,C30 H20 B1 F14 N5 Ni1 O4,0.0,fail,Cc1ccc(N2=NC3=C4C=CC=CN4[B-](F)(F)[N+](c4ccc(C)cc4)=N3->[Ni+2]<-234(<-O=C(C=C([O-]->3)C(F)(F)F)C(F)(F)F)<-O=C(C=C([O-]->4)C(F)(F)F)C(F)(F)F)cc1,Cc1ccc(N2=NC3=C4C=CC=CN4[B-](F)(F)[N+](c4ccc(C)cc4)=N3->[Ni+2]<-234(<-O=C(C=C([O-]->3)C(F)(F)F)C(F)(F)F)<-O=C(C=C([O-]->4)C(F)(F)F)C(F)(F)F)cc1
YELHEF,O=C(O)c1ccc(C(=O)[O-]->[Cd+2]23(<-[O-][N+](=O)[O-]->2)(<-n2cccc4ccc5cccnc5c42)<-n2cccc4ccc5cccn->3c5c42)o1,C30 H19 Cd1 N5 O8,0.0,fail,O=C(O)c1ccc(C2=O->[Cd+2]34(<-[O-]2)(<-[O-][N+](=O)[O-])(<-n2cccc5ccc6cccn->3c6c52)<-n2cccc3ccc5cccn->4c5c32)o1,O=C(O)c1ccc(C23=O->[Cd+2]<-2456(<-[O-][N+](=O)[O-]->4)(<-[O-]3)(<-n2cccc3ccc4cccn->5c4c32)<-n2cccc3ccc4cccn->6c4c32)o1
YEMNEM,,C22 H27 Mo1 N2 O2 P1,0.0,fail,CP(C)(C)=C->[Mo+2]123(<-[C-]#[O+])(<-[C-]#[O+])(<-C=C->1[CH2-]->2)<-N(=C[N-]->3c1ccccc1)c1ccccc1,CP(C)(C)=C->[Mo+2]123(<-[C-]#[O+])(<-[C-]#[O+])(<-C=C->1[CH2-]->2)<-N(=C[N-]->3c1ccccc1)c1ccccc1
YEPMOY,CC1/C=C(/C)[O-]->[Ir+3]23(<-O=1)(<-[c-]1cc([Se]c4cc(F)cc(F)c4)ccc1-c1ccccn->21)<-[c-]1cc[se]c1-c1ccccn->31,C31 H23 F2 Ir1 N2 O2 Se2,0.0,fail,CC1=CC(C)=O->[Ir+3]23(<-[O-]1)(<-[c-]1cc([Se]c4cc(F)cc(F)c4)ccc1-c1ccccn->21)<-[c-]1cc[se]c1-c1ccccn->31,CC1=CC(C)=O->[Ir+3]23(<-[O-]1)(<-[c-]1cc([Se]c4cc(F)cc(F)c4)ccc1-c1ccccn->21)<-[c-]1cc[se]c1-c1ccccn->31
YERDUV,,C29 H35 N1 O1 W1,0.0,CC(C)(C)[CH2-]->[W+4]1234(<-[N-]=O)(<-[c-]5ccccc5C#Cc5ccccc5)<-c5(C)c->1(C)c->2(C)[c-]->3(C)c->45C,CC(C)(C)[CH2-]->[W+4]1234(<-[N-]=O)(<-[c-]5ccccc5C#Cc5ccccc5)<-c5(C)c->1(C)c->2(C)[c-]->3(C)c->45C,CC(C)(C)[CH2-]->[W+4]1234(<-[N-]=O)(<-[c-]5ccccc5C#Cc5ccccc5)<-c5(C)c->1(C)c->2(C)[c-]->3(C)c->45C
YESRIX,CC(C)(C)C1=CC=C(C(C)(C)C)C2=O->[Ni]3(<-O=C12)<-O=C1C(C(C)(C)C)=CC=C(C(C)(C)C)C1=O->3,C28 H40 Ni1 O4,0.0,fail,CC(C)(C)c1ccc(C(C)(C)C)c2[O-]->[Ni+4]3(<-[O-]c12)<-[O-]c1c(C(C)(C)C)ccc(C(C)(C)C)c1[O-]->3,CC(C)(C)c1ccc(C(C)(C)C)c2[O-]->[Ni+4]3(<-[O-]c12)<-[O-]c1c(C(C)(C)C)ccc(C(C)(C)C)c1[O-]->3
YETHEN,,C27 H37 N1 Os1 P1 1+,1.0,CC(C)P(C(C)C)(C(C)C)->[Os+2]123456(<-[c-]7ccccc7-c7ccccn->17)<-c1c->2c->3c->4(C)c->5c->61,CC(C)P(C(C)C)(C(C)C)->[Os+2]123456(<-[c-]7ccccc7-c7ccccn->17)<-c1c->2c->3c->4(C)c->5c->61,Cc1ccc2->[Os+2]34(<-[c-]5ccccc5-c5ccccn->35)(<-c1c->42)<-P(C(C)C)(C(C)C)C(C)C
YEVWAX,[O-2]->[Mo+6]12(<-O)(<-[O-][O-]->1)(<-[O-][O-]->2)<-n1ccc[nH]1,C3 H6 Mo1 N2 O6,0.0,[O-2]->[Mo+6]12(<-O)(<-[O-][O-]->1)(<-[O-][O-]->2)<-n1ccc[nH]1,[O-2]->[Mo+6]12(<-O)(<-[O-][O-]->1)(<-[O-][O-]->2)<-n1ccc[nH]1,[O-2]->[Mo+6]12(<-O)(<-[O-][O-]->1)(<-[O-][O-]->2)<-n1ccc[nH]1
YEWSOL,C/C1=C/C(C)=N(/c2c(C)cccc2C)->[Ru+2]23456(<-[C-]#[N+]c7c(C)cccc7C)(<-c7c->2c->3c->4c->5c->67)<-[N-]1c1c(C)cccc1C,C36 H40 N3 Ru1 1+,1.0,CC1=CC(C)=N(c2c(C)cccc2C)->[Ru+2]23456(<-[C-]#[N+]c7c(C)cccc7C)(<-c7c->2c->3c->4c->5c->67)<-[N-]1c1c(C)cccc1C,CC1=CC(C)=N(c2c(C)cccc2C)->[Ru+2]23456(<-[C-]#[N+]c7c(C)cccc7C)(<-c7c->2c->3c->4c->5c->67)<-[N-]1c1c(C)cccc1C,CC1=CC(C)=N(c2c(C)cccc2C)->[Ru+2]23456(<-[C-]#[N+]c7c(C)cccc7C)(<-c7c->2c->3c->4c->5c->67)<-[N-]1c1c(C)cccc1C
YEXKOD,,C15 H16 N2 O12 P3 Ru1 1-,-1.0,COC(=O)C[C-2](OC)->[Ru+4]123(<-[O-]P4(=O)OP(=O)([O-]->1)OP(=O)([O-]->2)O4)<-n1ccccc1-c1ccccn->31,COC(=O)C[C](OC)->[Ru+2]123(<-[O-]P4(=O)OP(=O)([O-]->1)OP(=O)([O-]->2)O4)<-n1ccccc1-c1ccccn->31,COC(=O)C[C](OC)->[Ru+2]123(<-[O-]P4(=O)OP(=O)([O-]->1)OP(=O)([O-]->2)O4)<-n1ccccc1-c1ccccn->31
YEYQIF,,C21 H27 N2 O2 P1 Ru1,0.0,CC(C)(C)P1(C=C2C=CC=C3c4ccccn4->[RuH+]<-1(<-[C-]#[O+])(<-[C-]#[O+])<-[N-]23)C(C)(C)C,CC(C)(C)P1(C=C2C=CC=C3c4ccccn4->[RuH+]<-1(<-[C-]#[O+])(<-[C-]#[O+])<-[N-]23)C(C)(C)C,CC(C)(C)P1(C=C2C=CC=C3c4ccccn4->[RuH+]<-1(<-[C-]#[O+])(<-[C-]#[O+])<-[N-]23)C(C)(C)C
YEZXOR,C[C-](=O)->[Rh+3]12(<-[I-])(<-[I-])<-N(=C\c3ccccc3P->1(c1ccccc1)c1ccccc1)/c1ccccc1O->2C,C28 H25 I2 N1 O2 P1 Rh1,0.0,C[C-](=O)->[Rh+3]12(<-[I-])(<-[I-])<-N(=Cc3ccccc3P->1(c1ccccc1)c1ccccc1)c1ccccc1O->2C,COc1ccccc1N1=Cc2ccccc2P(c2ccccc2)(c2ccccc2)->[Rh+3]<-1(<-[I-])(<-[I-])<-[C-](C)=O,COc1ccccc1N1=Cc2ccccc2P(c2ccccc2)(c2ccccc2)->[Rh+3]<-1(<-[I-])(<-[I-])<-[C-](C)=O
YIBPEF,O=N[O-]->[Co+3]12345(<-O=N->1[O-]->2)<-N1CCCN->3CCN->4(Cc2c3ccccc3cc3ccccc23)CCCN->5CC1,C25 H34 Co1 N6 O4 1+,1.0,O=N[O-]->[Co+]123(<-[N+](=O)=O)<-N4CCCN->1CCN->2(Cc1c2ccccc2cc2ccccc12)CCCN->3CC4,O=N[O-]->[Co+3]123(<-N(=O)[O-])<-N4CCCN->1CCN->2(Cc1c2ccccc2cc2ccccc12)CCCN->3CC4,O=N[O-]->[Co+3]123(<-N(=O)[O-])<-N4CCCN->1CCN->2(Cc1c2ccccc2cc2ccccc12)CCCN->3CC4
YICMED,,C18 H18 Br4 Ni1 O6 S2,0.0,CS(C)=O->[Ni+2]12(<-O=Cc3cc(Br)cc(Br)c3[O-]->1)(<-O=Cc1cc(Br)cc(Br)c1[O-]->2)<-O=S(C)C,CS(C)=O->[Ni+2]12(<-O=Cc3cc(Br)cc(Br)c3[O-]->1)(<-O=Cc1cc(Br)cc(Br)c1[O-]->2)<-O=S(C)C,Brc1cc(Br)c2c(c1)C=O->[Ni+2]1(<-O=Cc3cc(Br)cc(Br)c3[O-]->1)<-[O-]2.CS(C)=O.CS(C)=O
YIDFEZ,,C30 H31 F4 Ir1 N2 O2 S1,0.0,Cc12->[IrH+2]3456(<-NC(c7ccccc7)C(c7ccccc7)[N-]->3S(=O)(=O)c3cc(F)c(F)c(F)c3F)<-c1(C)c->4(C)[c-]->5(C)c->62C,Cc12->[IrH+2]3456(<-NC(c7ccccc7)C(c7ccccc7)[N-]->3S(=O)(=O)c3cc(F)c(F)c(F)c3F)<-c1(C)c->4(C)[c-]->5(C)c->62C,Cc12->[IrH+2]3456(<-NC(c7ccccc7)C(c7ccccc7)[N-]->3S(=O)(=O)c3cc(F)c(F)c(F)c3F)<-c1(C)c->4(C)[c-]->5(C)c->62C
YIFBOE,CC(C)(C)[CH2-]->[Ti+4]12345(<-[O-]C(CP(c6ccccc6)c6cccc[c-]->16)(C(C)(C)C)C(C)(C)C)<-c1c->2c->3[cH-]->4c->51,C32 H45 O1 P1 Ti1,0.0,CC(C)(C)[CH2-]->[Ti+4]12345(<-[O-]C(CP(c6ccccc6)c6cccc[c-]->16)(C(C)(C)C)C(C)(C)C)<-c1c->2c->3[cH-]->4c->51,CC(C)(C)[CH2-]->[Ti+4]12345(<-[O-]C(CP(c6ccccc6)c6cccc[c-]->16)(C(C)(C)C)C(C)(C)C)<-c1c->2c->3[cH-]->4c->51,CC(C)(C)[CH2-]->[Ti+4]123456(<-[O-]C(CP->1(c1ccccc1)c1cccc[c-]->21)(C(C)(C)C)C(C)(C)C)<-c1c->3c->4[cH-]->5c->61
YIGCUM,,C23 H35 N1 Nb1 O2 Si2 1+,1.0,CC#N->[Nb+3]123456789(<-C(C)#C->1C(=O)OC)(<-c1c->2c->3([Si](C)(C)C)c->4[cH-]->51)<-c1c->6c->7([Si](C)(C)C)c->8[cH-]->91,CC#N->[Nb+3]123456789(<-C(C)#C->1C(=O)OC)(<-c1c->2c->3[c-]->4([Si](C)(C)C)c->51)<-c1c->6c->7[c-]->8([Si](C)(C)C)c->91,CC#N->[Nb+3]123456789(<-C(C)#C->1C(=O)OC)(<-c1c->2c->3[c-]->4([Si](C)(C)C)c->51)<-c1c->6c->7[c-]->8([Si](C)(C)C)c->91
YIHNEK,CNC(=S)N/N=C(\C)c1ccccn1->[Cd+2](<-[Cl-])<-[Cl-],C9 H12 Cd1 Cl2 N4 S1,0.0,CNC1NN2=C(C)c3ccccn3->[Cd+2]<-2(<-[Cl-])(<-[Cl-])<-S=1,CNC1NN2=C(C)c3ccccn3->[Cd+2]<-2(<-[Cl-])(<-[Cl-])<-S=1,CNC1NN2=C(C)c3ccccn3->[Cd+2]<-2(<-[Cl-])(<-[Cl-])<-S=1
YIJLAE,Cc12->[Rh+3]34567(<-[Cl-])<-c18c->3(C)[c-]->4(c->52C)Cc1c(F)c(F)c(F)c(F)c1P->6(c1c(F)c(F)c(F)c(F)c1F)CCP->7(c1c(F)c(F)c(F)c(F)c1F)c1c(F)c(F)c(F)c(F)c1C8,C36 H17 Cl1 F18 P2 Rh1 1+,1.0,Cc12->[Rh+3]34567(<-[Cl-])<-c18c->3(C)[c-]->4(c->52C)Cc1c(F)c(F)c(F)c(F)c1P->6(c1c(F)c(F)c(F)c(F)c1F)CCP->7(c1c(F)c(F)c(F)c(F)c1F)c1c(F)c(F)c(F)c(F)c1C8,Cc12->[Rh+3]34567(<-[Cl-])<-c18c->3(C)[c-]->4(c->52C)Cc1c(F)c(F)c(F)c(F)c1P->6(c1c(F)c(F)c(F)c(F)c1F)CCP->7(c1c(F)c(F)c(F)c(F)c1F)c1c(F)c(F)c(F)c(F)c1C8,Cc12->[Rh+3]34567(<-[Cl-])<-c18c->3(C)[c-]->4(c->52C)Cc1c(F)c(F)c(F)c(F)c1P->6(c1c(F)c(F)c(F)c(F)c1F)CCP->7(c1c(F)c(F)c(F)c(F)c1F)c1c(F)c(F)c(F)c(F)c1C8
YIKCEB,,C13 H12 F3 Mo1 N1 O6 S1,0.0,fail,CC12=C->[Mo+4]<-13(<-[C-]#[O+])(<-[C-]#[O+])(<-[CH2-]2)(<-[O-]C=C1C=CC=C[N-]->31)<-[O-]S(=O)(=O)C(F)(F)F,CC12=C->[Mo+4]<-13(<-[C-]#[O+])(<-[C-]#[O+])(<-[CH2-]2)(<-[O-]C=C1C=CC=C[N-]->31)<-[O-]S(=O)(=O)C(F)(F)F
YIKWEU,,C15 H12 F5 N3 O1 W1,0.0,CN1(C)CCN2=Cc3c(F)c(F)c(F)c(F)[c-]3->[W+2]<-2<-13(<-[F-])(<-[C-]#[O+])<-C#C->3C#N,CN1(C)CCN2=Cc3c(F)c(F)c(F)c(F)[c-]3->[W+4]<-2<-13(<-[F-])(<-[C-]#[O+])<-[CH-]=[C-]->3C#N,CN1(C)CCN2=Cc3c(F)c(F)c(F)c(F)[c-]3->[W+4]<-2<-13(<-[F-])(<-[C-]#[O+])<-[CH-]=[C-]->3C#N
YIMJIQ,CC(C)P1(c2cccc3c2C2(=P(C)(C)C)->[Ni+2]<-1(<-[Br-])<-P(c1cccc(c12)C3(C)C)(C(C)C)C(C)C)C(C)C,C31 H49 Br1 Ni1 P3 1+,1.0,CC(C)P1(c2cccc3c2[C-]2([P+](C)(C)C)->[Ni+2]<-1(<-[Br-])<-P(c1cccc(c12)C3(C)C)(C(C)C)C(C)C)C(C)C,CC(C)P1(c2cccc3c2C2(=P(C)(C)C)->[Ni+2]<-1(<-[Br-])<-P(c1cccc(c12)C3(C)C)(C(C)C)C(C)C)C(C)C,CC(C)P1(c2cccc3c2C2(=P(C)(C)C)->[Ni+2]<-1(<-[Br-])<-P(c1cccc(c12)C3(C)C)(C(C)C)C(C)C)C(C)C
YINZUQ,CC1=N2->[Co@OH18+3]3456<-N7=C(C)N=C/C7=C/[N-]->3CCN(CC[N-]->4/C=C\2C=N1)CC[N-]->5/C=C1/C=NC(C)=N->61,C21 H27 Co1 N10,0.0,CC1=N2->[Co]3456<-N(=CC2=C[N]1)CCN(CCN->3=CC1=C[N]C(C)=N->41)CCN->5=CC1=C[N]C(C)=N->61,CC1=N2->[Co+3]3456<-N7=C(C)N=CC7=C[N-]->3CCN(CC[N-]->4C=C2C=N1)CC[N-]->5C=C1C=NC(C)=N->61,CC1=N2->[Co+3]3456<-N7=C(C)N=CC7=C[N-]->3CCN(CC[N-]->4C=C2C=N1)CC[N-]->5C=C1C=NC(C)=N->61
YIPYOO,CCOC(=O)[CH-]1C2(C)=C3[O-]->[Fe+2]<-3<-1<-2(<-[C-]#[O+])(<-[C-]#[O+])<-P(c1ccccc1)(c1ccccc1)c1ccccc1,C27 H25 Fe1 O5 P1,0.0,fail,CCOC(=O)[CH-]1C2(C)=C3[O-]->[Fe+2]<-3<-1<-2(<-[C-]#[O+])(<-[C-]#[O+])<-P(c1ccccc1)(c1ccccc1)c1ccccc1,CCOC(=O)[CH-]1C2(C)=C3[O-]->[Fe+2]<-3<-1<-2(<-[C-]#[O+])(<-[C-]#[O+])<-P(c1ccccc1)(c1ccccc1)c1ccccc1
YIQXUR,Cc1cccc(C)c1/N=[C-]1/c2ccccc2N->[Pd@@+2]<-1(<-[I-])<-[C-]#[N+]c1c(C)cccc1C,C24 H24 I1 N3 Pd1,0.0,Cc1cccc(C)c1N=[C-]1c2ccccc2N->[Pd+2]<-1(<-[I-])<-[C-]#[N+]c1c(C)cccc1C,Cc1cccc(C)c1N=[C-]1c2ccccc2N->[Pd+2]<-1(<-[I-])<-[C-]#[N+]c1c(C)cccc1C,Cc1cccc(C)c1N=[C-]1c2ccccc2N->[Pd+2]<-1(<-[I-])<-[C-]#[N+]c1c(C)cccc1C
YISNAR,CCC/N1=C/c2ccccn2->[Os+2]<-123456(<-[Cl-])<-c1c->2c->3(C(C)C)c->4c->5c->61C,C19 H26 Cl1 N2 Os1 1+,1.0,CCCN1=Cc2ccccn2->[Os+2]<-123456(<-[Cl-])<-c1c->2c->3(C(C)C)c->4c->5c->61C,CCCN1=Cc2ccccn2->[Os+2]<-123456(<-[Cl-])<-c1c->2c->3(C(C)C)c->4c->5c->61C,CCCN1=Cc2ccccn2->[Os+2]<-12345(<-[Cl-])<-c1c(C(C)C)c->2c->3c->4(C)c->51
YITFAI,[Br-]->[Ni+2]1(<-[Br-])<-N2CCOCCOCCN->1CCOCCOCC2,C12 H26 Br2 N2 Ni1 O4,0.0,[Br-]->[Ni+2]123(<-[Br-])<-N4CCOCCO->1CCN->2CCOCCO->3CC4,[Br-]->[Ni+2]123(<-[Br-])<-N4CCOCCO->1CCN->2CCOCCO->3CC4,[Br-]->[Ni+2]1(<-[Br-])<-N2CCOCCOCCN->1CCOCCOCC2
YIWLAS,[Br-]->[Cu+]12<-n3ccccc3CN(Cc3ccccn->13)Cc1ccccn->21,C18 H18 Br1 Cu1 N4,0.0,[Br-]->[Cu+]123<-n4ccccc4CN->1(Cc1ccccn->21)Cc1ccccn->31,[Br-]->[Cu+]123<-n4ccccc4CN->1(Cc1ccccn->21)Cc1ccccn->31,[Br-]->[Cu+]123<-n4ccccc4CN->1(Cc1ccccn->21)Cc1ccccn->31
YIXTIK,COC1=CC2=O->[Zn+2]34(<-O=C5C=C(OC)C=C/C5=C(/[O-]->3)c3ccccc3)(<-[O-]/C(=C\2C=C1)c1ccccc1)<-n1ccccc1-c1ccccn->41,C38 H30 N2 O6 Zn1,0.0,COc1ccc2C(=O->[Zn+2]34(<-O=C(c5ccccc5)c5ccc(OC)cc5[O-]->3)(<-[O-]c2c1)<-n1ccccc1-c1ccccn->41)c1ccccc1,COC1=CC2=O->[Zn+2]34(<-O=C5C=C(OC)C=CC5=C([O-]->3)c3ccccc3)(<-[O-]C(=C2C=C1)c1ccccc1)<-n1ccccc1-c1ccccn->41,COC1=CC2=O->[Zn+2]34(<-O=C5C=C(OC)C=CC5=C([O-]->3)c3ccccc3)(<-[O-]C(=C2C=C1)c1ccccc1)<-n1ccccc1-c1ccccn->41
YIYCUF,[Cl-]->[Ni@+2]12<-N3=CC=C/C3=C/[N-]->1c1ccccc1P->2(c1ccccc1)c1ccccc1,C23 H18 Cl1 N2 Ni1 P1,0.0,[Cl-]->[Ni+2]12<-N(=Cc3ccc[n-]->13)c1ccccc1P->2(c1ccccc1)c1ccccc1,[Cl-]->[Ni+2]12<-N(=Cc3ccc[n-]->13)c1ccccc1P->2(c1ccccc1)c1ccccc1,[Cl-]->[Ni+2]12<-N(=Cc3ccc[n-]->13)c1ccccc1P->2(c1ccccc1)c1ccccc1
YIYQEC,C/C1=N(\C(C)C)->[Ru+2]2345(<-C6#C->2CCC->3#C->4CC6)(<-N(=C(/C)[N-]->5C(C)C)/C(C)C)<-[N-]1C(C)C,C24 H46 N4 Ru1,0.0,CC1=N(C(C)C)->[Ru+2]2345(<-C6=C->2CCC->3=C->4CC6)(<-N(=C(C)[N-]->5C(C)C)C(C)C)<-[N-]1C(C)C,CC1=N(C(C)C)->[Ru+6]23456(<-[C-]7=[C-]->2CC[C-]->3=[C-]->4CC7)(<-N(C(C)C)=C->5(C)[N-]->6C(C)C)<-[N-]1C(C)C,CC1=N(C(C)C)->[Ru+2]2345(<-C6#C->2CCC->3#C->4CC6)(<-N(=C(C)[N-]->5C(C)C)C(C)C)<-[N-]1C(C)C
YIZJEX,[CH3-]->[Pt+4]1(<-[CH3-])(<-[CH3-])(<-[O-]S(=O)(=O)C(F)(F)F)<-n2cccc3ccn(Cn4ccc5cccn->1c54)c32,C19 H21 F3 N4 O3 Pt1 S1,0.0,[CH3-]->[Pt+4]1(<-[CH3-])(<-[CH3-])(<-[O-]S(=O)(=O)C(F)(F)F)<-n2cccc3ccn(Cn4ccc5cccn->1c54)c32,[CH3-]->[Pt+4]1(<-[CH3-])(<-[CH3-])(<-[O-]S(=O)(=O)C(F)(F)F)<-n2cccc3ccn(Cn4ccc5cccn->1c54)c32,[CH3-]->[Pt+4]1(<-[CH3-])(<-[CH3-])(<-[O-]S(=O)(=O)C(F)(F)F)<-n2cccc3ccn(Cn4ccc5cccn->1c54)c32
YOBDAU,CB12->[Ni]3456789(<-C%10=C->3/CC/C->4=C->5\CC\%10)<-B(C)(c->63ccccc->731)c->81ccccc->912,C22 H26 B2 Ni1,0.0,CB12->[Ni]3456789(<-C%10=C->3CCC->4=C->5CC%10)<-B(C)(c->63ccccc->731)c->81ccccc->912,CB12->[Ni]3456789(<-C%10=C->3CCC->4=C->5CC%10)<-B(C)(c->63ccccc->731)c->81ccccc->912,CB12->[Ni]3456789(<-C%10=C->3CCC->4=C->5CC%10)<-B(C)(c->63ccccc->731)c->81ccccc->912
YOCHAZ,CC1(C)CN23->[Ni@SP1+2]4(<-S1[O-])<-S([O-])C(C)(C)CN->4(CCC2)CCC3,C14 H28 N2 Ni1 O2 S2,0.0,CC1(C)CN23->[Ni]4(<-[SH]1=O)<-[SH](=O)C(C)(C)CN->4(CCC2)CCC3,CC1(C)CN23->[Ni]4(<-S1[O-])<-S(#[O+])C(C)(C)CN->4(CCC2)CCC3,CC1(C)CN23->[Ni]4(<-S1[O-])<-S(#[O+])C(C)(C)CN->4(CCC2)CCC3
YOCYUL,,C22 H26 Cd1 N8 O6,0.0,O=[N+]([O-])[O-]->[Cd+2]12(<-[O-][N+](=O)[O-])(<-n3c(C4CCCN->14)[nH]c1ccccc13)<-n1c(C3CCCN->23)[nH]c2ccccc21,O=[N+]([O-])[O-]->[Cd+2]12(<-[O-][N+](=O)[O-])(<-n3c(C4CCCN->14)[nH]c1ccccc13)<-n1c(C3CCCN->23)[nH]c2ccccc21,O=[N+]([O-])[O-]->[Cd+2]123(<-[O-][N+](=O)[O-]->1)(<-n1c(C4CCCN->24)[nH]c2ccccc21)<-n1c(C2CCCN->32)[nH]c2ccccc21
YODMEL,CC(C)/N1=C/c2cccc[c-]2->[Ir+3]<-12345(<-[Cl-])<-c1(C)c->2(C)c->3(C)[c-]->4(C)c->51C,C20 H27 Cl1 Ir1 N1,0.0,CC(C)N1=Cc2cccc[c-]2->[Ir+3]<-12345(<-[Cl-])<-c1(C)c->2(C)c->3(C)[c-]->4(C)c->51C,CC(C)N1=Cc2cccc[c-]2->[Ir+3]<-12345(<-[Cl-])<-c1(C)c->2(C)c->3(C)[c-]->4(C)c->51C,CC(C)N1=Cc2cccc[c-]2->[Ir+3]<-12345(<-[Cl-])<-c1(C)c->2(C)c->3(C)[c-]->4(C)c->51C
YOFZEY,,C23 H51 N1 O3 Os1 P2 S1,0.0,CC(=O)NC1C[S-]->[OsH2+2](<-[O-]C1=O)(<-P(C(C)C)(C(C)C)C(C)C)<-P(C(C)C)(C(C)C)C(C)C,CC(=O)NC1C[S-]->[OsH2+2](<-[O-]C1=O)(<-P(C(C)C)(C(C)C)C(C)C)<-P(C(C)C)(C(C)C)C(C)C,CC(=O)NC1C[S-]->[OsH2+2](<-[O-]C1=O)(<-P(C(C)C)(C(C)C)C(C)C)<-P(C(C)C)(C(C)C)C(C)C
YOGWAU,CP(C)(C)->[Pd+2](<-[S-]c1cccs1)(<-[S-]c1cccs1)<-P(C)(C)C,C14 H24 P2 Pd1 S4,0.0,CP(C)(C)->[Pd+2](<-[S-]c1cccs1)(<-[S-]c1cccs1)<-P(C)(C)C,CP(C)(C)->[Pd+2](<-[S-]c1cccs1)(<-[S-]c1cccs1)<-P(C)(C)C,CP(C)(C)->[Pd+2]12(<-[S-]c3cccs->13)(<-[S-]c1cccs->21)<-P(C)(C)C
YOHPIV,[Cl-]->[Pd@OH10+2]12<-S=P(C3=CC=C/C(=C(\Nc4ccccc4)[S-]->1)[C]->23)(c1ccccc1)c1ccccc1,C25 H19 Cl1 N1 P1 Pd1 S2,0.0,[Cl-]->[Pd+2]12<-S=C(Nc3ccccc3)c3cccc(P(=S->1)(c1ccccc1)c1ccccc1)[c-]->23,[Cl-]->[Pd+2]12<-S=P(C3=CC=CC(=C(Nc4ccccc4)[S-]->1)[C]->23)(c1ccccc1)c1ccccc1,[Cl-]->[Pd+2]123<-S=P->1(C1=CC=CC(=C(Nc4ccccc4)[S-]->2)[C]->31)(c1ccccc1)c1ccccc1
YOJMIT,,C27 H45 N1 Si3 Zr1,0.0,CC(C)(C)[N-]1[Si](C)(C)[c-]23->[Zr+4]<-1456(<-[CH2-][Si](C)(C)C)(<-[CH2-][Si](C)(C)C)<-c1(ccccc->412)c->51ccccc->613,CC(C)(C)[N-]1[Si](C)(C)[c-]23->[Zr+4]<-1456(<-[CH2-][Si](C)(C)C)(<-[CH2-][Si](C)(C)C)<-c1(ccccc->412)c->51ccccc->613,CC(C)(C)[N-]1[Si](C)(C)[c-]23->[Zr+4]<-1456(<-[CH2-][Si](C)(C)C)(<-[CH2-][Si](C)(C)C)<-c1(ccccc->412)c->51ccccc->613
YOKTAW,CCN(CC)C1/N=C(\[O-]->[Re+5]23(<-[O-2])(<-S=1)<-S=C(/N=C(/c1cc(F)cc(F)c1)[N-]->2/N=C(\[S-]->3)N(C)C)N(CC)CC)c1cc(F)cc(F)c1,C27 H32 F4 N7 O2 Re1 S3,0.0,CCN(CC)C1=NC(=O->[Re+5]23(<-[O-2])(<-[S-]C(=NN->2=C(N=C([S-]->3)N(CC)CC)c2cc(F)cc(F)c2)N(C)C)<-[S-]1)c1cc(F)cc(F)c1,CCN(CC)C1N=C([O-]->[Re+5]23(<-[O-2])(<-S=1)<-S=C(N=C(c1cc(F)cc(F)c1)[N-]->2N=C([S-]->3)N(C)C)N(CC)CC)c1cc(F)cc(F)c1,CCN(CC)C1N=C([O-]->[Re+5]23(<-[O-2])(<-S=1)<-S=C(N=C(c1cc(F)cc(F)c1)[N-]->2N=C([S-]->3)N(C)C)N(CC)CC)c1cc(F)cc(F)c1
YOLHOX,,C37 H39 I2 O1 P3 Rh1 1+,1.0,C[C-](=O)->[Rh+4]1(<-[I-])(<-[I-])<-P(CC[P](C)(c2ccccc2)c2ccccc2)(CCP->1(c1ccccc1)c1ccccc1)c1ccccc1,C[C-](=O)->[Rh+3]1(<-[I-])(<-[I-])<-P(CCP->1(c1ccccc1)c1ccccc1)(CC[P+](C)(c1ccccc1)c1ccccc1)c1ccccc1,C[C-](=O)->[Rh+3]1(<-[I-])(<-[I-])<-P(CCP->1(c1ccccc1)c1ccccc1)(CC[P+](C)(c1ccccc1)c1ccccc1)c1ccccc1
YOLPOF,[CH3-]->[Pt+4]1(<-[CH3-])(<-[Br-])(<-[Br-])<-n2cccn2CCn2cccn->12,C10 H16 Br2 N4 Pt1,0.0,[CH3-]->[Pt+4]1(<-[CH3-])(<-[Br-])(<-[Br-])<-n2cccn2CCn2cccn->12,[CH3-]->[Pt+4]1(<-[CH3-])(<-[Br-])(<-[Br-])<-n2cccn2CCn2cccn->12,[CH3-]->[Pt+4]1(<-[CH3-])(<-[Br-])(<-[Br-])<-n2cccn2CCn2cccn->12
YOMXOP,CCOC(=O)N1CCN(C(=S)[S-]->[Hg+2]<-[c-]2ccccc2)CC1,C14 H18 Hg1 N2 O2 S2,0.0,fail,CCOC(=O)N1CCN(C(=S)[S-]->[Hg+2]<-[c-]2ccccc2)CC1,CCOC(=O)N1CCN(C2=S->[Hg+2](<-[S-]2)<-[c-]2ccccc2)CC1
YONYEH,Cc1c(C(=O)O)n(->[Zn@+2]2(<-[Br-])<-[O-]C(=O)c3c(C)n(-c4ccccc4)nn->23)nn1-c1ccccc1,C20 H17 Br1 N6 O4 Zn1,0.0,Cc1c2C(=O)[O-]->[Zn+2]3(<-[Br-])(<-O=C(O)c4c(C)n(-c5ccccc5)nn->34)<-n2nn1-c1ccccc1,Cc1c2C(=O)[O-]->[Zn+2]3(<-[Br-])(<-O=C(O)c4c(C)n(-c5ccccc5)nn->34)<-n2nn1-c1ccccc1,Cc1c(C(=O)O)n(->[Zn+2]2(<-[Br-])<-[O-]C(=O)c3c(C)n(-c4ccccc4)nn->23)nn1-c1ccccc1
YOQDAK,COc1ccccc1C1=N(->[Zn+2](<-[Br-])<-[Br-])C(C)(C)CO1,C12 H15 Br2 N1 O2 Zn1,0.0,CO1c2ccccc2C2=N(->[Zn+2]<-1(<-[Br-])<-[Br-])C(C)(C)CO2,CO1c2ccccc2C2=N(->[Zn+2]<-1(<-[Br-])<-[Br-])C(C)(C)CO2,CO1c2ccccc2C2=N(->[Zn+2]<-1(<-[Br-])<-[Br-])C(C)(C)CO2
YORFUJ,C=C(c1ccccc1)[B-]123[H]->[Mn+]<-1(<-[H]2)(<-[C-]#[O+])(<-[C-]#[O+])(<-[C-]#[O+])<-N=c1sc2ccccc2n13,C18 H14 B1 Mn1 N2 O3 S1,0.0,fail,[CH2-]C(=B1n2c(=N->[MnH2+]<-1(<-[C-]#[O+])(<-[C-]#[O+])<-[C-]#[O+])[s+]c1cccc[c-]12)c1ccccc1,[CH2-]C(=B1n2c(=N->[MnH2+]<-1(<-[C-]#[O+])(<-[C-]#[O+])<-[C-]#[O+])[s+]c1cccc[c-]12)c1ccccc1
YORNIC,CCCCS/C1=N/N2=C/c3c([O-]->[Mo+6]<-2(<-[O-2])(<-[O-2])(<-[NH-]1)<-OC)ccc1ccccc31,C17 H21 Mo1 N3 O4 S1,0.0,CCCCSC1=NN2=Cc3c([O-]->[Mo+6]<-2(<-[O-2])(<-[O-2])(<-[NH-]1)<-OC)ccc1ccccc31,CCCCSC1=NN2=Cc3c([O-]->[Mo+6]<-2(<-[O-2])(<-[O-2])(<-[NH-]1)<-OC)ccc1ccccc31,CCCCSC1=NN2->[Mo+6](<-[O-2])(<-[O-2])(<-[NH-]1)<-[O-]c1ccc3ccccc3c1C=2.CO
YOSMID,,C28 H43 La1 N4,0.0,fail,CC12N3CCN4(->[La+2]3567(<-[CH2-]c3ccccc3)(<-[CH2-]c->53ccccc->63)<-N(C)(CCN->7(C)C1)C2)CCCC4,CC12N3CCN4(->[La+2]35(<-[CH2-]c3ccccc3)(<-[CH2-]c3ccccc3)<-N(C)(CCN->5(C)C1)C2)CCCC4
YOSYIQ,CS(C)(=O)->[Ru+2]1(<-[Cl-])(<-[Cl-])(<-n2ccccc2C[S@]->1(C)=O)<-S(C)(C)=O,C11 H21 Cl2 N1 O3 Ru1 S3,0.0,CS(C)(=O)->[Ru+2]1(<-[Cl-])(<-[Cl-])(<-n2ccccc2CS->1(C)=O)<-S(C)(C)=O,CS(C)(=O)->[Ru+2]1(<-[Cl-])(<-[Cl-])(<-n2ccccc2CS->1(C)=O)<-S(C)(C)=O,CS(C)(=O)->[Ru+2]1(<-[Cl-])(<-[Cl-])(<-n2ccccc2CS->1(C)=O)<-S(C)(C)=O
YOVHOG,,C12 H20 Cl3 O1 P1 W1,0.0,CC(C)c12->[W+4]345(<-[Cl-])(<-[Cl-])(<-[Cl-])(<-[C-]#[O+])(<-c(c->31)[cH-]->4c->52)<-P(C)(C)C,CC(C)c12->[W+4]345(<-[Cl-])(<-[Cl-])(<-[Cl-])(<-[C-]#[O+])(<-c(c->3[cH-]->41)c->52)<-P(C)(C)C,CC(C)c12->[W+4]345(<-[Cl-])(<-[Cl-])(<-[Cl-])(<-[C-]#[O+])(<-c(c->3[cH-]->41)c->52)<-P(C)(C)C
YOWTAG,O=C(CN(CC(=O)NCc1ccccc1)CC(NCc1ccccc1)=O->[Ag+]<-[O-][N+](=O)[O-])NCc1ccccc1,C27 H30 Ag1 N5 O6,0.0,O=[N+]1[O-]->[Ag+]234(<-O=C(CN->2(CC(NCc2ccccc2)=O->3)CC(NCc2ccccc2)=O->4)NCc2ccccc2)<-[O-]1,O=C(CN1(CC(=O)NCc2ccccc2)CC(NCc2ccccc2)=O->[Ag+]<-1<-[O-][N+](=O)[O-])NCc1ccccc1,O=[N+]1[O-]->[Ag+]23(<-O=C(CN(CC(NCc4ccccc4)=O->2)CC(NCc2ccccc2)=O->3)NCc2ccccc2)<-[O-]1
YOXXAK,O=C1O[C@H]2CCCC[C@@H]2C[CH-]2->[W+4]34567(<-[C-]#[O+])(<-[C-]#[O+])(<-[CH2-][C-]->312)<-c1c->4c->5[cH-]->6c->71,C18 H20 O4 W1,0.0,fail,O=C1OC2CCCCC2CC2->[W+2]34567(<-[C-]#[O+])(<-[C-]#[O+])(<-[CH2-]C->3=21)<-c1c->4c->5[cH-]->6c->71,O=C1OC2CCCCC2CC2->[W+2]34567(<-[C-]#[O+])(<-[C-]#[O+])(<-[CH2-]C->3=21)<-c1c->4c->5[cH-]->6c->71
YOZDOG,,C18 H24 Mn1 O5 P1,0.0,CCO[C-2](c1ccccc1)->[Mn+3]1234(<-[C-]#[O+])(<-c5c->1c->2[cH-]->3c->45)<-P(OC)(OC)OC,CCO[C](c1ccccc1)->[Mn+]1234(<-[C-]#[O+])(<-c5c->1c->2[cH-]->3c->45)<-P(OC)(OC)OC,CCO[C](c1ccccc1)->[Mn+]1234(<-[C-]#[O+])(<-c5c->1c->2[cH-]->3c->45)<-P(OC)(OC)OC
YOZYOC,,C23 H40 Fe1 N1 P3,0.0,Cc1ccccc1C1=N->[FeH+](<-[c-]2ccccc21)(<-P(C)(C)C)(<-P(C)(C)C)<-P(C)(C)C,Cc1ccccc1C1=N->[FeH+](<-[c-]2ccccc21)(<-P(C)(C)C)(<-P(C)(C)C)<-P(C)(C)C,Cc1ccccc1C1=N->[FeH+](<-[c-]2ccccc21)(<-P(C)(C)C)(<-P(C)(C)C)<-P(C)(C)C
YUBNOY,,C14 H22 As1 Nb1,0.0,CC[As-](CC)->[NbH2+3]12345678(<-c9c->1c->2[cH-]->3c->49)<-c1c->5c->6[cH-]->7c->81,CC[As-](CC)->[NbH2+3]12345678(<-c9c->1c->2[cH-]->3c->49)<-c1c->5c->6[cH-]->7c->81,CC[As-](CC)->[NbH2+3]12345678(<-c9c->1c->2[cH-]->3c->49)<-c1c->5c->6[cH-]->7c->81
YUCKUC,[O+]#[C-]->[Mo+2]1(<-[C-]#[O+])(<-[C-]#[O+])(<-[C-]#[O+])<-[N-](C(=N\c2ccccc2)/C(=N/c2ccccc2)[N-]->1c1ccccc1)c1ccccc1,C30 H22 Mo1 N4 O4,0.0,[O+]#[C-]->[Mo]1(<-[C-]#[O+])(<-[C-]#[O+])(<-[C-]#[O+])<-N(=C(Nc2ccccc2)C(Nc2ccccc2)=N->1c1ccccc1)c1ccccc1,[O+]#[C-]->[Mo+2]1(<-[C-]#[O+])(<-[C-]#[O+])(<-[C-]#[O+])<-[N-](C(=Nc2ccccc2)C(=Nc2ccccc2)[N-]->1c1ccccc1)c1ccccc1,[O+]#[C-]->[Mo+2]1(<-[C-]#[O+])(<-[C-]#[O+])(<-[C-]#[O+])<-[N-](C(=Nc2ccccc2)C(=Nc2ccccc2)[N-]->1c1ccccc1)c1ccccc1
YUCZUS,,C20 H40 Hg1 N6 S2,0.0,CCCCNC(NCCCC)=S->[Hg+2](<-[C-]#N)(<-[C-]#N)<-S=C(NCCCC)NCCCC,CCCCNC(NCCCC)=S->[Hg+2](<-[C-]#N)(<-[C-]#N)<-S=C(NCCCC)NCCCC,CCCCNC(=S)NCCCC.CCCCNC(=S)NCCCC.N#[C-]->[Hg+2]<-[C-]#N
YUDXOL,,C28 H44 Ir1 N1 O1 P2,0.0,Cc1ccc2[N-]3c4ccc(C)cc4P(C(C)C)(C(C)C)->[IrH+2]<-3(<-[CH3-])(<-[C-]#[O+])<-P(c2c1)(C(C)C)C(C)C,Cc1ccc2[N-]3c4ccc(C)cc4P(C(C)C)(C(C)C)->[IrH+2]<-3(<-[CH3-])(<-[C-]#[O+])<-P(c2c1)(C(C)C)C(C)C,Cc1ccc2[N-]3c4ccc(C)cc4P(C(C)C)(C(C)C)->[IrH+2]<-3(<-[CH3-])(<-[C-]#[O+])<-P(c2c1)(C(C)C)C(C)C
YUGBAE,,C24 H53 Ir1 N1 O1 P2 1+,1.0,CC(C)(C)P1(CCN2CCP(C(C)(C)C)(C(C)(C)C)->[IrH2+3]<-2<-1<-[C-2]1CCCO1)C(C)(C)C,CC(C)(C)P1(CCN2CCP(C(C)(C)C)(C(C)(C)C)->[IrH2+]<-2<-1<-[C]1CCCO1)C(C)(C)C,CC(C)(C)P1(CCN2CCP(C(C)(C)C)(C(C)(C)C)->[IrH2+]<-2<-1<-[C]1CCCO1)C(C)(C)C
YUGZAC,CC1=C(C)C[C@@]2(C(F)(F)F)[C@]3(C(F)(F)F)CC(C)=C(C)CS3->[Pt@SP2+2]3(<-[S-]/C(=C(\[S-]->3)C(F)(F)F)C(F)(F)F)<-S2C1,C20 H20 F12 Pt1 S4,0.0,CC1=C(C)CC2(C(F)(F)F)C3(C(F)(F)F)CC(C)=C(C)CS3->[Pt+2]3(<-[S-]C(=C([S-]->3)C(F)(F)F)C(F)(F)F)<-S2C1,CC1=C(C)CC2(C(F)(F)F)C3(C(F)(F)F)CC(C)=C(C)CS3->[Pt+2]3(<-[S-]C(=C([S-]->3)C(F)(F)F)C(F)(F)F)<-S2C1,CC1=C(C)CC2(C(F)(F)F)C3(C(F)(F)F)CC(C)=C(C)CS3->[Pt]3(<-S=C(C(=S->3)C(F)(F)F)C(F)(F)F)<-S2C1
YUHWOO,Cn1c2C[Se](c3ccccc3)->[Cu+]3(<-n2c2ccccc21)<-n1c(C[Se]->3c2ccccc2)n(C)c2ccccc21,C30 H28 Cu1 N4 Se2 1+,1.0,Cn1c2C[Se](c3ccccc3)->[Cu+]3(<-n2c2ccccc21)<-n1c(C[Se]->3c2ccccc2)n(C)c2ccccc21,Cn1c(C[Se]c2ccccc2)n(->[Cu+]<-n2c(C[Se]c3ccccc3)n(C)c3ccccc32)c2ccccc21,Cn1c(C[Se]c2ccccc2)n(->[Cu+]<-n2c(C[Se]c3ccccc3)n(C)c3ccccc32)c2ccccc21
YUKCOY,,C27 H52 N2 Os1 P2,0.0,CC(C)P(C(C)C)(C(C)C)->[OsH3+]1(<-[c-]2ccccc2-c2[nH]ccn->12)<-P(C(C)C)(C(C)C)C(C)C,CC(C)P(C(C)C)(C(C)C)->[OsH3+]1(<-[c-]2ccccc2-c2[nH]ccn->12)<-P(C(C)C)(C(C)C)C(C)C,CC(C)P(C(C)C)(C(C)C)->[OsH3+]1(<-[c-]2ccccc2-c2[nH]ccn->12)<-P(C(C)C)(C(C)C)C(C)C
YULCOY,[Cl-]->[Au+]<-C(=C1c2ccccc2-c2ccccc21)=P(c1ccccc1)(c1ccccc1)c1ccccc1,C32 H23 Au1 Cl1 P1,0.0,[Cl-]->[Au+]<-[C-](=C1c2ccccc2-c2ccccc21)[P+](c1ccccc1)(c1ccccc1)c1ccccc1,[Cl-]->[Au+]<-C(=C1c2ccccc2-c2ccccc21)=P(c1ccccc1)(c1ccccc1)c1ccccc1,[Cl-]->[Au+]<-C(=C1c2ccccc2-c2ccccc21)=P(c1ccccc1)(c1ccccc1)c1ccccc1
YUPGUN,COc1c(Cl)c2[n-]3->[Zn@OH6+2]45(<-N6=C(/C=C\c7c(OC)c(Cl)c([n-]->47)-c4c(Cl)c(OC)c([n-]->54)/C=C\c13)/C(=[O+]/C)C(Cl)=C26)<-n1ccccc1,C29 H21 Cl4 N5 O4 Zn1,0.0,COC1=C(Cl)c2c3c(Cl)c(OC)c4ccc5c(OC)c(Cl)c6c7n8->[Zn+2](<-n9ccccc9)(<-n2c1ccc8C(OC)=C7Cl)(<-[n-]43)<-[n-]56,COC1=C(Cl)c2c3c(Cl)c(OC)c4ccc5c(OC)c(Cl)c6c7n8->[Zn+2](<-n9ccccc9)(<-n2c1ccc8C(OC)=C7Cl)(<-[n-]43)<-[n-]56,COC1=C(Cl)c2c3c(Cl)c(OC)c4ccc5c(OC)c(Cl)c6c7n8->[Zn+2](<-n9ccccc9)(<-n2c1ccc8C(OC)=C7Cl)(<-[n-]43)<-[n-]56
YURCEV,O=C1C(=O)C(Cl)=C2[O-]->[Ru+2]34(<-[O-]C2=C1Cl)(<-n1ccccc1-c1ccccn->31)<-n1ccccc1-c1ccccn->41,C26 H16 Cl2 N4 O4 Ru1,0.0,O=C1C(=O)C(Cl)=C2[O-]->[Ru+2]34(<-[O-]C2=C1Cl)(<-n1ccccc1-c1ccccn->31)<-n1ccccc1-c1ccccn->41,[O-]c1c([O-])c(Cl)c2[O-]->[Ru+4]34(<-[O-]c2c1Cl)(<-n1ccccc1-c1ccccn->31)<-n1ccccc1-c1ccccn->41,[O-]c1c([O-])c(Cl)c2[O-]->[Ru+4]34(<-[O-]c2c1Cl)(<-n1ccccc1-c1ccccn->31)<-n1ccccc1-c1ccccn->41
YUSMAA,,C24 H21 Mn1 O3,0.0,Cc1ccc(C(=O)[C-2](c2ccc(C)cc2)->[Mn+3]2345(<-[C-]#[O+])(<-[C-]#[O+])<-c6c->2c->3(C)c->4[cH-]->56)cc1,Cc1ccc(C(=O)[C](c2ccc(C)cc2)->[Mn+]2345(<-[C-]#[O+])(<-[C-]#[O+])<-c6c->2c->3[c-]->4(C)c->56)cc1,Cc1ccc(C(=O)[C](c2ccc(C)cc2)->[Mn+]2345(<-[C-]#[O+])(<-[C-]#[O+])<-c6c->2c->3[c-]->4(C)c->56)cc1
YUTJUS,CC(C)(C)[Si](c1ccccc1)(c1ccccc1)/[C-]1=N(\c2ccccc2)->[Zr+4]<-123456789(<-[Cl-])(<-c1c->2c->3[cH-]->4c->51)<-c1c->6c->7[cH-]->8c->91,C33 H34 Cl1 N1 Si1 Zr1,0.0,CC(C)(C)[Si](c1ccccc1)(c1ccccc1)C1=N(c2ccccc2)->[Zr+3]<-123456789(<-[Cl-])(<-c1c->2c->3[cH-]->4c->51)<-c1c->6c->7[cH-]->8c->91,CC(C)(C)[Si](c1ccccc1)(c1ccccc1)[C-]1=N(c2ccccc2)->[Zr+4]<-123456789(<-[Cl-])(<-c1c->2c->3[cH-]->4c->51)<-c1c->6c->7[cH-]->8c->91,CC(C)(C)[Si](c1ccccc1)(c1ccccc1)[C-]1=N(c2ccccc2)->[Zr+4]<-123456789(<-[Cl-])(<-c1c->2c->3[cH-]->4c->51)<-c1c->6c->7[cH-]->8c->91
YUTSUC,CC(C)=O->[Os+4]12(<-[C-3][CH+]c3ccccc3)(<-n3cccn3[BH-](n3cccn->13)n1cccn->21)<-P(C(C)C)(C(C)C)C(C)C,C29 H43 B1 N6 O1 Os1 P1 1+,1.0,CC(C)=O->[Os+4]12(<-[C-2]=Cc3ccccc3)(<-n3cccn3[BH-](n3cccn->13)n1cccn->21)<-P(C(C)C)(C(C)C)C(C)C,CC(C)=O->[Os+2]12(<-[C]=Cc3ccccc3)(<-n3cccn3[BH-](n3cccn->13)n1cccn->21)<-P(C(C)C)(C(C)C)C(C)C,CC(C)=O->[Os+2]12(<-[C]=Cc3ccccc3)(<-n3cccn3[BH-](n3cccn->13)n1cccn->21)<-P(C(C)C)(C(C)C)C(C)C
YUVCUP,CC(C)(C)C1=CC2=C3C=C(C(C)(C)C)C=CN3C(=C34->[W]567(<-[C-]#[O+])(<-[C-]#[O+])(<-[C-]#[O+])<-C(=C->53)C->6=C->74)N2C=C1,C27 H28 N2 O3 W1,0.0,CC(C)(C)c1ccn2c(-c34->[W]567(<-[C-]#[O+])(<-[C-]#[O+])(<-[C-]#[O+])<-c(c->5[cH-]->63)c->74)[n+]3ccc(C(C)(C)C)cc3c2c1,CC(C)(C)C1=CC2=C3C=C(C(C)(C)C)C=CN3C(=C34->[W]567(<-[C-]#[O+])(<-[C-]#[O+])(<-[C-]#[O+])<-C(=C->53)C->6=C->74)N2C=C1,CC(C)(C)C1=CC2=C3C=C(C(C)(C)C)C=CN3C(=C34->[W]567(<-[C-]#[O+])(<-[C-]#[O+])(<-[C-]#[O+])<-C(=C->53)C->6=C->74)N2C=C1
YUWCEY,CC(=O)n1ccc[c-]1->[Hg+2]<-[Cl-],C6 H6 Cl1 Hg1 N1 O1,0.0,CC(=O)n1ccc[c]1->[Hg+]<-[Cl-],CC(=O)n1ccc[c-]1->[Hg+2]<-[Cl-],CC(=O)n1ccc[c-]1->[Hg+2]<-[Cl-]
YUWNEK,COP(c1ccccc1)(c1ccccc1)->[Pt+2]1(<-[N-]=[SH]N=S->1)<-P(OC)(c1ccccc1)c1ccccc1,C26 H26 N2 O2 P2 Pt1 S2,0.0,COP(c1ccccc1)(c1ccccc1)->[Pt+2]1(<-[N-]=S=N[S-]->1)<-P(OC)(c1ccccc1)c1ccccc1,COP(c1ccccc1)(c1ccccc1)->[Pt+2]1(<-[N-]=[SH]N=S->1)<-P(OC)(c1ccccc1)c1ccccc1,COP(c1ccccc1)(c1ccccc1)->[Pt]12<-S=NSN->1=P->2(OC)(c1ccccc1)c1ccccc1
YUXHUV,CC1=CC2=C->[Ni+2]34(<-[C-]5N(c6c(C)cc(C)cc6C)CCC[N+]5=C2C(C)=C1)<-C1=C->3/[CH-]->4CCCCC\1,C30 H40 N2 Ni1,0.0,fail,CC1=CC2=C->[Ni]34(<-[C]5N(c6c(C)cc(C)cc6C)CCC[N+]5=C2C(C)=C1)<-C1=C->3[CH-]->4CCCCC1,CC1=CC2=C->[Ni]34(<-[C]5N(c6c(C)cc(C)cc6C)CCC[N+]5=C2C(C)=C1)<-C1=C->3[CH-]->4CCCCC1
YUZBEC,,C40 H38 Ir1 N6 1+,1.0,CCCCN1c2ccccc2N2c3cccc4N5c6ccccc6N(CCCC)[C]5->[IrH+2]5(<-[C]12)(<-[c-]34)<-n1cccc2ccc3cccn->5c3c21,CCCCN1c2ccccc2N2c3cccc4N5c6ccccc6N(CCCC)[C]5->[IrH+2]5(<-[C]12)(<-[c-]34)<-n1cccc2ccc3cccn->5c3c21,CCCCN1c2ccccc2N2c3cccc4N5c6ccccc6N(CCCC)[C]5->[IrH+2]5(<-[C]12)(<-[c-]34)<-n1cccc2ccc3cccn->5c3c21
ZABHOZ,,C13 H16 I1 Mo1 N1 O3,0.0,CN1[C](->[Mo+2]2345(<-[I-])(<-[C-]#[O+])(<-[C-]#[O+])<-c6c->2c->3[cH-]->4c->56)CCC1CO,CN1[C](->[Mo+2]2345(<-[I-])(<-[C-]#[O+])(<-[C-]#[O+])<-c6c->2c->3[cH-]->4c->56)CCC1CO,CN1[C](->[Mo+2]2345(<-[I-])(<-[C-]#[O+])(<-[C-]#[O+])<-c6c->2c->3[cH-]->4c->56)CCC1CO
ZADFIT,[Cl-]->[Pd@OH2+2]12<-[O-]c3ccccc3/N->1=N/c1ccccn->21,C11 H8 Cl1 N3 O1 Pd1,0.0,[Cl-]->[Pd+2]12<-[O-]c3ccccc3N->1=Nc1ccccn->21,[Cl-]->[Pd+4]12<-[O-]c3ccccc3[N-]->1N=c1cccc[n-]->21,[Cl-]->[Pd+4]12<-[O-]c3ccccc3[N-]->1N=c1cccc[n-]->21
ZAGLUR,,C22 H50 Ir1 N2 P2 1+,1.0,CC#N->[IrH2+]12<-N(CCP->1(C(C)(C)C)C(C)(C)C)CCP->2(C(C)(C)C)C(C)(C)C,CC#N->[IrH2+]12<-N(CCP->1(C(C)(C)C)C(C)(C)C)CCP->2(C(C)(C)C)C(C)(C)C,CC#N->[IrH2+]12<-N(CCP->1(C(C)(C)C)C(C)(C)C)CCP->2(C(C)(C)C)C(C)(C)C
ZAHBUF,C1=CC2=N->[Ni@SP1+2]34<-[NH-]c5ccccc5/C=N->3/CC[N-]->4/C=C\2C=C1,C16 H16 N4 Ni1,0.0,C1c2ccccc2[NH-]->[Ni+2]23<-[NH-]c4ccccc4C=N->2CCN->3=1,C1c2ccccc2[NH-]->[Ni+2]23<-[NH-]c4ccccc4C=N->2CCN->3=1,C1c2ccccc2[NH-]->[Ni+2]23<-[NH-]c4ccccc4C=N->2CCN->3=1
ZAKFID,CC(C)[C@@H]1CC[C@@H](C)C[C@@]12COC1=C3OC[C@@]4(C[C@H](C)CC[C@H]4C(C)C)N3[C](->[Cu+]<-[Cl-])N12,C25 H40 Cl1 Cu1 N2 O2,0.0,CC1CCC(C(C)C)C2(COC3=C4OCC5(CC(C)CCC5C(C)C)N4[C](->[Cu+]<-[Cl-])N32)C1,CC1CCC(C(C)C)C2(COC3=C4OCC5(CC(C)CCC5C(C)C)N4[C](->[Cu+]<-[Cl-])N32)C1,CC1CCC(C(C)C)C2(COC3=C4OCC5(CC(C)CCC5C(C)C)N4[C](->[Cu+]<-[Cl-])N32)C1
ZALBOD,O=[N+]1[O-]->[La+3]2(<-[O-]1)(<-[O-][N+](=O)[O-]->2)(<-n1ccccc1-c1cccc(-c2ccccn2)n1)<-n1ccccc1-c1cccc(-c2ccccn2)n1,C30 H22 La1 N8 O6 1+,1.0,O=[N+]1[O-]->[La+3]23456(<-[O-]1)(<-[O-][N+](=O)[O-]->2)(<-n1ccccc1-c1cccc(-c2ccccn->32)n->41)<-n1ccccc1-c1cccc(-c2ccccn->52)n->61,ON12->[La+]345678(<-N(O)(O3)O4)(O1)(O2)(N1CCCCC1C1CCCC(C2CCCCN25)N16)N1CCCCC1C1CCCC(C2CCCCN27)N18,ON12->[La+]345678(<-N(O)(O3)O4)(O1)(O2)(N1CCCCC1C1CCCC(C2CCCCN25)N16)N1CCCCC1C1CCCC(C2CCCCN27)N18
ZANCUM,CC(C)(C)O[C@H]1[C@@H]2C=C[C@H]1C1->[Cu@+]3(<-O=C(/C=C(\[O-]->3)c3cccs3)C(F)(F)F)<-C=12,C19 H20 Cu1 F3 O3 S1,0.0,CC(C)(C)O1C2C3C=CC2C2->[Cu+]<-14(<-O=C(C=C([O-]->4)c1cccs1)C(F)(F)F)<-C=23,CC(C)(C)O1C2C3C=CC2C2->[Cu+]<-14(<-O=C(C=C([O-]->4)C(F)(F)F)c1cccs1)<-C=23,CC(C)(C)O1C2C3C=CC2C2->[Cu+]<-14(<-O=C(C=C([O-]->4)C(F)(F)F)c1cccs1)<-C=23
ZANRIR,C[N-](C)->[Ti+4]12(<-N(=C\c3ccc[n-]->13)/Cc1ccccc1)(<-N(=C\c1ccc[n-]->21)/Cc1ccccc1)<-[N-](C)C,C28 H34 N6 Ti1,0.0,C[N-](C)->[Ti+4]12(<-N(=Cc3ccc[n-]->13)Cc1ccccc1)(<-N(=Cc1ccc[n-]->21)Cc1ccccc1)<-[N-](C)C,C[N-](C)->[Ti+4]12(<-N(=Cc3ccc[n-]->13)Cc1ccccc1)(<-N1=CC=CC1=C[N-]->2Cc1ccccc1)<-[N-](C)C,C[N-](C)->[Ti+4]12(<-N(=Cc3ccc[n-]->13)Cc1ccccc1)(<-N1=CC=CC1=C[N-]->2Cc1ccccc1)<-[N-](C)C
ZAPXIA,CO->[W+6]12(<-[O-2])(<-[O-2])<-[O-]c3c(CN->1(C)Cc1cc(C)cc(C(C)(C)C)c1[O-]->2)cc(C)cc3C(C)(C)C,C26 H39 N1 O5 W1,0.0,CO->[W+6]12(<-[O-2])(<-[O-2])<-[O-]c3c(CN->1(C)Cc1cc(C)cc(C(C)(C)C)c1[O-]->2)cc(C)cc3C(C)(C)C,CO->[W+6]12(<-[O-2])(<-[O-2])<-[O-]c3c(CN->1(C)Cc1cc(C)cc(C(C)(C)C)c1[O-]->2)cc(C)cc3C(C)(C)C,CO->[W+6]12(<-[O-2])(<-[O-2])<-[O-]c3c(CN->1(C)Cc1cc(C)cc(C(C)(C)C)c1[O-]->2)cc(C)cc3C(C)(C)C
ZARQIV,Cc1cc(C)c(N2C=[N+](CN3CCN(c4c(C)cc(C)cc4C)[C]3->[Pd+2](<-[I-])(<-[I-])<-[I-])CC2)c(C)c1,C25 H33 I3 N4 Pd1,0.0,Cc1cc(C)c(N2CCN(CN3C=[N+](c4c(C)cc(C)cc4C)CC3)[C]2->[Pd+2](<-[I-])(<-[I-])<-[I-])c(C)c1,Cc1cc(C)c(N2C=[N+](CN3CCN(c4c(C)cc(C)cc4C)[C]3->[Pd+2](<-[I-])(<-[I-])<-[I-])CC2)c(C)c1,Cc1cc(C)c(N2CCN3C[N+]4=C(->[Pd+2](<-[I-])(<-[I-])(<-[I-])<-[C]32)N(c2c(C)cc(C)cc2C)CC4)c(C)c1
ZASWEY,O=C(N/N1=C(\c2ccccc2)c2ccccn2->[Zn+2]<-1(<-[Br-])<-[Br-])c1ccccn1,C18 H14 Br2 N4 O1 Zn1,0.0,[Br-]->[Zn+2]12(<-[Br-])<-O=C(NN->1=C(c1ccccc1)c1ccccn->21)c1ccccn1,[Br-]->[Zn+2]12(<-[Br-])<-O=C(NN->1=C(c1ccccc1)c1ccccn->21)c1ccccn1,[Br-]->[Zn+2]12(<-[Br-])<-O=C(NN->1=C(c1ccccc1)c1ccccn->21)c1ccccn1
ZATZIF,,C28 H39 Ag1 N4 O2,0.0,CC(=O)[O-]->[Ag+](<-[C]1N(C(C)C)c2ccccc2N1C(C)C)<-[C]1N(C(C)C)c2ccccc2N1C(C)C,CC(=O)[O-].CC(C)N1c2ccccc2N(C(C)C)[C]1->[Ag+]<-[C]1N(C(C)C)c2ccccc2N1C(C)C,CC1=O->[Ag+](<-[O-]1)(<-[C]1N(C(C)C)c2ccccc2N1C(C)C)<-[C]1N(C(C)C)c2ccccc2N1C(C)C
ZAWGIN,,C24 H46 P2 Pt1 Si4,0.0,CCP(CC)(CC)->[Pt+4]12(<-[SiH2-]c3ccccc3[SiH2-]->1)(<-[SiH2-]c1ccccc1[SiH2-]->2)<-P(CC)(CC)CC,CCP(CC)(CC)->[Pt]12(<-[SiH2]=c3ccccc3=[SiH2]->1)(<-[SiH2]=c1ccccc1=[SiH2]->2)<-P(CC)(CC)CC,CCP(CC)(CC)->[Pt]12(<-[SiH2]=c3ccccc3=[SiH2]->1)(<-[SiH2]=c1ccccc1=[SiH2]->2)<-P(CC)(CC)CC
ZAXXEB,CCC1#C(CC)->[Pt+2]<-1(<-[Cl-])(<-[Cl-])<-[Cl-],C6 H10 Cl3 Pt1 1-,-1.0,CCC1#C(CC)->[Pt+2]<-1(<-[Cl-])(<-[Cl-])<-[Cl-],CCC1#C(CC)->[Pt+2]<-1(<-[Cl-])(<-[Cl-])<-[Cl-],CCC1#C(CC)->[Pt+2]<-1(<-[Cl-])(<-[Cl-])<-[Cl-]
ZAZPEY,,C32 H32 Co1 F4 P1,0.0,CC(C)(C)c1ccc([C-]2=C[C-](F)(C(F)(F)F)->[Co+3]<-23456(<-c2c->3c->4[cH-]->5c->62)<-P(C)(c2ccccc2)c2ccccc2)cc1,CC(C)(C)c1ccc([C]2C=C(F)(C(F)(F)F)->[Co+]<-23456(<-c2c->3c->4[cH-]->5c->62)<-P(C)(c2ccccc2)c2ccccc2)cc1,CC(C)(C)c1ccc([C]2C=C(F)(C(F)(F)F)->[Co+]<-23456(<-c2c->3c->4[cH-]->5c->62)<-P(C)(c2ccccc2)c2ccccc2)cc1
ZAZXAZ,,C20 H24 Cr1 O4,0.0,CC1C(OC23->[Cr]4567(<-[C-]#[O+])(<-[C-]#[O+])(<-[C-]#[O+])<-C(=C->4C->5=C->6C->7=2)C3)CC2CC1C2(C)C,CC1C(OC23->[Cr]4567(<-[C-]#[O+])(<-[C-]#[O+])(<-[C-]#[O+])<-C(=C->4C->5=C->6C->7=2)C3)CC2CC1C2(C)C,CC1C(OC23->[Cr]4567(<-[C-]#[O+])(<-[C-]#[O+])(<-[C-]#[O+])<-C(=C->4C->5=C->6C->7=2)C3)CC2CC1C2(C)C
ZECNEC,,C34 H34 B1 Ir1 N6 O1,0.0,Cc1ccc(-c2ccn3[BH-]4n5ccc(-c6ccc(C)cc6)n5->[IrH+4]5(<-[C-2]6CCCO6)(<-[c-]6cc(C)ccc6-c6ccn4n->56)<-n23)cc1,Cc1ccc(-c2ccn3[BH-]4n5ccc(-c6ccc(C)cc6)n5->[IrH+2]5(<-[C]6CCCO6)(<-[c-]6cc(C)ccc6-c6ccn4n->56)<-n23)cc1,Cc1ccc(-c2ccn3[BH-]4n5ccc(-c6ccc(C)cc6)n5->[IrH+2]5(<-[C]6CCCO6)(<-[c-]6cc(C)ccc6-c6ccn4n->56)<-n23)cc1
ZEFCUK,CC(C)CCSC1=S->[Ni@SP1+2]2(<-S=C1SCCC(C)C)<-[S-]/C(SCCC(C)C)=C(/SCCC(C)C)[S-]->2,C24 H44 Ni1 S8,0.0,CC(C)CCSC1[S-]->[Ni+4]2(<-[S-]C=1SCCC(C)C)<-[S-]C(SCCC(C)C)=C(SCCC(C)C)[S-]->2,CC(C)CCSC1=S->[Ni]2(<-S=C1SCCC(C)C)<-S=C(SCCC(C)C)C(SCCC(C)C)=S->2,CC(C)CCSC1=S->[Ni]2(<-S=C1SCCC(C)C)<-S=C(SCCC(C)C)C(SCCC(C)C)=S->2
ZEGGEX,,C17 H22 Co1 N7 O4,0.0,CC1C(C)=N(O)->[Co+]2(<-[CH-](C)C#N)(<-N=1[O])(<-N([O])=C(C)C(C)=N->2O)<-n1ccc(C#N)cc1,CC1=C(C)[N-](O)->[Co+3]2(<-[CH-](C)C#N)(<-N1=O)(<-N(=O)C(C)=C(C)[N-]->2O)<-n1ccc(C#N)cc1,CC1=C(C)[N-](O)->[Co+3]2(<-[CH-](C)C#N)(<-N1=O)(<-N(=O)C(C)=C(C)[N-]->2O)<-n1ccc(C#N)cc1
ZEHBIZ,CCCN1C[C@H](c2ccccc2)[P+](c2ccccc2)(c2ccccc2)[N-](c2ccc(Br)cc2)->[Pd+2]<-1(<-[Cl-])<-[Cl-],C29 H30 Br1 Cl2 N2 P1 Pd1,0.0,CCCN1CC(c2ccccc2)P(c2ccccc2)(c2ccccc2)=N(c2ccc(Br)cc2)->[Pd+2]<-1(<-[Cl-])<-[Cl-],CCCN1CC(c2ccccc2)[P+](c2ccccc2)(c2ccccc2)[N-](c2ccc(Br)cc2)->[Pd+2]<-1(<-[Cl-])<-[Cl-],CCCN1CC(c2ccccc2)[P+](c2ccccc2)(c2ccccc2)[N-](c2ccc(Br)cc2)->[Pd+2]<-1(<-[Cl-])<-[Cl-]
ZEHZUK,CO->[Mo+6]12(<-[O-2])(<-[O-2])<-[O-]/C(=N\N->1=C\c1cccc(O)c1[O-]->2)c1ccccc1O,C15 H14 Mo1 N2 O7,0.0,CO->[Mo+6]12(<-[O-2])(<-[O-2])<-[O-]C(=NN->1=Cc1cccc(O)c1[O-]->2)c1ccccc1O,CO->[Mo+6]12(<-[O-2])(<-[O-2])<-[O-]C(=NN->1=Cc1cccc(O)c1[O-]->2)c1ccccc1O,CO.[O-2]->[Mo+6]12(<-[O-2])<-[O-]C(c3ccccc3O)=NN->1=Cc1cccc(O)c1[O-]->2
ZEJNOT,CN1C=CN2CCN3C=CN4CCO(C)->[Ru+4](<-[Cl-])(<-[Cl-])(<-[CH-]=C5C=C[CH-]C=C5)(<-[C]12)<-[C]34,C19 H24 Cl2 N4 O1 Ru1,0.0,CN1C=CN2CCN3C=CN4CCO(C)->[Ru+4](<-[Cl-])(<-[Cl-])(<-[CH-2]c5ccccc5)(<-[C]12)<-[C]34,CN1C=CN2CCN3C=CN4CCO(C)->[Ru+2](<-[Cl-])(<-[Cl-])(<-[CH]c5ccccc5)(<-[C]12)<-[C]34,CN1C=CN2CCN3C=CN4CCO(C)->[Ru+2](<-[Cl-])(<-[Cl-])(<-[CH]c5ccccc5)(<-[C]12)<-[C]34
ZEJVIV,C[C-]1=O->[Ni+2]<-123<-[N-](c1ccccc1P->2(C(C)C)C(C)C)c1ccccc1P->3(C(C)C)C(C)C,C26 H39 N1 Ni1 O1 P2,0.0,C[C-](=O)->[Ni+2]12<-[N-](c3ccccc3P->1(C(C)C)C(C)C)c1ccccc1P->2(C(C)C)C(C)C,C[C-](=O)->[Ni+2]12<-[N-](c3ccccc3P->1(C(C)C)C(C)C)c1ccccc1P->2(C(C)C)C(C)C,C[C-](=O)->[Ni+2]12<-[N-](c3ccccc3P->1(C(C)C)C(C)C)c1ccccc1P->2(C(C)C)C(C)C
ZEKKUY,[CH3-]->[Pt+4]12(<-[CH3-])(<-[CH2-]Cl)<-n3ccccc3CN->1(CCO)Cc1ccccn->21,C17 H25 Cl1 N3 O1 Pt1 1+,1.0,[CH3-]->[Pt+4]12(<-[CH3-])(<-[CH2-]Cl)<-n3ccccc3CN->1(CCO)Cc1ccccn->21,[CH3-]->[Pt+4]12(<-[CH3-])(<-[CH2-]Cl)<-n3ccccc3CN->1(CCO)Cc1ccccn->21,[CH3-]->[Pt+4]12(<-[CH3-])(<-[CH2-]Cl)<-n3ccccc3CN->1(CCO)Cc1ccccn->21
ZELMEL,Cc12->[Rh+3]3456(<-[Cl-])(<-N7=c8ccccc8=N/C7=C7\C=CC=C[N-]->37)<-c1(C)c->4(C)[c-]->5(C)c->62C,C22 H23 Cl1 N3 Rh1,0.0,Cc12->[Rh+3]3456(<-[Cl-])(<-n7ccccc7-c7nc8ccccc8[n-]->37)<-c1(C)c->4(C)[c-]->5(C)c->62C,Cc12->[Rh+3]3456(<-[Cl-])(<-n7ccccc7-c7nc8ccccc8[n-]->37)<-c1(C)c->4(C)[c-]->5(C)c->62C,Cc12->[Rh+3]3456(<-[Cl-])(<-n7ccccc7-c7nc8ccccc8[n-]->37)<-c1(C)c->4(C)[c-]->5(C)c->62C
ZENCIE,,C14 H18 N4 Ni1 O6,0.0,CO->[Ni+2]12(<-O=NN([O-]->1)c1ccccc1)(<-O=NN([O-]->2)c1ccccc1)<-OC,CO->[Ni+2]12(<-O=NN([O-]->1)c1ccccc1)(<-O=NN([O-]->2)c1ccccc1)<-OC,CO.CO.c1ccc(N2N=O->[Ni+2]3(<-O=NN(c4ccccc4)[O-]->3)<-[O-]2)cc1
ZEPPES,CC1/C=C(/C)[O-]->[Zn+2]23(<-O=1)(<-O=C(C)/C=C(/C)[O-]->2)<-n1cccc2c4nc5ccccc5nc4c4cccn->3c4c21,C28 H24 N4 O4 Zn1,0.0,fail,CC1=CC(C)=O->[Zn+4]23(<-O=C(C)C=C(C)[O-]->2)(<-[O-]1)<-[N-]1C=CC=c2c1c1c(c4nc5ccccc5nc24)=CC=C[N-]->31,CC1=CC(C)=O->[Zn+4]23(<-O=C(C)C=C(C)[O-]->2)(<-[O-]1)<-[N-]1C=CC=c2c1c1c(c4nc5ccccc5nc24)=CC=C[N-]->31
ZEQFUY,CC(=O)NS(=O)(=O)c1ccc(N->[Co+3]23(<-[N-2][N+]#N)(<-N(=O)/C(C)=C(/C)[N-]->2O)<-N(=O)/C(C)=C(/C)[N-]->3O)cc1,C16 H24 Co1 N9 O7 S1,0.0,CC(=O)NS(=O)(=O)c1ccc(N->[Co+]23(<-[N-]=[N+]=[N-])(<-N([O])=C(C)C(C)=N->2O)<-N([O])=C(C)C(C)=N->3O)cc1,CC(=O)NS(=O)(=O)c1ccc(N->[Co+3]23(<-[N-2][N+]#N)(<-N(=O)C(C)=C(C)[N-]->2O)<-N(=O)C(C)=C(C)[N-]->3O)cc1,CC(=O)NS(=O)(=O)c1ccc(N->[Co+3]23(<-[N-2][N+]#N)(<-N(=O)C(C)=C(C)[N-]->2O)<-N(=O)C(C)=C(C)[N-]->3O)cc1
ZEQQAQ,Cc1cc(C)c(N2[C](->[Ru+4]3(<-[Cl-])(<-[Cl-])<-[CH-]=C4C=C[CH-]C=C4O->3C(C)C)N(C)[C@]3(C)CC[C@H]2C3(C)C)c(C)c1,C29 H40 Cl2 N2 O1 Ru1,0.0,Cc1cc(C)c(N2[C](->[Ru+4]3(<-[Cl-])(<-[Cl-])<-[CH-2]c4ccccc4O->3C(C)C)N(C)C3(C)CCC2C3(C)C)c(C)c1,Cc1cc(C)c(N2[C](->[Ru+2]3(<-[Cl-])(<-[Cl-])<-[CH]c4ccccc4O->3C(C)C)N(C)C3(C)CCC2C3(C)C)c(C)c1,Cc1cc(C)c(N2[C](->[Ru+2]3(<-[Cl-])(<-[Cl-])<-[CH]c4ccccc4O->3C(C)C)N(C)C3(C)CCC2C3(C)C)c(C)c1
ZESHOX,CN1(C)CC[N-]2/C=C3/C=CC=CC3=S->[Ni@+2]<-2<-1<-[S-]c1ccc(F)cc1,C17 H19 F1 N2 Ni1 S2,0.0,fail,CN1(C)CC[N-]2C=C3C=CC=CC3=S->[Ni+2]<-2<-1<-[S-]c1ccc(F)cc1,CN1(C)CC[N-]2C=C3C=CC=CC3=S->[Ni+2]<-2<-1<-[S-]c1ccc(F)cc1
ZESXEC,C1=C/C2=C3\N=NN=N3->[Ni+2](<-n3cccc4ccc5cccnc5c43)(<-n3cccc4ccc5cccnc5c43)<-[N-]2C=C1,C30 H20 N9 Ni1 1+,1.0,c1ccn2->[Ni+2]34(<-n5cccc6ccc7cccn->3c7c65)(<-n3cccc5ccc6cccn->4c6c53)<-[n-]3nnnc3-c2c1,c1ccn2->[Ni+2]34(<-n5cccc6ccc7cccn->3c7c65)(<-n3cccc5ccc6cccn->4c6c53)<-[n-]3nnnc3-c2c1,c1ccn2->[Ni+2]34(<-n5cccc6ccc7cccn->3c7c65)(<-n3cccc5ccc6cccn->4c6c53)<-[n-]3nnnc3-c2c1
ZETPIA,Cc1n2CC(=O)[N-]3c4ccccc4[N-]4C(=O)CN5C=CN(C)[C]5->[Ni@SP1+2]<-4<-3<-[c-]2c[n+]1C,C19 H20 N6 Ni1 O2,0.0,Cc1n2CC(=O)[N-]3c4ccccc4[N-]4C(=O)CN5C=CN(C)[C]5->[Ni+]<-4<-3<-[c]2c[n+]1C,Cc1n2CC(=O)[N-]3c4ccccc4[N-]4C(=O)CN5C=CN(C)[C]5->[Ni+2]<-4<-3<-[c-]2c[n+]1C,Cc1n2CC(=O)[N-]3c4ccccc4[N-]4C(=O)CN5C=CN(C)[C]5->[Ni+2]<-4<-3<-[c-]2c[n+]1C
ZEVMOF,,C31 H25 N4 O1 Pd1 1+,1.0,O=C1c2cccc[c-]2->[Pd+2](<-[CH-]1[n+]1cc(-c2ccccc2)n2ccccc21)(<-n1ccccc1)<-n1ccccc1,O=C1c2cccc[c-]2->[Pd+2](<-[CH-]1n1cc(-c2ccccc2)[n+]2ccccc12)(<-n1ccccc1)<-n1ccccc1,O=C1c2cccc[c-]2->[Pd+2](<-[CH-]1n1cc(-c2ccccc2)[n+]2ccccc12)(<-n1ccccc1)<-n1ccccc1
ZEWSID,CC(C)N(C1=C(->[W](<-[C-]#[O+])(<-[C-]#[O+])(<-[C-]#[O+])(<-[C-]#[O+])<-[C-]#[O+])=C1N(C(C)C)C(C)C)C(C)C,C20 H28 N2 O5 W1,0.0,CC(C)N(C1=C(N(C(C)C)C(C)C)[C-2]1->[W+2](<-[C-]#[O+])(<-[C-]#[O+])(<-[C-]#[O+])(<-[C-]#[O+])<-[C-]#[O+])C(C)C,CC(C)N(C1=C(->[W](<-[C-]#[O+])(<-[C-]#[O+])(<-[C-]#[O+])(<-[C-]#[O+])<-[C-]#[O+])=C1N(C(C)C)C(C)C)C(C)C,CC(C)N(C1=C(->[W](<-[C-]#[O+])(<-[C-]#[O+])(<-[C-]#[O+])(<-[C-]#[O+])<-[C-]#[O+])=C1N(C(C)C)C(C)C)C(C)C
ZEYLUM,CC\C1c2cc(Cl)c(Cl)c[c-]2->[Pd@OH10+2]2(<-[S-]/C(N)=N\N->2=1)<-[P@OH19]12CN3CN(CN(C3)C1)C2,C16 H21 Cl2 N6 P1 Pd1 S1,0.0,CCC1c2cc(Cl)c(Cl)c[c-]2->[Pd+2]2(<-[S-]C(N)=NN->2=1)<-P12CN3CN(CN(C3)C1)C2,CCC1c2cc(Cl)c(Cl)c[c-]2->[Pd+2]2(<-[S-]C(N)=NN->2=1)<-P12CN3CN(CN(C3)C1)C2,CCC1c2cc(Cl)c(Cl)c[c-]2->[Pd+2]2(<-[S-]C(N)=NN->2=1)<-P12CN3CN(CN(C3)C1)C2
ZEZBAJ,C/C=N(\C)->[Pt+4](<-[Cl-])(<-[Cl-])(<-[Cl-])(<-[Cl-])<-P(c1ccccc1)(c1ccccc1)c1ccccc1,C21 H24 Cl4 N1 P1 Pt1,0.0,CC(C)N->[Pt+4](<-[Cl-])(<-[Cl-])(<-[Cl-])(<-[Cl-])<-P(c1ccccc1)(c1ccccc1)c1ccccc1,CC(C)[N-2]->[Pt+6](<-[Cl-])(<-[Cl-])(<-[Cl-])(<-[Cl-])<-P(c1ccccc1)(c1ccccc1)c1ccccc1,CC(C)[N-2]->[Pt+6](<-[Cl-])(<-[Cl-])(<-[Cl-])(<-[Cl-])<-P(c1ccccc1)(c1ccccc1)c1ccccc1
ZIBJOL,[CH3-]->[Pt+2](<-F[B-](F)(F)F)(<-P(F)(F)F)<-P(F)(F)F,C1 H3 B1 F10 P2 Pt1,0.0,[CH3-]->[Pt+2](<-F[B-](F)(F)F)(<-P(F)(F)F)<-P(F)(F)F,F[B-](F)(F)F.[CH3-]->[Pt+2](<-P(F)(F)F)<-P(F)(F)F,F[B-](F)(F)F.[CH3-]->[Pt+2](<-P(F)(F)F)<-P(F)(F)F
ZIDRUZ,Cc1ccc([P+](/C2=C(/[NH-]->[Pt+2](<-[Cl-])(<-[Cl-])<-n3ccccc32)c2ccccc2)(c2ccc(C)cc2)c2ccc(C)cc2)cc1,C34 H31 Cl2 N2 P1 Pt1,0.0,Cc1ccc(P(=C2C(=N->[Pt+2](<-[Cl-])(<-[Cl-])<-n3ccccc32)c2ccccc2)(c2ccc(C)cc2)c2ccc(C)cc2)cc1,Cc1ccc([P+](C2C(=N->[Pt+2](<-[Cl-])(<-[Cl-])<-[N-]3C=CC=CC=23)c2ccccc2)(c2ccc(C)cc2)c2ccc(C)cc2)cc1,Cc1ccc([P+](C2C(=N->[Pt+2](<-[Cl-])(<-[Cl-])<-[N-]3C=CC=CC=23)c2ccccc2)(c2ccc(C)cc2)c2ccc(C)cc2)cc1
ZIGLUW,,C15 H33 Cl1 P3 Rh1 S1,0.0,fail,CP(C)(C)->[RhH+2](<-[Cl-])(<-[S-]c1ccccc1)(<-P(C)(C)C)<-P(C)(C)C,CP(C)(C)->[RhH+2](<-[Cl-])(<-[S-]c1ccccc1)(<-P(C)(C)C)<-P(C)(C)C
ZIHKAE,CCCCC12=N(C(C)C)->[Ti+4]<-134(<-[Cl-])(<-[Cl-])(<-N(C(C)C)=C->3(CCCC)[N-]->4C(C)C)<-[N-]2C(C)C,C22 H46 Cl2 N4 Ti1,0.0,CCCCC1=N(C(C)C)->[Ti+4]2(<-[Cl-])(<-[Cl-])(<-N(=C(CCCC)[N-]->2C(C)C)C(C)C)<-[N-]1C(C)C,CCCCC1=N(C(C)C)->[Ti+4]2(<-[Cl-])(<-[Cl-])(<-N(=C(CCCC)[N-]->2C(C)C)C(C)C)<-[N-]1C(C)C,CCCCC1=N(C(C)C)->[Ti+4]2(<-[Cl-])(<-[Cl-])(<-N(=C(CCCC)[N-]->2C(C)C)C(C)C)<-[N-]1C(C)C
ZIHXET,C[Si](C)=C->[W+6]1(<-[CH2-]C(C)(C)C)(<-[N-2]c2ccccc2)<-[N-2]c2ccccc2[N-]->1[Si](C)(C)C,C23 H37 N3 Si2 W1,0.0,CC(C)(C)[CH2-]->[W+6]12(<-[CH2-][Si](C)(C)[N-]->1c1ccccc1[N-]->2[Si](C)(C)C)<-[N-2]c1ccccc1,CC(C)(C)[CH2-]->[W+4]12(<-[CH2-][Si](C)(C)N->1=C1C=CC=CC1=N->2[Si](C)(C)C)<-[N-2]c1ccccc1,CC(C)(C)[CH2-]->[W+4]12(<-[CH2-][Si](C)(C)N->1=C1C=CC=CC1=N->2[Si](C)(C)C)<-[N-2]c1ccccc1
ZIJHOP,CC(C)(C)SC1=C(SC(C)(C)C)[Se](->[W](<-[C-]#[O+])(<-[C-]#[O+])(<-[C-]#[O+])(<-[C-]#[O+])<-[C-]#[O+])[C@H]1c1ccccc1,C22 H24 O5 S2 Se1 W1,0.0,CC(C)(C)SC1=C(SC(C)(C)C)[Se](->[W](<-[C-]#[O+])(<-[C-]#[O+])(<-[C-]#[O+])(<-[C-]#[O+])<-[C-]#[O+])C1c1ccccc1,CC(C)(C)SC(=Cc1ccccc1)C(SC(C)(C)C)=[Se]->[W](<-[C-]#[O+])(<-[C-]#[O+])(<-[C-]#[O+])(<-[C-]#[O+])<-[C-]#[O+],CC(C)(C)SC(=Cc1ccccc1)C(SC(C)(C)C)=[Se]->[W](<-[C-]#[O+])(<-[C-]#[O+])(<-[C-]#[O+])(<-[C-]#[O+])<-[C-]#[O+]
ZIKCOL,CN(C)/C(=C/[C](N)->[Cr](<-[C-]#[O+])(<-[C-]#[O+])(<-[C-]#[O+])(<-[C-]#[O+])<-[C-]#[O+])c1ccccc1,C16 H14 Cr1 N2 O5,0.0,CN(C)C(=C[C](N)->[Cr](<-[C-]#[O+])(<-[C-]#[O+])(<-[C-]#[O+])(<-[C-]#[O+])<-[C-]#[O+])c1ccccc1,CN(C)C(=C[C](N)->[Cr](<-[C-]#[O+])(<-[C-]#[O+])(<-[C-]#[O+])(<-[C-]#[O+])<-[C-]#[O+])c1ccccc1,CN(C)C(=C[C](N)->[Cr](<-[C-]#[O+])(<-[C-]#[O+])(<-[C-]#[O+])(<-[C-]#[O+])<-[C-]#[O+])c1ccccc1
ZILLEN,CCOc1cccc2/C=N3/N=C(\[O-]->[Mo+6]<-3(<-[O-2])(<-[O-2])(<-[O-]c21)<-OCC)c1cccc(C)c1O,C19 H22 Mo1 N2 O7,0.0,CCOc1cccc2C=N3N=C([O-]->[Mo+6]<-3(<-[O-2])(<-[O-2])(<-[O-]c21)<-OCC)c1cccc(C)c1O,CCOc1cccc2C=N3N=C([O-]->[Mo+6]<-3(<-[O-2])(<-[O-2])(<-[O-]c21)<-OCC)c1cccc(C)c1O,CCO.CCOc1cccc2c1[O-]->[Mo+6]1(<-[O-2])(<-[O-2])<-[O-]C(c3cccc(C)c3O)=NN->1=C2
ZIMPOA,Nc1nc2c3c(=O->[Mo+6](<-[O-2])(<-[Cl-])(<-[Cl-])(<-[Cl-])<-[N-]3CCN2)[nH]1,C6 H8 Cl3 Mo1 N5 O2,0.0,NC1=[NH+]C2=O->[Mo+4](<-[O-2])(<-[Cl-])(<-[Cl-])(<-[Cl-])<-N3=C2C(=N1)NCC3,Nc1nc2c3c(=O->[Mo+6](<-[O-2])(<-[Cl-])(<-[Cl-])(<-[Cl-])<-[N-]3CCN2)[nH]1,Nc1nc2c3c(=O->[Mo+6](<-[O-2])(<-[Cl-])(<-[Cl-])(<-[Cl-])<-[N-]3CCN2)[nH]1
ZINYIE,Cc1cc(C(C)C)n2->[Co+]3(<-[C-]#[O+])(<-[C-]#[O+])<-n4c(C(C)C)cc(C)n4[BH-](n12)n1c(C)cc(C(C)C)n->31,C23 H34 B1 Co1 N6 O2,0.0,Cc1cc(C(C)C)[n-]2->[Co+]3(<-[C-]#[O+])(<-[C-]#[O+])<-[n-]4c(C(C)C)cc(C)[n+]4[BH-]([n+]12)[n+]1c(C)cc(C(C)C)[n-]->31,Cc1cc(C(C)C)n2->[Co+]3(<-[C-]#[O+])(<-[C-]#[O+])<-n4c(C(C)C)cc(C)n4[BH-](n12)n1c(C)cc(C(C)C)n->31,Cc1cc(C(C)C)n2->[Co+]3(<-[C-]#[O+])(<-[C-]#[O+])<-n4c(C(C)C)cc(C)n4[BH-](n12)n1c(C)cc(C(C)C)n->31
ZIPPOD,CCN(CC)C1=O->[Zn+2]23(<-O=C([O-]->2)N(CC)CC)(<-[O-]1)<-N(C)(C)CCN->3(C)C,C16 H36 N4 O4 Zn1,0.0,fail,CCN(CC)C1=O->[Zn+2]23(<-O=C([O-]->2)N(CC)CC)(<-[O-]1)<-N(C)(C)CCN->3(C)C,CCN(CC)C12=O->[Zn+2]<-1345(<-O=C->3([O-]->4)N(CC)CC)(<-[O-]2)<-N(C)(C)CCN->5(C)C
ZIRTOJ,CC[CH-]1[CH-]2[CH2-]->[Mo+4]<-1<-234(<-[C-]#[O+])(<-[C-]#[O+])<-n1cccn1[BH-](n1cccn->31)n1cccn->41,C16 H19 B1 Mo1 N6 O2,0.0,fail,CCC1=C2[CH2-]->[Mo+2]<-1<-234(<-[C-]#[O+])(<-[C-]#[O+])<-n1cccn1[BH-](n1cccn->31)n1cccn->41,CCC1=C2[CH2-]->[Mo+2]<-1<-234(<-[C-]#[O+])(<-[C-]#[O+])<-n1cccn1[BH-](n1cccn->31)n1cccn->41
ZISHOY,,C15 H21 Fe1 N1 O5,0.0,CCOC12=C(C(=O)C(C)(C)C)->[Fe+]<-1(<-[C-]#[O+])(<-[C-]#[O+])(<-[C-]#[O+])<-[CH-]2N(C)C,CCOC12[C](N(C)C)->[Fe]<-1(<-[C-]#[O+])(<-[C-]#[O+])(<-[C-]#[O+])<-C=2C(=O)C(C)(C)C,CCOC12[C](N(C)C)->[Fe]<-1(<-[C-]#[O+])(<-[C-]#[O+])(<-[C-]#[O+])<-C=2C(=O)C(C)(C)C
ZITHAO,Cc1cc(C)n([BH-]2n3c(C)cc(C)n3->[Rh+](<-NC(C)C)(<-n3c(C)cc(C)n32)<-P(C)(C)C)n1,C21 H40 B1 N7 P1 Rh1,0.0,Cc1cc(C)n([BH-]2n3c(C)cc(C)n3->[Rh+](<-NC(C)C)(<-n3c(C)cc(C)n32)<-P(C)(C)C)n1,Cc1cc(C)n([BH-]2n3c(C)cc(C)n3->[Rh+](<-NC(C)C)(<-n3c(C)cc(C)n32)<-P(C)(C)C)n1,Cc1cc(C)n2->[Rh+]3(<-NC(C)C)(<-n4c(C)cc(C)n4[BH-](n12)n1c(C)cc(C)n->31)<-P(C)(C)C
ZIVKUN,,C26 H31 Cl1 N5 Pd1 1+,1.0,CC(C)(C)[N+]#[C-]->[Pd+2]1(<-[Cl-])<-[C](N=C2C(c3ccccc3)=C(c3ccccc3)C(=[NH2+])[N-]->12)NC(C)(C)C,CC(C)(C)[N+]#[C-]->[Pd+2]1(<-[Cl-])<-[C](N=C2C(c3ccccc3)=C(c3ccccc3)C(N)=N->12)NC(C)(C)C,CC(C)(C)[N+]#[C-]->[Pd+4]1(<-[Cl-])<-[C-](=Nc2c(-c3ccccc3)c(-c3ccccc3)[c-](N)n->12)NC(C)(C)C
ZIXXUB,CP(C)(C)->[Co+3]123(<-[CH3-])(<-[O-][C-]->14CCCCC->24=C->3c1ccccc1)<-P(C)(C)C,C20 H35 Co1 O1 P2,0.0,fail,CP(C)(C)->[Co+3]123(<-[CH3-])(<-[O-][C-]->14CCCCC->24=C->3c1ccccc1)<-P(C)(C)C,CP(C)(C)->[Co+3]123(<-[CH3-])(<-[O-][C-]->14CCCCC->24=C->3c1ccccc1)<-P(C)(C)C
ZIZJID,[Se]=P(CP(->[Au+]<-[Br-])(c1ccccc1)c1ccccc1)(c1ccccc1)c1ccccc1,C25 H22 Au1 Br1 P2 Se1,0.0,[Se]=P(CP(->[Au+]<-[Br-])(c1ccccc1)c1ccccc1)(c1ccccc1)c1ccccc1,[Se]=P(CP(->[Au+]<-[Br-])(c1ccccc1)c1ccccc1)(c1ccccc1)c1ccccc1,[Se]=P(CP(->[Au+]<-[Br-])(c1ccccc1)c1ccccc1)(c1ccccc1)c1ccccc1
ZOCLAG,Cc1cc(-c2cccc(-c3cc(C)[nH]n3)n2->[Ni+2]23<-[O-]C(=O)c4cccc(C(=O)[O-]->2)n->34)n[nH]1,C20 H16 N6 Ni1 O4,0.0,Cc1cc2-c3cccc4-c5cc(C)[nH]n5->[Ni+2]56(<-[O-]C(=O)c7cccc(C(=O)[O-]->5)n->67)(<-n2[nH]1)<-n34,Cc1cc2-c3cccc4-c5cc(C)[nH]n5->[Ni+2]56(<-[O-]C(=O)c7cccc(C(=O)[O-]->5)n->67)(<-n2[nH]1)<-n34,Cc1cc2-c3cccc4-c5cc(C)[nH]n5->[Ni+2]56(<-[O-]C(=O)c7cccc(C(=O)[O-]->5)n->67)(<-n2[nH]1)<-n34
ZODMOW,CC(C)N1C=CN2CC(C)(C)[O-]->[Y+3]3456789%10(<-[C]21)(<-c1c->3c->4[cH-]->5c->61)<-c1c->7c->8[cH-]->9c->%101,C20 H27 N2 O1 Y1,0.0,CC(C)N1C=CN2CC(C)(C)[O-]->[Y+3]3456789%10(<-[C]21)(<-c1c->3c->4[cH-]->5c->61)<-c1c->7c->8[cH-]->9c->%101,CC(C)N1C=CN2CC(C)(C)[O-]->[Y+3]3456789%10(<-[C]21)(<-c1c->3c->4[cH-]->5c->61)<-c1c->7c->8[cH-]->9c->%101,CC(C)N1C=CN2CC(C)(C)[O-]->[Y+3]345678(<-[C]21)(<-c1cc[cH-]->3c->41)<-c1c->5c->6[cH-]->7c->81
ZODZID,Cc1cccc(C)c1[N+]#[C-]->[Au+3]1(<-[Cl-])<-[c-]2cc(C(C)(C)C)ccc2-c2ccc(C(C)(C)C)c[c-]->12,C29 H33 Au1 Cl1 N1,0.0,Cc1cccc(C)c1[N+]#[C-]->[Au+3]1(<-[Cl-])<-[c-]2cc(C(C)(C)C)ccc2-c2ccc(C(C)(C)C)c[c-]->12,Cc1cccc(C)c1[N+]#[C-]->[Au+3]1(<-[Cl-])<-[c-]2cc(C(C)(C)C)ccc2-c2ccc(C(C)(C)C)c[c-]->12,Cc1cccc(C)c1[N+]#[C-]->[Au+]1(<-[Cl-])<-[C]2C=C(C(C)(C)C)C=CC2=C2C=CC(C(C)(C)C)=C[C]->12
ZOGKOX,C[C@@H](c1ccccc1)[N-]1/C(=C\N(=O)->[Pd@SP3+2]<-12<-[O-]/C(=C/N->2=O)c1ccccc1)c1ccccc1,C24 H21 N3 O3 Pd1,0.0,CC(c1ccccc1)N1=C(C=N([O])->[Pd]<-12<-O=C(C=N->2[O])c1ccccc1)c1ccccc1,CC(c1ccccc1)[N-]1C(=CN(=O)->[Pd+2]<-12<-[O-]C(=CN->2=O)c1ccccc1)c1ccccc1,CC(c1ccccc1)[N-]1C(=CN(=O)->[Pd+2]<-12<-[O-]C(=CN->2=O)c1ccccc1)c1ccccc1
ZOGXEA,,C26 H28 Cl1 N3 Ru1,0.0,CC(C)c12->[Ru+]34567(<-[Cl-])(<-[c]8c(-c9ccccc9)n(C)n[n+]8Cc8cccc[c-]->38)<-c(c->41)c->5(C)c->6c->72,CC(C)c12->[Ru+2]34567(<-[Cl-])(<-[c-]8ccccc8Cn8n[n+](C)c(-c9ccccc9)[c-]->38)<-c(c->41)c->5(C)c->6c->72,CC(C)c12->[Ru+2]34567(<-[Cl-])(<-[c-]8ccccc8Cn8n[n+](C)c(-c9ccccc9)[c-]->38)<-c(c->41)c->5(C)c->6c->72
ZOHTOF,C/C1=C(\C)[N-]2CCC/N3=C(C)/C(C)=N(/O)->[Ni+2]<-3<-2(<-[S-]C#N)<-N1=O,C12 H19 N5 Ni1 O2 S1,0.0,CC1C(C)=N2CCCN3=C(C)C(C)=N(O)->[Ni+]<-2<-3(<-[S-]C#N)<-N=1[O],CC1=C(C)[N-]2CCCN3=C(C)C(C)=N(O)->[Ni+2]<-3<-2(<-[S-]C#N)<-N1=O,CC1=C(C)[N-]2CCCN3=C(C)C(C)=N(O)->[Ni+2]<-3<-2(<-[S-]C#N)<-N1=O
ZOJROI,,C19 H16 Mo1 N2 O6,0.0,CO->[Mo+6]12(<-[O-2])(<-[O-2])<-[O-]C(=NN->1=Cc1c([O-]->2)ccc2ccccc12)c1ccccc1O,CO->[Mo+6]12(<-[O-2])(<-[O-2])<-[O-]C(=NN->1=Cc1c([O-]->2)ccc2ccccc12)c1ccccc1O,CO.[O-2]->[Mo+6]12(<-[O-2])<-[O-]C(c3ccccc3O)=NN->1=Cc1c(ccc3ccccc13)[O-]->2
ZOLHOZ,CSc1ccc(N2P(=S->[Pd+2](<-[Cl-])(<-[Cl-])<-P2(c2ccccc2)c2ccccc2)(c2ccccc2)c2ccccc2)cc1,C31 H27 Cl2 N1 P2 Pd1 S2,0.0,CSc1ccc(N2P(=S->[Pd+2](<-[Cl-])(<-[Cl-])<-P2(c2ccccc2)c2ccccc2)(c2ccccc2)c2ccccc2)cc1,CSc1ccc(N2P(=S->[Pd+2](<-[Cl-])(<-[Cl-])<-P2(c2ccccc2)c2ccccc2)(c2ccccc2)c2ccccc2)cc1,CSc1ccc(N2P(c3ccccc3)(c3ccccc3)->[Pd+2]3(<-[Cl-])(<-[Cl-])<-S=P->32(c2ccccc2)c2ccccc2)cc1
ZOLTOM,CC(C)N1c2ccccc2N(C(C)C)[C]1->[Pd+2](<-[Br-])(<-[Br-])<-[C]1N(Cc2ccccc2)CCCCCN1Cc1ccccc1,C33 H42 Br2 N4 Pd1,0.0,CC(C)N1c2ccccc2N(C(C)C)[C]1->[Pd+2](<-[Br-])(<-[Br-])<-[C]1N(Cc2ccccc2)CCCCCN1Cc1ccccc1,CC(C)N1c2ccccc2N(C(C)C)[C]1->[Pd+2](<-[Br-])(<-[Br-])<-[C]1N(Cc2ccccc2)CCCCCN1Cc1ccccc1,CC(C)N1c2ccccc2N(C(C)C)[C]1->[Pd+2](<-[Br-])(<-[Br-])<-[C]1N(Cc2ccccc2)CCCCCN1Cc1ccccc1
ZOMCIP,C=CCN1C=CN(c2nc3ccccc3s2)[C]1->[Ag+]<-[Cl-],C13 H11 Ag1 Cl1 N3 S1,0.0,C=CCN1C=CN(c2nc3ccccc3s2)[C]1->[Ag+]<-[Cl-],C=CCN1C=CN(c2nc3ccccc3s2)[C]1->[Ag+]<-[Cl-],C=CCN1C=CN2c3nc4ccccc4s3->[Ag+](<-[Cl-])<-[C]12
ZOMJOD,C[Si](C)(C)[CH2-]->[Au+]<-C=P(C)(C)C,C8 H22 Au1 P1 Si1,0.0,C[Si](C)(C)[CH2-]->[Au+2]<-[CH2-][P](C)(C)C,C[Si](C)(C)[CH2-]->[Au+]<-C=P(C)(C)C,C[Si](C)(C)[CH2-]->[Au+]<-C=P(C)(C)C
ZONJAP,,C29 H31 B1 Cl1 O2 P1 Ru1,0.0,fail,CCO[b-]12->[Ru+2]3456(<-[Cl-])(<-[C]7CCCO7)(<-c(c->3c->41)c->5c->62)<-P(c1ccccc1)(c1ccccc1)c1ccccc1,CCO[b-]12->[Ru+2]3456(<-[Cl-])(<-[C]7CCCO7)(<-c(c->3c->41)c->5c->62)<-P(c1ccccc1)(c1ccccc1)c1ccccc1
ZOPTEF,,C29 H33 Cl1 N2 Ru1,0.0,Cc1cc(C)c(CN2C=CN3c4cccc[c-]4->[Ru+2]45678(<-[Cl-])(<-[C]23)<-c2c->4c->5(C(C)C)c->6c->7c->82C)c(C)c1,Cc1cc(C)c(CN2C=CN3c4cccc[c-]4->[Ru+2]45678(<-[Cl-])(<-[C]23)<-c2c->4c->5(C(C)C)c->6c->7c->82C)c(C)c1,Cc1cc(C)c(CN2C=CN3c4cccc[c-]4->[Ru+2]45678(<-[Cl-])(<-[C]23)<-c2c->4c->5(C(C)C)c->6c->7c->82C)c(C)c1
ZOQHIW,Cc12->[W+6]345(<-[F-])(<-[F-])(<-[F-])(<-[F-])(<-[F-])<-c1(C)c->3(C)[c-]->4(C)c->52C,C10 H15 F5 W1,0.0,Cc12->[W+6]345(<-[F-])(<-[F-])(<-[F-])(<-[F-])(<-[F-])<-c1(C)c->3(C)[c-]->4(C)c->52C,Cc12->[W+6]345(<-[F-])(<-[F-])(<-[F-])(<-[F-])(<-[F-])<-c1(C)c->3(C)[c-]->4(C)c->52C,Cc12->[W+6]345(<-[F-])(<-[F-])(<-[F-])(<-[F-])(<-[F-])<-c1(C)c->3(C)[c-]->4(C)c->52C
ZORRIJ,CC#N->[Co+]1234(<-C5(C)=C->1(C)C->2(C)=C->35C)<-P(c1ccccc1F)(c1ccccc1F)c1ccccc1P->4(c1ccccc1F)c1ccccc1F,C40 H35 Co1 F4 N1 P2 1+,1.0,CC#N->[Co+]1234(<-C5(C)=C->1(C)C->2(C)=C->35C)<-P(c1ccccc1F)(c1ccccc1F)c1ccccc1P->4(c1ccccc1F)c1ccccc1F,CC#N->[Co+]1234(<-C5(C)=C->1(C)C->2(C)=C->35C)<-P(c1ccccc1F)(c1ccccc1F)c1ccccc1P->4(c1ccccc1F)c1ccccc1F,CC#N->[Co+]1234(<-C5(C)=C->1(C)C->2(C)=C->35C)<-P(c1ccccc1F)(c1ccccc1F)c1ccccc1P->4(c1ccccc1F)c1ccccc1F
ZOSWIP,,C34 H29 Ir1 N4,0.0,Cc1cc(C)c2N3C=CN(C)[C]3->[Ir+3]34(<-[c-]5ccccc5-c5ccccn->35)(<-[c-]3ccccc3-c3ccccn->43)<-[c-]2c1,Cc1cc(C)c2N3C=CN(C)[C]3->[Ir+3]34(<-[c-]5ccccc5-c5ccccn->35)(<-[c-]3ccccc3-c3ccccn->43)<-[c-]2c1,Cc1cc(C)c2N3C=CN(C)[C]3->[Ir+3]34(<-[c-]5ccccc5-c5ccccn->35)(<-[c-]3ccccc3-c3ccccn->43)<-[c-]2c1
ZOVHOJ,CCP1(c2ccccc2)c2ccccc2[N-]2/C=C3/C=CC=N3->[Ni@SP1+2]<-2<-1<-[Br-],C19 H18 Br1 N2 Ni1 P1,0.0,CCP1(c2ccccc2)c2ccccc2[N-]2C=C3C=CC=N3->[Ni+2]<-2<-1<-[Br-],CCP1(c2ccccc2)c2ccccc2[N-]2C=C3C=CC=N3->[Ni+2]<-2<-1<-[Br-],CCP1(c2ccccc2)c2ccccc2[N-]2C=C3C=CC=N3->[Ni+2]<-2<-1<-[Br-]
ZOWPOS,,C23 H28 Cl1 N1 O5 Ru1 S1,0.0,fail,CCC[N+]1=C2C(OC)=O->[Ru]34567(<-[Cl-])(<-O=C2c2ccccc2S1(=O)=O)<-c1c->3c->4(C(C)C)c->5c->6c->71C,CCC[N+]1=C2C(OC)=O->[Ru]34567(<-[Cl-])(<-O=C2c2ccccc2S1(=O)=O)<-c1c->3c->4(C(C)C)c->5c->6c->71C
ZOXFIB,,C20 H45 B1 Ru1 S4,0.0,[BH3-][H]->[RuH+]123<-S4CC(C)(C)CS->1CC(C)(C)CS->2CC(C)(C)CS->3CC(C)(C)C4,CC1(C)CS2->[RuH+]34<-S(C1)CC(C)(C)CS->3CC(C)(C)CS->4CC(C)(C)C2.[BH4-],B.CC1(C)CS2->[RuH2]34<-S(C1)CC(C)(C)CS->3CC(C)(C)CS->4CC(C)(C)C2
ZOZHAX,Cc1ccnc(-c2cc(C)ccn2->[Ni+2]23(<-[O-]C4=CC(=O)C(=O)C=C4[O-]->2)<-n2ccc(C)cc2-c2cc(C)ccn->32)c1,C30 H26 N4 Ni1 O4,0.0,Cc1ccn2->[Ni+2]34(<-[O-]C5=CC(=O)C(=O)C=C5[O-]->3)(<-n3ccc(C)cc3-c2c1)<-n1ccc(C)cc1-c1cc(C)ccn->41,Cc1ccn2->[Ni+4]34(<-[O-]c5cc([O-])c([O-])cc5[O-]->3)(<-n3ccc(C)cc3-c2c1)<-n1ccc(C)cc1-c1cc(C)ccn->41,Cc1ccn2->[Ni+4]34(<-[O-]c5cc([O-])c([O-])cc5[O-]->3)(<-n3ccc(C)cc3-c2c1)<-n1ccc(C)cc1-c1cc(C)ccn->41
ZUCGOT,CP(c1ccccc1)(c1ccccc1)->[Re+5]12345(<-[Br-])(<-[C-](/c6ccccc6)=[C-]->1/c1ccccc1)<-c1c->2c->3[cH-]->4c->51,C32 H28 Br1 P1 Re1 1+,1.0,CP(c1ccccc1)(c1ccccc1)->[Re+3]12345(<-[Br-])(<-C(c6ccccc6)#C->1c1ccccc1)<-c1c->2c->3[cH-]->4c->51,CP(c1ccccc1)(c1ccccc1)->[Re+3]12345(<-[Br-])(<-C(c6ccccc6)#C->1c1ccccc1)<-c1c->2c->3[cH-]->4c->51,CP(c1ccccc1)(c1ccccc1)->[Re+3]12345(<-[Br-])(<-C(c6ccccc6)#C->1c1ccccc1)<-c1c->2c->3[cH-]->4c->51
ZUDNIX,CCO->[Mo+6]12(<-[O-2])(<-[O-2])<-[O-]/C(=N\N->1=C\c1cccc(OC)c1[O-]->2)c1ccccc1,C17 H18 Mo1 N2 O6,0.0,CCO->[Mo+6]12(<-[O-2])(<-[O-2])<-[O-]C(=NN->1=Cc1cccc(OC)c1[O-]->2)c1ccccc1,CCO->[Mo+6]12(<-[O-2])(<-[O-2])<-[O-]C(=NN->1=Cc1cccc(OC)c1[O-]->2)c1ccccc1,CCO->[Mo+6]12(<-[O-2])(<-[O-2])<-[O-]C(=NN->1=Cc1cccc(OC)c1[O-]->2)c1ccccc1
ZUFWOO,CC1(C)OB(CCCN2C=CN3c4ncccn4->[Pd+2](<-[Cl-])(<-[Cl-])<-[C]23)OC1(C)C,C16 H23 B1 Cl2 N4 O2 Pd1,0.0,CC1(C)OB(CCCN2C=CN3c4ncccn4->[Pd+2](<-[Cl-])(<-[Cl-])<-[C]23)OC1(C)C,CC1(C)OB(CCCN2C=CN3c4ncccn4->[Pd+2](<-[Cl-])(<-[Cl-])<-[C]23)OC1(C)C,CC1(C)OB(CCCN2C=CN3c4ncccn4->[Pd+2](<-[Cl-])(<-[Cl-])<-[C]23)OC1(C)C
ZUHBAH,,C33 H21 F6 Ir1 N4,0.0,FC(F)(F)c1cc(C(F)(F)F)[n-]2->[Ir+3]34(<-[c-]5ccccc5-c5ccccn->35)(<-[c-]3ccccc3-c3ccccn->43)<-n3ccccc3-c12,FC(F)(F)c1cc(C(F)(F)F)[n-]2->[Ir+3]34(<-[c-]5ccccc5-c5ccccn->35)(<-[c-]3ccccc3-c3ccccn->43)<-n3ccccc3-c12,FC(F)(F)c1cc(C(F)(F)F)[n-]2->[Ir+3]34(<-[c-]5ccccc5-c5ccccn->35)(<-[c-]3ccccc3-c3ccccn->43)<-n3ccccc3-c12
ZUHZUZ,CS/C(=C/C(=O)c1ccc(Br)cc1)[S-]->[Hg+2]<-[c-]1ccccc1,C16 H13 Br1 Hg1 O1 S2,0.0,CSC1=CC(=O->[Hg+2](<-[S-]1)<-[c-]1ccccc1)c1ccc(Br)cc1,CSC(=CC(=O)c1ccc(Br)cc1)[S-]->[Hg+2]<-[c-]1ccccc1,CSC1C=C([O-]->[Hg+2](<-S=1)<-[c-]1ccccc1)c1ccc(Br)cc1
ZUKPEA,,C28 H34 Hg1 N2 O8 S2,0.0,N#C[S-]->[Hg+2]1234(<-[S-]C#N)<-O5CCO->1CCO->2Cc1cccc2c1-c1c(cccc1OCCOCCO2)CO->3CCO->4CC5,N#C[S-]->[Hg+2]<-[S-]C#N.c1cc2c3c(c1)OCCOCCOc1cccc(c1-3)COCCOCCOCCOCCOC2,N#C[S-]->[Hg+2]<-[S-]C#N.c1cc2c3c(c1)OCCOCCOc1cccc(c1-3)COCCOCCOCCOCCOC2
ZUNBEP,,C24 H33 La1 O3,0.0,COCC[c-]12->[La+15]3456789%10%11%12%13%14%15(<-[c-]([c-]->3[c-]->41)[c-]->52)(<-[c-]1[c-]->6[c-]->7[c-]->8(CCO->9C)[c-]->%101)<-[c-]1[c-]->%11[c-]->%12[c-]->%13(CCO->%14C)[c-]->%151,COCC[c-]12->[La+]3456789%10%11%12%13%14%15(<-c(c->3c->41)c->52)(<-C1C->6C->7C->8(CCO->9C)C->%101)<-C1C->%11C->%12C->%13(CCO->%14C)C->%151,COCC[c-]12->[La+]3456789%10%11%12%13%14%15(<-c(c->3c->41)c->52)(<-C1C->6C->7C->8(CCO->9C)C->%101)<-C1C->%11C->%12C->%13(CCO->%14C)C->%151
ZURFOH,Cc12->[W+6]345(<-[Cl-])(<-[Cl-])(<-[Cl-])(<-[N-2]c6c(F)c(F)c(F)c(F)c6F)<-c1(C)c->3(C)[c-]->4(C)c->52C,C16 H15 Cl3 F5 N1 W1,0.0,Cc12->[W+6]345(<-[Cl-])(<-[Cl-])(<-[Cl-])(<-[N-2]c6c(F)c(F)c(F)c(F)c6F)<-c1(C)c->3(C)[c-]->4(C)c->52C,Cc12->[W+6]345(<-[Cl-])(<-[Cl-])(<-[Cl-])(<-[N-2]c6c(F)c(F)c(F)c(F)c6F)<-c1(C)c->3(C)[c-]->4(C)c->52C,Cc12->[W+6]345(<-[Cl-])(<-[Cl-])(<-[Cl-])(<-[N-2]c6c(F)c(F)c(F)c(F)c6F)<-c1(C)c->3(C)[c-]->4(C)c->52C
ZUTKII,CC(C)/N1=C/c2cccc(C=O)n2->[Pd@@+2]<-1(<-[CH3-])<-[Cl-],C11 H15 Cl1 N2 O1 Pd1,0.0,CC(C)N1=Cc2cccc(C=O)n2->[Pd+2]<-1(<-[CH3-])<-[Cl-],CC(C)[N-]1C=C2C=CC=C(C=O)[N-]2->[Pd+4]<-1(<-[CH3-])<-[Cl-],CC(C)[N-]1C=C2C=CC=C(C=O)[N-]2->[Pd+4]<-1(<-[CH3-])<-[Cl-]
ZUXGAA,CN(C)C(C#[C-]->[W](<-[C-]#[O+])(<-[C-]#[O+])(<-[C-]#[O+])(<-[C-]#[O+])<-[C-]#[O+])=[N+](C)C,C12 H12 N2 O5 W1,0.0,CN(C)C(=C=[C-2]->[W+2](<-[C-]#[O+])(<-[C-]#[O+])(<-[C-]#[O+])(<-[C-]#[O+])<-[C-]#[O+])N(C)C,CN(C)C(C#[C-]->[W](<-[C-]#[O+])(<-[C-]#[O+])(<-[C-]#[O+])(<-[C-]#[O+])<-[C-]#[O+])=[N+](C)C,CN(C)C(C#[C-]->[W](<-[C-]#[O+])(<-[C-]#[O+])(<-[C-]#[O+])(<-[C-]#[O+])<-[C-]#[O+])=[N+](C)C
ZUXRIT,CN1(C)Cc2ccccc2P(c2ccccc2)(c2ccccc2)->[Pd@@+2]<-1(<-[CH3-])<-[O-]c1ccccc1,C28 H30 N1 O1 P1 Pd1,0.0,CN1(C)Cc2ccccc2P(c2ccccc2)(c2ccccc2)->[Pd+2]<-1(<-[CH3-])<-[O-]c1ccccc1,CN1(C)Cc2ccccc2P(c2ccccc2)(c2ccccc2)->[Pd+2]<-1(<-[CH3-])<-[O-]c1ccccc1,CN1(C)Cc2ccccc2P(c2ccccc2)(c2ccccc2)->[Pd+2]<-1(<-[CH3-])<-[O-]c1ccccc1
ZUZJEJ,C=CCOC(=O)C[CH-](C(=O)OCC=C)->[Co+3]12(<-N[C@@H](C)c3ccccc3)(<-N(=O)/C(C)=C(/C)[N-]->1O)<-N(=O)/C(C)=C(/C)[N-]->2O,C26 H38 Co1 N5 O8,0.0,C=CCOC(=O)C[CH-](C(=O)OCC=C)->[Co+]12(<-NC(C)c3ccccc3)(<-N([O])=C(C)C(C)=N->1O)<-N([O])=C(C)C(C)=N->2O,C=CCOC(=O)C[CH-](C(=O)OCC=C)->[Co+3]12(<-NC(C)c3ccccc3)(<-N(=O)C(C)=C(C)[N-]->1O)<-N(=O)C(C)=C(C)[N-]->2O,C=CCOC(=O)C[CH-](C(=O)OCC=C)->[Co+3]12(<-NC(C)c3ccccc3)(<-N(=O)C(C)=C(C)[N-]->1O)<-N(=O)C(C)=C(C)[N-]->2O
