IDs,smiles_NBO_DFT_xyz,formula_heaviest_fragment,charge,smiles_CSD_fix,smiles_huckel_CSD_xyz,smiles_huckel_DFT_xyz
ABARAX,CO[P@@]1(=O)[O-]->[Y+3]2345<-[O-][P@@](=O)(OC)/C(C)=N->2/CCN2CCN(CC/N->3=C/1C)CCN(CC/N->4=C(\C)[P@](=O)(OC)[O-]->5)CC2,C21 H42 N6 O9 P3 Y1,0.0,COP1(=O)[O-]->[Y+3]2345678<-[O-]P(=O)(OC)C(C)=N->2CCN->32CCN->4(CCN->5=C1C)CCN->6(CCN->7=C(C)P(=O)(OC)[O-]->8)CC2,,
ABAZIP,,C37 H26 F4 Ir1 N3 O1,0.0,CC(c1ccccc1)N1=Cc2ccccc2[O-]->[Ir+3]<-123(<-[c-]1cc(F)cc(F)c1-c1ccccn->21)<-[c-]1cc(F)cc(F)c1-c1ccccn->31,CC(c1ccccc1)N1=Cc2ccccc2[O-]->[Ir+3]<-123(<-[c-]1cc(F)cc(F)c1-c1ccccn->21)<-[c-]1cc(F)cc(F)c1-c1ccccn->31,CC(c1ccccc1)N1=Cc2ccccc2[O-]->[Ir+3]<-123(<-[c-]1cc(F)cc(F)c1-c1ccccn->21)<-[c-]1cc(F)cc(F)c1-c1ccccn->31
ABERIK,Cc1cc(C)c(-c2ccc/c3=N(\c4c(C)cc(C)cc4C)->[Ti+4](<-[Cl-])(<-[Cl-])(<-[Cl-])(<-[n-]23)<-N(C)C)c(C)c1,C25 H32 Cl3 N3 Ti1,0.0,Cc1cc(C)c(-c2cccc3[N-](c4c(C)cc(C)cc4C)->[Ti+4](<-[Cl-])(<-[Cl-])(<-[Cl-])(<-n23)<-N(C)C)c(C)c1,Cc1cc(C)c(-c2cccc3=N(c4c(C)cc(C)cc4C)->[Ti+4](<-[Cl-])(<-[Cl-])(<-[Cl-])(<-[n-]23)<-N(C)C)c(C)c1,Cc1cc(C)c(-c2cccc3=N(c4c(C)cc(C)cc4C)->[Ti+4](<-[Cl-])(<-[Cl-])(<-[Cl-])(<-[n-]23)<-N(C)C)c(C)c1
ABIQOR,CC(C)c1cccc(C(C)C)c1[N-2]->[Ti+4]12(<-[Cl-])(<-[Cl-])<-N3(C(C)(C)C)CN->1(C(C)(C)C)CN->2(C(C)(C)C)C3,C27 H50 Cl2 N4 Ti1,0.0,CC(C)c1cccc(C(C)C)c1[N-2]->[Ti+4]12(<-[Cl-])(<-[Cl-])<-N3(C(C)(C)C)CN->1(C(C)(C)C)CN->2(C(C)(C)C)C3,CC(C)c1cccc(C(C)C)c1[N-2]->[Ti+4]12(<-[Cl-])(<-[Cl-])<-N3(C(C)(C)C)CN->1(C(C)(C)C)CN->2(C(C)(C)C)C3,CC(C)c1cccc(C(C)C)c1[N-2]->[Ti+4]12(<-[Cl-])(<-[Cl-])<-N3(C(C)(C)C)CN->1(C(C)(C)C)CN->2(C(C)(C)C)C3
ABOXOH,,C27 H34 B1 Cl1 N6 O1 Se1 W1,0.0,Cc1cc(C)[n-]2->[W+2]34(<-[Cl-])(<-[C-]#[O+])(<-C([Se]C(C)C)#C->3c3ccccc3)<-[n-]3c(C)cc(C)[n+]3[BH-]([n+]12)[n+]1c(C)cc(C)[n-]->41,Cc1cc(C)n2->[W+2]34(<-[Cl-])(<-[C-]#[O+])(<-C([Se]C(C)C)#C->3c3ccccc3)<-n3c(C)cc(C)n3[BH-](n12)n1c(C)cc(C)n->41,Cc1cc(C)n2->[W+2]34(<-[Cl-])(<-[C-]#[O+])(<-C([Se]C(C)C)#C->3c3ccccc3)<-n3c(C)cc(C)n3[BH-](n12)n1c(C)cc(C)n->41
ACAZFE,CC(=O)C1=CNC2->[Fe]34(<-[C-]#[O+])(<-[C-]#[O+])(<-[C-]#[O+])<-C1=C->3C->4=2,C11 H9 Fe1 N1 O4,0.0,CC(=O)C1=CNC2->[Fe]34(<-[C-]#[O+])(<-[C-]#[O+])(<-[C-]#[O+])<-C1=C->3C->4=2,CC(=O)C1=CNC2->[Fe]34(<-[C-]#[O+])(<-[C-]#[O+])(<-[C-]#[O+])<-C1=C->3C->4=2,CC(=O)c1c[nH][cH-]2->[Fe+2]34(<-[C-]#[O+])(<-[C-]#[O+])(<-[C-]#[O+])<-c2c->3[cH-]->41
ACILAZ,CO->[Mo+6]12(<-[O-2])(<-[O-2])<-[O-]c3ccccc3/C=N->1/[C@@H]1O[C@@H]3CO[C@@H](C)O[C@H]3[C@H](O)[C@H]1[O-]->2,C16 H21 Mo1 N1 O9,0.0,CO->[Mo+6]12(<-[O-2])(<-[O-2])<-[O-]c3ccccc3C=N->1C1OC3COC(C)OC3C(O)C1[O-]->2,CO->[Mo+6]12(<-[O-2])(<-[O-2])<-[O-]c3ccccc3C=N->1C1OC3COC(C)OC3C(O)C1[O-]->2,CO->[Mo+6]12(<-[O-2])(<-[O-2])<-[O-]c3ccccc3C=N->1C1OC3COC(C)OC3C(O)C1[O-]->2
ACOBEA,CCOC(=O)[N-]1[N-](C(=O)OCC)->[Pd@SP2+2]<-12<-n1c(C)cc(-c3ccccc3)c3ccc4c(-c5ccccc5)cc(C)n->2c4c31,C32 H30 N4 O4 Pd1,0.0,CCOC(=O)[N-]1[N-](C(=O)OCC)->[Pd+2]<-12<-n1c(C)cc(-c3ccccc3)c3ccc4c(-c5ccccc5)cc(C)n->2c4c31,CCOC(=O)[N-]1[N-](C(=O)OCC)->[Pd+2]<-12<-n1c(C)cc(-c3ccccc3)c3ccc4c(-c5ccccc5)cc(C)n->2c4c31,CCOC(=O)[N-]1[N-]2C(=O)(OCC)->[Pd+2]<-1<-23<-n1c(C)cc(-c2ccccc2)c2ccc4c(-c5ccccc5)cc(C)n->3c4c21
ACOWUM,O=N([O-])->[Pd+2](<-N(=O)[O-])(<-[As](c1ccccc1)(c1ccccc1)c1ccccc1)<-[As](c1ccccc1)(c1ccccc1)c1ccccc1,C36 H30 As2 N2 O4 Pd1,0.0,O=[N+](=O)->[Pd-2](<-[N+](=O)=O)(<-[As](c1ccccc1)(c1ccccc1)c1ccccc1)<-[As](c1ccccc1)(c1ccccc1)c1ccccc1,O=N([O-])->[Pd+2](<-N(=O)[O-])(<-[As](c1ccccc1)(c1ccccc1)c1ccccc1)<-[As](c1ccccc1)(c1ccccc1)c1ccccc1,O=N([O-])->[Pd+2](<-N(=O)[O-])(<-[As](c1ccccc1)(c1ccccc1)c1ccccc1)<-[As](c1ccccc1)(c1ccccc1)c1ccccc1
ACUFOW,[I-]->[Hg+2](<-[I-])<-n1c(-c2ccccn2)ccc2cccnc21,C13 H9 Hg1 I2 N3,0.0,[I-]->[Hg+2]1(<-[I-])<-n2ccccc2-c2ccc3cccnc3n->12,[I-]->[Hg+2]1(<-[I-])<-n2ccccc2-c2ccc3cccnc3n->12,[I-]->[Hg+2](<-[I-])<-n1c(-c2ccccn2)ccc2cccnc21
ACUROI,Cn1ccn2->[Ir+3]34(<-[c-]5ccsc5-c5ccccn->35)(<-[c-]3ccsc3-c3ccccn->43)<-n3ccn(C)c3-c12,C26 H22 Ir1 N6 S2 1+,1.0,Cn1ccn2->[Ir+3]34(<-[c-]5ccsc5-c5ccccn->35)(<-[c-]3ccsc3-c3ccccn->43)<-n3ccn(C)c3-c12,Cn1ccn2->[Ir+3]34(<-[c-]5ccsc5-c5ccccn->35)(<-[c-]3ccsc3-c3ccccn->43)<-n3ccn(C)c3-c12,Cn1ccn2->[Ir+3]34(<-[c-]5ccsc5-c5ccccn->35)(<-[c-]3ccsc3-c3ccccn->43)<-n3ccn(C)c3-c12
ACUYOP,C[O-]->[V+5]12(<-[O-2])(<-[O-]/C(=N\N->1=C\c1ccccc1[O-]->2)c1c(F)c(F)c(F)c(F)c1F)<-OC,C16 H12 F5 N2 O5 V1,0.0,C[O-]->[V+5]12(<-[O-2])(<-[O-]C(=NN->1=Cc1ccccc1[O-]->2)c1c(F)c(F)c(F)c(F)c1F)<-OC,C[O-]->[V+5]12(<-[O-2])(<-[O-]C(=NN->1=Cc1ccccc1[O-]->2)c1c(F)c(F)c(F)c(F)c1F)<-OC,CO.C[O-]->[V+5]12(<-[O-2])<-[O-]C(c3c(F)c(F)c(F)c(F)c3F)=NN->1=Cc1ccccc1[O-]->2
ADEMII,,C25 H46 Fe1 N2 P2,0.0,Cc1cccc(C)c1[N+]#[C-]->[FeH+]12<-[N-](CCP->1(C(C)C)C(C)C)CCP->2(C(C)C)C(C)C,Cc1cccc(C)c1[N+]#[C-]->[FeH+]12<-[N-](CCP->1(C(C)C)C(C)C)CCP->2(C(C)C)C(C)C,Cc1cccc(C)c1[N+]#[C-]->[FeH+]12<-[N-](CCP->1(C(C)C)C(C)C)CCP->2(C(C)C)C(C)C
ADEZUE,,C11 H17 Cl2 Re1 S3,0.0,CCc12->[Re+5]3456(<-[Cl-])(<-[Cl-])(<-[S-]S[S-]->3)<-c1(C)c->4(C)[c-]->5(C)c->62C,CCc12->[Re+3]3456(<-[Cl-])(<-[Cl-])(<-S=S=S->3)<-c(C)(c->41C)c->5(C)[c-]->62C,CCc1c(C)c(C)c(C)[c-]1(C)->[Re+3]1(<-[Cl-])(<-[Cl-])<-S=S=S->1
ADOBUT,C[S+](C)[BH2-]P->[W](<-[C-]#[O+])(<-[C-]#[O+])(<-[C-]#[O+])(<-[C-]#[O+])<-[C-]#[O+],C7 H10 B1 O5 P1 S1 W1,0.0,C[S](C)[BH2-]P->[W+](<-[C-]#[O+])(<-[C-]#[O+])(<-[C-]#[O+])(<-[C-]#[O+])<-[C-]#[O+],C[S+](C)[BH2-]P->[W](<-[C-]#[O+])(<-[C-]#[O+])(<-[C-]#[O+])(<-[C-]#[O+])<-[C-]#[O+],C[S+](C)[BH2-]P->[W](<-[C-]#[O+])(<-[C-]#[O+])(<-[C-]#[O+])(<-[C-]#[O+])<-[C-]#[O+]
ADOLOU,CCCCN(CCCC)C1=S->[Zn+2]23(<-S=C([S-]->2)N(CCCC)CCCC)(<-[S-]1)<-n1ccccc1-c1ccccn->31,C28 H44 N4 S4 Zn1,0.0,CCCCN(CCCC)C(=S)[S-]->[Zn+2]1(<-[S-]C(=S)N(CCCC)CCCC)<-n2ccccc2-c2ccccn->12,CCCCN(CCCC)C(=S)[S-]->[Zn+2]1(<-[S-]C(=S)N(CCCC)CCCC)<-n2ccccc2-c2ccccn->12,CCCCN(CCCC)C1=S->[Zn+2]23(<-S=C([S-]->2)N(CCCC)CCCC)(<-[S-]1)<-n1ccccc1-c1ccccn->31
ADUROJ,,C13 H32 Ir1 O2 P3 S1,0.0,CP(C)(C)->[Ir]12(<-C=C->1C=C[SH]->2(=O)=O)(<-P(C)(C)C)<-P(C)(C)C,CP(C)(C)->[Ir+]12(<-C=C->1C=CS->2(=O)[O-])(<-P(C)(C)C)<-P(C)(C)C,CP(C)(C)->[Ir+]12(<-C=C->1C=CS->2(=O)[O-])(<-P(C)(C)C)<-P(C)(C)C
AFAVEI,,C8 H21 N5 O6 Ru1,0.0,CC[O-]->[Ru]1(<-[N-]=O)(<-[N+](=O)=O)(<-[N+](=O)=O)<-N(C)(C)CCN->1(C)C,CC[O-]->[Ru+4]1(<-[N-]=O)(<-N(=O)[O-])(<-N(=O)[O-])<-N(C)(C)CCN->1(C)C,CC[O-]->[Ru+4]1(<-[N-]=O)(<-N(=O)[O-])(<-N(=O)[O-])<-N(C)(C)CCN->1(C)C
AFIGIF,Cc1cc(C)n2->[Nb+5]3456(<-[Cl-])(<-[H]C->3(C)[CH-]->4C)(<-[C-](/C)=[C-]->5/C)<-n3c(C)cc(C)n3[BH-](n12)n1c(C)cc(C)n->61,C23 H37 B1 Cl1 N6 Nb1,0.0,CC[CH-](C)->[Nb+3]123(<-[Cl-])(<-C(C)#C->1C)<-[n-]1c(C)cc(C)[n+]1[BH-]([n+]1c(C)cc(C)[n-]->21)[n+]1c(C)cc(C)[n-]->31,CC[CH-](C)->[Nb+3]123(<-[Cl-])(<-C(C)#C->1C)<-n1c(C)cc(C)n1[BH-](n1c(C)cc(C)n->21)n1c(C)cc(C)n->31,CC[CH-](C)->[Nb+3]123(<-[Cl-])(<-C(C)#C->1C)<-n1c(C)cc(C)n1[BH-](n1c(C)cc(C)n->21)n1c(C)cc(C)n->31
AFIZEV,CO1CCO(C)->[W+6]<-1(<-[N-3])(<-[O-]C(C)(C(F)(F)F)C(F)(F)F)(<-[O-]C(C)(C(F)(F)F)C(F)(F)F)<-[O-]C(C)(C(F)(F)F)C(F)(F)F,C16 H19 F18 N1 O5 W1,0.0,CO1CCO(C)->[W+6]<-1(<-[N-3])(<-[O-]C(C)(C(F)(F)F)C(F)(F)F)(<-[O-]C(C)(C(F)(F)F)C(F)(F)F)<-[O-]C(C)(C(F)(F)F)C(F)(F)F,CO1CCO(C)->[W+6]<-1(<-[N-3])(<-[O-]C(C)(C(F)(F)F)C(F)(F)F)(<-[O-]C(C)(C(F)(F)F)C(F)(F)F)<-[O-]C(C)(C(F)(F)F)C(F)(F)F,CO1CCO(C)->[W+6]<-1(<-[N-3])(<-[O-]C(C)(C(F)(F)F)C(F)(F)F)(<-[O-]C(C)(C(F)(F)F)C(F)(F)F)<-[O-]C(C)(C(F)(F)F)C(F)(F)F
AFOYUP,CN(C)P(=O->[Y+3]12345678(<-[Cl-])(<-c9(C)c->1(C)c->2(C)[c-]->3(C)c->49C)<-c1(C)c->5(C)c->6(C)[c-]->7(C)c->81C)(N(C)C)N(C)C,C26 H48 Cl1 N3 O1 P1 Y1,0.0,CN(C)P(=O->[Y+3]12345678(<-[Cl-])(<-c9(C)c->1(C)c->2(C)[c-]->3(C)c->49C)<-c1(C)c->5(C)c->6(C)[c-]->7(C)c->81C)(N(C)C)N(C)C,CN(C)P(=O->[Y+3]12345678(<-[Cl-])(<-c9(C)c->1(C)c->2(C)[c-]->3(C)c->49C)<-c1(C)c->5(C)c->6(C)[c-]->7(C)c->81C)(N(C)C)N(C)C,Cc1c(C)c(C)[c-](C)(->[Y+3]23(<-[Cl-])(<-O=P(N(C)C)(N(C)C)N(C)C)<-c4(C)c(C)c(C)[c-]->2(C)c->34C)c1C
AFUREB,N#CCCN1CCN(CCC#N)Cc2ccccc2OCCOc2ccccc2CN(CCC#N->[Ag+])CC1,C29 H36 Ag1 N6 O2 1+,1.0,N#CCCN12->[Ag+]34<-O(CCOc5ccccc5CN->3(CCC#N)CC1)c1ccccc1CN->4(CCC#N)CC2,N#CCCN12->[Ag+]3<-N(CCC#N)(CC1)Cc1ccccc1OCCOc1ccccc1CN->3(CCC#N)CC2,N#CCCN12->[Ag+]345<-N#CCCN(CC1)Cc1ccccc1O->3CCO->4c1ccccc1CN->5(CCC#N)CC2
AGACAO,CO->[Mo+6]12(<-[O-2])(<-[O-2])<-[O-]/C(=C\C(C)=N->1\N=C(/[O-]->2)c1ccncc1)c1ccccc1,C17 H17 Mo1 N3 O5,0.0,CO->[Mo+6]12(<-[O-2])(<-[O-2])<-[O-]C(=CC(C)=N->1N=C([O-]->2)c1ccncc1)c1ccccc1,CO->[Mo+6]12(<-[O-2])(<-[O-2])<-[O-]C(=CC(C)=N->1N=C([O-]->2)c1ccncc1)c1ccccc1,CC1=N2->[Mo+6](<-[O-2])(<-[O-2])(<-[O-]C(c3ccccc3)=C1)<-[O-]C(c1ccncc1)=N2.CO
AGAZAM,Cc1cccc(C)c1[O-]->[Ti+2]1234567(<-[Cl-])<-C8(C)=C->1(C)C->21=C->3(C)C->4(C)=C->5(C)C->61=C->78C,C22 H27 Cl1 O1 Ti1,0.0,Cc1cccc(C)c1[O-]->[Ti+2]1234567(<-[Cl-])<-C8(C)=C->1(C)C->21=C->3(C)C->4(C)=C->5(C)C->61=C->78C,Cc1cccc(C)c1[O-]->[Ti+2]1234567(<-[Cl-])<-C8(C)=C->1(C)C->21=C->3(C)C->4(C)=C->5(C)C->61=C->78C,Cc1cccc(C)c1[O-]->[Ti+4]1234567(<-[Cl-])<-c8(C)c->1(C)[c-]->2(C)c->31c->4(C)[c-]->5(C)c->6(C)c->781
AGEXAL,CP(C)(C)->[Re+]12(<-[H][B-]->13([H]->2)[C@H]1CCC[C@@H]3CCC1)(<-[C-]#[O+])(<-P(C)(C)C)<-P(C)(C)C,C18 H43 B1 O1 P3 Re1,0.0,CP(C)(C)->[Re+]1(<-[H][B-]2([H]->1)C1CCCC2CCC1)(<-[C-]#[O+])(<-P(C)(C)C)<-P(C)(C)C,CP(C)(C)->[ReH2-](<-[C-]#[O+])(<-[B+]1C2CCCC1CCC2)(<-P(C)(C)C)<-P(C)(C)C,CP(C)(C)->[Re+](<-[C-]#[O+])(<-P(C)(C)C)<-P(C)(C)C.[BH2-]1C2CCCC1CCC2
AGIWAR,,C28 H38 Cl1 O3 P2 Ru1 1+,1.0,C=CCP(c1ccccc1)(c1ccccc1)->[Ru+2]12345(<-[Cl-])(<-c6c->1c->2(C(C)C)c->3c->4c->56C)<-P(OC)(OC)OC,C=CCP(c1ccccc1)(c1ccccc1)->[Ru+2]12345(<-[Cl-])(<-c6c->1c->2(C(C)C)c->3c->4c->56C)<-P(OC)(OC)OC,C=CCP(c1ccccc1)(c1ccccc1)->[Ru+2]12345(<-[Cl-])(<-c6c->1c->2(C(C)C)c->3c->4c->56C)<-P(OC)(OC)OC
AGUJOC,Cc1[nH+]cc(CO)c2/C=N3/CC/N4=C/c5c(CO)c[nH+]c(C)c5[O-]->[Zn+2]<-3<-4(<-[Cl-])<-[O-]c12,C18 H22 Cl1 N4 O4 Zn1 1+,1.0,CC1=C2[O-]->[Zn+6]34(<-[Cl-])<-[O-]C5=C(C)NC=C(CO)C5=C[N-]->3CC[N-]->4C=C2C(CO)=CN1,Cc1[nH+]cc(CO)c2C=N3CCN4=Cc5c(CO)c[nH+]c(C)c5[O-]->[Zn+2]<-3<-4(<-[Cl-])<-[O-]c12,Cc1[nH+]cc(CO)c2C=N3CCN4=Cc5c(CO)c[nH+]c(C)c5[O-]->[Zn+2]<-3<-4(<-[Cl-])<-[O-]c12
AHABER,Cc1cc(C)c(N2C=CN3CCN(C(C)(C)C)->[Ni+2](<-[Br-])(<-[Br-])<-[C]32)c(C)c1,C18 H27 Br2 N3 Ni1,0.0,Cc1cc(C)c(N2C=CN3CCN(C(C)(C)C)->[Ni+2](<-[Br-])(<-[Br-])<-[C]32)c(C)c1,Cc1cc(C)c(N2C=CN3CCN(C(C)(C)C)->[Ni+2](<-[Br-])(<-[Br-])<-[C]32)c(C)c1,Cc1cc(C)c(N2C=CN(CCNC(C)(C)C)[C]2->[Ni+2](<-[Br-])<-[Br-])c(C)c1
AHETIS,[O-2]->[Mo+6]12(<-[O-2])(<-O)<-O=C3C=CC=C/C3=C/N->1=N/C([O-]->2)=C1C=CNC=C1,C13 H12 Mo1 N3 O5 1+,1.0,[O-2]->[Mo+6]12(<-[O-2])(<-O)<-[O-]C(=NN->1=Cc1ccccc1[O-]->2)c1cc[nH+]cc1,[O-2]->[Mo+6]12(<-[O-2])(<-O)<-O=C3C=CC=CC3=CN->1=NC([O-]->2)=C1C=CNC=C1,[O-2]->[Mo+6]12(<-[O-2])(<-O)<-O=C3C=CC=CC3=CN->1=NC([O-]->2)=C1C=CNC=C1
AHOLOA,,C13 H15 F4 Ir1 O1,0.0,Cc12->[Ir+3]345(<-[C-]#[O+])(<-[C-2](F)C(F)(F)F)<-c1(C)c->3(C)[c-]->4(C)c->52C,Cc12->[Ir+]345(<-[C-]#[O+])(<-[C](F)C(F)(F)F)<-c1(C)c->3(C)[c-]->4(C)c->52C,Cc12->[Ir+]345(<-[C-]#[O+])(<-[C](F)C(F)(F)F)<-c1(C)c->3(C)[c-]->4(C)c->52C
AJAMAA,,C35 H44 Cl1 N3 Ti1,0.0,CC(C)c1cccc(C(C)C)c1-n1ccn(-c2c(C(C)C)cccc2C(C)C)c1=[N-]->[Ti+2]1234567(<-[Cl-])<-C8=C->1C->2=C->3C->4=C->5C->6=C->78,CC(C)c1cccc(C(C)C)c1-n1ccn(-c2c(C(C)C)cccc2C(C)C)c1=[N-]->[Ti+4]1234567(<-[Cl-])<-c8c->1c->2[cH-]->3c->4c->5[cH-]->6c->78,CC(C)c1cccc(C(C)C)c1-n1ccn(-c2c(C(C)C)cccc2C(C)C)c1=[N-]->[Ti+4]1234567(<-[Cl-])<-c8c->1c->2[cH-]->3c->4c->5[cH-]->6c->78
AJEPIP,CC(C)(C)C(=O)[O-]->[Fe+2]12345(<-O=C([O-]->1)C(C)(C)C)<-n1ccccc1-c->21cccc->3(-c2ccccn->42)n->51,C25 H29 Fe1 N3 O4,0.0,CC(C)(C)C(=O)[O-]->[Fe+2]12(<-[O-]C(=O)C(C)(C)C)<-n3ccccc3-c3cccc(-c4ccccn->14)n->23,CC(C)(C)C(=O)[O-]->[Fe+2]12(<-[O-]C(=O)C(C)(C)C)<-n3ccccc3-c3cccc(-c4ccccn->14)n->23,CC(C)(C)C(=O)[O-]->[Fe+2]1234(<-O=C->1([O-]->2)C(C)(C)C)<-n1ccccc1-c1cccc(-c2ccccn->32)n->41
AJIPEO,,C10 H24 Cd1 N6 Se2,0.0,CN1(C)CCN->[Cd+2]<-12(<-NCCN->2(C)C)(<-[Se-]C#N)<-[Se-]C#N,CN1(C)CCN->[Cd+2]<-12(<-NCCN->2(C)C)(<-[Se-]C#N)<-[Se-]C#N,CN(C)(CCN)->[Cd+2]1(<-NCCN->1(C)C)(<-[Se-]C#N)<-[Se-]C#N
AJUWAF,CC1/C=C(/C)[O-]->[Pt+2]2(<-O=1)<-C1#SC(C)=C(C)N1c1ccc(Br)c[c-]->21,C16 H16 Br1 N1 O2 Pt1 S1,0.0,fail,CC1=CC(C)=O->[Pt+2]2(<-[O-]1)<-C1#SC(C)=C(C)N1c1ccc(Br)c[c-]->21,CC1=CC(C)=O->[Pt+2]2(<-[O-]1)<-C1#SC(C)=C(C)N1c1ccc(Br)c[c-]->21
AKEMUY,CC(C)/N1=C2/c3ccccn3->[Fe+2]<-2<-134(<-[N-]=C=[Se])(<-[N-]=C=[Se])<-C(/c1ccccn->31)=N->4\C(C)C,C20 H24 Fe1 N6 Se2,0.0,CC(C)N1=Cc2ccccn2->[Fe+2]<-12(<-[N-]=C=[Se])(<-[N-]=C=[Se])<-N(=Cc1ccccn->21)C(C)C,CC(C)N1=Cc2ccccn2->[Fe+2]<-12(<-[N-]=C=[Se])(<-[N-]=C=[Se])<-N(=Cc1ccccn->21)C(C)C,CC(C)N1=Cc2ccccn2->[Fe+2]<-12(<-[N-]=C=[Se])(<-[N-]=C=[Se])<-N(=Cc1ccccn->21)C(C)C
AKOBEI,Cc1cc(C)c(N(C)[C](N(C)c2c(C)cc(C)cc2C)->[Ir+](<-[Cl-])(<-[C-]#[O+])<-[C-]#[O+])c(C)c1,C23 H28 Cl1 Ir1 N2 O2,0.0,Cc1cc(C)c(N(C)[C](N(C)c2c(C)cc(C)cc2C)->[Ir+](<-[Cl-])(<-[C-]#[O+])<-[C-]#[O+])c(C)c1,Cc1cc(C)c(N(C)[C](N(C)c2c(C)cc(C)cc2C)->[Ir+](<-[Cl-])(<-[C-]#[O+])<-[C-]#[O+])c(C)c1,Cc1cc(C)c(N(C)[C](N(C)c2c(C)cc(C)cc2C)->[Ir+](<-[Cl-])(<-[C-]#[O+])<-[C-]#[O+])c(C)c1
AKOWIH,CCCN1c2ccccc2N(C)[C]1->[Ni+2](<-[N-]=C=S)(<-[N-]=C=S)<-[C]1N(C)c2ccccc2N1CCC,C24 H28 N6 Ni1 S2,0.0,CCCN1c2ccccc2N(C)[C]1->[Ni+2](<-[N-]=C=S)(<-[N-]=C=S)<-[C]1N(C)c2ccccc2N1CCC,CCCN1c2ccccc2N(C)[C]1->[Ni+2](<-[N-]=C=S)(<-[N-]=C=S)<-[C]1N(C)c2ccccc2N1CCC,CCCN1c2ccccc2N(C)[C]1->[Ni+2](<-[N-]=C=S)(<-[N-]=C=S)<-[C]1N(C)c2ccccc2N1CCC
ALADIC,[H]/N=C1\c2ccccc2C2/N=C3/c4ccccc4/C(=N\[H])[N-]3->[Re+](<-[C-]#[O+])(<-[C-]#[O+])(<-[C-]#[O+])(<-N=21)<-n1ccn(C)c1,C23 H16 N7 O3 Re1,0.0,Cn1ccn(->[Re+]2(<-[C-]#[O+])(<-[C-]#[O+])(<-[C-]#[O+])<-N3=C(N=C4c5ccccc5C(=N)[N-]->24)c2ccccc2C3=N)c1,Cn1ccn(->[Re+]2(<-[C-]#[O+])(<-[C-]#[O+])(<-[C-]#[O+])<-N3=C(N=C4c5ccccc5C(=N)[N-]->24)c2ccccc2C3=N)c1,Cn1ccn(->[Re+]2(<-[C-]#[O+])(<-[C-]#[O+])(<-[C-]#[O+])<-N3=C(N=C4c5ccccc5C(=N)[N-]->24)c2ccccc2C3=N)c1
ALAVOY,Cc1cccc(C)c1[N-]1[P+](c2ccccc2)(c2ccccc2)c2cccc([Si](C)(C)C)n2->[Ni+2]<-1(<-[Br-])<-[Br-],C28 H31 Br2 N2 Ni1 P1 Si1,0.0,Cc1cccc(C)c1N1=P(c2ccccc2)(c2ccccc2)c2cccc([Si](C)(C)C)n2->[Ni+2]<-1(<-[Br-])<-[Br-],Cc1cccc(C)c1[N-]1[P+](c2ccccc2)(c2ccccc2)c2cccc([Si](C)(C)C)n2->[Ni+2]<-1(<-[Br-])<-[Br-],Cc1cccc(C)c1[N-]1[P+](c2ccccc2)(c2ccccc2)c2cccc([Si](C)(C)C)n2->[Ni+2]<-1(<-[Br-])<-[Br-]
ALEGIH,,C36 H35 Cl2 N2 O3 Ru1,0.0,CN(C)C=O->[Ru+3]12(<-[Cl-])(<-[Cl-])<-[O-]C(Cc3cccc(CC(O->1)(c1ccccc1)c1ccccc1)n->23)(c1ccccc1)c1ccccc1,CN(C)C=O->[Ru+4]12(<-[Cl-])(<-[Cl-])<-[O-]C(Cc3cccc(CC([O-]->1)(c1ccccc1)c1ccccc1)n->23)(c1ccccc1)c1ccccc1,CN(C)C=O->[Ru+4]12(<-[Cl-])(<-[Cl-])<-[O-]C(Cc3cccc(CC([O-]->1)(c1ccccc1)c1ccccc1)n->23)(c1ccccc1)c1ccccc1
ALEZAT,CC(C)(C)c1cn2CCP(c3ccccc3)(c3ccccc3)->[Ru+2]3456(<-N)(<-[c-]2n1)<-c1c->3c->4[cH-]->5c->61,C26 H32 N3 P1 Ru1,0.0,CC(C)(C)c1cn2CCP(c3ccccc3)(c3ccccc3)->[Ru+]3456(<-N)(<-[c]2n1)<-c1c->3c->4[cH-]->5c->61,CC(C)(C)c1cn2CCP(c3ccccc3)(c3ccccc3)->[Ru+2]3456(<-N)(<-[c-]2n1)<-c1c->3c->4[cH-]->5c->61,CC(C)(C)c1cn2CCP(c3ccccc3)(c3ccccc3)->[Ru+2]3456(<-N)(<-[c-]2n1)<-c1c->3c->4[cH-]->5c->61
ALIPOB,[Cl-]->[Hg+2]<-[c-]1c(Cc2ccccn2)cccc1Cc1ccccn1,C18 H15 Cl1 Hg1 N2,0.0,[Cl-]->[Hg+2]<-[c-]1c(Cc2ccccn2)cccc1Cc1ccccn1,[Cl-]->[Hg+2]<-[c-]1c(Cc2ccccn2)cccc1Cc1ccccn1,[Cl-]->[Hg+2]<-[c-]1c(Cc2ccccn2)cccc1Cc1ccccn1
ALOBEI,CC(C)(C)N1C=CN2CCN3CCN4C=CN(C(C)(C)C)[C]4->[Cu+](<-[C]21)<-[C]1N(CC3)C=CN1C(C)(C)C,C27 H45 Cu1 N7 1+,1.0,CC(C)(C)N1C=CN2CCN34CCN5C=CN(C(C)(C)C)[C]5->[Cu+]<-3(<-[C]21)<-[C]1N(CC4)C=CN1C(C)(C)C,CC(C)(C)N1C=CN2CCN3CCN4C=CN(C(C)(C)C)[C]4->[Cu+](<-[C]21)<-[C]1N(CC3)C=CN1C(C)(C)C,CC(C)(C)N1C=CN2CCN3CCN4C=CN(C(C)(C)C)[C]4->[Cu+](<-[C]21)<-[C]1N(CC3)C=CN1C(C)(C)C
ALOXAB,Cc1ccc(/N2=C/c3ccccn3->[Pt@@+2]<-23<-[NH-]c2ccccc2S->3C)cc1,C20 H20 N3 Pt1 S1 1+,1.0,Cc1ccc(N2=Cc3ccccn3->[Pt+2]<-23<-[NH-]c2ccccc2S->3C)cc1,Cc1ccc(N2=Cc3ccccn3->[Pt+2]<-23<-[NH-]c2ccccc2S->3C)cc1,Cc1ccc(N2=Cc3ccccn3->[Pt+2]<-23<-[NH-]c2ccccc2S->3C)cc1
AMAXUJ,[CH3-]->[Pt@OH25+2]1(<-n2ccc(/N=N/c3ccccc3)cc2)<-n2ccccc2-c2ccccn->12,C22 H20 N5 Pt1 1+,1.0,[CH3-]->[Pt+2]1(<-n2ccc(N=Nc3ccccc3)cc2)<-n2ccccc2-c2ccccn->12,[CH3-]->[Pt+2]1(<-n2ccc(N=Nc3ccccc3)cc2)<-n2ccccc2-c2ccccn->12,[CH3-]->[Pt+2]1(<-n2ccc(N=Nc3ccccc3)cc2)<-n2ccccc2-c2ccccn->12
AMIGIN,COC(=O)/C1[S-]->[Rh+3]2345(<-[S-]\C=1C(=O)OC)<-c1(C)c->2(C)c->3(C)[c-]->4(C)c->51C,C16 H21 O4 Rh1 S2,0.0,COC(=O)C1[S-]->[Rh+3]2345(<-[S-]C=1C(=O)OC)<-c1(C)c->2(C)c->3(C)[c-]->4(C)c->51C,COC(=O)C1=S->[Rh+]2345(<-S=C1C(=O)OC)<-c1(C)c->2(C)c->3(C)[c-]->4(C)c->51C,COC(=O)C1=S->[Rh+]2345(<-S=C1C(=O)OC)<-c1(C)c->2(C)c->3(C)[c-]->4(C)c->51C
AMIRAR,CC#N->[Cu@TB2+]123<-S=c4c(C)cc(C(C)(C)C)nn4B->1(n1nc(C(C)(C)C)cc(C)c1=S->2)n1nc(C(C)(C)C)cc(C)c1=S->3,C29 H42 B1 Cu1 N7 S3 1+,1.0,CC#N->[Cu+]123<-S=c4c(C)cc(C(C)(C)C)nn4B->1(n1nc(C(C)(C)C)cc(C)c1=S->2)n1nc(C(C)(C)C)cc(C)c1=S->3,CC#N->[Cu+]123<-S=c4c(C)cc(C(C)(C)C)nn4B->1(n1nc(C(C)(C)C)cc(C)c1=S->2)n1nc(C(C)(C)C)cc(C)c1=S->3,CC#N->[Cu+]123<-S=c4c(C)cc(C(C)(C)C)nn4B->1(n1nc(C(C)(C)C)cc(C)c1=S->2)n1nc(C(C)(C)C)cc(C)c1=S->3
ANASUE,,C27 H22 B1 N6 O3 Re1 S3,0.0,Cn1c2=S->[Re+]3(<-[C-]#[O+])(<-[C-]#[O+])(<-[C-]#[O+])<-S=c4n(C)c5ccccc5n4[BH-](n2c2ccccc21)n1c(=S->3)n(C)c2ccccc21,Cn1c2=S->[Re+]3(<-[C-]#[O+])(<-[C-]#[O+])(<-[C-]#[O+])<-S=c4n(C)c5ccccc5n4[BH-](n2c2ccccc21)n1c(=S->3)n(C)c2ccccc21,Cn1c2=S->[Re+]3(<-[C-]#[O+])(<-[C-]#[O+])(<-[C-]#[O+])<-S=c4n(C)c5ccccc5n4[BH-](n2c2ccccc21)n1c(=S->3)n(C)c2ccccc21
ANPYNI,,C10 H14 N4 Ni1 O8,0.0,O=[N+]([O-])[O-]->[Ni+2](<-O)(<-O)(<-[O-][N+](=O)[O-])(<-n1ccccc1)<-n1ccccc1,O=[N+]([O-])[O-]->[Ni+2](<-O)(<-O)(<-[O-][N+](=O)[O-])(<-n1ccccc1)<-n1ccccc1,O.O.O=[N+]([O-])[O-]->[Ni+2](<-[O-][N+](=O)[O-])(<-n1ccccc1)<-n1ccccc1
APECOP,,C28 H48 Ir1 O2 P3,0.0,CC(C)(C)P1(Oc2cccc3OP(C(C)(C)C)(C(C)(C)C)->[IrH2+]<-1(<-Pc1ccccc1)<-[c-]23)C(C)(C)C,CC(C)(C)P1(Oc2cccc3OP(C(C)(C)C)(C(C)(C)C)->[IrH2+]<-1(<-Pc1ccccc1)<-[c-]23)C(C)(C)C,CC(C)(C)P1(Oc2cccc3OP(C(C)(C)C)(C(C)(C)C)->[IrH2+]<-1(<-Pc1ccccc1)<-[c-]23)C(C)(C)C
APITUP,CCOC(=O)C1/C=N2/c3ccccc3/N3=C/C(C(=O)OCC)=C(\[O-]->[Ni@SP1+2]<-2<-3<-[O-]\C=1C(F)(F)F)C(F)(F)F,C20 H16 F6 N2 Ni1 O6,0.0,fail,CCOC(=O)C1C=N2c3ccccc3N3=CC(C(=O)OCC)=C([O-]->[Ni+2]<-2<-3<-[O-]C=1C(F)(F)F)C(F)(F)F,CCOC(=O)C1C=N2c3ccccc3N3=CC(C(=O)OCC)=C([O-]->[Ni+2]<-2<-3<-[O-]C=1C(F)(F)F)C(F)(F)F
APUCEV,,C20 H33 Fe1 N1 O3 P2,0.0,CC(C)P1(Nc2cccc3OP(C(C)C)(C(C)C)->[FeH+]<-1(<-[C-]#[O+])(<-[C-]#[O+])<-[c-]23)C(C)C,CC(C)P1(Nc2cccc3OP(C(C)C)(C(C)C)->[FeH+]<-1(<-[C-]#[O+])(<-[C-]#[O+])<-[c-]23)C(C)C,CC(C)P1(Nc2cccc3OP(C(C)C)(C(C)C)->[FeH+]<-1(<-[C-]#[O+])(<-[C-]#[O+])<-[c-]23)C(C)C
APUPUW,,C19 H25 B1 N6 O3 W1,0.0,CO[C-3]->[W+4]12(<-[C-]#[O+])(<-[C-]#[O+])<-[n-]3c(C)cc(C)[n+]3[BH-]([n+]3c(C)cc(C)[n-]->13)[n+]1c(C)cc(C)[n-]->21,C[O+]=[C]->[W]12(<-[C-]#[O+])(<-[C-]#[O+])<-n3c(C)cc(C)n3[BH-](n3c(C)cc(C)n->13)n1c(C)cc(C)n->21,C[O+]=[C]->[W]12(<-[C-]#[O+])(<-[C-]#[O+])<-n3c(C)cc(C)n3[BH-](n3c(C)cc(C)n->13)n1c(C)cc(C)n->21
AQAPEO,,C10 H10 N4 Ni1 O8,0.0,O=C1[O-]->[Ni+2]2(<-O)(<-O)(<-[O-]C(=O)c3ccc(O)nn->23)<-n2nc(O)ccc21,O=C1[O-]->[Ni+2]2(<-O)(<-O)(<-[O-]C(=O)c3ccc(O)nn->23)<-n2nc(O)ccc21,O.O.O=C1[O-]->[Ni+2]2(<-[O-]C(=O)c3ccc(O)nn->23)<-n2nc(O)ccc21
AQEFAD,,C36 H30 Cu1 N6 O2 1+,1.0,Oc1ccccc1C=NC1c2ccccn2->[Cu+]2(<-n3ccccc31)<-n1ccccc1C(N=Cc1ccccc1O)c1ccccn->21,Oc1ccccc1C=NC1c2ccccn2->[Cu+]2(<-n3ccccc31)<-n1ccccc1C(N=Cc1ccccc1O)c1ccccn->21,Oc1ccccc1C=N1C2c3ccccn3->[Cu+]<-134(<-N(=Cc1ccccc1O)C(c1ccccn->31)c1ccccn->41)<-n1ccccc12
AQICAF,[O+]#[C-]->[Fe+4]123(<-[C-]#[O+])(<-[C-]#[O+])<-[C-]45[C@H]6C[C@@H]7C[C@@H](C[C@@H](C7)[C-]->14[C-]->21[C@H]2C[C@@H]4C[C@@H](C[C@@H](C4)[C-]->351)C2)C6,C25 H28 Fe1 O3,0.0,[O+]#[C-]->[Fe]123(<-[C-]#[O+])(<-[C-]#[O+])<-C45=C->1(C1CC6CC(CC4C6)C1)C->21=C->35C2CC3CC(C2)CC1C3,[O+]#[C-]->[Fe]123(<-[C-]#[O+])(<-[C-]#[O+])<-C45=C->1(C1CC6CC(CC4C6)C1)C->21=C->35C2CC3CC(C2)CC1C3,[O+]#[C-]->[Fe]123(<-[C-]#[O+])(<-[C-]#[O+])<-C45=C->1(C1CC6CC(CC4C6)C1)C->21=C->35C2CC3CC(C2)CC1C3
AQOKOG,O=[N+]1[O-]->[Cd+2]23(<-O)(<-[O-]1)(<-[O-][N+](=O)[O-]->2)<-n1ccccc1-c1cc(-c2ccncc2)cc(-c2ccccn2)n->31,C20 H16 Cd1 N6 O7,0.0,O=[N+]([O-])[O-]->[Cd+2]123(<-O)(<-[O-][N+](=O)[O-]->1)<-n1ccccc1-c1cc(-c4ccncc4)cc(-c4ccccn->24)n->31,O=[N+]([O-])[O-]->[Cd+2]123(<-O)(<-[O-][N+](=O)[O-]->1)<-n1ccccc1-c1cc(-c4ccncc4)cc(-c4ccccn->24)n->31,O.O=[N+]12->[Cd+2]345(<-[O-]1)(<-[O-]2)(<-[O-][N+]->3(=O)[O-]->4)<-n1ccccc1-c1cc(-c2ccncc2)cc(-c2ccccn2)n->51
AQUGUP,,C36 H41 Os1 P2 1+,1.0,Cc12->[OsH2+2]3456(<-c1(C)c->3(C)[c-]->4(C)c->52C)<-P(CCP->6(c1ccccc1)c1ccccc1)(c1ccccc1)c1ccccc1,Cc12->[OsH2+2]3456(<-c1(C)c->3(C)[c-]->4(C)c->52C)<-P(CCP->6(c1ccccc1)c1ccccc1)(c1ccccc1)c1ccccc1,Cc12->[OsH2+2]3456(<-c1(C)c->3(C)[c-]->4(C)c->52C)<-P(CCP->6(c1ccccc1)c1ccccc1)(c1ccccc1)c1ccccc1
ARAXAT,C1=N2->[Ag@TB16+]34<-N(=C\c5cccc/1n->35)/CCCN1CCCN[C@H]1c1cccc(n->41)[C@@H]1NCCCN1CCC\2,C26 H36 Ag1 N8 1+,1.0,C1=N2->[Ag+]3456<-N(=Cc7cccc1n->37)CCCN->41CCCNC1c1cccc(n->51)C1NCCCN->61CCC2,C1=N2->[Ag+]34<-N(=Cc5cccc1n->35)CCCN1CCCNC1c1cccc(n->41)C1NCCCN1CCC2,C1=N2->[Ag+]345<-N(=Cc6cccc1n->36)CCCN->41CCCNC1c1cccc(n->51)C1NCCCN1CCC2
AREQOD,,C10 H23 F4 I1 N2 Pt1,0.0,CN1(C)CCN(C)(C)->[Pt+4]<-1(<-[CH3-])(<-[CH3-])(<-[I-])<-[CH-](F)C(F)(F)F,CN1(C)CCN(C)(C)->[Pt+4]<-1(<-[CH3-])(<-[CH3-])(<-[I-])<-[CH-](F)C(F)(F)F,CN1(C)CCN(C)(C)->[Pt+4]<-1(<-[CH3-])(<-[CH3-])(<-[I-])<-[CH-](F)C(F)(F)F
AROFEU,CC1=O->[Ru@OH17+2]23(<-[C-]#[O+])(<-[O-]1)<-[C]1N(Cc4c(C)cc(C)c(C5=N->2[C@@H](C(C)C)CO5)[c-]->34)C=CN1C(C)C,C24 H31 N3 O4 Ru1,0.0,fail,Cc1cc(C)c2C3=N(->[Ru+2]456(<-[C-]#[O+])(<-O=C->4(C)[O-]->5)<-[C]4N(Cc1[c-]->62)C=CN4C(C)C)C(C(C)C)CO3,Cc1cc(C)c2C3=N(->[Ru+2]456(<-[C-]#[O+])(<-O=C->4(C)[O-]->5)<-[C]4N(Cc1[c-]->62)C=CN4C(C)C)C(C(C)C)CO3
AROMAW,,C7 H12 N4 Ni1 O7,0.0,CC1C(=O)[O-]->[Ni+2]23(<-O)(<-O)<-[O-]C(=O)C(C)=N->2NC(=O)NN->3=1,CC1C(=O)[O-]->[Ni+2]23(<-O)(<-O)<-[O-]C(=O)C(C)=N->2NC(=O)NN->3=1,CC1=N2->[Ni+2]3(<-[O-]C1=O)<-[O-]C(=O)C(C)=N->3NC(=O)N2.O.O
ASAFIK,C[Se]1CCP(c2ccccc2)(c2ccccc2)->[Pt@TB16+2]<-1(<-[Cl-])<-P(CC[Se]c1ccccc1)(c1ccccc1)c1ccccc1,C35 H36 Cl1 P2 Pt1 Se2 1+,1.0,C[Se]1CCP(c2ccccc2)(c2ccccc2)->[Pt+2]<-1(<-[Cl-])<-P(CC[Se]c1ccccc1)(c1ccccc1)c1ccccc1,[CH2-]CP(c1ccccc1)(c1ccccc1)->[Pt+4](<-[Cl-])(<-[Se-]C)<-P(CC[Se]c1ccccc1)(c1ccccc1)c1ccccc1,[CH2-]CP(c1ccccc1)(c1ccccc1)->[Pt+4](<-[Cl-])(<-[Se-]C)<-P(CC[Se]c1ccccc1)(c1ccccc1)c1ccccc1
ASAPIT,Clc1ccc2CCN34CCc5ccccn5->[Cu+]<-3(<-c2c1)<-n1ccccc1CC4,C22 H24 Cl1 Cu1 N3 1+,1.0,Clc1ccc23CCN45CCc6ccccn6->[Cu+]<-2<-4(<-c3c1)<-n1ccccc1CC5,Clc1ccc2CCN34CCc5ccccn5->[Cu+]<-3(<-c2c1)<-n1ccccc1CC4,Clc1ccc2CCN34CCc5ccccn5->[Cu+]<-3(<-c2c1)<-n1ccccc1CC4
ASEXOL,CCOC(=O)[CH2-]->[Pt+2](<-[I-])(<-NCc1ccccc1)<-NCc1ccccc1,C18 H25 I1 N2 O2 Pt1,0.0,CCOC(=O)[CH2-]->[Pt+2](<-[I-])(<-NCc1ccccc1)<-NCc1ccccc1,CCOC(=O)[CH2-]->[Pt+2](<-[I-])(<-NCc1ccccc1)<-NCc1ccccc1,CCOC1(=O)[CH2-]->[Pt+2]<-1(<-[I-])(<-NCc1ccccc1)<-NCc1ccccc1
ASOGIZ,CC#N->[Os+4]12345(<-[CH2-][C-]->1=C(C)[Si](C)(C)C)(<-c1c->2c->3[cH-]->4c->51)<-P(C(C)C)(C(C)C)C(C)C,C23 H43 N1 Os1 P1 Si1 1+,1.0,CC#N->[Os+2]12345(<-C=C->1=C(C)[Si](C)(C)C)(<-c1c->2c->3[cH-]->4c->51)<-P(C(C)C)(C(C)C)C(C)C,CC#N->[Os+2]12345(<-C=C->1=C(C)[Si](C)(C)C)(<-c1c->2c->3[cH-]->4c->51)<-P(C(C)C)(C(C)C)C(C)C,CC#N->[Os+2]12345(<-C=C->1=C(C)[Si](C)(C)C)(<-c1c->2c->3[cH-]->4c->51)<-P(C(C)C)(C(C)C)C(C)C
ASUSEM,,C23 H46 O2 Si4 W1,0.0,CCc12->[W+3]3456(<-[H][SiH-2]->3C([Si](C)(C)C)([Si](C)(C)C)[Si](C)(C)C)(<-[C-]#[O+])(<-[C-]#[O+])<-c1(C)c->4(C)[c-]->5(C)c->62C,CCc12->[WH+3]345(<-[C-]#[O+])(<-[C-]#[O+])(<-[SiH-2]C([Si](C)(C)C)([Si](C)(C)C)[Si](C)(C)C)<-c(C)(c->31C)c->4(C)[c-]->52C,CCc12->[WH+3]345(<-[C-]#[O+])(<-[C-]#[O+])(<-[SiH-2]C([Si](C)(C)C)([Si](C)(C)C)[Si](C)(C)C)<-c(C)(c->31C)c->4(C)[c-]->52C
ATECAE,c1cc[c-]2->[Hg+2]<-[c-]3ccccc3CNCCNCc2c1,C16 H18 Hg1 N2,0.0,c1cc[c-]2->[Hg+2]34<-[c-]5ccccc5CN->3CCN->4Cc2c1,c1cc[c-]2->[Hg+2]<-[c-]3ccccc3CNCCNCc2c1,c1cc[c-]2->[Hg+2]<-[c-]3ccccc3CNCCNCc2c1
ATEWUT,CCc1c(C)/c2[n-]3->[Zn@SP3+2]45<-[N-]6[C+]([CH+][C+]7[C-](C)[C+](C)[C+]([C-]([C+]8[CH+][CH-][C-](N(C)C)[CH-][CH-]8)c8c(C)c(C)c([n-]->48)\C=2)[N-]->57)[C+](C)[C-](CC)[C+]6/C=c/13,C38 H41 N5 Zn1,0.0,CCC1=C(C)c2cc3c(C)c(C)c4c(-c5ccc(N(C)C)cc5)c5n6->[Zn+2]7(<-n2c1cc1c(CC)c(C)c(cc6C(C)=C5C)[n-]->71)<-[n-]34,CCC1=C(C)C2=N3->[Zn]45<-N6=C(C=C13)C(CC)=C(C)C6=CC1=N->4C(=C(c3ccc(N(C)C)cc3)C3=N->5C(=C2)C(C)=C3C)C(C)=C1C,CCC1=C(C)C2=N3->[Zn]45<-N6=C(C=C13)C(CC)=C(C)C6=CC1=N->4C(=C(c3ccc(N(C)C)cc3)C3=N->5C(=C2)C(C)=C3C)C(C)=C1C
ATIVUV,,C14 H8 F12 Ir1 O2 P2 1+,1.0,[O+]#[C-]->[IrH+2]12(<-[C-]#[O+])<-[c-]3c(CP->1(C(F)(F)F)C(F)(F)F)cccc3CP->2(C(F)(F)F)C(F)(F)F,[O+]#[C-]->[IrH+2]12(<-[C-]#[O+])<-[c-]3c(CP->1(C(F)(F)F)C(F)(F)F)cccc3CP->2(C(F)(F)F)C(F)(F)F,[O+]#[C-]->[IrH+2]12(<-[C-]#[O+])<-[c-]3c(CP->1(C(F)(F)F)C(F)(F)F)cccc3CP->2(C(F)(F)F)C(F)(F)F
ATOPII,NC1/N=N2/C(/N)=C3/C=CC=C[N-]3->[Au@TB6+3]<-2(<-[Cl-])<-S=1,C7 H8 Au1 Cl1 N5 S1 1+,1.0,NC1=NN2=C(N)c3ccccn3->[Au+3]<-2(<-[Cl-])<-[S-]1,NC1N=N2C(N)=C3C=CC=C[N-]3->[Au+3]<-2(<-[Cl-])<-S=1,NC1N=N2C(N)=C3C=CC=C[N-]3->[Au+3]<-2(<-[Cl-])<-S=1
ATUPOU,C/C1=C(\C)[N-](O)->[Co+3]2(<-[N-2][N+]#N)(<-[N-2][N+]#N)(<-N1=O)<-N(=O)/C(C)=C(/C)[N-]->2O,C8 H14 Co1 N10 O4 1-,-1.0,CC1C(C)=N(O)->[Co+2]2(<-[N-]=[N+]=[N-])(<-[N-]=[N+]=[N-])(<-N=1[O])<-N([O-])=C(C)C(C)=N->2O,CC1=C(C)[N-](O)->[Co+3]2(<-[N-2][N+]#N)(<-[N-2][N+]#N)(<-N1=O)<-N(=O)C(C)=C(C)[N-]->2O,CC1=C(C)[N-](O)->[Co+3]2(<-[N-2][N+]#N)(<-[N-2][N+]#N)(<-N1=O)<-N(=O)C(C)=C(C)[N-]->2O
ATUWUI,Cc12->[Ti+4]3456789(<-[OH-])(<-[O-]S(=O)(=O)C(F)(F)F)(<-c1(C)c->3(C)[c-]->4(C)c->52C)<-c1(C)c->6(C)c->7(C)[c-]->8(C)c->91C,C21 H31 F3 O4 S1 Ti1,0.0,Cc12->[Ti+4]3456789(<-[OH-])(<-[O-]S(=O)(=O)C(F)(F)F)(<-c1(C)c->3(C)[c-]->4(C)c->52C)<-c1(C)c->6(C)c->7(C)[c-]->8(C)c->91C,Cc12->[Ti+4]3456789(<-[OH-])(<-[O-]S(=O)(=O)C(F)(F)F)(<-c1(C)c->3(C)[c-]->4(C)c->52C)<-c1(C)c->6(C)c->7(C)[c-]->8(C)c->91C,Cc1c2(C)->[Ti+4]345678(<-[OH-])(<-[O-]S(=O)(=O)C(F)(F)F)(<-c9(C)c->3(C)c->4(C)[c-]->5(C)c->69C)<-c1(C)[c-]->7(C)c->82C
AVAZEC,CC(C)(C)/C1=C/[C@@H](c2ccccc2)[C@@H](/C=C(\[O-]->[Ti+4]23456789(<-[O-]1)(<-c1c->2c->3[cH-]->4c->51)<-c1c->6c->7[cH-]->8c->91)C(C)(C)C)c1ccccc1,C36 H42 O2 Ti1,0.0,CC(C)(C)C1=CC(c2ccccc2)C(C=C([O-]->[Ti+4]23456789(<-[O-]1)(<-c1c->2c->3[cH-]->4c->51)<-c1c->6c->7[cH-]->8c->91)C(C)(C)C)c1ccccc1,CC(C)(C)C1=CC(c2ccccc2)C(C=C([O-]->[Ti+4]23456789(<-[O-]1)(<-c1c->2c->3[cH-]->4c->51)<-c1c->6c->7[cH-]->8c->91)C(C)(C)C)c1ccccc1,CC(C)(C)C1=CC(c2ccccc2)C(C=C([O-]->[Ti+4]2345(<-[O-]1)(<-c1ccc[cH-]1)<-c1c->2c->3[cH-]->4c->51)C(C)(C)C)c1ccccc1
AVIJIZ,F[C-](F)(F)->[Ag+]<-n1ccc(-c2ccccc2)c2ccc3c(-c4ccccc4)ccnc3c21,C25 H16 Ag1 F3 N2,0.0,F[C-](F)(F)->[Ag+]1<-n2ccc(-c3ccccc3)c3ccc4c(-c5ccccc5)ccn->1c4c32,F[C-](F)(F)->[Ag+]1<-n2ccc(-c3ccccc3)c3ccc4c(-c5ccccc5)ccn->1c4c32,F[C-](F)(F)->[Ag+]1<-n2ccc(-c3ccccc3)c3ccc4c(-c5ccccc5)ccn->1c4c32
AVOCOE,CC(C)N(CCN(->[Cu+]<-[Cl-])=C(N(C)C)N(C)C)C(C)C,C13 H30 Cl1 Cu1 N4,0.0,CC(C)N1(CCN(=C(N(C)C)N(C)C)->[Cu+]<-1<-[Cl-])C(C)C,CC(C)N(CCN(->[Cu+]<-[Cl-])=C(N(C)C)N(C)C)C(C)C,CC(C)N1(CCN(=C(N(C)C)N(C)C)->[Cu+]<-1<-[Cl-])C(C)C
AVOVUC,CCCP(CCC)(CCC)=O->[Mo+6]12(<-[O-2])(<-[O-][O-]->1)<-[O-][O-]->2,C9 H21 Mo1 O6 P1,0.0,CCCP(CCC)(CCC)=O->[Mo+6]12(<-[O-2])(<-[O-][O-]->1)<-[O-][O-]->2,CCCP(CCC)(CCC)=O->[Mo+6]12(<-[O-2])(<-[O-][O-]->1)<-[O-][O-]->2,CCCP(CCC)(CCC)=O->[Mo+6]12(<-[O-2])(<-[O-][O-]->1)<-[O-][O-]->2
AWENAR,Cc1ccc(/N2=N/c3n(C)ccn3->[Ru+2]<-234(<-[O-]c2cccc5cccn->3c25)<-N(=N\c2n(C)ccn->42)/c2ccc(C)cc2)cc1,C31 H30 N9 O1 Ru1 1+,1.0,Cc1ccc(N2=Nc3n(C)ccn3->[Ru+2]<-234(<-[O-]c2cccc5cccn->3c25)<-N(=Nc2n(C)ccn->42)c2ccc(C)cc2)cc1,Cc1ccc([N-]2N=c3n(C)cc[n-]3->[Ru+6]<-234(<-[O-]c2cccc5cccn->3c25)<-[N-](N=c2n(C)cc[n-]->42)c2ccc(C)cc2)cc1,Cc1ccc([N-]2N=c3n(C)cc[n-]3->[Ru+6]<-234(<-[O-]c2cccc5cccn->3c25)<-[N-](N=c2n(C)cc[n-]->42)c2ccc(C)cc2)cc1
AWOFIB,[Cl-]->[Zn+2]1(<-[Cl-])<-n2cccn2Cc2cccc(Cn3cccn->13)n2,C13 H13 Cl2 N5 Zn1,0.0,[Cl-]->[Zn+2]12(<-[Cl-])<-n3c(Cn4cccn->14)cccc3Cn1cccn->21,[Cl-]->[Zn+2]1(<-[Cl-])<-n2cccn2Cc2cccc(Cn3cccn->13)n2,[Cl-]->[Zn+2]1(<-[Cl-])<-n2cccn2Cc2cccc(Cn3cccn->13)n2
AXAZII,CO->[Mo+6]12(<-[O-2])(<-[O-2])<-[O-]c3ccccc3/C=N->1/c1cc(C)ccc1[O-]->2,C15 H15 Mo1 N1 O5,0.0,CO->[Mo+6]12(<-[O-2])(<-[O-2])<-[O-]c3ccccc3C=N->1c1cc(C)ccc1[O-]->2,CO->[Mo+6]12(<-[O-2])(<-[O-2])<-[O-]c3ccccc3C=N->1c1cc(C)ccc1[O-]->2,CO->[Mo+6]12(<-[O-2])(<-[O-2])<-[O-]c3ccccc3C=N->1c1cc(C)ccc1[O-]->2
AXEVII,,C33 H33 P1 Si1 Zr1,0.0,C[Si](C)(C)C1c2cccc[c-]2->[Zr+4]23456789%10(<-[C-]=1P->2(c1ccccc1)c1ccccc1)(<-c1c->3c->4[cH-]->5c->61)<-c1c->7c->8[cH-]->9c->%101,C[Si](C)(C)C1=C2C=CC=C[C]2->[Zr+2]23456789(<-C1#P(c1ccccc1)c1ccccc1)(<-c1c->2c->3[cH-]->4c->51)<-c1c->6c->7[cH-]->8c->91,C[Si](C)(C)C1=C2C=CC=C[C]2->[Zr+2]23456789(<-C1#P(c1ccccc1)c1ccccc1)(<-c1c->2c->3[cH-]->4c->51)<-c1c->6c->7[cH-]->8c->91
AXIWIP,C[N-](C)->[Ti+4]1(<-N(CCN->1=P([Se-])(c1ccccc1)c1ccccc1)=P([Se-])(c1ccccc1)c1ccccc1)<-[N-](C)C,C30 H36 N4 P2 Se2 Ti1,0.0,C[N-](C)->[Ti+4]12(<-[Se]=P(c3ccccc3)(c3ccccc3)[N-]->1CC[N-]->2P(=[Se])(c1ccccc1)c1ccccc1)<-[N-](C)C,C[N-](C)->[Ti+4]12(<-[Se-]P(c3ccccc3)(c3ccccc3)=N->1CCN->2=P([Se-])(c1ccccc1)c1ccccc1)<-[N-](C)C,C[N-](C)->[Ti+4]1(<-N(CCN->1=P([Se-])(c1ccccc1)c1ccccc1)=P([Se-])(c1ccccc1)c1ccccc1)<-[N-](C)C
AXOKED,N#Cc1nc(-c2ccccn2)c(-c2cccc3-c4ccccn4->[Zn+2](<-[Cl-])(<-[Cl-])<-n23)nc1C#N,C21 H11 Cl2 N7 Zn1,0.0,N#Cc1nc(-c2ccccn2)c2-c3cccc4-c5ccccn5->[Zn+2](<-[Cl-])(<-[Cl-])(<-n43)<-n2c1C#N,N#Cc1nc(C2=CC=CC3=C4C=CC=C[N-]4->[Zn+4](<-[Cl-])(<-[Cl-])<-[N-]23)c(-c2ccccn2)nc1C#N,N#Cc1nc(-c2ccccn2)c2-c3cccc4-c5ccccn5->[Zn+2](<-[Cl-])(<-[Cl-])(<-n43)<-n2c1C#N
AXUCON,Cc1nc2c(nc1[C@]1(C)CC3c4c(C)nc5c(c(=O)n(C)c(=O)n5C)n4->[Zn+2](<-[I-])(<-[I-])<-N=3c3ccccc3N1)c(=O)n(C)c(=O)n2C,C28 H28 I2 N10 O4 Zn1,0.0,Cc1nc2c(nc1C1(C)CC3c4c(C)nc5c(c(=O)n(C)c(=O)n5C)n4->[Zn+2](<-[I-])(<-[I-])<-N=3c3ccccc3N1)c(=O)n(C)c(=O)n2C,Cc1nc2c(nc1C1(C)CC3c4c(C)nc5c(c(=O)n(C)c(=O)n5C)n4->[Zn+2](<-[I-])(<-[I-])<-N=3c3ccccc3N1)c(=O)n(C)c(=O)n2C,Cc1nc2c(nc1C1(C)CC(c3c(C)nc4c(c(=O)n(C)c(=O)n4C)n3->[Zn+2](<-[I-])<-[I-])=Nc3ccccc3N1)c(=O)n(C)c(=O)n2C
AXUSUH,CN1(C)CC/N(=C/c2ccccc2)->[Pt+2]<-1(<-[c-]1ccccc1)<-[c-]1ccccc1,C23 H26 N2 Pt1,0.0,CN1(C)CCN(=Cc2ccccc2)->[Pt+2]<-1(<-[c-]1ccccc1)<-[c-]1ccccc1,CN1(C)CCN(=Cc2ccccc2)->[Pt+2]<-1(<-[c-]1ccccc1)<-[c-]1ccccc1,CN1(C)CCN(=Cc2ccccc2)->[Pt+2]<-1(<-[c-]1ccccc1)<-[c-]1ccccc1
AYEDAK,O/N=C/C(c1ccccc1)=N1/N=C(\[O-]->[Ni+2]<-123456<-[O-]/C(c1ccccc1)=N->2\N->3=C->4(c1ccccc1)/C->5=N->6/O)c1ccccc1,C30 H24 N6 Ni1 O4,0.0,ON1=CC(c2ccccc2)=N2N=C([O-]->[Ni+2]<-1<-234<-[O-]C(=NN->3=C(C=N->4O)c1ccccc1)c1ccccc1)c1ccccc1,ON1=CC(c2ccccc2)=N2N=C([O-]->[Ni+2]<-1<-234<-[O-]C(=NN->3=C(C=N->4O)c1ccccc1)c1ccccc1)c1ccccc1,ON1=CC(c2ccccc2)=N2N=C([O-]->[Ni+2]<-1<-234<-[O-]C(=NN->3=C(C=N->4O)c1ccccc1)c1ccccc1)c1ccccc1
AYINAY,,C16 H16 N2 Ni1 O5,0.0,fail,Cc1ccc2ccc3ccc(C)n4->[Ni+2]5(<-O)(<-O=C[O-]->5)(<-[O-]C=O)<-n1c2c34,Cc1ccc2ccc3ccc(C)n4->[Ni+2](<-O)(<-[O-]C=O)(<-[O-]C=O)<-n1c2c34
AYOWES,,C22 H24 N3 O1 Ru1 1+,1.0,O->[Ru+2]12345(<-C6=C->1CCC->2=C->3CC6)<-n1ccccc1-c1ccc(-c2ccccn->42)[n-]->51,O->[Ru+2]12345(<-C6=C->1CCC->2=C->3CC6)<-N1=C(c2ccccn->42)C=CC1=C1C=CC=C[N-]->51,O->[Ru+2]12345(<-C6=C->1CCC->2=C->3CC6)<-N1=C(c2ccccn->42)C=CC1=C1C=CC=C[N-]->51
AYUSEU,CCO/[C-](=C1/C=C[CH-]N1C)->[Mo+2](<-[C-]#[O+])(<-[C-]#[O+])(<-[C-]#[O+])(<-[C-]#[O+])<-P(c1ccccc1)(c1ccccc1)c1ccccc1,C30 H26 Mo1 N1 O5 P1,0.0,CCO[C-2](c1cccn1C)->[Mo+2](<-[C-]#[O+])(<-[C-]#[O+])(<-[C-]#[O+])(<-[C-]#[O+])<-P(c1ccccc1)(c1ccccc1)c1ccccc1,CCO[C](c1cccn1C)->[Mo](<-[C-]#[O+])(<-[C-]#[O+])(<-[C-]#[O+])(<-[C-]#[O+])<-P(c1ccccc1)(c1ccccc1)c1ccccc1,CCO[C](c1cccn1C)->[Mo](<-[C-]#[O+])(<-[C-]#[O+])(<-[C-]#[O+])(<-[C-]#[O+])<-P(c1ccccc1)(c1ccccc1)c1ccccc1
AZEQUR,Cc12->[Ru+2]34567(<-[Cl-])(<-N(=C\c8ccccn->38)/N=C/c3ccccn3)<-c1(C)c->4(C)c->5(C)c->6(C)c->72C,C24 H28 Cl1 N4 Ru1 1+,1.0,Cc12->[Ru+2]34567(<-[Cl-])(<-N(=Cc8ccccn->38)N=Cc3ccccn3)<-c1(C)c->4(C)c->5(C)c->6(C)c->72C,Cc12->[Ru+2]34567(<-[Cl-])(<-N(=Cc8ccccn->38)N=Cc3ccccn3)<-c1(C)c->4(C)c->5(C)c->6(C)c->72C,Cc12->[Ru+2]34567(<-[Cl-])(<-N(=Cc8ccccn->38)N=Cc3ccccn3)<-c1(C)c->4(C)c->5(C)c->6(C)c->72C
AZIKUP,CO/C1[O-]->[Zn+2]23(<-S=C4C=CC=C\C=14)<-n1c(-c4ccccc4)cc(C)n1[BH-](n1c(C)cc(-c4ccccc4)n->21)n1c(C)cc(-c2ccccc2)n->31,C38 H35 B1 N6 O2 S1 Zn1,0.0,fail,COC1[O-]->[Zn+2]23(<-S=C4C=CC=CC=14)<-n1c(-c4ccccc4)cc(C)n1[BH-](n1c(C)cc(-c4ccccc4)n->21)n1c(C)cc(-c2ccccc2)n->31,COC1[O-]->[Zn+2]23(<-S=C4C=CC=CC=14)<-n1c(-c4ccccc4)cc(C)n1[BH-](n1c(C)cc(-c4ccccc4)n->21)n1c(C)cc(-c2ccccc2)n->31
AZUNUE,CC(C)[N-]1[Si](C)(C)[c-]23->[Zr+2]<-1456789(<-C(/c1ccccc1)=C->4\C->5=C->6\c1ccccc1)<-c(C)(c->7(C)c->82C)c->93C,C30 H39 N1 Si1 Zr1,0.0,fail,CC(C)[N-]1[Si](C)(C)[c-]23->[Zr+2]<-1456789(<-C(c1ccccc1)=C->4C->5=C->6c1ccccc1)<-c(C)(c->7(C)c->82C)c->93C,CC(C)[N-]1[Si](C)(C)[c-]23->[Zr+2]<-1456789(<-C(c1ccccc1)=C->4C->5=C->6c1ccccc1)<-c(C)(c->7(C)c->82C)c->93C
BABZAI,CC/C1=N(\C(C)C)->[Y+3]23456789(<-[N-]1C(C)C)(<-c1(C)c->2(C)c->3(C)[c-]->4(C)c->51C)<-c1(C)c->6(C)c->7(C)[c-]->8(C)c->91C,C29 H49 N2 Y1,0.0,CCC1=N(C(C)C)->[Y+3]23456789(<-[N-]1C(C)C)(<-c1(C)c->2(C)c->3(C)[c-]->4(C)c->51C)<-c1(C)c->6(C)c->7(C)[c-]->8(C)c->91C,CCC1=N(C(C)C)->[Y+3]23456789(<-[N-]1C(C)C)(<-c1(C)c->2(C)c->3(C)[c-]->4(C)c->51C)<-c1(C)c->6(C)c->7(C)[c-]->8(C)c->91C,CCC1=N(C(C)C)->[Y+3]23(<-[N-]1C(C)C)(<-c1(C)c(C)c(C)c(C)[c-]1C)<-c1(C)c(C)c(C)[c-]->2(C)c->31C
BACFOC,,C21 H47 F3 N1 O3 P3 Ru1 S1,0.0,CC(C)P1(C=CN2(C)CCP(C(C)C)(C(C)C)->[RuH+]<-2<-1(<-[O-]S(=O)(=O)C(F)(F)F)<-P(C)(C)C)C(C)C,CC(C)P1(C=CN2(C)CCP(C(C)C)(C(C)C)->[RuH+]<-2<-1(<-[O-]S(=O)(=O)C(F)(F)F)<-P(C)(C)C)C(C)C,CC(C)P1(C=CN2(C)CCP(C(C)C)(C(C)C)->[RuH+]<-2<-1(<-[O-]S(=O)(=O)C(F)(F)F)<-P(C)(C)C)C(C)C
BACYUB,O=C1[O-]->[V+5]23(<-[O-2])(<-[O-]CCO->2c2ccccc2)<-[O-]C(=O)c2cccc1n->32,C15 H12 N1 O7 V1,0.0,O=C1[O-]->[V+5]23(<-[O-2])(<-[O-]CCO->2c2ccccc2)<-[O-]C(=O)c2cccc1n->32,O=C1[O-]->[V+5]23(<-[O-2])(<-[O-]CCO->2c2ccccc2)<-[O-]C(=O)c2cccc1n->32,O=C1[O-]->[V+5]23(<-[O-2])(<-[O-]CCO->2c2ccccc2)<-[O-]C(=O)c2cccc1n->32
BADKAS,,C17 H23 Co1 N6 O6,0.0,CC1C(C)=N(O)->[Co+]2(<-[CH2-]CC#N)(<-N=1[O])(<-N([O])=C(C)C(C)=N->2O)<-n1ccc(C(=O)O)cc1,CC1=C(C)[N-](O)->[Co+3]2(<-[CH2-]CC#N)(<-N1=O)(<-N(=O)C(C)=C(C)[N-]->2O)<-n1ccc(C(=O)O)cc1,CC1=C(C)[N-](O)->[Co+3]2(<-[CH2-]CC#N)(<-N1=O)(<-N(=O)C(C)=C(C)[N-]->2O)<-n1ccc(C(=O)O)cc1
BAFGEV,[Br-]->[Os+4]123(<-N(=N\c4ccccn->14)/c1ccccc1[N-]->2c1ccccc1)<-[N-]([N-][C-]1[CH-][CH+][CH+][CH-][N-]->31)[C+]1[CH+][CH+][CH+][CH-][C-]1Nc1ccccc1,C34 H27 Br1 N8 Os1,0.0,[Br-]->[Os+2]123(<-N(=Nc4ccccn->14)c1ccccc1Nc1ccccc1)<-N(=Nc1ccccn->21)c1ccccc1[N-]->3c1ccccc1,[Br-]->[Os+6]123(<-[N-](N=c4cccc[n-]->14)c1ccccc1Nc1ccccc1)<-[N-](N=c1cccc[n-]->21)c1ccccc1[N-]->3c1ccccc1,[Br-]->[Os+6]123(<-[N-](N=c4cccc[n-]->14)c1ccccc1Nc1ccccc1)<-[N-](N=c1cccc[n-]->21)c1ccccc1[N-]->3c1ccccc1
BAFTOU,C1#COc2ccccc2N->[Ag+]<-Nc2ccccc2O1,C14 H16 Ag1 N2 O2 1+,1.0,c1ccc2OCCOc3ccccc3N->[Ag+]<-Nc2c1,C1#COc2ccccc2N->[Ag+]<-Nc2ccccc2O1,C1Oc2ccccc2N->[Ag+]2<-Nc3ccccc3OC->2#1
BAHKOL,O=C([O-]->[Ag+](<-P(c1ccccc1)(c1ccccc1)c1ccccc1)<-P(c1ccccc1)(c1ccccc1)c1ccccc1)C(F)(F)C(F)(F)C(F)(F)F,C40 H30 Ag1 F7 O2 P2,0.0,fail,FC(F)(F)C(F)(F)C(F)(F)C1=O->[Ag+](<-[O-]1)(<-P(c1ccccc1)(c1ccccc1)c1ccccc1)<-P(c1ccccc1)(c1ccccc1)c1ccccc1,FC(F)(F)C(F)(F)C(F)(F)C12=O->[Ag+]<-1(<-[O-]2)(<-P(c1ccccc1)(c1ccccc1)c1ccccc1)<-P(c1ccccc1)(c1ccccc1)c1ccccc1
BAJLAB,,C22 H47 N1 Os1 P2,0.0,CC(C)P(C(C)C)(C(C)C)->[OsH+]1234(<-c5c->1n->2c->3[cH-]->45)<-P(C(C)C)(C(C)C)C(C)C,CC(C)P(C(C)C)(C(C)C)->[OsH+]1234(<-c5c->1c->2[n-]->3c->45)<-P(C(C)C)(C(C)C)C(C)C,CC(C)P(C(C)C)(C(C)C)->[OsH+]1234(<-c5c->1c->2[n-]->3c->45)<-P(C(C)C)(C(C)C)C(C)C
BAKCEV,,C24 H17 N3 O2 P1 W1 1+,1.0,[O+]#[C-]->[W+4]12(<-[C-3]c3ccccc3)(<-[C-]#[O+])<-n3ccccc3P(c3ccccn->13)c1ccccn->21,[O+]#[C-]->[W+4]12(<-[C-3][c-]3[cH+][cH-][cH+][cH-][cH+]3)(<-[C-]#[O+])<-n3ccccc3P(c3ccccn->13)c1ccccn->21,[O+]#[C-]->[W+4]12(<-[C-3][c-]3[cH+][cH-][cH+][cH-][cH+]3)(<-[C-]#[O+])<-n3ccccc3P(c3ccccn->13)c1ccccn->21
BALQOX,,C28 H46 La1 N8 O2 1+,1.0,Cc1cccc2C=N3CCN45CCN->[La+3]<-3<-46789(<-NCC5)(<-NCCN->6(CCN->7)CCN->8=Cc3cccc(C)c3[O-]->9)<-[O-]c12,CC1CCCC2CN3CCN45CCN->[La+]<-436789(<-NCC5)(<-NCCN->6(CCN->7)CCN8CC3CCCC(C)C3O9)OC12,CC1CCCC2CN3CCN45CCN->[La+]<-436789(<-NCC5)(<-NCCN->6(CCN->7)CCN8CC3CCCC(C)C3O9)OC12
BAMQUC,CC(C)(C)[N-]1[C-]23->[Zr+4]<-1456789%10%11%12(<-c1c->4c->5[cH-]->6c->71)(<-c1c->8c->9[cH-]->%10c->%111)<-[N-](C(C)(C)C)[C-]->%122[C@H]1[C+]2[CH-][CH-][CH+][CH+][C+]2[C@H]13,C28 H34 N2 Zr1,0.0,CC(C)(C)N1C23->[Zr+2]<-1456789%10%11%12(<-c1c->4c->5[cH-]->6c->71)(<-c1c->8c->9[cH-]->%10c->%111)<-N(C(C)(C)C)C->%12=2C1c2ccccc2C13,CC(C)(C)N1=C23->[Zr+2]<-1456789%10%11%12(<-c1c->4c->5[cH-]->6c->71)(<-c1c->8c->9[cH-]->%10c->%111)<-N(C(C)(C)C)=C->%122C1c2ccccc2C13,CC(C)(C)N1=C2C(=N(C(C)(C)C)->[Zr+2]<-13456789%10(<-c1c->3c->4[cH-]->5c->61)<-c1c->7c->8[cH-]->9c->%101)C1c3ccccc3C21
BANQIS,CCOC(=O)CN/N1=C(\C)c2cccc3/C(C)=N(/NCC(=O)OCC)->[Cd+2]<-1(<-[Cl-])(<-[Cl-])<-n23,C17 H25 Cd1 Cl2 N5 O4,0.0,CCOC(=O)CNN1=C(C)c2cccc3C(C)=N(NCC(=O)OCC)->[Cd+2]<-1(<-[Cl-])(<-[Cl-])<-n23,CCOC(=O)CNN1=C(C)c2cccc3C(C)=N(NCC(=O)OCC)->[Cd+2]<-1(<-[Cl-])(<-[Cl-])<-n23,CCOC(=O)CNN=C(C)c1cccc2C(C)=N(NCC(=O)OCC)->[Cd+2](<-[Cl-])(<-[Cl-])<-n12
BAPYUN,Cc12->[Ir+3]345(<-[c-]6cccc7cccc([O-])c76)(<-[PH2+]6Oc7cccc8cccc6c78)(<-c1(C)c->3(C)[c-]->4(C)c->52C)<-P(C)(C)C,C33 H36 Ir1 O2 P2 1+,1.0,Cc12->[Ir+3]3456(<-[c-]7cccc8cccc(OP->39Oc3cccc%10cccc9c3%10)c87)(<-c1(C)c->4(C)[c-]->5(C)c->62C)<-P(C)(C)C,Cc12->[Ir+3]3456(<-[c-]7cccc8cccc(OP->39Oc3cccc%10cccc9c3%10)c87)(<-c1(C)c->4(C)[c-]->5(C)c->62C)<-P(C)(C)C,Cc12->[Ir+3]3456(<-[c-]7cccc8cccc(OP->39Oc3cccc%10cccc9c3%10)c87)(<-c1(C)c->4(C)[c-]->5(C)c->62C)<-P(C)(C)C
BARHUZ,CC1=O->[Ru+2]23(<-[Cl-])(<-[O-]1)(<-C1#Sc4ccccc4N1CC->2=C->3(C)C)<-P(c1ccccc1)(c1ccccc1)c1ccccc1,C32 H31 Cl1 N1 O2 P1 Ru1 S1,0.0,fail,CC12=O->[Ru+2]<-134(<-[Cl-])(<-[O-]2)(<-C1#Sc2ccccc2N1CC->3=C->4(C)C)<-P(c1ccccc1)(c1ccccc1)c1ccccc1,CC12=O->[Ru+2]<-134(<-[Cl-])(<-[O-]2)(<-C1#Sc2ccccc2N1CC->3=C->4(C)C)<-P(c1ccccc1)(c1ccccc1)c1ccccc1
BASCIJ,,C19 H31 Co1 N2 P4,0.0,CC(C)N1C=CN(C(C)C)[C]1->[Co+]12345(<-[pH]6p7p6[pH]->17)<-c1(C)c->2(C)c->3(C)[c-]->4(C)c->51C,CC(C)N1C=CN(C(C)C)[C]1->[Co+]12345(<-P6=P7=P->1P76)<-c1(C)c->2(C)c->3(C)[c-]->4(C)c->51C,CC(C)N1C=CN(C(C)C)[C]1->[Co+]12345(<-c6(C)c->1(C)c->2(C)[c-]->3(C)c->46C)<-p12p3p1p->532
BATCUV,O=C1C2C3->[Ti+4]456789%10%11(<-[O-][C-]->41[B-](c1c(F)c(F)c(F)c(F)c1F)(c1c(F)c(F)c(F)c(F)c1F)c1c(F)c(F)c(F)c(F)c1F->5)(<-C2=C->6C->7=3)<-c1c->8c->9[cH-]->%10c->%111,C30 H10 B1 F15 O2 Ti1,0.0,[O+]#[C-]->[Ti+3]123456789(<-O=C->1[B-](c1c(F)c(F)c(F)c(F)c1F)(c1c(F)c(F)c(F)c(F)c1F)c1c(F)c(F)c(F)c(F)c1F)(<-c1c->2c->3[cH-]->4c->51)<-c1c->6c->7[cH-]->8c->91,[O+]#[C-]->[Ti+4]123456789(<-O=[C-]->1[B-](c1c(F)c(F)c(F)c(F)c1F)(c1c(F)c(F)c(F)c(F)c1F)c1c(F)c(F)c(F)c(F)c1F)(<-c1c->2c->3[cH-]->4c->51)<-c1c->6c->7[cH-]->8c->91,O=C1C2C=C3->[Ti+4]456789(<-[F-])(<-O=C->41[B-](c1[c-]c(F)c(F)c(F)c1F)(c1c(F)c(F)c(F)c(F)c1F)c1c(F)c(F)c(F)c(F)c1F)(<-C2=C->53)<-c1c->6c->7[cH-]->8c->91
BAVCUX,,C33 H37 I2 O5 P3 W1,0.0,CCOP(OCC)(OCC)->[W+2]1(<-[I-])(<-[I-])(<-[C-]#[O+])(<-[C-]#[O+])<-P(CP->1(c1ccccc1)c1ccccc1)(c1ccccc1)c1ccccc1,CCOP(OCC)(OCC)->[W+2]1(<-[I-])(<-[I-])(<-[C-]#[O+])(<-[C-]#[O+])<-P(CP->1(c1ccccc1)c1ccccc1)(c1ccccc1)c1ccccc1,CCOP(OCC)(OCC)->[W+4]12(<-[I-])(<-[I-])(<-[C-](=O)[C-]->1=O)<-P(CP->2(c1ccccc1)c1ccccc1)(c1ccccc1)c1ccccc1
BAWJIV,CC(C)c12->[Ru+2]34567(<-[Cl-])(<-[C]8N(C)C(C(C)(C)C)=CN8c8ccc(C#N)c[c-]->38)<-c(c->41)c->5(C)c->6c->72,C25 H30 Cl1 N3 Ru1,0.0,CC(C)c12->[Ru+2]34567(<-[Cl-])(<-[C]8N(C)C(C(C)(C)C)=CN8c8ccc(C#N)c[c-]->38)<-c(c->41)c->5(C)c->6c->72,CC(C)c12->[Ru+2]34567(<-[Cl-])(<-[C]8N(C)C(C(C)(C)C)=CN8c8ccc(C#N)c[c-]->38)<-c(c->41)c->5(C)c->6c->72,CC(C)c12->[Ru+2]34567(<-[Cl-])(<-[C]8N(C)C(C(C)(C)C)=CN8c8ccc(C#N)c[c-]->38)<-c(c->41)c->5(C)c->6c->72
BAXCOS,CP1(C)CCP(C)(C)->[Hf]<-1234567(<-C=C->2C->3=C->4)<-C=C->5C->6=C->7,C14 H28 Hf1 P2,0.0,CP1(C)CCP(C)(C)->[Hf]<-1234567(<-C=C->2C->3=C->4)<-C=C->5C->6=C->7,CP1(C)CCP(C)(C)->[Hf]<-1234567(<-C=C->2C->3=C->4)<-C=C->5C->6=C->7,CP1(C)CCP(C)(C)->[Hf]<-123(<-C=CC=C->2)<-C=CC=C->3
BAYLOE,CS(C)(=O)->[Ru+2]1(<-[Cl-])(<-[Cl-])(<-n2[nH]c3ncccc3c2-c2[nH]c3ccccc3n->12)<-S(C)(C)=O,C17 H21 Cl2 N5 O2 Ru1 S2,0.0,CS(C)(=O)->[Ru+2]1(<-[Cl-])(<-[Cl-])(<-n2[nH]c3ncccc3c2-c2[nH]c3ccccc3n->12)<-S(C)(C)=O,CS(C)(=O)->[Ru+2]1(<-[Cl-])(<-[Cl-])(<-n2[nH]c3ncccc3c2-c2[nH]c3ccccc3n->12)<-S(C)(C)=O,CS(C)(=O)->[Ru+2]1(<-[Cl-])(<-[Cl-])(<-n2[nH]c3ncccc3c2-c2[nH]c3ccccc3n->12)<-S(C)(C)=O
BAYWEG,CP(C)(C)->[Co+3]123(<-[CH3-])(<-[O-][CH-]->1/C->2=C->3/c1ccccc1)<-P(C)(C)C,C16 H29 Co1 O1 P2,0.0,fail,CP(C)(C)->[Co+3]123(<-[CH3-])(<-[O-]C->1=C->2[CH-]->3c1ccccc1)<-P(C)(C)C,CP(C)(C)->[Co+3]123(<-[CH3-])(<-[O-]C->1=C->2[CH-]->3c1ccccc1)<-P(C)(C)C
BAZMEU,NC(N)=S->[Ru+2]12345678(<-C9=C->1C->2(=O)C->3=C->49)<-c1c->5c->6[cH-]->7c->81,C11 H13 N2 O1 Ru1 S1 1+,1.0,NC(N)=S->[Ru+2]1234567(<-C8=C->1C->2=C->3C8=O)<-c1c->4c->5[cH-]->6c->71,NC(N)=S->[Ru+4]12345678(<-c9c->1c->2[cH-]->3c->49)<-c1c->5[cH-]->6c->7(=O)[cH-]->81,NC(N)=S->[Ru+4]12345678(<-c9c->1c->2[cH-]->3c->49)<-c1c->5[cH-]->6c->7(=O)[cH-]->81
BDMIUP,CO/C(NC1(C)CC1)=N(/C)->[Pd+2](<-[Cl-])(<-[Cl-])<-N(/C)=C(/NC1(C)CC1)OC,C14 H32 Cl2 N4 O2 Pd1,0.0,COC(NC(C)(C)C)=N(C)->[Pd+2](<-[Cl-])(<-[Cl-])<-N(C)=C(NC(C)(C)C)OC,[CH]C(C)(C)NC(OC)=N(C)->[Pd+2](<-[Cl-])(<-[Cl-])<-N(C)=C(NC([CH])(C)C)OC,COC(NC1(C)CC1)=N(C)->[Pd+2](<-[Cl-])(<-[Cl-])<-N(C)=C(NC1(C)CC1)OC
BECCET,FC(F)(F)C(F)(F)c1ccn([B-]2(c3ccccc3)n3ccc(C(F)(F)C(F)(F)F)n3->[Ag@SP3+]3(<-C=C->3)<-n3c(C(F)(F)C(F)(F)F)ccn32)n1,C23 H15 Ag1 B1 F15 N6,0.0,FC(F)(F)C(F)(F)c1ccn([B-]2(c3ccccc3)n3ccc(C(F)(F)C(F)(F)F)n3->[Ag+]3(<-C=C->3)<-n3c(C(F)(F)C(F)(F)F)ccn32)n1,FC(F)(F)C(F)(F)c1ccn([B-]2(c3ccccc3)n3ccc(C(F)(F)C(F)(F)F)n3->[Ag+]3(<-C=C->3)<-n3c(C(F)(F)C(F)(F)F)ccn32)n1,FC(F)(F)C(F)(F)c1ccn([B-]23n4ccc(C(F)(F)C(F)(F)F)n4->[Ag+]4(<-C=C->4)(<-n4c(C(F)(F)C(F)(F)F)ccn42)<-c32ccccc2)n1
BEDBOD,,C30 H31 Cl1 Ir1 N4 1+,1.0,CN1C=CN2c3nc(-c4ccccc4)cc(-c4ccccc4)n3->[Ir+3]3456(<-[Cl-])(<-[C]12)<-c1(C)c->3(C)c->4(C)[c-]->5(C)c->61C,CN1C=CN2c3nc(-c4ccccc4)cc(-c4ccccc4)n3->[Ir+3]3456(<-[Cl-])(<-[C]12)<-c1(C)c->3(C)c->4(C)[c-]->5(C)c->61C,CN1C=CN2c3nc(-c4ccccc4)cc(-c4ccccc4)n3->[Ir+3]3456(<-[Cl-])(<-[C]12)<-c1(C)c->3(C)c->4(C)[c-]->5(C)c->61C
BEFLIH,[CH3-]->[Hg+2]<-n1cccn1-c1ccccn1,C9 H10 Hg1 N3 1+,1.0,[CH3-]->[Hg+2]1<-n2ccccc2-[n+]2ccc[n-]->12,[CH3-]->[Hg+2]<-n1cccn1-c1ccccn1,[CH3-]->[Hg+2].c1ccc(-n2cccn2)nc1
BEGTAL,CCN1C(C(OC)OC)=CN/C1=C1/N(->[Zn+2](<-[Cl-])(<-[Cl-])<-[Cl-])=CC(C(OC)OC)=[N+]1CC,C16 H27 Cl3 N4 O4 Zn1,0.0,CCn1c(C(OC)OC)c[nH+]c1-c1n(CC)c(C(OC)OC)cn1->[Zn+2](<-[Cl-])(<-[Cl-])<-[Cl-],CCN1C(C(OC)OC)=CNC1=C1N(->[Zn+2](<-[Cl-])(<-[Cl-])<-[Cl-])=CC(C(OC)OC)=[N+]1CC,CCN1C(C(OC)OC)=CNC1=C1N(->[Zn+2](<-[Cl-])(<-[Cl-])<-[Cl-])=CC(C(OC)OC)=[N+]1CC
BEHNUZ,,C21 H18 N3 O5 V1,0.0,CC1=CC(C)=N2N=C([O-]->[V+5]<-23(<-[O-2])(<-[O-]1)<-[O-]c1cccc2cccn->3c12)c1ccccc1O,CC1=CC(C)=N2N=C([O-]->[V+5]<-23(<-[O-2])(<-[O-]1)<-[O-]c1cccc2cccn->3c12)c1ccccc1O,CC1=CC(C)=N2N=C([O-]->[V+5]<-23(<-[O-2])(<-[O-]1)<-[O-]c1cccc2cccn->3c12)c1ccccc1O
BEJGAA,CN1C=CC2N3C=CN(C)[C]3->[Ir+3]3456(<-[I-])(<-C=2=C1)<-c1(C)c->3(C)c->4(C)[c-]->5(C)c->61C,C20 H26 I1 Ir1 N3 1+,1.0,CN1C=CN2c3cc[n+](C)c[c-]3->[Ir+3]3456(<-[I-])(<-[C]12)<-c1(C)c->3(C)c->4(C)[c-]->5(C)c->61C,CN1C=CC2N3C=CN(C)[C]3->[Ir+3]3456(<-[I-])(<-C=2=C1)<-c1(C)c->3(C)c->4(C)[c-]->5(C)c->61C,CN1C=CC2N3C=CN(C)[C]3->[Ir+3]3456(<-[I-])(<-C=2=C1)<-c1(C)c->3(C)c->4(C)[c-]->5(C)c->61C
BEJSEO,C1=C2C(=O->[Ni]34<-O=C5C#Cc6ccccc6C5=C=N->3CCCN->4=1)C#Cc1ccccc12,C25 H20 N2 Ni1 O2,0.0,C1c2c([O-]->[Ni+2]34<-[O-]c5ccc6ccccc6c5C=N->3CCCN->4=1)ccc1ccccc21,C1=C=C2[O-]->[Ni+2]34<-O=C5C#Cc6ccccc6C5=C=N->3CCCN->4=C=C2C2=CC=C[CH-]C=12,C1=C2C(=O->[Ni]34<-O=C5C#Cc6ccccc6C5=C=N->3CCCN->4=1)C#Cc1ccccc12
BEJWUL,[Cl-]->[Pd+2]1(<-[Cl-])<-N(CC[Se]->1c1ccccc1)Cc1cccc2ccccc12,C19 H19 Cl2 N1 Pd1 Se1,0.0,[Cl-]->[Pd+2]1(<-[Cl-])<-N(CC[Se]->1c1ccccc1)Cc1cccc2ccccc12,[CH2-]CN(Cc1cccc2ccccc12)->[Pd+4](<-[Cl-])(<-[Cl-])<-[Se-]c1ccccc1,[CH2-]CN(Cc1cccc2ccccc12)->[Pd+4](<-[Cl-])(<-[Cl-])<-[Se-]c1ccccc1
BELBAY,CC(C)(C)P1(c2ccccc2-c2ccccc2->[Cu+]<-12<-n1cccc3ccc4cccn->2c4c31)C(C)(C)C,C32 H35 Cu1 N2 P1 1+,1.0,CC(C)(C)P(c1ccccc1-c1ccccc1)(->[Cu+]1<-n2cccc3ccc4cccn->1c4c32)C(C)(C)C,CC(C)(C)P(c1ccccc1-c1ccccc1)(->[Cu+]1<-n2cccc3ccc4cccn->1c4c32)C(C)(C)C,CC(C)(C)P(c1ccccc1-c1ccccc1)(->[Cu+]1<-n2cccc3ccc4cccn->1c4c32)C(C)(C)C
BEMVIB,CCCN1C(C(OC)OC)=CN/C1=C1/N(->[Zn+2](<-[Cl-])(<-[Cl-])<-[Cl-])=CC(C(OC)OC)=[N+]1CCC,C18 H31 Cl3 N4 O4 Zn1,0.0,CCCn1c(C(OC)OC)c[nH+]c1-c1n(CCC)c(C(OC)OC)cn1->[Zn+2](<-[Cl-])(<-[Cl-])<-[Cl-],CCCn1c(C(OC)OC)c[nH+]c1-c1n(CCC)c(C(OC)OC)cn1->[Zn+2](<-[Cl-])(<-[Cl-])<-[Cl-],CCCn1c(C(OC)OC)c[nH+]c1-c1n(CCC)c(C(OC)OC)cn1->[Zn+2](<-[Cl-])(<-[Cl-])<-[Cl-]
BENGOQ,CN12CC[S-]->[Mo+6]<-13(<-[O-2])(<-[N-2]N(c1ccccc1)c1ccccc1)<-[S-]CCN->3(C)CC2,C20 H28 Mo1 N4 O1 S2,0.0,CN12CC[S-]->[Mo+6]<-13(<-[O-2])(<-[N-2]N(c1ccccc1)c1ccccc1)<-[S-]CCN->3(C)CC2,CN12CC[S-]->[Mo+6]<-13(<-[O-2])(<-[N-2]N(c1ccccc1)c1ccccc1)<-[S-]CCN->3(C)CC2,CN12CC[S-]->[Mo+6]<-13(<-[O-2])(<-[N-2]N(c1ccccc1)c1ccccc1)<-[S-]CCN->3(C)CC2
BENQOC,[O+]#[C-]->[W](<-[C-]#[O+])(<-[C-]#[O+])(<-[C-]#[O+])(<-[C-]#[O+])<-p1([O-])oc2ccccc2c2ccccc2o1,C17 H8 O8 P1 W1 1-,-1.0,[O+]#[C-]->[W](<-[C-]#[O+])(<-[C-]#[O+])(<-[C-]#[O+])(<-[C-]#[O+])<-p1([O-])oc2ccccc2c2ccccc2o1,[O+]#[C-]->[W](<-[C-]#[O+])(<-[C-]#[O+])(<-[C-]#[O+])(<-[C-]#[O+])<-p1([O-])oc2ccccc2c2ccccc2o1,[O+]#[C-]->[W](<-[C-]#[O+])(<-[C-]#[O+])(<-[C-]#[O+])(<-[C-]#[O+])<-p1([O-])oc2ccccc2c2ccccc2o1
BEPZAY,CC(C)(C)c1ccn2[BH-]3n4ccc(C(C)(C)C)n4->[Cd+2](<-[N-]=C=S)(<-n12)<-n1c(C(C)(C)C)ccn13,C22 H34 B1 Cd1 N7 S1,0.0,CC(C)(C)c1cc[n+]2[BH-]3[n+]4ccc(C(C)(C)C)[n-]4->[Cd+2](<-[N-]=C=S)(<-[n-]12)<-[n-]1c(C(C)(C)C)cc[n+]13,CC(C)(C)c1ccn2[BH-]3n4ccc(C(C)(C)C)n4->[Cd+2](<-[N-]=C=S)(<-n12)<-n1c(C(C)(C)C)ccn13,CC(C)(C)c1ccn2[BH-]3n4ccc(C(C)(C)C)n4->[Cd+2](<-[N-]=C=S)(<-n12)<-n1c(C(C)(C)C)ccn13
BEQNEQ,,C10 H16 N2 O10 Sc1 1-,-1.0,O=C1CN23CCN45CC(=O)[O-]->[Sc+3]<-2<-4(<-O)(<-O)(<-[O-]1)(<-[O-]C(=O)C3)<-[O-]C(=O)C5,O=C1CN23CCN45CC(=O)[O-]->[Sc+3]<-2<-4(<-O)(<-O)(<-[O-]1)(<-[O-]C(=O)C3)<-[O-]C(=O)C5,O.O=C1CN23->[Sc+3]45(<-O)(<-[O-]1)(<-[O-]C(=O)C2)<-[O-]C(=O)CN->4(CC3)CC(=O)[O-]->5
BERCAE,,C29 H32 N2 O4 Pd1,0.0,CN1(C)CCN(C)(C)->[Pd+2]<-1(<-[CH3-])<-[O-]C(=O)c1ccc2ccccc2c1-c1c(C(=O)O)ccc2ccccc12,CN1(C)CCN(C)(C)->[Pd+2]<-1(<-[CH3-])<-[O-]C(=O)c1ccc2ccccc2c1-c1c(C(=O)O)ccc2ccccc12,CN1(C)CCN(C)(C)->[Pd+2]<-1(<-[CH3-])<-[O-]C(=O)c1ccc2ccccc2c1-c1c(C(=O)O)ccc2ccccc12
BERVAW,CN1(C)CCC[N-]2[Si](C)(C)[N-]3CCCN(C)(C)->[Zr+4]<-2<-3<-1(<-[Cl-])<-[Cl-],C12 H30 Cl2 N4 Si1 Zr1,0.0,CN1(C)CCC[N-]2[Si](C)(C)[N-]3CCCN(C)(C)->[Zr+4]<-2<-3<-1(<-[Cl-])<-[Cl-],C[Si]1=N2->[Zr+4]3(<-[Cl-])(<-[Cl-])(<-[N-]1CCCN->3(C)C)<-N(C)(C)CCC2.[CH3-],C[Si]1=N2->[Zr+4]3(<-[Cl-])(<-[Cl-])(<-[N-]1CCCN->3(C)C)<-N(C)(C)CCC2.[CH3-]
BESHAL,COC1=O->[Pd@OH18+2]2(<-[CH2-]C1(C)C)<-[O-]c1cccc3c1N1C(=CN(c4c(C(C)C)cccc4C(C)C)[C]->21)C=C3,C29 H34 N2 O3 Pd1,0.0,COC1=O->[Pd+2]2(<-[CH2-]C1(C)C)<-[O-]c1cccc3c1N1C(=CN(c4c(C(C)C)cccc4C(C)C)[C]->21)C=C3,COC1=O->[Pd+2]2(<-[CH2-]C1(C)C)<-[O-]c1cccc3c1N1C(=CN(c4c(C(C)C)cccc4C(C)C)[C]->21)C=C3,COC1=O->[Pd+2]2(<-[CH2-]C1(C)C)<-[O-]c1cccc3c1N1C(=CN(c4c(C(C)C)cccc4C(C)C)[C]->21)C=C3
BESTID,CCCP(CCC)(CCC)=N->[Ni+2]12<-[S-]c3c(S->1c1cccc([Si](C)(C)C)c1[S-]->2)cccc3[Si](C)(C)C,C27 H46 N1 Ni1 P1 S3 Si2,0.0,fail,CCCP(CCC)(CCC)=N->[Ni]12<-S=C3C([Si](C)(C)C)=CC=CC3=S->1=C1C=CC=C([Si](C)(C)C)C1=S->2,CCCP(CCC)(CCC)=N->[Ni]12<-S=C3C([Si](C)(C)C)=CC=CC3=S->1=C1C=CC=C([Si](C)(C)C)C1=S->2
BEVDIR,,C14 H14 Cl2 Hg1 N2 O1,0.0,CCOc1ccc(N2=Cc3ccccn3->[Hg+2]<-2(<-[Cl-])<-[Cl-])cc1,CCOc1ccc(N=Cc2ccccn2->[Hg+2](<-[Cl-])<-[Cl-])cc1,CCOc1ccc(N=Cc2ccccn2->[Hg+2](<-[Cl-])<-[Cl-])cc1
BEWPUQ,,C24 H33 Ir1 N2 O2,0.0,CC(C)N1C=CN(C(C)C)[C]1->[Ir+]123(<-[O-]C(=O)c4ccccc4)<-C4=C->1CCC->2=C->3CC4,CC(C)N1C=CN(C(C)C)[C]1->[Ir+]123(<-[O-]C(=O)c4ccccc4)<-C4=C->1CCC->2=C->3CC4,CC(C)N1C=CN(C(C)C)[C]1->[Ir+]1234(<-O=C([O-]->1)c1ccccc1)<-C1=C->2CCC->3=C->4CC1
BEXJUL,CC1=C(C)N(C)C(=C->[Rh+]234(<-[Cl-])<-C5=C->2/CC/C->3=C->4\CC\5)N1C,C16 H26 Cl1 N2 Rh1,0.0,CC1=C(C)N(C)C(=C->[Rh+]234(<-[Cl-])<-C5=C->2CCC->3=C->4CC5)N1C,CC1=C(C)N(C)C(=C->[Rh+]234(<-[Cl-])<-C5=C->2CCC->3=C->4CC5)N1C,CC1=C(C)N(C)C(=C->[Rh+]234(<-[Cl-])<-C5=C->2CCC->3=C->4CC5)N1C
BEXZEJ,,C16 H12 Mo1 N6 O2,0.0,N#[C-]->[Mo+4]123(<-[N-]=O)(<-[NH-][O-]->1)<-n1ccccc1-c1cccc(-c4ccccn->24)n->31,N#[C-]->[Mo+4]123(<-[N-]=O)(<-[NH-][O-]->1)<-n1ccccc1-c1cccc(-c4ccccn->24)n->31,N#[C-]->[Mo+4]123(<-[N-]=O)(<-[NH-][O-]->1)<-n1ccccc1-c1cccc(-c4ccccn->24)n->31
BEZCEO,CCOC1=C([C-](OC)->[Cr+2](<-[C-]#[O+])(<-[C-]#[O+])(<-[C-]#[O+])(<-[C-]#[O+])<-[C-]#[O+])[C@](C)(OCC)C1,C16 H18 Cr1 O8,0.0,CCOC1=C([C-2](OC)->[Cr+2](<-[C-]#[O+])(<-[C-]#[O+])(<-[C-]#[O+])(<-[C-]#[O+])<-[C-]#[O+])C(C)(OCC)C1,CCOC1=C([C](OC)->[Cr](<-[C-]#[O+])(<-[C-]#[O+])(<-[C-]#[O+])(<-[C-]#[O+])<-[C-]#[O+])C(C)(OCC)C1,CCOC1=C([C](OC)->[Cr](<-[C-]#[O+])(<-[C-]#[O+])(<-[C-]#[O+])(<-[C-]#[O+])<-[C-]#[O+])C(C)(OCC)C1
BEZNEA,CS(C)->[Pt@OH30+2]1(<-[CH3-])<-[C]2C=CC=CN2c2ccccn->12,C13 H17 N2 Pt1 S1 1+,1.0,CS(C)->[Pt+]1(<-[CH3-])<-[c]2cccc[n+]2-c2ccccn->12,CS(C)->[Pt+2]1(<-[CH3-])<-[C]2C=CC=CN2c2ccccn->12,CS(C)->[Pt+2]1(<-[CH3-])<-[C]2C=CC=CN2c2ccccn->12
BIBDAS,Cc1cc(-c2ccccc2)n2->[Zn+2]34(<-[O-]c5cccn(C)c5=S->3)<-n3c(-c5ccccc5)cc(C)n3[BH-](n12)n1c(C)cc(-c2ccccc2)n->41,C36 H34 B1 N7 O1 S1 Zn1,0.0,Cc1cc(-c2ccccc2)[n-]2->[Zn+2]34(<-[O-]c5cccn(C)c5=S->3)<-[n-]3c(-c5ccccc5)cc(C)[n+]3[BH-]([n+]12)[n+]1c(C)cc(-c2ccccc2)[n-]->41,Cc1cc(-c2ccccc2)n2->[Zn+2]34(<-[O-]c5cccn(C)c5=S->3)<-n3c(-c5ccccc5)cc(C)n3[BH-](n12)n1c(C)cc(-c2ccccc2)n->41,Cc1cc(-c2ccccc2)n2->[Zn+2]34(<-[O-]c5cccn(C)c5=S->3)<-n3c(-c5ccccc5)cc(C)n3[BH-](n12)n1c(C)cc(-c2ccccc2)n->41
BIBZAO,,C38 H32 N2 P1 Pd1 Se1 1+,1.0,Cc1ccc2N3=Nc4ccc(C)c[c-]4->[Pd+2]<-3(<-[Se](c3ccccc3)c2c1)<-P(c1ccccc1)(c1ccccc1)c1ccccc1,Cc1c[c-]c(N2=Nc3ccc(C)c[c-]3->[Pd+4]<-2(<-[Se-]c2ccccc2)<-P(c2ccccc2)(c2ccccc2)c2ccccc2)cc1,Cc1ccc2c(c1)[Se-]->[Pd+4]1(<-P(c3ccccc3)(c3ccccc3)c3ccccc3)<-[c-]3cc(C)ccc3N=N->12.[c-]1ccccc1
BIDMUW,,C20 H36 Mo1 O6 P2 Si1,0.0,COP(OC)(OC)->[Mo+4]12345(<-[CH2-][C-2]->1[Si](C)(C)C)(<-c1[cH-]->2c->3c->42ccccc->512)<-P(OC)(OC)OC,COP(OC)(OC)->[Mo+2]12345(<-C=[C-]->1[Si](C)(C)C)(<-c1[cH-]->2c->3c->42ccccc->512)<-P(OC)(OC)OC,COP(OC)(OC)->[Mo+2]12345(<-C=[C-]->1[Si](C)(C)C)(<-c1[cH-]->2c->3c->42ccccc->512)<-P(OC)(OC)OC
BIFNUA,,C18 H41 Mo1 N1 O1 P4,0.0,CP1(C)C2CCCC2P(C)(C)->[MoH+]<-12(<-[N-]=O)<-P(C)(C)C1CCCC1P->2(C)C,CP1(C)C2CCCC2P(C)(C)->[MoH+]<-12(<-[N-]=O)<-P(C)(C)C1CCCC1P->2(C)C,CP1(C)C2CCCC2P(C)(C)->[MoH+]<-12(<-[N-]=O)<-P(C)(C)C1CCCC1P->2(C)C
BIGYUM,CCC[O-]->[V+5]12(<-[O-2])(<-[O-]CCC)<-n3c(CN->1(C)Cc1nc4ccccc4[n-]->21)[nH]c1ccccc13,C23 H30 N5 O3 V1,0.0,CCC[O-]->[V+5]12(<-[O-2])(<-[O-]CCC)<-n3c(CN->1(C)Cc1nc4ccccc4[n-]->21)[nH]c1ccccc13,CCC[O-]->[V+5]12(<-[O-2])(<-[O-]CCC)<-n3c(CN->1(C)Cc1nc4ccccc4[n-]->21)[nH]c1ccccc13,CCC[O-]->[V+5]1(<-[O-2])(<-[O-]CCC)<-n2c(CN(C)Cc3nc4ccccc4[n-]->13)[nH]c1ccccc12
BIHSUH,,C20 H29 Cl2 N2 O2 Rh1,0.0,CCC1COC2Cc3cc(CC4=N(->[RhH+2](<-[Cl-])(<-[Cl-])<-N=21)C(CC)CO4)c(C)cc3C,CCC1COC2Cc3c(C)cc(C)c4CC5=N(->[RhH+2](<-[Cl-])(<-[Cl-])(<-c34)<-N=21)C(CC)CO5,CCC1COC2Cc3c(C)cc(C)c4CC5=N(->[RhH+2](<-[Cl-])(<-[Cl-])(<-c34)<-N=21)C(CC)CO5
BIJQAO,CCS/C1=N/N2=C(C)/C=C(/C)[N-]3/N=C(/SCC)S(CC)->[Ni@SP1+2]<-2<-3<-[S-]1,C13 H22 N4 Ni1 S4,0.0,CCSC1=N[N-]2C(C)=CC(C)=N3N=C(SCC)S(CC)->[Ni+2]<-3<-2<-[S-]1,CCSC1=NN2=C(C)C=C(C)N3=NC(SCC)=S->[Ni]<-3<-2<-S1CC,CCSC1=NN2=C(C)C=C(C)N3=NC(SCC)=S->[Ni]<-3<-2<-S1CC
BIKDUU,O=[N+]1[O-]->[Cd+2]23(<-[O-]1)(<-[O-][N+](=O)[O-]->2)<-n1ccccc1CN1CCN(Cc2ccccn->32)CC1,C16 H20 Cd1 N6 O6,0.0,O=[N+]1[O-]->[Cd+2]2345(<-[O-]1)(<-[O-][N+](=O)[O-]->2)<-n1ccccc1CN->31CCN->4(Cc2ccccn->52)CC1,O=[N+]1[O-]->[Cd+2]2345(<-[O-]1)(<-[O-][N+](=O)[O-]->2)<-n1ccccc1CN->31CCN->4(Cc2ccccn->52)CC1,O=[N+]1[O-]->[Cd+2]2345(<-[O-]1)(<-[O-][N+](=O)[O-]->2)<-n1ccccc1CN->31CCN->4(Cc2ccccn->52)CC1
BILWIC,CC12(C)[CH2-]->[Ti+4]<-13456789%10(<-[CH2-]2)(<-c1c->3c->4[cH-]->5c->61)<-c1c->7c->8[cH-]->9c->%101,C15 H20 Ti1,0.0,CC1(C)[CH2-]->[Ti+4]23456789(<-[CH2-]1)(<-c1c->2c->3[cH-]->4c->51)<-c1c->6c->7[cH-]->8c->91,CC1(C)[CH2-]->[Ti+4]23456789(<-[CH2-]1)(<-c1c->2c->3[cH-]->4c->51)<-c1c->6c->7[cH-]->8c->91,CC1(C)[CH2-]->[Ti+4]23456789(<-[CH2-]1)(<-c1c->2c->3[cH-]->4c->51)<-c1c->6c->7[cH-]->8c->91
BINREW,,C30 H28 Cl1 N3 O5 P1 Re1,0.0,O=C(O)CN12CC[N-]3c4ccccc4N(=P(c4ccccc4)(c4ccccc4)c4ccccc4)->[Re+5]<-3<-1(<-[O-2])(<-[Cl-])<-[O-]C(=O)C2,O=C(O)CN12CCN3=C4C=CC=CC4=N([P+](c4ccccc4)(c4ccccc4)c4ccccc4)->[Re+3]<-3<-1(<-[O-2])(<-[Cl-])<-[O-]C(=O)C2,O=C(O)CN12CCN3=C4C=CC=CC4=N([P+](c4ccccc4)(c4ccccc4)c4ccccc4)->[Re+3]<-3<-1(<-[O-2])(<-[Cl-])<-[O-]C(=O)C2
BIPNIA,CN1C=CN2[B-]34=[N+]5C=C[N+](C)=C5[S-]->[Ru+2]<-3(<-[C-]#[O+])(<-[S-][C-]12)(<-[S-][c-]1[n+](C)cc[n+]14)<-P(C)(C)c1ccccc1,C21 H26 B1 N6 O1 P1 Ru1 S3,0.0,Cn1ccn2B34n5ccn(C)c5=S->[Ru]<-3(<-[C-]#[O+])(<-S=c12)(<-S=c1n(C)ccn14)<-P(C)(C)c1ccccc1,Cn1ccn2B34n5ccn(C)c5=S->[Ru]<-3(<-[C-]#[O+])(<-S=c12)(<-S=c1n(C)ccn14)<-P(C)(C)c1ccccc1,Cn1ccn2B34n5ccn(C)c5=S->[Ru]<-3(<-[C-]#[O+])(<-S=c12)(<-S=c1n(C)ccn14)<-P(C)(C)c1ccccc1
BIQQUN,N/C1=N/[P+]([S-]->[Pt+2]2(<-[S-]1)<-[S-]/C(N)=N\[P+]([S-]->2)(c1ccccc1)c1ccccc1)(c1ccccc1)c1ccccc1,C26 H24 N4 P2 Pt1 S4,0.0,NC1=N[P]([S-]->[Pt+4]2(<-[S-]1)<-[S-]C(N)=N[P]([S-]->2)(c1ccccc1)c1ccccc1)(c1ccccc1)c1ccccc1,NC1=N[P+]([S-]->[Pt+2]2(<-[S-]1)<-[S-]C(N)=N[P+]([S-]->2)(c1ccccc1)c1ccccc1)(c1ccccc1)c1ccccc1,NC1=N[P+]2([S-]->[Pt+2]<-234(<-[S-]1)<-[S-]C(N)=N[P+]->3([S-]->4)(c1ccccc1)c1ccccc1)(c1ccccc1)c1ccccc1
BISHUJ,[O+]#[C-]->[W](<-[C-]#[O+])(<-[C-]#[O+])(<-[C-]#[O+])(<-[C-]#[O+])<-P([O-])(c1ccccc1)c1ccccc1,C17 H10 O6 P1 W1 1-,-1.0,[O+]#[C-]->[W](<-[C-]#[O+])(<-[C-]#[O+])(<-[C-]#[O+])(<-[C-]#[O+])<-P([O-])(c1ccccc1)c1ccccc1,[O+]#[C-]->[W](<-[C-]#[O+])(<-[C-]#[O+])(<-[C-]#[O+])(<-[C-]#[O+])<-P([O-])(c1ccccc1)c1ccccc1,[O+]#[C-]->[W](<-[C-]#[O+])(<-[C-]#[O+])(<-[C-]#[O+])(<-[C-]#[O+])<-P([O-])(c1ccccc1)c1ccccc1
BIVBOZ,Fc1c(F)c(F)[c-](->[Pd+2]23(<-[c-]4c(F)c(F)c(F)c(F)c4F)<-N(/c4ccccc4)=N->2\[N-]->3c2ccccc2)c(F)c1F,C24 H10 F10 N3 Pd1 1-,-1.0,Fc1c(F)c(F)[c-](->[Pd+2]2(<-[c-]3c(F)c(F)c(F)c(F)c3F)<-N(=N[N-]->2c2ccccc2)c2ccccc2)c(F)c1F,Fc1c(F)c(F)[c-](->[Pd+2]2(<-[c-]3c(F)c(F)c(F)c(F)c3F)<-N(=N[N-]->2c2ccccc2)c2ccccc2)c(F)c1F,Fc1c(F)c(F)[c-](->[Pd+4]2(<-[c-]3c(F)c(F)c(F)c(F)c3F)<-[N-]([N-][N-]->2c2ccccc2)c2ccccc2)c(F)c1F
BIWPOP,[Cl-]->[Fe+2]1234(<-[Cl-])<-n5c->1(CN->21CCCC1)cccc->35CN->41CCCC1,C15 H23 Cl2 Fe1 N3,0.0,[Cl-]->[Fe+2]12(<-[Cl-])<-n3c(CN->14CCCC4)cccc3CN->21CCCC1,[Cl-]->[Fe+2]12(<-[Cl-])<-n3c(CN->14CCCC4)cccc3CN->21CCCC1,[Cl-]->[Fe+2]12(<-[Cl-])<-n3c(CN->14CCCC4)cccc3CN->21CCCC1
BIXFUM,[Br-]->[Fe+2]12345(<-[Br-])<-[H]c->16ccccc6-c1cc(-c6ccccc6)n(C(c6ccccn6)n6c(-c7ccccc7)cc(-c7ccccc->27[H]->3)n->46)n->51,C36 H27 Br2 Fe1 N5,0.0,[Br-]->[Fe+2]1(<-[Br-])<-n2c(-c3ccccc3)cc(-c3ccccc3)n2C(c2ccccn2)n2c(-c3ccccc3)cc(-c3ccccc3)n->12,[Br-]->[Fe+2]1(<-[Br-])<-n2c(-c3ccccc3)cc(-c3ccccc3)n2C(c2ccccn2)n2c(-c3ccccc3)cc(-c3ccccc3)n->12,[Br-]->[Fe+2]1(<-[Br-])<-n2c(-c3ccccc3)cc(-c3ccccc3)n2C(c2ccccn2)n2c(-c3ccccc3)cc(-c3ccccc3)n->12
BIYJAU,CCc1[nH]ccn1->[Zn+2]1(<-O=C(C)[O-]->1)(<-[O-]C(C)=O)<-n1cc[nH]c1CC,C14 H22 N4 O4 Zn1,0.0,CCc1[nH]ccn1->[Zn+2](<-[O-]C(C)=O)(<-[O-]C(C)=O)<-n1cc[nH]c1CC,CCc1[nH]ccn1->[Zn+2](<-[O-]C(C)=O)(<-[O-]C(C)=O)<-n1cc[nH]c1CC,CCc1[nH]ccn1->[Zn+2]1234(<-O=C->1(C)[O-]->2)(<-O=C->3(C)[O-]->4)<-n1cc[nH]c1CC
BIYRIL,CCOC(=O)/C1=c2\cccc\c2=N2->[Ni@SP2+2]34<-N(=C(/C(=O)OCC)c5ccccc5[N-]->3C(=O)C\2=O)/[C@@H]2CCCC[C@@H]2[N-]->41,C28 H28 N4 Ni1 O6,0.0,CCOC(=O)C1=N2->[Ni+2]34<-N(=C(C(=O)OCC)c5ccccc5[N-]->3C(=O)C(=O)[N-]->4c3ccccc31)C1CCCCC12,CCOC(=O)C1=c2ccccc2=N2->[Ni+2]34<-N(=C(C(=O)OCC)c5ccccc5[N-]->3C(=O)C2=O)C2CCCCC2[N-]->41,CCOC(=O)C1=c2ccccc2=N2->[Ni+2]34<-N(=C(C(=O)OCC)c5ccccc5[N-]->3C(=O)C2=O)C2CCCCC2[N-]->41
BOBBOJ,Cc1cc(Br)cc(C)c1N1C=CN(c2c(C)cc(Br)cc2C)[C]1->[Ni+2]1234(<-c5c->1c->2[cH-]->3c->45)<-[cH-]1cccc1,C29 H28 Br2 N2 Ni1,0.0,fail,Cc1cc(Br)cc(C)c1N1C=CN(c2c(C)cc(Br)cc2C)[C]1->[Ni+2]1234(<-c5c->1c->2[cH-]->3c->45)<-[cH-]1cccc1,Cc1cc(Br)cc(C)c1N1C=CN(c2c(C)cc(Br)cc2C)[C]1->[Ni+2]1234(<-c5c->1c->2[cH-]->3c->45)<-[cH-]1cccc1
BOBQUE,O=[N+]([O-])/C=C(\[O-]->[Ni+2]1(<-[O-]/C(=C\[N+](=O)[O-])c2ccccc2)<-[O-]/C(=C\[N+](=O)[O-]->1)c1ccccc1)c1ccccc1,C24 H18 N3 Ni1 O9 1-,-1.0,fail,[O-]N1C=C([O-]->[Ni+8]23(<-[O-]C(=CN([O-])[O-]->2)c2ccccc2)(<-[O-]C(=CN([O-])[O-]->3)c2ccccc2)<-[O-]1)c1ccccc1,[O-]N1C=C([O-]->[Ni+8]23(<-[O-]C(=CN([O-])[O-]->2)c2ccccc2)(<-[O-]C(=CN([O-])[O-]->3)c2ccccc2)<-[O-]1)c1ccccc1
BOCXIC,CCN(CC)c1ccc(/N2=C/c3ccc4ccccc4n3->[Hg+2]<-2(<-[Cl-])<-[Cl-])cc1,C20 H21 Cl2 Hg1 N3,0.0,CCN(CC)c1ccc(N2=Cc3ccc4ccccc4n3->[Hg+2]<-2(<-[Cl-])<-[Cl-])cc1,CCN(CC)c1ccc(N2=Cc3ccc4ccccc4n3->[Hg+2]<-2(<-[Cl-])<-[Cl-])cc1,CCN(CC)c1ccc(N=Cc2ccc3ccccc3n2->[Hg+2](<-[Cl-])<-[Cl-])cc1
BODNIR,[O+]#[C-]->[Mn+]1234(<-[C-]#[O+])(<-[C-]#[O+])<-c5c->16ccccc->26[c-]->31ccccc->451,C16 H10 Mn1 O3,0.0,[O+]#[C-]->[Mn]12345(<-[C-]#[O+])(<-[C-]#[O+])<-c6c->1c->2c->31c->4(c->56)C=C2C=CC=CC21,[O+]#[C-]->[Mn+]12345(<-[C-]#[O+])(<-[C-]#[O+])<-c6c->1[cH-]->2c->31cc2ccccc2c->4-1c->56,[O+]#[C-]->[Mn+]1234(<-[C-]#[O+])(<-[C-]#[O+])<-c5c->1[cH-]->2c1cc2ccccc2c->3-1c->45
BOFFUZ,,C26 H20 Cl1 N4 O1 Ru1 1+,1.0,COc1cccc(-c2nc3c4cccn5->[Ru+2]6789%10(<-[Cl-])(<-c%11c->6c->7c->8c->9c->%10%11)<-n6cccc(c3[nH]2)c6c45)c1,COc1cccc(-c2nc3c4cccn5->[Ru+2]6789%10(<-[Cl-])(<-c%11c->6c->7c->8c->9c->%10%11)<-n6cccc(c3[nH]2)c6c45)c1,COc1cccc(-c2nc3c4cccn5->[Ru+2]6789%10(<-[Cl-])(<-c%11c->6c->7c->8c->9c->%10%11)<-n6cccc(c3[nH]2)c6c45)c1
BOGCUW,[O-2]->[V+5]123<-[O-][C@H](CO)CN->1(C[C@H]([O-]->2)c1ccccc1)C[C@H]([O-]->3)c1ccccc1,C19 H22 N1 O5 V1,0.0,[O-2]->[V+5]1234<-[O-]C(CO->1)CN->2(CC([O-]->3)c1ccccc1)CC([O-]->4)c1ccccc1,[O-2]->[V+5]1234<-[O-]C(CO->1)CN->2(CC([O-]->3)c1ccccc1)CC([O-]->4)c1ccccc1,[O-2]->[V+5]123<-[O-]C(CO)CN->1(CC([O-]->2)c1ccccc1)CC([O-]->3)c1ccccc1
BOHPUK,c1ccc(P2(CCP(c3ccccc3)(c3ccccc3)->[Pt+2]<-2(<-[C]2Nc3ccccc3O2)<-[c-]2nc3ccccc3o2)c2ccccc2)cc1,C40 H33 N2 O2 P2 Pt1 1+,1.0,c1ccc(P2(CCP(c3ccccc3)(c3ccccc3)->[Pt+2]<-2(<-[C]2[N-]c3ccccc3O2)<-[C]2Nc3ccccc3O2)c2ccccc2)cc1,c1ccc(P2(CCP(c3ccccc3)(c3ccccc3)->[Pt+2]<-2(<-[C]2Nc3ccccc3O2)<-[c-]2nc3ccccc3o2)c2ccccc2)cc1,c1ccc(P2(CCP(c3ccccc3)(c3ccccc3)->[Pt+2]<-2(<-[C]2Nc3ccccc3O2)<-[c-]2nc3ccccc3o2)c2ccccc2)cc1
BOJHEP,COc1ccc(C#[C-]->[Pt@+2]2(<-N(C)(C)CCP->2(C(C)C)C(C)C)<-[Si-](C)(C)C)cc1,C22 H40 N1 O1 P1 Pt1 Si1,0.0,COc1ccc(C#[C-]->[Pt+2]2(<-N(C)(C)CCP->2(C(C)C)C(C)C)<-[Si-](C)(C)C)cc1,COc1ccc(C#[C-]->[Pt+2]2(<-N(C)(C)CCP->2(C(C)C)C(C)C)<-[Si-](C)(C)C)cc1,COc1ccc(C#[C-]->[Pt+2]2(<-N(C)(C)CCP->2(C(C)C)C(C)C)<-[Si-](C)(C)C)cc1
BOJWUT,CC1=O->[Cd+2]2(<-O=C(C)[O-]->2)(<-[O-]1)(<-S=C1NCCN1)<-S=C1NCCN1,C10 H18 Cd1 N4 O4 S2,0.0,CC(=O)[O-]->[Cd+2](<-[O-]C(C)=O)(<-S=C1NCCN1)<-S=C1NCCN1,CC(=O)[O-]->[Cd+2](<-[O-]C(C)=O)(<-S=C1NCCN1)<-S=C1NCCN1,CC12=O->[Cd+2]<-134(<-O=C->3(C)[O-]->4)(<-[O-]2)(<-S=C1NCCN1)<-S=C1NCCN1
BOKRAX,CC(C)P(=[Se]->[Au+3](<-[Br-])(<-[Br-])<-[Br-])(c1cc2ccc1CCc1ccc(cc1)CC2)C(C)C,C22 H29 Au1 Br3 P1 Se1,0.0,CC(C)P(=[Se]->[Au+3](<-[Br-])(<-[Br-])<-[Br-])(c1cc2ccc1CCc1ccc(cc1)CC2)C(C)C,CC(C)P(=[Se]->[Au+3](<-[Br-])(<-[Br-])<-[Br-])(c1cc2ccc1CCc1ccc(cc1)CC2)C(C)C,CC(C)P(=[Se]->[Au+3](<-[Br-])(<-[Br-])<-[Br-])(c1cc2ccc1CCc1ccc(cc1)CC2)C(C)C
BOLMEU,,C11 H10 Cr1 O3 S2,0.0,CSC1(SC)=C23->[Cr]<-1456(<-[C-]#[O+])(<-[C-]#[O+])(<-[C-]#[O+])<-C(=C->42)C->5=C->63,CSC(SC)=C12->[Cr]345(<-[C-]#[O+])(<-[C-]#[O+])(<-[C-]#[O+])<-C(=C->31)C->4=C->52,CSC(SC)=C12->[Cr]345(<-[C-]#[O+])(<-[C-]#[O+])(<-[C-]#[O+])<-C(=C->31)C->4=C->52
BOLNIC,Cc1ccc/c2=N(\C(C)(C)C)->[Y+3]34(<-N(=c5/cccc(C)[n-]->35)/C(C)(C)C)(<-N(=c3/cccc(C)[n-]->43)/C(C)(C)C)<-[n-]12,C30 H45 N6 Y1,0.0,Cc1cccc2[N-](C(C)(C)C)->[Y+3]34(<-n12)(<-n1c(C)cccc1[N-]->3C(C)(C)C)<-n1c(C)cccc1[N-]->4C(C)(C)C,Cc1cccc2=N(C(C)(C)C)->[Y+3]34(<-N(=c5cccc(C)[n-]->35)C(C)(C)C)(<-N(=c3cccc(C)[n-]->43)C(C)(C)C)<-[n-]12,Cc1cccc2=N(C(C)(C)C)->[Y+3]34(<-N(=c5cccc(C)[n-]->35)C(C)(C)C)(<-N(=c3cccc(C)[n-]->43)C(C)(C)C)<-[n-]12
BOMFEQ,,C31 H43 N2 Rh1 Si1,0.0,Cc1ccc2[N-]3c4cc(C)cc5cccn(->[Rh+]<-36(<-[H][Si](c2c1)(C(C)C)C(C)C)<-C1=C->6CCCCCC1)c45,CC1=CC2=[Si](C(C)C)(C(C)C)->[RhH]34(<-C5=C->3CCCCCC5)<-N(=C2C=C1)c1cc(C)cc2cccn->4c12,CC1=CC2=[Si](C(C)C)(C(C)C)->[RhH]34(<-C5=C->3CCCCCC5)<-N(=C2C=C1)c1cc(C)cc2cccn->4c12
BONGEQ,CN(C)[C@@H]1S2->[Cr]345(<-[C-]#[O+])(<-[C-]#[O+])(<-[C-]#[O+])<-C2=C->3(c2ccccc2)C->4=C->51c1ccccc1,C22 H19 Cr1 N1 O3 S1,0.0,CN(C)C1[SH-]2->[Cr+]345(<-[C-]#[O+])(<-[C-]#[O+])(<-[C-]#[O+])<-C(=C->31c1ccccc1)C->4(c1ccccc1)=C->52,CN(C)C1S2->[Cr]345(<-[C-]#[O+])(<-[C-]#[O+])(<-[C-]#[O+])<-C(=C->31c1ccccc1)C->4(c1ccccc1)=C->52,CN(C)C1S2->[Cr]345(<-[C-]#[O+])(<-[C-]#[O+])(<-[C-]#[O+])<-C(=C->31c1ccccc1)C->4(c1ccccc1)=C->52
BOQCUG,CC(=O)OC[C@H]1[O+]=C(->[Ir+3](<-[Cl-])(<-[Br-])(<-[C-]#[O+])(<-P(C)(C)C)<-P(C)(C)C)[C@H](OC(C)=O)[C@@H](OC(C)=O)[C@@H]1O[C-](C)[O-],C21 H37 Br1 Cl1 Ir1 O10 P2,0.0,CC(=O)OCC1O[CH-](->[Ir+3](<-[Cl-])(<-[Br-])(<-[C-]#[O+])(<-P(C)(C)C)<-P(C)(C)C)C(OC(C)=O)C(OC(C)=O)C1OC(C)=O,CC(=O)OCC1[O+]=C(->[Ir+](<-[Cl-])(<-[Br-])(<-[C-]#[O+])(<-P(C)(C)C)<-P(C)(C)C)C(OC(C)=O)C(OC(C)=O)C1OC(C)=O,CC(=O)OCC1[O+]=C(->[Ir+](<-[Cl-])(<-[Br-])(<-[C-]#[O+])(<-P(C)(C)C)<-P(C)(C)C)C(OC(C)=O)C(OC(C)=O)C1OC(C)=O
BOQTUX,,C33 H29 Br3 Hg1 O1 P2,0.0,O=C(C[P+](CP(c1ccccc1)(c1ccccc1)->[Hg+2](<-[Br-])(<-[Br-])<-[Br-])(c1ccccc1)c1ccccc1)c1ccccc1,O=C(CP(CP(c1ccccc1)(c1ccccc1)->[Hg+4](<-[Br-])(<-[Br-])<-[Br-])(c1ccccc1)=c1cccc[cH-]1)c1ccccc1,O=C(CP(CP(c1ccccc1)c1ccccc1)(c1ccccc1)=c1cccc[cH-]1)c1ccccc1.[Br-]->[Hg+4](<-[Br-])<-[Br-]
BORGIY,,C18 H20 O4 S2 Ti1,0.0,COC(=O)C1[S-]->[Ti+4]23456789(<-[S-]C=1C(=O)OC)(<-c1c->2c->3(C)c->4[cH-]->51)<-c1c->6c->7(C)c->8[cH-]->91,COC(=O)C1[S-]->[Ti+4]23456789(<-[S-]C=1C(=O)OC)(<-c1c->2c->3[c-]->4(C)c->51)<-c1c->6c->7[c-]->8(C)c->91,COC(=O)C1[S-]->[Ti+4]23456789(<-[S-]C=1C(=O)OC)(<-c1c->2c->3[c-]->4(C)c->51)<-c1c->6c->7[c-]->8(C)c->91
BOTBOC,[CH3-]->[Re+7](<-[O-2])(<-[O-2])(<-[O-2])<-O=C1C=CC=C/C1=C/Nc1ccc(O)cc1,C14 H14 N1 O5 Re1,0.0,[CH3-]->[Re+7](<-[O-2])(<-[O-2])(<-[O-2])<-[O-]c1ccccc1C=[NH+]c1ccc(O)cc1,[CH3-]->[Re+7](<-[O-2])(<-[O-2])(<-[O-2])<-O=C1C=CC=CC1=CNc1ccc(O)cc1,[CH3-]->[Re+7](<-[O-2])(<-[O-2])(<-[O-2])<-O=C1C=CC=CC1=CNc1ccc(O)cc1
BOTYEQ,,C21 H16 Cl2 Hg1 N4,0.0,Nc1ccc(-c2cc3-c4ccccn4->[Hg+2]4(<-[Cl-])(<-[Cl-])<-n5ccccc5-c(c2)n->43)cc1,Nc1ccc(-c2cc3-c4ccccn4->[Hg+2]4(<-[Cl-])(<-[Cl-])<-n5ccccc5-c(c2)n->43)cc1,Nc1ccc(-c2cc(-c3ccccn3)n(->[Hg+2](<-[Cl-])<-[Cl-])c(-c3ccccn3)c2)cc1
BOVTAI,,C13 H10 Cl1 Hg1 N3 O2,0.0,O=C(NN=Cc1cccc(O)[c-]1->[Hg+2]<-[Cl-])c1ccncc1,O=C(NN=Cc1cccc(O)[c-]1->[Hg+2]<-[Cl-])c1ccncc1,O=C(NN=Cc1cccc(O)[c-]1->[Hg+2]<-[Cl-])c1ccncc1
BOWXIW,,C31 H43 N5 O3 Zr1,0.0,C[N-](C)->[Zr+4]123(<-[O-]C(=N->1c1ccccc1Oc1ccccc1N->2=C([O-]->3)C(C)(C)C)C(C)(C)C)(<-n1ccccc1)<-[N-](C)C,C[N-](C)->[Zr+4]123(<-[O-]C(=N->1c1ccccc1Oc1ccccc1N->2=C([O-]->3)C(C)(C)C)C(C)(C)C)(<-n1ccccc1)<-[N-](C)C,C[N-](C)->[Zr+4]123(<-[O-]C(=N->1c1ccccc1Oc1ccccc1N->2=C([O-]->3)C(C)(C)C)C(C)(C)C)(<-n1ccccc1)<-[N-](C)C
BOYXUJ,CC(C)(C)N1C=CN(C(C)(C)C)C1=C->[Pd+2](<-[I-])(<-[I-])<-C=C1N(C(C)(C)C)C=CN1C(C)(C)C,C24 H44 I2 N4 Pd1,0.0,CC(C)(C)n1cc[n+](C(C)(C)C)c1[CH2-]->[Pd+2](<-[I-])(<-[I-])<-[CH2-]c1n(C(C)(C)C)cc[n+]1C(C)(C)C,CC(C)(C)N1C=CN(C(C)(C)C)C1=C->[Pd+2](<-[I-])(<-[I-])<-C=C1N(C(C)(C)C)C=CN1C(C)(C)C,CC(C)(C)N1C=CN(C(C)(C)C)C1=C->[Pd+2](<-[I-])(<-[I-])<-C=C1N(C(C)(C)C)C=CN1C(C)(C)C
BPOHGB,,C22 H28 Br4 Hg1 O5,0.0,Brc1ccccc1CO1CCO2CCO3CCO4CCO(Cc5ccccc5Br)->[Hg+2]<-3<-2<-4<-1(<-[Br-])<-[Br-],Brc1ccccc1COCCOCCOCCOCCOCc1ccccc1Br.[Br-]->[Hg+2]<-[Br-],Brc1ccccc1COCCOCCOCCOCCOCc1ccccc1Br.[Br-]->[Hg+2]<-[Br-]
BUBKIT,,C31 H26 N3 Pt1 1+,1.0,Cc1cccc(C)c1[N+]#[C-]->[Pt+2]1(<-[C-]#[N+]c2c(C)cccc2C)<-[c-]2cccc3ccc4cccn->1c4c32,Cc1cccc(C)c1[N+]#[C-]->[Pt+2]1(<-[C-]#[N+]c2c(C)cccc2C)<-[c-]2cccc3ccc4cccn->1c4c32,Cc1cccc(C)c1[N+]#[C-]->[Pt+2]1(<-[C-]#[N+]c2c(C)cccc2C)<-[c-]2cccc3ccc4cccn->1c4c32
BUCDEJ,C/C1=N(\c2c(C(C)C)cccc2C(C)C)->[Fe+2]23(<-[Cl-])(<-[Cl-])<-n4c(-c5cccc->21n->35)[nH]c1ccccc14,C26 H28 Cl2 Fe1 N4,0.0,CC1c2cccc3-c4[nH]c5ccccc5n4->[Fe+2](<-[Cl-])(<-[Cl-])(<-N=1c1c(C(C)C)cccc1C(C)C)<-n23,CC1c2cccc3-c4[nH]c5ccccc5n4->[Fe+2](<-[Cl-])(<-[Cl-])(<-N=1c1c(C(C)C)cccc1C(C)C)<-n23,CC1c2cccc3-c4[nH]c5ccccc5n4->[Fe+2](<-[Cl-])(<-[Cl-])(<-N=1c1c(C(C)C)cccc1C(C)C)<-n23
BUCQOG,CS[CH-]1C2(=O)C(=P(c3ccccc3)(c3ccccc3)c3ccccc3)->[Pd+2]<-1<-2(<-[Cl-])<-P(c1ccccc1)(c1ccccc1)c1ccccc1,C40 H35 Cl1 O1 P2 Pd1 S1,0.0,CS[CH-]1C(=O)[CH-]([P](c2ccccc2)(c2ccccc2)c2ccccc2)->[Pd+3]<-1(<-[Cl-])<-P(c1ccccc1)(c1ccccc1)c1ccccc1,CS[CH-]1C2(=O)C(=P(c3ccccc3)(c3ccccc3)c3ccccc3)->[Pd+2]<-1<-2(<-[Cl-])<-P(c1ccccc1)(c1ccccc1)c1ccccc1,CS[CH-]1C2(=O)C(=P(c3ccccc3)(c3ccccc3)c3ccccc3)->[Pd+2]<-1<-2(<-[Cl-])<-P(c1ccccc1)(c1ccccc1)c1ccccc1
BUDDOU,O=C1c2cccn3->[Pd+2](<-[Cl-])(<-[Cl-])<-n4cccc1c4-c23,C11 H6 Cl2 N2 O1 Pd1,0.0,O=C1c2cccn3->[Pd+2](<-[Cl-])(<-[Cl-])<-n4cccc1c4-c23,O=c1c2ccc[n-]3->[Pd+4](<-[Cl-])(<-[Cl-])<-[n-]4cccc1-c4c3-2,O=c1c2ccc[n-]3->[Pd+4](<-[Cl-])(<-[Cl-])<-[n-]4cccc1-c4c3-2
BUGCUD,CCP1(CC)CCP(CC)(CC)->[Pd+2]<-12<-[C-](=O)N(Cc1ccccc1)C(=O)[N-]->2Cc1ccccc1,C26 H38 N2 O2 P2 Pd1,0.0,CCP1(CC)CCP(CC)(CC)->[Pd+]<-12<-[C](=O)N(Cc1ccccc1)C(=O)[N-]->2Cc1ccccc1,CCP1(CC)CCP(CC)(CC)->[Pd+2]<-12<-[C-](=O)N(Cc1ccccc1)C(=O)[N-]->2Cc1ccccc1,CCP1(CC)CCP(CC)(CC)->[Pd+2]<-12<-[C-](=O)N(Cc1ccccc1)C(=O)[N-]->2Cc1ccccc1
BUHWUX,[O+]#[C-]->[Re+]1(<-[C-]#[O+])(<-[C-]#[O+])(<-[C-](=C\C=N->1\c1ccccc1)/c1ccccc1)<-N(=C\C=C\c1ccccc1)/c1ccccc1,C33 H25 N2 O3 Re1,0.0,[O+]#[C-]->[Re+]1(<-[C-]#[O+])(<-[C-]#[O+])(<-[C-](=CC=N->1c1ccccc1)c1ccccc1)<-N(=CC=Cc1ccccc1)c1ccccc1,[O+]#[C-]->[Re+]1(<-[C-]#[O+])(<-[C-]#[O+])(<-[C-](=CC=N->1c1ccccc1)c1ccccc1)<-N(=CC=Cc1ccccc1)c1ccccc1,[O+]#[C-]->[Re+]1(<-[C-]#[O+])(<-[C-]#[O+])(<-[C-](=CC=N->1c1ccccc1)c1ccccc1)<-N(=CC=Cc1ccccc1)c1ccccc1
BUJPIH,CC(C)c1cccc(C(C)C)c1[N-]1/C=C2/C=CC=C/C2=N2\c3cccc4cccn(->[Cr+2]<-2<-1(<-[Cl-])<-O1CCCC1)c34,C32 H36 Cl1 Cr1 N3 O1,0.0,CC(C)c1cccc(C(C)C)c1N1=Cc2ccccc2[N-]2c3cccc4cccn(->[Cr+2]<-1<-2(<-[Cl-])<-O1CCCC1)c34,CC(C)c1cccc(C(C)C)c1N1=Cc2ccccc2[N-]2c3cccc4cccn(->[Cr+2]<-1<-2(<-[Cl-])<-O1CCCC1)c34,CC(C)c1cccc(C(C)C)c1N1=Cc2ccccc2[N-]2c3cccc4cccn(->[Cr+2]<-1<-2(<-[Cl-])<-O1CCCC1)c34
BUKKEZ,Cc1cc(C)c(N2CCN(C[C@@H]3CC[C@H]4C[C@@H]3C4(C)C)[C]2->[Ru+4]2(<-[Cl-])(<-[Cl-])<-[CH-]=C3C=C[CH-]C=C3O->2C(C)C)c(C)c1,C32 H44 Cl2 N2 O1 Ru1,0.0,Cc1cc(C)c(N2CCN(CC3CCC4CC3C4(C)C)[C]2->[Ru+4]2(<-[Cl-])(<-[Cl-])<-[CH-2]c3ccccc3O->2C(C)C)c(C)c1,Cc1cc(C)c(N2CCN(CC3CCC4CC3C4(C)C)[C]2->[Ru+2]2(<-[Cl-])(<-[Cl-])<-[CH]c3ccccc3O->2C(C)C)c(C)c1,Cc1cc(C)c(N2CCN(CC3CCC4CC3C4(C)C)[C]2->[Ru+2]2(<-[Cl-])(<-[Cl-])<-[CH]c3ccccc3O->2C(C)C)c(C)c1
BULNAZ,Cc1cc(C)cc([N-]2CP3C[N-](c4cc(C)cc(C)c4)->[Mo+6]<-2(<-[N-3])<-[N-](C3)c2cc(C)cc(C)c2)c1,C27 H33 Mo1 N4 P1,0.0,Cc1cc(C)cc([N-]2CP3C[N-](c4cc(C)cc(C)c4)->[Mo+6]<-2(<-[N-3])<-[N-](C3)c2cc(C)cc(C)c2)c1,Cc1cc(C)cc([N-]2CP34C[N-](c5cc(C)cc(C)c5)->[Mo+6]<-2<-3(<-[N-3])<-[N-](C4)c2cc(C)cc(C)c2)c1,Cc1cc(C)cc([N-]2CP34C[N-](c5cc(C)cc(C)c5)->[Mo+6]<-2<-3(<-[N-3])<-[N-](C4)c2cc(C)cc(C)c2)c1
BULZOX,,C13 H16 Mn1 O1,0.0,[O+]#[C-]->[Mn]123456(<-C7=C->1C->2=C->3CC7)<-C1=C->4C->5=C->6CC1,[O+]#[C-]->[Mn+]123456(<-[C-]7=C->1CCC->2=C->37)<-C1=C->4C->5=C->6CC1,[O+]#[C-]->[Mn+]12345(<-[C-]6=CCCC->1=C->26)<-C1=C->3C->4=C->5CC1
BUNNEF,[Br-]->[Cd+2]1(<-[Br-])<-n2cccn2CN(Cn2cccn->12)C1CCCCC1,C14 H21 Br2 Cd1 N5,0.0,[Br-]->[Cd+2]12(<-[Br-])<-n3cccn3CN->1(Cn1cccn->21)C1CCCCC1,[Br-]->[Cd+2]1(<-[Br-])<-n2cccn2CN(Cn2cccn->12)C1CCCCC1,[Br-]->[Cd+2]1(<-[Br-])<-n2cccn2CN(Cn2cccn->12)C1CCCCC1
BUPTEL,CC(C)P(C(C)C)(C(C)C)->[Pd+2]1234(<-c5c->1c->2[cH-]->3c->45)<-[cH-]1cccc1,C19 H31 P1 Pd1,0.0,CC(C)P(C(C)C)(C(C)C)->[Pd+2]1234(<-c5c->1c->2[cH-]->3c->45)<-[cH-]1cccc1,CC(C)P(C(C)C)(C(C)C)->[Pd+2]1234(<-c5c->1c->2[cH-]->3c->45)<-[cH-]1cccc1,CC(C)P(C(C)C)(C(C)C)->[Pd+2]1234(<-c5c->1c->2[cH-]->3c->45)<-[cH-]1cccc1
BURKUW,,C12 H24 Fe1 O3 Si3,0.0,C[Si]1(C)O[Si-](C)(C)->[FeH+3]2345(<-[C-]#[O+])(<-c6c->2c->3[cH-]->4c->56)<-[Si-](C)(C)O1,C[Si]1(C)O[Si-](C)(C)->[FeH+3]2345(<-[C-]#[O+])(<-c6c->2c->3[cH-]->4c->56)<-[Si-](C)(C)O1,C[Si]1(C)O[Si-](C)(C)->[FeH+3]2345(<-[C-]#[O+])(<-c6c->2c->3[cH-]->4c->56)<-[Si-](C)(C)O1
BUSVUG,S=C1=[Se]->[Pd]<-12<-P(Cc1ccccc1CP->2(c1ccccc1)c1ccccc1)(c1ccccc1)c1ccccc1,C33 H28 P2 Pd1 S1 Se1,0.0,S=[C-]1[Se-]->[Pd+2]<-12<-P(Cc1ccccc1CP->2(c1ccccc1)c1ccccc1)(c1ccccc1)c1ccccc1,S=C1=[Se]->[Pd]<-12<-P(Cc1ccccc1CP->2(c1ccccc1)c1ccccc1)(c1ccccc1)c1ccccc1,S=C(=[Se])->[Pd]1<-P(Cc2ccccc2CP->1(c1ccccc1)c1ccccc1)(c1ccccc1)c1ccccc1
BUTZUM,CC(C)(C)N[C](->[Au+]<-[Cl-])N1CCCC1,C9 H18 Au1 Cl1 N2,0.0,CC(C)(C)N[C](->[Au+]<-[Cl-])N1CCCC1,CC(C)(C)N[C](->[Au+]<-[Cl-])N1CCCC1,CC(C)(C)N[C](->[Au+]<-[Cl-])N1CCCC1
BUVCUR,CCN(CC)[C](N[C@]12C[C@H]3C[C@H](C[C@H](C3)C1)C2)->[Au+]<-[Cl-],C15 H26 Au1 Cl1 N2,0.0,CCN(CC)[C](NC12CC3CC(CC(C3)C1)C2)->[Au+]<-[Cl-],CCN(CC)[C](NC12CC3CC(CC(C3)C1)C2)->[Au+]<-[Cl-],CCN(CC)[C](NC12CC3CC(CC(C3)C1)C2)->[Au+]<-[Cl-]
BUYBUT,Cc1n[n-]2->[Cu+](<-S=c2n(C)c1=O)(<-P(c1ccccc1)(c1ccccc1)c1ccccc1)<-P(c1ccccc1)(c1ccccc1)c1ccccc1,C41 H36 Cu1 N3 O1 P2 S1,0.0,Cc1nn2->[Cu+](<-[S-]c2n(C)c1=O)(<-P(c1ccccc1)(c1ccccc1)c1ccccc1)<-P(c1ccccc1)(c1ccccc1)c1ccccc1,Cc1n[n-]2->[Cu+](<-S=c2n(C)c1=O)(<-P(c1ccccc1)(c1ccccc1)c1ccccc1)<-P(c1ccccc1)(c1ccccc1)c1ccccc1,Cc1n[n-]2->[Cu+](<-S=c2n(C)c1=O)(<-P(c1ccccc1)(c1ccccc1)c1ccccc1)<-P(c1ccccc1)(c1ccccc1)c1ccccc1
BUZLAL,O=C(N/N1=C/c2cccc3cccn(->[Cd+2]<-14(<-O)(<-[O-][N+](=O)[O-])<-[O-][N+](=O)[O-]->4)c23)c1ccc(O)cc1,C17 H15 Cd1 N5 O9,0.0,O=[N+]([O-])[O-]->[Cd+2]123(<-O)(<-O=C(NN->1=Cc1cccc4cccn->2c14)c1ccc(O)cc1)<-[O-][N+](=O)[O-]->3,O=[N+]([O-])[O-]->[Cd+2]123(<-O)(<-O=C(NN->1=Cc1cccc4cccn->2c14)c1ccc(O)cc1)<-[O-][N+](=O)[O-]->3,O.O=[N+]12->[Cd+2]3456(<-O=C(c7ccc(O)cc7)NN->3=Cc3cccc7cccn->4c37)(<-[O-]1)(<-[O-]2)<-[O-][N+]->5(=O)[O-]->6
CABCUG,[O+]#[C-]->[Re+]12(<-[C-]#[O+])(<-[C-]#[O+])<-N3=CC=C/C3=C/[N-]->1CCc1ccccn->21,C15 H12 N3 O3 Re1,0.0,[O+]#[C-]->[Re+]12(<-[C-]#[O+])(<-[C-]#[O+])<-N(=Cc3ccc[n-]->13)CCc1ccccn->21,[O+]#[C-]->[Re+]12(<-[C-]#[O+])(<-[C-]#[O+])<-N3=CC=CC3=C[N-]->1CCc1ccccn->21,[O+]#[C-]->[Re+]12(<-[C-]#[O+])(<-[C-]#[O+])<-N3=CC=CC3=C[N-]->1CCc1ccccn->21
CADCIW,,C16 H18 Cl1 N3 O4 Zn1,0.0,CC(O)C1N->[Zn+2]2(<-O)(<-[Cl-])(<-[O-]C1=O)<-n1cccc3ccc4cccn->2c4c31,CC(O)C1N->[Zn+2]2(<-O)(<-[Cl-])(<-[O-]C1=O)<-n1cccc3ccc4cccn->2c4c31,CC(O)C1N->[Zn+2]2(<-[Cl-])(<-[O-]C1=O)<-n1cccc3ccc4cccn->2c4c31.O
CAFTOT,C=C(C)C1#C(CC)->[Cu+]<-12<-O=C(/C(F)=C(\[O-]->2)C(F)(F)F)C(F)(F)F,C12 H10 Cu1 F7 O2,0.0,fail,C=C(C)C1#C(CC)->[Cu+]<-12<-O=C(C(F)=C([O-]->2)C(F)(F)F)C(F)(F)F,C=C(C)C1#C(CC)->[Cu+]<-12<-O=C(C(F)=C([O-]->2)C(F)(F)F)C(F)(F)F
CAGSOV,[Br-]->[Ni@TB10+2]12<-n3ccccc3NCCN->1(CCNc1ccccn1)CCN->2c1ccccn1,C21 H27 Br1 N7 Ni1 1+,1.0,[Br-]->[Ni+2]1234<-n5ccccc5N->1CCN->2(CCN->3c1ccccn1)CCN->4c1ccccn1,[Br-]->[Ni+2]1234<-n5ccccc5N->1CCN->2(CCN->3c1ccccn1)CCN->4c1ccccn1,[Br-]->[Ni+2]123<-n4ccccc4N->1CCN->2(CCNc1ccccn1)CCN->3c1ccccn1
CAHPEI,CCc1cccc(CC)c1/N1=C(\C)c23->[Fe+2]<-14(<-[Cl-])(<-[Cl-])<-n1c(-c(ccc2)n->43)[nH]c2c(C)cccc21,C25 H26 Cl2 Fe1 N4,0.0,CCc1cccc(CC)c1N1=C(C)c2cccc3-c4[nH]c5c(C)cccc5n4->[Fe+2]<-1(<-[Cl-])(<-[Cl-])<-n23,CCc1cccc(CC)c1N1=C(C)c2cccc3-c4[nH]c5c(C)cccc5n4->[Fe+2]<-1(<-[Cl-])(<-[Cl-])<-n23,CCc1cccc(CC)c1N1=C(C)c2cccc3-c4[nH]c5c(C)cccc5n4->[Fe+2]<-1(<-[Cl-])(<-[Cl-])<-n23
CAJGOK,,C25 H31 B1 N3 Rh1,0.0,CC1c2cccc3C(C)=N(c4c(C)cccc4C)->[Rh+2]45(<-[H][BH2-]->4[HH-]->5)(<-N=1c1c(C)cccc1C)<-n23,[BH2+]->[RhH2-]12<-N(=C(C)c3cccc(C(C)=N->1c1c(C)cccc1C)n->23)c1c(C)cccc1C,[BH2+]->[RhH2-]12<-N(=C(C)c3cccc(C(C)=N->1c1c(C)cccc1C)n->23)c1c(C)cccc1C
CAKKIK,O=C1c2ccccn2->[Ni@TB19+2]23<-n4ccccc4C(=O)[N-]->2c2ccccc2OCCOc2ccccc2[N-]->31,C26 H20 N4 Ni1 O4,0.0,O=C1c2ccccn2->[Ni+2]2345<-n6ccccc6C(=O)[N-]->2c2ccccc2O->3CCO->4c2ccccc2[N-]->51,O=C1c2ccccn2->[Ni+2]2345<-n6ccccc6C(=O)[N-]->2c2ccccc2O->3CCO->4c2ccccc2[N-]->51,O=C1c2ccccn2->[Ni+2]2345<-n6ccccc6C(=O)[N-]->2c2ccccc2O->3CCO->4c2ccccc2[N-]->51
CALDIF,,C13 H13 Cl2 N1 Pd1 S1,0.0,[Cl-]->[Pd+2]1(<-[Cl-])<-Nc2ccccc2S->1Cc1ccccc1,[Cl-]->[Pd+4]1(<-[Cl-])<-[N-2]c2ccccc2S->1Cc1ccccc1,[Cl-]->[Pd+4]1(<-[Cl-])<-[N-2]c2ccccc2S->1Cc1ccccc1
CAMDIE,Cc1cc2S3c4cc(C)cc(C(C)(C)C)c4[O-]->[W+6]<-34(<-[Cl-])(<-[Cl-])(<-[O-]c2c(C(C)(C)C)c1)<-[C-](/c1ccccc1)=[C-]->4/c1ccccc1,C36 H38 Cl2 O2 S1 W1,0.0,Cc1cc2S3c4cc(C)cc(C(C)(C)C)c4[O-]->[W+4]<-34(<-[Cl-])(<-[Cl-])(<-[O-]c2c(C(C)(C)C)c1)<-C(c1ccccc1)#C->4c1ccccc1,Cc1cc2S3c4cc(C)cc(C(C)(C)C)c4[O-]->[W+4]<-34(<-[Cl-])(<-[Cl-])(<-[O-]c2c(C(C)(C)C)c1)<-C(c1ccccc1)#C->4c1ccccc1,Cc1cc2S3c4cc(C)cc(C(C)(C)C)c4[O-]->[W+4]<-34(<-[Cl-])(<-[Cl-])(<-[O-]c2c(C(C)(C)C)c1)<-C(c1ccccc1)#C->4c1ccccc1
CANDIH,,C29 H23 Cl1 N1 O2 P1 Ru1 S1,0.0,O=S1(c2ccccc2)c2cccc3ccc4CP(c5ccccc5)(c5ccccc5)->[RuH+]<-1(<-[Cl-])(<-[C-]#[O+])<-n4c23,O=S1(c2ccccc2)c2cccc3ccc4CP(c5ccccc5)(c5ccccc5)->[RuH+]<-1(<-[Cl-])(<-[C-]#[O+])<-n4c23,O=S1(c2ccccc2)c2cccc3ccc4CP(c5ccccc5)(c5ccccc5)->[RuH+]<-1(<-[Cl-])(<-[C-]#[O+])<-n4c23
CAPDEC,c1ccn(->[Zn+2]2345(<-O=N->2[O-]->3)(<-O=N->4[O-]->5)<-n2ccccc2)cc1,C10 H10 N4 O4 Zn1,0.0,c1ccn(->[Zn+2]23(<-O=N[O-]->2)(<-O=N[O-]->3)<-n2ccccc2)cc1,O=N[O-]->[Zn+2]1(<-O=N[O-]->1)(<-n1ccccc1)<-n1ccccc1,c1ccn(->[Zn+2]23(<-O=N[O-]->2)(<-O=N[O-]->3)<-n2ccccc2)cc1
CAPWAU,CCOc1cccc2/C=N3/Cc4ccccc4/N4=C/c5cccc(OCC)c5[O-]->[Zn+2]<-3<-4(<-O)<-[O-]c21,C25 H26 N2 O5 Zn1,0.0,CCOc1cccc2C=N3Cc4ccccc4N4=Cc5cccc(OCC)c5[O-]->[Zn+2]<-3<-4(<-O)<-[O-]c21,CCOc1cccc2C=N3Cc4ccccc4N4=Cc5cccc(OCC)c5[O-]->[Zn+2]<-3<-4(<-O)<-[O-]c21,CCOc1cccc2c1[O-]->[Zn+2]13<-[O-]c4c(cccc4OCC)C=N->1c1ccccc1CN->3=C2.O
CAQKAH,Cc1cc(C)c2[O-]->[W+6]34(<-[CH3-])(<-[O-2])<-[O-]c5c(C)cc(C)cc5CN->3(Cc2c1)Cc1cc(C)cc(C)c1[O-]->4,C28 H33 N1 O4 W1,0.0,Cc1cc(C)c2[O-]->[W+6]34(<-[CH3-])(<-[O-2])<-[O-]c5c(C)cc(C)cc5CN->3(Cc2c1)Cc1cc(C)cc(C)c1[O-]->4,Cc1cc(C)c2[O-]->[W+6]34(<-[CH3-])(<-[O-2])<-[O-]c5c(C)cc(C)cc5CN->3(Cc2c1)Cc1cc(C)cc(C)c1[O-]->4,Cc1cc(C)c2[O-]->[W+6]34(<-[CH3-])(<-[O-2])<-[O-]c5c(C)cc(C)cc5CN->3(Cc2c1)Cc1cc(C)cc(C)c1[O-]->4
CASFAD,,C12 H13 N3 Ni1 O5,0.0,Cc1[nH+]cc(CO)c2C=N3CC(=O)[N-]4CC(=O)[O-]->[Ni+2]<-3<-4<-[O-]c12,Cc1[nH+]cc(CO)c2C=N3CC(=O)[N-]4CC(=O)[O-]->[Ni+2]<-3<-4<-[O-]c12,Cc1[nH+]cc(CO)c2C=N3CC(=O)[N-]4CC(=O)[O-]->[Ni+2]<-3<-4<-[O-]c12
CATGIN,C[C-]12[O-]->[Fe+2]<-13(<-[C-]#[O+])(<-[C-]#[O+])(<-C(/c1ccccc1)=C->3\2)<-P(C)(C)c1ccccc1,C20 H21 Fe1 O3 P1,0.0,CC12=O->[Fe]<-13(<-[C-]#[O+])(<-[C-]#[O+])(<-C(c1ccccc1)=C->32)<-P(C)(C)c1ccccc1,C[C-]12[O-]->[Fe+2]<-13(<-[C-]#[O+])(<-[C-]#[O+])(<-C(c1ccccc1)=C->32)<-P(C)(C)c1ccccc1,C[C-]12[O-]->[Fe+2]<-13(<-[C-]#[O+])(<-[C-]#[O+])(<-C(c1ccccc1)=C->32)<-P(C)(C)c1ccccc1
CATSUL,,C8 H8 Cl3 Mn1 O2 Si1,0.0,Cc12->[Mn+]3456(<-[H][Si]->3(Cl)(Cl)Cl)(<-[C-]#[O+])(<-[C-]#[O+])<-c(c->41)[cH-]->5c->62,Cc12->[MnH+2]345(<-[C-]#[O+])(<-[C-]#[O+])(<-c(c->3[cH-]->41)c->52)<-[Si-](Cl)(Cl)Cl,Cc12->[MnH+2]345(<-[C-]#[O+])(<-[C-]#[O+])(<-c(c->3[cH-]->41)c->52)<-[Si-](Cl)(Cl)Cl
CAVXUT,CN1(C)Cc2cc(-c3ccncc3)cc[c-]2->[Pt+2]<-12<-[c-]1ccc(-c3ccncc3)cc1CN->2(C)C,C28 H30 N4 Pt1,0.0,CN1(C)Cc2cc(-c3ccncc3)cc[c-]2->[Pt+2]<-12<-[c-]1ccc(-c3ccncc3)cc1CN->2(C)C,CN1(C)Cc2cc(-c3ccncc3)cc[c-]2->[Pt+2]<-12<-[c-]1ccc(-c3ccncc3)cc1CN->2(C)C,CN1(C)Cc2cc(-c3ccncc3)cc[c-]2->[Pt+2]<-12<-[c-]1ccc(-c3ccncc3)cc1CN->2(C)C
CAXVED,,C24 H35 N1 Si1 Ti1,0.0,Cc12->[TiH+3]3456789%10(<-[n-]%11cccc%11)<-c%11(C)c->3([Si](C)(C)c->41c->5(C)[c-]->6(C)c->72C)c->8(C)[c-]->9(C)c->%10%11C,Cc12->[TiH+3]3456789%10(<-[n-]%11cccc%11)<-c1(C)c->3(C)[c-]->4([Si](C)(C)[c-]->51c->6(C)c->7(C)c->8(C)c->91C)c->%102C,Cc12->[TiH+3]3456789%10(<-[n-]%11cccc%11)<-c1(C)c->3(C)[c-]->4([Si](C)(C)[c-]->51c->6(C)c->7(C)c->8(C)c->91C)c->%102C
CAZFAN,CCn1n[n+](C)c2CCc3[c-](->[Ir+3]4567(<-[Cl-])(<-[c-]21)<-c1(C)c->4(C)c->5(C)[c-]->6(C)c->71C)[n+](CC)nn3C,C22 H35 Cl1 Ir1 N6 1+,1.0,CC[n+]1nn(C)c2CCc3[c](->[Ir+]4567(<-[Cl-])(<-[c]21)<-c1(C)c->4(C)c->5(C)[c-]->6(C)c->71C)[n+](CC)nn3C,CC[n+]1nn(C)c2CCc3[c-](->[Ir+3]4567(<-[Cl-])(<-[c-]21)<-c1(C)c->4(C)c->5(C)[c-]->6(C)c->71C)[n+](CC)nn3C,CC[n+]1nn(C)c2CCc3[c-](->[Ir+3]4567(<-[Cl-])(<-[c-]21)<-c1(C)c->4(C)c->5(C)[c-]->6(C)c->71C)[n+](CC)nn3C
CBPPHG,Clc1cc(Br)ccc1[O-]->[Hg+2]<-[c-]1ccccc1,C12 H8 Br1 Cl1 Hg1 O1,0.0,Clc1cc(Br)ccc1[O-]->[Hg+2]<-[c-]1ccccc1,Clc1cc(Br)ccc1[O-]->[Hg+2]<-[c-]1ccccc1,Clc1cc(Br)ccc1[O-]->[Hg+2]<-[c-]1ccccc1
CEBHEW,CC(C)O1C2=C[CH-]C=CC2=[CH-]->[Ru+4]<-1(<-[Cl-])(<-[Cl-])<-P(c1ccccc1)(c1ccccc1)c1ccccc1,C28 H27 Cl2 O1 P1 Ru1,0.0,CC(C)O1c2ccccc2[CH-2]->[Ru+4]<-1(<-[Cl-])(<-[Cl-])<-P(c1ccccc1)(c1ccccc1)c1ccccc1,CC(C)O1c2ccccc2[CH]->[Ru+2]<-1(<-[Cl-])(<-[Cl-])<-P(c1ccccc1)(c1ccccc1)c1ccccc1,CC(C)O1c2ccccc2[CH]->[Ru+2]<-1(<-[Cl-])(<-[Cl-])<-P(c1ccccc1)(c1ccccc1)c1ccccc1
CECDEW,CCO/[C-](=C1/C=C2SC=C[C-]2S1)->[Re+3](<-[Br-])(<-[C-]#[O+])(<-[C-]#[O+])(<-[C-]#[O+])<-[C-]#[O+],C13 H8 Br1 O5 Re1 S2,0.0,CCO[C-2](c1cc2sccc2s1)->[Re+3](<-[Br-])(<-[C-]#[O+])(<-[C-]#[O+])(<-[C-]#[O+])<-[C-]#[O+],CCO[C](c1cc2sccc2s1)->[Re+](<-[Br-])(<-[C-]#[O+])(<-[C-]#[O+])(<-[C-]#[O+])<-[C-]#[O+],CCO[C](c1cc2sccc2s1)->[Re+](<-[Br-])(<-[C-]#[O+])(<-[C-]#[O+])(<-[C-]#[O+])<-[C-]#[O+]
CEFCIA,CC(C)c1cccc(C(C)C)c1N1[C](->[Rh+](<-[Cl-])<-[C-]#[O+])[C@]2(C[C@H](C)CC[C@H]2C(C)C)CC1(C)C,C28 H43 Cl1 N1 O1 Rh1,0.0,CC1CCC(C(C)C)C2(C1)CC(C)(C)N(c1c(C(C)C)cccc1C(C)C)[C]2->[Rh+](<-[Cl-])<-[C-]#[O+],CC1CCC(C(C)C)C2(C1)CC(C)(C)N(c1c(C(C)C)cccc1C(C)C)[C]2->[Rh+](<-[Cl-])<-[C-]#[O+],CC1CCC(C(C)C)C2(C1)CC(C)(C)N(c1c(C(C)C)cccc1C(C)C)[C]2->[Rh+](<-[Cl-])<-[C-]#[O+]
CEGBOI,CC1=O->[Cd+2]2(<-O=C(C)[O-]->2)(<-[O-]1)(<-n1ccccc1-c1ccccn1)<-n1ccccc1-c1ccccn1,C24 H22 Cd1 N4 O4,0.0,fail,CC(=O)[O-]->[Cd+2]12(<-[O-]C(C)=O)(<-n3ccccc3-c3ccccn->13)<-n1ccccc1-c1ccccn->21,CC12=O->[Cd+2]<-13456(<-O=C->3(C)[O-]->4)(<-[O-]2)(<-n1ccccc1-c1ccccn->51)<-n1ccccc1-c1ccccn->61
CEGSIQ,,C25 H23 N1 O3 W1,0.0,CC(c1ccccc1)N1[C](=O)->[W+]23456(<-[C-]#[O+])(<-[C-]#[O+])(<-C=C->2C1c1ccccc1)<-c1c->3c->4[cH-]->5c->61,CC(c1ccccc1)N1[C-](=O)->[W+2]23456(<-[C-]#[O+])(<-[C-]#[O+])(<-C=C->2C1c1ccccc1)<-c1c->3c->4[cH-]->5c->61,CC(c1ccccc1)N1[C-](=O)->[W+2]23456(<-[C-]#[O+])(<-[C-]#[O+])(<-C=C->2C1c1ccccc1)<-c1c->3c->4[cH-]->5c->61
CEHDOL,COc1ccccc1/N=C(\C)c1ccccn1->[Hg+2](<-[Cl-])<-[Cl-],C14 H14 Cl2 Hg1 N2 O1,0.0,CC1c2ccccn2->[Hg+2]2(<-[Cl-])(<-[Cl-])<-N=1c1ccccc1O->2C,COc1ccccc1N1=C(C)c2ccccn2->[Hg+2]<-1(<-[Cl-])<-[Cl-],COc1ccccc1N=C(C)c1ccccn1.[Cl-]->[Hg+2]<-[Cl-]
CEHHED,C[C+]1[CH+][C+](C)[C+]([N-]2[C-](C)[C+](C)[N-]([C-]3[C+](C)[CH-][C+](C)[CH-][C-]3C)->[Mo+4]<-2(<-[Cl-])<-[Cl-])[C-](C)[CH-]1,C22 H28 Cl2 Mo1 N2,0.0,CC1C(C)=N(c2c(C)cc(C)cc2C)->[Mo+2](<-[Cl-])(<-[Cl-])<-N=1c1c(C)cc(C)cc1C,CC1C(C)=N(c2c(C)cc(C)cc2C)->[Mo+2](<-[Cl-])(<-[Cl-])<-N=1c1c(C)cc(C)cc1C,CC1C(C)=N(c2c(C)cc(C)cc2C)->[Mo+2](<-[Cl-])(<-[Cl-])<-N=1c1c(C)cc(C)cc1C
CEJNEN,,C21 H40 Cl1 N1 O2 P2 Ru1,0.0,CC(C)(C)P1(Oc2cccc3OP(C(C)(C)C)(C(C)(C)C)->[RuH+]<-1(<-[Cl-])<-n23)C(C)(C)C,CC(C)(C)P1(Oc2cccc3OP(C(C)(C)C)(C(C)(C)C)->[RuH+]<-1(<-[Cl-])<-n23)C(C)(C)C,CC(C)(C)P1(Oc2cccc3OP(C(C)(C)C)(C(C)(C)C)->[RuH+]<-1(<-[Cl-])<-n23)C(C)(C)C
CEKJEJ,CCOc1ccccc1NC(=O)c1cn(->[Hg+2](<-[I-])<-[I-])ccn1,C13 H13 Hg1 I2 N3 O2,0.0,CCOc1ccccc1NC(=O)c1cn(->[Hg+2](<-[I-])<-[I-])ccn1,CCOc1ccccc1NC(=O)c1cnccn1.[I-]->[Hg+2]<-[I-],CCOc1ccccc1NC(=O)c1cnccn1.[I-]->[Hg+2]<-[I-]
CELHAD,CCO[C@H]1c2ccccc2P(c2ccccc2)(c2ccccc2)->[Ni@SP1+2]23<-[O-]/C(C)=C\C(C)=N->2\N=C(\SC)[N-]->31,C28 H30 N3 Ni1 O2 P1 S1,0.0,CCOC1c2ccccc2P(c2ccccc2)(c2ccccc2)->[Ni+2]23<-[O-]C(C)=CC(C)=N->2N=C(SC)[N-]->31,CCOC1c2ccccc2P(c2ccccc2)(c2ccccc2)->[Ni+2]23<-[O-]C(C)=CC(C)=N->2N=C(SC)[N-]->31,CCOC1c2ccccc2P(c2ccccc2)(c2ccccc2)->[Ni+2]23<-[O-]C(C)=CC(C)=N->2N=C(SC)[N-]->31
CEMMUE,C[CH2-]->[Ir+3]123(<-O=C(C)[O-]->1)<-[c-]1c(/C=N->2/c2ccccc2)c(C)cc(C)c1/C=N->3/c1ccccc1,C26 H27 Ir1 N2 O2,0.0,fail,C[CH2-]->[Ir+3]123(<-O=C(C)[O-]->1)<-[c-]1c(C=N->2c2ccccc2)c(C)cc(C)c1C=N->3c1ccccc1,C[CH2-]->[Ir+3]1234(<-O=C->1(C)[O-]->2)<-[c-]1c(C=N->3c2ccccc2)c(C)cc(C)c1C=N->4c1ccccc1
CENROE,CC#N->[Rh+3]1(<-[I-])(<-[I-])(<-N#CC)<-[C]2N(C)C=CN2C2=C->1=CN(C)C=C2,C14 H17 I2 N5 Rh1 1+,1.0,CC#N->[Rh+3]1(<-[I-])(<-[I-])(<-N#CC)<-[C]2N(C)C=CN2c2cc[n+](C)c[c-]->12,CC#N->[Rh+3]1(<-[I-])(<-[I-])(<-N#CC)<-[C]2N(C)C=CN2C2=C->1=CN(C)C=C2,CC#N->[Rh+3]1(<-[I-])(<-[I-])(<-N#CC)<-[C]2N(C)C=CN2C2=C->1=CN(C)C=C2
CEPPIY,Cc12->[Rh+3]3456(<-[Cl-])(<-[C-](=C\C(Cc7ccc(Br)cc7)=N->3\c3ccccc3)/c3ccc(Br)cc3)<-c1(C)c->4(C)[c-]->5(C)c->62C,C32 H31 Br2 Cl1 N1 Rh1,0.0,Cc12->[Rh+3]3456(<-[Cl-])(<-[C-](=CC(Cc7ccc(Br)cc7)=N->3c3ccccc3)c3ccc(Br)cc3)<-c1(C)c->4(C)[c-]->5(C)c->62C,Cc12->[Rh+3]3456(<-[Cl-])(<-[C-](=CC(Cc7ccc(Br)cc7)=N->3c3ccccc3)c3ccc(Br)cc3)<-c1(C)c->4(C)[c-]->5(C)c->62C,Cc12->[Rh+3]3456(<-[Cl-])(<-[C-](=CC(Cc7ccc(Br)cc7)=N->3c3ccccc3)c3ccc(Br)cc3)<-c1(C)c->4(C)[c-]->5(C)c->62C
CEPYEB,,C22 H16 Mn1 O2 1+,1.0,[O+]#[C-]->[Mn+5]1234(<-[C-3]C=C(c5ccccc5)c5ccccc5)(<-[C-]#[O+])<-c5c->1c->2[cH-]->3c->45,[O+]#[C-]->[Mn+3]1234(<-[C-]C=C(c5ccccc5)c5ccccc5)(<-[C-]#[O+])<-c5c->1c->2[cH-]->3c->45,[O+]#[C-]->[Mn+3]1234(<-[C-]C=C(c5ccccc5)c5ccccc5)(<-[C-]#[O+])<-c5c->1c->2[cH-]->3c->45
CEQROF,CCC12->[Ru+2]3456789(<-[C-]#[N+]C(C)(C)C)(<-B1(C)C->3(C)=[B-]->4(C)C->5=2CC)<-c1(C)c->6(C)c->7(C)[c-]->8(C)c->91C,C25 H43 B2 N1 Ru1,0.0,fail,CCC12->[Ru+2]3456789(<-[C-]#[N+]C(C)(C)C)(<-B1(C)C->3(C)=[B-]->4(C)C->5=2CC)<-c1(C)c->6(C)c->7(C)[c-]->8(C)c->91C,CCC12->[Ru+2]3456789(<-[C-]#[N+]C(C)(C)C)(<-B1(C)C->3(C)=[B-]->4(C)C->5=2CC)<-c1(C)c->6(C)c->7(C)[c-]->8(C)c->91C
CERLEQ,C[Si](C)(C)N1=P(C[CH-]2P(c3ccccc3)(c3ccccc3)=N([Si](C)(C)C)->[Ti+4]<-2<-1(<-[Cl-])(<-[Cl-])<-[Cl-])(c1ccccc1)c1ccccc1,C32 H41 Cl3 N2 P2 Si2 Ti1,0.0,C[Si](C)(C)N1=P(C[CH-]2P(c3ccccc3)(c3ccccc3)=N([Si](C)(C)C)->[Ti+4]<-2<-1(<-[Cl-])(<-[Cl-])<-[Cl-])(c1ccccc1)c1ccccc1,C[Si](C)(C)N1=P(C[CH-]2P(c3ccccc3)(c3ccccc3)=N([Si](C)(C)C)->[Ti+4]<-2<-1(<-[Cl-])(<-[Cl-])<-[Cl-])(c1ccccc1)c1ccccc1,C[Si](C)(C)N1=P(C[CH-]2P(c3ccccc3)(c3ccccc3)=N([Si](C)(C)C)->[Ti+4]<-2<-1(<-[Cl-])(<-[Cl-])<-[Cl-])(c1ccccc1)c1ccccc1
CESGAI,CN1(C)Cc2cccc3CN(C)(C)->[Ni+2]<-1(<-[O-]C=O)<-[c-]23,C13 H20 N2 Ni1 O2,0.0,CN1(C)Cc2cccc3CN(C)(C)->[Ni+2]<-1(<-[O-]C=O)<-[c-]23,CN1(C)Cc2cccc3CN(C)(C)->[Ni+2]<-1(<-[O-]C=O)<-[c-]23,CN1(C)Cc2cccc3CN(C)(C)->[Ni+2]<-14(<-O=C[O-]->4)<-[c-]23
CESPIA,CCO/[C-](=C\C(c1ccccc1)=[N+]1\CC[C@@H]2C(c3ccccc3)=C[C-]([O-])[C@@]21OCC)->[Cr+2](<-[C-]#[O+])(<-[C-]#[O+])(<-[C-]#[O+])(<-[C-]#[O+])<-[C-]#[O+],C31 H27 Cr1 N1 O8,0.0,CCO[C-2](C=C(c1ccccc1)N1CCC2C(c3ccccc3)=CC(=O)C21OCC)->[Cr+2](<-[C-]#[O+])(<-[C-]#[O+])(<-[C-]#[O+])(<-[C-]#[O+])<-[C-]#[O+],CCO[C](C=C(c1ccccc1)N1CCC2C(c3ccccc3)=CC(=O)C21OCC)->[Cr](<-[C-]#[O+])(<-[C-]#[O+])(<-[C-]#[O+])(<-[C-]#[O+])<-[C-]#[O+],CCO[C](C=C(c1ccccc1)N1CCC2C(c3ccccc3)=CC(=O)C21OCC)->[Cr](<-[C-]#[O+])(<-[C-]#[O+])(<-[C-]#[O+])(<-[C-]#[O+])<-[C-]#[O+]
CETKES,Cc1c(C)c2(C)->[Ru+2]3456(<-[O-][N+](=O)[O-]->3)(<-[O-][N+](=O)[O-]->4)<-c1(C)c->5(C)c->62C,C12 H18 N2 O6 Ru1,0.0,Cc12->[Ru+2]34567(<-[O-][N+](=O)[O-])(<-[O-][N+](=O)[O-]->3)<-c1(C)c->4(C)c->5(C)c->6(C)c->72C,Cc12->[Ru+2]34567(<-[O-][N+](=O)[O-])(<-[O-][N+](=O)[O-]->3)<-c1(C)c->4(C)c->5(C)c->6(C)c->72C,Cc1c(C)c2(C)->[Ru+2]34567(<-[O-][N+](=O)[O-]->3)(<-[O-][N+]->4(=O)[O-]->5)<-c1(C)c->6(C)c->72C
CETZOS,,C11 H15 Br1 Fe1 N3 O3 P1,0.0,CP(C)(C)->[Fe+]1(<-[Br-])(<-[C-]#[O+])(<-[C-]#[O+])<-[C](=O)Nc2cccc(N)n->12,CP(C)(C)->[Fe+2]1(<-[Br-])(<-[C-]#[O+])(<-[C-]#[O+])<-[C-](=O)Nc2cccc(N)n->12,CP(C)(C)->[Fe+2]1(<-[Br-])(<-[C-]#[O+])(<-[C-]#[O+])<-[C-](=O)Nc2cccc(N)n->12
CEVNEZ,,C34 H30 Ni1 O6,0.0,C1=Cc2cccc3ccc4[O-]->[Ni+2]5(<-O=C1c4c23)(<-O=C1C=Cc2cccc3ccc([O-]->5)c1c23)(<-O1CCCC1)<-O1CCCC1,C1=Cc2cccc3ccc4[O-]->[Ni+2]5(<-O=C1c4c23)(<-O=C1C=Cc2cccc3ccc([O-]->5)c1c23)(<-O1CCCC1)<-O1CCCC1,C1=Cc2cccc3ccc4c(c23)C1=O->[Ni+2]1(<-O=C2C=Cc3cccc5ccc(c2c35)[O-]->1)<-[O-]4.C1CCOC1.C1CCOC1
CEWQUR,,C19 H37 Co1 N7 O4 1+,1.0,CC12CN3->[Co+3]4567<-N(CCN->4CC(N(CC(=O)[O-])CC(=O)[O-])(CN->5CC3)CN->6CCN->7C1)C2,CC12CN3->[Co+3]4567<-N(CCN->4CC(N(CC(=O)[O-])CC(=O)[O-])(CN->5CC3)CN->6CCN->7C1)C2,C=[N+]([CH2-])C12CNCCNCC3(C)CN4->[Co+]5(<-N(CCN->5C1)C3)<-N(CC4)C2.O=C=O.O=C=O
CEXHOC,C[C]1N[B@@-](Cl)(O[C](C)->[Re+]<-1(<-[C-]#[O+])(<-[C-]#[O+])(<-[C-]#[O+])<-[C-]#[O+])c1ccccc1,C14 H12 B1 Cl1 N1 O5 Re1,0.0,fail,C[C]1N[B-](Cl)(O[C](C)->[Re+]<-1(<-[C-]#[O+])(<-[C-]#[O+])(<-[C-]#[O+])<-[C-]#[O+])c1ccccc1,C[C]1N[B-](Cl)(O[C](C)->[Re+]<-1(<-[C-]#[O+])(<-[C-]#[O+])(<-[C-]#[O+])<-[C-]#[O+])c1ccccc1
CEYRIH,Cn1c2[O-]->[Fe+2]34(<-[O-]c5c(N->3=O)c(=O)n(C)c(=O)n5C)(<-[O-]c3c(N->4=O)c(=O)n(C)c(=O)n3C)<-N(=O)c2c(=O)n(C)c1=O,C18 H18 Fe1 N9 O12 1-,-1.0,CN1C(=O)C2=N([O])->[Fe-]34(<-O=C2N(C)C1=O)(<-O=C1C(=N->3[O])C(=O)N(C)C(=O)N1C)<-O=C1C(=N->4[O])C(=O)N(C)C(=O)N1C,Cn1c2[O-]->[Fe+2]34(<-[O-]c5c(N->3=O)c(=O)n(C)c(=O)n5C)(<-[O-]c3c(N->4=O)c(=O)n(C)c(=O)n3C)<-N(=O)c2c(=O)n(C)c1=O,Cn1c2[O-]->[Fe+2]34(<-[O-]c5c(N->3=O)c(=O)n(C)c(=O)n5C)(<-[O-]c3c(N->4=O)c(=O)n(C)c(=O)n3C)<-N(=O)c2c(=O)n(C)c1=O
CEZMID,C/C1=C(\C)[N-](O)->[Co+3]2(<-[N-2][N+]#N)(<-N1=O)(<-N(=O)/C(C)=C(/C)[N-]->2O)<-P(c1ccccc1)(c1ccccc1)c1ccccc1,C26 H29 Co1 N7 O4 P1,0.0,CC1C(C)=N(O)->[Co+]2(<-[N-]=[N+]=[N-])(<-N=1[O])(<-N([O])=C(C)C(C)=N->2O)<-P(c1ccccc1)(c1ccccc1)c1ccccc1,CC1=C(C)[N-](O)->[Co+3]2(<-[N-2][N+]#N)(<-N1=O)(<-N(=O)C(C)=C(C)[N-]->2O)<-P(c1ccccc1)(c1ccccc1)c1ccccc1,CC1=C(C)[N-](O)->[Co+3]2(<-[N-2][N+]#N)(<-N1=O)(<-N(=O)C(C)=C(C)[N-]->2O)<-P(c1ccccc1)(c1ccccc1)c1ccccc1
CEZZAL,,C31 H49 O1 P2 Rh1,0.0,CC1(C)c2cccc3P(->[RhH]4<-O(c23)c2c1cccc2P->4(C(C)(C)C)C(C)(C)C)(C(C)(C)C)C(C)(C)C,CC1(C)c2cccc3P(->[RhH]4<-O(c23)c2c1cccc2P->4(C(C)(C)C)C(C)(C)C)(C(C)(C)C)C(C)(C)C,CC1(C)c2cccc3P(->[RhH]4<-O(c23)c2c1cccc2P->4(C(C)(C)C)C(C)(C)C)(C(C)(C)C)C(C)(C)C
CIBGUQ,,C26 H32 Hg1 N10 O6 S2,0.0,CN(C)C=O->[Hg+2](<-O=CN(C)C)(<-[N-](c1ncccn1)S(=O)(=O)c1ccc(N)cc1)<-[N-](c1ncccn1)S(=O)(=O)c1ccc(N)cc1,CN(C)C=O.CN(C)C=O.Nc1ccc(S(=O)(=O)[N-](->[Hg+2]<-[N-](c2ncccn2)S(=O)(=O)c2ccc(N)cc2)c2ncccn2)cc1,CN(C)C=O->[Hg+2]12(<-O=CN(C)C)(<-n3cccnc3[N-]->1S(=O)(=O)c1ccc(N)cc1)<-n1cccnc1[N-]->2S(=O)(=O)c1ccc(N)cc1
CICJOO,O=[N+]([O-])c1ccc2[O-]->[Zn+2]3(<-[O-]c4ccc([N+](=O)[O-])cc4/C=N->3/C(CO)(CO)CO)<-N(=C\c2c1)/C(CO)(CO)CO,C22 H26 N4 O12 Zn1,0.0,O=[N+]([O-])c1ccc2[O-]->[Zn+2]345(<-[O-]c6ccc([N+](=O)[O-])cc6C=N->3C(CO)(CO)CO->4)<-OCC(CO)(CO)N->5=Cc2c1,O=[N+]([O-])c1ccc2[O-]->[Zn+2]345(<-[O-]c6ccc([N+](=O)[O-])cc6C=N->3C(CO)(CO)CO->4)<-OCC(CO)(CO)N->5=Cc2c1,O=[N+]([O-])c1ccc2[O-]->[Zn+2]345(<-[O-]c6ccc([N+](=O)[O-])cc6C=N->3C(CO)(CO)CO->4)<-OCC(CO)(CO)N->5=Cc2c1
CIDPOX,,C15 H13 N1 O4 W1,0.0,COc1ccnc(Cc23->[WH+]456(<-[C-]#[O+])(<-[C-]#[O+])(<-[C-]#[O+])<-c(c->4[cH-]->52)c->63)c1,COc1ccnc(C[c-]23->[WH+]456(<-[C-]#[O+])(<-[C-]#[O+])(<-[C-]#[O+])<-c(c->4c->52)c->63)c1,COc1ccnc(C[c-]23->[WH+]456(<-[C-]#[O+])(<-[C-]#[O+])(<-[C-]#[O+])<-c(c->4c->52)c->63)c1
CIFGUU,CC(C)P1(C(C)C)[c-]23->[Ru+2]<-14567(<-[CH-]=[N+](C)c2cc1ccccc13)<-c1(C)c->4(C)c->5(C)[c-]->6(C)c->71C,C27 H38 N1 P1 Ru1,0.0,CC(C)P1(C(C)C)[c-]23->[Ru+2]<-14567(<-[CH]N(C)c2cc1ccccc13)<-c1(C)c->4(C)c->5(C)[c-]->6(C)c->71C,CC(C)P1(C(C)C)C23->[Ru+2]<-14567(<-[CH2-][N+](C)=C2C=c1ccccc1=3)<-c1(C)c->4(C)c->5(C)[c-]->6(C)c->71C,CC(C)P1(C(C)C)C23->[Ru+2]<-14567(<-[CH2-][N+](C)=C2C=c1ccccc1=3)<-c1(C)c->4(C)c->5(C)[c-]->6(C)c->71C
CIGCAW,N/C1CN->[Ni@SP3+2]2(<-NC/C(N)=N->2/O)<-N=1/[O-],C4 H13 N6 Ni1 O2 1+,1.0,NC1CN->[Ni+]2(<-NCC(N)=N->2O)<-N=1[O],NC1CN->[Ni+2]2(<-NCC(N)=N->2O)<-N=1[O-],NC1CN->[Ni+2]2(<-NCC(N)=N->2O)<-N=1[O-]
CIHNEM,,C21 H24 Cd1 N2 O12,0.0,Cc1cc(=O->[Cd+2]23(<-O=c4cc(C)oc(C)c4)(<-O=c4cc(C)oc(C)c4)(<-[O-][N+](=O)[O-]->2)<-[O-][N+](=O)[O-]->3)cc(C)o1,Cc1cc(=O->[Cd+2]23(<-O=c4cc(C)oc(C)c4)(<-O=c4cc(C)oc(C)c4)(<-[O-][N+](=O)[O-]->2)<-[O-][N+](=O)[O-]->3)cc(C)o1,Cc1cc(=O->[Cd+2]2345(<-O=c6cc(C)oc(C)c6)(<-O=c6cc(C)oc(C)c6)(<-[O-][N+]->2(=O)[O-]->3)<-[O-][N+]->4(=O)[O-]->5)cc(C)o1
CIJJUA,[O+]#[C-]->[Mn+](<-[C-]#[O+])(<-[C-]#[O+])(<-[C-]#[O+])(<-[C-]#[O+])<-P([O-])(Oc1ccccc1O)Oc1ccccc1O,C17 H10 Mn1 O10 P1,0.0,O=[PH](Oc1ccccc1O)(Oc1ccccc1O)->[Mn](<-[C-]#[O+])(<-[C-]#[O+])(<-[C-]#[O+])(<-[C-]#[O+])<-[C-]#[O+],[O+]#[C-]->[Mn+](<-[C-]#[O+])(<-[C-]#[O+])(<-[C-]#[O+])(<-[C-]#[O+])<-P([O-])(Oc1ccccc1O)Oc1ccccc1O,[O+]#[C-]->[Mn+](<-[C-]#[O+])(<-[C-]#[O+])(<-[C-]#[O+])(<-[C-]#[O+])<-P([O-])(Oc1ccccc1O)Oc1ccccc1O
CIJVEW,C[Si](C)(C)N=[P@@]1(Oc2ccccc2)[N-]([Si](C)(C)C)->[Mn+](<-[C-]#[O+])(<-[C-]#[O+])(<-[C-]#[O+])<-N12[C@@H]([Si](C)(C)C)[Si]2(C)C,C21 H41 Mn1 N3 O4 P1 Si4,0.0,C[Si](C)(C)N([Si](C)(C)C)[P-]12(Oc3ccccc3)N([Si](C)(C)C)->[Mn+]<-1(<-[C-]#[O+])(<-[C-]#[O+])(<-[C-]#[O+])<-N2[Si](C)(C)C,[CH][Si](C)(C)[N-]1P(Oc2ccccc2)(N([Si](C)(C)C)[Si](C)(C)C)=N([Si](C)(C)C)->[Mn+]<-1(<-[C-]#[O+])(<-[C-]#[O+])<-[C-]#[O+],C[Si](C)(C)N([Si](C)(C)C)P1(Oc2ccccc2)=N([Si](C)(C)C)->[Mn+](<-[C-]#[O+])(<-[C-]#[O+])(<-[C-]#[O+])<-N12[CH-][Si]2(C)C
CILGEM,Cc1cc(C)c(N2C=CN3CCS(C(C)(C)C)->[Ni+2]4567(<-[C]32)<-c2c->4c->5[cH-]->6c->72)c(C)c1,C23 H31 N2 Ni1 S1 1+,1.0,Cc1cc(C)c(N2C=CN3CCS(C(C)(C)C)->[Ni+2]4567(<-[C]32)<-c2c->4c->5[cH-]->6c->72)c(C)c1,Cc1cc(C)c(N2C=CN3CCS(C(C)(C)C)->[Ni+2]4567(<-[C]32)<-c2c->4c->5[cH-]->6c->72)c(C)c1,Cc1cc(C)c(N2C=CN3CCS(C(C)(C)C)->[Ni+2]4567(<-[C]32)<-c2c->4c->5[cH-]->6c->72)c(C)c1
CIMLUG,[O+]#[C-]->[Ir+](<-[Cl-])(<-[C-]#[O+])<-[C]1N(C2CCCCC2)CCCCN1C1CCCCC1,C19 H30 Cl1 Ir1 N2 O2,0.0,[O+]#[C-]->[Ir+](<-[Cl-])(<-[C-]#[O+])<-[C]1N(C2CCCCC2)CCCCN1C1CCCCC1,[O+]#[C-]->[Ir+](<-[Cl-])(<-[C-]#[O+])<-[C]1N(C2CCCCC2)CCCCN1C1CCCCC1,[O+]#[C-]->[Ir+](<-[Cl-])(<-[C-]#[O+])<-[C]1N(C2CCCCC2)CCCCN1C1CCCCC1
CINDEL,,C20 H18 Fe1 N3 O1 1+,1.0,CN1c2ccccc2N2Cc3ccccn3->[Fe+2]3456(<-[C-]#[O+])(<-[C]12)<-c1c->3c->4[cH-]->5c->61,CN1c2ccccc2N2Cc3ccccn3->[Fe+2]3456(<-[C-]#[O+])(<-[C]12)<-c1c->3c->4[cH-]->5c->61,CN1c2ccccc2N2Cc3ccccn3->[Fe+2]3456(<-[C-]#[O+])(<-[C]12)<-c1c->3c->4[cH-]->5c->61
CIQGOY,CO[C-](=O)->[Pd+2]1(<-[C-](=O)OC)<-n2cccc3ccc4cccn->1c4c32,C16 H14 N2 O4 Pd1,0.0,CO[C-](=O)->[Pd+2]1(<-[C-](=O)OC)<-n2cccc3ccc4cccn->1c4c32,CO[C-](=O)->[Pd+2]1(<-[C-](=O)OC)<-n2cccc3ccc4cccn->1c4c32,CO[C-](=O)->[Pd+2]1(<-[C-](=O)OC)<-n2cccc3ccc4cccn->1c4c32
CIRREA,C/C1=N/[N-](c2ccccc2)->[Pt+2]2(<-N1=O)<-N(=O)/C(C)=N\[N-]->2c1ccccc1,C16 H16 N6 O2 Pt1,0.0,CC1N=N(c2ccccc2)->[Pt]2(<-N(=NC(C)=N->2[O])c2ccccc2)<-N=1[O],CC1=N[N-](c2ccccc2)->[Pt+2]2(<-N1=O)<-N(=O)C(C)=N[N-]->2c1ccccc1,CC1=N[N-](c2ccccc2)->[Pt+2]2(<-N1=O)<-N(=O)C(C)=N[N-]->2c1ccccc1
CISTAC,O=S1(=O)[O-]->[Ru+2]23(<-[O-]1)(<-n1ccccc1-c1ccccn->21)<-P(CCCCP->3(c1ccccc1)c1ccccc1)(c1ccccc1)c1ccccc1,C38 H36 N2 O4 P2 Ru1 S1,0.0,O=S1(=O)[O-]->[Ru+2]23(<-[O-]1)(<-n1ccccc1-c1ccccn->21)<-P(CCCCP->3(c1ccccc1)c1ccccc1)(c1ccccc1)c1ccccc1,O=S1(=O)[O-]->[Ru+2]23(<-[O-]1)(<-n1ccccc1-c1ccccn->21)<-P(CCCCP->3(c1ccccc1)c1ccccc1)(c1ccccc1)c1ccccc1,O=S1(=O)[O-]->[Ru+2]23(<-[O-]1)(<-n1ccccc1-c1ccccn->21)<-P(CCCCP->3(c1ccccc1)c1ccccc1)(c1ccccc1)c1ccccc1
CITLIA,CC1/C=C(\[O-]->[Ni@SP1+2]23<-[O-]/C(=C\C(C)=N->2/CC\N->3=1)c1ccccc1O)c1ccccc1O,C22 H22 N2 Ni1 O4,0.0,CC1=CC(=O->[Ni+2]23<-O=C(C=C(C)[N-]->2CC[N-]->31)c1ccccc1O)c1ccccc1O,CC1C=C([O-]->[Ni+2]23<-[O-]C(=CC(C)=N->2CCN->3=1)c1ccccc1O)c1ccccc1O,CC1C=C([O-]->[Ni+2]23<-[O-]C(=CC(C)=N->2CCN->3=1)c1ccccc1O)c1ccccc1O
CIVQEE,,C16 H16 B1 Mo1 N3 O2,0.0,fail,[BH3-]C#N->[Mo+2]123(<-[C-]#[O+])(<-[C-]#[O+])(<-C=C->1[CH2-]->2)<-n1ccccc1-c1ccccn->31,[BH3-]C#N->[Mo+2]123(<-[C-]#[O+])(<-[C-]#[O+])(<-C=C->1[CH2-]->2)<-n1ccccc1-c1ccccn->31
CIWQUU,C1=CC=C2/C(=N3->[Fe@TB6+2]45<-N(=C6/C=CC=CC=C6[N-]->4CCCCC[N-]->52)/CCCCC\3)C=C1,C24 H30 Fe1 N4,0.0,C1=CC=C2C(=N3->[Fe+2]45<-N(=C6C=CC=CC=C6[N-]->4CCCCC3)CCCCC[N-]->52)C=C1,C1=CC=C2C(=N3->[Fe+2]45<-N(=C6C=CC=CC=C6[N-]->4CCCCC3)CCCCC[N-]->52)C=C1,C1=CC=C2C(=N3->[Fe+2]45<-N(=C6C=CC=CC=C6[N-]->4CCCCC3)CCCCC[N-]->52)C=C1
CIXSOU,,C42 H30 Ir1 N3 S3,0.0,Cc1cc2-c3scc[c-]3->[Ir+3]34(<-[c-]5ccsc5-c5cc(C)c6ccccc6n->35)(<-[c-]3ccsc3-c3cc(C)c5ccccc5n->43)<-n2c2ccccc12,Cc1cc2-c3scc[c-]3->[Ir+3]34(<-[c-]5ccsc5-c5cc(C)c6ccccc6n->35)(<-[c-]3ccsc3-c3cc(C)c5ccccc5n->43)<-n2c2ccccc12,Cc1cc2-c3scc[c-]3->[Ir+3]34(<-[c-]5ccsc5-c5cc(C)c6ccccc6n->35)(<-[c-]3ccsc3-c3cc(C)c5ccccc5n->43)<-n2c2ccccc12
CIYFIA,[H]/N=C/[N-](C=O)->[Hg+2]<-[N-](C=O)/C=N/[H],C4 H6 Hg1 N4 O2,0.0,N=C[N-](C=O)->[Hg+2]<-[N-](C=N)C=O,N=C[N-](C=O)->[Hg+2]<-[N-](C=N)C=O,O=C[N-]1C=N->[Hg+2]<-12<-N=C[N-]->2C=O
CIZBOC,,C9 H32 B1 P3 Ru1,0.0,CP(C)(C)->[RuH+]1(<-[H][BH2-][H]->1)(<-P(C)(C)C)<-P(C)(C)C,[BH2+]->[RuH3-](<-P(C)(C)C)(<-P(C)(C)C)<-P(C)(C)C,[BH2+]->[RuH3-](<-P(C)(C)C)(<-P(C)(C)C)<-P(C)(C)C
CMACBP,CN[C](OC)->[Pd+2](<-[Cl-])(<-[Cl-])<-[C](NC)OC,C6 H14 Cl2 N2 O2 Pd1,0.0,fail,CN[C](OC)->[Pd+2](<-[Cl-])(<-[Cl-])<-[C](NC)OC,CN[C](OC)->[Pd+2](<-[Cl-])(<-[Cl-])<-[C](NC)OC
COBQEQ,CN1C=CN(C)C1=C(->[Au+]<-P(c1ccccc1)(c1ccccc1)c1ccccc1)C(=O)c1ccccc1,C31 H29 Au1 N2 O1 P1 1+,1.0,Cn1cc[n+](C)c1[CH-](->[Au+]<-P(c1ccccc1)(c1ccccc1)c1ccccc1)C(=O)c1ccccc1,CN1C=CN(C)C1=C(->[Au+]<-P(c1ccccc1)(c1ccccc1)c1ccccc1)C(=O)c1ccccc1,CN1C=CN(C)C1=C(->[Au+]<-P(c1ccccc1)(c1ccccc1)c1ccccc1)C(=O)c1ccccc1
COCDAZ,CCP(c1ccccc1)(c1ccccc1)->[Co@OH20+3]12(<-[CH-](C)C#N)(<-N(=O)/C(C)=C(/C)[N-]->1[O-])<-N(/O)=C(C)\C(C)=N->2\O,C25 H33 Co1 N5 O4 P1,0.0,CCP(c1ccccc1)(c1ccccc1)->[Co+]12(<-[CH-](C)C#N)(<-N([O])=C(C)C(C)=N->1[O])<-N(O)=C(C)C(C)=N->2O,CCP(c1ccccc1)(c1ccccc1)->[Co+]12(<-[CH-](C)C#N)(<-N(=O)C(C)=C(C)N->1=O)<-N(O)=C(C)C(C)=N->2O,CCP(c1ccccc1)(c1ccccc1)->[Co+]12(<-[CH-](C)C#N)(<-N(=O)C(C)=C(C)N->1=O)<-N(O)=C(C)C(C)=N->2O
CODNEP,CC(C)(C)C(=O)CN1C=CN(Cc2ccccc2)[C]1->[Pd+2](<-[Br-])(<-[Br-])<-[C]1N(CC(=O)C(C)(C)C)C=CN1Cc1ccccc1,C32 H40 Br2 N4 O2 Pd1,0.0,CC(C)(C)C(=O)CN1C=CN(Cc2ccccc2)[C]1->[Pd+2](<-[Br-])(<-[Br-])<-[C]1N(CC(=O)C(C)(C)C)C=CN1Cc1ccccc1,CC(C)(C)C(=O)CN1C=CN(Cc2ccccc2)[C]1->[Pd+2](<-[Br-])(<-[Br-])<-[C]1N(CC(=O)C(C)(C)C)C=CN1Cc1ccccc1,CC(C)(C)C(=O)CN1C=CN(Cc2ccccc2)[C]1->[Pd+2](<-[Br-])(<-[Br-])<-[C]1N(CC(=O)C(C)(C)C)C=CN1Cc1ccccc1
CODXEB,[H]/N=C1/c2ccccc2C2/N=C3/c4ccccc4C(OC)(OC)[N-]3->[Zn+2]3(<-N=21)<-N1=C(/N=C2/c4ccccc4C(OC)(OC)[N-]->32)c2ccccc2/C1=N/[H],C36 H30 N8 O4 Zn1,0.0,COC1(OC)c2ccccc2C2N=C3c4ccccc4C(=N)[N-]3->[Zn+2]3(<-N=21)<-N1=C(N=C2c4ccccc4C(=N)[N-]->32)c2ccccc2C1(OC)OC,COC1(OC)c2ccccc2C2=NC3=N(->[Zn+2]4(<-N5=C(N=C6c7ccccc7C(OC)(OC)[N-]->46)c4ccccc4C5=N)<-[N-]21)C(=N)c1ccccc13,COC1(OC)c2ccccc2C2=NC3=N(->[Zn+2]4(<-N5=C(N=C6c7ccccc7C(OC)(OC)[N-]->46)c4ccccc4C5=N)<-[N-]21)C(=N)c1ccccc13
COFKEQ,CC#N->[Cd+2]123(<-[O-][N+](=O)[O-]->1)(<-[O-][N+](=O)[O-]->2)<-N(=C\c1ccc2ccccc2n->31)/c1c(C(C)C)cccc1C(C)C,C24 H27 Cd1 N5 O6,0.0,CC#N->[Cd+2]123(<-[O-][N+](=O)[O-]->1)(<-[O-][N+](=O)[O-]->2)<-N(=Cc1ccc2ccccc2n->31)c1c(C(C)C)cccc1C(C)C,CC#N->[Cd+2]123(<-[O-][N+](=O)[O-]->1)(<-[O-][N+](=O)[O-]->2)<-N(=Cc1ccc2ccccc2n->31)c1c(C(C)C)cccc1C(C)C,CC#N->[Cd+2]12345(<-[O-][N+]->1(=O)[O-]->2)(<-[O-][N+]->3(=O)[O-]->4)<-N(=Cc1ccc2ccccc2n->51)c1c(C(C)C)cccc1C(C)C
COFSOI,CN1c2ccccc2N2c3cccc[c-]3->[Pt@OH15+2]3(<-[O-]C(=O)CN->3(C)C)<-[C]12,C18 H19 N3 O2 Pt1,0.0,CN1c2ccccc2N2c3cccc[c-]3->[Pt+2]3(<-[O-]C(=O)CN->3(C)C)<-[C]12,CN1c2ccccc2N2c3cccc[c-]3->[Pt+2]3(<-[O-]C(=O)CN->3(C)C)<-[C]12,CN1c2ccccc2N2c3cccc[c-]3->[Pt+2]3(<-[O-]C(=O)CN->3(C)C)<-[C]12
COFWUP,CC(C)(CC1(=O)[CH-]2C(c3ccccc3)(=P(C)(C)C)->[Ni+2]<-2<-1(<-[Cl-])<-P(C)(C)C)c1ccccc1,C25 H37 Cl1 Ni1 O1 P2,0.0,CC(C)(CC(=O)[CH-]1[C-](c2ccccc2)([P](C)(C)C)->[Ni+3]<-1(<-[Cl-])<-P(C)(C)C)c1ccccc1,CC(C)(CC(=O)[CH-]1C(c2ccccc2)(=P(C)(C)C)->[Ni+2]<-1(<-[Cl-])<-P(C)(C)C)c1ccccc1,CC(C)(CC12->[Ni+2]3(<-[Cl-])(<-C=1[C-]->3(c1ccccc1)P(C)(C)(C)O2)<-P(C)(C)C)c1ccccc1
COHVOL,C=CCN/C1=C(\NCC=C)[N-](O)->[Ni+2]2(<-N1=O)<-N(=O)/C(NCC=C)=C(/NCC=C)[N-]->2O,C16 H26 N8 Ni1 O4,0.0,C=CCNC1C(NCC=C)=N(O)->[Ni]2(<-N=1[O])<-N([O])=C(NCC=C)C(NCC=C)=N->2O,C=CCNC1=C(NCC=C)[N-](O)->[Ni+2]2(<-N1=O)<-N(=O)C(NCC=C)=C(NCC=C)[N-]->2O,C=CCNC1=C(NCC=C)[N-](O)->[Ni+2]2(<-N1=O)<-N(=O)C(NCC=C)=C(NCC=C)[N-]->2O
COJJIX,CSC1=N/[N-]2->[Ni@SP1+2]34<-N\1=N/C(=C1[CH+][CH+][CH-][CH-][CH+]1)C(=C1[CH+][CH-][CH-][CH+][CH-]1)[N-]->3/N=C(/SC)[N-]->4/N=C(/c1ccccc1)C2=C1[CH+][CH+][CH+][CH-][CH-]1,C32 H26 N8 Ni1 S2,0.0,CSC1=NN2->[Ni+2]34<-N(=C(c5ccccc5)C(c5ccccc5)=N[N-]->31)N=C(SC)[N-]->4N=C(c1ccccc1)C=2c1ccccc1,CSc1nn2->[Ni]34<-n1nc(-c1ccccc1)c(-c1ccccc1)n->3nc(SC)n->4nc(-c1ccccc1)c2-c1ccccc1,CSc1nn2->[Ni]34<-n1nc(-c1ccccc1)c(-c1ccccc1)n->3nc(SC)n->4nc(-c1ccccc1)c2-c1ccccc1
COKGIS,C[Si](C)(C)[c-]12->[Ti+4]3456789%10(<-[S-]SSS[S-]->3)(<-c(c->4c->51)c->62)<-c1c->7c->8[c-]->9([Si](C)(C)C)c->%101,C16 H26 S5 Si2 Ti1,0.0,C[Si](C)(C)c12->[Ti+4]3456789%10(<-[S-]SSS[S-]->3)(<-c3c->4[cH-]->5c->6([Si](C)(C)C)c->73)<-c(c->81)[cH-]->9c->%102,C[Si](C)(C)[c-]12->[Ti+2]3456789%10(<-S=S=S=S=S->3)(<-c(c->4c->51)c->62)<-c1c->7c->8[c-]->9([Si](C)(C)C)c->%101,C[Si](C)(C)[c-]12->[Ti+2]3456789%10(<-S=S=S=S=S->3)(<-c(c->4c->51)c->62)<-c1c->7c->8[c-]->9([Si](C)(C)C)c->%101
COLPIC,,C8 H5 Cl5 Cr1 N3 O3 P3,0.0,[O+]#[C-]->[Cr+]1234(<-[C-]#[O+])(<-[C-]#[O+])(<-c5c->1c->2[cH-]->3c->45)<-[PH]1(Cl)=NP(Cl)(Cl)=NP(Cl)(Cl)=N1,[O+]#[C-]->[Cr+2]1234(<-[C-]#[O+])(<-[C-]#[O+])(<-c5c->1c->2[cH-]->3c->45)<-P1(Cl)N=P(Cl)(Cl)N=P(Cl)(Cl)[N-]1,[O+]#[C-]->[Cr+2]1234(<-[C-]#[O+])(<-[C-]#[O+])(<-c5c->1c->2[cH-]->3c->45)<-P1(Cl)N=P(Cl)(Cl)N=P(Cl)(Cl)[N-]1
COMKEV,Cc1cc(C)c([B-]23(Cl)[H]->[Ru+2]<-24567(<-[H]3)(<-c2(C)c->4(C)c->5(C)[c-]->6(C)c->72C)<-P(C(C)C)(C(C)C)C(C)C)c(C)c1,C28 H49 B1 Cl1 P1 Ru1,0.0,Cc1cc(C)c([B-]23(Cl)[H]->[Ru+3]<-24567(<-[HH-]3)(<-c2(C)c->4(C)c->5(C)[c-]->6(C)c->72C)<-P(C(C)C)(C(C)C)C(C)C)c(C)c1,CC1=C[C-](C)C(=B(Cl)->[RuH2+2]2345(<-c6(C)c->2(C)c->3(C)[c-]->4(C)c->56C)<-P(C(C)C)(C(C)C)C(C)C)C(C)=C1,CC1=C[C+](C)C(=B(Cl)->[RuH2]2345(<-c6(C)c->2(C)c->3(C)[c-]->4(C)c->56C)<-P(C(C)C)(C(C)C)C(C)C)C(C)=C1
CONAEN,N->[Co+3]123(<-NCCN->1)(<-[O-]N->2=O)(<-[O-]N->3=O)<-N(=O)[O-],C2 H11 Co1 N6 O6,0.0,N->[Co-3]1(<-NCCN->1)(<-[N+](=O)=O)(<-[N+](=O)=O)<-[N+](=O)=O,N->[Co+3]1(<-NCCN->1)(<-N(=O)[O-])(<-N(=O)[O-])<-N(=O)[O-],N->[Co+3]1(<-NCCN->1)(<-N(=O)[O-])(<-N(=O)[O-])<-N(=O)[O-]
COPHUK,[O+]#[C-]->[Fe](<-[C-]#[O+])(<-[C-]#[O+])(<-[C-]#[O+])<-C=P(c1ccccc1)(c1ccccc1)c1ccccc1,C23 H17 Fe1 O4 P1,0.0,[O+]#[C-]->[Fe+](<-[C-]#[O+])(<-[C-]#[O+])(<-[C-]#[O+])<-[CH2-][P](c1ccccc1)(c1ccccc1)c1ccccc1,[O+]#[C-]->[Fe](<-[C-]#[O+])(<-[C-]#[O+])(<-[C-]#[O+])<-C=P(c1ccccc1)(c1ccccc1)c1ccccc1,[O+]#[C-]->[Fe](<-[C-]#[O+])(<-[C-]#[O+])(<-[C-]#[O+])<-C=P(c1ccccc1)(c1ccccc1)c1ccccc1
COPQEE,C/C1=C(\C)[N-](O)->[Co+3]2(<-[Cl-])(<-N1=O)(<-N(=O)/C(C)=C(/C)[N-]->2O)<-n1ccc(Br)cc1,C13 H18 Br1 Cl1 Co1 N5 O4,0.0,CC1C(C)=N(O)->[Co+]2(<-[Cl-])(<-N=1[O])(<-N([O])=C(C)C(C)=N->2O)<-n1ccc(Br)cc1,CC1=C(C)[N-](O)->[Co+3]2(<-[Cl-])(<-N1=O)(<-N(=O)C(C)=C(C)[N-]->2O)<-n1ccc(Br)cc1,CC1=C(C)[N-](O)->[Co+3]2(<-[Cl-])(<-N1=O)(<-N(=O)C(C)=C(C)[N-]->2O)<-n1ccc(Br)cc1
COQKOJ,C[Si]1(C)[N-]2/C(c3ccccc3)=N(/c3ccccc3)->[Zr+4]<-234567(<-[Cl-])(<-c2c->3c->4[cH-]->5c->62)(<-N(=C(/c2ccccc2)[N-]->71)/c1ccccc1)<-O1CCCC1,C37 H39 Cl1 N4 O1 Si1 Zr1,0.0,C[Si]1(C)N2=C(c3ccccc3)[N-](c3ccccc3)->[Zr+4]<-234567(<-[Cl-])(<-c2c->3c->4[cH-]->5c->62)(<-N(=C(c2ccccc2)[N-]->71)c1ccccc1)<-O1CCCC1,C[Si]1(C)N2=C(c3ccccc3)[N-](c3ccccc3)->[Zr+4]<-234567(<-[Cl-])(<-c2c->3c->4[cH-]->5c->62)(<-N(=C(c2ccccc2)[N-]->71)c1ccccc1)<-O1CCCC1,C[Si]1(C)N2=C(c3ccccc3)[N-](c3ccccc3)->[Zr+4]<-234567(<-[Cl-])(<-c2c->3c->4[cH-]->5c->62)(<-N(=C(c2ccccc2)[N-]->71)c1ccccc1)<-O1CCCC1
CORCAP,,C18 H16 N2 O10 Zn1,0.0,fail,O=C(C=Cc1ccc([N+](=O)[O-])cc1)[O-]->[Zn+2](<-O)(<-O)<-[O-]C(=O)C=Cc1ccc([N+](=O)[O-])cc1,O=[N+]([O-])c1ccc(C=CC23=O->[Zn+2]<-245(<-O)(<-O)(<-O=C->4(C=Cc2ccc([N+](=O)[O-])cc2)[O-]->5)<-[O-]3)cc1
CORQAB,Cc12->[Ru+2]345(<-[Cl-])(<-[Cl-])(<-s1c->3(C)c->4(C)c->52C)<-[P@TB5](C)(C)c1ccccc1,C16 H23 Cl2 P1 Ru1 S1,0.0,CC12->[Ru+3]345(<-[Cl-])(<-[Cl-])(<-[SH-]1C->3(C)=C->4(C)C->5=2C)<-P(C)(C)c1ccccc1,Cc12->[Ru+2]345(<-[Cl-])(<-[Cl-])(<-s1c->3(C)c->4(C)c->52C)<-P(C)(C)c1ccccc1,Cc12->[Ru+2]345(<-[Cl-])(<-[Cl-])(<-s1c->3(C)c->4(C)c->52C)<-P(C)(C)c1ccccc1
COSHEZ,CS(C)(=O)->[Ru+2]1(<-[Cl-])(<-[Cl-])(<-O=C(N/N->1=C\c1c(O)ccc2ccccc12)c1ccccc1)<-S(C)(C)=O,C22 H26 Cl2 N2 O4 Ru1 S2,0.0,CS(C)(=O)->[Ru+2]1(<-[Cl-])(<-[Cl-])(<-O=C(NN->1=Cc1c(O)ccc2ccccc12)c1ccccc1)<-S(C)(C)=O,CS(C)(=O)->[Ru+2]1(<-[Cl-])(<-[Cl-])(<-O=C(NN->1=Cc1c(O)ccc2ccccc12)c1ccccc1)<-S(C)(C)=O,CS(C)(=O)->[Ru+2]1(<-[Cl-])(<-[Cl-])(<-O=C(NN->1=Cc1c(O)ccc2ccccc12)c1ccccc1)<-S(C)(C)=O
COSWUC,CC(C)CP(CC(C)C)(CC(C)C)=S->[Pd+2](<-[Cl-])(<-[Cl-])<-S=P(CC(C)C)(CC(C)C)CC(C)C,C24 H54 Cl2 P2 Pd1 S2,0.0,CC(C)C[P](CC(C)C)(CC(C)C)[S-]->[Pd+4](<-[Cl-])(<-[Cl-])<-[S-][P](CC(C)C)(CC(C)C)CC(C)C,CC(C)CP(CC(C)C)(CC(C)C)=S->[Pd+2](<-[Cl-])(<-[Cl-])<-S=P(CC(C)C)(CC(C)C)CC(C)C,CC(C)CP(CC(C)C)(CC(C)C)=S->[Pd+2](<-[Cl-])(<-[Cl-])<-S=P(CC(C)C)(CC(C)C)CC(C)C
COTWEN,,C46 H31 Co1 N4 O1,0.0,O=C[CH2-]->[Co+3]123<-n4c5c(-c6ccccc6)c6ccc(c(-c7ccccc7)c7n->1c(c(-c1ccccc1)c1ccc(c(-c8ccccc8)c4C=C5)[n-]->21)C=C7)[n-]->36,O=C[CH2-]->[Co+3]123<-n4c5c(-c6ccccc6)c6ccc(c(-c7ccccc7)c7n->1c(c(-c1ccccc1)c1ccc(c(-c8ccccc8)c4C=C5)[n-]->21)C=C7)[n-]->36,O=C[CH2-]->[Co+3]123<-n4c5c(-c6ccccc6)c6ccc(c(-c7ccccc7)c7n->1c(c(-c1ccccc1)c1ccc(c(-c8ccccc8)c4C=C5)[n-]->21)C=C7)[n-]->36
COXMOT,CN1c2ccccc2N2c3ccccn3->[Re+](<-[C-]#[O+])(<-[C-]#[O+])(<-[C-]#[O+])(<-[O-]C(=O)c3ccccc3)<-[C]12,C23 H16 N3 O5 Re1,0.0,CN1c2ccccc2N2c3ccccn3->[Re+](<-[C-]#[O+])(<-[C-]#[O+])(<-[C-]#[O+])(<-[O-]C(=O)c3ccccc3)<-[C]12,CN1c2ccccc2N2c3ccccn3->[Re+](<-[C-]#[O+])(<-[C-]#[O+])(<-[C-]#[O+])(<-[O-]C(=O)c3ccccc3)<-[C]12,CN1c2ccccc2N2c3ccccn3->[Re+]3(<-[C-]#[O+])(<-[C-]#[O+])(<-O=C(O[C-]->3=O)c3ccccc3)<-[C]12
COZWAP,COC1CS2->[Cu+]3(<-S(CCC2)C1)<-S1CCCS->3CC(OC)C1,C14 H28 Cu1 O2 S4 1+,1.0,COC1CS2->[Cu+]3(<-S(CCC2)C1)<-S1CCCS->3CC(OC)C1,COC1CS2->[Cu+]3(<-S(CCC2)C1)<-S1CCCS->3CC(OC)C1,COC1CS2->[Cu+]34(<-O(C)C5CS->3CCCS->4C5)<-S(CCC2)C1
CPCBMO,,C11 H11 Mo1 O1 1+,1.0,[O+]#[C-]->[MoH+3]12345678(<-c9c->1c->2[cH-]->3c->49)<-c1c->5c->6[cH-]->7c->81,[O+]#[C-]->[MoH+3]12345678(<-c9c->1c->2[cH-]->3c->49)<-c1c->5c->6[cH-]->7c->81,[O+]#[C-]->[MoH+3]12345678(<-c9c->1c->2[cH-]->3c->49)<-c1c->5c->6[cH-]->7c->81
CPMNTI,N#C/C1[S-]->[Ti+4]23456789(<-[S-]/C=1C#N)(<-c1c->2c->3[cH-]->4c->51)<-c1c->6c->7[cH-]->8c->91,C14 H10 N2 S2 Ti1,0.0,N#CC1[S-]->[Ti+4]23456789(<-[S-]C=1C#N)(<-c1c->2c->3[cH-]->4c->51)<-c1c->6c->7[cH-]->8c->91,N#CC1[S-]->[Ti+4]23456789(<-[S-]C=1C#N)(<-c1c->2c->3[cH-]->4c->51)<-c1c->6c->7[cH-]->8c->91,N#CC1[S-]->[Ti+4]23456789(<-[S-]C=1C#N)(<-c1c->2c->3[cH-]->4c->51)<-c1c->6c->7[cH-]->8c->91
CPVPBU,,C35 H25 O2 V1,0.0,[O+]#[C]->[V+]1234567(<-[C]#[O+])(<-c8c->1c->2[cH-]->3c->48)<-C1(c2ccccc2)=C->5(c2ccccc2)C->6(c2ccccc2)=C->71c1ccccc1,[O+]#[C-]->[V+3]1234567(<-[C-]#[O+])(<-[c-]8c->1c->2[cH-]->3c->48)<-C1(c2[c-]cccc2)=C->5(c2ccccc2)C->6(c2ccccc2)=C->71c1ccccc1,[O+]#[C-]->[V+]1234567(<-[C-]#[O+])(<-c8c->1c->2[cH-]->3c->48)<-C1(c2ccccc2)=C->5(c2ccccc2)C->6(c2c3cccc2-3)=C->71c1ccccc1
CUBPAS,,C29 H37 Fe1 N2 O3 P1,0.0,CC(C)c1cccc(C(C)C)c1N1C=CN(c2c(C(C)C)cccc2C(C)C)[P-2]1->[FeH+2](<-[C-]#[O+])(<-[C-]#[O+])<-[C-]#[O+],CC(C)c1cccc(C(C)C)c1N1C=CN(c2c(C(C)C)cccc2C(C)C)[P-]1->[FeH+](<-[C-]#[O+])(<-[C-]#[O+])<-[C-]#[O+],CC(C)c1cccc(C(C)C)c1N1C=CN(c2c(C(C)C)cccc2C(C)C)[P-]1->[FeH+](<-[C-]#[O+])(<-[C-]#[O+])<-[C-]#[O+]
CUCTUR,,C38 H34 P2 Ti1,0.0,C1CP(c2ccccc2)(c2ccccc2)->[Ti+4]23456789%10(<-[C-]=1[CH-]->2P(c1ccccc1)c1ccccc1)(<-c1c->3c->4[cH-]->5c->61)<-c1c->7c->8[cH-]->9c->%101,C1CP(c2ccccc2)(c2ccccc2)->[Ti+2]23456789%10(<-C=1=C->2P(c1ccccc1)c1ccccc1)(<-c1c->3c->4[cH-]->5c->61)<-c1c->7c->8[cH-]->9c->%101,C1CP(c2ccccc2)(c2ccccc2)->[Ti+2]23456789%10(<-C=1=C->2P(c1ccccc1)c1ccccc1)(<-c1c->3c->4[cH-]->5c->61)<-c1c->7c->8[cH-]->9c->%101
CUDHUF,Cn1c(-c2ccccc2)[c-](->[Pd+2](<-[I-])(<-[I-])<-n2ccccc2)[n+]2ccccc12,C19 H17 I2 N3 Pd1,0.0,C[N+]1=C(c2ccccc2)[C](->[Pd](<-[I-])(<-[I-])<-n2ccccc2)[n+]2ccccc21,Cn1c(-c2ccccc2)[c-](->[Pd+2](<-[I-])(<-[I-])<-n2ccccc2)[n+]2ccccc12,Cn1c(-c2ccccc2)[c-](->[Pd+2](<-[I-])(<-[I-])<-n2ccccc2)[n+]2ccccc12
CUDXIJ,CN(C)CC[N@+]1(C)[CH2-]->[Zn+2](<-[c-]2ccccc21)<-[C-](C)(C)C,C16 H28 N2 Zn1,0.0,C[C-](C)(C)->[Zn+2]12<-[CH2-][N+](C)(CCN->1(C)C)c1cccc[c-]->21,C[C-](C)(C)->[Zn+2]12<-[CH2-][N+](C)(CCN->1(C)C)c1cccc[c-]->21,CN(C)CC[N+]1(C)[CH2-]->[Zn+2](<-[c-]2ccccc21)<-[C-](C)(C)C
CUFTAA,Cc1cccc(C)c1-c1ccc/c2=N(\c3c(C(C)C)cccc3C(C)C)->[Rh+3]3456(<-[Cl-])(<-[n-]12)<-c1(C)c->3(C)c->4(C)[c-]->5(C)c->61C,C35 H44 Cl1 N2 Rh1,0.0,Cc1cccc(C)c1-c1cccc2[N-](c3c(C(C)C)cccc3C(C)C)->[Rh+3]3456(<-[Cl-])(<-n12)<-c1(C)c->3(C)c->4(C)[c-]->5(C)c->61C,Cc1cccc(C)c1-c1cccc2=N(c3c(C(C)C)cccc3C(C)C)->[Rh+3]3456(<-[Cl-])(<-[n-]12)<-c1(C)c->3(C)c->4(C)[c-]->5(C)c->61C,Cc1cccc(C)c1-c1cccc2=N(c3c(C(C)C)cccc3C(C)C)->[Rh+3]3456(<-[Cl-])(<-[n-]12)<-c1(C)c->3(C)c->4(C)[c-]->5(C)c->61C
CUHCEO,Cc1cc(C)c(N2CCN(c3c(C)cc(C)cc3C)[C]2->[Ru+4]2(<-[Cl-])(<-[Cl-])<-[CH-]=C3C=C[CH-]C=C3S->2c2ccc3ccccc3c2)c(C)c1,C38 H38 Cl2 N2 Ru1 S1,0.0,Cc1cc(C)c(N2CCN(c3c(C)cc(C)cc3C)[C]2->[Ru+4]2(<-[Cl-])(<-[Cl-])<-[CH-2]c3ccccc3S->2c2ccc3ccccc3c2)c(C)c1,Cc1cc(C)c(N2CCN(c3c(C)cc(C)cc3C)[C]2->[Ru+2]2(<-[Cl-])(<-[Cl-])<-[CH]c3ccccc3S->2c2ccc3ccccc3c2)c(C)c1,Cc1cc(C)c(N2CCN(c3c(C)cc(C)cc3C)[C]2->[Ru+2]2(<-[Cl-])(<-[Cl-])<-[CH]c3ccccc3S->2c2ccc3ccccc3c2)c(C)c1
CUJROP,CC1(C)c2cccc(P(c3ccccc3)c3ccccc3)c2Oc2c1cccc2P(->[Au+]<-[Cl-])(c1ccccc1)c1ccccc1,C39 H32 Au1 Cl1 O1 P2,0.0,CC1(C)c2cccc3P(c4ccccc4)(c4ccccc4)->[Au+](<-[Cl-])<-P(c4ccccc4)(c4ccccc4)c4cccc1c4Oc23,CC1(C)c2cccc3P(c4ccccc4)(c4ccccc4)->[Au+](<-[Cl-])<-P(c4ccccc4)(c4ccccc4)c4cccc1c4Oc23,CC1(C)c2cccc(P(c3ccccc3)c3ccccc3)c2Oc2c1cccc2P(->[Au+]<-[Cl-])(c1ccccc1)c1ccccc1
CUKMEA,,C24 H35 P2 Re1,0.0,fail,CP(C)(c1ccccc1)->[ReH2+]1234(<-C5=C->1[CH-]->2C->3=C->4CCC5)<-P(C)(C)c1ccccc1,CP(C)(c1ccccc1)->[ReH2+]1234(<-C5=C->1[CH-]->2C->3=C->4CCC5)<-P(C)(C)c1ccccc1
CUMTEJ,C/C1[S-]->[W+4]2(<-[C-]#[O+])(<-[C-]#[O+])(<-[S-]/C=1C)<-[S-]/C(C)=C(\C)[S-]->2,C10 H12 O2 S4 W1,0.0,CC1[S-]->[W+4]2(<-[C-]#[O+])(<-[C-]#[O+])(<-[S-]C=1C)<-[S-]C(C)=C(C)[S-]->2,CC1=S->[W]2(<-[C-]#[O+])(<-[C-]#[O+])(<-S=C1C)<-S=C(C)C(C)=S->2,CC1=S->[W]2(<-[C-]#[O+])(<-[C-]#[O+])(<-S=C1C)<-S=C(C)C(C)=S->2
CUNQUX,O=c1scc(/C2=C/[S-]->[Pt+2]345(<-[S-]2)<-C2=C->3/CC/C->4=C->5\CC\2)s1,C13 H14 O1 Pt1 S4,0.0,O=c1scc(C2=C[S-]->[Pt+2]345(<-[S-]2)<-C2=C->3CCC->4=C->5CC2)s1,O=c1scc(C2C=S->[Pt]345(<-S=2)<-C2=C->3CCC->4=C->5CC2)s1,O=c1scc(C2C=S->[Pt]345(<-S=2)<-C2=C->3CCC->4=C->5CC2)s1
CUQPIO,Fc1ccc(-c2nnn(Cc3ccccc3)[c-]2->[Au+]<-P(c2ccccc2)(c2ccccc2)c2ccccc2)cc1,C33 H26 Au1 F1 N3 P1,0.0,Fc1ccc(-c2nnn(Cc3ccccc3)[c]2->[Au]<-P(c2ccccc2)(c2ccccc2)c2ccccc2)cc1,Fc1ccc(-c2nnn(Cc3ccccc3)[c-]2->[Au+]<-P(c2ccccc2)(c2ccccc2)c2ccccc2)cc1,Fc1ccc(-c2nnn(Cc3ccccc3)[c-]2->[Au+]<-P(c2ccccc2)(c2ccccc2)c2ccccc2)cc1
CURGEC,,C19 H27 Co1 N2 O4,0.0,Cc12->[Co+]3456(<-[cH-]1c->3(C)c->4(C)c->52C)<-N(=O)C12COCC1(N->6=O)C1(O)CCCC2C1,Cc12->[Co+3]3456(<-c1[c-]->3(C)c->4(C)c->52C)<-N(=O)C12COCC1([N-]->6[O-])C1CCCC2(O)C1,Cc12->[Co+3]3456(<-c1[c-]->3(C)c->4(C)c->52C)<-N(=O)C12COCC1([N-]->6[O-])C1CCCC2(O)C1
CUSBOJ,N#C/C1[S-]->[Mo+4]2(<-[O-2])(<-[S-]\C=1C#N)(<-[Se-]c1ccccc1)<-n1cccc3ccc4cccn->2c4c31,C22 H13 Mo1 N4 O1 S2 Se1 1-,-1.0,N#CC1[S-]->[Mo+4]2(<-[O-2])(<-[S-]C=1C#N)(<-[Se-]c1ccccc1)<-n1cccc3ccc4cccn->2c4c31,N#CC1[S-]->[Mo+4]2(<-[O-2])(<-[S-]C=1C#N)(<-[Se-]c1ccccc1)<-n1cccc3ccc4cccn->2c4c31,N#CC1[S-]->[Mo+4]2(<-[O-2])(<-[S-]C=1C#N)(<-[Se-]c1ccccc1)<-n1cccc3ccc4cccn->2c4c31
CUTLUA,Cc12->[Rh+3]3456(<-[Cl-])(<-[O-]N7C=CC=C8C=CC=C->3=C87)<-c1(C)c->4(C)[c-]->5(C)c->62C,C19 H21 Cl1 N1 O1 Rh1,0.0,Cc12->[Rh+2]3456(<-[Cl-])(<-[O-][n+]7cccc8ccc[c-]->3c87)<-c1(C)c->4(C)[c-]->5(C)c->62C,Cc12->[Rh+3]3456(<-[Cl-])(<-[O-]N7C=CC=C8C=CC=C->3=C87)<-c1(C)c->4(C)[c-]->5(C)c->62C,Cc12->[Rh+3]3456(<-[Cl-])(<-[O-]N7C=CC=C8C=CC=C->3=C87)<-c1(C)c->4(C)[c-]->5(C)c->62C
CUWHOS,,C23 H41 B1 Fe1 N2 O2,0.0,CC1=C(C)N(C)[C](->[Fe+2]23456(<-[H][B-]7([H]->2)OC(C)(C)C(C)(C)O7)<-c2(C)c->3(C)c->4(C)[c-]->5(C)c->62C)N1C,CC1=C(C)N(C)[C](->[FeH2]2345(<-B6=[O+]C(C)(C)C(C)(C)O6)<-c6(C)c->2(C)c->3(C)[c-]->4(C)c->56C)N1C,CC1=C(C)N(C)[C](->[FeH2]2345(<-B6=[O+]C(C)(C)C(C)(C)O6)<-c6(C)c->2(C)c->3(C)[c-]->4(C)c->56C)N1C
CUXZEA,S=P([S-]->[Hg+2]<-[c-]1ccccc1-c1ccccn1)(C1CCCCC1)C1CCCCC1,C23 H30 Hg1 N1 P1 S2,0.0,c1cc[c-]2->[Hg+2]3(<-S=P([S-]->3)(C3CCCCC3)C3CCCCC3)<-n3ccccc3-c2c1,S=P([S-]->[Hg+2]<-[c-]1ccccc1-c1ccccn1)(C1CCCCC1)C1CCCCC1,c1ccc(-c2cccc[c-]2->[Hg+2]2<-S=P([S-]->2)(C2CCCCC2)C2CCCCC2)nc1
CUZQUL,,C40 H41 Fe1 N3,0.0,CCC1c2cccc3C(CC)=N(c4c(C)cccc4C)->[Fe+2](<-[C-2](c4ccccc4)c4ccccc4)(<-N=1c1c(C)cccc1C)<-n23,CCC1c2cccc3C(CC)=N(c4c(C)cccc4C)->[Fe](<-[C](c4ccccc4)c4ccccc4)(<-N=1c1c(C)cccc1C)<-n23,CCC1c2cccc3C(CC)=N(c4c(C)cccc4C)->[Fe](<-[C](c4ccccc4)c4ccccc4)(<-N=1c1c(C)cccc1C)<-n23
DABPUT,O=c1sc2cc3[S-]->[Ni+2]4(<-[S-]c3cc2s1)<-P(CCP->4(c1ccccc1)c1ccccc1)(c1ccccc1)c1ccccc1,C33 H26 Ni1 O1 P2 S4,0.0,fail,O=c1sc2cc3[S-]->[Ni+2]4(<-[S-]c3cc2s1)<-P(CCP->4(c1ccccc1)c1ccccc1)(c1ccccc1)c1ccccc1,O=c1sc2c(s1)=CC1=S->[Ni]3(<-S=C1C=2)<-P(CCP->3(c1ccccc1)c1ccccc1)(c1ccccc1)c1ccccc1
DAFDAP,,C16 H20 Co1 F3 N6 O4,0.0,CC1C(C)=N(O)->[Co+]2(<-[CH2-]C(F)(F)F)(<-N=1[O])(<-N([O])=C(C)C(C)=N->2O)<-n1ccc(C#N)cc1,CC1=C(C)[N-](O)->[Co+3]2(<-[CH2-]C(F)(F)F)(<-N1=O)(<-N(=O)C(C)=C(C)[N-]->2O)<-n1ccc(C#N)cc1,CC1=C(C)[N-](O)->[Co+3]2(<-[CH2-]C(F)(F)F)(<-N1=O)(<-N(=O)C(C)=C(C)[N-]->2O)<-n1ccc(C#N)cc1
DAGMAZ,CCOC(=O)[C-]1(Cc2cccc3-c4ccccn4->[Pd@TB3+2]<-1(<-[Cl-])<-n23)C(=O)OCC,C18 H19 Cl1 N2 O4 Pd1,0.0,CCOC(=O)[C-]1(Cc2cccc3-c4ccccn4->[Pd+2]<-1(<-[Cl-])<-n23)C(=O)OCC,CCOC(=O)[C-]1(Cc2cccc3-c4ccccn4->[Pd+2]<-1(<-[Cl-])<-n23)C(=O)OCC,CCOC(=O)[C-]12Cc3cccc4-c5ccccn5->[Pd+2]<-1(<-[Cl-])(<-n34)<-C2(=O)OCC
DAHHAX,,C22 H18 B1 Cd1 F4 N6 O1 1+,1.0,F[B-](F)(F)F->[Cd+2]123<-n4ccccc4-c4ccn(Cc5ccc(Cn6ccc(-c7ccccn->17)n->26)o5)n->34,F[B-](F)(F)F.c1ccn2->[Cd+2]34<-n5ccccc5-c5ccn(n->35)Cc3ccc(o3)Cn3ccc(n->43)-c2c1,F[B-](F)(F)F.c1ccn2->[Cd+2]34<-n5ccccc5-c5ccn(n->35)Cc3ccc(o3)Cn3ccc(n->43)-c2c1
DAHVIR,N#CC1=C(\C#N)[N-]2->[Ni@SP1+2]34<-N\1=C/C=C\[N-]->3/C(C#N)=C(C#N)\N->4=C\C=C/2,C14 H6 N8 Ni1,0.0,N#CC1=C(C#N)[N-]2->[Ni+2]34<-N1=CC=C[N-]->3C(C#N)=C(C#N)N->4=CC=C2,N#CC1=C(C#N)[N-]2->[Ni+2]34<-N1=CC=C[N-]->3C(C#N)=C(C#N)N->4=CC=C2,N#CC1=C(C#N)[N-]2->[Ni+2]34<-N1=CC=C[N-]->3C(C#N)=C(C#N)N->4=CC=C2
DAJCEZ,,C18 H40 Cl1 N1 O1 P2 Ru1,0.0,CC(C)P1(CCN2(C)CCP(C(C)C)(C(C)C)->[RuH+]<-2<-1(<-[Cl-])<-[C-]#[O+])C(C)C,CC(C)P1(CCN2(C)CCP(C(C)C)(C(C)C)->[RuH+]<-2<-1(<-[Cl-])<-[C-]#[O+])C(C)C,CC(C)P1(CCN2(C)CCP(C(C)C)(C(C)C)->[RuH+]<-2<-1(<-[Cl-])<-[C-]#[O+])C(C)C
DAJKIL,Cn1ccn2->[Zn+2]3(<-[Cl-])<-n4ccn(C)c4S[C-](Sc12)Sc1n(C)ccn->31,C13 H15 Cl1 N6 S3 Zn1,0.0,Cn1ccn2->[Zn+2]34(<-[Cl-])<-n5ccn(C)c5S[C-]->3(Sc12)Sc1n(C)ccn->41,Cn1ccn2->[Zn+2]3(<-[Cl-])<-n4ccn(C)c4S[C-](Sc12)Sc1n(C)ccn->31,Cn1ccn2->[Zn+2]34(<-[Cl-])<-n5ccn(C)c5S[C-]->3(Sc12)Sc1n(C)ccn->41
DAJMAF,Cn1ccn2->[Zn@TB12+2]3(<-[O-]c4ccccc4)<-n4ccn(C)c4S[C-](Sc12)Sc1n(C)ccn->31,C19 H20 N6 O1 S3 Zn1,0.0,Cn1ccn2->[Zn+2]34(<-[O-]c5ccccc5)<-n5ccn(C)c5S[C-]->3(Sc12)Sc1n(C)ccn->41,Cn1ccn2->[Zn+2]3(<-[O-]c4ccccc4)<-n4ccn(C)c4S[C-](Sc12)Sc1n(C)ccn->31,Cn1ccn2->[Zn+2]34(<-[O-]c5ccccc5)<-n5ccn(C)c5S[C-]->3(Sc12)Sc1n(C)ccn->41
DAJWOD,C#CC[N-]1C(=O)C[N-]2C(=O)C[N-]3/C(=N\C(=S->[Re+5]<-1<-2<-3<-[O-2])N(CC)CC)c1ccccc1,C19 H22 N5 O3 Re1 S1,0.0,C#CC[N-]1C(=O)C[N-]2C(=O)CN3=C(N=C([S-]->[Re+5]<-3<-1<-2<-[O-2])N(CC)CC)c1ccccc1,C#CC[N-]1C(=O)C[N-]2C(=O)C[N-]3C(=NC(=S->[Re+5]<-1<-2<-3<-[O-2])N(CC)CC)c1ccccc1,C#CC[N-]1C(=O)C[N-]2C(=O)C[N-]3C(=NC(=S->[Re+5]<-1<-2<-3<-[O-2])N(CC)CC)c1ccccc1
DAKHOO,,C12 H12 N1 Ni1 O10 1-,-1.0,O=C1CN23CC(=O)[O-]->[Ni+2]<-2(<-O)(<-O)(<-[O-]1)<-[O-]C(=O)c1ccc(C(=O)O)cc13,O=C1CN23CC(=O)[O-]->[Ni+2]<-2(<-O)(<-O)(<-[O-]1)<-[O-]C(=O)c1ccc(C(=O)O)cc13,O.O=C1CN23->[Ni+2](<-O)(<-[O-]1)(<-[O-]C(=O)C2)<-[O-]C(=O)c1ccc(C(=O)O)cc13
DALFIH,Clc1ccc2/N=N(/c3ccccc3)->[Os+2]34567(<-[I-])(<-c8c->3c->4c->5(-c3ccccc3)c->6c->78)<-n2c1,C23 H18 Cl1 I1 N3 Os1 1+,1.0,Clc1ccc2N=N(c3ccccc3)->[Os+2]34567(<-[I-])(<-c8c->3c->4c->5(-c3ccccc3)c->6c->78)<-n2c1,Clc1ccc2N=N(c3ccccc3)->[Os+2]34567(<-[I-])(<-c8c->3c->4c->5(-c3ccccc3)c->6c->78)<-n2c1,Clc1ccc2N=N(c3ccccc3)->[Os+2]3(<-[I-])(<-c4ccc(-c5ccccc5)cc->34)<-n2c1
DALLIN,,C29 H25 Mn1 O2 P1 1+,1.0,C[P+](c1ccccc1)(c1ccccc1)C1=C(=Cc2ccccc2)->[Mn+]<-12345(<-[C-]#[O+])(<-[C-]#[O+])<-c1c->2c->3[cH-]->4c->51,CP(c1ccccc1)(c1ccccc1)=C1[C-](=Cc2ccccc2)->[Mn+3]<-12345(<-[C-]#[O+])(<-[C-]#[O+])<-c1c->2c->3[cH-]->4c->51,CP(c1ccccc1)(c1ccccc1)=C1[C-](=Cc2ccccc2)->[Mn+3]<-12345(<-[C-]#[O+])(<-[C-]#[O+])<-c1c->2c->3[cH-]->4c->51
DALWUI,[O+]#[C-]->[Mn+]1234(<-[C-]#[O+])(<-[C-]#[O+])<-C5=C->1C->2=C->3[CH-]->4[C@H]([P+](c1ccccc1)(c1ccccc1)c1ccccc1)C5,C28 H23 Mn1 O3 P1 1+,1.0,fail,[O+]#[C-]->[Mn+]1234(<-[C-]#[O+])(<-[C-]#[O+])<-C5=C->1C->2=C->3[CH-]->4CC5[P+](c1ccccc1)(c1ccccc1)c1ccccc1,[O+]#[C-]->[Mn+]1234(<-[C-]#[O+])(<-[C-]#[O+])<-C5=C->1C->2=C->3[CH-]->4CC5[P+](c1ccccc1)(c1ccccc1)c1ccccc1
DAMFEE,Cc1cc(C)c(N2C(=O)C(C)(C)C(=O)N(c3c(C)cc(C)cc3C)[C]2->[Ru+4]2(<-[Cl-])(<-[Cl-])<-[CH-]=C3C=C[CH-]C=C3O->2C(C)C)c(C)c1,C34 H40 Cl2 N2 O3 Ru1,0.0,Cc1cc(C)c(N2C(=O)C(C)(C)C(=O)N(c3c(C)cc(C)cc3C)[C]2->[Ru+4]2(<-[Cl-])(<-[Cl-])<-[CH-2]c3ccccc3O->2C(C)C)c(C)c1,Cc1cc(C)c(N2C(=O)C(C)(C)C(=O)N(c3c(C)cc(C)cc3C)[C]2->[Ru+2]2(<-[Cl-])(<-[Cl-])<-[CH]c3ccccc3O->2C(C)C)c(C)c1,Cc1cc(C)c(N2C(=O)C(C)(C)C(=O)N(c3c(C)cc(C)cc3C)[C]2->[Ru+2]2(<-[Cl-])(<-[Cl-])<-[CH]c3ccccc3O->2C(C)C)c(C)c1
DAMLOU,CC(=O)[O-]->[Zn@TB17+2]12(<-O=C(C)[O-]->1)<-N(Cc1ccccn->21)=C(N1CCOCC1)N1CCOCC1,C19 H28 N4 O6 Zn1,0.0,CC(=O)[O-]->[Zn+2]1(<-[O-]C(C)=O)<-N(Cc2ccccn->12)=C(N1CCOCC1)N1CCOCC1,CC(=O)[O-]->[Zn+2]1(<-[O-]C(C)=O)<-N(Cc2ccccn->12)=C(N1CCOCC1)N1CCOCC1,CC12=O->[Zn+2]<-1345(<-O=C->3(C)[O-]->4)(<-[O-]2)<-N(Cc1ccccn->51)=C(N1CCOCC1)N1CCOCC1
DANCOK,,C29 H25 O5 P2 Re1,0.0,[O+]#[C-]->[ReH]1(<-[C-]#[O+])(<-[C-]#[O+])<-P(OCCOP->1(c1ccccc1)c1ccccc1)(c1ccccc1)c1ccccc1,[O+]#[C-]->[ReH]1(<-[C-]#[O+])(<-[C-]#[O+])<-P(OCCOP->1(c1ccccc1)c1ccccc1)(c1ccccc1)c1ccccc1,[O+]#[C-]->[ReH]1(<-[C-]#[O+])(<-[C-]#[O+])<-P(OCCOP->1(c1ccccc1)c1ccccc1)(c1ccccc1)c1ccccc1
DANVAR,,C18 H15 N1 O2 Pt1 S1,0.0,fail,CC1=CC(C)=O->[Pt+2]2(<-[O-]1)<-[c-]1ccc3ccccc3c1-c1sccn->21,CC1=CC(C)=O->[Pt+2]2(<-[O-]1)<-[c-]1ccc3ccccc3c1-c1sccn->21
DAPHIN,CCN(CC)C1/N=C(/c2ccccc2)[N-]2/N=C(\[S-]->[Au@OH20+3]<-2(<-[C-]#N)<-S=1)N1CCOCC1,C18 H23 Au1 N6 O1 S2,0.0,CCN(CC)C1=NC(c2ccccc2)=N2N=C([S-]->[Au+3]<-2(<-[C-]#N)<-[S-]1)N1CCOCC1,CCN(CC)C1N=C(c2ccccc2)[N-]2N=C([S-]->[Au+3]<-2(<-[C-]#N)<-S=1)N1CCOCC1,CCN(CC)C1N=C(c2ccccc2)[N-]2N=C([S-]->[Au+3]<-2(<-[C-]#N)<-S=1)N1CCOCC1
DAQCIJ,[O-2]->[V+5]123(<-[O-][O-]->1)(<-[O-][O-]->2)<-n1ccccc1-c1ccncn->31,C9 H7 N3 O5 V1 1-,-1.0,[O-2]->[V+5]123(<-[O-][O-]->1)(<-[O-][O-]->2)<-n1ccccc1-c1ccncn->31,[O-2]->[V+5]123(<-[O-][O-]->1)(<-[O-][O-]->2)<-n1ccccc1-c1ccncn->31,[O-2]->[V+5]123(<-[O-][O-]->1)(<-[O-][O-]->2)<-n1ccccc1-c1ccncn->31
DAQWUN,CC1=CC=C/C2=C(C)/N3=N/C(=S->[Pt@OH20+2]<-3(<-[Cl-])<-[N-]12)N1CCCCCC1,C15 H21 Cl1 N4 Pt1 S1,0.0,CC1c2cccc(C)n2->[Pt+2]2(<-[Cl-])<-[S-]C(=NN->2=1)N1CCCCCC1,CC1=CC=CC2=C(C)N3=NC(=S->[Pt+2]<-3(<-[Cl-])<-[N-]12)N1CCCCCC1,CC1=CC=CC2=C(C)N3=NC(=S->[Pt+2]<-3(<-[Cl-])<-[N-]12)N1CCCCCC1
DARQIX,Cc1cc(-c2ccccc2)n2->[Zn+2]3(<-n4c(-c5ccccc5)cc(C)n4[BH-](n12)n1c(C)cc(-c2ccccc2)n->31)<-[N-]1CCC1=O,C33 H32 B1 N7 O1 Zn1,0.0,Cc1cc(-c2ccccc2)[n-]2->[Zn+2]3(<-[N-]4CCC4=O)<-[n-]4c(-c5ccccc5)cc(C)[n+]4[BH-]([n+]12)[n+]1c(C)cc(-c2ccccc2)[n-]->31,Cc1cc(-c2ccccc2)n2->[Zn+2]3(<-n4c(-c5ccccc5)cc(C)n4[BH-](n12)n1c(C)cc(-c2ccccc2)n->31)<-[N-]1CCC1=O,Cc1cc(-c2ccccc2)n2->[Zn+2]3(<-n4c(-c5ccccc5)cc(C)n4[BH-](n12)n1c(C)cc(-c2ccccc2)n->31)<-[N-]1CCC1=O
DASDUY,CN(C)c1ccccc1C1[N-](C(C)(C)C)->[Zr+4]<-12345(<-[Cl-])(<-[Cl-])<-c1(C)c->2(C)c->3(C)[c-]->4(C)c->51C,C23 H36 Cl2 N2 Zr1,0.0,CN(C)c1ccccc1C[N-](C(C)(C)C)->[Zr+4]1234(<-[Cl-])(<-[Cl-])<-c5(C)c->1(C)c->2(C)[c-]->3(C)c->45C,CN(C)c1ccccc1C[N-](C(C)(C)C)->[Zr+4]1234(<-[Cl-])(<-[Cl-])<-c5(C)c->1(C)c->2(C)[c-]->3(C)c->45C,CN(C)c1ccccc1C[N-](C(C)(C)C)->[Zr+4]1234(<-[Cl-])(<-[Cl-])<-c5(C)c->1(C)c->2(C)[c-]->3(C)c->45C
DAVRAT,,C17 H16 Mn1 O2 P1,0.0,C[P](C)(C#[C-]->[Mn+2]1234(<-[C-]#[O+])(<-[C-]#[O+])<-c5c->1c->2[cH-]->3c->45)c1ccccc1,CP(C)(=C=[C]->[Mn+]1234(<-[C-]#[O+])(<-[C-]#[O+])<-c5c->1c->2[cH-]->3c->45)c1ccccc1,CP(C)(=C=[C]->[Mn+]1234(<-[C-]#[O+])(<-[C-]#[O+])<-c5c->1c->2[cH-]->3c->45)c1ccccc1
DAXPUO,Cc1cc(C)n2->[Mn+](<-[Br-])(<-[C-]#[O+])(<-[C-]#[O+])(<-[C-]#[O+])<-N=C(c3ccccc3)n12,C15 H13 Br1 Mn1 N3 O3,0.0,CC1=CC(C)=N2->[Mn+](<-[Br-])(<-[C-]#[O+])(<-[C-]#[O+])(<-[C-]#[O+])<-[NH-]C(c3ccccc3)=[N+]12,Cc1cc(C)n2->[Mn+](<-[Br-])(<-[C-]#[O+])(<-[C-]#[O+])(<-[C-]#[O+])<-N=C(c3ccccc3)n12,Cc1cc(C)n2->[Mn+](<-[Br-])(<-[C-]#[O+])(<-[C-]#[O+])(<-[C-]#[O+])<-N=C(c3ccccc3)n12
DAXXEF,,C36 H31 Cl2 P1 Pt1,0.0,CC12->[Pt+2]34(<-[Cl-])(<-[Cl-])(<-C=1(C)C->3(c1ccccc1)=C->42c1ccccc1)<-P(c1ccccc1)(c1ccccc1)c1ccccc1,CC12->[Pt+4]34(<-[Cl-])(<-[Cl-])(<-C(=C5C=C[CH-]C=C5)(C->3=1c1ccccc1)[C-]->42C)<-P(c1ccccc1)(c1ccccc1)c1ccccc1,CC12->[Pt+4]34(<-[Cl-])(<-[Cl-])(<-C(=C5C=C[CH-]C=C5)(C->3=1c1ccccc1)[C-]->42C)<-P(c1ccccc1)(c1ccccc1)c1ccccc1
DAXZUX,C/[C-]1=[C-](\C)->[Mo+4]<-12345(<-[C-]#[O+])(<-[S-]c1ccccc1Sc1ccccc1)<-c1c->2c->3[cH-]->4c->51,C22 H20 Mo1 O1 S2,0.0,fail,CC1#C(C)->[Mo+2]<-12345(<-[C-]#[O+])(<-[S-]c1ccccc1Sc1ccccc1)<-c1c->2c->3[cH-]->4c->51,CC1#C(C)->[Mo+2]<-12345(<-[C-]#[O+])(<-[S-]c1ccccc1Sc1ccccc1)<-c1c->2c->3[cH-]->4c->51
DAYNIC,,C19 H15 Cu1 N4 O4 1+,1.0,O=C1[O-]->[Cu+2]2(<-O)(<-O=c3[nH]c4ccccc4nc31)<-n1ccccc1-c1ccccn->21,O=C1[O-]->[Cu+3]2(<-O)(<-[O-]c3nc4ccccc4nc31)<-n1ccccc1-c1ccccn->21,O=C1[O-]->[Cu+3]2(<-O)(<-[O-]c3nc4ccccc4nc31)<-n1ccccc1-c1ccccn->21
DAZSUS,,C27 H37 Fe1 N3 O3 P1 Si1 1+,1.0,Cc1ccc([Si-2](O[P](N(C)C)(N(C)C)N(C)C)(c2ccc(C)cc2)->[Fe+4]2345(<-[C-]#[O+])(<-[C-]#[O+])<-c6c->2c->3[cH-]->4c->56)cc1,Cc1ccc([Si-](OP(N(C)C)(N(C)C)=[N+](C)C)(c2ccc(C)cc2)->[Fe+2]2345(<-[C-]#[O+])(<-[C-]#[O+])<-c6c->2c->3[cH-]->4c->56)cc1,Cc1ccc([Si-](OP(N(C)C)(N(C)C)=[N+](C)C)(c2ccc(C)cc2)->[Fe+2]2345(<-[C-]#[O+])(<-[C-]#[O+])<-c6c->2c->3[cH-]->4c->56)cc1
DEBYAL,C[C-](=O)->[Pt+2](<-[Cl-])(<-P(c1ccccc1)(c1ccccc1)c1ccccc1)<-P(c1ccccc1)(c1ccccc1)c1ccccc1,C38 H33 Cl1 O1 P2 Pt1,0.0,C[C-](=O)->[Pt+2](<-[Cl-])(<-P(c1ccccc1)(c1ccccc1)c1ccccc1)<-P(c1ccccc1)(c1ccccc1)c1ccccc1,C[C-](=O)->[Pt+2](<-[Cl-])(<-P(c1ccccc1)(c1ccccc1)c1ccccc1)<-P(c1ccccc1)(c1ccccc1)c1ccccc1,C[C-](=O)->[Pt+2](<-[Cl-])(<-P(c1ccccc1)(c1ccccc1)c1ccccc1)<-P(c1ccccc1)(c1ccccc1)c1ccccc1
DECTIR,,C39 H41 Au1 N4,0.0,Cc1cccc(C)c1N[C](=Nc1ccccc1)->[Au+2]12<-[c-]3cc(C(C)(C)C)ccc3-c3cncc(-c4ccc(C(C)(C)C)c[c-]->14)n->23,Cc1cccc(C)c1N[C-](=Nc1ccccc1)->[Au+3]12<-[c-]3cc(C(C)(C)C)ccc3-c3cncc(-c4ccc(C(C)(C)C)c[c-]->14)n->23,Cc1cccc(C)c1N[C-](=Nc1ccccc1)->[Au+3]12<-[c-]3cc(C(C)(C)C)ccc3-c3cncc(-c4ccc(C(C)(C)C)c[c-]->14)n->23
DEDPIN,CC(C)(C)c1ccn2->[Ni+2]3(<-[S-]/C(C#N)=C(/C#N)[S-]->3)<-n3ccc(C(C)(C)C)cc3-c2c1,C22 H24 N4 Ni1 S2,0.0,CC(C)(C)c1ccn2->[Ni+2]3(<-[S-]C(C#N)=C(C#N)[S-]->3)<-n3ccc(C(C)(C)C)cc3-c2c1,CC(C)(C)c1ccn2->[Ni]3(<-S=C(C#N)C(C#N)=S->3)<-n3ccc(C(C)(C)C)cc3-c2c1,CC(C)(C)c1ccn2->[Ni]3(<-S=C(C#N)C(C#N)=S->3)<-n3ccc(C(C)(C)C)cc3-c2c1
DEFHEC,CC(C)N(/[B-]1=N(\c2ccccc2)->[Zr+4]2345(<-c6c->2c->3[c-]->41c->56)(<-[N-](C)C)<-[N-](C)C)C(C)C,C21 H35 B1 N4 Zr1,0.0,fail,CC(C)N([B-]1=N(c2ccccc2)->[Zr+4]2345(<-c6c->2[cH-]->3c->41c->56)(<-[N-](C)C)<-[N-](C)C)C(C)C,CC(C)N([B-]1=N(c2ccccc2)->[Zr+4]2345(<-c6c->2[cH-]->3c->41c->56)(<-[N-](C)C)<-[N-](C)C)C(C)C
DEFTOY,O=[N+]1[O-]->[Ag+]2(<-[O-]1)<-N(=C\c1ccccn->21)/c1ccc(/N=N/c2ccccc2)cc1,C18 H14 Ag1 N5 O3,0.0,O=[N+]([O-])[O-]->[Ag+]1<-N(=Cc2ccccn->12)c1ccc(N=Nc2ccccc2)cc1,O=[N+]([O-])[O-]->[Ag+]1<-N(=Cc2ccccn->12)c1ccc(N=Nc2ccccc2)cc1,O=[N+]1[O-]->[Ag+]2(<-[O-]1)<-N(=Cc1ccccn->21)c1ccc(N=Nc2ccccc2)cc1
DEGWAO,O=S(=O)([O-]->[Pd@SP2+2]12<-[c-]3c(Oc4ccccn->14)cccc3Oc1ccccn->21)C(F)(F)F,C17 H11 F3 N2 O5 Pd1 S1,0.0,O=S(=O)([O-]->[Pd+2]12<-[c-]3c(Oc4ccccn->14)cccc3Oc1ccccn->21)C(F)(F)F,O=S(=O)([O-]->[Pd+2]12<-[c-]3c(Oc4ccccn->14)cccc3Oc1ccccn->21)C(F)(F)F,O=S1(=O)([O-]->[Pd+2]<-123<-[c-]1c(Oc4ccccn->24)cccc1Oc1ccccn->31)C(F)(F)F
DEHPEM,C[O-]->[Mo+4]12(<-[S-]/C(C)=C(/C)[S-]->1)<-[S-]/C(C)=C(/C)[S-]->2,C9 H15 Mo1 O1 S4 1-,-1.0,C[O-]->[Mo+4]12(<-[S-]C(C)=C(C)[S-]->1)<-[S-]C(C)=C(C)[S-]->2,C[O-]->[Mo]12(<-S=C(C)C(C)=S->1)<-S=C(C)C(C)=S->2,C[O-]->[Mo]12(<-S=C(C)C(C)=S->1)<-S=C(C)C(C)=S->2
DEKBED,,C18 H18 N4 O6 S2 Zn1,0.0,O=C1[O-]->[Zn+2]2(<-O)(<-O)(<-[O-]C(=O)C3CSC(c4ccncc4)=N->23)<-N2=C(c3ccncc3)SCC12,O=C1[O-]->[Zn+2]2(<-O)(<-O)(<-[O-]C(=O)C3CSC(c4ccncc4)=N->23)<-N2=C(c3ccncc3)SCC12,O.O=C1[O-]->[Zn+2]2(<-O)(<-[O-]C(=O)C3CSC(c4ccncc4)=N->23)<-N2=C(c3ccncc3)SCC12
DELCED,Cc1cc(C)n2->[Ni+2]3(<-[O-][N+](=O)[O-])(<-n4c(C)cc(C)n4Cn12)<-n1c(C)cc(C)n1Cn1c(C)cc(C)n->31,C22 H32 N9 Ni1 O3 1+,1.0,Cc1cc(C)[n-]2->[Ni+2]34(<-[O-][N+](=O)[O-]->3)(<-[n-]3c(C)cc(C)[n+]3C[n+]12)<-[n-]1c(C)cc(C)[n+]1C[n+]1c(C)cc(C)[n-]->41,Cc1cc(C)n2->[Ni+2]34(<-[O-][N+](=O)[O-]->3)(<-n3c(C)cc(C)n3Cn12)<-n1c(C)cc(C)n1Cn1c(C)cc(C)n->41,Cc1cc(C)n2->[Ni+2]3(<-[O-][N+](=O)[O-])(<-n4c(C)cc(C)n4Cn12)<-n1c(C)cc(C)n1Cn1c(C)cc(C)n->31
DEMTOF,O=c1sc2[S-]->[Ni+2]3(<-S=C4SCCCSC4=S->3)<-[S-]c2s1,C8 H6 Ni1 O1 S8,0.0,O=c1sc2[S-]->[Ni+4]3(<-[S-]C4=C([S-]->3)SCCCS4)<-[S-]c2s1,O=C1SC2=S->[Ni]3(<-S=C4SCCCSC4=S->3)<-S=C2S1,O=C1SC2=S->[Ni]3(<-S=C4SCCCSC4=S->3)<-S=C2S1
DEPCEG,,C28 H20 Cl2 N4 Ni1 O2,0.0,Clc1ccc2[O-]->[Ni+2]3(<-[O-]c4ccc(Cl)c5cccn->3c45)(<-n3ccccc3)(<-n3ccccc3)<-n3cccc1c23,Clc1ccc2[O-]->[Ni+2]3(<-[O-]c4ccc(Cl)c5cccn->3c45)(<-n3ccccc3)(<-n3ccccc3)<-n3cccc1c23,Clc1ccc2[O-]->[Ni+2]3(<-[O-]c4ccc(Cl)c5cccn->3c45)(<-n3ccccc3)(<-n3ccccc3)<-n3cccc1c23
DEPTUN,CN1[C](->[Cr](<-[C-]#[O+])(<-[C-]#[O+])(<-[C-]#[O+])(<-[C-]#[O+])<-[C-]#[O+])/C(=C/c2ccccc2)[C@@H]1c1ccccc1,C22 H15 Cr1 N1 O5,0.0,CN1[C](->[Cr](<-[C-]#[O+])(<-[C-]#[O+])(<-[C-]#[O+])(<-[C-]#[O+])<-[C-]#[O+])C(=Cc2ccccc2)C1c1ccccc1,CN1[C](->[Cr](<-[C-]#[O+])(<-[C-]#[O+])(<-[C-]#[O+])(<-[C-]#[O+])<-[C-]#[O+])C(=Cc2ccccc2)C1c1ccccc1,CN1[C](->[Cr](<-[C-]#[O+])(<-[C-]#[O+])(<-[C-]#[O+])(<-[C-]#[O+])<-[C-]#[O+])C(=Cc2ccccc2)C1c1ccccc1
DEQVAX,C[Se]1CC[C@H](N->[Pt@TB7+2]<-12<-N[C@@H]1CCCC[C@H]1N->2)C(=O)[O-],C11 H24 N3 O2 Pt1 Se1 1+,1.0,C[Se]1CCC(N->[Pt+2]<-12<-NC1CCCCC1N->2)C(=O)[O-],[CH2-]CC(N->[Pt+4]1(<-NC2CCCCC2N->1)<-[Se-]C)C(=O)[O-],[CH2-]CC(N->[Pt+4]1(<-NC2CCCCC2N->1)<-[Se-]C)C(=O)[O-]
DERRUN,C/C1=C/C(C)=N2/CC[N-]3/C=C4/C=CC=N4->[Ni@SP1+2]<-2<-3<-[O-]1,C12 H15 N3 Ni1 O1,0.0,fail,CC1=CC(C)=N2CC[N-]3C=C4C=CC=N4->[Ni+2]<-2<-3<-[O-]1,CC1=CC(C)=N2CC[N-]3C=C4C=CC=N4->[Ni+2]<-2<-3<-[O-]1
DESJUJ,,C20 H45 N3 P2 Ru1,0.0,CC(C)(C)P1(CC[N-]2CCP(C(C)(C)C)(C(C)(C)C)->[RuH+]<-2<-1<-N#N)C(C)(C)C,CC(C)(C)P1(CC[N-]2CCP(C(C)(C)C)(C(C)(C)C)->[RuH+]<-2<-1<-N#N)C(C)(C)C,CC(C)(C)P1(CC[N-]2CCP(C(C)(C)C)(C(C)(C)C)->[RuH+]<-2<-1<-N#N)C(C)(C)C
DESVON,[Cl-]->[Ti+4](<-[Cl-])(<-[N-2][Si](c1ccccc1)(c1ccccc1)c1ccccc1)(<-n1ccccc1)(<-n1ccccc1)<-n1ccccc1,C33 H30 Cl2 N4 Si1 Ti1,0.0,[Cl-]->[Ti+4](<-[Cl-])(<-[N-2][Si](c1ccccc1)(c1ccccc1)c1ccccc1)(<-n1ccccc1)(<-n1ccccc1)<-n1ccccc1,[Cl-]->[Ti+4](<-[Cl-])(<-[N-2][Si](c1ccccc1)(c1ccccc1)c1ccccc1)(<-n1ccccc1)(<-n1ccccc1)<-n1ccccc1,[Cl-]->[Ti+4](<-[Cl-])(<-[N-2][Si](c1ccccc1)(c1ccccc1)c1ccccc1)(<-n1ccccc1)(<-n1ccccc1)<-n1ccccc1
DETCAJ,C/C1=C(\C)[N-](O)->[Co+3]2(<-N1=O)(<-N(=O)/C(C)=C(/C)[N-]->2O)(<-n1ccccc1)<-[C-](F)(F)C(F)(F)c1ccccc1,C21 H24 Co1 F4 N5 O4,0.0,CC1C(C)=N(O)->[Co+]2(<-N=1[O])(<-N([O])=C(C)C(C)=N->2O)(<-n1ccccc1)<-[C-](F)(F)C(F)(F)c1ccccc1,CC1=C(C)[N-](O)->[Co+3]2(<-N1=O)(<-N(=O)C(C)=C(C)[N-]->2O)(<-n1ccccc1)<-[C-](F)(F)C(F)(F)c1ccccc1,CC1=C(C)[N-](O)->[Co+3]2(<-N1=O)(<-N(=O)C(C)=C(C)[N-]->2O)(<-n1ccccc1)<-[C-](F)(F)C(F)(F)c1ccccc1
DETSED,CO->[Mo+6]12(<-[O-2])(<-[O-2])<-[O-]/C(=N\N->1=C\c1cc(Br)cc(Br)c1[O-]->2)c1ccc(C(F)(F)F)cc1,C16 H11 Br2 F3 Mo1 N2 O5,0.0,CO->[Mo+6]12(<-[O-2])(<-[O-2])<-[O-]C(=NN->1=Cc1cc(Br)cc(Br)c1[O-]->2)c1ccc(C(F)(F)F)cc1,CO->[Mo+6]12(<-[O-2])(<-[O-2])<-[O-]C(=NN->1=Cc1cc(Br)cc(Br)c1[O-]->2)c1ccc(C(F)(F)F)cc1,CO->[Mo+6]12(<-[O-2])(<-[O-2])<-[O-]C(=NN->1=Cc1cc(Br)cc(Br)c1[O-]->2)c1ccc(C(F)(F)F)cc1
DEWMOH,,C31 H38 Ir1 N1 P2 Si2,0.0,[CH2-2]->[Ir+3]12<-[N-]([Si](C)(C)CP->1(c1ccccc1)c1ccccc1)[Si](C)(C)CP->2(c1ccccc1)c1ccccc1,[CH2]->[Ir+]12<-[N-]([Si](C)(C)CP->1(c1ccccc1)c1ccccc1)[Si](C)(C)CP->2(c1ccccc1)c1ccccc1,[CH2]->[Ir+]12<-[N-]([Si](C)(C)CP->1(c1ccccc1)c1ccccc1)[Si](C)(C)CP->2(c1ccccc1)c1ccccc1
DEXCUE,CP(C)(C)->[Cr+2]12345(<-[H]C->16CC[CH-]->2[CH-]->3[CH-]->4[CH+]->56)(<-[C-]#[O+])<-[C-]#[O+],C12 H19 Cr1 O2 P1,0.0,CP(C)(C)->[Cr]12345(<-[H]C->16CCC->2=C->3C->4=C->56)(<-[C-]#[O+])<-[C-]#[O+],CP(C)(C)->[Cr]123(<-[C-]#[O+])(<-[C-]#[O+])<-C4=C->1C->2=C->3CCC4,CP(C)(C)->[Cr]123(<-[C-]#[O+])(<-[C-]#[O+])<-C4=C->1C->2=C->3CCC4
DEXYEL,N#CN=C=[N-]->[Zn+2]12(<-[N-]=C=NC#N)(<-n3ccccc3Nc3ccccn->13)<-n1ccccc1Nc1ccccn->21,C24 H18 N12 Zn1,0.0,N#C[N]C#N->[Zn]12(<-N#C[N]C#N)(<-n3ccccc3Nc3ccccn->13)<-n1ccccc1Nc1ccccn->21,N#CN=C=[N-]->[Zn+2]12(<-[N-]=C=NC#N)(<-n3ccccc3Nc3ccccn->13)<-n1ccccc1Nc1ccccn->21,N#CN=C=[N-]->[Zn+2]12(<-[N-]=C=NC#N)(<-n3ccccc3Nc3ccccn->13)<-n1ccccc1Nc1ccccn->21
DEYKUO,[Cl-]->[Re+3]1(<-[Cl-])(<-[Cl-])(<-O=C(C(=O->1)c1ccccc1)c1ccccc1)<-P(c1ccccc1)(c1ccccc1)c1ccccc1,C32 H25 Cl3 O2 P1 Re1,0.0,[Cl-]->[Re+5]1(<-[Cl-])(<-[Cl-])(<-[O-]C(=C([O-]->1)c1ccccc1)c1ccccc1)<-P(c1ccccc1)(c1ccccc1)c1ccccc1,[Cl-]->[Re+5]1(<-[Cl-])(<-[Cl-])(<-[O-]C(=C([O-]->1)c1ccccc1)c1ccccc1)<-P(c1ccccc1)(c1ccccc1)c1ccccc1,[Cl-]->[Re+5]1(<-[Cl-])(<-[Cl-])(<-[O-]C(=C([O-]->1)c1ccccc1)c1ccccc1)<-P(c1ccccc1)(c1ccccc1)c1ccccc1
DEZHAT,,C24 H19 Cl2 Ir1 N4 O2,0.0,[O]N1=C(c2ccccc2)c2ccccn2->[Ir+2]<-12(<-[Cl-])(<-[Cl-])<-N(O)=C(c1ccccc1)c1ccccn->21,O=N1C(=C2C=CC=C[N-]2->[Ir+3]<-12(<-[Cl-])(<-[Cl-])<-N(O)=C(c1ccccc1)c1ccccn->21)c1ccccc1,O=N1C(=C2C=CC=C[N-]2->[Ir+3]<-12(<-[Cl-])(<-[Cl-])<-N(O)=C(c1ccccc1)c1ccccn->21)c1ccccc1
DIBDOK,[H]/[O+]=[B-](/O)c1cccc([CH2-]->[Pt+4]2(<-[CH3-])(<-[CH3-])(<-[Br-])<-n3ccccc3-c3c4c(c(-c5ccccn5)nn->23)CCCCCC4)c1,C29 H34 B1 Br1 N4 O2 Pt1,0.0,[CH3-]->[Pt+4]1(<-[CH3-])(<-[Br-])(<-[CH2-]c2cccc(B(O)O)c2)<-n2ccccc2-c2c3c(c(-c4ccccn4)nn->12)CCCCCC3,[CH3-]->[Pt+4]1(<-[CH3-])(<-[Br-])(<-[CH2-]c2cccc([B-](O)=[OH+])c2)<-n2ccccc2-c2c3c(c(-c4ccccn4)nn->12)CCCCCC3,[CH3-]->[Pt+4]1(<-[CH3-])(<-[Br-])(<-[CH2-]c2cccc([B-](O)=[OH+])c2)<-n2ccccc2-c2c3c(c(-c4ccccn4)nn->12)CCCCCC3
DIBRIR,N#C/C1[S-]->[Mo+4]2(<-[O-2])(<-[S-]\C=1C#N)(<-[S-]c1ccc(C(=O)O)cc1)<-n1cccc3ccc4cccn->2c4c31,C23 H13 Mo1 N4 O3 S3 1-,-1.0,fail,N#CC1[S-]->[Mo+4]2(<-[O-2])(<-[S-]C=1C#N)(<-[S-]c1ccc(C(=O)O)cc1)<-n1cccc3ccc4cccn->2c4c31,N#CC1[S-]->[Mo+4]2(<-[O-2])(<-[S-]C=1C#N)(<-[S-]c1ccc(C(=O)O)cc1)<-n1cccc3ccc4cccn->2c4c31
DICHIF,[O-]/N1=C2\CCC=C=C2[N-](O)->[Fe+4]<-12(<-N(/[O-])=C1/CCC=C=C1[N-]->2O)(<-n1cc[nH]c1)<-n1cc[nH]c1,C18 H26 Fe1 N8 O4,0.0,[O-]N1=C2CCCCC2=N(O)->[Fe+2]<-12(<-N([O-])=C1CCCCC1=N->2O)(<-n1cc[nH]c1)<-n1cc[nH]c1,[O-]N1=C2CCC=C=C2[N-](O)->[Fe+4]<-12(<-N([O-])=C1CCC=C=C1[N-]->2O)(<-n1cc[nH]c1)<-n1cc[nH]c1,[O-]N1=C2CCC=C=C2[N-](O)->[Fe+4]<-12(<-N([O-])=C1CCC=C=C1[N-]->2O)(<-n1cc[nH]c1)<-n1cc[nH]c1
DICWAP,,C20 H17 N5 O5 Zn1,0.0,CC1=NN(c2ccccc2)C2=O->[Zn+2]34(<-O)(<-[O-][N+](=O)[O-]->3)<-n3cccc5cccc([N-]->4C=C12)c53,Cc1nn(-c2ccccc2)c2[O-]->[Zn+2]3(<-O)(<-[O-][N+](=O)[O-])<-N(=Cc12)c1cccc2cccn->3c12,Cc1nn(-c2ccccc2)c2[O-]->[Zn+2]345(<-O)(<-[O-][N+]->3(=O)[O-]->4)<-N(=Cc12)c1cccc2cccn->5c12
DIFBEB,Cn1n[n+](Cc2ccccc2)c(-c2ccccc2)[c-]1->[Pd+2](<-[Cl-])(<-[Cl-])<-[c-]1c(-c2ccccc2)[n+](Cc2ccccc2)nn1C,C32 H30 Cl2 N6 Pd1,0.0,Cn1n[n+](Cc2ccccc2)c(-c2ccccc2)[c]1->[Pd](<-[Cl-])(<-[Cl-])<-[c]1c(-c2ccccc2)[n+](Cc2ccccc2)nn1C,C[n+]1nn(Cc2ccccc2)c(-c2ccccc2)[c-]1->[Pd+2](<-[Cl-])(<-[Cl-])<-[c-]1c(-c2ccccc2)n(Cc2ccccc2)n[n+]1C,C[n+]1nn(Cc2ccccc2)c(-c2ccccc2)[c-]1->[Pd+2](<-[Cl-])(<-[Cl-])<-[c-]1c(-c2ccccc2)n(Cc2ccccc2)n[n+]1C
DIFYIA,CN(C1/N=N2/C(=C3/C=CC=C[N-]3->[Pd@OH20+2]<-2(<-[Cl-])<-S=1)/c1ccccc1)c1ccccc1,C20 H17 Cl1 N4 Pd1 S1,0.0,CN(C1=NN2=C(c3ccccc3)c3ccccn3->[Pd+2]<-2(<-[Cl-])<-[S-]1)c1ccccc1,CN(C1N=N2C(=C3C=CC=C[N-]3->[Pd+2]<-2(<-[Cl-])<-S=1)c1ccccc1)c1ccccc1,CN(C1N=N2C(=C3C=CC=C[N-]3->[Pd+2]<-2(<-[Cl-])<-S=1)c1ccccc1)c1ccccc1
DIGRES,[O-]n1ccccc1=S->[Au+]<-[P@TB5](c1ccccc1)(c1ccccc1)c1ccccc1,C23 H19 Au1 N1 O1 P1 S1,0.0,c1ccc(P(c2ccccc2)(c2ccccc2)->[Au]2<-[O-][n+]3ccccc3[S-]->2)cc1,[O-]n1ccccc1=S->[Au+]<-P(c1ccccc1)(c1ccccc1)c1ccccc1,c1ccc(P(c2ccccc2)(c2ccccc2)->[Au+]2<-[O-]n3ccccc3=S->2)cc1
DIHHUA,CC(C)(C)c1cc2/N3=C/c4ccccn4->[Cu+]<-3<-N(Cc3cccc(O)c3O)c3cc(C(C)(C)C)cc4c3Oc2c(c1)C4(C)C,C36 H41 Cu1 N3 O3 1+,1.0,CC(C)(C)c1cc2N3=Cc4ccccn4->[Cu+]<-34<-N(Cc3cccc(O)c3O)c3cc(C(C)(C)C)cc5c3O->4c2c(c1)C5(C)C,CC(C)(C)c1cc2N3=Cc4ccccn4->[Cu+]<-3<-N(Cc3cccc(O)c3O)c3cc(C(C)(C)C)cc4c3Oc2c(c1)C4(C)C,CC(C)(C)c1cc2N3=Cc4ccccn4->[Cu+]<-345<-Oc3c(O)cccc3CN->4c3cc(C(C)(C)C)cc4c3O->5c2c(c1)C4(C)C
DIJKEM,,C37 H37 Mo1 O3 P1,0.0,COP(OC)(OC)->[MoH+]1234567(<-C8=C->1(c1ccccc1)C(c1ccccc1)C->2(c1ccccc1)=C->38c1ccccc1)<-c1c->4c->5[cH-]->6c->71,COP(OC)(OC)->[MoH+]1234567(<-C8=C->1(c1ccccc1)C(c1ccccc1)C->2(c1ccccc1)=C->38c1ccccc1)<-c1c->4c->5[cH-]->6c->71,COP(OC)(OC)->[MoH+]1234567(<-C8=C->1(c1ccccc1)C(c1ccccc1)C->2(c1ccccc1)=C->38c1ccccc1)<-c1c->4c->5[cH-]->6c->71
DILDAG,C/C([O-])=N/c1nn2->[Ru+2]34567(<-[NH-]S(=O)(=O)c2s1)(<-c1c->3c->4(C(C)C)c->5c->6c->71C)<-P12CN3CN(CN(C3)C1)C2,C20 H30 N7 O3 P1 Ru1 S2,0.0,CC(=O)[N-]c1nn2->[Ru+2]34567(<-[NH-]S(=O)(=O)c2s1)(<-c1c->3c->4(C(C)C)c->5c->6c->71C)<-P12CN3CN(CN(C3)C1)C2,CC(=O)N=C1N=N2->[Ru+2]34567(<-[NH-]S(=O)([O-])=C2S1)(<-c1c->3c->4(C(C)C)c->5c->6c->71C)<-P12CN3CN(CN(C3)C1)C2,CC(=O)N=C1N=N2->[Ru+2]34567(<-[NH-]S(=O)([O-])=C2S1)(<-c1c->3c->4(C(C)C)c->5c->6c->71C)<-P12CN3CN(CN(C3)C1)C2
DILXUR,,C25 H24 I2 Mo1 N1 O4 P1,0.0,CC#N->[Mo+2]1(<-[I-])(<-[I-])(<-[C-]#[O+])(<-C(C)#C->1C)<-P(Oc1ccccc1)(Oc1ccccc1)Oc1ccccc1,CC#N->[Mo+2]1(<-[I-])(<-[I-])(<-[C-]#[O+])(<-C(C)#C->1C)<-P(Oc1ccccc1)(Oc1ccccc1)Oc1ccccc1,CC#N->[Mo+2]1(<-[I-])(<-[I-])(<-[C-]#[O+])(<-C(C)#C->1C)<-P(Oc1ccccc1)(Oc1ccccc1)Oc1ccccc1
DIPVUV,N[C](->[Au+]<-[Cl-])c1ccco1,C5 H5 Au1 Cl1 N1 O1,0.0,N[C](->[Au+]<-[Cl-])c1ccco1,N[C](->[Au+]<-[Cl-])c1ccco1,N[C](->[Au+]<-[Cl-])c1ccco1
DIRHOD,Cc1ccc(C(C)C)c2->[Os+2]3(<-[Cl-])(<-[Cl-])(<-[H]c4ccccc4-c4[c-]->3n(Cc3ccccc3)n[n+]4C)<-c12,C26 H29 Cl2 N3 Os1,0.0,CC(C)c12->[Os+]3456(<-[Cl-])(<-[Cl-])(<-[c]7c(-c8ccccc8)[n+](C)nn7Cc7ccccc7)<-c(c->31)c->4(C)c->5c->62,CC(C)c12->[Os+2]3456(<-[Cl-])(<-[Cl-])(<-[c-]7c(-c8ccccc8)[n+](C)nn7Cc7ccccc7)<-c(c->31)c->4(C)c->5c->62,Cc1ccc(C(C)C)c2->[Os+2](<-[Cl-])(<-[Cl-])(<-[c-]3c(-c4ccccc4)[n+](C)nn3Cc3ccccc3)<-c12
DISQON,Cc1cc(C)c(/N2=C3C(=N(/c4c(C)cc(C)cc4C)->[Pd+2]<-2(<-[CH3-])<-[Cl-])/[C@H]2c4ccccc4[C@@H]/3c3ccccc32)c(C)c1,C35 H35 Cl1 N2 Pd1,0.0,Cc1cc(C)c(N2=C3C(=N(c4c(C)cc(C)cc4C)->[Pd+2]<-2(<-[CH3-])<-[Cl-])C2c4ccccc4C3c3ccccc32)c(C)c1,Cc1cc(C)c(N2=C3C(=N(c4c(C)cc(C)cc4C)->[Pd+2]<-2(<-[CH3-])<-[Cl-])C2c4ccccc4C3c3ccccc32)c(C)c1,Cc1cc(C)c(N2=C3C(=N(c4c(C)cc(C)cc4C)->[Pd+2]<-2(<-[CH3-])<-[Cl-])C2c4ccccc4C3c3ccccc32)c(C)c1
DITRAC,,C19 H24 Cl1 Ir1 N2 O2 Si1,0.0,C[Si-]12Oc3ccccn3->[IrH+2]<-13(<-[Cl-])(<-C1=C->3CCC=CCC1)<-n1ccccc1O2,C[Si-]12Oc3ccccn3->[IrH+2]<-13(<-[Cl-])(<-C1=C->3CCC=CCC1)<-n1ccccc1O2,C[Si-]12Oc3ccccn3->[IrH+2]<-13(<-[Cl-])(<-C1=C->3CCC=CCC1)<-n1ccccc1O2
DIVVEK,CO\C1[O-]->[Y+3]2345<-[O-]/C(OC)=C6/C=CC=C/C6=N->2\CP(C/N->3=C2\C=CC=C\C=12)C/N->4=C1\C=CC=C\C1=C(/OC)[O-]->5,C27 H27 N3 O6 P1 Y1,0.0,COC1=O->[Y+3]2345<-O=C(OC)c6ccccc6[N-]->2CP(C[N-]->3c2ccccc21)C[N-]->4c1ccccc1C(OC)=O->5,COC1[O-]->[Y+3]23456<-[O-]C(OC)=C7C=CC=CC7=N->2CP->3(CN->4=C2C=CC=CC=12)CN->5=C1C=CC=CC1=C(OC)[O-]->6,COC1[O-]->[Y+3]23456<-[O-]C(OC)=C7C=CC=CC7=N->2CP->3(CN->4=C2C=CC=CC=12)CN->5=C1C=CC=CC1=C(OC)[O-]->6
DIXNUU,,C19 H13 Cl2 Hg1 N5,0.0,[Cl-]->[Hg+2]12(<-[Cl-])<-n3c(-c4[nH]c5ccccc5n->14)cccc3-c1[nH]c3ccccc3n->21,[Cl-]->[Hg+2]1(<-[Cl-])<-n2c(-c3nc4ccccc4[nH]3)cccc2-c2[nH]c3ccccc3n->12,[Cl-]->[Hg+2]1(<-[Cl-])<-n2c(-c3cccc(-c4[nH]c5ccccc5n->14)n3)[nH]c1ccccc12
DIYWAM,COc1cc2ccccc2c2c1Cc13->[Co+3]456(<-[I-])(<-[I-])(<-[C-]#[O+])<-c1c->4(C(C)(C)C)c->5[c-]->63Cc1c(OC)cc3ccccc3c1-2,C34 H31 Co1 I2 O3,0.0,COc1cc2ccccc2c2c1Cc13->[Co+3]456(<-[I-])(<-[I-])(<-[C-]#[O+])<-c1c->4(C(C)(C)C)[cH-]->5c->63Cc1c(OC)cc3ccccc3c1-2,COc1cc2ccccc2c2c1Cc13->[Co+3]456(<-[I-])(<-[I-])(<-[C-]#[O+])<-c1[c-]->4(C(C)(C)C)c->5c->63Cc1c(OC)cc3ccccc3c1-2,COc1cc2ccccc2c2c1Cc13->[Co+3]456(<-[I-])(<-[I-])(<-[C-]#[O+])<-c1[c-]->4(C(C)(C)C)c->5c->63Cc1c(OC)cc3ccccc3c1-2
DIZDEW,CC(C)(C)c1cc2[C@H](c3ccccc3)[c-]34->[Ti+4]567(<-[Cl-])(<-[Cl-])(<-[O-]c2c(C(C)(C)C)c1)<-c(c->5c->63)c->74,C26 H30 Cl2 O1 Ti1,0.0,CC(C)(C)c1cc2C(c3ccccc3)c34->[Ti+4]567(<-[Cl-])(<-[Cl-])(<-[O-]c2c(C(C)(C)C)c1)<-c(c->5[cH-]->63)c->74,CC(C)(C)c1cc2C(c3ccccc3)[c-]34->[Ti+4]567(<-[Cl-])(<-[Cl-])(<-[O-]c2c(C(C)(C)C)c1)<-c(c->5c->63)c->74,CC(C)(C)c1cc2C(c3ccccc3)[c-]34->[Ti+4]567(<-[Cl-])(<-[Cl-])(<-[O-]c2c(C(C)(C)C)c1)<-c(c->5c->63)c->74
DIZQUB,FC(F)(F)c1cc(C(F)(F)F)n2->[Zn+2]3(<-[Cl-])<-n4c(C(F)(F)F)cc(C(F)(F)F)n4[BH-](n12)n1c(C(F)(F)F)cc(C(F)(F)F)n->31,C15 H4 B1 Cl1 F18 N6 Zn1,0.0,FC(F)(F)c1cc(C(F)(F)F)[n-]2->[Zn+2]3(<-[Cl-])<-[n-]4c(C(F)(F)F)cc(C(F)(F)F)[n+]4[BH-]([n+]12)[n+]1c(C(F)(F)F)cc(C(F)(F)F)[n-]->31,FC(F)(F)c1cc(C(F)(F)F)n2->[Zn+2]3(<-[Cl-])<-n4c(C(F)(F)F)cc(C(F)(F)F)n4[BH-](n12)n1c(C(F)(F)F)cc(C(F)(F)F)n->31,FC(F)(F)c1cc(C(F)(F)F)n2->[Zn+2]3(<-[Cl-])<-n4c(C(F)(F)F)cc(C(F)(F)F)n4[BH-](n12)n1c(C(F)(F)F)cc(C(F)(F)F)n->31
DOBSAQ,CC(C)P1(c2ccccc2[B@@-]23(c4ccccc4)[C-](=O)->[Fe+2]<-1<-245(<-[C-]#[O+])<-c1(P->4(C(C)C)C(C)C)ccccc->513)C(C)C,C32 H41 B1 Fe1 O2 P2,0.0,CC(C)P1(c2ccccc2B2(c3ccccc3)c34->[Fe]<-2<-1(<-[C-]#[O+])(<-[C-]#[O+])<-P(c3cccc4)(C(C)C)C(C)C)C(C)C,CC(C)P1(c2ccccc2B2(c3ccccc3)c34->[Fe]<-2<-15(<-[C-]#[O+])(<-[C-]#[O+])<-c3(P->5(C(C)C)C(C)C)cccc4)C(C)C,CC(C)P1(c2ccccc2[B-]2(c3ccccc3)[C-](=O)->[Fe+2]<-134(<-[C-]#[O+])<-c21ccccc->31P->4(C(C)C)C(C)C)C(C)C
DOCPAO,,C37 H40 Ir1 N3 Si1,0.0,CC[Si-](CC)(CC)->[Ir+3]12(<-[CH2-]N3c4cccc5cccc(c45)N(c4cc(C)cc(C)c4)[C]->13)<-[c-]1ccccc1-c1ccccn->21,CC[Si-](CC)(CC)->[Ir+3]12(<-[CH2-][N+]3=[C-]->1N(c1cc(C)cc(C)c1)c1cccc4cccc3c14)<-[c-]1ccccc1-c1ccccn->21,CC[Si-](CC)(CC)->[Ir+3]12(<-[CH2-][N+]3=[C-]->1N(c1cc(C)cc(C)c1)c1cccc4cccc3c14)<-[c-]1ccccc1-c1ccccn->21
DODJOW,Cc1nn(-c2ccccc2)c2[NH-]->[Ni+2]3(<-[NH-]c4c(/N=N->3/c3ccccc3)c(C)nn4-c3ccccc3)<-N(=N\c12)/c1ccccc1,C32 H28 N10 Ni1,0.0,Cc1nn(-c2ccccc2)c2[NH-]->[Ni+2]3(<-[NH-]c4c(N=N->3c3ccccc3)c(C)nn4-c3ccccc3)<-N(=Nc12)c1ccccc1,CC1=NN(c2ccccc2)C2=N->[Ni+2]3(<-N=C4C(=N[N-]->3c3ccccc3)C(C)=NN4c3ccccc3)<-[N-](N=C12)c1ccccc1,CC1=NN(c2ccccc2)C2=N->[Ni+2]3(<-N=C4C(=N[N-]->3c3ccccc3)C(C)=NN4c3ccccc3)<-[N-](N=C12)c1ccccc1
DODZAX,[O+]#[C-]->[Pt+2](<-[S-]C(=S)[P+](C1CCCCC1)(C1CCCCC1)[C@H]1C[C]CCC1)(<-[c-]1c(F)c(F)c(F)c(F)c1F)<-[c-]1c(F)c(F)c(F)c(F)c1F,C32 H33 F10 O1 P1 Pt1 S2,0.0,[O+]#[C-]->[Pt+3](<-[S-]C(=S)[P](C1CCCCC1)(C1CCCCC1)C1CCCCC1)(<-[c-]1c(F)c(F)c(F)c(F)c1F)<-[c-]1c(F)c(F)c(F)c(F)c1F,[O+]#[C-]->[Pt+2](<-[S-]C(=S)[P+](C1C[C]CCC1)(C1CCCCC1)C1CCCCC1)(<-[c-]1c(F)c(F)c(F)c(F)c1F)<-[c-]1c(F)c(F)c(F)c(F)c1F,[O+]#[C-]->[Pt+2](<-[S-]C(=S)[P+](C1C[C]CCC1)(C1CCCCC1)C1CCCCC1)(<-[c-]1c(F)c(F)c(F)c(F)c1F)<-[c-]1c(F)c(F)c(F)c(F)c1F
DOFNES,C[CH2-]->[Hg+2]<-[S-]c1ccccc1C(=O)[O-],C9 H9 Hg1 O2 S1 1-,-1.0,fail,C[CH2-]->[Hg+2]<-[S-]c1ccccc1C(=O)[O-],O=c1osc2ccccc12.[CH2-]C.[Hg]
DOGFIQ,C=C(C)/[C-]1=C2/[B-](c3c(F)c(F)c(F)c(F)c3F)(c3c(F)c(F)c(F)c(F)c3F)C3#C([Si](C)(C)C)->[Zr+4]<-3<-1<-2456789%10%11(<-c1c->4c->5[cH-]->6c->71)<-c1c->8c->9[cH-]->%10c->%111,C32 H25 B1 F10 Si1 Zr1,0.0,C=C(C)[C-]1=C[B-](c2c(F)c(F)c(F)c(F)c2F)(c2c(F)c(F)c(F)c(F)c2F)C2#C([Si](C)(C)C)->[Zr+4]<-2<-13456789%10(<-c1c->3c->4[cH-]->5c->61)<-c1c->7c->8[cH-]->9c->%101,C=C(C)[C-]1=C[B-](c2c(F)c(F)c(F)c(F)c2F)(c2c(F)c(F)c(F)c(F)c2F)C2#C([Si](C)(C)C)->[Zr+4]<-2<-13456789%10(<-c1c->3c->4[cH-]->5c->61)<-c1c->7c->8[cH-]->9c->%101,C=C(C)[C-]1=C[B-](c2c(F)c(F)c(F)c(F)c2F)(c2c(F)c(F)c(F)c(F)c2F)C2#C([Si](C)(C)C)->[Zr+4]<-2<-13456789%10(<-c1c->3c->4[cH-]->5c->61)<-c1c->7c->8[cH-]->9c->%101
DOHMET,CC(C)(C)[O-]->[Ti+4]12(<-[O-]n3ccccc3=S->1)(<-[O-]n1ccccc1=S->2)<-[O-]C(C)(C)C,C18 H26 N2 O4 S2 Ti1,0.0,CC(C)(C)[O-]->[Ti+2]12(<-[O-][n+]3ccccc3[S-]->1)(<-[O-][n+]1ccccc1[S-]->2)<-[O-]C(C)(C)C,CC(C)(C)[O-]->[Ti+4]12(<-[O-]n3ccccc3=S->1)(<-[O-]n1ccccc1=S->2)<-[O-]C(C)(C)C,CC(C)(C)[O-]->[Ti+4]12(<-[O-]n3ccccc3=S->1)(<-[O-]n1ccccc1=S->2)<-[O-]C(C)(C)C
DOJLIX,CP1(C)CCP(C)(C)->[Co+3]<-123(<-[O-][O-]->2)<-P(C)(C)CCP->3(C)C,C12 H32 Co1 O2 P4 1+,1.0,CP1(C)CCP(C)(C)->[Co+]<-123(<-O=O->2)<-P(C)(C)CCP->3(C)C,CP1(C)CCP(C)(C)->[Co+3]<-123(<-[O-][O-]->2)<-P(C)(C)CCP->3(C)C,CP1(C)CCP(C)(C)->[Co+3]<-123(<-[O-][O-]->2)<-P(C)(C)CCP->3(C)C
DOKTUU,C=CC(=O)OP1([S-]->[Mo+2]<-12345(<-[C-]#[O+])(<-[C-]#[O+])<-c1c->2c->3[cH-]->4c->51)c1c(C(C)(C)C)cc(C(C)(C)C)cc1C(C)(C)C,C28 H37 Mo1 O4 P1 S1,0.0,C=CC(=O)O[PH]1(=S->[Mo+]<-12345(<-[C-]#[O+])(<-[C-]#[O+])<-c1c->2c->3[cH-]->4c->51)c1c(C(C)(C)C)cc(C(C)(C)C)cc1C(C)(C)C,C=CC(=O)OP1([S-]->[Mo+2]<-12345(<-[C-]#[O+])(<-[C-]#[O+])<-c1c->2c->3[cH-]->4c->51)c1c(C(C)(C)C)cc(C(C)(C)C)cc1C(C)(C)C,C=CC(=O)OP1([S-]->[Mo+2]<-12345(<-[C-]#[O+])(<-[C-]#[O+])<-c1c->2c->3[cH-]->4c->51)c1c(C(C)(C)C)cc(C(C)(C)C)cc1C(C)(C)C
DOMDOA,Cc1cccc23C4(C)=N(c5c(C(C)C)cccc5C(C)C)->[Fe+2]<-4<-2(<-[Cl-])(<-[Cl-])<-n13,C20 H26 Cl2 Fe1 N2,0.0,CC1c2cccc(C)n2->[Fe+2](<-[Cl-])(<-[Cl-])<-N=1c1c(C(C)C)cccc1C(C)C,CC1c2cccc(C)n2->[Fe+2](<-[Cl-])(<-[Cl-])<-N=1c1c(C(C)C)cccc1C(C)C,CC1c2cccc(C)n2->[Fe+2](<-[Cl-])(<-[Cl-])<-N=1c1c(C(C)C)cccc1C(C)C
DONHOF,CC(=O)C1/N=N(/c2ccccc2)->[Ru+2]2(<-[Cl-])(<-[Cl-])(<-N=1/c1ccc(C(C)=O)cc1)<-n1ccccc1-c1ccccn->21,C27 H23 Cl2 N5 O2 Ru1,0.0,CC(=O)C1N=N(c2ccccc2)->[Ru+2]2(<-[Cl-])(<-[Cl-])(<-N=1c1ccc(C(C)=O)cc1)<-n1ccccc1-c1ccccn->21,CC(=O)C1=N[N-](c2ccccc2)->[Ru+4]2(<-[Cl-])(<-[Cl-])(<-n3ccccc3-c3ccccn->23)<-[N-]1c1ccc(C(C)=O)cc1,CC(=O)C1=N[N-](c2ccccc2)->[Ru+4]2(<-[Cl-])(<-[Cl-])(<-n3ccccc3-c3ccccn->23)<-[N-]1c1ccc(C(C)=O)cc1
DOPHAR,[CH3-]->[Co+3]12(<-N(=O)/C=C\[N-]->1O)(<-N(=O)/C=C\[N-]->2O)<-n1ccccc1,C10 H14 Co1 N5 O4,0.0,[CH3-]->[Co+]12(<-N([O])=CC=N->1O)(<-N([O])=CC=N->2O)<-n1ccccc1,[CH3-]->[Co+3]12(<-N(=O)C=C[N-]->1O)(<-N(=O)C=C[N-]->2O)<-n1ccccc1,[CH3-]->[Co+3]12(<-N(=O)C=C[N-]->1O)(<-N(=O)C=C[N-]->2O)<-n1ccccc1
DOPXOV,c1ccc2N3CCn4cccn4->[Cu+](<-[O-]c2c1)<-n1cccn1CC3,C16 H18 Cu1 N5 O1,0.0,c1ccc2N34CCn5cccn5->[Cu+]<-3(<-[O-]c2c1)<-n1cccn1CC4,c1ccc2N34CCn5cccn5->[Cu+]<-3(<-[O-]c2c1)<-n1cccn1CC4,c1ccc2N34CCn5cccn5->[Cu+]<-3(<-[O-]c2c1)<-n1cccn1CC4
DOQZAK,,C17 H20 N1 O5 V1,0.0,CC1(C)C[O-]->[V+5]23(<-[O-2])(<-[O-]CCO->2)<-[O-]c2ccc4ccccc4c2C=N->31,CC1(C)C[O-]->[V+5]23(<-[O-2])(<-[O-]CCO->2)<-[O-]c2ccc4ccccc4c2C=N->31,CC1(C)C[O-]->[V+5]2(<-[O-2])(<-[O-]CCO)<-[O-]c3ccc4ccccc4c3C=N->21
DORNII,,C32 H32 O11 P5 Ru1 1-,-1.0,CCOC(=O)C1#C(C)->[Ru+2]<-1234(<-[O-]P1(=O)OP(=O)([O-]->2)OP(=O)([O-]->3)O1)<-P(CCP->4(c1ccccc1)c1ccccc1)(c1ccccc1)c1ccccc1,CCOC(=O)C1#C(C)->[Ru+2]<-1234(<-[O-]P1(=O)OP(=O)([O-]->2)OP(=O)([O-]->3)O1)<-P(CCP->4(c1ccccc1)c1ccccc1)(c1ccccc1)c1ccccc1,CCOC(=O)C1#C(C)->[Ru+2]<-1234(<-[O-]P1(=O)OP(=O)([O-]->2)OP(=O)([O-]->3)O1)<-P(CCP->4(c1ccccc1)c1ccccc1)(c1ccccc1)c1ccccc1
DOSTAI,C=CCCC[C@@]1(C)C(=O)[O-]->[Ni@SP1+2]23<-N\1=C(\c1ccccc1)c1ccccc1[N-]->2C(=O)[C@@H]1CCCN->31Cc1ccccc1F,C33 H34 F1 N3 Ni1 O3,0.0,C=CCCCC1(C)C(=O)[O-]->[Ni+2]23<-N1=C(c1ccccc1)c1ccccc1[N-]->2C(=O)C1CCCN->31Cc1ccccc1F,C=CCCCC1(C)C(=O)[O-]->[Ni+2]23<-N(C(=O)C4CCCN->24Cc2ccccc2F)=C2C=CC=CC2=C(c2ccccc2)[N-]->31,C=CCCCC1(C)C(=O)[O-]->[Ni+2]23<-N(C(=O)C4CCCN->24Cc2ccccc2F)=C2C=CC=CC2=C(c2ccccc2)[N-]->31
DOTRAH,CC1/C=C(/C)[O-]->[Pt@@+2]2(<-O=1)<-C(=Cc1ccccn->21)=c1ccc(=[B-](c2c(C)cc(C)cc2C)c2c(C)cc(C)cc2C)cc1,C36 H38 B1 N1 O2 Pt1,0.0,fail,CC1=CC(C)=O->[Pt+2]2(<-[O-]1)<-C(=Cc1ccccn->21)=c1ccc(=[B-](c2c(C)cc(C)cc2C)c2c(C)cc(C)cc2C)cc1,CC1=CC(C)=O->[Pt+2]2(<-[O-]1)<-C(=Cc1ccccn->21)=c1ccc(=[B-](c2c(C)cc(C)cc2C)c2c(C)cc(C)cc2C)cc1
DOVROV,,C17 H26 O1 P2 Ru1,0.0,fail,CP(C)(C)->[Ru+4]1234(<-[C-]#[O+])(<-[cH-]5[cH-]->1[cH-]->2[c-]->3([C+]1[CH+][CH-][CH+][CH-]1)[cH-]->45)<-P(C)(C)C,CP(C)(C)->[Ru+4]1234(<-[C-]#[O+])(<-[cH-]5[cH-]->1[cH-]->2[c-]->3([C+]1[CH+][CH-][CH+][CH-]1)[cH-]->45)<-P(C)(C)C
DOWJEE,,C32 H36 N4 Pd1,0.0,CC(C)c1c2n3->[Pd+2]45<-n6c(c(C(C)C)c7ccc1[n-]->47)C=Cc6c(C(C)C)c1ccc(c(C(C)C)c3C=C2)[n-]->51,CC(C)c1c2n3->[Pd+2]45<-[n-]6c1ccc6c(C(C)C)[c-]1[n-]->4[c-]([c+](C(C)C)[c+]4[n-]->5[c+](c(C(C)C)c3C=C2)[CH-][CH+]4)[CH+][CH-]1,CC(C)c1c2n3->[Pd+2]45<-[n-]6c1ccc6c(C(C)C)[c-]1[n-]->4[c-]([c+](C(C)C)[c+]4[n-]->5[c+](c(C(C)C)c3C=C2)[CH-][CH+]4)[CH+][CH-]1
DOYREQ,O=[N+]1[O-]->[Ag+](<-[O-]1)(<-n1ccc(-c2nc3ccccc3o2)cc1)<-n1ccc(-c2nc3ccccc3o2)cc1,C24 H16 Ag1 N5 O5,0.0,O=[N+]([O-])[O-]->[Ag+](<-n1ccc(-c2nc3ccccc3o2)cc1)<-n1ccc(-c2nc3ccccc3o2)cc1,O=[N+]([O-])[O-].c1ccc2oc(-c3ccn(->[Ag+]<-n4ccc(-c5nc6ccccc6o5)cc4)cc3)nc2c1,O=[N+]1[O-]->[Ag+](<-[O-]1)(<-n1ccc(-c2nc3ccccc3o2)cc1)<-n1ccc(-c2nc3ccccc3o2)cc1
DOZQEO,,C26 H27 Cl1 Ru1,0.0,Cc12->[Ru+4]3456(<-[Cl-])(<-[C-](=CC=[C-]->3c3ccccc3)c3ccccc3)<-c1(C)c->4(C)[c-]->5(C)c->62C,Cc12->[Ru+4]3456(<-[Cl-])(<-[C-](=CC=[C-]->3c3ccccc3)c3ccccc3)<-c1(C)c->4(C)[c-]->5(C)c->62C,Cc12->[Ru+4]3456(<-[Cl-])(<-[C-](=CC=[C-]->3c3ccccc3)c3ccccc3)<-c1(C)c->4(C)[c-]->5(C)c->62C
DPPNFE,,C36 H30 Fe1 N2 O2 P2,0.0,[O-][N]->[Fe+2](<-[N][O-])(<-P(c1ccccc1)(c1ccccc1)c1ccccc1)<-P(c1ccccc1)(c1ccccc1)c1ccccc1,O=[N-]->[Fe+2](<-[N-]=O)(<-P(c1ccccc1)(c1ccccc1)c1ccccc1)<-P(c1ccccc1)(c1ccccc1)c1ccccc1,O=[N-]->[Fe+2](<-[N-]=O)(<-P(c1ccccc1)(c1ccccc1)c1ccccc1)<-P(c1ccccc1)(c1ccccc1)c1ccccc1
DUCGIR,C=N1CC[N-]2CCN(=C)->[Cu+3]<-1<-2(<-[N-2][N+]#N)<-[N-2][N+]#N,C6 H12 Cu1 N9,0.0,[N-]=[N+]=[N-]->[Cu+5]12(<-[N-]=[N+]=[N-])<-[N-]3CC[N-]->1CC[N-]->2CC3,N#[N+][N-2]->[Cu+5]12(<-[N-2][N+]#N)<-[N-]3CC[N-]->1CC[N-]->2CC3,C=N1CC[N-]2CCN(=C)->[Cu+3]<-1<-2(<-[N-2][N+]#N)<-[N-2][N+]#N
DUCRAU,,C15 H27 Br2 N4 O1 Tc1,0.0,CC(C)(C)[N+]#[C-]->[Tc+3](<-[Br-])(<-[Br-])(<-[C-]#[N+]C(C)(C)C)(<-[C-]#[N+]C(C)(C)C)<-[N-]=O,CC(C)(C)[N+]#[C-]->[Tc+3](<-[Br-])(<-[Br-])(<-[C-]#[N+]C(C)(C)C)(<-[C-]#[N+]C(C)(C)C)<-[N-]=O,CC(C)(C)[N+]#[C-]->[Tc+3](<-[Br-])(<-[Br-])(<-[C-]#[N+]C(C)(C)C)(<-[C-]#[N+]C(C)(C)C)<-[N-]=O
DUDXUW,CN1C=CN2CCP(c3ccccc3)(c3ccccc3)->[Rh+]345(<-C=C12)<-C1=C->3/CC/C->4=C->5\CC\1,C27 H33 N2 P1 Rh1 1+,1.0,C[n+]1ccn2CCP(c3ccccc3)(c3ccccc3)->[Rh+]345(<-[CH2-]c21)<-C1=C->3CCC->4=C->5CC1,CN1C=CN2CCP(c3ccccc3)(c3ccccc3)->[Rh+]345(<-C=C12)<-C1=C->3CCC->4=C->5CC1,CN1C=CN2CCP(c3ccccc3)(c3ccccc3)->[Rh+]345(<-C=C12)<-C1=C->3CCC->4=C->5CC1
DUFRAZ,CC(C)=CC(=O)[O-]->[Cd+2](<-O)(<-O)<-[O-]C(=O)C=C(C)C,C10 H18 Cd1 O6,0.0,fail,CC(C)=CC1=O->[Cd+2]2(<-O)(<-O)(<-O=C(C=C(C)C)[O-]->2)<-[O-]1,CC(C)=CC12=O->[Cd+2]<-134(<-O)(<-O)(<-O=C->3(C=C(C)C)[O-]->4)<-[O-]2
DUGJUK,,C12 H19 I3 N2 Pt1,0.0,CN1(C)Cc2cccc3CN(C)(C)->[Pt+2]<-1(<-[I-])(<-II)<-[c-]23,CN1(C)->[Pt+2]2(<-[I-])<-[c-]3c(cccc3CN->2(C)C)C1.II,CN1(C)->[Pt+2]2(<-[I-])<-[c-]3c(cccc3CN->2(C)C)C1.II
DUHDOZ,,C20 H15 N1 O5 W1,0.0,CO[C-2](c1ccccc1)->[W+2](<-[C-]#[O+])(<-[C-]#[O+])(<-[C-]#[O+])(<-[C-]#[O+])<-[C-]#[N+]c1ccc(C)cc1,CO[C](c1ccccc1)->[W](<-[C-]#[O+])(<-[C-]#[O+])(<-[C-]#[O+])(<-[C-]#[O+])<-[C-]#[N+]c1ccc(C)cc1,CO[C](c1ccccc1)->[W](<-[C-]#[O+])(<-[C-]#[O+])(<-[C-]#[O+])(<-[C-]#[O+])<-[C-]#[N+]c1ccc(C)cc1
DUJJAV,CC(C)P1(Cc2ccc3ccccc3n2->[Ru+2]<-12345(<-[C]=CC(C)(C)C)<-c1(C)c->2(C)c->3(C)[c-]->4(C)c->51C)C(C)C,C32 H47 N1 P1 Ru1 1+,1.0,CC(C)P1(Cc2ccc3ccccc3n2->[Ru+4]<-12345(<-[C-2]=CC(C)(C)C)<-c1(C)c->2(C)c->3(C)[c-]->4(C)c->51C)C(C)C,CC(C)P1(Cc2ccc3ccccc3n2->[Ru+2]<-12345(<-[C]=CC(C)(C)C)<-c1(C)c->2(C)c->3(C)[c-]->4(C)c->51C)C(C)C,CC(C)P1(Cc2ccc3ccccc3n2->[Ru+2]<-12345(<-[C]=CC(C)(C)C)<-c1(C)c->2(C)c->3(C)[c-]->4(C)c->51C)C(C)C
DUKMIH,COc1ccc([P@TB10]23(OCCC(C)C)=S->[Ni+2]<-245(<-S=[P@TB16]->4(OCCC(C)C)([S-]->5)c2ccc(OC)cc2)<-[S-]3)cc1,C24 H36 Ni1 O4 P2 S4,0.0,fail,COc1ccc(P2(OCCC(C)C)=S->[Ni+2]3(<-S=P(OCCC(C)C)([S-]->3)c3ccc(OC)cc3)<-[S-]2)cc1,COc1ccc(P23(OCCC(C)C)=S->[Ni+2]<-245(<-S=P->4(OCCC(C)C)([S-]->5)c2ccc(OC)cc2)<-[S-]3)cc1
DULSAE,C[C@H]1O[C@H]([C-]=[N-])C(->[Fe+2]2345(<-[C-]#[O+])(<-[C-]#[O+])<-c6c->2c->3[cH-]->4c->56)=[O+][C@@H]1C,C14 H15 Fe1 N1 O4,0.0,CC1OC(C#N)[CH-](->[Fe+2]2345(<-[C-]#[O+])(<-[C-]#[O+])<-c6c->2c->3[cH-]->4c->56)OC1C,CC1OC(C#N)C(->[Fe]2345(<-[C-]#[O+])(<-[C-]#[O+])<-c6c->2c->3[cH-]->4c->56)=[O+]C1C,CC1OC(C#N)C(->[Fe]2345(<-[C-]#[O+])(<-[C-]#[O+])<-c6c->2c->3[cH-]->4c->56)=[O+]C1C
DUNNOR,Cc1ccc(C)[c-]23->[Zr+4]456789%10%11(<-[Cl-])(<-[Cl-])<-c(c->4(-c4ccccc4-c4ccccc4-c->54c->6c->75c(C)ccc(C)[c-]->85c->94)c->%102)c->%1113,C34 H28 Cl2 Zr1,0.0,Cc1ccc(C)c23->[Zr+4]456789%10%11(<-[Cl-])(<-[Cl-])<-c(c->4(-c4ccccc4-c4ccccc4-c->54c->6c->75c(C)ccc(C)c->85[cH-]->94)[cH-]->%102)c->%1113,Cc1ccc(C)c23->[Zr+2]456789%10%11(<-[Cl-])(<-[Cl-])<-C(=c->412)C->5(=c1ccccc1=c1ccccc1=C->61C->7=c->82c(C)ccc(C)c->92=C->%101)C->%11=3,Cc1ccc(C)c23->[Zr+2]456789%10%11(<-[Cl-])(<-[Cl-])<-C(=c->412)C->5(=c1ccccc1=c1ccccc1=C->61C->7=c->82c(C)ccc(C)c->92=C->%101)C->%11=3
DUQDAW,,C21 H19 Mo1 N1 S4,0.0,CC(c1ccccc1)n1c2[S-]->[Mo+4]3456789%10(<-[S-]c2sc1=S)(<-c1c->3c->4[cH-]->5c->61)<-c1c->7c->8[cH-]->9c->%101,CC(c1ccccc1)N1C(=S)SC2=S->[Mo+2]3456789%10(<-S=C21)(<-c1c->3c->4[cH-]->5c->61)<-c1c->7c->8[cH-]->9c->%101,CC(c1ccccc1)N1C(=S)SC2=S->[Mo+2]3456789%10(<-S=C21)(<-c1c->3c->4[cH-]->5c->61)<-c1c->7c->8[cH-]->9c->%101
DURPUB,C[CH2-]->[Co+3]12(<-Nc3cccc(N)n3)(<-N(=O)/C(C)=C(/C)[N-]->1O)<-N(=O)/C(C)=C(/C)[N-]->2O,C15 H26 Co1 N7 O4,0.0,C[CH2-]->[Co+]12(<-Nc3cccc(N)n3)(<-N([O])=C(C)C(C)=N->1O)<-N([O])=C(C)C(C)=N->2O,C[CH2-]->[Co+3]12(<-Nc3cccc(N)n3)(<-N(=O)C(C)=C(C)[N-]->1O)<-N(=O)C(C)=C(C)[N-]->2O,C[CH2-]->[Co+3]12(<-Nc3cccc(N)n3)(<-N(=O)C(C)=C(C)[N-]->1O)<-N(=O)C(C)=C(C)[N-]->2O
DUSPOY,CC/N1=C(\C)[N-](C(C)(C)C)->[Ti+4]<-12345(<-[CH3-])(<-[CH3-])<-c1(C)c->2(C)c->3(C)[c-]->4(C)c->51C,C20 H38 N2 Ti1,0.0,CCN1=C(C)[N-](C(C)(C)C)->[Ti+4]<-12345(<-[CH3-])(<-[CH3-])<-c1(C)c->2(C)c->3(C)[c-]->4(C)c->51C,CC[N-]1C2(C)=N(C(C)(C)C)->[Ti+4]<-1<-23456(<-[CH3-])(<-[CH3-])<-c1(C)c->3(C)c->4(C)[c-]->5(C)c->61C,CC[N-]1C2(C)=N(C(C)(C)C)->[Ti+4]<-1<-23456(<-[CH3-])(<-[CH3-])<-c1(C)c->3(C)c->4(C)[c-]->5(C)c->61C
DUSTUI,CCCO[C@H]1c2ccccn2->[Zn+2](<-[Cl-])(<-[Cl-])<-n2ccccc2[C@H]2N(c3ccccc3)CCN12,C23 H26 Cl2 N4 O1 Zn1,0.0,CCCOC1c2ccccn2->[Zn+2]2(<-[Cl-])(<-[Cl-])<-n3ccccc3C3N(c4ccccc4)CCN->213,CCCOC1c2ccccn2->[Zn+2]2(<-[Cl-])(<-[Cl-])<-n3ccccc3C3N(c4ccccc4)CCN->213,CCCOC1c2ccccn2->[Zn+2]2(<-[Cl-])(<-[Cl-])<-n3ccccc3C3N(c4ccccc4)CCN->213
DUXFIL,CP(C)(C)->[Co+]123(<-[C-]#[O+])(<-[C-]#[O+])<-C4=C->1C->2=[B-]->3(c1ccccc1)CC4,C16 H21 B1 Co1 O2 P1,0.0,fail,CP(C)(C)->[Co+]123(<-[C-]#[O+])(<-[C-]#[O+])<-C4=C->1C->2=[B-]->3(c1ccccc1)CC4,CP(C)(C)->[Co+]12(<-[C-]#[O+])(<-[C-]#[O+])<-C3=[B-](c4ccccc4)CCC->1=C->23
DUYFOU,,C13 H17 N1 Ni1 O5 S2,0.0,CC1C(=O)[O-]->[Ni+2]234(<-O)<-[O-]C(=O)C(C)S->2Cc2cccc(CS->31)n->42,CC1C(=O)[O-]->[Ni+2]234(<-O)<-[O-]C(=O)C(C)S->2Cc2cccc(CS->31)n->42,CC1C(=O)[O-]->[Ni+2]234(<-O)<-[O-]C(=O)C(C)S->2Cc2cccc(CS->31)n->42
DUZBUV,CP(C)(C)->[Pt+2]1(<-[N-]=[SH]N=S->1)<-P(C)(C)C,C6 H18 N2 P2 Pt1 S2,0.0,CP(C)(C)->[Pt+]1(<-[N-]=[S]N=S->1)<-P(C)(C)C,CP(C)(C)->[Pt+2]1(<-[N-2]SN=S->1)<-P(C)(C)C,CP(C)(C)->[Pt+2]1(<-[N-2]SN=S->1)<-P(C)(C)C
EBAFUL,,C28 H36 F3 Hg1 I1 N2 O3 S1,0.0,fail,CC(C)c1cccc(C(C)C)c1N1C=CN(c2c(C(C)C)cccc2C(C)C)[C]1->[Hg+2]<-[I-].O=S(=O)([O-])C(F)(F)F,CC(C)c1cccc(C(C)C)c1N1C=CN(c2c(C(C)C)cccc2C(C)C)[C]1->[Hg+2]1(<-[I-])<-O=S(=O)([O-]->1)C(F)(F)F
EBAVUA,,C22 H38 N2 Zn1,0.0,CCN1(CC)CCN(CC)(CC)->[Zn+2]<-1(<-[cH-]1ccc(C)c1)<-[cH-]1ccc(C)c1,CCN1(CC)CCN(CC)(CC)->[Zn+2]<-1(<-[cH-]1ccc(C)c1)<-[cH-]1ccc(C)c1,CCN(CC)CCN(CC)(CC)->[Zn+2](<-[cH-]1ccc(C)c1)<-[cH-]1ccc(C)c1
EBECOE,CSC1=N\N2=C(C)\C=C(/[O-]->[Ni@SP3+2]<-23<-[O-]c2c(C=O)cc(C)cc2/C=N->3/1)c1ccccc1,C21 H19 N3 Ni1 O3 S1,0.0,CSC1=N[N-]2C(C)=CC(=O->[Ni+2]<-23<-[O-]c2c(C=O)cc(C)cc2C=N->31)c1ccccc1,CSC1=NN2=C(C)C=C([O-]->[Ni+2]<-23<-[O-]c2c(C=O)cc(C)cc2C=N->31)c1ccccc1,CSC1=NN2=C(C)C=C([O-]->[Ni+2]<-23<-[O-]c2c(C=O)cc(C)cc2C=N->31)c1ccccc1
EBOYID,CC(C)(C)[CH+]1[C-]23->[Ti+4]<-1456789%10(<-[Cl-])(<-c1c->4c->5[cH-]->6c->71)<-[CH+]([CH-]->8[CH-]->92)[CH-]->%103,C15 H19 Cl1 Ti1,0.0,fail,CC(C)(C)C1=C23->[Ti+2]<-1456789%10(<-[Cl-])(<-C(=C->42)C->5=C->63)<-c1c->7c->8[cH-]->9c->%101,CC(C)(C)C1=C23->[Ti+2]<-1456789%10(<-[Cl-])(<-C(=C->42)C->5=C->63)<-c1c->7c->8[cH-]->9c->%101
EBUGEO,CC/N1=C(/[N-](C(C)(C)C)->[Zr+4]<-12345(<-[CH3-])(<-[CH3-])<-c1(C)c->2(C)c->3(C)[c-]->4(C)c->51C)C(C)(C)C,C23 H44 N2 Zr1,0.0,CC[N-]1C(=N(C(C)(C)C)->[Zr+4]<-12345(<-[CH3-])(<-[CH3-])<-c1(C)c->2(C)c->3(C)[c-]->4(C)c->51C)C(C)(C)C,CCN1=C([N-](C(C)(C)C)->[Zr+4]<-12345(<-[CH3-])(<-[CH3-])<-c1(C)c->2(C)c->3(C)[c-]->4(C)c->51C)C(C)(C)C,CCN1=C([N-](C(C)(C)C)->[Zr+4]<-12345(<-[CH3-])(<-[CH3-])<-c1(C)c->2(C)c->3(C)[c-]->4(C)c->51C)C(C)(C)C
ECAHUO,,C12 H4 Cl4 Cu1 S4 1-,-1.0,fail,ClC1=CC=C(Cl)C2=S->[Cu-]3(<-S=C12)<-S=C1C(Cl)=CC=C(Cl)C1=S->3,ClC1=CC=C(Cl)C2=S->[Cu-]3(<-S=C12)<-S=C1C(Cl)=CC=C(Cl)C1=S->3
ECEXIU,Cc1ccn(->[Ni+2]23(<-N(=c4/cc(C)cc[n-]->24)/C(C)(C)C)<-N(=c2/cc(C)cc[n-]->32)/C(C)(C)C)c(NC(C)(C)C)c1,C30 H46 N6 Ni1,0.0,Cc1ccn(->[Ni+2]23(<-n4ccc(C)cc4[N-]->2C(C)(C)C)<-n2ccc(C)cc2[N-]->3C(C)(C)C)c(NC(C)(C)C)c1,Cc1ccn(->[Ni+2]23(<-N(=c4cc(C)cc[n-]->24)C(C)(C)C)<-n2ccc(C)cc2[N-]->3C(C)(C)C)c(NC(C)(C)C)c1,Cc1ccn(->[Ni+2]23(<-N(=c4cc(C)cc[n-]->24)C(C)(C)C)<-n2ccc(C)cc2[N-]->3C(C)(C)C)c(NC(C)(C)C)c1
ECIBOI,[Br-]->[Pd+2]1(<-[Br-])<-[C](NN[C]->1NC1CCCCC1)NC1CCCCC1,C14 H26 Br2 N4 Pd1,0.0,[Br-]->[Pd+2]1(<-[Br-])<-[C](NN[C]->1NC1CCCCC1)NC1CCCCC1,[Br-]->[Pd+2]1(<-[Br-])<-[C](NN[C]->1NC1CCCCC1)NC1CCCCC1,[Br-]->[Pd+2]1(<-[Br-])<-[C](NN[C]->1NC1CCCCC1)NC1CCCCC1
ECINUA,[I-]->[Pt+2]123(<-[I-])<-C4=C->1/c1ccccc1/C->2=C->3\c1ccccc1\4,C16 H12 I2 Pt1,0.0,[I-]->[Pt+2]123(<-[I-])<-C4=C->1c1ccccc1C->2=C->3c1ccccc14,[I-]->[Pt+2]123(<-[I-])<-C4=c5ccccc5=C->1C->2=c1ccccc1=C->34,[I-]->[Pt+2]123(<-[I-])<-C4=c5ccccc5=C->1C->2=c1ccccc1=C->34
ECOLEQ,N/C1N(c2ccccc2)/[C-](=N/C2CCCCC2)->[Pd@@+2](<-[Cl-])(<-[C-]#[N+]C2CCCCC2)<-N=1\c1ccccc1,C27 H34 Cl1 N5 Pd1,0.0,NC1N(c2ccccc2)[C](=NC2CCCCC2)->[Pd+](<-[Cl-])(<-[C-]#[N+]C2CCCCC2)<-N=1c1ccccc1,NC1N(c2ccccc2)[C-](=NC2CCCCC2)->[Pd+2](<-[Cl-])(<-[C-]#[N+]C2CCCCC2)<-N=1c1ccccc1,NC1N(c2ccccc2)[C-](=NC2CCCCC2)->[Pd+2](<-[Cl-])(<-[C-]#[N+]C2CCCCC2)<-N=1c1ccccc1
ECOTEV,[O+]#[C-]->[Rh+]12345<-c6c->1[c-]->2([C@H](CP->3(c1ccccc1)c1ccccc1)C1CCCCC1)c->41ccccc->561,C30 H30 O1 P1 Rh1,0.0,[O+]#[C-]->[Rh+]12345<-c6c->1[c-]->21ccccc->31c->46C(CP->5(c1ccccc1)c1ccccc1)C1CCCCC1,[O+]#[C-]->[Rh+]12345<-c6c->1[c-]->2(C(CP->3(c1ccccc1)c1ccccc1)C1CCCCC1)c->41ccccc->561,[O+]#[C-]->[Rh+]12345<-c6c->1[c-]->2(C(CP->3(c1ccccc1)c1ccccc1)C1CCCCC1)c->41ccccc->561
ECUBIQ,Cc1ccc(NC(=O)/C=C\C2=O->[Zn+2]3(<-O=C(/C=C\C(=O)Nc4ccc(C)cc4)[O-]->3)(<-[O-]2)(<-n2[nH]c(C)cc2C)<-n2[nH]c(C)cc2C)cc1,C32 H36 N6 O6 Zn1,0.0,Cc1ccc(NC(=O)C=CC(=O)[O-]->[Zn+2](<-[O-]C(=O)C=CC(=O)Nc2ccc(C)cc2)(<-n2[nH]c(C)cc2C)<-n2[nH]c(C)cc2C)cc1,Cc1ccc(NC(=O)C=CC(=O)[O-]->[Zn+2](<-[O-]C(=O)C=CC(=O)Nc2ccc(C)cc2)(<-n2[nH]c(C)cc2C)<-n2[nH]c(C)cc2C)cc1,Cc1ccc(NC(=O)C=CC23=O->[Zn+2]<-245(<-O=C->4(C=CC(=O)Nc2ccc(C)cc2)[O-]->5)(<-[O-]3)(<-n2[nH]c(C)cc2C)<-n2[nH]c(C)cc2C)cc1
EDALOL,C1=C/C2=C/[N-]3[C@H]4CCCC[C@@H]4/N4=C/c5ccc[n-]5->[Ni@@+2]<-4<-3<-N2=C1,C16 H18 N4 Ni1,0.0,C1c2ccc[n-]2->[Ni+2]23<-N=1C1CCCCC1N->2=Cc1ccc[n-]->31,C1=CC2=C[N-]3C4CCCCC4N4=Cc5ccc[n-]5->[Ni+2]<-4<-3<-N2=C1,C1=CC2=C[N-]3C4CCCCC4N4=Cc5ccc[n-]5->[Ni+2]<-4<-3<-N2=C1
EDIGIH,CN1CCN(C)[b-]2c3->[Zr+4]456789%10(<-[Cl-])(<-[Cl-])(<-c%11[b-]1c->4c->5c->6c->7%11)<-c2c->8c->9c->%103,C14 H20 B2 Cl2 N2 Zr1,0.0,fail,CN1CCN(C)[b-]23->[Zr+4]456789%10%11%12(<-[Cl-])(<-[Cl-])(<-c%13c->4c->5[b-]->61c->7c->8%13)<-c(c->9c->%102)c->%11c->%123,CN1CCN(C)[b-]23->[Zr+4]456789%10%11%12(<-[Cl-])(<-[Cl-])(<-c%13c->4c->5[b-]->61c->7c->8%13)<-c(c->9c->%102)c->%11c->%123
EDODIL,,C30 H20 Cl1 N4 Os1 1+,1.0,[Cl-]->[Os+2]123456(<-c7c->1c->2c->3(-c1ccccc1)c->4c->57)<-n1cccc2c3nc4ccccc4nc3c3cccn->6c3c21,[Cl-]->[Os+2]123456(<-c7c->1c->2c->3(-c1ccccc1)c->4c->57)<-n1cccc2c3nc4ccccc4nc3c3cccn->6c3c21,[Cl-]->[Os+2]12345(<-c6c(-c7ccccc7)c->1c->2c->3c->46)<-n1cccc2c3nc4ccccc4nc3c3cccn->5c3c21
EDOQOE,,C32 H36 B1 Cl1 Mo1 N6 O1 S2,0.0,Cc1cc(C)[n-]2->[Mo+2]34(<-[Cl-])(<-[C-]#[O+])(<-C(SCc5ccccc5)=C->3SCc3ccccc3)<-[n-]3c(C)cc(C)[n+]3[BH-]([n+]12)[n+]1c(C)cc(C)[n-]->41,Cc1cc(C)n2->[Mo+2]34(<-[Cl-])(<-[C-]#[O+])(<-C(SCc5ccccc5)#C->3SCc3ccccc3)<-n3c(C)cc(C)n3[BH-](n12)n1c(C)cc(C)n->41,Cc1cc(C)n2->[Mo+2]34(<-[Cl-])(<-[C-]#[O+])(<-C(SCc5ccccc5)#C->3SCc3ccccc3)<-n3c(C)cc(C)n3[BH-](n12)n1c(C)cc(C)n->41
EFAWOA,c1ccc2c(c1)CC[C-]1->[Ir+3]34(<-[C-]5=C(c6ccccn->36)c3ccccc3CC5)(<-[C-]3=C(c5ccccn->45)c4ccccc4CC3)<-n3ccccc3C=12,C45 H36 Ir1 N3,0.0,c1ccc2c(c1)CC[C-]1->[Ir+3]34(<-[C-]5=C(c6ccccn->36)c3ccccc3CC5)(<-[C-]3=C(c5ccccn->45)c4ccccc4CC3)<-n3ccccc3C=12,c1ccc2c(c1)CC[C-]1->[Ir+3]34(<-[C-]5=C(c6ccccn->36)c3ccccc3CC5)(<-[C-]3=C(c5ccccn->45)c4ccccc4CC3)<-n3ccccc3C=12,c1ccc2c(c1)CC[C-]1->[Ir+3]34(<-[C-]5=C(c6ccccn->36)c3ccccc3CC5)(<-[C-]3=C(c5ccccn->45)c4ccccc4CC3)<-n3ccccc3C=12
EFICAZ,,C32 H38 Cl2 N2 O3 Ru1,0.0,CCOC1=O->[Ru+3](<-[Cl-])(<-[Cl-])(<-[CH-]c2ccc(OC)cc21)<-[C]1N(c2c(C)cc(C)cc2C)CCN1c1c(C)cc(C)cc1C,CCOC1[O-]->[Ru+4](<-[Cl-])(<-[Cl-])(<-[CH-]=c2ccc(OC)cc2=1)<-[C]1N(c2c(C)cc(C)cc2C)CCN1c1c(C)cc(C)cc1C,CCOC1[O-]->[Ru+4](<-[Cl-])(<-[Cl-])(<-[CH-]=c2ccc(OC)cc2=1)<-[C]1N(c2c(C)cc(C)cc2C)CCN1c1c(C)cc(C)cc1C
EFIPUE,CO[C-]1=C23->[Zr+4]<-1456789%10%11%12(<-[C-](OC)=C->42[Si](C(C)C)(C(C)C)[Si]3(C(C)C)C(C)C)(<-c1c->5c->6[cH-]->7c->81)<-c1c->9c->%10[cH-]->%11c->%121,C28 H44 O2 Si2 Zr1,0.0,CO[C-]1=C2C(=[C-](OC)->[Zr+4]<-13456789%10(<-c1c->3c->4[cH-]->5c->61)<-c1c->7c->8[cH-]->9c->%101)[Si](C(C)C)(C(C)C)[Si]2(C(C)C)C(C)C,CO[C-]1=C2C(=[C-](OC)->[Zr+4]<-13456789%10(<-c1c->3c->4[cH-]->5c->61)<-c1c->7c->8[cH-]->9c->%101)[Si](C(C)C)(C(C)C)[Si]2(C(C)C)C(C)C,CO[C-]1=C2C(=[C-](OC)->[Zr+4]<-13456789%10(<-c1c->3c->4[cH-]->5c->61)<-c1c->7c->8[cH-]->9c->%101)[Si](C(C)C)(C(C)C)[Si]2(C(C)C)C(C)C
EFOYAC,,C4 H10 Cl3 S1 Se2 Ta1,0.0,C[Se]1CC[Se](C)->[Ta+5]<-1(<-[S-2])(<-[Cl-])(<-[Cl-])<-[Cl-],[CH2-]C[Se-]->[Ta+9](<-[S-2])(<-[Cl-])(<-[Cl-])(<-[Cl-])<-[Se-]C.[CH3-],C[Se-]->[Ta+7](<-[S-2])(<-[Cl-])(<-[Cl-])<-[Cl-].[CH2-]C[Se]C
EFUGES,,C10 H26 Cd1 N6 O8,0.0,C[O-]->[Cd+2]1(<-[O-]C)(<-[O-][N+](=O)[O-])(<-[O-][N+](=O)[O-])<-N2(CCN->13C[N+]3(C)C)C[N+]2(C)C,C[O-]->[Cd+2]1(<-[O-]C)(<-[O-][N+](=O)[O-])(<-[O-][N+](=O)[O-])<-N2(CCN->13C[N+]3(C)C)C[N+]2(C)C,C[N+]1(C)CN1CCN1C[N+]1(C)C.C[O-]->[Cd+2](<-[O-]C)<-[O-][N+](=O)[O-].O=[N+]([O-])[O-]
EGABOG,Cc1cc(C)c(-[n+]2ccn3-c4c(C)cc(C)cc4[CH2-]->[Pt@+2](<-[CH3-])(<-[c-]32)<-n2ccccc2)c(C)c1,C27 H31 N3 Pt1,0.0,Cc1cc(C)c(N2C=CN3c4c(C)cc(C)cc4[CH2-]->[Pt+2](<-[CH3-])(<-[C]23)<-n2ccccc2)c(C)c1,Cc1cc(C)c(-[n+]2ccn3-c4c(C)cc(C)cc4[CH2-]->[Pt+2](<-[CH3-])(<-[c-]32)<-n2ccccc2)c(C)c1,Cc1cc(C)c(-[n+]2ccn3-c4c(C)cc(C)cc4[CH2-]->[Pt+2](<-[CH3-])(<-[c-]32)<-n2ccccc2)c(C)c1
EGAVOZ,CC(C)O->[Re+5](<-[O-2])(<-[Cl-])(<-[Cl-])(<-[Cl-])<-[Cl-],C3 H8 Cl4 O2 Re1 1-,-1.0,CC(C)O->[Re+5](<-[O-2])(<-[Cl-])(<-[Cl-])(<-[Cl-])<-[Cl-],CC(C)O->[Re+5](<-[O-2])(<-[Cl-])(<-[Cl-])(<-[Cl-])<-[Cl-],CC(C)O->[Re+5](<-[O-2])(<-[Cl-])(<-[Cl-])(<-[Cl-])<-[Cl-]
EGIBUU,CCC1=C(CC)c2cc3c(CC)c(C)c4cc5cc(cc6[nH]c(cc1n2->[Rh+](<-[C-]#[O+])(<-[C-]#[O+])<-[n-]43)c(CC)c6C)-c1cc2ccccc2cc1-5,C41 H38 N3 O2 Rh1,0.0,CCC1=C(CC)c2cc3c(CC)c(C)c4cc5cc(cc6[nH]c(cc1n2->[Rh+](<-[C-]#[O+])(<-[C-]#[O+])<-[n-]43)c(CC)c6C)-c1cc2ccccc2cc1-5,CCC1=C(C)c2cc3cc(cc4[nH]c(cc5c(CC)c(CC)c6cc1n2->[Rh+](<-[C-]#[O+])(<-[C-]#[O+])<-[n-]65)c(CC)c4C)-c1cc2ccccc2cc1-3,CCC1=C(C)c2cc3cc(cc4[nH]c(cc5c(CC)c(CC)c6cc1n2->[Rh+](<-[C-]#[O+])(<-[C-]#[O+])<-[n-]65)c(CC)c4C)-c1cc2ccccc2cc1-3
EGOKOA,CP(C)(C)->[Rh+]123(<-C=C->1[CH-]->2C->3=O)<-P(C)(C)C,C10 H23 O1 P2 Rh1,0.0,fail,CP(C)(C)->[Rh+]12(<-[CH2-]C->1=C->2C=O)<-P(C)(C)C,CP(C)(C)->[Rh+]123(<-[CH2-]C->1=C->2C->3=O)<-P(C)(C)C
EGUKOG,O=C([O-])C1(O)c2ccccn2->[Ni+2]2(<-n3ccccc31)<-n1ccccc1C(O)(C(=O)[O-])c1ccccn->21,C24 H18 N4 Ni1 O6,0.0,O=C1[O-]->[Ni+2]234(<-[O-]C(=O)C(O)(c5ccccn->25)c2ccccn->32)<-n2ccccc2C1(O)c1ccccn->41,O=C1[O-]->[Ni+2]234(<-[O-]C(=O)C(O)(c5ccccn->25)c2ccccn->32)<-n2ccccc2C1(O)c1ccccn->41,O=C1[O-]->[Ni+2]234(<-[O-]C(=O)C(O)(c5ccccn->25)c2ccccn->32)<-n2ccccc2C1(O)c1ccccn->41
EGUZAH,,C19 H28 B1 Mo1 P1,0.0,CC(C)P1(c2ccccc2C23->[Mo+2]<-1456789(<-[H][BH2-][H]->4)<-C(=C->5[CH-]->6C->7=C->82)C->9=3)C(C)C,[BH2+]->[MoH2]1234567<-C8=C->1C->2=C->3[C-]->4(c1ccccc1P->5(C(C)C)C(C)C)C->6=C->78,[BH2+]->[MoH2]1234567<-C8=C->1C->2=C->3[C-]->4(c1ccccc1P->5(C(C)C)C(C)C)C->6=C->78
EHANIM,,C17 H18 Br1 Cl2 N1 Ru1 S2,0.0,CC(C)c12->[Ru+2]3456(<-[Cl-])(<-[Cl-])(<-S=c7[nH]c8ccc(Br)cc8s7)<-c(c->31)c->4(C)c->5c->62,CC(C)C12->[Ru+4]3456(<-[Cl-])(<-[Cl-])(<-S=c7[nH]c8ccc(Br)cc8s7)<-C(=[C-]->31)=C->4(C)[C-]->5=C->6=2,CC(C)C12->[Ru+4]3456(<-[Cl-])(<-[Cl-])(<-S=c7[nH]c8ccc(Br)cc8s7)<-C(=[C-]->31)=C->4(C)[C-]->5=C->6=2
EHENUA,,C18 H32 N5 O5 Rh1 Si1,0.0,CC1C(C)=N(O)->[Rh+]2(<-[CH2-]CO[Si](C)(C)C)(<-N=1[O])(<-N([O])=C(C)C(C)=N->2O)<-n1ccccc1,CC1=C(C)[N-](O)->[Rh+3]2(<-[CH2-]CO[Si](C)(C)C)(<-N1=O)(<-N(=O)C(C)=C(C)[N-]->2O)<-n1ccccc1,CC1=C(C)[N-](O)->[Rh+3]2(<-[CH2-]CO[Si](C)(C)C)(<-N1=O)(<-N(=O)C(C)=C(C)[N-]->2O)<-n1ccccc1
EHIDEF,CN(C)c1ccn(->[Au+]<-[c-]2c(-c3ccccc3)[n+](C)nn2Cc2ccccc2)cc1,C23 H25 Au1 N5 1+,1.0,CN(C)c1ccn(->[Au]<-[c]2c(-c3ccccc3)[n+](C)nn2Cc2ccccc2)cc1,CN(C)c1ccn(->[Au+]<-[c-]2c(-c3ccccc3)[n+](C)nn2Cc2ccccc2)cc1,CN(C)c1ccn(->[Au+]<-[c-]2c(-c3ccccc3)[n+](C)nn2Cc2ccccc2)cc1
EHOHUF,CC1=O->[Ag+](<-[O-]1)(<-P(c1ccccc1)(c1ccccc1)c1ccccc1)<-P(c1ccccc1)(c1ccccc1)c1ccccc1,C38 H33 Ag1 O2 P2,0.0,fail,CC1=O->[Ag+](<-[O-]1)(<-P(c1ccccc1)(c1ccccc1)c1ccccc1)<-P(c1ccccc1)(c1ccccc1)c1ccccc1,CC12=O->[Ag+]<-1(<-[O-]2)(<-P(c1ccccc1)(c1ccccc1)c1ccccc1)<-P(c1ccccc1)(c1ccccc1)c1ccccc1
EHUXEM,CC(C)P1(c2ccccc2C23->[Pd]<-145678<-C=2C->4(=O)C->5(c1ccccc1P->6(C(C)C)C(C)C)=C->7C->83=O)C(C)C,C30 H38 O2 P2 Pd1,0.0,CC(C)P1(c2ccccc2C23->[Pd]<-1456<-C=2C(=O)C->4(c1ccccc1P->5(C(C)C)C(C)C)=C->6C3=O)C(C)C,CC(C)P1(c2ccccc2C23->[Pd]<-145678<-C=2C->4(=O)C->5(c1ccccc1P->6(C(C)C)C(C)C)=C->7C->83=O)C(C)C,CC(C)P1(c2ccccc2C23->[Pd]<-145678<-C=2C->4(=O)C->5(c1ccccc1P->6(C(C)C)C(C)C)=C->7C->83=O)C(C)C
EJEMOW,CC(=O)[O-]->[Ag+]<-[C]1N(Cc2ccc(C#N)cc2)c2ccccc2N1Cc1ccc(C#N)cc1,C25 H19 Ag1 N4 O2,0.0,CC(=O)[O-]->[Ag+]<-[C]1N(Cc2ccc(C#N)cc2)c2ccccc2N1Cc1ccc(C#N)cc1,CC(=O)[O-]->[Ag+]<-[C]1N(Cc2ccc(C#N)cc2)c2ccccc2N1Cc1ccc(C#N)cc1,CC1=O->[Ag+](<-[O-]1)<-[C]1N(Cc2ccc(C#N)cc2)c2ccccc2N1Cc1ccc(C#N)cc1
EJIHAH,CC\C1c2cc(Cl)c(Cl)c[c-]2->[Pd@TB8+2]2(<-[S-]/C(N)=N\N->2=1)<-P(c1ccccc1)(c1ccccc1)c1ccccc1,C28 H24 Cl2 N3 P1 Pd1 S1,0.0,CCC1c2cc(Cl)c(Cl)c[c-]2->[Pd+2]2(<-[S-]C(N)=NN->2=1)<-P(c1ccccc1)(c1ccccc1)c1ccccc1,CCC1c2cc(Cl)c(Cl)c[c-]2->[Pd+2]2(<-[S-]C(N)=NN->2=1)<-P(c1ccccc1)(c1ccccc1)c1ccccc1,CCC1c2cc(Cl)c(Cl)c[c-]2->[Pd+2]2(<-[S-]C(N)=NN->2=1)<-P(c1ccccc1)(c1ccccc1)c1ccccc1
EJOLAR,,C42 H27 Ir1 N5 O2 1+,1.0,O=C1c2ccccc2C(=O)c2c1ccc1c2[nH]c2-c3ccccn3->[Ir+3]34(<-[c-]5ccccc5-c5ccccn->35)(<-[c-]3ccccc3-c3ccccn->43)<-n21,O=C1c2ccccc2C(=O)c2c1ccc1c2NC2=C3C=CC=C[N-]3->[Ir+5]34(<-[c-]5ccccc5-c5ccccn->35)(<-[c-]3ccccc3-c3ccccn->43)<-[N-]21,O=C1c2ccccc2C(=O)c2c1ccc1c2NC2=C3C=CC=C[N-]3->[Ir+5]34(<-[c-]5ccccc5-c5ccccn->35)(<-[c-]3ccccc3-c3ccccn->43)<-[N-]21
EKAGAY,Cc1cc(C)n2->[Rh+]3456(<-c7ccc(=O)c->3c->4c->57)<-n3c(C)cc(C)n3C(n12)n1c(C)cc(C)n->61,C23 H28 N6 O1 Rh1 1+,1.0,Cc1cc(C)[n-]2->[Rh+]3456(<-C7=C->3C->4C(=O)C=CC->57)<-[n-]3c(C)cc(C)[n+]3C([n+]12)[n+]1c(C)cc(C)[n-]->61,Cc1cc(C)n2->[Rh+]3456(<-c7ccc(=O)c->3c->4c->57)<-n3c(C)cc(C)n3C(n12)n1c(C)cc(C)n->61,Cc1cc(C)n2->[Rh+3]3456(<-C7=C->3[CH-]->4C(=O)C=C[CH-]->57)<-n3c(C)cc(C)n3C(n12)n1c(C)cc(C)n->61
EKECOO,Cc1ccc([C-]2([O-]->[Ni+2]<-23<-P(CCP->3(C(C)(C)C)C(C)(C)C)(C(C)(C)C)C(C)(C)C)C(F)(F)F)cc1,C27 H47 F3 Ni1 O1 P2,0.0,Cc1ccc(C2(=O->[Ni]<-23<-P(CCP->3(C(C)(C)C)C(C)(C)C)(C(C)(C)C)C(C)(C)C)C(F)(F)F)cc1,Cc1ccc([C-]2([O-]->[Ni+2]<-23<-P(CCP->3(C(C)(C)C)C(C)(C)C)(C(C)(C)C)C(C)(C)C)C(F)(F)F)cc1,Cc1ccc(C2(=O->[Ni]<-23<-P(CCP->3(C(C)(C)C)C(C)(C)C)(C(C)(C)C)C(C)(C)C)C(F)(F)F)cc1
EKEXEZ,,C37 H23 F4 Ir1 N4 O2 S1,0.0,O=S(=O)(c1ccccc1)[N-]1c2cccc3cccn(->[Ir+3]<-145(<-[c-]1cc(F)cc(F)c1-c1ccccn->41)<-[c-]1cc(F)cc(F)c1-c1ccccn->51)c23,O=S(=O)(c1ccccc1)[N-]1c2cccc3cccn(->[Ir+3]<-145(<-[c-]1cc(F)cc(F)c1-c1ccccn->41)<-[c-]1cc(F)cc(F)c1-c1ccccn->51)c23,O=S(=O)(c1ccccc1)[N-]1c2cccc3cccn(->[Ir+3]<-145(<-[c-]1cc(F)cc(F)c1-c1ccccn->41)<-[c-]1cc(F)cc(F)c1-c1ccccn->51)c23
ELAKIL,CN12->[Fe+2]3(<-[C-]#[O+])(<-[C-]#[O+])(<-[C-]#[O+])<-[CH-](CC1)[C-]->32c1ccc(-c2ccccc2)cc1,C20 H17 Fe1 N1 O3,0.0,fail,CN12->[Fe]3(<-[C-]#[O+])(<-[C-]#[O+])(<-[C-]#[O+])<-C(=C->31c1ccc(-c3ccccc3)cc1)CC2,CN12->[Fe]3(<-[C-]#[O+])(<-[C-]#[O+])(<-[C-]#[O+])<-C(=C->31c1ccc(-c3ccccc3)cc1)CC2
ELELEM,Cc1cccc(C)c1[N-]1[P+](c2ccccc2)(c2ccccc2)c2ccccn2->[Pd+2]<-1(<-[Cl-])<-[Cl-],C25 H23 Cl2 N2 P1 Pd1,0.0,Cc1cccc(C)c1N1=P(c2ccccc2)(c2ccccc2)c2ccccn2->[Pd+2]<-1(<-[Cl-])<-[Cl-],Cc1cccc(C)c1[N-]1[P+](c2ccccc2)(c2ccccc2)c2ccccn2->[Pd+2]<-1(<-[Cl-])<-[Cl-],Cc1cccc(C)c1[N-]1[P+](c2ccccc2)(c2ccccc2)c2ccccn2->[Pd+2]<-1(<-[Cl-])<-[Cl-]
ELIWAY,Cn1c2[O-]->[Re+3](<-[O-2])(<-[C-]#[O+])(<-[C-]#[O+])(<-[C-]#[O+])<-N(=O)c2c(=O)n(C)c1=O,C9 H8 N3 O8 Re1,0.0,CN1C(=O)C2=N([O])->[Re](<-O)(<-[C-]#[O+])(<-[C-]#[O+])(<-[C-]#[O+])<-O=C2N(C)C1=O,Cn1c2[O-]->[Re+3](<-[O-2])(<-[C-]#[O+])(<-[C-]#[O+])(<-[C-]#[O+])<-N(=O)c2c(=O)n(C)c1=O,Cn1c([O-])c(N(=O)->[Re+3](<-[O-2])(<-[C-]#[O+])(<-[C-]#[O+])<-[C-]#[O+])c(=O)n(C)c1=O
ELUSUB,CC(C)(C)CN12->[Ni+2]34(<-[Br-])(<-[Br-])<-c5c(cccc5CN->3(CC(C)(C)C)Cc3cccc(n->43)C1)C2,C25 H37 Br2 N3 Ni1,0.0,CC(C)(C)CN12->[Ni+2]34(<-[Br-])(<-[Br-])<-c5c(cccc5CN->3(CC(C)(C)C)Cc3cccc(n->43)C1)C2,CC(C)(C)CN12->[Ni+2]3(<-[Br-])(<-[Br-])<-n4c(cccc4CN->3(CC(C)(C)C)Cc3cccc(c3)C1)C2,CC(C)(C)CN1Cc2cccc(c2)CN(CC(C)(C)C)Cc2cccc(n2->[Ni+2](<-[Br-])<-[Br-])C1
EMAZID,CCC1=C2[O-]->[Ru+2]34567(<-[Cl-])(<-O=C2c2ccccc2C1=O)<-c1c->3c->4(C(C)C)c->5c->6c->71C,C22 H23 Cl1 O3 Ru1,0.0,CCC1=C2[O-]->[Ru+2]34567(<-[Cl-])(<-O=C2c2ccccc2C1=O)<-c1c->3c->4(C(C)C)c->5c->6c->71C,CCc1c2[O-]->[Ru+4]34567(<-[Cl-])(<-[O-]c2c2ccccc2c1[O-])<-c1c->3c->4(C(C)C)c->5c->6c->71C,CCc1c2[O-]->[Ru+4]34567(<-[Cl-])(<-[O-]c2c2ccccc2c1[O-])<-c1c->3c->4(C(C)C)c->5c->6c->71C
EMILIX,,C19 H24 F18 Mo1 O5,0.0,CC[C-3]->[Mo+6]1(<-[O-]C(C)(C(F)(F)F)C(F)(F)F)(<-[O-]C(C)(C(F)(F)F)C(F)(F)F)(<-[O-]C(C)(C(F)(F)F)C(F)(F)F)<-O(C)CCO->1C,CC[C-3]->[Mo+6]1(<-[O-]C(C)(C(F)(F)F)C(F)(F)F)(<-[O-]C(C)(C(F)(F)F)C(F)(F)F)(<-[O-]C(C)(C(F)(F)F)C(F)(F)F)<-O(C)CCO->1C,CC[C-3]->[Mo+6]1(<-[O-]C(C)(C(F)(F)F)C(F)(F)F)(<-[O-]C(C)(C(F)(F)F)C(F)(F)F)(<-[O-]C(C)(C(F)(F)F)C(F)(F)F)<-O(C)CCO->1C
EMUPOT,Nc1ccc([Se-]->[Hg+2](<-[Br-])<-P(C2CCCCC2)(C2CCCCC2)C2CCCCC2)cc1,C24 H39 Br1 Hg1 N1 P1 Se1,0.0,Nc1ccc([Se-]->[Hg+2](<-[Br-])<-P(C2CCCCC2)(C2CCCCC2)C2CCCCC2)cc1,Nc1ccc([Se-]->[Hg+2](<-[Br-])<-P(C2CCCCC2)(C2CCCCC2)C2CCCCC2)cc1,C1CCC(P(C2CCCCC2)C2CCCCC2)CC1.Nc1ccc([Se-]->[Hg+2]<-[Br-])cc1
ENASOC,,C26 H38 B1 Fe1 N1 O2 Si2,0.0,Cc12->[Fe]345(<-[C-]#[O+])(<-[C-]#[O+])(<-B(C#Cc6ccccc6)=[N+]([Si](C)(C)C)[Si](C)(C)C)<-c1(C)c->3(C)[c-]->4(C)c->52C,Cc12->[Fe+2]345(<-[C-]#[O+])(<-[C-]#[O+])(<-[B-](#C[C]c6ccccc6)N([Si](C)(C)C)[Si](C)(C)C)<-c1(C)c->3(C)[c-]->4(C)c->52C,Cc12->[Fe+2]3456(<-[C-]#[O+])(<-C(=O)=[B-]->3(C#Cc3ccccc3)N([Si](C)(C)C)[Si](C)(C)C)<-c1(C)c->4(C)[c-]->5(C)c->62C
ENEHOU,CC1CP(c2ccccc2)(c2ccccc2)->[Pt+4]2(<-[Cl-])(<-[I-])(<-[I-])<-C=1=P(c1ccccc1)(c1ccccc1)c1c(-c3ccccc3)ccc[c-]->21,C40 H33 Cl1 I2 P2 Pt1,0.0,CC1CP(c2ccccc2)(c2ccccc2)->[Pt+5]2(<-[Cl-])(<-[I-])(<-[I-])<-[C-]=1[P](c1ccccc1)(c1ccccc1)c1c(-c3ccccc3)ccc[c-]->21,CC1CP(c2ccccc2)(c2ccccc2)->[Pt+4]2(<-[Cl-])(<-[I-])(<-[I-])<-[C]3C=CC=C(c4ccccc4)C3=P(c3ccccc3)(c3ccccc3)[C-]->2=1,CC1CP(c2ccccc2)(c2ccccc2)->[Pt+4]2(<-[Cl-])(<-[I-])(<-[I-])<-[C]3C=CC=C(c4ccccc4)C3=P(c3ccccc3)(c3ccccc3)[C-]->2=1
ENOPII,CN1C=CC2c3[nH]c4ccccc4n3->[Ir+3]3456(<-[I-])(<-C=2=C1)<-c1(C)c->3(C)c->4(C)[c-]->5(C)c->61C,C23 H26 I1 Ir1 N3 1+,1.0,C[n+]1ccc2-c3[nH]c4ccccc4n3->[Ir+3]3456(<-[I-])(<-[c-]2c1)<-c1(C)c->3(C)c->4(C)[c-]->5(C)c->61C,CN1C=CC2c3[nH]c4ccccc4n3->[Ir+3]3456(<-[I-])(<-C=2=C1)<-c1(C)c->3(C)c->4(C)[c-]->5(C)c->61C,CN1C=CC2c3[nH]c4ccccc4n3->[Ir+3]3456(<-[I-])(<-C=2=C1)<-c1(C)c->3(C)c->4(C)[c-]->5(C)c->61C
ENURUC,Cc1cc(-c2ccccc2)n2->[Ni+2]34(<-O=[C-]->3C[Si](C)(C)C)<-n3c(-c5ccccc5)cc(C)n3[BH-](n12)n1c(C)cc(-c2ccccc2)n->41,C35 H39 B1 N6 Ni1 O1 Si1,0.0,Cc1cc(-c2ccccc2)nn1[BH-]1[n+]2c(C)cc(-c3ccccc3)[n-]2->[Ni+]2(<-O=C->2C[Si](C)(C)C)<-[n-]2c(-c3ccccc3)cc(C)[n+]21,Cc1cc(-c2ccccc2)nn1[BH-]1n2c(C)cc(-c3ccccc3)n2->[Ni+2]2(<-O=[C-]->2C[Si](C)(C)C)<-n2c(-c3ccccc3)cc(C)n21,Cc1cc(-c2ccccc2)n2->[Ni+2]34(<-O=[C-]->3C[Si](C)(C)C)<-n3c(-c5ccccc5)cc(C)n3[BH-](n12)n1c(C)cc(-c2ccccc2)n->41
EPEDUA,C1=CC2=[Se]->[Pd@SP1+2]34<-[Se]=C5C=CC=C/C5=C/[N-]->3CC[N-]->4/C=C\2C=C1,C16 H14 N2 Pd1 Se2,0.0,C1c2ccccc2[Se-]->[Pd+2]23<-[Se-]c4ccccc4C=N->2CCN->3=1,C1=CC2=C[N-]3CC[N-]4C=C5C=CC=CC5=[Se]->[Pd+2]<-3<-4<-[Se]=C2C=C1,C1=CC2=C[N-]3CC[N-]4C=C5C=CC=CC5=[Se]->[Pd+2]<-3<-4<-[Se]=C2C=C1
EPIMEW,Cc12->[Ti+4]3456789%10(<-[SH-])(<-[SH-])<-c1(C)c->3(C)[c-]->4([Si](C)(C)CC[Si](C)(C)[c-]->51c->6(C)c->7(C)c->8(C)c->91C)c->%102C,C24 H42 S2 Si2 Ti1,0.0,Cc12->[Ti+4]3456789%10(<-[SH-])(<-[SH-])<-c%11(C)c->3(C)c->4(C)[c-]->5([Si](C)(C)CC[Si](C)(C)c->61c->7(C)[c-]->8(C)c->92C)c->%10%11C,Cc12->[Ti+4]3456789%10(<-[SH-])(<-[SH-])<-c%11(C)c->3(C)c->4([Si](C)(C)CC[Si](C)(C)c->5(c->61C)[c-]->7(C)c->82C)[c-]->9(C)c->%10%11C,Cc12->[Ti+4]3456789%10(<-[SH-])(<-[SH-])<-c%11(C)c->3(C)c->4([Si](C)(C)CC[Si](C)(C)c->5(c->61C)[c-]->7(C)c->82C)[c-]->9(C)c->%10%11C
EPOMUS,Cc1cccc(C)c1[N+]#[C-]->[Pd+2](<-[I-])(<-[C-]#[N+]c1c(C)cccc1C)<-[C](Nc1c(C)cccc1C)c1ccccc1CC(N)=O,C35 H36 I1 N4 O1 Pd1 1+,1.0,Cc1cccc(C)c1[N+]#[C-]->[Pd+2](<-[I-])(<-[C-]#[N+]c1c(C)cccc1C)<-[C](Nc1c(C)cccc1C)c1ccccc1CC(N)=O,Cc1cccc(C)c1[N+]#[C-]->[Pd+2](<-[I-])(<-[C-]#[N+]c1c(C)cccc1C)<-[C](Nc1c(C)cccc1C)c1ccccc1CC(N)=O,Cc1cccc(C)c1[N+]#[C-]->[Pd+2](<-[I-])(<-[C-]#[N+]c1c(C)cccc1C)<-[C](Nc1c(C)cccc1C)c1ccccc1CC(N)=O
EPUNAF,C/C1=N(\C(C)C)->[Ti+4]2345(<-[N-2]N(C)c6ccccc6)(<-[N-]1C(C)C)<-c1(C)c->2(C)c->3(C)[c-]->4(C)c->51C,C25 H40 N4 Ti1,0.0,CC1=N(C(C)C)->[Ti+4]2345(<-[N-2]N(C)c6ccccc6)(<-[N-]1C(C)C)<-c1(C)c->2(C)c->3(C)[c-]->4(C)c->51C,CC1=N(C(C)C)->[Ti+4]2345(<-[N-2]N(C)c6ccccc6)(<-[N-]1C(C)C)<-c1(C)c->2(C)c->3(C)[c-]->4(C)c->51C,CC1=N(C(C)C)->[Ti+4]2345(<-[N-2]N(C)c6ccccc6)(<-[N-]1C(C)C)<-c1(C)c->2(C)c->3(C)[c-]->4(C)c->51C
EQETIF,C1CSC2[S-]->[Au+3]3(<-[S-]C=2SC1)<-[S-]C1=C([S-]->3)SCCCS1,C10 H12 Au1 S8 1-,-1.0,C1CSC2[S-]->[Au+3]3(<-[S-]C=2SC1)<-[S-]C1=C([S-]->3)SCCCS1,C1CSC2=S->[Au-]3(<-S=C2SC1)<-S=C1SCCCSC1=S->3,C1CSC2=S->[Au-]3(<-S=C2SC1)<-S=C1SCCCSC1=S->3
EQIREC,Cc1cc(C)n2->[Re+]3(<-[C-]#[O+])(<-[C-]#[O+])(<-[C-]#[O+])<-NCCN->3(CCCC(=O)O)CCn12,C16 H24 N4 O5 Re1 1+,1.0,Cc1cc(C)n2->[Re+]3(<-[C-]#[O+])(<-[C-]#[O+])(<-[C-]#[O+])<-NCCN->3(CCCC(=O)O)CCn12,Cc1cc(C)n2->[Re+]3(<-[C-]#[O+])(<-[C-]#[O+])(<-[C-]#[O+])<-NCCN->3(CCCC(=O)O)CCn12,Cc1cc(C)n2->[Re+]3(<-[C-]#[O+])(<-[C-]#[O+])(<-[C-]#[O+])<-NCCN->3(CCCC(=O)O)CCn12
EQOKUR,C[N-](C)->[Ti+4]12345(<-[N-](C)C)<-[N-](c6ccccc6-c6ccccc6)[Si](C)(C)[c-]->16c->2(C)c->3(C)c->4(C)c->56C,C27 H39 N3 Si1 Ti1,0.0,C[N-](C)->[Ti+4]12345(<-[N-](C)C)<-[N-](c6ccccc6-c6ccccc6)[Si](C)(C)[c-]->16c->2(C)c->3(C)c->4(C)c->56C,C[N-](C)->[Ti+4]12345(<-[N-](C)C)<-[N-](c6ccccc6-c6ccccc6)[Si](C)(C)c->16c->2(C)c->3(C)c->4(C)[c-]->56C,C[N-](C)->[Ti+4]12345(<-[N-](C)C)<-[N-](c6ccccc6-c6ccccc6)[Si](C)(C)c->16c->2(C)c->3(C)c->4(C)[c-]->56C
EQUVUJ,,C34 H23 Ir1 N5 O2 1+,1.0,c1cc[c-]2->[Ir+3]34(<-[c-]5ccccc5-c5oc6ccccc6n->35)(<-n3ccccc3-c3cc[nH]n->43)<-n3c(-c2c1)oc1ccccc13,c1cc[c-]2->[Ir+3]34(<-[c-]5ccccc5-c5oc6ccccc6n->35)(<-n3ccccc3-c3cc[nH]n->43)<-n3c(-c2c1)oc1ccccc13,c1cc[c-]2->[Ir+3]34(<-[c-]5ccccc5-c5oc6ccccc6n->35)(<-n3ccccc3-c3cc[nH]n->43)<-n3c(-c2c1)oc1ccccc13
EREHEO,,C43 H38 Fe1 N1 P1 Si1,0.0,[CH3-]->[Fe+2]1234(<-[C-]#[N+][Si](c5ccccc5)(c5ccccc5)c5ccccc5)(<-c5c->1c->2[cH-]->3c->45)<-P(c1ccccc1)(c1ccccc1)c1ccccc1,[CH3-]->[Fe+2]1234(<-[C-]#[N+][Si](c5ccccc5)(c5ccccc5)c5ccccc5)(<-c5c->1c->2[cH-]->3c->45)<-P(c1ccccc1)(c1ccccc1)c1ccccc1,[CH3-]->[Fe+2]1234(<-[C-]#[N+][Si](c5ccccc5)(c5ccccc5)c5ccccc5)(<-c5c->1c->2[cH-]->3c->45)<-P(c1ccccc1)(c1ccccc1)c1ccccc1
ERIBOX,CO->[Mo+6]12(<-[O-2])(<-[O-2])<-[O-]/C(=N\N->1=C\c1cc(Cl)ccc1[O-]->2)c1ccc(O)cc1O,C15 H13 Cl1 Mo1 N2 O7,0.0,CO->[Mo+6]12(<-[O-2])(<-[O-2])<-[O-]C(=NN->1=Cc1cc(Cl)ccc1[O-]->2)c1ccc(O)cc1O,CO->[Mo+6]12(<-[O-2])(<-[O-2])<-[O-]C(=NN->1=Cc1cc(Cl)ccc1[O-]->2)c1ccc(O)cc1O,CO.[O-2]->[Mo+6]12(<-[O-2])<-[O-]C(c3ccc(O)cc3O)=NN->1=Cc1cc(Cl)ccc1[O-]->2
ERORIO,CC(C)P1(=S->[Pt@OH20+2]2(<-[Cl-])<-[S-]P(=C3c4ccccc4[C@@H]1[C]->23)(C(C)C)C(C)C)C(C)C,C21 H33 Cl1 P2 Pt1 S2,0.0,CC(C)P1(=S->[Pt+2]2(<-[Cl-])<-S=P(C(C)C)(C(C)C)C3c4ccccc4C1=[C-]->23)C(C)C,CC(C)P1(=S->[Pt+2]2(<-[Cl-])<-[S-]P(=C3c4ccccc4C1[C]->23)(C(C)C)C(C)C)C(C)C,CC(C)P1(=S->[Pt+2]2(<-[Cl-])<-[S-]P(=C3c4ccccc4C1[C]->23)(C(C)C)C(C)C)C(C)C
ERUWUK,,C14 H20 Hg1 I2 N4 O2 S2,0.0,CCCc1cc(=O)[nH]c(=S->[Hg+2](<-[I-])(<-[I-])<-S=c2[nH]c(CCC)cc(=O)[nH]2)[nH]1,CCCc1cc(=O)[nH]c(=S->[Hg+2](<-[I-])(<-[I-])<-S=c2[nH]c(CCC)cc(=O)[nH]2)[nH]1,CCCc1cc(=O)[nH]c(=S)[nH]1.CCCc1cc(=O)[nH]c(=S)[nH]1.[I-]->[Hg+2]<-[I-]
ESANAO,Cc1cc2c(cc1C)/C1=N/c3ccc(Br)cn3->[Ru+2]3(<-[Cl-])(<-N1=C2/N=c1/ccc(Br)c[n-]->31)(<-n1ccccc1)<-n1ccccc1,C30 H24 Br2 Cl1 N7 Ru1,0.0,Cc1cc2c(cc1C)C1=Nc3ccc(Br)cn3->[Ru+2]3(<-[Cl-])(<-n4ccccc4)(<-n4ccccc4)<-n4cc(Br)ccc4N=C2[N-]->31,Cc1cc2c(cc1C)C1N=c3ccc(Br)c[n-]3->[Ru+2]3(<-[Cl-])(<-N=1C2=Nc1ccc(Br)cn->31)(<-n1ccccc1)<-n1ccccc1,Cc1cc2c(cc1C)C1N=c3ccc(Br)c[n-]3->[Ru+2]3(<-[Cl-])(<-N=1C2=Nc1ccc(Br)cn->31)(<-n1ccccc1)<-n1ccccc1
ESEBUZ,O=N([O-])->[Ru+2]123(<-n4ccccc4Nc4ccccn->14)<-n1ccccc1-c1cccc(-c4ccccn->24)n->31,C25 H20 N7 O2 Ru1 1+,1.0,O=[N+](=O)->[Ru]123(<-n4ccccc4Nc4ccccn->14)<-n1ccccc1-c1cccc(-c4ccccn->24)n->31,O=N([O-])->[Ru+2]123(<-n4ccccc4Nc4ccccn->14)<-n1ccccc1-c1cccc(-c4ccccn->24)n->31,O=N([O-])->[Ru+2]123(<-n4ccccc4Nc4ccccn->14)<-n1ccccc1-c1cccc(-c4ccccn->24)n->31
ESINID,CN([C](c1c2ccccc2cc2ccccc12)->[Rh+]123(<-[Cl-])<-C4=C->1/CC/C->2=C->3\CC\4)C(C)(C)C,C28 H33 Cl1 N1 Rh1,0.0,CN([C](c1c2ccccc2cc2ccccc12)->[Rh+]123(<-[Cl-])<-C4=C->1CCC->2=C->3CC4)C(C)(C)C,CN([C](c1c2ccccc2cc2ccccc12)->[Rh+]123(<-[Cl-])<-C4=C->1CCC->2=C->3CC4)C(C)(C)C,CN([C](c1c2ccccc2cc2ccccc12)->[Rh+]123(<-[Cl-])<-C4=C->1CCC->2=C->3CC4)C(C)(C)C
ESODEW,N[C]([Si](c1ccccc1)(c1ccccc1)c1ccccc1)->[W](<-[C-]#[O+])(<-[C-]#[O+])(<-[C-]#[O+])(<-[C-]#[O+])<-[C-]#[O+],C24 H17 N1 O5 Si1 W1,0.0,N[C]([Si](c1ccccc1)(c1ccccc1)c1ccccc1)->[W](<-[C-]#[O+])(<-[C-]#[O+])(<-[C-]#[O+])(<-[C-]#[O+])<-[C-]#[O+],N[C]([Si](c1ccccc1)(c1ccccc1)c1ccccc1)->[W](<-[C-]#[O+])(<-[C-]#[O+])(<-[C-]#[O+])(<-[C-]#[O+])<-[C-]#[O+],N[C]([Si](c1ccccc1)(c1ccccc1)c1ccccc1)->[W](<-[C-]#[O+])(<-[C-]#[O+])(<-[C-]#[O+])(<-[C-]#[O+])<-[C-]#[O+]
ESUVUL,FC1=C(F)[C-](F)C(/C2=C3\[CH-]C=C[N-]3->[Ni@SP3+2]34<-[N-]5[C+]2[CH+][CH-][C+]5[C+]2[CH+][CH+][C-]([C-](c5ccc[n-]->35)[C+]3[C+](F)[C+](F)[C+](F)[C-](F)[C-]3F)[N-]->42)=C(F)[C-]1F,C30 H10 F10 N4 Ni1,0.0,Fc1c(F)c(F)c(C2=C3C=CC=N3->[Ni+2]34<-N5=CC=CC5=C(c5c(F)c(F)c(F)c(F)c5F)c5ccc(-c6ccc2[n-]->36)[n-]->45)c(F)c1F,Fc1c(F)c(F)c(C2c3ccc[n-]3->[Ni+4]34<-[n-]5cccc5C(c5c(F)c(F)c(F)c(F)c5F)=c5ccc(=c6ccc=2[n-]->36)[n-]->45)c(F)c1F,Fc1c(F)c(F)c(C2c3ccc[n-]3->[Ni+4]34<-[n-]5cccc5C(c5c(F)c(F)c(F)c(F)c5F)=c5ccc(=c6ccc=2[n-]->36)[n-]->45)c(F)c1F
ETAWUR,Cc12->[Ru+2]3456(<-[I-])(<-c1c->3(C)[c-]->4(C(=O)OCCP->5(c1ccccc1)c1ccccc1)c->62)<-P(C)(C)C,C25 H31 I1 O2 P2 Ru1,0.0,Cc12->[Ru+2]3456(<-[I-])(<-c1c->3(C(=O)OCCP->4(c1ccccc1)c1ccccc1)c->5(C)[cH-]->62)<-P(C)(C)C,Cc12->[Ru+2]3456(<-[I-])(<-c1c->3(C)[c-]->4(C(=O)OCCP->5(c1ccccc1)c1ccccc1)c->62)<-P(C)(C)C,Cc12->[Ru+2]3456(<-[I-])(<-c1c->3(C)[c-]->4(C(=O)OCCP->5(c1ccccc1)c1ccccc1)c->62)<-P(C)(C)C
ETESED,COc1ccccc1/C1=C/C(SC)=S->[Pt@OH15+2](<-[Cl-])(<-[O-]1)<-S(C)(C)=O,C13 H17 Cl1 O3 Pt1 S3,0.0,COc1ccccc1C1C=C(SC)[S-]->[Pt+2](<-[Cl-])(<-O=1)<-S(C)(C)=O,COc1ccccc1C1=CC(SC)=S->[Pt+2](<-[Cl-])(<-[O-]1)<-S(C)(C)=O,COc1ccccc1C1=CC(SC)=S->[Pt+2](<-[Cl-])(<-[O-]1)<-S(C)(C)=O
ETOCUM,,C21 H31 Cl2 N9 O2 Zn1,0.0,CC(C)N1N=C2c3cccc4C5=NN(C(C)C)C(=O)N(C(C)C)[N-]5->[Zn+4](<-[Cl-])(<-[Cl-])(<-n34)<-[N-]2N(C(C)C)C1=O,CC(C)N1N=C2c3cccc4C5=NN(C(C)C)C(=O)N(C(C)C)[N-]5->[Zn+4](<-[Cl-])(<-[Cl-])(<-n34)<-[N-]2N(C(C)C)C1=O,CC(C)N1N=C2c3cccc4C5=NN(C(C)C)C(=O)N(C(C)C)[N-]5->[Zn+4](<-[Cl-])(<-[Cl-])(<-n34)<-[N-]2N(C(C)C)C1=O
ETOZAP,CCc1[nH]c(C(=O)O)c2C(=O)[O-]->[Cd+2]3(<-O)(<-O)(<-[O-]C(=O)c4c(C(=O)O)[nH]c(CC)n->34)<-n12,C14 H18 Cd1 N4 O10,0.0,CCc1[nH]c(C(=O)[O-])c2C(O)=O->[Cd+2]3(<-O)(<-O)(<-O=C(O)c4c(C(=O)[O-])[nH]c(CC)n->34)<-n12,CCc1[nH]c(C(=O)[O-])c2C(O)=O->[Cd+2]3(<-O)(<-O)(<-O=C(O)c4c(C(=O)[O-])[nH]c(CC)n->34)<-n12,CCc1[nH]c(C(=O)O)c2C(=O)[O-]->[Cd+2]3(<-O)(<-O)(<-[O-]C(=O)c4c(C(=O)O)[nH]c(CC)n->34)<-n12
EVALOE,,C28 H42 N3 O1 P1 Ru1,0.0,CCN1(CC)C2C(=Cc3ccccc3)[NH-]->[RuH+]<-13(<-[C-]#[O+])<-n1c(CP->3(C(C)(C)C)C(C)(C)C)cccc12,CCN1(CC)C2C(=Cc3ccccc3)[NH-]->[RuH+]<-13(<-[C-]#[O+])<-n1c(CP->3(C(C)(C)C)C(C)(C)C)cccc12,CCN1(CC)C2C(=Cc3ccccc3)[NH-]->[RuH+]<-13(<-[C-]#[O+])<-n1c(CP->3(C(C)(C)C)C(C)(C)C)cccc12
EVOGUT,CC(=O)/C=C(\C)[O-]->[Ni@+2]1(<-O=C(C)/C=C(/C)[O-]->1)<-n1cpcn1Cn1cpcn1,C15 H20 N4 Ni1 O4 P2,0.0,fail,CC1=CC(C)=O->[Ni+2]23(<-O=C(C)C=C(C)[O-]->2)(<-[O-]1)<-n1cpcn1Cn1cpcn->31,CC1=CC(C)=O->[Ni+2]2(<-O=C(C)C=C(C)[O-]->2)(<-[O-]1)<-n1cpcn1Cn1cpcn1
EWEGUK,Cc1cc(C)c(N2C=CN(c3c(C)cc(C)cc3C)[C]2->[Cu+]<-[N-](C(=O)OC(C)(C)C)c2c(F)c(F)cc(F)c2F)c(C)c1,C32 H34 Cu1 F4 N3 O2,0.0,Cc1cc(C)c(N2C=CN(c3c(C)cc(C)cc3C)[C]2->[Cu+]<-[N-](C(=O)OC(C)(C)C)c2c(F)c(F)cc(F)c2F)c(C)c1,Cc1cc(C)c(N2C=CN(c3c(C)cc(C)cc3C)[C]2->[Cu+]<-[N-](C(=O)OC(C)(C)C)c2c(F)c(F)cc(F)c2F)c(C)c1,Cc1cc(C)c(N2C=CN(c3c(C)cc(C)cc3C)[C]2->[Cu+]2<-[N-](C(=O)O->2C(C)(C)C)c2c(F)c(F)cc(F)c2F)c(C)c1
EWIHUP,,C12 H12 Cl2 N4 Ni1 O2 S2,0.0,O->[Ni+2](<-O)(<-[N-]=C=S)(<-[N-]=C=S)(<-n1ccccc1Cl)<-n1ccccc1Cl,O->[Ni+2](<-O)(<-[N-]=C=S)(<-[N-]=C=S)(<-n1ccccc1Cl)<-n1ccccc1Cl,O.O.S=C=[N-]->[Ni+2](<-[N-]=C=S)(<-n1ccccc1Cl)<-n1ccccc1Cl
EWOLEH,CN(C)Cc1cccc[c-]1->[Hg+2]<-[Cl-],C9 H12 Cl1 Hg1 N1,0.0,CN1(C)Cc2cccc[c-]2->[Hg+2]<-1<-[Cl-],CN(C)Cc1cccc[c-]1->[Hg+2]<-[Cl-],CN(C)Cc1cccc[c-]1->[Hg+2]<-[Cl-]
EWUNAL,,C28 H9 B1 F15 V1,0.0,Fc1c(F)c(F)c([B-]2(c3c(F)c(F)c(F)c(F)c3F)c3c(F)c(F)c(F)c(F)c3F->[V+3]3456789%10(<-c%11c->3c->4[cH-]->5c->6%11)<-c3c->7c->82c->9[cH-]->%103)c(F)c1F,Fc1c(F)c(F)c([B-](c2c(F)c(F)c(F)c(F)c2F)(c2c(F)c(F)c(F)c(F)c2F)c23->[V+3]456789%10(<-c%11c->4c->5[cH-]->6c->7%11)<-c(c->82)[cH-]->9c->%103)c(F)c1F,Fc1c(F)c(F)c([B-](c2c(F)c(F)c(F)c(F)c2F)(c2c(F)c(F)c(F)c(F)c2F)c23->[V+3]456789%10(<-c%11c->4c->5[cH-]->6c->7%11)<-c(c->82)[cH-]->9c->%103)c(F)c1F
EWUVUN,[CH3-]->[Pt@+2]1(<-[Cl-])<-S=P(CP->1(c1ccccc1)c1ccccc1)(c1ccccc1)c1ccccc1,C26 H25 Cl1 P2 Pt1 S1,0.0,[CH3-]->[Pt+2]1(<-[Cl-])<-S=P(CP->1(c1ccccc1)c1ccccc1)(c1ccccc1)c1ccccc1,[CH3-]->[Pt+2]1(<-[Cl-])<-S=P(CP->1(c1ccccc1)c1ccccc1)(c1ccccc1)c1ccccc1,[CH3-]->[Pt+2]1(<-[Cl-])<-S=P(CP->1(c1ccccc1)c1ccccc1)(c1ccccc1)c1ccccc1
EXEPOO,CS(=O)(=O)c1c(F)c[c-]2->[Ir+3]34(<-[O-]C(=O)c5ccccn->35)(<-[c-]3cc(F)c(S(C)(=O)=O)c(F)c3-c3ccccn->43)<-n3ccccc3-c2c1F,C30 H20 F4 Ir1 N3 O6 S2,0.0,CS(=O)(=O)c1c(F)c[c-]2->[Ir+3]34(<-[O-]C(=O)c5ccccn->35)(<-[c-]3cc(F)c(S(C)(=O)=O)c(F)c3-c3ccccn->43)<-n3ccccc3-c2c1F,CS(=O)(=O)c1c(F)c[c-]2->[Ir+3]34(<-[O-]C(=O)c5ccccn->35)(<-[c-]3cc(F)c(S(C)(=O)=O)c(F)c3-c3ccccn->43)<-n3ccccc3-c2c1F,CS(=O)(=O)c1c(F)c[c-]2->[Ir+3]34(<-[O-]C(=O)c5ccccn->35)(<-[c-]3cc(F)c(S(C)(=O)=O)c(F)c3-c3ccccn->43)<-n3ccccc3-c2c1F
EXOCEA,CC(C)P1(CCP(C(C)C)(C(C)C)->[Ni+2]<-12<-[O-]S(=O)(=O)[S-]->2)C(C)C,C14 H32 Ni1 O3 P2 S2,0.0,CC(C)P1(CCP(C(C)C)(C(C)C)->[Ni+2]<-12<-[O-]S(=O)(=O)[S-]->2)C(C)C,CC(C)P1(CCP(C(C)C)(C(C)C)->[Ni+2]<-12<-[O-]S(=O)(=O)[S-]->2)C(C)C,CC(C)P1(CCP(C(C)C)(C(C)C)->[Ni+2]<-1234<-O=S->2(=O)([O-]->3)[S-]->4)C(C)C
EXUDIM,Nc1ccc(S(=O)(=O)[N-](c2ncccn2)->[Ni+2](<-n2ccccc2)(<-n2ccccc2)<-[N-](c2ncccn2)S(=O)(=O)c2ccc(N)cc2)cc1,C30 H28 N10 Ni1 O4 S2,0.0,Nc1ccc(S(=O)(=O)[N-]2c3ncccn3->[Ni+2]<-23(<-n2ccccc2)(<-n2ccccc2)<-n2cccnc2[N-]->3S(=O)(=O)c2ccc(N)cc2)cc1,Nc1ccc(S(=O)(=O)[N-]2c3ncccn3->[Ni+2]<-23(<-n2ccccc2)(<-n2ccccc2)<-n2cccnc2[N-]->3S(=O)(=O)c2ccc(N)cc2)cc1,Nc1ccc(S(=O)(=O)[N-](c2ncccn2)->[Ni+2](<-n2ccccc2)(<-n2ccccc2)<-[N-](c2ncccn2)S(=O)(=O)c2ccc(N)cc2)cc1
EYEPOO,,C20 H37 N2 O1 P1 Ru1,0.0,CCN1(CC)Cc2cccc3CP(C(C)(C)C)(C(C)(C)C)->[RuH2]<-1(<-[C-]#[O+])<-n23,CCN1(CC)Cc2cccc3CP(C(C)(C)C)(C(C)(C)C)->[RuH2]<-1(<-[C-]#[O+])<-n23,CCN1(CC)Cc2cccc3CP(C(C)(C)C)(C(C)(C)C)->[RuH2]<-1(<-[C-]#[O+])<-n23
EYIXEQ,O=C(N[N-]1C(=O)c2cccc3C(=O)[N-](NC(=O)c4ccccc4O)->[Zn+2]<-1(<-O)(<-O)<-n23)c1ccccc1O,C21 H19 N5 O8 Zn1,0.0,O=C1c2cccc3C(=O)[N-]4NC(=O->[Zn+2]<-45(<-O)(<-O)(<-O=C(N[N-]->51)c1ccccc1O)<-n23)c1ccccc1O,O=C(N[N-]1C(=O)c2cccc3C(=O)[N-]4NC(=O->[Zn+2]<-1<-4(<-O)(<-O)<-n23)c1ccccc1O)c1ccccc1O,O=C(N[N-]1C(=O)c2cccc3C(=O)[N-](NC(=O)c4ccccc4O)->[Zn+2]<-1(<-O)(<-O)<-n23)c1ccccc1O
EYUNOC,,C13 H17 Cl1 N5 Ni1 O2 1+,1.0,O->[Ni+2]12(<-O)(<-[Cl-])<-n3c(Cn4cccn->14)cccc3Cn1cccn->21,O->[Ni+2]12(<-O)(<-[Cl-])<-n3c(Cn4cccn->14)cccc3Cn1cccn->21,O.O->[Ni+2]12(<-[Cl-])<-n3c(cccc3Cn3cccn->13)Cn1cccn->21
EZAGES,CS(C)(=O)->[Ru+2]1(<-[Cl-])(<-[O-]C(=O)c2ccccn->12)(<-S(C)(C)=O)<-S(C)(C)=O,C12 H22 Cl1 N1 O5 Ru1 S3,0.0,CS(C)(=O)->[Ru+2]1(<-[Cl-])(<-[O-]C(=O)c2ccccn->12)(<-S(C)(C)=O)<-S(C)(C)=O,CS(C)(=O)->[Ru+2]1(<-[Cl-])(<-[O-]C(=O)c2ccccn->12)(<-S(C)(C)=O)<-S(C)(C)=O,CS(C)(=O)->[Ru+2]1(<-[Cl-])(<-[O-]C(=O)c2ccccn->12)(<-S(C)(C)=O)<-S(C)(C)=O
EZETEI,,C28 H17 Mo1 O10 P2 1-,-1.0,[O+]#[C-]->[Mo-2](<-[C-]#[O+])(<-[C-]#[O+])(<-[C-]#[O+])(<-[PH]1([O-])=[O+]c2ccccc2-c2ccccc2O1)<-[PH]1(O)=[O+]c2ccccc2-c2ccccc2O1,[O+]#[C-]->[Mo](<-[C-]#[O+])(<-[C-]#[O+])(<-[C-]#[O+])(<-p1([O-])oc2ccccc2c2ccccc2o1)<-p1(O)oc2ccccc2c2ccccc2o1,[O+]#[C-]->[Mo](<-[C-]#[O+])(<-[C-]#[O+])(<-[C-]#[O+])(<-p1([O-])oc2ccccc2c2ccccc2o1)<-p1(O)oc2ccccc2c2ccccc2o1
EZISIR,Cc12->[Ru+2]34567(<-C=C->3/C=C\[S@]->4(=O)[O-])(<-c1(C)c->5(C)[c-]->6(C)c->72C)<-P(C)(C)C,C17 H29 O2 P1 Ru1 S1,0.0,Cc12->[Ru+]34567(<-C=C->3C=C[SH]->4(=O)=O)(<-c1(C)c->5(C)[c-]->6(C)c->72C)<-P(C)(C)C,Cc12->[Ru+2]34567(<-C=C->3C=CS->4(=O)[O-])(<-c1(C)c->5(C)[c-]->6(C)c->72C)<-P(C)(C)C,Cc12->[Ru+2]34567(<-C=C->3C=CS->4(=O)[O-])(<-c1(C)c->5(C)[c-]->6(C)c->72C)<-P(C)(C)C
EZUTOJ,CP(C)(C)->[Ru+2]12345(<-c6c->1c->2[cH-]->3c->46)<-n1cccc2c3c(c4c6ccccc6[n-]->5c4c21)C(=O)N(Cc1ccccc1)C3=O,C32 H28 N3 O2 P1 Ru1,0.0,CP(C)(C)->[Ru+2]12345(<-c6c->1c->2[cH-]->3c->46)<-n1cccc2c3c(c4c6ccccc6[n-]->5c4c21)C(=O)N(Cc1ccccc1)C3=O,CP(C)(C)->[Ru+4]12345(<-c6c->1c->2[cH-]->3c->46)<-[n-]1cccc2c3c([O-])n(Cc4ccccc4)c(=O)c3c3c4ccccc4[n-]->5c3c21,CP(C)(C)->[Ru+4]12345(<-c6c->1c->2[cH-]->3c->46)<-[n-]1cccc2c3c([O-])n(Cc4ccccc4)c(=O)c3c3c4ccccc4[n-]->5c3c21
FABZUF,C[CH2-]->[Zn+2](<-[CH2-]C)<-n1c(C2=N[C@@H](C(C)C)CO2)cccc1C1=N[C@@H](C(C)C)CO1,C21 H33 N3 O2 Zn1,0.0,C[CH2-]->[Zn+2]12(<-[CH2-]C)<-N3=C(c4cccc(C5=N->1C(C(C)C)CO5)n->24)OCC3C(C)C,C[CH2-]->[Zn+2](<-[CH2-]C)<-n1c(C2=NC(C(C)C)CO2)cccc1C1=NC(C(C)C)CO1,C[CH2-]->[Zn+2](<-[CH2-]C)<-n1c(C2=NC(C(C)C)CO2)cccc1C1=NC(C(C)C)CO1
FACJOI,CC(C)OC1([S-]->[Mo+6]23(<-[O-2])(<-[S-]1)<-[S-][C-]->2(OC(C)C)[S-]->3)[P+](C)(C)C,C11 H23 Mo1 O3 P1 S4,0.0,fail,CC(C)OC1([S-]->[Mo+4]23(<-[O-2])(<-S=C->2(OC(C)C)[S-]->3)<-[S-]1)[P+](C)(C)C,CC(C)OC1([S-]->[Mo+4]23(<-[O-2])(<-S=C->2(OC(C)C)[S-]->3)<-[S-]1)[P+](C)(C)C
FAFGUQ,NC(=O)c1cccn(->[Zn+2]23(<-O=C([O-]->2)c2ccccc2Cl)(<-O=C([O-]->3)c2ccccc2Cl)<-n2cccc(C(N)=O)c2)c1,C26 H20 Cl2 N4 O6 Zn1,0.0,NC(=O)c1cccn(->[Zn+2](<-[O-]C(=O)c2ccccc2Cl)(<-[O-]C(=O)c2ccccc2Cl)<-n2cccc(C(N)=O)c2)c1,NC(=O)c1cccn(->[Zn+2](<-[O-]C(=O)c2ccccc2Cl)(<-[O-]C(=O)c2ccccc2Cl)<-n2cccc(C(N)=O)c2)c1,NC(=O)c1cccn(->[Zn+2]2345(<-O=C->2([O-]->3)c2ccccc2Cl)(<-O=C->4([O-]->5)c2ccccc2Cl)<-n2cccc(C(N)=O)c2)c1
FAGHEA,CC(C)(C)Cc1c2c(CC(C)(C)C)[c-](->[Hg+2]<-[O-]C(=O)C(F)(F)F)c(CC(C)(C)C)c1-2,C23 H35 F3 Hg1 O2,0.0,CC(C)(C)Cc1cc(CC(C)(C)C)[c-](->[Hg+2]<-[O-]C(=O)C(F)(F)F)c(CC(C)(C)C)c1,CC(C)(C)CC1=C=C(CC(C)(C)C)[CH-](->[Hg+4]<-[O-]C(=O)C(F)(F)F)C(CC(C)(C)C)=[C-]1,CC(C)(C)Cc1c2c(CC(C)(C)C)[c-](->[Hg+2])c(CC(C)(C)C)c1-2.O=C([O-])C(F)(F)F
FAGXIV,,C11 H20 N2 O6 Pt1,0.0,CN1CCN(C)(C)->[Pt+2]<-12<-[O-]C(CO)C1OC(=O)[C-]->2(O)C1=O,CN1CCN(C)(C)->[Pt+2]<-12<-[O-]C(CO)C1OC(=O)[C-]->2(O)C1=O,CN1CCN(C)(C)->[Pt+2]<-123<-[O-]C(CO)C1OC(=O)[C-]->2(O)C->31=O
FAHPEM,O=C(O)c1ccc(-c2ccc(C(=O)O)cc2C2=O->[Zn+2]34(<-[O-]2)(<-n2cccc5ccc6cccn->3c6c52)<-n2cccc3ccc5cccn->4c5c32)cc1,C39 H25 N4 O6 Zn1 1+,1.0,fail,O=C(O)c1ccc(-c2ccc(C(=O)O)cc2C2=O->[Zn+2]34(<-[O-]2)(<-n2cccc5ccc6cccn->3c6c52)<-n2cccc3ccc5cccn->4c5c32)cc1,O=C(O)c1ccc(-c2ccc(C(=O)O)cc2C23=O->[Zn+2]<-245(<-[O-]3)(<-n2cccc3ccc6cccn->4c6c32)<-n2cccc3ccc4cccn->5c4c32)cc1
FAJMUY,,C40 H40 Cl2 O4 Si2 Zr1,0.0,CO1CCO(C)->[Zr+4]<-1(<-[Cl-])(<-[Cl-])(<-[O-][Si](c1ccccc1)(c1ccccc1)c1ccccc1)<-[O-][Si](c1ccccc1)(c1ccccc1)c1ccccc1,[C-3]O1CCO([C-3])->[Zr+10]<-1(<-[Cl-])(<-[Cl-])(<-[O-][Si](c1ccccc1)(c1ccccc1)c1ccccc1)<-[O-][Si](c1ccccc1)(c1ccccc1)c1ccccc1,C=C.[Cl-]->[Zr+4]12(<-[Cl-])(<-O=[C-]O->1[Si](c1ccccc1)(c1ccccc1)c1ccccc1)<-O=[C-]O->2[Si](c1ccccc1)(c1ccccc1)c1ccccc1
FAJZIB,Cc1cc(C)n2->[Ni+2](<-[O-][N+](=O)[O-])(<-[O-][N+](=O)[O-])<-n3c(C)cc(C)n3CCCn12,C13 H20 N6 Ni1 O6,0.0,Cc1cc(C)n2->[Ni+2]34(<-[O-][N+](=O)[O-]->3)(<-[O-][N+](=O)[O-]->4)<-n3c(C)cc(C)n3CCCn12,Cc1cc(C)n2->[Ni+2]34(<-[O-][N+](=O)[O-]->3)(<-[O-][N+](=O)[O-]->4)<-n3c(C)cc(C)n3CCCn12,Cc1cc(C)n2->[Ni+2]34(<-[O-][N+](=O)[O-]->3)(<-[O-][N+](=O)[O-]->4)<-n3c(C)cc(C)n3CCCn12
FAKVIW,COC(=O)[C@H](C)C[C@H]1C(=O)[O-]->[Ni@SP2+2]23<-N(/C(=O)[C@@H]4CCCN->24Cc2ccccc2)=C2/C=CC=C/C2=C(\c2ccccc2)[N-]->31,C32 H33 N3 Ni1 O5,0.0,fail,COC(=O)C(C)CC1C(=O)[O-]->[Ni+2]23<-N1=C(c1ccccc1)c1ccccc1[N-]->2C(=O)C1CCCN->31Cc1ccccc1,COC(=O)C(C)CC1C(=O)[O-]->[Ni+2]23<-N1=C(c1ccccc1)c1ccccc1[N-]->2C(=O)C1CCCN->31Cc1ccccc1
FAMPMO,,C14 H37 F3 Mo1 O14 P4,0.0,fail,COP(OC)(OC)->[MoH+]12(<-O=C->1([O-]->2)C(F)(F)F)(<-P(OC)(OC)OC)(<-P(OC)(OC)OC)<-P(OC)(OC)OC,COP(OC)(OC)->[MoH+]12(<-O=C->1([O-]->2)C(F)(F)F)(<-P(OC)(OC)OC)(<-P(OC)(OC)OC)<-P(OC)(OC)OC
FANJEJ,,C14 H14 Cr1 O5,0.0,CO[C-2]1C2(C)CC3CC2C2->[Cr+2]<-1(<-[C-]#[O+])(<-[C-]#[O+])(<-[C-]#[O+])(<-[C-]#[O+])<-C=23,CO[C]1C2(C)CC3CC2C2->[Cr]<-1(<-[C-]#[O+])(<-[C-]#[O+])(<-[C-]#[O+])(<-[C-]#[O+])<-C=23,CO[C]1C2(C)CC3CC2C2->[Cr]<-1(<-[C-]#[O+])(<-[C-]#[O+])(<-[C-]#[O+])(<-[C-]#[O+])<-C=23
FANTOF,[Cl-]->[Ni+2](<-[Cl-])(<-n1ccccc1[C@@H]1OCCN1c1ccccc1)<-n1ccccc1[C@@H]1OCCN1c1ccccc1,C28 H28 Cl2 N4 Ni1 O2,0.0,[Cl-]->[Ni+2]12(<-[Cl-])(<-n3ccccc3C3N(c4ccccc4)CCO->13)<-n1ccccc1C1N(c3ccccc3)CCO->21,[Cl-]->[Ni+2]12(<-[Cl-])(<-n3ccccc3C3N(c4ccccc4)CCO->13)<-n1ccccc1C1N(c3ccccc3)CCO->21,[Cl-]->[Ni+2](<-[Cl-])(<-n1ccccc1C1OCCN1c1ccccc1)<-n1ccccc1C1OCCN1c1ccccc1
FAPHEM,Cc1cc(C)c(-[n+]2ccn3CCCC/C=C/CC(C)(C)[c-]45->[Ni+2]678(<-[Br-])(<-[c-]32)<-c(c->6c->74)c->85)c(C)c1,C27 H35 Br1 N2 Ni1,0.0,Cc1cc(C)c(N2C=CN3CCCCC=CCC(C)(C)c45->[Ni+2]678(<-[Br-])(<-[C]32)<-c(c->6[cH-]->74)c->85)c(C)c1,Cc1cc(C)c(-n2cc[n+]3CCCCC=CCC(C)(C)c45->[Ni+2]678(<-[Br-])(<-[c-]23)<-c(c->6[cH-]->74)c->85)c(C)c1,Cc1cc(C)c(-n2cc[n+]3CCCCC=CCC(C)(C)c45->[Ni+2]678(<-[Br-])(<-[c-]23)<-c(c->6[cH-]->74)c->85)c(C)c1
FAPVUP,,C23 H36 Cl1 N1 P1 Rh1 Si1,0.0,CC(C)(C)P1(c2ccccc2[Si-]2(C)c3ccccc3N(C)(C)->[RhH+2]<-2<-1<-[Cl-])C(C)(C)C,CC(C)(C)P1(c2ccccc2[Si-]2(C)c3ccccc3N(C)(C)->[RhH+2]<-2<-1<-[Cl-])C(C)(C)C,CC(C)(C)P1(c2ccccc2[Si-]2(C)c3ccccc3N(C)(C)->[RhH+2]<-2<-1<-[Cl-])C(C)(C)C
FAQNUI,C1=C/C2=C/[N-]3CCN4CC/N5=C/c6ccc[n-]6->[Sc@OH7+3]<-5<-36(<-N2=C1)<-N1=CC=C/C1=C/[N-]->6CC4,C21 H24 N7 Sc1,0.0,C1c2ccc[n-]2->[Sc+3]23456<-N=1CCN->2(CCN->3=Cc1ccc[n-]->41)CCN->5=Cc1ccc[n-]->61,C1=CC2=C[N-]3CCN45CCN6=Cc7ccc[n-]7->[Sc+3]<-6<-3<-47(<-N2=C1)<-N1=CC=CC1=C[N-]->7CC5,C1=CC2=C[N-]3CCN4CCN5=Cc6ccc[n-]6->[Sc+3]<-5<-36(<-N2=C1)<-N1=CC=CC1=C[N-]->6CC4
FASPAT,N#CSCCCN1c2ccccc2N(Cc2ccccc2)[C]1->[Pd+2](<-[I-])(<-[I-])<-n1ccccc1,C23 H22 I2 N4 Pd1 S1,0.0,N#CSCCCN1c2ccccc2N(Cc2ccccc2)[C]1->[Pd+2](<-[I-])(<-[I-])<-n1ccccc1,N#CSCCCN1c2ccccc2N(Cc2ccccc2)[C]1->[Pd+2](<-[I-])(<-[I-])<-n1ccccc1,[I-]->[Pd+2]1(<-[I-])(<-N#CSCCCN2c3ccccc3N(Cc3ccccc3)[C]->12)<-n1ccccc1
FATFIQ,CS[C-]1[CH-][CH-][CH+][CH+][C-]1[N-]1c2ccccc2[N-]2[N-][C+]3[CH+][CH+][CH+][CH-][N-]3->[Mo+6]<-2<-134<-[N-]([N-][C+]1[CH+][CH+][CH+][CH-][N-]->31)c1ccccc1[N-]->4[C-]1[CH+][CH+][CH-][CH-][C-]1SC,C36 H30 Mo1 N8 S2,0.0,fail,CSc1ccccc1[N-]1c2ccccc2[N-]2N=c3cccc[n-]3->[Mo+6]<-2<-134<-[N-](N=c1cccc[n-]->31)c1ccccc1[N-]->4c1ccccc1SC,CSc1ccccc1[N-]1c2ccccc2[N-]2N=c3cccc[n-]3->[Mo+6]<-2<-134<-[N-](N=c1cccc[n-]->31)c1ccccc1[N-]->4c1ccccc1SC
FAVTUR,CC(C)OC(=S)[S-]->[Cd@@+2]1(<-S=C(OC(C)C)[S-]->1)<-[P@TB5](c1ccccc1)(c1ccccc1)c1ccccc1,C26 H29 Cd1 O2 P1 S4,0.0,fail,CC(C)OC1=S->[Cd+2]2(<-S=C(OC(C)C)[S-]->2)(<-[S-]1)<-P(c1ccccc1)(c1ccccc1)c1ccccc1,CC(C)OC1=S->[Cd+2]2(<-S=C(OC(C)C)[S-]->2)(<-[S-]1)<-P(c1ccccc1)(c1ccccc1)c1ccccc1
FAWQID,[O+]#[C-]->[Re+]1(<-[Br-])(<-[C-]#[O+])(<-[C-]#[O+])<-[Se]2CCC[Se]->1CCC2,C9 H12 Br1 O3 Re1 Se2,0.0,[O+]#[C-]->[Re+]1(<-[Br-])(<-[C-]#[O+])(<-[C-]#[O+])<-[Se]2CCC[Se]->1CCC2,[CH2-]CC[Se-]->[Re+5](<-[Br-])(<-[C-]#[O+])(<-[C-]#[O+])(<-[C-]#[O+])<-[Se-]CC[CH2-],[CH2-]C[CH2-].[O+]#[C-]->[Re+5]1(<-[Br-])(<-[C-]#[O+])(<-[C-]#[O+])<-[Se-]CCC[Se-]->1
FAXKUL,CS(C)(=O)->[Ru+2]12(<-[Cl-])(<-N#Cc3ccccc3C#N)<-n3ccccc3/N=C3/c4ccccc4/C(=N/c4ccccn->14)[N-]->23,C28 H22 Cl1 N7 O1 Ru1 S1,0.0,CS(C)(=O)->[Ru+2]12(<-[Cl-])(<-N#Cc3ccccc3C#N)<-n3ccccc3N=C3c4ccccc4C(=Nc4ccccn->14)[N-]->23,CS(C)(=O)->[Ru+2]12(<-[Cl-])(<-N#Cc3ccccc3C#N)<-N3=C(N=c4cccc[n-]->14)c1ccccc1C3=Nc1ccccn->21,CS(C)(=O)->[Ru+2]12(<-[Cl-])(<-N#Cc3ccccc3C#N)<-N3=C(N=c4cccc[n-]->14)c1ccccc1C3=Nc1ccccn->21
FAYKEW,,C10 H8 Hg1 I2 N2 O2,0.0,[I-]->[Hg]1(<-[I-])<-[O-][n+]2ccccc2-c2cccc[n+]2[O-]->1,[O-]N1C=CC=CC1=C1C=CC=CN1[O-]->[Hg+4](<-[I-])<-[I-],O=[N+]1C=CC=CC1=C1C=CC=CN1[O-].[I-]->[Hg+2]<-[I-]
FAZCUH,,C44 H25 Cl1 N4 O9 Zn1,0.0,O=C(OC1(C2C(=O)c3ccccc3C3=O->[Zn+2]4(<-O)(<-[Cl-])<-[O-]C(=NN->4=C32)c2ccccc2)c2ccccc2C(=O)c2c1nnc1c2C(=O)c2ccccc2C1=O)c1ccccc1,,
FCACPD,CN(C)->[Pd@+2]1(<-O=C(/C=C(\[O-]->1)C(F)(F)F)C(F)(F)F)<-[CH-](C(=O)C(F)(F)F)C(=O)C(F)(F)F,C12 H9 F12 N1 O4 Pd1,0.0,CN(C)->[Pd+2]1(<-O=C(C=C([O-]->1)C(F)(F)F)C(F)(F)F)<-[CH-](C(=O)C(F)(F)F)C(=O)C(F)(F)F,CN(C)->[Pd+2]1(<-O=C(C=C([O-]->1)C(F)(F)F)C(F)(F)F)<-[CH-](C(=O)C(F)(F)F)C(=O)C(F)(F)F,CN(C)->[Pd+2]12(<-O=C(C=C([O-]->1)C(F)(F)F)C(F)(F)F)<-[CH-](C(=O)C(F)(F)F)C->2(=O)C(F)(F)F
FEBSUA,C/C1=C(C(=O)C(Cl)(Cl)Cl)/C=N2->[Ni@SP1+2]34<-N(=C\C(C(=O)C(Cl)(Cl)Cl)=C(\C)[N-]->3CCC[N-]->41)/C/C=C\2,C18 H20 Cl6 N4 Ni1 O2,0.0,CC1=C(C(=O)C(Cl)(Cl)Cl)C=N2->[Ni+2]34<-N(=C(C)C(C(=O)C(Cl)(Cl)Cl)=C[N-]->3CCC2)CCC[N-]->41,CC1=C(C(=O)C(Cl)(Cl)Cl)C=N2->[Ni+2]34<-N(=C(C)C(C(=O)C(Cl)(Cl)Cl)=C[N-]->3CC=C2)CCC[N-]->41,CC1=C(C(=O)C(Cl)(Cl)Cl)C=N2->[Ni+2]34<-N(=C(C)C(C(=O)C(Cl)(Cl)Cl)=C[N-]->3CC=C2)CCC[N-]->41
FEDDAT,,C31 H45 P3 Re1 1+,1.0,fail,CC12=C->[ReH+2]<-134(<-[CH2-]C->3(C)=C->42)(<-P(C)(C)c1ccccc1)(<-P(C)(C)c1ccccc1)<-P(C)(C)c1ccccc1,C=C(C)[CH-](C(=C)C)->[ReH+2](<-P(C)(C)c1ccccc1)(<-P(C)(C)c1ccccc1)<-P(C)(C)c1ccccc1
FEFYEU,,C24 H27 Mn1 O2 Si1,0.0,Cc12->[Mn+]3456(<-[H][SiH]->3(c3ccccc3)c3ccccc3)(<-[C-]#[O+])(<-[C-]#[O+])<-c1(C)c->4(C)[c-]->5(C)c->62C,Cc12->[MnH+2]345(<-[C-]#[O+])(<-[C-]#[O+])(<-[SiH-](c6ccccc6)c6ccccc6)<-c1(C)c->3(C)[c-]->4(C)c->52C,Cc12->[MnH+2]345(<-[C-]#[O+])(<-[C-]#[O+])(<-[SiH-](c6ccccc6)c6ccccc6)<-c1(C)c->3(C)[c-]->4(C)c->52C
FEGVOD,CC(C)c1cccc(C(C)C)c1/N1=C2C(=N(/c3c(C(C)C)cccc3C(C)C)->[Pd+2]<-1(<-[Cl-])<-[Cl-])/c1cccc3cccc/2c13,C36 H40 Cl2 N2 Pd1,0.0,CC(C)c1cccc(C(C)C)c1N1=C2C(=N(c3c(C(C)C)cccc3C(C)C)->[Pd+2]<-1(<-[Cl-])<-[Cl-])c1cccc3cccc2c13,CC(C)c1cccc(C(C)C)c1[N-]1C2=C([N-](c3c(C(C)C)cccc3C(C)C)->[Pd+4]<-1(<-[Cl-])<-[Cl-])c1cccc3cccc2c13,CC(C)c1cccc(C(C)C)c1[N-]1C2=C([N-](c3c(C(C)C)cccc3C(C)C)->[Pd+4]<-1(<-[Cl-])<-[Cl-])c1cccc3cccc2c13
FEHFON,Cc12->[Zr+4]3456789%10(<-[CH2-]c->3%11c->4(C)c->5(C)[c-]->6(C)c->7%11C)(<-[c-]3ccccc3)<-c1(C)c->8(C)[c-]->9(C)c->%102C,C26 H34 Zr1,0.0,fail,CC12->[Zr+2]3456789%10(<-C=C->31C->4(C)=C->5(C)C->6=2C)(<-[c-]1ccccc1)<-c1(C)c->7(C)c->8(C)[c-]->9(C)c->%101C,Cc12->[Zr+6]3456789%10(<-[CH2+][c-]->3%11[c-]->4(C)[c-]->5(C)[c-]->6(C)[c-]->7%11C)(<-[c-]3ccccc3)<-c1(C)c->8(C)[c-]->9(C)c->%102C
FEHKUZ,CC(C)(C)n1ccn2[BH-]3[H]->[Mn+](<-[C-]#[O+])(<-[C-]#[O+])(<-[C-]#[O+])(<-S=c21)<-S=c1n3ccn1C(C)(C)C,C17 H24 B1 Mn1 N4 O3 S2,0.0,CC(C)(C)n1ccn2[BH-]3[H]->[Mn+](<-[C-]#[O+])(<-[C-]#[O+])(<-[C-]#[O+])(<-S=c21)<-S=c1n3ccn1C(C)(C)C,CC(C)(C)n1ccn2[BH2-]n3ccn(C(C)(C)C)c3=S->[Mn+](<-[C-]#[O+])(<-[C-]#[O+])(<-[C-]#[O+])<-S=c21,CC(C)(C)n1ccn2[BH2-]n3ccn(C(C)(C)C)c3=S->[Mn+](<-[C-]#[O+])(<-[C-]#[O+])(<-[C-]#[O+])<-S=c21
FEJFUV,Cc1ccn(->[W+4]23(<-[Br-])(<-[Br-])(<-[C-]#[O+])(<-[C-]#[O+])<-[C-](/c4ccccc4)=C->2\[CH-]->3C)cc1,C18 H17 Br2 N1 O2 W1,0.0,fail,CC=C[CH-](c1ccccc1)->[W+4](<-[Br-])(<-[Br-])(<-[C-]#[O+])(<-[C-]#[O+])<-n1ccc(C)cc1,Cc1ccn(->[W+4]23(<-[Br-])(<-[Br-])(<-[C-]#[O+])(<-[C-]#[O+])<-[C-](c4ccccc4)=C->2[CH-]->3C)cc1
FEKDUV,N#C[CH2-]->[Pt@@+2](<-[I-])(<-[C-]#[O+])<-P(C1CCCCC1)(C1CCCCC1)C1CCCCC1,C21 H35 I1 N1 O1 P1 Pt1,0.0,N#C[CH2-]->[Pt+2](<-[I-])(<-[C-]#[O+])<-P(C1CCCCC1)(C1CCCCC1)C1CCCCC1,N#C[CH2-]->[Pt+2](<-[I-])(<-[C-]#[O+])<-P(C1CCCCC1)(C1CCCCC1)C1CCCCC1,N#C1[CH2-]->[Pt+2]<-1(<-[I-])(<-[C-]#[O+])<-P(C1CCCCC1)(C1CCCCC1)C1CCCCC1
FEKZON,CNC1/N=N2/C3=C4/C=Cc5ccccc5[N-]4->[Ni+2]<-3<-24(<-S=1)<-[S-]/C(=N\N->4=C\c1ccc2ccccc2n1)NC,C24 H22 N8 Ni1 S2,0.0,CNC1=NN2=Cc3ccc4ccccc4n3->[Ni+2]<-234(<-[S-]1)<-[S-]C(=NN->3=Cc1ccc2ccccc2n->41)NC,CNC1N=N2C=C3C=Cc4ccccc4[N-]3->[Ni+2]<-234(<-S=1)<-S=C(N=N->3C=C1C=Cc2ccccc2[N-]->41)NC,CNC1N=N2C=C3C=Cc4ccccc4[N-]3->[Ni+2]<-234(<-S=1)<-S=C(N=N->3C=C1C=Cc2ccccc2[N-]->41)NC
FELQEU,CCn1ccn2->[Rh+3]3(<-[Cl-])(<-[Cl-])(<-N(=N\c12)/c1ccc(C)cc1)<-N(=N\c1n(CC)ccn->31)/c1ccc(C)cc1,C24 H28 Cl2 N8 Rh1 1+,1.0,CCn1ccn2->[Rh+3]3(<-[Cl-])(<-[Cl-])(<-N(=Nc12)c1ccc(C)cc1)<-N(=Nc1n(CC)ccn->31)c1ccc(C)cc1,CCn1cc[n-]2->[Rh+7]3(<-[Cl-])(<-[Cl-])(<-[N-](N=c12)c1ccc(C)cc1)<-[N-](N=c1n(CC)cc[n-]->31)c1ccc(C)cc1,CCn1cc[n-]2->[Rh+7]3(<-[Cl-])(<-[Cl-])(<-[N-](N=c12)c1ccc(C)cc1)<-[N-](N=c1n(CC)cc[n-]->31)c1ccc(C)cc1
FENKOZ,CCc1c(C)c2C=S->[Pd@OH9+2]3(<-[c-]4ccccc4CN->3(C)C)<-[n-]2c1C,C18 H24 N2 Pd1 S1,0.0,CCC1=C(C)C2=C[S-]->[Pd+2]3(<-[c-]4ccccc4CN->3(C)C)<-N2=C1C,CCc1c(C)c2C=S->[Pd+2]3(<-[c-]4ccccc4CN->3(C)C)<-[n-]2c1C,CCc1c(C)c2C=S->[Pd+2]3(<-[c-]4ccccc4CN->3(C)C)<-[n-]2c1C
FENVEA,O=C(O)c1cccc(C2=O->[Zn+2]34(<-O=C([O-]->3)c3cccc(C(=O)O)c3)(<-[O-]2)<-n2ccccc2-c2ccccn->42)c1,C26 H18 N2 O8 Zn1,0.0,O=C(O)c1cccc(C(=O)[O-]->[Zn+2]2(<-[O-]C(=O)c3cccc(C(=O)O)c3)<-n3ccccc3-c3ccccn->23)c1,O=C(O)c1cccc(C(=O)[O-]->[Zn+2]2(<-[O-]C(=O)c3cccc(C(=O)O)c3)<-n3ccccc3-c3ccccn->23)c1,O=C(O)c1cccc(C23=O->[Zn+2]<-2456(<-O=C->4([O-]->5)c2cccc(C(=O)O)c2)(<-[O-]3)<-n2ccccc2-c2ccccn->62)c1
FEPXEG,,C33 H21 F6 Ir1 N2 O10 S2,0.0,fail,CC1=CC(C)=O->[Ir+3]23(<-[O-]1)(<-[c-]1ccccc1-c1oc4ccc(OS(=O)(=O)C(F)(F)F)cc4n->21)<-[c-]1ccccc1-c1oc2ccc(OS(=O)(=O)C(F)(F)F)cc2n->31,CC1=CC(C)=O->[Ir+3]23(<-[O-]1)(<-[c-]1ccccc1-c1oc4ccc(OS(=O)(=O)C(F)(F)F)cc4n->21)<-[c-]1ccccc1-c1oc2ccc(OS(=O)(=O)C(F)(F)F)cc2n->31
FEQGOY,,C27 H41 N1 O1 P2 Ru1,0.0,Cc1ccc2[N-]3c4ccc(C)cc4P(C(C)C)(C(C)C)->[RuH+]<-3(<-[C-]#[O+])<-P(c2c1)(C(C)C)C(C)C,Cc1ccc2[N-]3c4ccc(C)cc4P(C(C)C)(C(C)C)->[RuH+]<-3(<-[C-]#[O+])<-P(c2c1)(C(C)C)C(C)C,Cc1ccc2[N-]3c4ccc(C)cc4P(C(C)C)(C(C)C)->[RuH+]<-3(<-[C-]#[O+])<-P(c2c1)(C(C)C)C(C)C
FERKUJ,CSC(NN)=N->[Ni+2](<-N=C(NN)SC)(<-[O-][N+](=O)[O-])<-[O-][N+](=O)[O-],C4 H14 N8 Ni1 O6 S2,0.0,CSC1NN->[Ni+2]2(<-N=1)(<-N=C(NN->2)SC)(<-[O-][N+](=O)[O-])<-[O-][N+](=O)[O-],CSC1NN->[Ni+2]2(<-N=1)(<-N=C(NN->2)SC)(<-[O-][N+](=O)[O-])<-[O-][N+](=O)[O-],CSC(NN)=N->[Ni+2](<-N=C(NN)SC)(<-[O-][N+](=O)[O-])<-[O-][N+](=O)[O-]
FESDAL,,C27 H23 Ir1 N2 O2,0.0,fail,CC1=CC(C)=O->[Ir+3]23(<-[O-]1)(<-[c-]1ccccc1-c1ccccn->21)<-[c-]1ccccc1-c1ccccn->31,CC1=CC(C)=O->[Ir+3]23(<-[O-]1)(<-[c-]1ccccc1-c1ccccn->21)<-[c-]1ccccc1-c1ccccn->31
FETHOD,CC1=CC=C[C](->[Ir+3]23(<-[C-](C)=O)(<-[c-]4ccccc4)<-n4c(C)cc(C)n4[BH-](n4c(C)cc(C)n->24)n2c(C)cc(C)n->32)N1,C29 H37 B1 Ir1 N7 O1,0.0,fail,CC1=CC=C[C](->[Ir+3]23(<-[C-](C)=O)(<-[c-]4ccccc4)<-n4c(C)cc(C)n4[BH-](n4c(C)cc(C)n->24)n2c(C)cc(C)n->32)N1,CC1=CC=C[C](->[Ir+3]23(<-[C-](C)=O)(<-[c-]4ccccc4)<-n4c(C)cc(C)n4[BH-](n4c(C)cc(C)n->24)n2c(C)cc(C)n->32)N1
FETTEF,COc1ccc([N-]2/C=C3/C=CC=N3->[Ti+4]<-23456(<-[CH3-])(<-[CH3-])<-c2(C)c->3(C)c->4(C)[c-]->5(C)c->62C)cc1,C24 H32 N2 O1 Ti1,0.0,COc1ccc(N2=Cc3ccc[n-]3->[Ti+4]<-23456(<-[CH3-])(<-[CH3-])<-c2(C)c->3(C)c->4(C)[c-]->5(C)c->62C)cc1,COc1ccc(N2=Cc3ccc[n-]3->[Ti+4]<-23456(<-[CH3-])(<-[CH3-])<-c2(C)c->3(C)c->4(C)[c-]->5(C)c->62C)cc1,COc1ccc(N2=Cc3ccc[n-]3->[Ti+4]<-23456(<-[CH3-])(<-[CH3-])<-c2(C)c->3(C)c->4(C)[c-]->5(C)c->62C)cc1
FEVQUU,CN1(C)CCN(C)(C)->[Pd+2]<-1(<-[c-]1c(C(F)(F)F)cc(C(F)(F)F)cc1C(F)(F)F)<-[c-]1c(C(F)(F)F)cc(C(F)(F)F)cc1C(F)(F)F,C24 H20 F18 N2 Pd1,0.0,CN1(C)CCN(C)(C)->[Pd+2]<-1(<-[c-]1c(C(F)(F)F)cc(C(F)(F)F)cc1C(F)(F)F)<-[c-]1c(C(F)(F)F)cc(C(F)(F)F)cc1C(F)(F)F,CN1(C)CCN(C)(C)->[Pd+2]<-1(<-[c-]1c(C(F)(F)F)cc(C(F)(F)F)cc1C(F)(F)F)<-[c-]1c(C(F)(F)F)cc(C(F)(F)F)cc1C(F)(F)F,CN1(C)CCN(C)(C)->[Pd+2]<-1(<-[c-]1c(C(F)(F)F)cc(C(F)(F)F)cc1C(F)(F)F)<-[c-]1c(C(F)(F)F)cc(C(F)(F)F)cc1C(F)(F)F
FEWLUQ,CC1(C)COC2[B-]3(C4=N(->[Zn+2]5(<-O=C[O-]->5)(<-N=21)<-N1=C3OCC1(C)C)C(C)(C)CO4)c1ccccc1,C22 H30 B1 N3 O5 Zn1,0.0,CC1(C)COC2[B-]3(C4=N(->[Zn+2](<-[O-]C=O)(<-N=21)<-N1=C3OCC1(C)C)C(C)(C)CO4)c1ccccc1,CC1(C)COC2[B-]3(C4=N(->[Zn+2](<-[O-]C=O)(<-N=21)<-N1=C3OCC1(C)C)C(C)(C)CO4)c1ccccc1,CC1(C)COC2[B-]3(C4=N(->[Zn+2]56(<-O=C->5[O-]->6)(<-N=21)<-N1=C3OCC1(C)C)C(C)(C)CO4)c1ccccc1
FEWWOT,CCCC[C-]1=[CH-]->[Zr+4]<-123456789(<-c1c->2c->3[cH-]->4c->51)(<-c1c->6c->7[cH-]->8c->91)<-P(C)(C)C,C19 H29 P1 Zr1,0.0,CCCCC1=C->[Zr+2]<-123456789(<-c1c->2c->3[cH-]->4c->51)(<-c1c->6c->7[cH-]->8c->91)<-P(C)(C)C,CCCCC1#C->[Zr+2]<-123456789(<-c1c->2c->3[cH-]->4c->51)(<-c1c->6c->7[cH-]->8c->91)<-P(C)(C)C,CCCCC1#C->[Zr+2]<-123456789(<-c1c->2c->3[cH-]->4c->51)(<-c1c->6c->7[cH-]->8c->91)<-P(C)(C)C
FEXRUV,Cc1cccc2/C=N(/[C@@H](C)c3ccccc3)->[Pt@+2](<-[CH3-])(<-[Cl-])<-n12,C16 H19 Cl1 N2 Pt1,0.0,Cc1cccc2C=N(C(C)c3ccccc3)->[Pt+2](<-[CH3-])(<-[Cl-])<-n12,Cc1cccc2C=N(C(C)c3ccccc3)->[Pt+2](<-[CH3-])(<-[Cl-])<-n12,Cc1cccc2C=N(C(C)c3ccccc3)->[Pt+2](<-[CH3-])(<-[Cl-])<-n12
FEYCEU,Cc1cc(C)c(N2=C3(C)C4(C)=N(c5c(C)cc(C)cc5C)->[Ni+2]<-2<-3<-4(<-[Br-])<-[Br-])c(C)c1,C22 H28 Br2 N2 Ni1,0.0,CC1C(C)=N(c2c(C)cc(C)cc2C)->[Ni+2](<-[Br-])(<-[Br-])<-N=1c1c(C)cc(C)cc1C,CC1C(C)=N(c2c(C)cc(C)cc2C)->[Ni+2](<-[Br-])(<-[Br-])<-N=1c1c(C)cc(C)cc1C,CC1C(C)=N(c2c(C)cc(C)cc2C)->[Ni+2](<-[Br-])(<-[Br-])<-N=1c1c(C)cc(C)cc1C
FEZHUP,CO->[Mo+6]12(<-[O-2])(<-[O-2])<-[O-]/C(=N\N->1=C\c1ccccc1[O-]->2)c1cccc(C)c1O,C16 H16 Mo1 N2 O6,0.0,CO->[Mo+6]12(<-[O-2])(<-[O-2])<-[O-]C(=NN->1=Cc1ccccc1[O-]->2)c1cccc(C)c1O,CO->[Mo+6]12(<-[O-2])(<-[O-2])<-[O-]C(=NN->1=Cc1ccccc1[O-]->2)c1cccc(C)c1O,CO.Cc1cccc(C2=NN3->[Mo+6](<-[O-2])(<-[O-2])(<-[O-]2)<-[O-]c2ccccc2C=3)c1O
FEZTUB,C=C(C)C1=O->[Ru+2](<-[O-]1)(<-P(C)(C)C)(<-P(C)(C)C)(<-P(C)(C)C)<-P(C)(C)C,C16 H41 O2 P4 Ru1 1+,1.0,fail,C=C(C)C12=O->[Ru+2]<-1(<-[O-]2)(<-P(C)(C)C)(<-P(C)(C)C)(<-P(C)(C)C)<-P(C)(C)C,C=C(C)C12=O->[Ru+2]<-1(<-[O-]2)(<-P(C)(C)C)(<-P(C)(C)C)(<-P(C)(C)C)<-P(C)(C)C
FIBZAS,C[Si](C)(C)N1=P(c2ccccc2)(c2ccccc2)[N-]([Si](C)(C)C)->[Zr+4]<-1(<-[Cl-])(<-[Cl-])(<-[Cl-])<-[Cl-],C18 H28 Cl4 N2 P1 Si2 Zr1 1-,-1.0,fail,C[Si](C)(C)N1=P(c2ccccc2)(c2ccccc2)[N-]([Si](C)(C)C)->[Zr+4]<-1(<-[Cl-])(<-[Cl-])(<-[Cl-])<-[Cl-],C[Si](C)(C)N1=P(c2ccccc2)(c2ccccc2)[N-]([Si](C)(C)C)->[Zr+4]<-1(<-[Cl-])(<-[Cl-])(<-[Cl-])<-[Cl-]
FICJUZ,c1ccc2[O-]->[Pd@SP2+2]34<-[O-]c5ccccc/c5=N->3\CCCCCCCCCCCC/N->4=c/2cc1,C26 H34 N2 O2 Pd1,0.0,c1ccc2[N-]3CCCCCCCCCCCC[N-]4c5cccccc5=O->[Pd+2]<-3<-4<-O=c2cc1,c1ccc2[O-]->[Pd+2]34<-[O-]c5cccccc5=N->3CCCCCCCCCCCCN->4=c2cc1,c1ccc2[O-]->[Pd+2]34<-[O-]c5cccccc5=N->3CCCCCCCCCCCCN->4=c2cc1
FIDVUK,[O-2]->[W+6]1(<-[Cl-])(<-[Cl-])(<-[Cl-])<-N=C2C=CC=C/C2=C(\O)[O-]->1,C7 H6 Cl3 N1 O3 W1,0.0,[O-2]->[W+6]1(<-[Cl-])(<-[Cl-])(<-[Cl-])<-[NH-]c2ccccc2C(O)=O->1,[O-2]->[W+6]1(<-[Cl-])(<-[Cl-])(<-[Cl-])<-N=C2C=CC=CC2=C(O)[O-]->1,[O-2]->[W+6]1(<-[Cl-])(<-[Cl-])(<-[Cl-])<-N=C2C=CC=CC2=C(O)[O-]->1
FIFKOX,,C25 H22 B1 Br2 F2 N5 Zn1,0.0,CC1=CC(C)=[N+]2C1=C(c1c3-c4ccccn4->[Zn+2](<-[Br-])(<-[Br-])<-n3c3ccccn13)c1c(C)cc(C)n1[B-]2(F)F,Cc1cc(C)n2c1C(=C1C3c4ccccn4->[Zn+2](<-[Br-])(<-[Br-])<-N=3c3cccc[n+]31)c1c(C)cc(C)n1[B-]2(F)F,Cc1cc(C)n2c1C(=C1C3c4ccccn4->[Zn+2](<-[Br-])(<-[Br-])<-N=3c3cccc[n+]31)c1c(C)cc(C)n1[B-]2(F)F
FIGMEO,C[O-]->[V+5](<-[O-2])(<-[O-]C)<-[O-]c1ccccc1/C=N/NC(=O)c1ccco1,C14 H16 N2 O6 V1,0.0,C[O-]->[V+4]12(<-[O-2])(<-O=C(NN->1=Cc1ccccc1[O-]->2)c1ccco1)<-OC,C[O-]->[V+5]12(<-[O-2])(<-O=C(NN->1=Cc1ccccc1[O-]->2)c1ccco1)<-[O-]C,C[O-]->[V+5](<-[O-2])(<-[O-]C)<-[O-]c1ccccc1C=NNC(=O)c1ccco1
FIGZUR,,C12 H37 N1 O1 P4 W1,0.0,CP(C)(C)->[WH+](<-[N-]=O)(<-P(C)(C)C)(<-P(C)(C)C)<-P(C)(C)C,CP(C)(C)->[WH+](<-[N-]=O)(<-P(C)(C)C)(<-P(C)(C)C)<-P(C)(C)C,CP(C)(C)->[WH+](<-[N-]=O)(<-P(C)(C)C)(<-P(C)(C)C)<-P(C)(C)C
FIHJOX,CCC[n+]1cn(->[Ag+]<-n2c[n+](CCC)c3ncn([O-])c(N)c2-3)c2c(N)n([O-])cnc1-2,C16 H22 Ag1 N10 O2 1+,1.0,CCCn1cn(->[Ag-]<-n2cn(CCC)c3nc[n+]([O])c(N)c32)c2c(N)[n+]([O])cnc21,CCCn1cn(->[Ag+]<-n2c[n+](CCC)c3ncn([O-])c(N)c2-3)c2c(N)[n+]([O-])cnc21,CCCn1cn(->[Ag+]<-n2c[n+](CCC)c3ncn([O-])c(N)c2-3)c2c(N)[n+]([O-])cnc21
FIHNAO,COCCCN1P(c2ccccc2)(c2ccccc2)->[Ni+2]2(<-[S-]c3ccccc3[S-]->2)<-P1(c1ccccc1)c1ccccc1,C34 H33 N1 Ni1 O1 P2 S2,0.0,fail,COCCCN1P(c2ccccc2)(c2ccccc2)->[Ni+2]2(<-[S-]c3ccccc3[S-]->2)<-P1(c1ccccc1)c1ccccc1,COCCCN1P(c2ccccc2)(c2ccccc2)->[Ni]2(<-S=C3C=CC=CC3=S->2)<-P1(c1ccccc1)c1ccccc1
FIJFOW,Cc1cc(C)c(N2CCCCN(c3c(C)cc(C)cc3C)[C]2->[Cu+]<-[c-]2c(C)cc(C)cc2C)c(C)c1,C32 H41 Cu1 N2,0.0,Cc1cc(C)c(N2CCCCN(c3c(C)cc(C)cc3C)[C]2->[Cu+]<-[c-]2c(C)cc(C)cc2C)c(C)c1,Cc1cc(C)c(N2CCCCN(c3c(C)cc(C)cc3C)[C]2->[Cu+]<-[c-]2c(C)cc(C)cc2C)c(C)c1,Cc1cc(C)c(N2CCCCN(c3c(C)cc(C)cc3C)[C]2->[Cu+]<-[c-]2c(C)cc(C)cc2C)c(C)c1
FIJZUV,,C26 H23 Cd1 N4 O3 S1 1+,1.0,Cc1ccsc1C(=O)[O-]->[Cd+2]12(<-O)(<-n3ccccc3-c3ccccn->13)<-n1ccccc1-c1ccccn->21,Cc1ccsc1C(=O)[O-]->[Cd+2]12(<-O)(<-n3ccccc3-c3ccccn->13)<-n1ccccc1-c1ccccn->21,Cc1ccsc1C12->[Cd+2]34(<-O=1)(<-[O-]2)(<-n1ccccc1-c1ccccn->31)<-n1ccccc1-c1ccccn->41.O
FIKREZ,Nc1ccccc1P(c1ccccc1)(c1ccccc1)->[Cu+]12(<-O=N->1[O-]->2)<-P(c1ccccc1)(c1ccccc1)c1ccccc1N,C36 H32 Cu1 N3 O2 P2,0.0,fail,Nc1ccccc1P(c1ccccc1)(c1ccccc1)->[Cu+]1(<-O=N[O-]->1)<-P(c1ccccc1)(c1ccccc1)c1ccccc1N,Nc1ccccc1P(c1ccccc1)(c1ccccc1)->[Cu+]1(<-O=N[O-]->1)<-P(c1ccccc1)(c1ccccc1)c1ccccc1N
FILHUE,,C29 H30 As2 F3 O4 Pd1 S1 1+,1.0,O=[S+](=O)(=O->[Pd]1(<-O)<-[As](CCCC[As]->1(c1ccccc1)c1ccccc1)(c1ccccc1)c1ccccc1)C(F)(F)F,O=S(=O)([O-]->[Pd+2]1(<-O)<-[As](CCCC[As]->1(c1ccccc1)c1ccccc1)(c1ccccc1)c1ccccc1)C(F)(F)F,O.O=S12(C(F)(F)F)->[Pd+2]3(<-O=1)(<-[O-]2)<-[As](c1ccccc1)(c1ccccc1)CCCC[As]->3(c1ccccc1)c1ccccc1
FIMKET,,C24 H40 B1 I3 N1 P1 Pt1,0.0,Cc1cc[n+]([BH2-](I)->[Pt+2](<-[I-])(<-[I-])<-P(C2CCCCC2)(C2CCCCC2)C2CCCCC2)cc1,C[c-]1[cH-][cH+]n([B+](I)->[Pt+4](<-[I-])(<-[I-])<-P(C2CCCCC2)(C2CCCCC2)C2CCCCC2)[cH-][cH-]1,C[c-]1[cH-][cH+]n([B+](I)->[Pt+4](<-[I-])(<-[I-])<-P(C2CCCCC2)(C2CCCCC2)C2CCCCC2)[cH-][cH-]1
FINTIG,CN(C)[C]1CP(c2ccccc2)(c2ccccc2)->[W]<-1(<-[C-]#[O+])(<-[C-]#[O+])(<-[C-]#[O+])<-[C-]#[O+],C20 H18 N1 O4 P1 W1,0.0,CN(C)[C]1CP(c2ccccc2)(c2ccccc2)->[W]<-1(<-[C-]#[O+])(<-[C-]#[O+])(<-[C-]#[O+])<-[C-]#[O+],CN(C)[C]1CP(c2ccccc2)(c2ccccc2)->[W]<-1(<-[C-]#[O+])(<-[C-]#[O+])(<-[C-]#[O+])<-[C-]#[O+],CN(C)[C]1CP(c2ccccc2)(c2ccccc2)->[W]<-1(<-[C-]#[O+])(<-[C-]#[O+])(<-[C-]#[O+])<-[C-]#[O+]
FIPCAI,CCOC(=O)C1=C(SC)S#C(->[Cr](<-[C-]#[O+])(<-[C-]#[O+])(<-[C-]#[O+])(<-[C-]#[O+])<-[C-]#[O+])N1,C12 H9 Cr1 N1 O7 S2,0.0,fail,CCOC(=O)C1=C(SC)S#C(->[Cr](<-[C-]#[O+])(<-[C-]#[O+])(<-[C-]#[O+])(<-[C-]#[O+])<-[C-]#[O+])N1,CCOC(=O)C1=C(SC)S#C(->[Cr](<-[C-]#[O+])(<-[C-]#[O+])(<-[C-]#[O+])(<-[C-]#[O+])<-[C-]#[O+])N1
FIPVUV,[Br-]->[Zn+2](<-[Br-])(<-[O-][n+]1ccccc1)<-[O-][n+]1ccccc1,C10 H10 Br2 N2 O2 Zn1,0.0,[Br-]->[Zn](<-[Br-])(<-[O-][n+]1ccccc1)<-[O-][n+]1ccccc1,[Br-]->[Zn+2](<-[Br-])(<-[O-][n+]1ccccc1)<-[O-][n+]1ccccc1,[Br-]->[Zn+2](<-[Br-])(<-[O-][n+]1ccccc1)<-[O-][n+]1ccccc1
FIQLUP,CCCCCC[n+]1nn(C)c(-c2ccccc2)[c-]1->[Pd+2](<-[Cl-])(<-[Cl-])<-n1ccccc1,C20 H26 Cl2 N4 Pd1,0.0,CCCCCCn1n[n+](C)c(-c2ccccc2)[c]1->[Pd+](<-[Cl-])(<-[Cl-])<-n1ccccc1,CCCCCCn1n[n+](C)c(-c2ccccc2)[c-]1->[Pd+2](<-[Cl-])(<-[Cl-])<-n1ccccc1,CCCCCCn1n[n+](C)c(-c2ccccc2)[c-]1->[Pd+2](<-[Cl-])(<-[Cl-])<-n1ccccc1
FIRCEO,,C24 H34 Cl2 Ir1 P3,0.0,CP(C)(c1ccccc1)->[IrH+2](<-[Cl-])(<-[Cl-])(<-P(C)(C)c1ccccc1)<-P(C)(C)c1ccccc1,CP(C)(c1ccccc1)->[IrH+2](<-[Cl-])(<-[Cl-])(<-P(C)(C)c1ccccc1)<-P(C)(C)c1ccccc1,CP(C)(c1ccccc1)->[IrH+2](<-[Cl-])(<-[Cl-])(<-P(C)(C)c1ccccc1)<-P(C)(C)c1ccccc1
FIRFOC,Cn1ccn2[BH2-]n3ccn(C)c3=S->[W+2]34(<-[H][BH-](n5ccn(C)c5=S->3)n3ccn(C)c3=S->4)(<-[C-]#[O+])<-S=c12,C17 H24 B2 N8 O1 S4 W1,0.0,fail,Cn1ccn2[BH2-]n3ccn(C)c3=S->[W+2]3(<-[C-]#[O+])(<-S=c12)<-S=c1n(C)ccn1[BH2-]n1ccn(C)c1=S->3,Cn1ccn2Bn3ccn(C)c3=S->[WH+]3(<-[C-]#[O+])(<-S=c12)<-S=c1n(C)ccn1[BH2-]n1ccn(C)c1=S->3
FIRPEE,COc1ccc(\C2[O-]->[Co+3]34567(<-[O-]/C(c8ccc(OC)cc8)=N->3\N->4=C\c3ccccn->53)<-N(=C\c3ccccn->63)/N->7=2)cc1,C28 H24 Co1 N6 O4 1+,1.0,COc1ccc(C2=NN3=Cc4ccccn4->[Co+3]<-345(<-[O-]2)<-[O-]C(=NN->4=Cc2ccccn->52)c2ccc(OC)cc2)cc1,COc1ccc(C2=NN3=Cc4ccccn4->[Co+3]<-345(<-[O-]2)<-[O-]C(=NN->4=Cc2ccccn->52)c2ccc(OC)cc2)cc1,COc1ccc(C2=NN3=Cc4ccccn4->[Co+3]<-345(<-[O-]2)<-[O-]C(=NN->4=Cc2ccccn->52)c2ccc(OC)cc2)cc1
FISVAG,[I-]->[Pd+2](<-[I-])(<-[C]1N(c2ccccc2)C=CN1c1ccccc1)<-[C]1N(c2ccccc2)C=CN1c1ccccc1,C30 H24 I2 N4 Pd1,0.0,[I-]->[Pd+2](<-[I-])(<-[C]1N(c2ccccc2)C=CN1c1ccccc1)<-[C]1N(c2ccccc2)C=CN1c1ccccc1,[I-]->[Pd+2](<-[I-])(<-[C]1N(c2ccccc2)C=CN1c1ccccc1)<-[C]1N(c2ccccc2)C=CN1c1ccccc1,[I-]->[Pd+2](<-[I-])(<-[C]1N(c2ccccc2)C=CN1c1ccccc1)<-[C]1N(c2ccccc2)C=CN1c1ccccc1
FIVSIN,,C29 H21 Ag1 Cl2 O9,0.0,fail,[O-2].[O-2].[O-2].[O-2].[O-2].[O-2]->[Ag+13]1(<-[O-]Cl)<-c2cccc(c2)-c2c(-c3ccccc3)occ(-c3ccccc3)[c+]2-c2cccc->1c2.[O-]Cl,[O-2]->[Ag+13](<-[O-2])(<-[O-2])(<-[O-2])(<-[O-2])<-[O-2].[O-]Cl.[O-]Cl.c1ccc(-c2occ(-c3ccccc3)[c+](-c3ccccc3)c2-c2ccccc2)cc1
FIWNOQ,CS(C)(=O)->[Pt@OH7+2](<-[Cl-])(<-[Cl-])<-n1ccccc1CN1CCOC1=O,C11 H16 Cl2 N2 O3 Pt1 S1,0.0,CS(C)(=O)->[Pt+2](<-[Cl-])(<-[Cl-])<-n1ccccc1CN1CCOC1=O,CS(C)(=O)->[Pt+2](<-[Cl-])(<-[Cl-])<-n1ccccc1CN1CCOC1=O,CS(C)(=O)->[Pt+2](<-[Cl-])(<-[Cl-])<-n1ccccc1CN1CCOC1=O
FIYRIP,Cn1ccn2->[Re+5]3(<-[O-2])(<-[Cl-])(<-[Cl-])<-[O-]CCN->3Cc12,C7 H12 Cl2 N3 O2 Re1,0.0,Cn1ccn2->[Re+5]3(<-[O-2])(<-[Cl-])(<-[Cl-])<-[O-]CCN->3Cc12,Cn1ccn2->[Re+5]3(<-[O-2])(<-[Cl-])(<-[Cl-])<-[O-]CCN->3Cc12,Cn1ccn2->[Re+5](<-[O-2])(<-[Cl-])(<-[Cl-])<-[O-]CCNCc12
FIZMAC,,C23 H24 P1 Re1,0.0,c1ccc(P(c2ccccc2)(c2ccccc2)->[ReH4+]2345<-c6c->2c->3[cH-]->4c->56)cc1,c1ccc(P(c2ccccc2)(c2ccccc2)->[ReH4+]2345<-c6c->2c->3[cH-]->4c->56)cc1,c1ccc(P(c2ccccc2)(c2ccccc2)->[ReH4+]2345<-c6c->2c->3[cH-]->4c->56)cc1
FMSICR,,C19 H30 Cr1 O7 Si4,0.0,C[Si](C)(C)[Si](O[C-2](c1ccco1)->[Cr+2](<-[C-]#[O+])(<-[C-]#[O+])(<-[C-]#[O+])(<-[C-]#[O+])<-[C-]#[O+])([Si](C)(C)C)[Si](C)(C)C,C[Si](C)(C)[Si](O[C](c1ccco1)->[Cr](<-[C-]#[O+])(<-[C-]#[O+])(<-[C-]#[O+])(<-[C-]#[O+])<-[C-]#[O+])([Si](C)(C)C)[Si](C)(C)C,C[Si](C)(C)[Si](O[C](c1ccco1)->[Cr](<-[C-]#[O+])(<-[C-]#[O+])(<-[C-]#[O+])(<-[C-]#[O+])<-[C-]#[O+])([Si](C)(C)C)[Si](C)(C)C
FOBREV,Cc1sc2/C=C(\[O-]->[Fe+2]3(<-[O-]/C(=C\c4sc(C)c(C)n->34)C(F)(F)F)<-n2c1C)C(F)(F)F,C16 H14 F6 Fe1 N2 O2 S2,0.0,Cc1sc2C=C([O-]->[Fe+2]3(<-[O-]C(=Cc4sc(C)c(C)n->34)C(F)(F)F)<-n2c1C)C(F)(F)F,Cc1sc2C=C([O-]->[Fe+2]3(<-[O-]C(=Cc4sc(C)c(C)n->34)C(F)(F)F)<-n2c1C)C(F)(F)F,Cc1sc2C=C([O-]->[Fe+2]3(<-[O-]C(=Cc4sc(C)c(C)n->34)C(F)(F)F)<-n2c1C)C(F)(F)F
FOCMEP,,C16 H21 I1 Mo1 N1 O2 P1,0.0,Cc1ccc([C-]2([O-]->[Mo+4]<-23456(<-[I-])(<-[N-]=O)<-c2c->3c->4[cH-]->5c->62)[P+](C)(C)C)cc1,Cc1ccc(C2([O-]->[Mo+4]<-23456(<-[I-])(<-[N-]=O)<-c2c->3c->4[cH-]->5c->62)=P(C)(C)C)cc1,Cc1ccc(C2([O-]->[Mo+4]<-23456(<-[I-])(<-[N-]=O)<-c2c->3c->4[cH-]->5c->62)=P(C)(C)C)cc1
FODBAB,CN1(C)Cc2cccc[c-]2->[Pd@@+2]<-12<-[c-]1ccccc1/N=N->2/c1ccccc1,C21 H21 N3 Pd1,0.0,CN1(C)Cc2cccc[c-]2->[Pd+2]<-12<-[c-]1ccccc1N=N->2c1ccccc1,CN1(C)Cc2cccc[c-]2->[Pd+2]<-12<-[c-]1ccccc1N=N->2c1ccccc1,CN1(C)Cc2cccc[c-]2->[Pd+2]<-12<-[c-]1ccccc1N=N->2c1ccccc1
FODLOZ,N#C[S-]->[Co+3]123(<-n4ccccc4)<-n4c5nc6c7ccccc7c(nc7n->1c(nc1c8ccccc8c(nc4-c4ccccc4-5)[n-]->21)-c1ccccc1-7)[n-]->36,C38 H21 Co1 N10 S1,0.0,N#C[S-]->[Co+3]123(<-n4ccccc4)<-n4c5nc6c7ccccc7c(nc7n->1c(nc1c8ccccc8c(nc4-c4ccccc4-5)[n-]->21)-c1ccccc1-7)[n-]->36,N#C[S-]->[Co+7]123(<-n4ccccc4)<-[n-]4c5nc6c7ccccc7c([n-]c7c8ccccc8c([n-]c8c9ccccc9c(nc4c4ccccc45)[n-]->18)[n-]->27)[n-]->36,N#C[S-]->[Co+7]123(<-n4ccccc4)<-[n-]4c5nc6c7ccccc7c([n-]c7c8ccccc8c([n-]c8c9ccccc9c(nc4c4ccccc45)[n-]->18)[n-]->27)[n-]->36
FOFVUR,,C7 H9 I1 O3 S2 W1,0.0,CS1C2(C)[SH-](C)->[W+2]<-1<-2(<-[I-])(<-[C-]#[O+])(<-[C-]#[O+])<-[C-]#[O+],CS1[C-]2(C)S(C)->[W+2]<-1<-2(<-[I-])(<-[C-]#[O+])(<-[C-]#[O+])<-[C-]#[O+],CS[C-](C)(SC)->[W+2](<-[I-])(<-[C-]#[O+])(<-[C-]#[O+])<-[C-]#[O+]
FOGGEP,,C32 H36 N4 Ni1,0.0,CCCCc1c2n3->[Ni+2]45<-n6c(cc7ccc(c(CC(C)C)c3C=C2)[n-]->47)C=Cc6c(CC(C)C)c2ccc1[n-]->52,CCCCc1c2n3->[Ni+2]45<-n6c(cc7ccc(c(CC(C)C)c3C=C2)[n-]->47)C=Cc6c(CC(C)C)c2ccc1[n-]->52,CCCCc1c2n3->[Ni+2]45<-n6c(cc7ccc(c(CC(C)C)c3C=C2)[n-]->47)C=Cc6c(CC(C)C)c2ccc1[n-]->52
FOGZUX,,C24 H16 Cl2 Hg1 N4,0.0,[Cl-]->[Hg+2]12(<-[Cl-])(<-n3cccc4ccc5cccn->1c5c43)<-n1cccc3ccc4cccn->2c4c31,[Cl-]->[Hg+2](<-[Cl-])(<-n1cccc2ccc3cccnc3c21)<-n1cccc2ccc3cccnc3c21,[Cl-]->[Hg+2]<-[Cl-].c1cnc2c(c1)ccc1cccnc12.c1cnc2c(c1)ccc1cccnc12
FOHWOP,Cc1cccc(C)c1[N-]1C(C)(C)/C=[C-](/c2ccccc2)->[Ta+5]<-12345(<-[Cl-])(<-[Cl-])<-c1c->2c->3[c-]->4([Si](C)(C)C)c->51,C27 H34 Cl2 N1 Si1 Ta1,0.0,Cc1cccc(C)c1[N-]1C(C)(C)C=[C-](c2ccccc2)->[Ta+5]<-12345(<-[Cl-])(<-[Cl-])<-c1c->2c->3([Si](C)(C)C)c->4[cH-]->51,Cc1cccc(C)c1[N-]1C(C)(C)C=[C-](c2ccccc2)->[Ta+5]<-12345(<-[Cl-])(<-[Cl-])<-c1c->2c->3[c-]->4([Si](C)(C)C)c->51,Cc1cccc(C)c1[N-]1C(C)(C)C=[C-](c2ccccc2)->[Ta+5]<-1(<-[Cl-])(<-[Cl-])<-[cH-]1cccc1[Si](C)(C)C
FOJVUW,CC1(C)[CH2-]->[Rh+3]2(<-[Cl-])(<-[C-]#[O+])(<-[CH2-]C(C)(C)n3cc[n+](C(C)(C)C)[c-]->23)<-[c-]2n1cc[n+]2C(C)(C)C,C23 H38 Cl1 N4 O1 Rh1,0.0,CC(C)(C)N1C=CN2C(C)(C)[CH2-]->[Rh+3]3(<-[Cl-])(<-[C-]#[O+])(<-[CH2-]C(C)(C)N4C=CN(C(C)(C)C)[C]->34)<-[C]12,CC(C)(C)n1cc[n+]2C(C)(C)[CH2-]->[Rh+3]3(<-[Cl-])(<-[C-]#[O+])(<-[CH2-]C(C)(C)[n+]4ccn(C(C)(C)C)[c-]->34)<-[c-]12,CC(C)(C)n1cc[n+]2C(C)(C)[CH2-]->[Rh+3]3(<-[Cl-])(<-[C-]#[O+])(<-[CH2-]C(C)(C)[n+]4ccn(C(C)(C)C)[c-]->34)<-[c-]12
FOJZEJ,CNC(=S)N/N=C(\C)c1ccccn1->[Hg+2](<-[Cl-])<-[Cl-],C9 H12 Cl2 Hg1 N4 S1,0.0,CNC1NN2=C(C)c3ccccn3->[Hg+2]<-2(<-[Cl-])(<-[Cl-])<-S=1,CNC1NN=C(C)c2ccccn2->[Hg+2](<-[Cl-])(<-[Cl-])<-S=1,CNC(NN=C(C)c1ccccn1)=S->[Hg+2](<-[Cl-])<-[Cl-]
FOKLAT,,C27 H27 B1 Ir1 N4 O1 P1 S2,0.0,Cn1ccn2B3n4ccn(C)c4=S->[IrH]<-3(<-[C-]#[O+])(<-S=c12)<-P(c1ccccc1)(c1ccccc1)c1ccccc1,Cn1ccn2B3n4ccn(C)c4=S->[IrH]<-3(<-[C-]#[O+])(<-S=c12)<-P(c1ccccc1)(c1ccccc1)c1ccccc1,Cn1ccn2B3n4ccn(C)c4=S->[IrH]<-3(<-[C-]#[O+])(<-S=c12)<-P(c1ccccc1)(c1ccccc1)c1ccccc1
FOKVOT,,C21 H32 B1 Br1 O1 S3 W1,0.0,CSC[B-]1(CS(C)->[W+2]23(<-[Br-])(<-[C-]#[O+])(<-C(C)#C->2C)(<-C(C)#C->3C)<-S(C)C1)c1ccccc1,CSC[B-]1(CS(C)->[W+2]23(<-[Br-])(<-[C-]#[O+])(<-C(C)#C->2C)(<-C(C)#C->3C)<-S(C)C1)c1ccccc1,CSC[B-]1(CS(C)->[W+2]23(<-[Br-])(<-[C-]#[O+])(<-C(C)#C->2C)(<-C(C)#C->3C)<-S(C)C1)c1ccccc1
FOMBIV,,C29 H29 Cl1 N2 O2 Ru1,0.0,COc1ccc2[O-]->[Ru+2]34567(<-[Cl-])(<-c8c->3c->4(C(C)C)c->5c->6c->78C)<-N(=Nc3ccccc3-c3ccccc3)c2c1,COc1ccc2[O-]->[Ru+4]34567(<-[Cl-])(<-C8#C->3[C-]->4(C(C)C)C->5#C->6[C-]->78C)<-N(=Nc3ccccc3-c3ccccc3)c2c1,COc1ccc2[O-]->[Ru+4]3456(<-[Cl-])(<-C7=C(C)[C-]->3=C->4=C->5(C(C)C)[C-]->6=7)<-N(=Nc3ccccc3-c3ccccc3)c2c1
FONFOD,[Cl-]->[Pd+2](<-[Cl-])(<-[C]1C=CC=CN1)<-P(c1ccccc1)(c1ccccn1)c1ccccn1,C21 H18 Cl2 N3 P1 Pd1,0.0,[Cl-]->[Pd+](<-[Cl-])(<-[c]1cccc[nH+]1)<-P(c1ccccc1)(c1ccccn1)c1ccccn1,[Cl-]->[Pd+2](<-[Cl-])(<-[C]1C=CC=CN1)<-P(c1ccccc1)(c1ccccn1)c1ccccn1,[Cl-]->[Pd+2](<-[Cl-])(<-[C]1C=CC=CN1)<-P(c1ccccc1)(c1ccccn1)c1ccccn1
FONNEB,CN(C)CCN(C)(C)->[Ni]12(<-C=C->1)<-C=O->2,C9 H22 N2 Ni1 O1,0.0,CN1(C)CCN(C)(C)->[Ni]<-123(<-C=C->2)<-C=O->3,CN1(C)CCN(C)(C)->[Ni+2]<-123(<-C=C->2)<-[CH2-][O-]->3,CN1(C)CCN(C)(C)->[Ni]<-123(<-C=C->2)<-C=O->3
FOPCAR,O=c1c(Cl)cc[c-]2->[Mn+](<-[C-]#[O+])(<-[C-]#[O+])(<-[C-]#[O+])(<-[C-]#[O+])<-n3ccccc3-n12,C14 H6 Cl1 Mn1 N2 O5,0.0,O=c1c(Cl)cc[c]2->[Mn](<-[C-]#[O+])(<-[C-]#[O+])(<-[C-]#[O+])(<-[C-]#[O+])<-n3ccccc3-n12,O=c1c(Cl)cc[c-]2->[Mn+](<-[C-]#[O+])(<-[C-]#[O+])(<-[C-]#[O+])(<-[C-]#[O+])<-n3ccccc3-n12,O=c1c(Cl)cc[c-]2->[Mn+](<-[C-]#[O+])(<-[C-]#[O+])(<-[C-]#[O+])(<-[C-]#[O+])<-n3ccccc3-n12
FOPSIM,C/C1=C/C(C)=N(/c2c(Cl)cccc2Cl)->[Rh@OH28+]23(<-Clc4cccc(Cl)c4[N-]->21)<-C1=C->3/CCCCCC\1,C25 H27 Cl4 N2 Rh1,0.0,CC1=CC(C)=N2c3c(Cl)cccc3Cl->[Rh+]<-23(<-C2=C->3CCCCCC2)<-[N-]1c1c(Cl)cccc1Cl,CC1=CC(C)=N(c2[c-]cccc2Cl)->[Rh+3]2(<-[Cl-])(<-C3=C->2CCCCCC3)<-[N-]1c1c(Cl)cccc1Cl,CC1=CC(C)=N(c2[c-]cccc2Cl)->[Rh+3]2(<-[Cl-])(<-C3=C->2CCCCCC3)<-[N-]1c1c(Cl)cccc1Cl
FOQFIA,COc1ccccc1N1P(=S->[Pt+2](<-[Cl-])(<-[Cl-])<-P1(c1ccccc1)c1ccccc1)(c1ccccc1)c1ccccc1,C31 H27 Cl2 N1 O1 P2 Pt1 S1,0.0,COc1ccccc1N1P(=S->[Pt+2](<-[Cl-])(<-[Cl-])<-P1(c1ccccc1)c1ccccc1)(c1ccccc1)c1ccccc1,COc1ccccc1N1P(=S->[Pt+2](<-[Cl-])(<-[Cl-])<-P1(c1ccccc1)c1ccccc1)(c1ccccc1)c1ccccc1,COc1ccccc1N1P(c2ccccc2)(c2ccccc2)->[Pt+2]2(<-[Cl-])(<-[Cl-])<-S=P->21(c1ccccc1)c1ccccc1
FOQSEL,[Cl-]->[Zn+2]1(<-[Cl-])<-n2ccccc2CN(Cc2ccccn->12)C[C@H](c1ccccc1)n1cc(-c2ccccc2)nn1,C28 H26 Cl2 N6 Zn1,0.0,[Cl-]->[Zn+2]12(<-[Cl-])<-n3ccccc3CN->1(Cc1ccccn->21)CC(c1ccccc1)n1cc(-c2ccccc2)nn1,[Cl-]->[Zn+2]1(<-[Cl-])<-n2ccccc2CN(Cc2ccccn->12)CC(c1ccccc1)n1cc(-c2ccccc2)nn1,[Cl-]->[Zn+2]1(<-[Cl-])<-n2ccccc2CN(Cc2ccccn->12)CC(c1ccccc1)n1cc(-c2ccccc2)nn1
FORNUV,COP([O-])(OC)->[Pt+2](<-P([O-])(OC)OC)(<-P(OC)(OC)OC)<-P(OC)(OC)OC,C10 H30 O12 P4 Pt1,0.0,COP(OC)(OC)->[Pt](<-P(OC)(OC)OC)(<-[PH](=O)(OC)OC)<-[PH](=O)(OC)OC,COP([O-])(OC)->[Pt+2](<-P([O-])(OC)OC)(<-P(OC)(OC)OC)<-P(OC)(OC)OC,COP([O-])(OC)->[Pt+2](<-P([O-])(OC)OC)(<-P(OC)(OC)OC)<-P(OC)(OC)OC
FOSPIO,,C19 H29 Cl1 Ir1 N6 1+,1.0,CCn1cc2-c3[c](->[Ir+2]4567(<-[Cl-])(<-n2n1)<-c1(C)c->4(C)c->5(C)[c-]->6(C)c->71C)[n+](CC)nn3C,CCn1cc2-c3[c-](->[Ir+3]4567(<-[Cl-])(<-n2n1)<-c1(C)c->4(C)c->5(C)[c-]->6(C)c->71C)n(CC)n[n+]3C,CCn1cc2-c3[c-](->[Ir+3]4567(<-[Cl-])(<-n2n1)<-c1(C)c->4(C)c->5(C)[c-]->6(C)c->71C)n(CC)n[n+]3C
FOTFEA,CC(C)(C)c1pc2(C(C)(C)C)->[Zr+4]3456(<-[Cl-])(<-[Cl-])(<-c7c->3c->4[cH-]->5c->67)<-[c-]1(C(C)(C)C)p2,C20 H32 Cl2 P2 Zr1,0.0,fail,CC(C)(C)c12->[Zr+4]3456789(<-[Cl-])(<-[Cl-])(<-c%10c->3c->4[cH-]->5c->6%10)<-p1[c-]->7(C(C)(C)C)p->8c->92C(C)(C)C,CC(C)(C)c12->[Zr+4]3456789(<-[Cl-])(<-[Cl-])(<-c%10c->3c->4[cH-]->5c->6%10)<-p1[c-]->7(C(C)(C)C)p->8c->92C(C)(C)C
FOTWOB,CC[N-](CC)->[Ti+4]123456(<-c7c->1c->2[c-]->3(C(C)(C)Cc1ncc[n-]->41)c->57)<-C(C)[N-]->6CC,C20 H34 N4 Ti1,0.0,CC[N-](CC)->[Ti+4]12345(<-c6c->1[cH-]->2c->3(C(C)(C)Cc1ncc[n-]->41)c->56)<-[N-](CC)CC,CC[N-](CC)->[Ti+4]12345(<-c6c->1c->2[c-]->3(C(C)(C)Cc1ncc[n-]->41)c->56)<-[N-](CC)CC,CC[N-](CC)->[Ti+4]12345(<-c6c->1c->2[c-]->3(C(C)(C)Cc1ncc[n-]->41)c->56)<-[N-](CC)CC
FOWCID,C/C1=C(\C)[N-](O)->[Co+3]2(<-N1=O)(<-N(=O)/C(C)=C(/C)[N-]->2O)(<-n1cn(C)c2cc(C)c(C)cc21)<-[C-]12C[C@H]3C[C@@H](C1)C[C@@H](C2)C3,C28 H41 Co1 N6 O4,0.0,CC1C(C)=N(O)->[Co+]2(<-N=1[O])(<-N([O])=C(C)C(C)=N->2O)(<-n1cn(C)c2cc(C)c(C)cc21)<-[C-]12CC3CC(CC(C3)C1)C2,CC1=C(C)[N-](O)->[Co+3]2(<-N1=O)(<-N(=O)C(C)=C(C)[N-]->2O)(<-n1cn(C)c2cc(C)c(C)cc21)<-[C-]12CC3CC(CC(C3)C1)C2,CC1=C(C)[N-](O)->[Co+3]2(<-N1=O)(<-N(=O)C(C)=C(C)[N-]->2O)(<-n1cn(C)c2cc(C)c(C)cc21)<-[C-]12CC3CC(CC(C3)C1)C2
FOXTAO,C1CCC(O[P@TB4]23(OC4CCCC4)=S->[Ni+2]<-245(<-S=[P@TB16]->4(OC2CCCC2)(OC2CCCC2)[S-]->5)<-[S-]3)C1,C20 H36 Ni1 O4 P2 S4,0.0,C1CCC(O[PH]2(OC3CCCC3)=S->[Ni]3(<-S=2)<-S=[PH](OC2CCCC2)(OC2CCCC2)=S->3)C1,C1CCC(OP2(OC3CCCC3)=S->[Ni+2]3(<-S=P(OC4CCCC4)(OC4CCCC4)[S-]->3)<-[S-]2)C1,C1CCC(OP23(OC4CCCC4)=S->[Ni+2]<-245(<-S=P->4(OC2CCCC2)(OC2CCCC2)[S-]->5)<-[S-]3)C1
FOYFOO,,C30 H44 Fe1 O2 P2 S1,0.0,CC(C)(C)c1cc(C(C)(C)C)c(P=[PH](=S)->[Fe+]2345(<-[C-]#[O+])(<-[C-]#[O+])<-c6(C)c->2(C)c->3(C)[c-]->4(C)c->56C)c(C(C)(C)C)c1,CC(C)(C)c1cc(C(C)(C)C)c(P=P([S-])->[Fe+2]2345(<-[C-]#[O+])(<-[C-]#[O+])<-c6(C)c->2(C)c->3(C)[c-]->4(C)c->56C)c(C(C)(C)C)c1,CC(C)(C)c1cc(C(C)(C)C)c(P=P([S-])->[Fe+2]2345(<-[C-]#[O+])(<-[C-]#[O+])<-c6(C)c->2(C)c->3(C)[c-]->4(C)c->56C)c(C(C)(C)C)c1
FOZLEN,,C21 H27 I2 N1 O1 P1 Rh1,0.0,CC(C)(C)P1(Cc2cccc3-c4cccc[c-]4->[Rh+3]<-1(<-[I-])(<-[I-])(<-[C-]#[O+])<-n23)C(C)(C)C,CC(C)(C)P1(Cc2cccc3-c4cccc[c-]4->[Rh+3]<-1(<-[I-])(<-[I-])(<-[C-]#[O+])<-n23)C(C)(C)C,CC(C)(C)P1(Cc2cccc3-c4cccc[c-]4->[Rh+3]<-1(<-[I-])(<-[I-])(<-[C-]#[O+])<-n23)C(C)(C)C
FUBDEL,CC(C)c12->[Ru+2]3456(<-[O-2])(<-[Cl-])(<-c(c->31)c->4(C)c->5c->62)<-[As](CC/[P+](=C1/C=CC=C[CH+]1)c1ccccc1)(C(C)(C)C)C(C)(C)C,C32 H46 As1 Cl1 O1 P1 Ru1 1+,1.0,CC(C)c12->[Ru+2]34567(<-[Cl-])(<-O=P(CC[As]->3(C(C)(C)C)C(C)(C)C)(c3ccccc3)c3ccccc3)<-c(c->41)c->5(C)c->6c->72,CC(C)c12->[Ru+2]34567(<-[Cl-])(<-O=P(CC[As]->3(C(C)(C)C)C(C)(C)C)(c3ccccc3)c3ccccc3)<-c(c->41)c->5(C)c->6c->72,CC(C)c12->[Ru+2]34567(<-[Cl-])(<-O=P(CC[As]->3(C(C)(C)C)C(C)(C)C)(c3ccccc3)c3ccccc3)<-c(c->41)c->5(C)c->6c->72
FUCXOQ,CC[P+](CC)(CC)[C+]([S-])[S-]->[Au+3](<-[c-]1c(F)c(F)c(F)c(F)c1F)(<-[c-]1c(F)c(F)c(F)c(F)c1F)<-[c-]1c(F)c(F)c(F)c(F)c1F,C25 H15 Au1 F15 P1 S2,0.0,CC[P](CC)(CC)C(=S)[S-]->[Au+4](<-[c-]1c(F)c(F)c(F)c(F)c1F)(<-[c-]1c(F)c(F)c(F)c(F)c1F)<-[c-]1c(F)c(F)c(F)c(F)c1F,CCP(CC)(CC)=C([S-])[S-]->[Au+5](<-[c-]1c(F)c(F)c(F)c(F)c1F)(<-[c-]1c(F)c(F)c(F)c(F)c1F)<-[c-]1c(F)c(F)c(F)c(F)c1F,CCP(CC)(CC)=C([S-])[S-]->[Au+5](<-[c-]1c(F)c(F)c(F)c(F)c1F)(<-[c-]1c(F)c(F)c(F)c(F)c1F)<-[c-]1c(F)c(F)c(F)c(F)c1F
FUDREB,,C31 H34 Cl2 O1 P2 W1,0.0,CP(c1ccccc1)(c1ccccc1)->[W+6](<-[O-2])(<-[Cl-])(<-[Cl-])(<-[C-2]1CCCC1)<-P(C)(c1ccccc1)c1ccccc1,CP(c1ccccc1)(c1ccccc1)->[W+4](<-[O-2])(<-[Cl-])(<-[Cl-])(<-[C]1CCCC1)<-P(C)(c1ccccc1)c1ccccc1,CP(c1ccccc1)(c1ccccc1)->[W+4](<-[O-2])(<-[Cl-])(<-[Cl-])(<-[C]1CCCC1)<-P(C)(c1ccccc1)c1ccccc1
FUFZAJ,CC(=O)[O-]->[Ag+]<-[C]1N(C)c2c(c(=O)n(C)c(=O)n2C)N1c1ccccc1,C16 H17 Ag1 N4 O4,0.0,CC(=O)[O-]->[Ag+]<-[C]1N(C)c2c(c(=O)n(C)c(=O)n2C)N1c1ccccc1,CC(=O)[O-]->[Ag+]<-[C]1N(C)c2c(c(=O)n(C)c(=O)n2C)N1c1ccccc1,CN1c2c(c(=O)n(C)c(=O)n2C)N(c2ccccc2)[C]1->[Ag+]12<-O=C->1(C)[O-]->2
FUGSOR,O=C1c2ccccc2P(c2ccccc2)(c2ccccc2)->[Ni@SP1+2]23<-[N-]1c1ccccc1[N-]->2C(=O)c1ccccc1P->3(c1ccccc1)c1ccccc1,C44 H32 N2 Ni1 O2 P2,0.0,O=C1c2ccccc2P(c2ccccc2)(c2ccccc2)->[Ni+2]23<-[N-]1c1ccccc1[N-]->2C(=O)c1ccccc1P->3(c1ccccc1)c1ccccc1,O=C1c2ccccc2P(c2ccccc2)(c2ccccc2)->[Ni]23<-N1=C1C=CC=CC1=N->2C(=O)c1ccccc1P->3(c1ccccc1)c1ccccc1,O=C1c2ccccc2P(c2ccccc2)(c2ccccc2)->[Ni]23<-N1=C1C=CC=CC1=N->2C(=O)c1ccccc1P->3(c1ccccc1)c1ccccc1
FUHXUD,CC(C)(C)P1(Cc2cccc3-c4ccccc45[H]->[Rh@TB18+]<-5<-1(<-[C-]#[O+])<-n23)C(C)(C)C,C21 H28 N1 O1 P1 Rh1 1+,1.0,CC(C)(C)P1(Cc2cccc3-c4ccccc4->[Rh+]<-1(<-[C-]#[O+])<-n23)C(C)(C)C,CC(C)(C)P1(Cc2cccc3-c4ccccc4->[Rh+]<-1(<-[C-]#[O+])<-n23)C(C)(C)C,CC(C)(C)P1(Cc2cccc3-c45->[Rh+]<-1(<-[C-]#[O+])(<-c4cccc5)<-n23)C(C)(C)C
FULMUV,CC(C)S1c2ccccc2P23c4ccccc4S(C(C)C)->[Pd+2]<-1<-2(<-[Cl-])<-S(c1ccccc13)C(C)C,C27 H33 Cl1 P1 Pd1 S3 1+,1.0,CC(C)S1c2ccccc2P23c4ccccc4S(C(C)C)->[Pd+2]<-1<-2(<-[Cl-])<-S(c1ccccc13)C(C)C,CC(C)S1c2ccccc2P23c4ccccc4S(C(C)C)->[Pd+2]<-1<-2(<-[Cl-])<-S(c1ccccc13)C(C)C,CC(C)Sc1ccccc1P12c3ccccc3S(C(C)C)->[Pd+2]<-1(<-[Cl-])<-S(c1ccccc12)C(C)C
FUNLIJ,C[CH2-]->[Co+3]123(<-O)<-[O-]/C(C)=C\C(C)=N->1\CC/N->2=C/c1ccccc1[O-]->3,C16 H23 Co1 N2 O3,0.0,fail,C[CH2-]->[Co+3]123(<-O)<-[O-]C(C)=CC(C)=N->1CCN->2=Cc1ccccc1[O-]->3,C[CH2-]->[Co+3]123<-[O-]C(C)=CC(C)=N->1CCN->2=Cc1ccccc1[O-]->3.O
FUPCID,C=CCN1C=NN(C(C)C)[C]1->[Pd+2](<-[Br-])(<-[Br-])<-[C]1N(CC=C)C=NN1C(C)C,C16 H26 Br2 N6 Pd1,0.0,C=CCN1C=NN(C(C)C)[C]1->[Pd+2](<-[Br-])(<-[Br-])<-[C]1N(CC=C)C=NN1C(C)C,C=CCN1C=NN(C(C)C)[C]1->[Pd+2](<-[Br-])(<-[Br-])<-[C]1N(CC=C)C=NN1C(C)C,C=CCN1C=NN(C(C)C)[C]1->[Pd+2](<-[Br-])(<-[Br-])<-[C]1N(CC=C)C=NN1C(C)C
FUPSIT,[O+]#[C-]->[Ru+2]123(<-[S-]c4cccc[n+]4[B-]->1(=[N+]1C=CC=C[C-]1[S-]->2)[n+]1ccccc1[S-]->3)<-P(c1ccccc1)(c1ccccc1)c1ccccc1,C34 H27 B1 N3 O1 P1 Ru1 S3,0.0,[O+]#[C-]->[Ru]123(<-S=c4ccccn4B->1(n1ccccc1=S->2)n1ccccc1=S->3)<-P(c1ccccc1)(c1ccccc1)c1ccccc1,[O+]#[C-]->[Ru]123(<-S=c4ccccn4B->1(n1ccccc1=S->2)n1ccccc1=S->3)<-P(c1ccccc1)(c1ccccc1)c1ccccc1,[O+]#[C-]->[Ru]123(<-S=c4ccccn4B->1(n1ccccc1=S->2)n1ccccc1=S->3)<-P(c1ccccc1)(c1ccccc1)c1ccccc1
FUQZAT,Cc12->[Zr+4]345678(<-[CH3-])(<-[O-]N->3(C)CCN->4(C)[O-]->5)<-c1(C)c->6(C)[c-]->7(C)c->82C,C15 H28 N2 O2 Zr1,0.0,Cc12->[Zr+4]345678(<-[CH3-])(<-[O-]N->3(C)CCN->4(C)[O-]->5)<-c1(C)c->6(C)[c-]->7(C)c->82C,Cc12->[Zr+4]345678(<-[CH3-])(<-[O-]N->3(C)CCN->4(C)[O-]->5)<-c1(C)c->6(C)[c-]->7(C)c->82C,CN1CCN2(C)[O-]->[Zr+4]<-23456(<-[CH3-])(<-[O-]1)<-c1(C)c->3(C)c->4(C)[c-]->5(C)c->61C
FURJEI,C[Si](C)(C)/N1=C2C(=N(/[Si](C)(C)C)->[Mo]<-1(<-[C-]#[O+])(<-[C-]#[O+])(<-[C-]#[O+])<-[C-]#[O+])/c1cccc3cccc/2c13,C22 H24 Mo1 N2 O4 Si2,0.0,C[Si](C)(C)N1=C2C(=N([Si](C)(C)C)->[Mo]<-1(<-[C-]#[O+])(<-[C-]#[O+])(<-[C-]#[O+])<-[C-]#[O+])c1cccc3cccc2c13,C[Si](C)(C)[N-]1C2=C([N-]([Si](C)(C)C)->[Mo+2]<-1(<-[C-]#[O+])(<-[C-]#[O+])(<-[C-]#[O+])<-[C-]#[O+])c1cccc3cccc2c13,C[Si](C)(C)[N-]1C2=C([N-]([Si](C)(C)C)->[Mo+2]<-1(<-[C-]#[O+])(<-[C-]#[O+])(<-[C-]#[O+])<-[C-]#[O+])c1cccc3cccc2c13
FUSTOE,CC(C)(C)c1ccc(C#[C-]->[Pt+2]23<-n4ccccc4/N=C4/c5ccccc5/C(=N/c5ccccn->25)[N-]->34)cc1,C30 H25 N5 Pt1,0.0,CC(C)(C)c1ccc(C#[C-]->[Pt+2]23<-n4ccccc4N=C4c5ccccc5C(=Nc5ccccn->25)[N-]->34)cc1,CC(C)(C)c1ccc(C#[C-]->[Pt+2]23<-N4=C(N=c5cccc[n-]->25)c2ccccc2C4=Nc2ccccn->32)cc1,CC(C)(C)c1ccc(C#[C-]->[Pt+2]23<-N4=C(N=c5cccc[n-]->25)c2ccccc2C4=Nc2ccccn->32)cc1
FUTYUO,CC(C)(C)P1(CCP(C(C)(C)C)(C(C)(C)C)->[Rh+]<-123<-[CH2-]c->21ccccc->31)C(C)(C)C,C25 H47 P2 Rh1,0.0,fail,CC(C)(C)P1(CCP(C(C)(C)C)(C(C)(C)C)->[Rh+]<-123<-C=C->21C=CC=C[CH-]->31)C(C)(C)C,CC(C)(C)P1(CCP(C(C)(C)C)(C(C)(C)C)->[Rh+]<-123<-C=C->21C=CC=C[CH-]->31)C(C)(C)C
FUVNER,CC(C)[N-](C(C)C)->[Cr+6](<-[N-3])(<-[O-]S(=O)(=O)C(F)(F)F)<-[N-](C(C)C)C(C)C,C13 H28 Cr1 F3 N3 O3 S1,0.0,CC(C)[N-](C(C)C)->[Cr+6](<-[N-3])(<-[O-]S(=O)(=O)C(F)(F)F)<-[N-](C(C)C)C(C)C,CC(C)[N-](C(C)C)->[Cr+6](<-[N-3])(<-[O-]S(=O)(=O)C(F)(F)F)<-[N-](C(C)C)C(C)C,CC(C)[N-](C(C)C)->[Cr+6]1(<-[N-3])(<-O=S(=O)([O-]->1)C(F)(F)F)<-[N-](C(C)C)C(C)C
FUXMOB,FC(F)(F)/C1[S-]->[Mo+4]2(<-[S-]/C=1C(F)(F)F)(<-[S-]/C(=C(/[S-]->2)C(F)(F)F)C(F)(F)F)(<-S1CCCC1)<-S1CCCC1,C16 H16 F12 Mo1 S6,0.0,FC(F)(F)C1[S-]->[Mo+4]2(<-[S-]C=1C(F)(F)F)(<-[S-]C(=C([S-]->2)C(F)(F)F)C(F)(F)F)(<-S1CCCC1)<-S1CCCC1,FC(F)(F)C1=S->[Mo]2(<-S=C1C(F)(F)F)(<-S=C(C(=S->2)C(F)(F)F)C(F)(F)F)(<-S1CCCC1)<-S1CCCC1,FC(F)(F)C1=S->[Mo]2(<-S=C1C(F)(F)F)(<-S=C(C(=S->2)C(F)(F)F)C(F)(F)F)(<-S1CCCC1)<-S1CCCC1
FUYRIC,[O+]#[C-]->[Mn+]12(<-[H][BH-](n3c(=S->1)sc1ccccc13)n1c(=S->2)sc2ccccc21)(<-[C-]#[O+])<-[C-]#[O+],C17 H10 B1 Mn1 N2 O3 S4,0.0,fail,[O+]#[C-]->[MnH]1(<-[C-]#[O+])(<-[C-]#[O+])<-S=c2sc3ccccc3n2Bn2c(=S->1)sc1ccccc12,[O+]#[C-]->[Mn+]1(<-[C-]#[O+])(<-[C-]#[O+])<-S=c2sc3ccccc3n2[BH2-]n2c(=S->1)sc1ccccc12
FUZSIE,C1=CC2=N->[Pd@@+2]3(<-Nc4ccccc4[N-]->3/N=C\2C=C1)<-P(c1ccccc1)(c1ccccc1)c1ccccc1,C30 H26 N4 P1 Pd1 1+,1.0,c1ccc(P(c2ccccc2)(c2ccccc2)->[Pd+2]23<-[NH-]c4ccccc4N=N->2c2ccccc2N->3)cc1,C1=CC2=N[N-]3c4ccccc4N->[Pd+2]<-3(<-N=C2C=C1)<-P(c1ccccc1)(c1ccccc1)c1ccccc1,C1=CC2=N[N-]3c4ccccc4N->[Pd+2]<-3(<-N=C2C=C1)<-P(c1ccccc1)(c1ccccc1)c1ccccc1
GABMOL,CC(C)=C(C)C[As]([H]->[Cr](<-[C-]#[O+])(<-[C-]#[O+])(<-[C-]#[O+])(<-[C-]#[O+])<-[C-]#[O+])c1ccccc1,C17 H17 As1 Cr1 O5,0.0,CC(C)=C(C)C[AsH](c1ccccc1)->[Cr](<-[C-]#[O+])(<-[C-]#[O+])(<-[C-]#[O+])(<-[C-]#[O+])<-[C-]#[O+],CC(C)=C(C)C[AsH](c1ccccc1)->[Cr](<-[C-]#[O+])(<-[C-]#[O+])(<-[C-]#[O+])(<-[C-]#[O+])<-[C-]#[O+],CC(C)=C(C)C[AsH]c1ccccc1.[O+]#[C-]->[Cr](<-[C-]#[O+])(<-[C-]#[O+])(<-[C-]#[O+])<-[C-]#[O+]
GABYIS,S=C=[N-]->[Zn+2]12<-n3c(CN(Cc4[nH]c5ccccc5n->14)Cc1[nH]c4ccccc4n->21)[nH]c1ccccc13,C25 H21 N8 S1 Zn1 1+,1.0,S=C=[N-]->[Zn+2]123<-n4c(CN->1(Cc1[nH]c5ccccc5n->21)Cc1[nH]c2ccccc2n->31)[nH]c1ccccc14,S=C=[N-]->[Zn+2]12<-n3c(CN(Cc4[nH]c5ccccc5n->14)Cc1[nH]c4ccccc4n->21)[nH]c1ccccc13,S=C=[N-]->[Zn+2]12<-n3c(CN(Cc4[nH]c5ccccc5n->14)Cc1[nH]c4ccccc4n->21)[nH]c1ccccc13
GACLIF,CO[C]1[S-]->[Fe+2]<-12(<-[C-]#[O+])(<-S=C(CP->2(c1ccccc1)c1ccccc1)C(C)(C)C)<-P(c1ccccc1)(c1ccccc1)c1ccccc1,C39 H39 Fe1 O2 P2 S2 1+,1.0,COC1=S->[Fe+]<-12(<-[C-]#[O+])(<-S=C(CP->2(c1ccccc1)c1ccccc1)C(C)(C)C)<-P(c1ccccc1)(c1ccccc1)c1ccccc1,CO[C]([S-])->[Fe+2]1(<-[C-]#[O+])(<-S=C(CP->1(c1ccccc1)c1ccccc1)C(C)(C)C)<-P(c1ccccc1)(c1ccccc1)c1ccccc1,CO[C]([S-])->[Fe+2]1(<-[C-]#[O+])(<-S=C(CP->1(c1ccccc1)c1ccccc1)C(C)(C)C)<-P(c1ccccc1)(c1ccccc1)c1ccccc1
GACXOY,,C42 H37 N1 O1 Os1 P2,0.0,c1ccc(P(c2ccccc2)(c2ccccc2)->[OsH2+2]2(<-[NH-]c3ccccc3[O-]->2)<-P(c2ccccc2)(c2ccccc2)c2ccccc2)cc1,c1ccc(P(c2ccccc2)(c2ccccc2)->[OsH2+2]2(<-[NH-]c3ccccc3[O-]->2)<-P(c2ccccc2)(c2ccccc2)c2ccccc2)cc1,c1ccc(P(c2ccccc2)(c2ccccc2)->[OsH2+2]2(<-[NH-]c3ccccc3[O-]->2)<-P(c2ccccc2)(c2ccccc2)c2ccccc2)cc1
GAFYAO,,C16 H4 N4 Ni1 S4,0.0,fail,N#CC1=CC2=S->[Ni]3(<-S=C2C=C1C#N)<-S=C1C=C(C#N)C(C#N)=CC1=S->3,N#CC1=CC2=S->[Ni]3(<-S=C2C=C1C#N)<-S=C1C=C(C#N)C(C#N)=CC1=S->3
GAGSEO,,C20 H24 Cl1 N4 O2 Os1 1+,1.0,CC(C)c12->[Os+2]34567(<-[Cl-])(<-c(c->31)c->4(C)c->5c->62)<-n1ccn(C)c1C(=O)C(=O)c1n(C)ccn->71,CC(C)c12->[Os+2]34567(<-[Cl-])(<-c(c->31)c->4(C)c->5c->62)<-n1ccn(C)c1C(=O)C(=O)c1n(C)ccn->71,Cc1ccc2(C(C)C)->[Os+2]34(<-[Cl-])(<-c1c->32)<-n1ccn(C)c1C(=O)C(=O)c1n(C)ccn->41
GAJGAB,CC(C)[O-]->[Ti+4]1(<-[O-]C(C)C)<-[O-]C(CSCCSCC([O-]->1)(C(F)(F)F)C(F)(F)F)(C(F)(F)F)C(F)(F)F,C16 H22 F12 O4 S2 Ti1,0.0,CC(C)[O-]->[Ti+4]123(<-[O-]C(C)C)<-[O-]C(CS->1CCS->2CC([O-]->3)(C(F)(F)F)C(F)(F)F)(C(F)(F)F)C(F)(F)F,CC(C)[O-]->[Ti+4]123(<-[O-]C(C)C)<-[O-]C(CS->1CCS->2CC([O-]->3)(C(F)(F)F)C(F)(F)F)(C(F)(F)F)C(F)(F)F,CC(C)[O-]->[Ti+4]12(<-[O-]C(C)C)<-[O-]C(CSCCS->1CC([O-]->2)(C(F)(F)F)C(F)(F)F)(C(F)(F)F)C(F)(F)F
GAJKEH,,C27 H23 F26 N1 O2 W1,0.0,CC(C)c1cccc(C(C)C)c1[N-2]->[W+6]1(<-[CH2-]C[CH2-]->1)(<-[O-]C(C(F)(F)F)(C(F)(F)F)C(F)(F)C(F)(F)C(F)(F)F)<-[O-]C(C(F)(F)F)(C(F)(F)F)C(F)(F)C(F)(F)C(F)(F)F,CC(C)c1cccc(C(C)C)c1[N-2]->[W+8]12(<-[C]=[C-]->1[C-3]->2)(<-[O-]C(C(F)(F)F)(C(F)(F)F)C(F)(F)C(F)(F)C(F)(F)F)<-[O-]C(C(F)(F)F)(C(F)(F)F)C(F)(F)C(F)(F)C(F)(F)F,CC(C)c1cccc(C(C)C)c1[N-2]->[W+8]12(<-[C]=[C-]->1[C-3]->2)(<-[O-]C(C(F)(F)F)(C(F)(F)F)C(F)(F)C(F)(F)C(F)(F)F)<-[O-]C(C(F)(F)F)(C(F)(F)F)C(F)(F)C(F)(F)C(F)(F)F
GAKKUB,Cc1cc(C)c(N2CCN(c3c(C)cc(C)cc3C)[C]2->[Ru@TB4+4]23(<-[CH-]=C4C=C[CH-]C=C4)<-[O-]CCO->2CC[O-]->3)c(C)c1,C32 H40 N2 O3 Ru1,0.0,Cc1cc(C)c(N2CCN(c3c(C)cc(C)cc3C)[C]2->[Ru+4]23(<-[CH-2]c4ccccc4)<-[O-]CCO->2CC[O-]->3)c(C)c1,Cc1cc(C)c(N2CCN(c3c(C)cc(C)cc3C)[C]2->[Ru+2]23(<-[CH]c4ccccc4)<-[O-]CCO->2CC[O-]->3)c(C)c1,Cc1cc(C)c(N2CCN(c3c(C)cc(C)cc3C)[C]2->[Ru+2]23(<-[CH]c4ccccc4)<-[O-]CCO->2CC[O-]->3)c(C)c1
GAKZAT,,C20 H26 O12 S2 Y1 1+,1.0,O=S(=O)([O-]->[Y+3](<-O)(<-O)(<-O)(<-O)(<-O)(<-O)<-[O-]S(=O)(=O)c1ccc2ccccc2c1)c1ccc2ccccc2c1,O=S(=O)([O-]->[Y+15](<-[O-2])(<-[O-2])(<-[O-2])(<-[O-2])(<-[O-2])(<-[O-2])<-[O-]S(=O)(=O)c1ccc2ccccc2c1)c1ccc2ccccc2c1,O=S1(O[O-]->[Y+5]234(<-O=1)<-[O+]#S([O-])([O-]->2)C1(O->3OOO[O-]->4)C=Cc2ccccc2[CH-]1)c1ccc2ccccc2c1
GALWAS,,C10 H16 Cd1 I2 N4 O2,0.0,Cn1ccn(->[Cd+2]2(<-[I-])(<-[I-])<-OCc3n(C)ccn->23)c1CO,Cn1ccn(->[Cd+2](<-[I-])(<-[I-])<-n2ccn(C)c2CO)c1CO,Cn1ccn(->[Cd+2](<-[I-])(<-[I-])<-n2ccn(C)c2CO)c1CO
GAMMIS,CC1=O->[Zn+2]234(<-[O-]1)<-n1ccccc1S[C-]->2(Sc1ccccn->31)Sc1ccccn->41,C18 H15 N3 O2 S3 Zn1,0.0,fail,CC(=O)[O-]->[Zn+2]123<-n4ccccc4S[C-]->1(Sc1ccccn->21)Sc1ccccn->31,CC12=O->[Zn+2]<-1345(<-[O-]2)<-n1ccccc1S[C-]->3(Sc1ccccn->41)Sc1ccccn->51
GANCAC,C/C1[O-]->[Zr+4]234(<-[O-]/C(C)=N->2/C(C)(C)C)(<-[O-]/C(C)=N->3/C(C)(C)C)(<-[O-]/C(C)=N->4/C(C)(C)C)<-N=1\C(C)(C)C,C24 H48 N4 O4 Zr1,0.0,CC1[O-]->[Zr+4]234(<-[O-]C(C)=N->2C(C)(C)C)(<-[O-]C(C)=N->3C(C)(C)C)(<-[O-]C(C)=N->4C(C)(C)C)<-N=1C(C)(C)C,CC1[O-]->[Zr+4]234(<-[O-]C(C)=N->2C(C)(C)C)(<-[O-]C(C)=N->3C(C)(C)C)(<-[O-]C(C)=N->4C(C)(C)C)<-N=1C(C)(C)C,CC1[O-]->[Zr+4]234(<-[O-]C(C)=N->2C(C)(C)C)(<-[O-]C(C)=N->3C(C)(C)C)(<-[O-]C(C)=N->4C(C)(C)C)<-N=1C(C)(C)C
GANRUJ,,C18 H17 Br1 O1 Ti1,0.0,Cc1ccc(C2=O->[Ti+3]<-23456789%10(<-[Br-])(<-c2c->3c->4[cH-]->5c->62)<-c2c->7c->8[cH-]->9c->%102)cc1,Cc1ccc([C-]2=O->[Ti+4]<-23456789%10(<-[Br-])(<-c2c->3c->4[cH-]->5c->62)<-c2c->7c->8[cH-]->9c->%102)cc1,Cc1ccc([C-]2=O->[Ti+4]<-23456789%10(<-[Br-])(<-c2c->3c->4[cH-]->5c->62)<-c2c->7c->8[cH-]->9c->%102)cc1
GAPDUZ,C[n+]1nn(Cc2ccccc2)[c-](->[Ni+2]2345(<-[I-])<-c6c->2c->3[cH-]->4c->56)c1-c1ccccc1,C21 H20 I1 N3 Ni1,0.0,C[n+]1nn(Cc2ccccc2)[c](->[Ni+]2345(<-[I-])<-c6c->2c->3[cH-]->4c->56)c1-c1ccccc1,C[n+]1nn(Cc2ccccc2)[c-](->[Ni+2]2345(<-[I-])<-c6c->2c->3[cH-]->4c->56)c1-c1ccccc1,C[n+]1nn(Cc2ccccc2)[c-](->[Ni+2]2345(<-[I-])<-c6c->2c->3[cH-]->4c->56)c1-c1ccccc1
GAQHIS,,C33 H21 N6 O1 Ru1 1+,1.0,O=[C-]1c2c3ccccc3nc3ccc4-c5ccccn5->[Ru+2]<-156(<-n1ccccc1-c1cccc(-c7ccccn->57)n->61)<-n4c23,O=[C-]1c2c3c(nc4ccccc24)C=CC2=C4C=CC=C[N-]4->[Ru+4]<-145(<-n1ccccc1-c1cccc(-c6ccccn->46)n->51)<-[N-]23,O=[C-]1c2c3c(nc4ccccc24)C=CC2=C4C=CC=C[N-]4->[Ru+4]<-145(<-n1ccccc1-c1cccc(-c6ccccn->46)n->51)<-[N-]23
GARCIL,,C29 H22 Cl1 O2 P1 W1,0.0,[O+]#[C-]->[W+2]1234(<-[Cl-])(<-[C-]#[O+])(<-c5[cH-]->1c->2c->31ccccc->451)<-P(c1ccccc1)(c1ccccc1)c1ccccc1,[O+]#[C-]->[W+2]1234(<-[Cl-])(<-[C-]#[O+])(<-c5[cH-]->1c->2c->31ccccc->451)<-P(c1ccccc1)(c1ccccc1)c1ccccc1,[O+]#[C-]->[W+2]1234(<-[Cl-])(<-[C-]#[O+])(<-c5[cH-]->1c->2c->31ccccc->451)<-P(c1ccccc1)(c1ccccc1)c1ccccc1
GARZAA,,C13 H30 Cl2 F4 Ir1 O1 P3,0.0,CCP(CC)(CC)->[Ir+2](<-[Cl-])(<-[Cl-])(<-[C-]#[O+])(<-P(CC)(CC)CC)<-[PH](F)(F)(F)F,CCP(CC)(CC)->[Ir+](<-[Cl-])(<-[Cl-])(<-[C-]#[O+])(<-P(CC)(CC)CC)<-[P+](F)(F)(F)F,CCP(CC)(CC)->[Ir+](<-[Cl-])(<-[Cl-])(<-[C-]#[O+])(<-P(CC)(CC)CC)<-[P+](F)(F)(F)F
GATGAM,CO->[Mo+6]12(<-[O-2])(<-[O-2])<-[O-]/C(=N\N->1=C\c1cc(I)ccc1[O-]->2)c1cc2ccccc2cc1O,C19 H15 I1 Mo1 N2 O6,0.0,CO->[Mo+6]12(<-[O-2])(<-[O-2])<-[O-]C(=NN->1=Cc1cc(I)ccc1[O-]->2)c1cc2ccccc2cc1O,CO->[Mo+6]12(<-[O-2])(<-[O-2])<-[O-]C(=NN->1=Cc1cc(I)ccc1[O-]->2)c1cc2ccccc2cc1O,CO.[O-2]->[Mo+6]12(<-[O-2])<-[O-]C(c3cc4ccccc4cc3O)=NN->1=Cc1cc(I)ccc1[O-]->2
GATNAR,CC(C)c1ccccc1[N-]1[C@@H](C)C(C)(C)[C@H](C)[N-]2c3(->[Ti+4]<-1<-2(<-[Cl-])<-[Cl-])ccccc3C(C)C,C25 H36 Cl2 N2 Ti1,0.0,CC(C)c1ccccc1[N-]1C(C)C(C)(C)C(C)[N-](c2ccccc2C(C)C)->[Ti+4]<-1(<-[Cl-])<-[Cl-],CC(C)c1ccccc1[N-]1C(C)C(C)(C)C(C)[N-](c2ccccc2C(C)C)->[Ti+4]<-1(<-[Cl-])<-[Cl-],CC(C)c1ccccc1[N-]1C(C)C(C)(C)C(C)[N-](c2ccccc2C(C)C)->[Ti+4]<-1(<-[Cl-])<-[Cl-]
GAVJUK,,C24 H50 Fe1 O2 P4,0.0,CC(C)P1(Oc2cccc3OP(C(C)C)(C(C)C)->[FeH+]<-1(<-[c-]23)(<-P(C)(C)C)<-P(C)(C)C)C(C)C,CC(C)P1(Oc2cccc3OP(C(C)C)(C(C)C)->[FeH+]<-1(<-[c-]23)(<-P(C)(C)C)<-P(C)(C)C)C(C)C,CC(C)P1(Oc2cccc3OP(C(C)C)(C(C)C)->[FeH+]<-1(<-[c-]23)(<-P(C)(C)C)<-P(C)(C)C)C(C)C
GAVXAF,,C21 H40 O1 Ru1 Si2,0.0,fail,CC(C)(C)[Si]1(C)->[Ru]2345(<-[C-]#[O+])(<-c6(C)c->2(C)c->3(C)[c-]->4(C)c->56C)<-[Si]=1(C)C(C)(C)C.[H+],C[Si-2](C(C)(C)C)->[Ru+4]1234(<-[C-]#[O+])(<-[Si-2](C)C(C)(C)C)<-c5(C)c->1(C)c->2(C)[c-]->3(C)c->45C.[H+]
GAWPOM,Cc1occc2=S->[Os+2]34567(<-[O-]c12)(<-c1c->3c->4(C(C)C)c->5c->6c->71C)<-n1ccn(C)c1,C20 H25 N2 O2 Os1 S1 1+,1.0,Cc1occc2=S->[Os+2]34567(<-[O-]c12)(<-c1c->3c->4(C(C)C)c->5c->6c->71C)<-n1ccn(C)c1,Cc1occc2=S->[Os+2]34567(<-[O-]c12)(<-c1c->3c->4(C(C)C)c->5c->6c->71C)<-n1ccn(C)c1,Cc1occc2=S->[Os+2]3456(<-[O-]c12)(<-c1c->3c->4(C(C)C)c->5cc->61C)<-n1ccn(C)c1
GAXHUI,C/C1=C/C(C)=N2/N=C(\[O-]->[Ti+4]<-234(<-[O-]1)<-[O-]/C(C)=C\C(C)=N->3\N=C(/[O-]->4)c1ccccc1)c1ccccc1,C24 H24 N4 O4 Ti1,0.0,CC1=CC(C)=O->[Ti+4]234(<-O=C(C)C=C(C)[N-]->2N=C([O-]->3)c2ccccc2)<-[O-]C(=N[N-]->41)c1ccccc1,CC1=CC(C)=N2N=C([O-]->[Ti+4]<-234(<-[O-]1)<-[O-]C(C)=CC(C)=N->3N=C([O-]->4)c1ccccc1)c1ccccc1,CC1=CC(C)=N2N=C([O-]->[Ti+4]<-234(<-[O-]1)<-[O-]C(C)=CC(C)=N->3N=C([O-]->4)c1ccccc1)c1ccccc1
GAYQEE,,C12 H11 Br1 N5 O3 Re1,0.0,[N-]=[N+]=NCCCN1=Cc2ccccn2->[Re+]<-1(<-[Br-])(<-[C-]#[O+])(<-[C-]#[O+])<-[C-]#[O+],[N-2]N=NCCCN1=Cc2ccccn2->[Re+3]<-1(<-[Br-])(<-[C-]#[O+])(<-[C-]#[O+])<-[C-]#[O+],[N-2]N=NCCCN1=Cc2ccccn2->[Re+3]<-1(<-[Br-])(<-[C-]#[O+])(<-[C-]#[O+])<-[C-]#[O+]
GAZPAB,,C29 H42 O1 Zr1,0.0,Cc1cc(C)c([O-]->[ZrH+3]23456789(<-c%10(C)c->2(C)c->3(C)[c-]->4(C)c->5%10C)<-c2(C)c->6(C)c->7(C)[c-]->8(C)c->92C)c(C)c1,Cc1cc(C)c([O-]->[ZrH+3]23456789(<-c%10(C)c->2(C)c->3(C)[c-]->4(C)c->5%10C)<-c2(C)c->6(C)c->7(C)[c-]->8(C)c->92C)c(C)c1,Cc1cc(C)c([O-]->[ZrH+3]23456789(<-c%10(C)c->2(C)c->3(C)[c-]->4(C)c->5%10C)<-c2(C)c->6(C)c->7(C)[c-]->8(C)c->92C)c(C)c1
GEBNEI,Fc1c(F)c(F)c([BH-](N->[Zr+4]23456789(<-N[BH-](c%10c(F)c(F)c(F)c(F)c%10F)c%10c(F)c(F)c(F)c(F)c%10F)(<-c%10c->2c->3[cH-]->4c->5%10)<-c2c->6c->7[cH-]->8c->92)c2c(F)c(F)c(F)c(F)c2F)c(F)c1F,C34 H16 B2 F20 N2 Zr1,0.0,Fc1c(F)c(F)c([BH-](N->[Zr+4]23456789%10(<-[H][B-](N->2)(c2c(F)c(F)c(F)c(F)c2F)c2c(F)c(F)c(F)c(F)c2F)(<-c2c->3c->4[cH-]->5c->62)<-c2c->7c->8[cH-]->9c->%102)c2c(F)c(F)c(F)c(F)c2F)c(F)c1F,Fc1c(F)c(F)c([BH-](N->[Zr+4]23456789(<-N[BH-](c%10c(F)c(F)c(F)c(F)c%10F)c%10c(F)c(F)c(F)c(F)c%10F)(<-c%10c->2c->3[cH-]->4c->5%10)<-c2c->6c->7[cH-]->8c->92)c2c(F)c(F)c(F)c(F)c2F)c(F)c1F,Fc1[c-]c([BH-](N->[Zr+8]23456789(<-[F-])(<-[F-])(<-N[BH-](c%10[c-]c(F)c(F)c(F)c%10F)c%10c(F)c(F)c(F)c(F)c%10F)(<-c%10c->2c->3[cH-]->4c->5%10)<-c2c->6c->7[cH-]->8c->92)c2c(F)c(F)c(F)c(F)c2F)c(F)c(F)c1F
GECHUR,CCP(CC)(CC)=C1(F)C(F)(F)C(F)(F)[C-](F)(F)->[Ni@+2]<-1(<-F[B-](F)(F)F)<-P(CC)(CC)CC,C16 H30 B1 F11 Ni1 P2,0.0,CC[P](CC)(CC)[C-]1(F)C(F)(F)C(F)(F)[C-](F)(F)->[Ni+3]<-1(<-F[B-](F)(F)F)<-P(CC)(CC)CC,CCP(CC)(CC)=C1(F)->[Ni+2](<-P(CC)(CC)CC)<-[C-](F)(F)C(F)(F)C1(F)F.F[B-](F)(F)F,CCP(CC)(CC)=C1(F)->[Ni+2](<-P(CC)(CC)CC)<-[C-](F)(F)C(F)(F)C1(F)F.F[B-](F)(F)F
GEDBEY,CCN(CC)c1ccc2cc3/C(C)=N/Nc4ccccn4->[Zn+2](<-[Cl-])(<-[Cl-])<-O=c3oc2c1,C20 H22 Cl2 N4 O2 Zn1,0.0,CCN(CC)c1ccc2cc3C(C)=N4Nc5ccccn5->[Zn+2]<-4(<-[Cl-])(<-[Cl-])<-O=c3oc2c1,CCN(CC)c1ccc2cc3C(C)=N4Nc5ccccn5->[Zn+2]<-4(<-[Cl-])(<-[Cl-])<-O=c3oc2c1,CCN(CC)c1ccc2cc3C(C)=N4Nc5ccccn5->[Zn+2]<-4(<-[Cl-])(<-[Cl-])<-O=c3oc2c1
GEFMOW,,C23 H52 O2 Os1 P2,0.0,fail,CC1=CC(C)=O->[OsH3+](<-[O-]1)(<-P(C(C)C)(C(C)C)C(C)C)<-P(C(C)C)(C(C)C)C(C)C,CC1=CC(C)=O->[OsH3+](<-[O-]1)(<-P(C(C)C)(C(C)C)C(C)C)<-P(C(C)C)(C(C)C)C(C)C
GEGXUL,CP(c1ccccc1)(c1ccccc1)->[Ni+2]1(<-[N-]([N-][N-][N-]->1[C+]1[CH+][CH+][CH+][CH-][CH-]1)c1ccccc1)<-P(C)(c1ccccc1)c1ccccc1,C38 H36 N4 Ni1 P2,0.0,CP(c1ccccc1)(c1ccccc1)->[Ni]1(<-N(=NN=N->1c1ccccc1)c1ccccc1)<-P(C)(c1ccccc1)c1ccccc1,CP(c1ccccc1)(c1ccccc1)->[Ni]1(<-N(=NN=N->1c1ccccc1)c1ccccc1)<-P(C)(c1ccccc1)c1ccccc1,CP(c1ccccc1)(c1ccccc1)->[Ni]1(<-N(=NN=N->1c1ccccc1)c1ccccc1)<-P(C)(c1ccccc1)c1ccccc1
GEKPOB,,C18 H19 Cl1 Ir1 N1 O1,0.0,Cc12->[Ir+]3456(<-[C-]#[O+])(<-N=C->3c3ccc(Cl)cc3)<-c1(C)c->4(C)[c-]->5(C)c->62C,Cc12->[Ir+]3456(<-[C-]#[O+])(<-N#C->3c3ccc(Cl)cc3)<-c1(C)c->4(C)[c-]->5(C)c->62C,Cc12->[Ir+]3456(<-[C-]#[O+])(<-N#C->3c3ccc(Cl)cc3)<-c1(C)c->4(C)[c-]->5(C)c->62C
GELBUX,C=[C]->[Ru+2]123(<-[S-]c4ccccc4N->1(C)CCN->2(C)c1ccccc1[S-]->3)<-P(C(C)C)(C(C)C)C(C)C,C27 H44 N2 P1 Ru1 S2,0.0,fail,C=[C]->[Ru+2]123(<-[S-]c4ccccc4N->1(C)CCN->2(C)c1ccccc1[S-]->3)<-P(C(C)C)(C(C)C)C(C)C,C=[C]->[Ru+2]123(<-[S-]c4ccccc4N->1(C)CCN->2(C)c1ccccc1[S-]->3)<-P(C(C)C)(C(C)C)C(C)C
GELLUE,CP(C)(c1ccccc1)->[Pt+4]1(<-[Br-])(<-[Br-])(<-N=[SH]N=S->1)<-P(C)(C)c1ccccc1,C16 H23 Br2 N2 P2 Pt1 S2 1+,1.0,fail,CP(C)(c1ccccc1)->[Pt+4]1(<-[Br-])(<-[Br-])(<-N=[SH]N=S->1)<-P(C)(C)c1ccccc1,CP(C)(c1ccccc1)->[Pt+4]1(<-[Br-])(<-[Br-])(<-N=[SH]N=S->1)<-P(C)(C)c1ccccc1
GEMMUG,C[CH2-]->[Co+3]123(<-N(=O)/C(C)=C(/C)[N-]->1CCC/N->2=C(C)/C(C)=N->3/O)<-n1cn(C)c2cc(C)c(C)cc21,C23 H36 Co1 N6 O2 1+,1.0,C[CH2-]->[Co+2]123(<-N([O])=C(C)C(C)=N->1CCCN->2=C(C)C(C)=N->3O)<-n1cn(C)c2cc(C)c(C)cc21,C[CH2-]->[Co+3]123(<-N(=O)C(C)=C(C)[N-]->1CCCN->2=C(C)C(C)=N->3O)<-n1cn(C)c2cc(C)c(C)cc21,C[CH2-]->[Co+3]123(<-N(=O)C(C)=C(C)[N-]->1CCCN->2=C(C)C(C)=N->3O)<-n1cn(C)c2cc(C)c(C)cc21
GENQAS,,C7 H7 N1 Ni1 O6,0.0,O=C1[O-]->[Ni+2]2(<-O)(<-O)<-[O-]C(=O)c3cccc1n->23,O=C1[O-]->[Ni+2]2(<-O)(<-O)<-[O-]C(=O)c3cccc1n->23,O.O=C1[O-]->[Ni+2]2(<-O)<-[O-]C(=O)c3cccc1n->23
GEPLOD,,C10 H13 N1 O7 Zn1,0.0,O=Cc1ccc2[O-]->[Zn+2]3(<-O)(<-O)(<-O)<-[O-]C(=O)CN->3=Cc2c1,O=Cc1ccc2[O-]->[Zn+2]3(<-O)(<-O)(<-O)<-[O-]C(=O)CN->3=Cc2c1,O=Cc1ccc2[O-]->[Zn+2]3(<-O)(<-O)(<-O)<-[O-]C(=O)CN->3=Cc2c1
GEQXAC,Nc1cccc2Np3(->[Pd@OH5+2](<-[Cl-])(<-n12)<-p1([O-])oc2ccccc2c2ccccc2o1)oc1ccccc1c1ccccc1o3,C29 H22 Cl1 N3 O5 P2 Pd1,0.0,Nc1cccc2Np3(->[Pd+](<-[Cl-])(<-n12)<-[PH]1(=O)Oc2ccccc2-c2ccccc2O1)oc1ccccc1c1ccccc1o3,Nc1cccc2Np3(->[Pd+2](<-[Cl-])(<-n12)<-p1([O-])oc2ccccc2c2ccccc2o1)oc1ccccc1c1ccccc1o3,Nc1cccc2Np3(->[Pd+2](<-[Cl-])(<-n12)<-p1([O-])oc2ccccc2c2ccccc2o1)oc1ccccc1c1ccccc1o3
GERHAP,CC(C)(C)C1=CC2=P(c3ccccc3)(c3ccccc3)P(->[W](<-[C-]#[O+])(<-[C-]#[O+])(<-[C-]#[O+])(<-[C-]#[O+])<-[C-]#[O+])=P(c3ccccc3)(c3ccccc3)C2=C1,C38 H31 O5 P3 W1,0.0,CC(C)(C)c1cc2[c-](c1)[P+](c1ccccc1)(c1ccccc1)[P-](->[W](<-[C-]#[O+])(<-[C-]#[O+])(<-[C-]#[O+])(<-[C-]#[O+])<-[C-]#[O+])[P+]2(c1ccccc1)c1ccccc1,CC(C)(C)C1=CC2=P(c3ccccc3)(c3ccccc3)P(->[W](<-[C-]#[O+])(<-[C-]#[O+])(<-[C-]#[O+])(<-[C-]#[O+])<-[C-]#[O+])=P(c3ccccc3)(c3ccccc3)C2=C1,CC(C)(C)C1=CC2=P(c3ccccc3)(c3ccccc3)P(->[W](<-[C-]#[O+])(<-[C-]#[O+])(<-[C-]#[O+])(<-[C-]#[O+])<-[C-]#[O+])=P(c3ccccc3)(c3ccccc3)C2=C1
GESDAJ,O=C1c2ccccc2S(=O)(=O)[N-]1->[Hg+2]<-[Cl-],C7 H4 Cl1 Hg1 N1 O3 S1,0.0,O=C1c2ccccc2S(=O)(=O)[N-]1->[Hg+2]<-[Cl-],O=C1c2ccccc2S(=O)(=O)[N-]1->[Hg+2]<-[Cl-],O=S1(=O)c2ccccc2C2[O-]->[Hg+2](<-[Cl-])<-N=21
GETJUK,N#C/C1[S-]->[Pt+2]2(<-[S-]\C=1C#N)<-n1cccnc1-c1ncccn->21,C12 H6 N6 Pt1 S2,0.0,N#CC1[S-]->[Pt+2]2(<-[S-]C=1C#N)<-n1cccnc1-c1ncccn->21,N#CC1[S-]->[Pt+2]2(<-[S-]C=1C#N)<-n1cccnc1-c1ncccn->21,N#CC1[S-]->[Pt+2]2(<-[S-]C=1C#N)<-n1cccnc1-c1ncccn->21
GETPEC,[CH3-]->[Pt+4]1(<-[CH3-])(<-[Br-])(<-C=c2ccc(=[B-](O)O)cc2)<-n2ccccc2-c2oc(-c3ccccn3)nn->12,C21 H22 B1 Br1 N4 O3 Pt1,0.0,[CH3-]->[Pt+4]1(<-[CH3-])(<-[Br-])(<-[CH2-]c2ccc(B(O)O)cc2)<-n2ccccc2-c2oc(-c3ccccn3)nn->12,[CH3-]->[Pt+4]1(<-[CH3-])(<-[Br-])(<-C=c2ccc(=[B-](O)O)cc2)<-n2ccccc2-c2oc(-c3ccccn3)nn->12,[CH3-]->[Pt+4]1(<-[CH3-])(<-[Br-])(<-C=c2ccc(=[B-](O)O)cc2)<-n2ccccc2-c2oc(-c3ccccn3)nn->12
GEVFIW,,C19 H36 Cr1 N3 O8 P1 Si1,0.0,CN(C)P(=[O+][Si-2](OC(C)(C)C)(OC(C)(C)C)->[Cr+](<-[C-]#[O+])(<-[C-]#[O+])(<-[C-]#[O+])(<-[C-]#[O+])<-[C-]#[O+])(N(C)C)N(C)C,CN(C)P(O[Si-](OC(C)(C)C)(OC(C)(C)C)->[Cr](<-[C-]#[O+])(<-[C-]#[O+])(<-[C-]#[O+])(<-[C-]#[O+])<-[C-]#[O+])(N(C)C)=[N+](C)C,CN(C)P(O[Si-](OC(C)(C)C)(OC(C)(C)C)->[Cr](<-[C-]#[O+])(<-[C-]#[O+])(<-[C-]#[O+])(<-[C-]#[O+])<-[C-]#[O+])(N(C)C)=[N+](C)C
GEWPON,C[C@@H]1c2cccc3n2->[Ni@OH5+2]2(<-[Cl-])<-N1(C)CCCN(C)CCCN->2(C)[C@H]3C,C18 H32 Cl1 N4 Ni1 1+,1.0,CC1c2cccc3n2->[Ni+2]24(<-[Cl-])<-N(C)(CCCN->21C)CCCN->4(C)C3C,CC1c2cccc3n2->[Ni+2]24(<-[Cl-])<-N(C)(CCCN->21C)CCCN->4(C)C3C,CC1c2cccc3n2->[Ni+2]24(<-[Cl-])<-N(C)(CCCN->21C)CCCN->4(C)C3C
GEXLIH,[CH3-]->[Pd+2](<-[CH3-])(<-P1(c2c(C(F)(F)F)cccc2C(F)(F)F)OCCO1)<-P1(c2c(C(F)(F)F)cccc2C(F)(F)F)OCCO1,C22 H20 F12 O4 P2 Pd1,0.0,[CH3-]->[Pd+2](<-[CH3-])(<-P1(c2c(C(F)(F)F)cccc2C(F)(F)F)OCCO1)<-P1(c2c(C(F)(F)F)cccc2C(F)(F)F)OCCO1,[CH3-]->[Pd+2](<-[CH3-])(<-P1(c2c(C(F)(F)F)cccc2C(F)(F)F)OCCO1)<-P1(c2c(C(F)(F)F)cccc2C(F)(F)F)OCCO1,[CH3-]->[Pd+2](<-[CH3-])(<-P1(c2c(C(F)(F)F)cccc2C(F)(F)F)OCCO1)<-P1(c2c(C(F)(F)F)cccc2C(F)(F)F)OCCO1
GEXZIU,C/C1=N/[N-](C(=S)Nc2ccc(C)cc2)->[Pt@TB5+2]23<-S=C(N=N->2/C(C)=C2/C=CC=C1[N-]->32)Nc1ccc(C)cc1,C25 H25 N7 Pt1 S2,0.0,CC1=N[N-](C(=S)Nc2ccc(C)cc2)->[Pt+2]23<-[S-]C(=NN->2=C(C)c2cccc1n->32)Nc1ccc(C)cc1,CC1=N[N-](C(=S)Nc2ccc(C)cc2)->[Pt+2]23<-S=C(N=N->2C(C)=C2C=CC=C1[N-]->32)Nc1ccc(C)cc1,CC1=N[N-](C(=S)Nc2ccc(C)cc2)->[Pt+2]23<-S=C(N=N->2C(C)=C2C=CC=C1[N-]->32)Nc1ccc(C)cc1
GEYZER,Clc1ccc(Cl)c2[S-]->[Co+3]3(<-[S-]c12)<-[S-]c1c(Cl)ccc(Cl)c1[S-]->3,C12 H4 Cl4 Co1 S4 1-,-1.0,fail,ClC1=CC=C(Cl)C2=S->[Co-]3(<-S=C12)<-S=C1C(Cl)=CC=C(Cl)C1=S->3,ClC1=CC=C(Cl)C2=S->[Co-]3(<-S=C12)<-S=C1C(Cl)=CC=C(Cl)C1=S->3
GEZYUI,,C29 H44 Cl1 Ir1 N3 O1 P1,0.0,CC1c2cccc[c-]2->[IrH+2]2(<-[Cl-])(<-N=1c1ccccc1)<-N1=C(C(NP->2(C)C(C)(C)C)C(C)C)OCC1C(C)C,CC1c2cccc[c-]2->[IrH+2]2(<-[Cl-])(<-N=1c1ccccc1)<-N1=C(C(NP->2(C)C(C)(C)C)C(C)C)OCC1C(C)C,CC1c2cccc[c-]2->[IrH+2]2(<-[Cl-])(<-N=1c1ccccc1)<-N1=C(C(NP->2(C)C(C)(C)C)C(C)C)OCC1C(C)C
GICFUW,,C18 H20 N6 O8 Zn1,0.0,O=C([O-])c1ccc(-n2ccn(->[Zn+2](<-O)(<-O)(<-O)(<-O)<-n3ccn(-c4ccc(C(=O)[O-])cn4)c3)c2)nc1,O=C([O-])c1ccc(-n2ccn(->[Zn+2](<-O)(<-O)(<-O)(<-O)<-n3ccn(-c4ccc(C(=O)[O-])cn4)c3)c2)nc1,O=C([O-])c1ccc(-n2ccn(->[Zn+2](<-O)(<-O)(<-O)(<-O)<-n3ccn(-c4ccc(C(=O)[O-])cn4)c3)c2)nc1
GIFFOQ,CCC1=C(CC)/C2=C/C3=N4->[Pt@TB10]56<-N2=C1/C=C1/C(CC)=C(CC)C(=N->51)/C=C1/C(CC)=C(CC)C(=N->61)/C=C\4C(CC)=C3CC,C36 H44 N4 Pt1,0.0,CCC1=C(CC)c2cc3c(CC)c(CC)c4cc5n6->[Pt+2]7(<-n2c1cc1c(CC)c(CC)c(cc6C(CC)=C5CC)[n-]->71)<-[n-]34,CCC1=C(CC)C2=N3->[Pt+2]45<-[N-]6[C+]([CH+][C-]7[C-](CC)[C+](CC)[C-](C=c8c(CC)c(CC)c([n-]->48)=C2)[N-]->57)[C+](CC)[C+](CC)[C-]6C=C13,CCC1=C(CC)C2=N3->[Pt+2]45<-[N-]6[C+]([CH+][C-]7[C-](CC)[C+](CC)[C-](C=c8c(CC)c(CC)c([n-]->48)=C2)[N-]->57)[C+](CC)[C+](CC)[C-]6C=C13
GIFJAH,,C23 H36 Os1 P1 1+,1.0,fail,CC(C)P(C(C)C)(C(C)C)->[OsH+3]123456(<-C=C->1[CH-]->2c1ccccc1)<-c1c->3c->4[cH-]->5c->61,CC(C)P(C(C)C)(C(C)C)->[OsH+3]123456(<-C=C->1[CH-]->2c1ccccc1)<-c1c->3c->4[cH-]->5c->61
GIGMAL,,C8 H18 Cl2 O2 S2 W1,0.0,CC(C)S1CCS(C(C)C)->[W+6]<-1(<-[O-2])(<-[O-2])(<-[Cl-])<-[Cl-],CC(C)S1CCS(C(C)C)->[W+6]<-1(<-[O-2])(<-[O-2])(<-[Cl-])<-[Cl-],CC(C)S1CCS(C(C)C)->[W+6]<-1(<-[O-2])(<-[O-2])(<-[Cl-])<-[Cl-]
GIHGOV,,C32 H34 N2 Ni1 P2,0.0,CC1=C(C)[N-]2CCP(c3ccccc3)(c3ccccc3)->[Ni+2]<-23<-[N-]1CCP->3(c1ccccc1)c1ccccc1,CC1C(C)=N2CCP(c3ccccc3)(c3ccccc3)->[Ni]<-23<-N=1CCP->3(c1ccccc1)c1ccccc1,CC1C(C)=N2CCP(c3ccccc3)(c3ccccc3)->[Ni]<-23<-N=1CCP->3(c1ccccc1)c1ccccc1
GIJNOD,C[C-]([O-])C[C@H]1c2ccccn2->[Pd@OH17+2]2(<-[Cl-])<-[N-]1c1ccccc1O[P+]->2(n1cccc1)=[N+]1C=CC=C1,C23 H22 Cl1 N4 O2 P1 Pd1,0.0,CC(=O)CC1c2ccccn2->[Pd+2]2(<-[Cl-])<-[N-]1c1ccccc1OP->2(n1cccc1)n1cccc1,C[C-]([O-])CC1c2ccccn2->[Pd+2]2(<-[Cl-])<-[NH2+]1c1ccccc1OP->2(n1cccc1)n1cccc1,C[C-]([O-])CC1c2ccccn2->[Pd+2]2(<-[Cl-])<-[NH2+]1c1ccccc1OP->2(n1cccc1)n1cccc1
GIKGUC,CP1(C)CCP(C)(C)->[Zr+2]<-123456(<-[CH3-])(<-c1c->2c->3[cH-]->4c->51)<-P(C)(C)CCP->6(C)C,C18 H40 P4 Zr1,0.0,CP1(C)CCP(C)(C)->[Zr+2]<-123456(<-[CH3-])(<-c1c->2c->3[cH-]->4c->51)<-P(C)(C)CCP->6(C)C,CP1(C)CCP(C)(C)->[Zr+2]<-123456(<-[CH3-])(<-c1c->2c->3[cH-]->4c->51)<-P(C)(C)CCP->6(C)C,CP1(C)CCP(C)(C)->[Zr+2]<-123456(<-[CH3-])(<-c1c->2c->3[cH-]->4c->51)<-P(C)(C)CCP->6(C)C
GILGUD,C[Si](C)(C)[CH2-]->[W+6]12345(<-[O-2])(<-[O-][O-]->1)<-c1c->2c->3[cH-]->4c->51,C9 H16 O3 Si1 W1,0.0,C[Si](C)(C)[CH2-]->[W+6]12345(<-[O-2])(<-[O-][O-]->1)<-c1c->2c->3[cH-]->4c->51,C[Si](C)(C)[CH2-]->[W+6]12345(<-[O-2])(<-[O-][O-]->1)<-c1c->2c->3[cH-]->4c->51,C[Si](C)(C)[CH2-]->[W+6]12345(<-[O-2])(<-[O-][O-]->1)<-c1c->2c->3[cH-]->4c->51
GILWOQ,Cc1cc2-c3ccccn3->[Ir+3]34(<-[c-]5cc(C(F)(F)F)ccc5-c5c6ccccc6ncn->35)(<-[c-]3cc(C(F)(F)F)ccc3-c3c5ccccc5ncn->43)<-[n-]2n1,C39 H24 F6 Ir1 N7,0.0,Cc1cc2-c3ccccn3->[Ir+3]34(<-[c-]5cc(C(F)(F)F)ccc5-c5c6ccccc6ncn->35)(<-[c-]3cc(C(F)(F)F)ccc3-c3c5ccccc5ncn->43)<-[n-]2n1,Cc1cc2-c3ccccn3->[Ir+3]34(<-[c-]5cc(C(F)(F)F)ccc5-c5c6ccccc6ncn->35)(<-[c-]3cc(C(F)(F)F)ccc3-c3c5ccccc5ncn->43)<-[n-]2n1,Cc1cc2-c3ccccn3->[Ir+3]34(<-[c-]5cc(C(F)(F)F)ccc5-c5c6ccccc6ncn->35)(<-[c-]3cc(C(F)(F)F)ccc3-c3c5ccccc5ncn->43)<-[n-]2n1
GINGAN,O=[N+]1[O-]->[Cd+2]23(<-[O-]1)(<-[O-][N+](=O)[O-]->2)<-n1ccccc1CN(Cc1c2ccccc2cc2ccccc12)Cc1ccccn->31,C27 H23 Cd1 N5 O6,0.0,O=[N+]1[O-]->[Cd+2]234(<-[O-]1)(<-[O-][N+](=O)[O-]->2)<-n1ccccc1CN->3(Cc1c2ccccc2cc2ccccc12)Cc1ccccn->41,O=[N+]([O-])[O-]->[Cd+2]123(<-[O-][N+](=O)[O-]->1)<-n1ccccc1CN->2(Cc1c2ccccc2cc2ccccc12)Cc1ccccn->31,O=[N+]12[O-]->[Cd+2]<-13456(<-[O-]2)(<-[O-][N+]->3(=O)[O-]->4)<-n1ccccc1CN->5(Cc1c2ccccc2cc2ccccc12)Cc1ccccn->61
GINWEF,,C25 H47 Cl1 Ir1 N1 P2,0.0,CCP(CC)(CC)->[IrH+2]1(<-[Cl-])(<-[CH-]2C3CCC(C3)C2N->1c1ccccc1)<-P(CC)(CC)CC,CCP(CC)(CC)->[IrH+2]1(<-[Cl-])(<-[CH-]2C3CCC(C3)C2N->1c1ccccc1)<-P(CC)(CC)CC,CCP(CC)(CC)->[IrH+2]1(<-[Cl-])(<-[CH-]2C3CCC(C3)C2N->1c1ccccc1)<-P(CC)(CC)CC
GIPYEM,,C42 H24 F3 Ir1 N2 O2 S3,0.0,fail,FC(F)(F)C1C=C([O-]->[Ir+3]23(<-O=1)(<-[c-]1c(-c4ccc5ccccc5n->24)sc2ccccc21)<-[c-]1c(-c2ccc4ccccc4n->32)sc2ccccc21)c1cccs1,FC(F)(F)C1C=C([O-]->[Ir+3]23(<-O=1)(<-[c-]1c(-c4ccc5ccccc5n->24)sc2ccccc21)<-[c-]1c(-c2ccc4ccccc4n->32)sc2ccccc21)c1cccs1
GIRCOC,,C18 H16 Cl2 N2 O4 Pt1 S1,0.0,CS(C)(=O)->[Pt+2](<-[Cl-])(<-[Cl-])<-n1c(-c2cc3cccc(O)c3oc2=O)[nH]c2ccccc21,CS(C)(=O)->[Pt+4](<-[Cl-])(<-[Cl-])<-n1c(-c2[c-]c3[c-]ccc(O)c3oc2=O)[nH]c2ccccc21,CS(C)(=O)->[Pt+4]1(<-[Cl-])(<-[Cl-])<-[c-]2c(-c3[nH]c4ccccc4n->13)c(=O)oc1c(O)cc[c-]c12
GIRMEB,CC(=O)[O-]->[Zn+2]1(<-O=C(C)[O-]->1)(<-n1nnn(N)c1N)<-n1nnn(N)c1N,C6 H14 N12 O4 Zn1,0.0,CC(=O)[O-]->[Zn+2](<-[O-]C(C)=O)(<-n1nnn(N)c1N)<-n1nnn(N)c1N,CC(=O)[O-]->[Zn+2](<-[O-]C(C)=O)(<-n1nnn(N)c1N)<-n1nnn(N)c1N,CC12=O->[Zn+2]<-134(<-O=C->3(C)[O-]->4)(<-[O-]2)(<-n1nnn(N)c1N)<-n1nnn(N)c1N
GISNAX,,C13 H11 Mo1 N4 O2 1+,1.0,[O+]#[C-]->[Mo+2]12345(<-[C-]#[O+])(<-c6c->1c->2[cH-]->3c->46)<-n1cc[nH]c1-c1[nH]ccn->51,[O+]#[C-]->[Mo+2]12345(<-[C-]#[O+])(<-c6c->1c->2[cH-]->3c->46)<-n1cc[nH]c1-c1[nH]ccn->51,[O+]#[C-]->[Mo+2]12345(<-[C-]#[O+])(<-c6c->1c->2[cH-]->3c->46)<-n1cc[nH]c1-c1[nH]ccn->51
GITQIJ,,C18 H34 Ir1 P1,0.0,CC1([CH2-]->[IrH+2]2345(<-c6(C)c->2(C)c->3(C)[c-]->4(C)c->56C)<-P(C)(C)C)CC1,CC1([CH2-]->[IrH+2]2345(<-c6(C)c->2(C)c->3(C)[c-]->4(C)c->56C)<-P(C)(C)C)CC1,CC1([CH2-]->[IrH+2]2345(<-c6(C)c->2(C)c->3(C)[c-]->4(C)c->56C)<-P(C)(C)C)CC1
GIVSEK,Cc1ccc2cccc3/N4=C5/c6ccccn6->[Fe+2]<-5<-4(<-[Cl-])(<-[Cl-])<-n1c32,C16 H13 Cl2 Fe1 N3,0.0,Cc1ccc2cccc3N4=Cc5ccccn5->[Fe+2]<-4(<-[Cl-])(<-[Cl-])<-n1c32,Cc1ccc2cccc3N4=Cc5ccccn5->[Fe+2]<-4(<-[Cl-])(<-[Cl-])<-n1c32,Cc1ccc2cccc3N4=Cc5ccccn5->[Fe+2]<-4(<-[Cl-])(<-[Cl-])<-n1c32
GIWNUX,N/[C-](=C1/C=C[CH-]S1)->[Cr+2](<-[C-]#[O+])(<-[C-]#[O+])(<-[C-]#[O+])(<-[C-]#[O+])<-[C-]#[O+],C10 H5 Cr1 N1 O5 S1,0.0,N[C](c1cccs1)->[Cr](<-[C-]#[O+])(<-[C-]#[O+])(<-[C-]#[O+])(<-[C-]#[O+])<-[C-]#[O+],N[C](c1cccs1)->[Cr](<-[C-]#[O+])(<-[C-]#[O+])(<-[C-]#[O+])(<-[C-]#[O+])<-[C-]#[O+],N[C](c1cccs1)->[Cr](<-[C-]#[O+])(<-[C-]#[O+])(<-[C-]#[O+])(<-[C-]#[O+])<-[C-]#[O+]
GIXHED,,C14 H18 N4 Ni1 O4 S2,0.0,OCc1cccn(->[Ni+2](<-O)(<-O)(<-[N-]=C=S)(<-[N-]=C=S)<-n2cccc(CO)c2)c1,OCc1cccn(->[Ni+2](<-O)(<-O)(<-[N-]=C=S)(<-[N-]=C=S)<-n2cccc(CO)c2)c1,O.O.OCc1cccn(->[Ni+2](<-[N-]=C=S)(<-[N-]=C=S)<-n2cccc(CO)c2)c1
GIYBOH,Cc1ccc2N(C)(C)->[Mo+4]3(<-[Cl-])(<-[Cl-])(<-[N-](c2c1)C(C)(C)C)<-[N-](c1cc(C)ccc1N->3(C)C)C(C)(C)C,C26 H42 Cl2 Mo1 N4,0.0,Cc1ccc2N(C)(C)->[Mo+4]3(<-[Cl-])(<-[Cl-])(<-[N-](c2c1)C(C)(C)C)<-[N-](c1cc(C)ccc1N->3(C)C)C(C)(C)C,Cc1ccc2N(C)(C)->[Mo+4]3(<-[Cl-])(<-[Cl-])(<-[N-](c2c1)C(C)(C)C)<-[N-](c1cc(C)ccc1N->3(C)C)C(C)(C)C,Cc1ccc2N(C)(C)->[Mo+4]3(<-[Cl-])(<-[Cl-])(<-[N-](c2c1)C(C)(C)C)<-[N-](c1cc(C)ccc1N->3(C)C)C(C)(C)C
GIZRAK,C[N-](C)->[Ti+4]12(<-[O-]c3c(-c4ccccc4)cccn->13)(<-[O-]c1c(-c3ccccc3)cccn->21)<-[N-](C)C,C26 H28 N4 O2 Ti1,0.0,C[N-](C)->[Ti+4]12(<-[O-]c3c(-c4ccccc4)cccn->13)(<-[O-]c1c(-c3ccccc3)cccn->21)<-[N-](C)C,C[N-](C)->[Ti+4]12(<-[O-]c3c(-c4ccccc4)cccn->13)(<-[O-]c1c(-c3ccccc3)cccn->21)<-[N-](C)C,C[N-](C)->[Ti+4]12(<-[O-]c3c(-c4ccccc4)cccn->13)(<-[O-]c1c(-c3ccccc3)cccn->21)<-[N-](C)C
GOBJOY,[Cl-]->[Ti+4]1(<-[Cl-])(<-[Cl-])<-[N-](C2CCCCC2)C->12CCCCC2,C12 H22 Cl3 N1 Ti1,0.0,[Cl-]->[Ti+4](<-[Cl-])(<-[Cl-])<-[N-](C1CCCCC1)C1CCCCC1,[Cl-]->[Ti+4](<-[Cl-])(<-[Cl-])<-[N-](C1CCCCC1)C1CCCCC1,[Cl-]->[Ti+4](<-[Cl-])(<-[Cl-])<-[N-](C1CCCCC1)C1CCCCC1
GOCBAC,C[N-](C)->[Ta+5]1(<-N2=CC=C/C2=C2\OCC(C)(C)[N-]->12)(<-[N-](C)C)(<-[N-](C)C)<-[N-](C)C,C17 H35 N6 O1 Ta1,0.0,C[N-](C)->[Ta+5]1(<-N2=C(c3ccc[n-]->13)OCC2(C)C)(<-[N-](C)C)(<-[N-](C)C)<-[N-](C)C,C[N-](C)->[Ta+5]1(<-N2=C(c3ccc[n-]->13)OCC2(C)C)(<-[N-](C)C)(<-[N-](C)C)<-[N-](C)C,C[N-](C)->[Ta+5]1(<-N2=C(c3ccc[n-]->13)OCC2(C)C)(<-[N-](C)C)(<-[N-](C)C)<-[N-](C)C
GODMIX,,C26 H29 Cl1 Ir1 N3,0.0,C[n+]1nn(Cc2ccccc2)[c]2->[Ir+2]3456(<-[Cl-])(<-[c-]7ccccc7-c21)<-c1(C)c->3(C)c->4(C)[c-]->5(C)c->61C,Cn1n[n+](Cc2ccccc2)[c-]2->[Ir+3]3456(<-[Cl-])(<-[c-]7ccccc7-c21)<-c1(C)c->3(C)c->4(C)[c-]->5(C)c->61C,Cn1n[n+](Cc2ccccc2)[c-]2->[Ir+3]3456(<-[Cl-])(<-[c-]7ccccc7-c21)<-c1(C)c->3(C)c->4(C)[c-]->5(C)c->61C
GOFTAW,CCOC1=C[C](->[Ru+2]2345(<-[C-]#[O+])(<-c6c->2c->3[cH-]->4c->56)<-P(C(C)C)(C(C)C)C(C)C)C(=C(c2ccccc2)c2ccccc2)O1,C34 H42 O3 P1 Ru1 1+,1.0,CCOC1=C[C-2](->[Ru+4]2345(<-[C-]#[O+])(<-c6c->2c->3[cH-]->4c->56)<-P(C(C)C)(C(C)C)C(C)C)C(=C(c2ccccc2)c2ccccc2)O1,CCOC1=C[C](->[Ru+2]2345(<-[C-]#[O+])(<-c6c->2c->3[cH-]->4c->56)<-P(C(C)C)(C(C)C)C(C)C)C(=C(c2ccccc2)c2ccccc2)O1,CCOc1c[c-](->[Ru+4]2345(<-[C-]#[O+])(<-c6c->2c->3[cH-]->4c->56)<-P(C(C)C)(C(C)C)C(C)C)c(C(=C2C=C[CH-]C=C2)c2ccccc2)o1
GOGPAU,N#[C-]->[Zn+2](<-[C-]#N)<-N12CCCC[C@@H]1[C@H]1C[C@@H](C2)[C@@H]2CCCCN2C1,C17 H26 N4 Zn1,0.0,N#[C-]->[Zn+2]1(<-[C-]#N)<-N23CCCCC2C2CC(C3)C3CCCCN->13C2,N#[C-]->[Zn+2]1(<-[C-]#N)<-N23CCCCC2C2CC(C3)C3CCCCN->13C2,N#[C-]->[Zn+2]1(<-[C-]#N)<-N23CCCCC2C2CC(C3)C3CCCCN->13C2
GOHMOF,Cc12->[Ti+4]3456789(<-[OH-])(<-[OH-])(<-c1(C)c->3(C)[c-]->4(C)c->52C)<-c1(C)c->6(C)c->7(C)[c-]->8(C)c->91C,C20 H32 O2 Ti1,0.0,Cc12->[Ti+4]3456789(<-[OH-])(<-[OH-])(<-c1(C)c->3(C)[c-]->4(C)c->52C)<-c1(C)c->6(C)c->7(C)[c-]->8(C)c->91C,Cc12->[Ti+4]3456789(<-[OH-])(<-[OH-])(<-c1(C)c->3(C)[c-]->4(C)c->52C)<-c1(C)c->6(C)c->7(C)[c-]->8(C)c->91C,Cc1c(C)c(C)[c-](C)(->[Ti+4]2345(<-[OH-])(<-[OH-])<-c6(C)c->2(C)c->3(C)[c-]->4(C)c->56C)c1C
GOKTAD,[Cl-]->[Fe+2]1234(<-[Cl-])<-N(=C\c->15cccc->2(/C=N->3/N1CCCCCC1)n->45)/N1CCCCCC1,C19 H29 Cl2 Fe1 N5,0.0,[Cl-]->[Fe+2]12(<-[Cl-])<-N(=Cc3cccc(C=N->1N1CCCCCC1)n->23)N1CCCCCC1,[Cl-]->[Fe+2]12(<-[Cl-])<-N(=Cc3cccc(C=N->1N1CCCCCC1)n->23)N1CCCCCC1,[Cl-]->[Fe+2]12(<-[Cl-])<-N(=Cc3cccc(C=N->1N1CCCCCC1)n->23)N1CCCCCC1
GOMLUP,CCC1=O->[Ti+4](<-[Cl-])(<-[Cl-])(<-[Cl-])(<-[Cl-])<-O=C2OC[C@H](Cc3ccccc3)N12,C13 H15 Cl4 N1 O3 Ti1,0.0,CCC1=O->[Ti+4](<-[Cl-])(<-[Cl-])(<-[Cl-])(<-[Cl-])<-O=C2OCC(Cc3ccccc3)N12,CCC1=O->[Ti+4](<-[Cl-])(<-[Cl-])(<-[Cl-])(<-[Cl-])<-O=C2OCC(Cc3ccccc3)N12,CCC1=O->[Ti+4](<-[Cl-])(<-[Cl-])(<-[Cl-])(<-[Cl-])<-O=C2OCC(Cc3ccccc3)N12
GONHAS,CN(C)c1ccc(C#Cc2c3n4->[Ni@SP2+2]56<-n7c(c(/C=C/C=O)c8ccc(c(-c9ccccc9)c4C=C3)[n-]->58)C=Cc7c(-c3ccccc3)c3ccc2[n-]->63)cc1,C45 H31 N5 Ni1 O1,0.0,CN(C)c1ccc(C#Cc2c3n4->[Ni+2]56<-n7c(c(C=CC=O)c8ccc(c(-c9ccccc9)c4C=C3)[n-]->58)C=Cc7c(-c3ccccc3)c3ccc2[n-]->63)cc1,CN(C)c1ccc(C#CC2=c3ccc4[n-]3->[Ni+4]35<-[n-]6c(ccc6C=4c4ccccc4)C(C=CC=O)=c4ccc([n-]->34)=C(c3ccccc3)c3ccc2[n-]->53)cc1,CN(C)c1ccc(C#CC2=c3ccc4[n-]3->[Ni+4]35<-[n-]6c(ccc6C=4c4ccccc4)C(C=CC=O)=c4ccc([n-]->34)=C(c3ccccc3)c3ccc2[n-]->53)cc1
GOPLAB,,C17 H26 Br4 N6 Ni1,0.0,CC#N->[Ni+2]12(<-[Br-])(<-[Br-])<-n3c(C)c(Br)c(C)n3CN->1(CCC)Cn1c(C)c(Br)c(C)n->21,CC#N->[Ni+2]12(<-[Br-])(<-[Br-])<-n3c(C)c(Br)c(C)n3CN->1(CCC)Cn1c(C)c(Br)c(C)n->21,CC#N->[Ni+2]1(<-[Br-])(<-[Br-])<-n2c(C)c(Br)c(C)n2CN(CCC)Cn2c(C)c(Br)c(C)n->12
GORJOO,,C26 H18 Cd1 N10 O4,0.0,N#C[N-]C#N->[Cd+2]123(<-O)(<-[O-][N+](=O)[O-]->1)<-n1ccccc1-c1c(-c4ccccn4)nc(-c4ccccn4)c(-c4ccccn->24)n->31,N#CN=C=[N-]->[Cd+2]123(<-O)(<-[O-][N+](=O)[O-]->1)<-n1ccccc1-c1c(-c4ccccn4)nc(-c4ccccn4)c(-c4ccccn->24)n->31,N#CN=C=[N-]->[Cd+2]123(<-O)(<-[O-][N+]->1(=O)[O-]->2)<-n1ccccc1-c1c(-c2ccccn2)nc(-c2ccccn2)c(-c2ccccn2)n->31
GOSHUT,,C26 H39 B1 N10 O1 P1 W1 1+,1.0,CC(C)[N+]1=C2C(CC1)CC(n1cccn1)C1->[W+2]34(<-[N-]=O)(<-C=12)(<-[n-]1ccc[n+]1[BH-]([n+]1ccc[n-]->31)[n+]1ccc[n-]->41)<-P(C)(C)C,CC(C)N1CCC2CC(n3cccn3)[CH-]3->[W+4]45(<-[N-]=O)(<-C3=C21)(<-n1cccn1[BH-](n1cccn->41)n1cccn->51)<-P(C)(C)C,CC(C)N1CCC2CC(n3cccn3)[CH-]3->[W+4]45(<-[N-]=O)(<-C3=C21)(<-n1cccn1[BH-](n1cccn->41)n1cccn->51)<-P(C)(C)C
GOSXET,C[CH2-]->[Zn+2]<-[n-]1c(CN2CCCCC2)ccc1CN1CCCCC1,C18 H31 N3 Zn1,0.0,C[CH2-]->[Zn+2]1<-[n-]2c(CN3CCCCC3)ccc2CN->12CCCCC2,C[CH2-]->[Zn+2]1<-[n-]2c(CN3CCCCC3)ccc2CN->12CCCCC2,C[CH2-]->[Zn+2]<-[n-]1c(CN2CCCCC2)ccc1CN1CCCCC1
GOVMEL,CN1CCN(C)C1=N1c2cccc3cccn(->[Zn+2]<-145(<-O=S(C)(=O)[O-]->4)<-N(=C1N(C)CCN1C)c1cccc4cccn->5c14)c23,C29 H35 N8 O3 S1 Zn1 1+,1.0,CN1CCN(C)C1=N1c2cccc3cccn(->[Zn+2]<-14(<-[O-]S(C)(=O)=O)<-N(=C1N(C)CCN1C)c1cccc5cccn->4c15)c23,CN1CCN(C)C1=N1c2cccc3cccn(->[Zn+2]<-14(<-[O-]S(C)(=O)=O)<-N(=C1N(C)CCN1C)c1cccc5cccn->4c15)c23,CN1CCN(C)C1=N1c2cccc3cccn(->[Zn+2]<-145(<-O=S(C)(=O)[O-]->4)<-N(=C1N(C)CCN1C)c1cccc4cccn->5c14)c23
GOXTUK,,C19 H20 N1 Pd1 S4 1+,1.0,c1cc[c-]2->[Pd+2]34(<-n5c(-c2c1)sc1ccccc15)<-S1CCS->3CCS->4CC1,c1cc[c-]2->[Pd+2]3(<-n4c(-c2c1)sc1ccccc14)<-S1CCSCCS->3CC1,c1cc[c-]2->[Pd+2]34(<-n5c(-c2c1)sc1ccccc15)<-S1CCS->3CCS->4CC1
GOYNOX,CC[c-]12->[W+4]3456(<-[Cl-])(<-[Cl-])(<-[Cl-])(<-n7ccc(C)cc7-c7cc(C)ccn->37)<-c(C)(c->4(C)c->51C)c->62C,C23 H29 Cl3 N2 W1,0.0,CCc12->[W+4]3456(<-[Cl-])(<-[Cl-])(<-[Cl-])(<-n7ccc(C)cc7-c7cc(C)ccn->37)<-c1(C)c->4(C)[c-]->5(C)c->62C,CC[c-]12->[W+4]3456(<-[Cl-])(<-[Cl-])(<-[Cl-])(<-n7ccc(C)cc7-c7cc(C)ccn->37)<-c(C)(c->4(C)c->51C)c->62C,CC[c-]12->[W+4]3456(<-[Cl-])(<-[Cl-])(<-[Cl-])(<-n7ccc(C)cc7-c7cc(C)ccn->37)<-c(C)(c->4(C)c->51C)c->62C
GOZVUO,CN1C=CN2Cc3cc4c(ccc5ccc6ccc7ccc8ccccc8c7c6c54)c[c-]3->[Ir+3]3456(<-[Cl-])(<-[C]12)<-c1(C)c->3(C)c->4(C)[c-]->5(C)c->61C,C41 H36 Cl1 Ir1 N2,0.0,CN1C=CN2Cc3cc4c(ccc5ccc6ccc7ccc8ccccc8c7c6c54)c[c-]3->[Ir+3]3456(<-[Cl-])(<-[C]12)<-c1(C)c->3(C)c->4(C)[c-]->5(C)c->61C,CN1C=CN2Cc3cc4c(ccc5ccc6ccc7ccc8ccccc8c7c6c54)c[c-]3->[Ir+3]3456(<-[Cl-])(<-[C]12)<-c1(C)c->3(C)c->4(C)[c-]->5(C)c->61C,CN1C=CN2Cc3cc4c(ccc5ccc6ccc7ccc8ccccc8c7c6c54)c[c-]3->[Ir+3]3456(<-[Cl-])(<-[C]12)<-c1(C)c->3(C)c->4(C)[c-]->5(C)c->61C
GUCBAJ,Cc1cccc2/N=C3/c4ccccc4C4/N=c5/cccc(C)[n-]5->[Fe@OH16+2](<-[Br-])(<-N=43)<-n12,C20 H16 Br1 Fe1 N5,0.0,Cc1cccc2N=C3c4ccccc4C4=Nc5cccc(C)n5->[Fe+2](<-[Br-])(<-n12)<-[N-]34,Cc1cccc2N=C3c4ccccc4C4N=c5cccc(C)[n-]5->[Fe+2](<-[Br-])(<-N=43)<-n12,Cc1cccc2N=C3c4ccccc4C4N=c5cccc(C)[n-]5->[Fe+2](<-[Br-])(<-N=43)<-n12
GUFCAL,CCCCc1ccc(/C2=N/[O-]->[Pd+2]3(<-[O-]/N=C(/c4ccc(CCCC)cc4)c4ccccn->34)<-n3ccccc32)cc1,C32 H34 N4 O2 Pd1,0.0,CCCCc1ccc(C2=N[O-]->[Pd+2]3(<-[O-]N=C(c4ccc(CCCC)cc4)c4ccccn->34)<-n3ccccc32)cc1,CCCCc1ccc(C2=N[O-]->[Pd+2]3(<-[O-]N=C(c4ccc(CCCC)cc4)c4ccccn->34)<-n3ccccc32)cc1,CCCCc1ccc(C2=N[O-]->[Pd+2]3(<-[O-]N=C(c4ccc(CCCC)cc4)c4ccccn->34)<-n3ccccc32)cc1
GUHREH,,C8 H6 O3 W1,0.0,[O+]#[C-]->[WH+]1234(<-[C-]#[O+])(<-[C-]#[O+])<-c5c->1c->2[cH-]->3c->45,[O+]#[C-]->[WH+]1234(<-[C-]#[O+])(<-[C-]#[O+])<-c5c->1c->2[cH-]->3c->45,[O+]#[C-]->[WH+]1234(<-[C-]#[O+])(<-[C-]#[O+])<-c5c->1c->2[cH-]->3c->45
GUJSOT,C/C1=C(\C)[N-](O)->[Co+3]2(<-[C-]#N)(<-N[C@@H](C)c3ccccc3)(<-N1=O)<-N(=O)/C(C)=C(/C)[N-]->2O,C17 H25 Co1 N6 O4,0.0,CC1C(C)=N(O)->[Co+]2(<-[C-]#N)(<-NC(C)c3ccccc3)(<-N=1[O])<-N([O])=C(C)C(C)=N->2O,CC1=C(C)[N-](O)->[Co+3]2(<-[C-]#N)(<-NC(C)c3ccccc3)(<-N1=O)<-N(=O)C(C)=C(C)[N-]->2O,CC1=C(C)[N-](O)->[Co+3]2(<-[C-]#N)(<-NC(C)c3ccccc3)(<-N1=O)<-N(=O)C(C)=C(C)[N-]->2O
GUKLAA,Nc1ccccc1N->[Ni+2]12(<-Nc3ccccc3N)(<-[O-]N->1=O)<-[O-]N->2=O,C12 H16 N6 Ni1 O4,0.0,O=[N+](=O)->[Ni-2]12(<-Nc3ccccc3N->1)(<-Nc1ccccc1N->2)<-[N+](=O)=O,O=N([O-])->[Ni+2]12(<-Nc3ccccc3N->1)(<-Nc1ccccc1N->2)<-N(=O)[O-],O=N([O-])->[Ni+2]12(<-Nc3ccccc3N->1)(<-Nc1ccccc1N->2)<-N(=O)[O-]
GULPEJ,CN1CCN(C)C2=S->[Pd+2]3(<-S=C21)<-[S-]c1sc(=S)sc1[S-]->3,C9 H10 N2 Pd1 S7,0.0,CN1CCN(C)C2=S->[Pd+2]3(<-S=C21)<-[S-]c1sc(=S)sc1[S-]->3,CN1CCN(C)C2=S->[Pd]3(<-S=C4SC(=S)SC4=S->3)<-S=C21,CN1CCN(C)C2=S->[Pd]3(<-S=C4SC(=S)SC4=S->3)<-S=C21
GUMBEW,,C30 H17 N7 Ni1,0.0,c1ccc2c(c1)C1=Nc3c4ccccc4c4[n-]3->[Ni+2]35<-[c-]6c(cccc6NC6=N->3C(=N4)c3ccccc36)NC2=N->51,c1ccc2c(c1)C1=Nc3c4ccccc4c4[n-]3->[Ni+2]35<-[c-]6c(cccc6NC6=N->3C(=N4)c3ccccc36)NC2=N->51,c1ccc2c(c1)C1=Nc3c4ccccc4c4[n-]3->[Ni+2]35<-[c-]6c(cccc6NC6=N->3C(=N4)c3ccccc36)NC2=N->51
GUPREO,CCN12CC[O-]->[Re+5]<-13(<-[O-2])(<-[O-]CC2)<-S=c1cccc[n-]->31,C11 H17 N2 O3 Re1 S1,0.0,fail,CCN12CC[O-]->[Re+5]<-13(<-[O-2])(<-[O-]CC2)<-S=c1cccc[n-]->31,CCN12CC[O-]->[Re+5]<-13(<-[O-2])(<-[O-]CC2)<-S=c1cccc[n-]->31
GUQFEF,CC(C)[C@@H]1CC[C@@H](C)C[C@H]1n1n[n+](C)c(-c2ccccc2)[c-]1->[Pd+2](<-[I-])(<-[I-])<-n1ccccc1,C24 H32 I2 N4 Pd1,0.0,CC1CCC(C(C)C)C(n2n[n+](C)c(-c3ccccc3)[c]2->[Pd+](<-[I-])(<-[I-])<-n2ccccc2)C1,CC1CCC(C(C)C)C(n2n[n+](C)c(-c3ccccc3)[c-]2->[Pd+2](<-[I-])(<-[I-])<-n2ccccc2)C1,CC1CCC(C(C)C)C(n2n[n+](C)c(-c3ccccc3)[c-]2->[Pd+2](<-[I-])(<-[I-])<-n2ccccc2)C1
GURGIK,CCNC1/N=N2/C3=C([N-]4/N=C(/NCC)[S-]->[Ni@SP3+2]<-2<-4<-S=1)c1cccc2cccc3c12,C18 H18 N6 Ni1 S2,0.0,CCNC1=NN2=C3C(=N4N=C(NCC)[S-]->[Ni+2]<-2<-4<-[S-]1)c1cccc2cccc3c12,CCNC1=N[N-]2C3=C(N4=NC(NCC)=S->[Ni+2]<-4<-2<-[S-]1)c1cccc2cccc3c12,CCNC1=N[N-]2C3=C(N4=NC(NCC)=S->[Ni+2]<-4<-2<-[S-]1)c1cccc2cccc3c12
GUSSAP,CCn1ccn2->[Pd@OH17+2]3(<-[Cl-])<-N(=N\c12)/c1ccc2ccccc2c1[N-]->3c1ccc(Cl)cc1,C21 H17 Cl2 N5 Pd1,0.0,CCn1ccn2->[Pd+2]3(<-[Cl-])<-N(=Nc12)c1ccc2ccccc2c1[N-]->3c1ccc(Cl)cc1,CCn1ccn2->[Pd+2]3(<-[Cl-])<-N(=Nc12)c1ccc2ccccc2c1[N-]->3c1ccc(Cl)cc1,CCn1ccn2->[Pd+2]3(<-[Cl-])<-N(=Nc12)c1ccc2ccccc2c1[N-]->3c1ccc(Cl)cc1
GUTJUC,,C41 H31 F7 Ni1 P2 S1,0.0,Cc1ccc2[S-]->[Ni+2]3(<-[C-](F)(F)C(F)(F)C(F)(F)[C-]->3(F)[P+](c3ccccc3)(c3ccccc3)c3ccccc3)<-P(c3ccccc3)(c3ccccc3)c2c1,Cc1ccc2[S-]->[Ni+2]3(<-C(F)(C(F)(F)C(F)(F)[C-]->3(F)F)=P(c3ccccc3)(c3ccccc3)c3ccccc3)<-P(c3ccccc3)(c3ccccc3)c2c1,Cc1ccc2[S-]->[Ni+2]3(<-C(F)(C(F)(F)C(F)(F)[C-]->3(F)F)=P(c3ccccc3)(c3ccccc3)c3ccccc3)<-P(c3ccccc3)(c3ccccc3)c2c1
GUTNEQ,,C18 H39 Fe1 N1 O3 P2,0.0,CC(C)P1(CCN2CCP(C(C)C)(C(C)C)->[FeH+]<-2<-1(<-[C-]#[O+])<-[O-]C=O)C(C)C,CC(C)P1(CCN2CCP(C(C)C)(C(C)C)->[FeH+]<-2<-1(<-[C-]#[O+])<-[O-]C=O)C(C)C,CC(C)P1(CCN2CCP(C(C)C)(C(C)C)->[FeH+]<-2<-1(<-[C-]#[O+])<-[O-]C=O)C(C)C
GUVNIV,[Cl-]->[Au+]<-[C-]1=[N+](c2ccccc2)N=CC1=P(c1ccccc1)(c1ccccc1)c1ccccc1,C27 H21 Au1 Cl1 N2 P1,0.0,[Cl-]->[Au+]<-[C]1C(=P(c2ccccc2)(c2ccccc2)c2ccccc2)C=NN1c1ccccc1,[Cl-]->[Au+]<-[C-]1=[N+](c2ccccc2)N=CC1=P(c1ccccc1)(c1ccccc1)c1ccccc1,[Cl-]->[Au+]<-[C-]1=[N+](c2ccccc2)N=CC1=P(c1ccccc1)(c1ccccc1)c1ccccc1
GUVYEB,,C22 H38 N2 Zr1,0.0,CCN1=C(C)[N-](C(C)(C)C)->[Zr+2]<-12345678(<-C=C->2(C->3)C->4)<-c1(C)c->5(C)c->6(C)[c-]->7(C)c->81C,CC[N-]1C(C)=N(C(C)(C)C)->[Zr+4]<-12345678(<-C=C->2([CH2-]->3)[CH2-]->4)<-c1(C)c->5(C)c->6(C)[c-]->7(C)c->81C,C=C12[CH2-]->[Zr+4]<-134567(<-[CH2-]2)(<-N(=C(C)[N-]->3CC)C(C)(C)C)<-c1(C)c->4(C)c->5(C)[c-]->6(C)c->71C
GUXCAE,,C24 H21 Cl1 Cu1 N7 1+,1.0,[Cl-]->[Cu+2]123<-n4c(CN->1(Cc1[nH]c5ccccc5n->21)Cc1[nH]c2ccccc2n->31)[nH]c1ccccc14,[Cl-]->[Cu+5]123<-[n-]4c(CN->1(Cc1nc5ccccc5[n-]->21)Cc1nc2ccccc2[n-]->31)nc1ccccc14,[Cl-]->[Cu+5]12<-[n-]3c(CN(Cc4nc5ccccc5[n-]->14)Cc1nc4ccccc4[n-]->21)nc1ccccc13
GUYRIB,C/C1c2cccc3/C(C)=N(/NC(=O)c4ccco4)->[Zn+2](<-O)(<-[Cl-])(<-N=1\NC(=O)c1ccco1)<-n23,C19 H19 Cl1 N5 O5 Zn1 1+,1.0,CC1c2cccc3C(C)=N4NC(=O->[Zn+2]<-45(<-O)(<-[Cl-])(<-O=C(NN->5=1)c1ccco1)<-n23)c1ccco1,CC1c2cccc3C(C)=N4NC(=O->[Zn+2]<-45(<-O)(<-[Cl-])(<-O=C(NN->5=1)c1ccco1)<-n23)c1ccco1,CC1c2cccc3C(C)=N4NC(=O->[Zn+2]<-45(<-O)(<-[Cl-])(<-O=C(NN->5=1)c1ccco1)<-n23)c1ccco1
HABFEV,C[C-]1[CH+](c2ccccc2)->[Ti+4]23456789%10(<-c%11c->2c->3[cH-]->4c->5%11)(<-c2c->6c->7[cH-]->8c->92)<-[CH-]1[N-]->%10C1CCCCC1,C26 H31 N1 Ti1,0.0,CC1=C[N-](C2CCCCC2)->[Ti+4]23456789(<-c%10c->2c->3[cH-]->4c->5%10)(<-c2c->6c->7[cH-]->8c->92)<-[CH-]1c1ccccc1,CC1C=N(C2CCCCC2)->[Ti+2]23456789(<-C=1c1ccccc1)(<-c1c->2c->3[cH-]->4c->51)<-c1c->6c->7[cH-]->8c->91,CC1C=N(C2CCCCC2)->[Ti+2]23456789(<-C=1c1ccccc1)(<-c1c->2c->3[cH-]->4c->51)<-c1c->6c->7[cH-]->8c->91
HACBUI,C/C=C/C1=C2/C3=C(\C#N)->[Fe]<-3<-1<-2(<-[C-]#[O+])(<-[C-]#[O+])<-P(c1ccccc1)(c1ccccc1)c1ccccc1,C28 H24 Fe1 N1 O2 P1,0.0,CC=CC1=C2C3=C(C#N)->[Fe]<-1<-3<-2(<-[C-]#[O+])(<-[C-]#[O+])<-P(c1ccccc1)(c1ccccc1)c1ccccc1,CC=C[CH-]1C2=C3[CH-](C#N)->[Fe+2]<-3<-2<-1(<-[C-]#[O+])(<-[C-]#[O+])<-P(c1ccccc1)(c1ccccc1)c1ccccc1,CC=C[CH-]1C2=C3[CH-](C#N)->[Fe+2]<-3<-2<-1(<-[C-]#[O+])(<-[C-]#[O+])<-P(c1ccccc1)(c1ccccc1)c1ccccc1
HACVUC,C/[C-]1=[C-](\C)->[W+6]<-123(<-[Cl-])(<-[C-]#[O+])(<-[C-](/C)=[C-]->2/C)<-n1ccccc1-c1ccccn->31,C19 H20 Cl1 N2 O1 W1 1+,1.0,CC1#C(C)->[W+2]<-123(<-[Cl-])(<-[C-]#[O+])(<-C(C)#C->2C)<-n1ccccc1-c1ccccn->31,CC1#C(C)->[W+2]<-123(<-[Cl-])(<-[C-]#[O+])(<-C(C)#C->2C)<-n1ccccc1-c1ccccn->31,CC1#C(C)->[W+2]<-123(<-[Cl-])(<-[C-]#[O+])(<-C(C)#C->2C)<-n1ccccc1-c1ccccn->31
HADTEM,,C33 H37 Cl2 N1 O2 P2 Ru1,0.0,CCOC(=O)[CH-2]->[Ru+4]12(<-[Cl-])(<-[Cl-])<-N(C)(CCP->1(c1ccccc1)c1ccccc1)CCP->2(c1ccccc1)c1ccccc1,CCOC(=O)[CH]->[Ru+2]12(<-[Cl-])(<-[Cl-])<-N(C)(CCP->1(c1ccccc1)c1ccccc1)CCP->2(c1ccccc1)c1ccccc1,CCOC(=O)[CH]->[Ru+2]12(<-[Cl-])(<-[Cl-])<-N(C)(CCP->1(c1ccccc1)c1ccccc1)CCP->2(c1ccccc1)c1ccccc1
HAFJIK,Cc1cc(C)c(N2CCN(c3c(C)cc(C)cc3C)[C]2->[Ru+4]23(<-[CH-]=C4C=C[CH-]C=C4I->2)<-[S-]c2ccccc2[S-]->3)c(C)c1,C34 H35 I1 N2 Ru1 S2,0.0,fail,Cc1cc(C)c(N2CCN(c3c(C)cc(C)cc3C)[C]2->[Ru+4]2(<-[I-])(<-[CH]c3[c-]cccc3)<-[S-]c3ccccc3[S-]->2)c(C)c1,Cc1cc(C)c(N2CCN(c3c(C)cc(C)cc3C)[C]2->[Ru+4]2(<-[I-])(<-[CH]c3[c-]cccc3)<-[S-]c3ccccc3[S-]->2)c(C)c1
HAGJUX,CC(C)(C)c1cc2/C=N3/CCN4Cc5ccccn5->[Zn+2]<-3(<-[O-]c2c(C(C)(C)C)c1)<-n1ccccc1C4,C29 H37 N4 O1 Zn1 1+,1.0,CC(C)(C)c1cc2C=N3CCN45Cc6ccccn6->[Zn+2]<-3<-4(<-[O-]c2c(C(C)(C)C)c1)<-n1ccccc1C5,CC(C)(C)c1cc2C=N3CCN45Cc6ccccn6->[Zn+2]<-3<-4(<-[O-]c2c(C(C)(C)C)c1)<-n1ccccc1C5,CC(C)(C)c1cc2C=N3CCN45Cc6ccccn6->[Zn+2]<-3<-4(<-[O-]c2c(C(C)(C)C)c1)<-n1ccccc1C5
HAHHOO,C/C1C/C(C)=N2\N=C(\Nc3ccccc3)[S-]->[Ni@SP3+2]<-23<-S=C(Nc2ccccc2)[N-]->3/N=1,C19 H20 N6 Ni1 S2,0.0,CC1CC(C)=N2N=C(Nc3ccccc3)[S-]->[Ni+2]<-23<-[S-]C(Nc2ccccc2)=N->3N=1,CC1CC(C)=N2N=C(Nc3ccccc3)[S-]->[Ni+2]<-23<-S=C(Nc2ccccc2)[N-]->3N=1,CC1CC(C)=N2N=C(Nc3ccccc3)[S-]->[Ni+2]<-23<-S=C(Nc2ccccc2)[N-]->3N=1
HAJHUV,CO[P@OH17](OC)(OC)->[Re+](<-[C-]#[O+])(<-[C-]#[O+])(<-[C-]#[O+])(<-[C-]#[O+])<-[C-]1(c2ccccc2)C(=O)C(c2ccccc2)=C1c1ccccc1,C29 H24 O8 P1 Re1,0.0,COP(OC)(OC)->[Re+](<-[C-]#[O+])(<-[C-]#[O+])(<-[C-]#[O+])(<-[C-]#[O+])<-[C-]1(c2ccccc2)C(=O)C(c2ccccc2)=C1c1ccccc1,COP(OC)(OC)->[Re+](<-[C-]#[O+])(<-[C-]#[O+])(<-[C-]#[O+])(<-[C-]#[O+])<-[C-]1(c2ccccc2)C(=O)C(c2ccccc2)=C1c1ccccc1,COP(OC)(OC)->[Re+](<-[C-]#[O+])(<-[C-]#[O+])(<-[C-]#[O+])(<-[C-]#[O+])<-[C-]1(c2ccccc2)C(=O)C(c2ccccc2)=C1c1ccccc1
HAKCUR,,C11 H28 O2 P3 Re1,0.0,CP(C)(C)->[ReH](<-[C-]#[O+])(<-[C-]#[O+])(<-P(C)(C)C)<-P(C)(C)C,CP(C)(C)->[ReH](<-[C-]#[O+])(<-[C-]#[O+])(<-P(C)(C)C)<-P(C)(C)C,CP(C)(C)->[ReH](<-[C-]#[O+])(<-[C-]#[O+])(<-P(C)(C)C)<-P(C)(C)C
HAKQAM,,C11 H8 Cr1 N2 O2 S1,0.0,fail,[O+]#[C-]->[Cr+2]12345(<-[C-]#[O+])(<-S=c6nccc[n-]->16)<-c1c->2c->3[cH-]->4c->51,O=C1=C(=O)->[Cr+2]<-123456(<-S=c1nccc[n-]->21)<-c1c->3c->4[cH-]->5c->61
HALPER,COC(=O)[C@H](F)C[C@H]1C(=O)[O-]->[Ni@SP2+2]23<-N(/C(=O)[C@@H]4CCCN->24Cc2ccccc2)=C2/C=CC=C/C2=C(\c2ccccc2)[N-]->31,C31 H30 F1 N3 Ni1 O5,0.0,COC(=O)C(F)CC1C(=O)[O-]->[Ni+2]23<-N1=C(c1ccccc1)c1ccccc1[N-]->2C(=O)C1CCCN->31Cc1ccccc1,COC(=O)C(F)CC1C(=O)[O-]->[Ni+2]23<-N(C(=O)C4CCCN->24Cc2ccccc2)=C2C=CC=CC2=C(c2ccccc2)[N-]->31,COC(=O)C(F)CC1C(=O)[O-]->[Ni+2]23<-N(C(=O)C4CCCN->24Cc2ccccc2)=C2C=CC=CC2=C(c2ccccc2)[N-]->31
HAMJEN,COc1ccc(N/C=C2\C(=O->[Zn+2](<-[Cl-])(<-[Cl-])<-O=C3C=Cc4ccccc4/C3=C/Nc3ccc(OC)cc3)C=Cc3ccccc32)cc1,C36 H30 Cl2 N2 O4 Zn1,0.0,COc1ccc([NH+]=Cc2c([O-]->[Zn+2](<-[Cl-])(<-[Cl-])<-[O-]c3ccc4ccccc4c3C=[NH+]c3ccc(OC)cc3)ccc3ccccc23)cc1,COc1ccc(NC=C2C(=O->[Zn+2](<-[Cl-])(<-[Cl-])<-O=C3C=Cc4ccccc4C3=CNc3ccc(OC)cc3)C=Cc3ccccc32)cc1,COc1ccc(NC=C2C(=O->[Zn+2](<-[Cl-])(<-[Cl-])<-O=C3C=Cc4ccccc4C3=CNc3ccc(OC)cc3)C=Cc3ccccc32)cc1
HANGAH,O=N1c2c(-c3ccccc3)oc3ccccc3c2=O->[Ru+4]<-12(<-[Cl-])(<-[Cl-])<-[O-]C1=C([N-]->2O)[C@@H](c2ccccc2)Oc2ccccc21,C30 H20 Cl2 N2 O6 Ru1,0.0,[O][N-]1c2c(-c3ccccc3)oc3ccccc3c2=O->[Ru+3]<-12(<-[Cl-])(<-[Cl-])<-O=C1C(=N->2O)C(c2ccccc2)Oc2ccccc21,O=N1c2c(-c3ccccc3)oc3ccccc3c2=O->[Ru+4]<-12(<-[Cl-])(<-[Cl-])<-[O-]C1=C([N-]->2O)C(c2ccccc2)Oc2ccccc21,O=N1c2c(-c3ccccc3)oc3ccccc3c2=O->[Ru+4]<-12(<-[Cl-])(<-[Cl-])<-[O-]C1=C([N-]->2O)C(c2ccccc2)Oc2ccccc21
HANWAU,,C15 H35 Cl1 Ir1 P3,0.0,CC#C[C-](=CC)->[IrH+2](<-[Cl-])(<-P(C)(C)C)(<-P(C)(C)C)<-P(C)(C)C,CC#C[C-](=CC)->[IrH+2](<-[Cl-])(<-P(C)(C)C)(<-P(C)(C)C)<-P(C)(C)C,CC#C[C-](=CC)->[IrH+2](<-[Cl-])(<-P(C)(C)C)(<-P(C)(C)C)<-P(C)(C)C
HAPSUM,c1ccc(P2(CCP(c3ccccc3)(c3ccccc3)->[Pt+2]<-23456<-c2c->3c->4[cH-]->5c->62)c2ccccc2)cc1,C31 H29 P2 Pt1 1+,1.0,c1ccc(P2(CCP(c3ccccc3)(c3ccccc3)->[Pt+2]<-23456<-c2c->3c->4[cH-]->5c->62)c2ccccc2)cc1,c1ccc(P2(CCP(c3ccccc3)(c3ccccc3)->[Pt+2]<-23456<-c2c->3c->4[cH-]->5c->62)c2ccccc2)cc1,c1ccc(P2(CCP(c3ccccc3)(c3ccccc3)->[Pt+2]<-23456<-c2c->3c->4[cH-]->5c->62)c2ccccc2)cc1
HARWOO,CC(C)N([C](Nc1ccc2ccccc2c1-c1c(-c2ccccc2)ccc2ccccc12)->[Au+]<-[Cl-])C(C)C,C33 H32 Au1 Cl1 N2,0.0,CC(C)N([C](Nc1ccc2ccccc2c1-c1c(-c2ccccc2)ccc2ccccc12)->[Au+]<-[Cl-])C(C)C,CC(C)N([C](Nc1ccc2ccccc2c1-c1c(-c2ccccc2)ccc2ccccc12)->[Au+]<-[Cl-])C(C)C,CC(C)N([C](Nc1ccc2ccccc2c1-c1c(-c2ccccc2)ccc2ccccc12)->[Au+]<-[Cl-])C(C)C
HASWON,,C15 H24 Cl1 Mo1 O4 P1,0.0,COP(OC)(OC)->[Mo+2]12345(<-[Cl-])(<-C6=C->1C(C)C(C)C6=O)<-c1c->2c->3[cH-]->4c->51,COP(OC)(OC)->[MoH+3]12345(<-[Cl-])(<-C6=C(C)C(C)C(=O)[CH-]->16)<-c1c->2c->3[cH-]->4c->51,COP(OC)(OC)->[MoH+3]123456(<-[Cl-])(<-C7=C->1(C)C(C)C(=O)[CH-]->27)<-c1c->3c->4[cH-]->5c->61
HATSAZ,Oc1ccccc1/C=N1/NC(Cc2ccccc2)=O->[Ag+]<-12<-O=C(Cc1ccccc1)N/N->2=C/c1ccccc1O,C30 H28 Ag1 N4 O4 1+,1.0,C1c2ccccc2O->[Ag+]234(<-O=C(Cc5ccccc5)NN->2=1)<-O=C(Cc1ccccc1)NN->3=Cc1ccccc1O->4,C1c2ccccc2O->[Ag+]234(<-O=C(Cc5ccccc5)NN->2=1)<-O=C(Cc1ccccc1)NN->3=Cc1ccccc1O->4,C1c2ccccc2O->[Ag+]234(<-O=C(Cc5ccccc5)NN->2=1)<-O=C(Cc1ccccc1)NN->3=Cc1ccccc1O->4
HAVKOH,,C39 H34 Cu1 N3 P2 S1,0.0,CNC1=NN2=Cc3ccccc3P(c3ccccc3)(c3ccccc3)->[Cu+]<-2(<-[S-]1)<-P(c1ccccc1)(c1ccccc1)c1ccccc1,CNC1=NN2=Cc3ccccc3P(c3ccccc3)(c3ccccc3)->[Cu+]<-2(<-[S-]1)<-P(c1ccccc1)(c1ccccc1)c1ccccc1,CNC1=NN2C=c3ccccc3=P2(c2ccccc2)(c2ccccc2)->[Cu+](<-[S-]1)<-P(c1ccccc1)(c1ccccc1)c1ccccc1
HAVZEM,C[N-](C)->[Ta+5]12(<-[CH-]([C-]3[CH-][CH+][CH+][CH+][C+]3[N-]->1c1ccccc1)P(Cc1ccccc1[N-]->2c1ccccc1)[C-]1[CH-][CH+][CH+][CH-][CH-]1)<-[N-](C)C,C36 H38 N4 P1 Ta1,0.0,C[N-](C)->[Ta+5]12(<-[CH-](c3ccccc3[N-]->1c1ccccc1)P(Cc1ccccc1[N-]->2c1ccccc1)c1ccccc1)<-[N-](C)C,C[N-](C)->[Ta+5]12(<-[CH-](c3ccccc3[N-]->1c1ccccc1)P(Cc1ccccc1[N-]->2c1ccccc1)c1ccccc1)<-[N-](C)C,C[N-](C)->[Ta+5]12(<-[CH-](c3ccccc3[N-]->1c1ccccc1)P(Cc1ccccc1[N-]->2c1ccccc1)c1ccccc1)<-[N-](C)C
HAWXOU,C/C1=C/c2ccccn2->[Pd+2]2(<-[O-]1)<-[O-]/C(C)=C\c1ccccn->21,C16 H16 N2 O2 Pd1,0.0,CC1=Cc2ccccn2->[Pd+2]2(<-[O-]1)<-[O-]C(C)=Cc1ccccn->21,CC1=Cc2ccccn2->[Pd+2]2(<-[O-]1)<-[O-]C(C)=Cc1ccccn->21,CC1=Cc2ccccn2->[Pd+2]2(<-[O-]1)<-[O-]C(C)=Cc1ccccn->21
HAXXIP,CC1=CC=C/C2=C/N3=N/C(SCc4ccccc4)=S->[Zn+2]<-345(<-S=C(/N=N->4/C=C3/C=CC=C(C)[N-]->53)SCc3ccccc3)<-[N-]12,C30 H28 N6 S4 Zn1,0.0,Cc1cccc2C=N3N=C(SCc4ccccc4)[S-]->[Zn+2]<-345(<-[S-]C(=NN->4=Cc3cccc(C)n->53)SCc3ccccc3)<-n12,CC1=CC=CC2=CN3=NC(SCc4ccccc4)=S->[Zn+2]<-345(<-S=C(N=N->4C=C3C=CC=C(C)[N-]->53)SCc3ccccc3)<-[N-]12,CC1=CC=CC2=CN3=NC(SCc4ccccc4)=S->[Zn+2]<-345(<-S=C(N=N->4C=C3C=CC=C(C)[N-]->53)SCc3ccccc3)<-[N-]12
HAYQEE,NCC[S-]->[Hg+2]<-[S-]CCN,C4 H12 Hg1 N2 S2,0.0,C1C[S-]->[Hg+2]2(<-N1)<-NCC[S-]->2,NCC[S-]->[Hg+2]<-[S-]CCN,NCC[S-]->[Hg+2]<-[S-]CCN
HEBBAS,CN(C)/C(C#[C-]->[Cr](<-[C-]#[O+])(<-[C-]#[O+])(<-[C-]#[O+])(<-[C-]#[O+])<-[C-]#[O+])=[O+]/[C@@H]1C[C@@H]2CC[C@@]1(C)C2(C)C,C20 H23 Cr1 N1 O6,0.0,CN(C)C(=C=[C-2]->[Cr+2](<-[C-]#[O+])(<-[C-]#[O+])(<-[C-]#[O+])(<-[C-]#[O+])<-[C-]#[O+])OC1CC2CCC1(C)C2(C)C,CN(C)C(C#[C-]->[Cr](<-[C-]#[O+])(<-[C-]#[O+])(<-[C-]#[O+])(<-[C-]#[O+])<-[C-]#[O+])=[O+]C1CC2CCC1(C)C2(C)C,CN(C)C(C#[C-]->[Cr](<-[C-]#[O+])(<-[C-]#[O+])(<-[C-]#[O+])(<-[C-]#[O+])<-[C-]#[O+])=[O+]C1CC2CCC1(C)C2(C)C
HECMEI,O=C(O)c1cccc2C(=O)[O-]->[Zn+2]3(<-O)(<-[O-]C(=O)c4cccc(C(=O)O)n->34)<-n12,C14 H10 N2 O9 Zn1,0.0,O=C(O)c1cccc2C(=O)[O-]->[Zn+2]34(<-O)(<-O=C(O)c5cccc(C(=O)[O-]->3)n->45)<-n12,O=C(O)c1cccc2C(=O)[O-]->[Zn+2]3(<-O)(<-[O-]C(=O)c4cccc(C(=O)O)n->34)<-n12,O=C(O)c1cccc2C(=O)[O-]->[Zn+2]3(<-O)(<-[O-]C(=O)c4cccc(C(=O)O)n->34)<-n12
HECWUJ,,C22 H49 N3 O1 Os1 P2,0.0,CC(C)P(C(C)C)(C(C)C)->[OsH3+]1(<-[O-]c2nc(N)ccn->12)<-P(C(C)C)(C(C)C)C(C)C,CC(C)P(C(C)C)(C(C)C)->[OsH3+]1(<-[O-]c2nc(N)ccn->12)<-P(C(C)C)(C(C)C)C(C)C,CC(C)P(C(C)C)(C(C)C)->[OsH3+]1(<-[O-]c2nc(N)ccn->12)<-P(C(C)C)(C(C)C)C(C)C
HEDGII,C/[C-]1=[C-](\c2ccccc2)->[Pt@TB7+2]<-12<-P(CCP->2(C(C)(C)C)C(C)(C)C)(C(C)(C)C)C(C)(C)C,C27 H48 P2 Pt1,0.0,CC1#C(c2ccccc2)->[Pt]<-12<-P(CCP->2(C(C)(C)C)C(C)(C)C)(C(C)(C)C)C(C)(C)C,CC1#C(c2ccccc2)->[Pt]<-12<-P(CCP->2(C(C)(C)C)C(C)(C)C)(C(C)(C)C)C(C)(C)C,CC1#C(c2ccccc2)->[Pt]<-12<-P(CCP->2(C(C)(C)C)C(C)(C)C)(C(C)(C)C)C(C)(C)C
HEDTUF,[I-]->[Hg+2](<-[I-])(<-n1c(/C=C/c2ccccc2)sc2ccccc21)<-n1c(/C=C/c2ccccc2)sc2ccccc21,C30 H22 Hg1 I2 N2 S2,0.0,fail,[I-]->[Hg+2](<-[I-])(<-n1c(C=Cc2ccccc2)sc2ccccc21)<-n1c(C=Cc2ccccc2)sc2ccccc21,C(=Cc1nc2ccccc2s1)c1ccccc1.C(=Cc1nc2ccccc2s1)c1ccccc1.[I-]->[Hg+2]<-[I-]
HEFJEJ,,C14 H26 N2 O1 Zn1,0.0,CC(C)(C)N1Cc2ccc[n-]2->[Zn+2]<-1(<-[CH3-])<-O1CCCC1,CC(C)(C)N1Cc2ccc[n-]2->[Zn+2]<-1(<-[CH3-])<-O1CCCC1,C1CCOC1.CC(C)(C)N1->[Zn+2](<-[CH3-])<-[n-]2cccc2C1
HEGGEI,CCN(CC)C(=S)[S-]->[Hg+2]<-[c-]1ccccc1CN(C)C,C14 H22 Hg1 N2 S2,0.0,CCN(CC)C(=S)[S-]->[Hg+2]<-[c-]1ccccc1CN(C)C,CCN(CC)C(=S)[S-]->[Hg+2]<-[c-]1ccccc1CN(C)C,CCN(CC)C1=S->[Hg+2](<-[S-]1)<-[c-]1ccccc1CN(C)C
HEHGIK,,C20 H21 Cl1 N2 O4 Pt1,0.0,COC(=O)C1=C(C(=O)OC)->[PtH+]<-12(<-[Cl-])<-n1c(C)ccc3ccc4ccc(C)n->2c4c31,COC(=O)C1=C(C(=O)OC)->[PtH+]<-12(<-[Cl-])<-n1c(C)ccc3ccc4ccc(C)n->2c4c31,COC(=O)C1=C(C(=O)OC)->[PtH+]<-12(<-[Cl-])<-n1c(C)ccc3ccc4ccc(C)n->2c4c31
HEJXUS,CC(C)[N-]1/N2=N(/C(C)(C)C)->[Fe+2]<-2<-1345(<-N(=N->3\C(C)(C)C)/[N-]->4C(C)C)<-N(C)(C)CCN->5(C)C,C20 H48 Fe1 N8,0.0,CC(C)N1=N[N-](C(C)(C)C)->[Fe+2]<-123(<-N(=N[N-]->2C(C)(C)C)C(C)C)<-N(C)(C)CCN->3(C)C,CC(C)[N-]1N=N(C(C)(C)C)->[Fe+2]<-123(<-N(=N[N-]->2C(C)C)C(C)(C)C)<-N(C)(C)CCN->3(C)C,CC(C)[N-]1N=N(C(C)(C)C)->[Fe+2]<-123(<-N(=N[N-]->2C(C)C)C(C)(C)C)<-N(C)(C)CCN->3(C)C
HELHUB,O=N([O-])->[Co+3]123(<-NCCS->1CCS->2CCN->3)<-N(=O)[O-],C6 H16 Co1 N4 O4 S2 1+,1.0,O=[N+](=O)->[Co-]123(<-NCCS->1CCS->2CCN->3)<-[N+](=O)=O,O=N([O-])->[Co+3]123(<-NCCS->1CCS->2CCN->3)<-N(=O)[O-],O=N([O-])->[Co+3]123(<-NCCS->1CCS->2CCN->3)<-N(=O)[O-]
HENCIN,[H][P@TB3](c1ccccc1)(c1ccccc1)->[Cr](<-[C-]#[O+])(<-[C-]#[O+])(<-[C-]#[O+])(<-[C-]#[O+])<-[C-]#[O+],C17 H11 Cr1 O5 P1,0.0,[O+]#[C-]->[Cr](<-[C-]#[O+])(<-[C-]#[O+])(<-[C-]#[O+])(<-[C-]#[O+])<-P(c1ccccc1)c1ccccc1,[O+]#[C-]->[Cr](<-[C-]#[O+])(<-[C-]#[O+])(<-[C-]#[O+])(<-[C-]#[O+])<-P(c1ccccc1)c1ccccc1,[O+]#[C-]->[Cr](<-[C-]#[O+])(<-[C-]#[O+])(<-[C-]#[O+])(<-[C-]#[O+])<-P(c1ccccc1)c1ccccc1
HEPSAW,[H]/C=C\C12[CH2-]->[Co+]<-1(<-[C-]#[O+])(<-[C-]#[O+])(<-C=2=O)<-P(c1ccccc1)(c1ccccc1)c1ccccc1,C25 H20 Co1 O3 P1,0.0,fail,C=CC12=C->[Co+]<-1(<-[C-]#[O+])(<-[C-]#[O+])(<-[C-]2=O)<-P(c1ccccc1)(c1ccccc1)c1ccccc1,C=CC12=C->[Co+]<-1(<-[C-]#[O+])(<-[C-]#[O+])(<-[C-]2=O)<-P(c1ccccc1)(c1ccccc1)c1ccccc1
HERFAM,C/C1=C(\C)[N-]2CC/N3=C(C)/C(C)=N(/O)->[Co+3]<-3<-2(<-[Cl-])(<-[Cl-])<-N1=O,C10 H17 Cl2 Co1 N4 O2,0.0,CC1C(C)=N2CCN3=C(C)C(C)=N(O)->[Co+2]<-2<-3(<-[Cl-])(<-[Cl-])<-N=1[O],CC1=C(C)[N-]2CCN3=C(C)C(C)=N(O)->[Co+3]<-3<-2(<-[Cl-])(<-[Cl-])<-N1=O,CC1=C(C)[N-]2CCN3=C(C)C(C)=N(O)->[Co+3]<-3<-2(<-[Cl-])(<-[Cl-])<-N1=O
HERVIM,CC(C)(C)C1/C=C(\[O-]->[Ir+3]23(<-O=1)(<-[c-]1ccccc1-c1c4ccccc4ccn->21)<-[c-]1ccccc1-c1c2ccccc2ccn->31)C(C)(C)C,C41 H39 Ir1 N2 O2,0.0,fail,CC(C)(C)C1=CC(=O->[Ir+3]23(<-[O-]1)(<-[c-]1ccccc1-c1c4ccccc4ccn->21)<-[c-]1ccccc1-c1c2ccccc2ccn->31)C(C)(C)C,CC(C)(C)C1=CC(=O->[Ir+3]23(<-[O-]1)(<-[c-]1ccccc1-c1c4ccccc4ccn->21)<-[c-]1ccccc1-c1c2ccccc2ccn->31)C(C)(C)C
HETDAL,,C32 H36 N4 Ni1,0.0,CC(C)c1c2n3->[Ni+2]45<-n6c(c(C(C)C)c7ccc1[n-]->47)C=Cc6c(C(C)C)c1ccc(c(C(C)C)c3C=C2)[n-]->51,CC(C)c1c2n3->[Ni+2]45<-n6c(c(C(C)C)c7ccc1[n-]->47)C=Cc6c(C(C)C)c1ccc(c(C(C)C)c3C=C2)[n-]->51,CC(C)c1c2n3->[Ni+2]45<-n6c(c(C(C)C)c7ccc1[n-]->47)C=Cc6c(C(C)C)c1ccc(c(C(C)C)c3C=C2)[n-]->51
HEVCOB,,C26 H22 Cl2 O4 Ti1,0.0,[Cl-]->[Ti+4]12345678(<-[Cl-])(<-c9c->1[cH-]->2c->3(Cc1ccc2c(c1)OCO2)c->49)<-c1c->5c->6(Cc2ccc3c(c2)OCO3)c->7[cH-]->81,[Cl-]->[Ti+4]12345678(<-[Cl-])(<-c9c->1[cH-]->2c->3(Cc1ccc2c(c1)OCO2)c->49)<-c1c->5[cH-]->6c->7(Cc2ccc3c(c2)OCO3)c->81,[Cl-]->[Ti+4]12345678(<-[Cl-])(<-c9c->1[cH-]->2c->3(Cc1ccc2c(c1)OCO2)c->49)<-c1c->5[cH-]->6c->7(Cc2ccc3c(c2)OCO3)c->81
HEWCIW,,C18 H42 Ag1 N1 O3 P2,0.0,CC(C)P(C(C)C)(C(C)C)->[Ag+](<-[O-][N+](=O)[O-])<-P(C(C)C)(C(C)C)C(C)C,CC(C)P(C(C)C)(C(C)C)->[Ag+](<-[O-][N+](=O)[O-])<-P(C(C)C)(C(C)C)C(C)C,CC(C)P(C(C)C)(C(C)C)->[Ag+]1(<-[O-][N+](=O)[O-]->1)<-P(C(C)C)(C(C)C)C(C)C
HEXJOL,C/C1=c2\ccccc2=C(=Nc2c(C)cccc2C)->[Pd@TB5+2]2(<-[Cl-])<-n3ccccc3CO[N-]->21,C23 H22 Cl1 N3 O1 Pd1,0.0,CC1c2ccccc2[C-](=Nc2c(C)cccc2C)->[Pd+2]2(<-[Cl-])<-N=1OCc1ccccn->21,CC1=c2ccccc2=C(=Nc2c(C)cccc2C)->[Pd+2]2(<-[Cl-])<-n3ccccc3CO[N-]->21,CC1=c2ccccc2=C(=Nc2c(C)cccc2C)->[Pd+2]2(<-[Cl-])<-n3ccccc3CO[N-]->21
HEYVOX,,C14 H24 N6 Ni1 S2,0.0,NC1=NN(=C2CCCCC2)->[Ni+2]2(<-[S-]1)<-[S-]C(N)=NN->2=C1CCCCC1,NC1=N[N-](C2=C=[C-][C]CC2)->[Ni+6]2(<-[S-]1)<-[S-]C(N)=N[N-]->2C1=C=[C-][C]CC1,NC1=N[N-]2C3=C4(C56->[Ni+2]<-2<-47(<-S=C(N)N=N->7C=5CCC#C6)<-[S-]1)C#CCC3
HEZFEX,CC1=O->[Co+3]23(<-[O-]1)(<-N1=C(/C(C#N)=C4/CCC[N-]->24)CCC1)<-N1=C(/C(C#N)=C2/CCC[N-]->32)CCC1,C22 H27 Co1 N6 O2,0.0,fail,CC12=O->[Co+3]<-134(<-[O-]2)(<-N1=C(C(C#N)=C2CCC[N-]->32)CCC1)<-N1=C(C(C#N)=C2CCC[N-]->42)CCC1,CC12=O->[Co+3]<-134(<-[O-]2)(<-N1=C(C(C#N)=C2CCC[N-]->32)CCC1)<-N1=C(C(C#N)=C2CCC[N-]->42)CCC1
HEZXAO,c1ccc2c(c1)[C@H]1[N-]3[CH-][CH-][CH-][N-]4C5[c+]6[cH+][cH+][cH+][cH+][c-]6[CH-]6->[Ru+4]<-4<-37(<-[CH+]6[c-]3[cH-][cH-][cH-][cH+][c-]35)<-[CH-]2[CH-]->7[C+]2[CH+][CH+][CH+][CH-][C-]21,C33 H25 N2 Ru1 1-,-1.0,C1=C[N-]2C3c4ccccc4C4->[Ru]<-256(<-C2=C->5c5ccccc5C(N->6=C1)c1ccccc12)<-C=4c1ccccc13,C1=C[N-]2C3c4ccccc4C4->[Ru]<-256(<-C2=C->5c5ccccc5C(N->6=C1)c1ccccc12)<-C=4c1ccccc13,C1=C[N-]2C3c4ccccc4C4->[Ru]<-256(<-C2=C->5c5ccccc5C(N->6=C1)c1ccccc12)<-C=4c1ccccc13
HIBXOG,CP(c1ccccc1)(c1ccccc1)->[Re+]1(<-[C-]#[O+])(<-[C-]#[O+])(<-[C-]#[O+])<-[Se]=P(N=P([Se-]->1)(c1ccccc1)c1ccccc1)(c1ccccc1)c1ccccc1,C40 H33 N1 O3 P3 Re1 Se2,0.0,fail,CP(c1ccccc1)(c1ccccc1)->[Re+]1(<-[C-]#[O+])(<-[C-]#[O+])(<-[C-]#[O+])<-[Se-]P(=[N+]=P([Se-]->1)(c1ccccc1)c1ccccc1)(c1ccccc1)c1ccccc1,CP(c1ccccc1)(c1ccccc1)->[Re+]1(<-[C-]#[O+])(<-[C-]#[O+])(<-[C-]#[O+])<-[Se-]P(=[N+]=P([Se-]->1)(c1ccccc1)c1ccccc1)(c1ccccc1)c1ccccc1
HIDCEF,,C36 H33 Mn1 N4 O5,0.0,CCNc1cc2c(cc1C)C1(c3cc(C)c(NCC)cc3O2)c2ccccc2C(=O)N1N=C(C)c12->[Mn+]345(<-[C-]#[O+])(<-[C-]#[O+])(<-[C-]#[O+])<-c(c->3[cH-]->41)c->52,CCNc1cc2c(cc1C)C1(c3cc(C)c(NCC)cc3O2)c2ccccc2C(=O)N1N=C(C)[c-]12->[Mn+]345(<-[C-]#[O+])(<-[C-]#[O+])(<-[C-]#[O+])<-c(c->3c->41)c->52,CCNc1cc2c(cc1C)C1(c3cc(C)c(NCC)cc3O2)c2ccccc2C(=O)N1N=C(C)[c-]12->[Mn+]345(<-[C-]#[O+])(<-[C-]#[O+])(<-[C-]#[O+])<-c(c->3c->41)c->52
HIDMIR,COc1ccccc1-c1cc(-c2ccccc2OC)n2->[Re+5]3(<-[O-2])(<-[Cl-])(<-[Cl-])<-[O-]C(=O)C(n12)n1c(-c2ccccc2OC)cc(-c2ccccc2OC)n->31,C36 H31 Cl2 N4 O7 Re1,0.0,COc1ccccc1-c1cc(-c2ccccc2OC)[n-]2->[Re+5]3(<-[O-2])(<-[Cl-])(<-[Cl-])<-[O-]C(=O)C([n+]12)[n+]1c(-c2ccccc2OC)cc(-c2ccccc2OC)[n-]->31,COc1ccccc1-c1cc(-c2ccccc2OC)n2->[Re+5]3(<-[O-2])(<-[Cl-])(<-[Cl-])<-[O-]C(=O)C(n12)n1c(-c2ccccc2OC)cc(-c2ccccc2OC)n->31,COc1ccccc1-c1cc(-c2ccccc2OC)n2->[Re+5]3(<-[O-2])(<-[Cl-])(<-[Cl-])<-[O-]C(=O)C(n12)n1c(-c2ccccc2OC)cc(-c2ccccc2OC)n->31
HIGBEF,CS(C)(=O)->[Pt@+2]1(<-[Cl-])<-[c-]2cc(F)ccc2-c2ccccn->12,C13 H13 Cl1 F1 N1 O1 Pt1 S1,0.0,CS(C)(=O)->[Pt+2]1(<-[Cl-])<-[c-]2cc(F)ccc2-c2ccccn->12,CS(C)(=O)->[Pt+2]1(<-[Cl-])<-[c-]2cc(F)ccc2-c2ccccn->12,CS(C)(=O)->[Pt+2]1(<-[Cl-])<-[c-]2cc(F)ccc2-c2ccccn->12
HIGHOX,Cn1cc[n+]2CC[c-]34->[Sc+3]567(<-[CH2-][Si](C)(C)C)(<-[CH2-][Si](C)(C)C)(<-[c-]12)<-c1(ccccc->513)c->61ccccc->714,C27 H39 N2 Sc1 Si2,0.0,CN1C=CN2CC[c-]34->[Sc+3]567(<-[CH2-][Si](C)(C)C)(<-[CH2-][Si](C)(C)C)(<-[C]12)<-c1(ccccc->513)c->61ccccc->714,C[n+]1ccn2CCc34->[Sc+3]567(<-[CH2-][Si](C)(C)C)(<-[CH2-][Si](C)(C)C)(<-[c-]21)<-c31ccccc->51c->61cccc[c-]->741,C[n+]1ccn2CCc34->[Sc+3]56(<-[CH2-][Si](C)(C)C)(<-[CH2-][Si](C)(C)C)(<-[c-]21)<-c1(ccccc31)[c-]->51ccccc->641
HIGXAW,CO->[Mo+6]12(<-[O-2])(<-[O-2])<-[O-]/C(=C\C(C)=N->1\N=C(/[O-]->2)c1cccc2ccccc12)c1ccccc1,C22 H20 Mo1 N2 O5,0.0,CO->[Mo+6]12(<-[O-2])(<-[O-2])<-[O-]C(=CC(C)=N->1N=C([O-]->2)c1cccc2ccccc12)c1ccccc1,CO->[Mo+6]12(<-[O-2])(<-[O-2])<-[O-]C(=CC(C)=N->1N=C([O-]->2)c1cccc2ccccc12)c1ccccc1,CC1=N2->[Mo+6](<-[O-2])(<-[O-2])(<-[O-]C(c3ccccc3)=C1)<-[O-]C(c1cccc3ccccc13)=N2.CO
HIJNEU,COC(=O)/C1C(C)=N->[Ir+3]23(<-[Cl-])(<-[C-]=1/C(=O)OC)<-n1c(C)cc(C)n1[BH-](n1c(C)cc(C)n->21)n1c(C)cc(C)n->31,C23 H32 B1 Cl1 Ir1 N7 O4,0.0,COC(=O)C1C(C)=N->[Ir+3]23(<-[Cl-])(<-[C-]=1C(=O)OC)<-[n-]1c(C)cc(C)[n+]1[BH-]([n+]1c(C)cc(C)[n-]->21)[n+]1c(C)cc(C)[n-]->31,COC(=O)C1C(C)=N->[Ir+3]23(<-[Cl-])(<-[C-]=1C(=O)OC)<-n1c(C)cc(C)n1[BH-](n1c(C)cc(C)n->21)n1c(C)cc(C)n->31,COC(=O)C1C(C)=N->[Ir+3]23(<-[Cl-])(<-[C-]=1C(=O)OC)<-n1c(C)cc(C)n1[BH-](n1c(C)cc(C)n->21)n1c(C)cc(C)n->31
HIJSUO,O=Cc1cccc(C=O)n1->[Zn+2](<-[Br-])<-[Br-],C7 H5 Br2 N1 O2 Zn1,0.0,[Br-]->[Zn+2]12(<-[Br-])<-O=Cc3cccc(C=O->1)n->23,O=CC1=CC=CC2=C[O-]->[Zn+4](<-[Br-])(<-[Br-])<-[N-]12,O=Cc1cccc(C=O)n1->[Zn+2](<-[Br-])<-[Br-]
HIJXIH,,C28 H20 Cl2 F4 O12 Zn1,0.0,[O-][Cl+3]([O-])([O-])[O-]->[Zn+2](<-O=Cc1ccc(F)cc1)(<-O=Cc1ccc(F)cc1)(<-O=Cc1ccc(F)cc1)(<-O=Cc1ccc(F)cc1)<-[O-][Cl+3]([O-])([O-])[O-],[O-2].[O-2].[O-2].[O-2].[O-2]->[Zn+14](<-[O-2])(<-O=Cc1ccc(F)cc1)(<-O=Cc1ccc(F)cc1)(<-O=Cc1ccc(F)cc1)<-O=Cc1ccc(F)cc1.[O-]Cl.[O-]Cl,[O-2].[O-2].[O-2].[O-2].[O-2]->[Zn+14](<-[O-2])(<-O=Cc1ccc(F)cc1)(<-O=Cc1ccc(F)cc1)(<-O=Cc1ccc(F)cc1)<-O=Cc1ccc(F)cc1.[O-]Cl.[O-]Cl
HILCAH,CC(C)P1(CCP(C(C)C)(C(C)C)->[Ni@OH7+2]<-12<-[CH-]([C-]1[CH+][CH-][CH+][CH-][CH-]1)[N-]->2[C+]1[CH+][CH+][CH+][CH-][CH-]1)C(C)C,C27 H43 N1 Ni1 P2,0.0,CC(C)P1(CCP(C(C)C)(C(C)C)->[Ni]<-12<-C(c1ccccc1)=N->2c1ccccc1)C(C)C,CC(C)P1(CCP(C(C)C)(C(C)C)->[Ni]<-12<-C(c1ccccc1)=N->2c1ccccc1)C(C)C,CC(C)P1(CCP(C(C)C)(C(C)C)->[Ni]<-12<-C(c1ccccc1)=N->2c1ccccc1)C(C)C
HIMDOZ,,C20 H14 Hg1 N6 O1 S2,0.0,N#C[S-]->[Hg+2]12(<-O=C(NN->1=C(c1ccccc1)c1ccccn->21)c1ccncc1)<-[S-]C#N,N#C[S-]->[Hg+2](<-[S-]C#N)<-n1ccccc1C(=NNC(=O)c1ccncc1)c1ccccc1,N#C[S-]->[Hg+2]<-[S-]C#N.O=C(NN=C(c1ccccc1)c1ccccn1)c1ccncc1
HIMTIJ,CC[O-]->[V+5]12(<-[O-2])(<-[O-]/C(=N\N->1=C\c1cc(Cl)cc(Cl)c1[O-]->2)c1ccc(F)cc1)<-OCC,C18 H18 Cl2 F1 N2 O5 V1,0.0,CC[O-]->[V+5]12(<-[O-2])(<-[O-]C(=NN->1=Cc1cc(Cl)cc(Cl)c1[O-]->2)c1ccc(F)cc1)<-OCC,CC[O-]->[V+5]12(<-[O-2])(<-[O-]C(=NN->1=Cc1cc(Cl)cc(Cl)c1[O-]->2)c1ccc(F)cc1)<-OCC,CCO.CC[O-]->[V+5]12(<-[O-2])<-[O-]C(c3ccc(F)cc3)=NN->1=Cc1cc(Cl)cc(Cl)c1[O-]->2
HINNIB,CC(C)N([b-]1c2->[Zr+4]3456789%10(<-[CH3-])(<-[CH3-])<-c1c->3c->4(CCc->51c->6c->7[b-](N(C(C)C)C(C)C)c->8c->91)c->%102)C(C)C,C26 H46 B2 N2 Zr1,0.0,fail,CC(C)N(C(C)C)[b-]12->[Zr+4]3456789%10%11%12(<-[CH3-])(<-[CH3-])<-c1c->3c->4(CCc->51c->6c->7[b-]->8(N(C(C)C)C(C)C)c->9c->%101)c->%11c->%122,CC(C)N(C(C)C)[b-]12->[Zr+4]3456789%10%11%12(<-[CH3-])(<-[CH3-])<-c1c->3c->4(CCc->51c->6c->7[b-]->8(N(C(C)C)C(C)C)c->9c->%101)c->%11c->%122
HIPBOY,Clc1ccc([N-]2/N=C3/C=CC=C/C3=N3\Cc4ccccn4->[Co+3]<-3<-245<-N(/Cc2ccccn->42)=C2/C=CC=C/C2=N/[N-]->5c2ccc(Cl)cc2)cc1,C36 H28 Cl2 Co1 N8 1+,1.0,Clc1ccc(N2=Nc3ccccc3[N-]3Cc4ccccn4->[Co+3]<-2<-345<-N(=Nc2ccccc2[N-]->4Cc2ccccn->52)c2ccc(Cl)cc2)cc1,Clc1ccc(N2=Nc3ccccc3[N-]3Cc4ccccn4->[Co+3]<-2<-345<-N(=Nc2ccccc2[N-]->4Cc2ccccn->52)c2ccc(Cl)cc2)cc1,Clc1ccc(N2=Nc3ccccc3[N-]3Cc4ccccn4->[Co+3]<-2<-345<-N(=Nc2ccccc2[N-]->4Cc2ccccn->52)c2ccc(Cl)cc2)cc1
HIPQIH,,C16 H33 N4 O1 P1 W1,0.0,CN(C)P1(N(C)C)N(C)[CH2-]->[WH+3]<-12345(<-[N-]=O)<-c1(C)c->2(C)c->3(C)[c-]->4(C)c->51C,CN(C)P1(N(C)C)N(C)[CH2-]->[WH+3]<-12345(<-[N-]=O)<-c1(C)c->2(C)c->3(C)[c-]->4(C)c->51C,CN(C)P1(N(C)C)N(C)[CH2-]->[WH+3]<-12345(<-[N-]=O)<-c1(C)c->2(C)c->3(C)[c-]->4(C)c->51C
HIQPIH,[Cl-]->[Ru+2]12(<-[Cl-])(<-n3ccccc3-c3ccccn->13)<-n1ccccc1-c1ccccn->21,C20 H16 Cl2 N4 Ru1,0.0,[Cl-]->[Ru+2]12(<-[Cl-])(<-n3ccccc3-c3ccccn->13)<-n1ccccc1-c1ccccn->21,[Cl-]->[Ru+2]12(<-[Cl-])(<-n3ccccc3-c3ccccn->13)<-n1ccccc1-c1ccccn->21,[Cl-]->[Ru+2]12(<-[Cl-])(<-n3ccccc3-c3ccccn->13)<-n1ccccc1-c1ccccn->21
HIRHEX,C/C1=C(\C)[N-](O)->[Co+3]2(<-O)(<-[CH-](C)C(=O)OC(C)(C)C)(<-N1=O)<-N(=O)/C(C)=C(/C)[N-]->2O,C15 H29 Co1 N4 O7,0.0,CC1C(C)=N(O)->[Co+]2(<-O)(<-[CH-](C)C(=O)OC(C)(C)C)(<-N=1[O])<-N([O])=C(C)C(C)=N->2O,CC1=C(C)[N-](O)->[Co+3]2(<-O)(<-[CH-](C)C(=O)OC(C)(C)C)(<-N1=O)<-N(=O)C(C)=C(C)[N-]->2O,CC1=C(C)[N-](O)->[Co+3]2(<-O)(<-[CH-](C)C(=O)OC(C)(C)C)(<-N1=O)<-N(=O)C(C)=C(C)[N-]->2O
HISKAV,C=c1c(=C)c2->[Ta+3]3456789%10(<-c1c->3c->42)(<-[CH-](c1ccccc1)[C@H]->51c2cccc3cccc(c23)[CH-]->61)<-c1(C)c->7(C)c->8(C)[c-]->9(C)c->%101C,C37 H37 Ta1,0.0,Cc12->[Ta+3]3456789(<-Cc->3%10ccccc->4%10C->5)(<-[CH-](c3ccccc3)C3c4cccc5cccc(c45)[CH-]->63)<-c1(C)c->7(C)[c-]->8(C)c->92C,Cc12->[Ta+3]3456789(<-C=c->3%10ccccc->4%10=C->5)(<-[CH-](c3ccccc3)C3c4cccc5cccc(c45)[CH-]->63)<-c1(C)c->7(C)[c-]->8(C)c->92C,Cc1c(C)[c-](C)c(C)(->[Ta+3]23(<-C=c4ccccc4=C->2)<-[CH-](c2ccccc2)C2c4cccc5cccc(c45)[CH-]->32)c1C
HISVEK,,C22 H50 O4 Os1 P2,0.0,fail,CC(=O)[O-]->[OsH2+2]12(<-O=C->1(C)[O-]->2)(<-P(C(C)C)(C(C)C)C(C)C)<-P(C(C)C)(C(C)C)C(C)C,CC(=O)[O-]->[OsH2+2]12(<-O=C->1(C)[O-]->2)(<-P(C(C)C)(C(C)C)C(C)C)<-P(C(C)C)(C(C)C)C(C)C
HITQEH,[BH3-]n1c(C(F)(F)F)ccn1->[Ag+](<-P(c1ccccc1)(c1ccccc1)c1ccccc1)<-P(c1ccccc1)(c1ccccc1)c1ccccc1,C40 H35 Ag1 B1 F3 N2 P2,0.0,FC(F)(F)c1ccn2->[Ag+](<-[H][BH2-]n12)(<-P(c1ccccc1)(c1ccccc1)c1ccccc1)<-P(c1ccccc1)(c1ccccc1)c1ccccc1,[BH3-]n1c(C(F)(F)F)ccn1->[Ag+](<-P(c1ccccc1)(c1ccccc1)c1ccccc1)<-P(c1ccccc1)(c1ccccc1)c1ccccc1,Bn1c(C(F)(F)F)ccn1->[AgH](<-P(c1ccccc1)(c1ccccc1)c1ccccc1)<-P(c1ccccc1)(c1ccccc1)c1ccccc1
HIWFIF,C=C/C1=C2/[CH2-]->[Ir+]<-1<-2345(<-C1=C->3/CC/C->4=C->5\CC\1)<-P(c1ccccc1)(c1ccccc1)c1ccccc1,C31 H34 Ir1 P1,0.0,fail,C=CC1=C2[CH2-]->[Ir+]<-1<-2345(<-C1=C->3CCC->4=C->5CC1)<-P(c1ccccc1)(c1ccccc1)c1ccccc1,C=CC1=C2[CH2-]->[Ir+]<-1<-2345(<-C1=C->3CCC->4=C->5CC1)<-P(c1ccccc1)(c1ccccc1)c1ccccc1
HIWNUY,,C24 H25 B1 N2 Ru1 S4,0.0,fail,Cc12->[Ru+2]3456(<-S=c7sc8ccccc8n7[BH2-]n7c(=S->3)sc3ccccc37)<-c1(C)c->4(C)[c-]->5(C)c->62C,Cc12->[RuH+]3456(<-S=c7sc8ccccc8n7Bn7c(=S->3)sc3ccccc37)<-c1(C)c->4(C)[c-]->5(C)c->62C
HIXLUY,CN1C=CN2c3cc(Cl)cc(Cl)[c-]3->[Pt+2](<-[C-]#N)(<-[C-]#N)<-[C]12,C12 H7 Cl2 N4 Pt1 1-,-1.0,CN1C=CN2c3cc(Cl)cc(Cl)[c-]3->[Pt+2](<-[C-]#N)(<-[C-]#N)<-[C]12,CN1C=CN2c3cc(Cl)cc(Cl)[c-]3->[Pt+2](<-[C-]#N)(<-[C-]#N)<-[C]12,CN1C=CN2c3cc(Cl)cc(Cl)[c-]3->[Pt+2](<-[C-]#N)(<-[C-]#N)<-[C]12
HIZDEA,O=C1[O-]->[Ru+2]23(<-n4ccccc41)(<-n1cccc4ccc5cccn->2c5c41)<-n1cccc2ccc4cccn->3c4c21,C30 H20 N5 O2 Ru1 1+,1.0,O=C1[O-]->[Ru+2]23(<-n4ccccc41)(<-n1cccc4ccc5cccn->2c5c41)<-n1cccc2ccc4cccn->3c4c21,O=C1[O-]->[Ru+2]23(<-n4ccccc41)(<-n1cccc4ccc5cccn->2c5c41)<-n1cccc2ccc4cccn->3c4c21,O=C1[O-]->[Ru+2]23(<-n4ccccc41)(<-n1cccc4ccc5cccn->2c5c41)<-n1cccc2ccc4cccn->3c4c21
HOBBUY,C1=C/C2=C3\C=CC(c4ccccn4)=N3->[Zn+2]3(<-N4=C(c5ccccn5)C=C/C4=C4\C=CC=C(c5cccs5)[N-]->34)<-[N-]2C(c2cccs2)=C1,C36 H24 N6 S2 Zn1,0.0,c1cc(-c2cccs2)nc(-c2ccc3-c4ccccn4->[Zn+2]4(<-n5ccccc5-c5ccc(-c6cccc(-c7cccs7)n6)[n-]->45)<-[n-]23)c1,C1=CC2=C3C=CC(c4cccc(-c5cccs5)n4)=N3->[Zn+2]3(<-N4=C(c5cccc(-c6cccs6)n5)C=CC4=C4C=CC=C[N-]->34)<-[N-]2C=C1,C1=CC2=C3C=CC4c5cccc(-c6cccs6)n5->[Zn+2]56(<-N=43)(<-N3=C(c4cccc(-c7cccs7)n->54)C=CC3=C3C=CC=C[N-]->63)<-[N-]2C=C1
HOBPOE,C/C1=N(\c2ccccc2)->[Fe+2]234(<-[Cl-])(<-[Cl-])<-N(=C(/C)c->25cccc->31n->45)/c1c(C)cc(Br)cc1C,C23 H22 Br1 Cl2 Fe1 N3,0.0,CC1c2cccc3C(C)=N(c4c(C)cc(Br)cc4C)->[Fe+2](<-[Cl-])(<-[Cl-])(<-N=1c1ccccc1)<-n23,CC1c2cccc3C(C)=N(c4c(C)cc(Br)cc4C)->[Fe+2](<-[Cl-])(<-[Cl-])(<-N=1c1ccccc1)<-n23,CC1c2cccc3C(C)=N(c4c(C)cc(Br)cc4C)->[Fe+2](<-[Cl-])(<-[Cl-])(<-N=1c1ccccc1)<-n23
HOBVID,C1=CC2=[P+](c3ccccc3)(c3ccccc3)->[Cu@SP1+]34<-N(/CCC[N-]->3c3ccccc3P->4(c3ccccc3)c3ccccc3)=C\2C=C1,C39 H36 Cu1 N2 P2 1+,1.0,c1ccc(P2(c3ccccc3)c3ccccc3N3CCCN4c5ccccc5P(c5ccccc5)(c5ccccc5)->[Cu+]<-3<-4<-2)cc1,c1ccc(P2(c3ccccc3)c3ccccc3[N-]3CCC[N-]4c5ccccc5P(c5ccccc5)(c5ccccc5)->[Cu+3]<-3<-4<-2)cc1,c1ccc(P2(c3ccccc3)c3ccccc3[N-]3CCC[N-]4c5ccccc5P(c5ccccc5)(c5ccccc5)->[Cu+3]<-3<-4<-2)cc1
HOCSIB,,C8 H2 N8 Ni1,0.0,N#CC1=[N-]->[Ni+2]2(<-[N-]=C(C#N)C(C#N)=N->2)<-N=C1C#N,N#CC1[N-2]->[Ni+6]2(<-[N-2]C(C#N)=C(C#N)[NH-]->2)<-[NH-]C=1C#N,N#CC1[N-2]->[Ni+6]2(<-[N-2]C(C#N)=C(C#N)[NH-]->2)<-[NH-]C=1C#N
HOGMOF,C[N+]#[C-]->[Mo+4]12(<-[C-]#[N+]C)(<-[S-]c3ccccc3[S-]->1)<-[S-]c1ccccc1[S-]->2,C16 H14 Mo1 N2 S4,0.0,fail,C[N+]#[C-]->[Mo]12(<-[C-]#[N+]C)(<-S=C3C=CC=CC3=S->1)<-S=C1C=CC=CC1=S->2,C[N+]#[C-]->[Mo+4]12(<-[C-]#[N+]C)(<-[S-]c3ccccc3[S-]->1)<-[S-]c1ccccc1[S-]->2
HOHGEQ,Cc12->[Hf+4]3456789(<-[S-]c%10ccccc%10)(<-[S-]c%10ccccc%10)(<-c1(C)c->3(C)[c-]->4(C)c->52C)<-c1(C)c->6(C)c->7(C)[c-]->8(C)c->91C,C32 H40 Hf1 S2,0.0,fail,Cc12->[Hf+4]3456789(<-[S-]c%10ccccc%10)(<-[S-]c%10ccccc%10)(<-c1(C)c->3(C)[c-]->4(C)c->52C)<-c1(C)c->6(C)c->7(C)[c-]->8(C)c->91C,Cc1c(C)c2(C)->[Hf+4]3456(<-[S-]c7ccccc7)(<-[S-]c7ccccc7)(<-c7(C)c->3(C)c->4(C)[c-]->5(C)c->67C)<-[c-]2(C)c1C
HOHQUT,COC(=O)/C1[S-]->[Ni+2]2(<-S=C3C(=S->2)N(Cc2ccccc2)CCN3Cc2ccccc2)<-[S-]\C=1C(=O)OC,C24 H24 N2 Ni1 O4 S4,0.0,COC(=O)C1[S-]->[Ni+2]2(<-S=C3C(=S->2)N(Cc2ccccc2)CCN3Cc2ccccc2)<-[S-]C=1C(=O)OC,COC(=O)C1=S->[Ni]2(<-S=C1C(=O)OC)<-S=C1C(=S->2)N(Cc2ccccc2)CCN1Cc1ccccc1,COC(=O)C1=S->[Ni]2(<-S=C1C(=O)OC)<-S=C1C(=S->2)N(Cc2ccccc2)CCN1Cc1ccccc1
HOKLOL,,C31 H42 Co1 O1 P3,0.0,CC(C)P1(c2ccccc2P2(c3ccccc3)c3ccccc3P(C(C)C)(C(C)C)->[CoH]<-2<-1<-[C-]#[O+])C(C)C,CC(C)P1(c2ccccc2P2(c3ccccc3)c3ccccc3P(C(C)C)(C(C)C)->[CoH]<-2<-1<-[C-]#[O+])C(C)C,CC(C)P1(c2ccccc2P2(c3ccccc3)c3ccccc3P(C(C)C)(C(C)C)->[CoH]<-2<-1<-[C-]#[O+])C(C)C
HOKYAH,CC1/C=C(\[O-]->[Ni@SP1+2]23<-[O-]/C(=C\C(C)=N->2/c2ccccc2\N->3=1)c1ccccc1)c1ccccc1,C26 H22 N2 Ni1 O2,0.0,CC1=CC(=O->[Ni+2]23<-O=C(C=C(C)[N-]->2c2ccccc2[N-]->31)c1ccccc1)c1ccccc1,CC1C=C([O-]->[Ni+2]23<-[O-]C(=CC(C)=N->2c2ccccc2N->3=1)c1ccccc1)c1ccccc1,CC1C=C([O-]->[Ni+2]23<-[O-]C(=CC(C)=N->2c2ccccc2N->3=1)c1ccccc1)c1ccccc1
HOLLOL,CC(C)[C+]1[CH+][CH+][CH-][C-](C(C)C)[C+]1[N-]1[CH+]2[CH-]3[N-]([C-]4[C+](C(C)C)[CH-][CH-][CH+][C-]4C(C)C)->[Ti+4]<-2<-3<-14567(<-[Cl-])<-c1c->4c->5[cH-]->6c->71,C31 H41 Cl1 N2 Ti1,0.0,CC(C)c1cccc(C(C)C)c1N1C2=C3N(c4c(C(C)C)cccc4C(C)C)->[Ti+2]<-2<-3<-14567(<-[Cl-])<-c1c->4c->5[cH-]->6c->71,CC(C)c1cccc(C(C)C)c1N1=CC=N(c2c(C(C)C)cccc2C(C)C)->[Ti+2]<-12345(<-[Cl-])<-c1c->2c->3[cH-]->4c->51,CC(C)c1cccc(C(C)C)c1N1=CC=N(c2c(C(C)C)cccc2C(C)C)->[Ti+2]<-12345(<-[Cl-])<-c1c->2c->3[cH-]->4c->51
HOMKID,,C18 H46 Ir1 P2 1-,-1.0,CC(C)P(->[IrH4-]<-P(C(C)C)(C(C)C)C(C)C)(C(C)C)C(C)C,CC(C)P(->[IrH4-]<-P(C(C)C)(C(C)C)C(C)C)(C(C)C)C(C)C,CC(C)P(->[IrH4-]<-P(C(C)C)(C(C)C)C(C)C)(C(C)C)C(C)C
HONKEB,Cc1c(C)c(C)c(CN2c3ccccc3N(Cc3c(C)c(C)c(C)c(C)c3C)[C]2->[Pd+2](<-[Br-])(<-[Br-])<-O=S(C)C)c(C)c1C,C33 H44 Br2 N2 O1 Pd1 S1,0.0,Cc1c(C)c(C)c(CN2c3ccccc3N(Cc3c(C)c(C)c(C)c(C)c3C)[C]2->[Pd+2](<-[Br-])(<-[Br-])<-O=S(C)C)c(C)c1C,Cc1c(C)c(C)c(CN2c3ccccc3N(Cc3c(C)c(C)c(C)c(C)c3C)[C]2->[Pd+2](<-[Br-])(<-[Br-])<-O=S(C)C)c(C)c1C,Cc1c(C)c(C)c(CN2c3ccccc3N(Cc3c(C)c(C)c(C)c(C)c3C)[C]2->[Pd+2](<-[Br-])(<-[Br-])<-O=S(C)C)c(C)c1C
HOPJUT,CCN1(CC)CC/N2=C(\c3ccccc3)c3ccccn3->[Zn@TB2+2]<-2<-1(<-[I-])<-[I-],C18 H23 I2 N3 Zn1,0.0,CCN1(CC)CCN2=C(c3ccccc3)c3ccccn3->[Zn+2]<-2<-1(<-[I-])<-[I-],CCN1(CC)CCN2=C(c3ccccc3)c3ccccn3->[Zn+2]<-2<-1(<-[I-])<-[I-],CCN(CC)CCN1=C(c2ccccc2)c2ccccn2->[Zn+2]<-1(<-[I-])<-[I-]
HOPPUY,[O+]#[C-]->[Re+]12(<-[C-]#[O+])(<-[C-]#[O+])<-[C-]3=NCCN3c3ccccc3P->1(c1ccccc1F)c1ccccc1P->2(c1ccccc1F)c1ccccc1F,C36 H24 F3 N2 O3 P2 Re1,0.0,[O+]#[C-]->[Re]12(<-[C-]#[O+])(<-[C-]#[O+])<-[C]3=NCCN3c3ccccc3P->1(c1ccccc1F)c1ccccc1P->2(c1ccccc1F)c1ccccc1F,[O+]#[C-]->[Re+]12(<-[C-]#[O+])(<-[C-]#[O+])<-[C-]3=NCCN3c3ccccc3P->1(c1ccccc1F)c1ccccc1P->2(c1ccccc1F)c1ccccc1F,[O+]#[C-]->[Re+]12(<-[C-]#[O+])(<-[C-]#[O+])<-[C-]3=NCCN3c3ccccc3P->1(c1ccccc1F)c1ccccc1P->2(c1ccccc1F)c1ccccc1F
HOQHOK,CN1(C)Cc2cccc[c-]2->[Pd@@+2]<-12<-[O-]/C(=N\[P+](c1ccccc1)(c1ccccc1)c1ccccc1)c1ccccn->21,C33 H31 N3 O1 P1 Pd1 1+,1.0,CN1(C)Cc2cccc[c-]2->[Pd+2]<-12<-O=C(N=P(c1ccccc1)(c1ccccc1)c1ccccc1)c1ccccn->21,CN1(C)Cc2cccc[c-]2->[Pd+2]<-12<-[O-]C(=N[P+](c1ccccc1)(c1ccccc1)c1ccccc1)c1ccccn->21,CN1(C)Cc2cccc[c-]2->[Pd+2]<-12<-[O-]C(=N[P+](c1ccccc1)(c1ccccc1)c1ccccc1)c1ccccn->21
HOSCUP,O=S(=O)([O-]->[Cd+2]12(<-[O-]S(=O)(=O)c3cc(Cl)ccc3O)(<-n3ccccc3-c3ccccn->13)<-n1ccccc1-c1ccccn->21)c1cc(Cl)ccc1O,C32 H24 Cd1 Cl2 N4 O8 S2,0.0,O=S(=O)([O-]->[Cd+2]12(<-[O-]S(=O)(=O)c3cc(Cl)ccc3O)(<-n3ccccc3-c3ccccn->13)<-n1ccccc1-c1ccccn->21)c1cc(Cl)ccc1O,O=S(=O)([O-]->[Cd+2]12(<-[O-]S(=O)(=O)c3cc(Cl)ccc3O)(<-n3ccccc3-c3ccccn->13)<-n1ccccc1-c1ccccn->21)c1cc(Cl)ccc1O,O=S1(=O->[Cd+2]234(<-O=S(=O)([O-]->2)c2cc(Cl)ccc2O)(<-[O-]1)(<-n1ccccc1-c1ccccn->31)<-n1ccccc1-c1ccccn->41)c1cc(Cl)ccc1O
HOSRUD,O->[Fe+2]12(<-O)(<-N3=NN=N/C3=C3\C=CC=C[N-]->13)<-N1=NN=N/C1=C1\C=CC=C[N-]->21,C12 H12 Fe1 N10 O2,0.0,O->[Fe+2]12(<-O)(<-n3ccccc3-c3nnn[n-]->13)<-n1ccccc1-c1nnn[n-]->21,O->[Fe+2]12(<-O)(<-N3=NN=NC3=C3C=CC=C[N-]->13)<-N1=NN=NC1=C1C=CC=C[N-]->21,O->[Fe+2]12(<-O)(<-N3=NN=NC3=C3C=CC=C[N-]->13)<-N1=NN=NC1=C1C=CC=C[N-]->21
HOTCEA,,C14 H10 Hg1 I2 N4 O1,0.0,O=C(Nc1ccc2ccccc2n1)c1cn(->[Hg+2](<-[I-])<-[I-])ccn1,O=C(Nc1ccc2ccccc2n1)c1cnccn1.[I-]->[Hg+2]<-[I-],O=C(Nc1ccc2ccccc2n1)c1cnccn1.[I-]->[Hg+2]<-[I-]
HOVJAF,Cc1ccc2[O-]->[Pd@OH7+2]3(<-[Cl-])<-N(=N\c4sccn->34)/c2c1,C10 H8 Cl1 N3 O1 Pd1 S1,0.0,Cc1ccc2[O-]->[Pd+2]3(<-[Cl-])<-N(=Nc4sccn->34)c2c1,Cc1ccc2[O-]->[Pd+4]3(<-[Cl-])<-[N-](N=c4scc[n-]->34)c2c1,Cc1ccc2[O-]->[Pd+4]3(<-[Cl-])<-[N-](N=c4scc[n-]->34)c2c1
HOVYUN,CC(=O)[O-]->[Ru+2]1(<-[C-]#[O+])(<-O=C(C)[O-]->1)(<-[P@TB8](c1ccccc1)(c1ccccc1)c1ccccc1)<-[P@TB8](c1ccccc1)(c1ccccc1)c1ccccc1,C41 H36 O5 P2 Ru1,0.0,fail,CC(=O)[O-]->[Ru+2]12(<-[C-]#[O+])(<-O=C->1(C)[O-]->2)(<-P(c1ccccc1)(c1ccccc1)c1ccccc1)<-P(c1ccccc1)(c1ccccc1)c1ccccc1,CC(=O)[O-]->[Ru+2]12(<-[C-]#[O+])(<-O=C->1(C)[O-]->2)(<-P(c1ccccc1)(c1ccccc1)c1ccccc1)<-P(c1ccccc1)(c1ccccc1)c1ccccc1
HOXJUZ,CCCP(CCC)(CCC)=N->[Ni+2]12<-[S-]c3ccccc3S->1c1ccccc1[S-]->2,C21 H30 N1 Ni1 P1 S3,0.0,fail,CCCP(CCC)(CCC)=N->[Ni]12<-S=C3C=CC=CC3=S->1=C1C=CC=CC1=S->2,CCCP(CCC)(CCC)=N->[Ni]12<-S=C3C=CC=CC3=S->1=C1C=CC=CC1=S->2
HOYHOS,CC(C)/N1=C2/C3=N(/C(C)C)->[Fe+2]<-2<-3<-1(<-[I-])<-[I-],C8 H16 Fe1 I2 N2,0.0,CC(C)N1=CC=N(C(C)C)->[Fe+2]<-1(<-[I-])<-[I-],CC(C)N1=CC=N(C(C)C)->[Fe+2]<-1(<-[I-])<-[I-],CC(C)N1=CC=N(C(C)C)->[Fe+2]<-1(<-[I-])<-[I-]
HPETNI,CC(=P(C1CCCCC1)(C1CCCCC1)C1CCCCC1)->[Ni](<-[C-]#[O+])(<-[C-]#[O+])<-[C-]#[O+],C23 H37 Ni1 O3 P1,0.0,C[CH-]([P](C1CCCCC1)(C1CCCCC1)C1CCCCC1)->[Ni+](<-[C-]#[O+])(<-[C-]#[O+])<-[C-]#[O+],CC(=P(C1CCCCC1)(C1CCCCC1)C1CCCCC1)->[Ni](<-[C-]#[O+])(<-[C-]#[O+])<-[C-]#[O+],CC(=P(C1CCCCC1)(C1CCCCC1)C1CCCCC1)->[Ni](<-[C-]#[O+])(<-[C-]#[O+])<-[C-]#[O+]
HUBDIS,,C25 H27 Cl2 Hg1 N3,0.0,CC1c2cccc3C(C)=N(c4c(C)cccc4C)->[Hg+2](<-[Cl-])(<-[Cl-])(<-N=1c1c(C)cccc1C)<-n23,CC(=Nc1c(C)cccc1C)c1cccc2C(C)=N(c3c(C)cccc3C)->[Hg+2](<-[Cl-])(<-[Cl-])<-n12,CC(=Nc1c(C)cccc1C)c1cccc(C(C)=Nc2c(C)cccc2C)n1.[Cl-]->[Hg+2]<-[Cl-]
HUBMUN,N#C[CH2-]->[Ni@OH10+2]12<-[S-]C(=O)c3cccc(C(=O)[S-]->1)n->23,C9 H5 N2 Ni1 O2 S2 1-,-1.0,N#C[CH2-]->[Ni+2]12<-[S-]C(=O)c3cccc(C(=O)[S-]->1)n->23,N#C[CH2-]->[Ni+2]12<-[S-]C(=O)c3cccc(C(=O)[S-]->1)n->23,N#C1[CH2-]->[Ni+2]<-123<-[S-]C(=O)c1cccc(C(=O)[S-]->2)n->31
HUCMIB,,C26 H37 Mo1 N3 Si2,0.0,fail,Cc12->[Mo+4]34567(<-[N-2]c8ccccc8)(<-c1c->3c->4(C)c->5c->62)<-[N-](c1ccccc1[N-]->7[Si](C)(C)C)[Si](C)(C)C,Cc12->[Mo+4]34567(<-[N-2]c8ccccc8)(<-c1c->3c->4(C)c->5c->62)<-[N-](c1ccccc1[N-]->7[Si](C)(C)C)[Si](C)(C)C
HUGWOX,,C14 H18 N4 Ni1 O4 S2,0.0,OCc1ccn(->[Ni+2](<-O)(<-O)(<-[N-]=C=S)(<-[N-]=C=S)<-n2ccc(CO)cc2)cc1,OCc1ccn(->[Ni+2](<-O)(<-O)(<-[N-]=C=S)(<-[N-]=C=S)<-n2ccc(CO)cc2)cc1,O.O.OCc1ccn(->[Ni+2](<-[N-]=C=S)(<-[N-]=C=S)<-n2ccc(CO)cc2)cc1
HUJPAD,,C26 H46 Mo1 O2 P4,0.0,fail,CCCC[PH]1=C2(C(C)(C)C)->[Mo+2]3456(<-[C-]#[O+])(<-[C-]#[O+])(<-P2=C->31C(C)(C)C)<-[p-]1[c+]->4(C(C)(C)C)[p-]->5[c-]->61C(C)(C)C,CCCC[PH]1=C2(C(C)(C)C)->[Mo+2]3456(<-[C-]#[O+])(<-[C-]#[O+])(<-P2=C->31C(C)(C)C)<-[p-]1[c+]->4(C(C)(C)C)[p-]->5[c-]->61C(C)(C)C
HUKPAE,,C16 H26 Cd1 N8 O8,0.0,N#CCN12->[Cd+2]3456(<-[O-][N+](=O)[O-])(<-[O-][N+](=O)[O-]->3)<-O(CCO->4CCN->5(CC#N)CCN->6(CC#N)CC1)CC2,N#CCN12->[Cd+2]345(<-[O-][N+](=O)[O-])(<-[O-][N+](=O)[O-])<-O(CCO->3CCN->4(CC#N)CCN->5(CC#N)CC1)CC2,N#CCN1CCOCCOCCN2(CC#N)->[Cd+2]345(<-[O-][N+](=O)[O-]->3)(<-[O-][N+]->4(=O)[O-]->5)<-N(CC#N)(CC1)CC2
HUMDEA,C[CH2-]->[Ir+3]123(<-O=C(C)/C(C(C)=O)=[C-]->1/C)<-n1c(C)cc(C)n1[BH-](n1c(C)cc(C)n->21)n1c(C)cc(C)n->31,C24 H36 B1 Ir1 N6 O2,0.0,C[CH2-]->[Ir+3]123(<-O=C(C)C(C(C)=O)=[C-]->1C)<-[n-]1c(C)cc(C)[n+]1[BH-]([n+]1c(C)cc(C)[n-]->21)[n+]1c(C)cc(C)[n-]->31,C[CH2-]->[Ir+3]123(<-O=C(C)C(C(C)=O)=[C-]->1C)<-n1c(C)cc(C)n1[BH-](n1c(C)cc(C)n->21)n1c(C)cc(C)n->31,C[CH2-]->[Ir+3]123(<-O=C(C)C(C(C)=O)=[C-]->1C)<-n1c(C)cc(C)n1[BH-](n1c(C)cc(C)n->21)n1c(C)cc(C)n->31
HUNHUT,CC[N-](CC)->[Zr+4]1234567(<-[H]C->1(C)[N-]->2CC)<-[P-](C1CCCCC1)[Si](C)(C)[c-]->31c->4(C)c->5(C)c->6(C)c->71C,C25 H49 N2 P1 Si1 Zr1,0.0,CC[N-](CC)->[Zr+4]12345(<-[N-](CC)CC)<-[P-](C6CCCCC6)[Si](C)(C)[c-]->16c->2(C)c->3(C)c->4(C)c->56C,CC[N-](CC)->[Zr+4]12345(<-[N-](CC)CC)<-[P-](C6CCCCC6)[Si](C)(C)[c-]->16c->2(C)c->3(C)c->4(C)c->56C,CC[N-](CC)->[Zr+4]12345(<-[N-](CC)CC)<-[P-](C6CCCCC6)[Si](C)(C)[c-]->16c->2(C)c->3(C)c->4(C)c->56C
HUNXAQ,CC(C)c12->[Ru+2]34567(<-[Cl-])(<-c(c->31)c->4(C)c->5c->62)<-[Se](CCN->71CCCC1)c1ccccc1,C22 H31 Cl1 N1 Ru1 Se1 1+,1.0,CC(C)c12->[Ru+2]34567(<-[Cl-])(<-c(c->31)c->4(C)c->5c->62)<-[Se](CCN->71CCCC1)c1ccccc1,[CH2-]CN1(->[Ru+4]23456(<-[Cl-])(<-[Se-]c7ccccc7)<-c7c->2c->3(C(C)C)c->4c->5c->67C)CCCC1,[CH2-]CN1(->[Ru+4]23456(<-[Cl-])(<-[Se-]c7ccccc7)<-c7c->2c->3(C(C)C)c->4c->5c->67C)CCCC1
HUPHIL,Cc1cccc(/N=C2\c3ccccc3/C3=N/c4cccc(C)n4->[Ir+3]4567(<-[N-2][N+]#N)(<-[N-]32)<-c2(C)c->4(C)c->5(C)[c-]->6(C)c->72C)n1,C30 H31 Ir1 N8,0.0,Cc1cccc(N=C2c3ccccc3C3=Nc4cccc(C)n4->[Ir+3]4567(<-[N-]=[N+]=[N-])(<-[N-]23)<-c2(C)c->4(C)c->5(C)[c-]->6(C)c->72C)n1,Cc1cccc(N=C2c3ccccc3C3=Nc4cccc(C)n4->[Ir+3]4567(<-[N-2][N+]#N)(<-[N-]23)<-c2(C)c->4(C)c->5(C)[c-]->6(C)c->72C)n1,Cc1cccc(N=C2c3ccccc3C3=Nc4cccc(C)n4->[Ir+3]4567(<-[N-2][N+]#N)(<-[N-]23)<-c2(C)c->4(C)c->5(C)[c-]->6(C)c->72C)n1
HUPNOW,,C15 H26 Mo1 N2 O2,0.0,fail,CC(C)(C)N1=C2(C)[N-](C(C)(C)C)->[Mo+2]<-1<-234(<-[C-]#[O+])(<-[C-]#[O+])<-C=C->3[CH2-]->4,CC(C)(C)N1=C2(C)[N-](C(C)(C)C)->[Mo+4]<-1<-234<-[C-](=O)C[CH-]->3C[C-]->4=O
HURGAC,c1cc2S3CCOCCS4c5cccc6cccn(->[Cu+]<-3<-4<-n3cccc(c1)c23)c56,C22 H20 Cu1 N2 O1 S2 1+,1.0,c1cc2S3CCOCCS4c5cccc6cccn(->[Cu+]<-3<-4<-n3cccc(c1)c23)c56,c1cc2S3CCOCCS4c5cccc6cccn(->[Cu+]<-3<-4<-n3cccc(c1)c23)c56,c1cc2S3CCO4CCS5c6cccc7cccn(->[Cu+]<-4<-3<-5<-n3cccc(c1)c23)c67
HUTGIN,Cc12->[Y+3]34567(<-[n-]8cccc8CN->3(C)C)(<-[n-]3cccc3CN->4(C)C)<-c1(C)c->5(C)[c-]->6([Si](C)(C)C)c->72C,C26 H43 N4 Si1 Y1,0.0,Cc12->[Y+3]34567(<-[n-]8cccc8CN->3(C)C)(<-[n-]3cccc3CN->4(C)C)<-c1([Si](C)(C)C)c->5(C)[c-]->6(C)c->72C,Cc12->[Y+3]34567(<-[n-]8cccc8CN->3(C)C)(<-[n-]3cccc3CN->4(C)C)<-c1([Si](C)(C)C)c->5(C)[c-]->6(C)c->72C,Cc1c(C)[c-](C)c([Si](C)(C)C)(->[Y+3]23(<-[n-]4cccc4CN->2(C)C)<-[n-]2cccc2CN->3(C)C)c1C
HUWHOX,CC1(C)[C@@H]2CC[C@]13CS(=O)(=O)[N-]1->[Ni@SP3+2]45<-N(=C\3C2)/CC/N->4=C2\C[C@H]3CC[C@]2(CS(=O)(=O)[N-]->5CC1)C3(C)C,C24 H38 N4 Ni1 O4 S2,0.0,CC1(C)C2CCC13CS(=O)(=O)[N-]1->[Ni+2]45<-N(=C3C2)CCN->4=C2CC3CCC2(CS(=O)(=O)[N-]->5CC1)C3(C)C,CC1(C)C2CCC13CS(=O)(=O)[N-]1->[Ni+2]45<-N(=C3C2)CCN->4=C2CC3CCC2(CS(=O)(=O)[N-]->5CC1)C3(C)C,CC1(C)C2CCC13CS(=O)(=O)[N-]1->[Ni+2]456<-[O-]S(=O)(=N->4CC1)CC14CCC(CC1=N->5CCN->6=C3C2)C4(C)C
HUXGAK,CC(C)n1c(=NP(c2ccccc2)(c2ccccc2)->[Pd+2]23(<-[Cl-])<-C=C->2[CH2-]->3)n(C(C)C)c2ccccc21,C28 H33 Cl1 N3 P1 Pd1,0.0,fail,CC(C)n1c(=NP(c2ccccc2)(c2ccccc2)->[Pd+2]23(<-[Cl-])<-C=C->2[CH2-]->3)n(C(C)C)c2ccccc21,CC(C)n1c(=NP(c2ccccc2)(c2ccccc2)->[Pd+2]23(<-[Cl-])<-C=C->2[CH2-]->3)n(C(C)C)c2ccccc21
HUYJEQ,CC[c-]12->[Re+5]3456(<-[S-2])(<-[S-]CC[S-]->3)<-c(C)(c->4(C)c->51C)c->62C,C13 H21 Re1 S3,0.0,CCc12->[Re+5]3456(<-[S-2])(<-[S-]CC[S-]->3)<-c1(C)c->4(C)[c-]->5(C)c->62C,CC[c-]12->[Re+5]3456(<-[S-2])(<-[S-]CC[S-]->3)<-c(C)(c->4(C)c->51C)c->62C,CC[c-]12->[Re+5]3456(<-[S-2])(<-[S-]CC[S-]->3)<-c(C)(c->4(C)c->51C)c->62C
IBAZOC,,C27 H36 Ir1 P1,0.0,Cc1cccc(C)c1P1(C)c2c(C)cccc2[CH2-]->[IrH+2]<-12345<-c1(C)c->2(C)c->3(C)[c-]->4(C)c->51C,Cc1cccc(C)c1P1(C)c2c(C)cccc2[CH2-]->[IrH+2]<-12345<-c1(C)c->2(C)c->3(C)[c-]->4(C)c->51C,Cc1cccc(C)c1P1(C)c2c(C)cccc2[CH2-]->[IrH+2]<-12345<-c1(C)c->2(C)c->3(C)[c-]->4(C)c->51C
IBIBUT,[O+]#[C-]->[Cr]1(<-[C-]#[O+])(<-[C-]#[O+])(<-[C-]#[O+])<-N(=C2C(=N->1\c1ccccc1)\c1cccc3cccc\2c13)/c1ccccc1,C28 H16 Cr1 N2 O4,0.0,[O+]#[C-]->[Cr]1(<-[C-]#[O+])(<-[C-]#[O+])(<-[C-]#[O+])<-N(=C2C(=N->1c1ccccc1)c1cccc3cccc2c13)c1ccccc1,[O+]#[C-]->[Cr+2]1(<-[C-]#[O+])(<-[C-]#[O+])(<-[C-]#[O+])<-[N-](C2=C([N-]->1c1ccccc1)c1cccc3cccc2c13)c1ccccc1,[O+]#[C-]->[Cr+2]1(<-[C-]#[O+])(<-[C-]#[O+])(<-[C-]#[O+])<-[N-](C2=C([N-]->1c1ccccc1)c1cccc3cccc2c13)c1ccccc1
IBITIW,,C32 H24 N6 Ni1 O4,0.0,Cc1cc(C=O)c2[O-]->[Ni+2]34(<-[O-]c5c(C=O)cc(C)cc5C=N->3C(C#N)=C(C#N)N->4=Cc2c1)(<-n1ccccc1)<-n1ccccc1,Cc1cc(C=O)c2[O-]->[Ni+2]34(<-[O-]c5c(C=O)cc(C)cc5C=N->3C(C#N)=C(C#N)N->4=Cc2c1)(<-n1ccccc1)<-n1ccccc1,Cc1cc(C=O)c2[O-]->[Ni+2]34(<-[O-]c5c(C=O)cc(C)cc5C=N->3C(C#N)=C(C#N)N->4=Cc2c1)(<-n1ccccc1)<-n1ccccc1
IBOVON,[Cl-]->[Rh+]123(<-C4=C->1[C@H]1C[C@@H]4C->2=C->31)<-P(c1ccccc1)(c1ccccc1)c1ccccc1C1c2ccccc2-c2ccccc21,C38 H31 Cl1 P1 Rh1,0.0,[Cl-]->[Rh+]123(<-C4=C->1C1CC4C->2=C->31)<-P(c1ccccc1)(c1ccccc1)c1ccccc1C1c2ccccc2-c2ccccc21,[Cl-]->[Rh+]123(<-C4=C->1C1CC4C->2=C->31)<-P(c1ccccc1)(c1ccccc1)c1ccccc1C1c2ccccc2-c2ccccc21,[Cl-]->[Rh+]123(<-C4=C->1C1CC4C->2=C->31)<-P(c1ccccc1)(c1ccccc1)c1ccccc1C1c2ccccc2-c2ccccc21
IBUWIL,CC(C)(C)[N-2]->[Ti+4]1(<-[Cl-])(<-n2ccccc2)(<-n2ccccc2)<-[n-]2cccc2CN->1(C)C,C21 H30 Cl1 N5 Ti1,0.0,CC(C)(C)[N-2]->[Ti+4]1(<-[Cl-])(<-n2ccccc2)(<-n2ccccc2)<-[n-]2cccc2CN->1(C)C,CC(C)(C)[N-2]->[Ti+4]1(<-[Cl-])(<-n2ccccc2)(<-n2ccccc2)<-[n-]2cccc2CN->1(C)C,CC(C)(C)[N-2]->[Ti+4]1(<-[Cl-])(<-n2ccccc2)(<-n2ccccc2)<-[n-]2cccc2CN->1(C)C
ICAKEE,,C38 H30 Cd1 Cl1 N5 O4,0.0,CC1(C)C2=N3->[Cd+2]45(<-[Cl-])<-c6c1cccc6C(C)(C)C1=N->4C(=C(c4ccc([N+](=O)[O-])cc4)c4ccc([n-]->54)C(c4ccc([N+](=O)[O-])cc4)=C3C=C2)C=C1,CC1(C)c2cccc(c2)C(C)(C)c2ccc3[n-]2->[Cd+4]2(<-[Cl-])<-[n-]4c(ccc41)C(c1ccc([N+](=O)[O-])cc1)=c1ccc([n-]->21)=C3c1ccc([N+](=O)[O-])cc1,CC1(C)c2cccc(c2)C(C)(C)c2ccc3[n-]2->[Cd+4]2(<-[Cl-])<-[n-]4c(ccc41)C(c1ccc([N+](=O)[O-])cc1)=c1ccc([n-]->21)=C3c1ccc([N+](=O)[O-])cc1
ICECUP,Cc1cc(-c2ccccc2)n2->[Zn+2]3(<-n4c(-c5ccccc5)cc(C)n4[BH-](n12)n1c(C)cc(-c2ccccc2)n->31)<-[N-]1C(=O)c2ccccc2S1(=O)=O,C37 H32 B1 N7 O3 S1 Zn1,0.0,Cc1cc(-c2ccccc2)[n-]2->[Zn+2]3(<-[N-]4C(=O)c5ccccc5S4(=O)=O)<-[n-]4c(-c5ccccc5)cc(C)[n+]4[BH-]([n+]12)[n+]1c(C)cc(-c2ccccc2)[n-]->31,Cc1cc(-c2ccccc2)n2->[Zn+2]3(<-n4c(-c5ccccc5)cc(C)n4[BH-](n12)n1c(C)cc(-c2ccccc2)n->31)<-[N-]1C(=O)c2ccccc2S1(=O)=O,Cc1cc(-c2ccccc2)n2->[Zn+2]34(<-O=C5c6ccccc6S(=O)(=O)[N-]->35)<-n3c(-c5ccccc5)cc(C)n3[BH-](n12)n1c(C)cc(-c2ccccc2)n->41
ICEGUU,N#C/C1[S-]->[Pt+2]2(<-S=C3C(=S->2)N(Cc2ccccc2)CCN3Cc2ccccc2)<-[S-]\C=1C#N,C22 H18 N4 Pt1 S4,0.0,N#CC1[S-]->[Pt+2]2(<-S=C3C(=S->2)N(Cc2ccccc2)CCN3Cc2ccccc2)<-[S-]C=1C#N,N#CC1[S-]->[Pt+2]2(<-S=C3C(=S->2)N(Cc2ccccc2)CCN3Cc2ccccc2)<-[S-]C=1C#N,N#CC1[S-]->[Pt+2]2(<-S=C3C(=S->2)N(Cc2ccccc2)CCN3Cc2ccccc2)<-[S-]C=1C#N
ICEYUK,Cc12->[Ta+5]34567(<-[CH3-])(<-[CH3-])(<-[S-]CCO->3CC[S-]->4)<-c1(C)c->5(C)[c-]->6(C)c->72C,C16 H29 O1 S2 Ta1,0.0,Cc12->[Ta+5]34567(<-[CH3-])(<-[CH3-])(<-[S-]CCO->3CC[S-]->4)<-c1(C)c->5(C)[c-]->6(C)c->72C,Cc12->[Ta+5]34567(<-[CH3-])(<-[CH3-])(<-[S-]CCO->3CC[S-]->4)<-c1(C)c->5(C)[c-]->6(C)c->72C,Cc1c(C)c2(C)->[Ta+5]3(<-[CH3-])(<-[CH3-])(<-[S-]CCOCC[S-]->3)<-[c-]2(C)c1C
ICIGUY,[N-3]->[Os+6]12(<-O)(<-[Cl-])<-[O-]c3ccccc3/C=N->1/c1ccccc1[O-]->2,C13 H11 Cl1 N2 O3 Os1,0.0,[N-3]->[Os+6]12(<-O)(<-[Cl-])<-[O-]c3ccccc3C=N->1c1ccccc1[O-]->2,[N-3]->[Os+6]12(<-O)(<-[Cl-])<-[O-]c3ccccc3C=N->1c1ccccc1[O-]->2,O.[N-3]->[Os+6]12(<-[Cl-])<-[O-]c3ccccc3C=N->1c1ccccc1[O-]->2
ICIMIR,,C32 H29 N5 Ni1 O5,0.0,CC(=O)c1cc2C(C)=N3N=C([O-]->[Ni+2]<-3(<-[O-]c2cc1O)(<-n1ccccc1)(<-n1ccccc1)<-n1ccccc1)c1ccccc1O,CC(=O)c1cc2C(C)=N3N=C([O-]->[Ni+2]<-3(<-[O-]c2cc1O)(<-n1ccccc1)(<-n1ccccc1)<-n1ccccc1)c1ccccc1O,CC(=O)c1cc2C(C)=N3N=C([O-]->[Ni+2]<-3(<-[O-]c2cc1O)(<-n1ccccc1)(<-n1ccccc1)<-n1ccccc1)c1ccccc1O
ICIYIC,Cn1c2ccc1c(-c1ccccc1)c1ccc3c(-c4ccccc4)c4n5->[Hg@@+2](<-[Cl-])(<-n6c(c(-c7ccccc7)c5C=C4)C=Cc6c2-c2ccccc2)<-[n-]31,C45 H31 Cl1 Hg1 N4,0.0,C[n+]1c2c(-c3ccccc3)c3ccc4c(-c5ccccc5)c5n6->[Hg+2](<-[Cl-])(<-[n-]43)<-[n-]3c(ccc3c(-c3ccccc3)c1C=C2)c(-c1ccccc1)c6C=C5,Cn1c2ccc1c(-c1ccccc1)c1ccc3c(-c4ccccc4)c4n5->[Hg+2](<-[Cl-])(<-n6c(c(-c7ccccc7)c5C=C4)C=Cc6c2-c2ccccc2)<-[n-]31,Cn1c2ccc1c(-c1ccccc1)c1ccc3c(-c4ccccc4)c4n5->[Hg+2](<-[Cl-])(<-n6c(c(-c7ccccc7)c5C=C4)C=Cc6c2-c2ccccc2)<-[n-]31
ICONAP,Cc12->[Ti+4]345(<-[CH3-])(<-[Cl-])(<-[Cl-])<-[n-]1c->3(C)c->4(C)c->52C,C9 H15 Cl2 N1 Ti1,0.0,fail,Cc12->[Ti+4]345(<-[CH3-])(<-[Cl-])(<-[Cl-])<-[n-]1c->3(C)c->4(C)c->52C,Cc1c(C)c2(C)->[Ti+4]3(<-[CH3-])(<-[Cl-])(<-[Cl-])<-[n-]2c->31C
ICUCAN,,C20 H26 F3 N2 O5 Rh1 S1 Si1,0.0,C[Si-]12Oc3ccccn3->[RhH+2]<-13(<-[O-]S(=O)(=O)C(F)(F)F)(<-C1=C->3CCCCCC1)<-n1ccccc1O2,C[Si-]12Oc3ccccn3->[RhH+2]<-13(<-[O-]S(=O)(=O)C(F)(F)F)(<-C1=C->3CCCCCC1)<-n1ccccc1O2,C[Si-]12Oc3ccccn3->[RhH+2]<-13(<-[O-]S(=O)(=O)C(F)(F)F)(<-C1=C->3CCCCCC1)<-n1ccccc1O2
IDAMEH,Cc1cc(C)c2CN3C=CN(C)[C]3->[Ag+]<-[C]3N(C)C=CN3Cc1c2,C18 H22 Ag1 N4 1+,1.0,Cc1cc(C)c2CN3C=CN(C)[C]3->[Ag+]<-[C]3N(C)C=CN3Cc1c2,Cc1cc(C)c2CN3C=CN(C)[C]3->[Ag+]<-[C]3N(C)C=CN3Cc1c2,Cc1cc(C)c2CN3C=CN(C)[C]3->[Ag+]3<-[C]4N(C)C=CN4Cc1c->32
IDAXES,O=S1(=O)[O-]->[Cd+2]23(<-[O-]S(=O)(=O)c4cccc5[nH]nn->2c45)(<-n2ccccc2-c2ccccn->32)<-n2n[nH]c3cccc1c32,C22 H16 Cd1 N8 O6 S2,0.0,O=S1(=O)[O-]->[Cd+2]23(<-[O-]S(=O)(=O)c4cccc5[nH]nn->2c45)(<-n2ccccc2-c2ccccn->32)<-n2n[nH]c3cccc1c32,O=S1(=O)[O-]->[Cd+2]23(<-[O-]S(=O)(=O)c4cccc5[nH]nn->2c45)(<-n2ccccc2-c2ccccn->32)<-n2n[nH]c3cccc1c32,O=S12=O->[Cd+2]345(<-O=S(=O)([O-]->3)c3cccc6[nH]nn->4c36)(<-[O-]1)(<-n1ccccc1-c1ccccn->51)<-n1n[nH]c3cccc2c31
IDIPIV,CN1C=C[C](->[Rh+]234(<-[I-])<-C5=C->2/CC/C->3=C->4\CC\5)N1C,C13 H20 I1 N2 Rh1,0.0,CN1C=C[C](->[Rh+]234(<-[I-])<-C5=C->2CCC->3=C->4CC5)N1C,CN1C=C[C](->[Rh+]234(<-[I-])<-C5=C->2CCC->3=C->4CC5)N1C,CN1C=C[C](->[Rh+]234(<-[I-])<-C5=C->2CCC->3=C->4CC5)N1C
IDUROR,,C27 H23 Ag1 N3 O3 P1,0.0,Nc1ccc2ccccc2n1->[Ag+](<-[O-][N+](=O)[O-])<-P(c1ccccc1)(c1ccccc1)c1ccccc1,Nc1ccc2ccccc2n1->[Ag+]<-P(c1ccccc1)(c1ccccc1)c1ccccc1.O=[N+]([O-])[O-],Nc1ccc2ccccc2n1->[Ag+]1(<-[O-][N+](=O)[O-]->1)<-P(c1ccccc1)(c1ccccc1)c1ccccc1
IFALUW,Cc1cc(C)n2->[Re+5]34(<-[O-2])(<-[S-]CC[S-]->3)<-n3c(C)cc(C)n3[BH-](n12)n1c(C)cc(C)n->41,C17 H26 B1 N6 O1 Re1 S2,0.0,Cc1cc(C)[n-]2->[Re+5]34(<-[O-2])(<-[S-]CC[S-]->3)<-[n-]3c(C)cc(C)[n+]3[BH-]([n+]12)[n+]1c(C)cc(C)[n-]->41,Cc1cc(C)n2->[Re+5]34(<-[O-2])(<-[S-]CC[S-]->3)<-n3c(C)cc(C)n3[BH-](n12)n1c(C)cc(C)n->41,Cc1cc(C)n2->[Re+5]34(<-[O-2])(<-[S-]CC[S-]->3)<-n3c(C)cc(C)n3[BH-](n12)n1c(C)cc(C)n->41
IFEBOM,Cc1cc(C)c(-n2ccn(-c3c(C)cc(C)cc3C)c2=N2N=O->[Zn+2]<-2(<-[c-]2c(F)c(F)c(F)c(F)c2F)<-[c-]2c(F)c(F)c(F)c(F)c2F)c(C)c1,C33 H24 F10 N4 O1 Zn1,0.0,Cc1cc(C)c(-n2cc[n+](-c3c(C)cc(C)cc3C)c2N2=N[O-]->[Zn+2]<-2(<-[c-]2c(F)c(F)c(F)c(F)c2F)<-[c-]2c(F)c(F)c(F)c(F)c2F)c(C)c1,Cc1cc(C)c(-n2ccn(-c3c(C)cc(C)cc3C)c2=N2N=O->[Zn+2]<-2(<-[c-]2c(F)c(F)c(F)c(F)c2F)<-[c-]2c(F)c(F)c(F)c(F)c2F)c(C)c1,Cc1cc(C)c(-n2ccn(-c3c(C)cc(C)cc3C)c2=N2N=O->[Zn+2]<-2(<-[c-]2c(F)c(F)c(F)c(F)c2F)<-[c-]2c(F)c(F)c(F)c(F)c2F)c(C)c1
IFEXAU,,C22 H15 Mn1 O2,0.0,[O+]#[C-]->[Mn+3]1234(<-[C-]#[O+])(<-[C-2]5C(c6ccccc6)=C5c5ccccc5)<-c5c->1c->2[cH-]->3c->45,[O+]#[C-]->[Mn+]1234(<-[C-]#[O+])(<-C5=C(c6ccccc6)C=5c5ccccc5)<-c5c->1c->2[cH-]->3c->45,[O+]#[C-]->[Mn+]1234(<-[C-]#[O+])(<-C5=C(c6ccccc6)C=5c5ccccc5)<-c5c->1c->2[cH-]->3c->45
IFICAD,[Br-]->[Ru+2]1234567<-C8=C->1C->2=C->3C->4(=[B-]->5(c1ccccc1P->6(c1ccccc1)c1ccccc1)c1ccccc1P->7(c1ccccc1)c1ccccc1)C8,C42 H34 B1 Br1 P2 Ru1,0.0,fail,[Br-]->[Ru+2]1234567<-C8=C->1C->2=C->3C->4(=[B-]->5(c1ccccc1P->6(c1ccccc1)c1ccccc1)c1ccccc1P->7(c1ccccc1)c1ccccc1)C8,[Br-]->[Ru+2]123456<-C7=C->1C->2=C->3C->4(=[B-](c1ccccc1P->5(c1ccccc1)c1ccccc1)c1ccccc1P->6(c1ccccc1)c1ccccc1)C7
IFOBIO,O=[N+]([O-])c1ccc2[O-]->[Zn@OH5+2]34<-[O-]c5ccc([N+](=O)[O-])cc5CN(CCCN(Cc2c1)Cc1ccccn->31)Cc1ccccn->41,C29 H28 N6 O6 Zn1,0.0,O=[N+]([O-])c1ccc2[O-]->[Zn+2]3456<-[O-]c7ccc([N+](=O)[O-])cc7CN->3(CCCN->4(Cc2c1)Cc1ccccn->51)Cc1ccccn->61,,
IFUQAB,c1ccc(P2(c3ccccc3)c3ccccc3CN3CCc4ccccn4->[Cu+]<-2<-n2ccccc2CC3)cc1,C33 H32 Cu1 N3 P1 1+,1.0,c1ccc(P2(c3ccccc3)c3ccccc3CN34CCc5ccccn5->[Cu+]<-3<-2<-n2ccccc2CC4)cc1,c1ccc(P2(c3ccccc3)c3ccccc3CN34CCc5ccccn5->[Cu+]<-3<-2<-n2ccccc2CC4)cc1,c1ccc(P2(c3ccccc3)c3ccccc3CN34CCc5ccccn5->[Cu+]<-3<-2<-n2ccccc2CC4)cc1
IGEDED,,C22 H40 N1 Si2 Y1,0.0,C[SiH](C)N1[Si]2(C)(C)[HH-]->[Y+3]<-1<-23456789%10(<-[cH-]1c->3(C)c->4(C)c->5(C)c->61C)<-[cH-]1c->7(C)c->8(C)c->9(C)c->%101C,C[SiH](C)[N-]([SiH](C)C)->[Y+3]12345678(<-c9c->1(C)c->2(C)[c-]->3(C)c->49C)<-c1c->5(C)c->6(C)c->7(C)[c-]->81C,Cc1c(C)[c-](C)c(->[Y+3]2345(<-c6c->2(C)c->3(C)[c-]->4(C)c->56C)<-[N-]([SiH](C)C)[SiH](C)C)c1C
IGOBAH,CC(C)(C)P1(Cc2ccccc2CP(C(C)(C)C)(C(C)(C)C)->[Pd]<-12<-C1=C->2C(=O)C=CC1=O)C(C)(C)C,C30 H48 O2 P2 Pd1,0.0,CC(C)(C)P1(Cc2ccccc2CP(C(C)(C)C)(C(C)(C)C)->[Pd]<-12<-C1=C->2C(=O)C=CC1=O)C(C)(C)C,CC(C)(C)P1(Cc2ccccc2CP(C(C)(C)C)(C(C)(C)C)->[Pd+2]<-12<-[cH-]1c(=O)ccc(=O)[cH-]->21)C(C)(C)C,CC(C)(C)P1(Cc2ccccc2CP(C(C)(C)C)(C(C)(C)C)->[Pd+2]<-12<-[cH-]1c(=O)ccc(=O)[cH-]->21)C(C)(C)C
IGUHAT,CC(C)(C)P->[Ta+5]1234(<-[Cl-])(<-[Cl-])(<-[Cl-])(<-[Cl-])<-c5(C)c->1(C)c->2(C)[c-]->3(C)c->45C,C14 H26 Cl4 P1 Ta1,0.0,CC(C)(C)P->[Ta+5]1234(<-[Cl-])(<-[Cl-])(<-[Cl-])(<-[Cl-])<-c5(C)c->1(C)c->2(C)[c-]->3(C)c->45C,CC(C)(C)P->[Ta+5]1234(<-[Cl-])(<-[Cl-])(<-[Cl-])(<-[Cl-])<-c5(C)c->1(C)c->2(C)[c-]->3(C)c->45C,Cc1c2(C)->[Ta+5]34(<-[Cl-])(<-[Cl-])(<-[Cl-])(<-[Cl-])(<-PC(C)(C)C)<-c1(C)[c-]->3(C)c->42C
IHEBAZ,,C28 H20 N2 O2 Pd1,0.0,fail,CC1=CC(C)=O->[Pd+2]2(<-[O-]1)<-[c-]1c(-c3ccc4ccccc4n->23)c2cccc3c4ccccc4c1n23,CC1=CC(C)=O->[Pd+2]2(<-[O-]1)<-[c-]1c(-c3ccc4ccccc4n->23)c2cccc3c4ccccc4c1n23
IHIBOR,C[Si]1(C)[c-]23->[Zr+4]456789(<-[Cl-])(<-[Cl-])(<-c%10c->4(N4CCCC4)[c-]->51c->61ccccc->7%101)<-c2c->8(N1CCCC1)c1ccccc->913,C28 H32 Cl2 N2 Si1 Zr1,0.0,C[Si]1(C)c23->[Zr+4]456789%10(<-[Cl-])(<-[Cl-])(<-c%11c->4(N4CCCC4)c->54ccccc->64[c-]->7%111)<-[cH-](c->82N1CCCC1)c->91ccccc->%1031,C[Si]1(C)c23->[Zr+4]456789%10(<-[Cl-])(<-[Cl-])(<-c(c->4%11ccccc->52%11)[c-]->63N2CCCC2)<-c2c->7(N3CCCC3)c->83ccccc->93[c-]->%1021,C[Si]1(C)c23->[Zr+4]456789%10(<-[Cl-])(<-[Cl-])(<-c(c->4%11ccccc->52%11)[c-]->63N2CCCC2)<-c2c->7(N3CCCC3)c->83ccccc->93[c-]->%1021
IHOCEO,COc1ccccc1N1CCCCN(c2c(C(C)C)cccc2C(C)C)[C]1->[Rh+]123(<-[Cl-])<-C4=C->1/CC/C->2=C->3\CC\4,C32 H44 Cl1 N2 O1 Rh1,0.0,COc1ccccc1N1CCCCN(c2c(C(C)C)cccc2C(C)C)[C]1->[Rh+]123(<-[Cl-])<-C4=C->1CCC->2=C->3CC4,COc1ccccc1N1CCCCN(c2c(C(C)C)cccc2C(C)C)[C]1->[Rh+]123(<-[Cl-])<-C4=C->1CCC->2=C->3CC4,COc1ccccc1N1CCCCN(c2c(C(C)C)cccc2C(C)C)[C]1->[Rh+]123(<-[Cl-])<-C4=C->1CCC->2=C->3CC4
IHUDIZ,CC(C)N1C=CN(C(C)C)[C]1->[Ni+2]1(<-[S-]c2ccccc2-c2cccc[c-]->12)<-[C]1N(C(C)C)C=CN1C(C)C,C30 H40 N4 Ni1 S1,0.0,fail,CC(C)N1C=CN(C(C)C)[C]1->[Ni]1(<-S=C2C=CC=CC2=C2C=CC=C[C]->12)<-[C]1N(C(C)C)C=CN1C(C)C,CC(C)N1C=CN(C(C)C)[C]1->[Ni]1(<-S=C2C=CC=CC2=C2C=CC=C[C]->12)<-[C]1N(C(C)C)C=CN1C(C)C
IJAPIT,CC(C)/N1=C(\C2=CC=CC2)[N-](C(C)C)->[Y+3]<-123456789(<-c1c->2c->3[cH-]->4c->51)<-c1c->6c->7[cH-]->8c->91,C22 H29 N2 Y1,0.0,CC(C)N1=C(C2=CC=CC2)[N-](C(C)C)->[Y+3]<-123456789(<-c1c->2c->3[cH-]->4c->51)<-c1c->6c->7[cH-]->8c->91,CC(C)N1=C(C2=CC=CC2)[N-](C(C)C)->[Y+3]<-123456789(<-c1c->2c->3[cH-]->4c->51)<-c1c->6c->7[cH-]->8c->91,CC(C)N1=C(C2=CC=CC2)[N-](C(C)C)->[Y+3]<-123456789(<-c1c->2c->3[cH-]->4c->51)<-c1c->6c->7[cH-]->8c->91
IJESUM,CC(C)c1cccc(C(C)C)c1[N-]1C2(c3ccccc3)=C3[Si](C)(C)N(C)(C)->[Zr+4]<-3<-1<-2(<-[Cl-])(<-[Cl-])<-[Cl-],C24 H35 Cl3 N2 Si1 Zr1,0.0,fail,CC(C)c1cccc(C(C)C)c1[N-]1C2(c3ccccc3)=C3[Si](C)(C)N(C)(C)->[Zr+4]<-3<-1<-2(<-[Cl-])(<-[Cl-])<-[Cl-],CC(C)=C1C=CC=C(C(C)C)C1=N1[C-]2(c3ccccc3)[CH-]3[Si](C)(C)N(C)(C)->[ZrH+5]<-3<-1<-2(<-[Cl-])(<-[Cl-])<-[Cl-]
IJOMIF,,C35 H24 Ir1 N5 S3,0.0,fail,CC1=[N-]->[Ir+3]23(<-[c-]4ccccc4-c4sc5ccccc5n->24)(<-[c-]2ccccc2-c2sc4ccccc4n->32)<-n2c(N1)sc1ccccc12,CC1=[N-]->[Ir+3]23(<-[c-]4ccccc4-c4sc5ccccc5n->24)(<-[c-]2ccccc2-c2sc4ccccc4n->32)<-n2c(N1)sc1ccccc12
IKADIJ,Nc1ccccc1C1=O->[Zn+2]23(<-O=C([O-]->2)c2ccccc2N)(<-[O-]1)<-n1cccc2ccc4cccn->3c4c21,C26 H20 N4 O4 Zn1,0.0,fail,Nc1ccccc1C(=O)[O-]->[Zn+2]12(<-O=C([O-]->1)c1ccccc1N)<-n1cccc3ccc4cccn->2c4c31,Nc1ccccc1C12=O->[Zn+2]<-1345(<-O=C->3([O-]->4)c1ccccc1N)(<-[O-]2)<-n1cccc2ccc3cccn->5c3c21
IKESIB,CC(C)(C)[N-](/C(=C/c1ccccc1)c1ccccc1)->[Y+3]12345678(<-c9c->1c->2[cH-]->3c->49)(<-c1c->5c->6[cH-]->7c->81)<-O1CCCC1,C32 H38 N1 O1 Y1,0.0,fail,CC(C)(C)[N-](C(=Cc1ccccc1)c1ccccc1)->[Y+3]12345678(<-c9c->1c->2[cH-]->3c->49)(<-c1c->5c->6[cH-]->7c->81)<-O1CCCC1,CC(C)(C)[N-](C(=Cc1ccccc1)c1ccccc1)->[Y+3]12(<-c3ccc[cH-]->13)(<-c1ccc[cH-]->21)<-O1CCCC1
IKIXOR,,C18 H19 Cl1 I1 N3 Pt1,0.0,[CH3-]->[Pt+4]1(<-[CH3-])(<-[CH3-])(<-[I-])<-n2ccccc2-c2cc(Cl)cc(-c3ccccn3)n->12,[CH3-]->[Pt+4]1(<-[CH3-])(<-[CH3-])(<-[I-])<-n2ccccc2-c2cc(Cl)cc(-c3ccccn3)n->12,[CH3-]->[Pt+4]1(<-[CH3-])(<-[CH3-])(<-[I-])<-n2ccccc2-c2cc(Cl)cc(-c3ccccn3)n->12
IKOJIB,,C29 H34 Cl2 Ir1 N6 P1,0.0,Cc12->[Ir+3]345(<-[Cl-])(<-[Cl-])(<-c1(C)c->3(C)[c-]->4(C)c->52C)<-P(NCCn1cnc2c(N)ncnc21)(c1ccccc1)c1ccccc1,Cc12->[Ir+3]345(<-[Cl-])(<-[Cl-])(<-c1(C)c->3(C)[c-]->4(C)c->52C)<-P(NCCn1cnc2c(N)ncnc21)(c1ccccc1)c1ccccc1,Cc12->[Ir+3]345(<-[Cl-])(<-[Cl-])(<-c1(C)c->3(C)[c-]->4(C)c->52C)<-P(NCCn1cnc2c(N)ncnc21)(c1ccccc1)c1ccccc1
IKOYUD,,C35 H33 Co1 O4 P1 S1 1+,1.0,CCOC1=C[C-2](CS(=O)(=O)c2ccccc2)->[Co+5]2345(<-[O-]1)(<-c1c->2c->3[cH-]->4c->51)<-P(c1ccccc1)(c1ccccc1)c1ccccc1,CCOC1C=[C-](CS(=O)(=O)c2ccccc2)->[Co+3]2345(<-O=1)(<-c1c->2c->3[cH-]->4c->51)<-P(c1ccccc1)(c1ccccc1)c1ccccc1,CCOC1C=[C-](CS(=O)(=O)c2ccccc2)->[Co+3]2345(<-O=1)(<-c1c->2c->3[cH-]->4c->51)<-P(c1ccccc1)(c1ccccc1)c1ccccc1
IKUMIK,COc1ccc([NH-]->[Ta+3]2345678(<-C=C->2(C)C->3(C)=C->4)(<-[CH2-]c2ccccc2)<-c2(C)c->5(C)c->6(C)[c-]->7(C)c->82C)cc1,C30 H40 N1 O1 Ta1,0.0,fail,COc1ccc([NH-]->[Ta+3]2345678(<-C=C->2(C)C->3(C)=C->4)(<-[CH2-]c2ccccc2)<-c2(C)c->5(C)c->6(C)[c-]->7(C)c->82C)cc1,COc1ccc([NH-]->[Ta+3]2(<-C=C(C)C(C)=C->2)(<-[CH2-]c2ccccc2)<-c2(C)c(C)c(C)c(C)[c-]2C)cc1
IKUSOX,Fc1c(F)c(F)c2c(P(c3ccccc3)(c3ccccc3)->[Rh+]345(<-[Cl-])<-C6=C->3/CC/C->4=C->5\CC\6)cccc2c1F,C30 H25 Cl1 F4 P1 Rh1,0.0,Fc1c(F)c2F->[Rh+]345(<-[Cl-])(<-C6=C->3CCC->4=C->5CC6)<-P(c3ccccc3)(c3ccccc3)c3cccc(c1F)c32,Fc1c(F)c(F)c2c(P(c3ccccc3)(c3ccccc3)->[Rh+]345(<-[Cl-])<-C6=C->3CCC->4=C->5CC6)cccc2c1F,Fc1c(F)c(F)c2c(P(c3ccccc3)(c3ccccc3)->[Rh+]345(<-[Cl-])<-C6=C->3CCC->4=C->5CC6)cccc2c1F
ILAZOK,,C37 H32 B1 Cl1 O3 Os1 P2,0.0,[O+]#[C-]->[Os+2](<-[Cl-])(<-[BH2-](O)O)(<-P(c1ccccc1)(c1ccccc1)c1ccccc1)<-P(c1ccccc1)(c1ccccc1)c1ccccc1,[O+]#[C-]->[Os](<-[Cl-])(<-B(O)=[OH+])(<-P(c1ccccc1)(c1ccccc1)c1ccccc1)<-P(c1ccccc1)(c1ccccc1)c1ccccc1,[O+]#[C-]->[Os](<-[Cl-])(<-B(O)=[OH+])(<-P(c1ccccc1)(c1ccccc1)c1ccccc1)<-P(c1ccccc1)(c1ccccc1)c1ccccc1
ILOZUE,[O+]#[C-]->[Ni](<-[C-]#[O+])<-[C]1N([C@]23C[C@H]4C[C@H](C[C@H](C4)C2)C3)C=CN1[C@]12C[C@H]3C[C@H](C[C@H](C3)C1)C2,C25 H32 N2 Ni1 O2,0.0,[O+]#[C-]->[Ni](<-[C-]#[O+])<-[C]1N(C23CC4CC(CC(C4)C2)C3)C=CN1C12CC3CC(CC(C3)C1)C2,[O+]#[C-]->[Ni](<-[C-]#[O+])<-[C]1N(C23CC4CC(CC(C4)C2)C3)C=CN1C12CC3CC(CC(C3)C1)C2,[O+]#[C-]->[Ni](<-[C-]#[O+])<-[C]1N(C23CC4CC(CC(C4)C2)C3)C=CN1C12CC3CC(CC(C3)C1)C2
ILUZOE,Cc1cccc(C)c1[O-]->[Ti+4]12(<-[N-2]C(C)(C)C)<-N(=C(/c3ccccc3)[N-]->1CCCN->2(C)C)/[Si](C)(C)C,C27 H44 N4 O1 Si1 Ti1,0.0,Cc1cccc(C)c1[O-]->[Ti+4]12(<-[N-2]C(C)(C)C)<-N(CCCN->1(C)C)=C(c1ccccc1)[N-]->2[Si](C)(C)C,Cc1cccc(C)c1[O-]->[Ti+4]12(<-[N-2]C(C)(C)C)<-N(=C(c3ccccc3)[N-]->1CCCN->2(C)C)[Si](C)(C)C,Cc1cccc(C)c1[O-]->[Ti+4]123(<-[N-2]C(C)(C)C)<-N(=C->1(c1ccccc1)[N-]->2CCCN->3(C)C)[Si](C)(C)C
IMESIE,C=C(Cl)c1ccc(/N2=C(/N=N(/c3ccccc3)->[Ru+2]<-23(<-[Cl-])(<-[Cl-])<-n2ccccc2-c2ccccn->32)C(C)=O)cc1,C27 H22 Cl3 N5 O1 Ru1,0.0,C=C(Cl)c1ccc(N2=C(N=N(c3ccccc3)->[Ru+2]<-23(<-[Cl-])(<-[Cl-])<-n2ccccc2-c2ccccn->32)C(C)=O)cc1,C=C(Cl)c1ccc([N-]2C(=N[N-](c3ccccc3)->[Ru+4]<-23(<-[Cl-])(<-[Cl-])<-n2ccccc2-c2ccccn->32)C(C)=O)cc1,C=C(Cl)c1ccc([N-]2C(=N[N-](c3ccccc3)->[Ru+4]<-23(<-[Cl-])(<-[Cl-])<-n2ccccc2-c2ccccn->32)C(C)=O)cc1
IMEZEH,Cc1ncc(CO)c2/C=N3/CCN4(CCN)CCN[C@@H]5OCc6cnc(C)c([O-]->[Ni@SP1+2]<-3<-4<-[O-]c12)c65,C22 H30 N6 Ni1 O4,0.0,Cc1ncc(CO)c2C=N3CCN45CCN->[Ni+2]<-3<-46(<-[O-]c12)<-[O-]c1c(C)ncc2c1C(N->6CC5)OC2,Cc1ncc(CO)c2C=N3CCN45CCN->[Ni+2]<-3<-46(<-[O-]c12)<-[O-]c1c(C)ncc2c1C(N->6CC5)OC2,Cc1ncc(CO)c2C=N3CCN45CCNC6OCc7cnc(C)c([O-]->[Ni+2]<-3<-4(<-NCC5)<-[O-]c12)c76
IMOBIW,c1cc[c-]2->[Pt+2]3(<-[c-]4ccccc4CN->34CCCCC4)<-N3(Cc2c1)CCCCC3,C24 H32 N2 Pt1,0.0,c1cc[c-]2->[Pt+2]3(<-[c-]4ccccc4CN->34CCCCC4)<-N3(Cc2c1)CCCCC3,c1cc[c-]2->[Pt+2]3(<-[c-]4ccccc4CN->34CCCCC4)<-N3(Cc2c1)CCCCC3,c1cc[c-]2->[Pt+2]3(<-[c-]4ccccc4CN->34CCCCC4)<-N3(Cc2c1)CCCCC3
IMUSAM,CP1(C)CCP(C)(C)->[Pt+2]<-12<-[C-](=O)N(Cc1ccccc1)C(=O)[N-]->2Cc1ccccc1,C22 H30 N2 O2 P2 Pt1,0.0,CP1(C)CCP(C)(C)->[Pt+]<-12<-[C](=O)N(Cc1ccccc1)C(=O)[N-]->2Cc1ccccc1,CP1(C)CCP(C)(C)->[Pt+2]<-12<-[C-](=O)N(Cc1ccccc1)C(=O)[N-]->2Cc1ccccc1,CP1(C)CCP(C)(C)->[Pt+2]<-12<-[C-](=O)N(Cc1ccccc1)C(=O)[N-]->2Cc1ccccc1
INENOF,CCCCN1C=CN([C]c2c3ccccc3cc3ccccc23)[C]1->[Au+]<-[C-]#Cc1ccccc1,C30 H27 Au1 N2,0.0,CCCCN1C=CN(Cc2c3ccccc3cc3ccccc23)[C]1->[Au+]<-[C-]#Cc1ccccc1,CCCCN1C=CN([C]c2c3ccccc3cc3ccccc23)[C]1->[Au+]<-[C-]#Cc1ccccc1,CCCCN1C=CN([C]c2c3ccccc3cc3ccccc23)[C]1->[Au+]<-[C-]#Cc1ccccc1
INOZOC,[Cl-]->[Pd@+2]1(<-[O-]N2C=CC=C3C=CC=C->1=C32)<-[P@TB5](c1ccccc1)(c1ccccc1)c1ccccc1,C27 H21 Cl1 N1 O1 P1 Pd1,0.0,[Cl-]->[Pd+]1(<-[O-][n+]2cccc3ccc[c-]->1c32)<-P(c1ccccc1)(c1ccccc1)c1ccccc1,[Cl-]->[Pd+2]1(<-[O-]N2C=CC=C3C=CC=C->1=C32)<-P(c1ccccc1)(c1ccccc1)c1ccccc1,[Cl-]->[Pd+2]1(<-[O-]N2C=CC=C3C=CC=C->1=C32)<-P(c1ccccc1)(c1ccccc1)c1ccccc1
INUVIX,Cc1cc(C(C)(C)C)n2->[Fe+2]3(<-[I-])<-n4c(C(C)(C)C)cc(C)n4[BH-](n12)n1c(C)cc(C(C)(C)C)n->31,C24 H40 B1 Fe1 I1 N6,0.0,Cc1cc(C(C)(C)C)[n-]2->[Fe+2]3(<-[I-])<-[n-]4c(C(C)(C)C)cc(C)[n+]4[BH-]([n+]12)[n+]1c(C)cc(C(C)(C)C)[n-]->31,Cc1cc(C(C)(C)C)n2->[Fe+2]3(<-[I-])<-n4c(C(C)(C)C)cc(C)n4[BH-](n12)n1c(C)cc(C(C)(C)C)n->31,Cc1cc(C(C)(C)C)n2->[Fe+2]3(<-[I-])<-n4c(C(C)(C)C)cc(C)n4[BH-](n12)n1c(C)cc(C(C)(C)C)n->31
IPAFIQ,,C31 H36 N6 Rh1 1+,1.0,C[n+]1nn(-c2ccccc2)[c]2->[Rh+]34567(<-[c]8c(CCCc21)[n+](C)nn8-c1cccc[c-]->31)<-c1(C)c->4(C)c->5(C)[c-]->6(C)c->71C,Cn1n[n+](-c2ccccc2)[c-]2->[Rh+3]34567(<-[c-]8ccccc8-n8n[n+](C)c(CCCc21)[c-]->38)<-c1(C)c->4(C)c->5(C)[c-]->6(C)c->71C,Cn1n[n+](-c2ccccc2)[c-]2->[Rh+3]34567(<-[c-]8ccccc8-n8n[n+](C)c(CCCc21)[c-]->38)<-c1(C)c->4(C)c->5(C)[c-]->6(C)c->71C
IPEQOJ,[Cl-]->[Ru+2]123(<-n4ccccc4-c4cccc(-c5ccccn->15)n->24)<-n1cccc2ccc4cccn->3c4c21,C27 H19 Cl1 N5 Ru1 1+,1.0,[Cl-]->[Ru+2]123(<-n4ccccc4-c4cccc(-c5ccccn->15)n->24)<-n1cccc2ccc4cccn->3c4c21,[Cl-]->[Ru+2]123(<-n4ccccc4-c4cccc(-c5ccccn->15)n->24)<-n1cccc2ccc4cccn->3c4c21,[Cl-]->[Ru+2]123(<-n4ccccc4-c4cccc(-c5ccccn->15)n->24)<-n1cccc2ccc4cccn->3c4c21
IPOMEF,c1ccc([P+]2(/N=c3/scc[n-]3->[Pd+2]3(<-[S-]2)<-[S-][P+](/N=c2/scc[n-]->32)(c2ccccc2)c2ccccc2)c2ccccc2)cc1,C30 H24 N4 P2 Pd1 S4,0.0,c1ccc(P2(N=c3scc[n-]3->[Pd+2]3(<-S=2)<-S=P(N=c2scc[n-]->32)(c2ccccc2)c2ccccc2)c2ccccc2)cc1,c1ccc([P+]2(N=c3scc[n-]3->[Pd+2]3(<-[S-]2)<-[S-][P+](N=c2scc[n-]->32)(c2ccccc2)c2ccccc2)c2ccccc2)cc1,c1ccc([P+]2(N=c3scc[n-]3->[Pd+2]3(<-[S-]2)<-[S-][P+](N=c2scc[n-]->32)(c2ccccc2)c2ccccc2)c2ccccc2)cc1
IQABIL,CC(C)(C)N12->[Mo+4]34(<-[O-2])(<-[S-]SS[S-]->3)<-N(C(C)(C)C)(C1)CN->4(C(C)(C)C)C2,C15 H33 Mo1 N3 O1 S4,0.0,CC(C)(C)N12->[Mo+4]34(<-[O-2])(<-[S-]SS[S-]->3)<-N(C(C)(C)C)(C1)CN->4(C(C)(C)C)C2,CC(C)(C)N12->[Mo+2]34(<-[O-2])(<-S=S=S=S->3)<-N(C(C)(C)C)(C1)CN->4(C(C)(C)C)C2,CC(C)(C)N12->[Mo+2]34(<-[O-2])(<-S=S=S=S->3)<-N(C(C)(C)C)(C1)CN->4(C(C)(C)C)C2
IQICIV,COC(=O)[CH-]1/C2=C3\C4=C->[Fe+2]<-4<-3<-2<-1(<-[C-]#[O+])(<-[C-]#[O+])<-[C-]#[O+],C10 H9 Fe1 O5 1+,1.0,fail,COC(=O)C1=C2[CH-]3C4=C->[Fe+2]<-4<-1<-2<-3(<-[C-]#[O+])(<-[C-]#[O+])<-[C-]#[O+],COC1O[C-](=O)->[Fe+2]2345(<-[C-]#[O+])(<-[C-]#[O+])<-C=C->2C->3=C->4C->5=1
IQODUN,,C32 H32 N4 O4 Zn1,0.0,COc1ccc(N2=CC=N(c3ccc(OC)cc3)->[Zn]<-23<-N(=CC=N->3c2ccc(OC)cc2)c2ccc(OC)cc2)cc1,COc1ccc(N2=CC=N(c3ccc(OC)cc3)->[Zn]<-23<-N(=CC=N->3c2ccc(OC)cc2)c2ccc(OC)cc2)cc1,COc1ccc(N2=CC=N(c3ccc(OC)cc3)->[Zn]<-23<-N(=CC=N->3c2ccc(OC)cc2)c2ccc(OC)cc2)cc1
IQUFUW,Cc1ccc(/N2=C/c3ccccn3->[Ni+2]<-23(<-O=C(/C=C(\[O-]->3)c2ccccc2)c2ccccc2)<-[O-]/C(=C\C(=O)c2ccccc2)c2ccccc2)cc1,C43 H34 N2 Ni1 O4,0.0,fail,Cc1ccc(N2=Cc3ccccn3->[Ni+2]<-234(<-O=C(C=C([O-]->3)c2ccccc2)c2ccccc2)<-O=C(C=C([O-]->4)c2ccccc2)c2ccccc2)cc1,Cc1ccc(N2=Cc3ccccn3->[Ni+2]<-234(<-O=C(C=C([O-]->3)c2ccccc2)c2ccccc2)<-O=C(C=C([O-]->4)c2ccccc2)c2ccccc2)cc1
IRATOL,CC1=O->[Zn+2]2(<-O=C(C)[O-]->2)(<-[O-]1)(<-n1cc(C)cc(C)c1)<-n1cc(C)cc(C)c1,C18 H24 N2 O4 Zn1,0.0,CC(=O)[O-]->[Zn+2](<-[O-]C(C)=O)(<-n1cc(C)cc(C)c1)<-n1cc(C)cc(C)c1,CC(=O)[O-]->[Zn+2](<-[O-]C(C)=O)(<-n1cc(C)cc(C)c1)<-n1cc(C)cc(C)c1,Cc1cc(C)cn(->[Zn+2]2345(<-O=C->2(C)[O-]->3)(<-O=C->4(C)[O-]->5)<-n2cc(C)cc(C)c2)c1
IREGIW,[Cl-]->[Ru+2]123(<-N(=N\c4ccccn->14)/c1ccccc1)<-n1cccn1C(n1cccn->21)n1cccn->31,C21 H19 Cl1 N9 Ru1 1+,1.0,[Cl-]->[Ru+2]123(<-N(=Nc4ccccn->14)c1ccccc1)<-n1cccn1C(n1cccn->21)n1cccn->31,[Cl-]->[Ru+4]123(<-n4cccn4C(n4cccn->14)n1cccn->21)<-[N-](N=c1cccc[n-]->31)c1ccccc1,[Cl-]->[Ru+4]123(<-n4cccn4C(n4cccn->14)n1cccn->21)<-[N-](N=c1cccc[n-]->31)c1ccccc1
IRIMUS,Cc1cc(C[NH+](C)C)c2[O-]->[Pd+2](<-[Cl-])(<-[Cl-])<-N(C)(C)Cc2c1,C13 H22 Cl2 N2 O1 Pd1,0.0,Cc1cc(C[NH+](C)C)c2[O-]->[Pd+2](<-[Cl-])(<-[Cl-])<-N(C)(C)Cc2c1,Cc1cc(C[NH+](C)C)c2[O-]->[Pd+2](<-[Cl-])(<-[Cl-])<-N(C)(C)Cc2c1,Cc1cc(CN(C)C)c2O->[Pd+2](<-[Cl-])(<-[Cl-])<-N(C)(C)Cc2c1
IRUDUW,CCO(CC)->[Fe@@+2]1(<-[Cl-])<-N(=C(\C=C(/[N-]->1c1c(Cl)cccc1Cl)C(F)(F)F)C(F)(F)F)/c1c(Cl)cccc1Cl,C21 H17 Cl5 F6 Fe1 N2 O1,0.0,CCO(CC)->[Fe+2]1(<-[Cl-])<-N(=C(C=C([N-]->1c1c(Cl)cccc1Cl)C(F)(F)F)C(F)(F)F)c1c(Cl)cccc1Cl,CCO(CC)->[Fe+2]1(<-[Cl-])<-N(=C(C=C([N-]->1c1c(Cl)cccc1Cl)C(F)(F)F)C(F)(F)F)c1c(Cl)cccc1Cl,CCOCC.FC(F)(F)C1=CC(C(F)(F)F)=N(c2c(Cl)cccc2Cl)->[Fe+2](<-[Cl-])<-[N-]1c1c(Cl)cccc1Cl
ISAPUN,Cc1cc2Cc3cc(C)cc(C(C)(C)C)c3[O-]->[Ti+4]3456789%10(<-[O-]c2c(C(C)(C)C)c1)(<-c1c->3c->4[cH-]->5c->61)<-c1c->7c->8[cH-]->9c->%101,C33 H40 O2 Ti1,0.0,Cc1cc2Cc3cc(C)cc(C(C)(C)C)c3[O-]->[Ti+4]3456789%10(<-[O-]c2c(C(C)(C)C)c1)(<-c1c->3c->4[cH-]->5c->61)<-c1c->7c->8[cH-]->9c->%101,Cc1cc2Cc3cc(C)cc(C(C)(C)C)c3[O-]->[Ti+4]3456789%10(<-[O-]c2c(C(C)(C)C)c1)(<-c1c->3c->4[cH-]->5c->61)<-c1c->7c->8[cH-]->9c->%101,Cc1cc2Cc3cc(C)cc(C(C)(C)C)c3[O-]->[Ti+4]3456(<-[O-]c2c(C(C)(C)C)c1)(<-c1c->3c->4[cH-]->5c->61)<-[cH-]1cccc1
ISEPED,Cc1ccc([S@](=O)c2[c-](->[Au+]<-[Cl-])n([C@H](C)c3ccccc3)n[n+]2C)cc1,C18 H19 Au1 Cl1 N3 O1 S1,0.0,Cc1ccc(S(=O)c2[c](->[Au]<-[Cl-])n(C(C)c3ccccc3)n[n+]2C)cc1,Cc1ccc(S(=O)c2[c-](->[Au+]<-[Cl-])n(C(C)c3ccccc3)n[n+]2C)cc1,Cc1ccc(S(=O)c2[c-](->[Au+]<-[Cl-])n(C(C)c3ccccc3)n[n+]2C)cc1
ISOMOS,,C32 H39 Ir1 N1 P1,0.0,CC(C)N1C(C)C2c3cccc[c-]3->[Ir+]<-1345(<-C1=C->3CCC->4=C->5CC1)<-P2(c1ccccc1)c1ccccc1,CC(C)N1C(C)C2c3cccc[c-]3->[Ir+]<-1345(<-C1=C->3CCC->4=C->5CC1)<-P2(c1ccccc1)c1ccccc1,CC(C)NC(C)C1c2cccc[c-]2->[Ir+]234(<-C5=C->2CCC->3=C->4CC5)<-P1(c1ccccc1)c1ccccc1
ISOROZ,,C13 H12 Cl2 Hg1 N2,0.0,Cc1ccccc1N1=Cc2ccccn2->[Hg+2]<-1(<-[Cl-])<-[Cl-],Cc1ccccc1N=Cc1ccccn1->[Hg+2](<-[Cl-])<-[Cl-],Cc1ccccc1N=Cc1ccccn1.[Cl-]->[Hg+2]<-[Cl-]
ISUGEJ,,C21 H23 N1 Ni1 O7,0.0,CO->[Ni+2]12(<-O)(<-O)<-[O-]C(=O)C(Cc3ccc(O)cc3)N->1=Cc1c([O-]->2)ccc2ccccc12,CO->[Ni+2]12(<-O)(<-O)<-[O-]C(=O)C(Cc3ccc(O)cc3)N->1=Cc1c([O-]->2)ccc2ccccc12,CO.O.O=C1[O-]->[Ni+2]2(<-O)<-[O-]c3ccc4ccccc4c3C=N->2C1Cc1ccc(O)cc1
ITADUE,O=P1(c2ccccc2)c2ccccc2P(c2ccccc2)(c2ccccc2)->[Ag+](<-[I-])<-P(c2ccccc2)(c2ccccc2)c2ccccc21,C42 H33 Ag1 I1 O1 P3,0.0,[I-]->[Ag+]12<-O=P(c3ccccc3)(c3ccccc3P->1(c1ccccc1)c1ccccc1)c1ccccc1P->2(c1ccccc1)c1ccccc1,O=P1(c2ccccc2)c2ccccc2P(c2ccccc2)(c2ccccc2)->[Ag+](<-[I-])<-P(c2ccccc2)(c2ccccc2)c2ccccc21,[I-]->[Ag+]12<-O=P(c3ccccc3)(c3ccccc3P->1(c1ccccc1)c1ccccc1)c1ccccc1P->2(c1ccccc1)c1ccccc1
ITEMEA,,C24 H44 F4 Ir1 N1 O3 P2,0.0,fail,CC(C)P(C(C)C)(C(C)C)->[IrH+2]1(<-O=C(O)[O-]->1)(<-[c-]1c(F)c(F)nc(F)c1F)<-P(C(C)C)(C(C)C)C(C)C,CC(C)P(C(C)C)(C(C)C)->[IrH+2]12(<-O=C->1(O)[O-]->2)(<-[c-]1c(F)c(F)nc(F)c1F)<-P(C(C)C)(C(C)C)C(C)C
ITIYUH,C[CH2-]->[Zn+2]1<-[N-](c2ccccc2)[P+]([CH-][P+](c2ccccc2)(c2ccccc2)[N-]->1c1ccccc1)(c1ccccc1)c1ccccc1,C39 H36 N2 P2 Zn1,0.0,fail,C[CH2-]->[Zn+2]1<-[N-](c2ccccc2)[P+]([CH-][P+](c2ccccc2)(c2ccccc2)[N-]->1c1ccccc1)(c1ccccc1)c1ccccc1,C[CH2-]->[Zn+2]1<-[N-](c2ccccc2)[P+]([CH-][P+](c2ccccc2)(c2ccccc2)[N-]->1c1ccccc1)(c1ccccc1)c1ccccc1
ITUVEA,CC(C)c1cccc(C(C)C)c1-n1n[n+](C)c(-c2ccc(C(C)(C)C)cc2)[c-]1->[Au+]<-[Cl-],C25 H33 Au1 Cl1 N3,0.0,CC(C)c1cccc(C(C)C)c1-[n+]1nn(C)c(-c2ccc(C(C)(C)C)cc2)[c]1->[Au]<-[Cl-],CC(C)c1cccc(C(C)C)c1-n1n[n+](C)c(-c2ccc(C(C)(C)C)cc2)[c-]1->[Au+]<-[Cl-],CC(C)c1cccc(C(C)C)c1-n1n[n+](C)c(-c2ccc(C(C)(C)C)cc2)[c-]1->[Au+]<-[Cl-]
IVAMOJ,[I-]->[Pd]12<-[B-](=C3C=CC=CC3=[P+]->1(c1ccccc1)c1ccccc1)=C1C=CC=CC1=[P+]->2(c1ccccc1)c1ccccc1,C36 H28 B1 I1 P2 Pd1,0.0,[I-]->[Pd+2]12<-[BH2-](c3ccccc3P->1(c1ccccc1)c1ccccc1)c1ccccc1P->2(c1ccccc1)c1ccccc1,[I-]->[Pd+2]12<-[B-](=C3C=CC=CC3=[P+]->1(c1ccccc1)c1ccccc1)=C1C=CC=C[C-]1P->2(c1ccccc1)c1ccccc1,[I-]->[Pd+2]12<-[B-](=C3C=CC=CC3=[P+]->1(c1ccccc1)c1ccccc1)=C1C=CC=C[C-]1P->2(c1ccccc1)c1ccccc1
IVERUW,Cn1c([S-]->[Cu@TB7+]2(<-S=c3[nH]nc(C(F)(F)F)n3C)<-[P@TB4](/C=C\[P@TB19]->2(c2ccccc2)c2ccccc2)(c2ccccc2)c2ccccc2)nnc1C(F)(F)F,C34 H29 Cu1 F6 N6 P2 S2,0.0,Cn1c(C(F)(F)F)n[nH]c1=S->[Cu-]1(<-S=C2N=NC(C(F)(F)F)=[N+]2C)<-P(C=CP->1(c1ccccc1)c1ccccc1)(c1ccccc1)c1ccccc1,Cn1c([S-]->[Cu+]2(<-S=c3[nH]nc(C(F)(F)F)n3C)<-P(C=CP->2(c2ccccc2)c2ccccc2)(c2ccccc2)c2ccccc2)nnc1C(F)(F)F,Cn1c([S-]->[Cu+]2(<-S=c3[nH]nc(C(F)(F)F)n3C)<-P(C=CP->2(c2ccccc2)c2ccccc2)(c2ccccc2)c2ccccc2)nnc1C(F)(F)F
IVIKOO,O=C1CNCCN2CC(=O)[O-]->[Ni@OH29+2]<-2(<-[O-]1)<-n1cccc2ccc3cccnc3c21,C18 H18 N4 Ni1 O4,0.0,O=C1CN2CCN3CC(=O)[O-]->[Ni+2]<-2<-34(<-[O-]1)<-n1cccc2ccc3cccn->4c3c21,O=C1CN2CCN3CC(=O)[O-]->[Ni+2]<-2<-34(<-[O-]1)<-n1cccc2ccc3cccn->4c3c21,O=C1CN2CCN3CC(=O)[O-]->[Ni+2]<-2<-34(<-[O-]1)<-n1cccc2ccc3cccn->4c3c21
IVOXUN,,C25 H39 N3 O3 P1 V1,0.0,CC(C)N(C(C)C)[P-](c1c[n+](C(C)(C)C)cn1C(C)(C)C)->[V+2]1234(<-[C-]#[O+])(<-[C-]#[O+])(<-[C-]#[O+])<-c5c->1c->2[cH-]->3c->45,CC(C)N(C(C)C)[P-](C1=CN(C(C)(C)C)[CH-]N1C(C)(C)C)->[V+3]1234(<-[C-]#[O+])(<-[C-]#[O+])(<-[C-]#[O+])<-c5c->1c->2[cH-]->3c->45,CC(C)N(C(C)C)[P-](C1=CN(C(C)(C)C)[CH-]N1C(C)(C)C)->[V+5]123456(<-[C-](=O)C->1(=O)[C-]->2=O)<-c1c->3c->4[cH-]->5c->61
IVUTEY,CCC1=C(C)/C2=C/C3=N4->[Ni@+2](<-[O-][N+](=O)[O-])(<-N2=C1C)<-[n-]1c(C)c(CC)c(C)c1/C=C\4C(CC)=C3CC,C26 H34 N4 Ni1 O3,0.0,CCC1=C(C)C2=Cc3c(CC)c(CC)c4C=C5C(C)=C(CC)C(C)=N5->[Ni+2]5(<-[O-][N+](=O)[O-]->5)(<-N2=C1C)<-[n-]34,CCC1=C(C)C2=CC3=N4->[Ni+2]5(<-[O-][N+](=O)[O-]->5)(<-N2=C1C)<-[n-]1c(C)c(CC)c(C)c1C=C4C(CC)=C3CC,CCC1=C(C)C2=CC3=N4->[Ni+2]5(<-[O-][N+](=O)[O-]->5)(<-N2=C1C)<-[n-]1c(C)c(CC)c(C)c1C=C4C(CC)=C3CC
IWALEZ,O=C(O)c1nc2c3cccn4->[Pt+2](<-[Cl-])(<-[Cl-])<-n5cccc(c2nc1C(=O)O)c5c34,C16 H8 Cl2 N4 O4 Pt1,0.0,O=C(O)c1nc2c3cccn4->[Pt+2](<-[Cl-])(<-[Cl-])<-n5cccc(c2nc1C(=O)O)c5c34,O=C(O)c1nc2c3c4c5c(c2nc1C(=O)O)=CC=C[N-]5->[Pt+4](<-[Cl-])(<-[Cl-])<-[N-]4C=CC=3,O=C(O)c1nc2c3c4c5c(c2nc1C(=O)O)=CC=C[N-]5->[Pt+4](<-[Cl-])(<-[Cl-])<-[N-]4C=CC=3
IWEDOE,,C37 H42 Cl2 N2 Ru1 S1,0.0,Cc1cc(C)c(N2CCN(c3c(C)cc(C)cc3C)[C]2->[Ru+4]2(<-[Cl-])(<-[Cl-])<-[CH-2]c3cc(-c4ccccc4)ccc3S->2C(C)C)c(C)c1,Cc1cc(C)c(N2CCN(c3c(C)cc(C)cc3C)[C]2->[Ru+2]2(<-[Cl-])(<-[Cl-])<-[CH]c3cc(-c4ccccc4)ccc3S->2C(C)C)c(C)c1,Cc1cc(C)c(N2CCN(c3c(C)cc(C)cc3C)[C]2->[Ru+2]2(<-[Cl-])(<-[Cl-])<-[CH]c3cc(-c4ccccc4)ccc3S->2C(C)C)c(C)c1
IWEZIU,,C27 H41 N1 P2 Pt1 S1,0.0,CC(C)P1(CCP(C(C)C)(C(C)C)->[Pt+2]<-12<-[CH-]=CC=C([S-]->2)c1cccc2cccnc12)C(C)C,CC(C)P1(CCP(C(C)C)(C(C)C)->[Pt+2]<-12<-[CH-]=CC=C([S-]->2)c1cccc2cccnc12)C(C)C,CC(C)P1(CCP(C(C)C)(C(C)C)->[Pt+2]<-12<-[CH-]=CC=C([S-]->2)c1cccc2cccnc12)C(C)C
IWODEE,CP(C)(C)->[Ni+2](<-[CH3-])(<-[NH-]C(=O)c1c(F)cccc1F)<-P(C)(C)C,C14 H25 F2 N1 Ni1 O1 P2,0.0,CP(C)(C)->[Ni+2](<-[CH3-])(<-[NH-]C(=O)c1c(F)cccc1F)<-P(C)(C)C,CP(C)(C)->[Ni+2](<-[CH3-])(<-[NH-]C(=O)c1c(F)cccc1F)<-P(C)(C)C,CP(C)(C)->[Ni+2]1(<-[CH3-])(<-N=C([O-]->1)c1c(F)cccc1F)<-P(C)(C)C
IWUDUB,C[n+]1nn(-c2ccccc2)[c-](->[Pd+2](<-[Cl-])(<-[Cl-])<-P(c2ccccc2)(c2ccccc2)c2ccccc2)c1-c1ccccc1,C33 H28 Cl2 N3 P1 Pd1,0.0,C[n+]1nn(-c2ccccc2)[c](->[Pd+](<-[Cl-])(<-[Cl-])<-P(c2ccccc2)(c2ccccc2)c2ccccc2)c1-c1ccccc1,C[n+]1nn(-c2ccccc2)[c-](->[Pd+2](<-[Cl-])(<-[Cl-])<-P(c2ccccc2)(c2ccccc2)c2ccccc2)c1-c1ccccc1,C[n+]1nn(-c2ccccc2)[c-](->[Pd+2](<-[Cl-])(<-[Cl-])<-P(c2ccccc2)(c2ccccc2)c2ccccc2)c1-c1ccccc1
IWULUH,OCC1#C(CO)->[Cu+]<-1(<-[Cl-])<-[Cl-],C4 H6 Cl2 Cu1 O2 1-,-1.0,OCC1#C(CO)->[Cu+]<-1(<-[Cl-])<-[Cl-],OCC1#C(CO)->[Cu+]<-1(<-[Cl-])<-[Cl-],OCC1#C(CO)->[Cu+]<-1(<-[Cl-])<-[Cl-]
IXEDAS,CO->[Mo+6]12(<-[O-2])(<-[O-2])<-[O-]/C(=N\N->1=C\c1cc(Br)ccc1[O-]->2)c1ccncc1,C14 H12 Br1 Mo1 N3 O5,0.0,CO->[Mo+6]12(<-[O-2])(<-[O-2])<-[O-]C(=NN->1=Cc1cc(Br)ccc1[O-]->2)c1ccncc1,CO->[Mo+6]12(<-[O-2])(<-[O-2])<-[O-]C(=NN->1=Cc1cc(Br)ccc1[O-]->2)c1ccncc1,CO->[Mo+6]12(<-[O-2])(<-[O-2])<-[O-]C(=NN->1=Cc1cc(Br)ccc1[O-]->2)c1ccncc1
IXIVAM,C[Si]1(C)N2CCCN3CCCN(->[Cu+](<-[Cl-])<-N4=C5N(CCCN51)CCC4)=C32,C16 H30 Cl1 Cu1 N6 Si1,0.0,C[Si]1(C)N2CCCN3CCCN(->[Cu+](<-[Cl-])<-N4=C5N(CCCN51)CCC4)=C32,C[Si]1(C)N2CCCN3CCCN(->[Cu+](<-[Cl-])<-N4=C5N(CCCN51)CCC4)=C32,C[Si]1(C)N2CCCN3CCCN(->[Cu+](<-[Cl-])<-N4=C5N(CCCN51)CCC4)=C32
IXOSUK,c1ccc2c(CC3=O->[Zn+2]45(<-O=C(Cc6c[nH]c7ccccc67)[O-]->4)(<-[O-]3)<-n3cccc4ccc6cccn->5c6c43)c[nH]c2c1,C32 H24 N4 O4 Zn1,0.0,O=C(Cc1c[nH]c2ccccc12)[O-]->[Zn+2]1(<-[O-]C(=O)Cc2c[nH]c3ccccc23)<-n2cccc3ccc4cccn->1c4c32,O=C(Cc1c[nH]c2ccccc12)[O-]->[Zn+2]1(<-[O-]C(=O)Cc2c[nH]c3ccccc23)<-n2cccc3ccc4cccn->1c4c32,c1ccc2c(CC34=O->[Zn+2]<-3567(<-O=C->5(Cc3c[nH]c5ccccc35)[O-]->6)(<-[O-]4)<-n3cccc4ccc5cccn->7c5c43)c[nH]c2c1
IXUNAR,CN1(C)Cc2cccc[c-]2->[Ta+5]<-12345(<-[Cl-])(<-[Cl-])(<-[Cl-])<-c1c->2c->3[c-]->4([Si](C)(C)C)c->51,C17 H25 Cl3 N1 Si1 Ta1,0.0,CN1(C)Cc2cccc[c-]2->[Ta+5]<-12345(<-[Cl-])(<-[Cl-])(<-[Cl-])<-c1c->2c->3([Si](C)(C)C)c->4[cH-]->51,CN1(C)Cc2cccc[c-]2->[Ta+5]<-12345(<-[Cl-])(<-[Cl-])(<-[Cl-])<-c1c->2c->3[c-]->4([Si](C)(C)C)c->51,CN1(C)Cc2cccc[c-]2->[Ta+5]<-1(<-[Cl-])(<-[Cl-])(<-[Cl-])<-[cH-]1cccc1[Si](C)(C)C
IYAXEN,CO->[Mo+6]12(<-[O-2])(<-[O-2])<-[O-]/C(=N\N->1=C\c1cc(Cl)cc(Cl)c1[O-]->2)c1ccccc1N,C15 H13 Cl2 Mo1 N3 O5,0.0,CO->[Mo+6]12(<-[O-2])(<-[O-2])<-[O-]C(=NN->1=Cc1cc(Cl)cc(Cl)c1[O-]->2)c1ccccc1N,CO->[Mo+6]12(<-[O-2])(<-[O-2])<-[O-]C(=NN->1=Cc1cc(Cl)cc(Cl)c1[O-]->2)c1ccccc1N,CO.Nc1ccccc1C1=NN2->[Mo+6](<-[O-2])(<-[O-2])(<-[O-]1)<-[O-]c1c(Cl)cc(Cl)cc1C=2
IYICID,S=c1sc2[S-]->[Pd@SP2+2]3(<-S=C4C(=S->3)N(Cc3ccccc3)CCN4Cc3ccccc3)<-[S-]c2s1,C21 H18 N2 Pd1 S7,0.0,S=c1sc2[S-]->[Pd+2]3(<-S=C4C(=S->3)N(Cc3ccccc3)CCN4Cc3ccccc3)<-[S-]c2s1,S=C1SC2=S->[Pd]3(<-S=C2S1)<-S=C1C(=S->3)N(Cc2ccccc2)CCN1Cc1ccccc1,S=C1SC2=S->[Pd]3(<-S=C2S1)<-S=C1C(=S->3)N(Cc2ccccc2)CCN1Cc1ccccc1
IYULET,Br[O-]->[Ni+2]12(<-n3cccc4ccc5cccn->1c5c43)<-n1cccc3ccc4cccn->2c4c31,C24 H18 Br1 N4 Ni1 O1 1+,1.0,O->[Ni+2]12(<-[Br-])(<-n3cccc4ccc5cccn->1c5c43)<-n1cccc3ccc4cccn->2c4c31,[O-2]->[Ni+4]12(<-[Br-])(<-n3cccc4ccc5cccn->1c5c43)<-n1cccc3ccc4cccn->2c4c31,Br[O-]->[Ni+2]12(<-n3cccc4ccc5cccn->1c5c43)<-n1cccc3ccc4cccn->2c4c31
IZICOJ,[Cl-]->[Zr+4]123456789(<-[Cl-])<-[CH+]%10[CH-]->1[CH+]->2C->3(=c1ccc2ccccc2c1=C->41c->52ccccc->62[C-]->72C=CC=C[C-]->812)[CH-]->9%10,C28 H18 Cl2 Zr1,0.0,[Cl-]->[Zr+4]123456789(<-[Cl-])<-c%10c->1c->2(-c1ccc2ccccc2c1-[c-]->31c->42ccccc->52c->62ccccc->721)c->8[cH-]->9%10,[Cl-]->[Zr+6]123456789(<-[Cl-])<-[cH+]%10[cH-]->1[cH+]->2[c-]->3(-c1ccc2ccccc2c1C->41=C->52C=CC=C[C-]->62[C-]->72C=CC=C[C-]->812)[cH-]->9%10,[Cl-]->[Zr+6]123456789(<-[Cl-])<-[cH+]%10[cH-]->1[cH+]->2[c-]->3(-c1ccc2ccccc2c1C->41=C->52C=CC=C[C-]->62[C-]->72C=CC=C[C-]->812)[cH-]->9%10
IZIFUS,,C26 H47 N2 O1 P2 Ru1 1+,1.0,CC#N->[RuH+]12(<-[C-]#[O+])<-n3c(CP->1(C(C)(C)C)C(C)(C)C)cccc3CP->2(C(C)(C)C)C(C)(C)C,CC#N->[RuH+]12(<-[C-]#[O+])<-n3c(CP->1(C(C)(C)C)C(C)(C)C)cccc3CP->2(C(C)(C)C)C(C)(C)C,CC#N->[RuH+]12(<-[C-]#[O+])<-n3c(CP->1(C(C)(C)C)C(C)(C)C)cccc3CP->2(C(C)(C)C)C(C)(C)C
IZOGOT,,C19 H25 B1 Mo1 N9 O1 1+,1.0,fail,Cn1ccn(->[Mo+4]2345(<-[N-]=O)(<-C6=C->2[CH-]->3CCC6)<-n2cccn2[BH-](n2cccn->42)n2cccn->52)c1,Cn1ccn(->[Mo+4]2345(<-[N-]=O)(<-C6=C->2[CH-]->3CCC6)<-n2cccn2[BH-](n2cccn->42)n2cccn->52)c1
IZUFIT,CC(C)(C)c1ccc23->[Zr+4]456789%10%11(<-[Cl-])(<-[Cl-])<-c%12c->4(C(C)(C)C)c->5[c-]->6(C[c-]->72c->82ccc(C(C)(C)C)cc->92c->%103c1)c->%11%12C,C32 H40 Cl2 Zr1,0.0,CC(C)(C)c1ccc23->[Zr+4]456789%10%11(<-[Cl-])(<-[Cl-])<-c%12c->4(C(C)(C)C)[cH-]->5c->6(C)c->7%12C[c-]->82c->92ccc(C(C)(C)C)cc->%102c->%113c1,CC(C)(C)c1ccc23->[Zr+4]456789%10%11(<-[Cl-])(<-[Cl-])<-c%12c->4(C(C)(C)C)c->5[c-]->6(C[c-]->72c->82ccc(C(C)(C)C)cc->92c->%103c1)c->%11%12C,CC(C)(C)c1ccc23->[Zr+4]456789%10%11(<-[Cl-])(<-[Cl-])<-c%12c->4(C(C)(C)C)c->5[c-]->6(C[c-]->72c->82ccc(C(C)(C)C)cc->92c->%103c1)c->%11%12C
IZUQIF,,C12 H10 Br2 Hg1 N4 O1,0.0,[Br-]->[Hg+2]12(<-[Br-])<-O=C(NN->1=Cc1ccccn->21)c1ccccn1,O=C(NN=Cc1ccccn1)c1ccccn1.[Br-]->[Hg+2]<-[Br-],O=C(NN=Cc1ccccn1)c1ccccn1.[Br-]->[Hg+2]<-[Br-]
JACBUN,CC1=NN(C(C)C)C2=S->[Pd+2]3(<-S=C4/C(=N\[N-]->3c3ccc(C)cc3)C(C)=NN4C(C)C)<-[N-](/N=C/12)c1ccc(C)cc1,C28 H34 N8 Pd1 S2,0.0,Cc1ccc(N2=Nc3c(C)nn(C(C)C)c3[S-]->[Pd+2]<-23<-[S-]c2c(N=N->3c3ccc(C)cc3)c(C)nn2C(C)C)cc1,CC1=NN(C(C)C)C2=S->[Pd+2]3(<-S=C4C(=N[N-]->3c3ccc(C)cc3)C(C)=NN4C(C)C)<-[N-](N=C12)c1ccc(C)cc1,CC1=NN(C(C)C)C2=S->[Pd+2]3(<-S=C4C(=N[N-]->3c3ccc(C)cc3)C(C)=NN4C(C)C)<-[N-](N=C12)c1ccc(C)cc1
JACYAN,Cc12->[Ta+5]3456789%10(<-[CH2-]c%11ccccc%11)(<-[O-][O-]->3)(<-c1(C)c->4(C)[c-]->5(C)c->62C)<-c1(C)c->7(C)c->8(C)[c-]->9(C)c->%101C,C27 H37 O2 Ta1,0.0,Cc12->[Ta+5]3456789%10(<-[CH2-]c%11ccccc%11)(<-[O-][O-]->3)(<-c1(C)c->4(C)[c-]->5(C)c->62C)<-c1(C)c->7(C)c->8(C)[c-]->9(C)c->%101C,Cc12->[Ta+5]3456789%10(<-[CH2-]c%11ccccc%11)(<-[O-][O-]->3)(<-c1(C)c->4(C)[c-]->5(C)c->62C)<-c1(C)c->7(C)c->8(C)[c-]->9(C)c->%101C,Cc1c(C)c(C)[c-](C)(->[Ta+5]2(<-[CH2-]c3ccccc3)(<-[O-][O-]->2)<-[c-]2(C)c(C)c(C)c(C)c2C)c1C
JADWET,CC[N-](CC)->[Zn+2](<-N(c1ccccc1)=[Si](C)C)(<-N(c1ccccc1)=[Si](C)C)<-[N-](CC)CC,C24 H42 N4 Si2 Zn1,0.0,CCN1(CC)[Si](C)(C)[N-](c2ccccc2)->[Zn+2]<-12<-[N-](c1ccccc1)[Si](C)(C)N->2(CC)CC,CCN1(CC)[Si](C)(C)[N-](c2ccccc2)->[Zn+2]<-12<-[N-](c1ccccc1)[Si](C)(C)N->2(CC)CC,CCN1(CC)[Si](C)(C)[N-](c2ccccc2)->[Zn+2]<-12<-[N-](c1ccccc1)[Si](C)(C)N->2(CC)CC
JAGBIC,,C14 H30 Cl1 N4 Ni1 O4 S1 1+,1.0,[O-][Cl+3]([O-])([O-])[O-]->[Ni+2]1234<-N5CCCN->16CCS->2CCN->3(CCCN->4CC5)CC6,C1CN2->[Ni+8]345<-N(CCCN->36CCS->4CCN->5(C1)CC6)CC2.[O-2].[O-2].[O-2].[O-]Cl,[O-2].[O-2].[O-2]->[Ni+8]1234<-N5CCCN->16CCS->2CCN->3(CCCN->4CC5)CC6.[O-]Cl
JAHCAW,S=C=[N-]->[Cu+](<-S=c1[nH]c#c[nH]1)<-S=c1[nH]c#c[nH]1,C7 H12 Cu1 N5 S3,0.0,S=C=[N-]->[Cu+](<-S=C1NCCN1)<-S=C1NCCN1,S=C=[N-]->[Cu+](<-S=c1[nH]c#c[nH]1)<-S=c1[nH]c#c[nH]1,S=C=[N-]->[Cu+](<-S=c1[nH]c#c[nH]1)<-S=c1[nH]c#c[nH]1
JAJDUT,Cc1ccc(/N=[C-]2\S(C(C)C)->[W+4]<-234567(<-[C-]#[N+]c2ccc(C)cc2)(<-[C-](=C(C(=[C-]->3\C(F)(F)F)\C(F)(F)F)/C(F)(F)F)/C(F)(F)F)<-c2c->4c->5[cH-]->6c->72)cc1,C32 H26 F12 N2 S1 W1,0.0,Cc1ccc([N+]#[C-]->[W+4]23456(<-[C-]#[N+]c7ccc(C)cc7)(<-[S-]C(C)C)(<-[C-](=C(C(=[C-]->2C(F)(F)F)C(F)(F)F)C(F)(F)F)C(F)(F)F)<-c2c->3c->4[cH-]->5c->62)cc1,Cc1ccc([N+]#[C-]->[W+4]23456(<-[C-]#[N+]c7ccc(C)cc7)(<-[S-]C(C)C)(<-[C-](=C(C(=[C-]->2C(F)(F)F)C(F)(F)F)C(F)(F)F)C(F)(F)F)<-c2c->3c->4[cH-]->5c->62)cc1,Cc1ccc(N=[C-](SC(C)C)->[W+4]23456(<-[C-]#[N+]c7ccc(C)cc7)(<-[C-](=C(C(=[C-]->2C(F)(F)F)C(F)(F)F)C(F)(F)F)C(F)(F)F)<-c2c->3c->4[cH-]->5c->62)cc1
JAKKAI,Cc1cc(C)c2[O-]->[Ti+4]34(<-[CH2-]c5ccccc5)(<-[CH2-]c5ccccc5)<-[O-]c5c(C)cc(C)cc5CN->3(CCO->4C)Cc2c1,C35 H41 N1 O3 Ti1,0.0,Cc1cc(C)c2[O-]->[Ti+4]34(<-[CH2-]c5ccccc5)(<-[CH2-]c5ccccc5)<-[O-]c5c(C)cc(C)cc5CN->3(CCO->4C)Cc2c1,Cc1cc(C)c2[O-]->[Ti+4]34(<-[CH2-]c5ccccc5)(<-[CH2-]c5ccccc5)<-[O-]c5c(C)cc(C)cc5CN->3(CCO->4C)Cc2c1,Cc1cc(C)c2[O-]->[Ti+4]34(<-[CH2-]c5ccccc5)(<-[CH2-]c5ccccc5)<-[O-]c5c(C)cc(C)cc5CN->3(CCO->4C)Cc2c1
JAKZAZ,,C16 H25 Cl1 N3 Ni1 S2 1+,1.0,CCN(CC)C1=S->[Ni+2]2(<-[Cl-])<-S=C(c3c[n+](C)cc1[c-]->23)N(CC)CC,CCN(CC)C1=S->[Ni+2]2(<-[Cl-])<-S=C(C3=CN(C)C=C1[C]->23)N(CC)CC,CCN(CC)C1=S->[Ni+2]2(<-[Cl-])<-S=C(C3=CN(C)C=C1[C]->23)N(CC)CC
JAMHEL,CCNC1N/N2=C(\N)c3ccccn3->[Zn+2]<-2(<-[I-])(<-[I-])<-S=1,C9 H13 I2 N5 S1 Zn1,0.0,CCNC1NN2=C(N)c3ccccn3->[Zn+2]<-2(<-[I-])(<-[I-])<-S=1,CCNC1NN2=C(N)c3ccccn3->[Zn+2]<-2(<-[I-])(<-[I-])<-S=1,CCNC(=S)NN1=C(N)c2ccccn2->[Zn+2]<-1(<-[I-])<-[I-]
JAMNOD,CC(=O)[O-]->[Zn+2](<-[O-]C(C)=O)(<-N(/O)=C(/N)c1ccccc1Cl)<-N(/O)=C(/N)c1ccccc1Cl,C18 H20 Cl2 N4 O6 Zn1,0.0,CC(=O)[O-]->[Zn+2](<-[O-]C(C)=O)(<-N(O)=C(N)c1ccccc1Cl)<-N(O)=C(N)c1ccccc1Cl,CC(=O)[O-]->[Zn+2](<-[O-]C(C)=O)(<-N(O)=C(N)c1ccccc1Cl)<-N(O)=C(N)c1ccccc1Cl,CC12=O->[Zn+2]<-134(<-O=C->3(C)[O-]->4)(<-[O-]2)(<-N(O)=C(N)c1ccccc1Cl)<-N(O)=C(N)c1ccccc1Cl
JANTAW,,C24 H38 Cl1 O1 Os1 P2 1+,1.0,CC(C)P1(c2cccc3c4cccc5P(C(C)C)(C(C)C)->[OsH2+2]<-16(<-[Cl-])(<-[H][H]->6)<-o(c23)c54)C(C)C,CC(C)P1(c2cccc3c4cccc5P(C(C)C)(C(C)C)->[OsH4+2]<-1(<-[Cl-])<-o(c23)c54)C(C)C,CC(C)P1(c2cccc3c4cccc5P(C(C)C)(C(C)C)->[OsH4+2]<-1(<-[Cl-])<-o(c23)c54)C(C)C
JAPMUJ,CP(C)(C)->[Rh+3](<-[Cl-])(<-[Cl-])(<-[C-]#[O+])(<-[C-](=O)c1c(F)c(F)c(F)c(F)c1F)<-P(C)(C)C,C14 H18 Cl2 F5 O2 P2 Rh1,0.0,CP(C)(C)->[Rh+3](<-[Cl-])(<-[Cl-])(<-[C-]#[O+])(<-[C-](=O)c1c(F)c(F)c(F)c(F)c1F)<-P(C)(C)C,CP(C)(C)->[Rh+3](<-[Cl-])(<-[Cl-])(<-[C-]#[O+])(<-[C-](=O)c1c(F)c(F)c(F)c(F)c1F)<-P(C)(C)C,CP(C)(C)->[Rh+3](<-[Cl-])(<-[C-](=O)Cl)(<-[C-](=O)c1c(F)c(F)c(F)c(F)c1F)<-P(C)(C)C
JARNEV,CC(C)(C)c1ccn2[B-]3(c4ccccc4)n4ccc5C(C)(C)C6[H]->[Fe+2]<-678(<-[I-])(<-[H]C->7C(C)(C)c6ccn3n->86)(<-n12)<-n54,C27 H38 B1 Fe1 I1 N6,0.0,CC(C)(C)c1cc[n+]2[B-]3(c4ccccc4)[n+]4ccc(C(C)(C)C)[n-]4->[Fe+2](<-[I-])(<-[n-]12)<-[n-]1c(C(C)(C)C)cc[n+]13,CC(C)(C)c1ccn2[B-]3(c4ccccc4)n4ccc(C(C)(C)C)n4->[Fe+2](<-[I-])(<-n12)<-n1c(C(C)(C)C)ccn13,CC(C)(C)c1ccn2[B-]3(c4ccccc4)n4ccc(C(C)(C)C)n4->[Fe+2](<-[I-])(<-n12)<-n1c(C(C)(C)C)ccn13
JASKOD,,C6 H9 F6 N1 O4 P2 W1,0.0,CP(C)(C)->[W+](<-[C-]#[O+])(<-[C-]#[O+])(<-[C-]#[O+])(<-[N-]=O)<-F[PH](F)(F)(F)(F)F,CP(C)(C)->[W+2](<-[F-])(<-[C-]#[O+])(<-[C-]#[O+])(<-[C-]#[O+])<-[N-]=O.FP(F)(F)(F)F,CP(C)(C)->[W+2](<-[C-]#[O+])(<-[C-]#[O+])(<-[C-]#[O+])<-[N-]=O.FP(F)(F)(F)F.[F-]
JATBEL,,C25 H28 Cr1 O3 Si2,0.0,C[Si](C)(C)C1=Cc2ccc(cc2)C=C([Si](C)(C)C)c23->[Cr]4567(<-[C-]#[O+])(<-[C-]#[O+])(<-[C-]#[O+])<-c(c->42)c->51c->6c->73,C[Si](C)(C)C1=Cc2ccc(cc2)C=C([Si](C)(C)C)c23->[Cr]4567(<-[C-]#[O+])(<-[C-]#[O+])(<-[C-]#[O+])<-c(c->42)c->51c->6c->73,C[Si](C)(C)C1=Cc2ccc(cc2)C=C([Si](C)(C)C)c23->[Cr]4567(<-[C-]#[O+])(<-[C-]#[O+])(<-[C-]#[O+])<-c(c->42)c->51c->6c->73
JAVCIT,O=[N+]([O-])[O-]->[Cd+2]1(<-[O-][N+](=O)[O-])<-n2ccccc2CCN(Cc2ccc3ccccc3n2)Cc2ccc3ccccc3n->12,C27 H24 Cd1 N6 O6,0.0,O=[N+]([O-])[O-]->[Cd+2]123(<-[O-][N+](=O)[O-])<-n4ccccc4CCN->1(Cc1ccc4ccccc4n->21)Cc1ccc2ccccc2n->31,O=[N+]([O-])[O-]->[Cd+2]123(<-[O-][N+](=O)[O-])<-n4ccccc4CCN->1(Cc1ccc4ccccc4n->21)Cc1ccc2ccccc2n->31,O=[N+]1[O-]->[Cd+2]234(<-[O-]1)(<-[O-][N+](=O)[O-]->2)<-n1ccccc1CCN->3(Cc1ccc2ccccc2n1)Cc1ccc2ccccc2n->41
JAWNEA,CC1=C2/C=CC=C[N-]2->[Ni@OH20+2]2(<-[N-]=C=S)<-S=C(/N=N->2/1)N1C[C@H]2CC[C@H](CC2)C1,C17 H21 N5 Ni1 S2,0.0,CC1c2ccccn2->[Ni+2]2(<-[N-]=C=S)<-[S-]C(=NN->2=1)N1CC2CCC(CC2)C1,CC1=C2C=CC=C[N-]2->[Ni+2]2(<-[N-]=C=S)<-S=C(N=N->21)N1CC2CCC(CC2)C1,CC1=C2C=CC=C[N-]2->[Ni+2]2(<-[N-]=C=S)<-S=C(N=N->21)N1CC2CCC(CC2)C1
JAXVOT,CCC1C(CC)=C2(CC)[C-]3(CC)c4ccccc4CN(C)(C)->[Pd@TB6+2]<-2<-3(<-[Cl-])<-C=1=O,C22 H32 Cl1 N1 O1 Pd1,0.0,CCC1=C(CC)C2(CC)=C3(CC)c4ccccc4CN(C)(C)->[Pd+2]<-2<-3(<-[Cl-])<-[C-]1=O,CCC1=C(CC)C2(CC)=C3(CC)c4ccccc4CN(C)(C)->[Pd+2]<-2<-3(<-[Cl-])<-[C-]1=O,CCC1=C(CC)C2(CC)=C3(CC)c4ccccc4CN(C)(C)->[Pd+2]<-2<-3(<-[Cl-])<-[C-]1=O
JAYQAC,O=C1C(=O)[N-]2->[Ni@SP1+2]34<-N(=C(/c5ccccc5)c5cc(Cl)ccc52)/[C@@H]2CCCC[C@@H]2[N-]->3/C(c2ccccc2)=c2/cc(Cl)cc/c2=N->4\1,C34 H26 Cl2 N4 Ni1 O2,0.0,O=C1C(=O)[N-]2->[Ni+2]34<-N(=C(c5ccccc5)c5cc(Cl)ccc5[N-]->31)C1CCCCC1N->4=C(c1ccccc1)c1cc(Cl)ccc12,O=C1C(=O)[N-]2->[Ni+2]34<-N(=C(c5ccccc5)c5cc(Cl)ccc52)C2CCCCC2[N-]->3C(c2ccccc2)=c2cc(Cl)ccc2=N->41,O=C1C(=O)[N-]2->[Ni+2]34<-N(=C(c5ccccc5)c5cc(Cl)ccc52)C2CCCCC2[N-]->3C(c2ccccc2)=c2cc(Cl)ccc2=N->41
JEBCUO,[Cl-]->[Ni+2]12(<-[Cl-])<-N3CCS->1c1ccccc1CN->2CCSc1ccccc1C3,C18 H22 Cl2 N2 Ni1 S2,0.0,[Cl-]->[Ni+2]123(<-[Cl-])<-N4CCS->1c1ccccc1CN->2CCS->3c1ccccc1C4,[Cl-]->[Ni+2]123(<-[Cl-])<-N4CCS->1c1ccccc1CN->2CCS->3c1ccccc1C4,[Cl-]->[Ni+2]123(<-[Cl-])<-N4CCS->1c1ccccc1CN->2CCS->3c1ccccc1C4
JEDNUB,,C16 H17 O4 Re1,0.0,COC(=O)C=[C-](C(=O)OC)->[Re+3]12345678(<-c9c->1c->2[cH-]->3c->49)<-c1c->5c->6[cH-]->7c->81,COC(=O)C=[C-](C(=O)OC)->[Re+3]12345678(<-c9c->1c->2[cH-]->3c->49)<-c1c->5c->6[cH-]->7c->81,COC(=O)[C-]1=CC(OC)=O->[Re+3]<-123456(<-c1c->2c->3[cH-]->4c->51)<-c1ccc[cH-]->61
JEFSET,CC1(C)OP2(OC(C)(C)C(C)(C)[O-]->[Re+5]<-2(<-[O-2])(<-[Cl-])(<-[Cl-])<-n2ccccc2)OC1(C)C,C17 H29 Cl2 N1 O5 P1 Re1,0.0,CC1(C)OP2(OC(C)(C)C(C)(C)[O-]->[Re+5]<-2(<-[O-2])(<-[Cl-])(<-[Cl-])<-n2ccccc2)OC1(C)C,CC1(C)OP2(OC(C)(C)C(C)(C)[O-]->[Re+5]<-2(<-[O-2])(<-[Cl-])(<-[Cl-])<-n2ccccc2)OC1(C)C,CC1(C)OP2(OC(C)(C)C(C)(C)[O-]->[Re+5]<-2(<-[O-2])(<-[Cl-])(<-[Cl-])<-n2ccccc2)OC1(C)C
JEFYIC,C/C1=N2->[Ni+2]3(<-[O-]C([O-]->3)(C(F)(F)F)C(F)(F)F)<-N(CCCNCCC/2)C(C)(C)C1,C15 H25 F6 N3 Ni1 O2,0.0,CC1=N2->[Ni+2]34(<-[O-]C([O-]->3)(C(F)(F)F)C(F)(F)F)<-N(CCC2)CCCN->4C(C)(C)C1,CC1=N2->[Ni+2]34(<-[O-]C([O-]->3)(C(F)(F)F)C(F)(F)F)<-N(CCC2)CCCN->4C(C)(C)C1,CC1=N2->[Ni+2]34(<-[O-]C([O-]->3)(C(F)(F)F)C(F)(F)F)<-N(CCC2)CCCN->4C(C)(C)C1
JEGNIS,CC1(C)CSCC(C)(C)C2->[Cu+](<-N)(<-[Cl-])<-C#21,C10 H19 Cl1 Cu1 N1 S1,0.0,CC1(C)CSCC(C)(C)C2->[Cu+](<-N)(<-[Cl-])<-C#21,CC1(C)CSCC(C)(C)C2->[Cu+](<-N)(<-[Cl-])<-C#21,CC1(C)CSCC(C)(C)C2->[Cu+](<-N)(<-[Cl-])<-C#21
JEHJEM,CCN/C(=C1/C=CC(OC)=CC1=O->[Zn+2](<-[Cl-])(<-[Cl-])<-O=C1C=C(OC)C=C/C1=C(/NCC)c1ccccc1)c1ccccc1,C32 H34 Cl2 N2 O4 Zn1,0.0,CC[NH+]=C(c1ccccc1)c1ccc(OC)cc1[O-]->[Zn+2](<-[Cl-])(<-[Cl-])<-[O-]c1cc(OC)ccc1C(=[NH+]CC)c1ccccc1,CCNC(=C1C=CC(OC)=CC1=O->[Zn+2](<-[Cl-])(<-[Cl-])<-O=C1C=C(OC)C=CC1=C(NCC)c1ccccc1)c1ccccc1,CCNC(=C1C=CC(OC)=CC1=O->[Zn+2](<-[Cl-])(<-[Cl-])<-O=C1C=C(OC)C=CC1=C(NCC)c1ccccc1)c1ccccc1
JEJLIW,,C27 H37 B1 Mo1 N6 O2 Si1,0.0,fail,CC1=C(C)C2(C)C3(C)C1(C)[Si-]23->[Mo+2]12(<-[C-]#[O+])(<-[C-]#[O+])<-n3c(C)cc(C)n3[BH-](n3c(C)cc(C)n->13)n1c(C)cc(C)n->21,Cc1cc(C)n2->[Mo]3(<-[C-]#[O+])(<-[C-]#[O+])(<-[Si-3]C4(C)[C+](C)[C+](C)[C+](C)[C+]4C)<-n4c(C)cc(C)n4[BH-](n12)n1c(C)cc(C)n->31
JEKQAS,Cc1ccc([S@]2(=O)[O-]->[Pd@TB6+2]3(<-[I-])<-[C]4N(C)C=CN4c4ccc5ccccc5c4-c4c(N->3=2)ccc2ccccc42)cc1,C31 H24 I1 N3 O2 Pd1 S1,0.0,Cc1ccc(S2(=O)=O->[Pd+2]3(<-[I-])<-[C]4N(C)C=CN4c4ccc5ccccc5c4-c4c([N-]->32)ccc2ccccc42)cc1,Cc1ccc(S2(=O)[O-]->[Pd+2]3(<-[I-])<-[C]4N(C)C=CN4c4ccc5ccccc5c4-c4c(N->3=2)ccc2ccccc42)cc1,Cc1ccc(S2(=O)[O-]->[Pd+2]3(<-[I-])<-[C]4N(C)C=CN4c4ccc5ccccc5c4-c4c(N->3=2)ccc2ccccc42)cc1
JELGAJ,CO/C(=N/[C](c1ccc(C)cc1)->[Cr](<-[C-]#[O+])(<-[C-]#[O+])(<-[C-]#[O+])(<-[C-]#[O+])<-[C-]#[O+])c1ccccc1,C21 H15 Cr1 N1 O6,0.0,COC(=N[C](c1ccc(C)cc1)->[Cr](<-[C-]#[O+])(<-[C-]#[O+])(<-[C-]#[O+])(<-[C-]#[O+])<-[C-]#[O+])c1ccccc1,COC(=N[C](c1ccc(C)cc1)->[Cr](<-[C-]#[O+])(<-[C-]#[O+])(<-[C-]#[O+])(<-[C-]#[O+])<-[C-]#[O+])c1ccccc1,COC(=N[C](c1ccc(C)cc1)->[Cr](<-[C-]#[O+])(<-[C-]#[O+])(<-[C-]#[O+])(<-[C-]#[O+])<-[C-]#[O+])c1ccccc1
JELWED,,C32 H37 Cl1 O1 P1 Ru1 1+,1.0,fail,COP(c1ccccc1)(c1ccccc1)->[Ru+4]123456(<-[Cl-])(<-[CH2-]C->1=C->2c1ccccc1)<-c1(C)c->3(C)c->4(C)[c-]->5(C)c->61C,COP(c1ccccc1)(c1ccccc1)->[Ru+4]123456(<-[Cl-])(<-[CH2-]C->1=C->2c1ccccc1)<-c1(C)c->3(C)c->4(C)[c-]->5(C)c->61C
JENJOE,,C20 H25 Cl1 Ir1 N5,0.0,CN(C)c1nc[c-]2->[Ir+3]3456(<-[Cl-])(<-n7cccnc7-c2n1)<-c1(C)c->3(C)c->4(C)[c-]->5(C)c->61C,CN(C)c1nc[c-]2->[Ir+3]3456(<-[Cl-])(<-n7cccnc7-c2n1)<-c1(C)c->3(C)c->4(C)[c-]->5(C)c->61C,CN(C)c1nc[c-]2->[Ir+3]3456(<-[Cl-])(<-n7cccnc7-c2n1)<-c1(C)c->3(C)c->4(C)[c-]->5(C)c->61C
JEPFIU,CC(C)(C)P(->[Pd@SP2+2](<-[CH3-])<-[Cl-])(C(C)(C)C)C(C)(C)C,C13 H30 Cl1 P1 Pd1,0.0,CC(C)(C)P1(C(C)(C)C)C(C)(C)C[H]->[Pd+2]<-1(<-[CH3-])<-[Cl-],CC(C)(C)P(->[Pd+2](<-[CH3-])<-[Cl-])(C(C)(C)C)C(C)(C)C,CC(C)(C)P(->[Pd+2](<-[CH3-])<-[Cl-])(C(C)(C)C)C(C)(C)C
JEQLOJ,CO1C2(C[C-](C(=O)C(C)(C)C)->[Ru+4]<-13456(<-[Cl-])<-c1(C)c->3(C)c->4(C)[c-]->5(C)c->61C)CCCCC2,C24 H39 Cl1 O2 Ru1,0.0,CO1C2(C[C-2](C(=O)C(C)(C)C)->[Ru+4]<-13456(<-[Cl-])<-c1(C)c->3(C)c->4(C)[c-]->5(C)c->61C)CCCCC2,CO1C2(C[C](C(=O)C(C)(C)C)->[Ru+2]<-13456(<-[Cl-])<-c1(C)c->3(C)c->4(C)[c-]->5(C)c->61C)CCCCC2,CO1C2(C[C](C(=O)C(C)(C)C)->[Ru+2]<-13456(<-[Cl-])<-c1(C)c->3(C)c->4(C)[c-]->5(C)c->61C)CCCCC2
JESPIG,[CH3-]->[Hg+2]<-n1cccc2cc[nH]c21,C8 H9 Hg1 N2 1+,1.0,[CH3-]->[Hg+2]<-n1cccc2cc[nH]c21,[CH3-]->[Hg+2]<-n1cccc2cc[nH]c21,[CH3-]->[Hg+2].c1cnc2[nH]ccc2c1
JETMAX,[CH3-]->[Pt+2]123(<-C4=C->1/CC/C->2=C->3\CC\4)<-n1c(N)cc[nH]c1=O,C13 H20 N3 O1 Pt1 1+,1.0,[CH3-]->[Pt+2]123(<-C4=C->1CCC->2=C->3CC4)<-n1c(N)cc[nH]c1=O,[CH3-]->[Pt+2]123(<-C4=C->1CCC->2=C->3CC4)<-n1c(N)cc[nH]c1=O,[CH3-]->[Pt+2]123(<-C4=C->1CCC->2=C->3CC4)<-n1c(N)cc[nH]c1=O
JEWCOG,,C38 H34 Cl2 O3 P1 Rh1,0.0,CCOC(=O)c12->[Rh+3]345(<-[Cl-])(<-[Cl-])(<-[cH-]1c->3(Cc1ccccc1OC)c->41ccccc->521)<-P(c1ccccc1)(c1ccccc1)c1ccccc1,CCOC(=O)[c-]12->[Rh+3]345(<-[Cl-])(<-[Cl-])(<-c1c->3(Cc1ccccc1OC)c->41ccccc->512)<-P(c1ccccc1)(c1ccccc1)c1ccccc1,CCOC(=O)[c-]12->[Rh+3]345(<-[Cl-])(<-[Cl-])(<-c1c->3(Cc1ccccc1OC)c->41ccccc->512)<-P(c1ccccc1)(c1ccccc1)c1ccccc1
JEYGAW,[O-2]->[Nb+5]123(<-O=c4ccccn4[O-]->1)(<-O=c1ccccn1[O-]->2)<-O=c1ccccn1[O-]->3,C15 H12 N3 Nb1 O7,0.0,[O-2]->[Nb+2]123(<-[O-]c4cccc[n+]4[O-]->1)(<-[O-]c1cccc[n+]1[O-]->2)<-[O-]c1cccc[n+]1[O-]->3,[O-2]->[Nb+5]123(<-O=c4ccccn4[O-]->1)(<-O=c1ccccn1[O-]->2)<-O=c1ccccn1[O-]->3,[O-2]->[Nb+5]123(<-O=c4ccccn4[O-]->1)(<-O=c1ccccn1[O-]->2)<-O=c1ccccn1[O-]->3
JEYROU,C[N-](C)->[Mo+4](<-[N-](C)C)(<-[P-](c1ccccc1)c1ccccc1)<-[P-](c1ccccc1)c1ccccc1,C28 H32 Mo1 N2 P2,0.0,C[N-](C)->[Mo+6](<-[N-](C)C)(<-[P-2](c1ccccc1)c1ccccc1)<-[P-2](c1ccccc1)c1ccccc1,C[N-](C)->[Mo+4](<-[N-](C)C)(<-[P-](c1ccccc1)c1ccccc1)<-[P-](c1ccccc1)c1ccccc1,C[N-](C)->[Mo+4](<-[N-](C)C)(<-[P-](c1ccccc1)c1ccccc1)<-[P-](c1ccccc1)c1ccccc1
JIBTOD,C[C@@H]1N->[Co+3]234(<-NCCCN->2)(<-O=N->3[O-]->4)(<-[O-]C1=O)<-N(=O)[O-],C6 H16 Co1 N5 O6,0.0,CC1N->[Co-]2(<-NCCCN->2)(<-[O-]C1=O)(<-[N+](=O)=O)<-[N+](=O)=O,CC1N->[Co+3]2(<-NCCCN->2)(<-[O-]C1=O)(<-N(=O)[O-])<-N(=O)[O-],CC1N->[Co+3]2(<-NCCCN->2)(<-[O-]C1=O)(<-N(=O)[O-])<-N(=O)[O-]
JIDTUO,Cc1cc(-c2ccccc2)n2->[Zn+2]34(<-[O-][C@H](c5ccccn->35)C(F)(F)F)<-n3c(-c5ccccc5)cc(C)n3[BH-](n12)n1c(C)cc(-c2ccccc2)n->41,C37 H33 B1 F3 N7 O1 Zn1,0.0,Cc1cc(-c2ccccc2)[n-]2->[Zn+2]34(<-[O-]C(c5ccccn->35)C(F)(F)F)<-[n-]3c(-c5ccccc5)cc(C)[n+]3[BH-]([n+]12)[n+]1c(C)cc(-c2ccccc2)[n-]->41,Cc1cc(-c2ccccc2)n2->[Zn+2]34(<-[O-]C(c5ccccn->35)C(F)(F)F)<-n3c(-c5ccccc5)cc(C)n3[BH-](n12)n1c(C)cc(-c2ccccc2)n->41,Cc1cc(-c2ccccc2)n2->[Zn+2]34(<-[O-]C(c5ccccn->35)C(F)(F)F)<-n3c(-c5ccccc5)cc(C)n3[BH-](n12)n1c(C)cc(-c2ccccc2)n->41
JIGWUR,CC1=NN(C(C)C)C2=S->[Ni+2]34<-S=C5/C(=C\[N-]->3CCCC[N-]->4/C=C/12)C(C)=NN5C(C)C,C20 H30 N6 Ni1 S2,0.0,Cc1nn(C(C)C)c2[S-]->[Ni+2]34<-[S-]c5c(C=N->3CCCCN->4=Cc12)c(C)nn5C(C)C,CC1=NN(C(C)C)C2=S->[Ni+2]34<-S=C5C(=C[N-]->3CCCC[N-]->4C=C12)C(C)=NN5C(C)C,CC1=NN(C(C)C)C2=S->[Ni+2]34<-S=C5C(=C[N-]->3CCCC[N-]->4C=C12)C(C)=NN5C(C)C
JIKSEB,,C16 H15 I1 O3 W1,0.0,CCO[C-2](c1ccccc1)->[W+4]1234(<-[I-])(<-[C-]#[O+])(<-[C-]#[O+])<-c5c->1c->2[cH-]->3c->45,CCO[C](c1ccccc1)->[W+2]1234(<-[I-])(<-[C-]#[O+])(<-[C-]#[O+])<-c5c->1c->2[cH-]->3c->45,CCO[C](c1ccccc1)->[W+2]1234(<-[I-])(<-[C-]#[O+])(<-[C-]#[O+])<-c5c->1c->2[cH-]->3c->45
JIMBUD,CC(C)NCCN(->[Ag+]<-[C-]#N)C(C)C,C9 H20 Ag1 N3,0.0,CC(C)N1CCN(C(C)C)->[Ag+]<-1<-[C-]#N,CC(C)N1CCN(C(C)C)->[Ag+]<-1<-[C-]#N,CC(C)N1CCN(C(C)C)->[Ag+]<-1<-[C-]#N
JINCUE,COC(=O)C[CH-](C(=O)OC)->[Co+3]12(<-N[C@@H](C)c3ccccc3)(<-N(=O)/C(C)=C(/C)[N-]->1O)<-N(=O)/C(C)=C(/C)[N-]->2O,C22 H34 Co1 N5 O8,0.0,COC(=O)C[CH-](C(=O)OC)->[Co+]12(<-NC(C)c3ccccc3)(<-N([O])=C(C)C(C)=N->1[O])<-N(O)=C(C)C(C)=N->2O,COC(=O)C[CH-](C(=O)OC)->[Co+]12(<-NC(C)c3ccccc3)(<-N(=O)C(C)=C(C)N->1=O)<-N(O)=C(C)C(C)=N->2O,COC(=O)C[CH-](C(=O)OC)->[Co+]12(<-NC(C)c3ccccc3)(<-N(=O)C(C)=C(C)N->1=O)<-N(O)=C(C)C(C)=N->2O
JIQBUH,C[C@H]([C@@H](O)c1ccccc1)N1(C)CC(=O)[O-]->[Ni+2]<-12<-[O-]C(=O)CN->2(C)[C@H](C)[C@@H](O)c1ccccc1,C24 H32 N2 Ni1 O6,0.0,CC1C(O->[Ni+2]234(<-[O-]C(=O)CN->21C)<-[O-]C(=O)CN->3(C)C(C)C(O->4)c1ccccc1)c1ccccc1,CC1C(O->[Ni+2]234(<-[O-]C(=O)CN->21C)<-[O-]C(=O)CN->3(C)C(C)C(O->4)c1ccccc1)c1ccccc1,CC(C(O)c1ccccc1)N1(C)CC(=O)[O-]->[Ni+2]<-12<-[O-]C(=O)CN->2(C)C(C)C(O)c1ccccc1
JIQYAJ,,C35 H30 I2 O1 P2 W1,0.0,CC1#C(c2ccccc2)->[W+2]<-12(<-[I-])(<-[I-])(<-[C-]#[O+])<-P(CP->2(c1ccccc1)c1ccccc1)(c1ccccc1)c1ccccc1,CC1#C(c2ccccc2)->[W+2]<-12(<-[I-])(<-[I-])(<-[C-]#[O+])<-P(CP->2(c1ccccc1)c1ccccc1)(c1ccccc1)c1ccccc1,CC1#C(c2ccccc2)->[W+2]<-12(<-[I-])(<-[I-])(<-[C-]#[O+])<-P(CP->2(c1ccccc1)c1ccccc1)(c1ccccc1)c1ccccc1
JISJOK,c1ccc(P(->[Au+]<-[S-]c2cccc3cccnc23)(c2ccccc2)c2ccccc2)cc1,C27 H21 Au1 N1 P1 S1,0.0,c1ccc(P(->[Au+]<-[S-]c2cccc3cccnc23)(c2ccccc2)c2ccccc2)cc1,c1ccc(P(->[Au+]<-[S-]c2cccc3cccnc23)(c2ccccc2)c2ccccc2)cc1,c1ccc(P(c2ccccc2)(c2ccccc2)->[Au+]2<-[S-]c3cccc4cccn->2c34)cc1
JITCEX,[Cl-]->[Pd@OH2+2]12<-N3=CC=C/C3=C/[N-]->1c1cccc3cccn->2c13,C14 H10 Cl1 N3 Pd1,0.0,[Cl-]->[Pd+2]12<-N(=Cc3ccc[n-]->13)c1cccc3cccn->2c13,[Cl-]->[Pd+2]12<-N3=CC=CC3=C[N-]->1c1cccc3cccn->2c13,[Cl-]->[Pd+2]12<-N3=CC=CC3=C[N-]->1c1cccc3cccn->2c13
JITRIO,,C23 H18 Cr1 O6 S4,0.0,CO[C-2](C1=C(c2ccccc2)SC(=CC(=S)SC2CCCC2)S1)->[Cr+2](<-[C-]#[O+])(<-[C-]#[O+])(<-[C-]#[O+])(<-[C-]#[O+])<-[C-]#[O+],CO[C](C1=C(c2ccccc2)SC(=CC(=S)SC2CCCC2)S1)->[Cr](<-[C-]#[O+])(<-[C-]#[O+])(<-[C-]#[O+])(<-[C-]#[O+])<-[C-]#[O+],CO[C](C1=C(c2ccccc2)SC(=CC(=S)SC2CCCC2)S1)->[Cr](<-[C-]#[O+])(<-[C-]#[O+])(<-[C-]#[O+])(<-[C-]#[O+])<-[C-]#[O+]
JIWZAT,,C32 H21 F4 Ir1 N4,0.0,CN1C=CN2c3cccc[c-]3->[Ir+3]34(<-[C]12)(<-[c-]1cc(F)cc(F)c1-c1ccccn->31)<-[c-]1cc(F)cc(F)c1-c1ccccn->41,CN1C=CN2c3cccc[c-]3->[Ir+3]34(<-[C]12)(<-[c-]1cc(F)cc(F)c1-c1ccccn->31)<-[c-]1cc(F)cc(F)c1-c1ccccn->41,CN1C=CN2c3cccc[c-]3->[Ir+3]34(<-[C]12)(<-[c-]1cc(F)cc(F)c1-c1ccccn->31)<-[c-]1cc(F)cc(F)c1-c1ccccn->41
JIXSIS,,C24 H21 Cr1 N1 O4,0.0,O=C1C(c23->[Cr]4567(<-[C-]#[O+])(<-[C-]#[O+])(<-[C-]#[O+])<-c(c->4c->52)c->6c->73)=C(c2ccccc2)[CH-][N+]12CCCCC2,O=C1C(=C23->[Cr]4567(<-[C-]#[O+])(<-[C-]#[O+])(<-[C-]#[O+])<-C(=C->4[CH-]->52)C->6=C->73)C(c2ccccc2)=C[N+]12CCCCC2,O=C1C(=C23->[Cr]4567(<-[C-]#[O+])(<-[C-]#[O+])(<-[C-]#[O+])<-C(=C->4[CH-]->52)C->6=C->73)C(c2ccccc2)=C[N+]12CCCCC2
JIYQOY,C/C1=N(\c2cccc(B3OC(C)(C)C(C)(C)O3)c2)->[Fe+2]234(<-[Cl-])(<-[Cl-])<-N(=C(/C)c->25cccc->31n->45)/c1c(C)cc(C)cc1C,C30 H36 B1 Cl2 Fe1 N3 O2,0.0,CC1c2cccc3C(C)=N(c4c(C)cc(C)cc4C)->[Fe+2](<-[Cl-])(<-[Cl-])(<-N=1c1cccc(B4OC(C)(C)C(C)(C)O4)c1)<-n23,CC1c2cccc3C(C)=N(c4c(C)cc(C)cc4C)->[Fe+2](<-[Cl-])(<-[Cl-])(<-N=1c1cccc(B4OC(C)(C)C(C)(C)O4)c1)<-n23,CC1c2cccc3C(C)=N(c4c(C)cc(C)cc4C)->[Fe+2](<-[Cl-])(<-[Cl-])(<-N=1c1cccc(B4OC(C)(C)C(C)(C)O4)c1)<-n23
JIYZEX,N#C/C1[S-]->[Mo+4]2(<-[Br-])(<-[S-]/C=1C#N)(<-[S-]/C(C#N)=C(\C#N)[S-]->2)<-[P@TB5](c1ccccc1)(c1ccccc1)c1ccccc1,C26 H15 Br1 Mo1 N4 P1 S4 1-,-1.0,N#CC1[S-]->[Mo+4]2(<-[Br-])(<-[S-]C=1C#N)(<-[S-]C(C#N)=C(C#N)[S-]->2)<-P(c1ccccc1)(c1ccccc1)c1ccccc1,N#CC1[S-]->[Mo+4]2(<-[Br-])(<-[S-]C=1C#N)(<-[S-]C(C#N)=C(C#N)[S-]->2)<-P(c1ccccc1)(c1ccccc1)c1ccccc1,N#CC1[S-]->[Mo+4]2(<-[Br-])(<-[S-]C=1C#N)(<-[S-]C(C#N)=C(C#N)[S-]->2)<-P(c1ccccc1)(c1ccccc1)c1ccccc1
JIZQEP,c1ccc(-[b-]2ccccn2->[Zr+4]23456789(<-c%10c->2c->3[cH-]->4c->5%10)(<-c2c->6c->7[cH-]->8c->92)<-n2cccc[b-]2-c2ccccc2)cc1,C30 H28 B2 N2 Zr1,0.0,C1=CB(c2ccccc2)[N-](->[Zr+4]23456789(<-c%10c->2c->3[cH-]->4c->5%10)(<-c2c->6c->7[cH-]->8c->92)<-[N-]2C=CC=CB2c2ccccc2)C=C1,c1ccc(-[b-]2ccccn2->[Zr+4]23456789(<-c%10c->2c->3[cH-]->4c->5%10)(<-c2c->6c->7[cH-]->8c->92)<-n2cccc[b-]2-c2ccccc2)cc1,c1ccc(-[b-]2ccccn2->[Zr+4]23456789(<-c%10c->2c->3[cH-]->4c->5%10)(<-c2c->6c->7[cH-]->8c->92)<-n2cccc[b-]2-c2ccccc2)cc1
JOBXED,O=N([O-])->[Co+3]123(<-N(=O)[O-])<-N4CCCCCCCN->1CCN->2CCN->3CC4,C13 H30 Co1 N6 O4 1+,1.0,O=[N+](=O)->[Co-]123(<-[N+](=O)=O)<-N4CCCCCCCN->1CCN->2CCN->3CC4,O=N([O-])->[Co+3]123(<-N(=O)[O-])<-N4CCCCCCCN->1CCN->2CCN->3CC4,O=N([O-])->[Co+3]123(<-N(=O)[O-])<-N4CCCCCCCN->1CCN->2CCN->3CC4
JOCKIV,,C25 H13 F12 Fe1 O4 P1,0.0,[O+]#[C-]->[Fe+]1234(<-[C-]#[O+])(<-c5c->1c->2[cH-]->3c->45)<-[PH]12(OC(C(F)(F)F)(C(F)(F)F)c3ccccc31)OC(C(F)(F)F)(C(F)(F)F)c1ccccc12,[O+]#[C-]->[Fe]1234(<-[C-]#[O+])(<-c5c->1c->2[cH-]->3c->45)<-P12(=[O+]C(C(F)(F)F)(C(F)(F)F)c3ccccc31)OC(C(F)(F)F)(C(F)(F)F)c1ccccc12,[O+]#[C-]->[Fe]1234(<-[C-]#[O+])(<-c5c->1c->2[cH-]->3c->45)<-P12(=[O+]C(C(F)(F)F)(C(F)(F)F)c3ccccc31)OC(C(F)(F)F)(C(F)(F)F)c1ccccc12
JOCZAE,,C13 H15 Cl1 N2 O2 Ru1,0.0,CC1=O->[Ru+2]23456(<-[Cl-])(<-[O-]c7c1c(C)nn7C)<-c1c->2c->3c->4c->5c->61,CC1=NN(C)C2=O->[Ru+2]34567(<-[Cl-])(<-[O-]C(C)=C12)<-c1c->3c->4c->5c->6c->71,CC1=NN(C)C2=O->[Ru+2]34567(<-[Cl-])(<-[O-]C(C)=C12)<-c1c->3c->4c->5c->6c->71
JOFCOZ,Cc1ccc(-c2nn3->[Zn+2](<-[Cl-])(<-[Cl-])<-O=C4C(c3o2)=CC(C=O)=C/C4=C/C=C2/N(C)c3ccc(C(F)(F)F)cc3C2(C)C)cc1,C30 H24 Cl2 F3 N3 O3 Zn1,0.0,Cc1ccc(-c2nn3->[Zn+2](<-[Cl-])(<-[Cl-])<-[O-]c4c(C=CC5=[N+](C)c6ccc(C(F)(F)F)cc6C5(C)C)cc(C=O)cc4-c3o2)cc1,Cc1ccc(-c2nn3->[Zn+2](<-[Cl-])(<-[Cl-])<-O=C4C(=CC=C5N(C)c6ccc(C(F)(F)F)cc6C5(C)C)C=C(C=O)C=C4c3o2)cc1,Cc1ccc(-c2nn3->[Zn+2](<-[Cl-])(<-[Cl-])<-O=C4C(=CC=C5N(C)c6ccc(C(F)(F)F)cc6C5(C)C)C=C(C=O)C=C4c3o2)cc1
JOGMEZ,C[Si](C)(C)[N-]([Si](C)(C)C)->[Sc+3]1(<-[Cl-])(<-C[Si](C)(C)[N-]->1[Si](C)(C)C)<-o1cccc1,C16 H40 Cl1 N2 O1 Sc1 Si4,0.0,C[Si](C)(C)[N-]([Si](C)(C)C)->[Sc+3](<-[Cl-])(<-[N-]([Si](C)(C)C)[Si](C)(C)C)<-o1cccc1,C[Si](C)(C)[N-]([Si](C)(C)C)->[Sc+3](<-[Cl-])(<-[N-]([Si](C)(C)C)[Si](C)(C)C)<-o1cccc1,C[Si](C)(C)[N-]([Si](C)(C)C)->[Sc+3](<-[Cl-])(<-[N-]([Si](C)(C)C)[Si](C)(C)C)<-o1cccc1
JOGXAF,CCOC1=O->[Co+3]23456(<-[C-](=C(\[C@H]1[C@@H]1C(=O)OC(=O)[CH-]->21)[Si](C)(C)C)/S(=O)(=O)c1ccccc1)<-c1c->3c->4[cH-]->5c->61,C24 H27 Co1 O7 S1 Si1,0.0,CCOC1=O->[Co+3]23456(<-[C-](=C(C1C1C(=O)OC(=O)[CH-]->21)[Si](C)(C)C)S(=O)(=O)c1ccccc1)<-c1c->3c->4[cH-]->5c->61,CCOC1=O->[Co+3]23456(<-[C-](=C(C1C1C(=O)OC(=O)[CH-]->21)[Si](C)(C)C)S(=O)(=O)c1ccccc1)<-c1c->3c->4[cH-]->5c->61,CCOC1=O->[Co+3]23456(<-[C-](=C(C1C1C(=O)OC(=O)[CH-]->21)[Si](C)(C)C)S(=O)(=O)c1ccccc1)<-c1c->3c->4[cH-]->5c->61
JOHYEN,,C25 H22 N8 O12 Zn1,0.0,Cc1cc(C)n2->[Zn+2](<-[O-]C(=O)c3cc([N+](=O)[O-])cc([N+](=O)[O-])c3)(<-[O-]C(=O)c3cc([N+](=O)[O-])cc([N+](=O)[O-])c3)<-n3c(C)cc(C)n3Cn12,Cc1cc(C)n2->[Zn+2](<-[O-]C(=O)c3cc([N+](=O)[O-])cc([N+](=O)[O-])c3)(<-[O-]C(=O)c3cc([N+](=O)[O-])cc([N+](=O)[O-])c3)<-n3c(C)cc(C)n3Cn12,Cc1cc(C)n2->[Zn+2]3456(<-O=C->3([O-]->4)c3cc([N+](=O)[O-])cc([N+](=O)[O-])c3)(<-O=C->5([O-]->6)c3cc([N+](=O)[O-])cc([N+](=O)[O-])c3)<-n3c(C)cc(C)n3Cn12
JOJRIM,[O+]#[C-]->[Mo+2]12(<-[C-]#[O+])(<-[S-]C3=C([S-]->1)CCCC3)<-P(CCP->2(c1ccccc1)c1ccccc1)(c1ccccc1)c1ccccc1,C34 H32 Mo1 O2 P2 S2,0.0,[O+]#[C-]->[Mo+2]12(<-[C-]#[O+])(<-[S-]C3=C([S-]->1)CCCC3)<-P(CCP->2(c1ccccc1)c1ccccc1)(c1ccccc1)c1ccccc1,[O+]#[C-]->[Mo]12(<-[C-]#[O+])(<-S=C3CCCCC3=S->1)<-P(CCP->2(c1ccccc1)c1ccccc1)(c1ccccc1)c1ccccc1,[O+]#[C-]->[Mo]12(<-[C-]#[O+])(<-S=C3CCCCC3=S->1)<-P(CCP->2(c1ccccc1)c1ccccc1)(c1ccccc1)c1ccccc1
JOKGUM,CC(C)c12->[Ru+2]3456(<-[Cl-])(<-[Cl-])(<-[C]7C=CN(C)N7C)<-c(c->31)c->4(C)c->5c->62,C15 H22 Cl2 N2 Ru1,0.0,CC(C)c12->[Ru+2]3456(<-[Cl-])(<-[Cl-])(<-[C]7C=CN(C)N7C)<-c(c->31)c->4(C)c->5c->62,CC(C)c12->[Ru+2]3456(<-[Cl-])(<-[Cl-])(<-[C]7C=CN(C)N7C)<-c(c->31)c->4(C)c->5c->62,CC(C)c12->[Ru+2]3456(<-[Cl-])(<-[Cl-])(<-[C]7C=CN(C)N7C)<-c(c->31)c->4(C)c->5c->62
JOMBEU,,C16 H32 Cl1 Ir1 N1 P3 S1,0.0,CP(C)(C)->[Ir+3]1(<-[Cl-])(<-[S-][C-]->1=Nc1ccccc1)(<-P(C)(C)C)<-P(C)(C)C,CP(C)(C)->[Ir+](<-[Cl-])(<-C(=S)=Nc1ccccc1)(<-P(C)(C)C)<-P(C)(C)C,CP(C)(C)->[Ir+](<-[Cl-])(<-C(=S)=Nc1ccccc1)(<-P(C)(C)C)<-P(C)(C)C
JOMZES,Cc1ccc(S(=O)(=O)[N-]2c3cccnc3-n3cc(Br)cn3->[Zn+2]<-23<-n2cc(Br)cn2-c2ncccc2[N-]->3S(=O)(=O)c2ccc(C)cc2)cc1,C30 H24 Br2 N8 O4 S2 Zn1,0.0,Cc1ccc(S(=O)(=O)[N-]2c3cccnc3-n3cc(Br)cn3->[Zn+2]<-23<-n2cc(Br)cn2-c2ncccc2[N-]->3S(=O)(=O)c2ccc(C)cc2)cc1,Cc1ccc(S(=O)(=O)[N-]2c3cccnc3-n3cc(Br)cn3->[Zn+2]<-23<-n2cc(Br)cn2-c2ncccc2[N-]->3S(=O)(=O)c2ccc(C)cc2)cc1,Cc1ccc(S2(=O)[O-]->[Zn+2]345(<-[O-]S(=O)(c6ccc(C)cc6)=N->3c3cccnc3-n3cc(Br)cn->43)<-N=2c2cccnc2-n2cc(Br)cn->52)cc1
JOPDID,OCCn1c2[S-]->[Au+3]3(<-[S-]c2sc1=S)<-[S-]c1sc(=S)n(CCO)c1[S-]->3,C10 H10 Au1 N2 O2 S8 1-,-1.0,OCCn1c2[S-]->[Au+3]3(<-[S-]c2sc1=S)<-[S-]c1sc(=S)n(CCO)c1[S-]->3,OCCN1C(=S)SC2=S->[Au-]3(<-S=C4SC(=S)N(CCO)C4=S->3)<-S=C21,OCCN1C(=S)SC2=S->[Au-]3(<-S=C4SC(=S)N(CCO)C4=S->3)<-S=C21
JOPRIS,,C26 H41 Cl1 N2 O1 P2 Ru1,0.0,CC(C)P1(Cc2cccc3C(Cc4ccccn4)P(C(C)C)(C(C)C)->[RuH+]<-1(<-[Cl-])(<-[C-]#[O+])<-n23)C(C)C,CC(C)P1(Cc2cccc3C(Cc4ccccn4)P(C(C)C)(C(C)C)->[RuH+]<-1(<-[Cl-])(<-[C-]#[O+])<-n23)C(C)C,CC(C)P1(Cc2cccc3C(Cc4ccccn4)P(C(C)C)(C(C)C)->[RuH+]<-1(<-[Cl-])(<-[C-]#[O+])<-n23)C(C)C
JOSHAA,CCC1=C(C)/C2=c3\oc(C)c(C)c3=N3->[Ni@SP1]45<-N6=C(/C=C\3C)C(C)=C(C)/C6=C/C3=N->4/C(=C\C1=N->52)C(CC)=C3C,C31 H34 N4 Ni1 O1,0.0,CCC1=C(C)c2cc3c(C)c(C)c4cc(C)n5->[Ni+2]6(<-n2c1cc1c(CC)c(C)c(c2oc(C)c(C)c25)[n-]->61)<-[n-]34,CCC1=C(C)c2cc3c(C)c(C)c4cc(C)n5->[Ni+2]6(<-n2c1cc1c(CC)c(C)c(c2oc(C)c(C)c25)[n-]->61)<-[n-]34,CCC1=C(C)c2cc3c(C)c(C)c4cc(C)n5->[Ni+2]6(<-n2c1cc1c(CC)c(C)c(c2oc(C)c(C)c25)[n-]->61)<-[n-]34
JOWHAE,,C10 H28 Cd1 I2 N4,0.0,CC1(C)CN->[Cd+2]2(<-[I-])(<-[I-])(<-NC1)<-NCC(C)(C)CN->2,CC1(C)CN->[Cd+2]2(<-[I-])(<-NC1)<-NCC(C)(C)CN->2.[I-],CC1(C)CN->[Cd+2]2(<-[I-])(<-[I-])(<-NC1)<-NCC(C)(C)CN->2
JOXCUW,CC(C)c12->[Ru+2]34567(<-[Cl-])(<-[O-]/C(=N\[P+](c8ccccc8)(c8ccccc8)c8ccccc8)c8ccccn->38)<-c(c->41)c->5(C)c->6c->72,C34 H33 Cl1 N2 O1 P1 Ru1 1+,1.0,CC(C)c12->[Ru+2]34567(<-[Cl-])(<-O=C(N=P(c8ccccc8)(c8ccccc8)c8ccccc8)c8ccccn->38)<-c(c->41)c->5(C)c->6c->72,CC(C)c12->[Ru+2]34567(<-[Cl-])(<-[O-]C(=N[P+](c8ccccc8)(c8ccccc8)c8ccccc8)c8ccccn->38)<-c(c->41)c->5(C)c->6c->72,CC(C)c12->[Ru+2]34567(<-[Cl-])(<-[O-]C(=N[P+](c8ccccc8)(c8ccccc8)c8ccccc8)c8ccccn->38)<-c(c->41)c->5(C)c->6c->72
JOZQEW,CC(C)P1(c2c([C-]34[O-]->[Ir@TB19+3]<-3<-1(<-[Cl-])<-P(c1c4sc3ccccc13)(C(C)C)C(C)C)sc1ccccc21)C(C)C,C29 H36 Cl1 Ir1 O1 P2 S2,0.0,CC(C)P1(c2c([C-]34[O-]->[Ir+3]<-3<-1(<-[Cl-])<-P(c1c4sc3ccccc13)(C(C)C)C(C)C)sc1ccccc21)C(C)C,CC(C)P1(c2c(C34=O->[Ir+]<-3<-1(<-[Cl-])<-P(c1c4sc3ccccc13)(C(C)C)C(C)C)sc1ccccc21)C(C)C,CC(C)P1(c2c(C34=O->[Ir+]<-3<-1(<-[Cl-])<-P(c1c4sc3ccccc13)(C(C)C)C(C)C)sc1ccccc21)C(C)C
JUBYAG,CS(C)(=O)->[Ru+2](<-[Cl-])(<-[Cl-])(<-n1ccc[nH]1)(<-S(C)(C)=O)<-S(C)(C)=O,C9 H22 Cl2 N2 O3 Ru1 S3,0.0,CS(C)(=O)->[Ru+2](<-[Cl-])(<-[Cl-])(<-n1ccc[nH]1)(<-S(C)(C)=O)<-S(C)(C)=O,CS(C)(=O)->[Ru+2](<-[Cl-])(<-[Cl-])(<-n1ccc[nH]1)(<-S(C)(C)=O)<-S(C)(C)=O,CS(C)(=O)->[Ru+2](<-[Cl-])(<-[Cl-])(<-n1ccc[nH]1)(<-S(C)(C)=O)<-S(C)(C)=O
JUDMAY,COc1c(C)cn2->[Cu+]3(<-[Br-])<-n4ccccc4CN(Cc2c1C)Cc1c(C)c(OC)c(C)cn->31,C24 H30 Br1 Cu1 N4 O2,0.0,COc1c(C)cn2->[Cu+]34(<-[Br-])<-n5ccccc5CN->3(Cc2c1C)Cc1c(C)c(OC)c(C)cn->41,COc1c(C)cn2->[Cu+]34(<-[Br-])<-n5ccccc5CN->3(Cc2c1C)Cc1c(C)c(OC)c(C)cn->41,COc1c(C)cn2->[Cu+]34(<-[Br-])<-n5ccccc5CN->3(Cc2c1C)Cc1c(C)c(OC)c(C)cn->41
JUFQEG,[O+]#[C-]->[Fe+2]1234(<-[C-]#[O+])<-[CH+]5[CH+][CH+]C(P->1(C1[CH+][CH+][CH+]->2[CH-]->3[CH-][CH-]1)C1[CH-][CH+][CH+][CH-][CH-][CH-]1)[CH-][CH-][CH-]->45,C23 H21 Fe1 O2 P1,0.0,[O+]#[C-]->[Fe]1234(<-[C-]#[O+])<-C5=C->1C=CC(P->2(C1C=CC=CC=C1)C1C=CC->3=C->4C=C1)C=C5,[O+]#[C-]->[Fe]1234(<-[C-]#[O+])<-C5=C->1C=CC(P->2(C1C=CC=CC=C1)C1C=CC->3=C->4C=C1)C=C5,[O+]#[C-]->[Fe]1234(<-[C-]#[O+])<-C5=C->1C=CC(P->2(C1C=CC=CC=C1)C1C=CC->3=C->4C=C1)C=C5
JUHNAB,[Cl-]->[Nb+5]1(<-[Cl-])(<-[Cl-])(<-[N-]=P(c2ccccc2)(c2ccccc2)c2ccccc2)<-C2=C=CC=CC=2[P@TB17]23(C4=C=C=C=C=C4[N-]->12)C1=C=C=C=C=C13,C36 H30 Cl3 N2 Nb1 P2,0.0,[Cl-]->[Nb+7](<-[Cl-])(<-[Cl-])(<-[N-2][P](c1ccccc1)(c1ccccc1)c1ccccc1)<-[N-2][P](c1ccccc1)(c1ccccc1)c1ccccc1,,[Cl-]->[Nb+5]1(<-[Cl-])(<-[Cl-])(<-[N-]=P(c2ccccc2)(c2ccccc2)c2ccccc2)<-C2=C=CC=CC=2P23(C4=C=C=C=C=C4[N-]->12)C1=C=C=C=C=C13
JUJSUC,NC(=S)N/N=C/c1ccccn1->[Cd+2](<-[Cl-])<-[Cl-],C7 H8 Cd1 Cl2 N4 S1,0.0,NC1NN2=Cc3ccccn3->[Cd+2]<-2(<-[Cl-])(<-[Cl-])<-S=1,NC1NN2=Cc3ccccn3->[Cd+2]<-2(<-[Cl-])(<-[Cl-])<-S=1,NC1NN2=Cc3ccccn3->[Cd+2]<-2(<-[Cl-])(<-[Cl-])<-S=1
JUKTUG,,C26 H40 B1 Ir1 N7 O1 1+,1.0,CC1=CC(C)=N->[Ir+3]23(<-[CH-]=C1C)(<-O=C(C)C)<-n1c(C)cc(C)n1[BH-](n1c(C)cc(C)n->21)n1c(C)cc(C)n->31,CC1=CC(C)=N->[Ir+3]23(<-[CH-]=C1C)(<-O=C(C)C)<-n1c(C)cc(C)n1[BH-](n1c(C)cc(C)n->21)n1c(C)cc(C)n->31,CC1=CC(C)=N->[Ir+3]23(<-[CH-]=C1C)(<-O=C(C)C)<-n1c(C)cc(C)n1[BH-](n1c(C)cc(C)n->21)n1c(C)cc(C)n->31
JULMUY,CN12->[Ti+4]3(<-[O-2])(<-[N-]=C=S)(<-[N-]=C=S)<-N(C)(CC1)CCN->3(C)CC2,C11 H21 N5 O1 S2 Ti1,0.0,CN12->[Ti+4]3(<-[O-2])(<-[N-]=C=S)(<-[N-]=C=S)<-N(C)(CC1)CCN->3(C)CC2,CN12->[Ti+4]3(<-[O-2])(<-[N-]=C=S)(<-[N-]=C=S)<-N(C)(CC1)CCN->3(C)CC2,CN12->[Ti+4]3(<-[O-2])(<-[N-]=C=S)(<-[N-]=C=S)<-N(C)(CC1)CCN->3(C)CC2
JUNYAU,C/[S@]1=N(\[Si](C)(C)C)->[Ti+4]2345(<-[CH3-])(<-[CH3-])(<-[N-]1[Si](C)(C)C)<-c1(C)c->2(C)c->3(C)[c-]->4(C)c->51C,C19 H42 N2 S1 Si2 Ti1,0.0,C[S]1[N-]([Si](C)(C)C)->[Ti+5]2345(<-[CH3-])(<-[CH3-])(<-[N-]1[Si](C)(C)C)<-c1(C)c->2(C)c->3(C)[c-]->4(C)c->51C,CS1=N([Si](C)(C)C)->[Ti+4]2345(<-[CH3-])(<-[CH3-])(<-[N-]1[Si](C)(C)C)<-c1(C)c->2(C)c->3(C)[c-]->4(C)c->51C,CS1=N([Si](C)(C)C)->[Ti+4]2345(<-[CH3-])(<-[CH3-])(<-[N-]1[Si](C)(C)C)<-c1(C)c->2(C)c->3(C)[c-]->4(C)c->51C
JUPYUQ,CCP(CC)(CC)->[Pt+4]1(<-[Cl-])(<-O=[B-](O)O[O-]->1)(<-[c-]1ccc(C(F)(F)F)cc1)<-P(CC)(CC)CC,C19 H35 B1 Cl1 F3 O4 P2 Pt1,0.0,CCP(CC)(CC)->[Pt+4]1(<-[Cl-])(<-[O-]OB(O)[O-]->1)(<-[c-]1ccc(C(F)(F)F)cc1)<-P(CC)(CC)CC,CCP(CC)(CC)->[Pt+4]1(<-[Cl-])(<-O=[B-](O)O[O-]->1)(<-[c-]1ccc(C(F)(F)F)cc1)<-P(CC)(CC)CC,CCP(CC)(CC)->[Pt+4]1(<-[Cl-])(<-O=[B-](O)O[O-]->1)(<-[c-]1ccc(C(F)(F)F)cc1)<-P(CC)(CC)CC
JURRAP,C[Si](C)(C)[CH-]1P(C)(C)->[Zr+4]<-123456789(<-[Cl-])(<-c1c->2c->3[cH-]->4c->51)<-c1c->6c->7[cH-]->8c->91,C16 H26 Cl1 P1 Si1 Zr1,0.0,C[Si](C)(C)[CH-]1P(C)(C)->[Zr+4]<-123456789(<-[Cl-])(<-c1c->2c->3[cH-]->4c->51)<-c1c->6c->7[cH-]->8c->91,C[Si](C)(C)[CH-]1P(C)(C)->[Zr+4]<-123456789(<-[Cl-])(<-c1c->2c->3[cH-]->4c->51)<-c1c->6c->7[cH-]->8c->91,CP(C)[CH-]([Si](C)(C)C)->[Zr+4]12345678(<-[Cl-])(<-c9c->1c->2[cH-]->3c->49)<-c1c->5c->6[cH-]->7c->81
JUSVOK,,C33 H20 Cl6 N4 Ni1 O5,0.0,O=C([O-])C1C(C(=O)[O-]->[Ni+2]23(<-O)(<-n4cccc5ccc6cccn->2c6c54)<-n2cccc4ccc5cccn->3c5c42)C2(Cl)C(Cl)=C(Cl)C1(Cl)C2(Cl)Cl,O=C([O-])C1C(C(=O)[O-]->[Ni+2]23(<-O)(<-n4cccc5ccc6cccn->2c6c54)<-n2cccc4ccc5cccn->3c5c42)C2(Cl)C(Cl)=C(Cl)C1(Cl)C2(Cl)Cl,O.O=C([O-])C1C(C(=O)[O-]->[Ni+2]23(<-n4cccc5ccc6cccn->2c6c54)<-n2cccc4ccc5cccn->3c5c42)C2(Cl)C(Cl)=C(Cl)C1(Cl)C2(Cl)Cl
JUVTUR,CCn1c[nH+][c-](->[Pt+2](<-[I-])(<-[P@TB5](c2ccccc2)(c2ccccc2)c2ccccc2)<-[P@TB5](c2ccccc2)(c2ccccc2)c2ccccc2)c1,C41 H38 I1 N2 P2 Pt1 1+,1.0,CC[n+]1c[nH][c](->[Pt+](<-[I-])(<-P(c2ccccc2)(c2ccccc2)c2ccccc2)<-P(c2ccccc2)(c2ccccc2)c2ccccc2)c1,CCn1c[nH+][c-](->[Pt+2](<-[I-])(<-P(c2ccccc2)(c2ccccc2)c2ccccc2)<-P(c2ccccc2)(c2ccccc2)c2ccccc2)c1,CCn1c[nH+][c-](->[Pt+2](<-[I-])(<-P(c2ccccc2)(c2ccccc2)c2ccccc2)<-P(c2ccccc2)(c2ccccc2)c2ccccc2)c1
JUXHOB,O=C1C[N-](S(=O)(=O)c2ccc(Cl)cc2)->[Ni+2](<-[O-]1)(<-n1cccc2ccc3cccnc3c21)<-n1cccc2ccc3cccnc3c21,C32 H22 Cl1 N5 Ni1 O4 S1,0.0,O=C1C[N-](S(=O)(=O)c2ccc(Cl)cc2)->[Ni+2]23(<-[O-]1)(<-n1cccc4ccc5cccn->2c5c41)<-n1cccc2ccc4cccn->3c4c21,O=C1C[N-](S(=O)(=O)c2ccc(Cl)cc2)->[Ni+2]23(<-[O-]1)(<-n1cccc4ccc5cccn->2c5c41)<-n1cccc2ccc4cccn->3c4c21,O=C1C[N-](S(=O)(=O)c2ccc(Cl)cc2)->[Ni+2]23(<-[O-]1)(<-n1cccc4ccc5cccn->2c5c41)<-n1cccc2ccc4cccn->3c4c21
JUYFOY,,C20 H18 Co1 F7 I1 O2 P1,0.0,COP(OC)(c1ccccc1)->[Co+3]1234(<-[I-])(<-c5[cH-]->1c->2c->31ccccc->451)<-[C-](F)(F)C(F)(F)C(F)(F)F,COP(OC)(c1ccccc1)->[Co+3]1234(<-[I-])(<-c5c->1c->21ccccc->31[cH-]->45)<-[C-](F)(F)C(F)(F)C(F)(F)F,COP(OC)(c1ccccc1)->[Co+3]1234(<-[I-])(<-c5c->1c->21ccccc->31[cH-]->45)<-[C-](F)(F)C(F)(F)C(F)(F)F
KABKOO,COc1cccc2c1N(C)[C](->[W](<-[C-]#[O+])(<-[C-]#[O+])(<-[C-]#[O+])(<-[C-]#[O+])<-[C-]#[O+])O2,C14 H9 N1 O7 W1,0.0,COc1cccc2c1N(C)[C](->[W](<-[C-]#[O+])(<-[C-]#[O+])(<-[C-]#[O+])(<-[C-]#[O+])<-[C-]#[O+])O2,COc1cccc2c1N(C)[C](->[W](<-[C-]#[O+])(<-[C-]#[O+])(<-[C-]#[O+])(<-[C-]#[O+])<-[C-]#[O+])O2,COc1cccc2c1N(C)[C](->[W](<-[C-]#[O+])(<-[C-]#[O+])(<-[C-]#[O+])(<-[C-]#[O+])<-[C-]#[O+])O2
KACDIC,CCCC[Si@]1(C)[c-]23->[Zr+4]456789%10(<-[Cl-])(<-[Cl-])(<-c(c->4c->52)c->63)<-c2c->7(C)[c-]->81c->91ccc3ccccc3c->%1021,C24 H26 Cl2 Si1 Zr1,0.0,CCCC[Si]1(C)c23->[Zr+4]456789%10(<-[Cl-])(<-[Cl-])(<-c(c->42)[cH-]->5c->63)<-[cH-]2c->7(C)c->81c->91ccc3ccccc3c->%1021,CCCC[Si]1(C)[c-]23->[Zr+4]456789%10(<-[Cl-])(<-[Cl-])(<-c(c->4c->52)c->63)<-c2c->7(C)[c-]->81c->91ccc3ccccc3c->%1021,CCCC[Si]1(C)[c-]23->[Zr+4]456789%10(<-[Cl-])(<-[Cl-])(<-c(c->4c->52)c->63)<-c2c->7(C)[c-]->81c->91ccc3ccccc3c->%1021
KACXES,CC(C)(C)[N+]#[C-]->[Mn+](<-[C-]#[O+])(<-[C-]#[O+])(<-[C-]#[O+])(<-P(C)(C)C)<-P(C)(C)[O-],C13 H24 Mn1 N1 O4 P2,0.0,CC(C)(C)[N+]#[C-]->[Mn](<-[C-]#[O+])(<-[C-]#[O+])(<-[C-]#[O+])(<-P(C)(C)C)<-[PH](C)(C)=O,CC(C)(C)[N+]#[C-]->[Mn+](<-[C-]#[O+])(<-[C-]#[O+])(<-[C-]#[O+])(<-P(C)(C)C)<-P(C)(C)[O-],CC(C)(C)[N+]#[C-]->[Mn+](<-[C-]#[O+])(<-[C-]#[O+])(<-[C-]#[O+])(<-P(C)(C)C)<-P(C)(C)[O-]
KADQOX,[Br-]->[Hg+2](<-[Br-])(<-n1ccccc1P(c1ccccc1)c1ccccn1)<-[P@TB5](c1ccccc1)(c1ccccn1)c1ccccn1,C32 H26 Br2 Hg1 N4 P2,0.0,[Br-]->[Hg+2](<-[Br-])(<-P(c1ccccc1)(c1ccccn1)c1ccccn1)<-P(c1ccccc1)(c1ccccn1)c1ccccn1,[Br-]->[Hg+2](<-[Br-])(<-P(c1ccccc1)(c1ccccn1)c1ccccn1)<-P(c1ccccc1)(c1ccccn1)c1ccccn1,[Br-]->[Hg+2]<-[Br-].c1ccc(P(c2ccccn2)c2ccccn2)cc1.c1ccc(P(c2ccccn2)c2ccccn2)cc1
KAFGIK,CC(C)N1CCN(C(C)C)C23[S-]->[Mo+6]<-2(<-[O-2])(<-[S-]C=31)(<-[S-]c1ccccc1)<-[S-]c1ccccc1,C22 H28 Mo1 N2 O1 S4,0.0,fail,CC(C)N1CCN(C(C)C)C23=S->[Mo+4]<-2(<-[O-2])(<-S=C13)(<-[S-]c1ccccc1)<-[S-]c1ccccc1,CC(C)N1CCN(C(C)C)C23=S->[Mo+4]<-2(<-[O-2])(<-S=C13)(<-[S-]c1ccccc1)<-[S-]c1ccccc1
KAGLEK,Cc1ccn2->[Cd+2]34(<-[O-][N+](=O)[O-])(<-[O-][N+](=O)[O-]->3)<-N3=C(Nc5cc(C)ccn->45)c4ccccc4/C3=N/c2c1,C20 H17 Cd1 N7 O6,0.0,Cc1ccn2->[Cd+2]345(<-[O-][N+](=O)[O-]->3)(<-[O-][N+](=O)[O-]->4)<-N3=C(Nc4cc(C)ccn->54)c4ccccc4C3=Nc2c1,Cc1ccn2->[Cd+2]34(<-[O-][N+](=O)[O-])(<-[O-][N+](=O)[O-]->3)<-N3=C(Nc5cc(C)ccn->45)c4ccccc4C3=Nc2c1,Cc1ccn2->[Cd+2]34567(<-[O-][N+]->3(=O)[O-]->4)(<-[O-][N+]->5(=O)[O-]->6)<-N3=C(Nc4cc(C)ccn->74)c4ccccc4C3=Nc2c1
KAHTAR,[Cl-]->[Ni+2](<-[Cl-])(<-n1cc2ccccc2n1Cn1ncc2ccccc21)<-n1cc2ccccc2n1Cn1ncc2ccccc21,C30 H24 Cl2 N8 Ni1,0.0,[Cl-]->[Ni+2]12(<-[Cl-])(<-n3cc4ccccc4n3Cn3c4ccccc4cn->13)<-n1cc3ccccc3n1Cn1c3ccccc3cn->21,[Cl-]->[Ni+2]12(<-[Cl-])(<-n3cc4ccccc4n3Cn3c4ccccc4cn->13)<-n1cc3ccccc3n1Cn1c3ccccc3cn->21,[Cl-]->[Ni+2]12(<-[Cl-])(<-n3cc4ccccc4n3Cn3c4ccccc4cn->13)<-n1cc3ccccc3n1Cn1c3ccccc3cn->21
KAJTIZ,,C31 H28 Cl1 Mo1 N1 O5 P2,0.0,CN1P(Oc2ccccc2)(Oc2ccccc2)->[Mo+2]2345(<-[Cl-])(<-[C-]#[O+])(<-c6c->2c->3[cH-]->4c->56)<-P1(Oc1ccccc1)Oc1ccccc1,CN1P2(Oc3ccccc3)(Oc3ccccc3)->[Mo+2]3456(<-[Cl-])(<-[C-]#[O+])(<-c7c->3c->4[cH-]->5c->67)<-P=21(Oc1ccccc1)Oc1ccccc1,CN1P(Oc2ccccc2)(Oc2ccccc2)->[Mo+2]2345(<-[Cl-])(<-[C-]#[O+])(<-c6c->2c->3[cH-]->4c->56)<-P1(Oc1ccccc1)Oc1ccccc1
KAKYEC,c1ccc2nc3sc4=S->[Au-]5(<-S=c4sc3nc2c1)<-S=c1sc2nc3ccccc3nc2sc1=S->5,C20 H8 Au1 N4 S8 1-,-1.0,fail,c1ccc2nc3sc4=S->[Au-]5(<-S=c4sc3nc2c1)<-S=c1sc2nc3ccccc3nc2sc1=S->5,c1ccc2nc3sc4=S->[Au-]5(<-S=c4sc3nc2c1)<-S=c1sc2nc3ccccc3nc2sc1=S->5
KAMDIM,COC(=O)/C1[S-]->[Ru+2]234567(<-C(=[SH]->2/C=1C(=O)OC)[Si](C)(C)C)<-c1c->3c->4c->5c->6c->71,C16 H22 O4 Ru1 S2 Si1,0.0,COC(=O)C1[S-]->[Ru+2]234567(<-c8c->2c->3c->4c->5c->68)<-[CH-](S->7C=1C(=O)OC)[Si](C)(C)C,COC(=O)C1[S-]->[Ru+2]234567(<-C(=[SH]->2C=1C(=O)OC)[Si](C)(C)C)<-c1c->3c->4c->5c->6c->71,COC(=O)C1[S-]->[Ru+2]234567(<-C(=[SH]->2C=1C(=O)OC)[Si](C)(C)C)<-c1c->3c->4c->5c->6c->71
KAMYOM,Cc12->[Re+5]345(<-[O-2])(<-[CH2-]c6ccccc6)(<-[CH2-]c6ccccc6)<-c1(C)c->3(C)[c-]->4(C)c->52C,C24 H29 O1 Re1,0.0,Cc12->[Re+5]345(<-[O-2])(<-[CH2-]c6ccccc6)(<-[CH2-]c6ccccc6)<-c1(C)c->3(C)[c-]->4(C)c->52C,Cc12->[Re+5]345(<-[O-2])(<-[CH2-]c6ccccc6)(<-[CH2-]c6ccccc6)<-c1(C)c->3(C)[c-]->4(C)c->52C,Cc12->[Re+5]345(<-[O-2])(<-[CH2-]c6ccccc6)(<-[CH2-]c6ccccc6)<-c1(C)c->3(C)[c-]->4(C)c->52C
KANPEU,C/C1CC(C)(C)N2CCN3C(C)(C)C/C(C)=N(/O)->[Rh+3]<-2<-3(<-[Cl-])(<-[Cl-])<-N=1\[O-],C14 H29 Cl2 N4 O2 Rh1,0.0,CC1CC(C)(C)N2CCN3C(C)(C)CC(C)=N(O)->[Rh+2]<-2<-3(<-[Cl-])(<-[Cl-])<-N=1[O],CC1CC(C)(C)N2CCN3C(C)(C)CC(C)=N(O)->[Rh+3]<-2<-3(<-[Cl-])(<-[Cl-])<-N=1[O-],CC1CC(C)(C)N2CCN3C(C)(C)CC(C)=N(O)->[Rh+3]<-2<-3(<-[Cl-])(<-[Cl-])<-N=1[O-]
KAPPOG,O=C[O-]->[Re+]1(<-[C-]#[O+])(<-[C-]#[O+])(<-[C-]#[O+])<-n2ccccc2-c2ccccn->12,C14 H9 N2 O5 Re1,0.0,O=C[O-]->[Re+]1(<-[C-]#[O+])(<-[C-]#[O+])(<-[C-]#[O+])<-n2ccccc2-c2ccccn->12,O=C[O-]->[Re+5]1(<-[C-3][O-])(<-[C-]#[O+])(<-[C-]#[O+])<-n2ccccc2-c2ccccn->12,O=[C-]1OC=O->[Re+]<-12(<-[C-]#[O+])(<-[C-]#[O+])<-n1ccccc1-c1ccccn->21
KAQHEQ,CS(C)(=O)->[Ru+2](<-[Cl-])(<-[Cl-])(<-n1cc2ccccc2[nH]1)(<-n1cc2ccccc2[nH]1)<-S(C)(C)=O,C18 H24 Cl2 N4 O2 Ru1 S2,0.0,CS(C)(=O)->[Ru+2](<-[Cl-])(<-[Cl-])(<-n1cc2ccccc2[nH]1)(<-n1cc2ccccc2[nH]1)<-S(C)(C)=O,CS(C)(=O)->[Ru+2](<-[Cl-])(<-[Cl-])(<-n1cc2ccccc2[nH]1)(<-n1cc2ccccc2[nH]1)<-S(C)(C)=O,CS(C)(=O)->[Ru+2](<-[Cl-])(<-[Cl-])(<-n1cc2ccccc2[nH]1)(<-n1cc2ccccc2[nH]1)<-S(C)(C)=O
KARHER,CCOC(=O)C1=C\[N-]2->[Fe+2]34(<-N(=C\C(C(=O)OCC)=C(\C)[N-]->3c3ccccc3/N->4=C/1C)/c1ccccc12)(<-n1ccccc1)<-n1ccccc1,C36 H36 Fe1 N6 O4,0.0,CCOC(=O)C1=C[N-]2->[Fe+2]34(<-N(=CC(C(=O)OCC)=C(C)[N-]->3c3ccccc3N->4=C1C)c1ccccc12)(<-n1ccccc1)<-n1ccccc1,CCOC(=O)C1=C[N-]2->[Fe+2]34(<-N(=CC(C(=O)OCC)=C(C)[N-]->3c3ccccc3N->4=C1C)c1ccccc12)(<-n1ccccc1)<-n1ccccc1,CCOC(=O)C1=C[N-]2->[Fe+2]34(<-N(=CC(C(=O)OCC)=C(C)[N-]->3c3ccccc3N->4=C1C)c1ccccc12)(<-n1ccccc1)<-n1ccccc1
KASCEP,CC(=O)c1cc2/C(C)=N3/N=C(\[O-]->[Mo+6]<-3(<-[O-2])(<-[O-2])(<-O)<-[O-]c2cc1O)c1cccnc1,C16 H15 Mo1 N3 O7,0.0,CC(=O)c1cc2C(C)=N3N=C([O-]->[Mo+6]<-3(<-[O-2])(<-[O-2])(<-O)<-[O-]c2cc1O)c1cccnc1,CC(=O)c1cc2C(C)=N3N=C([O-]->[Mo+6]<-3(<-[O-2])(<-[O-2])(<-O)<-[O-]c2cc1O)c1cccnc1,CC(=O)c1cc2c(cc1O)[O-]->[Mo+6]1(<-[O-2])(<-[O-2])<-[O-]C(c3cccnc3)=NN->1=C2C.O
KATDAK,C[Si](C)(C)/C(=C\c1ccccc1)[C-]1=N(Cc2ccccc2)->[Zr+4]<-123456789(<-[Cl-])(<-c1c->2c->3[cH-]->4c->51)<-c1c->6c->7[cH-]->8c->91,C29 H32 Cl1 N1 Si1 Zr1,0.0,C[Si](C)(C)C(=Cc1ccccc1)C1=N(Cc2ccccc2)->[Zr+3]<-123456789(<-[Cl-])(<-c1c->2c->3[cH-]->4c->51)<-c1c->6c->7[cH-]->8c->91,C[Si](C)(C)C(=Cc1ccccc1)[C-]1=N(Cc2ccccc2)->[Zr+4]<-123456789(<-[Cl-])(<-c1c->2c->3[cH-]->4c->51)<-c1c->6c->7[cH-]->8c->91,C[Si](C)(C)C(=Cc1ccccc1)[C-]1=N(Cc2ccccc2)->[Zr+4]<-123456789(<-[Cl-])(<-c1c->2c->3[cH-]->4c->51)<-c1c->6c->7[cH-]->8c->91
KATPAW,[Cl-]->[Hg+2]<-[c-]1ccccc1/N=N/c1ccccc1,C12 H9 Cl1 Hg1 N2,0.0,[Cl-]->[Hg+2]<-[c-]1ccccc1N=Nc1ccccc1,[Cl-]->[Hg+2]<-[c-]1ccccc1N=Nc1ccccc1,[Cl-]->[Hg+2]<-[c-]1ccccc1N=Nc1ccccc1
KAVPAZ,CP(C)(C)->[Ru+2]12345(<-c6ccc[c-]6CC[c-]->16c->2c->3c->4c->56)<-P(C)(C)C,C18 H30 P2 Ru1,0.0,CP(C)(C)->[Ru+2]12345(<-c6c->1[cH-]->2c->3(CCc1ccc[cH-]->41)c->56)<-P(C)(C)C,CP(C)(C)->[Ru+2]12345(<-c6c->1c->2[c-]->3(CCc1ccc[cH-]->41)c->56)<-P(C)(C)C,CP(C)(C)->[Ru+2]12345(<-c6c->1c->2[c-]->3(CCc1ccc[cH-]->41)c->56)<-P(C)(C)C
KAWLIF,CO->[Re+]1(<-[C-]#[O+])(<-[C-]#[O+])(<-[C-]#[O+])<-O=c2c([O-]->1)c(-c1ccccc1)oc1ccccc21,C19 H13 O7 Re1,0.0,CO->[Re+]1(<-[C-]#[O+])(<-[C-]#[O+])(<-[C-]#[O+])<-O=c2c([O-]->1)c(-c1ccccc1)oc1ccccc21,CO->[Re+]1(<-[C-]#[O+])(<-[C-]#[O+])(<-[C-]#[O+])<-O=c2c([O-]->1)c(-c1ccccc1)oc1ccccc21,CO->[Re+]1(<-[C-]#[O+])(<-[C-]#[O+])(<-[C-]#[O+])<-O=c2c([O-]->1)c(-c1ccccc1)oc1ccccc21
KAWTEJ,FC(F)(F)/C1=C/C(c2ccccc2)=N2/c3ccccc3P(c3ccccc3)(c3ccccc3)->[Ti+4]<-2(<-[Cl-])(<-[Cl-])(<-[Cl-])<-[O-]1,C28 H20 Cl3 F3 N1 O1 P1 Ti1,0.0,FC(F)(F)C1=CC(c2ccccc2)=N2c3ccccc3P(c3ccccc3)(c3ccccc3)->[Ti+4]<-2(<-[Cl-])(<-[Cl-])(<-[Cl-])<-[O-]1,FC(F)(F)C1=CC(c2ccccc2)=N2c3ccccc3P(c3ccccc3)(c3ccccc3)->[Ti+4]<-2(<-[Cl-])(<-[Cl-])(<-[Cl-])<-[O-]1,FC(F)(F)C1=CC(c2ccccc2)=N2c3ccccc3P(c3ccccc3)(c3ccccc3)->[Ti+4]<-2(<-[Cl-])(<-[Cl-])(<-[Cl-])<-[O-]1
KAXYUE,,C31 H31 Fe1 N5,0.0,fail,[C-](#[N+]C1CCCCC1)->[Fe]12(<-N=C3C=CC=CC3=N->1c1ccccc1)<-N=C1C=CC=CC1=N->2c1ccccc1,[C-](#[N+]C1CCCCC1)->[Fe]12(<-N=C3C=CC=CC3=N->1c1ccccc1)<-N=C1C=CC=CC1=N->2c1ccccc1
KAYQAC,C/C1=N2->[Ni@+2]3(<-S=c4cccc[n-]->34)<-N(CCCN(C)CCC/2)C(C)(C)C1,C18 H31 N4 Ni1 S1 1+,1.0,fail,CC1=N2->[Ni+2]34(<-S=c5cccc[n-]->35)<-N(CCCN->4(C)CCC2)C(C)(C)C1,CC1=N2->[Ni+2]34(<-S=c5cccc[n-]->35)<-N(CCCN->4(C)CCC2)C(C)(C)C1
KAYZAM,CC1=NN(c2ccccc2)C2=S->[Cd+2]345(<-S=C6/C(=N\[N-]->3c3cccc7cccn->4c37)C(C)=NN6c3ccccc3)<-n3cccc4cccc([N-]->5/N=C/12)c43,C38 H28 Cd1 N10 S2,0.0,Cc1nn(-c2ccccc2)c2[S-]->[Cd+2]345(<-[S-]c6c(N=N->3c3cccc7cccn->4c37)c(C)nn6-c3ccccc3)<-N(=Nc12)c1cccc2cccn->5c12,CC1=NN(c2ccccc2)C2=S->[Cd+2]345(<-S=C6C(=N[N-]->3c3cccc7cccn->4c37)C(C)=NN6c3ccccc3)<-n3cccc4cccc([N-]->5N=C12)c43,CC1=NN(c2ccccc2)C2=S->[Cd+2]345(<-S=C6C(=N[N-]->3c3cccc7cccn->4c37)C(C)=NN6c3ccccc3)<-n3cccc4cccc([N-]->5N=C12)c43
KAZLEE,CC(C)c12->[Ru+2]3456(<-[Cl-])(<-[Cl-])(<-c(c->31)c->4(C)c->5c->62)<-P(NCc1ccco1)(c1ccccc1)c1ccccc1,C27 H30 Cl2 N1 O1 P1 Ru1,0.0,CC(C)c12->[Ru+2]3456(<-[Cl-])(<-[Cl-])(<-c(c->31)c->4(C)c->5c->62)<-P(NCc1ccco1)(c1ccccc1)c1ccccc1,CC(C)c12->[Ru+2]3456(<-[Cl-])(<-[Cl-])(<-c(c->31)c->4(C)c->5c->62)<-P(NCc1ccco1)(c1ccccc1)c1ccccc1,CC(C)c12->[Ru+2]3456(<-[Cl-])(<-[Cl-])(<-c(c->31)c->4(C)c->5c->62)<-P(NCc1ccco1)(c1ccccc1)c1ccccc1
KEBXAR,[Cl-]->[Pt+2]1(<-[Cl-])<-NCC[Se]->1c1ccccc1,C8 H11 Cl2 N1 Pt1 Se1,0.0,[Cl-]->[Pt+2]1(<-[Cl-])<-NCC[Se]->1c1ccccc1,[CH2-]CN->[Pt+4](<-[Cl-])(<-[Cl-])<-[Se-]c1ccccc1,[CH2-]CN->[Pt+4](<-[Cl-])(<-[Cl-])<-[Se-]c1ccccc1
KECVAQ,CC(C)(C)c1ccn(->[Co+3]23(<-N(=O)/C=C\[N-]->2O)(<-N(=O)/C=C\[N-]->3O)<-[S@@](=O)([O-])Cc2ccccc2)cc1,C20 H26 Co1 N5 O6 S1,0.0,CC(C)(C)c1ccn(->[Co]23(<-N([O])=CC=N->2O)(<-N([O])=CC=N->3O)<-[SH](=O)(=O)Cc2ccccc2)cc1,CC(C)(C)c1ccn(->[Co+3]23(<-N(=O)C=C[N-]->2O)(<-N(=O)C=C[N-]->3O)<-S(=O)([O-])Cc2ccccc2)cc1,CC(C)(C)c1ccn(->[Co+3]23(<-N(=O)C=C[N-]->2O)(<-N(=O)C=C[N-]->3O)<-S(=O)([O-])Cc2ccccc2)cc1
KEDNAJ,C/C1c2cccc[n+]2[O-]->[Zn+2](<-[Br-])(<-[Br-])<-N=1\c1c(C(C)C)cccc1C(C)C,C19 H24 Br2 N2 O1 Zn1,0.0,CC1c2cccc[n+]2[O-]->[Zn+](<-[Br-])(<-[Br-])<-N=1c1c(C(C)C)cccc1C(C)C,CC1c2cccc[n+]2[O-]->[Zn+2](<-[Br-])(<-[Br-])<-N=1c1c(C(C)C)cccc1C(C)C,CC1c2cccc[n+]2[O-]->[Zn+2](<-[Br-])(<-[Br-])<-N=1c1c(C(C)C)cccc1C(C)C
KEFVAS,COC(=O)c1c(C(=O)OC)c(C(=O)OC)[c-](->[Au+]<-P(c2ccccc2)(c2ccccc2)c2ccccc2)(C(=O)OC)c1C,C32 H30 Au1 O8 P1,0.0,COC(=O)c1c(C(=O)OC)c(C(=O)OC)[c-](->[Au+]<-P(c2ccccc2)(c2ccccc2)c2ccccc2)(C(=O)OC)c1C,COC(=O)c1c(C(=O)OC)c(C(=O)OC)[c-](->[Au+]<-P(c2ccccc2)(c2ccccc2)c2ccccc2)(C(=O)OC)c1C,COC(=O)c1c(C(=O)OC)c(C(=O)OC)[c-](->[Au+]<-P(c2ccccc2)(c2ccccc2)c2ccccc2)(C(=O)OC)c1C
KEGLIS,Cc1ccn2->[Cd+2]345(<-[O-][N+](=O)[O-]->3)(<-[O-][N+](=O)[O-]->4)(<-n3ccc(C)cc3-c2c1)<-n1ccc(C)cc1-c1cc(C)ccn->51,C24 H24 Cd1 N6 O6,0.0,Cc1ccn2->[Cd+2]345(<-[O-][N+](=O)[O-]->3)(<-[O-][N+](=O)[O-]->4)(<-n3ccc(C)cc3-c2c1)<-n1ccc(C)cc1-c1cc(C)ccn->51,Cc1ccn2->[Cd+2]3(<-[O-][N+](=O)[O-])(<-[O-][N+](=O)[O-])(<-n4ccc(C)cc4-c2c1)<-n1ccc(C)cc1-c1cc(C)ccn->31,Cc1ccn2->[Cd+2]34567(<-[O-][N+]->3(=O)[O-]->4)(<-[O-][N+]->5(=O)[O-]->6)(<-n3ccc(C)cc3-c2c1)<-n1ccc(C)cc1-c1cc(C)ccn->71
KEHBUV,CN(C)(CCO)->[Cd+2](<-[N-]1C(=O)c2ccccc2S1(=O)=O)(<-[N-]1C(=O)c2ccccc2S1(=O)=O)<-N(C)(C)CCO,C22 H30 Cd1 N4 O8 S2,0.0,CN1(C)CCO->[Cd+2]<-12(<-[O-]C1=NS(=O)(=O)c3ccccc31)(<-OCCN->2(C)C)<-[N-]1C(=O)c2ccccc2S1(=O)=O,CN1(C)CCO->[Cd+2]<-12(<-[O-]C1=NS(=O)(=O)c3ccccc31)(<-OCCN->2(C)C)<-[N-]1C(=O)c2ccccc2S1(=O)=O,CN(C)(CCO)->[Cd+2](<-[N-]1C(=O)c2ccccc2S1(=O)=O)(<-[N-]1C(=O)c2ccccc2S1(=O)=O)<-N(C)(C)CCO
KEHQIZ,,C11 H7 I2 N3 O3 W1,0.0,[O+]#[C-]->[W+2]1(<-[I-])(<-[I-])(<-[C-]#[O+])(<-[C-]#[O+])<-n2ccccc2-c2cc[nH]n->12,[O+]#[C-]->[W+2]1(<-[I-])(<-[I-])(<-[C-]#[O+])(<-[C-]#[O+])<-n2ccccc2-c2cc[nH]n->12,O=[C-]1[C-](=O)->[W+4]<-12(<-[I-])(<-[I-])(<-[C-]#[O+])<-n1ccccc1-c1cc[nH]n->21
KEJDUY,,C40 H31 Br1 O2 P2 W1,0.0,Cc1ccc([C-3]->[W+4]2(<-[Br-])(<-[C-]#[O+])(<-[C-]#[O+])<-P(c3ccccc3)(c3ccccc3)c3ccccc3P->2(c2ccccc2)c2ccccc2)cc1,C[c+]1[cH-][cH+][c-]([C-3]->[W+4]2(<-[Br-])(<-[C-]#[O+])(<-[C-]#[O+])<-P(c3ccccc3)(c3ccccc3)c3ccccc3P->2(c2ccccc2)c2ccccc2)[cH+][cH-]1,C[c+]1[cH-][cH+][c-]([C-3]->[W+4]2(<-[Br-])(<-[C-]#[O+])(<-[C-]#[O+])<-P(c3ccccc3)(c3ccccc3)c3ccccc3P->2(c2ccccc2)c2ccccc2)[cH+][cH-]1
KEJZOO,c1ccc([S-]->[Ni+2]23(<-S=c4cccc[n-]->24)<-n2ccccc2-c2ccccn->32)nc1,C20 H16 N4 Ni1 S2,0.0,fail,c1ccn2->[Ni+2]34(<-S=c5cccc[n-]->35)(<-S=c3cccc[n-]->43)<-n3ccccc3-c2c1,c1ccn2->[Ni+2]34(<-S=c5cccc[n-]->35)(<-S=c3cccc[n-]->43)<-n3ccccc3-c2c1
KEKQUM,CC(C)(C)[N-]1[Si](C)(C)C23->[Ti+4]<-1456(<-[Cl-])(<-[Cl-])<-C2=C->4[Si](C)(C)[CH-]->5C->6=3,C13 H25 Cl2 N1 Si2 Ti1,0.0,fail,CC(C)(C)[N-]1[Si](C)(C)[C-]23->[Ti+4]<-1456(<-[Cl-])(<-[Cl-])<-C2=C->4[Si](C)(C)C->5=C->63,CC(C)(C)[N-]1[Si](C)(C)[C-]23->[Ti+4]<-14(<-[Cl-])(<-[Cl-])<-C2=C->4[Si](C)(C)C=C3
KELQOK,[Cl-]->[Cu+]1<-n2ccccc2-c2cc3ccc2CCc2ccc(c(P->1(c1ccccc1)c1ccccc1)c2)CC3,C33 H28 Cl1 Cu1 N1 P1,0.0,[Cl-]->[Cu+]1<-n2ccccc2-c2cc3ccc2CCc2ccc(c(P->1(c1ccccc1)c1ccccc1)c2)CC3,[Cl-]->[Cu+]1<-n2ccccc2-c2cc3ccc2CCc2ccc(c(P->1(c1ccccc1)c1ccccc1)c2)CC3,[Cl-]->[Cu+]1<-n2ccccc2-c2cc3ccc2CCc2ccc(c(P->1(c1ccccc1)c1ccccc1)c2)CC3
KEMKES,CC(C)(C)c12->[Mo+4]34567(<-[C-]#[O+])(<-[C-]#[O+])(<-[CH-]8c9ccccc9[CH-]->3[CH-]->48)<-p1c->5(C(C)(C)C)[c-]->6(C(C)(C)C)p->72,C26 H34 Mo1 O2 P2,0.0,fail,CC(C)(C)c12->[Mo+2]34567(<-[C-]#[O+])(<-[C-]#[O+])(<-c8c9ccccc9[cH-]->3c->48)<-p1c->5(C(C)(C)C)[c-]->6(C(C)(C)C)p->72,CC(C)(C)c12->[Mo+2]34567(<-[C-]#[O+])(<-[C-]#[O+])(<-c8c9ccccc9[cH-]->3c->48)<-p1c->5(C(C)(C)C)[c-]->6(C(C)(C)C)p->72
KEPHOE,CC(C)(C)P1(CCP(C(C)(C)C)(C(C)(C)C)->[Ni@TB4+2]<-123<-[H]C->21[C@@H]2C[C@@H]([C@@H]4C=CC[C@@H]42)[CH-]->31)C(C)(C)C,C28 H53 Ni1 P2 1+,1.0,CC(C)(C)P1(CCP(->[Ni+2]<-1<-[CH-]1CC2CC1C1C=CCC21)(C(C)(C)C)C(C)(C)C)C(C)(C)C,CC(C)(C)P1(CCP(C(C)(C)C)(C(C)(C)C)->[NiH+]<-12<-C1=C->2C2CC1C1C=CCC12)C(C)(C)C,CC(C)(C)P1(CCP(->[NiH+]<-1<-C1=CC2CC1C1C=CCC21)(C(C)(C)C)C(C)(C)C)C(C)(C)C
KEQFOE,NC1/N=N2/C=C\[N-]3/N=C(/N)[S-]->[Ni@SP1+2]<-2<-3<-S=1,C4 H6 N6 Ni1 S2,0.0,NC1=NN2=CC=N3N=C(N)[S-]->[Ni+2]<-2<-3<-[S-]1,NC1=N[N-]2C=CN3=NC(N)=S->[Ni+2]<-3<-2<-[S-]1,NC1=N[N-]2C=CN3=NC(N)=S->[Ni+2]<-3<-2<-[S-]1
KERJOI,Cc1n[n-](->[Zn@TB15+2]23(<-S=c4sc(C)n[n-]->24)<-n2ccccc2-c2ccccn->32)c(=S)s1,C16 H14 N6 S4 Zn1,0.0,Cc1nnc([S-]->[Zn+2]2(<-n3ccccc3-c3ccccn->23)<-[n-]2nc(C)sc2=S)s1,Cc1nnc([S-]->[Zn+2]2(<-n3ccccc3-c3ccccn->23)<-[n-]2nc(C)sc2=S)s1,Cc1n[n-]2->[Zn+2]34(<-S=c2s1)(<-S=c1sc(C)n[n-]->31)<-n1ccccc1-c1ccccn->41
KESSOQ,CN1CCN(C)CCN(C)(C)->[Cu+]<-N(C)(C)CC1,C12 H30 Cu1 N4 1+,1.0,CN1(C)CCN2(C)CCN3(C)CCN(C)(C)->[Cu+]<-1<-2<-3,CN1(C)CCN2(C)CCN3(C)CCN(C)(C)->[Cu+]<-1<-2<-3,CN1(C)CCN2(C)CCN3(C)CCN(C)(C)->[Cu+]<-1<-2<-3
KETXIS,[O-2]->[V+5]12(<-[O-2])(<-N3=c4ccccc4=N/C3=C3\C=CC=C[N-]->13)<-n1ccccc1-c1[nH]c3ccccc3n->21,C24 H17 N6 O2 V1,0.0,[O-2]->[V+5]12(<-[O-2])(<-n3ccccc3-c3[nH]c4ccccc4n->13)<-n1ccccc1-c1nc3ccccc3[n-]->21,[O-2]->[V+5]12(<-[O-2])(<-N3=c4ccccc4=NC3=C3C=CC=C[N-]->13)<-n1ccccc1-c1[nH]c3ccccc3n->21,[O-2]->[V+5]12(<-[O-2])(<-N3=c4ccccc4=NC3=C3C=CC=C[N-]->13)<-n1ccccc1-c1[nH]c3ccccc3n->21
KEWDEW,,C13 H36 P4 W1,0.0,[CH-3]->[W+4]1(<-[CH2-]P->1(C)C)(<-P(C)(C)C)(<-P(C)(C)C)<-P(C)(C)C,[CH-3]->[W+4]1(<-[CH2-]P->1(C)C)(<-P(C)(C)C)(<-P(C)(C)C)<-P(C)(C)C,[CH-3]->[W+4]1(<-[CH2-]P->1(C)C)(<-P(C)(C)C)(<-P(C)(C)C)<-P(C)(C)C
KEXMAC,,C19 H24 N4 Pd1,0.0,CC1=CC(C)=N2->[Pd+2]34<-N(=C(C)C=C(C)[N-]->3CCC[N-]->41)c1ccccc12,C[C+]1[CH-][C+](C)[N-]2->[Pd+4]34<-[N-]1CCC[N-]->3[C-](C)[CH+][C-](C)[N-]->4c1ccccc12,C[C+]1[CH-][C+](C)[N-]2->[Pd+4]34<-[N-]1CCC[N-]->3[C-](C)[CH+][C-](C)[N-]->4c1ccccc12
KEYFOK,,C20 H28 B1 Br1 N6 O1 W1,0.0,Cc1cc(C)[n-]2->[W+2]34(<-[Br-])(<-[C-]#[O+])(<-C(C)#C->3C)<-[n-]3c(C)cc(C)[n+]3[BH-]([n+]12)[n+]1c(C)cc(C)[n-]->41,Cc1cc(C)n2->[W+2]34(<-[Br-])(<-[C-]#[O+])(<-C(C)#C->3C)<-n3c(C)cc(C)n3[BH-](n12)n1c(C)cc(C)n->41,Cc1cc(C)n2->[W+2]34(<-[Br-])(<-[C-]#[O+])(<-C(C)#C->3C)<-n3c(C)cc(C)n3[BH-](n12)n1c(C)cc(C)n->41
KEZCEA,,C24 H24 N4 O4 Ru1 S2,0.0,CC(=O)C1N=N2c3ccccc3S3CCS4c5ccccc5N5=NC(C(C)=O)=C(C)[O-]->[Ru+2]<-2<-5<-3<-4<-[O-]C=1C,CC(=O)C1N=N2c3ccccc3S3CCS4c5ccccc5N5=NC(C(C)=O)=C(C)[O-]->[Ru+2]<-2<-5<-3<-4<-[O-]C=1C,CC(=O)C1N=N2c3ccccc3S3CCS4c5ccccc5N5=NC(C(C)=O)=C(C)[O-]->[Ru+2]<-2<-5<-3<-4<-[O-]C=1C
KEZWOD,CC1=C(C)N(c2c(C)cc(C)cc2C)[C](->[Rh+]234(<-[Cl-])<-C5=C->2/CC/C->3=C->4\CC\5)O1,C22 H29 Cl1 N1 O1 Rh1,0.0,CC1=C(C)N(c2c(C)cc(C)cc2C)[C](->[Rh+]234(<-[Cl-])<-C5=C->2CCC->3=C->4CC5)O1,CC1=C(C)N(c2c(C)cc(C)cc2C)[C](->[Rh+]234(<-[Cl-])<-C5=C->2CCC->3=C->4CC5)O1,CC1=C(C)N(c2c(C)cc(C)cc2C)[C](->[Rh+]234(<-[Cl-])<-C5=C->2CCC->3=C->4CC5)O1
KICFUY,CC1=N2->[Ni@SP2+2]34<-N(=C(C)\C(C(=O)c5ccc(C)cc5)=C(\C)[N-]->3CCC/2)/c2ccccc2[N-]->4/C(C)=C\1C(=O)c1ccc(C)cc1,C35 H36 N4 Ni1 O2,0.0,CC1=C(C(=O)c2ccc(C)cc2)C(C)=N2->[Ni+2]34<-N(=C(C)C(C(=O)c5ccc(C)cc5)=C(C)[N-]->3CCC[N-]->41)c1ccccc12,CC1=C(C(=O)c2ccc(C)cc2)C(C)=N2->[Ni+2]34<-N(=C(C)C(C(=O)c5ccc(C)cc5)=C(C)[N-]->3c3ccccc32)CCC[N-]->41,CC1=C(C(=O)c2ccc(C)cc2)C(C)=N2->[Ni+2]34<-N(=C(C)C(C(=O)c5ccc(C)cc5)=C(C)[N-]->3c3ccccc32)CCC[N-]->41
KIDBIK,[Cl-]->[Rh+]123(<-[c-]4c(-c5ccccc5)oc(-c5ccccc5)[n+]4-c4ccccc4)<-C4=C->1/CC/C->2=C->3\CC\4,C29 H27 Cl1 N1 O1 Rh1,0.0,[Cl-]->[Rh]123(<-[c]4c(-c5ccccc5)oc(-c5ccccc5)[n+]4-c4ccccc4)<-C4=C->1CCC->2=C->3CC4,[Cl-]->[Rh+]123(<-[c-]4c(-c5ccccc5)oc(-c5ccccc5)[n+]4-c4ccccc4)<-C4=C->1CCC->2=C->3CC4,[Cl-]->[Rh+]123(<-[c-]4c(-c5ccccc5)oc(-c5ccccc5)[n+]4-c4ccccc4)<-C4=C->1CCC->2=C->3CC4
KIDWEB,,C37 H29 B1 Cl2 I1 N4 O1 P1 Ru1 S2,0.0,[O+]#[C-]->[Ru+2]12(<-[I-])(<-[H][BH-](n3ccn(-c4ccc(Cl)cc4)c3=S->1)n1ccn(-c3ccc(Cl)cc3)c1=S->2)<-P(c1ccccc1)(c1ccccc1)c1ccccc1,[O+]#[C-]->[RuH+]1(<-[I-])(<-S=c2n(Bn3ccn(-c4ccc(Cl)cc4)c3=S->1)ccn2-c1ccc(Cl)cc1)<-P(c1ccccc1)(c1ccccc1)c1ccccc1,[O+]#[C-]->[RuH+]1(<-[I-])(<-S=c2n(Bn3ccn(-c4ccc(Cl)cc4)c3=S->1)ccn2-c1ccc(Cl)cc1)<-P(c1ccccc1)(c1ccccc1)c1ccccc1
KIGFIR,CSC1=CC=C/C2=N(\c3ccccc3SC)->[Ru+2]3456(<-[Cl-])(<-N=C12)<-c1c->3c->4[cH-]->5c->61,C19 H19 Cl1 N2 Ru1 S2,0.0,CSC1=CC=CC2=N(c3ccccc3SC)->[Ru+2]3456(<-[Cl-])(<-N=C12)<-c1c->3c->4[cH-]->5c->61,CSc1ccccc1[N-]1c2cccc(SC)c2[NH-]->[Ru+4]<-12345(<-[Cl-])<-c1c->2c->3[cH-]->4c->51,CSc1ccccc1[N-]1c2cccc(SC)c2[NH-]->[Ru+4]<-12345(<-[Cl-])<-c1c->2c->3[cH-]->4c->51
KIHFEN,,C36 H34 O2 Zn1,0.0,fail,C1=c2ccccc2=C2->[Zn](<-C3=c4ccccc4=CC3=c3[cH-]ccc4cccc(=C12)[c+]34)(<-O1CCCC1)<-O1CCCC1,C1=c2ccccc2=C2->[Zn](<-O3CCCC3)<-C3=c4ccccc4=CC3=c3[cH-]ccc4cccc([c+]34)=C12.C1CCOC1
KIHMUK,CC1(C)O[C@H]2O[C@@H]([C@H]3CC[C@H]([CH2-]->[Hg+2]<-[Cl-])O3)C[C@H]2O1,C12 H19 Cl1 Hg1 O4,0.0,CC1(C)OC2CC(C3CCC([CH2-]->[Hg+2]<-[Cl-])O3)OC2O1,CC1(C)OC2CC(C3CCC([CH2-]->[Hg+2]<-[Cl-])O3)OC2O1,CC1(C)OC2CC(C3CCC([CH2-]->[Hg+2]<-[Cl-])O3)OC2O1
KIJFIT,CC(C)c1cccc(C(C)C)c1N1CCN(C)[C]1->[Ru+4]1(<-[Cl-])(<-[Cl-])<-[CH-]=C2C=C[CH-]C=C2O->1C(C)C,C26 H36 Cl2 N2 O1 Ru1,0.0,CC(C)c1cccc(C(C)C)c1N1CCN(C)[C]1->[Ru+4]1(<-[Cl-])(<-[Cl-])<-[CH-2]c2ccccc2O->1C(C)C,CC(C)c1cccc(C(C)C)c1N1CCN(C)[C]1->[Ru+2]1(<-[Cl-])(<-[Cl-])<-[CH]c2ccccc2O->1C(C)C,CC(C)c1cccc(C(C)C)c1N1CCN(C)[C]1->[Ru+2]1(<-[Cl-])(<-[Cl-])<-[CH]c2ccccc2O->1C(C)C
KIJHOC,,C22 H26 Ir1 N6 O2 1+,1.0,Cc1cc(C)n2->[Ir+]3456(<-C7=C->3C(=O)C->4=C->5C7=O)<-n3c(C)cc(C)n3C(n12)n1c(C)cc(C)n->61,Cc1cc(C)n2->[Ir+3]3456(<-c7c(=O)[cH-]->3[cH-]->4c(=O)c->57)<-n3c(C)cc(C)n3C(n12)n1c(C)cc(C)n->61,Cc1cc(C)n2->[Ir+3]345678(<-c9c->3c->4(=O)[cH-]->5[cH-]->6c->79=O)<-n3c(C)cc(C)n3C(n12)n1c(C)cc(C)n->81
KIKROO,Clc1ccc(/N2=N/c3ccccn3->[Ru+2]<-234(<-[Cl-])<-N(=N\c2cccc(/N=N->3/c3ccccc3)n->42)/c2ccccc2)cc1,C28 H21 Cl2 N8 Ru1 1+,1.0,Clc1ccc(N2=Nc3ccccn3->[Ru+2]<-234(<-[Cl-])<-N(=Nc2cccc(N=N->3c3ccccc3)n->42)c2ccccc2)cc1,Clc1ccc([N-]2N=c3cccc[n-]3->[Ru+8]<-234(<-[Cl-])<-n2c([NH2+][N-]->3c3ccccc3)cccc2[NH2+][N-]->4[c-]2[cH+][cH-][cH-][cH-][cH-]2)cc1,Clc1ccc([N-]2N=c3cccc[n-]3->[Ru+8]<-234(<-[Cl-])<-n2c([NH2+][N-]->3c3ccccc3)cccc2[NH2+][N-]->4[c-]2[cH+][cH-][cH-][cH-][cH-]2)cc1
KILKUO,,C32 H32 B2 N9 Sc1,0.0,Cc1ccc([B-]23c4cccc5[B-]6(c7ccc(C)cc7)[n+]7ccc[n-]7->[Sc+3](<-[CH3-])(<-n45)(<-[n-]4ccc[n+]42)(<-[n-]2ccc[n+]23)<-[n-]2ccc[n+]26)cc1,Cc1ccc([B-]23c4cccc5[B-]6(c7ccc(C)cc7)n7cccn7->[Sc+3](<-[CH3-])(<-n45)(<-n4cccn42)(<-n2cccn23)<-n2cccn26)cc1,Cc1ccc([B-]23c4cccc5[B-]6(c7ccc(C)cc7)n7cccn7->[Sc+3](<-[CH3-])(<-n45)(<-n4cccn42)(<-n2cccn23)<-n2cccn26)cc1
KIMFOD,,C36 H35 B1 N2 O2 Pt1,0.0,Cc1cc(C)c(B(c2cc[c-]3->[Pt+2]4(<-[O-]C(=O)c5cc(C)ccn->45)<-n4ccccc4-c3c2)c2c(C)cc(C)cc2C)c(C)c1,Cc1cc(C)c(B(c2cc[c-]3->[Pt+2]4(<-[O-]C(=O)c5cc(C)ccn->45)<-n4ccccc4-c3c2)c2c(C)cc(C)cc2C)c(C)c1,Cc1cc(C)c(B(c2cc[c-]3->[Pt+2]4(<-[O-]C(=O)c5cc(C)ccn->45)<-n4ccccc4-c3c2)c2c(C)cc(C)cc2C)c(C)c1
KIMWUA,CCCn1cn(->[Zn+2](<-O)(<-[O-]C(C)=O)<-[O-]C(C)=O)c2cnc(N)nc21,C12 H19 N5 O5 Zn1,0.0,fail,CCCn1cn(->[Zn+2]2(<-O)(<-O=C(C)[O-]->2)<-[O-]C(C)=O)c2cnc(N)nc21,CCCn1cn(->[Zn+2]2345(<-O)(<-O=C->2(C)[O-]->3)<-O=C->4(C)[O-]->5)c2cnc(N)nc21
KIPLIE,C[Si](C)(C)N1=P(c2ccccc2)(c2ccccc2)[C-]2=P(c3ccccc3)(c3ccccc3)[N-]([Si](C)(C)C)->[Zr+4]<-2<-1(<-[Cl-])<-[Cl-],C31 H38 Cl2 N2 P2 Si2 Zr1,0.0,C[Si](C)(C)N1=P(c2ccccc2)(c2ccccc2)[C-2]2P(c3ccccc3)(c3ccccc3)=N([Si](C)(C)C)->[Zr+4]<-2<-1(<-[Cl-])<-[Cl-],C[Si](C)(C)N1=P(c2ccccc2)(c2ccccc2)[C-]2=P(c3ccccc3)(c3ccccc3)[N-]([Si](C)(C)C)->[Zr+4]<-2<-1(<-[Cl-])<-[Cl-],C[Si](C)(C)N1=P(c2ccccc2)(c2ccccc2)[C-]2=P(c3ccccc3)(c3ccccc3)[N-]([Si](C)(C)C)->[Zr+4]<-2<-1(<-[Cl-])<-[Cl-]
KIRDEX,CC1/C(C)=N(\c2c(C)cccc2C)->[Pd+2](<-[O-]C(=O)C(F)(F)F)(<-[O-]C(=O)C(F)(F)F)<-N=1/c1c(C)cccc1C,C24 H24 F6 N2 O4 Pd1,0.0,CC1C(C)=N(c2c(C)cccc2C)->[Pd+2](<-[O-]C(=O)C(F)(F)F)(<-[O-]C(=O)C(F)(F)F)<-N=1c1c(C)cccc1C,CC1C(C)=N(c2c(C)cccc2C)->[Pd+2](<-[O-]C(=O)C(F)(F)F)(<-[O-]C(=O)C(F)(F)F)<-N=1c1c(C)cccc1C,CC1C(C)=N(c2c(C)cccc2C)->[Pd+2](<-[O-]C(=O)C(F)(F)F)(<-[O-]C(=O)C(F)(F)F)<-N=1c1c(C)cccc1C
KIRVUE,,C23 H29 Fe1 N1 O6 S1 Si2,0.0,Cc1ccc(S(=O)(=O)N2Cc34->[Fe+2]567(<-[C-]#[O+])(<-[C-]#[O+])(<-[C-]#[O+])<-c([O-])(c->53[Si](C)(C)C)c->6([Si](C)(C)C)[c-]->74C2)cc1,Cc1ccc(S(=O)(=O)N2CC34->[Fe]567(<-[C-]#[O+])(<-[C-]#[O+])(<-[C-]#[O+])<-C(=O)(C->5=3[Si](C)(C)C)C->6([Si](C)(C)C)=C->74C2)cc1,Cc1ccc(S(=O)(=O)N2CC34->[Fe]567(<-[C-]#[O+])(<-[C-]#[O+])(<-[C-]#[O+])<-C(=O)(C->5=3[Si](C)(C)C)C->6([Si](C)(C)C)=C->74C2)cc1
KISPAD,CN1(C)Cc2cccc3CN(C)(C)->[Pd+2]<-14(<-O=[C-]->4c1cccc4ccccc14)<-n23,C22 H26 N3 O1 Pd1 1+,1.0,CN1(C)Cc2cccc3CN(C)(C)->[Pd+2]<-1(<-[C-](=O)c1cccc4ccccc14)<-n23,CN1(C)Cc2cccc3CN(C)(C)->[Pd+2]<-1(<-[C-](=O)c1cccc4ccccc14)<-n23,CN1(C)Cc2cccc3CN(C)(C)->[Pd+2]<-1(<-[C-](=O)c1cccc4ccccc14)<-n23
KISYOA,COc1ccc([C@H]2[C@H]3CC4->[Cr](<-[C-]#[O+])(<-[C-]#[O+])(<-[C-]#[O+])(<-[C-]#[O+])(<-[C-]#[O+])<-C=4[C@H]32)cc1,C18 H14 Cr1 O6,0.0,COc1ccc(C2C3CC4->[Cr](<-[C-]#[O+])(<-[C-]#[O+])(<-[C-]#[O+])(<-[C-]#[O+])(<-[C-]#[O+])<-C=4C32)cc1,COc1ccc(C2C3CC4->[Cr](<-[C-]#[O+])(<-[C-]#[O+])(<-[C-]#[O+])(<-[C-]#[O+])(<-[C-]#[O+])<-C=4C32)cc1,COc1ccc(C2C3CC4->[Cr](<-[C-]#[O+])(<-[C-]#[O+])(<-[C-]#[O+])(<-[C-]#[O+])(<-[C-]#[O+])<-C=4C32)cc1
KITLOR,,C16 H16 Cd1 I2 N4 Se1,0.0,Cn1cn(->[Cd+2](<-[I-])(<-[I-])<-[Se]=c2[nH]c3ccccc3n2C)c2ccccc21,Cn1cn(->[Cd+2](<-[I-])(<-[I-])<-[Se]=c2[nH]c3ccccc3n2C)c2ccccc21,Cn1c(=[Se])[nH]c2ccccc21.Cn1cn(->[Cd+2](<-[I-])<-[I-])c2ccccc21
KIVKAD,,C11 H14 N2 O3 Pt1,0.0,CC1c2ccccn2->[Pt+2](<-[C-](C)=O)(<-[C-](C)=O)<-N=1O,CC1c2ccccn2->[Pt+2](<-[C-](C)=O)(<-[C-](C)=O)<-N=1O,CC1c2ccccn2->[Pt+2](<-[C-](C)=O)(<-[C-](C)=O)<-N=1O
KIVNOS,,C17 H42 B1 Cl1 F3 O2 P4 Si1 Ta1,0.0,C[Si](C)(C)OC1#C(O[B-](F)(F)F)->[TaH+2]<-123(<-[Cl-])(<-P(C)(C)CCP->2(C)C)<-P(C)(C)CCP->3(C)C,C[Si](C)(C)OC1#C(O[B-](F)(F)F)->[TaH+2]<-123(<-[Cl-])(<-P(C)(C)CCP->2(C)C)<-P(C)(C)CCP->3(C)C,C[Si](C)(C)OC1#C(O[B-](F)(F)F)->[TaH+2]<-123(<-[Cl-])(<-P(C)(C)CCP->2(C)C)<-P(C)(C)CCP->3(C)C
KIWNOU,,C14 H12 Br2 O6 Zn1,0.0,fail,O=C([O-]->[Zn+2](<-O)(<-O)<-[O-]C(=O)c1ccc(Br)cc1)c1ccc(Br)cc1,O->[Zn+2]1234(<-O)(<-O=C->1([O-]->2)c1ccc(Br)cc1)<-O=C->3([O-]->4)c1ccc(Br)cc1
KIXGIK,O=c1cc(-c2ccccc2)cc(-c2ccccc2)[p-]1->[Au+]<-P(c1ccccc1)(c1ccccc1)c1ccccc1,C35 H27 Au1 O1 P2,0.0,O=c1cc(-c2ccccc2)cc(-c2ccccc2)[pH]1->[Au]<-P(c1ccccc1)(c1ccccc1)c1ccccc1,O=c1cc(-c2ccccc2)cc(-c2ccccc2)[p-]1->[Au+]<-P(c1ccccc1)(c1ccccc1)c1ccccc1,O=c1cc(-c2ccccc2)cc(-c2ccccc2)[p-]1->[Au+]<-P(c1ccccc1)(c1ccccc1)c1ccccc1
KIYVOD,,C24 H18 N4 Ni1 O6,0.0,O=C1[O-]->[Ni+2]234(<-[O-]C(=O)C(O)(c5ccccn->25)c2ccccn->32)<-n2ccccc2C1(O)c1ccccn->41,O=C1[O-]->[Ni+4]234(<-[O-]C(=O)C([O-])(c5ccccn->25)c2ccccn->32)<-n2ccccc2C1([O-])c1ccccn->41,O=C=O->[Ni]12(<-O=C=O)(<-n3ccccc3C(=O)c3ccccn->13)<-n1ccccc1C(=O)c1ccccn->21
KIZMEL,CC1=NN(C(C)C)C2=S->[Ni+2]3(<-S=C4/C(=C\[N-]->3C(C)(C)C)C(C)=NN4C(C)C)<-[N-](/C=C/12)C(C)(C)C,C24 H40 N6 Ni1 S2,0.0,Cc1nn(C(C)C)c2[S-]->[Ni+2]3(<-[S-]c4c(C=N->3C(C)(C)C)c(C)nn4C(C)C)<-N(=Cc12)C(C)(C)C,CC1=NN(C(C)C)C2=S->[Ni+2]3(<-S=C4C(=C[N-]->3C(C)(C)C)C(C)=NN4C(C)C)<-[N-](C=C12)C(C)(C)C,CC1=NN(C(C)C)C2=S->[Ni+2]3(<-S=C4C(=C[N-]->3C(C)(C)C)C(C)=NN4C(C)C)<-[N-](C=C12)C(C)(C)C
KOBBEJ,CCc1cccc(CC)c1N1=C2(C)c3cccc4-c5n(C(C)C)c6ccccc6n5->[Ni+2]<-1<-2(<-[Cl-])(<-[Cl-])<-n43,C27 H30 Cl2 N4 Ni1,0.0,CCc1cccc(CC)c1N1=C(C)c2cccc3-c4n(C(C)C)c5ccccc5n4->[Ni+2]<-1(<-[Cl-])(<-[Cl-])<-n23,CCc1cccc(CC)c1N1=C(C)c2cccc3-c4n(C(C)C)c5ccccc5n4->[Ni+2]<-1(<-[Cl-])(<-[Cl-])<-n23,CCc1cccc(CC)c1N1=C(C)c2cccc3-c4n(C(C)C)c5ccccc5n4->[Ni+2]<-1(<-[Cl-])(<-[Cl-])<-n23
KOCGAL,,C39 H30 Cl2 O1 Ti1,0.0,CC(C)(C)c1ccc([O-]->[Ti+4]2345(<-[Cl-])(<-[Cl-])<-c6c->27c2ccccc2c2ccccc2c->37c->42c3ccccc3c3ccccc3[c-]->562)cc1,CC(C)(C)c1ccc([O-]->[Ti+4]2345(<-[Cl-])(<-[Cl-])<-[cH-]6c->27c2ccccc2c2ccccc2c->37c->42c3ccccc3c3ccccc3c->562)cc1,CC(C)(C)c1ccc([O-]->[Ti+4]2345(<-[Cl-])(<-[Cl-])<-[cH-]6c->27c2ccccc2c2ccccc2c->37c->42c3ccccc3c3ccccc3c->562)cc1
KOCYAF,COc1ccccc1N/C=C1/C=CC=CC1=O->[Cd+2](<-[I-])(<-[I-])<-O=C1C=CC=C/C1=C/Nc1ccccc1OC,C28 H26 Cd1 I2 N2 O4,0.0,COc1ccccc1[NH+]=Cc1ccccc1[O-]->[Cd+2](<-[I-])(<-[I-])<-[O-]c1ccccc1C=[NH+]c1ccccc1OC,COc1ccccc1NC=C1C=CC=CC1=O->[Cd+2](<-[I-])(<-[I-])<-O=C1C=CC=CC1=CNc1ccccc1OC,COc1ccccc1NC=C1C=CC=CC1=O->[Cd+2](<-[I-])(<-[I-])<-O=C1C=CC=CC1=CNc1ccccc1OC
KOFKOI,,C20 H35 B1 N3 O1 P1 Ru1,0.0,Cc1cc(C)n2->[RuH+]34(<-[H][BH2-]N->35C(CP->4(C(C)(C)C)C(C)(C)C)=CCC=C5n12)<-[C-]#[O+],[BH3-]N12->[RuH+]3(<-[C-]#[O+])<-n4c(C)cc(C)n4C1=CCC=C2CP->3(C(C)(C)C)C(C)(C)C,Cc1cc(C)n2->[RuH2]34(<-BN->35C(CP->4(C(C)(C)C)C(C)(C)C)=CCC=C5n12)<-[C-]#[O+]
KOGQUT,Br[C+]1[CH+][C+]([c+]2[c+]3[n-]4->[Zn@SP2+2]56<-[n-]7[c+]([c+](-[c-]8[cH+][c+](Br)[cH-]s8)[c+]8[cH-][cH+][c-]2[n-]->58)[CH-][CH+][c+]7[c-]([C-]2[CH-][C+](Br)[CH-]S2)[c-]2[cH+][cH+][c-]([c-]([C+]5[CH-][C-](Br)[CH-]S5)[c+]4[CH+][CH-]3)[n-]->62)S[CH-]1,C36 H16 Br4 N4 S4 Zn1,0.0,Brc1csc(-c2c3n4->[Zn+2]56<-n7c(c(-c8cc(Br)cs8)c8ccc2[n-]->58)C=Cc7c(-c2cc(Br)cs2)c2ccc(c(-c5cc(Br)cs5)c4C=C3)[n-]->62)c1,Brc1csc(C2=C3C=CC4=N3->[Zn+2]35<-N6=C2C=CC6=C(c2cc(Br)cs2)[C-]2[CH+][CH-][C-](C(c6cc(Br)cs6)=C6C=CC(=C4c4cc(Br)cs4)[NH2+]->36)[N-]->52)c1,Brc1csc(C2=C3C=CC4=N3->[Zn+2]35<-N6=C2C=CC6=C(c2cc(Br)cs2)[C-]2[CH+][CH-][C-](C(c6cc(Br)cs6)=C6C=CC(=C4c4cc(Br)cs4)[NH2+]->36)[N-]->52)c1
KOHSEI,C/C=C/C=C/COc1cc2c(cc1OCCCCCC)N(C)[C](->[Au+]<-[Cl-])N2C,C21 H34 Au1 Cl1 N2 O2,0.0,CCCCCCOc1cc2c(cc1OCCCCCC)N(C)[C](->[Au+]<-[Cl-])N2C,CC=CC=CCOc1cc2c(cc1OCCCCCC)N(C)[C](->[Au+]<-[Cl-])N2C,CC=CC=CCOc1cc2c(cc1OCCCCCC)N(C)[C](->[Au+]<-[Cl-])N2C
KOJVOX,Cc1cc(C(C)(C)C)n2->[Co+3]3(<-[S-2])<-n4c(C(C)(C)C)cc(C)n4[BH-](n12)n1c(C)cc(C(C)(C)C)n->31,C24 H41 B1 Co1 N6 S1,0.0,Cc1cc(C(C)(C)C)[n-]2->[Co+2]3(<-[SH-])<-[n-]4c(C(C)(C)C)cc(C)[n+]4[BH-]([n+]12)[n+]1c(C)cc(C(C)(C)C)[n-]->31,Cc1cc(C(C)(C)C)n2->[Co+2]3(<-[SH-])<-n4c(C(C)(C)C)cc(C)n4[BH-](n12)n1c(C)cc(C(C)(C)C)n->31,Cc1cc(C(C)(C)C)n2->[Co+3]3(<-[S-2])<-n4c(C(C)(C)C)cc(C)n4[BH-](n12)n1c(C)cc(C(C)(C)C)n->31
KOKKUQ,CC(C)(C)N1[B-](c2c(F)c(F)c(F)c(F)c2F)(c2c(F)c(F)c(F)c(F)c2F)[c-]23->[Ti+4]<-1456789%10(<-[Cl-])(<-c1c->4c->5[cH-]->6c->71)<-c(c->8c->92)c->%103,C26 H19 B1 Cl1 F10 N1 Ti1,0.0,CC(C)(C)N1[B-](c2c(F)c(F)c(F)c(F)c2F)(c2c(F)c(F)c(F)c(F)c2F)c23->[Ti+4]<-1456789%10(<-[Cl-])(<-c1c->4c->5[cH-]->6c->71)<-c(c->8[cH-]->92)c->%103,CC(C)(C)N1[B-](c2c(F)c(F)c(F)c(F)c2F)(c2c(F)c(F)c(F)c(F)c2F)[c-]23->[Ti+4]<-1456789%10(<-[Cl-])(<-c1c->4c->5[cH-]->6c->71)<-c(c->8c->92)c->%103,CC(C)(C)N1[B-](c2c(F)c(F)c(F)c(F)c2F)(c2c(F)c(F)c(F)c(F)c2F)[c-]23->[Ti+4]<-1456789%10(<-[Cl-])(<-c1c->4c->5[cH-]->6c->71)<-c(c->8c->92)c->%103
KOLTIP,CCOP(=O)(CCN12CCN->[Re+]<-1(<-[C-]#[O+])(<-[C-]#[O+])(<-[C-]#[O+])<-n1c(C)cc(C)n1CC2)OCC,C18 H31 N4 O6 P1 Re1 1+,1.0,CCOP(=O)(CCN12CCN->[Re+]<-1(<-[C-]#[O+])(<-[C-]#[O+])(<-[C-]#[O+])<-n1c(C)cc(C)n1CC2)OCC,CCOP(=O)(CCN12CCN->[Re+]<-1(<-[C-]#[O+])(<-[C-]#[O+])(<-[C-]#[O+])<-n1c(C)cc(C)n1CC2)OCC,CCOP(=O)(CCN12CCN->[Re+]<-1(<-[C-]#[O+])(<-[C-]#[O+])(<-[C-]#[O+])<-n1c(C)cc(C)n1CC2)OCC
KOMWAK,C/C1Nc2ccc(C)c[c-]2->[Pd+2]2345(<-c6c->2c->3[cH-]->4c->56)<-N=1\c1ccc(C)cc1,C21 H22 N2 Pd1,0.0,CC1Nc2ccc(C)c[c-]2->[Pd+2]2345(<-c6c->2c->3[cH-]->4c->56)<-N=1c1ccc(C)cc1,CC1Nc2ccc(C)c[c-]2->[Pd+2]2345(<-c6c->2c->3[cH-]->4c->56)<-N=1c1ccc(C)cc1,CC1Nc2ccc(C)c[c-]2->[Pd+2]2345(<-c6c->2c->3[cH-]->4c->56)<-N=1c1ccc(C)cc1
KOPRAL,Cn1ccc2-c3ccccn3->[Ru+2](<-[Cl-])(<-[Cl-])(<-n21)(<-S(C)(C)=O)<-S(C)(C)=O,C13 H21 Cl2 N3 O2 Ru1 S2,0.0,Cn1ccc2-c3ccccn3->[Ru+2](<-[Cl-])(<-[Cl-])(<-n21)(<-S(C)(C)=O)<-S(C)(C)=O,Cn1ccc2-c3ccccn3->[Ru+2](<-[Cl-])(<-[Cl-])(<-n21)(<-S(C)(C)=O)<-S(C)(C)=O,Cn1ccc2-c3ccccn3->[Ru+2](<-[Cl-])(<-[Cl-])(<-n21)(<-S(C)(C)=O)<-S(C)(C)=O
KOQWUK,,C24 H18 Cl1 N4 Ni1 O1 1+,1.0,O->[Ni+2]12(<-[Cl-])(<-n3cccc4ccc5cccn->1c5c43)<-n1cccc3ccc4cccn->2c4c31,O->[Ni+2]12(<-[Cl-])(<-n3cccc4ccc5cccn->1c5c43)<-n1cccc3ccc4cccn->2c4c31,O.[Cl-]->[Ni+2]12(<-n3cccc4ccc5cccn->1c5c43)<-n1cccc3ccc4cccn->2c4c31
KOVQOD,O=Nc1ccc2[O-]->[Zn+2]3(<-O)(<-O)(<-[O-]c4ccc(N=O)c5cccn->3c45)<-n3cccc1c23,C18 H14 N4 O6 Zn1,0.0,O=Nc1ccc2[O-]->[Zn+2]3(<-O)(<-O)(<-[O-]c4ccc(N=O)c5cccn->3c45)<-n3cccc1c23,[O-]N=c1ccc2[O-]->[Zn+6]3(<-O)(<-O)(<-[O-]c4ccc(=N[O-])c5ccc[n-]->3c4-5)<-[n-]3cccc1-c23,[O-]N=c1ccc2[O-]->[Zn+6]3(<-O)(<-O)(<-[O-]c4ccc(=N[O-])c5ccc[n-]->3c4-5)<-[n-]3cccc1-c23
KOXWEZ,[CH3-]->[Pt+4]1(<-[CH3-])(<-[Cl-])(<-[c-]2cccc(Cl)c2[C@H]2c3ccccc3C=N->12)<-P(c1ccccc1)(c1ccccc1)c1ccccc1,C34 H32 Cl2 N1 P1 Pt1,0.0,[CH3-]->[Pt+4]1(<-[CH3-])(<-[Cl-])(<-[c-]2cccc(Cl)c2C=N->1Cc1ccccc1)<-P(c1ccccc1)(c1ccccc1)c1ccccc1,[CH3-]->[Pt+4]1(<-[CH3-])(<-[Cl-])(<-[C]2C=CC=C(Cl)C2=CN->1=Cc1[c-]cccc1)<-P(c1ccccc1)(c1ccccc1)c1ccccc1,[CH3-]->[Pt+4]1(<-[CH3-])(<-[Cl-])(<-[c-]2cccc(Cl)c2C2c3ccccc3C=N->12)<-P(c1ccccc1)(c1ccccc1)c1ccccc1
KOYRUL,,C26 H29 I1 N2 Pt1,0.0,C[CH2-]->[Pt+4]12(<-[I-])(<-[c-]3cccc4cccc(N->1(C)C)c43)<-[c-]1cccc3cccc(N->2(C)C)c31,C[CH2-]->[Pt+4]12(<-[I-])(<-[c-]3cccc4cccc(N->1(C)C)c43)<-[c-]1cccc3cccc(N->2(C)C)c31,C[CH2-]->[Pt+4]1(<-[I-])(<-[c-]2cccc3cccc(N(C)C)c32)<-[c-]2cccc3cccc(N->1(C)C)c32
KUCWOW,,C26 H20 Hg1 I2 N6,0.0,[I-]->[Hg+2]1(<-[I-])<-N(=Cc2ccccn->12)N=C(C(=NN=Cc1ccccn1)c1ccccc1)c1ccccc1,[I-]->[Hg+2](<-[I-])<-n1ccccc1C=NN=C(C(=NN=Cc1ccccn1)c1ccccc1)c1ccccc1,C(=NN=C(C(=NN=Cc1ccccn1)c1ccccc1)c1ccccc1)c1ccccn1.[I-]->[Hg+2]<-[I-]
KUDQEH,[Cl-]->[Pd@OH2+2]12<-S=C(N=N->1/C(=C1/C=CC=C[N-]->21)c1ccccn1)Nc1ccccc1,C18 H14 Cl1 N5 Pd1 S1,0.0,[Cl-]->[Pd+2]12<-[S-]C(=NN->1=C(c1ccccn1)c1ccccn->21)Nc1ccccc1,[Cl-]->[Pd+2]12<-S=C(N=N->1C(=C1C=CC=C[N-]->21)c1ccccn1)Nc1ccccc1,[Cl-]->[Pd+2]12<-S=C(N=N->1C(=C1C=CC=C[N-]->21)c1ccccn1)Nc1ccccc1
KUGQIO,,C37 H44 Cl1 N1 Ti1,0.0,Clc1ccc([N-]2[CH2-]->[Ti+4]<-23456789%10(<-c2c->3[cH-]->4c->5(C3C4CC5CC(C4)CC3C5)c->62)<-c2c->7c->8(C3C4CC5CC(C4)CC3C5)c->9[cH-]->%102)cc1,Clc1ccc([N-]2[CH2-]->[Ti+4]<-23456789%10(<-c2c->3c->4[c-]->5(C3C4CC5CC(C4)CC3C5)c->62)<-c2c->7c->8[c-]->9(C3C4CC5CC(C4)CC3C5)c->%102)cc1,Clc1ccc([N-]2[CH2-]->[Ti+4]<-23456789%10(<-c2c->3c->4[c-]->5(C3C4CC5CC(C4)CC3C5)c->62)<-c2c->7c->8[c-]->9(C3C4CC5CC(C4)CC3C5)c->%102)cc1
KUHVIT,Cc1cc(C)n2->[Pd+2](<-[S-]C#N)(<-[S-]C#N)<-n3c(C)cc(C)n3CCSCCSCCn12,C18 H26 N6 Pd1 S4,0.0,Cc1cc(C)n2->[Pd+2](<-[S-]C#N)(<-[S-]C#N)<-n3c(C)cc(C)n3CCSCCSCCn12,Cc1cc(C)n2->[Pd+2](<-[S-]C#N)(<-[S-]C#N)<-n3c(C)cc(C)n3CCSCCSCCn12,Cc1cc(C)n2->[Pd+2]3(<-[S-]C#N)(<-[S-]C->3#N)<-n3c(C)cc(C)n3CCSCCSCCn12
KUJRAI,,C16 H20 O2 Zn1,0.0,CO1CCO(C)->[Zn+2]<-1(<-[c-]1ccccc1)<-[c-]1ccccc1,CO1CCO(C)->[Zn+2]<-1(<-[c-]1ccccc1)<-[c-]1ccccc1,COCCOC.c1cc[c-](->[Zn+2]<-[c-]2ccccc2)cc1
KUKNIO,CP(C)(C)->[Ir+3]1(<-[O-][O-]->1)(<-P(C)(C)C)(<-P(C)(C)C)<-P(C)(C)C,C12 H36 Ir1 O2 P4 1+,1.0,CP(C)(C)->[Ir+3]1(<-[O-][O-]->1)(<-P(C)(C)C)(<-P(C)(C)C)<-P(C)(C)C,CP(C)(C)->[Ir+3]1(<-[O-][O-]->1)(<-P(C)(C)C)(<-P(C)(C)C)<-P(C)(C)C,CP(C)(C)->[Ir+3]1(<-[O-][O-]->1)(<-P(C)(C)C)(<-P(C)(C)C)<-P(C)(C)C
KULROA,CC(=O)[O-]->[Zn@TB6+2]1(<-O)<-N2(C)CCCN3CCN(CC2)CCN->1(C)CC3,C15 H33 N4 O3 Zn1 1+,1.0,CC(=O)[O-]->[Zn+2]123(<-O)<-N4(C)CCCN->15CCN->2(C)CCN->3(CC4)CC5,CC(=O)[O-]->[Zn+2]123(<-O)<-N4(C)CCCN->15CCN->2(C)CCN->3(CC4)CC5,CC(=O)[O-]->[Zn+2]123(<-O)<-N4(C)CCCN->15CCN->2(C)CCN->3(CC4)CC5
KUMFUT,COc1cc(OC)c(P(->[Ag+]<-[Cl-])(c2c(OC)cc(OC)cc2OC)c2c(OC)cc(OC)cc2OC)c(OC)c1,C27 H33 Ag1 Cl1 O9 P1,0.0,COc1cc(OC)c(P(->[Ag+]<-[Cl-])(c2c(OC)cc(OC)cc2OC)c2c(OC)cc(OC)cc2OC)c(OC)c1,COc1cc(OC)c(P(->[Ag+]<-[Cl-])(c2c(OC)cc(OC)cc2OC)c2c(OC)cc(OC)cc2OC)c(OC)c1,COc1cc(OC)c(P(->[Ag+]<-[Cl-])(c2c(OC)cc(OC)cc2OC)c2c(OC)cc(OC)cc2OC)c(OC)c1
KUMXEX,,C33 H24 Cl3 N9 Rh1 1+,1.0,Clc1ccc(N2=Nc3ccccn3->[Rh+]<-234(<-N(=Nc2ccccn->32)c2ccc(Cl)cc2)<-N(=Nc2ccccn->42)c2ccc(Cl)cc2)cc1,Clc1ccc(N2=Nc3ccccn3->[Rh+3]<-234(<-N(=Nc2ccccn->32)c2ccc(Cl)cc2)<-[N-](N=c2cccc[n-]->42)c2ccc(Cl)cc2)cc1,Clc1ccc(N2=Nc3ccccn3->[Rh+3]<-234(<-N(=Nc2ccccn->32)c2ccc(Cl)cc2)<-[N-](N=c2cccc[n-]->42)c2ccc(Cl)cc2)cc1
KUPCED,,C18 H40 Cl2 O2 Os1 P2,0.0,CC(C)P1(CCO[CH-2]->[Os+4]<-12(<-[Cl-])(<-[Cl-])<-O(C)CCP->2(C(C)C)C(C)C)C(C)C,CC(C)P1(CCO[CH]->[Os+2]<-12(<-[Cl-])(<-[Cl-])<-O(C)CCP->2(C(C)C)C(C)C)C(C)C,CC(C)P1(CCO[CH]->[Os+2]<-12(<-[Cl-])(<-[Cl-])<-O(C)CCP->2(C(C)C)C(C)C)C(C)C
KUPXOK,,C34 H34 Co1 O2 P1 S1 Si1,0.0,C[Si](C)(C)C1#C(S(=O)(=O)c2ccccc2)->[Co+]<-12345(<-c1c->2c->3[cH-]->4c->51)<-P(c1ccccc1)(c1ccccc1)c1ccccc1,C[Si](C)(C)C1#C(S(=O)(=O)c2ccccc2)->[Co+]<-12345(<-c1c->2c->3[cH-]->4c->51)<-P(c1ccccc1)(c1ccccc1)c1ccccc1,C[Si](C)(C)C1#C(S(=O)(=O)c2ccccc2)->[Co+]<-12345(<-c1c->2c->3[cH-]->4c->51)<-P(c1ccccc1)(c1ccccc1)c1ccccc1
KURKUD,CC12=C->[Ru+4]<-13456(<-[Cl-])(<-[CH2-]C->3(C)=C->4CC[CH-]->52)<-S=c1ccc2ccccc2[n-]->61,C19 H22 Cl1 N1 Ru1 S1,0.0,fail,CC12=C->[Ru+4]<-13456(<-[Cl-])(<-[CH2-]C->3(C)=C->4CC[CH-]->52)<-S=c1ccc2ccccc2[n-]->61,CC12=C->[Ru+4]<-13456(<-[Cl-])(<-[CH2-]C->3(C)=C->4CC[CH-]->52)<-S=c1ccc2ccccc2[n-]->61
KUVNEU,CC(C)c1cccc(C(C)C)c1[N-2]->[Nb+5]1234(<-[CH-]=C5C=C[CH-]C=C5)(<-c5(C)c->1(C)c->2(C)[c-]->3(C)c->45C)<-P(C)(C)C,C32 H47 N1 Nb1 P1,0.0,CC(C)c1cccc(C(C)C)c1[N-2]->[Nb+5]1234(<-[CH-2]c5ccccc5)(<-c5(C)c->1(C)c->2(C)[c-]->3(C)c->45C)<-P(C)(C)C,CC(C)c1cccc(C(C)C)c1[N-2]->[Nb+3]1234(<-[CH]c5ccccc5)(<-c5(C)c->1(C)c->2(C)[c-]->3(C)c->45C)<-P(C)(C)C,CC(C)c1cccc(C(C)C)c1[N-2]->[Nb+3]1234(<-[CH]c5ccccc5)(<-c5(C)c->1(C)c->2(C)[c-]->3(C)c->45C)<-P(C)(C)C
KUWPOH,,C15 H15 O2 Rh1,0.0,Cc1c(C)c(C)c23->[Rh+]456(<-[C-]#[O+])(<-[C-]#[O+])<-c(c->4c->52c1C)[cH-]->63,Cc1c(C)c(C)c23->[Rh+]456(<-[C-]#[O+])(<-[C-]#[O+])<-c(c->4c->52c1C)[cH-]->63,Cc1c(C)c(C)c23->[Rh+]456(<-[C-]#[O+])(<-[C-]#[O+])<-c(c->4c->52c1C)[cH-]->63
KUZBAK,CC(C)P1(Oc2cccc(OP(C(C)C)(C(C)C)->[Zn+2]<-1(<-[I-])<-[I-])n2)C(C)C,C17 H31 I2 N1 O2 P2 Zn1,0.0,CC(C)P1(Oc2cccc3OP(C(C)C)(C(C)C)->[Zn+2]<-1(<-[I-])(<-[I-])<-n23)C(C)C,CC(C)P1(Oc2cccc(OP(C(C)C)(C(C)C)->[Zn+2]<-1(<-[I-])<-[I-])n2)C(C)C,CC(C)P1(Oc2cccc(OP(C(C)C)(C(C)C)->[Zn+2]<-1(<-[I-])<-[I-])n2)C(C)C
LABSUD,O=C1c2ccccc2S(=O)(=O)[N-]1->[Hg+2]1(<-NCCO)(<-NCCO->1)<-[N-]1C(=O)c2ccccc2S1(=O)=O,C18 H22 Hg1 N4 O8 S2,0.0,O=C1c2ccccc2S(=O)(=O)[N-]1->[Hg+2]12(<-NCCO->1)(<-NCCO->2)<-[N-]1C(=O)c2ccccc2S1(=O)=O,O=C1N=S(=O)([O-])c2ccccc21.O=C1N=S(=O)([O-])c2ccccc21.OCCN->[Hg+2]<-NCCO,O=C1c2ccccc2S(=O)(=O)[N-]1->[Hg+2](<-NCCO)(<-NCCO)<-[N-]1C(=O)c2ccccc2S1(=O)=O
LACZIY,CC1=O->[Ru+4]23456(<-[Cl-])(<-C=C->2(C)[CH-]->3CCC->4=C->5(C)[CH2-]->6)<-[O-]1,C12 H19 Cl1 O2 Ru1,0.0,fail,CC1=O->[Ru+4]23456(<-[Cl-])(<-C=C->2(C)[CH-]->3CCC->4=C->5(C)[CH2-]->6)<-[O-]1,CC12=C->[Ru+4]<-134567(<-[Cl-])(<-[CH2-]C->3(C)=C->4CC[CH-]->52)<-O=C->6(C)[O-]->7
LADJIL,,C33 H27 Cl1 Hg1 I2 O1 P2,0.0,O=C(c1ccc(Cl)cc1)[CH-]1[P+](CP(c2ccccc2)(c2ccccc2)->[Hg+2]<-1(<-[I-])<-[I-])(c1ccccc1)c1ccccc1,O=C(c1ccc(Cl)cc1)[CH-]1[P+](CP(c2ccccc2)(c2ccccc2)->[Hg+2]<-1(<-[I-])<-[I-])(c1ccccc1)c1ccccc1,[O-]C(=C[P+](CP(c1ccccc1)(c1ccccc1)->[Hg+2](<-[I-])<-[I-])(c1ccccc1)c1ccccc1)c1ccc(Cl)cc1
LAFDIF,O=C1c2ccccn2->[V+3]23(<-[Cl-])(<-[Cl-])<-N(/C=C4/C=CC=C[N-]->24)=C2/C=CC=C/C2=N->3\1,C18 H13 Cl2 N4 O1 V1,0.0,O=C1c2ccccn2->[V+3]23(<-[Cl-])(<-[Cl-])<-N(=Cc4ccccn->24)c2ccccc2[N-]->31,O=C1c2ccccn2->[V+3]23(<-[Cl-])(<-[Cl-])<-N(C=C4C=CC=C[N-]->24)=C2C=CC=CC2=N->31,O=C1c2ccccn2->[V+3]23(<-[Cl-])(<-[Cl-])<-N(C=C4C=CC=C[N-]->24)=C2C=CC=CC2=N->31
LAGWIC,,C18 H35 Cl2 Ir1 N2 P2,0.0,CC(C)P1(Cc2cncc3CP(C(C)C)(C(C)C)->[IrH+2]<-1(<-[Cl-])(<-[Cl-])<-n23)C(C)C,CC(C)P1(Cc2cncc3CP(C(C)C)(C(C)C)->[IrH+2]<-1(<-[Cl-])(<-[Cl-])<-n23)C(C)C,CC(C)P1(Cc2cncc3CP(C(C)C)(C(C)C)->[IrH+2]<-1(<-[Cl-])(<-[Cl-])<-n23)C(C)C
LAHTOD,,C36 H40 N4 Ni1 O2,0.0,CCC1=C(C)c2cc3c(CC)c(C)c4c(C)c5n6->[Ni+2]7(<-n2c1cc1c(CC)c2c(c(c6C(CCC(=O)OC)=C5C)CC2)[n-]->71)<-[n-]34,CCC1=C(C)C2=CC3=N4->[Ni]56<-N2=C1C=C1C(CC)=C2CCC(=C7C(CCC(=O)OC)=C(C)C(=N->57)C(C)=C4C(C)=C3CC)C2=N->61,CCC1=C(C)C2=CC3=N4->[Ni]56<-N2=C1C=C1C(CC)=C2CCC(=C7C(CCC(=O)OC)=C(C)C(=N->57)C(C)=C4C(C)=C3CC)C2=N->61
LAJJEN,c1ccn2->[Y+3]34567(<-[O-]N->3(CCc2c1)CCc1ccccn->41)<-[O-]N->5(CCc1ccccn->61)CCc1ccccn->71,C28 H32 N6 O2 Y1 1+,1.0,c1ccn2->[Y+3]34567(<-[O-]N->3(CCc2c1)CCc1ccccn->41)<-[O-]N->5(CCc1ccccn->61)CCc1ccccn->71,c1ccn2->[Y+3]34567(<-[O-]N->3(CCc2c1)CCc1ccccn->41)<-[O-]N->5(CCc1ccccn->61)CCc1ccccn->71,c1ccn2->[Y+3]345(<-[O-]N(CCc2c1)CCc1ccccn->31)<-[O-]N(CCc1ccccn->41)CCc1ccccn->51
LAKKAL,CC(C)N1C=CN(C(C)C)[C]1->[Re+](<-[Br-])(<-[C-]#[O+])(<-[C-]#[O+])(<-[C-]#[O+])<-[C]1N(C(C)C)C=CN1C(C)C,C21 H32 Br1 N4 O3 Re1,0.0,CC(C)N1C=CN(C(C)C)[C]1->[Re+](<-[Br-])(<-[C-]#[O+])(<-[C-]#[O+])(<-[C-]#[O+])<-[C]1N(C(C)C)C=CN1C(C)C,CC(C)N1C=CN(C(C)C)[C]1->[Re+](<-[Br-])(<-[C-]#[O+])(<-[C-]#[O+])(<-[C-]#[O+])<-[C]1N(C(C)C)C=CN1C(C)C,CC(C)N1C=CN(C(C)C)[C]1->[Re+](<-[Br-])(<-[C-]#[O+])(<-[C-]#[O+])(<-[C-]#[O+])<-[C]1N(C(C)C)C=CN1C(C)C
LALMOC,,C20 H16 N3 O2 Pd1 1+,1.0,CC#N->[Pd+2]1(<-N#CC)<-[c-]2ccccc2C=C2C(=O)OC(c3ccccc3)=N->12,CC#N->[Pd+2]1(<-N#CC)<-[c-]2ccccc2C=C2C(=O)OC(c3ccccc3)=N->12,CC#N->[Pd+2]1(<-N#CC)<-[c-]2ccccc2C=C2C(=O)OC(c3ccccc3)=N->12
LALVOL,[O+]#[C-]->[Re+]1(<-[Cl-])(<-[C-]#[O+])(<-[C-]#[O+])<-N(/O)=C2/C=CC(Cl)=C/C2=N->1\c1ccccc1,C15 H9 Cl2 N2 O4 Re1,0.0,[O+]#[C-]->[Re+3]1(<-[Cl-])(<-[C-]#[O+])(<-[C-]#[O+])<-[N-](O)c2ccc(Cl)cc2[N-]->1c1ccccc1,[O+]#[C-]->[Re+3]1(<-[Cl-])(<-[C-]#[O+])(<-[C-]#[O+])<-[N-](O)c2ccc(Cl)cc2[N-]->1c1ccccc1,[O+]#[C-]->[Re+3]1(<-[Cl-])(<-[C-]#[O+])(<-[C-]#[O+])<-[N-](O)c2ccc(Cl)cc2[N-]->1c1ccccc1
LAMSAT,CN(C)/[C-]1=N(\c2ccccc2)->[Co+3]<-12345(<-c1(C)c->2(C)c->3(C)[c-]->4(C)c->51C)<-P(C)(C)C,C22 H35 Co1 N2 P1 1+,1.0,CN(C)C1=N(c2ccccc2)->[Co+2]<-12345(<-c1(C)c->2(C)c->3(C)[c-]->4(C)c->51C)<-P(C)(C)C,CN(C)[C-]1=N(c2ccccc2)->[Co+3]<-12345(<-c1(C)c->2(C)c->3(C)[c-]->4(C)c->51C)<-P(C)(C)C,CN(C)[C-]1=N(c2ccccc2)->[Co+3]<-12345(<-c1(C)c->2(C)c->3(C)[c-]->4(C)c->51C)<-P(C)(C)C
LANKAM,CN1c2cccc[c-]2->[Fe+2](<-[C-]#[O+])(<-[C-]#[O+])(<-[C-]#[O+])(<-[C-]#[O+])<-[C-]1=O,C12 H7 Fe1 N1 O5,0.0,CN1c2cccc[c-]2->[Fe+](<-[C-]#[O+])(<-[C-]#[O+])(<-[C-]#[O+])(<-[C-]#[O+])<-[C]1=O,CN1c2cccc[c-]2->[Fe+2](<-[C-]#[O+])(<-[C-]#[O+])(<-[C-]#[O+])(<-[C-]#[O+])<-[C-]1=O,CN1c2ccccc23[C-](=O)->[Fe+2]<-3(<-[C-]#[O+])(<-[C-]#[O+])(<-[C-]#[O+])<-[C-]1=O
LAPCUA,,C18 H29 Mo1 O5 P2 1+,1.0,COC(=O)C1=C(C(=O)OC)->[Mo+2]<-123456(<-[C-]#[O+])(<-c1c->2c->3[cH-]->4c->51)<-P(C)(C)CCP->6(C)C,COC(=O)C1=C(C(=O)OC)->[Mo+2]<-123456(<-[C-]#[O+])(<-c1c->2c->3[cH-]->4c->51)<-P(C)(C)CCP->6(C)C,COC(=O)[CH-]1C2=C(OC)O[C-](=O)->[Mo+4]<-2<-134567(<-c1c->3c->4[cH-]->5c->61)<-P(C)(C)CCP->7(C)C
LAPYOR,CC1=NN(c2ccccc2)C2=S->[Zn+2]3(<-S=C4/C(=C\[N-]->3C(C)(C)C)C(C)=NN4c3ccccc3)<-[N-](/C=C/12)C(C)(C)C,C30 H36 N6 S2 Zn1,0.0,Cc1nn(-c2ccccc2)c2[S-]->[Zn+2]3(<-[S-]c4c(C=N->3C(C)(C)C)c(C)nn4-c3ccccc3)<-N(=Cc12)C(C)(C)C,CC1=NN(c2ccccc2)C2=S->[Zn+2]3(<-S=C4C(=C[N-]->3C(C)(C)C)C(C)=NN4c3ccccc3)<-[N-](C=C12)C(C)(C)C,CC1=NN(c2ccccc2)C2=S->[Zn+2]3(<-S=C4C(=C[N-]->3C(C)(C)C)C(C)=NN4c3ccccc3)<-[N-](C=C12)C(C)(C)C
LAQXOT,O=C1C2c3[nH]c4ccccc4c3[O-]->[Ru+2]34(<-N=2c2ccccc21)(<-n1ccccc1-c1ccccn->31)<-n1ccccc1-c1ccccn->41,C36 H25 N6 O2 Ru1 1+,1.0,O=C1C2c3[nH]c4ccccc4c3[O-]->[Ru+2]34(<-N=2c2ccccc21)(<-n1ccccc1-c1ccccn->31)<-n1ccccc1-c1ccccn->41,[O-]c1c2-c3[nH]c4ccccc4c3[O-]->[Ru+4]34(<-n5ccccc5-c5ccccn->35)(<-n3ccccc3-c3ccccn->43)<-[n-]2c2ccccc12,[O-]c1c2-c3[nH]c4ccccc4c3[O-]->[Ru+4]34(<-n5ccccc5-c5ccccn->35)(<-n3ccccc3-c3ccccn->43)<-[n-]2c2ccccc12
LASFOB,c1ccc(P(c2ccccc2)(c2ccccc2)->[Ni+2]23456<-C=C->2CC[c-]->32c3ccccc->43c->5c->62)cc1,C31 H28 Ni1 P1 1+,1.0,c1ccc(P(c2ccccc2)(c2ccccc2)->[Ni+2]234567<-C=C->2CCc->32[cH-]->4c->5c->63ccccc->723)cc1,c1ccc(P(c2ccccc2)(c2ccccc2)->[Ni+2]234567<-C=C->2CC[c-]->32c->4c->5c->63ccccc->732)cc1,c1ccc(P(c2ccccc2)(c2ccccc2)->[Ni+2]234567<-C=C->2CC[c-]->32c->4c->5c->63ccccc->732)cc1
LASRAZ,Cc1cc(C(F)(F)F)nc([S-]->[Hg+2]<-[S-]c2nc(C)cc(C(F)(F)F)n2)n1,C12 H8 F6 Hg1 N4 S2,0.0,fail,Cc1cc(C(F)(F)F)nc([S-]->[Hg+2]<-[S-]c2nc(C)cc(C(F)(F)F)n2)n1,Cc1cc(C(F)(F)F)nc([S-]->[Hg+2]<-[S-]c2nc(C)cc(C(F)(F)F)n2)n1
LATBIS,,C19 H48 N4 Si4 W1,0.0,C[Si](C)(C)[C-3]->[W+6]123<-[N-](CCN->1(CC[N-]->2[Si](C)(C)C)CC[N-]->3[Si](C)(C)C)[Si](C)(C)C,C[Si](C)(C)[C-3]->[W+6]123<-[N-](CCN->1(CC[N-]->2[Si](C)(C)C)CC[N-]->3[Si](C)(C)C)[Si](C)(C)C,C[Si](C)(C)[C-3]->[W+6]123<-[N-](CCN->1(CC[N-]->2[Si](C)(C)C)CC[N-]->3[Si](C)(C)C)[Si](C)(C)C
LATVEH,,C15 H11 Co1 N2 S2,0.0,C1[S-]->[Co+3]2345(<-[S-]C=1c1cnc6ccccc6n1)<-c1c->2c->3[cH-]->4c->51,C1=S->[Co+]2345(<-S=C1c1cnc6ccccc6n1)<-c1c->2c->3[cH-]->4c->51,C1=S->[Co+]2345(<-S=C1c1cnc6ccccc6n1)<-c1c->2c->3[cH-]->4c->51
LAWDAR,[I-]->[Cu+](<-P(c1ccccc1)(c1ccccc1)c1ccccc1-c1ccccn1)<-[P@TB5](c1ccccc1)(c1ccccc1)c1ccccc1,C41 H33 Cu1 I1 N1 P2,0.0,[I-]->[Cu+]1(<-n2ccccc2-c2ccccc2P->1(c1ccccc1)c1ccccc1)<-P(c1ccccc1)(c1ccccc1)c1ccccc1,[I-]->[Cu+]1(<-n2ccccc2-c2ccccc2P->1(c1ccccc1)c1ccccc1)<-P(c1ccccc1)(c1ccccc1)c1ccccc1,[I-]->[Cu+](<-P(c1ccccc1)(c1ccccc1)c1ccccc1)<-P1(c2ccccc2)(c2ccccc2)=c2ccccc2=C2C=CC=CN21
LAXCAO,,C24 H41 B1 N6 Os1,0.0,CC(C)(C)[C-3]->[Os+6]12(<-[CH2-]C(C)(C)C)(<-[CH2-]C(C)(C)C)<-[n-]3ccc[n+]3[BH-]([n+]3ccc[n-]->13)[n+]1ccc[n-]->21,CC(C)(C)[C-3]->[Os+6]12(<-[CH2-]C(C)(C)C)(<-[CH2-]C(C)(C)C)<-n3cccn3[BH-](n3cccn->13)n1cccn->21,CC(C)(C)[C-3]->[Os+6]12(<-[CH2-]C(C)(C)C)(<-[CH2-]C(C)(C)C)<-n3cccn3[BH-](n3cccn->13)n1cccn->21
LAXLOO,,C20 H18 N5 Ni1 O4 1+,1.0,O=[N+]([O-])[O-]->[Ni+2]12(<-O)(<-n3ccccc3-c3ccccn->13)<-n1ccccc1-c1ccccn->21,O=[N+]([O-])[O-]->[Ni+2]12(<-O)(<-n3ccccc3-c3ccccn->13)<-n1ccccc1-c1ccccn->21,O.O=[N+]([O-])[O-]->[Ni+2]12(<-n3ccccc3-c3ccccn->13)<-n1ccccc1-c1ccccn->21
LAYMEE,,C40 H28 Cl2 N8 O4 Zn1,0.0,[O-][Cl+3]([O-])([O-])[O-]->[Zn+2]12(<-[Cl-])(<-n3ccccc3-c3nc(-c4ccccc4)c(-c4ccccc4)nn->13)<-n1ccccc1-c1nc(-c3ccccc3)c(-c3ccccc3)nn->21,[Cl-]->[Zn+8]12(<-n3ccccc3-c3nc(-c4ccccc4)c(-c4ccccc4)nn->13)<-n1ccccc1-c1nc(-c3ccccc3)c(-c3ccccc3)nn->21.[O-2].[O-2].[O-2].[O-]Cl,[Cl-]->[Zn+8]12(<-n3ccccc3-c3nc(-c4ccccc4)c(-c4ccccc4)nn->13)<-n1ccccc1-c1nc(-c3ccccc3)c(-c3ccccc3)nn->21.[O-2].[O-2].[O-2].[O-]Cl
LAZFUO,Fc1c(F)c(F)[c-](->[Pt+2](<-[c-]2c(F)c(F)c(F)c(F)c2F)(<-[c-]2c(F)c(F)c(F)c(F)c2F)<-N(=C\Nc2ccccc2)/c2ccccc2)c(F)c1F,C31 H12 F15 N2 Pt1 1-,-1.0,Fc1c(F)c(F)[c-](->[Pt+3](<-[c-]2c(F)c(F)c(F)c(F)c2F)(<-[c-]2c(F)c(F)c(F)c(F)c2F)<-N(=CNc2ccccc2)c2ccccc2)c(F)c1F,Fc1c(F)c(F)[c-](->[Pt+2](<-[c-]2c(F)c(F)c(F)c(F)c2F)(<-[c-]2c(F)c(F)c(F)c(F)c2F)<-N(=CNc2ccccc2)c2ccccc2)c(F)c1F,Fc1c(F)c(F)[c-](->[Pt+2](<-[c-]2c(F)c(F)c(F)c(F)c2F)(<-[c-]2c(F)c(F)c(F)c(F)c2F)<-N(=CNc2ccccc2)c2ccccc2)c(F)c1F
LAZREJ,C[C@@H]1CC[C@@H](C)N1c12->[Mn+]3456(<-[C-]#[O+])(<-[C-]#[O+])(<-[C-]#[O+])<-c(c->3c->41)c->5c->62,C15 H17 Mn1 N1 O3 1+,1.0,CC1CCC(C)N1c12->[Mn+]3456(<-[C-]#[O+])(<-[C-]#[O+])(<-[C-]#[O+])<-c(c->3c->41)c->5c->62,CC1CCC(C)N1c12->[Mn+]3456(<-[C-]#[O+])(<-[C-]#[O+])(<-[C-]#[O+])<-c(c->3c->41)c->5c->62,CC1CCC(C)N1c12->[Mn+]3456(<-[C-]#[O+])(<-[C-]#[O+])(<-[C-]#[O+])<-c(c->3c->41)c->5c->62
LEBZUO,[Cl-]->[Re+5]12(<-[N-2][N-]c3ccccn3)(<-N=Nc3ccccn->13)<-[S-]Cc1ccccn->21,C16 H15 Cl1 N7 Re1 S1,0.0,fail,[Cl-]->[Re+5]12(<-[N-]=Nc3ccccn3)(<-[NH-]N=c3cccc[n-]->13)<-[S-]Cc1ccccn->21,[Cl-]->[Re+5]12(<-[N-]=Nc3ccccn3)(<-[NH-]N=c3cccc[n-]->13)<-[S-]Cc1ccccn->21
LECROC,CN1(C)[C@@H]2CCCC[C@H]2N(C)(C)->[Hg+2]<-1(<-[Br-])<-[Br-],C10 H22 Br2 Hg1 N2,0.0,CN1(C)C2CCCCC2N(C)(C)->[Hg+2]<-1(<-[Br-])<-[Br-],CN1(C)C2CCCCC2N(C)(C)->[Hg+2]<-1(<-[Br-])<-[Br-],CN(C)C1CCCCC1N(C)C.[Br-]->[Hg+2]<-[Br-]
LECZEZ,,C19 H41 P5 Ru1,0.0,C[P-](c1ccccc1)->[RuH+]12(<-P(C)(C)CCP->1(C)C)<-P(C)(C)CCP->2(C)C,C[P-](c1ccccc1)->[RuH+]12(<-P(C)(C)CCP->1(C)C)<-P(C)(C)CCP->2(C)C,C[P-](c1ccccc1)->[RuH+]12(<-P(C)(C)CCP->1(C)C)<-P(C)(C)CCP->2(C)C
LEFCEH,,C25 H30 F7 Ir1 N2 O4 Si1,0.0,Cc1ccn2->[IrH+2]34(<-[O-]C(=O)C(F)(F)C(F)(F)C(F)(F)F)(<-C5=C->3CCCCCC5)<-n3ccc(C)cc3O[Si-]->4(C)Oc2c1,Cc1ccn2->[IrH+2]34(<-[O-]C(=O)C(F)(F)C(F)(F)C(F)(F)F)(<-C5=C->3CCCCCC5)<-n3ccc(C)cc3O[Si-]->4(C)Oc2c1,Cc1ccn2->[IrH+2]34(<-[O-]C(=O)C(F)(F)C(F)(F)C(F)(F)F)(<-C5=C->3CCCCCC5)<-n3ccc(C)cc3O[Si-]->4(C)Oc2c1
LEGFEJ,O=N([O-])->[Cu@OH25+]12<-N(=C\C=C\c3ccccc3)/[C@H]3C[C@@H](/N->1=C/C=C/c1ccccc1)C[C@@H](/N->2=C/C=C/c1ccccc1)C3,C33 H33 Cu1 N4 O2,0.0,O=[N+](=O)->[Cu-]12<-N(=CC=Cc3ccccc3)C3CC(N->1=CC=Cc1ccccc1)CC(N->2=CC=Cc1ccccc1)C3,O=N([O-])->[Cu+]12<-N(=CC=Cc3ccccc3)C3CC(N->1=CC=Cc1ccccc1)CC(N->2=CC=Cc1ccccc1)C3,O=N([O-])->[Cu+]12<-N(=CC=Cc3ccccc3)C3CC(N->1=CC=Cc1ccccc1)CC(N->2=CC=Cc1ccccc1)C3
LEHJOZ,CC1/C=C(/C)[O-]->[Ir+3]23(<-O=1)(<-[c-]1cc(F)ccc1-c1c(-c4ccc(F)cc4)nccn->21)<-[c-]1cc(F)ccc1-c1c(-c2ccc(F)cc2)nccn->31,C37 H25 F4 Ir1 N4 O2,0.0,fail,CC1=CC(C)=O->[Ir+3]23(<-[O-]1)(<-[c-]1cc(F)ccc1-c1c(-c4ccc(F)cc4)nccn->21)<-[c-]1cc(F)ccc1-c1c(-c2ccc(F)cc2)nccn->31,CC1=CC(C)=O->[Ir+3]23(<-[O-]1)(<-[c-]1cc(F)ccc1-c1c(-c4ccc(F)cc4)nccn->21)<-[c-]1cc(F)ccc1-c1c(-c2ccc(F)cc2)nccn->31
LEJMUJ,[O-]n1ccccc1=[N+](=c1ccccn1[O-])->[Ni@SP1+2]12<-[O-]n3ccccc3=[N+]->1=c1ccccn1[O-]->2,C20 H16 N6 Ni1 O4,0.0,c1cc[n+]2[O-]->[Ni-2]345(<-[O-][n+]6ccccc6[N-]->3c2c1)<-[O-][n+]1ccccc1[N-]->4c1cccc[n+]1[O-]->5,c1ccn2[O-]->[Ni+2]345(<-[O-]n6ccccc6=[N+]->3=c2c1)<-[O-]n1ccccc1=[N+]->4=c1ccccn1[O-]->5,[O-]n1ccccc1=[N+](=c1ccccn1[O-])->[Ni+2]12<-[O-]n3ccccc3=[N+]->1=c1ccccn1[O-]->2
LEKKIW,CP(c1ccccc1)(c1ccccc1)->[Mn+]1(<-[C-]#[O+])(<-[C-]#[O+])(<-[C-]#[O+])<-[Se]=P(N=P([Se-]->1)(c1ccccc1)c1ccccc1)(c1ccccc1)c1ccccc1,C40 H33 Mn1 N1 O3 P3 Se2,0.0,fail,CP(c1ccccc1)(c1ccccc1)->[Mn+]1(<-[C-]#[O+])(<-[C-]#[O+])(<-[C-]#[O+])<-[Se-]P(=[N+]=P([Se-]->1)(c1ccccc1)c1ccccc1)(c1ccccc1)c1ccccc1,CP(c1ccccc1)(c1ccccc1)->[Mn+]1(<-[C-]#[O+])(<-[C-]#[O+])(<-[C-]#[O+])<-[Se-]P(=[N+]=P([Se-]->1)(c1ccccc1)c1ccccc1)(c1ccccc1)c1ccccc1
LEKVED,c1ccc([CH2-]->[La+3](<-[CH2-]c2ccccc2)(<-O2CCCC2)(<-O2CCCC2)(<-O2CCCC2)<-O2CCCC2)cc1,C30 H46 La1 O4 1+,1.0,c1ccc23[CH2-]->[La+5]<-245(<-[CH2-]c->42cccc[c-]->52)(<-[c-]3c1)(<-O1CCCC1)(<-O1CCCC1)(<-O1CCCC1)<-O1CCCC1,c1ccc23[CH2-]->[La+3]<-245(<-[CH2-]c->42ccccc->52)(<-c3c1)(<-O1CCCC1)(<-O1CCCC1)(<-O1CCCC1)<-O1CCCC1,c1ccc([CH2-]->[La+3](<-[CH2-]c2ccccc2)(<-O2CCCC2)(<-O2CCCC2)(<-O2CCCC2)<-O2CCCC2)cc1
LELXUY,CO->[Zn+2]12(<-O=C3/C(=C(\[O-]->1)c1ccccc1)C(=O)Oc1ccccc13)(<-O=C1/C(=C(\[O-]->2)c2ccccc2)C(=O)Oc2ccccc21)<-OC,C34 H26 O10 Zn1,0.0,fail,CO->[Zn+2]12(<-O=C(c3ccccc3)c3c([O-]->1)c1ccccc1oc3=O)(<-O=C(c1ccccc1)c1c([O-]->2)c2ccccc2oc1=O)<-OC,CO->[Zn+2]12(<-O=C(c3ccccc3)c3c([O-]->1)c1ccccc1oc3=O)(<-O=C(c1ccccc1)c1c([O-]->2)c2ccccc2oc1=O)<-OC
LEMSOM,CC#N->[Ir+3]1(<-[Cl-])(<-[c-]2n([CH-]C3=[N+]->1=CC=C[CH-]3)c(Cl)c(Cl)[n+]2CCCC)<-[Si-](C)(C)c1ccccc1,C23 H30 Cl3 Ir1 N4 Si1,0.0,CC#N->[IrH+2]1(<-[Cl-])(<-[C]2N(CCCC)C(Cl)=C(Cl)N2Cc2ccccn->12)<-[Si-](C)(C)c1ccccc1,CC#N->[Ir+3]1(<-[Cl-])(<-[c-]2n([CH-]c3ccccn->13)c(Cl)c(Cl)[n+]2CCCC)<-[Si-](C)(C)c1ccccc1,CC#N->[Ir+3]1(<-[Cl-])(<-[c-]2n([CH-]c3ccccn->13)c(Cl)c(Cl)[n+]2CCCC)<-[Si-](C)(C)c1ccccc1
LEMXUX,,C25 H44 B1 Mo1 P1,0.0,[H]1[BH2-][H]->[Mo+2]<-1234567(<-C1=C->2C->3=C->4[CH-]->5C->6=C->71)<-P(C1CCCCC1)(C1CCCCC1)C1CCCCC1,B->[MoH+]123456(<-C7=C->1C->2=C->3[CH-]->4C->5=C->67)<-P(C1CCCCC1)(C1CCCCC1)C1CCCCC1,[BH2+]->[MoH2]123456(<-C7=C->1C->2=C->3[CH-]->4C->5=C->67)<-P(C1CCCCC1)(C1CCCCC1)C1CCCCC1
LENZIN,CCP(=S)(CC)[S-]->[Hg+2]<-[c-]1ccccc1,C10 H15 Hg1 P1 S2,0.0,CCP(=S)(CC)[S-]->[Hg+2]<-[c-]1ccccc1,CCP(=S)(CC)[S-]->[Hg+2]<-[c-]1ccccc1,CCP(=S)(CC)[S-]->[Hg+2]<-[c-]1ccccc1
LEQBOY,C=CC[CH2-]->[Co+3]12(<-N(=O)/C(C)=C(/C)[N-]->1O)(<-N(=O)/C(C)=C(/C)[N-]->2O)<-n1ccn(C=C)c1,C17 H27 Co1 N6 O4,0.0,C=CC[CH2-]->[Co+]12(<-N([O])=C(C)C(C)=N->1[O])(<-N(O)=C(C)C(C)=N->2O)<-n1ccn(C=C)c1,C=CC[CH2-]->[Co+]12(<-N(=O)C(C)=C(C)N->1=O)(<-N(O)=C(C)C(C)=N->2O)<-n1ccn(C=C)c1,C=CC[CH2-]->[Co+]12(<-N(=O)C(C)=C(C)N->1=O)(<-N(O)=C(C)C(C)=N->2O)<-n1ccn(C=C)c1
LEQSEG,[Cl-]->[Pd+2](<-[Cl-])(<-[Se](c1ccccc1)c1ccccc1)<-[Se](c1ccccc1)c1ccccc1,C24 H20 Cl2 Pd1 Se2,0.0,[Cl-]->[Pd+2](<-[Cl-])(<-[Se](c1ccccc1)c1ccccc1)<-[Se](c1ccccc1)c1ccccc1,[Cl-]->[Pd+6](<-[Cl-])(<-[Se-]c1ccccc1)<-[Se-]c1ccccc1.[c-]1ccccc1.[c-]1ccccc1,[Cl-]->[Pd+6](<-[Cl-])(<-[Se-]c1ccccc1)<-[Se-]c1ccccc1.[c-]1ccccc1.[c-]1ccccc1
LERROR,,C10 H15 N7 Ni1 O4,0.0,Cc1nc2nc(N)nc3[O-]->[Ni+2]45(<-O)(<-NCCN->4)<-[O-]C(=O)c1n->5c32,Cc1nc2nc(N)nc3[O-]->[Ni+2]45(<-O)(<-NCCN->4)<-[O-]C(=O)c1n->5c32,Cc1nc2nc(N)nc3c2n2->[Ni+2]4(<-NCCN->4)(<-[O-]C(=O)c12)<-[O-]3.O
LESGOI,OCCCN1CC/N2=C/c3ccccc3[O-]->[Zn@@+2]<-2(<-[Cl-])<-n2ccccc2C1,C18 H22 Cl1 N3 O2 Zn1,0.0,OCCCN12CCN3=Cc4ccccc4[O-]->[Zn+2]<-3<-1(<-[Cl-])<-n1ccccc1C2,OCCCN12CCN3=Cc4ccccc4[O-]->[Zn+2]<-3<-1(<-[Cl-])<-n1ccccc1C2,OCCCN12CCN3=Cc4ccccc4[O-]->[Zn+2]<-3<-1(<-[Cl-])<-n1ccccc1C2
LETKAZ,CC(C)P1(c2ccccc2[CH-]2c3ccccc3P(C(C)C)(C(C)C)->[Ni+2]<-2<-1<-[O-]S(=O)(=O)C(F)(F)F)C(C)C,C26 H37 F3 Ni1 O3 P2 S1,0.0,CC(C)P1(c2ccccc2[CH-]2c3ccccc3P(C(C)C)(C(C)C)->[Ni+2]<-2<-1<-[O-]S(=O)(=O)C(F)(F)F)C(C)C,CC(C)P1(c2ccccc2[CH-]2c3ccccc3P(C(C)C)(C(C)C)->[Ni+2]<-2<-1<-[O-]S(=O)(=O)C(F)(F)F)C(C)C,CC(C)P1(c2ccccc2[CH-]2c3ccccc3P(C(C)C)(C(C)C)->[Ni+2]<-2<-134<-O=S->3(=O)([O-]->4)C(F)(F)F)C(C)C
LEVBET,Cc1cc(C)c([Si]2([H]->[W](<-[C-]#[O+])(<-[C-]#[O+])(<-[C-]#[O+])(<-[C-]#[O+])<-[C]2N(C)C)c2c(C)cc(C)cc2C)c(C)c1,C25 H29 N1 O4 Si1 W1,0.0,Cc1cc(C)c([Si]2([H]->[W](<-[C-]#[O+])(<-[C-]#[O+])(<-[C-]#[O+])(<-[C-]#[O+])<-[C]2N(C)C)c2c(C)cc(C)cc2C)c(C)c1,Cc1cc(C)c([Si](c2c(C)cc(C)cc2C)=[C-](N(C)C)->[WH+](<-[C-]#[O+])(<-[C-]#[O+])(<-[C-]#[O+])<-[C-]#[O+])c(C)c1,Cc1cc(C)c([Si](c2c(C)cc(C)cc2C)=[C-](N(C)C)->[WH+](<-[C-]#[O+])(<-[C-]#[O+])(<-[C-]#[O+])<-[C-]#[O+])c(C)c1
LEVVUE,CC(C)c1cc(C(C)C)n2->[Cd+2]3(<-[Br-])<-n4c(C(C)C)cc(C(C)C)n4[BH-](n12)n1c(C(C)C)cc(C(C)C)n->31,C27 H46 B1 Br1 Cd1 N6,0.0,CC(C)c1cc(C(C)C)[n-]2->[Cd+2]3(<-[Br-])<-[n-]4c(C(C)C)cc(C(C)C)[n+]4[BH-]([n+]12)[n+]1c(C(C)C)cc(C(C)C)[n-]->31,CC(C)c1cc(C(C)C)n2->[Cd+2]3(<-[Br-])<-n4c(C(C)C)cc(C(C)C)n4[BH-](n12)n1c(C(C)C)cc(C(C)C)n->31,CC(C)c1cc(C(C)C)n2->[Cd+2]3(<-[Br-])<-n4c(C(C)C)cc(C(C)C)n4[BH-](n12)n1c(C(C)C)cc(C(C)C)n->31
LEWROX,CC(C)P([O-])(C(C)C)->[Ni@OH10+2]12<-[O-]C(=O)Cc3cccc(CP->1(C(C)C)C(C)C)n->23,C20 H35 N1 Ni1 O3 P2,0.0,CC(C)P1(Cc2cccc3CC(=O)[O-]->[Ni+]<-1(<-n32)<-[PH](=O)(C(C)C)C(C)C)C(C)C,CC(C)P([O-])(C(C)C)->[Ni+2]12<-[O-]C(=O)Cc3cccc(CP->1(C(C)C)C(C)C)n->23,CC(C)P([O-])(C(C)C)->[Ni+2]12<-[O-]C(=O)Cc3cccc(CP->1(C(C)C)C(C)C)n->23
LEXHUS,,C10 H22 Cl3 O2 Si1 Ta1,0.0,CC1#C([Si](C)(C)C)->[Ta+3]<-12(<-[Cl-])(<-[Cl-])(<-[Cl-])<-O(C)CCO->2C,CC1#C([Si](C)(C)C)->[Ta+3]<-12(<-[Cl-])(<-[Cl-])(<-[Cl-])<-O(C)CCO->2C,CC1#C([Si](C)(C)C)->[Ta+3]<-12(<-[Cl-])(<-[Cl-])(<-[Cl-])<-O(C)CCO->2C
LEXLUW,CC(=O)/C1=C2/C34->[Fe]<-1<-2(<-[C-]#[O+])(<-[C-]#[O+])(<-[C-]#[O+])<-C=3CCC=C4,C13 H12 Fe1 O4,0.0,fail,CC(=O)C1=C2C34->[Fe]<-1<-2(<-[C-]#[O+])(<-[C-]#[O+])(<-[C-]#[O+])<-C=3CCC=C4,CC(=O)[CH-]1C2=C34->[Fe+2]<-2<-1(<-[C-]#[O+])(<-[C-]#[O+])(<-[C-]#[O+])<-[CH-]3CCC=C4
LEXZOD,COC(=O)/C1[S-]->[Pt@OH6+2](<-[S-]/C=1C(=O)OC)(<-P(OC)(OC)OC)<-P(OC)(OC)OC,C12 H24 O10 P2 Pt1 S2,0.0,COC(=O)C1[S-]->[Pt+2](<-[S-]C=1C(=O)OC)(<-P(OC)(OC)OC)<-P(OC)(OC)OC,COC(=O)C1[S-]->[Pt+2](<-[S-]C=1C(=O)OC)(<-P(OC)(OC)OC)<-P(OC)(OC)OC,COC(=O)C1[S-]->[Pt+2](<-[S-]C=1C(=O)OC)(<-P(OC)(OC)OC)<-P(OC)(OC)OC
LEYREP,c1ccc([P@TB13](->[Au+]<-n2c(-c3ccc4ccccc4n3)sc3ccccc32)(c2ccccc2)c2ccccc2)cc1,C34 H25 Au1 N2 P1 S1 1+,1.0,fail,c1ccc(P(->[Au+]<-n2c(-c3ccc4ccccc4n3)sc3ccccc32)(c2ccccc2)c2ccccc2)cc1,c1ccc(P(c2ccccc2)(c2ccccc2)->[Au+]2<-n3c(-c4sc5ccccc5n->24)ccc2ccccc23)cc1
LEZCUR,,C20 H16 Cl1 N4 O8 Zn1 1+,1.0,[O-][Cl+3]([O-])([O-])[O-]->[Zn+2]12(<-n3ccc(O)cc3-c3cc(O)ccn->13)<-n1ccc(O)cc1-c1cc(O)ccn->21,[O-2].[O-2].[O-2]->[Zn+8]12(<-n3ccc(O)cc3-c3cc(O)ccn->13)<-n1ccc(O)cc1-c1cc(O)ccn->21.[O-]Cl,[O-2].[O-2]->[Zn+8]12(<-[O-2])(<-n3ccc(O)cc3-c3cc(O)ccn->13)<-n1ccc(O)cc1-c1cc(O)ccn->21.[O-]Cl
LIBCUV,,C45 H35 N1 P2 Pt1,0.0,N#Cc1ccc(C#[C-]->[PtH+](<-P(c2ccccc2)(c2ccccc2)c2ccccc2)<-P(c2ccccc2)(c2ccccc2)c2ccccc2)cc1,N#Cc1ccc(C#[C-]->[PtH+](<-P(c2ccccc2)(c2ccccc2)c2ccccc2)<-P(c2ccccc2)(c2ccccc2)c2ccccc2)cc1,N#Cc1ccc(C#[C-]->[PtH+](<-P(c2ccccc2)(c2ccccc2)c2ccccc2)<-P(c2ccccc2)(c2ccccc2)c2ccccc2)cc1
LIBMEP,C1=C[C]2->[Co+]3456(<-c7c->3c->4[cH-]->5c->67)(<-[Si-](C[C+]2C=C1)(c1ccccc1)c1ccccc1)<-P(c1ccccc1)(c1ccccc1)c1ccccc1,C42 H36 Co1 P1 Si1,0.0,c1ccc([Si-]2(Cc3cccc[c-]3->[Co+3]<-23456(<-c2c->3c->4[cH-]->5c->62)<-P(c2ccccc2)(c2ccccc2)c2ccccc2)c2ccccc2)cc1,c1ccc([Si-]2(Cc3cccc[c-]3->[Co+3]<-23456(<-c2c->3c->4[cH-]->5c->62)<-P(c2ccccc2)(c2ccccc2)c2ccccc2)c2ccccc2)cc1,c1ccc([Si-]2(Cc3cccc[c-]3->[Co+3]<-23456(<-c2c->3c->4[cH-]->5c->62)<-P(c2ccccc2)(c2ccccc2)c2ccccc2)c2ccccc2)cc1
LIBXUP,CO->[Mo+6]12(<-[O-2])(<-[O-2])<-[O-]c3ccccc3/C=N->1/N=c1/sc3ccccc3[n-]->21,C15 H13 Mo1 N3 O4 S1,0.0,fail,CO->[Mo+6]12(<-[O-2])(<-[O-2])<-[O-]c3ccccc3C=N->1N=c1sc3ccccc3[n-]->21,CO.[O-2]->[Mo+6]12(<-[O-2])<-[O-]c3ccccc3C=N->1N=c1sc3ccccc3[n-]->21
LICFUB,COC(=O)C1/C(C(=O)OC)=P(/c2c(C)cc(C)cc2C)->[W+2]2345(<-[C-]#[O+])(<-[C-]#[O+])(<-[C-]=1\O)<-c1c->2c->3[cH-]->4c->51,C23 H23 O7 P1 W1,0.0,COC(=O)C1C(C(=O)OC)=P(c2c(C)cc(C)cc2C)->[W+2]2345(<-[C-]#[O+])(<-[C-]#[O+])(<-[C-]=1O)<-c1c->2c->3[cH-]->4c->51,COC(=O)C1C(C(=O)OC)=P(c2c(C)cc(C)cc2C)->[W+2]2345(<-[C-]#[O+])(<-[C-]#[O+])(<-[C-]=1O)<-c1c->2c->3[cH-]->4c->51,COC(=O)C1C(C(=O)OC)=P(c2c(C)cc(C)cc2C)->[W+2]2345(<-[C-]#[O+])(<-[C-]#[O+])(<-[C-]=1O)<-c1c->2c->3[cH-]->4c->51
LIDMIU,c1ccc([Se-]->[Hg+2]<-[Se-]c2ccccn2)nc1,C10 H8 Hg1 N2 Se2,0.0,c1ccn2->[Hg+2]3(<-[Se-]c2c1)<-[Se-]c1ccccn->31,c1ccc([Se-]->[Hg+2]<-[Se-]c2ccccn2)nc1,c1ccc([Se-]->[Hg+2]<-[Se-]c2ccccn2)nc1
LIFDEJ,COCC/N1=C/c2ccccn2->[Ru+2]<-1(<-[CH3-])(<-[C-]#[O+])(<-[C-]#[O+])<-[O-]S(=O)(=O)C(F)(F)F,C13 H15 F3 N2 O6 Ru1 S1,0.0,COCCN1=Cc2ccccn2->[Ru+2]<-1(<-[CH3-])(<-[C-]#[O+])(<-[C-]#[O+])<-[O-]S(=O)(=O)C(F)(F)F,COCCN1=Cc2ccccn2->[Ru+2]<-1(<-[CH3-])(<-[C-]#[O+])(<-[C-]#[O+])<-[O-]S(=O)(=O)C(F)(F)F,COCCN1=Cc2ccccn2->[Ru+2]<-1(<-[CH3-])(<-[C-]#[O+])(<-[C-]#[O+])<-[O-]S(=O)(=O)C(F)(F)F
LIFYOO,,C32 H32 Ag1 N1 O7,0.0,COc1c2cccc1Cc1cc3->[Ag+]4567(<-[O-][N+](=O)[O-]->4)<-c4cc(c(OC)c(c->54)Cc4cccc(c4O->6C)Cc(c1OC)c->73)C2,COc1c2cccc1Cc1cc3->[Ag+]456(<-[O-][N+](=O)[O-])<-c7cc(c(OC)c(c->47)Cc4cccc(c4O->5C)Cc(c1OC)c->63)C2,COc1c2cccc1Cc1cccc3c1O(C)->[Ag+]1(<-[O-][N+](=O)[O-]->1)<-O(C)c1c(cccc1Cc1cccc(c1OC)C3)C2
LIGRUP,Cc1cc2CN3(C)Cc4cc(C)cc(C(C)(C)C)c4[O-]->[W+6]<-3(<-[CH3-])(<-[CH3-])(<-[O-2])<-[O-]c2c(C(C)(C)C)c1,C27 H41 N1 O3 W1,0.0,Cc1cc2CN(C)Cc3cc(C)cc(C(C)(C)C)c3[O-]->[W+6](<-[CH3-])(<-[CH3-])(<-[O-2])<-[O-]c2c(C(C)(C)C)c1,Cc1cc2CN3(C)Cc4cc(C)cc(C(C)(C)C)c4[O-]->[W+6]<-3(<-[CH3-])(<-[CH3-])(<-[O-2])<-[O-]c2c(C(C)(C)C)c1,Cc1cc2CN(C)Cc3cc(C)cc(C(C)(C)C)c3[O-]->[W+6](<-[CH3-])(<-[CH3-])(<-[O-2])<-[O-]c2c(C(C)(C)C)c1
LIHCOV,CC(C)(C)[N-]1[Si](C)(C)[c-]23->[Ti+4]<-1456(<-[CH3-])(<-[CH3-])<-c2c->41c2ccccc2c2ccccc2c->51c->63,C25 H31 N1 Si1 Ti1,0.0,CC(C)(C)[N-]1[Si](C)(C)c23->[Ti+4]<-1456(<-[CH3-])(<-[CH3-])<-c2c->41c2ccccc2c2ccccc2c->51[cH-]->63,CC(C)(C)[N-]1[Si](C)(C)[c-]23->[Ti+4]<-1456(<-[CH3-])(<-[CH3-])<-c2c->41c2ccccc2c2ccccc2c->51c->63,CC(C)(C)[N-]1[Si](C)(C)[c-]23->[Ti+4]<-1456(<-[CH3-])(<-[CH3-])<-c2c->41c2ccccc2c2ccccc2c->51c->63
LIHRAV,Cc1cc2nc3c(nc2cc1C)c1nc2cc(C)c(C)cc2n2->[Re+](<-[Cl-])(<-[C-]#[O+])(<-[C-]#[O+])(<-[C-]#[O+])<-n4c5cc(C)c(C)cc5nc3c4c12,C33 H24 Cl1 N6 O3 Re1,0.0,Cc1cc2nc3c(nc2cc1C)c1nc2cc(C)c(C)cc2n2->[Re+](<-[Cl-])(<-[C-]#[O+])(<-[C-]#[O+])(<-[C-]#[O+])<-n4c5cc(C)c(C)cc5nc3c4c12,Cc1cc2nc3c4[n-]c5cc(C)c(C)cc5[n-]c4c4nc5cc(C)c(C)cc5[n-]5->[Re+5](<-[Cl-])(<-[C-]#[O+])(<-[C-]#[O+])(<-[C-]#[O+])<-[n-](c2cc1C)c3c45,Cc1cc2nc3c4[n-]c5cc(C)c(C)cc5[n-]c4c4nc5cc(C)c(C)cc5[n-]5->[Re+5](<-[Cl-])(<-[C-]#[O+])(<-[C-]#[O+])(<-[C-]#[O+])<-[n-](c2cc1C)c3c45
LIJKEW,CC(C)P1(c2cccc3c2O2->[Os+2]<-1(<-[Cl-])(<-[Cl-])(<-P(c1cccc(c12)C3(C)C)(C(C)C)C(C)C)<-S(C)(C)=O)C(C)C,C29 H46 Cl2 O2 Os1 P2 S1,0.0,CC(C)P1(c2cccc3c2O2->[Os+2]<-1(<-[Cl-])(<-[Cl-])(<-P(c1cccc(c12)C3(C)C)(C(C)C)C(C)C)<-S(C)(C)=O)C(C)C,CC(C)P1(c2cccc3c2O2->[Os+2]<-1(<-[Cl-])(<-[Cl-])(<-P(c1cccc(c12)C3(C)C)(C(C)C)C(C)C)<-S(C)(C)=O)C(C)C,CC(C)P1(c2cccc3c2O2->[Os+2]<-1(<-[Cl-])(<-[Cl-])(<-P(c1cccc(c12)C3(C)C)(C(C)C)C(C)C)<-S(C)(C)=O)C(C)C
LIKZOX,,C18 H38 F3 N1 O4 P2 Ru1 S1,0.0,CC(C)P1(CCN2CCP(C(C)C)(C(C)C)->[RuH+]<-2<-1(<-[C-]#[O+])<-[O-]S(=O)(=O)C(F)(F)F)C(C)C,CC(C)P1(CCN2CCP(C(C)C)(C(C)C)->[RuH+]<-2<-1(<-[C-]#[O+])<-[O-]S(=O)(=O)C(F)(F)F)C(C)C,CC(C)P1(CCN2CCP(C(C)C)(C(C)C)->[RuH+]<-2<-1(<-[C-]#[O+])<-[O-]S(=O)(=O)C(F)(F)F)C(C)C
LILNOM,,C26 H53 B1 Fe1 N2 P2,0.0,[BH3-][H]->[FeH+]12(<-[C-]#[N+]c3c(C)cccc3C)<-N(C)(CCP->1(C(C)C)C(C)C)CCP->2(C(C)C)C(C)C,B.Cc1cccc(C)c1[N+]#[C-]->[FeH2]12<-N(C)(CCP->1(C(C)C)C(C)C)CCP->2(C(C)C)C(C)C,B.Cc1cccc(C)c1[N+]#[C-]->[FeH2]12<-N(C)(CCP->1(C(C)C)C(C)C)CCP->2(C(C)C)C(C)C
LIMBAL,C[Si](C)(C)[N-]1CCN23CC[N-]([Si](C)(C)C)->[Zr+4]<-1<-2(<-[PH-]c1ccccc1)<-[N-](CC3)[Si](C)(C)C,C21 H45 N4 P1 Si3 Zr1,0.0,C[Si](C)(C)[N-]1CCN23CC[N-]([Si](C)(C)C)->[Zr+4]<-1<-2(<-[PH-]c1ccccc1)<-[N-](CC3)[Si](C)(C)C,C[Si](C)(C)[N-]1CCN23CC[N-]([Si](C)(C)C)->[Zr+4]<-1<-2(<-[PH-]c1ccccc1)<-[N-](CC3)[Si](C)(C)C,C[Si](C)(C)[N-]1CCN23CC[N-]([Si](C)(C)C)->[Zr+4]<-1<-2(<-[PH-]c1ccccc1)<-[N-](CC3)[Si](C)(C)C
LIMZEO,C/C1[S-]->[W+4]2(<-[C-]#[O+])(<-[S-]/C=1C)(<-[S-]/C(C)=C(\C)[S-]->2)<-P(c1ccccc1)(c1ccccc1)c1ccccc1,C27 H27 O1 P1 S4 W1,0.0,CC1[S-]->[W+4]2(<-[C-]#[O+])(<-[S-]C=1C)(<-[S-]C(C)=C(C)[S-]->2)<-P(c1ccccc1)(c1ccccc1)c1ccccc1,CC1=S->[W]2(<-[C-]#[O+])(<-S=C1C)(<-S=C(C)C(C)=S->2)<-P(c1ccccc1)(c1ccccc1)c1ccccc1,CC1=S->[W]2(<-[C-]#[O+])(<-S=C1C)(<-S=C(C)C(C)=S->2)<-P(c1ccccc1)(c1ccccc1)c1ccccc1
LINLEC,CN1(C)CCC/N2=C/c3ccc(Cl)c[c-]3->[Pt+4]<-2<-1(<-[Cl-])(<-[Cl-])<-[Cl-],C12 H16 Cl4 N2 Pt1,0.0,CN1(C)CCCN2=Cc3ccc(Cl)c[c-]3->[Pt+4]<-2<-1(<-[Cl-])(<-[Cl-])<-[Cl-],CN1(C)CCCN2=Cc3ccc(Cl)c[c-]3->[Pt+4]<-2<-1(<-[Cl-])(<-[Cl-])<-[Cl-],CN1(C)CCCN2=Cc3ccc(Cl)c[c-]3->[Pt+4]<-2<-1(<-[Cl-])(<-[Cl-])<-[Cl-]
LIPMAY,CN1(C)Cc2cccc3CN(C)(C)->[Ru+4]<-1(<-[Cl-])(<-[Cl-])(<-[C-3][CH+]c1ccccc1)<-n23,C19 H25 Cl2 N3 Ru1,0.0,CN1(C)Cc2cccc3CN(C)(C)->[Ru+4]<-1(<-[Cl-])(<-[Cl-])(<-[C-2]=Cc1ccccc1)<-n23,CN1(C)Cc2cccc3CN(C)(C)->[Ru+2]<-1(<-[Cl-])(<-[Cl-])(<-[C]=Cc1ccccc1)<-n23,CN1(C)Cc2cccc3CN(C)(C)->[Ru+2]<-1(<-[Cl-])(<-[Cl-])(<-[C]=Cc1ccccc1)<-n23
LIRLED,CC(C)[C@@H]1CC[C@@H](C)C[C@@H]1c12->[Rh+]3456(<-[C-]#[O+])<-c1c->3[c-]->4(CCP->5(c1ccccc1)c1ccccc1)c->62,C30 H36 O1 P1 Rh1,0.0,CC1CCC(C(C)C)C([c-]23->[Rh+]4567(<-[C-]#[O+])<-c(c->42)c->5(CCP->6(c2ccccc2)c2ccccc2)c->73)C1,CC1CCC(C(C)C)C(c23->[Rh+]4567(<-[C-]#[O+])<-c2c->4[c-]->5(CCP->6(c2ccccc2)c2ccccc2)c->73)C1,CC1CCC(C(C)C)C(c23->[Rh+]4567(<-[C-]#[O+])<-c2c->4[c-]->5(CCP->6(c2ccccc2)c2ccccc2)c->73)C1
LISNEJ,Cc1ccc(S(=O)(=O)C(=P(c2ccccc2)(c2ccccc2)c2ccccc2)P(C)(C)->[Au+]<-[Cl-])cc1,C28 H28 Au1 Cl1 O2 P2 S1,0.0,Cc1ccc(S(=O)(=O)[C-](P(C)(C)->[Au+]<-[Cl-])[P+](c2ccccc2)(c2ccccc2)c2ccccc2)cc1,Cc1ccc(S(=O)(=O)C(=P(c2ccccc2)(c2ccccc2)c2ccccc2)P(C)(C)->[Au+]<-[Cl-])cc1,Cc1ccc(S(=O)(=O)C(=P(c2ccccc2)(c2ccccc2)c2ccccc2)P(C)(C)->[Au+]<-[Cl-])cc1
LITJAC,,C16 H12 Cl2 Hg1 N2,0.0,[Cl-]->[Hg+2]1(<-[Cl-])<-N(=Cc2ccc3ccccc3n->12)c1ccccc1,[Cl-]->[Hg+2]1(<-[Cl-])<-N(=Cc2ccc3ccccc3n->12)c1ccccc1,C(=Nc1ccccc1)c1ccc2ccccc2n1.[Cl-]->[Hg+2]<-[Cl-]
LITQOW,CC(C)c12->[Ru+2]3456(<-[Cl-])(<-c(c->31)c->4(C)c->5c->62)(<-n1c(Br)c(Br)c(Br)n1Bn1nc(Br)c(Br)c1Br)<-[n-]1nc(Br)c(Br)c1Br,C19 H15 B1 Br9 Cl1 N6 Ru1,0.0,CC(C)c12->[Ru+2]34567(<-[Cl-])(<-c(c->31)c->4(C)c->5c->62)<-[n-]1c(Br)c(Br)c(Br)[n+]1[BH-](n1nc(Br)c(Br)c1Br)[n+]1c(Br)c(Br)c(Br)[n-]->71,CC(C)c12->[Ru+2]34567(<-[Cl-])(<-c(c->31)c->4(C)c->5c->62)<-n1c(Br)c(Br)c(Br)n1[BH-](n1nc(Br)c(Br)c1Br)n1c(Br)c(Br)c(Br)n->71,CC(C)c12->[Ru+2]34567(<-[Cl-])(<-c(c->31)c->4(C)c->5c->62)<-n1c(Br)c(Br)c(Br)n1[BH-](n1nc(Br)c(Br)c1Br)n1c(Br)c(Br)c(Br)n->71
LITYOE,,C40 H33 Cl1 N3 O1 P1 Pd1,0.0,CN1C(=O)[CH-]([n+]2cc(-c3ccccc3)n3ccccc32)->[Pd+2](<-[Cl-])(<-[c-]2ccccc21)<-P(c1ccccc1)(c1ccccc1)c1ccccc1,CN1C(=O)[CH-]([n+]2cc(-c3ccccc3)n3ccccc32)->[Pd+2](<-[Cl-])(<-[c-]2ccccc21)<-P(c1ccccc1)(c1ccccc1)c1ccccc1,CN1C(=O)[CH-]([n+]2cc(-c3ccccc3)n3ccccc32)->[Pd+2](<-[Cl-])(<-[c-]2ccccc21)<-P(c1ccccc1)(c1ccccc1)c1ccccc1
LIVDOJ,,C29 H22 I2 Mo1 N2 O1,0.0,Cc1c(C)c2cccn3->[Mo+2]4(<-[I-])(<-[I-])(<-[C-]#[O+])(<-C(c5ccccc5)#C->4c4ccccc4)<-n4cccc1c4c23,Cc1c(C)c2cccn3->[Mo+2]4(<-[I-])(<-[I-])(<-[C-]#[O+])(<-C(c5ccccc5)#C->4c4ccccc4)<-n4cccc1c4c23,Cc1c(C)c2cccn3->[Mo+2]4(<-[I-])(<-[I-])(<-[C-]#[O+])(<-C(c5ccccc5)#C->4c4ccccc4)<-n4cccc1c4c23
LIVZEV,O=C([O-]->[Cd+2]12(<-[O-]C(=O)C(F)(F)F)(<-n3cccc4ccc5cccn->1c5c43)<-n1cccc3ccc4cccn->2c4c31)C(F)(F)F,C28 H16 Cd1 F6 N4 O4,0.0,fail,O=C([O-]->[Cd+2]12(<-[O-]C(=O)C(F)(F)F)(<-n3cccc4ccc5cccn->1c5c43)<-n1cccc3ccc4cccn->2c4c31)C(F)(F)F,FC(F)(F)C12=O->[Cd+2]<-13456(<-O=C->3([O-]->4)C(F)(F)F)(<-[O-]2)(<-n1cccc2ccc3cccn->5c3c21)<-n1cccc2ccc3cccn->6c3c21
LIWWIX,,C28 H45 N2 Ta1,0.0,Cc12->[Ta+3]3456789(<-C=C->3C->4=C->5)(<-[N-](C=C[N-]->6C3CCCCC3)C3CCCCC3)<-c1(C)c->7(C)[c-]->8(C)c->92C,Cc12->[Ta+]3456789(<-C=C->3C->4=C->5)(<-N(=CC=N->6C3CCCCC3)C3CCCCC3)<-c1(C)c->7(C)[c-]->8(C)c->92C,Cc1c(C)c(C)[c-](C)(->[Ta+]23(<-C=CC=C->2)<-N(=CC=N->3C2CCCCC2)C2CCCCC2)c1C
LIXNAH,COC(=O)[CH2-]->[Re+3]12345(<-[C-]#[O+])(<-[N-]=C=O)<-c6c->1c->2[c-]->3(CCN->4C)c->56,C13 H17 N2 O4 Re1,0.0,COC(=O)[CH2-]->[Re+3]12345(<-[C-]#[O+])(<-[N-]=C=O)<-c6c->1[cH-]->2c->3(CCN->4C)c->56,COC(=O)[CH2-]->[Re+3]12345(<-[C-]#[O+])(<-[N-]=C=O)<-c6c->1c->2[c-]->3(CCN->4C)c->56,COC(=O)[CH2-]->[Re+3]12345(<-[C-]#[O+])(<-[N-]=C=O)<-c6c->1c->2[c-]->3(CCN->4C)c->56
LIYTAQ,COc1c[c-]2->[Pt@+2](<-[Cl-])(<-n3ccccc3-c2c2c1ccc1ccc3ccc4ccc5ccccc5c4c3c12)<-[S@](C)(=O)c1ccc(C)cc1,C40 H30 Cl1 N1 O2 Pt1 S1,0.0,COc1c[c-]2->[Pt+2](<-[Cl-])(<-n3ccccc3-c2c2c1ccc1ccc3ccc4ccc5ccccc5c4c3c12)<-S(C)(=O)c1ccc(C)cc1,COc1c[c-]2->[Pt+2](<-[Cl-])(<-n3ccccc3-c2c2c1ccc1ccc3ccc4ccc5ccccc5c4c3c12)<-S(C)(=O)c1ccc(C)cc1,COc1c[c-]2->[Pt+2](<-[Cl-])(<-n3ccccc3-c2c2c1ccc1ccc3ccc4ccc5ccccc5c4c3c12)<-S(C)(=O)c1ccc(C)cc1
LIYZUR,CN(C)C1Oc2cccc3[P+](c4ccccc4)(c4ccccc4)[N-](c4ccccc4)->[Pd@OH23+2](<-[Cl-])(<-S=1)<-[c-]23,C27 H24 Cl1 N2 O1 P1 Pd1 S1,0.0,CN(C)C1Oc2cccc3P(c4ccccc4)(c4ccccc4)=N(c4ccccc4)->[Pd+2](<-[Cl-])(<-S=1)<-[c-]23,CN(C)C1Oc2cccc3[P+](c4ccccc4)(c4ccccc4)[N-](c4ccccc4)->[Pd+2](<-[Cl-])(<-S=1)<-[c-]23,CN(C)C1Oc2cccc3[P+](c4ccccc4)(c4ccccc4)[N-](c4ccccc4)->[Pd+2](<-[Cl-])(<-S=1)<-[c-]23
LOBKUJ,,C15 H29 N2 O1 Ru1 S1 1+,1.0,CC(C)[SH](=O)->[Ru+]123456(<-NCCN->1)<-c1c->2c->3(C(C)C)c->4c->5c->61C,CC(C)S([O-])->[Ru+2]123456(<-NCCN->1)<-c1c->2c->3(C(C)C)c->4c->5c->61C,CC(C)S([O-])->[Ru+2]123456(<-NCCN->1)<-c1c->2c->3(C(C)C)c->4c->5c->61C
LODFEP,CC1=C(C)N(C)[C](->[Ni+2](<-[I-])(<-[I-])<-[C]2N(C)C(C)=C(C)N2C)N1C,C14 H24 I2 N4 Ni1,0.0,CC1=[N+](C)[C](->[Ni-2](<-[I-])(<-[I-])<-[C]2[N+](C)=C(C)C(C)=[N+]2C)[N+](C)=C1C,CC1=C(C)N(C)[C](->[Ni+2](<-[I-])(<-[I-])<-[C]2N(C)C(C)=C(C)N2C)N1C,CC1=C(C)N(C)[C](->[Ni+2](<-[I-])(<-[I-])<-[C]2N(C)C(C)=C(C)N2C)N1C
LODMAV,C[CH2-]->[Ni+2](<-[C]1N(C(C)C)C=CN1C(C)C)(<-[C]1N(C(C)C)C=CN1C(C)C)<-[c-]1c(F)c(F)c(-c2c(F)c(F)c(F)c(F)c2F)c(F)c1F,C32 H37 F9 N4 Ni1,0.0,C[CH2-]->[Ni+2](<-[C]1N(C(C)C)C=CN1C(C)C)(<-[C]1N(C(C)C)C=CN1C(C)C)<-[c-]1c(F)c(F)c(-c2c(F)c(F)c(F)c(F)c2F)c(F)c1F,C[CH2-]->[Ni+2](<-[C]1N(C(C)C)C=CN1C(C)C)(<-[C]1N(C(C)C)C=CN1C(C)C)<-[c-]1c(F)c(F)c(-c2c(F)c(F)c(F)c(F)c2F)c(F)c1F,C[CH2-]->[Ni+2](<-[C]1N(C(C)C)C=CN1C(C)C)(<-[C]1N(C(C)C)C=CN1C(C)C)<-[c-]1c(F)c(F)c(-c2c(F)c(F)c(F)c(F)c2F)c(F)c1F
LOFLAU,,C20 H33 Mo1 N1 O1,0.0,fail,CC(C)(C)C1=C23->[MoH+3]<-14567(<-[N-]=O)(<-[CH-]2CCC3)<-c1(C)c->4(C)c->5(C)[c-]->6(C)c->71C,CC(C)(C)C1=C23->[MoH+3]<-14567(<-[N-]=O)(<-[CH-]2CCC3)<-c1(C)c->4(C)c->5(C)[c-]->6(C)c->71C
LOGGUM,O=C(N/N1=C/c2cccc3cccn(->[Ag+]<-14<-[O-][N+](=O)[O-]->4)c23)c1ccccc1O,C17 H13 Ag1 N4 O5,0.0,O=[N+]1[O-]->[Ag+]23(<-O=C(NN->2=Cc2cccc4cccn->3c24)c2ccccc2O)<-[O-]1,O=[N+]([O-])[O-]->[Ag+]12<-O=C(NN->1=Cc1cccc3cccn->2c13)c1ccccc1O,O=[N+]1[O-]->[Ag+]23(<-O=C(NN->2=Cc2cccc4cccn->3c24)c2ccccc2O)<-[O-]1
LOHBUF,CC(C)(C)c1ccn2[B-]3(c4ccccc4)n4ccc(C(C)(C)C)n4->[Zn+2](<-[CH3-])(<-n12)<-n1c(C(C)(C)C)ccn13,C28 H41 B1 N6 Zn1,0.0,CC(C)(C)c1cc[n+]2[B-]3(c4ccccc4)[n+]4ccc(C(C)(C)C)[n-]4->[Zn+2](<-[CH3-])(<-[n-]12)<-[n-]1c(C(C)(C)C)cc[n+]13,CC(C)(C)c1ccn2[B-]3(c4ccccc4)n4ccc(C(C)(C)C)n4->[Zn+2](<-[CH3-])(<-n12)<-n1c(C(C)(C)C)ccn13,CC(C)(C)c1ccn2[B-]3(c4ccccc4)n4ccc(C(C)(C)C)n4->[Zn+2](<-[CH3-])(<-n12)<-n1c(C(C)(C)C)ccn13
LOJJUP,[N-3]->[Tc+5]12(<-[Cl-])(<-[Cl-])<-O(CCP->1(c1ccccc1)c1ccccc1)CCP->2(c1ccccc1)c1ccccc1,C28 H28 Cl2 N1 O1 P2 Tc1,0.0,[N-3]->[Tc+5]1(<-[Cl-])(<-[Cl-])<-P(CCOCCP->1(c1ccccc1)c1ccccc1)(c1ccccc1)c1ccccc1,[N-3]->[Tc+5]12(<-[Cl-])(<-[Cl-])<-O(CCP->1(c1ccccc1)c1ccccc1)CCP->2(c1ccccc1)c1ccccc1,[N-3]->[Tc+5]1(<-[Cl-])(<-[Cl-])<-P(CCOCCP->1(c1ccccc1)c1ccccc1)(c1ccccc1)c1ccccc1
LOLNEG,[Br-]->[Ni+2]1(<-[Br-])(<-n2c(-c3ccccc3)ccc3ccc4ccc(-c5cccc6ccccc56)n->1c4c32)<-o1cccc1,C32 H26 Br2 N2 Ni1 O1,0.0,[Br-]->[Ni+2]1(<-[Br-])(<-n2c(-c3ccccc3)ccc3ccc4ccc(-c5cccc6ccccc56)n->1c4c32)<-O1CCCC1,[Br-]->[Ni+2]1(<-[Br-])(<-n2c(-c3ccccc3)ccc3ccc4ccc(-c5cccc6ccccc56)n->1c4c32)<-o1cccc1,[Br-]->[Ni+2]1(<-[Br-])(<-n2c(-c3ccccc3)ccc3ccc4ccc(-c5cccc6ccccc56)n->1c4c32)<-o1cccc1
LOMSAH,[Cl-]->[Ni@OH2+2]12<-n3ccccc3CN->1[C@@H]1CNC[C@H](N->2Cc2ccccn2)C1,C17 H23 Cl1 N5 Ni1 1+,1.0,[Cl-]->[Ni+2]1234<-n5ccccc5CN->1C1CC(N->2Cc2ccccn->32)CN->4C1,[Cl-]->[Ni+2]1234<-n5ccccc5CN->1C1CC(N->2Cc2ccccn->32)CN->4C1,[Cl-]->[Ni+2]1234<-n5ccccc5CN->1C1CC(N->2Cc2ccccn->32)CN->4C1
LONFIG,CC(C)Sc1ccccc1P1(c2ccccc2SC(C)C)c2ccccc2S(C(C)C)->[Pd+2]<-1(<-[CH3-])<-[CH3-],C29 H39 P1 Pd1 S3,0.0,CC(C)Sc1ccccc1P1(c2ccccc2SC(C)C)c2ccccc2S(C(C)C)->[Pd+2]<-1(<-[CH3-])<-[CH3-],CC(C)Sc1ccccc1P1(c2ccccc2SC(C)C)c2ccccc2S(C(C)C)->[Pd+2]<-1(<-[CH3-])<-[CH3-],CC(C)Sc1ccccc1P12c3ccccc3S(C(C)C)->[Pd+2]<-1(<-[CH3-])(<-[CH3-])<-S(c1ccccc12)C(C)C
LOPJUV,CC(C)(C)[N-2]->[Nb+5]12345678(<-c9c->1c->2[cH-]->3c->49)(<-c1c->5c->6[cH-]->7c->81)<-P(C)(C)C,C17 H28 N1 Nb1 P1 1+,1.0,CC(C)(C)[N-2]->[Nb+5]12345678(<-c9c->1c->2[cH-]->3c->49)(<-c1c->5c->6[cH-]->7c->81)<-P(C)(C)C,CC(C)(C)[N-2]->[Nb+5]12345678(<-c9c->1c->2[cH-]->3c->49)(<-c1c->5c->6[cH-]->7c->81)<-P(C)(C)C,CC(C)(C)[N-2]->[Nb+5]12345(<-c6c->1c->2[cH-]->3c->46)(<-c1ccc[cH-]->51)<-P(C)(C)C
LOPTEQ,C=CCCC/N1=C(\C)c23->[Fe+2]<-145(<-[Cl-])(<-[Cl-])<-N(=C(/C)c->4(ccc2)n->53)/c1c(C(C)C)cccc1C(C)C,C26 H35 Cl2 Fe1 N3,0.0,C=CCCCN1=C(C)c2cccc3C(C)=N(c4c(C(C)C)cccc4C(C)C)->[Fe+2]<-1(<-[Cl-])(<-[Cl-])<-n23,C=CCCCN1=C(C)c2cccc3C(C)=N(c4c(C(C)C)cccc4C(C)C)->[Fe+2]<-1(<-[Cl-])(<-[Cl-])<-n23,C=CCCCN1=C(C)c2cccc3C(C)=N(c4c(C(C)C)cccc4C(C)C)->[Fe+2]<-1(<-[Cl-])(<-[Cl-])<-n23
LOQSIV,,C22 H46 Ni1 O2 P2,0.0,CC(C)(C)P1(OC2CCCC3OP(->[NiH+]<-1<-[CH-]23)(C(C)(C)C)C(C)(C)C)C(C)(C)C,CC(C)(C)P1(OC2CCCC3OP(->[NiH+]<-1<-[CH-]23)(C(C)(C)C)C(C)(C)C)C(C)(C)C,CC(C)(C)P1(OC2CCCC3OP(->[NiH+]<-1<-[CH-]23)(C(C)(C)C)C(C)(C)C)C(C)(C)C
LOSLIO,CC1(C)[C@@H]2C[C@H]1c1ccc3-c4ccccn4->[Zn+2]456(<-[O-][N+](=O)[O-]->4)<-n4ccccc4-c4ccc7c(n->54)[C@@H]([C@@H]2c1n->63)[C@H]1C[C@@H]7C1(C)C,C34 H34 N5 O3 Zn1 1+,1.0,CC1(C)C2CC1C1C3c4c(ccc5-c6ccccn6->[Zn+2]6(<-[O-][N+](=O)[O-])(<-n7ccccc7-c7ccc2c1n->67)<-n54)C1CC3C1(C)C,CC1(C)C2CC1C1C3c4c(ccc5-c6ccccn6->[Zn+2]6(<-[O-][N+](=O)[O-])(<-n7ccccc7-c7ccc2c1n->67)<-n54)C1CC3C1(C)C,CC1(C)C2CC1C1C3c4c(ccc5-c6ccccn6->[Zn+2]67(<-[O-][N+](=O)[O-]->6)(<-n6ccccc6-c6ccc2c1n->76)<-n54)C1CC3C1(C)C
LOWXAY,N->[Ni@OH2+2]12<-[O-]/C(=N\N->1=C1/CCCC/C1=C(/[O-]->2)C(F)(F)F)c1ccccc1,C15 H16 F3 N3 Ni1 O2,0.0,N->[Ni+2]12<-[O-]C(=NN->1=C1CCCCC1=C([O-]->2)C(F)(F)F)c1ccccc1,N->[Ni+2]12<-[O-]C(=NN->1=C1CCCCC1=C([O-]->2)C(F)(F)F)c1ccccc1,N->[Ni+2]12<-[O-]C(=NN->1=C1CCCCC1=C([O-]->2)C(F)(F)F)c1ccccc1
LOYTAW,,C41 H38 N2 O2 Pt1,0.0,fail,Cc1cc(C)c(C2=CC(=O->[Pt+2]3(<-[O-]2)<-[C]2N(Cc4ccccc4)c4ccccc4N2c2cccc[c-]->32)c2c(C)cc(C)cc2C)c(C)c1,Cc1cc(C)c(C2=CC(=O->[Pt+2]3(<-[O-]2)<-[C]2N(Cc4ccccc4)c4ccccc4N2c2cccc[c-]->32)c2c(C)cc(C)cc2C)c(C)c1
LUBXOX,N#[N+][N-2]->[Ni+2](<-[N-2][N+]#N)(<-n1ccccc1-c1nnc(-c2ccccn2)s1)<-n1ccccc1-c1nnc(-c2ccccn2)s1,C24 H16 N14 Ni1 S2,0.0,[N-]=[N+]=[N-]->[Ni+2]12(<-[N-]=[N+]=[N-])(<-n3ccccc3-c3sc(-c4ccccn4)nn->13)<-n1ccccc1-c1sc(-c3ccccn3)nn->21,N#[N+][N-2]->[Ni+2]12(<-[N-2][N+]#N)(<-n3ccccc3-c3sc(-c4ccccn4)nn->13)<-n1ccccc1-c1sc(-c3ccccn3)nn->21,N#[N+][N-2]->[Ni+2]12(<-[N-2][N+]#N)(<-n3ccccc3-c3sc(-c4ccccn4)nn->13)<-n1ccccc1-c1sc(-c3ccccn3)nn->21
LUCXIR,COC(=O)C1=C(C(=O)OC)C2(C(OC)=O->[Pd@TB5+2]34(<-[Br-])<-N(Cc5ccccc5)Cc5ccccc5[C-]->32C->4(=O)OC)C(C(=O)OC)=C1C(=O)OC,C32 H32 Br1 N1 O12 Pd1,0.0,COC(=O)C1=C(C(=O)OC)C2(C(OC)=O->[Pd+2]3(<-[Br-])<-N(Cc4ccccc4)Cc4ccccc4[C-]->32C(=O)OC)C(C(=O)OC)=C1C(=O)OC,COC(=O)C1=C(C(=O)OC)C2(C(OC)=O->[Pd+2]3(<-[Br-])<-N(Cc4ccccc4)Cc4ccccc4[C-]->32C(=O)OC)C(C(=O)OC)=C1C(=O)OC,COC(=O)C1=C(C(=O)OC)C2(C(OC)=O->[Pd+2]3(<-[Br-])<-N(Cc4ccccc4)Cc4ccccc4[C-]->32C(=O)OC)C(C(=O)OC)=C1C(=O)OC
LUGBIY,[N-3]->[Re+5]12(<-[Cl-])(<-[Cl-])<-O(CCP->1(c1ccccc1)c1ccccc1)CCP->2(c1ccccc1)c1ccccc1,C28 H28 Cl2 N1 O1 P2 Re1,0.0,[N-3]->[Re+5]12(<-[Cl-])(<-[Cl-])<-O(CCP->1(c1ccccc1)c1ccccc1)CCP->2(c1ccccc1)c1ccccc1,[N-3]->[Re+5]12(<-[Cl-])(<-[Cl-])<-O(CCP->1(c1ccccc1)c1ccccc1)CCP->2(c1ccccc1)c1ccccc1,[N-3]->[Re+5]1(<-[Cl-])(<-[Cl-])<-P(CCOCCP->1(c1ccccc1)c1ccccc1)(c1ccccc1)c1ccccc1
LUHPIO,,C14 H25 N4 Ni1 S2 1+,1.0,Cc1[nH]cn2->[Ni+2]34<-[S-]CCN->35CCCN->4(CCSCc12)CC5,Cc1[nH]cn2->[Ni+2]34<-[S-]CCN->35CCCN->4(CCSCc12)CC5,Cc1[nH]cn2->[Ni+2]345<-[S-]CCN->36CCCN->4(CCS->5Cc12)CC6
LUKYEV,COc1ccccc1P12C3=CC=C=C=C3[O-]->[Ir+3]<-13456(<-[O-]c1ccccc12)<-c1(C)c->3(C)c->4(C)[c-]->5(C)c->61C,C29 H30 Ir1 O3 P1,0.0,COc1ccccc1P12c3ccccc3[O-]->[Ir+3]<-13456(<-[O-]c1ccccc12)<-c1(C)c->3(C)c->4(C)[c-]->5(C)c->61C,COc1ccccc1P12C3=CC=C=C=C3[O-]->[Ir+3]<-13456(<-[O-]c1ccccc12)<-c1(C)c->3(C)c->4(C)[c-]->5(C)c->61C,COc1ccccc1P12C3=CC=C=C=C3[O-]->[Ir+3]<-13456(<-[O-]c1ccccc12)<-c1(C)c->3(C)c->4(C)[c-]->5(C)c->61C
LUMNIS,FC(F)(F)/C1=C/C(=N2/N=C(\[O-]->[Ni@@+2]<-2(<-[O-]1)<-P(CP(c1ccccc1)c1ccccc1)(c1ccccc1)c1ccccc1)c1ccccc1)C(F)(F)F,C37 H28 F6 N2 Ni1 O2 P2,0.0,FC(F)(F)C1=CC(=N2N=C([O-]->[Ni+2]<-2(<-[O-]1)<-P(CP(c1ccccc1)c1ccccc1)(c1ccccc1)c1ccccc1)c1ccccc1)C(F)(F)F,FC(F)(F)C1=CC(=N2N=C([O-]->[Ni+2]<-2(<-[O-]1)<-P(CP(c1ccccc1)c1ccccc1)(c1ccccc1)c1ccccc1)c1ccccc1)C(F)(F)F,FC(F)(F)C1=CC(=N2N=C([O-]->[Ni+2]<-2(<-[O-]1)<-P(CP(c1ccccc1)c1ccccc1)(c1ccccc1)c1ccccc1)c1ccccc1)C(F)(F)F
LUNLUC,,C22 H42 B1 N12 O1 P1 Rh1 S3 1+,1.0,CCn1c(C)nn2B34n5nc(C)n(CC)c5=S->[Rh+]<-3(<-[C-]#[O+])(<-S=c21)(<-S=c1n4nc(C)n1CC)<-P(N(C)C)(N(C)C)N(C)C,CCn1c(C)nn2B34n5nc(C)n(CC)c5=S->[Rh+]<-3(<-[C-]#[O+])(<-S=c21)(<-S=c1n4nc(C)n1CC)<-P(N(C)C)(N(C)C)N(C)C,CCn1c(C)nn2B34n5nc(C)n(CC)c5=S->[Rh+]<-3(<-[C-]#[O+])(<-S=c21)(<-S=c1n4nc(C)n1CC)<-P(N(C)C)(N(C)C)N(C)C
LUPMIU,CC(C)([S-]->[Pt+2](<-N)(<-N)<-[S-]C(C)(C)[C@@H](N)C(=O)O)[C@@H](N)C(=O)O,C10 H26 N4 O4 Pt1 S2,0.0,CC(C)([S-]->[Pt+2](<-N)(<-N)<-[S-]C(C)(C)C([NH3+])C(=O)[O-])C([NH3+])C(=O)[O-],CC(C)([S-]->[Pt+2](<-N)(<-N)<-[S-]C(C)(C)C([NH3+])C(=O)[O-])C([NH3+])C(=O)[O-],CC(C)([S-]->[Pt+2](<-N)(<-N)<-[S-]C(C)(C)C(N)C(=O)O)C(N)C(=O)O
LUQXEB,CC(C)c1cccc(C(C)C)c1/N1=C/C=N(/c2c(C(C)C)cccc2C(C)C)->[Pd+2]<-1(<-[O-]C(=O)C(F)(F)F)<-[O-]C(=O)C(F)(F)F,C30 H36 F6 N2 O4 Pd1,0.0,CC(C)c1cccc(C(C)C)c1N1=CC=N(c2c(C(C)C)cccc2C(C)C)->[Pd+2]<-1(<-[O-]C(=O)C(F)(F)F)<-[O-]C(=O)C(F)(F)F,CC(C)c1cccc(C(C)C)c1N1=CC=N(c2c(C(C)C)cccc2C(C)C)->[Pd+2]<-1(<-[O-]C(=O)C(F)(F)F)<-[O-]C(=O)C(F)(F)F,CC(C)c1cccc(C(C)C)c1N1=CC=N(c2c(C(C)C)cccc2C(C)C)->[Pd+2]<-1(<-[O-]C(=O)C(F)(F)F)<-[O-]C(=O)C(F)(F)F
LUSSAV,CN1C=NN2c3c4oc5ccccc5c4cc[c-]3->[Pt@@+2]3(<-O=C(/C=C(\[O-]->3)c3ccccc3)c3ccccc3)<-[C]12,C30 H21 N3 O3 Pt1,0.0,fail,CN1C=NN2c3c4oc5ccccc5c4cc[c-]3->[Pt+2]3(<-O=C(C=C([O-]->3)c3ccccc3)c3ccccc3)<-[C]12,CN1C=NN2c3c4oc5ccccc5c4cc[c-]3->[Pt+2]3(<-O=C(C=C([O-]->3)c3ccccc3)c3ccccc3)<-[C]12
LUTGEO,COC(=O)C1=C/C2=C3\N=NN=N3->[Fe+2]345(<-N6=NN=N/C6=C6\C=C(C(=O)OC)C=C(n7cccn->37)[N-]->46)<-n3cccn3C(=C1)[N-]->52,C22 H16 Fe1 N14 O4,0.0,COC(=O)c1cc2-c3nnn[n-]3->[Fe+2]345(<-n2c(-n2cccn->32)c1)<-n1c(-c2nnn[n-]->42)cc(C(=O)OC)cc1-n1cccn->51,COC(=O)C1=CC2=C3N=NN=N3->[Fe+2]345(<-N6=NN=NC6=C6C=C(C(=O)OC)C=C(n7cccn->37)[N-]->46)<-n3cccn3C(=C1)[N-]->52,COC(=O)C1=CC2=C3N=NN=N3->[Fe+2]345(<-N6=NN=NC6=C6C=C(C(=O)OC)C=C(n7cccn->37)[N-]->46)<-n3cccn3C(=C1)[N-]->52
LUTVAX,,C18 H38 Cl3 N3 Si2 Zr1,0.0,fail,CC(C)(C)C1C=C(N2CCCCC2)[N-]([Si](C)(C)C)->[Zr+4](<-[Cl-])(<-[Cl-])(<-[Cl-])<-N=1[Si](C)(C)C,CC(C)(C)C1C=C(N2CCCCC2)[N-]([Si](C)(C)C)->[Zr+4](<-[Cl-])(<-[Cl-])(<-[Cl-])<-N=1[Si](C)(C)C
LUWCAH,[O-2]->[Re+5](<-[Cl-])(<-[Cl-])(<-[Cl-])(<-[O-][As+](c1ccccc1)(c1ccccc1)c1ccccc1)<-[As](c1ccccc1)(c1ccccc1)c1ccccc1,C36 H30 As2 Cl3 O2 Re1,0.0,[O-2]->[Re+5](<-[Cl-])(<-[Cl-])(<-[Cl-])(<-O=[As](c1ccccc1)(c1ccccc1)c1ccccc1)<-[As](c1ccccc1)(c1ccccc1)c1ccccc1,[O-2]->[Re+5](<-[Cl-])(<-[Cl-])(<-[Cl-])(<-[O-][As+](c1ccccc1)(c1ccccc1)c1ccccc1)<-[As](c1ccccc1)(c1ccccc1)c1ccccc1,[O-2]->[Re+5](<-[Cl-])(<-[Cl-])(<-[Cl-])(<-[O-][As+](c1ccccc1)(c1ccccc1)c1ccccc1)<-[As](c1ccccc1)(c1ccccc1)c1ccccc1
LUXPEB,CP(C)(C)->[Fe+2]12(<-N(=C\c3ccc[n-]->13)/Cc1ccccc1)(<-N(=C\c1ccc[n-]->21)/Cc1ccccc1)<-P(C)(C)C,C30 H40 Fe1 N4 P2,0.0,CP(C)(C)->[Fe+2]12(<-N(=Cc3ccc[n-]->13)Cc1ccccc1)(<-N(=Cc1ccc[n-]->21)Cc1ccccc1)<-P(C)(C)C,CP(C)(C)->[Fe+2]12(<-N(=Cc3ccc[n-]->13)Cc1ccccc1)(<-N1=CC=CC1=C[N-]->2Cc1ccccc1)<-P(C)(C)C,CP(C)(C)->[Fe+2]12(<-N(=Cc3ccc[n-]->13)Cc1ccccc1)(<-N1=CC=CC1=C[N-]->2Cc1ccccc1)<-P(C)(C)C
LUYMAU,,C27 H36 Br2 N2 Ni1 O1,0.0,Cc1cc(C)c(C2c3ccccn3->[Ni+2](<-O)(<-[Br-])(<-[Br-])<-N2c2c(C(C)C)cccc2C(C)C)c(C)c1,Cc1cc(C)c(C2c3ccccn3->[Ni+2](<-O)(<-[Br-])(<-[Br-])<-N2c2c(C(C)C)cccc2C(C)C)c(C)c1,Cc1cc(C)c(C2c3ccccn3->[Ni+2](<-O)(<-[Br-])(<-[Br-])<-N2c2c(C(C)C)cccc2C(C)C)c(C)c1
LUZDIT,C/C1=N(\C(C)(C)C)->[Zr+4]2345(<-[CH3-])(<-[CH3-])(<-[N-]1Cc1ccccc1)<-c1(C)c->2(C)c->3(C)[c-]->4(C)c->51C,C25 H40 N2 Zr1,0.0,CC1=N(Cc2ccccc2)->[Zr+4]2345(<-[CH3-])(<-[CH3-])(<-[N-]1C(C)(C)C)<-c1(C)c->2(C)c->3(C)[c-]->4(C)c->51C,CC1=N(C(C)(C)C)->[Zr+4]2345(<-[CH3-])(<-[CH3-])(<-[N-]1Cc1ccccc1)<-c1(C)c->2(C)c->3(C)[c-]->4(C)c->51C,CC1=N(C(C)(C)C)->[Zr+4]2345(<-[CH3-])(<-[CH3-])(<-[N-]1Cc1ccccc1)<-c1(C)c->2(C)c->3(C)[c-]->4(C)c->51C
MABDOJ,CCP(CC)(CC)->[Ru+2]12345(<-C#C->1)(<-c1(C)c->2(C)c->3(C)[c-]->4(C)c->51C)<-P(CC)(CC)CC,C24 H47 P2 Ru1 1+,1.0,CCP(CC)(CC)->[Ru+2]12345(<-C#C->1)(<-c1(C)c->2(C)c->3(C)[c-]->4(C)c->51C)<-P(CC)(CC)CC,CCP(CC)(CC)->[Ru+2]12345(<-C#C->1)(<-c1(C)c->2(C)c->3(C)[c-]->4(C)c->51C)<-P(CC)(CC)CC,CCP(CC)(CC)->[Ru+2]12345(<-C#C->1)(<-c1(C)c->2(C)c->3(C)[c-]->4(C)c->51C)<-P(CC)(CC)CC
MABTUG,C1=C/C2=C/[N-]3c4ccccc4SCCS4c5ccccc5[N-]5/C=C6/C=CC=N6->[Ni@OH17+2]<-3<-5<-4<-N2=C1,C24 H20 N4 Ni1 S2,0.0,C1c2ccc[n-]2->[Ni+2]2345<-N=1c1ccccc1S->2CCS->3c1ccccc1N->4=Cc1ccc[n-]->51,C1=CC2=C[N-]3c4ccccc4S4CCS5c6ccccc6[N-]6C=C7C=CC=N7->[Ni+2]<-3<-6<-4<-5<-N2=C1,C1=CC2=C[N-]3c4ccccc4SCCS4c5ccccc5[N-]5C=C6C=CC=N6->[Ni+2]<-3<-5<-4<-N2=C1
MADQAM,C1CN2->[Cu@@+]34<-[C](CCS->3CC2)NCCS->4C1,C10 H22 Cu1 N2 S2 1+,1.0,C1CN2->[Cu+]34<-N(CCCS->3CC2)CCS->4C1,[C]1CCS2->[Cu+]34<-N1CCS->3CCCN->4CC2,C1CN2->[Cu+]34<-[C](CCS->3CC2)NCCS->4C1
MADVAQ,,C18 H33 B1 N6 P1 Rh1,0.0,Cc1cc(C)[n-]2->[RhH2+]3(<-[n-]4c(C)cc(C)[n+]4[BH-]([n+]12)[n+]1c(C)cc(C)[n-]->31)<-P(C)(C)C,Cc1cc(C)n2->[RhH2+]3(<-n4c(C)cc(C)n4[BH-](n12)n1c(C)cc(C)n->31)<-P(C)(C)C,Cc1cc(C)n2->[RhH2+]3(<-n4c(C)cc(C)n4[BH-](n12)n1c(C)cc(C)n->31)<-P(C)(C)C
MADXOG,,C29 H37 B1 F2 N6 P1 Rh1,0.0,Cc1cc(C)[n-]2->[RhH+2]3(<-[c-]4cc(F)ccc4F)(<-[n-]4c(C)cc(C)[n+]4[BH-]([n+]12)[n+]1c(C)cc(C)[n-]->31)<-P(C)(C)c1ccccc1,Cc1cc(C)n2->[RhH+2]3(<-[c-]4cc(F)ccc4F)(<-n4c(C)cc(C)n4[BH-](n12)n1c(C)cc(C)n->31)<-P(C)(C)c1ccccc1,Cc1cc(C)n2->[RhH+2]3(<-[c-]4cc(F)ccc4F)(<-n4c(C)cc(C)n4[BH-](n12)n1c(C)cc(C)n->31)<-P(C)(C)c1ccccc1
MAHLOY,C(\c1ccccc1)=N1/CCN2CC/N(=C/c3ccccc3)->[Ag+]<-1<-N(=C\c1ccccc1)/CC2,C27 H30 Ag1 N4 1+,1.0,C(c1ccccc1)=N1CCN23CCN(=Cc4ccccc4)->[Ag+]<-1<-2<-N(=Cc1ccccc1)CC3,C(c1ccccc1)=N1CCN23CCN(=Cc4ccccc4)->[Ag+]<-1<-2<-N(=Cc1ccccc1)CC3,C(c1ccccc1)=N1CCN23CCN(=Cc4ccccc4)->[Ag+]<-1<-2<-N(=Cc1ccccc1)CC3
MAHWUP,Cc1cc(C)c(-n2ccn3->[Zr+4]456(<-C=C->4[N-]->5C(C)(C)C)(<-[CH2-]c4ccccc4)(<-[CH2-]c->64ccccc4)<-[c-]23)c(C)c1,C32 H39 N3 Zr1,0.0,fail,C=C[N-](C(C)(C)C)->[Zr+4]1(<-[CH2-]c2ccccc2)(<-[CH2-]c2ccccc2)<-[c-]2n(-c3c(C)cc(C)cc3C)ccn->12,C=C[N-](C(C)(C)C)->[Zr+4]1(<-[CH2-]c2ccccc2)(<-[CH2-]c2ccccc2)<-[c-]2n(-c3c(C)cc(C)cc3C)ccn->12
MAJFIO,[Cl-]->[Cd+2](<-[Cl-])(<-n1cc[nH]c1/N=N/c1ccc(Br)cc1)<-n1cc[nH]c1/N=N/c1ccc(Br)cc1,C18 H14 Br2 Cd1 Cl2 N8,0.0,[Cl-]->[Cd+2](<-[Cl-])(<-n1cc[nH]c1N=Nc1ccc(Br)cc1)<-n1cc[nH]c1N=Nc1ccc(Br)cc1,[Cl-]->[Cd+2](<-[Cl-])(<-n1cc[nH]c1N=Nc1ccc(Br)cc1)<-n1cc[nH]c1N=Nc1ccc(Br)cc1,[Cl-]->[Cd+6]12(<-[Cl-])(<-[N-](N=c3[nH]cc[n-]->13)c1ccc(Br)cc1)<-[N-](N=c1[nH]cc[n-]->21)c1ccc(Br)cc1
MAKJIR,CCP1(CC)CCP(CC)(CC)->[Fe+2]<-12(<-[C-]#[O+])(<-F[B-](F)(F)F)<-P(CC)(CC)CCP->2(CC)CC,C21 H48 B1 F4 Fe1 O1 P4 1+,1.0,CCP1(CC)CCP(CC)(CC)->[Fe+3]<-12(<-[C-]#[O+])(<-F[B-](F)(F)F)<-P(CC)(CC)CCP->2(CC)CC,CCP1(CC)->[Fe+2]2(<-[C-]#[O+])(<-P(CC)(CC)CC1)<-P(CC)(CC)CCP->2(CC)CC.F[B-](F)(F)F,CCP1(CC)->[Fe+2]2(<-[F-])(<-[C-]#[O+])(<-P(CC)(CC)CC1)<-P(CC)(CC)CCP->2(CC)CC.FB(F)F
MAKZAA,O=C1C=CC(=O)N1CCCN12Cc3ccc4ccccc4n3->[Re+]<-1(<-[C-]#[O+])(<-[C-]#[O+])(<-[C-]#[O+])<-n1c(C2)ccc2ccccc21,C30 H24 N4 O5 Re1 1+,1.0,O=C1C=CC(=O)N1CCCN12Cc3ccc4ccccc4n3->[Re+]<-1(<-[C-]#[O+])(<-[C-]#[O+])(<-[C-]#[O+])<-n1c(C2)ccc2ccccc21,[O+]#[C-]->[Re+3]12(<-[C-]#[O+])(<-[C-]#[O+])<-n3c(CN->1(CCCn1c([O-])ccc1[O-])Cc1ccc4ccccc4n->21)ccc1ccccc13,[O+]#[C-]->[Re+3]12(<-[C-]#[O+])(<-[C-]#[O+])<-n3c(CN->1(CCCn1c([O-])ccc1[O-])Cc1ccc4ccccc4n->21)ccc1ccccc13
MALXED,[Br-]->[Pt+4]12(<-[Br-])(<-[Br-])<-N(=N\c3ccccn->13)/c1ccccc1[N-]->2c1ccccc1,C17 H13 Br3 N4 Pt1,0.0,[Br-]->[Pt+4]12(<-[Br-])(<-[Br-])<-N(=Nc3ccccn->13)c1ccccc1[N-]->2c1ccccc1,[Br-]->[Pt+6]12(<-[Br-])(<-[Br-])<-[N-](N=c3cccc[n-]->13)c1ccccc1[N-]->2c1ccccc1,[Br-]->[Pt+6]12(<-[Br-])(<-[Br-])<-[N-](N=c3cccc[n-]->13)c1ccccc1[N-]->2c1ccccc1
MAMFIR,CC(C)c12->[Ru+2]34567(<-[Cl-])(<-c(c->31)c->4(C)c->5c->62)<-n1ccccc1NP->7(c1ccccc1)c1ccccc1,C27 H29 Cl1 N2 P1 Ru1 1+,1.0,CC(C)c12->[Ru+2]34567(<-[Cl-])(<-c(c->31)c->4(C)c->5c->62)<-n1ccccc1NP->7(c1ccccc1)c1ccccc1,CC(C)c12->[Ru+2]34567(<-[Cl-])(<-c(c->31)c->4(C)c->5c->62)<-n1ccccc1NP->7(c1ccccc1)c1ccccc1,CC(C)c12->[Ru+2]34567(<-[Cl-])(<-c(c->31)c->4(C)c->5c->62)<-n1ccccc1NP->7(c1ccccc1)c1ccccc1
MAMWOP,CC1/C=C(/C)[O-]->[Ir+3]23(<-O=1)(<-[c-]1cc(F)c(C(F)(F)F)c(F)c1-c1cc(C)ccn->21)<-[c-]1cc(F)c(C(F)(F)F)c(F)c1-c1cc(C)ccn->31,C31 H21 F10 Ir1 N2 O2,0.0,fail,CC1=CC(C)=O->[Ir+3]23(<-[O-]1)(<-[c-]1cc(F)c(C(F)(F)F)c(F)c1-c1cc(C)ccn->21)<-[c-]1cc(F)c(C(F)(F)F)c(F)c1-c1cc(C)ccn->31,CC1=CC(C)=O->[Ir+3]23(<-[O-]1)(<-[c-]1cc(F)c(C(F)(F)F)c(F)c1-c1cc(C)ccn->21)<-[c-]1cc(F)c(C(F)(F)F)c(F)c1-c1cc(C)ccn->31
MANVEC,C/N1=C(/C(=O->[Fe]<-1(<-[C-]#[O+])(<-[C-]#[O+])<-[C-]#[O+])c1ccccc1)c1ccccc1,C18 H13 Fe1 N1 O4,0.0,CN1=C(C(=O->[Fe]<-1(<-[C-]#[O+])(<-[C-]#[O+])<-[C-]#[O+])c1ccccc1)c1ccccc1,C[N-]1C(=C([O-]->[Fe+2]<-1(<-[C-]#[O+])(<-[C-]#[O+])<-[C-]#[O+])c1ccccc1)c1ccccc1,C[N-]1C(=C([O-]->[Fe+2]<-1(<-[C-]#[O+])(<-[C-]#[O+])<-[C-]#[O+])c1ccccc1)c1ccccc1
MAQJOF,CS(C)(=O)->[Ir+]12345(<-C=C->1/C=C\[S@]->2(=O)[O-])<-C1=C->3/CC/C->4=C->5\CC\1,C14 H23 Ir1 O3 S2,0.0,CS(C)(=O)->[Ir+]12345(<-C=C->1C=CS->2(=O)[O-])<-C1=C->3CCC->4=C->5CC1,CS(C)(=O)->[Ir+]12345(<-C=C->1C=CS->2(=O)[O-])<-C1=C->3CCC->4=C->5CC1,CS(C)(=O)->[Ir+]12345(<-C=C->1C=CS->2(=O)[O-])<-C1=C->3CCC->4=C->5CC1
MAQWEG,,C28 H23 Br1 O1 P1 Ru1 1+,1.0,O=C1C2->[Ru+3]345678(<-[Br-])(<-C=2C->3=C->41[P](c1ccccc1)(c1ccccc1)c1ccccc1)<-c1c->5c->6[cH-]->7c->81,O=C12->[Ru+4]3456789(<-[Br-])(<-C(=C->3C->41=P(c1ccccc1)(c1ccccc1)c1ccccc1)[CH-]->52)<-c1c->6c->7[cH-]->8c->91,O=C1[CH-]2->[Ru+4]345678(<-[Br-])(<-C2=C->3C->41=P(c1ccccc1)(c1ccccc1)c1ccccc1)<-c1c->5c->6[cH-]->7c->81
MARNOI,COCCCNP(c1ccccc1)(c1ccccc1)->[Pd@@+2]1(<-[Cl-])<-[c-]2ccccc2CN->1(C)C,C25 H32 Cl1 N2 O1 P1 Pd1,0.0,COCCCNP(c1ccccc1)(c1ccccc1)->[Pd+2]1(<-[Cl-])<-[c-]2ccccc2CN->1(C)C,COCCCNP(c1ccccc1)(c1ccccc1)->[Pd+2]1(<-[Cl-])<-[c-]2ccccc2CN->1(C)C,COCCCNP(c1ccccc1)(c1ccccc1)->[Pd+2]1(<-[Cl-])<-[c-]2ccccc2CN->1(C)C
MASQEF,CC(C)(C)C1/N=C2/C(c3ccccc3)=C(c3ccccc3)C3/N=C(\[NH-]->[Pt@OH23+2](<-[Cl-])(<-N=1)<-N=32)C(C)(C)C,C26 H30 Cl1 N5 Pt1,0.0,CC(C)(C)C1N=C2C(c3ccccc3)=C(c3ccccc3)C3=NC(=N->[Pt+2](<-[Cl-])(<-N=1)<-[N-]23)C(C)(C)C,CC(C)(C)C1=NC2=N3->[Pt+2](<-[Cl-])(<-N=C(N=C3C(c3ccccc3)=C2c2ccccc2)C(C)(C)C)<-[NH-]1,CC(C)(C)C1=NC2=N3->[Pt+2](<-[Cl-])(<-N=C(N=C3C(c3ccccc3)=C2c2ccccc2)C(C)(C)C)<-[NH-]1
MASYIR,[Cl-]->[Zn+2]1(<-[Cl-])<-n2ccccc2CN(Cc2c3ccccc3cc3ccccc23)Cc2ccccn->12,C27 H23 Cl2 N3 Zn1,0.0,[Cl-]->[Zn+2]12(<-[Cl-])<-n3ccccc3CN->1(Cc1c3ccccc3cc3ccccc13)Cc1ccccn->21,[Cl-]->[Zn+2]12(<-[Cl-])<-n3ccccc3CN->1(Cc1c3ccccc3cc3ccccc13)Cc1ccccn->21,[Cl-]->[Zn+2]12(<-[Cl-])<-n3ccccc3CN->1(Cc1c3ccccc3cc3ccccc13)Cc1ccccn->21
MATLEB,Cc1cccc2-c3ccccn3->[Zn+2]34(<-[O-][N+](=O)[O-]->3)(<-[O-][N+](=O)[O-]->4)<-n12,C11 H10 N4 O6 Zn1,0.0,Cc1cccc2-c3ccccn3->[Zn+2]34(<-[O-][N+](=O)[O-]->3)(<-[O-][N+](=O)[O-]->4)<-n12,Cc1cccc2-c3ccccn3->[Zn+2]3(<-[O-][N+](=O)[O-])(<-[O-][N+](=O)[O-]->3)<-n12,Cc1cccc2-c3ccccn3->[Zn+2]3456(<-[O-][N+]->3(=O)[O-]->4)(<-[O-][N+]->5(=O)[O-]->6)<-n12
MAVTAF,c1cnc([S-]->[Hg+2]<-[S-]c2ncccn2)nc1,C8 H6 Hg1 N4 S2,0.0,fail,c1cnc([S-]->[Hg+2]<-[S-]c2ncccn2)nc1,c1cnc([S-]->[Hg+2]<-[S-]c2ncccn2)nc1
MAXFAS,C[C-]1([C+]2[CH+][CH+][CH+][CH-][CH-]2)[N-]([C-]2[CH+][CH+][CH-][CH-][CH-]2)->[Mo+6]<-1234(<-[N-2]c1ccccc1)<-[N-](c->21ccccc->31[N-]->4[Si](C)(C)C)[Si](C)(C)C,C32 H40 Mo1 N4 Si2,0.0,C[C-]1(c2ccccc2)[N-](c2ccccc2)->[Mo+6]<-12(<-[N-2]c1ccccc1)<-[N-](c1ccccc1[N-]->2[Si](C)(C)C)[Si](C)(C)C,CC1(c2ccccc2)=N(c2ccccc2)->[Mo+4]<-12(<-[N-2]c1ccccc1)<-[N-](c1ccccc1[N-]->2[Si](C)(C)C)[Si](C)(C)C,CC1(c2ccccc2)=N(c2ccccc2)->[Mo+4]<-12(<-[N-2]c1ccccc1)<-[N-](c1ccccc1[N-]->2[Si](C)(C)C)[Si](C)(C)C
MAXWOY,Fc1cc(F)c2-n3cccn3->[Ir+3]34(<-[c-]2c1)(<-[c-]1cc(F)cc(F)c1-n1cccn->31)<-n1ccccc1-c1cc(C(F)(F)F)n[n-]->41,C27 H15 F7 Ir1 N7,0.0,Fc1cc(F)c2-n3cccn3->[Ir+3]34(<-[c-]2c1)(<-[c-]1cc(F)cc(F)c1-n1cccn->31)<-n1ccccc1-c1cc(C(F)(F)F)n[n-]->41,Fc1cc(F)c2-n3cccn3->[Ir+3]34(<-[c-]2c1)(<-[c-]1cc(F)cc(F)c1-n1cccn->31)<-N1=NC(C(F)(F)F)=CC1=C1C=CC=C[N-]->41,Fc1cc(F)c2-n3cccn3->[Ir+3]34(<-[c-]2c1)(<-[c-]1cc(F)cc(F)c1-n1cccn->31)<-N1=NC(C(F)(F)F)=CC1=C1C=CC=C[N-]->41
MAYKON,CS1P([O-])(c2c(C(C)(C)C)cc(C(C)(C)C)cc2C(C)(C)C)->[Mo+2]<-12345(<-[C-]#[O+])(<-[C-]#[O+])<-c1c->2c->3[cH-]->4c->51,C26 H37 Mo1 O3 P1 S1,0.0,CS1[PH](=O)(c2c(C(C)(C)C)cc(C(C)(C)C)cc2C(C)(C)C)->[Mo+]<-12345(<-[C-]#[O+])(<-[C-]#[O+])<-c1c->2c->3[cH-]->4c->51,CS1P([O-])(c2c(C(C)(C)C)cc(C(C)(C)C)cc2C(C)(C)C)->[Mo+2]<-12345(<-[C-]#[O+])(<-[C-]#[O+])<-c1c->2c->3[cH-]->4c->51,CS1P([O-])(c2c(C(C)(C)C)cc(C(C)(C)C)cc2C(C)(C)C)->[Mo+2]<-12345(<-[C-]#[O+])(<-[C-]#[O+])<-c1c->2c->3[cH-]->4c->51
MAZGOL,C1=C/C2=C/[O-]->[Ru+2]34(<-N2=C1)(<-n1ccccc1-c1ccccn->31)<-n1ccccc1-c1ccccn->41,C25 H20 N5 O1 Ru1 1+,1.0,C1=CC2=C[O-]->[Ru+2]34(<-N2=C1)(<-n1ccccc1-c1ccccn->31)<-n1ccccc1-c1ccccn->41,C1=CC2=C[O-]->[Ru+2]34(<-N2=C1)(<-n1ccccc1-c1ccccn->31)<-n1ccccc1-c1ccccn->41,C1=CC2=C[O-]->[Ru+2]34(<-N2=C1)(<-n1ccccc1-c1ccccn->31)<-n1ccccc1-c1ccccn->41
MCYSPT,C[S@@]1(=O)C[C@H](N->[Pt+2]<-1(<-[Cl-])<-[Cl-])C(=O)O,C4 H9 Cl2 N1 O3 Pt1 S1,0.0,CS1(=O)CC(N->[Pt+2]<-1(<-[Cl-])<-[Cl-])C(=O)O,CS1(=O)CC(N->[Pt+2]<-1(<-[Cl-])<-[Cl-])C(=O)O,CS1(=O)CC(N->[Pt+2]<-1(<-[Cl-])<-[Cl-])C(=O)O
MEBXEX,O=N1/C=C\[N-](O)->[Co+3]<-12(<-[Cl-])(<-N(=O)/C(=C(/c1ccccc1)[N-]->2O)c1ccccc1)<-n1ccccc1,C21 H19 Cl1 Co1 N5 O4,0.0,[O]N1=CC=N([O])->[Co+]<-12(<-[Cl-])(<-N(O)=C(C(c1ccccc1)=N->2O)c1ccccc1)<-n1ccccc1,O=N1C=C[N-]([O-])->[Co+3]<-12(<-[Cl-])(<-N(O)=C(C(c1ccccc1)=N->2O)c1ccccc1)<-n1ccccc1,O=N1C=CN(=O)->[Co+]<-12(<-[Cl-])(<-N(O)=C(C(c1ccccc1)=N->2O)c1ccccc1)<-n1ccccc1
MEDCII,Clc1ccc([Se-]->[Ni+2]234<-[H]Sc5ccccc5P->2(c2ccccc2[S-]->3)c2ccccc2[S-]->4)cc1,C24 H17 Cl1 Ni1 P1 S3 Se1 1-,-1.0,fail,Sc1ccccc1P12c3ccccc3[S-]->[Ni+2]<-1(<-[S-]c1ccccc12)<-[Se-]c1ccc(Cl)cc1,Sc1ccccc1P12c3ccccc3[S-]->[Ni+2]<-1(<-[S-]c1ccccc12)<-[Se-]c1ccc(Cl)cc1
MEDTIY,Cc1cc2S3S4c5cc(C)cc(C(C)(C)C)c5[O-]->[Ti+4]<-3<-4(<-[Br-])(<-[Br-])<-[O-]c2c(C(C)(C)C)c1,C22 H28 Br2 O2 S2 Ti1,0.0,Cc1cc2S3S4c5cc(C)cc(C(C)(C)C)c5[O-]->[Ti+4]<-3<-4(<-[Br-])(<-[Br-])<-[O-]c2c(C(C)(C)C)c1,Cc1cc2S3S4c5cc(C)cc(C(C)(C)C)c5[O-]->[Ti+4]<-3<-4(<-[Br-])(<-[Br-])<-[O-]c2c(C(C)(C)C)c1,Cc1cc2SSc3cc(C)cc(C(C)(C)C)c3[O-]->[Ti+4](<-[Br-])(<-[Br-])<-[O-]c2c(C(C)(C)C)c1
MEGJUG,,C13 H15 I1 N4 Pd1,0.0,[CH3-]->[Pd+4]1(<-[CH3-])(<-[CH3-])(<-[I-])<-n2cccc3nnc4cccn->1c4c32,[CH3-]->[Pd+6]1(<-[CH3-])(<-[CH3-])(<-[I-])<-[N-]2C=CC=c3nnc4c(c32)[N-]->1C=CC=4,[CH3-]->[Pd+6]1(<-[CH3-])(<-[CH3-])(<-[I-])<-[N-]2C=CC=c3nnc4c(c32)[N-]->1C=CC=4
MEGXUT,CC(C)(C)N1=[CH-]->[Zr+4]<-123456789(<-[Cl-])(<-c1c->2c->3[cH-]->4c->51)<-c1c->6c->7[cH-]->8c->91,C15 H20 Cl1 N1 Zr1,0.0,CC(C)(C)[N+]1#C->[Zr+2]<-123456789(<-[Cl-])(<-c1c->2c->3[cH-]->4c->51)<-c1c->6c->7[cH-]->8c->91,CC(C)(C)N1=[CH-]->[Zr+4]<-123456789(<-[Cl-])(<-c1c->2c->3[cH-]->4c->51)<-c1c->6c->7[cH-]->8c->91,CC(C)(C)N1=[CH-]->[Zr+4]<-123456789(<-[Cl-])(<-c1c->2c->3[cH-]->4c->51)<-c1c->6c->7[cH-]->8c->91
MEHPUM,CC1/C=C(/C)[O-]->[Ni+2](<-O=1)(<-n1ccccc1-c1ccccn1)<-n1ccccc1-c1ccccn1,C25 H23 N4 Ni1 O2 1+,1.0,fail,CC1=CC(C)=O->[Ni+2]23(<-[O-]1)(<-n1ccccc1-c1ccccn->21)<-n1ccccc1-c1ccccn->31,CC1=CC(C)=O->[Ni+2]23(<-[O-]1)(<-n1ccccc1-c1ccccn->21)<-n1ccccc1-c1ccccn->31
MEJROI,O=[N+]([O-])[O-]->[Cd+2]12(<-[O-][N+](=O)[O-])<-n3c4cccc3CN->1c1ccccc1OCCN->2CCOc1ccccc1NC4,C23 H26 Cd1 N6 O8,0.0,O=[N+]([O-])[O-]->[Cd+2]1234(<-[O-][N+](=O)[O-]->1)<-n1c5cccc1CN->2c1ccccc1OCCN->3CCOc1ccccc1N->4C5,O=[N+]([O-])[O-]->[Cd+2]123(<-[O-][N+](=O)[O-])<-n4c5cccc4CN->1c1ccccc1OCCN->2CCOc1ccccc1N->3C5,O=[N+]([O-])[O-]->[Cd+2]1234(<-[O-][N+](=O)[O-]->1)<-n1c5cccc1CN->2c1ccccc1OCCN->3CCOc1ccccc1N->4C5
MEKBEJ,[O+]#[C-]->[Fe+2]123(<-[C-]#[O+])(<-[CH+](c4ccccc4)[CH-]->1[CH-]->2[N-]->3C1CCCCC1)<-P(c1ccccc1)(c1ccccc1)c1ccccc1,C35 H34 Fe1 N1 O2 P1,0.0,[O+]#[C-]->[Fe]123(<-[C-]#[O+])(<-C(c4ccccc4)=C->1C->2=N->3C1CCCCC1)<-P(c1ccccc1)(c1ccccc1)c1ccccc1,[O+]#[C-]->[Fe]123(<-[C-]#[O+])(<-C(c4ccccc4)=C->1C->2=N->3C1CCCCC1)<-P(c1ccccc1)(c1ccccc1)c1ccccc1,[O+]#[C-]->[Fe]123(<-[C-]#[O+])(<-C(c4ccccc4)=C->1C->2=N->3C1CCCCC1)<-P(c1ccccc1)(c1ccccc1)c1ccccc1
MELFAK,Sc1ccccc1P1(c2ccccc2)c2ccccc2[S-]->[Au+]<-1<-P(c1ccccc1)(c1ccccc1)c1ccccc1,C36 H29 Au1 P2 S2,0.0,fail,Sc1ccccc1P1(c2ccccc2)c2ccccc2[S-]->[Au+]<-1<-P(c1ccccc1)(c1ccccc1)c1ccccc1,Sc1ccccc1P1(c2ccccc2)c2ccccc2[S-]->[Au+]<-1<-P(c1ccccc1)(c1ccccc1)c1ccccc1
MEMJIX,,C28 H40 Ni1 S4,0.0,fail,CC(C)(C)C1=CC2=S->[Ni]3(<-S=C4C=C(C(C)(C)C)C=C(C(C)(C)C)C4=S->3)<-S=C2C(C(C)(C)C)=C1,CC(C)(C)C1=CC2=S->[Ni]3(<-S=C4C=C(C(C)(C)C)C=C(C(C)(C)C)C4=S->3)<-S=C2C(C(C)(C)C)=C1
MENYIQ,,C38 H27 F4 Ir1 N5 1+,1.0,Fc1cc(F)c2-c3ccccn3->[Ir+3]34(<-[C]5N(Cc6ccccc6)C=CN5Cc5ccccn->35)(<-[c-]2c1)<-[c-]1cc(F)cc(F)c1-c1ccccn->41,Fc1cc(F)c2-c3ccccn3->[Ir+3]34(<-[C]5N(Cc6ccccc6)C=CN5Cc5ccccn->35)(<-[c-]2c1)<-[c-]1cc(F)cc(F)c1-c1ccccn->41,Fc1cc(F)c2-c3ccccn3->[Ir+3]34(<-[C]5N(Cc6ccccc6)C=CN5Cc5ccccn->35)(<-[c-]2c1)<-[c-]1cc(F)cc(F)c1-c1ccccn->41
MEQYUC,Cc12->[Ir+3]3456(<-[S-]SS[S-]->3)(<-c1(C)c->4(C)[c-]->5(C)c->62C)<-P(C)(C)C,C13 H24 Ir1 P1 S4,0.0,Cc12->[Ir+3]3456(<-[S-]SS[S-]->3)(<-c1(C)c->4(C)[c-]->5(C)c->62C)<-P(C)(C)C,Cc12->[Ir+]3456(<-S=S=S=S->3)(<-c1(C)c->4(C)[c-]->5(C)c->62C)<-P(C)(C)C,Cc12->[Ir+]3456(<-S=S=S=S->3)(<-c1(C)c->4(C)[c-]->5(C)c->62C)<-P(C)(C)C
MESDIY,,C26 H37 P2 Zr1 1-,-1.0,Cc12->[ZrH+3]3456789%10(<-[PH-]c%11ccccc%11[PH-]->3)(<-c1(C)c->4(C)[c-]->5(C)c->62C)<-c1(C)c->7(C)c->8(C)[c-]->9(C)c->%101C,Cc12->[ZrH+3]3456789%10(<-[PH-]c%11ccccc%11[PH-]->3)(<-c1(C)c->4(C)[c-]->5(C)c->62C)<-c1(C)c->7(C)c->8(C)[c-]->9(C)c->%101C,Cc1c(C)[c-]2(C)->[ZrH+3]345678(<-[PH-]c9ccccc9[PH-]->3)(<-c1(C)c->42C)<-c1(C)c->5(C)c->6(C)[c-]->7(C)c->81C
METRAF,,C36 H31 Br1 P2 Pt1,0.0,[Br-]->[PtH+](<-P(c1ccccc1)(c1ccccc1)c1ccccc1)<-P(c1ccccc1)(c1ccccc1)c1ccccc1,[Br-]->[PtH+](<-P(c1ccccc1)(c1ccccc1)c1ccccc1)<-P(c1ccccc1)(c1ccccc1)c1ccccc1,[Br-]->[PtH+](<-P(c1ccccc1)(c1ccccc1)c1ccccc1)<-P(c1ccccc1)(c1ccccc1)c1ccccc1
MEVMIJ,Cc1ccc(/C=N(/N=C/c2ccc(C)s2)->[Ag+]<-N(=C\c2ccc(C)s2)/N=C/c2ccc(C)s2)s1,C24 H24 Ag1 N4 S4 1+,1.0,Cc1ccc(C=NN(=Cc2ccc(C)s2)->[Ag+]<-N(=Cc2ccc(C)s2)N=Cc2ccc(C)s2)s1,Cc1ccc(C=NN(=Cc2ccc(C)s2)->[Ag+]<-N(=Cc2ccc(C)s2)N=Cc2ccc(C)s2)s1,Cc1ccc(C=NN2=Cc3ccc(C)s3->[Ag+]<-23<-N(=Cc2ccc(C)s->32)N=Cc2ccc(C)s2)s1
MEWCAS,,C27 H32 B1 Mo1 N7 O7,0.0,fail,COC(=O)N1C2C3C(OC(C)=O)CCCC3C1C1(OC)->[Mo]345(<-[C-]#[O+])(<-[C-]#[O+])(<-C=1[CH+]->32)<-n1cccn1[BH-](n1cccn->41)n1cccn->51,COC(=O)N1C2C3C(OC(C)=O)CCCC3C1C1(OC)->[Mo]345(<-[C-]#[O+])(<-[C-]#[O+])(<-C=1[CH+]->32)<-n1cccn1[BH-](n1cccn->41)n1cccn->51
MEXGUT,,C28 H21 Ir1 N4 O1,0.0,[O]N1=Cc2ccccn2->[Ir+2]<-123(<-[c-]1ccccc1-c1ccccn->21)<-[c-]1ccccc1-c1ccccn->31,O=N1C=C2C=CC=C[N-]2->[Ir+3]<-123(<-[c-]1ccccc1-c1ccccn->21)<-[c-]1ccccc1-c1ccccn->31,O=N1C=C2C=CC=C[N-]2->[Ir+3]<-123(<-[c-]1ccccc1-c1ccccn->21)<-[c-]1ccccc1-c1ccccn->31
MEYGOM,,C8 H14 O12 Zn1,0.0,O=C(O)CC1O->[Zn+2]2(<-O)(<-O)(<-[O-]C1=O)<-[O-]C(=O)C(CC(=O)O)O->2,O=C(O)CC1O->[Zn+2]2(<-O)(<-O)(<-[O-]C1=O)<-[O-]C(=O)C(CC(=O)O)O->2,O=C(O)CC1O->[Zn+2]2(<-O)(<-O)(<-[O-]C1=O)<-[O-]C(=O)C(CC(=O)O)O->2
MEZYUN,,C22 H54 Fe1 N2 P4,0.0,CCP1(CC)CN(C)CP(CC)(CC)->[FeH+]<-123<-[CH-](N(C)CP->2(CC)CC)P->3(CC)CC,CCP1(CC)CN(C)CP(CC)(CC)->[FeH+]<-123<-[CH-](N(C)CP->2(CC)CC)P->3(CC)CC,CCP1(CC)CN(C)CP(CC)(CC)->[FeH+]<-123<-[CH-](N(C)CP->2(CC)CC)P->3(CC)CC
MIBDUY,,C32 H40 Br4 P2 Pt1,0.0,CCP(CC)(CC)->[Pt+4](<-[Br-])(<-[Br-])(<-[Br-])(<-[c-]1ccc2c3ccc(Br)c4cccc(c5cccc1c52)c43)<-P(CC)(CC)CC,CCP(CC)(CC)->[Pt+4](<-[Br-])(<-[Br-])(<-[Br-])(<-[c-]1ccc2c3ccc(Br)c4cccc(c5cccc1c52)c43)<-P(CC)(CC)CC,CCP(CC)(CC)->[Pt+4](<-[Br-])(<-[Br-])(<-[Br-])(<-[c-]1ccc2c3ccc(Br)c4cccc(c5cccc1c52)c43)<-P(CC)(CC)CC
MIBZIJ,,C14 H11 N3 O3 Ru1 S1,0.0,fail,Cc1cccc2N[C-](=O)->[Ru+2]3(<-[C-]#[O+])(<-[C-]#[O+])(<-S=c4cccc[n-]->34)<-n12,Cc1cccc2N[C-](=O)->[Ru+2]3(<-[C-]#[O+])(<-[C-]#[O+])(<-S=c4cccc[n-]->34)<-n12
MICTUP,C[C+]1[CH-][CH+][CH+][C-]2[CH2-]->[Ni@TB3+2]3(<-[N-](c4ccccc4[C-]4OC[C@@H](CC(C)C)[N-]->34)[C+]12)<-P(c1ccccc1)(c1ccccc1)c1ccccc1,C39 H39 N2 Ni1 O1 P1,0.0,Cc1cccc2[CH2-]->[Ni+2]3(<-N4=C(c5ccccc5[N-]->3c12)OCC4CC(C)C)<-P(c1ccccc1)(c1ccccc1)c1ccccc1,Cc1cccc2[CH2-]->[Ni+2]3(<-N(=C4C=CC=CC4=C4OCC(CC(C)C)[N-]->34)c12)<-P(c1ccccc1)(c1ccccc1)c1ccccc1,Cc1cccc2[CH2-]->[Ni+2]3(<-N(=C4C=CC=CC4=C4OCC(CC(C)C)[N-]->34)c12)<-P(c1ccccc1)(c1ccccc1)c1ccccc1
MIDNAO,CCN1(CC)CC/N2=C(C)/C=C(/C)[N-]3CCN(CC)(CC)->[Sc+3]<-2<-3<-1(<-[Cl-])<-[Cl-],C17 H35 Cl2 N4 Sc1,0.0,CCN1(CC)CCN2=C(C)C=C(C)[N-]3CCN(CC)(CC)->[Sc+3]<-2<-3<-1(<-[Cl-])<-[Cl-],CCN1(CC)CCN2=C(C)C=C(C)[N-]3CCN(CC)(CC)->[Sc+3]<-2<-3<-1(<-[Cl-])<-[Cl-],CCN1(CC)CCN2=C(C)C=C(C)[N-]3CCN(CC)(CC)->[Sc+3]<-2<-3<-1(<-[Cl-])<-[Cl-]
MIFRAV,S=c1sc2[S-]->[Zn+2]34(<-[S-]c2s1)(<-n1cccc2ccc5cccn->3c5c21)<-n1cccc2ccc3cccn->4c3c21,C27 H16 N4 S5 Zn1,0.0,S=c1sc2[S-]->[Zn+2]34(<-[S-]c2s1)(<-n1cccc2ccc5cccn->3c5c21)<-n1cccc2ccc3cccn->4c3c21,S=C1SC2=S->[Zn]34(<-S=C2S1)(<-n1cccc2ccc5cccn->3c5c21)<-n1cccc2ccc3cccn->4c3c21,S=C1SC2=S->[Zn]34(<-S=C2S1)(<-n1cccc2ccc5cccn->3c5c21)<-n1cccc2ccc3cccn->4c3c21
MIGHAN,[Cl-]->[Hg+2]123<-N4CCN->1(Cc1c5ccccc5cc5ccccc15)CCN->2CCN->3(Cc1c2ccccc2cc2ccccc12)CC4,C38 H40 Cl1 Hg1 N4 1+,1.0,[Cl-]->[Hg+2]123<-N4CCN->1(Cc1c5ccccc5cc5ccccc15)CCN->2CCN->3(Cc1c2ccccc2cc2ccccc12)CC4,[Cl-]->[Hg+2]1<-N2CCN(Cc3c4ccccc4cc4ccccc34)CCN->1CCN(Cc1c3ccccc3cc3ccccc13)CC2,[Cl-]->[Hg+2]1<-N2CCN(Cc3c4ccccc4cc4ccccc34)CCN->1CCN(Cc1c3ccccc3cc3ccccc13)CC2
MIHJAQ,Cc1cccc(C)c1[N-]1C(=O)c2cccc3C(=O)[N-](c4c(C)cccc4C)->[Ni@TB14+2]<-1(<-[CH2-]C#N)<-n23,C25 H23 N4 Ni1 O2 1-,-1.0,Cc1cccc(C)c1[N-]1C(=O)c2cccc3C(=O)[N-](c4c(C)cccc4C)->[Ni+2]<-1(<-[CH2-]C#N)<-n23,Cc1cccc(C)c1[N-]1C(=O)c2cccc3C(=O)[N-](c4c(C)cccc4C)->[Ni+2]<-1(<-[CH2-]C#N)<-n23,Cc1cccc(C)c1[N-]1C(=O)c2cccc3C(=O)[N-](c4c(C)cccc4C)->[Ni+2]<-14(<-[CH2-]C->4#N)<-n23
MIKDIW,C=Cc1ccc(C/C2C(C)=O->[Pt@+2]3(<-[O-]\C=2C)<-[c-]2ccccc2-c2c4ccccc4ccn->32)cc1,C29 H25 N1 O2 Pt1,0.0,fail,C=Cc1ccc(CC2C(C)=O->[Pt+2]3(<-[O-]C=2C)<-[c-]2ccccc2-c2c4ccccc4ccn->32)cc1,C=Cc1ccc(CC2C(C)=O->[Pt+2]3(<-[O-]C=2C)<-[c-]2ccccc2-c2c4ccccc4ccn->32)cc1
MIKROO,N#[C-]->[Co+3]1234<-S=C5C=CC=C/C5=C/[N-]->1CCS->2CC[N-]->3/C=C1/C=CC=CC1=S->4,C19 H18 Co1 N3 S3,0.0,fail,N#[C-]->[Co+3]1234<-S=C5C=CC=CC5=C[N-]->1CCS->2CC[N-]->3C=C1C=CC=CC1=S->4,N#[C-]->[Co+3]1234<-S=C5C=CC=CC5=C[N-]->1CCS->2CC[N-]->3C=C1C=CC=CC1=S->4
MILCOB,[O+]#[C-]->[Ru+2]12(<-[Cl-])(<-[C-]#[O+])<-N3=C4C=C/C3=C(\c3ccccc3)C3=N->1/C(=C(/c1ccccc1)c1cc5c(-c6ccccc6)c6cc/c(n6c5[n-]->21)=C/4c1ccccc1)C=C3,C46 H27 Cl1 N4 O2 Ru1,0.0,[O+]#[C-]->[Ru+2]12(<-[Cl-])(<-[C-]#[O+])<-N3=C4C=CC3=C(c3ccccc3)c3ccc([n-]->13)C(c1ccccc1)=C1C=c3c(-c5ccccc5)c5ccc(n5c3=N->21)=C4c1ccccc1,[O+]#[C-]->[Ru+4]12(<-[Cl-])(<-[C-]#[O+])<-[n-]3c4ccc3c(-c3ccccc3)c3ccc(c(-c5ccccc5)c5cc6c(-c7ccccc7)c7ccc(c4-c4ccccc4)n7c6[n-]->15)[n-]->23,[O+]#[C-]->[Ru+4]12(<-[Cl-])(<-[C-]#[O+])<-[n-]3c4ccc3c(-c3ccccc3)c3ccc(c(-c5ccccc5)c5cc6c(-c7ccccc7)c7ccc(c4-c4ccccc4)n7c6[n-]->15)[n-]->23
MILWEJ,,C12 H28 La1 N7 O11,0.0,O=[N+]1[O-]->[La+3]2345678(<-[O-]1)(<-[O-][N+](=O)[O-]->2)(<-[O-][N+](=O)[O-]->3)<-N1CCN->4CCO->5CCN->6CCN->7CCO->8CC1,ON12->[La]3456789%10%11(<-N%12CCN->3CCO->4CCN->5CCN->6CCO->7CC%12)(<-N(O)(O8)O9)(<-N(O)(O%10)O%11)(O1)O2,ON12->[La]3456789%10%11(<-N%12CCN->3CCO->4CCN->5CCN->6CCO->7CC%12)(<-N(O)(O8)O9)(<-N(O)(O%10)O%11)(O1)O2
MIMLAX,[O-]S12O[C@H]3C=Cc4c5c(c6cccn7->[Zn@OH24+2]8(<-[O-]1)(<-[O-]2)(<-N3=c4c67)<-n1cccc2c3nc(-c4c(F)cccc4Cl)[nH]c3c3cccn->8c3c21)=NC(c1c(F)cccc1Cl)=[NH+]5,C38 H20 Cl2 F2 N8 O4 S1 Zn1,0.0,O=S(=O)([O-])[O-]->[Zn+2]12(<-n3cccc4c5nc(-c6c(F)cccc6Cl)[nH]c5c5cccn->1c5c43)<-n1cccc3c4nc(-c5c(F)cccc5Cl)[nH]c4c4cccn->2c4c31,O=S(=O)([O-])[O-]->[Zn+2]12(<-n3cccc4c5nc(-c6c(F)cccc6Cl)[nH]c5c5cccn->1c5c43)<-n1cccc3c4nc(-c5c(F)cccc5Cl)[nH]c4c4cccn->2c4c31,O=S12OC3C=Cc4c5c(c6cccn7->[Zn]8(<-O=1)(<-[O-]2)(<-N3=c4c67)<-n1cccc2c3nc(-c4c(F)cccc4Cl)[nH]c3c3cccn->8c3c21)=[N+]=C(c1c(F)cccc1Cl)N5
MINGEY,,C13 H21 Ir1 O1 P2,0.0,CP1(C)Cc2cccc3CP(C)(C)->[IrH2+]<-1(<-[C-]#[O+])<-[c-]23,CP1(C)Cc2cccc3CP(C)(C)->[IrH2+]<-1(<-[C-]#[O+])<-[c-]23,CP1(C)Cc2cccc3CP(C)(C)->[IrH2+]<-1(<-[C-]#[O+])<-[c-]23
MINYAL,COc1ccc(-c2nn[nH][c-]2->[Au+]<-[P@TB5](c2ccccc2)(c2ccccc2)c2ccccc2)cc1,C27 H23 Au1 N3 O1 P1,0.0,COc1ccc(-c2nn[nH][c]2->[Au]<-P(c2ccccc2)(c2ccccc2)c2ccccc2)cc1,COc1ccc(-c2nn[nH][c-]2->[Au+]<-P(c2ccccc2)(c2ccccc2)c2ccccc2)cc1,COc1ccc(-c2nn[nH][c-]2->[Au+]<-P(c2ccccc2)(c2ccccc2)c2ccccc2)cc1
MIPYOA,,C32 H38 Cr1 O5,0.0,fail,CCC12C(=O)[c-]34->[Cr+2]56789(<-[C-]#[O+])(<-[C-]#[O+])(<-C(CC)(=C->5(CC)[C-]->61CC)C2=O)<-c(CC)(c->7(CC)c->83-c1ccccc1)c->94OC,CCC12C(=O)[c-]34->[Cr+2]56789(<-[C-]#[O+])(<-[C-]#[O+])(<-C(CC)(=C->5(CC)[C-]->61CC)C2=O)<-c(CC)(c->7(CC)c->83-c1ccccc1)c->94OC
MIRDUN,,C14 H26 Co1 N8 O4 S2 1+,1.0,NC(N)=S->[Co+]12(<-S=C(N)N)(<-N([O])=C3CCCCC3=N->1O)<-N([O])=C1CCCCC1=N->2O,NC(N)=S->[Co+]12(<-S=C(N)N)(<-N(=O)C3=C(N->1=O)CCCC3)<-N(=O)C1=C(N->2=O)CCCC1,NC(N)=S->[Co+3]123(<-S=C(N)N)<-N(=O)C4=C([N-]->1OO[N-]->2C1=C(N->3=O)CCCC1)CCCC4
MIRQOT,O=[N+]1[O-]->[Zn+2]2(<-O)(<-[O-]1)(<-n1cc[nH]c1)<-n1ccccc1-c1ccccn->21,C13 H14 N5 O4 Zn1 1+,1.0,O=[N+]1[O-]->[Zn+2]2(<-O)(<-[O-]1)(<-n1cc[nH]c1)<-n1ccccc1-c1ccccn->21,O=[N+]1[O-]->[Zn+2]2(<-O)(<-[O-]1)(<-n1cc[nH]c1)<-n1ccccc1-c1ccccn->21,O=[N+]12[O-]->[Zn+2]<-13(<-O)(<-[O-]2)(<-n1cc[nH]c1)<-n1ccccc1-c1ccccn->31
MISQEM,CS1CCCS(C)->[Fe+2]<-12(<-[C-]#[O+])(<-[C-]#[O+])<-[Si-](C)(C)c1ccccc1[Si-]->2(C)C,C17 H28 Fe1 O2 S2 Si2,0.0,CS1CCCS(C)->[Fe+2]<-12(<-[C-]#[O+])(<-[C-]#[O+])<-[Si-](C)(C)c1ccccc1[Si-]->2(C)C,CS1CCCS(C)->[Fe]<-12(<-[C-]#[O+])(<-[C-]#[O+])<-[Si](C)(C)=c1ccccc1=[Si]->2(C)C,CS1CCCS(C)->[Fe]<-12(<-[C-]#[O+])(<-[C-]#[O+])<-[Si](C)(C)=c1ccccc1=[Si]->2(C)C
MITGON,[O+]#[C-]->[Cr+2]12345(<-[C-]#[O+])(<-[C-]#[O+])<-[CH+]6[CH-]->1[CH-]->2B->31CCCCN->41[CH-]->56,C11 H12 B1 Cr1 N1 O3,0.0,fail,[O+]#[C-]->[Cr]12345(<-[C-]#[O+])(<-[C-]#[O+])<-C6=C->1B->21CCCCN->31C->4=C->56,[O+]#[C-]->[Cr]12345(<-[C-]#[O+])(<-[C-]#[O+])<-C6=C->1B->21CCCCN->31C->4=C->56
MITRAI,,C42 H34 B1 Cl1 I1 N1 O2 Os1 P2,0.0,[O+]#[C-]->[Os+2]1(<-[I-])(<-[BH2-](Cl)Oc2ccccn->12)(<-P(c1ccccc1)(c1ccccc1)c1ccccc1)<-P(c1ccccc1)(c1ccccc1)c1ccccc1,[O+]#[C-]->[Os]1(<-[I-])(<-B(Cl)=[O+]c2ccccn->12)(<-P(c1ccccc1)(c1ccccc1)c1ccccc1)<-P(c1ccccc1)(c1ccccc1)c1ccccc1,[O+]#[C-]->[Os]1(<-[I-])(<-B(Cl)=[O+]c2ccccn->12)(<-P(c1ccccc1)(c1ccccc1)c1ccccc1)<-P(c1ccccc1)(c1ccccc1)c1ccccc1
MIVJOR,Cc1ccc(C(C)C)c2->[Ru+2]3456(<-O=[S@TB16]->3(=O)([O-]->4)[O-]->5)(<-c12)<-n1c(N)cccc1-c1cccc(N)n->61,C20 H24 N4 O4 Ru1 S1,0.0,CC(C)c12->[Ru+2]34567(<-[O-]S(=O)(=O)[O-])(<-c(c->31)c->4(C)c->5c->62)<-n1c(N)cccc1-c1cccc(N)n->71,CC(C)c12->[Ru+2]34567(<-[O-]S(=O)(=O)[O-])(<-c(c->31)c->4(C)c->5c->62)<-n1c(N)cccc1-c1cccc(N)n->71,Cc1ccc2(C(C)C)->[Ru+2]3456(<-O=S->3(=O)([O-]->4)[O-]->5)(<-c2c1)<-n1c(N)cccc1-c1cccc(N)n->61
MIVTAO,,C15 H16 N4 O3 Pt1,0.0,CC1=CC(C)=N->[Pt+2]2(<-[O-]1)<-[C]1N(C)C=CN1c1ccc([N+](=O)[O-])c[c-]->21,CC1=CC(C)=N->[Pt+2]2(<-[O-]1)<-[C]1N(C)C=CN1c1ccc([N+](=O)[O-])c[c-]->21,CC1=CC(C)=N->[Pt+2]2(<-[O-]1)<-[C]1N(C)C=CN1c1ccc([N+](=O)[O-])c[c-]->21
MIWSOC,Nc1ccc(C2=O->[Zn+2]3(<-O=C([O-]->3)c3ccc(N)c(O)c3)(<-[O-]2)(<-n2ccccc2)<-n2ccccc2)cc1O,C24 H22 N4 O6 Zn1,0.0,Nc1ccc(C(=O)[O-]->[Zn+2](<-[O-]C(=O)c2ccc(N)c(O)c2)(<-n2ccccc2)<-n2ccccc2)cc1O,Nc1ccc(C(=O)[O-]->[Zn+2](<-[O-]C(=O)c2ccc(N)c(O)c2)(<-n2ccccc2)<-n2ccccc2)cc1O,Nc1ccc(C23=O->[Zn+2]<-245(<-O=C->4([O-]->5)c2ccc(N)c(O)c2)(<-[O-]3)(<-n2ccccc2)<-n2ccccc2)cc1O
MIXQIV,CNC1/N=N2/c3c([O-]->[Ni@OH26+2]<-24(<-S=1)<-[S-]/C(=N\N->4=C1\C(=O)c2ccccc2-c2ccccc21)NC)c1ccccc1c1ccccc31,C32 H24 N6 Ni1 O2 S2,0.0,CNC1=N[N-]2c3c([O-]->[Ni+6]<-245(<-[O-]c2c([N-]->4N=C(NC)[S-]->5)c4ccccc4c4ccccc24)<-[S-]1)c1ccccc1c1ccccc31,CNC1=N[N-]2c3c([O-]->[Ni+6]<-245(<-[O-]c2c([N-]->4N=C(NC)[S-]->5)c4ccccc4c4ccccc24)<-[S-]1)c1ccccc1c1ccccc31,CNC1=N[N-]2c3c([O-]->[Ni+6]<-245(<-[O-]c2c([N-]->4N=C(NC)[S-]->5)c4ccccc4c4ccccc24)<-[S-]1)c1ccccc1c1ccccc31
MIYJAG,NC1N=N2/C(=C3/C=CC=C[N-]3->[Co+3]<-234(<-S=1)<-S=C(N)N=N->3/C(=C1/C=CC=C[N-]->41)c1ccccc1)c1ccccc1,C26 H22 Co1 N8 S2 1+,1.0,NC1=NN2=C(c3ccccc3)c3ccccn3->[Co+3]<-234(<-[S-]1)<-[S-]C(N)=NN->3=C(c1ccccc1)c1ccccn->41,NC1N=N2C(=C3C=CC=C[N-]3->[Co+3]<-234(<-S=1)<-S=C(N)N=N->3C(=C1C=CC=C[N-]->41)c1ccccc1)c1ccccc1,NC1N=N2C(=C3C=CC=C[N-]3->[Co+3]<-234(<-S=1)<-S=C(N)N=N->3C(=C1C=CC=C[N-]->41)c1ccccc1)c1ccccc1
MIYXEX,,C18 H9 Mn1 O5,0.0,[O+]#[C-]->[Mn+](<-[C-]#[O+])(<-[C-]#[O+])(<-[C-]#[O+])(<-[C-]#[O+])<-[cH-]1c2ccccc2c2ccccc21,[O+]#[C-]->[Mn+](<-[C-]#[O+])(<-[C-]#[O+])(<-[C-]#[O+])(<-[C-]#[O+])<-[cH-]1c2ccccc2c2ccccc21,[O+]#[C-]->[Mn+](<-[C-]#[O+])(<-[C-]#[O+])(<-[C-]#[O+])(<-[C-]#[O+])<-[cH-]1c2ccccc2c2ccccc21
MIZWEA,,C33 H25 N6 Ru1 1+,1.0,C1=CC2=CN3c4cccc[c-]4->[Ru+2]45(<-[C]3N2C=C1)(<-n1ccccc1-c1ccccn->41)<-n1ccccc1-c1ccccn->51,C1=CC2=CN3c4cccc[c-]4->[Ru+2]45(<-[C]3N2C=C1)(<-n1ccccc1-c1ccccn->41)<-n1ccccc1-c1ccccn->51,C1=CC2=CN3c4cccc[c-]4->[Ru+2]45(<-[C]3N2C=C1)(<-n1ccccc1-c1ccccn->41)<-n1ccccc1-c1ccccn->51
MOCKUK,Cc1ccc2ccc3ccc(C)n4->[Pt@OH30+2](<-[CH3-])(<-n1c2c34)<-P(c1ccccc1)(c1ccccc1)c1ccccc1,C33 H30 N2 P1 Pt1 1+,1.0,Cc1ccc2ccc3ccc(C)n4->[Pt+2](<-[CH3-])(<-n1c2c34)<-P(c1ccccc1)(c1ccccc1)c1ccccc1,Cc1ccc2ccc3ccc(C)n4->[Pt+2](<-[CH3-])(<-n1c2c34)<-P(c1ccccc1)(c1ccccc1)c1ccccc1,Cc1ccc2ccc3ccc(C)n4->[Pt+2](<-[CH3-])(<-n1c2c34)<-P(c1ccccc1)(c1ccccc1)c1ccccc1
MODKAS,,C7 H5 Cl1 Hg1 N1 O6 1-,-1.0,O=C1[O-]->[Hg+2]2(<-O)(<-[Cl-])<-[O-]C(=O)c3cc(O)cc1n->23,O.O=C([O-])c1cc(O)cc(C(=O)[O-])n1->[Hg+2]<-[Cl-],O.O=C1[O-]->[Hg+2]2(<-[Cl-])<-[O-]C(=O)c3cc(O)cc1n->23
MODVUZ,,C11 H14 Br1 N2 O3 P1 Ru1,0.0,CP(C)(C)->[Ru+]1(<-[Br-])(<-[C-]#[O+])(<-[C-]#[O+])<-[C](=O)Nc2ccccn->12,CP(C)(C)->[Ru+2]1(<-[Br-])(<-[C-]#[O+])(<-[C-]#[O+])<-[C-](=O)Nc2ccccn->12,CP(C)(C)->[Ru+2]1(<-[Br-])(<-[C-]#[O+])(<-[C-]#[O+])<-[C-](=O)Nc2ccccn->12
MOGNOM,CC(C)c1cccc(C(C)C)c1/N1=C/c2ccccc2[N-]2c3ccccc3S(c3ccccc3)->[Ni@OH23+2]<-1<-2<-[Br-],C31 H31 Br1 N2 Ni1 S1,0.0,CC(C)c1cccc(C(C)C)c1N1=Cc2ccccc2[N-]2c3ccccc3S(c3ccccc3)->[Ni+2]<-1<-2<-[Br-],CC(C)c1cccc(C(C)C)c1[N-]1C=C2C=CC=CC2=N2c3ccccc3S(c3ccccc3)->[Ni+2]<-2<-1<-[Br-],CC(C)c1cccc(C(C)C)c1[N-]1C=C2C=CC=CC2=N2c3ccccc3S(c3ccccc3)->[Ni+2]<-2<-1<-[Br-]
MOHWEN,,C19 H28 Cl1 Ir1 N1 O2 P1,0.0,CC(C)(C)P1(Oc2cccc3-c4ccccn4->[IrH+2]<-1(<-O)(<-[Cl-])<-[c-]23)C(C)(C)C,CC(C)(C)P1(Oc2cccc3-c4ccccn4->[IrH+2]<-1(<-O)(<-[Cl-])<-[c-]23)C(C)(C)C,CC(C)(C)P1(Oc2cccc3-c4ccccn4->[IrH+2]<-1(<-O)(<-[Cl-])<-[c-]23)C(C)(C)C
MOKCOF,,C20 H39 N3 Rh1 1+,1.0,CC(C)N12->[Rh+]3456(<-C7=C->3CCC->4=C->5CC7)<-N(CC1)CCN->6(C(C)C)CC2,CC(C)N12->[Rh+]3456(<-C7=C->3CCC->4=C->5CC7)<-N(CC1)CCN->6(C(C)C)CC2,CC(C)N1CCN2->[Rh+]345(<-C6=C->3CCC->4=C->5CC6)<-N(C(C)C)(CC1)CC2
MOMFID,,C36 H36 N2 W1,0.0,Cc1cc(C)c([N-2]->[W+6]23(<-[N-2]c4c(C)cc(C)cc4C)(<-c4c5ccccc5[cH-]->2c->34)<-[cH-]2ccc3ccccc32)c(C)c1,Cc1cc(C)c([N-2]->[W+6]2345(<-[N-2]c6c(C)cc(C)cc6C)(<-c6[cH-]->2c->3c->42ccccc->562)<-[cH-]2ccc3ccccc32)c(C)c1,Cc1cc(C)c([N-2]->[W+6]2345(<-[N-2]c6c(C)cc(C)cc6C)(<-c6[cH-]->2c->3c->42ccccc->562)<-[cH-]2ccc3ccccc32)c(C)c1
MOMZOD,,C25 H39 N3 O1 Rh1 1+,1.0,CC#CCCCN12->[Rh+]34567<-C8(C)=C->39CCCN->4(CC1)CCN->5(CCCC->6(=C->79C)C8=O)CC2,CC#CCCCN12->[Rh+]345678<-C9(=O)C->3(C)=C->43CCCN->5(CC1)CCN->6(CCCC->79=C->83C)CC2,CC#CCCCN12->[Rh+]345678<-C9(=O)C->3(C)=C->43CCCN->5(CC1)CCN->6(CCCC->79=C->83C)CC2
MONSUF,Cc1cc(C)n2->[Fe+2]34(<-[Cl-])(<-[Cl-])<-n5cccc6ccc7ccc(-n12)n->3c->47c65,C17 H14 Cl2 Fe1 N4,0.0,Cc1cc(C)n2->[Fe+2]3(<-[Cl-])(<-[Cl-])<-n4cccc5ccc6ccc(-n12)n->3c6c54,Cc1cc(C)n2->[Fe+2]3(<-[Cl-])(<-[Cl-])<-n4cccc5ccc6ccc(-n12)n->3c6c54,Cc1cc(C)n2->[Fe+2]3(<-[Cl-])(<-[Cl-])<-n4cccc5ccc6ccc(-n12)n->3c6c54
MOPSUF,,C10 H17 B1 Mn1 N1 O2,0.0,C[N+](C)(C)[BH2-][H]->[Mn+]1234(<-[C-]#[O+])(<-[C-]#[O+])<-c5c->1c->2[cH-]->3c->45,B[N+](C)(C)C.[O+]#[C-]->[MnH]1234(<-[C-]#[O+])<-c5c->1c->2[cH-]->3c->45,[BH3-][N+](C)(C)C.[O+]#[C-]->[Mn+]1234(<-[C-]#[O+])<-c5c->1c->2[cH-]->3c->45
MOPYOH,,C13 H14 N3 O3 Re1,0.0,CN1CCN(C)C1=Nc12->[Re+]345(<-[C-]#[O+])(<-[C-]#[O+])(<-[C-]#[O+])<-c(c->3[cH-]->41)c->52,CN1CCN(C)C1=Nc12->[Re+]345(<-[C-]#[O+])(<-[C-]#[O+])(<-[C-]#[O+])<-c(c->31)[cH-]->4c->52,CN1CCN(C)C1=Nc12->[Re+]345(<-[C-]#[O+])(<-[C-]#[O+])(<-[C-]#[O+])<-c(c->31)[cH-]->4c->52
MOQSES,,C22 H33 P1 Zr1,0.0,fail,CC1(C)C2CC1C13C4=C5[CH2-]->[Zr+2]<-5<-4<-16789%10%11(<-C1=C->6C->7=C->8[CH-]->9C->%10=C->%111)(<-C=3C2)<-P(C)(C)C,CC1(C)C2CC1C13C4=C5[CH2-]->[Zr+2]<-5<-4<-16789%10%11(<-C1=C->6C->7=C->8[CH-]->9C->%10=C->%111)(<-C=3C2)<-P(C)(C)C
MORSOB,CCN(CC)[C](c1ccccc1)->[Pd@+2](<-[Br-])(<-[c-]1c(F)c(F)c(F)c(F)c1F)<-P(C)(C)C,C20 H24 Br1 F5 N1 P1 Pd1,0.0,CCN(CC)[C](c1ccccc1)->[Pd+2](<-[Br-])(<-[c-]1c(F)c(F)c(F)c(F)c1F)<-P(C)(C)C,CCN(CC)[C](c1ccccc1)->[Pd+2](<-[Br-])(<-[c-]1c(F)c(F)c(F)c(F)c1F)<-P(C)(C)C,CCN(CC)[C](c1ccccc1)->[Pd+2](<-[Br-])(<-[c-]1c(F)c(F)c(F)c(F)c1F)<-P(C)(C)C
MOSQOA,,C41 H37 N1 P2 Ru1,0.0,CC(c1ccccc1)N1P(c2ccccc2)(c2ccccc2)->[RuH+]2345(<-c6[cH-]->2c->3c->42ccccc->562)<-P1(c1ccccc1)c1ccccc1,CC(c1ccccc1)N1P2(c3ccccc3)(c3ccccc3)->[RuH+]3456(<-c7c->3c->43cccc[c-]->53c->67)<-P=21(c1ccccc1)c1ccccc1,CC(c1ccccc1)N1P(c2ccccc2)(c2ccccc2)->[RuH+]2345(<-c6c->2c->32cccc[c-]->42c->56)<-P1(c1ccccc1)c1ccccc1
MOTWOI,CC(C)c1cccc(C(C)C)c1/N1=C2/C(C)(C)N3(->[Ni+2]<-2<-1(<-[Br-])<-[Br-])CCCC3,C20 H32 Br2 N2 Ni1,0.0,CC(C)c1cccc(C(C)C)c1N1=CC(C)(C)N2(->[Ni+2]<-1(<-[Br-])<-[Br-])CCCC2,CC(C)c1cccc(C(C)C)c1N1=CC(C)(C)N2(->[Ni+2]<-1(<-[Br-])<-[Br-])CCCC2,CC(C)c1cccc(C(C)C)c1N1=CC(C)(C)N2(->[Ni+2]<-1(<-[Br-])<-[Br-])CCCC2
MOVXAW,CP(C1=CC(=P(c2ccccc2)(c2ccccc2)c2ccccc2)C=C1)->[W](<-[C-]#[O+])(<-[C-]#[O+])(<-[C-]#[O+])(<-[C-]#[O+])<-[C-]#[O+],C29 H22 O5 P2 W1,0.0,CP(C1=CC(=P(c2ccccc2)(c2ccccc2)c2ccccc2)C=C1)->[W](<-[C-]#[O+])(<-[C-]#[O+])(<-[C-]#[O+])(<-[C-]#[O+])<-[C-]#[O+],CP(C1=CC(=P(c2ccccc2)(c2ccccc2)c2ccccc2)C=C1)->[W](<-[C-]#[O+])(<-[C-]#[O+])(<-[C-]#[O+])(<-[C-]#[O+])<-[C-]#[O+],CP(C1=CC(=P(c2ccccc2)(c2ccccc2)c2ccccc2)C=C1)->[W](<-[C-]#[O+])(<-[C-]#[O+])(<-[C-]#[O+])(<-[C-]#[O+])<-[C-]#[O+]
MOWHEN,CC(C)N(C1=C(->[Au+]<-[Cl-])=C1N(C(C)C)C(C)C)C(C)C,C15 H28 Au1 Cl1 N2,0.0,CC(C)N(C1=C(N(C(C)C)C(C)C)[C-]1->[Au+2]<-[Cl-])C(C)C,CC(C)N(C1=C(->[Au+]<-[Cl-])=C1N(C(C)C)C(C)C)C(C)C,CC(C)N(C1=C(->[Au+]<-[Cl-])=C1N(C(C)C)C(C)C)C(C)C
MOWVAW,Cc1cc(C)c(-[n+]2ccn3-c4c(C)cc(C)cc4[CH2-]->[Fe+2]4567(<-[C-]#[O+])(<-[c-]32)<-c2(C)c->4(C)c->5(C)[c-]->6(C)c->72C)c(C)c1,C32 H38 Fe1 N2 O1,0.0,Cc1cc(C)c(N2C=CN3c4c(C)cc(C)cc4[CH2-]->[Fe+2]4567(<-[C-]#[O+])(<-[C]23)<-c2(C)c->4(C)c->5(C)[c-]->6(C)c->72C)c(C)c1,CC1=CC2=C->[Fe+2]3456(<-[C-]#[O+])(<-[CH-]7N(c8c(C)cc(C)cc8C)C=C[N+]7=C2C(C)=C1)<-c1(C)c->3(C)c->4(C)[c-]->5(C)c->61C,CC1=CC2=C->[Fe+2]3456(<-[C-]#[O+])(<-[CH-]7N(c8c(C)cc(C)cc8C)C=C[N+]7=C2C(C)=C1)<-c1(C)c->3(C)c->4(C)[c-]->5(C)c->61C
MOXRIB,CC(C)P1(CCN23CCP(C(C)C)(C(C)C)->[Co@TB12+]<-2<-1(<-[C-]#[O+])<-[N-](C(C)(C)C)[Si]3(C)C)C(C)C,C23 H51 Co1 N2 O1 P2 Si1,0.0,CC(C)P1(CCN2CCP(C(C)C)(C(C)C)->[Co+]<-1(<-[C-]#[O+])<-[N-](C(C)(C)C)[Si]2(C)C)C(C)C,CC(C)P1(CCN2CCP(C(C)C)(C(C)C)->[Co+]<-1(<-[C-]#[O+])<-[N-](C(C)(C)C)[Si]2(C)C)C(C)C,CC(C)P1(CCN23CCP(C(C)C)(C(C)C)->[Co+]<-2<-1(<-[C-]#[O+])<-[N-](C(C)(C)C)[Si]3(C)C)C(C)C
MOYVOL,Cc1cccc([S-]->[Fe+2]2345<-C6CN->2(Cc2ccccn->32)CCCN->4(Cc2ccccn->52)C6)c1,C25 H31 Fe1 N4 S1 1+,1.0,Cc1cccc([S-]->[Fe+2]234<-n5ccccc5CN->25CCCN->3(Cc2ccccn->42)CCC5)c1,Cc1cccc([S-]->[Fe+2]234<-n5ccccc5CN->25CCCN->3(Cc2ccccn->42)CCC5)c1,Cc1cccc([S-]->[Fe+2]234<-n5ccccc5CN->25CCCN->3(Cc2ccccn->42)CCC5)c1
MOZXEG,,C35 H22 F2 N3 Pt1 1+,1.0,Fc1ccc(N2=C3C(=N(c4ccc(F)cc4)->[Pt+2]<-24<-[c-]2ccccc2-c2ccccn->42)c2cccc4cccc3c24)cc1,Fc1ccc(N2=C3C(=N(c4ccc(F)cc4)->[Pt+2]<-24<-[c-]2ccccc2-c2ccccn->42)c2cccc4cccc3c24)cc1,Fc1ccc([N-]2C3=C([N-](c4ccc(F)cc4)->[Pt+4]<-24<-[c-]2ccccc2-c2ccccn->42)c2cccc4cccc3c24)cc1
MUBQUX,,C19 H22 Br1 N3 Pd1,0.0,CCCCN1C=CN(C)[C]1->[Pd+2]1(<-[Br-])<-[c-]2ccccc2-c2ccccn->12,CCCCN1C=CN(C)[C]1->[Pd+2]1(<-[Br-])<-[c-]2ccccc2-c2ccccn->12,CCCCN1C=CN(C)[C]1->[Pd+2]1(<-[Br-])<-[c-]2ccccc2-c2ccccn->12
MUCKAW,Cn1ccn2[BH2-]n3ccn(C)c3=S->[Ni+2]3(<-S=c12)<-S=c1n(C)ccn1[BH2-]n1ccn(C)c1=S->3,C16 H24 B2 N8 Ni1 S4,0.0,Cn1ccn2[BH-]3[H]->[Ni+2]45(<-[H][BH-](n6ccn(C)c6=S->4)n4ccn(C)c4=S->5)(<-S=c12)<-S=c1n(C)ccn13,Cn1ccn2[BH2-]n3ccn(C)c3=S->[Ni+2]3(<-S=c12)<-S=c1n(C)ccn1[BH2-]n1ccn(C)c1=S->3,Cn1ccn2[BH2-]n3ccn(C)c3=S->[Ni+2]3(<-S=c12)<-S=c1n(C)ccn1[BH2-]n1ccn(C)c1=S->3
MUDMAA,C1=C/C2=C3\C=CC=C[N-]3->[Zn+2]3(<-N2=C1)<-N1=CC=C/C1=C1\C=CC=C[N-]->31,C18 H14 N4 Zn1,0.0,c1ccn2->[Zn+2]3(<-n4ccccc4-c4ccc[n-]->34)<-[n-]3cccc3-c2c1,c1ccn2->[Zn+2]3(<-n4ccccc4-c4ccc[n-]->34)<-[n-]3cccc3-c2c1,c1ccn2->[Zn+2]3(<-n4ccccc4-c4ccc[n-]->34)<-[n-]3cccc3-c2c1
MUFKUU,CCN1(CC)C[C@H](Cc2ccccc2)N23Cc4cc(C)cc(C)c4[O-]->[Mo+6]<-1<-2(<-[O-2])(<-[O-2])<-[O-]c1c(C)cc(C)cc1C3,C31 H40 Mo1 N2 O4,0.0,CCN1(CC)CC(Cc2ccccc2)N23Cc4cc(C)cc(C)c4[O-]->[Mo+6]<-1<-2(<-[O-2])(<-[O-2])<-[O-]c1c(C)cc(C)cc1C3,CCN1(CC)CC(Cc2ccccc2)N23Cc4cc(C)cc(C)c4[O-]->[Mo+6]<-1<-2(<-[O-2])(<-[O-2])<-[O-]c1c(C)cc(C)cc1C3,CCN1(CC)CC(Cc2ccccc2)N23Cc4cc(C)cc(C)c4[O-]->[Mo+6]<-1<-2(<-[O-2])(<-[O-2])<-[O-]c1c(C)cc(C)cc1C3
MUHFOL,,C25 H19 Br1 N2 Pt1 S1,0.0,fail,[Br-]->[Pt+2]1(<-C2#Sc3ccccc3N2Cc2ccccc2)<-[c-]2ccccc2-c2ccccn->12,[Br-]->[Pt+2]1(<-C2#Sc3ccccc3N2Cc2ccccc2)<-[c-]2ccccc2-c2ccccn->12
MUJHOP,C[C@H](NC(=O)N12->[Zn+2]345(<-[O-][N+](=O)[O-]->3)<-N(CCN->4CC1)CCN->5CC2)c1ccccc1,C17 H29 N6 O4 Zn1 1+,1.0,CC(NC(=O)N12->[Zn+2]34(<-[O-][N+](=O)[O-])<-N(CCN->3CC1)CCN->4CC2)c1ccccc1,CC(NC(=O)N1CCN2->[Zn+2]3(<-[O-][N+](=O)[O-])<-N(CC1)CCN->3CC2)c1ccccc1,CC(NC(=O)N12->[Zn+2]345(<-[O-][N+](=O)[O-]->3)<-N(CCN->4CC1)CCN->5CC2)c1ccccc1
MUJRIS,ClC1=C(Cl)/C2=C(\c3ccccc3)C3=N4->[Ni@SP1]56<-N2=C1/C(c1ccccc1)=C1/C(Cl)=C(Cl)C(=N->51)/C(c1ccccc1)=C1/C(Cl)=C(Cl)C(=N->61)/C(c1ccccc1)=C\4C(Cl)=C3Cl,C44 H20 Cl8 N4 Ni1,0.0,ClC1=C(Cl)c2c(-c3ccccc3)c3c(Cl)c(Cl)c4c(-c5ccccc5)c5n6->[Ni+2]7(<-n2c1c(-c1ccccc1)c1c(Cl)c(Cl)c(c(-c2ccccc2)c6C(Cl)=C5Cl)[n-]->71)<-[n-]34,ClC1=C(Cl)c2c(-c3ccccc3)c3c(Cl)c(Cl)c4c(-c5ccccc5)c5n6->[Ni+2]7(<-n2c1c(-c1ccccc1)c1c(Cl)c(Cl)c(c(-c2ccccc2)c6C(Cl)=C5Cl)[n-]->71)<-[n-]34,ClC1=C(Cl)c2c(-c3ccccc3)c3c(Cl)c(Cl)c4c(-c5ccccc5)c5n6->[Ni+2]7(<-n2c1c(-c1ccccc1)c1c(Cl)c(Cl)c(c(-c2ccccc2)c6C(Cl)=C5Cl)[n-]->71)<-[n-]34
MULYIC,Cc1cccn(->[Zn@OH8+2]234<-n5c6nc7c8ccccc8c(nc8n->2c(nc2c9ccccc9c(nc5-c5ccccc5-6)[n-]->32)-c2ccccc2-8)[n-]->47)c1N,C38 H24 N10 Zn1,0.0,Cc1cccn(->[Zn+2]234<-n5c6nc7c8ccccc8c(nc8n->2c(nc2c9ccccc9c(nc5-c5ccccc5-6)[n-]->32)-c2ccccc2-8)[n-]->47)c1N,Cc1cccn(->[Zn+4]234<-[n-]5c6c7ccccc7c5N=c5c7ccccc7c([n-]->25)=Nc2c5ccccc5c([n-]->32)N=c2c3ccccc3c([n-]->42)=N6)c1N,
MUMPAL,CN(C)CN(C)(C)->[Ni+2](<-[Cl-])(<-[Cl-])<-[Cl-],C5 H14 Cl3 N2 Ni1 1-,-1.0,CN1(C)CN(C)(C)->[Ni+2]<-1(<-[Cl-])(<-[Cl-])<-[Cl-],CN1(C)CN(C)(C)->[Ni+2]<-1(<-[Cl-])(<-[Cl-])<-[Cl-],CN(C)CN(C)(C)->[Ni+2](<-[Cl-])(<-[Cl-])<-[Cl-]
MUPSUM,CS(C)(=O)->[Ru+2](<-[Cl-])(<-[Cl-])(<-n1ccccc1)(<-n1ccccc1)<-S(C)(C)=O,C14 H22 Cl2 N2 O2 Ru1 S2,0.0,CS(C)(=O)->[Ru+2](<-[Cl-])(<-[Cl-])(<-n1ccccc1)(<-n1ccccc1)<-S(C)(C)=O,CS(C)(=O)->[Ru+2](<-[Cl-])(<-[Cl-])(<-n1ccccc1)(<-n1ccccc1)<-S(C)(C)=O,CS(C)(=O)->[Ru+2](<-[Cl-])(<-[Cl-])(<-n1ccccc1)(<-n1ccccc1)<-S(C)(C)=O
MUQZUU,CNC1/N=N2/C(=C(/c3ccccc3)[N-]3/N=C(/NC)[S-]->[Pt@@+2]<-2<-3<-S=1)/c1ccccc1,C18 H18 N6 Pt1 S2,0.0,CNC1=NN2=C(C(c3ccccc3)=N3N=C(NC)[S-]->[Pt+2]<-2<-3<-[S-]1)c1ccccc1,CNC1=N[N-]2C(=C(c3ccccc3)N3=NC(NC)=S->[Pt+2]<-3<-2<-[S-]1)c1ccccc1,CNC1=N[N-]2C(=C(c3ccccc3)N3=NC(NC)=S->[Pt+2]<-3<-2<-[S-]1)c1ccccc1
MURTUP,CC(C)[O-]->[Ti+4](<-O=[S@@](=O)(N=[S@@](=O)([O-])C(F)(F)F)C(F)(F)F)(<-O=[S@@](=O)(N=[S@@](=O)([O-])C(F)(F)F)C(F)(F)F)(<-[O-]C(C)C)(<-OC(C)C)<-OC(C)C,C16 H30 F12 N2 O12 S4 Ti1,0.0,CC(C)[O-]->[Ti+4](<-O=S(=O)([N-]S(=O)(=O)C(F)(F)F)C(F)(F)F)(<-O=S(=O)([N-]S(=O)(=O)C(F)(F)F)C(F)(F)F)(<-[O-]C(C)C)(<-OC(C)C)<-OC(C)C,CC(C)[O-]->[Ti+4](<-O=S(=O)(N=S(=O)([O-])C(F)(F)F)C(F)(F)F)(<-O=S(=O)(N=S(=O)([O-])C(F)(F)F)C(F)(F)F)(<-[O-]C(C)C)(<-OC(C)C)<-OC(C)C,CC(C)[O-]->[Ti+4](<-O=S(=O)(N=S(=O)([O-])C(F)(F)F)C(F)(F)F)(<-O=S(=O)(N=S(=O)([O-])C(F)(F)F)C(F)(F)F)(<-[O-]C(C)C)(<-OC(C)C)<-OC(C)C
MUTCEK,,C40 H31 Br1 Fe1 N1 O3 P1,0.0,[O+]#[C-]->[Fe+2]1234(<-[Br-])(<-c5c->1c->2[cH-]->3c->45)<-p1(N(Cc2ccccc2)Cc2ccccc2)oc2ccc3ccccc3c2c2c(ccc3ccccc32)o1,[O+]#[C-]->[Fe+2]1234(<-[Br-])(<-c5c->1c->2[cH-]->3c->45)<-p1(N(Cc2ccccc2)Cc2ccccc2)oc2ccc3ccccc3c2c2c(ccc3ccccc32)o1,[O+]#[C-]->[Fe+2]1234(<-[Br-])(<-c5c->1c->2[cH-]->3c->45)<-p1(N(Cc2ccccc2)Cc2ccccc2)oc2ccc3ccccc3c2c2c(ccc3ccccc32)o1
MUVCUC,[O+]#[C-]->[W](<-[C-]#[O+])(<-[C-]#[O+])(<-[C-]#[O+])(<-[C-]#[O+])<-[O-]C([O-])=C([P+](c1ccccc1)(c1ccccc1)c1ccccc1)[P+](c1ccccc1)(c1ccccc1)c1ccccc1,C43 H30 O7 P2 W1,0.0,O=C([O-]->[W](<-[C-]#[O+])(<-[C-]#[O+])(<-[C-]#[O+])(<-[C-]#[O+])<-[C-]#[O+])C(=P(c1ccccc1)(c1ccccc1)c1ccccc1)[P+](c1ccccc1)(c1ccccc1)c1ccccc1,[O+]#[C-]->[W](<-[C-]#[O+])(<-[C-]#[O+])(<-[C-]#[O+])(<-[C-]#[O+])<-[O-]C([O-])=C([P+](c1ccccc1)(c1ccccc1)c1ccccc1)[P+](c1ccccc1)(c1ccccc1)c1ccccc1,[O+]#[C-]->[W](<-[C-]#[O+])(<-[C-]#[O+])(<-[C-]#[O+])(<-[C-]#[O+])<-O1C([O-])=C([P+](c2ccccc2)(c2ccccc2)c2ccccc2)P1(c1ccccc1)(c1ccccc1)c1ccccc1
MUVPIE,Cc1cc(C(C)(C)C)n2->[Zn+2]3(<-[F-])<-n4c(C(C)(C)C)cc(C)n4[BH-](n12)n1c(C)cc(C(C)(C)C)n->31,C24 H40 B1 F1 N6 Zn1,0.0,Cc1cc(C(C)(C)C)[n-]2->[Zn+2]3(<-[F-])<-[n-]4c(C(C)(C)C)cc(C)[n+]4[BH-]([n+]12)[n+]1c(C)cc(C(C)(C)C)[n-]->31,Cc1cc(C(C)(C)C)n2->[Zn+2]3(<-[F-])<-n4c(C(C)(C)C)cc(C)n4[BH-](n12)n1c(C)cc(C(C)(C)C)n->31,Cc1cc(C(C)(C)C)n2->[Zn+2]3(<-[F-])<-n4c(C(C)(C)C)cc(C)n4[BH-](n12)n1c(C)cc(C(C)(C)C)n->31
MUZDAO,Cc1ccc(N2C=CN(c3ccc(C)cc3)[C]2->[Pd@@+2]2(<-[Br-])<-[c-]3cc(Br)ccc3-c3ccccn->23)cc1,C28 H23 Br2 N3 Pd1,0.0,Cc1ccc(N2C=CN(c3ccc(C)cc3)[C]2->[Pd+2]2(<-[Br-])<-[c-]3cc(Br)ccc3-c3ccccn->23)cc1,Cc1ccc(N2C=CN(c3ccc(C)cc3)[C]2->[Pd+2]2(<-[Br-])<-[c-]3cc(Br)ccc3-c3ccccn->23)cc1,Cc1ccc(N2C=CN(c3ccc(C)cc3)[C]2->[Pd+2]2(<-[Br-])<-[c-]3cc(Br)ccc3-c3ccccn->23)cc1
NABDEB,,C35 H40 P2 Pt1 Si2,0.0,C[Si](C)(C)[SiH-](c1ccccc1)->[PtH+]1<-P(CCP->1(c1ccccc1)c1ccccc1)(c1ccccc1)c1ccccc1,C[Si](C)(C)[SiH-](c1ccccc1)->[PtH+]1<-P(CCP->1(c1ccccc1)c1ccccc1)(c1ccccc1)c1ccccc1,C[Si](C)(C)[SiH-](c1ccccc1)->[PtH+]1<-P(CCP->1(c1ccccc1)c1ccccc1)(c1ccccc1)c1ccccc1
NABYOG,,C19 H14 I1 N3 O3 Re1 1+,1.0,C[n+]1ccccc1-c1cccc2-c3ccccn3->[Re+](<-[I-])(<-[C-]#[O+])(<-[C-]#[O+])(<-[C-]#[O+])<-n21,CN1C=CC=CC1=C1C=CC=C2c3ccccn3->[Re+3](<-[I-])(<-[C-]#[O+])(<-[C-]#[O+])(<-[C-]#[O+])<-[N-]21,CN1C=CC=CC1=C1C=CC=C2c3ccccn3->[Re+3](<-[I-])(<-[C-]#[O+])(<-[C-]#[O+])(<-[C-]#[O+])<-[N-]21
NACPUF,CO->[Mo+6]123(<-[O-2])(<-[O-][O-]->1)<-[O-]/C(=N\N->2=C(/C)c1c(C)nn(-c2ccccc2)c1[O-]->3)c1ccccc1,C20 H20 Mo1 N4 O6,0.0,CO->[Mo+6]123(<-[O-2])(<-[O-][O-]->1)<-[O-]C(=NN->2=C(C)c1c(C)nn(-c2ccccc2)c1[O-]->3)c1ccccc1,CO->[Mo+6]123(<-[O-2])(<-[O-][O-]->1)<-[O-]C(=NN->2=C(C)c1c(C)nn(-c2ccccc2)c1[O-]->3)c1ccccc1,CO->[Mo+6]123(<-[O-2])(<-[O-][O-]->1)<-[O-]C(=NN->2=C(C)c1c(C)nn(-c2ccccc2)c1[O-]->3)c1ccccc1
NADRUF,CO1CCO(C)->[Y+3]<-123456789%10(<-c1c->2c->3[cH-]->4c->51)<-[CH+]1[CH-]->6[CH-]->7c->82ccccc->92[CH-]->%101,C19 H23 O2 Y1,0.0,CO1CCO(C)->[Y+]<-12345678(<-C1=C->2C->3c2ccccc2C->41)<-c1c->5c->6[cH-]->7c->81,CO1CCO(C)->[Y+]<-123456789%10(<-c1c->2c->3[cH-]->4c->51)<-c1c->6c->7c->82ccccc->92c->%101,CO1CCO(C)->[Y+]<-12345678(<-c1c->2c->3c->42ccccc->52c->61)<-c1ccc->7[cH-]->81
NAFRUK,COc1ccc2N3C=CN(C)[C]3->[Ru+2]34567(<-[Cl-])(<-[c-]2c1)<-c1c->3c->4(C(C)C)c->5c->6c->71C,C21 H25 Cl1 N2 O1 Ru1,0.0,COc1ccc2N3C=CN(C)[C]3->[Ru+2]34567(<-[Cl-])(<-[c-]2c1)<-c1c->3c->4(C(C)C)c->5c->6c->71C,COc1ccc2N3C=CN(C)[C]3->[Ru+2]34567(<-[Cl-])(<-[c-]2c1)<-c1c->3c->4(C(C)C)c->5c->6c->71C,COc1ccc2N3C=CN(C)[C]3->[Ru+2]34567(<-[Cl-])(<-[c-]2c1)<-c1c->3c->4(C(C)C)c->5c->6c->71C
NAGGUX,CC(C)[Si]12(C(C)C)->[Ni]34567<-C(#C->3c3ccccc3C->4#C->51)c1ccccc1C->6#C->72,C24 H22 Ni1 Si1,0.0,fail,CC(C)[Si]1(C(C)C)C2->[Ni]3456<-C(#C->3c3ccccc3C->4#C->51)c1ccccc1C->6#2,CC(C)[Si]1(C(C)C)C2->[Ni]3456<-C(#C->3c3ccccc3C->4#C->51)c1ccccc1C->6#2
NAHBAZ,,C18 H32 P2 Pd1 Si4,0.0,CP1(C)CCP(C)(C)->[Pd+4]<-123(<-[SiH2-]c1ccccc1[SiH2-]->2)<-[SiH2-]c1ccccc1[SiH2-]->3,CP1(C)CCP(C)(C)->[Pd]<-123(<-[SiH2]=c1ccccc1=[SiH2]->2)<-[SiH2]=c1ccccc1=[SiH2]->3,CP1(C)CCP(C)(C)->[Pd]<-123(<-[SiH2]=c1ccccc1=[SiH2]->2)<-[SiH2]=c1ccccc1=[SiH2]->3
NAJQAR,,C10 H14 N8 Ni1 O2 S2,0.0,Nc1ncccn1->[Ni+2](<-O)(<-O)(<-[N-]=C=S)(<-[N-]=C=S)<-n1cccnc1N,Nc1ncccn1->[Ni+2](<-O)(<-O)(<-[N-]=C=S)(<-[N-]=C=S)<-n1cccnc1N,Nc1ncccn1->[Ni+2](<-[N-]=C=S)(<-[N-]=C=S)<-n1cccnc1N.O.O
NAKJUH,Cc1cc(C)c(N2CCCCCN(c3c(C)cc(C)cc3C)[C]2->[Ni+2]2345(<-[Br-])<-c6c->2c->3[cH-]->4c->56)c(C)c1,C29 H37 Br1 N2 Ni1,0.0,Cc1cc(C)c(N2CCCCCN(c3c(C)cc(C)cc3C)[C]2->[Ni+2]2345(<-[Br-])<-c6c->2c->3[cH-]->4c->56)c(C)c1,Cc1cc(C)c(N2CCCCCN(c3c(C)cc(C)cc3C)[C]2->[Ni+2]2345(<-[Br-])<-c6c->2c->3[cH-]->4c->56)c(C)c1,Cc1cc(C)c(N2CCCCCN(c3c(C)cc(C)cc3C)[C]2->[Ni+2]2345(<-[Br-])<-c6c->2c->3[cH-]->4c->56)c(C)c1
NAKYON,,C10 H25 Cl1 N4 Rh1 1+,1.0,[Cl-]->[RhH+2]123<-N4CCCN->1CCN->2CCCN->3CC4,[Cl-]->[RhH+2]123<-N4CCCN->1CCN->2CCCN->3CC4,[Cl-]->[RhH+2]123<-N4CCCN->1CCN->2CCCN->3CC4
NAMMUJ,,C39 H31 Mn1 O4,0.0,CC12C3=C4(C)CC(c5ccccc5)=[C-](c5ccccc5)->[Mn+]<-3<-4(<-[C-]#[O+])(<-[C-]#[O+])(<-[C-]#[O+])<-O=C1C(c1ccccc1)=C(c1ccccc1)C2,CC12C3=C4(C)CC(c5ccccc5)=[C-](c5ccccc5)->[Mn+]<-3<-4(<-[C-]#[O+])(<-[C-]#[O+])(<-[C-]#[O+])<-O=C1C(c1ccccc1)=C(c1ccccc1)C2,CC1=CC2(C)CC(c3ccccc3)=C(c3ccccc3)C2=O->[Mn+](<-[C-]#[O+])(<-[C-]#[O+])<-[C-](=O)C(=C(C1)c1ccccc1)c1ccccc1
NANGOA,CS1c2ccccc2[N-]2c3ccccc3C3=N(->[Pd@OH20+2]<-2<-1<-[Cl-])C(C)(C)CO3,C18 H19 Cl1 N2 O1 Pd1 S1,0.0,CS1c2ccccc2[N-]2c3ccccc3C3=N(->[Pd+2]<-2<-1<-[Cl-])C(C)(C)CO3,CS1c2ccccc2N2=C3C=CC=CC3=C3OCC(C)(C)[N-]3->[Pd+2]<-2<-1<-[Cl-],CS1c2ccccc2N2=C3C=CC=CC3=C3OCC(C)(C)[N-]3->[Pd+2]<-2<-1<-[Cl-]
NAPJUL,CC1=C(C)C23=C4C=CC=C[N-]4->[Y+3]<-2(<-[CH2-][Si](C)(C)C)(<-[CH2-][Si](C)(C)C)(<-O2CCCC2)<-C3(C)=C1C,C26 H46 N1 O1 Si2 Y1,0.0,Cc12->[Y+3]3456(<-[CH2-][Si](C)(C)C)(<-[CH2-][Si](C)(C)C)(<-n7ccccc7-c->31c->4(C)[c-]->5(C)c->62C)<-O1CCCC1,CC12->[Y+3]3456(<-[CH2-][Si](C)(C)C)(<-[CH2-][Si](C)(C)C)(<-[N-]7C=CC=CC7=C->31C->4(C)=C->5(C)C->6=2C)<-O1CCCC1,CC1=C(C)C23=C4C=CC=C[N-]4->[Y+3]<-2(<-[CH2-][Si](C)(C)C)(<-[CH2-][Si](C)(C)C)(<-O2CCCC2)<-C3(C)=C1C
NAQQEB,CC1/C=C(/C)[O-]->[Co+3]234(<-O=1)(<-O=C(C)/C=C(/C)[O-]->2)(<-O=N->3[O-]->4)<-n1cccc(C)c1,C16 H21 Co1 N2 O6,0.0,fail,CC1=CC(C)=O->[Co+3]2(<-O=C(C)C=C(C)[O-]->2)(<-[O-]1)(<-N(=O)[O-])<-n1cccc(C)c1,CC1=CC(C)=O->[Co+3]2(<-O=C(C)C=C(C)[O-]->2)(<-[O-]1)(<-N(=O)[O-])<-n1cccc(C)c1
NARQAA,C/C(c1cccs1)=N1\N=C(/[O-]->[Ni+2]<-12<-[O-]/C(=N\N->2=C(/C)c1cccs1)c1ccccc1)c1ccccc1,C26 H22 N4 Ni1 O2 S2,0.0,CC1c2cccs2->[Ni+2]234(<-[O-]C(=NN->2=1)c1ccccc1)<-[O-]C(=NN->3=C(C)c1cccs->41)c1ccccc1,CC(c1cccs1)=N1N=C([O-]->[Ni+2]<-12<-[O-]C(=NN->2=C(C)c1cccs1)c1ccccc1)c1ccccc1,CC1c2cccs2->[Ni+2]234(<-[O-]C(=NN->2=1)c1ccccc1)<-[O-]C(=NN->3=C(C)c1cccs->41)c1ccccc1
NASNOM,,C12 H16 Ni1 O2 S8,0.0,C1CSC2[S-]->[Ni+4]3(<-[S-]C=2SCCO1)<-[S-]C1=C([S-]->3)SCCOCCS1,C1CSC2=S->[Ni]3(<-S=C2SCCO1)<-S=C1SCCOCCSC1=S->3,C1CSC2=S->[Ni]3(<-S=C2SCCO1)<-S=C1SCCOCCSC1=S->3
NATCAP,COc1ccc(/C2=C3\C=C/C4=C(\[C-]5[CH+][CH-][C-](OC)[CH+][CH-]5)[c-]5[cH+][cH+][c-]6[n-]5->[Tc@TB3+5]5(<-[O-2])(<-[N-]7[C+]([CH+][CH+][C-]27)C(=C2C=C[C-](OC)C=C2)c2ccc-6[n-]->52)<-[NH2+]34)cc1,C40 H29 N4 O4 Tc1,0.0,COc1ccc(-c2c3n4->[Tc+5]56(<-[O-2])<-[n-]7c2ccc7c(-c2ccc(OC)cc2)c2ccc(c7ccc(c(-c8ccc(OC)cc8)c4C=C3)[n-]->57)[n-]->62)cc1,COc1ccc(-c2c3n4->[Tc+5]56(<-[O-2])<-[n-]7c2ccc7c(-c2ccc(OC)cc2)c2ccc(c(-c7ccc(OC)cc7)c7ccc(c4C=C3)[n-]->57)[n-]->62)cc1,COc1ccc(-c2c3n4->[Tc+5]56(<-[O-2])<-[n-]7c2ccc7c(-c2ccc(OC)cc2)c2ccc(c(-c7ccc(OC)cc7)c7ccc(c4C=C3)[n-]->57)[n-]->62)cc1
NAVPAB,Cc12->[Ir+3]3456(<-[Cl-])(<-[O-]c7ccc8ccccc8c7/N=N->3/c3cccc7c3C(=O)c3ccccc3C7=O)<-c1(C)c->4(C)[c-]->5(C)c->62C,C34 H28 Cl1 Ir1 N2 O3,0.0,Cc12->[Ir+3]3456(<-[Cl-])(<-[O-]c7ccc8ccccc8c7N=N->3c3cccc7c3C(=O)c3ccccc3C7=O)<-c1(C)c->4(C)[c-]->5(C)c->62C,Cc12->[Ir+5]3456(<-[Cl-])(<-[O-]c7ccc8ccccc8c7[N-][N-]->3c3cccc7c3C(=O)c3ccccc3C7=O)<-c1(C)c->4(C)[c-]->5(C)c->62C,Cc12->[Ir+5]3456(<-[Cl-])(<-[O-]c7ccc8ccccc8c7[N-][N-]->3c3cccc7c3C(=O)c3ccccc3C7=O)<-c1(C)c->4(C)[c-]->5(C)c->62C
NAWTIR,O=C1[O-]->[Ru+2]23(<-n4ccccc41)(<-n1ccccc1-c1ccccn->21)<-n1ccccc1-c1ccccn->31,C26 H20 N5 O2 Ru1 1+,1.0,O=C1[O-]->[Ru+2]23(<-n4ccccc41)(<-n1ccccc1-c1ccccn->21)<-n1ccccc1-c1ccccn->31,O=C1[O-]->[Ru+2]23(<-n4ccccc41)(<-n1ccccc1-c1ccccn->21)<-n1ccccc1-c1ccccn->31,O=C1[O-]->[Ru+2]23(<-n4ccccc41)(<-n1ccccc1-c1ccccn->21)<-n1ccccc1-c1ccccn->31
NAXRIO,,C16 H19 Cl1 N2 O2 Pd1 S2,0.0,[Cl-]->[Pd+2]12<-S=C(c3cccc(C(=S->1)N1CCOCC1)[c-]->23)N1CCOCC1,[Cl-]->[Pd+2]12<-S=C(C3=CC=CC(=C([S-]->1)N1CCOCC1)[C]->23)N1CCOCC1,[Cl-]->[Pd+2]12<-S=C(C3=CC=CC(=C([S-]->1)N1CCOCC1)[C]->23)N1CCOCC1
NAYVAK,,C13 H10 F7 I1 W1,0.0,FC(F)(F)C(F)(C(F)(F)F)c12->[WH+3]3456789(<-[I-])(<-c%10c->3c->4[cH-]->5c->6%10)<-c(c->71)[cH-]->8c->92,FC(F)(F)C(F)(C(F)(F)F)c12->[WH+3]3456789(<-[I-])(<-c%10c->3c->4[cH-]->5c->6%10)<-c(c->7[cH-]->81)c->92,FC(F)(F)C(F)(C(F)(F)F)c12->[WH+3]3456789(<-[I-])(<-c%10c->3c->4[cH-]->5c->6%10)<-c(c->7[cH-]->81)c->92
NAZVOC,CC1=CC2=O->[Ru+2]34567(<-[Cl-])(<-[O-]/C(C)=C\2C(=O)O1)<-c1c->3c->4(C(C)C)c->5c->6c->71C,C18 H21 Cl1 O4 Ru1,0.0,fail,CC1=CC2=O->[Ru+2]34567(<-[Cl-])(<-[O-]C(C)=C2C(=O)O1)<-c1c->3c->4(C(C)C)c->5c->6c->71C,CC1=CC2=O->[Ru+2]34567(<-[Cl-])(<-[O-]C(C)=C2C(=O)O1)<-c1c->3c->4(C(C)C)c->5c->6c->71C
NEBGAD,,C23 H51 Cl1 Ir1 N1 P2,0.0,CC#N->[IrH+2](<-[Cl-])(<-[CH-]=CC)(<-P(C(C)C)(C(C)C)C(C)C)<-P(C(C)C)(C(C)C)C(C)C,CC#N->[IrH+2](<-[Cl-])(<-[CH-]=CC)(<-P(C(C)C)(C(C)C)C(C)C)<-P(C(C)C)(C(C)C)C(C)C,CC#N->[IrH+2](<-[Cl-])(<-[CH-]=CC)(<-P(C(C)C)(C(C)C)C(C)C)<-P(C(C)C)(C(C)C)C(C)C
NEBWID,N#CC(=C=[N-]->[Cd+2]12(<-[N-]=C=C(C#N)C#N)(<-n3ccccc3-c3n(N)c(-c4ccccn4)nn->13)<-n1ccccc1-c1n(N)c(-c3ccccn3)nn->21)C#N,C32 H20 Cd1 N18,0.0,N#C[C](C#N)C#N->[Cd]12(<-N#C[C](C#N)C#N)(<-n3ccccc3-c3n(N)c(-c4ccccn4)nn->13)<-n1ccccc1-c1n(N)c(-c3ccccn3)nn->21,N#CC(=C=[N-]->[Cd+2]12(<-[N-]=C=C(C#N)C#N)(<-n3ccccc3-c3n(N)c(-c4ccccn4)nn->13)<-n1ccccc1-c1n(N)c(-c3ccccn3)nn->21)C#N,N#CC(=C=[N-]->[Cd+2]12(<-[N-]=C=C(C#N)C#N)(<-n3ccccc3-c3n(N)c(-c4ccccn4)nn->13)<-n1ccccc1-c1n(N)c(-c3ccccn3)nn->21)C#N
NECRIY,COc1ccccc1N1Cc2ccccn2->[Zn+2](<-[Cl-])(<-[Cl-])<-n2ccccc2C1,C19 H19 Cl2 N3 O1 Zn1,0.0,COc1ccccc1N12Cc3ccccn3->[Zn+2]<-1(<-[Cl-])(<-[Cl-])<-n1ccccc1C2,COc1ccccc1N1Cc2ccccn2->[Zn+2](<-[Cl-])(<-[Cl-])<-n2ccccc2C1,COc1ccccc1N12Cc3ccccn3->[Zn+2]<-1(<-[Cl-])(<-[Cl-])<-n1ccccc1C2
NEDHAG,,C22 H34 O1 Os1 P1 1+,1.0,CC1=O->[OsH+3]2345(<-[c-]6ccccc61)(<-c1c->2c->3[cH-]->4c->51)<-P(C(C)C)(C(C)C)C(C)C,CC1=O->[OsH+3]2345(<-[c-]6ccccc61)(<-c1c->2c->3[cH-]->4c->51)<-P(C(C)C)(C(C)C)C(C)C,CC1=O->[OsH+3]2345(<-[c-]6ccccc61)(<-c1c->2c->3[cH-]->4c->51)<-P(C(C)C)(C(C)C)C(C)C
NEDMOB,,C38 H39 F2 P2 Ru1 1+,1.0,Cc12->[Ru+4]3456(<-[C-2]=C(F)F)(<-c1(C)c->3(C)[c-]->4(C)c->52C)<-P(CCP->6(c1ccccc1)c1ccccc1)(c1ccccc1)c1ccccc1,Cc12->[Ru+2]3456(<-[C]=C(F)F)(<-c1(C)c->3(C)[c-]->4(C)c->52C)<-P(CCP->6(c1ccccc1)c1ccccc1)(c1ccccc1)c1ccccc1,Cc12->[Ru+2]3456(<-[C]=C(F)F)(<-c1(C)c->3(C)[c-]->4(C)c->52C)<-P(CCP->6(c1ccccc1)c1ccccc1)(c1ccccc1)c1ccccc1
NEFLUH,,C16 H24 B1 P1 Zr1,0.0,fail,C[b-]12->[Zr+2]3456789%10%11%12(<-C%13=C->3C->4=C->5[CH-]->6C->7=C->8%13)(<-c(c->9c->%101)c->%11c->%122)<-P(C)(C)C,C[b-]12->[Zr+2]3456789%10(<-C%11=CC=C->3[CH-]->4C->5=C->6%11)(<-c(c->7c->81)c->9c->%102)<-P(C)(C)C
NEGPEV,,C14 H27 Br3 P2 Zr1,0.0,fail,CC1(C)C2->[Zr+4]3456(<-[Br-])(<-[Br-])(<-[Br-])(<-C(=C->3[CH-]->41)C->5=2)<-P(C)(C)CCP->6(C)C,CC1(C)C2->[Zr+4]3456(<-[Br-])(<-[Br-])(<-[Br-])(<-C(=C->3[CH-]->41)C->5=2)<-P(C)(C)CCP->6(C)C
NEHLOB,CP(C)(C)->[Ru+2]123456(<-[C-]7=C->1C->2=[C-]->3C=CC=C7)<-C1=C/C=C->4\C->5=C/C=C->6\1,C19 H25 P1 Ru1,0.0,fail,CP(C)(C)->[Ru+2]123456(<-C7=CC=C->1C->2=CC=C->37)<-c1c->4[cH-]->5cccc[cH-]->61,CP(C)(C)->[Ru+2]123456(<-C7=CC=C->1C->2=CC=C->37)<-c1c->4[cH-]->5cccc[cH-]->61
NEJLAQ,,C17 H24 N4 Rh1 S2 1+,1.0,Cn1ccn2C3[H]->[Rh+]456(<-S=c12)(<-S=c1n(C)ccn13)<-C1=C->4CCC->5=C->6CC1,Cn1ccn2Cn3ccn(C)c3=S->[Rh+]345(<-S=c12)<-C1=C->3CCC->4=C->5CC1,Cn1ccn2Cn3ccn(C)c3=S->[Rh+]345(<-S=c12)<-C1=C->3CCC->4=C->5CC1
NEKFAK,CC1=NN(c2ccccc2)C2=N->[Ni@SP1+2]34<-N=C5/C(=C\[N-]->3[C@H](C)C[C@@H](C)[N-]->4/C=C/12)C(C)=NN5c1ccccc1,C27 H30 N8 Ni1,0.0,Cc1nn(-c2ccccc2)c2[NH-]->[Ni+2]34<-[NH-]c5c(C=N->3C(C)CC(C)N->4=Cc12)c(C)nn5-c1ccccc1,CC1=NN(c2ccccc2)C2=N->[Ni+2]34<-N=C5C(=C[N-]->3C(C)CC(C)[N-]->4C=C12)C(C)=NN5c1ccccc1,CC1=NN(c2ccccc2)C2=N->[Ni+2]34<-N=C5C(=C[N-]->3C(C)CC(C)[N-]->4C=C12)C(C)=NN5c1ccccc1
NEKWUV,c1ccc2c(c1)[nH]c1CSCCCSCc3[nH]c4ccccc4n3->[Ag+]<-n12,C19 H20 Ag1 N4 S2 1+,1.0,c1ccc2c(c1)[nH]c1CSCCCSCc3[nH]c4ccccc4n3->[Ag+]<-n12,c1ccc2c(c1)[nH]c1CSCCCSCc3[nH]c4ccccc4n3->[Ag+]<-n12,c1ccc2c(c1)[nH]c1CS3CCCS4Cc5[nH]c6ccccc6n5->[Ag+]<-3<-4<-n12
NEMCOX,CCN(CC)C1=S->[Ni@SP1+2]23<-[S-]/C(=N\N->2=C\C(=N/[N-]->31)c1ccccc1)N(CC)CC,C18 H26 N6 Ni1 S2,0.0,CCN(CC)C1=NN2=CC(=NN3=C([S-]->[Ni+2]<-2<-3<-[S-]1)N(CC)CC)c1ccccc1,CCN(CC)C1N=N2C=C(N=N3C(=S->[Ni]<-2<-3<-S=1)N(CC)CC)c1ccccc1,CCN(CC)C1=NN2=CC(=N[N-]3C(=S->[Ni+2]<-2<-3<-[S-]1)N(CC)CC)c1ccccc1
NENOXC,N->[Co+3]1234(<-N)(<-O=N->1[O-]->2)(<-[O-]C(=O)C(=O)[O-]->3)<-[O-]N->4=O,C2 H6 Co1 N4 O8 1-,-1.0,N->[Co-]1(<-N)(<-[O-]C(=O)C(=O)[O-]->1)(<-[N+](=O)=O)<-[N+](=O)=O,N->[Co+3]1(<-N)(<-[O-]C(=O)C(=O)[O-]->1)(<-N(=O)[O-])<-N(=O)[O-],N->[Co+3]1(<-N)(<-[O-]C(=O)C(=O)[O-]->1)(<-N(=O)[O-])<-N(=O)[O-]
NENSUV,Cc1ccc([S@]2([O-])[O-]->[Ti+4]34567(<-[Cl-])(<-[Cl-])<-C8=C->3(C)C->4(=C3C=CC=C/C3=N->5\2)C->6(C)=C->78C)cc1,C21 H21 Cl2 N1 O2 S1 Ti1,0.0,Cc1ccc(S2(=O)=O->[Ti+4]34567(<-[Cl-])(<-[Cl-])<-[cH-]8c->3(C)c->4(C)c->5(-c3ccccc3[N-]->62)c->78C)cc1,Cc1ccc(S2(=O)=O->[Ti+2]34567(<-[Cl-])(<-[Cl-])<-C8=C->3(C)C->4(=C3C=CC=CC3=N->52)C->6(C)=C->78C)cc1,Cc1ccc(S2(=O)=O->[Ti+2]34567(<-[Cl-])(<-[Cl-])<-C8=C->3(C)C->4(=C3C=CC=CC3=N->52)C->6(C)=C->78C)cc1
NEPLUQ,,C34 H27 Cd1 N7 O6,0.0,fail,CC1=O->[Cd+2](<-O)(<-[O-]1)(<-[O-][N+](=O)[O-])(<-n1ccn(-c2c3ccccc3nc3ccccc23)c1)<-n1ccn(-c2c3ccccc3nc3ccccc23)c1,CC(=O)[O-]->[Cd+2]12(<-O)(<-[O-][N+]->1(=O)[O-]->2)(<-n1ccn(-c2c3ccccc3nc3ccccc23)c1)<-n1ccn(-c2c3ccccc3nc3ccccc23)c1
NEPSIM,,C16 H18 Cd1 N8 O8,0.0,O=[N+]([O-])[O-]->[Cd+2](<-O)(<-O)(<-[O-][N+](=O)[O-])(<-n1ccc(-c2ncc[nH]2)cc1)<-n1ccc(-c2ncc[nH]2)cc1,O=[N+]([O-])[O-]->[Cd+2](<-O)(<-O)(<-[O-][N+](=O)[O-])(<-n1ccc(-c2ncc[nH]2)cc1)<-n1ccc(-c2ncc[nH]2)cc1,O.O.O=[N+]1[O-]->[Cd+2]23(<-n4ccc(-c5ncc[nH]5)cc4)(<-n4ccc(-c5ncc[nH]5)cc4)(<-[O-]1)<-[O-][N+]->2(=O)[O-]->3
NEQYUE,,C31 H23 N4 Ni1 O5 1+,1.0,O=C([O-]->[Ni+2]12(<-O)(<-n3cccc4ccc5cccn->1c5c43)<-n1cccc3ccc4cccn->2c4c31)c1ccc(O)cc1O,O=C([O-]->[Ni+2]12(<-O)(<-n3cccc4ccc5cccn->1c5c43)<-n1cccc3ccc4cccn->2c4c31)c1ccc(O)cc1O,O.O=C([O-]->[Ni+2]12(<-n3cccc4ccc5cccn->1c5c43)<-n1cccc3ccc4cccn->2c4c31)c1ccc(O)cc1O
NESDAR,COC1=CC2=O->[Zn+2](<-[Cl-])(<-[Cl-])<-O=C3C=C(OC)C=C/C3=C(\C)NCCN/C(C)=C\2C=C1,C20 H24 Cl2 N2 O4 Zn1,0.0,COc1ccc2C(C)=NCCN=C(C)c3ccc(OC)cc3O->[Zn+2](<-[Cl-])(<-[Cl-])<-Oc2c1,COc1ccc2C(C)=NCCN=C(C)c3ccc(OC)cc3O->[Zn+2](<-[Cl-])(<-[Cl-])<-Oc2c1,COc1ccc2C(C)=NCCN=C(C)c3ccc(OC)cc3O->[Zn+2](<-[Cl-])(<-[Cl-])<-Oc2c1
NESROU,CN(C)/C1=N/N(=C/c2ccccc2)->[Hg+2](<-[S-]1)<-[c-]1ccccc1,C16 H17 Hg1 N3 S1,0.0,CN(C)C1=NN(=Cc2ccccc2)->[Hg+2](<-[S-]1)<-[c-]1ccccc1,CN(C)C(=NN=Cc1ccccc1)[S-]->[Hg+2]<-[c-]1ccccc1,CN(C)C(=NN=Cc1ccccc1)[S-]->[Hg+2]<-[c-]1ccccc1
NETTOX,,C19 H22 N2 Ni1 O5,0.0,COc1ccc2C=N3CCCN4=Cc5ccc(OC)cc5[O-]->[Ni+2]<-3<-4(<-O)<-[O-]c2c1,COc1ccc2C=N3CCCN4=Cc5ccc(OC)cc5[O-]->[Ni+2]<-3<-4(<-O)<-[O-]c2c1,COc1ccc2c(c1)[O-]->[Ni+2]13<-[O-]c4cc(OC)ccc4C=N->1CCCN->3=C2.O
NEVNIO,,C25 H34 Cl1 Ir1 N1 O2 P1,0.0,CC(C)(C)P1(Oc2ccc3ccc4cccn5->[IrH+2]<-1(<-[Cl-])(<-[c-]2c3c45)<-O1CCCC1)C(C)(C)C,CC(C)(C)P1(Oc2ccc3ccc4cccn5->[IrH+2]<-1(<-[Cl-])(<-[c-]2c3c45)<-O1CCCC1)C(C)(C)C,CC(C)(C)P1(Oc2ccc3ccc4cccn5->[IrH+2]<-1(<-[Cl-])(<-[c-]2c3c45)<-O1CCCC1)C(C)(C)C
NEWPUD,CC1(C)C[N-]2->[Ta+5]3(<-[CH2-]c4ccccc4)(<-[CH2-]c4ccccc4)(<-[CH2-]c4ccccc4)<-[N-](CCO->3CC2)C1,C30 H39 N2 O1 Ta1,0.0,CC1(C)C[N-]2->[Ta+5]3(<-[CH2-]c4ccccc4)(<-[CH2-]c4ccccc4)(<-[CH2-]c4ccccc4)<-[N-](CCO->3CC2)C1,CC1(C)C[N-]2->[Ta+5]3(<-[CH2-]c4ccccc4)(<-[CH2-]c4ccccc4)(<-[CH2-]c4ccccc4)<-[N-](CCO->3CC2)C1,CC1(C)C[N-]2->[Ta+5]3(<-[CH2-]c4ccccc4)(<-[CH2-]c4ccccc4)(<-[CH2-]c4ccccc4)<-[N-](CCO->3CC2)C1
NEXDEZ,CC1/C=C(\[O-]->[Re+5]23(<-[O-2])(<-[S-]/C(=N\N->2=1)c1ccccc1)<-[S-]/C(=N\N->3=C(\C)CC(=O)c1ccccc1)c1ccccc1)c1ccccc1,C34 H29 N4 O3 Re1 S2,0.0,CC1C=C([O-]->[Re+5]23(<-[O-2])(<-[S-]C(=NN->2=1)c1ccccc1)<-[S-]C(=NN->3=C(C)CC(=O)c1ccccc1)c1ccccc1)c1ccccc1,CC1C=C([O-]->[Re+5]23(<-[O-2])(<-[S-]C(=NN->2=1)c1ccccc1)<-[S-]C(=NN->3=C(C)CC(=O)c1ccccc1)c1ccccc1)c1ccccc1,CC1C=C([O-]->[Re+5]23(<-[O-2])(<-[S-]C(=NN->2=1)c1ccccc1)<-[S-]C(=NN->3=C(C)CC(=O)c1ccccc1)c1ccccc1)c1ccccc1
NEXSUF,COC1=CC=C/C(=C/Nc2ccc(C)cc2)C1=O->[Re+7](<-[CH3-])(<-[O-2])(<-[O-2])<-[O-2],C16 H18 N1 O5 Re1,0.0,COc1cccc(C=[NH+]c2ccc(C)cc2)c1[O-]->[Re+7](<-[CH3-])(<-[O-2])(<-[O-2])<-[O-2],COC1=CC=CC(=CNc2ccc(C)cc2)C1=O->[Re+7](<-[CH3-])(<-[O-2])(<-[O-2])<-[O-2],COC1=CC=CC(=CNc2ccc(C)cc2)C1=O->[Re+7](<-[CH3-])(<-[O-2])(<-[O-2])<-[O-2]
NEYCID,,C4 H12 Cl4 Se2 Ti1,0.0,C[Se](C)->[Ti+4](<-[Cl-])(<-[Cl-])(<-[Cl-])(<-[Cl-])<-[Se](C)C,C[Se-]->[Ti+8](<-[Cl-])(<-[Cl-])(<-[Cl-])(<-[Cl-])<-[Se-]C.[CH3-].[CH3-],C[Se-]->[Ti+8](<-[Cl-])(<-[Cl-])(<-[Cl-])(<-[Cl-])<-[Se-]C.[CH3-].[CH3-]
NEYTAP,CC(=O)[O-]->[Ag+]<-[C]1N(C)C(c2ccccc2)=C(c2ccccc2)N1C,C19 H19 Ag1 N2 O2,0.0,CC(=O)[O-]->[Ag+]<-[C]1N(C)C(c2ccccc2)=C(c2ccccc2)N1C,CC(=O)[O-]->[Ag+]<-[C]1N(C)C(c2ccccc2)=C(c2ccccc2)N1C,CC1=O->[Ag+](<-[O-]1)<-[C]1N(C)C(c2ccccc2)=C(c2ccccc2)N1C
NEZZUO,Cc1cc(C(C)(C)C)c2[O-]->[W+6]34(<-[CH2-]CC[CH2-]->3)(<-[N-2]c3c(Cl)cccc3Cl)<-[O-]c->43c(C(C)(C)C)cc(C)c(C)c3-c2c1C,C34 H43 Cl2 N1 O2 W1,0.0,Cc1cc(C(C)(C)C)c2[O-]->[W+6]3(<-[CH2-]CC[CH2-]->3)(<-[N-2]c3c(Cl)cccc3Cl)<-[O-]c3c(C(C)(C)C)cc(C)c(C)c3-c2c1C,Cc1cc(C(C)(C)C)c2[O-]->[W+6]3(<-[CH2-]CC[CH2-]->3)(<-[N-2]c3c(Cl)cccc3Cl)<-[O-]c3c(C(C)(C)C)cc(C)c(C)c3-c2c1C,Cc1cc(C(C)(C)C)c2[O-]->[W+6]3(<-[CH2-]CC[CH2-]->3)(<-[N-2]c3c(Cl)cccc3Cl)<-[O-]c3c(C(C)(C)C)cc(C)c(C)c3-c2c1C
NIBLEQ,CCNC1=S->[V+5]2(<-[O-2])(<-[O-2])<-n3[nH]c(C)cc3/C=N\[N-]->21,C8 H12 N5 O2 S1 V1,0.0,CCNC1[S-]->[V+5]2(<-[O-2])(<-[O-2])<-N=1N=Cc1cc(C)[nH]n->21,CCNC1=S->[V+5]2(<-[O-2])(<-[O-2])<-N1=NC=C1C=C(C)N[N-]->21,CCNC1=S->[V+5]2(<-[O-2])(<-[O-2])<-N1=NC=C1C=C(C)N[N-]->21
NICHIR,Cc1cc(C)n2->[Y+3]34(<-O=S(=O)([O-]->3)C(F)(F)F)(<-[O-]S(=O)(=O)C(F)(F)F)(<-[O-]S(=O)(=O)C(F)(F)F)(<-n3c(C)cc(C)n3C(n12)n1c(C)cc(C)n->41)<-O1CCCC1,C23 H30 F9 N6 O10 S3 Y1,0.0,Cc1cc(C)[n-]2->[Y+3]3(<-[O-]S(=O)(=O)C(F)(F)F)(<-[O-]S(=O)(=O)C(F)(F)F)(<-[O-]S(=O)(=O)C(F)(F)F)(<-[n-]4c(C)cc(C)[n+]4C([n+]12)[n+]1c(C)cc(C)[n-]->31)<-O1CCCC1,Cc1cc(C)n2->[Y+3]3(<-[O-]S(=O)(=O)C(F)(F)F)(<-[O-]S(=O)(=O)C(F)(F)F)(<-[O-]S(=O)(=O)C(F)(F)F)(<-n4c(C)cc(C)n4C(n12)n1c(C)cc(C)n->31)<-O1CCCC1,Cc1cc(C)n2->[Y+3]34(<-O=S(=O)([O-]->3)C(F)(F)F)(<-[O-]S(=O)(=O)C(F)(F)F)(<-[O-]S(=O)(=O)C(F)(F)F)(<-n3c(C)cc(C)n3C(n12)n1c(C)cc(C)n->41)<-O1CCCC1
NIDDAH,,C13 H17 B1 N6 O2 Pt1,0.0,C[C-](=O)->[PtH+3]12(<-[C-](C)=O)<-[n-]3ccc[n+]3[BH-]([n+]3ccc[n-]->13)[n+]1ccc[n-]->21,C[C-](=O)->[PtH+3]12(<-[C-](C)=O)<-n3cccn3[BH-](n3cccn->13)n1cccn->21,C[C-](=O)->[PtH+3]12(<-[C-](C)=O)<-n3cccn3[BH-](n3cccn->13)n1cccn->21
NIDTAV,O=C([S-]->[Cd+2](<-[S-]C(=O)c1ccccc1)<-[S-]C(=O)c1ccccc1)c1ccccc1,C21 H15 Cd1 O3 S3 1-,-1.0,fail,O=C([S-]->[Cd+2]1(<-[O-]C(=S->1)c1ccccc1)<-[S-]C(=O)c1ccccc1)c1ccccc1,c1ccc(C2[O-]->[Cd+2]34(<-[O-]C(=S->3)c3ccccc3)(<-[O-]C(=S->4)c3ccccc3)<-S=2)cc1
NIGQEB,,C16 H40 N3 P2 Pt1 1+,1.0,CC(C)P1(NCCN2CCNP(C(C)C)(C(C)C)->[PtH+]<-2<-1)C(C)C,CC(C)P1(NCCN2CCNP(C(C)C)(C(C)C)->[PtH+]<-2<-1)C(C)C,CC(C)P1(NCCN2CCNP(C(C)C)(C(C)C)->[PtH+]<-2<-1)C(C)C
NIHYIP,[Cl-]->[Co+]123<-c4cccc(CN5CCN6CCN(Cc7ccccn7)P->15N(Cc1ccccn->21)CC6)n->34,C24 H30 Cl1 Co1 N7 P1,0.0,[Cl-]->[Co+]12<-n3ccccc3CN3CCN4CCN(Cc5ccccn5)P->13N(Cc1ccccn->21)CC4,[Cl-]->[Co+]12<-n3ccccc3CN3CCN4CCN(Cc5ccccn5)P->13N(Cc1ccccn->21)CC4,[Cl-]->[Co+]12<-n3ccccc3CN3CCN4CCN(Cc5ccccn5)P->13N(Cc1ccccn->21)CC4
NIJRIJ,C/C1=C2\C=CC=N2->[Ni+2]2(<-N3=CC=C/C3=C(\C)[N-]->2c2ccccc2)<-[N-]1c1ccccc1,C24 H22 N4 Ni1,0.0,CC1c2ccc[n-]2->[Ni+2]2(<-N=1c1ccccc1)<-N(=C(C)c1ccc[n-]->21)c1ccccc1,CC1=C2C=CC=N2->[Ni+2]2(<-N3=CC=CC3=C(C)[N-]->2c2ccccc2)<-[N-]1c1ccccc1,CC1=C2C=CC=N2->[Ni+2]2(<-N3=CC=CC3=C(C)[N-]->2c2ccccc2)<-[N-]1c1ccccc1
NIKSUY,,C38 H18 F12 Ir1 N3 O2,0.0,Fc1cc(F)c2-c3ccccn3->[Ir+3]34(<-[O-]c5ccc(C(F)(F)F)cc5C5=N->3C(c3c(F)c(F)c(F)c(F)c3F)CO5)(<-[c-]2c1)<-[c-]1cc(F)cc(F)c1-c1ccccn->41,Fc1cc(F)c2-c3ccccn3->[Ir+3]34(<-[O-]c5ccc(C(F)(F)F)cc5C5=N->3C(c3c(F)c(F)c(F)c(F)c3F)CO5)(<-[c-]2c1)<-[c-]1cc(F)cc(F)c1-c1ccccn->41,Fc1cc(F)c2-c3ccccn3->[Ir+3]34(<-[O-]c5ccc(C(F)(F)F)cc5C5=N->3C(c3c(F)c(F)c(F)c(F)c3F)CO5)(<-[c-]2c1)<-[c-]1cc(F)cc(F)c1-c1ccccn->41
NILKIC,CC(C)(C)P1(#P->[Pt@OH2]<-12<-P(CCP->2(c1ccccc1)c1ccccc1)(c1ccccc1)c1ccccc1)C(C)(C)C,C34 H42 P4 Pt1,0.0,CC(C)(C)P1([P-]->[Pt+]<-12<-P(CCP->2(c1ccccc1)c1ccccc1)(c1ccccc1)c1ccccc1)C(C)(C)C,CC(C)(C)P1(#P->[Pt]<-12<-P(CCP->2(c1ccccc1)c1ccccc1)(c1ccccc1)c1ccccc1)C(C)(C)C,CC(C)(C)P1(#P->[Pt]<-12<-P(CCP->2(c1ccccc1)c1ccccc1)(c1ccccc1)c1ccccc1)C(C)(C)C
NIMFAR,C[C@H]1CN(CC(N)=O)(CC(N)=O)->[Hg@+2]2(<-[Cl-])<-O=C(N)CN->21CC(N)=O,C11 H22 Cl1 Hg1 N6 O4 1+,1.0,CC1CN23CC(N)=O->[Hg+2]<-245(<-[Cl-])(<-O=C(N)C3)<-O=C(N)CN->41CC(N)=O->5,CC1CN(CC(N)=O)(CC(N)=O)->[Hg+2](<-[Cl-])<-N1(CC(N)=O)CC(N)=O,CC(CN(CC(N)=O)CC(N)=O)N(CC(N)=O)CC(N)=O.[Cl-]->[Hg+2]
NINCIW,COc1ccc([N-2]->[Re+5]2(<-[Cl-])(<-[Cl-])(<-[Cl-])<-N(=C(/c3ccccc3)c3ccccn->23)/c2ccc(OC)cc2)cc1,C26 H23 Cl3 N3 O2 Re1,0.0,COc1ccc([N-2]->[Re+5]2(<-[Cl-])(<-[Cl-])(<-[Cl-])<-N(=C(c3ccccc3)c3ccccn->23)c2ccc(OC)cc2)cc1,COc1ccc([N-2]->[Re+5]2(<-[Cl-])(<-[Cl-])(<-[Cl-])<-N(=C(c3ccccc3)c3ccccn->23)c2ccc(OC)cc2)cc1,COc1ccc([N-2]->[Re+5]2(<-[Cl-])(<-[Cl-])(<-[Cl-])<-N(=C(c3ccccc3)c3ccccn->23)c2ccc(OC)cc2)cc1
NIPMIL,CC(C)(C)C(=O)[O-]->[Cd+2](<-O)(<-O)<-[O-]C(=O)C(C)(C)C,C10 H22 Cd1 O6,0.0,fail,CC(C)(C)C1=O->[Cd+2]2(<-O)(<-O)(<-O=C([O-]->2)C(C)(C)C)<-[O-]1,CC(C)(C)C12=O->[Cd+2]<-134(<-O)(<-O)(<-O=C->3([O-]->4)C(C)(C)C)<-[O-]2
NIPZER,C[C-]1[CH-][CH+](C)->[Ir+3](<-[C-]#[O+])(<-[CH2-]1)(<-P(C)(C)C)(<-P(C)(C)C)<-P(C)(C)C,C16 H37 Ir1 O1 P3 1+,1.0,CC1=C[CH-](C)->[Ir+3](<-[C-]#[O+])(<-[CH2-]1)(<-P(C)(C)C)(<-P(C)(C)C)<-P(C)(C)C,CC1C=C(C)->[Ir+](<-[C-]#[O+])(<-C=1)(<-P(C)(C)C)(<-P(C)(C)C)<-P(C)(C)C,CC1C=C(C)->[Ir+](<-[C-]#[O+])(<-C=1)(<-P(C)(C)C)(<-P(C)(C)C)<-P(C)(C)C
NIQZOC,CCN(CC)C1=S->[Re+5]23(<-[O-2])(<-[S-]1)<-[S-]c1ccccc1P->2(c1ccccc1)c1ccccc1[S-]->3,C23 H23 N1 O1 P1 Re1 S4,0.0,fail,CCN(CC)C1=S->[Re+5]23(<-[O-2])(<-[S-]1)<-[S-]c1ccccc1P->2(c1ccccc1)c1ccccc1[S-]->3,CCN(CC)C1=S->[Re+5]23(<-[O-2])(<-[S-]1)<-[S-]c1ccccc1P->2(c1ccccc1)c1ccccc1[S-]->3
NISHOP,N#C/C1[S-]->[Pt@OH14+2]2(<-[S-]\C=1C#N)<-n1ccccc1-c1ccccn->21,C14 H8 N4 Pt1 S2,0.0,N#CC1[S-]->[Pt+2]2(<-[S-]C=1C#N)<-n1ccccc1-c1ccccn->21,N#CC1[S-]->[Pt+2]2(<-[S-]C=1C#N)<-n1ccccc1-c1ccccn->21,N#CC1[S-]->[Pt+2]2(<-[S-]C=1C#N)<-n1ccccc1-c1ccccn->21
NISVAO,C[CH2-]->[Zn@@+2]12<-c3(C)c(C)c(C)c(C)[c-]->13CCCN->2(C)C,C16 H29 N1 Zn1,0.0,C[CH2-]->[Zn+2]1<-[c-]2(CCCN->1(C)C)c(C)c(C)c(C)c2C,C[CH2-]->[Zn+2]12<-c3(C)c(C)c(C)c(C)[c-]->13CCCN->2(C)C,C[CH2-]->[Zn+2]1<-c2(C)c(C)c(C)c(C)[c-]->12CCCN(C)C
NITGOM,CC1=C2CP(C(C)(C)C)(C(C)(C)C)->[Rh@TB2+]34(<-[Cl-])<-C=C->32C(CP->4(C(C)(C)C)C(C)(C)C)=C(C)C1=O,C27 H48 Cl1 O1 P2 Rh1,0.0,CC1=C2CP(C(C)(C)C)(C(C)(C)C)->[Rh+]34(<-[Cl-])<-C=C->32C(CP->4(C(C)(C)C)C(C)(C)C)=C(C)C1=O,CC1=C2CP(C(C)(C)C)(C(C)(C)C)->[Rh+]34(<-[Cl-])<-C=C->32C(CP->4(C(C)(C)C)C(C)(C)C)=C(C)C1=O,Cc1c([O-])c(C)c2CP(C(C)(C)C)(C(C)(C)C)->[Rh+3]34(<-[Cl-])<-[CH2-]c->32c1CP->4(C(C)(C)C)C(C)(C)C
NITWET,,C21 H20 Cd1 Cl2 N6 O8 S2,0.0,Cc1csc2-c3ccc4c5n3->[Cd+2]3(<-[O-][Cl+3]([O-])([O-])[O-])(<-[O-][Cl+3]([O-])([O-])[O-])(<-n12)<-n1c(C)csc1-c1ccc(c-5n->31)NC(C)(C)N4,Cc1csc2n1->[Cd+14]13(<-[O-2])(<-[O-2])<-n4c(C)csc4-c4ccc5c(n->14)-c1c(ccc-2n->31)NC(C)(C)N5.[O-2].[O-2].[O-2].[O-2].[O-]Cl.[O-]Cl,Cc1csc2n1->[Cd+14]13(<-[O-2])(<-[O-2])<-n4c(C)csc4-c4ccc5c(n->14)-c1c(ccc-2n->31)NC(C)(C)N5.[O-2].[O-2].[O-2].[O-2].[O-]Cl.[O-]Cl
NIWFUW,CC12=C->[Mn+]<-134(<-[C-]#[O+])(<-C=C->3(C)[CH-]->42)(<-P(C)(C)C)<-P(C)(C)C,C14 H29 Mn1 O1 P2,0.0,fail,CC12=C->[Mn+]<-134(<-[C-]#[O+])(<-[CH2-]C->3(C)=C->42)(<-P(C)(C)C)<-P(C)(C)C,C=C(C)[CH-]1C2(C)=C->[Mn+]<-1<-2(<-[C-]#[O+])(<-P(C)(C)C)<-P(C)(C)C
NIXDUV,CC(C)c1cccc(C(C)C)c1-n1ccn(-c2c(C(C)C)cccc2C(C)C)c1=[N-]->[V+5](<-[Cl-])(<-[Cl-])<-[N-2]c1ccccc1,C33 H41 Cl2 N4 V1,0.0,CC(C)c1cccc(C(C)C)c1-n1ccn(-c2c(C(C)C)cccc2C(C)C)c1=[N-]->[V+4](<-[Cl-])(<-[Cl-])<-[N-]c1ccccc1,CC(C)c1cccc(C(C)C)c1-n1ccn(-c2c(C(C)C)cccc2C(C)C)c1=[N-]->[V+5](<-[Cl-])(<-[Cl-])<-[N-2]c1ccccc1,CC(C)c1cccc(C(C)C)c1-n1ccn(-c2c(C(C)C)cccc2C(C)C)c1=[N-]->[V+5](<-[Cl-])(<-[Cl-])<-[N-2]c1ccccc1
NIYTIA,[Cl-]->[Au+3](<-[Cl-])(<-[Cl-])<-n1cccc2ccc3ccc(-c4ccccc4)nc3c21,C18 H12 Au1 Cl3 N2,0.0,[Cl-]->[Au+3](<-[Cl-])(<-[Cl-])<-n1cccc2ccc3ccc(-c4ccccc4)nc3c21,[Cl-]->[Au+3](<-[Cl-])(<-[Cl-])<-n1cccc2ccc3ccc(-c4ccccc4)nc3c21,[Cl-]->[Au+3]1(<-[Cl-])(<-[Cl-])<-n2cccc3ccc4ccc(-c5ccccc5)n->1c4c32
NIZMUE,O=C1CN2CCCN3CCN->[Co+3]<-3<-24567(<-O=N->4[O-]->5)(<-O=N->6[O-]->7)<-[O-]1,C7 H16 Co1 N5 O6,0.0,O=C1CN2CCCN3CCN->[Co-]<-3<-2(<-[O-]1)(<-[N+](=O)=O)<-[N+](=O)=O,O=C1CN2CCCN3CCN->[Co+3]<-3<-2(<-[O-]1)(<-N(=O)[O-])<-N(=O)[O-],O=C1CN2CCCN3CCN->[Co+3]<-3<-2(<-[O-]1)(<-N(=O)[O-])<-N(=O)[O-]
NOBBUD,,C27 H34 N6 Ru1 Si3,0.0,C[Si-]1(C)n2ccc3cccn(->[RuH+3]<-145(<-n1cccc6ccn([Si-]->4(C)C)c61)<-n1cccc4ccn([Si-]->5(C)C)c41)c32,C[Si-]1(C)n2ccc3cccn(->[RuH+3]<-145(<-n1cccc6ccn([Si-]->4(C)C)c61)<-n1cccc4ccn([Si-]->5(C)C)c41)c32,C[Si-]1(C)n2ccc3cccn(->[RuH+3]<-145(<-n1cccc6ccn([Si-]->4(C)C)c61)<-n1cccc4ccn([Si-]->5(C)C)c41)c32
NOBNUQ,COc1ccccc1-n1[n-]o/c(=N\C(=O)c2ccccc2)c1=S->[Au+]<-P(c1ccccc1)(c1ccccc1)c1ccccc1,C34 H27 Au1 N3 O3 P1 S1,0.0,COc1ccccc1-[n+]1[n-]oc(=NC(=O)c2ccccc2)c1[S-]->[Au+]<-P(c1ccccc1)(c1ccccc1)c1ccccc1,COc1ccccc1-n1[n-]oc(=NC(=O)c2ccccc2)c1=S->[Au+]<-P(c1ccccc1)(c1ccccc1)c1ccccc1,COc1ccccc1-n1[n-]oc2=N(C(=O)c3ccccc3)->[Au+](<-S=c21)<-P(c1ccccc1)(c1ccccc1)c1ccccc1
NOCFOD,CCc1cc(C)cc(CC)c1N1=C23->[Fe+2]<-14(<-[Cl-])(<-[Cl-])<-n1c5ccccc5cc(c->412)CCC3,C24 H26 Cl2 Fe1 N2,0.0,CCc1cc(C)cc(CC)c1N1=C2CCCc3cc4ccccc4n(->[Fe+2]<-1(<-[Cl-])<-[Cl-])c32,CCc1cc(C)cc(CC)c1N1=C2CCCc3cc4ccccc4n(->[Fe+2]<-1(<-[Cl-])<-[Cl-])c32,CCc1cc(C)cc(CC)c1N1=C2CCCc3cc4ccccc4n(->[Fe+2]<-1(<-[Cl-])<-[Cl-])c32
NODKOG,CCO[C](/C=C(\C=C(/C1=CCCCC1)N1CCOCC1)c1ccccc1)->[W](<-[C-]#[O+])(<-[C-]#[O+])(<-[C-]#[O+])(<-[C-]#[O+])<-[C-]#[O+],C28 H29 N1 O7 W1,0.0,CCO[C-2](C=C(C=C(C1=CCCCC1)N1CCOCC1)c1ccccc1)->[W+2](<-[C-]#[O+])(<-[C-]#[O+])(<-[C-]#[O+])(<-[C-]#[O+])<-[C-]#[O+],CCO[C](C=C(C=C(C1=CCCCC1)N1CCOCC1)c1ccccc1)->[W](<-[C-]#[O+])(<-[C-]#[O+])(<-[C-]#[O+])(<-[C-]#[O+])<-[C-]#[O+],CCO[C](C=C(C=C(C1=CCCCC1)N1CCOCC1)c1ccccc1)->[W](<-[C-]#[O+])(<-[C-]#[O+])(<-[C-]#[O+])(<-[C-]#[O+])<-[C-]#[O+]
NOFCUH,CC(C)(C)/C1=C2/B3([H]->[Cr]<-2<-1<-3(<-[C-]#[O+])(<-[C-]#[O+])(<-[C-]#[O+])<-[C-]#[O+])N([Si](C)(C)C)[Si](C)(C)C,C16 H30 B1 Cr1 N1 O4 Si2,0.0,CC(C)(C)C1=C2[B-]([H]->[Cr]<-2<-1(<-[C-]#[O+])(<-[C-]#[O+])(<-[C-]#[O+])<-[C-]#[O+])=[N+]([Si](C)(C)C)[Si](C)(C)C,CC(C)(C)C1=C2B(N([Si](C)(C)C)[Si](C)(C)C)->[Cr]<-2<-1(<-[C-]#[O+])(<-[C-]#[O+])(<-[C-]#[O+])<-[C-]#[O+],CC(C)(C)C1=C2B(N([Si](C)(C)C)[Si](C)(C)C)->[Cr]<-2<-1(<-[C-]#[O+])(<-[C-]#[O+])(<-[C-]#[O+])<-[C-]#[O+]
NOFTUX,[Cl-]->[Pt+2]1(<-[Cl-])<-n2cccc3c4nc5ccccc5nc4c4cccn->1c4c32,C18 H10 Cl2 N4 Pt1,0.0,[Cl-]->[Pt+2]1(<-[Cl-])<-n2cccc3c4nc5ccccc5nc4c4cccn->1c4c32,[Cl-]->[Pt+4]1(<-[Cl-])<-[N-]2C=CC=c3c2c2c(c4nc5ccccc5nc34)=CC=C[N-]->12,[Cl-]->[Pt+4]1(<-[Cl-])<-[N-]2C=CC=c3c2c2c(c4nc5ccccc5nc34)=CC=C[N-]->12
NOGROR,[I-]->[Pt+2]12(<-[I-])<-[S-]C->1([S-]->2)=C([P+](c1ccccc1)(c1ccccc1)c1ccccc1)[P+](c1ccccc1)(c1ccccc1)c1ccccc1,C38 H30 I2 P2 Pt1 S2,0.0,fail,[I-]->[Pt+2]1(<-[I-])<-[S-]C([S-]->1)=C([P+](c1ccccc1)(c1ccccc1)c1ccccc1)[P+](c1ccccc1)(c1ccccc1)c1ccccc1,[I-]->[Pt+4]12(<-[I-])<-[S-][C-]->1([S-]->2)C(=P(c1ccccc1)(c1ccccc1)c1ccccc1)[P+](c1ccccc1)(c1ccccc1)c1ccccc1
NOHDAP,C=[C-](N(/C=C/C(=O)OC)c1c(C)cccc1C)->[Pd+2]1(<-[Cl-])<-n2ccccc2-c2ccccn->12,C24 H24 Cl1 N3 O2 Pd1,0.0,C=[C](N(C=CC(=O)OC)c1c(C)cccc1C)->[Pd+]1(<-[Cl-])<-n2ccccc2-c2ccccn->12,C=[C-](N(C=CC(=O)OC)c1c(C)cccc1C)->[Pd+2]1(<-[Cl-])<-n2ccccc2-c2ccccn->12,C=[C-](N(C=CC(=O)OC)c1c(C)cccc1C)->[Pd+2]1(<-[Cl-])<-n2ccccc2-c2ccccn->12
NOJCAT,Cc1ccn(->[Zn+2](<-[O-]C(=O)c2cc(/N=N/c3ccc(Br)cc3)ccc2O)(<-[O-]C(=O)c2cc(/N=N/c3ccc(Br)cc3)ccc2O)<-n2ccc(C)cc2)cc1,C38 H30 Br2 N6 O6 Zn1,0.0,Cc1ccn(->[Zn+2](<-[O-]C(=O)c2cc(N=Nc3ccc(Br)cc3)ccc2O)(<-[O-]C(=O)c2cc(N=Nc3ccc(Br)cc3)ccc2O)<-n2ccc(C)cc2)cc1,Cc1ccn(->[Zn+2](<-[O-]C(=O)c2cc(N=Nc3ccc(Br)cc3)ccc2O)(<-[O-]C(=O)c2cc(N=Nc3ccc(Br)cc3)ccc2O)<-n2ccc(C)cc2)cc1,Cc1ccn(->[Zn+6]2345(<-[O-][C-]->2([O-]->3)c2cc(N=Nc3ccc(Br)cc3)ccc2O)(<-[O-][C-]->4([O-]->5)c2cc(N=Nc3ccc(Br)cc3)ccc2O)<-n2ccc(C)cc2)cc1
NOKZOD,,C17 H22 Br1 Ta1,0.0,Cc12->[Ta+3]3456789%10%11(<-[Br-])(<-C%12=C->3C->4=C->5[CH-]->6C->7=C->8%12)<-c1(C)c->9(C)[c-]->%10(C)c->%112C,Cc12->[Ta+3]3456789%10%11(<-[Br-])(<-C%12=C->3C->4=C->5[CH-]->6C->7=C->8%12)<-c1(C)c->9(C)[c-]->%10(C)c->%112C,Cc12->[Ta+3]34567(<-[Br-])(<-C8=C->3C=C[CH-]->4C=C8)<-c1(C)c->5(C)[c-]->6(C)c->72C
NOLMIL,[BH2-]1N2CCSC2=S->[Ag@SP3+](<-S=C2SCCN12)<-[P@TB5](c1ccccc1)(c1ccccc1)c1ccccc1,C24 H25 Ag1 B1 N2 P1 S4,0.0,[BH2-]1N2CCSC2=S->[Ag+](<-S=C2SCCN12)<-P(c1ccccc1)(c1ccccc1)c1ccccc1,[BH2-]1N2CCSC2=S->[Ag+](<-S=C2SCCN12)<-P(c1ccccc1)(c1ccccc1)c1ccccc1,[BH2-]1N2CCSC2=S->[Ag+](<-S=C2SCCN12)<-P(c1ccccc1)(c1ccccc1)c1ccccc1
NOMGUU,CO1CCO(C)->[Ta+5]<-1(<-[Cl-])(<-[Cl-])(<-[Cl-])<-[N-2]C(C)(C)C,C8 H19 Cl3 N1 O2 Ta1,0.0,CO1CCO(C)->[Ta+5]<-1(<-[Cl-])(<-[Cl-])(<-[Cl-])<-[N-2]C(C)(C)C,CO1CCO(C)->[Ta+5]<-1(<-[Cl-])(<-[Cl-])(<-[Cl-])<-[N-2]C(C)(C)C,CO1CCO(C)->[Ta+5]<-1(<-[Cl-])(<-[Cl-])(<-[Cl-])<-[N-2]C(C)(C)C
NOMSOX,CC12(C)[H]->[Ti+4]<-134567(<-[Cl-])(<-[Cl-])<-c1c->3c->4[c-]->5(CCC[N-]->62)c->71,C11 H17 Cl2 N1 Ti1,0.0,CC(C)[N-]1CCCc23->[Ti+4]<-1456(<-[Cl-])(<-[Cl-])<-c(c->4[cH-]->52)c->63,CC(C)[N-]1CCCc23->[Ti+4]<-1456(<-[Cl-])(<-[Cl-])<-c(c->4[cH-]->52)c->63,CC(C)[N-]1CCCc23->[Ti+4]<-1456(<-[Cl-])(<-[Cl-])<-c(c->4[cH-]->52)c->63
NONNAH,COc1ccccc1[N-]1/C=N(/c2c(C)cc(C)cc2C)->[Hf+4]<-123(<-[Cl-])(<-[Cl-])<-N(=C\[N-]->2c1ccccc1O->3C)/c1c(C)cc(C)cc1C,C34 H38 Cl2 Hf1 N4 O2,0.0,COc1ccccc1N1=C[N-](c2c(C)cc(C)cc2C)->[Hf+4]<-123(<-[Cl-])(<-[Cl-])<-N(=C[N-]->2c1c(C)cc(C)cc1C)c1ccccc1O->3C,COc1ccccc1[N-]1C=N(c2c(C)cc(C)cc2C)->[Hf+4]<-123(<-[Cl-])(<-[Cl-])<-N(=C[N-]->2c1ccccc1O->3C)c1c(C)cc(C)cc1C,COc1ccccc1[N-]1C=N(c2c(C)cc(C)cc2C)->[Hf+4]<-123(<-[Cl-])(<-[Cl-])<-N(=C[N-]->2c1ccccc1O->3C)c1c(C)cc(C)cc1C
NONVOB,CC(C)(C)N1[Si@@]2(C)[N-](C(C)(C)C)->[Zr+4]3(<-[CH3-])(<-[CH3-])<-[N-](C(C)(C)C)[Si@]1(C)N->32C(C)(C)C,C20 H48 N4 Si2 Zr1,0.0,CC(C)(C)N1[Si]2(C)[N-](C(C)(C)C)->[Zr+4](<-[CH3-])(<-[CH3-])<-[N-](C(C)(C)C)[Si]1(C)N2C(C)(C)C,CC(C)(C)[N-]1[Si]2(C)N3(C(C)(C)C)->[Zr+4]<-14(<-[CH3-])(<-[CH3-])<-[N-](C(C)(C)C)[Si]3(C)N->42C(C)(C)C,CC(C)(C)N1[Si]2=N(C(C)(C)C)->[Zr+4](<-[CH3-])(<-[CH3-])<-N(C(C)(C)C)=[Si]1N2C(C)(C)C.[CH3-].[CH3-]
NOPHAD,CC(C)(C)[CH-]1C2=C3=[C-]([Si](C)(C)C)->[Zr+4]<-3<-2<-1456789%10%11(<-c1c->4c->5[cH-]->6c->71)<-c1c->8c->9[cH-]->%10c->%111,C21 H30 Si1 Zr1,0.0,CC(C)(C)C1C2=C3=C([Si](C)(C)C)->[Zr+2]<-3<-2<-1456789%10%11(<-c1c->4c->5[cH-]->6c->71)<-c1c->8c->9[cH-]->%10c->%111,CC(C)(C)C1=C2C3#C([Si](C)(C)C)->[Zr+2]<-3<-2<-1456789%10%11(<-c1c->4c->5[cH-]->6c->71)<-c1c->8c->9[cH-]->%10c->%111,CC(C)(C)C1=C2C3#C([Si](C)(C)C)->[Zr+2]<-3<-2<-1456789%10%11(<-c1c->4c->5[cH-]->6c->71)<-c1c->8c->9[cH-]->%10c->%111
NOQFUX,N#Cc1ccccc1NP(c1ccccc1)(c1ccccc1)->[Pt+2](<-[Cl-])(<-[Cl-])<-P(Nc1ccccc1C#N)(c1ccccc1)c1ccccc1,C38 H30 Cl2 N4 P2 Pt1,0.0,N#Cc1ccccc1NP(c1ccccc1)(c1ccccc1)->[Pt+2](<-[Cl-])(<-[Cl-])<-P(Nc1ccccc1C#N)(c1ccccc1)c1ccccc1,N#Cc1ccccc1NP(c1ccccc1)(c1ccccc1)->[Pt+2](<-[Cl-])(<-[Cl-])<-P(Nc1ccccc1C#N)(c1ccccc1)c1ccccc1,N#Cc1ccccc1NP(c1ccccc1)(c1ccccc1)->[Pt+2](<-[Cl-])(<-[Cl-])<-P(Nc1ccccc1C#N)(c1ccccc1)c1ccccc1
NOQVEW,,C40 H34 N2 O1 P2 Ru1 S1,0.0,CC#N->[RuH+](<-[C-]#[O+])(<-[N-]=C=S)(<-P(c1ccccc1)(c1ccccc1)c1ccccc1)<-P(c1ccccc1)(c1ccccc1)c1ccccc1,CC#N->[RuH+](<-[C-]#[O+])(<-[N-]=C=S)(<-P(c1ccccc1)(c1ccccc1)c1ccccc1)<-P(c1ccccc1)(c1ccccc1)c1ccccc1,CC#N->[RuH+](<-[C-]#[O+])(<-[N-]=C=S)(<-P(c1ccccc1)(c1ccccc1)c1ccccc1)<-P(c1ccccc1)(c1ccccc1)c1ccccc1
NORZAV,CCO[C](OCC)->[Fe+2]1234(<-[C-]#[O+])(<-[c-]5ccccc5OC)<-c5(C)c->1(C)c->2(C)[c-]->3(C)c->45C,C23 H32 Fe1 O4,0.0,CCO[C-2](OCC)->[Fe+4]1234(<-[C-]#[O+])(<-[c-]5ccccc5OC)<-c5(C)c->1(C)c->2(C)[c-]->3(C)c->45C,CCO[C](OCC)->[Fe+2]1234(<-[C-]#[O+])(<-[c-]5ccccc5OC)<-c5(C)c->1(C)c->2(C)[c-]->3(C)c->45C,CCO[C](OCC)->[Fe+2]1234(<-[C-]#[O+])(<-[c-]5ccccc5OC)<-c5(C)c->1(C)c->2(C)[c-]->3(C)c->45C
NOSGEH,[Cl-]->[Ti+4]123456789(<-[Cl-])<-c%10c->1[c-]->2([C@@H]1CCCCC[C@H]1c->31c->4c->5c->62[c-]->71CCCC2)c->81c->9%10CCCC1,C25 H32 Cl2 Ti1,0.0,[Cl-]->[Ti+4]123456789(<-[Cl-])<-c%10[cH-]->1c->2(C1CCCCCC1c->31c->4[cH-]->5c->62c->71CCCC2)c->81c->9%10CCCC1,[Cl-]->[Ti+4]123456789(<-[Cl-])<-c%10c->1[c-]->2(C1CCCCCC1c->31c->4c->5c->62[c-]->71CCCC2)c->81c->9%10CCCC1,[Cl-]->[Ti+4]123456789(<-[Cl-])<-c%10c->1[c-]->2(C1CCCCCC1c->31c->4c->5c->62[c-]->71CCCC2)c->81c->9%10CCCC1
NOSZIE,[NH3+]CC1#C->[Cu+]<-1(<-[Br-])<-[Br-],C3 H6 Br2 Cu1 N1,0.0,[NH3+]CC1#C->[Cu+]<-1(<-[Br-])<-[Br-],[NH3+]CC1#C->[Cu+]<-1(<-[Br-])<-[Br-],[NH3+]CC1#C->[Cu+]<-1(<-[Br-])<-[Br-]
NOWFAG,Cc12->[Mo+4]3456(<-[S-2])(<-[S-]/C(=C(\[S-]->3)c3ccccc3)c3ccccc3)<-c1(C)c->4(C)[c-]->5(C)c->62C,C24 H25 Mo1 S3 1-,-1.0,Cc12->[Mo+4]3456(<-[S-2])(<-[S-]C(=C([S-]->3)c3ccccc3)c3ccccc3)<-c1(C)c->4(C)[c-]->5(C)c->62C,Cc12->[Mo+2]3456(<-[S-2])(<-S=C(C(=S->3)c3ccccc3)c3ccccc3)<-c1(C)c->4(C)[c-]->5(C)c->62C,Cc12->[Mo+2]3456(<-[S-2])(<-S=C(C(=S->3)c3ccccc3)c3ccccc3)<-c1(C)c->4(C)[c-]->5(C)c->62C
NOWROG,CC(C)(C)[N-2]->[Nb+5]123456789(<-[Cl-])<-c%10c->1c->2[c-]->3(C(C)(C)[c-]->41c->5c->6c->7c->81)c->9%10,C17 H23 Cl1 N1 Nb1,0.0,CC(C)(C)[N-2]->[Nb+5]123456789(<-[Cl-])<-c%10c->1[cH-]->2c->3(C(C)(C)c->41c->5c->6[cH-]->7c->81)c->9%10,CC(C)(C)[N-2]->[Nb+5]123456789(<-[Cl-])<-c%10c->1c->2[c-]->3(C(C)(C)[c-]->41c->5c->6c->7c->81)c->9%10,CC(C)(C)[N-2]->[Nb+5]12345(<-[Cl-])<-c6c->1c->2[c-]->3(C(C)(C)c1ccc[cH-]->41)c->56
NOXQOI,,C18 H16 N2 O2 Pt1,0.0,fail,CC1=CC(C)=O->[Pt+2]2(<-[O-]1)<-[C]1N3C=CC=CC3=CN1c1cccc[c-]->21,CC1=CC(C)=O->[Pt+2]2(<-[O-]1)<-[C]1N3C=CC=CC3=CN1c1cccc[c-]->21
NOYKER,C/C1=C/C(C)=N2->[Fe+4]34(<-[C-](=C5C=C[CH-]C=C5)c5ccccc5)<-N(=C(C)\C=C(\C)[N-]->3c3c[cH-][cH+]cc3\2)/c2ccccc2[N-]->41,C35 H32 Fe1 N4,0.0,CC1=CC(C)=N2->[Fe+4]34(<-[C-2](c5ccccc5)c5ccccc5)<-N(=C(C)C=C(C)[N-]->3c3ccccc32)c2ccccc2[N-]->41,Cc1cc(C)[n-]2->[Fe+4]34(<-[C](c5ccccc5)c5ccccc5)<-n1c1ccccc1[n-]->3[c-](C)cc(C)[n-]->4c1ccccc12,Cc1cc(C)[n-]2->[Fe+4]34(<-[C](c5ccccc5)c5ccccc5)<-n1c1ccccc1[n-]->3[c-](C)cc(C)[n-]->4c1ccccc12
NOYSUR,,C27 H29 N1 O1 Ti1,0.0,Cc1ccc(C2[N-](c3ccccc3)->[Ti+4]3456789%10(<-[O-]C2(C)C)(<-c2c->3c->4[cH-]->5c->62)<-c2c->7c->8[cH-]->9c->%102)cc1,Cc1ccc(C2[N-](c3ccccc3)->[Ti+4]3456789%10(<-[O-]C2(C)C)(<-c2c->3c->4[cH-]->5c->62)<-c2c->7c->8[cH-]->9c->%102)cc1,Cc1ccc(C2[N-](c3ccccc3)->[Ti+4]34567(<-[O-]C2(C)C)(<-c2c->3c->4[cH-]->5c->62)<-c2ccc[cH-]->72)cc1
NOZBIP,,C26 H49 B1 N2 O2 P2 Ru1,0.0,fail,CC(C)(C)P1(Cn2b3->[RuH2]<-145(<-O=C->4(C)[O-]->5)<-P(C[n+]3c1ccccc12)(C(C)(C)C)C(C)(C)C)C(C)(C)C,CC(C)(C)P1(Cn2b3->[RuH2]<-145(<-O=C->4(C)[O-]->5)<-P(C[n+]3c1ccccc12)(C(C)(C)C)C(C)(C)C)C(C)(C)C
NSMPCU,C=C1C=CC2=O->[Cu@SP3+]3(<-[O-]c4ccc(C)cc4N->3=O)<-N(=O)C2=C1,C14 H12 Cu1 N2 O4,0.0,Cc1ccc2[O-]->[Cu+2]3(<-[O-]c4ccc(C)cc4N->3=O)<-N(=O)c2c1,C=C1C=CC2=O->[Cu+5]3(<-[O-]c4ccc(C)cc4[N-]->3[O-])<-[N-]([O-])C2=C1,C=C1C=CC2=O->[Cu+5]3(<-[O-]c4ccc(C)cc4[N-]->3[O-])<-[N-]([O-])C2=C1
NUCBES,,C9 H11 F2 Fe1 N2 O2 S1 1+,1.0,C[N+](C)=S(F)(F)=[N-]->[Fe+2]1234(<-[C-]#[O+])(<-[C-]#[O+])<-c5c->1c->2[cH-]->3c->45,CN(C)S(F)(F)#N->[Fe+2]1234(<-[C-]#[O+])(<-[C-]#[O+])<-c5c->1c->2[cH-]->3c->45,CN(C)S(F)(F)#N->[Fe+2]1234(<-[C-]#[O+])(<-[C-]#[O+])<-c5c->1c->2[cH-]->3c->45
NUCZUI,COc12->[Cr]3456(<-[C-]#[O+])(<-[C-]#[O+])(<-[C-]#[O+])<-c1c->3c->4(=O)[c-]->5(S(=O)(=O)C(F)(F)F)c->62,C11 H6 Cr1 F3 O7 S1 1-,-1.0,COc12->[Cr]3456(<-[C-]#[O+])(<-[C-]#[O+])(<-[C-]#[O+])<-c1c->3c->4([O-])c->5(S(=O)(=O)C(F)(F)F)c->62,COc12->[Cr]3456(<-[C-]#[O+])(<-[C-]#[O+])(<-[C-]#[O+])<-c1c->3c->4(=O)[c-]->5(S(=O)(=O)C(F)(F)F)c->62,COc12->[Cr]3456(<-[C-]#[O+])(<-[C-]#[O+])(<-[C-]#[O+])<-c1c->3c->4(=O)[c-]->5(S(=O)(=O)C(F)(F)F)c->62
NUGFAW,Cc1c(C)[c-]2(C)->[Y+3]34567(<-N(=c8/cccccc8[N-]->3C(C)C)/C(C)C)(<-c3(C)c(C)[c-]->4(C)c->5(C)c->63C)<-c1(C)c->72C,C33 H49 N2 Y1,0.0,CC(C)N1=c2cccccc2[N-](C(C)C)->[Y+3]<-123456789(<-c1(C)c->2(C)c->3(C)[c-]->4(C)c->51C)<-c1(C)c->6(C)c->7(C)[c-]->8(C)c->91C,CC(C)N1=c2cccccc2[N-](C(C)C)->[Y+3]<-123456789(<-c1(C)c->2(C)c->3(C)[c-]->4(C)c->51C)<-c1(C)c->6(C)c->7(C)[c-]->8(C)c->91C,Cc1c(C)c(C)[c-](C)(->[Y+3]23(<-N(=c4cccccc4[N-]->2C(C)C)C(C)C)<-c2(C)c(C)c(C)c(C)[c-]->32C)c1C
NUHCIC,CC(C)(C)[N-2]->[Ti+4]1(<-[Cl-])(<-[Cl-])<-S2CCSCCS->1CC2,C10 H21 Cl2 N1 S3 Ti1,0.0,CC(C)(C)[N-2]->[Ti+4]12(<-[Cl-])(<-[Cl-])<-S3CCS->1CCS->2CC3,CC(C)(C)[N-2]->[Ti+4]12(<-[Cl-])(<-[Cl-])<-S3CCS->1CCS->2CC3,CC(C)(C)[N-2]->[Ti+4]12(<-[Cl-])(<-[Cl-])<-S3CCS->1CCS->2CC3
NUKFOQ,CN1(C)CCN(C)(C)->[Pd+2]<-1(<-[I-])<-[c-]1ccc(F)cc1,C12 H20 F1 I1 N2 Pd1,0.0,CN1(C)CCN(C)(C)->[Pd+2]<-1(<-[I-])<-[c-]1ccc(F)cc1,CN1(C)CCN(C)(C)->[Pd+2]<-1(<-[I-])<-[c-]1ccc(F)cc1,CN1(C)CCN(C)(C)->[Pd+2]<-1(<-[I-])<-[c-]1ccc(F)cc1
NULPOZ,CC1=C/C2=C/[N-]3CCC[N-]4/C=C5/C=C(C)C=C(C=O)C5=S->[Ni@SP1+2]<-3<-4<-S=C2C(C=O)=C1,C21 H20 N2 Ni1 O2 S2,0.0,fail,CC1=CC2=C[N-]3CCC[N-]4C=C5C=C(C)C=C(C=O)C5=S->[Ni+2]<-3<-4<-S=C2C(C=O)=C1,CC1=CC2=C[N-]3CCC[N-]4C=C5C=C(C)C=C(C=O)C5=S->[Ni+2]<-3<-4<-S=C2C(C=O)=C1
NUNSAR,COC(=O)/C1c2csc(N)n2->[Ni+2]2(<-S=c3sc4ccccc4[n-]->23)(<-[S-]c2nc3ccccc3s2)<-N=1\OC,C21 H17 N5 Ni1 O3 S5,0.0,COC(=O)C1c2csc(N)n2->[Ni+2]23(<-[S-]c4sc5ccccc5n->24)(<-[S-]c2sc4ccccc4n->32)<-N=1OC,COC(=O)C1c2csc(N)n2->[Ni+2]23(<-S=c4sc5ccccc5[n-]->24)(<-S=c2sc4ccccc4[n-]->32)<-N=1OC,COC(=O)C1c2csc(N)n2->[Ni+2](<-[S-]c2nc3ccccc3s2)(<-N=1OC)<-[n-]1c(=S)sc2ccccc21
NUPWOK,Cc1cc(C)n2->[Pt@SP1]34<-n1c1ccccc1n->3c(C)cc(C)n->4c1ccccc12,C22 H22 N4 Pt1,0.0,CC1=CC(C)=N2->[Pt+2]34<-N(=C(C)C=C(C)[N-]->3c3ccccc3[N-]->41)c1ccccc12,Cc1cc(C)[n-]2->[Pt+4]34<-n1c1ccccc1[n-]->3[c-](C)cc(C)[n-]->4c1ccccc12,Cc1cc(C)[n-]2->[Pt+4]34<-n1c1ccccc1[n-]->3[c-](C)cc(C)[n-]->4c1ccccc12
NURVIF,CN12CCC/N3=C/c4ccccc4[O-]->[Co+3]<-3<-1456(<-O=N->4[O-]->5)<-[O-]c1ccccc1/C=N->6/CCC2,C21 H25 Co1 N4 O4,0.0,CN12CCCN3=Cc4ccccc4[O-]->[Co+]<-3<-14(<-[O-]c1ccccc1C=N->4CCC2)<-[N+](=O)=O,CN12CCCN3=Cc4ccccc4[O-]->[Co+3]<-3<-14(<-[O-]c1ccccc1C=N->4CCC2)<-N(=O)[O-],CN12CCCN3=Cc4ccccc4[O-]->[Co+3]<-3<-14(<-[O-]c1ccccc1C=N->4CCC2)<-N(=O)[O-]
NUTHOA,Cc1cccc2CN3Cc4cccc(C)n4->[Co+3]<-345(<-[O-]C(=O)[O-]->4)(<-[O-]N->5=O)<-n12,C15 H17 Co1 N4 O5,0.0,Cc1cccc2CN3Cc4cccc(C)n4->[Co+]<-34(<-[O-]C(=O)[O-]->4)(<-n12)<-[N+](=O)=O,Cc1cccc2CN3Cc4cccc(C)n4->[Co+3]<-34(<-[O-]C(=O)[O-]->4)(<-N(=O)[O-])<-n12,Cc1cccc2CN3Cc4cccc(C)n4->[Co+3]<-34(<-[O-]C(=O)[O-]->4)(<-N(=O)[O-])<-n12
NUWCOX,C[Si](C)(C)[N-]1c23->[W+6]<-14(<-[CH2-]Cc1ccccc1)(<-[CH2-]Cc1ccccc1)(<-[N-2]c1ccccc1)<-[N-](c->42cccc3)[Si](C)(C)C,C34 H45 N3 Si2 W1,0.0,C[Si](C)(C)[N-]1c2ccccc2[N-]([Si](C)(C)C)->[W+6]<-1(<-[CH2-]Cc1ccccc1)(<-[CH2-]Cc1ccccc1)<-[N-2]c1ccccc1,C[Si](C)(C)[N-]1c2ccccc2[N-]([Si](C)(C)C)->[W+6]<-1(<-[CH2-]Cc1ccccc1)(<-[CH2-]Cc1ccccc1)<-[N-2]c1ccccc1,C[Si](C)(C)[N-]1c2ccccc2[N-]([Si](C)(C)C)->[W+6]<-1(<-[CH2-]Cc1ccccc1)(<-[CH2-]Cc1ccccc1)<-[N-2]c1ccccc1
NUXLEZ,CCP1(CC)CCCP(CC)(CC)->[Pd+2]<-1(<-[O-]S(=O)(=O)C(F)(F)F)<-[O-]S(=O)(=O)C(F)(F)F,C13 H26 F6 O6 P2 Pd1 S2,0.0,CCP1(CC)CCCP(CC)(CC)->[Pd+2]<-1(<-[O-]S(=O)(=O)C(F)(F)F)<-[O-]S(=O)(=O)C(F)(F)F,CCP1(CC)CCCP(CC)(CC)->[Pd+2]<-1(<-[O-]S(=O)(=O)C(F)(F)F)<-[O-]S(=O)(=O)C(F)(F)F,CCP1(CC)CCCP(CC)(CC)->[Pd+2]<-12(<-[O-]S(=O)(=O)C(F)(F)F)<-[O-]S->2(=O)(=O)C(F)(F)F
NUXWEK,CCC1(CC)C2=N3->[Ni@SP1+2]45<-N6=C1C=C/C6=C/c1ccc([n-]->41)C(CC)(CC)c1ccc([n-]->51)/C=C\3C=C2,C28 H30 N4 Ni1,0.0,CCC1(CC)C2=N3->[Ni+2]45<-N6=C(C=CC6=Cc6ccc1[n-]->46)C(CC)(CC)c1ccc([n-]->51)C=C3C=C2,CCC1(CC)C2=N3->[Ni+2]45<-N6=C1C=CC6=Cc1ccc([n-]->41)C(CC)(CC)c1ccc([n-]->51)C=C3C=C2,CCC1(CC)C2=N3->[Ni+2]45<-N6=C1C=CC6=Cc1ccc([n-]->41)C(CC)(CC)c1ccc([n-]->51)C=C3C=C2
OBAHUW,CCO[C](C1=C(c2ccccc2)N2C(=O)C[C@H](c3ccccc3)N2[C@@H]1c1ccccc1)->[W](<-[C-]#[O+])(<-[C-]#[O+])(<-[C-]#[O+])(<-[C-]#[O+])<-[C-]#[O+],C32 H24 N2 O7 W1,0.0,CCO[C-2](C1=C(c2ccccc2)N2C(=O)CC(c3ccccc3)N2C1c1ccccc1)->[W+2](<-[C-]#[O+])(<-[C-]#[O+])(<-[C-]#[O+])(<-[C-]#[O+])<-[C-]#[O+],CCO[C](C1=C(c2ccccc2)N2C(=O)CC(c3ccccc3)N2C1c1ccccc1)->[W](<-[C-]#[O+])(<-[C-]#[O+])(<-[C-]#[O+])(<-[C-]#[O+])<-[C-]#[O+],CCO[C](C1=C(c2ccccc2)N2C(=O)CC(c3ccccc3)N2C1c1ccccc1)->[W](<-[C-]#[O+])(<-[C-]#[O+])(<-[C-]#[O+])(<-[C-]#[O+])<-[C-]#[O+]
OBELAL,,C25 H45 N1 O3 P2 Ru1,0.0,CC(C)(C)P1(Cc2cccc3CP(C(C)(C)C)(C(C)(C)C)->[RuH+]<-1(<-[C-]#[O+])(<-[O-]C=O)<-n23)C(C)(C)C,CC(C)(C)P1(Cc2cccc3CP(C(C)(C)C)(C(C)(C)C)->[RuH+]<-1(<-[C-]#[O+])(<-[O-]C=O)<-n23)C(C)(C)C,CC(C)(C)P1(Cc2cccc3CP(C(C)(C)C)(C(C)(C)C)->[RuH+]<-1(<-[C-]#[O+])(<-[O-]C=O)<-n23)C(C)(C)C
OBILEQ,CC(C)(C)[N-]1[Si]23([N-](C(C)(C)C)->[Ti+4]<-1<-2(<-[Cl-])<-[Cl-])CC=CC3,C12 H24 Cl2 N2 Si1 Ti1,0.0,CC(C)(C)[N-]1[Si]2([N-](C(C)(C)C)->[Ti+4]<-1(<-[Cl-])<-[Cl-])CC=CC2,C=C[CH-]C[Si]1=N(C(C)(C)C)->[Ti+4](<-[Cl-])(<-[Cl-])<-[N-]1C(C)(C)C,[CH2-]C=CC[Si]1=N(C(C)(C)C)->[Ti+4](<-[Cl-])(<-[Cl-])<-[N-]1C(C)(C)C
OBOBIR,,C23 H22 O3 P2 Ru1,0.0,Cc1cc(C)c(C23->[Ru]45(<-[C-]#[O+])(<-[C-]#[O+])(<-[C-]#[O+])<-P=2C->4(c2c(C)cc(C)cc2C)=P->53)c(C)c1,CC1=C[C-](C)C=C(C)C1=C12->[Ru+2]34(<-[C-]#[O+])(<-[C-]#[O+])(<-[C-]#[O+])<-P1=C->3(c1c(C)cc(C)cc1C)[P-]->42,CC1=C[C-](C)C=C(C)C1=C12->[Ru+2]34(<-[C-]#[O+])(<-[C-]#[O+])(<-[C-]#[O+])<-P1=C->3(c1c(C)cc(C)cc1C)[P-]->42
OBOHOD,,C26 H47 N1 O3 P2 Ru1,0.0,CC(=O)[O-]->[RuH+]12(<-[C-]#[O+])<-n3c(CP->1(C(C)(C)C)C(C)(C)C)cccc3CP->2(C(C)(C)C)C(C)(C)C,CC(=O)[O-]->[RuH+]12(<-[C-]#[O+])<-n3c(CP->1(C(C)(C)C)C(C)(C)C)cccc3CP->2(C(C)(C)C)C(C)(C)C,CC(=O)[O-]->[RuH+]12(<-[C-]#[O+])<-n3c(CP->1(C(C)(C)C)C(C)(C)C)cccc3CP->2(C(C)(C)C)C(C)(C)C
OBUMAA,,C2 H8 Hg1 I2 N4 S2,0.0,NC(N)=S->[Hg+2](<-[I-])(<-[I-])<-S=C(N)N,NC(N)=S->[Hg+2](<-[I-])(<-[I-])<-S=C(N)N,NC(N)=S.NC(N)=S->[Hg+2](<-[I-])<-[I-]
OCANIP,CP1(C)=NP(=O->[Pd+2]2(<-O=P(N=P(C)(C)[S-]->2)(c2ccccc2)c2ccccc2)<-[S-]1)(c1ccccc1)c1ccccc1,C28 H32 N2 O2 P4 Pd1 S2,0.0,fail,CP1(C)=NP(=O->[Pd+2]2(<-O=P(N=P(C)(C)[S-]->2)(c2ccccc2)c2ccccc2)<-[S-]1)(c1ccccc1)c1ccccc1,CP1(C)=NP(=O->[Pd+2]2(<-O=P(N=P(C)(C)[S-]->2)(c2ccccc2)c2ccccc2)<-[S-]1)(c1ccccc1)c1ccccc1
OCIMAQ,Cc1cc(C)c(N2CCN(c3c(C)cc(C)cc3C)[C]2->[Ru+4]23(<-[Cl-])(<-[Cl-])<-[CH-]=C4C=C[CH-]C=C4S->2CCS->3C)c(C)c1,C31 H38 Cl2 N2 Ru1 S2,0.0,Cc1cc(C)c(N2CCN(c3c(C)cc(C)cc3C)[C]2->[Ru+4]23(<-[Cl-])(<-[Cl-])<-[CH-2]c4ccccc4S->2CCS->3C)c(C)c1,Cc1cc(C)c(N2CCN(c3c(C)cc(C)cc3C)[C]2->[Ru+2]23(<-[Cl-])(<-[Cl-])<-[CH]c4ccccc4S->2CCS->3C)c(C)c1,Cc1cc(C)c(N2CCN(c3c(C)cc(C)cc3C)[C]2->[Ru+2]23(<-[Cl-])(<-[Cl-])<-[CH]c4ccccc4S->2CCS->3C)c(C)c1
OCODUG,[O-2]->[Re+5]12(<-O)(<-[Cl-])<-n3ccccc3C[N-]->1Cc1ccccn->21,C12 H14 Cl1 N3 O2 Re1 1+,1.0,[O-2]->[Re+5]12(<-O)(<-[Cl-])<-n3ccccc3C[N-]->1Cc1ccccn->21,[O-2]->[Re+5]12(<-O)(<-[Cl-])<-n3ccccc3C[N-]->1Cc1ccccn->21,O.[O-2]->[Re+5]12(<-[Cl-])<-n3ccccc3C[N-]->1Cc1ccccn->21
OCOWIN,CO1CC[c-]23->[Ti+4]<-1456(<-[CH3-])(<-[CH3-])(<-[Cl-])<-c(c->4c->52)c->63,C10 H17 Cl1 O1 Ti1,0.0,CO1CCc23->[Ti+4]<-1456(<-[CH3-])(<-[CH3-])(<-[Cl-])<-c(c->4[cH-]->52)c->63,CO1CC[c-]23->[Ti+4]<-1456(<-[CH3-])(<-[CH3-])(<-[Cl-])<-c(c->4c->52)c->63,CO1CC[c-]23->[Ti+4]<-1456(<-[CH3-])(<-[CH3-])(<-[Cl-])<-c(c->4c->52)c->63
OCURIQ,,C18 H38 Fe1 N1 O2 P2 1+,1.0,CC(C)P1(CCN2CCP(C(C)C)(C(C)C)->[FeH+]<-2<-1(<-[C-]#[O+])<-[C-]#[O+])C(C)C,CC(C)P1(CCN2CCP(C(C)C)(C(C)C)->[FeH+]<-2<-1(<-[C-]#[O+])<-[C-]#[O+])C(C)C,CC(C)P1(CCN2CCP(C(C)C)(C(C)C)->[FeH+]<-2<-1(<-[C-]#[O+])<-[C-]#[O+])C(C)C
ODADOP,,C41 H27 F4 Ir1 N3 P1,0.0,N#[C-]->[Ir+3]12(<-[c-]3cc(F)cc(F)c3-c3ccccn->13)(<-[c-]1cc(F)cc(F)c1-c1ccccn->21)<-P(c1ccccc1)(c1ccccc1)c1ccccc1,N#[C-]->[Ir+3]12(<-[c-]3cc(F)cc(F)c3-c3ccccn->13)(<-[c-]1cc(F)cc(F)c1-c1ccccn->21)<-P(c1ccccc1)(c1ccccc1)c1ccccc1,N#[C-]->[Ir+3]12(<-[c-]3cc(F)cc(F)c3-c3ccccn->13)(<-[c-]1cc(F)cc(F)c1-c1ccccn->21)<-P(c1ccccc1)(c1ccccc1)c1ccccc1
ODEBII,COP(OC)(c1ccccc1)->[Ru+2]12(<-[Cl-])(<-n3ccccc3-c3ccccn->13)<-n1ccccc1-c1ccccn->21,C28 H27 Cl1 N4 O2 P1 Ru1 1+,1.0,COP(OC)(c1ccccc1)->[Ru+2]12(<-[Cl-])(<-n3ccccc3-c3ccccn->13)<-n1ccccc1-c1ccccn->21,COP(OC)(c1ccccc1)->[Ru+2]12(<-[Cl-])(<-n3ccccc3-c3ccccn->13)<-n1ccccc1-c1ccccn->21,COP(OC)(c1ccccc1)->[Ru+2]12(<-[Cl-])(<-n3ccccc3-c3ccccn->13)<-n1ccccc1-c1ccccn->21
ODINOF,[O-2]->[Re+5]1(<-[Br-])(<-[Br-])(<-[O-]c2cccc3cccn->1c23)<-[P@TB5](c1ccccc1)(c1ccccc1)c1ccccc1,C27 H21 Br2 N1 O2 P1 Re1,0.0,[O-2]->[Re+4]1(<-[Br-])(<-[Br-])(<-[O-]c2cccc3cccn->1c23)<-P(c1ccccc1)(c1ccccc1)c1ccccc1,[O-2]->[Re+5]1(<-[Br-])(<-[Br-])(<-[O-]c2cccc3cccn->1c23)<-P(c1ccccc1)(c1ccccc1)c1ccccc1,[O-2]->[Re+5]1(<-[Br-])(<-[Br-])(<-[O-]c2cccc3cccn->1c23)<-P(c1ccccc1)(c1ccccc1)c1ccccc1
ODOGIX,NC1=C2/C=CC=C[N-]2->[Pd@OH23+2]2(<-[Cl-])<-S=C(/N=N->2/1)N1CCCCCC1,C13 H18 Cl1 N5 Pd1 S1,0.0,NC1c2ccccn2->[Pd+2]2(<-[Cl-])<-[S-]C(=NN->2=1)N1CCCCCC1,NC1=C2C=CC=C[N-]2->[Pd+2]2(<-[Cl-])<-S=C(N=N->21)N1CCCCCC1,NC1=C2C=CC=C[N-]2->[Pd+2]2(<-[Cl-])<-S=C(N=N->21)N1CCCCCC1
ODOXUB,CC12=C->[Pd+2]<-13(<-[CH2-]2)<-S=P([S-]->3)(c1ccccc1)c1ccccc1,C16 H17 P1 Pd1 S2,0.0,fail,CC12=C->[Pd+2]<-13(<-[CH2-]2)<-S=P([S-]->3)(c1ccccc1)c1ccccc1,CC12=C->[Pd+2]<-134(<-[CH2-]2)<-S=P->3([S-]->4)(c1ccccc1)c1ccccc1
ODUWUG,[O+]#[C-]->[Cr](<-[C-]#[O+])(<-[C-]#[O+])(<-[C-]#[O+])(<-[C-]#[O+])<-[C](/N=C(\Cc1ccc(F)cc1)N1CCCC1)N1CCCC1,C22 H22 Cr1 F1 N3 O5,0.0,fail,[O+]#[C-]->[Cr](<-[C-]#[O+])(<-[C-]#[O+])(<-[C-]#[O+])(<-[C-]#[O+])<-[C](N=C(Cc1ccc(F)cc1)N1CCCC1)N1CCCC1,[O+]#[C-]->[Cr](<-[C-]#[O+])(<-[C-]#[O+])(<-[C-]#[O+])(<-[C-]#[O+])<-[C](N=C(Cc1ccc(F)cc1)N1CCCC1)N1CCCC1
OFAGIL,[O+]#[C-]->[Mo+4]123(<-[Br-])(<-[C-]#[O+])(<-[CH-]4C[CH-][CH+]CC[CH-]->1[CH-]->24)<-n1ccccc1-c1ccccn->31,C20 H19 Br1 Mo1 N2 O2,0.0,fail,[O+]#[C-]->[Mo+2]123(<-[Br-])(<-[C-]#[O+])(<-C4=C->1[CH-]->2CC=CCC4)<-n1ccccc1-c1ccccn->31,[O+]#[C-]->[Mo+2]123(<-[Br-])(<-[C-]#[O+])(<-C4=C->1[CH-]->2CC=CCC4)<-n1ccccc1-c1ccccn->31
OFAQAQ,Cc1cccc(C)c1/N1=C(/[O-]->[Ti+4]<-12(<-[Cl-])(<-[Cl-])<-[O-]/C(c1ccccc1)=N->2/c1c(C)cccc1C)c1ccccc1,C30 H28 Cl2 N2 O2 Ti1,0.0,Cc1cccc(C)c1N1=C([O-]->[Ti+4]<-12(<-[Cl-])(<-[Cl-])<-[O-]C(c1ccccc1)=N->2c1c(C)cccc1C)c1ccccc1,Cc1cccc(C)c1N1=C([O-]->[Ti+4]<-12(<-[Cl-])(<-[Cl-])<-[O-]C(c1ccccc1)=N->2c1c(C)cccc1C)c1ccccc1,Cc1cccc(C)c1N1=C([O-]->[Ti+4]<-123(<-[Cl-])(<-[Cl-])<-[O-]C->2(c1ccccc1)=N->3c1c(C)cccc1C)c1ccccc1
OFEGAJ,Cc1cc(C)cc(/N2=C3C(=N(/c4cc(C(F)(F)F)cc(C(F)(F)F)c4)->[Pd@@+2]<-2(<-[CH3-])<-[Cl-])/c2cccc4cccc/3c24)c1,C29 H21 Cl1 F6 N2 Pd1,0.0,Cc1cc(C)cc(N2=C3C(=N(c4cc(C(F)(F)F)cc(C(F)(F)F)c4)->[Pd+2]<-2(<-[CH3-])<-[Cl-])c2cccc4cccc3c24)c1,Cc1cc(C)cc([N-]2C3=C([N-](c4cc(C(F)(F)F)cc(C(F)(F)F)c4)->[Pd+4]<-2(<-[CH3-])<-[Cl-])c2cccc4cccc3c24)c1,Cc1cc(C)cc([N-]2C3=C([N-](c4cc(C(F)(F)F)cc(C(F)(F)F)c4)->[Pd+4]<-2(<-[CH3-])<-[Cl-])c2cccc4cccc3c24)c1
OFIDOY,CC(=O)[O-]->[Cu+]1(<-n2ccn(C)c2C(=O)c2nccn2C)<-n2ccn(C)c2C(=O)c2n(C)ccn->12,C20 H23 Cu1 N8 O4,0.0,fail,CC(=O)[O-]->[Cu+]12(<-n3ccn(C)c3C(=O)c3n(C)ccn->13)<-n1ccn(C)c1C(=O)c1n(C)ccn->21,Cn1ccn2->[Cu+]345(<-O=C->3(C)[O-]->4)(<-n3ccn(C)c3C(=O)c12)<-n1ccn(C)c1C(=O)c1n(C)ccn->51
OFITIJ,,C26 H32 Cl2 F3 N1 Ru1 S1,0.0,CCc1cccc(CC)c1N1[C](->[Ru+4]2(<-[Cl-])(<-[Cl-])<-[CH-2]c3ccccc3S->2C(F)(F)F)C(C)(C)CC1(C)C,CCc1cccc(CC)c1N1[C](->[Ru+2]2(<-[Cl-])(<-[Cl-])<-[CH]c3ccccc3S->2C(F)(F)F)C(C)(C)CC1(C)C,CCc1cccc(CC)c1N1[C](->[Ru+2]2(<-[Cl-])(<-[Cl-])<-[CH]c3ccccc3S->2C(F)(F)F)C(C)(C)CC1(C)C
OFUDIC,,C15 H15 N5 Ni1 O6,0.0,O=C1[O-]->[Ni+2]2(<-O)(<-O)(<-n3ccccc3Nc3ccccn->23)<-[n-]2c1cc(=O)[nH]c2=O,O=C1[O-]->[Ni+2]2(<-O)(<-O)(<-n3ccccc3Nc3ccccn->23)<-[n-]2c1cc(=O)[nH]c2=O,O.O=C1[O-]->[Ni+2]2(<-O)(<-n3ccccc3Nc3ccccn->23)<-[n-]2c1cc(=O)[nH]c2=O
OFUQEL,,C10 H12 Fe1 N2 O4,0.0,fail,CN(C)[C]1C2(=C(=O)->[Fe]<-1<-2(<-[C-]#[O+])(<-[C-]#[O+])<-[C-]#[O+])N(C)C,CN(C)[C]1C2(=C(=O)->[Fe]<-1<-2(<-[C-]#[O+])(<-[C-]#[O+])<-[C-]#[O+])N(C)C
OGATEY,,C19 H37 Cl1 P4 W1,0.0,CP1(C)CCP(C)(C)->[W+4]<-12(<-[Cl-])(<-[C-3]c1ccccc1)<-P(C)(C)CCP->2(C)C,CP1(C)CCP(C)(C)->[W+4]<-12(<-[Cl-])(<-[C-3][c-]1[cH+][cH-][cH+][cH-][cH+]1)<-P(C)(C)CCP->2(C)C,CP1(C)CCP(C)(C)->[W+4]<-12(<-[Cl-])(<-[C-3][c-]1[cH+][cH-][cH+][cH-][cH+]1)<-P(C)(C)CCP->2(C)C
OGEQUM,CSC1/N=N2/C(/C)=C3/C=CC=C[N-]3->[V+5]<-23(<-[O-2])(<-[O-]C(=O)CC(=O)[O-]->3)<-S=1,C12 H12 N3 O5 S2 V1,0.0,CSC1=NN2=C(C)c3ccccn3->[V+5]<-23(<-[O-2])(<-[O-]C(=O)CC(=O)[O-]->3)<-[S-]1,CSC1N=N2C(C)=C3C=CC=C[N-]3->[V+5]<-23(<-[O-2])(<-[O-]C(=O)CC(=O)[O-]->3)<-S=1,CSC1N=N2C(C)=C3C=CC=C[N-]3->[V+5]<-23(<-[O-2])(<-[O-]C(=O)CC(=O)[O-]->3)<-S=1
OGIFAM,COP(OC)(OC)->[W+4]12345(<-[S-]c6ccccc6)(<-[C-](/C)=[C-]->1/C)<-c1c->2c->3[cH-]->4c->51,C18 H25 O3 P1 S1 W1,0.0,fail,COP(OC)(OC)->[W+2]12345(<-[S-]c6ccccc6)(<-C(C)#C->1C)<-c1c->2c->3[cH-]->4c->51,COP(OC)(OC)->[W+2]12345(<-[S-]c6ccccc6)(<-C(C)#C->1C)<-c1c->2c->3[cH-]->4c->51
OGOGIB,CC(C)(C)[C@H]1COC2/C=C3/CCC4/C=C5/OC[C@H](C(C)(C)C)[N-]5->[Rh@OH17+](<-[C-]#[O+])(<-N=43)<-N=21,C21 H30 N3 O3 Rh1,0.0,CC(C)(C)C1COC2C=C3CCC4=CC5=N(->[Rh+](<-[C-]#[O+])(<-N=21)<-[N-]34)C(C(C)(C)C)CO5,CC(C)(C)C1COC2C=C3CCC4C=C5OCC(C(C)(C)C)[N-]5->[Rh+](<-[C-]#[O+])(<-N=43)<-N=21,CC(C)(C)C1COC2C=C3CCC4C=C5OCC(C(C)(C)C)[N-]5->[Rh+](<-[C-]#[O+])(<-N=43)<-N=21
OHAPAO,,C17 H34 Mo1 N1 P3,0.0,fail,CP(C)(C)->[MoH+]12345(<-c6c->1c->2[c-]->31ccnc->41c->56)(<-P(C)(C)C)<-P(C)(C)C,CP(C)(C)->[MoH+]12345(<-c6c->1c->2[c-]->31ccnc->41c->56)(<-P(C)(C)C)<-P(C)(C)C
OHEGAL,CC(=O)[O-]->[Cd+2](<-[O-]C(C)=O)(<-n1ccc(N(C)C)cc1)(<-n1ccc(N(C)C)cc1)<-n1ccc(N(C)C)cc1,C25 H36 Cd1 N6 O4,0.0,fail,CC(=O)[O-]->[Cd+2](<-[O-]C(C)=O)(<-n1ccc(N(C)C)cc1)(<-n1ccc(N(C)C)cc1)<-n1ccc(N(C)C)cc1,CN(C)c1ccn(->[Cd+2]2345(<-O=C->2(C)[O-]->3)(<-O=C->4(C)[O-]->5)(<-n2ccc(N(C)C)cc2)<-n2ccc(N(C)C)cc2)cc1
OHIJUK,[O+]#[C-]->[Rh+]12(<-[C-]#[O+])<-c3ccccc3[B-](CP->1(c1ccccc1)c1ccccc1)(CP->2(c1ccccc1)c1ccccc1)c1ccccc1,C40 H34 B1 O2 P2 Rh1,0.0,[O+]#[C-]->[Rh+]1(<-[C-]#[O+])<-P(C[B-](CP->1(c1ccccc1)c1ccccc1)(c1ccccc1)c1ccccc1)(c1ccccc1)c1ccccc1,[O+]#[C-]->[Rh+]1(<-[C-]#[O+])<-P(C[B-](CP->1(c1ccccc1)c1ccccc1)(c1ccccc1)c1ccccc1)(c1ccccc1)c1ccccc1,[O+]#[C-]->[Rh+]1(<-[C-]#[O+])<-P(C[B-](CP->1(c1ccccc1)c1ccccc1)(c1ccccc1)c1ccccc1)(c1ccccc1)c1ccccc1
OHUNUC,CC12->[Ti+2]345678(<-[CH3-])(<-[CH3-])<-C9(C)=C->3(C)C->4(=C->51C)C->6(=C->79C)C->8=2C,C16 H26 Ti1,0.0,fail,CC12->[Ti+2]345678(<-[CH3-])(<-[CH3-])<-C9(C)=C->3(C)C->4(=C->51C)C->6(=C->79C)C->8=2C,Cc12->[Ti+4]345678(<-[CH3-])(<-[CH3-])<-c9(C)c->31c->4(c->5(C)[c-]->69C)[c-]->7(C)c->82C
OHUTIV,CC(C)N1c2ccccc2S#C1->[Pd+2](<-[I-])(<-[I-])<-n1coc2ccccc21,C17 H16 I2 N2 O1 Pd1 S1,0.0,fail,CC(C)N1c2ccccc2S#C1->[Pd+2](<-[I-])(<-[I-])<-n1coc2ccccc21,CC(C)N1c2ccccc2S#C1->[Pd+2](<-[I-])(<-[I-])<-n1coc2ccccc21
OJAQIA,C[CH2-]->[Zn+2]12<-n3c(C(C)(C)C)nc(C)n3[BH-](n3c(C)nc(C(C)(C)C)n->13)n1c(C)nc(C(C)(C)C)n->21,C23 H42 B1 N9 Zn1,0.0,C[CH2-]->[Zn+2]12<-[n-]3c(C(C)(C)C)nc(C)[n+]3[BH-]([n+]3c(C)nc(C(C)(C)C)[n-]->13)[n+]1c(C)nc(C(C)(C)C)[n-]->21,C[CH2-]->[Zn+2]12<-n3c(C(C)(C)C)nc(C)n3[BH-](n3c(C)nc(C(C)(C)C)n->13)n1c(C)nc(C(C)(C)C)n->21,C[CH2-]->[Zn+2]12<-n3c(C(C)(C)C)nc(C)n3[BH-](n3c(C)nc(C(C)(C)C)n->13)n1c(C)nc(C(C)(C)C)n->21
OJEZIM,CC(C)[C@@H]1COC2c3cccc4C5=N(->[Co+3]67(<-O=N->6[O-]->7)(<-N(=O)[O-])(<-N(=O)[O-])(<-N=21)<-n34)[C@H](C(C)C)CO5,C17 H23 Co1 N6 O8,0.0,CC(C)C1COC2c3cccc4C5=N(->[Co-3](<-N=21)(<-n34)(<-[N+](=O)=O)(<-[N+](=O)=O)<-[N+](=O)=O)C(C(C)C)CO5,CC(C)C1COC2c3cccc4C5=N(->[Co+3](<-N(=O)[O-])(<-N(=O)[O-])(<-N(=O)[O-])(<-N=21)<-n34)C(C(C)C)CO5,CC(C)C1COC2c3cccc4C5=N(->[Co+3](<-N(=O)[O-])(<-N(=O)[O-])(<-N(=O)[O-])(<-N=21)<-n34)C(C(C)C)CO5
OJODOH,,C27 H39 Sc1,0.0,Cc1c(C)c(C)[cH-](->[Sc+3]23456789(<-[cH-]%10c->2(C)c->3(C)c->4(C)c->5%10C)<-[cH-]2c->6(C)c->7(C)c->8(C)c->92C)c1C,Cc1c(C)c(C)[cH-](->[Sc+3]23456789(<-c%10c->2(C)c->3(C)c->4(C)[c-]->5%10C)<-c2c->6(C)c->7(C)c->8(C)[c-]->92C)c1C,Cc1c(C)c(C)[cH-](->[Sc+3]23456789(<-c%10c->2(C)c->3(C)c->4(C)[c-]->5%10C)<-c2c->6(C)c->7(C)c->8(C)[c-]->92C)c1C
OJOMAC,,C21 H28 B1 Mo1 N7 O2 S1,0.0,Cc1cc(C)n2->[Mo+4]3(<-[C-3]C(=S)N(C)C)(<-[C-]#[O+])(<-[C-]#[O+])<-n4c(C)cc(C)n4[BH-](n12)n1c(C)cc(C)n->31,Cc1cc(C)n2->[Mo+2]3(<-[C-]C(=S)N(C)C)(<-[C-]#[O+])(<-[C-]#[O+])<-n4c(C)cc(C)n4[BH-](n12)n1c(C)cc(C)n->31,Cc1cc(C)n2->[Mo+2]3(<-[C-]C(=S)N(C)C)(<-[C-]#[O+])(<-[C-]#[O+])<-n4c(C)cc(C)n4[BH-](n12)n1c(C)cc(C)n->31
OJUCAX,CCO/C(=C(C(=C\c1ccccc1)/c1ccccc1)\[C](OCC)->[W](<-[C-]#[O+])(<-[C-]#[O+])(<-[C-]#[O+])(<-[C-]#[O+])<-[C-]#[O+])N(C)C,C28 H27 N1 O7 W1,0.0,CCOC(C(C(=Cc1ccccc1)c1ccccc1)=[C-](OCC)->[W](<-[C-]#[O+])(<-[C-]#[O+])(<-[C-]#[O+])(<-[C-]#[O+])<-[C-]#[O+])=[N+](C)C,CCOC(=C(C(=Cc1ccccc1)c1ccccc1)[C](OCC)->[W](<-[C-]#[O+])(<-[C-]#[O+])(<-[C-]#[O+])(<-[C-]#[O+])<-[C-]#[O+])N(C)C,CCOC(=C(C(=Cc1ccccc1)c1ccccc1)[C](OCC)->[W](<-[C-]#[O+])(<-[C-]#[O+])(<-[C-]#[O+])(<-[C-]#[O+])<-[C-]#[O+])N(C)C
OJUYID,CCN1C2C(N)=O->[Ru+2]34567(<-[Cl-])(<-[O-]C=2c2ccccc2S1(=O)=O)<-c1c->3c->4(C(C)C)c->5c->6c->71C,C21 H25 Cl1 N2 O4 Ru1 S1,0.0,fail,CC[N+]1=C2C(N)=O->[Ru]34567(<-[Cl-])(<-O=C2c2ccccc2S1(=O)=O)<-c1c->3c->4(C(C)C)c->5c->6c->71C,CC[N+]1=C2C(N)=O->[Ru]34567(<-[Cl-])(<-O=C2c2ccccc2S1(=O)=O)<-c1c->3c->4(C(C)C)c->5c->6c->71C
OKEQAX,,C19 H33 Cl1 Ir1 N2 P1,0.0,CC(C)P(c1ncc[nH]1)(C(C)C)->[IrH+2]1234(<-[Cl-])<-c5(C)c->1(C)c->2(C)[c-]->3(C)c->45C,CC(C)P(c1ncc[nH]1)(C(C)C)->[IrH+2]1234(<-[Cl-])<-c5(C)c->1(C)c->2(C)[c-]->3(C)c->45C,CC(C)P(c1ncc[nH]1)(C(C)C)->[IrH+2]1234(<-[Cl-])<-c5(C)c->1(C)c->2(C)[c-]->3(C)c->45C
OKOGIE,C[C@H]1[C@H](C)P(c2ccccc2)(c2ccccc2)->[Pd]2(<-C(c3ccccc3)#C->2c2ccccc2)<-P1(c1ccccc1)c1ccccc1,C42 H38 P2 Pd1,0.0,CC1C(C)P(c2ccccc2)(c2ccccc2)->[Pd]2(<-C(c3ccccc3)#C->2c2ccccc2)<-P1(c1ccccc1)c1ccccc1,CC1C(C)P(c2ccccc2)(c2ccccc2)->[Pd]2(<-C(c3ccccc3)#C->2c2ccccc2)<-P1(c1ccccc1)c1ccccc1,CC1C(C)P(c2ccccc2)(c2ccccc2)->[Pd]2(<-C(c3ccccc3)#C->2c2ccccc2)<-P1(c1ccccc1)c1ccccc1
OKUFUW,Cc1cc(C)n2->[Mo+4]34(<-[O-2])(<-S=C5C([S-]->3)=C3C=Nc6ccccc6N3C5(C)C)<-n3c(C)cc(C)n3[BH-](n12)n1c(C)cc(C)n->41,C28 H33 B1 Mo1 N8 O1 S2,0.0,Cc1cc(C)n2->[Mo+4]34(<-[O-2])(<-[S-]C5=C([S-]->3)C(C)(C)[n+]3c5cnc5ccccc53)<-n3c(C)cc(C)n3[BH-](n12)n1c(C)cc(C)n->41,Cc1cc(C)n2->[Mo+4]34(<-[O-2])(<-S=C5C([S-]->3)=C3C=Nc6ccccc6N3C5(C)C)<-n3c(C)cc(C)n3[BH-](n12)n1c(C)cc(C)n->41,Cc1cc(C)n2->[Mo+4]34(<-[O-2])(<-S=C5C([S-]->3)=C3C=Nc6ccccc6N3C5(C)C)<-n3c(C)cc(C)n3[BH-](n12)n1c(C)cc(C)n->41
OLEWEJ,CC=[N-]->[Re+3]12(<-[Cl-])<-[N-](CCP->1(C(C)(C)C)C(C)(C)C)CCP->2(C(C)(C)C)C(C)(C)C,C22 H49 Cl1 N2 P2 Re1,0.0,CC=[N-]->[Re+2]12(<-[Cl-])<-N(CCP->1(C(C)(C)C)C(C)(C)C)CCP->2(C(C)(C)C)C(C)(C)C,CC=[N-]->[Re+3]12(<-[Cl-])<-[N-](CCP->1(C(C)(C)C)C(C)(C)C)CCP->2(C(C)(C)C)C(C)(C)C,CC=[N-]->[Re+3]12(<-[Cl-])<-[N-](CCP->1(C(C)(C)C)C(C)(C)C)CCP->2(C(C)(C)C)C(C)(C)C
OLOKEH,CCO[P@@]1(=O)[O-]->[Ru+2]23(<-[O-][P@@](=O)(OCC)c4cccc(-c5cccc1n->25)n->34)(<-n1ccc2ccccc2c1)<-n1ccc2ccccc2c1,C32 H30 N4 O6 P2 Ru1,0.0,CCOP1(=O)[O-]->[Ru+2]23(<-[O-]P(=O)(OCC)c4cccc(-c5cccc1n->25)n->34)(<-n1ccc2ccccc2c1)<-n1ccc2ccccc2c1,CCOP1(=O)[O-]->[Ru+2]23(<-[O-]P(=O)(OCC)c4cccc(-c5cccc1n->25)n->34)(<-n1ccc2ccccc2c1)<-n1ccc2ccccc2c1,CCOP1(=O)[O-]->[Ru+2]23(<-[O-]P(=O)(OCC)c4cccc(-c5cccc1n->25)n->34)(<-n1ccc2ccccc2c1)<-n1ccc2ccccc2c1
OLUNAL,COc1c(F)c(F)c(/C2=C/C(=N(/c3ccccc3)->[Ti+4]3(<-[Cl-])(<-[Cl-])(<-[O-]2)<-[O-]c2c(/C=N->3/c3c(F)c(F)c(F)c(F)c3F)cccc2C(C)(C)C)C(F)(F)F)c(F)c1F,C34 H22 Cl2 F12 N2 O3 Ti1,0.0,COc1c(F)c(F)c(C2=CC(=N(c3ccccc3)->[Ti+4]3(<-[Cl-])(<-[Cl-])(<-[O-]2)<-[O-]c2c(C=N->3c3c(F)c(F)c(F)c(F)c3F)cccc2C(C)(C)C)C(F)(F)F)c(F)c1F,COc1c(F)c(F)c(C2=CC(=N(c3ccccc3)->[Ti+4]3(<-[Cl-])(<-[Cl-])(<-[O-]2)<-[O-]c2c(C=N->3c3c(F)c(F)c(F)c(F)c3F)cccc2C(C)(C)C)C(F)(F)F)c(F)c1F,COc1c(F)c(F)c(C2=CC(=N(c3ccccc3)->[Ti+4]3(<-[Cl-])(<-[Cl-])(<-[O-]2)<-[O-]c2c(C=N->3c3c(F)c(F)c(F)c(F)c3F)cccc2C(C)(C)C)C(F)(F)F)c(F)c1F
OMAVAZ,COCC/N1=C/c2cccc[c-]2->[Ir+3]<-12345(<-[Cl-])<-c1(C)c->2(C)c->3(C)[c-]->4(C)c->51C,C20 H27 Cl1 Ir1 N1 O1,0.0,COCCN1=Cc2cccc[c-]2->[Ir+3]<-12345(<-[Cl-])<-c1(C)c->2(C)c->3(C)[c-]->4(C)c->51C,COCCN1=Cc2cccc[c-]2->[Ir+3]<-12345(<-[Cl-])<-c1(C)c->2(C)c->3(C)[c-]->4(C)c->51C,COCCN1=Cc2cccc[c-]2->[Ir+3]<-12345(<-[Cl-])<-c1(C)c->2(C)c->3(C)[c-]->4(C)c->51C
OMETUW,C[C-](=O)->[Pt@+2]1(<-[Cl-])<-S(CCCP->1(c1ccccc1)c1ccccc1)c1ccccc1,C23 H24 Cl1 O1 P1 Pt1 S1,0.0,C[C-](=O)->[Pt+2]1(<-[Cl-])<-S(CCCP->1(c1ccccc1)c1ccccc1)c1ccccc1,C[C-](=O)->[Pt+2]1(<-[Cl-])<-S(CCCP->1(c1ccccc1)c1ccccc1)c1ccccc1,C[C-](=O)->[Pt+2]1(<-[Cl-])<-S(CCCP->1(c1ccccc1)c1ccccc1)c1ccccc1
OMISUY,O=[N+]([O-])C1=CC([N+](=O)[O-])=C(O)C2=O->[Pd]3(<-O=C12)<-P(CCP->3(c1ccccc1)c1ccccc1)(c1ccccc1)c1ccccc1,C32 H26 N2 O7 P2 Pd1,0.0,O=[N+]([O-])c1cc([N+](=O)[O-])c2[O-]->[Pd+2]3(<-[O-]c2c1O)<-P(CCP->3(c1ccccc1)c1ccccc1)(c1ccccc1)c1ccccc1,O=[N+]([O-])c1cc([N+](=O)[O-])c2[O-]->[Pd+2]3(<-[O-]c2c1O)<-P(CCP->3(c1ccccc1)c1ccccc1)(c1ccccc1)c1ccccc1,O=[N+]([O-])C1=CC([N+](=O)[O-])=C(O)C2=O->[Pd]3(<-O=C12)<-P(CCP->3(c1ccccc1)c1ccccc1)(c1ccccc1)c1ccccc1
OMUCAC,CN(C)c1ccc(/N=N/c2ccn(->[Pt+2]3(<-[CH3-])<-n4ccccc4-c4ccccn->34)cc2)cc1,C24 H25 N6 Pt1 1+,1.0,CN(C)c1ccc(N=Nc2ccn(->[Pt+2]3(<-[CH3-])<-n4ccccc4-c4ccccn->34)cc2)cc1,CN(C)c1ccc(N=Nc2ccn(->[Pt+2]3(<-[CH3-])<-n4ccccc4-c4ccccn->34)cc2)cc1,CN(C)c1ccc(N=Nc2ccn(->[Pt+2]3(<-[CH3-])<-n4ccccc4-c4ccccn->34)cc2)cc1
ONAJUJ,,C27 H34 B1 Ir1 N6 O4,0.0,COC(=O)[C-]1=CC(=O->[IrH+2]<-123<-n1c(C)cc(C)n1[BH-](n1c(C)cc(C)n->21)n1c(C)cc(C)n->31)c1ccc(OC)cc1,COC(=O)[C-]1=CC(=O->[IrH+2]<-123<-n1c(C)cc(C)n1[BH-](n1c(C)cc(C)n->21)n1c(C)cc(C)n->31)c1ccc(OC)cc1,COC(=O)[C-]1=CC(=O->[IrH+2]<-123<-n1c(C)cc(C)n1[BH-](n1c(C)cc(C)n->21)n1c(C)cc(C)n->31)c1ccc(OC)cc1
ONEZEO,,C32 H22 Br2 Hg1 I2 N4 O2,0.0,O=C(Nc1ccc(Br)c2ccccc12)c1cccn(->[Hg+2](<-[I-])(<-[I-])<-n2cccc(C(=O)Nc3ccc(Br)c4ccccc34)c2)c1,O=C(Nc1ccc(Br)c2ccccc12)c1cccnc1.O=C(Nc1ccc(Br)c2ccccc12)c1cccnc1.[I-]->[Hg+2]<-[I-],O=C(Nc1ccc(Br)c2ccccc12)c1cccnc1.O=C(Nc1ccc(Br)c2ccccc12)c1cccnc1.[I-]->[Hg+2]<-[I-]
ONIWEP,,C16 H15 N3 O1 Pt1,0.0,[CH3-]->[Pt+2]1(<-[c-]2ccc[n+]([O-])c2-c2ccccn->12)<-n1ccccc1,[CH3-]->[Pt+2]1(<-C2=CC=CN([O-])C=2c2ccccn->12)<-n1ccccc1,[CH3-]->[Pt+2]1(<-C2=CC=CN([O-])C=2c2ccccn->12)<-n1ccccc1
ONUHIP,CC(C)N1C=CN(C)[C]1->[Ru+2]1(<-[Cl-])(<-[CH2-][C@@H](C)[n+]2ccn(C)[c-]->12)(<-[C]1N(C)C=CN1C(C)C)<-[C]1N(C)C=CN1C(C)C,C28 H47 Cl1 N8 Ru1,0.0,CC(C)N1C=CN(C)[C]1->[Ru+2]1(<-[Cl-])(<-[CH2-]C(C)N2C=CN(C)[C]->12)(<-[C]1N(C)C=CN1C(C)C)<-[C]1N(C)C=CN1C(C)C,CC(C)N1C=CN(C)[C]1->[Ru+2]1(<-[Cl-])(<-[CH2-]C(C)n2cc[n+](C)[c-]->12)(<-[C]1N(C)C=CN1C(C)C)<-[C]1N(C)C=CN1C(C)C,CC(C)N1C=CN(C)[C]1->[Ru+2]1(<-[Cl-])(<-[CH2-]C(C)n2cc[n+](C)[c-]->12)(<-[C]1N(C)C=CN1C(C)C)<-[C]1N(C)C=CN1C(C)C
OPAFUH,Cc1nn[n-](->[Hg+2]<-[CH3-])n1,C3 H6 Hg1 N4,0.0,Cc1nnn[n-]1->[Hg+2]<-[CH3-],Cc1nnn[n-]1->[Hg+2]<-[CH3-],Cc1nnn2->[Hg+2](<-[CH3-])<-[n-]12
OPEKOL,CCN(CC)(CC)->[Pd+2](<-[Cl-])(<-[Cl-])<-[C]1N(c2c(C)cc(C)cc2C)C=CN1c1c(C)cc(C)cc1C,C27 H39 Cl2 N3 Pd1,0.0,CCN(CC)(CC)->[Pd+2](<-[Cl-])(<-[Cl-])<-[C]1N(c2c(C)cc(C)cc2C)C=CN1c1c(C)cc(C)cc1C,CCN(CC)(CC)->[Pd+2](<-[Cl-])(<-[Cl-])<-[C]1N(c2c(C)cc(C)cc2C)C=CN1c1c(C)cc(C)cc1C,CCN(CC)(CC)->[Pd+2](<-[Cl-])(<-[Cl-])<-[C]1N(c2c(C)cc(C)cc2C)C=CN1c1c(C)cc(C)cc1C
OPIYAO,C/C1c2ccccn2->[Zn@TB5+2]2(<-[I-])(<-[I-])<-N=1\CCN->2(C)C,C11 H17 I2 N3 Zn1,0.0,CC1c2ccccn2->[Zn+2]2(<-[I-])(<-[I-])<-N=1CCN->2(C)C,CC1c2ccccn2->[Zn+2]2(<-[I-])(<-[I-])<-N=1CCN->2(C)C,CC1c2ccccn2->[Zn+2](<-[I-])(<-[I-])<-N=1CCN(C)C
OPUMOC,[Cl-]->[Sc+3]12(<-[S-]P(c3ccccc3)(c3ccccc3)=C->1=P([S-]->2)(c1ccccc1)c1ccccc1)(<-n1ccccc1)<-n1ccccc1,C35 H30 Cl1 N2 P2 S2 Sc1,0.0,[Cl-]->[Sc+3]12(<-S=P(c3ccccc3)(c3ccccc3)[C-2]->1P(=S->2)(c1ccccc1)c1ccccc1)(<-n1ccccc1)<-n1ccccc1,[Cl-]->[Sc+3]12(<-[S-]P(c3ccccc3)(c3ccccc3)=C->1=P([S-]->2)(c1ccccc1)c1ccccc1)(<-n1ccccc1)<-n1ccccc1,[Cl-]->[Sc+3]12(<-[S-]P(c3ccccc3)(c3ccccc3)=C->1=P([S-]->2)(c1ccccc1)c1ccccc1)(<-n1ccccc1)<-n1ccccc1
OQEWEO,CSc1nc2[S-]->[Ti+4]3456789%10(<-[S-]c2s1)(<-c1c->3c->4[cH-]->5c->61)<-c1c->7c->8[cH-]->9c->%101,C14 H13 N1 S4 Ti1,0.0,CSc1nc2[S-]->[Ti+4]3456789%10(<-[S-]c2s1)(<-c1c->3c->4[cH-]->5c->61)<-c1c->7c->8[cH-]->9c->%101,CSC1=NC2=S->[Ti+2]3456789%10(<-S=C2S1)(<-c1c->3c->4[cH-]->5c->61)<-c1c->7c->8[cH-]->9c->%101,CSC1=NC2=S->[Ti+2]3456789%10(<-S=C2S1)(<-c1c->3c->4[cH-]->5c->61)<-c1c->7c->8[cH-]->9c->%101
OQITAK,O=C1C=C/C2=C(/C3=N4->[Zn+2](<-O)(<-O)(<-[N-]12)<-[n-]1cccc1/C(=C\4C=C3)c1c(F)c(F)c(F)c(F)c1F)c1c(F)c(F)c(F)c(F)c1F,C26 H11 F10 N3 O3 Zn1,0.0,O=C1C=CC2=C(c3c(F)c(F)c(F)c(F)c3F)c3ccc4C(=C5C=CC=N5->[Zn+2](<-O)(<-O)(<-[N-]12)<-[n-]43)c1c(F)c(F)c(F)c(F)c1F,[O-]c1ccc2C(c3c(F)c(F)c(F)c(F)c3F)=c3ccc4=C(c5c(F)c(F)c(F)c(F)c5F)c5ccc[n-]5->[Zn+4](<-O)(<-O)(<-[n-]12)<-[n-]43,[O-]c1ccc2C(c3c(F)c(F)c(F)c(F)c3F)=c3ccc4=C(c5c(F)c(F)c(F)c(F)c5F)c5ccc[n-]5->[Zn+4](<-O)(<-O)(<-[n-]12)<-[n-]43
OQUGUD,C/C1=C(\C)[N-](O)->[Co+3]2(<-[Br-])(<-N1=O)(<-N(=O)/C(C)=C(/C)[N-]->2O)<-n1ccncc1,C12 H18 Br1 Co1 N6 O4,0.0,CC1C(C)=N(O)->[Co+]2(<-[Br-])(<-N=1[O])(<-N([O])=C(C)C(C)=N->2O)<-n1ccncc1,CC1=C(C)[N-](O)->[Co+3]2(<-[Br-])(<-N1=O)(<-N(=O)C(C)=C(C)[N-]->2O)<-n1ccncc1,CC1=C(C)[N-](O)->[Co+3]2(<-[Br-])(<-N1=O)(<-N(=O)C(C)=C(C)[N-]->2O)<-n1ccncc1
ORESIO,O=C([O-]->[Cd+2]1(<-O)(<-O=C([O-]->1)c1ccccc1O)<-n1c(-c2ccccn2)nc(-c2ccccn2)nc1-c1ccccn1)c1ccccc1O,C32 H24 Cd1 N6 O7,0.0,fail,O=C([O-]->[Cd+2]123(<-O)(<-O=C([O-]->1)c1ccccc1O)<-n1ccccc1-c1nc(-c4ccccn4)nc(-c4ccccn->24)n->31)c1ccccc1O,Oc1ccccc1C1=O->[Cd+2]234(<-O)(<-O=C->2([O-]->3)c2ccccc2O)(<-[O-]1)<-n1ccccc1-c1nc(-c2ccccn2)nc(-c2ccccn2)n->41
OROBUT,CC1/C=C(/C)[O-]->[Ni+2]23(<-O=1)<-n1cccn1[B-](CS->2C(C)(C)C)(CS->3C(C)(C)C)c1ccccc1,C24 H37 B1 N2 Ni1 O2 S2,0.0,fail,CC1=CC(C)=O->[Ni+2]23(<-[O-]1)<-n1cccn1[B-](CS->2C(C)(C)C)(CS->3C(C)(C)C)c1ccccc1,CC1=CC(C)=O->[Ni+2]23(<-[O-]1)<-n1cccn1[B-](CS->2C(C)(C)C)(CS->3C(C)(C)C)c1ccccc1
ORUFUD,[O+]#[C-]->[Mn+3]1234(<-[C-3][CH+]c5ccccc5)(<-c5c->1c->2[cH-]->3c->45)<-[P@TB5](c1ccccc1)(c1ccccc1)c1ccccc1,C32 H26 Mn1 O1 P1,0.0,[O+]#[C-]->[Mn+3]1234(<-[C-2]=Cc5ccccc5)(<-c5c->1c->2[cH-]->3c->45)<-P(c1ccccc1)(c1ccccc1)c1ccccc1,[O+]#[C-]->[Mn+]1234(<-[C]=Cc5ccccc5)(<-c5c->1c->2[cH-]->3c->45)<-P(c1ccccc1)(c1ccccc1)c1ccccc1,[O+]#[C-]->[Mn+]1234(<-[C]=Cc5ccccc5)(<-c5c->1c->2[cH-]->3c->45)<-P(c1ccccc1)(c1ccccc1)c1ccccc1
OSEQOT,,C17 H35 Mo1 N1 O3 P2,0.0,CC(C)P1(CCCP(C(C)C)(C(C)C)->[MoH+]<-1(<-[C-]#[O+])(<-[C-]#[O+])<-[N-]=O)C(C)C,CC(C)P1(CCCP(C(C)C)(C(C)C)->[MoH+]<-1(<-[C-]#[O+])(<-[C-]#[O+])<-[N-]=O)C(C)C,CC(C)P1(CCCP(C(C)C)(C(C)C)->[MoH+]<-1(<-[C-]#[O+])(<-[C-]#[O+])<-[N-]=O)C(C)C
OSODAD,,C29 H41 Fe1 N4 O2 1+,1.0,CC[NH+](CC)CCN1=C(C)c2cccc3C(C)=N(c4c(C(C)C)cccc4C(C)C)->[Fe]<-1(<-[C-]#[O+])(<-[C-]#[O+])<-n23,CC[NH+](CC)CC[N-]1[C+](C)[C-]2[CH+][CH-][CH+][C-]3[C+](C)[N-](c4c(C(C)C)cccc4C(C)C)->[Fe+2]<-1(<-[C-]#[O+])(<-[C-]#[O+])<-[N-]23,CC[NH+](CC)CC[N-]1[C+](C)[C-]2[CH+][CH-][CH+][C-]3[C+](C)[N-](c4c(C(C)C)cccc4C(C)C)->[Fe+2]<-1(<-[C-]#[O+])(<-[C-]#[O+])<-[N-]23
OTAHUN,O=C(O)[O-]->[Ag+](<-P(c1ccccc1)(c1ccccc1)c1ccccc1)<-P(c1ccccc1)(c1ccccc1)c1ccccc1,C37 H31 Ag1 O3 P2,0.0,fail,O=C(O)[O-]->[Ag+](<-P(c1ccccc1)(c1ccccc1)c1ccccc1)<-P(c1ccccc1)(c1ccccc1)c1ccccc1,OC12=O->[Ag+]<-1(<-[O-]2)(<-P(c1ccccc1)(c1ccccc1)c1ccccc1)<-P(c1ccccc1)(c1ccccc1)c1ccccc1
OTOWOL,CC(=O)[O-]->[Zn@TB15+2]12(<-O)<-N3(C)CCCN->14CCN(CCCN->2(C)CC4)CC3,C16 H35 N4 O3 Zn1 1+,1.0,CC(=O)[O-]->[Zn+2]123(<-O)<-N4(C)CCCN->15CCN->2(C)CCCN->3(CC4)CC5,CC(=O)[O-]->[Zn+2]123(<-O)<-N4(C)CCCN->15CCN->2(C)CCCN->3(CC4)CC5,CC(=O)[O-]->[Zn+2]123(<-O)<-N4(C)CCCN->15CCN->2(C)CCCN->3(CC4)CC5
OTUREB,Cc12->[Ir+3]345(<-[Br-])(<-[C-]#[O+])(<-[C-](=O)C6(F)C(F)(F)C(F)(F)C(F)(F)C(F)(F)C6(F)F)<-c1(C)c->3(C)[c-]->4(C)c->52C,C18 H15 Br1 F11 Ir1 O2,0.0,Cc12->[Ir+3]345(<-[Br-])(<-[C-]#[O+])(<-[C-](=O)C6(F)C(F)(F)C(F)(F)C(F)(F)C(F)(F)C6(F)F)<-c1(C)c->3(C)[c-]->4(C)c->52C,Cc12->[Ir+3]345(<-[Br-])(<-[C-]#[O+])(<-[C-](=O)C6(F)C(F)(F)C(F)(F)C(F)(F)C(F)(F)C6(F)F)<-c1(C)c->3(C)[c-]->4(C)c->52C,Cc12->[Ir+3]345(<-[Br-])(<-[C-]#[O+])(<-[C-](=O)C6(F)C(F)(F)C(F)(F)C(F)(F)C(F)(F)C6(F)F)<-c1(C)c->3(C)[c-]->4(C)c->52C
OVAPEH,Cc1nc(-c2ccccc2)n2->[Zn@TB8+2]3(<-[O-]c4ccccc4)<-n4c(-c5ccccc5)nc(C)n4[BH-](n12)n1c(C)nc(-c2ccccc2)n->31,C33 H30 B1 N9 O1 Zn1,0.0,Cc1nc(-c2ccccc2)[n-]2->[Zn+2]3(<-[O-]c4ccccc4)<-[n-]4c(-c5ccccc5)nc(C)[n+]4[BH-]([n+]12)[n+]1c(C)nc(-c2ccccc2)[n-]->31,Cc1nc(-c2ccccc2)n2->[Zn+2]3(<-[O-]c4ccccc4)<-n4c(-c5ccccc5)nc(C)n4[BH-](n12)n1c(C)nc(-c2ccccc2)n->31,Cc1nc(-c2ccccc2)n2->[Zn+2]3(<-[O-]c4ccccc4)<-n4c(-c5ccccc5)nc(C)n4[BH-](n12)n1c(C)nc(-c2ccccc2)n->31
OVICUT,,C25 H27 Cl1 N7 Ni1 O2 1+,1.0,CN(C)C=O->[Ni+2]12(<-[Cl-])(<-O=CN(C)C)<-n3c(-c4[nH]c5ccccc5n->14)cccc3-c1[nH]c3ccccc3n->21,CN(C)C=O->[Ni+2]12(<-[Cl-])(<-O=CN(C)C)<-n3c(-c4[nH]c5ccccc5n->14)cccc3-c1[nH]c3ccccc3n->21,CN(C)C=O.CN(C)C=O.[Cl-]->[Ni+2]12<-n3c(cccc3-c3[nH]c4ccccc4n->13)-c1[nH]c3ccccc3n->21
OVOHEO,,C26 H47 B1 Co1 N1 O3 P2,0.0,CC(C)P1(Cc2cccc3CP(C(C)C)(C(C)C)->[Co+]<-1(<-[C-]#[O+])(<-[BH2-]1OC(C)(C)C(C)(C)O1)<-n23)C(C)C,CC(C)P1(Cc2cccc3CP(C(C)C)(C(C)C)->[Co-]<-1(<-[C-]#[O+])(<-B1=[O+]C(C)(C)C(C)(C)O1)<-n23)C(C)C,CC(C)P1(Cc2cccc3CP(C(C)C)(C(C)C)->[Co-]<-1(<-[C-]#[O+])(<-B1=[O+]C(C)(C)C(C)(C)O1)<-n23)C(C)C
OWAGUQ,CC(C)P1(C(C)C)N(C)c2cccc3N(C)P(C(C)C)(C(C)C)->[Cr]<-14(<-[H]c->423)(<-[C-]#[O+])(<-[C-]#[O+])<-[C-]#[O+],C23 H38 Cr1 N2 O3 P2,0.0,CC(C)P1(C(C)C)N(C)c2cccc(N(C)P(C(C)C)(C(C)C)->[Cr]<-1(<-[C-]#[O+])(<-[C-]#[O+])<-[C-]#[O+])c2,CC(C)P1(C(C)C)N(C)c2cccc3N(C)P(C(C)C)(C(C)C)->[Cr]<-1(<-[C-]#[O+])(<-[C-]#[O+])(<-[C-]#[O+])<-c23,CC(C)P1(C(C)C)N(C)c2cccc3N(C)P(C(C)C)(C(C)C)->[Cr]<-1(<-[C-]#[O+])(<-[C-]#[O+])(<-[C-]#[O+])<-c23
OWESAM,,C37 H22 F6 Ir1 N3 O1 S2,0.0,fail,FC(F)(F)C1=CC(=N(c2ccccc2)->[Ir+3]23(<-[O-]1)(<-[c-]1ccccc1-c1sc4ccccc4n->21)<-[c-]1ccccc1-c1sc2ccccc2n->31)C(F)(F)F,FC(F)(F)C1=CC(=N(c2ccccc2)->[Ir+3]23(<-[O-]1)(<-[c-]1ccccc1-c1sc4ccccc4n->21)<-[c-]1ccccc1-c1sc2ccccc2n->31)C(F)(F)F
OWEXAR,,C22 H29 Cl1 Zr1,0.0,CC12->[Zr+2]3456789%10%11%12(<-[Cl-])(<-c%13[cH-]->3c->4(C)c->5(C)c->6%13C)<-C3(C)=C->7(C)C->8(=C->91C)C->%10(=C->%113C)C->%12=2C,Cc12->[Zr+4]3456789%10%11%12(<-[Cl-])(<-c1c->3[c-]->4(C)c->52C)<-c1(C)c->6(C)[c-]->7(C)c->82c->9(C)[c-]->%10(C)c->%11(C)c->%1212,Cc12->[Zr+4]3456789%10%11%12(<-[Cl-])(<-c1c->3[c-]->4(C)c->52C)<-c1(C)c->6(C)[c-]->7(C)c->82c->9(C)[c-]->%10(C)c->%11(C)c->%1212
OWUHAQ,[Cl-]->[Hg+2]<-[c-]1c(CN2CCOCC2)cccc1CN1CCOCC1,C16 H23 Cl1 Hg1 N2 O2,0.0,[Cl-]->[Hg+2]12<-[c-]3c(CN->14CCOCC4)cccc3CN->21CCOCC1,[Cl-]->[Hg+2]<-[c-]1c(CN2CCOCC2)cccc1CN1CCOCC1,[Cl-]->[Hg+2]<-[c-]1c(CN2CCOCC2)cccc1CN1CCOCC1
OXEDEB,,C32 H37 N1 Ni1 P2,0.0,Cc1ccc2[N-]3c4ccc(C)cc4P(C(C)C)(C(C)C)->[NiH+]<-3<-P(c3ccccc3)(c3ccccc3)c2c1,Cc1ccc2[N-]3c4ccc(C)cc4P(C(C)C)(C(C)C)->[NiH+]<-3<-P(c3ccccc3)(c3ccccc3)c2c1,Cc1ccc2[N-]3c4ccc(C)cc4P(C(C)C)(C(C)C)->[NiH+]<-3<-P(c3ccccc3)(c3ccccc3)c2c1
OXEXEW,Clc1cc(Br)c2[O-]->[Cd+2]3(<-[O-]c4c(Br)cc(Cl)cc4/C=N->3/CCCN3CCOCC3)<-N(=C\c2c1)/CCCN1CCOCC1,C28 H34 Br2 Cd1 Cl2 N4 O4,0.0,Clc1cc(Br)c2[O-]->[Cd+2]345(<-[O-]c6c(Br)cc(Cl)cc6C=N->3CCCN->43CCOCC3)<-N(=Cc2c1)CCCN->51CCOCC1,Clc1cc(Br)c2[O-]->[Cd+2]3(<-[O-]c4c(Br)cc(Cl)cc4C=N->3CCCN3CCOCC3)<-N(=Cc2c1)CCCN1CCOCC1,Clc1cc(Br)c2[O-]->[Cd+2]3(<-[O-]c4c(Br)cc(Cl)cc4C=N->3CCCN3CCOCC3)<-N(=Cc2c1)CCCN1CCOCC1
OXITEW,,C18 H22 Co1 N9 O4,0.0,CC1C(C)=N(O)->[Co+]2(<-[N-]=[N+]=[N-])(<-N=1[O])(<-N([O])=C(C)C(C)=N->2O)<-n1ccc(-c2ccncc2)cc1,CC1=C(C)[N-](O)->[Co+3]2(<-[N-2][N+]#N)(<-N1=O)(<-N(=O)C(C)=C(C)[N-]->2O)<-n1ccc(-c2ccncc2)cc1,CC1=C(C)[N-](O)->[Co+3]2(<-[N-2][N+]#N)(<-N1=O)(<-N(=O)C(C)=C(C)[N-]->2O)<-n1ccc(-c2ccncc2)cc1
OXUZAJ,C\C1c2scc[c-]2->[Pd@SP2+2]2(<-[S-]/C(N)=N\N->2=1)<-P(c1ccccc1)(c1ccccc1)c1ccccc1,C25 H22 N3 P1 Pd1 S2,0.0,CC1c2scc[c-]2->[Pd+2]2(<-[S-]C(N)=NN->2=1)<-P(c1ccccc1)(c1ccccc1)c1ccccc1,CC1c2scc[c-]2->[Pd+2]2(<-[S-]C(N)=NN->2=1)<-P(c1ccccc1)(c1ccccc1)c1ccccc1,CC1c2scc[c-]2->[Pd+2]2(<-[S-]C(N)=NN->2=1)<-P(c1ccccc1)(c1ccccc1)c1ccccc1
OYISAR,c1c2[S-]->[Au+3]3(<-[S-]c2cc2nsnc12)<-[S-]c1cc2nsnc2cc1[S-]->3,C12 H4 Au1 N4 S6 1-,-1.0,fail,c1c2[S-]->[Au+3]3(<-[S-]c2cc2nsnc12)<-[S-]c1cc2nsnc2cc1[S-]->3,c1c2[S-]->[Au+3]3(<-[S-]c2cc2nsnc12)<-[S-]c1cc2nsnc2cc1[S-]->3
OYUPII,CC(C)c12->[Ru+2]34567(<-[Cl-])(<-[c-]8ccccc8[P+](c8ccccc8)(c8ccccc8)[N-]->3c3ccccc3)<-c(c->41)c->5(C)c->6c->72,C34 H33 Cl1 N1 P1 Ru1,0.0,CC(C)c12->[Ru+2]34567(<-[Cl-])(<-[c-]8ccccc8P(c8ccccc8)(c8ccccc8)=N->3c3ccccc3)<-c(c->41)c->5(C)c->6c->72,CC(C)c12->[Ru+2]34567(<-[Cl-])(<-[c-]8ccccc8[P+](c8ccccc8)(c8ccccc8)[N-]->3c3ccccc3)<-c(c->41)c->5(C)c->6c->72,CC(C)c12->[Ru+2]34567(<-[Cl-])(<-[c-]8ccccc8[P+](c8ccccc8)(c8ccccc8)[N-]->3c3ccccc3)<-c(c->41)c->5(C)c->6c->72
OZEFAC,,C17 H12 I2 N4 O3 W1,0.0,[O+]#[C-]->[W+2](<-[I-])(<-[I-])(<-[C-]#[O+])(<-[C-]#[O+])(<-n1cc2ccccc2[nH]1)<-n1cc2ccccc2[nH]1,[O+]#[C-]->[W+2](<-[I-])(<-[I-])(<-[C-]#[O+])(<-[C-]#[O+])(<-n1cc2ccccc2[nH]1)<-n1cc2ccccc2[nH]1,O=[C-]1[C-](=O)->[W+4]<-1(<-[I-])(<-[I-])(<-[C-]#[O+])(<-n1cc2ccccc2[nH]1)<-n1cc2ccccc2[nH]1
OZOZIN,,C27 H28 B1 F3 N1 P1 Pd1,0.0,Cc1cc(C)n(->[Pd+2]2(<-[CH3-])<-F[B-](F)(F)c3ccccc3P->2(c2ccccc2)c2ccccc2)c(C)c1,Cc1cc(C)n(->[Pd+2](<-[CH3-])<-P(c2ccccc2)(c2ccccc2)c2ccccc2[B-](F)(F)F)c(C)c1,Cc1cc(C)n(->[Pd+2](<-[CH3-])<-P(c2ccccc2)(c2ccccc2)c2ccccc2[B-](F)(F)F)c(C)c1
PABYOJ,,C38 H32 Cl2 F3 N2 O1 P2 Ru1 1+,1.0,CN1(C)c2ccccc2P(c2ccccc2)(c2ccccc2)->[Ru+4]<-1(<-[Cl-])(<-[Cl-])(<-[N-]=O)<-P(c1ccc(F)cc1)(c1ccc(F)cc1)c1ccc(F)cc1,CN1(C)c2ccccc2P(c2ccccc2)(c2ccccc2)->[Ru+4]<-1(<-[Cl-])(<-[Cl-])(<-[N-]=O)<-P(c1ccc(F)cc1)(c1ccc(F)cc1)c1ccc(F)cc1,CN1(C)c2ccccc2P(c2ccccc2)(c2ccccc2)->[Ru+4]<-1(<-[Cl-])(<-[Cl-])(<-[N-]=O)<-P(c1ccc(F)cc1)(c1ccc(F)cc1)c1ccc(F)cc1
PADGEI,C[C+]12[CH2+]->[Ti+4]<-1345678(<-c1c->3c->4[cH-]->5c->61)<-[CH-]2[C-]->7(C)C[C@H](c1ccccc1)[N-]->8[C-]1[CH-][CH+][CH+][CH-][CH-]1,C25 H27 N1 Ti1,0.0,CC12C->[Ti+2]<-1345678(<-C=2C->3(C)CC(c1ccccc1)[N-]->4c1ccccc1)<-c1c->5c->6[cH-]->7c->81,CC12=C->[Ti+2]<-1345678(<-C2=C->3(C)CC(c1ccccc1)[N-]->4c1ccccc1)<-c1c->5c->6[cH-]->7c->81,CC12=C->[Ti+2]<-1345678(<-C2=C->3(C)CC(c1ccccc1)[N-]->4c1ccccc1)<-c1c->5c->6[cH-]->7c->81
PADZAY,CC(C)(C)c1ccc(C(C)(C)C)c2[O-]->[Ni+2]345(<-[O-]c12)<-C(/C->3=N->4/C(C)(C)C)=N->5\C(C)(C)C,C24 H40 N2 Ni1 O2,0.0,CC(C)(C)c1ccc(C(C)(C)C)c2[O-]->[Ni+2]3(<-[O-]c12)<-N(=CC=N->3C(C)(C)C)C(C)(C)C,CC(C)(C)c1ccc(C(C)(C)C)c2[O-]->[Ni+2]3(<-[O-]c12)<-N(=CC=N->3C(C)(C)C)C(C)(C)C,CC(C)(C)c1ccc(C(C)(C)C)c2[O-]->[Ni+2]3(<-[O-]c12)<-N(=CC=N->3C(C)(C)C)C(C)(C)C
PAGFOS,,C32 H27 Co1 F7 I1 N1 P1,0.0,CC(NP(c1ccccc1)(c1ccccc1)->[Co+3]1234(<-[I-])(<-c5[cH-]->1c->2c->31ccccc->451)<-[C-](F)(F)C(F)(F)C(F)(F)F)c1ccccc1,CC(NP(c1ccccc1)(c1ccccc1)->[Co+3]1234(<-[I-])(<-c5c->1c->21ccccc->31[cH-]->45)<-[C-](F)(F)C(F)(F)C(F)(F)F)c1ccccc1,CC(NP(c1ccccc1)(c1ccccc1)->[Co+3]1234(<-[I-])(<-c5c->1c->21ccccc->31[cH-]->45)<-[C-](F)(F)C(F)(F)C(F)(F)F)c1ccccc1
PAHPOE,Cc1ccc(S(=O)(=O)[N-]2CCN->[Zn+2]<-23<-NCC[N-]->3S(=O)(=O)c2ccc(C)cc2)cc1,C18 H26 N4 O4 S2 Zn1,0.0,Cc1ccc(S(=O)(=O)[N-]2CCN->[Zn+2]<-23<-NCC[N-]->3S(=O)(=O)c2ccc(C)cc2)cc1,Cc1ccc(S(=O)(=O)[N-]2CCN->[Zn+2]<-23<-NCC[N-]->3S(=O)(=O)c2ccc(C)cc2)cc1,Cc1ccc(S2(=O)=O->[Zn+2]345(<-NCCN->3=S(=O)([O-]->4)c3ccc(C)cc3)<-NCC[N-]->52)cc1
PAJJUH,CC(C)P(c1ccccc1[N-]1c2ccccc2P(C(C)C)(C(C)C)->[Zr+4]<-1(<-[CH3-])(<-[CH3-])<-[CH3-])C(C)C,C27 H45 N1 P2 Zr1,0.0,CC(C)P1(c2ccccc2[N-]2c3ccccc3P(C(C)C)(C(C)C)->[Zr+4]<-2<-1(<-[CH3-])(<-[CH3-])<-[CH3-])C(C)C,CC(C)P1(c2ccccc2[N-]2c3ccccc3P(C(C)C)(C(C)C)->[Zr+4]<-2<-1(<-[CH3-])(<-[CH3-])<-[CH3-])C(C)C,CC(C)P1(c2ccccc2[N-]2c3ccccc3P(C(C)C)(C(C)C)->[Zr+4]<-2<-1(<-[CH3-])(<-[CH3-])<-[CH3-])C(C)C
PAKTUR,Cc1cc(C)cn(->[Ta+5](<-[Cl-])(<-[Cl-])(<-[Cl-])(<-[N-2][Si](C)(C)C)<-n2cc(C)cc(C)c2)c1,C17 H27 Cl3 N3 Si1 Ta1,0.0,Cc1cc(C)cn(->[Ta+5](<-[Cl-])(<-[Cl-])(<-[Cl-])(<-[N-2][Si](C)(C)C)<-n2cc(C)cc(C)c2)c1,Cc1cc(C)cn(->[Ta+5](<-[Cl-])(<-[Cl-])(<-[Cl-])(<-[N-2][Si](C)(C)C)<-n2cc(C)cc(C)c2)c1,Cc1cc(C)cn(->[Ta+5](<-[Cl-])(<-[Cl-])(<-[Cl-])(<-[N-2][Si](C)(C)C)<-n2cc(C)cc(C)c2)c1
PAKZOT,,C13 H13 Br1 N3 O3 Re1 S2,0.0,CNC1NN(=Cc2ccc(SC)cc2)->[Re+](<-[Br-])(<-[C-]#[O+])(<-[C-]#[O+])(<-[C-]#[O+])<-S=1,CNC1NN(=Cc2ccc(SC)cc2)->[Re+](<-[Br-])(<-[C-]#[O+])(<-[C-]#[O+])(<-[C-]#[O+])<-S=1,CNC1NN(=Cc2ccc(SC)cc2)->[Re+](<-[Br-])(<-[C-]#[O+])(<-[C-]#[O+])(<-[C-]#[O+])<-S=1
PALJIX,O=C1CN2C=CN(Cc3ccccc3)[C]2->[Ni+2]2(<-[C]3N(CC(=O)[N-]->2Cc2ccccc2)C=CN3Cc2ccccc2)<-[N-]1Cc1ccccc1,C38 H36 N6 Ni1 O2,0.0,O=C1CN2C=CN(Cc3ccccc3)[C]2->[Ni+2]2(<-[C]3N(CC(=O)[N-]->2Cc2ccccc2)C=CN3Cc2ccccc2)<-[N-]1Cc1ccccc1,O=C1CN2C=CN(Cc3ccccc3)[C]2->[Ni+2]2(<-[C]3N(CC(=O)[N-]->2Cc2ccccc2)C=CN3Cc2ccccc2)<-[N-]1Cc1ccccc1,O=C1CN2C=CN(Cc3ccccc3)[C]2->[Ni+2]2(<-[C]3N(CC(=O)[N-]->2Cc2ccccc2)C=CN3Cc2ccccc2)<-[N-]1Cc1ccccc1
PANCIR,,C36 H40 Cl2 Hg1 N2,0.0,CC(C)c1cccc(C(C)C)c1N1=C2C(=N(c3c(C(C)C)cccc3C(C)C)->[Hg+2]<-1(<-[Cl-])<-[Cl-])c1cccc3cccc2c13,CC(C)c1cccc(C(C)C)c1N=C1C(=N(c2c(C(C)C)cccc2C(C)C)->[Hg+2](<-[Cl-])<-[Cl-])c2cccc3cccc1c23,CC(C)c1cccc(C(C)C)c1N=C1C(=Nc2c(C(C)C)cccc2C(C)C)c2cccc3cccc1c23.[Cl-]->[Hg+2]<-[Cl-]
PANYEI,CS1[CH-]2/C=C(\[S-]->[Fe+2]<-2<-1(<-[C-]#[O+])(<-P(C)(C)C)<-P(C)(C)C)c1ccccc1,C17 H28 Fe1 O1 P2 S2,0.0,CS1[CH-]2C=C([S-]->[Fe+2]<-2<-1(<-[C-]#[O+])(<-P(C)(C)C)<-P(C)(C)C)c1ccccc1,CS1C2=CC(=S->[Fe]<-2<-1(<-[C-]#[O+])(<-P(C)(C)C)<-P(C)(C)C)c1ccccc1,CS1C2=CC(=S->[Fe]<-2<-1(<-[C-]#[O+])(<-P(C)(C)C)<-P(C)(C)C)c1ccccc1
PAQTIK,CN12->[Ru+2]34(<-[N-2][N+]#N)(<-N=C5C=CC=CC5=N->3)<-N(C)(CC1)CCN->4(C)CC2,C15 H27 N8 Ru1 1+,1.0,CN12->[Ru+2]34(<-[N-]=[N+]=[N-])(<-N=C5C=CC=CC5=N->3)<-N(C)(CC1)CCN->4(C)CC2,CN12->[Ru+4]34(<-[N-2][N+]#N)(<-[NH-]c5ccccc5[NH-]->3)<-N(C)(CC1)CCN->4(C)CC2,CN12->[Ru+4]34(<-[N-2][N+]#N)(<-[NH-]c5ccccc5[NH-]->3)<-N(C)(CC1)CCN->4(C)CC2
PARHUA,CC(C)(C)c12->[Ti+4]345(<-[Cl-])(<-[Cl-])(<-[Cl-])<-c1c->3c->4(C(C)(C)C)[n-]->52,C12 H20 Cl3 N1 Ti1,0.0,CC(C)(C)c12->[Ti+4]345(<-[Cl-])(<-[Cl-])(<-[Cl-])<-c1[cH-]->3c->4(C(C)(C)C)n->52,CC(C)(C)c12->[Ti+4]345(<-[Cl-])(<-[Cl-])(<-[Cl-])<-c1c->3c->4(C(C)(C)C)[n-]->52,CC(C)(C)c12->[Ti+4]3(<-[Cl-])(<-[Cl-])(<-[Cl-])<-[n-]1c->3(C(C)(C)C)cc2
PASROQ,,C30 H46 P2 Pt1 Si1,0.0,CCP(CC)(CC)->[PtH+](<-[Si-](c1ccccc1)(c1ccccc1)c1ccccc1)<-P(CC)(CC)CC,CCP(CC)(CC)->[PtH+](<-[Si-](c1ccccc1)(c1ccccc1)c1ccccc1)<-P(CC)(CC)CC,CCP(CC)(CC)->[PtH+](<-[Si-](c1ccccc1)(c1ccccc1)c1ccccc1)<-P(CC)(CC)CC
PAVGOI,,C27 H28 P1 Re1,0.0,c1ccc(P(c2ccccc2)(c2ccccc2)->[ReH3]23456<-c7c->2c->3c->42c->5(c->67)CCC2)cc1,c1ccc(P(c2ccccc2)(c2ccccc2)->[ReH3]23456<-c7c->2c->3c->42c->5(c->67)CCC2)cc1,c1ccc(P(c2ccccc2)(c2ccccc2)->[ReH3]23456<-c7c->2c->3c->42c->5(c->67)CCC2)cc1
PAXDIE,CS(C)(=O)->[Pt]1(<-N=C(N=O->1)c1ccc([N+](=O)[O-])cc1)<-S(C)(C)=O,C11 H17 N3 O5 Pt1 S2,0.0,CS(C)(=O)->[Pt+2]1(<-[NH-]C(=N[O-]->1)c1ccc([N+](=O)[O-])cc1)<-S(C)(C)=O,CS(C)(=O)->[Pt+2]1(<-[NH-]C(=N[O-]->1)c1ccc([N+](=O)[O-])cc1)<-S(C)(C)=O,CS(C)(=O)->[Pt+2]1(<-[NH-]C(=N[O-]->1)c1ccc([N+](=O)[O-])cc1)<-S(C)(C)=O
PAXPOU,,C12 H30 N2 Zn1,0.0,C[CH2-]->[Zn+2]1(<-[CH2-]C)<-N(C)(C)CCN->1(C)C(C)C,C[CH2-]->[Zn+2]1(<-[CH2-]C)<-N(C)(C)CCN->1(C)C(C)C,CC(C)N(C)CCN(C)C.C[CH2-]->[Zn+2]<-[CH2-]C
PAYDUQ,,C16 H16 Cl2 N4 Ni1 O4,0.0,O=c1c2ccccc2[nH+]c[n-]1->[Ni+2](<-O)(<-O)(<-[Cl-])(<-[Cl-])<-[n-]1c[nH+]c2ccccc2c1=O,O=c1c2ccccc2[nH]cn1->[Ni+2](<-O)(<-O)(<-[Cl-])(<-[Cl-])<-n1c[nH]c2ccccc2c1=O,O.O.O=c1c2ccccc2[nH]cn1->[Ni+2](<-[Cl-])(<-[Cl-])<-n1c[nH]c2ccccc2c1=O
PAYPOU,C[C+]12->[Mn+]34(<-[C-]#[O+])(<-[C-]#[O+])(<-[C-]#[O+])<-[CH-]([CH-]->31)[S@+](c1ccccc1)[CH-]->42,C14 H11 Mn1 O3 S1,0.0,CC12->[Mn]34(<-[C-]#[O+])(<-[C-]#[O+])(<-[C-]#[O+])<-C(=C->31)[S](c1ccccc1)C->4=2,CC12->[Mn+]34(<-[C-]#[O+])(<-[C-]#[O+])(<-[C-]#[O+])<-C(=S(c5ccccc5)[CH-]->31)C->4=2,CC12->[Mn+]34(<-[C-]#[O+])(<-[C-]#[O+])(<-[C-]#[O+])<-C(=S(c5ccccc5)[CH-]->31)C->4=2
PAYTER,Cc1cc(C)c2cccn3->[Au+3]4(<-[O-]c1c23)<-[c-]1ccccc1-c1cccc[c-]->41,C23 H18 Au1 N1 O1,0.0,Cc1cc(C)c2cccn3->[Au+3]4(<-[O-]c1c23)<-[c-]1ccccc1-c1cccc[c-]->41,Cc1cc(C)c2cccn3->[Au+3]4(<-[O-]c1c23)<-[c-]1ccccc1-c1cccc[c-]->41,Cc1cc(C)c2cccn3->[Au+]4(<-[O-]c1c23)<-[C]1C=CC=CC1=C1C=CC=C[C]->41
PAZVUI,Cn1ccn2->[Cd+2]3(<-[N-]=C=S)(<-[N-]=C=S)(<-N(=N\c12)/c1ccccc1)<-N(=N\c1n(C)ccn->31)/c1ccccc1,C22 H21 Cd1 N10 S2,0.0,CN1C=C[N-]2->[Cd+3](<-[N-]=C=S)(<-[N-]=C=S)(<-N(=NC12)c1ccccc1)<-n1ccn(C)c1N=Nc1ccccc1,Cn1ccn(->[Cd+2](<-[N-]=C=S)(<-[N-]=C=S)<-n2ccn(C)c2N=Nc2ccccc2)c1N=Nc1ccccc1,Cn1ccn2->[Cd+2]3(<-[N-]=C=S)(<-[N-]=C=S)(<-N(=Nc12)c1ccccc1)<-N(=Nc1n(C)ccn->31)c1ccccc1
PCESMO,N#C/C1[S-]->[Mo+4]23456(<-[S-]\C=1C#N)(<-[S-]/C(C#N)=C(\C#N)[S-]->2)<-c1c->3c->4[cH-]->5c->61,C13 H5 Mo1 N4 S4 1-,-1.0,N#CC1[S-]->[Mo+4]23456(<-[S-]C=1C#N)(<-[S-]C(C#N)=C(C#N)[S-]->2)<-c1c->3c->4[cH-]->5c->61,N#CC1[S-]->[Mo+4]23456(<-[S-]C=1C#N)(<-[S-]C(C#N)=C(C#N)[S-]->2)<-c1c->3c->4[cH-]->5c->61,N#CC1[S-]->[Mo+4]23456(<-[S-]C=1C#N)(<-[S-]C(C#N)=C(C#N)[S-]->2)<-c1c->3c->4[cH-]->5c->61
PEBKAJ,CC(C)N(C1#P(C(C)(C)C)(C(C)(C)C)->[Pd+2]<-1(<-[Cl-])<-[Cl-])C(C)C,C15 H32 Cl2 N1 P1 Pd1,0.0,CC(C)N(C1#P(C(C)(C)C)(C(C)(C)C)->[Pd+2]<-1(<-[Cl-])<-[Cl-])C(C)C,CC(C)N(C1#P(C(C)(C)C)(C(C)(C)C)->[Pd+2]<-1(<-[Cl-])<-[Cl-])C(C)C,CC(C)N(C1#P(C(C)(C)C)(C(C)(C)C)->[Pd+2]<-1(<-[Cl-])<-[Cl-])C(C)C
PEBVUP,COC(=O)c1cn(-c2ccc(C(=O)[O-]->[Zn+2](<-O=S(C)C)(<-[O-]C(=O)c3ccc(-n4cc(C(=O)OC)nn4)cc3)<-n3cccc4ccccc43)cc2)nn1,C33 H29 N7 O9 S1 Zn1,0.0,fail,COC(=O)c1cn(-c2ccc(C(=O)[O-]->[Zn+2](<-O=S(C)C)(<-[O-]C(=O)c3ccc(-n4cc(C(=O)OC)nn4)cc3)<-n3cccc4ccccc43)cc2)nn1,COC(=O)c1cn(-c2ccc(C34=O->[Zn+2]<-356(<-O=S(C)C)(<-O=C->5([O-]->6)c3ccc(-n5cc(C(=O)OC)nn5)cc3)(<-[O-]4)<-n3cccc4ccccc43)cc2)nn1
PECTEW,c1ccc([S-]->[Au+3]23<-[c-]4ccccc4-c4cccc(-c5cccc[c-]->25)n->34)nc1,C22 H15 Au1 N2 S1,0.0,c1ccc([S-]->[Au+3]23<-[c-]4ccccc4-c4cccc(-c5cccc[c-]->25)n->34)nc1,c1ccc([S-]->[Au+3]23<-[c-]4ccccc4-c4cccc(-c5cccc[c-]->25)n->34)nc1,c1cc[c-]2->[Au+3]34(<-S=c5cccc[n-]->35)<-[c-]3ccccc3-c3cccc(-c2c1)n->43
PEDYAY,Nc1cc[nH]c(=O)n1->[Cd+2](<-[Cl-])(<-n1c(N)cc[nH]c1=O)<-n1c(N)cc[nH]c1=O,C12 H15 Cd1 Cl1 N9 O3 1+,1.0,Nc1cc[nH]c(=O)n1->[Cd+2](<-[Cl-])(<-n1c(N)cc[nH]c1=O)<-n1c(N)cc[nH]c1=O,Nc1cc[nH]c(=O)n1->[Cd+2](<-[Cl-])(<-n1c(N)cc[nH]c1=O)<-n1c(N)cc[nH]c1=O,Nc1cc[nH]c(=O)n1->[Cd+2]12(<-[Cl-])(<-O=c3[nH]ccc(N)n->13)<-O=c1[nH]ccc(N)n->21
PEGDEK,c1ccc(P(c2ccccc2)(c2ccccc2)->[Cu+]2<-n3ccccc3CN(Cc3ccccn3)Cc3ccccn->23)cc1,C36 H33 Cu1 N4 P1 1+,1.0,c1ccc(P(c2ccccc2)(c2ccccc2)->[Cu+]23<-n4ccccc4CN->2(Cc2ccccn2)Cc2ccccn->32)cc1,c1ccc(P(c2ccccc2)(c2ccccc2)->[Cu+]23<-n4ccccc4CN->2(Cc2ccccn2)Cc2ccccn->32)cc1,c1ccc(P(c2ccccc2)(c2ccccc2)->[Cu+]23<-n4ccccc4CN->2(Cc2ccccn2)Cc2ccccn->32)cc1
PEGYIJ,COc1ccc(/C2=N(\[Si](C)(C)C)->[Ti+4]3456(<-[F-])(<-[F-])(<-[N-]2[Si](C)(C)C)<-c2(C)c->3(C)c->4(C)[c-]->5(C)c->62C)cc1,C24 H40 F2 N2 O1 Si2 Ti1,0.0,COc1ccc(C2=N([Si](C)(C)C)->[Ti+4]3456(<-[F-])(<-[F-])(<-[N-]2[Si](C)(C)C)<-c2(C)c->3(C)c->4(C)[c-]->5(C)c->62C)cc1,COc1ccc(C2=N([Si](C)(C)C)->[Ti+4]3456(<-[F-])(<-[F-])(<-[N-]2[Si](C)(C)C)<-c2(C)c->3(C)c->4(C)[c-]->5(C)c->62C)cc1,COc1ccc(C23=N([Si](C)(C)C)->[Ti+4]<-24567(<-[F-])(<-[F-])(<-[N-]3[Si](C)(C)C)<-c2(C)c->4(C)c->5(C)[c-]->6(C)c->72C)cc1
PEHRIF,CS(C)->[Pt@+2]1(<-[CH3-])<-[c-]2sccc2/C=N->1/c1ccccc1,C14 H17 N1 Pt1 S2,0.0,CS(C)->[Pt+2]1(<-[CH3-])<-[c-]2sccc2C=N->1c1ccccc1,CS(C)->[Pt+2]1(<-[CH3-])<-[c-]2sccc2C=N->1c1ccccc1,CS(C)->[Pt+2]1(<-[CH3-])<-[c-]2sccc2C=N->1c1ccccc1
PEKFUJ,CC1=C2[O-]->[V+5]3(<-[O-2])(<-[O-2])<-O=C4C=CC=C/C4=N->3\C=C/2C(CO)=CN1,C14 H13 N2 O5 V1,0.0,Cc1[nH+]cc(CO)c2C=N3c4ccccc4[O-]->[V+5]<-3(<-[O-2])(<-[O-2])<-[O-]c12,CC1=C2[O-]->[V+5]3(<-[O-2])(<-[O-2])<-O=C4C=CC=CC4=N->3C=C2C(CO)=CN1,CC1=C2[O-]->[V+5]3(<-[O-2])(<-[O-2])<-O=C4C=CC=CC4=N->3C=C2C(CO)=CN1
PEKVAC,CCC12->[Ni]345(<-C1(=O)OC->3(=O)C->4=2CC)<-N(C)(C)CCN->5(C)C,C14 H26 N2 Ni1 O3,0.0,CC[c-]12->[Ni+2]3(<-[c-]1(CC)c(=O)oc2=O)<-N(C)(C)CCN->3(C)C,CC[c-]12->[Ni+2]3(<-[c-]1(CC)c(=O)oc2=O)<-N(C)(C)CCN->3(C)C,CC[c-]12->[Ni+2]3456(<-o(c->31=O)c->4(=O)[c-]->52CC)<-N(C)(C)CCN->6(C)C
PEMENI,COCCN12CCP(c3ccccc3)(c3ccccc3)->[Ni@OH23+2]<-1(<-[N-]=C=S)<-P(CC2)(c1ccccc1)c1ccccc1,C32 H35 N2 Ni1 O1 P2 S1 1+,1.0,CO1CCN23CCP(c4ccccc4)(c4ccccc4)->[Ni+2]<-1<-2(<-[N-]=C=S)<-P(CC3)(c1ccccc1)c1ccccc1,COCCN12CCP(c3ccccc3)(c3ccccc3)->[Ni+2]<-1(<-[N-]=C=S)<-P(CC2)(c1ccccc1)c1ccccc1,CO1CCN23CCP(c4ccccc4)(c4ccccc4)->[Ni+2]<-1<-2(<-[N-]=C=S)<-P(CC3)(c1ccccc1)c1ccccc1
PEMXOV,CC1=O->[Cu+](<-[O-]1)<-[C]1N(c2c(C(C)C)cccc2C(C)C)CCN1c1c(C(C)C)cccc1C(C)C,C29 H41 Cu1 N2 O2,0.0,CC(=O)[O-]->[Cu+]<-[C]1N(c2c(C(C)C)cccc2C(C)C)CCN1c1c(C(C)C)cccc1C(C)C,CC(=O)[O-]->[Cu+]<-[C]1N(c2c(C(C)C)cccc2C(C)C)CCN1c1c(C(C)C)cccc1C(C)C,CC(C)c1cccc(C(C)C)c1N1CCN(c2c(C(C)C)cccc2C(C)C)[C]1->[Cu+]12<-O=C->1(C)[O-]->2
PENQOQ,,C13 H14 N4 O7 S1 Zn1,0.0,O=S(=O)([O-])[O-]->[Zn+2]1(<-O)(<-O)(<-O)<-n2cccc3c4nc[nH]c4c4cccn->1c4c32,O=S(=O)([O-])[O-]->[Zn+2]1(<-O)(<-O)(<-O)<-n2cccc3c4nc[nH]c4c4cccn->1c4c32,O.O=S1(O)=O->[Zn+2]2(<-[OH-])(<-O)(<-[O-]1)<-n1cccc3c4nc[nH]c4c4cccn->2c4c31
PEQDAR,,C28 H42 N6 Ti1,0.0,Cc1cc(C)cc(N2=C3CCC[N-]3->[Ti+4]<-23(<-N(=C2CCC[N-]->32)c2cc(C)cc(C)c2)(<-[N-](C)C)<-[N-](C)C)c1,Cc1cc(C)cc([N-]2C3=N(->[Ti+4]<-24(<-N2=C([N-]->4c4cc(C)cc(C)c4)CCC2)(<-[N-](C)C)<-[N-](C)C)CCC3)c1,Cc1cc(C)cc([N-]2C3=N(->[Ti+4]<-24(<-N2=C([N-]->4c4cc(C)cc(C)c4)CCC2)(<-[N-](C)C)<-[N-](C)C)CCC3)c1
PERDOH,Cc1cc(C)c(N2CCN(c3c(C)cc(C)cc3C)[C]2->[Ru@TB5+4]2(<-[Cl-])(<-[Cl-])<-[CH-]=C3C=C[CH-]C=C3O->2c2ccccc2)c(C)c1,C34 H36 Cl2 N2 O1 Ru1,0.0,Cc1cc(C)c(N2CCN(c3c(C)cc(C)cc3C)[C]2->[Ru+4]2(<-[Cl-])(<-[Cl-])<-[CH-2]c3ccccc3O->2c2ccccc2)c(C)c1,Cc1cc(C)c(N2CCN(c3c(C)cc(C)cc3C)[C]2->[Ru+2]2(<-[Cl-])(<-[Cl-])<-[CH]c3ccccc3O->2c2ccccc2)c(C)c1,Cc1cc(C)c(N2CCN(c3c(C)cc(C)cc3C)[C]2->[Ru+2]2(<-[Cl-])(<-[Cl-])<-[CH]c3ccccc3O->2c2ccccc2)c(C)c1
PERWUG,Cc1cc(C)[n-]2->[Pd@+2]3(<-[O-]c4cccc5cccn->3c45)<-n3ccccc3-c12,C20 H17 N3 O1 Pd1,0.0,Cc1cc(C)[n-]2->[Pd+2]3(<-[O-]c4cccc5cccn->3c45)<-n3ccccc3-c12,CC1=CC(C)=N2->[Pd+2]3(<-[O-]c4cccc5cccn->3c45)<-[N-]3C=CC=CC3=C12,CC1=CC(C)=N2->[Pd+2]3(<-[O-]c4cccc5cccn->3c45)<-[N-]3C=CC=CC3=C12
PESKEE,c1ccc(C2=O->[Zn+2]34(<-O=C([O-]->3)c3ccccc3)(<-[O-]2)<-n2ccccc2-c2ccccn->42)cc1,C24 H18 N2 O4 Zn1,0.0,fail,O=C([O-]->[Zn+2]12(<-O=C([O-]->1)c1ccccc1)<-n1ccccc1-c1ccccn->21)c1ccccc1,c1ccc(C23=O->[Zn+2]<-2456(<-O=C->4([O-]->5)c2ccccc2)(<-[O-]3)<-n2ccccc2-c2ccccn->62)cc1
PETLIK,,C16 H22 B1 Cl3 P2 Pt1,0.0,CP(C)(c1ccccc1)->[Pt+2](<-[Cl-])(<-[BH2-](Cl)Cl)<-P(C)(C)c1ccccc1,CP(C)(c1ccccc1)->[Pt](<-[Cl-])(<-[B+](Cl)Cl)<-P(C)(C)c1ccccc1,CP(C)(c1ccccc1)->[Pt](<-[Cl-])(<-[B+](Cl)Cl)<-P(C)(C)c1ccccc1
PEVDAV,[O+]#[C-]->[Cr](<-[C-]#[O+])(<-[C-]#[O+])(<-[C-]#[O+])(<-[C-]#[O+])<-[Si-](=C1\C=CC=C[C+]1CP(c1ccccc1)c1ccccc1)/c1ccccc1CP(c1ccccc1)c1ccccc1,C43 H32 Cr1 O5 P2 Si1,0.0,[O+]#[C-]->[Cr+2](<-[C-]#[O+])(<-[C-]#[O+])(<-[C-]#[O+])(<-[C-]#[O+])<-[Si-2](c1ccccc1CP(c1ccccc1)c1ccccc1)c1ccccc1CP(c1ccccc1)c1ccccc1,[O+]#[C-]->[Cr](<-[C-]#[O+])(<-[C-]#[O+])(<-[C-]#[O+])(<-[C-]#[O+])<-[Si]1(c2ccccc2CP(c2ccccc2)c2ccccc2)=P(c2ccccc2)(c2ccccc2)Cc2ccccc21,[O+]#[C-]->[Cr](<-[C-]#[O+])(<-[C-]#[O+])(<-[C-]#[O+])(<-[C-]#[O+])<-[Si]1(c2ccccc2CP(c2ccccc2)c2ccccc2)=P(c2ccccc2)(c2ccccc2)Cc2ccccc21
PEWJOR,[Cl-]->[Hg+2]<-[c-]1ccccc1[P+]([N-]c1ccccc1)(c1ccccc1)c1ccccc1,C24 H19 Cl1 Hg1 N1 P1,0.0,[Cl-]->[Hg+2]1<-[c-]2ccccc2P(c2ccccc2)(c2ccccc2)=N->1c1ccccc1,[Cl-]->[Hg+2]<-[c-]1ccccc1[P+]([N-]c1ccccc1)(c1ccccc1)c1ccccc1,[Cl-]->[Hg+2]1<-[c-]2ccccc2[P+](c2ccccc2)(c2ccccc2)[N-]->1c1ccccc1
PEXJEJ,,C23 H42 Cl1 Ir1 N2,0.0,CC(C)(C)CN1CCCCN(CC(C)(C)C)[C]1->[Ir+]123(<-[Cl-])<-C4=C->1CCC->2=C->3CC4,CC(C)(C)CN1CCCCN(CC(C)(C)C)[C]1->[Ir+]123(<-[Cl-])<-C4=C->1CCC->2=C->3CC4,CC(C)(C)CN1CCCCN(CC(C)(C)C)[C]1->[Ir+]123(<-[Cl-])<-C4=C->1CCC->2=C->3CC4
PEYLOU,CN(C)c1ccc2cc3ccc(=[N+](C)C)cc-3n(C[CH2-]->[Pt+2]3(<-[Cl-])<-N(C)(C)CCN->3(C)C)c2c1,C25 H39 Cl1 N5 Pt1 1+,1.0,CN(C)c1ccc2cc3ccc(N(C)C)cc3[n+](C[CH2-]->[Pt+2]3(<-[Cl-])<-N(C)(C)CCN->3(C)C)c2c1,CN(C)c1ccc2cc3ccc(=[N+](C)C)cc-3n(C[CH2-]->[Pt+2]3(<-[Cl-])<-N(C)(C)CCN->3(C)C)c2c1,CN(C)c1ccc2cc3ccc(=[N+](C)C)cc-3n(C[CH2-]->[Pt+2]3(<-[Cl-])<-N(C)(C)CCN->3(C)C)c2c1
PHCVHG,,C20 H16 Cl6 Hg1 N2,0.0,Cc1cn2->[Hg+2](<-[C-](Cl)=C(Cl)Cl)(<-[C-](Cl)=C(Cl)Cl)<-n3cc(C)c(C)c4ccc(c1C)c2c43,Cc1cnc2c(ccc3c(C)c(C)cnc32)c1C.ClC(Cl)=[C-](Cl)->[Hg+2]<-[C-](Cl)=C(Cl)Cl,Cc1cnc2c(ccc3c(C)c(C)cnc32)c1C.ClC(Cl)=[C-](Cl)->[Hg+2]<-[C-](Cl)=C(Cl)Cl
PIBDIO,CC(C)(C)[C@H](c1ccccc1)c12->[Zr+4]3456789%10(<-[Cl-])(<-[Cl-])<-c1c->3[c-]->4([Si](C)(C)[c-]->51c->6(C)c->7(C)c->8(C)c->91C)c->%102,C27 H36 Cl2 Si1 Zr1,0.0,CC(C)(C)C(c1ccccc1)c12->[Zr+4]3456789%10(<-[Cl-])(<-[Cl-])<-c([cH-]->31)c->4([Si](C)(C)[c-]->51c->6(C)c->7(C)c->8(C)c->91C)c->%102,CC(C)(C)C(c1ccccc1)c12->[Zr+4]3456789%10(<-[Cl-])(<-[Cl-])<-c1c->3[c-]->4([Si](C)(C)[c-]->51c->6(C)c->7(C)c->8(C)c->91C)c->%102,CC(C)(C)C(c1ccccc1)c12->[Zr+4]3456789%10(<-[Cl-])(<-[Cl-])<-c1c->3[c-]->4([Si](C)(C)[c-]->51c->6(C)c->7(C)c->8(C)c->91C)c->%102
PICJES,,C24 H25 Cl1 N1 O2 Ru1 1+,1.0,CC(C)c12->[Ru+2]34567(<-[Cl-])(<-O=C(C=C(O)c8ccccc8)c8ccccn->38)<-c(c->41)c->5(C)c->6c->72,CC(C)c12->[Ru+4]34567(<-[Cl-])(<-[O-]C(C=C(O)c8ccccc8)=C8C=CC=C[N-]->38)<-c(c->41)c->5(C)c->6c->72,CC(C)c12->[Ru+4]34567(<-[Cl-])(<-[O-]C(C=C(O)c8ccccc8)=C8C=CC=C[N-]->38)<-c(c->41)c->5(C)c->6c->72
PICTAY,,C34 H30 Br1 N2 O3 P1 Pd1,0.0,Cc1cc(C)n(->[Pd+3]2(<-[Br-])<-[c-]3ccccc3[P](c3ccccc3)(c3ccccc3)[CH-]->2C(=O)c2ccc([N+](=O)[O-])cc2)c(C)c1,Cc1cc(C)n(->[Pd+2]2(<-[Br-])<-[c-]3ccccc3[P+](c3ccccc3)(c3ccccc3)[CH-]->2C(=O)c2ccc([N+](=O)[O-])cc2)c(C)c1,Cc1cc(C)n(->[Pd+2]2(<-[Br-])<-[c-]3ccccc3[P+](c3ccccc3)(c3ccccc3)[CH-]->2C(=O)c2ccc([N+](=O)[O-])cc2)c(C)c1
PIDJOB,C/C1=C(\C)[N-]([O-])->[Co+3]2(<-[CH3-])(<-N1=O)(<-N(/O)=C(C)\C(C)=N->2\O)<-n1cnc(Cl)c2nc[nH]c21,C14 H20 Cl1 Co1 N8 O4,0.0,CC1C(C)=N([O])->[Co+]2(<-[CH3-])(<-N=1[O])(<-N(O)=C(C)C(C)=N->2O)<-n1cnc(Cl)c2nc[nH]c21,CC1=C(C)N(=O)->[Co+]2(<-[CH3-])(<-N1=O)(<-N(O)=C(C)C(C)=N->2O)<-n1cnc(Cl)c2nc[nH]c21,CC1=C(C)N(=O)->[Co+]2(<-[CH3-])(<-N1=O)(<-N(O)=C(C)C(C)=N->2O)<-n1cnc(Cl)c2nc[nH]c21
PIFPEZ,,C12 H27 O2 P3 S2 W1,0.0,fail,CP(C)(C)=C1([S-])[S-]->[W+2]<-1(<-[C-]#[O+])(<-[C-]#[O+])(<-P(C)(C)C)<-P(C)(C)C,CP(C)(C)=C([S-])([S-])->[W+2](<-[C-]#[O+])(<-[C-]#[O+])(<-P(C)(C)C)<-P(C)(C)C
PIFTIH,CC#N->[Mo]12(<-[C-]#[O+])(<-[C-]#[O+])(<-N#CC)(<-C3=C->1C(=O)OC3=O)<-C1=C->2C(=O)OC1=O,C14 H10 Mo1 N2 O8,0.0,CC#N->[Mo]12(<-[C-]#[O+])(<-[C-]#[O+])(<-N#CC)(<-C3=C->1C(=O)OC3=O)<-C1=C->2C(=O)OC1=O,CC#N->[Mo+4]12(<-[C-]#[O+])(<-[C-]#[O+])(<-N#CC)(<-[cH-]3c(=O)oc(=O)[cH-]->13)<-[cH-]1c(=O)oc(=O)[cH-]->21,CC#N->[Mo+4]12(<-[C-]#[O+])(<-[C-]#[O+])(<-N#CC)(<-[cH-]3c(=O)oc(=O)[cH-]->13)<-[cH-]1c(=O)oc(=O)[cH-]->21
PIGQIG,CC(C)(C)c1ccn(->[Ru+2]234(<-[O-]/C(=N\c5cccc(-c6cccc(/N=C(\[O-]->2)c2ccccc2)n->36)n->45)c2ccccc2)<-S(C)(C)=O)cc1,C35 H35 N5 O3 Ru1 S1,0.0,CC(C)(C)c1ccn(->[Ru+2]234(<-[O-]C(=Nc5cccc(-c6cccc(N=C([O-]->2)c2ccccc2)n->36)n->45)c2ccccc2)<-S(C)(C)=O)cc1,CC(C)(C)c1ccn(->[Ru+2]234(<-[O-]C(=Nc5cccc(-c6cccc(N=C([O-]->2)c2ccccc2)n->36)n->45)c2ccccc2)<-S(C)(C)=O)cc1,CC(C)(C)c1ccn(->[Ru+2]234(<-[O-]C(=Nc5cccc(-c6cccc(N=C([O-]->2)c2ccccc2)n->36)n->45)c2ccccc2)<-S(C)(C)=O)cc1
PIHJAT,C1\c2ccccn2->[Co+3]234(<-N=1\N=c1\sc5ncccc5[n-]->21)<-N(=C/c1ccccn->31)/N=c1/sc2ncccc2[n-]->41,C24 H16 Co1 N10 S2 1+,1.0,fail,C1c2ccccn2->[Co+3]234(<-N=1N=c1sc5ncccc5[n-]->21)<-N(=Cc1ccccn->31)N=c1sc2ncccc2[n-]->41,C1c2ccccn2->[Co+3]234(<-N=1N=c1sc5ncccc5[n-]->21)<-N(=Cc1ccccn->31)N=c1sc2ncccc2[n-]->41
PIHMOL,CC(C)(C)C1=O->[Cd+2]234(<-O=C([O-]->2)C(C)(C)C)(<-[O-]1)<-n1ccccc1-c1cccc(-c2ccccn->32)n->41,C25 H29 Cd1 N3 O4,0.0,fail,CC(C)(C)C1=O->[Cd+2]234(<-O=C([O-]->2)C(C)(C)C)(<-[O-]1)<-n1ccccc1-c1cccc(-c2ccccn->32)n->41,CC(C)(C)C12=O->[Cd+2]<-13456(<-O=C->3([O-]->4)C(C)(C)C)(<-[O-]2)<-n1ccccc1-c1cccc(-c2ccccn->52)n->61
PIJMUR,CCOC(=O)[CH-]1Oc2cccc[c-]2->[Pd@OH16+2]<-12<-n1ccccc1-c1ccccn->21,C20 H18 N2 O3 Pd1,0.0,CCOC(=O)[CH-]1Oc2cccc[c-]2->[Pd+2]<-12<-n1ccccc1-c1ccccn->21,CCOC(=O)C1=[O+]c2cccc[c-]2->[Pd]<-12<-n1ccccc1-c1ccccn->21,CCOC1(=O)[CH-]2Oc3cccc[c-]3->[Pd+2]<-2<-13<-n1ccccc1-c1ccccn->31
PIKKUR,CC#N->[Ni+2](<-[Cl-])(<-[Cl-])<-n1c(/C(C)=N/c2ccccc2C(C)C)cccc1/C(C)=N/c1ccccc1C(C)C,C29 H34 Cl2 N4 Ni1,0.0,CC#N->[Ni+2]12(<-[Cl-])(<-[Cl-])<-N(=C(C)c3cccc(C(C)=N->1c1ccccc1C(C)C)n->23)c1ccccc1C(C)C,CC#N->[Ni+2]12(<-[Cl-])(<-[Cl-])<-N(=C(C)c3cccc(C(C)=N->1c1ccccc1C(C)C)n->23)c1ccccc1C(C)C,CC#N->[Ni+2]12(<-[Cl-])(<-[Cl-])<-N(=C(C)c3cccc(C(C)=N->1c1ccccc1C(C)C)n->23)c1ccccc1C(C)C
PIKREJ,[O-2]->[Mo+6]123(<-O=C(c4ccccc4)c4cc(Br)cc(Br)c4[O-]->1)(<-[O-][O-]->2)<-[O-][O-]->3,C13 H7 Br2 Mo1 O7 1-,-1.0,[O-2]->[Mo+6]123(<-O=C(c4ccccc4)c4cc(Br)cc(Br)c4[O-]->1)(<-[O-][O-]->2)<-[O-][O-]->3,[O-2]->[Mo+6]123(<-O=C4C(Br)=CC(Br)=CC4=C([O-]->1)c1ccccc1)(<-[O-][O-]->2)<-[O-][O-]->3,[O-2]->[Mo+6]123(<-O=C4C(Br)=CC(Br)=CC4=C([O-]->1)c1ccccc1)(<-[O-][O-]->2)<-[O-][O-]->3
PIKWIQ,c1ccc(C2=O->[Ni@@+2]3(<-[O-]2)<-n2ccccc2CN->3(Cc2cccc(-c3ccccc3)n2)Cc2cccc(-c3ccccc3)n2)cc1,C37 H31 N4 Ni1 O2 1+,1.0,fail,c1ccc(-c2cccc3CN45Cc6ccccn6->[Ni+2]<-467(<-O=C->6([O-]->7)c4ccccc4)(<-n32)<-n2c(C5)cccc2-c2ccccc2)cc1,c1ccc(C2=O->[Ni+2]345(<-[O-]2)<-n2ccccc2CN->3(Cc2cccc(-c3ccccc3)n->42)Cc2cccc(-c3ccccc3)n->52)cc1
PILYIT,C[C@H]([C@@H](O)c1ccccc1)N1(C)CC(=O)[O-]->[Ni+2]<-12<-[O-]C(=O)CN->2(C)[C@H](C)[C@@H](O)c1ccccc1,C24 H32 N2 Ni1 O6,0.0,CC1C(O->[Ni+2]234(<-[O-]C(=O)CN->21C)<-[O-]C(=O)CN->3(C)C(C)C(O->4)c1ccccc1)c1ccccc1,CC1C(O->[Ni+2]234(<-[O-]C(=O)CN->21C)<-[O-]C(=O)CN->3(C)C(C)C(O->4)c1ccccc1)c1ccccc1,CC(C(O)c1ccccc1)N1(C)CC(=O)[O-]->[Ni+2]<-12<-[O-]C(=O)CN->2(C)C(C)C(O)c1ccccc1
PINQOU,CC(C)OP(OC(C)C)(OC(C)C)->[Co+]12345(<-c6c->1c->2[cH-]->3c->46)<-C(F)(F)=C->5(F)F,C16 H26 Co1 F4 O3 P1,0.0,CC(C)OP(OC(C)C)(OC(C)C)->[Co+3]12345(<-c6c->1c->2[cH-]->3c->46)<-[C-](F)(F)[C-]->5(F)F,CC(C)OP(OC(C)C)(OC(C)C)->[Co+]12345(<-c6c->1c->2[cH-]->3c->46)<-C(F)(F)=C->5(F)F,CC(C)OP(OC(C)C)(OC(C)C)->[Co+]12345(<-c6c->1c->2[cH-]->3c->46)<-C(F)(F)=C->5(F)F
PIQHUS,Cc1cc(C)n2->[Ni@SP1]34<-n1c1ccccc1n->3c(C)cc(C)n->4c1ccccc12,C22 H22 N4 Ni1,0.0,CC1=CC(C)=N2->[Ni+2]34<-N(=C(C)C=C(C)[N-]->3c3ccccc32)c2ccccc2[N-]->41,Cc1cc(C)[n-]2->[Ni+4]34<-n1c1ccccc1[n-]->3[c-](C)cc(C)[n-]->4c1ccccc12,Cc1cc(C)[n-]2->[Ni+4]34<-n1c1ccccc1[n-]->3[c-](C)cc(C)[n-]->4c1ccccc12
PIQXEU,C=CCN1C=CN(c2cc(OC)ccn2)[C]1->[Cu+]<-[Br-],C12 H13 Br1 Cu1 N3 O1,0.0,C=CCN1C=CN2c3cc(OC)ccn3->[Cu+](<-[Br-])<-[C]12,C=CCN1C=CN2c3cc(OC)ccn3->[Cu+](<-[Br-])<-[C]12,C=CCN1C=CN2c3cc(OC)ccn3->[Cu+](<-[Br-])<-[C]12
PITPEO,O=C1C#CC(=O)C2->[Pd](<-C=21)(<-P(c1ccccc1)(c1ccccc1)c1ccccc1)<-P(c1ccccc1)(c1ccccc1)c1ccccc1,C42 H34 O2 P2 Pd1,0.0,O=C1C=CC(=O)C2->[Pd](<-C=21)(<-P(c1ccccc1)(c1ccccc1)c1ccccc1)<-P(c1ccccc1)(c1ccccc1)c1ccccc1,[O-]c1ccc([O-])[c-]2->[Pd+4](<-[c-]12)(<-P(c1ccccc1)(c1ccccc1)c1ccccc1)<-P(c1ccccc1)(c1ccccc1)c1ccccc1,O=C1[C-]2->[Pd+2]34(<-[C-]=2C(=O)C->3=C->41)(<-P(c1ccccc1)(c1ccccc1)c1ccccc1)<-P(c1ccccc1)(c1ccccc1)c1ccccc1
PIVLUD,C1=C(c2ccccc2)/C2=N/c3c(-c4ccccc4)cc(-c4ccccc4)[n-]3->[Rh+]345(<-C6=C->3/CC/C->4=C->5\CC\6)<-N2=C1c1ccccc1,C40 H34 N3 Rh1,0.0,C1=C(c2ccccc2)C2=Nc3c(-c4ccccc4)cc(-c4ccccc4)[n-]3->[Rh+]345(<-C6=C->3CCC->4=C->5CC6)<-N2=C1c1ccccc1,C1=C(c2ccccc2)C2=Nc3c(-c4ccccc4)cc(-c4ccccc4)[n-]3->[Rh+]345(<-C6=C->3CCC->4=C->5CC6)<-N2=C1c1ccccc1,C1=C(c2ccccc2)C2=Nc3c(-c4ccccc4)cc(-c4ccccc4)[n-]3->[Rh+]345(<-C6=C->3CCC->4=C->5CC6)<-N2=C1c1ccccc1
PIWHUZ,Cc1c(C)n(C(C)C)c(=N2CCN(=c3n(C(C)C)c(C)c(C)n3C(C)C)->[Cu@SP1+]<-2<-[Cl-])n1C(C)C,C24 H44 Cl1 Cu1 N6,0.0,Cc1c(C)n(C(C)C)c(=N2CCN(=c3n(C(C)C)c(C)c(C)n3C(C)C)->[Cu+]<-2<-[Cl-])n1C(C)C,Cc1c(C)n(C(C)C)c(=N2CCN(=c3n(C(C)C)c(C)c(C)n3C(C)C)->[Cu+]<-2<-[Cl-])n1C(C)C,Cc1c(C)n(C(C)C)c(=N2CCN(=c3n(C(C)C)c(C)c(C)n3C(C)C)->[Cu+]<-2<-[Cl-])n1C(C)C
PIWPUJ,,C32 H41 N2 P1 Zn1,0.0,CC1=CC(C)=N2CCCP(c3ccccc3)(c3ccccc3)->[ZnH+]<-2<-[N-]1c1c(C(C)C)cccc1C(C)C,CC1=CC(C)=N(c2c(C(C)C)cccc2C(C)C)->[ZnH+]2<-[N-]1CCCP->2(c1ccccc1)c1ccccc1,CC1=CC(C)=N(c2c(C(C)C)cccc2C(C)C)->[ZnH+]2<-[N-]1CCCP->2(c1ccccc1)c1ccccc1
PIXMEQ,,C17 H42 B1 Fe1 N1 O1 P2,0.0,[BH3-][H]->[FeH+]12(<-[C-]#[O+])<-N(CCP->1(C(C)C)C(C)C)CCP->2(C(C)C)C(C)C,CC(C)P1(C(C)C)->[FeH+]2(<-[C-]#[O+])<-N(CC1)CCP->2(C(C)C)C(C)C.[BH4-],B.CC(C)P1(C(C)C)->[FeH2]2(<-[C-]#[O+])<-N(CC1)CCP->2(C(C)C)C(C)C
PIXZOL,Cc1cccc(C)c1[N-2]->[Ta+5]1234(<-[Cl-])(<-[Cl-])<-c5(C)c->1(C)c->2(C)[c-]->3(C)c->45C,C18 H24 Cl2 N1 Ta1,0.0,Cc1cccc(C)c1[N-2]->[Ta+5]1234(<-[Cl-])(<-[Cl-])<-c5(C)c->1(C)c->2(C)[c-]->3(C)c->45C,Cc1cccc(C)c1[N-2]->[Ta+5]1234(<-[Cl-])(<-[Cl-])<-c5(C)c->1(C)c->2(C)[c-]->3(C)c->45C,Cc1cccc(C)c1[N-2]->[Ta+5](<-[Cl-])(<-[Cl-])<-[c-]1(C)c(C)c(C)c(C)c1C
PIYPOC,,C20 H24 Fe1 N2 O4,0.0,CC1C(c2ccccc2)OC(C2=C3C4=C(N(C)C)->[Fe]<-2<-3<-4(<-[C-]#[O+])(<-[C-]#[O+])<-[C-]#[O+])N1C,CC1C(c2ccccc2)OC(C2=C3C4=C(N(C)C)->[Fe]<-2<-3<-4(<-[C-]#[O+])(<-[C-]#[O+])<-[C-]#[O+])N1C,CC1C(c2ccccc2)OC(C2=C3C4=C(N(C)C)->[Fe]<-2<-3<-4(<-[C-]#[O+])(<-[C-]#[O+])<-[C-]#[O+])N1C
PIZCAF,CC1(C)C2=N3->[Co+3]45(<-[Br-])(<-[Br-])<-O=C(/N=C6\N->4=C(/C=C\3C1(C)C)C(C)(C)C6(C)C)c1ccccc1OCCCOc1ccccc1/C([O-]->5)=N/2,C34 H39 Br2 Co1 N4 O4,0.0,CC1(C)C2=CC3=N4->[Co+3]56(<-[Br-])(<-[Br-])<-O=C(N=C4C(C)(C)C3(C)C)c3ccccc3OCCCOc3ccccc3C(=O->5)N=C([N-]->62)C1(C)C,CC1(C)C2=CC3=N4->[Co+3]56(<-[Br-])(<-[Br-])<-O=C(N=C4C(C)(C)C3(C)C)c3ccccc3OCCCOc3ccccc3C([O-]->5)=NC(=N->62)C1(C)C,CC1(C)C2=CC3=N4->[Co+3]56(<-[Br-])(<-[Br-])<-O=C(N=C4C(C)(C)C3(C)C)c3ccccc3OCCCOc3ccccc3C([O-]->5)=NC(=N->62)C1(C)C
PLASAU,C[As](C)c1ccccc1[As](C)(C)->[Au+]<-[As](C)(C)c1ccccc1[As](C)C,C20 H32 As4 Au1 1+,1.0,C[As]1(C)c2ccccc2[As](C)(C)->[Au+]<-12<-[As](C)(C)c1ccccc1[As]->2(C)C,C[As]1(C)c2ccccc2[As](C)(C)->[Au+]<-12<-[As](C)(C)c1ccccc1[As]->2(C)C,C[As](C)c1ccccc1[As](C)(C)->[Au+]<-[As](C)(C)c1ccccc1[As](C)C
POBMIF,CC(C)c1cccc(C(C)C)c1-n1n[n+](-c2c(C(C)C)cccc2C(C)C)[c-](->[Au+]<-[C-]#Cc2ccccc2)c1I,C34 H39 Au1 I1 N3,0.0,CC(C)c1cccc(C(C)C)c1-n1n[n+](-c2c(C(C)C)cccc2C(C)C)[c](->[Au]<-[C-]#Cc2ccccc2)c1I,CC(C)c1cccc(C(C)C)c1-n1n[n+](-c2c(C(C)C)cccc2C(C)C)c(I)[c-]1->[Au+]<-[C-]#Cc1ccccc1,CC(C)c1cccc(C(C)C)c1-n1n[n+](-c2c(C(C)C)cccc2C(C)C)c(I)[c-]1->[Au+]<-[C-]#Cc1ccccc1
POBWOU,,C15 H21 Co1 N4,0.0,CC1=N2->[Co+]34<-N(=C(C)c5cccc1n->35)CCC[N-]->4CCC2,CC1=N2->[Co+]34<-N(=C(C)c5cccc1n->35)CCC[N-]->4CCC2,CC1=N2->[Co+]34<-N(=C(C)c5cccc1n->35)CCC[N-]->4CCC2
PODCEQ,CCO[C](C(/C(=C/C(=O)OC)c1ccccc1)=C(\C)N(CC(C)C)CC(C)C)->[W](<-[C-]#[O+])(<-[C-]#[O+])(<-[C-]#[O+])(<-[C-]#[O+])<-[C-]#[O+],C29 H35 N1 O8 W1,0.0,CCO[C-](=C(C(=CC(=O)OC)c1ccccc1)C(C)=[N+](CC(C)C)CC(C)C)->[W](<-[C-]#[O+])(<-[C-]#[O+])(<-[C-]#[O+])(<-[C-]#[O+])<-[C-]#[O+],CCO[C](C(C(=CC(=O)OC)c1ccccc1)=C(C)N(CC(C)C)CC(C)C)->[W](<-[C-]#[O+])(<-[C-]#[O+])(<-[C-]#[O+])(<-[C-]#[O+])<-[C-]#[O+],CCO[C](C(C(=CC(=O)OC)c1ccccc1)=C(C)N(CC(C)C)CC(C)C)->[W](<-[C-]#[O+])(<-[C-]#[O+])(<-[C-]#[O+])(<-[C-]#[O+])<-[C-]#[O+]
POFSIO,,C29 H46 N2 Zn1,0.0,Cc1c(C)c(C)[cH-](->[Zn+2](<-[C]2N(C(C)(C)C)C=CN2C(C)(C)C)<-[cH-]2c(C)c(C)c(C)c2C)c1C,Cc1c(C)c(C)[cH-](->[Zn+2](<-[C]2N(C(C)(C)C)C=CN2C(C)(C)C)<-[cH-]2c(C)c(C)c(C)c2C)c1C,Cc1c(C)c(C)[cH-](->[Zn+2](<-[C]2N(C(C)(C)C)C=CN2C(C)(C)C)<-[cH-]2c(C)c(C)c(C)c2C)c1C
POGPAD,,C15 H17 N5 Ni1 O1 S2,0.0,CC1C(C)=N2N=C(SCc3ccccc3)[S-]->[Ni+]<-2(<-N=1[O])<-n1cc[nH]c1,CC1=C(C)[N-]2N=C(SCc3ccccc3)[S-]->[Ni+2]<-2(<-N1=O)<-n1cc[nH]c1,CC1=C(C)[N-]2N=C(SCc3ccccc3)[S-]->[Ni+2]<-2(<-N1=O)<-n1cc[nH]c1
POHWOZ,CC(C)c12->[Os+2]34567(<-[Cl-])(<-c(c->31)c->4(C)c->5c->62)<-N(/Cc1ccccn->71)=C1\Cc2c([nH]c3ccc(Br)cc23)-c2ccccc2N1,C32 H31 Br1 Cl1 N4 Os1 1+,1.0,CC(C)c12->[Os+2]34567(<-[Cl-])(<-c(c->31)c->4(C)c->5c->62)<-N(Cc1ccccn->71)=C1Cc2c([nH]c3ccc(Br)cc23)-c2ccccc2N1,CC(C)c12->[Os+2]34567(<-[Cl-])(<-c(c->31)c->4(C)c->5c->62)<-N(Cc1ccccn->71)=C1Cc2c([nH]c3ccc(Br)cc23)-c2ccccc2N1,Cc1ccc2(C(C)C)->[Os+2]34(<-[Cl-])(<-c1c->32)<-N(Cc1ccccn->41)=C1Cc2c([nH]c3ccc(Br)cc23)-c2ccccc2N1
POJSIS,C/C1=C/C(C)=N2/N=C(\[O-]->[V+5]<-23(<-[O-2])(<-O=C2C=CC=C/C2=C/[O-]->3)<-[O-]1)c1ccccc1O,C19 H17 N2 O6 V1,0.0,CC1=CC(C)=N2N=C([O-]->[V+5]<-23(<-[O-2])(<-O=Cc2ccccc2[O-]->3)<-[O-]1)c1ccccc1O,CC1=CC(C)=N2N=C([O-]->[V+5]<-23(<-[O-2])(<-O=Cc2ccccc2[O-]->3)<-[O-]1)c1ccccc1O,CC1=CC(C)=N2N=C([O-]->[V+5]<-23(<-[O-2])(<-O=Cc2ccccc2[O-]->3)<-[O-]1)c1ccccc1O
POKPOX,CC1/C=C(/C)[O-]->[Fe+2]234(<-O=1)(<-O=C(C)/C=C(/C)[O-]->2)<-C(/c1ccccn->31)=N->4\Cc1ccccc1,C23 H26 Fe1 N2 O4,0.0,fail,CC1=CC(C)=O->[Fe+2]23(<-O=C(C)C=C(C)[O-]->2)(<-[O-]1)<-N(=Cc1ccccn->31)Cc1ccccc1,CC1=CC(C)=O->[Fe+2]23(<-O=C(C)C=C(C)[O-]->2)(<-[O-]1)<-N(=Cc1ccccn->31)Cc1ccccc1
POLPEN,,C29 H27 F3 N4 Ni1,0.0,CC1=C(C)c2cc3c(C)c(C)c4c(C(F)(F)F)c5n6->[Ni+2]7(<-n2c1cc1c(C)c(C)c(cc6C(C)=C5C)[n-]->71)<-[n-]34,CC1=C(C)c2cc3c(C)c(C)c4c(C(F)(F)F)c5n6->[Ni+2]7(<-n2c1cc1c(C)c(C)c(cc6C(C)=C5C)[n-]->71)<-[n-]34,CC1=C(C)c2cc3c(C)c(C)c4c(C(F)(F)F)c5n6->[Ni+2]7(<-n2c1cc1c(C)c(C)c(cc6C(C)=C5C)[n-]->71)<-[n-]34
POMQEO,[Cl-]->[Cd+2](<-[Cl-])(<-n1cccc2c3nc4c(nc3c3cccnc3c21)CCCC4)<-n1cccc2c3nc4c(nc3c3cccnc3c21)CCCC4,C36 H28 Cd1 Cl2 N8,0.0,[Cl-]->[Cd+2]12(<-[Cl-])(<-n3cccc4c5nc6c(nc5c5cccn->1c5c43)CCCC6)<-n1cccc3c4nc5c(nc4c4cccn->2c4c31)CCCC5,[Cl-]->[Cd+2]12(<-[Cl-])(<-n3cccc4c5nc6c(nc5c5cccn->1c5c43)CCCC6)<-n1cccc3c4nc5c(nc4c4cccn->2c4c31)CCCC5,[Cl-]->[Cd+2]12(<-[Cl-])(<-n3cccc4c5nc6c(nc5c5cccn->1c5c43)CCCC6)<-n1cccc3c4nc5c(nc4c4cccn->2c4c31)CCCC5
PONQOY,c1ccc(C2=O->[Cu+](<-[O-]2)(<-P(c2ccccc2)(c2ccccc2)c2ccccc2)<-P(c2ccccc2)(c2ccccc2)c2ccccc2)cc1,C43 H35 Cu1 O2 P2,0.0,fail,c1ccc(C23=O->[Cu+]<-2(<-[O-]3)(<-P(c2ccccc2)(c2ccccc2)c2ccccc2)<-P(c2ccccc2)(c2ccccc2)c2ccccc2)cc1,c1ccc(C23=O->[Cu+]<-2(<-[O-]3)(<-P(c2ccccc2)(c2ccccc2)c2ccccc2)<-P(c2ccccc2)(c2ccccc2)c2ccccc2)cc1
POPWUM,CC(C)P1(CCN(C)(C)->[Os+4]<-1(<-[Cl-])(<-[Cl-])(<-[C-3][CH+]c1ccccc1)<-P(C(C)C)(C(C)C)C(C)C)C(C)C,C27 H51 Cl2 N1 Os1 P2,0.0,CC(C)P1(CCN(C)(C)->[Os+4]<-1(<-[Cl-])(<-[Cl-])(<-[C-2]=Cc1ccccc1)<-P(C(C)C)(C(C)C)C(C)C)C(C)C,CC(C)P1(CCN(C)(C)->[Os+2]<-1(<-[Cl-])(<-[Cl-])(<-[C]=Cc1ccccc1)<-P(C(C)C)(C(C)C)C(C)C)C(C)C,CC(C)P1(CCN(C)(C)->[Os+2]<-1(<-[Cl-])(<-[Cl-])(<-[C]=Cc1ccccc1)<-P(C(C)C)(C(C)C)C(C)C)C(C)C
POQQOB,CC(=O)C1=C(/C=C/C=C/c2ccccc2)O[C](->[W](<-[C-]#[O+])(<-[C-]#[O+])(<-[C-]#[O+])(<-[C-]#[O+])<-[C-]#[O+])C=C1c1ccccc1,C28 H18 O7 W1,0.0,CC(=O)C1=C(C=CC=Cc2ccccc2)O[C-2](->[W+2](<-[C-]#[O+])(<-[C-]#[O+])(<-[C-]#[O+])(<-[C-]#[O+])<-[C-]#[O+])C=C1c1ccccc1,CC(=O)C1=C(C=CC=Cc2ccccc2)O[C](->[W](<-[C-]#[O+])(<-[C-]#[O+])(<-[C-]#[O+])(<-[C-]#[O+])<-[C-]#[O+])C=C1c1ccccc1,CC(=O)C1=C(C=CC=Cc2ccccc2)O[C](->[W](<-[C-]#[O+])(<-[C-]#[O+])(<-[C-]#[O+])(<-[C-]#[O+])<-[C-]#[O+])C=C1c1ccccc1
PORBEE,CC1/C=C(/C)[O-]->[Pd+2]2(<-O=1)<-n1ccccc1-c1c(C(F)(F)F)cc(C(F)(F)F)[n-]->21,C16 H12 F6 N2 O2 Pd1,0.0,fail,CC1=CC(C)=O->[Pd+2]2(<-[O-]1)<-N1=C(C(F)(F)F)C=C(C(F)(F)F)C1=C1C=CC=C[N-]->21,CC1=CC(C)=O->[Pd+2]2(<-[O-]1)<-N1=C(C(F)(F)F)C=C(C(F)(F)F)C1=C1C=CC=C[N-]->21
PORLOY,O=C(c1ccccc1)[CH-](->[Hg+2](<-[Cl-])<-[Cl-])[P+](CP(c1ccccc1)c1ccccc1)(c1ccccc1)c1ccccc1,C33 H28 Cl2 Hg1 O1 P2,0.0,O=C(c1ccccc1)[CH-]1[P+](CP(c2ccccc2)(c2ccccc2)->[Hg+2]<-1(<-[Cl-])<-[Cl-])(c1ccccc1)c1ccccc1,O=C(c1ccccc1)[CH-]1[P+](CP(c2ccccc2)(c2ccccc2)->[Hg+2]<-1(<-[Cl-])<-[Cl-])(c1ccccc1)c1ccccc1,O=C(c1ccccc1)[CH-]1[P+](CP(c2ccccc2)(c2ccccc2)->[Hg+2]<-1(<-[Cl-])<-[Cl-])(c1ccccc1)c1ccccc1
PORZOO,,C26 H20 N4 Pt1,0.0,C1c2cccc[c-]2->[Pt+2]23<-N=1c1ccccc1N=N->2c1ccccc1[N-]->3Cc1ccccc1,C1c2cccc[c-]2->[Pt+2]23<-N=1c1ccccc1N=N->2c1ccccc1[N-]->3Cc1ccccc1,C1c2cccc[c-]2->[Pt+2]23<-N=1c1ccccc1N=N->2c1ccccc1[N-]->3Cc1ccccc1
POSQOF,CC1/C=C(/C)[O-]->[Ir+3]23(<-O=1)(<-[c-]1cc(F)nc(OC(C)(C)C)c1-c1ccccn->21)<-[c-]1cc(F)nc(OC(C)(C)C)c1-c1ccccn->31,C33 H35 F2 Ir1 N4 O4,0.0,fail,CC1=CC(C)=O->[Ir+3]23(<-[O-]1)(<-[c-]1cc(F)nc(OC(C)(C)C)c1-c1ccccn->21)<-[c-]1cc(F)nc(OC(C)(C)C)c1-c1ccccn->31,CC1=CC(C)=O->[Ir+3]23(<-[O-]1)(<-[c-]1cc(F)nc(OC(C)(C)C)c1-c1ccccn->21)<-[c-]1cc(F)nc(OC(C)(C)C)c1-c1ccccn->31
POVLOC,,C36 H35 P1 Zr1,0.0,CCC1C(c2ccccc2)=[C-](P(c2ccccc2)c2ccccc2)->[Zr+4]23456789(<-[C-]=1CC)(<-c1c->2c->3[cH-]->4c->51)<-c1c->6c->7[cH-]->8c->91,CCC1=C(c2ccccc2)C(#P(c2ccccc2)c2ccccc2)->[Zr+2]23456789(<-[C]1CC)(<-c1c->2c->3[cH-]->4c->51)<-c1c->6c->7[cH-]->8c->91,CCC1=C(c2ccccc2)C(#P(c2ccccc2)c2ccccc2)->[Zr+2]23456789(<-[C]1CC)(<-c1c->2c->3[cH-]->4c->51)<-c1c->6c->7[cH-]->8c->91
POWVEC,C[C+]12[N-](c3ccccc3)->[Zr+4]<-13456789(<-C=C->3[CH2-]->4)(<-c1c->5[c-]->6([Si](C)(C)C)c->7c->81[Si](C)(C)C)<-[N-](c1ccccc1)[C-]->92C,C30 H42 N2 Si2 Zr1,0.0,fail,CC1C(C)=N(c2ccccc2)->[Zr+2]234567(<-C=C->2[CH2-]->3)(<-c2c->4[c-]->5([Si](C)(C)C)c->6c->72[Si](C)(C)C)<-N=1c1ccccc1,C=C[CH2-]->[Zr+2]12345(<-c6c->1[c-]->2([Si](C)(C)C)c->3c->46[Si](C)(C)C)<-N(=C(C)C(C)=N->5c1ccccc1)c1ccccc1
POXLAS,,C24 H22 N4 O2 Pd1,0.0,fail,Cc1n2CC(=O)[N-]3c4ccccc4[O-]->[Pd+2]<-3(<-[c-]2c[n+]1Cc1ccccc1)<-n1ccccc1,Cc1n2CC(=O)[N-]3c4ccccc4[O-]->[Pd+2]<-3(<-[c-]2c[n+]1Cc1ccccc1)<-n1ccccc1
POYRIG,C/C1C2=CC=C/C3=C4\C=CC=CC4=N->[Pd@+2](<-[Cl-])(<-N=1\c1c(C(C)C)cccc1C(C)C)<-[N-]23,C25 H28 Cl1 N3 Pd1,0.0,CC1c2cccc3-c4ccccc4[NH-]->[Pd+2](<-[Cl-])(<-N=1c1c(C(C)C)cccc1C(C)C)<-n23,CC1C2=CC=CC3=C4C=CC=CC4=N->[Pd+2](<-[Cl-])(<-N=1c1c(C(C)C)cccc1C(C)C)<-[N-]23,CC1C2=CC=CC3=C4C=CC=CC4=N->[Pd+2](<-[Cl-])(<-N=1c1c(C(C)C)cccc1C(C)C)<-[N-]23
POZMEW,O=c1sc2[S-]->[Mo+4]3456789%10(<-[S-]c2s1)(<-c1c->3c->4[cH-]->5c->61)<-c1c->7c->8[cH-]->9c->%101,C13 H10 Mo1 O1 S4,0.0,O=c1sc2[S-]->[Mo+4]3456789%10(<-[S-]c2s1)(<-c1c->3c->4[cH-]->5c->61)<-c1c->7c->8[cH-]->9c->%101,O=C1SC2=S->[Mo+2]3456789%10(<-S=C2S1)(<-c1c->3c->4[cH-]->5c->61)<-c1c->7c->8[cH-]->9c->%101,O=C1SC2=S->[Mo+2]3456789%10(<-S=C2S1)(<-c1c->3c->4[cH-]->5c->61)<-c1c->7c->8[cH-]->9c->%101
POZSIG,[Cl-]->[Zr+4]123456789(<-[Cl-])<-c%10%11c->1(c->2(-c1ccccc1)[c-]->3(C[C@H](c1ccccc1)[c-]->41c->52ccccc->62c->72ccccc->821)c->9%10-c1ccccc1)-c1cccc2cccc-%11c12,C48 H32 Cl2 Zr1,0.0,[Cl-]->[Zr+4]123456789(<-[Cl-])<-c%10(CC(c%11ccccc%11)[c-]->1%11c->21ccccc->31c->41ccccc->51%11)c->6(-c1ccccc1)c->71c2cccc3cccc(c32)[c-]->81c->9%10-c1ccccc1,[Cl-]->[Zr+4]123456789(<-[Cl-])<-c%10%11c->1(c->2(-c1ccccc1)[c-]->3(CC(c1ccccc1)[c-]->41c->52ccccc->62c->72ccccc->821)c->9%10-c1ccccc1)-c1cccc2cccc-%11c12,[Cl-]->[Zr+4]123456789(<-[Cl-])<-c%10%11c->1(c->2(-c1ccccc1)[c-]->3(CC(c1ccccc1)[c-]->41c->52ccccc->62c->72ccccc->821)c->9%10-c1ccccc1)-c1cccc2cccc-%11c12
PROLPT,,C5 H12 Cl2 N2 O2 Pt1,0.0,N->[Pt+2](<-[Cl-])(<-[Cl-])<-N1CCCC1C(=O)O,[N-3]->[Pt+6](<-[Cl-])(<-[Cl-])<-N1CCCC1C(=O)[O-],O=C1[O-]->[Pt+4](<-[Cl-])(<-[N-2]Cl)<-N2CCCC12
PUBMIJ,COc1ccc(CCN23->[Cu+]<-n4ccccc4CCN(CCC2)CCC3)cc1,C22 H31 Cu1 N3 O1 1+,1.0,COc1ccc(CCN23->[Cu+]4<-n5ccccc5CCN->4(CCC2)CCC3)cc1,COc1ccc(CCN23->[Cu+]4<-n5ccccc5CCN->4(CCC2)CCC3)cc1,COc1ccc(CCN23->[Cu+]4<-n5ccccc5CCN->4(CCC2)CCC3)cc1
PUCMOP,[Cl-]->[Zr+4]123456789%10(<-[H][B-]->1%11([H]->2)CCCCC%11)(<-c1c->3c->4[cH-]->5c->61)<-c1c->7c->8[cH-]->9c->%101,C15 H22 B1 Cl1 Zr1,0.0,[Cl-]->[Zr+4]123456789(<-[H][B-]%10([H]->1)CCCCC%10)(<-c1c->2c->3[cH-]->4c->51)<-c1c->6c->7[cH-]->8c->91,[Cl-]->[ZrH+3]12345678(<-B9CCCCC9)(<-c9c->1c->2[cH-]->3c->49)<-c1c->5c->6[cH-]->7c->81,[Cl-]->[ZrH2+2]12345678(<-[B+]9CCCCC9)(<-c9c->1c->2[cH-]->3c->49)<-c1c->5c->6[cH-]->7c->81
PUCZAQ,,C19 H34 Cl1 N2 O1 P1 Ru1,0.0,CC(C)N1Cc2cccc3CP(C(C)(C)C)(C(C)(C)C)->[RuH+]<-1(<-[Cl-])(<-[C-]#[O+])<-n23,CC(C)N1Cc2cccc3CP(C(C)(C)C)(C(C)(C)C)->[RuH+]<-1(<-[Cl-])(<-[C-]#[O+])<-n23,CC(C)N1Cc2cccc3CP(C(C)(C)C)(C(C)(C)C)->[RuH+]<-1(<-[Cl-])(<-[C-]#[O+])<-n23
PUFVES,O=C([O-]->[Ni+2]12<-n3c(CN(Cc4[nH]c5ccccc5n->14)Cc1[nH]c4ccccc4n->21)[nH]c1ccccc13)c1ccncc1,C30 H25 N8 Ni1 O2 1+,1.0,fail,c1ccc2c(c1)[nH]c1CN34Cc5[nH]c6ccccc6n5->[Ni+2]<-35(<-O=C([O-]->5)c3ccncc3)(<-n12)<-n1c(C4)[nH]c2ccccc21,c1ccc2c(c1)[nH]c1CN3Cc4[nH]c5ccccc5n4->[Ni+2]4(<-O=C([O-]->4)c4ccncc4)(<-n12)<-n1c(C3)[nH]c2ccccc21
PUHTOC,Cc1ccn(->[Co+3]2345<-N6=CC=C/C6=C/[N-]->2CCN->3CC/N->4=C/c2ccc[n-]->52)cc1,C20 H24 Co1 N6 1+,1.0,Cc1ccn(->[Co+3]2345<-N(=Cc6ccc[n-]->26)CCN->3CCN->4=Cc2ccc[n-]->52)cc1,Cc1ccn(->[Co+3]2345<-N(=Cc6ccc[n-]->26)CCN->3CC[N-]->4C=C2C=CC=N->52)cc1,Cc1ccn(->[Co+3]2345<-N(=Cc6ccc[n-]->26)CCN->3CC[N-]->4C=C2C=CC=N->52)cc1
PUJVEX,CCP(CC)(CC)->[Rh+](<-[C-]#[O+])(<-N(=[B-]1OC(C)(C)C(C)(C)O1)c1ccccc1)<-P(CC)(CC)CC,C25 H47 B1 N1 O3 P2 Rh1,0.0,CCP(CC)(CC)->[Rh+](<-[C-]#[O+])(<-[N-](B1OC(C)(C)C(C)(C)O1)c1ccccc1)<-P(CC)(CC)CC,CCP(CC)(CC)->[Rh+](<-[C-]#[O+])(<-N(=[B-]1OC(C)(C)C(C)(C)O1)c1ccccc1)<-P(CC)(CC)CC,CCP(CC)(CC)->[Rh+](<-[C-]#[O+])(<-N(=[B-]1OC(C)(C)C(C)(C)O1)c1ccccc1)<-P(CC)(CC)CC
PULCUW,C1CN->[Co+3]23456(<-N1)(<-NCCN->2)(<-O=N->3[O-]->4)<-O=N->5[O-]->6,C4 H16 Co1 N6 O4 1+,1.0,O=[N+](=O)->[Co-]12(<-NCCN->1)(<-NCCN->2)<-[N+](=O)=O,O=N([O-])->[Co+3]12(<-NCCN->1)(<-NCCN->2)<-N(=O)[O-],O=N([O-])->[Co+3]12(<-NCCN->1)(<-NCCN->2)<-N(=O)[O-]
PUMFAE,CCP(CC)(CC)->[Fe+2]1(<-[Cl-])(<-[C-]#[O+])(<-O=C(/C=[C-]->1/O[Si](C)(C)C)OC)<-P(CC)(CC)CC,C20 H43 Cl1 Fe1 O4 P2 Si1,0.0,CCP(CC)(CC)->[Fe+2]1(<-[Cl-])(<-[C-]#[O+])(<-O=C(C=[C-]->1O[Si](C)(C)C)OC)<-P(CC)(CC)CC,CCP(CC)(CC)->[Fe+2]1(<-[Cl-])(<-[C-]#[O+])(<-O=C(C=[C-]->1O[Si](C)(C)C)OC)<-P(CC)(CC)CC,CCP(CC)(CC)->[Fe+2]1(<-[Cl-])(<-[C-]#[O+])(<-O=C(C=[C-]->1O[Si](C)(C)C)OC)<-P(CC)(CC)CC
PUMPAO,C1=C[N-]2->[Zr+4]3456789%10%11%12%13(<-[CH2-]C->3=C->42C=C1)<-c1c->5[c-]->6(CC[c-]->72c->8c->9c->%103c->%112CCCC3)c->%122c->%131CCCC2,C27 H31 N1 Zr1,0.0,C1=CC2=C[CH2-]->[Zr+4]3456789%10%11(<-c%12[cH-]->3c->43c->5(c->6%12CCc->74[cH-]->8c->9c->%105c->%114CCCC5)CCCC3)<-[N-]2C=C1,C1=C->[Zr+2]23456789%10(<-c%11c->2[c-]->32c->4(c->5%11CC[c-]->63c->7c->8c->94c->%103CCCC4)CCCC2)<-n2ccccc21,C1=C->[Zr+2]23456789%10(<-c%11c->2[c-]->32c->4(c->5%11CC[c-]->63c->7c->8c->94c->%103CCCC4)CCCC2)<-n2ccccc21
PUNJOX,COC(=O)C1/C(C(=O)OC)=[C-](/C(=O)OC)->[Pd+2]2(<-[C-]=1\C(=O)OC)<-n1ccccc1-c1ccccn->21,C22 H20 N2 O8 Pd1,0.0,COC(=O)C1C(C(=O)OC)=[C-](C(=O)OC)->[Pd+2]2(<-[C-]=1C(=O)OC)<-n1ccccc1-c1ccccn->21,COC(=O)C1C(C(=O)OC)=[C-](C(=O)OC)->[Pd+2]2(<-[C-]=1C(=O)OC)<-n1ccccc1-c1ccccn->21,COC(=O)C1C(C(=O)OC)=[C-](C(=O)OC)->[Pd+2]2(<-[C-]=1C(=O)OC)<-n1ccccc1-c1ccccn->21
PUPCEI,CC[c-]12->[Y+3]3456789%10%11%12(<-[H][BH-]->3([H]->4)[H]->5)(<-O3CCCC3)(<-c(C)(c->6(C)c->71C)c->82C)<-c1(C)c->9(C)c->%10(C)[c-]->%11(CC)c->%121C,C26 H46 B1 O1 Y1,0.0,CCc12->[Y+3]3456789%10(<-[H][BH2-][H]->3)(<-O3CCCC3)(<-c1(C)c->4(C)[c-]->5(C)c->62C)<-c1(C)c->7(CC)c->8(C)[c-]->9(C)c->%101C,B->[YH+2]12345678(<-O9CCCC9)(<-c9(C)c->1(C)c->2(CC)[c-]->3(C)c->49C)<-c1(C)c->5(C)c->6(CC)[c-]->7(C)c->81C,B->[YH+2]123456(<-O7CCCC7)(<-c7(C)c(C)c(CC)[c-]->1(C)c->27C)<-c1(C)c->3(C)c->4(CC)[c-]->5(C)c->61C
PUPKIW,CP(C)(c1ccccc1)->[Fe+2]12(<-[C-]#[O+])(<-[S-]c3ccccc3-c3cccc(-c4cc(N)ccn->14)[c-]->23)<-P(C)(C)c1ccccc1,C34 H34 Fe1 N2 O1 P2 S1,0.0,fail,CP(C)(c1ccccc1)->[Fe]12(<-[C-]#[O+])(<-S=C3C=CC=CC3=C3C=CC=C(c4cc(N)ccn->14)[C]->23)<-P(C)(C)c1ccccc1,CP(C)(c1ccccc1)->[Fe]12(<-[C-]#[O+])(<-S=C3C=CC=CC3=C3C=CC=C(c4cc(N)ccn->14)[C]->23)<-P(C)(C)c1ccccc1
PUQZIK,C/C1=N(\C2CCCCC2)->[Zr+4]2(<-[Cl-])(<-[Cl-])(<-N(=C(/C)[N-]->2C2CCCCC2)/C2CCCCC2)<-[N-]1C1CCCCC1,C28 H50 Cl2 N4 Zr1,0.0,CC1=N(C2CCCCC2)->[Zr+4]2(<-[Cl-])(<-[Cl-])(<-N(=C(C)[N-]->2C2CCCCC2)C2CCCCC2)<-[N-]1C1CCCCC1,CC1=N(C2CCCCC2)->[Zr+4]2(<-[Cl-])(<-[Cl-])(<-N(=C(C)[N-]->2C2CCCCC2)C2CCCCC2)<-[N-]1C1CCCCC1,CC1=N(C2CCCCC2)->[Zr+4]2(<-[Cl-])(<-[Cl-])(<-N(=C(C)[N-]->2C2CCCCC2)C2CCCCC2)<-[N-]1C1CCCCC1
PUSKIX,[O-2]->[Mo+6]12(<-[O-2])(<-S=C([S-]->1)N1CCSCC1)<-S=C([S-]->2)N1CCSCC1,C10 H16 Mo1 N2 O2 S6,0.0,fail,[O-2]->[Mo+6]12(<-[O-2])(<-S=C([S-]->1)N1CCSCC1)<-S=C([S-]->2)N1CCSCC1,[O-2]->[Mo+6]123(<-[O-2])(<-S=C([S-]->1)N1CCSCC1)<-S=C->2([S-]->3)N1CCSCC1
PUTTAZ,NC1/N=N2/C(=C3/C=CC=C[N-]3->[Pd@OH20+2]<-2(<-[Cl-])<-S=1)/c1ccccc1,C13 H11 Cl1 N4 Pd1 S1,0.0,NC1=NN2=C(c3ccccc3)c3ccccn3->[Pd+2]<-2(<-[Cl-])<-[S-]1,NC1N=N2C(=C3C=CC=C[N-]3->[Pd+2]<-2(<-[Cl-])<-S=1)c1ccccc1,NC1N=N2C(=C3C=CC=C[N-]3->[Pd+2]<-2(<-[Cl-])<-S=1)c1ccccc1
PUVROP,Cn1c2[O-]->[Fe+2]34567(<-[O-]c8n(C)c9ccc(Br)cc9c->38/N->4=N/C(=S->5)c3ccccc3)<-S=C(/N=N->6/c->72c2cc(Br)ccc21)c1ccccc1,C32 H22 Br2 Fe1 N6 O2 S2,0.0,CN1C2=O->[Fe+2]345(<-O=C6C(=N->3N=C([S-]->4)c3ccccc3)c3cc(Br)ccc3N6C)<-[S-]C(=NN->5=C2c2cc(Br)ccc21)c1ccccc1,Cn1c2[O-]->[Fe+2]345(<-[O-]c6c(N->3=NC(=S->4)c3ccccc3)c3cc(Br)ccc3n6C)<-S=C(N=N->5c2c2cc(Br)ccc21)c1ccccc1,Cn1c2[O-]->[Fe+6]345(<-[O-]c6c([N-]->3N=C([S-]->4)c3ccccc3)c3cc(Br)ccc3n6C)<-[S-]C(=N[N-]->5c2c2cc(Br)ccc21)c1ccccc1
PUXMOL,CN1C=CN2[B-]34=[N+]5C=C[N+](C)=C5[S-]->[Rh@TB2+3]<-3(<-[S-][C-]12)(<-[S-][c-]1[n+](C)cc[n+]14)<-P(c1ccccc1)(c1ccccc1)c1ccccc1,C30 H30 B1 N6 P1 Rh1 S3 1+,1.0,Cn1ccn2B34n5ccn(C)c5=S->[Rh+]<-3(<-S=c12)(<-S=c1n(C)ccn14)<-P(c1ccccc1)(c1ccccc1)c1ccccc1,Cn1ccn2B34n5ccn(C)c5=S->[Rh+]<-3(<-S=c12)(<-S=c1n(C)ccn14)<-P(c1ccccc1)(c1ccccc1)c1ccccc1,Cn1ccn2B34n5ccn(C)c5=S->[Rh+]<-3(<-S=c12)(<-S=c1n(C)ccn14)<-P(c1ccccc1)(c1ccccc1)c1ccccc1
PUYWUC,[Cl-]->[Pt+2]1(<-[Cl-])<-[Se](c2ccccc2)c2ccccc2P->1(c1ccccc1)c1ccccc1,C24 H19 Cl2 P1 Pt1 Se1,0.0,[Cl-]->[Pt+2]1(<-[Cl-])<-[Se](c2ccccc2)c2ccccc2P->1(c1ccccc1)c1ccccc1,[Cl-]->[Pt+4]1(<-[Cl-])<-[Se-]c2ccccc2P->1(c1ccccc1)c1ccccc1.[c-]1ccccc1,[Cl-]->[Pt+4](<-[Cl-])(<-[Se-]c1ccccc1)<-P(c1[c-]cccc1)(c1ccccc1)c1ccccc1
QABFOP,C/C=C(/C(C)=O)[C](N(C)C)->[W](<-[C-]#[O+])(<-[C-]#[O+])(<-[C-]#[O+])(<-[C-]#[O+])<-[C-]#[O+],C13 H13 N1 O6 W1,0.0,CC=C(C(C)=O)[C](N(C)C)->[W](<-[C-]#[O+])(<-[C-]#[O+])(<-[C-]#[O+])(<-[C-]#[O+])<-[C-]#[O+],CC=C(C(C)=O)[C](N(C)C)->[W](<-[C-]#[O+])(<-[C-]#[O+])(<-[C-]#[O+])(<-[C-]#[O+])<-[C-]#[O+],CC=C(C(C)=O)[C](N(C)C)->[W](<-[C-]#[O+])(<-[C-]#[O+])(<-[C-]#[O+])(<-[C-]#[O+])<-[C-]#[O+]
QABYAT,,C29 H47 Cl1 Hg1 O1,0.0,CC(C)CCCC(C)C1CCC2C3CC45C(=O)C([CH2-]->[Hg+2]<-[Cl-])CC4CCC5(C)C3CCC12C,CC(C)CCCC(C)C1CCC2C3CC45C(=O)C([CH2-]->[Hg+2]<-[Cl-])CC4CCC5(C)C3CCC12C,CC(C)CCCC(C)C1CCC2C3CC45C(=O)C([CH2-]->[Hg+2]<-[Cl-])CC4CCC5(C)C3CCC12C
QADFAC,C[Se](c1cccs1)->[Pd+2](<-[Cl-])(<-[Cl-])<-[Se](C)c1cccs1,C10 H12 Cl2 Pd1 S2 Se2,0.0,C[Se](c1cccs1)->[Pd+2](<-[Cl-])(<-[Cl-])<-[Se](C)c1cccs1,C[Se-]->[Pd+6](<-[Cl-])(<-[Cl-])<-[Se-]C.[c-]1cccs1.[c-]1cccs1,[CH3-].[CH3-].[Cl-]->[Pd+6](<-[Cl-])(<-[Se-]c1cccs1)<-[Se-]c1cccs1
QADNUE,O=N([O-])->[Co+3]1234(<-NCCN->1CCCN->2CCN->3)<-[O-]N->4=O,C7 H20 Co1 N6 O4 1+,1.0,O=[N+](=O)->[Co-]123(<-NCCN->1CCCN->2CCN->3)<-[N+](=O)=O,O=N([O-])->[Co+3]123(<-NCCN->1CCCN->2CCN->3)<-N(=O)[O-],O=N([O-])->[Co+3]123(<-NCCN->1CCCN->2CCN->3)<-N(=O)[O-]
QAFDAD,c1ccc2c(c1)CS1->[Ag@+]34<-n5c(cccc5CS->3CCS->4C2)CSCC1,C19 H23 Ag1 N1 S4 1+,1.0,c1ccc2c(c1)CS1->[Ag+]345<-n6c(cccc6CS->3CCS->4C2)CS->5CC1,c1ccc2c(c1)CS1->[Ag+]345<-n6c(cccc6CS->3CCS->4C2)CS->5CC1,c1ccc2c(c1)CS1->[Ag+]345<-n6c(cccc6CS->3CCS->4C2)CS->5CC1
QAFMAO,c1ccc(P2(CCP(c3ccccc3)(c3ccccc3)->[Fe+2]<-23456(<-[C]2CCCO2)<-c2c->3c->4[cH-]->5c->62)c2ccccc2)cc1,C35 H35 Fe1 O1 P2 1+,1.0,c1ccc(P2(CCP(c3ccccc3)(c3ccccc3)->[Fe+4]<-23456(<-[C-2]2CCCO2)<-c2c->3c->4[cH-]->5c->62)c2ccccc2)cc1,c1ccc(P2(CCP(c3ccccc3)(c3ccccc3)->[Fe+2]<-23456(<-[C]2CCCO2)<-c2c->3c->4[cH-]->5c->62)c2ccccc2)cc1,c1ccc(P2(CCP(c3ccccc3)(c3ccccc3)->[Fe+2]<-23456(<-[C]2CCCO2)<-c2c->3c->4[cH-]->5c->62)c2ccccc2)cc1
QAGFAF,[Cl-]->[Zn+2]123<-S=C(N=N->1/C(=C\[N-]->2NC(=S->3)N1CCCCC1)c1ccccc1)N1CCCCC1,C20 H27 Cl1 N6 S2 Zn1,0.0,[Cl-]->[Zn+2]123<-S=C(NN->1=CC(c1ccccc1)=N->2N=C([S-]->3)N1CCCCC1)N1CCCCC1,[Cl-]->[Zn+2]123<-S=C(N=N->1C(=C[N-]->2NC(=S->3)N1CCCCC1)c1ccccc1)N1CCCCC1,[Cl-]->[Zn+2]123<-S=C(N=N->1C(=C[N-]->2NC(=S->3)N1CCCCC1)c1ccccc1)N1CCCCC1
QAGVOL,CC1O[O-]->[Zn+2]2(<-O=1)(<-O=C(C)O[O-]->2)(<-n1ccc(-c2nnc(Nc3ccccc3)s2)cc1)<-n1ccc(-c2nnc(Nc3ccccc3)s2)cc1,C30 H30 N8 O6 S2 Zn1,0.0,CC(=O)[O-]->[Zn+2](<-O)(<-O)(<-[O-]C(C)=O)(<-n1ccc(-c2nnc(Nc3ccccc3)s2)cc1)<-n1ccc(-c2nnc(Nc3ccccc3)s2)cc1,CC(=O)[O-]->[Zn+6](<-[O-2])(<-[O-2])(<-[O-]C(C)=O)(<-n1ccc(-c2nnc(Nc3ccccc3)s2)cc1)<-n1ccc(-c2nnc(Nc3ccccc3)s2)cc1,CC1O[O-]->[Zn+2]2(<-O=1)(<-O=C(C)O[O-]->2)(<-n1ccc(-c2nnc(Nc3ccccc3)s2)cc1)<-n1ccc(-c2nnc(Nc3ccccc3)s2)cc1
QAHNOD,C1CS2->[Ag@SP1+]34<-S(CCS1)CCS->3CCSCCS->4CC2,C12 H24 Ag1 S6 1+,1.0,C1CS2->[Ag+]3456<-S1CCS->3CCS->4CCS->5CCS->6CC2,C1CS2->[Ag+]3456<-S1CCS->3CCS->4CCS->5CCS->6CC2,C1CS2->[Ag+]3456<-S1CCS->3CCS->4CCS->5CCS->6CC2
QAHYIH,,C25 H29 Fe1 I1 O4,0.0,CC1CCC(C(C)C)C(OC(=O)c23->[Fe+2]456(<-[I-])(<-[C-]#[O+])(<-[C-]#[O+])<-c2c->4(-c2ccccc2)[cH-]->5c->63C)C1,CC1CCC(C(C)C)C(OC(=O)[c-]23->[Fe+2]456(<-[I-])(<-[C-]#[O+])(<-[C-]#[O+])<-c(c->4(-c4ccccc4)c->52)c->63C)C1,CC1CCC(C(C)C)C(OC(=O)[c-]23->[Fe+2]456(<-[I-])(<-[C-]#[O+])(<-[C-]#[O+])<-c(c->4(-c4ccccc4)c->52)c->63C)C1
QAJHIS,O=C(CP(c1ccccc1)c1ccccc1)[O-]->[Ti+4]12345678(<-[O-]C(=O)CP(c9ccccc9)c9ccccc9)(<-c9c->1c->2[cH-]->3c->49)<-c1c->5c->6[cH-]->7c->81,C38 H34 O4 P2 Ti1,0.0,O=C(CP(c1ccccc1)c1ccccc1)[O-]->[Ti+4]12345678(<-[O-]C(=O)CP(c9ccccc9)c9ccccc9)(<-c9c->1c->2[cH-]->3c->49)<-c1c->5c->6[cH-]->7c->81,O=C(CP(c1ccccc1)c1ccccc1)[O-]->[Ti+4]12345678(<-[O-]C(=O)CP(c9ccccc9)c9ccccc9)(<-c9c->1c->2[cH-]->3c->49)<-c1c->5c->6[cH-]->7c->81,O=C(CP(c1ccccc1)c1ccccc1)[O-]->[Ti+4]12345(<-O=C(CP(c6ccccc6)c6ccccc6)[O-]->1)(<-c1c->2c->3[cH-]->4c->51)<-[cH-]1cccc1
QAKVEE,O=[N+]1[O-]->[Zn+2]23(<-[O-]1)<-n1c(CN(Cc4[nH]c5ccccc5n->24)Cc2[nH]c4ccccc4n->32)[nH]c2ccccc21,C24 H21 N8 O3 Zn1 1+,1.0,O=[N+]([O-])[O-]->[Zn+2]123<-n4c(CN->1(Cc1[nH]c5ccccc5n->21)Cc1[nH]c2ccccc2n->31)[nH]c1ccccc14,O=[N+]([O-])[O-]->[Zn+2]12<-n3c(CN(Cc4[nH]c5ccccc5n->14)Cc1[nH]c4ccccc4n->21)[nH]c1ccccc13,O=[N+]1[O-]->[Zn+2]234(<-[O-]1)<-n1c(CN->2(Cc2[nH]c5ccccc5n->32)Cc2[nH]c3ccccc3n->42)[nH]c2ccccc21
QALHOB,,C33 H39 B1 O3 P3 Ru1 1+,1.0,COP(OC)(OC)->[Ru+3]12345(<-[H][BH2-][P](CP->1(c1ccccc1)c1ccccc1)(c1ccccc1)c1ccccc1)<-c1c->2c->3[cH-]->4c->51,[BH2-]=P(CP(c1ccccc1)(c1ccccc1)->[RuH+3]1234(<-c5c->1c->2[cH-]->3c->45)<-P(OC)(OC)OC)(c1ccccc1)c1ccccc1,[BH2-]=P(CP(c1ccccc1)(c1ccccc1)->[RuH+3]1234(<-c5c->1c->2[cH-]->3c->45)<-P(OC)(OC)OC)(c1ccccc1)c1ccccc1
QALVUU,CC#N->[Pt@OH8+2]1(<-[CH3-])<-n2ccccc2-c2cccc(CC)n->12,C15 H18 N3 Pt1 1+,1.0,CC#N->[Pt+2]1(<-[CH3-])<-n2ccccc2-c2cccc(CC)n->12,CC#N->[Pt+2]1(<-[CH3-])<-n2ccccc2-c2cccc(CC)n->12,CC#N->[Pt+2]1(<-[CH3-])<-n2ccccc2-c2cccc(CC)n->12
QAMLAS,CC(C)P(C(C)C)(C(C)C)->[Os+4]1234(<-[C-]#[O+])(<-[C]5[CH-][C-]([C+]6[CH+][CH+][CH+][CH-][CH-]6)[C-]6[CH+][CH-][CH-][CH+][C-]56)<-c5c->1c->2[cH-]->3c->45,C30 H36 O1 Os1 P1 1+,1.0,CC(C)P(C(C)C)(C(C)C)->[Os+4]1234(<-[C-]#[O+])(<-[c-2]5cc(-c6ccccc6)c6ccccc65)<-c5c->1c->2[cH-]->3c->45,CC(C)P(C(C)C)(C(C)C)->[Os+4]1234(<-[C-]#[O+])(<-[C-]5=CC(=C6C=C[CH-]C=C6)c6ccccc65)<-c5c->1c->2[cH-]->3c->45,CC(C)P(C(C)C)(C(C)C)->[Os+4]1234(<-[C-]#[O+])(<-[C-]5=CC(=C6C=C[CH-]C=C6)c6ccccc65)<-c5c->1c->2[cH-]->3c->45
QANLAV,Cc1ccc(C2/N(=N/c3ccccn3)->[Ni+2]34567(<-[O-]\N->3=2)<-[O-]/N->4=C(c2ccc(C)cc2)\N->5=N->6\c2ccccn->72)cc1,C26 H22 N8 Ni1 O2,0.0,Cc1ccc(C2=N[O-]->[Ni+2]345(<-[O-]N=C(c6ccc(C)cc6)N->3=Nc3ccccn->43)<-N2=Nc2ccccn->52)cc1,Cc1ccc(C2=N[O-]->[Ni+2]345(<-[O-]N=C(c6ccc(C)cc6)N->3=Nc3ccccn->43)<-N2=Nc2ccccn->52)cc1,Cc1ccc(C2=N[O-]->[Ni+2]345(<-[O-]N=C(c6ccc(C)cc6)N->3=Nc3ccccn->43)<-N2=Nc2ccccn->52)cc1
QAPBUG,COc1ccc(P2(=S)[S-]->[Mo+4]34(<-[O-2])(<-[S-]2)<-N2(C(C)(C)C)CN->3(C(C)(C)C)CN->4(C(C)(C)C)C2)cc1,C22 H40 Mo1 N3 O2 P1 S3,0.0,COc1ccc(P2(=S)[S-]->[Mo+4]34(<-[O-2])(<-[S-]2)<-N2(C(C)(C)C)CN->3(C(C)(C)C)CN->4(C(C)(C)C)C2)cc1,COc1ccc(P2(=S)[S-]->[Mo+4]34(<-[O-2])(<-[S-]2)<-N2(C(C)(C)C)CN->3(C(C)(C)C)CN->4(C(C)(C)C)C2)cc1,COc1ccc(P2(=S)[S-]->[Mo+4]34(<-[O-2])(<-[S-]2)<-N2(C(C)(C)C)CN->3(C(C)(C)C)CN->4(C(C)(C)C)C2)cc1
QAPSUV,C[C@@H](c1cc2ccccc2c[c-]1->[Hg+2]<-[Br-])N(C)C,C14 H16 Br1 Hg1 N1,0.0,CC1c2cc3ccccc3c[c-]2->[Hg+2](<-[Br-])<-N1(C)C,CC(c1cc2ccccc2c[c-]1->[Hg+2]<-[Br-])N(C)C,CC(c1cc2ccccc2c[c-]1->[Hg+2]<-[Br-])N(C)C
QAQFOG,,C31 H41 N3 Ti1,0.0,CCc1cccc(CC)c1N1=C(C)c2cccc3C(C)=N(c4c(CC)cccc4CC)->[Ti+2]<-1(<-[CH3-])(<-[CH3-])<-n23,CCc1cccc(CC)c1N1=C(C)c2cccc3C(C)=N(c4c(CC)cccc4CC)->[Ti+2]<-1(<-[CH3-])(<-[CH3-])<-n23,CCc1cccc(CC)c1[N-]1[C-](C)[c+]2[cH-][cH-][cH-][c-]3[C-](C)[N-]([c+]4[c+](CC)[cH+][cH+][cH-][c+]4CC)->[Ti+6]<-1(<-[CH3-])(<-[CH3-])<-[n-]23
QARTUY,[Cl-]->[Ru+2]123(<-n4ccc(-c5ccccc5)c5ccc6c(-c7ccccc7)ccn->1c6c54)<-S1CCS->2CCS->3CC1,C30 H28 Cl1 N2 Ru1 S3 1+,1.0,[Cl-]->[Ru+2]123(<-n4ccc(-c5ccccc5)c5ccc6c(-c7ccccc7)ccn->1c6c54)<-S1CCS->2CCS->3CC1,[Cl-]->[Ru+2]123(<-n4ccc(-c5ccccc5)c5ccc6c(-c7ccccc7)ccn->1c6c54)<-S1CCS->2CCS->3CC1,[Cl-]->[Ru+2]123(<-n4ccc(-c5ccccc5)c5ccc6c(-c7ccccc7)ccn->1c6c54)<-S1CCS->2CCS->3CC1
QASNUV,,C19 H23 F3 Ir1 N1 O4 S1,0.0,CC1c2cccc[c-]2->[Ir+3]2345(<-[O-]S(=O)(=O)C(F)(F)F)(<-N=1O)<-c1(C)c->2(C)c->3(C)[c-]->4(C)c->51C,CC1c2cccc[c-]2->[Ir+3]2345(<-[O-]S(=O)(=O)C(F)(F)F)(<-N=1O)<-c1(C)c->2(C)c->3(C)[c-]->4(C)c->51C,CC1c2cccc[c-]2->[Ir+3]23(<-[O-]S(=O)(=O)C(F)(F)F)(<-N=1O)<-c1(C)c(C)c(C)c->2(C)[c-]->31C
QATQEH,[O+]#[C-]->[Rh+3]12345(<-[Se-][C-]->1([C+]1[CH+][CH+][CH+][CH-][CH-]1)[C-]1[CH+][CH+][CH-][CH-][CH-]1)<-c1c->2c->3[cH-]->4c->51,C19 H15 O1 Rh1 Se1,0.0,[O+]#[C-]->[Rh+3]12345(<-[Se-][C-]->1(c1ccccc1)c1ccccc1)<-c1c->2c->3[cH-]->4c->51,[O+]#[C-]->[Rh+3]12345(<-[Se-][C-]->1(c1ccccc1)c1ccccc1)<-c1c->2c->3[cH-]->4c->51,[O+]#[C-]->[Rh+3]12345(<-[Se-][C-]->1(c1ccccc1)c1ccccc1)<-c1c->2c->3[cH-]->4c->51
QAVCOG,c1ccc([C-]23[O-]->[Ni@TB8+2]<-24(<-C=C->4Cc2ccccc23)<-[P@TB3](C2CCCCC2)(C2CCCCC2)C2CCCCC2)cc1,C34 H47 Ni1 O1 P1,0.0,c1ccc(C23=O->[Ni]<-24(<-C=C->4Cc2ccccc23)<-P(C2CCCCC2)(C2CCCCC2)C2CCCCC2)cc1,c1ccc(C23=O->[Ni]<-24(<-C=C->4Cc2ccccc23)<-P(C2CCCCC2)(C2CCCCC2)C2CCCCC2)cc1,c1ccc(C23=O->[Ni]<-24(<-C=C->4Cc2ccccc23)<-P(C2CCCCC2)(C2CCCCC2)C2CCCCC2)cc1
QAVROV,,C22 H26 Cl1 Ir1 N2 O2,0.0,CC1=O->[Ir+3]2345(<-[Cl-])(<-[O-]c6c1c(C)nn6-c1ccccc1)<-c1(C)c->2(C)c->3(C)[c-]->4(C)c->51C,CC1=NN(c2ccccc2)C2=O->[Ir+3]3456(<-[Cl-])(<-[O-]C(C)=C12)<-c1(C)c->3(C)c->4(C)[c-]->5(C)c->61C,CC1=NN(c2ccccc2)C2=O->[Ir+3]3456(<-[Cl-])(<-[O-]C(C)=C12)<-c1(C)c->3(C)c->4(C)[c-]->5(C)c->61C
QAWCAV,CC(C)(C)P(->[Au+]<-[O-][n+]1ccccc1)(c1ccccc1-c1ccccc1)C(C)(C)C,C25 H32 Au1 N1 O1 P1 1+,1.0,CC(C)(C)P(->[Au]<-[O-][n+]1ccccc1)(c1ccccc1-c1ccccc1)C(C)(C)C,CC(C)(C)P(->[Au+]<-[O-][n+]1ccccc1)(c1ccccc1-c1ccccc1)C(C)(C)C,CC(C)(C)P(->[Au+]<-[O-][n+]1ccccc1)(c1ccccc1-c1ccccc1)C(C)(C)C
QAWQOX,Brc1cc(Br)cc(-c2nc(-c3ccccn3)[n-](->[Ni@+2]3(<-n4ccccc4-c4nc(-c5cc(Br)cc(Br)c5)n[n-]->34)<-n3c(-c4ccccn4)n[nH]c3-c3cc(Br)cc(Br)c3)n2)c1,C39 H22 Br6 N12 Ni1,0.0,Brc1cc(Br)cc(-c2nc3-c4ccccn4->[Ni+2]45(<-n6ccccc6-c6n[nH]c(-c7cc(Br)cc(Br)c7)n->46)(<-n4ccccc4-c4nc(-c6cc(Br)cc(Br)c6)n[n-]->54)<-[n-]3n2)c1,Brc1cc(Br)cc(-c2nc3-c4ccccn4->[Ni+2]45(<-n6ccccc6-c6n[nH]c(-c7cc(Br)cc(Br)c7)n->46)(<-n4ccccc4-c4nc(-c6cc(Br)cc(Br)c6)n[n-]->54)<-[n-]3n2)c1,Brc1cc(Br)cc(-c2nc3-c4ccccn4->[Ni+2]45(<-n6ccccc6-c6n[nH]c(-c7cc(Br)cc(Br)c7)n->46)(<-n4ccccc4-c4nc(-c6cc(Br)cc(Br)c6)n[n-]->54)<-[n-]3n2)c1
QAXMEJ,,C33 H40 Ir1 N5,0.0,CCN(CC)C1=N(C(C)C)->[Ir+3]23(<-[c-]4ccccc4-c4ccccn->24)(<-[c-]2ccccc2-c2ccccn->32)<-[N-]1C(C)C,CCN(CC)C1=N(C(C)C)->[Ir+3]23(<-[c-]4ccccc4-c4ccccn->24)(<-[c-]2ccccc2-c2ccccn->32)<-[N-]1C(C)C,CCN(CC)C1=N(C(C)C)->[Ir+3]23(<-[c-]4ccccc4-c4ccccn->24)(<-[c-]2ccccc2-c2ccccn->32)<-[N-]1C(C)C
QAYDOM,CC1/C=C(/C)[O-]->[Ir+3]23(<-O=1)(<-[c-]1cc(F)c(C(F)(F)F)cc1-c1ccccn->21)<-[c-]1cc(F)c(C(F)(F)F)cc1-c1ccccn->31,C29 H19 F8 Ir1 N2 O2,0.0,fail,CC1=CC(C)=O->[Ir+3]23(<-[O-]1)(<-[c-]1cc(F)c(C(F)(F)F)cc1-c1ccccn->21)<-[c-]1cc(F)c(C(F)(F)F)cc1-c1ccccn->31,CC1=CC(C)=O->[Ir+3]23(<-[O-]1)(<-[c-]1cc(F)c(C(F)(F)F)cc1-c1ccccn->21)<-[c-]1cc(F)c(C(F)(F)F)cc1-c1ccccn->31
QAYXUJ,CC1(C)Cc2cccc3CC(C)(C)[O-]->[W+6](<-[O-2])(<-[CH2-][Si](C)(C)C)(<-[CH2-][Si](C)(C)C)(<-[O-]1)<-n23,C21 H41 N1 O3 Si2 W1,0.0,CC1(C)Cc2cccc3CC(C)(C)[O-]->[W+6](<-[O-2])(<-[CH2-][Si](C)(C)C)(<-[CH2-][Si](C)(C)C)(<-[O-]1)<-n23,CC1(C)Cc2cccc3CC(C)(C)[O-]->[W+6](<-[O-2])(<-[CH2-][Si](C)(C)C)(<-[CH2-][Si](C)(C)C)(<-[O-]1)<-n23,CC1(C)Cc2cccc3CC(C)(C)[O-]->[W+6](<-[O-2])(<-[CH2-][Si](C)(C)C)(<-[CH2-][Si](C)(C)C)(<-[O-]1)<-n23
QAZNOU,Cc1cc(C)n2->[Ni@SP1+2]34<-S=C5C=CC=C/C5=C/[N-]->3CCS->4CCn12,C16 H20 N3 Ni1 S2 1+,1.0,Cc1cc(C)n2->[Ni+2]34<-[S-]c5ccccc5C=N->3CCS->4CCn12,Cc1cc(C)n2->[Ni+2]34<-S=C5C=CC=CC5=C[N-]->3CCS->4CCn12,Cc1cc(C)n2->[Ni+2]34<-S=C5C=CC=CC5=C[N-]->3CCS->4CCn12
QEBXAY,O->[Zn+2]12(<-O)(<-N3=NC(c4ccc(-n5ccnc5)cc4)=N/C3=C3\C=CC=C[N-]->13)<-N1=NC(c3ccc(-n4ccnc4)cc3)=N/C1=C1\C=CC=C[N-]->21,C32 H26 N12 O2 Zn1,0.0,O->[Zn+2]12(<-O)(<-n3ccccc3-c3nc(-c4ccc(-n5ccnc5)cc4)n[n-]->13)<-n1ccccc1-c1nc(-c3ccc(-n4ccnc4)cc3)n[n-]->21,O->[Zn+2]12(<-O)(<-N3=NC(c4ccc(-n5ccnc5)cc4)=NC3=C3C=CC=C[N-]->13)<-N1=NC(c3ccc(-n4ccnc4)cc3)=NC1=C1C=CC=C[N-]->21,O->[Zn+2]12(<-O)(<-N3=NC(c4ccc(-n5ccnc5)cc4)=NC3=C3C=CC=C[N-]->13)<-N1=NC(c3ccc(-n4ccnc4)cc3)=NC1=C1C=CC=C[N-]->21
QEFMAS,CC/C1[O-]->[Co+3]2345(<-[O-]\N->2=1)<-n1c2cccc1CN->3(C(C)(C)C)Cc1cccc(n->41)CN->5(C(C)(C)C)C2,C25 H37 Co1 N5 O2 1+,1.0,CCC1=N[O-]->[Co+3]234(<-[O-]1)<-n1c5cccc1CN->2(C(C)(C)C)Cc1cccc(n->31)CN->4(C(C)(C)C)C5,CCC1=N[O-]->[Co+3]234(<-[O-]1)<-n1c5cccc1CN->2(C(C)(C)C)Cc1cccc(n->31)CN->4(C(C)(C)C)C5,CCC1=N[O-]->[Co+3]23(<-[O-]1)<-n1c4cccc1CN->2(C(C)(C)C)Cc1cccc(n->31)CN(C(C)(C)C)C4
QEFYIJ,,C28 H32 N10 Ni1 O6 S4,0.0,Cc1n[n-](->[Ni+2](<-O)(<-O)(<-n2ccccc2)(<-n2ccccc2)<-[n-]2nc(C)sc2=NS(=O)(=O)c2ccc(N)cc2)c(=NS(=O)(=O)c2ccc(N)cc2)s1,Cc1nn(->[Ni+2](<-O)(<-O)(<-n2ccccc2)(<-n2ccccc2)<-n2nc(C)sc2N=S(=O)([O-])c2ccc(N)cc2)c(N=S(=O)([O-])c2ccc(N)cc2)s1,Cc1nn(->[Ni+2](<-n2ccccc2)(<-n2ccccc2)<-n2nc(C)sc2N=S(=O)([O-])c2ccc(N)cc2)c(N=S(=O)([O-])c2ccc(N)cc2)s1.O.O
QEGXEF,Cc1cc(C)n2->[Pd+2]3(<-O=C4C=CC=C/C4=C/[O-]->3)<-n3c(C)cc(C)n3Cn12,C18 H21 N4 O2 Pd1 1+,1.0,Cc1cc(C)n2->[Pd+2]3(<-O=Cc4ccccc4[O-]->3)<-n3c(C)cc(C)n3Cn12,Cc1cc(C)n2->[Pd+2]3(<-O=Cc4ccccc4[O-]->3)<-n3c(C)cc(C)n3Cn12,Cc1cc(C)n2->[Pd+2]3(<-O=Cc4ccccc4[O-]->3)<-n3c(C)cc(C)n3Cn12
QEHQAV,CO1CCP(c2ccccc2)(c2ccccc2)->[Ru+4]<-123(<-[C-3][CH+]c1ccccc1)<-n1cccn1[BH-](n1cccn->21)n1cccn->31,C32 H33 B1 N6 O1 P1 Ru1 1+,1.0,CO1CCP(c2ccccc2)(c2ccccc2)->[Ru+4]<-123(<-[C-2]=Cc1ccccc1)<-[n-]1ccc[n+]1[BH-]([n+]1ccc[n-]->21)[n+]1ccc[n-]->31,CO1CCP(c2ccccc2)(c2ccccc2)->[Ru+2]<-123(<-[C]=Cc1ccccc1)<-n1cccn1[BH-](n1cccn->21)n1cccn->31,CO1CCP(c2ccccc2)(c2ccccc2)->[Ru+2]<-123(<-[C]=Cc1ccccc1)<-n1cccn1[BH-](n1cccn->21)n1cccn->31
QEHSUT,CC1=[NH+]C=C(CO)/C2=C/N3=N/C(N)=N->[Cu+]<-3(<-[N-]=C=S)(<-O=C12)<-[S-]C#N,C11 H13 Cu1 N7 O2 S2,0.0,Cc1[nH+]cc(CO)c2C=N3NC(N)=N->[Cu+2]<-3(<-[N-]=C=S)(<-[O-]c12)<-[S-]C#N,CC1=C2[O-]->[Cu+3]3(<-[N-]=C=S)<-N=C(N)N=N->3C=C2C(CO)=CN1.[N-]=C=S,CC1=C2[O-]->[Cu+3]3(<-[N-]=C=S)(<-N=C(N)N=N->3C=C2C(CO)=CN1)<-[S-]C#N
QEJLEY,,C20 H36 F3 O3 P1 Ru1 S1,0.0,CC(C)P(C(C)C)(C(C)C)->[Ru+2]1234(<-[O-]S(=O)(=O)C(F)(F)F)<-c5(C)c->1(C)c->2(C)[c-]->3(C)c->45C,CC(C)P(C(C)C)(C(C)C)->[Ru+2]1234(<-[O-]S(=O)(=O)C(F)(F)F)<-c5(C)c->1(C)c->2(C)[c-]->3(C)c->45C,CC(C)P(C(C)C)(C(C)C)->[Ru+2]123456(<-O=S->1(=O)([O-]->2)C(F)(F)F)<-c1(C)c->3(C)c->4(C)[c-]->5(C)c->61C
QEJTUU,CO->[Os+6]123(<-[N-3])<-[O-]c4ccccc4/C=N->1/c1ccccc1/N->2=C/c1ccccc1[O-]->3,C21 H18 N3 O3 Os1 1+,1.0,CO->[Os+6]123(<-[N-3])<-[O-]c4ccccc4C=N->1c1ccccc1N->2=Cc1ccccc1[O-]->3,CO->[Os+6]123(<-[N-3])<-[O-]c4ccccc4C=N->1c1ccccc1N->2=Cc1ccccc1[O-]->3,CO.[N-3]->[Os+6]123<-[O-]c4ccccc4C=N->1c1ccccc1N->2=Cc1ccccc1[O-]->3
QELLEZ,,C24 H45 Ir1 N1 O1 P2 1+,1.0,CC(C)(C)P1(Cc2cccc3CP(C(C)(C)C)(C(C)(C)C)->[IrH2+]<-1(<-[C-]#[O+])<-n23)C(C)(C)C,CC(C)(C)P1(Cc2cccc3CP(C(C)(C)C)(C(C)(C)C)->[IrH2+]<-1(<-[C-]#[O+])<-n23)C(C)(C)C,CC(C)(C)P1(Cc2cccc3CP(C(C)(C)C)(C(C)(C)C)->[IrH2+]<-1(<-[C-]#[O+])<-n23)C(C)(C)C
QEMXOV,,C19 H22 N1 O3 V1,0.0,Cc1ccn(->[V+]2345(<-[C-]#[O+])(<-[C-]#[O+])(<-[C-]#[O+])<-c6(C)c->2(C)c->3(C)[c-]->4(C)c->56C)cc1,Cc1ccn(->[V+]2345(<-[C-]#[O+])(<-[C-]#[O+])(<-[C-]#[O+])<-c6(C)c->2(C)c->3(C)[c-]->4(C)c->56C)cc1,Cc1ccn(->[V+3]234567(<-[C-](=O)C->2(=O)[C-]->3=O)<-c2(C)c->4(C)c->5(C)[c-]->6(C)c->72C)cc1
QENZAL,C[Si](C)(C)c12->[Zr+4]3456789%10(<-[Cl-])(<-[Cl-])<-c%11c->3(C[c-]->41c->5c->61ccccc->721)[c-]->8([Si](C)(C)C)c->91ccccc->%10%111,C25 H30 Cl2 Si2 Zr1,0.0,C[Si](C)(C)c12->[Zr+4]3456789%10(<-[Cl-])(<-[Cl-])<-[cH-](c->31Cc->41[cH-]->5c->63ccccc->73c->81[Si](C)(C)C)c->91ccccc->%1021,C[Si](C)(C)[c-]12->[Zr+4]3456789%10(<-[Cl-])(<-[Cl-])<-c(c->31Cc->41c->5c->63ccccc->73[c-]->81[Si](C)(C)C)c->91ccccc->%1012,C[Si](C)(C)[c-]12->[Zr+4]3456789%10(<-[Cl-])(<-[Cl-])<-c(c->31Cc->41c->5c->63ccccc->73[c-]->81[Si](C)(C)C)c->91ccccc->%1012
QEPYIW,[BH2-]1n2c(=S->[Cu+](<-S=c3sc4ccccc4n31)<-P(C1CCCCC1)(C1CCCCC1)C1CCCCC1)sc1ccccc12,C32 H43 B1 Cu1 N2 P1 S4,0.0,fail,[BH2-]1n2c(=S->[Cu+](<-S=c3sc4ccccc4n31)<-P(C1CCCCC1)(C1CCCCC1)C1CCCCC1)sc1ccccc12,[BH2-]1n2c(=S->[Cu+](<-S=c3sc4ccccc4n31)<-P(C1CCCCC1)(C1CCCCC1)C1CCCCC1)sc1ccccc12
QEQYOA,,C24 H20 N4 Pt1,0.0,c1ccc([N-]2c3ccccc3[NH-]->[Pt+4]<-23<-[NH-]c2ccccc2[N-]->3c2ccccc2)cc1,C1=CC2=N->[Pt+2]3(<-[NH-]c4ccccc4[N-]->3c3ccccc3)<-N(=C2C=C1)c1ccccc1,C1=CC2=N->[Pt+2]3(<-[NH-]c4ccccc4[N-]->3c3ccccc3)<-N(=C2C=C1)c1ccccc1
QERREN,C/C(=N\NC(=O)c1ccc([N+](=O)[O-])cc1)c1ccccn1->[Ag+](<-O)<-[O-][N+](=O)[O-],C14 H14 Ag1 N5 O7,0.0,CC1c2ccccn2->[Ag+](<-O)(<-[O-][N+](=O)[O-])<-N=1NC(=O)c1ccc([N+](=O)[O-])cc1,CC1c2ccccn2->[Ag+](<-O)(<-[O-][N+](=O)[O-])<-N=1NC(=O)c1ccc([N+](=O)[O-])cc1,CC1c2ccccn2->[Ag+]23(<-O)(<-O=C(NN->2=1)c1ccc([N+](=O)[O-])cc1)<-[O-][N+](=O)[O-]->3
QESYIW,,C19 H23 Cr1 N1 O7,0.0,fail,COC(=O)C(CC(C)C)NC1=C(C)[C](->[Cr](<-[C-]#[O+])(<-[C-]#[O+])(<-[C-]#[O+])(<-[C-]#[O+])<-[C-]#[O+])C1(C)C,COC(=O)C(CC(C)C)NC1=C(C)[C](->[Cr](<-[C-]#[O+])(<-[C-]#[O+])(<-[C-]#[O+])(<-[C-]#[O+])<-[C-]#[O+])C1(C)C
QETKIM,,C16 H27 N3 Ni1 O4,0.0,CC1C(=O)[O-]->[Ni+2]23(<-O)(<-[O-]c4ccccc4C=N->21)<-N(C)(C)CCN->3(C)C,CC1C(=O)[O-]->[Ni+2]23(<-O)(<-[O-]c4ccccc4C=N->21)<-N(C)(C)CCN->3(C)C,CC1C(=O)[O-]->[Ni+2]2(<-N(C)(C)CCN(C)C)<-[O-]c3ccccc3C=N->21.O
QEWPUD,CC(C)(C)c12->[Zr+4]3456789%10(<-[Cl-])(<-[Cl-])<-c1[c-]->3(C[c-]->41c->5c->6(C(C)(C)C)c->73ccccc->831)c->91ccccc->%1021,C27 H30 Cl2 Zr1,0.0,CC(C)(C)c12->[Zr+4]3456789%10(<-[Cl-])(<-[Cl-])<-[cH-]1c->3(Cc->41[cH-]->5c->6(C(C)(C)C)c->73ccccc->813)c->91ccccc->%1021,CC(C)(C)c12->[Zr+4]3456789%10(<-[Cl-])(<-[Cl-])<-c1[c-]->3(C[c-]->41c->5c->6(C(C)(C)C)c->73ccccc->831)c->91ccccc->%1021,CC(C)(C)c12->[Zr+4]3456789%10(<-[Cl-])(<-[Cl-])<-c1[c-]->3(C[c-]->41c->5c->6(C(C)(C)C)c->73ccccc->831)c->91ccccc->%1021
QEXHEH,CN12CC([O-]->[Zr+4]<-13(<-[CH2-]c1ccccc1)(<-[CH2-]c1ccccc1)<-[O-]C(CN->3(C)[C@@H]1CCCC[C@H]12)(C(F)(F)F)C(F)(F)F)(C(F)(F)F)C(F)(F)F,C30 H34 F12 N2 O2 Zr1,0.0,CN12CC([O-]->[Zr+4]<-13(<-[CH2-]c1ccccc1)(<-[CH2-]c1ccccc1)<-[O-]C(CN->3(C)C1CCCCC12)(C(F)(F)F)C(F)(F)F)(C(F)(F)F)C(F)(F)F,CN12CC([O-]->[Zr+4]<-13(<-[CH2-]c1ccccc1)(<-[CH2-]c1ccccc1)<-[O-]C(CN->3(C)C1CCCCC12)(C(F)(F)F)C(F)(F)F)(C(F)(F)F)C(F)(F)F,CN12CC([O-]->[Zr+4]<-13(<-[CH2-]c1ccccc1)(<-[CH2-]c1ccccc1)<-[O-]C(CN->3(C)C1CCCCC12)(C(F)(F)F)C(F)(F)F)(C(F)(F)F)C(F)(F)F
QEZFOT,,C26 H26 Br1 N3 Pd1,0.0,CC(C)N1c2ccccc2N(C(C)C)[C]1->[Pd+2]1(<-[Br-])<-[c-]2cccc3ccc4cccn->1c4c32,CC(C)N1c2ccccc2N(C(C)C)[C]1->[Pd+2]1(<-[Br-])<-[c-]2cccc3ccc4cccn->1c4c32,CC(C)N1c2ccccc2N(C(C)C)[C]1->[Pd+2]1(<-[Br-])<-[c-]2cccc3ccc4cccn->1c4c32
QEZQER,CC(C)(C)[N-2]->[Nb+5]123456789(<-[Cl-])<-c%10c->1[c-]->2([Si](C)(C)[c-]->31c->4(C)c->5(C)c->6(C)c->71C)c->8c->9%10C,C21 H33 Cl1 N1 Nb1 Si1,0.0,CC(C)(C)[N-2]->[Nb+5]123456789(<-[Cl-])<-c%10[cH-]->1c->2(C)c->3c->4%10[Si](C)(C)[c-]->51c->6(C)c->7(C)c->8(C)c->91C,CC(C)(C)[N-2]->[Nb+5]123456789(<-[Cl-])<-c%10c->1[c-]->2([Si](C)(C)[c-]->31c->4(C)c->5(C)c->6(C)c->71C)c->8c->9%10C,Cc1c(C)c2[Si](C)(C)[c-]34->[Nb+5]567(<-[Cl-])(<-[N-2]C(C)(C)C)(<-c(c->53)c->6(C)c->74)<-[c-]2(C)c1C
QIBRUQ,,C23 H17 O3 Re1,0.0,CC1=C(c23->[Re+]456(<-[C-]#[O+])(<-[C-]#[O+])(<-[C-]#[O+])<-[cH-](c->42C)c->52ccccc->632)c2ccccc2C1,CC1=C([c-]23->[Re+]456(<-[C-]#[O+])(<-[C-]#[O+])(<-[C-]#[O+])<-c(c->42C)c->52ccccc->623)c2ccccc2C1,CC1=C([c-]23->[Re+]456(<-[C-]#[O+])(<-[C-]#[O+])(<-[C-]#[O+])<-c(c->42C)c->52ccccc->623)c2ccccc2C1
QICKUJ,,C46 H33 Co1 O2 P2,0.0,[O+]#[C-]->[CoH]1(<-[C-]#[O+])<-P(c2ccccc2)(c2ccccc2)c2ccc3ccccc3c2-c2c(P->1(c1ccccc1)c1ccccc1)ccc1ccccc21,[O+]#[C-]->[CoH]1(<-[C-]#[O+])<-P(c2ccccc2)(c2ccccc2)c2ccc3ccccc3c2-c2c(P->1(c1ccccc1)c1ccccc1)ccc1ccccc21,[O+]#[C-]->[CoH]1(<-[C-]#[O+])<-P(c2ccccc2)(c2ccccc2)c2ccc3ccccc3c2-c2c(P->1(c1ccccc1)c1ccccc1)ccc1ccccc21
QIDBEL,O=C1CN2C=CN3CC(=O)[N-](c4ccccc4)->[Pd+2](<-[C]23)(<-n2ccccc2)<-[N-]1c1ccccc1,C24 H21 N5 O2 Pd1,0.0,O=C1CN2C=CN3CC(=O)[N-](c4ccccc4)->[Pd+2](<-[C]23)(<-n2ccccc2)<-[N-]1c1ccccc1,O=C1CN2C=CN3CC(=O)[N-](c4ccccc4)->[Pd+2](<-[C]23)(<-n2ccccc2)<-[N-]1c1ccccc1,O=C1CN2C=CN3CC(=O)[N-](c4ccccc4)->[Pd+2](<-[C]23)(<-n2ccccc2)<-[N-]1c1ccccc1
QIDMUM,C[N+](C)=c1sc2[N-]P(c3ccccc3)(c3ccccc3)->[Mn+](<-[C-]#[O+])(<-[C-]#[O+])(<-[C-]#[O+])(<-[C-]#[O+])<-P(c3ccccc3)(c3ccccc3)c2s1,C33 H26 Mn1 N2 O4 P2 S2 1+,1.0,fail,C[N+](C)=c1sc2[N-]P(c3ccccc3)(c3ccccc3)->[Mn+](<-[C-]#[O+])(<-[C-]#[O+])(<-[C-]#[O+])(<-[C-]#[O+])<-P(c3ccccc3)(c3ccccc3)c2s1,C[N+](C)=c1sc2N=[P+](c3ccccc3)(c3ccccc3)->[Mn-](<-[C-]#[O+])(<-[C-]#[O+])(<-[C-]#[O+])(<-[C-]#[O+])<-P(c3ccccc3)(c3ccccc3)c2s1
QIFRAA,CC1/C=C(/C)[O-]->[Pt+2]2(<-O=1)<-[C]1N(C)C=CN1c1c3sc4ccccc4c3cc[c-]->21,C21 H18 N2 O2 Pt1 S1,0.0,fail,CC1=CC(C)=O->[Pt+2]2(<-[O-]1)<-[C]1N(C)C=CN1c1c3sc4ccccc4c3cc[c-]->21,CC1=CC(C)=O->[Pt+2]2(<-[O-]1)<-[C]1N(C)C=CN1c1c3sc4ccccc4c3cc[c-]->21
QIGCAM,CC(C)c1cccc(C(C)C)c1N1C=CN(c2c(C(C)C)cccc2C(C)C)[C]1->[Cu+]1<-N2=NC(C(F)(F)F)=N/C2=C2\C=CC=C[N-]->12,C35 H40 Cu1 F3 N6,0.0,CC(C)c1cccc(C(C)C)c1N1C=CN(c2c(C(C)C)cccc2C(C)C)[C]1->[Cu+]1<-n2ccccc2-c2nc(C(F)(F)F)n[n-]->12,CC(C)c1cccc(C(C)C)c1N1C=CN(c2c(C(C)C)cccc2C(C)C)[C]1->[Cu+]1<-N2=NC(C(F)(F)F)=NC2=C2C=CC=C[N-]->12,CC(C)c1cccc(C(C)C)c1N1C=CN(c2c(C(C)C)cccc2C(C)C)[C]1->[Cu+]1<-N2=NC(C(F)(F)F)=NC2=C2C=CC=C[N-]->12
QIGNUP,CC(C)(C)N1C=CN(C(C)(C)C)[C]1->[Pd@TB10+2]12(<-[Cl-])<-C=C->1(C)[CH2-]->2,C15 H27 Cl1 N2 Pd1,0.0,fail,CC(C)(C)N1C=CN(C(C)(C)C)[C]1->[Pd+2]12(<-[Cl-])<-C=C->1(C)[CH2-]->2,CC(C)(C)N1C=CN(C(C)(C)C)[C]1->[Pd+2]12(<-[Cl-])<-C=C->1(C)[CH2-]->2
QIGZAJ,CC(C)(C)c1ccc23->[Zr+4]456789%10%11(<-[Cl-])(<-[Cl-])<-c%12c->4(C)c->5(C(C)(C)[c-]->62c->72ccccc->82c->93c1)c->%10[c-]->%11%12C(C)(C)C,C30 H36 Cl2 Zr1,0.0,CC(C)(C)c1ccc23->[Zr+4]456789%10%11(<-[Cl-])(<-[Cl-])<-c%12c->4(C(C)(C)C)[cH-]->5c->6(C)c->7%12C(C)(C)[c-]->82c->92ccccc->%102c->%113c1,CC(C)(C)c1ccc23->[Zr+4]456789%10%11(<-[Cl-])(<-[Cl-])<-c%12c->4(C)c->5(C(C)(C)[c-]->62c->72ccccc->82c->93c1)c->%10[c-]->%11%12C(C)(C)C,CC(C)(C)c1ccc23->[Zr+4]456789%10%11(<-[Cl-])(<-[Cl-])<-c%12c->4(C)c->5(C(C)(C)[c-]->62c->72ccccc->82c->93c1)c->%10[c-]->%11%12C(C)(C)C
QIJBIW,C/C1C2=CC=C/C3=C(C)\N4=C5/C=CC=CC5=S->[Ni@+2]<-4(<-N=1\c1c(C(C)C)cccc1C(C)C)<-[N-]23,C27 H30 N3 Ni1 S1 1+,1.0,fail,CC1=C2C=CC=C3C(C)=N(c4c(C(C)C)cccc4C(C)C)->[Ni+2]4(<-S=C5C=CC=CC5=N->41)<-[N-]32,CC1=C2C=CC=C3C(C)=N(c4c(C(C)C)cccc4C(C)C)->[Ni+2]4(<-S=C5C=CC=CC5=N->41)<-[N-]32
QIJSEH,Cc1ccc([S@@]2([O-])#[O+]->[Ti+4]34567(<-[O-]S(=O)(=O)C(F)(F)F)(<-[O-]S(=O)(=O)C(F)(F)F)(<-c8c->3c->4[c-]->5(CC[N-]->62)c->78)<-O2CCCC2)cc1,C20 H23 F6 N1 O9 S3 Ti1,0.0,Cc1ccc(S2(=O)=O->[Ti+4]34567(<-[O-]S(=O)(=O)C(F)(F)F)(<-[O-]S(=O)(=O)C(F)(F)F)(<-c8c->3[cH-]->4c->5(CC[N-]->62)c->78)<-O2CCCC2)cc1,Cc1ccc(S2([O-])[O-]->[Ti+4]34567(<-[O-]S(=O)(=O)C(F)(F)F)(<-[O-]S(=O)(=O)C(F)(F)F)(<-c8c->3c->4[c-]->5(CC[N+]->6#2)c->78)<-O2CCCC2)cc1,Cc1ccc(S2([O-])[O-]->[Ti+4]3(<-[O-]S(=O)(=O)C(F)(F)F)(<-[O-]S(=O)(=O)C(F)(F)F)(<-c4ccc[c-]4CC[N+]->3#2)<-O2CCCC2)cc1
QILRUA,Nc1ccc2ccccc2c1-c1c(N->[Cu+](<-[Cl-])<-Nc2ccc3ccccc3c2-c2c(N)ccc3ccccc23)ccc2ccccc12,C40 H32 Cl1 Cu1 N4,0.0,[Cl-]->[Cu+]12(<-Nc3ccc4ccccc4c3-c3c(N->1)ccc1ccccc31)<-Nc1ccc3ccccc3c1-c1c(N->2)ccc2ccccc12,[Cl-]->[Cu+]12(<-Nc3ccc4ccccc4c3-c3c(N->1)ccc1ccccc31)<-Nc1ccc3ccccc3c1-c1c(N->2)ccc2ccccc12,[Cl-]->[Cu+]12(<-Nc3ccc4ccccc4c3-c3c(N->1)ccc1ccccc31)<-Nc1ccc3ccccc3c1-c1c(N->2)ccc2ccccc12
QIPNIO,O=S(=O)([O-]->[Ti+4]1234(<-[O-]S(=O)(=O)C(F)(F)F)(<-[O-]S(=O)(=O)C(F)(F)F)(<-[O-]S(=O)(=O)C(F)(F)F)<-c5c->1c->2[cH-]->3c->45)C(F)(F)F,C9 H5 F12 O12 S4 Ti1 1-,-1.0,O=S(=O)([O-]->[Ti+4]1234(<-[O-]S(=O)(=O)C(F)(F)F)(<-[O-]S(=O)(=O)C(F)(F)F)(<-[O-]S(=O)(=O)C(F)(F)F)<-c5c->1c->2[cH-]->3c->45)C(F)(F)F,O=S(=O)([O-]->[Ti+4]1234(<-[O-]S(=O)(=O)C(F)(F)F)(<-[O-]S(=O)(=O)C(F)(F)F)(<-[O-]S(=O)(=O)C(F)(F)F)<-c5c->1c->2[cH-]->3c->45)C(F)(F)F,O=S(=O)([O-]->[Ti+4]12345(<-O=S(=O)([O-]->1)C(F)(F)F)(<-[O-]S(=O)(=O)C(F)(F)F)(<-[O-]S(=O)(=O)C(F)(F)F)<-c1c->2c->3[cH-]->4c->51)C(F)(F)F
QIRMIN,,C10 H28 N1 O2 P3 W1,0.0,CP(C)(C)->[WH+](<-[C-]#[O+])(<-[N-]=O)(<-P(C)(C)C)<-P(C)(C)C,CP(C)(C)->[WH+](<-[C-]#[O+])(<-[N-]=O)(<-P(C)(C)C)<-P(C)(C)C,CP(C)(C)->[WH+](<-[C-]#[O+])(<-[N-]=O)(<-P(C)(C)C)<-P(C)(C)C
QISHOP,CCCN1C(C)(C)/C(C)=N(/[O-])->[Ni@TB4+2]<-12<-N(/O)=C(/C)C(C)(C)N->2CCC,C16 H35 N4 Ni1 O2 1+,1.0,CCCN1C(C)(C)C(C)=N([O])->[Ni+]<-12<-N(O)=C(C)C(C)(C)N->2CCC,CCCN1C(C)(C)C(C)=N([O-])->[Ni+2]<-12<-N(O)=C(C)C(C)(C)N->2CCC,CCCN1C(C)(C)C(C)=N([O-])->[Ni+2]<-12<-N(O)=C(C)C(C)(C)N->2CCC
QITSAO,O=[N+]([O-])[O-]->[Cd+2]123(<-O)(<-[O-][N+](=O)[O-]->1)<-N(=C\c1ccccn->21)/Cc1ccccn->31,C12 H13 Cd1 N5 O7,0.0,O=[N+]([O-])[O-]->[Cd+2]123(<-O)(<-[O-][N+](=O)[O-]->1)<-N(=Cc1ccccn->21)Cc1ccccn->31,O=[N+]([O-])[O-]->[Cd+2]123(<-O)(<-[O-][N+](=O)[O-]->1)<-N(=Cc1ccccn->21)Cc1ccccn->31,O.O=[N+]12->[Cd+2]3456(<-[O-]1)(<-[O-]2)(<-[O-][N+]->3(=O)[O-]->4)<-N(=Cc1ccccn->51)Cc1ccccn->61
QIVQOD,,C30 H28 N6 Ni1 O4,0.0,CO->[Ni+2]12(<-[O-]c3ccccc3C=N->1c1nc3ccccc3[nH]1)(<-[O-]c1ccccc1C=N->2c1nc2ccccc2[nH]1)<-OC,CO->[Ni+2]12(<-[O-]c3ccccc3C=N->1c1nc3ccccc3[nH]1)(<-[O-]c1ccccc1C=N->2c1nc2ccccc2[nH]1)<-OC,C1=N(c2nc3ccccc3[nH]2)->[Ni+2]2(<-[O-]c3ccccc31)<-[O-]c1ccccc1C=N->2c1nc2ccccc2[nH]1.CO.CO
QIXGIQ,CCc12->[Cr]3456(<-N#N)(<-N#N)<-c1(CC)c->3(CC)[c-]->4(-c1ccccc1P->5(C1CCCCC1)C1CCCCC1)c->62CC,C31 H46 Cr1 N4 P1 1-,-1.0,CCc12->[Cr]3456(<-N#N)(<-N#N)<-c1(-c1ccccc1P->3(C1CCCCC1)C1CCCCC1)c->4(CC)[c-]->5(CC)c->62CC,CCc12->[Cr]3456(<-N#N)(<-N#N)<-c1(CC)c->3(CC)[c-]->4(-c1ccccc1P->5(C1CCCCC1)C1CCCCC1)c->62CC,CCc12->[Cr]3456(<-N#N)(<-N#N)<-c1(CC)c->3(CC)[c-]->4(-c1ccccc1P->5(C1CCCCC1)C1CCCCC1)c->62CC
QIXZUV,,C25 H20 F1 N1 O1 Pt1 S1,0.0,CS(C)(=O)->[Pt+2]12<-[c-]3ccccc3-c3cc(-c4ccc(F)cc4)cc(-c4cccc[c-]->14)n->23,CS(C)(=O)->[Pt+2]12<-[c-]3ccccc3-c3cc(-c4ccc(F)cc4)cc(-c4cccc[c-]->14)n->23,CS(C)(=O)->[Pt+2]12<-[c-]3ccccc3-c3cc(-c4ccc(F)cc4)cc(-c4cccc[c-]->14)n->23
QOBMUQ,c1ccc2[O-]->[Ni@OH25+4]3456<-[O-]c7ccccc7CN->37CCN->4(Cc2c1)CCN->5(Cc1ccccc1[O-]->6)CC7,C27 H32 N3 Ni1 O3 1+,1.0,c1ccc2[O-]->[Ni+2]3456<-Oc7ccccc7CN->37CCN->4(Cc2c1)CCN->5(Cc1ccccc1O->6)CC7,c1ccc2[O-]->[Ni+4]3456<-[O-]c7ccccc7CN->37CCN->4(Cc2c1)CCN->5(Cc1ccccc1[O-]->6)CC7,c1ccc2[O-]->[Ni+4]3456<-[O-]c7ccccc7CN->37CCN->4(Cc2c1)CCN->5(Cc1ccccc1[O-]->6)CC7
QOCVUZ,c1ccc2[S-]->[Ni@OH5+2]3(<-[S-]c2c1)<-n1ccccc1-c1ccccn->31,C16 H12 N2 Ni1 S2,0.0,c1ccc2[S-]->[Ni+2]3(<-[S-]c2c1)<-n1ccccc1-c1ccccn->31,C1=CC2=S->[Ni]3(<-S=C2C=C1)<-n1ccccc1-c1ccccn->31,C1=CC2=S->[Ni]3(<-S=C2C=C1)<-n1ccccc1-c1ccccn->31
QODVEN,CC(C)(C)c1ccn2->[Pt+2]3(<-[S-]C4=C([S-]->3)SCCS4)<-n3ccc(C(C)(C)C)cc3-c2c1,C22 H28 N2 Pt1 S4,0.0,CC(C)(C)c1ccn2->[Pt+2]3(<-[S-]C4=C([S-]->3)SCCS4)<-n3ccc(C(C)(C)C)cc3-c2c1,CC(C)(C)c1ccn2->[Pt]3(<-S=C4SCCSC4=S->3)<-n3ccc(C(C)(C)C)cc3-c2c1,CC(C)(C)c1ccn2->[Pt]3(<-S=C4SCCSC4=S->3)<-n3ccc(C(C)(C)C)cc3-c2c1
QOFCUK,C/C1=C(\C)[N-](O)->[Co+3]2(<-Nc3ccc(S(N)(=O)=O)cc3)(<-Nc3ccc(S(N)(=O)=O)cc3)(<-N1=O)<-N(=O)/C(C)=C(/C)[N-]->2O,C20 H30 Co1 N8 O8 S2 1+,1.0,CC1C(C)=N(O)->[Co+]2(<-Nc3ccc(S(N)(=O)=O)cc3)(<-Nc3ccc(S(N)(=O)=O)cc3)(<-N=1[O])<-N([O])=C(C)C(C)=N->2O,CC1=C(C)[N-](O)->[Co+3]2(<-Nc3ccc(S(N)(=O)=O)cc3)(<-Nc3ccc(S(N)(=O)=O)cc3)(<-N1=O)<-N(=O)C(C)=C(C)[N-]->2O,CC1=C(C)[N-](O)->[Co+3]2(<-Nc3ccc(S(N)(=O)=O)cc3)(<-Nc3ccc(S(N)(=O)=O)cc3)(<-N1=O)<-N(=O)C(C)=C(C)[N-]->2O
QOFTUA,Cc1ccccc1-c1c(C)sc23->[Zr+4]456789%10%11(<-[Cl-])(<-[Cl-])<-c(c->4(C)[c-]->52[Si](C)(C)c->62c->7(C)c->8c->94c(-c5ccccc5C)c(C)s[c-]->%1024)c->%1113,C34 H34 Cl2 S2 Si1 Zr1,0.0,fail,Cc1ccccc1-c1c(C)sc23->[Zr+4]456789%10%11(<-[Cl-])(<-[Cl-])<-c(c->412)[c-]->5(C)c->63[Si](C)(C)c->71c->82sc(C)c(-c3ccccc3C)c->92c->%10[c-]->%111C,Cc1ccccc1-c1c(C)sc23->[Zr+4]456789%10%11(<-[Cl-])(<-[Cl-])<-c(c->412)[c-]->5(C)c->63[Si](C)(C)c->71c->82sc(C)c(-c3ccccc3C)c->92c->%10[c-]->%111C
QOJCID,CC12=C->[Ni+2]<-134(<-[O-]C(=O)C[C-]->32C)<-N1=C2[C@H](P->4(c3ccccc3)c3ccccc3)CCCCN2CCC1,C28 H35 N2 Ni1 O2 P1,0.0,fail,CC12=C->[Ni+2]<-134(<-[O-]C(=O)C[C-]->32C)<-N1=C2C(P->4(c3ccccc3)c3ccccc3)CCCCN2CCC1,CC1CC(=O)[O-]->[Ni+2]23(<-[CH2-]C->2=1C)<-N1=C2C(P->3(c3ccccc3)c3ccccc3)CCCCN2CCC1
QOKHOQ,CSC1/N=N2/C(/C)=C\C(C)=N3\N=C(\SC)[S-]->[Cu@SP1+]<-2<-3<-S=1,C9 H13 Cu1 N4 S4,0.0,CSC1=NN2=C(C)C=C(C)[N-]3N=C(SC)[S-]->[Cu+3]<-2<-3<-[S-]1,CSC1=NN2=C(C)C=C(C)N3=NC(SC)=S->[Cu+]<-3<-2<-[S-]1,CSC1=NN2=C(C)C=C(C)N3=NC(SC)=S->[Cu+]<-3<-2<-[S-]1
QOKZUL,CCCN(CCC)C1/N=N2/C(=C(/c3ccccn3)[N-]3/N=C(\[S-]->[Pt@SP1+2]<-2<-3<-S=1)N(CCC)CCC)/c1ccccn1,C26 H36 N8 Pt1 S2,0.0,CCCN(CCC)C1=NN2=C(C(c3ccccn3)=N3N=C([S-]->[Pt+2]<-2<-3<-[S-]1)N(CCC)CCC)c1ccccn1,CCCN(CCC)C1=N[N-]2C(=C(c3ccccn3)N3=NC(=S->[Pt+2]<-3<-2<-[S-]1)N(CCC)CCC)c1ccccn1,CCCN(CCC)C1=N[N-]2C(=C(c3ccccn3)N3=NC(=S->[Pt+2]<-3<-2<-[S-]1)N(CCC)CCC)c1ccccn1
QOMJEI,CC(C)(C)c1cccc2P(CCP(c3ccccc3)c3cccc(C(C)(C)C)c3[O-]->[Zr+4](<-[Cl-])(<-[Cl-])<-[O-]c21)c1ccccc1,C34 H38 Cl2 O2 P2 Zr1,0.0,CC(C)(C)c1cccc2P3(CCP4(c5ccccc5)c5cccc(C(C)(C)C)c5[O-]->[Zr+4]<-3<-4(<-[Cl-])(<-[Cl-])<-[O-]c12)c1ccccc1,CC(C)(C)c1cccc2P3(CCP4(c5ccccc5)c5cccc(C(C)(C)C)c5[O-]->[Zr+4]<-3<-4(<-[Cl-])(<-[Cl-])<-[O-]c12)c1ccccc1,CC(C)(C)c1cccc2P3(CCP4(c5ccccc5)c5cccc(C(C)(C)C)c5[O-]->[Zr+4]<-3<-4(<-[Cl-])(<-[Cl-])<-[O-]c12)c1ccccc1
QONFUW,CC(C)P1(c2ccccc2/C2=C3/c4ccccc4P(C(C)C)(C(C)C)->[Cu@TB12+]<-2<-3<-1<-[O-]S(=O)(=O)C(F)(F)F)C(C)C,C27 H38 Cu1 F3 O3 P2 S1,0.0,CC(C)P1(c2ccccc2C2=C3c4ccccc4P(C(C)C)(C(C)C)->[Cu+]<-2<-3<-1<-[O-]S(=O)(=O)C(F)(F)F)C(C)C,CC(C)P1(c2ccccc2C=C2c3ccccc3P(C(C)C)(C(C)C)->[Cu+]<-2<-1<-[O-]S(=O)(=O)C(F)(F)F)C(C)C,CC(C)P1(c2ccccc2C=Cc2ccccc2P(C(C)C)(C(C)C)->[Cu+]<-12<-[O-]S->2(=O)(=O)C(F)(F)F)C(C)C
QONSES,CCO[C](c1ccc(-c2cccn2C)s1)->[W](<-[C-]#[O+])(<-[C-]#[O+])(<-[C-]#[O+])(<-[C-]#[O+])<-[C-]#[O+],C17 H13 N1 O6 S1 W1,0.0,CCO[C-2](c1ccc(-c2cccn2C)s1)->[W+2](<-[C-]#[O+])(<-[C-]#[O+])(<-[C-]#[O+])(<-[C-]#[O+])<-[C-]#[O+],CCO[C](c1ccc(-c2cccn2C)s1)->[W](<-[C-]#[O+])(<-[C-]#[O+])(<-[C-]#[O+])(<-[C-]#[O+])<-[C-]#[O+],CCO[C](c1ccc(-c2cccn2C)s1)->[W](<-[C-]#[O+])(<-[C-]#[O+])(<-[C-]#[O+])(<-[C-]#[O+])<-[C-]#[O+]
QOPSUL,CC(C)(C)O[C-]([O-])NCCN1CC23->[Fe+2]456(<-[C-]#[O+])(<-[C-]#[O+])(<-[C-]#[O+])<-C(=O)(C->4=2[Si](C)(C)C)C->5([Si](C)(C)C)=C->63C1,C23 H36 Fe1 N2 O6 Si2,0.0,CC(C)(C)OC(=O)NCCN1Cc23->[Fe+2]456(<-[C-]#[O+])(<-[C-]#[O+])(<-[C-]#[O+])<-c([O-])(c->42[Si](C)(C)C)c->5([Si](C)(C)C)[c-]->63C1,CC(C)(C)OC(=O)NCCN1CC23->[Fe]456(<-[C-]#[O+])(<-[C-]#[O+])(<-[C-]#[O+])<-C(=O)(C->4=2[Si](C)(C)C)C->5([Si](C)(C)C)=C->63C1,CC(C)(C)OC(=O)NCCN1CC23->[Fe]456(<-[C-]#[O+])(<-[C-]#[O+])(<-[C-]#[O+])<-C(=O)(C->4=2[Si](C)(C)C)C->5([Si](C)(C)C)=C->63C1
QOQGIO,Cc1cc(C)n2->[Zn+2]3(<-[Cl-])<-n4c(C)cc(C)n4[C-](n12)[P+](c1ccccc1)(c1ccccc1)[N-]->3c1ccccc1,C29 H29 Cl1 N5 P1 Zn1,0.0,Cc1cc(C)n2->[Zn+2]3(<-[Cl-])<-N(c4ccccc4)=P(c4ccccc4)(c4ccccc4)[C-](n12)n1c(C)cc(C)n->31,Cc1cc(C)n2->[Zn+2]3(<-[Cl-])<-n4c(C)cc(C)n4[C-](n12)[P+](c1ccccc1)(c1ccccc1)[N-]->3c1ccccc1,Cc1cc(C)n2->[Zn+2]3(<-[Cl-])<-n4c(C)cc(C)n4[C-](n12)[P+](c1ccccc1)(c1ccccc1)[N-]->3c1ccccc1
QORLIS,CC(C)(C)c1cc2CN3Cc4ccccn4->[Zn+2](<-[O-]c4ccccc4C=O)(<-[O-]c2c(C(C)(C)C)c1)<-n1ccccc1C3,C34 H39 N3 O3 Zn1,0.0,CC(C)(C)c1cc2CN34Cc5ccccn5->[Zn+2]<-3(<-[O-]c3ccccc3C=O)(<-[O-]c2c(C(C)(C)C)c1)<-n1ccccc1C4,CC(C)(C)c1cc2CN34Cc5ccccn5->[Zn+2]<-3(<-[O-]c3ccccc3C=O)(<-[O-]c2c(C(C)(C)C)c1)<-n1ccccc1C4,CC(C)(C)c1cc2CN34Cc5ccccn5->[Zn+2]<-3(<-[O-]c3ccccc3C=O)(<-[O-]c2c(C(C)(C)C)c1)<-n1ccccc1C4
QOSMIV,CC#CC#C/[C-]1=C2\C=C[CH-]C=C2O(C(C)C)->[Ru+4]<-1(<-[Cl-])(<-[Cl-])<-P(C1CCCCC1)(C1CCCCC1)C1CCCCC1,C33 H47 Cl2 O1 P1 Ru1,0.0,CC#CC#C[C-2]1c2ccccc2O(C(C)C)->[Ru+4]<-1(<-[Cl-])(<-[Cl-])<-P(C1CCCCC1)(C1CCCCC1)C1CCCCC1,C[C-]=C=C=C=[C-]1c2ccccc2O(C(C)C)->[Ru+4]<-1(<-[Cl-])(<-[Cl-])<-P(C1CCCCC1)(C1CCCCC1)C1CCCCC1,C[C-]=C=C=C=[C-]1c2ccccc2O(C(C)C)->[Ru+4]<-1(<-[Cl-])(<-[Cl-])<-P(C1CCCCC1)(C1CCCCC1)C1CCCCC1
QOVKIW,N#[C-]->[Fe+2]123<-N4=C5C=C/C4=C(\c4ccccc4)c4ccc([n-]->14)C(=C1[CH+][CH+][CH+][CH-][CH-]1)c1ccc([n-]->21)C(=C1[CH+][CH+][CH+][CH-][CH-]1)c1ccc([n-]->31)C5=C1[CH+][CH-][CH-][CH+][CH-]1,C45 H28 Fe1 N5 1-,-1.0,N#[C-]->[Fe+2]123<-n4c5c(-c6ccccc6)c6ccc(c(-c7ccccc7)c7n->1c(c(-c1ccccc1)c1ccc(c(-c8ccccc8)c4C=C5)[n-]->21)C=C7)[n-]->36,N#[C-]->[Fe+2]123<-n4c5c(-c6ccccc6)c6ccc(c(-c7ccccc7)c7n->1c(c(-c1ccccc1)c1ccc(c(-c8ccccc8)c4C=C5)[n-]->21)C=C7)[n-]->36,N#[C-]->[Fe+2]123<-n4c5c(-c6ccccc6)c6ccc(c(-c7ccccc7)c7n->1c(c(-c1ccccc1)c1ccc(c(-c8ccccc8)c4C=C5)[n-]->21)C=C7)[n-]->36
QOWGOA,,C32 H40 Cl1 N5 Ru1,0.0,CC1c2cccc3C(C)=N(c4c(C)cc(C)cc4C)->[RuH+](<-[Cl-])(<-[C]4N(C)C=CN4C)(<-N=1c1c(C)cc(C)cc1C)<-n23,CC1c2cccc3C(C)=N(c4c(C)cc(C)cc4C)->[RuH+](<-[Cl-])(<-[C]4N(C)C=CN4C)(<-N=1c1c(C)cc(C)cc1C)<-n23,CC1c2cccc3C(C)=N(c4c(C)cc(C)cc4C)->[RuH+](<-[Cl-])(<-[C]4N(C)C=CN4C)(<-N=1c1c(C)cc(C)cc1C)<-n23
QOXLIZ,,C22 H27 La1 N6 O20 1+,1.0,O=[N+]([O-])c1cc([N+](=O)[O-])c2[O-]->[La+2]345678(<-[O-]c9c([N+](=O)[O-])cc([N+](=O)[O-])cc9[N+](=O)[O-]->3)(<-[O-][N+](=O)c2c1)<-OCCO->4CCO->5CCO->6CCO->7CC[OH2+]->8,ON(O)C1CC(N(O)O)C2O[La+]345678(<-OCCO->3CCO->4CCO->5CCO->6CCO->7)(OC3C(N(O)O)CC(N(O)O)CC3N(O)O8)ON(O)C2C1,ON(O)C1CC(N(O)O)C2O[La+]345678(<-OCCO->3CCO->4CCO->5CCO->6CCO->7)(OC3C(N(O)O)CC(N(O)O)CC3N(O)O8)ON(O)C2C1
QOYMIC,,C8 H10 N4 Ni1 O6,0.0,O=C1[O-]->[Ni+2]2(<-O)(<-O)(<-[O-]C(=O)c3cc[nH]n->23)<-n2[nH]ccc21,O=C1[O-]->[Ni+2]2(<-O)(<-O)(<-[O-]C(=O)c3cc[nH]n->23)<-n2[nH]ccc21,O.O.O=C1[O-]->[Ni+2]2(<-[O-]C(=O)c3cc[nH]n->23)<-n2[nH]ccc21
QOZTUU,,C27 H12 B1 F15 I1 O1 Re1,0.0,fail,CC1#C2CCCC3#C(C)->[Re+3]<-1<-2<-3(<-[I-])<-[O-][B-](c1c(F)c(F)c(F)c(F)c1F)(c1c(F)c(F)c(F)c(F)c1F)c1c(F)c(F)c(F)c(F)c1F,CC1#C2CCCC3#C(C)->[Re+3]<-1<-2<-3(<-[I-])<-[O-][B-](c1c(F)c(F)c(F)c(F)c1F)(c1c(F)c(F)c(F)c(F)c1F)c1c(F)c(F)c(F)c(F)c1F
QUBPEI,CS/C1=N/N2->[Ni@SP2+2]34<-[N-](/N=C(/SC)[N-]->3/C(c3ccccc3)=C\C=2C)/C(C)=C\C(=C2[CH+][CH+][CH+][CH-][CH-]2)[N-]->41,C24 H24 N6 Ni1 S2,0.0,CSC1=NN2->[Ni+2]34<-N(=C(C)C=C(c5ccccc5)[N-]->31)N=C(SC)[N-]->4C(c1ccccc1)=CC=2C,CSc1nn2->[Ni]34<-n(nc(SC)n->3c(-c3ccccc3)cc2C)c(C)cc(-c2ccccc2)n->41,CSc1nn2->[Ni]34<-n(nc(SC)n->3c(-c3ccccc3)cc2C)c(C)cc(-c2ccccc2)n->41
QUCBEX,Cc1cc(C)c(C)c(B2(c3n(C)cc[n+]3C)->[Cu+](<-[Cl-])<-[B-]2(=C2N(C)C=CN2C)c2c(C)c(C)cc(C)c2C)c1C,C30 H42 B2 Cl1 Cu1 N4,0.0,Cc1cc(C)c(C)c([B-]2([C]3N(C)C=CN3C)->[Cu+3](<-[Cl-])<-[B-]=2([C]2N(C)C=CN2C)c2c(C)c(C)cc(C)c2C)c1C,Cc1cc(C)c(C)c(B2(c3n(C)cc[n+]3C)->[Cu+](<-[Cl-])<-[B-]2(=C2N(C)C=CN2C)c2c(C)c(C)cc(C)c2C)c1C,Cc1cc(C)c(C)c(B2(c3n(C)cc[n+]3C)->[Cu+](<-[Cl-])<-[B-]2(=C2N(C)C=CN2C)c2c(C)c(C)cc(C)c2C)c1C
QUDJII,Cc1cc(C)c([N-2]->[W+6]2345(<-[N-2]c6c(C)cc(C)cc6C)(<-c6c->2c->3[cH-]->4c->56)<-[cH-]2cccc2)c(C)c1,C28 H32 N2 W1,0.0,Cc1cc(C)c([N-2]->[W+6]2345(<-[N-2]c6c(C)cc(C)cc6C)(<-c6c->2c->3[cH-]->4c->56)<-[cH-]2cccc2)c(C)c1,Cc1cc(C)c([N-2]->[W+6]2345(<-[N-2]c6c(C)cc(C)cc6C)(<-c6c->2c->3[cH-]->4c->56)<-[cH-]2cccc2)c(C)c1,Cc1cc(C)c([N-2]->[W+6]2345(<-[N-2]c6c(C)cc(C)cc6C)(<-c6c->2c->3[cH-]->4c->56)<-[cH-]2cccc2)c(C)c1
QUGJEI,,C28 H28 O1 Pt1,0.0,Cc12->[Pt+2]345(<-[C-]#[O+])(<-[CH-]=CC6C(c7ccccc7)=C6c6ccccc6)<-c1(C)c->3(C)[c-]->4(C)c->52C,Cc12->[Pt+2]345(<-[C-]#[O+])(<-[CH-]=CC6C(c7ccccc7)=C6c6ccccc6)<-c1(C)c->3(C)[c-]->4(C)c->52C,Cc12->[Pt+2]345(<-[C-]#[O+])(<-[CH-]=CC6C(c7ccccc7)=C6c6ccccc6)<-c1(C)c->3(C)[c-]->4(C)c->52C
QUGQEP,CCN(CC)C1/N=C(/c2ccccc2)[N-]2/N=C(\[O-]->[Re+5]<-23(<-[O-2])(<-[O-]/C(=N\C(=S->3)N2CCOCC2)c2ccccc2)<-S=1)c1ccccc1,C31 H33 N6 O4 Re1 S2,0.0,CCN(CC)C1=NC(c2ccccc2)=N2N=C([O-]->[Re+5]<-23(<-[O-2])(<-O=C(N=C([S-]->3)N2CCOCC2)c2ccccc2)<-[S-]1)c1ccccc1,CCN(CC)C1N=C(c2ccccc2)[N-]2N=C([O-]->[Re+5]<-23(<-[O-2])(<-[O-]C(=NC(=S->3)N2CCOCC2)c2ccccc2)<-S=1)c1ccccc1,CCN(CC)C1N=C(c2ccccc2)[N-]2N=C([O-]->[Re+5]<-23(<-[O-2])(<-[O-]C(=NC(=S->3)N2CCOCC2)c2ccccc2)<-S=1)c1ccccc1
QUJBUU,,C27 H32 N2 O2 Pd1 S1,0.0,CC(C)(C)c1cc2[N-]3c4ccccc4S4(=O)CCc5ccccn5->[Pd+2]<-3<-4<-[O-]c2c(C(C)(C)C)c1,CC(C)(C)C1=CC2=N3c4ccccc4S4(=O)CCc5ccccn5->[Pd]<-3<-4<-O=C2C(C(C)(C)C)=C1,CC(C)(C)C1=CC2=N3c4ccccc4S4(=O)CCc5ccccn5->[Pd]<-3<-4<-O=C2C(C(C)(C)C)=C1
QULQEV,Cc1ccc(C)n1NC(=O)c1ccn(->[Hg+2](<-[Cl-])(<-[Cl-])<-n2ccc(C(=O)Nn3c(C)ccc3C)cc2)cc1,C24 H26 Cl2 Hg1 N6 O2,0.0,Cc1ccc(C)n1NC(=O)c1ccn(->[Hg+2](<-[Cl-])(<-[Cl-])<-n2ccc(C(=O)Nn3c(C)ccc3C)cc2)cc1,Cc1ccc(C)n1NC(=O)c1ccn(->[Hg+2](<-[Cl-])(<-[Cl-])<-n2ccc(C(=O)Nn3c(C)ccc3C)cc2)cc1,Cc1ccc(C)n1NC(=O)c1ccncc1.Cc1ccc(C)n1NC(=O)c1ccncc1.[Cl-]->[Hg+2]<-[Cl-]
QUMXEB,,C35 H46 N1 P1 Ti1,0.0,CC(C)(C)P(=[N-]->[Ti+4]1234(<-c5c->1c->2[cH-]->3c->45)(<-[cH-]1ccc2ccccc21)<-[cH-]1ccc2ccccc21)(C(C)(C)C)C(C)(C)C,CC(C)(C)P(=[N-]->[Ti+4]1234(<-c5c->1c->2[cH-]->3c->45)(<-[cH-]1ccc2ccccc21)<-[cH-]1ccc2ccccc21)(C(C)(C)C)C(C)(C)C,CC(C)(C)P(=[N-]->[Ti+4]1234(<-c5c->1c->2[cH-]->3c->45)(<-[cH-]1ccc2ccccc21)<-[cH-]1ccc2ccccc21)(C(C)(C)C)C(C)(C)C
QUPVUS,C1=C/C2=C/N3=N/C(SCc4ccccc4)=S->[Zn+2]<-345(<-S=C(/N=N->4/C=C3/C=CC=C[N-]->53)SCc3ccccc3)<-[N-]2C=C1,C28 H24 N6 S4 Zn1,0.0,C1c2ccccn2->[Zn+2]234(<-[S-]C(=NN->2=1)SCc1ccccc1)<-[S-]C(=NN->3=Cc1ccccn->41)SCc1ccccc1,C1=CC2=CN3=NC(SCc4ccccc4)=S->[Zn+2]<-345(<-S=C(N=N->4C=C3C=CC=C[N-]->53)SCc3ccccc3)<-[N-]2C=C1,C1=CC2=CN3=NC(SCc4ccccc4)=S->[Zn+2]<-345(<-S=C(N=N->4C=C3C=CC=C[N-]->53)SCc3ccccc3)<-[N-]2C=C1
QUQYAC,C1=Cc2c3c4ccccc4c4ccc5c6ccccc6c6c7n8->[Ni@SP2+2]9(<-n2c1c(-c1ccccc1)c1ccc(c(-c2ccccc2)c8C=C7)[n-]->91)<-[n-]1c3c4c5c61,C48 H26 N4 Ni1,0.0,C1=Cc2c3c4ccccc4c4ccc5c6ccccc6c6c7n8->[Ni+2]9(<-n2c1c(-c1ccccc1)c1ccc(c(-c2ccccc2)c8C=C7)[n-]->91)<-[n-]1c3c4c5c61,c1ccc(-c2c3ccc4c(-c5ccccc5)c5ccc6c7c8ccccc8c8ccc9c%10ccccc%10c%10c%11ccc2[n-]%11->[Ni+4](<-[n-]34)(<-[n-]56)<-[n-]2c%10c9c8c72)cc1,C1=Cc2c(-c3ccccc3)c3ccc4c5c6ccccc6c6ccc7c8ccccc8c8c9c7c6c5n9->[Ni+2]5(<-n2c1c(-c1ccccc1)c1ccc8[n-]->51)<-[n-]34
QUSJAQ,CC1(C)CO/C2=C3\C=CC=CC3=S->[Fe+2]3(<-S=C4C=CC=C/C4=C4\OCC(C)(C)[N-]->34)<-[N-]21,C22 H24 Fe1 N2 O2 S2,0.0,fail,CC1(C)COC2=C3C=CC=CC3=S->[Fe+2]3(<-S=C4C=CC=CC4=C4OCC(C)(C)[N-]->34)<-[N-]21,CC1(C)COC2=C3C=CC=CC3=S->[Fe+2]3(<-S=C4C=CC=CC4=C4OCC(C)(C)[N-]->34)<-[N-]21
QUSVUV,CC(C)(C)[N-2]->[Ta+5]12345678(<-c9c->1c->2[cH-]->3c->49)(<-c1c->5c->6[cH-]->7c->81)<-[cH-]1cccc1,C19 H24 N1 Ta1,0.0,CC(C)(C)[N-2]->[Ta+5]12345678(<-c9c->1c->2[cH-]->3c->49)(<-c1c->5c->6[cH-]->7c->81)<-[cH-]1cccc1,CC(C)(C)[N-2]->[Ta+5]12345678(<-c9c->1c->2[cH-]->3c->49)(<-c1c->5c->6[cH-]->7c->81)<-[cH-]1cccc1,CC(C)(C)[N-2]->[Ta+5](<-[cH-]1cccc1)(<-[cH-]1cccc1)<-[cH-]1cccc1
QUVQUU,S=c1sc2ccccc2n1/C1[S-]->[Co+3]2345(<-[S-]/C=1c1ccccc1)<-c1c->2c->3[cH-]->4c->51,C20 H14 Co1 N1 S4,0.0,fail,S=c1sc2ccccc2n1C1=S->[Co+]2345(<-S=C1c1ccccc1)<-c1c->2c->3[cH-]->4c->51,S=c1sc2ccccc2n1C1=S->[Co+]2345(<-S=C1c1ccccc1)<-c1c->2c->3[cH-]->4c->51
QUWPEE,CN[C](c1ccccc1)->[Cr](<-[C-]#[O+])(<-[C-]#[O+])(<-[C-]#[O+])(<-[C-]#[O+])<-[C-]#[O+],C13 H9 Cr1 N1 O5,0.0,CN[C](c1ccccc1)->[Cr](<-[C-]#[O+])(<-[C-]#[O+])(<-[C-]#[O+])(<-[C-]#[O+])<-[C-]#[O+],CN[C](c1ccccc1)->[Cr](<-[C-]#[O+])(<-[C-]#[O+])(<-[C-]#[O+])(<-[C-]#[O+])<-[C-]#[O+],CN[C](c1ccccc1)->[Cr](<-[C-]#[O+])(<-[C-]#[O+])(<-[C-]#[O+])(<-[C-]#[O+])<-[C-]#[O+]
QUYHOJ,[Cl-]->[Pd+2]1(<-S2CCSCCS->1CC2)<-P12CN3CN(CN(C3)C1)C2,C12 H24 Cl1 N3 P1 Pd1 S3 1+,1.0,[Cl-]->[Pd+2]12(<-S3CCS->1CCS->2CC3)<-P12CN3CN(CN(C3)C1)C2,[Cl-]->[Pd+2]12(<-S3CCS->1CCS->2CC3)<-P12CN3CN(CN(C3)C1)C2,[Cl-]->[Pd+2]12(<-S3CCS->1CCS->2CC3)<-P12CN3CN(CN(C3)C1)C2
RABCUU,,C34 H29 Cd1 Cl1 N9 O6 1+,1.0,[O-][n+]1ccc(-c2cc[n+]([O-]->[Cd+]345(<-[O-][Cl+3]([O-])([O-])[O-])<-n6c(CN->3(Cc3[nH]c7ccccc7n->43)Cc3[nH]c4ccccc4n->53)[nH]c3ccccc36)cc2)cc1,[O-2].[O-2].[O-2].[O-]Cl.[O-]N1C=CC(=C2C=CN([O-]->[Cd+10]34<-n5c([nH]c6ccccc65)CN(Cc5[nH]c6ccccc6n->35)Cc3[nH]c5ccccc5n->43)C=C2)C=C1,[O-2].[O-2]->[Cd+10]12(<-[O-2])(<-[O-]N3C=CC(=C4C=CN([O-])C=C4)C=C3)<-n3c([nH]c4ccccc43)CN(Cc3[nH]c4ccccc4n->13)Cc1[nH]c3ccccc3n->21.[O-]Cl
RABYEB,COC(=O)C1/C(c2ccccc2)=[C-](/c2ccccc2)->[Ir+3]234(<-C=C->2)(<-[C-]=1\C(=O)OC)<-n1cccn1[BH-](n1cccn->31)n1cccn->41,C31 H30 B1 Ir1 N6 O4,0.0,COC(=O)C1C(c2ccccc2)=[C-](c2ccccc2)->[Ir+3]234(<-C=C->2)(<-[C-]=1C(=O)OC)<-[n-]1ccc[n+]1[BH-]([n+]1ccc[n-]->31)[n+]1ccc[n-]->41,COC(=O)C1C(c2ccccc2)=[C-](c2ccccc2)->[Ir+3]234(<-C=C->2)(<-[C-]=1C(=O)OC)<-n1cccn1[BH-](n1cccn->31)n1cccn->41,COC(=O)C1C(c2ccccc2)=[C-](c2ccccc2)->[Ir+3]234(<-C=C->2)(<-[C-]=1C(=O)OC)<-n1cccn1[BH-](n1cccn->31)n1cccn->41
RACNER,Cc1cc(C)n2->[Ni+2]34(<-[O-]c5ccc6ccccc6n->35)<-n3c(C)cc(C)n3[BH-](n12)n1c(C)cc(C)n->41,C24 H28 B1 N7 Ni1 O1,0.0,Cc1cc(C)[n-]2->[Ni+2]34(<-[O-]c5ccc6ccccc6n->35)<-[n-]3c(C)cc(C)[n+]3[BH-]([n+]12)[n+]1c(C)cc(C)[n-]->41,Cc1cc(C)n2->[Ni+2]34(<-[O-]c5ccc6ccccc6n->35)<-n3c(C)cc(C)n3[BH-](n12)n1c(C)cc(C)n->41,Cc1cc(C)n2->[Ni+2]34(<-[O-]c5ccc6ccccc6n->35)<-n3c(C)cc(C)n3[BH-](n12)n1c(C)cc(C)n->41
RACSEW,[Cl-]->[Ru+4]1(<-[Cl-])(<-[CH-]=c2cccc3ccc4c(c23)[N-]->1C=CC=4)<-[P@TB8](C1CCCCC1)(C1CCCCC1)C1CCCCC1,C32 H42 Cl2 N1 P1 Ru1,0.0,[Cl-]->[Ru+4]1(<-[Cl-])(<-[CH-2]c2cccc3ccc4cccn->1c4c23)<-P(C1CCCCC1)(C1CCCCC1)C1CCCCC1,[Cl-]->[Ru+4]1(<-[Cl-])(<-[CH-]=c2cccc3ccc4c(c23)[N-]->1C=CC=4)<-P(C1CCCCC1)(C1CCCCC1)C1CCCCC1,[Cl-]->[Ru+4]1(<-[Cl-])(<-[CH-]=c2cccc3ccc4c(c23)[N-]->1C=CC=4)<-P(C1CCCCC1)(C1CCCCC1)C1CCCCC1
RADLAJ,C[C@H](c1ccccc1)c1cccc(-c2ccccn2->[Au+3](<-[Cl-])(<-[Cl-])<-[Cl-])n1,C18 H16 Au1 Cl3 N2,0.0,CC(c1ccccc1)c1cccc2-c3ccccn3->[Au+3](<-[Cl-])(<-[Cl-])(<-[Cl-])<-n21,CC(c1ccccc1)c1cccc(-c2ccccn2->[Au+3](<-[Cl-])(<-[Cl-])<-[Cl-])n1,CC(c1ccccc1)c1cccc2-c3ccccn3->[Au+3](<-[Cl-])(<-[Cl-])(<-[Cl-])<-n21
RADTUL,CCC1=C(C)/C2=C/c3c(C)c(C)c(C)[n-]3->[Pd@SP1+2]34<-N2=C1C(=O)C1=N->3/C(=C\c2c(C)c(C)c(C)[n-]->42)C(C)=C1CC,C31 H36 N4 O1 Pd1,0.0,CCC1=C(C)C2=Cc3c(C)c(C)c(C)[n-]3->[Pd+2]34<-N5=C(C)C(C)=C(C)C5=Cc5c(C)c(CC)c(C(=O)C1=N->32)[n-]->45,CCC1=C(C)C2=Cc3c(C)c(C)c(C)[n-]3->[Pd+2]34<-N2=C1C(=O)C1=N->3C(=Cc2c(C)c(C)c(C)[n-]->42)C(C)=C1CC,CCC1=C(C)C2=Cc3c(C)c(C)c(C)[n-]3->[Pd+2]34<-N2=C1C(=O)C1=N->3C(=Cc2c(C)c(C)c(C)[n-]->42)C(C)=C1CC
RAFMOD,COC(=O)[C@@]12[C@@]3(C(=O)OC)C(C)(C)[C-]3(C(=O)OC)->[Pd+2](<-[C-]#[N+]C(C)(C)C)(<-[C-]#[N+]C(C)(C)C)<-[C-]1(C(=O)OC)C2(C)C,C28 H42 N2 O8 Pd1,0.0,COC(=O)C12C3(C(=O)OC)C(C)(C)[C-]3(C(=O)OC)->[Pd+2](<-[C-]#[N+]C(C)(C)C)(<-[C-]#[N+]C(C)(C)C)<-[C-]1(C(=O)OC)C2(C)C,COC(=O)C12C3(C(=O)OC)C(C)(C)[C-]3(C(=O)OC)->[Pd+2](<-[C-]#[N+]C(C)(C)C)(<-[C-]#[N+]C(C)(C)C)<-[C-]1(C(=O)OC)C2(C)C,COC(=O)C12C3(C(=O)OC)C(C)(C)[C-]3(C(=O)OC)->[Pd+2](<-[C-]#[N+]C(C)(C)C)(<-[C-]#[N+]C(C)(C)C)<-[C-]1(C(=O)OC)C2(C)C
RAGHEM,[CH3-]->[Pd+2]1(<-[Cl-])<-n2cccc3c2-c2c(cccn->12)C3,C12 H11 Cl1 N2 Pd1,0.0,[CH3-]->[Pd+2]1(<-[Cl-])<-n2cccc3c2-c2c(cccn->12)C3,[CH3-]->[Pd+2]1(<-[Cl-])<-n2cccc3c2-c2c(cccn->12)C3,[CH3-]->[Pd+2]1(<-[Cl-])<-n2cccc3c2-c2c(cccn->12)C3
RAHTOK,,C30 H48 Ir1 N1 O2 P2,0.0,CC(C)(C)P1(Cc2cccc3CP(C(C)(C)C)(C(C)(C)C)->[IrH+2]<-14(<-[O-][N+](=O)c1cccc[c-]->41)<-[c-]23)C(C)(C)C,CC(C)(C)P1(Cc2cccc3CP(C(C)(C)C)(C(C)(C)C)->[IrH+4]<-14(<-[O-]N([O-])c1cccc[c-]->41)<-[c-]23)C(C)(C)C,CC(C)(C)P1(Cc2cccc3CP(C(C)(C)C)(C(C)(C)C)->[IrH+4]<-14(<-[O-]N([O-])c1cccc[c-]->41)<-[c-]23)C(C)(C)C
RAJRUR,[Cl-]->[Ru+2]123(<-N(=N\c4ccccn->14)/c1ccccc1)<-S1CCS->2CCS->3CC1,C17 H21 Cl1 N3 Ru1 S3 1+,1.0,[Cl-]->[Ru+2]123(<-N(=Nc4ccccn->14)c1ccccc1)<-S1CCS->2CCS->3CC1,[Cl-]->[Ru+4]123(<-[N-](N=c4cccc[n-]->14)c1ccccc1)<-S1CCS->2CCS->3CC1,[Cl-]->[Ru+4]123(<-[N-](N=c4cccc[n-]->14)c1ccccc1)<-S1CCS->2CCS->3CC1
RAKJUL,,C26 H44 La1 N1,0.0,CC(C)[N-](C(C)C)->[La+11]12345678(<-[c-]9(C)[c-]->1(C)[c-]->2(C)[c-]->3(C)[c-]->49C)<-[c-]1(C)[c-]->5(C)[c-]->6(C)[c-]->7(C)[c-]->81C,CC(C)N(C(C)C)[La+2]12345678(<-c9(C)c->1(C)c->2(C)[c-]->3(C)c->49C)<-c1(C)c->5(C)c->6(C)[c-]->7(C)c->81C,CC(C)N(C(C)C)[La+2]12345678(<-c9(C)c->1(C)c->2(C)[c-]->3(C)c->49C)<-c1(C)c->5(C)c->6(C)[c-]->7(C)c->81C
RAKXUZ,,C26 H36 B1 Ir1 O2 P2,0.0,CC(C)P1(c2ccccc2[BH2-]2c3ccccc3P(C(C)C)(C(C)C)->[Ir+]<-2<-1(<-[C-]#[O+])<-[C-]#[O+])C(C)C,CC(C)P1(C2=CC=C[CH-]C2=B2c3ccccc3P(C(C)C)(C(C)C)->[Ir+]<-2<-1(<-[C-]#[O+])<-[C-]#[O+])C(C)C,CC(C)P1(C2=CC=C[CH-]C2=B2c3ccccc3P(C(C)C)(C(C)C)->[Ir+]<-2<-1(<-[C-]#[O+])<-[C-]#[O+])C(C)C
RALLUN,Cc1cc(C)n(->[Cd+2]23(<-[O-][N+](=O)[O-])(<-[O-][N+](=O)[O-]->2)<-N2=C(n4c(C)cc(C)n->34)SCCC2)n1C1=NCCCS1,C18 H26 Cd1 N8 O6 S2,0.0,Cc1cc(C)n2->[Cd+2]345(<-[O-][N+](=O)[O-]->3)(<-[O-][N+](=O)[O-]->4)(<-N3=C(n12)SCCC3)<-N1=C(n2c(C)cc(C)n->52)SCCC1,Cc1cc(C)n2->[Cd+2]34(<-[O-][N+](=O)[O-])(<-[O-][N+](=O)[O-]->3)(<-N3=C(n12)SCCC3)<-N1=C(n2c(C)cc(C)n->42)SCCC1,Cc1cc(C)n(->[Cd+2]2345(<-[O-][N+](=O)[O-]->2)(<-[O-][N+]->3(=O)[O-]->4)<-N2=C(n3c(C)cc(C)n->53)SCCC2)n1C1=NCCCS1
RAMDIU,CCCC[N-]1C(=O)c2cccc3/C(C)=N(/c4c(C)cc(Br)cc4C)->[Pd@TB3+2]<-1(<-[Cl-])<-n23,C20 H23 Br1 Cl1 N3 O1 Pd1,0.0,CCCC[N-]1C(=O)c2cccc3C(C)=N(c4c(C)cc(Br)cc4C)->[Pd+2]<-1(<-[Cl-])<-n23,CCCC[N-]1C(=O)c2cccc3C(C)=N(c4c(C)cc(Br)cc4C)->[Pd+2]<-1(<-[Cl-])<-n23,CCCC[N-]1C(=O)c2cccc3C(C)=N(c4c(C)cc(Br)cc4C)->[Pd+2]<-1(<-[Cl-])<-n23
RAMJOG,CN1(C)[CH-](c2ccccc2)->[Y+3]<-1234567(<-c1ccccc->21[CH-]->3N->4(C)C)<-c1ccccc->51[CH-]->6N->7(C)C,C27 H36 N3 Y1,0.0,fail,CN1(C)[CH-]2c34->[Y+3]<-2<-156789%10(<-c3cccc4)(<-c1ccccc->51[CH-]->6N->7(C)C)<-c1ccccc->81[CH-]->9N->%10(C)C,CN(C)[CH-](c1ccccc1)->[Y+3](<-[CH-](c1ccccc1)N(C)C)<-[CH-](c1ccccc1)N(C)C
RAMROO,COC(=O)C1C=[Si](c2ccccc2)(c2ccccc2)->[Pt](<-[Si]=1(c1ccccc1)c1ccccc1)(<-P(C)(C)C)<-P(C)(C)C,C34 H42 O2 P2 Pt1 Si2,0.0,COC(=O)C1=C[Si-](c2ccccc2)(c2ccccc2)->[Pt+2](<-[Si-]1(c1ccccc1)c1ccccc1)(<-P(C)(C)C)<-P(C)(C)C,COC(=O)C1C=[Si](c2ccccc2)(c2ccccc2)->[Pt](<-[Si]=1(c1ccccc1)c1ccccc1)(<-P(C)(C)C)<-P(C)(C)C,COC(=O)C1C=[Si](c2ccccc2)(c2ccccc2)->[Pt](<-[Si]=1(c1ccccc1)c1ccccc1)(<-P(C)(C)C)<-P(C)(C)C
RANTOP,Cc12->[Zr+4]3456(<-[Cl-])(<-[Cl-])(<-[Cl-])(<-[O-]/C(=C\[P+](c7ccccc7)(c7ccccc7)c7ccccc7)c7sccn->37)<-c1(C)c->4(C)[c-]->5(C)c->62C,C33 H33 Cl3 N1 O1 P1 S1 Zr1,0.0,Cc12->[Zr+4]3456(<-[Cl-])(<-[Cl-])(<-[Cl-])(<-O=C(C=P(c7ccccc7)(c7ccccc7)c7ccccc7)c7sccn->37)<-c1(C)c->4(C)[c-]->5(C)c->62C,Cc12->[Zr+4]3456(<-[Cl-])(<-[Cl-])(<-[Cl-])(<-[O-]C(=C[P+](c7ccccc7)(c7ccccc7)c7ccccc7)c7sccn->37)<-c1(C)c->4(C)[c-]->5(C)c->62C,Cc12->[Zr+4]3456(<-[Cl-])(<-[Cl-])(<-[Cl-])(<-[O-]C(=C[P+](c7ccccc7)(c7ccccc7)c7ccccc7)c7sccn->37)<-c1(C)c->4(C)[c-]->5(C)c->62C
RAPLAX,CN1(C)Cc2ccccn2->[Ru+2]<-12(<-[Cl-])(<-[Cl-])<-P(CCCC[P@TB12]->2(c1ccccc1)c1ccccc1)(c1ccccc1)c1ccccc1,C36 H40 Cl2 N2 P2 Ru1,0.0,CN1(C)Cc2ccccn2->[Ru+2]<-12(<-[Cl-])(<-[Cl-])<-P(CCCCP->2(c1ccccc1)c1ccccc1)(c1ccccc1)c1ccccc1,CN1(C)Cc2ccccn2->[Ru+2]<-12(<-[Cl-])(<-[Cl-])<-P(CCCCP->2(c1ccccc1)c1ccccc1)(c1ccccc1)c1ccccc1,CN1(C)Cc2ccccn2->[Ru+2]<-12(<-[Cl-])(<-[Cl-])<-P(CCCCP->2(c1ccccc1)c1ccccc1)(c1ccccc1)c1ccccc1
RAQJEZ,CCOP1(OCC)=O->[Pt@+2](<-[CH3-])(<-[Cl-])<-P(c2ccccc2)(c2ccccc2)[C@@H]1c1ccccc1,C24 H29 Cl1 O3 P2 Pt1,0.0,CCOP1(OCC)=O->[Pt+2](<-[CH3-])(<-[Cl-])<-P(c2ccccc2)(c2ccccc2)C1c1ccccc1,CCOP1(OCC)=O->[Pt+2](<-[CH3-])(<-[Cl-])<-P(c2ccccc2)(c2ccccc2)C1c1ccccc1,CCOP1(OCC)=O->[Pt+2](<-[CH3-])(<-[Cl-])<-P(c2ccccc2)(c2ccccc2)C1c1ccccc1
RAQXIQ,C=C1=C2([C-](=C=[C-][Si](C)(C)C)->[Ti+4]<-1<-23456789%10(<-c1(C)c->3(C)c->4(C)[c-]->5(C)c->61C)<-c1(C)c->7(C)c->8(C)[c-]->9(C)c->%101C)[Si](C)(C)C,C32 H50 Si2 Ti1,0.0,C=[C-]1C(=[C-](C#C[Si](C)(C)C)->[Ti+4]<-123456789(<-c1(C)c->2(C)c->3(C)[c-]->4(C)c->51C)<-c1(C)c->6(C)c->7(C)[c-]->8(C)c->91C)[Si](C)(C)C,C=[C-]1C(=[C-](C#C[Si](C)(C)C)->[Ti+4]<-123456789(<-c1(C)c->2(C)c->3(C)[c-]->4(C)c->51C)<-c1(C)c->6(C)c->7(C)[c-]->8(C)c->91C)[Si](C)(C)C,C=[C-]1C(=[C-](C#C[Si](C)(C)C)->[Ti+4]<-123456789(<-c1(C)c->2(C)c->3(C)[c-]->4(C)c->51C)<-c1(C)c->6(C)c->7(C)[c-]->8(C)c->91C)[Si](C)(C)C
RARPEG,CO[C]([C@@H]1[C@@H](c2ccccc2)[C@@]1(c1ccccc1)[C@@H](O)c1ccccc1)->[W](<-[C-]#[O+])(<-[C-]#[O+])(<-[C-]#[O+])(<-[C-]#[O+])<-[C-]#[O+],C29 H22 O7 W1,0.0,CO[C-2](C1C(c2ccccc2)C1(c1ccccc1)C(O)c1ccccc1)->[W+2](<-[C-]#[O+])(<-[C-]#[O+])(<-[C-]#[O+])(<-[C-]#[O+])<-[C-]#[O+],CO[C](C1C(c2ccccc2)C1(c1ccccc1)C(O)c1ccccc1)->[W](<-[C-]#[O+])(<-[C-]#[O+])(<-[C-]#[O+])(<-[C-]#[O+])<-[C-]#[O+],CO[C](C1C(c2ccccc2)C1(c1ccccc1)C(O)c1ccccc1)->[W](<-[C-]#[O+])(<-[C-]#[O+])(<-[C-]#[O+])(<-[C-]#[O+])<-[C-]#[O+]
RASLII,Cc1cc(C)n2->[Cu+]<-n3c(C)cc(C)n3CN3CN(Cn12)c1cccc2cccc3c12,C23 H26 Cu1 N6 1+,1.0,Cc1cc(C)n2->[Cu+]<-n3c(C)cc(C)n3CN3CN(Cn12)c1cccc2cccc3c12,Cc1cc(C)n2->[Cu+]<-n3c(C)cc(C)n3CN3CN(Cn12)c1cccc2cccc3c12,Cc1cc(C)n2->[Cu+]3<-n4c(C)cc(C)n4CN->34CN(Cn12)c1cccc2cccc4c12
RATFAV,,C14 H10 N2 Ni1 S4,0.0,C1[S-]->[Ni+4]2(<-[S-]C=C([S-]->2)c2ccncc2)<-[S-]C=1c1ccncc1,C1=S->[Ni]2(<-S=CC(=S->2)c2ccncc2)<-S=C1c1ccncc1,C1=S->[Ni]2(<-S=CC(=S->2)c2ccncc2)<-S=C1c1ccncc1
RATVIS,CS(C)(=O)->[Pt@OH23+2]1(<-[Cl-])<-[c-]2[nH]c3ccccc3c2Cn2cccn->12,C14 H16 Cl1 N3 O1 Pt1 S1,0.0,CS(C)(=O)->[Pt+]1(<-[Cl-])<-[c]2[nH]c3ccccc3c2Cn2cccn->12,CS(C)(=O)->[Pt+2]1(<-[Cl-])<-[c-]2[nH]c3ccccc3c2Cn2cccn->12,CS(C)(=O)->[Pt+2]1(<-[Cl-])<-[c-]2[nH]c3ccccc3c2Cn2cccn->12
RAWJIL,COC(=O)/C1Oc23->[Mo+6]4567(<-[O-2])(<-[C-]=1\C(=O)OC)(<-[C-](/C(=O)OC)=[C-]->4/C(=O)OC)<-c2(-c1ccccc1)c->5(-c1ccccc1)[c-]->6(-c1ccccc1)c->73-c1ccccc1,C41 H32 Mo1 O10,0.0,COC(=O)C1O[c-]23->[Mo+4]4567(<-[O-2])(<-C(C(=O)OC)#C->4C(=O)OC)(<-[C-]=1C(=O)OC)<-c(-c1ccccc1)(c->5(-c1ccccc1)c->62-c1ccccc1)c->73-c1ccccc1,COC(=O)C1Oc23->[Mo+6]4567(<-[O-2])(<-[C-]=1C(=O)OC)(<-[C-](C(=O)OC)=[C-]->4C(=O)OC)<-c2(-c1ccccc1)c->5(-c1ccccc1)[c-]->6(-c1ccccc1)c->73-c1ccccc1,COC(=O)C1Oc23->[Mo+6]4567(<-[O-2])(<-[C-]=1C(=O)OC)(<-[C-](C(=O)OC)=[C-]->4C(=O)OC)<-c2(-c1ccccc1)c->5(-c1ccccc1)[c-]->6(-c1ccccc1)c->73-c1ccccc1
RAWSUD,[Cl-]->[Ru+4]12(<-[C-3][CH+]c3ccccc3)(<-n3cccn3[BH-](n3cccn->13)n1cccn->21)<-P(c1ccccc1)(c1ccccc1)c1ccccc1,C35 H31 B1 Cl1 N6 P1 Ru1,0.0,[Cl-]->[Ru+4]12(<-[C-2]=Cc3ccccc3)(<-[n-]3ccc[n+]3[BH-]([n+]3ccc[n-]->13)[n+]1ccc[n-]->21)<-P(c1ccccc1)(c1ccccc1)c1ccccc1,[Cl-]->[Ru+2]12(<-[C]=Cc3ccccc3)(<-n3cccn3[BH-](n3cccn->13)n1cccn->21)<-P(c1ccccc1)(c1ccccc1)c1ccccc1,[Cl-]->[Ru+2]12(<-[C]=Cc3ccccc3)(<-n3cccn3[BH-](n3cccn->13)n1cccn->21)<-P(c1ccccc1)(c1ccccc1)c1ccccc1
RAXZEV,C1=C/C2=C/[N-]3CC4=N5->[Ni@SP2+2]<-3(<-N2=C1)<-[n-]1cccc1/C=C\5C=C4,C15 H12 N4 Ni1,0.0,C1=CC2=Cc3ccc4CN5=Cc6ccc[n-]6->[Ni+2]<-5(<-N2=C1)<-[n-]34,C1=CC2=C[N-]3CC4=N5->[Ni+2]<-3(<-N2=C1)<-[n-]1cccc1C=C5C=C4,C1=CC2=C[N-]3CC4=N5->[Ni+2]<-3(<-N2=C1)<-[n-]1cccc1C=C5C=C4
RAYGAA,[H]/C=C/CC12[CH2-]->[Zr+4]<-13456789%10(<-[CH2-]2)(<-c1(C)c->3(C)c->4(C)[c-]->5(C)c->61C)<-c1(C)c->7(C)c->8(C)[c-]->9(C)c->%101C,C26 H40 Zr1,0.0,C=CCC1[CH2-]->[Zr+4]23456789(<-[CH2-]1)(<-c1(C)c->2(C)c->3(C)[c-]->4(C)c->51C)<-c1(C)c->6(C)c->7(C)[c-]->8(C)c->91C,C=CCC1[CH2-]->[Zr+4]23456789(<-[CH2-]1)(<-c1(C)c->2(C)c->3(C)[c-]->4(C)c->51C)<-c1(C)c->6(C)c->7(C)[c-]->8(C)c->91C,C=CCC1[CH2-]->[Zr+4]23456789(<-[CH2-]1)(<-c1(C)c->2(C)c->3(C)[c-]->4(C)c->51C)<-c1(C)c->6(C)c->7(C)[c-]->8(C)c->91C
RAYVIZ,,C26 H51 N3 Os1 P2,0.0,CC(C)P(C(C)C)(C(C)C)->[OsH3+]1(<-n2ccccc2-c2ccn[n-]->12)<-P(C(C)C)(C(C)C)C(C)C,CC(C)P(C(C)C)(C(C)C)->[OsH3+]1(<-N2=NC=CC2=C2C=CC=C[N-]->12)<-P(C(C)C)(C(C)C)C(C)C,CC(C)P(C(C)C)(C(C)C)->[OsH3+]1(<-N2=NC=CC2=C2C=CC=C[N-]->12)<-P(C(C)C)(C(C)C)C(C)C
RAZDEC,[BH3-][P+](/C=C\P(c1ccccc1)(c1ccccc1)->[Ru+2]12345(<-[Cl-])(<-[Cl-])<-c6c->1c->2(C(C)C)c->3c->4c->56C)(c1ccccc1)c1ccccc1,C36 H39 B1 Cl2 P2 Ru1,0.0,[BH3-][P](C=CP(c1ccccc1)(c1ccccc1)->[Ru+3]12345(<-[Cl-])(<-[Cl-])<-c6c->1c->2(C(C)C)c->3c->4c->56C)(c1ccccc1)c1ccccc1,[BH3-][P+](C=CP(c1ccccc1)(c1ccccc1)->[Ru+2]12345(<-[Cl-])(<-[Cl-])<-c6c->1c->2(C(C)C)c->3c->4c->56C)(c1ccccc1)c1ccccc1,[BH3-][P+](C=CP(c1ccccc1)(c1ccccc1)->[Ru+2]12345(<-[Cl-])(<-[Cl-])<-c6c->1c->2(C(C)C)c->3c->4c->56C)(c1ccccc1)c1ccccc1
RAZFUU,,C27 H30 N2 O2 Pd1,0.0,CC(=O)[O-]->[Pd+2]12<-[c-]3ccccc3-c3cccc(C(C)=N->1c1c(C(C)C)cccc1C(C)C)n->23,CC(=O)[O-]->[Pd+2]12<-[c-]3ccccc3-c3cccc(C(C)=N->1c1c(C(C)C)cccc1C(C)C)n->23,CC1=O->[Pd+2]23(<-[O-]1)<-[c-]1ccccc1-c1cccc(C(C)=N->2c2c(C(C)C)cccc2C(C)C)n->31
REBQIY,O=c1sc2c(s1)S1->[Ag+]3(<-S2CCSCC1)<-S1CCSCCS->3c2sc(=O)sc21,C14 H16 Ag1 O2 S10 1+,1.0,O=c1sc2c(s1)S1->[Ag+]345(<-S(CCS->32)CC1)<-S1CCS->4c2sc(=O)sc2S->5CC1,O=c1sc2c(s1)S1->[Ag+]345(<-S(CCS->32)CC1)<-S1CCS->4c2sc(=O)sc2S->5CC1,O=c1sc2c(s1)S1->[Ag+]345(<-S(CCS->32)CC1)<-S1CCS->4c2sc(=O)sc2S->5CC1
RECCEK,,C14 H15 F3 Ir1 N1 O1 S1,0.0,FC(F)(F)C1=Cc2sccn2->[Ir+]234(<-[O-]1)<-C1=C->2CCC->3=C->4CC1,FC(F)(F)C1=Cc2sccn2->[Ir+]234(<-[O-]1)<-C1=C->2CCC->3=C->4CC1,FC(F)(F)C1=Cc2sccn2->[Ir+]234(<-[O-]1)<-C1=C->2CCC->3=C->4CC1
RECSUP,Cc1cc(C)c(N2CCN(c3c(C)cc(C)cc3C)[C]2->[Ru+4]2(<-[Cl-])(<-[Cl-])<-[CH-]=c3ccc4c(c3Br->2)C=C[CH-]C=4)c(C)c1,C32 H33 Br1 Cl2 N2 Ru1,0.0,Cc1cc(C)c(N2CCN(c3c(C)cc(C)cc3C)[C]2->[Ru+4]2(<-[Cl-])(<-[Cl-])<-[CH-2]c3ccc4ccccc4c3Br->2)c(C)c1,Cc1cc(C)c(N2CCN(c3c(C)cc(C)cc3C)[C]2->[Ru+4](<-[Cl-])(<-[Cl-])(<-[Br-])<-[CH]c2[c-]c3ccccc3cc2)c(C)c1,Cc1cc(C)c(N2CCN(c3c(C)cc(C)cc3C)[C]2->[Ru+4](<-[Cl-])(<-[Cl-])(<-[Br-])<-[CH]c2[c-]c3ccccc3cc2)c(C)c1
REDLAQ,CC1=CC(=O)/C(=C(/C)[N-](NC(=O)c2ccccc2N)->[Ni@SP1+2]23<-O=C(N/N->2=C(\C)c2c([O-]->3)cc(C)oc2=O)c2ccccc2N)C(=O)O1,C30 H28 N6 Ni1 O8,0.0,CC1c2c([O-]->[Ni+2]345(<-O=C(NN->3=1)c1ccccc1N)<-O=C(NN->4=C(C)c1c([O-]->5)cc(C)oc1=O)c1ccccc1N)cc(C)oc2=O,CC1c2c([O-]->[Ni+2]345(<-O=C(NN->3=1)c1ccccc1N)<-O=C(NN->4=C(C)c1c([O-]->5)cc(C)oc1=O)c1ccccc1N)cc(C)oc2=O,CC1c2c([O-]->[Ni+2]34(<-O=C(NN->3=C(C)c3c([O-]->4)cc(C)oc3=O)c3ccccc3N)<-N=1NC(=O)c1ccccc1N)cc(C)oc2=O
REDYUU,CP(C)(c1ccccc1)->[Pt+2](<-[Cl-])(<-[Cl-])<-P(NP(=O)(c1ccccc1)c1ccccc1)(c1ccccc1)c1ccccc1,C32 H32 Cl2 N1 O1 P3 Pt1,0.0,CP(C)(c1ccccc1)->[Pt+2](<-[Cl-])(<-[Cl-])<-P(NP(=O)(c1ccccc1)c1ccccc1)(c1ccccc1)c1ccccc1,CP(C)(c1ccccc1)->[Pt+2](<-[Cl-])(<-[Cl-])<-P(NP(=O)(c1ccccc1)c1ccccc1)(c1ccccc1)c1ccccc1,CP(C)(c1ccccc1)->[Pt+2](<-[Cl-])(<-[Cl-])<-P(NP(=O)(c1ccccc1)c1ccccc1)(c1ccccc1)c1ccccc1
REFTOO,Cc1cc(C)c(-n2nnn[c-]2->[Au+3](<-[Cl-])(<-[Cl-])<-[Cl-])c(C)c1,C10 H11 Au1 Cl3 N4 1-,-1.0,Cc1cc(C)c(-n2nnn[c]2->[Au+2](<-[Cl-])(<-[Cl-])<-[Cl-])c(C)c1,Cc1cc(C)c(-n2nnn[c-]2->[Au+3](<-[Cl-])(<-[Cl-])<-[Cl-])c(C)c1,Cc1cc(C)c(-n2nnn[c-]2->[Au+3](<-[Cl-])(<-[Cl-])<-[Cl-])c(C)c1
REHKUL,,C18 H16 N6 Ni1 O6 S1,0.0,O=S(=O)([O-])[O-]->[Ni+2]12(<-O)(<-O)<-n3ccccc3-c3nc(-c4ccccn4)nc(-c4ccccn->14)n->23,O=S(=O)([O-])[O-]->[Ni+2]12(<-O)(<-O)<-n3ccccc3-c3nc(-c4ccccn4)nc(-c4ccccn->14)n->23,O.[O+]#S1([O-])OC23N=C(c4ccccn4)N=C4c5ccccn5->[Ni+2](<-O)(<-[O-]1)(<-n1ccccc12)<-[N-]43
REJQOM,CC#N->[Ir+3]12(<-N#CC)(<-[Se-][Se][Se][Se-]->1)<-[Se-][Se][Se][Se-]->2,C4 H6 Ir1 N2 Se8 1-,-1.0,CC#N->[Ir+4]12(<-N#CC)(<-[Se-][Se][Se][Se-]->1)<-[Se-][Se][Se-][Se-]->2,CC#N->[Ir+3]12(<-N#CC)(<-[Se-][Se][Se][Se-]->1)<-[Se-][Se][Se][Se-]->2,CC#N->[Ir+3]12(<-N#CC)(<-[Se-][Se][Se][Se-]->1)<-[Se-][Se][Se][Se-]->2
REKTAD,,C16 H11 Cr1 N5 O5,0.0,CC1=C(C)C(=O)c2nn(N=Cc34->[Cr+2]567(<-[C-]#[O+])(<-[C-]#[O+])(<-[N-]=O)<-c(c->5[cH-]->63)c->74)nc2C1=O,CC1=C(C)C(=O)c2nn(N=C[C-]34->[Cr+4]567(<-[C-]#[O+])(<-[C-]#[O+])(<-[N-]=O)<-C(=C->5[CH-]->63)[CH-]->74)nc2C1=O,CC1=C(C)C(=O)c2nn(N=C[C-]34->[Cr+4]567(<-[C-]#[O+])(<-[C-]#[O+])(<-[N-]=O)<-C(=C->5[CH-]->63)[CH-]->74)nc2C1=O
RELCOA,,C23 H43 O1 P4 W1 1+,1.0,Cc1cc(C)c([C-3]->[W+4]23(<-[C-]#[O+])(<-P(C)(C)CCP->2(C)C)<-P(C)(C)CCP->3(C)C)c(C)c1,C[c+]1[cH-][c+](C)[c-]([C-3]->[W+4]23(<-[C-]#[O+])(<-P(C)(C)CCP->2(C)C)<-P(C)(C)CCP->3(C)C)[c+](C)[cH-]1,C[c+]1[cH-][c+](C)[c-]([C-3]->[W+4]23(<-[C-]#[O+])(<-P(C)(C)CCP->2(C)C)<-P(C)(C)CCP->3(C)C)[c+](C)[cH-]1
REMJOI,CC1/C=[C-](/c2ccccc2)->[Co+3]2345(<-c6c->2c->3[cH-]->4c->56)(<-N=1\C)<-P(C)(C)c1ccccc1,C24 H28 Co1 N1 P1 1+,1.0,CC1C=[C-](c2ccccc2)->[Co+3]2345(<-c6c->2c->3[cH-]->4c->56)(<-N=1C)<-P(C)(C)c1ccccc1,CC1C=[C-](c2ccccc2)->[Co+3]2345(<-c6c->2c->3[cH-]->4c->56)(<-N=1C)<-P(C)(C)c1ccccc1,CC1C=[C-](c2ccccc2)->[Co+3]2345(<-c6c->2c->3[cH-]->4c->56)(<-N=1C)<-P(C)(C)c1ccccc1
RENJIE,,C24 H32 N7 Ni1 O5 1+,1.0,CC1(C)[N+]([O])=C2c3ccccn3->[Ni+2]34(<-[O-][N+](=O)[O-]->3)(<-n3ccccc3C3=[N+]([O])C(C)(C)C(C)(C)[N-]->43)<-[N-]2C1(C)C,CC1(C)N([O-])C2c3ccccn3->[Ni+4]34(<-[O-][N+](=O)[O-]->3)(<-N=2C1(C)C)<-N1=C(c2ccccn->42)N([O-])C(C)(C)C1(C)C,CC1(C)N([O-])C2c3ccccn3->[Ni+4]3(<-[O-][N+](=O)[O-])(<-N=2C1(C)C)<-N1=C(c2ccccn->32)N([O-])C(C)(C)C1(C)C
REPWAM,CN1(C)c2ccccc2P(c2ccccc2)(c2ccccc2)->[Ru+2]<-1(<-O)(<-[Cl-])(<-[Cl-])<-[P@TB5](c1ccccc1)(c1ccccc1)c1ccccc1,C38 H37 Cl2 N1 O1 P2 Ru1,0.0,CN1(C)c2ccccc2P(c2ccccc2)(c2ccccc2)->[Ru+2]<-1(<-O)(<-[Cl-])(<-[Cl-])<-P(c1ccccc1)(c1ccccc1)c1ccccc1,CN1(C)c2ccccc2P(c2ccccc2)(c2ccccc2)->[Ru+2]<-1(<-O)(<-[Cl-])(<-[Cl-])<-P(c1ccccc1)(c1ccccc1)c1ccccc1,CN1(C)c2ccccc2P(c2ccccc2)(c2ccccc2)->[Ru+2]<-1(<-O)(<-[Cl-])(<-[Cl-])<-P(c1ccccc1)(c1ccccc1)c1ccccc1
REQTEM,C1\c2ccccc2[O-]->[Zn@@+2]23<-NCCN(CC\N->2=1)Cc1ccccn->31,C17 H21 N4 O1 Zn1 1+,1.0,C1c2ccccc2[O-]->[Zn+2]234<-NCCN->2(CCN->3=1)Cc1ccccn->41,C1c2ccccc2[O-]->[Zn+2]234<-NCCN->2(CCN->3=1)Cc1ccccn->41,C1c2ccccc2[O-]->[Zn+2]234<-NCCN->2(CCN->3=1)Cc1ccccn->41
RERJOO,CN1(C)c2ccccc2P(c2ccccc2)(c2ccccc2)->[Rh+3]<-12(<-[Cl-])(<-[O-][O-]->2)<-[P@TB5](c1ccccc1)(c1ccccc1)c1ccccc1,C38 H35 Cl1 N1 O2 P2 Rh1,0.0,CN1(C)c2ccccc2P(c2ccccc2)(c2ccccc2)->[Rh+3]<-12(<-[Cl-])(<-[O-][O-]->2)<-P(c1ccccc1)(c1ccccc1)c1ccccc1,CN1(C)c2ccccc2P(c2ccccc2)(c2ccccc2)->[Rh+3]<-12(<-[Cl-])(<-[O-][O-]->2)<-P(c1ccccc1)(c1ccccc1)c1ccccc1,CN1(C)c2ccccc2P(c2ccccc2)(c2ccccc2)->[Rh+3]<-12(<-[Cl-])(<-[O-][O-]->2)<-P(c1ccccc1)(c1ccccc1)c1ccccc1
RESQAK,CC(C)(C)c1cccc2P(=O->[Pd@+2](<-[CH3-])(<-[O-]c12)<-n1ccccc1)(c1ccccc1)c1ccccc1,C28 H30 N1 O2 P1 Pd1,0.0,CC(C)(C)c1cccc2P(=O->[Pd+2](<-[CH3-])(<-[O-]c12)<-n1ccccc1)(c1ccccc1)c1ccccc1,CC(C)(C)c1cccc2[P+]([O-]->[Pd+2](<-[CH3-])(<-[O-]c12)<-n1ccccc1)(c1ccccc1)c1ccccc1,CC(C)(C)c1cccc2[P+]([O-]->[Pd+2](<-[CH3-])(<-[O-]c12)<-n1ccccc1)(c1ccccc1)c1ccccc1
RETKEJ,,C19 H16 Fe1 O2 Si1,0.0,[O+]#[C-]->[Fe+2]1234(<-[C-]#[O+])(<-c5c->1c->2[cH-]->3c->45)<-[SiH-](c1ccccc1)c1ccccc1,[O+]#[C-]->[Fe+2]1234(<-[C-]#[O+])(<-c5c->1c->2[cH-]->3c->45)<-[SiH-](c1ccccc1)c1ccccc1,[O+]#[C-]->[Fe+2]1234(<-[C-]#[O+])(<-c5c->1c->2[cH-]->3c->45)<-[SiH-](c1ccccc1)c1ccccc1
REVDUR,CCOc1ccc(OC(=O)c2ccc(N[C](OCC)->[Au+]<-[Cl-])cc2)cc1,C18 H19 Au1 Cl1 N1 O4,0.0,fail,CCOc1ccc(OC(=O)c2ccc(N[C](OCC)->[Au+]<-[Cl-])cc2)cc1,CCOc1ccc(OC(=O)c2ccc(N[C](OCC)->[Au+]<-[Cl-])cc2)cc1
REVYOH,,C28 H33 I1 O5 Zn1,0.0,Ic1c2cccc1COCCO1->[Zn+2](<-[c-]3ccccc3)(<-[c-]3ccccc3)<-O(CCOCCOC2)CC1,Ic1c2cccc1COCCO1->[Zn+2](<-[c-]3ccccc3)(<-[c-]3ccccc3)<-O(CCOCCOC2)CC1,Ic1c2cccc1COCCO(->[Zn+2](<-[c-]1ccccc1)<-[c-]1ccccc1)CCOCCOCCOC2
REWXAU,Cc12->[Rh+3]3456(<-[Cl-])(<-[c-]7cc8ccccc8n7-c7ncccn->37)<-c1(C)c->4(C)[c-]->5(C)c->62C,C22 H23 Cl1 N3 Rh1,0.0,Cc12->[Rh+2]3456(<-[Cl-])(<-[c]7cc8ccccc8n7-c7ncccn->37)<-c1(C)c->4(C)[c-]->5(C)c->62C,Cc12->[Rh+3]3456(<-[Cl-])(<-[c-]7cc8ccccc8n7-c7ncccn->37)<-c1(C)c->4(C)[c-]->5(C)c->62C,Cc12->[Rh+3]3456(<-[Cl-])(<-[c-]7cc8ccccc8n7-c7ncccn->37)<-c1(C)c->4(C)[c-]->5(C)c->62C
REYLUD,Cc1c([O-])c(C)c2CP(C(C)C)(C(C)C)->[Os+2]3(<-[Cl-])(<-[C-]#[O+])(<-[C-]#[O+])<-c2(C)c1CP->3(C(C)C)C(C)C,C25 H41 Cl1 O3 Os1 P2,0.0,Cc1c2CP(C(C)C)(C(C)C)->[Os+2]3(<-[Cl-])(<-[C-]#[O+])(<-[C-]#[O+])<-[c-]2(C)c(CP->3(C(C)C)C(C)C)c(C)c1=O,Cc1c2CP(C(C)C)(C(C)C)->[Os+2]3(<-[Cl-])(<-[C-]#[O+])(<-[C-]#[O+])<-[c-]2(C)c(CP->3(C(C)C)C(C)C)c(C)c1=O,Cc1c2CP(C(C)C)(C(C)C)->[Os+2]3(<-[Cl-])(<-[C-]#[O+])(<-[C-]#[O+])<-[c-]2(C)c(CP->3(C(C)C)C(C)C)c(C)c1=O
REYZOK,,C42 H31 N5 P2 Pt1,0.0,fail,N#CC(=C=[N-]->[PtH+](<-P(c1ccccc1)(c1ccccc1)c1ccccc1)<-P(c1ccccc1)(c1ccccc1)c1ccccc1)N=C(C#N)C#N,N#CC(=C=[N-]->[PtH+](<-P(c1ccccc1)(c1ccccc1)c1ccccc1)<-P(c1ccccc1)(c1ccccc1)c1ccccc1)N=C(C#N)C#N
RIBHEQ,[Cl-]->[Pd+2]1(<-[Cl-])<-[C](NN[C]->1NC1CCCCC1)NC1CCCCC1,C14 H26 Cl2 N4 Pd1,0.0,[Cl-]->[Pd+2]1(<-[Cl-])<-[C](NN[C]->1NC1CCCCC1)NC1CCCCC1,[Cl-]->[Pd+2]1(<-[Cl-])<-[C](NN[C]->1NC1CCCCC1)NC1CCCCC1,[Cl-]->[Pd+2]1(<-[Cl-])<-[C](NN[C]->1NC1CCCCC1)NC1CCCCC1
RICLUK,Cc1nn(-c2ccccc2)c([O-]->[Hg+2]<-[c-]2ccccc2)c1C(=O)c1ccccc1,C23 H18 Hg1 N2 O2,0.0,CC1=NN(c2ccccc2)C2=O->[Hg+2](<-[O-]C(=C12)c1ccccc1)<-[c-]1ccccc1,Cc1nn(-c2ccccc2)c([O-]->[Hg+2]<-[c-]2ccccc2)c1C(=O)c1ccccc1,CC1=NN(c2ccccc2)C2=O->[Hg+2](<-[O-]C(=C12)c1ccccc1)<-[c-]1ccccc1
RIFTOP,,C21 H35 B2 Cl1 Ir1 O4 P3,0.0,CP(C)(C)->[Ir+3](<-[Cl-])(<-[BH2-]1Oc2ccccc2O1)(<-[BH2-]1Oc2ccccc2O1)(<-P(C)(C)C)<-P(C)(C)C,CP(C)(C)->[Ir-](<-[Cl-])(<-b1oc2ccccc2[o+]1)(<-b1oc2ccccc2[o+]1)(<-P(C)(C)C)<-P(C)(C)C,CP(C)(C)->[Ir-](<-[Cl-])(<-b1oc2ccccc2[o+]1)(<-b1oc2ccccc2[o+]1)(<-P(C)(C)C)<-P(C)(C)C
RIGGOD,C=C(C(=O)OC)/C(C(=O)OC)=[C-]1\N(C)C(=S)[S-]->[Co+3]<-12345(<-c1c->2c->3[cH-]->4c->51)<-P(C)(C)c1ccccc1,C23 H27 Co1 N1 O4 P1 S2,0.0,C=C(C(=O)OC)C(C(=O)OC)=[C]1N(C)C(=S)[S-]->[Co+2]<-12345(<-c1c->2c->3[cH-]->4c->51)<-P(C)(C)c1ccccc1,C=C(C(=O)OC)C(C(=O)OC)=[C-]1N(C)C(=S)[S-]->[Co+3]<-12345(<-c1c->2c->3[cH-]->4c->51)<-P(C)(C)c1ccccc1,C=C(C(=O)OC)C(C(=O)OC)=[C-]1N(C)C(=S)[S-]->[Co+3]<-12345(<-c1c->2c->3[cH-]->4c->51)<-P(C)(C)c1ccccc1
RIHFUJ,,C31 H36 N2 O2 Ru1 S1,0.0,Cc1ccc(S(=O)(=O)[N-]2C(c3ccccc3)C(N->[RuH+]<-234567<-c2c->3c->4(C(C)C)c->5c->6c->72C)c2ccccc2)cc1,Cc1ccc(S(=O)(=O)[N-]2C(c3ccccc3)C(N->[RuH+]<-234567<-c2c->3c->4(C(C)C)c->5c->6c->72C)c2ccccc2)cc1,Cc1ccc(S(=O)(=O)[N-]2C(c3ccccc3)C(N->[RuH+]<-234567<-c2c->3c->4(C(C)C)c->5c->6c->72C)c2ccccc2)cc1
RIJHAV,C[CH2-]->[Zn@+2]12<-c3(C)c(C)c(C)c(C)[c-]->13CCN->2(C)C,C15 H27 N1 Zn1,0.0,C[CH2-]->[Zn+2]1<-[c-]2(CCN->1(C)C)c(C)c(C)c(C)c2C,C[CH2-]->[Zn+2]12<-c3(C)c(C)c(C)c(C)[c-]->13CCN->2(C)C,C[CH2-]->[Zn+2]1<-c2(C)c(C)c(C)c(C)[c-]->12CCN(C)C
RIKGIE,Cc1ccccc1/C1=C/c2ccccn2->[Zn+2]2(<-[O-]1)<-[O-]/C(=C\c1ccccn->21)c1ccccc1C,C28 H24 N2 O2 Zn1,0.0,Cc1ccccc1C1=Cc2ccccn2->[Zn+2]2(<-[O-]1)<-[O-]C(=Cc1ccccn->21)c1ccccc1C,Cc1ccccc1C1=Cc2ccccn2->[Zn+2]2(<-[O-]1)<-[O-]C(=Cc1ccccn->21)c1ccccc1C,Cc1ccccc1C1=Cc2ccccn2->[Zn+2]2(<-[O-]1)<-[O-]C(=Cc1ccccn->21)c1ccccc1C
RILJIH,,C30 H42 O1 P3 Pd1 1+,1.0,CC(C)P1(c2ccccc2P2(=O->[PdH+]<-1<-P(c1ccccc12)(C(C)C)C(C)C)c1ccccc1)C(C)C,CC(C)P1(c2ccccc2P2(=O->[PdH+]<-1<-P(c1ccccc12)(C(C)C)C(C)C)c1ccccc1)C(C)C,CC(C)P1(c2ccccc2P2(=O->[PdH+]<-1<-P(c1ccccc12)(C(C)C)C(C)C)c1ccccc1)C(C)C
RIMLAD,,C10 H16 Br2 Hg1 N4 S2,0.0,Cn1ccn(C)c1=S->[Hg+2](<-[Br-])(<-[Br-])<-S=c1n(C)ccn1C,Cn1ccn(C)c1=S->[Hg+2](<-[Br-])(<-[Br-])<-S=c1n(C)ccn1C,Cn1ccn(C)c1=S.Cn1ccn(C)c1=S->[Hg+2](<-[Br-])<-[Br-]
RINLAD,CC(C)(C)P1(c2ccnn2-c23->[Pd+2]<-1(<-[Cl-])(<-[Cl-])<-c2(-c1ccccc1)n(-c1ccccc1)nc3-c1ccccc1)C(C)(C)C,C32 H35 Cl2 N4 P1 Pd1,0.0,CC(C)(C)P1(c2ccnn2-c2(->[Pd+2]<-1(<-[Cl-])<-[Cl-])c(-c1ccccc1)nn(-c1ccccc1)c2-c1ccccc1)C(C)(C)C,CC(C)(C)P1(c2ccnn2-c2(->[Pd+2]<-1(<-[Cl-])<-[Cl-])c(-c1ccccc1)nn(-c1ccccc1)c2-c1ccccc1)C(C)(C)C,CC(C)(C)P1(c2ccnn2-c23->[Pd+2]<-1(<-[Cl-])(<-[Cl-])<-c2(-c1ccccc1)n(-c1ccccc1)nc3-c1ccccc1)C(C)(C)C
RIPSUG,COC1=C/C2=C/N3=C4\C=CC=C\C4=N4/C=C5/C=C(OC)C=C(C(C)(C)C)C5=O->[Cu@SP1+]<-3<-4<-O=C2C(C(C)(C)C)=C1,C30 H34 Cu1 N2 O4 1+,1.0,COc1cc2C=N3c4ccccc4N4=Cc5cc(OC)cc(C(C)(C)C)c5[O-]->[Cu+3]<-3<-4<-[O-]c2c(C(C)(C)C)c1,COc1cc2C=N3c4ccccc4N4=Cc5cc(OC)cc(C(C)(C)C)c5[O-]->[Cu+3]<-3<-4<-[O-]c2c(C(C)(C)C)c1,COc1cc2C=N3c4ccccc4N4=Cc5cc(OC)cc(C(C)(C)C)c5[O-]->[Cu+3]<-3<-4<-[O-]c2c(C(C)(C)C)c1
RIQGIJ,CC1=C/C2=C/[N-]3CCC[N-]4/C=C5/C=C(C)C=C(/C=N/O)C5=S->[Ni@SP1+2]<-3<-4<-S=C2C(/C=N/O)=C1,C21 H22 N4 Ni1 O2 S2,0.0,fail,CC1=CC2=C[N-]3CCC[N-]4C=C5C=C(C)C=C(C=NO)C5=S->[Ni+2]<-3<-4<-S=C2C(C=NO)=C1,CC1=CC2=C[N-]3CCC[N-]4C=C5C=C(C)C=C(C=NO)C5=S->[Ni+2]<-3<-4<-S=C2C(C=NO)=C1
RIRJOR,,C23 H18 Cr1 O6,0.0,CO[C-2](c1ccc2cc1CCc1cccc(c1)CC2)->[Cr+2](<-[C-]#[O+])(<-[C-]#[O+])(<-[C-]#[O+])(<-[C-]#[O+])<-[C-]#[O+],CO[C](c1ccc2cc1CCc1cccc(c1)CC2)->[Cr](<-[C-]#[O+])(<-[C-]#[O+])(<-[C-]#[O+])(<-[C-]#[O+])<-[C-]#[O+],CO[C](c1ccc2cc1CCc1cccc(c1)CC2)->[Cr](<-[C-]#[O+])(<-[C-]#[O+])(<-[C-]#[O+])(<-[C-]#[O+])<-[C-]#[O+]
RIRYAV,Cc1ccc(C(=O)[O-]->[Zn+2](<-[O-]C(=O)c2ccc(C)cc2O)(<-n2[nH]c(C)cc2C)<-n2[nH]c(C)cc2C)c(O)c1,C26 H30 N4 O6 Zn1,0.0,Cc1ccc(C(=O)[O-]->[Zn+2](<-[O-]C(=O)c2ccc(C)cc2O)(<-n2[nH]c(C)cc2C)<-n2[nH]c(C)cc2C)c(O)c1,Cc1ccc(C(=O)[O-]->[Zn+2](<-[O-]C(=O)c2ccc(C)cc2O)(<-n2[nH]c(C)cc2C)<-n2[nH]c(C)cc2C)c(O)c1,Cc1ccc(C2=O->[Zn+2]34(<-O=C->3([O-]->4)c3ccc(C)cc3O)(<-[O-]2)(<-n2[nH]c(C)cc2C)<-n2[nH]c(C)cc2C)c(O)c1
RISJUY,CO[C@H]1CC[C@H]2[C@@H]3CC[C-]45->[Mn+]678(<-[C-]#[O+])(<-[C-]#[O+])(<-[C-]#[O+])<-C(=C->6(OC)[C@@H]4c4ccccc4)C->7=C->85[C@H]3CC[C@]12C,C29 H33 Mn1 O5,0.0,fail,COC1CCC2C3CCC45->[Mn+]678(<-[C-]#[O+])(<-[C-]#[O+])(<-[C-]#[O+])<-C(=C->6(OC)C4c4ccccc4)[CH-]->7C->8=5C3CCC12C,COC1CCC2C3CCC45->[Mn+]678(<-[C-]#[O+])(<-[C-]#[O+])(<-[C-]#[O+])<-C(=C->6(OC)C4c4ccccc4)[CH-]->7C->8=5C3CCC12C
RISZIF,C[O-]->[V+5]12(<-[O-2])(<-[O-]/C(=N\N->1=C(/C)c1cc(C(C)=O)c(O)cc1[O-]->2)c1cccnc1)<-OC,C18 H20 N3 O7 V1,0.0,C[O-]->[V+5]12(<-[O-2])(<-[O-]C(=NN->1=C(C)c1cc(C(C)=O)c(O)cc1[O-]->2)c1cccnc1)<-OC,C[O-]->[V+5]12(<-[O-2])(<-[O-]C(=NN->1=C(C)c1cc(C(C)=O)c(O)cc1[O-]->2)c1cccnc1)<-OC,CO.C[O-]->[V+5]12(<-[O-2])<-[O-]C(c3cccnc3)=NN->1=C(C)c1cc(C(C)=O)c(O)cc1[O-]->2
RITQAM,Cc12->[Ta+5]345(<-[S-2])(<-[Cl-])(<-[S-]C(c6ccccc6)(c6ccccc6)c6ccccc6)<-c1(C)c->3(C)[c-]->4(C)c->52C,C29 H30 Cl1 S2 Ta1,0.0,Cc12->[Ta+5]345(<-[S-2])(<-[Cl-])(<-[S-]C(c6ccccc6)(c6ccccc6)c6ccccc6)<-c1(C)c->3(C)[c-]->4(C)c->52C,Cc12->[Ta+5]345(<-[S-2])(<-[Cl-])(<-[S-]C(c6ccccc6)(c6ccccc6)c6ccccc6)<-c1(C)c->3(C)[c-]->4(C)c->52C,Cc1c(C)c2(C)->[Ta+5](<-[S-2])(<-[Cl-])(<-[S-]C(c3ccccc3)(c3ccccc3)c3ccccc3)<-[c-]2(C)c1C
RIVDUY,,C27 H20 B1 Cl1 F2 N5 Ru1 1+,1.0,F[B-]1(F)n2cccc2C(c2cc3ccccc3n3->[Ru+2]45678(<-[Cl-])(<-c9c->4c->5c->6c->7c->89)<-n4cccn4-c23)=C2C=CC=[N+]21,F[B-]1(F)n2cccc2C(=C2C=c3ccccc3=N3->[Ru+4]45678(<-[Cl-])(<-c9c->4c->5c->6c->7c->89)<-n4cccn4[C-]23)c2cccn21,F[B-]1(F)n2cccc2C(=C2C=c3ccccc3=N3->[Ru+4]45678(<-[Cl-])(<-c9c->4c->5c->6c->7c->89)<-n4cccn4[C-]23)c2cccn21
RIVWAU,Cc12->[Ru+2]34567(<-[S-]c8ccccc8[S-]->3)<-c1(C)c->4(C)c->5(C)c->6(C)c->72C,C18 H22 Ru1 S2,0.0,fail,Cc12->[Ru]34567(<-S=C8C=CC=CC8=S->3)<-c1(C)c->4(C)c->5(C)c->6(C)c->72C,Cc12->[Ru]34567(<-S=C8C=CC=CC8=S->3)<-c1(C)c->4(C)c->5(C)c->6(C)c->72C
RIXBIJ,COC(=O)[C@@H](NC1=O->[Zr+4]23456789%10(<-[O-]/C(C)=N->2/[C@H]1C(C)C)(<-c1c->3c->4[cH-]->5c->61)<-c1c->7c->8[cH-]->9c->%101)C(C)C,C23 H33 N2 O4 Zr1 1+,1.0,COC(=O)C(NC1=O->[Zr+4]23456789%10(<-O=C(C)[N-]->2C1C(C)C)(<-c1c->3c->4[cH-]->5c->61)<-c1c->7c->8[cH-]->9c->%101)C(C)C,COC(=O)C(NC1=O->[Zr+4]23456789%10(<-[O-]C(C)=N->2C1C(C)C)(<-c1c->3c->4[cH-]->5c->61)<-c1c->7c->8[cH-]->9c->%101)C(C)C,COC(=O)C(NC1=O->[Zr+4]23456789%10(<-[O-]C(C)=N->2C1C(C)C)(<-c1c->3c->4[cH-]->5c->61)<-c1c->7c->8[cH-]->9c->%101)C(C)C
RIYCUX,[Cl-]->[Ru+4]1234(<-[C-](=C5C=C[CH-]C=C5)c5ccccc5)(<-c5c->1c->2[cH-]->3c->45)<-[P@TB5](c1ccccc1)(c1ccccc1)c1ccccc1,C36 H30 Cl1 P1 Ru1,0.0,[Cl-]->[Ru+4]1234(<-[C-2](c5ccccc5)c5ccccc5)(<-c5c->1c->2[cH-]->3c->45)<-P(c1ccccc1)(c1ccccc1)c1ccccc1,[Cl-]->[Ru+2]1234(<-[C](c5ccccc5)c5ccccc5)(<-c5c->1c->2[cH-]->3c->45)<-P(c1ccccc1)(c1ccccc1)c1ccccc1,[Cl-]->[Ru+2]1234(<-[C](c5ccccc5)c5ccccc5)(<-c5c->1c->2[cH-]->3c->45)<-P(c1ccccc1)(c1ccccc1)c1ccccc1
RIZHIT,,C22 H18 Au1 N6 1+,1.0,C1=N2->[Au+3]34<-N(=Cc5ccc([n-]->35)-c3nc5ccccc5nc3-c3ccc1[n-]->43)CCCC2,C1=c2ccc3[n-]2->[Au+3]24<-[N-]1CCCC[N-]->2[CH-][c+]1[cH+][cH+][c+]([n-]->41)[C+]1[N-]c2ccccc2[N-]C=31,C1=c2ccc3[n-]2->[Au+3]24<-[N-]1CCCC[N-]->2[CH-][c+]1[cH+][cH+][c+]([n-]->41)[C+]1[N-]c2ccccc2[N-]C=31
RIZVAZ,CC1=O->[Ru+2]2(<-O=C(C)[O-]->2)(<-[O-]1)(<-P(C(C)C)(C(C)C)C(C)C)<-P(C(C)C)(C(C)C)C(C)C,C22 H48 O4 P2 Ru1,0.0,fail,CC(C)P(C(C)C)(C(C)C)->[Ru+2]1234(<-O=C->1(C)[O-]->2)(<-O=C->3(C)[O-]->4)<-P(C(C)C)(C(C)C)C(C)C,CC(C)P(C(C)C)(C(C)C)->[Ru+2]1234(<-O=C->1(C)[O-]->2)(<-O=C->3(C)[O-]->4)<-P(C(C)C)(C(C)C)C(C)C
ROBPEE,FC(F)(F)c1cc(C(F)(F)F)[n-]2->[Pt+2]3(<-n4ccccc4-c12)<-n1ccccc1-c1c(C(F)(F)F)cc(C(F)(F)F)[n-]->31,C22 H10 F12 N4 Pt1,0.0,FC(F)(F)c1cc(C(F)(F)F)[n-]2->[Pt+2]3(<-n4ccccc4-c12)<-n1ccccc1-c1c(C(F)(F)F)cc(C(F)(F)F)[n-]->31,FC(F)(F)C1=CC(C(F)(F)F)=N2->[Pt+2]3(<-N4=C(C(F)(F)F)C=C(C(F)(F)F)C4=C4C=CC=C[N-]->34)<-[N-]3C=CC=CC3=C12,FC(F)(F)C1=CC(C(F)(F)F)=N2->[Pt+2]3(<-N4=C(C(F)(F)F)C=C(C(F)(F)F)C4=C4C=CC=C[N-]->34)<-[N-]3C=CC=CC3=C12
ROCQUV,CN(C)[C-](=O)->[Ni](<-[C-]#[O+])(<-[C-]#[O+])<-[C-]#[O+],C6 H6 N1 Ni1 O4 1-,-1.0,CN(C)[C](=O)->[Ni](<-[C-]#[O+])(<-[C-]#[O+])<-[C-]#[O+],CN(C)[C-](=O)->[Ni](<-[C-]#[O+])(<-[C-]#[O+])<-[C-]#[O+],CN(C)[C-](=O)->[Ni](<-[C-]#[O+])(<-[C-]#[O+])<-[C-]#[O+]
ROCWEO,,C14 H12 Cl1 Mo1 N3 O5,0.0,COc1cccc2C=N3N=C([O-]->[Mo+6]<-3(<-[O-2])(<-[O-2])(<-[Cl-])<-[O-]c21)c1ccc[nH+]c1,COC1=CC=CC2=CN3=NC(=O->[Mo+6]<-3(<-[O-2])(<-[O-2])(<-[Cl-])<-O=C21)C1=CNC=C[CH-]1,COC1=CC=CC2=CN3=NC(=O->[Mo+6]<-3(<-[O-2])(<-[O-2])(<-[Cl-])<-O=C21)C1=CNC=C[CH-]1
RODNON,COC[C@@H]1C[C@@H]2P(c3ccccc3)(c3ccccc3)->[Pd+2](<-[I-])(<-[I-])<-N1(Cc1ccccc1)C2,C25 H28 I2 N1 O1 P1 Pd1,0.0,COCC1CC2P(c3ccccc3)(c3ccccc3)->[Pd+2](<-[I-])(<-[I-])<-N1(Cc1ccccc1)C2,COCC1CC2P(c3ccccc3)(c3ccccc3)->[Pd+2](<-[I-])(<-[I-])<-N1(Cc1ccccc1)C2,COCC1CC2P(c3ccccc3)(c3ccccc3)->[Pd+2](<-[I-])(<-[I-])<-N1(Cc1ccccc1)C2
ROFQEI,,C11 H11 O1 W1 1+,1.0,[O+]#[C-]->[WH+3]12345678(<-c9c->1c->2[cH-]->3c->49)<-c1c->5c->6[cH-]->7c->81,[O+]#[C-]->[WH+3]12345678(<-c9c->1c->2[cH-]->3c->49)<-c1c->5c->6[cH-]->7c->81,[O+]#[C-]->[WH+3]12345678(<-c9c->1c->2[cH-]->3c->49)<-c1c->5c->6[cH-]->7c->81
ROGDID,C[Si-](C)CP(c1ccccc1)([C+]1[CH+][CH+][CH-][CH+][CH-]1)->[Ni+2](<-[Br-])(<-[Br-])<-P([N-]C1CCCC1)(c1ccccc1)c1ccccc1,C32 H37 Br2 N1 Ni1 P2 Si1,0.0,C[Si]1(C)CP(c2ccccc2)(c2ccccc2)->[Ni+2](<-[Br-])(<-[Br-])<-P(c2ccccc2)(c2ccccc2)N1C1CCCC1,C[Si]1(C)CP(c2ccccc2)(c2ccccc2)->[Ni+2](<-[Br-])(<-[Br-])<-P(c2ccccc2)(c2ccccc2)N1C1CCCC1,C[Si]1(C)CP(c2ccccc2)(c2ccccc2)->[Ni+2](<-[Br-])(<-[Br-])<-P(c2ccccc2)(c2ccccc2)N1C1CCCC1
ROHFEB,,C26 H30 Cl1 Ir1 N3 Se1 1+,1.0,Cc12->[Ir+3]3456(<-[Cl-])(<-n7nn(Cc8ccccc8)cc7C[Se]->3c3ccccc3)<-c1(C)c->4(C)[c-]->5(C)c->62C,[CH2-]c1cn(Cc2ccccc2)nn1->[Ir+5]1234(<-[Cl-])(<-[Se-]c5ccccc5)<-c5(C)c->1(C)c->2(C)[c-]->3(C)c->45C,[CH2-]c1cn(Cc2ccccc2)nn1->[Ir+5]1234(<-[Cl-])(<-[Se-]c5ccccc5)<-c5(C)c->1(C)c->2(C)[c-]->3(C)c->45C
ROJLAD,[O+]#[C-]->[Fe]123(<-[C-]#[O+])(<-[C-]#[O+])<-C4=c->15ccccc->25=C->34,C11 H6 Fe1 O3,0.0,[O+]#[C-]->[Fe]123(<-[C-]#[O+])(<-[C-]#[O+])<-C4=C->1c->21ccccc->314,[O+]#[C-]->[Fe+2]123(<-[C-]#[O+])(<-[C-]#[O+])<-c4c->1[c-]->21cccc[c-]->341,[O+]#[C-]->[Fe+2]123(<-[C-]#[O+])(<-[C-]#[O+])<-c4c->1[c-]->21cccc[c-]->341
ROJWAQ,,C36 H22 Fe1 N10,0.0,CC#N->[Fe+2]123(<-N#CC)<-n4c5nc6c7ccccc7c(nc7n->1c(nc1c8ccccc8c(nc4-c4ccccc4-5)[n-]->21)-c1ccccc1-7)[n-]->36,CC#N->[Fe+6]123(<-N#CC)<-[n-]4c5nc6c7ccccc7c([n-]c7c8ccccc8c([n-]c8c9ccccc9c(nc4c4ccccc45)[n-]->18)[n-]->27)[n-]->36,CC#N->[Fe+6]123(<-N#CC)<-[n-]4c5nc6c7ccccc7c([n-]c7c8ccccc8c([n-]c8c9ccccc9c(nc4c4ccccc45)[n-]->18)[n-]->27)[n-]->36
ROKGUT,C1=CC2=S->[Ni@TB12+2]34<-S=C5C=CC=C/C5=C/[N-]->3c3ccccc3[N-]->4/C=C\2C=C1,C20 H14 N2 Ni1 S2,0.0,C1c2ccccc2[S-]->[Ni+2]23<-[S-]c4ccccc4C=N->2c2ccccc2N->3=1,C1=CC2=CN3=C4C=CC=CC4=N4C=C5C=CC=CC5=S->[Ni]<-3<-4<-S=C2C=C1,C1=CC2=CN3=C4C=CC=CC4=N4C=C5C=CC=CC5=S->[Ni]<-3<-4<-S=C2C=C1
ROLQIT,O=S1(->[Ru+2](<-O)(<-[Cl-])(<-[Cl-])(<-S2(=O)CCCC2)<-S2(=O)CCCC2)CCCC1,C12 H26 Cl2 O4 Ru1 S3,0.0,O=S1(->[Ru+2](<-O)(<-[Cl-])(<-[Cl-])(<-S2(=O)CCCC2)<-S2(=O)CCCC2)CCCC1,O=S1(->[Ru+2](<-O)(<-[Cl-])(<-[Cl-])(<-S2(=O)CCCC2)<-S2(=O)CCCC2)CCCC1,O=S1(->[Ru+2](<-O)(<-[Cl-])(<-[Cl-])(<-S2(=O)CCCC2)<-S2(=O)CCCC2)CCCC1
ROMHEI,O=C1CSCc2[nH]c3ccccc3n2->[Ni+2]2(<-[O-]1)<-[O-]C(=O)CSCc1[nH]c3ccccc3n->21,C20 H18 N4 Ni1 O4 S2,0.0,O=C1CS2Cc3[nH]c4ccccc4n3->[Ni+2]<-234(<-[O-]1)<-[O-]C(=O)CS->3Cc1[nH]c2ccccc2n->41,O=C1CS2Cc3[nH]c4ccccc4n3->[Ni+2]<-234(<-[O-]1)<-[O-]C(=O)CS->3Cc1[nH]c2ccccc2n->41,O=C1CSCc2[nH]c3ccccc3n2->[Ni+2]2(<-[O-]1)<-[O-]C(=O)CSCc1[nH]c3ccccc3n->21
ROMSER,Cc12->[Nb+3]3456789%10(<-C=C->3C->4=C->5)(<-[CH2-][C@@H]->63[C@@H]4CC[C@@H](C4)[CH-]->73)<-c1(C)c->8(C)[c-]->9(C)c->%102C,C22 H33 Nb1,0.0,fail,Cc12->[Nb+3]3456789%10(<-[CH]C%11CCC([CH-]->3[CH2-]->4)C%11)(<-C=C->5C->6=C->7)<-c1(C)c->8(C)[c-]->9(C)c->%102C,Cc1c(C)[c-]2(C)->[Nb+3]345(<-C=CC=C->3)(<-[CH2-]C3C6CCC(C6)[CH-]->43)<-c1(C)c->52C
ROPVID,CCO->[Mo+6]12(<-[O-2])(<-[O-2])<-[O-]/C(=N\N->1=C\c1cccc(OC)c1[O-]->2)c1ccc(O)cc1,C17 H18 Mo1 N2 O7,0.0,CCO->[Mo+6]12(<-[O-2])(<-[O-2])<-[O-]C(=NN->1=Cc1cccc(OC)c1[O-]->2)c1ccc(O)cc1,CCO->[Mo+6]12(<-[O-2])(<-[O-2])<-[O-]C(=NN->1=Cc1cccc(OC)c1[O-]->2)c1ccc(O)cc1,CCO.COc1cccc2c1[O-]->[Mo+6]1(<-[O-2])(<-[O-2])<-[O-]C(c3ccc(O)cc3)=NN->1=C2
ROSBOQ,Cc12->[Zr+4]3456789%10(<-[Cl-])(<-[Cl-])<-c1c->3(C)[c-]->4([Si](C)(C)[c-]->51c->6(C)c->7c->8(C)c->91-c1ccco1)c->%102-c1ccco1,C24 H26 Cl2 O2 Si1 Zr1,0.0,Cc12->[Zr+4]3456789%10(<-[Cl-])(<-[Cl-])<-[cH-]1c->3(C)c->4([Si](C)(C)c->51c->6(C)[cH-]->7c->8(C)c->91-c1ccco1)c->%102-c1ccco1,Cc12->[Zr+4]3456789%10(<-[Cl-])(<-[Cl-])<-c1c->3(C)[c-]->4(-c1ccco1)c->52[Si](C)(C)c->61c->7(C)c->8c->9(C)[c-]->%101-c1ccco1,Cc12->[Zr+4]3456789%10(<-[Cl-])(<-[Cl-])<-c1c->3(C)[c-]->4(-c1ccco1)c->52[Si](C)(C)c->61c->7(C)c->8c->9(C)[c-]->%101-c1ccco1
ROWNOI,,C39 H34 Cl1 O1 P2 Rh1,0.0,CC1(C)c2cccc3P(c4ccccc4)(c4ccccc4)->[RhH2+]4(<-[Cl-])<-O(c23)c2c1cccc2P->4(c1ccccc1)c1ccccc1,CC1(C)c2cccc3P(c4ccccc4)(c4ccccc4)->[RhH2+]4(<-[Cl-])<-O(c23)c2c1cccc2P->4(c1ccccc1)c1ccccc1,CC1(C)c2cccc3P(c4ccccc4)(c4ccccc4)->[RhH2+]4(<-[Cl-])<-O(c23)c2c1cccc2P->4(c1ccccc1)c1ccccc1
ROYKUN,,C20 H17 Cl1 N3 O2 Rh1,0.0,Cc1cccn2->[Rh+2]3(<-[Cl-])(<-[C-]#[O+])(<-[C](=O)N(C)c4cccc(-c12)[c-]->34)<-n1ccccc1,Cc1cccn2->[Rh+3]3(<-[Cl-])(<-[C-]#[O+])(<-[C-](=O)N(C)c4cccc(-c12)[c-]->34)<-n1ccccc1,Cc1cccn2->[Rh+3]3(<-[Cl-])(<-[C-]#[O+])(<-[C-](=O)N(C)c4cccc(-c12)[c-]->34)<-n1ccccc1
RUFFIJ,Cc1cc(C)c(CC23[C-](=O)->[Fe+2]<-24(<-[C-]#[O+])(<-[C-]#[O+])(<-[C-]#[O+])<-C=3[CH-]->4c2ccccc2)c(C)c1,C23 H20 Fe1 O4,0.0,fail,Cc1cc(C)c(CC23=C(=O)->[Fe]<-24(<-[C-]#[O+])(<-[C-]#[O+])(<-[C-]#[O+])<-C(c2ccccc2)=C->43)c(C)c1,Cc1cc(C)c(CC23=C(=O)->[Fe]<-24(<-[C-]#[O+])(<-[C-]#[O+])(<-[C-]#[O+])<-C(c2ccccc2)=C->43)c(C)c1
RUHPIT,Fc1c(F)c(F)c([B-](c2c(F)c(F)c(F)c(F)c2F)=C23->[Ti+4]456(<-[Cl-])(<-[Cl-])(<-[Cl-])<-C(=C->42)C->5=C->63)c(F)c1F,C17 H4 B1 Cl3 F10 Ti1,0.0,Fc1c(F)c(F)c(B(c2c(F)c(F)c(F)c(F)c2F)c23->[Ti+4]456(<-[Cl-])(<-[Cl-])(<-[Cl-])<-c(c->42)[cH-]->5c->63)c(F)c1F,Fc1c(F)c(F)c([B-](c2c(F)c(F)c(F)c(F)c2F)=C23->[Ti+4]456(<-[Cl-])(<-[Cl-])(<-[Cl-])<-C(=C->42)C->5=C->63)c(F)c1F,Fc1c(F)c(F)c([B-](c2c(F)c(F)c(F)c(F)c2F)=C23->[Ti+4]456(<-[Cl-])(<-[Cl-])(<-[Cl-])<-C(=C->42)C->5=C->63)c(F)c1F
RUJLOZ,CO[C-](=c1ccc(=C=C=C2C=C[CH-]C=C2)cc1)->[Cr+2](<-[C-]#[O+])(<-[C-]#[O+])(<-[C-]#[O+])(<-[C-]#[O+])<-[C-]#[O+],C21 H12 Cr1 O6,0.0,CO[C-2](c1ccc(C#Cc2ccccc2)cc1)->[Cr+2](<-[C-]#[O+])(<-[C-]#[O+])(<-[C-]#[O+])(<-[C-]#[O+])<-[C-]#[O+],CO[C](c1ccc(C#Cc2ccccc2)cc1)->[Cr](<-[C-]#[O+])(<-[C-]#[O+])(<-[C-]#[O+])(<-[C-]#[O+])<-[C-]#[O+],CO[C](c1ccc(C#Cc2ccccc2)cc1)->[Cr](<-[C-]#[O+])(<-[C-]#[O+])(<-[C-]#[O+])(<-[C-]#[O+])<-[C-]#[O+]
RUKFUY,,C16 H24 Br2 Cd1 O6,0.0,[Br-]->[Cd+2]12345(<-[Br-])<-O6CCO->1CCO->2CCO->3c1ccccc1O->4CCO->5CC6,[Br-]->[Cd+2]<-[Br-].c1ccc2c(c1)OCCOCCOCCOCCOCCO2,[Br-]->[Cd+2]<-[Br-].c1ccc2c(c1)OCCOCCOCCOCCOCCO2
RUKTEY,,C31 H26 Ag1 N2 O4 1+,1.0,CO->[Ag+]12<-c3cc4c(cc->13)C1(c3ccccc3)OC4(c3ccccc3)C3C(=O)N(c4c(C)cccn->24)C(=O)C31,CO->[Ag+]12<-c3cc4c(cc->13)C1(c3ccccc3)OC4(c3ccccc3)C3C(=O)N(c4c(C)cccn->24)C(=O)C31,CO->[Ag+]123<-O=C4C5C(C(=O)N4c4c(C)cccn->14)C1(c4ccccc4)OC5(c4ccccc4)c4c1ccc->2c->34
RULYUT,Cc1ccccc1N1[C](->[Ru+4]2(<-[Cl-])(<-[Cl-])<-[CH-]=C3C=C[CH-]C=C3O->2C(C)C)N(c2ccccc2C)C(C)(C)C1(C)C,C31 H38 Cl2 N2 O1 Ru1,0.0,Cc1ccccc1N1[C](->[Ru+4]2(<-[Cl-])(<-[Cl-])<-[CH-2]c3ccccc3O->2C(C)C)N(c2ccccc2C)C(C)(C)C1(C)C,Cc1ccccc1N1[C](->[Ru+2]2(<-[Cl-])(<-[Cl-])<-[CH]c3ccccc3O->2C(C)C)N(c2ccccc2C)C(C)(C)C1(C)C,Cc1ccccc1N1[C](->[Ru+2]2(<-[Cl-])(<-[Cl-])<-[CH]c3ccccc3O->2C(C)C)N(c2ccccc2C)C(C)(C)C1(C)C
RUMQUM,,C23 H32 Fe1 N2 O5 Si1,0.0,CC(C)(C)O[si-]1(->[Fe](<-[C-]#[O+])(<-[C-]#[O+])(<-[C-]#[O+])<-[C-]#[O+])n(C(C)(C)C)c(-c2ccccc2)[n+]1C(C)(C)C,CC(C)(C)[O+]=[si]1(->[Fe](<-[C-]#[O+])(<-[C-]#[O+])(<-[C-]#[O+])<-[C-]#[O+])n(C(C)(C)C)[c-](-c2ccccc2)n1C(C)(C)C,CC(C)(C)[O+]=[si]1(->[Fe](<-[C-]#[O+])(<-[C-]#[O+])(<-[C-]#[O+])<-[C-]#[O+])n(C(C)(C)C)[c-](-c2ccccc2)n1C(C)(C)C
RUNFIP,CCS(CC)=C->[Pd+2](<-[Cl-])(<-P(C(C)(C)C)C(C)(C)C)<-P(C(C)(C)C)C(C)(C)C,C21 H50 Cl1 P2 Pd1 S1 1+,1.0,CC[S](CC)[CH2-]->[Pd+3](<-[Cl-])(<-P(C(C)(C)C)C(C)(C)C)<-P(C(C)(C)C)C(C)(C)C,CCS(CC)=C->[Pd+2](<-[Cl-])(<-P(C(C)(C)C)C(C)(C)C)<-P(C(C)(C)C)C(C)(C)C,CCS(CC)=C->[Pd+2](<-[Cl-])(<-P(C(C)(C)C)C(C)(C)C)<-P(C(C)(C)C)C(C)(C)C
RUNNEV,CC(C)N1C=CN2c3ccc(C(C)(C)C)cc3S(=O)(=O)[O-]->[Ru+2]34567(<-[Cl-])(<-[C]21)<-c1c->3c->4(C(C)C)c->5c->6c->71C,C26 H35 Cl1 N2 O3 Ru1 S1,0.0,CC(C)N1C=CN2c3ccc(C(C)(C)C)cc3S(=O)(=O)[O-]->[Ru+2]34567(<-[Cl-])(<-[C]21)<-c1c->3c->4(C(C)C)c->5c->6c->71C,CC(C)N1C=CN2c3ccc(C(C)(C)C)cc3S(=O)(=O)[O-]->[Ru+2]34567(<-[Cl-])(<-[C]21)<-c1c->3c->4(C(C)C)c->5c->6c->71C,CC(C)N1C=CN2c3ccc(C(C)(C)C)cc3S(=O)(=O)[O-]->[Ru+2]34567(<-[Cl-])(<-[C]21)<-c1c->3c->4(C(C)C)c->5c->6c->71C
RUPXUW,[Cl-]->[Pt+2]123(<-C4=C->1/CC/C->2=C->3\CC\4)<-[CH-]1CCCCC1,C14 H23 Cl1 Pt1,0.0,[Cl-]->[Pt+2]123(<-C4=C->1CCC->2=C->3CC4)<-[CH-]1CCCCC1,[Cl-]->[Pt+2]123(<-C4=C->1CCC->2=C->3CC4)<-[CH-]1CCCCC1,[Cl-]->[Pt+2]123(<-C4=C->1CCC->2=C->3CC4)<-[CH-]1CCCCC1
RUQROM,CN(C)/C=C/C(#C[C][Si](C)(C)C)->[W](<-[C-]#[O+])(<-[C-]#[O+])(<-[C-]#[O+])(<-[C-]#[O+])<-[C-]#[O+],C15 H17 N1 O5 Si1 W1,0.0,CN(C)C=C[C-2](C#C[Si](C)(C)C)->[W+2](<-[C-]#[O+])(<-[C-]#[O+])(<-[C-]#[O+])(<-[C-]#[O+])<-[C-]#[O+],CN(C)C=CC(#C[C][Si](C)(C)C)->[W](<-[C-]#[O+])(<-[C-]#[O+])(<-[C-]#[O+])(<-[C-]#[O+])<-[C-]#[O+],CN(C)C=C[CH-](C#C[Si](C)(C)C)->[W+2](<-[C-]#[O+])(<-[C-]#[O+])(<-[C-]#[O+])(<-[C-]#[O+])<-[C-]#[O+]
RUQZIO,C/C1=N(\CCN(C(C)C)C(C)C)->[Fe+2]234(<-[Cl-])(<-[Cl-])<-N(=C(/C)c->25cccc->31n->45)/c1c(C(C)C)cccc1C(C)C,C29 H44 Cl2 Fe1 N4,0.0,CC1c2cccc3C(C)=N(c4c(C(C)C)cccc4C(C)C)->[Fe+2](<-[Cl-])(<-[Cl-])(<-N=1CCN(C(C)C)C(C)C)<-n23,CC1c2cccc3C(C)=N(c4c(C(C)C)cccc4C(C)C)->[Fe+2](<-[Cl-])(<-[Cl-])(<-N=1CCN(C(C)C)C(C)C)<-n23,CC1c2cccc3C(C)=N(c4c(C(C)C)cccc4C(C)C)->[Fe+2](<-[Cl-])(<-[Cl-])(<-N=1CCN(C(C)C)C(C)C)<-n23
RURHOB,CC(C)c1cccc(C(C)C)c1[N-2]->[V+5]12(<-[CH2-]c3ccccc3)(<-[CH2-]c->13ccccc3)<-C[N-]->2c1ccccc1,C33 H39 N2 V1,0.0,fail,CC(C)c1cccc(C(C)C)c1[N-2]->[V+5](<-[CH2-]c1ccccc1)(<-[CH2-]c1ccccc1)<-[N-](C)c1ccccc1,CC(C)c1cccc(C(C)C)c1[N-2]->[V+5](<-[CH2-]c1ccccc1)(<-[CH2-]c1ccccc1)<-[N-](C)c1ccccc1
RUSDAK,C1=CC=C2/C(=N3->[Zn@TB5+2]45<-N(=C6/C=CC=CC=C6[N-]->4CCCC[N-]->52)/CCCC\3)C=C1,C22 H26 N4 Zn1,0.0,C1=CC=C2C(=N3->[Zn+2]45<-N(=C6C=CC=CC=C6[N-]->4CCCC3)CCCC[N-]->52)C=C1,C1=CC=C2C(=N3->[Zn+2]45<-N(=C6C=CC=CC=C6[N-]->4CCCC3)CCCC[N-]->52)C=C1,C1=CC=C2C(=N3->[Zn+2]45<-N(=C6C=CC=CC=C6[N-]->4CCCC3)CCCC[N-]->52)C=C1
RUSQAX,,C14 H16 Cl1 N2 O5 Tc1,0.0,[O-2]->[Tc+5]12(<-[Cl-])(<-[O-]Cc3cccc(CO)n->13)<-[O-]Cc1cccc(CO)n->21,[O-2]->[Tc+7]12(<-[Cl-])(<-[O-]Cc3cccc(C[O-])n->13)<-[O-]Cc1cccc(C[O-])n->21,Cl.O=Cc1cccc2n1->[Tc+5]1(<-[O-2])(<-[O-]C2)<-[O-]Cc2cccc(C[O-])n->12
RUVDOD,C[C@@H](c1cccc2ccccc12)N1Cc2ccc3ccccc3n2->[Zn@OH7+2](<-[O-][N+](=O)[O-])(<-[O-][N+](=O)[O-])<-n2c(C1)ccc1ccccc12,C32 H27 N5 O6 Zn1,0.0,CC(c1cccc2ccccc12)N12Cc3ccc4ccccc4n3->[Zn+2]<-1(<-[O-][N+](=O)[O-])(<-[O-][N+](=O)[O-])<-n1c(C2)ccc2ccccc21,CC(c1cccc2ccccc12)N12Cc3ccc4ccccc4n3->[Zn+2]<-1(<-[O-][N+](=O)[O-])(<-[O-][N+](=O)[O-])<-n1c(C2)ccc2ccccc21,CC(c1cccc2ccccc12)N12Cc3ccc4ccccc4n3->[Zn+2]<-13(<-[O-][N+](=O)[O-])(<-[O-][N+](=O)[O-]->3)<-n1c(C2)ccc2ccccc21
RUWQIJ,,C16 H26 B1 O1 Zr1 1+,1.0,Cc12->[Zr+4]3456789%10(<-[H][BH2-][H]->3)(<-c(c->41)[cH-]->5c->62)(<-c1c->7c->8(C)c->9[cH-]->%101)<-O1CCCC1,[BH2+]->[ZrH2+2]12345678(<-c9c->1c->2(C)c->3[cH-]->49)(<-c1c->5c->6(C)c->7[cH-]->81)<-O1CCCC1,[BH2+]->[ZrH2+2]12345678(<-c9c->1c->2(C)c->3[cH-]->49)(<-c1c->5c->6(C)c->7[cH-]->81)<-O1CCCC1
RUYDUM,,C30 H43 Mo1 P2 1+,1.0,CC(C)P1(c2ccccc2-c23->[MoH3+]<-145678<-c2c->4c->5(-c1ccccc1P->6(C(C)C)C(C)C)c->7c->83)C(C)C,CC(C)P1(c2ccccc2-c23->[MoH3+]<-145678<-c2c->4c->5(-c1ccccc1P->6(C(C)C)C(C)C)c->7c->83)C(C)C,CC(C)P1(c2ccccc2-c23->[MoH3+]<-145678<-c2c->4c->5(-c1ccccc1P->6(C(C)C)C(C)C)c->7c->83)C(C)C
RUYZUI,CC(C)(C)n1[se][se]n(C(C)(C)C)[se]2->[Pd+2](<-[Cl-])(<-[Cl-])<-[se]1n2C(C)(C)C,C12 H27 Cl2 N3 Pd1 Se4,0.0,CC(C)(C)n1[se][se]n(C(C)(C)C)[se]2->[Pd+2](<-[Cl-])(<-[Cl-])<-[se]1n2C(C)(C)C,CC(C)(C)N=[Se]->[Pd+4](<-[Cl-])(<-[Cl-])<-[Se-]N([Se][Se][N-]C(C)(C)C)C(C)(C)C,CC(C)(C)N=[Se]->[Pd+4](<-[Cl-])(<-[Cl-])<-[Se-]N([Se][Se][N-]C(C)(C)C)C(C)(C)C
RUZVOY,,C9 H24 Ag1 I1 N6 S3,0.0,CCNC(N)=S->[Ag+](<-[I-])(<-S=C(N)NCC)<-S=C(N)NCC,CCNC(N)=S->[Ag+](<-[I-])(<-S=C(N)NCC)<-S=C(N)NCC,CCNC(N)=S.CCNC(N)=S->[Ag+](<-[I-])<-S=C(N)NCC
SABFAD,,C20 H32 N5 O3 Tc1,0.0,CC1=N([O])->[Tc+4]23(<-[O-2])<-N(O)=C(C)C(C)(C)[N-]->2CC(CCc2ccccn2)C[N-]->3C1(C)C,CC1=N([O-])->[Tc+5]23(<-[O-2])<-N(O)=C(C)C(C)(C)[N-]->2CC(CCc2ccccn2)C[N-]->3C1(C)C,CC1=N([O-])->[Tc+5]23(<-[O-2])<-N(O)=C(C)C(C)(C)[N-]->2CC(CCc2ccccn2)C[N-]->3C1(C)C
SABQAO,N#C/C1=C(/[O-]->[Pd+2]2(<-[O-]/C(=C(/C#N)N->2=O)N2CCOCC2)<-N1=O)N1CCOCC1,C14 H16 N6 O6 Pd1,0.0,N#CC1C(=O->[Pd]2(<-O=C(C(C#N)=N->2[O])N2CCOCC2)<-N=1[O])N1CCOCC1,N#CC1=C([O-]->[Pd+2]2(<-[O-]C(=C(C#N)N->2=O)N2CCOCC2)<-N1=O)N1CCOCC1,N#CC1=C([O-]->[Pd+2]2(<-[O-]C(=C(C#N)N->2=O)N2CCOCC2)<-N1=O)N1CCOCC1
SADTIB,,C26 H29 Cl1 O2 P1 Ru1 1+,1.0,fail,CC12=C->[Ru+4]<-134567(<-[Cl-])(<-[CH2-]2)<-c1c->3(C)c->4[c-]->5(C(=O)OCCP->6(c2ccccc2)c2ccccc2)c->71C,CC12=C->[Ru+4]<-134567(<-[Cl-])(<-[CH2-]2)<-c1c->3(C)c->4[c-]->5(C(=O)OCCP->6(c2ccccc2)c2ccccc2)c->71C
SAFBUY,C/C1c2[nH]c3ccccc3n2->[Hg+2](<-[Br-])(<-[Br-])<-N=1\CCCn1ccnc1,C15 H17 Br2 Hg1 N5,0.0,CC1c2[nH]c3ccccc3n2->[Hg+2](<-[Br-])(<-[Br-])<-N=1CCCn1ccnc1,CC1c2[nH]c3ccccc3n2->[Hg+2](<-[Br-])(<-[Br-])<-N=1CCCn1ccnc1,CC(=NCCCn1ccnc1)c1[nH]c2ccccc2n1->[Hg+2](<-[Br-])<-[Br-]
SAFVUQ,COC[CH-]1[CH-]2[CH2-]->[Mo+4]<-1<-23456(<-[C-]#[O+])(<-[C-]#[O+])<-c1c->3c->4[cH-]->5c->61,C12 H14 Mo1 O3,0.0,fail,COCC1=C2[CH2-]->[Mo+2]<-1<-23456(<-[C-]#[O+])(<-[C-]#[O+])<-c1c->3c->4[cH-]->5c->61,COCC1=C2[CH2-]->[Mo+2]<-1<-23456(<-[C-]#[O+])(<-[C-]#[O+])<-c1c->3c->4[cH-]->5c->61
SAGSAU,C=C1CSC(P(c2ccccc2)(c2ccccc2)->[W](<-[C-]#[O+])(<-[C-]#[O+])(<-[C-]#[O+])(<-[C-]#[O+])<-[C-]#[O+])=[N+]1c1ccccc1,C27 H19 N1 O5 P1 S1 W1 1+,1.0,fail,C=C1CSC(P(c2ccccc2)(c2ccccc2)->[W](<-[C-]#[O+])(<-[C-]#[O+])(<-[C-]#[O+])(<-[C-]#[O+])<-[C-]#[O+])=[N+]1c1ccccc1,C=C1CSC(P(c2ccccc2)(c2ccccc2)->[W](<-[C-]#[O+])(<-[C-]#[O+])(<-[C-]#[O+])(<-[C-]#[O+])<-[C-]#[O+])=[N+]1c1ccccc1
SAHBOV,,C20 H33 F1 N8 Ru1,0.0,CN1C=CN(C)[C]1->[RuH+](<-[F-])(<-[C]1N(C)C=CN1C)(<-[C]1N(C)C=CN1C)<-[C]1N(C)C=CN1C,CN1C=CN(C)[C]1->[RuH+](<-[F-])(<-[C]1N(C)C=CN1C)(<-[C]1N(C)C=CN1C)<-[C]1N(C)C=CN1C,CN1C=CN(C)[C]1->[RuH+](<-[F-])(<-[C]1N(C)C=CN1C)(<-[C]1N(C)C=CN1C)<-[C]1N(C)C=CN1C
SAJVAB,O=C1C(c2ccccc2)=C2c3ccccn3->[Zn+2](<-[Cl-])(<-[Cl-])<-n3ccccc3C2=C1c1ccccc1,C27 H18 Cl2 N2 O1 Zn1,0.0,O=C1C(c2ccccc2)=C2c3ccccn3->[Zn+2](<-[Cl-])(<-[Cl-])<-n3ccccc3C2=C1c1ccccc1,[O-]C1=C(c2ccccc2)C2=C3C=CC=C[N-]3->[Zn+4](<-[Cl-])(<-[Cl-])<-n3ccccc3C2=C1c1ccccc1,[O-]C1=C(c2ccccc2)C2=C3C=CC=C[N-]3->[Zn+4](<-[Cl-])(<-[Cl-])<-n3ccccc3C2=C1c1ccccc1
SAKHUJ,,C15 H44 P5 W1 1+,1.0,CP(C)(C)->[WH+3]1(<-[CH-2]P->1(C)C)(<-P(C)(C)C)(<-P(C)(C)C)<-P(C)(C)C,CP(C)#C->[WH+](<-P(C)(C)C)(<-P(C)(C)C)(<-P(C)(C)C)<-P(C)(C)C,CP(C)#C->[WH+](<-P(C)(C)C)(<-P(C)(C)C)(<-P(C)(C)C)<-P(C)(C)C
SAKWIK,,C26 H26 B1 Fe1 N1 O4,0.0,CC1(C)CCCC(C)(C)N1B1=C2(->[Fe]<-1(<-[C-]#[O+])(<-[C-]#[O+])(<-[C-]#[O+])<-[C-]#[O+])c1ccccc1-c1ccccc12,CC1(C)CCCC(C)(C)N1B1=C2(->[Fe]<-1(<-[C-]#[O+])(<-[C-]#[O+])(<-[C-]#[O+])<-[C-]#[O+])c1ccccc1-c1ccccc12,CC1(C)CCCC(C)(C)N1B1=C2(->[Fe]<-1(<-[C-]#[O+])(<-[C-]#[O+])(<-[C-]#[O+])<-[C-]#[O+])c1ccccc1-c1ccccc12
SALHIZ,Cc1c(C)c2cccn3->[Cu+]4(<-n5cccc1c5c23)<-P(CCP->4(c1c(F)c(F)c(F)c(F)c1F)c1c(F)c(F)c(F)c(F)c1F)(c1c(F)c(F)c(F)c(F)c1F)c1c(F)c(F)c(F)c(F)c1F,C40 H16 Cu1 F20 N2 P2 1+,1.0,Cc1c(C)c2cccn3->[Cu+]4(<-n5cccc1c5c23)<-P(CCP->4(c1c(F)c(F)c(F)c(F)c1F)c1c(F)c(F)c(F)c(F)c1F)(c1c(F)c(F)c(F)c(F)c1F)c1c(F)c(F)c(F)c(F)c1F,Cc1c(C)c2cccn3->[Cu+]4(<-n5cccc1c5c23)<-P(CCP->4(c1c(F)c(F)c(F)c(F)c1F)c1c(F)c(F)c(F)c(F)c1F)(c1c(F)c(F)c(F)c(F)c1F)c1c(F)c(F)c(F)c(F)c1F,Cc1c(C)c2cccn3->[Cu+](<-n4cccc1c4c23)<-P(CCP(c1c(F)c(F)c(F)c(F)c1F)c1c(F)c(F)c(F)c(F)c1F)(c1c(F)c(F)c(F)c(F)c1F)c1c(F)c(F)c(F)c(F)c1F
SAMWOS,COP(OC)(OC)->[Cr+2]12345(<-[C-]#[O+])(<-[C-]#[O+])<-[CH+]6[CH+]->1[CH-]->2C->31=C->4([CH-]C=C[CH-]1)C[CH-]->56,C16 H19 Cr1 O5 P1,0.0,fail,COP(OC)(OC)->[Cr]12345(<-[C-]#[O+])(<-[C-]#[O+])<-C6=C->1C->2=C->3c->41ccccc->51C6,COP(OC)(OC)->[Cr]12345(<-[C-]#[O+])(<-[C-]#[O+])<-C6=C->1C->2=C->3c->41ccccc->51C6
SAPSUY,CP(C)(C)->[Ni+2](<-[Br-])(<-[C-]1=C(Br)c2cccc3cccc1c23)<-P(C)(C)C,C18 H24 Br2 Ni1 P2,0.0,CP(C)(C)->[Ni+2](<-[Br-])(<-[C-]1=C(Br)c2cccc3cccc1c23)<-P(C)(C)C,CP(C)(C)->[Ni+2](<-[Br-])(<-[C-]1=C(Br)c2cccc3cccc1c23)<-P(C)(C)C,CP(C)(C)->[Ni+2](<-[Br-])(<-[C-]1=C(Br)c2cccc3cccc1c23)<-P(C)(C)C
SAQFIZ,c1ccc([N-][N-2]->[Tc+5]23(<-N=Nc4ccccn->24)(<-S=c2cccc[n-]->32)<-[S-]c2ccccn2)nc1,C20 H17 N8 S2 Tc1,0.0,fail,c1ccc(N=[N-]->[Tc+5]23(<-[NH-]N=c4cccc[n-]->24)(<-S=c2cccc[n-]->32)<-[S-]c2ccccn2)nc1,c1ccc(N=[N-]->[Tc+5]23(<-[NH-]N=c4cccc[n-]->24)(<-S=c2cccc[n-]->32)<-[S-]c2ccccn2)nc1
SARQOT,Cc1cc(C)n(->[Os+6](<-[N-3])(<-[Cl-])(<-[Cl-])(<-[Cl-])<-n2[nH]c(C)cc2C)[nH]1,C10 H16 Cl3 N5 Os1,0.0,Cc1cc(C)n(->[Os+6](<-[N-3])(<-[Cl-])(<-[Cl-])(<-[Cl-])<-n2[nH]c(C)cc2C)[nH]1,Cc1cc(C)n(->[Os+6](<-[N-3])(<-[Cl-])(<-[Cl-])(<-[Cl-])<-n2[nH]c(C)cc2C)[nH]1,Cc1cc(C)n(->[Os+6](<-[N-3])(<-[Cl-])(<-[Cl-])(<-[Cl-])<-n2[nH]c(C)cc2C)[nH]1
SASKED,,C12 H24 Br1 Co1 N4 O5,0.0,CC1C(C)=N(O)->[Co+]2(<-O)(<-[CH2-]CCCBr)(<-N=1[O])<-N([O])=C(C)C(C)=N->2O,CC1=C(C)[N-](O)->[Co+3]2(<-O)(<-[CH2-]CCCBr)(<-N1=O)<-N(=O)C(C)=C(C)[N-]->2O,CC1=C(C)[N-](O)->[Co+3]2(<-O)(<-[CH2-]CCCBr)(<-N1=O)<-N(=O)C(C)=C(C)[N-]->2O
SASTIS,C\C1c2cc3ccc(=O)cc-3oc2[O-]->[Co+3]234(<-NCCN->2CCN->3)<-[O-]/C(=N\N->4=1)c1ccccc1,C22 H25 Co1 N5 O4 1+,1.0,CC1c2cc3ccc([O-])cc3oc2=O->[Co+3]234(<-NCCN->2CCN->3)<-[O-]C(=NN->4=1)c1ccccc1,CC1c2cc3ccc(=O)cc-3oc2[O-]->[Co+3]234(<-NCCN->2CCN->3)<-[O-]C(=NN->4=1)c1ccccc1,CC1c2cc3ccc(=O)cc-3oc2[O-]->[Co+3]234(<-NCCN->2CCN->3)<-[O-]C(=NN->4=1)c1ccccc1
SATRUC,,C36 H26 Ir1 N5,0.0,C1=CC2=C(c3ccncc3)c3ccc[n-]3->[Ir+3]34(<-[c-]5ccccc5-c5ccccn->35)(<-[c-]3ccccc3-c3ccccn->43)<-N2=C1,C1=CC2=C(c3ccncc3)c3ccc[n-]3->[Ir+3]34(<-[c-]5ccccc5-c5ccccn->35)(<-[c-]3ccccc3-c3ccccn->43)<-N2=C1,C1=CC2=C(c3ccncc3)c3ccc[n-]3->[Ir+3]34(<-[c-]5ccccc5-c5ccccn->35)(<-[c-]3ccccc3-c3ccccn->43)<-N2=C1
SAVNOS,,C6 H14 Cl1 Mo1 N4 O2 S1 1+,1.0,O=[N-]->[Mo+4]12(<-[Cl-])(<-[N-]=O)<-N3CCN->1CCS->2CC3,O=[N-]->[Mo+6]12(<-[Cl-])(<-[N-]=O)<-[N-]3CC[N-]->1CCS->2CC3,O=[N-]->[Mo+6]12(<-[Cl-])(<-[N-]=O)<-[N-]3CC[N-]->1CCS->2CC3
SAWTOC,O=C1[O-]->[Cd+2]2(<-[O-]C(=O)c3cc(-c4ccc([N+](=O)[O-])cc4)cc(-c4ccccn4)n->23)<-n2c1cc(-c1ccc([N+](=O)[O-])cc1)cc2-c1ccccn1,C34 H20 Cd1 N6 O8,0.0,O=C1[O-]->[Cd+2]234(<-[O-]C(=O)c5cc(-c6ccc([N+](=O)[O-])cc6)cc(-c6ccccn->26)n->35)<-n2ccccc2-c2cc(-c3ccc([N+](=O)[O-])cc3)cc1n->42,O=C1[O-]->[Cd+2]234(<-[O-]C(=O)c5cc(-c6ccc([N+](=O)[O-])cc6)cc(-c6ccccn->26)n->35)<-n2ccccc2-c2cc(-c3ccc([N+](=O)[O-])cc3)cc1n->42,O=C1[O-]->[Cd+2]234(<-[O-]C(=O)c5cc(-c6ccc([N+](=O)[O-])cc6)cc(-c6ccccn->26)n->35)<-n2ccccc2-c2cc(-c3ccc([N+](=O)[O-])cc3)cc1n->42
SAYHEF,N#C[S-]->[Pd@TB8+2]1(<-[N-]=C=S)<-P(CCCC[P@TB10]->1(c1ccccc1)c1ccccc1)(c1ccccc1)c1ccccc1,C30 H28 N2 P2 Pd1 S2,0.0,N#C[S-]->[Pd+2]1(<-[N-]=C=S)<-P(CCCCP->1(c1ccccc1)c1ccccc1)(c1ccccc1)c1ccccc1,N#C[S-]->[Pd+2]1(<-[N-]=C=S)<-P(CCCCP->1(c1ccccc1)c1ccccc1)(c1ccccc1)c1ccccc1,N#C1[S-]->[Pd+2]<-12(<-[N-]=C=S)<-P(CCCCP->2(c1ccccc1)c1ccccc1)(c1ccccc1)c1ccccc1
SAZDAB,CN(C)[C](->[Cu+]<-[N-]([Si](C)(C)C)[Si](C)(C)C)N(C)C,C11 H30 Cu1 N3 Si2,0.0,CN(C)[C](->[Cu+]<-[N-]([Si](C)(C)C)[Si](C)(C)C)N(C)C,CN(C)[C](->[Cu+]<-[N-]([Si](C)(C)C)[Si](C)(C)C)N(C)C,CN(C)[C](->[Cu+]<-[N-]([Si](C)(C)C)[Si](C)(C)C)N(C)C
SEBJEO,,C18 H16 Cr1 N2 O6,0.0,COC(=N[C](C=CN(C)C)->[Cr](<-[C-]#[O+])(<-[C-]#[O+])(<-[C-]#[O+])(<-[C-]#[O+])<-[C-]#[O+])c1ccccc1,COC(=N[C](C=CN(C)C)->[Cr](<-[C-]#[O+])(<-[C-]#[O+])(<-[C-]#[O+])(<-[C-]#[O+])<-[C-]#[O+])c1ccccc1,COC(=N[C](C=CN(C)C)->[Cr](<-[C-]#[O+])(<-[C-]#[O+])(<-[C-]#[O+])(<-[C-]#[O+])<-[C-]#[O+])c1ccccc1
SECTEA,CS(C)(=O)->[Pt+2](<-[Cl-])(<-[Cl-])<-S=P(c1ccccc1)(c1ccccc1)c1ccccc1,C20 H21 Cl2 O1 P1 Pt1 S2,0.0,CS(C)(=O)->[Pt+3](<-[Cl-])(<-[Cl-])<-[S-][P](c1ccccc1)(c1ccccc1)c1ccccc1,CS(C)(=O)->[Pt+2](<-[Cl-])(<-[Cl-])<-S=P(c1ccccc1)(c1ccccc1)c1ccccc1,CS(C)(=O)->[Pt+2](<-[Cl-])(<-[Cl-])<-S=P(c1ccccc1)(c1ccccc1)c1ccccc1
SEDKIV,CN1(C)CCN(C)(C)->[Pd+2]<-1(<-[CH3-])<-[CH3-],C8 H22 N2 Pd1,0.0,CN1(C)CCN(C)(C)->[Pd+2]<-1(<-[CH3-])<-[CH3-],CN1(C)CCN(C)(C)->[Pd+2]<-1(<-[CH3-])<-[CH3-],CN1(C)CCN(C)(C)->[Pd+2]<-1(<-[CH3-])<-[CH3-]
SEGSAA,Brc1ccc(-c2nc3c4cccn(->[Hg+2](<-[I-])<-[I-])c4c4ncccc4c3[nH]2)s1,C17 H9 Br1 Hg1 I2 N4 S1,0.0,Brc1ccc(-c2nc3c4cccn5->[Hg+2](<-[I-])(<-[I-])<-n6cccc(c3[nH]2)c6c45)s1,Brc1ccc(-c2nc3c4cccn5->[Hg+2](<-[I-])(<-[I-])<-n6cccc(c3[nH]2)c6c45)s1,Brc1ccc(-c2nc3c4cccnc4c4ncccc4c3[nH]2)s1.[I-]->[Hg+2]<-[I-]
SEJGIA,,C35 H43 Mo1 N3,0.0,CC1=C2C=CC=C3C(C)=N(c4c(C)cc(C)cc4C)->[Mo+2]456(<-C7=C->4CCC->5=C->6CC7)(<-[N-]32)<-[N-]1c1c(C)cc(C)cc1C,CC1c2cccc3C(C)=N(c4c(C)cc(C)cc4C)->[Mo]456(<-C7=C->4CCC->5=C->6CC7)(<-N=1c1c(C)cc(C)cc1C)<-n23,C=C1C=C(C)C=C(C)C1=N1C(C)=C2C=CC=C3C(C)=N(c4c(C)cc(C)cc4C)->[MoH+]<-1456(<-C1=C->4CCC->5=C->6CC1)<-[N-]32
SEKCUG,,C36 H40 O1 Zr1,0.0,Cc12->[Zr+4]3456789%10%11(<-[O-]C(=C[C-]->3=C(C[c-]->43c->5(C)c->6(C)c->7(C)c->83C)c3ccccc3)c3ccccc3)<-c1(C)c->9(C)[c-]->%10(C)c->%112C,Cc12->[Zr+4]3456789%10%11(<-[O-]C(=C[C-]->3=C(Cc->43c->5(C)c->6(C)c->7(C)[c-]->83C)c3ccccc3)c3ccccc3)<-c1(C)c->9(C)[c-]->%10(C)c->%112C,Cc12->[Zr+4]3456789%10%11(<-[O-]C(=C[C-]->3=C(Cc->43c->5(C)c->6(C)c->7(C)[c-]->83C)c3ccccc3)c3ccccc3)<-c1(C)c->9(C)[c-]->%10(C)c->%112C
SEKROP,CC(C)(C)c1cc2[O-]->[V+5]34(<-[N-2]S[N+]#S[N-2]->3)(<-[O-]c2c(C(C)(C)C)c1)<-n1cccc2ccc3cccn->4c3c21,C26 H28 N5 O2 S2 V1,0.0,fail,CC(C)(C)c1cc2[O-]->[V+5]34(<-[N-2]SN=S=[N-]->3)(<-[O-]c2c(C(C)(C)C)c1)<-n1cccc2ccc3cccn->4c3c21,CC(C)(C)c1cc2[O-]->[V+5]34(<-[N-2]SN=S=[N-]->3)(<-[O-]c2c(C(C)(C)C)c1)<-n1cccc2ccc3cccn->4c3c21
SELSEI,[Cl-]->[Fe+2]12(<-n3ccccc3)<-n3cccn3[B@@-]3(c4ccccc4)n4ccc[n+]4[B@@-](c4ccccc4)(n4cccn->14)O->23,C26 H24 B2 Cl1 Fe1 N7 O1,0.0,[Cl-]->[Fe+2]12(<-n3ccccc3)<-[n-]3ccc[n+]3[B-]3(c4ccccc4)n4ccc[n+]4[B-](c4ccccc4)([n+]4ccc[n-]->14)O->23,[Cl-]->[Fe+2]12(<-n3ccccc3)<-n3cccn3[B-]3(c4ccccc4)n4ccc[n+]4[B-](c4ccccc4)(n4cccn->14)O->23,[Cl-]->[Fe+2]12(<-n3ccccc3)<-n3cccn3[B-]3(c4ccccc4)n4ccc[n+]4[B-](c4ccccc4)(n4cccn->14)O->23
SEMPAB,C1=C/C2=C(\c3ccccc3)c3ccc4[n-]3->[Zn@SP1+2]35<-N2=C1C(=C1[CH+][CH-][CH-][CH+][CH-]1)c1ccc([n-]->31)C(=C1[CH+][CH+][CH+][CH-][CH-]1)c1ccc([n-]->51)C4=C1[CH+][CH+][CH+][CH-][CH-]1,C44 H28 N4 Zn1,0.0,C1=Cc2c(-c3ccccc3)c3ccc4c(-c5ccccc5)c5n6->[Zn+2]7(<-n2c1c(-c1ccccc1)c1ccc(c(-c2ccccc2)c6C=C5)[n-]->71)<-[n-]34,C1=CC2=N3->[Zn]45<-N6=C(C=CC6=C(c6ccccc6)C6=N->4C(=C(c4ccccc4)C4=N->5C(=C2c2ccccc2)C=C4)C=C6)C(c2ccccc2)=C13,C1=CC2=N3->[Zn]45<-N6=C(C=CC6=C(c6ccccc6)C6=N->4C(=C(c4ccccc4)C4=N->5C(=C2c2ccccc2)C=C4)C=C6)C(c2ccccc2)=C13
SEPPAG,c1ccc(P2(c3ccccc3)c3ccccc3[B-]34c5ccccc5P(c5ccccc5)(c5ccccc5)->[Fe+2]<-3<-256789<-C2=C->5C->6=4C->7=C->8[CH-]->92)cc1,C42 H33 B1 Fe1 P2,0.0,fail,c1ccc(P2(c3ccccc3)c3ccccc3B34c5ccccc5P(c5ccccc5)(c5ccccc5)->[Fe]<-3<-256789<-c2c->5c->6c->74c->8c->92)cc1,c1ccc(P2(c3ccccc3)c3ccccc3B34c5ccccc5P(c5ccccc5)(c5ccccc5)->[Fe]<-3<-256789<-c2c->5c->6c->74c->8c->92)cc1
SEQJAA,CC(=O)[O-]->[Cd+2]123<-N(=C\C(=C/[N-]->1c1cccc4cccn->2c14)c1ccc(C)cc1)/c1cccc2cccn->3c12,C30 H24 Cd1 N4 O2,0.0,fail,CC(=O)[O-]->[Cd+2]123<-N(=CC(=C[N-]->1c1cccc4cccn->2c14)c1ccc(C)cc1)c1cccc2cccn->3c12,Cc1ccc(C2=C[N-]3c4cccc5cccn(->[Cd+2]<-3678(<-O=C->6(C)[O-]->7)<-N(=C2)c2cccc3cccn->8c23)c45)cc1
SERFIE,C[CH-]1[C-]23->[Cr+2]<-1456(<-[C-]#[O+])(<-[C-]#[O+])(<-[C-]#[O+])<-[CH+]([C@@H]2C(C)(C)C)[CH+]->4[CH-]->5[CH-]->63,C15 H18 Cr1 O3,0.0,fail,CC1=C23->[Cr]<-1456(<-[C-]#[O+])(<-[C-]#[O+])(<-[C-]#[O+])<-C(=C->4C->5=C->62)C3C(C)(C)C,CC1=C23->[Cr]<-1456(<-[C-]#[O+])(<-[C-]#[O+])(<-[C-]#[O+])<-C(=C->4C->5=C->62)C3C(C)(C)C
SESPIQ,,C28 H20 N2 O7 Zn1,0.0,O=Cc1ccc(C(=O)[O-]->[Zn+2]2(<-O)(<-[O-]C(=O)c3ccc(C=O)cc3)<-n3cccc4ccc5cccn->2c5c43)cc1,O=Cc1ccc(C(=O)[O-]->[Zn+2]2(<-O)(<-[O-]C(=O)c3ccc(C=O)cc3)<-n3cccc4ccc5cccn->2c5c43)cc1,O=Cc1ccc(C(=O)[O-]->[Zn+2]234(<-O)(<-O=C->2([O-]->3)c2ccc(C=O)cc2)<-n2cccc3ccc5cccn->4c5c32)cc1
SESZIC,N#C/C1[S-]->[Mo+4]2(<-[C-]#N)(<-[S-]/C=1C#N)(<-[S-]/C(C#N)=C(\C#N)[S-]->2)<-P(c1ccccc1)(c1ccccc1)c1ccccc1,C27 H15 Mo1 N5 P1 S4 1-,-1.0,N#CC1[S-]->[Mo+4]2(<-[C-]#N)(<-[S-]C=1C#N)(<-[S-]C(C#N)=C(C#N)[S-]->2)<-P(c1ccccc1)(c1ccccc1)c1ccccc1,N#CC1[S-]->[Mo+4]2(<-[C-]#N)(<-[S-]C=1C#N)(<-[S-]C(C#N)=C(C#N)[S-]->2)<-P(c1ccccc1)(c1ccccc1)c1ccccc1,N#CC1[S-]->[Mo+4]2(<-[C-]#N)(<-[S-]C=1C#N)(<-[S-]C(C#N)=C(C#N)[S-]->2)<-P(c1ccccc1)(c1ccccc1)c1ccccc1
SETXAR,[O-2]->[V+5]12(<-[O-2])<-O=C3C=Cc4ccccc4/C3=C/N->1=N/C([O-]->2)=C1C=CNC=C1,C17 H12 N3 O4 V1,0.0,[O-2]->[V+5]12(<-[O-2])<-[O-]C(=NN->1=Cc1c([O-]->2)ccc2ccccc12)c1cc[nH+]cc1,[O-2]->[V+5]12(<-[O-2])<-O=C3C=Cc4ccccc4C3=CN->1=NC([O-]->2)=C1C=CNC=C1,[O-2]->[V+5]12(<-[O-2])<-O=C3C=Cc4ccccc4C3=CN->1=NC([O-]->2)=C1C=CNC=C1
SEVLAH,CC1(C)OP2(->[Pd@+2](<-[CH3-])(<-O)<-N3=C1OCC3(C)C)Oc1ccccc1-c1ccccc12,C21 H27 N1 O4 P1 Pd1 1+,1.0,CC1(C)OP2(->[Pd+2](<-[CH3-])(<-O)<-N3=C1OCC3(C)C)Oc1ccccc1-c1ccccc12,CC1(C)OP2(->[Pd+2](<-[CH3-])(<-O)<-N3=C1OCC3(C)C)Oc1ccccc1-c1ccccc12,CC1(C)OP2(->[Pd+2](<-[CH3-])(<-O)<-N3=C1OCC3(C)C)Oc1ccccc1-c1ccccc12
SEWPIU,Cc1cc(=O)n2n1[C](->[Cr](<-[C-]#[O+])(<-[C-]#[O+])(<-[C-]#[O+])(<-[C-]#[O+])<-[C-]#[O+])C=C2c1ccccc1,C18 H10 Cr1 N2 O6,0.0,Cc1cc(=O)n2n1[C](->[Cr](<-[C-]#[O+])(<-[C-]#[O+])(<-[C-]#[O+])(<-[C-]#[O+])<-[C-]#[O+])C=C2c1ccccc1,Cc1cc(=O)n2n1[C](->[Cr](<-[C-]#[O+])(<-[C-]#[O+])(<-[C-]#[O+])(<-[C-]#[O+])<-[C-]#[O+])C=C2c1ccccc1,Cc1cc(=O)n2n1[C](->[Cr](<-[C-]#[O+])(<-[C-]#[O+])(<-[C-]#[O+])(<-[C-]#[O+])<-[C-]#[O+])C=C2c1ccccc1
SEWZUR,CC(C)P(=[Se]->[Au+]<-[Cl-])(C(C)(C)C)C(C)(C)C,C11 H25 Au1 Cl1 P1 Se1,0.0,CC(C)P(=[Se]->[Au+]<-[Cl-])(C(C)(C)C)C(C)(C)C,CC(C)P(=[Se]->[Au+]<-[Cl-])(C(C)(C)C)C(C)(C)C,CC(C)P(=[Se]->[Au+]<-[Cl-])(C(C)(C)C)C(C)(C)C
SEZBOP,COC(=O)/C=C\[C@@H]1[C@@H]([C](OC)->[W](<-[C-]#[O+])(<-[C-]#[O+])(<-[C-]#[O+])(<-[C-]#[O+])<-[C-]#[O+])[C@@H]1[C@H]1COC(C)(C)O1,C19 H20 O10 W1,0.0,COC(=O)C=CC1C([C-2](OC)->[W+2](<-[C-]#[O+])(<-[C-]#[O+])(<-[C-]#[O+])(<-[C-]#[O+])<-[C-]#[O+])C1C1COC(C)(C)O1,COC(=O)C=CC1C([C](OC)->[W](<-[C-]#[O+])(<-[C-]#[O+])(<-[C-]#[O+])(<-[C-]#[O+])<-[C-]#[O+])C1C1COC(C)(C)O1,COC(=O)C=CC1C([C](OC)->[W](<-[C-]#[O+])(<-[C-]#[O+])(<-[C-]#[O+])(<-[C-]#[O+])<-[C-]#[O+])C1C1COC(C)(C)O1
SIBCAJ,CCCCN1C=CN2c3cccc4N5C=CN(CCCC)[C]5->[Ru+2](<-[Br-])(<-[C-]#[O+])(<-[C-]#[O+])(<-[C]12)<-[c-]34,C22 H25 Br1 N4 O2 Ru1,0.0,CCCCN1C=CN2c3cccc4N5C=CN(CCCC)[C]5->[Ru+2](<-[Br-])(<-[C-]#[O+])(<-[C-]#[O+])(<-[C]12)<-[c-]34,CCCCN1C=CN2c3cccc4N5C=CN(CCCC)[C]5->[Ru+2](<-[Br-])(<-[C-]#[O+])(<-[C-]#[O+])(<-[C]12)<-[c-]34,CCCCN1C=CN2c3cccc4N5C=CN(CCCC)[C]5->[Ru+2](<-[Br-])(<-[C-]#[O+])(<-[C-]#[O+])(<-[C]12)<-[c-]34
SICBIP,C/C1=C(\C)[N-]2O[B-]3(C)O/N4=C(C)/C(C)=N(/O)->[Tc+3]<-4<-25(<-[Cl-])(<-N1=O)<-N(/O)=C(C)\C(C)=N->5\O3,C13 H23 B1 Cl1 N6 O6 Tc1,0.0,CC1C(C)=N2O[B-]3(C)ON4=C(C)C(C)=N(O)->[Tc+2]<-2<-45(<-[Cl-])(<-N=1[O])<-N(O)=C(C)C(C)=N->5O3,CC1=C(C)[N-]2O[B-]3(C)ON4=C(C)C(C)=N(O)->[Tc+3]<-4<-25(<-[Cl-])(<-N1=O)<-N(O)=C(C)C(C)=N->5O3,CC1=C(C)[N-]2O[B-]3(C)ON4=C(C)C(C)=N(O)->[Tc+3]<-4<-25(<-[Cl-])(<-N1=O)<-N(O)=C(C)C(C)=N->5O3
SIDGAO,CCCN(CCC)C1/N=N2/C=C3/C=C(C)N[N-]3->[Co+3]<-234(<-S=1)<-S=C(/N=N->3/C=C1/C=C(C)N[N-]->41)N(CCC)CCC,C24 H40 Co1 N10 S2 1+,1.0,CCCN(CCC)C1=NN2=Cc3cc(C)[nH]n3->[Co+3]<-234(<-[S-]1)<-[S-]C(=NN->3=Cc1cc(C)[nH]n->41)N(CCC)CCC,CCCN(CCC)C1N=N2C=C3C=C(C)N[N-]3->[Co+3]<-234(<-S=1)<-S=C(N=N->3C=C1C=C(C)N[N-]->41)N(CCC)CCC,CCCN(CCC)C1N=N2C=C3C=C(C)N[N-]3->[Co+3]<-234(<-S=1)<-S=C(N=N->3C=C1C=C(C)N[N-]->41)N(CCC)CCC
SIDNUQ,,C21 H26 Br2 N2 O1 Zn1,0.0,CN1(C)CCN(C)(C)->[Zn+2]<-1(<-[O-]c1c(Br)cccc1Br)<-[cH-]1ccc2ccccc21,CN1(C)CCN(C)(C)->[Zn+2]<-1(<-[O-]c1c(Br)cccc1Br)<-[cH-]1ccc2ccccc21,CN1(C)CCN(C)(C)->[Zn+2]<-1(<-[O-]c1c(Br)cccc1Br)<-[cH-]1ccc2ccccc21
SIFJIC,Cc1cccc(C)c1OC1=C(->[Fe](<-[C-]#[O+])(<-[C-]#[O+])(<-[C-]#[O+])<-[C-]#[O+])=C(Oc2c(C)cccc2C)N(c2ccccc2)N1c1ccccc1,C35 H28 Fe1 N2 O6,0.0,fail,Cc1cccc(C)c1OC1=C(->[Fe](<-[C-]#[O+])(<-[C-]#[O+])(<-[C-]#[O+])<-[C-]#[O+])=C(Oc2c(C)cccc2C)N(c2ccccc2)N1c1ccccc1,Cc1cccc(C)c1OC1=C(->[Fe](<-[C-]#[O+])(<-[C-]#[O+])(<-[C-]#[O+])<-[C-]#[O+])=C(Oc2c(C)cccc2C)N(c2ccccc2)N1c1ccccc1
SIGFEV,CN[C](c1ccccc1)->[Fe+2]1234(<-[C-]#[O+])(<-[S-][Si](c5ccccc5)(c5ccccc5)c5ccccc5)<-c5c->1c->2[cH-]->3c->45,C32 H29 Fe1 N1 O1 S1 Si1,0.0,CN[C](c1ccccc1)->[Fe+2]1234(<-[C-]#[O+])(<-[S-][Si](c5ccccc5)(c5ccccc5)c5ccccc5)<-c5c->1c->2[cH-]->3c->45,CN[C](c1ccccc1)->[Fe+2]1234(<-[C-]#[O+])(<-[S-][Si](c5ccccc5)(c5ccccc5)c5ccccc5)<-c5c->1c->2[cH-]->3c->45,CN[C](c1ccccc1)->[Fe+2]1234(<-[C-]#[O+])(<-[S-][Si](c5ccccc5)(c5ccccc5)c5ccccc5)<-c5c->1c->2[cH-]->3c->45
SIGQII,CC(C)(C)[N-2]->[W+6]1234(<-[CH3-])(<-[CH3-])(<-[Cl-])<-c5(C)c->1(C)c->2(C)[c-]->3(C)c->45C,C16 H30 Cl1 N1 W1,0.0,CC(C)(C)[N-2]->[W+6]1234(<-[CH3-])(<-[CH3-])(<-[Cl-])<-c5(C)c->1(C)c->2(C)[c-]->3(C)c->45C,CC(C)(C)[N-2]->[W+6]1234(<-[CH3-])(<-[CH3-])(<-[Cl-])<-c5(C)c->1(C)c->2(C)[c-]->3(C)c->45C,CC(C)(C)[N-2]->[W+6]1234(<-[CH3-])(<-[CH3-])(<-[Cl-])<-c5(C)c->1(C)c->2(C)[c-]->3(C)c->45C
SIHLIG,,C23 H33 N2 O1 P1 Ru1,0.0,CC12[CH2-]->[RuH+]3(<-[C-]#[O+])(<-n4ccccc41)<-n1c(CP->3(C(C)(C)C)C(C)(C)C)cccc12,CC12[CH2-]->[RuH+]3(<-[C-]#[O+])(<-n4ccccc41)<-n1c(CP->3(C(C)(C)C)C(C)(C)C)cccc12,CC12[CH2-]->[RuH+]3(<-[C-]#[O+])(<-n4ccccc41)<-n1c(CP->3(C(C)(C)C)C(C)(C)C)cccc12
SIJJOM,Cc1ccc(/N2=C(\N=c3n(-c4c(C)cc(C)cc4C)ccn3-c3c(C)cc(C)cc3C)[O-]->[Ti+4]<-23456(<-[Cl-])(<-[Cl-])<-c2c->3c->4[cH-]->5c->62)cc1,C34 H36 Cl2 N4 O1 Ti1,0.0,Cc1ccc(N2=C(N=c3n(-c4c(C)cc(C)cc4C)ccn3-c3c(C)cc(C)cc3C)[O-]->[Ti+4]<-23456(<-[Cl-])(<-[Cl-])<-c2c->3c->4[cH-]->5c->62)cc1,Cc1ccc(N2=C(N=c3n(-c4c(C)cc(C)cc4C)ccn3-c3c(C)cc(C)cc3C)[O-]->[Ti+4]<-23456(<-[Cl-])(<-[Cl-])<-c2c->3c->4[cH-]->5c->62)cc1,Cc1ccc(N2=C(N=c3n(-c4c(C)cc(C)cc4C)ccn3-c3c(C)cc(C)cc3C)[O-]->[Ti+4]<-23456(<-[Cl-])(<-[Cl-])<-c2c->3c->4[cH-]->5c->62)cc1
SIJROU,COC(=O)C1=C->[Ni]<-12<-P(CCP->2(C(C)(C)C)C(C)(C)C)(C(C)(C)C)C(C)(C)C,C22 H46 Ni1 O2 P2,0.0,COC(=O)C1=C->[Ni]<-12<-P(CCP->2(C(C)(C)C)C(C)(C)C)(C(C)(C)C)C(C)(C)C,COC(=O)C1=C->[Ni]<-12<-P(CCP->2(C(C)(C)C)C(C)(C)C)(C(C)(C)C)C(C)(C)C,COC1(=O)C2=C->[Ni]<-2<-13<-P(CCP->3(C(C)(C)C)C(C)(C)C)(C(C)(C)C)C(C)(C)C
SIKZOE,[O+]#[C-]->[Cr+2]12345(<-[C-]#[O+])(<-[C-]#[O+])<-c6c->1(-c1ccccc1)c->2([CH-]->3c1ccccc1)c->4[c-]->56-c1ccccc1,C27 H18 Cr1 O3,0.0,[O+]#[C-]->[Cr]12345(<-[C-]#[O+])(<-[C-]#[O+])<-C6=C->1(c1ccccc1)C->2=C->3(c1ccccc1)C->46=C->5c1ccccc1,[O+]#[C-]->[Cr]12345(<-[C-]#[O+])(<-[C-]#[O+])<-C6=C->1(c1ccccc1)C->2=C->3(c1ccccc1)C->46=C->5c1ccccc1,[O+]#[C-]->[Cr]12345(<-[C-]#[O+])(<-[C-]#[O+])<-C6=C->1(c1ccccc1)C->2=C->3(c1ccccc1)C->46=C->5c1ccccc1
SILXUI,Cc1ccc(C)n1CC[N-](c1ccccc1)->[La+3]12(<-N(=C\c3ccc[n-]->13)/C(C)(C)C)<-N(=C\c1ccc[n-]->21)/C(C)(C)C,C32 H43 La1 N6,0.0,Cc1c[c-]2->[La+4]345(<-N(=Cc6ccc[n-]->36)C(C)(C)C)(<-N(=Cc3ccc[n-]->43)C(C)(C)C)<-[N-](CCn1c->52C)c1ccccc1,CC(C)(C)N1CC2CCCN2[La]1234567(<-C1C->2C->3(C)N->4(CCN5C2CCCCC2)C->61C)N1CCCC1CN7C(C)(C)C,CC1CC2->[La]34(N(CCN1C2C)C1CCCCC1)(N1CCCC1CN3C(C)(C)C)N1CCCC1CN4C(C)(C)C
SIMQOU,CC1(C)OC[C@H]([C@@H]2CC[C](->[Cr](<-[C-]#[O+])(<-[C-]#[O+])(<-[C-]#[O+])(<-[C-]#[O+])<-[C-]#[O+])O2)O1,C14 H14 Cr1 O8,0.0,CC1(C)OCC(C2CC[C-2](->[Cr+2](<-[C-]#[O+])(<-[C-]#[O+])(<-[C-]#[O+])(<-[C-]#[O+])<-[C-]#[O+])O2)O1,CC1(C)OCC(C2CC[C](->[Cr](<-[C-]#[O+])(<-[C-]#[O+])(<-[C-]#[O+])(<-[C-]#[O+])<-[C-]#[O+])O2)O1,CC1(C)OCC(C2CC[C](->[Cr](<-[C-]#[O+])(<-[C-]#[O+])(<-[C-]#[O+])(<-[C-]#[O+])<-[C-]#[O+])O2)O1
SINCAT,[CH+]1[CH+][CH-][CH-][C+]([N-]2[C+]([c+]3[cH+][cH+][cH-][cH-][cH-]3)[C-]([c-]3[cH+][cH-][cH+][cH+][cH-]3)[N-]([C-]3[CH+][CH+][CH-][CH-][CH-]3)->[Zr+4]<-23456789%10(<-c2c->3c->4[cH-]->5c->62)<-c2c->7c->8[cH-]->9c->%102)[CH+]1,C36 H30 N2 Zr1,0.0,c1ccc(C2=C(c3ccccc3)[N-](c3ccccc3)->[Zr+4]3456789%10(<-c%11c->3c->4[cH-]->5c->6%11)(<-c3c->7c->8[cH-]->9c->%103)<-[N-]2c2ccccc2)cc1,c1ccc(C2C(c3ccccc3)=N(c3ccccc3)->[Zr+2]3456789%10(<-c%11c->3c->4[cH-]->5c->6%11)(<-c3c->7c->8[cH-]->9c->%103)<-N=2c2ccccc2)cc1,c1ccc(C2C(c3ccccc3)=N(c3ccccc3)->[Zr+2]3456789%10(<-c%11c->3c->4[cH-]->5c->6%11)(<-c3c->7c->8[cH-]->9c->%103)<-N=2c2ccccc2)cc1
SIPCUQ,,C18 H17 Cl2 N1 O5 W1,0.0,fail,CC1=CC(C)=O->[W+2]23(<-[C-]#[O+])(<-N#C->2c2c(Cl)cccc2Cl)(<-O=C(C)C=C(C)[O-]->3)<-[O-]1,CC1=CC(C)=O->[W+2]23(<-[C-]#[O+])(<-N#C->2c2c(Cl)cccc2Cl)(<-O=C(C)C=C(C)[O-]->3)<-[O-]1
SIPQOX,CCP1(CC)CCP(CC)(CC)->[Pt+2]<-12<-[c-]1ccccc1-c1cccc[c-]->21,C22 H32 P2 Pt1,0.0,CCP1(CC)CCP(CC)(CC)->[Pt+2]<-12<-[c-]1ccccc1-c1cccc[c-]->21,CCP1(CC)CCP(CC)(CC)->[Pt+2]<-12<-[c-]1ccccc1-c1cccc[c-]->21,CCP1(CC)CCP(CC)(CC)->[Pt+2]<-12<-[c-]1ccccc1-c1cccc[c-]->21
SIQPUG,,C23 H26 Co1 F4 N1 P2,0.0,CP(C)(C)->[CoH+2]12(<-[c-]3c(F)c(F)c(F)c(F)c3C=N->1c1cccc3ccc[c-]->2c13)<-P(C)(C)C,CP(C)(C)->[CoH+2]12(<-[c-]3c(F)c(F)c(F)c(F)c3C=N->1c1cccc3ccc[c-]->2c13)<-P(C)(C)C,CP(C)(C)->[CoH+2]12(<-[c-]3c(F)c(F)c(F)c(F)c3C=N->1c1cccc3ccc[c-]->2c13)<-P(C)(C)C
SIRMUD,COc1cccc2/C=N3/CCC/N4=C/c5cccc(OC)c5OCC(=O)[O-]->[Zn+2]<-3<-4<-[O-]C(=O)COc21,C23 H24 N2 O8 Zn1,0.0,COc1cccc2C=N3CCCN4=Cc5cccc(OC)c5O5CC(=O)[O-]->[Zn+2]<-3<-4<-56<-[O-]C(=O)CO->6c21,COc1cccc2C=N3CCCN4=Cc5cccc(OC)c5O5CC(=O)[O-]->[Zn+2]<-3<-4<-56<-[O-]C(=O)CO->6c21,COc1cccc2C=N3CCCN4=Cc5cccc(OC)c5O5CC(=O)[O-]->[Zn+2]<-3<-4<-56<-[O-]C(=O)CO->6c21
SISHEJ,Fc1c(F)c(F)c(/C2c3c(F)c(F)c(F)c(F)[c-]3->[Zr+4]3456789%10%11(<-Fc%12c(F)c(F)c(F)c(F)c%12\[C-]->3=2)(<-c2c->4c->5[cH-]->6c->72)<-c2c->8c->9[cH-]->%10c->%112)c(F)c1F,C30 H10 F14 Zr1,0.0,Fc1c(F)c(F)c(C2c3c(F)c(F)c(F)c(F)[c-]3->[Zr+4]3456789%10(<-[C-]=2c2c(F)c(F)c(F)c(F)c2F)(<-c2c->3c->4[cH-]->5c->62)<-c2c->7c->8[cH-]->9c->%102)c(F)c1F,Fc1c(F)c(F)c(C2c3c(F)c(F)c(F)c(F)[c-]3->[Zr+4]3456789%10(<-[C-]=2c2c(F)c(F)c(F)c(F)c2F)(<-c2c->3c->4[cH-]->5c->62)<-c2c->7c->8[cH-]->9c->%102)c(F)c1F,Fc1c(F)c(F)c(C2c3c(F)c(F)c(F)c(F)[c-]3->[Zr+4]3456789%10(<-[C-]=2c2c(F)c(F)c(F)c(F)c2F)(<-c2c->3c->4[cH-]->5c->62)<-c2c->7c->8[cH-]->9c->%102)c(F)c1F
SITFEG,S=C=[N-]->[Ni+2]1(<-[N-]=C=S)<-n2c3cccc2CSCCP->1(c1ccccc1)CCSC3,C19 H20 N3 Ni1 P1 S4,0.0,S=C=[N-]->[Ni+2]123(<-[N-]=C=S)<-n4c5cccc4CS->1CCP->2(c1ccccc1)CCS->3C5,S=C=[N-]->[Ni+2]123(<-[N-]=C=S)<-n4c5cccc4CS->1CCP->2(c1ccccc1)CCS->3C5,S=C=[N-]->[Ni+2]1(<-[N-]=C=S)<-n2c3cccc2CSCCP->1(c1ccccc1)CCSC3
SIVLOB,,C19 H36 Cl1 Ir1 N2 Si1,0.0,CCN1(CC)Cc2cccc3C[Si-](C(C)(C)C)(C(C)(C)C)->[IrH+2]<-1(<-[Cl-])<-n23,CCN1(CC)Cc2cccc3C[Si-](C(C)(C)C)(C(C)(C)C)->[IrH+2]<-1(<-[Cl-])<-n23,CCN1(CC)Cc2cccc3C[Si-](C(C)(C)C)(C(C)(C)C)->[IrH+2]<-1(<-[Cl-])<-n23
SIWDIN,CC1=C/C2=C/[N-]3c4ccccc4S(C)->[Co+3]<-345(<-N2=N1)<-N1=NC(C)=C/C1=C/[N-]->4c1ccccc1S->5C,C24 H24 Co1 N6 S2 1+,1.0,Cc1cc2C=N3c4ccccc4S(C)->[Co+3]<-345(<-N(=Cc3cc(C)n[n-]->43)c3ccccc3S->5C)<-[n-]2n1,CC1=CC2=C[N-]3c4ccccc4S(C)->[Co+3]<-345(<-N2=N1)<-N1=NC(C)=CC1=C[N-]->4c1ccccc1S->5C,CC1=CC2=C[N-]3c4ccccc4S(C)->[Co+3]<-345(<-N2=N1)<-N1=NC(C)=CC1=C[N-]->4c1ccccc1S->5C
SIWYAA,O=C1c2ccccn2->[Co+]23(<-[Br-])(<-[Br-])<-N\1=C1/C=CC([N+](=O)[O-])=C/C1=N->2/C(=O)c1ccccn->31,C18 H11 Br2 Co1 N5 O4 1-,-1.0,O=C1c2ccccn2->[Co+3]23(<-[Br-])(<-[Br-])<-n4ccccc4C(=O)[N-]->2c2cc([N+](=O)[O-])ccc2[N-]->31,O=C1c2ccccn2->[Co+3]23(<-[Br-])(<-[Br-])<-n4ccccc4C(=O)[N-]->2c2cc([N+](=O)[O-])ccc2[N-]->31,O=C1c2ccccn2->[Co+3]23(<-[Br-])(<-[Br-])<-n4ccccc4C(=O)[N-]->2c2cc([N+](=O)[O-])ccc2[N-]->31
SIXQAR,CN1CN2(C)C/[C-](=N\C(C)(C)C)->[Zr+4]<-23456789%10(<-[CH2-]1)(<-c1(C)c->3(C)c->4(C)[c-]->5(C)c->61C)<-c1(C)c->7(C)c->8(C)[c-]->9(C)c->%101C,C30 H51 N3 Zr1,0.0,fail,CN1C[C-]2=N(C(C)(C)C)->[Zr+4]<-23456789%10(<-[CH2-]N(C)C1)(<-c1(C)c->3(C)c->4(C)[c-]->5(C)c->61C)<-c1(C)c->7(C)c->8(C)[c-]->9(C)c->%101C,CN1C[C-](=NC(C)(C)C)->[Zr+4]23456789(<-[CH2-]N(C)C1)(<-c1(C)c->2(C)c->3(C)[c-]->4(C)c->51C)<-c1(C)c->6(C)c->7(C)[c-]->8(C)c->91C
SIYRAV,,C20 H8 F8 Mo1 N2 O2,0.0,fail,[O+]#[C-]->[Mo+2]123456(<-[C-]#[O+])(<-C=C->1[CH2-]->2)<-c1[cH-]->3c->4(-c2c(F)c(F)nc(F)c2F)c->5c->61-c1c(F)c(F)nc(F)c1F,[O+]#[C-]->[Mo+2]123456(<-[C-]#[O+])(<-C=C->1[CH2-]->2)<-c1[cH-]->3c->4(-c2c(F)c(F)nc(F)c2F)c->5c->61-c1c(F)c(F)nc(F)c1F
SIZSUR,,C27 H29 Cl1 N8 O4 Pd1,0.0,CCCCN12->[Pd+2]3(<-[Cl-])<-n4c(cccc4[N-]->3C(=O)CC1)NC(=O)c1cccc(n1)C(=O)Nc1cccc(n1)NC(=O)CC2,CCCCN12->[Pd+2]3(<-[Cl-])<-N(=C4C=CC=C(NC(=O)c5cccc(n5)C(=O)Nc5cccc(n5)NC(=O)CC1)[N-]->34)C(=O)CC2,CCCCN12->[Pd+2]3(<-[Cl-])<-N(=C4C=CC=C(NC(=O)c5cccc(n5)C(=O)Nc5cccc(n5)NC(=O)CC1)[N-]->34)C(=O)CC2
SOCFOI,O=C1[O-]->[Zn@OH26+2]2345<-N(=C\c6cc7ccccc7cc6[N-]->2C(=O)CN->3(Cc2ccccn->42)Cc2ccccn->52)/[C@@H]1Cc1ccccc1,C34 H29 N5 O3 Zn1,0.0,O=C1[O-]->[Zn+2]2345<-N(=Cc6cc7ccccc7cc6[N-]->2C(=O)CN->3(Cc2ccccn->42)Cc2ccccn->52)C1Cc1ccccc1,O=C1[O-]->[Zn+2]2345<-N(C(=O)CN->2(Cc2ccccn->32)Cc2ccccn->42)=C2C=c3ccccc3=CC2=C[N-]->5C1Cc1ccccc1,O=C1[O-]->[Zn+2]2345<-N(C(=O)CN->2(Cc2ccccn->32)Cc2ccccn->42)=C2C=c3ccccc3=CC2=C[N-]->5C1Cc1ccccc1
SODSEJ,,C32 H47 N2 Ti1,0.0,CCCC[N+]#[C-]->[Ti+3]12345678(<-[N-](C)c9ccccc9)(<-c9(C)c->1(C)c->2(C)[c-]->3(C)c->49C)<-c1(C)c->5(C)c->6(C)[c-]->7(C)c->81C,[CH2+][c-]12->[Ti+6]3456789(<-[C-]#[N+]CC#CC)(<-[N-](C)c%10ccccc%10)(<-c%10(C)c->3(C)c->4(C)[c-]->5(C)c->6%10C)<-[c-]1(C)[c-]->7(C)[c-]->8(C)[c-]->92C,C=C1C2(C)[C-](=NCC#CC)->[Ti+4]3456(<-[N-](C)c7ccccc7)(<-c7(C)c->3(C)c->4(C)[c-]->5(C)c->67C)<-[C-]1(C)C(C)=C2C
SOFHAX,O=[N+]([O-])[O-]->[Cd@TB19+2]12(<-NCCN(CCN->1)Cc1ccccc1[N+](=O)[O-])<-[O-][N+](=O)[O-]->2,C11 H18 Cd1 N6 O8,0.0,O=[N+]([O-])[O-]->[Cd+2]123(<-NCCN->1(CCN->2)Cc1ccccc1[N+](=O)[O-])<-[O-][N+](=O)[O-]->3,O=[N+]([O-])[O-]->[Cd+2]12(<-NCCN->1(CCN->2)Cc1ccccc1[N+](=O)[O-])<-[O-][N+](=O)[O-],O=[N+]1[O-]->[Cd+2]2345(<-NCCN->2(CCN->3)Cc2ccccc2[N+](=O)[O-])(<-[O-]1)<-[O-][N+]->4(=O)[O-]->5
SOGJAC,C[C+]1[CH+][C+](C)[C+]([N-]2[C-](C)[C+](C)[N-]([C-]3[C+](C)[CH-][C+](C)[CH-][C-]3C)->[Fe+2]<-2345<-C2=C->3/CC/C->4=C->5\CC\2)[C-](C)[CH-]1,C30 H40 Fe1 N2,0.0,CC1C(C)=N(c2c(C)cc(C)cc2C)->[Fe]234(<-C5=C->2CCC->3=C->4CC5)<-N=1c1c(C)cc(C)cc1C,CC1C(C)=N(c2c(C)cc(C)cc2C)->[Fe]234(<-C5=C->2CCC->3=C->4CC5)<-N=1c1c(C)cc(C)cc1C,CC1C(C)=N(c2c(C)cc(C)cc2C)->[Fe]234(<-C5=C->2CCC->3=C->4CC5)<-N=1c1c(C)cc(C)cc1C
SOHHOO,,C31 H30 Cl1 Mo1 O3 P2 1+,1.0,Cc12->[Mo+2]345(<-[C-]#[O+])(<-[C-]#[O+])(<-[C-]#[O+])(<-[P-](Cl)[P+](c6ccccc6)(c6ccccc6)c6ccccc6)<-c1(C)c->3(C)[c-]->4(C)c->52C,Cc12->[Mo+2]345(<-[C-]#[O+])(<-[C-]#[O+])(<-[C-]#[O+])(<-P(Cl)=P(c6ccccc6)(c6ccccc6)c6ccccc6)<-c1(C)c->3(C)[c-]->4(C)c->52C,Cc12->[Mo+2]345(<-[C-]#[O+])(<-[C-]#[O+])(<-[C-]#[O+])(<-P(Cl)=P(c6ccccc6)(c6ccccc6)c6ccccc6)<-c1(C)c->3(C)[c-]->4(C)c->52C
SOJTUH,CCn1n[n+](C)c(-c2ccccc2)[c-]1->[Ir+](<-[Cl-])(<-[C-]#[O+])<-[C-]#[O+],C13 H13 Cl1 Ir1 N3 O2,0.0,CC[n+]1nn(C)c(-c2ccccc2)[c]1->[Ir](<-[Cl-])(<-[C-]#[O+])<-[C-]#[O+],CCn1n[n+](C)c(-c2ccccc2)[c-]1->[Ir+](<-[Cl-])(<-[C-]#[O+])<-[C-]#[O+],CCn1n[n+](C)c(-c2ccccc2)[c-]1->[Ir+](<-[Cl-])(<-[C-]#[O+])<-[C-]#[O+]
SOKVAP,CN1(C)CC/N2=C/c3c(Cl)ccc[c-]3->[Pt+4]<-2<-1(<-[CH3-])(<-[CH3-])<-[Cl-],C13 H20 Cl2 N2 Pt1,0.0,CN1(C)CCN2=Cc3c(Cl)ccc[c-]3->[Pt+4]<-2<-1(<-[CH3-])(<-[CH3-])<-[Cl-],CN1(C)CCN2=Cc3c(Cl)ccc[c-]3->[Pt+4]<-2<-1(<-[CH3-])(<-[CH3-])<-[Cl-],CN1(C)CCN2=Cc3c(Cl)ccc[c-]3->[Pt+4]<-2<-1(<-[CH3-])(<-[CH3-])<-[Cl-]
SOLYUP,[Br-]->[Cd+2]1(<-[Br-])<-n2ccccc2CN(Cc2c3ccccc3cc3ccccc23)Cc2ccccn->12,C27 H23 Br2 Cd1 N3,0.0,[Br-]->[Cd+2]12(<-[Br-])<-n3ccccc3CN->1(Cc1c3ccccc3cc3ccccc13)Cc1ccccn->21,[Br-]->[Cd+2]12(<-[Br-])<-n3ccccc3CN->1(Cc1c3ccccc3cc3ccccc13)Cc1ccccn->21,[Br-]->[Cd+2]1(<-[Br-])<-n2ccccc2CN(Cc2c3ccccc3cc3ccccc23)Cc2ccccn->12
SOMTOG,,C36 H39 B1 Cl1 F2 N3 O1 Ru1,0.0,CC1=CC(C)=N2->[Ru+2]34567(<-[Cl-])(<-[O-]C(=C12)c1ccc(C2=C8C(C)=CC(C)=[N+]8[B-](F)(F)n8c(C)cc(C)c82)cc1)<-c1c->3c->4(C(C)C)c->5c->6c->71C,CC1=CC(C)=N2->[Ru+2]34567(<-[Cl-])(<-[O-]C(=C12)c1ccc(C2=C8C(C)=CC(C)=[N+]8[B-](F)(F)n8c(C)cc(C)c82)cc1)<-c1c->3c->4(C(C)C)c->5c->6c->71C,CC1=CC(C)=N2->[Ru+2]34567(<-[Cl-])(<-[O-]C(=C12)c1ccc(C2=C8C(C)=CC(C)=[N+]8[B-](F)(F)n8c(C)cc(C)c82)cc1)<-c1c->3c->4(C(C)C)c->5c->6c->71C
SONLIS,[Cl-]->[Pd+2]1(<-[Cl-])<-n2nn(Cc3ccccc3)cc2C[Se]->1c1ccccc1,C16 H15 Cl2 N3 Pd1 Se1,0.0,[Cl-]->[Pd+2]1(<-[Cl-])<-n2nn(Cc3ccccc3)cc2C[Se]->1c1ccccc1,C=C1[CH-]N(Cc2ccccc2)N=N1->[Pd+4](<-[Cl-])(<-[Cl-])<-[Se-]c1ccccc1,C=C1[CH-]N(Cc2ccccc2)N=N1->[Pd+4](<-[Cl-])(<-[Cl-])<-[Se-]c1ccccc1
SOPNOB,O=c1[nH]c2ncn3->[Zn+2]456(<-NCCN->4(CCN->5)CCN->6)<-[O-]c([nH]1)c3-2,C11 H21 N8 O2 Zn1 1+,1.0,O=c1[nH]c(=O)c2c(nc[n-]2->[Zn+2]234<-NCCN->2(CCN->3)CCN->4)[nH]1,O=c1[nH]c(=O)c2c(nc[n-]2->[Zn+2]234<-NCCN->2(CCN->3)CCN->4)[nH]1,O=c1[nH]c2ncn3->[Zn+2]456(<-NCCN->4(CCN->5)CCN->6)<-[O-]c([nH]1)c3-2
SOQREX,CC(C)(C)[O-]->[Zr+4]12(<-[O-]c3c(Br)cc(Br)cc3/C=N->1/c1ccccc1SCc1cc(Br)cc(Br)c1[O-]->2)<-[O-]C(C)(C)C,C28 H29 Br4 N1 O4 S1 Zr1,0.0,CC(C)(C)[O-]->[Zr+4]123(<-[O-]c4c(Br)cc(Br)cc4C=N->1c1ccccc1S->2Cc1cc(Br)cc(Br)c1[O-]->3)<-[O-]C(C)(C)C,CC(C)(C)[O-]->[Zr+4]123(<-[O-]c4c(Br)cc(Br)cc4C=N->1c1ccccc1S->2Cc1cc(Br)cc(Br)c1[O-]->3)<-[O-]C(C)(C)C,CC(C)(C)[O-]->[Zr+4]123(<-[O-]c4c(Br)cc(Br)cc4C=N->1c1ccccc1S->2Cc1cc(Br)cc(Br)c1[O-]->3)<-[O-]C(C)(C)C
SORBFE,C/C1=C2/C3=C(/C(=O)O)->[Fe]<-1<-2<-3(<-[C-]#[O+])(<-[C-]#[O+])<-[C-]#[O+],C9 H8 Fe1 O5,0.0,fail,CC1=C2C3=C(C(=O)O)->[Fe]<-1<-2<-3(<-[C-]#[O+])(<-[C-]#[O+])<-[C-]#[O+],C[CH-]1C2=C3[CH-](C(=O)O)->[Fe+2]<-2<-3<-1(<-[C-]#[O+])(<-[C-]#[O+])<-[C-]#[O+]
SOSJAM,CN1CCN(C)C1=N1c2cccc3cccn(->[Zn+2]<-145(<-O=S(=O)([O-]->4)C(F)(F)F)<-N(=C1N(C)CCN1C)c1cccc4cccn->5c14)c23,C29 H32 F3 N8 O3 S1 Zn1 1+,1.0,CN1CCN(C)C1=N1c2cccc3cccn(->[Zn+2]<-14(<-[O-]S(=O)(=O)C(F)(F)F)<-N(=C1N(C)CCN1C)c1cccc5cccn->4c15)c23,CN1CCN(C)C1=N1->[Zn+2]2(<-N(=C3N(C)CCN3C)c3cccc4cccn->2c34)<-n2cccc3cccc1c32.O=S(=O)([O-])C(F)(F)F,CN1CCN(C)C1=N1c2cccc3cccn(->[Zn+2]<-145(<-O=S(=O)([O-]->4)C(F)(F)F)<-N(=C1N(C)CCN1C)c1cccc4cccn->5c14)c23
SOTCOV,CN1C=CN(C)C1=C->[Au+]<-P(c1ccccc1-c1ccccc1)(C(C)(C)C)C(C)(C)C,C26 H37 Au1 N2 P1 1+,1.0,CN1C=CN(C)C1=C->[Au+]<-P(c1ccccc1-c1ccccc1)(C(C)(C)C)C(C)(C)C,CN1C=CN(C)C1=C->[Au+]<-P(c1ccccc1-c1ccccc1)(C(C)(C)C)C(C)(C)C,CN1C=CN(C)C1=C->[Au+]<-P(c1ccccc1-c1ccccc1)(C(C)(C)C)C(C)(C)C
SOTZUY,,C30 H30 N4 Ni1 O2,0.0,CCC1=C(C)c2cc3cc(C(=O)OC)n4cc5n6->[Ni+]7(<-[c]34)<-n2c1cc1c(CC)c(C)c(cc6C(C)=C5C)[n-]->71,CCC1=C(C)c2cc3[cH-]4->[Ni+2]56<-n7c(cc8n->5c(cc1n->62)C(CC)=C8C)C(C)=C(C)c7cn4C(C(=O)OC)=C3,CCC1=C(C)c2cc3[cH-]4->[Ni+2]56<-n7c(cc8n->5c(cc1n->62)C(CC)=C8C)C(C)=C(C)c7cn4C(C(=O)OC)=C3
SOVGEQ,C/C1c2ccccc2[O-]->[W+6]23(<-[O-2])(<-[O-][O-]->2)(<-[O-][O-]->3)<-N=1\O,C8 H8 N1 O7 W1 1-,-1.0,CC1c2ccccc2[O-]->[W+6]23(<-[O-2])(<-[O-][O-]->2)(<-[O-][O-]->3)<-N=1O,CC1c2ccccc2[O-]->[W+6]23(<-[O-2])(<-[O-][O-]->2)(<-[O-][O-]->3)<-N=1O,CC1c2ccccc2[O-]->[W+6]23(<-[O-2])(<-[O-][O-]->2)(<-[O-][O-]->3)<-N=1O
SOWCOX,C[Si](C)(C)[N-]1CCN23CC[N-]([Si](C)(C)C)->[Zr+4]<-1<-2(<-[PH-]CCP)<-[N-](CC3)[Si](C)(C)C,C17 H46 N4 P2 Si3 Zr1,0.0,C[Si](C)(C)[N-]1CCN23CC[N-]([Si](C)(C)C)->[Zr+4]<-1<-2(<-[PH-]CCP)<-[N-](CC3)[Si](C)(C)C,C[Si](C)(C)[N-]1CCN23CC[N-]([Si](C)(C)C)->[Zr+4]<-1<-2(<-[PH-]CCP)<-[N-](CC3)[Si](C)(C)C,C[Si](C)(C)[N-]1CCN23CC[N-]([Si](C)(C)C)->[Zr+4]<-1<-2(<-[PH-]CCP)<-[N-](CC3)[Si](C)(C)C
SOWQIH,C=CCn1c(C(C)(C)C)cc2-c3cccc(C)n3->[Fe+2](<-[Cl-])(<-[Cl-])<-n21,C16 H21 Cl2 Fe1 N3,0.0,C=CCn1c(C(C)(C)C)cc2-c3cccc(C)n3->[Fe+2](<-[Cl-])(<-[Cl-])<-n21,C=CCn1c(C(C)(C)C)cc2-c3cccc(C)n3->[Fe+2](<-[Cl-])(<-[Cl-])<-n21,C=CCn1c(C(C)(C)C)cc2-c3cccc(C)n3->[Fe+2](<-[Cl-])(<-[Cl-])<-n21
SOWZEL,CC(C)c12->[Ru+2]34567(<-[Cl-])(<-[S-]P(c8ccccc8)(c8ccccc8)=C->3S(=O)(=O)c3ccccc3)<-c(c->41)c->5(C)c->6c->72,C29 H30 Cl1 O2 P1 Ru1 S2,0.0,CC(C)c12->[Ru+2]34567(<-[Cl-])(<-S=P(c8ccccc8)(c8ccccc8)[CH-]->3S(=O)(=O)c3ccccc3)<-c(c->41)c->5(C)c->6c->72,CC(C)c12->[Ru+2]34567(<-[Cl-])(<-[S-]P(c8ccccc8)(c8ccccc8)=C->3S(=O)(=O)c3ccccc3)<-c(c->41)c->5(C)c->6c->72,CC(C)c12->[Ru+2]34567(<-[Cl-])(<-[S-]P(c8ccccc8)(c8ccccc8)=C->3S(=O)(=O)c3ccccc3)<-c(c->41)c->5(C)c->6c->72
SOXRED,CP(C)(c1ccccc1)->[Ru+2]123(<-[C-]#[O+])(<-[O-][CH-]->1/C->2=C->3/c1ccccc1)<-P(c1ccccc1)(c1ccccc1)c1ccccc1,C36 H34 O2 P2 Ru1,0.0,fail,CP(C)(c1ccccc1)->[Ru+2]123(<-[C-]#[O+])(<-[O-][CH-]->1C->2=C->3c1ccccc1)<-P(c1ccccc1)(c1ccccc1)c1ccccc1,CP(C)(c1ccccc1)->[Ru+2]123(<-[C-]#[O+])(<-[O-][CH-]->1C->2=C->3c1ccccc1)<-P(c1ccccc1)(c1ccccc1)c1ccccc1
SOZCOC,,C29 H26 N6 Ni1 O5,0.0,CC1C(=O)C(C)=N2[N-]C(=O->[Ni+2]<-23(<-O=C([N-]N->3=1)c1ccccc1O)(<-n1ccccc1)<-n1ccccc1)c1ccccc1O,CC1C(=O)C(C)=N2N=C([O-]->[Ni+2]<-23(<-[O-]C(=NN->3=1)c1ccccc1O)(<-n1ccccc1)<-n1ccccc1)c1ccccc1O,CC1=N2->[Ni+2]3(<-n4ccccc4)(<-[O-]C(c4ccccc4O)=N2)<-[O-]C(c2ccccc2O)=NN->3=C(C)C1=O.c1ccncc1
SUCDID,CP(C)(C)->[W+4]12(<-[O-2])(<-[Cl-])(<-C=C->1[CH2-]->2)<-P(C)(C)C,C9 H23 Cl1 O1 P2 W1,0.0,fail,CP(C)(C)->[W+4]12(<-[O-2])(<-[Cl-])(<-C=C->1[CH2-]->2)<-P(C)(C)C,CP(C)(C)->[W+4]12(<-[O-2])(<-[Cl-])(<-C=C->1[CH2-]->2)<-P(C)(C)C
SUDHUW,,C29 H51 Ir1 O1 P2,0.0,CCC1C=[CH-]->[IrH+2]23(<-O=1)<-[c-]1c(CP->2(C(C)(C)C)C(C)(C)C)cccc1CP->3(C(C)(C)C)C(C)(C)C,CCC1C=[CH-]->[IrH+2]23(<-O=1)<-[c-]1c(CP->2(C(C)(C)C)C(C)(C)C)cccc1CP->3(C(C)(C)C)C(C)(C)C,CCC1C=[CH-]->[IrH+2]23(<-O=1)<-[c-]1c(CP->2(C(C)(C)C)C(C)(C)C)cccc1CP->3(C(C)(C)C)C(C)(C)C
SUGCOO,CN1C=CN2Cc3cc4c(ccc5ccc6ccc7ccc8ccccc8c7c6c54)c[c-]3->[Ir+3]3456(<-[Br-])(<-[C]12)<-c1(C)c->3(C)c->4(C)[c-]->5(C)c->61C,C41 H36 Br1 Ir1 N2,0.0,CN1C=CN2Cc3cc4c(ccc5ccc6ccc7ccc8ccccc8c7c6c54)c[c-]3->[Ir+3]3456(<-[Br-])(<-[C]12)<-c1(C)c->3(C)c->4(C)[c-]->5(C)c->61C,CN1C=CN2Cc3cc4c(ccc5ccc6ccc7ccc8ccccc8c7c6c54)c[c-]3->[Ir+3]3456(<-[Br-])(<-[C]12)<-c1(C)c->3(C)c->4(C)[c-]->5(C)c->61C,CN1C=CN2Cc3cc4c(ccc5ccc6ccc7ccc8ccccc8c7c6c54)c[c-]3->[Ir+3]3456(<-[Br-])(<-[C]12)<-c1(C)c->3(C)c->4(C)[c-]->5(C)c->61C
SUHDUU,O=[N+]([O-])[O-]->[Hg+2](<-[O-][N+](=O)[O-])<-N1CCOCCSCCOCC1,C8 H17 Hg1 N3 O8 S1,0.0,O=[N+]([O-])[O-]->[Hg+2]1234(<-[O-][N+](=O)[O-]->1)<-N1CCO->2CCS->3CCO->4CC1,O=[N+]([O-])[O-].O=[N+]([O-])[O-]->[Hg+2]1<-N2CCOCCS->1CCOCC2,O=[N+]12[O-]->[Hg+2]<-134(<-[O-]2)(<-[O-][N+]->3(=O)[O-]->4)<-S1CCOCCNCCOCC1
SULSOJ,CS(C)(=O)->[Pt+2](<-[Cl-])(<-[Cl-])<-[C]1N(Cc2ccccc2)C=CN1Cc1ccccc1,C19 H22 Cl2 N2 O1 Pt1 S1,0.0,CS(C)(=O)->[Pt+2](<-[Cl-])(<-[Cl-])<-[C]1N(Cc2ccccc2)C=CN1Cc1ccccc1,CS(C)(=O)->[Pt+2](<-[Cl-])(<-[Cl-])<-[C]1N(Cc2ccccc2)C=CN1Cc1ccccc1,CS(C)(=O)->[Pt+2](<-[Cl-])(<-[Cl-])<-[C]1N(Cc2ccccc2)C=CN1Cc1ccccc1
SUNSEB,Cc1cc(C)cc2([N-](C(C)(C)C)->[Zr+4]<-23456789%10(<-[CH3-])(<-c2c->3c->4[cH-]->5c->62)<-c2c->7c->8[cH-]->9c->%102)c1,C23 H31 N1 Zr1,0.0,Cc1cc(C)cc([N-](C(C)(C)C)->[Zr+4]23456789(<-[CH3-])(<-c%10c->2c->3[cH-]->4c->5%10)<-c2c->6c->7[cH-]->8c->92)c1,Cc1cc(C)cc([N-](C(C)(C)C)->[Zr+4]23456789(<-[CH3-])(<-c%10c->2c->3[cH-]->4c->5%10)<-c2c->6c->7[cH-]->8c->92)c1,Cc1cc(C)cc([N-](C(C)(C)C)->[Zr+4]23456789(<-[CH3-])(<-c%10c->2c->3[cH-]->4c->5%10)<-c2c->6c->7[cH-]->8c->92)c1
SUPXEI,COCC/N1=C(C)/C=C(\[O-]->[Zn+2]<-12<-[O-]/C(=C\C(C)=N->2\CCOC)C(F)(F)F)C(F)(F)F,C16 H22 F6 N2 O4 Zn1,0.0,CC1C=C([O-]->[Zn+2]234(<-[O-]C(=CC(C)=N->2CCO->3C)C(F)(F)F)<-N=1CCO->4C)C(F)(F)F,COCCN1=C(C)C=C([O-]->[Zn+2]<-12<-[O-]C(=CC(C)=N->2CCOC)C(F)(F)F)C(F)(F)F,COCCN1=C(C)C=C([O-]->[Zn+2]<-12<-[O-]C(=CC(C)=N->2CCOC)C(F)(F)F)C(F)(F)F
SUQTIH,COC(=O)[CH-]1NC(=O->[Pd+2]<-12<-n1ccccc1-c1ccccn->21)c1ccccc1,C20 H18 N3 O3 Pd1 1+,1.0,COC(=O)[CH-]1NC(=O->[Pd+2]<-12<-n1ccccc1-c1ccccn->21)c1ccccc1,COC(=O)[CH-]1NC(=O->[Pd+2]<-12<-n1ccccc1-c1ccccn->21)c1ccccc1,COC1(=O)[CH-]2NC(=O->[Pd+2]<-2<-13<-n1ccccc1-c1ccccn->31)c1ccccc1
SURQAX,Fc1c(F)c(F)c([B@@H-]2c3c(F)c(F)c(F)c(F)c3F->[Zr+4]3456789%10%11%12(<-c%13c->3c->4[cH-]->5c->6%13)(<-c3c->7c->8[cH-]->9c->%103)<-c3ccccc->%113[CH-]->%122)c(F)c1F,C29 H17 B1 F10 Zr1,0.0,Fc1c(F)c(F)c([B-]2([H]->[Zr+4]3456789%10%11(<-c%12c->3c->4[cH-]->5c->6%12)(<-c3c->7c->8[cH-]->9c->%103)<-[CH-]2c->%112ccccc2)c2c(F)c(F)c(F)c(F)c2F)c(F)c1F,Fc1c(F)c(F)c([B-](c2c(F)c(F)c(F)c(F)c2F)=C2c34->[ZrH+3]<-256789%10%11%12(<-c2c->5c->6[cH-]->7c->82)(<-c2c->9c->%10[cH-]->%11c->%122)<-c3cccc4)c(F)c1F,Fc1[c-]c([BH-](c2c(F)c(F)c(F)c(F)c2F)[CH-](c2ccccc2)->[Zr+6]23456789(<-[F-])(<-c%10c->2c->3[cH-]->4c->5%10)<-c2c->6c->7[cH-]->8c->92)c(F)c(F)c1F
SUSTUV,O[C-]=C=C1[C]O->[Ni+4]234(<-[O-]c5ccccc5/C=N->2\1)<-[O-]c1ccccc1/C=N->3\C([C]O->4)=C=[C-]O,C22 H28 N2 Ni1 O6,0.0,CC1(CO)CO->[Ni+2]234(<-[O-]c5ccccc5C=N->21)<-[O-]c1ccccc1C=N->3C(C)(CO)CO->4,[C-3]C1([C-]=[OH+])[C-]=[OH+]->[Ni+8]234(<-[O-]c5ccccc5C=N->21)<-[O-]c1ccccc1C=N->3C([C-3])([C-]=[OH+])[C-]=[OH+]->4,OC#CC1[C]O->[Ni]234(<-O=C5C=CC=CC5=CN->2=1)<-O=C1C=CC=CC1=CN->3=C([C]O->4)C#CO
SUVRIL,,C26 H31 F12 N3 O2 W1,0.0,CC(C)(C)n1ccn(C(C)(C)C)c1=[N-]->[W+6](<-[C-3]c1ccccc1)(<-[O-]C(C)(C(F)(F)F)C(F)(F)F)<-[O-]C(C)(C(F)(F)F)C(F)(F)F,CC(C)(C)n1ccn(C(C)(C)C)c1=[N-]->[W+6](<-[C-3][c-]1[cH+][cH-][cH+][cH-][cH+]1)(<-[O-]C(C)(C(F)(F)F)C(F)(F)F)<-[O-]C(C)(C(F)(F)F)C(F)(F)F,CC(C)(C)n1ccn(C(C)(C)C)c1=[N-]->[W+6](<-[C-3][c-]1[cH+][cH-][cH+][cH-][cH+]1)(<-[O-]C(C)(C(F)(F)F)C(F)(F)F)<-[O-]C(C)(C(F)(F)F)C(F)(F)F
SUXKUS,Oc1ccccc1[C@@H]1c2cccc[c-]2->[Pd@OH17+2]2(<-[Cl-])<-N1CCC[Se]->2c1ccccc1,C22 H22 Cl1 N1 O1 Pd1 Se1,0.0,Oc1ccccc1C1c2cccc[c-]2->[Pd+2]2(<-[Cl-])<-N1CCC[Se]->2c1ccccc1,[CH2-]CCN1C(c2ccccc2O)c2cccc[c-]2->[Pd+4]<-1(<-[Cl-])<-[Se-]c1ccccc1,[CH2-]CCN1C(c2ccccc2O)c2cccc[c-]2->[Pd+4]<-1(<-[Cl-])<-[Se-]c1ccccc1
SUYCEU,CC[N-]1C(C)->[Ti+4]<-1(<-[S-]C(C)(C)C)(<-[S-]C(C)(C)C)<-[S-]C(C)(C)C,C16 H37 N1 S3 Ti1,0.0,CC[N-](CC)->[Ti+4](<-[S-]C(C)(C)C)(<-[S-]C(C)(C)C)<-[S-]C(C)(C)C,CC[N-](CC)->[Ti+4](<-[S-]C(C)(C)C)(<-[S-]C(C)(C)C)<-[S-]C(C)(C)C,CC[N-](CC)->[Ti+4](<-[S-]C(C)(C)C)(<-[S-]C(C)(C)C)<-[S-]C(C)(C)C
SUYPEH,COP(c1ccccc1)(c1ccccc1)->[Re+](<-O)(<-[C-]#[O+])(<-[C-]#[O+])(<-[C-]#[O+])<-P(OC)(c1ccccc1)c1ccccc1,C29 H28 O6 P2 Re1 1+,1.0,COP(c1ccccc1)(c1ccccc1)->[Re+](<-O)(<-[C-]#[O+])(<-[C-]#[O+])(<-[C-]#[O+])<-P(OC)(c1ccccc1)c1ccccc1,COP(c1ccccc1)(c1ccccc1)->[Re+](<-O)(<-[C-]#[O+])(<-[C-]#[O+])(<-[C-]#[O+])<-P(OC)(c1ccccc1)c1ccccc1,COP(c1ccccc1)(c1ccccc1)->[Re+](<-O)(<-[C-]#[O+])(<-[C-]#[O+])(<-[C-]#[O+])<-P(OC)(c1ccccc1)c1ccccc1
SUYSIO,,C30 H38 Au1 N1 P4 Se2,0.0,CP(C)(C)->[Au+]1(<-[Se]=P(N=P([Se-]->1)(c1ccccc1)c1ccccc1)(c1ccccc1)c1ccccc1)<-P(C)(C)C,CP(C)(C)->[Au+]1(<-[Se]=P(N=P([Se-]->1)(c1ccccc1)c1ccccc1)(c1ccccc1)c1ccccc1)<-P(C)(C)C,CP(C)(C)->[Au+]<-P(C)(C)C.[Se]=P(N=P([Se-])(c1ccccc1)c1ccccc1)(c1ccccc1)c1ccccc1
TABWAU,CC(C)CN1=[B-]2(CC(C)C)[CH-](C(C)(C)C)->[Ta+5]<-1<-23456(<-[Cl-])(<-[Cl-])<-c1c->3c->4[cH-]->5c->61,C18 H33 B1 Cl2 N1 Ta1,0.0,CC(C)CB1[CH-](C(C)(C)C)->[Ta+5]2345(<-[Cl-])(<-[Cl-])(<-c6c->2c->3[cH-]->4c->56)<-[N-]1CC(C)C,CC(C)C[B-]1[CH-](C(C)(C)C)->[Ta+5]2345(<-[Cl-])(<-[Cl-])(<-c6c->2c->3[cH-]->4c->56)<-N=1CC(C)C,CC(C)C[B-]1[CH-](C(C)(C)C)->[Ta+5](<-[Cl-])(<-[Cl-])(<-[cH-]2cccc2)<-N=1CC(C)C
TACNAN,CP(C)(C)=[BH2-]->[Mn+](<-[C-]#[O+])(<-[C-]#[O+])(<-[C-]#[O+])(<-[C-]#[O+])<-P(C)(C)c1ccccc1,C15 H22 B1 Mn1 O4 P2,0.0,C[P](C)(C)B->[Mn](<-[C-]#[O+])(<-[C-]#[O+])(<-[C-]#[O+])(<-[C-]#[O+])<-P(C)(C)c1ccccc1,CP(C)(C)=[BH2-]->[Mn+](<-[C-]#[O+])(<-[C-]#[O+])(<-[C-]#[O+])(<-[C-]#[O+])<-P(C)(C)c1ccccc1,CP(C)(C)=[BH2-]->[Mn+](<-[C-]#[O+])(<-[C-]#[O+])(<-[C-]#[O+])(<-[C-]#[O+])<-P(C)(C)c1ccccc1
TADJIR,CC(C)(C)[N-](Sc1ccccc1)->[Ti+4]1(<-[Cl-])(<-[Cl-])<-[N-](S->1c1ccccc1)C(C)(C)C,C20 H28 Cl2 N2 S2 Ti1,0.0,CC(C)(C)N1=[S](c2ccccc2)->[Ti+2]<-12(<-[Cl-])(<-[Cl-])<-N(=[S]->2c1ccccc1)C(C)(C)C,CC(C)(C)[N-](Sc1ccccc1)->[Ti+4](<-[Cl-])(<-[Cl-])<-[N-](Sc1ccccc1)C(C)(C)C,CC(C)(C)[N-](Sc1ccccc1)->[Ti+4](<-[Cl-])(<-[Cl-])<-[N-](Sc1ccccc1)C(C)(C)C
TADXUS,Cc1cc(-c2ccccc2)n2->[Zn+2]34(<-[O-]n5ccccc5=S->3)<-n3c(-c5ccccc5)cc(C)n3[BH-](n12)n1c(C)cc(-c2ccccc2)n->41,C35 H32 B1 N7 O1 S1 Zn1,0.0,Cc1cc(-c2ccccc2)[n-]2->[Zn+2]34(<-[O-]n5ccccc5=S->3)<-[n-]3c(-c5ccccc5)cc(C)[n+]3[BH-]([n+]12)[n+]1c(C)cc(-c2ccccc2)[n-]->41,Cc1cc(-c2ccccc2)n2->[Zn+2]34(<-[O-]n5ccccc5=S->3)<-n3c(-c5ccccc5)cc(C)n3[BH-](n12)n1c(C)cc(-c2ccccc2)n->41,Cc1cc(-c2ccccc2)n2->[Zn+2]34(<-[O-]n5ccccc5=S->3)<-n3c(-c5ccccc5)cc(C)n3[BH-](n12)n1c(C)cc(-c2ccccc2)n->41
TAFGIS,,C22 H12 Cl1 N4 O6 Re1,0.0,O=C(NN=C1C(=O)c2cccn3->[Re+](<-[Cl-])(<-[C-]#[O+])(<-[C-]#[O+])(<-[C-]#[O+])<-n4cccc1c4-c23)c1ccccc1O,O=C(NN=c1c2ccc[n-]3->[Re+3](<-[Cl-])(<-[C-]#[O+])(<-[C-]#[O+])(<-[C-]#[O+])<-[n-]4cccc(c1=O)-c4c3-2)c1ccccc1O,O=C(NN=c1c2ccc[n-]3->[Re+3](<-[Cl-])(<-[C-]#[O+])(<-[C-]#[O+])(<-[C-]#[O+])<-[n-]4cccc(c1=O)-c4c3-2)c1ccccc1O
TAHKEV,,C21 H26 F3 Ir1 N2 O4 Si1,0.0,C[Si-]12Oc3ccccn3->[IrH+2]<-13(<-[O-]C(=O)C(F)(F)F)(<-C1=C->3CCCCCC1)<-n1ccccc1O2,C[Si-]12Oc3ccccn3->[IrH+2]<-13(<-[O-]C(=O)C(F)(F)F)(<-C1=C->3CCCCCC1)<-n1ccccc1O2,C[Si-]12Oc3ccccn3->[IrH+2]<-13(<-[O-]C(=O)C(F)(F)F)(<-C1=C->3CCCCCC1)<-n1ccccc1O2
TAHWEG,Cc1ccc(/C=C/c2ccn(->[Re+7](<-[CH3-])(<-[O-2])(<-[O-2])<-[O-2])cc2)cc1,C15 H16 N1 O3 Re1,0.0,Cc1ccc(C=Cc2ccn(->[Re+7](<-[CH3-])(<-[O-2])(<-[O-2])<-[O-2])cc2)cc1,Cc1ccc(C=Cc2ccn(->[Re+7](<-[CH3-])(<-[O-2])(<-[O-2])<-[O-2])cc2)cc1,Cc1ccc(C=Cc2ccn(->[Re+7](<-[CH3-])(<-[O-2])(<-[O-2])<-[O-2])cc2)cc1
TAJDOZ,,C9 H12 Cd1 I2 N4 O1 S1,0.0,OCCNC1NN2=Cc3ccccn3->[Cd+2]<-2(<-[I-])(<-[I-])<-S=1,OCCNC1NN2=Cc3ccccn3->[Cd+2]<-2(<-[I-])(<-[I-])<-S=1,OCCNC1NN=Cc2ccccn2->[Cd+2](<-[I-])(<-[I-])<-S=1
TAJXIM,,C24 H40 F5 N7 Ti1,0.0,CC(C)N1=C(N(C)C)[N-](C(C)C)->[Ti+4]<-12(<-[N-2]c1c(F)c(F)c(F)c(F)c1F)<-N(=C(N(C)C)[N-]->2C(C)C)C(C)C,CC(C)N1=C(N(C)C)[N-](C(C)C)->[Ti+4]<-12(<-[N-2]c1c(F)c(F)c(F)c(F)c1F)<-N(=C(N(C)C)[N-]->2C(C)C)C(C)C,CC(C)N1=C(N(C)C)[N-](C(C)C)->[Ti+4]<-12(<-[N-2]c1c(F)c(F)c(F)c(F)c1F)<-N(=C(N(C)C)[N-]->2C(C)C)C(C)C
TALDUI,O=P(c1ccccc1)(c1ccccc1)C(->[Cu+]<-[I-])=P(c1ccccc1)(c1ccccc1)c1ccccc1,C31 H26 Cu1 I1 O1 P2,0.0,O=P(c1ccccc1)(c1ccccc1)[CH-](->[Cu+]<-[I-])[P+](c1ccccc1)(c1ccccc1)c1ccccc1,O=P(c1ccccc1)(c1ccccc1)C(->[Cu+]<-[I-])=P(c1ccccc1)(c1ccccc1)c1ccccc1,O=P(c1ccccc1)(c1ccccc1)C(->[Cu+]<-[I-])=P(c1ccccc1)(c1ccccc1)c1ccccc1
TALYIO,,C9 H6 Cr1 O3,0.0,[O+]#[C-]->[Cr]12345(<-[C-]#[O+])(<-[C-]#[O+])<-C=C->16C->2=C->3C->46=C->5,[O+]#[C-]->[Cr]12345(<-[C-]#[O+])(<-[C-]#[O+])<-C=C->16C->2=C->3C->46=C->5,C=C12->[Cr]34(<-[C-]#[O+])(<-[C-]#[O+])(<-[C-]#[O+])<-C1=C->3C->42=C
TAMZAJ,,C18 H45 Fe1 N2 P4 1+,1.0,CC#N->[FeH+]12(<-P(C)(C)CP->1(C)C)<-P(CC)(CC)CN(C)CP->2(CC)CC,CC#N->[FeH+]12(<-P(C)(C)CP->1(C)C)<-P(CC)(CC)CN(C)CP->2(CC)CC,CC#N->[FeH+]12(<-P(C)(C)CP->1(C)C)<-P(CC)(CC)CN(C)CP->2(CC)CC
TANPII,N/C1=N/N(=O)->[Co+3]23(<-[NH-]1)(<-[NH-]/C(N)=N\N->2=O)<-[O-]/C(N)=N\N->3=O,C3 H8 Co1 N11 O4,0.0,NC1N=N([O])->[Co]23(<-N=1)(<-N=C(N)N=N->2[O])<-O=C(N)N=N->3[O],NC1=NN(=O)->[Co+3]23(<-[NH-]1)(<-[NH-]C(N)=NN->2=O)<-[O-]C(N)=NN->3=O,NC1=NN(=O)->[Co+3]23(<-[NH-]1)(<-[NH-]C(N)=NN->2=O)<-[O-]C(N)=NN->3=O
TAPJOK,CC1/C=C(/C)[O-]->[Ni@@+2]2(<-O=1)<-N(=C(/c1ccccc1)[N-]->2[Si](C)(C)C)/[Si](C)(C)C,C18 H30 N2 Ni1 O2 Si2,0.0,fail,CC1=CC(C)=O->[Ni+2]2(<-[O-]1)<-N(=C(c1ccccc1)[N-]->2[Si](C)(C)C)[Si](C)(C)C,CC1=CC(C)=O->[Ni+2]23(<-[O-]1)<-N(=C->2(c1ccccc1)[N-]->3[Si](C)(C)C)[Si](C)(C)C
TAPWAJ,COc1ccccc1/N1=C/c2c([O-]->[Zn+2]<-13<-[O-]c1ccc4ccccc4c1/C=N->3/c1ccccc1OC)ccc1ccccc21,C36 H28 N2 O4 Zn1,0.0,fail,COc1ccccc1N1=Cc2c([O-]->[Zn+2]<-13<-[O-]c1ccc4ccccc4c1C=N->3c1ccccc1OC)ccc1ccccc21,COc1ccccc1N1=Cc2c([O-]->[Zn+2]<-13<-[O-]c1ccc4ccccc4c1C=N->3c1ccccc1OC)ccc1ccccc21
TAQMED,[O+]#[C-]->[Pt+2]1(<-[C-]#[O+])<-[c-]2ccccc2-c2cccc[c-]->12,C14 H8 O2 Pt1,0.0,[O+]#[C-]->[Pt+2]1(<-[C-]#[O+])<-[c-]2ccccc2-c2cccc[c-]->12,[O+]#[C-]->[Pt+2]1(<-[C-]#[O+])<-[c-]2ccccc2-c2cccc[c-]->12,[O+]#[C-]->[Pt+2]1(<-[C-]#[O+])<-[c-]2ccccc2-c2cccc[c-]->12
TARWEQ,CN1(C)CC[N-]2/C=C3/C=CC=CC3=S->[Ni@TB5+2]<-2<-1<-[Cl-],C11 H15 Cl1 N2 Ni1 S1,0.0,fail,CN1(C)CC[N-]2C=C3C=CC=CC3=S->[Ni+2]<-2<-1<-[Cl-],CN1(C)CC[N-]2C=C3C=CC=CC3=S->[Ni+2]<-2<-1<-[Cl-]
TASBEW,CC1/C=C(/C)[O-]->[Ru+2]23(<-N=C4C=CC=C/C4=N->2\c2ccccc2)(<-O=1)<-O=C(C)/C(Cl)=C(/C)[O-]->3,C22 H23 Cl1 N2 O4 Ru1,0.0,fail,CC1=CC(C)=O->[Ru+2]23(<-N=C4C=CC=CC4=N->2c2ccccc2)(<-O=C(C)C(Cl)=C(C)[O-]->3)<-[O-]1,CC1=CC(C)=O->[Ru+2]23(<-N=C4C=CC=CC4=N->2c2ccccc2)(<-O=C(C)C(Cl)=C(C)[O-]->3)<-[O-]1
TASXIX,,C10 H15 Mo1 O2 P1,0.0,CP(C)(C)->[MoH+]1234(<-[C-]#[O+])(<-[C-]#[O+])<-c5c->1c->2[cH-]->3c->45,CP(C)(C)->[MoH+]1234(<-[C-]#[O+])(<-[C-]#[O+])<-c5c->1c->2[cH-]->3c->45,CP(C)(C)->[MoH+]1234(<-[C-]#[O+])(<-[C-]#[O+])<-c5c->1c->2[cH-]->3c->45
TATRIR,CC(C)c1cccc(C(C)C)c1[N-]1Cc2cccc3-c4occ[c-]4->[Zr+4]<-14(<-[CH2-]c1ccccc1)(<-[CH2-]c->41ccccc1)<-n23,C36 H38 N2 O1 Zr1,0.0,fail,CC(C)c1cccc(C(C)C)c1[N-]1Cc2cccc3-c4occ[c-]4->[Zr+4]<-14(<-[CH2-]c1ccccc1)(<-[CH2-]c->41ccccc1)<-n23,CC(C)c1cccc(C(C)C)c1[N-]1Cc2cccc3-c4occ[c-]4->[Zr+4]<-1(<-[CH2-]c1ccccc1)(<-[CH2-]c1ccccc1)<-n23
TAWHAB,C[Si](C)(C)C1#C([Si](C)(C)C)->[W]<-1(<-[C-]#[O+])(<-[C-]#[O+])(<-[C-]#[O+])(<-[C-]#[O+])<-[C-]#[O+],C13 H18 O5 Si2 W1,0.0,C[Si](C)(C)C1#C([Si](C)(C)C)->[W]<-1(<-[C-]#[O+])(<-[C-]#[O+])(<-[C-]#[O+])(<-[C-]#[O+])<-[C-]#[O+],C[Si](C)(C)C1#C([Si](C)(C)C)->[W]<-1(<-[C-]#[O+])(<-[C-]#[O+])(<-[C-]#[O+])(<-[C-]#[O+])<-[C-]#[O+],C[Si](C)(C)C1#C([Si](C)(C)C)->[W]<-1(<-[C-]#[O+])(<-[C-]#[O+])(<-[C-]#[O+])(<-[C-]#[O+])<-[C-]#[O+]
TAWVEU,Cc1cc(C)c2OCC(=O)[O-]->[Zn@TB4+2](<-O)(<-[O-]C(=O)COc3c(C)cc(C)cc3C(c3ccccc3)c2c1)(<-n1ccccc1)<-n1ccccc1,C37 H38 N2 O7 Zn1,0.0,Cc1cc(C)c2OCC(=O)[O-]->[Zn+2](<-O)(<-[O-]C(=O)COc3c(C)cc(C)cc3C(c3ccccc3)c2c1)(<-n1ccccc1)<-n1ccccc1,Cc1cc(C)c2OCC(=O)[O-]->[Zn+2](<-O)(<-[O-]C(=O)COc3c(C)cc(C)cc3C(c3ccccc3)c2c1)(<-n1ccccc1)<-n1ccccc1,Cc1cc(C)c2OCC(=O)[O-]->[Zn+2]3(<-O)(<-[O-]C(=O)CO->3c3c(C)cc(C)cc3C(c3ccccc3)c2c1)(<-n1ccccc1)<-n1ccccc1
TAXZUO,Cn1cc([C@@H](CC(=O)SC(C)(C)C)O[b-]23->[Fe+2]456(<-[C-]#[O+])(<-[C-]#[O+])(<-c(c->42)c->5n->63C(C)(C)C)<-[Si-](C)(C)C)c2ccccc21,C28 H41 B1 Fe1 N2 O4 S1 Si1,0.0,Cn1cc(C(CC(=O)SC(C)(C)C)OB23->[Fe+2]456(<-[C-]#[O+])(<-[C-]#[O+])(<-C(=C->4N->52C(C)(C)C)[CH-]->63)<-[Si-](C)(C)C)c2ccccc21,Cn1cc(C(CC(=O)SC(C)(C)C)O[b-]23->[Fe+2]456(<-[C-]#[O+])(<-[C-]#[O+])(<-c(c->42)c->5n->63C(C)(C)C)<-[Si-](C)(C)C)c2ccccc21,Cn1cc(C(CC(=O)SC(C)(C)C)O[b-]23->[Fe+2]456(<-[C-]#[O+])(<-[C-]#[O+])(<-c(c->42)c->5n->63C(C)(C)C)<-[Si-](C)(C)C)c2ccccc21
TAYYIC,C1=CC2=N->[Pt@OH17+2]3(<-N=C2C=C1)<-[NH-]c1ccccc1[NH-]->3,C12 H12 N4 Pt1,0.0,c1ccc2[NH-]->[Pt+4]3(<-[NH-]c2c1)<-[NH-]c1ccccc1[NH-]->3,c1ccc2[NH-]->[Pt+4]3(<-[NH-]c2c1)<-[NH-]c1ccccc1[NH-]->3,c1ccc2[NH-]->[Pt+4]3(<-[NH-]c2c1)<-[NH-]c1ccccc1[NH-]->3
TCEPRH,C=CP(CC)(c1ccccc1)->[Rh+3](<-[Cl-])(<-[Cl-])(<-[Cl-])(<-P(C=C)(CC)c1ccccc1)<-P(CC)(CC)c1ccccc1,C30 H45 Cl3 P3 Rh1,0.0,CCP(CC)(c1ccccc1)->[Rh+3](<-[Cl-])(<-[Cl-])(<-[Cl-])(<-P(CC)(CC)c1ccccc1)<-P(CC)(CC)c1ccccc1,[CH2-]CP(C[CH2-])(c1ccccc1)->[Rh+7](<-[Cl-])(<-[Cl-])(<-[Cl-])(<-P(C[CH2-])(C[CH2-])c1ccccc1)<-P(CC)(CC)c1ccccc1,C=CP(CC)(c1ccccc1)->[Rh+3](<-[Cl-])(<-[Cl-])(<-[Cl-])(<-P(C=C)(CC)c1ccccc1)<-P(CC)(CC)c1ccccc1
TEBLAP,CCOC(=O)C1/C=N2/c3ccccc3/N3=C/C(C(=O)OCC)=C(/C)[O-]->[Fe+2]<-2<-3(<-[N-]=C=S)<-[O-]\C=1C,C21 H22 Fe1 N3 O6 S1 1-,-1.0,CCOC(=O)C1C=N2c3ccccc3N3=CC(C(=O)OCC)=C(C)[O-]->[Fe+2]<-2<-3(<-[N-]=C=S)<-[O-]C=1C,CCOC(=O)C1C=N2c3ccccc3N3=CC(C(=O)OCC)=C(C)[O-]->[Fe+2]<-2<-3(<-[N-]=C=S)<-[O-]C=1C,CCOC(=O)C1C=N2c3ccccc3N3=CC(C(=O)OCC)=C(C)[O-]->[Fe+2]<-2<-3(<-[N-]=C=S)<-[O-]C=1C
TEBYOO,,C12 H10 N4 Ni1 O10,0.0,O=C(O)c1nccn2->[Ni+2]3(<-O)(<-O)(<-[O-]C(=O)c12)<-[O-]C(=O)c1c(C(=O)O)nccn->31,O=C(O)c1nccn2->[Ni+2]3(<-O)(<-O)(<-[O-]C(=O)c12)<-[O-]C(=O)c1c(C(=O)O)nccn->31,O.O.O=C(O)c1nccn2->[Ni+2]3(<-[O-]C(=O)c12)<-[O-]C(=O)c1c(C(=O)O)nccn->31
TECLUK,,C23 H21 Cl1 N1 P1 Pd1 S1,0.0,[Cl-]->[Pd+2]12<-S=P(c3ccccc3)(c3ccccc3)c3cccc(C4=N->1CCCC4)[c-]->23,[Cl-]->[Pd+2]12<-S=P(c3ccccc3)(c3ccccc3)c3cccc(C4=N->1CCCC4)[c-]->23,[Cl-]->[Pd+2]12<-S=P(c3ccccc3)(c3ccccc3)c3cccc(C4=N->1CCCC4)[c-]->23
TEDREB,CC(C)c1cccc(C(C)C)c1/N1=c2\cccc(Cl)[n-]2->[Hf+4]<-12(<-[CH2-]c1ccccc1)(<-[CH2-]c1ccccc1)<-[CH2-]c->21ccccc1,C38 H41 Cl1 Hf1 N2,0.0,fail,CC(C)c1cccc(C(C)C)c1[N-]1c2cccc(Cl)n2->[Hf+4]<-1(<-[CH2-]c1ccccc1)(<-[CH2-]c1ccccc1)<-[CH2-]c1ccccc1,CC(C)c1cccc(C(C)C)c1[N-]1c2cccc(Cl)n2->[Hf+4]<-1(<-[CH2-]c1ccccc1)(<-[CH2-]c1ccccc1)<-[CH2-]c1ccccc1
TEFXIL,CSC1=C(C)[C-](->[Cr+2](<-[C-]#[O+])(<-[C-]#[O+])(<-[C-]#[O+])(<-[C-]#[O+])<-[C-]#[O+])C1(c1ccccc1)c1ccccc1,C23 H16 Cr1 O5 S1,0.0,CSC1=C(C)[C-2](->[Cr+2](<-[C-]#[O+])(<-[C-]#[O+])(<-[C-]#[O+])(<-[C-]#[O+])<-[C-]#[O+])C1(c1ccccc1)c1ccccc1,CSC1=C(C)[C](->[Cr](<-[C-]#[O+])(<-[C-]#[O+])(<-[C-]#[O+])(<-[C-]#[O+])<-[C-]#[O+])C1(c1ccccc1)c1ccccc1,CSC1=C(C)[C](->[Cr](<-[C-]#[O+])(<-[C-]#[O+])(<-[C-]#[O+])(<-[C-]#[O+])<-[C-]#[O+])C1(c1ccccc1)c1ccccc1
TEGNUQ,,C30 H40 N4 Zn1,0.0,CC1=CC(C)=N(c2c(C)cc(C)cc2C)->[ZnH+](<-n2ccc(N(C)C)cc2)<-[N-]1c1c(C)cc(C)cc1C,CC1=CC(C)=N(c2c(C)cc(C)cc2C)->[ZnH+](<-n2ccc(N(C)C)cc2)<-[N-]1c1c(C)cc(C)cc1C,CC1=CC(C)=N(c2c(C)cc(C)cc2C)->[ZnH+](<-n2ccc(N(C)C)cc2)<-[N-]1c1c(C)cc(C)cc1C
TEHSIK,,C22 H25 Mn1 O4 Si2,0.0,CC1(C)c2cccc3[Si](C)(C)[H]->[Mn+]4(<-[C-]#[O+])(<-[C-]#[O+])(<-[C-]#[O+])<-O(c23)c2c1cccc2[Si-]->4(C)C,CC1(C)c2cccc3[Si-](C)(C)->[MnH+2]4(<-[C-]#[O+])(<-[C-]#[O+])(<-[C-]#[O+])<-O(c23)c2c1cccc2[Si-]->4(C)C,C[Si](C)=c1cccc2c1=[O+]1->[MnH](<-[C-]#[O+])(<-[C-]#[O+])(<-[C-]#[O+])<-[Si-](C)(C)c3cccc(c31)C2(C)C
TEJTOT,COc1cccc2/C=N3/N=C(\[O-]->[V+5]<-3(<-[O-2])(<-[O-]C)(<-[O-]c21)<-OC)c1ccccc1Cl,C17 H18 Cl1 N2 O6 V1,0.0,COc1cccc2C=N3N=C([O-]->[V+5]<-3(<-[O-2])(<-[O-]C)(<-[O-]c21)<-OC)c1ccccc1Cl,COc1cccc2C=N3N=C([O-]->[V+5]<-3(<-[O-2])(<-[O-]C)(<-[O-]c21)<-OC)c1ccccc1Cl,CO.COc1cccc2c1[O-]->[V+5]1(<-[O-2])(<-[O-]C)<-[O-]C(c3ccccc3Cl)=NN->1=C2
TEKQAE,,C22 H19 Cl1 N2 Ru1,0.0,[Cl-]->[Ru+2]123456(<-[C]7N(Cc8ccccc8)C=CN7c7cccc[c-]->17)<-c1c->2c->3c->4c->5c->61,[Cl-]->[Ru+2]123456(<-[C]7N(Cc8ccccc8)C=CN7c7cccc[c-]->17)<-c1c->2c->3c->4c->5c->61,[Cl-]->[Ru+2]123456(<-[C]7N(Cc8ccccc8)C=CN7c7cccc[c-]->17)<-c1c->2c->3c->4c->5c->61
TELJID,CC1/C=C(\[O-]->[Mn@OH29+3]23(<-[Cl-])<-[O-]/C(=C\C(C)=N->2/CC\N->3=1)c1ccccc1)c1ccccc1,C22 H22 Cl1 Mn1 N2 O2,0.0,CC1C=C([O-]->[Mn+3]23(<-[Cl-])<-[O-]C(=CC(C)=N->2CCN->3=1)c1ccccc1)c1ccccc1,CC1C=C([O-]->[Mn+3]23(<-[Cl-])<-[O-]C(=CC(C)=N->2CCN->3=1)c1ccccc1)c1ccccc1,CC1C=C([O-]->[Mn+3]23(<-[Cl-])<-[O-]C(=CC(C)=N->2CCN->3=1)c1ccccc1)c1ccccc1
TEMTEK,[O+]#[C-]->[Au+]12<-n3c(C(F)(F)F)cc(C(F)(F)F)n3[BH-](n3c(C(F)(F)F)cc(C(F)(F)F)n->13)n1c(C(F)(F)F)cc(C(F)(F)F)n->21,C16 H4 Au1 B1 F18 N6 O1,0.0,[O+]#[C-]->[Au+]12<-[n-]3c(C(F)(F)F)cc(C(F)(F)F)[n+]3[BH-]([n+]3c(C(F)(F)F)cc(C(F)(F)F)[n-]->13)[n+]1c(C(F)(F)F)cc(C(F)(F)F)[n-]->21,[O+]#[C-]->[Au+]12<-n3c(C(F)(F)F)cc(C(F)(F)F)n3[BH-](n3c(C(F)(F)F)cc(C(F)(F)F)n->13)n1c(C(F)(F)F)cc(C(F)(F)F)n->21,[O+]#[C-]->[Au+]12<-n3c(C(F)(F)F)cc(C(F)(F)F)n3[BH-](n3c(C(F)(F)F)cc(C(F)(F)F)n->13)n1c(C(F)(F)F)cc(C(F)(F)F)n->21
TENWIV,COC(=O)C1=C(/C(=O)OC)c2n(-c3ccccn3)c3ccccc3n2->[Rh+3]2345(<-[Cl-])(<-[C-](\C(=O)OC)=C/1C(=O)OC)<-c1(C)c->2(C)c->3(C)[c-]->4(C)c->51C,C34 H35 Cl1 N3 O8 Rh1,0.0,COC(=O)C1=C(C(=O)OC)c2n(-c3ccccn3)c3ccccc3n2->[Rh+3]2345(<-[Cl-])(<-[C-](C(=O)OC)=C1C(=O)OC)<-c1(C)c->2(C)c->3(C)[c-]->4(C)c->51C,COC(=O)C1=C(C(=O)OC)c2n(-c3ccccn3)c3ccccc3n2->[Rh+3]2345(<-[Cl-])(<-[C-](C(=O)OC)=C1C(=O)OC)<-c1(C)c->2(C)c->3(C)[c-]->4(C)c->51C,COC(=O)C1=C(C(=O)OC)c2n(-c3ccccn3)c3ccccc3n2->[Rh+3]2345(<-[Cl-])(<-[C-](C(=O)OC)=C1C(=O)OC)<-c1(C)c->2(C)c->3(C)[c-]->4(C)c->51C
TEPGOM,,C32 H36 N2 Ni1 S2,0.0,fail,CC1(C)C2CC=C(C3C(C4=CCC5CC4C5(C)C)[N-]4c5ccccc5[S-]->[Ni+2]<-45<-S=C4C=CC=CC4=N->53)C1C2,CC1(C)C2CC=C(C3C(C4=CCC5CC4C5(C)C)[N-]4c5ccccc5[S-]->[Ni+2]<-45<-S=C4C=CC=CC4=N->53)C1C2
TEPYIY,,C26 H29 Ir1 N2 O1,0.0,COc1ccc(N2=C(C)c3ccc(C#N)c[c-]3->[IrH+2]<-23456<-c2(C)c->3(C)c->4(C)[c-]->5(C)c->62C)cc1,COc1ccc(N2=C(C)c3ccc(C#N)c[c-]3->[IrH+2]<-23456<-c2(C)c->3(C)c->4(C)[c-]->5(C)c->62C)cc1,COc1ccc(N2=C(C)c3ccc(C#N)c[c-]3->[IrH+2]<-23456<-c2(C)c->3(C)c->4(C)[c-]->5(C)c->62C)cc1
TEQPAG,CC1(C)CC[C@@H]2CC34=C5CC=C[C@@H]5C(C)(C)[O-]->[Ti+4]<-35678(<-[O-][C@@H]21)(<-c1c->5c->6[cH-]->7c->81)<-[N-]4C(C)(C)C,C26 H39 N1 O2 Ti1,0.0,CC1(C)CCC2CC3=C4CC=CC4C(C)(C)[O-]->[Ti+4]4567(<-[O-]C21)(<-c1c->4c->5[cH-]->6c->71)<-[N-]3C(C)(C)C,CC1(C)CCC2CC3=C4CC=CC4C(C)(C)[O-]->[Ti+4]4567(<-[O-]C21)(<-c1c->4c->5[cH-]->6c->71)<-[N-]3C(C)(C)C,CC1(C)CCC2CC3=C4CC=CC4C(C)(C)[O-]->[Ti+4]4567(<-[O-]C21)(<-c1c->4c->5[cH-]->6c->71)<-[N-]3C(C)(C)C
TERKAD,,C14 H23 B1 N8 O1 P1 W1 1+,1.0,CC1#[NH+]->[W+2]<-123(<-[N-]=O)(<-[n-]1ccc[n+]1[BH-]([n+]1ccc[n-]->21)[n+]1ccc[n-]->31)<-P(C)(C)C,C[C-]1=N->[W+4]<-123(<-[N-]=O)(<-n1cccn1[BH-](n1cccn->21)n1cccn->31)<-P(C)(C)C,C[C-]1=N->[W+4]<-123(<-[N-]=O)(<-n1cccn1[BH-](n1cccn->21)n1cccn->31)<-P(C)(C)C
TESLUA,CC[C@@H](N)CC/N1=C(\C)c2c([O-]->[Ni+2]<-13<-[O-]c1ccc4ccccc4c1/C(C)=N->3/CC[C@H](N)CC)ccc1ccccc21,C34 H42 N4 Ni1 O2,0.0,CCC1CCN2=C(C)c3c([O-]->[Ni+2]<-245(<-N1)<-NC(CC)CCN->4=C(C)c1c([O-]->5)ccc2ccccc12)ccc1ccccc31,CCC1CCN2=C(C)c3c([O-]->[Ni+2]<-245(<-N1)<-NC(CC)CCN->4=C(C)c1c([O-]->5)ccc2ccccc12)ccc1ccccc31,CCC(N)CCN1=C(C)c2c([O-]->[Ni+2]<-13<-[O-]c1ccc4ccccc4c1C(C)=N->3CCC(N)CC)ccc1ccccc21
TETCAW,[O+]#[C-]->[W+2]12(<-[C-]#[O+])(<-[C-]#[O+])(<-[Se]=c3cccc[n-]->13)<-[Se]=c1cccc[n-]->21,C13 H8 N2 O3 Se2 W1,0.0,[O+]#[C-]->[W+2]12(<-[C-]#[O+])(<-[C-]#[O+])(<-[Se-]c3ccccn->13)<-[Se-]c1ccccn->21,[O+]#[C-]->[W+2]12(<-[C-]#[O+])(<-[C-]#[O+])(<-[Se]=c3cccc[n-]->13)<-[Se]=c1cccc[n-]->21,O=[C-]1[C-](=O)->[W+4]<-123(<-[C-]#[O+])(<-[Se]=c1cccc[n-]->21)<-[Se]=c1cccc[n-]->31
TEVCUU,Cc1cccc(C)c1[N-]1c2cccc3ccc4-c5c6ccccc6cc[c-]5->[Hf+4]<-15(<-[CH2-]c1ccccc1)(<-[CH2-]c->51ccccc1)<-n4c23,C41 H34 Hf1 N2,0.0,Cc1cccc(C)c1[N-]1c2cccc3ccc4-c5c6ccccc6cc[c-]5->[Hf+4]<-1(<-[CH2-]c1ccccc1)(<-[CH2-]c1ccccc1)<-n4c23,Cc1cccc(C)c1[N-]1c2cccc3ccc4-c5c6ccccc6cc[c-]5->[Hf+4]<-1(<-[CH2-]c1ccccc1)(<-[CH2-]c1ccccc1)<-n4c23,Cc1cccc(C)c1[N-]1c2cccc3ccc4-c5c6ccccc6cc[c-]5->[Hf+4]<-1(<-[CH2-]c1ccccc1)(<-[CH2-]c1ccccc1)<-n4c23
TEWMUE,CC1/C=C(/C)[O-]->[Ir+3]23(<-O=1)(<-[C-](=C1/CCCc4cccn->2c41)/c1ccccc1)<-[C-](=C1/CCCc2cccn->3c21)/c1ccccc1,C37 H35 Ir1 N2 O2,0.0,fail,CC1=CC(C)=O->[Ir+3]23(<-[O-]1)(<-[C-](=C1CCCc4cccn->2c41)c1ccccc1)<-[C-](=C1CCCc2cccn->3c21)c1ccccc1,CC1=CC(C)=O->[Ir+3]23(<-[O-]1)(<-[C-](=C1CCCc4cccn->2c41)c1ccccc1)<-[C-](=C1CCCc2cccn->3c21)c1ccccc1
TEXJIQ,,C26 H30 N2 Pt1 S8,0.0,CSC1=C(SC)SC(=C2SC3[S-]->[Pt+2]4(<-[S-]C=3S2)<-n2ccc(C(C)(C)C)cc2-c2cc(C(C)(C)C)ccn->42)S1,CSC1=C(SC)SC(=C2SC3=S->[Pt]4(<-S=C3S2)<-n2ccc(C(C)(C)C)cc2-c2cc(C(C)(C)C)ccn->42)S1,CSC1=C(SC)SC(=C2SC3=S->[Pt]4(<-S=C3S2)<-n2ccc(C(C)(C)C)cc2-c2cc(C(C)(C)C)ccn->42)S1
TEXXEA,CC(=O)[O-]->[Ag@OH26+]1(<-n2c(C)ccc3ccc4ccc(C)n->1c4c32)<-P(c1ccccc1)(c1ccccc1)c1ccccc1,C34 H30 Ag1 N2 O2 P1,0.0,fail,CC(=O)[O-]->[Ag+]1(<-n2c(C)ccc3ccc4ccc(C)n->1c4c32)<-P(c1ccccc1)(c1ccccc1)c1ccccc1,CC1=O->[Ag+]2(<-[O-]1)(<-n1c(C)ccc3ccc4ccc(C)n->2c4c31)<-P(c1ccccc1)(c1ccccc1)c1ccccc1
TEYFEK,[Br-]->[Hg+2](<-[Br-])<-n1ccccc1-c1cc(-c2ccc(-n3cccn3)cc2)cc(-c2ccccc2)n1,C25 H18 Br2 Hg1 N4,0.0,[Br-]->[Hg+2]1(<-[Br-])<-n2ccccc2-c2cc(-c3ccc(-n4cccn4)cc3)cc(-c3ccccc3)n->12,[Br-]->[Hg+2]1(<-[Br-])<-n2ccccc2-c2cc(-c3ccc(-n4cccn4)cc3)cc(-c3ccccc3)n->12,[Br-]->[Hg+2](<-[Br-])<-n1c(-c2ccccc2)cc(-c2ccc(-n3cccn3)cc2)cc1-c1ccccn1
TEZSAV,,C45 H30 N5 Ni1 S1 1+,1.0,Cc1ccc(-c2c3cc4[n+]5ccccc5sc5c-4n3->[Ni+2]34<-n6c(c(-c7ccccc7)c7ccc2[n-]->37)C=Cc6c(-c2ccc(C)cc2)c2ccc5[n-]->42)cc1,Cc1ccc(C2=C3C=CC4=N3->[Ni+2]35<-N6=C2C=CC6=C2S[C-]6C=CC=CN6C6=CC(=C(c7ccc(C)cc7)C7=N->3C(=C4c3ccccc3)C=C7)N->5=C62)cc1,Cc1ccc(C2=C3C=CC4=N3->[Ni+2]35<-N6=C2C=CC6=C2S[C-]6C=CC=CN6C6=CC(=C(c7ccc(C)cc7)C7=N->3C(=C4c3ccccc3)C=C7)N->5=C62)cc1
TIBQUR,,C20 H24 Cd1 Cl2 N4 O10,0.0,CN(C)C=CC1=O->[Cd+2]2(<-O=C(C=CN(C)C)c3ccccn->23)(<-[O-][Cl+3]([O-])([O-])[O-])(<-[O-][Cl+3]([O-])([O-])[O-])<-n2ccccc21,CN(C)C=CC1=O->[Cd+14]2(<-[O-2])(<-[O-2])(<-O=C(C=CN(C)C)c3ccccn->23)<-n2ccccc21.[O-2].[O-2].[O-2].[O-2].[O-]Cl.[O-]Cl,CN(C)C=CC1=O->[Cd+14]2(<-[O-2])(<-[O-2])(<-O=C(C=CN(C)C)c3ccccn->23)<-n2ccccc21.[O-2].[O-2].[O-2].[O-2].[O-]Cl.[O-]Cl
TICVEJ,CC1=O->[Ru+2]23456(<-[Cl-])(<-c7c->2c->3(C(C)C)c->4c->5c->67C)<-n2ccccc21,C17 H21 Cl1 N1 O1 Ru1 1+,1.0,CC1=O->[Ru+2]23456(<-[Cl-])(<-c7c->2c->3(C(C)C)c->4c->5c->67C)<-n2ccccc21,CC1=O->[Ru+2]23456(<-[Cl-])(<-c7c->2c->3(C(C)C)c->4c->5c->67C)<-n2ccccc21,CC1[O-]->[Ru+4]23456(<-[Cl-])(<-c7c->2c->3(C(C)C)c->4c->5c->67C)<-[N-]2C=CC=CC=12
TIDQAY,Cc1cc[n-]2->[Ti+4](<-[Cl-])(<-[Cl-])(<-N(=c\2c1)/[Si](C)(C)C)(<-[N-](C)C)<-N(C)C,C13 H28 Cl2 N4 Si1 Ti1,0.0,Cc1ccn2->[Ti+4](<-[Cl-])(<-[Cl-])(<-[N-](C)C)(<-[N-](c2c1)[Si](C)(C)C)<-N(C)C,Cc1ccn2->[Ti+4](<-[Cl-])(<-[Cl-])(<-[N-](C)C)(<-[N-](c2c1)[Si](C)(C)C)<-N(C)C,Cc1ccn2->[Ti+4](<-[Cl-])(<-[Cl-])(<-[N-](C)C)(<-[N-](c2c1)[Si](C)(C)C)<-N(C)C
TIFNOO,O=S1(=O)c2ccccc2C2=S->[Zn+2]34(<-S=C5c6ccccc6S(=O)(=O)[N-]->35)(<-n3cccc5ccc6cccn->4c6c53)<-[N-]21,C26 H16 N4 O4 S4 Zn1,0.0,O=S1(=O)N=C([S-]->[Zn+2]2(<-[S-]C3=NS(=O)(=O)c4ccccc43)<-n3cccc4ccc5cccn->2c5c43)c2ccccc21,O=S1(=O)N=C([S-]->[Zn+2]2(<-[S-]C3=NS(=O)(=O)c4ccccc43)<-n3cccc4ccc5cccn->2c5c43)c2ccccc21,O=S1(=O)c2ccccc2C2=S->[Zn+2]34(<-S=C5c6ccccc6S(=O)(=O)[N-]->35)(<-n3cccc5ccc6cccn->4c6c53)<-[N-]21
TIGJID,[Cl-]->[Cd+2]1(<-[Cl-])<-n2ccccc2COCc2ccccn->12,C12 H12 Cd1 Cl2 N2 O1,0.0,[Cl-]->[Cd+2]12(<-[Cl-])<-n3ccccc3CO->1Cc1ccccn->21,[Cl-]->[Cd+2]12(<-[Cl-])<-n3ccccc3CO->1Cc1ccccn->21,[Cl-]->[Cd+2]1(<-[Cl-])<-n2ccccc2COCc2ccccn->12
TIHMUV,CN1(C)CCN(C)(C)->[Zn+2]<-1(<-[c-]1ccccc1)<-[c-]1ccccc1,C18 H26 N2 Zn1,0.0,CN1(C)CCN(C)(C)->[Zn+2]<-1(<-[c-]1ccccc1)<-[c-]1ccccc1,CN1(C)CCN(C)(C)->[Zn+2]<-1(<-[c-]1ccccc1)<-[c-]1ccccc1,CN(C)CCN(C)(C)->[Zn+2](<-[c-]1ccccc1)<-[c-]1ccccc1
TIKDIC,CC(C)c12->[Os+2]34567(<-[Cl-])(<-c(c->31)c->4(C)c->5c->62)<-N(=C\c1ccccn->71)/[C@H](C)c1ccccc1,C24 H28 Cl1 N2 Os1 1+,1.0,CC(c1ccccc1)N1=Cc2ccccn2->[Os+2]<-123456(<-[Cl-])<-c1c->2c->3(C(C)C)c->4c->5c->61C,CC(c1ccccc1)N1=Cc2ccccn2->[Os+2]<-123456(<-[Cl-])<-c1c->2c->3(C(C)C)c->4c->5c->61C,CC(C)c1cc2->[Os+2]345(<-[Cl-])(<-c1c->3c->42C)<-N(=Cc1ccccn->51)C(C)c1ccccc1
TILCAT,,C26 H20 Cd1 N4 O5,0.0,fail,N#Cc1ccc(C2=O->[Cd+2]3(<-O)(<-O=C([O-]->3)c3ccc(C#N)cc3)(<-[O-]2)(<-n2ccccc2)<-n2ccccc2)cc1,N#Cc1ccc(C23->[Cd+2]45(<-n6ccccc6)(<-n6ccccc6)(<-O=2)(<-O=C->4(c2ccc(C#N)cc2)[O-]->5)<-[O-]3)cc1.O
TILWUG,CC(C)(C)[N-2]->[Ti+4](<-[Cl-])(<-[Cl-])(<-n1ccccc1)(<-n1ccccc1)<-n1ccccc1,C19 H24 Cl2 N4 Ti1,0.0,CC(C)(C)[N-2]->[Ti+4](<-[Cl-])(<-[Cl-])(<-n1ccccc1)(<-n1ccccc1)<-n1ccccc1,CC(C)(C)[N-2]->[Ti+4](<-[Cl-])(<-[Cl-])(<-n1ccccc1)(<-n1ccccc1)<-n1ccccc1,CC(C)(C)[N-2]->[Ti+4](<-[Cl-])(<-[Cl-])(<-n1ccccc1)(<-n1ccccc1)<-n1ccccc1
TIMPOU,C[Si](C)(C)C[C-]1=O->[Re+5]<-1(<-[O-2])(<-[CH2-][Si](C)(C)C)(<-[CH2-][Si](C)(C)C)<-P(C)(C)C,C16 H42 O2 P1 Re1 Si3,0.0,C[Si](C)(C)C[C-](=O)->[Re+5](<-[O-2])(<-[CH2-][Si](C)(C)C)(<-[CH2-][Si](C)(C)C)<-P(C)(C)C,C[Si](C)(C)C[C-](=O)->[Re+5](<-[O-2])(<-[CH2-][Si](C)(C)C)(<-[CH2-][Si](C)(C)C)<-P(C)(C)C,C[Si](C)(C)C[C-](=O)->[Re+5](<-[O-2])(<-[CH2-][Si](C)(C)C)(<-[CH2-][Si](C)(C)C)<-P(C)(C)C
TIQGUX,C[C@H]1OC(=O)C=[C-]1->[Au+]<-P(c1ccccc1)(c1ccccc1)c1ccccc1,C23 H20 Au1 O2 P1,0.0,CC1OC(=O)C=[C-]1->[Au+]<-P(c1ccccc1)(c1ccccc1)c1ccccc1,CC1OC(=O)C=[C-]1->[Au+]<-P(c1ccccc1)(c1ccccc1)c1ccccc1,CC1OC(=O)C=[C-]1->[Au+]<-P(c1ccccc1)(c1ccccc1)c1ccccc1
TIRDAA,CN(C)C=O->[Mo+6]12(<-[O-2])(<-[O-2])<-[O-]CCN->1CC[O-]->2,C7 H16 Mo1 N2 O5,0.0,CN(C)C=O->[Mo+6]12(<-[O-2])(<-[O-2])<-[O-]CCN->1CC[O-]->2,CN(C)C=O->[Mo+6]12(<-[O-2])(<-[O-2])<-[O-]CCN->1CC[O-]->2,CN(C)C=O->[Mo+6]12(<-[O-2])(<-[O-2])<-[O-]CCN->1CC[O-]->2
TIRSIW,CP(C)(C)->[V+3]12345(<-[C-](=C(/c6ccccc6)c6cccc[c-]->16)/c1ccccc1)(<-c1c->2c->3[cH-]->4c->51)<-P(C)(C)C,C31 H37 P2 V1,0.0,CP(C)(C)->[V+3]12345(<-[C-](=C(c6ccccc6)c6cccc[c-]->16)c1ccccc1)(<-c1c->2c->3[cH-]->4c->51)<-P(C)(C)C,CP(C)(C)->[V+3]12345(<-[C-](=C(c6ccccc6)c6cccc[c-]->16)c1ccccc1)(<-c1c->2c->3[cH-]->4c->51)<-P(C)(C)C,CP(C)(C)->[V+3]12345(<-[C-](=C(c6ccccc6)c6cccc[c-]->16)c1ccccc1)(<-c1c->2c->3[cH-]->4c->51)<-P(C)(C)C
TISYEZ,,C10 H5 Mn1 O7 S2,0.0,CC1=O->[Mn](<-[C-]#[O+])(<-[C-]#[O+])(<-[C-]#[O+])(<-[C-]#[O+])<-[SH](=O)(=O)c2ccsc21,CC1=O->[Mn+](<-[C-]#[O+])(<-[C-]#[O+])(<-[C-]#[O+])(<-[C-]#[O+])<-S(=O)([O-])c2ccsc21,CC1=O->[Mn+](<-[C-]#[O+])(<-[C-]#[O+])(<-[C-]#[O+])(<-[C-]#[O+])<-S(=O)([O-])c2ccsc21
TITXUR,CSc1ccccc1/N1=N/c2n(C)ccn2->[Zn+2]<-1(<-O)(<-[Cl-])<-[Cl-],C11 H14 Cl2 N4 O1 S1 Zn1,0.0,CSc1ccccc1N=Nc1n(C)ccn1->[Zn+2](<-O)(<-[Cl-])<-[Cl-],CSc1ccccc1N=Nc1n(C)ccn1->[Zn+2](<-O)(<-[Cl-])<-[Cl-],CSc1ccccc1N1->[Zn+2](<-[Cl-])(<-[Cl-])<-n2ccn(C)c2N=1.O
TIWHEN,CN1c2ccccc2N2c3ccc4ccccc4c3-c3c([N-]4[S@@](C)(=O)=O->[Pd@OH20+2]<-4(<-[I-])<-[C]12)ccc1ccccc31,C29 H22 I1 N3 O2 Pd1 S1,0.0,fail,CN1c2ccccc2N2c3ccc4ccccc4c3-c3c(N4=S(C)(=O)[O-]->[Pd+2]<-4(<-[I-])<-[C]12)ccc1ccccc31,CN1c2ccccc2N2c3ccc4ccccc4c3-c3c(N4=S(C)(=O)[O-]->[Pd+2]<-4(<-[I-])<-[C]12)ccc1ccccc31
TIWWOL,Cc1cc(C(F)(F)F)n2->[Rh+]3(<-[C-]#[O+])(<-[C-]#[O+])<-n4c(C(F)(F)F)cc(C)n4[BH-](n12)n1c(C)cc(C(F)(F)F)n->31,C17 H13 B1 F9 N6 O2 Rh1,0.0,fail,Cc1cc(C(F)(F)F)nn1[BH-]1n2c(C)cc(C(F)(F)F)n2->[Rh+](<-[C-]#[O+])(<-[C-]#[O+])<-n2c(C(F)(F)F)cc(C)n21,Cc1cc(C(F)(F)F)n2->[Rh+]3(<-[C-]#[O+])(<-[C-]#[O+])<-n4c(C(F)(F)F)cc(C)n4[BH-](n12)n1c(C)cc(C(F)(F)F)n->31
TIXROI,CC1(C2=CC(=O)C=CC2=O)n2cccn2->[Pd+2](<-[Cl-])(<-[Cl-])<-n2cccn21,C14 H12 Cl2 N4 O2 Pd1,0.0,CC1(C2=CC(=O)C=CC2=O)n2cccn2->[Pd+2](<-[Cl-])(<-[Cl-])<-n2cccn21,CC1(c2cc([O-])ccc2[O-])n2cccn2->[Pd+4](<-[Cl-])(<-[Cl-])<-n2cccn21,CC12n3cccn3->[Pd+4](<-[Cl-])(<-[Cl-])(<-n3cccn31)<-[c-]21cc([O-])ccc1=O
TIYTAW,,C16 H20 Cl1 Nb1 Si1,0.0,CC1#C(C)->[Nb+3]<-123456789%10(<-[Cl-])<-c1c->2[cH-]->3c->4([Si](C)(C)c->52c->6c->7[cH-]->8c->92)c->%101,CC1#C(C)->[Nb+3]<-123456789%10(<-[Cl-])<-c1c->2c->3[c-]->4([Si](C)(C)[c-]->52c->6c->7c->8c->92)c->%101,CC1#C(C)->[Nb+3]<-123456789%10(<-[Cl-])<-c1c->2c->3[c-]->4([Si](C)(C)[c-]->52c->6c->7c->8c->92)c->%101
TMOZNI,C[C@@H]1[C@@H](C)/N2->[Ni@SP1+2]34<-N\1=N/C=N\[N-]->3[C@@H](C)[C@H](C)[N-]->4/N=C\N=2,C10 H18 N8 Ni1,0.0,CC1C(C)[N-]2->[Ni+2]34<-N1=NC=N[N-]->3C(C)C(C)N->4=NC=N2,CC1C(C)[N-]2->[Ni+8]34<-[N-]1[N-][CH+][N-][N-]->3C(C)C(C)[N-]->4[N-][CH-][N-]2,CC1C(C)[N-]2->[Ni+8]34<-[N-]1[N-][CH+][N-][N-]->3C(C)C(C)[N-]->4[N-][CH-][N-]2
TOCVAI,,C22 H47 O2 P2 Rh1,0.0,CC(C)(C)P1(CCC23CCP(C(C)(C)C)(C(C)(C)C)->[RhH+2]<-2<-14(<-C=3)<-[O-][O-]->4)C(C)(C)C,CC(C)(C)P1(CCC23CCP(C(C)(C)C)(C(C)(C)C)->[RhH+2]<-2<-14(<-C=3)<-[O-][O-]->4)C(C)(C)C,CC(C)(C)P1(CCC23CCP(C(C)(C)C)(C(C)(C)C)->[RhH+2]<-2<-14(<-C=3)<-[O-][O-]->4)C(C)(C)C
TOFWES,,C29 H20 Cl1 N2 O5 Re1,0.0,COc1ccc(N2=C3C(=N(c4ccc(OC)cc4)->[Re+]<-2(<-[Cl-])(<-[C-]#[O+])(<-[C-]#[O+])<-[C-]#[O+])c2cccc4cccc3c24)cc1,COc1ccc([N-]2C3=C([N-](c4ccc(OC)cc4)->[Re+3]<-2(<-[Cl-])(<-[C-]#[O+])(<-[C-]#[O+])<-[C-]#[O+])c2cccc4cccc3c24)cc1,COc1ccc([N-]2C3=C([N-](c4ccc(OC)cc4)->[Re+3]<-2(<-[Cl-])(<-[C-]#[O+])(<-[C-]#[O+])<-[C-]#[O+])c2cccc4cccc3c24)cc1
TOGQIR,Cc1cc(C)n(->[Zn+2]2(<-O=C(COc3ccc(Cl)cc3Cl)[O-]->2)(<-[O-]C(=O)COc2ccc(Cl)cc2Cl)<-n2[nH]c(C)cc2C)[nH]1,C26 H26 Cl4 N4 O6 Zn1,0.0,Cc1cc(C)n(->[Zn+2](<-[O-]C(=O)COc2ccc(Cl)cc2Cl)(<-[O-]C(=O)COc2ccc(Cl)cc2Cl)<-n2[nH]c(C)cc2C)[nH]1,Cc1cc(C)n(->[Zn+2](<-[O-]C(=O)COc2ccc(Cl)cc2Cl)(<-[O-]C(=O)COc2ccc(Cl)cc2Cl)<-n2[nH]c(C)cc2C)[nH]1,Cc1cc(C)n(->[Zn+2]23(<-O=C->2(COc2ccc(Cl)cc2Cl)[O-]->3)(<-[O-]C(=O)COc2ccc(Cl)cc2Cl)<-n2[nH]c(C)cc2C)[nH]1
TOHTIV,O=C(O)c1ccccn1->[Zn@+2]1(<-[Br-])<-[O-]C(=O)c2ccccn->12,C12 H9 Br1 N2 O4 Zn1,0.0,O=C1[O-]->[Zn+2]2(<-[Br-])(<-O=C(O)c3ccccn->23)<-n2ccccc21,O=C1[O-]->[Zn+2]2(<-[Br-])(<-O=C(O)c3ccccn->23)<-n2ccccc21,O=C(O)c1ccccn1->[Zn+2]1(<-[Br-])<-[O-]C(=O)c2ccccn->12
TOJZAT,CC(C)c1ccn2->[Mo+4]34(<-[S-2])(<-S=P([S-]->3)(c3ccccc3)c3ccccc3)<-n3c(C(C)C)ccn3[BH-](n12)n1ccc(C(C)C)n->41,C30 H38 B1 Mo1 N6 P1 S3,0.0,CC(C)c1cc[n-]2->[Mo+5]34(<-[S-2])(<-[S-][P]([S-]->3)(c3ccccc3)c3ccccc3)<-[n-]3c(C(C)C)cc[n+]3[BH-]([n+]12)[n+]1ccc(C(C)C)[n-]->41,CC(C)c1ccn2->[Mo+4]34(<-[S-2])(<-S=P([S-]->3)(c3ccccc3)c3ccccc3)<-n3c(C(C)C)ccn3[BH-](n12)n1ccc(C(C)C)n->41,CC(C)c1ccn2->[Mo+4]345(<-[S-2])(<-S=P->3([S-]->4)(c3ccccc3)c3ccccc3)<-n3c(C(C)C)ccn3[BH-](n12)n1ccc(C(C)C)n->51
TOLCUT,,C26 H25 Ag1 N7 O2 1+,1.0,CC#N->[Ag+](<-n1ccc(NC(=O)Nc2ccccc2)cc1)<-n1ccc(NC(=O)Nc2ccccc2)cc1,CC#N.O=C(Nc1ccccc1)Nc1ccn(->[Ag+]<-n2ccc(NC(=O)Nc3ccccc3)cc2)cc1,CC#N->[Ag+](<-n1ccc(NC(=O)Nc2ccccc2)cc1)<-n1ccc(NC(=O)Nc2ccccc2)cc1
TOMBIG,[O+]#[C-]->[Mn+]12(<-[C-]#[O+])(<-[C-]#[O+])<-n3c(C(F)(F)F)ccn3[BH-](n3ccc(C(F)(F)F)n->13)n1ccc(C(F)(F)F)n->21,C15 H7 B1 F9 Mn1 N6 O3,0.0,[O+]#[C-]->[Mn+]12(<-[C-]#[O+])(<-[C-]#[O+])<-[n-]3c(C(F)(F)F)cc[n+]3[BH-]([n+]3ccc(C(F)(F)F)[n-]->13)[n+]1ccc(C(F)(F)F)[n-]->21,[O+]#[C-]->[Mn+]12(<-[C-]#[O+])(<-[C-]#[O+])<-n3c(C(F)(F)F)ccn3[BH-](n3ccc(C(F)(F)F)n->13)n1ccc(C(F)(F)F)n->21,[O+]#[C-]->[Mn+]12(<-[C-]#[O+])(<-[C-]#[O+])<-n3c(C(F)(F)F)ccn3[BH-](n3ccc(C(F)(F)F)n->13)n1ccc(C(F)(F)F)n->21
TOMZUQ,,C12 H16 Mo1 N4 O4 S1,0.0,CSC1=NN2=Cc3ccccc3[O-]->[Mo+6]<-2(<-[O-2])(<-[O-2])(<-[NH-]1)<-O=CN(C)C,CSC1=NN2=Cc3ccccc3[O-]->[Mo+6]<-2(<-[O-2])(<-[O-2])(<-[NH-]1)<-O=CN(C)C,CSC1=NN2=Cc3ccccc3[O-]->[Mo+6]<-23(<-[O-2])(<-[NH-]1)<-[O-]C([O-]->3)N(C)C
TONKUE,,C27 H21 Cl1 Ir1 N4 1+,1.0,Cc1ccn2->[Ir+3]34(<-[Cl-])(<-[c-]5ccccc5-c2c1)<-n1ccccc1-c1cccc(-c2ccccn->32)n->41,Cc1ccn2->[Ir+3]34(<-[Cl-])(<-[c-]5ccccc5-c2c1)<-n1ccccc1-c1cccc(-c2ccccn->32)n->41,Cc1ccn2->[Ir+3]34(<-[Cl-])(<-[c-]5ccccc5-c2c1)<-n1ccccc1-c1cccc(-c2ccccn->32)n->41
TONXUR,,C23 H42 N1 O2 P3 W1,0.0,CC(C)P1(CCP2(CCP(C(C)C)(C(C)C)->[WH+]<-2<-1(<-[C-]#[O+])<-[N-]=O)c1ccccc1)C(C)C,CC(C)P1(CCP2(CCP(C(C)C)(C(C)C)->[WH+]<-2<-1(<-[C-]#[O+])<-[N-]=O)c1ccccc1)C(C)C,CC(C)P1(CCP2(CCP(C(C)C)(C(C)C)->[WH+]<-2<-1(<-[C-]#[O+])<-[N-]=O)c1ccccc1)C(C)C
TOQBUZ,C/C1=C2\C=CC=C[N-]2->[Zn+2]234(<-S=C(N=N->21)SCc1ccc([N+](=O)[O-])cc1)<-S=C(N=N->3/C(C)=C1\C=CC=C[N-]->41)SCc1ccc([N+](=O)[O-])cc1,C30 H26 N8 O4 S4 Zn1,0.0,CC1c2ccccn2->[Zn+2]234(<-[S-]C(=NN->2=1)SCc1ccc([N+](=O)[O-])cc1)<-[S-]C(=NN->3=C(C)c1ccccn->41)SCc1ccc([N+](=O)[O-])cc1,CC1=C2C=CC=C[N-]2->[Zn+2]234(<-S=C(N=N->21)SCc1ccc([N+](=O)[O-])cc1)<-S=C(N=N->3C(C)=C1C=CC=C[N-]->41)SCc1ccc([N+](=O)[O-])cc1,CC1=C2C=CC=C[N-]2->[Zn+2]234(<-S=C(N=N->21)SCc1ccc([N+](=O)[O-])cc1)<-S=C(N=N->3C(C)=C1C=CC=C[N-]->41)SCc1ccc([N+](=O)[O-])cc1
TORCAG,,C17 H16 Br2 N2 Pd1,0.0,fail,[Br-]->[Pd+2]12(<-[Br-])<-C3=CC=CC([n+]4ccn(Cc5ccccc5)c4)=C->1[CH-]->23,[Br-]->[Pd+2]12(<-[Br-])<-C3=CC=CC([n+]4ccn(Cc5ccccc5)c4)=C->1[CH-]->23
TORNOE,,C16 H24 Cd1 I2 O6,0.0,[I-]->[Cd+2]123(<-[I-])<-O4CCOc5ccccc5OCCO->1CCO->2CCO->3CC4,[I-]->[Cd+2]1(<-[I-])<-O2CCOCCOc3ccccc3OCCOCCO->1CC2,[I-]->[Cd+2]<-[I-].c1ccc2c(c1)OCCOCCOCCOCCOCCO2
TOTQIC,COC(=O)/C1=C2/C3=C(/C(=O)[C@@H]4CC(C)=C(C)C[C@H]4C(=O)c4ccccc4)->[Fe]<-1<-2<-3(<-[C-]#[O+])(<-[C-]#[O+])<-[C-]#[O+],C25 H24 Fe1 O7,0.0,COC(=O)C1=C2C3=C(C(=O)C4CC(C)=C(C)CC4C(=O)c4ccccc4)->[Fe]<-1<-2<-3(<-[C-]#[O+])(<-[C-]#[O+])<-[C-]#[O+],COC(=O)[CH-]1C2=C3[CH-](C(=O)C4CC(C)=C(C)CC4C(=O)c4ccccc4)->[Fe+2]<-2<-3<-1(<-[C-]#[O+])(<-[C-]#[O+])<-[C-]#[O+],COC(=O)[CH-]1C2=C3[CH-](C(=O)C4CC(C)=C(C)CC4C(=O)c4ccccc4)->[Fe+2]<-2<-3<-1(<-[C-]#[O+])(<-[C-]#[O+])<-[C-]#[O+]
TOWFIU,C/[C-]1=[C-](\c2ccccc2)->[Nb+5]<-123(<-[Cl-])(<-[Cl-])<-n1cccn1[BH-](n1cccn->21)n1cccn->31,C18 H18 B1 Cl2 N6 Nb1,0.0,CC1#C(c2ccccc2)->[Nb+3]<-123(<-[Cl-])(<-[Cl-])<-[n-]1ccc[n+]1[BH-]([n+]1ccc[n-]->21)[n+]1ccc[n-]->31,CC1#C(c2ccccc2)->[Nb+3]<-123(<-[Cl-])(<-[Cl-])<-n1cccn1[BH-](n1cccn->21)n1cccn->31,CC1#C(c2ccccc2)->[Nb+3]<-123(<-[Cl-])(<-[Cl-])<-n1cccn1[BH-](n1cccn->21)n1cccn->31
TOWYUZ,,C35 H33 Cl1 O2 P2 W1,0.0,[O+]#[C-]->[W+4]1(<-[Cl-])(<-[C-3]C=C2CCCC2)(<-[C-]#[O+])<-P(CCP->1(c1ccccc1)c1ccccc1)(c1ccccc1)c1ccccc1,[O+]#[C-]->[W+2]1(<-[Cl-])(<-[C-]C=C2CCCC2)(<-[C-]#[O+])<-P(CCP->1(c1ccccc1)c1ccccc1)(c1ccccc1)c1ccccc1,[O+]#[C-]->[W+2]1(<-[Cl-])(<-[C-]C=C2CCCC2)(<-[C-]#[O+])<-P(CCP->1(c1ccccc1)c1ccccc1)(c1ccccc1)c1ccccc1
TOXMIE,COc1ccccc1/N1=C/c2ccccn2->[Zn+2]<-12(<-O)(<-[O-][N+](=O)[O-])<-[O-][N+](=O)[O-]->2,C13 H14 N4 O8 Zn1,0.0,CO1c2ccccc2N2=Cc3ccccn3->[Zn+2]<-2<-1(<-O)(<-[O-][N+](=O)[O-])<-[O-][N+](=O)[O-],COc1ccccc1N1=Cc2ccccn2->[Zn+2]<-1(<-O)(<-[O-][N+](=O)[O-])<-[O-][N+](=O)[O-],COc1ccccc1N1->[Zn+2]2(<-[O-][N+](=O)[O-])(<-[O-][N+](=O)[O-]->2)<-n2ccccc2C=1.O
TOZXIR,CC(C)(C)N1P(OCc2ccccn2)N(C(C)(C)C)P12OCc1ccccn1->[Pt+2]<-2(<-[Cl-])<-[Cl-],C20 H30 Cl2 N4 O2 P2 Pt1,0.0,CC(C)(C)N1P(OCc2ccccn2)N(C(C)(C)C)P12OCc1ccccn1->[Pt+2]<-2(<-[Cl-])<-[Cl-],CC(C)(C)N1P2(OCc3ccccn3)=P13(OCc1ccccn1->[Pt+2]<-3(<-[Cl-])<-[Cl-])N2C(C)(C)C,CC(C)(C)N1P2(OCc3ccccn3)=P13(OCc1ccccn1->[Pt+2]<-3(<-[Cl-])<-[Cl-])N2C(C)(C)C
TUBSUE,,C22 H20 B2 O4 Ti1,0.0,[H]1B2(->[Ti+2]<-13456789%10%11(<-[H]B->31Oc3ccccc3O1)(<-c1c->4c->5[cH-]->6c->71)<-c1c->8c->9[cH-]->%10c->%111)Oc1ccccc1O2,c1ccc2[o+]b(->[TiH2]3456789%10(<-b%11oc%12ccccc%12[o+]%11)(<-c%11c->3c->4[cH-]->5c->6%11)<-c3c->7c->8[cH-]->9c->%103)oc2c1,c1ccc2[o+]b(->[TiH2]3456789%10(<-b%11oc%12ccccc%12[o+]%11)(<-c%11c->3c->4[cH-]->5c->6%11)<-c3c->7c->8[cH-]->9c->%103)oc2c1
TUCTUG,,C18 H40 B1 O2 P4 Rh1,0.0,CP(C)(C)->[Rh+](<-[BH2-]1Oc2ccccc2O1)(<-P(C)(C)C)(<-P(C)(C)C)<-P(C)(C)C,CP(C)(C)->[Rh-](<-b1oc2ccccc2[o+]1)(<-P(C)(C)C)(<-P(C)(C)C)<-P(C)(C)C,CP(C)(C)->[Rh-](<-b1oc2ccccc2[o+]1)(<-P(C)(C)C)(<-P(C)(C)C)<-P(C)(C)C
TUFDAZ,O=[N+]([O-])/N=C1\N=N2\C=C3\C=CC=CC3=O->[Ni@SP3]<-23<-[O-]c2ccccc2C=N->31,C15 H10 N5 Ni1 O4 1-,-1.0,[O-][N+]([O-])=NC1=NN2=Cc3ccccc3[O-]->[Ni+2]<-23<-[O-]c2ccccc2C=N->31,O=[N+]([O-])[N-]C1=NN2=Cc3ccccc3[O-]->[Ni+2]<-23<-[O-]c2ccccc2C=N->31,O=[N+]([O-])N=C1N=N2C=C3C=CC=CC3=O->[Ni]<-23<-[O-]c2ccccc2C=N->31
TUGVOH,,C25 H34 B1 Ir1 N6 O1,0.0,Cc1cc(C)c2[O-]->[IrH+2]345(<-C=C->3c2c1)<-[n-]1c(C)cc(C)[n+]1[BH-]([n+]1c(C)cc(C)[n-]->41)[n+]1c(C)cc(C)[n-]->51,Cc1cc(C)c2[O-]->[IrH+2]345(<-C=C->3c2c1)<-n1c(C)cc(C)n1[BH-](n1c(C)cc(C)n->41)n1c(C)cc(C)n->51,Cc1cc(C)c2[O-]->[IrH+2]345(<-C=C->3c2c1)<-n1c(C)cc(C)n1[BH-](n1c(C)cc(C)n->41)n1c(C)cc(C)n->51
TUHRAQ,C[N+]1=C([B-]2(C3=N(->[Ir+](<-[C-]#[O+])(<-[C-]#[O+])<-N4=C2OCC4(C)C)C(C)(C)CO3)c2ccccc2)OCC1(C)C,C24 H32 B1 Ir1 N3 O5 1+,1.0,C[N+]1=C([B-]2(C3=N(->[Ir+](<-[C-]#[O+])(<-[C-]#[O+])<-N4=C2OCC4(C)C)C(C)(C)CO3)c2ccccc2)OCC1(C)C,C[N+]1=C([B-]2(C3=N(->[Ir+](<-[C-]#[O+])(<-[C-]#[O+])<-N4=C2OCC4(C)C)C(C)(C)CO3)c2ccccc2)OCC1(C)C,C[N+]1=C([B-]2(C3=N(->[Ir+](<-[C-]#[O+])(<-[C-]#[O+])<-N4=C2OCC4(C)C)C(C)(C)CO3)c2ccccc2)OCC1(C)C
TUKMOB,CC(C)(C)[N-2]->[Mo+6]1(<-[N-2]C(C)(C)C)(<-[P-]([C+]2[C+](C(F)(F)F)[CH+][C+](C(F)(F)F)[CH-][C-]2C(F)(F)F)[P-]->1[C-]1[C+](C(F)(F)F)[CH+][C-](C(F)(F)F)[CH-][C-]1C(F)(F)F)<-P(C)(C)C,C29 H31 F18 Mo1 N2 P3,0.0,CC(C)(C)[N-2]->[Mo+4]1(<-[N-2]C(C)(C)C)(<-P(c2c(C(F)(F)F)cc(C(F)(F)F)cc2C(F)(F)F)=P->1c1c(C(F)(F)F)cc(C(F)(F)F)cc1C(F)(F)F)<-P(C)(C)C,CC(C)(C)[N-2]->[Mo+4]1(<-[N-2]C(C)(C)C)(<-P(c2c(C(F)(F)F)cc(C(F)(F)F)cc2C(F)(F)F)=P->1c1c(C(F)(F)F)cc(C(F)(F)F)cc1C(F)(F)F)<-P(C)(C)C,CC(C)(C)[N-2]->[Mo+4]1(<-[N-2]C(C)(C)C)(<-P(c2c(C(F)(F)F)cc(C(F)(F)F)cc2C(F)(F)F)=P->1c1c(C(F)(F)F)cc(C(F)(F)F)cc1C(F)(F)F)<-P(C)(C)C
TUKWUS,CC1=C[C+](C)/C(=[Si-](\c2c(C)cc(C)cc2C)->[Ru+2]2345(<-[C-]#[O+])(<-c6(C)c->2(C)c->3(C)[c-]->4(C)c->56C)<-[Si-](C)(C)C)C(C)=C1,C32 H46 O1 Ru1 Si2,0.0,Cc1cc(C)c([Si-2](c2c(C)cc(C)cc2C)->[Ru+4]2345(<-[C-]#[O+])(<-c6(C)c->2(C)c->3(C)[c-]->4(C)c->56C)<-[Si-](C)(C)C)c(C)c1,CC1=C[C+](C)C(=[Si-](c2c(C)cc(C)cc2C)->[Ru+2]2345(<-[C-]#[O+])(<-c6(C)c->2(C)c->3(C)[c-]->4(C)c->56C)<-[Si-](C)(C)C)C(C)=C1,CC1=C[C+](C)C(=[Si-](c2c(C)cc(C)cc2C)->[Ru+2]2345(<-[C-]#[O+])(<-c6(C)c->2(C)c->3(C)[c-]->4(C)c->56C)<-[Si-](C)(C)C)C(C)=C1
TULWIH,,C22 H29 I1 Ir1 N5,0.0,CC#N->[IrH+2]12(<-[I-])<-[C]3N(CCCC)C=CN3c3cccc(N4C=CN(CCCC)[C]->14)[c-]->23,CC#N->[IrH+2]12(<-[I-])<-[C]3N(CCCC)C=CN3c3cccc(N4C=CN(CCCC)[C]->14)[c-]->23,CC#N->[IrH+2]12(<-[I-])<-[C]3N(CCCC)C=CN3c3cccc(N4C=CN(CCCC)[C]->14)[c-]->23
TUMZOQ,C[C-]1C=CC(=[C-]2P(C)(C)->[W+4]<-23456(<-[C-]#[O+])(<-[C-]#[O+])<-c2c->3c->4[cH-]->5c->62)C=C1,C17 H18 O2 P1 W1 1+,1.0,Cc1ccc([C-2]2P(C)(C)->[W+4]<-23456(<-[C-]#[O+])(<-[C-]#[O+])<-c2c->3c->4[cH-]->5c->62)cc1,Cc1ccc(C2#P(C)(C)->[W+2]<-23456(<-[C-]#[O+])(<-[C-]#[O+])<-c2c->3c->4[cH-]->5c->62)cc1,Cc1ccc(C2#P(C)(C)->[W+2]<-23456(<-[C-]#[O+])(<-[C-]#[O+])<-c2c->3c->4[cH-]->5c->62)cc1
TUNLAP,c1ccc(P2(CCS3c4ccccc4S4CCP(c5ccccc5)(c5ccccc5)->[Cu+]<-3<-4<-2)c2ccccc2)cc1,C34 H32 Cu1 P2 S2 1+,1.0,c1ccc(P2(CCS3c4ccccc4S4CCP(c5ccccc5)(c5ccccc5)->[Cu+]<-3<-4<-2)c2ccccc2)cc1,c1ccc(P2(CCS3c4ccccc4S4CCP(c5ccccc5)(c5ccccc5)->[Cu+]<-3<-4<-2)c2ccccc2)cc1,c1ccc(P2(CCSc3ccccc3S3CCP(c4ccccc4)(c4ccccc4)->[Cu+]<-3<-2)c2ccccc2)cc1
TUQLAS,CO1C(C)(C)C(C)(C)[O-]->[Re@TB6+7]<-1(<-[O-2])(<-[O-2])<-[O-2],C7 H15 O5 Re1,0.0,CO1C(C)(C)C(C)(C)[O-]->[Re+7]<-1(<-[O-2])(<-[O-2])<-[O-2],CO1C(C)(C)C(C)(C)[O-]->[Re+7]<-1(<-[O-2])(<-[O-2])<-[O-2],COC(C)(C)C(C)(C)[O-]->[Re+7](<-[O-2])(<-[O-2])<-[O-2]
TURKOG,[I-]->[Pd+2]1(<-[I-])<-N2(Cc3ccccc3)CC[C@H](P->1(c1ccccc1)c1ccccc1)C2,C23 H24 I2 N1 P1 Pd1,0.0,[I-]->[Pd+2]1(<-[I-])<-N2(Cc3ccccc3)CCC(P->1(c1ccccc1)c1ccccc1)C2,[I-]->[Pd+2]1(<-[I-])<-N2(Cc3ccccc3)CCC(P->1(c1ccccc1)c1ccccc1)C2,[I-]->[Pd+2]1(<-[I-])<-N2(Cc3ccccc3)CCC(P->1(c1ccccc1)c1ccccc1)C2
TURSOP,Cc1cc(C)c(N2C[C@H](C(C)C)N(c3ccccc3-c3ccccc3)[C]2->[Ru+4]2(<-[Cl-])(<-[Cl-])<-[CH-]=C3C=C[CH-]C=C3O->2C(C)C)c(C)c1,C37 H42 Cl2 N2 O1 Ru1,0.0,Cc1cc(C)c(N2CC(C(C)C)N(c3ccccc3-c3ccccc3)[C]2->[Ru+4]2(<-[Cl-])(<-[Cl-])<-[CH-2]c3ccccc3O->2C(C)C)c(C)c1,Cc1cc(C)c(N2CC(C(C)C)N(c3ccccc3-c3ccccc3)[C]2->[Ru+2]2(<-[Cl-])(<-[Cl-])<-[CH]c3ccccc3O->2C(C)C)c(C)c1,Cc1cc(C)c(N2CC(C(C)C)N(c3ccccc3-c3ccccc3)[C]2->[Ru+2]2(<-[Cl-])(<-[Cl-])<-[CH]c3ccccc3O->2C(C)C)c(C)c1
TUSWOV,CC(C)(C)[N-2]->[W+6]1(<-[N-2]C(C)(C)C)(<-[NH-]C(C)(C)C)<-[n-]2cccc2CN->12CCN(c1ccccc1)CC2,C27 H46 N6 W1,0.0,CC(C)(C)[N-2]->[W+6](<-[N-2]C(C)(C)C)(<-[NH-]C(C)(C)C)<-[n-]1cccc1CN1CCN(c2ccccc2)CC1,CC(C)(C)[N-2]->[W+6]1(<-[N-2]C(C)(C)C)(<-[NH-]C(C)(C)C)<-[n-]2cccc2CN->12CCN(c1ccccc1)CC2,CC(C)(C)[N-2]->[W+6]1(<-[N-2]C(C)(C)C)(<-[NH-]C(C)(C)C)<-[n-]2cccc2CN->12CCN(c1ccccc1)CC2
TUTLUR,CN(C)Cc1cc(C(C)(C)C)cc(CN(C)C)[c-]1->[Hg+2]<-[N-2][N+]#N,C16 H27 Hg1 N5,0.0,CC(C)(C)c1cc2CN(C)(C)->[Hg+2]3(<-[N-]=[N+]=[N-])<-[c-]2c(CN->3(C)C)c1,CN(C)Cc1cc(C(C)(C)C)cc(CN(C)C)[c-]1->[Hg+2]<-[N-2][N+]#N,CN(C)Cc1cc(C(C)(C)C)cc(CN(C)C)[c-]1->[Hg+2]<-[N-2][N+]#N
TUVXEN,Cc1cc(C)n(P2(c3ccccc3)N(C(C)C)P(=S->[Pd+2]<-234<-C(/C)=C->3\[CH-]->4C)(c2ccccc2)c2ccccc2)n1,C31 H38 N3 P2 Pd1 S1 1+,1.0,fail,Cc1cc(C)n(P2(c3ccccc3)N(C(C)C)P(=S->[Pd+2]<-234<-C(C)=C->3[CH-]->4C)(c2ccccc2)c2ccccc2)n1,Cc1cc(C)n(P2(c3ccccc3)N(C(C)C)P3(=S->[Pd+2]<-2<-345<-C(C)=C->4[CH-]->5C)(c2ccccc2)c2ccccc2)n1
TUXKUT,[O+]#[C-]->[Re+]1(<-[Br-])(<-[C-]#[O+])(<-[C-]#[O+])<-n2cccc3nc4c(n->1c32)-c1cccc2cccc-4c12,C20 H9 Br1 N3 O3 Re1,0.0,[O+]#[C-]->[Re+]1(<-[Br-])(<-[C-]#[O+])(<-[C-]#[O+])<-n2cccc3nc4c(n->1c32)-c1cccc2cccc-4c12,[O+]#[C-]->[Re+]1(<-[Br-])(<-[C-]#[O+])(<-[C-]#[O+])<-n2cccc3nc4c(n->1c32)-c1cccc2cccc-4c12,[O+]#[C-]->[Re+]1(<-[Br-])(<-[C-]#[O+])(<-[C-]#[O+])<-n2cccc3nc4c(n->1c32)-c1cccc2cccc-4c12
TUYNOQ,CC/N1=C(\CCc2ccccc2)[N-](C(C)(C)C)->[Hf+4]<-12345(<-[Cl-])(<-[Cl-])<-c1(C)c->2(C)c->3(C)[c-]->4(C)c->51C,C25 H38 Cl2 Hf1 N2,0.0,CC[N-]1C(CCc2ccccc2)=N(C(C)(C)C)->[Hf+4]<-12345(<-[Cl-])(<-[Cl-])<-c1(C)c->2(C)c->3(C)[c-]->4(C)c->51C,CCN1=C(CCc2ccccc2)[N-](C(C)(C)C)->[Hf+4]<-12345(<-[Cl-])(<-[Cl-])<-c1(C)c->2(C)c->3(C)[c-]->4(C)c->51C,CCN1=C(CCc2ccccc2)[N-](C(C)(C)C)->[Hf+4]<-12345(<-[Cl-])(<-[Cl-])<-c1(C)c->2(C)c->3(C)[c-]->4(C)c->51C
TUZSIS,Clc1ccc(/N2=C/c3ccccn3->[Ru+2]<-2345(<-[Cl-])(<-[Cl-])<-C2=C->3/CC/C->4=C->5\CC\2)cc1,C20 H21 Cl3 N2 Ru1,0.0,Clc1ccc(N2=Cc3ccccn3->[Ru+2]<-2345(<-[Cl-])(<-[Cl-])<-C2=C->3CCC->4=C->5CC2)cc1,Clc1ccc(N2=Cc3ccccn3->[Ru+2]<-2345(<-[Cl-])(<-[Cl-])<-C2=C->3CCC->4=C->5CC2)cc1,Clc1ccc(N2=Cc3ccccn3->[Ru+2]<-2345(<-[Cl-])(<-[Cl-])<-C2=C->3CCC->4=C->5CC2)cc1
UBAXOK,,C25 H22 Br2 O4 P1 Re1,0.0,Cc12->[Re+3]345(<-[Br-])(<-[Br-])(<-[C-]#[O+])(<-c(c->31)[cH-]->4c->52)<-P(Oc1ccccc1)(Oc1ccccc1)Oc1ccccc1,Cc12->[Re+3]345(<-[Br-])(<-[Br-])(<-[C-]#[O+])(<-c(c->3[cH-]->41)c->52)<-P(Oc1ccccc1)(Oc1ccccc1)Oc1ccccc1,Cc1cc2->[Re+3]3(<-[Br-])(<-[Br-])(<-[C-]#[O+])(<-c2[cH-]->31)<-P(Oc1ccccc1)(Oc1ccccc1)Oc1ccccc1
UBEVUV,N#[C-]->[Fe+2]12345(<-[C-]#N)<-C(=N->1\N(c1ccccc1)c1ccccn->21)/C->3(=N->4N(c1ccccc1)c1ccccn->51)[N+](=O)[O-],C26 H19 Fe1 N9 O2,0.0,N#[C-]->[Fe+2]123(<-[C-]#N)<-N(=CC(=N->1N(c1ccccc1)c1ccccn->21)[N+](=O)[O-])N(c1ccccc1)c1ccccn->31,N#[C-]->[Fe+2]123(<-[C-]#N)<-N(=CC(=N->1N(c1ccccc1)c1ccccn->21)[N+](=O)[O-])N(c1ccccc1)c1ccccn->31,N#[C-]->[Fe+2]123(<-[C-]#N)<-N(=CC(=N->1N(c1ccccc1)c1ccccn->21)[N+](=O)[O-])N(c1ccccc1)c1ccccn->31
UBIXUY,,C27 H28 I2 Mo1 N1 O4 P1,0.0,CC#N->[Mo+2]1(<-[I-])(<-[I-])(<-[C-]#[O+])(<-C(CC)#C->1CC)<-P(Oc1ccccc1)(Oc1ccccc1)Oc1ccccc1,CC#N->[Mo+2]1(<-[I-])(<-[I-])(<-[C-]#[O+])(<-C(CC)#C->1CC)<-P(Oc1ccccc1)(Oc1ccccc1)Oc1ccccc1,CC#N->[Mo+2]1(<-[I-])(<-[I-])(<-[C-]#[O+])(<-C(CC)#C->1CC)<-P(Oc1ccccc1)(Oc1ccccc1)Oc1ccccc1
UBUZOI,CCOC(=O)[CH-](C)->[Co+3]12(<-N[C@@H](C)C3CCCCC3)(<-N(=O)/C(C)=C(/C)[N-]->1O)<-N(=O)/C(C)=C(/C)[N-]->2O,C21 H40 Co1 N5 O6,0.0,CCOC(=O)[CH-](C)->[Co+]12(<-NC(C)C3CCCCC3)(<-N([O])=C(C)C(C)=N->1O)<-N([O])=C(C)C(C)=N->2O,CCOC(=O)[CH-](C)->[Co+3]12(<-NC(C)C3CCCCC3)(<-N(=O)C(C)=C(C)[N-]->1O)<-N(=O)C(C)=C(C)[N-]->2O,CCOC(=O)[CH-](C)->[Co+3]12(<-NC(C)C3CCCCC3)(<-N(=O)C(C)=C(C)[N-]->1O)<-N(=O)C(C)=C(C)[N-]->2O
UCECIP,CC/C1[S-]->[Re+5]2(<-[O-2])(<-[S-]/C=1CC)<-[S-]/C(CC)=C(\CC)[S-]->2,C12 H20 O1 Re1 S4 1-,-1.0,CCC1[S-]->[Re+5]2(<-[O-2])(<-[S-]C=1CC)<-[S-]C(CC)=C(CC)[S-]->2,CCC1=S->[Re+]2(<-[O-2])(<-S=C1CC)<-S=C(CC)C(CC)=S->2,CCC1=S->[Re+]2(<-[O-2])(<-S=C1CC)<-S=C(CC)C(CC)=S->2
UCIFET,CCC1=C(C)/C2=C/c3cc4ccccc4c4[c-]3->[Pd@SP1+2]35<-N2=C1/C=c1/c(CC)c(CC)/c([n-]->31)=C/C1=N->5/C(=C\4)C(C)=C1CC,C36 H35 N3 Pd1,0.0,CCC1=C(C)C2=Cc3cc4ccccc4c4[c-]3->[Pd+2]35<-N2=C1C=c1c(CC)c(CC)c([n-]->31)=CC1=N->5C(=C4)C(C)=C1CC,CCc1c(CC)c2[n-]3->[Pd+4]45<-[C]6[C+](C=C7C=C[CH-]C=C7[C-]6C=c6c(C)c(CC)c([n-]->46)=C2)C=c2c(C)c(CC)c([n-]->52)=Cc13,CCc1c(CC)c2[n-]3->[Pd+4]45<-[C]6[C+](C=C7C=C[CH-]C=C7[C-]6C=c6c(C)c(CC)c([n-]->46)=C2)C=c2c(C)c(CC)c([n-]->52)=Cc13
UCOHAX,CCP(CC)(CC)->[Ni+2](<-[O-]C(C)=O)(<-[C-](=C/c1ccccc1)/c1ccccc1)<-P(CC)(CC)CC,C28 H44 Ni1 O2 P2,0.0,CCP(CC)(CC)->[Ni+2](<-[O-]C(C)=O)(<-[C-](=Cc1ccccc1)c1ccccc1)<-P(CC)(CC)CC,CCP(CC)(CC)->[Ni+2](<-[O-]C(C)=O)(<-[C-](=Cc1ccccc1)c1ccccc1)<-P(CC)(CC)CC,CCP(CC)(CC)->[Ni+2]1(<-O=C(C)[O-]->1)(<-[C-](=Cc1ccccc1)c1ccccc1)<-P(CC)(CC)CC
UCUPUD,,C13 H18 Br2 Co1 N3 O2,0.0,Cc1cccc2C3=[N+]([O-])C(C)(C)C(C)(C)N3[O-]->[Co+3](<-[Br-])(<-[Br-])<-n12,CC1=CC=CC2=C3N([O-]->[Co+3](<-[Br-])(<-[Br-])<-[N-]12)C(C)(C)C(C)(C)[N+]3=O,CC1=CC=CC2=C3N([O-]->[Co+3](<-[Br-])(<-[Br-])<-[N-]12)C(C)(C)C(C)(C)[N+]3=O
UDEGEP,,C26 H48 F4 O1 Os1 P2,0.0,CC1=O->[OsH3+](<-[c-]2c(F)c(F)c(F)c(F)c21)(<-P(C(C)C)(C(C)C)C(C)C)<-P(C(C)C)(C(C)C)C(C)C,CC1=O->[OsH3+](<-[c-]2c(F)c(F)c(F)c(F)c21)(<-P(C(C)C)(C(C)C)C(C)C)<-P(C(C)C)(C(C)C)C(C)C,CC1=O->[OsH3+](<-[c-]2c(F)c(F)c(F)c(F)c21)(<-P(C(C)C)(C(C)C)C(C)C)<-P(C(C)C)(C(C)C)C(C)C
UDESUS,S=C=[N-]->[Ni@TB15+2]12(<-[N-]=C=S)<-N(/CCC/N->1=C(\c1ccccc1)c1ccccn->21)=C(/c1ccccc1)c1ccccn1,C29 H24 N6 Ni1 S2,0.0,S=C=[N-]->[Ni+2]123(<-[N-]=C=S)<-N(CCCN->1=C(c1ccccc1)c1ccccn->21)=C(c1ccccc1)c1ccccn->31,S=C=[N-]->[Ni+2]123(<-[N-]=C=S)<-N(CCCN->1=C(c1ccccc1)c1ccccn->21)=C(c1ccccc1)c1ccccn->31,S=C=[N-]->[Ni+2]123(<-[N-]=C=S)<-N(CCCN->1=C(c1ccccc1)c1ccccn->21)=C(c1ccccc1)c1ccccn->31
UDITEG,,C34 H29 Mo1 O2 P1,0.0,Cc1cc(C)c2[O-]->[Mo+2]345678(<-[C-]#[O+])(<-C9=C->3[CH-]->4C->5=C->6C->7(c2c1)=C->89)<-P(c1ccccc1)(c1ccccc1)c1ccccc1,CC1=CC2=C34->[Mo]56789(<-[C-]#[O+])(<-O=C2C(C)=C1)(<-C(=C->5C->6=C->73)C->8=C->94)<-P(c1ccccc1)(c1ccccc1)c1ccccc1,CC1=CC2=C34->[Mo]56789(<-[C-]#[O+])(<-O=C2C(C)=C1)(<-C(=C->5C->6=C->73)C->8=C->94)<-P(c1ccccc1)(c1ccccc1)c1ccccc1
UDOCEX,,C13 H18 Cr1 N1 O5 P1,0.0,COC(C#[C-]->[Cr](<-[C-]#[O+])(<-[C-]#[O+])(<-[C-]#[O+])(<-[C-]#[O+])<-P(C)(C)C)=[N+](C)C,COC(C#[C-]->[Cr](<-[C-]#[O+])(<-[C-]#[O+])(<-[C-]#[O+])(<-[C-]#[O+])<-P(C)(C)C)=[N+](C)C,COC(C#[C-]->[Cr](<-[C-]#[O+])(<-[C-]#[O+])(<-[C-]#[O+])(<-[C-]#[O+])<-P(C)(C)C)=[N+](C)C
UDODUO,COC(C#[C-]->[Cr](<-[C-]#[O+])(<-[C-]#[O+])(<-[C-]#[O+])(<-[C-]#[O+])<-P(c1ccc(Cl)cc1)(c1ccc(Cl)cc1)c1ccc(Cl)cc1)=[N+](C)C,C28 H21 Cl3 Cr1 N1 O5 P1,0.0,COC(C#[C-]->[Cr](<-[C-]#[O+])(<-[C-]#[O+])(<-[C-]#[O+])(<-[C-]#[O+])<-P(c1ccc(Cl)cc1)(c1ccc(Cl)cc1)c1ccc(Cl)cc1)=[N+](C)C,C[O+]=C(C#[C-]->[Cr](<-[C-]#[O+])(<-[C-]#[O+])(<-[C-]#[O+])(<-[C-]#[O+])<-P(c1ccc(Cl)cc1)(c1ccc(Cl)cc1)c1ccc(Cl)cc1)N(C)C,C[O+]=C(C#[C-]->[Cr](<-[C-]#[O+])(<-[C-]#[O+])(<-[C-]#[O+])(<-[C-]#[O+])<-P(c1ccc(Cl)cc1)(c1ccc(Cl)cc1)c1ccc(Cl)cc1)N(C)C
UDONUW,Cc1cccc(C)c1N=C=[N-]->[Pd+2](<-[c-]1nnnn1-c1c(C)cccc1C)(<-P(C)(C)C)<-P(C)(C)C,C24 H36 N6 P2 Pd1,0.0,Cc1cccc(C)c1N=C=[N-]->[Pd+](<-[c]1nnnn1-c1c(C)cccc1C)(<-P(C)(C)C)<-P(C)(C)C,Cc1cccc(C)c1N=C=[N-]->[Pd+2](<-[c-]1nnnn1-c1c(C)cccc1C)(<-P(C)(C)C)<-P(C)(C)C,Cc1cccc(C)c1N=C=[N-]->[Pd+2](<-[c-]1nnnn1-c1c(C)cccc1C)(<-P(C)(C)C)<-P(C)(C)C
UDOSOX,CP(C)(C)->[Co+]1(<-[CH-]=C(c2ccccc2)c2ccccn->12)(<-P(C)(C)C)<-P(C)(C)C,C22 H37 Co1 N1 P3,0.0,CP(C)(C)->[Co+]1(<-[CH-]=C(c2ccccc2)c2ccccn->12)(<-P(C)(C)C)<-P(C)(C)C,CP(C)(C)->[Co+]1(<-[CH-]=C(c2ccccc2)c2ccccn->12)(<-P(C)(C)C)<-P(C)(C)C,CP(C)(C)->[Co+]1(<-[CH-]=C(c2ccccc2)c2ccccn->12)(<-P(C)(C)C)<-P(C)(C)C
UFAHUH,,C25 H45 Cl2 Ir1 N2 P2,0.0,CC(C)(C)P1(CN2c3ccccc3N3CP(C(C)(C)C)(C(C)(C)C)->[IrH+2]<-1(<-[Cl-])(<-[Cl-])<-[C]23)C(C)(C)C,CC(C)(C)P1(CN2c3ccccc3N3CP(C(C)(C)C)(C(C)(C)C)->[IrH+2]<-1(<-[Cl-])(<-[Cl-])<-[C]23)C(C)(C)C,CC(C)(C)P1(CN2c3ccccc3N3CP(C(C)(C)C)(C(C)(C)C)->[IrH+2]<-1(<-[Cl-])(<-[Cl-])<-[C]23)C(C)(C)C
UFAZUY,[O+]#[C-]->[Re+]1234(<-[C-]#[O+])(<-[C-]#[O+])<-c5c->1c->2[c-]->3(O)c->45,C8 H5 O4 Re1,0.0,[O+]#[C-]->[Re+]1234(<-[C-]#[O+])(<-[C-]#[O+])<-c5c->1[cH-]->2c->3(O)c->45,[O+]#[C-]->[Re+]1234(<-[C-]#[O+])(<-[C-]#[O+])<-c5c->1c->2[c-]->3(O)c->45,[O+]#[C-]->[Re+]1234(<-[C-]#[O+])(<-[C-]#[O+])<-c5c->1c->2[c-]->3(O)c->45
UFOYUL,C[Si](C)(C)[C]1/[C-]2=C3\C/C(c4ccccc4)=[C-](/c4ccccc4)->[Zr+4]<-1<-2<-3456789%10%11(<-c1c->4c->5[cH-]->6c->71)<-c1c->8c->9[cH-]->%10c->%111,C31 H32 Si1 Zr1,0.0,fail,C[Si](C)(C)[C]1[C-]2=C3CC(c4ccccc4)=[C-](c4ccccc4)->[Zr+4]<-1<-2<-3456789%10%11(<-c1c->4c->5[cH-]->6c->71)<-c1c->8c->9[cH-]->%10c->%111,C[Si](C)(C)[C][C-]=C1CC(c2ccccc2)=[C-](c2ccccc2)->[Zr+4]<-123456789(<-c1c->2c->3[cH-]->4c->51)<-c1c->6c->7[cH-]->8c->91
UFUMUG,CS1Cc2cccc3CS(C)->[Zn+2]<-1(<-[Br-])(<-[Br-])<-n23,C9 H13 Br2 N1 S2 Zn1,0.0,CS1Cc2cccc3CS(C)->[Zn+2]<-1(<-[Br-])(<-[Br-])<-n23,CSCc1cccc2CS(C)->[Zn+2](<-[Br-])(<-[Br-])<-n12,CSCc1cccc(CSC)n1->[Zn+2](<-[Br-])<-[Br-]
UGASIF,CC[O-]->[Ni+4]12(<-O=C3/C(=C(\[O-]->1)c1ccco1)C(C)=NN3c1ccccc1)(<-O=C1/C(=C(\[O-]->2)c2ccco2)C(C)=NN1c1ccccc1)<-[O-]CC,C34 H34 N4 Ni1 O8,0.0,fail,CC[O-]->[Ni+4]12(<-O=C(c3ccco3)c3c(C)nn(-c4ccccc4)c3[O-]->1)(<-O=C(c1ccco1)c1c(C)nn(-c3ccccc3)c1[O-]->2)<-[O-]CC,CC[O-]->[Ni+4]12(<-O=C(c3ccco3)c3c(C)nn(-c4ccccc4)c3[O-]->1)(<-O=C(c1ccco1)c1c(C)nn(-c3ccccc3)c1[O-]->2)<-[O-]CC
UGEXAG,,C18 H26 Cd1 N2 O9,0.0,O=C1CN(Cc2ccc(O)cc2)->[Cd+2]2(<-O)(<-O)(<-O)(<-[O-]1)<-[O-]C(=O)CN->2Cc1ccc(O)cc1,O=C1CN(Cc2ccc(O)cc2)->[Cd+2]2(<-O)(<-O)(<-O)(<-[O-]1)<-[O-]C(=O)CN->2Cc1ccc(O)cc1,O.O=C1CN(Cc2ccc(O)cc2)->[Cd+2]2(<-O)(<-O)(<-[O-]1)<-[O-]C(=O)CN->2Cc1ccc(O)cc1
UGINOO,C1=C[CH-]c2c(c3[cH-][c+]4[n-]5->[Zn+2]67(<-n8ccccc8)<-[n-]3c2[cH-][c+]2[n-]->6[c+]([cH-][c-]3[n-]->7[c+]([cH+][c+]5[CH-][CH+]4)[CH+][CH+]3)[CH-][CH+]2)[CH-]1,C29 H19 N5 Zn1,0.0,C1=Cc2cc3ccc4cc5n6->[Zn+2]7(<-n8ccccc8)(<-n2c1cc1ccc(cc6-c2ccccc2-5)[n-]->71)<-[n-]34,C1=Cc2cc3c4ccccc4c4cc5n6->[Zn+2]7(<-n8ccccc8)(<-n2c1cc1ccc(cc6C=C5)[n-]->71)<-[n-]34,C1=Cc2cc3c4ccccc4c4cc5n6->[Zn+2]7(<-n8ccccc8)(<-n2c1cc1ccc(cc6C=C5)[n-]->71)<-[n-]34
UGOZOH,CCN(CC)C12[S-]->[Ti+4]<-13456789%10%11(<-C=2=[C-]->3[Si](C)(C)C(C)(C)C)(<-c1c->4c->5[cH-]->6c->71)<-c1c->8c->9[cH-]->%10c->%111,C23 H35 N1 S1 Si1 Ti1,0.0,CCN(CC)C1=S->[Ti+2]23456789%10(<-C1#C->2[Si](C)(C)C(C)(C)C)(<-c1c->3c->4[cH-]->5c->61)<-c1c->7c->8[cH-]->9c->%101,CCN(CC)C1=S->[Ti+2]23456789%10(<-C1#C->2[Si](C)(C)C(C)(C)C)(<-c1c->3c->4[cH-]->5c->61)<-c1c->7c->8[cH-]->9c->%101,CCN(CC)C1=S->[Ti+2]23456789%10(<-C1#C->2[Si](C)(C)C(C)(C)C)(<-c1c->3c->4[cH-]->5c->61)<-c1c->7c->8[cH-]->9c->%101
UGUMEP,,C12 H16 Pt1 S4,0.0,CC12->[Pt+2]345(<-[S-]C6=C([S-]->3)SCCS6)<-C=1(C)C->4(C)=C->52C,CC12->[Pt]345(<-S=C6SCCSC6=S->3)<-C=1(C)C->4(C)=C->52C,CC12->[Pt]345(<-S=C6SCCSC6=S->3)<-C=1(C)C->4(C)=C->52C
UHEGIX,,C33 H34 Fe1 N6 O10 S1,0.0,COC(=O)C12CN3(Cc4ccccn4)->[Fe+2]456(<-[O-]S(=O)(=O)[O-])<-n7ccccc7CN->4(C1c1ccccn->51)C(c1ccccn->61)C(C(=O)OC)(C3)C2(O)O,COC(=O)C12CN3(Cc4ccccn4)->[Fe+2]456(<-[O-]S(=O)(=O)[O-])<-n7ccccc7CN->4(C1c1ccccn->51)C(c1ccccn->61)C(C(=O)OC)(C3)C2(O)O,
UHIKAX,CN1(C)CN(C)(C)->[Re+]<-1(<-[Br-])(<-[C-]#[O+])(<-[C-]#[O+])<-[C-]#[O+],C8 H14 Br1 N2 O3 Re1,0.0,CN1(C)CN(C)(C)->[Re+]<-1(<-[Br-])(<-[C-]#[O+])(<-[C-]#[O+])<-[C-]#[O+],CN1(C)CN(C)(C)->[Re+]<-1(<-[Br-])(<-[C-]#[O+])(<-[C-]#[O+])<-[C-]#[O+],CN1(C)CN(C)(C)->[Re+]<-1(<-[Br-])(<-[C-]#[O+])(<-[C-]#[O+])<-[C-]#[O+]
UHIMEE,,C17 H35 Mo1 N2 P3,0.0,CP(C)(C)->[MoH2]123(<-c4c5nccnc5c->1c->2c->34)(<-P(C)(C)C)<-P(C)(C)C,CP(C)(C)->[MoH2]123(<-c4c5nccnc5c->1c->2c->34)(<-P(C)(C)C)<-P(C)(C)C,CP(C)(C)->[MoH2]123(<-c4c5nccnc5c->1c->2c->34)(<-P(C)(C)C)<-P(C)(C)C
UHOGEE,Cc1cc2(C)->[Pd+2]345(<-C=C->3(C)C[C@@H]3[C@H]6CC[C@H](C6)[CH-]->43)<-c2c->5(C)c1,C20 H29 Pd1 1+,1.0,CC12CC3C4CCC(C4)[CH-]3->[Pd+2]<-134567(<-C=2)<-c1c->3(C)c->4c->5(C)c->6c->71C,Cc1cc2(C)->[Pd+2]3456(<-C=C->3(C)CC3C7CCC(C7)[CH-]->43)<-c1c->5(C)c->62,Cc1cc2(C)->[Pd+2]3456(<-C=C->3(C)CC3C7CCC(C7)[CH-]->43)<-c1c->5(C)c->62
UJACUE,,C18 H28 F3 Mo1 N2 O6 P1 S1,0.0,COP1(->[Mo+2]2345(<-[C-]#[O+])(<-[C-]#[O+])(<-[O-]S(=O)(=O)C(F)(F)F)<-c6(C)c->2(C)c->3(C)[c-]->4(C)c->56C)N(C)CCN1C,COP1(->[Mo+2]2345(<-[C-]#[O+])(<-[C-]#[O+])(<-[O-]S(=O)(=O)C(F)(F)F)<-c6(C)c->2(C)c->3(C)[c-]->4(C)c->56C)N(C)CCN1C,COP1(->[Mo+2]2345(<-[C-]#[O+])(<-[C-]#[O+])(<-[O-]S(=O)(=O)C(F)(F)F)<-c6(C)c->2(C)c->3(C)[c-]->4(C)c->56C)N(C)CCN1C
UJAMEZ,,C29 H42 Co1 N3,0.0,CC1c2cccc3C(C)=N(C(C)C4CCCCC4)->[CoH](<-N=1c1c(C(C)C)cccc1C(C)C)<-n23,CC1c2cccc3C(C)=N(C(C)C4CCCCC4)->[CoH](<-N=1c1c(C(C)C)cccc1C(C)C)<-n23,CC1c2cccc3C(C)=N(C(C)C4CCCCC4)->[CoH](<-N=1c1c(C(C)C)cccc1C(C)C)<-n23
UJEHAT,CC/N1=C/C=[C-](/c2ccccc2)->[Ru+2]<-12345(<-[C-](=C\C=N->2\CC)/c1ccccc1)<-C1=C->3/CC/C->4=C->5\CC\1,C30 H36 N2 Ru1,0.0,CCN1=CC=[C-](c2ccccc2)->[Ru+2]<-12345(<-[C-](=CC=N->2CC)c1ccccc1)<-C1=C->3CCC->4=C->5CC1,CCN1=CC=[C-](c2ccccc2)->[Ru+2]<-12345(<-[C-](=CC=N->2CC)c1ccccc1)<-C1=C->3CCC->4=C->5CC1,CCN1=CC=[C-](c2ccccc2)->[Ru+2]<-12345(<-[C-](=CC=N->2CC)c1ccccc1)<-C1=C->3CCC->4=C->5CC1
UJIRUB,[Cl-]->[Zn+2]12<-NCCN(CCN->1)Cc1c[nH]cn->21,C8 H17 Cl1 N5 Zn1 1+,1.0,[Cl-]->[Zn+2]123<-NCCN->1(CCN->2)Cc1c[nH]cn->31,[Cl-]->[Zn+2]123<-NCCN->1(CCN->2)Cc1c[nH]cn->31,[Cl-]->[Zn+2]123<-NCCN->1(CCN->2)Cc1c[nH]cn->31
UJUZEE,CN(C)C(=S)[SH]=C1P(c2ccccc2)(c2ccccc2)->[Mn+](<-[C-]#[O+])(<-[C-]#[O+])(<-[C-]#[O+])(<-[C-]#[O+])<-P1(c1ccccc1)c1ccccc1,C32 H26 Mn1 N1 O4 P2 S2,0.0,CN(C)C(=S)S[C-]1P(c2ccccc2)(c2ccccc2)->[Mn+](<-[C-]#[O+])(<-[C-]#[O+])(<-[C-]#[O+])(<-[C-]#[O+])<-P1(c1ccccc1)c1ccccc1,CN(C)C(=S)[SH]=C1P(c2ccccc2)(c2ccccc2)->[Mn+](<-[C-]#[O+])(<-[C-]#[O+])(<-[C-]#[O+])(<-[C-]#[O+])<-P1(c1ccccc1)c1ccccc1,CN(C)C(=S)[SH]=C1P(c2ccccc2)(c2ccccc2)->[Mn+](<-[C-]#[O+])(<-[C-]#[O+])(<-[C-]#[O+])(<-[C-]#[O+])<-P1(c1ccccc1)c1ccccc1
UKIBEV,CC/N1=C(\C)[N-](C(C)(C)C)->[Zr+4]<-123456(<-[Cl-])(<-[C-](/C(C)C)=N->2/C(C)(C)C)<-c1(C)c->3(C)c->4(C)[c-]->5(C)c->61C,C26 H48 Cl1 N3 Zr1,0.0,CCN1=C(C)[N-](C(C)(C)C)->[Zr+3]<-123456(<-[Cl-])(<-C(C(C)C)=N->2C(C)(C)C)<-c1(C)c->3(C)c->4(C)[c-]->5(C)c->61C,CC[N-]1C(C)=N(C(C)(C)C)->[Zr+4]<-123456(<-[Cl-])(<-[C-](C(C)C)=N->2C(C)(C)C)<-c1(C)c->3(C)c->4(C)[c-]->5(C)c->61C,CC[N-]1C(C)=N(C(C)(C)C)->[Zr+4]<-123456(<-[Cl-])(<-[C-](C(C)C)=N->2C(C)(C)C)<-c1(C)c->3(C)c->4(C)[c-]->5(C)c->61C
UKONUF,O=C1C2c3[nH]c4ccccc4c3[O-]->[Ru+2]34(<-N=2c2ccccc21)(<-N(=N\c1ccccn->31)/c1ccccc1)<-N(=N\c1ccccn->41)/c1ccccc1,C38 H27 N8 O2 Ru1 1+,1.0,O=C1C2=C3Nc4ccccc4C3=O->[Ru+2]34(<-N(=Nc5ccccn->35)c3ccccc3)(<-N(=Nc3ccccn->43)c3ccccc3)<-[N-]2c2ccccc21,[O-]c1c2-c3[nH]c4ccccc4c3[O-]->[Ru+6]34(<-N(=Nc5ccccn->35)c3ccccc3)(<-[N-](N=c3cccc[n-]->43)c3ccccc3)<-[n-]2c2ccccc12,[O-]c1c2-c3[nH]c4ccccc4c3[O-]->[Ru+6]34(<-N(=Nc5ccccn->35)c3ccccc3)(<-[N-](N=c3cccc[n-]->43)c3ccccc3)<-[n-]2c2ccccc12
UKULUI,Cc12->[Rh+3]34567(<-NCC[c-]->3(c->41C)c->5(C)c->62C)<-N(=C1/C=CC=C/C1=N->7\S(=O)(=O)C(F)(F)F)/S([O-])([O-])C(F)(F)F,C19 H22 F6 N3 O4 Rh1 S2,0.0,Cc12->[Rh+3]34567(<-NCCc->31c->4(C)[c-]->5(C)c->62C)<-[N-](c1ccccc1[N-]->7S(=O)(=O)C(F)(F)F)S(=O)(=O)C(F)(F)F,Cc12->[Rh+]34567(<-NCC[c-]->3(c->41C)c->5(C)c->62C)<-N(=C1C=CC=CC1=N->7S(=O)(=O)C(F)(F)F)S(=O)(=O)C(F)(F)F,Cc12->[Rh+]34567(<-NCC[c-]->3(c->41C)c->5(C)c->62C)<-N(=C1C=CC=CC1=N->7S(=O)(=O)C(F)(F)F)S(=O)(=O)C(F)(F)F
ULAJEX,[Cl-]->[Cd+2]12(<-[Cl-])(<-NCCN->13CCOCC3)<-NCCN->21CCOCC1,C12 H28 Cd1 Cl2 N4 O2,0.0,[Cl-]->[Cd+2]12(<-[Cl-])(<-NCCN->13CCOCC3)<-NCCN->21CCOCC1,[Cl-]->[Cd+2]12(<-[Cl-])(<-NCCN->13CCOCC3)<-NCCN->21CCOCC1,[Cl-]->[Cd+2](<-[Cl-])(<-NCCN1CCOCC1)<-NCCN1CCOCC1
ULAXIP,Cc1cccc2-c3cccc(C)n3->[Hg+2](<-[I-])(<-[I-])<-n12,C12 H12 Hg1 I2 N2,0.0,Cc1cccc2-c3cccc(C)n3->[Hg+2](<-[I-])(<-[I-])<-n12,Cc1cccc2-c3cccc(C)n3->[Hg+2](<-[I-])(<-[I-])<-n12,Cc1cccc(-c2cccc(C)n2)n1.[I-]->[Hg+2]<-[I-]
ULOQIX,,C21 H38 N2 O1 S1 W1,0.0,C[S-]->[W+3]123456(<-O=C->1C)(<-N(=C(C)[N-]->2C(C)C)C(C)C)<-c1(C)c->3(C)c->4(C)[c-]->5(C)c->61C,C[S-]->[W+4]123456(<-O=[C-]->1C)(<-N(=C(C)[N-]->2C(C)C)C(C)C)<-c1(C)c->3(C)c->4(C)[c-]->5(C)c->61C,C[S-]->[W+4]123456(<-O=[C-]->1C)(<-N(=C(C)[N-]->2C(C)C)C(C)C)<-c1(C)c->3(C)c->4(C)[c-]->5(C)c->61C
ULUPUN,CP(C)(C)->[Co+]123(<-C=C->1[CH-]->2C->3=O)(<-P(C)(C)C)<-P(C)(C)C,C13 H32 Co1 O1 P3,0.0,fail,CP(C)(C)->[Co+]12(<-[CH2-]C->1=C->2C=O)(<-P(C)(C)C)<-P(C)(C)C,CP(C)(C)->[Co+]12(<-[CH2-]C->1=C->2C=O)(<-P(C)(C)C)<-P(C)(C)C
UMEKAY,C/C1c2cc(C)ccc2O[CH2-]->[Co+3]23(<-O)(<-[O-]c4ccc(C)cc4/C(C)=N->2\CC/N->3=1)<-n1ccccc1,C26 H31 Co1 N3 O3 1+,1.0,CC1c2cc(C)ccc2O[CH2-]->[Co+3]23(<-O)(<-[O-]c4ccc(C)cc4C(C)=N->2CCN->3=1)<-n1ccccc1,CC1c2cc(C)ccc2O[CH2-]->[Co+3]23(<-O)(<-[O-]c4ccc(C)cc4C(C)=N->2CCN->3=1)<-n1ccccc1,CC1=N2->[Co+3]3(<-n4ccccc4)(<-[CH2-]Oc4ccc(C)cc41)<-[O-]c1ccc(C)cc1C(C)=N->3CC2.O
UMOBED,Nc1ccccn1->[Cd+2]12(<-O=C([O-]->1)c1ccc(F)cc1)(<-O=C([O-]->2)c1ccc(F)cc1)<-n1ccccc1N,C24 H20 Cd1 F2 N4 O4,0.0,fail,Nc1ccccn1->[Cd+2]12(<-O=C([O-]->1)c1ccc(F)cc1)(<-O=C([O-]->2)c1ccc(F)cc1)<-n1ccccc1N,Nc1ccccn1->[Cd+2]1234(<-O=C->1([O-]->2)c1ccc(F)cc1)(<-O=C->3([O-]->4)c1ccc(F)cc1)<-n1ccccc1N
UMUCIP,C[CH2-]->[Zn+2]1<-[O-]c2c(CN->13CCC[C@H]3COC)cc(C(C)(C)C)cc2C(C)(C)C,C23 H39 N1 O2 Zn1,0.0,C[CH2-]->[Zn+2]12<-[O-]c3c(CN->14CCCC4CO->2C)cc(C(C)(C)C)cc3C(C)(C)C,C[CH2-]->[Zn+2]12<-[O-]c3c(CN->14CCCC4CO->2C)cc(C(C)(C)C)cc3C(C)(C)C,C[CH2-]->[Zn+2]12<-[O-]c3c(CN->14CCCC4CO->2C)cc(C(C)(C)C)cc3C(C)(C)C
UNAMAX,CO1c2cccc[c-]2->[Y+3]<-123456(<-[N-](C(C)(C)C)[Si](C)(C)C[c-]->21c->3(C)c->4(C)c->5(C)c->61C)<-O1CCCC1,C27 H44 N1 O2 Si1 Y1,0.0,CO1c2cccc[c-]2->[Y+3]<-123456(<-[N-](C(C)(C)C)[Si](C)(C)C[c-]->21c->3(C)c->4(C)c->5(C)c->61C)<-O1CCCC1,CO1c2cccc[c-]2->[Y+3]<-123456(<-[N-](C(C)(C)C)[Si](C)(C)C[c-]->21c->3(C)c->4(C)c->5(C)c->61C)<-O1CCCC1,Cc1c(C)c2(C)->[Y+3]345(<-[c-]6ccccc6O->3C)(<-[N-](C(C)(C)C)[Si](C)(C)C[c-]->42c->51C)<-O1CCCC1
UNAVOU,Cc1cccc(C)c1[N-2]->[Mo+6](<-[CH]C(C)(C)[C-]1[CH-][CH+][CH+][CH-][CH-]1)(<-[O-]C(C(F)(F)F)C(F)(F)F)(<-[O-]C(C(F)(F)F)C(F)(F)F)<-N12CCC(CC1)CC2,C31 H36 F12 Mo1 N2 O2,0.0,Cc1cccc(C)c1[N-2]->[Mo+6](<-[CH-2]C(C)(C)c1ccccc1)(<-[O-]C(C(F)(F)F)C(F)(F)F)(<-[O-]C(C(F)(F)F)C(F)(F)F)<-N12CCC(CC1)CC2,Cc1cccc(C)c1[N-2]->[Mo+4](<-[CH]C(C)(C)c1ccccc1)(<-[O-]C(C(F)(F)F)C(F)(F)F)(<-[O-]C(C(F)(F)F)C(F)(F)F)<-N12CCC(CC1)CC2,Cc1cccc(C)c1[N-2]->[Mo+4](<-[CH]C(C)(C)c1ccccc1)(<-[O-]C(C(F)(F)F)C(F)(F)F)(<-[O-]C(C(F)(F)F)C(F)(F)F)<-N12CCC(CC1)CC2
UNEYOD,CN1C=CN2Cc3ccccc3P(C3CCCCC3)(C3CCCCC3)->[Pd]3(<-[C]12)<-C1=C->3C(=O)OC1=O,C27 H35 N2 O3 P1 Pd1,0.0,CN1C=CN2Cc3ccccc3P(C3CCCCC3)(C3CCCCC3)->[Pd]3(<-[C]12)<-C1=C->3C(=O)OC1=O,CN1C=CN2Cc3ccccc3P(C3CCCCC3)(C3CCCCC3)->[Pd+2]3(<-[C]12)<-[cH-]1c(=O)oc(=O)[cH-]->31,CN1C=CN2Cc3ccccc3P(C3CCCCC3)(C3CCCCC3)->[Pd+2]345(<-[C]12)<-[cH-]1[cH-]->3c->4(=O)oc->51=O
UNIPEM,CC(C)(C)P1(CCP(C(C)(C)C)(C(C)(C)C)->[Ni]<-12<-C(c1ccccc1)#C->2c1ccccc1)C(C)(C)C,C32 H50 Ni1 P2,0.0,CC(C)(C)P1(CCP(C(C)(C)C)(C(C)(C)C)->[Ni]<-12<-C(c1ccccc1)=C->2c1ccccc1)C(C)(C)C,CC(C)(C)P1(CCP(C(C)(C)C)(C(C)(C)C)->[Ni]<-12<-C(c1ccccc1)#C->2c1ccccc1)C(C)(C)C,CC(C)(C)P1(CCP(C(C)(C)C)(C(C)(C)C)->[Ni]<-12<-C(c1ccccc1)#C->2c1ccccc1)C(C)(C)C
UNODUX,C[O-]->[V+5]12(<-[O-2])(<-[O-]/C(=N\N->1=C\c1cc(Br)ccc1[O-]->2)c1ccccc1Cl)<-OC,C16 H15 Br1 Cl1 N2 O5 V1,0.0,C[O-]->[V+5]12(<-[O-2])(<-[O-]C(=NN->1=Cc1cc(Br)ccc1[O-]->2)c1ccccc1Cl)<-OC,C[O-]->[V+5]12(<-[O-2])(<-[O-]C(=NN->1=Cc1cc(Br)ccc1[O-]->2)c1ccccc1Cl)<-OC,CO.C[O-]->[V+5]12(<-[O-2])<-[O-]C(c3ccccc3Cl)=NN->1=Cc1cc(Br)ccc1[O-]->2
UNUKOF,,C28 H30 N6 O6 Zn1,0.0,CCC1(CC)C(=O)NC(=O)[N-](->[Zn+2]2(<-n3cccc4ccc5cccn->2c5c43)<-[N-]2C(=O)NC(=O)C(CC)(CC)C2=O)C1=O,CCC1(CC)C(=O)NC(=O)[N-](->[Zn+2]2(<-n3cccc4ccc5cccn->2c5c43)<-[N-]2C(=O)NC(=O)C(CC)(CC)C2=O)C1=O,CCC1(CC)C(=O)NC(=O)N2->[Zn+2]34(<-[O-]C=21)(<-[O-]C1=N->3C(=O)NC(=O)C1(CC)CC)<-n1cccc2ccc3cccn->4c3c21
UPIQER,Cc1cc[c-](->[Pd@+2]2(<-[Cl-])<-n3(-c4ccccc4P->2(C2CCCCC2)C2CCCCC2)c2ccccc2c2ccccc23)cc1,C37 H41 Cl1 N1 P1 Pd1,0.0,Cc1cc[c-](->[Pd+2]2(<-[Cl-])<-n3(-c4ccccc4P->2(C2CCCCC2)C2CCCCC2)c2ccccc2c2ccccc23)cc1,Cc1cc[c-](->[Pd+2]2(<-[Cl-])<-n3(-c4ccccc4P->2(C2CCCCC2)C2CCCCC2)c2ccccc2c2ccccc23)cc1,Cc1cc[c-](->[Pd+2]23(<-[Cl-])<-c45ccccc4c4ccccc4n->25-c2ccccc2P->3(C2CCCCC2)C2CCCCC2)cc1
UQEBID,c1ccc(CC2=O->[Zn+2]34(<-O=C(Cc5ccccc5)[O-]->3)(<-[O-]2)<-n2cccc3ccc5cccn->4c5c32)cc1,C28 H22 N2 O4 Zn1,0.0,fail,O=C(Cc1ccccc1)[O-]->[Zn+2]1(<-[O-]C(=O)Cc2ccccc2)<-n2cccc3ccc4cccn->1c4c32,c1ccc(CC23=O->[Zn+2]<-2456(<-O=C->4(Cc2ccccc2)[O-]->5)(<-[O-]3)<-n2cccc3ccc4cccn->6c4c32)cc1
UQUMEZ,Oc1ccc(-c2ccc(C3=O->[Zn+2]45(<-O=C([O-]->4)c4ccc(-c6ccc(O)cc6)cc4)(<-[O-]3)<-n3cccc4ccc6cccn->5c6c43)cc2)cc1,C38 H26 N2 O6 Zn1,0.0,O=C([O-]->[Zn+2]1(<-[O-]C(=O)c2ccc(-c3ccc(O)cc3)cc2)<-n2cccc3ccc4cccn->1c4c32)c1ccc(-c2ccc(O)cc2)cc1,O=C([O-]->[Zn+2]1(<-[O-]C(=O)c2ccc(-c3ccc(O)cc3)cc2)<-n2cccc3ccc4cccn->1c4c32)c1ccc(-c2ccc(O)cc2)cc1,Oc1ccc(-c2ccc(C34=O->[Zn+2]<-3567(<-O=C->5([O-]->6)c3ccc(-c5ccc(O)cc5)cc3)(<-[O-]4)<-n3cccc4ccc5cccn->7c5c43)cc2)cc1
URCLNI,,C8 H16 N6 Ni1 O6,0.0,N->[Ni+2](<-N)(<-O)(<-O)(<-[n-]1ccc(=O)[nH]c1=O)<-[n-]1ccc(=O)[nH]c1=O,N->[Ni+2](<-N)(<-O)(<-O)(<-[n-]1ccc(=O)[nH]c1=O)<-[n-]1ccc(=O)[nH]c1=O,N->[Ni+2](<-N)(<-[n-]1ccc(=O)[nH]c1=O)<-[n-]1ccc(=O)[nH]c1=O.O.O
UROPOH,CC1(C)CN23CC[O-]->[Ti+4]<-24567(<-[O-]1)(<-[O-]C(C)(C)C3)<-c1(C)c->4(C)c->5(C)[c-]->6(C)c->71C,C20 H35 N1 O3 Ti1,0.0,CC1(C)CN23CC[O-]->[Ti+4]<-24567(<-[O-]1)(<-[O-]C(C)(C)C3)<-c1(C)c->4(C)c->5(C)[c-]->6(C)c->71C,CC1(C)CN23CC[O-]->[Ti+4]<-24567(<-[O-]1)(<-[O-]C(C)(C)C3)<-c1(C)c->4(C)c->5(C)[c-]->6(C)c->71C,CC1(C)CN23CC[O-]->[Ti+4]<-24567(<-[O-]1)(<-[O-]C(C)(C)C3)<-c1(C)c->4(C)c->5(C)[c-]->6(C)c->71C
URUHOG,,C23 H28 B1 N1 O4 Ru1 S2,0.0,fail,COC(=O)[CH-]1->[RuH+]234567(<-S=c8sc9ccccc9n8B->2=C->31C(=O)OC)<-c1(C)c->4(C)c->5(C)[c-]->6(C)c->71C.[H+],COC(=O)C1=C2(B3n4c(=S->[RuH+]<-3<-1<-25678<-c1(C)c->5(C)c->6(C)[c-]->7(C)c->81C)sc1ccccc14)C(=O)OC
URUWAG,CC(C)NC1=S->[Ni+2]2(<-S=C(NC(C)C)[N-]->2[P+]([S-])(OC(C)C)OC(C)C)<-[N-]1[P+]([S-])(OC(C)C)OC(C)C,C20 H44 N4 Ni1 O4 P2 S4,0.0,CC(C)NC1[S-]->[Ni+2]2(<-[S-]C(NC(C)C)=N->2P(=S)(OC(C)C)OC(C)C)<-N=1P(=S)(OC(C)C)OC(C)C,CC(C)NC1=S->[Ni+2]2(<-S=C(NC(C)C)[N-]->2[P+]([S-])(OC(C)C)OC(C)C)<-[N-]1[P+]([S-])(OC(C)C)OC(C)C,CC(C)NC1=S->[Ni+2]2(<-S=C(NC(C)C)[N-]->2[P+]([S-])(OC(C)C)OC(C)C)<-[N-]1[P+]([S-])(OC(C)C)OC(C)C
USEWAR,,C33 H23 Cl2 F2 P1 Pd1,0.0,Fc1ccc(C2=C(c3ccc(F)cc3)[C-]2->[Pd+3](<-[Cl-])(<-[Cl-])<-P(c2ccccc2)(c2ccccc2)c2ccccc2)cc1,Fc1ccc(C2=C(->[Pd+2](<-[Cl-])(<-[Cl-])<-P(c3ccccc3)(c3ccccc3)c3ccccc3)=C2c2ccc(F)cc2)cc1,Fc1ccc(C2=C(->[Pd+2](<-[Cl-])(<-[Cl-])<-P(c3ccccc3)(c3ccccc3)c3ccccc3)=C2c2ccc(F)cc2)cc1
USIVEZ,C1=C/C2=C/[C-]3[CH+][CH-][C-]4[CH+][C-]5[CH-][CH-][C+]6[CH+][C+]7[CH+][CH-][C+]8/C=C/1[NH2+]2->[Zn+2](<-[N-]78)(<-[N-]65)<-[N-]34,C20 H12 N4 Zn1,0.0,C1=Cc2cc3ccc4cc5n6->[Zn+2]7(<-n2c1cc1ccc(cc6C=C5)[n-]->71)<-[n-]34,C1=Cc2cc3ccc4cc5n6->[Zn+2]7(<-n2c1cc1ccc(cc6C=C5)[n-]->71)<-[n-]34,C1=Cc2cc3ccc4cc5n6->[Zn+2]7(<-n2c1cc1ccc(cc6C=C5)[n-]->71)<-[n-]34
USUDOD,O=C1c2ccccn2->[Pd@OH23+2]2(<-[Cl-])<-S=P(c3ccccc3)(c3ccccc3)[C@@H](c3ccccc3)[CH-]->21,C26 H21 Cl1 N1 O1 P1 Pd1 S1,0.0,O=C1c2ccccn2->[Pd+2]2(<-[Cl-])<-S=P(c3ccccc3)(c3ccccc3)C(c3ccccc3)[CH-]->21,O=C1c2ccccn2->[Pd+2]2(<-[Cl-])<-S=P(c3ccccc3)(c3ccccc3)C(c3ccccc3)[CH-]->21,O=C12c3ccccn3->[Pd+2]<-13(<-[Cl-])<-S=P(c1ccccc1)(c1ccccc1)C(c1ccccc1)[CH-]->32
USUXUD,Cc12->[Ir+3]3456(<-[Cl-])(<-N(=O)/C(C#N)=C7/C=CC=C[N-]->37)<-c1(C)c->4(C)[c-]->5(C)c->62C,C17 H19 Cl1 Ir1 N3 O1,0.0,Cc12->[Ir+2]3456(<-[Cl-])(<-N([O])=C(C#N)c7ccccn->37)<-c1(C)c->4(C)[c-]->5(C)c->62C,Cc12->[Ir+3]3456(<-[Cl-])(<-N(=O)C(C#N)=C7C=CC=C[N-]->37)<-c1(C)c->4(C)[c-]->5(C)c->62C,Cc12->[Ir+3]3456(<-[Cl-])(<-N(=O)C(C#N)=C7C=CC=C[N-]->37)<-c1(C)c->4(C)[c-]->5(C)c->62C
UTEGEG,CN1(C)CC[N-]2c3ccccc3P(c3ccccc3)(c3ccccc3)->[Ir+3]<-2<-1(<-[CH3-])(<-[I-])<-O1CCCC1,C27 H35 I1 Ir1 N2 O1 P1,0.0,CN1(C)CC[N-]2c3ccccc3P(c3ccccc3)(c3ccccc3)->[Ir+3]<-2<-1(<-[CH3-])(<-[I-])<-O1CCCC1,CN1(C)CC[N-]2c3ccccc3P(c3ccccc3)(c3ccccc3)->[Ir+3]<-2<-1(<-[CH3-])(<-[I-])<-O1CCCC1,C1CCOC1.CN1(C)->[Ir+3]2(<-[CH3-])(<-[I-])<-[N-](CC1)c1ccccc1P->2(c1ccccc1)c1ccccc1
UTOWAD,,C33 H47 Cl1 Ir1 N1 P2,0.0,Cc1ccc2N34c5ccc(C)cc5P(C(C)C)(C(C)C)->[IrH+2]<-3(<-[Cl-])(<-[c-]3cccc(C)c34)<-P(c2c1)(C(C)C)C(C)C,Cc1ccc2N34c5ccc(C)cc5P(C(C)C)(C(C)C)->[IrH+2]<-3(<-[Cl-])(<-[c-]3cccc(C)c34)<-P(c2c1)(C(C)C)C(C)C,Cc1ccc2N34c5ccc(C)cc5P(C(C)C)(C(C)C)->[IrH+2]<-3(<-[Cl-])(<-[c-]3cccc(C)c34)<-P(c2c1)(C(C)C)C(C)C
UVIDAG,C/C1=N(\C(C)C)->[W+6]2345(<-[N-3])(<-[Cl-])(<-[N-]1C(C)C)<-c1(C)c->2(C)c->3(C)[c-]->4(C)c->51C,C18 H32 Cl1 N3 W1,0.0,CC1=N(C(C)C)->[W+6]2345(<-[N-3])(<-[Cl-])(<-[N-]1C(C)C)<-c1(C)c->2(C)c->3(C)[c-]->4(C)c->51C,CC1=N(C(C)C)->[W+6]2345(<-[N-3])(<-[Cl-])(<-[N-]1C(C)C)<-c1(C)c->2(C)c->3(C)[c-]->4(C)c->51C,CC1=N(C(C)C)->[W+6]2345(<-[N-3])(<-[Cl-])(<-[N-]1C(C)C)<-c1(C)c->2(C)c->3(C)[c-]->4(C)c->51C
UVUKED,,C28 H22 Cd1 N8 S2,0.0,S=C=[N-]->[Cd+2]12(<-[N-]=C=S)(<-Nc3ccccc3-c3[nH]c4ccccc4n->13)<-Nc1ccccc1-c1[nH]c3ccccc3n->21,S=C=[N-]->[Cd+2]12(<-[N-]=C=S)(<-Nc3ccccc3-c3[nH]c4ccccc4n->13)<-Nc1ccccc1-c1[nH]c3ccccc3n->21,Nc1ccccc1-c1[nH]c2ccccc2n1->[Cd+2](<-[N-]=C=S)(<-[N-]=C=S)<-n1c(-c2ccccc2N)[nH]c2ccccc21
UWAMEL,,C34 H22 Ir1 N3 O1,0.0,[O+]#[C-]->[Ir+3]123(<-[c-]4ccccc4-c4cccc(-c5ccccn->15)[c-]->24)<-[c-]1ccc(-c2ccccc2)nc1-c1ccccn->31,[O+]#[C-]->[Ir+]123(<-[C]4C=CC=CC4=C4C=CC=C(c5ccccn->15)[C]->24)<-[c-]1ccc(-c2ccccc2)nc1-c1ccccn->31,[O+]#[C-]->[Ir+]123(<-[C]4C=CC=CC4=C4C=CC=C(c5ccccn->15)[C]->24)<-[c-]1ccc(-c2ccccc2)nc1-c1ccccn->31
UWIPUM,,C13 H18 N6 Ni1 O6,0.0,Cn1ccn(->[Ni+2]2(<-O)(<-O)(<-[O-]C(=O)c3cc(=O)[nH]c(=O)[n-]->23)<-n2ccn(C)c2)c1,Cn1ccn(->[Ni+2]2(<-O)(<-O)(<-[O-]C(=O)c3cc(=O)[nH]c(=O)[n-]->23)<-n2ccn(C)c2)c1,Cn1ccn(->[Ni+2]2(<-O)<-[O-]C(=O)c3cc(=O)[nH]c(=O)[n-]->23)c1.Cn1ccnc1.O
UWULEE,,C40 H23 Co1 F9 N4 P1,0.0,FC(F)(F)c1c2n3->[Co+3]45(<-[n-]6c1ccc6c(C(F)(F)F)c1ccc(c6ccc(c(C(F)(F)F)c3C=C2)[n-]->46)[n-]->51)<-P(c1ccccc1)(c1ccccc1)c1ccccc1,FC(F)(F)c1c2n3->[Co+3]45(<-[n-]6c1ccc6c(C(F)(F)F)c1ccc(c(C(F)(F)F)c6ccc(c3C=C2)[n-]->46)[n-]->51)<-P(c1ccccc1)(c1ccccc1)c1ccccc1,FC(F)(F)c1c2n3->[Co+3]45(<-[n-]6c1ccc6c(C(F)(F)F)c1ccc(c(C(F)(F)F)c6ccc(c3C=C2)[n-]->46)[n-]->51)<-P(c1ccccc1)(c1ccccc1)c1ccccc1
UXILET,,C36 H42 N2 O2 Pd1,0.0,CCCCCCOc1ccc2C=N(c3ccc(CCCCCC)cc3)->[Pd+2]3(<-[O-]c2c1)<-[c-]1ccccc1-c1ccccn->31,CCCCCCOc1ccc2C=N(c3ccc(CCCCCC)cc3)->[Pd+2]3(<-[O-]c2c1)<-[c-]1ccccc1-c1ccccn->31,CCCCCCOc1ccc2C=N(c3ccc(CCCCCC)cc3)->[Pd+2]3(<-[O-]c2c1)<-[c-]1ccccc1-c1ccccn->31
UYAHUY,C1=C/C2=C(\c3ccccc3)N3=NC(Nc4ccccc4)=S->[Zn+2]<-345(<-S=C(N=N->4/C(=C3/C=CC=C[N-]->53)c3ccccc3)Nc3ccccc3)<-[N-]2C=C1,C38 H30 N8 S2 Zn1,0.0,c1ccc(NC2=NN3=C(c4ccccc4)c4ccccn4->[Zn+2]<-345(<-[S-]2)<-[S-]C(=NN->4=C(c2ccccc2)c2ccccn->52)Nc2ccccc2)cc1,C1=CC2=C(c3ccccc3)N3=NC(Nc4ccccc4)=S->[Zn+2]<-345(<-S=C(N=N->4C(=C3C=CC=C[N-]->53)c3ccccc3)Nc3ccccc3)<-[N-]2C=C1,C1=CC2=C(c3ccccc3)N3=NC(Nc4ccccc4)=S->[Zn+2]<-345(<-S=C(N=N->4C(=C3C=CC=C[N-]->53)c3ccccc3)Nc3ccccc3)<-[N-]2C=C1
UYEQIZ,,C30 H45 F3 N1 Ni1 O3 P1 S1,0.0,CC12[CH2-]->[Ni+2](<-[N-]=C1c1ccccc1C2)(<-O=S(=O)(O)C(F)(F)F)<-P(C1CCCCC1)(C1CCCCC1)C1CCCCC1,CC12[CH2-]->[Ni+2](<-[N-]=C1c1ccccc1C2)(<-O=S(=O)(O)C(F)(F)F)<-P(C1CCCCC1)(C1CCCCC1)C1CCCCC1,CC12[CH2-]->[Ni+2](<-N=C1c1ccccc1C2)(<-[O-]S(=O)(=O)C(F)(F)F)<-P(C1CCCCC1)(C1CCCCC1)C1CCCCC1
UYOGIA,O=[N+]1[O-]->[Cd+2]23(<-[O-]1)(<-[O-][N+](=O)[O-]->2)<-n1ccccc1C[Se]Cc1ccccn->31,C12 H12 Cd1 N4 O6 Se1,0.0,O=[N+]1[O-]->[Cd+2]234(<-[O-]1)(<-[O-][N+](=O)[O-]->2)<-n1ccccc1C[Se]->3Cc1ccccn->41,O=[N+]1[O-]->[Cd+2]23(<-[O-]1)(<-[O-][N+](=O)[O-]->2)<-n1ccccc1C[Se]Cc1ccccn->31,O=[N+]12[O-]->[Cd+2]<-1345(<-[O-]2)(<-[O-][N+]->3(=O)[O-]->4)<-n1ccccc1C[Se]Cc1ccccn->51
UZAKEM,CC(C)(C)c1cc(CSc2ccccc2)c([O-]->[W+6](<-[Cl-])(<-[Cl-])(<-[Cl-])<-[N-2]c2ccccc2)c(C(C)(C)C)c1,C27 H32 Cl3 N1 O1 S1 W1,0.0,CC(C)(C)c1cc2CS(c3ccccc3)->[W+6](<-[Cl-])(<-[Cl-])(<-[Cl-])(<-[N-2]c3ccccc3)<-[O-]c2c(C(C)(C)C)c1,CC(C)(C)c1cc2CS(c3ccccc3)->[W+6](<-[Cl-])(<-[Cl-])(<-[Cl-])(<-[N-2]c3ccccc3)<-[O-]c2c(C(C)(C)C)c1,CC(C)(C)c1cc2CS(c3ccccc3)->[W+6](<-[Cl-])(<-[Cl-])(<-[Cl-])(<-[N-2]c3ccccc3)<-[O-]c2c(C(C)(C)C)c1
UZITIH,Cc1cc(-c2sc3-c4ccccn4->[Pt@@+2]4(<-O=C(/C=C(\[O-]->4)C(F)(F)F)C(F)(F)F)<-[c-]3c2-c2cc(C)sc2C)c(C)s1,C26 H19 F6 N1 O2 Pt1 S3,0.0,fail,Cc1cc(-c2sc3-c4ccccn4->[Pt+2]4(<-O=C(C=C([O-]->4)C(F)(F)F)C(F)(F)F)<-[c-]3c2-c2cc(C)sc2C)c(C)s1,Cc1cc(-c2sc3-c4ccccn4->[Pt+2]4(<-O=C(C=C([O-]->4)C(F)(F)F)C(F)(F)F)<-[c-]3c2-c2cc(C)sc2C)c(C)s1
VABMET,Cc1cccc(C)c1N1C=CN(c2c(C)cccc2C)[C]1->[Pd+2](<-[Cl-])(<-[Cl-])<-n1cccn1C,C23 H26 Cl2 N4 Pd1,0.0,Cc1cccc(C)c1N1C=CN(c2c(C)cccc2C)[C]1->[Pd+2](<-[Cl-])(<-[Cl-])<-n1cccn1C,Cc1cccc(C)c1N1C=CN(c2c(C)cccc2C)[C]1->[Pd+2](<-[Cl-])(<-[Cl-])<-n1cccn1C,Cc1cccc(C)c1N1C=CN(c2c(C)cccc2C)[C]1->[Pd+2](<-[Cl-])(<-[Cl-])<-n1cccn1C
VACQUL,,C24 H20 N4 Ni1,0.0,CC(C)(C)c1c2n3->[Ni+2]45<-n6c(cc7ccc(cc3C=C2)[n-]->47)C=Cc6cc2ccc1[n-]->52,CC(C)(C)c1c2n3->[Ni+2]45<-n6c(cc7ccc(cc3C=C2)[n-]->47)C=Cc6cc2ccc1[n-]->52,CC(C)(C)c1c2n3->[Ni+2]45<-n6c(cc7ccc(cc3C=C2)[n-]->47)C=Cc6cc2ccc1[n-]->52
VAFMAQ,CN(C)CCN1(C)CCN(C)(C)->[Zn+2]<-12<-[S-]SS[S-]->2,C9 H23 N3 S4 Zn1,0.0,CN1(C)CCN2(C)CCN(C)(C)->[Zn+2]<-1<-23<-[S-]SS[S-]->3,CN1(C)CCN2(C)CCN(C)(C)->[Zn]<-1<-23<-S=S=S=S->3,CN1(C)CCN2(C)CCN(C)(C)->[Zn]<-1<-23<-S=S=S=S->3
VAHGUG,CC(C)[C@H]1CO/C2=C3\C=CC=C\C3=N3/C(=O)C(=O)/N4=C5\C=CC=C\C5=C5/OC[C@H](C(C)C)[N-]5->[Ni@SP1+2]<-3<-4<-[N-]21,C26 H28 N4 Ni1 O4,0.0,CC(C)C1COC2c3ccccc3[N-]3C(=O)C(=O)[N-]4c5ccccc5C5=N(->[Ni+2]<-3<-4<-N=21)C(C(C)C)CO5,CC(C)C1COC2=C3C=CC=CC3=N3C(=O)C(=O)N4=C5C=CC=CC5=C5OCC(C(C)C)[N-]5->[Ni+2]<-3<-4<-[N-]21,CC(C)C1COC2=C3C=CC=CC3=N3C(=O)C(=O)N4=C5C=CC=CC5=C5OCC(C(C)C)[N-]5->[Ni+2]<-3<-4<-[N-]21
VAHMOG,,C43 H38 N1 P1 Zr1,0.0,[CH](C1=N(Cc2ccccc2)->[Zr+3]<-123456789(<-[c-]1ccccc1)(<-c1c->2c->3[cH-]->4c->51)<-c1c->6c->7[cH-]->8c->91)[P](c1ccccc1)(c1ccccc1)c1ccccc1,C([C-]1=N(Cc2ccccc2)->[Zr+4]<-123456789(<-[c-]1ccccc1)(<-c1c->2c->3[cH-]->4c->51)<-c1c->6c->7[cH-]->8c->91)=P(c1ccccc1)(c1ccccc1)c1ccccc1,C([C-]1=N(Cc2ccccc2)->[Zr+4]<-123456789(<-[c-]1ccccc1)(<-c1c->2c->3[cH-]->4c->51)<-c1c->6c->7[cH-]->8c->91)=P(c1ccccc1)(c1ccccc1)c1ccccc1
VAJJUO,Nc1ccc(C(=O)[O-]->[Hg+2]2(<-[O-]C(=O)c3ccc(N)cc3)<-n3ccccc3-c3ccccn->23)cc1,C24 H20 Hg1 N4 O4,0.0,fail,Nc1ccc(C(=O)[O-]->[Hg+2]2(<-[O-]C(=O)c3ccc(N)cc3)<-n3ccccc3-c3ccccn->23)cc1,Nc1ccc(C23=O->[Hg+2]<-2456(<-O=C->4([O-]->5)c2ccc(N)cc2)(<-[O-]3)<-n2ccccc2-c2ccccn->62)cc1
VAJTAB,O=[N+]1[O-]->[Cd+2]23(<-[O-]1)(<-[O-][N+](=O)[O-]->2)<-N1CCN2CCN4[C@H]5NCCN->36CCN([C@@H]56)[C@@H]1[C@@H]24,C12 H22 Cd1 N8 O6,0.0,O=[N+]1[O-]->[Cd+2]2345(<-[O-]1)(<-[O-][N+](=O)[O-]->2)<-N1CCN2CCN->36C2C1N->41CCN2CCN->5C6C21,O=[N+]([O-])[O-]->[Cd+2]1(<-[O-][N+](=O)[O-])<-N2CCN3CCN4C3C2N2CCN3CCN->1C4C32,O=[N+]12[O-]->[Cd+2]<-1345(<-[O-]2)(<-[O-][N+]->3(=O)[O-]->4)<-N1CCN2CCN3C2C1N1CCN2CCN->5C3C21
VALCIW,O=N([O-])->[Pt+2](<-[Cl-])(<-[P@TB5](c1ccccc1)(c1ccccc1)c1ccccc1)<-[P@TB5](c1ccccc1)(c1ccccc1)c1ccccc1,C36 H30 Cl1 N1 O2 P2 Pt1,0.0,O=[N+](=O)->[Pt](<-[Cl-])(<-P(c1ccccc1)(c1ccccc1)c1ccccc1)<-P(c1ccccc1)(c1ccccc1)c1ccccc1,O=N([O-])->[Pt+2](<-[Cl-])(<-P(c1ccccc1)(c1ccccc1)c1ccccc1)<-P(c1ccccc1)(c1ccccc1)c1ccccc1,O=N([O-])->[Pt+2](<-[Cl-])(<-P(c1ccccc1)(c1ccccc1)c1ccccc1)<-P(c1ccccc1)(c1ccccc1)c1ccccc1
VALQOR,,C24 H37 B1 Cl1 P2 Rh1,0.0,CC(C)P1(c2ccccc2[BH2-]2c3ccccc3P(C(C)C)(C(C)C)->[RhH+2]<-2<-1<-[Cl-])C(C)C,CC(C)P1([C-]2C=CC=CC2=[B-]2=C3C=CC=CC3=[P+](C(C)C)(C(C)C)->[RhH+2]<-2<-1<-[Cl-])C(C)C,CC(C)P1([C-]2C=CC=CC2=[B-]2=C3C=CC=CC3=[P+](C(C)C)(C(C)C)->[RhH+2]<-2<-1<-[Cl-])C(C)C
VANDAP,O=C1c2ccccc2S(=O)(=O)[N-]1->[Hg+2]1(<-n2ccccc2-c2ccccn->12)<-[N-]1C(=O)c2ccccc2S1(=O)=O,C24 H16 Hg1 N4 O6 S2,0.0,O=C1c2ccccc2S(=O)(=O)[N-]1->[Hg+2]1(<-n2ccccc2-c2ccccn->12)<-[N-]1C(=O)c2ccccc2S1(=O)=O,O=C1c2ccccc2S(=O)(=O)[N-]1->[Hg+2]1(<-n2ccccc2-c2ccccn->12)<-[N-]1C(=O)c2ccccc2S1(=O)=O,O=C1c2ccccc2S2(=O)=O->[Hg+2]34(<-O=S5(=O)c6ccccc6C(=O)[N-]->35)(<-n3ccccc3-c3ccccn->43)<-[N-]12
VAPFIC,,C14 H20 Cl2 N2 Ni1 O2 S2,0.0,CS(C)=O->[Ni+2]1(<-[Cl-])(<-[Cl-])(<-O=S(C)C)<-n2ccccc2-c2ccccn->12,CS(C)=O->[Ni+2]1(<-[Cl-])(<-[Cl-])(<-O=S(C)C)<-n2ccccc2-c2ccccn->12,CS(C)=O.CS(C)=O.[Cl-]->[Ni+2]1(<-[Cl-])<-n2ccccc2-c2ccccn->12
VAPNUY,CC1=C(C)N2c3cccc[c-]3->[Pt@+2]3(<-O=C(/C=C(\[O-]->3)c3ccccc3)c3ccccc3)<-C2#S1,C26 H21 N1 O2 Pt1 S1,0.0,fail,CC1=C(C)N2c3cccc[c-]3->[Pt+2]3(<-O=C(C=C([O-]->3)c3ccccc3)c3ccccc3)<-C2#S1,CC1=C(C)N2c3cccc[c-]3->[Pt+2]3(<-O=C(C=C([O-]->3)c3ccccc3)c3ccccc3)<-C2#S1
VAQQUZ,CC(C)[N-](C(C)C)->[Cr+6]1(<-[N-3])(<-[CH2-][Si](C)(C)C)<-[C-](/C[Si](C)(C)C)=N->1/C(C)(C)C,C19 H45 Cr1 N3 Si2,0.0,CC(C)[N-](C(C)C)->[Cr+5]1(<-[N-3])(<-[CH2-][Si](C)(C)C)<-C(C[Si](C)(C)C)=N->1C(C)(C)C,CC(C)[N-](C(C)C)->[Cr+6]1(<-[N-3])(<-[CH2-][Si](C)(C)C)<-[C-](C[Si](C)(C)C)=N->1C(C)(C)C,CC(C)[N-](C(C)C)->[Cr+6]1(<-[N-3])(<-[CH2-][Si](C)(C)C)<-[C-](C[Si](C)(C)C)=N->1C(C)(C)C
VARCIB,[I-]->[Hg+2](<-[I-])<-n1ccccc1N(c1ccccn1)c1ccccn1,C15 H12 Hg1 I2 N4,0.0,[I-]->[Hg+2]1(<-[I-])<-n2ccccc2N(c2ccccn2)c2ccccn->12,[I-]->[Hg+2](<-[I-])<-n1ccccc1N(c1ccccn1)c1ccccn1,[I-]->[Hg+2](<-[I-])<-n1ccccc1N(c1ccccn1)c1ccccn1
VASJOO,,C15 H23 I1 O2 Zr1,0.0,[I-]->[Zr+2]123456(<-C7=C->1C->2=C->3[CH-]->4C->5=C->67)(<-O1CCCC1)<-O1CCCC1,[I-]->[Zr+2]123456(<-C7=C->1C->2=C->3[CH-]->4C->5=C->67)(<-O1CCCC1)<-O1CCCC1,[I-]->[Zr+2]123456(<-C7=C->1C->2=C->3[CH-]->4C->5=C->67)(<-O1CCCC1)<-O1CCCC1
VASYEV,CC(=O)[O-]->[Ag+]<-P(c1ccccc1)(c1ccccc1)c1ccccc1C(=O)N(C(C)C)C(C)C,C27 H31 Ag1 N1 O3 P1,0.0,fail,CC(=O)[O-]->[Ag+]<-P(c1ccccc1)(c1ccccc1)c1ccccc1C(=O)N(C(C)C)C(C)C,CC1=O->[Ag+]2(<-O=C(c3ccccc3P->2(c2ccccc2)c2ccccc2)N(C(C)C)C(C)C)<-[O-]1
VATWIY,CO->[Zn+2]12(<-O)(<-[O-]C(=O)c3cc(Cl)c4ccccc4[n+]3[O-]->1)<-[O-]C(=O)c1cc(Cl)c3ccccc3[n+]1[O-]->2,C21 H16 Cl2 N2 O8 Zn1,0.0,CO->[Zn]12(<-O)(<-[O-]C(=O)c3cc(Cl)c4ccccc4[n+]3[O-]->1)<-[O-]C(=O)c1cc(Cl)c3ccccc3[n+]1[O-]->2,CO->[Zn+2]12(<-O)(<-[O-]C(=O)c3cc(Cl)c4ccccc4[n+]3[O-]->1)<-[O-]C(=O)c1cc(Cl)c3ccccc3[n+]1[O-]->2,CO->[Zn+2]12(<-O)(<-[O-]C(=O)c3cc(Cl)c4ccccc4[n+]3[O-]->1)<-[O-]C(=O)c1cc(Cl)c3ccccc3[n+]1[O-]->2
VAVLEK,CC(C)N/C(C#[C-]->[W](<-[C-]#[O+])(<-[C-]#[O+])(<-[C-]#[O+])(<-[C-]#[O+])<-[C-]#[O+])=[NH+]/C(C)C,C14 H16 N2 O5 W1,0.0,CC(C)NC(=C=[C-2]->[W+2](<-[C-]#[O+])(<-[C-]#[O+])(<-[C-]#[O+])(<-[C-]#[O+])<-[C-]#[O+])NC(C)C,CC(C)NC(C#[C-]->[W](<-[C-]#[O+])(<-[C-]#[O+])(<-[C-]#[O+])(<-[C-]#[O+])<-[C-]#[O+])=[NH+]C(C)C,CC(C)NC(C#[C-]->[W](<-[C-]#[O+])(<-[C-]#[O+])(<-[C-]#[O+])(<-[C-]#[O+])<-[C-]#[O+])=[NH+]C(C)C
VAVSAM,O=C1[CH-](->[Hg+2]<-[Cl-])[C@]2(CCCO2)[C@@]2(CCCO2)[C@]2(CCCO2)[C@]12CCCO2,C18 H25 Cl1 Hg1 O5,0.0,O=C1[CH-](->[Hg+2]<-[Cl-])C2(CCCO2)C2(CCCO2)C2(CCCO2)C12CCCO2,O=C1[CH-](->[Hg+2]<-[Cl-])C2(CCCO2)C2(CCCO2)C2(CCCO2)C12CCCO2,O=C1[CH-](->[Hg+2]<-[Cl-])C2(CCCO2)C2(CCCO2)C2(CCCO2)C12CCCO2
VAWYOI,CC(C)(C)c1ccc23->[Ti+4]4567(<-[CH3-])(<-[CH3-])<-[N-](C(C)(C)C)[Si](C)(C)[c-]->4(c->52c1)c->61cc(C(C)(C)C)ccc->731,C29 H45 N1 Si1 Ti1,0.0,fail,CC(C)(C)c1ccc23->[Ti+4]4567(<-[CH3-])(<-[CH3-])<-[N-](C(C)(C)C)[Si](C)(C)c->4(c->52c1)[c-]->61cc(C(C)(C)C)ccc->731,CC(C)(C)c1ccc23->[Ti+4]4567(<-[CH3-])(<-[CH3-])<-[N-](C(C)(C)C)[Si](C)(C)c->4(c->52c1)[c-]->61cc(C(C)(C)C)ccc->731
VAYFAC,c1ccc(P(c2ccccc2)(c2ccccc2)->[Rh+3]23456(<-[S-]SSSS[S-]->2)<-c2c->3c->4[cH-]->5c->62)cc1,C23 H20 P1 Rh1 S6,0.0,c1ccc(P(c2ccccc2)(c2ccccc2)->[Rh+3]23456(<-[S-]SSSS[S-]->2)<-c2c->3c->4[cH-]->5c->62)cc1,c1ccc(P(c2ccccc2)(c2ccccc2)->[Rh+]23456(<-S=S=S=S=S=S->2)<-c2c->3c->4[cH-]->5c->62)cc1,c1ccc(P(c2ccccc2)(c2ccccc2)->[Rh+]23456(<-S=S=S=S=S=S->2)<-c2c->3c->4[cH-]->5c->62)cc1
VAYXAU,C[Si](C)(C)N=P1=NSN=S=N1->[Cr](<-[C-]#[O+])(<-[C-]#[O+])(<-[C-]#[O+])(<-[C-]#[O+])<-[C-]#[O+],C8 H11 Cr1 N4 O5 P1 S2 Si1,0.0,C[Si](C)(C)NP1(->[Cr](<-[C-]#[O+])(<-[C-]#[O+])(<-[C-]#[O+])(<-[C-]#[O+])<-[C-]#[O+])N=S=NSN1,C[Si](C)(C)N=P1(->[Cr](<-[C-]#[O+])(<-[C-]#[O+])(<-[C-]#[O+])(<-[C-]#[O+])<-[C-]#[O+])=NSN=S=N1,C[Si](C)(C)N=P12[C-](=O)->[Cr](<-[C-]#[O+])(<-[C-]#[O+])(<-[C-]#[O+])(<-[C-]#[O+])<-[N+]1#SN=S=N2
VEBGIS,COc1ccc(N->[Co+3]23(<-[CH3-])(<-N(=O)/C(C)=C(/C)[N-]->2O)<-N(=O)/C(C)=C(/C)[N-]->3O)cc1,C16 H26 Co1 N5 O5,0.0,COc1ccc(N->[Co+]23(<-[CH3-])(<-N([O])=C(C)C(C)=N->2O)<-N([O])=C(C)C(C)=N->3O)cc1,COc1ccc(N->[Co+3]23(<-[CH3-])(<-N(=O)C(C)=C(C)[N-]->2O)<-N(=O)C(C)=C(C)[N-]->3O)cc1,COc1ccc(N->[Co+3]23(<-[CH3-])(<-N(=O)C(C)=C(C)[N-]->2O)<-N(=O)C(C)=C(C)[N-]->3O)cc1
VEBQOI,Cc12->[Ru+4]345678(<-[Cl-])(<-[C+]9=[C-]->3[C-]->4([Si](C)(C)C)[C-]->59[Si](C)(C)C)<-c1(C)c->6(C)[c-]->7(C)c->82C,C20 H35 Cl1 Ru1 Si2,0.0,Cc12->[Ru+2]345678(<-[Cl-])(<-C9=C->3([Si](C)(C)C)C->4([Si](C)(C)C)=C->59)<-c1(C)c->6(C)[c-]->7(C)c->82C,Cc12->[Ru+4]345678(<-[Cl-])(<-[cH-]9[cH-]->3[c-]->4([Si](C)(C)C)[c+]->59[Si](C)(C)C)<-c1(C)c->6(C)[c-]->7(C)c->82C,Cc12->[Ru+4]345678(<-[Cl-])(<-[cH-]9[cH-]->3[c-]->4([Si](C)(C)C)[c+]->59[Si](C)(C)C)<-c1(C)c->6(C)[c-]->7(C)c->82C
VECKUL,Cc12->[Ti+4]34567(<-[NH-][Si](C)(C)C)(<-[N-]([Si](C)(C)C)S->3(=N[Si](C)(C)C)[N-]->4[Si](C)(C)C)<-c1(C)c->5(C)[c-]->6(C)c->72C,C22 H52 N4 S1 Si4 Ti1,0.0,Cc12->[Ti+4]3456(<-[NH-][Si](C)(C)C)(<-[N-](S(=N[Si](C)(C)C)[N-]->3[Si](C)(C)C)[Si](C)(C)C)<-c1(C)c->4(C)[c-]->5(C)c->62C,Cc12->[Ti+2]3456(<-[NH-][Si](C)(C)C)(<-N(=S(=N[Si](C)(C)C)=N->3[Si](C)(C)C)[Si](C)(C)C)<-c1(C)c->4(C)[c-]->5(C)c->62C,Cc12->[Ti+2]3456(<-[NH-][Si](C)(C)C)(<-N(=S(=N[Si](C)(C)C)=N->3[Si](C)(C)C)[Si](C)(C)C)<-c1(C)c->4(C)[c-]->5(C)c->62C
VECYIO,,C22 H44 Fe1 P2,0.0,fail,CCC1C2->[FeH+]3456(<-C=2C->3=C->4[CH-]->51)<-P(CCP->6(C(C)C)C(C)C)(C(C)C)C(C)C,CCC1C2->[FeH+]3456(<-C=2C->3=C->4[CH-]->51)<-P(CCP->6(C(C)C)C(C)C)(C(C)C)C(C)C
VEFGET,C/C1=N(\C(C)C)->[Zr+2]2345678(<-C=C->2c->32ccccc->42)(<-[N-]1C(C)C)<-c1(C)c->5(C)c->6(C)[c-]->7(C)c->81C,C26 H40 N2 Zr1,0.0,CC1=N(C(C)C)->[Zr+4]23456(<-[CH2-][CH-]->2c2ccccc2)(<-[N-]1C(C)C)<-c1(C)c->3(C)c->4(C)[c-]->5(C)c->61C,CC1=N(C(C)C)->[Zr+2]2345678(<-C=C->2c->32ccccc->42)(<-[N-]1C(C)C)<-c1(C)c->5(C)c->6(C)[c-]->7(C)c->81C,CC1=N(C(C)C)->[Zr+2]23456(<-C=C->2c2ccccc2)(<-[N-]1C(C)C)<-c1(C)c->3(C)c->4(C)[c-]->5(C)c->61C
VEGFIX,,C40 H29 Fe1 N5 O4,0.0,COc1ccc(-c2c3n4->[Fe+4]56(<-[N-]=O)<-[n-]7c2ccc7c(-c2ccc(OC)cc2)c2ccc(c7ccc(c(-c8ccc(OC)cc8)c4C=C3)[n-]->57)[n-]->62)cc1,COc1ccc(C2=C3C=CC4=N3->[Fe+2]35(<-[N-]=O)<-N6=C(C=CC6=C4c4ccc(OC)cc4)C(c4ccc(OC)cc4)=c4ccc([n-]->34)=C3C=CC2=N->53)cc1,COc1ccc(C2=C3C=CC4=N3->[Fe+2]35(<-[N-]=O)<-N6=C(C=CC6=C4c4ccc(OC)cc4)C(c4ccc(OC)cc4)=c4ccc([n-]->34)=C3C=CC2=N->53)cc1
VEHZUG,,C25 H30 Cl1 Ir1 N2 O3,0.0,COc1cc(OC)[c-]2->[Ir+3]3456(<-[Cl-])(<-[N-](C(=O)c2c1)c1cc[n+](C)cc1)<-c1(C)c->3(C)c->4(C)[c-]->5(C)c->61C,COc1cc(OC)[c-]2->[Ir+3]3456(<-[Cl-])(<-N(C(=O)c2c1)=c1ccn(C)cc1)<-c1(C)c->3(C)c->4(C)[c-]->5(C)c->61C,COc1cc(OC)[c-]2->[Ir+3]3456(<-[Cl-])(<-N(C(=O)c2c1)=c1ccn(C)cc1)<-c1(C)c->3(C)c->4(C)[c-]->5(C)c->61C
VEJDUK,,C26 H48 Cl1 N1 O1 P2 Ru1,0.0,CC(C)P(C(C)C)(C(C)C)->[Ru+2]1(<-[Cl-])(<-[C-]#[O+])(<-[CH-]=Cc2ccccn->12)<-P(C(C)C)(C(C)C)C(C)C,CC(C)P(C(C)C)(C(C)C)->[Ru+2]1(<-[Cl-])(<-[C-]#[O+])(<-[CH-]=Cc2ccccn->12)<-P(C(C)C)(C(C)C)C(C)C,CC(C)P(C(C)C)(C(C)C)->[Ru+2]1(<-[Cl-])(<-[C-]#[O+])(<-[CH-]=Cc2ccccn->12)<-P(C(C)C)(C(C)C)C(C)C
VEJTEK,c1cc2ccc1CCN1CCc3ccc(cc3)CCN(CC2)CCC2->[Ag+]<-C#2CC1,C26 H32 Ag1 N2 1+,1.0,C1#CCCN23->[Ag+]<-N(CC1)(CCc1ccc(cc1)CC2)CCc1ccc(cc1)CC3,c1cc2ccc1CCN1CCc3ccc(cc3)CCN3(->[Ag+]4<-C(#C->4CC3)CC1)CC2,c1cc2ccc1CCN1CCc3ccc(cc3)CCN(CC2)CCC2->[Ag+]<-C#2CC1
VEKFAT,COC(=O)CCC[S-]->[Zn+2]12<-n3c(-c4ccco4)cc(C)n3[BH-](n3c(C)cc(-c4ccco4)n->13)n1c(C)cc(-c3ccco3)n->21,C29 H31 B1 N6 O5 S1 Zn1,0.0,COC(=O)CCC[S-]->[Zn+2]12<-[n-]3c(-c4ccco4)cc(C)[n+]3[BH-]([n+]3c(C)cc(-c4ccco4)[n-]->13)[n+]1c(C)cc(-c3ccco3)[n-]->21,COC(=O)CCC[S-]->[Zn+2]12<-n3c(-c4ccco4)cc(C)n3[BH-](n3c(C)cc(-c4ccco4)n->13)n1c(C)cc(-c3ccco3)n->21,COC(=O)CCC[S-]->[Zn+2]12<-n3c(-c4ccco4)cc(C)n3[BH-](n3c(C)cc(-c4ccco4)n->13)n1c(C)cc(-c3ccco3)n->21
VEKXER,,C25 H49 N1 Os1 P2,0.0,CC(C)(C)P1(Cc2cccc3CP(C(C)(C)C)(C(C)(C)C)->[OsH2]<-14(<-C=C->4)<-n23)C(C)(C)C,CC(C)(C)P1(Cc2cccc3CP(C(C)(C)C)(C(C)(C)C)->[OsH2]<-14(<-C=C->4)<-n23)C(C)(C)C,CC(C)(C)P1(Cc2cccc3CP(C(C)(C)C)(C(C)(C)C)->[OsH2]<-14(<-C=C->4)<-n23)C(C)(C)C
VEMPUZ,CO->[Co+3]1234<-N5=C6/N=C7/c8ccccc8[C@@]8(/N=c9/c%10ccccc%10/c([n-]->19)=N/C1=N->2[C@@](/N=C\5c2ccccc26)(/N=c2/c5ccccc5/c([n-]->32)=N/8)c2ccccc21)[N-]->47,C41 H24 Co1 N11 O1,0.0,CO->[Co+3]1234<-N5=C6N=c7c8ccccc8c([n-]->17)=NC17N=c8c9ccccc9c([n-]->28)=NC5(N=c2c5ccccc5c([n-]->32)=NC(=N->41)c1ccccc17)c1ccccc16,CO->[Co+3]1234<-N5=C6N=c7c8ccccc8c([n-]->17)=NC17N=c8c9ccccc9c([n-]->28)=NC5(N=c2c5ccccc5c([n-]->32)=NC(=N->41)c1ccccc17)c1ccccc16,CO->[Co+3]1234<-N5=C6N=c7c8ccccc8c([n-]->17)=NC17N=c8c9ccccc9c([n-]->28)=NC5(N=c2c5ccccc5c([n-]->32)=NC(=N->41)c1ccccc17)c1ccccc16
VEQCEZ,CCN(CC)C(=S)[S-]->[Mo+6]1(<-[N-2]C(C)(C)C)(<-[N-2]C(C)(C)C)<-S=C([S-]->1)N(CC)CC,C18 H38 Mo1 N4 S4,0.0,fail,CCN(CC)C1=S->[Mo+6]2(<-[N-2]C(C)(C)C)(<-[N-2]C(C)(C)C)(<-S=C([S-]->2)N(CC)CC)<-[S-]1,CCN(CC)C1=S->[Mo+6]2(<-[N-2]C(C)(C)C)(<-[N-2]C(C)(C)C)(<-S=C([S-]->2)N(CC)CC)<-[S-]1
VEQLAE,[CH3-]->[Re+5]1(<-[CH3-])(<-[O-2])(<-[Cl-])<-n2ccccc2-c2ccccn->12,C12 H14 Cl1 N2 O1 Re1,0.0,[CH3-]->[Re+5]1(<-[CH3-])(<-[O-2])(<-[Cl-])<-n2ccccc2-c2ccccn->12,[CH3-]->[Re+5]1(<-[CH3-])(<-[O-2])(<-[Cl-])<-n2ccccc2-c2ccccn->12,[CH3-]->[Re+5]1(<-[CH3-])(<-[O-2])(<-[Cl-])<-n2ccccc2-c2ccccn->12
VERWAT,Cc1cc(C)n([C@H](c2cc[nH]n2)n2c(C)cc(C)n2->[Ag+]2<-n3[nH]ccc3[C@@H](n3nc(C)cc3C)n3c(C)cc(C)n->23)n1,C28 H36 Ag1 N12 1+,1.0,Cc1cc(C)n2->[Ag+]3(<-n4c(C)cc(C)n4C(c4cc[nH]n4)n12)<-n1c(C)cc(C)n1C(c1cc[nH]n1)[n+]1c(C)cc(C)[n-]->31,Cc1cc(C)n2->[Ag+]3(<-n4c(C)cc(C)n4C(c4cc[nH]n4)n12)<-n1c(C)cc(C)n1C(c1cc[nH]n1)n1c(C)cc(C)n->31,Cc1cc(C)n2->[Ag+]345(<-n6[nH]ccc6C(n12)n1c(C)cc(C)n->31)<-n1[nH]ccc1C(n1c(C)cc(C)n->41)n1c(C)cc(C)n->51
VESSAP,,C22 H54 B2 I2 N2 P2 Pt1,0.0,CC(C)P(C(C)C)(C(C)C)->[Pt+2](<-[I-])(<-[BH2-](B(I)N(C)C)N(C)C)<-P(C(C)C)(C(C)C)C(C)C,CC(C)P(C(C)C)(C(C)C)->[Pt](<-[I-])(<-B(B(I)N(C)C)=[N+](C)C)<-P(C(C)C)(C(C)C)C(C)C,CC(C)P(C(C)C)(C(C)C)->[Pt](<-[I-])(<-B(B(I)N(C)C)=[N+](C)C)<-P(C(C)C)(C(C)C)C(C)C
VETBUT,Cc1cc(C)c(/C2=C3\C=CC4=N3->[Pt@SP1+2]35<-N6=C(C=C/C6=C(\c6c(C)cc(C)cc6C)c6ccc([n-]->36)Sc3ccc2[n-]->53)S4)c(C)c1,C36 H30 N4 Pt1 S2,0.0,Cc1cc(C)c(C2=C3C=CC4=N3->[Pt+2]35<-N6=C(C=CC6=C(c6c(C)cc(C)cc6C)c6ccc([n-]->36)S4)Sc3ccc2[n-]->53)c(C)c1,Cc1cc(C)c(C2=C3C=CC4=N3->[Pt+2]35<-N6=C(C=CC6=C(c6c(C)cc(C)cc6C)c6ccc([n-]->36)S4)Sc3ccc2[n-]->53)c(C)c1,Cc1cc(C)c(C2=C3C=CC4=N3->[Pt+2]35<-N6=C(C=CC6=C(c6c(C)cc(C)cc6C)c6ccc([n-]->36)S4)Sc3ccc2[n-]->53)c(C)c1
VEVFEJ,,C20 H22 Cd1 O18,0.0,O=C(COc1cc(C(=O)O)cc(C(=O)O)c1)[O-]->[Cd+2](<-O)(<-O)(<-O)(<-O)<-[O-]C(=O)COc1cc(C(=O)O)cc(C(=O)O)c1,O=C(COc1cc(C(=O)O)cc(C(=O)O)c1)[O-]->[Cd+2](<-O)(<-O)(<-O)(<-O)<-[O-]C(=O)COc1cc(C(=O)O)cc(C(=O)O)c1,O=C(O)c1cc(OCC23=O->[Cd+2]<-245(<-O)(<-O)(<-O)(<-O)(<-O=C->4(COc2cc(C(=O)O)cc(C(=O)O)c2)[O-]->5)<-[O-]3)cc(C(=O)O)c1
VEWNOA,CC(C)(C)[C-]1=[P-]->[Ti+4]<-123456789(<-c1c->2c->3[cH-]->4c->51)(<-c1c->6c->7[cH-]->8c->91)<-P(C)(C)C,C18 H28 P2 Ti1,0.0,CC(C)(C)C1#P->[Ti+2]<-123456789(<-c1c->2c->3[cH-]->4c->51)(<-c1c->6c->7[cH-]->8c->91)<-P(C)(C)C,CC(C)(C)C1#P->[Ti+2]<-123456789(<-c1c->2c->3[cH-]->4c->51)(<-c1c->6c->7[cH-]->8c->91)<-P(C)(C)C,CC(C)(C)C1#P->[Ti+2]<-123456789(<-c1c->2c->3[cH-]->4c->51)(<-c1c->6c->7[cH-]->8c->91)<-P(C)(C)C
VEXJEQ,,C17 H29 Au1 Cl1 N1 O2 Si2,0.0,C[Si](C)(C)O[Si](C)(C)CCCCCOc1ccc([N+]#[C-]->[Au+]<-[Cl-])cc1,C[Si](C)(C)O[Si](C)(C)CCCCC[O+]=c1ccc([N+]#[C-]->[Au+]<-[Cl-])c[cH-]1,C[Si](C)(C)O[Si](C)(C)CCCCC[O+]=c1ccc([N+]#[C-]->[Au+]<-[Cl-])c[cH-]1
VEYKAL,Cc1ccc(/C=C\[O-]->[Ta+5]2345(<-[Cl-])(<-[Cl-])(<-[Cl-])(<-O6CCCC6)<-c6(C)c->2(C)c->3(C)[c-]->4(C)c->56C)cc1,C23 H32 Cl3 O2 Ta1,0.0,Cc1ccc(C=C[O-]->[Ta+5]2345(<-[Cl-])(<-[Cl-])(<-[Cl-])(<-O6CCCC6)<-c6(C)c->2(C)c->3(C)[c-]->4(C)c->56C)cc1,Cc1ccc(C=C[O-]->[Ta+5]2345(<-[Cl-])(<-[Cl-])(<-[Cl-])(<-O6CCCC6)<-c6(C)c->2(C)c->3(C)[c-]->4(C)c->56C)cc1,C1CCOC1.Cc1ccc(C=C[O-]->[Ta+5](<-[Cl-])(<-[Cl-])(<-[Cl-])<-[c-]2(C)c(C)c(C)c(C)c2C)cc1
VEZGOW,[O+]#[C-]->[Re+](<-[C-]#[O+])(<-[C-]#[O+])(<-[C-]#[O+])(<-[C-]#[O+])<-[c-]12c3ccccc3c3cccc(c4ccccc41)c32,C24 H11 O5 Re1,0.0,[O+]#[C-]->[Re+](<-[C-]#[O+])(<-[C-]#[O+])(<-[C-]#[O+])(<-[C-]#[O+])<-[c-]12c3ccccc3c3cccc(c4ccccc41)c32,[O+]#[C-]->[Re+](<-[C-]#[O+])(<-[C-]#[O+])(<-[C-]#[O+])(<-[C-]#[O+])<-[c-]12c3ccccc3c3cccc(c4ccccc41)c32,[O+]#[C-]->[Re+](<-[C-]#[O+])(<-[C-]#[O+])(<-[C-]#[O+])(<-[C-]#[O+])<-[c-]12c3ccccc3c3cccc(c4ccccc41)c32
VEZXUV,,C18 H24 F12 Hg1 N6 O8 S6,0.0,CCn1ccn(CC)c1=S->[Hg+2]12(<-O=S(=O)([N-]S(=O)(=O->1)C(F)(F)F)C(F)(F)F)(<-O=S(=O)([N-]S(=O)(=O->2)C(F)(F)F)C(F)(F)F)<-S=c1n(CC)ccn1CC,CCn1ccn(CC)c1=S->[Hg+2]<-S=c1n(CC)ccn1CC.O=S(=O)(N=S(=O)([O-])C(F)(F)F)C(F)(F)F.O=S(=O)(N=S(=O)([O-])C(F)(F)F)C(F)(F)F,CCn1ccn(CC)c1=S->[Hg+2]12(<-O=S(=O)(N=S(=O)([O-]->1)C(F)(F)F)C(F)(F)F)(<-O=S(=O)(N=S(=O)([O-]->2)C(F)(F)F)C(F)(F)F)<-S=c1n(CC)ccn1CC
VIBPOM,CON1C=CN(OC)[C]1->[Ni+2](<-[Br-])(<-[C]1N(OC)C=CN1OC)<-P(c1ccccc1)(c1ccccc1)c1ccccc1,C28 H31 Br1 N4 Ni1 O4 P1 1+,1.0,CON1C=CN(OC)[C]1->[Ni+2](<-[Br-])(<-[C]1N(OC)C=CN1OC)<-P(c1ccccc1)(c1ccccc1)c1ccccc1,CON1C=CN(OC)[C]1->[Ni+2](<-[Br-])(<-[C]1N(OC)C=CN1OC)<-P(c1ccccc1)(c1ccccc1)c1ccccc1,CON1C=CN(OC)[C]1->[Ni+2](<-[Br-])(<-[C]1N(OC)C=CN1OC)<-P(c1ccccc1)(c1ccccc1)c1ccccc1
VIBXAG,C/C1=C2\C=CC=CC2=S->[Pt@@+2](<-[Cl-])(<-[N-]1c1ccc(C)cc1)<-P(c1ccccc1)(c1ccccc1)c1ccccc1,C33 H29 Cl1 N1 P1 Pt1 S1,0.0,fail,CC1=C2C=CC=CC2=S->[Pt+2](<-[Cl-])(<-[N-]1c1ccc(C)cc1)<-P(c1ccccc1)(c1ccccc1)c1ccccc1,CC1=C2C=CC=CC2=S->[Pt+2](<-[Cl-])(<-[N-]1c1ccc(C)cc1)<-P(c1ccccc1)(c1ccccc1)c1ccccc1
VICTUW,,C9 H16 I3 O3 P2 Re1,0.0,CP1(C)CCP(C)(C)->[Re]<-1(<-[C-]#[O+])(<-[C-]#[O+])(<-[C-]#[O+])<-I[IH]I,CP1(C)->[Re+](<-[I-])(<-[C-]#[O+])(<-[C-]#[O+])(<-[C-]#[O+])<-P(C)(C)CC1.II,CP1(C)->[Re+](<-[I-])(<-[C-]#[O+])(<-[C-]#[O+])(<-[C-]#[O+])<-P(C)(C)CC1.II
VIDPIK,,C36 H22 F4 Ir1 N5,0.0,Fc1cc(F)c2-c3ccccn3->[Ir+3]34(<-[c-]2c1)(<-[c-]1cc(F)cc(F)c1-c1ccccn->31)<-n1ccccc1-c1cc(-c2ccccc2)n[n-]->41,Fc1cc(F)c2-c3ccccn3->[Ir+3]34(<-[c-]2c1)(<-[c-]1cc(F)cc(F)c1-c1ccccn->31)<-N1=NC(c2ccccc2)=CC1=C1C=CC=C[N-]->41,Fc1cc(F)c2-c3ccccn3->[Ir+3]34(<-[c-]2c1)(<-[c-]1cc(F)cc(F)c1-c1ccccn->31)<-N1=NC(c2ccccc2)=CC1=C1C=CC=C[N-]->41
VIFTOT,,C14 H34 Mo1 P3 S4 1+,1.0,fail,C=P(=C)(C)->[Mo+2]12(<-C=C->1)(<-S=C(SC)S#C->2[S-])(<-P(C)(C)C)<-P(C)(C)C,CSC1S#C([S-])->[Mo+2]2(<-C=C->2)(<-S=1)(<-P(C)(C)C)(<-P(C)(C)C)<-P1(C)CC1
VIGZER,CC(C)[C@H]1COC2C(C)(C3=N[C@@H](C(C)C)CO3)C3=N(->[Pd]4(<-C5=C->4C(=O)OC5=O)<-N=21)[C@@H](C(C)C)CO3,C24 H35 N3 O6 Pd1,0.0,CC(C)C1COC(C2(C)C3=N(->[Pd]4(<-C5=C->4C(=O)OC5=O)<-N4=C2OCC4C(C)C)C(C(C)C)CO3)=N1,CC(C)C1COC(C2(C)C3=N(->[Pd+2]4(<-[cH-]5c(=O)oc(=O)[cH-]->45)<-N4=C2OCC4C(C)C)C(C(C)C)CO3)=N1,CC(C)C1COC(C2(C)C3=N(->[Pd+2]456(<-[cH-]7[cH-]->4c->5(=O)oc->67=O)<-N4=C2OCC4C(C)C)C(C(C)C)CO3)=N1
VIHPOS,N#Cc1ccn(->[Fe+2]234(<-n5ccc(C#N)cc5)<-n5c6nc7c8ccccc8c(nc8n->2c(nc2c9ccccc9c(nc5-c5ccccc5-6)[n-]->32)-c2ccccc2-8)[n-]->47)cc1,C44 H24 Fe1 N12,0.0,N#Cc1ccn(->[Fe+2]234(<-n5ccc(C#N)cc5)<-n5c6nc7c8ccccc8c(nc8n->2c(nc2c9ccccc9c(nc5-c5ccccc5-6)[n-]->32)-c2ccccc2-8)[n-]->47)cc1,N#Cc1ccn(->[Fe+4]234(<-n5ccc(C#N)cc5)<-[n-]5c6c7ccccc7c5N=c5c7ccccc7c([n-]->25)=Nc2c5ccccc5c([n-]->32)N=c2c3ccccc3c([n-]->42)=N6)cc1,N#Cc1ccn(->[Fe+4]234(<-n5ccc(C#N)cc5)<-[n-]5c6c7ccccc7c5N=c5c7ccccc7c([n-]->25)=Nc2c5ccccc5c([n-]->32)N=c2c3ccccc3c([n-]->42)=N6)cc1
VIJFOL,O=S(=O)([O-]->[Cu+](<-[Se](c1ccccc1)c1ccccc1)(<-[Se](c1ccccc1)c1ccccc1)<-[Se](c1ccccc1)c1ccccc1)C(F)(F)F,C37 H30 Cu1 F3 O3 S1 Se3,0.0,O=S(=O)([O-]->[Cu+](<-[Se](c1ccccc1)c1ccccc1)(<-[Se](c1ccccc1)c1ccccc1)<-[Se](c1ccccc1)c1ccccc1)C(F)(F)F,O=S(=O)([O-]->[Cu+7](<-[Se-]c1ccccc1)(<-[Se-]c1ccccc1)<-[Se-]c1ccccc1)C(F)(F)F.[c-]1ccccc1.[c-]1ccccc1.[c-]1ccccc1,O=S1(=O)(C(F)(F)F)->[Cu+]<-[O-]1.c1ccc([Se]c2ccccc2)cc1.c1ccc([Se]c2ccccc2)cc1.c1ccc([Se]c2ccccc2)cc1
VIKLEH,[Cl-]->[Ni+2](<-[Cl-])(<-n1ccccc1P(c1ccccc1)c1ccccc1)<-n1ccccc1P(c1ccccc1)c1ccccc1,C34 H28 Cl2 N2 Ni1 P2,0.0,[Cl-]->[Ni+2]12(<-[Cl-])(<-n3ccccc3P->1(c1ccccc1)c1ccccc1)<-n1ccccc1P->2(c1ccccc1)c1ccccc1,[Cl-]->[Ni+2](<-[Cl-])(<-n1ccccc1P(c1ccccc1)c1ccccc1)<-n1ccccc1P(c1ccccc1)c1ccccc1,[Cl-]->[Ni+2](<-[Cl-])(<-n1ccccc1P(c1ccccc1)c1ccccc1)<-n1ccccc1P(c1ccccc1)c1ccccc1
VIKZOF,[O+]#[C-]->[Mn+]1234(<-[C-]#[O+])(<-[C-]#[O+])<-C5=C->1C->2(=[B-](Br)Br)C->3=C->45,C8 H4 B1 Br2 Mn1 O3,0.0,[O+]#[C-]->[Mn+]1234(<-[C-]#[O+])(<-[C-]#[O+])<-c5c->1[cH-]->2c->3(B(Br)Br)c->45,[O+]#[C-]->[Mn+]1234(<-[C-]#[O+])(<-[C-]#[O+])<-C5=C->1C->2(=[B-](Br)Br)C->3=C->45,[O+]#[C-]->[Mn+]1234(<-[C-]#[O+])(<-[C-]#[O+])<-C5=C->1C->2(=[B-](Br)Br)C->3=C->45
VIMDAW,C/[C-]1=[C-](\C)->[W+6]<-1(<-[Cl-])(<-[Cl-])(<-[Cl-])(<-[Cl-])<-O1CCCC1,C8 H14 Cl4 O1 W1,0.0,CC1=C(C)->[W+4]<-1(<-[Cl-])(<-[Cl-])(<-[Cl-])(<-[Cl-])<-O1CCCC1,CC1#C(C)->[W+4]<-1(<-[Cl-])(<-[Cl-])(<-[Cl-])(<-[Cl-])<-O1CCCC1,CC1#C(C)->[W+4]<-1(<-[Cl-])(<-[Cl-])(<-[Cl-])(<-[Cl-])<-O1CCCC1
VIMQAK,Cc1cc(C)c([N-]2C3=CC(=O)c4ccccc4C3=O->[Ni@+2]<-2(<-[c-]2ccccc2)<-P(c2ccccc2)(c2ccccc2)c2ccccc2)c(C)c1,C43 H36 N1 Ni1 O2 P1,0.0,Cc1cc(C)c([N-]2C3=CC(=O)c4ccccc4C3=O->[Ni+2]<-2(<-[c-]2ccccc2)<-P(c2ccccc2)(c2ccccc2)c2ccccc2)c(C)c1,Cc1cc(C)c([N-]2c3cc([O-])c4ccccc4c3[O-]->[Ni+4]<-2(<-[c-]2ccccc2)<-P(c2ccccc2)(c2ccccc2)c2ccccc2)c(C)c1,Cc1cc(C)c([N-]2c3cc([O-])c4ccccc4c3[O-]->[Ni+4]<-2(<-[c-]2ccccc2)<-P(c2ccccc2)(c2ccccc2)c2ccccc2)c(C)c1
VINHUW,CO->[Mo+6]12(<-[O-2])(<-[O-2])<-[O-]c3ccccc3/C(C)=N->1/N=C(/SCc1ccccc1)[S-]->2,C17 H18 Mo1 N2 O4 S2,0.0,CO->[Mo+5]12(<-[O-2])(<-[O-2])<-[O-]c3ccccc3C(C)=N->1[N]C(SCc1ccccc1)=S->2,CO->[Mo+6]12(<-[O-2])(<-[O-2])<-[O-]c3ccccc3C(C)=N->1N=C(SCc1ccccc1)[S-]->2,CC1=N2->[Mo+6](<-[O-2])(<-[O-2])(<-[O-]c3ccccc31)<-[S-]C(SCc1ccccc1)=N2.CO
VINZEX,C1=CC2=O->[Ru+2]3456(<-O=C->32C=C1)(<-[O-]c1ccccc->41[O-]->5)<-n1ccccc1-c1ccccn->61,C22 H16 N2 O4 Ru1,0.0,C1=CC2=O->[Ru]34(<-O=C2C=C1)(<-O=C1C=CC=CC1=O->3)<-n1ccccc1-c1ccccn->41,c1ccc2[O-]->[Ru+4]34(<-[O-]c2c1)(<-[O-]c1ccccc1[O-]->3)<-n1ccccc1-c1ccccn->41,c1ccc2[O-]->[Ru+4]34(<-[O-]c2c1)(<-[O-]c1ccccc1[O-]->3)<-n1ccccc1-c1ccccn->41
VIPVUL,,C27 H45 B1 N8 Rh1 1+,1.0,Cc1cc(C)[n-]2->[RhH+2]3(<-[C-]#[N+]CC(C)(C)C)(<-[C-]#[N+]CC(C)(C)C)<-[n-]4c(C)cc(C)[n+]4[BH-]([n+]12)[n+]1c(C)cc(C)[n-]->31,Cc1cc(C)n2->[RhH+2]3(<-[C-]#[N+]CC(C)(C)C)(<-[C-]#[N+]CC(C)(C)C)<-n4c(C)cc(C)n4[BH-](n12)n1c(C)cc(C)n->31,Cc1cc(C)n2->[RhH+2]3(<-[C-]#[N+]CC(C)(C)C)(<-[C-]#[N+]CC(C)(C)C)<-n4c(C)cc(C)n4[BH-](n12)n1c(C)cc(C)n->31
VIQGEJ,Cc12->[Zr+2]345(<-[Cl-])(<-[Cl-])(<-O=C6C(c7ccccc7)=CC=CC6=[P+](c6ccccc6)c6ccccc6)(<-O6CCCC6)<-c1(C)c->3(C)[c-]->4(C)c->52C,C38 H41 Cl2 O2 P1 Zr1,0.0,Cc12->[Zr+4]3456(<-[Cl-])(<-[Cl-])(<-[O-]c7c(-c8ccccc8)cccc7P->3(c3ccccc3)c3ccccc3)(<-O3CCCC3)<-c1(C)c->4(C)[c-]->5(C)c->62C,Cc12->[Zr+4]3456(<-[Cl-])(<-[Cl-])(<-[O-]c7c(-c8ccccc8)cccc7P->3(c3ccccc3)c3ccccc3)(<-O3CCCC3)<-c1(C)c->4(C)[c-]->5(C)c->62C,Cc12->[Zr+4]3456(<-[Cl-])(<-[Cl-])(<-[O-]c7c(-c8ccccc8)cccc7P->3(c3ccccc3)c3ccccc3)(<-O3CCCC3)<-c1(C)c->4(C)[c-]->5(C)c->62C
VIQVIC,CP(C)(C)->[Ru+2]1(<-[Cl-])(<-N2=NC=N/C2=C2\C=CC=C[N-]->12)(<-P(C)(C)C)<-P(C)(C)C,C16 H32 Cl1 N4 P3 Ru1,0.0,CP(C)(C)->[Ru+2]1(<-[Cl-])(<-n2ccccc2-c2ncn[n-]->12)(<-P(C)(C)C)<-P(C)(C)C,CP(C)(C)->[Ru+2]1(<-[Cl-])(<-N2=NC=NC2=C2C=CC=C[N-]->12)(<-P(C)(C)C)<-P(C)(C)C,CP(C)(C)->[Ru+2]1(<-[Cl-])(<-N2=NC=NC2=C2C=CC=C[N-]->12)(<-P(C)(C)C)<-P(C)(C)C
VIRFEH,O=[C-]1N([O-]->[Ru+2]<-12(<-[C-]#[O+])(<-[C-]#[O+])<-P(CCP->2(c1ccccc1)c1ccccc1)(c1ccccc1)c1ccccc1)c1ccc(Cl)cc1,C35 H28 Cl1 N1 O4 P2 Ru1,0.0,O=[C]1N([O-]->[Ru+]<-12(<-[C-]#[O+])(<-[C-]#[O+])<-P(CCP->2(c1ccccc1)c1ccccc1)(c1ccccc1)c1ccccc1)c1ccc(Cl)cc1,O=[C-]1N([O-]->[Ru+2]<-12(<-[C-]#[O+])(<-[C-]#[O+])<-P(CCP->2(c1ccccc1)c1ccccc1)(c1ccccc1)c1ccccc1)c1ccc(Cl)cc1,O=[C-]1N([O-]->[Ru+2]<-12(<-[C-]#[O+])(<-[C-]#[O+])<-P(CCP->2(c1ccccc1)c1ccccc1)(c1ccccc1)c1ccccc1)c1ccc(Cl)cc1
VIRNES,,C21 H19 I2 Re1 S2,0.0,[I-]->[Re+3]12345(<-[I-])(<-C(SCc6ccccc6)#C->1SCc1ccccc1)<-c1c->2c->3[cH-]->4c->51,[I-]->[Re+3]12345(<-[I-])(<-C(SCc6ccccc6)#C->1SCc1ccccc1)<-c1c->2c->3[cH-]->4c->51,[I-]->[Re+3]1234(<-[I-])(<-C(SCc5ccccc5)#C->1SCc1ccccc1)<-c1c[cH-]->2c->3c->41
VISDOT,CC1/C=C(/C)[O-]->[Pt+2]2(<-O=1)<-[C]1N(C)C=CN1Cc1ccs[c-]->21,C14 H16 N2 O2 Pt1 S1,0.0,fail,CC1=CC(C)=O->[Pt+2]2(<-[O-]1)<-[C]1N(C)C=CN1Cc1ccs[c-]->21,CC1=CC(C)=O->[Pt+2]2(<-[O-]1)<-[C]1N(C)C=CN1Cc1ccs[c-]->21
VITCUW,CCN(CC)(CC)->[Pd@OH26+2]1(<-[CH3-])<-P(C)(C)CCP->1(C)C,C13 H34 N1 P2 Pd1 1+,1.0,CCN(CC)(CC)->[Pd+2]1(<-[CH3-])<-P(C)(C)CCP->1(C)C,CCN(CC)(CC)->[Pd+2]1(<-[CH3-])<-P(C)(C)CCP->1(C)C,CCN(CC)(CC)->[Pd+2]1(<-[CH3-])<-P(C)(C)CCP->1(C)C
VIVCIN,COc1cccc(-c2cccc3/C(C)=N(/c4c(C(C)C)cccc4C(C)C)->[Cu@+]4(<-O=C([O-]->4)C(=O)c4ccccc4)<-n32)c1,C34 H35 Cu1 N2 O4,0.0,COc1cccc(-c2cccc3C(C)=N(c4c(C(C)C)cccc4C(C)C)->[Cu+](<-[O-]C(=O)C(=O)c4ccccc4)<-n32)c1,COc1cccc(-c2cccc3C(C)=N(c4c(C(C)C)cccc4C(C)C)->[Cu+](<-[O-]C(=O)C(=O)c4ccccc4)<-n32)c1,COc1cccc(-c2cccc3C(C)=N(c4c(C(C)C)cccc4C(C)C)->[Cu+]45(<-O=C->4([O-]->5)C(=O)c4ccccc4)<-n32)c1
VIVKOB,[O+]#[C-]->[Fe+2]123(<-[C-]#[O+])(<-[C-]#[O+])<-[O-][C-]->1(c1ccccc1)/C->2=C->3/c1ccccc1Cl,C18 H11 Cl1 Fe1 O4,0.0,fail,[O+]#[C-]->[Fe+2]123(<-[C-]#[O+])(<-[C-]#[O+])<-[O-][C-]->1(c1ccccc1)C->2=C->3c1ccccc1Cl,[O+]#[C-]->[Fe+2]123(<-[C-]#[O+])(<-[C-]#[O+])<-[O-][C-]->1(c1ccccc1)C->2=C->3c1ccccc1Cl
VIWPIB,c1ccc(P2(/N=c3/scn[n-]3->[Pt+2]<-23<-[n-]2ncs/c2=N/P->3(c2ccccc2)c2ccccc2)c2ccccc2)cc1,C28 H22 N6 P2 Pt1 S2,0.0,c1ccc(P2(N=c3scn[n-]3->[Pt+2]<-23<-[n-]2ncsc2=NP->3(c2ccccc2)c2ccccc2)c2ccccc2)cc1,c1ccc(P2(N=c3scn[n-]3->[Pt+2]<-23<-[n-]2ncsc2=NP->3(c2ccccc2)c2ccccc2)c2ccccc2)cc1,c1ccc(P2(N=c3scn[n-]3->[Pt+2]<-23<-[n-]2ncsc2=NP->3(c2ccccc2)c2ccccc2)c2ccccc2)cc1
VIXTAY,CN[C](Nc1ccccn1)->[Au+]<-[c-]1c(F)c(F)c(F)c(F)c1F,C13 H9 Au1 F5 N3,0.0,CN[C](Nc1ccccn1)->[Au+]<-[c-]1c(F)c(F)c(F)c(F)c1F,CN[C](Nc1ccccn1)->[Au+]<-[c-]1c(F)c(F)c(F)c(F)c1F,CN[C](Nc1ccccn1)->[Au+]<-[c-]1c(F)c(F)c(F)c(F)c1F
VIYMUL,,C12 H14 Cd1 N2,0.0,[CH3-]->[Cd+2]1(<-[CH3-])<-n2ccccc2-c2ccccn->12,[CH3-]->[Cd+2]1(<-[CH3-])<-n2ccccc2-c2ccccn->12,[CH3-]->[Cd+2]<-[CH3-].c1ccc(-c2ccccn2)nc1
VIZJUM,C/C1c2c(C)nccn2->[Ni+2]234(<-[O-]/C(c5ccccc5)=N->2\N->3=C(/C)c2c(C)nccn->42)<-N=1\NC(=O)c1ccccc1,C28 H27 N8 Ni1 O2 1+,1.0,CC1c2c(C)nccn2->[Ni+2]234(<-O=C(NN->2=C(C)c2c(C)nccn->32)c2ccccc2)<-[O-]C(=NN->4=1)c1ccccc1,CC1c2c(C)nccn2->[Ni+2]234(<-O=C(NN->2=C(C)c2c(C)nccn->32)c2ccccc2)<-[O-]C(=NN->4=1)c1ccccc1,CC1c2c(C)nccn2->[Ni+2]234(<-O=C(NN->2=C(C)c2c(C)nccn->32)c2ccccc2)<-[O-]C(=NN->4=1)c1ccccc1
VIZWEG,,C24 H38 N2 Si1 Zr1,0.0,CC(C)(C)[N-]1C2=C([N-](C(C)(C)C)->[Zr+4]<-13456789%10(<-c1c->3c->4[cH-]->5c->61)<-c1c->7c->8[cH-]->9c->%101)C[Si](C)(C)C2,CC(C)(C)N1=C2C[Si](C)(C)CC2=N(C(C)(C)C)->[Zr+2]<-123456789(<-c1c->2c->3[cH-]->4c->51)<-c1c->6c->7[cH-]->8c->91,CC(C)(C)N1=C2C[Si](C)(C)CC2=N(C(C)(C)C)->[Zr+2]<-123456789(<-c1c->2c->3[cH-]->4c->51)<-c1c->6c->7[cH-]->8c->91
VOCCEW,,C32 H21 O4 Ru1 1+,1.0,[O+]#[C-]->[Ru+2]1234(<-[C-]#[O+])(<-[C-]#[O+])<-c5(-c6ccccc6)c->1(-c1ccccc1)c->2(-c1ccccc1)[c-]->3(O)c->45-c1ccccc1,[O+]#[C-]->[Ru+2]1234(<-[C-]#[O+])(<-[C-]#[O+])<-c5(-c6ccccc6)c->1(-c1ccccc1)c->2(-c1ccccc1)[c-]->3(-c1ccccc1)c->45O,[O+]#[C-]->[Ru+2]1234(<-[C-]#[O+])(<-[C-]#[O+])<-c5(-c6ccccc6)c->1(-c1ccccc1)c->2(-c1ccccc1)[c-]->3(-c1ccccc1)c->45O
VODDOI,CC(C)(C)[N-2]->[Re+7]123(<-[N-2]C(C)(C)C)<-[O-]c4ccccc4N->1(c1ccccc1[O-]->2)c1ccccc1[O-]->3,C26 H30 N3 O3 Re1,0.0,CC(C)(C)[N-2]->[Re+7]123(<-[N-2]C(C)(C)C)<-[O-]c4ccccc4N->1(c1ccccc1[O-]->2)c1ccccc1[O-]->3,CC(C)(C)[N-2]->[Re+7]123(<-[N-2]C(C)(C)C)<-[O-]c4ccccc4N->1(c1ccccc1[O-]->2)c1ccccc1[O-]->3,CC(C)(C)[N-2]->[Re+7]123(<-[N-2]C(C)(C)C)<-[O-]c4ccccc4N->1(c1ccccc1[O-]->2)c1ccccc1[O-]->3
VOGLIM,,C33 H37 B1 Cu1 N6 P1,0.0,Cc1cc(C)[n-]2->[Cu+]3(<-[n-]4c(C)cc(C)[n+]4[BH-]([n+]12)[n+]1c(C)cc(C)[n-]->31)<-P(c1ccccc1)(c1ccccc1)c1ccccc1,,[C]1C#N->[Cu+]23<-N(=C=C=C1)[BH-]1n4c5cc(n->24)C2=C(c4cc(n1n->34)C#C5)P2(c1ccccc1)(c1ccccc1)c1ccccc1
VOHDEB,,C10 H23 N5 O2 Tc1 1+,1.0,[N-3]->[Tc+5]123(<-O)<-[N-]4CCN->1CCCN->2CCN->3CCC4=O,[N-3]->[Tc+5]123(<-O)<-[N-]4CCN->1CCCN->2CCN->3CCC4=O,O.[N-3]->[Tc+5]123<-[N-]4CCN->1CCCN->2CCN->3CCC4=O
VOHYEY,CCN(CC)/C1=N(\c2c(C)cccc2C)->[Ti+4](<-[Cl-])(<-[Cl-])(<-[Cl-])<-[N-]1C(C)(C)C,C17 H28 Cl3 N3 Ti1,0.0,CCN(CC)C1=N(C(C)(C)C)->[Ti+4](<-[Cl-])(<-[Cl-])(<-[Cl-])<-[N-]1c1c(C)cccc1C,CCN(CC)C1=N(c2c(C)cccc2C)->[Ti+4](<-[Cl-])(<-[Cl-])(<-[Cl-])<-[N-]1C(C)(C)C,CCN(CC)C1=N(c2c(C)cccc2C)->[Ti+4](<-[Cl-])(<-[Cl-])(<-[Cl-])<-[N-]1C(C)(C)C
VOKQAQ,,C26 H34 N6 Ni1 O10,0.0,CC1(C)N([O])C2c3cc([N+](=O)[O-])ccc3[O-]->[Ni+2]3(<-O)(<-O)(<-[O-]c4ccc([N+](=O)[O-])cc4C4=N->3C(C)(C)C(C)(C)N4[O])<-N=2C1(C)C,CC1(C)N([O-])C2c3cc([N+](=O)[O-])ccc3[O-]->[Ni+4]3(<-O)(<-O)(<-[O-]c4ccc([N+](=O)[O-])cc4C4=N->3C(C)(C)C(C)(C)N4[O-])<-N=2C1(C)C,CC1(C)N([O-])C2=N(->[Ni+4]3(<-[O-]c4ccc([N+](=O)[O-])cc42)<-[O-]c2ccc([N+](=O)[O-])cc2C2=N->3C(C)(C)C(C)(C)N2[O-])C1(C)C.O.O
VOLJUB,CC(C)=[C-]1[Si](C)(C)C2[H]->[Zr+4]<-1<-23456789%10%11<-c1c->3[c-]->4(CC[c-]->52c->6c->7c->83ccccc->932)c->%102ccccc->%1112,C27 H31 Si1 Zr1 1+,1.0,CC(C)=C1[Si]2(C)(C)C3[H]->[Zr+3]<-1<-3<-2456789%10%11%12<-c1[cH-]->4c->5(CCc->62[cH-]->7c->8c->93ccccc->%1023)c->%112ccccc->%1212,CC(C)=C(=[Si](C)C)->[Zr+4]123456789(<-[CH3-])<-c%10c->1[c-]->2(CC[c-]->31c->4c->5c->62ccccc->721)c->81ccccc->9%101,[CH2-][Si](C)(C)[C-](=C(C)C)->[ZrH+5]123456789<-c%10c->1[c-]->2(CC[c-]->31c->4c->5c->62ccccc->721)c->81ccccc->9%101
VOLYIG,,C24 H52 Mo1 P4 Si2,0.0,CP(C)(C)->[MoH2+2](<-[SiH2-]c1ccccc1)(<-[SiH2-]c1ccccc1)(<-P(C)(C)C)(<-P(C)(C)C)<-P(C)(C)C,CP(C)(C)->[MoH2+2](<-[SiH2-]c1ccccc1)(<-[SiH2-]c1ccccc1)(<-P(C)(C)C)(<-P(C)(C)C)<-P(C)(C)C,CP(C)(C)->[MoH2+2](<-[SiH2-]c1ccccc1)(<-[SiH2-]c1ccccc1)(<-P(C)(C)C)(<-P(C)(C)C)<-P(C)(C)C
VOMPUK,CO->[Hg+2](<-n1ccccc1N)(<-[N-]1C(=O)c2ccccc2S1(=O)=O)<-[N-]1C(=O)c2ccccc2S1(=O)=O,C20 H18 Hg1 N4 O7 S2,0.0,CO->[Hg+2](<-n1ccccc1N)(<-[N-]1C(=O)c2ccccc2S1(=O)=O)<-[N-]1C(=O)c2ccccc2S1(=O)=O,CO.Nc1ccccn1->[Hg+2](<-[N-]1C(=O)c2ccccc2S1(=O)=O)<-[N-]1C(=O)c2ccccc2S1(=O)=O,CO.Nc1ccccn1->[Hg+2]1(<-[N-]2C(=O)c3ccccc3S2(=O)=O)<-[O-]S2(=O)=N->1C(=O)c1ccccc12
VONNAP,,C43 H34 N1 O2 P2 Re1 S1,0.0,fail,[O+]#[C-]->[Re+]1(<-[C-]#[O+])(<-S=c2cccc[n-]->12)(<-P(c1ccccc1)(c1ccccc1)c1ccccc1)<-P(c1ccccc1)(c1ccccc1)c1ccccc1,[O+]#[C-]->[Re+]1(<-[C-]#[O+])(<-S=c2cccc[n-]->12)(<-P(c1ccccc1)(c1ccccc1)c1ccccc1)<-P(c1ccccc1)(c1ccccc1)c1ccccc1
VONYEE,CCN(CC)CCN1Cn2c(C)cc(C)n2->[Ni+2](<-[N-]=C=[Se])(<-[N-]=C=[Se])<-n2c(C)cc(C)n2C1,C20 H32 N8 Ni1 Se2,0.0,CCN1(CC)CCN23Cn4c(C)cc(C)n4->[Ni+2]<-1<-2(<-[N-]=C=[Se])(<-[N-]=C=[Se])<-n1c(C)cc(C)n1C3,CCN1(CC)CCN23Cn4c(C)cc(C)n4->[Ni+2]<-1<-2(<-[N-]=C=[Se])(<-[N-]=C=[Se])<-n1c(C)cc(C)n1C3,CCN(CC)CCN12Cn3c(C)cc(C)n3->[Ni+2]<-1(<-[N-]=C=[Se])(<-[N-]=C=[Se])<-n1c(C)cc(C)n1C2
VOQGUE,,C26 H24 Cl2 N4 Ni1 O8,0.0,NC(=O)c1cccn(->[Ni+2](<-O)(<-O)(<-[O-]C(=O)c2ccccc2Cl)(<-[O-]C(=O)c2ccccc2Cl)<-n2cccc(C(N)=O)c2)c1,NC(=O)c1cccn(->[Ni+2](<-O)(<-O)(<-[O-]C(=O)c2ccccc2Cl)(<-[O-]C(=O)c2ccccc2Cl)<-n2cccc(C(N)=O)c2)c1,NC(=O)c1cccn(->[Ni+2](<-[O-]C(=O)c2ccccc2Cl)(<-[O-]C(=O)c2ccccc2Cl)<-n2cccc(C(N)=O)c2)c1.O.O
VOSSEB,,C33 H28 O3 P1 W1 1+,1.0,COc1cccc2->[W+2]34567(<-[C-]#[O+])(<-[C-]#[O+])(<-c8c->3c->4[cH-]->5c->68)<-[CH-](c->712)[P+](c1ccccc1)(c1ccccc1)c1ccccc1,COc1ccc[c-]2->[W+4]34567(<-[C-]#[O+])(<-[C-]#[O+])(<-[C-](c->312)=P(c1ccccc1)(c1ccccc1)c1ccccc1)<-c1c->4c->5[cH-]->6c->71,COc1cccc23=C(=O)->[W+2]<-245678(<-[C-]#[O+])(<-C(=c->413)=P(c1ccccc1)(c1ccccc1)c1ccccc1)<-c1c->5c->6[cH-]->7c->81
VOTXUZ,,C28 H24 Cl2 Hg1 N4 O2 S2,0.0,O=C(NC(Nc1ccccc1)=S->[Hg+2](<-[Cl-])(<-[Cl-])<-S=C(NC(=O)c1ccccc1)Nc1ccccc1)c1ccccc1,O=C(NC(Nc1ccccc1)=S->[Hg+2](<-[Cl-])(<-[Cl-])<-S=C(NC(=O)c1ccccc1)Nc1ccccc1)c1ccccc1,O=C(NC(=S)Nc1ccccc1)c1ccccc1.O=C(NC(Nc1ccccc1)=S->[Hg+2](<-[Cl-])<-[Cl-])c1ccccc1
VOVSEG,,C30 H28 Hg1 I2 N4 O2 S2,0.0,Cc1ccccc1NC(NC(=O)c1ccccc1)=S->[Hg+2](<-[I-])(<-[I-])<-S=C(NC(=O)c1ccccc1)Nc1ccccc1C,Cc1ccccc1NC(NC(=O)c1ccccc1)=S->[Hg+2](<-[I-])(<-[I-])<-S=C(NC(=O)c1ccccc1)Nc1ccccc1C,Cc1ccccc1NC(=S)NC(=O)c1ccccc1.Cc1ccccc1NC(=S)NC(=O)c1ccccc1.[I-]->[Hg+2]<-[I-]
VOXNED,Cc1ccnc(/N2=C/c3ccccc3[O-]->[Zn+2]<-23<-[O-]c2ccccc2/C=N->3/c2cc(C)ccn2)c1,C26 H22 N4 O2 Zn1,0.0,Cc1ccnc(N2=Cc3ccccc3[O-]->[Zn+2]<-23<-[O-]c2ccccc2C=N->3c2cc(C)ccn2)c1,Cc1ccnc(N2=Cc3ccccc3[O-]->[Zn+2]<-23<-[O-]c2ccccc2C=N->3c2cc(C)ccn2)c1,Cc1ccnc(N2=Cc3ccccc3[O-]->[Zn+2]<-234<-[O-]c2ccccc2C=N->3c2cc(C)ccn->42)c1
VOYREI,O=C1C2[NH-]->[Ni+2]345(<-[NH-]C6=C(/N->3=C->4/c3ccccn->53)C(=O)c3ccccc3C6=O)<-N(=C\c3ccccn3)/C=2C(=O)c2ccccc21,C32 H20 N6 Ni1 O4,0.0,O=C1C2[NH-]->[Ni+2]345(<-[NH-]C6=C(N->3=Cc3ccccn->43)C(=O)c3ccccc3C6=O)<-N(=Cc3ccccn->53)C=2C(=O)c2ccccc21,O=C1C2[NH-]->[Ni+6]345(<-[NH-]C6=C([N-]->3C=C3C=CC=C[N-]->43)C(=O)c3ccccc3C6=O)<-[N-]3C=CC=CC3=C[N-]->5C=2C(=O)c2ccccc21,O=C1C2[NH-]->[Ni+6]345(<-[NH-]C6=C([N-]->3C=C3C=CC=C[N-]->43)C(=O)c3ccccc3C6=O)<-[N-]3C=CC=CC3=C[N-]->5C=2C(=O)c2ccccc21
VOZYOA,CCO/[C-]1=c2\cccc\c2=C(/C(=O)OC)[C](C(=O)OC)->[Ir+3]<-123(<-[CH3-])<-n1c(C)cc(C)n1[BH-](n1c(C)cc(C)n->21)n1c(C)cc(C)n->31,C31 H40 B1 Ir1 N6 O5,0.0,CCO[C-2]1c2ccccc2C(C(=O)OC)=[C-](C(=O)OC)->[Ir+5]<-123(<-[CH3-])<-[n-]1c(C)cc(C)[n+]1[BH-]([n+]1c(C)cc(C)[n-]->21)[n+]1c(C)cc(C)[n-]->31,CCO[C-]1=c2ccccc2=C(C(=O)OC)[C](C(=O)OC)->[Ir+3]<-123(<-[CH3-])<-n1c(C)cc(C)n1[BH-](n1c(C)cc(C)n->21)n1c(C)cc(C)n->31,CCO[C-]1=c2ccccc2=C(C(=O)OC)[C](C(=O)OC)->[Ir+3]<-123(<-[CH3-])<-n1c(C)cc(C)n1[BH-](n1c(C)cc(C)n->21)n1c(C)cc(C)n->31
VUCDAZ,Cn1cc[n+]2CC[c-]34->[Rh+3]567(<-[Cl-])(<-[Cl-])(<-[c-]12)<-c(C)(c->5(C)c->63C)c->74C,C15 H21 Cl2 N2 Rh1,0.0,CN1C=CN2CC[c-]34->[Rh+3]567(<-[Cl-])(<-[Cl-])(<-[C]12)<-c(C)(c->5(C)c->63C)c->74C,C[n+]1ccn2CCc34->[Rh+3]567(<-[Cl-])(<-[Cl-])(<-[c-]21)<-c3(C)c->5(C)[c-]->6(C)c->74C,C[n+]1ccn2CCc34->[Rh+3]567(<-[Cl-])(<-[Cl-])(<-[c-]21)<-c3(C)c->5(C)[c-]->6(C)c->74C
VUDBIG,Cc12->[Co+3]3456(<-[S-]c7cc(C#N)c(C#N)cc7[S-]->3)<-c1(C)c->4(C)[c-]->5(C)c->62C,C18 H17 Co1 N2 S2,0.0,fail,Cc12->[Co+]3456(<-S=C7C=C(C#N)C(C#N)=CC7=S->3)<-c1(C)c->4(C)[c-]->5(C)c->62C,Cc12->[Co+]3456(<-S=C7C=C(C#N)C(C#N)=CC7=S->3)<-c1(C)c->4(C)[c-]->5(C)c->62C
VUDKOV,CN1C=CN2c3cccc(-c4cccc(N5C=CN(C)[C]5->[Ag+]<-[C]12)n4)n3,C18 H16 Ag1 N6 1+,1.0,CN1C=CN2c3cccc(-c4cccc(N5C=CN(C)[C]5->[Ag+]<-[C]12)n4)n3,CN1C=CN2c3cccc(-c4cccc(N5C=CN(C)[C]5->[Ag+]<-[C]12)n4)n3,CN1C=CN2c3cccc4-c5cccc6N7C=CN(C)[C]7->[Ag+](<-[C]12)(<-n43)<-n56
VUDWIB,,C16 H23 Cl1 Mo1 N4 O2,0.0,fail,Cc1cc(C)n(->[Mo+2]23(<-[Cl-])(<-[C-]#[O+])(<-[C-]#[O+])(<-C=C->2(C)[CH2-]->3)<-n2[nH]c(C)cc2C)[nH]1,Cc1cc(C)n(->[Mo+2]23(<-[Cl-])(<-[C-]#[O+])(<-[C-]#[O+])(<-C=C->2(C)[CH2-]->3)<-n2[nH]c(C)cc2C)[nH]1
VUFVEZ,,C18 H32 Br1 Fe1 N1 O3 P2,0.0,CC(C)P1(Oc2cccc3OP(C(C)C)(C(C)C)->[FeH+]<-1(<-[Br-])(<-[C-]#[O+])<-n23)C(C)C,CC(C)P1(Oc2cccc3OP(C(C)C)(C(C)C)->[FeH+]<-1(<-[Br-])(<-[C-]#[O+])<-n23)C(C)C,CC(C)P1(Oc2cccc3OP(C(C)C)(C(C)C)->[FeH+]<-1(<-[Br-])(<-[C-]#[O+])<-n23)C(C)C
VUGJAI,,C33 H38 B1 I1 N6 O2 W1,0.0,Cc1cc(C)[n-]2->[W+2]34(<-[I-])(<-[C-]#[O+])(<-C(c5ccccc5)#C->3C(C)C(O)c3ccccc3)<-[n-]3c(C)cc(C)[n+]3[BH-]([n+]12)[n+]1c(C)cc(C)[n-]->41,Cc1cc(C)n2->[W+2]34(<-[I-])(<-[C-]#[O+])(<-C(c5ccccc5)#C->3C(C)C(O)c3ccccc3)<-n3c(C)cc(C)n3[BH-](n12)n1c(C)cc(C)n->41,Cc1cc(C)n2->[W+2]34(<-[I-])(<-[C-]#[O+])(<-C(c5ccccc5)#C->3C(C)C(O)c3ccccc3)<-n3c(C)cc(C)n3[BH-](n12)n1c(C)cc(C)n->41
VUHCIL,CC(C)(C)NC(=O)CN1C=CN(C(C)(C)C)[C]1->[Pd+2](<-[Cl-])(<-[Cl-])<-[C]1N(CC(=O)NC(C)(C)C)C=CN1C(C)(C)C,C26 H46 Cl2 N6 O2 Pd1,0.0,CC(C)(C)NC(=O)CN1C=CN(C(C)(C)C)[C]1->[Pd+2](<-[Cl-])(<-[Cl-])<-[C]1N(CC(=O)NC(C)(C)C)C=CN1C(C)(C)C,CC(C)(C)NC(=O)CN1C=CN(C(C)(C)C)[C]1->[Pd+2](<-[Cl-])(<-[Cl-])<-[C]1N(CC(=O)NC(C)(C)C)C=CN1C(C)(C)C,CC(C)(C)NC(=O)CN1C=CN(C(C)(C)C)[C]1->[Pd+2](<-[Cl-])(<-[Cl-])<-[C]1N(CC(=O)NC(C)(C)C)C=CN1C(C)(C)C
VUJKAN,CN(C)[B-]1[B-](N(C)C)=C23->[Zr+4]45678(<-[Cl-])(<-[Cl-])(<-C=19c->41ccccc1-c->51ccccc->619)<-c21ccccc1-c->71ccccc->813,C30 H28 B2 Cl2 N2 Zr1,0.0,CN(C)B1B(N(C)C)[c-]23->[Zr+4]456789%10(<-[Cl-])(<-[Cl-])(<-c1%11c->41ccccc->51[c-]->61ccccc->7%111)<-c1(ccccc->812)c->91ccccc->%1013,CN(C)[B-]1[B-](N(C)C)=C23->[Zr+4]456789%10(<-[Cl-])(<-[Cl-])(<-C=1%11c->41ccccc->51-c->61ccccc->71%11)<-c21ccccc->81-c->91ccccc->%1013,CN(C)[B-]1[B-](N(C)C)=C23->[Zr+4]456789%10(<-[Cl-])(<-[Cl-])(<-C=1%11c->41ccccc->51-c->61ccccc->71%11)<-c21ccccc->81-c->91ccccc->%1013
VUKPEX,CC(C)N1CCN(C(C)C)C2=S->[Ni@OH26+2]3(<-S=C21)<-[S-]/C(=C(\[S-]->3)c1ccsc1)c1ccsc1,C20 H24 N2 Ni1 S6,0.0,CC(C)N1CCN(C(C)C)C2=S->[Ni+2]3(<-S=C21)<-[S-]C(=C([S-]->3)c1ccsc1)c1ccsc1,CC(C)N1CCN(C(C)C)C2=S->[Ni]3(<-S=C(C(=S->3)c3ccsc3)c3ccsc3)<-S=C21,CC(C)N1CCN(C(C)C)C2=S->[Ni]3(<-S=C(C(=S->3)c3ccsc3)c3ccsc3)<-S=C21
VULVON,C/C1=C(\C)[N-](O)->[Rh+3]2(<-[CH2-]C(F)(F)F)(<-N1=O)(<-N(=O)/C(C)=C(/C)[N-]->2O)<-n1ccccc1,C15 H21 F3 N5 O4 Rh1,0.0,CC1C(C)=N(O)->[Rh+]2(<-[CH2-]C(F)(F)F)(<-N=1[O])(<-N([O])=C(C)C(C)=N->2O)<-n1ccccc1,CC1=C(C)[N-](O)->[Rh+3]2(<-[CH2-]C(F)(F)F)(<-N1=O)(<-N(=O)C(C)=C(C)[N-]->2O)<-n1ccccc1,CC1=C(C)[N-](O)->[Rh+3]2(<-[CH2-]C(F)(F)F)(<-N1=O)(<-N(=O)C(C)=C(C)[N-]->2O)<-n1ccccc1
VUMXAE,COC(=O)c1ccc([S-]->[Pt+4]2(<-[CH3-])(<-[CH3-])(<-[CH3-])<-n3ccccc3-c3ccccn->23)cc1,C21 H24 N2 O2 Pt1 S1,0.0,fail,COC(=O)c1ccc([S-]->[Pt+4]2(<-[CH3-])(<-[CH3-])(<-[CH3-])<-n3ccccc3-c3ccccn->23)cc1,COC(=O)c1ccc([S-]->[Pt+4]2(<-[CH3-])(<-[CH3-])(<-[CH3-])<-n3ccccc3-c3ccccn->23)cc1
VUPVOT,C/C1=N(\c2c(C(C)C)cccc2C(C)C)->[Pd@@+2](<-[CH3-])(<-[Cl-])<-N(c2c(C(C)C)cccc2C(C)C)C1(C)C,C30 H47 Cl1 N2 Pd1,0.0,CC1=N(c2c(C(C)C)cccc2C(C)C)->[Pd+2](<-[CH3-])(<-[Cl-])<-N(c2c(C(C)C)cccc2C(C)C)C1(C)C,CC1=N(c2c(C(C)C)cccc2C(C)C)->[Pd+2](<-[CH3-])(<-[Cl-])<-N(c2c(C(C)C)cccc2C(C)C)C1(C)C,CC1=N(c2c(C(C)C)cccc2C(C)C)->[Pd+2](<-[CH3-])(<-[Cl-])<-N(c2c(C(C)C)cccc2C(C)C)C1(C)C
VUSXUE,CCS1c2ccccc2CN2CCN(=C(N(C)C)N(C)C)->[Cu+]<-1<-N(CC2)=C(N(C)C)N(C)C,C23 H43 Cu1 N7 S1 1+,1.0,CCS1c2ccccc2CN23CCN(=C(N(C)C)N(C)C)->[Cu+]<-1<-2<-N(CC3)=C(N(C)C)N(C)C,CCS1c2ccccc2CN23CCN(=C(N(C)C)N(C)C)->[Cu+]<-1<-2<-N(CC3)=C(N(C)C)N(C)C,CCS1c2ccccc2CN23CCN(=C(N(C)C)N(C)C)->[Cu+]<-1<-2<-N(CC3)=C(N(C)C)N(C)C
VUTPIL,CN1(C)CCN(C)(C)->[Pd@OH8+2]<-1(<-[I-])<-[c-]1cccc(NC(N)=O)c1,C13 H23 I1 N4 O1 Pd1,0.0,CN1(C)CCN(C)(C)->[Pd+2]<-1(<-[I-])<-[c-]1cccc(NC(N)=O)c1,CN1(C)CCN(C)(C)->[Pd+2]<-1(<-[I-])<-[c-]1cccc(NC(N)=O)c1,CN1(C)CCN(C)(C)->[Pd+2]<-1(<-[I-])<-[c-]1cccc(NC(N)=O)c1
VUVNIK,,C33 H27 Hg1 I2 N1 O3 P2,0.0,O=C(c1ccc([N+](=O)[O-])cc1)[CH-]1[P+](CP(c2ccccc2)(c2ccccc2)->[Hg+2]<-1(<-[I-])<-[I-])(c1ccccc1)c1ccccc1,O=C(c1ccc([N+](=O)[O-])cc1)[CH-]1[P+](CP(c2ccccc2)(c2ccccc2)->[Hg+2]<-1(<-[I-])<-[I-])(c1ccccc1)c1ccccc1,O=[N+]([O-])c1ccc(C([O-])=C[P+](CP(c2ccccc2)(c2ccccc2)->[Hg+2](<-[I-])<-[I-])(c2ccccc2)c2ccccc2)cc1
VUWWIU,,C14 H13 N1 O1 Pt1 S2,0.0,fail,CCOC1=S->[Pt+2]2(<-[S-]1)<-[c-]1ccccc1-c1ccccn->21,CCOC1=S->[Pt+2]2(<-[S-]1)<-[c-]1ccccc1-c1ccccn->21
VUYDEA,,C9 H9 Cl2 Hg1 N1 O4,0.0,COC1=O->[Hg+2]2(<-[Cl-])(<-[Cl-])<-O=C(OC)c3cccc1n->23,COC(=O)c1cccc(C(=O)OC)n1.[Cl-]->[Hg+2]<-[Cl-],COC(=O)c1cccc(C(=O)OC)n1.[Cl-]->[Hg+2]<-[Cl-]
WABPUK,CCOC(=O)[C-]1(Cc2ccc3cccc4[O-]->[Pd@TB4+2]<-1(<-n1ccccc1)<-n2c43)C(=O)OCC,C22 H22 N2 O5 Pd1,0.0,CCOC(=O)[C-]1(Cc2ccc3cccc4[O-]->[Pd+2]<-1(<-n1ccccc1)<-n2c43)C(=O)OCC,CCOC(=O)[C-]1(Cc2ccc3cccc4[O-]->[Pd+2]<-1(<-n1ccccc1)<-n2c43)C(=O)OCC,CCOC(=O)[C-]12Cc3ccc4cccc5[O-]->[Pd+2]<-1(<-n1ccccc1)(<-n3c54)<-C2(=O)OCC
WABZIL,CCN(CC)c1ccc2/C=N3/N=C(\[O-]->[Mo+6]<-3(<-[O-2])(<-[O-2])(<-[O-]c2c1)<-OC)c1ccc(O)cc1,C19 H23 Mo1 N3 O6,0.0,CCN(CC)c1ccc2C=N3N=C([O-]->[Mo+6]<-3(<-[O-2])(<-[O-2])(<-[O-]c2c1)<-OC)c1ccc(O)cc1,CCN(CC)c1ccc2C=N3N=C([O-]->[Mo+6]<-3(<-[O-2])(<-[O-2])(<-[O-]c2c1)<-OC)c1ccc(O)cc1,CCN(CC)c1ccc2c(c1)[O-]->[Mo+6]1(<-[O-2])(<-[O-2])<-[O-]C(c3ccc(O)cc3)=NN->1=C2.CO
WADCUZ,,C11 H4 Cr1 O5,0.0,O=c1c(=O)c23->[Cr]4567(<-[C-]#[O+])(<-[C-]#[O+])(<-[C-]#[O+])<-c(c->4c->52)c->6c->713,O=C1C(=O)[C-]23->[Cr+2]4567(<-[C-]#[O+])(<-[C-]#[O+])(<-[C-]#[O+])<-C(=C->42)[CH-]->5C->6=C->713,O=C1C(=O)[C-]23->[Cr+2]4567(<-[C-]#[O+])(<-[C-]#[O+])(<-[C-]#[O+])<-C(=C->42)[CH-]->5C->6=C->713
WAFXUZ,,C23 H25 N2 O6 Re1,0.0,COc1cc2c(cc1OC)CN(CCCNC(=O)c13->[Re+]456(<-[C-]#[O+])(<-[C-]#[O+])(<-[C-]#[O+])<-c(c->4[cH-]->51)c->63)CC2,COc1cc2c(cc1OC)CN(CCCNC(=O)c13->[Re+]456(<-[C-]#[O+])(<-[C-]#[O+])(<-[C-]#[O+])<-c(c->41)[cH-]->5c->63)CC2,COc1cc2c(cc1OC)CN(CCCNC(=O)c13->[Re+]456(<-[C-]#[O+])(<-[C-]#[O+])(<-[C-]#[O+])<-c(c->41)[cH-]->5c->63)CC2
WAGLUL,,C23 H52 Ir1 O1 P3,0.0,C=[C-]1C=C(C)[O-]->[IrH+2]<-1(<-P(CC)(CC)CC)(<-P(CC)(CC)CC)<-P(CC)(CC)CC,C=[C-]1C=C(C)[O-]->[IrH+2]<-1(<-P(CC)(CC)CC)(<-P(CC)(CC)CC)<-P(CC)(CC)CC,C=[C-]1C=C(C)[O-]->[IrH+2]<-1(<-P(CC)(CC)CC)(<-P(CC)(CC)CC)<-P(CC)(CC)CC
WAHHUJ,,C26 H25 I2 N1 O2 P1 Re1,0.0,[O-2]->[Re+5]1(<-[I-])(<-[I-])(<-Nc2ccccc2CC[O-]->1)<-P(c1ccccc1)(c1ccccc1)c1ccccc1,[O-2]->[Re+5]1(<-[I-])(<-[I-])(<-Nc2ccccc2CC[O-]->1)<-P(c1ccccc1)(c1ccccc1)c1ccccc1,[O-2]->[Re+5]1(<-[I-])(<-[I-])(<-Nc2ccccc2CC[O-]->1)<-P(c1ccccc1)(c1ccccc1)c1ccccc1
WAJCIU,CC(C)(C)CNC1=C/C2=N(\CC(C)(C)C)->[Pd@+2](<-[Cl-])(<-[O-]C2=CC1=O)<-P(c1ccccc1)(c1ccccc1)c1ccccc1,C34 H40 Cl1 N2 O2 P1 Pd1,0.0,CC(C)(C)CNC1=CC2=N(CC(C)(C)C)->[Pd+2](<-[Cl-])(<-[O-]C2=CC1=O)<-P(c1ccccc1)(c1ccccc1)c1ccccc1,CC(C)(C)CNc1cc2[N-](CC(C)(C)C)->[Pd+4](<-[Cl-])(<-[O-]c2cc1[O-])<-P(c1ccccc1)(c1ccccc1)c1ccccc1,CC(C)(C)CNc1cc2[N-](CC(C)(C)C)->[Pd+4](<-[Cl-])(<-[O-]c2cc1[O-])<-P(c1ccccc1)(c1ccccc1)c1ccccc1
WAKNOL,CC12=C->[Cr+2]<-1345678(<-[C-]#[O+])(<-C=C->3(C)[CH-]->42)<-c1(C)c->5(C)c->6(C)[c-]->7(C)c->81C,C18 H26 Cr1 O1,0.0,fail,CC12=C->[Cr+2]<-1345678(<-[C-]#[O+])(<-[CH2-]C->3(C)=C->42)<-c1(C)c->5(C)c->6(C)[c-]->7(C)c->81C,CC12=C->[Cr+2]<-1345678(<-[C-](=O)CC->3(C)=C->42)<-c1(C)c->5(C)c->6(C)[c-]->7(C)c->81C
WAMBUH,,C31 H34 B1 Fe1 N1 O3,0.0,CC1(C)CCCC(C)(C)N1B1O[C-](C)(->[Fe+2]2345(<-[C-]#[O+])(<-[C-]#[O+])<-c6c->2c->3[cH-]->4c->56)C12c1ccccc1-c1ccccc12,CC1(C)CCCC(C)(C)N1B1[O+]=C(C)(->[Fe]2345(<-[C-]#[O+])(<-[C-]#[O+])<-c6c->2c->3[cH-]->4c->56)C12c1ccccc1-c1ccccc12,CC1(C)CCCC(C)(C)N1B1[O+]=C(C)(->[Fe]2345(<-[C-]#[O+])(<-[C-]#[O+])<-c6c->2c->3[cH-]->4c->56)C12c1ccccc1-c1ccccc12
WAMXOY,c1ccc2c(c1)/C1=N/c3ccccn3->[Fe+2]345(<-n6ccccc6/N=C/2[N-]->31)<-n1ccccc1/N=C1/c2ccccc2/C(=N/c2ccccn->42)[N-]->51,C36 H24 Fe1 N10,0.0,c1ccc2c(c1)C1=Nc3ccccn3->[Fe+2]345(<-n6ccccc6N=C2[N-]->31)<-n1ccccc1N=C1c2ccccc2C(=Nc2ccccn->42)[N-]->51,c1ccc2c(c1)C1=Nc3ccccn3->[Fe+2]345(<-n6ccccc6N=C2[N-]->31)<-n1ccccc1N=C1c2ccccc2C(=Nc2ccccn->42)[N-]->51,c1ccc2c(c1)C1=Nc3ccccn3->[Fe+2]345(<-n6ccccc6N=C2[N-]->31)<-n1ccccc1N=C1c2ccccc2C(=Nc2ccccn->42)[N-]->51
WAPJAY,C[b-]12->[Co+]3456(<-[C-]#[O+])(<-C7=C->3C(=O)OC7=O)<-c(c->41)c->5n->62C(C)(C)C,C13 H17 B1 Co1 N1 O4,0.0,CB12->[Co+]3456(<-[C-]#[O+])(<-C7=C->3C(=O)OC7=O)<-C(=C->4N->51C(C)(C)C)[CH-]->62,C[b-]12->[Co+3]3456(<-[C-]#[O+])(<-c(c->31)c->4n->52C(C)(C)C)<-[cH-]1c(=O)oc(=O)[cH-]->61,C[b-]12->[Co+3]3456(<-[C-]#[O+])(<-c(c->31)c->4n->52C(C)(C)C)<-[cH-]1c(=O)oc(=O)[cH-]->61
WAPRAJ,Cc1ccc(-c2nc(-c3ccccn3->[Zn+2](<-[O-][N+](=O)[O-])(<-[O-][N+](=O)[O-])<-n3ccccc3-c3n[nH]c(-c4ccc(C)cc4)n3)n[nH]2)cc1,C28 H24 N10 O6 Zn1,0.0,Cc1ccc(-c2[nH]nc3-c4ccccn4->[Zn+2]4(<-[O-][N+](=O)[O-])(<-[O-][N+](=O)[O-])(<-n5ccccc5-c5n[nH]c(-c6ccc(C)cc6)n->45)<-n32)cc1,Cc1ccc(-c2[nH]nc3-c4ccccn4->[Zn+2]4(<-[O-][N+](=O)[O-])(<-[O-][N+](=O)[O-])(<-n5ccccc5-c5n[nH]c(-c6ccc(C)cc6)n->45)<-n32)cc1,Cc1ccc(-c2nc(-c3ccccn3->[Zn+2]34(<-[O-][N+](=O)[O-]->3)(<-[O-][N+](=O)[O-]->4)<-n3ccccc3-c3n[nH]c(-c4ccc(C)cc4)n3)n[nH]2)cc1
WAQSIR,COC(=O)c1ccc(CN2Cc3ccccn3->[Zn+2](<-[O-][N+](=O)[O-])(<-[O-][N+](=O)[O-])<-n3ccccc3C2)cc1,C21 H21 N5 O8 Zn1,0.0,COC(=O)c1ccc(CN23Cc4ccccn4->[Zn+2]<-2(<-[O-][N+](=O)[O-])(<-[O-][N+](=O)[O-])<-n2ccccc2C3)cc1,COC(=O)c1ccc(CN23Cc4ccccn4->[Zn+2]<-2(<-[O-][N+](=O)[O-])(<-[O-][N+](=O)[O-])<-n2ccccc2C3)cc1,COC(=O)c1ccc(CN23Cc4ccccn4->[Zn+2]<-245(<-[O-][N+](=O)[O-]->4)(<-[O-][N+](=O)[O-]->5)<-n2ccccc2C3)cc1
WARDAV,,C11 H15 N2 O7 V1,0.0,[O-2]->[V+5]123(<-O)(<-O=C(CCCO)NN->1=Cc1ccccc1[O-]->2)<-[O-][O-]->3,[O-2]->[V+5]123(<-O)(<-O=C(CCCO)NN->1=Cc1ccccc1[O-]->2)<-[O-][O-]->3,O.[O-2]->[V+5]123(<-O=C(CCCO)NN->1=Cc1ccccc1[O-]->2)<-[O-][O-]->3
WASCAX,O=C(N/N1=C/c2ccccn2->[Cd+2]<-1(<-[Br-])<-[Br-])c1ccccn1,C12 H10 Br2 Cd1 N4 O1,0.0,[Br-]->[Cd+2]12(<-[Br-])<-O=C(NN->1=Cc1ccccn->21)c1ccccn1,[Br-]->[Cd+2]12(<-[Br-])<-O=C(NN->1=Cc1ccccn->21)c1ccccn1,[Br-]->[Cd+2]12(<-[Br-])<-O=C(NN->1=Cc1ccccn->21)c1ccccn1
WATMOT,C[c+]1[cH+][cH+][c-]2[c+]([cH+]1)[CH+][N-]1->[Ni@SP1+2]34<-[N-]([CH+][C-]5[CH-][C-](C)[CH-][CH+][C+]5[N-]->3CC[N-]->42)[C+]2[CH-][C-](O)[C-](O)[CH-][C+]21,C24 H22 N4 Ni1 O2,0.0,Cc1ccc2c(c1)C=N1->[Ni+2]34<-N(=Cc5cc(C)ccc5[N-]->3CC[N-]->42)c2cc(O)c(O)cc21,Cc1ccc2c(c1)=CN1->[Ni]34<-N(=c5cc(O)c(O)cc5=1)C=c1cc(C)ccc1=N->3CCN->4=2,Cc1ccc2c(c1)=CN1->[Ni]34<-N(=c5cc(O)c(O)cc5=1)C=c1cc(C)ccc1=N->3CCN->4=2
WAVJOT,c1ccc(P23CCP(c4ccccc4)(c4ccccc4)->[Ni+2]<-24(<-[CH2-]c->42ccccc2)<-P(CC3)(c2ccccc2)c2ccccc2)cc1,C41 H40 Ni1 P3 1+,1.0,fail,c1ccc(P23CCP(c4ccccc4)(c4ccccc4)->[Ni+2]<-24(<-[CH2-]c->42ccccc2)<-P(CC3)(c2ccccc2)c2ccccc2)cc1,c1ccc(P23CCP(c4ccccc4)(c4ccccc4)->[Ni+2]<-24(<-[CH2-]c->42ccccc2)<-P(CC3)(c2ccccc2)c2ccccc2)cc1
WAWGEG,,C18 H34 N1 O1 P1 W1,0.0,fail,CC(C)(C)[CH2-]->[W+2]12345(<-C=C->16C->2(C)=C->3(C)C->4(C)=C->56C)(<-[N-]=O)<-P(C)(C)C,CC(C)(C)[CH2-]->[W+2]12345(<-C=C->16C->2(C)=C->3(C)C->4(C)=C->56C)(<-[N-]=O)<-P(C)(C)C
WAWTOD,[Cl-]->[Ti+4]1(<-[Cl-])(<-[Cl-])(<-[Cl-])<-O=C(C(=O->1)c1ccccc1)c1ccccc1,C14 H10 Cl4 O2 Ti1,0.0,[Cl-]->[Ti+4]1(<-[Cl-])(<-[Cl-])(<-[Cl-])<-O=C(C(=O->1)c1ccccc1)c1ccccc1,[Cl-]->[Ti+6]1(<-[Cl-])(<-[Cl-])(<-[Cl-])<-[O-]C(=C([O-]->1)c1ccccc1)c1ccccc1,[Cl-]->[Ti+6]1(<-[Cl-])(<-[Cl-])(<-[Cl-])<-[O-]C(=C([O-]->1)c1ccccc1)c1ccccc1
WAYCOO,C/[C-]1=[C-](\C)->[Re+7]<-123(<-[O-][Si](C)(C)C)(<-[C-](/C)=[C-]->2/C)<-[C-](/C)=[C-]->3/C,C15 H27 O1 Re1 Si1,0.0,CC1#C(C)->[Re+]<-123(<-[O-][Si](C)(C)C)(<-C(C)#C->2C)<-C(C)#C->3C,CC1#C(C)->[Re+]<-123(<-[O-][Si](C)(C)C)(<-C(C)#C->2C)<-C(C)#C->3C,CC1#C(C)->[Re+]<-123(<-[O-][Si](C)(C)C)(<-C(C)#C->2C)<-C(C)#C->3C
WAYMAK,Cc1cc(-c2ccccc2)n2->[Rh+]3(<-[C-]#[O+])(<-[C-]#[O+])<-n4c(-c5ccccc5)cc(C)n4[BH-](n12)n1c(C)cc(-c2ccccc2)n->31,C32 H28 B1 N6 O2 Rh1,0.0,fail,Cc1cc(-c2ccccc2)nn1[BH-]1n2c(C)cc(-c3ccccc3)n2->[Rh+](<-[C-]#[O+])(<-[C-]#[O+])<-n2c(-c3ccccc3)cc(C)n21,Cc1cc(-c2ccccc2)n2->[Rh+]3(<-[C-]#[O+])(<-[C-]#[O+])<-n4c(-c5ccccc5)cc(C)n4[BH-](n12)n1c(C)cc(-c2ccccc2)n->31
WEBGUF,C/C1=C(\C)[N-](O)->[Co+3]2(<-[CH-](C)C#N)(<-N1=O)(<-N(=O)/C(C)=C(/C)[N-]->2O)<-N1CCCC1,C15 H27 Co1 N6 O4,0.0,CC1C(C)=N(O)->[Co+]2(<-[CH-](C)C#N)(<-N=1[O])(<-N([O])=C(C)C(C)=N->2O)<-N1CCCC1,CC1=C(C)[N-](O)->[Co+3]2(<-[CH-](C)C#N)(<-N1=O)(<-N(=O)C(C)=C(C)[N-]->2O)<-N1CCCC1,CC1=C(C)[N-](O)->[Co+3]2(<-[CH-](C)C#N)(<-N1=O)(<-N(=O)C(C)=C(C)[N-]->2O)<-N1CCCC1
WECNOH,,C16 H33 Ir1 O2 P3 1+,1.0,fail,CP(C)(C)->[IrH+2]1(<-O=C([O-]->1)c1ccccc1)(<-P(C)(C)C)<-P(C)(C)C,CP(C)(C)->[IrH+2]12(<-O=C->1([O-]->2)c1ccccc1)(<-P(C)(C)C)<-P(C)(C)C
WEDJEU,,C12 H20 Cl2 Pt1,0.0,CCC12->[Pt+2]34(<-[Cl-])(<-[Cl-])<-C=1(CC)C->3(CC)=C->42CC,CCC12->[Pt+2]34(<-[Cl-])(<-[Cl-])<-C=1(CC)C->3(CC)=C->42CC,CCC12->[Pt+2]34(<-[Cl-])(<-[Cl-])<-C=1(CC)C->3(CC)=C->42CC
WEDXOS,CC(C)(C)P1(CC[c-]23->[Co+3]<-14567(<-[C-](=O)/C(c1ccccc1)=[C-]->4/c1ccccc1)<-c(c->5c->62)c->73)C(C)(C)C,C30 H36 Co1 O1 P1,0.0,CC(C)(C)P1(CCc23->[Co+3]<-14567(<-[C-](=O)C(c1ccccc1)=[C-]->4c1ccccc1)<-c(c->5[cH-]->62)c->73)C(C)(C)C,CC(C)(C)P1(CC[c-]23->[Co+]<-14567(<-[C](C(c1ccccc1)=C->4=O)c1ccccc1)<-c(c->5c->62)c->73)C(C)(C)C,CC(C)(C)P1(CC[c-]23->[Co+]<-14567(<-[C](C(c1ccccc1)=C->4=O)c1ccccc1)<-c(c->5c->62)c->73)C(C)(C)C
WEGTUY,,C10 H18 Cl2 N2 O6 Pd1,0.0,O=C(O)CON1C2CCCCC2N(OCC(=O)O)->[Pd+2]<-1(<-[Cl-])<-[Cl-],O=C([O-])CON1C2CCCCC2N(OCC(=O)[O-])->[Pd+4]<-1(<-[Cl-])<-[Cl-],O=C=O.[O-][C-](O)CO[N-]1->[Pd+4]2(<-[Cl-])(<-[Cl-])<-C=[O+]N->2C2CCCCC21
WEHNAZ,C[CH2-]->[Zn+2]1<-N(=[S@](\N=C(\C)[N-]->1c1c(C(C)C)cccc1C(C)C)c1ccccc1)/C(C)(C)C,C26 H39 N3 S1 Zn1,0.0,C[CH2-]->[Zn+2]1<-N(=C(C)N=S(c2ccccc2)[N-]->1C(C)(C)C)c1c(C(C)C)cccc1C(C)C,C[CH2-]->[Zn+2]1<-N(=S(N=C(C)[N-]->1c1c(C(C)C)cccc1C(C)C)c1ccccc1)C(C)(C)C,C[CH2-]->[Zn+2]1<-N(=S(N=C(C)[N-]->1c1c(C(C)C)cccc1C(C)C)c1ccccc1)C(C)(C)C
WEHXAI,Fc1c(F)c(F)[c-](->[Pt+2](<-[c-]2c(F)c(F)c(F)c(F)c2F)(<-[c-]2c(F)c(F)c(F)c(F)c2F)<-P(c2ccccc2)(c2ccccc2)c2ccccc2)c(F)c1F,C36 H15 F15 P1 Pt1 1-,-1.0,Fc1c(F)c(F)[c-](->[Pt+2](<-[c-]2c(F)c(F)c(F)c(F)c2F)(<-[c-]2c(F)c(F)c([F+])c(F)c2F)<-P(c2ccccc2)(c2ccccc2)c2ccccc2)c(F)c1F,Fc1c(F)c(F)[c-](->[Pt+2](<-[c-]2c(F)c(F)c(F)c(F)c2F)(<-[c-]2c(F)c(F)c(F)c(F)c2F)<-P(c2ccccc2)(c2ccccc2)c2ccccc2)c(F)c1F,Fc1c(F)c(F)[c-](->[Pt+2](<-[c-]2c(F)c(F)c(F)c(F)c2F)(<-[c-]2c(F)c(F)c(F)c(F)c2F)<-P(c2ccccc2)(c2ccccc2)c2ccccc2)c(F)c1F
WEJMOQ,,C27 H20 F4 Ir1 N3 O2,0.0,O=C1[O-]->[Ir+3]23(<-[c-]4cc(F)cc(F)c4-c4ccccn->24)(<-[c-]2cc(F)cc(F)c2-c2ccccn->32)<-N2CCCC12,O=C1[O-]->[Ir+3]23(<-[c-]4cc(F)cc(F)c4-c4ccccn->24)(<-[c-]2cc(F)cc(F)c2-c2ccccn->32)<-N2CCCC12,O=C1[O-]->[Ir+3]23(<-[c-]4cc(F)cc(F)c4-c4ccccn->24)(<-[c-]2cc(F)cc(F)c2-c2ccccn->32)<-N2CCCC12
WEKYOA,,C16 H14 O3 W1,0.0,CO[C-2]1c2ccccc2[CH2-]->[W+4]<-12345(<-[C-]#[O+])(<-[C-]#[O+])<-c1c->2c->3[cH-]->4c->51,CO[C-]1=c2ccccc2=C->[W+2]<-12345(<-[C-]#[O+])(<-[C-]#[O+])<-c1c->2c->3[cH-]->4c->51,CO[C-]1=c2ccccc2=C[C-](=O)->[WH+3]<-12345(<-[C-]#[O+])<-c1c->2c->3[cH-]->4c->51
WELJUT,,C24 H32 Cl1 Ir1 N2,0.0,CC1(C)[CH2-]->[Ir+3]2345(<-[Cl-])(<-[C]6N(Cc7ccccc7)C=CN61)<-c1(C)c->2(C)c->3(C)[c-]->4(C)c->51C,CC1(C)[CH2-]->[Ir+3]2345(<-[Cl-])(<-[c-]6n1cc[n+]6Cc1ccccc1)<-c1(C)c->2(C)c->3(C)[c-]->4(C)c->51C,CC1(C)[CH2-]->[Ir+3]2345(<-[Cl-])(<-[c-]6n1cc[n+]6Cc1ccccc1)<-c1(C)c->2(C)c->3(C)[c-]->4(C)c->51C
WELWOZ,N#C/C1[S-]->[Pt+2]2(<-[S-]\C=1C#N)<-[P@TB8](c1ccccc1)(c1ccccc1)c1ccccc1[P@TB19]->2(c1ccccc1)c1ccccc1,C34 H24 N2 P2 Pt1 S2,0.0,N#CC1[S-]->[Pt+2]2(<-[S-]C=1C#N)<-P(c1ccccc1)(c1ccccc1)c1ccccc1P->2(c1ccccc1)c1ccccc1,N#CC1[S-]->[Pt+2]2(<-[S-]C=1C#N)<-P(c1ccccc1)(c1ccccc1)c1ccccc1P->2(c1ccccc1)c1ccccc1,N#CC1[S-]->[Pt+2]2(<-[S-]C=1C#N)<-P(c1ccccc1)(c1ccccc1)c1ccccc1P->2(c1ccccc1)c1ccccc1
WEMWIW,,C22 H36 F2 Fe1 N1 P3,0.0,CP(C)(C)->[FeH+]1(<-N=C(c2c(F)cccc2F)c2cccc[c-]->12)(<-P(C)(C)C)<-P(C)(C)C,CP(C)(C)->[FeH+]1(<-N=C(c2c(F)cccc2F)c2cccc[c-]->12)(<-P(C)(C)C)<-P(C)(C)C,CP(C)(C)->[FeH+]1(<-N=C(c2c(F)cccc2F)c2cccc[c-]->12)(<-P(C)(C)C)<-P(C)(C)C
WENPIR,[O+]#[C-]->[Mn+](<-[C-]#[O+])(<-[C-]#[O+])(<-[C-]#[O+])(<-[SiH-](c1ccccc1)c1ccccc1)<-P(c1ccccc1)(c1ccccc1)c1ccccc1,C34 H26 Mn1 O4 P1 Si1,0.0,[O+]#[C-]->[Mn+](<-[C-]#[O+])(<-[C-]#[O+])(<-[C-]#[O+])(<-[SiH-](c1ccccc1)c1ccccc1)<-P(c1ccccc1)(c1ccccc1)c1ccccc1,[O+]#[C-]->[Mn+](<-[C-]#[O+])(<-[C-]#[O+])(<-[C-]#[O+])(<-[SiH-](c1ccccc1)c1ccccc1)<-P(c1ccccc1)(c1ccccc1)c1ccccc1,[O+]#[C-]->[Mn+](<-[C-]#[O+])(<-[C-]#[O+])(<-[C-]#[O+])(<-[SiH-](c1ccccc1)c1ccccc1)<-P(c1ccccc1)(c1ccccc1)c1ccccc1
WENZUM,,C36 H46 O2 Zr1,0.0,Cc1ccc(C)c23->[Zr+4]456789%10%11%12(<-[C-]#[O+])(<-[O-][CH-]->4CC(C)[c-]->54c->6c->7(C(C)C)c->85c(C)ccc(C)c->954)<-[cH-](c->%10(C(C)C)c->%1112)c->%123C(C)C,Cc1ccc(C)c23->[Zr+2]456789%10%11%12(<-[C-]#[O+])(<-O=C->4CC(C)[c-]->54c->6c->7(C(C)C)c->85c(C)ccc(C)c->954)<-c(c->%10(C(C)C)c->%1112)[c-]->%123C(C)C,Cc1ccc(C)c23->[Zr+4]456789%10%11%12(<-[O-]C(CC(C)[c-]->4%13c->5c->6(C(C)C)c->74c(C)ccc(C)c->84%13)[C-]->9=O)<-c(c->%10(C(C)C)c->%1112)[c-]->%123C(C)C
WEPJEI,CC/C1=C2/C3=C(/C(=O)N(C)C)->[Ru]<-1<-2<-3456(<-C1=C->4/CC/C->5=C->6\CC\1)<-[P@TB5](c1ccccc1)(c1ccccc1)c1ccccc1,C35 H42 N1 O1 P1 Ru1,0.0,CCC1=C2C3=C(C(=O)N(C)C)->[Ru]<-1<-2<-3456(<-C1=C->4CCC->5=C->6CC1)<-P(c1ccccc1)(c1ccccc1)c1ccccc1,CCC1=C2C3=C(C(=O)N(C)C)->[Ru]<-1<-2<-3456(<-C1=C->4CCC->5=C->6CC1)<-P(c1ccccc1)(c1ccccc1)c1ccccc1,CC[CH-]1C2=C3[CH-](C(=O)N(C)C)->[Ru+2]<-2<-3<-1456(<-C1=C->4CCC->5=C->6CC1)<-P(c1ccccc1)(c1ccccc1)c1ccccc1
WEPVOF,,C24 H22 N4 Ni1 O5,0.0,NC(=O)CCC1C(=O)[O-]->[Ni+2]23(<-O)(<-[O-]c4ccccc4C=N->21)<-n1cccc2ccc4cccn->3c4c21,NC(=O)CCC1C(=O)[O-]->[Ni+2]23(<-O)(<-[O-]c4ccccc4C=N->21)<-n1cccc2ccc4cccn->3c4c21,NC(=O)CCC1C(=O)[O-]->[Ni+2]23(<-[O-]c4ccccc4C=N->21)<-n1cccc2ccc4cccn->3c4c21.O
WEQHIL,,C35 H24 B1 F10 Rh1 S1,0.0,Fc1c(F)c(F)c([B-]2(CS(c3ccccc3)->[Rh+]3456(<-C(c7ccccc7)#C->32)<-C2=C->4CCC->5=C->6CC2)c2c(F)c(F)c(F)c(F)c2F)c(F)c1F,Fc1c(F)c(F)c([B-]2(CS(c3ccccc3)->[Rh+]3456(<-C(c7ccccc7)#C->32)<-C2=C->4CCC->5=C->6CC2)c2c(F)c(F)c(F)c(F)c2F)c(F)c1F,Fc1c(F)c(F)c([B-]2(CS(c3ccccc3)->[Rh+]3456(<-C(c7ccccc7)#C->32)<-C2=C->4CCC->5=C->6CC2)c2c(F)c(F)c(F)c(F)c2F)c(F)c1F
WERJIM,CCOC(=S)[S-]->[Hg+2]<-[c-]1ccccc1,C9 H10 Hg1 O1 S2,0.0,CCOC(=S)[S-]->[Hg+2]<-[c-]1ccccc1,CCOC(=S)[S-]->[Hg+2]<-[c-]1ccccc1,CCOC(=S)[S-]->[Hg+2]<-[c-]1ccccc1
WETGOR,,C29 H21 Cr1 N1 O7,0.0,CCO[C-2](C=C(c1ccccc1)N(C(=O)c1ccccc1)c1ccccc1)->[Cr+2](<-[C-]#[O+])(<-[C-]#[O+])(<-[C-]#[O+])(<-[C-]#[O+])<-[C-]#[O+],CCO[C](C=C(c1ccccc1)N(C(=O)c1ccccc1)c1ccccc1)->[Cr](<-[C-]#[O+])(<-[C-]#[O+])(<-[C-]#[O+])(<-[C-]#[O+])<-[C-]#[O+],CCO[C](C=C(c1ccccc1)N(C(=O)c1ccccc1)c1ccccc1)->[Cr](<-[C-]#[O+])(<-[C-]#[O+])(<-[C-]#[O+])(<-[C-]#[O+])<-[C-]#[O+]
WETMOX,,C8 H14 I2 O2 S3 W1,0.0,CS1CCS2CCS(C)->[W+2]<-1<-2(<-[I-])(<-[I-])(<-[C-]#[O+])<-[C-]#[O+],CS1CCS2CCS(C)->[W+2]<-1<-2(<-[I-])(<-[I-])(<-[C-]#[O+])<-[C-]#[O+],CS1CCS2CCS(C)->[W+4]<-1<-23(<-[I-])(<-[I-])<-[C-](=O)[C-]->3=O
WEWROG,O=c1n2c3ccc2c(-c2c(F)c(F)c(F)c(F)c2F)c2ccc(c4ccc5c(-c6c(F)c(F)c(F)c(F)c6F)c6n(->[Rh+](<-[C-]#[O+])(<-[C-]#[O+])<-[n-]54)c(c3-c3c(F)c(F)c(F)c(F)c3F)C=C6)n12,C40 H8 F15 N4 O3 Rh1,0.0,O=c1n2c3ccc2c(-c2c(F)c(F)c(F)c(F)c2F)c2ccc(c4ccc5c(-c6c(F)c(F)c(F)c(F)c6F)c6n(->[Rh+](<-[C-]#[O+])(<-[C-]#[O+])<-[n-]54)c(c3-c3c(F)c(F)c(F)c(F)c3F)C=C6)n12,O=c1n2c3ccc2c(-c2c(F)c(F)c(F)c(F)c2F)c2ccc4c(-c5c(F)c(F)c(F)c(F)c5F)c5n(->[Rh+](<-[C-]#[O+])(<-[C-]#[O+])<-[n-]42)c(c2ccc(c3-c3c(F)c(F)c(F)c(F)c3F)n12)C=C5,O=c12->[Rh+]3(<-[C-]#[O+])(<-[C-]#[O+])<-n4c5c(-c6c(F)c(F)c(F)c(F)c6F)c6ccc(c(-c7c(F)c(F)c(F)c(F)c7F)c7ccc(c(-c8c(F)c(F)c(F)c(F)c8F)c8ccc(c4C=C5)n81)n72)[n-]->36
WEXMOC,CO[C-]([O-])[C@@H]1CCS#C(->[Cr+2](<-[C-]#[O+])(<-[C-]#[O+])(<-[C-]#[O+])(<-[C-]#[O+])<-[C-]#[O+])/C=C(/c2ccccc2)N1,C19 H15 Cr1 N1 O7 S1,0.0,COC(=O)C1CCS[C-2](->[Cr+2](<-[C-]#[O+])(<-[C-]#[O+])(<-[C-]#[O+])(<-[C-]#[O+])<-[C-]#[O+])C=C(c2ccccc2)N1,COC(=O)C1CCS#C(->[Cr](<-[C-]#[O+])(<-[C-]#[O+])(<-[C-]#[O+])(<-[C-]#[O+])<-[C-]#[O+])C=C(c2ccccc2)N1,COC(=O)C1CCS#C(->[Cr](<-[C-]#[O+])(<-[C-]#[O+])(<-[C-]#[O+])(<-[C-]#[O+])<-[C-]#[O+])C=C(c2ccccc2)N1
WEYTEA,C[N-](C)->[Ti+4](<-[N-](C)C)(<-[n-]1cccc1-c1cc(C(F)(F)F)cc(C(F)(F)F)c1)<-[n-]1cccc1-c1cc(C(F)(F)F)cc(C(F)(F)F)c1,C28 H24 F12 N4 Ti1,0.0,C[N-](C)->[Ti+4](<-[N-](C)C)(<-[n-]1cccc1-c1cc(C(F)(F)F)cc(C(F)(F)F)c1)<-[n-]1cccc1-c1cc(C(F)(F)F)cc(C(F)(F)F)c1,C[N-](C)->[Ti+4](<-[N-](C)C)(<-[n-]1cccc1-c1cc(C(F)(F)F)cc(C(F)(F)F)c1)<-[n-]1cccc1-c1cc(C(F)(F)F)cc(C(F)(F)F)c1,C[N-](C)->[Ti+4]1(<-c2c(-c3ccc[n-]->13)cc(C(F)(F)F)cc2C(F)(F)F)(<-[N-](C)C)<-[n-]1cccc1-c1cc(C(F)(F)F)cc(C(F)(F)F)c1
WEZXAA,C[C+]1[CH+][CH+][CH-][CH-][C+]1[N-]1[C+]2(C)[C-]3(C)[N-]([C-]4[CH-][CH+][CH-][CH-][C+]4C)->[Ti+4]<-1<-2<-3456<-[N-]([C+]1[CH-][CH-][CH+][CH+][C+]1C)[C+]->4(C)[C-]->5(C)[N-]->6[C-]1[CH-][CH+][CH-][CH-][C+]1C,C36 H40 N4 Ti1,0.0,Cc1ccccc1N1C2(C)=C3(C)N(c4ccccc4C)->[Ti]<-1<-2<-3456<-N(c1ccccc1C)C->4(C)=C->5(C)N->6c1ccccc1C,CC1C(C)=N(c2ccccc2C)->[Ti]2(<-N=1c1ccccc1C)<-N(=C(C)C(C)=N->2c1ccccc1C)c1ccccc1C,CC1C(C)=N(c2ccccc2C)->[Ti]2(<-N=1c1ccccc1C)<-N(=C(C)C(C)=N->2c1ccccc1C)c1ccccc1C
WIBTIL,C/C(=N/c1ccccc1)[O-]->[Ti+4]123456(<-[O-]/C(C)=N->1/c1ccccc1)(<-[O-]/C(C)=N->2/c1ccccc1)<-c1(C)c->3(C)c->4(C)[c-]->5(C)c->61C,C34 H39 N3 O3 Ti1,0.0,fail,CC(=Nc1ccccc1)[O-]->[Ti+4]123456(<-[O-]C(C)=N->1c1ccccc1)(<-[O-]C(C)=N->2c1ccccc1)<-c1(C)c->3(C)c->4(C)[c-]->5(C)c->61C,CC(=Nc1ccccc1)[O-]->[Ti+4]123456(<-[O-]C(C)=N->1c1ccccc1)(<-[O-]C(C)=N->2c1ccccc1)<-c1(C)c->3(C)c->4(C)[c-]->5(C)c->61C
WICRIJ,c1ccc2c3/N4=N/C(=S->[Zn+2]<-456(<-[O-]c3[nH]c2c1)<-[O-]c1[nH]c2ccccc2c1/N->5=N/C(=S->6)N1CCCCCC1)N1CCCCCC1,C30 H34 N8 O2 S2 Zn1,0.0,c1ccc2c(c1)NC1=O->[Zn+2]345(<-O=C6Nc7ccccc7C6=N->3N=C([S-]->4)N3CCCCCC3)<-[S-]C(=NN->5=C12)N1CCCCCC1,O=C1Nc2ccccc2C1=N1N=C([S-]->[Zn+2]<-12<-[S-]C(=NN->2=C1C(=O)Nc2ccccc21)N1CCCCCC1)N1CCCCCC1,c1ccc2c3N4=NC(=S->[Zn+2]<-456(<-[O-]c3[nH]c2c1)<-[O-]c1[nH]c2ccccc2c1N->5=NC(=S->6)N1CCCCCC1)N1CCCCCC1
WIDJEZ,C/C1[S-]->[W+4]2(<-[S-]/C=1C)(<-[S-]/C(C)=C(\C)[S-]->2)<-[Se-]C(C)(C)C,C12 H21 S4 Se1 W1 1-,-1.0,CC1[S-]->[W+4]2(<-[S-]C=1C)(<-[S-]C(C)=C(C)[S-]->2)<-[Se-]C(C)(C)C,CC1=S->[W]2(<-S=C1C)(<-S=C(C)C(C)=S->2)<-[Se-]C(C)(C)C,CC1=S->[W]2(<-S=C1C)(<-S=C(C)C(C)=S->2)<-[Se-]C(C)(C)C
WIDVOV,CS(C)(=O)->[Ru+2]1(<-[Cl-])(<-[Cl-])(<-n2ccccc2Nc2ccccn->12)<-S(C)(C)=O,C14 H21 Cl2 N3 O2 Ru1 S2,0.0,CS(C)(=O)->[Ru+2]1(<-[Cl-])(<-[Cl-])(<-n2ccccc2Nc2ccccn->12)<-S(C)(C)=O,CS(C)(=O)->[Ru+2]1(<-[Cl-])(<-[Cl-])(<-n2ccccc2Nc2ccccn->12)<-S(C)(C)=O,CS(C)(=O)->[Ru+2]1(<-[Cl-])(<-[Cl-])(<-n2ccccc2Nc2ccccn->12)<-S(C)(C)=O
WIGFUN,CP(C)(C)->[W+6]1(<-[Se-2])(<-[Se-2])(<-[O-][CH-]->1c1ccccc1)<-P(C)(C)C,C13 H24 O1 P2 Se2 W1,0.0,CP(C)(C)->[W+6]1(<-[Se-2])(<-[Se-2])(<-[O-][CH-]->1c1ccccc1)<-P(C)(C)C,CP(C)(C)->[W+6]1(<-[Se-2])(<-[Se-2])(<-[O-][CH-]->1c1ccccc1)<-P(C)(C)C,CP(C)(C)->[W+6]1(<-[Se-2])(<-[Se-2])(<-[O-][CH-]->1c1ccccc1)<-P(C)(C)C
WIHLOQ,Cc1cc(C)n2->[Ir+3]34(<-[Cl-])(<-O=C5C=CC=C/C5=[C-]->3\C)<-n3c(C)cc(C)n3[BH-](n12)n1c(C)cc(C)n->41,C23 H29 B1 Cl1 Ir1 N6 O1,0.0,Cc1cc(C)[n-]2->[Ir+5]34(<-[Cl-])(<-[O-]c5ccccc5[C-2]->3C)<-[n-]3c(C)cc(C)[n+]3[BH-]([n+]12)[n+]1c(C)cc(C)[n-]->41,Cc1cc(C)n2->[Ir+3]34(<-[Cl-])(<-O=C5C=CC=CC5=[C-]->3C)<-n3c(C)cc(C)n3[BH-](n12)n1c(C)cc(C)n->41,Cc1cc(C)n2->[Ir+3]34(<-[Cl-])(<-O=C5C=CC=CC5=[C-]->3C)<-n3c(C)cc(C)n3[BH-](n12)n1c(C)cc(C)n->41
WIJGAY,[Cl-]->[Hg+2](<-[Cl-])<-n1ccccc1CSc1cccc2cccnc12,C15 H12 Cl2 Hg1 N2 S1,0.0,[Cl-]->[Hg+2]12(<-[Cl-])<-n3ccccc3CS->1c1cccc3cccn->2c13,[Cl-]->[Hg+2]12(<-[Cl-])<-n3ccccc3CS->1c1cccc3cccn->2c13,[Cl-]->[Hg+2]<-[Cl-].c1ccc(CSc2cccc3cccnc23)nc1
WIJLAE,S=C=[N-]->[Fe+2]12(<-[N-]=C=S)(<-n3ccccc3-c3oc(-c4ccccn4)nn->13)<-n1ccccc1-c1oc(-c3ccccn3)nn->21,C26 H16 Fe1 N10 O2 S2,0.0,S=C=[N-]->[Fe+2]12(<-[N-]=C=S)(<-n3ccccc3-c3oc(-c4ccccn4)nn->13)<-n1ccccc1-c1oc(-c3ccccn3)nn->21,S=C=[N-]->[Fe+2]12(<-[N-]=C=S)(<-n3ccccc3-c3oc(-c4ccccn4)nn->13)<-n1ccccc1-c1oc(-c3ccccn3)nn->21,S=C=[N-]->[Fe+2]12(<-[N-]=C=S)(<-n3ccccc3-c3oc(-c4ccccn4)nn->13)<-n1ccccc1-c1oc(-c3ccccn3)nn->21
WIJXOC,NC(N)=S->[Zn+2](<-[O-]C(=O)C(Cl)(Cl)Cl)(<-[O-]C(=O)C(Cl)(Cl)Cl)<-S=C(N)N,C6 H8 Cl6 N4 O4 S2 Zn1,0.0,NC(N)=S->[Zn+2](<-[O-]C(=O)C(Cl)(Cl)Cl)(<-[O-]C(=O)C(Cl)(Cl)Cl)<-S=C(N)N,NC(N)=S->[Zn+2](<-[O-]C(=O)C(Cl)(Cl)Cl)(<-[O-]C(=O)C(Cl)(Cl)Cl)<-S=C(N)N,NC(N)=S->[Zn+2]1234(<-O=C->1([O-]->2)C(Cl)(Cl)Cl)(<-O=C->3([O-]->4)C(Cl)(Cl)Cl)<-S=C(N)N
WIKQOZ,[Br-]->[Cd@OH14+2]1(<-[Br-])<-n2ccccc2/C(=N/N=C(C(=N/N=C(\c2ccccc2)c2ccccn->12)\c1ccccc1)/c1ccccc1)c1ccccc1,C38 H28 Br2 Cd1 N6,0.0,[Br-]->[Cd+2]123(<-[Br-])<-N(N=C(C(=NN->1=C(c1ccccc1)c1ccccn->21)c1ccccc1)c1ccccc1)=C(c1ccccc1)c1ccccn->31,[Br-]->[Cd+2]123(<-[Br-])<-N(N=C(C(=NN->1=C(c1ccccc1)c1ccccn->21)c1ccccc1)c1ccccc1)=C(c1ccccc1)c1ccccn->31,[Br-]->[Cd+2]1(<-[Br-])<-n2ccccc2C(=NN=C(C(=NN=C(c2ccccc2)c2ccccn->12)c1ccccc1)c1ccccc1)c1ccccc1
WILKUA,Cc1ccc2c(Cl)cc(Cl)c3[O-]->[Pt@+2](<-[Cl-])(<-n1c32)<-S(C)(C)=O,C12 H12 Cl3 N1 O2 Pt1 S1,0.0,Cc1ccc2c(Cl)cc(Cl)c3[O-]->[Pt+2](<-[Cl-])(<-n1c32)<-S(C)(C)=O,Cc1ccc2c(Cl)cc(Cl)c3[O-]->[Pt+2](<-[Cl-])(<-n1c32)<-S(C)(C)=O,Cc1ccc2c(Cl)cc(Cl)c3[O-]->[Pt+2](<-[Cl-])(<-n1c32)<-S(C)(C)=O
WIMVEU,CCC1(CC)C(=O)[N-]2->[Mn+5]34(<-[O-2])<-[N-](C(=O)C2(C)C)c2ccccc2[N-]->3C(=O)C(C)(C)[N-]->4C1=O,C21 H26 Mn1 N4 O5 1-,-1.0,CCC1(CC)C(=O)[N-]2->[Mn+5]34(<-[O-2])<-[N-](C(=O)C2(C)C)c2ccccc2[N-]->3C(=O)C(C)(C)[N-]->4C1=O,CCC1(CC)C(=O)[N-]2->[Mn+5]34(<-[O-2])<-[N-](C(=O)C2(C)C)c2ccccc2[N-]->3C(=O)C(C)(C)[N-]->4C1=O,CCC1(CC)C(=O)[N-]2->[Mn+5]34(<-[O-2])<-[N-](C(=O)C2(C)C)c2ccccc2[N-]->3C(=O)C(C)(C)[N-]->4C1=O
WIPJUD,c1ccc([P@TB3](c2ccccc2)(c2ccccc2)->[Pd@OH2+2]23<-[O-]c4ccccc4[N-]->2[P+](c2ccccc2)(c2ccccc2)c2cccc[c-]->32)cc1,C42 H33 N1 O1 P2 Pd1,0.0,c1ccc(P2(c3ccccc3)c3cccc[c-]3->[Pd+2]3(<-[O-]c4ccccc4N->3=2)<-P(c2ccccc2)(c2ccccc2)c2ccccc2)cc1,c1ccc(P(c2ccccc2)(c2ccccc2)->[Pd+2]23<-[O-]c4ccccc4[N-]->2[P+](c2ccccc2)(c2ccccc2)c2cccc[c-]->32)cc1,c1ccc(P(c2ccccc2)(c2ccccc2)->[Pd+2]23<-[O-]c4ccccc4[N-]->2[P+](c2ccccc2)(c2ccccc2)c2cccc[c-]->32)cc1
WIQGAG,CCOc1cccc2/C=N3/N=C(\[O-]->[Mo+6]<-3(<-[O-2])(<-[O-2])(<-[O-]c21)<-OCC)c1ccc(O)cc1,C18 H20 Mo1 N2 O7,0.0,CCOc1cccc2C=N3N=C([O-]->[Mo+6]<-3(<-[O-2])(<-[O-2])(<-[O-]c21)<-OCC)c1ccc(O)cc1,CCOc1cccc2C=N3N=C([O-]->[Mo+6]<-3(<-[O-2])(<-[O-2])(<-[O-]c21)<-OCC)c1ccc(O)cc1,CCO.CCOc1cccc2c1[O-]->[Mo+6]1(<-[O-2])(<-[O-2])<-[O-]C(c3ccc(O)cc3)=NN->1=C2
WIRVUR,CC(C)c1cccc(C(C)C)c1[N-2]->[W+6]1(<-[Cl-])(<-[Cl-])(<-[N-2]C(C)(C)C)<-O(C)CCO->1C,C20 H36 Cl2 N2 O2 W1,0.0,CC(C)c1cccc(C(C)C)c1[N-2]->[W+6]1(<-[Cl-])(<-[Cl-])(<-[N-2]C(C)(C)C)<-O(C)CCO->1C,CC(C)c1cccc(C(C)C)c1[N-2]->[W+6]1(<-[Cl-])(<-[Cl-])(<-[N-2]C(C)(C)C)<-O(C)CCO->1C,CC(C)c1cccc(C(C)C)c1[N-2]->[W+6]1(<-[Cl-])(<-[Cl-])(<-[N-2]C(C)(C)C)<-O(C)CCO->1C
WISNOD,C=C(C)C(=O)Nc1ccccc1C1=O->[Zn+2]23(<-O=C([O-]->2)c2ccccc2NC(=O)C(=C)C)(<-[O-]1)<-n1cccc2ccc4cccn->3c4c21,C34 H28 N4 O6 Zn1,0.0,fail,C=C(C)C(=O)Nc1ccccc1C1=O->[Zn+2]23(<-O=C([O-]->2)c2ccccc2NC(=O)C(=C)C)(<-[O-]1)<-n1cccc2ccc4cccn->3c4c21,C=C(C)C(=O)Nc1ccccc1C12=O->[Zn+2]<-1345(<-O=C->3([O-]->4)c1ccccc1NC(=O)C(=C)C)(<-[O-]2)<-n1cccc2ccc3cccn->5c3c21
WITZEE,,C10 H31 B1 Mo1 N1 O2 P3,0.0,[BH3-][H]->[Mo+2](<-[C-]#[O+])(<-[N-]=O)(<-P(C)(C)C)(<-P(C)(C)C)<-P(C)(C)C,CP(C)(C)->[Mo+2](<-[C-]#[O+])(<-[N-]=O)(<-P(C)(C)C)<-P(C)(C)C.[BH4-],B.CP(C)(C)->[MoH+](<-[C-]#[O+])(<-[N-]=O)(<-P(C)(C)C)<-P(C)(C)C
WIVVUS,Cc12->[Re+3]345(<-[Cl-])(<-[C-]#[O+])(<-[C-]#[O+])(<-[c-]6cc(Cl)c(Cl)c(Cl)c6Cl)<-c1(C)c->3(C)[c-]->4(C)c->52C,C18 H16 Cl5 O2 Re1,0.0,Cc12->[Re+3]345(<-[Cl-])(<-[C-]#[O+])(<-[C-]#[O+])(<-[c-]6cc(Cl)c(Cl)c(Cl)c6Cl)<-c1(C)c->3(C)[c-]->4(C)c->52C,Cc12->[Re+3]345(<-[Cl-])(<-[C-]#[O+])(<-[C-]#[O+])(<-[c-]6cc(Cl)c(Cl)c(Cl)c6Cl)<-c1(C)c->3(C)[c-]->4(C)c->52C,Cc12->[Re+3]345(<-[Cl-])(<-[C-]#[O+])(<-[C-]#[O+])(<-[c-]6cc(Cl)c(Cl)c(Cl)c6Cl)<-c1(C)c->3(C)[c-]->4(C)c->52C
WIWNEV,O=C(O)c1ccn2->[Ru+2]3(<-[Br-])(<-[Br-])(<-n4ccc(C(=O)O)cc4-c2c1)<-n1ccc(C(=O)O)cc1-c1cc(C(=O)O)ccn->31,C24 H16 Br2 N4 O8 Ru1,0.0,O=C(O)c1ccn2->[Ru+2]3(<-[Br-])(<-[Br-])(<-n4ccc(C(=O)O)cc4-c2c1)<-n1ccc(C(=O)O)cc1-c1cc(C(=O)O)ccn->31,O=C(O)c1ccn2->[Ru+2]3(<-[Br-])(<-[Br-])(<-n4ccc(C(=O)O)cc4-c2c1)<-n1ccc(C(=O)O)cc1-c1cc(C(=O)O)ccn->31,O=C(O)C1=CC2=C3C=C(C(=O)O)C=C[N-]3->[Ru+6]3(<-[Br-])(<-[Br-])(<-[N-]2C=C1)<-[N-]1C=CC(C(=O)O)=CC1=C1C=C(C(=O)O)C=C[N-]->31
WIXKIY,,C28 H47 La1 N4 Si1,0.0,CC(C)(C)[N-]1[Si](C)(C)N23->[La+3]<-145(<-[CH2-]c1ccccc1)(<-[CH2-]c->41ccccc1)<-N(C)(CCN->5(C)CC2)CC3,CC(C)(C)N1[Si](C)(C)N23->[La+2]14(<-[CH2-]c1ccccc1)(<-[CH2-]c1ccccc1)<-N(C)(CCN->4(C)CC2)CC3,CC(C)(C)N1[Si](C)(C)N23->[La+2]14(<-[CH2-]c1ccccc1)(<-[CH2-]c1ccccc1)<-N(C)(CCN->4(C)CC2)CC3
WIXQUP,,C31 H30 B1 Ir1 N6,0.0,C[CH2-]->[Ir+3]1234(<-C=C->1)<-[c-]1ccccc1-c1cc[n+]([BH-]([n+]5ccc(-c6ccccc6)[n-]->25)[n+]2ccc(-c5ccccc5)[n-]->32)[n-]->41,C[CH2-]->[Ir+3]1234(<-C=C->1)<-[c-]1ccccc1-c1ccn([BH-](n5ccc(-c6ccccc6)n->25)n2ccc(-c5ccccc5)n->32)n->41,C[CH2-]->[Ir+3]1234(<-C=C->1)<-[c-]1ccccc1-c1ccn([BH-](n5ccc(-c6ccccc6)n->25)n2ccc(-c5ccccc5)n->32)n->41
WIYJEV,,C19 H38 Co1 N1 P2,0.0,CC(C)P1(Cc2cccc3CP(C(C)C)(C(C)C)->[CoH3]<-1<-n23)C(C)C,CC(C)P1(Cc2cccc3CP(C(C)C)(C(C)C)->[CoH3]<-1<-n23)C(C)C,CC(C)P1(Cc2cccc3CP(C(C)C)(C(C)C)->[CoH3]<-1<-n23)C(C)C
WIYWOR,C1=CC2=S->[Pd@SP1+2]34<-S=C5C=CC=C/C5=C/[N-]->3OCCO[N-]->4/C=C\2C=C1,C16 H14 N2 O2 Pd1 S2,0.0,C1c2ccccc2[S-]->[Pd+2]23<-[S-]c4ccccc4C=N->2OCCON->3=1,C1=CC2=C[N-]3OCCO[N-]4C=C5C=CC=CC5=S->[Pd+2]<-3<-4<-S=C2C=C1,C1=CC2=C[N-]3OCCO[N-]4C=C5C=CC=CC5=S->[Pd+2]<-3<-4<-S=C2C=C1
WOBDIA,,C12 H12 N10 Ni1 O4 S2,0.0,O=c1ccn2ncn(->[Ni+2](<-O)(<-O)(<-[N-]=C=S)(<-[N-]=C=S)<-n3cnn4ccc(=O)[nH]c43)c2[nH]1,O=c1ccn2ncn(->[Ni+2](<-O)(<-O)(<-[N-]=C=S)(<-[N-]=C=S)<-n3cnn4ccc(=O)[nH]c43)c2[nH]1,O.O.O=c1ccn2ncn(->[Ni+2](<-[N-]=C=S)(<-[N-]=C=S)<-n3cnn4ccc(=O)[nH]c43)c2[nH]1
WOCNAD,Oc1ccccc1CN12->[Cd@OH26+2]3(<-[Cl-])<-[O-]c4ccccc4CN->3(CCC1)CCC2,C20 H25 Cd1 Cl1 N2 O2,0.0,[Cl-]->[Cd+2]123<-[O-]c4ccccc4CN->14CCCN->2(Cc1ccccc1O->3)CCC4,[Cl-]->[Cd+2]123<-[O-]c4ccccc4CN->14CCCN->2(Cc1ccccc1O->3)CCC4,[Cl-]->[Cd+2]123<-[O-]c4ccccc4CN->14CCCN->2(Cc1ccccc1O->3)CCC4
WODYAQ,,C19 H6 Cl1 N6 O3 Re1,0.0,N#Cc1nc2c3cccn4->[Re+](<-[Cl-])(<-[C-]#[O+])(<-[C-]#[O+])(<-[C-]#[O+])<-n5cccc(c2nc1C#N)c5c34,N#Cc1nc2c3c4c5c(c2nc1C#N)=CC=C[N-]5->[Re+3](<-[Cl-])(<-[C-]#[O+])(<-[C-]#[O+])(<-[C-]#[O+])<-[N-]4C=CC=3,N#Cc1nc2c3c4c5c(c2nc1C#N)=CC=C[N-]5->[Re+3](<-[Cl-])(<-[C-]#[O+])(<-[C-]#[O+])(<-[C-]#[O+])<-[N-]4C=CC=3
WOFQEP,,C24 H29 Cl1 Ir1 S1 Se1 1+,1.0,Cc12->[Ir+3]3456(<-[Cl-])(<-S(CC[Se]->3c3ccccc3)c3ccccc3)<-c1(C)c->4(C)[c-]->5(C)c->62C,[CH2-]CS(c1ccccc1)->[Ir+5]1234(<-[Cl-])(<-[Se-]c5ccccc5)<-c5(C)c->1(C)c->2(C)[c-]->3(C)c->45C,[CH2-]CS(c1ccccc1)->[Ir+5]1234(<-[Cl-])(<-[Se-]c5ccccc5)<-c5(C)c->1(C)c->2(C)[c-]->3(C)c->45C
WOFZOG,,C31 H36 Cr1 N1 O7 P1 Si1,0.0,CCO[Si](CCP(c1ccccc1)(c1ccccc1)->[Cr](<-[C-]#[O+])(<-[C-]#[O+])(<-[C-]#[O+])(<-[C-]#[O+])<-[C](N)c1ccccc1)(OCC)OCC,CCO[Si](CCP(c1ccccc1)(c1ccccc1)->[Cr](<-[C-]#[O+])(<-[C-]#[O+])(<-[C-]#[O+])(<-[C-]#[O+])<-[C](N)c1ccccc1)(OCC)OCC,CCO[Si](CCP(c1ccccc1)(c1ccccc1)->[Cr](<-[C-]#[O+])(<-[C-]#[O+])(<-[C-]#[O+])(<-[C-]#[O+])<-[C](N)c1ccccc1)(OCC)OCC
WOGTUJ,,C17 H20 N5 Ni1 O3 S2,0.0,CC1=C2O->[Ni+3]3(<-O)(<-[N-]=C=S)(<-[N-]=C=S)<-n4ccccc4CC[N-]->3C=C2C(CO)=CN1,Cc1[nH+]cc(CO)c2C=N3CCc4ccccn4->[Ni+2]<-3(<-O)(<-[N-]=C=S)(<-[N-]=C=S)<-[O-]c12,Cc1[nH+]cc(CO)c2c1[O-]->[Ni+2]1(<-[N-]=C=S)(<-[N-]=C=S)<-N(=C2)CCc2ccccn->12.O
WOHNIQ,CS(C)(=O)->[Ru+2](<-O)(<-[O-]C(=O)C(F)(F)F)(<-[O-]C(=O)C(F)(F)F)(<-S(C)(C)=O)<-S(C)(C)=O,C10 H20 F6 O8 Ru1 S3,0.0,CS(C)(=O)->[Ru+2](<-O)(<-[O-]C(=O)C(F)(F)F)(<-[O-]C(=O)C(F)(F)F)(<-S(C)(C)=O)<-S(C)(C)=O,CS(C)(=O)->[Ru+2](<-O)(<-[O-]C(=O)C(F)(F)F)(<-[O-]C(=O)C(F)(F)F)(<-S(C)(C)=O)<-S(C)(C)=O,CS(C)(=O)->[Ru+2](<-O)(<-[O-]C(=O)C(F)(F)F)(<-[O-]C(=O)C(F)(F)F)(<-S(C)(C)=O)<-S(C)(C)=O
WOJDOR,C[C+]1[CH+][C-](C)[C-](C)[C-](B23[H]->[Cr+2]<-2(<-[H]3)(<-[C-]#[O+])(<-[C-]#[O+])(<-[C-]#[O+])<-P(C2CCCCC2)(C2CCCCC2)C2CCCCC2)[C-]1C,C31 H48 B1 Cr1 O3 P1,0.0,Cc1cc(C)c(C)c(B2[H]->[Cr](<-[H]2)(<-[C-]#[O+])(<-[C-]#[O+])(<-[C-]#[O+])<-P(C2CCCCC2)(C2CCCCC2)C2CCCCC2)c1C,C[c+]1[c-](C)[cH-][c-](C)[c-](C)[c-]1[B+2]->[CrH2+2](<-[C-]#[O+])(<-[C-]#[O+])(<-[C-]#[O+])<-P(C1CCCCC1)(C1CCCCC1)C1CCCCC1,Cc1cc(C)c(C)c([BH-]2=C(=O)->[CrH+]<-2(<-[C-]#[O+])(<-[C-]#[O+])<-P(C2CCCCC2)(C2CCCCC2)C2CCCCC2)c1C
WOKDIJ,CC(C)N1CC[N-]2->[Zr+4](<-[CH2-]c3ccccc3)(<-[CH2-]c3ccccc3)(<-[CH2-]c3ccccc3)<-N(C(C)C)(CC1)CC2,C33 H47 N3 Zr1,0.0,CC(C)N12->[Zr+4]3(<-[CH2-]c4ccccc4)(<-[CH2-]c4ccccc4)(<-[CH2-]c4ccccc4)<-[N-](CC1)CCN->3(C(C)C)CC2,CC(C)N12->[Zr+4]3(<-[CH2-]c4ccccc4)(<-[CH2-]c4ccccc4)(<-[CH2-]c4ccccc4)<-[N-](CC1)CCN->3(C(C)C)CC2,CC(C)N12->[Zr+4]3(<-[CH2-]c4ccccc4)(<-[CH2-]c4ccccc4)(<-[CH2-]c4ccccc4)<-[N-](CC1)CCN->3(C(C)C)CC2
WOLFUY,,C19 H29 O5 Os1 P1,0.0,CC(C)(C)P(C(C)(C)C)(C(C)(C)C)->[Os+2]1(<-[C-]#[O+])(<-[C-]#[O+])(<-[C-]#[O+])<-[C-](=O)C=C[C-]->1=O,CC(C)(C)P(C(C)(C)C)(C(C)(C)C)->[Os+2]1(<-[C-]#[O+])(<-[C-]#[O+])(<-[C-]#[O+])<-[C-](=O)C=C[C-]->1=O,CC(C)(C)P(C(C)(C)C)(C(C)(C)C)->[Os+2]1(<-[C-]#[O+])(<-[C-]#[O+])(<-[C-]#[O+])<-[C-](=O)C=C[C-]->1=O
WOMKOZ,CC1/C=C(/C)[O-]->[W+6]234(<-O=1)(<-O=C(C)/C=C(/C)[O-]->2)(<-[C-](/C)=[C-]->3/C)<-[CH-](c1ccccc1)[N-]->4C,C22 H29 N1 O4 W1,0.0,fail,CC1=CC(C)=O->[W+4]234(<-O=C(C)C=C(C)[O-]->2)(<-[O-]1)(<-C(C)#C->3C)<-[CH-](c1ccccc1)[N-]->4C,CC1=CC(C)=O->[W+4]234(<-O=C(C)C=C(C)[O-]->2)(<-[O-]1)(<-C(C)#C->3C)<-[CH-](c1ccccc1)[N-]->4C
WOMYIH,CC(=O)[O-]->[Ag+]<-[C]1N(C)C(Cl)=C(Cl)N1C,C7 H9 Ag1 Cl2 N2 O2,0.0,CC(=O)[O-]->[Ag+]<-[C]1N(C)C(Cl)=C(Cl)N1C,CC(=O)[O-]->[Ag+]<-[C]1N(C)C(Cl)=C(Cl)N1C,CC1=O->[Ag+](<-[O-]1)<-[C]1N(C)C(Cl)=C(Cl)N1C
WOPKOE,,C31 H38 N4 O2 Pd1 S2,0.0,CCCCCCOc1ccc2-c3cccc4-c5ccc(OCCCCCC)cn5->[Pd+2](<-[S-]c5nnc(C)s5)(<-[c-]34)<-n2c1,CCCCCCOc1ccc2-c3cccc4-c5ccc(OCCCCCC)cn5->[Pd+2](<-[S-]c5nnc(C)s5)(<-[c-]34)<-n2c1,CCCCCCOc1ccc2-c3cccc4-c5ccc(OCCCCCC)cn5->[Pd+2]5(<-S=c6sc(C)n[n-]->56)(<-[c-]34)<-n2c1
WOPZOQ,,C34 H16 Fe1 N10,0.0,N#[C-]->[Fe+4]123(<-[C-]#N)<-n4c5nc6c7ccccc7c(nc7n->1c(nc1c8ccccc8c(nc4-c4ccccc4-5)[n-]->21)-c1ccccc1-7)[n-]->36,N#[C-]->[Fe+6]123(<-[C-]#N)<-[n-]4c5c6ccccc6c4N=c4c6ccccc6c([n-]->14)=Nc1c4ccccc4c([n-]->21)N=c1c2ccccc2c([n-]->31)=N5,N#[C-]->[Fe+6]123(<-[C-]#N)<-[n-]4c5c6ccccc6c4N=c4c6ccccc6c([n-]->14)=Nc1c4ccccc4c([n-]->21)N=c1c2ccccc2c([n-]->31)=N5
WORFEQ,,C14 H34 Mo1 P3 1+,1.0,CP(C)(C)->[MoH2+2]1234(<-c5c->1c->2[cH-]->3c->45)(<-P(C)(C)C)<-P(C)(C)C,CP(C)(C)->[MoH2+2]1234(<-c5c->1c->2[cH-]->3c->45)(<-P(C)(C)C)<-P(C)(C)C,CP(C)(C)->[MoH2+2]1234(<-c5c->1c->2[cH-]->3c->45)(<-P(C)(C)C)<-P(C)(C)C
WORNEW,CN1(C)c2ccccc2P(c2ccccc2)(c2ccccc2)->[Ru+2]<-1(<-S)(<-[Br-])(<-[Br-])<-[P@TB5](c1ccccc1)(c1ccccc1)c1ccccc1,C38 H37 Br2 N1 P2 Ru1 S1,0.0,CN1(C)c2ccccc2P(c2ccccc2)(c2ccccc2)->[Ru+2]<-1(<-S)(<-[Br-])(<-[Br-])<-P(c1ccccc1)(c1ccccc1)c1ccccc1,CN1(C)c2ccccc2P(c2ccccc2)(c2ccccc2)->[Ru+2]<-1(<-S)(<-[Br-])(<-[Br-])<-P(c1ccccc1)(c1ccccc1)c1ccccc1,CN1(C)c2ccccc2P(c2ccccc2)(c2ccccc2)->[Ru+2]<-1(<-S)(<-[Br-])(<-[Br-])<-P(c1ccccc1)(c1ccccc1)c1ccccc1
WOVDUI,,C39 H34 N4 Ni1 O6,0.0,CC(C)(C)c1ccc(-c2cc3-c4ccccn4->[Ni+2]45(<-O)(<-[O-]C(=O)c6ccc[n+](Cc7ccc(C(=O)[O-])cc7)c6[O-]->4)<-n4ccccc4-c(c2)n->53)cc1,CC(C)(C)c1ccc(-c2cc3-c4ccccn4->[Ni+2]45(<-O)(<-O=c6c(C(=O)[O-]->4)cccn6Cc4ccc(C(=O)[O-])cc4)<-n4ccccc4-c(c2)n->53)cc1,CC(C)(C)c1ccc(-c2cc3-c4ccccn4->[Ni+2]45(<-O)(<-O=c6c(C(=O)[O-]->4)cccn6Cc4ccc(C(=O)[O-])cc4)<-n4ccccc4-c(c2)n->53)cc1
WOVWEL,COc1cccc(/C=N/c2ccc(C)cc2)n1->[Hg+2](<-[Cl-])<-[Cl-],C14 H14 Cl2 Hg1 N2 O1,0.0,COc1cccc2C=N(c3ccc(C)cc3)->[Hg+2](<-[Cl-])(<-[Cl-])<-n21,COc1cccc2C=N(c3ccc(C)cc3)->[Hg+2](<-[Cl-])(<-[Cl-])<-n21,COc1cccc(C=Nc2ccc(C)cc2)n1->[Hg+2](<-[Cl-])<-[Cl-]
WOWGUM,COc1cccc(/C=N/c2c(C(C)C)cccc2C(C)C)n1->[Hg+2](<-[Cl-])<-[Cl-],C19 H24 Cl2 Hg1 N2 O1,0.0,COc1cccc2C=N(c3c(C(C)C)cccc3C(C)C)->[Hg+2](<-[Cl-])(<-[Cl-])<-n21,COc1cccc2C=N(c3c(C(C)C)cccc3C(C)C)->[Hg+2](<-[Cl-])(<-[Cl-])<-n21,COc1cccc(C=Nc2c(C(C)C)cccc2C(C)C)n1->[Hg+2](<-[Cl-])<-[Cl-]
WOZYOB,CSC1=C[CH-]C=C2S(C)->[Ru+4](<-[Cl-])(<-[Cl-])(<-[CH-]=C12)<-[C]1N(c2c(C)cc(C)cc2C)CCN1c1c(C)cc(C)cc1C,C30 H36 Cl2 N2 Ru1 S2,0.0,CSc1cccc2S(C)->[Ru+4](<-[Cl-])(<-[Cl-])(<-[CH-2]c12)<-[C]1N(c2c(C)cc(C)cc2C)CCN1c1c(C)cc(C)cc1C,CSc1cccc2S(C)->[Ru+2](<-[Cl-])(<-[Cl-])(<-[CH]c12)<-[C]1N(c2c(C)cc(C)cc2C)CCN1c1c(C)cc(C)cc1C,CSc1cccc2S(C)->[Ru+2](<-[Cl-])(<-[Cl-])(<-[CH]c12)<-[C]1N(c2c(C)cc(C)cc2C)CCN1c1c(C)cc(C)cc1C
WUCFEF,CC1=O->[Ni+2]23(<-[O-]1)<-n1c(C)cc(C)n1[BH-](n1c(C)cc(C)n->21)n1c(C)cc(C)n->31,C17 H25 B1 N6 Ni1 O2,0.0,fail,Cc1cc(C)n2->[Ni+2]345(<-O=C->3(C)[O-]->4)<-n3c(C)cc(C)n3[BH-](n12)n1c(C)cc(C)n->51,Cc1cc(C)n2->[Ni+2]345(<-O=C->3(C)[O-]->4)<-n3c(C)cc(C)n3[BH-](n12)n1c(C)cc(C)n->51
WUGBUW,[Cl-]->[Os+2]12(<-[Cl-])(<-N=C3C=CC=C/C3=N->1\c1ccccc1)<-N=C1C=CC=C/C1=N->2\c1ccccc1,C24 H20 Cl2 N4 Os1,0.0,[Cl-]->[Os+4]12(<-[Cl-])(<-N=C3C=CC=C[C]3[N-]->1c1ccccc1)<-N=C1C=CC=C[C]1[N-]->2c1ccccc1,[Cl-]->[Os+4]12(<-[Cl-])(<-N=C3C=CC=CC3=N->1c1ccccc1)<-[NH-]c1ccccc1[N-]->2c1ccccc1,[Cl-]->[Os+4]12(<-[Cl-])(<-N=C3C=CC=CC3=N->1c1ccccc1)<-[NH-]c1ccccc1[N-]->2c1ccccc1
WUHGUB,C/C1=N2->[Ni@@+2]3(<-[O-]c4cccc(C)n->34)<-N(CCCN(C)CCC/2)C(C)(C)C1,C19 H33 N4 Ni1 O1 1+,1.0,CC1=N2->[Ni+2]34(<-[O-]c5cccc(C)n->35)<-N(CCCN->4(C)CCC2)C(C)(C)C1,CC1=N2->[Ni+2]34(<-[O-]c5cccc(C)n->35)<-N(CCCN->4(C)CCC2)C(C)(C)C1,CC1=N2->[Ni+2]34(<-[O-]c5cccc(C)n->35)<-N(CCCN->4(C)CCC2)C(C)(C)C1
WUJCAH,Cc1cc(C)c(N2CCN(c3c(C)cc(C)cc3C)[C]2->[Ru@TB5+4]2(<-[Cl-])(<-[Cl-])<-[CH-]=C3C=C[CH-]C=C3O->2C2CC2)c(C)c1,C31 H36 Cl2 N2 O1 Ru1,0.0,Cc1cc(C)c(N2CCN(c3c(C)cc(C)cc3C)[C]2->[Ru+4]2(<-[Cl-])(<-[Cl-])<-[CH-2]c3ccccc3O->2C2CC2)c(C)c1,Cc1cc(C)c(N2CCN(c3c(C)cc(C)cc3C)[C]2->[Ru+2]2(<-[Cl-])(<-[Cl-])<-[CH]c3ccccc3O->2C2CC2)c(C)c1,Cc1cc(C)c(N2CCN(c3c(C)cc(C)cc3C)[C]2->[Ru+2]2(<-[Cl-])(<-[Cl-])<-[CH]c3ccccc3O->2C2CC2)c(C)c1
WUJRID,,C12 H20 Cd1 I2 N8,0.0,Cc1cc(C)n2->[Cd+2]3(<-[I-])(<-[I-])(<-N=C(N)n12)<-N=C(N)n1c(C)cc(C)n->31,Cc1cc(C)n2->[Cd+2]3(<-[I-])(<-[I-])(<-N=C(N)n12)<-N=C(N)n1c(C)cc(C)n->31,Cc1cc(C)n(->[Cd+2](<-[I-])(<-[I-])<-n2c(C)cc(C)n2C(=N)N)n1C(=N)N
WUMJET,,C11 H15 Cr1 O2 P1 S1,0.0,CC[PH]1(CC)=S->[Cr+]<-12345(<-[C-]#[O+])(<-[C-]#[O+])<-c1c->2c->3[cH-]->4c->51,CCP1(CC)[S-]->[Cr+2]<-12345(<-[C-]#[O+])(<-[C-]#[O+])<-c1c->2c->3[cH-]->4c->51,CCP1(CC)[S-]->[Cr+2]<-12345(<-[C-]#[O+])(<-[C-]#[O+])<-c1c->2c->3[cH-]->4c->51
WUNBUC,,C21 H21 I1 Mo1 N2,0.0,CC(c1ccccc1)N1=Cc2ccccn2->[Mo+2]<-1234567(<-[I-])<-C1=C->2C->3=C->4[CH-]->5C->6=C->71,CC(c1ccccc1)N1=Cc2ccccn2->[Mo+2]<-1234567(<-[I-])<-C1=C->2C->3=C->4[CH-]->5C->6=C->71,CC(c1ccccc1)N1=Cc2ccccn2->[Mo+2]<-1234567(<-[I-])<-C1=C->2C->3=C->4[CH-]->5C->6=C->71
WUPLUP,C1=N/c2cccc(/N=C/c3ccccc3P(c3ccccc3)(c3ccccc3)->[Cu+]34(<-O=N->3[O-]->4)<-P(c3ccccc3)(c3ccccc3)c3ccccc3/1)n2,C43 H33 Cu1 N4 O2 P2,0.0,fail,C1=Nc2cccc(N=Cc3ccccc3P(c3ccccc3)(c3ccccc3)->[Cu+]34(<-O=N->3[O-]->4)<-P(c3ccccc3)(c3ccccc3)c3ccccc31)n2,C1=Nc2cccc(N=Cc3ccccc3P(c3ccccc3)(c3ccccc3)->[Cu+]3(<-O=N[O-]->3)<-P(c3ccccc3)(c3ccccc3)c3ccccc31)n2
WUQHAT,,C16 H18 Cd1 N4 O6 S2,0.0,O=C([O-]->[Cd+2](<-O)(<-O)(<-[O-]C(=O)c1cccs1)(<-n1cc[nH]c1)<-n1cc[nH]c1)c1cccs1,O=C([O-]->[Cd+2](<-O)(<-O)(<-[O-]C(=O)c1cccs1)(<-n1cc[nH]c1)<-n1cc[nH]c1)c1cccs1,O.O.c1csc(C23->[Cd+2]45(<-n6cc[nH]c6)(<-n6cc[nH]c6)(<-O=2)(<-O=C->4(c2cccs2)[O-]->5)<-[O-]3)c1
WUQQEG,Cc1cc(C)c(N2CCN(c3c(C)cc(C)cc3C)[C]2->[Ru+4]2(<-[Cl-])(<-[Cl-])<-[CH-]=C3C(OC(C)C)=C[CH-]C=C3O->2C(C)C)c(C)c1,C34 H44 Cl2 N2 O2 Ru1,0.0,Cc1cc(C)c(N2CCN(c3c(C)cc(C)cc3C)[C]2->[Ru+4]2(<-[Cl-])(<-[Cl-])<-[CH-2]c3c(OC(C)C)cccc3O->2C(C)C)c(C)c1,Cc1cc(C)c(N2CCN(c3c(C)cc(C)cc3C)[C]2->[Ru+2]2(<-[Cl-])(<-[Cl-])<-[CH]c3c(OC(C)C)cccc3O->2C(C)C)c(C)c1,Cc1cc(C)c(N2CCN(c3c(C)cc(C)cc3C)[C]2->[Ru+2]2(<-[Cl-])(<-[Cl-])<-[CH]c3c(OC(C)C)cccc3O->2C(C)C)c(C)c1
WUSJAW,[O-]c12->[Rh+3]345(<-[Cl-])(<-n6ccccc6)(<-n6ccccc6)<-c1(-c1ccccc1)c->31[c-]->4(c->52-c2ccccc2)CCC1,C30 H26 Cl1 N2 O1 Rh1,0.0,fail,O=c12->[Rh+3]345(<-[Cl-])(<-n6ccccc6)(<-n6ccccc6)<-c1(-c1ccccc1)c->31[c-]->4([c-]->52-c2ccccc2)CCC1,O=c12->[Rh+3]345(<-[Cl-])(<-n6ccccc6)(<-n6ccccc6)<-c1(-c1ccccc1)c->31[c-]->4([c-]->52-c2ccccc2)CCC1
WUSYIT,CC(=O)[O-]->[Zn+2]12<-N(/CCN(CC/N->1=C1/NCCO1)CC/N->2=C1/NCCO1)=C1\NCCO1,C17 H30 N7 O5 Zn1 1+,1.0,CC(=O)[O-]->[Zn+2]123<-N(CCN->1(CCN->2=C1NCCO1)CCN->3=C1NCCO1)=C1NCCO1,CC(=O)[O-]->[Zn+2]123<-N(CCN->1(CCN->2=C1NCCO1)CCN->3=C1NCCO1)=C1NCCO1,CC(=O)[O-]->[Zn+2]123<-N(CCN->1(CCN->2=C1NCCO1)CCN->3=C1NCCO1)=C1NCCO1
WUVGOK,c1ccc(C2=O->[Cd+2]34(<-O=C([O-]->3)c3ccccc3)(<-[O-]2)<-n2ccccc2Nc2ccccn->42)cc1,C24 H19 Cd1 N3 O4,0.0,fail,c1ccc(C2=O->[Cd+2]34(<-O=C([O-]->3)c3ccccc3)(<-[O-]2)<-n2ccccc2Nc2ccccn->42)cc1,c1ccc(C23=O->[Cd+2]<-2456(<-O=C->4([O-]->5)c2ccccc2)(<-[O-]3)<-n2ccccc2Nc2ccccn->62)cc1
WUWGIE,,C25 H42 N2 Zn1,0.0,fail,C[CH2-]->[Zn+2]1(<-[cH-]2ccc(C(C)(C)Cc3cc(C)cc(C)c3)c2)<-N(C)(C)CCN->1(C)C,CN(C)CCN(C)C.C[CH2-]->[Zn+2]<-[cH-]1ccc(C(C)(C)Cc2cc(C)cc(C)c2)c1
WUXCUO,c1ccn2->[Zn+2]34(<-O=c5ccccn5[O-]->3)(<-O=c3ccccn3[O-]->4)<-n3ccccc3-c2c1,C20 H16 N4 O4 Zn1,0.0,c1ccn2->[Zn]34(<-[O-]c5cccc[n+]5[O-]->3)(<-[O-]c3cccc[n+]3[O-]->4)<-n3ccccc3-c2c1,c1ccn2->[Zn+2]34(<-O=c5ccccn5[O-]->3)(<-O=c3ccccn3[O-]->4)<-n3ccccc3-c2c1,c1ccn2->[Zn+2]34(<-O=c5ccccn5[O-]->3)(<-O=c3ccccn3[O-]->4)<-n3ccccc3-c2c1
WUYDAW,O=C1[O-]->[Ni+2]2(<-n3ccccc31)<-n1c(CN(Cc3nc4ccccc4[nH]3)Cc3[nH]c4ccccc4n->23)[nH]c2ccccc21,C30 H25 N8 Ni1 O2 1+,1.0,O=C1[O-]->[Ni+2]234(<-n5ccccc51)<-n1c(CN->2(Cc2[nH]c5ccccc5n->32)Cc2[nH]c3ccccc3n->42)[nH]c2ccccc21,O=C1[O-]->[Ni+2]234(<-n5ccccc51)<-n1c(CN->2(Cc2[nH]c5ccccc5n->32)Cc2[nH]c3ccccc3n->42)[nH]c2ccccc21,O=C1[O-]->[Ni+2]23(<-n4ccccc41)<-n1c(CN(Cc4[nH]c5ccccc5n->24)Cc2[nH]c4ccccc4n->32)[nH]c2ccccc21
WUZNIP,COc1cccc(C(=O)[O-]->[Zn+2](<-O)(<-O)<-[O-]C(=O)c2cccc(OC)c2O)c1O,C16 H18 O10 Zn1,0.0,COc1cccc(C(=O)[O-]->[Zn+2](<-O)(<-O)<-[O-]C(=O)c2cccc(OC)c2O)c1O,COc1cccc(C(=O)[O-]->[Zn+2](<-O)(<-O)<-[O-]C(=O)c2cccc(OC)c2O)c1O,COc1cccc(C23=O->[Zn+2]<-245(<-O)(<-O)(<-O=C->4([O-]->5)c2cccc(OC)c2O)<-[O-]3)c1O
XABQEY,COc1ccc([P@]2(CCC(C)C)=S->[Ni+2]3(<-S=[P@](CCC(C)C)([S-]->3)c3ccc(OC)cc3)<-[S-]2)cc1,C24 H36 Ni1 O2 P2 S4,0.0,fail,COc1ccc(P2(CCC(C)C)=S->[Ni+2]3(<-S=P(CCC(C)C)([S-]->3)c3ccc(OC)cc3)<-[S-]2)cc1,COc1ccc(P23(CCC(C)C)=S->[Ni+2]<-245(<-S=P->4(CCC(C)C)([S-]->5)c2ccc(OC)cc2)<-[S-]3)cc1
XACNAR,O=C(O)CN1CCN2(CC(=O)O)CC(=O)[O-]->[Zn@TB6+2]<-2(<-O)<-[O-]C(=O)C1,C10 H16 N2 O9 Zn1,0.0,O=C(O)CN12CCN3(CC(=O)O)CC(=O)[O-]->[Zn+2]<-1<-3(<-O)<-[O-]C(=O)C2,O=C(O)CN12CCN3(CC(=O)O)CC(=O)[O-]->[Zn+2]<-1<-3(<-O)<-[O-]C(=O)C2,O=C(O)CN12CCN3(CC(=O)O)CC(=O)[O-]->[Zn+2]<-1<-3(<-O)<-[O-]C(=O)C2
XADBEJ,CC(C)(C)[C-]1=[P-]->[Mo+4]<-123456789%10<-c1(C)c->2(C)c->3(C)[c-]->4([Si](C)(C)[c-]->52c->6(C)c->7(C)c->8(C)c->92C)c->%101C,C25 H39 Mo1 P1 Si1,0.0,CC(C)(C)C1=P->[Mo+2]<-123456789%10<-c1(C)c->2([Si](C)(C)[c-]->32c->4(C)c->5(C)c->6(C)c->72C)c->8(C)[c-]->9(C)c->%101C,CC(C)(C)C1#P->[Mo+2]<-123456789%10<-c1(C)c->2(C)c->3(C)[c-]->4([Si](C)(C)[c-]->52c->6(C)c->7(C)c->8(C)c->92C)c->%101C,CC(C)(C)C1#P->[Mo+2]<-123456789%10<-c1(C)c->2(C)c->3(C)[c-]->4([Si](C)(C)[c-]->52c->6(C)c->7(C)c->8(C)c->92C)c->%101C
XADMIB,C[C@H](c1ccccc1)n1n[n+](C)c(-c2ccccc2)[c-]1->[Pd+2](<-[I-])(<-[I-])<-[c-]1c(-c2ccccc2)[n+](C)nn1[C@H](C)c1ccccc1,C34 H34 I2 N6 Pd1,0.0,CC(c1ccccc1)n1n[n+](C)c(-c2ccccc2)[c]1->[Pd](<-[I-])(<-[I-])<-[c]1c(-c2ccccc2)[n+](C)nn1C(C)c1ccccc1,CC(c1ccccc1)n1n[n+](C)c(-c2ccccc2)[c-]1->[Pd+2](<-[I-])(<-[I-])<-[c-]1c(-c2ccccc2)n(C)n[n+]1C(C)c1ccccc1,CC(c1ccccc1)n1n[n+](C)c(-c2ccccc2)[c-]1->[Pd+2](<-[I-])(<-[I-])<-[c-]1c(-c2ccccc2)n(C)n[n+]1C(C)c1ccccc1
XAFXOU,,C20 H27 B1 N7 O1 W1 1+,1.0,CC#N->[W+2]123(<-[C-]#[O+])(<-C#C->1)<-[n-]1c(C)cc(C)[n+]1[BH-]([n+]1c(C)cc(C)[n-]->21)[n+]1c(C)cc(C)[n-]->31,CC#N->[W+2]123(<-[C-]#[O+])(<-C#C->1)<-n1c(C)cc(C)n1[BH-](n1c(C)cc(C)n->21)n1c(C)cc(C)n->31,CC#N->[W+2]123(<-[C-]#[O+])(<-C#C->1)<-n1c(C)cc(C)n1[BH-](n1c(C)cc(C)n->21)n1c(C)cc(C)n->31
XAGPED,C1\[S-]->[Co+3]2345(<-[S-]\C=1c1cnccn1)<-c1c->2c->3[cH-]->4c->51,C11 H9 Co1 N2 S2,0.0,C1[S-]->[Co+3]2345(<-[S-]C=1c1cnccn1)<-c1c->2c->3[cH-]->4c->51,C1=S->[Co+]2345(<-S=C1c1cnccn1)<-c1c->2c->3[cH-]->4c->51,C1=S->[Co+]2345(<-S=C1c1cnccn1)<-c1c->2c->3[cH-]->4c->51
XAHXEM,C[C-](=O)->[Ni+2]1(<-[C-]#[O+])<-[P@TB5](C[B-](C[P@TB19]->1(c1ccccc1)c1ccccc1)(c1ccccc1)c1ccccc1)(c1ccccc1)c1ccccc1,C41 H37 B1 Ni1 O2 P2,0.0,C[C-](=O)->[Ni+2]1(<-[C-]#[O+])<-P(C[B-](CP->1(c1ccccc1)c1ccccc1)(c1ccccc1)c1ccccc1)(c1ccccc1)c1ccccc1,C[C-](=O)->[Ni+2]1(<-[C-]#[O+])<-P(C[B-](CP->1(c1ccccc1)c1ccccc1)(c1ccccc1)c1ccccc1)(c1ccccc1)c1ccccc1,C[C-](=O)->[Ni+2]12(<-[C-]#[O+])<-c3ccccc3[B-](CP->1(c1ccccc1)c1ccccc1)(CP->2(c1ccccc1)c1ccccc1)c1ccccc1
XAJQEF,CO->[Zn+2]12(<-O=C3/C(=C(\[O-]->1)c1ccccc1)C(C)=NN3c1ccccc1)(<-O=C1/C(=C(\[O-]->2)c2ccccc2)C(C)=NN1c1ccccc1)<-OC,C36 H34 N4 O6 Zn1,0.0,CO->[Zn+2]12(<-O=C(c3ccccc3)c3c(C)nn(-c4ccccc4)c3[O-]->1)(<-O=C(c1ccccc1)c1c(C)nn(-c3ccccc3)c1[O-]->2)<-OC,CO->[Zn+2]12(<-O=C3C(=C([O-]->1)c1ccccc1)C(C)=NN3c1ccccc1)(<-O=C1C(=C([O-]->2)c2ccccc2)C(C)=NN1c1ccccc1)<-OC,CO->[Zn+2]12(<-O=C3C(=C([O-]->1)c1ccccc1)C(C)=NN3c1ccccc1)(<-O=C1C(=C([O-]->2)c2ccccc2)C(C)=NN1c1ccccc1)<-OC
XAKHAS,CC(=N\c1c(C)cccc1C)/[C-]1=N(\c2c(C)cccc2C)->[Ta+5]<-12345(<-[Cl-])(<-[N-2]C(C)(C)C)<-c1(C)c->2(C)c->3(C)[c-]->4(C)c->51C,C33 H45 Cl1 N3 Ta1,0.0,CC(=Nc1c(C)cccc1C)C1=N(c2c(C)cccc2C)->[Ta+4]<-12345(<-[Cl-])(<-[N-2]C(C)(C)C)<-c1(C)c->2(C)c->3(C)[c-]->4(C)c->51C,CC(=Nc1c(C)cccc1C)[C-]1=N(c2c(C)cccc2C)->[Ta+5]<-12345(<-[Cl-])(<-[N-2]C(C)(C)C)<-c1(C)c->2(C)c->3(C)[c-]->4(C)c->51C,CC(=Nc1c(C)cccc1C)[C-](=Nc1c(C)cccc1C)->[Ta+5](<-[Cl-])(<-[N-2]C(C)(C)C)<-[c-]1(C)c(C)c(C)c(C)c1C
XALFEV,[O+]#[C-]->[Cr](<-[C-]#[O+])(<-[C-]#[O+])(<-[C-]#[O+])(<-[C-]#[O+])<-[C]1CCC=CCO1,C11 H8 Cr1 O6,0.0,[O+]#[C-]->[Cr+2](<-[C-]#[O+])(<-[C-]#[O+])(<-[C-]#[O+])(<-[C-]#[O+])<-[C-2]1CCC=CCO1,[O+]#[C-]->[Cr](<-[C-]#[O+])(<-[C-]#[O+])(<-[C-]#[O+])(<-[C-]#[O+])<-[C]1CCC=CCO1,[O+]#[C-]->[Cr](<-[C-]#[O+])(<-[C-]#[O+])(<-[C-]#[O+])(<-[C-]#[O+])<-[C]1CCC=CCO1
XALSUA,CN(C)c1ccccc1[Si-]1(C)c2ccccc2P(C(C)(C)C)(C(C)(C)C)->[Pt@@+2]<-1(<-[Cl-])<-P(C)(C)C,C26 H44 Cl1 N1 P2 Pt1 Si1,0.0,CN(C)c1ccccc1[Si-]1(C)c2ccccc2P(C(C)(C)C)(C(C)(C)C)->[Pt+2]<-1(<-[Cl-])<-P(C)(C)C,CN(C)c1ccccc1[Si-]1(C)c2ccccc2P(C(C)(C)C)(C(C)(C)C)->[Pt+2]<-1(<-[Cl-])<-P(C)(C)C,CN(C)c1ccccc1[Si-]1(C)c2ccccc2P(C(C)(C)C)(C(C)(C)C)->[Pt+2]<-1(<-[Cl-])<-P(C)(C)C
XAMFUN,Cc1cccc(C)c1-n1ccn2[BH-]3n4ccn(-c5c(C)cccc5C)c4=S->[Zn@TB20+2]4(<-[O-][N+](=O)[O-]->4)(<-S=c21)<-S=c1n3ccn1-c1c(C)cccc1C,C33 H34 B1 N7 O3 S3 Zn1,0.0,Cc1cccc(C)c1-n1ccn2[BH-]3n4ccn(-c5c(C)cccc5C)c4=S->[Zn+2](<-[O-][N+](=O)[O-])(<-S=c21)<-S=c1n3ccn1-c1c(C)cccc1C,Cc1cccc(C)c1-n1ccn2[BH-]3n4ccn(-c5c(C)cccc5C)c4=S->[Zn+2](<-[O-][N+](=O)[O-])(<-S=c21)<-S=c1n3ccn1-c1c(C)cccc1C,Cc1cccc(C)c1-n1ccn2[BH-]3n4ccn(-c5c(C)cccc5C)c4=S->[Zn+2]4(<-[O-][N+](=O)[O-]->4)(<-S=c21)<-S=c1n3ccn1-c1c(C)cccc1C
XAMNIJ,Cc1ccc2ccc3ccc(C)n4->[Zn+2]56(<-O=C([O-]->5)c5cc7ccccc7[nH]5)(<-O=C([O-]->6)c5cc6ccccc6[nH]5)<-n1c2c34,C32 H24 N4 O4 Zn1,0.0,fail,Cc1ccc2ccc3ccc(C)n4->[Zn+2]5(<-O=C([O-]->5)c5cc6ccccc6[nH]5)(<-[O-]C(=O)c5cc6ccccc6[nH]5)<-n1c2c34,Cc1ccc2ccc3ccc(C)n4->[Zn+2]5678(<-O=C->5([O-]->6)c5cc6ccccc6[nH]5)(<-O=C->7([O-]->8)c5cc6ccccc6[nH]5)<-n1c2c34
XAMTUD,C/C1=C2\C=CC=C[N-]2->[Co+3]234(<-S=C(N=N->21)Nc1ccccc1)<-S=C(N=N->3/C(C)=C1\C=CC=C[N-]->41)Nc1ccccc1,C28 H26 Co1 N8 S2 1+,1.0,CC1c2ccccn2->[Co+3]234(<-[S-]C(=NN->2=1)Nc1ccccc1)<-[S-]C(=NN->3=C(C)c1ccccn->41)Nc1ccccc1,CC1=C2C=CC=C[N-]2->[Co+3]234(<-S=C(N=N->21)Nc1ccccc1)<-S=C(N=N->3C(C)=C1C=CC=C[N-]->41)Nc1ccccc1,CC1=C2C=CC=C[N-]2->[Co+3]234(<-S=C(N=N->21)Nc1ccccc1)<-S=C(N=N->3C(C)=C1C=CC=C[N-]->41)Nc1ccccc1
XANLIK,C[n+]1c[c-](->[Au+]<-[Cl-])n(-c2ccccc2)n1,C9 H9 Au1 Cl1 N3,0.0,C[n+]1c[c](->[Au]<-[Cl-])n(-c2ccccc2)n1,C[n+]1c[c-](->[Au+]<-[Cl-])n(-c2ccccc2)n1,C[n+]1c[c-](->[Au+]<-[Cl-])n(-c2ccccc2)n1
XAPDEX,C/C1=C(\C)[N-](O)->[Co+3]2(<-[CH2-]CC#N)(<-NC[C@@H](C)N)(<-N1=O)<-N(=O)/C(C)=C(/C)[N-]->2O,C14 H28 Co1 N7 O4,0.0,CC1=C(C)[N-](O)->[Co+5]2(<-[CH2-]CC#N)(<-NCC(C)N)(<-[N-]1[O])<-[N-]([O])C(C)=C(C)[N-]->2O,CC1=C(C)[N-](O)->[Co+3]2(<-[CH2-]CC#N)(<-NCC(C)N)(<-N1=O)<-N(=O)C(C)=C(C)[N-]->2O,CC1=C(C)[N-](O)->[Co+3]2(<-[CH2-]CC#N)(<-NCC(C)N)(<-N1=O)<-N(=O)C(C)=C(C)[N-]->2O
XAQFIE,CC/C1C(C)=O->[Pd@@+2]2(<-[C-]=1\c1ccccc1)<-N(=C\c1ccccc1)/c1ccccc1[P@TB16]->2(c1ccccc1)c1ccccc1,C37 H33 N1 O1 P1 Pd1 1+,1.0,CCC1C(C)=O->[Pd+2]2(<-[C-]=1c1ccccc1)<-N(=Cc1ccccc1)c1ccccc1P->2(c1ccccc1)c1ccccc1,CCC1C(C)=O->[Pd+2]2(<-[C-]=1c1ccccc1)<-N(=Cc1ccccc1)c1ccccc1P->2(c1ccccc1)c1ccccc1,CCC1C(C)=O->[Pd+2]2(<-[C-]=1c1ccccc1)<-N(=Cc1ccccc1)c1ccccc1P->2(c1ccccc1)c1ccccc1
XARGEC,,C12 H15 Mn1 O3,0.0,CCO[C-2](C)->[Mn+3]1234(<-[C-]#[O+])(<-[C-]#[O+])<-c5c->1c->2(C)c->3[cH-]->45,CCO[C](C)->[Mn+]1234(<-[C-]#[O+])(<-[C-]#[O+])<-c5c->1c->2[c-]->3(C)c->45,CCO[C](C)->[Mn+]1234(<-[C-]#[O+])(<-[C-]#[O+])<-c5c->1c->2[c-]->3(C)c->45
XARSUF,,C28 H41 B1 Mo1 N6 O3,0.0,CC(C)c1cc[n+]2[BH-]3[n+]4ccc(C(C)C)[n-]4->[Mo+6](<-[O-2])(<-[O-2])(<-[O-]c4ccccc4C(C)(C)C)(<-[n-]12)<-[n-]1c(C(C)C)cc[n+]13,CC(C)c1ccn2[BH-]3n4ccc(C(C)C)n4->[Mo+6](<-[O-2])(<-[O-2])(<-[O-]c4ccccc4C(C)(C)C)(<-n12)<-n1c(C(C)C)ccn13,CC(C)c1ccn2[BH-]3n4ccc(C(C)C)n4->[Mo+6](<-[O-2])(<-[O-2])(<-[O-]c4ccccc4C(C)(C)C)(<-n12)<-n1c(C(C)C)ccn13
XASLUB,,C26 H34 Au1 I2 N6 O2 1+,1.0,Cc1cc(C)c(-n2n[n+](C)c(CO)[c]2->[Au+](<-[I-])(<-[I-])<-[c]2c(CO)n(C)n[n+]2-c2c(C)cc(C)cc2C)c(C)c1,Cc1cc(C)c(-n2n[n+](C)c(CO)[c-]2->[Au+3](<-[I-])(<-[I-])<-[c-]2c(CO)n(C)n[n+]2-c2c(C)cc(C)cc2C)c(C)c1,Cc1cc(C)c(-n2n[n+](C)c(CO)[c-]2->[Au+3](<-[I-])(<-[I-])<-[c-]2c(CO)n(C)n[n+]2-c2c(C)cc(C)cc2C)c(C)c1
XATSIW,CC1=CC=CC23=C->[Rh+3]<-245678(<-c2(C)c->4(C)c->5(C)[c-]->6(C)c->72C)<-[C-]13P->8(C)c1c(C)cccc1C,C27 H35 P1 Rh1 1+,1.0,fail,Cc1cccc(C)c1P1(C)c23->[Rh+3]<-145678(<-[CH2-]c->42cccc3C)<-c1(C)c->5(C)c->6(C)[c-]->7(C)c->81C,Cc1cccc(C)c1P1(C)c23->[Rh+3]<-145678(<-[CH2-]c->42cccc3C)<-c1(C)c->5(C)c->6(C)[c-]->7(C)c->81C
XAVJEJ,[Cl-]->[Ru+2]123(<-N(=N\c4ccccn->14)/c1ccccc1)<-n1ccccc1-c1cccc(-c4ccccn->24)n->31,C26 H20 Cl1 N6 Ru1 1+,1.0,[Cl-]->[Ru+2]123(<-N(=Nc4ccccn->14)c1ccccc1)<-n1ccccc1-c1cccc(-c4ccccn->24)n->31,[Cl-]->[Ru+4]123(<-n4ccccc4-c4cccc(-c5ccccn->15)n->24)<-[N-](N=c1cccc[n-]->31)c1ccccc1,[Cl-]->[Ru+4]123(<-n4ccccc4-c4cccc(-c5ccccn->15)n->24)<-[N-](N=c1cccc[n-]->31)c1ccccc1
XAWDOO,,C25 H42 N1 O1 P1 Si1 W1,0.0,Cc12->[W+5]3456(<-[CH2-][C-]->3(c3ccccc3)[P](C)(C)C)(<-[CH2-][Si](C)(C)C)(<-[N-]=O)<-c1(C)c->4(C)[c-]->5(C)c->62C,Cc12->[W+4]3456(<-[CH2-][C-]->3(c3ccccc3)[P+](C)(C)C)(<-[CH2-][Si](C)(C)C)(<-[N-]=O)<-c1(C)c->4(C)[c-]->5(C)c->62C,Cc12->[W+4]3456(<-[CH2-][C-]->3(c3ccccc3)[P+](C)(C)C)(<-[CH2-][Si](C)(C)C)(<-[N-]=O)<-c1(C)c->4(C)[c-]->5(C)c->62C
XAWTAR,Cc1cc(C)c([N-]2CCN3CC[N-](c4c(C)cc(C)cc4C)->[Hf+4]<-2<-34(<-[CH2-]c2ccccc2)<-[CH2-]c->42ccccc2)c(C)c1,C36 H45 Hf1 N3,0.0,fail,Cc1cc(C)c([N-]2CCN3CC[N-](c4c(C)cc(C)cc4C)->[Hf+4]<-2<-3(<-[CH2-]c2ccccc2)<-[CH2-]c2ccccc2)c(C)c1,Cc1cc(C)c([N-]2CCN3CC[N-](c4c(C)cc(C)cc4C)->[Hf+4]<-2<-3(<-[CH2-]c2ccccc2)<-[CH2-]c2ccccc2)c(C)c1
XAXLEQ,[O+]#[C-]->[Ru+2]123(<-[c-]4ccc5ccccc5c4-c4ccccn->14)<-S1CCS->2CCS->3CC1,C22 H22 N1 O1 Ru1 S3 1+,1.0,[O+]#[C-]->[Ru+2]123(<-[c-]4ccc5ccccc5c4-c4ccccn->14)<-S1CCS->2CCS->3CC1,[O+]#[C-]->[Ru+2]123(<-[c-]4ccc5ccccc5c4-c4ccccn->14)<-S1CCS->2CCS->3CC1,[O+]#[C-]->[Ru+2]123(<-[c-]4ccc5ccccc5c4-c4ccccn->14)<-S1CCS->2CCS->3CC1
XAYREX,CCCCN1C=CN(C)[C]1->[Pd+2](<-[Cl-])(<-[Cl-])<-n1ccccc1,C13 H19 Cl2 N3 Pd1,0.0,CCCCN1C=CN(C)[C]1->[Pd+2](<-[Cl-])(<-[Cl-])<-n1ccccc1,CCCCN1C=CN(C)[C]1->[Pd+2](<-[Cl-])(<-[Cl-])<-n1ccccc1,CCCCN1C=CN(C)[C]1->[Pd+2](<-[Cl-])(<-[Cl-])<-n1ccccc1
XEBJAS,CC(C)(C)[N+]#[C-]->[Ru+2](<-[Br-])(<-[Br-])(<-[C-]#[N+]C(C)(C)C)(<-[C-]#[N+]C(C)(C)C)<-[C-]#[N+]C(C)(C)C,C20 H36 Br2 N4 Ru1,0.0,CC(C)(C)[N+]#[C-]->[Ru+2](<-[Br-])(<-[Br-])(<-[C-]#[N+]C(C)(C)C)(<-[C-]#[N+]C(C)(C)C)<-[C-]#[N+]C(C)(C)C,CC(C)(C)[N+]#[C-]->[Ru+2](<-[Br-])(<-[Br-])(<-[C-]#[N+]C(C)(C)C)(<-[C-]#[N+]C(C)(C)C)<-[C-]#[N+]C(C)(C)C,CC(C)(C)[N+]#[C-]->[Ru+2](<-[Br-])(<-[Br-])(<-[C-]#[N+]C(C)(C)C)(<-[C-]#[N+]C(C)(C)C)<-[C-]#[N+]C(C)(C)C
XECDER,Cc1cccc(C)c1/N1=C(/C=C(\[N-](c2c(C)cccc2C)->[Cu@+]<-12<-O=N->2c1c(F)c(F)c(F)c(F)c1F)C(F)(F)F)C(F)(F)F,C27 H19 Cu1 F11 N3 O1,0.0,Cc1cccc(C)c1N1=C(C=C([N-](c2c(C)cccc2C)->[Cu+3]<-12<-[O-][N-]->2c1c(F)c(F)c(F)c(F)c1F)C(F)(F)F)C(F)(F)F,Cc1cccc(C)c1N1=C(C=C([N-](c2c(C)cccc2C)->[Cu+3]<-12<-[O-][N-]->2c1c(F)c(F)c(F)c(F)c1F)C(F)(F)F)C(F)(F)F,Cc1cccc(C)c1N1=C(C=C([N-](c2c(C)cccc2C)->[Cu+3]<-12<-[O-][N-]->2c1c(F)c(F)c(F)c(F)c1F)C(F)(F)F)C(F)(F)F
XECSUT,,C18 H38 Ni1 P2,0.0,CC1#C(C)->[Ni]<-12<-P(CCP->2(C(C)C)C(C)C)(C(C)C)C(C)C,CC1#C(C)->[Ni]<-12<-P(CCP->2(C(C)C)C(C)C)(C(C)C)C(C)C,CC1#C(C)->[Ni]<-12<-P(CCP->2(C(C)C)C(C)C)(C(C)C)C(C)C
XEDCIU,,C24 H28 Cl4 N4 Ni1 O4,0.0,CN(C)C=O->[Ni+2]123(<-O=CN(C)C)<-[O-]c4c(Cl)cc(Cl)cc4C=N->1CCCCN->2=Cc1cc(Cl)cc(Cl)c1[O-]->3,CN(C)C=O->[Ni+2]123(<-O=CN(C)C)<-[O-]c4c(Cl)cc(Cl)cc4C=N->1CCCCN->2=Cc1cc(Cl)cc(Cl)c1[O-]->3,CN(C)C=O->[Ni+2]123(<-O=CN(C)C)<-[O-]c4c(Cl)cc(Cl)cc4C=N->1CCCCN->2=Cc1cc(Cl)cc(Cl)c1[O-]->3
XEDNOM,CN(/C1=N/N(=O)->[Ni+2]2(<-[NH-]1)<-[NH-]/C(=N\N->2=O)N(C)c1ccccc1)c1ccccc1,C16 H18 N8 Ni1 O2,0.0,CN(C1N=N([O])->[Ni]2(<-N=1)<-N=C(N=N->2[O])N(C)c1ccccc1)c1ccccc1,CN(C1=NN(=O)->[Ni+2]2(<-[NH-]1)<-[NH-]C(=NN->2=O)N(C)c1ccccc1)c1ccccc1,CN(C1=NN(=O)->[Ni+2]2(<-[NH-]1)<-[NH-]C(=NN->2=O)N(C)c1ccccc1)c1ccccc1
XEFNAY,,C39 H31 Ir1 N2 O2,0.0,fail,CC1=CC(C)=O->[Ir+3]23(<-[O-]1)(<-[c-]1ccccc1-c1ccc(-c4ccccc4)cn->21)<-[c-]1ccccc1-c1ccc(-c2ccccc2)cn->31,CC1=CC(C)=O->[Ir+3]23(<-[O-]1)(<-[c-]1ccccc1-c1ccc(-c4ccccc4)cn->21)<-[c-]1ccccc1-c1ccc(-c2ccccc2)cn->31
XEGDIZ,,C19 H17 Cl1 Cu1 N6 O6,0.0,[O-][Cl+3]([O-])([O-])[O-]->[Cu+2]1(<-[OH-])(<-O)<-n2ccccc2-c2n(Cn3nnc4ccccc43)c3ccccc3n->12,[O-2].[O-2].[O-2]->[Cu+9]1(<-[OH-])(<-[OH-])<-n2ccccc2-c2n(Cn3nnc4ccccc43)c3ccccc3n->12.[O-]Cl,[O-2].[O-2].[O-2]->[Cu+9]1(<-[OH-])(<-[OH-])<-n2ccccc2-c2n(Cn3nnc4ccccc43)c3ccccc3n->12.[O-]Cl
XEHLOO,CC(C)P1(Cc2cccc3CP(C(C)C)(C(C)C)->[Ir+3]<-14(<-[CH-]=C(c1ccccc1)c1cccc[c-]->41)<-[c-]23)C(C)C,C34 H45 Ir1 P2,0.0,CC(C)P1(Cc2cccc3CP(C(C)C)(C(C)C)->[Ir+3]<-14(<-[CH-]=C(c1ccccc1)c1cccc[c-]->41)<-[c-]23)C(C)C,CC(C)P1(Cc2cccc3CP(C(C)C)(C(C)C)->[Ir+3]<-14(<-[CH-]=C(c1ccccc1)c1cccc[c-]->41)<-[c-]23)C(C)C,CC(C)P1(Cc2cccc3CP(C(C)C)(C(C)C)->[Ir+3]<-14(<-[CH-]=C(c1ccccc1)c1cccc[c-]->41)<-[c-]23)C(C)C
XEJNEG,CN/C1=N/N2=C(\C)c3c(F)ccc[c-]3->[Pd+2]<-23(<-[S-]1)<-P(/C=C\P->3(c1ccccc1)c1ccccc1)(c1ccccc1)c1ccccc1,C36 H32 F1 N3 P2 Pd1 S1,0.0,CNC1=NN2=C(C)c3c(F)ccc[c-]3->[Pd+2]<-2(<-[S-]1)<-P(C=CP(c1ccccc1)c1ccccc1)(c1ccccc1)c1ccccc1,CNC1=NN2=C(C)c3c(F)ccc[c-]3->[Pd+2]<-2(<-[S-]1)<-P(C=CP(c1ccccc1)c1ccccc1)(c1ccccc1)c1ccccc1,CNC1=NN2=C(C)c3c(F)ccc[c-]3->[Pd+2]<-23(<-[S-]1)<-P(C=CP->3(c1ccccc1)c1ccccc1)(c1ccccc1)c1ccccc1
XEKCOI,COc1ccccc1N->[Zn+2](<-[I-])(<-[I-])<-Nc1ccccc1OC,C14 H18 I2 N2 O2 Zn1,0.0,COc1ccccc1N->[Zn+2](<-[I-])(<-[I-])<-Nc1ccccc1OC,COc1ccccc1N->[Zn+2](<-[I-])(<-[I-])<-Nc1ccccc1OC,COc1ccccc1N.COc1ccccc1N->[Zn+2](<-[I-])<-[I-]
XEKJII,Cn1ccn2->[Ru+2]3(<-[Cl-])(<-[Cl-])(<-N(=N\c12)/c1ccccc1S->3C)<-[P@TB8](c1ccccc1)(c1ccccc1)c1ccccc1,C29 H27 Cl2 N4 P1 Ru1 S1,0.0,Cn1ccn2->[Ru+2]3(<-[Cl-])(<-[Cl-])(<-N(=Nc12)c1ccccc1S->3C)<-P(c1ccccc1)(c1ccccc1)c1ccccc1,Cn1cc[n-]2->[Ru+4]3(<-[Cl-])(<-[Cl-])(<-[N-](N=c12)c1ccccc1S->3C)<-P(c1ccccc1)(c1ccccc1)c1ccccc1,Cn1cc[n-]2->[Ru+4]3(<-[Cl-])(<-[Cl-])(<-[N-](N=c12)c1ccccc1S->3C)<-P(c1ccccc1)(c1ccccc1)c1ccccc1
XELLEG,NC1/N=c2/scc3CS4CCC(N=[S@@](N)(=O)[O-])=N->[Co+3]<-45(<-N=1)(<-NCCN->5)<-[n-]32,C10 H21 Co1 N9 O2 S3 1+,1.0,NC1=Nc2scc3CS4CCC(=NS(N)(=O)=O)[NH-]->[Co+3]<-45(<-[NH-]1)(<-NCCN->5)<-n32,NC1N=c2scc3CS4CCC(=NS(=[NH2+])(=O)[O-])[NH-]->[Co+3]<-45(<-N=1)(<-NCCN->5)<-[n-]32,NC1N=c2scc3CS4CCC(=NS(=[NH2+])(=O)[O-])[NH-]->[Co+3]<-45(<-N=1)(<-NCCN->5)<-[n-]32
XEMHOO,C[O-]->[V+5]12(<-[O-2])(<-[O-]/C(=N\N->1=C\c1cc(Br)ccc1[O-]->2)c1cccc(C)c1O)<-OC,C17 H18 Br1 N2 O6 V1,0.0,C[O-]->[V+5]12(<-[O-2])(<-[O-]C(=NN->1=Cc1cc(Br)ccc1[O-]->2)c1cccc(C)c1O)<-OC,C[O-]->[V+5]12(<-[O-2])(<-[O-]C(=NN->1=Cc1cc(Br)ccc1[O-]->2)c1cccc(C)c1O)<-OC,CO.C[O-]->[V+5]12(<-[O-2])<-[O-]C(c3cccc(C)c3O)=NN->1=Cc1cc(Br)ccc1[O-]->2
XENFOL,[Br-]->[Zn+2]1(<-[Br-])<-[O-]/[N+](=C\c2ccccn->12)Cc1ccccc1,C13 H12 Br2 N2 O1 Zn1,0.0,[Br-]->[Zn+2]1(<-[Br-])<-[O-][N+](=Cc2ccccn->12)Cc1ccccc1,[Br-]->[Zn+4]1(<-[Br-])<-[O-]N(C=C2C=CC=C[N-]->12)Cc1ccccc1,[Br-]->[Zn+4]1(<-[Br-])<-[O-]N(C=C2C=CC=C[N-]->12)Cc1ccccc1
XEPFEE,CC(C)[C@H]1COC2CN3CC(=O)[O-]->[Zn+2](<-[Cl-])(<-N=21)<-N1=C(C3)OC[C@@H]1C(C)C,C16 H26 Cl1 N3 O4 Zn1,0.0,CC(C)C1COC2CN34CC(=O)[O-]->[Zn+2]<-3(<-[Cl-])(<-N=21)<-N1=C(C4)OCC1C(C)C,CC(C)C1COC2CN3CC(=O)[O-]->[Zn+2](<-[Cl-])(<-N=21)<-N1=C(C3)OCC1C(C)C,CC(C)C1COC2CN34CC(=O)[O-]->[Zn+2]<-3(<-[Cl-])(<-N=21)<-N1=C(C4)OCC1C(C)C
XEQBEB,Cc1ccc2-c3cccc(Cl)c3/C=N(/Cc3ccccc3)->[Pt@+2](<-[Cl-])(<-[c-]2c1)<-S(C)(C)=O,C23 H23 Cl2 N1 O1 Pt1 S1,0.0,Cc1ccc2-c3cccc(Cl)c3C=N(Cc3ccccc3)->[Pt+2](<-[Cl-])(<-[c-]2c1)<-S(C)(C)=O,Cc1ccc2-c3cccc(Cl)c3C=N(Cc3ccccc3)->[Pt+2](<-[Cl-])(<-[c-]2c1)<-S(C)(C)=O,Cc1ccc2-c3cccc(Cl)c3C=N(Cc3ccccc3)->[Pt+2](<-[Cl-])(<-[c-]2c1)<-S(C)(C)=O
XEQTIZ,,C27 H35 B1 N2 O2 W1,0.0,CC1=C(C)N(C)[C]([BH2-]2C3=C(c4ccccc4)->[W+2]<-2<-34567(<-[C-]#[O+])(<-[C-]#[O+])<-c2(C)c->4(C)c->5(C)[c-]->6(C)c->72C)N1C,CC1=C(C)N(C)C(=[BH-]2C3=C(c4ccccc4)->[W+2]<-2<-34567(<-[C-]#[O+])(<-[C-]#[O+])<-c2(C)c->4(C)c->5(C)[c-]->6(C)c->72C)N1C,CC1=C(C)N(C)C(=[BH-]2C3=C(c4ccccc4)->[W+2]<-2<-34567(<-[C-]#[O+])(<-[C-]#[O+])<-c2(C)c->4(C)c->5(C)[c-]->6(C)c->72C)N1C
XERGIL,Cc1n[nH]c(=S->[Ag+]<-S=c2[nH]nc(C)n2N)n1N,C6 H12 Ag1 N8 S2 1+,1.0,Cc1n[nH]c(=S->[Ag+]2<-Nn3c(C)n[nH]c3=S->2)n1N,Cc1n[nH]c(=S->[Ag+]2<-Nn3c(C)n[nH]c3=S->2)n1N,Cc1n[nH]c(=S->[Ag+]<-S=c2[nH]nc(C)n2N)n1N
XESBUU,,C21 H19 Cr1 O2 P1,0.0,[O+]#[C-]->[CrH+]12345(<-[C-]#[O+])<-c6c->1c->2(CCP->3(c1ccccc1)c1ccccc1)c->4[cH-]->56,[O+]#[C-]->[CrH+]12345(<-[C-]#[O+])<-c6c->1c->2[c-]->3(CCP->4(c1ccccc1)c1ccccc1)c->56,[O+]#[C-]->[CrH+]12345(<-[C-]#[O+])<-c6c->1c->2[c-]->3(CCP->4(c1ccccc1)c1ccccc1)c->56
XETGIM,,C14 H9 Cl7 N2 O4 Pt1,0.0,Oc1c(Cl)cc(Cl)cc1C=N(O)->[Pt+4]1(<-[Cl-])(<-[Cl-])(<-[Cl-])<-[O-]c2c(Cl)cc(Cl)cc2C=N->1O,[O-]N(=Cc1cc(Cl)cc(Cl)c1O)->[Pt+6]1(<-[Cl-])(<-[Cl-])(<-[Cl-])<-[O-]c2c(Cl)cc(Cl)cc2C=N->1[O-],[O-]N(=Cc1cc(Cl)cc(Cl)c1O)->[Pt+6]1(<-[Cl-])(<-[Cl-])(<-[Cl-])<-[O-]c2c(Cl)cc(Cl)cc2C=N->1[O-]
XETVUN,CN(C)[CH]->[Pt@+2](<-[Cl-])(<-[CH2-]Cl)<-P(c1ccccc1)(c1ccccc1)c1ccccc1,C22 H24 Cl2 N1 P1 Pt1,0.0,CN(C)[CH]->[Pt+2](<-[Cl-])(<-[CH2-]Cl)<-P(c1ccccc1)(c1ccccc1)c1ccccc1,CN(C)[CH]->[Pt+2](<-[Cl-])(<-[CH2-]Cl)<-P(c1ccccc1)(c1ccccc1)c1ccccc1,CN(C)[CH]->[Pt+2](<-[Cl-])(<-[CH2-]Cl)<-P(c1ccccc1)(c1ccccc1)c1ccccc1
XEVPEU,CN1(C)CC[c-]23->[Ti+4]<-1456(<-[CH3-])(<-[CH3-])(<-[Cl-])<-c(c->42)c->51ccccc->613,C15 H22 Cl1 N1 Ti1,0.0,CN1(C)CCc23->[Ti+4]<-1456(<-[CH3-])(<-[CH3-])(<-[Cl-])<-c([cH-]->42)c->51ccccc->631,CN1(C)CC[c-]23->[Ti+4]<-1456(<-[CH3-])(<-[CH3-])(<-[Cl-])<-c(c->42)c->51ccccc->613,CN(C)CC[c-]12->[Ti+4]345(<-[CH3-])(<-[CH3-])(<-[Cl-])<-c(c->31)c->41ccccc->512
XEWTIF,CN1C=CN2C3C(=O)[O-]->[Ir+3]456(<-[Cl-])(<-[C]12)(<-[C]1N(C)C=CN13)<-C1=C->4/CC/C->5=C->6\CC\1,C18 H23 Cl1 Ir1 N4 O2 1+,1.0,CN1C=CN2C3C(=O)[O-]->[Ir+3]456(<-[Cl-])(<-[C]12)(<-[C]1N(C)C=CN13)<-C1=C->4CCC->5=C->6CC1,CN1C=CN2C3C(=O)[O-]->[Ir+3]456(<-[Cl-])(<-[C]12)(<-[C]1N(C)C=CN13)<-C1=C->4CCC->5=C->6CC1,CN1C=CN2C3C(=O)[O-]->[Ir+3]456(<-[Cl-])(<-[C]12)(<-[C]1N(C)C=CN13)<-C1=C->4CCC->5=C->6CC1
XEYBEJ,CCN1(CC)CCN(CC)(CC)->[Pd+2]<-1(<-[C-](F)(F)F)<-[C-](F)(F)F,C12 H24 F6 N2 Pd1,0.0,CCN1(CC)CCN(CC)(CC)->[Pd+2]<-1(<-[C-](F)(F)F)<-[C-](F)(F)F,CCN1(CC)CCN(CC)(CC)->[Pd+2]<-1(<-[C-](F)(F)F)<-[C-](F)(F)F,CCN1(CC)CCN(CC)(CC)->[Pd+2]<-1(<-[C-](F)(F)F)<-[C-](F)(F)F
XEYQOH,,C33 H16 Mn1 N10 O2 1-,-1.0,O=C=[N-]->[Mn+3]123(<-[N-]=O)<-n4c5nc6c7ccccc7c(nc7n->1c(nc1c8ccccc8c(nc4-c4ccccc4-5)[n-]->21)-c1ccccc1-7)[n-]->36,O=C=[N-]->[Mn+5]123(<-[N-]=O)<-[n-]4c5c6ccccc6c4N=c4c6ccccc6c([n-]->14)=Nc1c4ccccc4c([n-]->21)N=c1c2ccccc2c([n-]->31)=N5,
XIBCOB,,C37 H38 Mo1 N5 O4 1+,1.0,fail,Cc1ccc(NC(=O)c2ccn3->[Mo+2]45(<-[C-]#[O+])(<-[C-]#[O+])(<-[C-]#[N+]C(C)(C)C)(<-C=C->4(C)[CH2-]->5)<-n4ccc(C(=O)Nc5ccc(C)cc5)cc4-c3c2)cc1,Cc1ccc(NC(=O)c2ccn3->[Mo+2]45(<-[C-]#[O+])(<-[C-]#[O+])(<-[C-]#[N+]C(C)(C)C)(<-C=C->4(C)[CH2-]->5)<-n4ccc(C(=O)Nc5ccc(C)cc5)cc4-c3c2)cc1
XICBUI,,C24 H22 N2 O11 Zn1,0.0,O=C([O-])COc1cccc(OCC(=O)O)c1O1CC(=O)[O-]->[Zn+2]<-12(<-O)(<-O)<-n1cccc3ccc4cccn->2c4c31,O=C([O-])COc1cccc(OCC(=O)O)c1OCC(=O)[O-]->[Zn+6]1(<-[O-2])(<-[O-2])<-n2cccc3ccc4cccn->1c4c32,O=C(O)COc1cccc2OCC(=O)O[O-]->[Zn+2]34(<-[O-]O->3C(=O)COc12)<-n1cccc2ccc3cccn->4c3c21
XIDLEE,CC(C)(C)P1(Cc2ccc3CP(C(C)(C)C)(C(C)(C)C)->[Rh@TB4+]<-14(<-[H][H]->4)<-[n-]23)C(C)(C)C,C22 H44 N1 P2 Rh1,0.0,CC(C)(C)P1(Cc2ccc3CP(->[RhH2+]<-1<-[n-]23)(C(C)(C)C)C(C)(C)C)C(C)(C)C,CC(C)(C)P1(Cc2ccc3CP(->[RhH2+]<-1<-[n-]23)(C(C)(C)C)C(C)(C)C)C(C)(C)C,CC(C)(C)P1(Cc2ccc3CP(->[RhH2+]<-1<-[n-]23)(C(C)(C)C)C(C)(C)C)C(C)(C)C
XIDYIS,CC(C)c12->[Ru+2]3456(<-[Cl-])(<-[Cl-])(<-[C-]#[N+][c-]7ccc(=[N+]=Nc8ccccc8)cc7)<-c(c->31)c->4(C)c->5c->62,C23 H23 Cl2 N3 Ru1,0.0,CC(C)c12->[Ru+2]3456(<-[Cl-])(<-[Cl-])(<-[C-]#[N+]c7ccc(N=Nc8ccccc8)cc7)<-c(c->31)c->4(C)c->5c->62,CC(C)c12->[Ru+2]3456(<-[Cl-])(<-[Cl-])(<-[C-]#[N+]c7ccc(N=Nc8ccccc8)cc7)<-c(c->31)c->4(C)c->5c->62,CC(C)c12->[Ru+2]3456(<-[Cl-])(<-[Cl-])(<-[C-]#[N+]c7ccc(N=Nc8ccccc8)cc7)<-c(c->31)c->4(C)c->5c->62
XIFVAM,,C26 H39 Cl1 Fe1 N3 O7 1+,1.0,CC1c2cccc3C4=N(->[Fe+2](<-O)(<-O)(<-[O-][Cl+3]([O-])([O-])[O-])(<-N=1c1c(C(C)C)cccc1C(C)C)<-n23)C(C(C)(C)C)CO4,CC1=N(c2c(C(C)C)cccc2C(C)C)->[Fe+8]2(<-[O-2])(<-O)(<-O)<-N3=C(OCC3C(C)(C)C)c3cccc1n->23.[O-2].[O-2].[O-]Cl,CC1=N(c2c(C(C)C)cccc2C(C)C)->[Fe+8]2(<-[O-2])(<-O)(<-O)<-N3=C(OCC3C(C)(C)C)c3cccc1n->23.[O-2].[O-2].[O-]Cl
XIGHUQ,CC(C)P1(CCN(C)(C)->[Pt+2]<-12<-[C-](=C(C(\c1ccccc1)=[C-]->2\c1ccccc1)/c1ccccc1)/c1ccccc1)C(C)C,C38 H44 N1 P1 Pt1,0.0,CC(C)P1(CCN(C)(C)->[Pt+2]<-12<-[C-](=C(C(c1ccccc1)=[C-]->2c1ccccc1)c1ccccc1)c1ccccc1)C(C)C,CC(C)P1(CCN(C)(C)->[Pt+2]<-12<-[C-](=C(C(c1ccccc1)=[C-]->2c1ccccc1)c1ccccc1)c1ccccc1)C(C)C,CC(C)P1(CCN(C)(C)->[Pt+2]<-12<-[C-](=C(C(c1ccccc1)=[C-]->2c1ccccc1)c1ccccc1)c1ccccc1)C(C)C
XIJTEQ,[O+]#[C-]->[Re+]1(<-[Cl-])(<-[C-]#[O+])(<-[C-]#[O+])<-O=C(c2ccccc2)c2ccccn->12,C15 H9 Cl1 N1 O4 Re1,0.0,[O+]#[C-]->[Re+]1(<-[Cl-])(<-[C-]#[O+])(<-[C-]#[O+])<-O=C(c2ccccc2)c2ccccn->12,[O+]#[C-]->[Re+3]1(<-[Cl-])(<-[C-]#[O+])(<-[C-]#[O+])<-[O-]C(=C2C=CC=C[N-]->12)c1ccccc1,[O+]#[C-]->[Re+3]1(<-[Cl-])(<-[C-]#[O+])(<-[C-]#[O+])<-[O-]C(=C2C=CC=C[N-]->12)c1ccccc1
XIKRIT,,C16 H39 N2 O1 P2 Re1,0.0,CC(C)P1(CCN2CCP(C(C)C)(C(C)C)->[ReH2+]<-2<-1<-[N-]=O)C(C)C,CC(C)P1(CCN2CCP(C(C)C)(C(C)C)->[ReH2+]<-2<-1<-[N-]=O)C(C)C,CC(C)P1(CCN2CCP(C(C)C)(C(C)C)->[ReH2+]<-2<-1<-[N-]=O)C(C)C
XILGUU,Nc1ccc(C2=O->[Zn+2]34(<-O=C([O-]->3)c3ccc(N)cc3)(<-[O-]2)<-n2cccc3ccc5cccn->4c5c32)cc1,C26 H20 N4 O4 Zn1,0.0,fail,Nc1ccc(C(=O)[O-]->[Zn+2]2(<-[O-]C(=O)c3ccc(N)cc3)<-n3cccc4ccc5cccn->2c5c43)cc1,Nc1ccc(C23=O->[Zn+2]<-2456(<-O=C->4([O-]->5)c2ccc(N)cc2)(<-[O-]3)<-n2cccc3ccc4cccn->6c4c32)cc1
XIMWIB,,C40 H33 I1 Ir1 N6 1+,1.0,Cc1cccc2N3c4ccccc4N4Cc5ccccn5->[IrH+2]5(<-[I-])(<-[C]43)<-[C]3N(Cc4ccccn->54)c4ccccc4N3c3cccc(C)c3-c12,Cc1cccc2N3c4ccccc4N4Cc5ccccn5->[IrH+2]5(<-[I-])(<-[C]43)<-[C]3N(Cc4ccccn->54)c4ccccc4N3c3cccc(C)c3-c12,Cc1cccc2N3c4ccccc4N4Cc5ccccn5->[IrH+2]5(<-[I-])(<-[C]43)<-[C]3N(Cc4ccccn->54)c4ccccc4N3c3cccc(C)c3-c12
XINTOF,CC1=C/C2=C3\N=NN=N3->[Pt@OH23+2]3(<-[Cl-])<-n4ccc(C)cc4C(=C1)[N-]->32,C13 H11 Cl1 N6 Pt1,0.0,Cc1ccn2->[Pt+2]3(<-[Cl-])<-n4c(-c2c1)cc(C)cc4-c1nnn[n-]->31,CC1=CC2=C3N=NN=N3->[Pt+2]3(<-[Cl-])<-n4ccc(C)cc4C(=C1)[N-]->32,CC1=CC2=C3N=NN=N3->[Pt+2]3(<-[Cl-])<-n4ccc(C)cc4C(=C1)[N-]->32
XIPNER,COc1ccc(/C=N2/CC/N(=C/c3ccc(OC)c(OC)c3)->[Hg+2]<-2(<-[I-])<-[I-])cc1OC,C20 H24 Hg1 I2 N2 O4,0.0,COc1ccc(C=N2CCN(=Cc3ccc(OC)c(OC)c3)->[Hg+2]<-2(<-[I-])<-[I-])cc1OC,COc1ccc(C=N2CCN(=Cc3ccc(OC)c(OC)c3)->[Hg+2]<-2(<-[I-])<-[I-])cc1OC,COc1ccc(C=NCCN(=Cc2ccc(OC)c(OC)c2)->[Hg+2](<-[I-])<-[I-])cc1OC
XIQMIT,[O+]#[C-]->[W](<-[C-]#[O+])(<-[C-]#[O+])(<-[C-]#[O+])(<-[C-]#[O+])<-P(C1=[SH+]=C/C(=[NH+]/C(c2ccccc2)(c2ccccc2)c2ccccc2)S1)(c1ccccc1)c1ccccc1,C39 H27 N1 O5 P1 S2 W1 1+,1.0,[O+]#[C-]->[W](<-[C-]#[O+])(<-[C-]#[O+])(<-[C-]#[O+])(<-[C-]#[O+])<-P(c1ccccc1)(c1ccccc1)[c+]1scc(NC(c2ccccc2)(c2ccccc2)c2ccccc2)s1,[O+]#[C-]->[W+2](<-[C-]#[O+])(<-[C-]#[O+])(<-[C-]#[O+])(<-[C-]#[O+])<-P(c1ccccc1)(c1ccccc1)[C-]1SC=C(NC(c2ccccc2)(c2ccccc2)c2ccccc2)S1,[O+]#[C-]->[W+2](<-[C-]#[O+])(<-[C-]#[O+])(<-[C-]#[O+])(<-[C-]#[O+])<-P(c1ccccc1)(c1ccccc1)[C-]1SC=C(NC(c2ccccc2)(c2ccccc2)c2ccccc2)S1
XIRFEL,,C22 H16 Au1 Cl2 N3,0.0,[Cl-]->[Au+3]1(<-[Cl-])<-[C](Nc2ccc3ccccc3c2)N(c2ccccn2)c2cccc[c-]->12,[Cl-]->[Au+3]1(<-[Cl-])<-[C](Nc2ccc3ccccc3c2)N(c2ccccn2)c2cccc[c-]->12,[Cl-]->[Au+3]1(<-[Cl-])<-[C](Nc2ccc3ccccc3c2)N(c2ccccn2)c2cccc[c-]->12
XIRJOY,COc1ccc2ccc3ccc(OC)n4->[Ag+]5(<-[O-][N+](=O)[O-]->5)<-n1c2c34,C14 H12 Ag1 N3 O5,0.0,COc1ccc2ccc3ccc(OC)n4->[Ag+](<-[O-][N+](=O)[O-])<-n1c2c34,COc1ccc2ccc3ccc(OC)n4->[Ag+](<-[O-][N+](=O)[O-])<-n1c2c34,COc1ccc2ccc3ccc(OC)n4->[Ag+]5(<-[O-][N+](=O)[O-]->5)<-n1c2c34
XISBAD,S=C=[N-]->[Zn+2](<-[N-]=C=S)(<-[N-]=C=S)<-N1CC[NH2+]CC1,C7 H11 N5 S3 Zn1,0.0,S=C=[N-]->[Zn+2](<-[N-]=C=S)(<-[N-]=C=S)<-N1CC[NH2+]CC1,S=C=[N-]->[Zn+2](<-[N-]=C=S)(<-[N-]=C=S)<-N1CC[NH2+]CC1,C1C[NH2+]CCN1.S=C=[N-]->[Zn+2](<-[N-]=C=S)<-[N-]=C=S
XITHEO,CC(C)(C)c12->[Sc+3]3456(<-[CH2-]c7ccccc7N->3(C)C)(<-[CH2-]c3ccccc3N->4(C)C)<-c1(C)c->5(C)[c-]->6(C(C)(C)C)p2,C32 H48 N2 P1 Sc1,0.0,fail,CC(C)(C)c12->[Sc+3]34567(<-[CH2-]c8ccccc8N->3(C)C)(<-[CH2-]c3ccccc3N->4(C)C)<-p1[c-]->5(C(C)(C)C)c->6(C)c->72C,Cc1c(C)[c-]2(C(C)(C)C)->[Sc+3]345(<-[CH2-]c6ccccc6N->3(C)C)(<-[CH2-]c3ccccc3N->4(C)C)<-p2c->51C(C)(C)C
XIVGER,COc1ccccc1N/C1Nc2c(OC)ccc[c-]2->[Pd@+2](<-[S-]C#N)(<-N=1\c1ccccc1OC)<-P12CN3CN(CN(C3)C1)C2,C29 H34 N7 O3 P1 Pd1 S1,0.0,COc1ccccc1NC1Nc2c(OC)ccc[c-]2->[Pd+2](<-[S-]C#N)(<-N=1c1ccccc1OC)<-P12CN3CN(CN(C3)C1)C2,COc1ccccc1NC1Nc2c(OC)ccc[c-]2->[Pd+2](<-[S-]C#N)(<-N=1c1ccccc1OC)<-P12CN3CN(CN(C3)C1)C2,COc1ccccc1NC1Nc2c(OC)ccc[c-]2->[Pd+2]2(<-[S-]C->2#N)(<-N=1c1ccccc1OC)<-P12CN3CN(CN(C3)C1)C2
XIWBUC,Cc1cccc2nc(-c3ccc4cccn(->[Cd+2](<-[Cl-])(<-[Cl-])<-n5cccc6ccc(-c7nc8cccc(C)c8[nH]7)nc65)c4n3)[nH]c12,C32 H24 Cd1 Cl2 N8,0.0,Cc1cccc2nc(-c3ccc4cccn(->[Cd+2](<-[Cl-])(<-[Cl-])<-n5cccc6ccc(-c7nc8cccc(C)c8[nH]7)nc65)c4n3)[nH]c12,Cc1cccc2nc(-c3ccc4cccn(->[Cd+2](<-[Cl-])(<-[Cl-])<-n5cccc6ccc(-c7nc8cccc(C)c8[nH]7)nc65)c4n3)[nH]c12,Cc1cccc2nc(-c3ccc4cccn5->[Cd+2]6(<-[Cl-])(<-[Cl-])(<-n7cccc8ccc(-c9nc%10cccc(C)c%10[nH]9)n->6c87)<-n3c45)[nH]c12
XIWPUQ,Clc1cccc(Cl)c1/N1=N/c2ccccn2->[Co+]<-12(<-[Cl-])<-N(=N\c1ccccn->21)/c1c(Cl)cccc1Cl,C22 H14 Cl5 Co1 N6,0.0,Clc1cccc(Cl)c1N1=Nc2ccccn2->[Co+]<-12(<-[Cl-])<-N(=Nc1ccccn->21)c1c(Cl)cccc1Cl,Clc1cccc(Cl)c1[N-]1N=c2cccc[n-]2->[Co+5]<-12(<-[Cl-])<-[N-](N=c1cccc[n-]->21)c1c(Cl)cccc1Cl,Clc1cccc(Cl)c1[N-]1N=c2cccc[n-]2->[Co+5]<-12(<-[Cl-])<-[N-](N=c1cccc[n-]->21)c1c(Cl)cccc1Cl
XIWXIN,Cc1cccc(C)c1N1CCCCN(c2c(C)cccc2C)[C]1->[Au+]<-[Cl-],C21 H26 Au1 Cl1 N2,0.0,Cc1cccc(C)c1N1CCCCN(c2c(C)cccc2C)[C]1->[Au+]<-[Cl-],Cc1cccc(C)c1N1CCCCN(c2c(C)cccc2C)[C]1->[Au+]<-[Cl-],Cc1cccc(C)c1N1CCCCN(c2c(C)cccc2C)[C]1->[Au+]<-[Cl-]
XIXFOC,O=C1[O-]->[Ir+3]2345(<-[O-][O-]->2)(<-C2=C->3/CC/C->4=C->5\CC\2)<-n2ccccc21,C14 H16 Ir1 N1 O4,0.0,O=C1[O-]->[Ir+3]2345(<-[O-][O-]->2)(<-C2=C->3CCC->4=C->5CC2)<-n2ccccc21,O=C1[O-]->[Ir+3]2345(<-[O-][O-]->2)(<-C2=C->3CCC->4=C->5CC2)<-n2ccccc21,O=C1[O-]->[Ir+3]2345(<-[O-][O-]->2)(<-C2=C->3CCC->4=C->5CC2)<-n2ccccc21
XIXTIJ,CC1/C=C(/C)[O-]->[Pt+2]2(<-O=1)<-[C]1N(C)N=CN1c1ccc(Cl)c[c-]->21,C14 H14 Cl1 N3 O2 Pt1,0.0,fail,CC1=CC(C)=O->[Pt+2]2(<-[O-]1)<-[C]1N(C)N=CN1c1ccc(Cl)c[c-]->21,CC1=CC(C)=O->[Pt+2]2(<-[O-]1)<-[C]1N(C)N=CN1c1ccc(Cl)c[c-]->21
XIXZUA,CCCN1c2ccccc2S#C1->[Pd+2](<-[Br-])(<-[Br-])<-P(C1CCCCC1)(C1CCCCC1)C1CCCCC1,C28 H44 Br2 N1 P1 Pd1 S1,0.0,fail,CCCN1c2ccccc2S#C1->[Pd+2](<-[Br-])(<-[Br-])<-P(C1CCCCC1)(C1CCCCC1)C1CCCCC1,CCCN1c2ccccc2S#C1->[Pd+2](<-[Br-])(<-[Br-])<-P(C1CCCCC1)(C1CCCCC1)C1CCCCC1
XIYFUG,O->[Zn@OH2+2]123<-N4=C5C=C/C4=C(\c4ccccc4)c4ccc([n-]->14)C(=C1[CH+][CH+][CH+][CH-][CH-]1)c1ccc([n-]->21)C(=C1[CH+][CH+][CH+][CH-][CH-]1)c1ccc([n-]->31)C5=C1[CH+][CH-][CH-][CH+][CH-]1,C44 H30 N4 O1 Zn1,0.0,O->[Zn+2]123<-n4c5c(-c6ccccc6)c6ccc(c(-c7ccccc7)c7n->1c(c(-c1ccccc1)c1ccc(c(-c8ccccc8)c4C=C5)[n-]->21)C=C7)[n-]->36,O->[Zn+2]123<-n4c5c(-c6ccccc6)c6ccc(c(-c7ccccc7)c7n->1c(c(-c1ccccc1)c1ccc(c(-c8ccccc8)c4C=C5)[n-]->21)C=C7)[n-]->36,O->[Zn+2]123<-n4c5c(-c6ccccc6)c6ccc(c(-c7ccccc7)c7n->1c(c(-c1ccccc1)c1ccc(c(-c8ccccc8)c4C=C5)[n-]->21)C=C7)[n-]->36
XIYLUP,,C18 H22 B1 Mo1 N6 O2 Se1 1-,-1.0,Cc1cc(C)n2->[Mo+2]3(<-[C-2]=[Se])(<-[C-]#[O+])(<-[C-]#[O+])<-n4c(C)cc(C)n4[BH-](n12)n1c(C)cc(C)n->31,Cc1cc(C)n2->[Mo]3(<-[C]=[Se])(<-[C-]#[O+])(<-[C-]#[O+])<-n4c(C)cc(C)n4[BH-](n12)n1c(C)cc(C)n->31,Cc1cc(C)n2->[Mo]3(<-[C]=[Se])(<-[C-]#[O+])(<-[C-]#[O+])<-n4c(C)cc(C)n4[BH-](n12)n1c(C)cc(C)n->31
XIZGOD,Brc1ccccc1/[C-]1=[C-](\c2ccccc2Br)->[Pt@OH8+2]<-12<-[P@TB8](c1ccccc1)(c1ccccc1)c1ccccc1[P@TB19]->2(c1ccccc1)c1ccccc1,C44 H32 Br2 P2 Pt1,0.0,Brc1ccccc1C1#C(c2ccccc2Br)->[Pt]<-12<-P(c1ccccc1)(c1ccccc1)c1ccccc1P->2(c1ccccc1)c1ccccc1,Brc1ccccc1C1#C(c2ccccc2Br)->[Pt]<-12<-P(c1ccccc1)(c1ccccc1)c1ccccc1P->2(c1ccccc1)c1ccccc1,Brc1ccccc1C1#C(c2ccccc2Br)->[Pt]<-12<-P(c1ccccc1)(c1ccccc1)c1ccccc1P->2(c1ccccc1)c1ccccc1
XOBNEJ,CN1C=CN2c3cccc4-n5cc[n+](C)c5P(c5ccccc5)(c5ccccc5)->[Pd@TB6+2](<-[Cl-])(<-[C]12)<-[c-]34,C26 H23 Cl1 N4 P1 Pd1 1+,1.0,CN1C=CN2c3cccc4-n5cc[n+](C)c5P(c5ccccc5)(c5ccccc5)->[Pd+2](<-[Cl-])(<-[C]12)<-[c-]34,CN1C=CN2c3cccc4-n5cc[n+](C)c5P(c5ccccc5)(c5ccccc5)->[Pd+2](<-[Cl-])(<-[C]12)<-[c-]34,CN1C=CN2c3cccc4-n5cc[n+](C)c5P(c5ccccc5)(c5ccccc5)->[Pd+2](<-[Cl-])(<-[C]12)<-[c-]34
XOCKUX,CC(=O)C1=C(C)NC(=S->[Zn+2](<-O)(<-[I-])<-[I-])NC1,C7 H12 I2 N2 O2 S1 Zn1,0.0,CC(=O)C1=C(C)NC(=S->[Zn+2](<-O)(<-[I-])<-[I-])NC1,CC(=O)C1=C(C)NC(=S->[Zn+2](<-O)(<-[I-])<-[I-])NC1,CC(=O)C1=C(C)NC(=S->[Zn+2](<-[I-])<-[I-])NC1.O
XODREO,Cc1cc(C)c(N2CCN(c3c(C)cc(C)cc3C)[C]2->[Ru+4]2(<-[Cl-])(<-[Cl-])<-[CH-]=C3C=C[CH-]C=C3S->2C(C)(C)C)c(C)c1,C32 H40 Cl2 N2 Ru1 S1,0.0,Cc1cc(C)c(N2CCN(c3c(C)cc(C)cc3C)[C]2->[Ru+4]2(<-[Cl-])(<-[Cl-])<-[CH-2]c3ccccc3S->2C(C)(C)C)c(C)c1,Cc1cc(C)c(N2CCN(c3c(C)cc(C)cc3C)[C]2->[Ru+2]2(<-[Cl-])(<-[Cl-])<-[CH]c3ccccc3S->2C(C)(C)C)c(C)c1,Cc1cc(C)c(N2CCN(c3c(C)cc(C)cc3C)[C]2->[Ru+2]2(<-[Cl-])(<-[Cl-])<-[CH]c3ccccc3S->2C(C)(C)C)c(C)c1
XOGQAM,Cc1cccc(C)c1[N-2]->[Ti+4]12(<-[Cl-])(<-[Cl-])<-N3(C)CCN->1(C)CC(C)(N->2(C)C)C3,C18 H32 Cl2 N4 Ti1,0.0,Cc1cccc(C)c1[N-2]->[Ti+4]12(<-[Cl-])(<-[Cl-])<-N3(C)CCN->1(C)CC(C)(N->2(C)C)C3,Cc1cccc(C)c1[N-2]->[Ti+4]12(<-[Cl-])(<-[Cl-])<-N3(C)CCN->1(C)CC(C)(N->2(C)C)C3,Cc1cccc(C)c1[N-2]->[Ti+4]12(<-[Cl-])(<-[Cl-])<-N3(C)CCN->1(C)CC(C)(N->2(C)C)C3
XOJROD,O=S(=O)([O-]->[Pd+2]12<-P(CCP->1(c1ccccc1)c1ccccc1)(CCP->2(c1ccccc1)c1ccccc1)c1ccccc1)C(F)(F)F,C35 H33 F3 O3 P3 Pd1 S1 1+,1.0,O=S(=O)([O-]->[Pd+2]12<-P(CCP->1(c1ccccc1)c1ccccc1)(CCP->2(c1ccccc1)c1ccccc1)c1ccccc1)C(F)(F)F,O=S(=O)([O-]->[Pd+2]12<-P(CCP->1(c1ccccc1)c1ccccc1)(CCP->2(c1ccccc1)c1ccccc1)c1ccccc1)C(F)(F)F,O=S12(=O->[Pd+2]<-134(<-[O-]2)<-P(CCP->3(c1ccccc1)c1ccccc1)(CCP->4(c1ccccc1)c1ccccc1)c1ccccc1)C(F)(F)F
XOMFIR,CN(C)[C](N(C)C)->[Au+3](<-[I-])(<-[I-])<-[C](N(C)C)N(C)C,C10 H24 Au1 I2 N4 1+,1.0,CN(C)[C](N(C)C)->[Au+3](<-[I-])(<-[I-])<-[C](N(C)C)N(C)C,CN(C)[C](N(C)C)->[Au+3](<-[I-])(<-[I-])<-[C](N(C)C)N(C)C,CN(C)[C](N(C)C)->[Au+3](<-[I-])(<-[I-])<-[C](N(C)C)N(C)C
XONVAZ,C1=CC2=P([S-]->[Pt+2]3(<-[S-]P(=C4C=CC=C[C]->34)(c3ccccc3)c3ccccc3)<-[C]2C=C1)(c1ccccc1)c1ccccc1,C36 H28 P2 Pt1 S2,0.0,c1ccc(P2(=S->[Pt+2]3(<-S=P(c4ccccc4)(c4ccccc4)c4cccc[c-]->34)<-[c-]3ccccc32)c2ccccc2)cc1,C1=CC2=P([S-]->[Pt+2]3(<-[S-]P(=C4C=CC=C[C]->34)(c3ccccc3)c3ccccc3)<-[C]2C=C1)(c1ccccc1)c1ccccc1,C1=CC2=P3([S-]->[Pt+2]<-345(<-[S-]P->4(=C3C=CC=C[C]->53)(c3ccccc3)c3ccccc3)<-[C]2C=C1)(c1ccccc1)c1ccccc1
XOPZEI,CC(C)c1cccc(C(C)C)c1/N1=C(\c2ccccc2)N2C=CN(C)[C]2->[Pd+2]<-1(<-[Cl-])<-[Cl-],C23 H27 Cl2 N3 Pd1,0.0,CC(C)c1cccc(C(C)C)c1N1=C(c2ccccc2)N2C=CN(C)[C]2->[Pd+2]<-1(<-[Cl-])<-[Cl-],CC(C)c1cccc(C(C)C)c1N1=C(c2ccccc2)N2C=CN(C)[C]2->[Pd+2]<-1(<-[Cl-])<-[Cl-],CC(C)c1cccc(C(C)C)c1N1=C(c2ccccc2)N2C=CN(C)[C]2->[Pd+2]<-1(<-[Cl-])<-[Cl-]
XOQTEC,CC(C)(C)c1ccn2[BH-]3n4ccc(C(C)(C)C)n4->[Ni+2](<-[Cl-])(<-n12)<-n1c(C(C)(C)C)ccn13,C21 H34 B1 Cl1 N6 Ni1,0.0,CC(C)(C)c1ccn2[BH-]3n4ccc(C(C)(C)C)n4->[Ni+2](<-[Cl-])(<-n12)<-n1c(C(C)(C)C)ccn13,CC(C)(C)c1ccn2[BH-]3n4ccc(C(C)(C)C)n4->[Ni+2](<-[Cl-])(<-n12)<-n1c(C(C)(C)C)ccn13,CC(C)(C)c1ccn2[BH-]3n4ccc(C(C)(C)C)n4->[Ni+2](<-[Cl-])(<-n12)<-n1c(C(C)(C)C)ccn13
XOQZIN,Nc1ncnc2c1nc[n-]2->[Cd@TB7+2]123<-NCCN->1(CCN->2)CCN->3,C11 H22 Cd1 N9 1+,1.0,Nc1ncnc2c1nc[n-]2->[Cd+2]123<-NCCN->1(CCN->2)CCN->3,Nc1ncnc2c1nc[n-]2->[Cd+2]123<-NCCN->1(CCN->2)CCN->3,Nc1nc[n-]2->[Cd+2]3456(<-NCCN->3(CCN->4)CCN->5)<-n3cnc1-c->632
XORWAC,,C10 H18 Hg1 O7 S1,0.0,COC(=O)C1([S-]->[Hg+2]<-[CH3-])CC(O)C(O)C(C(O)CO)O1,COC(=O)C1([S-]->[Hg+4]<-[CH3-])CC(O)C([O-])C(C(O)C[O-])O1,C=O.COC(=O)C(CC(O)C=O)(OC=CO)[S-]->[Hg+2]<-[CH3-]
XOSTUW,,C24 H30 B1 N6 P2 Rh1,0.0,CP(C)(C)->[RhH+2]12(<-[n-]3ccc[n+]3[BH-]([n+]3ccc[n-]->13)[n+]1ccc[n-]->21)<-[P-](c1ccccc1)c1ccccc1,CP(C)(C)->[RhH+2]12(<-n3cccn3[BH-](n3cccn->13)n1cccn->21)<-[P-](c1ccccc1)c1ccccc1,CP(C)(C)->[RhH+2]12(<-n3cccn3[BH-](n3cccn->13)n1cccn->21)<-[P-](c1ccccc1)c1ccccc1
XOTMUP,COP(OC)(OC)->[Fe+4]1234(<-[CH+]5[CH-]->1[CH-]->2C[CH-]->3[CH-]->45)(<-P(OC)(OC)OC)<-P(OC)(OC)OC,C15 H34 Fe1 O9 P3 1+,1.0,fail,COP(OC)(OC)->[Fe+2]1234(<-C5=C->1C->2=C->3[CH-]->4C5)(<-P(OC)(OC)OC)<-P(OC)(OC)OC,COP(OC)(OC)->[Fe+2]1234(<-C5=C->1C->2=C->3[CH-]->4C5)(<-P(OC)(OC)OC)<-P(OC)(OC)OC
XOTXIP,COc1cccc2/C=N3/N=C(\[O-]->[Mo+6]<-3(<-[O-2])(<-[O-2])(<-[O-]c21)<-OC)c1ccc(N(C)C)cc1,C18 H21 Mo1 N3 O6,0.0,COc1cccc2C=N3N=C([O-]->[Mo+6]<-3(<-[O-2])(<-[O-2])(<-[O-]c21)<-OC)c1ccc(N(C)C)cc1,COc1cccc2C=N3N=C([O-]->[Mo+6]<-3(<-[O-2])(<-[O-2])(<-[O-]c21)<-OC)c1ccc(N(C)C)cc1,CO.COc1cccc2c1[O-]->[Mo+6]1(<-[O-2])(<-[O-2])<-[O-]C(c3ccc(N(C)C)cc3)=NN->1=C2
XOVXOX,,C31 H42 Ag1 Cl1 N4 O4,0.0,CC1CN2(Cc3ccccc3)->[Ag+]34(<-[O-][Cl+3]([O-])([O-])[O-])<-N1C(C)CN->3(Cc1ccccc1)CCN->4(Cc1ccccc1)CC2,CC1CN2(Cc3ccccc3)->[Ag+7]34(<-[O-]Cl)<-N1C(C)CN->3(Cc1ccccc1)CCN->4(Cc1ccccc1)CC2.[O-2].[O-2].[O-2],CC1CN2(Cc3ccccc3)->[Ag+7]34(<-[O-2])<-N1C(C)CN->3(Cc1ccccc1)CCN->4(Cc1ccccc1)CC2.[O-2].[O-2].[O-]Cl
XOXNUT,,C26 H33 N1 O1 W1,0.0,fail,Cc1cc(C)cc2([CH2-]->[W+4]<-23456(<-[CH2-]c2ccccc2)(<-[N-]=O)<-c2(C)c->3(C)c->4(C)[c-]->5(C)c->62C)c1,Cc1cc(C)c2->[W+4]34567(<-[CH2-]c8ccccc8)(<-[CH2-]c->32c1)(<-[N-]=O)<-c1(C)c->4(C)c->5(C)[c-]->6(C)c->71C
XOYLED,,C17 H36 O3 W1,0.0,CC(C)(C)[C-3]->[W+6](<-[O-]C(C)(C)C)(<-[O-]C(C)(C)C)<-[O-]C(C)(C)C,CC(C)(C)[C-3]->[W+6](<-[O-]C(C)(C)C)(<-[O-]C(C)(C)C)<-[O-]C(C)(C)C,CC(C)(C)[C-3]->[W+6](<-[O-]C(C)(C)C)(<-[O-]C(C)(C)C)<-[O-]C(C)(C)C
XOYZES,Oc1ccccc1/C1=N/[NH-]->[Mo+6]23(<-[NH-]/N=C(\[S-]->2)c2ccccc2O)(<-[NH-]/N=C(\[S-]->3)c2ccccc2O)<-[S-]1,C21 H18 Mo1 N6 O3 S3,0.0,Oc1ccccc1C1=N[NH-]->[Mo+6]23(<-[NH-]N=C([S-]->2)c2ccccc2O)(<-[NH-]N=C([S-]->3)c2ccccc2O)<-[S-]1,Oc1ccccc1C1=N[NH-]->[Mo+6]23(<-[NH-]N=C([S-]->2)c2ccccc2O)(<-[NH-]N=C([S-]->3)c2ccccc2O)<-[S-]1,Oc1ccccc1C1=N[NH-]->[Mo+6]23(<-[NH-]N=C([S-]->2)c2ccccc2O)(<-[NH-]N=C([S-]->3)c2ccccc2O)<-[S-]1
XOZZAO,S=C=[N-]->[Fe+2]12(<-[N-]=C=S)(<-n3cccc4ccc5cc(Br)cn->1c5c43)<-n1cccc3ccc4cc(Br)cn->2c4c31,C26 H14 Br2 Fe1 N6 S2,0.0,S=C=[N-]->[Fe+2]12(<-[N-]=C=S)(<-n3cccc4ccc5cc(Br)cn->1c5c43)<-n1cccc3ccc4cc(Br)cn->2c4c31,S=C=[N-]->[Fe+2]12(<-[N-]=C=S)(<-n3cccc4ccc5cc(Br)cn->1c5c43)<-n1cccc3ccc4cc(Br)cn->2c4c31,S=C=[N-]->[Fe+2]12(<-[N-]=C=S)(<-n3cccc4ccc5cc(Br)cn->1c5c43)<-n1cccc3ccc4cc(Br)cn->2c4c31
XUCCOO,CS1c2ccccc2CN2Cc3ccccc3S(C)->[Cu+]<-1<-n1ccccc1C2,C22 H24 Cu1 N2 S2 1+,1.0,CS1c2ccccc2CN23Cc4ccccc4S(C)->[Cu+]<-1<-2<-n1ccccc1C3,CS1c2ccccc2CN23Cc4ccccc4S(C)->[Cu+]<-1<-2<-n1ccccc1C3,CS1c2ccccc2CN23Cc4ccccc4S(C)->[Cu+]<-1<-2<-n1ccccc1C3
XUCSET,Cc12->[Zr+4]3456789%10(<-[Cl-])(<-[Cl-])<-c%11(C)c->3(C)[c-]->4([Si](C)(C)c->51c->61c3ccccc3s[c-]->71c->82C)c->91c2ccccc2sc->%10%111,C28 H26 Cl2 S2 Si1 Zr1,0.0,Cc12->[Zr+4]3456789%10(<-[Cl-])(<-[Cl-])<-c%11([Si](C)(C)c->31[c-]->41c3ccccc3sc->51c->62C)c->7(C)[c-]->8(C)c->91sc2ccccc2c->%10%111,Cc12->[Zr+4]3456789%10(<-[Cl-])(<-[Cl-])<-c1([Si](C)(C)c->31c->4(C)[c-]->5(C)c->63sc4ccccc4c->713)c->81c3ccccc3sc->91[c-]->%102C,Cc12->[Zr+4]3456789%10(<-[Cl-])(<-[Cl-])<-c1([Si](C)(C)c->31c->4(C)[c-]->5(C)c->63sc4ccccc4c->713)c->81c3ccccc3sc->91[c-]->%102C
XUDKIR,O=S1(=O)c2ccccc2C2=S->[Cu+](<-[N-]21)(<-P(c1ccccc1)(c1ccccc1)c1ccccc1)<-P(c1ccccc1)(c1ccccc1)c1ccccc1,C43 H34 Cu1 N1 O2 P2 S2,0.0,O=S1(=O)N=C([S-]->[Cu+](<-P(c2ccccc2)(c2ccccc2)c2ccccc2)<-P(c2ccccc2)(c2ccccc2)c2ccccc2)c2ccccc21,O=S1(=O)N=C([S-]->[Cu+](<-P(c2ccccc2)(c2ccccc2)c2ccccc2)<-P(c2ccccc2)(c2ccccc2)c2ccccc2)c2ccccc21,O=S1(=O)c2ccccc2C2=S->[Cu+](<-[N-]21)(<-P(c1ccccc1)(c1ccccc1)c1ccccc1)<-P(c1ccccc1)(c1ccccc1)c1ccccc1
XUFLEQ,c1ccc(-c2cc(-c3ccccn3)n3->[Ag+](<-n4ccccc4-c3c2)<-[P@TB3](c2ccccc2)(c2ccccc2)c2ccccc2)cc1,C39 H30 Ag1 N3 P1 1+,1.0,c1ccc(-c2cc3-c4ccccn4->[Ag+]4(<-n5ccccc5-c(c2)n->43)<-P(c2ccccc2)(c2ccccc2)c2ccccc2)cc1,c1ccc(-c2cc(-c3ccccn3)n3->[Ag+](<-n4ccccc4-c3c2)<-P(c2ccccc2)(c2ccccc2)c2ccccc2)cc1,c1ccc(-c2cc3-c4ccccn4->[Ag+]4(<-n5ccccc5-c(c2)n->43)<-P(c2ccccc2)(c2ccccc2)c2ccccc2)cc1
XUHFEL,,C24 H33 N1 S1 Ta1 1+,1.0,CC(C)(C)c12->[TaH+4]3456789%10(<-Nc%11ccccc%11[S-]->3)(<-c3c->4[cH-]->5c->6(C(C)(C)C)c->73)<-c(c->81)[cH-]->9c->%102,CC(C)(C)[c-]12->[TaH+4]3456789%10(<-Nc%11ccccc%11[S-]->3)(<-c(c->4c->51)c->62)<-c1c->7c->8[c-]->9(C(C)(C)C)c->%101,CC(C)(C)c1cc[cH-]2->[TaH+4]34(<-Nc5ccccc5[S-]->3)(<-c12)<-c1ccc(C(C)(C)C)[cH-]->41
XUJDUC,CCN1Cn2c(C)cc(C)n2->[Cd+2](<-[Cl-])(<-[Cl-])<-n2c(C)cc(C)n2C1,C14 H23 Cd1 Cl2 N5,0.0,CCN12Cn3c(C)cc(C)n3->[Cd+2]<-1(<-[Cl-])(<-[Cl-])<-n1c(C)cc(C)n1C2,CCN1Cn2c(C)cc(C)n2->[Cd+2](<-[Cl-])(<-[Cl-])<-n2c(C)cc(C)n2C1,CCN1Cn2c(C)cc(C)n2->[Cd+2](<-[Cl-])(<-[Cl-])<-n2c(C)cc(C)n2C1
XUKBAG,,C24 H32 Mo1 O1 P2,0.0,CP(C)(C)->[MoH+]123456(<-[O-]c7c(-c8ccccc8)cccc7-c->17c->2c->3c->4c->5c->67)<-P(C)(C)C,CP(C)(C)->[MoH+]123456(<-[O-]c7c(-c8ccccc8)cccc7-c->17c->2c->3c->4c->5c->67)<-P(C)(C)C,CP(C)(C)->[MoH+]123456(<-[O-]c7c(-c8ccccc8)cccc7-c->17c->2c->3c->4c->5c->67)<-P(C)(C)C
XULPUP,CC1=C(C)N(C)[C](->[Ag+]<-[O-]C(=O)c2ccccc2)N1C,C14 H17 Ag1 N2 O2,0.0,CC1=C(C)N(C)[C](->[Ag+]<-[O-]C(=O)c2ccccc2)N1C,CC1=C(C)N(C)[C](->[Ag+]<-[O-]C(=O)c2ccccc2)N1C,CC1=C(C)N(C)[C](->[Ag+]2<-O=C([O-]->2)c2ccccc2)N1C
XUMKIA,,C16 H27 B2 Mn1 N4 O3,0.0,CN(C)B(N(C)C)c12->[Mn+]345(<-[C-]#[O+])(<-[C-]#[O+])(<-[C-]#[O+])<-c1[cH-]->3c->4(B(N(C)C)N(C)C)c->52,CN(C)B(N(C)C)C12->[Mn+]345(<-[C-]#[O+])(<-[C-]#[O+])(<-[C-]#[O+])<-C(=C->31)C->4(=[B-](N(C)C)N(C)C)C->5=2,CN(C)B(N(C)C)C12->[Mn+]345(<-[C-]#[O+])(<-[C-]#[O+])(<-[C-]#[O+])<-C(=C->31)C->4(=[B-](N(C)C)N(C)C)C->5=2
XUPFEV,CO->[Ni+2]1(<-[Br-])(<-[Br-])<-N(=C2/CCCCc3cccn->1c32)/c1c(C2CCCCC2)cccc1C1CCCCC1,C29 H40 Br2 N2 Ni1 O1,0.0,CO->[Ni+2]1(<-[Br-])(<-[Br-])<-N(=C2CCCCc3cccn->1c32)c1c(C2CCCCC2)cccc1C1CCCCC1,CO->[Ni+2]1(<-[Br-])(<-[Br-])<-N(=C2CCCCc3cccn->1c32)c1c(C2CCCCC2)cccc1C1CCCCC1,CO->[Ni+2]1(<-[Br-])(<-[Br-])<-N(=C2CCCCc3cccn->1c32)c1c(C2CCCCC2)cccc1C1CCCCC1
XUQCOB,COC(=O)[C@@]12CN3(C)->[Zn@@+2]4(<-[Cl-])<-n5ccccc5[C@@H]1N(C)[C@H](c1ccccn->41)[C@](C(=O)OC)(C3)C2(O)O,C23 H28 Cl1 N4 O6 Zn1 1+,1.0,COC(=O)C12CN3(C)->[Zn+2]45(<-[Cl-])<-n6ccccc6C1N->4(C)C(c1ccccn->51)C(C(=O)OC)(C3)C2(O)O,COC(=O)C12CN3(C)->[Zn+2]45(<-[Cl-])<-n6ccccc6C1N->4(C)C(c1ccccn->51)C(C(=O)OC)(C3)C2(O)O,COC(=O)C12CN3(C)->[Zn+2]45(<-[Cl-])<-n6ccccc6C1N->4(C)C(c1ccccn->51)C(C(=O)OC)(C3)C2(O)O
XURKIF,,C16 H36 F4 Nb1 S4 1+,1.0,CC(C)S1CCS(C(C)C)->[Nb+5]<-12(<-[F-])(<-[F-])(<-[F-])(<-[F-])<-S(CCS->2C(C)C)C(C)C,CC(C)S1CCS(C(C)C)->[Nb+5]<-12(<-[F-])(<-[F-])(<-[F-])(<-[F-])<-S(CCS->2C(C)C)C(C)C,CC(C)S1CCS(C(C)C)->[Nb+5]<-12(<-[F-])(<-[F-])(<-[F-])(<-[F-])<-S(CCS->2C(C)C)C(C)C
XUSLAY,CC/[C-]1=[C-](\CC)->[Ta+5]<-1(<-[Cl-])(<-[Cl-])(<-[Cl-])(<-n1ccccc1)<-n1ccccc1,C16 H20 Cl3 N2 Ta1,0.0,CCC1#C(CC)->[Ta+3]<-1(<-[Cl-])(<-[Cl-])(<-[Cl-])(<-n1ccccc1)<-n1ccccc1,CCC1#C(CC)->[Ta+3]<-1(<-[Cl-])(<-[Cl-])(<-[Cl-])(<-n1ccccc1)<-n1ccccc1,CCC1#C(CC)->[Ta+3]<-1(<-[Cl-])(<-[Cl-])(<-[Cl-])(<-n1ccccc1)<-n1ccccc1
XUTLEE,N[C](c1ccccc1)->[W](<-[C-]#[O+])(<-[C-]#[O+])(<-[C-]#[O+])(<-[C-]#[O+])<-[C-]#[O+],C12 H7 N1 O5 W1,0.0,N[C](c1ccccc1)->[W](<-[C-]#[O+])(<-[C-]#[O+])(<-[C-]#[O+])(<-[C-]#[O+])<-[C-]#[O+],N[C](c1ccccc1)->[W](<-[C-]#[O+])(<-[C-]#[O+])(<-[C-]#[O+])(<-[C-]#[O+])<-[C-]#[O+],N[C](c1ccccc1)->[W](<-[C-]#[O+])(<-[C-]#[O+])(<-[C-]#[O+])(<-[C-]#[O+])<-[C-]#[O+]
XUVZAQ,Cc1ccc(/N2=C3C(=N(/c4ccc(C)cc4)->[Pt+2]<-2(<-[c-]2ccccc2)<-[c-]2ccccc2)/c2cccc4cccc/3c24)cc1,C38 H30 N2 Pt1,0.0,Cc1ccc(N2=C3C(=N(c4ccc(C)cc4)->[Pt+2]<-2(<-[c-]2ccccc2)<-[c-]2ccccc2)c2cccc4cccc3c24)cc1,Cc1ccc([N-]2C3=C([N-](c4ccc(C)cc4)->[Pt+4]<-2(<-[c-]2ccccc2)<-[c-]2ccccc2)c2cccc4cccc3c24)cc1,Cc1ccc([N-]2C3=C([N-](c4ccc(C)cc4)->[Pt+4]<-2(<-[c-]2ccccc2)<-[c-]2ccccc2)c2cccc4cccc3c24)cc1
XUXSEQ,Cc1ccccc1N1CC[N+]2c3c(C)cccc3[C-]3c4ccccc4O(C(C)C)->[Ru@TB7+4]<-3(<-[Cl-])(<-[Cl-])<-[C-]=21,C27 H28 Cl2 N2 O1 Ru1,0.0,Cc1ccccc1N1CCN2c3c(C)cccc3[C-2]3c4ccccc4O(C(C)C)->[Ru+4]<-3(<-[Cl-])(<-[Cl-])<-[C]12,Cc1ccccc1N1CCN2c3c(C)cccc3[C]3c4ccccc4O(C(C)C)->[Ru+2]<-3(<-[Cl-])(<-[Cl-])<-[C]12,Cc1ccccc1N1CCN2c3c(C)cccc3[C]3c4ccccc4O(C(C)C)->[Ru+2]<-3(<-[Cl-])(<-[Cl-])<-[C]12
XUYVIX,C1\c2ccccc2[P@TB10](c2ccccc2)(c2ccccc2)->[Cu@@+]2(<-N=1\Nc1ccccn->21)<-P(c1ccccc1)(c1ccccc1)c1ccccc1,C42 H35 Cu1 N3 P2 1+,1.0,C1c2ccccc2P(c2ccccc2)(c2ccccc2)->[Cu+]2(<-N=1Nc1ccccn->21)<-P(c1ccccc1)(c1ccccc1)c1ccccc1,C1c2ccccc2P(c2ccccc2)(c2ccccc2)->[Cu+]2(<-N=1Nc1ccccn->21)<-P(c1ccccc1)(c1ccccc1)c1ccccc1,C1=NNc2ccccn2->[Cu+](<-P(c2ccccc2)(c2ccccc2)c2ccccc2)<-P(c2ccccc2)(c2ccccc2)c2ccccc21
XUZMIQ,[O+]#[C-]->[Ru+2]12(<-[Cl-])(<-[C-]#[O+])<-n3ccccc3/N=C3/c4ccccc4/C(=N/c4ccccn->14)[N-]->23,C20 H12 Cl1 N5 O2 Ru1,0.0,[O+]#[C-]->[Ru+2]12(<-[Cl-])(<-[C-]#[O+])<-n3ccccc3N=C3c4ccccc4C(=Nc4ccccn->14)[N-]->23,[O+]#[C-]->[Ru+2]12(<-[Cl-])(<-[C-]#[O+])<-N3=C(N=c4cccc[n-]->14)c1ccccc1C3=Nc1ccccn->21,[O+]#[C-]->[Ru+2]12(<-[Cl-])(<-[C-]#[O+])<-N3=C(N=c4cccc[n-]->14)c1ccccc1C3=Nc1ccccn->21
YABGOA,,C23 H42 Ni1 O2 P2,0.0,Cc1cc2OP(->[NiH+]3<-[c-]2c(OP->3(C(C)(C)C)C(C)(C)C)c1)(C(C)(C)C)C(C)(C)C,Cc1cc2OP(->[NiH+]3<-[c-]2c(OP->3(C(C)(C)C)C(C)(C)C)c1)(C(C)(C)C)C(C)(C)C,Cc1cc2OP(->[NiH+]3<-[c-]2c(OP->3(C(C)(C)C)C(C)(C)C)c1)(C(C)(C)C)C(C)(C)C
YACZAF,CC(C)c1cccc(C(C)C)c1N1C=CN(c2c(C(C)C)cccc2C(C)C)C1=[Si](Cl)(Cl)->[Co+]1234(<-[C-]#[O+])<-c5c->1c->2[cH-]->3c->45,C33 H41 Cl2 Co1 N2 O1 Si1,0.0,CC(C)c1cccc(C(C)C)c1N1C=CN(c2c(C(C)C)cccc2C(C)C)[C]1[Si-](Cl)(Cl)->[Co+2]1234(<-[C-]#[O+])<-c5c->1c->2[cH-]->3c->45,CC(C)c1cccc(C(C)C)c1N1C=CN(c2c(C(C)C)cccc2C(C)C)C1=[Si](Cl)(Cl)->[Co+]1234(<-[C-]#[O+])<-c5c->1c->2[cH-]->3c->45,CC(C)c1cccc(C(C)C)c1N1C=CN(c2c(C(C)C)cccc2C(C)C)C1=[Si](Cl)(Cl)->[Co+]1234(<-[C-]#[O+])<-c5c->1c->2[cH-]->3c->45
YADNUO,O=C1C=C2[O-]->[Zn+2]3(<-O)(<-O=C2c2ccccc21)(<-O=C1C([O-]->3)=CC(=O)c2ccccc21)<-n1ccc(-c2ccncc2)cc1,C30 H20 N2 O7 Zn1,0.0,O=C1C=C2[O-]->[Zn+2]3(<-O)(<-O=C2c2ccccc21)(<-O=C1C([O-]->3)=CC(=O)c2ccccc21)<-n1ccc(-c2ccncc2)cc1,[O-]c1cc2[O-]->[Zn+6]3(<-O)(<-[O-]c4cc([O-])c5ccccc5c4[O-]->3)(<-[O-]c2c2ccccc12)<-n1ccc(-c2ccncc2)cc1,[O-]c1cc2[O-]->[Zn+6]3(<-O)(<-[O-]c4cc([O-])c5ccccc5c4[O-]->3)(<-[O-]c2c2ccccc12)<-n1ccc(-c2ccncc2)cc1
YAFCUF,CC(C)(C)N1C=CN2Cc3ccccn3->[Ru+2](<-[Cl-])(<-[Cl-])(<-[C-]#[O+])(<-[C]21)<-S(C)(C)=O,C16 H23 Cl2 N3 O2 Ru1 S1,0.0,CC(C)(C)N1C=CN2Cc3ccccn3->[Ru+2](<-[Cl-])(<-[Cl-])(<-[C-]#[O+])(<-[C]21)<-S(C)(C)=O,CC(C)(C)N1C=CN2Cc3ccccn3->[Ru+2](<-[Cl-])(<-[Cl-])(<-[C-]#[O+])(<-[C]21)<-S(C)(C)=O,CC(C)(C)N1C=CN2Cc3ccccn3->[Ru+2](<-[Cl-])(<-[Cl-])(<-[C-]#[O+])(<-[C]21)<-S(C)(C)=O
YAFXEL,,C20 H32 Ag1 N3 O4 S2,0.0,CN(C)(Cc1ccccc1)->[Ag+](<-[N-](S(C)(=O)=O)S(C)(=O)=O)<-N(C)(C)Cc1ccccc1,CN(C)(Cc1ccccc1)->[Ag+](<-[N-](S(C)(=O)=O)S(C)(=O)=O)<-N(C)(C)Cc1ccccc1,CN(C)(Cc1ccccc1)->[Ag+]12(<-O=S->1(C)(=O)[N-]->2S(C)(=O)=O)<-N(C)(C)Cc1ccccc1
YAGQIG,[Cl-]->[Pt+2]12(<-[Cl-])<-[H][NH+]3CCN->1CCN->2CC3,C6 H16 Cl2 N3 Pt1 1+,1.0,[Cl-]->[Pt+2]1(<-[Cl-])<-N2CC[NH2+]CCN->1CC2,[Cl-]->[Pt+2]1(<-[Cl-])<-N2CC[NH2+]CCN->1CC2,[Cl-]->[PtH+3]1(<-[Cl-])<-N2CCNCCN->1CC2
YAJRUW,Cc12->[Ti+4]3456789%10(<-[Cl-])(<-[Cl-])<-c1c->3(-c1ccccc1-c1ccccc1-c->41c->5c->6(C)[c-]->7(C)c->81)c->9[c-]->%102C,C26 H24 Cl2 Ti1,0.0,Cc12->[Ti+4]3456789%10(<-[Cl-])(<-[Cl-])<-c1c->3(-c1ccccc1-c1ccccc1-c->41c->5c->6(C)c->7(C)[cH-]->81)[cH-]->9c->%102C,Cc12->[Ti+6]3456789%10(<-[Cl-])(<-[Cl-])<-c1c->3(C1=C[CH-]C=CC1=C1C=C[CH-]C=C1[c-]->41[cH+]->5[c-]->6(C)[c+]->7(C)[cH-]->81)c->9[c-]->%102C,Cc12->[Ti+6]3456789%10(<-[Cl-])(<-[Cl-])<-c1c->3(C1=C[CH-]C=CC1=C1C=C[CH-]C=C1[c-]->41[cH+]->5[c-]->6(C)[c+]->7(C)[cH-]->81)c->9[c-]->%102C
YAKDUL,,C28 H23 Ir1 N2 O3,0.0,fail,CC1=CC(C)=O->[Ir+3]23(<-[O-]1)(<-[c-]1ccccc1-c1ccccn->21)<-[c-]1cc(C=O)ccc1-c1ccccn->31,CC1=CC(C)=O->[Ir+3]23(<-[O-]1)(<-[c-]1ccccc1-c1ccccn->21)<-[c-]1cc(C=O)ccc1-c1ccccn->31
YAKTAG,,C36 H26 N8 Ni1 O4,0.0,fail,O->[Ni+2]12(<-O)(<-[O-]C(=NN->1=C1c3cccnc3-c3ncccc31)c1ccccc1)<-[O-]C(=NN->2=C1c2cccnc2-c2ncccc21)c1ccccc1,O.O.c1ccc(C2=NN(=C3c4cccnc4-c4ncccc43)->[Ni+2]3(<-[O-]2)<-[O-]C(c2ccccc2)=NN->3=C2c3cccnc3-c3ncccc32)cc1
YALWAJ,O=C1CN(C(CO)(CO)CO)->[Ni+2]2(<-[O-]1)<-[O-]C(=O)CN->2C(CO)(CO)CO,C12 H24 N2 Ni1 O10,0.0,O=C1CN2C(CO)(CO)CO->[Ni+2]<-234(<-[O-]1)<-[O-]C(=O)CN->3C(CO)(CO)CO->4,O=C1CN2C(CO)(CO)CO->[Ni+2]<-234(<-[O-]1)<-[O-]C(=O)CN->3C(CO)(CO)CO->4,O=C1CN(C(CO)(CO)CO)->[Ni+2]2(<-[O-]1)<-[O-]C(=O)CN->2C(CO)(CO)CO
YAMQEK,CCCCN1C=CN2CCCN3C=CN(CCCC)[C]3->[Rh+3]3(<-[Br-])(<-[Br-])(<-O=C(C)[O-]->3)<-[C]12,C19 H31 Br2 N4 O2 Rh1,0.0,fail,CCCCN1C=CN2CCCN3C=CN(CCCC)[C]3->[Rh+3]34(<-[Br-])(<-[Br-])(<-O=C->3(C)[O-]->4)<-[C]12,CCCCN1C=CN2CCCN3C=CN(CCCC)[C]3->[Rh+3]34(<-[Br-])(<-[Br-])(<-O=C->3(C)[O-]->4)<-[C]12
YANBEV,O=C1c2ccccc2C2=O->[Zn+2]3(<-O=C4c5ccccc5C(=O)c5cc(Br)cc([O-]->3)c54)(<-[O-]c3cc(Br)cc1c32)(<-n1ccccc1)<-n1ccccc1,C38 H22 Br2 N2 O6 Zn1,0.0,O=C1c2ccccc2C2=O->[Zn+2]3(<-O=C4c5ccccc5C(=O)c5cc(Br)cc([O-]->3)c54)(<-[O-]c3cc(Br)cc1c32)(<-n1ccccc1)<-n1ccccc1,[O-]c1c2ccccc2c2[O-]->[Zn+6]3(<-[O-]c4cc(Br)cc1c42)(<-[O-]c1cc(Br)cc2c([O-])c4ccccc4c([O-]->3)c12)(<-n1ccccc1)<-n1ccccc1,[O-]c1c2ccccc2c2[O-]->[Zn+6]3(<-[O-]c4cc(Br)cc1c42)(<-[O-]c1cc(Br)cc2c([O-])c4ccccc4c([O-]->3)c12)(<-n1ccccc1)<-n1ccccc1
YAPQIR,,C20 H23 Ir1 N2 O3,0.0,Cc12->[Ir+3]3456(<-O)(<-[c-]7cc(C(=O)[O-])ccc7-n7cccn->37)<-c1(C)c->4(C)[c-]->5(C)c->62C,Cc12->[Ir+5]3456(<-[O-2])(<-[c-]7cc(C(=O)[O-])ccc7-n7cccn->37)<-c1(C)c->4(C)[c-]->5(C)c->62C,Cc12->[Ir+5]3456(<-[O-2])(<-[c-]7cc(C(=O)[O-])ccc7-n7cccn->37)<-c1(C)c->4(C)[c-]->5(C)c->62C
YAPZOG,CO->[Ni+2]12(<-[Cl-])(<-[Cl-])<-N(c3c(C)cc(C)cc3C)=C->13CCCc1ccc(C)n->2c13,C20 H26 Cl2 N2 Ni1 O1,0.0,CO->[Ni+2]1(<-[Cl-])(<-[Cl-])<-N(=C2CCCc3ccc(C)n->1c32)c1c(C)cc(C)cc1C,CO->[Ni+2]1(<-[Cl-])(<-[Cl-])<-N(=C2CCCc3ccc(C)n->1c32)c1c(C)cc(C)cc1C,CO->[Ni+2]1(<-[Cl-])(<-[Cl-])<-N(=C2CCCc3ccc(C)n->1c32)c1c(C)cc(C)cc1C
YAQQIS,COC(=S)[S-]->[Cd+2]12<-n3ccccc3CN(Cc3ccccn->13)Cc1ccccn->21,C20 H21 Cd1 N4 O1 S2 1+,1.0,fail,COC(=S)[S-]->[Cd+2]123<-n4ccccc4CN->1(Cc1ccccn->21)Cc1ccccn->31,COC1=S->[Cd+2]234(<-[S-]1)<-n1ccccc1CN->2(Cc1ccccn->31)Cc1ccccn->41
YARLUA,,C24 H43 Cl1 I2 P2 Pd1,0.0,CC(C)(C)P1(Cc2cccc3CP(C(C)(C)C)(C(C)(C)C)->[Pd+]<-1(<-Cl[IH]I)<-[c-]23)C(C)(C)C,CC(C)(C)P1(C(C)(C)C)->[Pd+2]2(<-[Cl-])<-[c-]3c(cccc3CP->2(C(C)(C)C)C(C)(C)C)C1.II,CC(C)(C)P1(C(C)(C)C)->[Pd+2]2(<-[Cl-])<-[c-]3c(cccc3CP->2(C(C)(C)C)C(C)(C)C)C1.II
YASPOX,[Cl-]->[Pt+2]123(<-[c-]4ccccc4)<-C4=C->1/CC/C->2=C->3\CC\4,C14 H17 Cl1 Pt1,0.0,[Cl-]->[Pt+2]123(<-[c-]4ccccc4)<-C4=C->1CCC->2=C->3CC4,[Cl-]->[Pt+2]123(<-[c-]4ccccc4)<-C4=C->1CCC->2=C->3CC4,[Cl-]->[Pt+2]123(<-[c-]4ccccc4)<-C4=C->1CCC->2=C->3CC4
YATVEW,,C18 H9 N4 Ni1 O6 1-,-1.0,O=c1c2=N[O-]->[Ni+2]3(<-[O-]N=c4c(=O)c5ccccc5c4=N->3O)<-N([O-])=c2c2ccccc12,O=c1c2=N[O-]->[Ni+2]3(<-[O-]N=c4c(=O)c5ccccc5c4=N->3O)<-N([O-])=c2c2ccccc12,O=c1c2=N[O-]->[Ni+2]3(<-[O-]N=c4c(=O)c5ccccc5c4=N->3O)<-N([O-])=c2c2ccccc12
YAVHAF,CC(C)N1C=CN(C(C)C)[C]1->[Ni+2]1(<-[C]2N(C(C)C)C=CN2C(C)C)<-[C-](/c2ccccc2)=[C-]->1/c1ccccc1,C32 H42 N4 Ni1,0.0,CC(C)N1C=CN(C(C)C)[C]1->[Ni]1(<-[C]2N(C(C)C)C=CN2C(C)C)<-C(c2ccccc2)#C->1c1ccccc1,CC(C)N1C=CN(C(C)C)[C]1->[Ni]1(<-[C]2N(C(C)C)C=CN2C(C)C)<-C(c2ccccc2)#C->1c1ccccc1,CC(C)N1C=CN(C(C)C)[C]1->[Ni]1(<-[C]2N(C(C)C)C=CN2C(C)C)<-C(c2ccccc2)#C->1c1ccccc1
YAVYAY,,C22 H34 O2 Ru1 Si4,0.0,C[Si-]1(C)c2ccccc2[Si-](C)(C)->[RuH2+4]<-12(<-[C-]#[O+])(<-[C-]#[O+])<-[Si-](C)(C)c1ccccc1[Si-]->2(C)C,C[Si]1(C)=c2ccccc2=[Si](C)(C)->[RuH2]<-12(<-[C-]#[O+])(<-[C-]#[O+])<-[Si](C)(C)=c1ccccc1=[Si]->2(C)C,C[Si]1(C)=c2ccccc2=[Si](C)(C)->[RuH2]<-12(<-[C-]#[O+])(<-[C-]#[O+])<-[Si](C)(C)=c1ccccc1=[Si]->2(C)C
YAXVAU,CC(C)([C-]=[N-])[C@@H]1C2->[Mn+]345(<-[C-]#[O+])(<-[C-]#[O+])(<-[C-]#[O+])<-C=2C->3=C->42[NH+]=CC=C->512,C15 H13 Mn1 N2 O3,0.0,fail,CC(C)(C#N)C1C2->[Mn-]345(<-[C-]#[O+])(<-[C-]#[O+])(<-[C-]#[O+])<-C=2C->3=C->42[NH+]=CC=C->512,CC(C)(C#N)C1C2=CC=[NH+]C23->[Mn-]24(<-[C-]#[O+])(<-[C-]#[O+])(<-[C-]#[O+])<-C1=C->2C->4=3
YAYSUM,[O-2]->[Re+5]1(<-[Cl-])(<-[Cl-])(<-[Cl-])<-O=P(CP->1(c1ccccc1)c1ccccc1)(c1ccccc1)c1ccccc1,C25 H22 Cl3 O2 P2 Re1,0.0,[O-2]->[Re+6]1(<-[Cl-])(<-[Cl-])(<-[Cl-])<-[O-][P](CP->1(c1ccccc1)c1ccccc1)(c1ccccc1)c1ccccc1,[O-2]->[Re+5]1(<-[Cl-])(<-[Cl-])(<-[Cl-])<-O=P(CP->1(c1ccccc1)c1ccccc1)(c1ccccc1)c1ccccc1,[O-2]->[Re+5]1(<-[Cl-])(<-[Cl-])(<-[Cl-])<-O=P(CP->1(c1ccccc1)c1ccccc1)(c1ccccc1)c1ccccc1
YAZXEC,[Cl-]->[Zn+2]12<-n3c(-c4ccccc4)ccn3[BH-](n3ccc(-c4ccccc4)n->13)n1ccc(-c3ccccc3)n->21,C27 H22 B1 Cl1 N6 Zn1,0.0,[Cl-]->[Zn+2]12<-[n-]3c(-c4ccccc4)cc[n+]3[BH-]([n+]3ccc(-c4ccccc4)[n-]->13)[n+]1ccc(-c3ccccc3)[n-]->21,[Cl-]->[Zn+2]12<-n3c(-c4ccccc4)ccn3[BH-](n3ccc(-c4ccccc4)n->13)n1ccc(-c3ccccc3)n->21,[Cl-]->[Zn+2]12<-n3c(-c4ccccc4)ccn3[BH-](n3ccc(-c4ccccc4)n->13)n1ccc(-c3ccccc3)n->21
YEBSIK,OCCN->[Cd+2]12(<-NCCO)(<-O=C([O-]->1)c1ccc(O)cc1)<-O=C([O-]->2)c1ccc(O)cc1,C18 H24 Cd1 N2 O8,0.0,fail,O=C([O-]->[Cd+2]12(<-NCCO->1)(<-NCCO->2)<-[O-]C(=O)c1ccc(O)cc1)c1ccc(O)cc1,OCCN->[Cd+2]1234(<-NCCO)(<-O=C->1([O-]->2)c1ccc(O)cc1)<-O=C->3([O-]->4)c1ccc(O)cc1
YEBYIQ,Cc1ccc(S(=O)(=O)[N-]2c3ccccc3/C=N3/Nc4nc(C)cc(C)n4->[Zn@+2]<-3<-2<-[Cl-])cc1,C20 H20 Cl1 N5 O2 S1 Zn1,0.0,Cc1ccc(S2(=O)=O->[Zn+2]34(<-[Cl-])<-N(=Cc5ccccc5[N-]->32)Nc2nc(C)cc(C)n->42)cc1,Cc1ccc(S(=O)(=O)[N-]2c3ccccc3C=N3Nc4nc(C)cc(C)n4->[Zn+2]<-3<-2<-[Cl-])cc1,Cc1ccc(S2(=O)[O-]->[Zn+2]34(<-[Cl-])<-N(=Cc5ccccc5N->3=2)Nc2nc(C)cc(C)n->42)cc1
YECNEZ,O=[N+]([O-])c1cc([N+](=O)[O-])c2[O-]->[Sc+3]3(<-O)(<-O)(<-O)(<-O)(<-[O-]c4c([N+](=O)[O-])cc([N+](=O)[O-])cc4[N+](=O)[O-]->3)<-[O-][N+](=O)c2c1,C12 H12 N6 O18 Sc1 1+,1.0,O=[N+]([O-])c1cc([N+](=O)[O-])c([O-]->[Sc+3](<-O)(<-O)(<-O)(<-O)<-[O-]c2c([N+](=O)[O-])cc([N+](=O)[O-])cc2[N+](=O)[O-])c([N+](=O)[O-])c1,O=[N+]([O-])c1cc([N+](=O)[O-])c([O-]->[Sc+3](<-O)(<-O)(<-O)(<-O)<-[O-]c2c([N+](=O)[O-])cc([N+](=O)[O-])cc2[N+](=O)[O-])c([N+](=O)[O-])c1,O=[N+]([O-])c1cc2N([O-])[O-]->[Sc+7]3(<-O)(<-O)(<-O)(<-O)(<-[O-]c2c([N+](=O)[O-])c1)<-[O-]c1c(N([O-])[O-]->3)cc([N+](=O)[O-])cc1[N+](=O)[O-]
YECXIP,Cc1ccccc1N1CCCCCN(c2ccccc2C)[C]1->[Rh+]123(<-[Cl-])<-C4=C->1/CC/C->2=C->3\CC\4,C28 H36 Cl1 N2 Rh1,0.0,Cc1ccccc1N1CCCCCN(c2ccccc2C)[C]1->[Rh+]123(<-[Cl-])<-C4=C->1CCC->2=C->3CC4,Cc1ccccc1N1CCCCCN(c2ccccc2C)[C]1->[Rh+]123(<-[Cl-])<-C4=C->1CCC->2=C->3CC4,Cc1ccccc1N1CCCCCN(c2ccccc2C)[C]1->[Rh+]123(<-[Cl-])<-C4=C->1CCC->2=C->3CC4
YEDPUV,CO->[Mo+6]12(<-[O-2])(<-[O-2])<-[O-]/C(=N\N->1=C\c1cccc(Br)c1[O-]->2)c1ccc(Br)cc1,C15 H12 Br2 Mo1 N2 O5,0.0,CO->[Mo+6]12(<-[O-2])(<-[O-2])<-[O-]C(=NN->1=Cc1cccc(Br)c1[O-]->2)c1ccc(Br)cc1,CO->[Mo+6]12(<-[O-2])(<-[O-2])<-[O-]C(=NN->1=Cc1cccc(Br)c1[O-]->2)c1ccc(Br)cc1,CO.[O-2]->[Mo+6]12(<-[O-2])<-[O-]C(c3ccc(Br)cc3)=NN->1=Cc1cccc(Br)c1[O-]->2
YEFLAY,CCCCN1C=CN(Cc2ccc[n+](C)c2)[C]1->[Pd+2](<-[I-])(<-[I-])<-[I-],C14 H20 I3 N3 Pd1,0.0,CCCCN1C=CN(Cc2ccc[n+](C)c2)[C]1->[Pd+2](<-[I-])(<-[I-])<-[I-],CCCCN1C=CN(Cc2ccc[n+](C)c2)[C]1->[Pd+2](<-[I-])(<-[I-])<-[I-],CCCC[n+]1ccn2CC3=CC=CN(C)[CH-]3->[Pd+4](<-[I-])(<-[I-])(<-[I-])<-[c-]21
YEGDEW,CN1(C)CCN(C)(C)->[Zn+2]<-123(<-O=C([O-]->2)c1ccccc1Nc1cccc(C(F)(F)F)c1)<-O=C([O-]->3)c1ccccc1Nc1cccc(C(F)(F)F)c1,C34 H34 F6 N4 O4 Zn1,0.0,CN1(C)CCN(C)(C)->[Zn+2]<-1(<-[O-]C(=O)c1ccccc1Nc1cccc(C(F)(F)F)c1)<-[O-]C(=O)c1ccccc1Nc1cccc(C(F)(F)F)c1,CN1(C)CCN(C)(C)->[Zn+2]<-1(<-[O-]C(=O)c1ccccc1Nc1cccc(C(F)(F)F)c1)<-[O-]C(=O)c1ccccc1Nc1cccc(C(F)(F)F)c1,CN1(C)CCN(C)(C)->[Zn+2]<-12345(<-O=C->2([O-]->3)c1ccccc1Nc1cccc(C(F)(F)F)c1)<-O=C->4([O-]->5)c1ccccc1Nc1cccc(C(F)(F)F)c1
YEGXOY,,C20 H32 Ag1 Cl1 O4,0.0,CC1(C)C2CC1C1(C)->[Ag+]3(<-[O-][Cl+3]([O-])([O-])[O-])(<-C=1C2)<-C1=C->3(C)C2CC(C1)C2(C)C,CC1(C)C2CC1C1(C)->[Ag+7]3(<-[O-2])(<-C=1C2)<-C1=C->3(C)C2CC(C1)C2(C)C.[O-2].[O-2].[O-]Cl,CC1=C(->[Ag+7]2(<-[O-2])(<-[O-2])<-C3=C->2(C)C2CC(C3)C2(C)C)CC2CC1C2(C)C.[O-2].[O-]Cl
YEJBAS,O->[Zn+2]1(<-[Cl-])<-n2c(CNCc3[nH]c4ccccc4n->13)[nH]c1ccccc12,C16 H17 Cl1 N5 O1 Zn1 1+,1.0,O->[Zn+2]12(<-[Cl-])<-n3c(CN->1Cc1[nH]c4ccccc4n->21)[nH]c1ccccc13,O->[Zn+2]12(<-[Cl-])<-n3c(CN->1Cc1[nH]c4ccccc4n->21)[nH]c1ccccc13,O->[Zn+2]12(<-[Cl-])<-n3c(CN->1Cc1[nH]c4ccccc4n->21)[nH]c1ccccc13
YEJXUH,C[C+]1[CH+][C+](C)[C+]([N-]2[C-](C)[C+](C)[N-]([C-]3[C+](C)[CH-][C+](C)[CH-][C-]3C)->[W+4]<-2(<-[Cl-])<-[Cl-])[C-](C)[CH-]1,C22 H28 Cl2 N2 W1,0.0,CC1C(C)=N(c2c(C)cc(C)cc2C)->[W+2](<-[Cl-])(<-[Cl-])<-N=1c1c(C)cc(C)cc1C,CC1C(C)=N(c2c(C)cc(C)cc2C)->[W+2](<-[Cl-])(<-[Cl-])<-N=1c1c(C)cc(C)cc1C,CC1C(C)=N(c2c(C)cc(C)cc2C)->[W+2](<-[Cl-])(<-[Cl-])<-N=1c1c(C)cc(C)cc1C
YEKSEP,Cc1cc(C)c(N2C=CN3c4nc(N(C)C)nc[c-]4->[Pd@+2](<-[Cl-])(<-[C]23)<-n2ccccc2)c(C)c1,C23 H25 Cl1 N6 Pd1,0.0,Cc1cc(C)c(N2C=CN3c4nc(N(C)C)nc[c-]4->[Pd+2](<-[Cl-])(<-[C]23)<-n2ccccc2)c(C)c1,Cc1cc(C)c(N2C=CN3c4nc(N(C)C)nc[c-]4->[Pd+2](<-[Cl-])(<-[C]23)<-n2ccccc2)c(C)c1,Cc1cc(C)c(N2C=CN3c4nc(N(C)C)nc[c-]4->[Pd+2](<-[Cl-])(<-[C]23)<-n2ccccc2)c(C)c1
YEMFUU,,C21 H25 Cl1 N5 P1 Pt1 S1,0.0,CN(C)c1ccc2-c3sc4ccccc4n3->[Pt+2](<-[Cl-])(<-[c-]2c1)<-P12CN3CN(CN(C3)C1)C2,CN(C)c1ccc2-c3sc4ccccc4n3->[Pt+2](<-[Cl-])(<-[c-]2c1)<-P12CN3CN(CN(C3)C1)C2,CN(C)c1ccc2-c3sc4ccccc4n3->[Pt+2](<-[Cl-])(<-[c-]2c1)<-P12CN3CN(CN(C3)C1)C2
YEMZEY,Cc1cc(C)n2->[Pd@@+2](<-[CH3-])(<-[Cl-])<-P(OCCn12)(c1ccccc1)c1ccccc1,C20 H24 Cl1 N2 O1 P1 Pd1,0.0,Cc1cc(C)n2->[Pd+2](<-[CH3-])(<-[Cl-])<-P(OCCn12)(c1ccccc1)c1ccccc1,Cc1cc(C)n2->[Pd+2](<-[CH3-])(<-[Cl-])<-P(OCCn12)(c1ccccc1)c1ccccc1,Cc1cc(C)n2->[Pd+2](<-[CH3-])(<-[Cl-])<-P(OCCn12)(c1ccccc1)c1ccccc1
YEQNUD,,C8 H12 Ni1 S4,0.0,CC1[S-]->[Ni+4]2(<-[S-]C=1C)<-[S-]C(C)=C(C)[S-]->2,CC1=S->[Ni]2(<-S=C1C)<-S=C(C)C(C)=S->2,CC1=S->[Ni]2(<-S=C1C)<-S=C(C)C(C)=S->2
YESBED,CCO/[C-](=C\C(=C1C=C[CH-]C=C1)P(C1CCCCC1)C1CCCCC1)->[Cr+2](<-[C-]#[O+])(<-[C-]#[O+])(<-[C-]#[O+])(<-[C-]#[O+])<-[C-]#[O+],C28 H33 Cr1 O6 P1,0.0,CCO[C-2](C=C(c1ccccc1)P(C1CCCCC1)C1CCCCC1)->[Cr+2](<-[C-]#[O+])(<-[C-]#[O+])(<-[C-]#[O+])(<-[C-]#[O+])<-[C-]#[O+],CCO[C](C=C(c1ccccc1)P(C1CCCCC1)C1CCCCC1)->[Cr](<-[C-]#[O+])(<-[C-]#[O+])(<-[C-]#[O+])(<-[C-]#[O+])<-[C-]#[O+],CCO[C](C=C(c1ccccc1)P(C1CCCCC1)C1CCCCC1)->[Cr](<-[C-]#[O+])(<-[C-]#[O+])(<-[C-]#[O+])(<-[C-]#[O+])<-[C-]#[O+]
YETFIN,CCC1=C(CC)/C2=C/C3=N4->[Zn@@+2](<-[N-2][N+]#N)(<-N2=C1C)<-[n-]1c(C)c(CC)c(CC)c1/C=C\4C(CC)=C3CC,C28 H38 N6 Zn1,0.0,CCC1=C(CC)C(C)=N2->[Zn+2]3(<-[N-]=[N+]=[N-])<-N4=C(C)C(CC)=C(CC)C4=Cc4c(CC)c(CC)c(C=C12)[n-]->34,CCC1=C(CC)C(C)=N2->[Zn+2]3(<-[N-2][N+]#N)<-N4=C(C=C12)C(CC)=C(CC)C4=Cc1c(CC)c(CC)c(C)[n-]->31,CCC1=C(CC)C(C)=N2->[Zn+2]3(<-[N-2][N+]#N)<-N4=C(C=C12)C(CC)=C(CC)C4=Cc1c(CC)c(CC)c(C)[n-]->31
YEVJIS,CCO[Si](=[O+]CC)([NH+](C)C)->[Fe@TB1-2](<-[C-]#[O+])(<-[C-]#[O+])(<-[C-]#[O+])<-P(OCC)(N(C)C)N(C)C,C15 H34 Fe1 N3 O6 P1 Si1,0.0,fail,CCO[Si-](OCC)([NH+](C)C)->[Fe](<-[C-]#[O+])(<-[C-]#[O+])(<-[C-]#[O+])<-P(OCC)(N(C)C)N(C)C,CCO[Si-](OCC)([NH+](C)C)->[Fe](<-[C-]#[O+])(<-[C-]#[O+])(<-[C-]#[O+])<-P(OCC)(N(C)C)N(C)C
YEWFOW,Cc1cc(C)c(N2CCN(c3c(C)cc(C)cc3C)[C]2->[Ru@TB5+4]2(<-[Cl-])(<-[Cl-])<-[CH]CC(C)(C)C[N-]->2[CH-]c2ccccc2)c(C)c1,C34 H43 Cl2 N3 Ru1,0.0,Cc1cc(C)c(N2CCN(c3c(C)cc(C)cc3C)[C]2->[Ru+4]2(<-[Cl-])(<-[Cl-])<-[CH-2]CC(C)(C)CN->2=Cc2ccccc2)c(C)c1,Cc1cc(C)c(N2CCN(c3c(C)cc(C)cc3C)[C]2->[Ru+2]2(<-[Cl-])(<-[Cl-])<-[CH]CC(C)(C)CN->2=Cc2ccccc2)c(C)c1,Cc1cc(C)c(N2CCN(c3c(C)cc(C)cc3C)[C]2->[Ru+2]2(<-[Cl-])(<-[Cl-])<-[CH]CC(C)(C)CN->2=Cc2ccccc2)c(C)c1
YEXCEL,CC(C)P1(/C=C2/C=CC=C3[CH-]P(C(C)C)(C(C)C)->[Ni@+2]<-1(<-[CH3-])<-[N-]32)C(C)C,C20 H36 N1 Ni1 P2 1-,-1.0,CC(C)[P-]1([CH]c2cccc3C=[PH](C(C)C)(C(C)C)->[Ni+]<-1(<-[CH3-])<-n23)C(C)C,CC(C)P1(C=C2C=CC=C3C=[P+](C(C)C)(C(C)C)->[Ni]<-1(<-[CH3-])<-[N-]32)C(C)C,CC(C)P1(C=C2C=CC=C3[CH-]P(C(C)C)(C(C)C)->[Ni+2]<-1(<-[CH3-])<-[N-]23)C(C)C
YEXRUO,Cc1ccc(S([O-])([O-])#N->[W+4]23(<-[C-]#[O+])(<-[C-]#[O+])<-n4c(C)cc(C)n4[BH-](n4c(C)cc(C)n->24)n2c(C)cc(C)n->32)cc1,C24 H29 B1 N7 O4 S1 W1 1+,1.0,Cc1ccc(S(=O)(=O)[N-2]->[W+4]23(<-[C-]#[O+])(<-[C-]#[O+])<-[n-]4c(C)cc(C)[n+]4[BH-]([n+]4c(C)cc(C)[n-]->24)[n+]2c(C)cc(C)[n-]->32)cc1,Cc1ccc(S([O-])([O-])#N->[W+4]23(<-[C-]#[O+])(<-[C-]#[O+])<-n4c(C)cc(C)n4[BH-](n4c(C)cc(C)n->24)n2c(C)cc(C)n->32)cc1,Cc1ccc(S([O-])([O-])#N->[W+4]23(<-[C-]#[O+])(<-[C-]#[O+])<-n4c(C)cc(C)n4[BH-](n4c(C)cc(C)n->24)n2c(C)cc(C)n->32)cc1
YEZRUQ,,C12 H16 N14 Ni1,0.0,[N-]=[N+]=[N-]->[Ni+2](<-[N-]=[N+]=[N-])(<-n1ccc[nH]1)(<-n1ccc[nH]1)(<-n1ccc[nH]1)<-n1ccc[nH]1,N#[N+][N-2]->[Ni+2](<-[N-2][N+]#N)(<-n1ccc[nH]1)(<-n1ccc[nH]1)(<-n1ccc[nH]1)<-n1ccc[nH]1,N#[N+][N-2]->[Ni+2](<-[N-2][N+]#N)(<-n1ccc[nH]1)(<-n1ccc[nH]1)(<-n1ccc[nH]1)<-n1ccc[nH]1
YIBCES,Cc1cc(C)n([C@@H]2n3c(C)cc(C)n3->[Fe+2]3(<-[C-]#[O+])(<-[C-]#[O+])(<-[C-]#[O+])<-[S-][C-]->32Nc2ccccc2)n1,C21 H21 Fe1 N5 O3 S1,0.0,Cc1cc(C)n(C2n3c(C)cc(C)n3->[Fe]3(<-[C-]#[O+])(<-[C-]#[O+])(<-[C-]#[O+])<-S=C->32Nc2ccccc2)n1,Cc1cc(C)n(C2n3c(C)cc(C)n3->[Fe]3(<-[C-]#[O+])(<-[C-]#[O+])(<-[C-]#[O+])<-S=C->32Nc2ccccc2)n1,Cc1cc(C)n(C2n3c(C)cc(C)n3->[Fe]3(<-[C-]#[O+])(<-[C-]#[O+])(<-[C-]#[O+])<-S=C->32Nc2ccccc2)n1
YICKAX,C[NH+](C)CCC/N1=C/c2cc(Cl)cc(Cl)c2[O-]->[Zn+2]<-1(<-[Br-])<-[Br-],C12 H16 Br2 Cl2 N2 O1 Zn1,0.0,C[NH+](C)CCCN1=Cc2cc(Cl)cc(Cl)c2[O-]->[Zn+3]<-1(<-[Br-])<-[Br-],C[NH+](C)CCCN1=Cc2cc(Cl)cc(Cl)c2[O-]->[Zn+2]<-1(<-[Br-])<-[Br-],C[NH+](C)CCCN1=Cc2cc(Cl)cc(Cl)c2[O-]->[Zn+2]<-1(<-[Br-])<-[Br-]
YICXIS,Cc12->[Y+3]3456(<-[NH-]c7ccc(Br)cc7)(<-[N-](c7ccccc7)[Si](C)(C)[c-]->3(c->41C)c->5(C)c->62C)(<-O1CCCC1)<-O1CCCC1,C31 H44 Br1 N2 O2 Si1 Y1,0.0,Cc12->[Y+3]3456(<-[NH-]c7ccc(Br)cc7)(<-[N-](c7ccccc7)[Si](C)(C)c->31c->4(C)[c-]->5(C)c->62C)(<-O1CCCC1)<-O1CCCC1,Cc12->[Y+3]3456(<-[NH-]c7ccc(Br)cc7)(<-[N-](c7ccccc7)[Si](C)(C)[c-]->3(c->41C)c->5(C)c->62C)(<-O1CCCC1)<-O1CCCC1,Cc1c(C)c2(C)->[Y+3]3(<-[NH-]c4ccc(Br)cc4)(<-[N-](c4ccccc4)[Si](C)(C)[c-]->32c1C)(<-O1CCCC1)<-O1CCCC1
YIDSEM,C[Si](C)(C)[N-]1CCN23CC[N-]([Si](C)(C)C)->[Ti+4]<-1<-2(<-[I-])<-[N-](CC3)[Si](C)(C)C,C15 H39 I1 N4 Si3 Ti1,0.0,C[Si](C)(C)[N-]1CCN23CC[N-]([Si](C)(C)C)->[Ti+4]<-1<-2(<-[I-])<-[N-](CC3)[Si](C)(C)C,C[Si](C)(C)[N-]1CCN23CC[N-]([Si](C)(C)C)->[Ti+4]<-1<-2(<-[I-])<-[N-](CC3)[Si](C)(C)C,C[Si](C)(C)[N-]1CCN23CC[N-]([Si](C)(C)C)->[Ti+4]<-1<-2(<-[I-])<-[N-](CC3)[Si](C)(C)C
YIFMUV,C1/C=C\[S-]->[W+4]23456789(<-[CH-]=1)(<-c1c->2c->3[cH-]->4c->51)<-c1c->6c->7[cH-]->8c->91,C14 H14 S1 W1,0.0,C1=C[S-]->[W+4]23456789(<-[CH-]=C1)(<-c1c->2c->3[cH-]->4c->51)<-c1c->6c->7[cH-]->8c->91,C1=C[S-]->[W+4]23456789(<-[CH-]=C1)(<-c1c->2c->3[cH-]->4c->51)<-c1c->6c->7[cH-]->8c->91,C1=C[S-]->[W+4]23456789(<-[CH-]=C1)(<-c1c->2c->3[cH-]->4c->51)<-c1c->6c->7[cH-]->8c->91
YIGWOA,,C15 H18 Br2 O1 Ru1,0.0,Cc12->[Ru+2]345678(<-[Br-])(<-C9=C->3C->4=C->5(Br)C9=O)<-c1(C)c->6(C)[c-]->7(C)c->82C,Cc12->[Ru+4]345678(<-[Br-])(<-c9c(=O)[c-]->3(Br)[cH-]->4c->59)<-c1(C)c->6(C)[c-]->7(C)c->82C,Cc12->[Ru+4]345678(<-[Br-])(<-c9c(=O)[c-]->3(Br)[cH-]->4c->59)<-c1(C)c->6(C)[c-]->7(C)c->82C
YIHXOC,,C14 H21 I2 N1 O1 W1,0.0,CC1#C(C)->[W+2]<-12(<-[I-])(<-[I-])(<-[C-]#[O+])(<-N#CC(C)(C)C)<-C(C)#C->2C,CC1#C(C)->[W+2]<-12(<-[I-])(<-[I-])(<-[C-]#[O+])(<-N#CC(C)(C)C)<-C(C)#C->2C,CC1#C(C)->[W+2]<-12(<-[I-])(<-[I-])(<-[C-]#[O+])(<-N#CC(C)(C)C)<-C(C)#C->2C
YIJZUN,[O+]#[C-]->[Re+]1(<-[Br-])(<-[C-]#[O+])(<-[C-]#[O+])<-O=Cc2ccccn->12,C9 H5 Br1 N1 O4 Re1,0.0,[O+]#[C-]->[Re+]1(<-[Br-])(<-[C-]#[O+])(<-[C-]#[O+])<-O=Cc2ccccn->12,[O+]#[C-]->[Re+3]1(<-[Br-])(<-[C-]#[O+])(<-[C-]#[O+])<-[O-]C=C2C=CC=C[N-]->12,[O+]#[C-]->[Re+3]1(<-[Br-])(<-[C-]#[O+])(<-[C-]#[O+])<-[O-]C=C2C=CC=C[N-]->12
YIKGOR,CCN1C=CN2c3cccc[c-]3->[Ru+2]34567(<-[Br-])(<-[C]12)<-c1c->3c->4(C(C)C)c->5c->6c->71C,C21 H25 Br1 N2 Ru1,0.0,CCN1C=CN2c3cccc[c-]3->[Ru+2]34567(<-[Br-])(<-[C]12)<-c1c->3c->4(C(C)C)c->5c->6c->71C,CCN1C=CN2c3cccc[c-]3->[Ru+2]34567(<-[Br-])(<-[C]12)<-c1c->3c->4(C(C)C)c->5c->6c->71C,CCN1C=CN2c3cccc[c-]3->[Ru+2]34567(<-[Br-])(<-[C]12)<-c1c->3c->4(C(C)C)c->5c->6c->71C
YIMFEG,C/C1c2ccccn2->[Pd@OH26+2]2(<-[O-]c3ccccc3/N->2=1)<-N(=O)[O-],C13 H11 N3 O3 Pd1,0.0,CC1c2ccccn2->[Pd]2(<-[O-]c3ccccc3N->2=1)<-[N+](=O)=O,CC1c2ccccn2->[Pd+2]2(<-[O-]c3ccccc3N->2=1)<-N(=O)[O-],CC1c2ccccn2->[Pd+2]2(<-[O-]c3ccccc3N->2=1)<-N(=O)[O-]
YIMXEZ,CC1(C)O[C@H]2O[C@H](/C=N3\N=C(\N)[S-]->[Pd@+2]<-3(<-[Cl-])<-P(c3ccccc3)(c3ccccc3)c3ccccc3)[C@H](O)[C@H]2O1,C27 H29 Cl1 N3 O4 P1 Pd1 S1,0.0,CC1(C)OC2OC(C=N3N=C(N)[S-]->[Pd+2]<-3(<-[Cl-])<-P(c3ccccc3)(c3ccccc3)c3ccccc3)C(O)C2O1,CC1(C)OC2OC(C=N3N=C(N)[S-]->[Pd+2]<-3(<-[Cl-])<-P(c3ccccc3)(c3ccccc3)c3ccccc3)C(O)C2O1,CC1(C)OC2OC(C3=N4N=C(N)[S-]->[Pd+2]<-3<-4(<-[Cl-])<-P(c3ccccc3)(c3ccccc3)c3ccccc3)C(O)C2O1
YIPJIQ,,C22 H29 I2 N4 O2 Rh1,0.0,fail,CCCCN1C=CN2c3ccccc3N3C=CN(CCCC)[C]3->[Rh+3]34(<-[I-])(<-[I-])(<-O=C->3(C)[O-]->4)<-[C]12,CCCCN1C=CN2c3ccccc3N3C=CN(CCCC)[C]3->[Rh+3]34(<-[I-])(<-[I-])(<-O=C->3(C)[O-]->4)<-[C]12
YIQRUM,O=C1[O-]->[Ni+2]2(<-[O-]C(=O)c3cccc[n+]3[O-]->2)<-[O-][n+]2ccccc21,C12 H8 N2 Ni1 O6,0.0,O=C1[O-]->[Ni]2(<-[O-]C(=O)c3cccc[n+]3[O-]->2)<-[O-][n+]2ccccc21,O=C1[O-]->[Ni+2]2(<-[O-]C(=O)c3cccc[n+]3[O-]->2)<-[O-][n+]2ccccc21,O=C1[O-]->[Ni+2]2(<-[O-]C(=O)c3cccc[n+]3[O-]->2)<-[O-][n+]2ccccc21
YISDUZ,CCCCSC1=S->[Ni@SP1+2]2(<-S=C1SCCCC)<-[S-]/C(SCCCC)=C(/SCCCC)[S-]->2,C20 H36 Ni1 S8,0.0,CCCCSC1[S-]->[Ni+4]2(<-[S-]C=1SCCCC)<-[S-]C(SCCCC)=C(SCCCC)[S-]->2,CCCCSC1=S->[Ni]2(<-S=C1SCCCC)<-S=C(SCCCC)C(SCCCC)=S->2,CCCCSC1=S->[Ni]2(<-S=C1SCCCC)<-S=C(SCCCC)C(SCCCC)=S->2
YISQAT,,C22 H31 Co1 O6 P2,0.0,COc1cccc2C=O->[Co+3]3(<-[O-]c21)(<-[O-]c1c(OC)cccc1[C-]->3=O)(<-P(C)(C)C)<-P(C)(C)C,COc1cccc2C=O->[Co+3]3(<-[O-]c21)(<-[O-]c1c(OC)cccc1[C-]->3=O)(<-P(C)(C)C)<-P(C)(C)C,COC1=CC=CC2=C(=O)->[Co+]3(<-O=Cc4cccc(OC)c4[O-]->3)(<-O=C12)(<-P(C)(C)C)<-P(C)(C)C
YIVFUE,[N-3]->[Os+6]1(<-O)(<-[Cl-])(<-[Cl-])<-n2ccccc2-c2ccccn->12,C10 H10 Cl2 N3 O1 Os1 1+,1.0,[N-3]->[Os+6]1(<-O)(<-[Cl-])(<-[Cl-])<-n2ccccc2-c2ccccn->12,[N-3]->[Os+6]1(<-O)(<-[Cl-])(<-[Cl-])<-n2ccccc2-c2ccccn->12,O.[N-3]->[Os+6]1(<-[Cl-])(<-[Cl-])<-n2ccccc2-c2ccccn->12
YIXDAK,CC(=O)[CH-]1/C2=C3\[C-](=C(\C)C(C)(C)C)->[Fe+2]<-3<-2<-1(<-[C-]#[O+])(<-[C-]#[O+])<-[C-]#[O+],C15 H18 Fe1 O4,0.0,CC(=O)C1=C2C3=C(=C(C)C(C)(C)C)->[Fe]<-3<-1<-2(<-[C-]#[O+])(<-[C-]#[O+])<-[C-]#[O+],CC(=O)C1=C2C3=C(=C(C)C(C)(C)C)->[Fe]<-3<-1<-2(<-[C-]#[O+])(<-[C-]#[O+])<-[C-]#[O+],CC(=O)C1=C2C3=C(=C(C)C(C)(C)C)->[Fe]<-3<-1<-2(<-[C-]#[O+])(<-[C-]#[O+])<-[C-]#[O+]
YIYBOA,,C42 H28 Ir1 N3 O2 S2,0.0,fail,Cc1cc2-c3sc4ccccc4[c-]3->[Ir+3]34(<-[O-]C(=O)c5ccccn->35)(<-[c-]3c(-c5cc(C)c6ccccc6n->45)sc4ccccc43)<-n2c2ccccc12,Cc1cc2-c3sc4ccccc4[c-]3->[Ir+3]34(<-[O-]C(=O)c5ccccn->35)(<-[c-]3c(-c5cc(C)c6ccccc6n->45)sc4ccccc43)<-n2c2ccccc12
YIYLEX,COc1cc2CN(C)(C)->[Mn+](<-[C-]#[O+])(<-[C-]#[O+])(<-[C-]#[O+])(<-[C-]#[O+])<-[c-]2c(OC)c1,C15 H16 Mn1 N1 O6,0.0,COc1cc2CN(C)(C)->[Mn+](<-[C-]#[O+])(<-[C-]#[O+])(<-[C-]#[O+])(<-[C-]#[O+])<-[c-]2c(OC)c1,COc1cc2CN(C)(C)->[Mn+](<-[C-]#[O+])(<-[C-]#[O+])(<-[C-]#[O+])(<-[C-]#[O+])<-[c-]2c(OC)c1,COc1cc2CN(C)(C)->[Mn+]3(<-[C-]#[O+])(<-[C-]#[O+])(<-[C-]#[O+])<-[C-](=O)c->32c(OC)c1
YIYWIN,,C28 H26 Cl3 Hg1 O2 P1 S1,0.0,CS(C)=O->[Hg+3](<-[Cl-])(<-[Cl-])<-[CH-](C(=O)c1ccc(Cl)cc1)[P](c1ccccc1)(c1ccccc1)c1ccccc1,CS(C)=O.O=C(c1ccc(Cl)cc1)[CH-](->[Hg+2](<-[Cl-])<-[Cl-])[P+](c1ccccc1)(c1ccccc1)c1ccccc1,CS(C)=O->[Hg+2](<-[Cl-])(<-[Cl-])<-[CH-](C(=O)c1ccc(Cl)cc1)[P+](c1ccccc1)(c1ccccc1)c1ccccc1
YOBBAT,C[CH2-]->[Zn@@+2]12<-n3c(C)cc(C)n3C3=CC=C/C(=C/[P+](c4ccccc4)(c4ccccc4)[N-]->1c1ccccc1)[N-]->23,C31 H31 N4 P1 Zn1,0.0,C[CH2-]->[Zn+2]12<-n3c(C=P(c4ccccc4)(c4ccccc4)[N-]->1c1ccccc1)cccc3-n1c(C)cc(C)n->21,C[CH2-]->[Zn+2]12<-n3c(C)cc(C)n3C3=CC=CC(=C[P+](c4ccccc4)(c4ccccc4)[N-]->1c1ccccc1)[N-]->23,C[CH2-]->[Zn+2]12<-n3c(C)cc(C)n3C3=CC=CC(=C[P+](c4ccccc4)(c4ccccc4)[N-]->1c1ccccc1)[N-]->23
YOBHEE,Cc1cc(C)c(N2CCN(c3c(C)cc(C)cc3C)[C]2->[Ru+4]2(<-[Cl-])(<-[Cl-])<-[CH-]=c3ccc4c(c3S->2C(C)C)C=C[CH-]C=4)c(C)c1,C35 H40 Cl2 N2 Ru1 S1,0.0,Cc1cc(C)c(N2CCN(c3c(C)cc(C)cc3C)[C]2->[Ru+4]2(<-[Cl-])(<-[Cl-])<-[CH-2]c3ccc4ccccc4c3S->2C(C)C)c(C)c1,Cc1cc(C)c(N2CCN(c3c(C)cc(C)cc3C)[C]2->[Ru+2]2(<-[Cl-])(<-[Cl-])<-[CH]c3ccc4ccccc4c3S->2C(C)C)c(C)c1,Cc1cc(C)c(N2CCN(c3c(C)cc(C)cc3C)[C]2->[Ru+2]2(<-[Cl-])(<-[Cl-])<-[CH]c3ccc4ccccc4c3S->2C(C)C)c(C)c1
YOCROZ,,C12 H21 N2 Ni1 O6 1+,1.0,O=C1CCN2C3(CO)CO->[Ni+2]<-2(<-O)(<-[O-]1)(<-OC3)<-n1ccccc1,O=C1CCN2C3(CO)CO->[Ni+2]<-2(<-O)(<-[O-]1)(<-OC3)<-n1ccccc1,O.O=C1CCN2->[Ni+2](<-n3ccccc3)(<-[O-]1)<-OCC2(CO)CO
YODJOQ,CS1c2ccccc2P(=S->[Pt+4]<-1(<-[CH3-])(<-[CH3-])(<-[Br-])<-[Br-])(c1ccccc1)c1ccccc1,C21 H23 Br2 P1 Pt1 S2,0.0,CS1c2ccccc2P(=S->[Pt+4]<-1(<-[CH3-])(<-[CH3-])(<-[Br-])<-[Br-])(c1ccccc1)c1ccccc1,CS1c2ccccc2P(=S->[Pt+4]<-1(<-[CH3-])(<-[CH3-])(<-[Br-])<-[Br-])(c1ccccc1)c1ccccc1,CS1c2ccccc2P(=S->[Pt+4]<-1(<-[CH3-])(<-[CH3-])(<-[Br-])<-[Br-])(c1ccccc1)c1ccccc1
YODZAU,CC(C)/N1=C/c2[c-](->[Ir+3]<-13456(<-[Cl-])<-c1(C)c->3(C)c->4(C)[c-]->5(C)c->61C)ccn2C,C19 H28 Cl1 Ir1 N2,0.0,CC(C)N1=Cc2[c-](->[Ir+3]<-13456(<-[Cl-])<-c1(C)c->3(C)c->4(C)[c-]->5(C)c->61C)ccn2C,CC(C)N1=Cc2[c-](->[Ir+3]<-13456(<-[Cl-])<-c1(C)c->3(C)c->4(C)[c-]->5(C)c->61C)ccn2C,CC(C)N1=Cc2[c-](->[Ir+3]<-13456(<-[Cl-])<-c1(C)c->3(C)c->4(C)[c-]->5(C)c->61C)ccn2C
YOGLOV,C[C-]12[O-]->[W+6]<-13456789(<-C=C->32c1ccccc1)(<-C=C->4(c1ccccc1)[C-]->5(C)[O-]->6)<-C=C->7(c1ccccc1)[C-]->8(C)[O-]->9,C30 H30 O3 W1,0.0,CC12O->[W]<-13456789(<-CC->3=2c1ccccc1)(<-CC->4(c1ccccc1)=C->5(C)O->6)<-CC->7(c1ccccc1)=C->8(C)O->9,CC1[O-]->[W+6]2345678(<-C=C->2(c2ccccc2)[C-]->3(C)[O-]->4)(<-C=C->5(c2ccccc2)[C-]->6(C)[O-]->7)<-[CH2-]C->8=1c1ccccc1,C[C-]12[O-]->[W+6]<-13456789(<-C=C->32c1ccccc1)(<-C=C->4(c1ccccc1)[C-]->5(C)[O-]->6)<-C=C->7(c1ccccc1)[C-]->8(C)[O-]->9
YOHBOM,[O-2]->[W+6]1(<-[Cl-])(<-[Cl-])(<-[Cl-])<-O=C2C=CC=C/C2=C/[O-]->1,C7 H5 Cl3 O3 W1,0.0,[O-2]->[W+6]1(<-[Cl-])(<-[Cl-])(<-[Cl-])<-O=Cc2ccccc2[O-]->1,[O-2]->[W+6]1(<-[Cl-])(<-[Cl-])(<-[Cl-])<-O=C2C=CC=CC2=C[O-]->1,[O-2]->[W+6]1(<-[Cl-])(<-[Cl-])(<-[Cl-])<-O=C2C=CC=CC2=C[O-]->1
YOJFOT,[Br-]->[Fe+2]12(<-n3c(-c4ccccc4)ccn3[B-](c3ccccc3)(n3ccc(-c4ccccc4)n->13)c->21ccccc1)<-O1CCCC1,C34 H32 B1 Br1 Fe1 N4 O1,0.0,[Br-]->[Fe+2]1(<-n2c(-c3ccccc3)ccn2[B-](c2ccccc2)(c2ccccc2)n2ccc(-c3ccccc3)n->12)<-O1CCCC1,[Br-]->[Fe+2]1(<-n2c(-c3ccccc3)ccn2[B-](c2ccccc2)(c2ccccc2)n2ccc(-c3ccccc3)n->12)<-O1CCCC1,[Br-]->[Fe+2]1(<-n2c(-c3ccccc3)ccn2[B-](c2ccccc2)(c2ccccc2)n2ccc(-c3ccccc3)n->12)<-O1CCCC1
YOJXIF,C[C@H]1[C@H]([O-]->[Ti+4]234(<-[O-][C@H](c5ccccc5)[C@H](C)N->2(C)CC(C)(C)[O-]->3)<-[O-]C(C)(C)CN->41C)c1ccccc1,C28 H42 N2 O4 Ti1,0.0,CC1C([O-]->[Ti+4]234(<-[O-]C(c5ccccc5)C(C)N->2(C)CC(C)(C)[O-]->3)<-[O-]C(C)(C)CN->41C)c1ccccc1,CC1C([O-]->[Ti+4]234(<-[O-]C(c5ccccc5)C(C)N->2(C)CC(C)(C)[O-]->3)<-[O-]C(C)(C)CN->41C)c1ccccc1,CC1C([O-]->[Ti+4]234(<-[O-]C(c5ccccc5)C(C)N->2(C)CC(C)(C)[O-]->3)<-[O-]C(C)(C)CN->41C)c1ccccc1
YOKVOM,CCN(CC)C1/N=C(\[O-]->[Re+5]23(<-[O-2])(<-S=1)<-S=C(/N=C(/c1ccccc1)[N-]->2/N=C(\[S-]->3)N(C)C)N(CC)CC)c1cc(F)cc(F)c1,C27 H34 F2 N7 O2 Re1 S3,0.0,CCN(CC)C1=NC(=O->[Re+5]23(<-[O-2])(<-[S-]C(=NN->2=C(N=C([S-]->3)N(CC)CC)c2ccccc2)N(C)C)<-[S-]1)c1cc(F)cc(F)c1,CCN(CC)C1N=C([O-]->[Re+5]23(<-[O-2])(<-S=1)<-S=C(N=C(c1ccccc1)[N-]->2N=C([S-]->3)N(C)C)N(CC)CC)c1cc(F)cc(F)c1,CCN(CC)C1N=C([O-]->[Re+5]23(<-[O-2])(<-S=1)<-S=C(N=C(c1ccccc1)[N-]->2N=C([S-]->3)N(C)C)N(CC)CC)c1cc(F)cc(F)c1
YOLLUH,,C20 H27 Cl1 Hg1 N3 O6 1+,1.0,[O-][Cl+3]([O-])([O-])[O-]->[Hg+2]1234<-N5CCN->1Cc1ccccc1O->2CCO->3c1ccccc1CN->4CC5,[O-2].[O-2].[O-2].[O-]Cl.c1ccc2c(c1)CN1->[Hg+8]3<-N(CC1)CCN->3Cc1ccccc1OCCO2,[O-2].[O-2].[O-2]->[Hg+8]12<-N3CCN->1Cc1ccccc1OCCOc1ccccc1CN->2CC3.[O-]Cl
YOLXON,,C20 H23 N6 O5 V1,0.0,C[O-]->[V+5]12(<-[O-2])(<-[O-]C(=NN->1=Cc1ccccc1[O-]->2)c1cc(C)n(-c2nc(C)cc(C)n2)n1)<-OC,C[O-]->[V+5]12(<-[O-2])(<-[O-]C(=NN->1=Cc1ccccc1[O-]->2)c1cc(C)n(-c2nc(C)cc(C)n2)n1)<-OC,CO.C[O-]->[V+5]12(<-[O-2])<-[O-]C(c3cc(C)n(-c4nc(C)cc(C)n4)n3)=NN->1=Cc1ccccc1[O-]->2
YONGIR,,C24 H45 B1 Mo1 N5 O2 P1 Si1,0.0,Cc1cc(C)[n-]2->[Mo+]3(<-[C-]#[O+])(<-[C-]#[N+]C(C)(C)C)(<-O=C->3C[Si](C)(C)C)(<-[n-]3c(C)cc(C)[n+]3[BH2-][n+]12)<-P(C)(C)C,Cc1cc(C)n2->[Mo+2]3(<-[C-]#[O+])(<-[C-]#[N+]C(C)(C)C)(<-O=[C-]->3C[Si](C)(C)C)(<-n3c(C)cc(C)n3[BH2-]n12)<-P(C)(C)C,Cc1cc(C)n2->[Mo+2]3(<-[C-]#[O+])(<-[C-]#[N+]C(C)(C)C)(<-O=[C-]->3C[Si](C)(C)C)(<-n3c(C)cc(C)n3[BH2-]n12)<-P(C)(C)C
YOPKEV,FC(F)(F)/C1=C/C(=N2/N=C(\[O-]->[Ni@@+2]<-2(<-[O-]1)<-P(c1ccccc1)(c1ccccc1)c1ccccc1)c1ccccc1)C(F)(F)F,C30 H21 F6 N2 Ni1 O2 P1,0.0,FC(F)(F)C1=CC(=N2N=C([O-]->[Ni+2]<-2(<-[O-]1)<-P(c1ccccc1)(c1ccccc1)c1ccccc1)c1ccccc1)C(F)(F)F,FC(F)(F)C1=CC(=N2N=C([O-]->[Ni+2]<-2(<-[O-]1)<-P(c1ccccc1)(c1ccccc1)c1ccccc1)c1ccccc1)C(F)(F)F,FC(F)(F)C1=CC(=N2N=C([O-]->[Ni+2]<-2(<-[O-]1)<-P(c1ccccc1)(c1ccccc1)c1ccccc1)c1ccccc1)C(F)(F)F
YOQJOE,,C35 H21 Cl1 O2 Ru1,0.0,[O+]#[C-]->[Ru+2]1234(<-[Cl-])(<-[C-]#[O+])<-c5(-c6ccccc6)c->16c->2([c-]->3(-c1ccccc1)c->45-c1ccccc1)-c1cccc2cccc-6c12,[O+]#[C-]->[Ru+2]1234(<-[Cl-])(<-[C-]#[O+])<-c5(-c6ccccc6)c->1(-c1ccccc1)c->21c2cccc6cccc(c62)[c-]->31c->45-c1ccccc1,[O+]#[C-]->[Ru+2]1234(<-[Cl-])(<-[C-]#[O+])<-c5(-c6ccccc6)c->1(-c1ccccc1)c->21c2cccc6cccc(c62)[c-]->31c->45-c1ccccc1
YORGUK,Cc12->[Ru+2]3456789(<-[H][BH-]->3(SC=S->4)/C->5=C->6/c3ccccc3)<-c1(C)c->7(C)[c-]->8(C)c->92C,C19 H25 B1 Ru1 S2,0.0,Cc12->[Ru+2]345678(<-[H][BH-]([S+]=C[S-]->3)C->4=C->5c3ccccc3)<-c1(C)c->6(C)[c-]->7(C)c->82C,Cc12->[Ru+2]34567(<-BC->3=C->4c3ccccc3)(<-[S-]C=S)<-c1(C)c->5(C)[c-]->6(C)c->72C,Cc12->[RuH+]345678(<-S=CSB->3C->4=C->5c3ccccc3)<-c1(C)c->6(C)[c-]->7(C)c->82C
YORXIN,CCN1c2ccccc2S#C1->[Ni+2](<-[I-])(<-[I-])<-C1#Sc2ccccc2N1CC,C18 H18 I2 N2 Ni1 S2,0.0,fail,CCN1c2ccccc2S#C1->[Ni+2](<-[I-])(<-[I-])<-C1#Sc2ccccc2N1CC,CCN1c2ccccc2S#C1->[Ni+2](<-[I-])(<-[I-])<-C1#Sc2ccccc2N1CC
YOSSOO,,C18 H30 Ir1 P1,0.0,CC(C)P(C(C)C)(C(C)C)->[IrH2+]1234<-c5[cH-]->1c->2c->31ccccc->451,CC(C)P(C(C)C)(C(C)C)->[Ir+]1234<-c5[cH-]->1c->2c->31ccccc->451,CC(C)P(C(C)C)(C(C)C)->[Ir+]1234<-c5[cH-]->1c->2c->31ccccc->451
YOTMEB,c1ccc(B23c4ccccc4P(c4ccccc4)(c4ccccc4)->[Au+]<-2<-P(c2ccccc2)(c2ccccc2)c2ccccc23)cc1,C42 H33 Au1 B1 P2 1+,1.0,c1ccc(B23c4ccccc4P(c4ccccc4)(c4ccccc4)->[Au+]<-2<-P(c2ccccc2)(c2ccccc2)c2ccccc23)cc1,c1ccc(B23c4ccccc4P(c4ccccc4)(c4ccccc4)->[Au+]<-2<-P(c2ccccc2)(c2ccccc2)c2ccccc23)cc1,c1ccc(B23c4ccccc4P(c4ccccc4)(c4ccccc4)->[Au+]<-2<-P(c2ccccc2)(c2ccccc2)c2ccccc23)cc1
YOWGUN,CCCCN1C=CN(CCSc2ccccc2)[C]1->[Pd+2](<-[Cl-])(<-[Cl-])<-P(c1ccccc1)(c1ccccc1)c1ccccc1,C33 H35 Cl2 N2 P1 Pd1 S1,0.0,fail,CCCCN1C=CN(CCSc2ccccc2)[C]1->[Pd+2](<-[Cl-])(<-[Cl-])<-P(c1ccccc1)(c1ccccc1)c1ccccc1,CCCCN1C=CN(CCSc2ccccc2)[C]1->[Pd+2](<-[Cl-])(<-[Cl-])<-P(c1ccccc1)(c1ccccc1)c1ccccc1
YOXLAA,C[Si](C)(C)[N-]1CCN23CC[N-]([Si](C)(C)C)->[V+5]<-1<-2(<-[O-2])<-[N-](CC3)[Si](C)(C)C,C15 H39 N4 O1 Si3 V1,0.0,C[Si](C)(C)[N-]1CCN23CC[N-]([Si](C)(C)C)->[V+5]<-1<-2(<-[O-2])<-[N-](CC3)[Si](C)(C)C,C[Si](C)(C)[N-]1CCN23CC[N-]([Si](C)(C)C)->[V+5]<-1<-2(<-[O-2])<-[N-](CC3)[Si](C)(C)C,C[Si](C)(C)[N-]1CCN23CC[N-]([Si](C)(C)C)->[V+5]<-1<-2(<-[O-2])<-[N-](CC3)[Si](C)(C)C
YOYFEX,CCOC1=[CH-]->[Ru+2](<-[Cl-])(<-[C-]#[O+])(<-[C](O1)c1ccccc1)(<-P(C)(C)c1ccccc1)<-P(C)(C)c1ccccc1,C28 H33 Cl1 O3 P2 Ru1,0.0,CCOC1=[CH-]->[Ru+4](<-[Cl-])(<-[C-]#[O+])(<-[C-2](O1)c1ccccc1)(<-P(C)(C)c1ccccc1)<-P(C)(C)c1ccccc1,CCOC1=[CH-]->[Ru+2](<-[Cl-])(<-[C-]#[O+])(<-[C](O1)c1ccccc1)(<-P(C)(C)c1ccccc1)<-P(C)(C)c1ccccc1,CCOC1=[CH-]->[Ru+2](<-[Cl-])(<-[C-]#[O+])(<-[C](O1)c1ccccc1)(<-P(C)(C)c1ccccc1)<-P(C)(C)c1ccccc1
YOZGOK,,C27 H49 Cl1 Ir1 N1 P2,0.0,CC(C)P(C(C)C)(C(C)C)->[IrH+2]1(<-[Cl-])(<-[CH2-]C(C)P->1(C(C)C)C(C)C)<-n1cccc2ccccc21,CC(C)P(C(C)C)(C(C)C)->[IrH+2]1(<-[Cl-])(<-[CH2-]C(C)P->1(C(C)C)C(C)C)<-n1cccc2ccccc21,CC(C)P(C(C)C)(C(C)C)->[IrH+2]1(<-[Cl-])(<-[CH2-]C(C)P->1(C(C)C)C(C)C)<-n1cccc2ccccc21
YUBJIP,CC1=C[C](->[Au+]<-[P@TB5](c2ccccc2)(c2ccccc2)c2ccccc2)C(c2ccccc2)=CN1C,C31 H28 Au1 N1 P1 1+,1.0,CC1=C[C-2](->[Au+3]<-P(c2ccccc2)(c2ccccc2)c2ccccc2)C(c2ccccc2)=CN1C,CC1=C[C](->[Au+]<-P(c2ccccc2)(c2ccccc2)c2ccccc2)C(c2ccccc2)=CN1C,CC1=C[C](->[Au+]<-P(c2ccccc2)(c2ccccc2)c2ccccc2)C(c2ccccc2)=CN1C
YUCHAH,CC(C)(C)C1/C=C(\[O-]->[Pt@+2]2(<-O=1)<-[c-]1c(-c3ccccn->23)c2ccc3ccc4ccc5ccc1c1c5c4c3c21)C(C)(C)C,C36 H31 N1 O2 Pt1,0.0,fail,CC(C)(C)C1=CC(=O->[Pt+2]2(<-[O-]1)<-[c-]1c(-c3ccccn->23)c2ccc3ccc4ccc5ccc1c1c5c4c3c21)C(C)(C)C,CC(C)(C)C1=CC(=O->[Pt+2]2(<-[O-]1)<-[c-]1c(-c3ccccn->23)c2ccc3ccc4ccc5ccc1c1c5c4c3c21)C(C)(C)C
YUCLOX,[O+]#[C-]->[Fe+2]1234(<-[C-]#[O+])(<-c5c->1c->2[cH-]->3c->45)<-P([S-])(c1ccccc1)c1ccccc1,C19 H15 Fe1 O2 P1 S1,0.0,[O+]#[C-]->[Fe+]1234(<-[C-]#[O+])(<-c5c->1c->2[cH-]->3c->45)<-[PH](=S)(c1ccccc1)c1ccccc1,[O+]#[C-]->[Fe+2]1234(<-[C-]#[O+])(<-c5c->1c->2[cH-]->3c->45)<-P([S-])(c1ccccc1)c1ccccc1,[O+]#[C-]->[Fe+2]1234(<-[C-]#[O+])(<-c5c->1c->2[cH-]->3c->45)<-P([S-])(c1ccccc1)c1ccccc1
YUDPET,CC1(C)c2cccc3P(c4ccccc4)(c4ccccc4)->[Ru+2](<-[Cl-])(<-[Cl-])(<-[C-]#[O+])(<-[C-]#[O+])<-P(c4ccccc4)(c4ccccc4)c4cccc1c4Oc23,C41 H32 Cl2 O3 P2 Ru1,0.0,CC1(C)c2cccc3P(c4ccccc4)(c4ccccc4)->[Ru+2](<-[Cl-])(<-[Cl-])(<-[C-]#[O+])(<-[C-]#[O+])<-P(c4ccccc4)(c4ccccc4)c4cccc1c4Oc23,CC1(C)c2cccc3P(c4ccccc4)(c4ccccc4)->[Ru+2](<-[Cl-])(<-[Cl-])(<-[C-]#[O+])(<-[C-]#[O+])<-P(c4ccccc4)(c4ccccc4)c4cccc1c4Oc23,CC1(C)c2cccc3P(c4ccccc4)(c4ccccc4)->[Ru+2](<-[Cl-])(<-[Cl-])(<-[C-]#[O+])(<-[C-]#[O+])<-P(c4ccccc4)(c4ccccc4)c4cccc1c4Oc23
YUFXAZ,,C31 H29 N4 O2 Y1,0.0,Cc12->[Y+3]3456789%10%11(<-O=C(Nc%12ccccc%12)N(C(=O)[N-]->3c3ccccn->43)c3ccccc3)(<-c3c->5[cH-]->6c->7(C)c->83)<-c(c->91)[cH-]->%10c->%112,C[c-]12->[Y+3]3456789%10%11(<-O=C(Nc%12ccccc%12)N(C(=O)N->3=c3cccc[n-]->43)c3ccccc3)(<-c(c->5c->61)c->72)<-c1c->8c->9[c-]->%10(C)c->%111,C[c-]12->[Y+3]3456789%10%11(<-O=C(Nc%12ccccc%12)N(C(=O)N->3=c3cccc[n-]->43)c3ccccc3)(<-c(c->5c->61)c->72)<-c1c->8c->9[c-]->%10(C)c->%111
YUGKUG,Cc12->[Ta+5]345678(<-[O-]c9c%10cccc9Cc9cccc(c9[O-]->3)Cc3cccc(c3[O-]->4)Cc3cccc(c3[O-]->5)C%10)<-c1(C)c->6(C)[c-]->7(C)c->82C,C38 H35 O4 Ta1,0.0,Cc12->[Ta+5]345678(<-[O-]c9c%10cccc9Cc9cccc(c9[O-]->3)Cc3cccc(c3[O-]->4)Cc3cccc(c3[O-]->5)C%10)<-c1(C)c->6(C)[c-]->7(C)c->82C,Cc12->[Ta+5]345678(<-[O-]c9c%10cccc9Cc9cccc(c9[O-]->3)Cc3cccc(c3[O-]->4)Cc3cccc(c3[O-]->5)C%10)<-c1(C)c->6(C)[c-]->7(C)c->82C,Cc1c(C)c(C)[c-](C)(->[Ta+5]234<-[O-]c5c6cccc5Cc5cccc(c5[O-]->2)Cc2cccc(c2[O-]->3)Cc2cccc(c2[O-]->4)C6)c1C
YUHROJ,CCN(CC)C1/N=C(/c2ccccc2)[N-]2/N=C(\[S-]->[Re+5]<-2(<-[O-2])(<-[Cl-])<-S=1)N1CCCC1,C17 H23 Cl1 N5 O1 Re1 S2,0.0,CCN(CC)C1=NC(c2ccccc2)=N2N=C([S-]->[Re+5]<-2(<-[O-2])(<-[Cl-])<-[S-]1)N1CCCC1,CCN(CC)C1N=C(c2ccccc2)[N-]2N=C([S-]->[Re+5]<-2(<-[O-2])(<-[Cl-])<-S=1)N1CCCC1,CCN(CC)C1N=C(c2ccccc2)[N-]2N=C([S-]->[Re+5]<-2(<-[O-2])(<-[Cl-])<-S=1)N1CCCC1
YUJPOI,CC(C)N(C(C)C)P(N=S=NC(C)(C)C)(N(C(C)C)C(C)C)->[W](<-[C-]#[O+])(<-[C-]#[O+])(<-[C-]#[O+])(<-[C-]#[O+])<-[C-]#[O+],C21 H37 N4 O5 P1 S1 W1,0.0,CC(C)N(C(C)C)P(N=S=NC(C)(C)C)(N(C(C)C)C(C)C)->[W](<-[C-]#[O+])(<-[C-]#[O+])(<-[C-]#[O+])(<-[C-]#[O+])<-[C-]#[O+],CC(C)N(C(C)C)P(N=S=NC(C)(C)C)(N(C(C)C)C(C)C)->[W](<-[C-]#[O+])(<-[C-]#[O+])(<-[C-]#[O+])(<-[C-]#[O+])<-[C-]#[O+],CC(C)N(C(C)C)P(N=S=NC(C)(C)C)(N(C(C)C)C(C)C)->[W](<-[C-]#[O+])(<-[C-]#[O+])(<-[C-]#[O+])(<-[C-]#[O+])<-[C-]#[O+]
YUKLIA,C=C[CH2-]->[La+3](<-[CH2-]C=C)(<-O1CCCC1)(<-O1CCCC1)(<-O1CCCC1)<-O1CCCC1,C22 H42 La1 O4 1+,1.0,fail,C1CCO(->[La+3]2345(<-C=C->2[CH2-]->3)(<-C=C->4[CH2-]->5)(<-O2CCCC2)(<-O2CCCC2)<-O2CCCC2)C1,C=C[CH2-]->[La+3](<-[CH2-]C=C)(<-O1CCCC1)(<-O1CCCC1)(<-O1CCCC1)<-O1CCCC1
YUMRAA,CC(C)(C)/C=[C-]1\[O-]->[Ni@OH7+2]<-12<-P(CCP->2(C(C)(C)C)C(C)(C)C)(C(C)(C)C)C(C)(C)C,C24 H50 Ni1 O1 P2,0.0,CC(C)(C)C=[C-]1[O-]->[Ni+2]<-12<-P(CCP->2(C(C)(C)C)C(C)(C)C)(C(C)(C)C)C(C)(C)C,CC(C)(C)C=C1=O->[Ni]<-12<-P(CCP->2(C(C)(C)C)C(C)(C)C)(C(C)(C)C)C(C)(C)C,CC(C)(C)C=C1=O->[Ni]<-12<-P(CCP->2(C(C)(C)C)C(C)(C)C)(C(C)(C)C)C(C)(C)C
YUPXEO,COc1cccc2P(c3ccco3)(c3ccco3)->[Ru+2]34(<-O=C(C)[O-]->3)(<-O=C(C)[O-]->4)<-P(c3ccco3)(c3ccco3)c3cccc(OC)c3-c12,C34 H30 O10 P2 Ru1,0.0,fail,COc1cccc2P(c3ccco3)(c3ccco3)->[Ru+2]3456(<-O=C->3(C)[O-]->4)(<-O=C->5(C)[O-]->6)<-P(c3ccco3)(c3ccco3)c3cccc(OC)c3-c12,COc1cccc2P(c3ccco3)(c3ccco3)->[Ru+2]3456(<-O=C->3(C)[O-]->4)(<-O=C->5(C)[O-]->6)<-P(c3ccco3)(c3ccco3)c3cccc(OC)c3-c12
YUSBOE,Cc1cc(C)n2->[Zn+2]3(<-[CH3-])<-c4ccc[c-]4C(c4ccccc4)(c4ccccc4)C(n12)n1c(C)cc(C)n->31,C30 H32 N4 Zn1,0.0,fail,Cc1cc(C)n2->[Zn+2]3(<-[CH3-])<-[cH-]4cccc4C(c4ccccc4)(c4ccccc4)C(n12)n1c(C)cc(C)n->31,Cc1cc(C)n2->[Zn+2]3(<-[CH3-])<-[cH-]4cccc4C(c4ccccc4)(c4ccccc4)C(n12)n1c(C)cc(C)n->31
YUSYOC,CC(C)(C)N1C=CN2P(C(C)(C)C)(C(C)(C)C)->[Ru+2](<-[Cl-])(<-[Cl-])(<-[C]12)<-P(c1ccccc1)(c1ccccc1)c1ccccc1,C33 H44 Cl2 N2 P2 Ru1,0.0,CC(C)(C)N1C=CN2P(C(C)(C)C)(C(C)(C)C)->[Ru+2](<-[Cl-])(<-[Cl-])(<-[C]12)<-P(c1ccccc1)(c1ccccc1)c1ccccc1,CC(C)(C)N1C=CN2P(C(C)(C)C)(C(C)(C)C)->[Ru+2](<-[Cl-])(<-[Cl-])(<-[C]12)<-P(c1ccccc1)(c1ccccc1)c1ccccc1,CC(C)(C)N1C=CN2P(C(C)(C)C)(C(C)(C)C)->[Ru+2](<-[Cl-])(<-[Cl-])(<-[C]12)<-P(c1ccccc1)(c1ccccc1)c1ccccc1
YUTNIM,C[C@@H](c1ccccc1)/N(=C/c1ccccn1)->[Hg+2](<-[Cl-])<-[Cl-],C14 H14 Cl2 Hg1 N2,0.0,CC(c1ccccc1)N1=Cc2ccccn2->[Hg+2]<-1(<-[Cl-])<-[Cl-],CC(c1ccccc1)N1=Cc2ccccn2->[Hg+2]<-1(<-[Cl-])<-[Cl-],CC(N=Cc1ccccn1)c1ccccc1.[Cl-]->[Hg+2]<-[Cl-]
YUTWAN,,C29 H32 B1 I1 N6 O1 W1,0.0,Cc1cc(C)[n-]2->[W+4]34(<-[O-2])(<-[I-])(<-C(c5ccccc5)#C->3c3ccccc3)<-[n-]3c(C)cc(C)[n+]3[BH-]([n+]12)[n+]1c(C)cc(C)[n-]->41,Cc1cc(C)n2->[W+4]34(<-[O-2])(<-[I-])(<-C(c5ccccc5)#C->3c3ccccc3)<-n3c(C)cc(C)n3[BH-](n12)n1c(C)cc(C)n->41,Cc1cc(C)n2->[W+4]34(<-[O-2])(<-[I-])(<-C(c5ccccc5)#C->3c3ccccc3)<-n3c(C)cc(C)n3[BH-](n12)n1c(C)cc(C)n->41
YUVQEN,,C28 H32 B1 F4 N8 Zn1 1+,1.0,CN1CCN(C)C1=N1c2cccc3cccn(->[Zn+2]<-14(<-F[B-](F)(F)F)<-N(=C1N(C)CCN1C)c1cccc5cccn->4c15)c23,CN1CCN(C)C1=N1->[Zn+2]2(<-N(=C3N(C)CCN3C)c3cccc4cccn->2c34)<-n2cccc3cccc1c32.F[B-](F)(F)F,CN1CCN(C)C1=N1->[Zn+2]2(<-N(=C3N(C)CCN3C)c3cccc4cccn->2c34)<-n2cccc3cccc1c32.F[B-](F)(F)F
YUWFOL,CN(C)C[CH+][CH-][CH+][C-]1CN(C)(C)->[Mn+3]2345(<-[C-]#[O+])(<-[C-]#[O+])<-[CH2-][C-]->2(C)[CH-]->3[C-]->4(C)[CH+]->51,C19 H29 Mn1 N2 O2,0.0,fail,CN(C)CC=CC=C1CN(C)(C)->[Mn+]2345(<-[C-]#[O+])(<-[C-]#[O+])<-[CH2-]C->2(C)=C->3C->4(C)=C->51,CN(C)CC=CC=C1CN(C)(C)->[Mn+]2345(<-[C-]#[O+])(<-[C-]#[O+])<-[CH2-]C->2(C)=C->3C->4(C)=C->51
YUWNUB,[O-]P(O)(C(F)(F)C(F)(F)F)->[Pt+2](<-[Cl-])(<-P([O-])(O)C(F)(F)C(F)(F)F)<-P(O)(O)C(F)(F)C(F)(F)F,C6 H4 Cl1 F15 O6 P3 Pt1 1-,-1.0,O=[PH](O)(C(F)(F)C(F)(F)F)->[Pt](<-[Cl-])(<-P(O)(O)C(F)(F)C(F)(F)F)<-[PH](=O)(O)C(F)(F)C(F)(F)F,[O-]P(O)(C(F)(F)C(F)(F)F)->[Pt+2](<-[Cl-])(<-P([O-])(O)C(F)(F)C(F)(F)F)<-P(O)(O)C(F)(F)C(F)(F)F,[O-]P(O)(C(F)(F)C(F)(F)F)->[Pt+2](<-[Cl-])(<-P([O-])(O)C(F)(F)C(F)(F)F)<-P(O)(O)C(F)(F)C(F)(F)F
YUYJEI,[Cl-]->[Zn@TB17+2]12(<-[Cl-])<-n3c4cccc3CS->1Cc1ccc(cc1)OCCCCCCCCCCOc1ccc(cc1)CS->2C4,C31 H39 Cl2 N1 O2 S2 Zn1,0.0,[Cl-]->[Zn+2]12(<-[Cl-])<-n3c4cccc3CS->1Cc1ccc(cc1)OCCCCCCCCCCOc1ccc(cc1)CS->2C4,[Cl-]->[Zn+2]12(<-[Cl-])<-n3c4cccc3CS->1Cc1ccc(cc1)OCCCCCCCCCCOc1ccc(cc1)CS->2C4,[Cl-]->[Zn+2]1(<-[Cl-])<-n2c3cccc2CS->1Cc1ccc(cc1)OCCCCCCCCCCOc1ccc(cc1)CSC3
YUZYOJ,CN1CCN(C)C1=N1CCN(=C2N(C)CCN2C)->[Zn+2]<-1(<-[O-]C(=O)c1ccccc1)<-[O-]C(=O)c1ccccc1,C26 H34 N6 O4 Zn1,0.0,CN1CCN(C)C1=N1CCN(=C2N(C)CCN2C)->[Zn+2]<-1(<-[O-]C(=O)c1ccccc1)<-[O-]C(=O)c1ccccc1,CN1CCN(C)C1=N1CCN(=C2N(C)CCN2C)->[Zn+2]<-1(<-[O-]C(=O)c1ccccc1)<-[O-]C(=O)c1ccccc1,CN1CCN(C)C1=N1CCN(=C2N(C)CCN2C)->[Zn+2]<-12345(<-O=C->2([O-]->3)c1ccccc1)<-O=C->4([O-]->5)c1ccccc1
ZACNOJ,CC(C)(C)P1(=[Se]->[Zn+2]2(<-[Se]=P([Se-]->2)(C(C)(C)C)C(C)(C)C)<-[Se-]1)C(C)(C)C,C16 H36 P2 Se4 Zn1,0.0,fail,CC(C)(C)P1(=[Se]->[Zn+2]2(<-[Se]=P([Se-]->2)(C(C)(C)C)C(C)(C)C)<-[Se-]1)C(C)(C)C,CC(C)(C)P1(=[Se]->[Zn+2]2(<-[Se]=P([Se-]->2)(C(C)(C)C)C(C)(C)C)<-[Se-]1)C(C)(C)C
ZAFSAA,O=C12[CH2-]->[Pd+2]<-1(<-[CH2-]2)(<-P(c1ccccc1)(c1ccccc1)c1ccccc1)<-P(c1ccccc1)(c1ccccc1)c1ccccc1,C39 H34 O1 P2 Pd1,0.0,fail,O=C12[CH2-]->[Pd+2]<-1(<-[CH2-]2)(<-P(c1ccccc1)(c1ccccc1)c1ccccc1)<-P(c1ccccc1)(c1ccccc1)c1ccccc1,O=C12[CH2-]->[Pd+2]<-1(<-[CH2-]2)(<-P(c1ccccc1)(c1ccccc1)c1ccccc1)<-P(c1ccccc1)(c1ccccc1)c1ccccc1
ZAGXOX,O=C1[O-]->[Ni@SP2+2]23<-N(/C(=O)[C@@H]4CCCN->24Cc2ccccc2)=C2/C=CC=C/C2=C(\c2ccccc2)[N-]->3[C@H]1C[C@H]1C[C@@H]1C(F)(F)F,C32 H30 F3 N3 Ni1 O3,0.0,O=C1[O-]->[Ni+2]23<-N(=C(c4ccccc4)c4ccccc4[N-]->2C(=O)C2CCCN->32Cc2ccccc2)C1CC1CC1C(F)(F)F,O=C1[O-]->[Ni+2]23<-N(=C(c4ccccc4)c4ccccc4[N-]->2C(=O)C2CCCN->32Cc2ccccc2)C1CC1CC1C(F)(F)F,O=C1[O-]->[Ni+2]23<-N(=C(c4ccccc4)c4ccccc4[N-]->2C(=O)C2CCCN->32Cc2ccccc2)C1CC1CC1C(F)(F)F
ZAHZOK,,C16 H30 Cl2 N1 P1 Se1 Ti1,0.0,fail,CC(C)N1=P([Se-]->[Ti+4]<-12345(<-[Cl-])(<-[Cl-])<-c1c->2c->3[cH-]->4c->51)(C(C)(C)C)C(C)(C)C,CC(C)N1=P([Se-]->[Ti+4]<-12345(<-[Cl-])(<-[Cl-])<-c1c->2c->3[cH-]->4c->51)(C(C)(C)C)C(C)(C)C
ZAKHUR,Cc1cc(C)c(N2C3=N(/c4ccccc4)->[Pd+2](<-[Cl-])(<-[Cl-])<-N(=C/3N(c3c(C)cc(C)cc3C)C2O)\c2ccccc2)c(C)c1,C33 H34 Cl2 N4 O1 Pd1,0.0,Cc1cc(C)c(N2C3=N(c4ccccc4)->[Pd+2](<-[Cl-])(<-[Cl-])<-N(=C3N(c3c(C)cc(C)cc3C)C2O)c2ccccc2)c(C)c1,Cc1cc(C)c(N2C3=N(c4ccccc4)->[Pd+2](<-[Cl-])(<-[Cl-])<-N(=C3N(c3c(C)cc(C)cc3C)C2O)c2ccccc2)c(C)c1,Cc1cc(C)c(N2C3=N(c4ccccc4)->[Pd+2](<-[Cl-])(<-[Cl-])<-N(=C3N(c3c(C)cc(C)cc3C)C2O)c2ccccc2)c(C)c1
ZALJIG,F[C+]1[C-](F)[C-](F)[C+](F)[C-]([c+]2[c+]3[cH+][cH+][c+]4[c+](-[c-]5[c+](F)[c+](F)[c+](F)[c-](F)[c-]5F)[c+]5[n-]6->[Zn@SP1+2]7(<-[n-]43)<-[n-]3[c+]([c-]([C-]4[C+](F)[C+](F)[C-](F)[C-](F)[C-]4F)[c-]4[cH+][cH+][c-]([c-]([C-]8[C+](F)[C+](F)[C-](F)[C-](F)[C-]8F)[c+]6[CH+][CH-]5)[n-]->74)[CH+][CH+][c-]23)[C-]1F,C44 H8 F20 N4 Zn1,0.0,Fc1c(F)c(F)c(-c2c3n4->[Zn+2]56<-n7c(c(-c8c(F)c(F)c(F)c(F)c8F)c8ccc2[n-]->58)C=Cc7c(-c2c(F)c(F)c(F)c(F)c2F)c2ccc(c(-c5c(F)c(F)c(F)c(F)c5F)c4C=C3)[n-]->62)c(F)c1F,Fc1c(F)c(F)c(C2=c3ccc4[n-]3->[Zn+4]35<-[n-]6c(ccc6C(=C6[C+](F)[C-](F)[C-](F)[C+](F)[C-]6F)c6ccc([n-]->36)C=4c3c(F)c(F)c(F)c(F)c3F)C(=C3[C+](F)[C-](F)[C+](F)[C+](F)[C-]3F)c3ccc2[n-]->53)c(F)c1F,Fc1c(F)c(F)c(C2=c3ccc4[n-]3->[Zn+4]35<-[n-]6c(ccc6C(=C6[C+](F)[C-](F)[C-](F)[C+](F)[C-]6F)c6ccc([n-]->36)C=4c3c(F)c(F)c(F)c(F)c3F)C(=C3[C+](F)[C-](F)[C+](F)[C+](F)[C-]3F)c3ccc2[n-]->53)c(F)c1F
ZANJUT,,C13 H32 Ir1 P3 S1,0.0,C=[C-]1C=C[S-]->[IrH+2]<-1(<-P(C)(C)C)(<-P(C)(C)C)<-P(C)(C)C,C=[C-]1C=C[S-]->[IrH+2]<-1(<-P(C)(C)C)(<-P(C)(C)C)<-P(C)(C)C,C=[C-]1C=C[S-]->[IrH+2]<-1(<-P(C)(C)C)(<-P(C)(C)C)<-P(C)(C)C
ZAPQIT,C1=C/C2=C/N3=N/c4scc(-c5ccccc5)n4->[Co+3]<-345(<-N(/C=C3/C=CC=C[N-]->43)=N\c3scc(-c4ccccc4)n->53)<-[N-]2C=C1,C30 H22 Co1 N8 S2 1+,1.0,C1c2ccccn2->[Co+3]234(<-N=1N=c1scc(-c5ccccc5)[n-]->21)<-N(=Cc1ccccn->31)N=c1scc(-c2ccccc2)[n-]->41,C1=CC2=CN3=Nc4scc(-c5ccccc5)n4->[Co+3]<-345(<-N(C=C3C=CC=C[N-]->43)=Nc3scc(-c4ccccc4)n->53)<-[N-]2C=C1,C1=CC2=CN3=Nc4scc(-c5ccccc5)n4->[Co+3]<-345(<-N(C=C3C=CC=C[N-]->43)=Nc3scc(-c4ccccc4)n->53)<-[N-]2C=C1
ZARKOV,,C21 H30 Cl1 Ir1 N1 P1,0.0,Cc1cccc2-c3cccc4CP(C(C)(C)C)(C(C)(C)C)->[IrH+2](<-[Cl-])(<-[c-]43)<-n12,Cc1cccc2-c3cccc4CP(C(C)(C)C)(C(C)(C)C)->[IrH+2](<-[Cl-])(<-[c-]43)<-n12,Cc1cccc2-c3cccc4CP(C(C)(C)C)(C(C)(C)C)->[IrH+2](<-[Cl-])(<-[c-]43)<-n12
ZASVAT,O=C(N/N1=C/c2ccccn2->[Zn+2]<-1(<-[Br-])<-[Br-])c1ccncc1,C12 H10 Br2 N4 O1 Zn1,0.0,[Br-]->[Zn+2]12(<-[Br-])<-O=C(NN->1=Cc1ccccn->21)c1ccncc1,[Br-]->[Zn+2]12(<-[Br-])<-O=C(NN->1=Cc1ccccn->21)c1ccncc1,[Br-]->[Zn+2]12(<-[Br-])<-O=C(NN->1=Cc1ccccn->21)c1ccncc1
ZATMEM,[Cl-]->[Pd+2]1(<-[Cl-])<-[Se]2CCC[Se]->1CCC2,C6 H12 Cl2 Pd1 Se2,0.0,[Cl-]->[Pd+2]1(<-[Cl-])<-[Se]2CCC[Se]->1CCC2,[CH2-]CC[Se-]->[Pd+6](<-[Cl-])(<-[Cl-])<-[Se-]CC[CH2-],[CH2-]C[CH2-].[Cl-]->[Pd+6]1(<-[Cl-])<-[Se-]CCC[Se-]->1
ZAVCAA,,C12 H14 S5 Si1 Ti1,0.0,C[Si]1(C)c23->[Ti+4]456789%10%11(<-[S-]SSS[S-]->4)(<-c4c->5[cH-]->6c->71c->84)<-c(c->92)[cH-]->%10c->%113,C[Si]1(C)[c-]23->[Ti+2]456789%10%11(<-S=S=S=S=S->4)(<-c(c->5c->62)c->73)<-c2c->8c->9[c-]->%101c->%112,C[Si]1(C)[c-]23->[Ti+2]456789%10%11(<-S=S=S=S=S->4)(<-c(c->5c->62)c->73)<-c2c->8c->9[c-]->%101c->%112
ZAXFEL,CS1c2ccccc2/C=N2/CC[Se](c3ccccc3)->[Pd@OH23+2]<-2<-1<-[Cl-],C16 H17 Cl1 N1 Pd1 S1 Se1 1+,1.0,CS1c2ccccc2C=N2CC[Se](c3ccccc3)->[Pd+2]<-2<-1<-[Cl-],[CH2-]CN1=Cc2ccccc2S(C)->[Pd+4]<-1(<-[Cl-])<-[Se-]c1ccccc1,[CH2-]CN1=Cc2ccccc2S(C)->[Pd+4]<-1(<-[Cl-])<-[Se-]c1ccccc1
ZAZCIO,OCC/N1=C/c2ccccc2[O-]->[Ni+2]<-12<-[O-]c1ccccc1/C=N->2/CCO,C18 H20 N2 Ni1 O4,0.0,C1c2ccccc2[O-]->[Ni+2]234(<-[O-]c5ccccc5C=N->2CCO->3)<-OCCN->4=1,C1c2ccccc2[O-]->[Ni+2]234(<-[O-]c5ccccc5C=N->2CCO->3)<-OCCN->4=1,OCCN1=Cc2ccccc2[O-]->[Ni+2]<-12<-[O-]c1ccccc1C=N->2CCO
ZAZVIH,N#C[S-]->[Hg+2]12(<-[S-]C#N)<-n3ccccc3-c3cc(-c4ccc(/C=C/c5ccc(-n6cncn6)cc5)cc4)cc(-c4ccccn->14)n->23,C33 H22 Hg1 N8 S2,0.0,N#C[S-]->[Hg+2]12(<-[S-]C#N)<-n3ccccc3-c3cc(-c4ccc(C=Cc5ccc(-n6cncn6)cc5)cc4)cc(-c4ccccn->14)n->23,N#C[S-]->[Hg+2]12(<-[S-]C#N)<-n3ccccc3-c3cc(-c4ccc(C=Cc5ccc(-n6cncn6)cc5)cc4)cc(-c4ccccn->14)n->23,N#C[S-]->[Hg+2](<-[S-]C#N)<-n1c(-c2ccccn2)cc(-c2ccc(C=Cc3ccc(-n4cncn4)cc3)cc2)cc1-c1ccccn1
ZECLIC,CC(C)(C)[C@@H](O)[C@H]1C(=O)[O-]->[Ni@SP2+2]23<-N(/C(=O)[C@@H]4CCCN->24Cc2ccccc2)=C2/C=CC=C/C2=C(\c2ccccc2)[N-]->31,C32 H35 N3 Ni1 O4,0.0,CC(C)(C)C(O)C1C(=O)[O-]->[Ni+2]23<-N1=C(c1ccccc1)c1ccccc1[N-]->2C(=O)C1CCCN->31Cc1ccccc1,CC(C)(C)C(O)C1C(=O)[O-]->[Ni+2]23<-N(C(=O)C4CCCN->24Cc2ccccc2)=C2C=CC=CC2=C(c2ccccc2)[N-]->31,CC(C)(C)C(O)C1C(=O)[O-]->[Ni+2]23<-N(C(=O)C4CCCN->24Cc2ccccc2)=C2C=CC=CC2=C(c2ccccc2)[N-]->31
ZEDGIB,,C12 H15 N5 O6 Ru1,0.0,Cc1ccn(->[Ru](<-[OH-])(<-[N-]=O)(<-n2ccc(C)cc2)(<-[N+](=O)=O)<-[N+](=O)=O)cc1,Cc1ccn(->[Ru+4](<-[OH-])(<-[N-]=O)(<-N(=O)[O-])(<-N(=O)[O-])<-n2ccc(C)cc2)cc1,Cc1ccn(->[Ru+4](<-[OH-])(<-[N-]=O)(<-N(=O)[O-])(<-N(=O)[O-])<-n2ccc(C)cc2)cc1
ZEFREH,,C21 H50 Cl2 Ir1 N2 P2 1+,1.0,CC(C)P1(CCN(C)(C)->[Ir+3]<-12(<-[Cl-])(<-[Cl-])<-[CH2-][N+](C)(C)CCP->2(C(C)C)C(C)C)C(C)C,CC(C)P1(CCN(C)(C)->[Ir+3]<-12(<-[Cl-])(<-[Cl-])<-[CH2-][N+](C)(C)CCP->2(C(C)C)C(C)C)C(C)C,CC(C)P1(CCN(C)(C)->[Ir+3]<-12(<-[Cl-])(<-[Cl-])<-[CH2-][N+](C)(C)CCP->2(C(C)C)C(C)C)C(C)C
ZEGVOW,[CH2+][C-]1[C@@H](C)[C-]2(C)->[Mo+4]34567(<-[C-]#[O+])(<-[C-]#[O+])(<-c8c->3c->4[cH-]->5c->68)<-[C-]1(C)[C-]->72C,C17 H20 Mo1 O2,0.0,fail,C=C1C(C)C2(C)->[Mo+2]34567(<-[C-]#[O+])(<-[C-]#[O+])(<-c8c->3c->4[cH-]->5c->68)<-C=2(C)[C-]->71C,C=C1C(C)C2(C)->[Mo+2]34567(<-[C-]#[O+])(<-[C-]#[O+])(<-c8c->3c->4[cH-]->5c->68)<-C=2(C)[C-]->71C
ZEHXAL,Cc1ccc(C)c23->[Zr+4]456789%10%11(<-[Cl-])(<-[Cl-])<-c(c->4(C)[c-]->52[Si](C)(C)[c-]->62c->7(C)c->8c->94c(C)ccc(C)c->%1042)c->%1113,C26 H30 Cl2 Si1 Zr1,0.0,Cc1ccc(C)c23->[Zr+4]456789%10%11(<-[Cl-])(<-[Cl-])<-[cH-](c->4(C)c->52[Si](C)(C)c->62c->7(C)[cH-]->8c->94c(C)ccc(C)c->%1024)c->%1113,Cc1ccc(C)c23->[Zr+4]456789%10%11(<-[Cl-])(<-[Cl-])<-c(c->4(C)[c-]->52[Si](C)(C)[c-]->62c->7(C)c->8c->94c(C)ccc(C)c->%1042)c->%1113,Cc1ccc(C)c23->[Zr+4]456789%10%11(<-[Cl-])(<-[Cl-])<-c(c->4(C)[c-]->52[Si](C)(C)[c-]->62c->7(C)c->8c->94c(C)ccc(C)c->%1042)c->%1113
ZEJGIH,COC(=O)/C=C/C(=O)OC12->[Fe]34(<-[C-]#[O+])(<-[C-]#[O+])(<-[C-]#[O+])<-C(=C->31)CCC->4=2,C14 H12 Fe1 O7,0.0,COC(=O)C=CC(=O)OC12->[Fe]34(<-[C-]#[O+])(<-[C-]#[O+])(<-[C-]#[O+])<-C(=C->31)CCC->4=2,COC(=O)C=CC(=O)OC12->[Fe+2]34(<-[C-]#[O+])(<-[C-]#[O+])(<-[C-]#[O+])<-C=1[CH-]->3CC[CH-]->42,COC(=O)C=CC(=O)OC12->[Fe+2]34(<-[C-]#[O+])(<-[C-]#[O+])(<-[C-]#[O+])<-C=1[CH-]->3CC[CH-]->42
ZEJQIR,Cc1cc(C)c(N2C=CN(c3c(C)cc(C)cc3C)[C]2->[Pd@+2]2(<-[I-])<-S=C3C=CC=C/C3=C3\OCC(C)(C)[N-]->23)c(C)c1,C32 H36 I1 N3 O1 Pd1 S1,0.0,fail,Cc1cc(C)c(N2C=CN(c3c(C)cc(C)cc3C)[C]2->[Pd+2]2(<-[I-])<-S=C3C=CC=CC3=C3OCC(C)(C)[N-]->23)c(C)c1,Cc1cc(C)c(N2C=CN(c3c(C)cc(C)cc3C)[C]2->[Pd+2]2(<-[I-])<-S=C3C=CC=CC3=C3OCC(C)(C)[N-]->23)c(C)c1
ZEKHAA,,C14 H8 F12 O2 P2 Ru1,0.0,[O+]#[C-]->[RuH+]12(<-[C-]#[O+])<-[c-]3c(CP->1(C(F)(F)F)C(F)(F)F)cccc3CP->2(C(F)(F)F)C(F)(F)F,[O+]#[C-]->[RuH+]12(<-[C-]#[O+])<-[c-]3c(CP->1(C(F)(F)F)C(F)(F)F)cccc3CP->2(C(F)(F)F)C(F)(F)F,[O+]#[C-]->[RuH+]12(<-[C-]#[O+])<-[c-]3c(CP->1(C(F)(F)F)C(F)(F)F)cccc3CP->2(C(F)(F)F)C(F)(F)F
ZELHOP,CN1CC[N-]2C->[Ti+4]<-23456(<-[Cl-])(<-[Cl-])<-c2(C)c->3(C)c->4(C)[c-]->5([Si]1(C)C)c->62C,C15 H28 Cl2 N2 Si1 Ti1,0.0,CN1CC[N-](C)->[Ti+4]2345(<-[Cl-])(<-[Cl-])<-c6(C)c->2(C)c->3(C)[c-]->4([Si]1(C)C)c->56C,CN1CC[N-](C)->[Ti+4]2345(<-[Cl-])(<-[Cl-])<-c6(C)c->2(C)c->3(C)[c-]->4([Si]1(C)C)c->56C,CN1CC[N-](C)->[Ti+4]2345(<-[Cl-])(<-[Cl-])<-c6(C)c->2(C)c->3(C)[c-]->4([Si]1(C)C)c->56C
ZEMLOS,C=N1/C=C2/C=CC=C(OCC)C2=O->[Cu@TB19+]<-12<-[O-]c1c(/C=N->2/C)cccc1OCC,C20 H24 Cu1 N2 O4,0.0,CCOc1cccc2C=N(C)->[Cu+2]3(<-[O-]c21)<-[O-]c1c(C=N->3C)cccc1OCC,[CH2-]N1=Cc2cccc(OCC)c2[O-]->[Cu+3]<-12<-[O-]c1c(C=N->2C)cccc1OCC,[CH2-]N1=Cc2cccc(OCC)c2[O-]->[Cu+3]<-12<-[O-]c1c(C=N->2C)cccc1OCC
ZEPMOW,C[B-]12->[Mo+2]3456(<-[C-]#[O+])(<-[C-]#[O+])(<-[C-]#[O+])<-C(=C->31)S->4[CH-]->5C->6=2,C8 H7 B1 Mo1 O3 S1,0.0,CB12->[Mo]3456(<-[C-]#[O+])(<-[C-]#[O+])(<-[C-]#[O+])<-C(=C->31)S->4C->5=C->62,CB12->[Mo]3456(<-[C-]#[O+])(<-[C-]#[O+])(<-[C-]#[O+])<-C(=C->31)S->4C->5=C->62,CB12->[Mo]3456(<-[C-]#[O+])(<-[C-]#[O+])(<-[C-]#[O+])<-C(=C->31)S->4C->5=C->62
ZEQFEG,,C22 H22 P1 Ta1,0.0,c1ccc([P-](c2ccccc2)->[TaH2+3]23456789(<-c%10c->2c->3[cH-]->4c->5%10)<-c2c->6c->7[cH-]->8c->92)cc1,c1ccc([P-](c2ccccc2)->[TaH2+3]23456789(<-c%10c->2c->3[cH-]->4c->5%10)<-c2c->6c->7[cH-]->8c->92)cc1,c1ccc([P-](c2ccccc2)->[TaH2+3]234(<-c5c[cH-]->2c->3c->45)<-[cH-]2cccc2)cc1
ZEQKAJ,CNC1/N=N2/C=C3/C=CC=C[N-]3->[Co+3]<-234(<-S=1)<-S=C(/N=N->3/C=C1/C=CC=C[N-]->41)NC,C16 H18 Co1 N8 S2 1+,1.0,CNC1=NN2=Cc3ccccn3->[Co+3]<-234(<-[S-]1)<-[S-]C(=NN->3=Cc1ccccn->41)NC,CNC1N=N2C=C3C=CC=C[N-]3->[Co+3]<-234(<-S=1)<-S=C(N=N->3C=C1C=CC=C[N-]->41)NC,CNC1N=N2C=C3C=CC=C[N-]3->[Co+3]<-234(<-S=1)<-S=C(N=N->3C=C1C=CC=C[N-]->41)NC
ZERWAX,Cc12->[Y+3]3456789(<-[NH2-])(<-O%10CCCC%10)(<-c1(C)c->3(C)[c-]->4(C)c->52C)<-c1(C)c->6(C)c->7(C)[c-]->8(C)c->91C,C24 H40 N1 O1 Y1,0.0,Cc12->[Y+3]3456789(<-[NH2-])(<-O%10CCCC%10)(<-c1(C)c->3(C)[c-]->4(C)c->52C)<-c1(C)c->6(C)c->7(C)[c-]->8(C)c->91C,Cc12->[Y+3]3456789(<-[NH2-])(<-O%10CCCC%10)(<-c1(C)c->3(C)[c-]->4(C)c->52C)<-c1(C)c->6(C)c->7(C)[c-]->8(C)c->91C,Cc1c(C)c(C)[c-](C)(->[Y+3]2345(<-[NH2-])(<-O6CCCC6)<-c6(C)c->2(C)c->3(C)[c-]->4(C)c->56C)c1C
ZESSAT,CC(C)(C)C1=C/C2=N3\c4ccccc4-c4oc5c(C(C)(C)C)cc(C(C)(C)C)cc5n4->[Cu+]<-34(<-[Cl-])<-O=C->42C(C(C)(C)C)=C1,C35 H44 Cl1 Cu1 N2 O2,0.0,CC(C)(C)C1=CC2=N3c4ccccc4-c4oc5c(C(C)(C)C)cc(C(C)(C)C)cc5n4->[Cu+2]<-3(<-[Cl-])<-[O-][C]2C(C(C)(C)C)=C1,CC(C)(C)c1cc2c(c(C(C)(C)C)c1)OC1=C3C=CC=CC3=N3c4cc(C(C)(C)C)cc(C(C)(C)C)c4[O-]->[Cu+3]<-3(<-[Cl-])<-[N-]12,CC(C)(C)c1cc2c(c(C(C)(C)C)c1)OC1=C3C=CC=CC3=N3c4cc(C(C)(C)C)cc(C(C)(C)C)c4[O-]->[Cu+3]<-3(<-[Cl-])<-[N-]12
ZETCUY,Cc1cccc(C)c1[N-]1/C(=C\c2ccccn2->[Ni+2]<-12<-n1ccccc1/C=C(/c1ccccc1)[N-]->2c1c(C)cccc1C)c1ccccc1,C42 H38 N4 Ni1,0.0,Cc1cccc(C)c1[N-]1C(=Cc2ccccn2->[Ni+2]<-12<-n1ccccc1C=C(c1ccccc1)[N-]->2c1c(C)cccc1C)c1ccccc1,Cc1cccc(C)c1[N-]1C(=Cc2ccccn2->[Ni+2]<-12<-n1ccccc1C=C(c1ccccc1)[N-]->2c1c(C)cccc1C)c1ccccc1,Cc1cccc(C)c1[N-]1C(=Cc2ccccn2->[Ni+2]<-12<-n1ccccc1C=C(c1ccccc1)[N-]->2c1c(C)cccc1C)c1ccccc1
ZEVCIP,Cc1n2CC(=O)[N-]3c4ccccc4[N-]4C(=O)Cn5c(C)[n+](C)c[c-]5->[Ni@SP1+2]<-3<-4<-[c-]2c[n+]1C,C20 H22 N6 Ni1 O2,0.0,Cc1n2CC(=O)[N-]3c4ccccc4[N-]4C(=O)Cn5c(C)[n+](C)c[c]5->[Ni]<-3<-4<-[c]2c[n+]1C,Cc1n2CC(=O)[N-]3c4ccccc4[N-]4C(=O)Cn5c(C)[n+](C)c[c-]5->[Ni+2]<-3<-4<-[c-]2c[n+]1C,Cc1n2CC(=O)[N-]3c4ccccc4[N-]4C(=O)Cn5c(C)[n+](C)c[c-]5->[Ni+2]<-3<-4<-[c-]2c[n+]1C
ZEVXUT,,C28 H37 N3 O1 P1 Ru1 1+,1.0,CN12->[RuH+]3(<-[C-]#[O+])(<-N(C)(CC1)CCN->3(C)CC2)<-P(c1ccccc1)(c1ccccc1)c1ccccc1,CN12->[RuH+]3(<-[C-]#[O+])(<-N(C)(CC1)CCN->3(C)CC2)<-P(c1ccccc1)(c1ccccc1)c1ccccc1,CN12->[RuH+]3(<-[C-]#[O+])(<-N(C)(CC1)CCN->3(C)CC2)<-P(c1ccccc1)(c1ccccc1)c1ccccc1
ZEXZOT,,C25 H23 N3 O2 Pt1,0.0,CC1=NN(c2ccccc2)C2=O->[Pt+2]3(<-[O-]C(=C12)C(C)C)<-[c-]1ccccc1-c1ccccn->31,Cc1nn(-c2ccccc2)c2[O-]->[Pt+2]3(<-O=C(c12)C(C)C)<-[c-]1ccccc1-c1ccccn->31,Cc1nn(-c2ccccc2)c2[O-]->[Pt+2]3(<-O=C(c12)C(C)C)<-[c-]1ccccc1-c1ccccn->31
ZEYYEH,CC1(C)O[C@H]2O[C@@H]3[C@H]4COC(C)(C)O4->[Mo+6]4(<-[O-2])(<-[O-2])(<-[O-][C@@H]3[C@H]2O1)<-[O-][C@@H]1[C@H]2OC(C)(C)O[C@H]2O[C@@H]1[C@H]1COC(C)(C)O->41,C24 H38 Mo1 O14,0.0,CC1(C)OCC(C2OC3OC(C)(C)OC3C2[O-]->[Mo+6](<-[O-2])(<-[O-2])<-[O-]C2C(C3COC(C)(C)O3)OC3OC(C)(C)OC32)O1,CC1(C)OC2OC3C4COC(C)(C)O4->[Mo+6]4(<-[O-2])(<-[O-2])(<-[O-]C3C2O1)<-[O-]C1C2OC(C)(C)OC2OC1C1COC(C)(C)O->41,CC1(C)OCC(C2OC3OC(C)(C)OC3C2[O-]->[Mo+6](<-[O-2])(<-[O-2])<-[O-]C2C(C3COC(C)(C)O3)OC3OC(C)(C)OC32)O1
ZIBCIZ,Cc1ccc2ccc3ccc(C)n4->[Cd+2](<-[S-]C(=O)c5ccccc5)(<-[S-]C(=O)c5ccccc5)<-n1c2c34,C28 H22 Cd1 N2 O2 S2,0.0,fail,Cc1ccc2ccc3ccc(C)n4->[Cd+2](<-[S-]C(=O)c5ccccc5)(<-[S-]C(=O)c5ccccc5)<-n1c2c34,Cc1ccc2ccc3ccc(C)n4->[Cd+2]56(<-[O-]C(=S->5)c5ccccc5)(<-[O-]C(=S->6)c5ccccc5)<-n1c2c34
ZIBYAM,,C17 H16 Mo1 N4 O4 S1,0.0,CC#N->[Mo+6]12(<-[O-2])(<-[O-2])<-[O-]c3cc(O)ccc3C=N->1N=C([S-]->2)N(C)c1ccccc1,CC#N->[Mo+6]12(<-[O-2])(<-[O-2])<-[O-]c3cc(O)ccc3C=N->1N=C([S-]->2)N(C)c1ccccc1,CC#N->[Mo+6]12(<-[O-2])(<-[O-2])<-[O-]c3cc(O)ccc3C=N->1N=C([S-]->2)N(C)c1ccccc1
ZIFHIF,C1\c2ccccc2[O-]->[Co+3]2345(<-NCCN->2CCN->3CCN->4)<-[O-]/N->5=1,C13 H23 Co1 N5 O2 1+,1.0,[O]N1=Cc2ccccc2[O-]->[Co+2]<-1234<-NCCN->2CCN->3CCN->4,[O-]N1=Cc2ccccc2[O-]->[Co+3]<-1234<-NCCN->2CCN->3CCN->4,[O-]N1=Cc2ccccc2[O-]->[Co+3]<-1234<-NCCN->2CCN->3CCN->4
ZIGPOW,,C25 H19 Cl1 Hg1 N3 O4 S2 1+,1.0,[O-][Cl+3]([O-])([O-])[O-]->[Hg+2]1234<-n5c(CS->1c1cccc6cccn->2c16)cccc5CS->3c1cccc2cccn->4c12,[O-2].[O-2].[O-2].[O-]Cl.c1cc2n3->[Hg+8]45(<-n6cccc7cccc(c76)S->4C2)<-n2cccc4cccc(c42)S->5Cc3c1,[O-2].[O-2].[O-2]->[Hg+8]1234<-n5c(cccc5CS->1c1cccc5cccn->2c15)CS->3c1cccc2cccn->4c12.[O-]Cl
ZIHQIS,[CH3-]->[Pt+4]1(<-[CH3-])(<-[Cl-])(<-[c-]2ccccc2/C=N->1/Cc1ccc(Cl)cc1)<-P(c1ccccc1)(c1ccccc1)c1ccccc1,C34 H32 Cl2 N1 P1 Pt1,0.0,[CH3-]->[Pt+4]1(<-[CH3-])(<-[Cl-])(<-[c-]2ccccc2C=N->1Cc1ccc(Cl)cc1)<-P(c1ccccc1)(c1ccccc1)c1ccccc1,[CH3-]->[Pt+4]1(<-[CH3-])(<-[Cl-])(<-[c-]2ccccc2C=N->1Cc1ccc(Cl)cc1)<-P(c1ccccc1)(c1ccccc1)c1ccccc1,[CH3-]->[Pt+4]1(<-[CH3-])(<-[Cl-])(<-[c-]2ccccc2C=N->1Cc1ccc(Cl)cc1)<-P(c1ccccc1)(c1ccccc1)c1ccccc1
ZIJBEB,Cc1ccc(C(=O)[C]2Nc3cccc(Br)n3->[Ir+3]<-23456(<-[Cl-])<-c2(C)c->3(C)c->4(C)[c-]->5(C)c->62C)cc1,C24 H26 Br1 Cl1 Ir1 N2 O1 1+,1.0,Cc1ccc(C(=O)[C]2Nc3cccc(Br)n3->[Ir+3]<-23456(<-[Cl-])<-c2(C)c->3(C)c->4(C)[c-]->5(C)c->62C)cc1,Cc1ccc(C(=O)[C]2Nc3cccc(Br)n3->[Ir+3]<-23456(<-[Cl-])<-c2(C)c->3(C)c->4(C)[c-]->5(C)c->62C)cc1,Cc1ccc(C(=O)[C]2Nc3cccc(Br)n3->[Ir+3]<-23456(<-[Cl-])<-c2(C)c->3(C)c->4(C)[c-]->5(C)c->62C)cc1
ZIJVIX,Cc1ccc(/N2=C/c3ccccc3[O-]->[W+6]<-2(<-[O-2])(<-[Cl-])(<-[Cl-])<-[Cl-])cc1,C14 H12 Cl3 N1 O2 W1,0.0,Cc1ccc(N2=Cc3ccccc3[O-]->[W+6]<-2(<-[O-2])(<-[Cl-])(<-[Cl-])<-[Cl-])cc1,Cc1ccc(N2=Cc3ccccc3[O-]->[W+6]<-2(<-[O-2])(<-[Cl-])(<-[Cl-])<-[Cl-])cc1,Cc1ccc(N2=Cc3ccccc3[O-]->[W+6]<-2(<-[O-2])(<-[Cl-])(<-[Cl-])<-[Cl-])cc1
ZIKFAA,S=c1sc2[S-]->[Cu+](<-[S-]c2s1)<-P(c1ccccc1)(c1ccccc1)c1ccccc1,C21 H15 Cu1 P1 S5 1-,-1.0,S=c1sc2[S-]->[Cu+](<-[S-]c2s1)<-P(c1ccccc1)(c1ccccc1)c1ccccc1,S=C1SC2=S->[Cu-](<-S=C2S1)<-P(c1ccccc1)(c1ccccc1)c1ccccc1,S=C1SC2=S->[Cu-](<-S=C2S1)<-P(c1ccccc1)(c1ccccc1)c1ccccc1
ZIMHUY,,C6 H8 Cl6 Fe1 Si2,0.0,Cl[Si-](Cl)(Cl)->[FeH2+2]12345(<-c6c->1c->2c->3c->4c->56)<-[Si-](Cl)(Cl)Cl,Cl[Si-](Cl)(Cl)->[FeH2+2]12345(<-c6c->1c->2c->3c->4c->56)<-[Si-](Cl)(Cl)Cl,Cl[Si-](Cl)(Cl)->[FeH2+2]12345(<-c6c->1c->2c->3c->4c->56)<-[Si-](Cl)(Cl)Cl
ZINHOW,,C26 H24 Ir1 N3 O2,0.0,fail,CC1=CC(C)=O->[Ir+3]23(<-[O-]1)(<-[C]1N(C)C=CN1c1cccc[c-]->21)<-[c-]1ccccc1-c1ccccn->31,CC1=CC(C)=O->[Ir+3]23(<-[O-]1)(<-[C]1N(C)C=CN1c1cccc[c-]->21)<-[c-]1ccccc1-c1ccccn->31
ZIPGAG,,C12 H8 N4 O7 Ru1,0.0,O=[N-]->[Ru+2]12(<-[O-]C(=O)c3ccccn->13)(<-[O-]C(=O)c1ccccn->21)<-[N+](=O)=O,O=[N-]->[Ru+4]12(<-[O-]C(=O)c3ccccn->13)(<-[O-]C(=O)c1ccccn->21)<-N(=O)[O-],O=[N-]->[Ru+4]12(<-[O-]C(=O)c3ccccn->13)(<-[O-]C(=O)c1ccccn->21)<-N(=O)[O-]
ZIQJAK,,C23 H53 Ir1 O1 P3 1+,1.0,fail,CCP(CC)(CC)->[IrH+2]1(<-O=C(C)C=[C-]->1C)(<-P(CC)(CC)CC)<-P(CC)(CC)CC,CCP(CC)(CC)->[IrH+2]1(<-O=C(C)C=[C-]->1C)(<-P(CC)(CC)CC)<-P(CC)(CC)CC
ZIRYEG,CC1=NC=N2->[Co@OH18+3]3456<-N7=CN=C(C)/C7=C/[N-]->3CCN(CC[N-]->4/C=C/12)CC[N-]->5/C=C1/C(C)=NC=N->61,C21 H27 Co1 N10,0.0,Cc1nc[n-]2->[Co+3]3456<-N(=Cc12)CCN(CCN->3=Cc1c(C)nc[n-]->41)CCN->5=Cc1c(C)nc[n-]->61,CC1=NC=N2->[Co+3]3456<-N7=CN=C(C)C7=C[N-]->3CCN(CC[N-]->4C=C12)CC[N-]->5C=C1C(C)=NC=N->61,CC1=NC=N2->[Co+3]3456<-N7=CN=C(C)C7=C[N-]->3CCN(CC[N-]->4C=C12)CC[N-]->5C=C1C(C)=NC=N->61
ZISXUU,C[C@@H](c1cccc[c-]1->[Hg+2]<-[Br-])N(C)C,C10 H14 Br1 Hg1 N1,0.0,CC1c2cccc[c-]2->[Hg+2](<-[Br-])<-N1(C)C,CC(c1cccc[c-]1->[Hg+2]<-[Br-])N(C)C,CC(c1cccc[c-]1->[Hg+2]<-[Br-])N(C)C
ZITNOF,F[C+]1[CH+][CH+][C+]([c+]2[c-]3[cH+][cH-][c+]4[c-](-[c-]5[cH+][cH+][c+](F)[cH-][cH-]5)[c+]5[n-]6->[Zn@SP3+2]7(<-[n-]8[c+]([c+]([C-]9[CH+][CH+][C-](F)[CH-][CH-]9)[c-]9[cH-][cH-][c-]2[n-]->79)[CH+][CH-][c+]8[c+](-[c+]2[cH+][cH-][c-](F)[cH+][cH-]2)[c-]6[CH+][CH+]5)<-[n-]43)[CH-][CH-]1,C44 H24 F4 N4 Zn1,0.0,Fc1ccc(-c2c3n4->[Zn+2]56<-n7c(c(-c8ccc(F)cc8)c8ccc2[n-]->58)C=Cc7c(-c2ccc(F)cc2)c2ccc(c(-c5ccc(F)cc5)c4C=C3)[n-]->62)cc1,F[c+]1[cH-][cH+][c-](-[c+]2[c-]3[cH+][cH-][c+]4[c-](-[c-]5[cH+][cH-][c+](F)[cH-][cH+]5)[c+]5[n-]6->[Zn+2]7(<-[n-]8[c+]([c-](-[c-]9[cH+][cH-][c+](F)[cH-][cH+]9)[c+]6[CH-][CH+]5)[CH+][CH-][c+]8[c-](-[c-]5[cH+][cH-][c+](F)[cH-][cH+]5)[c+]5[cH-][cH+][c-]2[n-]->75)<-[n-]43)[cH+][cH-]1,F[c+]1[cH-][cH+][c-](-[c+]2[c-]3[cH+][cH-][c+]4[c-](-[c-]5[cH+][cH-][c+](F)[cH-][cH+]5)[c+]5[n-]6->[Zn+2]7(<-[n-]8[c+]([c-](-[c-]9[cH+][cH-][c+](F)[cH-][cH+]9)[c+]6[CH-][CH+]5)[CH+][CH-][c+]8[c-](-[c-]5[cH+][cH-][c+](F)[cH-][cH+]5)[c+]5[cH-][cH+][c-]2[n-]->75)<-[n-]43)[cH+][cH-]1
ZIWSAB,CC[O-]->[V+5]12(<-[O-2])(<-[O-]/C(=N\N->1=C\c1cc(Br)c(OC)c(Br)c1[O-]->2)c1cc2ccccc2cc1O)<-OCC,C23 H23 Br2 N2 O7 V1,0.0,CC[O-]->[V+5]12(<-[O-2])(<-[O-]C(=NN->1=Cc1cc(Br)c(OC)c(Br)c1[O-]->2)c1cc2ccccc2cc1O)<-OCC,CC[O-]->[V+5]12(<-[O-2])(<-[O-]C(=NN->1=Cc1cc(Br)c(OC)c(Br)c1[O-]->2)c1cc2ccccc2cc1O)<-OCC,CCO.CC[O-]->[V+5]12(<-[O-2])<-[O-]C(c3cc4ccccc4cc3O)=NN->1=Cc1cc(Br)c(OC)c(Br)c1[O-]->2
ZIZDUK,c1ccc([P@TB3]2(CCC[P@TB12](c3ccccc3)(c3ccccc3)->[Zn+2]<-2(<-[c-]2ccccc2)<-[c-]2ccccc2)c2ccccc2)cc1,C39 H36 P2 Zn1,0.0,c1ccc(P2(CCCP(c3ccccc3)(c3ccccc3)->[Zn+2]<-2(<-[c-]2ccccc2)<-[c-]2ccccc2)c2ccccc2)cc1,c1ccc(P2(CCCP(c3ccccc3)(c3ccccc3)->[Zn+2]<-2(<-[c-]2ccccc2)<-[c-]2ccccc2)c2ccccc2)cc1,c1cc[c-](->[Zn+2]<-[c-]2ccccc2)cc1.c1ccc(P(CCCP(c2ccccc2)c2ccccc2)c2ccccc2)cc1
ZOCBAU,C[Si](C)(C)C#CC1/C(=[C-](/C#C[Si](C)(C)C)->[Ti+4]23456789(<-[C-]=1\[Si](C)(C)C)(<-c1c->2c->3[cH-]->4c->51)<-c1c->6c->7[cH-]->8c->91)[Si](C)(C)C,C30 H46 Si4 Ti1,0.0,C[Si](C)(C)C#CC1C(=[C-](C#C[Si](C)(C)C)->[Ti+4]23456789(<-[C-]=1[Si](C)(C)C)(<-c1c->2c->3[cH-]->4c->51)<-c1c->6c->7[cH-]->8c->91)[Si](C)(C)C,C[Si](C)(C)C#CC1C(=[C-](C#C[Si](C)(C)C)->[Ti+4]23456789(<-[C-]=1[Si](C)(C)C)(<-c1c->2c->3[cH-]->4c->51)<-c1c->6c->7[cH-]->8c->91)[Si](C)(C)C,C[Si](C)(C)C#CC1C(=[C-](C#C[Si](C)(C)C)->[Ti+4]23456789(<-[C-]=1[Si](C)(C)C)(<-c1c->2c->3[cH-]->4c->51)<-c1c->6c->7[cH-]->8c->91)[Si](C)(C)C
ZODFED,CC1=[N-]->[Ta+3]2345678(<-C=C->2C->3=C->4)(<-[c-]2ccccc21)<-c1(C)c->5(C)c->6(C)[c-]->7(C)c->81C,C22 H28 N1 Ta1,0.0,CC1=[N-]->[Ta+3]2345678(<-C=C->2C->3=C->4)(<-[c-]2ccccc21)<-c1(C)c->5(C)c->6(C)[c-]->7(C)c->81C,CC1=[N-]->[Ta+3]2345678(<-C=C->2C->3=C->4)(<-[c-]2ccccc21)<-c1(C)c->5(C)c->6(C)[c-]->7(C)c->81C,CC1=[N-]->[Ta+3]2(<-C=CC=C->2)(<-[c-]2ccccc21)<-c1(C)c(C)c(C)c(C)[c-]1C
ZODYEZ,COC(=O)Cn1cc[nH]c1=S->[Cu@SP3+]1<-n2c(C)cc(C)n2C(n2nc(C)cc2C)n2c(C)cc(C)n->12,C22 H30 Cu1 N8 O2 S1 1+,1.0,COC(=O)Cn1cc[nH]c1=S->[Cu+]12<-n3c(C)cc(C)n3C(n3c(C)cc(C)n->13)n1c(C)cc(C)n->21,COC(=O)Cn1cc[nH]c1=S->[Cu+]12<-n3c(C)cc(C)n3C(n3c(C)cc(C)n->13)n1c(C)cc(C)n->21,COC(=O)Cn1cc[nH]c1=S->[Cu+]12<-n3c(C)cc(C)n3C(n3c(C)cc(C)n->13)n1c(C)cc(C)n->21
ZOGCON,C/[C-]1=[C-](\c2ccccc2)->[Mo+6]<-1234567(<-[C-]#C->2[C-]->3=C1C=C[CH-]C=C1)<-c1c->4c->5[cH-]->6c->71,C23 H20 Mo1,0.0,CC1#C(c2ccccc2)->[Mo+2]<-1234567(<-[CH2-]C->2#C->3c1ccccc1)<-c1c->4c->5[cH-]->6c->71,,
ZOGSUM,,C16 H17 N1 O1 Pt1 S1,0.0,CS(C)(=O)->[Pt+2]1(<-[CH3-])<-[c-]2cccc3ccc4cccn->1c4c32,CS(C)(=O)->[Pt+2]1(<-[CH3-])<-[c-]2cccc3ccc4cccn->1c4c32,CS(C)(=O)->[Pt+2]1(<-[CH3-])<-[c-]2cccc3ccc4cccn->1c4c32
ZOHJEN,Cn1n[n+]2Cc3ccccc3-c3ccccc3Cn3n[n+](C)c(-c4ccccc4)[c-]3->[Pd@OH17+2](<-[I-])(<-[I-])<-[c-]2c1-c1ccccc1,C32 H28 I2 N6 Pd1,0.0,Cn1n[n+]2Cc3ccccc3-c3ccccc3Cn3n[n+](C)c(-c4ccccc4)[c]3->[Pd](<-[I-])(<-[I-])<-[c]2c1-c1ccccc1,Cn1n[n+]2Cc3ccccc3-c3ccccc3C[n+]3nn(C)c(-c4ccccc4)[c-]3->[Pd+2](<-[I-])(<-[I-])<-[c-]2c1-c1ccccc1,Cn1n[n+]2Cc3ccccc3-c3ccccc3C[n+]3nn(C)c(-c4ccccc4)[c-]3->[Pd+2](<-[I-])(<-[I-])<-[c-]2c1-c1ccccc1
ZOJPAP,CC(C)c1cccc(C(C)C)c1[N-2]->[Mo+6]123(<-S=C([S-]->1)N(C)C)(<-S=C([S-]->2)N(C)C)<-[S-][S-]->3,C18 H29 Mo1 N3 S6,0.0,CC(C)c1cccc(C(C)C)c1[N-2]->[Mo+6]123(<-S=C([S-]->1)N(C)C)(<-S=C([S-]->2)N(C)C)<-[S-][S-]->3,CC(C)c1cccc(C(C)C)c1[N-2]->[Mo+4]123(<-S=S->1)(<-S=C([S-]->2)N(C)C)<-S=C([S-]->3)N(C)C,CC(C)c1cccc(C(C)C)c1[N-2]->[Mo+4]123(<-S=S->1)(<-S=C([S-]->2)N(C)C)<-S=C([S-]->3)N(C)C
ZOJYOP,Cc1cccc23CN(Cc4ccccc4)->[Fe+2]<-2(<-[Cl-])(<-[Cl-])<-n13,C14 H16 Cl2 Fe1 N2,0.0,Cc1cccc2CN(Cc3ccccc3)->[Fe+2](<-[Cl-])(<-[Cl-])<-n12,Cc1cccc2CN(Cc3ccccc3)->[Fe+2](<-[Cl-])(<-[Cl-])<-n12,Cc1cccc2CN(Cc3ccccc3)->[Fe+2](<-[Cl-])(<-[Cl-])<-n12
ZOLPEX,CC(C)c12->[Ru+2]34567(<-[Cl-])(<-[c-]8c(-c9ccccc9)n(C)n[n+]8Cc8ccccn->38)<-c(c->41)c->5(C)c->6c->72,C25 H28 Cl1 N4 Ru1 1+,1.0,CC(C)c12->[Ru+]34567(<-[Cl-])(<-[c]8c(-c9ccccc9)[n+](C)nn8Cc8ccccn->38)<-c(c->41)c->5(C)c->6c->72,CC(C)c12->[Ru+2]34567(<-[Cl-])(<-[c-]8c(-c9ccccc9)n(C)n[n+]8Cc8ccccn->38)<-c(c->41)c->5(C)c->6c->72,CC(C)c12->[Ru+2]34567(<-[Cl-])(<-[c-]8c(-c9ccccc9)n(C)n[n+]8Cc8ccccn->38)<-c(c->41)c->5(C)c->6c->72
ZOLXEF,,C30 H33 Cl1 Rh1 Se2 1+,1.0,Cc12->[Rh+3]3456(<-[Cl-])(<-[Se](Cc7ccccc7C[Se]->3c3ccccc3)c3ccccc3)<-c1(C)c->4(C)[c-]->5(C)c->62C,C=c1ccccc1=C.Cc12->[Rh+5]345(<-[Cl-])(<-[Se-]c6ccccc6)(<-[Se-]c6ccccc6)<-c1(C)c->3(C)[c-]->4(C)c->52C,C=c1ccccc1=C.Cc12->[Rh+5]345(<-[Cl-])(<-[Se-]c6ccccc6)(<-[Se-]c6ccccc6)<-c1(C)c->3(C)[c-]->4(C)c->52C
ZOMHAN,C=CN1C=CN(CC)[C]1->[Pd+2](<-[I-])(<-[I-])<-[C]1N(C=C)C=CN1CC,C14 H20 I2 N4 Pd1,0.0,C=CN1C=CN(CC)[C]1->[Pd+2](<-[I-])(<-[I-])<-[C]1N(C=C)C=CN1CC,C=CN1C=CN(CC)[C]1->[Pd+2](<-[I-])(<-[I-])<-[C]1N(C=C)C=CN1CC,C=CN1C=CN(CC)[C]1->[Pd+2](<-[I-])(<-[I-])<-[C]1N(C=C)C=CN1CC
ZOMYIJ,C=C1[C@H](SC)[Se](->[W](<-[C-]#[O+])(<-[C-]#[O+])(<-[C-]#[O+])(<-[C-]#[O+])<-[C-]#[O+])[C@@H]1c1ccccc1,C16 H12 O5 S1 Se1 W1,0.0,C=C1C(SC)[Se](->[W](<-[C-]#[O+])(<-[C-]#[O+])(<-[C-]#[O+])(<-[C-]#[O+])<-[C-]#[O+])C1c1ccccc1,C=C(C=[S+]C)C([Se-]->[W](<-[C-]#[O+])(<-[C-]#[O+])(<-[C-]#[O+])(<-[C-]#[O+])<-[C-]#[O+])c1ccccc1,C=C(C=[S+]C)C([Se-]->[W](<-[C-]#[O+])(<-[C-]#[O+])(<-[C-]#[O+])(<-[C-]#[O+])<-[C-]#[O+])c1ccccc1
ZOPMUM,[O+]#[C-]->[Mo+4]1234(<-[C-]#[O+])(<-[CH+]5CO[C-]([O-])[CH-]->1[CH-]->25)<-n1cccn1[BH-](n1cccn->31)n1cccn->41,C16 H15 B1 Mo1 N6 O4,0.0,fail,O=C1OC[CH-]2->[Mo+2]345(<-[C-]#[O+])(<-[C-]#[O+])(<-C1=C->32)<-n1cccn1[BH-](n1cccn->41)n1cccn->51,O=C1OC[CH-]2->[Mo+2]345(<-[C-]#[O+])(<-[C-]#[O+])(<-C1=C->32)<-n1cccn1[BH-](n1cccn->41)n1cccn->51
ZOPVAD,,C30 H35 Cl1 N2 O1 Ru1,0.0,COc1ccc2N3C=CN(Cc4c(C)cc(C)cc4C)[C]3->[Ru+2]34567(<-[Cl-])(<-[c-]2c1)<-c1c->3c->4(C(C)C)c->5c->6c->71C,COc1ccc2N3C=CN(Cc4c(C)cc(C)cc4C)[C]3->[Ru+2]34567(<-[Cl-])(<-[c-]2c1)<-c1c->3c->4(C(C)C)c->5c->6c->71C,COc1ccc2N3C=CN(Cc4c(C)cc(C)cc4C)[C]3->[Ru+2]34567(<-[Cl-])(<-[c-]2c1)<-c1c->3c->4(C(C)C)c->5c->6c->71C
ZOQXIM,CN(Cc1ccccc1)[b-]12->[Mn+]3456(<-[C-]#[O+])(<-[C-]#[O+])(<-[C-]#[O+])<-c(c->3c->41)c->5c->62,C16 H15 B1 Mn1 N1 O3,0.0,fail,CN(Cc1ccccc1)[b-]12->[Mn+]3456(<-[C-]#[O+])(<-[C-]#[O+])(<-[C-]#[O+])<-c(c->3c->41)c->5c->62,CN(Cc1ccccc1)[b-]1c2->[Mn+]345(<-[C-]#[O+])(<-[C-]#[O+])(<-[C-]#[O+])<-c1c->3c->4c->52
ZOSHIA,CC(C)(C)P1(CN2c3ccccc3N3CP(C(C)(C)C)(C(C)(C)C)->[Rh+]<-1(<-[C-]#[O+])<-[Si-]23Cl)C(C)(C)C,C25 H44 Cl1 N2 O1 P2 Rh1 Si1,0.0,CC(C)(C)P1(CN2c3ccccc3N3CP(C(C)(C)C)(C(C)(C)C)->[Rh+]<-1(<-[C-]#[O+])<-[Si-]23Cl)C(C)(C)C,CC(C)(C)P1(Cn2c3ccccc3[n+]3CP(C(C)(C)C)(C(C)(C)C)->[Rh-]<-1(<-[C-]#[O+])<-[si]23Cl)C(C)(C)C,CC(C)(C)P1(Cn2c3ccccc3[n+]3CP(C(C)(C)C)(C(C)(C)C)->[Rh-]<-1(<-[C-]#[O+])<-[si]23Cl)C(C)(C)C
ZOVDAR,CCCCn1n[n+](C)c(-c2ccccc2)[c-]1->[Ni+2]1234(<-[c-]5c(-c6ccccc6)[n+](C)nn5CCCC)<-c5c->1c->2[cH-]->3c->45,C31 H39 N6 Ni1 1+,1.0,CCCCn1n[n+](C)c(-c2ccccc2)[c]1->[Ni]1234(<-[c]5c(-c6ccccc6)[n+](C)nn5CCCC)<-c5c->1c->2[cH-]->3c->45,CCCCn1n[n+](C)c(-c2ccccc2)[c-]1->[Ni+2]1234(<-[c-]5c(-c6ccccc6)[n+](C)nn5CCCC)<-c5c->1c->2[cH-]->3c->45,CCCCn1n[n+](C)c(-c2ccccc2)[c-]1->[Ni+2]1234(<-[c-]5c(-c6ccccc6)[n+](C)nn5CCCC)<-c5c->1c->2[cH-]->3c->45
ZOVPAB,CC1/C=C(/C)[O-]->[Mn+5]23(<-[N-3])(<-O=1)<-N1(C)CCN->2(C)CCN->3(C)CC1,C14 H28 Mn1 N4 O2 1+,1.0,CC1=CC(C)=O->[Mn+5]23(<-[N-3])(<-[O-]1)<-N1(C)CCN->2(C)CCN->3(C)CC1,CC1=CC(C)=O->[Mn+5]23(<-[N-3])(<-[O-]1)<-N1(C)CCN->2(C)CCN->3(C)CC1,CC1=CC(C)=O->[Mn+5]23(<-[N-3])(<-[O-]1)<-N1(C)CCN->2(C)CCN->3(C)CC1
ZOWZEQ,,C26 H27 N3 O6 W1,0.0,CON(C)[C](C=C(c1ccc(N(C)C)cc1)c1ccc(N(C)C)cc1)->[W](<-[C-]#[O+])(<-[C-]#[O+])(<-[C-]#[O+])(<-[C-]#[O+])<-[C-]#[O+],CON(C)[C](C=C(c1ccc(N(C)C)cc1)c1ccc(N(C)C)cc1)->[W](<-[C-]#[O+])(<-[C-]#[O+])(<-[C-]#[O+])(<-[C-]#[O+])<-[C-]#[O+],CON(C)[C](C=C(c1ccc(N(C)C)cc1)c1ccc(N(C)C)cc1)->[W](<-[C-]#[O+])(<-[C-]#[O+])(<-[C-]#[O+])(<-[C-]#[O+])<-[C-]#[O+]
ZOYYAP,,C19 H20 N4 Ni1 S2,0.0,fail,CCN(CC)C1=S->[Ni+2]2(<-[S-]1)<-N1=CC=CC1=C(c1ccncc1)c1ccc[n-]->21,CCN(CC)C1=S->[Ni+2]2(<-[S-]1)<-N1=CC=CC1=C(c1ccncc1)c1ccc[n-]->21
ZUBTAR,C[Si](C)(C)C1/C=N2/c3ccccc3[S-]->[Zr+4]<-23456789%10(<-[C-]=1\[Si](C)(C)C)(<-c1c->3c->4[cH-]->5c->61)<-c1c->7c->8[cH-]->9c->%101,C25 H33 N1 S1 Si2 Zr1,0.0,C[Si](C)(C)C1C=N2c3ccccc3[S-]->[Zr+4]<-23456789%10(<-[C-]=1[Si](C)(C)C)(<-c1c->3c->4[cH-]->5c->61)<-c1c->7c->8[cH-]->9c->%101,C[Si](C)(C)C1C=N2c3ccccc3[S-]->[Zr+4]<-23456789%10(<-[C-]=1[Si](C)(C)C)(<-c1c->3c->4[cH-]->5c->61)<-c1c->7c->8[cH-]->9c->%101,C[Si](C)(C)C1C=N2c3ccccc3[S-]->[Zr+4]<-23456789%10(<-[C-]=1[Si](C)(C)C)(<-c1c->3c->4[cH-]->5c->61)<-c1c->7c->8[cH-]->9c->%101
ZUDGIQ,,C18 H26 Cd1 N5 O4 1+,1.0,O=[N+]1[O-]->[Cd+2]234(<-O)(<-[O-]1)<-n1ccccc1CN->2C1CCCCC1N->3Cc1ccccn->41,O=[N+]([O-])[O-]->[Cd+2]123(<-O)<-n4ccccc4CN->1C1CCCCC1N->2Cc1ccccn->31,O.O=[N+]12->[Cd+2]345(<-[O-]1)(<-[O-]2)<-n1ccccc1CN->3C1CCCCC1N->4Cc1ccccn->51
ZUFPUN,CS(C)=C(->[Ag+]<-C(C(=O)c1cccc([N+](=O)[O-])c1)=S(C)C)C(=O)c1cccc([N+](=O)[O-])c1,C20 H22 Ag1 N2 O6 S2 1+,1.0,C[S+](C)[CH-](->[Ag+]<-[CH-](C(=O)c1cccc([N+](=O)[O-])c1)[S+](C)C)C(=O)c1cccc([N+](=O)[O-])c1,CS(C)=C(->[Ag+]<-C(C(=O)c1cccc([N+](=O)[O-])c1)=S(C)C)C(=O)c1cccc([N+](=O)[O-])c1,CS(C)=C1C(=O)(c2cccc([N+](=O)[O-])c2)->[Ag+]<-12<-C(=S(C)C)C->2(=O)c1cccc([N+](=O)[O-])c1
ZUGXAA,CCN(CC)C(=S)[S-]->[Cd+2](<-[Cl-])<-[S-]C(=S)N(CC)CC,C10 H20 Cd1 Cl1 N2 S4 1-,-1.0,fail,CCN(CC)C1=S->[Cd+2]2(<-[Cl-])(<-S=C([S-]->2)N(CC)CC)<-[S-]1,CCN(CC)C1=S->[Cd+2]2(<-[Cl-])(<-S=C([S-]->2)N(CC)CC)<-[S-]1
ZUHZEJ,CO/[C-]1=C/C(=O->[Ru+2]<-1234<-S1CCCS->2CCS->3CCCS->4CC1)c1ccccc1,C20 H29 O2 Ru1 S4 1+,1.0,CO[C-]1=CC(=O->[Ru+2]<-1234<-S1CCCS->2CCS->3CCCS->4CC1)c1ccccc1,CO[C-]1=CC(=O->[Ru+2]<-1234<-S1CCCS->2CCS->3CCCS->4CC1)c1ccccc1,CO[C-]1=CC(=O->[Ru+2]<-1234<-S1CCCS->2CCS->3CCCS->4CC1)c1ccccc1
ZUJTON,,C20 H27 F3 N2 O3 Ru1 S1,0.0,CN1(C)Cc2cccc3CN(C)(C)->[Ru+2]<-1456(<-[O-]S(=O)(=O)C(F)(F)F)(<-[c-]23)<-C1=C->4C2CC1C->5=C->62,CN1(C)Cc2cccc3CN(C)(C)->[Ru+2]<-1456(<-[O-]S(=O)(=O)C(F)(F)F)(<-[c-]23)<-C1=C->4C2CC1C->5=C->62,CN1(C)Cc2cccc3CN(C)(C)->[Ru+2]<-1456(<-[O-]S(=O)(=O)C(F)(F)F)(<-[c-]23)<-C1=C->4C2CC1C->5=C->62
ZULTIJ,COc1ccccc1/N=C(\[S-]->[Au+]<-P(c1ccccc1)(c1ccccc1)c1ccccc1)c1ccccn1,C31 H26 Au1 N2 O1 P1 S1,0.0,COc1ccccc1N=C1[S-]->[Au+](<-n2ccccc21)<-P(c1ccccc1)(c1ccccc1)c1ccccc1,COc1ccccc1N=C([S-]->[Au+]<-P(c1ccccc1)(c1ccccc1)c1ccccc1)c1ccccn1,COc1ccccc1N=C1[S-]->[Au+](<-n2ccccc21)<-P(c1ccccc1)(c1ccccc1)c1ccccc1
ZUPFAT,FC(F)(F)[C+]1[CH+][C+]2[C+]3[CH-][C-](C(F)(F)F)[N-][N-]3->[Pt@OH16+2]3(<-n4ccccc4-c4ccccn->34)<-[N-]2[N-]1,C18 H10 F6 N6 Pt1,0.0,FC(F)(F)c1cc2-c3cc(C(F)(F)F)n[n-]3->[Pt+2]3(<-n4ccccc4-c4ccccn->34)<-[n-]2n1,FC(F)(F)c1cc2-c3cc(C(F)(F)F)n[n-]3->[Pt+2]3(<-n4ccccc4-c4ccccn->34)<-[n-]2n1,FC(F)(F)c1cc2-c3cc(C(F)(F)F)n[n-]3->[Pt+2]3(<-n4ccccc4-c4ccccn->34)<-[n-]2n1
ZUSSAH,C[CH2-]->[Ta+5]123(<-[CH3-])<-[N-](CCN->1(CC[N-]->2[Si](C)(C)C)CC[N-]->3[Si](C)(C)C)[Si](C)(C)C,C18 H47 N4 Si3 Ta1,0.0,C[CH2-]->[Ta+5]123(<-[CH3-])<-[N-](CCN->1(CC[N-]->2[Si](C)(C)C)CC[N-]->3[Si](C)(C)C)[Si](C)(C)C,C[CH2-]->[Ta+5]123(<-[CH3-])<-[N-](CCN->1(CC[N-]->2[Si](C)(C)C)CC[N-]->3[Si](C)(C)C)[Si](C)(C)C,C[CH2-]->[Ta+5]123(<-[CH3-])<-[N-](CCN->1(CC[N-]->2[Si](C)(C)C)CC[N-]->3[Si](C)(C)C)[Si](C)(C)C
ZUVQUC,CC(=O->[Cu+]12<-n3c(C(F)(F)F)cc(C(F)(F)F)n3[BH-](n3c(C(F)(F)F)cc(C(F)(F)F)n->13)n1c(C(F)(F)F)cc(C(F)(F)F)n->21)N(C)C,C19 H13 B1 Cu1 F18 N7 O1,0.0,CC(=O->[Cu+]12<-[n-]3c(C(F)(F)F)cc(C(F)(F)F)[n+]3[BH-]([n+]3c(C(F)(F)F)cc(C(F)(F)F)[n-]->13)[n+]1c(C(F)(F)F)cc(C(F)(F)F)[n-]->21)N(C)C,CC(=O->[Cu+]12<-n3c(C(F)(F)F)cc(C(F)(F)F)n3[BH-](n3c(C(F)(F)F)cc(C(F)(F)F)n->13)n1c(C(F)(F)F)cc(C(F)(F)F)n->21)N(C)C,CC(=O->[Cu+]12<-n3c(C(F)(F)F)cc(C(F)(F)F)n3[BH-](n3c(C(F)(F)F)cc(C(F)(F)F)n->13)n1c(C(F)(F)F)cc(C(F)(F)F)n->21)N(C)C
ZUXHEF,C=[C-]1C2(C)=[C-](C)->[Ti+4]<-1<-23456789%10(<-c1(C)c->3(C)c->4(C)[c-]->5(C)c->61C)<-c1(C)c->7(C)c->8(C)[c-]->9(C)c->%101C,C26 H38 Ti1,0.0,C=[C-]1C(C)=[C-](C)->[Ti+4]<-123456789(<-c1(C)c->2(C)c->3(C)[c-]->4(C)c->51C)<-c1(C)c->6(C)c->7(C)[c-]->8(C)c->91C,C=[C-]1C2(C)=[C-](C)->[Ti+4]<-1<-23456789%10(<-c1(C)c->3(C)c->4(C)[c-]->5(C)c->61C)<-c1(C)c->7(C)c->8(C)[c-]->9(C)c->%101C,C=[C-]1C(C)=[C-](C)->[Ti+4]<-123456789(<-c1(C)c->2(C)c->3(C)[c-]->4(C)c->51C)<-c1(C)c->6(C)c->7(C)[c-]->8(C)c->91C
ZUYNEM,CN1(C)CCN(C)(C)->[Fe+2]<-12(<-[Cl-])<-[N-]1C=CC=CC1=C->2(c1ccccc1)[Si](C)(C)C,C21 H34 Cl1 Fe1 N3 Si1,0.0,CN1(C)CCN(C)(C)->[Fe+2]<-12(<-[Cl-])<-n1ccccc1[C-]->2(c1ccccc1)[Si](C)(C)C,CN1(C)CCN(C)(C)->[Fe+2]<-12(<-[Cl-])<-[N-]1C=CC=CC1=C->2(c1ccccc1)[Si](C)(C)C,CN1(C)CCN(C)(C)->[Fe+2]<-12(<-[Cl-])<-[N-]1C=CC=CC1=C->2(c1ccccc1)[Si](C)(C)C
