IDs,smiles_NBO_DFT_xyz,formula_heaviest_fragment,charge,smiles_CSD_fix,smiles_huckel_CSD_xyz,smiles_huckel_DFT_xyz
ABAYUA,,C37 H26 F4 Ir1 N3 O1,0.0,CC(c1ccccc1)N1=Cc2ccccc2[O-]->[Ir+3]<-123(<-[c-]1cc(F)cc(F)c1-c1ccccn->21)<-[c-]1cc(F)cc(F)c1-c1ccccn->31,CC(c1ccccc1)N1=Cc2ccccc2[O-]->[Ir+3]<-123(<-[c-]1cc(F)cc(F)c1-c1ccccn->21)<-[c-]1cc(F)cc(F)c1-c1ccccn->31,CC(c1ccccc1)N1=Cc2ccccc2[O-]->[Ir+3]<-123(<-[c-]1cc(F)cc(F)c1-c1ccccn->21)<-[c-]1cc(F)cc(F)c1-c1ccccn->31
ABENIH,,C28 H30 Ag1 F2 N3 O4 S2,0.0,Cc1cc(C)n(->[Ag+](<-n2c(C)cc(C)cc2C)<-[N-](S(=O)(=O)c2ccc(F)cc2)S(=O)(=O)c2ccc(F)cc2)c(C)c1,Cc1cc(C)n(->[Ag+](<-n2c(C)cc(C)cc2C)<-[N-](S(=O)(=O)c2ccc(F)cc2)S(=O)(=O)c2ccc(F)cc2)c(C)c1,Cc1cc(C)n(->[Ag+]2(<-O=S(=O)(c3ccc(F)cc3)[N-]->2S(=O)(=O)c2ccc(F)cc2)<-n2c(C)cc(C)cc2C)c(C)c1
ABIKOM,,C4 H10 Cl2 Mo1 O2 S2,0.0,CS1CCS(C)->[Mo+6]<-1(<-[O-2])(<-[O-2])(<-[Cl-])<-[Cl-],CS1CCS(C)->[Mo+6]<-1(<-[O-2])(<-[O-2])(<-[Cl-])<-[Cl-],CS1CCS(C)->[Mo+6]<-1(<-[O-2])(<-[O-2])(<-[Cl-])<-[Cl-]
ABOTNI,[I-]->[Ni+2]1(<-[I-])<-N2=C\c3ccccc3OCC/N->1=C/c1ccccc1OCC\2,C18 H18 I2 N2 Ni1 O2,0.0,[I-]->[Ni+2]123(<-[I-])<-N4=Cc5ccccc5O->1CCN->2=Cc1ccccc1O->3CC4,[I-]->[Ni+2]123(<-[I-])<-N4=Cc5ccccc5O->1CCN->2=Cc1ccccc1O->3CC4,[I-]->[Ni+2]123(<-[I-])<-N4=Cc5ccccc5O->1CCN->2=Cc1ccccc1O->3CC4
ACAQOK,O=C(O)CN1CCN(CC(=O)O)CC(=O)[O-]->[Cd@SP1+2](<-O)<-[O-]C(=O)C1,C10 H16 Cd1 N2 O9,0.0,O=C1CN23CCN45CC(=O)[O-]->[Cd+2]<-2<-4(<-O)(<-O=C(O)C3)(<-O=C(O)C5)<-[O-]1,O=C1CN23CCN45CC(=O)[O-]->[Cd+2]<-2<-4(<-O)(<-O=C(O)C3)(<-O=C(O)C5)<-[O-]1,O=C1CN23CCN45CC(=O)[O-]->[Cd+2]<-2<-4(<-O)(<-O=C(O)C3)(<-O=C(O)C5)<-[O-]1
ACIFEA,,C10 H14 N3 O6 Zn1 1+,1.0,O=[N+]([O-])[O-]->[Zn+2]1(<-O)(<-O)(<-O)<-n2ccccc2-c2ccccn->12,O=[N+]([O-])[O-]->[Zn+2]1(<-O)(<-O)(<-O)<-n2ccccc2-c2ccccn->12,O.O.O=[N+]1[O-]->[Zn+2]2(<-O)(<-[O-]1)<-n1ccccc1-c1ccccn->21
ACIZAQ,,C18 H30 Cl1 Ir1 N2 O1 S1,0.0,CN12CCCS3Cc4cccc[c-]4->[IrH+2]<-3<-1(<-[Cl-])<-N1(CCC2)CCOCC1,CN12CCCS3Cc4cccc[c-]4->[IrH+2]<-3<-1(<-[Cl-])<-N1(CCC2)CCOCC1,CN12CCCS3Cc4cccc[c-]4->[IrH+2]<-3<-1(<-[Cl-])<-N1(CCC2)CCOCC1
ACOWAS,CCP(CC)(CC)->[Ni+2]1234(<-O=N->1[O-]->2)(<-O=N->3[O-]->4)<-P(CC)(CC)CC,C12 H30 N2 Ni1 O4 P2,0.0,CCP(CC)(CC)->[Ni-2](<-[N+](=O)=O)(<-[N+](=O)=O)<-P(CC)(CC)CC,CCP(CC)(CC)->[Ni+2](<-N(=O)[O-])(<-N(=O)[O-])<-P(CC)(CC)CC,CCP(CC)(CC)->[Ni+2](<-N(=O)[O-])(<-N(=O)[O-])<-P(CC)(CC)CC
ACUDOT,C/C1c2ccccn2->[Cd+2](<-[Br-])(<-[Br-])<-N=1\NC(=O)c1ccccn1,C13 H12 Br2 Cd1 N4 O1,0.0,CC1c2ccccn2->[Cd+2]2(<-[Br-])(<-[Br-])<-O=C(NN->2=1)c1ccccn1,CC1c2ccccn2->[Cd+2]2(<-[Br-])(<-[Br-])<-O=C(NN->2=1)c1ccccn1,CC1c2ccccn2->[Cd+2]2(<-[Br-])(<-[Br-])<-O=C(NN->2=1)c1ccccn1
ACUJUG,C/C1=C/C(C)=N2/N=C(\[O-]->[V+5]<-23(<-[O-2])(<-[O-]1)<-[O-]c1cccc2cccn->3c12)c1ccccc1N,C21 H19 N4 O4 V1,0.0,CC1=CC(C)=N2N=C([O-]->[V+5]<-23(<-[O-2])(<-[O-]1)<-[O-]c1cccc2cccn->3c12)c1ccccc1N,CC1=CC(C)=N2N=C([O-]->[V+5]<-23(<-[O-2])(<-[O-]1)<-[O-]c1cccc2cccn->3c12)c1ccccc1N,CC1=CC(C)=N2N=C([O-]->[V+5]<-23(<-[O-2])(<-[O-]1)<-[O-]c1cccc2cccn->3c12)c1ccccc1N
ACUTIB,,C42 H35 N4 P1 Ru1,0.0,Cc12->[Ru+2]34567(<-N#C->3C(C#N)=C(C(C#N)=[C-]->4C#N)c3ccccc3)(<-c1(C)c->5(C)[c-]->6(C)c->72C)<-P(c1ccccc1)(c1ccccc1)c1ccccc1,Cc12->[Ru+4]34567(<-[N-]=[C-]->3C(C#N)=C(C(C#N)=[C-]->4C#N)c3ccccc3)(<-c1(C)c->5(C)[c-]->6(C)c->72C)<-P(c1ccccc1)(c1ccccc1)c1ccccc1,Cc12->[Ru+4]34567(<-[N-]=[C-]->3C(C#N)=C(C(C#N)=[C-]->4C#N)c3ccccc3)(<-c1(C)c->5(C)[c-]->6(C)c->72C)<-P(c1ccccc1)(c1ccccc1)c1ccccc1
ADEGEX,Cn1ccn([B@H-]2n3ccn(C)c3=S->[Cu+](<-S=c3ccc(C(C)(C)C)nn32)<-P(c2ccccc2)(c2ccccc2)c2ccccc2)c1=S,C34 H37 B1 Cu1 N6 P1 S3,0.0,fail,Cn1ccn([BH-]2n3ccn(C)c3=S->[Cu+](<-S=c3ccc(C(C)(C)C)nn32)<-P(c2ccccc2)(c2ccccc2)c2ccccc2)c1=S,Cn1ccn([BH-]2n3ccn(C)c3=S->[Cu+](<-S=c3ccc(C(C)(C)C)nn32)<-P(c2ccccc2)(c2ccccc2)c2ccccc2)c1=S
ADEYUD,CC(C)(C)P(=[N-]->[Ta+5]1234(<-[Cl-])(<-[Cl-])(<-[CH2-]c5ccccc5)<-c5(C)c->1(C)c->2(C)[c-]->3(C)c->45C)(C(C)(C)C)C(C)(C)C,C29 H49 Cl2 N1 P1 Ta1,0.0,CC(C)(C)P(=[N-]->[Ta+5]1234(<-[Cl-])(<-[Cl-])(<-[CH2-]c5ccccc5)<-c5(C)c->1(C)c->2(C)[c-]->3(C)c->45C)(C(C)(C)C)C(C)(C)C,CC(C)(C)P(=[N-]->[Ta+5]1234(<-[Cl-])(<-[Cl-])(<-[CH2-]c5ccccc5)<-c5(C)c->1(C)c->2(C)[c-]->3(C)c->45C)(C(C)(C)C)C(C)(C)C,Cc1c(C)c(C)[c-](C)(->[Ta+5](<-[Cl-])(<-[Cl-])(<-[CH2-]c2ccccc2)<-[N-]=P(C(C)(C)C)(C(C)(C)C)C(C)(C)C)c1C
ADIYET,,C12 H38 O12 P4 Ru1,0.0,COP(OC)(OC)->[RuH2](<-P(OC)(OC)OC)(<-P(OC)(OC)OC)<-P(OC)(OC)OC,COP(OC)(OC)->[RuH2](<-P(OC)(OC)OC)(<-P(OC)(OC)OC)<-P(OC)(OC)OC,COP(OC)(OC)->[RuH2](<-P(OC)(OC)OC)(<-P(OC)(OC)OC)<-P(OC)(OC)OC
ADOJUB,OC1C[N-]2/C=C3/C=CC=N3->[Ni@SP3+2]<-23<-N2=CC=C/C2=C/[N-]->3C1,C13 H14 N4 Ni1 O1,0.0,OC1CN2=Cc3ccc[n-]3->[Ni+2]<-23<-N(=Cc2ccc[n-]->32)C1,OC1CN2=Cc3ccc[n-]3->[Ni+2]<-23<-N2=CC=CC2=C[N-]->3C1,OC1CN2=Cc3ccc[n-]3->[Ni+2]<-23<-N2=CC=CC2=C[N-]->3C1
ADURIC,[N-3]->[Os+6]12(<-[Cl-])(<-[S-]c3cccc4cccn->1c34)<-[S-]c1cccc3cccn->2c13,C18 H12 Cl1 N3 Os1 S2,0.0,fail,[N-3]->[Os+6]12(<-[Cl-])(<-[S-]c3cccc4cccn->1c34)<-[S-]c1cccc3cccn->2c13,[N-3]->[Os+6]12(<-[Cl-])(<-[S-]c3cccc4cccn->1c34)<-[S-]c1cccc3cccn->2c13
AFAMOL,Fc1ccc(Cn2c3cccc[n+]3c(-c3ccc(F)cc3)[c-]2->[Pd+2](<-[Cl-])(<-[Cl-])<-n2ccccc2)cc1,C25 H19 Cl2 F2 N3 Pd1,0.0,Fc1ccc(C[n+]2c3ccccn3c(-c3ccc(F)cc3)[c]2->[Pd+](<-[Cl-])(<-[Cl-])<-n2ccccc2)cc1,Fc1ccc(C[n+]2c3ccccn3c(-c3ccc(F)cc3)[c-]2->[Pd+2](<-[Cl-])(<-[Cl-])<-n2ccccc2)cc1,Fc1ccc(C[n+]2c3ccccn3c(-c3ccc(F)cc3)[c-]2->[Pd+2](<-[Cl-])(<-[Cl-])<-n2ccccc2)cc1
AFIBID,O[C@H]1O[C@H](O)c2ccccn2->[Zn+2](<-[Cl-])(<-[Cl-])<-n2ccccc21,C12 H12 Cl2 N2 O3 Zn1,0.0,OC1c2ccccn2->[Zn+2]2(<-[Cl-])(<-[Cl-])<-n3ccccc3C(O)O->21,OC1c2ccccn2->[Zn+2]2(<-[Cl-])(<-[Cl-])<-n3ccccc3C(O)O->21,OC1OC(O)c2ccccn2->[Zn+2](<-[Cl-])(<-[Cl-])<-n2ccccc21
AFIVUH,CC(C)P(CCN12CCP(C(C)C)(C(C)C)->[Co@TB8+]<-1(<-[C-]#[O+])(<-[C-]#[O+])<-[C-](=O)N(C(C)(C)C)[Si]2(C)C)C(C)C,C25 H51 Co1 N2 O3 P2 Si1,0.0,CC(C)P(CCN12CCP(C(C)C)(C(C)C)->[Co]<-1(<-[C-]#[O+])(<-[C-]#[O+])<-[C](=O)N(C(C)(C)C)[Si]2(C)C)C(C)C,CC(C)P(CCN12CCP(C(C)C)(C(C)C)->[Co+]<-1(<-[C-]#[O+])(<-[C-]#[O+])<-[C-](=O)N(C(C)(C)C)[Si]2(C)C)C(C)C,CC(C)P(CCN12CCP(C(C)C)(C(C)C)->[Co+]<-1(<-[C-]#[O+])(<-[C-]#[O+])<-[C-](=O)N(C(C)(C)C)[Si]2(C)C)C(C)C
AFOYID,C=C(C)C(OC)=O->[Y+3]12345678(<-[Cl-])(<-c9(C)c->1(C)c->2(C)[c-]->3(C)c->49C)<-c1(C)c->5(C)c->6(C)[c-]->7(C)c->81C,C25 H38 Cl1 O2 Y1,0.0,C=C(C)C(OC)=O->[Y+3]12345678(<-[Cl-])(<-c9(C)c->1(C)c->2(C)[c-]->3(C)c->49C)<-c1(C)c->5(C)c->6(C)[c-]->7(C)c->81C,C=C(C)C(OC)=O->[Y+3]12345678(<-[Cl-])(<-c9(C)c->1(C)c->2(C)[c-]->3(C)c->49C)<-c1(C)c->5(C)c->6(C)[c-]->7(C)c->81C,C=C(C)C(OC)=O->[Y+3]123456(<-[Cl-])(<-c7(C)c(C)c(C)[c-]->1(C)c->27C)<-c1(C)c->3(C)c->4(C)[c-]->5(C)c->61C
AFUJIV,,C31 H21 Cl1 Ir1 N3 O1,0.0,Clc1ccc2[O-]->[Ir+3]34(<-[c-]5ccccc5-c5ccccn->35)(<-[c-]3ccccc3-c3ccccn->43)<-n3cccc1c23,Clc1ccc2[O-]->[Ir+3]34(<-[c-]5ccccc5-c5ccccn->35)(<-[c-]3ccccc3-c3ccccn->43)<-n3cccc1c23,Clc1ccc2[O-]->[Ir+3]34(<-[c-]5ccccc5-c5ccccn->35)(<-[c-]3ccccc3-c3ccccn->43)<-n3cccc1c23
AFUZAD,CCN(CC)P(=C->[Nb+5]1234(<-[Cl-])(<-[Cl-])(<-[Cl-])(<-[Cl-])<-c5c->1c->2[cH-]->3c->45)(N(CC)CC)N(CC)CC,C18 H37 Cl4 N3 Nb1 P1,0.0,CCN(CC)[P+]([CH2-]->[Nb+5]1234(<-[Cl-])(<-[Cl-])(<-[Cl-])(<-[Cl-])<-c5c->1c->2[cH-]->3c->45)(N(CC)CC)N(CC)CC,CCN(CC)P(=C->[Nb+5]1234(<-[Cl-])(<-[Cl-])(<-[Cl-])(<-[Cl-])<-c5c->1c->2[cH-]->3c->45)(N(CC)CC)N(CC)CC,CCN(CC)P(=C->[Nb+5]1234(<-[Cl-])(<-[Cl-])(<-[Cl-])(<-[Cl-])<-c5c->1c->2[cH-]->3c->45)(N(CC)CC)N(CC)CC
AGAPOO,Cc1cc(C)c(/N2=N/C(/N=N(/c3c(C)cc(C)cc3C)->[Pd@OH7+2]<-23<-O=C(/C=C(\[O-]->3)C(F)(F)F)C(F)(F)F)=[N+]([O-])[O-])c(C)c1,C24 H23 F6 N5 O4 Pd1,0.0,fail,Cc1cc(C)c(N2=NC(=N[N-](c3c(C)cc(C)cc3C)->[Pd+2]<-23<-O=C(C=C([O-]->3)C(F)(F)F)C(F)(F)F)[N+](=O)[O-])c(C)c1,Cc1cc(C)c(N2=NC(=N[N-](c3c(C)cc(C)cc3C)->[Pd+2]<-23<-O=C(C=C([O-]->3)C(F)(F)F)C(F)(F)F)[N+](=O)[O-])c(C)c1
AGEVUD,COCCO(C)->[Zn+2](<-[O-]S(=O)(=O)C(F)(F)F)(<-[O-]S(=O)(=O)C(F)(F)F)<-O(C)CCOC,C10 H20 F6 O10 S2 Zn1,0.0,CO1CCO(C)->[Zn+2]<-12(<-[O-]S(=O)(=O)C(F)(F)F)(<-[O-]S(=O)(=O)C(F)(F)F)<-O(C)CCO->2C,CO1CCO(C)->[Zn+2]<-12(<-[O-]S(=O)(=O)C(F)(F)F)(<-[O-]S(=O)(=O)C(F)(F)F)<-O(C)CCO->2C,COCCO(C)->[Zn+2]1(<-[O-]S(=O)(=O)C(F)(F)F)(<-[O-]S(=O)(=O)C(F)(F)F)<-O(C)CCO->1C
AGIQUF,,C11 H14 Br1 N2 O3 P1 Ru1,0.0,CP(C)(C)->[Ru+]1(<-[Br-])(<-[C-]#[O+])(<-[C-]#[O+])<-[C](=O)Nc2ccccn->12,CP(C)(C)->[Ru+2]1(<-[Br-])(<-[C-]#[O+])(<-[C-]#[O+])<-[C-](=O)Nc2ccccn->12,CP(C)(C)->[Ru+2]1(<-[Br-])(<-[C-]#[O+])(<-[C-]#[O+])<-[C-](=O)Nc2ccccn->12
AGOXIE,,C20 H32 Cd1 N9 O3 1+,1.0,Cc1cc(C)n(->[Cd+2]2(<-[O-][N+](=O)[O-]->2)(<-n2[nH]c(C)cc2C)(<-n2[nH]c(C)cc2C)<-n2[nH]c(C)cc2C)[nH]1,Cc1cc(C)n(->[Cd+2](<-[O-][N+](=O)[O-])(<-n2[nH]c(C)cc2C)(<-n2[nH]c(C)cc2C)<-n2[nH]c(C)cc2C)[nH]1,Cc1cc(C)n(->[Cd+2]23(<-[O-][N+]->2(=O)[O-]->3)(<-n2[nH]c(C)cc2C)(<-n2[nH]c(C)cc2C)<-n2[nH]c(C)cc2C)[nH]1
AGUXIK,[Cl-]->[Pd+2](<-[Cl-])(<-C1=c2ccccc2=CC=c2ccccc2=1)<-P(c1ccccc1)(c1ccccc1)c1ccccc1,C33 H25 Cl2 P1 Pd1,0.0,[Cl-]->[Pd+4](<-[Cl-])(<-[C-2]1c2ccccc2C=Cc2ccccc21)<-P(c1ccccc1)(c1ccccc1)c1ccccc1,[Cl-]->[Pd+2](<-[Cl-])(<-C1=c2ccccc2=CC=c2ccccc2=1)<-P(c1ccccc1)(c1ccccc1)c1ccccc1,[Cl-]->[Pd+2](<-[Cl-])(<-C1=c2ccccc2=CC=c2ccccc2=1)<-P(c1ccccc1)(c1ccccc1)c1ccccc1
AHEBAR,,C21 H23 Cr1 N1 O5,0.0,CC(C)(O)C(N(O)Cc1ccccc1)c12->[Cr]3456(<-[C-]#[O+])(<-[C-]#[O+])(<-[C-]#[O+])<-c(c->3c->41)c->5c->62C,CC(C)([O-])C(N([O-])Cc1ccccc1)c12->[Cr+2]3456(<-[C-]#[O+])(<-[C-]#[O+])(<-[C-]#[O+])<-c(c->3c->41)c->5c->62C,CC(C)=O.Cc12->[Cr]3456(<-[C-]#[O+])(<-[C-]#[O+])(<-[C-]#[O+])<-c(c->3c->4c->51C=[N+]([O-])Cc1ccccc1)c->62
AHIHEE,,C20 H16 N2 Ni1 O6,0.0,O=C1[O-]->[Ni+2]2(<-O)(<-O)(<-[O-]C(=O)c3c4ccccc4ccn->23)<-n2ccc3ccccc3c21,O=C1[O-]->[Ni+2]2(<-O)(<-O)(<-[O-]C(=O)c3c4ccccc4ccn->23)<-n2ccc3ccccc3c21,O.O.O=C1[O-]->[Ni+2]2(<-[O-]C(=O)c3c4ccccc4ccn->23)<-n2ccc3ccccc3c21
AHUSOL,O=C1[O-]->[Ru+2]23(<-[O-]C(=O)C14CCC4)(<-N(=N\c1ccccn->21)/c1ccccc1)<-N(=N\c1ccccn->31)/c1ccccc1,C28 H24 N6 O4 Ru1,0.0,O=C1[O-]->[Ru+2]23(<-[O-]C(=O)C14CCC4)(<-N(=Nc1ccccn->21)c1ccccc1)<-N(=Nc1ccccn->31)c1ccccc1,O=C1[O-]->[Ru+6]23(<-[O-]C(=O)C14CCC4)(<-[N-](N=c1cccc[n-]->21)c1ccccc1)<-[N-](N=c1cccc[n-]->31)c1ccccc1,O=C1[O-]->[Ru+6]23(<-[O-]C(=O)C14CCC4)(<-[N-](N=c1cccc[n-]->21)c1ccccc1)<-[N-](N=c1cccc[n-]->31)c1ccccc1
AJENIN,,C25 H39 F6 N1 O2 W1,0.0,CC(C)c1cccc(C(C)C)c1[N-2]->[W+6](<-[CH-2]C(C)(C)C)(<-[O-]C(C)(C)C(F)(F)F)<-[O-]C(C)(C)C(F)(F)F,CC(C)c1cccc(C(C)C)c1[N-2]->[W+4](<-[CH]C(C)(C)C)(<-[O-]C(C)(C)C(F)(F)F)<-[O-]C(C)(C)C(F)(F)F,CC(C)c1cccc(C(C)C)c1[N-2]->[W+4](<-[CH]C(C)(C)C)(<-[O-]C(C)(C)C(F)(F)F)<-[O-]C(C)(C)C(F)(F)F
AJIKUZ,CCOC1/N=C(\[O-]->[Ni@SP1+2]23<-[O-]/C(=N\C(OCC)=N->2\CC/N->3=1)c1ccccc1)c1ccccc1,C22 H24 N4 Ni1 O4,0.0,fail,CCOC1N=C([O-]->[Ni+2]23<-[O-]C(=NC(OCC)=N->2CCN->3=1)c1ccccc1)c1ccccc1,CCOC1N=C([O-]->[Ni+2]23<-[O-]C(=NC(OCC)=N->2CCN->3=1)c1ccccc1)c1ccccc1
AJUVAE,,C5 H6 Cl7 Ru1 Si2 1-,-1.0,Cl[Si-](Cl)(Cl)->[RuH+3]1234(<-[Cl-])(<-c5c->1c->2[cH-]->3c->45)<-[Si-](Cl)(Cl)Cl,Cl[Si-](Cl)(Cl)->[RuH+3]1234(<-[Cl-])(<-c5c->1c->2[cH-]->3c->45)<-[Si-](Cl)(Cl)Cl,Cl[Si-](Cl)(Cl)->[RuH+3]1234(<-[Cl-])(<-c5c->1c->2[cH-]->3c->45)<-[Si-](Cl)(Cl)Cl
AKEGUS,C=[C]->[Ru+2]12345(<-c6(C)c->1(C)c->2(C)[c-]->3(C)c->46C)<-P(CCP->5(c1ccccc1)c1ccccc1)(c1ccccc1)c1ccccc1,C38 H41 P2 Ru1 1+,1.0,C=[C-2]->[Ru+4]12345(<-c6(C)c->1(C)c->2(C)[c-]->3(C)c->46C)<-P(CCP->5(c1ccccc1)c1ccccc1)(c1ccccc1)c1ccccc1,C=[C]->[Ru+2]12345(<-c6(C)c->1(C)c->2(C)[c-]->3(C)c->46C)<-P(CCP->5(c1ccccc1)c1ccccc1)(c1ccccc1)c1ccccc1,C=[C]->[Ru+2]12345(<-c6(C)c->1(C)c->2(C)[c-]->3(C)c->46C)<-P(CCP->5(c1ccccc1)c1ccccc1)(c1ccccc1)c1ccccc1
AKIVOF,,C37 H30 Cl1 Ir1 O1 P2,0.0,[O+]#[C-]->[IrH+2]1(<-[Cl-])(<-[c-]2ccccc2P->1(c1ccccc1)c1ccccc1)<-P(c1ccccc1)(c1ccccc1)c1ccccc1,[O+]#[C-]->[IrH+2]1(<-[Cl-])(<-[c-]2ccccc2P->1(c1ccccc1)c1ccccc1)<-P(c1ccccc1)(c1ccccc1)c1ccccc1,[O+]#[C-]->[IrH+2]1(<-[Cl-])(<-[c-]2ccccc2P->1(c1ccccc1)c1ccccc1)<-P(c1ccccc1)(c1ccccc1)c1ccccc1
AKOVIG,C=C/C=C\[S@@](=O)([O-])->[Rh+3]1234(<-[Cl-])(<-c5(C)c->1(C)c->2(C)[c-]->3(C)c->45C)<-P(C)(C)C,C17 H29 Cl1 O2 P1 Rh1 S1,0.0,C=CC=C[SH](=O)(=O)->[Rh+2]1234(<-[Cl-])(<-c5(C)c->1(C)c->2(C)[c-]->3(C)c->45C)<-P(C)(C)C,C=CC=CS(=O)([O-])->[Rh+3]1234(<-[Cl-])(<-c5(C)c->1(C)c->2(C)[c-]->3(C)c->45C)<-P(C)(C)C,C=CC=CS(=O)([O-])->[Rh+3]1234(<-[Cl-])(<-c5(C)c->1(C)c->2(C)[c-]->3(C)c->45C)<-P(C)(C)C
ALADAU,[H]/N=C1\c2ccccc2C2/N=C3/c4ccccc4/C(=N\[H])[N-]3->[Re+](<-[C-]#[O+])(<-[C-]#[O+])(<-[C-]#[O+])(<-N=21)<-n1ccccc1,C24 H15 N6 O3 Re1,0.0,N=C1c2ccccc2C2N=C3c4ccccc4C(=N)[N-]3->[Re+](<-[C-]#[O+])(<-[C-]#[O+])(<-[C-]#[O+])(<-N=21)<-n1ccccc1,[NH-]c1c2ccccc2c2[N-][C+]3[c-]4[cH+][cH-][cH+][cH-][c+]4[C+]([NH-])[N-]3->[Re+3](<-[C-]#[O+])(<-[C-]#[O+])(<-[C-]#[O+])(<-n3ccccc3)<-[n-]12,[NH-]c1c2ccccc2c2[N-][C+]3[c-]4[cH+][cH-][cH+][cH-][c+]4[C+]([NH-])[N-]3->[Re+3](<-[C-]#[O+])(<-[C-]#[O+])(<-[C-]#[O+])(<-n3ccccc3)<-[n-]12
ALANRE,CCOC(=O)[C@H](C)N[C](C)->[Re+](<-[C-]#[O+])(<-[C-]#[O+])(<-[C-]#[O+])(<-[C-]#[O+])<-[C-](C)=O,C13 H16 N1 O7 Re1,0.0,CCOC(=O)C(C)N[C](C)->[Re+](<-[C-]#[O+])(<-[C-]#[O+])(<-[C-]#[O+])(<-[C-]#[O+])<-[C-](C)=O,CCOC(=O)C(C)N[C](C)->[Re+](<-[C-]#[O+])(<-[C-]#[O+])(<-[C-]#[O+])(<-[C-]#[O+])<-[C-](C)=O,CCOC(=O)C(C)N[C](C)->[Re+](<-[C-]#[O+])(<-[C-]#[O+])(<-[C-]#[O+])(<-[C-]#[O+])<-[C-](C)=O
ALECAV,,C30 H28 P2 Ru1,0.0,c1ccc(P2(CP(c3ccccc3)(c3ccccc3)->[RuH+]<-23456<-c2c->3c->4[cH-]->5c->62)c2ccccc2)cc1,c1ccc(P2(CP(c3ccccc3)(c3ccccc3)->[RuH+]<-23456<-c2c->3c->4[cH-]->5c->62)c2ccccc2)cc1,c1ccc(P2(CP(c3ccccc3)(c3ccccc3)->[RuH+]<-23456<-c2c->3c->4[cH-]->5c->62)c2ccccc2)cc1
ALETAN,C/C1=C/C(C)=N(/CC(C)C)->[Cr+2]23456(<-[H]C->2[C@@H](C)C[N-]->31)<-[H]C->4[C@@H](C)C[N-]->5/C(C)=C\C(C)=N->6\CC(C)C,C26 H50 Cr1 N4,0.0,CC1=CC(C)=N(CC(C)C)->[Cr+2]2(<-N(CC(C)C)=C(C)C=C(C)[N-]->2CC(C)C)<-[N-]1CC(C)C,CC1=CC(C)=N(CC(C)C)->[Cr+2]2(<-N(CC(C)C)=C(C)C=C(C)[N-]->2CC(C)C)<-[N-]1CC(C)C,CC1=CC(C)=N(CC(C)C)->[Cr+2]2(<-N(CC(C)C)=C(C)C=C(C)[N-]->2CC(C)C)<-[N-]1CC(C)C
ALIPAO,COC(=O)/C(Br)=C(C(=O)OC)/C(C(=O)OC)=[C-](/C(=O)OC)->[Pd@TB14+2]1(<-[Br-])<-n2cccc3cccc(S->1C)c32,C22 H21 Br2 N1 O8 Pd1 S1,0.0,COC(=O)C(Br)=C(C(=O)OC)C(C(=O)OC)=[C-](C(=O)OC)->[Pd+2]1(<-[Br-])<-n2cccc3cccc(S->1C)c32,COC(=O)C(Br)=C(C(=O)OC)C(C(=O)OC)=[C-](C(=O)OC)->[Pd+2]1(<-[Br-])<-n2cccc3cccc(S->1C)c32,COC(=O)C(Br)=C1C(C(=O)OC)=[C-](C(=O)OC)->[Pd+2]2(<-[Br-])(<-n3cccc4cccc(S->2C)c43)<-C1(=O)OC
ALIZIG,CC1=O->[Cd+2]234(<-O=C(C)[O-]->2)(<-[O-]1)<-n1c(C)cccc1-c1cccc(-c2cccc(C)n->32)n->41,C21 H21 Cd1 N3 O4,0.0,fail,CC(=O)[O-]->[Cd+2]123(<-O=C(C)[O-]->1)<-n1c(C)cccc1-c1cccc(-c4cccc(C)n->24)n->31,CC1=O->[Cd+2]234(<-O=C(C)[O-]->2)(<-[O-]1)<-n1c(C)cccc1-c1cccc(-c2cccc(C)n->32)n->41
ALOSAW,Cc1ccc2ccc3ccc(C)n(->[Ni+2]4(<-[O-]S(=O)(=O)[O-]->4)<-n4c(C)ccc5ccc6ccc(C)nc6c54)c3c2n1,C28 H24 N4 Ni1 O4 S1,0.0,Cc1ccc2ccc3ccc(C)n4->[Ni+2]56(<-[O-]S(=O)(=O)[O-]->5)(<-n1c2c34)<-n1c(C)ccc2ccc3ccc(C)n->6c3c21,Cc1ccc2ccc3ccc(C)n4->[Ni+2]56(<-[O-]S(=O)(=O)[O-]->5)(<-n1c2c34)<-n1c(C)ccc2ccc3ccc(C)n->6c3c21,Cc1ccc2ccc3ccc(C)n4->[Ni+2]56(<-[O-]S(=O)(=O)[O-]->5)(<-n1c2c34)<-n1c(C)ccc2ccc3ccc(C)n->6c3c21
AMAMEG,Cc1cc(C)c(-c2ccn3[BH-]4n5ccc(-c6c(C)cc(C)cc6C)n5->[Ni@TB2+2]5(<-[Cl-])(<-Cc6cc(C)cc(C)c6-c6ccn4n->56)<-n23)c(C)c1,C36 H40 B1 Cl1 N6 Ni1,0.0,Cc1cc(C)c(-c2cc[n+]3[BH-]4[n+]5ccc(-c6c(C)cc(C)cc6C)[n-]5->[Ni+2](<-[Cl-])(<-[n-]23)<-[n-]2c(-c3c(C)cc(C)cc3C)cc[n+]24)c(C)c1,Cc1cc(C)c(-c2ccn3[BH-]4n5ccc(-c6c(C)cc(C)cc6C)n5->[Ni+2](<-[Cl-])(<-n23)<-n2c(-c3c(C)cc(C)cc3C)ccn24)c(C)c1,Cc1cc(C)c(-c2ccn3[BH-]4n5ccc(-c6c(C)cc(C)cc6C)n5->[Ni+2](<-[Cl-])(<-n23)<-n2c(-c3c(C)cc(C)cc3C)ccn24)c(C)c1
AMIGAF,COC(=O)/C1[S-]->[Rh+3]23456(<-C=[SH]->2\C=1C(=O)OC)<-c1(C)c->3(C)c->4(C)[c-]->5(C)c->61C,C17 H23 O4 Rh1 S2,0.0,COC(=O)C1[S-]->[Rh+3]23456(<-[CH2-]S->2C=1C(=O)OC)<-c1(C)c->3(C)c->4(C)[c-]->5(C)c->61C,COC(=O)C1[S-]->[Rh+3]23456(<-C=[SH]->2C=1C(=O)OC)<-c1(C)c->3(C)c->4(C)[c-]->5(C)c->61C,COC(=O)C1[S-]->[Rh+3]23456(<-C=[SH]->2C=1C(=O)OC)<-c1(C)c->3(C)c->4(C)[c-]->5(C)c->61C
AMIQAQ,COc1cccc2/C=N3/CC[N-]4C(=O)c5ccccc5[O-]->[Mn@TB10+5]<-3<-4(<-[O-2])<-[O-]c21,C17 H17 Mn1 N2 O5,0.0,COc1cccc2C=N3CC[N-]4C(=O)c5ccccc5[O-]->[Mn+3]<-3<-4(<-O)<-[O-]c21,COc1cccc2C=N3CC[N-]4C(=O)c5ccccc5[O-]->[Mn+5]<-3<-4(<-[O-2])<-[O-]c21,COc1cccc2C=N3CC[N-]4C(=O)c5ccccc5[O-]->[Mn+5]<-3<-4(<-[O-2])<-[O-]c21
AMUKAV,,C31 H40 Mo1 O3 Si2,0.0,CC1(C)c2cccc3[Si-](C)(C)->[MoH+3]4567(<-[C-]#[O+])(<-[C-]#[O+])(<-c8(C)c->4(C)c->5(C)[c-]->6(C)c->78C)<-[Si-](C)(C)c4cccc1c4Oc23,CC1(C)c2cccc3[Si-](C)(C)->[MoH+3]4567(<-[C-]#[O+])(<-[C-]#[O+])(<-c8(C)c->4(C)c->5(C)[c-]->6(C)c->78C)<-[Si-](C)(C)c4cccc1c4Oc23,CC1(C)c2cccc3[Si-](C)(C)->[MoH+5]45678(<-[C-](=O)[C-]->4=O)(<-c4(C)c->5(C)c->6(C)[c-]->7(C)c->84C)<-[Si-](C)(C)c4cccc1c4Oc23
ANIFEJ,Cc1c2N->[Ru+2](<-[Cl-])(<-[Cl-])(<-O=c2n(-c2ccccc2)n1C)(<-S(C)(C)=O)<-S(C)(C)=O,C15 H25 Cl2 N3 O3 Ru1 S2,0.0,Cc1c2N->[Ru+2](<-[Cl-])(<-[Cl-])(<-O=c2n(-c2ccccc2)n1C)(<-S(C)(C)=O)<-S(C)(C)=O,Cc1c2N->[Ru+2](<-[Cl-])(<-[Cl-])(<-O=c2n(-c2ccccc2)n1C)(<-S(C)(C)=O)<-S(C)(C)=O,Cc1c2N->[Ru+2](<-[Cl-])(<-[Cl-])(<-O=c2n(-c2ccccc2)n1C)(<-S(C)(C)=O)<-S(C)(C)=O
APBNLA,C/C1=N\NC(=O->[La+3]234(<-O=C(N/N=C(\C)c5cccc1n5)c1ccccc1)(<-[O-][N+](=O)[O-]->2)(<-[O-][N+](=O)[O-]->3)<-[O-][N+](=O)[O-]->4)c1ccccc1,C23 H21 La1 N8 O11,0.0,CC1c2cccc3C(C)=N4NC(=O->[La+3]<-45678(<-O=C(NN->5=1)c1ccccc1)(<-[O-][N+](=O)[O-]->6)(<-[O-][N+](=O)[O-]->7)(<-[O-][N+](=O)[O-]->8)<-n23)c1ccccc1,CC1C2CCCC3C(C)N4NC(C5CCCCC5)O[La]456789%10%11(<-N(O)(O5)O6)(<-N(O)(O7)O8)(<-N(O)(O9)O%10)(OC(C4CCCCC4)NN1%11)N23,CC1C2CCCC3C(C)N4NC(C5CCCCC5)O[La]456789%10%11(<-N(O)(O5)O6)(<-N(O)(O7)O8)(<-N(O)(O9)O%10)(OC(C4CCCCC4)NN1%11)N23
APIPIZ,,C38 H32 Fe1 N6 O4,0.0,[O]N1=C(C(c2ccccc2)=N(O)->[Fe]<-12(<-N([O])=C(C(c1ccccc1)=N->2O)c1ccccc1)(<-n1ccccc1)<-n1ccccc1)c1ccccc1,O=N1C(=C(c2ccccc2)[N-](O)->[Fe+2]<-12(<-N(=O)C(=C(c1ccccc1)[N-]->2O)c1ccccc1)(<-n1ccccc1)<-n1ccccc1)c1ccccc1,O=N1C(=C(c2ccccc2)[N-](O)->[Fe+2]<-12(<-N(=O)C(=C(c1ccccc1)[N-]->2O)c1ccccc1)(<-n1ccccc1)<-n1ccccc1)c1ccccc1
APTANI,C=C(c1ccccc1)/N1=N/C(C)=S->[Ni@+2]<-12<-[S-]/C(C)=N\[N-]->2C(=C)c1ccccc1,C20 H22 N4 Ni1 S2,0.0,CC1=NN(=C(C)c2ccccc2)->[Ni+2]2(<-[S-]1)<-[S-]C(C)=NN->2=C(C)c1ccccc1,C=C(c1ccccc1)[N-]1N=C(C)[S-]->[Ni+4]<-12<-[S-]C(C)=N[N-]->2C(=C)c1ccccc1,C=C(c1ccccc1)[N-]1N=C(C)[S-]->[Ni+4]<-12<-[S-]C(C)=N[N-]->2C(=C)c1ccccc1
APUJEC,,C30 H46 N4 Si2 Zn1,0.0,CC1=CC(C)=N(c2ccccc2C#N)->[Zn+2](<-[N-]1c1c(C(C)C)cccc1C(C)C)<-[N-]([Si](C)(C)C)[Si](C)(C)C,CC1=CC(C)=N(c2c(C(C)C)cccc2C(C)C)->[Zn+2](<-[N-]1c1ccccc1C#N)<-[N-]([Si](C)(C)C)[Si](C)(C)C,CC1=CC(C)=N(c2c(C(C)C)cccc2C(C)C)->[Zn+2]2(<-N#Cc3ccccc3[N-]->21)<-[N-]([Si](C)(C)C)[Si](C)(C)C
AQAHEH,CS(C)(=O)->[Pt+2]123(<-[CH3-])<-C4=C->1/CC/C->2=C->3\CC\4,C11 H21 O1 Pt1 S1 1+,1.0,CS(C)(=O)->[Pt+2]123(<-[CH3-])<-C4=C->1CCC->2=C->3CC4,CS(C)(=O)->[Pt+2]123(<-[CH3-])<-C4=C->1CCC->2=C->3CC4,CS(C)(=O)->[Pt+2]123(<-[CH3-])<-C4=C->1CCC->2=C->3CC4
AQAXIZ,COc1ccc(-c2c([O-]->[Ru+2](<-O)(<-[Cl-])(<-S(C)(C)=O)(<-S(C)(C)=O)<-S(C)(C)=O)c(=O)c2=O)cc1,C17 H27 Cl1 O8 Ru1 S3,0.0,COc1ccc(-c2c([O-]->[Ru+2](<-O)(<-[Cl-])(<-S(C)(C)=O)(<-S(C)(C)=O)<-S(C)(C)=O)c(=O)c2=O)cc1,COc1ccc(-c2c([O-]->[Ru+2](<-O)(<-[Cl-])(<-S(C)(C)=O)(<-S(C)(C)=O)<-S(C)(C)=O)c(=O)c2=O)cc1,COc1ccc(-c2c([O-]->[Ru+2](<-O)(<-[Cl-])(<-S(C)(C)=O)(<-S(C)(C)=O)<-S(C)(C)=O)c(=O)c2=O)cc1
AQEXIE,CC(C)c1cccc(C(C)C)c1/N1=C/C2=C([O-]->[Ni@+2]<-1(<-[CH3-])<-n1ccccc1)c1c(cccc1-c1ccccc1)CC2,C35 H38 N2 Ni1 O1,0.0,CC(C)c1cccc(C(C)C)c1N1=CC2=C([O-]->[Ni+2]<-1(<-[CH3-])<-n1ccccc1)c1c(cccc1-c1ccccc1)CC2,CC(C)c1cccc(C(C)C)c1N1=CC2=C([O-]->[Ni+2]<-1(<-[CH3-])<-n1ccccc1)c1c(cccc1-c1ccccc1)CC2,CC(C)c1cccc(C(C)C)c1N1=CC2=C([O-]->[Ni+2]<-1(<-[CH3-])<-n1ccccc1)c1c(cccc1-c1ccccc1)CC2
AQOBUF,CP(C)(c1ccccc1)->[Ir+3]1234(<-[Cl-])(<-C5=C->1[C@H]1C[C@@H]5C->2=C->31)<-[CH-]1[C@H]([C@@H]2[C@H]3C=C[C@H](C3)[CH-]->42)[C@H]2C=C[C@@H]1C2,C29 H35 Cl1 Ir1 P1,0.0,CP(C)(c1ccccc1)->[Ir+3]1234(<-[Cl-])(<-C5=C->1C1CC5C->2=C->31)<-[CH-]1C2C=CC(C2)C1C1C2C=CC(C2)[CH-]->41,CP(C)(c1ccccc1)->[Ir+3]1234(<-[Cl-])(<-C5=C->1C1CC5C->2=C->31)<-[CH-]1C2C=CC(C2)C1C1C2C=CC(C2)[CH-]->41,CP(C)(c1ccccc1)->[Ir+3]1234(<-[Cl-])(<-C5=C->1C1CC5C->2=C->31)<-[CH-]1C2C=CC(C2)C1C1C2C=CC(C2)[CH-]->41
AQPRLB,,C10 H20 N2 Ni1 O6,0.0,O=C1[O-]->[Ni+2]2(<-O)(<-O)(<-[O-]C(=O)C3CCCN->23)<-N2CCCC12,O=C1[O-]->[Ni+2]2(<-O)(<-O)(<-[O-]C(=O)C3CCCN->23)<-N2CCCC12,O.O.O=C1[O-]->[Ni+2]2(<-[O-]C(=O)C3CCCN->23)<-N2CCCC12
ARAMIQ,[Cl-]->[Pd@OH10+2]12<-S=C(NCc3ccccc3)C3=CC=C/C(=C(\NCc4ccccc4)[S-]->1)[C]->23,C22 H19 Cl1 N2 Pd1 S2,0.0,[Cl-]->[Pd+2]12<-S=C(NCc3ccccc3)c3cccc(C(NCc4ccccc4)=S->1)[c-]->23,[Cl-]->[Pd+2]12<-S=C(NCc3ccccc3)C3=CC=CC(=C(NCc4ccccc4)[S-]->1)[C]->23,[Cl-]->[Pd+2]12<-S=C(NCc3ccccc3)C3=CC=CC(=C(NCc4ccccc4)[S-]->1)[C]->23
AREQET,CN1(C)CCN(C)(C)->[Pd+2]<-1(<-[CH3-])<-[CH2-]C(F)(F)F,C9 H21 F3 N2 Pd1,0.0,CN1(C)CCN(C)(C)->[Pd+2]<-1(<-[CH3-])<-[CH2-]C(F)(F)F,CN1(C)CCN(C)(C)->[Pd+2]<-1(<-[CH3-])<-[CH2-]C(F)(F)F,CN1(C)CCN(C)(C)->[Pd+2]<-1(<-[CH3-])<-[CH2-]C(F)(F)F
ARITEA,,C34 H29 N2 O3 P1 Pd1,0.0,COc1cc(OC)c2C=N3N=C([O-]->[Pd+2]<-3(<-[c-]2c1)<-P(c1ccccc1)(c1ccccc1)c1ccccc1)c1ccccc1,COc1cc(OC)c2C=N3N=C([O-]->[Pd+2]<-3(<-[c-]2c1)<-P(c1ccccc1)(c1ccccc1)c1ccccc1)c1ccccc1,COc1cc(OC)c2C=N3N=C([O-]->[Pd+2]<-3(<-[c-]2c1)<-P(c1ccccc1)(c1ccccc1)c1ccccc1)c1ccccc1
AROKAT,,C8 H19 I1 N4 O1 Re1 1+,1.0,[O-2]->[Re+5]123(<-[I-])<-[N-]4CCN->1CCN->2CCN->3CC4,[O-2]->[Re+5]123(<-[I-])<-[N-]4CCN->1CCN->2CCN->3CC4,[O-2]->[Re+5]123(<-[I-])<-[N-]4CCN->1CCN->2CCN->3CC4
ARUWIV,c1cnc(-c2ncccn2->[Ni+2]23(<-[O-]c4ccccc4-c4nnn[n-]->24)<-n2cccnc2-c2ncccn->32)nc1,C23 H16 N12 Ni1 O1,0.0,c1ccc2-c3nnn[n-]3->[Ni+2]34(<-[O-]c2c1)(<-n1cccnc1-c1ncccn->31)<-n1cccnc1-c1ncccn->41,c1ccc2-c3nnn[n-]3->[Ni+2]34(<-[O-]c2c1)(<-n1cccnc1-c1ncccn->31)<-n1cccnc1-c1ncccn->41,c1ccc2-c3nnn[n-]3->[Ni+2]34(<-[O-]c2c1)(<-n1cccnc1-c1ncccn->31)<-n1cccnc1-c1ncccn->41
ASANIS,C[Si](C)(C)N([B-]1=C(->[Pt+2](<-[Br-])(<-P(C)(C)C)<-P(C)(C)C)=C1c1ccccc1)[Si](C)(C)C,C20 H41 B1 Br1 N1 P2 Pt1 Si2,0.0,C[Si](C)(C)[N+](=[b-]1c(-c2ccccc2)[c-]1->[Pt+2](<-[Br-])(<-P(C)(C)C)<-P(C)(C)C)[Si](C)(C)C,C[Si](C)(C)N([B-]1=C(->[Pt+2](<-[Br-])(<-P(C)(C)C)<-P(C)(C)C)=C1c1ccccc1)[Si](C)(C)C,C[Si](C)(C)N([B-]1=C(->[Pt+2](<-[Br-])(<-P(C)(C)C)<-P(C)(C)C)=C1c1ccccc1)[Si](C)(C)C
ASEHEM,,C18 H12 N2 O1 Pd1,0.0,C1=O->[Pd+2]2(<-[c-]3cccc4ccc5cccn->2c5c43)<-[n-]2cccc21,C1=CC2=C[O-]->[Pd+2]3(<-[c-]4cccc5ccc6cccn->3c6c54)<-N2=C1,C1=CC2=C[O-]->[Pd+2]3(<-[c-]4cccc5ccc6cccn->3c6c54)<-N2=C1
ASODAN,COC(=O)C1/C(C(=O)OC)=[C-](/C(=O)OC)->[Ir+3]23(<-O)(<-[C-]=1\C(=O)OC)<-n1c(C)cc(C)n1[BH-](n1c(C)cc(C)n->21)n1c(C)cc(C)n->31,C27 H36 B1 Ir1 N6 O9,0.0,COC(=O)C1C(C(=O)OC)=[C-](C(=O)OC)->[Ir+3]23(<-O)(<-[C-]=1C(=O)OC)<-n1c(C)cc(C)n1[BH-](n1c(C)cc(C)n->21)n1c(C)cc(C)n->31,COC(=O)C1C(C(=O)OC)=[C-](C(=O)OC)->[Ir+3]23(<-O)(<-[C-]=1C(=O)OC)<-n1c(C)cc(C)n1[BH-](n1c(C)cc(C)n->21)n1c(C)cc(C)n->31,COC(=O)C1C(C(=O)OC)=[C-](C(=O)OC)->[Ir+3]23(<-O)(<-[C-]=1C(=O)OC)<-n1c(C)cc(C)n1[BH-](n1c(C)cc(C)n->21)n1c(C)cc(C)n->31
ASUBEV,c1ccc(P2(CCP(c3ccccc3)(c3ccccc3)->[Ni@OH11+2]<-23<-[S-]c2nc4ccccc4nc2[S-]->3)c2ccccc2)cc1,C34 H28 N2 Ni1 P2 S2,0.0,c1ccc(P2(CCP(c3ccccc3)(c3ccccc3)->[Ni+2]<-23<-[S-]c2nc4ccccc4nc2[S-]->3)c2ccccc2)cc1,c1ccc(P2(CCP(c3ccccc3)(c3ccccc3)->[Ni]<-23<-S=C2N=c4ccccc4=NC2=S->3)c2ccccc2)cc1,c1ccc(P2(CCP(c3ccccc3)(c3ccccc3)->[Ni]<-23<-S=C2N=c4ccccc4=NC2=S->3)c2ccccc2)cc1
ATASOF,,C19 H26 Br2 N1 Ni1 O1 P1,0.0,CC(C)(C)P1(Oc2cccc(-c3ccccc3)n2->[Ni+2]<-1(<-[Br-])<-[Br-])C(C)(C)C,CC(C)(C)P1(Oc2cccc(-c3ccccc3)n2->[Ni+2]<-1(<-[Br-])<-[Br-])C(C)(C)C,CC(C)(C)P1(Oc2cccc(-c3ccccc3)n2->[Ni+2]<-1(<-[Br-])<-[Br-])C(C)(C)C
ATEPEV,Cc1cc(C)c2[O-]->[V+5]345(<-[O-2])<-[O-]c6c(C)cc(C)cc6CN->3(CCO->4Cc2c1)Cc1cc(C)cc(C)c1[O-]->5,C29 H34 N1 O5 V1,0.0,Cc1cc(C)c2[O-]->[V+5]345(<-[O-2])<-[O-]c6c(C)cc(C)cc6CN->3(CCO->4Cc2c1)Cc1cc(C)cc(C)c1[O-]->5,Cc1cc(C)c2[O-]->[V+5]345(<-[O-2])<-[O-]c6c(C)cc(C)cc6CN->3(CCO->4Cc2c1)Cc1cc(C)cc(C)c1[O-]->5,Cc1cc(C)c2[O-]->[V+5]3(<-[O-2])<-[O-]c4c(C)cc(C)cc4CN(CCOCc2c1)Cc1cc(C)cc(C)c1[O-]->3
ATINEW,,C25 H28 B1 N4 O2 P1 W1,0.0,Cc1cccc(C)c1[C-3]->[W+4]1(<-[C-]#[O+])(<-[C-]#[O+])(<-n2cccn2[BH2-]n2cccn->12)<-P(C)(C)c1ccccc1,C[c-]1[cH+][cH-][cH+][c-](C)[c+]1[C-3]->[W+4]1(<-[C-]#[O+])(<-[C-]#[O+])(<-n2cccn2[BH2-]n2cccn->12)<-P(C)(C)c1ccccc1,C[c-]1[cH+][cH-][cH+][c-](C)[c+]1[C-3]->[W+4]1(<-[C-]#[O+])(<-[C-]#[O+])(<-n2cccn2[BH2-]n2cccn->12)<-P(C)(C)c1ccccc1
ATOGUL,,C7 H12 Hg1 I2 N2 S2,0.0,CN1CCCN(C)C2=S->[Hg+2](<-[I-])(<-[I-])<-S=C21,CN1CCCN(C)C2=S->[Hg+2](<-[I-])(<-[I-])<-S=C21,CN1CCCN(C)C(=S)C1=S.[I-]->[Hg+2]<-[I-]
ATUMAF,CCOC(=O)c1ccc(CO)n(->[Zn+2](<-[O-][N+](=O)[O-])(<-[O-][N+](=O)[O-])<-n2cc(C(=O)OCC)ccc2CO)c1,C18 H22 N4 O12 Zn1,0.0,CCOC(=O)c1ccc2CO->[Zn+2]3(<-[O-][N+](=O)[O-])(<-[O-][N+](=O)[O-])(<-OCc4ccc(C(=O)OCC)cn->34)<-n2c1,CCOC(=O)c1ccc2CO->[Zn+2]3(<-[O-][N+](=O)[O-])(<-[O-][N+](=O)[O-])(<-OCc4ccc(C(=O)OCC)cn->34)<-n2c1,CCOC(=O)c1ccc(CO)n(->[Zn+2]23(<-[O-][N+](=O)[O-]->2)(<-[O-][N+](=O)[O-]->3)<-n2cc(C(=O)OCC)ccc2CO)c1
ATUSEO,,C32 H40 Cl2 Hf1,0.0,Cc1c(C)c(C)c23->[Hf+4]456789%10%11(<-[Cl-])(<-[Cl-])<-c%12(C)c->4(C)c->54c(C)c(C)c(C)c(C)[c-]->64c->7%12CCc->82[c-]->9(C)c->%10(C)c->%113c1C,Cc1c(C)c(C)c23->[Hf+4]456789%10%11(<-[Cl-])(<-[Cl-])<-c%12(C)c->4(C)c->54c(C)c(C)c(C)c(C)[c-]->64c->7%12CC[c-]->82c->9(C)c->%10(C)c->%113c1C,Cc1c(C)c(C)c23->[Hf+4]456789%10%11(<-[Cl-])(<-[Cl-])<-c%12(C)c->4(C)c->54c(C)c(C)c(C)c(C)[c-]->64c->7%12CC[c-]->82c->9(C)c->%10(C)c->%113c1C
AVANAN,Cc1cc(C)c(N2C=CN(c3c(C)cc(C)cc3C)[C]2->[Au+]<-[C](Nc2c(C)cccc2C)N2CCCCC2)c(C)c1,C35 H44 Au1 N4 1+,1.0,Cc1cc(C)c(N2C=CN(c3c(C)cc(C)cc3C)[C]2->[Au+]<-[C](Nc2c(C)cccc2C)N2CCCCC2)c(C)c1,Cc1cc(C)c(N2C=CN(c3c(C)cc(C)cc3C)[C]2->[Au+]<-[C](Nc2c(C)cccc2C)N2CCCCC2)c(C)c1,Cc1cc(C)c(N2C=CN(c3c(C)cc(C)cc3C)[C]2->[Au+]<-[C](Nc2c(C)cccc2C)N2CCCCC2)c(C)c1
AVETUQ,N#[C-]->[Fe+2]1234(<-[C-]#N)(<-c5c->1c->2[cH-]->3c->45)<-P(c1ccccc1)(c1ccccc1)c1ccccc1,C25 H20 Fe1 N2 P1 1-,-1.0,N#[C-]->[Fe+2]1234(<-[C-]#[N+])(<-c5c->1c->2[cH-]->3c->45)<-P(c1ccccc1)(c1ccccc1)c1ccccc1,N#[C-]->[Fe+2]1234(<-[C-]#N)(<-c5c->1c->2[cH-]->3c->45)<-P(c1ccccc1)(c1ccccc1)c1ccccc1,N#[C-]->[Fe+2]1234(<-[C-]#N)(<-c5c->1c->2[cH-]->3c->45)<-P(c1ccccc1)(c1ccccc1)c1ccccc1
AVIVUX,,C36 H41 Ir1 N5 1+,1.0,Cc1cc(C)c(N2C=CN(c3c(C)cc(C)cc3C)[C]2->[IrH2+](<-n2ccccc2)(<-n2ccccc2)<-n2ccccc2)c(C)c1,Cc1cc(C)c(N2C=CN(c3c(C)cc(C)cc3C)[C]2->[IrH2+](<-n2ccccc2)(<-n2ccccc2)<-n2ccccc2)c(C)c1,Cc1cc(C)c(N2C=CN(c3c(C)cc(C)cc3C)[C]2->[IrH2+](<-n2ccccc2)(<-n2ccccc2)<-n2ccccc2)c(C)c1
AVORIN,,C32 H40 B1 Mo1 N7 O4,0.0,CC(C)c1cc[n+]2[BH-]3[n+]4ccc(C(C)C)[n-]4->[Mo+6](<-[O-2])(<-[O-2])(<-[O-]c4ccccc4C(=O)N(C)c4ccccc4)(<-[n-]12)<-[n-]1c(C(C)C)cc[n+]13,CC(C)c1ccn2[BH-]3n4ccc(C(C)C)n4->[Mo+6](<-[O-2])(<-[O-2])(<-[O-]c4ccccc4C(=O)N(C)c4ccccc4)(<-n12)<-n1c(C(C)C)ccn13,CC(C)c1ccn2[BH-]3n4ccc(C(C)C)n4->[Mo+6](<-[O-2])(<-[O-2])(<-[O-]c4ccccc4C(=O)N(C)c4ccccc4)(<-n12)<-n1c(C(C)C)ccn13
AVUVIX,,C40 H35 Br1 N1 O2 P2 Re1 Si1,0.0,C[Si]1(C)c2cccc3P(c4ccccc4)(c4ccccc4)->[Re+3]45(<-[Br-])(<-C=C->4)(<-[N-]=O)<-[c-]4ccccc4P->5(c4ccccc4)c4cccc1c4Oc23,C[Si]1(C)c2cccc3P(c4ccccc4)(c4ccccc4)->[Re+3]45(<-[Br-])(<-C=C->4)(<-[N-]=O)<-[c-]4ccccc4P->5(c4ccccc4)c4cccc1c4Oc23,C[Si]1(C)c2cccc3P(c4ccccc4)(c4ccccc4)->[Re+3]45(<-[Br-])(<-C=C->4)(<-[N-]=O)<-[c-]4ccccc4P->5(c4ccccc4)c4cccc1c4Oc23
AWIJOF,C(=C/c1ccccc1)\C1=O->[Zn@TB13+2]23(<-[O-]1)<-n1c(CN(Cc4[nH]c5ccccc5n->24)Cc2[nH]c4ccccc4n->32)[nH]c2ccccc21,C33 H28 N7 O2 Zn1 1+,1.0,O=C(C=Cc1ccccc1)[O-]->[Zn+2]123<-n4c(CN->1(Cc1[nH]c5ccccc5n->21)Cc1[nH]c2ccccc2n->31)[nH]c1ccccc14,O=C(C=Cc1ccccc1)[O-]->[Zn+2]12<-n3c(CN(Cc4[nH]c5ccccc5n->14)Cc1[nH]c4ccccc4n->21)[nH]c1ccccc13,C(=CC12=O->[Zn+2]<-134(<-[O-]2)<-n1c(CN(Cc2[nH]c5ccccc5n->32)Cc2[nH]c3ccccc3n->42)[nH]c2ccccc21)c1ccccc1
AXAHAI,c1ccc(CNCCN2CCN(Cc3ccccc3)->[Cu+]<-N(CC2)Cc2ccccc2)cc1,C27 H36 Cu1 N4 1+,1.0,c1ccc(CN2CCN34CCN(Cc5ccccc5)->[Cu+]<-2<-3<-N(CC4)Cc2ccccc2)cc1,c1ccc(CN2CCN34CCN(Cc5ccccc5)->[Cu+]<-2<-3<-N(CC4)Cc2ccccc2)cc1,c1ccc(CN2CCN34CCN(Cc5ccccc5)->[Cu+]<-2<-3<-N(CC4)Cc2ccccc2)cc1
AXESEC,FC(F)(F)c1cc(C(F)(F)F)[n-](->[Au+]<-P(c2ccccc2)(c2ccccc2)c2ccccc2)c1-c1ccccn1,C29 H20 Au1 F6 N2 P1,0.0,FC(F)(F)c1cc(C(F)(F)F)[n-]2->[Au+](<-n3ccccc3-c12)<-P(c1ccccc1)(c1ccccc1)c1ccccc1,FC(F)(F)c1cc(C(F)(F)F)[n-](->[Au+]<-P(c2ccccc2)(c2ccccc2)c2ccccc2)c1-c1ccccn1,FC(F)(F)c1cc(C(F)(F)F)[n-](->[Au+]<-P(c2ccccc2)(c2ccccc2)c2ccccc2)c1-c1ccccn1
AXIJIA,,C17 H31 Hf1 P1,0.0,fail,CC12=C->[Hf+2]<-1345678(<-C=C->3(C)C->4=C->5(C)[CH2-]->6)(<-[CH2-]C->7(C)=C->82)<-P(C)(C)C,CC12=C->[Hf+2]<-1345678(<-C=C->3(C)C->4=C->5(C)[CH2-]->6)(<-[CH2-]C->7(C)=C->82)<-P(C)(C)C
AXOFOI,,C18 H19 I1 Rh1 S8 1+,1.0,Cc12->[Rh+5]3456(<-[I-])(<-[S-]C7=C([S-]->3)SC(=C3SC8=C(SCCS8)S3)S7)<-c1(C)c->4(C)[c-]->5(C)c->62C,Cc12->[Rh+3]3456(<-[I-])(<-S=C7SC(=C8SC9=C(SCCS9)S8)SC7=S->3)<-c1(C)c->4(C)[c-]->5(C)c->62C,Cc12->[Rh+3]3456(<-[I-])(<-S=C7SC(=C8SC9=C(SCCS9)S8)SC7=S->3)<-c1(C)c->4(C)[c-]->5(C)c->62C
AXOWOB,C/C1=C(\C)[N-]2/N=C(/N)[S-]->[Ni@@+2]<-2(<-N1=O)<-n1cc[nH]c1,C8 H12 N6 Ni1 O1 S1,0.0,CC1C(C)=N2N=C(N)[S-]->[Ni+]<-2(<-N=1[O])<-n1cc[nH]c1,CC1=C(C)[N-]2N=C(N)[S-]->[Ni+2]<-2(<-N1=O)<-n1cc[nH]c1,CC1=C(C)[N-]2N=C(N)[S-]->[Ni+2]<-2(<-N1=O)<-n1cc[nH]c1
AXUGAB,[I-]->[Zn+2](<-[I-])(<-O=C1C=Cc2ccccc2/C1=C/NCc1ccccc1)<-O=C1C=Cc2ccccc2/C1=C/NCc1ccccc1,C36 H30 I2 N2 O2 Zn1,0.0,[I-]->[Zn+2](<-[I-])(<-O=C1C=Cc2ccccc2C1=CNCc1ccccc1)<-O=C1C=Cc2ccccc2C1=CNCc1ccccc1,[I-]->[Zn+2](<-[I-])(<-O=C1C=Cc2ccccc2C1=CNCc1ccccc1)<-O=C1C=Cc2ccccc2C1=CNCc1ccccc1,[I-]->[Zn+2](<-[I-])(<-O=C1C=Cc2ccccc2C1=CNCc1ccccc1)<-O=C1C=Cc2ccccc2C1=CNCc1ccccc1
AYAPOG,,C27 H45 F6 Mo1 N1 O2 Si1,0.0,CC[Si]([CH-2]->[Mo+6](<-[N-2]c1c(C(C)C)cccc1C(C)C)(<-[O-]C(C)(C)C(F)(F)F)<-[O-]C(C)(C)C(F)(F)F)(CC)CC,CC[Si]([CH]->[Mo+4](<-[N-2]c1c(C(C)C)cccc1C(C)C)(<-[O-]C(C)(C)C(F)(F)F)<-[O-]C(C)(C)C(F)(F)F)(CC)CC,CC[Si]([CH]->[Mo+4](<-[N-2]c1c(C(C)C)cccc1C(C)C)(<-[O-]C(C)(C)C(F)(F)F)<-[O-]C(C)(C)C(F)(F)F)(CC)CC
AYIDUH,CC1(C)CN2(C)CCN3(C)CC(C)(C)[S@](=O)([O-])->[Ni@SP1+2]<-2<-3<-[S-]1,C12 H26 N2 Ni1 O2 S2,0.0,CC1(C)CN2(C)CCN3(C)CC(C)(C)[SH](=O)(=O)->[Ni+]<-2<-3<-[S-]1,CC1(C)CN2(C)CCN3(C)CC(C)(C)S(=O)(#[O+])->[Ni]<-2<-3<-[S-]1,CC1(C)CN2(C)CCN3(C)CC(C)(C)S(=O)(#[O+])->[Ni]<-2<-3<-[S-]1
AYOLAC,Cc1ccn2->[Ir+3]34(<-[O-]C(=O)c5ccccn->35)(<-[c-]3cc(F)cc(F)c3-c2c1)<-[c-]1cc(F)cc(F)c1-c1cc(C)ccn->41,C30 H20 F4 Ir1 N3 O2,0.0,Cc1ccn2->[Ir+3]34(<-[O-]C(=O)c5ccccn->35)(<-[c-]3cc(F)cc(F)c3-c2c1)<-[c-]1cc(F)cc(F)c1-c1cc(C)ccn->41,Cc1ccn2->[Ir+3]34(<-[O-]C(=O)c5ccccn->35)(<-[c-]3cc(F)cc(F)c3-c2c1)<-[c-]1cc(F)cc(F)c1-c1cc(C)ccn->41,Cc1ccn2->[Ir+3]34(<-[O-]C(=O)c5ccccn->35)(<-[c-]3cc(F)cc(F)c3-c2c1)<-[c-]1cc(F)cc(F)c1-c1cc(C)ccn->41
AYUMIQ,,C31 H38 B1 N8 O4 Re1,0.0,COCC1c2ccccc2C(C(C)(C)C(=O)OC)C2->[Re+]34(<-[C-]#[O+])(<-C=21)(<-n1ccn(C)c1)<-[n-]1ccc[n+]1[BH-]([n+]1ccc[n-]->31)[n+]1ccc[n-]->41,COCC1c2ccccc2C(C(C)(C)C(=O)OC)[C-]2->[Re+3]34(<-[C-]#[O+])(<-[C-]=21)(<-n1ccn(C)c1)<-n1cccn1[BH-](n1cccn->31)n1cccn->41,COCC1c2ccccc2C(C(C)(C)C(=O)OC)C2->[Re+]34(<-[C-]#[O+])(<-C#21)(<-n1ccn(C)c1)<-n1cccn1[BH-](n1cccn->31)n1cccn->41
AZEPEC,,C15 H11 Cr1 N5 O7,0.0,CC(=NNc1ccc([N+](=O)[O-])cc1[N+](=O)[O-])c12->[Cr+2]345(<-[C-]#[O+])(<-[C-]#[O+])(<-[N-]=O)<-c(c->3[cH-]->41)c->52,CC(N=[NH+]c1ccc([N+](=O)[O-])cc1[N+](=O)[O-])=C12->[Cr]345(<-[C-]#[O+])(<-[C-]#[O+])(<-[N-]=O)<-C(=C->31)C->4=C->52,CC(N=[NH+]c1ccc([N+](=O)[O-])cc1[N+](=O)[O-])=C12->[Cr]345(<-[C-]#[O+])(<-[C-]#[O+])(<-[N-]=O)<-C(=C->31)C->4=C->52
AZIFOG,COc1ccccc1/N1=C(\C)c2ccccn2->[Zn+2]<-1(<-[Cl-])<-[Cl-],C14 H14 Cl2 N2 O1 Zn1,0.0,COc1ccccc1N1=C(C)c2ccccn2->[Zn+2]<-1(<-[Cl-])<-[Cl-],COc1ccccc1N1=C(C)c2ccccn2->[Zn+2]<-1(<-[Cl-])<-[Cl-],COc1ccccc1N1=C(C)c2ccccn2->[Zn+2]<-1(<-[Cl-])<-[Cl-]
AZOLAD,Nc1ccc(C2=O->[Zn+2]34(<-O=C([O-]->3)c3ccc(N)cc3)(<-[O-]2)<-n2ccccc2-c2ccccn->42)cc1,C24 H20 N4 O4 Zn1,0.0,fail,Nc1ccc(C(=O)[O-]->[Zn+2]2(<-[O-]C(=O)c3ccc(N)cc3)<-n3ccccc3-c3ccccn->23)cc1,Nc1ccc(C23=O->[Zn+2]<-2456(<-O=C->4([O-]->5)c2ccc(N)cc2)(<-[O-]3)<-n2ccccc2-c2ccccn->62)cc1
BABNID,COc1ccccc1P(c1ccccc1)(c1ccccc1)->[Cu+]12(<-O=N->1[O-]->2)<-P(c1ccccc1)(c1ccccc1)c1ccccc1OC,C38 H34 Cu1 N1 O4 P2,0.0,COc1ccccc1P(c1ccccc1)(c1ccccc1)->[Cu+](<-[O-]N=O)<-P(c1ccccc1)(c1ccccc1)c1ccccc1OC,COc1ccccc1P(c1ccccc1)(c1ccccc1)->[Cu+]1(<-O=N[O-]->1)<-P(c1ccccc1)(c1ccccc1)c1ccccc1OC,COc1ccccc1P(c1ccccc1)(c1ccccc1)->[Cu+]1(<-O=N[O-]->1)<-P(c1ccccc1)(c1ccccc1)c1ccccc1OC
BACDUG,,C19 H46 N1 P3 Ru1,0.0,CC(C)P1(CC[N-]2CCP(C(C)C)(C(C)C)->[RuH+]<-2<-1<-P(C)(C)C)C(C)C,CC(C)P1(CC[N-]2CCP(C(C)C)(C(C)C)->[RuH+]<-2<-1<-P(C)(C)C)C(C)C,CC(C)P1(CC[N-]2CCP(C(C)C)(C(C)C)->[RuH+]<-2<-1<-P(C)(C)C)C(C)C
BACWUZ,CN1(C)CCCN2CCCN->[Re+]<-2<-1(<-[C-]#[O+])(<-[C-]#[O+])<-[C-]#[O+],C11 H21 N3 O3 Re1 1+,1.0,CN1(C)CCCN2CCCN->[Re+]<-2<-1(<-[C-]#[O+])(<-[C-]#[O+])<-[C-]#[O+],CN1(C)CCCN2CCCN->[Re+]<-2<-1(<-[C-]#[O+])(<-[C-]#[O+])<-[C-]#[O+],CN1(C)CCCN2CCCN->[Re+]<-2<-1(<-[C-]#[O+])(<-[C-]#[O+])<-[C-]#[O+]
BADHAS,CCCN1CCc2ccccc2C2->[Os+2]3456(<-[C-]=21)(<-c1c->3c->4[cH-]->5c->61)<-P(C(C)C)(C(C)C)C(C)C,C27 H42 N1 Os1 P1,0.0,CCCN1CCc2ccccc2[CH-]2->[Os+2]3456(<-[C]21)(<-c1c->3c->4[cH-]->5c->61)<-P(C(C)C)(C(C)C)C(C)C,CCCN1CCc2ccccc2C2->[Os+2]3456(<-[C-]=21)(<-c1c->3c->4[cH-]->5c->61)<-P(C(C)C)(C(C)C)C(C)C,CCCN1CCc2ccccc2C2->[Os+2]3456(<-[C-]=21)(<-c1c->3c->4[cH-]->5c->61)<-P(C(C)C)(C(C)C)C(C)C
BADQIH,,C31 H38 N6 Rh1 1+,1.0,CN1Cc2cccc(n2)CN(C)Cc2cccc3n2->[Rh+]2456(<-C7=C->2C2CC7C->4=C->52)<-n2c(cccc2CN->6(C)C3)C1,CN1Cc2cccc(n2)CN(C)Cc2cccc3n2->[Rh+]2456(<-C7=C->2C2CC7C->4=C->52)<-n2c(cccc2CN->6(C)C3)C1,CN1Cc2cccc(n2)CN(C)Cc2cccc3n2->[Rh+]2456(<-C7=C->2C2CC7C->4=C->52)<-n2c(cccc2CN->6(C)C3)C1
BAFSUY,CC(C)(C)C1=CC=C(C(C)(C)C)C2=O->[Zn@TB5+2]3(<-O=C12)(<-[O-]c1c(C(C)(C)C)ccc(C(C)(C)C)c1[O-]->3)<-n1ccccc1,C33 H45 N1 O4 Zn1,0.0,fail,CC(C)(C)c1ccc(C(C)(C)C)c2[O-]->[Zn+4]3(<-[O-]c12)(<-[O-]c1c(C(C)(C)C)ccc(C(C)(C)C)c1[O-]->3)<-n1ccccc1,CC(C)(C)c1ccc(C(C)(C)C)c2[O-]->[Zn+4]3(<-[O-]c12)(<-[O-]c1c(C(C)(C)C)ccc(C(C)(C)C)c1[O-]->3)<-n1ccccc1
BAHGEZ,Cc1ccc(/N2=C/c3ccccn3->[Ni@OH30+2]<-2(<-[Br-])<-[c-]2c(C)cc(C)cc2C)c([N+](=O)[O-])c1,C22 H22 Br1 N3 Ni1 O2,0.0,Cc1ccc(N2=Cc3ccccn3->[Ni+2]<-2(<-[Br-])<-[c-]2c(C)cc(C)cc2C)c([N+](=O)[O-])c1,Cc1ccc(N2=Cc3ccccn3->[Ni+2]<-2(<-[Br-])<-[c-]2c(C)cc(C)cc2C)c([N+](=O)[O-])c1,Cc1ccc2N3=Cc4ccccn4->[Ni+4]<-3(<-[Br-])(<-[O-]N([O-])c2c1)<-[c-]1c(C)cc(C)cc1C
BAJHOL,Cc1ccc(N2C[C@H](C(C)C)N3->[Ni@OH7+2]4(<-[Cl-])<-[c-]5c(NP->4(c4ccccc4)c4ccccc4)cccc5C=32)cc1,C31 H31 Cl1 N3 Ni1 P1,0.0,Cc1ccc(N2CC(C(C)C)N3->[Ni+2]4(<-[Cl-])<-[c-]5c(NP->4(c4ccccc4)c4ccccc4)cccc5C=32)cc1,Cc1ccc(N2CC(C(C)C)N3->[Ni+2]4(<-[Cl-])<-[c-]5c(NP->4(c4ccccc4)c4ccccc4)cccc5C=32)cc1,Cc1ccc(N2CC(C(C)C)N3->[Ni+2]4(<-[Cl-])<-[c-]5c(NP->4(c4ccccc4)c4ccccc4)cccc5C=32)cc1
BAJWEP,CCC1=C(CC)/C2=C/C3=N4->[Ni@TB10+2](<-[I-])(<-N2=C1C)<-[n-]1c(C)c(CC)c(CC)c1/C=C\4C(CC)=C3CC,C28 H38 I1 N3 Ni1,0.0,CCC1=C(CC)C(C)=N2->[Ni+2]3(<-[I-])<-N4=C(C)C(CC)=C(CC)C4=Cc4c(CC)c(CC)c(C=C12)[n-]->34,CCC1=C(CC)C(C)=N2->[Ni+2]3(<-[I-])<-N4=C(C=C12)C(CC)=C(CC)C4=Cc1c(CC)c(CC)c(C)[n-]->31,CCC1=C(CC)C(C)=N2->[Ni+2]3(<-[I-])<-N4=C(C=C12)C(CC)=C(CC)C4=Cc1c(CC)c(CC)c(C)[n-]->31
BALFAY,,C20 H24 Fe1 N5 O3 1+,1.0,CC1C(C)=N(c2c(C)cccc2C)->[Fe+4](<-[N-]=O)(<-[N-]=O)(<-[N-]=O)<-N=1c1c(C)cccc1C,CC1C(C)=N(c2c(C)cccc2C)->[Fe+4](<-[N-]=O)(<-[N-]=O)(<-[N-]=O)<-N=1c1c(C)cccc1C,CC(=Nc1c(C)cccc1C)C(C)=N(c1c(C)cccc1C)->[Fe+4](<-[N-]=O)(<-[N-]=O)<-[N-]=O
BAMQEM,CP(C)(C)->[Zr+2]123456789(<-C%10=C->1c1ccccc1%10)(<-c1c->2c->3[cH-]->4c->51)<-c1c->6c->7[cH-]->8c->91,C21 H25 P1 Zr1,0.0,CP(C)(C)->[Zr+2]123456789(<-C%10=C->1c1ccccc1%10)(<-c1c->2c->3[cH-]->4c->51)<-c1c->6c->7[cH-]->8c->91,CP(C)(C)->[Zr+4]123456789(<-c%10c->1c->2[cH-]->3c->4%10)(<-c1c->5c->6[cH-]->7c->81)<-c1c2cc[cH-]cc-2[cH-]->91,CP(C)(C)->[Zr+4]123456789(<-c%10c->1c->2[cH-]->3c->4%10)(<-c1c->5c->6[cH-]->7c->81)<-c1c2cc[cH-]cc-2[cH-]->91
BANDID,C1=C\[S-]->[Pt+2]2(<-[S-]/1)<-n1ccccc1-c1ccccn->21,C12 H10 N2 Pt1 S2,0.0,C1=C[S-]->[Pt+2]2(<-[S-]1)<-n1ccccc1-c1ccccn->21,C1=C[S-]->[Pt+2]2(<-[S-]1)<-n1ccccc1-c1ccccn->21,C1C=S->[Pt]2(<-S=1)<-n1ccccc1-c1ccccn->21
BAPTIY,,C26 H38 N6 Ni1 O6,0.0,CO->[Ni+2]12(<-OC)(<-N3=C(c4ccc(C=O)[n-]->14)N([O])C(C)(C)C3(C)C)<-N1=C(c3ccc(C=O)[n-]->23)N([O])C(C)(C)C1(C)C,CO->[Ni+4]12(<-OC)(<-N3=C(C=O)C=CC3=C3N([O-])C(C)(C)C(C)(C)[N-]->13)<-N1=C(C=O)C=CC1=C1N([O-])C(C)(C)C(C)(C)[N-]->21,CO.CO->[Ni+4]12(<-N3=C(C=O)C=CC3=C3N([O-])C(C)(C)C(C)(C)[N-]->13)<-N1=C(C=O)C=CC1=C1N([O-])C(C)(C)C(C)(C)[N-]->21
BAQTEU,CNC(=O)c1ccc(C2(C)C3=N4->[Ti+4]5(<-[O-]/C(NC)=C\4C=C3)(<-[O-]/C(NC)=C3/C=CC2=N->53)(<-[O-]C(C)C)<-[O-]C(C)C)[nH]1,C26 H36 N6 O5 Ti1,0.0,CNC(=O)c1ccc(C2(C)c3ccc4C(NC)=O->[Ti+4]5(<-O=C(NC)c6ccc2[n-]->56)(<-[O-]C(C)C)(<-[O-]C(C)C)<-[n-]43)[nH]1,CNC(=O)c1ccc(C2(C)C3=N4->[Ti+4]5(<-[O-]C(NC)=C4C=C3)(<-[O-]C(NC)=C3C=CC2=N->53)(<-[O-]C(C)C)<-[O-]C(C)C)[nH]1,CNC(=O)c1ccc(C2(C)C3=N4->[Ti+4]5(<-[O-]C(NC)=C4C=C3)(<-[O-]C(NC)=C3C=CC2=N->53)(<-[O-]C(C)C)<-[O-]C(C)C)[nH]1
BARVEW,F[C+]1[C-](F)[C-](F)[C+](F)[C-]([c+]2[c+]3[cH+][cH+][c+]4[c+](-[c-]5[c+](F)[c+](F)[c+](F)[c-](F)[c-]5F)[c+]5[n-]6->[Pt@SP1+2]7(<-[n-]43)<-[n-]3[c+]([c-]([C-]4[C+](F)[C+](F)[C-](F)[C-](F)[C-]4F)[c-]4[cH+][cH+][c-]([c-]([C-]8[C+](F)[C+](F)[C-](F)[C-](F)[C-]8F)[c+]6[CH+][CH-]5)[n-]->74)[CH+][CH+][c-]23)[C-]1F,C44 H8 F20 N4 Pt1,0.0,Fc1c(F)c(F)c(-c2c3n4->[Pt+2]56<-n7c(c(-c8c(F)c(F)c(F)c(F)c8F)c8ccc2[n-]->58)C=Cc7c(-c2c(F)c(F)c(F)c(F)c2F)c2ccc(c(-c5c(F)c(F)c(F)c(F)c5F)c4C=C3)[n-]->62)c(F)c1F,Fc1c(F)c(F)c(-c2c3n4->[Pt+2]56<-n7c(c(-c8c(F)c(F)c(F)c(F)c8F)c8ccc2[n-]->58)C=Cc7c(-c2c(F)c(F)c(F)c(F)c2F)c2ccc(c(-c5c(F)c(F)c(F)c(F)c5F)c4C=C3)[n-]->62)c(F)c1F,Fc1c(F)c(F)c(-c2c3n4->[Pt+2]56<-n7c(c(-c8c(F)c(F)c(F)c(F)c8F)c8ccc2[n-]->58)C=Cc7c(-c2c(F)c(F)c(F)c(F)c2F)c2ccc(c(-c5c(F)c(F)c(F)c(F)c5F)c4C=C3)[n-]->62)c(F)c1F
BATBIH,CC#N->[Cu+]1<-n2c(C)cccc2CN(Cc2c[nH]c3ccccc23)Cc2cccc(C)n->12,C25 H27 Cu1 N5 1+,1.0,CC#N->[Cu+]12<-n3c(C)cccc3CN->1(Cc1c[nH]c3ccccc13)Cc1cccc(C)n->21,CC#N->[Cu+]12<-n3c(C)cccc3CN->1(Cc1c[nH]c3ccccc13)Cc1cccc(C)n->21,CC#N->[Cu+]12<-n3c(C)cccc3CN->1(Cc1c[nH]c3ccccc13)Cc1cccc(C)n->21
BATWEB,,C24 H28 B1 Cu1 F4 N2 O2,0.0,CC(C)(C)c1cc2[O-]->[Cu+3]3(<-[O-]c2c(C(C)(C)C)c1)(<-F[B-](F)(F)F)<-n1ccccc1-c1ccccn->31,CC(C)(C)c1cc2c(c(C(C)(C)C)c1)[O-]->[Cu+3]1(<-[O-]2)<-n2ccccc2-c2ccccn->12.F[B-](F)(F)F,CC(C)(C)c1cc2c(c(C(C)(C)C)c1)[O-]->[Cu+3]1(<-[O-]2)<-n2ccccc2-c2ccccn->12.F[B-](F)(F)F
BAWFOW,,C39 H35 I2 N2 P3 Pd1,0.0,CP12->[Pd+2]3(<-[I-])(<-[I-])<-P(c4ccccc4)(c4ccccc4)c4ccccc4N1CCN2c1ccccc1P->3(c1ccccc1)c1ccccc1,CP12->[Pd+2]3(<-[I-])(<-[I-])<-P(c4ccccc4)(c4ccccc4)c4ccccc4N1CCN2c1ccccc1P->3(c1ccccc1)c1ccccc1,CP12->[Pd+2]3(<-[I-])(<-[I-])<-P(c4ccccc4)(c4ccccc4)c4ccccc4N1CCN2c1ccccc1P->3(c1ccccc1)c1ccccc1
BAWPIZ,,C29 H34 P2 Pt1,0.0,[CH3-]->[PtH+3]1(<-[CH3-])(<-[CH3-])<-P(CCP->1(c1ccccc1)c1ccccc1)(c1ccccc1)c1ccccc1,[CH3-]->[PtH+3]1(<-[CH3-])(<-[CH3-])<-P(CCP->1(c1ccccc1)c1ccccc1)(c1ccccc1)c1ccccc1,[CH3-]->[PtH+3]1(<-[CH3-])(<-[CH3-])<-P(CCP->1(c1ccccc1)c1ccccc1)(c1ccccc1)c1ccccc1
BAXZOP,CC1/C=C(/C)[O-]->[Ru+2]234(<-O=1)(<-O=C(C)/C=C(/C)[O-]->2)<-C(c1ccccc1)#C->3c1ccccc1N->4(C)C,C26 H29 N1 O4 Ru1,0.0,fail,CC1=CC(C)=O->[Ru+2]234(<-O=C(C)C=C(C)[O-]->2)(<-[O-]1)<-C(c1ccccc1)#C->3c1ccccc1N->4(C)C,CC1=CC(C)=O->[Ru+2]234(<-O=C(C)C=C(C)[O-]->2)(<-[O-]1)<-C(c1ccccc1)#C->3c1ccccc1N->4(C)C
BAYTUT,CN(C)Cc1ccc2c(Cl)cc(Cl)c3[O-]->[Zn+2](<-[Cl-])(<-[Cl-])<-n1c32,C12 H11 Cl4 N2 O1 Zn1 1-,-1.0,CN1(C)Cc2ccc3c(Cl)cc(Cl)c4[O-]->[Zn+2]<-1(<-[Cl-])(<-[Cl-])<-n2c43,CN1(C)Cc2ccc3c(Cl)cc(Cl)c4[O-]->[Zn+2]<-1(<-[Cl-])(<-[Cl-])<-n2c43,CN(C)Cc1ccc2c(Cl)cc(Cl)c3[O-]->[Zn+2](<-[Cl-])(<-[Cl-])<-n1c32
BAYZUZ,CCOC1=O->[Pd@OH20+2]2(<-[Cl-])<-[c-]3ccccc3CO/N->2=C/1C,C12 H14 Cl1 N1 O3 Pd1,0.0,CCOC1=O->[Pd+2]2(<-[Cl-])<-[c-]3ccccc3CON->2=C1C,CCOC1=O->[Pd+2]2(<-[Cl-])<-[c-]3ccccc3CON->2=C1C,CCOC1[O-]->[Pd+4]2(<-[Cl-])<-[c-]3ccccc3CO[N-]->2C=1C
BCNFEC,,C12 H6 Fe1 O4,0.0,O=c1ccc23->[Fe]45(<-[C-]#[O+])(<-[C-]#[O+])(<-[C-]#[O+])<-C=2C->4=c->53cc1,[O+]#[C-]->[Fe+2]123(<-[C-]#[O+])(<-[C-]#[O+])<-c4[cH-]->1c->21ccc([O-])ccc->34-1,[O+]#[C-]->[Fe+2]123(<-[C-]#[O+])(<-[C-]#[O+])<-c4[cH-]->1c->21ccc([O-])ccc->34-1
BEBZOX,,C34 H30 P2 Ru1,0.0,c1ccc(P2(CP(c3ccccc3)(c3ccccc3)->[RuH+]<-23456<-c2[cH-]->3c->4c->53ccccc->623)c2ccccc2)cc1,,c1ccc(P2(CP(c3ccccc3)(c3ccccc3)->[RuH+]<-23456<-c2c->3c->43cccc[c-]->53c->62)c2ccccc2)cc1
BECTEI,C/C1=C(\C)[N-](O)->[Co+3]2(<-[CH3-])(<-N1=O)(<-N(=O)/C(C)=C(/C)[N-]->2O)<-P(C)(C)C,C12 H26 Co1 N4 O4 P1,0.0,CC1C(C)=N(O)->[Co+]2(<-[CH3-])(<-N=1[O])(<-N([O])=C(C)C(C)=N->2O)<-P(C)(C)C,CC1=C(C)[N-](O)->[Co+3]2(<-[CH3-])(<-N1=O)(<-N(=O)C(C)=C(C)[N-]->2O)<-P(C)(C)C,CC1=C(C)[N-](O)->[Co+3]2(<-[CH3-])(<-N1=O)(<-N(=O)C(C)=C(C)[N-]->2O)<-P(C)(C)C
BEFFOI,CCN(CC)[C](NC(C)(C)C)->[Au+]<-C=S(C)(C)=O,C12 H28 Au1 N2 O1 S1 1+,1.0,CCN(CC)[C](NC(C)(C)C)->[Au+2]<-[CH2-][S](C)(C)=O,CCN(CC)[C](NC(C)(C)C)->[Au+]<-C=S(C)(C)=O,CCN(CC)[C](NC(C)(C)C)->[Au+]<-C=S(C)(C)=O
BEGNAF,,C32 H16 N8 Pd1,0.0,c1ccc2c(c1)-c1nc3c4ccccc4c4nc5n6->[Pd+2]7(<-n1c-2nc1c2ccccc2c(nc6-c2ccccc2-5)[n-]->71)<-[n-]34,[cH+]1[cH+][cH+][c-]2[c+]([cH+]1)-[c-]1[n-][c-]3[n-]4->[Pd+6]56<-[n-]7[c+]([n-][c+]8[c+]9[cH+][cH+][cH+][cH+][c-]9[c-]([n-][c+]4[C+]4[CH-][CH-][CH-][CH-][C+]43)[n-]->58)[C+]3[CH-][CH-][CH-][CH-][C+]3[c-]7[n-][c-]-2[n-]->61,[cH+]1[cH+][cH+][c-]2[c+]([cH+]1)-[c-]1[n-][c-]3[n-]4->[Pd+6]56<-[n-]7[c+]([n-][c+]8[c+]9[cH+][cH+][cH+][cH+][c-]9[c-]([n-][c+]4[C+]4[CH-][CH-][CH-][CH-][C+]43)[n-]->58)[C+]3[CH-][CH-][CH-][CH-][C+]3[c-]7[n-][c-]-2[n-]->61
BEHKAD,,C32 H19 O4 Re1,0.0,[O+]#[C-]->[Re+]1234(<-[C-]#[O+])(<-[C-]#[O+])<-c5(-c6ccccc6)c->1(-c1ccccc1)c->21c2ccccc2o[c-]->31c->45-c1ccccc1,[O+]#[C-]->[Re+]1234(<-[C-]#[O+])(<-[C-]#[O+])<-c5(-c6ccccc6)c->1(-c1ccccc1)[c-]->2(-c1ccccc1)c->31oc2ccccc2c->451,[O+]#[C-]->[Re+]1234(<-[C-]#[O+])(<-[C-]#[O+])<-c5(-c6ccccc6)c->1(-c1ccccc1)[c-]->2(-c1ccccc1)c->31oc2ccccc2c->451
BEJFON,,C20 H25 I2 N3 Rh1 1+,1.0,CN1C=CN2c3c[n+](C)ccc3C[c-]34->[Rh+3]567(<-[I-])(<-[I-])(<-[C]12)<-c(C)(c->5(C)c->63C)c->74C,CN1C=CC2C[c-]34->[Rh+5]567(<-[I-])(<-[I-])(<-[c-]8n(C=2[CH-]1)cc[n+]8C)<-c(C)(c->5(C)c->63C)c->74C,CN1C=CC2C[c-]34->[Rh+5]567(<-[I-])(<-[I-])(<-[c-]8n(C=2[CH-]1)cc[n+]8C)<-c(C)(c->5(C)c->63C)c->74C
BEJQUD,Cc1cc(C)c2[O-]->[V+5]34(<-[O-2])(<-[N-2][N+]#N)<-[O-]c5c(C)cc(C)cc5CN->3(CCN->4(C)C)Cc2c1,C22 H30 N5 O3 V1,0.0,Cc1cc(C)c2[O-]->[V+5]34(<-[O-2])(<-[N-]=[N+]=[N-])<-[O-]c5c(C)cc(C)cc5CN->3(CCN->4(C)C)Cc2c1,Cc1cc(C)c2[O-]->[V+5]34(<-[O-2])(<-[N-2][N+]#N)<-[O-]c5c(C)cc(C)cc5CN->3(CCN->4(C)C)Cc2c1,Cc1cc(C)c2[O-]->[V+5](<-[O-2])(<-[N-2][N+]#N)<-[O-]c3c(C)cc(C)cc3CN(CCN(C)C)Cc2c1
BEJWIZ,,C19 H16 Cl1 N1 Pd1 Se1,0.0,[Cl-]->[Pd+2]12<-[c-]3cccc4cccc(C=N->1CC[Se]->2c1ccccc1)c43,[CH2-]CN1=Cc2cccc3ccc[c-](->[Pd+4]<-1(<-[Cl-])<-[Se-]c1ccccc1)c23,[CH2-]CN1=Cc2cccc3ccc[c-](->[Pd+4]<-1(<-[Cl-])<-[Se-]c1ccccc1)c23
BEKPOZ,O=C([O-]->[Y+3]12345(<-NCCN->1CCN->2)(<-NCCN->3CCN->4)<-O=C([O-]->5)C(F)(F)F)C(F)(F)F,C12 H26 F6 N6 O4 Y1 1+,1.0,O=C([O-]->[Y+3]1234(<-NCCN->1CCN->2)(<-NCCN->3CCN->4)<-[O-]C(=O)C(F)(F)F)C(F)(F)F,O=C([O-]->[Y+3]1234(<-NCCN->1CCN->2)(<-NCCN->3CCN->4)<-[O-]C(=O)C(F)(F)F)C(F)(F)F,O=C([O-]->[Y+3]123456(<-NCCN->1CCN->2)(<-NCCN->3CCN->4)<-O=C->5([O-]->6)C(F)(F)F)C(F)(F)F
BEMGEG,,C16 H28 Co1 N4 O4 1+,1.0,O=C1CN23->[Co+3]456(<-[O-]1)<-[O-]C(=O)CN->41CCCN->5(CCN->6(CCC2)CC1)CC3,O=C1CN23->[Co+3]456(<-[O-]1)<-[O-]C(=O)CN->41CCCN->5(CC2)CCN->6(CC[C]3)CC1,O=C1CN2CCN34->[Co+3]567(<-[O-]1)<-[O-]C(=O)CN->5(CCC3)CCN->6(CC[C]->72)CC4
BENDII,COCCOC1=S->[Cd+2]23(<-S=C(OCCOC)[S-]->2)(<-[S-]1)<-n1ccccc1-c1ccccn->31,C18 H22 Cd1 N2 O4 S4,0.0,COCCOC(=S)[S-]->[Cd+2]1(<-[S-]C(=S)OCCOC)<-n2ccccc2-c2ccccn->12,COCCOC(=S)[S-]->[Cd+2]1(<-[S-]C(=S)OCCOC)<-n2ccccc2-c2ccccn->12,COCCOC1=S->[Cd+2]23(<-S=C(OCCOC)[S-]->2)(<-[S-]1)<-n1ccccc1-c1ccccn->31
BENPAL,,C10 H11 Mo1 N1 O5,0.0,O=C1[O-]->[Mo+2]2345(<-[C-]#[O+])(<-[C-]#[O+])(<-NC1CO)<-c1c->2c->3[cH-]->4c->51,,O=C1[O-]->[Mo+2]23456(<-[C-]#[O+])(<-[NH-]C1CO)<-[C]1C->2(=C->3=O)C->42=C->5=C->612
BEPNEP,CC1=NN(c2ccccc2)C2=S->[Ni@OH26+2]3(<-[S-]/C(=N\[N-]->3/C(=C/12)c1ccccc1)c1ccccc1)<-P(c1ccccc1)(c1ccccc1)c1ccccc1,C42 H33 N4 Ni1 P1 S2,0.0,Cc1nn(-c2ccccc2)c2[S-]->[Ni+2]3(<-[S-]C(=NN->3=C(c3ccccc3)c12)c1ccccc1)<-P(c1ccccc1)(c1ccccc1)c1ccccc1,CC1=NN(c2ccccc2)C2=S->[Ni+2]3(<-[S-]C(=N[N-]->3C(=C12)c1ccccc1)c1ccccc1)<-P(c1ccccc1)(c1ccccc1)c1ccccc1,CC1=NN(c2ccccc2)C2=S->[Ni+2]3(<-[S-]C(=N[N-]->3C(=C12)c1ccccc1)c1ccccc1)<-P(c1ccccc1)(c1ccccc1)c1ccccc1
BEQLOY,C1CN2CCN3CCCN4(->[Cu+]<-N56CCCN7CCN8CCCN(CC5)[C@H]8[C@H]76)CCN(C1)[C@H]2[C@H]34,C24 H44 Cu1 N8 1+,1.0,C1CN2CCN3CCCN4(->[Cu+]<-N56CCCN7CCN8CCCN(CC5)C8C76)CCN(C1)C2C34,C1CN2CCN3CCCN4(->[Cu+]<-N56CCCN7CCN8CCCN(CC5)C8C76)CCN(C1)C2C34,[CH-]1CN23->[CuH2+3]4(<-N56CCCN1C5C2N(CCC3)CC6)<-N12CCCN3[CH-]CN->45CCCN(CC1)C5C32
BERBEH,CN1(C)CCN(C)(C)->[Pd+2]<-1(<-[CH3-])<-[O-]c1ccc2c(c1-c1c(O)ccc3c1CCCC3)CCCC2,C27 H40 N2 O2 Pd1,0.0,CN1(C)CCN(C)(C)->[Pd+2]<-1(<-[CH3-])<-[O-]c1ccc2c(c1-c1c(O)ccc3c1CCCC3)CCCC2,CN1(C)CCN(C)(C)->[Pd+2]<-1(<-[CH3-])<-[O-]c1ccc2c(c1-c1c(O)ccc3c1CCCC3)CCCC2,CN1(C)CCN(C)(C)->[Pd+2]<-1(<-[CH3-])<-[O-]c1ccc2c(c1-c1c(O)ccc3c1CCCC3)CCCC2
BERTEY,Cc1ccc2ccc3ccc(C)n4->[Pt+2](<-[I-])(<-[I-])(<-n1c2c34)<-S(C)(C)=O,C16 H18 I2 N2 O1 Pt1 S1,0.0,Cc1ccc2ccc3ccc(C)n(->[Pt+2](<-[I-])(<-[I-])<-S(C)(C)=O)c3c2n1,Cc1ccc2ccc3ccc(C)n(->[Pt+2](<-[I-])(<-[I-])<-S(C)(C)=O)c3c2n1,Cc1ccc2ccc3ccc(C)n(->[Pt+2](<-[I-])(<-[I-])<-S(C)(C)=O)c3c2n1
BERZII,CC1(C)[C@@H]2CC[C@]13C[S@@](=O)([O-])=[N+](C(=O)[C@@H]1C[CH-](->[Hg+2]<-[Cl-])[C@H]4CC[C@@H]1O4)[C@@H]3C2,C18 H26 Cl1 Hg1 N1 O4 S1,0.0,CC1(C)C2CCC13CS(=O)(=O)N(C(=O)C1C[CH-](->[Hg+2]<-[Cl-])C4CCC1O4)C3C2,CC1(C)C2CCC13CS(=O)([O-])=[N+](C(=O)C1C[CH-](->[Hg+2]<-[Cl-])C4CCC1O4)C3C2,CC1(C)C2CCC13CS(=O)([O-])=[N+](C(=O)C1C[CH-](->[Hg+2]<-[Cl-])C4CCC1O4)C3C2
BESPAQ,,C15 H12 Hg1 N2 O2 S2,0.0,O=S(=O)(N=c1scc[n-]1->[Hg+2]<-[c-]1ccccc1)c1ccccc1,O=S([O-])(=Nc1sccn1->[Hg+2]<-[c-]1ccccc1)c1ccccc1,O=S(=O)(c1ccccc1)[N-](->[Hg+2]<-[c-]1ccccc1)c1nccs1
BEVDAJ,,C14 H12 Cl2 Hg1 N2 O2,0.0,COC1=O->[Hg+2]2(<-[Cl-])(<-[Cl-])<-N(=Cc3ccccn->23)c2ccccc21,COC(=O)c1ccccc1N=Cc1ccccn1->[Hg+2](<-[Cl-])<-[Cl-],COC(=O)c1ccccc1N=Cc1ccccn1.[Cl-]->[Hg+2]<-[Cl-]
BEWFAN,S=C=[N-]->[Ni+2](<-[N-]=C=S)(<-[N-]=C=S)(<-[N-]=C=S)(<-n1ccc(-c2cc[n+](-c3cnccn3)cc2)cc1)<-n1ccc(-c2cc[n+](-c3cnccn3)cc2)cc1,C32 H22 N12 Ni1 S4,0.0,S=C=[N-]->[Ni+2](<-[N-]=C=S)(<-[N-]=C=S)(<-[N-]=C=S)(<-n1ccc(-c2cc[n+](-c3cnccn3)cc2)cc1)<-n1ccc(-c2cc[n+](-c3cnccn3)cc2)cc1,S=C=[N-]->[Ni+6](<-[N-]=C=S)(<-[N-]=C=S)(<-[N-]=C=S)(<-[N-]1C=CC(=C2C=CN(c3cnccn3)C=C2)C=C1)<-[N-]1C=CC(=C2C=CN(c3cnccn3)C=C2)C=C1,S=C=[N-]->[Ni+6](<-[N-]=C=S)(<-[N-]=C=S)(<-[N-]=C=S)(<-[N-]1C=CC(=C2C=CN(c3cnccn3)C=C2)C=C1)<-[N-]1C=CC(=C2C=CN(c3cnccn3)C=C2)C=C1
BEWZIP,CP(C)(C)->[Co+]12(<-[I-])(<-[C]3C=Cc4ccccc4/C3=N/[C]->1c1ccccc1P->2(c1ccccc1)c1ccccc1)<-P(C)(C)C,C35 H38 Co1 I1 N1 P3,0.0,CP(C)(C)->[Co+3]12(<-[I-])(<-[C-](=Nc3c4ccccc4cc[c-]->13)c1ccccc1P->2(c1ccccc1)c1ccccc1)<-P(C)(C)C,CP(C)(C)->[Co+]12(<-[I-])(<-[C]3C=Cc4ccccc4C3=N[C]->1c1ccccc1P->2(c1ccccc1)c1ccccc1)<-P(C)(C)C,CP(C)(C)->[Co+]12(<-[I-])(<-[C]3C=Cc4ccccc4C3=N[C]->1c1ccccc1P->2(c1ccccc1)c1ccccc1)<-P(C)(C)C
BEXXOU,,C26 H39 Fe1 P3 Si1,0.0,C[Si-]1(C)c2ccccc2P(c2ccccc2)(c2ccccc2)->[FeH+]<-1(<-P(C)(C)C)<-P(C)(C)C,C[Si-]1(C)c2ccccc2P(c2ccccc2)(c2ccccc2)->[FeH+]<-1(<-P(C)(C)C)<-P(C)(C)C,C[Si-]1(C)c2ccccc2P(c2ccccc2)(c2ccccc2)->[FeH+]<-1(<-P(C)(C)C)<-P(C)(C)C
BEYTOP,[Cl-]->[Zn+2](<-[Cl-])(<-O=C1C=CC=C/C1=C/N[C@]12C[C@H]3C[C@H](C[C@H](C3)C1)C2)<-O=C1C=CC=C/C1=C/N[C@]12C[C@H]3C[C@H](C[C@H](C3)C1)C2,C34 H42 Cl2 N2 O2 Zn1,0.0,[Cl-]->[Zn+2](<-[Cl-])(<-[O-]c1ccccc1C=[NH+]C12CC3CC(CC(C3)C1)C2)<-[O-]c1ccccc1C=[NH+]C12CC3CC(CC(C3)C1)C2,[Cl-]->[Zn+2](<-[Cl-])(<-O=C1C=CC=CC1=CNC12CC3CC(CC(C3)C1)C2)<-O=C1C=CC=CC1=CNC12CC3CC(CC(C3)C1)C2,[Cl-]->[Zn+2](<-[Cl-])(<-O=C1C=CC=CC1=CNC12CC3CC(CC(C3)C1)C2)<-O=C1C=CC=CC1=CNC12CC3CC(CC(C3)C1)C2
BEZMID,CC(C)c12->[Zr+4]3456789%10(<-[Cl-])(<-[Cl-])<-c%11c->3([C@@H](C)C(C)(C)C)c->4[c-]->53c->6%11[Si](C)(C)c->71[c-]->8(c->9(C(C)C)c->%102)[Si]3(C)C,C26 H42 Cl2 Si2 Zr1,0.0,CC(C(C)(C)C)c12->[Zr+4]3456789%10(<-[Cl-])(<-[Cl-])<-c1c->31c->4([cH-]->52)[Si](C)(C)c->62c->7(C(C)C)[cH-]->8c->9(C(C)C)c->%102[Si]1(C)C,CC(C(C)(C)C)c12->[Zr+4]3456789%10(<-[Cl-])(<-[Cl-])<-c1c->31[c-]->4(c->52)[Si](C)(C)[c-]->62c->7(C(C)C)c->8c->9(C(C)C)c->%102[Si]1(C)C,CC(C(C)(C)C)c12->[Zr+4]3456789%10(<-[Cl-])(<-[Cl-])<-c1c->31[c-]->4(c->52)[Si](C)(C)[c-]->62c->7(C(C)C)c->8c->9(C(C)C)c->%102[Si]1(C)C
BHNCOC,C1=C[C@H]2C[C@@H]1[C@@H]1N3=O->[Co+]<-345678(<-O=N->4[C@@H]12)<-c1c->5c->6[cH-]->7c->81,C12 H13 Co1 N2 O2,0.0,O=N1C2C3C=CC(C3)C2N(=O)->[Co+]<-12345<-c1c->2c->3[cH-]->4c->51,O=N1C2C3C=CC(C3)C2[N-]([O-])->[Co+3]<-12345<-c1c->2c->3[cH-]->4c->51,O=N1C2C3C=CC(C3)C2[N-]([O-])->[Co+3]<-12345<-c1c->2c->3[cH-]->4c->51
BIBJUS,,C13 H6 Cr1 O5,0.0,O=C1C=CC(=O)c23->[Cr]4567(<-[C-]#[O+])(<-[C-]#[O+])(<-[C-]#[O+])<-c(c->4c->52)c->6c->731,O=c1ccc(=O)c23->[Cr+2]4567(<-[C-]#[O+])(<-[C-]#[O+])(<-[C-]#[O+])<-c(c->4[cH-]->52)[cH-]->6c->71=3,O=c1ccc(=O)c23->[Cr+2]4567(<-[C-]#[O+])(<-[C-]#[O+])(<-[C-]#[O+])<-c(c->4[cH-]->52)[cH-]->6c->71=3
BIDHED,Cc1cccc(C)c1[N-]1/N=C(\N=N(\c2ccccc2)->[Rh+]<-1(<-[C-]#[O+])<-[C-]#[O+])c1ccccc1,C23 H19 N4 O2 Rh1,0.0,Cc1cccc(C)c1N1=NC(=N[N-](c2ccccc2)->[Rh+]<-1(<-[C-]#[O+])<-[C-]#[O+])c1ccccc1,Cc1cccc(C)c1[N-]1N=C(N=N(c2ccccc2)->[Rh+]<-1(<-[C-]#[O+])<-[C-]#[O+])c1ccccc1,Cc1cccc(C)c1[N-]1N=C(N=N(c2ccccc2)->[Rh+]<-1(<-[C-]#[O+])<-[C-]#[O+])c1ccccc1
BIFHII,,C27 H20 Co1 N7 O6,0.0,O=C1c2cccc3C(NCc4cccc5cccnc45)=O->[Co-]4(<-n23)(<-n2cccc3cccc(C[N-]->41)c32)(<-[N+](=O)=O)<-[N+](=O)=O,O=C1c2cccc3C(NCc4cccc5cccnc45)=O->[Co+3]4(<-N(=O)[O-])(<-N(=O)[O-])(<-n23)<-n2cccc3cccc(C[N-]->41)c32,O=C1c2cccc3C(NCc4cccc5cccnc45)=O->[Co+3]4(<-N(=O)[O-])(<-N(=O)[O-])(<-n23)<-n2cccc3cccc(C[N-]->41)c32
BIGRAL,,C14 H13 Au1 Cl1 N1 O1,0.0,CC(=O)[CH2-]->[Au+3]1(<-[Cl-])<-[c-]2ccccc2-c2ccccn->12,CC(=O)[CH2-]->[Au+3]1(<-[Cl-])<-[c-]2ccccc2-c2ccccn->12,CC(=O)[CH2-]->[Au+3]1(<-[Cl-])<-[c-]2ccccc2-c2ccccn->12
BIHKAE,OCCS(CCO)->[Ni+2](<-[Br-])(<-[Br-])<-S(CCO)CCO,C8 H20 Br2 Ni1 O4 S2,0.0,OCCS1CCO->[Ni+2]<-12(<-[Br-])(<-[Br-])<-OCCS->2CCO,OCCS1CCO->[Ni+2]<-12(<-[Br-])(<-[Br-])<-OCCS->2CCO,OCCS(CCO)->[Ni+2](<-[Br-])(<-[Br-])<-S(CCO)CCO
BIJMUD,,C28 H38 Cl2 Si2 Zr1,0.0,CC(C)(C)c12->[Zr+4]3456789(<-[Cl-])(<-[Cl-])(<-c1[cH-]->3c->41ccccc->521)<-[cH-]1c->6([Si](C)(C)C)c->72ccccc->82c->91[Si](C)(C)C,CC(C)(C)c12->[Zr+4]3456789(<-[Cl-])(<-[Cl-])(<-c1[cH-]->3c->41ccccc->521)<-c1c->6([Si](C)(C)C)c->72ccccc->82[c-]->91[Si](C)(C)C,CC(C)(C)c12->[Zr+4]3456789(<-[Cl-])(<-[Cl-])(<-c1[cH-]->3c->41ccccc->521)<-c1c->6([Si](C)(C)C)c->72ccccc->82[c-]->91[Si](C)(C)C
BIJYAV,Cc1ccc(S(=O)(=O)[N-]2CCN3CCc4ccccn4->[Cu+]<-2<-n2ccccc2CC3)cc1,C23 H27 Cu1 N4 O2 S1,0.0,Cc1ccc(S(=O)(=O)[N-]2CCN34CCc5ccccn5->[Cu+]<-2<-3<-n2ccccc2CC4)cc1,Cc1ccc(S(=O)(=O)[N-]2CCN34CCc5ccccn5->[Cu+]<-2<-3<-n2ccccc2CC4)cc1,Cc1ccc(S23(=O)[O-]->[Cu+]<-2456<-N=3CCN->4(CCc2ccccn->52)CCc2ccccn->62)cc1
BILQOC,COC[C@H]1O[C@H](OC)[C@H]2[O-]->[V+5]34(<-[O-2])(<-[O-]C(=O)C/N->3=C/c3ccccc3[O-]->4)<-O[C@H]2[C@@H]1OC,C18 H24 N1 O10 V1,0.0,COCC1OC(OC)C2[O-]->[V+5]34(<-[O-2])(<-[O-]C(=O)CN->3=Cc3ccccc3[O-]->4)<-OC2C1OC,COCC1OC(OC)C2[O-]->[V+5]34(<-[O-2])(<-[O-]C(=O)CN->3=Cc3ccccc3[O-]->4)<-OC2C1OC,COCC1OC(OC)C([O-]->[V+5]23(<-[O-2])<-[O-]C(=O)CN->2=Cc2ccccc2[O-]->3)C(O)C1OC
BINBUY,CCc1ccc2N3c4cc(C)c(C)cc4N(C(C)C)[C]3->[Ru+2]34567(<-[I-])(<-[c-]2c1)<-c1c->3c->4c->5(C)c->6c->71,C27 H31 I1 N2 Ru1,0.0,CCc1ccc2N3c4cc(C)c(C)cc4N(C(C)C)[C]3->[Ru+2]34567(<-[I-])(<-[c-]2c1)<-c1c->3c->4c->5(C)c->6c->71,CCc1ccc2N3c4cc(C)c(C)cc4N(C(C)C)[C]3->[Ru+2]34567(<-[I-])(<-[c-]2c1)<-c1c->3c->4c->5(C)c->6c->71,CCc1ccc2N3c4cc(C)c(C)cc4N(C(C)C)[C]3->[Ru+2]34567(<-[I-])(<-[c-]2c1)<-c1c->3c->4c->5(C)c->6c->71
BIPHUF,,C31 H38 Mo1 N4 O5 Si1,0.0,CC(C)N1C(c2ccccc2)=[N+](C(C)C)[Si]12(->[Mo-2](<-[C-]#[O+])(<-[C-]#[O+])(<-[C-]#[O+])(<-[C-]#[O+])<-[C-]#[O+])N(C(C)C)C(c1ccccc1)=[N+]2C(C)C,CC(C)N=C(c1ccccc1)[N+](C(C)C)=[si]1(->[Mo](<-[C-]#[O+])(<-[C-]#[O+])(<-[C-]#[O+])(<-[C-]#[O+])<-[C-]#[O+])n(C(C)C)[c-](-c2ccccc2)n1C(C)C,CC(C)N=C(c1ccccc1)N(C(C)C)[si-]1(->[Mo](<-[C-]#[O+])(<-[C-]#[O+])(<-[C-]#[O+])(<-[C-]#[O+])<-[C-]#[O+])n(C(C)C)c(-c2ccccc2)[n+]1C(C)C
BIQQEX,,C35 H30 N2 O7 P1 Re1 S1,0.0,COC(=O)C(C[SH](=O)(=O)->[Re+2]1234(<-[N-]=O)(<-c5c->1c->2[cH-]->3c->45)<-P(c1ccccc1)(c1ccccc1)c1ccccc1)N1C(=O)c2ccccc2C1=O,COC(=O)C(CS(=O)([O-])->[Re+3]1234(<-[N-]=O)(<-c5c->1c->2[cH-]->3c->45)<-P(c1ccccc1)(c1ccccc1)c1ccccc1)N1C(=O)c2ccccc2C1=O,COC(=O)C(CS(=O)([O-])->[Re+3]1234(<-[N-]=O)(<-c5c->1c->2[cH-]->3c->45)<-P(c1ccccc1)(c1ccccc1)c1ccccc1)N1C(=O)c2ccccc2C1=O
BISHIW,,C26 H41 Au1 O1 P1 1+,1.0,CO[C-2](->[Au+3]<-P(C1CCCCC1)(C1CCCCC1)C1CCCCC1)c1ccccc1,CO[C](->[Au+]<-P(C1CCCCC1)(C1CCCCC1)C1CCCCC1)c1ccccc1,CO[C](->[Au+]<-P(C1CCCCC1)(C1CCCCC1)C1CCCCC1)c1ccccc1
BITYUB,,C19 H38 B1 Cu1 N4,0.0,CC(C)N1CCN(C(C)C)[BH2-]1->[Cu+]<-[C]1N(C(C)(C)C)C=CN1C(C)(C)C,CC(C)N1CC[N+](C(C)C)=B1->[Cu-]<-[C]1N(C(C)(C)C)C=CN1C(C)(C)C,CC(C)N1CC[N+](C(C)C)=B1->[Cu-]<-[C]1N(C(C)(C)C)C=CN1C(C)(C)C
BIWJEX,O=C1[O-]->[Tc+7]2(<-[O-2])(<-[O-2])(<-[O-2])<-n3cccn3C1n1cccn->21,C8 H7 N4 O5 Tc1,0.0,O=C1[O-]->[Tc+7]2(<-[O-2])(<-[O-2])(<-[O-2])<-n3cccn3C1n1cccn->21,O=C1[O-]->[Tc+7]2(<-[O-2])(<-[O-2])(<-[O-2])<-n3cccn3C1n1cccn->21,O=C1[O-]->[Tc+7]2(<-[O-2])(<-[O-2])(<-[O-2])<-n3cccn3C1n1cccn->21
BIXDES,Cc1cccc2-c3cccc(C)n3->[Fe+2]345(<-O=C([O-]->3)C(=O)c3ccccc3)(<-O=C->4(C(=O)[O-]->5)c3ccccc3)<-n12,C28 H22 Fe1 N2 O6,0.0,Cc1cccc2-c3cccc(C)n3->[Fe+2]34(<-O=C(C(=O)[O-]->3)c3ccccc3)(<-O=C(C(=O)[O-]->4)c3ccccc3)<-n12,Cc1cccc2-c3cccc(C)n3->[Fe+2]34(<-O=C(C(=O)[O-]->3)c3ccccc3)(<-O=C(C(=O)[O-]->4)c3ccccc3)<-n12,Cc1cccc2-c3cccc(C)n3->[Fe+2]34(<-O=C(C(=O)[O-]->3)c3ccccc3)(<-O=C(C(=O)[O-]->4)c3ccccc3)<-n12
BIXZAM,C/[C-]1=N(\C(C)(C)C)->[Zr+4]<-123456789(<-[CH3-])(<-c1(C)c->2(C)c->3(C)[c-]->4(C)c->51C)<-c1(C)c->6(C)c->7(C)[c-]->8(C)c->91C,C27 H45 N1 Zr1,0.0,CC1=N(C(C)(C)C)->[Zr+3]<-123456789(<-[CH3-])(<-c1(C)c->2(C)c->3(C)[c-]->4(C)c->51C)<-c1(C)c->6(C)c->7(C)[c-]->8(C)c->91C,C[C-]1=N(C(C)(C)C)->[Zr+4]<-123456789(<-[CH3-])(<-c1(C)c->2(C)c->3(C)[c-]->4(C)c->51C)<-c1(C)c->6(C)c->7(C)[c-]->8(C)c->91C,C[C-](=NC(C)(C)C)->[Zr+4]12345678(<-[CH3-])(<-c9(C)c->1(C)c->2(C)[c-]->3(C)c->49C)<-c1(C)c->5(C)c->6(C)[c-]->7(C)c->81C
BIYNIJ,C/C1=C(/[O-]->[Co+3]23(<-[O-]/C(=C(/C)N->2=O)c2ccccc2)(<-[O-]/C(=C(/C)N->3=O)c2ccccc2)<-N1=O)c1ccccc1,C27 H24 Co1 N3 O6,0.0,CC1C(=O->[Co]23(<-O=C(C(C)=N->2[O])c2ccccc2)(<-O=C(C(C)=N->3[O])c2ccccc2)<-N=1[O])c1ccccc1,CC1=C([O-]->[Co+3]23(<-[O-]C(=C(C)N->2=O)c2ccccc2)(<-[O-]C(=C(C)N->3=O)c2ccccc2)<-N1=O)c1ccccc1,CC1=C([O-]->[Co+3]23(<-[O-]C(=C(C)N->2=O)c2ccccc2)(<-[O-]C(=C(C)N->3=O)c2ccccc2)<-N1=O)c1ccccc1
BMBUFE,Cc1c(C)c(C)c23->[Fe]45(<-[C-]#[O+])(<-[C-]#[O+])(<-[C-]#[O+])<-C(C(C)(C)C)(=C->42C(C)(C)C)c->53c1C,C23 H30 Fe1 O3,0.0,Cc1c(C)c(C)c23->[Fe]45(<-[C-]#[O+])(<-[C-]#[O+])(<-[C-]#[O+])<-C(C(C)(C)C)(=c->42c1C)C->5=3C(C)(C)C,Cc1c(C)c(C)c23->[Fe]45(<-[C-]#[O+])(<-[C-]#[O+])(<-[C-]#[O+])<-C(C(C)(C)C)(=C->42C(C)(C)C)c->53c1C,Cc1c(C)c(C)c23->[Fe]45(<-[C-]#[O+])(<-[C-]#[O+])(<-[C-]#[O+])<-C(C(C)(C)C)(=C->42C(C)(C)C)c->53c1C
BOBLIP,,C19 H38 Ir1 P1,0.0,CC(C)(C)P(C)(C(C)(C)C)->[IrH2+]1234<-c5(C)c->1(C)c->2(C)[c-]->3(C)c->45C,CC(C)(C)P(C)(C(C)(C)C)->[IrH2+]1234<-c5(C)c->1(C)c->2(C)[c-]->3(C)c->45C,CC(C)(C)P(C)(C(C)(C)C)->[IrH2+]1234<-c5(C)c->1(C)c->2(C)[c-]->3(C)c->45C
BOCPUF,CN1C=CN(C)[C]1->[Pd+2](<-[I-])(<-[I-])<-n1ccccc1,C10 H13 I2 N3 Pd1,0.0,CN1C=CN(C)[C]1->[Pd+2](<-[I-])(<-[I-])<-n1ccccc1,CN1C=CN(C)[C]1->[Pd+2](<-[I-])(<-[I-])<-n1ccccc1,CN1C=CN(C)[C]1->[Pd+2](<-[I-])(<-[I-])<-n1ccccc1
BODMOX,Cc12->[Zr+4]3456789%10(<-O=C([O-]->3)c3ccc(S)cc3)(<-[O-]C(=O)c3ccc(S)cc3)(<-c1(C)c->4(C)[c-]->5(C)c->62C)<-c1(C)c->7(C)c->8(C)[c-]->9(C)c->%101C,C34 H40 O4 S2 Zr1,0.0,fail,Cc12->[Zr+4]3456789%10%11(<-O=C->3([O-]->4)c3ccc(S)cc3)(<-[O-]C(=O)c3ccc(S)cc3)(<-c1(C)c->5(C)[c-]->6(C)c->72C)<-c1(C)c->8(C)c->9(C)[c-]->%10(C)c->%111C,Cc12->[Zr+4]3456789%10%11(<-O=C->3([O-]->4)c3ccc(S)cc3)(<-[O-]C(=O)c3ccc(S)cc3)(<-c1(C)c->5(C)[c-]->6(C)c->72C)<-c1(C)c->8(C)c->9(C)[c-]->%10(C)c->%111C
BOFFAG,Cc1cccc([N-]2/C(=N\c3cccc(C)n3->[Pd+2]<-23<-n2c(C)cccc2/N=C(/Nc2ccc(Cl)cc2)[N-]->3c2cccc(C)n2)Nc2ccc(Cl)cc2)n1,C38 H34 Cl2 N10 Pd1,0.0,Cc1cccc([N-]2C(=Nc3cccc(C)n3->[Pd+2]<-23<-n2c(C)cccc2N=C(Nc2ccc(Cl)cc2)[N-]->3c2cccc(C)n2)Nc2ccc(Cl)cc2)n1,Cc1cccc([N-]2C(=Nc3cccc(C)n3->[Pd+2]<-23<-n2c(C)cccc2N=C(Nc2ccc(Cl)cc2)[N-]->3c2cccc(C)n2)Nc2ccc(Cl)cc2)n1,Cc1cccc([N-]2C(=Nc3cccc(C)n3->[Pd+2]<-23<-n2c(C)cccc2N=C(Nc2ccc(Cl)cc2)[N-]->3c2cccc(C)n2)Nc2ccc(Cl)cc2)n1
BOFWEB,O=S1(=O)N=C([S-]->[Ni@TB16+2]23(<-S=C4c5ccccc5S(=O)(=O)[N-]->24)<-P(CCP->3(c2ccccc2)c2ccccc2)(c2ccccc2)c2ccccc2)c2ccccc21,C40 H32 N2 Ni1 O4 P2 S4,0.0,O=S1(=O)N=C([S-]->[Ni+2]2(<-[S-]C3=NS(=O)(=O)c4ccccc43)<-P(CCP->2(c2ccccc2)c2ccccc2)(c2ccccc2)c2ccccc2)c2ccccc21,O=S1(=O)N=C([S-]->[Ni+2]2(<-[S-]C3=NS(=O)(=O)c4ccccc43)<-P(CCP->2(c2ccccc2)c2ccccc2)(c2ccccc2)c2ccccc2)c2ccccc21,O=S1(=O)c2ccccc2C2=S->[Ni+2]34(<-S=C5c6ccccc6S(=O)(=O)[N-]->35)(<-[N-]21)<-P(CCP->4(c1ccccc1)c1ccccc1)(c1ccccc1)c1ccccc1
BOHDOS,Cc1cc(C)c(N2Cc3ccccc3CN(c3c(C)cc(C)cc3C)[C]2->[Ag+]<-[Br-])c(C)c1,C27 H30 Ag1 Br1 N2,0.0,Cc1cc(C)c(N2Cc3ccccc3CN(c3c(C)cc(C)cc3C)[C]2->[Ag+]<-[Br-])c(C)c1,Cc1cc(C)c(N2Cc3ccccc3CN(c3c(C)cc(C)cc3C)[C]2->[Ag+]<-[Br-])c(C)c1,Cc1cc(C)c(N2Cc3ccccc3CN(c3c(C)cc(C)cc3C)[C]2->[Ag+]<-[Br-])c(C)c1
BOJGAI,,C28 H40 Ag1 O10 1+,1.0,c1ccc2c(c1)OCCOCCOCCO1->[Ag+]3456(<-O7CCO->3CCO->4c3ccccc3O->5CCO->6CC7)<-O2CC1,[Ag+]<-O1CCOCCOCCOCCOc2ccccc21.c1ccc2c(c1)OCCOCCOCCOCCO2,[Ag+].c1ccc2c(c1)OCCOCCOCCOCCO2.c1ccc2c(c1)OCCOCCOCCOCCO2
BOJQAT,CCN1(CC)C(C)(C)/C=N(/C(C)C)->[Pd@@+2]<-1(<-[CH3-])<-[Cl-],C12 H27 Cl1 N2 Pd1,0.0,CCN1(CC)C(C)(C)C=N(C(C)C)->[Pd+2]<-1(<-[CH3-])<-[Cl-],CCN1(CC)C(C)(C)C=N(C(C)C)->[Pd+2]<-1(<-[CH3-])<-[Cl-],CCN1(CC)C(C)(C)C=N(C(C)C)->[Pd+2]<-1(<-[CH3-])<-[Cl-]
BOKQAW,CC(C)P(=[Se]->[Au+]<-[Br-])(c1cc2ccc1CCc1ccc(cc1)CC2)C(C)C,C22 H29 Au1 Br1 P1 Se1,0.0,CC(C)P(=[Se]->[Au+]<-[Br-])(c1cc2ccc1CCc1ccc(cc1)CC2)C(C)C,CC(C)P(=[Se]->[Au+]<-[Br-])(c1cc2ccc1CCc1ccc(cc1)CC2)C(C)C,CC(C)P(=[Se]->[Au+]<-[Br-])(c1cc2ccc1CCc1ccc(cc1)CC2)C(C)C
BOLLAS,CN/C1=N/[N-]2/C(C)=C(C)\N3=N\C(NCCN(C)C)=S->[Ni@SP1+2]<-3<-2<-[S-]1,C11 H21 N7 Ni1 S2,0.0,CNC1=NN2=C(C)C(C)=N3N=C(NCCN(C)C)[S-]->[Ni+2]<-2<-3<-[S-]1,CNC1=N[N-]2C(C)=C(C)N3=NC(NCCN(C)C)=S->[Ni+2]<-3<-2<-[S-]1,CNC1=N[N-]2C(C)=C(C)N3=NC(NCCN(C)C)=S->[Ni+2]<-3<-2<-[S-]1
BOLMUM,N[C](Nc1ccccn1)->[Au+]<-[Cl-],C6 H7 Au1 Cl1 N3,0.0,N[C](Nc1ccccn1)->[Au+]<-[Cl-],N[C](Nc1ccccn1)->[Au+]<-[Cl-],N[C](Nc1ccccn1)->[Au+]<-[Cl-]
BOLYEH,C=C(/C1C[c-]23->[Ti+4]456789%10(<-[Cl-])(<-[C-]=1/[Si](C)(C)C)(<-c1(C)c->4(C)c->5(C)[c-]->6(C)c->71C)<-c(C)(c->8(C)c->92C)c->%103C)[Si](C)(C)C,C30 H49 Cl1 Si2 Ti1,0.0,C=C(C1C[c-]23->[Ti+4]456789%10(<-[Cl-])(<-[C-]=1[Si](C)(C)C)(<-c1(C)c->4(C)c->5(C)[c-]->6(C)c->71C)<-c(C)(c->8(C)c->92C)c->%103C)[Si](C)(C)C,C=C(C1C[c-]23->[Ti+4]456789%10(<-[Cl-])(<-[C-]=1[Si](C)(C)C)(<-c1(C)c->4(C)c->5(C)[c-]->6(C)c->71C)<-c(C)(c->8(C)c->92C)c->%103C)[Si](C)(C)C,C=C(C1C[c-]2c(C)c(C)c(C)c2(C)->[Ti+4]2345(<-[Cl-])(<-[C-]=1[Si](C)(C)C)<-c1(C)c->2(C)c->3(C)[c-]->4(C)c->51C)[Si](C)(C)C
BONBUC,C/C1=N/P(c2ccccc2)(c2ccccc2)->[Co+3]2345(<-[I-])(<-[O-]1)<-c1c->2c->3[cH-]->4c->51,C19 H18 Co1 I1 N1 O1 P1,0.0,CC1=NP(c2ccccc2)(c2ccccc2)->[Co+3]2345(<-[I-])(<-[O-]1)<-c1c->2c->3[cH-]->4c->51,CC1=NP(c2ccccc2)(c2ccccc2)->[Co+3]2345(<-[I-])(<-[O-]1)<-c1c->2c->3[cH-]->4c->51,CC1=NP(c2ccccc2)(c2ccccc2)->[Co+3]2345(<-[I-])(<-[O-]1)<-c1c->2c->3[cH-]->4c->51
BOPPOM,CC(C)c12->[Ru+2]3456(<-[Cl-])(<-[Cl-])(<-[C-]#[N+]CC[N-][N+]#N)<-c(c->31)c->4(C)c->5c->62,C13 H18 Cl2 N4 Ru1,0.0,CC(C)c12->[Ru+2]3456(<-[Cl-])(<-[Cl-])(<-[C-]#[N+]CCN=[N+]=[N-])<-c(c->31)c->4(C)c->5c->62,CC(C)c12->[Ru+4]3456(<-[Cl-])(<-[Cl-])(<-[C-]#[N+]CCN=N[N-2])<-c(c->31)c->4(C)c->5c->62,CC(C)c12->[Ru+4]3456(<-[Cl-])(<-[Cl-])(<-[C-]#[N+]CCN=N[N-2])<-c(c->31)c->4(C)c->5c->62
BOQTIL,,C33 H29 Cl3 Hg1 O1 P2,0.0,O=C(C[P+](CP(c1ccccc1)(c1ccccc1)->[Hg+2](<-[Cl-])(<-[Cl-])<-[Cl-])(c1ccccc1)c1ccccc1)c1ccccc1,O=C(C[P+](CP(c1ccccc1)(c1ccccc1)->[Hg+2](<-[Cl-])(<-[Cl-])<-[Cl-])(c1ccccc1)c1ccccc1)c1ccccc1,O=C(C[P+](CP(c1ccccc1)c1ccccc1)(c1ccccc1)c1ccccc1)c1ccccc1.[Cl-]->[Hg+2](<-[Cl-])<-[Cl-]
BORCER,,C18 H19 Hg1 N3 O2 S1,0.0,Oc1ccccc1C=N1N=C([S-]->[Hg+2]<-1<-[c-]1ccccc1)N1CCOCC1,Oc1ccccc1C=NN=C([S-]->[Hg+2]<-[c-]1ccccc1)N1CCOCC1,Oc1ccccc1C=NN=C([S-]->[Hg+2]<-[c-]1ccccc1)N1CCOCC1
BOSYOY,CC(C)P1(c2ccccc2[B-](Cl->[Rh+]<-1234<-C1=C->2[C@H]2C[C@@H]1C->3=C->42)(C1CCCCC1)C1CCCCC1)C(C)C,C31 H48 B1 Cl1 P1 Rh1,0.0,CC(C)P1(c2ccccc2[B-](Cl->[Rh+]<-1234<-C1=C->2C2CC1C->3=C->42)(C1CCCCC1)C1CCCCC1)C(C)C,CC(C)P(c1ccccc1B(C1CCCCC1)C1CCCCC1)(C(C)C)->[Rh+]123(<-[Cl-])<-C4=C->1C1CC4C->2=C->31,CC(C)P(c1ccccc1B(C1CCCCC1)C1CCCCC1)(C(C)C)->[Rh+]123(<-[Cl-])<-C4=C->1C1CC4C->2=C->31
BOTPIK,O=[N+]([O-])C1=C/C2=C/N3=N/C(=O->[Ni@TB7]<-3(<-O=C2C=C1)<-N1CCOCC1)c1ccccc1O,C18 H18 N4 Ni1 O6,0.0,O=[N+]([O-])c1ccc2[O-]->[Ni+2]3(<-[O-]C(=NN->3=Cc2c1)c1ccccc1O)<-N1CCOCC1,O=[N+]([O-])c1ccc2[O-]->[Ni+2]3(<-[O-]C(=NN->3=Cc2c1)c1ccccc1O)<-N1CCOCC1,O=[N+]([O-])c1ccc2[O-]->[Ni+2]3(<-[O-]C(=NN->3=Cc2c1)c1ccccc1O)<-N1CCOCC1
BOVKAZ,C[C@@H]1CC(C)(C)N2->[Ni@OH7](<-O=C=O)(<-O=C=O)<-N(CCN1)C(C)(C)C[C@@H](C)NCC2,C18 H36 N4 Ni1 O4,0.0,CC1CC(C)(C)N2->[Ni+2]345(<-[O-]C(=O)C(=O)[O-]->3)<-N1CCN->4C(C)(C)CC(C)N->5CC2,CC1CC(C)(C)N2->[Ni+2]345(<-[O-]C(=O)C(=O)[O-]->3)<-N1CCN->4C(C)(C)CC(C)N->5CC2,CC1CC(C)(C)N2->[Ni]34(<-O=C=O)(<-O=C=O)<-N1CCN->3C(C)(C)CC(C)N->4CC2
BOWVEO,CN(C)C(=S->[Cd+2](<-[O-][N+](=O)[O-])(<-[O-][N+](=O)[O-])<-S=C(N(C)C)N(C)C)N(C)C,C10 H24 Cd1 N6 O6 S2,0.0,CN(C)C(=S->[Cd+2](<-[O-][N+](=O)[O-])(<-[O-][N+](=O)[O-])<-S=C(N(C)C)N(C)C)N(C)C,CN(C)C(=S->[Cd+2](<-[O-][N+](=O)[O-])(<-[O-][N+](=O)[O-])<-S=C(N(C)C)N(C)C)N(C)C,CN(C)C(=S->[Cd+2]1234(<-[O-][N+]->1(=O)[O-]->2)(<-[O-][N+]->3(=O)[O-]->4)<-S=C(N(C)C)N(C)C)N(C)C
BOYFOL,CCOC(=O)c1cccn2->[Ru+2]3(<-[Cl-])(<-[Cl-])(<-n4cccc(C(=O)OCC)c4-c12)<-n1cccc(C(=O)OCC)c1-c1c(C(=O)OCC)cccn->31,C32 H32 Cl2 N4 O8 Ru1,0.0,CCOC(=O)c1cccn2->[Ru+2]3(<-[Cl-])(<-[Cl-])(<-n4cccc(C(=O)OCC)c4-c12)<-n1cccc(C(=O)OCC)c1-c1c(C(=O)OCC)cccn->31,CCOC(=O)c1cccn2->[Ru+2]3(<-[Cl-])(<-[Cl-])(<-n4cccc(C(=O)OCC)c4-c12)<-n1cccc(C(=O)OCC)c1-c1c(C(=O)OCC)cccn->31,CCOC(=O)c1cccn2->[Ru+2]3(<-[Cl-])(<-[Cl-])(<-n4cccc(C(=O)OCC)c4-c12)<-n1cccc(C(=O)OCC)c1-c1c(C(=O)OCC)cccn->31
BPMGCO,C#CN(=O)->[Co+](<-[Cl-])(<-[CH-](C(=O)c1ccccc1)[n+]1ccccc1)(<-N(=O)C#C)(<-N(=O)C#C)<-N(=O)C#C,C21 H25 Cl1 Co1 N5 O5,0.0,CC1C(C)=N(O)->[Co+]2(<-[Cl-])(<-[CH-](C(=O)c3ccccc3)[n+]3ccccc3)(<-N=1[O])<-N([O])=C(C)C(C)=N->2O,[CH-]=C1C(=[CH-])[N-]([O-])->[Co+9]2(<-[Cl-])(<-[CH-](C(=O)c3ccccc3)[n+]3ccccc3)(<-N1=O)<-N(=O)C(=[CH-])C(=[CH-])[N-]->2[O-],C#CN(=O)->[Co+3]1(<-[Cl-])(<-[CH-](C(=O)c2ccccc2)N2C=CC=CC2O[N-]->1C#C)(<-N(=O)C#C)<-N(=O)C#C
BUBJIS,CCN(CC)Cc1cccc2CN(CC)(CC)->[Pt@+2](<-[C-]#[O+])(<-[C-](C)=O)<-[c-]12,C19 H30 N2 O2 Pt1,0.0,CCN(CC)Cc1cccc2CN(CC)(CC)->[Pt+2](<-[C-]#[O+])(<-[C-](C)=O)<-[c-]12,CCN(CC)Cc1cccc2CN(CC)(CC)->[Pt+2](<-[C-]#[O+])(<-[C-](C)=O)<-[c-]12,CCN(CC)Cc1cccc2CN(CC)(CC)->[Pt+2](<-[C-]#[O+])(<-[C-](C)=O)<-[c-]12
BUBTEY,CC(C)(C)C(=[C-]1C2#C3[C-](=C(C(C)(C)C)C(C)(C)C)->[Zr+4]<-2<-3<-1456789%10%11(<-c1c->4c->5[cH-]->6c->71)<-c1c->8c->9[cH-]->%10c->%111)C(C)(C)C,C32 H46 Zr1,0.0,CC(C)(C)C(=C1C2#C3C(=C(C(C)(C)C)C(C)(C)C)->[Zr+2]<-2<-3<-1456789%10%11(<-c1c->4c->5[cH-]->6c->71)<-c1c->8c->9[cH-]->%10c->%111)C(C)(C)C,CC(C)(C)C(=C1=C2=C3=C(=C(C(C)(C)C)C(C)(C)C)->[Zr+2]<-1<-2<-3456789%10%11(<-c1c->4c->5[cH-]->6c->71)<-c1c->8c->9[cH-]->%10c->%111)C(C)(C)C,CC(C)(C)C(=C1=C2=C3=C(=C(C(C)(C)C)C(C)(C)C)->[Zr+2]<-1<-2<-3456789%10%11(<-c1c->4c->5[cH-]->6c->71)<-c1c->8c->9[cH-]->%10c->%111)C(C)(C)C
BUCOFE,[O+]#[C-]->[Fe+2]123456(<-C=C->1C->2=C->3)<-[C-]1=C->4C->5=[C-]->6C=CC=C1,C13 H14 Fe1 O1,0.0,[O+]#[C-]->[Fe]123456(<-C=C->1C->2=C->3)<-C1=C->4C->5=C->6C=CC=C1,[O+]#[C-]->[Fe+2]123456(<-C=C->1C->2=C->3)<-c1cccc[cH-]->4[cH-]->5c->61,[O+]#[C-]->[Fe+2]123456(<-C=C->1C->2=C->3)<-c1cccc[cH-]->4[cH-]->5c->61
BUCWOL,CC1=C=C=C(C)N(->[Ni+2](<-[N-]=C=S)(<-[N-]=C=S)<-N2=CC(C)=C=C=C2C)=C1,C16 H18 N4 Ni1 S2,0.0,Cc1ccc(C)n(->[Ni+2](<-[N-]=C=S)(<-[N-]=C=S)<-n2cc(C)ccc2C)c1,CC1=C=C=C(C)N(->[Ni+2](<-[N-]=C=S)(<-[N-]=C=S)<-N2=CC(C)=C=C=C2C)=C1,CC1=C=C=C(C)N(->[Ni+2](<-[N-]=C=S)(<-[N-]=C=S)<-N2=CC(C)=C=C=C2C)=C1
BUFQOJ,O=S(=O)([O-]->[Cu+]12345<-C6=C->1/CC/C->2=C->3/CC/C->4=C->5/CC\6)C(F)(F)F,C13 H18 Cu1 F3 O3 S1,0.0,O=S(=O)([O-]->[Cu+]12345<-C6=C->1CCC->2=C->3CCC->4=C->5CC6)C(F)(F)F,O=S(=O)([O-]->[Cu+]12345<-C6=C->1CCC->2=C->3CCC->4=C->5CC6)C(F)(F)F,O=S12(=O->[Cu+]<-13(<-[O-]2)<-C1=C->3CCC=CCCC=CCC1)C(F)(F)F
BUHWEI,[Cl-]->[Ni+2]12(<-[Cl-])<-O=C(c3ccccc3P->1(c1ccccc1)c1ccccc1)c1ccccc1P->2(c1ccccc1)c1ccccc1,C37 H28 Cl2 Ni1 O1 P2,0.0,O=C1c2ccccc2P(c2ccccc2)(c2ccccc2)->[Ni+2](<-[Cl-])(<-[Cl-])<-P(c2ccccc2)(c2ccccc2)c2ccccc21,O=C1c2ccccc2P(c2ccccc2)(c2ccccc2)->[Ni+2](<-[Cl-])(<-[Cl-])<-P(c2ccccc2)(c2ccccc2)c2ccccc21,[Cl-]->[Ni+2]12(<-[Cl-])<-O=C(c3ccccc3P->1(c1ccccc1)c1ccccc1)c1ccccc1P->2(c1ccccc1)c1ccccc1
BUJMAU,CCN1Cn2c(C)cc(C)n2->[Rh+]234(<-C5=C->2/CC/C->3=C->4\CC\5)<-n2c(C)cc(C)n2C1,C22 H35 N5 Rh1 1+,1.0,CCN12Cn3c(C)cc(C)n3->[Rh+]<-1345(<-C1=C->3CCC->4=C->5CC1)<-n1c(C)cc(C)n1C2,CCN12Cn3c(C)cc(C)n3->[Rh+]<-1345(<-C1=C->3CCC->4=C->5CC1)<-n1c(C)cc(C)n1C2,CCN1Cn2c(C)cc(C)n2->[Rh+]234(<-C5=C->2CCC->3=C->4CC5)<-n2c(C)cc(C)n2C1
BUKCOA,COC(=O)[C@@H]1CC23->[Rh+]45(<-[Cl-])(<-[C-]#[O+])(<-C6=C->4c4ccccc4C(N->51)c1ccccc16)<-C=2CC=CC3,C26 H25 Cl1 N1 O3 Rh1,0.0,COC(=O)C1CC23->[Rh+]45(<-[Cl-])(<-[C-]#[O+])(<-C6=C->4c4ccccc4C(N->51)c1ccccc16)<-C=2CC=CC3,COC(=O)C1CC23->[Rh+]45(<-[Cl-])(<-[C-]#[O+])(<-C6=C->4c4ccccc4C(N->51)c1ccccc16)<-C=2CC=CC3,COC(=O)C(CC1=CCC=CC1)N1C2c3ccccc3C3->[Rh+]<-1(<-[Cl-])(<-[C-]#[O+])<-C=3c1ccccc12
BUKYIR,,C11 H7 Br2 Cl2 Hg1 N3 O1,0.0,O=C(Nc1ccc(Cl)c(Cl)c1)c1cn(->[Hg+2](<-[Br-])<-[Br-])ccn1,O=C(Nc1ccc(Cl)c(Cl)c1)c1cnccn1.[Br-]->[Hg+2]<-[Br-],O=C(Nc1ccc(Cl)c(Cl)c1)c1cnccn1.[Br-]->[Hg+2]<-[Br-]
BULWAH,CC1=CC=C/C2=C3\N=C(C(F)(F)F)N=N3->[Pt@SP3+2]3(<-n4ccccc4-c4cc(C(F)(F)F)n[n-]->34)<-[N-]12,C18 H11 F6 N7 Pt1,0.0,Cc1cccc2-c3nc(C(F)(F)F)n[n-]3->[Pt+2]3(<-n4ccccc4-c4cc(C(F)(F)F)n[n-]->34)<-n12,CC1=CC=CC2=C3N=C(C(F)(F)F)N=N3->[Pt+2]3(<-N4=NC(C(F)(F)F)=CC4=C4C=CC=C[N-]->34)<-[N-]12,CC1=CC=CC2=C3N=C(C(F)(F)F)N=N3->[Pt+2]3(<-N4=NC(C(F)(F)F)=CC4=C4C=CC=C[N-]->34)<-[N-]12
BUNMAZ,,C21 H23 Cl3 Mn1 N4,0.0,Clc1ccc(CN23CCN4Cc5ccccn5->[Mn+2]<-4<-2(<-[Cl-])(<-[Cl-])<-n2ccccc2C3)cc1,Clc1ccc(CN23CC[N-]4Cc5ccccn5->[Mn+3]<-4<-2(<-[Cl-])(<-[Cl-])<-n2ccccc2C3)cc1,Clc1ccc(CN23CC[N-]4Cc5ccccn5->[Mn+3]<-4<-2(<-[Cl-])(<-[Cl-])<-n2ccccc2C3)cc1
BUPMIK,COC(=O)/C1=C(\C(=O)OC)[C-]2(C(=O)OC)[P+](c3ccccc3)(c3ccccc3)c3cccc4ccc(C)n(->[Pd@SP1+2]<-2(<-[Br-])<-[C-]1(Br)C(=O)OC)c34,C34 H30 Br2 N1 O8 P1 Pd1,0.0,COC(=O)C1=C(C(=O)OC)[C-]2(C(=O)OC)[P](c3ccccc3)(c3ccccc3)c3cccc4ccc(C)n(->[Pd+3]<-2(<-[Br-])<-[C-]1(Br)C(=O)OC)c34,COC(=O)C1=C(C(=O)OC)[C-]2(C(=O)OC)[P+](c3ccccc3)(c3ccccc3)c3cccc4ccc(C)n(->[Pd+2]<-2(<-[Br-])<-[C-]1(Br)C(=O)OC)c34,COC(=O)C1=C(C(=O)OC)[C-]2(C(=O)OC)[P+](c3ccccc3)(c3ccccc3)c3cccc4ccc(C)n(->[Pd+2]<-2(<-[Br-])<-[C-]1(Br)C(=O)OC)c34
BURCEW,C1=CC=C2/C(=N3->[Ni+2]45<-N(=C6/C=CC=CC=C6[N-]->4CCCCC[N-]->52)/CCCCC\3)C=C1,C24 H30 N4 Ni1,0.0,C1=CC=C2C(=N3->[Ni+2]45<-N(=C6C=CC=CC=C6[N-]->4CCCCC3)CCCCC[N-]->52)C=C1,C1=CC=C2C(=N3->[Ni+2]45<-N(=C6C=CC=CC=C6[N-]->4CCCCC3)CCCCC[N-]->52)C=C1,C1=CC=C2C(=N3->[Ni+2]45<-N(=C6C=CC=CC=C6[N-]->4CCCCC3)CCCCC[N-]->52)C=C1
BUSRIR,NC(N)=S->[Cd+2](<-[O-]C(=O)c1ccccc1O)(<-[O-]C(=O)c1ccccc1O)<-S=C(N)N,C16 H18 Cd1 N4 O6 S2,0.0,fail,NC(N)=S->[Cd+2]1(<-O=C([O-]->1)c1ccccc1O)(<-[O-]C(=O)c1ccccc1O)<-S=C(N)N,NC(N)=S->[Cd+2]123(<-O=C([O-]->1)c1ccccc1O)(<-O=C->2([O-]->3)c1ccccc1O)<-S=C(N)N
BUTYEV,NC1=C([S@@](=O)C(F)(F)F)/C2=C3\N=NN=N3->[Cd+2]3(<-O)(<-O)(<-N4=NN=N/C4=C4\C([S@@](=O)C(F)(F)F)=C(N)N(c5c(Cl)cc(C(F)(F)F)cc5Cl)[N-]->34)<-[N-]2N1c1c(Cl)cc(C(F)(F)F)cc1Cl,C24 H12 Cd1 Cl4 F12 N14 O4 S2,0.0,Nc1c(S(=O)C(F)(F)F)c2-c3nnn[n-]3->[Cd+2]3(<-O)(<-O)(<-n2n1-c1c(Cl)cc(C(F)(F)F)cc1Cl)<-n1c(-c2nnn[n-]->32)c(S(=O)C(F)(F)F)c(N)n1-c1c(Cl)cc(C(F)(F)F)cc1Cl,NC1=C(S(=O)C(F)(F)F)C2=C3N=NN=N3->[Cd+2]3(<-O)(<-O)(<-N4=NN=NC4=C4C(S(=O)C(F)(F)F)=C(N)N(c5c(Cl)cc(C(F)(F)F)cc5Cl)[N-]->34)<-[N-]2N1c1c(Cl)cc(C(F)(F)F)cc1Cl,NC1=C(S(=O)C(F)(F)F)C2=C3N=NN=N3->[Cd+2]3(<-O)(<-N4=NN=NC4=C4C(S(=O)C(F)(F)F)=C(N)N(c5c(Cl)cc(C(F)(F)F)cc5Cl)[N-]->34)<-[N-]2N1c1c(Cl)cc(C(F)(F)F)cc1Cl.O
BUVCEC,COc1cccc(OC)c12-c1ccccc1P1(=C3CCCCC3)=C3(->[Cu@+]<-2<-1<-[S-]C(F)(F)F)CCCCC3,C27 H35 Cu1 F3 O2 P1 S1,0.0,COc1cccc(OC)c1-c1ccccc1P(->[Cu+]<-[S-]C(F)(F)F)(C1CCCCC1)C1CCCCC1,COc1cccc(OC)c1-c1ccccc1P(->[Cu+]<-[S-]C(F)(F)F)(=C1CCCCC1)=C1CCCCC1,COc12->[Cu+]34567(<-[S-]C(F)(F)F)<-c(c->31)c->4c->5(OC)c->62-c1ccccc1P->7(=C1CCCCC1)=C1CCCCC1
BUXMUC,CP1(c2ccccc2)c2ccccc2P(C)(c2ccccc2)->[Ru+2]<-1(<-[Cl-])(<-[Cl-])(<-[C-]#[O+])<-S(C)(C)=O,C23 H26 Cl2 O2 P2 Ru1 S1,0.0,CP1(c2ccccc2)c2ccccc2P(C)(c2ccccc2)->[Ru+2]<-1(<-[Cl-])(<-[Cl-])(<-[C-]#[O+])<-S(C)(C)=O,CP1(c2ccccc2)c2ccccc2P(C)(c2ccccc2)->[Ru+2]<-1(<-[Cl-])(<-[Cl-])(<-[C-]#[O+])<-S(C)(C)=O,CP1(c2ccccc2)c2ccccc2P(C)(c2ccccc2)->[Ru+2]<-1(<-[Cl-])(<-[Cl-])(<-[C-]#[O+])<-S(C)(C)=O
BUYZOL,O=C(c1ccccc1)c1ccccn1->[Cd+2]12(<-[O-][N+](=O)[O-]->1)(<-[O-][N+](=O)[O-]->2)<-n1ccccc1C(=O)c1ccccc1,C24 H18 Cd1 N4 O8,0.0,O=[N+]1[O-]->[Cd+2]234(<-O=C(c5ccccc5)c5ccccn->25)(<-O=C(c2ccccc2)c2ccccn->32)(<-[O-]1)<-[O-][N+](=O)[O-]->4,O=C(c1ccccc1)c1ccccn1->[Cd+2]12(<-O=C(c3ccccc3)c3ccccn->13)(<-[O-][N+](=O)[O-])<-[O-][N+](=O)[O-]->2,O=C(c1ccccc1)c1ccccn1->[Cd+2]1234(<-[O-][N+]->1(=O)[O-]->2)(<-[O-][N+]->3(=O)[O-]->4)<-n1ccccc1C(=O)c1ccccc1
BZQNIX,O=N1c2ccccc2[N-](O)->[Ni+2]<-12<-N(=O)c1ccccc1[N-]->2O,C12 H10 N4 Ni1 O4,0.0,[O]N1=C2C=CC=CC2=N(O)->[Ni]<-12<-N([O])=C1C=CC=CC1=N->2O,O=N1c2ccccc2[N-](O)->[Ni+4]<-12<-[N-]([O-])c1ccccc1[N-]->2O,O=N1c2ccccc2[N-](O)->[Ni+4]<-12<-[N-]([O-])c1ccccc1[N-]->2O
CACKID,CO->[Mo+6]12(<-[O-2])(<-[O-2])<-[O-]c3ccccc3-c3nn(-c4ccccc4)c(-c4ccccc4[O-]->1)n->23,C21 H17 Mo1 N3 O5,0.0,CO->[Mo+6]12(<-[O-2])(<-[O-2])<-[O-]c3ccccc3-c3nn(-c4ccccc4)c(-c4ccccc4[O-]->1)n->23,CO->[Mo+6]12(<-[O-2])(<-[O-2])<-[O-]c3ccccc3-c3nn(-c4ccccc4)c(-c4ccccc4[O-]->1)n->23,CO.[O-2]->[Mo+6]12(<-[O-2])<-[O-]c3ccccc3-c3nn(-c4ccccc4)c(n->13)-c1ccccc1[O-]->2
CAFJAV,CC1=N2->[Co@OH18+3]3456<-N7=C(C)N=C/C7=C/[N-]->3CCN(CC[N-]->4/C=C\2C=N1)CC[N-]->5/C=C1/C=NC(C)=N->61,C21 H27 Co1 N10,0.0,Cc1ncc2C=N3CCN4CCN5=Cc6cnc(C)[n-]6->[Co+3]<-3<-56(<-N(=Cc3cnc(C)[n-]->63)CC4)<-[n-]21,CC1=N2->[Co+3]3456<-N7=C(C)N=CC7=C[N-]->3CCN(CC[N-]->4C=C2C=N1)CC[N-]->5C=C1C=NC(C)=N->61,CC1=N2->[Co+3]3456<-N7=C(C)N=CC7=C[N-]->3CCN(CC[N-]->4C=C2C=N1)CC[N-]->5C=C1C=NC(C)=N->61
CAGROU,c1ccn2->[Fe+2]345(<-[O-]c6c(/N->3=N/c2c1)c1ccccc1c1ccccc61)<-[O-]c1c(/N->4=N/c2ccccn->52)c2ccccc2c2ccccc12,C38 H24 Fe1 N6 O2,0.0,c1ccn2->[Fe+2]345(<-[O-]c6c(N->3=Nc2c1)c1ccccc1c1ccccc61)<-[O-]c1c(N->4=Nc2ccccn->52)c2ccccc2c2ccccc12,c1cc[n-]2->[Fe+6]345(<-[O-]c6c([N-]->3N=c2c1)c1ccccc1c1ccccc61)<-[O-]c1c([N-]->4N=c2cccc[n-]->52)c2ccccc2c2ccccc12,c1cc[n-]2->[Fe+6]345(<-[O-]c6c([N-]->3N=c2c1)c1ccccc1c1ccccc61)<-[O-]c1c([N-]->4N=c2cccc[n-]->52)c2ccccc2c2ccccc12
CAHKEE,,C29 H38 Cl2 N3 O2 Rh1,0.0,CC(C)(C)OC(=O)NN[C](NC(c1ccccc1)c1ccccc1)->[Rh+3]1234(<-[Cl-])(<-[Cl-])<-c5(C)c->1(C)c->2(C)[c-]->3(C)c->45C,CC(C)(C)OC(=O)NN[C](NC(c1ccccc1)c1ccccc1)->[Rh+3]1234(<-[Cl-])(<-[Cl-])<-c5(C)c->1(C)c->2(C)[c-]->3(C)c->45C,CC(C)(C)OC(=O)NN[C](NC(c1ccccc1)c1ccccc1)->[Rh+3]1234(<-[Cl-])(<-[Cl-])<-c5(C)c->1(C)c->2(C)[c-]->3(C)c->45C
CAHZUG,,C29 H32 N1 O4 P1 Re1 1+,1.0,[CH2-2]->[Re+5]1234(<-[N-]=O)(<-c5(C)c->1(C)c->2(C)[c-]->3(C)c->45C)<-P(Oc1ccccc1)(Oc1ccccc1)Oc1ccccc1,[CH2]->[Re+3]1234(<-[N-]=O)(<-c5(C)c->1(C)c->2(C)[c-]->3(C)c->45C)<-P(Oc1ccccc1)(Oc1ccccc1)Oc1ccccc1,[CH2]->[Re+3]1234(<-[N-]=O)(<-c5(C)c->1(C)c->2(C)[c-]->3(C)c->45C)<-P(Oc1ccccc1)(Oc1ccccc1)Oc1ccccc1
CAKGEC,CO[C@@H]1CC/C2->[Pt+2]34(<-[Se-]CCN->3(C)C)<-C=2\CC[CH-]->41,C13 H25 N1 O1 Pt1 Se1,0.0,COC1CCC2->[Pt+2]34(<-[Se-]CCN->3(C)C)<-C=2CC[CH-]->41,COC1CCC2->[Pt+2]34(<-[Se-]CCN->3(C)C)<-C=2CC[CH-]->41,COC1CCC2->[Pt+2]34(<-[Se-]CCN->3(C)C)<-C=2CC[CH-]->41
CALBEW,CCN(CC)CCN->[Ni+2](<-[N-]=C=S)(<-[N-]=C=S)<-NCCN(CC)CC,C14 H32 N6 Ni1 S2,0.0,CCN1(CC)CCN->[Ni+2]<-12(<-[N-]=C=S)(<-[N-]=C=S)<-NCCN->2(CC)CC,CCN1(CC)CCN->[Ni+2]<-12(<-[N-]=C=S)(<-[N-]=C=S)<-NCCN->2(CC)CC,CCN(CC)CCN->[Ni+2](<-[N-]=C=S)(<-[N-]=C=S)<-NCCN(CC)CC
CAMCOL,[Cl-]->[Pd@OH2+2]12<-n3ccccc3CSCCS->1Cc1ccccn->21,C14 H16 Cl1 N2 Pd1 S2 1+,1.0,[Cl-]->[Pd+2]123<-n4ccccc4CS->1CCS->2Cc1ccccn->31,[Cl-]->[Pd+2]123<-n4ccccc4CS->1CCS->2Cc1ccccn->31,[Cl-]->[Pd+2]123<-n4ccccc4CS->1CCS->2Cc1ccccn->31
CAMVIV,,C12 H36 Cr1 P4,0.0,CP1(C)CCP(C)(C)->[CrH4]<-12<-P(C)(C)CCP->2(C)C,CP1(C)CCP(C)(C)->[CrH4]<-12<-P(C)(C)CCP->2(C)C,CP1(C)CCP(C)(C)->[CrH4]<-12<-P(C)(C)CCP->2(C)C
CANWOE,,C25 H33 Cl2 N1 O1 Si1 Ti1,0.0,C[N-](C)->[Ti+4]1234(<-[Cl-])(<-[Cl-])<-c5[cH-]->1c->2(C)c->3(C(O[Si](C)(C)C)(c1ccccc1)c1ccccc1)c->45C,C[N-](C)->[Ti+4]1234(<-[Cl-])(<-[Cl-])<-c5c->1c->2(C)[c-]->3(C(O[Si](C)(C)C)(c1ccccc1)c1ccccc1)c->45C,C[N-](C)->[Ti+4]1234(<-[Cl-])(<-[Cl-])<-c5c->1c->2(C)[c-]->3(C(O[Si](C)(C)C)(c1ccccc1)c1ccccc1)c->45C
CAPJEI,C/C1=C(\C)[N-](O)->[Co+3]2(<-[CH-](C)C)(<-N1=O)(<-N(=O)/C(C)=C(/C)[N-]->2O)<-n1ccccc1N,C16 H27 Co1 N6 O4,0.0,CC1C(C)=N(O)->[Co+]2(<-[CH-](C)C)(<-N=1[O])(<-N([O])=C(C)C(C)=N->2O)<-n1ccccc1N,CC1=C(C)[N-](O)->[Co+3]2(<-[CH-](C)C)(<-N1=O)(<-N(=O)C(C)=C(C)[N-]->2O)<-n1ccccc1N,CC1=C(C)[N-](O)->[Co+3]2(<-[CH-](C)C)(<-N1=O)(<-N(=O)C(C)=C(C)[N-]->2O)<-n1ccccc1N
CAQCEC,Cc1cccc2=S->[Zn+2]3(<-[O-]n12)<-[O-]n1c(C)cccc1=S->3,C12 H12 N2 O2 S2 Zn1,0.0,Cc1cccc2[S-]->[Zn]3(<-[O-][n+]12)<-[O-][n+]1c(C)cccc1[S-]->3,Cc1cccc2=S->[Zn+2]3(<-[O-]n12)<-[O-]n1c(C)cccc1=S->3,Cc1cccc2=S->[Zn+2]3(<-[O-]n12)<-[O-]n1c(C)cccc1=S->3
CARQES,Cc1nn([BH-]2n3c(C)c(Br)c(C)n3->[Ni@TB7+2](<-[Cl-])(<-n3ccccc3-c3ccccn3)<-n3c(C)c(Br)c(C)n32)c(C)c1Br,C25 H27 B1 Br3 Cl1 N8 Ni1,0.0,Cc1c(Br)c(C)[n-]2->[Ni+2]34(<-[Cl-])(<-n5ccccc5-c5ccccn->35)<-[n-]3c(C)c(Br)c(C)[n+]3[BH-]([n+]12)[n+]1c(C)c(Br)c(C)[n-]->41,Cc1c(Br)c(C)n2->[Ni+2]34(<-[Cl-])(<-n5ccccc5-c5ccccn->35)<-n3c(C)c(Br)c(C)n3[BH-](n12)n1c(C)c(Br)c(C)n->41,Cc1c(Br)c(C)n2->[Ni+2]34(<-[Cl-])(<-n5ccccc5-c5ccccn->35)<-n3c(C)c(Br)c(C)n3[BH-](n12)n1c(C)c(Br)c(C)n->41
CASZOM,,C24 H32 N7 O5 Zn1 1+,1.0,CC1(C)N([O])C2c3ccccn3->[Zn+2]34(<-[O-][N+](=O)[O-]->3)(<-N=2C1(C)C)<-N1=C(c2ccccn->42)N([O])C(C)(C)C1(C)C,CC1(C)N([O-])C2c3ccccn3->[Zn+4]34(<-[O-][N+](=O)[O-]->3)(<-N=2C1(C)C)<-N1=C(c2ccccn->42)N([O-])C(C)(C)C1(C)C,CC1(C)N([O-])C2c3ccccn3->[Zn+4]345(<-[O-][N+]->3(=O)[O-]->4)(<-N=2C1(C)C)<-N1=C(c2ccccn->52)N([O-])C(C)(C)C1(C)C
CATLAN,,C23 H24 Cl1 N4 O3 Re1,0.0,CC(C)c1cccc(C(C)C)c1-n1n[n+](C)c2-c3ccccn3->[Re](<-[Cl-])(<-[C-]#[O+])(<-[C-]#[O+])(<-[C-]#[O+])<-[c]21,CC(C)c1cccc(C(C)C)c1-n1n[n+](C)c2-c3ccccn3->[Re+](<-[Cl-])(<-[C-]#[O+])(<-[C-]#[O+])(<-[C-]#[O+])<-[c-]21,CC(C)c1cccc(C(C)C)c1-n1n[n+](C)c2-c3ccccn3->[Re+](<-[Cl-])(<-[C-]#[O+])(<-[C-]#[O+])(<-[C-]#[O+])<-[c-]21
CAVNAP,,C20 H36 Cl1 N2 O1 P1 Ru1,0.0,CCN1(CC)Cc2cccc3CP(C(C)(C)C)(C(C)(C)C)->[RuH+]<-1(<-[Cl-])(<-[C-]#[O+])<-n23,CCN1(CC)Cc2cccc3CP(C(C)(C)C)(C(C)(C)C)->[RuH+]<-1(<-[Cl-])(<-[C-]#[O+])<-n23,CCN1(CC)Cc2cccc3CP(C(C)(C)C)(C(C)(C)C)->[RuH+]<-1(<-[Cl-])(<-[C-]#[O+])<-n23
CAXFAK,CC1=O->[Rh+3]2(<-[I-])(<-[I-])(<-[O-]1)<-[C]1C(N3C=CN(C)[C]->23)=CC(C(=O)N(C(C)C)C(C)C)=CN1C,C19 H27 I2 N4 O3 Rh1,0.0,fail,CC(C)N(C(=O)C1=CN(C)[C]2->[Rh+3]34(<-[I-])(<-[I-])(<-O=C->3(C)[O-]->4)<-[C]3N(C)C=CN3C2=C1)C(C)C,CC(C)N(C(=O)C1=CN(C)[C]2->[Rh+3]34(<-[I-])(<-[I-])(<-O=C->3(C)[O-]->4)<-[C]3N(C)C=CN3C2=C1)C(C)C
CAYTEC,,C24 H33 N1 Si1 Ti1,0.0,fail,CC12->[Ti+2]3456789%10%11(<-C=C->31C->4([Si](C)(C)[c-]->51c->6(C)c->7(C)c->8(C)c->91C)=C->%10(C)C->%11=2C)<-[n-]1cccc1,CC1=C(C)C23=C->[Ti+2]<-245678(<-[n-]2cccc2)<-C3([Si](C)(C)[c-]->42c->5(C)c->6(C)c->7(C)c->82C)=C1C
CAZNEZ,,C22 H31 N3 O2 P1 Ru1 1+,1.0,CC#N->[RuH+]12(<-[C-]#[O+])<-n3c(O)cccc3-c3cccc(CP->1(C(C)(C)C)C(C)(C)C)n->23,CC#N->[RuH+]12(<-[C-]#[O+])<-n3c(O)cccc3-c3cccc(CP->1(C(C)(C)C)C(C)(C)C)n->23,CC#N->[RuH+]12(<-[C-]#[O+])<-n3c(O)cccc3-c3cccc(CP->1(C(C)(C)C)C(C)(C)C)n->23
CBZYTA,[H]1[C-](=C2C=C[CH-]C=C2)->[Ta+5]<-123456(<-[CH2-]c->21ccccc1)(<-c1c->3c->4[cH-]->5c->61)<-[cH-]1cccc1,C24 H23 Ta1,0.0,c1ccc([CH-2]->[Ta+5]23456789(<-[CH2-]c%10ccccc%10)(<-c%10c->2c->3[cH-]->4c->5%10)<-c2c->6c->7[cH-]->8c->92)cc1,c1ccc([CH]->[Ta+3]23456789(<-[CH2-]c%10ccccc%10)(<-c%10c->2c->3[cH-]->4c->5%10)<-c2c->6c->7[cH-]->8c->92)cc1,c1ccc([CH]->[Ta+3](<-[CH2-]c2ccccc2)(<-c2ccc[cH-]2)<-[cH-]2cccc2)cc1
CEBZIT,,C19 H42 Mo1 O2 P4,0.0,fail,CP(C)(C)->[MoH+]12(<-O=C->1([O-]->2)c1ccccc1)(<-P(C)(C)C)(<-P(C)(C)C)<-P(C)(C)C,CP(C)(C)->[MoH+]12(<-O=C->1([O-]->2)c1ccccc1)(<-P(C)(C)C)(<-P(C)(C)C)<-P(C)(C)C
CEDMED,,C29 H21 Mo1 N2 O2 P1,0.0,N#C[CH-]1[C-](C#N)([P+](c2ccccc2)(c2ccccc2)c2ccccc2)->[Mo+2]<-12345(<-[C-]#[O+])(<-[C-]#[O+])<-c1c->2c->3[cH-]->4c->51,[N-]=C=C1C(=C=[N-])([P+](c2ccccc2)(c2ccccc2)c2ccccc2)->[Mo+2]<-12345(<-[C-]#[O+])(<-[C-]#[O+])<-c1c->2c->3[cH-]->4c->51,[N-]=C=C1C(=C=[N-])([P+](c2ccccc2)(c2ccccc2)c2ccccc2)->[Mo+2]<-12345(<-[C-]#[O+])(<-[C-]#[O+])<-c1c->2c->3[cH-]->4c->51
CEFYOE,,C37 H38 Cl1 Ir1 N2,0.0,[Cl-]->[Ir+]123(<-[C]4N(c5ccccc5-c5ccccc5)CCCCN4c4ccccc4-c4ccccc4)<-C4=C->1CCC->2=C->3CC4,[Cl-]->[Ir+]123(<-[C]4N(c5ccccc5-c5ccccc5)CCCCN4c4ccccc4-c4ccccc4)<-C4=C->1CCC->2=C->3CC4,[Cl-]->[Ir+]123(<-[C]4N(c5ccccc5-c5ccccc5)CCCCN4c4ccccc4-c4ccccc4)<-C4=C->1CCC->2=C->3CC4
CEGREM,O=[B-]([O-]->[Pt@TB5+2]1(<-O=Bc2ccccc2)<-P(CCP->1(c1ccccc1)c1ccccc1)(c1ccccc1)c1ccccc1)c1ccccc1,C38 H34 B2 O3 P2 Pt1,0.0,c1ccc(B2OB([O-]->[Pt+2]3(<-[O-]2)<-P(CCP->3(c2ccccc2)c2ccccc2)(c2ccccc2)c2ccccc2)c2ccccc2)cc1,c1ccc([B-]2O[B-](=O->[Pt+2]3(<-O=2)<-P(CCP->3(c2ccccc2)c2ccccc2)(c2ccccc2)c2ccccc2)c2ccccc2)cc1,c1ccc([B-]2O[B-](=O->[Pt+2]3(<-O=2)<-P(CCP->3(c2ccccc2)c2ccccc2)(c2ccccc2)c2ccccc2)c2ccccc2)cc1
CEGZOE,Cc1cc(C)n2->[Re+5]3(<-[O-2])(<-[Cl-])(<-[Cl-])<-[O-]C(=O)C(n12)n1c(C)cc(C)n->31,C12 H15 Cl2 N4 O3 Re1,0.0,Cc1cc(C)[n-]2->[Re+5]3(<-[O-2])(<-[Cl-])(<-[Cl-])<-[O-]C(=O)C([n+]12)[n+]1c(C)cc(C)[n-]->31,Cc1cc(C)n2->[Re+5]3(<-[O-2])(<-[Cl-])(<-[Cl-])<-[O-]C(=O)C(n12)n1c(C)cc(C)n->31,Cc1cc(C)n2->[Re+5]3(<-[O-2])(<-[Cl-])(<-[Cl-])<-[O-]C(=O)C(n12)n1c(C)cc(C)n->31
CEHGUU,Cc12->[Ir+5]3456(<-[O-2])(<-[n-]7c(-c8cc(C(F)(F)F)cc(=O)[n-]->38)cc(C(F)(F)F)cc7=O)<-c1(C)c->4(C)[c-]->5(C)c->62C,C22 H21 F6 Ir1 N2 O3,0.0,Cc12->[Ir+3]3456(<-O)(<-[n-]7c(-c8cc(C(F)(F)F)cc(=O)[n-]->38)cc(C(F)(F)F)cc7=O)<-c1(C)c->4(C)[c-]->5(C)c->62C,Cc12->[Ir+5]3456(<-[O-2])(<-[n-]7c(-c8cc(C(F)(F)F)cc(=O)[n-]->38)cc(C(F)(F)F)cc7=O)<-c1(C)c->4(C)[c-]->5(C)c->62C,Cc12->[Ir+5]3456(<-[O-2])(<-[n-]7c(-c8cc(C(F)(F)F)cc(=O)[n-]->38)cc(C(F)(F)F)cc7=O)<-c1(C)c->4(C)[c-]->5(C)c->62C
CEJDEA,CC(C)P(C(C)C)(C(C)C)->[W]1(<-[H][H]->1)(<-[C-]#[O+])(<-[C-]#[O+])(<-[C-]#[O+])<-P(C(C)C)(C(C)C)C(C)C,C21 H44 O3 P2 W1,0.0,CC(C)P(C(C)C)(C(C)C)->[W]1(<-[H][H]->1)(<-[C-]#[O+])(<-[C-]#[O+])(<-[C-]#[O+])<-P(C(C)C)(C(C)C)C(C)C,CC(C)P(C(C)C)(C(C)C)->[WH-](<-[C-]#[O+])(<-[C-]#[O+])(<-[C-]#[O+])<-P(C(C)C)(C(C)C)C(C)C.[H+],CC(C)P(C(C)C)(C(C)C)->[WH2](<-[C-]#[O+])(<-[C-]#[O+])(<-[C-]#[O+])<-P(C(C)C)(C(C)C)C(C)C
CEKHOR,COc1ccccc1NC(=O)c1cn(->[Hg+2](<-[I-])<-[I-])ccn1,C12 H11 Hg1 I2 N3 O2,0.0,COc1ccccc1NC(=O)c1cn(->[Hg+2](<-[I-])<-[I-])ccn1,COc1ccccc1NC(=O)c1cnccn1.[I-]->[Hg+2]<-[I-],COc1ccccc1NC(=O)c1cnccn1.[I-]->[Hg+2]<-[I-]
CEKWUN,CC(C)[O-]->[Ti+4]12(<-[O-]c3cccc4ccc(-c5nc6ccccc6o5)n->1c34)(<-[O-]c1cccc3ccc(-c4nc5ccccc5o4)n->2c13)<-[O-]C(C)C,C38 H32 N4 O6 Ti1,0.0,CC(C)[O-]->[Ti+4]12(<-[O-]c3cccc4ccc(-c5nc6ccccc6o5)n->1c34)(<-[O-]c1cccc3ccc(-c4nc5ccccc5o4)n->2c13)<-[O-]C(C)C,CC(C)[O-]->[Ti+4]12(<-[O-]c3cccc4ccc(-c5nc6ccccc6o5)n->1c34)(<-[O-]c1cccc3ccc(-c4nc5ccccc5o4)n->2c13)<-[O-]C(C)C,CC(C)[O-]->[Ti+4]12(<-[O-]c3cccc4ccc(-c5nc6ccccc6o5)n->1c34)(<-[O-]c1cccc3ccc(-c4nc5ccccc5o4)n->2c13)<-[O-]C(C)C
CEMBAA,CC#N->[Cd+2]123(<-[O-][N+](=O)[O-]->1)(<-[O-][N+](=O)[O-]->2)<-N(=C\c1ccc2ccccc2n->31)/c1ccc([N+](=O)[O-])cc1,C18 H14 Cd1 N6 O8,0.0,CC#N->[Cd+2]123(<-[O-][N+](=O)[O-]->1)(<-[O-][N+](=O)[O-]->2)<-N(=Cc1ccc2ccccc2n->31)c1ccc([N+](=O)[O-])cc1,CC#N->[Cd+2]123(<-[O-][N+](=O)[O-]->1)(<-[O-][N+](=O)[O-]->2)<-N(=Cc1ccc2ccccc2n->31)c1ccc([N+](=O)[O-])cc1,CC#N->[Cd+2]1234(<-[O-][N+](=O)[O-]->1)(<-[O-][N+]->2(=O)[O-]->3)<-N(=Cc1ccc2ccccc2n->41)c1ccc([N+](=O)[O-])cc1
CENNIT,CN(C)[N-2]->[Nb+5]12(<-[Cl-])(<-[Cl-])(<-NN->1(C)C)<-N(C)(C)CCN->2(C)C,C10 H30 Cl2 N6 Nb1 1+,1.0,CN(C)[N-2]->[Nb+5]12(<-[Cl-])(<-[Cl-])(<-NN->1(C)C)<-N(C)(C)CCN->2(C)C,CN(C)[N-2]->[Nb+5]12(<-[Cl-])(<-[Cl-])(<-NN->1(C)C)<-N(C)(C)CCN->2(C)C,CN(C)[N-2]->[Nb+5]1(<-[Cl-])(<-[Cl-])(<-N(C)(C)N)<-N(C)(C)CCN->1(C)C
CEPLUE,,C15 H31 Cl3 N2 W1,0.0,CC(C)(C)C12->[W+4]34(<-[Cl-])(<-[Cl-])(<-[Cl-])(<-C=1(C)[C-]->32C)<-N(C)(C)CCN->4(C)C,CC(C)(C)C12->[W+4]34(<-[Cl-])(<-[Cl-])(<-[Cl-])(<-C=1(C)[C-]->32C)<-N(C)(C)CCN->4(C)C,CC(C)(C)C12->[W+4]34(<-[Cl-])(<-[Cl-])(<-[Cl-])(<-C=1(C)[C-]->32C)<-N(C)(C)CCN->4(C)C
CEPYAX,,C30 H48 Si2 Ti1,0.0,Cc12->[Ti+2]3456789%10(<-C(C#C[Si](C)(C)C)=C->3[Si](C)(C)C)(<-c1(C)c->4(C)[c-]->5(C)c->62C)<-c1(C)c->7(C)c->8(C)[c-]->9(C)c->%101C,Cc12->[Ti+2]3456789%10(<-C(C#C[Si](C)(C)C)#C->3[Si](C)(C)C)(<-c1(C)c->4(C)[c-]->5(C)c->62C)<-c1(C)c->7(C)c->8(C)[c-]->9(C)c->%101C,Cc12->[Ti+2]3456789%10(<-C(C#C[Si](C)(C)C)#C->3[Si](C)(C)C)(<-c1(C)c->4(C)[c-]->5(C)c->62C)<-c1(C)c->7(C)c->8(C)[c-]->9(C)c->%101C
CEQHUB,CC1C(C)=C2(C)[C-]3(C)c4ccccc4CN(Cc4ccccc4)->[Pd@TB6+2]<-2<-3(<-[Br-])<-C=1=O,C23 H26 Br1 N1 O1 Pd1,0.0,CC1=C(C)C2(C)=C3(C)c4ccccc4CN(Cc4ccccc4)->[Pd+2]<-2<-3(<-[Br-])<-[C-]1=O,CC1=C(C)C2(C)=C3(C)c4ccccc4CN(Cc4ccccc4)->[Pd+2]<-2<-3(<-[Br-])<-[C-]1=O,CC1=C(C)C2(C)=C3(C)c4ccccc4CN(Cc4ccccc4)->[Pd+2]<-2<-3(<-[Br-])<-[C-]1=O
CERJIS,,C22 H17 Mn1 O2,0.0,[O+]#[C-]->[Mn+3]1234(<-[C-]#[O+])(<-[C-2]5c6ccccc6CCc6ccccc65)<-c5c->1c->2[cH-]->3c->45,[O+]#[C-]->[Mn+]1234(<-[C-]#[O+])(<-[C]5c6ccccc6CCc6ccccc65)<-c5c->1c->2[cH-]->3c->45,[O+]#[C-]->[Mn+]1234(<-[C-]#[O+])(<-[C]5c6ccccc6CCc6ccccc65)<-c5c->1c->2[cH-]->3c->45
CERWOL,[O+]#[C-]->[Mn+](<-[C-]#[O+])(<-[C-]#[O+])(<-[C-]#[O+])(<-[C-]#[O+])<-P1([O-])Oc2ccccc2O1,C11 H4 Mn1 O8 P1,0.0,O=[PH]1(->[Mn](<-[C-]#[O+])(<-[C-]#[O+])(<-[C-]#[O+])(<-[C-]#[O+])<-[C-]#[O+])Oc2ccccc2O1,[O+]#[C-]->[Mn+](<-[C-]#[O+])(<-[C-]#[O+])(<-[C-]#[O+])(<-[C-]#[O+])<-P1([O-])Oc2ccccc2O1,[O+]#[C-]->[Mn+](<-[C-]#[O+])(<-[C-]#[O+])(<-[C-]#[O+])(<-[C-]#[O+])<-P1([O-])Oc2ccccc2O1
CESNIY,[CH3-]->[Au+3]1(<-[CH3-])<-N2=C(c3ccccc3)C=C(c3ccccc3)/C2=C2\C=CC=C[N-]->12,C23 H21 Au1 N2,0.0,[CH3-]->[Au+3]1(<-[CH3-])<-n2ccccc2-c2c(-c3ccccc3)cc(-c3ccccc3)[n-]->12,[CH3-]->[Au+3]1(<-[CH3-])<-N2=C(c3ccccc3)C=C(c3ccccc3)C2=C2C=CC=C[N-]->12,[CH3-]->[Au+3]1(<-[CH3-])<-N2=C(c3ccccc3)C=C(c3ccccc3)C2=C2C=CC=C[N-]->12
CETHAN,,C16 H19 Cl1 N5 P1 Pt1,0.0,[Cl-]->[Pt+2]1(<-[c-]2cccnc2-c2ccccn->12)<-P12CN3CN(CN(C3)C1)C2,[Cl-]->[Pt+2]1(<-[c-]2cccnc2-c2ccccn->12)<-P12CN3CN(CN(C3)C1)C2,[Cl-]->[Pt+2]1(<-[c-]2cccnc2-c2ccccn->12)<-P12CN3CN(CN(C3)C1)C2
CETYUV,,C24 H16 Mo1 O2,0.0,fail,[O+]#[C-]->[Mo+2]123456(<-[C-]#[O+])(<-c7c->1c->21ccccc->31[cH-]->47)<-c1cccc2c3ccccc3[cH-]->5c->621,[O+]#[C-]->[Mo+2]123456(<-[C-]#[O+])(<-c7c->1c->21ccccc->31[cH-]->47)<-c1cccc2c3ccccc3[cH-]->5c->621
CEVKUJ,,C18 H30 As1 Fe1 N2 O2 1+,1.0,CN(C)C(=[N+](C)C)[As-](C)->[Fe+2]1234(<-[C-]#[O+])(<-[C-]#[O+])<-c5(C)c->1(C)c->2(C)[c-]->3(C)c->45C,CN(C)C(N(C)C)=[As](C)->[Fe+2]1234(<-[C-]#[O+])(<-[C-]#[O+])<-c5(C)c->1(C)c->2(C)[c-]->3(C)c->45C,CN(C)C(N(C)C)=[As](C)->[Fe+2]1234(<-[C-]#[O+])(<-[C-]#[O+])<-c5(C)c->1(C)c->2(C)[c-]->3(C)c->45C
CEWGOD,Cc1cc(C)c([N+]#[C-]->[Pd+2](<-[Cl-])(<-[Cl-])<-[C](Nc2c(C)cc(C)cc2C)N2CCCCC2)c(C)c1,C25 H33 Cl2 N3 Pd1,0.0,Cc1cc(C)c([N+]#[C-]->[Pd+2](<-[Cl-])(<-[Cl-])<-[C](Nc2c(C)cc(C)cc2C)N2CCCCC2)c(C)c1,Cc1cc(C)c([N+]#[C-]->[Pd+2](<-[Cl-])(<-[Cl-])<-[C](Nc2c(C)cc(C)cc2C)N2CCCCC2)c(C)c1,Cc1cc(C)c([N+]#[C-]->[Pd+2](<-[Cl-])(<-[Cl-])<-[C](Nc2c(C)cc(C)cc2C)N2CCCCC2)c(C)c1
CEXGOC,CC(=O)[O-]->[Co+3]1234<-[O-]c5ccccc5/C=N->1/CCCN->2(C)CCC/N->3=C/c1ccccc1[O-]->4,C23 H28 Co1 N3 O4,0.0,CC(=O)[O-]->[Co+3]123<-[O-]c4ccccc4C=N->1CCCN(C)CCCN->2=Cc1ccccc1[O-]->3,CC(=O)[O-]->[Co+3]123<-[O-]c4ccccc4C=N->1CCCN(C)CCCN->2=Cc1ccccc1[O-]->3,CC(=O)[O-]->[Co+3]1234<-[O-]c5ccccc5C=N->1CCCN->2(C)CCCN->3=Cc1ccccc1[O-]->4
CEYCUE,[CH+]1[CH-][CH+][C-]2[CH2-]->[Hf+4]3456789%10(<-[CH2+][C-]2[CH-]1)(<-c1c->3c->4[cH-]->5c->61)<-c1c->7c->8[cH-]->9c->%101,C18 H18 Hf1,0.0,c1ccc2[CH2-]->[Hf+4]3456789%10(<-[CH2-]c2c1)(<-c1c->3c->4[cH-]->5c->61)<-c1c->7c->8[cH-]->9c->%101,c1ccc2=C->[Hf+2]3456789%10(<-C=c2c1)(<-c1c->3c->4[cH-]->5c->61)<-c1c->7c->8[cH-]->9c->%101,c1ccc2=C->[Hf+2]3456789%10(<-C=c2c1)(<-c1c->3c->4[cH-]->5c->61)<-c1c->7c->8[cH-]->9c->%101
CEZLIF,O=C(N/N(=C/c1ccc2cccc(O)c2n1)->[Zn+2](<-[Cl-])<-[Cl-])c1ccco1,C15 H11 Cl2 N3 O3 Zn1,0.0,O=C(NN1=Cc2ccc3cccc(O)c3n2->[Zn+2]<-1(<-[Cl-])<-[Cl-])c1ccco1,O=C(NN1=Cc2ccc3cccc(O)c3n2->[Zn+2]<-1(<-[Cl-])<-[Cl-])c1ccco1,O=C(NN1=Cc2ccc3cccc(O)c3n2->[Zn+2]<-1(<-[Cl-])<-[Cl-])c1ccco1
CEZVUB,C[C@@H]1CC2(=C->[Pd+2]<-2(<-[Cl-])(<-[Cl-])<-P1(c1ccccc1)c1ccccc1)N(C)C,C19 H24 Cl2 N1 P1 Pd1,0.0,CC1CC([CH2-]->[Pd+2](<-[Cl-])(<-[Cl-])<-P1(c1ccccc1)c1ccccc1)=[N+](C)C,CC1CC(=C->[Pd+2](<-[Cl-])(<-[Cl-])<-P1(c1ccccc1)c1ccccc1)N(C)C,CC1CC2(=C->[Pd+2]<-2(<-[Cl-])(<-[Cl-])<-P1(c1ccccc1)c1ccccc1)N(C)C
CIBDUN,,C6 H5 Br2 Hg1 N1 O3,0.0,O=C([O-]->[Hg+2](<-[Br-])<-[Br-])c1[nH+]cccc1O,O=C([O-])c1[nH+]cccc1O.[Br-]->[Hg+2]<-[Br-],O=C([O-])c1[nH+]cccc1O.[Br-]->[Hg+2]<-[Br-]
CICDIE,,C24 H29 Fe1 N1 O1 P2 S1,0.0,fail,CP(C)(C)->[Fe]12(<-[C-]#[O+])(<-S=C3C=CC=CC3=C3C=CC=C(c4ccccn->14)[C]->23)<-P(C)(C)C,CP(C)(C)->[Fe]12(<-[C-]#[O+])(<-S=C3C=CC=CC3=C3C=CC=C(c4ccccn->14)[C]->23)<-P(C)(C)C
CIDMAF,,C22 H16 F2 Hg1 I2 N6 O2,0.0,O=C(Nc1ccccc1F)c1cn(->[Hg+2](<-[I-])(<-[I-])<-n2ccnc(C(=O)Nc3ccccc3F)c2)ccn1,O=C(Nc1ccccc1F)c1cnccn1.O=C(Nc1ccccc1F)c1cnccn1.[I-]->[Hg+2]<-[I-],O=C(Nc1ccccc1F)c1cnccn1.O=C(Nc1ccccc1F)c1cnccn1.[I-]->[Hg+2]<-[I-]
CIFBID,C[Si](C)(C)c1cc[cH-](->[Hg+2]<-[cH-]2ccc([Si](C)(C)C)c2)c1,C16 H26 Hg1 Si2,0.0,C[Si](C)(C)[c-]1(->[Hg+2]<-[c-]2([Si](C)(C)C)cccc2)cccc1,C[Si](C)(C)[c-]1(->[Hg+2]<-[c-]2([Si](C)(C)C)cccc2)cccc1,C[Si](C)(C)[c-]1(->[Hg+2]<-[c-]2([Si](C)(C)C)cccc2)cccc1
CIFWIZ,Cc1ccccc1N1[C](->[Ru+4]2(<-[Cl-])(<-[Cl-])<-[CH-]=C3C=C[CH-]C=C3O->2C(C)C)N(c2ccccc2C)[C@@H](c2ccccc2)[C@H]1c1ccccc1,C39 H38 Cl2 N2 O1 Ru1,0.0,Cc1ccccc1N1[C](->[Ru+4]2(<-[Cl-])(<-[Cl-])<-[CH-2]c3ccccc3O->2C(C)C)N(c2ccccc2C)C(c2ccccc2)C1c1ccccc1,Cc1ccccc1N1[C](->[Ru+2]2(<-[Cl-])(<-[Cl-])<-[CH]c3ccccc3O->2C(C)C)N(c2ccccc2C)C(c2ccccc2)C1c1ccccc1,Cc1ccccc1N1[C](->[Ru+2]2(<-[Cl-])(<-[Cl-])<-[CH]c3ccccc3O->2C(C)C)N(c2ccccc2C)C(c2ccccc2)C1c1ccccc1
CIGZAT,C[b-]12->[V+]3456(<-[C-]#[O+])(<-[C-]#[O+])(<-[C-]#[O+])(<-[C-]#[O+])<-c(c->3c->41)c->5c->62,C10 H8 B1 O4 V1,0.0,fail,C[b-]12->[V+]3456(<-[C-]#[O+])(<-[C-]#[O+])(<-[C-]#[O+])(<-[C-]#[O+])<-c(c->3c->41)c->5c->62,C[b-]12->[V+3]345678(<-[C-]#[O+])(<-[C-](=O)C->3(=O)[C-]->4=O)<-c(c->5c->61)c->7c->82
CIHYUP,CN1(C)CCN(C)(C)->[Pt+2]<-1(<-[O-][N+](=O)[O-])<-S(C)(C)=O,C8 H22 N3 O4 Pt1 S1 1+,1.0,CN1(C)CCN(C)(C)->[Pt+2]<-1(<-[O-][N+](=O)[O-])<-S(C)(C)=O,CN1(C)CCN(C)(C)->[Pt+2]<-1(<-[O-][N+](=O)[O-])<-S(C)(C)=O,CN1(C)CCN(C)(C)->[Pt+2]<-1(<-[O-][N+](=O)[O-])<-S(C)(C)=O
CIJQAO,C[CH2-]->[Hg+2]<-S=c1n([BH-](n2ccn(C(C)(C)C)c2=S)n2ccn(C(C)(C)C)c2=S)ccn1C(C)(C)C,C23 H39 B1 Hg1 N6 S3,0.0,C[CH2-]->[Hg+2]<-S=c1n([BH-](n2ccn(C(C)(C)C)c2=S)n2ccn(C(C)(C)C)c2=S)ccn1C(C)(C)C,C[CH2-]->[Hg+2]<-S=c1n([BH-](n2ccn(C(C)(C)C)c2=S)n2ccn(C(C)(C)C)c2=S)ccn1C(C)(C)C,C[CH2-]->[Hg+2]<-S=c1n([BH-](n2ccn(C(C)(C)C)c2=S)n2ccn(C(C)(C)C)c2=S)ccn1C(C)(C)C
CIKTAU,,C24 H27 Br1 N4 Pd1,0.0,CCN1C=CN2c3cccc4C5=N(->[Pd+2](<-[Br-])(<-[C]12)<-[c-]43)C(C(C)C)CN5c1ccc(C)cc1,CCN1C=CN2c3cccc4C5=N(->[Pd+2](<-[Br-])(<-[C]12)<-[c-]43)C(C(C)C)CN5c1ccc(C)cc1,CCN1C=CN2c3cccc4C5=N(->[Pd+2](<-[Br-])(<-[C]12)<-[c-]43)C(C(C)C)CN5c1ccc(C)cc1
CIMLIU,,C25 H42 Cl1 N2 Rh1,0.0,[Cl-]->[Rh+]123(<-[C]4N(C5CCCCC5)CCCCN4C4CCCCC4)<-C4=C->1CCC->2=C->3CC4,[Cl-]->[Rh+]123(<-[C]4N(C5CCCCC5)CCCCN4C4CCCCC4)<-C4=C->1CCC->2=C->3CC4,[Cl-]->[Rh+]123(<-[C]4N(C5CCCCC5)CCCCN4C4CCCCC4)<-C4=C->1CCC->2=C->3CC4
CINCUA,[O+]#[C-]->[Fe+2]12345(<-[C]6N(Cc7ccccc7)c7ccccc7N6Cc6ccccn->16)<-c1c->2c->3[cH-]->4c->51,C26 H22 Fe1 N3 O1 1+,1.0,[O+]#[C-]->[Fe+2]12345(<-[C]6N(Cc7ccccc7)c7ccccc7N6Cc6ccccn->16)<-c1c->2c->3[cH-]->4c->51,[O+]#[C-]->[Fe+2]12345(<-[C]6N(Cc7ccccc7)c7ccccc7N6Cc6ccccn->16)<-c1c->2c->3[cH-]->4c->51,[O+]#[C-]->[Fe+2]12345(<-[C]6N(Cc7ccccc7)c7ccccc7N6Cc6ccccn->16)<-c1c->2c->3[cH-]->4c->51
CIPFUC,c1ccc(P(=S->[Cu+]2<-S=NS[S-]->2)(c2ccccc2)c2ccccc2)cc1,C18 H15 Cu1 N1 P1 S4,0.0,c1ccc([P+](=S->[Cu+2]2<-[S-][N-]S[S-]->2)(c2ccccc2)c2ccccc2)cc1,c1ccc(P(=S->[Cu+]2<-S=NS[S-]->2)(c2ccccc2)c2ccccc2)cc1,S=P(->[Cu+]<-S=NS[S-])(c1ccccc1)(c1ccccc1)c1ccccc1
CIRPAU,C/[C-]1=[C-](\C)->[Re+7]<-12(<-[O-2])(<-[I-])<-[C-](/C)=[C-]->2/C,C8 H12 I1 O1 Re1,0.0,CC1#C(C)->[Re+3]<-12(<-[O-2])(<-[I-])<-C(C)#C->2C,CC1#C(C)->[Re+3]<-12(<-[O-2])(<-[I-])<-C(C)#C->2C,CC1#C(C)->[Re+3]<-12(<-[O-2])(<-[I-])<-C(C)#C->2C
CISJUL,CSC1=S->[Ni@SP1+2]23<-[O-]c4ccc(/N=N/c5ccc(Cl)cc5)cc4/C=N->2/CC[N-]->3C2=C1CCC2,C22 H21 Cl1 N4 Ni1 O1 S2,0.0,CSC1[S-]->[Ni+2]23<-[O-]c4ccc(N=Nc5ccc(Cl)cc5)cc4C=N->2CCN->3=C2CCCC=12,CSC1=S->[Ni+2]23<-[O-]c4ccc(N=Nc5ccc(Cl)cc5)cc4C=N->2CC[N-]->3C2=C1CCC2,CSC1=S->[Ni+2]23<-[O-]c4ccc(N=Nc5ccc(Cl)cc5)cc4C=N->2CC[N-]->3C2=C1CCC2
CITFUI,[Cl-]->[Pd+2](<-[Cl-])(<-[C-]#[N+]C1CCCCC1)<-[C](NN=C(c1ccccc1)c1ccccc1)NC1CCCCC1,C27 H34 Cl2 N4 Pd1,0.0,[Cl-]->[Pd+2](<-[Cl-])(<-[C-]#[N+]C1CCCCC1)<-[C](NN=C(c1ccccc1)c1ccccc1)NC1CCCCC1,[Cl-]->[Pd+2](<-[Cl-])(<-[C-]#[N+]C1CCCCC1)<-[C](NN=C(c1ccccc1)c1ccccc1)NC1CCCCC1,[Cl-]->[Pd+2](<-[Cl-])(<-[C-]#[N+]C1CCCCC1)<-[C](NN=C(c1ccccc1)c1ccccc1)NC1CCCCC1
CIVQAB,,C37 H27 B1 F8 N4 O2 Pd1,0.0,fail,Cc1cccc(C)c1N1C2=c3ccccc3=N3->[Pd+2]4(<-O=C(C=C([O-]->4)C(F)(F)F)C(F)(F)F)<-N(=C4C(=C23)N(c2ccccc24)[B-]1(F)F)c1c(C)cccc1C,Cc1cccc(C)c1N1C2=c3ccccc3=N3->[Pd+2]4(<-O=C(C=C([O-]->4)C(F)(F)F)C(F)(F)F)<-N(=C4C(=C23)N(c2ccccc24)[B-]1(F)F)c1c(C)cccc1C
CIWKAX,,C24 H16 Cd1 Cl2 N4 O8,0.0,[O-][Cl+3]([O-])([O-])[O-]->[Cd+2]12(<-[O-][Cl+3]([O-])([O-])[O-])(<-n3cccc4ccc5cccn->1c5c43)<-n1cccc3ccc4cccn->2c4c31,[O-2].[O-2].[O-2].[O-2].[O-2]->[Cd+14]12(<-[O-2])(<-n3cccc4ccc5cccn->1c5c43)<-n1cccc3ccc4cccn->2c4c31.[O-]Cl.[O-]Cl,[O-2].[O-2].[O-2]->[Cd+14]12(<-[O-2])(<-[O-2])(<-[O-2])(<-n3cccc4ccc5cccn->1c5c43)<-n1cccc3ccc4cccn->2c4c31.[O-]Cl.[O-]Cl
CIXGIA,,C22 H12 Br1 N4 O3 Re1,0.0,[O+]#[C-]->[Re+]1(<-[Br-])(<-[C-]#[O+])(<-[C-]#[O+])<-n2cccc3c4nc(-c5ccccc5)[nH]c4c4cccn->1c4c32,[O+]#[C-]->[Re+]1(<-[Br-])(<-[C-]#[O+])(<-[C-]#[O+])<-n2cccc3c4nc(-c5ccccc5)[nH]c4c4cccn->1c4c32,[O+]#[C-]->[Re+]1(<-[Br-])(<-[C-]#[O+])(<-[C-]#[O+])<-n2cccc3c4nc(-c5ccccc5)[nH]c4c4cccn->1c4c32
CIYBAO,,C34 H34 N4 O2 Pd1,0.0,CC1=C(C(=O)c2ccc(C)cc2)C(C)=N2->[Pd+2]34<-N(=C(C)C(C(=O)c5ccc(C)cc5)=C(C)[N-]->3CC[N-]->41)c1ccccc12,CC1=C(C(=O)c2ccc(C)cc2)C(C)=N2->[Pd+2]34<-N(=C(C)C(C(=O)c5ccc(C)cc5)=C(C)[N-]->3c3ccccc32)CC[N-]->41,CC1=C(C(=O)c2ccc(C)cc2)C(C)=N2->[Pd+2]34<-N(=C(C)C(C(=O)c5ccc(C)cc5)=C(C)[N-]->3c3ccccc32)CC[N-]->41
CIYWOZ,COc1ccc([C@@H]2C[C@H]3P(=S->[Pd+2](<-[Cl-])(<-[Cl-])<-P(c4ccccc4)(c4ccccc4)[C@@H]3O2)(c2ccccc2)c2ccccc2)cc1,C35 H32 Cl2 O2 P2 Pd1 S1,0.0,COc1ccc(C2CC3P(=S->[Pd+2](<-[Cl-])(<-[Cl-])<-P(c4ccccc4)(c4ccccc4)C3O2)(c2ccccc2)c2ccccc2)cc1,COc1ccc(C2CC3P(=S->[Pd+2](<-[Cl-])(<-[Cl-])<-P(c4ccccc4)(c4ccccc4)C3O2)(c2ccccc2)c2ccccc2)cc1,COc1ccc(C2CC3P4(=S->[Pd+2]<-4(<-[Cl-])(<-[Cl-])<-P(c4ccccc4)(c4ccccc4)C3O2)(c2ccccc2)c2ccccc2)cc1
CIZWEO,CP1(C)CCP(C)(C)->[Fe+2]<-123(<-[N-]([C+]1[CH+][CH+][CH+][CH-][CH-]1)[N-]->2[C-]1[CH+][CH+][CH-][CH-][CH-]1)<-P(C)(C)CCP->3(C)C,C24 H42 Fe1 N2 P4,0.0,CP1(C)CCP(C)(C)->[Fe]<-123(<-N(c1ccccc1)=N->2c1ccccc1)<-P(C)(C)CCP->3(C)C,CP1(C)CCP(C)(C)->[Fe]<-123(<-N(c1ccccc1)=N->2c1ccccc1)<-P(C)(C)CCP->3(C)C,CP1(C)CCP(C)(C)->[Fe]<-123(<-N(c1ccccc1)=N->2c1ccccc1)<-P(C)(C)CCP->3(C)C
COBFEE,CCN1Cn2c(C)cc(C)n2->[Ni@OH7+2](<-[O-][N+](=O)[O-])(<-[O-][N+](=O)[O-])<-n2c(C)cc(C)n2C1,C14 H23 N7 Ni1 O6,0.0,CCN12Cn3c(C)cc(C)n3->[Ni+2]<-13(<-[O-][N+](=O)[O-])(<-[O-][N+](=O)[O-]->3)<-n1c(C)cc(C)n1C2,CCN12Cn3c(C)cc(C)n3->[Ni+2]<-13(<-[O-][N+](=O)[O-])(<-[O-][N+](=O)[O-]->3)<-n1c(C)cc(C)n1C2,CCN1Cn2c(C)cc(C)n2->[Ni+2](<-[O-][N+](=O)[O-])(<-[O-][N+](=O)[O-])<-n2c(C)cc(C)n2C1
COBWUN,Cc1ccc(C(=O)[O-]->[Cd+2](<-[O-]C(=O)c2ccc(C)cc2)(<-n2[nH]c(C)cc2C)<-n2[nH]c(C)cc2C)cc1,C26 H30 Cd1 N4 O4,0.0,fail,Cc1ccc(C2=O->[Cd+2]3(<-O=C([O-]->3)c3ccc(C)cc3)(<-[O-]2)(<-n2[nH]c(C)cc2C)<-n2[nH]c(C)cc2C)cc1,Cc1ccc(C23=O->[Cd+2]<-245(<-O=C->4([O-]->5)c2ccc(C)cc2)(<-[O-]3)(<-n2[nH]c(C)cc2C)<-n2[nH]c(C)cc2C)cc1
COCTOF,CCCCN1C=c2ccccc2=C(c2ccccc2)[C](->[W](<-[C-]#[O+])(<-[C-]#[O+])(<-[C-]#[O+])(<-[C-]#[O+])<-[C-]#[O+])[C@@H]1C1CC1,C28 H25 N1 O5 W1,0.0,CCCC[N+]1=Cc2ccccc2C(c2ccccc2)=[C-](->[W](<-[C-]#[O+])(<-[C-]#[O+])(<-[C-]#[O+])(<-[C-]#[O+])<-[C-]#[O+])C1C1CC1,CCCCN1C=c2ccccc2=C(c2ccccc2)[C](->[W](<-[C-]#[O+])(<-[C-]#[O+])(<-[C-]#[O+])(<-[C-]#[O+])<-[C-]#[O+])C1C1CC1,CCCCN1C=c2ccccc2=C(c2ccccc2)[C](->[W](<-[C-]#[O+])(<-[C-]#[O+])(<-[C-]#[O+])(<-[C-]#[O+])<-[C-]#[O+])C1C1CC1
CODWAU,,C24 H37 N1 Ni1 P2,0.0,CC(C)P1(c2ccccc2[N-]2c3ccccc3P(C(C)C)(C(C)C)->[NiH+]<-2<-1)C(C)C,CC(C)P1(c2ccccc2[N-]2c3ccccc3P(C(C)C)(C(C)C)->[NiH+]<-2<-1)C(C)C,CC(C)P1(c2ccccc2[N-]2c3ccccc3P(C(C)C)(C(C)C)->[NiH+]<-2<-1)C(C)C
COFDUX,CC#N->[Rh+3]1(<-[I-])(<-[I-])(<-N#CC)<-[c-]2c[n+](CCCC)c(-c3ccccc3)n2Cn2c(-c3ccccc3)[n+](CCCC)c[c-]->12,C31 H38 I2 N6 Rh1 1+,1.0,CC#N->[Rh+]1(<-[I-])(<-[I-])(<-N#CC)<-[c]2c[n+](CCCC)c(-c3ccccc3)n2C[n+]2c(-c3ccccc3)n(CCCC)c[c]->12,CC#N->[Rh+3]1(<-[I-])(<-[I-])(<-N#CC)<-[c-]2c[n+](CCCC)c(-c3ccccc3)n2C[n+]2c(-c3ccccc3)n(CCCC)c[c-]->12,CC#N->[Rh+3]1(<-[I-])(<-[I-])(<-N#CC)<-[c-]2c[n+](CCCC)c(-c3ccccc3)n2C[n+]2c(-c3ccccc3)n(CCCC)c[c-]->12
COFPIX,CCCN1c2ccccc2S#C1->[Pd+2](<-[Br-])(<-[Br-])<-n1ccccc1,C15 H16 Br2 N2 Pd1 S1,0.0,fail,CCCN1c2ccccc2S#C1->[Pd+2](<-[Br-])(<-[Br-])<-n1ccccc1,CCCN1c2ccccc2S#C1->[Pd+2](<-[Br-])(<-[Br-])<-n1ccccc1
COFVOJ,C/C1=C/C(C)=N2/c3ccccc3/[C-](=N/c3c(C)cccc3C)->[Pd@OH20+2]<-2(<-[C-]#[N+]c2c(C)cccc2C)<-[O-]1,C29 H29 N3 O1 Pd1,0.0,CC1=CC(C)=N2c3ccccc3[C-](=Nc3c(C)cccc3C)->[Pd+2]<-2(<-[C-]#[N+]c2c(C)cccc2C)<-[O-]1,CC1=CC(C)=O->[Pd]2(<-[C-]#[N+]c3c(C)cccc3C)<-C(=Nc3c(C)cccc3C)=C3C=CC=CC3=N->21,CC1=CC(C)=O->[Pd]2(<-[C-]#[N+]c3c(C)cccc3C)<-C(=Nc3c(C)cccc3C)=C3C=CC=CC3=N->21
COHMIW,CN[C](NCCO)->[Au+]<-[C](NC)NCCO,C8 H20 Au1 N4 O2 1+,1.0,CN[C](NCCO)->[Au+]<-[C](NC)NCCO,CN[C](NCCO)->[Au+]<-[C](NC)NCCO,CN[C](NCCO)->[Au+]<-[C](NC)NCCO
COJJAP,CS[C+]1[N-][N-]2->[Ni@SP1+2]34<-[N-]1[N-][C+]([C+]1[CH+][CH-][CH+][CH+][CH-]1)[C+]([C-]1[CH+][CH+][CH-][CH-][CH-]1)[N-]->3[N-][C-](SC)[N-]->4[N-][C+](C)C[C+]2[C+]1[CH+][CH+][CH+][CH-][CH-]1,C28 H26 N8 Ni1 S2,0.0,CSC1=NN2->[Ni+2]34<-N(=C(c5ccccc5)C(c5ccccc5)=N[N-]->31)N=C(SC)[N-]->4N=C(C)CC=2c1ccccc1,CS[C+]1[N-][N-]2->[Ni+2]34<-[N-]1[N-][C+](C)C[C+](c1ccccc1)[N-]->3[N-][C+](SC)[N-]->4[N-][C+](c1ccccc1)[C-]2[C+]1[CH+][CH-][CH+][CH-][CH+]1,CS[C+]1[N-][N-]2->[Ni+2]34<-[N-]1[N-][C+](C)C[C+](c1ccccc1)[N-]->3[N-][C+](SC)[N-]->4[N-][C+](c1ccccc1)[C-]2[C+]1[CH+][CH-][CH+][CH-][CH+]1
COJWAA,,C12 H36 B1 Br2 N1 P3 Rh1 Si1,0.0,C[Si](C)(C)[N+]#B->[Rh+](<-[Br-])(<-[Br-])(<-P(C)(C)C)(<-P(C)(C)C)<-P(C)(C)C,C[Si](C)(C)[N+]#B->[Rh+](<-[Br-])(<-[Br-])(<-P(C)(C)C)(<-P(C)(C)C)<-P(C)(C)C,C[Si](C)(C)[N+]#B->[Rh+](<-[Br-])(<-[Br-])(<-P(C)(C)C)(<-P(C)(C)C)<-P(C)(C)C
COLFIU,CCOC(=S)[S-]->[Cd+2](<-[S-]C(=S)OCC)<-[S-]C(=S)OCC,C9 H15 Cd1 O3 S6 1-,-1.0,fail,CCOC1=S->[Cd+2]23(<-S=C(OCC)[S-]->2)(<-S=C(OCC)[S-]->3)<-[S-]1,CCOC1=S->[Cd+2]23(<-S=C(OCC)[S-]->2)(<-S=C(OCC)[S-]->3)<-[S-]1
COMCUC,S=C1[S-]->[Pd@SP3+2]2(<-[S-]C(=S)P->2(C2CCCCC2)[C@H]2CC=CCC2)<-P1(C1CCCCC1)C1CCCCC1,C26 H44 P2 Pd1 S4,0.0,S=C1[S-]->[Pd+2]2(<-[S-]C(=S)P->2(C2CCCCC2)C2CCCCC2)<-P1(C1CCCCC1)C1CCCCC1,S=C1[S-]->[Pd]2(<-[S-]C(=S)P->2(C2C[CH+]CCC2)C2CCCCC2)<-P1(C1C[CH+]CCC1)C1CCCCC1,S=C1[S-]->[Pd+2]2(<-[S-]C(=S)P->2(C2CCCCC2)C2CCCCC2)<-P1(C1CC=CCC1)C1CCCCC1
COMYIN,,C25 H40 B1 Ir1 N6 O2,0.0,CCCO[C-2]1C2C[CH2-]->[Ir+5]<-134(<-[O-]C2CC)<-n1c(C)cc(C)n1[BH-](n1c(C)cc(C)n->31)n1c(C)cc(C)n->41,CCC[O+]=[C-]1C2C[CH2-]->[Ir+3]<-134(<-[O-]C2CC)<-n1c(C)cc(C)n1[BH-](n1c(C)cc(C)n->31)n1c(C)cc(C)n->41,CCC[O+]=[C-]1C2C[CH2-]->[Ir+3]<-134(<-[O-]C2CC)<-n1c(C)cc(C)n1[BH-](n1c(C)cc(C)n->31)n1c(C)cc(C)n->41
CONTEG,,C26 H30 Cl1 N3 Ru1,0.0,CC(C)c12->[RuH]3456(<-[Cl-])(<-[c]7c(-c8ccccc8)[n+](C)nn7Cc7ccccc7)<-c(c->31)c->4(C)c->5c->62,CC(C)c12->[RuH+]3456(<-[Cl-])(<-[c-]7c(-c8ccccc8)[n+](C)nn7Cc7ccccc7)<-c(c->31)c->4(C)c->5c->62,CC(C)c12->[RuH+]3456(<-[Cl-])(<-[c-]7c(-c8ccccc8)[n+](C)nn7Cc7ccccc7)<-c(c->31)c->4(C)c->5c->62
COPPUT,C/C1=C(\C)[N-](O)->[Co+3]234(<-O=N->2[O-]->3)(<-N1=O)(<-N(=O)/C(C)=C(/C)[N-]->4O)<-n1ccc(Br)cc1,C13 H18 Br1 Co1 N6 O6,0.0,CC1C(C)=N(O)->[Co-]2(<-N=1[O])(<-N([O])=C(C)C(C)=N->2O)(<-n1ccc(Br)cc1)<-[N+](=O)=O,CC1=C(C)[N-](O)->[Co+3]2(<-N(=O)[O-])(<-N1=O)(<-N(=O)C(C)=C(C)[N-]->2O)<-n1ccc(Br)cc1,CC1=C(C)[N-](O)->[Co+3]2(<-N(=O)[O-])(<-N1=O)(<-N(=O)C(C)=C(C)[N-]->2O)<-n1ccc(Br)cc1
COPTIL,CN(C)C=O->[Mo+6]12(<-[O-2])(<-[O-2])<-[O-]c3c(Br)cc(Cl)cc3/C=N->1/N=C(/NC(c1ccccc1)(c1ccccc1)c1ccccc1)[S-]->2,C30 H26 Br1 Cl1 Mo1 N4 O4 S1,0.0,CN(C)C=O->[Mo+6]12(<-[O-2])(<-[O-2])<-[O-]c3c(Br)cc(Cl)cc3C=N->1N=C(NC(c1ccccc1)(c1ccccc1)c1ccccc1)[S-]->2,CN(C)C=O->[Mo+6]12(<-[O-2])(<-[O-2])<-[O-]c3c(Br)cc(Cl)cc3C=N->1N=C(NC(c1ccccc1)(c1ccccc1)c1ccccc1)[S-]->2,CN(C)[C-]1[O-]->[Mo+6]23(<-[O-2])(<-[O-]c4c(Br)cc(Cl)cc4C=N->2N=C(NC(c2ccccc2)(c2ccccc2)c2ccccc2)[S-]->3)<-[O-]1.[H+]
CORBER,,C32 H19 O3 Re1,0.0,[O+]#[C-]->[Re+]1234(<-[C-]#[O+])(<-[C-]#[O+])<-c5c->1(C16c7ccccc7C(c7ccccc71)c1ccccc16)[cH-]->2c->31ccccc->451,[O+]#[C-]->[Re+]1234(<-[C-]#[O+])(<-[C-]#[O+])<-c5c->1(C16c7ccccc7C(c7ccccc71)c1ccccc16)[cH-]->2c->31ccccc->451,[O+]#[C-]->[Re+]1234(<-[C-]#[O+])(<-[C-]#[O+])<-c5c->1(C16c7ccccc7C(c7ccccc71)c1ccccc16)[cH-]->2c->31ccccc->451
CORLUS,,C21 H17 Cd1 N3 O4,0.0,fail,CC1=O->[Cd+2]23(<-O)(<-[O-]1)<-n1cccc4cccc([N-]->2C(=O)c2ccc5ccccc5n->32)c41,CC12=O->[Cd+2]<-134(<-O)(<-[O-]2)<-n1cccc2cccc([N-]->3C(=O)c3ccc5ccccc5n->43)c21
COSBIX,[Cl-]->[Fe+2]12345(<-[Cl-])<-C(/c6ccccn->16)=N->2\c1ccccc1/N->3=C->4/c1ccccn->51,C18 H14 Cl2 Fe1 N4,0.0,[Cl-]->[Fe+2]123(<-[Cl-])<-N(=Cc4ccccn->14)c1ccccc1N->2=Cc1ccccn->31,[Cl-]->[Fe+2]123(<-[Cl-])<-N(=Cc4ccccn->14)c1ccccc1N->2=Cc1ccccn->31,[Cl-]->[Fe+2]123(<-[Cl-])<-N(=Cc4ccccn->14)c1ccccc1N->2=Cc1ccccn->31
COSSOS,,C9 H10 Cl2 O2 W1,0.0,CCC1=O->[W+3]<-12345(<-[Cl-])(<-[Cl-])(<-[C-]#[O+])<-c1c->2c->3[cH-]->4c->51,CC[C-]1=O->[W+4]<-12345(<-[Cl-])(<-[Cl-])(<-[C-]#[O+])<-c1c->2c->3[cH-]->4c->51,CC[C-]1=O->[W+4]<-12345(<-[Cl-])(<-[Cl-])(<-[C-]#[O+])<-c1c->2c->3[cH-]->4c->51
COTSOU,O=C1[O-]->[Co+3]2(<-[O-]C(=O)c3ccccn->23)(<-N(=O)[O-])(<-N(=O)[O-])<-n2ccccc21,C12 H8 Co1 N4 O8 1-,-1.0,O=C1[O-]->[Co-]2(<-[O-]C(=O)c3ccccn->23)(<-n2ccccc21)(<-[N+](=O)=O)<-[N+](=O)=O,O=C1[O-]->[Co+3]2(<-[O-]C(=O)c3ccccn->23)(<-N(=O)[O-])(<-N(=O)[O-])<-n2ccccc21,O=C1[O-]->[Co+3]2(<-[O-]C(=O)c3ccccn->23)(<-N(=O)[O-])(<-N(=O)[O-])<-n2ccccc21
COXCOI,,C29 H31 O5 Re1,0.0,CC12CCC(=O)C=C1CCC1C2CCC2(C)C1CCC2(O)C#Cc12->[Re+]345(<-[C-]#[O+])(<-[C-]#[O+])(<-[C-]#[O+])<-c(c->3[cH-]->41)c->52,CC12CCC(=O)C=C1CCC1C2CCC2(C)C1CCC2(O)C#C[c-]12->[Re+]345(<-[C-]#[O+])(<-[C-]#[O+])(<-[C-]#[O+])<-c(c->3c->41)c->52,CC12CCC(=O)C=C1CCC1C2CCC2(C)C1CCC2(O)C#C[c-]12->[Re+]345(<-[C-]#[O+])(<-[C-]#[O+])(<-[C-]#[O+])<-c(c->3c->41)c->52
COZHAA,C=CCCc1ccc(/N2=C/c3ccccc3[O-]->[Pd+2]<-23<-[O-]c2ccccc2/C=N->3/c2ccc(CCC=C)cc2)cc1,C34 H36 N2 O2 Pd1,0.0,CCCCc1ccc(N2=Cc3ccccc3[O-]->[Pd+2]<-23<-[O-]c2ccccc2C=N->3c2ccc(CCCC)cc2)cc1,[CH]CCCc1ccc(N2=Cc3ccccc3[O-]->[Pd+2]<-23<-[O-]c2ccccc2C=N->3c2ccc(CCC[CH])cc2)cc1,[CH]CCCc1ccc(N2=Cc3ccccc3[O-]->[Pd+2]<-23<-[O-]c2ccccc2C=N->3c2ccc(CCC[CH])cc2)cc1
CPBUMO,CC(C)(C)C(=[N-]->[Mo+2]1234(<-[C-]#[O+])(<-[C-]#[O+])<-c5c->1c->2[cH-]->3c->45)C(C)(C)C,C16 H23 Mo1 N1 O2,0.0,CC(C)(C)C(=[N-]->[Mo+2]1234(<-[C]#[O+])(<-[C]#[O+])<-c5c->1c->2[cH-]->3c->45)C(C)(C)C,CC(C)(C)C(=[N-]->[Mo+2]1234(<-[C-]#[O+])(<-[C-]#[O+])<-c5c->1c->2[cH-]->3c->45)C(C)(C)C,CC(C)(C)C(=[N-]->[Mo+2]1234(<-[C-]#[O+])(<-[C-]#[O+])<-c5c->1c->2[cH-]->3c->45)C(C)(C)C
CPIFEF,[O+]#[C-]->[Fe+2]123456(<-N=C->1(/N=[C-]->2/C(F)(F)F)C(F)(F)F)<-c1c->3c->4[cH-]->5c->61,C10 H6 F6 Fe1 N2 O1,0.0,[O+]#[C-]->[Fe+2]12345(<-N=C(N=[C-]->1C(F)(F)F)C(F)(F)F)<-c1c->2c->3[cH-]->4c->51,[O+]#[C-]->[Fe+2]12345(<-N=C(N=[C-]->1C(F)(F)F)C(F)(F)F)<-c1c->2c->3[cH-]->4c->51,[O+]#[C-]->[Fe+2]12345(<-N=C(N=[C-]->1C(F)(F)F)C(F)(F)F)<-c1c->2c->3[cH-]->4c->51
CPTICB,c1ccc([C-]2=C3([CH2-]->[Ti+4]<-2<-3456789%10%11(<-c2c->4c->5[cH-]->6c->72)<-c2c->8c->9[cH-]->%10c->%112)c2ccccc2)cc1,C25 H22 Ti1,0.0,c1ccc(C2[CH2-]->[Ti+4]3456789%10(<-[C-]=2c2ccccc2)(<-c2c->3c->4[cH-]->5c->62)<-c2c->7c->8[cH-]->9c->%102)cc1,c1ccc(C2[CH2-]->[Ti+4]3456789%10(<-[C-]=2c2ccccc2)(<-c2c->3c->4[cH-]->5c->62)<-c2c->7c->8[cH-]->9c->%102)cc1,c1ccc(C2[CH2-]->[Ti+4]3456789%10(<-[C-]=2c2ccccc2)(<-c2c->3c->4[cH-]->5c->62)<-c2c->7c->8[cH-]->9c->%102)cc1
CUBDOS,[O+]#[C-]->[Fe]1(<-[C-]#[O+])(<-[C-]#[O+])(<-C=C->1)<-P(c1ccccc1)(c1ccccc1)c1ccccc1,C23 H19 Fe1 O3 P1,0.0,[O+]#[C-]->[Fe+2]1(<-[C-]#[O+])(<-[C-]#[O+])(<-[CH2-][CH2-]->1)<-P(c1ccccc1)(c1ccccc1)c1ccccc1,[O+]#[C-]->[Fe]1(<-[C-]#[O+])(<-[C-]#[O+])(<-C=C->1)<-P(c1ccccc1)(c1ccccc1)c1ccccc1,[O+]#[C-]->[Fe]1(<-[C-]#[O+])(<-[C-]#[O+])(<-C=C->1)<-P(c1ccccc1)(c1ccccc1)c1ccccc1
CUCREY,CC1=O->[Cd+2]2(<-O=C(C)[O-]->2)(<-[O-]1)(<-n1cccnc1C(N)=O)<-n1cccnc1C(N)=O,C14 H16 Cd1 N6 O6,0.0,CC(=O)[O-]->[Cd+2]12(<-O=C(N)c3ncccn->13)(<-O=C(N)c1ncccn->21)<-[O-]C(C)=O,CC(=O)[O-]->[Cd+2]12(<-O=C(N)c3ncccn->13)(<-O=C(N)c1ncccn->21)<-[O-]C(C)=O,CC12=O->[Cd+2]<-134(<-O=C->3(C)[O-]->4)(<-[O-]2)(<-n1cccnc1C(N)=O)<-n1cccnc1C(N)=O
CUDCAH,,C18 H13 I1 N4 Pd1,0.0,[I-]->[Pd+2]12<-[c-]3ccccc3N=N->1c1ccccc1N->2=Nc1ccccc1,[I-]->[Pd+6]12<-[C]3[CH-][CH-][CH+][CH-][C+]3[N-][N-]->1c1ccccc1[N-]->2[N-]c1ccccc1,[I-]->[Pd+6]12<-[C]3[CH-][CH-][CH+][CH-][C+]3[N-][N-]->1c1ccccc1[N-]->2[N-]c1ccccc1
CUDQUN,,C12 H8 Hg1 I2 N2,0.0,[I-]->[Hg+2]1(<-[I-])<-n2cccc3ccc4cccn->1c4c32,[I-]->[Hg+2]1(<-[I-])<-n2cccc3ccc4cccn->1c4c32,[I-]->[Hg+2]<-[I-].c1cnc2c(c1)ccc1cccnc12
CUFREC,,C33 H33 Mo1 N1 O1 P2,0.0,CN1CP(c2ccccc2)(c2ccccc2)->[MoH+]2345(<-[C-]#[O+])(<-c6c->2c->3[cH-]->4c->56)<-P(C1)(c1ccccc1)c1ccccc1,CN1CP(c2ccccc2)(c2ccccc2)->[MoH+]2345(<-[C-]#[O+])(<-c6c->2c->3[cH-]->4c->56)<-P(C1)(c1ccccc1)c1ccccc1,CN1CP(c2ccccc2)(c2ccccc2)->[MoH+]2345(<-[C-]#[O+])(<-c6c->2c->3[cH-]->4c->56)<-P(C1)(c1ccccc1)c1ccccc1
CUGWUX,C[Si](C)(C)N([B-]1=C(->[Pt+2](<-[Cl-])(<-P(C)(C)C)<-P(C)(C)C)=C1c1ccccc1)[Si](C)(C)C,C20 H41 B1 Cl1 N1 P2 Pt1 Si2,0.0,C[Si](C)(C)[N+](=[b-]1c(-c2ccccc2)[c-]1->[Pt+2](<-[Cl-])(<-P(C)(C)C)<-P(C)(C)C)[Si](C)(C)C,C[Si](C)(C)N([B-]1=C(->[Pt+2](<-[Cl-])(<-P(C)(C)C)<-P(C)(C)C)=C1c1ccccc1)[Si](C)(C)C,C[Si](C)(C)N([B-]1=C(->[Pt+2](<-[Cl-])(<-P(C)(C)C)<-P(C)(C)C)=C1c1ccccc1)[Si](C)(C)C
CUJHOF,,C22 H41 N1 O3 P2 Ru1,0.0,CC(C)(C)P1(Oc2cccc3OP(C(C)(C)C)(C(C)(C)C)->[RuH2]<-1(<-[C-]#[O+])<-n23)C(C)(C)C,CC(C)(C)P1(Oc2cccc3OP(C(C)(C)C)(C(C)(C)C)->[RuH2]<-1(<-[C-]#[O+])<-n23)C(C)(C)C,CC(C)(C)P1(Oc2cccc3OP(C(C)(C)C)(C(C)(C)C)->[RuH2]<-1(<-[C-]#[O+])<-n23)C(C)(C)C
CUKLEZ,C[CH2-]->[Co+3]12(<-N(=O)/C(C)=C(/C)[N-]->1O)(<-N(=O)/C(C)=C(/C)[N-]->2O)<-[P@TB5](c1ccccc1)(c1ccccc1)c1ccccc1,C28 H34 Co1 N4 O4 P1,0.0,C[CH2-]->[Co+]12(<-N([O])=C(C)C(C)=N->1O)(<-N([O])=C(C)C(C)=N->2O)<-P(c1ccccc1)(c1ccccc1)c1ccccc1,C[CH2-]->[Co+3]12(<-N(=O)C(C)=C(C)[N-]->1O)(<-N(=O)C(C)=C(C)[N-]->2O)<-P(c1ccccc1)(c1ccccc1)c1ccccc1,C[CH2-]->[Co+3]12(<-N(=O)C(C)=C(C)[N-]->1O)(<-N(=O)C(C)=C(C)[N-]->2O)<-P(c1ccccc1)(c1ccccc1)c1ccccc1
CUMMIH,CO->[Mo+6]12(<-[O-2])(<-[O-2])<-[O-]c3ccccc3/C=N->1/c1ncccc1[O-]->2,C13 H12 Mo1 N2 O5,0.0,CO->[Mo+6]12(<-[O-2])(<-[O-2])<-[O-]c3ccccc3C=N->1c1ncccc1[O-]->2,CO->[Mo+6]12(<-[O-2])(<-[O-2])<-[O-]c3ccccc3C=N->1c1ncccc1[O-]->2,CO->[Mo+6]12(<-[O-2])(<-[O-2])<-[O-]c3ccccc3C=N->1c1ncccc1[O-]->2
CUNLOO,CC#N->[Ni+2]1(<-N#CC)<-[c-]2c3cccc2CN(C(C)(C)C)Cc2cccc(n->12)CN(C(C)(C)C)C3,C27 H38 N5 Ni1 1+,1.0,CC#N->[Ni+2]123(<-N#CC)<-[c-]4c5cccc4CN->1(C(C)(C)C)Cc1cccc(n->21)CN->3(C(C)(C)C)C5,CC#N->[Ni+2]1(<-N#CC)<-[c-]2c3cccc2CN(C(C)(C)C)Cc2cccc(n->12)CN(C(C)(C)C)C3,CC#N->[Ni+2]1(<-N#CC)<-[c-]2c3cccc2CN(C(C)(C)C)Cc2cccc(n->12)CN(C(C)(C)C)C3
CUQNUY,COC(=O)c1nnn(Cc2ccccc2)[c-]1->[Au+]<-P(c1ccccc1)(c1ccccc1)c1ccccc1,C29 H25 Au1 N3 O2 P1,0.0,COC(=O)c1nnn(Cc2ccccc2)[c]1->[Au]<-P(c1ccccc1)(c1ccccc1)c1ccccc1,COC(=O)c1nnn(Cc2ccccc2)[c-]1->[Au+]<-P(c1ccccc1)(c1ccccc1)c1ccccc1,COC(=O)c1nnn(Cc2ccccc2)[c-]1->[Au+]<-P(c1ccccc1)(c1ccccc1)c1ccccc1
CUQWAN,C/C=C1\c2ccccc2[C@@H](N->[Pd+2]23(<-[Cl-])<-C4(CC)=C->2(CC)[C-]->3(CC)[C@]1(CC)[C@@H]4CC)C(=O)OC,C27 H40 Cl1 N1 O2 Pd1,0.0,fail,CC=C1c2ccccc2C(N->[Pd+2]23(<-[Cl-])<-C4(CC)=C->2(CC)[C-]->3(CC)C(CC)C14CC)C(=O)OC,CC=C1c2ccccc2C(N->[Pd+2]23(<-[Cl-])<-C4(CC)=C->2(CC)[C-]->3(CC)C(CC)C14CC)C(=O)OC
CUSBID,N#C/C1[S-]->[Mo+4]2(<-[O-2])(<-[S-]\C=1C#N)(<-[Se-]c1ccccc1)<-n1ccccc1-c1ccccn->21,C20 H13 Mo1 N4 O1 S2 Se1 1-,-1.0,N#CC1[S-]->[Mo+4]2(<-[O-2])(<-[S-]C=1C#N)(<-[Se-]c1ccccc1)<-n1ccccc1-c1ccccn->21,N#CC1[S-]->[Mo+4]2(<-[O-2])(<-[S-]C=1C#N)(<-[Se-]c1ccccc1)<-n1ccccc1-c1ccccn->21,N#CC1[S-]->[Mo+4]2(<-[O-2])(<-[S-]C=1C#N)(<-[Se-]c1ccccc1)<-n1ccccc1-c1ccccn->21
CUTDAY,,C29 H50 Cl1 Ir1 N2 P2,0.0,CC(C)(C)P1(Cc2cccc3CP(C(C)(C)C)(C(C)(C)C)->[IrH+2]<-1(<-[Cl-])(<-[c-]23)<-n1ccc(N)cc1)C(C)(C)C,CC(C)(C)P1(Cc2cccc3CP(C(C)(C)C)(C(C)(C)C)->[IrH+2]<-1(<-[Cl-])(<-[c-]23)<-n1ccc(N)cc1)C(C)(C)C,CC(C)(C)P1(Cc2cccc3CP(C(C)(C)C)(C(C)(C)C)->[IrH+2]<-1(<-[Cl-])(<-[c-]23)<-n1ccc(N)cc1)C(C)(C)C
CUWCUT,C1\[S-]->[Au+3]2(<-[S-]/C=C(/[S-]->2)c2ccc3ccccc3c2)<-[S-]\C=1c1ccc2ccccc2c1,C24 H16 Au1 S4 1-,-1.0,fail,C1[S-]->[Au+3]2(<-[S-]C=C([S-]->2)c2ccc3ccccc3c2)<-[S-]C=1c1ccc2ccccc2c1,C1[S-]->[Au+3]2(<-[S-]C=C([S-]->2)c2ccc3ccccc3c2)<-[S-]C=1c1ccc2ccccc2c1
CUXSAP,Cc1cccc[c-]1->[Pt@OH4+2]12<-c3(C)c(CN->1(C)C)cccc3CN->2(C)C,C20 H29 N2 Pt1 1+,1.0,fail,Cc1cccc[c-]1->[Pt+2]12<-c3(C)c(CN->1(C)C)cccc3CN->2(C)C,Cc1cccc[c-]1->[Pt+2]12<-c3(C)c(CN->1(C)C)cccc3CN->2(C)C
CUZGAF,COC(=O)[CH-]1C(=O)[CH-](C(=O)OC)->[Pd+2]<-12<-n1ccccc1-c1ccccn->21,C17 H16 N2 O5 Pd1,0.0,COC(=O)[CH-]1C(=O)[CH-](C(=O)OC)->[Pd+2]<-12<-n1ccccc1-c1ccccn->21,COC(=O)[CH-]1C2(=O)[CH-](C(=O)OC)->[Pd+2]<-1<-23<-n1ccccc1-c1ccccn->31,COC(=O)[CH-]1C2(=O)[CH-]3C(=O)(OC)->[Pd+2]<-1<-3<-24<-n1ccccc1-c1ccccn->41
DABLIC,CCO->[Co+3]12(<-[C-]3=CC[C@@H]4C(=O)OC(=O)[C@]4(C)C3)(<-N(=O)/C(C)=C(/C)[N-]->1O)<-N(=O)/C(C)=C(/C)[N-]->2O,C19 H29 Co1 N4 O8,0.0,CCO->[Co+3]12(<-[C-]3=CCC4C(=O)OC(=O)C4(C)C3)(<-N([O])=C(C)C(C)=N->1O)<-[N-]([O])C(C)=C(C)[N-]->2O,CCO->[Co+3]12(<-[C-]3=CCC4C(=O)OC(=O)C4(C)C3)(<-N(=O)C(C)=C(C)[N-]->1O)<-N(=O)C(C)=C(C)[N-]->2O,CCO->[Co+3]12(<-[C-]3=CCC4C(=O)OC(=O)C4(C)C3)(<-N(=O)C(C)=C(C)[N-]->1O)<-N(=O)C(C)=C(C)[N-]->2O
DADNIG,CN1C=CN(C)[C]1->[Rh+]123(<-[Se-]C#N)<-C4=C->1/CC/C->2=C->3\CC\4,C14 H20 N3 Rh1 Se1,0.0,CN1C=CN(C)[C]1->[Rh]123(<-[Se]=C=[N])<-C4=C->1CCC->2=C->3CC4,CN1C=CN(C)[C]1->[Rh+]123(<-[Se-]C#N)<-C4=C->1CCC->2=C->3CC4,CN1C=CN(C)[C]1->[Rh+]123(<-[Se-]C#N)<-C4=C->1CCC->2=C->3CC4
DAGHEY,,C12 H30 Cd1 N5 O4 1+,1.0,O=[N+]1[O-]->[Cd+2]234(<-O)(<-[O-]1)<-N1CCCN->2CCCN->3CCCN->4CCC1,O=[N+]([O-])[O-]->[Cd+2]123(<-O)<-N4CCCN->1CCCN->2CCCN->3CCC4,O.O=[N+]12->[Cd+2]345(<-[O-]1)(<-[O-]2)<-N1CCCN->3CCCN->4CCCN->5CCC1
DAHCAQ,C1=CC=C2/C(=N3->[Ni@TB10+2]45<-N(=C6/C=CC=CC=C6[N-]->4CCCCC[N-]->52)/CCCC\3)C=C1,C23 H28 N4 Ni1,0.0,C1=CC=C2C(=N3->[Ni+2]45<-N(=C6C=CC=CC=C6[N-]->4CCCC3)CCCCC[N-]->52)C=C1,C1=CC=C2C(=N3->[Ni+2]45<-N(=C6C=CC=CC=C6[N-]->4CCCCC[N-]->52)CCCC3)C=C1,C1=CC=C2C(=N3->[Ni+2]45<-N(=C6C=CC=CC=C6[N-]->4CCCCC[N-]->52)CCCC3)C=C1
DAHRUC,O=C1[O-]->[Mo+6]23(<-[O-2])(<-[S-][S-]->2)(<-[S-][S-]->3)<-n2cccnc21,C5 H3 Mo1 N2 O3 S4 1-,-1.0,O=C1[O-]->[Mo+6]23(<-[O-2])(<-[S-][S-]->2)(<-[S-][S-]->3)<-n2cccnc21,O=C1[O-]->[Mo+2]23(<-[O-2])(<-S=S->2)(<-S=S->3)<-n2cccnc21,O=C1[O-]->[Mo+2]23(<-[O-2])(<-S=S->2)(<-S=S->3)<-n2cccnc21
DAHYES,COc1cccc(/C=N2/CC/N(=C/c3cccc(OC)c3OC)->[Hg+2]<-2(<-[I-])<-[I-])c1OC,C20 H24 Hg1 I2 N2 O4,0.0,COc1cccc(C=N2CCN(=Cc3cccc(OC)c3OC)->[Hg+2]<-2(<-[I-])<-[I-])c1OC,COc1cccc(C=N2CCN(=Cc3cccc(OC)c3OC)->[Hg+2]<-2(<-[I-])<-[I-])c1OC,COc1cccc(C=NCCN=Cc2cccc(OC)c2OC)c1OC.[I-]->[Hg+2]<-[I-]
DAJKAD,Cn1ccn2->[Zn@TB13+2]3(<-[O-]C(=O)c4ccccc4)<-n4ccn(C)c4S[C-](Sc12)Sc1n(C)ccn->31,C20 H20 N6 O2 S3 Zn1,0.0,Cn1ccn2->[Zn+2]34(<-[O-]C(=O)c5ccccc5)<-n5ccn(C)c5S[C-]->3(Sc12)Sc1n(C)ccn->41,Cn1ccn2->[Zn+2]3(<-[O-]C(=O)c4ccccc4)<-n4ccn(C)c4S[C-](Sc12)Sc1n(C)ccn->31,Cn1ccn2->[Zn+2]3456(<-O=C->3([O-]->4)c3ccccc3)<-n3ccn(C)c3S[C-]->5(Sc12)Sc1n(C)ccn->61
DAJLOS,Cn1ccn2->[Zn+2]3(<-[O-]c4ccc([N+](=O)[O-])cc4)<-n4ccn(C)c4S[C-](Sc12)Sc1n(C)ccn->31,C19 H19 N7 O3 S3 Zn1,0.0,Cn1ccn2->[Zn+2]34(<-[O-]c5ccc([N+](=O)[O-])cc5)<-n5ccn(C)c5S[C-]->3(Sc12)Sc1n(C)ccn->41,Cn1ccn2->[Zn+2]3(<-[O-]c4ccc([N+](=O)[O-])cc4)<-n4ccn(C)c4S[C-](Sc12)Sc1n(C)ccn->31,Cn1ccn2->[Zn+2]34(<-[O-]c5ccc([N+](=O)[O-])cc5)<-n5ccn(C)c5S[C-]->3(Sc12)Sc1n(C)ccn->41
DAJSOW,C[C@@]12CC[C@H]3c4ccc(C#C[c-]56->[Mn+]789(<-[C-]#[O+])(<-[C-]#[O+])(<-[C-]#[O+])<-c(c->7c->85)c->96)cc4CC[C@@H]3[C@H]1CCC2=O,C28 H25 Mn1 O4,0.0,CC12CCC3c4ccc(C#Cc56->[Mn+]789(<-[C-]#[O+])(<-[C-]#[O+])(<-[C-]#[O+])<-c(c->7[cH-]->85)c->96)cc4CCC3C1CCC2=O,CC12CCC3c4ccc(C#C[c-]56->[Mn+]789(<-[C-]#[O+])(<-[C-]#[O+])(<-[C-]#[O+])<-c(c->7c->85)c->96)cc4CCC3C1CCC2=O,CC12CCC3c4ccc(C#C[c-]56->[Mn+]789(<-[C-]#[O+])(<-[C-]#[O+])(<-[C-]#[O+])<-c(c->7c->85)c->96)cc4CCC3C1CCC2=O
DAKGUT,Cc1ccc2N3C=CN(C)[C]3->[Ir+3]34(<-[C]5N(C)C=CN5c5ccc(C)c[c-]->35)(<-[c-]2c1)<-n1cc(C)cc(C)c1-c1ccn[n-]->41,C32 H32 Ir1 N7,0.0,Cc1ccc2N3C=CN(C)[C]3->[Ir+3]34(<-[C]5N(C)C=CN5c5ccc(C)c[c-]->35)(<-[c-]2c1)<-n1cc(C)cc(C)c1-c1ccn[n-]->41,Cc1ccc2N3C=CN(C)[C]3->[Ir+3]34(<-[C]5N(C)C=CN5c5ccc(C)c[c-]->35)(<-[c-]2c1)<-n1cc(C)cc(C)c1-c1ccn[n-]->41,Cc1ccc2N3C=CN(C)[C]3->[Ir+3]34(<-[C]5N(C)C=CN5c5ccc(C)c[c-]->35)(<-[c-]2c1)<-n1cc(C)cc(C)c1-c1ccn[n-]->41
DALDUR,CC(C)c12->[Os+2]34567(<-[I-])(<-c(c->31)c->4(C)c->5c->62)<-N(=N\c1ccc(Br)cn->71)/c1ccccc1,C21 H22 Br1 I1 N3 Os1 1+,1.0,CC(C)c12->[Os+2]34567(<-[I-])(<-c(c->31)c->4(C)c->5c->62)<-N(=Nc1ccc(Br)cn->71)c1ccccc1,CC(C)c12->[Os+2]34567(<-[I-])(<-c(c->31)c->4(C)c->5c->62)<-N(=Nc1ccc(Br)cn->71)c1ccccc1,Cc1ccc2(C(C)C)->[Os+2]3(<-[I-])(<-c2c1)<-N(=Nc1ccc(Br)cn->31)c1ccccc1
DALHOQ,COC(=O)c1c(C(=O)OC)c2(C(=O)OC)->[Rh+]3456(<-n7cccn7[BH-](n7cccn->37)n3cccn->43)<-c1(C(=O)OC)c->5(C(=O)OC)c->62C(=O)OC,C27 H28 B1 N6 O12 Rh1,0.0,fail,COC(=O)C1=C(C(=O)OC)[C-]2(C(=O)OC)->[Rh+3]3456(<-n7cccn7[BH-](n7cccn->37)n3cccn->43)<-C(C(=O)OC)(=C->52C(=O)OC)[C-]->61C(=O)OC,COC(=O)C1=C(C(=O)OC)[C-]2(C(=O)OC)->[Rh+3]3456(<-n7cccn7[BH-](n7cccn->37)n3cccn->43)<-C(C(=O)OC)(=C->52C(=O)OC)[C-]->61C(=O)OC
DALSEP,CC[C@H](C)[C@H]1C(=O)[O-]->[V+5]2(<-[O-2])(<-[O-]C)(<-[O-]c3ccc4ccccc4c3/C=N->2/1)<-OC,C19 H24 N1 O6 V1,0.0,CCC(C)C1C(=O)[O-]->[V+5]2(<-[O-2])(<-[O-]C)(<-[O-]c3ccc4ccccc4c3C=N->21)<-OC,CCC(C)C1C(=O)[O-]->[V+5]2(<-[O-2])(<-[O-]C)(<-[O-]c3ccc4ccccc4c3C=N->21)<-OC,CCC(C)C1C(=O)[O-]->[V+5]2(<-[O-2])(<-[O-]C)<-[O-]c3ccc4ccccc4c3C=N->21.CO
DAMBUO,CC(C)(C)c1cccc(C(C)(C)C)c1[O-]->[Zr+4]1(<-[CH2-]c2ccc(F)cc2)(<-[CH2-]c2ccc(F)cc2)<-[CH2-]c->12ccc(F)cc2,C35 H39 F3 O1 Zr1,0.0,fail,CC(C)(C)c1cccc(C(C)(C)C)c1[O-]->[Zr+4]1(<-[CH2-]c2ccc(F)cc2)(<-[CH2-]c2ccc(F)cc2)<-[CH2-]c->12ccc(F)cc2,CC(C)(C)c1cccc(C(C)(C)C)c1[O-]->[Zr+4](<-[CH2-]c1ccc(F)cc1)(<-[CH2-]c1ccc(F)cc1)<-[CH2-]c1ccc(F)cc1
DAMLAG,CC1=O->[Zn+2]23(<-O=C(C)[O-]->2)(<-[O-]1)<-N(=C(\N(C)C)N1CCOCC1)/c1cccc2cccn->3c12,C20 H26 N4 O5 Zn1,0.0,CC(=O)[O-]->[Zn+2]1(<-[O-]C(C)=O)<-N(=C(N(C)C)N2CCOCC2)c2cccc3cccn->1c23,CC(=O)[O-]->[Zn+2]1(<-[O-]C(C)=O)<-N(=C(N(C)C)N2CCOCC2)c2cccc3cccn->1c23,CN(C)C(N1CCOCC1)=N1c2cccc3cccn(->[Zn+2]<-14567(<-O=C->4(C)[O-]->5)<-O=C->6(C)[O-]->7)c23
DANBAV,,C9 H10 F3 Hg1 N1 O2,0.0,Cc1ccccn1->[Hg+2](<-[CH3-])<-[O-]C(=O)C(F)(F)F,Cc1ccccn1->[Hg+2]<-[CH3-].O=C([O-])C(F)(F)F,Cc1ccccn1.O=C([O-])C(F)(F)F.[CH3-]->[Hg+2]
DANQOY,NC1/N=N2/C=C3/C=CC=C[N-]3->[Pd@OH30+2]<-2(<-[Cl-])<-S=1,C7 H7 Cl1 N4 Pd1 S1,0.0,NC1=NN2=Cc3ccccn3->[Pd+2]<-2(<-[Cl-])<-[S-]1,NC1N=N2C=C3C=CC=C[N-]3->[Pd+2]<-2(<-[Cl-])<-S=1,NC1N=N2C=C3C=CC=C[N-]3->[Pd+2]<-2(<-[Cl-])<-S=1
DAPHAF,CCN(CC)C1/N=C(/c2ccccc2)[N-]2/N=C(\[S-]->[Au@OH23+3]<-2(<-[Cl-])<-S=1)N(C)C,C15 H21 Au1 Cl1 N5 S2,0.0,CCN(CC)C1=NC(c2ccccc2)=N2N=C([S-]->[Au+3]<-2(<-[Cl-])<-[S-]1)N(C)C,CCN(CC)C1N=C(c2ccccc2)[N-]2N=C([S-]->[Au+3]<-2(<-[Cl-])<-S=1)N(C)C,CCN(CC)C1N=C(c2ccccc2)[N-]2N=C([S-]->[Au+3]<-2(<-[Cl-])<-S=1)N(C)C
DAQBAY,CCP1(CC)CCP(CC)(CC)->[Ru+2]<-123(<-[CH-]=C(C=O)/C=C\[S-]->2)<-P(CC)(CC)CCP->3(CC)CC,C25 H52 O1 P4 Ru1 S1,0.0,CCP1(CC)CCP(CC)(CC)->[Ru+2]<-123(<-[CH-]=C(C=O)C=C[S-]->2)<-P(CC)(CC)CCP->3(CC)CC,CCP1(CC)CCP(CC)(CC)->[Ru+2]<-123(<-[CH-]=C(C=O)C=C[S-]->2)<-P(CC)(CC)CCP->3(CC)CC,CCP1(CC)CCP(CC)(CC)->[Ru+2]<-123(<-[CH-]=C(C=O)C=C[S-]->2)<-P(CC)(CC)CCP->3(CC)CC
DAQVEX,CC(C)(C)c1cc(C(C)(C)C)[n-]2->[Re+7](<-[O-2])(<-[O-2])(<-[O-2])(<-n12)<-O1CCCC1,C15 H27 N2 O4 Re1,0.0,fail,CC(C)(C)c1cc(C(C)(C)C)[n-]2->[Re+7](<-[O-2])(<-[O-2])(<-[O-2])(<-n12)<-O1CCCC1,C1CCOC1.CC(C)(C)c1cc(C(C)(C)C)[n-]2->[Re+7](<-[O-2])(<-[O-2])(<-[O-2])<-n12
DARPUK,O=S(=O)([O-]->[Pd+2]1(<-[O-]S(=O)(=O)C(F)(F)F)<-P(CP->1(c1ccccc1)c1ccccc1)(c1ccccc1)c1ccccc1)C(F)(F)F,C27 H22 F6 O6 P2 Pd1 S2,0.0,O=S(=O)([O-]->[Pd+2]1(<-[O-]S(=O)(=O)C(F)(F)F)<-P(CP->1(c1ccccc1)c1ccccc1)(c1ccccc1)c1ccccc1)C(F)(F)F,O=S(=O)([O-]->[Pd+2]1(<-[O-]S(=O)(=O)C(F)(F)F)<-P(CP->1(c1ccccc1)c1ccccc1)(c1ccccc1)c1ccccc1)C(F)(F)F,O=S(=O)([O-]->[Pd+2]12(<-O=S(=O)([O-]->1)C(F)(F)F)<-P(CP->2(c1ccccc1)c1ccccc1)(c1ccccc1)c1ccccc1)C(F)(F)F
DARYEC,CN1(C)c2ccccc2[CH2-]->[Y+3]<-12(<-[CH2-]c1ccccc1N->2(C)C)<-[N-]1C=CC=CC1=C1c2ccccc2-c2ccccc21,C36 H36 N3 Y1,0.0,CN1(C)c23->[Y+]<-1456789%10(<-Cc->42cccc3)(<-Cc->51ccccc->61N->7(C)C)<-c1cccc2c3ccccc3[c-]->8(-c3ccccn->93)c->%1021,CN1(C)c23->[Y+3]<-1456789%10(<-[CH2-]c->42cccc3)(<-[CH2-]c->51ccccc->61N->7(C)C)<-c1cccc2c->81C->9(=C1C=CC=C[N-]->%101)c1ccccc1-2,CN1(C)c2ccccc2[CH2-]->[Y+3]<-12345(<-[CH2-]c1ccccc1N->2(C)C)<-c1cccc2c->31C->4(=C1C=CC=C[N-]->51)c1ccccc1-2
DAVJEQ,O=[N+]([O-])[O-]->[Cd+2]12(<-[O-][N+](=O)[O-]->1)<-N1CCOCCN->2CCSCC1,C8 H18 Cd1 N4 O7 S1,0.0,O=[N+]1[O-]->[Cd+2]2345(<-[O-]1)(<-[O-][N+](=O)[O-]->2)<-N1CCO->3CCN->4CCS->5CC1,O=[N+]([O-])[O-]->[Cd+2]1234(<-[O-][N+](=O)[O-]->1)<-N1CCO->2CCN->3CCS->4CC1,O=[N+]12[O-]->[Cd+2]<-13456(<-[O-]2)(<-[O-][N+]->3(=O)[O-]->4)<-N1CCOCCN->5CCS->6CC1
DAXJAN,O=S(=O)(O/C(c1ccccc1)=[C-](\OS(=O)(=O)C(F)(F)F)->[Hg+2]<-[C-](/OS(=O)(=O)C(F)(F)F)=C(/OS(=O)(=O)C(F)(F)F)c1ccccc1)C(F)(F)F,C20 H10 F12 Hg1 O12 S4,0.0,O=S(=O)(OC(c1ccccc1)=[C-](OS(=O)(=O)C(F)(F)F)->[Hg+2]<-[C-](OS(=O)(=O)C(F)(F)F)=C(OS(=O)(=O)C(F)(F)F)c1ccccc1)C(F)(F)F,O=S(=O)(OC(c1ccccc1)=[C-](OS(=O)(=O)C(F)(F)F)->[Hg+2]<-[C-](OS(=O)(=O)C(F)(F)F)=C(OS(=O)(=O)C(F)(F)F)c1ccccc1)C(F)(F)F,O=S(=O)(OC(c1ccccc1)=[C-]1OS(=O)(=O->[Hg+2]<-12<-O=S(=O)(O[C-]->2=C(OS(=O)(=O)C(F)(F)F)c1ccccc1)C(F)(F)F)C(F)(F)F)C(F)(F)F
DAXTUR,,C34 H38 O2 P2 Ru1,0.0,Cc12->[RuH2+]345(<-c1(C)c->3(C)[c-]->4(C)c->52C)(<-P(O)(c1ccccc1)c1ccccc1)<-[PH](=O)(c1ccccc1)c1ccccc1,Cc12->[RuH2+2]345(<-c1(C)c->3(C)[c-]->4(C)c->52C)(<-P([O-])(c1ccccc1)c1ccccc1)<-P(O)(c1ccccc1)c1ccccc1,Cc12->[RuH2+2]345(<-c1(C)c->3(C)[c-]->4(C)c->52C)(<-P([O-])(c1ccccc1)c1ccccc1)<-P(O)(c1ccccc1)c1ccccc1
DAXZAF,,C24 H26 Cl1 Ir1 N1 O2 1+,1.0,Cc12->[Ir+3]3456(<-[Cl-])(<-O=C(C=C(O)c7ccccc7)c7ccccn->37)<-c1(C)c->4(C)[c-]->5(C)c->62C,Cc12->[Ir+5]3456(<-[Cl-])(<-[O-]C(C=C(O)c7ccccc7)=C7C=CC=C[N-]->37)<-c1(C)c->4(C)[c-]->5(C)c->62C,Cc12->[Ir+5]3456(<-[Cl-])(<-[O-]C(C=C(O)c7ccccc7)=C7C=CC=C[N-]->37)<-c1(C)c->4(C)[c-]->5(C)c->62C
DAYGAL,,C26 H36 Mo1 O6 P2,0.0,COP(OC)(OC)->[Mo+4]12345(<-[C-2](C)[C-]->1(c1ccccc1)c1ccccc1)(<-c1c->2c->3[cH-]->4c->51)<-P(OC)(OC)OC,COP(OC)(OC)->[Mo+2]12345(<-[C-](C)=C->1(c1ccccc1)c1ccccc1)(<-c1c->2c->3[cH-]->4c->51)<-P(OC)(OC)OC,COP(OC)(OC)->[Mo+2]12345(<-[C-](C)=C->1(c1ccccc1)c1ccccc1)(<-c1c->2c->3[cH-]->4c->51)<-P(OC)(OC)OC
DAZKUL,O=C([O-]->[Cd+2]12(<-[O-]C(=O)c3ccc(Cl)cc3)(<-n3ccccc3-c3ccccn->13)<-n1ccccc1-c1ccccn->21)c1ccc(Cl)cc1,C34 H24 Cd1 Cl2 N4 O4,0.0,fail,O=C([O-]->[Cd+2]12(<-[O-]C(=O)c3ccc(Cl)cc3)(<-n3ccccc3-c3ccccn->13)<-n1ccccc1-c1ccccn->21)c1ccc(Cl)cc1,Clc1ccc(C23=O->[Cd+2]<-24567(<-O=C->4([O-]->5)c2ccc(Cl)cc2)(<-[O-]3)(<-n2ccccc2-c2ccccn->62)<-n2ccccc2-c2ccccn->72)cc1
DEBWUC,,C14 H42 P4 Ru1,0.0,C[CH2-]->[RuH+](<-P(C)(C)C)(<-P(C)(C)C)(<-P(C)(C)C)<-P(C)(C)C,C[CH2-]->[RuH+](<-P(C)(C)C)(<-P(C)(C)C)(<-P(C)(C)C)<-P(C)(C)C,C[CH2-]->[RuH+](<-P(C)(C)C)(<-P(C)(C)C)(<-P(C)(C)C)<-P(C)(C)C
DECREK,CC1(C)C->[Fe+2]23(<-[Br-])(<-[Br-])<-CC(C)(C)N4C=CN(CN5C=CN1[C]->25)[C]->34,C15 H24 Br2 Fe1 N4,0.0,CC(C)(C)N1C=CN2CN3C=CN(C(C)(C)C)[C]3->[Fe+2](<-[Br-])(<-[Br-])<-[C]21,CC(C)(C)N1C=CN2CN3C=CN(C(C)(C)C)[C]3->[Fe+2](<-[Br-])(<-[Br-])<-[C]21,CC(C)(C)N1C=CN2CN3C=CN(C(C)(C)C)[C]3->[Fe+2](<-[Br-])(<-[Br-])<-[C]21
DEDGAU,,C16 H16 Cu1 N2 O4,0.0,CC1c2ccccc2[O-]->[Cu+2]2(<-[O-]c3ccccc3C(C)=N->2O)<-N=1O,CC1c2cc[c-]cc2[O-]->[Cu+3]2(<-[O-]c3ccccc3C(C)=N->2O)<-N=1O,CC1c2cc[c-]cc2[O-]->[Cu+3]2(<-[O-]c3ccccc3C(C)=N->2O)<-N=1O
DEFCAU,CN1C=CN2c3cccc4N5C=CN(C)[C]5->[Os+2]5(<-[C-]#[O+])(<-[C]12)(<-[c-]34)<-n1cccc2ccc3cccn->5c3c21,C27 H21 N6 O1 Os1 1+,1.0,CN1C=CN2c3cccc4N5C=CN(C)[C]5->[Os+2]5(<-[C-]#[O+])(<-[C]12)(<-[c-]34)<-n1cccc2ccc3cccn->5c3c21,CN1C=CN2c3cccc4N5C=CN(C)[C]5->[Os+2]5(<-[C-]#[O+])(<-[C]12)(<-[c-]34)<-n1cccc2ccc3cccn->5c3c21,CN1C=CN2c3cccc4N5C=CN(C)[C]5->[Os+2]5(<-[C-]#[O+])(<-[C]12)(<-[c-]34)<-n1cccc2ccc3cccn->5c3c21
DEFJUV,CC1=C/C(=C/NCc2cccs2)C2=O->[Zn+2](<-[Cl-])(<-[Cl-])<-N(=C\C2=C1)/Cc1cccs1,C19 H18 Cl2 N2 O1 S2 Zn1,0.0,Cc1cc(C=[NH+]Cc2cccs2)c2[O-]->[Zn+2](<-[Cl-])(<-[Cl-])<-N(=Cc2c1)Cc1cccs1,CC1=CC(=CNCc2cccs2)C2=O->[Zn+2](<-[Cl-])(<-[Cl-])<-N(=CC2=C1)Cc1cccs1,CC1=CC(=CNCc2cccs2)C2=O->[Zn+2](<-[Cl-])(<-[Cl-])<-N(=CC2=C1)Cc1cccs1
DEGROY,Clc1ccc(/C2=C3\C=CC4=N3->[Cu@SP1+]35<-N6=C4C=C/C6=C(\c4ccc(Cl)cc4)c4ccc([n-]->34)/C(c3ccc(Cl)cc3)=C3/C=CC2=N->53)cc1,C37 H20 Cl3 Cu1 N4,0.0,Clc1ccc(-c2c3n4->[Cu+3]56<-[n-]7c2ccc7c(-c2ccc(Cl)cc2)c2ccc(c7ccc(c(-c8ccc(Cl)cc8)c4C=C3)[n-]->57)[n-]->62)cc1,ClC1=C[CH-]C(C2=C3[CH-]C=C4[C-]([C+]5[CH+][CH+][C+](Cl)[CH+][CH+]5)[C+]5[CH+][CH+][C-]6C(C7=C[CH-]C(Cl)=C[CH-]7)=C7[CH-]C=C8c9ccc2[n-]9->[Cu+3](<-[N-]87)(<-[N-]43)<-[N-]56)=C[CH-]1,ClC1=C[CH-]C(C2=C3[CH-]C=C4[C-]([C+]5[CH+][CH+][C+](Cl)[CH+][CH+]5)[C+]5[CH+][CH+][C-]6C(C7=C[CH-]C(Cl)=C[CH-]7)=C7[CH-]C=C8c9ccc2[n-]9->[Cu+3](<-[N-]87)(<-[N-]43)<-[N-]56)=C[CH-]1
DEHKIM,Cc1cc(C)n2->[Zn+2]34(<-[O-][N+](=O)[O-]->3)(<-[O-][N+](=O)[O-]->4)<-n3ccccc3Cn12,C11 H13 N5 O6 Zn1,0.0,Cc1cc(C)n2->[Zn+2]34(<-[O-][N+](=O)[O-]->3)(<-[O-][N+](=O)[O-]->4)<-n3ccccc3Cn12,Cc1cc(C)n2->[Zn+2](<-[O-][N+](=O)[O-])(<-[O-][N+](=O)[O-])<-n3ccccc3Cn12,Cc1cc(C)n2->[Zn+2]3456(<-[O-][N+]->3(=O)[O-]->4)(<-[O-][N+]->5(=O)[O-]->6)<-n3ccccc3Cn12
DEJXAS,CN12CC[O-]->[Ti+4]<-134(<-[O-]CCN->3(C)[C@@H]1CCCC[C@H]1[O-]->4)<-[O-][C@@H]1CCCC[C@H]12,C18 H34 N2 O4 Ti1,0.0,CN12CC[O-]->[Ti+4]<-134(<-[O-]CCN->3(C)C1CCCCC1[O-]->4)<-[O-]C1CCCCC12,CN12CC[O-]->[Ti+4]<-134(<-[O-]CCN->3(C)C1CCCCC1[O-]->4)<-[O-]C1CCCCC12,CN12CC[O-]->[Ti+4]<-134(<-[O-]CCN->3(C)C1CCCCC1[O-]->4)<-[O-]C1CCCCC12
DEKVIZ,[Br-]->[Ir+]12345(<-C=C->1CN1c6ccccc6S#C->21)<-C1=C->3/CC/C->4=C->5\CC\1,C18 H21 Br1 Ir1 N1 S1,0.0,fail,[Br-]->[Ir+]12345(<-C=C->1CN1c6ccccc6S#C->21)<-C1=C->3CCC->4=C->5CC1,[Br-]->[Ir+]12345(<-C=C->1CN1c6ccccc6S#C->21)<-C1=C->3CCC->4=C->5CC1
DEMFOT,CC(C)P1(c2ccccc2[Si]23(C)[H]->[Ni]<-1<-2(<-P(C)(C)C)<-P(c1ccccc13)(C(C)C)C(C)C)C(C)C,C28 H49 Ni1 P3 Si1,0.0,CC(C)P1(c2ccccc2[Si]2(C)[H]->[Ni]<-1(<-P(C)(C)C)<-P(c1ccccc12)(C(C)C)C(C)C)C(C)C,CC(C)P1(c2ccccc2[Si-]2(C)c3ccccc3P(C(C)C)(C(C)C)->[NiH+]<-2<-1<-P(C)(C)C)C(C)C,CC(C)P1(c2ccccc2[Si-]2(C)c3ccccc3P(C(C)C)(C(C)C)->[NiH+]<-2<-1<-P(C)(C)C)C(C)C
DENROE,C/[C-]1=[C-](\C)->[Ni+2]<-1(<-[C]1N(C(C)C)C=CN1C(C)C)<-[C]1N(C(C)C)C=CN1C(C)C,C22 H38 N4 Ni1,0.0,CC1#C(C)->[Ni]<-1(<-[C]1N(C(C)C)C=CN1C(C)C)<-[C]1N(C(C)C)C=CN1C(C)C,CC1#C(C)->[Ni]<-1(<-[C]1N(C(C)C)C=CN1C(C)C)<-[C]1N(C(C)C)C=CN1C(C)C,CC1#C(C)->[Ni]<-1(<-[C]1N(C(C)C)C=CN1C(C)C)<-[C]1N(C(C)C)C=CN1C(C)C
DEPQAR,CON->[Re+]1(<-[C-]#[O+])(<-[C-]#[O+])(<-[C-]#[O+])<-P(OCCCOP->1(c1ccccc1)c1ccccc1)(c1ccccc1)c1ccccc1,C31 H31 N1 O6 P2 Re1 1+,1.0,CON->[Re+]1(<-[C-]#[O+])(<-[C-]#[O+])(<-[C-]#[O+])<-P(OCCCOP->1(c1ccccc1)c1ccccc1)(c1ccccc1)c1ccccc1,CON->[Re+]1(<-[C-]#[O+])(<-[C-]#[O+])(<-[C-]#[O+])<-P(OCCCOP->1(c1ccccc1)c1ccccc1)(c1ccccc1)c1ccccc1,CON->[Re+]1(<-[C-]#[O+])(<-[C-]#[O+])(<-[C-]#[O+])<-P(OCCCOP->1(c1ccccc1)c1ccccc1)(c1ccccc1)c1ccccc1
DEQKUF,,C14 H23 Br2 Nb1 Si2,0.0,C[Si-](C)(Br)->[NbH+4]12345678(<-c9c->1c->2[cH-]->3c->49)(<-c1c->5c->6[cH-]->7c->81)<-[Si-](C)(C)Br,C[Si-](C)(Br)->[NbH+4]12345678(<-c9c->1c->2[cH-]->3c->49)(<-c1c->5c->6[cH-]->7c->81)<-[Si-](C)(C)Br,C[Si-](C)(Br)->[NbH+4]12345678(<-c9c->1c->2[cH-]->3c->49)(<-c1c->5c->6[cH-]->7c->81)<-[Si-](C)(C)Br
DERMAR,COc1ccc(C(=[N-]->[Ru+4]2(<-[Cl-])(<-[Cl-])(<-O=C([O-]->2)C(C)(C)C)<-P(c2ccccc2)(c2ccccc2)c2ccccc2)C(C)(C)C)cc1,C35 H40 Cl2 N1 O3 P1 Ru1,0.0,fail,COc1ccc(C(=[N-]->[Ru+4]23(<-[Cl-])(<-[Cl-])(<-O=C->2([O-]->3)C(C)(C)C)<-P(c2ccccc2)(c2ccccc2)c2ccccc2)C(C)(C)C)cc1,COc1ccc(C(=[N-]->[Ru+4]23(<-[Cl-])(<-[Cl-])(<-O=C->2([O-]->3)C(C)(C)C)<-P(c2ccccc2)(c2ccccc2)c2ccccc2)C(C)(C)C)cc1
DESDOX,CC(C)P1(c2ccccc2C23=O->[Pd]<-2<-1(<-P(C)(C)C)<-P(c1ccccc13)(C(C)C)C(C)C)C(C)C,C28 H45 O1 P3 Pd1,0.0,CC(C)P1(c2ccccc2[C-]23[O-]->[Pd+2]<-2<-1(<-P(C)(C)C)<-P(c1ccccc13)(C(C)C)C(C)C)C(C)C,CC(C)P1(c2ccccc2C23=O->[Pd]<-2<-1(<-P(C)(C)C)<-P(c1ccccc13)(C(C)C)C(C)C)C(C)C,CC(C)P1(c2ccccc2C23=O->[Pd]<-2<-1(<-P(C)(C)C)<-P(c1ccccc13)(C(C)C)C(C)C)C(C)C
DESRUP,,C19 H43 Cl1 N2 P2 Ru1,0.0,CC(C)(C)P1(NCC2=C3NP(C(C)(C)C)(C(C)(C)C)->[RuH+]<-2<-3<-1<-[Cl-])C(C)(C)C,CC(C)(C)P1(NCC2=C3NP(C(C)(C)C)(C(C)(C)C)->[RuH+]<-2<-3<-1<-[Cl-])C(C)(C)C,CC(C)(C)P1(NCC2=C3NP(C(C)(C)C)(C(C)(C)C)->[RuH+]<-2<-3<-1<-[Cl-])C(C)(C)C
DETBOW,CN->[Co+3]12(<-N(=O)/C(C)=C(/C)[N-]->1O)(<-N(=O)/C(C)=C(/C)[N-]->2O)<-[C-](F)(F)C(F)(F)F,C11 H19 Co1 F5 N5 O4,0.0,CN->[Co+]12(<-N([O])=C(C)C(C)=N->1[O])(<-N(O)=C(C)C(C)=N->2O)<-[C-](F)(F)C(F)(F)F,CN->[Co+]12(<-N(=O)C(C)=C(C)N->1=O)(<-N(O)=C(C)C(C)=N->2O)<-[C-](F)(F)C(F)(F)F,CN->[Co+]12(<-N(=O)C(C)=C(C)N->1=O)(<-N(O)=C(C)C(C)=N->2O)<-[C-](F)(F)C(F)(F)F
DETQIF,CC(C)c1cccc(C(C)C)c1/N1=C/C=N(/c2c(C(C)C)cccc2C(C)C)->[Ta+5]<-1(<-[Br-])(<-[Br-])(<-[Br-])<-[Br-],C26 H36 Br4 N2 Ta1 1+,1.0,CC(C)c1cccc(C(C)C)c1[N-]1C=C[N-](c2c(C(C)C)cccc2C(C)C)->[Ta+7]<-1(<-[Br-])(<-[Br-])(<-[Br-])<-[Br-],CC(C)c1cccc(C(C)C)c1N1=CC=N(c2c(C(C)C)cccc2C(C)C)->[Ta+5]<-1(<-[Br-])(<-[Br-])(<-[Br-])<-[Br-],CC(C)c1cccc(C(C)C)c1N1=CC=N(c2c(C(C)C)cccc2C(C)C)->[Ta+5]<-1(<-[Br-])(<-[Br-])(<-[Br-])<-[Br-]
DEVMEX,O=S(=O)([O-]->[Zn+2]123(<-O)<-N(=C\c4ccccn->14)/[C@@H]1C[C@@H](O)C[C@H](/N->2=C/c2ccccn->32)C1)C(F)(F)F,C19 H22 F3 N4 O5 S1 Zn1 1+,1.0,O=S(=O)([O-]->[Zn+2]123(<-O)<-N(=Cc4ccccn->14)C1CC(O)CC(N->2=Cc2ccccn->32)C1)C(F)(F)F,O=S(=O)([O-]->[Zn+2]123(<-O)<-N(=Cc4ccccn->14)C1CC(O)CC(N->2=Cc2ccccn->32)C1)C(F)(F)F,O.O=S(=O)([O-]->[Zn+2]123<-N(=Cc4ccccn->14)C1CC(O)CC(C1)N->2=Cc1ccccn->31)C(F)(F)F
DEXCIT,CS(C)(=O)->[Os+2](<-[Cl-])(<-[Cl-])(<-n1cc[nH]c1)(<-S(C)(C)=O)<-S(C)(C)=O,C9 H22 Cl2 N2 O3 Os1 S3,0.0,CS(C)(=O)->[Os+2](<-[Cl-])(<-[Cl-])(<-n1cc[nH]c1)(<-S(C)(C)=O)<-S(C)(C)=O,CS(C)(=O)->[Os+2](<-[Cl-])(<-[Cl-])(<-n1cc[nH]c1)(<-S(C)(C)=O)<-S(C)(C)=O,CS(C)(=O)->[Os+2](<-[Cl-])(<-[Cl-])(<-n1cc[nH]c1)(<-S(C)(C)=O)<-S(C)(C)=O
DEXRII,CC1=O->[Zn@TB14+2]23(<-[O-]1)<-n1c(C(C)(C)C)nc(C)n1[BH-](n1c(C)nc(C(C)(C)C)n->21)n1c(C)nc(C(C)(C)C)n->31,C23 H40 B1 N9 O2 Zn1,0.0,fail,CC(=O)[O-]->[Zn+2]12<-n3c(C(C)(C)C)nc(C)n3[BH-](n3c(C)nc(C(C)(C)C)n->13)n1c(C)nc(C(C)(C)C)n->21,Cc1nc(C(C)(C)C)n2->[Zn+2]345(<-O=C->3(C)[O-]->4)<-n3c(C(C)(C)C)nc(C)n3[BH-](n12)n1c(C)nc(C(C)(C)C)n->51
DEYKOH,,C25 H20 F2 Fe1 O1 P1 1+,1.0,[O+]#[C-]->[Fe+4]1234(<-[C-2](F)F)(<-c5c->1c->2[cH-]->3c->45)<-P(c1ccccc1)(c1ccccc1)c1ccccc1,[O+]#[C-]->[Fe+2]1234(<-[C](F)F)(<-c5c->1c->2[cH-]->3c->45)<-P(c1ccccc1)(c1ccccc1)c1ccccc1,[O+]#[C-]->[Fe+2]1234(<-[C](F)F)(<-c5c->1c->2[cH-]->3c->45)<-P(c1ccccc1)(c1ccccc1)c1ccccc1
DEYVOT,N/C1=N/[N-]2/C=C3/C=CC=N3->[Pd@SP2+2]<-2(<-[S-]1)<-P(c1ccccc1)(c1ccccc1)c1ccccc1,C24 H21 N4 P1 Pd1 S1,0.0,NC1=NN2=Cc3ccc[n-]3->[Pd+2]<-2(<-[S-]1)<-P(c1ccccc1)(c1ccccc1)c1ccccc1,NC1=NN2=Cc3ccc[n-]3->[Pd+2]<-2(<-[S-]1)<-P(c1ccccc1)(c1ccccc1)c1ccccc1,NC1=NN2=Cc3ccc[n-]3->[Pd+2]<-2(<-[S-]1)<-P(c1ccccc1)(c1ccccc1)c1ccccc1
DIBCAT,,C13 H15 Cu1 N4 O4 1+,1.0,COc1cccc2C=N3N=C(C)[O-]->[Cu+4]<-3(<-O)(<-[O-]c21)<-[n-]1cccn1,COC1=C2[O-]->[Cu+7]3(<-[O-2])(<-[O-]C(C)=NN->3=C=C2C=C[CH-]1)<-[n-]1cccn1,COc1cccc2[C]N=NC(C)=O->[Cu+3]3(<-[O-]Oc21)<-n1ccc[n-]->31
DIBMIN,,C30 H30 N1 O2 P2 Ru1 1+,1.0,[O+]#[C-]->[RuH+]12(<-[C-]#[O+])<-N(CCP->1(c1ccccc1)c1ccccc1)CCP->2(c1ccccc1)c1ccccc1,[O+]#[C-]->[RuH+]12(<-[C-]#[O+])<-N(CCP->1(c1ccccc1)c1ccccc1)CCP->2(c1ccccc1)c1ccccc1,[O+]#[C-]->[RuH+]12(<-[C-]#[O+])<-N(CCP->1(c1ccccc1)c1ccccc1)CCP->2(c1ccccc1)c1ccccc1
DIBYOC,COP(OC)(OC)->[Cr+2]12345(<-[H]C->1[C+]->2(C)[CH-]->3[C-]->4(C)[CH2-]->5)(<-[C-]#[O+])<-[C-]#[O+],C12 H21 Cr1 O5 P1,0.0,COP(OC)(OC)->[Cr]1234(<-[H]CC->1(C)=C->2C->3(C)=C->4)(<-[C-]#[O+])<-[C-]#[O+],COP(OC)(OC)->[Cr]123(<-[C-]#[O+])(<-[C-]#[O+])<-C=C->1(C)C->2=C->3(C)C,COP(OC)(OC)->[Cr]123(<-[C-]#[O+])(<-[C-]#[O+])<-C=C->1(C)C->2=C->3(C)C
DICROZ,CC(C)N1CCN(C(C)C)C2=S->[Pt+2]3(<-S=C21)<-[S-]C1=C([S-]->3)Sc2nc3ccccc3nc2S1,C20 H22 N4 Pt1 S6,0.0,fail,CC(C)N1CCN(C(C)C)C2=S->[Pt]3(<-S=C21)<-S=c1sc2nc4ccccc4nc2sc1=S->3,CC(C)N1CCN(C(C)C)C2=S->[Pt]3(<-S=C21)<-S=c1sc2nc4ccccc4nc2sc1=S->3
DIDXUK,,C11 H14 Cl1 Cu1 N3 O9,0.0,O=[N+]([O-])c1cc2C=N3C(CO)(CO)CO->[Cu+2]<-3(<-O)(<-[Cl-])<-[O-]c2c([N+](=O)[O-])c1,O.O=[N+]([O-])c1cc2c(c([N+](=O)[O-])c1)[O-]->[Cu+3]1(<-[Cl-])<-[O-]CC(CO)(CO)N->1=C2,O=[N+]([O-])c1cc2C=N3C(CO)(CO)C[O-]->[Cu+3]<-3(<-O)(<-[Cl-])<-[O-]c2c([N+](=O)[O-])c1
DIFVIA,CO[C-]1([O-])C2=C->[Ni+2]<-2<-13<-N(=C(C)\C(C)=N->3\c1c(C(C)C)cccc1C(C)C)/c1c(C(C)C)cccc1C(C)C,C32 H46 N2 Ni1 O2,0.0,COC(=O)C1=C->[Ni]<-12<-N(=C(C)C(C)=N->2c1c(C(C)C)cccc1C(C)C)c1c(C(C)C)cccc1C(C)C,COC(=O)C1=C->[Ni]<-12<-N(=C(C)C(C)=N->2c1c(C(C)C)cccc1C(C)C)c1c(C(C)C)cccc1C(C)C,COC12=O->[Ni]<-134(<-C=C->32)<-N(=C(C)C(C)=N->4c1c(C(C)C)cccc1C(C)C)c1c(C(C)C)cccc1C(C)C
DIGLEL,,C32 H37 Cl2 N6 O4 Y1,0.0,COCC1CCCN1N=Cc1ccc2cccc([O-]->[Y+3]345(<-[Cl-])(<-[Cl-])<-[O-]c6cccc7ccc(C=N->3N3CCCC3CO->4C)n->5c67)c2[nH+]1,COCC1CCC[N+]1=NC=C1C=Cc2cccc([O-]->[Y+3]345(<-[Cl-])(<-[Cl-])<-[O-]c6cccc7ccc(C=N->3N3CCCC3CO->4C)n->5c67)c2N1,COCC1CCC[N+]1=NC=C1C=Cc2cccc([O-]->[Y+3]345(<-[Cl-])(<-[Cl-])<-[O-]c6cccc7ccc(C=N->3N3CCCC3CO->4C)n->5c67)c2N1
DIHFAE,,C31 H39 O5 P2 Ru1 1+,1.0,COP(OC)(OC)->[Ru+4]12345(<-[O-][O-]->1)(<-c1(C)c->2(C)c->3(C)[c-]->4(C)c->51C)<-P(c1ccccc1)(c1ccccc1)c1ccccc1,COP(OC)(OC)->[Ru+4]12345(<-[O-][O-]->1)(<-c1(C)c->2(C)c->3(C)[c-]->4(C)c->51C)<-P(c1ccccc1)(c1ccccc1)c1ccccc1,COP(OC)(OC)->[Ru+4]12345(<-[O-][O-]->1)(<-c1(C)c->2(C)c->3(C)[c-]->4(C)c->51C)<-P(c1ccccc1)(c1ccccc1)c1ccccc1
DIJBIJ,C[N-](C)->[Ti+4]1(<-N2=CC=C/C2=C/[N-]->1C[C@H]1CCCO1)(<-[N-](C)C)<-[N-](C)C,C16 H31 N5 O1 Ti1,0.0,C[N-](C)->[Ti+4]1(<-N(=Cc2ccc[n-]->12)CC1CCCO1)(<-[N-](C)C)<-[N-](C)C,C[N-](C)->[Ti+4]1(<-N2=CC=CC2=C[N-]->1CC1CCCO1)(<-[N-](C)C)<-[N-](C)C,C[N-](C)->[Ti+4]1(<-N2=CC=CC2=C[N-]->1CC1CCCO1)(<-[N-](C)C)<-[N-](C)C
DIKVOI,OC(=O->[Zn+2](<-[Cl-])(<-[Cl-])<-O=C(O)[C@@H]1CCCN1)[C@@H]1CCCN1,C10 H18 Cl2 N2 O4 Zn1,0.0,O=C([O-]->[Zn+2](<-[Cl-])(<-[Cl-])<-[O-]C(=O)C1CCC[NH2+]1)C1CCC[NH2+]1,O=C([O-]->[Zn+2](<-[Cl-])(<-[Cl-])<-[O-]C(=O)C1CCC[NH2+]1)C1CCC[NH2+]1,OC(=O->[Zn+2](<-[Cl-])(<-[Cl-])<-O=C(O)C1CCCN1)C1CCCN1
DILTIE,Clc1cc/c2=N/N3=C(\c4ccccn4)c4ccccn4->[Zn+2]<-345(<-N(/N=c3/ccc(Cl)n[n-]->43)=C(/c3ccccn3)c3ccccn->53)<-[n-]2n1,C30 H20 Cl2 N12 Zn1,0.0,Clc1ccc2=NN3=C(c4ccccn4)c4ccccn4->[Zn+2]<-345(<-N(N=c3ccc(Cl)n[n-]->43)=C(c3ccccn3)c3ccccn->53)<-[n-]2n1,Clc1ccc2N=N3C(=C4C=CC=C[N-]4->[Zn+2]<-345(<-N(=Nc3ccc(Cl)nn->43)C(=C3C=CC=C[N-]->53)c3ccccn3)<-n2n1)c1ccccn1,Clc1ccc2N=N3C(=C4C=CC=C[N-]4->[Zn+2]<-345(<-N(=Nc3ccc(Cl)nn->43)C(=C3C=CC=C[N-]->53)c3ccccn3)<-n2n1)c1ccccn1
DIPLUM,[Br-]->[Cd+2]12(<-[Br-])<-N(=C\c3ccccn->13)/CCN->21CCOCC1,C12 H17 Br2 Cd1 N3 O1,0.0,[Br-]->[Cd+2]12(<-[Br-])<-N(=Cc3ccccn->13)CCN->21CCOCC1,[Br-]->[Cd+2]12(<-[Br-])<-N(=Cc3ccccn->13)CCN->21CCOCC1,[Br-]->[Cd+2]1(<-[Br-])<-N(=Cc2ccccn->12)CCN1CCOCC1
DIQVII,C[CH2-]->[Rh+3]123(<-[Cl-])<-n4ccccc4CN->1(Cc1ccccn->21)Cc1cccc(C)n->31,C21 H25 Cl1 N4 Rh1 1+,1.0,C[CH2-]->[Rh+3]123(<-[Cl-])<-n4ccccc4CN->1(Cc1ccccn->21)Cc1cccc(C)n->31,C[CH2-]->[Rh+3]123(<-[Cl-])<-n4ccccc4CN->1(Cc1ccccn->21)Cc1cccc(C)n->31,C[CH2-]->[Rh+3]123(<-[Cl-])<-n4ccccc4CN->1(Cc1ccccn->21)Cc1cccc(C)n->31
DISHET,,C20 H20 Ag1 F6 N1 O8 S2,0.0,fail,O=S(=O)([N-](->[Ag+]1<-c2cc3ccc2COCOCc2ccc(c->1c2)COCOC3)S(=O)(=O)C(F)(F)F)C(F)(F)F,O=S1(=O->[Ag+]23(<-O=S(=O)([N-]->21)C(F)(F)F)<-c1cc2ccc1COCOCc1ccc(c->3c1)COCOC2)C(F)(F)F
DITDES,c1ccc(-c2c3ccc4c(-c5ccccc5)[c-]5[n-]6->[Ni@SP3+2]7(<-[n-]34)<-[n-]3[c+]([cH+][c-]6[CH-][CH+]5)[CH+][CH+][c-]3[c-](-c3ccccc3)[c-]3[n-]->7[c+]2[CH+][CH+]3)cc1,C38 H24 N4 Ni1,0.0,C1=Cc2c(-c3ccccc3)c3ccc4c(-c5ccccc5)c5n6->[Ni+2]7(<-n2c1cc1ccc(c(-c2ccccc2)c6C=C5)[n-]->71)<-[n-]34,C1=Cc2c(-c3ccccc3)c3ccc4c(-c5ccccc5)c5n6->[Ni+2]7(<-n2c1cc1ccc(c(-c2ccccc2)c6C=C5)[n-]->71)<-[n-]34,C1=Cc2c(-c3ccccc3)c3ccc4c(-c5ccccc5)c5n6->[Ni+2]7(<-n2c1cc1ccc(c(-c2ccccc2)c6C=C5)[n-]->71)<-[n-]34
DIVNUR,CC1=C(C)CC(c2ccccc2)(c2ccccc2)[Se](->[W](<-[C-]#[O+])(<-[C-]#[O+])(<-[C-]#[O+])(<-[C-]#[O+])<-[C-]#[O+])C1,C24 H20 O5 Se1 W1,0.0,CC1=C(C)CC(c2ccccc2)(c2ccccc2)[Se](->[W](<-[C-]#[O+])(<-[C-]#[O+])(<-[C-]#[O+])(<-[C-]#[O+])<-[C-]#[O+])C1,CC(C[Se-]->[W](<-[C-]#[O+])(<-[C-]#[O+])(<-[C-]#[O+])(<-[C-]#[O+])<-[C-]#[O+])=C(C)C[C+](c1ccccc1)c1ccccc1,CC(C[Se-]->[W](<-[C-]#[O+])(<-[C-]#[O+])(<-[C-]#[O+])(<-[C-]#[O+])<-[C-]#[O+])=C(C)C[C+](c1ccccc1)c1ccccc1
DIXLAA,[O+]#[C-]->[Mn+]1(<-[Br-])(<-[C-]#[O+])(<-[C-]#[O+])<-N(CC[Se]Cc2ccccc2)CC[Se]->1Cc1ccccc1,C21 H23 Br1 Mn1 N1 O3 Se2,0.0,[O+]#[C-]->[Mn+]1(<-[Br-])(<-[C-]#[O+])(<-[C-]#[O+])<-N(CC[Se]Cc2ccccc2)CC[Se]->1Cc1ccccc1,[CH2-]c1ccccc1.[O+]#[C-]->[Mn+3]1(<-[Br-])(<-[C-]#[O+])(<-[C-]#[O+])<-[Se-]CCN->1CC[Se]Cc1ccccc1,[CH2-]c1ccccc1.[O+]#[C-]->[Mn+3]1(<-[Br-])(<-[C-]#[O+])(<-[C-]#[O+])<-[Se-]CCN->1CC[Se]Cc1ccccc1
DIYVEM,CCNC(=S)N/N=C(\C)c1ccccn1->[Hg+2](<-[Br-])<-[Br-],C10 H14 Br2 Hg1 N4 S1,0.0,CCNC1NN2=C(C)c3ccccn3->[Hg+2]<-2(<-[Br-])(<-[Br-])<-S=1,CCNC1NN=C(C)c2ccccn2->[Hg+2](<-[Br-])(<-[Br-])<-S=1,CCNC(=S)NN=C(C)c1ccccn1.[Br-]->[Hg+2]<-[Br-]
DIZBAP,C/C1[S-]->[Mo+4]2(<-[C-]#[O+])(<-[C-]#[O+])(<-[S-]/C=1C)<-[S-]/C(C)=C(\C)[S-]->2,C10 H12 Mo1 O2 S4,0.0,CC1[S-]->[Mo+4]2(<-[C-]#[O+])(<-[C-]#[O+])(<-[S-]C=1C)<-[S-]C(C)=C(C)[S-]->2,CC1=S->[Mo]2(<-[C-]#[O+])(<-[C-]#[O+])(<-S=C1C)<-S=C(C)C(C)=S->2,CC1=S->[Mo]2(<-[C-]#[O+])(<-[C-]#[O+])(<-S=C1C)<-S=C(C)C(C)=S->2
DIZQIM,C/C1[S-]->[Mo+4]2(<-[C-]#[O+])(<-[S-]/C=1C)(<-[S-]/C(C)=C(\C)[S-]->2)<-[Se-]c1c(C(C)C)cc(C(C)C)cc1C(C)C,C24 H35 Mo1 O1 S4 Se1 1-,-1.0,CC1[S-]->[Mo+4]2(<-[C-]#[O+])(<-[S-]C=1C)(<-[S-]C(C)=C(C)[S-]->2)<-[Se-]c1c(C(C)C)cc(C(C)C)cc1C(C)C,CC1=S->[Mo]2(<-[C-]#[O+])(<-S=C1C)(<-S=C(C)C(C)=S->2)<-[Se-]c1c(C(C)C)cc(C(C)C)cc1C(C)C,CC1=S->[Mo]2(<-[C-]#[O+])(<-S=C1C)(<-S=C(C)C(C)=S->2)<-[Se-]c1c(C(C)C)cc(C(C)C)cc1C(C)C
DMSCCR,CS(C)=C12->[Cr]345(<-[C-]#[O+])(<-[C-]#[O+])(<-[C-]#[O+])<-C(=C->31)C->4=C->52,C10 H10 Cr1 O3 S1,0.0,C[S+](C)[c-]12->[Cr]345(<-[C-]#[O+])(<-[C-]#[O+])(<-[C-]#[O+])<-c(c->3c->41)c->52,CS(C)=C12->[Cr]345(<-[C-]#[O+])(<-[C-]#[O+])(<-[C-]#[O+])<-C(=C->31)C->4=C->52,CS(C)=C12->[Cr]345(<-[C-]#[O+])(<-[C-]#[O+])(<-[C-]#[O+])<-C(=C->31)C->4=C->52
DOCNOA,CC1=O->[Ir+3]23(<-[O-]1)(<-[C]1N(C)c4cccc5cccc(c45)N1c1cc(C)cc(C)[c-]->21)<-[C-](=C\C=N->3\c1ccccc1)/c1ccccc1,C37 H32 Ir1 N3 O2,0.0,fail,Cc1cc(C)[c-]2->[Ir+3]345(<-O=C->3(C)[O-]->4)(<-[C]3N(C)c4cccc6cccc(c46)N3c2c1)<-[C-](=CC=N->5c1ccccc1)c1ccccc1,Cc1cc(C)[c-]2->[Ir+3]345(<-O=C->3(C)[O-]->4)(<-[C]3N(C)c4cccc6cccc(c46)N3c2c1)<-[C-](=CC=N->5c1ccccc1)c1ccccc1
DODFAE,CCCC[N-]1C(=O)c2cccc3/C(C)=N(/c4c(C(C)C)cccc4C(C)C)->[Ni@@+2]<-1(<-[c-]1cccc4ccccc41)<-n23,C34 H39 N3 Ni1 O1,0.0,CCCC[N-]1C(=O)c2cccc3C(C)=N(c4c(C(C)C)cccc4C(C)C)->[Ni+2]<-1(<-[c-]1cccc4ccccc41)<-n23,CCCC[N-]1C(=O)c2cccc3C(C)=N(c4c(C(C)C)cccc4C(C)C)->[Ni+2]<-1(<-[c-]1cccc4ccccc41)<-n23,CCCC[N-]1C(=O)c2cccc3C(C)=N(c4c(C(C)C)cccc4C(C)C)->[Ni+2]<-1(<-[c-]1cccc4ccccc41)<-n23
DODXOK,Cc12->[Ir+]3456(<-[C-]#[O+])(<-c(c->3c->41)c->5c->62)<-P(c1ccccc1)(c1ccccc1)c1ccccc1,C26 H23 Ir1 O1 P1 1+,1.0,Cc12->[Ir+]3456(<-[C-]#[O+])(<-c(c->3c->41)c->5c->62)<-P(c1ccccc1)(c1ccccc1)c1ccccc1,Cc12->[Ir+]3456(<-[C-]#[O+])(<-c(c->3c->41)c->5c->62)<-P(c1ccccc1)(c1ccccc1)c1ccccc1,Cc12->[Ir+]3456(<-[C-]#[O+])(<-c(c->3c->41)c->5c->62)<-P(c1ccccc1)(c1ccccc1)c1ccccc1
DOFGOV,CC(C)P1(CCP(C(C)C)(C(C)C)->[Pt+2]<-12<-[S-]/C=C\C=[C-]->2\C#N)C(C)C,C19 H35 N1 P2 Pt1 S1,0.0,CC(C)P1(CCP(C(C)C)(C(C)C)->[Pt+2]<-12<-[S-]C=CC=[C-]->2C#N)C(C)C,CC(C)P1(CCP(C(C)C)(C(C)C)->[Pt+2]<-12<-[S-]C=CC=[C-]->2C#N)C(C)C,CC(C)P1(CCP(C(C)C)(C(C)C)->[Pt+2]<-12<-[S-]C=CC=[C-]->2C#N)C(C)C
DOGDIO,,C32 H28 B1 F10 N1 Si1 Zr1,0.0,CC(C)(C)C#N->[Zr+2]123456789(<-C(B(c%10c(F)c(F)c(F)c(F)c%10F)c%10c(F)c(F)c(F)c(F)c%10F)#C->1[Si](C)(C)C)(<-c1c->2c->3[cH-]->4c->51)<-c1c->6c->7[cH-]->8c->91,CC(C)(C)C#N->[Zr+2]123456789(<-C(B(c%10c(F)c(F)c(F)c(F)c%10F)c%10c(F)c(F)c(F)c(F)c%10F)#C->1[Si](C)(C)C)(<-c1c->2c->3[cH-]->4c->51)<-c1c->6c->7[cH-]->8c->91,CC(C)(C)C#N->[Zr+2]123456789(<-C(B(c%10c(F)c(F)c(F)c(F)c%10F)c%10c(F)c(F)c(F)c(F)c%10F)#C->1[Si](C)(C)C)(<-c1c->2c->3[cH-]->4c->51)<-c1c->6c->7[cH-]->8c->91
DOHKOA,,C29 H51 Cl2 Ta1,0.0,CC(C)(C)Cc12->[Ta+5]34567(<-[Cl-])(<-[Cl-])<-[CH2-]C(C)(C)Cc->31c->4(C(C)(C)C)c->5(CC(C)(C)C)[c-]->62CC(C)(C)[CH2-]->7,CC(C)(C)Cc12->[Ta+5]34567(<-[Cl-])(<-[Cl-])<-[CH2-]C(C)(C)Cc->31c->4(CC(C)(C)C)[c-]->5(CC(C)(C)[CH2-]->6)c->72C(C)(C)C,CC(C)(C)Cc1c(C(C)(C)C)[c-]23CC(C)(C)[CH2-]->[Ta+5]<-245(<-[Cl-])(<-[Cl-])<-[CH2-]C(C)(C)Cc->41c->53CC(C)(C)C
DOHQUO,,C12 H19 Cd1 I2 N3,0.0,CCN1(CC)CCN2=Cc3ccccn3->[Cd+2]<-2<-1(<-[I-])<-[I-],CCN1(CC)CCN2=Cc3ccccn3->[Cd+2]<-2<-1(<-[I-])<-[I-],CCN(CC)CCN1=Cc2ccccn2->[Cd+2]<-1(<-[I-])<-[I-]
DOKMEY,Cc1cc(C)c(N2CCN(c3c(C)cc(C)cc3C)[C-]2[B-]23=[B-](=[N+](C)C)->[Fe+2]<-2(<-[C-]#[O+])(<-[C-]#[O+])(<-[C-]#[O+])<-N3(C)C)c(C)c1,C28 H38 B2 Fe1 N4 O3,0.0,Cc1cc(C)c(N2CCN(c3c(C)cc(C)cc3C)[C]2[B-]23=[B-](=[N+](C)C)->[Fe+]<-2(<-[C-]#[O+])(<-[C-]#[O+])(<-[C-]#[O+])<-N3(C)C)c(C)c1,Cc1cc(C)c(N2CCN(c3c(C)cc(C)cc3C)C2=[B-]23B(=[N+](C)C)->[Fe]<-2(<-[C-]#[O+])(<-[C-]#[O+])(<-[C-]#[O+])<-N3(C)C)c(C)c1,Cc1cc(C)c(N2CCN(c3c(C)cc(C)cc3C)C2=[B-]23B(=[N+](C)C)->[Fe]<-2(<-[C-]#[O+])(<-[C-]#[O+])(<-[C-]#[O+])<-N3(C)C)c(C)c1
DOLZIN,CCO[C](/C=C(\C1=CCCC1)N(C)C)->[W](<-[C-]#[O+])(<-[C-]#[O+])(<-[C-]#[O+])(<-[C-]#[O+])<-[C-]#[O+],C17 H19 N1 O6 W1,0.0,CCO[C-2](C=C(C1=CCCC1)N(C)C)->[W+2](<-[C-]#[O+])(<-[C-]#[O+])(<-[C-]#[O+])(<-[C-]#[O+])<-[C-]#[O+],CCO[C](C=C(C1=CCCC1)N(C)C)->[W](<-[C-]#[O+])(<-[C-]#[O+])(<-[C-]#[O+])(<-[C-]#[O+])<-[C-]#[O+],CCO[C](C=C(C1=CCCC1)N(C)C)->[W](<-[C-]#[O+])(<-[C-]#[O+])(<-[C-]#[O+])(<-[C-]#[O+])<-[C-]#[O+]
DOMXUY,[S-2]->[Nb+5]12(<-[S-]CCSCC[S-]->1)<-[S-]CC[S-]->2,C6 H12 Nb1 S6 1-,-1.0,[S-2]->[Nb+5]123(<-[S-]CC[S-]->1)<-[S-]CCS->2CC[S-]->3,[S-2]->[Nb+5]123(<-[S-]CC[S-]->1)<-[S-]CCS->2CC[S-]->3,[S-2]->[Nb+5]123(<-[S-]CC[S-]->1)<-[S-]CCS->2CC[S-]->3
DONYEK,,C14 H19 O4 P1 Zr1,0.0,COP(OC)(OC)->[Zr+2]12345678(<-[C-]#[O+])(<-c9c->1c->2[cH-]->3c->49)<-c1c->5c->6[cH-]->7c->81,COP(OC)(OC)->[Zr+2]12345678(<-[C-]#[O+])(<-c9c->1c->2[cH-]->3c->49)<-c1c->5c->6[cH-]->7c->81,COP(OC)(OC)->[Zr+2]12345678(<-[C-]#[O+])(<-c9c->1c->2[cH-]->3c->49)<-c1c->5c->6[cH-]->7c->81
DOPWAH,,C27 H35 N1 Zn1,0.0,CC1=C(C)C([C-](=Nc2c(C)cccc2C)->[Zn+2]2345<-[cH-]6c->2(C)c->3(C)c->4(C)c->56C)C(C)=C1C,CC1=C(C)C([C-](=Nc2c(C)cccc2C)->[Zn+2]2345<-[cH-]6c->2(C)c->3(C)c->4(C)c->56C)C(C)=C1C,CC1=C(C)C([C-](=Nc2c(C)cccc2C)->[Zn+2]2<-[cH-]3c(C)c(C)c(C)c->23C)C(C)=C1C
DOQSUZ,O=N([O-])->[Co+3]1234(<-NCCCN->1CCCN->2)(<-O=N->3[O-]->4)<-N(=O)[O-],C6 H17 Co1 N6 O6,0.0,O=[N+](=O)->[Co-3]12(<-NCCCN->1CCCN->2)(<-[N+](=O)=O)<-[N+](=O)=O,O=N([O-])->[Co+3]12(<-NCCCN->1CCCN->2)(<-N(=O)[O-])<-N(=O)[O-],O=N([O-])->[Co+3]12(<-NCCCN->1CCCN->2)(<-N(=O)[O-])<-N(=O)[O-]
DORNEE,C[C+]([C-3]->[Ru+4]123(<-[O-][P@]4(=O)O[P@](=O)([O-]->1)O[P@](=O)([O-]->2)O4)<-P(CCP->3(c1ccccc1)c1ccccc1)(c1ccccc1)c1ccccc1)c1ccccc1,C35 H32 O9 P5 Ru1 1-,-1.0,CC(=[C-2]->[Ru+4]123(<-[O-]P4(=O)OP(=O)([O-]->1)OP(=O)([O-]->2)O4)<-P(CCP->3(c1ccccc1)c1ccccc1)(c1ccccc1)c1ccccc1)c1ccccc1,CC(=[C]->[Ru+2]123(<-[O-]P4(=O)OP(=O)([O-]->1)OP(=O)([O-]->2)O4)<-P(CCP->3(c1ccccc1)c1ccccc1)(c1ccccc1)c1ccccc1)c1ccccc1,CC(=[C]->[Ru+2]123(<-[O-]P4(=O)OP(=O)([O-]->1)OP(=O)([O-]->2)O4)<-P(CCP->3(c1ccccc1)c1ccccc1)(c1ccccc1)c1ccccc1)c1ccccc1
DOSQUA,O=C([O-])c1ccc2C(=O)[O-]->[Zn+2](<-O)(<-O)(<-O)(<-O)<-[O-][n+]2c1,C7 H11 N1 O9 Zn1,0.0,O=C([O-])c1ccc2C(=O)[O-]->[Zn+](<-O)(<-O)(<-O)(<-O)<-[O-][n+]2c1,O=C([O-])c1ccc2C(=O)[O-]->[Zn+2](<-O)(<-O)(<-O)(<-O)<-[O-][n+]2c1,O=C([O-])c1ccc2C(=O)[O-]->[Zn+2](<-O)(<-O)(<-O)(<-O)<-[O-][n+]2c1
DOTPEH,O=[N+]1[O-]->[Sc+3]23(<-O=P(c4ccccc4)(c4ccccc4)c4ccccc4)(<-O=P(c4ccccc4)(c4ccccc4)c4ccccc4)(<-[O-]1)(<-[O-][N+](=O)[O-]->2)<-[O-][N+](=O)[O-]->3,C36 H30 N3 O11 P2 Sc1,0.0,O=[N+]1[O-]->[Sc+5]23(<-[O-]1)(<-[O-][N+](=O)[O-]->2)(<-[O-][N+](=O)[O-]->3)(<-[O-][P](c1ccccc1)(c1ccccc1)c1ccccc1)<-[O-][P](c1ccccc1)(c1ccccc1)c1ccccc1,O=[N+]1[O-]->[Sc+3]23(<-O=P(c4ccccc4)(c4ccccc4)c4ccccc4)(<-O=P(c4ccccc4)(c4ccccc4)c4ccccc4)(<-[O-]1)(<-[O-][N+](=O)[O-]->2)<-[O-][N+](=O)[O-]->3,O=[N+]1[O-]->[Sc+3]2345(<-O=P(c6ccccc6)(c6ccccc6)c6ccccc6)(<-O=P(c6ccccc6)(c6ccccc6)c6ccccc6)(<-[O-]1)(<-[O-][N+]->2(=O)[O-]->3)<-[O-][N+]->4(=O)[O-]->5
DOVLEF,,C24 H26 N2 O8 Pd1,0.0,COC(=O)[C-]1(Cc2cccc3CCc4cccc5C[C-](C(=O)OC)(C(=O)OC)->[Pd+2]<-1(<-n32)<-n45)C(=O)OC,COC(=O)[C-]1(Cc2cccc3[C]Cc4cccc5C[C-](C(=O)OC)(C(=O)OC)->[Pd+2]<-1(<-n32)<-n45)C(=O)OC,COC(=O)[C-]1(Cc2cccc3[C]Cc4cccc5C[C-](C(=O)OC)(C(=O)OC)->[Pd+2]<-1(<-n32)<-n45)C(=O)OC
DOWFUR,Cc12->[Ir+3]34567(<-[Cl-])(<-[CH2-]C->3(=O)c3ccccn->43)<-c1(C)c->5(C)[c-]->6(C)c->72C,C17 H21 Cl1 Ir1 N1 O1,0.0,Cc12->[Ir+3]3456(<-[Cl-])(<-[CH2-]C(=O)c7ccccn->37)<-c1(C)c->4(C)[c-]->5(C)c->62C,Cc12->[Ir+3]3456(<-[Cl-])(<-[CH2-]C(=O)c7ccccn->37)<-c1(C)c->4(C)[c-]->5(C)c->62C,Cc12->[Ir+3]3456(<-[Cl-])(<-[CH2-]C(=O)c7ccccn->37)<-c1(C)c->4(C)[c-]->5(C)c->62C
DOXPOX,CC(C)P(=[Se]->[Cu+](<-[I-])<-[Se]=P(C(C)C)(C(C)C)C(C)C)(C(C)C)C(C)C,C18 H42 Cu1 I1 P2 Se2,0.0,CC(C)P(=[Se]->[Cu+](<-[I-])<-[Se]=P(C(C)C)(C(C)C)C(C)C)(C(C)C)C(C)C,CC(C)P(=[Se]->[Cu+](<-[I-])<-[Se]=P(C(C)C)(C(C)C)C(C)C)(C(C)C)C(C)C,CC(C)P(=[Se]->[Cu+](<-[I-])<-[Se]=P(C(C)C)(C(C)C)C(C)C)(C(C)C)C(C)C
DOZJAF,,C32 H30 N3 Pt1 1+,1.0,Cc1cccc(C)c1[N+]#[C-]->[Pt+2]12<-[c-]3ccccc3-c3cccc(-c4cc5c(cn->14)C1CC(C5)C1(C)C)n->23,Cc1cccc(C)c1[N+]#[C-]->[Pt+2]12<-[c-]3ccccc3-c3cccc(-c4cc5c(cn->14)C1CC(C5)C1(C)C)n->23,Cc1cccc(C)c1[N+]#[C-]->[Pt+2]12<-[c-]3ccccc3-c3cccc(-c4cc5c(cn->14)C1CC(C5)C1(C)C)n->23
DPCBWC,[O+]#[C-]->[W+2](<-[C-]#[O+])(<-[C-]#[O+])(<-[C-]#[O+])(<-[C-]#[O+])<-[C-](=C1C=C[CH-]C=C1)c1ccccc1,C18 H10 O5 W1,0.0,[O+]#[C-]->[W+2](<-[C-]#[O+])(<-[C-]#[O+])(<-[C-]#[O+])(<-[C-]#[O+])<-[C-2](c1ccccc1)c1ccccc1,[O+]#[C-]->[W](<-[C-]#[O+])(<-[C-]#[O+])(<-[C-]#[O+])(<-[C-]#[O+])<-[C](c1ccccc1)c1ccccc1,[O+]#[C-]->[W](<-[C-]#[O+])(<-[C-]#[O+])(<-[C-]#[O+])(<-[C-]#[O+])<-[C](c1ccccc1)c1ccccc1
DUCBOS,Nc1nc(-c2ccccn2)n2->[La+3]345(<-[O-][N+](=O)[O-]->3)(<-[O-][N+](=O)[O-]->4)(<-[O-]O->5[N+](=O)[O-])<-n3ccccc3-c2n1,C13 H12 La1 N9 O10,0.0,Nc1nc2-c3ccccn3->[La+3]3456(<-O)(<-[O-][N+](=O)[O-]->3)(<-[O-][N+](=O)[O-]->4)(<-[O-][N+](=O)[O-]->5)<-n3ccccc3-c(n1)n->62,NC1NC2C3CCCCN3[La]3456789(O)(<-N(O)(O3)O4)(<-N(O)(O5)O6)(<-N(O)(O7)O8)N3CCCCC3C(N1)N29,NC1NC2C3CCCCN3[La]3456789%10(<-O(O3)N->4(O)O5)(<-N(O)(O6)O7)(<-N(O)(O8)O9)N3CCCCC3C(N1)N2%10
DUCPIB,Cc1[nH]ccn1->[Zn+2](<-[O-]C(=O)Cc1ccc(S)c(S)c1)(<-[O-]C(=O)Cc1ccc(S)c(S)c1)<-n1cc[nH]c1C,C24 H26 N4 O4 S4 Zn1,0.0,Cc1[nH]ccn1->[Zn+2](<-[O-]C(=O)Cc1ccc(S)c(S)c1)(<-[O-]C(=O)Cc1ccc(S)c(S)c1)<-n1cc[nH]c1C,Cc1[nH]ccn1->[Zn+2](<-[O-]C(=O)Cc1ccc(S)c(S)c1)(<-[O-]C(=O)Cc1ccc(S)c(S)c1)<-n1cc[nH]c1C,Cc1[nH]ccn1->[Zn+2]1234(<-O=C->1(Cc1ccc(S)c(S)c1)[O-]->2)(<-O=C->3(Cc1ccc(S)c(S)c1)[O-]->4)<-n1cc[nH]c1C
DUDREA,CC(C)[C+]1[CH+][CH+][CH-][C-](C(C)C)[C+]1[N-]1[C+]2(C)[C-]3(C)[N-]([C-]4[C+](C(C)C)[CH-][CH-][CH+][C-]4C(C)C)->[Y+3]<-1<-2<-3456789(<-[H][BH-]->4([H]->5)[H]->6)<-[H][BH-]->7([H]->8)[H]->9,C28 H48 B2 N2 Y1 1-,-1.0,CC(C)c1cccc(C(C)C)c1N1C2(C)=C3(C)N(c4c(C(C)C)cccc4C(C)C)->[Y+]<-1<-2<-34567(<-[H][BH-]([H]->4)[H]->5)<-[H][BH-]([H]->6)[H]->7,B->[YH-2]1(<-B)<-N(c2c(C(C)C)cccc2C(C)C)=C(C)C(C)=N->1c1c(C(C)C)cccc1C(C)C.[H+],B.[BH2+]->[YH3-2]1<-N(c2c(C(C)C)cccc2C(C)C)=C(C)C(C)=N->1c1c(C(C)C)cccc1C(C)C
DUFNAV,C/C1c2ccccn2->[Cd+2]23(<-[O-]O[N+](=O)[O-]->2)(<-[O-][N+](=O)[O-]->3)<-N=1\NC(=O)c1ccccc1N,C14 H16 Cd1 N6 O8,0.0,CC1c2ccccn2->[Cd+2]23(<-O)(<-O=C(NN->2=1)c1ccccc1N)(<-[O-][N+](=O)[O-])<-[O-][N+](=O)[O-]->3,CC1c2ccccn2->[Cd+4]23(<-[O-2])(<-O=C(NN->2=1)c1ccccc1N)(<-[O-][N+](=O)[O-])<-[O-][N+](=O)[O-]->3,CC1c2ccccn2->[Cd+2]2345(<-O=[O+]N([O-])[O-]->2)(<-O=C(NN->3=1)c1ccccc1N)<-[O-][N+]->4(=O)[O-]->5
DUGHAQ,COC(=O)C1/C(C(=O)OC)=[C-](/C(=O)OC)->[Pd+2]2(<-[C]3N(C)C=CN3Cc3ccccn->23)<-[C-]=1\C(=O)OC,C22 H23 N3 O8 Pd1,0.0,COC(=O)C1C(C(=O)OC)=[C-](C(=O)OC)->[Pd+2]2(<-[C]3N(C)C=CN3Cc3ccccn->23)<-[C-]=1C(=O)OC,COC(=O)C1C(C(=O)OC)=[C-](C(=O)OC)->[Pd+2]2(<-[C]3N(C)C=CN3Cc3ccccn->23)<-[C-]=1C(=O)OC,COC(=O)C1C(C(=O)OC)=[C-](C(=O)OC)->[Pd+2]2(<-[C]3N(C)C=CN3Cc3ccccn->23)<-[C-]=1C(=O)OC
DUHCIT,CSC1/N=N2/C=C3/C=CC=C[N-]3->[Cd+2]<-234(<-S=1)<-S=C(N/N->3=C/c1ccccn->41)SC,C16 H17 Cd1 N6 S4 1+,1.0,CSC1=NN2=Cc3ccccn3->[Cd+2]<-234(<-S=C(NN->3=Cc2ccccn->42)SC)<-[S-]1,CSC1N=N2C=C3C=CC=C[N-]3->[Cd+2]<-234(<-S=1)<-S=C(NN->3=Cc1ccccn->41)SC,CSC1N=N2C=C3C=CC=C[N-]3->[Cd+2]<-234(<-S=1)<-S=C(NN->3=Cc1ccccn->41)SC
DUHWAG,[Cl-]->[Zr+4]123456789(<-[Cl-])<-C%10=c->1%11ccccc->2%11=C->3[C+]->4%10[c+]1[cH-][cH+][cH-][cH-][c+]1[C+]->51[CH+]->6[c+]->72[cH-][cH-][cH-][cH-][c-]->82[CH-]->91,C24 H16 Cl2 Zr1,0.0,[Cl-]->[Zr+4]123456789(<-[Cl-])<-c%10c->1(-c1ccccc1-c->21c->3c->42ccccc->52[cH-]->61)[cH-]->7c->81ccccc->9%101,[Cl-]->[Zr+4]123456789(<-[Cl-])<-c%10c->1(-c1ccccc1-c->21c->3c->42cccc[c-]->52c->61)c->7[c-]->81ccccc->9%101,[Cl-]->[Zr+4]123456789(<-[Cl-])<-c%10c->1(-c1ccccc1-c->21c->3c->42cccc[c-]->52c->61)c->7[c-]->81ccccc->9%101
DUKMAZ,NC1/N=N2/c3c([O-]->[Rh@+]<-2(<-[C-]#[O+])<-S=1)c1ccccc1c1ccccc31,C16 H10 N3 O2 Rh1 S1,0.0,NC1=N[N-]2c3c([O-]->[Rh+3]<-2(<-[C-]#[O+])<-[S-]1)c1ccccc1c1ccccc31,NC1=N[N-]2c3c([O-]->[Rh+7]<-2(<-[C-3][O-])<-[S-]1)c1ccccc1c1ccccc31,NC1=N[N-]2c3c([O-]->[Rh+3]<-2(<-[C-]#[O+])<-[S-]1)c1ccccc1c1ccccc31
DULQOS,[Cl-]->[Zr+4]123456789(<-[Cl-])<-c%10c->1%11[c+]->2(c->31[cH+]cc[cH+]c->4%10=1)CC[C-]->51[C-]->6([C-]2[CH-][CH+][CH-][CH-][C+]2%11)[CH+]->7[C-]->82[CH+][CH-][CH-][CH+][C-]->921,C26 H18 Cl2 Zr1,0.0,[Cl-]->[Zr+4]123456789(<-[Cl-])<-[cH-]%10c->1%11c->2(c->31ccccc->4%101)CCc->51c->6([cH-]->7c->82ccccc->912)-c1ccccc1-%11,[Cl-]->[Zr+2]123456789(<-[Cl-])<-C%10=c->1%11ccccc->2%11=C->31CCC->42=c->53ccccc->63=C->7C->82=c2ccccc2=C->9%101,[Cl-]->[Zr+2]123456789(<-[Cl-])<-C%10=c->1%11ccccc->2%11=C->31CCC->42=c->53ccccc->63=C->7C->82=c2ccccc2=C->9%101
DUMMUT,Cc12->[Mn+]3456(<-[Cl-])(<-[C-]#[O+])(<-[C-]#[O+])<-c1(C)c->3(C)c->4(C)c->5(C)c->62C,C14 H18 Cl1 Mn1 O2,0.0,Cc12->[Mn+]3456(<-[Cl-])(<-[C-]#[O+])(<-[C-]#[O+])<-c1(C)c->3(C)c->4(C)c->5(C)c->62C,Cc12->[Mn+]3456(<-[Cl-])(<-[C-]#[O+])(<-[C-]#[O+])<-c1(C)c->3(C)c->4(C)c->5(C)c->62C,Cc1c(C)c(C)c2(C)->[Mn+](<-[Cl-])(<-[C-]#[O+])(<-[C-]#[O+])<-c2(C)c1C
DUPSOW,,C12 H38 Ir1 P4 S1 1+,1.0,CP(C)(C)->[IrH+2](<-[SH-])(<-P(C)(C)C)(<-P(C)(C)C)<-P(C)(C)C,CP(C)(C)->[IrH+2](<-[SH-])(<-P(C)(C)C)(<-P(C)(C)C)<-P(C)(C)C,CP(C)(C)->[IrH+2](<-[SH-])(<-P(C)(C)C)(<-P(C)(C)C)<-P(C)(C)C
DURHIJ,C#CCN=c1sc2[S-]->[Pt+2]3(<-[S-]c2s1)<-n1ccccc1-c1ccccn->31,C16 H11 N3 Pt1 S4,0.0,C#CCN=c1sc2[S-]->[Pt+2]3(<-[S-]c2s1)<-n1ccccc1-c1ccccn->31,C#CCN=C1SC2=S->[Pt]3(<-S=C2S1)<-n1ccccc1-c1ccccn->31,C#CCN=C1SC2=S->[Pt]3(<-S=C2S1)<-n1ccccc1-c1ccccn->31
DURWOD,Nc1sccn1->[Cd+2]1(<-[O-]C(=O)[C@@H]2[C@H](C(=O)[O-]->1)[C@H]1CC[C@@H]2O1)(<-n1ccsc1N)<-n1ccsc1N,C17 H20 Cd1 N6 O5 S3,0.0,Nc1sccn1->[Cd+2]12(<-[O-]C(=O)C3C(C(=O)[O-]->1)C1CCC3O->21)(<-n1ccsc1N)<-n1ccsc1N,Nc1sccn1->[Cd+2]12(<-[O-]C(=O)C3C(C(=O)[O-]->1)C1CCC3O->21)(<-n1ccsc1N)<-n1ccsc1N,Nc1sccn1->[Cd+2]1(<-[O-]C(=O)C2C3CCC(O3)C2C(=O)[O-]->1)(<-n1ccsc1N)<-n1ccsc1N
DUSTES,CO[C@@H]1c2ccccn2->[Zn+2](<-[Cl-])(<-[Cl-])<-n2ccccc2[C@@H]2N(c3ccccc3)CCN12,C21 H22 Cl2 N4 O1 Zn1,0.0,COC1c2ccccn2->[Zn+2]2(<-[Cl-])(<-[Cl-])<-n3ccccc3C3N(c4ccccc4)CCN->213,COC1c2ccccn2->[Zn+2]2(<-[Cl-])(<-[Cl-])<-n3ccccc3C3N(c4ccccc4)CCN->213,COC1c2ccccn2->[Zn+2]2(<-[Cl-])(<-[Cl-])<-n3ccccc3C3N(c4ccccc4)CCN->213
DUVSIY,CCC(CC)[c+]1[c+]2[n-]3->[Zn@SP3+2]45<-[n-]6[c+]([cH+][c+]3[CH-][CH+]2)[CH+][CH+][c-]6[cH-][c+]2[cH-][cH+][c-]([cH+][c-]3[cH-][cH-][c-]1[n-]->43)[n-]->52,C25 H22 N4 Zn1,0.0,CCC(CC)c1c2n3->[Zn+2]45<-n6c(cc7ccc(cc3C=C2)[n-]->47)C=Cc6cc2ccc1[n-]->52,CCC(CC)c1c2n3->[Zn+2]45<-n6c(cc7ccc(cc3C=C2)[n-]->47)C=Cc6cc2ccc1[n-]->52,CCC(CC)c1c2n3->[Zn+2]45<-n6c(cc7ccc(cc3C=C2)[n-]->47)C=Cc6cc2ccc1[n-]->52
DUYFAE,CO[C-]1C2=CC(OC)(OC)C=C[C@]2(OC)O(C)->[Cr+2]<-1(<-[C-]#[O+])(<-[C-]#[O+])(<-[C-]#[O+])<-[C-]#[O+],C16 H18 Cr1 O9,0.0,CO[C-2]1C2=CC(OC)(OC)C=CC2(OC)O(C)->[Cr+2]<-1(<-[C-]#[O+])(<-[C-]#[O+])(<-[C-]#[O+])<-[C-]#[O+],CO[C]1C2=CC(OC)(OC)C=CC2(OC)O(C)->[Cr]<-1(<-[C-]#[O+])(<-[C-]#[O+])(<-[C-]#[O+])<-[C-]#[O+],CO[C]1C2=CC(OC)(OC)C=CC2(OC)O(C)->[Cr]<-1(<-[C-]#[O+])(<-[C-]#[O+])(<-[C-]#[O+])<-[C-]#[O+]
DUYZEE,,C42 H30 F4 Ir1 N5 S2,0.0,Cc1cc(-c2nc3-c4ccccn4->[Ir+3]45(<-[c-]6cc(F)cc(F)c6-c6ccccn->46)(<-[c-]4cc(F)cc(F)c4-c4ccccn->54)<-[n-]3c2-c2cc(C)sc2C)c(C)s1,Cc1cc(C2=NC3=C4C=CC=C[N-]4->[Ir+3]45(<-[c-]6cc(F)cc(F)c6-c6ccccn->46)(<-[c-]4cc(F)cc(F)c4-c4ccccn->54)<-N3=C2c2cc(C)sc2C)c(C)s1,Cc1cc(C2=NC3=C4C=CC=C[N-]4->[Ir+3]45(<-[c-]6cc(F)cc(F)c6-c6ccccn->46)(<-[c-]4cc(F)cc(F)c4-c4ccccn->54)<-N3=C2c2cc(C)sc2C)c(C)s1
EABIMN,CC[C@@]1(CCC(C)C)C(=O)NC(=O)[N-](->[Ni+2](<-n2cc[nH]c2)(<-n2cc[nH]c2)<-[N-]2C(=O)NC(=O)[C@@](CC)(CCC(C)C)C2=O)C1=O,C28 H42 N8 Ni1 O6,0.0,CCC1(CCC(C)C)C(=O)NC(=O)[N-]2->[Ni+2]3(<-O=C21)(<-O=C1[N-]->3C(=O)NC(=O)C1(CC)CCC(C)C)(<-n1cc[nH]c1)<-n1cc[nH]c1,CCC1(CCC(C)C)C(=O)NC(=O)N2->[Ni+2]3(<-[O-]C=21)(<-[O-]C1=N->3C(=O)NC(=O)C1(CC)CCC(C)C)(<-n1cc[nH]c1)<-n1cc[nH]c1,CCC1(CCC(C)C)C(=O)NC(=O)[N-](->[Ni+2](<-n2cc[nH]c2)(<-n2cc[nH]c2)<-[N-]2C(=O)NC(=O)C(CC)(CCC(C)C)C2=O)C1=O
EBASEH,NC1N/N2=C/c3ccccc3[O-]->[Ni@OH26+2]<-2(<-S=1)<-n1ccccc1-c1cccc(-c2ccccn2)n1,C23 H19 N6 Ni1 O1 S1 1+,1.0,NC1NN2=Cc3ccccc3[O-]->[Ni+2]<-234(<-S=1)<-n1ccccc1-c1cccc(-c2ccccn->32)n->41,NC1NN2=Cc3ccccc3[O-]->[Ni+2]<-234(<-S=1)<-n1ccccc1-c1cccc(-c2ccccn->32)n->41,NC1NN2=Cc3ccccc3[O-]->[Ni+2]<-234(<-S=1)<-n1ccccc1-c1cccc(-c2ccccn->32)n->41
EBAYIS,Cc1cc(C)c(-n2n[n+](C)c(-c3ccccc3)[c-]2->[Au+]<-[Cl-])c(C)c1,C18 H19 Au1 Cl1 N3,0.0,Cc1cc(C)c(-n2n[n+](C)c(-c3ccccc3)[c]2->[Au]<-[Cl-])c(C)c1,Cc1cc(C)c(-n2n[n+](C)c(-c3ccccc3)[c-]2->[Au+]<-[Cl-])c(C)c1,Cc1cc(C)c(-n2n[n+](C)c(-c3ccccc3)[c-]2->[Au+]<-[Cl-])c(C)c1
EBOXUQ,c1ccc(P(c2ccccc2)(c2ccccc2)->[Cu+]2(<-S=c3[nH]cccn->23)<-P(c2ccccc2)(c2ccccc2)c2ccccc2)cc1,C40 H34 Cu1 N2 P2 S1 1+,1.0,c1ccc(P(c2ccccc2)(c2ccccc2)->[Cu+]2(<-S=c3[nH]cccn->23)<-P(c2ccccc2)(c2ccccc2)c2ccccc2)cc1,c1ccc(P(c2ccccc2)(c2ccccc2)->[Cu+]2(<-S=c3[nH]cccn->23)<-P(c2ccccc2)(c2ccccc2)c2ccccc2)cc1,c1ccc(P(c2ccccc2)(c2ccccc2)->[Cu+]2(<-S=c3[nH]cccn->23)<-P(c2ccccc2)(c2ccccc2)c2ccccc2)cc1
EBUFUD,CC(C)/N1=C/[N-](C(C)C)->[Zr+4]<-12345(<-[Cl-])(<-[Cl-])<-c1(C)c->2(C)c->3(C)[c-]->4(C)c->51C,C17 H30 Cl2 N2 Zr1,0.0,CC(C)N1=C[N-](C(C)C)->[Zr+4]<-12345(<-[Cl-])(<-[Cl-])<-c1(C)c->2(C)c->3(C)[c-]->4(C)c->51C,CC(C)N1=C2[N-](C(C)C)->[Zr+4]<-2<-13456(<-[Cl-])(<-[Cl-])<-c1(C)c->3(C)c->4(C)[c-]->5(C)c->61C,CC(C)N1=C2[N-](C(C)C)->[Zr+4]<-2<-13456(<-[Cl-])(<-[Cl-])<-c1(C)c->3(C)c->4(C)[c-]->5(C)c->61C
ECADET,,C44 H30 Fe1 N5 O2 1+,1.0,O=[N-]->[Fe+4]123(<-O)<-n4c5c(-c6ccccc6)c6ccc(c(-c7ccccc7)c7n->1c(c(-c1ccccc1)c1ccc(c(-c8ccccc8)c4C=C5)[n-]->21)C=C7)[n-]->36,O=[N-]->[Fe+4]123(<-O)<-n4c5c(-c6ccccc6)c6ccc(c(-c7ccccc7)c7n->1c(c(-c1ccccc1)c1ccc(c(-c8ccccc8)c4C=C5)[n-]->21)C=C7)[n-]->36,O=[N-]->[Fe+4]123(<-O)<-n4c5c(-c6ccccc6)c6ccc(c(-c7ccccc7)c7n->1c(c(-c1ccccc1)c1ccc(c(-c8ccccc8)c4C=C5)[n-]->21)C=C7)[n-]->36
ECEKAA,,C32 H28 Ni1 S4,0.0,Cc1ccc(C2[S-]->[Ni+4]3(<-[S-]C=2c2ccc(C)cc2)<-[S-]C(=C([S-]->3)c2ccc(C)cc2)c2ccc(C)cc2)cc1,Cc1ccc(C2=S->[Ni]3(<-S=C2c2ccc(C)cc2)<-S=C(C(=S->3)c2ccc(C)cc2)c2ccc(C)cc2)cc1,Cc1ccc(C2=S->[Ni]3(<-S=C2c2ccc(C)cc2)<-S=C(C(=S->3)c2ccc(C)cc2)c2ccc(C)cc2)cc1
ECIBIC,CC(C)N[C]1NN[C](NC(C)C)->[Pd+2]<-1(<-[Br-])<-[Br-],C8 H18 Br2 N4 Pd1,0.0,CC(C)N[C]1NN[C](NC(C)C)->[Pd+2]<-1(<-[Br-])<-[Br-],CC(C)N[C]1NN[C](NC(C)C)->[Pd+2]<-1(<-[Br-])<-[Br-],CC(C)N[C]1NN[C](NC(C)C)->[Pd+2]<-1(<-[Br-])<-[Br-]
ECILIO,O=[N+]1C=CC(=C2C=C[N-](->[Pt+2](<-[Cl-])(<-[Cl-])<-[P@TB5](c3ccccc3)(c3ccccc3)c3ccccc3)C=C2)C=C1,C28 H23 Cl2 N2 O1 P1 Pt1,0.0,[O-][n+]1ccc(-c2ccn(->[Pt+2](<-[Cl-])(<-[Cl-])<-P(c3ccccc3)(c3ccccc3)c3ccccc3)cc2)cc1,O=[N+]1C=CC(=C2C=C[N-](->[Pt+2](<-[Cl-])(<-[Cl-])<-P(c3ccccc3)(c3ccccc3)c3ccccc3)C=C2)C=C1,O=[N+]1C=CC(=C2C=C[N-](->[Pt+2](<-[Cl-])(<-[Cl-])<-P(c3ccccc3)(c3ccccc3)c3ccccc3)C=C2)C=C1
ECOKEP,CC(C)(C)[N+]#[C-]->[Pd@@+2]1(<-[Cl-])<-[C-](=N\C(Nc2ccccc2)=N->1\c1ccccc1)/NC(C)(C)C,C23 H30 Cl1 N5 Pd1,0.0,CC(C)(C)[N+]#[C-]->[Pd+]1(<-[Cl-])<-[C](=NC(Nc2ccccc2)=N->1c1ccccc1)NC(C)(C)C,CC(C)(C)[N+]#[C-]->[Pd+2]1(<-[Cl-])<-[C-](=NC(Nc2ccccc2)=N->1c1ccccc1)NC(C)(C)C,CC(C)(C)[N+]#[C-]->[Pd+2]1(<-[Cl-])<-[C-](=NC(Nc2ccccc2)=N->1c1ccccc1)NC(C)(C)C
ECORUM,,C21 H26 Mn1 O5 P1,0.0,CCO[P+](OCC)(OCC)[C-](=Cc1ccccc1)->[Mn+]1234(<-[C-]#[O+])(<-[C-]#[O+])<-c5c->1c->2[cH-]->3c->45,CCOP(OCC)(OCC)=C(=Cc1ccccc1)->[Mn+]1234(<-[C-]#[O+])(<-[C-]#[O+])<-c5c->1c->2[cH-]->3c->45,CCOP(OCC)(OCC)=C(=Cc1ccccc1)->[Mn+]1234(<-[C-]#[O+])(<-[C-]#[O+])<-c5c->1c->2[cH-]->3c->45
ECUBEM,Cc1cccc(NC(=O)/C=C\C2=O->[Cd+2]3(<-O=C(/C=C\C(=O)Nc4cccc(C)c4)[O-]->3)(<-[O-]2)(<-n2[nH]c(C)cc2C)<-n2[nH]c(C)cc2C)c1,C32 H36 Cd1 N6 O6,0.0,fail,Cc1cccc(NC(=O)C=CC2=O->[Cd+2]3(<-O=C(C=CC(=O)Nc4cccc(C)c4)[O-]->3)(<-[O-]2)(<-n2[nH]c(C)cc2C)<-n2[nH]c(C)cc2C)c1,Cc1cccc(NC(=O)C=CC23=O->[Cd+2]<-245(<-O=C->4(C=CC(=O)Nc2cccc(C)c2)[O-]->5)(<-[O-]3)(<-n2[nH]c(C)cc2C)<-n2[nH]c(C)cc2C)c1
EDAHAS,CP1(C)=S->[Cu+](<-[S-]1)(<-P(c1ccccc1)(c1ccccc1)c1ccccc1)<-P(c1ccccc1)(c1ccccc1)c1ccccc1,C38 H36 Cu1 P3 S2,0.0,fail,CP1(C)=S->[Cu+](<-[S-]1)(<-P(c1ccccc1)(c1ccccc1)c1ccccc1)<-P(c1ccccc1)(c1ccccc1)c1ccccc1,CP12(C)=S->[Cu+]<-1(<-[S-]2)(<-P(c1ccccc1)(c1ccccc1)c1ccccc1)<-P(c1ccccc1)(c1ccccc1)c1ccccc1
EDIDOM,CC#N->[Mn+]1(<-[C-]#[O+])(<-[C-]#[O+])(<-[C-]#[O+])<-N(=C\c2ccc3ccccc3n->12)/c1ccccc1,C21 H15 Mn1 N3 O3 1+,1.0,CC#N->[Mn+]1(<-[C-]#[O+])(<-[C-]#[O+])(<-[C-]#[O+])<-N(=Cc2ccc3ccccc3n->12)c1ccccc1,CC#N->[Mn+3]1(<-[C-]#[O+])(<-[C-]#[O+])(<-[C-]#[O+])<-[N-](C=C2C=Cc3ccccc3[N-]->12)c1ccccc1,CC#N->[Mn+3]1(<-[C-]#[O+])(<-[C-]#[O+])(<-[C-]#[O+])<-[N-](C=C2C=Cc3ccccc3[N-]->12)c1ccccc1
EDIZIB,COc1ccccc1/N1=C/c2ccccc2[O-]->[Ni+2]<-12<-[O-]c1ccccc1/C=N->2/c1ccccc1OC,C28 H24 N2 Ni1 O4,0.0,CO1c2ccccc2N2=Cc3ccccc3[O-]->[Ni+2]<-2<-134<-[O-]c1ccccc1C=N->3c1ccccc1O->4C,CO1c2ccccc2N2=Cc3ccccc3[O-]->[Ni+2]<-2<-134<-[O-]c1ccccc1C=N->3c1ccccc1O->4C,COc1ccccc1N1=Cc2ccccc2[O-]->[Ni+2]<-123<-[O-]c1ccccc1C=N->2c1ccccc1O->3C
EDOLER,CC1=O->[Zn+2]23(<-NCc4ccccn->24)(<-NCc2ccccn->32)<-[O-]1,C14 H19 N4 O2 Zn1 1+,1.0,fail,CC1=O->[Zn+2]23(<-NCc4ccccn->24)(<-NCc2ccccn->32)<-[O-]1,CC12=O->[Zn+2]<-134(<-NCc1ccccn->31)(<-NCc1ccccn->41)<-[O-]2
EFAGEA,CC1=O->[Cd+2]23(<-[O-]C(=O)CC#N)(<-[O-]1)<-N(/CCN->2(C)C)=C(/C)c1ccccn->31,C16 H22 Cd1 N4 O4,0.0,fail,CC1=O->[Cd+2]23(<-[O-]C(=O)CC#N)(<-[O-]1)<-N(CCN->2(C)C)=C(C)c1ccccn->31,CC1c2ccccn2->[Cd+2]23456(<-O=C->2(C)[O-]->3)(<-O=C->4(CC#N)[O-]->5)<-N=1CCN->6(C)C
EFEVOB,Fc1cc(F)c2Cn3cccn3->[Ir+3]34(<-[c-]2c1)(<-[c-]1cc(F)cc(F)c1Cn1cccn->31)<-N1=NC(C(F)(F)F)=N/C1=C1\C=CC=C[N-]->41,C28 H18 F7 Ir1 N8,0.0,Fc1cc(F)c2Cn3cccn3->[Ir+3]34(<-[c-]2c1)(<-[c-]1cc(F)cc(F)c1Cn1cccn->31)<-n1ccccc1-c1nc(C(F)(F)F)n[n-]->41,Fc1cc(F)c2Cn3cccn3->[Ir+3]34(<-[c-]2c1)(<-[c-]1cc(F)cc(F)c1Cn1cccn->31)<-N1=NC(C(F)(F)F)=NC1=C1C=CC=C[N-]->41,Fc1cc(F)c2Cn3cccn3->[Ir+3]34(<-[c-]2c1)(<-[c-]1cc(F)cc(F)c1Cn1cccn->31)<-N1=NC(C(F)(F)F)=NC1=C1C=CC=C[N-]->41
EFINUC,Cc1ccn(->[Ru+2]234(<-[O-]/C(=N\c5cccc(-c6cccc(/N=C(\[O-]->2)c2ccccc2)n->36)n->45)c2ccccc2)<-S(C)(C)=O)cc1,C32 H29 N5 O3 Ru1 S1,0.0,Cc1ccn(->[Ru+2]234(<-[O-]C(=Nc5cccc(-c6cccc(N=C([O-]->2)c2ccccc2)n->36)n->45)c2ccccc2)<-S(C)(C)=O)cc1,Cc1ccn(->[Ru+2]234(<-[O-]C(=Nc5cccc(-c6cccc(N=C([O-]->2)c2ccccc2)n->36)n->45)c2ccccc2)<-S(C)(C)=O)cc1,Cc1ccn(->[Ru+2]234(<-[O-]C(=Nc5cccc(-c6cccc(N=C([O-]->2)c2ccccc2)n->36)n->45)c2ccccc2)<-S(C)(C)=O)cc1
EFOTOI,CN1C=C[C](->[Cr](<-[C-]#[O+])(<-[C-]#[O+])(<-[C-]#[O+])(<-[C-]#[O+])<-[C-]#[O+])N1C,C10 H8 Cr1 N2 O5,0.0,CN1C=C[C](->[Cr](<-[C-]#[O+])(<-[C-]#[O+])(<-[C-]#[O+])(<-[C-]#[O+])<-[C-]#[O+])N1C,CN1C=C[C](->[Cr](<-[C-]#[O+])(<-[C-]#[O+])(<-[C-]#[O+])(<-[C-]#[O+])<-[C-]#[O+])N1C,CN1C=C[C](->[Cr](<-[C-]#[O+])(<-[C-]#[O+])(<-[C-]#[O+])(<-[C-]#[O+])<-[C-]#[O+])N1C
EFUFIU,,C12 H9 B1 Br6 Mo1 N4 O2,0.0,fail,CC12=C->[Mo+2]<-13(<-[C-]#[O+])(<-[C-]#[O+])(<-[CH2-]2)<-n1c(Br)c(Br)c(Br)n1[BH2-]n1c(Br)c(Br)c(Br)n->31,CC12=C->[MoH+]<-13(<-[C-]#[O+])(<-[C-]#[O+])(<-[CH2-]2)<-n1c(Br)c(Br)c(Br)n1Bn1c(Br)c(Br)c(Br)n->31
EFUVUW,N#C/C1=C(/C#N)->[Pd@TB7]<-12<-N1=C(c3ccccc3P->2(c2ccccc2)c2ccccc2)OC[C@H]1c1ccccc1,C31 H24 N3 O1 P1 Pd1,0.0,N#CC1=C(C#N)->[Pd]<-12<-N1=C(c3ccccc3P->2(c2ccccc2)c2ccccc2)OCC1c1ccccc1,N#CC1=C(C#N)->[Pd]<-12<-N1=C(c3ccccc3P->2(c2ccccc2)c2ccccc2)OCC1c1ccccc1,N#CC1=C(C#N)->[Pd]<-123<-c1ccccc1C1COC(c4ccccc4P->2(c2ccccc2)c2ccccc2)=N->31
EGADOH,Fc1ccc(-c2nn3->[Ir+3]45(<-[O-]c6ccccc6-c3o2)(<-[c-]2c(F)c(F)cc(F)c2-c2ccccn->42)<-[c-]2c(F)c(F)cc(F)c2-c2ccccn->52)cc1,C36 H18 F7 Ir1 N4 O2,0.0,Fc1ccc(-c2nn3->[Ir+3]45(<-[O-]c6ccccc6-c3o2)(<-[c-]2c(F)c(F)cc(F)c2-c2ccccn->42)<-[c-]2c(F)c(F)cc(F)c2-c2ccccn->52)cc1,Fc1ccc(-c2nn3->[Ir+3]45(<-[O-]c6ccccc6-c3o2)(<-[c-]2c(F)c(F)cc(F)c2-c2ccccn->42)<-[c-]2c(F)c(F)cc(F)c2-c2ccccn->52)cc1,Fc1ccc(-c2nn3->[Ir+3]45(<-[O-]c6ccccc6-c3o2)(<-[c-]2c(F)c(F)cc(F)c2-c2ccccn->42)<-[c-]2c(F)c(F)cc(F)c2-c2ccccn->52)cc1
EGEXUJ,CCO[C](/C=C(/C=C/c1ccccc1)NC(C)C)->[W](<-[C-]#[O+])(<-[C-]#[O+])(<-[C-]#[O+])(<-[C-]#[O+])<-[C-]#[O+],C21 H21 N1 O6 W1,0.0,CCO[C-2](C=C(C=Cc1ccccc1)NC(C)C)->[W+2](<-[C-]#[O+])(<-[C-]#[O+])(<-[C-]#[O+])(<-[C-]#[O+])<-[C-]#[O+],CCO[C](C=C(C=Cc1ccccc1)NC(C)C)->[W](<-[C-]#[O+])(<-[C-]#[O+])(<-[C-]#[O+])(<-[C-]#[O+])<-[C-]#[O+],CCO[C](C=C(C=Cc1ccccc1)NC(C)C)->[W](<-[C-]#[O+])(<-[C-]#[O+])(<-[C-]#[O+])(<-[C-]#[O+])<-[C-]#[O+]
EGOBAE,Cc1ccc2[O-]->[Pd@SP2+2]3(<-[O-]C(=O)c4ccccc4/N->3=N/c2c1)<-P(c1ccccc1)(c1ccccc1)c1ccccc1,C32 H25 N2 O3 P1 Pd1,0.0,Cc1ccc2[O-]->[Pd+2]3(<-[O-]C(=O)c4ccccc4N->3=Nc2c1)<-P(c1ccccc1)(c1ccccc1)c1ccccc1,Cc1ccc2[O-]->[Pd+4]3(<-[O-]C(=O)c4ccccc4[N-]->3[N-]c2c1)<-P(c1ccccc1)(c1ccccc1)c1ccccc1,Cc1ccc2[O-]->[Pd+4]3(<-[O-]C(=O)c4ccccc4[N-]->3[N-]c2c1)<-P(c1ccccc1)(c1ccccc1)c1ccccc1
EGUGET,Cc1ccccc1N->[Cd+2](<-[I-])(<-[I-])<-Nc1ccccc1C,C14 H18 Cd1 I2 N2,0.0,Cc1ccccc1N->[Cd+2](<-[I-])(<-[I-])<-Nc1ccccc1C,Cc1ccccc1N->[Cd+2](<-[I-])(<-[I-])<-Nc1ccccc1C,Cc1ccccc1N.Cc1ccccc1N.[I-]->[Cd+2]<-[I-]
EGUXEJ,C/C1=C(\C)[N-](O)->[Co+3]23(<-N[C@@H](C)c4ccc(Cl)cc4)(<-[O-]N->2=O)(<-N1=O)<-N(=O)/C(C)=C(/C)[N-]->3O,C16 H24 Cl1 Co1 N6 O6,0.0,CC1C(C)=N([O])->[Co-]2(<-NC(C)c3ccc(Cl)cc3)(<-N=1[O])(<-N(O)=C(C)C(C)=N->2O)<-[N+](=O)=O,CC1=C(C)N(=O)->[Co+]2(<-NC(C)c3ccc(Cl)cc3)(<-N(=O)[O-])(<-N1=O)<-N(O)=C(C)C(C)=N->2O,CC1=C(C)N(=O)->[Co+]2(<-NC(C)c3ccc(Cl)cc3)(<-N(=O)[O-])(<-N1=O)<-N(O)=C(C)C(C)=N->2O
EHAMIK,,C17 H26 O2 W1,0.0,CC(C)c12->[WH2]3456(<-[C-]#[O+])(<-[C-]#[O+])<-c1c->3(C(C)C)c->4c->5(C(C)C)c->62,CC(C)c12->[WH2]3456(<-[C-]#[O+])(<-[C-]#[O+])<-c1c->3(C(C)C)c->4c->5(C(C)C)c->62,CC(C)c12->[WH2]3456(<-[C-]#[O+])(<-[C-]#[O+])<-c1c->3(C(C)C)c->4c->5(C(C)C)c->62
EHEGED,,C24 H31 O1 P2 Rh1,0.0,CP(C)(C)->[Rh+3]12(<-[C-]#[O+])(<-[CH-]=CC3[C-]->1(c1ccccc1)[C-]->23c1ccccc1)<-P(C)(C)C,CP(C)(C)->[Rh+]12(<-[C-]#[O+])(<-[CH-]=CC3C->1(c1ccccc1)=C->23c1ccccc1)<-P(C)(C)C,CP(C)(C)->[Rh+]12(<-[C-]#[O+])(<-[CH-]=CC3C->1(c1ccccc1)=C->23c1ccccc1)<-P(C)(C)C
EHEWIY,NC1N/N2=C/c3coc4ccccc4c3=O->[Zn@TB3+2]<-2(<-O=1)(<-[O-][N+](=O)[O-])<-[O-][N+](=O)[O-],C11 H9 N5 O9 Zn1,0.0,NC1NN2=Cc3coc4ccccc4c3=O->[Zn+2]<-2(<-O=1)(<-[O-][N+](=O)[O-])<-[O-][N+](=O)[O-],NC1NN2=Cc3coc4ccccc4c3=O->[Zn+2]<-2(<-O=1)(<-[O-][N+](=O)[O-])<-[O-][N+](=O)[O-],NC1NN2=Cc3coc4ccccc4c3=O->[Zn+2]<-234(<-O=1)(<-[O-][N+](=O)[O-])<-[O-][N+]->3(=O)[O-]->4
EHIZAY,Fc1c(F)c2[n-]3->[Zn@OH26+2]45(<-[N-]6[C+](/C([C+]7[C+](F)[C+](F)[C-](F)[C-](F)[C+]7F)=c7/c(F)c(F)/c([n-]->47)=C/c13)[C-](F)[C-](F)[C-]6/C=c1/c(F)c(F)/c([n-]->51)=C/2[C+]1[C+](F)[C-](F)[C+](F)[C+](F)[C-]1F)<-O1CCCC1,C36 H10 F18 N4 O1 Zn1,0.0,FC1=C(F)c2c(-c3c(F)c(F)c(F)c(F)c3F)c3c(F)c(F)c4cc5n6->[Zn+2]7(<-n2c1cc1c(F)c(F)c(c(-c2c(F)c(F)c(F)c(F)c2F)c6C(F)=C5F)[n-]->71)(<-[n-]43)<-O1CCCC1,FC1=C(F)c2c(-c3c(F)c(F)c(F)c(F)c3F)c3c(F)c(F)c4cc5n6->[Zn+2]7(<-n2c1cc1c(F)c(F)c(c(-c2c(F)c(F)c(F)c(F)c2F)c6C(F)=C5F)[n-]->71)(<-[n-]43)<-O1CCCC1,FC1=C(F)c2c(-c3c(F)c(F)c(F)c(F)c3F)c3c(F)c(F)c4cc5n6->[Zn+2]7(<-n2c1cc1c(F)c(F)c(c(-c2c(F)c(F)c(F)c(F)c2F)c6C(F)=C5F)[n-]->71)(<-[n-]43)<-O1CCCC1
EHUSUV,COC(=O)C1=CC(C)(C)N(->[W](<-[C-]#[O+])(<-[C-]#[O+])(<-[C-]#[O+])(<-[C-]#[O+])<-[C-]#[O+])=N1,C12 H10 N2 O7 W1,0.0,COC(=O)C1=CC(C)(C)N(->[W](<-[C-]#[O+])(<-[C-]#[O+])(<-[C-]#[O+])(<-[C-]#[O+])<-[C-]#[O+])=N1,COC(=O)C1=CC(C)(C)N(->[W](<-[C-]#[O+])(<-[C-]#[O+])(<-[C-]#[O+])(<-[C-]#[O+])<-[C-]#[O+])=N1,COC(=O)C1=CC(C)(C)N(->[W](<-[C-]#[O+])(<-[C-]#[O+])(<-[C-]#[O+])(<-[C-]#[O+])<-[C-]#[O+])=N1
EJAVES,CC(C)c12->[Ru+2]34567(<-O=C([O-]->3)C(C)(C)C)(<-[c-]3c(F)c(F)cc(F)c3F)<-c(c->41)c->5(C)c->6c->72,C21 H24 F4 O2 Ru1,0.0,fail,CC(C)c12->[Ru+2]345678(<-O=C->3([O-]->4)C(C)(C)C)(<-[c-]3c(F)c(F)cc(F)c3F)<-c(c->51)c->6(C)c->7c->82,CC(C)c12->[Ru+2]345678(<-O=C->3([O-]->4)C(C)(C)C)(<-[c-]3c(F)c(F)cc(F)c3F)<-c(c->51)c->6(C)c->7c->82
EJIBIJ,CC(C)(C#N)/C1[S-]->[W+4]23456789(<-[S-]/C=1c1ccccc1)(<-c1c->2c->3[cH-]->4c->51)<-c1c->6c->7[cH-]->8c->91,C22 H21 N1 S2 W1,0.0,CC(C)(C#N)C1[S-]->[W+4]23456789(<-[S-]C=1c1ccccc1)(<-c1c->2c->3[cH-]->4c->51)<-c1c->6c->7[cH-]->8c->91,CC(C)(C#N)C1[S-]->[W+4]23456789(<-[S-]C=1c1ccccc1)(<-c1c->2c->3[cH-]->4c->51)<-c1c->6c->7[cH-]->8c->91,CC(C)(C#N)C1=S->[W+2]23456789(<-S=C1c1ccccc1)(<-c1c->2c->3[cH-]->4c->51)<-c1c->6c->7[cH-]->8c->91
EJIYEC,,C31 H44 Fe1 N2,0.0,CC(C)N(C1=C(N(C(C)C)C(C)C)[C-]1->[Fe+]123456(<-C7=C->1C->2=C->3C=CC=C7)<-C1=C->4C->5=C->6C=CC=C1)C(C)C,CC(C)N(C1=C(->[Fe+4]234567(<-c8c->2[cH-]->3cccc[cH-]->48)<-c2c->5[cH-]->6cccc[cH-]->72)=C1N(C(C)C)C(C)C)C(C)C,CC(C)N(C1=C(->[Fe+4]234567(<-c8c->2[cH-]->3cccc[cH-]->48)<-c2c->5[cH-]->6cccc[cH-]->72)=C1N(C(C)C)C(C)C)C(C)C
EJUXOX,CC(=O)NC1=CC(=O)c2ccc(C)n3->[Re+](<-[Cl-])(<-[C-]#[O+])(<-[C-]#[O+])(<-[C-]#[O+])<-O=C1c23,C15 H10 Cl1 N2 O6 Re1,0.0,CC(=O)NC1=CC(=O)c2ccc(C)n3->[Re+](<-[Cl-])(<-[C-]#[O+])(<-[C-]#[O+])(<-[C-]#[O+])<-O=C1c23,CC(=O)Nc1cc(=O)c2ccc(C)[n-]3->[Re+3](<-[Cl-])(<-[C-]#[O+])(<-[C-]#[O+])(<-[C-]#[O+])<-[O-]c1c3-2,CC(=O)Nc1cc(=O)c2ccc(C)[n-]3->[Re+3](<-[Cl-])(<-[C-]#[O+])(<-[C-]#[O+])(<-[C-]#[O+])<-[O-]c1c3-2
EKASOZ,,C24 H22 N4 Ni1 O4,0.0,OCCN1=Cc2ccc3cccc4[O-]->[Ni+2]<-156(<-[O-]c1cccc7ccc(C=N->5CCO)n->6c17)<-n2c43,OCCN1=Cc2ccc3cccc4[O-]->[Ni+2]<-156(<-[O-]c1cccc7ccc(C=N->5CCO)n->6c17)<-n2c43,OCCN1=Cc2ccc3cccc4[O-]->[Ni+2]<-156(<-[O-]c1cccc7ccc(C=N->5CCO)n->6c17)<-n2c43
EKEVIZ,C[C@@H](c1cccc2[C@H](C)N(C)(C)->[Zn+2](<-[Br-])(<-[Br-])<-n12)N(C)C,C13 H23 Br2 N3 Zn1,0.0,CC1c2cccc3C(C)N(C)(C)->[Zn+2](<-[Br-])(<-[Br-])(<-n23)<-N1(C)C,CC1c2cccc3C(C)N(C)(C)->[Zn+2](<-[Br-])(<-[Br-])(<-n23)<-N1(C)C,CC1c2cccc3C(C)N(C)(C)->[Zn+2](<-[Br-])(<-[Br-])(<-n23)<-N1(C)C
EKODEO,,C27 H34 N3 O5 Si1 V1,0.0,C[O-]->[V+5]123(<-[O-2])<-[O-]c4ccccc4C=N->1C(C(O[Si](C)(C)C(C)(C)C)c1ccccn1)C([O-]->2)c1ccccn->31,C[O-]->[V+5]123(<-[O-2])<-[O-]c4ccccc4C=N->1C(C(O[Si](C)(C)C(C)(C)C)c1ccccn1)C([O-]->2)c1ccccn->31,C[O-]->[V+5]12(<-[O-2])<-[O-]c3ccccc3C=N->1C(C(O[Si](C)(C)C(C)(C)C)c1ccccn1)C([O-]->2)c1ccccn1
ELEKUB,CC#N->[Pd@+2]1(<-[CH3-])<-n2ccccc2[P+](c2ccccc2)(c2ccccc2)[N-]->1c1ccccc1,C26 H25 N3 P1 Pd1 1+,1.0,CC#N->[Pd+2]1(<-[CH3-])<-N(c2ccccc2)=P(c2ccccc2)(c2ccccc2)c2ccccn->12,CC#N->[Pd+2]1(<-[CH3-])<-n2ccccc2[P+](c2ccccc2)(c2ccccc2)[N-]->1c1ccccc1,CC#N->[Pd+2]1(<-[CH3-])<-n2ccccc2[P+](c2ccccc2)(c2ccccc2)[N-]->1c1ccccc1
ELITID,C1=CN2->[Ni@@+2]3(<-[S-]/C(=N\[N-]->3/C=c3/cccc1c3=2)SCc1ccccc1)<-n1ccccc1,C22 H18 N4 Ni1 S2,0.0,C1c2cccc3cc[n-](->[Ni+2]4(<-[S-]C(=NN->4=1)SCc1ccccc1)<-n1ccccc1)c23,C1c2cccc3cc[n-](->[Ni+2]4(<-[S-]C(=NN->4=1)SCc1ccccc1)<-n1ccccc1)c23,C1c2cccc3cc[n-](->[Ni+2]4(<-[S-]C(=NN->4=1)SCc1ccccc1)<-n1ccccc1)c23
ELUGUN,CP(C)(c1ccccc1)->[Re+5](<-[N-3])(<-[Cl-])(<-[Cl-])(<-[C]1N(c2ccccc2)N=C(c2ccccc2)N1c1ccccc1)<-P(C)(C)c1ccccc1,C36 H37 Cl2 N4 P2 Re1,0.0,CP(C)(c1ccccc1)->[Re+5](<-[N-3])(<-[Cl-])(<-[Cl-])(<-[C]1N(c2ccccc2)N=C(c2ccccc2)N1c1ccccc1)<-P(C)(C)c1ccccc1,CP(C)(c1ccccc1)->[Re+5](<-[N-3])(<-[Cl-])(<-[Cl-])(<-[C]1N(c2ccccc2)N=C(c2ccccc2)N1c1ccccc1)<-P(C)(C)c1ccccc1,CP(C)(c1ccccc1)->[Re+5](<-[N-3])(<-[Cl-])(<-[Cl-])(<-[C]1N(c2ccccc2)N=C(c2ccccc2)N1c1ccccc1)<-P(C)(C)c1ccccc1
EMASUI,O=[N+]1[O-]->[Y+3]2345(<-[O-]1)(<-[O-][N+](=O)[O-]->2)(<-[O-][N+](=O)[O-]->3)<-n1c(CN(Cc2[nH]c3ccccc3n->42)Cc2[nH]c3ccccc3n->52)[nH]c2ccccc21,C24 H21 N10 O9 Y1,0.0,O=[N+]1[O-]->[Y+3]23456(<-[O-]1)(<-[O-][N+](=O)[O-]->2)(<-[O-][N+](=O)[O-]->3)<-n1c(CN->4(Cc2[nH]c3ccccc3n->52)Cc2[nH]c3ccccc3n->62)[nH]c2ccccc21,O=[N+]1[O-]->[Y+3]23456(<-[O-]1)(<-[O-][N+](=O)[O-]->2)(<-[O-][N+](=O)[O-]->3)<-n1c(CN->4(Cc2[nH]c3ccccc3n->52)Cc2[nH]c3ccccc3n->62)[nH]c2ccccc21,O=[N+]1[O-]->[Y+3]23456(<-[O-]1)(<-[O-][N+](=O)[O-]->2)(<-[O-][N+](=O)[O-]->3)<-n1c(CN->4(Cc2[nH]c3ccccc3n->52)Cc2[nH]c3ccccc3n->62)[nH]c2ccccc21
EMEKAI,,C31 H37 Cl1 N4 Zr1,0.0,Cc1cccc(C)c1N1=C(=[N+](C)C)->[Zr]<-123456(<-[Cl-])(<-C(=N->2c1c(C)cccc1C)=[N+](C)C)<-c1[cH-]->3c->4c->52ccccc->612,Cc1cccc(C)c1N1=[C-](N(C)C)->[Zr+4]<-123456(<-[Cl-])(<-[C-](N(C)C)=N->2c1c(C)cccc1C)<-c1c->3c->42cccc[c-]->52c->61,Cc1cccc(C)c1N1=[C-](N(C)C)->[Zr+4]<-123456(<-[Cl-])(<-[C-](N(C)C)=N->2c1c(C)cccc1C)<-c1c->3c->42cccc[c-]->52c->61
EMUFOH,CC[N-](CC)->[Ti+4]12(<-C(C)[N-]->1CC)<-[n-]1c(C(c3ccccc3)c3c(C)c4ccccc4[n-]->23)c(C)c2ccccc21,C33 H40 N4 Ti1,0.0,CC[N-](CC)->[Ti+4]1(<-[N-](CC)CC)<-[n-]2c(C(c3ccccc3)c3c(C)c4ccccc4[n-]->13)c(C)c1ccccc12,CC[N-](CC)->[Ti+4]1(<-[N-](CC)CC)<-[n-]2c(C(c3ccccc3)c3c(C)c4ccccc4[n-]->13)c(C)c1ccccc12,CC[N-](CC)->[Ti+4]1(<-[N-](CC)CC)<-[n-]2c(C(c3ccccc3)c3c(C)c4ccccc4[n-]->13)c(C)c1ccccc12
ENASES,,C26 H38 B1 Fe1 N1 O2 Si2,0.0,Cc12->[Fe+2]345(<-[C-]#[O+])(<-[C-]#[O+])(<-[c-]6[b-](=[N+]([Si](C)(C)C)[Si](C)(C)C)c6-c6ccccc6)<-c1(C)c->3(C)[c-]->4(C)c->52C,Cc12->[Fe+2]345(<-[C-]#[O+])(<-[C-]#[O+])(<-C6=[B-](N([Si](C)(C)C)[Si](C)(C)C)C=6c6ccccc6)<-c1(C)c->3(C)[c-]->4(C)c->52C,Cc12->[Fe+2]345(<-[C-]#[O+])(<-[C-]#[O+])(<-C6=[B-](N([Si](C)(C)C)[Si](C)(C)C)C=6c6ccccc6)<-c1(C)c->3(C)[c-]->4(C)c->52C
ENEGIN,CC#N->[Pd@@+2]1(<-[CH3-])<-n2c(CP->1(c1ccccc1C)c1ccccc1C)cccc2-c1c(C)cc(C)cc1C,C32 H36 N2 P1 Pd1 1+,1.0,CC#N->[Pd+2]1(<-[CH3-])<-n2c(CP->1(c1ccccc1C)c1ccccc1C)cccc2-c1c(C)cc(C)cc1C,CC#N->[Pd+2]1(<-[CH3-])<-n2c(CP->1(c1ccccc1C)c1ccccc1C)cccc2-c1c(C)cc(C)cc1C,CC#N->[Pd+2]1(<-[CH3-])<-n2c(CP->1(c1ccccc1C)c1ccccc1C)cccc2-c1c(C)cc(C)cc1C
ENICEJ,,C34 H36 Mo1 P1 1+,1.0,CC(C)P1(c2ccccc2C23->[Mo+3]<-1456789%10(<-[CH-]=C->4(c1ccccc1)C->5c1ccccc1)<-C(=C->6C->7=2)C->8=C->9[CH-]->%103)C(C)C,CC(C)P1(c2ccccc2[C-]23->[Mo+4]<-1456789%10(<-[CH2-]C->4(c1ccccc1)=[C-]->5c1ccccc1)<-C(=C->6C->7=C->82)C->9=C->%103)C(C)C,CC(C)P1(c2ccccc2[C-]23->[Mo+4]<-1456789%10(<-[CH2-]C->4(c1ccccc1)=[C-]->5c1ccccc1)<-C(=C->6C->7=C->82)C->9=C->%103)C(C)C
ENUHEB,O=C(O)c1cccc2C(=O)[O-]->[Hg+2]3(<-O)(<-O)(<-[O-]C(=O)c4cccc(C(=O)O)n->34)<-n12,C14 H12 Hg1 N2 O10,0.0,O=C1[O-]->[Hg+2]234(<-O)(<-O)(<-O=C(O)c5cccc1n->25)<-O=C(O)c1cccc(C(=O)[O-]->3)n->41,O.O.O=C([O-])c1cccc(C(=O)O)n1->[Hg+2]<-n1c(C(=O)[O-])cccc1C(=O)O,O.O.O=C(O)c1cccc2n1->[Hg+2]1(<-[O-]C2=O)<-[O-]C(=O)c2cccc(C(=O)O)n->12
EPALUD,,C40 H28 N10 Pd1 S2,0.0,c1ccc(C2=N[N-](c3ccccc3)->[Pd+2]3(<-N(=N2)c2nc4ccccc4s2)<-N(=NC(=N[N-]->3c2ccccc2)c2ccccc2)c2nc3ccccc3s2)cc1,c1ccc(C2=N[N-](c3nc4ccccc4s3)->[Pd+2]3(<-N(=N2)c2ccccc2)<-N(=NC(=N[N-]->3c2nc3ccccc3s2)c2ccccc2)c2ccccc2)cc1,c1ccc(C2=N[N-](c3nc4ccccc4s3)->[Pd+2]3(<-N(=N2)c2ccccc2)<-N(=NC(=N[N-]->3c2nc3ccccc3s2)c2ccccc2)c2ccccc2)cc1
EPENIX,CN(C)c1ccc(/N2=N/c3ccccn3->[Os+2]<-234567(<-[I-])<-c2c->3c->4c->5(-c3ccccc3)c->6c->72)cc1,C25 H24 I1 N4 Os1 1+,1.0,CN(C)c1ccc(N2=Nc3ccccn3->[Os+2]<-234567(<-[I-])<-c2c->3c->4c->5(-c3ccccc3)c->6c->72)cc1,CN(C)c1ccc(N2=Nc3ccccn3->[Os+2]<-234567(<-[I-])<-c2c->3c->4c->5(-c3ccccc3)c->6c->72)cc1,CN(C)c1ccc(N2=Nc3ccccn3->[Os+2]<-23(<-[I-])<-c2ccccc->32-c2ccccc2)cc1
EPOLOL,CNC(=O)Cc1ccccc1[C-](=O)->[Pd@OH17+2]1(<-[I-])<-n2ccc(C(C)(C)C)cc2-c2cc(C(C)(C)C)ccn->12,C28 H34 I1 N3 O2 Pd1,0.0,CNC(=O)Cc1ccccc1[C-](=O)->[Pd+2]1(<-[I-])<-n2ccc(C(C)(C)C)cc2-c2cc(C(C)(C)C)ccn->12,CNC(=O)Cc1ccccc1[C-](=O)->[Pd+2]1(<-[I-])<-n2ccc(C(C)(C)C)cc2-c2cc(C(C)(C)C)ccn->12,CNC(=O)Cc1ccccc1[C-](=O)->[Pd+2]1(<-[I-])<-n2ccc(C(C)(C)C)cc2-c2cc(C(C)(C)C)ccn->12
EPULUY,CC(C)c1cccc(C(C)C)c1-n1cc2C[Se](c3ccccc3)->[Ru+2]34567(<-[Cl-])(<-c8c->3c->4c->5c->6c->78)<-n2n1,C27 H31 Cl1 N3 Ru1 Se1 1+,1.0,CC(C)c1cccc(C(C)C)c1-n1cc2C[Se](c3ccccc3)->[Ru+2]34567(<-[Cl-])(<-c8c->3c->4c->5c->6c->78)<-n2n1,[CH2-]c1cn(-c2c(C(C)C)cccc2C(C)C)nn1->[Ru+4]12345(<-[Cl-])(<-[Se-]c6ccccc6)<-c6c->1c->2c->3c->4c->56,[CH2-]c1cn(-c2c(C(C)C)cccc2C(C)C)nn1->[Ru+4]12345(<-[Cl-])(<-[Se-]c6ccccc6)<-c6c->1c->2c->3c->4c->56
EQECOT,O=[N+]([O-])[O-]->[Zn+2]1(<-[O-][N+](=O)[O-])<-n2ccccc2CN(Cc2cccc3ccccc23)Cc2ccccn->12,C23 H21 N5 O6 Zn1,0.0,O=[N+]([O-])[O-]->[Zn+2]123(<-[O-][N+](=O)[O-]->1)<-n1ccccc1CN->2(Cc1cccc2ccccc12)Cc1ccccn->31,O=[N+]([O-])[O-]->[Zn+2]12(<-[O-][N+](=O)[O-])<-n3ccccc3CN->1(Cc1cccc3ccccc13)Cc1ccccn->21,O=[N+]1[O-]->[Zn+2]234(<-[O-]1)(<-[O-][N+](=O)[O-]->2)<-n1ccccc1CN->3(Cc1cccc2ccccc12)Cc1ccccn->41
EQINOJ,CC(C)c12->[Ru+2]3456(<-[Cl-])(<-[Cl-])(<-c(c->31)c->4(C)c->5c->62)<-P1(NC(C)(C)C)N(C(C)(C)C)[PH](=O)N1C(C)(C)C,C22 H43 Cl2 N3 O1 P2 Ru1,0.0,CC(C)c12->[Ru+2]3456(<-[Cl-])(<-[Cl-])(<-c(c->31)c->4(C)c->5c->62)<-P1(NC(C)(C)C)N(C(C)(C)C)[PH](=O)N1C(C)(C)C,CC(C)c12->[Ru+2]3456(<-[Cl-])(<-[Cl-])(<-c(c->31)c->4(C)c->5c->62)<-P12(=[NH+]C(C)(C)C)N(C(C)(C)C)[PH]1([O-])N2C(C)(C)C,CC(C)c12->[Ru+2]3456(<-[Cl-])(<-[Cl-])(<-c(c->31)c->4(C)c->5c->62)<-P12(=[NH+]C(C)(C)C)N(C(C)(C)C)[PH]1([O-])N2C(C)(C)C
EQOGIB,C[C@@H]1CN2->[Zn+2]345(<-[O-][N+](=O)[O-]->3)<-N1[C@@H](C)CC(C)(C)N->4C[C@H](C)N->5[C@@H](C)CC2(C)C,C18 H40 N5 O3 Zn1 1+,1.0,CC1CN2->[Zn+2]34(<-[O-][N+](=O)[O-])<-N1C(C)CC(C)(C)N->3CC(C)N->4C(C)CC2(C)C,CC1CN2->[Zn+2]34(<-[O-][N+](=O)[O-])<-N1C(C)CC(C)(C)N->3CC(C)N->4C(C)CC2(C)C,CC1CN2->[Zn+2]345(<-[O-][N+](=O)[O-]->3)<-N1C(C)CC(C)(C)N->4CC(C)N->5C(C)CC2(C)C
EQULUY,Cc1cc(C)c(/N2=C3C(=N(/c4c(C)cc(C)cc4C)->[Ti+4]<-2(<-[Cl-])(<-[Cl-])<-[N-2]c2c(C)cccc2C)/c2cccc4cccc/3c24)c(C)c1,C38 H37 Cl2 N3 Ti1,0.0,Cc1cc(C)c(N2=C3C(=N(c4c(C)cc(C)cc4C)->[Ti+4]<-2(<-[Cl-])(<-[Cl-])<-[N-2]c2c(C)cccc2C)c2cccc4cccc3c24)c(C)c1,Cc1cc(C)c(N2=C3C(=N(c4c(C)cc(C)cc4C)->[Ti+4]<-2(<-[Cl-])(<-[Cl-])<-[N-2]c2c(C)cccc2C)c2cccc4cccc3c24)c(C)c1,Cc1cc(C)c([N-]2C3=C([N-](c4c(C)cc(C)cc4C)->[Ti+6]<-2(<-[Cl-])(<-[Cl-])<-[N-2]c2c(C)cccc2C)c2cccc4cccc3c24)c(C)c1
ERAZOM,CC(=O)[O-]->[Ru+2]1(<-[C-]#[O+])(<-[C-]#[O+])(<-[O-]C(C)=O)<-n2cc(C)ccc2-c2ccc(C)cn->12,C18 H18 N2 O6 Ru1,0.0,CC(=O)[O-]->[Ru+2]1(<-[C-]#[O+])(<-[C-]#[O+])(<-[O-]C(C)=O)<-n2cc(C)ccc2-c2ccc(C)cn->12,CC(=O)[O-]->[Ru+2]1(<-[C-]#[O+])(<-[C-]#[O+])(<-[O-]C(C)=O)<-n2cc(C)ccc2-c2ccc(C)cn->12,CC1O[C-](=O)->[Ru+2]23(<-O=1)(<-O=C(C)O[C-]->2=O)<-n1cc(C)ccc1-c1ccc(C)cn->31
ERIBEM,CC1(C)COC(c2cccc[c-]2->[Hg+2]<-[Cl-])=N1,C11 H12 Cl1 Hg1 N1 O1,0.0,CC1(C)COC2c3cccc[c-]3->[Hg+2](<-[Cl-])<-N=21,CC1(C)COC(c2cccc[c-]2->[Hg+2]<-[Cl-])=N1,CC1(C)COC(c2cccc[c-]2->[Hg+2]<-[Cl-])=N1
EROGOH,CC(C)(C)P(C(C)(C)C)([C@]12C[C@H]3C[C@H](C[C@H](C3)C1)C2)->[Pd+2]1(<-O=S(=O)([O-]->1)C(F)(F)F)<-[c-]1ccccc1,C25 H38 F3 O3 P1 Pd1 S1,0.0,CC(C)(C)P(->[Pd+2](<-[O-]S(=O)(=O)C(F)(F)F)<-[c-]1ccccc1)(C(C)(C)C)C12CC3CC(CC(C3)C1)C2,CC(C)(C)P(->[Pd+2](<-[O-]S(=O)(=O)C(F)(F)F)<-[c-]1ccccc1)(C(C)(C)C)C12CC3CC(CC(C3)C1)C2,CC(C)(C)P(C(C)(C)C)(C12CC3CC(CC(C3)C1)C2)->[Pd+2]12(<-O=S->1(=O)([O-]->2)C(F)(F)F)<-[c-]1ccccc1
ERURIT,,C14 H34 N2 Zn1,0.0,CC[CH-](C)->[Zn+2]1(<-[CH-](C)CC)<-N(C)(C)CCN->1(C)C,CC[CH-](C)->[Zn+2]1(<-[CH-](C)CC)<-N(C)(C)CCN->1(C)C,CC[CH-](C)->[Zn+2]<-[CH-](C)CC.CN(C)CCN(C)C
ESAKIU,Cc1ccc(/N2=c3\[cH-]cccc3-[n+]3ccn(C(C)C)[c-]3->[Ni+2]<-23<-[c-]2n(C(C)C)cc[n+]2-c2ccc[cH-]/c2=N->3\c2ccc(C)cc2)cc1,C38 H40 N6 Ni1,0.0,Cc1ccc([N-]2c3ccccc3N3C=CN(C(C)C)[C]3->[Ni+2]<-23<-[C]2N(c4ccccc4[N-]->3c3ccc(C)cc3)C=CN2C(C)C)cc1,Cc1ccc(N2=C3C=CC=CC3=[N+]3C=CN(C(C)C)[CH-]3->[Ni+2]<-23<-[CH-]2N(C(C)C)C=C[N+]2=C2C=CC=CC2=N->3c2ccc(C)cc2)cc1,Cc1ccc(N2=C3C=CC=CC3=[N+]3C=CN(C(C)C)[CH-]3->[Ni+2]<-23<-[CH-]2N(C(C)C)C=C[N+]2=C2C=CC=CC2=N->3c2ccc(C)cc2)cc1
ESAWUR,,C32 H33 B1 Ir1 N6 O1 P1 S2,0.0,Cc1cc(C)n(B23n4ccn(C)c4=S->[IrH]<-2(<-[C-]#[O+])(<-S=c2n(C)ccn23)<-P(c2ccccc2)(c2ccccc2)c2ccccc2)n1,Cc1cc(C)n(B23n4ccn(C)c4=S->[IrH]<-2(<-[C-]#[O+])(<-S=c2n(C)ccn23)<-P(c2ccccc2)(c2ccccc2)c2ccccc2)n1,Cc1cc(C)n(B23n4ccn(C)c4=S->[IrH]<-2(<-[C-]#[O+])(<-S=c2n(C)ccn23)<-P(c2ccccc2)(c2ccccc2)c2ccccc2)n1
ESIKAS,COc1cc23CN(C)(C)->[Pt+2]<-245(<-[I-])<-c(CN->4(C)C)(c1)c->53C,C14 H24 I1 N2 O1 Pt1 1+,1.0,COc1cc2CN(C)(C)->[Pt+2]3(<-[I-])<-c2(C)c(CN->3(C)C)c1,COc1cc2CN(C)(C)->[Pt+2]3(<-[I-])<-c2(C)c(CN->3(C)C)c1,COc1cc2CN(C)(C)->[Pt+2]3(<-[I-])<-c2(C)c(CN->3(C)C)c1
ESOCEW,COc1ccc2/C=N3/N=C(\[O-]->[Mo+6]<-3(<-[O-2])(<-[O-2])(<-[O-]c2c1)<-OC)c1ccc(C(F)(F)F)cc1,C17 H15 F3 Mo1 N2 O6,0.0,COc1ccc2C=N3N=C([O-]->[Mo+6]<-3(<-[O-2])(<-[O-2])(<-[O-]c2c1)<-OC)c1ccc(C(F)(F)F)cc1,COc1ccc2C=N3N=C([O-]->[Mo+6]<-3(<-[O-2])(<-[O-2])(<-[O-]c2c1)<-OC)c1ccc(C(F)(F)F)cc1,CO.COc1ccc2c(c1)[O-]->[Mo+6]1(<-[O-2])(<-[O-2])<-[O-]C(c3ccc(C(F)(F)F)cc3)=NN->1=C2
ESUKOT,CN(C)c12->[Rh+]345678(<-C=C->3)<-c(c->4c->51)c->6c->72-c1ccccc1[P@TB16]->8(C1CCCCC1)C1CCCCC1,C28 H40 N1 P1 Rh1 1+,1.0,CN(C)c12->[Rh+]345678(<-C=C->3)<-c(c->4c->51)c->6c->72-c1ccccc1P->8(C1CCCCC1)C1CCCCC1,CN(C)c12->[Rh+]345678(<-C=C->3)<-c(c->4c->51)c->6c->72-c1ccccc1P->8(C1CCCCC1)C1CCCCC1,CN(C)c12->[Rh+]34567(<-C=C->3)<-c(c1)c->4c->5c->62-c1ccccc1P->7(C1CCCCC1)C1CCCCC1
ETAPUL,,C17 H18 N4 Ni1 O4 S1,0.0,O=C1[O-]->[Ni+2]23(<-O)(<-[N-]=C=S)<-n4ccccc4C(O)(c4ccccn->24)N->32CCCC12,O=C1[O-]->[Ni+2]23(<-O)(<-[N-]=C=S)<-n4ccccc4C(O)(c4ccccn->24)N->32CCCC12,O.O=C1[O-]->[Ni+2]23(<-[N-]=C=S)<-n4ccccc4C(O)(c4ccccn->24)N->32CCCC12
ETEFOA,C1\C2=N(->[Ni@+2]3(<-[c-]4ccccc4)<-N4=C(/C=C5/OC[C@@H](c6ccccc6)[N-]->35)CC\C=14)[C@H](c1ccccc1)CO2,C30 H27 N3 Ni1 O2,0.0,C1=C2CCC3=CC4=N(->[Ni+2](<-[c-]5ccccc5)(<-N5=C1OCC5c1ccccc1)<-[N-]23)C(c1ccccc1)CO4,C1=C2CCC3C=C4OCC(c5ccccc5)[N-]4->[Ni+2](<-[c-]4ccccc4)(<-N=32)<-N2=C1OCC2c1ccccc1,C1=C2CCC3C=C4OCC(c5ccccc5)[N-]4->[Ni+2](<-[c-]4ccccc4)(<-N=32)<-N2=C1OCC2c1ccccc1
ETIMIE,COc1cc(OC)cc(/N2=C3\C=C(C(C)(C)C)C=C(C(C)(C)C)C3=O->[Ru+2]<-234(<-[Cl-])<-n2cccn2C(n2cccn->32)n2cccn->42)c1,C32 H39 Cl1 N7 O3 Ru1 1+,1.0,COc1cc(OC)cc([N-]2c3cc(C(C)(C)C)cc(C(C)(C)C)c3[O-]->[Ru+4]<-234(<-[Cl-])<-n2cccn2C(n2cccn->32)n2cccn->42)c1,COc1cc(OC)cc([N-]2c3cc(C(C)(C)C)cc(C(C)(C)C)c3[O-]->[Ru+4]<-234(<-[Cl-])<-n2cccn2C(n2cccn->32)n2cccn->42)c1,COc1cc(OC)cc([N-]2c3cc(C(C)(C)C)cc(C(C)(C)C)c3[O-]->[Ru+4]<-234(<-[Cl-])<-n2cccn2C(n2cccn->32)n2cccn->42)c1
ETOVUF,,C8 H10 N4 Ni1 O6,0.0,O=C1[O-]->[Ni+2]2(<-O)(<-O)(<-[O-]C(=O)c3c[nH]cn->23)<-n2c[nH]cc21,O=C1[O-]->[Ni+2]2(<-O)(<-O)(<-[O-]C(=O)c3c[nH]cn->23)<-n2c[nH]cc21,O.O.O=C1[O-]->[Ni+2]2(<-[O-]C(=O)c3c[nH]cn->23)<-n2c[nH]cc21
EVACUZ,Cc1cccc2C(C)(C)OP(c3ccccc3)(c3ccccc3)->[Ni+2](<-[Cl-])(<-[Cl-])<-n12,C21 H22 Cl2 N1 Ni1 O1 P1,0.0,Cc1cccc2C(C)(C)OP(c3ccccc3)(c3ccccc3)->[Ni+2](<-[Cl-])(<-[Cl-])<-n12,Cc1cccc2C(C)(C)OP(c3ccccc3)(c3ccccc3)->[Ni+2](<-[Cl-])(<-[Cl-])<-n12,Cc1cccc2C(C)(C)OP(c3ccccc3)(c3ccccc3)->[Ni+2](<-[Cl-])(<-[Cl-])<-n12
EVICIV,CC1=O->[Cu+](<-[O-]1)<-[C]1N(c2c(C(C)C)cccc2C(C)C)C=CN1c1c(C(C)C)cccc1C(C)C,C29 H39 Cu1 N2 O2,0.0,CC(=O)[O-]->[Cu+]<-[C]1N(c2c(C(C)C)cccc2C(C)C)C=CN1c1c(C(C)C)cccc1C(C)C,CC(=O)[O-]->[Cu+]<-[C]1N(c2c(C(C)C)cccc2C(C)C)C=CN1c1c(C(C)C)cccc1C(C)C,CC(C)c1cccc(C(C)C)c1N1C=CN(c2c(C(C)C)cccc2C(C)C)[C]1->[Cu+]12<-O=C->1(C)[O-]->2
EWAQOI,CC(C)(C)P(=[N-]->[Zr+4]12345(<-[CH2-]c6ccccc6)(<-[CH2-]c->16ccccc6)<-c1c->2c->3[cH-]->4c->51)(C(C)(C)C)C(C)(C)C,C31 H46 N1 P1 Zr1,0.0,CC(C)(C)P(=[N-]->[Zr+4]1234(<-[CH2-]c5ccccc5)(<-[CH2-]c5ccccc5)<-c5c->1c->2[cH-]->3c->45)(C(C)(C)C)C(C)(C)C,CC(C)(C)P(=[N-]->[Zr+4]1234(<-[CH2-]c5ccccc5)(<-[CH2-]c5ccccc5)<-c5c->1c->2[cH-]->3c->45)(C(C)(C)C)C(C)(C)C,CC(C)(C)P(=[N-]->[Zr+4]1234(<-[CH2-]c5ccccc5)(<-[CH2-]c5ccccc5)<-c5c->1c->2[cH-]->3c->45)(C(C)(C)C)C(C)(C)C
EWEYAG,C[C-](=O)->[Pt+2]1(<-[Cl-])<-S(CCS->1c1ccccc1)c1ccccc1,C16 H17 Cl1 O1 Pt1 S2,0.0,C[C-](=O)->[Pt+2]1(<-[Cl-])<-S(CCS->1c1ccccc1)c1ccccc1,C[C-](=O)->[Pt+2]1(<-[Cl-])<-S(CCS->1c1ccccc1)c1ccccc1,C[C-](=O)->[Pt+2]1(<-[Cl-])<-S(CCS->1c1ccccc1)c1ccccc1
EWOJEF,,C40 H34 N2 P1 Ru1 1+,1.0,Cc1ccc(N2=Cc3ccccn3->[Ru+2]<-23456(<-c2[cH-]->3c->4c->53ccccc->623)<-P(c2ccccc2)(c2ccccc2)c2ccccc2)cc1,Cc1ccc(N2=Cc3ccccn3->[Ru+2]<-23456(<-c2c->3c->43cccc[c-]->53c->62)<-P(c2ccccc2)(c2ccccc2)c2ccccc2)cc1,Cc1ccc(N2=Cc3ccccn3->[Ru+2]<-23456(<-c2c->3c->43cccc[c-]->53c->62)<-P(c2ccccc2)(c2ccccc2)c2ccccc2)cc1
EWUDAD,C/C1=N\NC(N)=S->[Zn+2](<-[Cl-])(<-[Cl-])<-n2ccc3ccccc3c21,C12 H12 Cl2 N4 S1 Zn1,0.0,CC1c2c3ccccc3ccn2->[Zn+2]2(<-[Cl-])(<-[Cl-])<-S=C(N)NN->2=1,CC1c2c3ccccc3ccn2->[Zn+2]2(<-[Cl-])(<-[Cl-])<-S=C(N)NN->2=1,CC1c2c3ccccc3ccn2->[Zn+2]2(<-[Cl-])(<-[Cl-])<-S=C(N)NN->2=1
EWUPOB,,C22 H36 P1 Ru1 1+,1.0,C1CCC(P2(CCc34->[RuH+]<-256789(<-C=C->5)<-c(c->6c->73)c->8c->94)C2CCCCC2)CC1,C1CCC(P2(CCc34->[RuH+]<-256789(<-C=C->5)<-c(c->6c->73)c->8c->94)C2CCCCC2)CC1,C1CCC(P2(CCc34->[RuH+]<-256789(<-C=C->5)<-c(c->6c->73)c->8c->94)C2CCCCC2)CC1
EXEJAS,Cc1cccc(C)c1[N-2]->[Mo+4]12(<-[Cl-])(<-[H][Si]->1(C)(C)[N-]->2c1c(C)cccc1C)(<-P(C)(C)C)<-P(C)(C)C,C24 H43 Cl1 Mo1 N2 P2 Si1,0.0,Cc1cccc(C)c1[N-2]->[Mo+4]12(<-[Cl-])(<-[HH-][Si]->1(C)(C)N->2c1c(C)cccc1C)(<-P(C)(C)C)<-P(C)(C)C,Cc1cccc(C)c1[N-2]->[MoH+3](<-[Cl-])(<-N(c1c(C)cccc1C)=[Si](C)C)(<-P(C)(C)C)<-P(C)(C)C,Cc1cccc(C)c1[N-2]->[MoH+3]1(<-[Cl-])(<-N(c2c(C)cccc2C)=[Si]->1(C)C)(<-P(C)(C)C)<-P(C)(C)C
EXIQAD,CCCCCCc1ccn2->[Ni+2]3(<-[S-]c4ccccc4[S-]->3)<-n3ccc(CCCCCC)cc3-c2c1,C28 H36 N2 Ni1 S2,0.0,fail,CCCCCCc1ccn2->[Ni]3(<-S=C4C=CC=CC4=S->3)<-n3ccc(CCCCCC)cc3-c2c1,CCCCCCc1ccn2->[Ni]3(<-S=C4C=CC=CC4=S->3)<-n3ccc(CCCCCC)cc3-c2c1
EXOTEQ,CN(C)CCN12CC[N-](C(C)(C)C)->[Y+3]<-13(<-[CH2-][Si](C)(C)C)<-[N-]1C=CC=C[C@H]1CN->3(C)CC2,C23 H48 N5 Si1 Y1,0.0,CC(C)(C)[N-]1CCN23CCN(C)(C)->[Y+3]<-1<-24(<-[CH2-][Si](C)(C)C)<-[N-]1C=CC=CC1CN->4(C)CC3,CC(C)(C)[N-]1CCN23CCN(C)(C)->[Y+3]<-1<-24(<-[CH2-][Si](C)(C)C)<-[N-]1C=CC=CC1CN->4(C)CC3,CN(C)CCN12CC[N-](C(C)(C)C)->[Y+3]<-13(<-[CH2-][Si](C)(C)C)<-[N-]1C=CC=CC1CN->3(C)CC2
EYEBUF,,C24 H17 Fe1 N1 O7,0.0,fail,COC(=O)[CH-]1C([CH-]2C3=C(c4ccccc4)->[Fe+2]<-3<-1<-2(<-[C-]#[O+])(<-[C-]#[O+])<-[C-]#[O+])N1C(=O)c2ccccc2C1=O,COC(=O)[CH-]1C([CH-]2C3=C(c4ccccc4)->[Fe+2]<-3<-1<-2(<-[C-]#[O+])(<-[C-]#[O+])<-[C-]#[O+])N1C(=O)c2ccccc2C1=O
EYIDAR,,C13 H9 Cl2 N4 O3 Re1,0.0,Cn1ccn2->[Re+](<-[Cl-])(<-[C-]#[O+])(<-[C-]#[O+])(<-[C-]#[O+])<-N(=Nc12)c1ccc(Cl)cc1,Cn1cc[n-]2->[Re+3](<-[Cl-])(<-[C-]#[O+])(<-[C-]#[O+])(<-[C-]#[O+])<-[N-](N=c12)c1ccc(Cl)cc1,Cn1cc[n-]2->[Re+3](<-[Cl-])(<-[C-]#[O+])(<-[C-]#[O+])(<-[C-]#[O+])<-[N-](N=c12)c1ccc(Cl)cc1
EYOVUJ,CC1=O->[Zn+2]23(<-[O-]1)(<-n1ccccc1-c1ccccn->21)<-n1ccccc1-c1ccccn->31,C22 H19 N4 O2 Zn1 1+,1.0,fail,CC1=O->[Zn+2]23(<-[O-]1)(<-n1ccccc1-c1ccccn->21)<-n1ccccc1-c1ccccn->31,CC12=O->[Zn+2]<-134(<-[O-]2)(<-n1ccccc1-c1ccccn->31)<-n1ccccc1-c1ccccn->41
EZAFUH,CS(C)(=O)->[Ru+2]1(<-[Cl-])(<-N[C@@H]2CCCC[C@H]2N->1)(<-S(C)(C)=O)<-S(C)(C)=O,C12 H32 Cl1 N2 O3 Ru1 S3 1+,1.0,CS(C)(=O)->[Ru+2]1(<-[Cl-])(<-NC2CCCCC2N->1)(<-S(C)(C)=O)<-S(C)(C)=O,CS(C)(=O)->[Ru+2]1(<-[Cl-])(<-NC2CCCCC2N->1)(<-S(C)(C)=O)<-S(C)(C)=O,CS(C)(=O)->[Ru+2]1(<-[Cl-])(<-NC2CCCCC2N->1)(<-S(C)(C)=O)<-S(C)(C)=O
EZEMON,C1=Cc2cccc3ccc4[O-]->[Os+2]56(<-O=C1c4c23)(<-N(=N\c1ccccn->51)/c1ccccc1)<-N(=N\c1ccccn->61)/c1ccccc1,C35 H25 N6 O2 Os1 1+,1.0,C1=Cc2cccc3ccc4[O-]->[Os+2]56(<-O=C1c4c23)(<-N(=Nc1ccccn->51)c1ccccc1)<-N(=Nc1ccccn->61)c1ccccc1,C1=Cc2cccc3ccc4[O-]->[Os+6]56(<-O=C1c4c23)(<-[N-](N=c1cccc[n-]->51)c1ccccc1)<-[N-](N=c1cccc[n-]->61)c1ccccc1,C1=Cc2cccc3ccc4[O-]->[Os+6]56(<-O=C1c4c23)(<-[N-](N=c1cccc[n-]->51)c1ccccc1)<-[N-](N=c1cccc[n-]->61)c1ccccc1
EZIRUC,,C17 H31 O5 P1 Ru1 S1,0.0,COP(OC)(OC)->[Ru+]123456(<-C=C->1CC[SH]->2(=O)=O)<-c1(C)c->3(C)c->4(C)[c-]->5(C)c->61C,COP(OC)(OC)->[Ru+2]123456(<-C=C->1CCS->2(=O)[O-])<-c1(C)c->3(C)c->4(C)[c-]->5(C)c->61C,COP(OC)(OC)->[Ru+2]123456(<-C=C->1CCS->2(=O)[O-])<-c1(C)c->3(C)c->4(C)[c-]->5(C)c->61C
EZUBAC,,C26 H28 Fe1 O4 Si2,0.0,C[Si](C)(C)C12->[Fe]34(<-[C-]#[O+])(<-[C-]#[O+])(<-[C-]#[O+])<-C=15Cc1cccc6cccc(c16)CC->35=C->4([Si](C)(C)C)C2=O,C[Si](C)(C)[c-]12->[Fe+2]345(<-[C-]#[O+])(<-[C-]#[O+])(<-[C-]#[O+])<-c16c->3([c-]->4([Si](C)(C)C)c->52=O)Cc1cccc2cccc(c12)C6,C[Si](C)(C)[c-]12->[Fe+2]345(<-[C-]#[O+])(<-[C-]#[O+])(<-[C-]#[O+])<-c16c->3([c-]->4([Si](C)(C)C)c->52=O)Cc1cccc2cccc(c12)C6
FABZEN,CN1(C)CCN23Cc4ccccc4[O-]->[W+6]<-1<-2(<-[O-2])(<-[O-2])<-[O-]c1ccccc1C3,C18 H22 N2 O4 W1,0.0,CN1(C)CCN23Cc4ccccc4[O-]->[W+6]<-1<-2(<-[O-2])(<-[O-2])<-[O-]c1ccccc1C3,CN1(C)CCN23Cc4ccccc4[O-]->[W+6]<-1<-2(<-[O-2])(<-[O-2])<-[O-]c1ccccc1C3,CN1(C)CCN23Cc4ccccc4[O-]->[W+6]<-1<-2(<-[O-2])(<-[O-2])<-[O-]c1ccccc1C3
FACHOH,[CH3-]->[Rh+3]12345(<-[C-]#[O+])<-c6c->1[c-]->2(CCCP->3(c1ccccc1)c1ccccc1)c->41ccccc->561,C26 H25 O1 P1 Rh1 1+,1.0,[CH3-]->[Rh+3]12345(<-[C-]#[O+])<-c6[cH-]->1c->2(CCCP->3(c1ccccc1)c1ccccc1)c->41ccccc->561,[CH3-]->[Rh+3]12345(<-[C-]#[O+])<-c6c->1[c-]->2(CCCP->3(c1ccccc1)c1ccccc1)c->41ccccc->561,[CH3-]->[Rh+3]12345(<-[C-]#[O+])<-c6c->1[c-]->2(CCCP->3(c1ccccc1)c1ccccc1)c->41ccccc->561
FAFBOE,Cc1cccc(/N2=N/N([O-]->[Pd+2]<-23<-[O-]N(/N=N->3/c2cccc(C)c2C)C(C)(C)C)C(C)(C)C)c1C,C24 H36 N6 O2 Pd1,0.0,Cc1cccc([N-]2N=[N+]([O-]->[Pd+2]<-23<-[O-][N+](=N[N-]->3c2cccc(C)c2C)C(C)(C)C)C(C)(C)C)c1C,Cc1cccc(N2=NN([O-]->[Pd+2]<-23<-[O-]N(N=N->3c2cccc(C)c2C)C(C)(C)C)C(C)(C)C)c1C,Cc1cccc(N2=NN([O-]->[Pd+2]<-23<-[O-]N(N=N->3c2cccc(C)c2C)C(C)(C)C)C(C)(C)C)c1C
FAGGIG,,C32 H42 Cl2 O2 Si1 Zr1,0.0,COc1c(C(C)(C)C)cc23->[Zr+4]456789%10%11(<-[Cl-])(<-[Cl-])<-c(c->4(C)[cH-]->52)c->63c1[Si](C)(C)c1c(OC)c(C(C)(C)C)cc->72c->8c->9(C)c->%10[c-]->%1112,COc1c(C(C)(C)C)cc23->[Zr+4]456789%10%11(<-[Cl-])(<-[Cl-])<-c(c->4(C)[cH-]->52)c->63c1[Si](C)(C)c1c(OC)c(C(C)(C)C)cc->72[cH-]->8c->9(C)c->%10c->%1112,COc1c(C(C)(C)C)cc23->[Zr+4]456789%10%11(<-[Cl-])(<-[Cl-])<-c(c->4(C)[cH-]->52)c->63c1[Si](C)(C)c1c(OC)c(C(C)(C)C)cc->72[cH-]->8c->9(C)c->%10c->%1112
FAGRAH,,C44 H35 N3 Ni1,0.0,CCC1=C(C)C2=Cc3c4cccccc-4c4[c-]3->[Ni+2]35<-N2=C1C=c1c(-c2ccccc2)c(-c2ccccc2)c([n-]->31)=CC1=N->5C(=C4)C(C)=C1CC,CCC1=C(C)C2=Cc3c4cccccc-4c4[c-]3->[Ni+2]35<-N2=C1C=c1c(-c2ccccc2)c(-c2ccccc2)c([n-]->31)=CC1=N->5C(=C4)C(C)=C1CC,CCc1c(C)c2[n-]3->[Ni+4]45<-[C]6[C+](C=2)[C-]2[CH+][CH-][CH+][CH-][CH+][C-]2[C-]6C=c2c(C)c(CC)c([n-]->42)=Cc2c(-c4ccccc4)c(-c4ccccc4)c([n-]->52)C=c13
FAHFIF,,C31 H22 Au1 Cl1 N1 P1,0.0,[Cl-]->[Au+2]<-[C-]([c-]1c2ccccc2c2ccccc21)[P+](c1ccccc1)(c1ccccc1)c1ccccn1,[Cl-]->[Au+]<-C(=C1c2ccccc2-c2ccccc21)=P(c1ccccc1)(c1ccccc1)c1ccccn1,[Cl-]->[Au+]<-C(=C1c2ccccc2-c2ccccc21)=P(c1ccccc1)(c1ccccc1)c1ccccn1
FAJFON,,C25 H33 N1 O1 W1,0.0,fail,Cc12->[WH+3]34567(<-[CH2-]C->3(C3C=CCCC3)=C->4c3ccccc3)(<-[N-]=O)<-c1(C)c->5(C)[c-]->6(C)c->72C,Cc12->[WH+3]34567(<-[CH2-]C->3(C3C=CCCC3)=C->4c3ccccc3)(<-[N-]=O)<-c1(C)c->5(C)[c-]->6(C)c->72C
FAJXOD,[O+]#[C-]->[Co-]1(<-[C-]#[O+])(<-[C-]#[O+])<-N23CCN4CC[N+]5=[P@TB4]->142N(CC5)CC3,C11 H16 Co1 N4 O3 P1,0.0,[O+]#[C-]->[Co]1(<-[C-]#[O+])(<-[C-]#[O+])<-N23CCN4CCN5CCN(CC2)[PH]->1543,[O+]#[C-]->[Co-]1(<-[C-]#[O+])(<-[C-]#[O+])<-N23CCN4CCN5CC[N+](=P->1542)CC3,[O+]#[C-]->[Co-]1(<-[C-]#[O+])(<-[C-]#[O+])<-N23CCN4CCN5CC[N+](=P->1542)CC3
FAKMUA,Cc1cccc2CN3Cc4cc(C(C)(C)C)cc(C(C)(C)C)c4[O-]->[Ni@OH5+2](<-[Cl-])(<-n12)<-n1c(C)cccc1C3,C29 H38 Cl1 N3 Ni1 O1,0.0,Cc1cccc2CN34Cc5cc(C(C)(C)C)cc(C(C)(C)C)c5[O-]->[Ni+2]<-3(<-[Cl-])(<-n12)<-n1c(C)cccc1C4,Cc1cccc2CN34Cc5cc(C(C)(C)C)cc(C(C)(C)C)c5[O-]->[Ni+2]<-3(<-[Cl-])(<-n12)<-n1c(C)cccc1C4,Cc1cccc2CN34Cc5cc(C(C)(C)C)cc(C(C)(C)C)c5[O-]->[Ni+2]<-3(<-[Cl-])(<-n12)<-n1c(C)cccc1C4
FALKOU,O=[N+]([O-])c1ccc(C2/N=N3/C=C4/C=C(Cl)C=CC4=O->[Ni@]<-3(<-O=2)<-N2CCOCC2)cc1,C18 H17 Cl1 N4 Ni1 O5,0.0,O=[N+]([O-])c1ccc(C2=NN3=Cc4cc(Cl)ccc4[O-]->[Ni+2]<-3(<-[O-]2)<-N2CCOCC2)cc1,O=[N+]([O-])c1ccc(C2=NN3=Cc4cc(Cl)ccc4[O-]->[Ni+2]<-3(<-[O-]2)<-N2CCOCC2)cc1,O=[N+]([O-])c1ccc(C2=NN3=Cc4cc(Cl)ccc4[O-]->[Ni+2]<-3(<-[O-]2)<-N2CCOCC2)cc1
FANFEH,O=P(CC1=N(->[Ni+2](<-[Cl-])(<-[Cl-])<-N2=C(CP(=O)(c3ccccc3)c3ccccc3)OCC2)CCO1)(c1ccccc1)c1ccccc1,C32 H32 Cl2 N2 Ni1 O4 P2,0.0,[Cl-]->[Ni+2]12(<-[Cl-])(<-O=P(CC3=N->1CCO3)(c1ccccc1)c1ccccc1)<-O=P(CC1=N->2CCO1)(c1ccccc1)c1ccccc1,[Cl-]->[Ni+2]12(<-[Cl-])(<-O=P(CC3=N->1CCO3)(c1ccccc1)c1ccccc1)<-O=P(CC1=N->2CCO1)(c1ccccc1)c1ccccc1,O=P(CC1=N(->[Ni+2](<-[Cl-])(<-[Cl-])<-N2=C(CP(=O)(c3ccccc3)c3ccccc3)OCC2)CCO1)(c1ccccc1)c1ccccc1
FANSAR,,C24 H44 Fe1 N2 O2 P2,0.0,CC(C)P1(CCN2CCP(C(C)C)(C(C)C)->[FeH+]<-2<-1(<-[C-]#[O+])<-[N-](C=O)c1ccccc1)C(C)C,CC(C)P1(CCN2CCP(C(C)C)(C(C)C)->[FeH+]<-2<-1(<-[C-]#[O+])<-[N-](C=O)c1ccccc1)C(C)C,CC(C)P1(CCN2CCP(C(C)C)(C(C)C)->[FeH+]<-2<-1(<-[C-]#[O+])<-[N-](C=O)c1ccccc1)C(C)C
FANYUQ,C1\c2ccc3c([c-]2->[Zn+2]2(<-[c-]4c(/C=N->2\C2CCCCC2)ccc2c4OCO2)<-N=1\C1CCCCC1)OCO3,C28 H32 N2 O4 Zn1,0.0,C1c2ccc3c([c-]2->[Zn+2]2(<-[c-]4c(C=N->2C2CCCCC2)ccc2c4OCO2)<-N=1C1CCCCC1)OCO3,C1c2ccc3c([c-]2->[Zn+2]2(<-[c-]4c(C=N->2C2CCCCC2)ccc2c4OCO2)<-N=1C1CCCCC1)OCO3,C1c2ccc3c([c-]2->[Zn+2]2(<-[c-]4c(C=N->2C2CCCCC2)ccc2c4OCO2)<-N=1C1CCCCC1)OCO3
FAPTEW,[N-3]->[Tc+5]1(<-[Cl-])(<-[Cl-])<-P(CCSCCP->1(c1ccccc1)c1ccccc1)(c1ccccc1)c1ccccc1,C28 H28 Cl2 N1 P2 S1 Tc1,0.0,[N-3]->[Tc+5]12(<-[Cl-])(<-[Cl-])<-S(CCP->1(c1ccccc1)c1ccccc1)CCP->2(c1ccccc1)c1ccccc1,[N-3]->[Tc+5]12(<-[Cl-])(<-[Cl-])<-S(CCP->1(c1ccccc1)c1ccccc1)CCP->2(c1ccccc1)c1ccccc1,[N-3]->[Tc+5]12(<-[Cl-])(<-[Cl-])<-S(CCP->1(c1ccccc1)c1ccccc1)CCP->2(c1ccccc1)c1ccccc1
FAQBAD,CC(C)P1(C(C)C)N(C)c2ccccn2->[Fe+4]<-12345(<-[H]C->2[Si@@](C)([O-])[CH-]->3[CH2-]->4)<-[CH2-]C->5=[Si](C)C,C20 H39 Fe1 N2 O1 P1 Si2,0.0,CC(C)P1(C(C)C)N(C)c2ccccn2->[Fe]<-1234<-C=C->2[Si](C)(C)O[Si](C)(C)C->3=C->4,CC(C)P1(C(C)C)N(C)c2ccccn2->[Fe]<-1234<-C=C->2[Si](C)(C)O[Si](C)(C)C->3=C->4,CC(C)P1(C(C)C)N(C)c2ccccn2->[Fe]<-1234<-C=C->2[Si](C)(C)O[Si](C)(C)C->3=C->4
FASCIN,,C17 H32 B1 N6 Ni1 O4 P1,0.0,Cc1cc(C)n2->[Ni+2]3(<-O)(<-O)(<-[O-]P(C)(C)=O)<-n4c(C)cc(C)n4[BH-](n12)n1c(C)cc(C)n->31,Cc1cc(C)n2->[Ni+2]3(<-O)(<-O)(<-[O-]P(C)(C)=O)<-n4c(C)cc(C)n4[BH-](n12)n1c(C)cc(C)n->31,Cc1cc(C)n2->[Ni+2]3(<-O)(<-[O-]P(C)(C)=O)<-n4c(C)cc(C)n4[BH-](n12)n1c(C)cc(C)n->31.O
FATCEJ,c1ccc2c(c1)C(=C1[S-]->[Au+3]3(<-[S-]1)<-[S-]C([S-]->3)=C1c3ccccc3-c3ccccc31)c1ccccc1-2,C28 H16 Au1 S4 1-,-1.0,c1ccc2c(c1)C(=C1[S-]->[Au+3]3(<-[S-]1)<-[S-]C([S-]->3)=C1c3ccccc3-c3ccccc31)c1ccccc1-2,C1=C[CH+]C2=C3C=C[CH+]C=C3C(=C3[S-]->[Au-]4(<-[S-]3)<-[S-]C([S-]->4)=C3C4=C[CH+]C=CC4=C4[CH+]C=CC=C43)C2=C1,C1=C[CH+]C2=C3C=C[CH+]C=C3C(=C3[S-]->[Au-]4(<-[S-]3)<-[S-]C([S-]->4)=C3C4=C[CH+]C=CC4=C4[CH+]C=CC=C43)C2=C1
FAVJUH,,C28 H18 Cl4 N4 Ni1 O2,0.0,Clc1cc(Cl)c2cccn3->[Ni+2]4(<-[O-]c1c23)(<-[O-]c1c(Cl)cc(Cl)c2cccn->4c12)(<-n1ccccc1)<-n1ccccc1,Clc1cc(Cl)c2cccn3->[Ni+2]4(<-[O-]c1c23)(<-[O-]c1c(Cl)cc(Cl)c2cccn->4c12)(<-n1ccccc1)<-n1ccccc1,Clc1cc(Cl)c2cccn3->[Ni+2]4(<-[O-]c1c23)(<-[O-]c1c(Cl)cc(Cl)c2cccn->4c12)(<-n1ccccc1)<-n1ccccc1
FAWLAR,Cc1cccc(C2=O->[Re+5]3(<-[O-2])(<-[NH-]c4c(C)cccc4C(=O)[O-]->3)(<-[O-]2)<-P(c2ccccc2)(c2ccccc2)c2ccccc2)c1N,C34 H30 N2 O5 P1 Re1,0.0,fail,Cc1cccc(C2=O->[Re+5]3(<-[O-2])(<-[NH-]c4c(C)cccc4C(=O)[O-]->3)(<-[O-]2)<-P(c2ccccc2)(c2ccccc2)c2ccccc2)c1N,Cc1cccc(C23=O->[Re+5]<-24(<-[O-2])(<-[NH-]c2c(C)cccc2C(=O)[O-]->4)(<-[O-]3)<-P(c2ccccc2)(c2ccccc2)c2ccccc2)c1N
FAXGIX,,C30 H18 Ag1 N7 O9,0.0,O=[N+]([O-])c1cc([N+](=O)[O-])c([O-]->[Ag+](<-n2ccc(-c3nc4ccccc4o3)cc2)<-n2ccc(-c3nc4ccccc4o3)cc2)c([N+](=O)[O-])c1,O=[N+]([O-])c1cc([N+](=O)[O-])c([O-])c([N+](=O)[O-])c1.c1ccc2oc(-c3ccn(->[Ag+]<-n4ccc(-c5nc6ccccc6o5)cc4)cc3)nc2c1,O=[N+]([O-])c1cc([N+](=O)[O-])c2[O-]->[Ag+](<-[O-][N+](=O)c2c1)(<-n1ccc(-c2nc3ccccc3o2)cc1)<-n1ccc(-c2nc3ccccc3o2)cc1
FAYJUL,,C21 H17 Br2 N3 O5 S1 Zn1,0.0,[O][S]1(=O)CCN2=Cc3cc(Br)cc(Br)c3[O-]->[Zn+2]<-23(<-O)(<-[O-]1)<-n1cccc2ccc4cccn->3c4c21,O=S1(=O)CCN2=Cc3cc(Br)cc(Br)c3[O-]->[Zn+2]<-23(<-O)(<-[O-]1)<-n1cccc2ccc4cccn->3c4c21,O=S1(=O)CCN2=Cc3cc(Br)cc(Br)c3[O-]->[Zn+2]<-23(<-O)(<-[O-]1)<-n1cccc2ccc4cccn->3c4c21
FAYMUQ,[O+]#[C-]->[Mn+]123(<-[H][BH-]->1([H]->2)n1c(=N->3)sc2ccccc21)(<-[C-]#[O+])<-P(c1ccccc1)(c1ccccc1)c1ccccc1,C27 H23 B1 Mn1 N2 O2 P1 S1,0.0,fail,B->[Mn+](<-[C-]#[O+])(<-[C-]#[O+])(<-[NH-]c1nc2ccccc2s1)<-P(c1ccccc1)(c1ccccc1)c1ccccc1,[O+]#[C-]->[MnH2-]1(<-B=[N+]2C(=N->1)Sc1ccccc12)(<-[C-]#[O+])<-P(c1ccccc1)(c1ccccc1)c1ccccc1
FBGLNI,C=C1/C(C)=N2->[Ni@SP2]34<-N(=C(/C)C(=C)[NH2+]->3O[B-](F)(F)O\2)/O[B-](F)(F)O[NH2+]->41,C8 H12 B2 F4 N4 Ni1 O4,0.0,CC1=N2->[Ni+2]34<-N(=C(C)C(C)=N->3O[B-](F)(F)ON->4=C1C)O[B-](F)(F)O2,C=C1C(C)=N2->[Ni+4]34<-N(=C(C)C(=C)[N-]->3O[B-](F)(F)O2)O[B-](F)(F)O[N-]->41,C=C1C(C)=N2->[Ni+4]34<-N(=C(C)C(=C)[N-]->3O[B-](F)(F)O2)O[B-](F)(F)O[N-]->41
FEBPIM,O->[Fe+2]123(<-[Cl-])(<-[Cl-])<-O=C(N/N->1=C->2/c1ccccn->31)c1ccccc1,C13 H13 Cl2 Fe1 N3 O2,0.0,O->[Fe+2]12(<-[Cl-])(<-[Cl-])<-O=C(NN->1=Cc1ccccn->21)c1ccccc1,O->[Fe+2]12(<-[Cl-])(<-[Cl-])<-O=C(NN->1=Cc1ccccn->21)c1ccccc1,O->[Fe+2]12(<-[Cl-])(<-[Cl-])<-O=C(NN->1=Cc1ccccn->21)c1ccccc1
FEDCOJ,Cc1cc(C)c(-c2[c-](->[Fe+2]3456(<-[I-])(<-[C-]#[O+])<-c7c->3c->4[cH-]->5c->67)n(-c3c(C)cc(C)cc3C)n[n+]2C)c(C)c1,C27 H30 Fe1 I1 N3 O1,0.0,Cc1cc(C)c(-c2[c](->[Fe+]3456(<-[I-])(<-[C-]#[O+])<-c7c->3c->4[cH-]->5c->67)n(-c3c(C)cc(C)cc3C)n[n+]2C)c(C)c1,Cc1cc(C)c(-c2[c-](->[Fe+2]3456(<-[I-])(<-[C-]#[O+])<-c7c->3c->4[cH-]->5c->67)n(-c3c(C)cc(C)cc3C)n[n+]2C)c(C)c1,Cc1cc(C)c(-c2[c-](->[Fe+2]3456(<-[I-])(<-[C-]#[O+])<-c7c->3c->4[cH-]->5c->67)n(-c3c(C)cc(C)cc3C)n[n+]2C)c(C)c1
FEFWIY,CC(=O)[O-]->[Ni+2](<-[O-]C(C)=O)(<-n1ccccc1CCO)<-n1ccccc1CCO,C18 H24 N2 Ni1 O6,0.0,CC(=O)[O-]->[Ni+2]12(<-[O-]C(C)=O)(<-OCCc3ccccn->13)<-OCCc1ccccn->21,CC(=O)[O-]->[Ni+2]12(<-[O-]C(C)=O)(<-OCCc3ccccn->13)<-OCCc1ccccn->21,CC(=O)[O-]->[Ni+2](<-[O-]C(C)=O)(<-n1ccccc1CCO)<-n1ccccc1CCO
FEGSUI,CC(C)P1(/N=c2/cccc3NP(C(C)C)(C(C)C)->[Mn+]<-1(<-[C-]#[O+])(<-[C-]#[O+])(<-[C-]#[O+])<-[n-]32)C(C)C,C20 H32 Mn1 N3 O3 P2,0.0,CC(C)P1(N=c2cccc3NP(C(C)C)(C(C)C)->[Mn+]<-1(<-[C-]#[O+])(<-[C-]#[O+])(<-[C-]#[O+])<-[n-]32)C(C)C,CC(C)P1(N=c2cccc3NP(C(C)C)(C(C)C)->[Mn+]<-1(<-[C-]#[O+])(<-[C-]#[O+])(<-[C-]#[O+])<-[n-]32)C(C)C,CC(C)P1(N=c2cccc3NP(C(C)C)(C(C)C)->[Mn+]<-1(<-[C-]#[O+])(<-[C-]#[O+])(<-[C-]#[O+])<-[n-]32)C(C)C
FEHCAX,,C66 H15 I2 Ir1 O1,0.0,CC12c3c4c5c6c7c8c9c%10c%11c%12c%13c%14c%15c%16c%17c%18c(c1c1c3c3c5c5c%19c6c9c6c9c%10c%13c%10c%13c%14c%17c%14c%17c%18c1c1c3c5c3c(c1%17)c(c%14%13)c(c9%10)c3c%196)C%16(C)c13->[Ir+3]569(<-[I-])(<-[I-])(<-[C-]#[O+])<-c12c->5(c->6([c-]->93C%15%12C)C8%11C)C47C,CC12c3c4c5c6c7c8c9c%10c%11c%12c%13c%14c%15c%16c%17c%18c(c1c1c3c3c5c5c%19c6c9c6c9c%10c%13c%10c%13c%14c%17c%14c%17c%18c1c1c3c5c3c(c1%17)c(c%14%13)c(c9%10)c3c%196)C%16(C)c13->[Ir+3]569(<-[I-])(<-[I-])(<-[C-]#[O+])<-c12c->5(c->6([c-]->93C%15%12C)C8%11C)C47C,CC12c3c4c5c6c7c8c9c%10c%11c%12c%13c%14c%15c%16c%17c%18c(c1c1c3c3c5c5c%19c6c9c6c9c%10c%13c%10c%13c%14c%17c%14c%17c%18c1c1c3c5c3c(c1%17)c(c%14%13)c(c9%10)c3c%196)C%16(C)c13->[Ir+3]569(<-[I-])(<-[I-])(<-[C-]#[O+])<-c12c->5(c->6([c-]->93C%15%12C)C8%11C)C47C
FEHKAH,,C17 H14 Fe1 N3 O3 S1 1+,1.0,CC#N->[Fe+]12(<-[C-]#[O+])(<-[C-]#[O+])<-[C](=O)Nc3cccc(-c4ccccc4S->1C)n->23,CC#N->[Fe+2]12(<-[C-]#[O+])(<-[C-]#[O+])<-[C-](=O)Nc3cccc(-c4ccccc4S->1C)n->23,CC#N->[Fe+2]12(<-[C-]#[O+])(<-[C-]#[O+])<-[C-](=O)Nc3cccc(-c4ccccc4S->1C)n->23
FEHXOH,,C16 H12 Br2 Cl4 Hg1 N2,0.0,Clc1cccc(Cl)c1C=N1CCN(=Cc2c(Cl)cccc2Cl)->[Hg+2]<-1(<-[Br-])<-[Br-],Clc1cccc(Cl)c1C=N1CCN(=Cc2c(Cl)cccc2Cl)->[Hg+2]<-1(<-[Br-])<-[Br-],Clc1cccc(Cl)c1C=NCCN=Cc1c(Cl)cccc1Cl.[Br-]->[Hg+2]<-[Br-]
FEJRAP,CC(C)c12->[Ru+2]34567(<-[Cl-])(<-[c-]8ccsc8/C=N->3/c3ccccc3)<-c(c->41)c->5(C)c->6c->72,C21 H22 Cl1 N1 Ru1 S1,0.0,CC(C)c12->[Ru+2]34567(<-[Cl-])(<-[c-]8ccsc8C=N->3c3ccccc3)<-c(c->41)c->5(C)c->6c->72,CC(C)c12->[Ru+2]34567(<-[Cl-])(<-[c-]8ccsc8C=N->3c3ccccc3)<-c(c->41)c->5(C)c->6c->72,CC(C)c12->[Ru+2]34567(<-[Cl-])(<-[c-]8ccsc8C=N->3c3ccccc3)<-c(c->41)c->5(C)c->6c->72
FEKXEZ,Cc1cc(C)c([C-]2[C+]3[CH+][CH+][CH-][N-]3->[Ni@SP2+2]34<-[N-]5[C+]([C-](c6ccc[n-]->36)[C-]3[C+](C)[CH+][C-](C)[CH-][C-]3C)[CH+][CH+][C-]5[C+]3[CH+][CH+][C-]2[N-]->43)c(C)c1,C36 H32 N4 Ni1,0.0,Cc1cc(C)c(C2=C3C=CC=N3->[Ni+2]34<-N5=CC=CC5=C(c5c(C)cc(C)cc5C)c5ccc(-c6ccc2[n-]->36)[n-]->45)c(C)c1,Cc1cc(C)c(C2c3ccc[n-]3->[Ni+4]34<-[n-]5cccc5C(c5c(C)cc(C)cc5C)=c5ccc(=c6ccc=2[n-]->36)[n-]->45)c(C)c1,Cc1cc(C)c(C2c3ccc[n-]3->[Ni+4]34<-[n-]5cccc5C(c5c(C)cc(C)cc5C)=c5ccc(=c6ccc=2[n-]->36)[n-]->45)c(C)c1
FELNUH,[Cl-]->[Pd+2]1(<-[Cl-])<-[Se](CCN->12CCCCC2)c1ccccc1,C13 H19 Cl2 N1 Pd1 Se1,0.0,[Cl-]->[Pd+2]1(<-[Cl-])<-[Se](CCN->12CCCCC2)c1ccccc1,[CH2-]CN1(->[Pd+4](<-[Cl-])(<-[Cl-])<-[Se-]c2ccccc2)CCCCC1,[CH2-]CN1(->[Pd+4](<-[Cl-])(<-[Cl-])<-[Se-]c2ccccc2)CCCCC1
FENFEM,Clc1ccc(/N2=N/c34->[Fe+2]<-25(<-[Cl-])(<-[Cl-])<-n2cccc6ccc(cc3)c(c62)n->54)cc1,C18 H11 Cl3 Fe1 N4,0.0,Clc1ccc(N2=Nc3ccc4ccc5cccn6->[Fe+2]<-2(<-[Cl-])(<-[Cl-])<-n3c4c56)cc1,Clc1ccc(N2=Nc3ccc4ccc5cccn6->[Fe+2]<-2(<-[Cl-])(<-[Cl-])<-n3c4c56)cc1,Clc1ccc(N2=Nc3ccc4ccc5cccn6->[Fe+2]<-2(<-[Cl-])(<-[Cl-])<-n3c4c56)cc1
FENTAV,Cc1cccc2[O-]->[Ti+4]3(<-[O-]c4cccc(C)n->34)(<-[O-]C(C)C)(<-[O-]C(C)C)<-n12,C18 H26 N2 O4 Ti1,0.0,Cc1cccc2[O-]->[Ti+4]3(<-[O-]c4cccc(C)n->34)(<-[O-]C(C)C)(<-[O-]C(C)C)<-n12,Cc1cccc2[O-]->[Ti+4]3(<-[O-]c4cccc(C)n->34)(<-[O-]C(C)C)(<-[O-]C(C)C)<-n12,Cc1cccc2[O-]->[Ti+4]3(<-[O-]c4cccc(C)n->34)(<-[O-]C(C)C)(<-[O-]C(C)C)<-n12
FEPKIX,O=C([O-]->[Zn+2](<-O)(<-O)<-[O-]C(=O)c1cc(I)ccc1O)c1cc(I)ccc1O,C14 H12 I2 O8 Zn1,0.0,fail,Oc1ccc(I)cc1C1=O->[Zn+2]2(<-O)(<-O)(<-O=C([O-]->2)c2cc(I)ccc2O)<-[O-]1,Oc1ccc(I)cc1C12=O->[Zn+2]<-134(<-O)(<-O)(<-O=C->3([O-]->4)c1cc(I)ccc1O)<-[O-]2
FEQDOU,CC1(C)[O-]->[Re+7](<-[O-2])(<-[O-2])(<-[O-2])<-OC1(C)C,C6 H13 O5 Re1,0.0,CC1(C)[O-]->[Re+7](<-[O-2])(<-[O-2])(<-[O-2])<-OC1(C)C,CC1(C)[O-]->[Re+7](<-[O-2])(<-[O-2])(<-[O-2])<-OC1(C)C,CC(C)(O)C(C)(C)[O-]->[Re+7](<-[O-2])(<-[O-2])<-[O-2]
FERJAN,,C26 H30 Cr1 O2 Si1,0.0,Cc12->[Cr]34567(<-[H][SiH]->3(c3ccccc3)c3ccccc3)(<-[C-]#[O+])(<-[C-]#[O+])<-c1(C)c->4(C)c->5(C)c->6(C)c->72C,Cc12->[CrH+]3456(<-[C-]#[O+])(<-[C-]#[O+])(<-[SiH-](c7ccccc7)c7ccccc7)<-c1(C)c->3(C)c->4(C)c->5(C)c->62C,Cc12->[CrH+3]34567(<-[C-](=O)[C-]->3=O)(<-[SiH-](c3ccccc3)c3ccccc3)<-c1(C)c->4(C)c->5(C)c->6(C)c->72C
FESBAG,CN1(C)NCC2=P(CCP(c3ccccc3)(c3ccccc3)->[Pt@OH20+2]<-2<-1<-[Cl-])(c1ccccc1)c1ccccc1,C30 H34 Cl1 N2 P2 Pt1 1+,1.0,CN1(C)NC[CH-]2[P+](CCP(c3ccccc3)(c3ccccc3)->[Pt+2]<-2<-1<-[Cl-])(c1ccccc1)c1ccccc1,CN1(C)NCC2=P(CCP(c3ccccc3)(c3ccccc3)->[Pt+2]<-2<-1<-[Cl-])(c1ccccc1)c1ccccc1,CN1(C)NCC2=P(CCP(c3ccccc3)(c3ccccc3)->[Pt+2]<-2<-1<-[Cl-])(c1ccccc1)c1ccccc1
FETHET,C=[C-]1[C@@]2(C)c3cccc[c-]3->[Ir+3]<-134(<-[C]1C=CC=C(c5ccccc5)N12)<-n1c(C)cc(C)n1[BH-](n1c(C)cc(C)n->31)n1c(C)cc(C)n->41,C36 H39 B1 Ir1 N7,0.0,C=[C-]1C2(C)c3cccc[c-]3->[Ir+3]<-134(<-[C]1C=CC=C(c5ccccc5)N12)<-n1c(C)cc(C)n1[BH-](n1c(C)cc(C)n->31)n1c(C)cc(C)n->41,C=[C-]1C2(C)c3cccc[c-]3->[Ir+3]<-134(<-[C]1C=CC=C(c5ccccc5)N12)<-n1c(C)cc(C)n1[BH-](n1c(C)cc(C)n->31)n1c(C)cc(C)n->41,C=[C-]1C2(C)c3cccc[c-]3->[Ir+3]<-134(<-[C]1C=CC=C(c5ccccc5)N12)<-n1c(C)cc(C)n1[BH-](n1c(C)cc(C)n->31)n1c(C)cc(C)n->41
FETNIB,CC1(C)N2CCN3C(C)(C)[P@](=O)(O)[O-]->[Cu@TB15+3]<-2<-3(<-[OH-])<-[O-][P@]1(=O)O,C8 H22 Cu1 N2 O7 P2,0.0,CC1(C)N2CCN3C(C)(C)P(=O)(O)[O-]->[Cu+2]<-2<-3(<-O)<-[O-]P1(=O)O,CC1(C)N2CCN3C(C)(C)P(=O)(O)[O-]->[Cu+3]<-2<-3(<-[OH-])<-[O-]P1(=O)O,CC1(C)N2CCN3C(C)(C)P(=O)(O)[O-]->[Cu+3]<-2<-3(<-[OH-])<-[O-]P1(=O)O
FEVPUR,O=[N+]1[O-]->[Pt+4]2(<-[Cl-])(<-[Cl-])(<-[O-][N+](=O)c3cccc[c-]->23)<-[c-]2ccccc21,C12 H8 Cl2 N2 O4 Pt1,0.0,O=[N+]1[O-]->[Pt+4]2(<-[Cl-])(<-[Cl-])(<-[O-][N+](=O)c3cccc[c-]->23)<-[c-]2ccccc21,[O-]N1[O-]->[Pt+8]2(<-[Cl-])(<-[Cl-])(<-[O-]N([O-])c3cccc[c-]->23)<-[c-]2ccccc21,[O-]N1[O-]->[Pt+8]2(<-[Cl-])(<-[Cl-])(<-[O-]N([O-])c3cccc[c-]->23)<-[c-]2ccccc21
FEWDEQ,CN1(C)CCN(C)(C)->[Ni+2]<-12<-[c-]1ccccc1[C-]->2([Si](C)(C)C)[Si](C)(C)C,C19 H38 N2 Ni1 Si2,0.0,CN1(C)CCN(C)(C)->[Ni+2]<-12<-[c-]1ccccc1[C-]->2([Si](C)(C)C)[Si](C)(C)C,CN1(C)CCN(C)(C)->[Ni+2]<-12<-[c-]1ccccc1[C-]->2([Si](C)(C)C)[Si](C)(C)C,CN1(C)CCN(C)(C)->[Ni]<-12<-[C]1C=CC=CC1=C->2([Si](C)(C)C)[Si](C)(C)C
FEWWAH,[O+]#[C-]->[Re+]1234(<-[C]=S)(<-[C-]#[O+])<-c5c->1c->2[cH-]->3c->45,C8 H5 O2 Re1 S1,0.0,[O+]#[C-]->[Re+3]1234(<-[C-2]=S)(<-[C-]#[O+])<-c5c->1c->2[cH-]->3c->45,[O+]#[C-]->[Re+]1234(<-[C]=S)(<-[C-]#[O+])<-c5c->1c->2[cH-]->3c->45,[O+]#[C-]->[Re+]1234(<-[C]=S)(<-[C-]#[O+])<-c5c->1c->2[cH-]->3c->45
FEXNOM,Cc1cc(C)n(->[Re+](<-[Cl-])(<-[C-]#[O+])(<-[C-]#[O+])(<-[C-]#[O+])<-n2[nH]c(C)cc2C)[nH]1,C13 H16 Cl1 N4 O3 Re1,0.0,Cc1cc(C)n(->[Re+](<-[Cl-])(<-[C-]#[O+])(<-[C-]#[O+])(<-[C-]#[O+])<-n2[nH]c(C)cc2C)[nH]1,Cc1cc(C)n(->[Re+](<-[Cl-])(<-[C-]#[O+])(<-[C-]#[O+])(<-[C-]#[O+])<-n2[nH]c(C)cc2C)[nH]1,Cc1cc(C)n(->[Re+](<-[Cl-])(<-[C-]#[O+])(<-[C-]#[O+])(<-[C-]#[O+])<-n2[nH]c(C)cc2C)[nH]1
FEYBUI,Cc1ccc(-c2ccccc2/C=N2/CCN(C)(C)->[Pt@@+2]<-2(<-[Br-])<-[c-]2ccc(C)cc2)cc1,C25 H29 Br1 N2 Pt1,0.0,Cc1ccc(-c2ccccc2C=N2CCN(C)(C)->[Pt+2]<-2(<-[Br-])<-[c-]2ccc(C)cc2)cc1,Cc1ccc(-c2ccccc2C=N2CCN(C)(C)->[Pt+2]<-2(<-[Br-])<-[c-]2ccc(C)cc2)cc1,Cc1ccc(-c2ccccc2C=N2CCN(C)(C)->[Pt+2]<-2(<-[Br-])<-[c-]2ccc(C)cc2)cc1
FEZDUJ,C[C-]1=C23->[Zr+4]<-1456789%10%11%12(<-[C-](C)=C->42CC3)(<-c1c->5c->6[cH-]->7c->81)<-c1c->9c->%10[cH-]->%11c->%121,C18 H20 Zr1,0.0,C[C-]1=C2CCC2=[C-](C)->[Zr+4]<-123456789(<-c1c->2c->3[cH-]->4c->51)<-c1c->6c->7[cH-]->8c->91,C[C-]1=C23->[Zr+4]<-1456789%10%11%12(<-[C-](C)=C->42CC3)(<-c1c->5c->6[cH-]->7c->81)<-c1c->9c->%10[cH-]->%11c->%121,C[C-]1=C2CCC2=[C-](C)->[Zr+4]<-123456789(<-c1c->2c->3[cH-]->4c->51)<-c1c->6c->7[cH-]->8c->91
FEZSOT,,C26 H18 N5 O2 Ru1 1+,1.0,O=c1cccc2-c3ccccn3->[Ru+2]34(<-[C-]#[O+])(<-n5ccccc5-c5cccc(-c6ccccn->36)n->45)<-[n-]21,O=c1cccc2-c3ccccn3->[Ru+2]34(<-[C-]#[O+])(<-n5ccccc5-c5cccc(-c6ccccn->36)n->45)<-[n-]21,O=[C-]1Oc2cccc3-c4ccccn4->[Ru+2]<-145(<-n1ccccc1-c1cccc(-c6ccccn->46)n->51)<-n23
FIBWAR,,C24 H14 F4 Fe1 O4,0.0,O=C1C2(c3ccc(F)cc3F)->[Fe]34(<-[C-]#[O+])(<-[C-]#[O+])(<-[C-]#[O+])<-C1(c1ccc(F)cc1F)=C->31CCCCC->4=21,O=c12->[Fe+2]345(<-[C-]#[O+])(<-[C-]#[O+])(<-[C-]#[O+])<-c6(c->3([c-]->41-c1ccc(F)cc1F)CCCC6)[c-]->52-c1ccc(F)cc1F,O=c1[c-]2(-c3ccc(F)cc3F)->[Fe+2]34(<-[C-]#[O+])(<-[C-]#[O+])(<-[C-]#[O+])<-c25c->3([c-]->41-c1ccc(F)cc1F)CCCC5
FICJIN,c1ccc2[O-]->[Pd@SP2+2]34<-[O-]c5ccccc/c5=N->3\CCCCCCCCCC/N->4=c/2cc1,C24 H30 N2 O2 Pd1,0.0,c1ccc2[N-]3CCCCCCCCCC[N-]4c5cccccc5=O->[Pd+2]<-3<-4<-O=c2cc1,c1ccc2[O-]->[Pd+2]34<-[O-]c5cccccc5=N->3CCCCCCCCCCN->4=c2cc1,c1ccc2[O-]->[Pd+2]34<-[O-]c5cccccc5=N->3CCCCCCCCCCN->4=c2cc1
FIDPUD,,C18 H47 I1 N1 P2 Rh1 Si2,0.0,CC(C)P1(C[Si](C)(C)N2[Si](C)(C)CP(C(C)C)(C(C)C)->[RhH2+]<-2<-1<-[I-])C(C)C,CC(C)P1(C[Si](C)(C)N2[Si](C)(C)CP(C(C)C)(C(C)C)->[RhH2+]<-2<-1<-[I-])C(C)C,CC(C)P1(C[Si](C)(C)N2[Si](C)(C)CP(C(C)C)(C(C)C)->[RhH2+]<-2<-1<-[I-])C(C)C
FIFDOO,Cc1cc(C(C)(C)C)n2->[Ni@OH30+2]3(<-[Cl-])<-n4c(C(C)(C)C)cc(C)n4[BH-](n12)n1c(C)cc(C(C)(C)C)n->31,C24 H40 B1 Cl1 N6 Ni1,0.0,Cc1cc(C(C)(C)C)[n-]2->[Ni+2]3(<-[Cl-])<-[n-]4c(C(C)(C)C)cc(C)[n+]4[BH-]([n+]12)[n+]1c(C)cc(C(C)(C)C)[n-]->31,Cc1cc(C(C)(C)C)n2->[Ni+2]3(<-[Cl-])<-n4c(C(C)(C)C)cc(C)n4[BH-](n12)n1c(C)cc(C(C)(C)C)n->31,Cc1cc(C(C)(C)C)n2->[Ni+2]3(<-[Cl-])<-n4c(C(C)(C)C)cc(C)n4[BH-](n12)n1c(C)cc(C(C)(C)C)n->31
FIGLAJ,C[Si]1(C)C[As+](=C2C=CC=C[CH+]2)C[Si](C)(C)[N-]2->[Ti](<-[Cl-])(<-[Cl-])<-[N-]1[Si](C)(C)C[As+](=C1C=CC=C[CH+]1)C[Si]2(C)C,C24 H42 As2 Cl2 N2 Si4 Ti1,0.0,C[Si]1(C)C[As](c2ccccc2)C[Si](C)(C)[N-]2->[Ti+4]3(<-[Cl-])(<-[Cl-])<-[N-]1[Si](C)(C)C[As]->3(c1ccccc1)C[Si]2(C)C,C[Si]1(C)C[As](c2ccccc2)C[Si](C)(C)[N-]2->[Ti+4]3(<-[Cl-])(<-[Cl-])<-[N-]1[Si](C)(C)C[As]->3(c1ccccc1)C[Si]2(C)C,C[Si]1(C)C[As]2(c3ccccc3)->[Ti+4]34(<-[Cl-])(<-[Cl-])<-[N-]1[Si](C)(C)C[As]->3(c1ccccc1)C[Si](C)(C)[N-]->4[Si](C)(C)C2
FIGYIE,CC(C)(C)P1(CCP(C(C)(C)C)(C(C)(C)C)->[Ru+2]<-1(<-[Cl-])(<-[Cl-])<-[C-]#[O+])C(C)(C)C,C19 H40 Cl2 O1 P2 Ru1,0.0,CC(C)(C)P1(CCP2(C(C)(C)C)C(C)(C)C[H]->[Ru+2]<-1<-2(<-[Cl-])(<-[Cl-])<-[C-]#[O+])C(C)(C)C,CC(C)(C)P1(CCP(C(C)(C)C)(C(C)(C)C)->[Ru+2]<-1(<-[Cl-])(<-[Cl-])<-[C-]#[O+])C(C)(C)C,CC(C)(C)P1(CCP(C(C)(C)C)(C(C)(C)C)->[Ru+2]<-1(<-[Cl-])(<-[Cl-])<-[C-]#[O+])C(C)(C)C
FIHJIQ,,C17 H33 Cl4 P1 Ru1 Si1,0.0,CC(C)P(C)(C(C)C)->[RuH+3]1234(<-[Cl-])(<-c5(C)c->1(C)c->2(C)[c-]->3(C)c->45C)<-[Si-](Cl)(Cl)Cl,CC(C)P(C)(C(C)C)->[RuH+3]1234(<-[Cl-])(<-c5(C)c->1(C)c->2(C)[c-]->3(C)c->45C)<-[Si-](Cl)(Cl)Cl,CC(C)P(C)(C(C)C)->[RuH+3]1234(<-[Cl-])(<-c5(C)c->1(C)c->2(C)[c-]->3(C)c->45C)<-[Si-](Cl)(Cl)Cl
FIHMAN,CC1/C=C(/C)[O-]->[V+5]234(<-[O-2])(<-O=1)<-[O-]/C(=N\N->2=C(C)\C(C)=N->3\N=C(/[O-]->4)c1ccc(Cl)cc1)c1ccc(Cl)cc1,C23 H21 Cl2 N4 O5 V1,0.0,fail,CC1=CC(C)=O->[V+5]234(<-[O-2])(<-[O-]1)<-[O-]C(=NN->2=C(C)C(C)=N->3N=C([O-]->4)c1ccc(Cl)cc1)c1ccc(Cl)cc1,CC1=CC(C)=O->[V+5]234(<-[O-2])(<-[O-]1)<-[O-]C(=NN->2=C(C)C(C)=N->3N=C([O-]->4)c1ccc(Cl)cc1)c1ccc(Cl)cc1
FIHWOL,[Cl-]->[Pt@OH4+2]1(<-[Cl-])<-[Se]2CCCCCC/C=C/CCCCCC[Se]->1CCCCCC/C=C/CCCCCC2,C28 H52 Cl2 Pt1 Se2,0.0,[Cl-]->[Pt+2]1(<-[Cl-])<-[Se]2CCCCCCC=CCCCCCC[Se]->1CCCCCCC=CCCCCCC2,[CH2-]CCCCCC=CCCCCCC[Se-]->[Pt+6](<-[Cl-])(<-[Cl-])<-[Se-]CCCCCCC=CCCCCC[CH2-],[CH2-]CCCCCC=CCCCCCC[Se-]->[Pt+6](<-[Cl-])(<-[Cl-])<-[Se-]CCCCCCC=CCCCCC[CH2-]
FIJSOH,C/C1=N/N2=C(\C)c3ccccc3[O-]->[V+5]<-23(<-[O-2])(<-[O-]1)<-[O-]c1cccc2cccn->3c12,C19 H16 N3 O4 V1,0.0,CC1=NN2=C(C)c3ccccc3[O-]->[V+5]<-23(<-[O-2])(<-[O-]1)<-[O-]c1cccc2cccn->3c12,CC1=NN2=C(C)c3ccccc3[O-]->[V+5]<-23(<-[O-2])(<-[O-]1)<-[O-]c1cccc2cccn->3c12,CC1=NN2=C(C)c3ccccc3[O-]->[V+5]<-23(<-[O-2])(<-[O-]1)<-[O-]c1cccc2cccn->3c12
FIKKOA,c1ccc2c(c1)CS/C1[S-]->[Mo+4]3456789%10(<-[S-]/C=1SC2)(<-c1c->3c->4[cH-]->5c->61)<-c1c->7c->8[cH-]->9c->%101,C20 H18 Mo1 S4,0.0,c1ccc2c(c1)CSC1[S-]->[Mo+4]3456789%10(<-[S-]C=1SC2)(<-c1c->3c->4[cH-]->5c->61)<-c1c->7c->8[cH-]->9c->%101,c1ccc2c(c1)CSC1=S->[Mo+2]3456789%10(<-S=C1SC2)(<-c1c->3c->4[cH-]->5c->61)<-c1c->7c->8[cH-]->9c->%101,c1ccc2c(c1)CSC1=S->[Mo+2]3456789%10(<-S=C1SC2)(<-c1c->3c->4[cH-]->5c->61)<-c1c->7c->8[cH-]->9c->%101
FILGUC,CN12CCN->[Co+3]<-1345(<-NCCN->3(C)CC2)(<-[O-]N->4=O)<-[O-]N->5=O,C8 H22 Co1 N6 O4 1+,1.0,CN12CCN->[Co-]<-13(<-NCCN->3(C)CC2)(<-[N+](=O)=O)<-[N+](=O)=O,CN12CCN->[Co+3]<-13(<-NCCN->3(C)CC2)(<-N(=O)[O-])<-N(=O)[O-],CN12CCN->[Co+3]<-13(<-NCCN->3(C)CC2)(<-N(=O)[O-])<-N(=O)[O-]
FIMGEN,,C33 H37 Cl1 N4 O1 P1 Re1 S2,0.0,CN12CC[S-]->[Re+3]<-13(<-[N-]=NC(=O)c1ccc(Cl)cc1)(<-[S-]CCN->3(C)CC2)<-P(c1ccccc1)(c1ccccc1)c1ccccc1,CN12CC[S-]->[Re+3]<-13(<-[N-]=NC(=O)c1ccc(Cl)cc1)(<-[S-]CCN->3(C)CC2)<-P(c1ccccc1)(c1ccccc1)c1ccccc1,CN12CC[S-]->[Re+3]<-13(<-[N-]=NC(=O)c1ccc(Cl)cc1)(<-[S-]CCN->3(C)CC2)<-P(c1ccccc1)(c1ccccc1)c1ccccc1
FINQAU,CC(C)(C)[N-]1p23->[Ti+4]<-14(<-[Cl-])(<-[Cl-])(<-n1ccccc1)<-c2(C(C)(C)C)p[c-]->43C(C)(C)C,C19 H32 Cl2 N2 P2 Ti1,0.0,fail,CC(C)(C)c1p[c-]2(C(C)(C)C)->[Ti+4](<-[Cl-])(<-[Cl-])(<-n3ccccc3)<-[N-](p12)C(C)(C)C,CC(C)(C)c1p[c-]2(C(C)(C)C)->[Ti+4](<-[Cl-])(<-[Cl-])(<-n3ccccc3)<-[N-](p12)C(C)(C)C
FINYEH,CC12=C->[Ru+4]<-1345(<-[Cl-])(<-[Cl-])(<-[CH2-]C->3(C)=C->4CC[CH-]->52)<-P(Nc1nccs1)(c1ccccc1)c1ccccc1,C25 H29 Cl2 N2 P1 Ru1 S1,0.0,fail,CC12=C->[Ru+4]<-1345(<-[Cl-])(<-[Cl-])(<-[CH2-]C->3(C)=C->4CC[CH-]->52)<-P(Nc1nccs1)(c1ccccc1)c1ccccc1,CC12=C->[Ru+4]<-1345(<-[Cl-])(<-[Cl-])(<-[CH2-]C->3(C)=C->4CC[CH-]->52)<-P(Nc1nccs1)(c1ccccc1)c1ccccc1
FIPPAV,C[C@H]1c2cccc[c-]2->[Pd@+2]2(<-[CH-](c3ccccc3N->2(C)C)[Si](C)(C)C)<-N1(C)C,C22 H34 N2 Pd1 Si1,0.0,CC1c2cccc[c-]2->[Pd+2]2(<-[CH-](c3ccccc3N->2(C)C)[Si](C)(C)C)<-N1(C)C,CC1c2cccc[c-]2->[Pd+2]2(<-[CH-](c3ccccc3N->2(C)C)[Si](C)(C)C)<-N1(C)C,CC1c2cccc[c-]2->[Pd+2]2(<-[CH-](c3ccccc3N->2(C)C)[Si](C)(C)C)<-N1(C)C
FIQJOF,,C15 H31 B1 Br2 Ir1 O2 P3,0.0,CP(C)(C)->[Ir+3](<-[Br-])(<-[Br-])(<-[BH2-]1Oc2ccccc2O1)(<-P(C)(C)C)<-P(C)(C)C,CP(C)(C)->[Ir+](<-[Br-])(<-[Br-])(<-b1oc2ccccc2[o+]1)(<-P(C)(C)C)<-P(C)(C)C,CP(C)(C)->[Ir+](<-[Br-])(<-[Br-])(<-b1oc2ccccc2[o+]1)(<-P(C)(C)C)<-P(C)(C)C
FIQSUT,Cc1cccc2C=O->[Zn+2](<-[S-]c3c(F)c(F)c(F)c(F)c3F)(<-[S-]c3c(F)c(F)c(F)c(F)c3F)<-n12,C19 H7 F10 N1 O1 S2 Zn1,0.0,fail,Cc1cccc2C=O->[Zn+2](<-[S-]c3c(F)c(F)c(F)c(F)c3F)(<-[S-]c3c(F)c(F)c(F)c(F)c3F)<-n12,CC1=CC=CC2=C[O-]->[Zn+4](<-[S-]c3c(F)c(F)c(F)c(F)c3F)(<-[S-]c3c(F)c(F)c(F)c(F)c3F)<-[N-]12
FIRFES,CN(/C(=C\[C](N(C)C)->[Cr](<-[C-]#[O+])(<-[C-]#[O+])(<-[C-]#[O+])(<-[C-]#[O+])<-[C-]#[O+])c1ccccc1)c1ccccc1,C23 H20 Cr1 N2 O5,0.0,CN(C(=C[C](N(C)C)->[Cr](<-[C-]#[O+])(<-[C-]#[O+])(<-[C-]#[O+])(<-[C-]#[O+])<-[C-]#[O+])c1ccccc1)c1ccccc1,CN(C(=C[C](N(C)C)->[Cr](<-[C-]#[O+])(<-[C-]#[O+])(<-[C-]#[O+])(<-[C-]#[O+])<-[C-]#[O+])c1ccccc1)c1ccccc1,CN(C(=C[C](N(C)C)->[Cr](<-[C-]#[O+])(<-[C-]#[O+])(<-[C-]#[O+])(<-[C-]#[O+])<-[C-]#[O+])c1ccccc1)c1ccccc1
FIRNOM,O=C([O-]->[Ni+2]1(<-n2ccccc2Nc2ccccn2)<-n2ccccc2Nc2ccccn->12)C(O)(c1ccccc1)c1ccccc1,C34 H29 N6 Ni1 O3 1+,1.0,O=C1[O-]->[Ni+2]23(<-OC1(c1ccccc1)c1ccccc1)(<-n1ccccc1Nc1ccccn->21)<-n1ccccc1Nc1ccccn->31,O=C1[O-]->[Ni+2]23(<-OC1(c1ccccc1)c1ccccc1)(<-n1ccccc1Nc1ccccn->21)<-n1ccccc1Nc1ccccn->31,O=C([O-]->[Ni+2]12(<-n3ccccc3Nc3ccccn->13)<-n1ccccc1Nc1ccccn->21)C(O)(c1ccccc1)c1ccccc1
FISREG,C1=CC(=[CH-]->[Ru+4]23(<-[S-]CCS->2CC[S-]->3)<-P(C2CCCCC2)(C2CCCCC2)C2CCCCC2)C=C[CH-]1,C29 H47 P1 Ru1 S3,0.0,c1ccc([CH-2]->[Ru+4]23(<-[S-]CCS->2CC[S-]->3)<-P(C2CCCCC2)(C2CCCCC2)C2CCCCC2)cc1,c1ccc([CH]->[Ru+2]23(<-[S-]CCS->2CC[S-]->3)<-P(C2CCCCC2)(C2CCCCC2)C2CCCCC2)cc1,c1ccc([CH]->[Ru+2]23(<-[S-]CCS->2CC[S-]->3)<-P(C2CCCCC2)(C2CCCCC2)C2CCCCC2)cc1
FIVJOM,,C22 H22 Cl1 N1 O1 Ru1,0.0,CC(C)c12->[Ru+2]34567(<-[Cl-])(<-[c-]8cc(C=O)ccc8-c8ccccn->38)<-c(c->41)c->5(C)c->6c->72,CC(C)c12->[Ru+2]34567(<-[Cl-])(<-[c-]8cc(C=O)ccc8-c8ccccn->38)<-c(c->41)c->5(C)c->6c->72,CC(C)c12->[Ru+2]34567(<-[Cl-])(<-[c-]8cc(C=O)ccc8-c8ccccn->38)<-c(c->41)c->5(C)c->6c->72
FIWGAU,CC(=O)[O-]->[Pd@+2]1(<-[c-]2cc3ccccc3n2CC2=N->1CCO2)<-P(c1ccccc1)(c1ccccc1)c1ccccc1,C32 H29 N2 O3 P1 Pd1,0.0,CC(=O)[O-]->[Pd+]1(<-[c]2cc3ccccc3n2CC2=N->1CCO2)<-P(c1ccccc1)(c1ccccc1)c1ccccc1,CC(=O)[O-]->[Pd+2]1(<-[c-]2cc3ccccc3n2CC2=N->1CCO2)<-P(c1ccccc1)(c1ccccc1)c1ccccc1,CC(=O)[O-]->[Pd+2]1(<-[c-]2cc3ccccc3n2CC2=N->1CCO2)<-P(c1ccccc1)(c1ccccc1)c1ccccc1
FIYQIP,COC1=C(OC)c2c3n4->[Zn@SP3+2]56<-n2c1ccc1c(OC)c(OC)c(c2c(OC)c(OC)c(ccc4C(OC)=C3OC)[n-]->52)[n-]->61,C28 H28 N4 O8 Zn1,0.0,COc1c(OC)c2[n-]3->[Zn+4]45<-[n-]6c(c(OC)c(OC)c6=2)=CC=c2c(OC)c(OC)c([n-]->42)=c2c(OC)c(OC)c([n-]->52)=CC=c13,COC1=C(OC)c2c3c(OC)c(OC)c4ccc5n6->[Zn+2]7(<-n2c1ccc1c(OC)c(OC)c(c6C(OC)=C5OC)[n-]->71)<-[n-]43,COC1=C(OC)c2c3c(OC)c(OC)c4ccc5n6->[Zn+2]7(<-n2c1ccc1c(OC)c(OC)c(c6C(OC)=C5OC)[n-]->71)<-[n-]43
FIZFUS,CN1C=CN2/[BH-]3=[N+]4/C=C[N+](C)=C4[S-]->[Ru+2]<-3(<-[C-]#[O+])(<-[S-][C-]12)(<-P(C)(C)c1ccccc1)<-P(C)(C)c1ccccc1,C25 H33 B1 N4 O1 P2 Ru1 S2,0.0,Cn1ccn2B3n4ccn(C)c4=S->[Ru]<-3(<-[C-]#[O+])(<-S=c12)(<-P(C)(C)c1ccccc1)<-P(C)(C)c1ccccc1,Cn1ccn2B3n4ccn(C)c4=S->[Ru]<-3(<-[C-]#[O+])(<-S=c12)(<-P(C)(C)c1ccccc1)<-P(C)(C)c1ccccc1,Cn1ccn2B3n4ccn(C)c4=S->[Ru]<-3(<-[C-]#[O+])(<-S=c12)(<-P(C)(C)c1ccccc1)<-P(C)(C)c1ccccc1
FMHTRU,,C32 H22 F9 P1 Ru1,0.0,FC(F)(F)C=C1=C2=C(C=[C-](C(F)(F)F)->[Ru+2]<-1<-23456(<-c1c->3c->4[cH-]->5c->61)<-P(c1ccccc1)(c1ccccc1)c1ccccc1)C(F)(F)F,FC(F)(F)C=[C-]1[C]2C(=C[C](C(F)(F)F)->[Ru+2]<-2<-13456(<-c1c->3c->4[cH-]->5c->61)<-P(c1ccccc1)(c1ccccc1)c1ccccc1)C(F)(F)F,FC(F)(F)C=[C-]1[C]2C(=C[C](C(F)(F)F)->[Ru+2]<-2<-13456(<-c1c->3c->4[cH-]->5c->61)<-P(c1ccccc1)(c1ccccc1)c1ccccc1)C(F)(F)F
FOBLIS,,C16 H11 F12 Mo1 N1 S2,0.0,fail,CN(C)C1=S->[Mo+4]2345678(<-[S-]1)(<-c1c->2c->3[cH-]->4c->51)<-[c+]1(C(F)(F)F)[c-]->6(C(F)(F)F)[c-]->7(C(F)(F)F)[c-]->81C(F)(F)F,CN(C)C1=S->[Mo+4]2345678(<-[S-]1)(<-c1c->2c->3[cH-]->4c->51)<-[c+]1(C(F)(F)F)[c-]->6(C(F)(F)F)[c-]->7(C(F)(F)F)[c-]->81C(F)(F)F
FOCJOX,C/C1c2ccccn2->[Pd+2](<-[Cl-])(<-[Cl-])<-N=1\c1ccc2ccccc2c1/N=N/c1ccccc1,C23 H18 Cl2 N4 Pd1,0.0,CC1c2ccccn2->[Pd+2](<-[Cl-])(<-[Cl-])<-N=1c1ccc2ccccc2c1N=Nc1ccccc1,CC1c2ccccn2->[Pd+2](<-[Cl-])(<-[Cl-])<-N=1c1ccc2ccccc2c1N=Nc1ccccc1,CC1c2ccccn2->[Pd+2]2(<-[Cl-])(<-[Cl-])<-N(=Nc3c(N->2=1)ccc1ccccc31)c1ccccc1
FOCYOL,,C22 H22 N4 O2 W1,0.0,COC1#C(c2ccccc2)->[W+2]<-123(<-[C-]#[O+])(<-N(C)=Cc1ccc[n-]->21)<-N1=CC=CC1=C[N-]->3C,COC1#C(c2ccccc2)->[W+2]<-123(<-[C-]#[O+])(<-N(C)=Cc1ccc[n-]->21)<-N(C)=Cc1ccc[n-]->31,COC1#C(c2ccccc2)->[W+2]<-123(<-[C-]#[O+])(<-N(C)=Cc1ccc[n-]->21)<-N(C)=Cc1ccc[n-]->31
FODGUA,,C23 H33 N1 O8 P1 Re1 S4,0.0,COC(=O)C1[S-]->[Re+6]2(<-[N-2]C(C)(C)[P](C)(C)c3ccccc3)(<-[S-]C1C(=O)OC)<-[S-]C(C(=O)OC)C([S-]->2)C(=O)OC,COC(=O)C1[S-]->[Re+5]2(<-[N-2]C(C)(C)[P+](C)(C)c3ccccc3)(<-[S-]C1C(=O)OC)<-[S-]C(C(=O)OC)C([S-]->2)C(=O)OC,COC(=O)C1[S-]->[Re+5]2(<-[N-2]C(C)(C)[P+](C)(C)c3ccccc3)(<-[S-]C1C(=O)OC)<-[S-]C(C(=O)OC)C([S-]->2)C(=O)OC
FODWOM,,C16 H22 N8 Ni1 S2,0.0,CC#N->[Ni+2]12(<-[N-]=C=S)(<-[N-]=C=S)<-n3c(C)cc(C)n3CN->1Cn1c(C)cc(C)n->21,CC#N->[Ni+2]12(<-[N-]=C=S)(<-[N-]=C=S)<-n3c(C)cc(C)n3CN->1Cn1c(C)cc(C)n->21,CC#N->[Ni+2]12(<-[N-]=C=S)(<-[N-]=C=S)<-n3c(C)cc(C)n3CN->1Cn1c(C)cc(C)n->21
FOGDUA,,C22 H24 Cr1 O3,0.0,CC1=O->[Cr+2]2345(<-[C-]#[O+])(<-[C-]#[O+])(<-[CH-]=C1c1ccccc1)<-c1(C)c->2(C)c->3(C)[c-]->4(C)c->51C,CC1=O->[Cr+2]2345(<-[C-]#[O+])(<-[C-]#[O+])(<-[CH-]=C1c1ccccc1)<-c1(C)c->2(C)c->3(C)[c-]->4(C)c->51C,CC1[O-]->[Cr+2]23456(<-[C-]#[O+])(<-C(=O)=C->2C=1c1ccccc1)<-c1(C)c->3(C)c->4(C)[c-]->5(C)c->61C
FOGSUQ,,C21 H17 Br2 N3 Ni1 O5 S1,0.0,[O][S]1(=O)CCN2=Cc3cc(Br)cc(Br)c3[O-]->[Ni+2]<-23(<-O)(<-[O-]1)<-n1cccc2ccc4cccn->3c4c21,O=S1(=O)CCN2=Cc3cc(Br)cc(Br)c3[O-]->[Ni+2]<-23(<-O)(<-[O-]1)<-n1cccc2ccc4cccn->3c4c21,O.O=S1(=O)CCN2->[Ni+2]3(<-[O-]c4c(Br)cc(Br)cc4C=2)(<-[O-]1)<-n1cccc2ccc4cccn->3c4c21
FOHWIJ,Cc1cccc(C)c1[N-]1C(C)(C)/C=[C-](/c2ccccc2)->[Ta+5]<-12345(<-[Cl-])(<-[Cl-])<-c1(C)c->2(C)c->3(C)[c-]->4(C)c->51C,C29 H36 Cl2 N1 Ta1,0.0,Cc1cccc(C)c1[N-]1C(C)(C)C=[C-](c2ccccc2)->[Ta+5]<-12345(<-[Cl-])(<-[Cl-])<-c1(C)c->2(C)c->3(C)[c-]->4(C)c->51C,Cc1cccc(C)c1[N-]1C(C)(C)C=[C-](c2ccccc2)->[Ta+5]<-12345(<-[Cl-])(<-[Cl-])<-c1(C)c->2(C)c->3(C)[c-]->4(C)c->51C,Cc1cccc(C)c1[N-]1C(C)(C)C=[C-](c2ccccc2)->[Ta+5]<-1(<-[Cl-])(<-[Cl-])<-[c-]1(C)c(C)c(C)c(C)c1C
FOJTAZ,Cc1cc(C)n(->[Zn@TB7+2]23(<-[O-][N+](=O)[O-]->2)<-n2c(C)cc(C)n2CN(Cn2c(C)cc(C)n->32)c2ccccc2)[nH]1,C23 H31 N8 O3 Zn1 1+,1.0,Cc1cc(C)n(->[Zn+2]2(<-[O-][N+](=O)[O-])<-n3c(C)cc(C)n3CN(Cn3c(C)cc(C)n->23)c2ccccc2)[nH]1,Cc1cc(C)n(->[Zn+2]2(<-[O-][N+](=O)[O-])<-n3c(C)cc(C)n3CN(Cn3c(C)cc(C)n->23)c2ccccc2)[nH]1,Cc1cc(C)n(->[Zn+2]23(<-[O-][N+](=O)[O-]->2)<-n2c(C)cc(C)n2CN(Cn2c(C)cc(C)n->32)c2ccccc2)[nH]1
FOJXAE,[Cl-]->[Hf+4]123456789(<-[Cl-])<-C%10=C->1C->2(=[B-](N1CCCCC1)[c-]->31c->4c->5c->6c->71)C->8=C->9%10,C15 H18 B1 Cl2 Hf1 N1,0.0,[Cl-]->[Hf+4]123456789(<-[Cl-])<-c%10c->1[cH-]->2c->3(B(N1CCCCC1)c->41c->5c->6[cH-]->7c->81)c->9%10,[Cl-]->[Hf+4]123456789(<-[Cl-])<-C%10=C->1C->2(=[B-](N1CCCCC1)[c-]->31c->4c->5c->6c->71)C->8=C->9%10,[Cl-]->[Hf+4]123456789(<-[Cl-])<-C%10=C->1C->2(=[B-](N1CCCCC1)[c-]->31c->4c->5c->6c->71)C->8=C->9%10
FOKGES,CCP(CC)(CC)->[Ru+2]123(<-C=C->1[CH-]->2[O-]->3)(<-P(CC)(CC)CC)<-P(CC)(CC)CC,C21 H49 O1 P3 Ru1,0.0,fail,CCP(CC)(CC)->[Ru+2]123(<-C=C->1[CH-]->2[O-]->3)(<-P(CC)(CC)CC)<-P(CC)(CC)CC,CCP(CC)(CC)->[Ru+2]123(<-C=C->1[CH-]->2[O-]->3)(<-P(CC)(CC)CC)<-P(CC)(CC)CC
FOKVAF,Cn1cc[n-]2->[W+2]34(<-[C-]#[O+])(<-[C-]#[O+])(<-S=c12)<-S(C)C[B-](CS->3C)(CS->4C)c1ccccc1,C18 H25 B1 N2 O2 S4 W1,0.0,Cn1ccn2->[W+2]34(<-[C-]#[O+])(<-[C-]#[O+])(<-[S-]c12)<-S(C)C[B-](CS->3C)(CS->4C)c1ccccc1,Cn1cc[n-]2->[W+2]34(<-[C-]#[O+])(<-[C-]#[O+])(<-S=c12)<-S(C)C[B-](CS->3C)(CS->4C)c1ccccc1,Cn1cc[n-]2->[W+4]345(<-S=c12)(<-[C-](=O)[C-]->3=O)<-S(C)C[B-](CS->4C)(CS->5C)c1ccccc1
FOLTIL,Cc1cc(C)n2->[Cd+2](<-[Br-])(<-[Br-])<-n3c(C)cc(C)n3CN(Cn12)c1ccccc1,C18 H23 Br2 Cd1 N5,0.0,Cc1cc(C)n2->[Cd+2]3(<-[Br-])(<-[Br-])<-n4c(C)cc(C)n4CN->3(Cn12)c1ccccc1,Cc1cc(C)n2->[Cd+2](<-[Br-])(<-[Br-])<-n3c(C)cc(C)n3CN(Cn12)c1ccccc1,Cc1cc(C)n2->[Cd+2](<-[Br-])(<-[Br-])<-n3c(C)cc(C)n3CN(Cn12)c1ccccc1
FOMSAC,,C22 H26 Cu1 N6 O2 1+,1.0,CO->[Cu+]12(<-OC)(<-n3ccccc3Nc3ccccn->13)<-n1ccccc1Nc1ccccn->21,CO.CO.c1ccn2->[Cu+]3(<-n4ccccc4Nc2c1)<-n1ccccc1Nc1ccccn->31,CO->[Cu+]12(<-OC)(<-n3ccccc3Nc3ccccn->13)<-n1ccccc1Nc1ccccn->21
FONLAY,CS1c2ccccc2[N-]2[P+](c3ccccc3)(c3ccccc3)c3cc4ccccc4[n-]3->[Pd@OH20+2]<-2<-1<-n1ccccc1,C32 H27 N3 P1 Pd1 S1 1+,1.0,CS1c2ccccc2N2=P(c3ccccc3)(c3ccccc3)c3cc4ccccc4[n-]3->[Pd+2]<-2<-1<-n1ccccc1,CS1c2ccccc2[N-]2[P+](c3ccccc3)(c3ccccc3)c3cc4ccccc4[n-]3->[Pd+2]<-2<-1<-n1ccccc1,CS1c2ccccc2[N-]2[P+](c3ccccc3)(c3ccccc3)c3cc4ccccc4[n-]3->[Pd+2]<-2<-1<-n1ccccc1
FONWOW,,C15 H35 Fe1 N2 O1 P2 1+,1.0,CCP1(CC)CCN2CCN3CCP(CC)(CC)->[FeH+]<-2<-3<-1<-[C-]#[O+],CCP1(CC)CCN2CCN3CCP(CC)(CC)->[FeH+]<-2<-3<-1<-[C-]#[O+],CCP1(CC)CCN2CCN3CCP(CC)(CC)->[FeH+]<-2<-3<-1<-[C-]#[O+]
FOPROT,CS(C)->[Pt@@+2]1(<-[c-]2ccccc2)<-N2=CC=C/C2=C2\C=CC=C[N-]->12,C17 H18 N2 Pt1 S1,0.0,CS(C)->[Pt+2]1(<-[c-]2ccccc2)<-n2ccccc2-c2ccc[n-]->12,CS(C)->[Pt+2]1(<-[c-]2ccccc2)<-N2=CC=CC2=C2C=CC=C[N-]->12,CS(C)->[Pt+2]1(<-[c-]2ccccc2)<-N2=CC=CC2=C2C=CC=C[N-]->12
FOQCOE,,C14 H24 Br1 N4 Ni1 O2 1+,1.0,CO->[Ni+2]1234<-NCCN->1(CCN->2)CCN->3=Cc1cc(Br)ccc1[O-]->4,CO->[Ni+2]1234<-NCCN->1(CCN->2)CCN->3=Cc1cc(Br)ccc1[O-]->4,Brc1ccc2c(c1)C=N1->[Ni+2]34(<-NCCN->3(CCN->4)CC1)<-[O-]2.CO
FOQQIM,O->[Zn+2]123(<-O)<-[O-]c4c(Cl)cc(Cl)cc4/C=N->1/OCCO/N->2=C/c1cc(Cl)cc(Cl)c1[O-]->3,C16 H14 Cl4 N2 O6 Zn1,0.0,O->[Zn+2]123(<-O)<-[O-]c4c(Cl)cc(Cl)cc4C=N->1OCCON->2=Cc1cc(Cl)cc(Cl)c1[O-]->3,O->[Zn+2]123(<-O)<-[O-]c4c(Cl)cc(Cl)cc4C=N->1OCCON->2=Cc1cc(Cl)cc(Cl)c1[O-]->3,O.O->[Zn+2]123<-[O-]c4c(Cl)cc(Cl)cc4C=N->1OCCON->2=Cc1cc(Cl)cc(Cl)c1[O-]->3
FORNOP,COP([O-])(OC)->[Pt+2](<-P(OC)(OC)OC)(<-P(OC)(OC)OC)<-P(OC)(OC)OC,C11 H33 O12 P4 Pt1 1+,1.0,COP(OC)(OC)->[Pt+](<-P(OC)(OC)OC)(<-P(OC)(OC)OC)<-[PH](=O)(OC)OC,COP([O-])(OC)->[Pt+2](<-P(OC)(OC)OC)(<-P(OC)(OC)OC)<-P(OC)(OC)OC,COP([O-])(OC)->[Pt+2](<-P(OC)(OC)OC)(<-P(OC)(OC)OC)<-P(OC)(OC)OC
FOSLOO,CC12C[H]->[Zr+4]<-134567(<-[Br-])(<-[Br-])(<-[CH2-]C->3=2C)<-c1(C)c->4(C)c->5(C)[c-]->6(C)c->71C,C16 H26 Br2 Zr1,0.0,fail,CC12=C->[Zr+4]<-13456(<-[Br-])(<-[Br-])(<-c1(C)c->3(C)c->4(C)[c-]->5(C)c->61C)<-[C-]2(C)C,CC(C)=C(C)[CH2-]->[Zr+4]1234(<-[Br-])(<-[Br-])<-c5(C)c->1(C)c->2(C)[c-]->3(C)c->45C
FOSWUG,,C41 H27 Ir1 N2 O4,0.0,fail,CC1=CC(C)=O->[Ir+7]23(<-[O-]1)(<-[c-]1cc4c(cc1=C1C=CC=C[N-]->21)C([O-])=c1ccccc1=4)<-[c-]1cc2c(cc1=C1C=CC=C[N-]->31)C([O-])=c1ccccc1=2,CC1=CC(C)=O->[Ir+7]23(<-[O-]1)(<-[c-]1cc4c(cc1=C1C=CC=C[N-]->21)C([O-])=c1ccccc1=4)<-[c-]1cc2c(cc1=C1C=CC=C[N-]->31)C([O-])=c1ccccc1=2
FOTQUB,CN(C)c1ccc(C(=O)[O-]->[Zn+2]2(<-O)(<-O)(<-O=C([O-]->2)c2ccc(N(C)C)cc2)<-n2ccc(C(N)=O)cc2)cc1,C24 H30 N4 O7 Zn1,0.0,fail,CN(C)c1ccc(C(=O)[O-]->[Zn+2]2(<-O)(<-O)(<-O=C([O-]->2)c2ccc(N(C)C)cc2)<-n2ccc(C(N)=O)cc2)cc1,CN(C)c1ccc(C(=O)[O-]->[Zn+2]23(<-O)(<-O)(<-O=C->2([O-]->3)c2ccc(N(C)C)cc2)<-n2ccc(C(N)=O)cc2)cc1
FOVYEW,CN(C)c1ccc(N2C=CN3c4ccc(N(C)C)c[c-]4->[Ir+3]4567(<-[I-])(<-[C]23)<-c2(C)c->4(C)c->5(C)[c-]->6(C)c->72C)cc1,C29 H36 I1 Ir1 N4,0.0,CN(C)c1ccc(N2C=CN3c4ccc(N(C)C)c[c-]4->[Ir+3]4567(<-[I-])(<-[C]23)<-c2(C)c->4(C)c->5(C)[c-]->6(C)c->72C)cc1,CN(C)c1ccc(N2C=CN3c4ccc(N(C)C)c[c-]4->[Ir+3]4567(<-[I-])(<-[C]23)<-c2(C)c->4(C)c->5(C)[c-]->6(C)c->72C)cc1,CN(C)c1ccc(N2C=CN3c4ccc(N(C)C)c[c-]4->[Ir+3]4567(<-[I-])(<-[C]23)<-c2(C)c->4(C)c->5(C)[c-]->6(C)c->72C)cc1
FOXDAX,,C16 H25 Fe1 N1 O1,0.0,CC(C)N([C]1CC[CH2-]->[Fe+2]<-12345(<-[C-]#[O+])<-c1c->2c->3[cH-]->4c->51)C(C)C,CC(C)[N+](=[C-]1CC[CH2-]->[Fe+2]<-12345(<-[C-]#[O+])<-c1c->2c->3[cH-]->4c->51)C(C)C,CC(C)[N+](=[C-]1CC[CH2-]->[Fe+2]<-12345(<-[C-]#[O+])<-c1c->2c->3[cH-]->4c->51)C(C)C
FOYCUR,,C15 H25 P2 Rh1,0.0,CP(C)(C)->[Rh+]1234(<-c5[cH-]->1c->2c->31ccccc->451)<-P(C)(C)C,CP(C)(C)->[Rh+]1234(<-c5c->1c->21cccc[c-]->31c->45)<-P(C)(C)C,CP(C)(C)->[Rh+]1234(<-c5c->1c->21cccc[c-]->31c->45)<-P(C)(C)C
FOZGUX,[H]/N=C(OC)/C(C#N)=N1/[O-]->[Ni+2]<-123(<-[NH-]/C(OC)=C(/C#N)N->2=O)<-N(C)CCN->3(C)C,C13 H22 N8 Ni1 O4,0.0,COC1=N->[Ni+2]23(<-N=C(OC)[C-](C#N)N->2=O)(<-N(=O)[C-]1C#N)<-N(C)CCN->3(C)C,COC1[NH-]->[Ni+2]23(<-[NH-]C(OC)=C(C#N)N->2=O)(<-N(=O)C=1C#N)<-N(C)CCN->3(C)C,COC1[NH-]->[Ni+2]23(<-[NH-]C(OC)=C(C#N)N->2=O)(<-N(=O)C=1C#N)<-N(C)CCN->3(C)C
FRMTFE,O=C[O-]->[Fe+2]1234(<-[C-]#[O+])(<-[C-]#[O+])<-c5c->1c->2[cH-]->3c->45,C8 H6 Fe1 O4,0.0,O=C[O-]->[Fe+2]1234(<-[C-]#[O+])(<-[C-]#[O+])<-c5c->1c->2[cH-]->3c->45,O=C[O-]->[Fe+2]1234(<-[C-]#[O+])(<-[C-]#[O+])<-c5c->1c->2[cH-]->3c->45,O=[C-]1OC=O->[Fe+2]<-12345(<-[C-]#[O+])<-c1c->2c->3[cH-]->4c->51
FUBVAA,CC(C)(C)/N=C/C1=C(P(c2ccccc2)(c2ccccc2)->[Pd+2]2(<-[CH3-])<-O=S(=O)([O-]->2)C(F)(F)F)CCC1,C24 H29 F3 N1 O3 P1 Pd1 S1,0.0,CC(C)(C)N1=CC2=C(P(c3ccccc3)(c3ccccc3)->[Pd+2]<-1(<-[CH3-])<-[O-]S(=O)(=O)C(F)(F)F)CCC2,CC(C)(C)N1=CC2=C(P(c3ccccc3)(c3ccccc3)->[Pd+2]<-1(<-[CH3-])<-[O-]S(=O)(=O)C(F)(F)F)CCC2,CC(C)(C)N=CC1=C(P(c2ccccc2)(c2ccccc2)->[Pd+2]23(<-[CH3-])<-O=S->2(=O)([O-]->3)C(F)(F)F)CCC1
FUDMIB,NC(=O)C[C@H]1C(=O)[O-]->[Ni+2]2(<-[O-]C(=O)[C@H](CC(N)=O)N->2Cc2ccccc2O)<-N1Cc1ccccc1O,C22 H26 N4 Ni1 O8,0.0,NC1CC2C(=O)[O-]->[Ni+2]34(<-O=1)(<-O=C(N)CC(C(=O)[O-]->3)N->4Cc1ccccc1O)<-N2Cc1ccccc1O,NC1CC2C(=O)[O-]->[Ni+2]34(<-O=1)(<-O=C(N)CC(C(=O)[O-]->3)N->4Cc1ccccc1O)<-N2Cc1ccccc1O,NC(=O)CC1C(=O)[O-]->[Ni+2]2(<-[O-]C(=O)C(CC(N)=O)N->2Cc2ccccc2O)<-N1Cc1ccccc1O
FUFVOS,,C12 H14 N4 Ni1 O10,0.0,Cc1[nH]c(C(=O)O)c2C(=O)[O-]->[Ni+2]3(<-O)(<-O)(<-[O-]C(=O)c4c(C(=O)O)[nH]c(C)n->34)<-n12,Cc1[nH]c(C(=O)O)c2C(=O)[O-]->[Ni+2]3(<-O)(<-O)(<-[O-]C(=O)c4c(C(=O)O)[nH]c(C)n->34)<-n12,Cc1[nH]c(C(=O)O)c2n1->[Ni+2]1(<-[O-]C2=O)<-[O-]C(=O)c2c(C(=O)O)[nH]c(C)n->12.O.O
FUGNOL,[Cl-]->[Fe+2]123(<-[Cl-])<-n4c5ccccc5ccc->14-c->21ccc2ccccc2n->31,C18 H12 Cl2 Fe1 N2,0.0,[Cl-]->[Fe+2]1(<-[Cl-])<-n2c(-c3ccc4ccccc4n->13)ccc1ccccc12,[Cl-]->[Fe+2]1(<-[Cl-])<-n2c(-c3ccc4ccccc4n->13)ccc1ccccc12,[Cl-]->[Fe+2]1(<-[Cl-])<-n2c(-c3ccc4ccccc4n->13)ccc1ccccc12
FUHXAH,CN1CCN(C)Cc2cccc[c-]2->[Cd+2]<-[c-]2ccccc2C1,C18 H24 Cd1 N2,0.0,CN1(C)Cc2cccc[c-]2->[Cd+2]<-12<-[c-]1ccccc1CN->2(C)C,[CH2-]N1(C)Cc2cccc[c-]2->[Cd+4]<-12<-[c-]1ccccc1CN->2([CH2-])C,CN12CCN3(C)Cc4cccc[c-]4->[Cd+2]<-1<-3<-[c-]1ccccc1C2
FUJTAG,CC[n+]1cccc[b-]1[N+]#[C-]->[Cr](<-[C-]#[O+])(<-[C-]#[O+])(<-[C-]#[O+])(<-[C-]#[O+])<-[C-]#[O+],C12 H9 B1 Cr1 N2 O5,0.0,CCN1C=CC=CB1[N+]#[C-]->[Cr](<-[C-]#[O+])(<-[C-]#[O+])(<-[C-]#[O+])(<-[C-]#[O+])<-[C-]#[O+],CC[n+]1cccc[b-]1[N+]#[C-]->[Cr](<-[C-]#[O+])(<-[C-]#[O+])(<-[C-]#[O+])(<-[C-]#[O+])<-[C-]#[O+],CC[n+]1cccc[b-]1[N+]#[C-]->[Cr](<-[C-]#[O+])(<-[C-]#[O+])(<-[C-]#[O+])(<-[C-]#[O+])<-[C-]#[O+]
FUNHUS,CC(C)C(=O)[N-]1c2ccccc2N2c3ccccc3[N-](C(=O)C(C)C)->[Ni+2]<-134<-[H]C->3[C@H](C)C(=O)[N-]->4c1ccccc12,C30 H33 N4 Ni1 O3 1-,-1.0,CC(C)C(=O)[N-]1c2ccccc2N23c4ccccc4[N-](C(=O)C(C)C)->[Ni+2]<-1<-2<-[N-](C(=O)C(C)C)c1ccccc13,CC(C)C(=O)[N-]1c2ccccc2N23c4ccccc4[N-](C(=O)C(C)C)->[Ni+2]<-1<-2<-[N-](C(=O)C(C)C)c1ccccc13,CC(C)C(=O)[N-]1c2ccccc2N23c4ccccc4[N-](C(=O)C(C)C)->[Ni+2]<-1<-2<-[N-](C(=O)C(C)C)c1ccccc13
FUNQEL,,C27 H42 N2 O1 Si1 W1,0.0,CCC=C[C]1=N(c2c(C)cccc2C)->[W+3]<-12345(<-[CH2-][Si](C)(C)C)(<-[N-]=O)<-c1(C)c->2(C)c->3(C)[c-]->4(C)c->51C,CCC=C[C-]1=N(c2c(C)cccc2C)->[W+4]<-12345(<-[CH2-][Si](C)(C)C)(<-[N-]=O)<-c1(C)c->2(C)c->3(C)[c-]->4(C)c->51C,CCC=C[C-]1=N(c2c(C)cccc2C)->[W+4]<-12345(<-[CH2-][Si](C)(C)C)(<-[N-]=O)<-c1(C)c->2(C)c->3(C)[c-]->4(C)c->51C
FUPQOW,O=[N+]([O-])c1ccc([O-]->[Zn+2]2(<-O)(<-O)(<-O)<-[O-]c3ccc([N+](=O)[O-])cc3Cl->2)c(Cl)c1,C12 H12 Cl2 N2 O9 Zn1,0.0,O=[N+]([O-])c1ccc([O-]->[Zn+2](<-O)(<-O)(<-O)<-[O-]c2ccc([N+](=O)[O-])cc2Cl)c(Cl)c1,O=[N+]([O-])c1ccc([O-]->[Zn+2](<-O)(<-O)(<-O)<-[O-]c2ccc([N+](=O)[O-])cc2Cl)c(Cl)c1,O=[N+]([O-])c1ccc([O-]->[Zn+2](<-O)(<-O)(<-O)<-[O-]c2ccc([N+](=O)[O-])cc2Cl)c(Cl)c1
FUQTOC,c1ccn2->[Ir+]345(<-C6=C->3/CC/C->4=C->5\CC\6)<-[c-]3(Cc2c1)c1ccccc1c1ccccc13,C27 H26 Ir1 N1,0.0,c1ccn2->[Ir+]345(<-C6=C->3CCC->4=C->5CC6)<-[c-]3(Cc2c1)c1ccccc1c1ccccc13,c1ccn2->[Ir+]345(<-C6=C->3CCC->4=C->5CC6)<-[c-]3(Cc2c1)c1ccccc1c1ccccc13,c1ccn2->[Ir+]345(<-C6=C->3CCC->4=C->5CC6)<-[c-]3(Cc2c1)c1ccccc1c1ccccc13
FURHOQ,[CH3-]->[Pt+4]12(<-[CH3-])(<-[CH3-])<-[Se]3CCC[Se]->1Cc1ccccc1C[Se]->2CCC3,C17 H29 Pt1 Se3 1+,1.0,[CH3-]->[Pt+4]12(<-[CH3-])(<-[CH3-])<-[Se]3CCC[Se]->1Cc1ccccc1C[Se]->2CCC3,C=C1C=CC=C[C-]1C[Se-]->[Pt+10](<-[CH3-])(<-[CH3-])(<-[CH3-])(<-[Se-]CC[CH2-])<-[Se-]CC[CH2-],[CH3-]->[Pt+4](<-[CH3-])<-[CH3-].c1ccc2c(c1)C[Se]CCC[Se]CCC[Se]C2
FUSTEU,[Cl-]->[Pt@OH4+2]12<-N3=C(/N=c4/cccc[n-]->14)c1nc(-c4ccccc4)c(-c4ccccc4)nc1/C3=N/c1ccccn->21,C28 H18 Cl1 N7 Pt1,0.0,[Cl-]->[Pt+2]12<-n3ccccc3N=C3c4nc(-c5ccccc5)c(-c5ccccc5)nc4C(=Nc4ccccn->14)[N-]->23,[Cl-]->[Pt+2]12<-N3=C(N=c4cccc[n-]->14)c1nc(-c4ccccc4)c(-c4ccccc4)nc1C3=Nc1ccccn->21,[Cl-]->[Pt+2]12<-N3=C(N=c4cccc[n-]->14)c1nc(-c4ccccc4)c(-c4ccccc4)nc1C3=Nc1ccccn->21
FUTSUJ,CC(C)c1ccn2[BH-]3n4ccc(C(C)C)n4->[Mo+4]4(<-[O-2])(<-S=P([S-]->4)(C(C)C)C(C)C)(<-n12)<-O3C,C19 H36 B1 Mo1 N4 O2 P1 S2,0.0,CC(C)c1cc[n+]2[BH-]3[n+]4ccc(C(C)C)[n-]4->[Mo+5]4(<-[O-2])(<-[S-][P]([S-]->4)(C(C)C)C(C)C)(<-[n-]12)<-O3C,CC(C)c1ccn2[BH-]3n4ccc(C(C)C)n4->[Mo+4]4(<-[O-2])(<-S=P([S-]->4)(C(C)C)C(C)C)(<-n12)<-O3C,CC(C)c1ccn2[BH-]3n4ccc(C(C)C)n4->[Mo+4]45(<-[O-2])(<-S=P->4([S-]->5)(C(C)C)C(C)C)(<-n12)<-O3C
FUVNAN,CP(C)(c1ccccc1)->[Au+]1<-N2=C(c3ccc(Br)cc3)C=C(c3ccc(Br)cc3)/C2=N/c2c(-c3ccc(Br)cc3)cc(-c3ccc(Br)cc3)[n-]->12,C40 H29 Au1 Br4 N3 P1,0.0,CP(C)(->[Au+]<-[n-]1c(-c2ccc(Br)cc2)cc(-c2ccc(Br)cc2)c1N=C1N=C(c2ccc(Br)cc2)C=C1c1ccc(Br)cc1)c1ccccc1,CP(C)(c1ccccc1)->[Au+]1<-N2=C(c3ccc(Br)cc3)C=C(c3ccc(Br)cc3)C2=Nc2c(-c3ccc(Br)cc3)cc(-c3ccc(Br)cc3)[n-]->12,CP(C)(c1ccccc1)->[Au+]1<-N2=C(c3ccc(Br)cc3)C=C(c3ccc(Br)cc3)C2=Nc2c(-c3ccc(Br)cc3)cc(-c3ccc(Br)cc3)[n-]->12
FUXJAJ,,C28 H26 Fe1 O4 P1 1+,1.0,CC1#C(C)->[Fe+2]<-12345(<-[C-]#[O+])(<-c1c->2c->3[cH-]->4c->51)<-P(Oc1ccccc1)(Oc1ccccc1)Oc1ccccc1,CC1#C(C)->[Fe+2]<-12345(<-[C-]#[O+])(<-c1c->2c->3[cH-]->4c->51)<-P(Oc1ccccc1)(Oc1ccccc1)Oc1ccccc1,CC1#C(C)->[Fe+2]<-12345(<-[C-]#[O+])(<-c1c->2c->3[cH-]->4c->51)<-P(Oc1ccccc1)(Oc1ccccc1)Oc1ccccc1
FUYRAU,,C19 H22 B1 Mo1 N1 O2 S1,0.0,fail,BN1c2ccccc2S#C1->[MoH+]1234(<-[C-]#[O+])(<-[C-]#[O+])<-c5(C)c->1(C)c->2(C)[c-]->3(C)c->45C,BN1c2ccccc2S#C1->[MoH+]1234(<-[C-]#[O+])(<-[C-]#[O+])<-c5(C)c->1(C)c->2(C)[c-]->3(C)c->45C
FUZMAQ,Cc1ccc(O)c(/C=N2/CCN(C)->[Zn@OH4+2]<-234<-[O-]c2ccc(C)cc2/C=N->3/CCN->4C)c1,C22 H31 N4 O2 Zn1 1+,1.0,Cc1ccc2[O-]->[Zn+2]345(<-Oc6ccc(C)cc6C=N->3CCN->4C)<-N(=Cc2c1)CCN->5C,Cc1ccc2[O-]->[Zn+2]345(<-Oc6ccc(C)cc6C=N->3CCN->4C)<-N(=Cc2c1)CCN->5C,Cc1ccc2[O-]->[Zn+2]345(<-Oc6ccc(C)cc6C=N->3CCN->4C)<-N(=Cc2c1)CCN->5C
GABDIZ,O=[N+]1[O-]->[La+3]23(<-[O-]1)(<-[O-][N+](=O)[O-]->2)(<-[O-][N+](=O)[O-]->3)<-n1c(-c2cccc(-c3nnc(-c4ccccn4)c(-c4ccccn4)n3)n2)nnc(-c2ccccn2)c1-c1ccccn1,C31 H19 La1 N14 O9,0.0,O=[N+]1[O-]->[La+3]234567(<-[O-]1)(<-[O-][N+](=O)[O-]->2)(<-[O-][N+](=O)[O-]->3)<-n1ccccc1-c1c(-c2ccccn2)nnc(-c2cccc(-c3nnc(-c8ccccn8)c(-c8ccccn->48)n->53)n->62)n->71,ON12->[La]3456789%10(<-N(O)(O3)O4)(<-N(O)(O5)O6)(O1)(O2)N1CCCCC1C1C(C2CCCCN2)NNC(C2CCCC(C3NNC(C4CCCCN4)C(C4CCCCN47)N38)N29)N1%10,ON12->[La]3456789%10(<-N(O)(O3)O4)(<-N(O)(O5)O6)(O1)(O2)N1CCCCC1C1C(C2CCCCN2)NNC(C2CCCC(C3NNC(C4CCCCN4)C(C4CCCCN47)N38)N29)N1%10
GABWEO,[Cl-]->[Rh+]123(<-C4=C->1/c1ccccc1/C->2=C->3\c1ccccc1\4)<-[P@TB8](c1ccccc1)(c1ccccc1)c1ccccc1,C34 H27 Cl1 P1 Rh1,0.0,[Cl-]->[Rh+]123(<-C4=C->1c1ccccc1C->2=C->3c1ccccc14)<-P(c1ccccc1)(c1ccccc1)c1ccccc1,[Cl-]->[Rh+]123(<-C4=c5ccccc5=C->1C->2=c1ccccc1=C->34)<-P(c1ccccc1)(c1ccccc1)c1ccccc1,[Cl-]->[Rh+]123(<-C4=c5ccccc5=C->1C->2=c1ccccc1=C->34)<-P(c1ccccc1)(c1ccccc1)c1ccccc1
GACLAX,CC1(C)OP2(OC(C)(C)C(C)(C)OP3(->[Co+]<-24567<-C=C->4(C)[CH-]->5C->6(C)=C->7)OC(C)(C)C(C)(C)O3)OC1(C)C,C25 H47 Co1 O6 P2,0.0,fail,CC1(C)OP2(OC(C)(C)C(C)(C)OP3(->[Co+]<-24567<-C=C->4(C)C->5=C->6(C)[CH2-]->7)OC(C)(C)C(C)(C)O3)OC1(C)C,C=C1(C)[CH-]2C3(C)=C->[Co+]<-2<-1<-34<-P1(OC(C)(C)C(C)(C)OP->42OC(C)(C)C(C)(C)O2)OC(C)(C)C(C)(C)O1
GACTAG,,C15 H13 O2 Re1,0.0,CC1#C(C)->[Re+]<-12345(<-[C-]#[O+])(<-[C-]#[O+])<-c1[cH-]->2c->3c->42ccccc->512,CC1#C(C)->[Re+]<-12345(<-[C-]#[O+])(<-[C-]#[O+])<-c1c->2c->32cccc[c-]->42c->51,CC1#C(C)->[Re+]<-1234(<-[C-]#[O+])(<-[C-]#[O+])<-c1c5cccc[c-]->25c->3c->41
GAFKUU,,C13 H20 Cl3 P1 Si1 Ti1,0.0,CP(C)(C)->[Ti+2]123456789(<-[H][Si]->1(Cl)(Cl)Cl)(<-c1c->2c->3[cH-]->4c->51)<-c1c->6c->7[cH-]->8c->91,CP(C)(C)->[TiH+3]12345678(<-c9c->1c->2[cH-]->3c->49)(<-c1c->5c->6[cH-]->7c->81)<-[Si-](Cl)(Cl)Cl,CP(C)(C)->[TiH+3]12345678(<-c9c->1c->2[cH-]->3c->49)(<-c1c->5c->6[cH-]->7c->81)<-[Si-](Cl)(Cl)Cl
GAGKEE,CP(C)(c1ccccc1)->[Pd+2]1(<-N=[SH]N=S->1)<-P(C)(C)c1ccccc1,C16 H23 N2 P2 Pd1 S2 1+,1.0,CP(C)(c1ccccc1)->[Pd+]1(<-N=[S]N=S->1)<-P(C)(C)c1ccccc1,CP(C)(c1ccccc1)->[Pd+2]1(<-N=[SH]N=S->1)<-P(C)(C)c1ccccc1,CP(C)(c1ccccc1)->[Pd+2]1(<-N=[SH]N=S->1)<-P(C)(C)c1ccccc1
GAJFON,[Cl-]->[Cd+2]1(<-[Cl-])<-N2CCCN3CCN(CCCN->1CC3)CC2,C12 H26 Cd1 Cl2 N4,0.0,[Cl-]->[Cd+2]123(<-[Cl-])<-N4CCCN->15CCN->2CCCN->3(CC4)CC5,[Cl-]->[Cd+2]123(<-[Cl-])<-N4CCCN->15CCN->2CCCN->3(CC4)CC5,[Cl-]->[Cd+2]123(<-[Cl-])<-N4CCCN->15CCN->2CCCN->3(CC4)CC5
GAJHEF,c1ccc(CN2CCN3->[Ag+]4<-n5c(cccc5COc5ccccc5CN->4CC2)COc2ccccc2C3)cc1,C32 H36 Ag1 N4 O2 1+,1.0,c1ccc(CN23->[Ag+]4567<-n8c(cccc8CO->4c4ccccc4CN->5CC2)CO->6c2ccccc2CN->7CC3)cc1,c1ccc(CN23->[Ag+]45<-n6c(cccc6COc6ccccc6CN->4CC2)COc2ccccc2CN->5CC3)cc1,c1ccc(CN23->[Ag+]456<-n7c(cccc7CO->4c4ccccc4CN->5CC2)COc2ccccc2CN->6CC3)cc1
GAKBAW,,C15 H16 La1 N7 O9,0.0,O=[N+]1[O-]->[La+3]23456(<-[O-]1)(<-[O-][N+](=O)[O-]->2)(<-[O-][N+](=O)[O-]->3)<-N(=Cc1ccccn->41)CCCN->5=Cc1ccccn->61,ON12->[La]3456789(<-N(O)(O3)O4)(<-N(O)(O5)O6)(O1)(O2)N(CCCN7CC1CCCCN18)CC1CCCCN19,ON12->[La]3456789(<-N(O)(O3)O4)(<-N(O)(O5)O6)(O1)(O2)N(CCCN7CC1CCCCN18)CC1CCCCN19
GAKTOE,,C24 H30 Cl1 Ir1 N5 1+,1.0,CC#N->[IrH+2]12(<-[Cl-])<-[C]3NC=CN3c3cccc(C(C)=N->1c1c(C(C)C)cccc1C(C)C)n->23,CC#N->[IrH+2]12(<-[Cl-])<-[C]3NC=CN3c3cccc(C(C)=N->1c1c(C(C)C)cccc1C(C)C)n->23,CC#N->[IrH+2]12(<-[Cl-])<-[C]3NC=CN3c3cccc(C(C)=N->1c1c(C(C)C)cccc1C(C)C)n->23
GALPOZ,[Cl-]->[Ru+2]123(<-N(=N\c4ccccn->14)/c1ccccn1)<-n1ccccc1-c1cccc(-c4ccccn->24)n->31,C25 H19 Cl1 N7 Ru1 1+,1.0,[Cl-]->[Ru+2]123(<-N(=Nc4ccccn->14)c1ccccn1)<-n1ccccc1-c1cccc(-c4ccccn->24)n->31,[Cl-]->[Ru+4]123(<-n4ccccc4-c4cccc(-c5ccccn->15)n->24)<-[N-](N=c1cccc[n-]->31)c1ccccn1,[Cl-]->[Ru+4]123(<-n4ccccc4-c4cccc(-c5ccccn->15)n->24)<-[N-](N=c1cccc[n-]->31)c1ccccn1
GAMLEM,[O-2]->[W+6]123(<-[O-][O-]->1)(<-[O-][O-]->2)<-[O-]c1cccc2cccn->3c12,C9 H6 N1 O6 W1 1-,-1.0,[O-2]->[W+6]123(<-[O-][O-]->1)(<-[O-][O-]->2)<-[O-]c1cccc2cccn->3c12,[O-2]->[W+6]123(<-[O-][O-]->1)(<-[O-][O-]->2)<-[O-]c1cccc2cccn->3c12,[O-2]->[W+6]123(<-[O-][O-]->1)(<-[O-][O-]->2)<-[O-]c1cccc2cccn->3c12
GAMZIE,CCP1(CC)CCP(CC)(CC)->[Fe+2]<-123(<-Cc1cc(C)cc(C)[c-]->21)<-Cc1cc(C)cc(C)[c-]->31,C28 H46 Fe1 P2,0.0,CCP1(CC)CCP(CC)(CC)->[Fe+2]<-1(<-[c-]1c(C)cc(C)cc1C)<-[c-]1c(C)cc(C)cc1C,CCP1(CC)CCP(CC)(CC)->[Fe+2]<-1(<-[c-]1c(C)cc(C)cc1C)<-[c-]1c(C)cc(C)cc1C,CCP1(CC)CCP(CC)(CC)->[Fe+2]<-1(<-[c-]1c(C)cc(C)cc1C)<-[c-]1c(C)cc(C)cc1C
GANNAM,CCC[CH2-]->[Co+3]12(<-N(=O)/C(=C(/c3ccccc3)[N-]->1O)c1ccccc1)(<-N(=O)/C(=C(/c1ccccc1)[N-]->2O)c1ccccc1)<-n1ccccc1,C37 H36 Co1 N5 O4,0.0,CCC[CH2-]->[Co+]12(<-N([O])=C(C(c3ccccc3)=N->1[O])c1ccccc1)(<-N(O)=C(C(c1ccccc1)=N->2O)c1ccccc1)<-n1ccccc1,CCC[CH2-]->[Co+]12(<-N(=O)C(=C(c3ccccc3)N->1=O)c1ccccc1)(<-N(O)=C(C(c1ccccc1)=N->2O)c1ccccc1)<-n1ccccc1,CCC[CH2-]->[Co+]12(<-N(=O)C(=C(c3ccccc3)N->1=O)c1ccccc1)(<-N(O)=C(C(c1ccccc1)=N->2O)c1ccccc1)<-n1ccccc1
GAPCUX,C[O-]->[V+5]12(<-[O-2])(<-[O-]c3ccc(Br)cc3/C=N->1/c1cc(Cl)ccc1[O-]->2)<-OC,C15 H14 Br1 Cl1 N1 O5 V1,0.0,C[O-]->[V+5]12(<-[O-2])(<-[O-]c3ccc(Br)cc3C=N->1c1cc(Cl)ccc1[O-]->2)<-OC,C[O-]->[V+5]12(<-[O-2])(<-[O-]c3ccc(Br)cc3C=N->1c1cc(Cl)ccc1[O-]->2)<-OC,CO.C[O-]->[V+5]12(<-[O-2])<-[O-]c3ccc(Br)cc3C=N->1c1cc(Cl)ccc1[O-]->2
GAQFOU,,C24 H46 N2 P1 Si1 V1,0.0,Cc1cccc(C)c1[N-2]->[V+5](<-[CH-2][Si](C)(C)C)(<-[N-]=C(C(C)(C)C)C(C)(C)C)<-P(C)(C)C,Cc1cccc(C)c1[N-2]->[V+3](<-[CH][Si](C)(C)C)(<-[N-]=C(C(C)(C)C)C(C)(C)C)<-P(C)(C)C,Cc1cccc(C)c1[N-2]->[V+3](<-[CH][Si](C)(C)C)(<-[N-]=C(C(C)(C)C)C(C)(C)C)<-P(C)(C)C
GAQVOK,,C18 H24 N10 Ni1 S2,0.0,Cn1ccn(->[Ni+2](<-[N-]=C=S)(<-[N-]=C=S)(<-n2ccn(C)c2)(<-n2ccn(C)c2)<-n2ccn(C)c2)c1,Cn1ccn(->[Ni+2](<-[N-]=C=S)(<-[N-]=C=S)(<-n2ccn(C)c2)(<-n2ccn(C)c2)<-n2ccn(C)c2)c1,Cn1ccn(->[Ni+2](<-[N-]=C=S)(<-[N-]=C=S)(<-n2ccn(C)c2)(<-n2ccn(C)c2)<-n2ccn(C)c2)c1
GARXEC,[Cl-]->[Os+4]123(<-Cl[B-](c4ccccc4)(c4ccccc4)[N-]->1c1ccccc1)<-n1cccn1[BH-](n1cccn->21)n1cccn->31,C27 H25 B2 Cl2 N7 Os1,0.0,[Cl-]->[Os+4]123(<-Cl[B-](c4ccccc4)(c4ccccc4)[N-]->1c1ccccc1)<-[n-]1ccc[n+]1[BH-]([n+]1ccc[n-]->21)[n+]1ccc[n-]->31,[Cl-]->[Os+4]12(<-[Cl-])(<-N(=[B-](c3ccccc3)c3ccccc3)c3ccccc3)<-n3cccn3[BH-](n3cccn->13)n1cccn->21,[Cl-]->[Os+4]12(<-[Cl-])(<-N(=[B-](c3ccccc3)c3ccccc3)c3ccccc3)<-n3cccn3[BH-](n3cccn->13)n1cccn->21
GASLET,CO/[C-]1=C/C=C\[S-]->[Pt@OH7+2]<-12<-P(CCP->2(C(C)C)C(C)C)(C(C)C)C(C)C,C19 H38 O1 P2 Pt1 S1,0.0,CO[C-]1=CC=C[S-]->[Pt+2]<-12<-P(CCP->2(C(C)C)C(C)C)(C(C)C)C(C)C,CO[C-]1=CC=C[S-]->[Pt+2]<-12<-P(CCP->2(C(C)C)C(C)C)(C(C)C)C(C)C,CO[C-]1=CC=C[S-]->[Pt+2]<-12<-P(CCP->2(C(C)C)C(C)C)(C(C)C)C(C)C
GATMIY,,C22 H29 I1 N2 Pt1,0.0,CN1(C)CCN(=Cc2cc3ccccc3c3ccccc23)->[Pt+4]<-1(<-[CH3-])(<-[CH3-])(<-[CH3-])<-[I-],CN1(C)CCN(=Cc2cc3ccccc3c3ccccc23)->[Pt+4]<-1(<-[CH3-])(<-[CH3-])(<-[CH3-])<-[I-],CN1(C)CCN(=Cc2cc3ccccc3c3ccccc23)->[Pt+4]<-1(<-[CH3-])(<-[CH3-])(<-[CH3-])<-[I-]
GAVJIZ,C[CH-]1[Si]2([H]->[Mn+]<-1<-234(<-P(C)(C)CCP->3(C)C)<-P(C)(C)CCP->4(C)C)(c1ccccc1)c1ccccc1,C26 H47 Mn1 P4 Si1,0.0,C[CH-]1[Si]([H]->[Mn+]<-123(<-P(C)(C)CCP->2(C)C)<-P(C)(C)CCP->3(C)C)(c1ccccc1)c1ccccc1,CC1=[Si](c2ccccc2)(c2ccccc2)->[MnH]<-123(<-P(C)(C)CCP->2(C)C)<-P(C)(C)CCP->3(C)C,CC(=[Si](c1ccccc1)c1ccccc1)->[Mn-]12(<-P(C)(C)CCP->1(C)C)<-P(C)(C)CCP->2(C)C.[H+]
GAVSED,C=CC[c-]12->[Zr+4]34567(<-[Cl-])(<-[Cl-])(<-c(c->3c->41)c->52)<-N(c1ccccc1)=C->6(C)/C=C(/C)[N-]->7c1c(C(C)C)cccc1C(C)C,C31 H38 Cl2 N2 Zr1,0.0,fail,C=CC[c-]12->[Zr+4]3456(<-[Cl-])(<-[Cl-])(<-c(c->3c->41)c->52)<-N(=C(C)C=C(C)[N-]->6c1c(C(C)C)cccc1C(C)C)c1ccccc1,C=CC[c-]12->[Zr+4]3456(<-[Cl-])(<-[Cl-])(<-c(c->3c->41)c->52)<-N(=C(C)C=C(C)[N-]->6c1c(C(C)C)cccc1C(C)C)c1ccccc1
GAWMEZ,[Cl-]->[Ru+2]123456(<-[H][BH-]->1(n1c(=S->2)sc2ccccc21)n1c(=S->3)sc2ccccc21)<-C1=C->4/CC/C->5=C->6\CC\1,C22 H22 B1 Cl1 N2 Ru1 S4,0.0,fail,[Cl-]->[RuH+]1234(<-S=c5sc6ccccc6n5Bn5c(=S->1)sc1ccccc15)<-C1=C->2CCC->3=C->4CC1,[Cl-]->[RuH+]1234(<-S=c5sc6ccccc6n5Bn5c(=S->1)sc1ccccc15)<-C1=C->2CCC->3=C->4CC1
GAXGIV,Cc1cccc2-c3cccc[c-]3->[Pt@SP3+2]3(<-[S-]c12)<-P(CCP->3(C(C)C)C(C)C)(C(C)C)C(C)C,C27 H42 P2 Pt1 S1,0.0,fail,CC1=CC=CC2=C3C=CC=C[C]3->[Pt]3(<-S=C12)<-P(CCP->3(C(C)C)C(C)C)(C(C)C)C(C)C,CC1=CC=CC2=C3C=CC=C[C]3->[Pt]3(<-S=C12)<-P(CCP->3(C(C)C)C(C)C)(C(C)C)C(C)C
GAYPOL,[Br-]->[Cd+2]1(<-[Br-])<-N2CCN3CCN4[C@H]5NCCN->16CCN([C@@H]56)[C@@H]2[C@@H]34,C12 H22 Br2 Cd1 N6,0.0,[Br-]->[Cd+2]123(<-[Br-])<-N4CCN5CCN->16C5C4N->21CCN2CCN->3C6C21,[Br-]->[Cd+2]1(<-[Br-])<-N2CCN3CCN4C3C2N2CCN3CCN->1C4C32,[Br-]->[Cd+2]1(<-[Br-])<-N2CCN3CCN4C3C2N2CCN3CCN->1C4C32
GAYZOV,NC(=O)C(=O)[S-]->[Zn@OH15+2]1(<-O)<-O=C(N)C(=O)[S-]->1,C4 H6 N2 O5 S2 Zn1,0.0,NC1=O->[Zn+2]2(<-O)(<-O=C(N)C(=O)[S-]->2)<-[S-]C1=O,NC1=O->[Zn+2]2(<-O)(<-O=C(N)C(=O)[S-]->2)<-[S-]C1=O,NC1=O->[Zn+2]2(<-O)(<-O=C(N)C(=O)[S-]->2)<-[S-]C1=O
GEBFOI,CS/C1=N/N2=C/c3ccccc3[O-]->[Tc+5]<-2(<-[N-3])(<-[S-]1)<-P(c1ccccc1)(c1ccccc1)c1ccccc1,C27 H23 N3 O1 P1 S2 Tc1,0.0,CSC1[N]N2=Cc3ccccc3[O-]->[Tc+4]<-2(<-[N-3])(<-S=1)<-P(c1ccccc1)(c1ccccc1)c1ccccc1,CSC1=NN2=Cc3ccccc3[O-]->[Tc+5]<-2(<-[N-3])(<-[S-]1)<-P(c1ccccc1)(c1ccccc1)c1ccccc1,CSC1=NN2=Cc3ccccc3[O-]->[Tc+5]<-2(<-[N-3])(<-[S-]1)<-P(c1ccccc1)(c1ccccc1)c1ccccc1
GECFID,O=C(O)CN12->[V+5]34(<-[O-2])(<-[O-2])<-[O-]C(=O)CN->3(CCN->4CC1)CC2,C10 H18 N3 O6 V1,0.0,O=C(O)CN12->[V+5]34(<-[O-2])(<-[O-2])<-[O-]C(=O)CN->3(CCN->4CC1)CC2,O=C(O)CN12->[V+5]34(<-[O-2])(<-[O-2])<-[O-]C(=O)CN->3(CCN->4CC1)CC2,O=C(O)CN12->[V+5]34(<-[O-2])(<-[O-2])<-[O-]C(=O)CN->3(CCN->4CC1)CC2
GECVOC,O=C(N/N1=C/c2ccccn2->[Ag+]<-12<-N(=C\c1ccccn->21)/NC(=O)c1ccccc1)c1ccccc1,C26 H22 Ag1 N6 O2 1+,1.0,O=C(NN1=Cc2ccccn2->[Ag+]<-12<-N(=Cc1ccccn->21)NC(=O)c1ccccc1)c1ccccc1,O=C(NN(=Cc1ccccn1)->[Ag+]1<-N(=Cc2ccccn->12)NC(=O)c1ccccc1)c1ccccc1,C1c2ccccn2->[Ag+]234(<-O=C(NN->2=1)c1ccccc1)<-O=C(NN->3=Cc1ccccn->41)c1ccccc1
GEFBUR,O=C1[O-]->[Mo+6]23(<-[O-2])(<-[O-][O-]->2)(<-[O-][O-]->3)<-n2ccccc21,C6 H4 Mo1 N1 O7 1-,-1.0,O=C1[O-]->[Mo+6]23(<-[O-2])(<-[O-][O-]->2)(<-[O-][O-]->3)<-n2ccccc21,O=C1[O-]->[Mo+6]23(<-[O-2])(<-[O-][O-]->2)(<-[O-][O-]->3)<-n2ccccc21,O=C1[O-]->[Mo+6]23(<-[O-2])(<-[O-][O-]->2)(<-[O-][O-]->3)<-n2ccccc21
GEGMOW,[O+]#[C-]->[Re+]1(<-[Br-])(<-[C-]#[O+])(<-[C-]#[O+])<-OCc2ccccn->12,C9 H7 Br1 N1 O4 Re1,0.0,[O+]#[C-]->[Re+]1(<-[Br-])(<-[C-]#[O+])(<-[C-]#[O+])<-OCc2ccccn->12,[O+]#[C-]->[Re+]1(<-[Br-])(<-[C-]#[O+])(<-[C-]#[O+])<-OCc2ccccn->12,[O+]#[C-]->[Re+]1(<-[Br-])(<-[C-]#[O+])(<-[C-]#[O+])<-OCc2ccccn->12
GEKCAA,Cc12->[Re+5]3456(<-[O-2])(<-[S-]SS[S-]->3)<-c1(C)c->4(C)[c-]->5(C)c->62C,C10 H15 O1 Re1 S4,0.0,Cc12->[Re+5]3456(<-[O-2])(<-[S-]SS[S-]->3)<-c1(C)c->4(C)[c-]->5(C)c->62C,Cc12->[Re+3]3456(<-[O-2])(<-S=S=S=S->3)<-c1(C)c->4(C)[c-]->5(C)c->62C,Cc12->[Re+3]3456(<-[O-2])(<-S=S=S=S->3)<-c1(C)c->4(C)[c-]->5(C)c->62C
GEKZOO,FC(F)(F)c12->[Ni]3456(<-c(c->31)c->4c->5(C(F)(F)F)c->62)<-P(C1CCCCC1)(C1CCCCC1)C1CCCCC1,C26 H37 F6 Ni1 P1,0.0,FC(F)(F)c12->[Ni]3456(<-c(c->31)c->4c->5(C(F)(F)F)c->62)<-P(C1CCCCC1)(C1CCCCC1)C1CCCCC1,FC(F)(F)c12->[Ni]3456(<-c(c->31)c->4c->5(C(F)(F)F)c->62)<-P(C1CCCCC1)(C1CCCCC1)C1CCCCC1,FC(F)(F)c12->[Ni]3(<-c1c->3(C(F)(F)F)ccc2)<-P(C1CCCCC1)(C1CCCCC1)C1CCCCC1
GELKAJ,CC(C)(C)P1(CCP(C(C)(C)C)(C(C)(C)C)->[Pt+2]<-123<-[H]C->21[C@@H]2CC[C@@H](C2)[CH-]->31)C(C)(C)C,C25 H51 P2 Pt1 1+,1.0,CC(C)(C)P1(CCP(C(C)(C)C)(C(C)(C)C)->[Pt+2]<-123<-[HH-]C->21C2CCC(C2)C->31)C(C)(C)C,CC(C)(C)P1(CCP(C(C)(C)C)(C(C)(C)C)->[PtH+]<-12<-C1=C->2C2CCC1C2)C(C)(C)C,CC(C)(C)P1(CCP(->[PtH+]<-1<-C1=CC2CCC1C2)(C(C)(C)C)C(C)(C)C)C(C)(C)C
GELZEF,,C18 H28 Cl1 N4 O1 P1 Ru1,0.0,Cn1ccc2-c3cccc4NP(C(C)(C)C)(C(C)(C)C)->[RuH+](<-[Cl-])(<-[C-]#[O+])(<-n43)<-n21,Cn1ccc2-c3cccc4NP(C(C)(C)C)(C(C)(C)C)->[RuH+](<-[Cl-])(<-[C-]#[O+])(<-n43)<-n21,Cn1ccc2-c3cccc4NP(C(C)(C)C)(C(C)(C)C)->[RuH+](<-[Cl-])(<-[C-]#[O+])(<-n43)<-n21
GENKIT,,C21 H35 Hf1 N1,0.0,fail,C[NH-]->[HfH+3]12345678(<-c9(C)c->1(C)c->2(C)[c-]->3(C)c->49C)<-c1(C)c->5(C)c->6(C)[c-]->7(C)c->81C,C[NH-]->[HfH+3]12345678(<-c9(C)c->1(C)c->2(C)[c-]->3(C)c->49C)<-c1(C)c->5(C)c->6(C)[c-]->7(C)c->81C
GEPJOD,,C29 H45 Cl1 N5 Si2 Y1,0.0,CN1(C)CCN(C)(C)->[Y+3]<-123(<-[Cl-])<-N(=C(c1ccccc1)[N-]->2[Si](C)(C)C)c1cccc2cccc([N-]->3[Si](C)(C)C)c12,CN1(C)CCN(C)(C)->[Y+3]<-1234(<-[Cl-])<-N(c1cccc5cccc([N-]->2[Si](C)(C)C)c15)=C->3(c1ccccc1)[N-]->4[Si](C)(C)C,CN1(C)CCN(C)(C)->[Y+3]<-123(<-[Cl-])<-N(=C(c1ccccc1)[N-]->2[Si](C)(C)C)c1cccc2cccc([N-]->3[Si](C)(C)C)c12
GEQVUT,,C22 H30 N3 P1 Ru1,0.0,Cc12->[RuH3+]345(<-c1(C)c->3(C)[c-]->4(C)c->52C)<-P(n1cccc1)(n1cccc1)n1cccc1,Cc12->[RuH3+]345(<-c1(C)c->3(C)[c-]->4(C)c->52C)<-P(n1cccc1)(n1cccc1)n1cccc1,Cc12->[RuH3+]345(<-c1(C)c->3(C)[c-]->4(C)c->52C)<-P(n1cccc1)(n1cccc1)n1cccc1
GERFAM,COC(=O)C1(C(=O)OC)=c2cccc3ccc4c(c23)[N-](->[Rh+3]<-12356(<-[Cl-])<-c1(C)c->2(C)c->3(C)[c-]->5(C)c->61C)C=CC=4,C28 H29 Cl1 N1 O4 Rh1,0.0,COC(=O)[C-]1(C(=O)OC)c2cccc3ccc4cccn(->[Rh+3]<-15678(<-[Cl-])<-c1(C)c->5(C)c->6(C)[c-]->7(C)c->81C)c4c23,COC(=O)C1(C(=O)OC)=c2cccc3ccc4c(c23)[N-](->[Rh+3]<-12356(<-[Cl-])<-c1(C)c->2(C)c->3(C)[c-]->5(C)c->61C)C=CC=4,COC(=O)C1(C(=O)OC)=c2cccc3ccc4c(c23)[N-](->[Rh+3]<-12356(<-[Cl-])<-c1(C)c->2(C)c->3(C)[c-]->5(C)c->61C)C=CC=4
GERSEC,,C31 H37 N1 Zr1,0.0,CC1=N(C(C)(C)C)->[Zr+3]<-123456789%10(<-[CH3-])<-c1c->2(C2(C)CCC2(C)[c-]->32c->4c->53ccccc->63c->72)[cH-]->8c->92ccccc->%1012,C[C-]1=N(C(C)(C)C)->[Zr+4]<-123456789%10(<-[CH3-])<-c1c->2(C2(C)CCC2(C)c->32c->4c->53ccccc->63[cH-]->72)[cH-]->8c->92ccccc->%1012,C[C-]1=N(C(C)(C)C)->[Zr+4]<-123456789%10(<-[CH3-])<-c1c->2(C2(C)CCC2(C)c->32c->4c->53ccccc->63[cH-]->72)[cH-]->8c->92ccccc->%1012
GETFUH,CC#N->[Cu+]1<-n2c(CN(CCc3ccccc3)Cc3ccc4ccccc4n->13)ccc1ccccc12,C30 H28 Cu1 N4 1+,1.0,CC#N->[Cu+]12<-n3c(CN->1(CCc1ccccc1)Cc1ccc4ccccc4n->21)ccc1ccccc13,CC#N->[Cu+]12<-n3c(CN->1(CCc1ccccc1)Cc1ccc4ccccc4n->21)ccc1ccccc13,CC#N->[Cu+]12<-n3c(CN->1(CCc1ccccc1)Cc1ccc4ccccc4n->21)ccc1ccccc13
GETNUQ,[CH3-]->[Pt+4]1(<-[CH3-])(<-[Br-])(<-C=c2ccccc2=[B-](O)O)<-n2ccccc2-c2oc(-c3ccccn3)nn->12,C21 H22 B1 Br1 N4 O3 Pt1,0.0,[CH3-]->[Pt+4]1(<-[CH3-])(<-[Br-])(<-[CH2-]c2ccccc2B(O)O)<-n2ccccc2-c2oc(-c3ccccn3)nn->12,[CH3-]->[Pt+4]1(<-[CH3-])(<-[Br-])(<-C=c2ccccc2=[B-](O)O)<-n2ccccc2-c2oc(-c3ccccn3)nn->12,[CH3-]->[Pt+4]1(<-[CH3-])(<-[Br-])(<-C=c2ccccc2=[B-](O)O)<-n2ccccc2-c2oc(-c3ccccn3)nn->12
GEVDIW,O=C1CP(=S->[Re+]2(<-[C-]#[O+])(<-[C-]#[O+])(<-[C-]#[O+])<-[S-][P+](c3ccccc3)(c3ccccc3)c3ccccc3[N-]->21)(c1ccccc1)c1ccccc1,C35 H26 N1 O4 P2 Re1 S2,0.0,O=C1CP(=S->[Re+]2(<-[C-]#[O+])(<-[C-]#[O+])(<-[C-]#[O+])<-S=P(c3ccccc3)(c3ccccc3)c3ccccc3[N-]->21)(c1ccccc1)c1ccccc1,O=C1CP(=S->[Re+]2(<-[C-]#[O+])(<-[C-]#[O+])(<-[C-]#[O+])<-[S-][P+](c3ccccc3)(c3ccccc3)c3ccccc3[N-]->21)(c1ccccc1)c1ccccc1,O=C1CP(=S->[Re+]2(<-[C-]#[O+])(<-[C-]#[O+])(<-[C-]#[O+])<-[S-][P+](c3ccccc3)(c3ccccc3)c3ccccc3[N-]->21)(c1ccccc1)c1ccccc1
GEWFUJ,CC=P1(CC)=C(C)->[Pt+2]<-1(<-[Cl-])(<-[Cl-])<-P1(c2ccccc2)C(c2ccccc2)=C1c1ccccc1,C26 H30 Cl2 P2 Pt1,0.0,CCP(CC)(CC)->[Pt+2](<-[Cl-])(<-[Cl-])<-P1(c2ccccc2)C(c2ccccc2)=C1c1ccccc1,CC=P(=CC)(CC)->[Pt+2](<-[Cl-])(<-[Cl-])<-P1(c2ccccc2)C(c2ccccc2)=C1c1ccccc1,CC=P(CC)=C(C)->[Pt+2](<-[Cl-])(<-[Cl-])<-P1(c2ccccc2)C(c2ccccc2)=C1c1ccccc1
GEXLAW,CCOP1(OCC)O[C@H](C(C)(C)C)[C-]23[O-]->[Fe+2]<-2<-14(<-[C-]#[O+])(<-[C-]#[O+])<-C(/c1ccccc1)=C->4\3,C20 H27 Fe1 O6 P1,0.0,CCOP1(OCC)OC(C(C)(C)C)C23=O->[Fe]<-2<-14(<-[C-]#[O+])(<-[C-]#[O+])<-C(c1ccccc1)=C->43,CCOP1(OCC)OC(C(C)(C)C)C23=O->[Fe]<-2<-14(<-[C-]#[O+])(<-[C-]#[O+])<-C(c1ccccc1)=C->43,CCOP1(OCC)OC(C(C)(C)C)C23[O-]->[Fe+2]<-2<-14(<-[C-]#[O+])(<-[C-]#[O+])<-C=3[CH-]->4c1ccccc1
GEXZEQ,C/C1=N/[N-](C(=S)Nc2ccc(C)cc2)->[Pd@SP1+2]23<-S=C(N=N->2/C(C)=C2/C=CC=C1[N-]->32)Nc1ccc(C)cc1,C25 H25 N7 Pd1 S2,0.0,CC1=N[N-](C(=S)Nc2ccc(C)cc2)->[Pd+2]23<-[S-]C(=NN->2=C(C)c2cccc1n->32)Nc1ccc(C)cc1,CC1=N[N-](C(=S)Nc2ccc(C)cc2)->[Pd+2]23<-S=C(N=N->2C(C)=C2C=CC=C1[N-]->32)Nc1ccc(C)cc1,CC1=N[N-]2C(Nc3ccc(C)cc3)=S->[Pd+2]<-234<-S=C(N=N->3C(C)=C2C=CC=C1[N-]->42)Nc1ccc(C)cc1
GEYWUE,CN(C)C(=Nc1cccn2->[Pt+2](<-[Cl-])(<-[Cl-])<-n3cccc(N=C(N(C)C)N(C)C)c3-c12)N(C)C,C20 H30 Cl2 N8 Pt1,0.0,CN(C)C(=Nc1cccn2->[Pt+2](<-[Cl-])(<-[Cl-])<-n3cccc(N=C(N(C)C)N(C)C)c3-c12)N(C)C,CN(C)C(=Nc1cccn2->[Pt+2](<-[Cl-])(<-[Cl-])<-n3cccc(N=C(N(C)C)N(C)C)c3-c12)N(C)C,CN(C)C(=Nc1cccn2->[Pt+2](<-[Cl-])(<-[Cl-])<-n3cccc(N=C(N(C)C)N(C)C)c3-c12)N(C)C
GEZQIO,C[N-](C)->[Ti+4]1(<-N(Cc2ccccn->12)=P([Se-])(c1ccccc1)c1ccccc1)(<-[N-](C)C)<-[N-](C)C,C24 H34 N5 P1 Se1 Ti1,0.0,C[N-](C)->[Ti+4]1(<-n2ccccc2C[N-]->1P(=[Se])(c1ccccc1)c1ccccc1)(<-[N-](C)C)<-[N-](C)C,C[N-](C)->[Ti+4]1(<-N(Cc2ccccn->12)=P([Se-])(c1ccccc1)c1ccccc1)(<-[N-](C)C)<-[N-](C)C,C[N-](C)->[Ti+4]1(<-N(Cc2ccccn->12)=P([Se-])(c1ccccc1)c1ccccc1)(<-[N-](C)C)<-[N-](C)C
GICBAX,O=N([O-])->[Co+3]12(<-NCCN->1CCO)(<-NCCN->2CCO)<-N(=O)[O-],C8 H24 Co1 N6 O6 1+,1.0,O=[N+](=O)->[Co-]12(<-NCCN->1CCO)(<-NCCN->2CCO)<-[N+](=O)=O,O=N([O-])->[Co+3]12(<-NCCN->1CCO)(<-NCCN->2CCO)<-N(=O)[O-],O=N([O-])->[Co+3]12(<-NCCN->1CCO)(<-NCCN->2CCO)<-N(=O)[O-]
GIFDEG,FC(F)(F)/C1=C/C(=N2/N=C(\[O-]->[Ni@TB7+2]<-2(<-[O-]1)<-[P@TB7](c1ccccc1)(c1ccccc1)c1cccn1N(c1ccccc1)c1ccccc1)c1ccccc1)C(F)(F)F,C40 H29 F6 N4 Ni1 O2 P1,0.0,FC(F)(F)C1=CC(=N2N=C([O-]->[Ni+2]<-2(<-[O-]1)<-P(c1ccccc1)(c1ccccc1)c1cccn1N(c1ccccc1)c1ccccc1)c1ccccc1)C(F)(F)F,FC(F)(F)C1=CC(=N2N=C([O-]->[Ni+2]<-2(<-[O-]1)<-P(c1ccccc1)(c1ccccc1)c1cccn1N(c1ccccc1)c1ccccc1)c1ccccc1)C(F)(F)F,FC(F)(F)C1=CC(=N2N=C([O-]->[Ni+2]<-2(<-[O-]1)<-P(c1ccccc1)(c1ccccc1)c1cccn1N(c1ccccc1)c1ccccc1)c1ccccc1)C(F)(F)F
GIFGIM,CC(C)c1cccc(C(C)C)c1N1=C2(C)c3cccc4-c5n(C)c6ccccc6n5->[Ni+2]<-1<-2(<-[Cl-])(<-[Cl-])<-n43,C27 H30 Cl2 N4 Ni1,0.0,CC1c2cccc3-c4n(C)c5ccccc5n4->[Ni+2](<-[Cl-])(<-[Cl-])(<-N=1c1c(C(C)C)cccc1C(C)C)<-n23,CC1c2cccc3-c4n(C)c5ccccc5n4->[Ni+2](<-[Cl-])(<-[Cl-])(<-N=1c1c(C(C)C)cccc1C(C)C)<-n23,CC1c2cccc3-c4n(C)c5ccccc5n4->[Ni+2](<-[Cl-])(<-[Cl-])(<-N=1c1c(C(C)C)cccc1C(C)C)<-n23
GIGBUW,Cc1ccn2->[Ir+3]3(<-N(=O)[O-])(<-N(=O)[O-])(<-n4ccc(C)cc4-c2c1)<-n1ccc(C)cc1-c1cc(C)ccn->31,C24 H24 Ir1 N6 O4 1+,1.0,Cc1ccn2->[Ir-]3(<-n4ccc(C)cc4-c2c1)(<-n1ccc(C)cc1-c1cc(C)ccn->31)(<-[N+](=O)=O)<-[N+](=O)=O,Cc1ccn2->[Ir+3]3(<-N(=O)[O-])(<-N(=O)[O-])(<-n4ccc(C)cc4-c2c1)<-n1ccc(C)cc1-c1cc(C)ccn->31,Cc1ccn2->[Ir+3]3(<-N(=O)[O-])(<-N(=O)[O-])(<-n4ccc(C)cc4-c2c1)<-n1ccc(C)cc1-c1cc(C)ccn->31
GIGRIA,COc1cccc(/C2=N/N3=C/c4cccc(OC)c4[O-]->[Mo+6]<-3(<-[O-2])(<-[O-2])(<-[O-]2)<-OC)c1,C17 H18 Mo1 N2 O7,0.0,COc1cccc(C2=NN3=Cc4cccc(OC)c4[O-]->[Mo+6]<-3(<-[O-2])(<-[O-2])(<-[O-]2)<-OC)c1,COc1cccc(C2=NN3=Cc4cccc(OC)c4[O-]->[Mo+6]<-3(<-[O-2])(<-[O-2])(<-[O-]2)<-OC)c1,CO.COc1cccc(C2=NN3->[Mo+6](<-[O-2])(<-[O-2])(<-[O-]2)<-[O-]c2c(cccc2OC)C=3)c1
GIJJIU,,C21 H41 B1 N1 P1 Si2 Ti1,0.0,C[N+](C)(C)[BH2-]P->[Ti+2]123456789(<-C(#C->1[Si](C)(C)C)[Si](C)(C)C)(<-c1c->2c->3[cH-]->4c->51)<-c1c->6c->7[cH-]->8c->91,C[N+](C)(C)[BH2-]P->[Ti+2]123456789(<-C(#C->1[Si](C)(C)C)[Si](C)(C)C)(<-c1c->2c->3[cH-]->4c->51)<-c1c->6c->7[cH-]->8c->91,C[N+](C)(C)[BH2-]P->[Ti+2]123456789(<-C(#C->1[Si](C)(C)C)[Si](C)(C)C)(<-c1c->2c->3[cH-]->4c->51)<-c1c->6c->7[cH-]->8c->91
GIKGIQ,C[C@@H]1CN23->[Cr+2]456(<-[C-]#[O+])(<-[C-]#[O+])(<-[C-]#[O+])<-C(c7ccccc7)(=C->4(c4ccccc4)[C@@]2(c2ccccc2)[C-]1[O-])C->5(c1ccccc1)=C->63C,C37 H29 Cr1 N1 O4,0.0,CC1C[NH+]23->[Cr]456(<-[C-]#[O+])(<-[C-]#[O+])(<-[C-]#[O+])<-C(c7ccccc7)(=C->4(c4ccccc4)C->5(c4ccccc4)=C->62C)C3(c2ccccc2)C1=O,CC1CN23->[Cr]456(<-[C-]#[O+])(<-[C-]#[O+])(<-[C-]#[O+])<-C(c7ccccc7)(=C->4(c4ccccc4)C->5(c4ccccc4)=C->62C)C3(c2ccccc2)C1=O,CC1CN23->[Cr]456(<-[C-]#[O+])(<-[C-]#[O+])(<-[C-]#[O+])<-C(c7ccccc7)(=C->4(c4ccccc4)C->5(c4ccccc4)=C->62C)C3(c2ccccc2)C1=O
GIKXII,c1ccc(P2(Cc3cccc4c3O[B-]3(O4)Oc4cccc(CP(->[Ag+]<-2)(c2ccccc2)c2ccccc2)c4O3)c2ccccc2)cc1,C38 H30 Ag1 B1 O4 P2,0.0,c1ccc(P2(Cc3cccc4c3O[B-]3(O4)Oc4cccc(CP(->[Ag+]<-2)(c2ccccc2)c2ccccc2)c4O3)c2ccccc2)cc1,c1ccc(P2(Cc3cccc4c3O[B-]3(O4)Oc4cccc(CP(->[Ag+]<-2)(c2ccccc2)c2ccccc2)c4O3)c2ccccc2)cc1,c1ccc(P2(Cc3cccc4c3O3->[Ag+]<-25<-O2c6c(CP->5(c5ccccc5)c5ccccc5)cccc6O[B-]32O4)c2ccccc2)cc1
GILSOL,,C12 H12 N6 O6 Zn1,0.0,Nc1ncnc2[nH]cn(->[Zn+2]34(<-O)(<-O)<-[O-]C(=O)c5cccc(C(=O)[O-]->3)n->45)c12,Nc1ncnc2[nH]cn(->[Zn+2]34(<-O)(<-O)<-[O-]C(=O)c5cccc(C(=O)[O-]->3)n->45)c12,Nc1ncnc2[nH]cn(->[Zn+2]34(<-O)(<-O)<-[O-]C(=O)c5cccc(C(=O)[O-]->3)n->45)c12
GIMWEF,O=[N+]1[O-]->[Cd+2]2(<-[O-]1)(<-[O-][N+](=O)[O-]->2)(<-n1c(-c2cccc(-c3nc4ccccc4[nH]3)c2)[nH]c2ccccc21)<-n1c(-c2cccc(-c3nc4ccccc4[nH]3)c2)[nH]c2ccccc21,C40 H28 Cd1 N10 O6,0.0,O=[N+]1[O-]->[Cd+2]2(<-[O-]1)(<-[O-][N+](=O)[O-]->2)(<-n1c(-c2cccc(-c3nc4ccccc4[nH]3)c2)[nH]c2ccccc21)<-n1c(-c2cccc(-c3nc4ccccc4[nH]3)c2)[nH]c2ccccc21,[O-]N1[O-]->[Cd+6]2(<-[O-]1)(<-[O-]N([O-])[O-]->2)(<-n1c(-c2cccc(-c3nc4ccccc4[nH]3)c2)[nH]c2ccccc21)<-n1c(-c2cccc(-c3nc4ccccc4[nH]3)c2)[nH]c2ccccc21,O=[N+]12[O-]->[Cd+2]<-134(<-[O-]2)(<-[O-][N+]->3(=O)[O-]->4)(<-n1c(-c2cccc(-c3nc4ccccc4[nH]3)c2)[nH]c2ccccc21)<-n1c(-c2cccc(-c3nc4ccccc4[nH]3)c2)[nH]c2ccccc21
GINTIG,,C35 H28 N1 O1 P1 Re1 1+,1.0,O=[N-]->[Re+5]1234(<-[C-2]=Cc5cccc6ccccc56)(<-c5c->1c->2[cH-]->3c->45)<-P(c1ccccc1)(c1ccccc1)c1ccccc1,O=[N-]->[Re+3]1234(<-[C]=Cc5cccc6ccccc56)(<-c5c->1c->2[cH-]->3c->45)<-P(c1ccccc1)(c1ccccc1)c1ccccc1,O=[N-]->[Re+3]1234(<-[C]=Cc5cccc6ccccc56)(<-c5c->1c->2[cH-]->3c->45)<-P(c1ccccc1)(c1ccccc1)c1ccccc1
GIPLOH,Cc1cc(C)c(N2CCN(c3c(C)cc(C)cc3C)[C]2->[Ru+4](<-[Cl-])(<-[Cl-])(<-[Cl-])<-[C-]C=C(c2ccccc2)c2ccccc2)c(C)c1,C36 H37 Cl3 N2 Ru1,0.0,Cc1cc(C)c(N2CCN(c3c(C)cc(C)cc3C)[C]2->[Ru+6](<-[Cl-])(<-[Cl-])(<-[Cl-])<-[C-3]C=C(c2ccccc2)c2ccccc2)c(C)c1,Cc1cc(C)c(N2CCN(c3c(C)cc(C)cc3C)[C]2->[Ru+4](<-[Cl-])(<-[Cl-])(<-[Cl-])<-[C-]C=C(c2ccccc2)c2ccccc2)c(C)c1,Cc1cc(C)c(N2CCN(c3c(C)cc(C)cc3C)[C]2->[Ru+4](<-[Cl-])(<-[Cl-])(<-[Cl-])<-[C-]C=C(c2ccccc2)c2ccccc2)c(C)c1
GIQTUV,CO[C@@H]1CC/C2->[Pt+2]34(<-S=P(N=P([S-]->3)(c3ccccc3)c3ccccc3)(c3ccccc3)c3ccccc3)<-C=2\CC[CH-]->41,C33 H35 N1 O1 P2 Pt1 S2,0.0,fail,COC1CCC2->[Pt+2]34(<-S=P(N=P([S-]->3)(c3ccccc3)c3ccccc3)(c3ccccc3)c3ccccc3)<-C=2CC[CH-]->41,COC1CCC2->[Pt+2]34(<-S=P(N=P([S-]->3)(c3ccccc3)c3ccccc3)(c3ccccc3)c3ccccc3)<-C=2CC[CH-]->41
GIRLUO,CCP(CC)(CC)->[Mo+4]1234567(<-[C]([C-](C(F)(F)F)[C-]->1(C(F)(F)F)[C-]->2(S->3C(C)C)C(F)(F)F)C(F)(F)F)<-c1c->4c->5[cH-]->6c->71,C22 H27 F12 Mo1 P1 S1,0.0,CCP(CC)(CC)->[Mo+3]1234567(<-[C-](=C(C(F)(F)F)C->1(C(F)(F)F)=C->2([SH-]->3C(C)C)C(F)(F)F)C(F)(F)F)<-c1c->4c->5[cH-]->6c->71,CCP(CC)(CC)->[Mo+2]1234567(<-[C-](=C(C(F)(F)F)C->1(C(F)(F)F)=C->2(S->3C(C)C)C(F)(F)F)C(F)(F)F)<-c1c->4c->5[cH-]->6c->71,CCP(CC)(CC)->[Mo+2]123456(<-[C-](=C(C(F)(F)F)C->1(C(F)(F)F)=C->2(SC(C)C)C(F)(F)F)C(F)(F)F)<-c1c->3c->4[cH-]->5c->61
GISLOJ,,C12 H14 I1 Ta1,0.0,C[CH-2]->[Ta+5]12345678(<-[I-])(<-c9c->1c->2[cH-]->3c->49)<-c1c->5c->6[cH-]->7c->81,C[CH]->[Ta+3]12345678(<-[I-])(<-c9c->1c->2[cH-]->3c->49)<-c1c->5c->6[cH-]->7c->81,C[CH]->[Ta+3]1(<-[I-])(<-c2ccc[cH-]->12)<-[cH-]1cccc1
GITNUS,,C20 H16 Fe1 N1 O5 P1,0.0,CN1c2ccccc2O[PH]12(->[Fe+]1345(<-[C-]#[O+])(<-[C-]#[O+])<-c6c->1c->3[cH-]->4c->56)Oc1ccccc1O2,CN1c2ccccc2O[P+]12(->[Fe]1345(<-[C-]#[O+])(<-[C-]#[O+])<-c6c->1c->3[cH-]->4c->56)Oc1ccccc1O2,CN1c2ccccc2O[P+]12(->[Fe]1345(<-[C-]#[O+])(<-[C-]#[O+])<-c6c->1c->3[cH-]->4c->56)Oc1ccccc1O2
GIVQAD,,C15 H10 I2 N2 O3 S2 W1,0.0,[O+]#[C-]->[W+2](<-[I-])(<-[I-])(<-[C-]#[O+])(<-[C-]#[O+])(<-N#CCc1ccsc1)<-N#CCc1ccsc1,[O+]#[C-]->[W+2](<-[I-])(<-[I-])(<-[C-]#[O+])(<-[C-]#[O+])(<-N#CCc1ccsc1)<-N#CCc1ccsc1,O=[C-]1[C-](=O)->[W+4]<-1(<-[I-])(<-[I-])(<-[C-]#[O+])(<-N#CCc1ccsc1)<-N#CCc1ccsc1
GIWNEH,N[C](c1ccco1)->[Cr](<-[C-]#[O+])(<-[C-]#[O+])(<-[C-]#[O+])(<-[C-]#[O+])<-[C-]#[O+],C10 H5 Cr1 N1 O6,0.0,N[C](c1ccco1)->[Cr](<-[C-]#[O+])(<-[C-]#[O+])(<-[C-]#[O+])(<-[C-]#[O+])<-[C-]#[O+],N[C](c1ccco1)->[Cr](<-[C-]#[O+])(<-[C-]#[O+])(<-[C-]#[O+])(<-[C-]#[O+])<-[C-]#[O+],N[C](c1ccco1)->[Cr](<-[C-]#[O+])(<-[C-]#[O+])(<-[C-]#[O+])(<-[C-]#[O+])<-[C-]#[O+]
GIXFAU,O=C1c2ccncc2C(=O)[N-]1->[Au+]<-P(c1ccccc1)(c1ccccc1)c1ccccc1,C25 H18 Au1 N2 O2 P1,0.0,O=C1c2ccncc2C(=O)[N-]1->[Au+]<-P(c1ccccc1)(c1ccccc1)c1ccccc1,[O-]c1c2ccncc2c([O-])[n-]1->[Au+3]<-P(c1ccccc1)(c1ccccc1)c1ccccc1,[O-]c1c2ccncc2c([O-])[n-]1->[Au+3]<-P(c1ccccc1)(c1ccccc1)c1ccccc1
GIXYIV,,C21 H42 Co1 O2 P3,0.0,Cc1cc2[C-](=O)->[CoH+2](<-[O-]c2c(C(C)(C)C)c1)(<-P(C)(C)C)(<-P(C)(C)C)<-P(C)(C)C,Cc1cc2[C-](=O)->[CoH+2](<-[O-]c2c(C(C)(C)C)c1)(<-P(C)(C)C)(<-P(C)(C)C)<-P(C)(C)C,Cc1cc2[C-](=O)->[CoH+2](<-[O-]c2c(C(C)(C)C)c1)(<-P(C)(C)C)(<-P(C)(C)C)<-P(C)(C)C
GIZFUQ,C[Si-](C)CP(c1ccccc1)([C+]1[CH+][CH+][CH-][CH+][CH-]1)->[Rh@@+]1(<-[C-]#[O+])<-[N-2][Si](C)(C)CP->1(c1ccccc1)c1ccccc1,C31 H36 N1 O1 P2 Rh1 Si2,0.0,C[Si]1(C)CP(c2ccccc2)(c2ccccc2)->[Rh+]2(<-[C-]#[O+])<-[N-]1[Si](C)(C)CP->2(c1ccccc1)c1ccccc1,C[Si]1(C)CP(c2ccccc2)(c2ccccc2)->[Rh+]2(<-[C-]#[O+])<-[N-]1[Si](C)(C)CP->2(c1ccccc1)c1ccccc1,C[Si]1(C)CP(c2ccccc2)(c2ccccc2)->[Rh+]2(<-[C-]#[O+])<-[N-]1[Si](C)(C)CP->2(c1ccccc1)c1ccccc1
GOBDEH,CC1(C)OP([O-])(->[Pd@+2]2(<-[O-]C(=O)C(F)(F)F)<-OC(C)(C)C(C)(C)OP->23OC(C)(C)C(C)(C)O3)OC1(C)C,C20 H37 F3 O9 P2 Pd1,0.0,CC1(C)OP2(OC(C)(C)C(C)(C)O->[Pd+]<-2(<-[O-]C(=O)C(F)(F)F)<-[PH]2(=O)OC(C)(C)C(C)(C)O2)OC1(C)C,CC1(C)OP([O-])(->[Pd+2]2(<-[O-]C(=O)C(F)(F)F)<-OC(C)(C)C(C)(C)OP->23OC(C)(C)C(C)(C)O3)OC1(C)C,CC1(C)OP([O-])(->[Pd+2]2(<-[O-]C(=O)C(F)(F)F)<-OC(C)(C)C(C)(C)OP->23OC(C)(C)C(C)(C)O3)OC1(C)C
GOBPIY,,C14 H38 Ir1 N1 O2 P3 1+,1.0,CC(C)C1N->[IrH+2](<-[O-]C1=O)(<-P(C)(C)C)(<-P(C)(C)C)<-P(C)(C)C,CC(C)C1N->[IrH+2](<-[O-]C1=O)(<-P(C)(C)C)(<-P(C)(C)C)<-P(C)(C)C,CC(C)C1N->[IrH+2](<-[O-]C1=O)(<-P(C)(C)C)(<-P(C)(C)C)<-P(C)(C)C
GODFEK,CC1=O->[Zn+2]23(<-O=C(C)[O-]->2)(<-[O-]1)<-n1c(C)ccc2ccc4ccc(C)n->3c4c21,C18 H18 N2 O4 Zn1,0.0,fail,CC(=O)[O-]->[Zn+2]12(<-O=C(C)[O-]->1)<-n1c(C)ccc3ccc4ccc(C)n->2c4c31,Cc1ccc2ccc3ccc(C)n4->[Zn+2]5678(<-O=C->5(C)[O-]->6)(<-O=C->7(C)[O-]->8)<-n1c2c34
GOFNIZ,,C27 H28 N6 Pd1 S2,0.0,CC(C)(C)c1csc(N=C2c3ccccc3C3=Nc4scc5C(C)(C)[CH2-]->[Pd+2](<-n6ccccc6)(<-n54)<-[N-]23)n1,CC(C)(C)c1csc(N=C2c3ccccc3C3N=c4scc5C(C)(C)[CH2-]->[Pd+2](<-N=32)(<-n2ccccc2)<-[n-]54)n1,CC(C)(C)c1csc(N=C2c3ccccc3C3N=c4scc5C(C)(C)[CH2-]->[Pd+2](<-N=32)(<-n2ccccc2)<-[n-]54)n1
GOGGEO,Cc1ccc(P(c2ccc(C)cc2)(c2ccc(C)cc2)->[Co-](<-[C-]#[O+])(<-[C-]#[O+])<-[C-]#[O+])cc1,C24 H21 Co1 O3 P1 1-,-1.0,Cc1ccc(P(c2ccc(C)cc2)(c2ccc(C)cc2)->[Co-](<-[C-]#[O+])(<-[C-]#[O+])<-[C-]#[O+])cc1,Cc1ccc(P(c2ccc(C)cc2)(c2ccc(C)cc2)->[Co-](<-[C-]#[O+])(<-[C-]#[O+])<-[C-]#[O+])cc1,Cc1ccc(P(c2ccc(C)cc2)(c2ccc(C)cc2)->[Co-](<-[C-]#[O+])(<-[C-]#[O+])<-[C-]#[O+])cc1
GOHMAR,CCP(CC)(CC)=N([Si](C)(C)C)->[Re+5](<-[O-2])(<-[O-][Si](C)(C)C)(<-[O-][Si](C)(C)C)<-[O-][Si](C)(C)C,C18 H51 N1 O4 P1 Re1 Si4,0.0,CC[P](CC)(CC)[N-]([Si](C)(C)C)->[Re+6](<-[O-2])(<-[O-][Si](C)(C)C)(<-[O-][Si](C)(C)C)<-[O-][Si](C)(C)C,CCP(CC)(CC)=N([Si](C)(C)C)->[Re+5](<-[O-2])(<-[O-][Si](C)(C)C)(<-[O-][Si](C)(C)C)<-[O-][Si](C)(C)C,CCP(CC)(CC)=N([Si](C)(C)C)->[Re+5](<-[O-2])(<-[O-][Si](C)(C)C)(<-[O-][Si](C)(C)C)<-[O-][Si](C)(C)C
GOJZIP,Cc1cc(C)n2->[Fe+2]3(<-[C-]#N)(<-[C-]#N)(<-[C-]#N)<-n4c(C)cc(C)n4C(n12)n1c(C)cc(C)n->31,C19 H22 Fe1 N9 1-,-1.0,CC1=CC(C)=N2->[Fe+2]3(<-[C-]#N)(<-[C-]#N)(<-[C-]#N)<-n4c(C)cc(C)n4C(n4c(C)cc(C)n->34)[N+]12,Cc1cc(C)n2->[Fe+2]3(<-[C-]#N)(<-[C-]#N)(<-[C-]#N)<-n4c(C)cc(C)n4C(n12)n1c(C)cc(C)n->31,Cc1cc(C)n2->[Fe+2]3(<-[C-]#N)(<-[C-]#N)(<-[C-]#N)<-n4c(C)cc(C)n4C(n12)n1c(C)cc(C)n->31
GOMCIW,[OH-]->[Pt+4]123(<-[OH-])<-N4=C5C=C/C4=C(\c4ccccc4)c4ccc([n-]->14)C(=C1[CH+][CH+][CH+][CH-][CH-]1)c1ccc([n-]->21)C(=C1[CH+][CH+][CH+][CH-][CH-]1)c1ccc([n-]->31)C5=C1[CH+][CH-][CH-][CH+][CH-]1,C44 H30 N4 O2 Pt1,0.0,[OH-]->[Pt+4]123(<-[OH-])<-n4c5c(-c6ccccc6)c6ccc(c(-c7ccccc7)c7n->1c(c(-c1ccccc1)c1ccc(c(-c8ccccc8)c4C=C5)[n-]->21)C=C7)[n-]->36,[OH-]->[Pt+4]123(<-[OH-])<-n4c5c(-c6ccccc6)c6ccc(c(-c7ccccc7)c7n->1c(c(-c1ccccc1)c1ccc(c(-c8ccccc8)c4C=C5)[n-]->21)C=C7)[n-]->36,[OH-]->[Pt+4]123(<-[OH-])<-n4c5c(-c6ccccc6)c6ccc(c(-c7ccccc7)c7n->1c(c(-c1ccccc1)c1ccc(c(-c8ccccc8)c4C=C5)[n-]->21)C=C7)[n-]->36
GOMYAI,N#CCc1ccc([N+]#[C-]->[Pd+2](<-[I-])(<-[I-])<-[C-]#[N+]c2ccc(CC#N)cc2)cc1,C18 H12 I2 N4 Pd1,0.0,N#CCc1ccc([N+]#[C-]->[Pd+2](<-[I-])(<-[I-])<-[C-]#[N+]c2ccc(CC#N)cc2)cc1,N#CCc1ccc([N+]#[C-]->[Pd+2](<-[I-])(<-[I-])<-[C-]#[N+]c2ccc(CC#N)cc2)cc1,N#CCc1ccc([N+]#[C-]->[Pd+2](<-[I-])(<-[I-])<-[C-]#[N+]c2ccc(CC#N)cc2)cc1
GOPKON,CCC[C-]1=O->[Ni+2]<-123<-[N-](c1ccc(C)cc1P->2(C(C)C)C(C)C)c1ccc(C)cc1P->3(C(C)C)C(C)C,C30 H47 N1 Ni1 O1 P2,0.0,CCC[C-](=O)->[Ni+2]12<-[N-](c3ccc(C)cc3P->1(C(C)C)C(C)C)c1ccc(C)cc1P->2(C(C)C)C(C)C,CCC[C-](=O)->[Ni+2]12<-[N-](c3ccc(C)cc3P->1(C(C)C)C(C)C)c1ccc(C)cc1P->2(C(C)C)C(C)C,CCC[C-](=O)->[Ni+2]12<-[N-](c3ccc(C)cc3P->1(C(C)C)C(C)C)c1ccc(C)cc1P->2(C(C)C)C(C)C
GOQMAA,COC12->[Mn+]345(<-[C-]#[O+])(<-[C-]#[O+])(<-[C-]#[O+])<-C=1[C@H](C[C-]=[N-])[CH+]->3C->4(OC)=C->52OC,C14 H14 Mn1 N1 O6,0.0,fail,COC12->[Mn-]345(<-[C-]#[O+])(<-[C-]#[O+])(<-[C-]#[O+])<-C=1C(CC#N)[CH+]->3C->4(OC)=C->52OC,COC12->[Mn-]345(<-[C-]#[O+])(<-[C-]#[O+])(<-[C-]#[O+])<-C=1C(CC#N)[CH+]->3C->4(OC)=C->52OC
GOSHIF,O=C(C1=CC2=N->[Ni+2]3(<-N=C2C=C1)<-[S-]/C(=C(\[S-]->3)C(F)(F)F)C(F)(F)F)c1ccccc1,C17 H10 F6 N2 Ni1 O1 S2,0.0,O=C(C1=CC2=N->[Ni+2]3(<-N=C2C=C1)<-[S-]C(=C([S-]->3)C(F)(F)F)C(F)(F)F)c1ccccc1,O=C(c1ccccc1)c1ccc2[NH-]->[Ni+2]3(<-[NH-]c2c1)<-S=C(C(=S->3)C(F)(F)F)C(F)(F)F,O=C(c1ccccc1)c1ccc2[NH-]->[Ni+2]3(<-[NH-]c2c1)<-S=C(C(=S->3)C(F)(F)F)C(F)(F)F
GOSQOW,[Br-]->[Ni+2]1(<-[Br-])<-P(c2ccccn2)(c2ccccn2)[C@H]2CCC[C@@H]2P->1(c1ccccn1)c1ccccn1,C25 H24 Br2 N4 Ni1 P2,0.0,[Br-]->[Ni+2]1(<-[Br-])<-P(c2ccccn2)(c2ccccn2)C2CCCC2P->1(c1ccccn1)c1ccccn1,[Br-]->[Ni+2]1(<-[Br-])<-P(c2ccccn2)(c2ccccn2)C2CCCC2P->1(c1ccccn1)c1ccccn1,[Br-]->[Ni+2]12(<-[Br-])<-n3ccccc3P->1(c1ccccn1)C1CCCC1P->2(c1ccccn1)c1ccccn1
GOTTOY,CC(C)[C@H]1COC2c3ccccc3[O-]->[Mn+5]3(<-[N-3])(<-[O-]c4ccccc4C4=N->3[C@@H](C(C)C)CO4)<-N=21,C24 H28 Mn1 N3 O4,0.0,CC(C)C1COC2c3ccccc3[O-]->[Mn+5]3(<-[N-3])(<-[O-]c4ccccc4C4=N->3C(C(C)C)CO4)<-N=21,CC(C)C1COC2c3ccccc3[O-]->[Mn+5]3(<-[N-3])(<-[O-]c4ccccc4C4=N->3C(C(C)C)CO4)<-N=21,CC(C)C1COC2c3ccccc3[O-]->[Mn+5]3(<-[N-3])(<-[O-]c4ccccc4C4=N->3C(C(C)C)CO4)<-N=21
GOXNEO,Cc1cc(C)n2->[Pd@TB4+2]3(<-[Cl-])<-[c-]4c(Cn12)cccc4NP->3(c1ccccc1)c1ccccc1,C24 H23 Cl1 N3 P1 Pd1,0.0,Cc1cc(C)n2->[Pd+2]3(<-[Cl-])<-[c-]4c(Cn12)cccc4NP->3(c1ccccc1)c1ccccc1,Cc1cc(C)n2->[Pd+2]3(<-[Cl-])<-[c-]4c(Cn12)cccc4NP->3(c1ccccc1)c1ccccc1,Cc1cc(C)n2->[Pd+2]3(<-[Cl-])<-[c-]4c(Cn12)cccc4NP->3(c1ccccc1)c1ccccc1
GOYHUZ,O=C([O-]->[Ni+2]1(<-n2ccccc2Nc2ccccn2)<-n2ccccc2Nc2ccccn->12)[C@H](O)c1ccccc1,C28 H25 N6 Ni1 O3 1+,1.0,O=C1[O-]->[Ni+2]23(<-OC1c1ccccc1)(<-n1ccccc1Nc1ccccn->21)<-n1ccccc1Nc1ccccn->31,O=C1[O-]->[Ni+2]23(<-OC1c1ccccc1)(<-n1ccccc1Nc1ccccn->21)<-n1ccccc1Nc1ccccn->31,O=C1[O-]->[Ni+2]23(<-OC1c1ccccc1)(<-n1ccccc1Nc1ccccn->21)<-n1ccccc1Nc1ccccn->31
GOZQAP,CN/C1=N/N2=C/c3cc(OC)ccc3[O-]->[Mo+6]<-2(<-[O-2])(<-[O-2])(<-O)<-[S-]1,C10 H13 Mo1 N3 O5 S1,0.0,CNC1=NN2=Cc3cc(OC)ccc3[O-]->[Mo+6]<-2(<-[O-2])(<-[O-2])(<-O)<-[S-]1,CNC1=NN2=Cc3cc(OC)ccc3[O-]->[Mo+6]<-2(<-[O-2])(<-[O-2])(<-O)<-[S-]1,CNC1=NN2->[Mo+6](<-[O-2])(<-[O-2])(<-[O-]c3ccc(OC)cc3C=2)<-[S-]1.O
GUBTUS,C[Si]1(C)[c-]23->[Zr+4]456789%10%11%12%13(<-[CH2-]/C->4=C->5/C[B-](c4c(F)c(F)c(F)c(F)c4F)(c4c(F)c(F)c(F)c(F)c4F)c4c(F)c(F)c(F)c(F)c4F->6)(<-c(c->72)c->82ccccc->923)<-c2c->%10[c-]->%111c->%121ccccc->%1321,C42 H24 B1 F15 Si1 Zr1,0.0,fail,C[Si]1(C)[c-]23->[Zr+4]456789%10%11%12(<-[CH2-]C->4=C->5C[B-](c4c(F)c(F)c(F)c(F)c4F)(c4c(F)c(F)c(F)c(F)c4F)c4c(F)c(F)c(F)c(F)c4F)(<-c(c->62)c->72ccccc->823)<-c2c->9[c-]->%101c->%111ccccc->%1221,C[Si]1(C)[c-]23->[Zr+6]456789%10%11%12(<-[F-])(<-[CH2-]C->4=C->5C[B-](c4[c-]c(F)c(F)c(F)c4F)(c4c(F)c(F)c(F)c(F)c4F)c4c(F)c(F)c(F)c(F)c4F)(<-c(c->62)c->72ccccc->823)<-c2c->9[c-]->%101c->%111ccccc->%1221
GUDTEE,CN1(C)[c-]23->[Zr+4]<-1456(<-[Cl-])(<-[Cl-])(<-c1cccc7c8ccccc8[c-]->4(N->5(C)C)c->671)<-c21ccccc1c1ccccc13,C30 H28 Cl2 N2 Zr1,0.0,CN1(C)[c-]2(->[Zr+4]<-13(<-[Cl-])(<-[Cl-])<-[c-]1(N->3(C)C)c3ccccc3c3ccccc31)c1ccccc1c1ccccc12,CN1(C)c23->[Zr+4]<-14567(<-[Cl-])(<-[Cl-])(<-c1cccc8c9ccccc9c->4(N->5(C)C)[c-]->681)<-[cH-]1cccc(c4ccccc42)-c->713,CN1(C)c23->[Zr+4]<-14567(<-[Cl-])(<-[Cl-])(<-c1cccc8c9ccccc9c->4(N->5(C)C)[c-]->681)<-[cH-]1cccc(c4ccccc42)-c->713
GUGZIR,CS(C)(=O)->[Pt+2](<-[Cl-])(<-[Cl-])<-N1CC=CCO1,C6 H13 Cl2 N1 O2 Pt1 S1,0.0,CS(C)(=O)->[Pt+2](<-[Cl-])(<-[Cl-])<-N1CC=CCO1,CS(C)(=O)->[Pt+2](<-[Cl-])(<-[Cl-])<-N1CC=CCO1,CS(C)(=O)->[Pt+2](<-[Cl-])(<-[Cl-])<-N1CC=CCO1
GUJCOD,N#C/C1[S-]->[Ru+2]2(<-[C-]#[O+])(<-[C-]#[O+])(<-[S-]\C=1C#N)<-n1ccccc1-c1cccc(-c3ccccn3)n->21,C21 H11 N5 O2 Ru1 S2,0.0,N#CC1[S-]->[Ru+2]2(<-[C-]#[O+])(<-[C-]#[O+])(<-[S-]C=1C#N)<-n1ccccc1-c1cccc(-c3ccccn3)n->21,N#CC1[S-]->[Ru+2]2(<-[C-]#[O+])(<-[C-]#[O+])(<-[S-]C=1C#N)<-n1ccccc1-c1cccc(-c3ccccn3)n->21,N#CC1[S-]->[Ru+2]2(<-[C-]#[O+])(<-[C-]#[O+])(<-[S-]C=1C#N)<-n1ccccc1-c1cccc(-c3ccccn3)n->21
GUKKAA,CC(C)P1(C(C)C)N(C)c2cccc3N(C)P(C(C)C)(C(C)C)->[Ni@TB3+2]<-14(<-[H][BH3-]->4)<-[c-]23,C20 H41 B1 N2 Ni1 P2,0.0,CC(C)P1(C(C)C)N(C)c2cccc3N(C)P(C(C)C)(C(C)C)->[Ni+2]<-14(<-[H][BH2-][H]->4)<-[c-]23,B.CC(C)P1(C(C)C)->[NiH+]2<-[c-]3c(cccc3N(C)P->2(C(C)C)C(C)C)N1C,B.CC(C)P1(C(C)C)->[NiH+]2<-[c-]3c(cccc3N(C)P->2(C(C)C)C(C)C)N1C
GULLII,[O+]#[C-]->[W](<-[H][BH2-][P+](c1ccccc1)(c1ccccc1)c1ccccc1)(<-[C-]#[O+])(<-[C-]#[O+])(<-[C-]#[O+])<-[C-]#[O+],C23 H18 B1 O5 P1 W1,0.0,[O+]#[C-]->[W+](<-[H][BH2-][P](c1ccccc1)(c1ccccc1)c1ccccc1)(<-[C-]#[O+])(<-[C-]#[O+])(<-[C-]#[O+])<-[C-]#[O+],B[P+](c1ccccc1)(c1ccccc1)c1ccccc1.[O+]#[C-]->[WH-](<-[C-]#[O+])(<-[C-]#[O+])(<-[C-]#[O+])<-[C-]#[O+],B[P+](c1ccccc1)(c1ccccc1)c1ccccc1.[O+]#[C-]->[WH-](<-[C-]#[O+])(<-[C-]#[O+])(<-[C-]#[O+])<-[C-]#[O+]
GULZUJ,c1ccc2c(c1)-c1nc3cccc4[nH]c5n6->[Ni@SP3+2]7(<-[c-]8c(cccc8[nH]c-2n->71)nc6-c1ccccc1-5)<-[c-]34,C28 H16 N6 Ni1,0.0,c1ccc2c(c1)-c1nc3cccc4[nH]c5n6->[Ni+2]7(<-[c-]8c(cccc8[nH]c-2n->71)nc6-c1ccccc1-5)<-[c-]34,c1ccc2c(c1)-c1nc3cccc4[nH]c5n6->[Ni+2]7(<-[c-]8c(cccc8[nH]c-2n->71)nc6-c1ccccc1-5)<-[c-]34,c1ccc2c(c1)-c1nc3cccc4[nH]c5n6->[Ni+2]7(<-[c-]8c(cccc8[nH]c-2n->71)nc6-c1ccccc1-5)<-[c-]34
GUPQUD,CN12CC[O-]->[Re+5]<-13(<-[O-2])(<-[O-]CC2)<-S=c1cccc[n-]->31,C10 H15 N2 O3 Re1 S1,0.0,fail,CN12CC[O-]->[Re+5]<-13(<-[O-2])(<-[O-]CC2)<-S=c1cccc[n-]->31,CN12CC[O-]->[Re+5]<-13(<-[O-2])(<-[O-]CC2)<-S=c1cccc[n-]->31
GUPZEY,O=[C-]1N(Nc2ccccc2)c2ccccn2->[Ru+2]<-123(<-n1ccccc1-c1ccccn->21)<-n1ccccc1-c1ccccn->31,C32 H26 N7 O1 Ru1 1+,1.0,O=[C]1N(Nc2ccccc2)c2ccccn2->[Ru+]<-123(<-n1ccccc1-c1ccccn->21)<-n1ccccc1-c1ccccn->31,O=[C-]1N(Nc2ccccc2)c2ccccn2->[Ru+2]<-123(<-n1ccccc1-c1ccccn->21)<-n1ccccc1-c1ccccn->31,O=[C-]1N(Nc2ccccc2)c2ccccn2->[Ru+2]<-123(<-n1ccccc1-c1ccccn->21)<-n1ccccc1-c1ccccn->31
GUQTUJ,Cc1cc(C)c(N2CCN(c3c(C)cc(C)cc3C)[C]2->[Ru@TB17+4]23(<-[CH-]=C4C=C[CH-]C=C4O->2C(C)C)<-[O-]c2c(F)c(F)c(F)c(F)c2[O-]->3)c(C)c1,C37 H38 F4 N2 O3 Ru1,0.0,Cc1cc(C)c(N2CCN(c3c(C)cc(C)cc3C)[C]2->[Ru+4]23(<-[CH-2]c4ccccc4O->2C(C)C)<-[O-]c2c(F)c(F)c(F)c(F)c2[O-]->3)c(C)c1,Cc1cc(C)c(N2CCN(c3c(C)cc(C)cc3C)[C]2->[Ru+2]23(<-[CH]c4ccccc4O->2C(C)C)<-[O-]c2c(F)c(F)c(F)c(F)c2[O-]->3)c(C)c1,Cc1cc(C)c(N2CCN(c3c(C)cc(C)cc3C)[C]2->[Ru+2]23(<-[CH]c4ccccc4O->2C(C)C)<-[O-]c2c(F)c(F)c(F)c(F)c2[O-]->3)c(C)c1
GUSKUA,Cc12->[Rh+3]3456(<-[c-]7c(F)c(F)c(F)c(F)[c-]->37)(<-c1(C)c->4(C)[c-]->5(C)c->62C)<-P(C)(C)C,C19 H24 F4 P1 Rh1,0.0,Cc12->[Rh+]3456(<-C7#C->3C(F)=C(F)C(F)=C7F)(<-c1(C)c->4(C)[c-]->5(C)c->62C)<-P(C)(C)C,Cc12->[Rh+]3456(<-C7=C(F)C(F)=C(F)C(F)=C->3=7)(<-c1(C)c->4(C)[c-]->5(C)c->62C)<-P(C)(C)C,Cc12->[Rh+]3456(<-C7=C(F)C(F)=C(F)C(F)=C->3=7)(<-c1(C)c->4(C)[c-]->5(C)c->62C)<-P(C)(C)C
GUTFAD,,C26 H34 O8 P3 Re1,0.0,COP(OC)(c1ccccc1)->[ReH](<-[C-]#[O+])(<-[C-]#[O+])(<-P(OC)(OC)c1ccccc1)<-P(OC)(OC)c1ccccc1,COP(OC)(c1ccccc1)->[ReH](<-[C-]#[O+])(<-[C-]#[O+])(<-P(OC)(OC)c1ccccc1)<-P(OC)(OC)c1ccccc1,COP(OC)(c1ccccc1)->[ReH](<-[C-]#[O+])(<-[C-]#[O+])(<-P(OC)(OC)c1ccccc1)<-P(OC)(OC)c1ccccc1
GUTLUD,,C10 H13 Hg1 I2 N3 S1,0.0,CN(C)C1NN(=Cc2ccccc2)->[Hg+2](<-[I-])(<-[I-])<-S=1,CN(C)C(NN=Cc1ccccc1)=S->[Hg+2](<-[I-])<-[I-],CN(C)C(NN=Cc1ccccc1)=S->[Hg+2](<-[I-])<-[I-]
GUVKIT,c1ccc2c(c1)nccn2->[Hg+2]12(<-O=N[O-]->1)(<-O=N[O-]->2)<-n1ccnc2ccccc21,C16 H12 Hg1 N6 O4,0.0,fail,O=N[O-].O=N[O-].c1ccc2c(c1)nccn2->[Hg+2]<-n1ccnc2ccccc21,O=N[O-].O=N[O-].[Hg+2].c1ccc2nccnc2c1.c1ccc2nccnc2c1
GUVXUQ,C/C1=N(\C2CCCCC2)->[Zr+2]2345678(<-C=C->2C->3=C->4)(<-[N-]1C1CCCCC1)<-c1(C)c->5(C)c->6(C)[c-]->7(C)c->81C,C28 H46 N2 Zr1,0.0,CC1=N(C2CCCCC2)->[Zr+2]2345678(<-CC->2=C->3C->4)(<-[N-]1C1CCCCC1)<-c1(C)c->5(C)c->6(C)[c-]->7(C)c->81C,CC1=N(C2CCCCC2)->[Zr+2]2345678(<-C=C->2C->3=C->4)(<-[N-]1C1CCCCC1)<-c1(C)c->5(C)c->6(C)[c-]->7(C)c->81C,CC1=N(C2CCCCC2)->[Zr+2]23456(<-C=CC=C->2)(<-[N-]1C1CCCCC1)<-c1(C)c->3(C)c->4(C)[c-]->5(C)c->61C
GUWROF,CC(=O)C1=C(/C)[N-]2->[Ni@SP1+2]34<-N(=C/1)\[C@@H]1CCCC[C@H]1/N->3=C/C(C(C)=O)=C(/C)[N-]->4[C@@H]1CCCC[C@H]12,C24 H34 N4 Ni1 O2,0.0,CC(=O)C1=C[N-]2->[Ni+2]34<-N(=C1C)C1CCCCC1N->3=C(C)C(C(C)=O)=C[N-]->4C1CCCCC12,CC(=O)C1=C[N-]2->[Ni+2]34<-N(=CC(C(C)=O)=C(C)[N-]->3C3CCCCC3N->4=C1C)C1CCCCC12,CC(=O)C1=C[N-]2->[Ni+2]34<-N(=CC(C(C)=O)=C(C)[N-]->3C3CCCCC3N->4=C1C)C1CCCCC12
GUYHUD,FC(F)(F)c1ccc[n-]2->[Cd+2]3(<-S=c12)(<-S=c1c(C(F)(F)F)ccc[n-]->31)<-n1ccccc1-c1ccccn1,C22 H14 Cd1 F6 N4 S2,0.0,fail,FC(F)(F)c1ccc[n-]2->[Cd+2]34(<-S=c12)(<-S=c1c(C(F)(F)F)ccc[n-]->31)<-n1ccccc1-c1ccccn->41,FC(F)(F)c1ccc[n-]2->[Cd+2]34(<-S=c12)(<-S=c1c(C(F)(F)F)ccc[n-]->31)<-n1ccccc1-c1ccccn->41
GUZSID,,C30 H29 N1 P1 Ru1 1+,1.0,c1ccc([N-]2[P+](c3ccccc3)(c3ccccc3)C3=C45->[Ru+2]<-3<-26789%10(<-C=C->64CCC5)<-c2c->7c->8[cH-]->9c->%102)cc1,c1ccc([N-]2[P+](c3ccccc3)(c3ccccc3)C3=C45->[Ru+2]<-3<-26789%10(<-C=C->64CCC5)<-c2c->7c->8[cH-]->9c->%102)cc1,c1ccc([N-]2[P+](c3ccccc3)(c3ccccc3)C3=C45->[Ru+2]<-3<-26789%10(<-C=C->64CCC5)<-c2c->7c->8[cH-]->9c->%102)cc1
HABQEG,CCOC1=CCCCCN1/C(=C/[C](OCC)->[W](<-[C-]#[O+])(<-[C-]#[O+])(<-[C-]#[O+])(<-[C-]#[O+])<-[C-]#[O+])c1ccccc1,C24 H25 N1 O7 W1,0.0,CCOC1=CCCCCN1C(=C[C-2](OCC)->[W+2](<-[C-]#[O+])(<-[C-]#[O+])(<-[C-]#[O+])(<-[C-]#[O+])<-[C-]#[O+])c1ccccc1,CCOC1=CCCCCN1C(=C[C](OCC)->[W](<-[C-]#[O+])(<-[C-]#[O+])(<-[C-]#[O+])(<-[C-]#[O+])<-[C-]#[O+])c1ccccc1,CCOC1=CCCCCN1C(=C[C](OCC)->[W](<-[C-]#[O+])(<-[C-]#[O+])(<-[C-]#[O+])(<-[C-]#[O+])<-[C-]#[O+])c1ccccc1
HACQAG,CC(C)c1cccc(C(C)C)c1-[n+]1nn(C)c(-c2ccccc2)[c-]1->[Au+]<-[Cl-],C21 H25 Au1 Cl1 N3,0.0,CC(C)c1cccc(C(C)C)c1-[n+]1nn(C)c(-c2ccccc2)[c]1->[Au]<-[Cl-],CC(C)c1cccc(C(C)C)c1-[n+]1nn(C)c(-c2ccccc2)[c-]1->[Au+]<-[Cl-],CC(C)c1cccc(C(C)C)c1-[n+]1nn(C)c(-c2ccccc2)[c-]1->[Au+]<-[Cl-]
HADPUX,,C37 H43 N1 O1 Si2 W1,0.0,C[Si](C)(C)[CH2-]->[W+4]1234(<-[CH2-][Si](C)(C)C)(<-[N-]=O)<-c5c->1(-c1ccccc1)c->2(-c1ccccc1)c->3(-c1ccccc1)[c-]->45-c1ccccc1,C[Si](C)(C)[CH2-]->[W+4]1234(<-[CH2-][Si](C)(C)C)(<-[N-]=O)<-[cH-]5c->1(-c1ccccc1)c->2(-c1ccccc1)c->3(-c1ccccc1)c->45-c1ccccc1,C[Si](C)(C)[CH2-]->[W+4]1234(<-[CH2-][Si](C)(C)C)(<-[N-]=O)<-[cH-]5c->1(-c1ccccc1)c->2(-c1ccccc1)c->3(-c1ccccc1)c->45-c1ccccc1
HAFBAR,,C25 H44 Cl2 Ir1 P3,0.0,CC(C)P(C(C)C)(C(C)C)->[IrH+2](<-[Cl-])(<-[Cl-])(<-P(C)(C)c1ccccc1)<-P(C)(C)c1ccccc1,CC(C)P(C(C)C)(C(C)C)->[IrH+2](<-[Cl-])(<-[Cl-])(<-P(C)(C)c1ccccc1)<-P(C)(C)c1ccccc1,CC(C)P(C(C)C)(C(C)C)->[IrH+2](<-[Cl-])(<-[Cl-])(<-P(C)(C)c1ccccc1)<-P(C)(C)c1ccccc1
HAGDOI,CN1(C)CCN(C)(C)->[Mo+6]<-1(<-[O-2])(<-[O-2])(<-[Cl-])<-[Cl-],C6 H16 Cl2 Mo1 N2 O2,0.0,CN1(C)CCN(C)(C)->[Mo+6]<-1(<-[O-2])(<-[O-2])(<-[Cl-])<-[Cl-],CN1(C)CCN(C)(C)->[Mo+6]<-1(<-[O-2])(<-[O-2])(<-[Cl-])<-[Cl-],CN1(C)CCN(C)(C)->[Mo+6]<-1(<-[O-2])(<-[O-2])(<-[Cl-])<-[Cl-]
HAHBUP,,C18 H28 B1 N7 O1 P1 W1 1+,1.0,fail,CP(C)(C)->[W+4]1234(<-[N-]=O)(<-C5=C->1[CH-]->2CCC5)<-n1cccn1[BH-](n1cccn->31)n1cccn->41,CP(C)(C)->[W+4]1234(<-[N-]=O)(<-C5=C->1[CH-]->2CCC5)<-n1cccn1[BH-](n1cccn->31)n1cccn->41
HAHXOF,CC(C)P1(c2cccc3c4cccc5P(C(C)C)(C(C)C)->[Os+2]<-1(<-[Cl-])(<-[Cl-])(<-o(c23)c54)<-S(C)(C)=O)C(C)C,C26 H40 Cl2 O2 Os1 P2 S1,0.0,CC(C)P1(c2cccc3c4cccc5P(C(C)C)(C(C)C)->[Os+2]<-1(<-[Cl-])(<-[Cl-])(<-o(c23)c54)<-S(C)(C)=O)C(C)C,CC(C)P1(c2cccc3c4cccc5P(C(C)C)(C(C)C)->[Os+2]<-1(<-[Cl-])(<-[Cl-])(<-o(c23)c54)<-S(C)(C)=O)C(C)C,CC(C)P1(c2cccc3c4cccc5P(C(C)C)(C(C)C)->[Os+2]<-1(<-[Cl-])(<-[Cl-])(<-o(c23)c54)<-S(C)(C)=O)C(C)C
HAJVET,[O+]#[C-]->[Cr+2]12345(<-[C-]#[O+])(<-[C-]#[O+])<-[CH+]6C[CH-]->1[CH-]->2[CH-]->3[CH+]->4[CH-]->56,C10 H8 Cr1 O3,0.0,[O+]#[C-]->[Cr]12345(<-[C-]#[O+])(<-[C-]#[O+])<-C6=C->1C->2=C->3C->4=C->5C6,[O+]#[C-]->[Cr]12345(<-[C-]#[O+])(<-[C-]#[O+])<-C6=C->1C->2=C->3C->4=C->5C6,[O+]#[C-]->[Cr]12345(<-[C-]#[O+])(<-[C-]#[O+])<-C6=C->1C->2=C->3C->4=C->5C6
HAKPUE,,C12 H24 Cl4 S2 Ti1,0.0,[Cl-]->[Ti+4](<-[Cl-])(<-[Cl-])(<-[Cl-])(<-SC1CCCCC1)<-SC1CCCCC1,[Cl-]->[Ti+6](<-[Cl-])(<-[Cl-])(<-[Cl-])(<-[S-]C1CCCCC1)<-[S-]C1CCCCC1,[Cl-]->[TiH+5](<-[Cl-])(<-[Cl-])(<-[Cl-])<-S(S[C-]1CCCCC1)C1CCCCC1
HALNAK,CN(C)[C]1/C=C(/c2ccccc2)S(c2ccccc2)->[Cr]<-1(<-[C-]#[O+])(<-[C-]#[O+])(<-[C-]#[O+])<-[C-]#[O+],C21 H17 Cr1 N1 O4 S1,0.0,CN(C)[C]1C=C(c2ccccc2)S(c2ccccc2)->[Cr]<-1(<-[C-]#[O+])(<-[C-]#[O+])(<-[C-]#[O+])<-[C-]#[O+],CN(C)[C]1C=C(c2ccccc2)S(c2ccccc2)->[Cr]<-1(<-[C-]#[O+])(<-[C-]#[O+])(<-[C-]#[O+])<-[C-]#[O+],CN(C)[C]1C=C(c2ccccc2)S(c2ccccc2)->[Cr]<-1(<-[C-]#[O+])(<-[C-]#[O+])(<-[C-]#[O+])<-[C-]#[O+]
HAMHEL,COc1cccc2/C=N3/N=C(\[O-]->[Mo+6]<-3(<-[O-2])(<-[O-2])(<-O)<-[O-]c21)c1ccco1,C13 H12 Mo1 N2 O7,0.0,COc1cccc2C=N3N=C([O-]->[Mo+6]<-3(<-[O-2])(<-[O-2])(<-O)<-[O-]c21)c1ccco1,COc1cccc2C=N3N=C([O-]->[Mo+6]<-3(<-[O-2])(<-[O-2])(<-O)<-[O-]c21)c1ccco1,COc1cccc2c1[O-]->[Mo+6]1(<-[O-2])(<-[O-2])<-[O-]C(c3ccco3)=NN->1=C2.O
HAMZUS,COC(=O)[CH-]1[C@H](C2=CCCCC2(C)C)[CH-]2/C3=C(/c4cc(OC)ccc4OC)->[Fe+2]<-3<-1<-2(<-[C-]#[O+])(<-[C-]#[O+])<-[C-]#[O+],C26 H30 Fe1 O7,0.0,fail,COC(=O)[CH-]1C(C2=CCCCC2(C)C)[CH-]2C3=C(c4cc(OC)ccc4OC)->[Fe+2]<-3<-1<-2(<-[C-]#[O+])(<-[C-]#[O+])<-[C-]#[O+],COC(=O)[CH-]1C(C2=CCCCC2(C)C)[CH-]2C3=C(c4cc(OC)ccc4OC)->[Fe+2]<-3<-1<-2(<-[C-]#[O+])(<-[C-]#[O+])<-[C-]#[O+]
HANVEX,CC(C)(C)/N=C1C[Si](C)(C)[CH2-]->[Hf+4]23456789%10(<-[C-]\1=N->2\C(C)(C)C)(<-c1c->3c->4[cH-]->5c->61)<-c1c->7c->8[cH-]->9c->%101,C24 H38 Hf1 N2 Si1,0.0,CC(C)(C)N=C1C[Si](C)(C)[CH2-]->[Hf+3]23456789%10(<-[C]1=N->2C(C)(C)C)(<-c1c->3c->4[cH-]->5c->61)<-c1c->7c->8[cH-]->9c->%101,CC(C)(C)N=C1C[Si](C)(C)[CH2-]->[Hf+4]23456789%10(<-[C-]1=N->2C(C)(C)C)(<-c1c->3c->4[cH-]->5c->61)<-c1c->7c->8[cH-]->9c->%101,CC(C)(C)N=C1C[Si](C)(C)[CH2-]->[Hf+4]23456789(<-[C-]1=NC(C)(C)C)(<-c1c->2c->3[cH-]->4c->51)<-c1c->6c->7[cH-]->8c->91
HAPNER,COc1cc2C(C)=O->[Pd+2]3(<-[c-]2c(OC)c1OC)<-n1c(C)ccc2ccc4ccc(C)n->3c4c21,C25 H25 N2 O4 Pd1 1+,1.0,COc1cc2C(C)=O->[Pd+2]3(<-[c-]2c(OC)c1OC)<-n1c(C)ccc2ccc4ccc(C)n->3c4c21,COc1cc2C(C)=O->[Pd+2]3(<-[c-]2c(OC)c1OC)<-n1c(C)ccc2ccc4ccc(C)n->3c4c21,COc1cc2C(C)=O->[Pd+2]3(<-[c-]2c(OC)c1OC)<-n1c(C)ccc2ccc4ccc(C)n->3c4c21
HARVEB,N#C[CH2-]->[Mo+2]12(<-[C-]#[O+])(<-[C-]#[O+])(<-[C-]#[O+])<-n3cccn3[BH-](n3cccn->13)n1cccn->21,C14 H12 B1 Mo1 N7 O3,0.0,N#C[CH2-]->[Mo+2]12(<-[C-]#[O+])(<-[C-]#[O+])(<-[C-]#[O+])<-[n-]3ccc[n+]3[BH-]([n+]3ccc[n-]->13)[n+]1ccc[n-]->21,N#C[CH2-]->[Mo+2]12(<-[C-]#[O+])(<-[C-]#[O+])(<-[C-]#[O+])<-n3cccn3[BH-](n3cccn->13)n1cccn->21,N#C[CH2-]->[Mo+4]123(<-[C-]#[O+])(<-[C-](=O)[C-]->1=O)<-n1cccn1[BH-](n1cccn->21)n1cccn->31
HASNOE,,C12 H12 Cr1 F9 P3,0.0,fail,FP(F)(F)->[Cr]123(<-C4=C->1C->2=C->3(c1ccccc1)CC4)(<-P(F)(F)F)<-P(F)(F)F,FP(F)(F)->[Cr]123(<-C4=C->1C->2=C->3(c1ccccc1)CC4)(<-P(F)(F)F)<-P(F)(F)F
HATJOC,,C24 H26 Co1 N5 O4,0.0,CC1C(c2ccccc2)=N(O)->[Co+]2(<-[CH3-])(<-N=1[O])(<-N([O])=C(C(C)=N->2O)c1ccccc1)<-n1ccccc1,CC1=C(c2ccccc2)[N-](O)->[Co+3]2(<-[CH3-])(<-N1=O)(<-N(=O)C(=C(C)[N-]->2O)c1ccccc1)<-n1ccccc1,CC1=C(c2ccccc2)[N-](O)->[Co+3]2(<-[CH3-])(<-N1=O)(<-N(=O)C(=C(C)[N-]->2O)c1ccccc1)<-n1ccccc1
HAVCIS,,C36 H33 Hg1 I2 N5 O2,0.0,CCNc1cc2c(cc1C)C1(c3cc(C)c(NCC)cc3O2)c2ccccc2C2=O->[Hg+2]3(<-[I-])(<-[I-])<-N(=Cc4ccc5ccccc5n->34)N21,CCNc1cc2c(cc1C)C1(c3cc(C)c(NCC)cc3O2)c2ccccc2C(=O)N1N=Cc1ccc2ccccc2n1.[I-]->[Hg+2]<-[I-],CCNc1cc2c(cc1C)C1(c3cc(C)c(NCC)cc3O2)c2ccccc2C(=O)N1N=Cc1ccc2ccccc2n1.[I-]->[Hg+2]<-[I-]
HAVQIH,c1ccc2[nH]c(-c3cscn3->[Ni@SP3+2]3(<-n4cscc4-c4nc5ccccc5[n-]->34)<-[n-]3c(-c4cscn4)nc4ccccc43)nc2c1,C30 H19 N9 Ni1 S3,0.0,c1ccc2c(c1)nc1-c3cscn3->[Ni+2]34(<-n5cscc5-c5[nH]c6ccccc6n->35)(<-n3cscc3-c3nc5ccccc5[n-]->43)<-[n-]12,c1ccc2c(c1)nc1-c3cscn3->[Ni+2]34(<-n5cscc5-c5[nH]c6ccccc6n->35)(<-n3cscc3-c3nc5ccccc5[n-]->43)<-[n-]12,c1ccc2c(c1)nc1-c3cscn3->[Ni+2]34(<-n5cscc5-c5[nH]c6ccccc6n->35)(<-n3cscc3-c3nc5ccccc5[n-]->43)<-[n-]12
HAWXAG,FC(F)(F)/C1=C/c2ccccn2->[Pd+2]2(<-[O-]1)<-[O-]/C(=C\c1ccccn->21)C(F)(F)F,C16 H10 F6 N2 O2 Pd1,0.0,FC(F)(F)C1=Cc2ccccn2->[Pd+2]2(<-[O-]1)<-[O-]C(=Cc1ccccn->21)C(F)(F)F,FC(F)(F)C1=Cc2ccccn2->[Pd+2]2(<-[O-]1)<-[O-]C(=Cc1ccccn->21)C(F)(F)F,FC(F)(F)C1=Cc2ccccn2->[Pd+2]2(<-[O-]1)<-[O-]C(=Cc1ccccn->21)C(F)(F)F
HAXQOP,c1ccc(-c2cccc3CN4Cc5cccc(-c6ccccc6)n5->[Ag+](<-n32)<-n2c(C4)cccc2-c2ccccc2)cc1,C36 H30 Ag1 N4 1+,1.0,c1ccc(-c2cccc3CN45Cc6cccc(-c7ccccc7)n6->[Ag+]<-4(<-n32)<-n2c(C5)cccc2-c2ccccc2)cc1,c1ccc(-c2cccc3CN45Cc6cccc(-c7ccccc7)n6->[Ag+]<-4(<-n32)<-n2c(C5)cccc2-c2ccccc2)cc1,c1ccc(-c2cccc3CN4Cc5cccc(-c6ccccc6)n5->[Ag+](<-n32)<-n2c(C4)cccc2-c2ccccc2)cc1
HAYLOI,,C12 H25 N3 Ni1 S2,0.0,CC1C[S-]->[Ni+4]234<-[S-]CC(C)[N-]->2CCCN->3CCC[N-]->41,CC1C[S-]->[Ni+2]234<-[S-]CC(C)=N->2CCCN->3CCCN->4=1,CC1C[S-]->[Ni+2]234<-[S-]CC(C)=N->2CCCN->3CCCN->4=1
HAZSEG,,C14 H12 N2 Ni1 O10,0.0,O=C(O)c1cccn2->[Ni+2]3(<-O)(<-O)(<-[O-]C(=O)c12)<-[O-]C(=O)c1c(C(=O)O)cccn->31,O=C(O)c1cccn2->[Ni+2]3(<-O)(<-O)(<-[O-]C(=O)c12)<-[O-]C(=O)c1c(C(=O)O)cccn->31,O.O.O=C(O)c1cccn2->[Ni+2]3(<-[O-]C(=O)c12)<-[O-]C(=O)c1c(C(=O)O)cccn->31
HECHAA,CC(C)(C)C1=CC23=O->[Fe+2]<-24567(<-O=C->43C(C(C)(C)C)=C1)<-n1ccccc1S[C-]->5(Sc1ccccn->61)Sc1ccccn->71,C30 H32 Fe1 N3 O2 S3 1+,1.0,fail,CC(C)(C)c1cc2[O-]->[Fe+4]345(<-[O-]c2c(C(C)(C)C)c1)<-n1ccccc1S[C-]->3(Sc1ccccn->41)Sc1ccccn->51,CC(C)(C)c1cc2[O-]->[Fe+4]345(<-[O-]c2c(C(C)(C)C)c1)<-n1ccccc1S[C-]->3(Sc1ccccn->41)Sc1ccccn->51
HECVUI,Clc1ccc(CCN23->[Cu+]<-n4ccccc4CCN(CCC2)CCC3)cc1,C21 H28 Cl1 Cu1 N3 1+,1.0,Clc1ccc(CCN23->[Cu+]4<-n5ccccc5CCN->4(CCC2)CCC3)cc1,Clc1ccc(CCN23->[Cu+]4<-n5ccccc5CCN->4(CCC2)CCC3)cc1,Clc1ccc(CCN23->[Cu+]4<-n5ccccc5CCN->4(CCC2)CCC3)cc1
HEDGEE,CC(C)P1(CCP(C(C)C)(C(C)C)->[Pt@TB3]<-12<-C(c1ccccc1)#C->2C(C)(C)C)C(C)C,C26 H46 P2 Pt1,0.0,CC(C)P1(CCP(C(C)C)(C(C)C)->[Pt]<-12<-C(c1ccccc1)#C->2C(C)(C)C)C(C)C,CC(C)P1(CCP(C(C)C)(C(C)C)->[Pt]<-12<-C(c1ccccc1)#C->2C(C)(C)C)C(C)C,CC(C)P1(CCP(C(C)C)(C(C)C)->[Pt]<-12<-C(c1ccccc1)#C->2C(C)(C)C)C(C)C
HEDSOB,,C19 H28 Cl1 F6 O1 P1 Ru1,0.0,CC1#C(C(O)(C(F)(F)F)C(F)(F)F)->[Ru+2]<-12345(<-[Cl-])(<-c1(C)c->2(C)c->3(C)[c-]->4(C)c->51C)<-P(C)(C)C,CC1#C(C(O)(C(F)(F)F)C(F)(F)F)->[Ru+2]<-12345(<-[Cl-])(<-c1(C)c->2(C)c->3(C)[c-]->4(C)c->51C)<-P(C)(C)C,CC1#C(C(O)(C(F)(F)F)C(F)(F)F)->[Ru+2]<-12345(<-[Cl-])(<-c1(C)c->2(C)c->3(C)[c-]->4(C)c->51C)<-P(C)(C)C
HEFFIJ,CCCCc1cc(-c2ccccc2)n2->[Ni+2]3(<-[Br-])(<-[Br-])<-N(c4c(C(C)C)cccc4C(C)C)=C->3(c3ccccc3)c2c1,C34 H38 Br2 N2 Ni1,0.0,CCCCc1cc2C(c3ccccc3)=N(c3c(C(C)C)cccc3C(C)C)->[Ni+2](<-[Br-])(<-[Br-])<-n2c(-c2ccccc2)c1,CCCCc1cc2C(c3ccccc3)=N(c3c(C(C)C)cccc3C(C)C)->[Ni+2](<-[Br-])(<-[Br-])<-n2c(-c2ccccc2)c1,CCCCc1cc2C(c3ccccc3)=N(c3c(C(C)C)cccc3C(C)C)->[Ni+2](<-[Br-])(<-[Br-])<-n2c(-c2ccccc2)c1
HEFQUE,CN(C)C1/N=C(/N)[NH-]->[Au+3](<-[Cl-])(<-[Cl-])<-N=1,C4 H10 Au1 Cl2 N5,0.0,CN(C)C1[N]C(N)=N->[Au+2](<-[Cl-])(<-[Cl-])<-N=1,CN(C)C1N=C(N)[NH-]->[Au+3](<-[Cl-])(<-[Cl-])<-N=1,CN(C)C1N=C(N)[NH-]->[Au+3](<-[Cl-])(<-[Cl-])<-N=1
HEGZEA,N#C[S-]->[Pd@TB15+2]12(<-[c-]3ccccc3/C=N->1/c1ccccc1)<-[P@TB6](CCC[P@TB12]->2(c1ccccc1)c1ccccc1)(c1ccccc1)c1ccccc1,C41 H36 N2 P2 Pd1 S1,0.0,N#C[S-]->[Pd+2]1(<-[c-]2ccccc2C=Nc2ccccc2)<-P(CCCP->1(c1ccccc1)c1ccccc1)(c1ccccc1)c1ccccc1,N#C[S-]->[Pd+2]1(<-[c-]2ccccc2C=Nc2ccccc2)<-P(CCCP->1(c1ccccc1)c1ccccc1)(c1ccccc1)c1ccccc1,N#C1[S-]->[Pd+2]<-12(<-[c-]1ccccc1C=Nc1ccccc1)<-P(CCCP->2(c1ccccc1)c1ccccc1)(c1ccccc1)c1ccccc1
HEJWEA,,C35 H39 Cl2 N3 Ru1,0.0,Cc1cc(C)c(N2CCN(c3c(C)cc(C)cc3C)[C]2->[Ru+4]2(<-[Cl-])(<-[Cl-])<-[CH-2]c3ccccc3N->2(C)c2ccccc2)c(C)c1,Cc1cc(C)c(N2CCN(c3c(C)cc(C)cc3C)[C]2->[Ru+2]2(<-[Cl-])(<-[Cl-])<-[CH]c3ccccc3N->2(C)c2ccccc2)c(C)c1,Cc1cc(C)c(N2CCN(c3c(C)cc(C)cc3C)[C]2->[Ru+2]2(<-[Cl-])(<-[Cl-])<-[CH]c3ccccc3N->2(C)c2ccccc2)c(C)c1
HEKFEL,,C26 H20 N2 Ni1 S2,0.0,C1=CC2=S->[Ni]34<-S=C5C=CC=CC5=N->3C(c3ccccc3)C(c3ccccc3)N->4=C2C=C1,C1=CC2=S->[Ni+2]34<-[S-]c5ccccc5[N-]->3C(c3ccccc3)C(c3ccccc3)N->4=C2C=C1,C1=CC2=S->[Ni+2]34<-[S-]c5ccccc5[N-]->3C(c3ccccc3)C(c3ccccc3)N->4=C2C=C1
HELZOQ,,C32 H36 Cd1 N4 O7,0.0,fail,Cc1cc(C)c(C2=O->[Cd+2]3(<-O)(<-O=C([O-]->3)c3c(C)cc(C)cc3C)(<-[O-]2)(<-n2cccc(C(N)=O)c2)<-n2cccc(C(N)=O)c2)c(C)c1,Cc1cc(C)c(C23->[Cd+2]45(<-n6cccc(C(N)=O)c6)(<-n6cccc(C(N)=O)c6)(<-O=2)(<-O=C->4(c2c(C)cc(C)cc2C)[O-]->5)<-[O-]3)c(C)c1.O
HEPGIT,CCS#C(N(C)C)->[Pt+2]1(<-[S-]C(=O)[S-]->1)<-P(c1ccccc1)(c1ccccc1)c1ccccc1,C24 H26 N1 O1 P1 Pt1 S3,0.0,CC[S]=[C](N(C)C)->[Pt+2]1(<-[S-]C(=O)[S-]->1)<-P(c1ccccc1)(c1ccccc1)c1ccccc1,CCS#C(N(C)C)->[Pt+2]1(<-[S-]C(=O)[S-]->1)<-P(c1ccccc1)(c1ccccc1)c1ccccc1,CCS#C(N(C)C)->[Pt+2]1(<-[S-]C(=O)[S-]->1)<-P(c1ccccc1)(c1ccccc1)c1ccccc1
HEQCAI,O=[N+]1[O-]->[La+3]23(<-[O-]1)(<-[O-][N+](=O)[O-]->2)(<-[O-][N+](=O)[O-]->3)(<-O1CCCC1)(<-O1CCCC1)(<-O1CCCC1)<-O1CCCC1,C16 H32 La1 N3 O13,0.0,O=[N+]1[O-]->[La+3]23(<-[O-]1)(<-[O-][N+](=O)[O-]->2)(<-[O-][N+](=O)[O-]->3)(<-O1CCCC1)(<-O1CCCC1)(<-O1CCCC1)<-O1CCCC1,ON12->[La]3456(<-O7CCCC7)(<-O7CCCC7)(<-O7CCCC7)(<-O7CCCC7)(<-N(O)(O3)O4)(<-N(O)(O5)O6)(O1)O2,ON12->[La]3456(<-O7CCCC7)(<-O7CCCC7)(<-O7CCCC7)(<-O7CCCC7)(<-N(O)(O3)O4)(<-N(O)(O5)O6)(O1)O2
HERREB,,C10 H11 I1 N2 O8 Ru1,0.0,[O-2]->[Ru+6]12(<-[O-2])(<-[O-][I+]([O-])(O)(O)(O)[O-]->1)<-n1ccccc1-c1ccccn->21,[O-2]->[Ru+12]1(<-[O-2])(<-[O-2])(<-[O-2])<-n2ccccc2-c2ccccn->12.[O-]I.[OH-].[OH-].[OH-],[O-2]->[Ru+12]1(<-[O-2])(<-[O-2])(<-[O-2])<-n2ccccc2-c2ccccn->12.[O-]I.[OH-].[OH-].[OH-]
HESPUQ,,C20 H37 N2 Ta1,0.0,CC(C)N1C2=C3N(C(C)C)->[Ta+3]<-2<-3<-14567(<-[CH3-])(<-[CH3-])<-c1(C)c->4(C)c->5(C)[c-]->6(C)c->71C,CC(C)N1=CC=N(C(C)C)->[Ta+3]<-12345(<-[CH3-])(<-[CH3-])<-c1(C)c->2(C)c->3(C)[c-]->4(C)c->51C,Cc1c(C)c(C)[c-](C)(->[Ta+3]2(<-[CH3-])(<-[CH3-])<-N(=CC=N->2C(C)C)C(C)C)c1C
HETNID,CN(C)/C1[O-]->[Mn+]23(<-[C-]#[O+])(<-[C-]#[O+])(<-[C-]#[O+])<-C=1/C->2=C->3/Cc1ccccc1,C16 H16 Mn1 N1 O4,0.0,fail,CN(C)C12[O-]->[Mn+]<-134(<-[C-]#[O+])(<-[C-]#[O+])(<-[C-]#[O+])<-C(Cc1ccccc1)=C->3C->4=2,CN(C)C12[O-]->[Mn+]<-134(<-[C-]#[O+])(<-[C-]#[O+])(<-[C-]#[O+])<-C(Cc1ccccc1)=C->3C->4=2
HEVWIR,Cc1cc(C)c(-c2cc(C(C)(C)C)cc3-c45->[Ni+2]6789(<-[S-]c23)(<-c(c->6(C)c->7c->84C)c->95C)<-P(C)(C)C)c(C)c1,C31 H42 Ni1 P1 S1 1+,1.0,Cc1cc(C)c(-c2cc(C(C)(C)C)cc3-c45->[Ni+2]6789(<-[S-]c23)(<-c(c->6(C)c->7c->84C)c->95C)<-P(C)(C)C)c(C)c1,Cc1cc(C)c(-c2cc(C(C)(C)C)cc3-c45->[Ni+2]6789(<-[S-]c23)(<-c(c->6(C)c->7c->84C)c->95C)<-P(C)(C)C)c(C)c1,Cc1cc(C)c(-c2cc(C(C)(C)C)cc3-c45->[Ni+2]678(<-[S-]c23)(<-c(c(C)c->6c->74C)c->85C)<-P(C)(C)C)c(C)c1
HEXFOG,,C29 H33 N3 P2 Ru1,0.0,c1ccc(P(c2ccccc2)(c2ccccc2)->[RuH+]2345(<-c6c->2c->3[cH-]->4c->56)<-P23CN4CN(CN(C4)C2)C3)cc1,c1ccc(P(c2ccccc2)(c2ccccc2)->[RuH+]2345(<-c6c->2c->3[cH-]->4c->56)<-P23CN4CN(CN(C4)C2)C3)cc1,c1ccc(P(c2ccccc2)(c2ccccc2)->[RuH+]2345(<-c6c->2c->3[cH-]->4c->56)<-P23CN4CN(CN(C4)C2)C3)cc1
HEYJAY,,C24 H20 Co1 F2 P1,0.0,F[C-2](F)->[Co+3]1234(<-c5c->1c->2[cH-]->3c->45)<-P(c1ccccc1)(c1ccccc1)c1ccccc1,F[C](F)->[Co+]1234(<-c5c->1c->2[cH-]->3c->45)<-P(c1ccccc1)(c1ccccc1)c1ccccc1,F[C](F)->[Co+]1234(<-c5c->1c->2[cH-]->3c->45)<-P(c1ccccc1)(c1ccccc1)c1ccccc1
HEYZES,[O+]#[C-]->[W](<-[C-]#[O+])(<-[C-]#[O+])(<-[C-]#[O+])(<-[C-]#[O+])<-P1(=P(c2ccccc2)(c2ccccc2)c2ccccc2)=C(c2ccccc2)[C+]1c1ccccc1,C37 H25 O5 P2 W1 1+,1.0,[O+]#[C-]->[W+](<-[C-]#[O+])(<-[C-]#[O+])(<-[C-]#[O+])(<-[C-]#[O+])<-P1([P](c2ccccc2)(c2ccccc2)c2ccccc2)C(c2ccccc2)=C1c1ccccc1,[O+]#[C-]->[W+2](<-[C-]#[O+])(<-[C-]#[O+])(<-[C-]#[O+])(<-[C-]#[O+])<-[PH]1(=P(c2ccccc2)(c2ccccc2)c2ccccc2)C(c2ccccc2)=C1c1ccccc1,[O+]#[C-]->[W+2](<-[C-]#[O+])(<-[C-]#[O+])(<-[C-]#[O+])(<-[C-]#[O+])<-[PH]1(=P(c2ccccc2)(c2ccccc2)c2ccccc2)C(c2ccccc2)=C1c1ccccc1
HEZVEQ,Cc1cc(C)c(N2CCN(c3c(C)cc(C)cc3C)[C]2->[Ru+4]2(<-[Cl-])(<-[Cl-])<-[CH-]=C3C=C[CH-]C=C3O->2C2CCCCCC2)c(C)c1,C35 H44 Cl2 N2 O1 Ru1,0.0,Cc1cc(C)c(N2CCN(c3c(C)cc(C)cc3C)[C]2->[Ru+4]2(<-[Cl-])(<-[Cl-])<-[CH-2]c3ccccc3O->2C2CCCCCC2)c(C)c1,Cc1cc(C)c(N2CCN(c3c(C)cc(C)cc3C)[C]2->[Ru+2]2(<-[Cl-])(<-[Cl-])<-[CH]c3ccccc3O->2C2CCCCCC2)c(C)c1,Cc1cc(C)c(N2CCN(c3c(C)cc(C)cc3C)[C]2->[Ru+2]2(<-[Cl-])(<-[Cl-])<-[CH]c3ccccc3O->2C2CCCCCC2)c(C)c1
HIBVOE,,C26 H30 N6 O6 Zn1,0.0,CCC1(CC)C(=O)NC(=O)[N-](->[Zn+2]2(<-n3ccccc3-c3ccccn->23)<-[N-]2C(=O)NC(=O)C(CC)(CC)C2=O)C1=O,CCC1(CC)C(=O)NC(=O)[N-](->[Zn+2]2(<-n3ccccc3-c3ccccn->23)<-[N-]2C(=O)NC(=O)C(CC)(CC)C2=O)C1=O,CCC1(CC)C(=O)NC2[O-]->[Zn+2]34(<-[O-]C5=N->3C(=O)NC(=O)C5(CC)CC)(<-N=2C1=O)<-n1ccccc1-c1ccccn->41
HICQAO,[Cl-]->[Pt@OH8+2]12<-N=C(/N=C3/C(c4ccccc4)=C(c4ccccc4)/C(=N/C(=N->1)c1ccccc1)[N-]->23)c1ccccc1,C30 H22 Cl1 N5 Pt1,0.0,[Cl-]->[Pt+2]12<-N=C(N=C3C(c4ccccc4)=C(c4ccccc4)C(N=C([NH-]->1)c1ccccc1)=N->23)c1ccccc1,[Cl-]->[Pt+2]12<-N=C(N=C3C(c4ccccc4)=C(c4ccccc4)C(=NC(=N->1)c1ccccc1)[N-]->23)c1ccccc1,[Cl-]->[Pt+2]12<-N=C(N=C3C(c4ccccc4)=C(c4ccccc4)C(=NC(=N->1)c1ccccc1)[N-]->23)c1ccccc1
HIDKEL,CC1=O->[Rh+3]2(<-[I-])(<-[I-])(<-[O-]1)<-[C]1N(Cc3ccccc3)C=CN1CN1C=CN(Cc3ccccc3)[C]->21,C23 H23 I2 N4 O2 Rh1,0.0,fail,CC12=O->[Rh+3]<-13(<-[I-])(<-[I-])(<-[O-]2)<-[C]1N(Cc2ccccc2)C=CN1CN1C=CN(Cc2ccccc2)[C]->31,CC12=O->[Rh+3]<-13(<-[I-])(<-[I-])(<-[O-]2)<-[C]1N(Cc2ccccc2)C=CN1CN1C=CN(Cc2ccccc2)[C]->31
HIFJUB,,C29 H35 Cl2 N1 O2 P2 Pt1,0.0,CCP(CC)(CC)->[Pt+2](<-[Cl-])(<-[Cl-])<-p1(NC(C)C)oc2ccc3ccccc3c2c2c(ccc3ccccc32)o1,CCP(CC)(CC)->[Pt+2](<-[Cl-])(<-[Cl-])<-p1(NC(C)C)oc2ccc3ccccc3c2c2c(ccc3ccccc32)o1,CCP(CC)(CC)->[Pt+2](<-[Cl-])(<-[Cl-])<-p1(NC(C)C)oc2ccc3ccccc3c2c2c(ccc3ccccc32)o1
HIGGOW,,C31 H38 Cl2 N2 O1 Ru1,0.0,CCCO1c2ccccc2[CH-2]->[Ru+4]<-1(<-[Cl-])(<-[Cl-])<-[C]1N(c2c(C)cc(C)cc2C)CCN1c1c(C)cc(C)cc1C,CCCO1c2ccccc2[CH]->[Ru+2]<-1(<-[Cl-])(<-[Cl-])<-[C]1N(c2c(C)cc(C)cc2C)CCN1c1c(C)cc(C)cc1C,CCCO1c2ccccc2[CH]->[Ru+2]<-1(<-[Cl-])(<-[Cl-])<-[C]1N(c2c(C)cc(C)cc2C)CCN1c1c(C)cc(C)cc1C
HIGQIX,COc1cccc(OC)[c-]1->[V+3]12345<-N6=C(C)\C=C(\C)[N-]->1c->21ccccc->31/N->4=C(C)/C=C(/C)[N-]->5c1ccccc1\6,C30 H31 N4 O2 V1,0.0,COc1cccc(OC)[c-]1->[V+3]123<-N4=C(C)C=C(C)[N-]->1c1ccccc1N->2=C(C)C=C(C)[N-]->3c1ccccc14,COc1cccc(OC)[c-]1->[V+5]123<-n4c(C)cc(C)[n-]->1c1ccccc1[n-]->2c(C)c[c-](C)[n-]->3c1ccccc14,COc1cccc(OC)[c-]1->[V+5]123<-n4c(C)cc(C)[n-]->1c1ccccc1[n-]->2c(C)c[c-](C)[n-]->3c1ccccc14
HIJMIW,NC(N)=S->[Re+](<-[C-]#[O+])(<-[C-]#[O+])(<-[C-]#[O+])(<-S=C(N)N)<-S=C(N)N,C6 H12 N6 O3 Re1 S3 1+,1.0,NC(N)=S->[Re+](<-[C-]#[O+])(<-[C-]#[O+])(<-[C-]#[O+])(<-S=C(N)N)<-S=C(N)N,NC(N)=S->[Re+](<-[C-]#[O+])(<-[C-]#[O+])(<-[C-]#[O+])(<-S=C(N)N)<-S=C(N)N,NC(N)=S->[Re+](<-[C-]#[O+])(<-[C-]#[O+])(<-[C-]#[O+])(<-S=C(N)N)<-S=C(N)N
HIJSEY,O=Cc1ccccn1->[Zn+2](<-[I-])(<-[I-])<-n1ccccc1C=O,C12 H10 I2 N2 O2 Zn1,0.0,[I-]->[Zn+2]12(<-[I-])(<-O=Cc3ccccn->13)<-O=Cc1ccccn->21,O=Cc1ccccn1->[Zn+2](<-[I-])(<-[I-])<-n1ccccc1C=O,O=Cc1ccccn1->[Zn+2](<-[I-])(<-[I-])<-n1ccccc1C=O
HIJWEF,CN(C)CCC/N1=C/c2cc(Cl)cc(Cl)c2[O-]->[Ni+2]<-12<-[O-]c1c(Cl)cc(Cl)cc1/C=N->2/CCCN(C)C,C24 H30 Cl4 N4 Ni1 O2,0.0,CN1(C)CCCN2=Cc3cc(Cl)cc(Cl)c3[O-]->[Ni+2]<-2<-134<-[O-]c1c(Cl)cc(Cl)cc1C=N->3CCCN->4(C)C,CN1(C)CCCN2=Cc3cc(Cl)cc(Cl)c3[O-]->[Ni+2]<-2<-134<-[O-]c1c(Cl)cc(Cl)cc1C=N->3CCCN->4(C)C,CN(C)CCCN1=Cc2cc(Cl)cc(Cl)c2[O-]->[Ni+2]<-12<-[O-]c1c(Cl)cc(Cl)cc1C=N->2CCCN(C)C
HIKPUP,,C26 H36 Fe1 N4 O2,0.0,CC(C)c1cccc(C(C)C)c1N1=CC=N(c2c(C(C)C)cccc2C(C)C)->[Fe+2]<-1(<-[N-]=O)<-[N-]=O,CC(C)c1cccc(C(C)C)c1N1=CC=N(c2c(C(C)C)cccc2C(C)C)->[Fe+2]<-1(<-[N-]=O)<-[N-]=O,CC(C)c1cccc(C(C)C)c1N1=CC=N(c2c(C(C)C)cccc2C(C)C)->[Fe+2]<-1(<-[N-]=O)<-[N-]=O
HILZAE,,C35 H39 N1 O2 Si1 W1,0.0,Cc1ccc([Si](c2ccc(C)cc2)(c2ccc(C)cc2)N2=C(C)->[W+]<-23456(<-[C-]#[O+])(<-[C-]#[O+])<-c2(C)c->3(C)c->4(C)[c-]->5(C)c->62C)cc1,Cc1ccc([Si](c2ccc(C)cc2)(c2ccc(C)cc2)N2=[C-](C)->[W+2]<-23456(<-[C-]#[O+])(<-[C-]#[O+])<-c2(C)c->3(C)c->4(C)[c-]->5(C)c->62C)cc1,Cc1ccc([Si](c2ccc(C)cc2)(c2ccc(C)cc2)N2=[C-](C)->[W+2]<-23456(<-[C-]#[O+])(<-[C-]#[O+])<-c2(C)c->3(C)c->4(C)[c-]->5(C)c->62C)cc1
HIMRIE,CCN(CC)/C1=C2/C3=C(\C=N(\S(=O)(=O)C(F)(F)F)->[Fe+2]<-3<-2<-1(<-[C-]#[O+])(<-[C-]#[O+])<-[C-]#[O+])C1C=CN(S([O-])([O-])C(F)(F)F)C=C1,C19 H19 F6 Fe1 N3 O7 S2,0.0,fail,CCN(C=C1C2=C(C=N(S(=O)(=O)C(F)(F)F)->[Fe]<-1<-2(<-[C-]#[O+])(<-[C-]#[O+])<-[C-]#[O+])C1C=CN(S(=O)(=O)C(F)(F)F)C=C1)CC,CCN(C=C1C2=C(C=N(S(=O)(=O)C(F)(F)F)->[Fe]<-1<-2(<-[C-]#[O+])(<-[C-]#[O+])<-[C-]#[O+])C1C=CN(S(=O)(=O)C(F)(F)F)C=C1)CC
HINJIA,CCCCN(CCCC)/C1[O-]->[Mo+6]2(<-[O-2])(<-[O-2])(<-O=C3C=CC=C\C=13)<-O=C1C=CC=C/C1=C(\[O-]->2)N(CCCC)CCCC,C30 H44 Mo1 N2 O6,0.0,CCCCN(CCCC)C1=O->[Mo+6]2(<-[O-2])(<-[O-2])(<-O=C(c3ccccc3[O-]->2)N(CCCC)CCCC)<-[O-]c2ccccc21,CCCCN(CCCC)C1[O-]->[Mo+6]2(<-[O-2])(<-[O-2])(<-O=C3C=CC=CC=13)<-O=C1C=CC=CC1=C([O-]->2)N(CCCC)CCCC,CCCCN(CCCC)C1[O-]->[Mo+6]2(<-[O-2])(<-[O-2])(<-O=C3C=CC=CC=13)<-O=C1C=CC=CC1=C([O-]->2)N(CCCC)CCCC
HINWUW,ClC1=C(Cl)C(Cl)=C(Cl)C23=O->[Cu+]<-24(<-O=C13)<-N1(Cc2ccccc2)CCN(Cc2ccccc2)CCN->4(Cc2ccccc2)CC1,C33 H33 Cl4 Cu1 N3 O2 1+,1.0,fail,Clc1c(Cl)c(Cl)c2[O-]->[Cu+3]34(<-[O-]c2c1Cl)<-N1(Cc2ccccc2)CCN->3(Cc2ccccc2)CCN->4(Cc2ccccc2)CC1,Clc1c(Cl)c(Cl)c2[O-]->[Cu+3]34(<-[O-]c2c1Cl)<-N1(Cc2ccccc2)CCN->3(Cc2ccccc2)CCN->4(Cc2ccccc2)CC1
HIPLAV,CC(C)[P+]1(/C=C2/C=Cc3cccc4->[Fe+2]56(<-[S-]1)(<-[S-][P+](/C=C1/C=Cc7cccc->5c7[N-]->61)(C(C)C)C(C)C)<-[N-]2c34)C(C)C,C32 H42 Fe1 N2 P2 S2,0.0,CC(C)P1(=Cc2ccc3ccccc3n2->[Fe+2]2(<-[S-]1)<-[S-]P(=Cc1ccc3ccccc3n->21)(C(C)C)C(C)C)C(C)C,CC(C)[P+]1(C=C2C=Cc3ccccc3[N-]2->[Fe+2]2(<-[S-]1)<-[S-][P+](C=C1C=Cc3ccccc3[N-]->21)(C(C)C)C(C)C)C(C)C,CC(C)[P+]1(C=C2C=Cc3ccccc3[N-]2->[Fe+2]2(<-[S-]1)<-[S-][P+](C=C1C=Cc3ccccc3[N-]->21)(C(C)C)C(C)C)C(C)C
HIQFUI,CCOP1(OCC)=S->[Pd@@+2](<-[Cl-])(<-[S-]1)<-P(c1ccccc1)(c1ccccc1)c1ccccc1,C22 H25 Cl1 O2 P2 Pd1 S2,0.0,CCO[P]1(OCC)[S-]->[Pd+3](<-[Cl-])(<-[S-]1)<-P(c1ccccc1)(c1ccccc1)c1ccccc1,CCOP1(OCC)=S->[Pd+2](<-[Cl-])(<-[S-]1)<-P(c1ccccc1)(c1ccccc1)c1ccccc1,CCOP12(OCC)=S->[Pd+2]<-1(<-[Cl-])(<-[S-]2)<-P(c1ccccc1)(c1ccccc1)c1ccccc1
HIQWUA,NNC(=O->[Cd+2](<-[Cl-])(<-[Cl-])<-O=C(NN)c1ccccn1)c1ccccn1,C12 H14 Cd1 Cl2 N6 O2,0.0,[Cl-]->[Cd+2]12(<-[Cl-])(<-NNC(=O->1)c1ccccn1)<-NNC(=O->2)c1ccccn1,[Cl-]->[Cd+2]12(<-[Cl-])(<-NNC(=O->1)c1ccccn1)<-NNC(=O->2)c1ccccn1,NNC(=O->[Cd+2](<-[Cl-])(<-[Cl-])<-O=C(NN)c1ccccn1)c1ccccn1
HISJIC,C=c1c(=C)c2->[Ta+3]345678(<-[Cl-])(<-[Cl-])(<-c1c->3c->42)<-c1(C)c->5(C)c->6(C)[c-]->7(C)c->81C,C18 H23 Cl2 Ta1,0.0,Cc12->[Ta+5]3456(<-[Cl-])(<-[Cl-])(<-[CH2-]c7ccccc7[CH2-]->3)<-c1(C)c->4(C)[c-]->5(C)c->62C,Cc12->[Ta+3]345678(<-[Cl-])(<-[Cl-])(<-C=c->39ccccc->49=C->5)<-c1(C)c->6(C)[c-]->7(C)c->82C,Cc1c(C)c(C)[c-](C)(->[Ta+3]2(<-[Cl-])(<-[Cl-])<-C=c3ccccc3=C->2)c1C
HISREJ,CCCCP(=[N-]->[Cr+4]12(<-[H]C->1(C)(C)[N-]->2C(C)C)<-[N-](C(C)C)C(C)C)(c1ccccc1)c1ccccc1,C28 H47 Cr1 N3 P1 1+,1.0,CCCCP(c1ccccc1)(c1ccccc1)->[Cr+6](<-[N-3])(<-[N-](C(C)C)C(C)C)<-[N-](C(C)C)C(C)C,CCCCP(c1ccccc1)(c1ccccc1)->[Cr+6](<-[N-3])(<-[N-](C(C)C)C(C)C)<-[N-](C(C)C)C(C)C,CCCCP(=[N-]->[Cr+4](<-[N-](C(C)C)C(C)C)<-[N-](C(C)C)C(C)C)(c1ccccc1)c1ccccc1
HITKAW,O=[S@]1([O-])c2ccccc2P(=[Se]->[Mn+]<-1(<-[C-]#[O+])(<-[C-]#[O+])(<-[C-]#[O+])<-[C-]#[O+])(c1ccccc1)c1ccccc1,C22 H14 Mn1 O6 P1 S1 Se1,0.0,O=[SH]1(=O)c2ccccc2P(=[Se]->[Mn]<-1(<-[C-]#[O+])(<-[C-]#[O+])(<-[C-]#[O+])<-[C-]#[O+])(c1ccccc1)c1ccccc1,O=S1([O-])c2ccccc2P(=[Se]->[Mn+]<-1(<-[C-]#[O+])(<-[C-]#[O+])(<-[C-]#[O+])<-[C-]#[O+])(c1ccccc1)c1ccccc1,O=S1([O-])c2ccccc2P(=[Se]->[Mn+]<-1(<-[C-]#[O+])(<-[C-]#[O+])(<-[C-]#[O+])<-[C-]#[O+])(c1ccccc1)c1ccccc1
HIVZAQ,CC(C)(C)c1ccc(C2=N/C3=C4\C=CC=C[N-]4->[Pt+2]4(<-N3=N2)<-N2=NC(c3ccc(C(C)(C)C)cc3)=N/C2=C2\C=CC=C[N-]->42)cc1,C34 H34 N8 Pt1,0.0,CC(C)(C)c1ccc(-c2nc3-c4ccccn4->[Pt+2]4(<-n5ccccc5-c5nc(-c6ccc(C(C)(C)C)cc6)n[n-]->45)<-[n-]3n2)cc1,CC(C)(C)c1ccc(C2=NC3=C4C=CC=C[N-]4->[Pt+2]4(<-N3=N2)<-N2=NC(c3ccc(C(C)(C)C)cc3)=NC2=C2C=CC=C[N-]->42)cc1,CC(C)(C)c1ccc(C2=NC3=C4C=CC=C[N-]4->[Pt+2]4(<-N3=N2)<-N2=NC(c3ccc(C(C)(C)C)cc3)=NC2=C2C=CC=C[N-]->42)cc1
HIWLUX,Cc1cc(C)c(/N2=C/C=N(/c3c(C)cc(C)cc3C)->[Pt+2]<-2(<-[I-])<-[I-])c(C)c1,C20 H24 I2 N2 Pt1,0.0,Cc1cc(C)c(N2=CC=N(c3c(C)cc(C)cc3C)->[Pt+2]<-2(<-[I-])<-[I-])c(C)c1,Cc1cc(C)c(N2=CC=N(c3c(C)cc(C)cc3C)->[Pt+2]<-2(<-[I-])<-[I-])c(C)c1,Cc1cc(C)c(N2=CC=N(c3c(C)cc(C)cc3C)->[Pt+2]<-2(<-[I-])<-[I-])c(C)c1
HIXGEB,C[N-](C)->[Mo+4]12(<-[O-]c3c(-c4cccc(-c5cccc(C(C)(C)C)c5[O-]->1)[c-]->24)cccc3C(C)(C)C)(<-N(C)C)<-N(C)C,C32 H47 Mo1 N3 O2,0.0,C[N-](C)->[Mo+4]12(<-[O-]c3c(-c4cccc(-c5cccc(C(C)(C)C)c5[O-]->1)[c-]->24)cccc3C(C)(C)C)(<-N(C)C)<-N(C)C,C[N-](C)->[Mo+4]12(<-[O-]c3c(-c4cccc(-c5cccc(C(C)(C)C)c5[O-]->1)[c-]->24)cccc3C(C)(C)C)(<-N(C)C)<-N(C)C,CNC.C[N-](C)->[Mo+4]12(<-N(C)C)<-[O-]c3c(cccc3C(C)(C)C)-c3cccc([c-]->13)-c1cccc(C(C)(C)C)c1[O-]->2
HIYMAE,,C14 H14 Hg1 I3 N4 1-,-1.0,CC(=NN=C(C)c1ccn(->[Hg+2](<-[I-])(<-[I-])<-[I-])cc1)c1ccncc1,CC(=NN=C(C)c1ccn(->[Hg+2](<-[I-])(<-[I-])<-[I-])cc1)c1ccncc1,CC(=NN=C(C)c1ccncc1)c1ccncc1.[I-]->[Hg+2](<-[I-])<-[I-]
HMPEZR,,C20 H44 P4 Zr1,0.0,fail,CP1(C)CCP(C)(C)->[ZrH+]<-123456(<-C1=C->2C->3=C->4[CH-]->5CCC1)<-P(C)(C)CCP->6(C)C,CP1(C)CCP(C)(C)->[ZrH+]<-123456(<-C1=C->2C->3=C->4[CH-]->5CCC1)<-P(C)(C)CCP->6(C)C
HOBPEU,C/C1=N(\c2ccccc2)->[Fe+2]234(<-[Cl-])(<-[Cl-])<-N(=C(/C)c->25cccc->31n->45)/c1c(C)cc(C)cc1C,C24 H25 Cl2 Fe1 N3,0.0,CC1c2cccc3C(C)=N(c4c(C)cc(C)cc4C)->[Fe+2](<-[Cl-])(<-[Cl-])(<-N=1c1ccccc1)<-n23,CC1c2cccc3C(C)=N(c4c(C)cc(C)cc4C)->[Fe+2](<-[Cl-])(<-[Cl-])(<-N=1c1ccccc1)<-n23,CC1c2cccc3C(C)=N(c4c(C)cc(C)cc4C)->[Fe+2](<-[Cl-])(<-[Cl-])(<-N=1c1ccccc1)<-n23
HOBQUL,C/C1c2cccc34/C(C)=N(/c5c(C)cc(Br)cc5C)->[Fe+2]<-3(<-[Br-])(<-[Br-])(<-N=1\c1ccc(C#N)cc1)<-n24,C24 H21 Br3 Fe1 N4,0.0,CC1c2cccc3C(C)=N(c4c(C)cc(Br)cc4C)->[Fe+2](<-[Br-])(<-[Br-])(<-N=1c1ccc(C#N)cc1)<-n23,CC1c2cccc3C(C)=N(c4c(C)cc(Br)cc4C)->[Fe+2](<-[Br-])(<-[Br-])(<-N=1c1ccc(C#N)cc1)<-n23,CC1c2cccc3C(C)=N(c4c(C)cc(Br)cc4C)->[Fe+2](<-[Br-])(<-[Br-])(<-N=1c1ccc(C#N)cc1)<-n23
HOCMAN,CC(/N=[NH+]/C(=S->[Hg+2](<-[Cl-])<-[Cl-])N(C)C)=C1\C=CC=CN1[O-],C10 H14 Cl2 Hg1 N4 O1 S1,0.0,CC(c1cccc[n+]1[O-])=N1NC(=S->[Hg+2]<-1(<-[Cl-])<-[Cl-])N(C)C,CC(N=[NH+][C-]([S-]->[Hg+4](<-[Cl-])<-[Cl-])N(C)C)=C1C=CC=CN1[O-],CC(N=[NH+][C-]([S-]->[Hg+4](<-[Cl-])<-[Cl-])N(C)C)=C1C=CC=CN1[O-]
HOFXUY,,C20 H18 Cu1 N5 O2 1+,1.0,O=C1CN2Cc3[nH]c4ccccc4n3->[Cu+2]<-23(<-[O-]1)<-n1ccccc1-c1ccccn->31,O=C1C[N-]2Cc3[nH]c4ccccc4n3->[Cu+3]<-23(<-[O-]1)<-n1ccccc1-c1ccccn->31,O=C1C[N-]2Cc3[nH]c4ccccc4n3->[Cu+3]<-23(<-[O-]1)<-n1ccccc1-c1ccccn->31
HOGQOJ,CCN(CC)C1=S->[Ni@SP1+2]23<-[S-]/C(=N\N->2=C\C(=N/[N-]->31)c1ccccc1)N(CC)CC,C18 H26 N6 Ni1 S2,0.0,CCN(CC)C1=NN2=CC(c3ccccc3)=N3N=C([S-]->[Ni+2]<-2<-3<-[S-]1)N(CC)CC,CCN(CC)C1N=N2C=C(c3ccccc3)N3=NC(=S->[Ni]<-2<-3<-S=1)N(CC)CC,CCN(CC)C1=N[N-]2C(=CN3=NC(=S->[Ni+2]<-3<-2<-[S-]1)N(CC)CC)c1ccccc1
HOHMUP,COC(=O)C1=C(C(=O)OC)SC2[S-]->[Ni+2]3(<-S=C4C(=S->3)N(Cc3ccccc3)CCN4Cc3ccccc3)<-[S-]C=2S1,C26 H24 N2 Ni1 O4 S6,0.0,COC(=O)C1=C(C(=O)OC)SC2[S-]->[Ni+2]3(<-S=C4C(=S->3)N(Cc3ccccc3)CCN4Cc3ccccc3)<-[S-]C=2S1,COC(=O)c1sc2=S->[Ni]3(<-S=C4C(=S->3)N(Cc3ccccc3)CCN4Cc3ccccc3)<-S=c2sc1C(=O)OC,COC(=O)c1sc2=S->[Ni]3(<-S=C4C(=S->3)N(Cc3ccccc3)CCN4Cc3ccccc3)<-S=c2sc1C(=O)OC
HOJXOU,,C24 H27 B1 Mo1 N6 O2 S1,0.0,fail,Cc1cc(C)n2->[Mo+2]3(<-[C-]#[O+])(<-[C-]#[O+])(<-[C-]#Sc4ccccc4)<-n4c(C)cc(C)n4[BH-](n12)n1c(C)cc(C)n->31,Cc1cc(C)n2->[Mo+2]3(<-[C-]#[O+])(<-[C-]#[O+])(<-[C-]#Sc4ccccc4)<-n4c(C)cc(C)n4[BH-](n12)n1c(C)cc(C)n->31
HOKTEH,CN1(C)CCC2=[C-]3->[Pt@OH15+2]<-1(<-[Cl-])<-N(C)(C)CC[C@H]3c1ccccc12,C17 H25 Cl1 N2 Pt1,0.0,CN1(C)CCC2=[C-]3->[Pt+2]<-1(<-[Cl-])<-N(C)(C)CCC3c1ccccc12,CN1(C)CCC2=[C-]3->[Pt+2]<-1(<-[Cl-])<-N(C)(C)CCC3c1ccccc12,CN1(C)CCC2=[C-]3->[Pt+2]<-1(<-[Cl-])<-N(C)(C)CCC3c1ccccc12
HOLHOH,,C18 H23 Hg1 I2 N3,0.0,CCN1(CC)CCN2=C(c3ccccc3)c3ccccn3->[Hg+2]<-2<-1(<-[I-])<-[I-],CCN(CC)CCN(=C(c1ccccc1)c1ccccn1)->[Hg+2](<-[I-])<-[I-],CCN(CC)CCN=C(c1ccccc1)c1ccccn1.[I-]->[Hg+2]<-[I-]
HOMFIZ,O=C1COc2ccccc2/C=N2/CCC/N3=C/c4ccccc4OCC(=O)[O-]->[Zn+2]<-2<-3<-[O-]1,C21 H20 N2 O6 Zn1,0.0,O=C1CO2c3ccccc3C=N3CCCN4=Cc5ccccc5O5CC(=O)[O-]->[Zn+2]<-3<-4<-2<-5<-[O-]1,O=C1COc2ccccc2C=N2CCCN3=Cc4ccccc4OCC(=O)[O-]->[Zn+2]<-2<-3<-[O-]1,O=C1CO2c3ccccc3C=N3CCCN4=Cc5ccccc5O5CC(=O)[O-]->[Zn+2]<-3<-4<-2<-5<-[O-]1
HONDIZ,CC[N+]1(CC)Cc2nc3ccccc3[n-]2->[Ni+4]2(<-[O-]C)(<-[O-]C)(<-[O-][N+](=O)[O-]->2)<-[n-]2c(C1)nc1ccccc12,C22 H30 N6 Ni1 O5,0.0,CC[N+]1(CC)Cc2nc3ccccc3[n-]2->[Ni+2]2(<-[O-][N+](=O)[O-]->2)(<-OC)(<-OC)<-[n-]2c(C1)nc1ccccc12,CC[N+]1(CC)Cc2nc3ccccc3[n-]2->[Ni+4]2(<-[O-]C)(<-[O-]C)(<-[O-][N+](=O)[O-]->2)<-[n-]2c(C1)nc1ccccc12,CC[N+]1(CC)Cc2nc3ccccc3[n-]2->[Ni+4]23(<-[O-]C)(<-[O-]C)(<-[O-][N+]->2(=O)[O-]->3)<-[n-]2c(C1)nc1ccccc12
HOPFIB,,C10 H20 Cd1 N2 O11,0.0,O=[N+]1[O-]->[Cd+2]23456(<-[O-]1)(<-[O-][N+](=O)[O-]->2)<-O1CCO->3CCO->4CCO->5CCO->6CC1,O=[N+]([O-])[O-]->[Cd+2]1234(<-[O-][N+](=O)[O-]->1)<-O1CCOCCO->2CCO->3CCO->4CC1,C1COCCOCCOCCOCCO1.O=[N+]12->[Cd+2]34(<-[O-]1)(<-[O-]2)<-[O-][N+]->3(=O)[O-]->4
HOPMOO,Cc12->[Zr+2]3456789%10(<-[C-]#[O+])(<-[C-]#[O+])<-c1(C)c->3(C)[c-]->4(P(c1ccccc1)[c-]->51c->6(C)c->7(C)c->8(C)c->91C)c->%102C,C26 H29 O2 P1 Zr1,0.0,Cc12->[Zr+2]3456789%10(<-[C-]#[O+])(<-[C-]#[O+])<-c%11(C)c->3(C)c->4(C)[c-]->5(P(c3ccccc3)c->61c->7(C)[c-]->8(C)c->92C)c->%10%11C,Cc12->[Zr+2]3456789%10(<-[C-]#[O+])(<-[C-]#[O+])<-c1(C)c->3(C)[c-]->4(P(c1ccccc1)[c-]->51c->6(C)c->7(C)c->8(C)c->91C)c->%102C,Cc12->[Zr+2]3456789%10(<-[C-]#[O+])(<-[C-]#[O+])<-c1(C)c->3(C)[c-]->4(P(c1ccccc1)[c-]->51c->6(C)c->7(C)c->8(C)c->91C)c->%102C
HOQBUN,,C22 H16 Cl2 Hg1 N4 O4,0.0,O=C(Oc1ccccc1)c1cn(->[Hg+2](<-[Cl-])(<-[Cl-])<-n2ccnc(C(=O)Oc3ccccc3)c2)ccn1,O=C(Oc1ccccc1)c1cnccn1.O=C(Oc1ccccc1)c1cnccn1.[Cl-]->[Hg+2]<-[Cl-],O=C(Oc1ccccc1)c1cnccn1.O=C(Oc1ccccc1)c1cnccn1.[Cl-]->[Hg+2]<-[Cl-]
HORWAO,C[Si](C)(C)C([Si](C)(C)C)P([O-])(F)->[W](<-[C-]#[O+])(<-[C-]#[O+])(<-[C-]#[O+])(<-[C-]#[O+])<-[C-]#[O+],C12 H19 F1 O6 P1 Si2 W1 1-,-1.0,C[Si](C)(C)C([Si](C)(C)C)[P-](=O)(F)->[W](<-[C-]#[O+])(<-[C-]#[O+])(<-[C-]#[O+])(<-[C-]#[O+])<-[C-]#[O+],C[Si](C)(C)C([Si](C)(C)C)P([O-])(F)->[W](<-[C-]#[O+])(<-[C-]#[O+])(<-[C-]#[O+])(<-[C-]#[O+])<-[C-]#[O+],C[Si](C)(C)C([Si](C)(C)C)P([O-])(F)->[W](<-[C-]#[O+])(<-[C-]#[O+])(<-[C-]#[O+])(<-[C-]#[O+])<-[C-]#[O+]
HOSQAJ,,C12 H10 Br2 Hg1 N4 O1,0.0,[Br-]->[Hg+2]12(<-[Br-])<-O=C(NN->1=Cc1ccccn->21)c1cccnc1,O=C(NN1=Cc2ccccn2->[Hg+2]<-1(<-[Br-])<-[Br-])c1cccnc1,O=C(NN=Cc1ccccn1)c1cccnc1.[Br-]->[Hg+2]<-[Br-]
HOSZAS,CC1(C)CO/C2=C3\C=CC=CC3=S->[Pd@+2](<-[Cl-])(<-[N-]21)<-P(c1ccccc1)(c1ccccc1)c1ccccc1,C29 H27 Cl1 N1 O1 P1 Pd1 S1,0.0,fail,CC1(C)COC2=C3C=CC=CC3=S->[Pd+2](<-[Cl-])(<-[N-]21)<-P(c1ccccc1)(c1ccccc1)c1ccccc1,CC1(C)COC2=C3C=CC=CC3=S->[Pd+2](<-[Cl-])(<-[N-]21)<-P(c1ccccc1)(c1ccccc1)c1ccccc1
HOTXUJ,[Cl-]->[Ru+2]12(<-[Cl-])(<-N(=N\c3ncccn->13)/c1ccccc1)<-N(=N\c1ncccn->21)/c1ccccc1,C20 H16 Cl2 N8 Ru1,0.0,[Cl-]->[Ru+2]12(<-[Cl-])(<-N(=Nc3ncccn->13)c1ccccc1)<-N(=Nc1ncccn->21)c1ccccc1,[Cl-]->[Ru+2]12(<-[Cl-])(<-N(=Nc3ncccn->13)c1ccccc1)<-N(=Nc1ncccn->21)c1ccccc1,[Cl-]->[Ru+2]12(<-[Cl-])(<-N(=Nc3ncccn->13)c1ccccc1)<-N(=Nc1ncccn->21)c1ccccc1
HOVSIU,,C27 H32 B1 Mo1 N7 O2,0.0,CC#N->[Mo+4]123(<-[C-]#[O+])(<-[C-2](c4ccc(C)cc4)[C-]->1=O)<-[n-]1c(C)cc(C)[n+]1[BH-]([n+]1c(C)cc(C)[n-]->21)[n+]1c(C)cc(C)[n-]->31,CC#N->[Mo+2]123(<-[C-]#[O+])(<-[C](c4ccc(C)cc4)[C-]->1=O)<-n1c(C)cc(C)n1[BH-](n1c(C)cc(C)n->21)n1c(C)cc(C)n->31,CC#N->[Mo+2]123(<-[C-]#[O+])(<-[C](c4ccc(C)cc4)[C-]->1=O)<-n1c(C)cc(C)n1[BH-](n1c(C)cc(C)n->21)n1c(C)cc(C)n->31
HOXFIJ,CC12C[c-]34->[Ru+2]567(<-[C-]#N)(<-c(c->5c->63)c->74)(<-P(C1)(c1ccccc1)c1ccccc1)<-P(C2)(c1ccccc1)c1ccccc1,C35 H33 N1 P2 Ru1,0.0,CC12Cc34->[Ru+2]567(<-[C-]#N)(<-c(c->53)[cH-]->6c->74)(<-P(C1)(c1ccccc1)c1ccccc1)<-P(C2)(c1ccccc1)c1ccccc1,CC12C[c-]34->[Ru+2]567(<-[C-]#N)(<-c(c->5c->63)c->74)(<-P(C1)(c1ccccc1)c1ccccc1)<-P(C2)(c1ccccc1)c1ccccc1,CC12C[c-]34->[Ru+2]567(<-[C-]#N)(<-c(c->5c->63)c->74)(<-P(C1)(c1ccccc1)c1ccccc1)<-P(C2)(c1ccccc1)c1ccccc1
HOYFUW,[Cl-]->[Ni+2]12<-[S-]c3ccccc3S->1c1ccccc1[S-]->2,C12 H8 Cl1 Ni1 S3 1-,-1.0,fail,[Cl-]->[Ni]12<-S=C3C=CC=CC3=S->1=C1C=CC=CC1=S->2,[Cl-]->[Ni]12<-S=C3C=CC=CC3=S->1=C1C=CC=CC1=S->2
HOZZON,CO->[Mo+6]123(<-[O-2])(<-[O-][O-]->1)<-[O-]/C(=N\N->2=C(/C)c1ccccc1[O-]->3)c1ccccc1,C16 H16 Mo1 N2 O6,0.0,CO->[Mo+6]123(<-[O-2])(<-[O-][O-]->1)<-[O-]C(=NN->2=C(C)c1ccccc1[O-]->3)c1ccccc1,CO->[Mo+6]123(<-[O-2])(<-[O-][O-]->1)<-[O-]C(=NN->2=C(C)c1ccccc1[O-]->3)c1ccccc1,CO->[Mo+6]123(<-[O-2])(<-[O-][O-]->1)<-[O-]C(=NN->2=C(C)c1ccccc1[O-]->3)c1ccccc1
HUBDAK,,C23 H23 Cl2 Hg1 N3,0.0,CC1c2cccc3C(C)=N(c4ccccc4C)->[Hg+2](<-[Cl-])(<-[Cl-])(<-N=1c1ccccc1C)<-n23,CC1c2cccc3C(C)=N(c4ccccc4C)->[Hg+2](<-[Cl-])(<-[Cl-])(<-N=1c1ccccc1C)<-n23,CC(=Nc1ccccc1C)c1cccc(C(C)=Nc2ccccc2C)n1->[Hg+2](<-[Cl-])<-[Cl-]
HUBMEY,,C12 H10 Hg1 I2 N4 O1,0.0,[I-]->[Hg+2]12(<-[I-])<-O=C(NN->1=Cc1ccccn->21)c1ccccn1,O=C(NN(=Cc1ccccn1)->[Hg+2](<-[I-])<-[I-])c1ccccn1,O=C(NN=Cc1ccccn1)c1ccccn1.[I-]->[Hg+2]<-[I-]
HUCKAS,,C24 H30 N4 O12 Zn1,0.0,Cc1n(CC(=O)[O-])c2ccccc2[n+]1CC(=O)[O-]->[Zn+2](<-O)(<-O)(<-O)(<-O)<-[O-]C(=O)C[n+]1c(C)n(CC(=O)[O-])c2ccccc21,Cc1n(CC(=O)[O-]->[Zn+2](<-O)(<-O)(<-O)(<-O)<-[O-]C(=O)Cn2c(C)[n+](CC(=O)[O-])c3ccccc32)c2ccccc2[n+]1CC(=O)[O-],CC12OC(=O)CN1c1ccccc1N2CC(=O)[O-]->[Zn+2](<-O)(<-O)(<-O)(<-O)<-[O-]C(=O)CN1c2ccccc2N2CC(=O)OC21C
HUFRUX,CC(C)(C)c1cc2-[n+]3cc(C(C)(C)C)[nH][c-]3->[Pd@OH20+2]3(<-[Cl-])<-[c-]4[nH+]c(C(C)(C)C)cn4-c4cc(C(C)(C)C)cc5c(c1)c2n->3[c-]45,C34 H44 Cl1 N5 Pd1,0.0,CC(C)(C)C1=CN2c3cc(C(C)(C)C)cc4c5cc(C(C)(C)C)cc6N7C=C(C(C)(C)C)N[C]7->[Pd+2](<-[Cl-])(<-[C]2N1)<-[n-](c34)c65,CC(C)(C)c1cc2-n3cc(C(C)(C)C)[nH+][c-]3->[Pd+2]3(<-[Cl-])<-[c-]4[nH]c(C(C)(C)C)c[n+]4-c4cc(C(C)(C)C)cc5c(c1)c2[n-]->3c45,CC(C)(C)c1cc2-n3cc(C(C)(C)C)[nH+][c-]3->[Pd+2]3(<-[Cl-])<-[c-]4[nH]c(C(C)(C)C)c[n+]4-c4cc(C(C)(C)C)cc5c(c1)c2[n-]->3c45
HUJKIH,c1ccc2c(c1)CS/C1[S-]->[Co+3]3456(<-[S-]/C=1SC2)<-c1c->3c->4[cH-]->5c->61,C15 H13 Co1 S4,0.0,c1ccc2c(c1)CSC1[S-]->[Co+3]3456(<-[S-]C=1SC2)<-c1c->3c->4[cH-]->5c->61,c1ccc2c(c1)CSC1=S->[Co+]3456(<-S=C1SC2)<-c1c->3c->4[cH-]->5c->61,c1ccc2c(c1)CSC1=S->[Co+]3456(<-S=C1SC2)<-c1c->3c->4[cH-]->5c->61
HUJYUH,CC(C)N1C=CN(CC(=O)NCc2ccccc2)[C]1->[Pd+2](<-[Cl-])(<-[Cl-])<-[C]1N(CC(=O)NCc2ccccc2)C=CN1C(C)C,C30 H38 Cl2 N6 O2 Pd1,0.0,CC(C)N1C=CN(CC(=O)NCc2ccccc2)[C]1->[Pd+2](<-[Cl-])(<-[Cl-])<-[C]1N(CC(=O)NCc2ccccc2)C=CN1C(C)C,CC(C)N1C=CN(CC(=O)NCc2ccccc2)[C]1->[Pd+2](<-[Cl-])(<-[Cl-])<-[C]1N(CC(=O)NCc2ccccc2)C=CN1C(C)C,CC(C)N1C=CN(CC(=O)NCc2ccccc2)[C]1->[Pd+2](<-[Cl-])(<-[Cl-])<-[C]1N(CC(=O)NCc2ccccc2)C=CN1C(C)C
HUMBUO,CC(C)(O)C12->[Ru+2]345678(<-[Cl-])(<-C1(C)=C->3(C)C->4=2C(C)(C)O)<-c1(C)c->5(C)c->6(C)[c-]->7(C)c->81C,C22 H35 Cl1 O2 Ru1,0.0,CC(C)(O)C12->[Ru+2]345678(<-[Cl-])(<-C1(C)=C->3(C)C->4=2C(C)(C)O)<-c1(C)c->5(C)c->6(C)[c-]->7(C)c->81C,CC(C)(O)C12->[Ru+2]345678(<-[Cl-])(<-C1(C)=C->3(C)C->4=2C(C)(C)O)<-c1(C)c->5(C)c->6(C)[c-]->7(C)c->81C,CC(C)(O)C12->[Ru+2]345678(<-[Cl-])(<-C1(C)=C->3(C)C->4=2C(C)(C)O)<-c1(C)c->5(C)c->6(C)[c-]->7(C)c->81C
HUNHEF,N#C[S-]->[Au@SP2+]1<-P(c2ccccc2)(c2ccccc2)c2cccc3c2Oc2c(cccc2P->1(c1ccccc1)c1ccccc1)N3,C37 H27 Au1 N2 O1 P2 S1,0.0,N#C[S-]->[Au+]1<-P(c2ccccc2)(c2ccccc2)c2cccc3c2Oc2c(cccc2P->1(c1ccccc1)c1ccccc1)N3,N#C[S-]->[Au+]1<-P(c2ccccc2)(c2ccccc2)c2cccc3c2Oc2c(cccc2P->1(c1ccccc1)c1ccccc1)N3,N#C[S-]->[Au+]1<-P(c2ccccc2)(c2ccccc2)c2cccc3c2Oc2c(cccc2P->1(c1ccccc1)c1ccccc1)N3
HUNWAP,,C18 H23 Cl1 N1 Ru1 Se1 1+,1.0,[Cl-]->[Ru+2]123456(<-c7c->1c->2c->3c->4c->57)<-[Se](CCN->61CCCC1)c1ccccc1,[CH2-]CN1(->[Ru+4]23456(<-[Cl-])(<-[Se-]c7ccccc7)<-c7c->2c->3c->4c->5c->67)CCCC1,[CH2-]CN1(->[Ru+4]23456(<-[Cl-])(<-[Se-]c7ccccc7)<-c7c->2c->3c->4c->5c->67)CCCC1
HUPGOQ,CCC#N->[Ir+3]12345(<-n6c(C)cccc6/N=C6/c7ccccc7/C(=N\c7cccc(C)n7)[N-]->16)<-c1(C)c->2(C)c->3(C)[c-]->4(C)c->51C,C33 H36 Ir1 N6 1+,1.0,CCC#N->[Ir+3]12345(<-n6c(C)cccc6N=C6c7ccccc7C(=Nc7cccc(C)n7)[N-]->16)<-c1(C)c->2(C)c->3(C)[c-]->4(C)c->51C,CCC#N->[Ir+3]12345(<-n6c(C)cccc6N=C6c7ccccc7C(=Nc7cccc(C)n7)[N-]->16)<-c1(C)c->2(C)c->3(C)[c-]->4(C)c->51C,CCC#N->[Ir+3]12345(<-n6c(C)cccc6N=C6c7ccccc7C(=Nc7cccc(C)n7)[N-]->16)<-c1(C)c->2(C)c->3(C)[c-]->4(C)c->51C
HUPNIQ,,C18 H27 N3 O2 W1,0.0,fail,CC1=N(C(C)C)->[W+2]23(<-[C-]#[O+])(<-[C-]#[O+])(<-C=C->2[CH2-]->3)(<-n2ccccc2)<-[N-]1C(C)C,CC1=N(C(C)C)->[W+2]23(<-[C-]#[O+])(<-C=C->2C[C-]->3=O)(<-n2ccccc2)<-[N-]1C(C)C
HUQPIT,,C16 H20 N4 O4 Ru1 1+,1.0,fail,CC1=CC(C)=O->[Ru+4]23(<-O=C(C)C=C(C)[O-]->2)(<-[O-]1)<-N1=CC=NC1=C1NC=C[N-]->31,CC1=CC(C)=O->[Ru+4]23(<-O=C(C)C=C(C)[O-]->2)(<-[O-]1)<-N1=CC=NC1=C1NC=C[N-]->31
HUSTIA,CO->[W+6]123(<-[O-2])(<-[O-][O-]->1)<-[O-]/C(=N\N->2=C(/C)c1ccccc1[O-]->3)c1ccncc1,C15 H15 N3 O6 W1,0.0,CO->[W+6]123(<-[O-2])(<-[O-][O-]->1)<-[O-]C(=NN->2=C(C)c1ccccc1[O-]->3)c1ccncc1,CO->[W+6]123(<-[O-2])(<-[O-][O-]->1)<-[O-]C(=NN->2=C(C)c1ccccc1[O-]->3)c1ccncc1,CO->[W+6]123(<-[O-2])(<-[O-][O-]->1)<-[O-]C(=NN->2=C(C)c1ccccc1[O-]->3)c1ccncc1
HUVQEU,O=[N+]([O-])[O-]->[Cd+2]1(<-[O-][N+](=O)[O-]->1)<-N1CCSCCOCCSCC1,C8 H17 Cd1 N3 O7 S2,0.0,O=[N+]1[O-]->[Cd+2]2345(<-[O-]1)(<-[O-][N+](=O)[O-]->2)<-N1CCS->3CCO->4CCS->5CC1,O=[N+]([O-])[O-]->[Cd+2]123(<-[O-][N+](=O)[O-]->1)<-N1CCS->2CCOCCS->3CC1,O=[N+]12[O-]->[Cd+2]<-13456(<-[O-]2)(<-[O-][N+]->3(=O)[O-]->4)<-N1CCS->5CCOCCS->6CC1
HUWYII,,C33 H34 P2 Pt1 Se2,0.0,c1ccc(P2(CP(c3ccccc3)(c3ccccc3)->[Pt+2]<-23<-[Se-]C2=C([Se-]->3)CCCCCC2)c2ccccc2)cc1,c1ccc(P2(CP(c3ccccc3)(c3ccccc3)->[Pt]<-23<-[Se]=C2CCCCCCC2=[Se]->3)c2ccccc2)cc1,c1ccc(P2(CP(c3ccccc3)(c3ccccc3)->[Pt]<-23<-[Se]=C2CCCCCCC2=[Se]->3)c2ccccc2)cc1
HUXSOK,,C13 H24 Cl1 N2 Rh1,0.0,CN(C)[C](N(C)C)->[Rh+]123(<-[Cl-])<-C4=C->1CCC->2=C->3CC4,CN(C)[C](N(C)C)->[Rh+]123(<-[Cl-])<-C4=C->1CCC->2=C->3CC4,CN(C)[C](N(C)C)->[Rh+]123(<-[Cl-])<-C4=C->1CCC->2=C->3CC4
IBATAJ,S=C=[N-]->[Cd+2](<-[N-]=C=S)(<-n1ccccc1/N=C1\c2ccccc2CN1c1ccccn1)<-n1ccccc1/N=C1\c2ccccc2CN1c1ccccn1,C38 H28 Cd1 N10 S2,0.0,S=C=[N-]->[Cd+2]12(<-[N-]=C=S)(<-n3ccccc3[N-]->1C1=[N+](c3ccccn3)Cc3ccccc31)<-n1ccccc1[N-]->2C1=[N+](c2ccccn2)Cc2ccccc21,S=C=[N-]->[Cd+2](<-[N-]=C=S)(<-n1ccccc1N=C1c2ccccc2CN1c1ccccn1)<-n1ccccc1N=C1c2ccccc2CN1c1ccccn1,S=C=[N-]->[Cd+2](<-[N-]=C=S)(<-n1ccccc1N=C1c2ccccc2CN1c1ccccn1)<-n1ccccc1N=C1c2ccccc2CN1c1ccccn1
IBEXAR,CCCCCCC[C](N1Cc2ccccc2C1)->[Rh@+]12<-[O-]c3cccc4ccc(CP->1(c1ccccc1)c1ccccc1)n->2c34,C38 H40 N2 O1 P1 Rh1,0.0,CCCCCCC[C](N1Cc2ccccc2C1)->[Rh+]12<-[O-]c3cccc4ccc(CP->1(c1ccccc1)c1ccccc1)n->2c34,CCCCCCC[C](N1Cc2ccccc2C1)->[Rh+]12<-[O-]c3cccc4ccc(CP->1(c1ccccc1)c1ccccc1)n->2c34,CCCCCCC[C](N1Cc2ccccc2C1)->[Rh+]12<-[O-]c3cccc4ccc(CP->1(c1ccccc1)c1ccccc1)n->2c34
IBIPAK,,C41 H35 Cl1 O1 Os1 P2 S1,0.0,CC=CC1=S->[Os+]<-1(<-[Cl-])(<-[C-]#[O+])(<-P(c1ccccc1)(c1ccccc1)c1ccccc1)<-P(c1ccccc1)(c1ccccc1)c1ccccc1,CC=C[C]([S-])->[Os+2](<-[Cl-])(<-[C-]#[O+])(<-P(c1ccccc1)(c1ccccc1)c1ccccc1)<-P(c1ccccc1)(c1ccccc1)c1ccccc1,CC=C[C-](=S)->[Os+2](<-[Cl-])(<-[C-]#[O+])(<-P(c1ccccc1)(c1ccccc1)c1ccccc1)<-P(c1ccccc1)(c1ccccc1)c1ccccc1
IBOLOB,Cc1cc(C)n2->[Ni@SP2]34<-n(cccn->3c3ccccc32)c2ccccc2n->41,C20 H18 N4 Ni1,0.0,CC1=CC(C)=N2->[Ni+2]34<-N(=CC=C[N-]->3c3ccccc32)c2ccccc2[N-]->41,Cc1c[c-](C)[n-]2->[Ni+4]34<-n(ccc[n-]->3c3ccccc3[n-]->41)c1ccccc12,Cc1c[c-](C)[n-]2->[Ni+4]34<-n(ccc[n-]->3c3ccccc3[n-]->41)c1ccccc12
IBUWEH,CN1(C)Cc2ccc[n-]2->[W+6]<-1(<-[Cl-])(<-[Cl-])(<-[Cl-])<-[N-2]c1ccccc1,C13 H16 Cl3 N3 W1,0.0,CN1(C)Cc2ccc[n-]2->[W+6]<-1(<-[Cl-])(<-[Cl-])(<-[Cl-])<-[N-2]c1ccccc1,CN1(C)Cc2ccc[n-]2->[W+6]<-1(<-[Cl-])(<-[Cl-])(<-[Cl-])<-[N-2]c1ccccc1,CN1(C)Cc2ccc[n-]2->[W+6]<-1(<-[Cl-])(<-[Cl-])(<-[Cl-])<-[N-2]c1ccccc1
ICAJIH,CC1(C)C2=N3->[Cd@@+2]4(<-[Cl-])<-N5=C(C=C/C5=C(\c5ccccc5)c5ccc([n-]->45)C(C)(C)c4cccc1c4)/C(c1ccccc1)=C\3C=C2,C38 H32 Cd1 Cl1 N3,0.0,CC1(C)C2=N3->[Cd+2]45(<-[Cl-])<-c6c1cccc6C(C)(C)C1=N->4C(=C(c4ccccc4)c4ccc([n-]->54)C(c4ccccc4)=C3C=C2)C=C1,CC1(C)c2cccc(c2)C(C)(C)c2ccc3[n-]2->[Cd+4]2(<-[Cl-])<-[n-]4c(ccc41)C(c1ccccc1)=c1ccc([n-]->21)=C3c1ccccc1,CC1(C)c2cccc(c2)C(C)(C)c2ccc3[n-]2->[Cd+4]2(<-[Cl-])<-[n-]4c(ccc41)C(c1ccccc1)=c1ccc([n-]->21)=C3c1ccccc1
ICAYUG,CS(C)->[Pt+4]1(<-[CH3-])(<-[CH3-])(<-[Br-])<-[c-]2ccccc2/C=N->1/Cc1ccccc1,C18 H24 Br1 N1 Pt1 S1,0.0,CS(C)->[Pt+4]1(<-[CH3-])(<-[CH3-])(<-[Br-])<-[c-]2ccccc2C=N->1Cc1ccccc1,CS(C)->[Pt+4]1(<-[CH3-])(<-[CH3-])(<-[Br-])<-[c-]2ccccc2C=N->1Cc1ccccc1,CS(C)->[Pt+4]1(<-[CH3-])(<-[CH3-])(<-[Br-])<-[c-]2ccccc2C=N->1Cc1ccccc1
ICEGOO,N#C/C1[S-]->[Pd+2]2(<-S=C3C(=S->2)N(Cc2ccccc2)CCN3Cc2ccccc2)<-[S-]\C=1C#N,C22 H18 N4 Pd1 S4,0.0,N#CC1[S-]->[Pd+2]2(<-S=C3C(=S->2)N(Cc2ccccc2)CCN3Cc2ccccc2)<-[S-]C=1C#N,N#CC1[S-]->[Pd+2]2(<-S=C3C(=S->2)N(Cc2ccccc2)CCN3Cc2ccccc2)<-[S-]C=1C#N,N#CC1[S-]->[Pd+2]2(<-S=C3C(=S->2)N(Cc2ccccc2)CCN3Cc2ccccc2)<-[S-]C=1C#N
ICEVAP,,C28 H21 Mo1 O6 P2 1-,-1.0,[O+]#[C-]->[Mo](<-[C-]#[O+])(<-[C-]#[O+])(<-[C-]#[O+])(<-P([O-])(c1ccccc1)c1ccccc1)<-P(O)(c1ccccc1)c1ccccc1,[O+]#[C-]->[Mo](<-[C-]#[O+])(<-[C-]#[O+])(<-[C-]#[O+])(<-P([O-])(c1ccccc1)c1ccccc1)<-P(O)(c1ccccc1)c1ccccc1,[O+]#[C-]->[Mo](<-[C-]#[O+])(<-[C-]#[O+])(<-[C-]#[O+])(<-P([O-])(c1ccccc1)c1ccccc1)<-P(O)(c1ccccc1)c1ccccc1
ICIDON,C/C1c2cccc3/C(C)=N(/c4c(C(C)C)cccc4C(C)C)->[Co+](<-N#N)(<-N=1\c1c(C(C)C)cccc1C(C)C)<-n23,C33 H43 Co1 N5 1+,1.0,CC1c2cccc3C(C)=N(c4c(C(C)C)cccc4C(C)C)->[Co+2](<-[N-]=[N])(<-N=1c1c(C(C)C)cccc1C(C)C)<-n23,CC1c2cccc3C(C)=N(c4c(C(C)C)cccc4C(C)C)->[Co+](<-N#N)(<-N=1c1c(C(C)C)cccc1C(C)C)<-n23,CC1c2cccc3C(C)=N(c4c(C(C)C)cccc4C(C)C)->[Co+](<-N#N)(<-N=1c1c(C(C)C)cccc1C(C)C)<-n23
ICILOX,CC(=O)Nc1ccccc1C1=O->[Zn+2]23(<-[O-]1)(<-n1cccc4ccc5cccn->2c5c41)<-n1cccc2ccc4cccn->3c4c21,C33 H24 N5 O3 Zn1 1+,1.0,fail,CC(=O)Nc1ccccc1C1=O->[Zn+2]23(<-[O-]1)(<-n1cccc4ccc5cccn->2c5c41)<-n1cccc2ccc4cccn->3c4c21,CC(=O)Nc1ccccc1C12=O->[Zn+2]<-134(<-[O-]2)(<-n1cccc2ccc5cccn->3c5c21)<-n1cccc2ccc3cccn->4c3c21
ICIVUL,[O-2]->[Mo+6]12(<-O)(<-[O-][O-]->1)(<-[O-][O-]->2)<-[O-][n+]1ccccc1,C5 H7 Mo1 N1 O7,0.0,[O-2]->[Mo+5]12(<-O)(<-[O-][O-]->1)(<-[O-][O-]->2)<-[O-][n+]1ccccc1,[O-2]->[Mo+6]12(<-O)(<-[O-][O-]->1)(<-[O-][O-]->2)<-[O-][n+]1ccccc1,O.[O-2]->[Mo+6]12(<-[O-][n+]3ccccc3)(<-[O-][O-]->1)<-[O-][O-]->2
ICOKUI,[CH3-]->[Pt+4]12(<-[CH3-])(<-[CH2-]c3ccc(C(=O)O)cc3)<-OC(O)(c3ccccn->13)c1ccccn->21,C21 H23 N2 O4 Pt1 1+,1.0,[CH3-]->[Pt+4]12(<-[CH3-])(<-[CH2-]c3ccc(C(=O)O)cc3)<-OC(O)(c3ccccn->13)c1ccccn->21,[CH3-]->[Pt+4]12(<-[CH3-])(<-[CH2-]c3ccc(C(=O)O)cc3)<-OC(O)(c3ccccn->13)c1ccccn->21,[CH3-]->[Pt+4]12(<-[CH3-])(<-[CH2-]c3ccc(C(=O)O)cc3)<-OC(O)(c3ccccn->13)c1ccccn->21
ICPOMO,,C16 H31 I1 Mo1 O6 P2,0.0,COP1(OC)=O->[Mo+4]2345(<-[I-])(<-[C-2]1CC(C)(C)C)(<-c1c->2c->3[cH-]->4c->51)<-P(OC)(OC)OC,COP1(OC)[O-]->[Mo+4]2345(<-[I-])(<-[C-]=1CC(C)(C)C)(<-c1c->2c->3[cH-]->4c->51)<-P(OC)(OC)OC,COP1(OC)[O-]->[Mo+4]2345(<-[I-])(<-[C-]=1CC(C)(C)C)(<-c1c->2c->3[cH-]->4c->51)<-P(OC)(OC)OC
IDACUL,CCCC[N-]1C(C)(C)/C(C)=N(/[O-])->[Ni@SP3+4]<-12<-N(/O)=C(/C)C(C)(C)[N-]->2CCCC,C18 H39 N4 Ni1 O2 1+,1.0,CCCCN1C(C)(C)C(C)=N([O-])->[Ni+2]<-12<-N(O)=C(C)C(C)(C)N->2CCCC,CCCC[N-]1C(C)(C)C(C)=N([O-])->[Ni+4]<-12<-N(O)=C(C)C(C)(C)[N-]->2CCCC,CCCC[N-]1C(C)(C)C(C)=N([O-])->[Ni+4]<-12<-N(O)=C(C)C(C)(C)[N-]->2CCCC
IDAVEQ,c1ccn2->[Ru+2]34(<-[O-]c2c1)(<-n1ccccc1-c1ccccn->31)<-n1ccccc1-c1ccccn->41,C25 H20 N5 O1 Ru1 1+,1.0,c1ccn2->[Ru+2]34(<-[O-]c2c1)(<-n1ccccc1-c1ccccn->31)<-n1ccccc1-c1ccccn->41,c1ccn2->[Ru+2]34(<-[O-]c2c1)(<-n1ccccc1-c1ccccn->31)<-n1ccccc1-c1ccccn->41,c1ccn2->[Ru+2]34(<-[O-]c2c1)(<-n1ccccc1-c1ccccn->31)<-n1ccccc1-c1ccccn->41
IDIGUA,,C31 H45 N3 Si2 Zn1,0.0,CC(C)c1cccc(C(C)C)c1[N-]1c2cccccc2=N(c2ccccc2)->[Zn+2]<-1<-[N-]([Si](C)(C)C)[Si](C)(C)C,CC(C)c1cccc(C(C)C)c1N1=c2cccccc2[N-](c2ccccc2)->[Zn+2]<-1<-[N-]([Si](C)(C)C)[Si](C)(C)C,CC(C)c1cccc(C(C)C)c1N1=c2cccccc2[N-](c2ccccc2)->[Zn+2]<-1<-[N-]([Si](C)(C)C)[Si](C)(C)C
IDUKEZ,C1=C/C2=C3/N4=N/C(SCc5ccccn5)=S->[Ni+2]<-3<-45(<-[S-]/C(=N\N->5=C\c3ccccn3)SCc3ccccn3)<-[N-]2C=C1,C26 H22 N8 Ni1 S4,0.0,C1c2ccccn2->[Ni+2]234(<-[S-]C(=NN->2=1)SCc1ccccn1)<-[S-]C(=NN->3=Cc1ccccn->41)SCc1ccccn1,C1=CC2=CN3=NC(SCc4ccccn4)=S->[Ni+2]<-345(<-S=C(N=N->4C=C3C=CC=C[N-]->53)SCc3ccccn3)<-[N-]2C=C1,C1=CC2=CN3=NC(SCc4ccccn4)=S->[Ni+2]<-345(<-S=C(N=N->4C=C3C=CC=C[N-]->53)SCc3ccccn3)<-[N-]2C=C1
IFAFUT,CCOc1cccc2/C=N3/CCCN(C)(C)->[Co+3]<-34(<-[N-2][N+]#N)(<-[O-]c21)<-N1=NN=N/C1=C1\C=CC=C[N-]->41,C20 H25 Co1 N10 O2,0.0,CCOc1cccc2C=N3CCCN(C)(C)->[Co+3]<-34(<-[N-]=[N+]=[N-])(<-[O-]c21)<-n1ccccc1-c1nnn[n-]->41,CCOc1cccc2C=N3CCCN(C)(C)->[Co+3]<-34(<-[N-2][N+]#N)(<-[O-]c21)<-n1ccccc1-c1nnn[n-]->41,CCOc1cccc2C=N3CCCN(C)(C)->[Co+3]<-34(<-[N-2][N+]#N)(<-[O-]c21)<-n1ccccc1-c1nnn[n-]->41
IFEBEA,[O+]#[C-]->[Mo+2]1(<-[C-]#[O+])(<-[C-]#[O+])(<-S([O-])[O-])<-P(CCP->1(c1ccccc1)c1ccccc1)(c1ccccc1)c1ccccc1,C29 H24 Mo1 O5 P2 S1,0.0,O=S(=O)->[Mo]1(<-[C-]#[O+])(<-[C-]#[O+])(<-[C-]#[O+])<-P(CCP->1(c1ccccc1)c1ccccc1)(c1ccccc1)c1ccccc1,O=S(=O)->[Mo]1(<-[C-]#[O+])(<-[C-]#[O+])(<-[C-]#[O+])<-P(CCP->1(c1ccccc1)c1ccccc1)(c1ccccc1)c1ccccc1,O=S(=O)->[Mo]1(<-[C-]#[O+])(<-[C-]#[O+])(<-[C-]#[O+])<-P(CCP->1(c1ccccc1)c1ccccc1)(c1ccccc1)c1ccccc1
IFEWOH,Cc1ccc([C-](=C2C=C[C-](C)C=C2)->[Mn+3]2345(<-[C-]#[O+])(<-[C-]#[O+])<-c6c->2c->3[cH-]->4c->56)cc1,C22 H19 Mn1 O2,0.0,Cc1ccc([C-2](c2ccc(C)cc2)->[Mn+3]2345(<-[C-]#[O+])(<-[C-]#[O+])<-c6c->2c->3[cH-]->4c->56)cc1,Cc1ccc([C](c2ccc(C)cc2)->[Mn+]2345(<-[C-]#[O+])(<-[C-]#[O+])<-c6c->2c->3[cH-]->4c->56)cc1,Cc1ccc([C](c2ccc(C)cc2)->[Mn+]2345(<-[C-]#[O+])(<-[C-]#[O+])<-c6c->2c->3[cH-]->4c->56)cc1
IFIBEH,Cc1cc(-c2ccccc2)n2->[Zn+2]34(<-[O-]n5ccc6nc[nH]c6c5=S->3)<-n3c(-c5ccccc5)cc(C)n3[BH-](n12)n1c(C)cc(-c2ccccc2)n->41,C36 H32 B1 N9 O1 S1 Zn1,0.0,Cc1cc(-c2ccccc2)[n-]2->[Zn+]34(<-[O-][n+]5ccc6nc[nH]c6c5[S-]->3)<-[n-]3c(-c5ccccc5)cc(C)[n+]3[BH-]([n+]12)[n+]1c(C)cc(-c2ccccc2)[n-]->41,Cc1cc(-c2ccccc2)n2->[Zn+2]34(<-[O-]n5ccc6nc[nH]c6c5=S->3)<-n3c(-c5ccccc5)cc(C)n3[BH-](n12)n1c(C)cc(-c2ccccc2)n->41,Cc1cc(-c2ccccc2)n2->[Zn+2]34(<-[O-]n5ccc6nc[nH]c6c5=S->3)<-n3c(-c5ccccc5)cc(C)n3[BH-](n12)n1c(C)cc(-c2ccccc2)n->41
IFIZON,,C26 H46 Co1 N2 P3 S1,0.0,CN(C)c1ccc(C2=S->[Co+](<-[c-]3cc(N(C)C)ccc32)(<-P(C)(C)C)(<-P(C)(C)C)<-P(C)(C)C)cc1,CN(C)C1=C[C]2->[Co+](<-[S-]C(=C2C=C1)c1ccc(N(C)C)cc1)(<-P(C)(C)C)(<-P(C)(C)C)<-P(C)(C)C,CN(C)C1=C[C]2->[Co+](<-[S-]C(=C2C=C1)c1ccc(N(C)C)cc1)(<-P(C)(C)C)(<-P(C)(C)C)<-P(C)(C)C
IFOMAS,,C17 H43 Cl1 Ir1 P3 Si1,0.0,C=C(C)C(C)=[CH-]->[IrH+2](<-[Si-](C)(C)Cl)(<-P(C)(C)C)(<-P(C)(C)C)<-P(C)(C)C,C=C(C)C(C)=[CH-]->[IrH+2](<-[Si-](C)(C)Cl)(<-P(C)(C)C)(<-P(C)(C)C)<-P(C)(C)C,C=C(C)C(C)=[CH-]->[IrH+2](<-[Si-](C)(C)Cl)(<-P(C)(C)C)(<-P(C)(C)C)<-P(C)(C)C
IGAHON,CCP1(CC)CCP(CC)(CC)->[Fe@OH22+2]<-123(<-[Cl-])<-[H]CCP->2(CC)CCP->3(CC)CC,C20 H48 Cl1 Fe1 P4 1+,1.0,CCP1(CC)CCP(CC)(CC)->[Fe+2]<-12(<-[Cl-])<-P(CC)(CC)CCP->2(CC)CC,CCP1(CC)CCP(CC)(CC)->[Fe+2]<-12(<-[Cl-])<-P(CC)(CC)CCP->2(CC)CC,CCP1(CC)CCP(CC)(CC)->[Fe+2]<-12(<-[Cl-])<-P(CC)(CC)CCP->2(CC)CC
IGIGIQ,,C25 H46 Fe1 N3 O1 P2 1+,1.0,CC#N->[FeH+]12(<-[C-]#[O+])<-n3c(CP->1(C(C)(C)C)C(C)(C)C)cncc3CP->2(C(C)(C)C)C(C)(C)C,CC#N->[FeH+]12(<-[C-]#[O+])<-n3c(CP->1(C(C)(C)C)C(C)(C)C)cncc3CP->2(C(C)(C)C)C(C)(C)C,CC#N->[FeH+]12(<-[C-]#[O+])<-n3c(CP->1(C(C)(C)C)C(C)(C)C)cncc3CP->2(C(C)(C)C)C(C)(C)C
IGOVOQ,CP(C)(C)->[Pd+2](<-[N-2][N+]#N)(<-[c-]1ccccc1/N=N/c1ccccc1)<-P(C)(C)C,C18 H27 N5 P2 Pd1,0.0,CP(C)(C)->[Pd+2](<-[N-]=[N+]=[N-])(<-[c-]1ccccc1N=Nc1ccccc1)<-P(C)(C)C,CP(C)(C)->[Pd+2](<-[N-2][N+]#N)(<-[c-]1ccccc1N=Nc1ccccc1)<-P(C)(C)C,CP(C)(C)->[Pd+2]1(<-[N-2][N+]#N)(<-[c-]2ccccc2N=N->1c1ccccc1)<-P(C)(C)C
IGUYUF,C[Se]1Cc2ccccc2C[Se](C)->[Mo]<-1(<-[C-]#[O+])(<-[C-]#[O+])(<-[C-]#[O+])<-[C-]#[O+],C14 H14 Mo1 O4 Se2,0.0,C[Se]1Cc2ccccc2C[Se](C)->[Mo]<-1(<-[C-]#[O+])(<-[C-]#[O+])(<-[C-]#[O+])<-[C-]#[O+],C=c1ccccc1=C.C[Se-]->[Mo+2](<-[C-]#[O+])(<-[C-]#[O+])(<-[C-]#[O+])(<-[C-]#[O+])<-[Se-]C,C=c1ccccc1=C.C[Se-]->[Mo+2](<-[C-]#[O+])(<-[C-]#[O+])(<-[C-]#[O+])(<-[C-]#[O+])<-[Se-]C
IHESUL,[Br-]->[Ni@TB16+2]12(<-[Br-])<-ClCc3cccc(Cn4c(-c5ccccc5)cc(-c5ccccc5)n->14)n->23,C22 H18 Br2 Cl1 N3 Ni1,0.0,ClCc1cccc2Cn3c(-c4ccccc4)cc(-c4ccccc4)n3->[Ni+2](<-[Br-])(<-[Br-])<-n12,ClCc1cccc2Cn3c(-c4ccccc4)cc(-c4ccccc4)n3->[Ni+2](<-[Br-])(<-[Br-])<-n12,C=C1C=CC=C2Cn3c(-c4ccccc4)cc(-c4ccccc4)n3->[Ni+4](<-[Cl-])(<-[Br-])(<-[Br-])<-[N-]12
IHOBAJ,,C29 H38 Cl1 Ir1 N2 O1,0.0,COc1ccccc1N1CCCCN(c2c(C)cc(C)cc2C)[C]1->[Ir+]123(<-[Cl-])<-C4=C->1CCC->2=C->3CC4,COc1ccccc1N1CCCCN(c2c(C)cc(C)cc2C)[C]1->[Ir+]123(<-[Cl-])<-C4=C->1CCC->2=C->3CC4,COc1ccccc1N1CCCCN(c2c(C)cc(C)cc2C)[C]1->[Ir+]123(<-[Cl-])<-C4=C->1CCC->2=C->3CC4
IHOYAH,Clc1cc(-c2ccccc2)c(/N2=C3C(=N(/c4c(-c5ccccc5)cc(Cl)cc4-c4ccccc4)->[Pd+2]<-2(<-[Cl-])<-[Cl-])/c2cccc4cccc/3c24)c(-c2ccccc2)c1,C48 H30 Cl4 N2 Pd1,0.0,Clc1cc(-c2ccccc2)c(N2=C3C(=N(c4c(-c5ccccc5)cc(Cl)cc4-c4ccccc4)->[Pd+2]<-2(<-[Cl-])<-[Cl-])c2cccc4cccc3c24)c(-c2ccccc2)c1,Clc1cc(-c2ccccc2)c([N-]2C3=C([N-](c4c(-c5ccccc5)cc(Cl)cc4-c4ccccc4)->[Pd+4]<-2(<-[Cl-])<-[Cl-])c2cccc4cccc3c24)c(-c2ccccc2)c1,Clc1cc(-c2ccccc2)c([N-]2C3=C([N-](c4c(-c5ccccc5)cc(Cl)cc4-c4ccccc4)->[Pd+4]<-2(<-[Cl-])<-[Cl-])c2cccc4cccc3c24)c(-c2ccccc2)c1
IJANOX,,C31 H27 Cl2 N5 O2 P1 Re1,0.0,Cn1c2[NH-]->[Re+5]3(<-[Cl-])(<-[Cl-])(<-[N-2]c4ccccc4C=N->3c2c(=O)n(C)c1=O)<-P(c1ccccc1)(c1ccccc1)c1ccccc1,Cn1c2[NH-]->[Re+5]3(<-[Cl-])(<-[Cl-])(<-[N-]=C4C=CC=CC4=C[N-]->3c2c(=O)n(C)c1=O)<-P(c1ccccc1)(c1ccccc1)c1ccccc1,Cn1c2[NH-]->[Re+5]3(<-[Cl-])(<-[Cl-])(<-[N-]=C4C=CC=CC4=C[N-]->3c2c(=O)n(C)c1=O)<-P(c1ccccc1)(c1ccccc1)c1ccccc1
IJEMOA,,C40 H40 P2 Pt1 Se1,0.0,CC(C)(C)[Se-]->[PtH+](<-P(c1ccccc1)(c1ccccc1)c1ccccc1)<-P(c1ccccc1)(c1ccccc1)c1ccccc1,CC(C)(C)[Se-]->[PtH+](<-P(c1ccccc1)(c1ccccc1)c1ccccc1)<-P(c1ccccc1)(c1ccccc1)c1ccccc1,CC(C)(C)[Se-]->[PtH+](<-P(c1ccccc1)(c1ccccc1)c1ccccc1)<-P(c1ccccc1)(c1ccccc1)c1ccccc1
IJODAO,,C24 H28 Cl4 N4 Ni1 O5,0.0,O=C1CN2(->[Ni+2]3(<-O)(<-[O-]1)<-[O-]C(=O)CN->31CCN(c3ccc(Cl)c(Cl)c3)CC1)CCN(c1ccc(Cl)c(Cl)c1)CC2,O=C1CN2(->[Ni+2]3(<-O)(<-[O-]1)<-[O-]C(=O)CN->31CCN(c3ccc(Cl)c(Cl)c3)CC1)CCN(c1ccc(Cl)c(Cl)c1)CC2,O=C1CN2(->[Ni+2]3(<-O)(<-[O-]1)<-[O-]C(=O)CN->31CCN(c3ccc(Cl)c(Cl)c3)CC1)CCN(c1ccc(Cl)c(Cl)c1)CC2
IJUGOJ,CC1(C)CN2CCS3->[Zn@@+2]4(<-[S-]1)<-[S-]C(C)(C)CN->4(CC2)CC3,C14 H28 N2 S3 Zn1,0.0,CC1(C)CN23->[Zn+2]45(<-[S-]1)<-[S-]C(C)(C)CN->4(CCS->5CC2)CC3,CC1(C)CN23->[Zn+2]45(<-[S-]1)<-[S-]C(C)(C)CN->4(CCS->5CC2)CC3,CC1(C)CN2CCSCCN3(CC(C)(C)[S-]->[Zn+2]<-3<-[S-]1)CC2
IKENOB,O=[S@]1(c2ccccc2)=N2->[Cu@OH8+]3(<-C=C->3c3ccccc3)<-N3=[S@](=O)(c4ccccc4)C=Cc4ccc(c2c43)C=C1,C30 H24 Cu1 N2 O2 S2 1+,1.0,[O-][S+]1(c2ccccc2)=CC=c2ccc3c4c2=N1->[Cu+3]1(<-[CH2-][CH-]->1c1ccccc1)<-N=4[S+]([O-])(c1ccccc1)=CC=3,O=S1(c2ccccc2)=CC=c2ccc3c4c2=N1->[Cu+]1(<-C=C->1c1ccccc1)<-N=4S(=O)(c1ccccc1)=CC=3,O=S1(c2ccccc2)=CC=c2ccc3c4c2=N1->[Cu+]1(<-C=C->1c1ccccc1)<-N=4S(=O)(c1ccccc1)=CC=3
IKIJIX,,C36 H40 Br2 Fe1 N2,0.0,CC(C)c1cccc(C(C)C)c1N1=C2C(=N(c3c(C(C)C)cccc3C(C)C)->[Fe+2]<-1(<-[Br-])<-[Br-])c1cccc3cccc2c13,CC(C)c1cccc(C(C)C)c1N1=C2C(=N(c3c(C(C)C)cccc3C(C)C)->[Fe+2]<-1(<-[Br-])<-[Br-])c1cccc3cccc2c13,CC(C)c1cccc(C(C)C)c1[N-]1C2=C([N-](c3c(C(C)C)cccc3C(C)C)->[Fe+4]<-1(<-[Br-])<-[Br-])c1cccc3cccc2c13
IKODES,CC#N->[Ir+]123(<-[C-]#Cc4ccccc4)(<-[C-](/C(=O)OC)=C(/C(=O)OC)[C@H]4CC/C->1=C->2\CC[CH+]->34)<-P(C)(C)C,C27 H35 Ir1 N1 O4 P1,0.0,CC#N->[Ir+3]123(<-[C-]#Cc4ccccc4)(<-[C-](C(=O)OC)=C(C(=O)OC)C4CCC->1=C->2CC[CH-]->34)<-P(C)(C)C,CC#N->[Ir+3]123(<-[C-]#Cc4ccccc4)(<-[C-](C(=O)OC)=C(C(=O)OC)C4CCC->1=C->2CC[CH-]->34)<-P(C)(C)C,CC#N->[Ir+3]123(<-[C-]#Cc4ccccc4)(<-[C-](C(=O)OC)=C(C(=O)OC)C4CCC->1=C->2CC[CH-]->34)<-P(C)(C)C
IKOYIR,Cc12->[Fe+2]34567(<-c(c->3c->41)c->5c->62)(<-[Si-](C)(C)c1ccccc1[Si-]->7(C)C)<-[P@TB5](c1ccccc1)(c1ccccc1)c1ccccc1,C35 H39 Fe1 P1 Si2,0.0,Cc12->[Fe+2]34567(<-c(c->3c->41)c->5c->62)(<-[Si-](C)(C)c1ccccc1[Si-]->7(C)C)<-P(c1ccccc1)(c1ccccc1)c1ccccc1,Cc12->[Fe]34567(<-c(c->3c->41)c->5c->62)(<-[Si](C)(C)=c1ccccc1=[Si]->7(C)C)<-P(c1ccccc1)(c1ccccc1)c1ccccc1,Cc12->[Fe]34567(<-c(c->3c->41)c->5c->62)(<-[Si](C)(C)=c1ccccc1=[Si]->7(C)C)<-P(c1ccccc1)(c1ccccc1)c1ccccc1
IKULOQ,,C14 H19 Cl1 F3 Ir1 N2 O2 S1,0.0,CC#N->[Ir+3]12345(<-[Cl-])<-[N-](CC[c-]->16c->2(C)c->3(C)c->4(C)c->56C)S(=O)(=O)C(F)(F)F,CC#N->[Ir+3]12345(<-[Cl-])<-[N+](CC[c-]->16c->2(C)c->3(C)c->4(C)c->56C)#S([O-])([O-])C(F)(F)F,CC#N->[Ir+3]12345(<-[Cl-])<-[N+](CC[c-]->16c->2(C)c->3(C)c->4(C)c->56C)#S([O-])([O-])C(F)(F)F
IKUREM,,C30 H49 Ni1 O2 P1,0.0,fail,CC1=CC2=C(C3=C4(C)[O-]->[Ni+2]<-3<-4(<-[O-]1)<-P(C1CCCCC1)(C1CCCCC1)C1CCCCC1)CCCC2,CC1=CC2=C(C3=C4(C)[O-]->[Ni+2]<-3<-4(<-[O-]1)<-P(C1CCCCC1)(C1CCCCC1)C1CCCCC1)CCCC2
ILATEV,CC(=O)/C=C(\C)[O-]->[Ni+2](<-[O-]/C(C)=C/C(C)=O)(<-P(C)(C)c1ccccc1)<-P(C)(C)c1ccccc1,C26 H36 Ni1 O4 P2,0.0,fail,CC1=CC(C)=O->[Ni+2]2(<-O=C(C)C=C(C)[O-]->2)(<-[O-]1)(<-P(C)(C)c1ccccc1)<-P(C)(C)c1ccccc1,CC1=CC(C)=O->[Ni+2]2(<-O=C(C)C=C(C)[O-]->2)(<-[O-]1)(<-P(C)(C)c1ccccc1)<-P(C)(C)c1ccccc1
ILIWIJ,,C44 H28 Au1 N4 1+,1.0,C1=Cc2c(-c3ccccc3)c3ccc4c(-c5ccccc5)c5n6->[Au+3]7(<-n2c1c(-c1ccccc1)c1ccc(c(-c2ccccc2)c6C=C5)[n-]->71)<-[n-]34,[CH+]1[CH-][c+]2[c-](-[c-]3[cH+][cH-][cH+][cH-][cH+]3)[c+]3[n-]4->[Au+3]56<-[n-]2[c+]1[c-](-[c+]1[cH+][cH-][cH-][cH+][cH-]1)[c+]1[cH-][cH+][c-]([c+](-[c+]2[cH-][cH+][cH-][cH+][cH-]2)[c-]2[cH+][cH-][c+]([c-](-[c+]7[cH+][cH-][cH-][cH+][cH-]7)[c+]4[CH+][CH-]3)[n-]->52)[n-]->61,[CH+]1[CH-][c+]2[c-](-[c-]3[cH+][cH-][cH+][cH-][cH+]3)[c+]3[n-]4->[Au+3]56<-[n-]2[c+]1[c-](-[c+]1[cH+][cH-][cH-][cH+][cH-]1)[c+]1[cH-][cH+][c-]([c+](-[c+]2[cH-][cH+][cH-][cH+][cH-]2)[c-]2[cH+][cH-][c+]([c-](-[c+]7[cH+][cH-][cH-][cH+][cH-]7)[c+]4[CH+][CH-]3)[n-]->52)[n-]->61
ILUTIT,c1ccn2->[Cu@SP1+]3<-n4ccccc4CN(Cc2c1)Cc1ccccn->31,C18 H18 Cu1 N4 1+,1.0,c1ccn2->[Cu+]34<-n5ccccc5CN->3(Cc2c1)Cc1ccccn->41,c1ccn2->[Cu+]34<-n5ccccc5CN->3(Cc2c1)Cc1ccccn->41,c1ccn2->[Cu+]34<-n5ccccc5CN->3(Cc2c1)Cc1ccccn->41
IMEQOI,,C32 H42 Cl2 Hf1,0.0,CCc12->[Hf+4]3456789(<-[Cl-])(<-[Cl-])(<-c%10c->3(C)c->4(CC)c->53c(C)c(C)c(C)c(C)[c-]->6%103)<-[cH-](c->71C)c->81c(C)c(C)c(C)c(C)c->921,CCc12->[Hf+4]3456789(<-[Cl-])(<-[Cl-])(<-[cH-](c->31C)c->41c(C)c(C)c(C)c(C)c->521)<-[cH-]1c->6(C)c->7(CC)c->82c(C)c(C)c(C)c(C)c->912,CCc12->[Hf+4]34567(<-[Cl-])(<-[Cl-])(<-[cH-](c->31C)c->41c(C)c(C)c(C)c(C)c->521)<-c1(CC)c->62c(C)c(C)c(C)c(C)c2c[c-]->71C
IMEWIH,CN1(C)Cc2cccc[c-]2->[Zr+4]<-123456789(<-[CH3-])(<-c1c->2c->3[cH-]->4c->51)<-c1c->6c->7[cH-]->8c->91,C20 H25 N1 Zr1,0.0,CN1(C)Cc2cccc[c-]2->[Zr+4]<-123456789(<-[CH3-])(<-c1c->2c->3[cH-]->4c->51)<-c1c->6c->7[cH-]->8c->91,CN1(C)Cc2cccc[c-]2->[Zr+4]<-123456789(<-[CH3-])(<-c1c->2c->3[cH-]->4c->51)<-c1c->6c->7[cH-]->8c->91,CN(C)Cc1cccc[c-]1->[Zr+4]12345678(<-[CH3-])(<-c9c->1c->2[cH-]->3c->49)<-c1c->5c->6[cH-]->7c->81
IMIYIO,CC(=O)[O-]->[Pd+2](<-[O-]C(C)=O)(<-n1cccc2c1-c1ncccc1C2=O)<-n1cccc2c1-c1ncccc1C2=O,C26 H18 N4 O6 Pd1,0.0,CC(=O)[O-]->[Pd+2](<-[O-]C(C)=O)(<-n1cccc2c1-c1ncccc1C2=O)<-n1cccc2c1-c1ncccc1C2=O,CC(=O)[O-]->[Pd+6](<-[O-]C(C)=O)(<-[n-]1cccc2c([O-])c3cccnc3c1-2)<-[n-]1cccc2c([O-])c3cccnc3c1-2,CC(=O)[O-]->[Pd+6](<-[O-]C(C)=O)(<-[n-]1cccc2c([O-])c3cccnc3c1-2)<-[n-]1cccc2c([O-])c3cccnc3c1-2
IMUCOK,,C40 H40 Fe1 P2,0.0,Cc12->[FeH+]3456(<-c1(C)c->3(C)[c-]->4(C)c->52C)<-P(c1ccccc1)(c1ccccc1)c1ccccc1P->6(c1ccccc1)c1ccccc1,Cc12->[FeH+]3456(<-c1(C)c->3(C)[c-]->4(C)c->52C)<-P(c1ccccc1)(c1ccccc1)c1ccccc1P->6(c1ccccc1)c1ccccc1,Cc12->[FeH+]3456(<-c1(C)c->3(C)[c-]->4(C)c->52C)<-P(c1ccccc1)(c1ccccc1)c1ccccc1P->6(c1ccccc1)c1ccccc1
INALIU,,C17 H42 B1 N1 O1 P2 Ru1,0.0,[BH3-][H]->[RuH+]12(<-[C-]#[O+])<-N(CCP->1(C(C)C)C(C)C)CCP->2(C(C)C)C(C)C,CC(C)P1(C(C)C)->[RuH+]2(<-[C-]#[O+])<-N(CC1)CCP->2(C(C)C)C(C)C.[BH4-],B.CC(C)P1(C(C)C)->[RuH2]2(<-[C-]#[O+])<-N(CC1)CCP->2(C(C)C)C(C)C
INOCOE,,C10 H14 N4 Ni1 O8,0.0,O=C1CCC2C(=O)[O-]->[Ni+2]3(<-O)(<-O)(<-[O-]C(=O)C4=N->3NC(=O)CC4)<-N=2N1,O=C1CCC2C(=O)[O-]->[Ni+2]3(<-O)(<-O)(<-[O-]C(=O)C4=N->3NC(=O)CC4)<-N=2N1,O.O.O=C1CCC2=N(->[Ni+2]3(<-[O-]C2=O)<-[O-]C(=O)C2=N->3NC(=O)CC2)N1
INUTUH,Cc1cc(C(C)(C)C)n2->[Fe@OH30+2]3(<-[Cl-])<-n4c(C(C)(C)C)cc(C)n4[BH-](n12)n1c(C)cc(C(C)(C)C)n->31,C24 H40 B1 Cl1 Fe1 N6,0.0,Cc1cc(C(C)(C)C)[n-]2->[Fe+2]3(<-[Cl-])<-[n-]4c(C(C)(C)C)cc(C)[n+]4[BH-]([n+]12)[n+]1c(C)cc(C(C)(C)C)[n-]->31,Cc1cc(C(C)(C)C)n2->[Fe+2]3(<-[Cl-])<-n4c(C(C)(C)C)cc(C)n4[BH-](n12)n1c(C)cc(C(C)(C)C)n->31,Cc1cc(C(C)(C)C)n2->[Fe+2]3(<-[Cl-])<-n4c(C(C)(C)C)cc(C)n4[BH-](n12)n1c(C)cc(C(C)(C)C)n->31
IPABUW,COc12->[Pd+2]34(<-O=C(C)/C=C(/C)[O-]->3)<-c1(-c1c(P->4(c3ccccc3)c3ccccc3)ccc3ccccc13)c1ccccc1cc2,C38 H32 O3 P1 Pd1 1+,1.0,fail,COc1ccc2ccccc2c12-c1c(P(c3ccccc3)(c3ccccc3)->[Pd+2]<-23<-O=C(C)C=C(C)[O-]->3)ccc2ccccc12,COc12->[Pd+2]34(<-O=C(C)C=C(C)[O-]->3)<-c1(-c1c(P->4(c3ccccc3)c3ccccc3)ccc3ccccc13)c1ccccc1cc2
IPENOG,[Br-]->[Cu+]<-P(C1C=CC=CC=C1)(C1C=CC=CC=C1)C1C=CC=CC=C1,C21 H21 Br1 Cu1 P1,0.0,[Br-]->[Cu+]<-P(C1C=CC=CC=C1)(C1C=CC=CC=C1)C1C=CC=CC=C1,[Br-]->[Cu+]<-P(C1C=CC=CC=C1)(C1C=CC=CC=C1)C1C=CC=CC=C1,[Br-]->[Cu+]<-P(C1C=CC=CC=C1)(C1C=CC=CC=C1)C1C=CC=CC=C1
IPITIL,CC(C)P1(Oc2cccc[c-]2->[Ir+3]<-12(<-[Cl-])(<-[C-]#[O+])<-[c-]1ccccc1OP->2(C(C)C)C(C)C)C(C)C,C25 H36 Cl1 Ir1 O3 P2,0.0,CC(C)P1(Oc2cccc[c-]2->[Ir+3]<-12(<-[Cl-])(<-[C-]#[O+])<-[c-]1ccccc1OP->2(C(C)C)C(C)C)C(C)C,CC(C)P1(Oc2cccc[c-]2->[Ir+3]<-12(<-[Cl-])(<-[C-]#[O+])<-[c-]1ccccc1OP->2(C(C)C)C(C)C)C(C)C,CC(C)P1(Oc2cccc[c-]2->[Ir+3]<-12(<-[Cl-])(<-[C-]#[O+])<-[c-]1ccccc1OP->2(C(C)C)C(C)C)C(C)C
IPUHOQ,O=[N+]([O-])[O-]->[Ni+2](<-[O-][N+](=O)[O-])(<-N(O)=C1CCCC1)<-N(O)=C1CCCC1,C10 H18 N4 Ni1 O8,0.0,O=[N+]1[O-]->[Ni+2]2(<-[O-]1)(<-[O-][N+](=O)[O-]->2)(<-N(O)=C1CCCC1)<-N(O)=C1CCCC1,O=[N+]1[O-]->[Ni+2]2(<-[O-]1)(<-[O-][N+](=O)[O-]->2)(<-N(O)=C1CCCC1)<-N(O)=C1CCCC1,O=[N+]([O-])[O-]->[Ni+2](<-[O-][N+](=O)[O-])(<-N(O)=C1CCCC1)<-N(O)=C1CCCC1
IQEYAE,CC(C)(C)[c-]12->[Zr+4]3456789%10%11%12(<-[CH2-]C->3#C->4[CH2-]->5)(<-c(c->6c->71)c->82)<-c1c->9c->%10[c-]->%11(C(C)(C)C)c->%121,C22 H30 Zr1,0.0,CC(C)(C)c12->[Zr+2]3456789%10%11%12(<-CC->3#C->4C->5)(<-c3c->6[cH-]->7c->8(C(C)(C)C)c->93)<-c(c->%101)[cH-]->%11c->%122,CC(C)(C)[c-]12->[Zr+2]3456789%10%11%12(<-C=C->3=C->4=C->5)(<-c(c->6c->71)c->82)<-c1c->9c->%10[c-]->%11(C(C)(C)C)c->%121,CC(C)(C)[c-]12->[Zr+2]3456789%10%11%12(<-C=C->3=C->4=C->5)(<-c(c->6c->71)c->82)<-c1c->9c->%10[c-]->%11(C(C)(C)C)c->%121
IQITOT,[O+]#[C-]->[Os](<-[C-]#[O+])(<-[C-]#[O+])(<-[C-]#[O+])<-P(c1ccccc1)(c1ccccc1)c1ccccc1,C22 H15 O4 Os1 P1,0.0,[O+]#[C-]->[Os](<-[C-]#[O+])(<-[C-]#[O+])(<-[C-]#[O+])<-P(c1ccccc1)(c1ccccc1)c1ccccc1,[O+]#[C-]->[Os](<-[C-]#[O+])(<-[C-]#[O+])(<-[C-]#[O+])<-P(c1ccccc1)(c1ccccc1)c1ccccc1,[O+]#[C-]->[Os](<-[C-]#[O+])(<-[C-]#[O+])(<-[C-]#[O+])<-P(c1ccccc1)(c1ccccc1)c1ccccc1
IQUFEG,,C13 H22 Cl1 N1 Ru1 S2,0.0,fail,CN(C)C1=S->[Ru+4]23456(<-[Cl-])(<-C=C->2(C)[CH-]->3CCC->4=C->5(C)[CH2-]->6)<-[S-]1,CN(C)C1=S->[Ru+4]23456(<-[Cl-])(<-C=C->2(C)[CH-]->3CCC->4=C->5(C)[CH2-]->6)<-[S-]1
IRASUQ,Cc1ccc(C2=O->[Zn+2]3(<-O=C([O-]->3)c3ccc(C)cc3)(<-[O-]2)(<-n2cc(C)cc(C)c2)<-n2cc(C)cc(C)c2)cc1,C30 H32 N2 O4 Zn1,0.0,fail,Cc1ccc(C2=O->[Zn+2]3(<-O=C([O-]->3)c3ccc(C)cc3)(<-[O-]2)(<-n2cc(C)cc(C)c2)<-n2cc(C)cc(C)c2)cc1,Cc1ccc(C23=O->[Zn+2]<-245(<-O=C->4([O-]->5)c2ccc(C)cc2)(<-[O-]3)(<-n2cc(C)cc(C)c2)<-n2cc(C)cc(C)c2)cc1
IRAYAB,CC#N->[Ir+3]1234(<-[C-](=C/c5ccccc5)/c5ccccc5)(<-C5=C->1/C[CH-]->2/C->3=C->4\CC\5)<-P(C)(C)C,C27 H34 Ir1 N1 P1 1+,1.0,fail,CC#N->[Ir+3]1234(<-[C-](=Cc5ccccc5)c5ccccc5)(<-C5=C->1CC->2=C->3[CH-]->4CC5)<-P(C)(C)C,CC#N->[Ir+3]1234(<-[C-](=Cc5ccccc5)c5ccccc5)(<-C5=C->1CC->2=C->3[CH-]->4CC5)<-P(C)(C)C
IREZAH,CC(C)c1cccc(C(C)C)c1/N1=C/c2cccc3OP(c4ccccc4)(c4ccccc4)->[Ni@TB4+2]<-1(<-[Cl-])<-[c-]23,C31 H31 Cl1 N1 Ni1 O1 P1,0.0,CC(C)c1cccc(C(C)C)c1N1=Cc2cccc3OP(c4ccccc4)(c4ccccc4)->[Ni+2]<-1(<-[Cl-])<-[c-]23,CC(C)c1cccc(C(C)C)c1N1=Cc2cccc3OP(c4ccccc4)(c4ccccc4)->[Ni+2]<-1(<-[Cl-])<-[c-]23,CC(C)c1cccc(C(C)C)c1N1=Cc2cccc3OP(c4ccccc4)(c4ccccc4)->[Ni+2]<-1(<-[Cl-])<-[c-]23
IRUCII,CO->[Mo+6]12(<-[O-2])(<-[O-2])<-[O-]/C(=N\N->1=C\c1ccc(O)cc1[O-]->2)c1ccc(Cl)cc1,C15 H13 Cl1 Mo1 N2 O6,0.0,CO->[Mo+6]12(<-[O-2])(<-[O-2])<-[O-]C(=NN->1=Cc1ccc(O)cc1[O-]->2)c1ccc(Cl)cc1,CO->[Mo+6]12(<-[O-2])(<-[O-2])<-[O-]C(=NN->1=Cc1ccc(O)cc1[O-]->2)c1ccc(Cl)cc1,CO.[O-2]->[Mo+6]12(<-[O-2])<-[O-]C(c3ccc(Cl)cc3)=NN->1=Cc1ccc(O)cc1[O-]->2
ISAPAT,Cc1ccccc1[O-]->[Ti+4]123456789(<-[O-]c%10ccccc%10C)<-c%10c->1(C)c->2[c-]->3([Si](C)(C)[c-]->41c->5c->6(C)c->7c->81C)c->9%10C,C30 H36 O2 Si1 Ti1,0.0,Cc1ccccc1[O-]->[Ti+4]123456789(<-[O-]c%10ccccc%10C)<-c%10c->1(C)[cH-]->2c->3(C)c->4%10[Si](C)(C)[c-]->51c->6c->7(C)c->8c->91C,Cc1ccccc1[O-]->[Ti+4]123456789(<-[O-]c%10ccccc%10C)<-c%10c->1(C)c->2[c-]->3([Si](C)(C)[c-]->41c->5c->6(C)c->7c->81C)c->9%10C,Cc1ccccc1[O-]->[Ti+4]12345(<-[O-]c6ccccc6C)<-c6c(C)cc(C)[c-]6[Si](C)(C)[c-]->16c->2c->3(C)c->4c->56C
ISEBUE,CN1Cc2ccccn2->[Zn+2](<-[Cl-])(<-[Cl-])<-n2ccccc2C1,C13 H15 Cl2 N3 Zn1,0.0,CN12Cc3ccccn3->[Zn+2]<-1(<-[Cl-])(<-[Cl-])<-n1ccccc1C2,CN12Cc3ccccn3->[Zn+2]<-1(<-[Cl-])(<-[Cl-])<-n1ccccc1C2,CN12Cc3ccccn3->[Zn+2]<-1(<-[Cl-])(<-[Cl-])<-n1ccccc1C2
ISIPIK,CC1=O->[Cd+2]234(<-NCCN->2CCN->3CCN->4)<-[O-]1,C8 H21 Cd1 N4 O2 1+,1.0,fail,CC1=O->[Cd+2]234(<-NCCN->2CCN->3CCN->4)<-[O-]1,CC12=O->[Cd+2]<-1345(<-NCCN->3CCN->4CCN->5)<-[O-]2
ISOREP,,C19 H24 Cl2 Hg1 N2,0.0,CC1c2ccccn2->[Hg+2](<-[Cl-])(<-[Cl-])<-N=1c1c(C(C)C)cccc1C(C)C,CC1c2ccccn2->[Hg+2](<-[Cl-])(<-[Cl-])<-N=1c1c(C(C)C)cccc1C(C)C,CC(c1ccccn1)=N(c1c(C(C)C)cccc1C(C)C)->[Hg+2](<-[Cl-])<-[Cl-]
ISOWAO,,C23 H15 O5 P1 Se1 W1,0.0,[O+]#[C-]->[W](<-[C-]#[O+])(<-[C-]#[O+])(<-[C-]#[O+])(<-[C-]#[O+])<-[Se]=P(c1ccccc1)(c1ccccc1)c1ccccc1,[O+]#[C-]->[W](<-[C-]#[O+])(<-[C-]#[O+])(<-[C-]#[O+])(<-[C-]#[O+])<-[Se]=P(c1ccccc1)(c1ccccc1)c1ccccc1,[O+]#[C-]->[W](<-[C-]#[O+])(<-[C-]#[O+])(<-[C-]#[O+])(<-[C-]#[O+])<-[Se]=P(c1ccccc1)(c1ccccc1)c1ccccc1
ITADAK,O=P1(c2ccccc2)c2ccccc2P(c2ccccc2)(c2ccccc2)->[Ag+](<-[Br-])<-P(c2ccccc2)(c2ccccc2)c2ccccc21,C42 H33 Ag1 Br1 O1 P3,0.0,[Br-]->[Ag+]12<-O=P(c3ccccc3)(c3ccccc3P->1(c1ccccc1)c1ccccc1)c1ccccc1P->2(c1ccccc1)c1ccccc1,[Br-]->[Ag+]12<-O=P(c3ccccc3)(c3ccccc3P->1(c1ccccc1)c1ccccc1)c1ccccc1P->2(c1ccccc1)c1ccccc1,[Br-]->[Ag+]12<-O=P(c3ccccc3)(c3ccccc3P->1(c1ccccc1)c1ccccc1)c1ccccc1P->2(c1ccccc1)c1ccccc1
ITEGIY,COc1cccc(OC)c1-c1ccccc1P1(c2ccccc2-c2c(OC)cccc2OC)c2ccccc2S(=O)(=O)[O-]->[Ni+2]<-123<-C=C->2[CH2-]->3,C37 H35 Ni1 O7 P1 S1,0.0,fail,COc1cccc(OC)c1-c1ccccc1P1(c2ccccc2-c2c(OC)cccc2OC)c2ccccc2S(=O)(=O)[O-]->[Ni+2]<-123<-C=C->2[CH2-]->3,COc1cccc(OC)c1-c1ccccc1P1(c2ccccc2-c2c(OC)cccc2OC)c2ccccc2S2(=O)=O->[Ni+2]<-134(<-C=C->3[CH2-]->4)<-[O-]2
ITIXAL,,C28 H20 Ir1 N3 O2,0.0,O=C1[O-]->[Ir+3]23(<-[c-]4ccccc4-c4ccccn->24)(<-[c-]2ccccc2-c2ccccn->32)<-n2ccccc21,O=C1[O-]->[Ir+3]23(<-[c-]4ccccc4-c4ccccn->24)(<-[c-]2ccccc2-c2ccccn->32)<-n2ccccc21,O=C1[O-]->[Ir+3]23(<-[c-]4ccccc4-c4ccccn->24)(<-[c-]2ccccc2-c2ccccn->32)<-n2ccccc21
ITULIT,,C7 H9 Cl1 Cu1 N6 O1,0.0,CN1N=C(c2[nH+]cc[n-]2->[Cu+2]<-[Cl-])[N-]N(C)C1=O,CN1N=C(c2ncc[n-]2->[Cu+3]<-[Cl-])[N-]N(C)C1=O,CN1N=C2c3ncc[n-]3->[Cu+3](<-[Cl-])<-[N-]2N(C)C1=O
IVAHIY,C1=C/C2=C3\[CH+][CH-][CH+][CH-][C+]3[C-]3[CH+][CH+][C+]4[C-]([C-]5[CH+][CH+][CH-][CH-][CH-]5)[C+]5[CH-][CH-][C-]6[C+]7[CH-][CH+][CH-][CH+]/C7=C7\C=C/C8=C(\c9ccccc9)C1=N2->[Pt@SP1+2](<-[N-]43)(<-[N-]56)<-[NH2+]87,C42 H26 N4 Pt1,0.0,C1=CC2=N3->[Pt+2]45<-N6=C(C=CC6=C(c6ccccc6)c6ccc([n-]->46)-c4ccccc42)c2ccccc2-c2ccc([n-]->52)C(c2ccccc2)=C13,C1=Cc2c3ccccc3c3n4->[Pt]56<-n2c1c(-c1ccccc1)c1n->5c(c2ccccc2c2n->6c(c(-c5ccccc5)c4C=C3)C=C2)C=C1,C1=Cc2c3ccccc3c3n4->[Pt]56<-n2c1c(-c1ccccc1)c1n->5c(c2ccccc2c2n->6c(c(-c5ccccc5)c4C=C3)C=C2)C=C1
IVEKIF,C[CH2-]->[Zn+2]1<-[O-]c2c(CN(C)CCN->1(C)Cc1ccccn1)cc(C(C)(C)C)cc2C(C)(C)C,C27 H43 N3 O1 Zn1,0.0,C[CH2-]->[Zn+2]123<-[O-]c4c(CN->1(C)CCN->2(C)Cc1ccccn->31)cc(C(C)(C)C)cc4C(C)(C)C,C[CH2-]->[Zn+2]123<-[O-]c4c(CN->1(C)CCN->2(C)Cc1ccccn->31)cc(C(C)(C)C)cc4C(C)(C)C,C[CH2-]->[Zn+2]123<-[O-]c4c(CN->1(C)CCN->2(C)Cc1ccccn->31)cc(C(C)(C)C)cc4C(C)(C)C
IVEVUC,,C23 H29 B1 Cl1 Fe1 N1 O2,0.0,Cc1cc(C)c([B-]2(Cl)[C](->[Fe+2]3456(<-[C-]#[O+])(<-[C-]#[O+])<-c7(C)c->3(C)c->4(C)[c-]->5(C)c->67C)N2C)c(C)c1,Cc1cc(C)c([B-]2(Cl)[C](->[Fe+2]3456(<-[C-]#[O+])(<-[C-]#[O+])<-c7(C)c->3(C)c->4(C)[c-]->5(C)c->67C)N2C)c(C)c1,Cc1cc(C)c([B-]2(Cl)[C](->[Fe+2]3456(<-[C-]#[O+])(<-[C-]#[O+])<-c7(C)c->3(C)c->4(C)[c-]->5(C)c->67C)N2C)c(C)c1
IVOXIB,,C14 H19 N1 O3 P1 V1,0.0,CC(C)N([P-2]->[V+3]1234(<-[C-]#[O+])(<-[C-]#[O+])(<-[C-]#[O+])<-c5c->1c->2[cH-]->3c->45)C(C)C,CC(C)N([P-2]->[V+3]1234(<-[C-]#[O+])(<-[C-]#[O+])(<-[C-]#[O+])<-c5c->1c->2[cH-]->3c->45)C(C)C,CC(C)N([P-2]->[V+5]123456(<-[C-](=O)C->1(=O)[C-]->2=O)<-c1c->3c->4[cH-]->5c->61)C(C)C
IVUSOJ,[O+]#[C-]->[Re+]1(<-[C-]#[O+])(<-[C-]#[O+])(<-[C-]#[O+])<-S=P(c2ccccc2)(c2ccccc2)c2c([P+]([S-])(c3ccccc3)c3ccccc3)nn[n-]->12,C30 H20 N3 O4 P2 Re1 S2,0.0,[O+]#[C-]->[Re+]1(<-[C-]#[O+])(<-[C-]#[O+])(<-[C-]#[O+])<-S=P(c2ccccc2)(c2ccccc2)c2c(P(=S)(c3ccccc3)c3ccccc3)nn[n-]->12,[O+]#[C-]->[Re+]1(<-[C-]#[O+])(<-[C-]#[O+])(<-[C-]#[O+])<-[S-][P+](c2ccccc2)(c2ccccc2)c2c(P(=S)(c3ccccc3)c3ccccc3)nn[n-]->12,[O+]#[C-]->[Re+]1(<-[C-]#[O+])(<-[C-]#[O+])(<-[C-]#[O+])<-[S-][P+](c2ccccc2)(c2ccccc2)c2c(P(=S)(c3ccccc3)c3ccccc3)nn[n-]->12
IWAHIY,CC#N->[Cu+](<-N#CC)<-[N-](S(=O)(=O)C(F)(F)F)S(=O)(=O)C(F)(F)F,C6 H6 Cu1 F6 N3 O4 S2,0.0,CC#N->[Cu+](<-N#CC)<-[N-](S(=O)(=O)C(F)(F)F)S(=O)(=O)C(F)(F)F,CC#N->[Cu+](<-N#CC)<-[N-](S(=O)(=O)C(F)(F)F)S(=O)(=O)C(F)(F)F,CC#N->[Cu+]1(<-N#CC)<-[O-]S(=O)(=N->1S(=O)(=O)C(F)(F)F)C(F)(F)F
IWEBAO,,C34 H41 Cl1 O2 Os1 P1 1+,1.0,CCO[C-2](Cc1ccccc1)->[Os+4]12345(<-[Cl-])(<-c6c->1c->2(C(C)C)c->3c->4c->56C)<-P(OCC)(c1ccccc1)c1ccccc1,CCO[C](Cc1ccccc1)->[Os+2]12345(<-[Cl-])(<-c6c->1c->2(C(C)C)c->3c->4c->56C)<-P(OCC)(c1ccccc1)c1ccccc1,CCO[C](Cc1ccccc1)->[Os+2]12(<-[Cl-])(<-c3c(C(C)C)ccc->1(C)c->23)<-P(OCC)(c1ccccc1)c1ccccc1
IWEJUP,O=N1/C=C2/C=CC=C[N-]2->[Ni+2]<-12(<-N(=O)/C=C1/C=CC=C[N-]->21)<-n1ccccc1-c1ccccn1,C22 H18 N6 Ni1 O2,0.0,[O]N1=Cc2ccccn2->[Ni]<-123(<-N([O])=Cc1ccccn->21)<-n1ccccc1-c1ccccn->31,O=N1C=C2C=CC=C[N-]2->[Ni+2]<-123(<-N(=O)C=C1C=CC=C[N-]->21)<-n1ccccc1-c1ccccn->31,O=N1C=C2C=CC=C[N-]2->[Ni+2]<-123(<-N(=O)C=C1C=CC=C[N-]->21)<-n1ccccc1-c1ccccn->31
IWIXIV,,C22 H50 N4 O1 P2 Se2 Zn1,0.0,fail,C[CH2-]->[Zn+4]1(<-[Se-]P23([N-]->1C(C)(C)C)N(C(C)(C)C)P2([Se-])(NC(C)(C)C)N3C(C)(C)C)<-O1CCCC1,C[CH2-]->[Zn+4]1(<-[Se-]P23([N-]->1C(C)(C)C)N(C(C)(C)C)P2([Se-])(NC(C)(C)C)N3C(C)(C)C)<-O1CCCC1
IWUDEK,,C15 H23 Cl1 Co1 N5 O4 S2,0.0,CCSC1C(SCC)=N(O)->[Co+]2(<-[Cl-])(<-N([O])=C(C)C(C)=N->2O)(<-N=1[O])<-n1ccccc1,CCSC1=C(SCC)[N-](O)->[Co+3]2(<-[Cl-])(<-N(=O)C(C)=C(C)[N-]->2O)(<-N1=O)<-n1ccccc1,CCSC1=C(SCC)[N-](O)->[Co+3]2(<-[Cl-])(<-N(=O)C(C)=C(C)[N-]->2O)(<-N1=O)<-n1ccccc1
IWUGOX,,C19 H21 B1 Br1 Co1 O2 S2,0.0,CC1(C)OB(C2[S-]->[Co+3]3456(<-[S-]C=2c2ccc(Br)cc2)<-c2c->3c->4[cH-]->5c->62)OC1(C)C,CC1(C)OB(C2=S->[Co+]3456(<-S=C2c2ccc(Br)cc2)<-c2c->3c->4[cH-]->5c->62)OC1(C)C,CC1(C)OB(C2=S->[Co+]3456(<-S=C2c2ccc(Br)cc2)<-c2c->3c->4[cH-]->5c->62)OC1(C)C
IXASAD,CO->[Mo+6]12(<-[O-2])(<-[O-2])<-[O-]/C(=N\N->1=C\c1cc(Br)cc(Br)c1[O-]->2)c1ccccc1C,C16 H14 Br2 Mo1 N2 O5,0.0,CO->[Mo+6]12(<-[O-2])(<-[O-2])<-[O-]C(=NN->1=Cc1cc(Br)cc(Br)c1[O-]->2)c1ccccc1C,CO->[Mo+6]12(<-[O-2])(<-[O-2])<-[O-]C(=NN->1=Cc1cc(Br)cc(Br)c1[O-]->2)c1ccccc1C,CO->[Mo+6]12(<-[O-2])(<-[O-2])<-[O-]C(=NN->1=Cc1cc(Br)cc(Br)c1[O-]->2)c1ccccc1C
IXEZOB,Cc1cc(C)c(N2=C3(C)c45->[Fe+2]<-2<-3(<-[Cl-])(<-[Cl-])(<-O=CN(C)C)<-n4c2ccccc2cc5)c(C)c1,C23 H27 Cl2 Fe1 N3 O1,0.0,CC1c2ccc3ccccc3n2->[Fe+2](<-[Cl-])(<-[Cl-])(<-O=CN(C)C)<-N=1c1c(C)cc(C)cc1C,CC1c2ccc3ccccc3n2->[Fe+2](<-[Cl-])(<-[Cl-])(<-O=CN(C)C)<-N=1c1c(C)cc(C)cc1C,CC1=C2C=Cc3ccccc3[N-]2->[Fe+4](<-[Cl-])(<-[Cl-])(<-O=CN(C)C)<-[N-]1c1c(C)cc(C)cc1C
IXOKAJ,C[O-]->[Cu@OH1+3]12<-[O-]c3c(Cl)cc(Cl)cc3/C=N->1/NC(NCCc1ccccc1)=S->2,C17 H18 Cl2 Cu1 N3 O2 S1 1+,1.0,CO->[Cu+2]12<-[O-]c3c(Cl)cc(Cl)cc3C=N->1NC(NCCc1ccccc1)=S->2,C[O-]->[Cu+3]12<-[O-]c3c(Cl)cc(Cl)cc3C=N->1NC(NCCc1ccccc1)=S->2,C[O-]->[Cu+3]12<-[O-]c3c(Cl)cc(Cl)cc3C=N->1NC(NCCc1ccccc1)=S->2
IXUHOZ,O=N([O-])->[Pt+4]1(<-[Cl-])(<-[Cl-])(<-N(=O)[O-])<-n2ccccc2-c2ccccn->12,C10 H8 Cl2 N4 O4 Pt1,0.0,O=[N+](=O)->[Pt]1(<-[Cl-])(<-[Cl-])(<-n2ccccc2-c2ccccn->12)<-[N+](=O)=O,O=N([O-])->[Pt+4]1(<-[Cl-])(<-[Cl-])(<-N(=O)[O-])<-n2ccccc2-c2ccccn->12,O=N([O-])->[Pt+4]1(<-[Cl-])(<-[Cl-])(<-N(=O)[O-])<-n2ccccc2-c2ccccn->12
IYAQUU,C=C(C)C[c-]12->[Ti+4]3456789%10%11(<-[CH2+][C@H](C)C[C-]->3%12[C-]->4([CH2-]->5)[C+]->6(C)[C-]->7(C)[C-]->8%12C)<-c(C)(c->9(C)c->%101C)c->%112C,C26 H38 Ti1,0.0,fail,C=C(C)C[c-]12->[Ti+2]3456789%10%11(<-C=C->3%12C->4(C)=C->5(C)C->6(C)=C->7%12CC(C)[CH2-]->8)<-c(C)(c->9(C)c->%101C)c->%112C,C=C(C)C[c-]12->[Ti+2]3456789%10%11(<-C=C->3%12C->4(C)=C->5(C)C->6(C)=C->7%12CC(C)[CH2-]->8)<-c(C)(c->9(C)c->%101C)c->%112C
IYEXUG,Cc1ccc2N3(C)c4ccc(C)cc4-n4ccc(C(C)C)n4->[Re+]<-3(<-[C-]#[O+])(<-[C-]#[O+])(<-[C-]#[O+])<-n3c(C(C)C)ccn3-c2c1,C30 H33 N5 O3 Re1 1+,1.0,Cc1ccc2N3(C)c4ccc(C)cc4-n4ccc(C(C)C)n4->[Re+]<-3(<-[C-]#[O+])(<-[C-]#[O+])(<-[C-]#[O+])<-n3c(C(C)C)ccn3-c2c1,Cc1ccc2N3(C)c4ccc(C)cc4-n4ccc(C(C)C)n4->[Re+]<-3(<-[C-]#[O+])(<-[C-]#[O+])(<-[C-]#[O+])<-n3c(C(C)C)ccn3-c2c1,Cc1ccc2N3(C)c4ccc(C)cc4-n4ccc(C(C)C)n4->[Re+]<-3(<-[C-]#[O+])(<-[C-]#[O+])(<-[C-]#[O+])<-n3c(C(C)C)ccn3-c2c1
IYUGAK,CC(C)(C)CNc1cccc2CN3Cc4ccccn4->[Zn+2](<-[OH-])(<-n21)<-n1c(C3)cccc1NCC(C)(C)C,C28 H41 N6 O1 Zn1 1+,1.0,CC(C)(C)CNc1cccc2CN34Cc5ccccn5->[Zn+2]<-3(<-[OH-])(<-n21)<-n1c(C4)cccc1NCC(C)(C)C,CC(C)(C)CNc1cccc2CN34Cc5ccccn5->[Zn+2]<-3(<-[OH-])(<-n21)<-n1c(C4)cccc1NCC(C)(C)C,CC(C)(C)CNc1cccc2CN34Cc5ccccn5->[Zn+2]<-3(<-[OH-])(<-n21)<-n1c(C4)cccc1NCC(C)(C)C
IZEWUH,Cc1cccc(C)n1->[Cu+](<-n1c(C)cccc1C)<-[N-](S(C)(=O)=O)S(C)(=O)=O,C16 H24 Cu1 N3 O4 S2,0.0,Cc1cccc(C)n1->[Cu+](<-n1c(C)cccc1C)<-[N-](S(C)(=O)=O)S(C)(=O)=O,Cc1cccc(C)n1->[Cu+](<-n1c(C)cccc1C)<-[N-](S(C)(=O)=O)S(C)(=O)=O,Cc1cccc(C)n1->[Cu+]1(<-O=S(C)(=O)[N-]->1S(C)(=O)=O)<-n1c(C)cccc1C
IZIFAZ,CC(C)(C)c1cc(C(C)(C)C)n2->[Zn+2]3(<-[Br-])<-[S-]C(=S)C(n12)n1c(C(C)(C)C)cc(C(C)(C)C)n->31,C24 H39 Br1 N4 S2 Zn1,0.0,CC(C)(C)c1cc(C(C)(C)C)n2->[Zn+2]3(<-[Br-])<-[S-]C(=S)C(n12)[n+]1c(C(C)(C)C)cc(C(C)(C)C)[n-]->31,CC(C)(C)c1cc(C(C)(C)C)n2->[Zn+2]3(<-[Br-])<-[S-]C(=S)C(n12)n1c(C(C)(C)C)cc(C(C)(C)C)n->31,CC(C)(C)c1cc(C(C)(C)C)n2->[Zn+2]3(<-[Br-])<-[S-]C(=S)C(n12)n1c(C(C)(C)C)cc(C(C)(C)C)n->31
IZIXUL,,C30 H29 Cl1 N4 Ni1,0.0,CN1(C)c2ccccc2[N-](c2ccccc2-c2ccccc2)->[Ni+2]<-1(<-[Cl-])(<-n1ccccc1)<-n1ccccc1,CN1(C)c2ccccc2[N-](c2ccccc2-c2ccccc2)->[Ni+2]<-1(<-[Cl-])(<-n1ccccc1)<-n1ccccc1,CN1(C)c2ccccc2[N-](c2ccccc2-c2ccccc2)->[Ni+2]<-1(<-[Cl-])(<-n1ccccc1)<-n1ccccc1
IZUDUD,CC(C)(C)c1ccc23->[Zr+4]456789%10%11(<-[Cl-])(<-[Cl-])<-c%12c->4(C(C)(C)C)c->5[c-]->6([C@H](c4ccccc4)[c-]->72c->82ccc(C(C)(C)C)cc->92c->%103c1)c->%11%12C,C38 H44 Cl2 Zr1,0.0,CC(C)(C)c1ccc23->[Zr+4]456789%10%11(<-[Cl-])(<-[Cl-])<-c%12c->4(C(C)(C)C)[cH-]->5c->6(C(c4ccccc4)[c-]->72c->82ccc(C(C)(C)C)cc->92c->%103c1)c->%11%12C,CC(C)(C)c1ccc23->[Zr+4]456789%10%11(<-[Cl-])(<-[Cl-])<-c%12c->4(C(C)(C)C)c->5[c-]->6(C(c4ccccc4)[c-]->72c->82ccc(C(C)(C)C)cc->92c->%103c1)c->%11%12C,CC(C)(C)c1ccc23->[Zr+4]456789%10%11(<-[Cl-])(<-[Cl-])<-c%12c->4(C(C)(C)C)c->5[c-]->6(C(c4ccccc4)[c-]->72c->82ccc(C(C)(C)C)cc->92c->%103c1)c->%11%12C
IZUPUQ,,C18 H14 Br2 Hg1 N4 O1,0.0,[Br-]->[Hg+2]12(<-[Br-])<-O=C(NN->1=C(c1ccccc1)c1ccccn->21)c1ccccn1,O=C(NN1=C(c2ccccc2)c2ccccn2->[Hg+2]<-1(<-[Br-])<-[Br-])c1ccccn1,O=C(NN=C(c1ccccc1)c1ccccn1)c1ccccn1.[Br-]->[Hg+2]<-[Br-]
JABTOW,COC(=O)[C@@H](C[CH-]1[C@H]2CCC3->[Pt+2]<-1(<-[Cl-])(<-[Cl-])<-C=3C2)[P+](c1ccccc1)(c1ccccc1)c1ccccc1,C29 H31 Cl2 O2 P1 Pt1,0.0,COC(=O)C(C[CH-]1C2CCC3->[Pt+3]<-1(<-[Cl-])(<-[Cl-])<-C=3C2)[P](c1ccccc1)(c1ccccc1)c1ccccc1,COC(=O)C(C[CH-]1C2CCC3->[Pt+2]<-1(<-[Cl-])(<-[Cl-])<-C=3C2)[P+](c1ccccc1)(c1ccccc1)c1ccccc1,COC(=O)C(C[CH-]1C2CCC3->[Pt+2]<-1(<-[Cl-])(<-[Cl-])<-C=3C2)[P+](c1ccccc1)(c1ccccc1)c1ccccc1
JACSEL,CP1(C)=S->[Os+2]2(<-N#CC(C#N)=C(C#N)C#N)(<-S=P(C)(C)[S-]->2)(<-[S-]1)<-[P@TB5](c1ccccc1)(c1ccccc1)c1ccccc1,C28 H27 N4 Os1 P3 S4,0.0,C[P]1(C)[S-]->[Os+4]2(<-N#CC(C#N)=C(C#N)C#N)(<-[S-]1)(<-[S-][P](C)(C)[S-]->2)<-P(c1ccccc1)(c1ccccc1)c1ccccc1,CP1(C)=S->[Os+2]2(<-N#CC(C#N)=C(C#N)C#N)(<-S=P(C)(C)[S-]->2)(<-[S-]1)<-P(c1ccccc1)(c1ccccc1)c1ccccc1,CP1(C)=S->[Os+2]2(<-N#CC(C#N)=C(C#N)C#N)(<-S=P(C)(C)[S-]->2)(<-[S-]1)<-P(c1ccccc1)(c1ccccc1)c1ccccc1
JADHOO,,C28 H25 Cl1 N4 O1 Pd1,0.0,COc1ccc2-c3cnccn3->[Pd+2](<-[Cl-])(<-[C]3N(c4ccc(C)cc4)C=CN3c3ccc(C)cc3)<-[c-]2c1,COc1ccc2-c3cnccn3->[Pd+2](<-[Cl-])(<-[C]3N(c4ccc(C)cc4)C=CN3c3ccc(C)cc3)<-[c-]2c1,COc1ccc2-c3cnccn3->[Pd+2](<-[Cl-])(<-[C]3N(c4ccc(C)cc4)C=CN3c3ccc(C)cc3)<-[c-]2c1
JAFXEU,C[N+]1(C)CC[c-]23->[Ir+3]4567(<-[I-])(<-[C-]\1=C/c1cccc[c-]->41)<-c(c->5c->62)c->73,C17 H19 I1 Ir1 N1,0.0,C[N+]1(C)CCc23->[Ir+2]4567(<-[I-])(<-[C]1=Cc1cccc[c-]->41)<-c(c->5[cH-]->62)c->73,C[N+]1(C)CC[c-]23->[Ir+3]4567(<-[I-])(<-[C-]1=Cc1cccc[c-]->41)<-c(c->5c->62)c->73,C[N+]1(C)CC[c-]23->[Ir+3]4567(<-[I-])(<-[C-]1=Cc1cccc[c-]->41)<-c(c->5c->62)c->73
JAGNAH,Cn1ccn2->[Zn+2]3(<-[N-]=C=S)(<-[N-]=C=S)(<-N(=N\c12)/c1ccccc1)<-N(=N\c1n(C)ccn->31)/c1ccccc1,C22 H20 N10 S2 Zn1,0.0,Cn1ccn(->[Zn+2](<-[N-]=C=S)(<-[N-]=C=S)<-n2ccn(C)c2N=Nc2ccccc2)c1N=Nc1ccccc1,Cn1ccn(->[Zn+2](<-[N-]=C=S)(<-[N-]=C=S)<-n2ccn(C)c2N=Nc2ccccc2)c1N=Nc1ccccc1,Cn1cc[n-]2->[Zn+6]3(<-[N-]=C=S)(<-[N-]=C=S)(<-[N-](N=c12)c1ccccc1)<-[N-](N=c1n(C)cc[n-]->31)c1ccccc1
JAHWIB,,C25 H45 O1 P2 Pt1 1+,1.0,CC(C)(C)P1(Cc2ccccc2CP(->[PtH+]<-1<-[C-]#[O+])(C(C)(C)C)C(C)(C)C)C(C)(C)C,CC(C)(C)P1(Cc2ccccc2CP(->[PtH+]<-1<-[C-]#[O+])(C(C)(C)C)C(C)(C)C)C(C)(C)C,CC(C)(C)P1(Cc2ccccc2CP(->[PtH+]<-1<-[C-]#[O+])(C(C)(C)C)C(C)(C)C)C(C)(C)C
JAKDUV,CC(C)N1=C2(c3ccccc3)[N-](C(C)C)->[Ti+4]<-1<-2(<-[Cl-])(<-[Cl-])(<-[Cl-])<-O1CCCC1,C17 H27 Cl3 N2 O1 Ti1,0.0,CC(C)N1=C(c2ccccc2)[N-](C(C)C)->[Ti+4]<-1(<-[Cl-])(<-[Cl-])(<-[Cl-])<-O1CCCC1,CC(C)N1=C(c2ccccc2)[N-](C(C)C)->[Ti+4]<-1(<-[Cl-])(<-[Cl-])(<-[Cl-])<-O1CCCC1,CC(C)N1=C2(c3ccccc3)[N-](C(C)C)->[Ti+4]<-1<-2(<-[Cl-])(<-[Cl-])(<-[Cl-])<-O1CCCC1
JAKPAM,Cc1cc(C)c2[NH-]->[Pd+2]3(<-[NH-]c4c(C)cc(C)cc4N->3=O)<-N(=O)c2c1,C16 H18 N4 O2 Pd1,0.0,Cc1cc(C)c2[NH-]->[Pd+4]3(<-[NH-]c4c(C)cc(C)cc4[N-]->3[O])<-[N-]([O])c2c1,Cc1cc(C)c2[NH-]->[Pd+6]3(<-[NH-]c4c(C)cc(C)cc4[N-]->3[O-])<-[N-]([O-])c2c1,Cc1cc(C)c2[NH-]->[Pd+6]3(<-[NH-]c4c(C)cc(C)cc4[N-]->3[O-])<-[N-]([O-])c2c1
JAMFUB,CC(C)(C)N1Cc2cccc3n2->[Cu+](<-[I-])<-n2c(cccc2CN(C(C)(C)C)C3)C1,C22 H32 Cu1 I1 N4,0.0,CC(C)(C)N1Cc2cccc3n2->[Cu+]2(<-[I-])<-n4c(cccc4CN->2(C(C)(C)C)C3)C1,CC(C)(C)N1Cc2cccc3n2->[Cu+]2(<-[I-])<-n4c(cccc4CN->2(C(C)(C)C)C3)C1,CC(C)(C)N1Cc2cccc3n2->[Cu+]2(<-[I-])<-n4c(cccc4CN->2(C(C)(C)C)C3)C1
JAMMUI,[Cl-]->[Hg@TB4+2]123<-N4CCN->15CCN->2CCN->3(CC4)Cc1ccc(cc1)OCCOCCOCCOc1ccc(cc1)C5,C28 H42 Cl1 Hg1 N4 O4 1+,1.0,[Cl-]->[Hg+2]123<-N4CCN->15CCN->2CCN->3(CC4)Cc1ccc(cc1)OCCOCCOCCOc1ccc(cc1)C5,[Cl-]->[Hg+2]1<-N2CCN3CCN->1CCN(CC2)Cc1ccc(cc1)OCCOCCOCCOc1ccc(cc1)C3,[Cl-]->[Hg+2]<-N1CCN2CCNCCN(CC1)Cc1ccc(cc1)OCCOCCOCCOc1ccc(cc1)C2
JANLES,,C16 H27 N1 O1 W1,0.0,fail,CC1(C)=C2[CH2-]->[W+4]<-2<-13456(<-[CH3-])(<-[N-]=O)<-c1(C)c->3(C)c->4(C)[c-]->5(C)c->61C,CC1(C)=C2[CH2-]->[W+4]<-2<-13456(<-[CH3-])(<-[N-]=O)<-c1(C)c->3(C)c->4(C)[c-]->5(C)c->61C
JAPJIW,O=N1/C(=C(/c2ccccc2)[N-](O)->[Fe+2]<-12(<-N(=O)/C(=C(/c1ccccc1)[N-]->2O)c1ccccc1)(<-n1cncnc1)<-n1cncnc1)c1ccccc1,C34 H28 Fe1 N10 O4,0.0,[O]N1=C(C(c2ccccc2)=N(O)->[Fe]<-12(<-N([O])=C(C(c1ccccc1)=N->2O)c1ccccc1)(<-n1cncnc1)<-n1cncnc1)c1ccccc1,O=N1C(=C(c2ccccc2)[N-](O)->[Fe+2]<-12(<-N(=O)C(=C(c1ccccc1)[N-]->2O)c1ccccc1)(<-n1cncnc1)<-n1cncnc1)c1ccccc1,O=N1C(=C(c2ccccc2)[N-](O)->[Fe+2]<-12(<-N(=O)C(=C(c1ccccc1)[N-]->2O)c1ccccc1)(<-n1cncnc1)<-n1cncnc1)c1ccccc1
JARGUF,,C28 H52 Ir1 N1 P2,0.0,CC[N+]#[C-]->[IrH+2]12(<-[CH3-])<-[c-]3c(CP->1(C(C)(C)C)C(C)(C)C)cccc3CP->2(C(C)(C)C)C(C)(C)C,CC[N+]#[C-]->[IrH+2]12(<-[CH3-])<-[c-]3c(CP->1(C(C)(C)C)C(C)(C)C)cccc3CP->2(C(C)(C)C)C(C)(C)C,CC[N+]#[C-]->[IrH+2]12(<-[CH3-])<-[c-]3c(CP->1(C(C)(C)C)C(C)(C)C)cccc3CP->2(C(C)(C)C)C(C)(C)C
JASJES,,C15 H21 B1 Mo1 N4 O2,0.0,fail,CC[B-]1(CC)n2cccn2->[Mo+2]23(<-[C-]#[O+])(<-[C-]#[O+])(<-C=C->2[CH2-]->3)<-n2cccn21,C[CH-][B-]1(CC)n2cccn2->[MoH+3]23(<-[C-]#[O+])(<-[C-]#[O+])(<-C=C->2[CH2-]->3)<-n2cccn21
JASZUZ,,C28 H32 B1 Cl1 O1 Ti1,0.0,Cc1cc(C)c(B([O-]->[Ti+4]23456789(<-[Cl-])(<-c%10c->2c->3[cH-]->4c->5%10)<-c2c->6c->7[cH-]->8c->92)c2c(C)cc(C)cc2C)c(C)c1,Cc1cc(C)c([B-](=O->[Ti+4]23456789(<-[Cl-])(<-c%10c->2c->3[cH-]->4c->5%10)<-c2c->6c->7[cH-]->8c->92)c2c(C)cc(C)cc2C)c(C)c1,Cc1cc(C)c([B-](=O->[Ti+4]23456789(<-[Cl-])(<-c%10c->2c->3[cH-]->4c->5%10)<-c2c->6c->7[cH-]->8c->92)c2c(C)cc(C)cc2C)c(C)c1
JATXOS,Cc1cc(C)n2->[Nb+5]34(<-[Cl-])(<-[Cl-])(<-[CH-]=[C-]->3Cc3ccccc3)<-n3c(C)cc(C)n3[BH-](n12)n1c(C)cc(C)n->41,C24 H30 B1 Cl2 N6 Nb1,0.0,Cc1cc(C)[n-]2->[Nb+3]34(<-[Cl-])(<-[Cl-])(<-C#C->3Cc3ccccc3)<-[n-]3c(C)cc(C)[n+]3[BH-]([n+]12)[n+]1c(C)cc(C)[n-]->41,Cc1cc(C)n2->[Nb+3]34(<-[Cl-])(<-[Cl-])(<-C#C->3Cc3ccccc3)<-n3c(C)cc(C)n3[BH-](n12)n1c(C)cc(C)n->41,Cc1cc(C)n2->[Nb+3]34(<-[Cl-])(<-[Cl-])(<-C#C->3Cc3ccccc3)<-n3c(C)cc(C)n3[BH-](n12)n1c(C)cc(C)n->41
JAWFAD,COC(=O)/C1c2cccc[c-]2->[Ru+2](<-[C-]#[O+])(<-[C-]#[O+])(<-[C-]=1/C(=O)OC)(<-P(C)(C)c1ccccc1)<-P(C)(C)c1ccccc1,C30 H32 O6 P2 Ru1,0.0,COC(=O)C1c2cccc[c-]2->[Ru+2](<-[C-]#[O+])(<-[C-]#[O+])(<-[C-]=1C(=O)OC)(<-P(C)(C)c1ccccc1)<-P(C)(C)c1ccccc1,COC(=O)C1c2cccc[c-]2->[Ru+2](<-[C-]#[O+])(<-[C-]#[O+])(<-[C-]=1C(=O)OC)(<-P(C)(C)c1ccccc1)<-P(C)(C)c1ccccc1,COC(=O)C1c2cccc[c-]2->[Ru+2](<-[C-]#[O+])(<-[C-]#[O+])(<-[C-]=1C(=O)OC)(<-P(C)(C)c1ccccc1)<-P(C)(C)c1ccccc1
JAXNUR,COc1ccc(/C=C2\[C-](=Nc3ccc(C)cc3)->[Mn+](<-[C-]#[O+])(<-[C-]#[O+])(<-[C-]#[O+])(<-[C-]#[O+])<-[C](NC3CCCCC3)N2c2ccc(C)cc2)cc1,C35 H34 Mn1 N3 O5,0.0,COc1ccc(C=C2[C-](=Nc3ccc(C)cc3)->[Mn+](<-[C-]#[O+])(<-[C-]#[O+])(<-[C-]#[O+])(<-[C-]#[O+])<-[C](NC3CCCCC3)N2c2ccc(C)cc2)cc1,COc1ccc(C=C2[C-](=Nc3ccc(C)cc3)->[Mn+](<-[C-]#[O+])(<-[C-]#[O+])(<-[C-]#[O+])(<-[C-]#[O+])<-[C](NC3CCCCC3)N2c2ccc(C)cc2)cc1,COc1ccc(C=C2[C-](=Nc3ccc(C)cc3)->[Mn+](<-[C-]#[O+])(<-[C-]#[O+])(<-[C-]#[O+])(<-[C-]#[O+])<-[C](NC3CCCCC3)N2c2ccc(C)cc2)cc1
JAYJIC,Cc12->[Nb+5]345678(<-[C-]#[O+])(<-[C-]#[O+])(<-[P-]9[P-]->3[P-]->4[P-]->59)<-c1(C)c->6(C)[c-]->7(C)c->82C,C12 H15 Nb1 O2 P4,0.0,fail,Cc12->[Nb+]345678(<-[C-]#[O+])(<-[C-]#[O+])(<-P9=P->3P->4=P->59)<-c1(C)c->6(C)[c-]->7(C)c->82C,Cc12->[Nb+]345678(<-[C-]#[O+])(<-[C-]#[O+])(<-P9=P->3P->4=P->59)<-c1(C)c->6(C)[c-]->7(C)c->82C
JAZZIW,CC(C)(C)C(=O)[O-]->[Ni+2](<-[O-]C(=O)C(C)(C)C)(<-n1ccccc1CO)<-n1ccccc1CO,C22 H32 N2 Ni1 O6,0.0,CC(C)(C)C(=O)[O-]->[Ni+2]12(<-[O-]C(=O)C(C)(C)C)(<-OCc3ccccn->13)<-OCc1ccccn->21,CC(C)(C)C(=O)[O-]->[Ni+2]12(<-[O-]C(=O)C(C)(C)C)(<-OCc3ccccn->13)<-OCc1ccccn->21,CC(C)(C)C(=O)[O-]->[Ni+2](<-[O-]C(=O)C(C)(C)C)(<-n1ccccc1CO)<-n1ccccc1CO
JEDMEL,CN(C)c1ccc(C2=O->[Zn+2]34(<-O=C([O-]->3)c3ccc(N(C)C)cc3)(<-[O-]2)<-n2ccccc2-c2ccccn->42)cc1,C28 H28 N4 O4 Zn1,0.0,fail,CN(C)c1ccc(C2=O->[Zn+2]34(<-O=C([O-]->3)c3ccc(N(C)C)cc3)(<-[O-]2)<-n2ccccc2-c2ccccn->42)cc1,CN(C)c1ccc(C23=O->[Zn+2]<-2456(<-O=C->4([O-]->5)c2ccc(N(C)C)cc2)(<-[O-]3)<-n2ccccc2-c2ccccn->62)cc1
JEFJUZ,c1ccn(->[Zr+4]23456789%10(<-c%11c->2c->3[cH-]->4c->5%11)(<-c2c->6c->7[cH-]->8c->92)<-[N-]([C+]2[CH+][CH+][CH+][CH-][CH-]2)[N-]->%10[C-]2[CH+][CH+][CH-][CH-][CH-]2)cc1,C27 H25 N3 Zr1,0.0,c1ccc([N-]2[N-](c3ccccc3)->[Zr+4]<-23456789%10(<-c2c->3c->4[cH-]->5c->62)(<-c2c->7c->8[cH-]->9c->%102)<-n2ccccc2)cc1,c1ccc([N-]2[N-](c3ccccc3)->[Zr+4]<-23456789%10(<-c2c->3c->4[cH-]->5c->62)(<-c2c->7c->8[cH-]->9c->%102)<-n2ccccc2)cc1,c1ccc([N-]2[N-](c3ccccc3)->[Zr+4]<-23456789%10(<-c2c->3c->4[cH-]->5c->62)(<-c2c->7c->8[cH-]->9c->%102)<-n2ccccc2)cc1
JEFXIB,Cc12->[Ru+2]345(<-[SiH-](c6ccccc6)c6ccccc6)(<-c1(C)c->3(C)[c-]->4(C)c->52C)(<-P(C)(C)C)<-P(C)(C)C,C28 H44 P2 Ru1 Si1,0.0,Cc12->[Ru+3]345(<-[SiH-2](c6ccccc6)c6ccccc6)(<-c1(C)c->3(C)[c-]->4(C)c->52C)(<-P(C)(C)C)<-P(C)(C)C,Cc12->[Ru+2]345(<-[SiH-](c6ccccc6)c6ccccc6)(<-c1(C)c->3(C)[c-]->4(C)c->52C)(<-P(C)(C)C)<-P(C)(C)C,Cc12->[Ru+2]345(<-[SiH-](c6ccccc6)c6ccccc6)(<-c1(C)c->3(C)[c-]->4(C)c->52C)(<-P(C)(C)C)<-P(C)(C)C
JEGHIM,C/C1=C(\C)[N-](O)->[Co+3]2(<-[CH-](C)C)(<-N1=O)(<-N(=O)/C(C)=C(/C)[N-]->2O)<-n1ccn(C)c1C,C16 H29 Co1 N6 O4,0.0,CC1C(C)=N(O)->[Co+]2(<-[CH-](C)C)(<-N=1[O])(<-N([O])=C(C)C(C)=N->2O)<-n1ccn(C)c1C,CC1=C(C)[N-](O)->[Co+3]2(<-[CH-](C)C)(<-N1=O)(<-N(=O)C(C)=C(C)[N-]->2O)<-n1ccn(C)c1C,CC1=C(C)[N-](O)->[Co+3]2(<-[CH-](C)C)(<-N1=O)(<-N(=O)C(C)=C(C)[N-]->2O)<-n1ccn(C)c1C
JEGROF,,C40 H25 F3 Mn1 N7 O5,0.0,CN(C)C=O->[Mn+3]123<-n4c5c(-c6cc(F)c(F)c(F)c6)c6ccc(c(-c7ccc([N+](=O)[O-])cc7)c7ccc(c8ccc(c(-c9ccc([N+](=O)[O-])cc9)c4C=C5)[n-]->18)[n-]->27)[n-]->36,CN(C)C=O->[Mn+3]123<-n4c5c(-c6ccc([N+](=O)[O-])cc6)c6ccc(c(-c7cc(F)c(F)c(F)c7)c7ccc(c(-c8ccc([N+](=O)[O-])cc8)c8ccc(c4C=C5)[n-]->18)[n-]->27)[n-]->36,CN(C)C=O->[Mn+3]123<-n4c5c(-c6ccc([N+](=O)[O-])cc6)c6ccc(c(-c7cc(F)c(F)c(F)c7)c7ccc(c(-c8ccc([N+](=O)[O-])cc8)c8ccc(c4C=C5)[n-]->18)[n-]->27)[n-]->36
JEJDOU,CC(C)C(=O)/C1=c2\cccc\c2=C2/C=CC=C[N-]2->[Rh+3]<-12345(<-[Cl-])<-c1(C)c->2(C)c->3(C)[c-]->4(C)c->51C,C26 H31 Cl1 N1 O1 Rh1,0.0,CC(C)C(=O)[CH-]1c2ccccc2-c2ccccn2->[Rh+3]<-12345(<-[Cl-])<-c1(C)c->2(C)c->3(C)[c-]->4(C)c->51C,CC(C)C(=O)C1=c2ccccc2=C2C=CC=C[N-]2->[Rh+3]<-12345(<-[Cl-])<-c1(C)c->2(C)c->3(C)[c-]->4(C)c->51C,CC(C)C(=O)C1=c2ccccc2=C2C=CC=C[N-]2->[Rh+3]<-12345(<-[Cl-])<-c1(C)c->2(C)c->3(C)[c-]->4(C)c->51C
JEKCAE,CCP(CC)(CC)->[Pd@@+2]1(<-[Cl-])<-[P-](P(C(C)(C)C)C(C)(C)C)P->1(C(C)(C)C)C(C)(C)C,C22 H51 Cl1 P4 Pd1,0.0,CCP(CC)(CC)->[Pd+]1(<-[Cl-])<-P(P(C(C)(C)C)C(C)(C)C)=[P]->1(C(C)(C)C)C(C)(C)C,CCP(CC)(CC)->[Pd+2]1(<-[Cl-])<-[P-](P(C(C)(C)C)C(C)(C)C)P->1(C(C)(C)C)C(C)(C)C,CCP(CC)(CC)->[Pd+2]1(<-[Cl-])<-[P-](P(C(C)(C)C)C(C)(C)C)P->1(C(C)(C)C)C(C)(C)C
JELCOS,[O-]P(c1ccccc1)(c1ccccc1)->[Pt@@+2]1(<-[CH2-]CP->1(c1ccccc1)c1ccccc1)<-P(O)(c1ccccc1)c1ccccc1,C38 H35 O2 P3 Pt1,0.0,O=[PH](c1ccccc1)(c1ccccc1)->[Pt+]1(<-[CH2-]CP->1(c1ccccc1)c1ccccc1)<-P(O)(c1ccccc1)c1ccccc1,[O-]P(c1ccccc1)(c1ccccc1)->[Pt+2]1(<-[CH2-]CP->1(c1ccccc1)c1ccccc1)<-P(O)(c1ccccc1)c1ccccc1,[O-]P(c1ccccc1)(c1ccccc1)->[Pt+2]1(<-[CH2-]CP->1(c1ccccc1)c1ccccc1)<-P(O)(c1ccccc1)c1ccccc1
JELSIC,,C18 H33 Cr1 O8 P2 1+,1.0,COP(OC)(OC)->[Cr+2]1234(<-[C-]#[O+])(<-[C-]#[O+])(<-c5(C)c->1(C)c->2(C)[c-]->3(C)c->45C)<-P(OC)(OC)OC,COP(OC)(OC)->[Cr+2]1234(<-[C-]#[O+])(<-[C-]#[O+])(<-c5(C)c->1(C)c->2(C)[c-]->3(C)c->45C)<-P(OC)(OC)OC,COP(OC)(OC)->[Cr+4]12345(<-[C-](=O)[C-]->1=O)(<-c1(C)c->2(C)c->3(C)[c-]->4(C)c->51C)<-P(OC)(OC)OC
JENBOW,CCC1=C(CC)/C2=C/C3=N4->[Cu@SP1+]56<-N2=C1/C=C1/C(CC)=C(CC)C(=N->51)/C=C1/C(CC)=C(CC)C(=N->61)/C=C\4C(CC)=C3CC,C36 H44 Cu1 N4 1+,1.0,CCC1=C(CC)c2cc3c(CC)c(CC)c4cc5n6->[Cu+3]7(<-n2c1cc1c(CC)c(CC)c(cc6C(CC)=C5CC)[n-]->71)<-[n-]34,CCC1=C(CC)c2cc3c(CC)c(CC)c4cc5n6->[Cu+3]7(<-n2c1cc1c(CC)c(CC)c(cc6C(CC)=C5CC)[n-]->71)<-[n-]34,CCC1=C(CC)c2cc3c(CC)c(CC)c4cc5n6->[Cu+3]7(<-n2c1cc1c(CC)c(CC)c(cc6C(CC)=C5CC)[n-]->71)<-[n-]34
JEPCIR,,C37 H40 Ir1 N2 P1 Si1,0.0,CC[Si-](CC)(CC)->[IrH+2]1(<-n2ccccc2-c2cc3ccccc3[n-]->12)<-P(c1ccccc1)(c1ccccc1)c1ccccc1,CC[Si-](CC)(CC)->[IrH+2]1(<-n2ccccc2-c2cc3ccccc3[n-]->12)<-P(c1ccccc1)(c1ccccc1)c1ccccc1,CC[Si-](CC)(CC)->[IrH+2]1(<-n2ccccc2-c2cc3ccccc3[n-]->12)<-P(c1ccccc1)(c1ccccc1)c1ccccc1
JEQLEZ,,C22 H37 Cl1 O1 Ru1,0.0,CC(C)(C)C[C-2]1C2(O->[Ru+4]<-13456(<-[Cl-])<-c1(C)c->3(C)c->4(C)[c-]->5(C)c->61C)CCCCC2,CC(C)(C)C[C]1C2(O->[Ru+2]<-13456(<-[Cl-])<-c1(C)c->3(C)c->4(C)[c-]->5(C)c->61C)CCCCC2,CC(C)(C)C[C]1C2(O->[Ru+2]<-13456(<-[Cl-])<-c1(C)c->3(C)c->4(C)[c-]->5(C)c->61C)CCCCC2
JERWOT,CC1=O->[Cd+2]234(<-[O-]1)<-[O-][N+](/N=C(C(=N/N->2=C(\C)c1ccccn->31)\c1ccccc1)/c1ccccc1)=C(/C)c1ccccn->41,C30 H29 Cd1 N6 O3 1+,1.0,fail,CC1=O->[Cd+4]234(<-[O-2])(<-[O-]1)<-N(N=C(C(=NN->2=C(C)c1ccccn->31)c1ccccc1)c1ccccc1)=C(C)c1ccccn->41,CC1=C2C=CC=C[N-]2->[Cd+4]2345(<-O=C->2(C)[O-]->3)<-[O-]N1N=C(C(=NN->4=C(C)c1ccccn->51)c1ccccc1)c1ccccc1
JETGIY,O=C1C=C2[O-]->[Fe+2]345(<-O)(<-O)(<-O=C->32c2ccccc21)<-O=C->41C([O-]->5)=CC(=O)c2ccccc21,C20 H14 Fe1 O8,0.0,O=C1C=C2[O-]->[Fe+2]3(<-O)(<-O)(<-O=C2c2ccccc21)<-O=C1C([O-]->3)=CC(=O)c2ccccc21,[O-]c1cc2[O-]->[Fe+6]3(<-O)(<-O)(<-[O-]c4cc([O-])c5ccccc5c4[O-]->3)<-[O-]c2c2ccccc12,[O-]c1cc2[O-]->[Fe+6]3(<-O)(<-O)(<-[O-]c4cc([O-])c5ccccc5c4[O-]->3)<-[O-]c2c2ccccc12
JEVRAD,CC1/C=C(/C)[O-]->[Cr+4]23(<-[O-2])(<-O=1)<-N1(C)CCN->2(C)CCN->3(C)CC1,C14 H29 Cr1 N3 O3 1+,1.0,CC1=CC(C)=O->[Cr+3]23(<-[OH-])(<-[O-]1)<-N1(C)CCN->2(C)CCN->3(C)CC1,CC1=CC(C)=O->[Cr+4]23(<-[O-2])(<-[O-]1)<-N1(C)CCN->2(C)CCN->3(C)CC1,CC1=CC(C)=O->[Cr+4]23(<-[O-2])(<-[O-]1)<-N1(C)CCN->2(C)CCN->3(C)CC1
JEXYUJ,,C24 H18 N2 Ti1,0.0,c1ccc2c(c1)C1=[N-]->[Ti+4]3456789%10(<-[N-]=C1c1ccccc1-2)(<-c1c->3c->4[cH-]->5c->61)<-c1c->7c->8[cH-]->9c->%101,c1ccc2c(c1)C1=[N-]->[Ti+4]3456789%10(<-[N-]=C1c1ccccc1-2)(<-c1c->3c->4[cH-]->5c->61)<-c1c->7c->8[cH-]->9c->%101,c1ccc2c(c1)C1=[N-]->[Ti+4]3456789%10(<-[N-]=C1c1ccccc1-2)(<-c1c->3c->4[cH-]->5c->61)<-c1c->7c->8[cH-]->9c->%101
JEYQAG,,C16 H17 Br1 Co1 N5 O4,0.0,[O]N1=CC=N(O)->[Co+]<-12(<-[CH2-]c1ccccc1Br)(<-N([O])=CC=N->2O)<-n1ccccc1,O=N1C=C[N-](O)->[Co+3]<-12(<-[CH2-]c1ccccc1Br)(<-N(=O)C=C[N-]->2O)<-n1ccccc1,O=N1C=C[N-](O)->[Co+3]<-12(<-[CH2-]c1ccccc1Br)(<-N(=O)C=C[N-]->2O)<-n1ccccc1
JIBLEL,CC1(C)[C@H]2C[C@@H]1C(C)(C)[c-]13->[Ti+4]456789%10(<-[Cl-])(<-[Cl-])(<-c(c->4c->512)c->63)<-c1c->7c->82[c-]->9(c->%101)C(C)(C)[C@H]1C[C@@H]2C1(C)C,C28 H38 Cl2 Ti1,0.0,CC1(C)C2CC1c13->[Ti+4]456789%10(<-[Cl-])(<-[Cl-])(<-c1[cH-]->4c->5c->63C2(C)C)<-c1[cH-]->7c->8c->92c->%101C1CC(C1(C)C)C2(C)C,CC1(C)C2CC1c13->[Ti+4]456789%10(<-[Cl-])(<-[Cl-])(<-c(c->41)c->5[c-]->63C2(C)C)<-c1c->7c->82[c-]->9(c->%101)C(C)(C)C1CC2C1(C)C,CC1(C)c2cc3->[Ti+4]4567(<-[Cl-])(<-[Cl-])(<-c8c->4c->54[c-]->6(c->78)C(C)(C)C5CC4C5(C)C)<-[cH-]3c2C2CC1C2(C)C
JIDSUN,,C37 H34 B1 N9 O2 S1 Zn1,0.0,Cc1cc(-c2ccccc2)nn1[BH-]1[n+]2c(C)cc(-c3ccccc3)[n-]2->[Zn+2]2(<-O)(<-n3ccccc3-c3noc(=S)[n-]->23)<-[n-]2c(-c3ccccc3)cc(C)[n+]21,Cc1cc(-c2ccccc2)nn1[BH-]1n2c(C)cc(-c3ccccc3)n2->[Zn+2]2(<-O)(<-n3ccccc3-c3noc(=S)[n-]->23)<-n2c(-c3ccccc3)cc(C)n21,Cc1cc(-c2ccccc2)nn1[BH-]1n2c(C)cc(-c3ccccc3)n2->[Zn+2]2(<-O)(<-n3ccccc3-c3noc(=S)[n-]->23)<-n2c(-c3ccccc3)cc(C)n21
JIFXUU,,C22 H22 N2 O1 Pd1 S1,0.0,CC1(C)[CH2-]->[Pd+2]2(<-n3ccccc3)<-[N-](C1=O)c1ccccc1S->2c1ccccc1,CC1(C)[CH2-]->[Pd+2]2(<-n3ccccc3)<-[N-](C1=O)c1ccccc1S->2c1ccccc1,CC1(C)[CH2-]->[Pd+2]23(<-n4ccccc4)<-[N-](C1=O)c1ccccc1S->2c->31ccccc1
JIJPEX,Cc1ccn(->[Cu+3]23(<-[O-]CC/N->2=C/c2ccccc2[O-]->3)<-[O-][N+](=O)[O-])cc1,C15 H17 Cu1 N3 O5,0.0,Cc1ccn(->[Cu+2]23(<-[O-]c4ccccc4C=N->2CCO->3)<-[O-][N+](=O)[O-])cc1,Cc1ccn(->[Cu+3]23<-[O-]CCN->2=Cc2ccccc2[O-]->3)cc1.O=[N+]([O-])[O-],Cc1ccn(->[Cu+3]23(<-[O-]CCN->2=Cc2ccccc2[O-]->3)<-[O-][N+](=O)[O-])cc1
JILPEZ,[Cl-]->[Pt+2]1234(<-[Cl-])(<-C=C->1)<-C=C->21C[C@H]2CC->3(=C->4)C[C@@H](C1)C2,C13 H20 Cl2 Pt1,0.0,[Cl-]->[Pt+2]1234(<-[Cl-])(<-C=C->1)<-C=C->21CC2CC(C1)CC->3(=C->4)C2,[Cl-]->[Pt+2]1234(<-[Cl-])(<-C=C->1)<-C=C->21CC2CC(C1)CC->3(=C->4)C2,[Cl-]->[Pt+2]1234(<-[Cl-])(<-C=C->1)<-C=C->21CC2CC(C1)CC->3(=C->4)C2
JIMXIN,Cc1cccc(C)c1-c1cccc23/C4=N(/c5c(C(C)C)cccc5C(C)C)->[Fe+2]<-4<-2(<-[Cl-])(<-[Cl-])<-n13,C26 H30 Cl2 Fe1 N2,0.0,Cc1cccc(C)c1-c1cccc2C=N(c3c(C(C)C)cccc3C(C)C)->[Fe+2](<-[Cl-])(<-[Cl-])<-n21,Cc1cccc(C)c1-c1cccc2C=N(c3c(C(C)C)cccc3C(C)C)->[Fe+2](<-[Cl-])(<-[Cl-])<-n21,Cc1cccc(C)c1-c1cccc2C=N(c3c(C(C)C)cccc3C(C)C)->[Fe+2](<-[Cl-])(<-[Cl-])<-n21
JIPPEG,,C19 H43 N1 O2 P2 Ru1,0.0,CC[O-]->[RuH+]12(<-[C-]#[O+])<-N(CCP->1(C(C)C)C(C)C)CCP->2(C(C)C)C(C)C,CC[O-]->[RuH+]12(<-[C-]#[O+])<-N(CCP->1(C(C)C)C(C)C)CCP->2(C(C)C)C(C)C,CC[O-]->[RuH+]12(<-[C-]#[O+])<-N(CCP->1(C(C)C)C(C)C)CCP->2(C(C)C)C(C)C
JIQTIP,CC(C)(C)/C1=N/N2=C/c3ccccc3[O-]->[V+5]<-23(<-[O-2])(<-[O-]1)<-[O-]c1cccc2cccn->3c12,C21 H20 N3 O4 V1,0.0,CC(C)(C)C1=NN2=Cc3ccccc3[O-]->[V+5]<-23(<-[O-2])(<-[O-]1)<-[O-]c1cccc2cccn->3c12,CC(C)(C)C1=NN2=Cc3ccccc3[O-]->[V+5]<-23(<-[O-2])(<-[O-]1)<-[O-]c1cccc2cccn->3c12,CC(C)(C)C1=NN2=Cc3ccccc3[O-]->[V+5]<-23(<-[O-2])(<-[O-]1)<-[O-]c1cccc2cccn->3c12
JIRVEO,CO[C@@H]1CC/C2->[Pd+2]345(<-[H][B-](C)(n6ccc7cccn->3c76)n3ccc6cccn->4c63)<-C=2\CC[CH-]->51,C24 H29 B1 N4 O1 Pd1,0.0,COC1CCC2->[Pd+2]34(<-C=2CC[CH-]->31)<-n1cccc2ccn([BH-](C)n3ccc5cccn->4c53)c21,COC1CCC2->[Pd+2]34(<-C=2CC[CH-]->31)<-n1cccc2ccn([BH-](C)n3ccc5cccn->4c53)c21,COC1CCC2->[Pd+2]34(<-C=2CC[CH-]->31)<-n1cccc2ccn([BH-](C)n3ccc5cccn->4c53)c21
JISWUD,C[S@](=O)(c1ccccc1)->[Pt+2](<-[Cl-])(<-[Cl-])<-[S@@](C)(=O)c1ccccc1,C14 H16 Cl2 O2 Pt1 S2,0.0,CS(=O)(c1ccccc1)->[Pt+2](<-[Cl-])(<-[Cl-])<-S(C)(=O)c1ccccc1,CS(=O)(c1ccccc1)->[Pt+2](<-[Cl-])(<-[Cl-])<-S(C)(=O)c1ccccc1,CS(=O)(c1ccccc1)->[Pt+2](<-[Cl-])(<-[Cl-])<-S(C)(=O)c1ccccc1
JITKIG,C[Si-]1(C)S[Si-](C)(C)->[Mo+4]<-123456789(<-c1c->2c->3[cH-]->4c->51)<-c1c->6c->7[cH-]->8c->91,C14 H22 Mo1 S1 Si2,0.0,C[Si-]1(C)S[Si-](C)(C)->[Mo+4]<-123456789(<-c1c->2c->3[cH-]->4c->51)<-c1c->6c->7[cH-]->8c->91,C[Si]1(C)=S=[Si](C)(C)->[Mo+2]<-123456789(<-c1c->2c->3[cH-]->4c->51)<-c1c->6c->7[cH-]->8c->91,C[Si]1(C)=S=[Si](C)(C)->[Mo+2]<-123456789(<-c1c->2c->3[cH-]->4c->51)<-c1c->6c->7[cH-]->8c->91
JIWQAH,CC(C)(C)c1cc2[N-](c3ccccc3)->[Ru+4]3(<-[Cl-])(<-[Cl-])(<-N=C4C=CC=C/C4=N->3\c3ccccc3)<-[O-]c2c(C(C)(C)C)c1,C32 H35 Cl2 N3 O1 Ru1,0.0,CC(C)(C)C1=CC2=N(c3ccccc3)->[Ru+2]3(<-[Cl-])(<-[Cl-])(<-N=C4C=CC=CC4=N->3c3ccccc3)<-O=C2C(C(C)(C)C)=C1,CC(C)(C)c1cc2[N-](c3ccccc3)->[Ru+6]3(<-[Cl-])(<-[Cl-])(<-[NH-]c4ccccc4[N-]->3c3ccccc3)<-[O-]c2c(C(C)(C)C)c1,CC(C)(C)c1cc2[N-](c3ccccc3)->[Ru+6]3(<-[Cl-])(<-[Cl-])(<-[NH-]c4ccccc4[N-]->3c3ccccc3)<-[O-]c2c(C(C)(C)C)c1
JIXQAJ,C/C1=C(/N=N(/c2ccc(C)cc2)->[Ni@SP2+2]23<-N(/CC[N-]->21)=C(C)\C(=N/[N-]->3c1ccc(C)cc1)C(=O)C(F)(F)C(F)(F)C(F)(F)C(F)F)C(=O)C(F)(F)C(F)(F)C(F)(F)C(F)F,C32 H26 F16 N6 Ni1 O2,0.0,CC1C(=N[N-](c2ccc(C)cc2)->[Ni+2]23<-N=1CCN->2=C(C)C(=N[N-]->3c1ccc(C)cc1)C(=O)C(F)(F)C(F)(F)C(F)(F)C(F)F)C(=O)C(F)(F)C(F)(F)C(F)(F)C(F)F,Cc1ccc([N-]2[N-][C+]([C+]([O-])C(F)(F)C(F)(F)C(F)(F)C(F)F)[C-](C)[N-]3CC[N-]4[C+](C)[C+]([N-][N-](c5ccc(C)cc5)->[Ni+6]<-2<-4<-3)[C-]([O-])C(F)(F)C(F)(F)C(F)(F)C(F)F)cc1,Cc1ccc([N-]2[N-][C+]([C+]([O-])C(F)(F)C(F)(F)C(F)(F)C(F)F)[C-](C)[N-]3CC[N-]4[C+](C)[C+]([N-][N-](c5ccc(C)cc5)->[Ni+6]<-2<-4<-3)[C-]([O-])C(F)(F)C(F)(F)C(F)(F)C(F)F)cc1
JIYKEI,CCN1(CC)Cc2cccc3C=[S@@]([O-])(C(C)(C)C)->[Ir@OH17+]<-1(<-[C-]#[O+])<-n32,C16 H25 Ir1 N2 O2 S1,0.0,CCN1(CC)CC2=CC=CC3=CS(=O)(C(C)(C)C)->[Ir+]<-1(<-[C-]#[O+])<-[N-]32,CCN1(CC)Cc2cccc3C=S([O-])(C(C)(C)C)->[Ir+]<-1(<-[C-]#[O+])<-n32,CCN1(CC)Cc2cccc3C=S([O-])(C(C)(C)C)->[Ir+]<-1(<-[C-]#[O+])<-n32
JIYVAP,,C24 H12 F4 N2 O2 Os1,0.0,[O+]#[C-]->[Os+2]12(<-[C-]#[O+])(<-[c-]3cc(F)cc(F)c3-c3ccccn->13)<-[c-]1cc(F)cc(F)c1-c1ccccn->21,[O+]#[C-]->[Os+2]12(<-[C-]#[O+])(<-[c-]3cc(F)cc(F)c3-c3ccccn->13)<-[c-]1cc(F)cc(F)c1-c1ccccn->21,[O+]#[C-]->[Os+2]12(<-[C-]#[O+])(<-[c-]3cc(F)cc(F)c3-c3ccccn->13)<-[c-]1cc(F)cc(F)c1-c1ccccn->21
JIZPAK,,C27 H34 Cl1 Ir1 N2 P1 1+,1.0,CC(C)[n+]1c[c]2->[IrH+]345(<-[Cl-])(<-C6=C->3CCC->4=C->5CC6)<-P(Cn2c1)(c1ccccc1)c1ccccc1,CC(C)n1c[c-]2->[IrH+2]345(<-[Cl-])(<-C6=C->3CCC->4=C->5CC6)<-P(C[n+]2c1)(c1ccccc1)c1ccccc1,CC(C)n1c[c-]2->[IrH+2]345(<-[Cl-])(<-C6=C->3CCC->4=C->5CC6)<-P(C[n+]2c1)(c1ccccc1)c1ccccc1
JOBTIG,,C24 H31 B1 N6 O2 W1,0.0,Cc1cc(C)n2->[W+4]3(<-[C-3]C#CC(C)(C)C)(<-[C-]#[O+])(<-[C-]#[O+])<-n4c(C)cc(C)n4[BH-](n12)n1c(C)cc(C)n->31,Cc1cc(C)n2->[W+4]3(<-[C-3][C][C]C(C)(C)C)(<-[C-]#[O+])(<-[C-]#[O+])<-n4c(C)cc(C)n4[BH-](n12)n1c(C)cc(C)n->31,Cc1cc(C)n2->[W+4]3(<-[C-3][C][C]C(C)(C)C)(<-[C-]#[O+])(<-[C-]#[O+])<-n4c(C)cc(C)n4[BH-](n12)n1c(C)cc(C)n->31
JOCGEP,,C24 H27 Cl1 Ir1 N4 1+,1.0,Cc1[c]2->[Ir+2]3456(<-[Cl-])(<-n7ccccc7-n2n[n+]1-c1ccccc1)<-c1(C)c->3(C)c->4(C)[c-]->5(C)c->61C,Cc1[c-]2->[Ir+3]3456(<-[Cl-])(<-n7ccccc7-n2n[n+]1-c1ccccc1)<-c1(C)c->3(C)c->4(C)[c-]->5(C)c->61C,Cc1[c-]2->[Ir+3]3456(<-[Cl-])(<-n7ccccc7-n2n[n+]1-c1ccccc1)<-c1(C)c->3(C)c->4(C)[c-]->5(C)c->61C
JOCXEE,O=C1CN23->[Co@OH5+3]4(<-[O-]1)(<-[O-]C(=O)CN->4(CCC2)CCC3)<-S(=O)([O-])[O-],C10 H16 Co1 N2 O7 S1 1-,-1.0,O=C1CN23->[Co+2]4(<-[O-]1)(<-[O-]C(=O)CN->4(CCC2)CCC3)<-[SH](=O)(=O)[O-],O=C1CN23->[Co+]4(<-[O-]1)(<-[O-]C(=O)CN->4(CCC2)CCC3)<-S(=O)(=O)=O,O=C1CN23->[Co+]4(<-[O-]1)(<-[O-]C(=O)CN->4(CCC2)CCC3)<-S(=O)(=O)=O
JODWAB,,C24 H12 F4 N2 O2 Os1,0.0,[O+]#[C-]->[Os+2]12(<-[C-]#[O+])(<-[c-]3cc(F)cc(F)c3-c3ccccn->13)<-[c-]1cc(F)cc(F)c1-c1ccccn->21,[O+]#[C-]->[Os+2]12(<-[C-]#[O+])(<-[c-]3cc(F)cc(F)c3-c3ccccn->13)<-[c-]1cc(F)cc(F)c1-c1ccccn->21,[O+]#[C-]->[Os+2]12(<-[C-]#[O+])(<-[c-]3cc(F)cc(F)c3-c3ccccn->13)<-[c-]1cc(F)cc(F)c1-c1ccccn->21
JOGJAQ,O=C1CN23->[Co+5]456(<-[CH2-]N->4(CCC[N-]->5CC[N-]->6CCC2)CC3)<-[O-]1,C13 H24 Co1 N4 O2 1+,1.0,O=C1CN23->[Co+5]456(<-[CH2-]N->4(CCC[N-]->5CC[N-]->6CCC2)CC3)<-[O-]1,O=C1CN23->[Co+5]456(<-[CH2-]N->4(CCC[N-]->5CC[N-]->6CCC2)CC3)<-[O-]1,O=C1CN23->[Co+3]456(<-C=[N+]->4(CCC[N-]->5CC[N-]->6CCC2)CC3)<-[O-]1
JOGWEH,CC(C)(C)[CH2-]->[Pt+2]123(<-C4=C->1[C@H]1[C@@H]5C[C@@H]6[C@H]1C->2=C->3[C@@H]6[C@H]45)<-[CH-]1C[C@H]2CC[C@@H]1C2,C23 H34 Pt1,0.0,CC(C)(C)[CH2-]->[Pt+6]123(<-[CH-]4CC5CCC4C5)<-[CH-]4C5C6CC7C5[CH-]->1[CH-]->2C7C6[CH-]->34,CC(C)(C)[CH2-]->[Pt+2]123(<-C4=C->1C1C5CC6C(C54)C->2=C->3C61)<-[CH-]1CC2CCC1C2,CC(C)(C)[CH2-]->[Pt+2]123(<-C4=C->1C1C5CC6C(C54)C->2=C->3C61)<-[CH-]1CC2CCC1C2
JOHSII,CC1(C)CS(->[Re+](<-[Cl-])(<-[C-]#[O+])(<-[C-]#[O+])(<-[C-]#[O+])<-[C-]#[O+])C1,C9 H10 Cl1 O4 Re1 S1,0.0,CC1(C)CS(->[Re+](<-[Cl-])(<-[C-]#[O+])(<-[C-]#[O+])(<-[C-]#[O+])<-[C-]#[O+])C1,CC1(C)CS(->[Re+](<-[Cl-])(<-[C-]#[O+])(<-[C-]#[O+])(<-[C-]#[O+])<-[C-]#[O+])C1,CC1(C)CS(->[Re+](<-[Cl-])(<-[C-]#[O+])(<-[C-]#[O+])(<-[C-]#[O+])<-[C-]#[O+])C1
JOJJUP,CC(=O)C1/N=N2/c3ccccc3S(Cc3ccccn3)->[Ni@OH13+2]<-234<-n2ccccc2CS->3c2ccccc2[N-]->4\N=1,C27 H23 N6 Ni1 O1 S2 1+,1.0,CC(=O)C1=N[N-]2c3ccccc3S3Cc4ccccn4->[Ni+2]<-2<-345<-N(=N1)c1ccccc1S->4Cc1ccccn->51,CC(=O)C1=N[N-]2c3ccccc3S3Cc4ccccn4->[Ni+2]<-2<-345<-N(=N1)c1ccccc1S->4Cc1ccccn->51,CC(=O)C1=N[N-]2c3ccccc3S3Cc4ccccn4->[Ni+2]<-2<-345<-N(=N1)c1ccccc1S->4Cc1ccccn->51
JOJTEI,CO[C@H](C[O-])c12->[Ru+2]3456(<-[Cl-])(<-N[C@@H](C)c7ccccc7)(<-c(c->3c->41)c->5c->62)<-[PH2+](c1ccccc1)c1ccccc1,C29 H32 Cl1 N1 O2 P1 Ru1 1+,1.0,COC1COP(c2ccccc2)(c2ccccc2)->[Ru+2]23456(<-[Cl-])(<-NC(C)c7ccccc7)<-c7c->2c->3c->41c->5c->67,COC1COP(c2ccccc2)(c2ccccc2)->[Ru+2]23456(<-[Cl-])(<-NC(C)c7ccccc7)<-c7c->2c->3c->41c->5c->67,COC1COP(c2ccccc2)(c2ccccc2)->[Ru+2]23456(<-[Cl-])(<-NC(C)c7ccccc7)<-c7c->2c->3c->41c->5c->67
JOLWOY,C=c1c(=C)c2->[W]3456789%10(<-c1c->3c->42)(<-c1c(=C)c(=C)c->5c->6c->71)<-c1c(=C)c(=C)c->8c->9c->%101,C24 H24 W1,0.0,c1ccc2[CH2-]->[W+6]34(<-[CH2-]c2c1)(<-[CH2-]c1ccccc1[CH2-]->3)<-[CH2-]c1ccccc1[CH2-]->4,c1ccc23=C->[W]<-2456789%10(<-C=c->43c1)(<-C=c->51ccccc->61=C->7)<-C=c->81ccccc->91=C->%10,c1ccc23=C->[W]<-2456789%10(<-C=c->43c1)(<-C=c->51ccccc->61=C->7)<-C=c->81ccccc->91=C->%10
JOMNUX,,C45 H29 Cu1 N2 O4,0.0,COc1c(OC)c2ccc3C(=C4C=CC5C(=C6C=CC(=O)[N-]6->[Cu+3]6(<-[c-]7c(C(=O)c8ccccc8)ccc1c7c2[c-]->63)<-N=54)c1ccccc1)c1ccccc1,COc1c(OC)c2ccc3C(=C4C=CC5C(=C6C=CC(=O)[N-]6->[Cu+3]6(<-[c-]7c(C(=O)c8ccccc8)ccc1c7c2[c-]->63)<-N=54)c1ccccc1)c1ccccc1,COc1c(OC)c2ccc3C(=C4C=CC5C(=C6C=CC(=O)[N-]6->[Cu+3]6(<-[c-]7c(C(=O)c8ccccc8)ccc1c7c2[c-]->63)<-N=54)c1ccccc1)c1ccccc1
JONZIX,Cc1cc(C)c(/N2=C3C(=N(/c4c(C)cc(C)cc4C)->[Ni+2]<-24<-[O-]c2c([O-]->4)c4ccccc4c4ccccc24)/c2cccc4cccc/3c24)c(C)c1,C44 H36 N2 Ni1 O2,0.0,Cc1cc(C)c(N2=C3C(=N(c4c(C)cc(C)cc4C)->[Ni+2]<-24<-[O-]c2c([O-]->4)c4ccccc4c4ccccc24)c2cccc4cccc3c24)c(C)c1,Cc1cc(C)c([N-]2C3=C([N-](c4c(C)cc(C)cc4C)->[Ni+4]<-24<-[O-]c2c([O-]->4)c4ccccc4c4ccccc24)c2cccc4cccc3c24)c(C)c1,Cc1cc(C)c([N-]2C3=C([N-](c4c(C)cc(C)cc4C)->[Ni+4]<-24<-[O-]c2c([O-]->4)c4ccccc4c4ccccc24)c2cccc4cccc3c24)c(C)c1
JOPHII,,C8 H8 N2 Ni1 O6 S2,0.0,O=C1[O-]->[Ni+2]2(<-O)(<-O)(<-[O-]C(=O)c3sccn->23)<-n2ccsc21,O=C1[O-]->[Ni+2]2(<-O)(<-O)(<-[O-]C(=O)c3sccn->23)<-n2ccsc21,O.O.O=C1[O-]->[Ni+2]2(<-[O-]C(=O)c3sccn->23)<-n2ccsc21
JOQXAO,,C16 H12 F12 Mo1 O2,0.0,FC(F)(F)C([O-]->[Mo+4]12345678(<-[O-]C(C(F)(F)F)C(F)(F)F)(<-c9c->1c->2[cH-]->3c->49)<-c1c->5c->6[cH-]->7c->81)C(F)(F)F,FC(F)(F)C(=O->[Mo+2]12345678(<-O=C(C(F)(F)F)C(F)(F)F)(<-c9c->1c->2[cH-]->3c->49)<-c1c->5c->6[cH-]->7c->81)C(F)(F)F,FC(F)(F)C(=O->[Mo+2]12345678(<-O=C(C(F)(F)F)C(F)(F)F)(<-c9c->1c->2[cH-]->3c->49)<-c1c->5c->6[cH-]->7c->81)C(F)(F)F
JOVQAP,Cc1ccc(NC2/N=N3/C=C4/C=CC=C[N-]4->[Ni@OH20+2]<-3(<-[Cl-])<-S=2)c(C)c1,C15 H15 Cl1 N4 Ni1 S1,0.0,Cc1ccc(NC2=NN3=Cc4ccccn4->[Ni+2]<-3(<-[Cl-])<-[S-]2)c(C)c1,Cc1ccc(NC2N=N3C=C4C=CC=C[N-]4->[Ni+2]<-3(<-[Cl-])<-S=2)c(C)c1,Cc1ccc(NC2N=N3C=C4C=CC=C[N-]4->[Ni+2]<-3(<-[Cl-])<-S=2)c(C)c1
JOWXEA,,C22 H26 Cd1 Cl1 N6 O5 1+,1.0,CO->[Cd+2]123(<-[O-][Cl+3]([O-])([O-])[O-])<-N(CCCN->1=C(C)c1[nH]c4ccccc4n->21)=C(C)c1[nH]c2ccccc2n->31,CO->[Cd+8]123(<-[O-2])<-N(=C(C)c4[nH]c5ccccc5n->14)CCCN->2=C(C)c1[nH]c2ccccc2n->31.[O-2].[O-2].[O-]Cl,CC1=N2->[Cd+8]3(<-[O-2])(<-[O-2])(<-N(=C(C)c4[nH]c5ccccc5n->34)CCC2)<-n2c1[nH]c1ccccc12.CO.[O-2].[O-]Cl
JOYDIK,,C7 H12 Au1 I2 N2 S2 1+,1.0,CN1CCCN(C)C2=S->[Au+3](<-[I-])(<-[I-])<-S=C21,CN1CCCN(C)C2=S->[Au+3](<-[I-])(<-[I-])<-S=C21,CN1CCCN(C)C2=S->[Au+]<-S=C21.II
JUBSUU,Cc1cc(=O)[n-](->[Hg+2]<-[n-]2c(=O)cc(C)c3ccccc32)c2ccccc12,C20 H16 Hg1 N2 O2,0.0,Cc1cc(=O)[n-](->[Hg+2]<-[n-]2c(=O)cc(C)c3ccccc32)c2ccccc12,Cc1cc(=O)[n-](->[Hg+2]<-[n-]2c(=O)cc(C)c3ccccc32)c2ccccc12,Cc1cc2[O-]->[Hg+2]3(<-[O-]c4cc(C)c5ccccc5n->34)<-n2c2ccccc12
JUDKUQ,,C29 H23 Ir1 N2 O2 S2,0.0,CS1c2ccccc2[SH](=O)(=O)->[Ir+2]<-123(<-[c-]1ccccc1-c1ccccn->21)<-[c-]1ccccc1-c1ccccn->31,CS1c2ccccc2S(=O)([O-])->[Ir+3]<-123(<-[c-]1ccccc1-c1ccccn->21)<-[c-]1ccccc1-c1ccccn->31,CS1c2ccccc2S(=O)([O-])->[Ir+3]<-123(<-[c-]1ccccc1-c1ccccn->21)<-[c-]1ccccc1-c1ccccn->31
JUFNON,CP(C)(c1ccccc1)->[Pt+2](<-[Cl-])(<-[c-]1ccccn1)<-P(C)(C)c1ccccc1,C21 H26 Cl1 N1 P2 Pt1,0.0,CP(C)(c1ccccc1)->[Pt+](<-[Cl-])(<-[c]1ccccn1)<-P(C)(C)c1ccccc1,CP(C)(c1ccccc1)->[Pt+2](<-[Cl-])(<-[c-]1ccccn1)<-P(C)(C)c1ccccc1,CP(C)(c1ccccc1)->[Pt+2](<-[Cl-])(<-[c-]1ccccn1)<-P(C)(C)c1ccccc1
JUGRUA,CCc1ccn(->[Zn@OH8+2]234<-n5c6nc7c8ccccc8c(nc8n->2c(nc2c9ccccc9c(nc5-c5ccccc5-6)[n-]->32)-c2ccccc2-8)[n-]->47)cc1,C39 H25 N9 Zn1,0.0,CCc1ccn(->[Zn+2]234<-n5c6nc7c8ccccc8c(nc8n->2c(nc2c9ccccc9c(nc5-c5ccccc5-6)[n-]->32)-c2ccccc2-8)[n-]->47)cc1,,
JUJKOQ,,C36 H27 N2 O1 P1 Pt1,0.0,C1c2c3ccccc3cc[c-]2->[Pt+2]2(<-[O-]C(=NN->2=1)c1ccccc1)<-P(c1ccccc1)(c1ccccc1)c1ccccc1,C1c2c3ccccc3cc[c-]2->[Pt+2]2(<-[O-]C(=NN->2=1)c1ccccc1)<-P(c1ccccc1)(c1ccccc1)c1ccccc1,C1c2c3ccccc3cc[c-]2->[Pt+2]2(<-[O-]C(=NN->2=1)c1ccccc1)<-P(c1ccccc1)(c1ccccc1)c1ccccc1
JUKRIQ,C1\c2ccccc2[O-]->[Ti+4]2345<-[O-]c6ccccc6[C@@H]->2([N-]->3c2ccccc2\N->4=1)[N-]->5C(c1ccccc1)(c1ccccc1)c1ccccc1,C39 H29 N3 O2 Ti1,0.0,C1c2ccccc2[O-]->[Ti+4]23(<-[N-2]C(c4ccccc4)(c4ccccc4)c4ccccc4)<-[O-]c4ccccc4C=N->2c2ccccc2N->3=1,C1c2ccccc2[O-]->[Ti+4]23(<-[N-2]C(c4ccccc4)(c4ccccc4)c4ccccc4)<-[O-]c4ccccc4C=N->2c2ccccc2N->3=1,C1=N2->[Ti+2]34(<-[O-]c5ccccc51)<-[O-]c1ccccc1C(=N->3c1ccccc12)[N-]->4C(c1ccccc1)(c1ccccc1)c1ccccc1.[H+]
JULGII,CC(C)N1C=CN(C(C)C)[C]1->[Pt+2](<-[Cl-])(<-[Cl-])<-[C]1N(C(C)C)C=CN1C(C)C,C18 H32 Cl2 N4 Pt1,0.0,CC(C)N1C=CN(C(C)C)[C]1->[Pt+2](<-[Cl-])(<-[Cl-])<-[C]1N(C(C)C)C=CN1C(C)C,CC(C)N1C=CN(C(C)C)[C]1->[Pt+2](<-[Cl-])(<-[Cl-])<-[C]1N(C(C)C)C=CN1C(C)C,CC(C)N1C=CN(C(C)C)[C]1->[Pt+2](<-[Cl-])(<-[Cl-])<-[C]1N(C(C)C)C=CN1C(C)C
JUNCEC,O=C1c2ccccn2->[Pd@TB5+2]2(<-[Cl-])<-n3c(/C=N\[N-]->21)ccc1ccccc13,C16 H11 Cl1 N4 O1 Pd1,0.0,O=C1c2ccccn2->[Pd+2]2(<-[Cl-])<-n3c(C=N[N-]->21)ccc1ccccc13,O=C1c2ccccn2->[Pd+2]2(<-[Cl-])<-N1=NC=C1C=Cc3ccccc3[N-]->21,O=C1c2ccccn2->[Pd+2]2(<-[Cl-])<-N1=NC=C1C=Cc3ccccc3[N-]->21
JUPCOM,[O+]#[C-]->[Fe+2]123(<-[C-]#[O+])(<-[C-]#[O+])<-[CH+](c4ccco4)[CH-]->1[CH-]->2[N-]->3C1CCCCC1,C16 H17 Fe1 N1 O4,0.0,[O+]#[C-]->[Fe]123(<-[C-]#[O+])(<-[C-]#[O+])<-C(c4ccco4)=C->1C->2=N->3C1CCCCC1,[O+]#[C-]->[Fe]123(<-[C-]#[O+])(<-[C-]#[O+])<-C(c4ccco4)=C->1C->2=N->3C1CCCCC1,[O+]#[C-]->[Fe]123(<-[C-]#[O+])(<-[C-]#[O+])<-C(c4ccco4)=C->1C->2=N->3C1CCCCC1
JURMOA,CS(C)(=O)->[Ru+2]12(<-[Cl-])(<-[Cl-])<-O=C(CN->1Cc1ccccc1P->2(c1ccccc1)c1ccccc1)N1CCCC1,C27 H33 Cl2 N2 O2 P1 Ru1 S1,0.0,CS(C)(=O)->[Ru+2]12(<-[Cl-])(<-[Cl-])<-O=C(CN->1Cc1ccccc1P->2(c1ccccc1)c1ccccc1)N1CCCC1,CS(C)(=O)->[Ru+2]12(<-[Cl-])(<-[Cl-])<-O=C(CN->1Cc1ccccc1P->2(c1ccccc1)c1ccccc1)N1CCCC1,CS(C)(=O)->[Ru+2]12(<-[Cl-])(<-[Cl-])<-O=C(CN->1Cc1ccccc1P->2(c1ccccc1)c1ccccc1)N1CCCC1
JUSQEV,CC1C2(C)->[Rh+]34567(<-[H][BH-]->3([H]->4)n3c(=S->5)sc4ccccc43)<-C1(C)=C->6(C)C->7=2C,C17 H23 B1 N1 Rh1 S2,0.0,fail,CC1C2(C)->[RhH]345(<-Bn6c(=S->3)sc3ccccc36)<-C1(C)=C->4(C)C->5=2C,CC1C2(C)->[RhH]345(<-Bn6c(=S->3)sc3ccccc36)<-C1(C)=C->4(C)C->5=2C
JUTKIU,,C31 H33 N1 O2 S1 Si1 W1,0.0,fail,CC1=C[CH-]C(=[Si]2(c3ccc(C)cc3)n3ccccc3=S->[W+2]<-23456(<-[C-]#[O+])(<-[C-]#[O+])<-c2(C)c->3(C)c->4(C)[c-]->5(C)c->62C)C=C1,CC1=C[CH-]C(=[Si]2(c3ccc(C)cc3)n3ccccc3=S->[W+2]<-23456(<-[C-]#[O+])(<-[C-]#[O+])<-c2(C)c->3(C)c->4(C)[c-]->5(C)c->62C)C=C1
JUXFAJ,,C18 H23 Cr1 N1 O2 S1,0.0,CC(C)(C)S[C-]1(C#N)[CH2-]->[Cr+2]<-123456(<-[C-]#[O+])(<-[C-]#[O+])<-c1c->2(C)c->3c->4(C)c->5c->61C,CC(C)(C)SC1(C#N)=C->[Cr]<-123456(<-[C-]#[O+])(<-[C-]#[O+])<-c1c->2(C)c->3c->4(C)c->5c->61C,CC(C)(C)SC1(C#N)=C->[Cr]<-123456(<-[C-]#[O+])(<-[C-]#[O+])<-c1c->2(C)c->3c->4(C)c->5c->61C
JUXROJ,[Cl-]->[Ti+4]123456(<-[S-]CCS->1CC[S-]->2)<-c1c->3c->4[cH-]->5c->61,C9 H13 Cl1 S3 Ti1,0.0,[Cl-]->[Ti+4]123456(<-[S-]CCS->1CC[S-]->2)<-c1c->3c->4[cH-]->5c->61,[Cl-]->[Ti+4]123456(<-[S-]CCS->1CC[S-]->2)<-c1c->3c->4[cH-]->5c->61,[Cl-]->[Ti+4]12345(<-[S-]CCSCC[S-]->1)<-c1c->2c->3[cH-]->4c->51
JUZLOH,,C25 H40 P2 Pd1 Si1,0.0,CC(C)P1(c2ccccc2[Si-]2(C)c3ccccc3P(C(C)C)(C(C)C)->[PdH+]<-2<-1)C(C)C,CC(C)P1(c2ccccc2[Si-]2(C)c3ccccc3P(C(C)C)(C(C)C)->[PdH+]<-2<-1)C(C)C,CC(C)P1(c2ccccc2[Si-]2(C)c3ccccc3P(C(C)C)(C(C)C)->[PdH+]<-2<-1)C(C)C
KACBEX,,C9 H11 N2 O7 Re1,0.0,O=C(O)CN12CCN->[Re+]<-1(<-[C-]#[O+])(<-[C-]#[O+])(<-[C-]#[O+])<-[O-]C(=O)C2,O=C(O)CN12CCN->[Re+]<-1(<-[C-]#[O+])(<-[C-]#[O+])(<-[C-]#[O+])<-[O-]C(=O)C2,O=C(O)CN12CCN->[Re+]<-1(<-[C-]#[O+])(<-[C-]#[O+])(<-[C-]#[O+])<-[O-]C(=O)C2
KACMUZ,,C32 H32 Cl1 N3 Pd1,0.0,Cc1cc(C)c(N2C=CN(c3c(C)cc(C)cc3C)[C]2->[Pd+2]2(<-[Cl-])<-[c-]3ccccc3-c3ccccn->23)c(C)c1,Cc1cc(C)c(N2C=CN(c3c(C)cc(C)cc3C)[C]2->[Pd+2]2(<-[Cl-])<-[c-]3ccccc3-c3ccccn->23)c(C)c1,Cc1cc(C)c(N2C=CN(c3c(C)cc(C)cc3C)[C]2->[Pd+2]2(<-[Cl-])<-[c-]3ccccc3-c3ccccn->23)c(C)c1
KADLEI,CN(CCN(C)(->[Cu+]<-[O-]C(=O)C(=O)c1ccccc1)C(C)(C)C)C(C)(C)C,C20 H33 Cu1 N2 O3,0.0,CC(C)(C)N1(C)CCN(C)(->[Cu+]<-1<-[O-]C(=O)C(=O)c1ccccc1)C(C)(C)C,CC(C)(C)N1(C)CCN(C)(->[Cu+]<-1<-[O-]C(=O)C(=O)c1ccccc1)C(C)(C)C,CC(C)(C)N1(C)CCN(C)(C(C)(C)C)->[Cu+]<-123<-O=C->2([O-]->3)C(=O)c1ccccc1
KAFFIH,,C20 H18 Hg1 N4 S4,0.0,fail,c1cc([S-]->[Hg+2](<-S=c2cc[nH]cc2)(<-S=c2cc[nH]cc2)<-[S-]c2ccncc2)ccn1,S=c1cc[nH]cc1.S=c1cc[nH]cc1.c1cc([S-]->[Hg+2]<-[S-]c2ccncc2)ccn1
KAFYUL,Cc12->[Zr+4]3456789%10(<-[Cl-])(<-[Cl-])<-c1c->31cc3c(cc->41[c-]->52CC[c-]->61c->72ccccc->82c->92ccccc->%1021)CCC3,C28 H24 Cl2 Zr1,0.0,Cc12->[Zr+4]3456789%10(<-[Cl-])(<-[Cl-])<-[cH-]1c->31cc3c(cc->41c->52CC[c-]->61c->72ccccc->82c->92ccccc->%1021)CCC3,Cc12->[Zr+4]3456789%10(<-[Cl-])(<-[Cl-])<-c1c->31cc3c(cc->41[c-]->52CC[c-]->61c->72ccccc->82c->92ccccc->%1021)CCC3,Cc12->[Zr+4]3456789%10(<-[Cl-])(<-[Cl-])<-c1c->31cc3c(cc->41[c-]->52CC[c-]->61c->72ccccc->82c->92ccccc->%1021)CCC3
KAHBEA,CP(C)(c1ccccc1)->[Pt@+2]1(<-[Cl-])<-[Se]=N[Se][Se-]->1,C8 H11 Cl1 N1 P1 Pt1 Se3,0.0,CP(C)(c1ccccc1)->[Pt+3]1(<-[Cl-])<-[Se-][N][Se][Se-]->1,CP(C)(c1ccccc1)->[Pt+2]1(<-[Cl-])<-[Se]=N[Se][Se-]->1,CP(C)(c1ccccc1)->[Pt+2]1(<-[Cl-])<-[Se]=N[Se][Se-]->1
KAJKUC,,C28 H32 Cl2 O1 Si2 Zr1,0.0,Cc12->[Zr+4]3456789%10(<-[Cl-])(<-[Cl-])<-c1c->3(-c1ccccc1)[cH-]->4c->52[Si](C)(C)O[Si](C)(C)c->61c->7c->8(-c2ccccc2)[cH-]->9c->%101C,Cc12->[Zr+4]3456789%10(<-[Cl-])(<-[Cl-])<-c%11c->3(-c3ccccc3)c->4[c-]->5([Si](C)(C)O[Si](C)(C)c->61c->7[c-]->8(-c1ccccc1)c->92)c->%10%11C,Cc12->[Zr+4]3456789%10%11(<-[Cl-])(<-[Cl-])<-c%12c->3(-c3ccccc3)c->4[c-]->5([Si](C)(C)O->6[Si](C)(C)c->71c->8[c-]->9(-c1ccccc1)c->%102)c->%11%12C
KAKSUM,,C20 H28 Cl1 N2 O1 P1 Ru1,0.0,CC(C)(C)P1(Cc2cccc3-c4ccccn4->[RuH+]<-1(<-[Cl-])(<-[C-]#[O+])<-n23)C(C)(C)C,CC(C)(C)P1(Cc2cccc3-c4ccccn4->[RuH+]<-1(<-[Cl-])(<-[C-]#[O+])<-n23)C(C)(C)C,CC(C)(C)P1(Cc2cccc3-c4ccccn4->[RuH+]<-1(<-[Cl-])(<-[C-]#[O+])<-n23)C(C)(C)C
KALXON,C[C@@H](C1CCCCC1)/N1=C/c2ccccn2->[Fe+2]<-12(<-[N-]=C=S)(<-[N-]=C=S)<-N(=C\c1ccccn->21)/[C@@H](C)C1CCCCC1,C30 H40 Fe1 N6 S2,0.0,CC(C1CCCCC1)N1=Cc2ccccn2->[Fe+2]<-12(<-[N-]=C=S)(<-[N-]=C=S)<-N(=Cc1ccccn->21)C(C)C1CCCCC1,CC(C1CCCCC1)N1=Cc2ccccn2->[Fe+2]<-12(<-[N-]=C=S)(<-[N-]=C=S)<-N(=Cc1ccccn->21)C(C)C1CCCCC1,CC(C1CCCCC1)N1=Cc2ccccn2->[Fe+2]<-12(<-[N-]=C=S)(<-[N-]=C=S)<-N(=Cc1ccccn->21)C(C)C1CCCCC1
KAMSOG,CC1=C(/C)[N-]2/N=C(\[S-]->[Ni@SP3+2]<-23<-S=C(/N=N->3/1)c1ccccc1)c1ccccc1,C18 H16 N4 Ni1 S2,0.0,CC1C(C)=N2N=C([S-]->[Ni+2]<-23<-[S-]C(=NN->3=1)c1ccccc1)c1ccccc1,CC1=C(C)N2=NC(=S->[Ni]<-23<-S=C(N=N->31)c1ccccc1)c1ccccc1,CC1=C(C)[N-]2N=C([S-]->[Ni+2]<-23<-S=C(N=N->31)c1ccccc1)c1ccccc1
KANNES,CC1(C)[O-]->[Mn+5]23(<-[O-2])<-[O-]C(C)(C)C(=O)[N-]->2c2ccccc2[N-]->3C1=O,C14 H16 Mn1 N2 O5 1-,-1.0,CC1(C)[O-]->[Mn+4]23(<-[O-2])<-[O-]C(C)(C)C(=O)[N-]->2c2ccccc2[N-]->3C1=O,CC1(C)[O-]->[Mn+5]23(<-[O-2])<-[O-]C(C)(C)C(=O)[N-]->2c2ccccc2[N-]->3C1=O,CC1(C)[O-]->[Mn+5]23(<-[O-2])<-[O-]C(C)(C)C(=O)[N-]->2c2ccccc2[N-]->3C1=O
KAPNIB,,C21 H38 Cl1 Ir1 O1 P2,0.0,CC(C)P1(Oc2cccc3CP(C(C)(C)C)(C(C)(C)C)->[IrH+2]<-1(<-[Cl-])<-[c-]32)C(C)C,CC(C)P1(Oc2cccc3CP(C(C)(C)C)(C(C)(C)C)->[IrH+2]<-1(<-[Cl-])<-[c-]32)C(C)C,CC(C)P1(Oc2cccc3CP(C(C)(C)C)(C(C)(C)C)->[IrH+2]<-1(<-[Cl-])<-[c-]32)C(C)C
KAPYIM,CCO[P+]([O-])(OCC)[N-](c1c(C)cccc1C)->[Rh+]123(<-[H]B4[C@H]5CCC[C@@H]4CCC5)<-C4=C->1/CC/C->2=C->3\CC\4,C28 H46 B1 N1 O3 P1 Rh1,0.0,CCOP1(OCC)=[O+][B-]2([H]->[Rh+]345(<-C6=C->3CCC->4=C->5CC6)<-[N-]1c1c(C)cccc1C)C1CCCC2CCC1,CCO[P+](OCC)(O[BH-]1C2CCCC1CCC2)[N-](c1c(C)cccc1C)->[Rh+]123<-C4=C->1CCC->2=C->3CC4,CCO[P+](OCC)(OB1C2CCCC1CCC2)[N-](c1c(C)cccc1C)->[RhH]123<-C4=C->1CCC->2=C->3CC4
KARCIR,S=c1sc2[S-]->[Ni+2]34(<-[S-]c2s1)(<-n1cccc2ccc5cccn->3c5c21)<-n1cccc2ccc3cccn->4c3c21,C27 H16 N4 Ni1 S5,0.0,S=c1sc2[S-]->[Ni+2]34(<-[S-]c2s1)(<-n1cccc2ccc5cccn->3c5c21)<-n1cccc2ccc3cccn->4c3c21,S=C1SC2=S->[Ni]34(<-S=C2S1)(<-n1cccc2ccc5cccn->3c5c21)<-n1cccc2ccc3cccn->4c3c21,S=C1SC2=S->[Ni]34(<-S=C2S1)(<-n1cccc2ccc5cccn->3c5c21)<-n1cccc2ccc3cccn->4c3c21
KASBIR,,C32 H42 N2 Ni1 O3 Si1,0.0,CC1=CC(C)=[N+](c2c(C(C)C)cccc2C(C)C)[SiH-](->[Ni](<-[C-]#[O+])(<-[C-]#[O+])<-[C-]#[O+])N1c1c(C(C)C)cccc1C(C)C,Cc1c[c-](C)n(-c2c(C(C)C)cccc2C(C)C)[siH-](->[Ni+2](<-[C-]#[O+])(<-[C-]#[O+])<-[C-]#[O+])n1-c1c(C(C)C)cccc1C(C)C,Cc1c[c-](C)n(-c2c(C(C)C)cccc2C(C)C)[siH-](->[Ni+2](<-[C-]#[O+])(<-[C-]#[O+])<-[C-]#[O+])n1-c1c(C(C)C)cccc1C(C)C
KASZIQ,C/C1=C/C(C)=N(/c2c(C(C)C)cccc2C(C)C)->[Cu@SP2+]2<-n3ccccc3C[N-]->21,C23 H30 Cu1 N3,0.0,CC1=CC(C)=N2Cc3ccccn3->[Cu+]<-2<-[N-]1c1c(C(C)C)cccc1C(C)C,CC1=CC(C)=N(c2c(C(C)C)cccc2C(C)C)->[Cu+]2<-n3ccccc3C[N-]->21,CC1=CC(C)=N(c2c(C(C)C)cccc2C(C)C)->[Cu+]2<-n3ccccc3C[N-]->21
KATKEX,,C14 H22 Cd1 N12 O10,0.0,fail,O.O=C(Cn1nnc(-c2cnccn2)n1)[O-]->[Cd+2](<-O)(<-O)(<-O)(<-O)(<-O)<-[O-]C(=O)Cn1nnc(-c2cnccn2)n1,O.O.O=C(Cn1nnc(-c2cnccn2)n1)[O-]->[Cd+2]12(<-O)(<-O)(<-O)(<-O)<-O=C->1(Cn1nnc(-c3cnccn3)n1)[O-]->2
KATTOO,CN1c2ccccc2S#C1->[Pd+2](<-[I-])(<-[I-])<-C1#Sc2ccccc2N1C,C16 H14 I2 N2 Pd1 S2,0.0,fail,CN1c2ccccc2S#C1->[Pd+2](<-[I-])(<-[I-])<-C1#Sc2ccccc2N1C,CN1c2ccccc2S#C1->[Pd+2](<-[I-])(<-[I-])<-C1#Sc2ccccc2N1C
KAWKOK,,C23 H19 Ir1 N4 O2,0.0,O=C1NN->[Ir+3]23(<-[O-]1)(<-[c-]1ccccc1-c1ccccn->21)<-[c-]1ccccc1-c1ccccn->31,O=C1NN->[Ir+3]23(<-[O-]1)(<-[c-]1ccccc1-c1ccccn->21)<-[c-]1ccccc1-c1ccccn->31,O=C1NN->[Ir+3]23(<-[O-]1)(<-[c-]1ccccc1-c1ccccn->21)<-[c-]1ccccc1-c1ccccn->31
KAWRAD,CS(C)(=O)->[Ru+2]12(<-[Cl-])(<-N3CCN->1CCN->2CC3)<-S(C)(C)=O,C10 H27 Cl1 N3 O2 Ru1 S2 1+,1.0,CS(C)(=O)->[Ru+2]12(<-[Cl-])(<-N3CCN->1CCN->2CC3)<-S(C)(C)=O,CS(C)(=O)->[Ru+2]12(<-[Cl-])(<-N3CCN->1CCN->2CC3)<-S(C)(C)=O,CS(C)(=O)->[Ru+2]12(<-[Cl-])(<-N3CCN->1CCN->2CC3)<-S(C)(C)=O
KAXQOQ,,C24 H36 B1 Cl2 N3 P1 S4 Tc1,0.0,fail,CCN(CC)C1=S->[Tc+5]2(<-[N-2][B-](Cl)(Cl)c3ccccc3)(<-S=C([S-]->2)N(CC)CC)(<-[S-]1)<-P(C)(C)c1ccccc1,CCN(CC)C1=S->[Tc+5]2(<-[N-2][B-](Cl)(Cl)c3ccccc3)(<-S=C([S-]->2)N(CC)CC)(<-[S-]1)<-P(C)(C)c1ccccc1
KAYPUW,CCc1cccc2C(=O)[O-]->[Zn@@+2]3(<-[O-]C(=O)c4cccc(CC)[n+]4[O-]->3)<-n12,C16 H18 N2 O5 Zn1,0.0,CCc1cccc2C(=O)[O-]->[Zn+2]3(<-O)(<-[O-]C(=O)c4cccc(CC)n->34)<-n12,CCc1cccc2C(=O)[O-]->[Zn+4]3(<-[O-2])(<-[O-]C(=O)c4cccc(CC)n->34)<-n12,CCc1cccc2C(=O)[O-]->[Zn+2]3(<-[O-]C(=O)c4cccc(CC)[n+]4[O-]->3)<-n12
KAYYAN,,C30 H42 Mo1 N2 O1 P2,0.0,CC(C)(C)P12->[MoH+]3456(<-[C-]#[O+])(<-c7c->3c->4[cH-]->5c->67)<-P(C(C)(C)C)(CN(c3ccccc3)C1)CN(c1ccccc1)C2,CC(C)(C)P12->[MoH+]3456(<-[C-]#[O+])(<-c7c->3c->4[cH-]->5c->67)<-P(C(C)(C)C)(CN(c3ccccc3)C1)CN(c1ccccc1)C2,CC(C)(C)P12->[MoH+]3456(<-[C-]#[O+])(<-c7c->3c->4[cH-]->5c->67)<-P(C(C)(C)C)(CN(c3ccccc3)C1)CN(c1ccccc1)C2
KAZJON,,C30 H44 Hg1 I2 N4 Se2,0.0,CCCCn1c(=[Se]->[Hg+2](<-[I-])(<-[I-])<-[Se]=c2n(CCCC)c3ccccc3n2CCCC)n(CCCC)c2ccccc21,CCCCn1c(=[Se]->[Hg+2](<-[I-])(<-[I-])<-[Se]=c2n(CCCC)c3ccccc3n2CCCC)n(CCCC)c2ccccc21,CCCCn1c(=[Se])n(CCCC)c2ccccc21.CCCCn1c(=[Se]->[Hg+2](<-[I-])<-[I-])n(CCCC)c2ccccc21
KEBNIP,Cc1sccc2=S->[Zn+2]34(<-[O-]c12)<-n1c(-c2ccccc2)cc(C)n1[BH-](n1c(C)cc(-c2ccccc2)n->31)n1c(C)cc(-c2ccccc2)n->41,C36 H33 B1 N6 O1 S2 Zn1,0.0,Cc1sccc2=S->[Zn+2]34(<-[O-]c12)<-[n-]1c(-c2ccccc2)cc(C)[n+]1[BH-]([n+]1c(C)cc(-c2ccccc2)[n-]->31)[n+]1c(C)cc(-c2ccccc2)[n-]->41,Cc1sccc2=S->[Zn+2]34(<-[O-]c12)<-n1c(-c2ccccc2)cc(C)n1[BH-](n1c(C)cc(-c2ccccc2)n->31)n1c(C)cc(-c2ccccc2)n->41,Cc1sccc2=S->[Zn+2]34(<-[O-]c12)<-n1c(-c2ccccc2)cc(C)n1[BH-](n1c(C)cc(-c2ccccc2)n->31)n1c(C)cc(-c2ccccc2)n->41
KECJUA,O[c-]1[c+]2[n-]3->[Ni@SP2+2]45<-[n-]6[c+]([c-]([C-]7[C+](F)[C-](F)[C+](F)[C-](F)[C-]7F)[c-]7[cH+][cH-][c+]1[n-]->47)[CH+][CH+][c-]6[c+](-[c+]1[c+](F)[c+](F)[c-](F)[c-](F)[c-]1F)[c-]1[cH+][cH+][c-]([c+](-[c-]4[c+](F)[c+](F)[c+](F)[c-](F)[c-]4F)[c-]3[CH+][CH+]2)[n-]->51,C38 H9 F15 N4 Ni1 O1,0.0,Oc1c2n3->[Ni+2]45<-n6c(c(-c7c(F)c(F)c(F)c(F)c7F)c7ccc1[n-]->47)C=Cc6c(-c1c(F)c(F)c(F)c(F)c1F)c1ccc(c(-c4c(F)c(F)c(F)c(F)c4F)c3C=C2)[n-]->51,O[c+]1[c-]2[n-]3->[Ni+2]45<-[n-]6[c+]([c+]([C-]7[C-](F)[C+](F)[C+](F)[C-](F)[C-]7F)[c+]7[cH-][cH+][c-]([c-]([C-]8[C+](F)[C+](F)[C-](F)[C-](F)[C-]8F)[c+]3[CH+][CH+]2)[n-]->47)[CH+][CH+][c-]6[c+](-[c+]2[c-](F)[c+](F)[c+](F)[c-](F)[c-]2F)[c+]2[cH-][cH+][c-]1[n-]->52,O[c+]1[c-]2[n-]3->[Ni+2]45<-[n-]6[c+]([c+]([C-]7[C-](F)[C+](F)[C+](F)[C-](F)[C-]7F)[c+]7[cH-][cH+][c-]([c-]([C-]8[C+](F)[C+](F)[C-](F)[C-](F)[C-]8F)[c+]3[CH+][CH+]2)[n-]->47)[CH+][CH+][c-]6[c+](-[c+]2[c-](F)[c+](F)[c+](F)[c-](F)[c-]2F)[c+]2[cH-][cH+][c-]1[n-]->52
KEDMEM,C/C1c2cccc[n+]2[O-]->[Pd+2](<-[Cl-])(<-[Cl-])<-N=1\c1c(C(C)C)cccc1C(C)C,C19 H24 Cl2 N2 O1 Pd1,0.0,CC1c2cccc[n+]2[O-]->[Pd+](<-[Cl-])(<-[Cl-])<-N=1c1c(C(C)C)cccc1C(C)C,CC1c2cccc[n+]2[O-]->[Pd+2](<-[Cl-])(<-[Cl-])<-N=1c1c(C(C)C)cccc1C(C)C,CC1c2cccc[n+]23[O-]->[Pd+2]<-3(<-[Cl-])(<-[Cl-])<-N=1c1c(C(C)C)cccc1C(C)C
KEFRUI,C[Si](C)(C)[c-]12->[Nb+5]3456789%10(<-[Cl-])(<-C(=C=C=C%11C=C[CH-]C=C%11)=[C-]->3c3ccccc3)(<-c(c->4c->51)c->62)<-c1c->7c->8[c-]->9([Si](C)(C)C)c->%101,C32 H36 Cl1 Nb1 Si2,0.0,C[Si](C)(C)c12->[Nb+3]3456789%10(<-[Cl-])(<-C(C#Cc%11ccccc%11)#C->3c3ccccc3)(<-c(c->41)[cH-]->5c->62)<-c1c->7c->8([Si](C)(C)C)c->9[cH-]->%101,C[Si](C)(C)[c-]12->[Nb+3]3456789%10(<-[Cl-])(<-C(C#Cc%11ccccc%11)#C->3c3ccccc3)(<-c(c->4c->51)c->62)<-c1c->7c->8[c-]->9([Si](C)(C)C)c->%101,C[Si](C)(C)[c-]1(->[Nb+3]23456(<-[Cl-])(<-C(C#Cc7ccccc7)#C->2c2ccccc2)<-c2c->3c->4[c-]->5([Si](C)(C)C)c->62)cccc1
KEGJUC,C/C=C/C(=O)[O-]->[Zn+2](<-[O-]C(=O)/C=C/C)(<-n1cc[nH]c1)<-n1cc[nH]c1,C14 H18 N4 O4 Zn1,0.0,CC=CC(=O)[O-]->[Zn+2](<-[O-]C(=O)C=CC)(<-n1cc[nH]c1)<-n1cc[nH]c1,CC=CC(=O)[O-]->[Zn+2](<-[O-]C(=O)C=CC)(<-n1cc[nH]c1)<-n1cc[nH]c1,CC=CC12=O->[Zn+2]<-134(<-O=C->3(C=CC)[O-]->4)(<-[O-]2)(<-n1cc[nH]c1)<-n1cc[nH]c1
KEGYEC,Cc1c(Br)c(C)n(->[Pd@OH7+2](<-[Br-])(<-[Br-])<-[C]2N(C(C)C)c3ccccc3N2C(C)C)n1-c1ccccc1,C24 H29 Br3 N4 Pd1,0.0,Cc1c(Br)c(C)n(->[Pd+2](<-[Br-])(<-[Br-])<-[C]2N(C(C)C)c3ccccc3N2C(C)C)n1-c1ccccc1,Cc1c(Br)c(C)n(->[Pd+2](<-[Br-])(<-[Br-])<-[C]2N(C(C)C)c3ccccc3N2C(C)C)n1-c1ccccc1,Cc1c(Br)c(C)n(->[Pd+2](<-[Br-])(<-[Br-])<-[C]2N(C(C)C)c3ccccc3N2C(C)C)n1-c1ccccc1
KEHQAR,,C13 H12 Br1 Mo1 N3 O2,0.0,fail,[O+]#[C-]->[Mo+2]123(<-[Br-])(<-[C-]#[O+])(<-C=C->1[CH2-]->2)<-n1ccccc1-c1cc[nH]n->31,[O+]#[C-]->[Mo+2]123(<-[Br-])(<-[C-]#[O+])(<-C=C->1[CH2-]->2)<-n1ccccc1-c1cc[nH]n->31
KEHTOI,Cc1c(Cl)cccc1Nc1ccccc1C1=O->[Zn+2]2(<-[Cl-])(<-[O-]1)<-n1cccc3ccc4cccn->2c4c31,C26 H19 Cl2 N3 O2 Zn1,0.0,fail,Cc1c(Cl)cccc1Nc1ccccc1C1=O->[Zn+2]2(<-[Cl-])(<-[O-]1)<-n1cccc3ccc4cccn->2c4c31,Cc1c(Cl)cccc1Nc1ccccc1C12=O->[Zn+2]<-13(<-[Cl-])(<-[O-]2)<-n1cccc2ccc4cccn->3c4c21
KEJPAR,CP(C)(C)->[Co+3]1(<-[O-]C2=C([C-]->1=O)CCCC2)(<-[C-](/C#Cc1ccccc1)=C/c1ccccc1)<-P(C)(C)C,C29 H37 Co1 O2 P2,0.0,CP(C)(C)->[Co+3]1(<-[O-]C2=C([C-]->1=O)CCCC2)(<-[C-](C#Cc1ccccc1)=Cc1ccccc1)<-P(C)(C)C,CP(C)(C)->[Co+3]1(<-[O-]C2=C([C-]->1=O)CCCC2)(<-[C-](C#Cc1ccccc1)=Cc1ccccc1)<-P(C)(C)C,CP(C)(C)->[Co+]1(<-O=C2CCCCC2=C->1=O)(<-[C-](C#Cc1ccccc1)=Cc1ccccc1)<-P(C)(C)C
KEKLUK,CC1=CC=CC2=C3=N4Nc5ncccn5->[Fe+2]<-3<-456(<-O=C12)<-[O-]c1c(C)cccc1/C=N->5/Nc1ncccn->61,C24 H22 Fe1 N8 O2 1+,1.0,Cc1cccc2C=N3Nc4ncccn4->[Fe+3]<-345(<-[O-]c12)<-[O-]c1c(C)cccc1C=N->4Nc1ncccn->51,CC1=C2[O-]->[Fe+4]345(<-[O-]c6c(C)cccc6C=N->3Nc3ncccn->43)<-N(=C=C2C=C[CH-]1)Nc1ncccn->51,CC1=CC=CC2=C3=N4Nc5ncccn5->[Fe+2]<-3<-456(<-O=C12)<-[O-]c1c(C)cccc1C=N->5Nc1ncccn->61
KELKIW,Oc1c(Br)c(Br)c(Br)c(Br)c1[O-]->[Ag+](<-P(c1ccccc1)(c1ccccc1)c1ccccc1)<-P(c1ccccc1)(c1ccccc1)c1ccccc1,C42 H31 Ag1 Br4 O2 P2,0.0,Oc1c(Br)c(Br)c(Br)c2Br->[Ag+](<-[O-]c12)(<-P(c1ccccc1)(c1ccccc1)c1ccccc1)<-P(c1ccccc1)(c1ccccc1)c1ccccc1,Oc1c(Br)c(Br)c(Br)c(Br)c1[O-]->[Ag+](<-P(c1ccccc1)(c1ccccc1)c1ccccc1)<-P(c1ccccc1)(c1ccccc1)c1ccccc1,Oc1c(Br)c(Br)c(Br)c(Br)c1[O-]->[Ag+](<-P(c1ccccc1)(c1ccccc1)c1ccccc1)<-P(c1ccccc1)(c1ccccc1)c1ccccc1
KELZEG,CC(C)(C)c1ccn(->[Re+7](<-[CH3-])(<-[O-2])(<-[O-2])<-[O-2])cc1,C10 H16 N1 O3 Re1,0.0,CC(C)(C)c1ccn(->[Re+7](<-[CH3-])(<-[O-2])(<-[O-2])<-[O-2])cc1,CC(C)(C)c1ccn(->[Re+7](<-[CH3-])(<-[O-2])(<-[O-2])<-[O-2])cc1,CC(C)(C)c1ccn(->[Re+7](<-[CH3-])(<-[O-2])(<-[O-2])<-[O-2])cc1
KENXAF,COc1ccc2N3C=CN(C)[C]3->[Ir+3]3456(<-[I-])(<-[c-]2c1)<-c1(C)c->3(C)c->4(C)[c-]->5(C)c->61C,C21 H26 I1 Ir1 N2 O1,0.0,COc1ccc2N3C=CN(C)[C]3->[Ir+3]3456(<-[I-])(<-[c-]2c1)<-c1(C)c->3(C)c->4(C)[c-]->5(C)c->61C,COc1ccc2N3C=CN(C)[C]3->[Ir+3]3456(<-[I-])(<-[c-]2c1)<-c1(C)c->3(C)c->4(C)[c-]->5(C)c->61C,COc1ccc2N3C=CN(C)[C]3->[Ir+3]3456(<-[I-])(<-[c-]2c1)<-c1(C)c->3(C)c->4(C)[c-]->5(C)c->61C
KEPPIH,CC(C)O1C2=C[CH-]C=CC2=[CH-]->[Ru+4]<-1(<-[Cl-])(<-[Cl-])<-[C]1N2C(F)=CC(C(C)(C)C)=CC2=CN1c1ccccc1C(C)(C)C,C31 H37 Cl2 F1 N2 O1 Ru1,0.0,CC(C)O1c2ccccc2[CH-2]->[Ru+4]<-1(<-[Cl-])(<-[Cl-])<-[C]1N2C(F)=CC(C(C)(C)C)=CC2=CN1c1ccccc1C(C)(C)C,CC(C)O1c2ccccc2[CH]->[Ru+2]<-1(<-[Cl-])(<-[Cl-])<-[C]1N2C(F)=CC(C(C)(C)C)=CC2=CN1c1ccccc1C(C)(C)C,CC(C)O1c2ccccc2[CH]->[Ru+2]<-1(<-[Cl-])(<-[Cl-])<-[C]1N2C(F)=CC(C(C)(C)C)=CC2=CN1c1ccccc1C(C)(C)C
KEQVIL,CP(C)(C)->[Co+3]1(<-[C-]#Cc2ccccc2)(<-[O-]/C(=C(/c2ccccc2)[C-]->1=O)c1ccccc1)(<-P(C)(C)C)<-P(C)(C)C,C32 H42 Co1 O2 P3,0.0,CP(C)(C)->[Co+3]1(<-[C-]#Cc2ccccc2)(<-[O-]C(=C(c2ccccc2)[C-]->1=O)c1ccccc1)(<-P(C)(C)C)<-P(C)(C)C,CP(C)(C)->[Co+3]1(<-[C-]#Cc2ccccc2)(<-[O-]C(=C(c2ccccc2)[C-]->1=O)c1ccccc1)(<-P(C)(C)C)<-P(C)(C)C,CP(C)(C)->[Co+]1(<-[C-]#Cc2ccccc2)(<-O=C(C(c2ccccc2)=C->1=O)c1ccccc1)(<-P(C)(C)C)<-P(C)(C)C
KESDET,CN(C)c1ccc(/C=N2\N=C(/[O-]->[Ni+2]<-23<-[O-]/C(=N\N->3=C/c2ccc(N(C)C)cc2)c2ccccc2O)c2ccccc2O)cc1,C32 H32 N6 Ni1 O4,0.0,CN(C)c1ccc(C=N2NC(=O->[Ni+2]<-23<-O=C(NN->3=Cc2ccc(N(C)C)cc2)c2ccccc2[O-])c2ccccc2[O-])cc1,CN(C)c1ccc(C=N2NC([O-]->[Ni+2]<-23<-[O-]C(NN->3=Cc2ccc(N(C)C)cc2)=C2C=CC=CC2=O)=C2C=CC=CC2=O)cc1,CN(C)c1ccc(C=N2N=C([O-]->[Ni+2]<-23<-[O-]C(=NN->3=Cc2ccc(N(C)C)cc2)c2ccccc2O)c2ccccc2O)cc1
KETROS,C/C1=N/[N-](/C(S)=N/[C@@H]2CCCC[C@H]2C)->[Pt@SP1+2]23<-S=C(N=N->2/C(C)=C2/C=CC=C1[N-]->32)Nc1ccccc1C,C25 H31 N7 Pt1 S2,0.0,CC1=N[N-](C(S)=NC2CCCCC2C)->[Pt+2]23<-[S-]C(=NN->2=C(C)c2cccc1n->32)Nc1ccccc1C,CC1=N[N-](C(S)=NC2CCCCC2C)->[Pt+2]23<-S=C(N=N->2C(C)=C2C=CC=C1[N-]->32)Nc1ccccc1C,CC1=N[N-](C(S)=NC2CCCCC2C)->[Pt+2]23<-S=C(N=N->2C(C)=C2C=CC=C1[N-]->32)Nc1ccccc1C
KEVYER,Cc1cccc(C)c1/N=C/c1c2ccc([c-]1->[Hg+2]<-[Cl-])CCc1ccc(cc1)CC2,C25 H24 Cl1 Hg1 N1,0.0,Cc1cccc(C)c1N1=Cc2c3ccc([c-]2->[Hg+2]<-1<-[Cl-])CCc1ccc(cc1)CC3,Cc1cccc(C)c1N=Cc1c2ccc([c-]1->[Hg+2]<-[Cl-])CCc1ccc(cc1)CC2,Cc1cccc(C)c1N=Cc1c2ccc([c-]1->[Hg+2]<-[Cl-])CCc1ccc(cc1)CC2
KEWYAM,C[C@H](/N=[C-]1/[C-]2(C)/C3=C(/c4ccccc4)->[Fe+2]<-1<-3<-2(<-[C-]#[O+])(<-[C-]#[O+])<-[C-]#[O+])c1ccccc1,C22 H19 Fe1 N1 O3,0.0,fail,CC(N=C1=C2(C)C3=C(c4ccccc4)->[Fe]<-1<-3<-2(<-[C-]#[O+])(<-[C-]#[O+])<-[C-]#[O+])c1ccccc1,CC(N=C1=C2(C)C3=C(c4ccccc4)->[Fe]<-1<-3<-2(<-[C-]#[O+])(<-[C-]#[O+])<-[C-]#[O+])c1ccccc1
KEYCUO,CCN(CC)c1ccc2/C=N3/CC[O-]->[Mo+6]<-3(<-[O-2])(<-[O-2])(<-[O-]c2c1)<-OC,C14 H22 Mo1 N2 O5,0.0,CCN(CC)c1ccc2C=N3CC[O-]->[Mo+6]<-3(<-[O-2])(<-[O-2])(<-[O-]c2c1)<-OC,CCN(CC)c1ccc2C=N3CC[O-]->[Mo+6]<-3(<-[O-2])(<-[O-2])(<-[O-]c2c1)<-OC,CCN(CC)c1ccc2c(c1)[O-]->[Mo+6]1(<-[O-2])(<-[O-2])<-[O-]CCN->1=C2.CO
KEZBEX,,C16 H18 Cl3 Hg1 N3 S1,0.0,CN(C)c1ccc2c(c1)[S]=c1cc(N(C)C)ccc1=N2->[Hg+3](<-[Cl-])(<-[Cl-])<-[Cl-],CN(C)c1ccc2nc3ccc(=[N+](C)C)cc-3sc2c1.[Cl-]->[Hg+2](<-[Cl-])<-[Cl-],CN(C)c1ccc2nc3ccc(=[N+](C)C)cc-3sc2c1.[Cl-]->[Hg+2](<-[Cl-])<-[Cl-]
KEZRIR,C/C1=N2->[Ni+2]34(<-O=C([O-]->3)c3ccc(N)cc3)<-N(CCC/2)CCCN->4C(C)(C)C1,C19 H31 N4 Ni1 O2 1+,1.0,fail,CC1=N2->[Ni+2]345(<-O=C->3([O-]->4)c3ccc(N)cc3)<-N(CCC2)CCCN->5C(C)(C)C1,CC1=N2->[Ni+2]345(<-O=C->3([O-]->4)c3ccc(N)cc3)<-N(CCC2)CCCN->5C(C)(C)C1
KIBXIE,,C24 H15 Cl1 N2 Pd1,0.0,[Cl-]->[Pd+2]12<-[c-]3ccccc3-c3ccc4ccc5ccc(-c6ccccc6)n->1c5c4n->23,[Cl-]->[Pd+2]12<-[c-]3ccccc3-c3ccc4ccc5ccc(-c6ccccc6)n->1c5c4n->23,[Cl-]->[Pd+2]12<-[c-]3ccccc3-c3ccc4ccc5ccc(-c6ccccc6)n->1c5c4n->23
KICTUL,CN[C](c1ccccc1)->[Ru+2]1234(<-[I-])(<-[C-]#[O+])<-c5c->1c->2[cH-]->3c->45,C14 H14 I1 N1 O1 Ru1,0.0,CN[C](c1ccccc1)->[Ru+2]1234(<-[I-])(<-[C-]#[O+])<-c5c->1c->2[cH-]->3c->45,CN[C](c1ccccc1)->[Ru+2]1234(<-[I-])(<-[C-]#[O+])<-c5c->1c->2[cH-]->3c->45,CN[C](c1ccccc1)->[Ru+2]1234(<-[I-])(<-[C-]#[O+])<-c5c->1c->2[cH-]->3c->45
KIDRIY,O=N1/C=C\[N-](O)->[Co+3]<-12(<-[I-])(<-[I-])<-N(=O)/C=C\[N-]->2O,C4 H6 Co1 I2 N4 O4 1-,-1.0,[O]N1=CC=N(O)->[Co+]<-12(<-[I-])(<-[I-])<-N([O])=CC=N->2O,O=N1C=C[N-](O)->[Co+3]<-12(<-[I-])(<-[I-])<-N(=O)C=C[N-]->2O,O=N1C=C[N-](O)->[Co+3]<-12(<-[I-])(<-[I-])<-N(=O)C=C[N-]->2O
KIFWED,CN1C(=O)c2cccc3c2[C@]2(C1=O)C1(c4ccccc4)->[Mn+]456(<-[C-]#[O+])(<-[C-]#[O+])(<-[C-]#[O+])<-C(=C->4(c4ccccc4)C->5=1)[C-]->62C=C3,C32 H20 Mn1 N1 O5,0.0,fail,CN1C(=O)c2cccc3c2C2(C1=O)C1(->[Mn+]456(<-[C-]#[O+])(<-[C-]#[O+])(<-[C-]#[O+])<-C(=C->4(c4ccccc4)C->5=1)[C-]->62c1ccccc1)C=C3,CN1C(=O)c2cccc3c2C2(C1=O)C1(->[Mn+]456(<-[C-]#[O+])(<-[C-]#[O+])(<-[C-]#[O+])<-C(=C->4(c4ccccc4)C->5=1)[C-]->62c1ccccc1)C=C3
KIHBUB,C[C@]12C(=O)[N-]3c4ccc(Cl)cc4/C(c4ccccc4)=N4/C[C@@H](Cc5ccccc5)C(=O)[O-]->[Ni@SP1+2]<-4<-3<-N1(Cc1ccc(Cl)c(Cl)c1)CCC2,C36 H32 Cl3 N3 Ni1 O3,0.0,CC12C(=O)[N-]3c4ccc(Cl)cc4C(c4ccccc4)=N4CC(Cc5ccccc5)C(=O)[O-]->[Ni+2]<-4<-3<-N1(Cc1ccc(Cl)c(Cl)c1)CCC2,CC12C(=O)N3=C4C=CC(Cl)=CC4=C(c4ccccc4)[N-]4CC(Cc5ccccc5)C(=O)[O-]->[Ni+2]<-3<-4<-N1(Cc1ccc(Cl)c(Cl)c1)CCC2,CC12C(=O)N3=C4C=CC(Cl)=CC4=C(c4ccccc4)[N-]4CC(Cc5ccccc5)C(=O)[O-]->[Ni+2]<-3<-4<-N1(Cc1ccc(Cl)c(Cl)c1)CCC2
KIHLEU,Cc1cc(C)n(C2n3c(C)cc(C)n3->[Ir+]3(<-[Cl-])(<-[C-]#[O+])(<-C4=C->3C(=O)C=CC4=O)<-n3c(C)cc(C)n32)n1,C23 H26 Cl1 Ir1 N6 O3,0.0,Cc1cc(C)n(C2n3c(C)cc(C)n3->[Ir+]3(<-[Cl-])(<-[C-]#[O+])(<-C4=C->3C(=O)C=CC4=O)<-n3c(C)cc(C)n32)n1,Cc1cc(C)n(C2n3c(C)cc(C)n3->[Ir+3]3(<-[Cl-])(<-[C-]#[O+])(<-[cH-]4c(=O)ccc(=O)[cH-]->34)<-n3c(C)cc(C)n32)n1,Cc1cc(C)n(C2n3c(C)cc(C)n3->[Ir+3]3(<-[Cl-])(<-[C-]#[O+])(<-[cH-]4c(=O)ccc(=O)[cH-]->34)<-n3c(C)cc(C)n32)n1
KIJCIQ,CCc1ccc2cccc3[O-]->[Mo+6]4(<-[O-2])(<-[O-2])(<-[O-]c5cccc6ccc(CC)n->4c56)<-n1c32,C22 H20 Mo1 N2 O4,0.0,CCc1ccc2cccc3[O-]->[Mo+6]4(<-[O-2])(<-[O-2])(<-[O-]c5cccc6ccc(CC)n->4c56)<-n1c32,CCc1ccc2cccc3[O-]->[Mo+6]4(<-[O-2])(<-[O-2])(<-[O-]c5cccc6ccc(CC)n->4c56)<-n1c32,CCc1ccc2cccc3[O-]->[Mo+6]4(<-[O-2])(<-[O-2])(<-[O-]c5cccc6ccc(CC)n->4c56)<-n1c32
KIJHES,,C22 H26 Cl1 Ir1 N6 O2,0.0,Cc1cc(C)n(C2n3c(C)cc(C)n3->[Ir+]345(<-[Cl-])(<-C6=C->3C(=O)C->4=C->5C6=O)<-n3c(C)cc(C)n32)n1,Cc1cc(C)n(C2n3c(C)cc(C)n3->[Ir+3]3456(<-[Cl-])(<-c7c(=O)[cH-]->3[cH-]->4c->5(=O)c->67)<-n3c(C)cc(C)n32)n1,Cc1cc(C)n(C2n3c(C)cc(C)n3->[Ir+3]34567(<-[Cl-])(<-c8c->3c->4(=O)[cH-]->5[cH-]->6c->78=O)<-n3c(C)cc(C)n32)n1
KIKNEX,O=C(O)CN1CCCN2CC(=O)[O-]->[Zn+2]<-[O-]C(=O)CN(CCCN(CC(=O)O)CC2)CC1,C18 H30 N4 O8 Zn1,0.0,O=C(O)CN12->[Zn+2]3456<-[O-]C(=O)CN->3(CCCN->4(CC(=O)O)CCN->5(CC(=O)[O-]->6)CCC1)CC2,O=C(O)CN12->[Zn+2]3456<-[O-]C(=O)CN->3(CCCN->4(CC(=O)O)CCN->5(CC(=O)[O-]->6)CCC1)CC2,O=C(O)CN12->[Zn+2]3456<-[O-]C(=O)CN->3(CCCN->4(CC(=O)O)CCN->5(CC(=O)[O-]->6)CCC1)CC2
KILKEV,CN(C)C1=S->[W+2](<-[CH3-])(<-[C-]#[O+])(<-[C-]#[O+])(<-[S-]1)(<-P(C)(C)C)<-P(C)(C)C,C12 H27 N1 O2 P2 S2 W1,0.0,fail,CN(C)C1=S->[W+2](<-[CH3-])(<-[C-]#[O+])(<-[C-]#[O+])(<-[S-]1)(<-P(C)(C)C)<-P(C)(C)C,CN(C)C1=S->[W+4]2(<-[CH3-])(<-[S-]1)(<-[C-](=O)[C-]->2=O)(<-P(C)(C)C)<-P(C)(C)C
KILXEK,CC(C)(C)N1C=CN2CP(C(C)(C)C)(C(C)(C)C)->[Ru+4](<-[Cl-])(<-[Cl-])(<-[CH-]=C3C=C[CH-]C=C3)<-[C]21,C23 H37 Cl2 N2 P1 Ru1,0.0,CC(C)(C)N1C=CN2CP(C(C)(C)C)(C(C)(C)C)->[Ru+4](<-[Cl-])(<-[Cl-])(<-[CH-2]c3ccccc3)<-[C]21,CC(C)(C)N1C=CN2CP(C(C)(C)C)(C(C)(C)C)->[Ru+2](<-[Cl-])(<-[Cl-])(<-[CH]c3ccccc3)<-[C]21,CC(C)(C)N1C=CN2CP(C(C)(C)C)(C(C)(C)C)->[Ru+2](<-[Cl-])(<-[Cl-])(<-[CH]c3ccccc3)<-[C]21
KIMPAX,O=C(N/N1=C(\c2ccccn2)c2ccccn2->[Zn+2]<-1(<-[Cl-])<-[Cl-])c1ccccc1Br,C18 H13 Br1 Cl2 N4 O1 Zn1,0.0,[Cl-]->[Zn+2]12(<-[Cl-])<-O=C(NN->1=C(c1ccccn1)c1ccccn->21)c1ccccc1Br,[Cl-]->[Zn+2]12(<-[Cl-])<-O=C(NN->1=C(c1ccccn1)c1ccccn->21)c1ccccc1Br,[Cl-]->[Zn+2]12(<-[Cl-])<-O=C(NN->1=C(c1ccccn1)c1ccccn->21)c1ccccc1Br
KINVUY,C[CH2-]->[Re+7](<-[O-2])(<-[O-2])(<-[O-2])<-N12CCC(CC1)CC2,C9 H18 N1 O3 Re1,0.0,C[CH2-]->[Re+7](<-[O-2])(<-[O-2])(<-[O-2])<-N12CCC(CC1)CC2,C[CH2-]->[Re+7](<-[O-2])(<-[O-2])(<-[O-2])<-N12CCC(CC1)CC2,C[CH2-]->[Re+7](<-[O-2])(<-[O-2])(<-[O-2])<-N12CCC(CC1)CC2
KIQSIO,,C30 H35 N8 O2 Pd1 1+,1.0,CC(=O)c1c(C)[nH]n2->[Pd+]3(<-[C](Nc4c(C)cccc4C)Nc12)<-[C](=Nc1c(C)cccc1C)Nc1c(C(C)=O)c(C)[nH]n->31,CC(=O)c1c(C)[nH]n2->[Pd+2]3(<-[C](Nc4c(C)cccc4C)Nc12)<-[C-](=Nc1c(C)cccc1C)Nc1c(C(C)=O)c(C)[nH]n->31,CC(=O)c1c(C)[nH]n2->[Pd+2]3(<-[C](Nc4c(C)cccc4C)Nc12)<-[C-](=Nc1c(C)cccc1C)Nc1c(C(C)=O)c(C)[nH]n->31
KIRVEO,,C29 H21 Fe1 N1 O6 S1,0.0,Cc1ccc(S(=O)(=O)N2Cc34->[Fe+2]567(<-[C-]#[O+])(<-[C-]#[O+])(<-[C-]#[O+])<-c([O-])(c->53-c3ccccc3)c->6(-c3ccccc3)[c-]->74C2)cc1,Cc1ccc(S(=O)(=O)N2CC34->[Fe]567(<-[C-]#[O+])(<-[C-]#[O+])(<-[C-]#[O+])<-C(=O)(C->5=3c3ccccc3)C->6(c3ccccc3)=C->74C2)cc1,Cc1ccc(S(=O)(=O)N2CC34->[Fe]56(<-[C-]#[O+])(<-[C-]#[O+])(<-[C-]#[O+])<-C=3(c3ccccc3)C(=O)C->5(c3ccccc3)=C->64C2)cc1
KISNIL,,C16 H31 Br1 Co1 O1 P3 S1,0.0,fail,CP(C)(C)->[Co+]1(<-[Br-])(<-S=C2C=CC=CC2=C->1=O)(<-P(C)(C)C)<-P(C)(C)C,CP(C)(C)->[Co+]1(<-[Br-])(<-S=C2C=CC=CC2=C->1=O)(<-P(C)(C)C)<-P(C)(C)C
KISTEM,,C26 H34 Nb1 P2 1-,-1.0,CP(C)(C)->[Nb-]123456(<-c7c8ccccc8c->1c->2c->37)(<-c1c2ccccc2c->4c->5c->61)<-P(C)(C)C,CP(C)(C)->[Nb-]123456(<-c7c8ccccc8c->1c->2c->37)(<-c1c2ccccc2c->4c->5c->61)<-P(C)(C)C,CP(C)(C)->[Nb-]123456(<-c7c8ccccc8c->1c->2c->37)(<-c1c2ccccc2c->4c->5c->61)<-P(C)(C)C
KITHON,,C28 H32 Ir1 N1 P2,0.0,c1ccc(P2(CCN3CCP(c4ccccc4)(c4ccccc4)->[IrH3]<-3<-2)c2ccccc2)cc1,c1ccc(P2(CCN3CCP(c4ccccc4)(c4ccccc4)->[IrH3]<-3<-2)c2ccccc2)cc1,c1ccc(P2(CCN3CCP(c4ccccc4)(c4ccccc4)->[IrH3]<-3<-2)c2ccccc2)cc1
KIVGIH,Cc1ccc(P(c2ccc(C)cc2)(c2c(N(C(C)C)C(C)C)c2=[N+](C(C)C)C(C)C)->[Pt+2](<-[Cl-])(<-[Cl-])<-[Cl-])cc1,C29 H42 Cl3 N2 P1 Pt1,0.0,Cc1ccc([PH](c2ccc(C)cc2)(=c2c(N(C(C)C)C(C)C)c2N(C(C)C)C(C)C)->[Pt+3](<-[Cl-])(<-[Cl-])<-[Cl-])cc1,Cc1ccc(P(c2ccc(C)cc2)(c2c(N(C(C)C)C(C)C)c2=[N+](C(C)C)C(C)C)->[Pt+2](<-[Cl-])(<-[Cl-])<-[Cl-])cc1,Cc1ccc(P(c2ccc(C)cc2)(c2c(N(C(C)C)C(C)C)c2=[N+](C(C)C)C(C)C)->[Pt+2](<-[Cl-])(<-[Cl-])<-[Cl-])cc1
KIVLEI,CO/N1=C(C)/C(C)=N(/O)->[Pt+2]<-1(<-[C-](C)=O)<-[C-](C)=O,C9 H16 N2 O4 Pt1,0.0,CON1=C(C)C(C)=N(O)->[Pt+2]<-1(<-[C-](C)=O)<-[C-](C)=O,CON1=C(C)C(C)=N(O)->[Pt+2]<-1(<-[C-](C)=O)<-[C-](C)=O,CON1=C(C)C(C)=N(O)->[Pt+2]<-1(<-[C-](C)=O)<-[C-](C)=O
KIWLUY,[O+]#[C-]->[Ru+2]1(<-[Cl-])(<-[Cl-])(<-[C-]#[O+])<-n2ccccc2-c2ccc3cccnc3n->12,C15 H9 Cl2 N3 O2 Ru1,0.0,[O+]#[C-]->[Ru+2]1(<-[Cl-])(<-[Cl-])(<-[C-]#[O+])<-n2ccccc2-c2ccc3cccnc3n->12,[O+]#[C-]->[Ru+2]1(<-[Cl-])(<-[Cl-])(<-[C-]#[O+])<-n2ccccc2-c2ccc3cccnc3n->12,O=C1=[n+]2cccc3ccc4=C5C=CC=C[N-]5->[Ru+2]<-1(<-[Cl-])(<-[Cl-])(<-[C-]#[O+])<-n4c32
KIWYIB,Cc1cc(C)c(-[n+]2nn(C)c(CO)[c-]2->[Pd+2](<-[I-])(<-[I-])<-n2ccccc2)c(C)c1,C18 H22 I2 N4 O1 Pd1,0.0,Cc1cc(C)c(-n2n[n+](C)c(CO)[c]2->[Pd+](<-[I-])(<-[I-])<-n2ccccc2)c(C)c1,Cc1cc(C)c(-[n+]2nn(C)c(CO)[c-]2->[Pd+2](<-[I-])(<-[I-])<-n2ccccc2)c(C)c1,Cc1cc(C)c(-[n+]2nn(C)c(CO)[c-]2->[Pd+2](<-[I-])(<-[I-])<-n2ccccc2)c(C)c1
KIYSUG,C/C1=C(\C)[N-](O)->[Co+3]2(<-[CH3-])(<-Nc3ccccc3)(<-N1=O)<-N(=O)/C(C)=C(/C)[N-]->2O,C15 H24 Co1 N5 O4,0.0,CC1C(C)=N(O)->[Co+]2(<-[CH3-])(<-Nc3ccccc3)(<-N=1[O])<-N([O])=C(C)C(C)=N->2O,CC1=C(C)[N-](O)->[Co+3]2(<-[CH3-])(<-Nc3ccccc3)(<-N1=O)<-N(=O)C(C)=C(C)[N-]->2O,CC1=C(C)[N-](O)->[Co+3]2(<-[CH3-])(<-Nc3ccccc3)(<-N1=O)<-N(=O)C(C)=C(C)[N-]->2O
KIZDOM,CC(C)P(=S)([N-]->[Ti+4](<-[Cl-])(<-[Cl-])(<-n1ccccc1)(<-n1ccccc1)<-n1ccccc1)C(C)C,C21 H29 Cl2 N4 P1 S1 Ti1,0.0,CC(C)P(=S)([N-2]->[Ti+4](<-[Cl-])(<-[Cl-])(<-n1ccccc1)(<-n1ccccc1)<-n1ccccc1)C(C)C,CC(C)P(=S)([NH-]->[Ti+4](<-[Cl-])(<-[Cl-])(<-n1ccccc1)(<-n1ccccc1)<-n1ccccc1)C(C)C,CC(C)P(=S)([NH-]->[Ti+4](<-[Cl-])(<-[Cl-])(<-n1ccccc1)(<-n1ccccc1)<-n1ccccc1)C(C)C
KIZZID,C/C1=N(\c2c(C)cc(C)cc2C)->[Fe+2]23(<-[Cl-])(<-[Cl-])<-n4c(-c5cccc->21n->35)n(C(C)C)c1ccccc14,C26 H28 Cl2 Fe1 N4,0.0,CC1c2cccc3-c4n(C(C)C)c5ccccc5n4->[Fe+2](<-[Cl-])(<-[Cl-])(<-N=1c1c(C)cc(C)cc1C)<-n23,CC1c2cccc3-c4n(C(C)C)c5ccccc5n4->[Fe+2](<-[Cl-])(<-[Cl-])(<-N=1c1c(C)cc(C)cc1C)<-n23,CC1c2cccc3-c4n(C(C)C)c5ccccc5n4->[Fe+2](<-[Cl-])(<-[Cl-])(<-N=1c1c(C)cc(C)cc1C)<-n23
KOCFIS,,C41 H34 Cl2 O1 Ti1,0.0,CC(C)c1cccc(C(C)C)c1[O-]->[Ti+4]1234(<-[Cl-])(<-[Cl-])<-c5c->16c1ccccc1c1ccccc1c->26c->31c2ccccc2c2ccccc2[c-]->451,CC(C)c1cccc(C(C)C)c1[O-]->[Ti+4]1234(<-[Cl-])(<-[Cl-])<-[cH-]5c->16c1ccccc1c1ccccc1c->26c->31c2ccccc2c2ccccc2c->451,CC(C)c1cccc(C(C)C)c1[O-]->[Ti+4]1234(<-[Cl-])(<-[Cl-])<-[cH-]5c->16c1ccccc1c1ccccc1c->26c->31c2ccccc2c2ccccc2c->451
KOCXUY,COc1ccccc1N/C=C1/C=CC=CC1=O->[Cd+2](<-[Br-])(<-[Br-])<-O=C1C=CC=C/C1=C/Nc1ccccc1OC,C28 H26 Br2 Cd1 N2 O4,0.0,COc1ccccc1[NH+]=Cc1ccccc1[O-]->[Cd+2](<-[Br-])(<-[Br-])<-[O-]c1ccccc1C=[NH+]c1ccccc1OC,COc1ccccc1NC=C1C=CC=CC1=O->[Cd+2](<-[Br-])(<-[Br-])<-O=C1C=CC=CC1=CNc1ccccc1OC,COc1ccccc1NC=C1C=CC=CC1=O->[Cd+2](<-[Br-])(<-[Br-])<-O=C1C=CC=CC1=CNc1ccccc1OC
KODQAV,CC(C)c1cc(C(C)C)c(P[C@@H]2CCCC[C@H]2[O-]->[Zr+4]23456789(<-[CH3-])(<-c%10c->2c->3[cH-]->4c->5%10)<-c2c->6c->7[cH-]->8c->92)c(C(C)C)c1,C32 H47 O1 P1 Zr1,0.0,CC(C)c1cc(C(C)C)c(PC2CCCCC2[O-]->[Zr+4]23456789(<-[CH3-])(<-c%10c->2c->3[cH-]->4c->5%10)<-c2c->6c->7[cH-]->8c->92)c(C(C)C)c1,CC(C)c1cc(C(C)C)c(PC2CCCCC2[O-]->[Zr+4]23456789(<-[CH3-])(<-c%10c->2c->3[cH-]->4c->5%10)<-c2c->6c->7[cH-]->8c->92)c(C(C)C)c1,CC(C)c1cc(C(C)C)c(P2C3CCCCC3[O-]->[Zr+4]<-23456789%10(<-[CH3-])(<-c2c->3c->4[cH-]->5c->62)<-c2c->7c->8[cH-]->9c->%102)c(C(C)C)c1
KOGMEY,c1ccc(P(c2ccccc2)(c2ccccc2)->[Ru+2]234(<-[S-]c5ccccc5S->2c2ccccc2S->3c2ccccc2[S-]->4)<-n2ccccc2)cc1,C41 H32 N1 P1 Ru1 S4,0.0,c1ccc(P(c2ccccc2)(c2ccccc2)->[Ru+2]234(<-[S-]c5ccccc5S->2c2ccccc2S->3c2ccccc2[S-]->4)<-n2ccccc2)cc1,C1=CC2=S->[Ru]34(<-S=C5C=CC=CC5=S->3=C3C=CC=CC3=S->4=C2C=C1)(<-n1ccccc1)<-P(c1ccccc1)(c1ccccc1)c1ccccc1,C1=CC2=S->[Ru]34(<-S=C5C=CC=CC5=S->3=C3C=CC=CC3=S->4=C2C=C1)(<-n1ccccc1)<-P(c1ccccc1)(c1ccccc1)c1ccccc1
KOHCAN,,C30 H22 N2 O2 Pt1,0.0,fail,CC1=CC(C)=O->[Pt+2]2(<-[O-]1)<-[C]1N(c3ccccc3)C3=C(c4cccc5cccc3c45)N1c1cccc[c-]->21,CC1=CC(C)=O->[Pt+2]2(<-[O-]1)<-[C]1N(c3ccccc3)C3=C(c4cccc5cccc3c45)N1c1cccc[c-]->21
KOJGIC,,C24 H13 F5 N2 O1 Pt1,0.0,Fc1c(F)c(F)c(N2=Cc3ccccc3[O-]->[Pt+2]<-23<-[c-]2ccccc2-c2ccccn->32)c(F)c1F,Fc1c(F)c(F)c(N2=Cc3ccccc3[O-]->[Pt+2]<-23<-[c-]2ccccc2-c2ccccn->32)c(F)c1F,Fc1c(F)c(F)c(N2=Cc3ccccc3[O-]->[Pt+2]<-23<-[c-]2ccccc2-c2ccccn->32)c(F)c1F
KOKFEW,,C22 H24 B2 Cl2 Hf1 N2,0.0,C[N+](C)=[B-]1[B-](=[N+](C)C)[c-]23->[Hf+4]456789%10(<-[Cl-])(<-[Cl-])(<-c%11c->4c->51c->6[cH-]->7%11)<-c1(ccccc->812)c->91ccccc->%1013,CN(C)[B-]1[B-](N(C)C)=C23->[Hf+4]456789%10(<-[Cl-])(<-[Cl-])(<-C%11=C->4C->5=1C->6=C->7%11)<-c21ccccc->81-c->91ccccc->%1013,CN(C)[B-]1[B-](N(C)C)=C23->[Hf+4]45678(<-[Cl-])(<-[Cl-])(<-C9=C->4C->5=1C->6=C->79)<-c21ccccc1-c1ccccc->813
KOLCOE,Cc1ccc2c(/N=N/c3ccc([N+](=O)[O-])cc3)ccc3[N-](->[Hg+2](<-[O-][N+](=O)[O-])<-n1c32)S(=O)(=O)c1ccccc1,C22 H16 Hg1 N6 O7 S1,0.0,Cc1ccc2c(N=Nc3ccc([N+](=O)[O-])cc3)ccc3[N-](->[Hg+2](<-[O-][N+](=O)[O-])<-n1c32)S(=O)(=O)c1ccccc1,Cc1ccc2c(N=Nc3ccc([N+](=O)[O-])cc3)ccc3[N-](->[Hg+2](<-[O-][N+](=O)[O-])<-n1c32)S(=O)(=O)c1ccccc1,Cc1ccc2c(N=Nc3ccc([N+](=O)[O-])cc3)ccc3[N-]4S(=O)(=O->[Hg+2]<-456(<-[O-][N+]->5(=O)[O-]->6)<-n1c32)c1ccccc1
KOMJIF,CC#N->[V+5](<-[Cl-])(<-[Cl-])(<-[Cl-])(<-[Cl-])<-[N-]=P(C)(c1ccccc1)c1ccccc1,C15 H16 Cl4 N2 P1 V1,0.0,CC#N->[V+6](<-[Cl-])(<-[Cl-])(<-[Cl-])(<-[Cl-])<-[N-2][P](C)(c1ccccc1)c1ccccc1,CC#N->[V+5](<-[Cl-])(<-[Cl-])(<-[Cl-])(<-[Cl-])<-[N-]=P(C)(c1ccccc1)c1ccccc1,CC#N->[V+5](<-[Cl-])(<-[Cl-])(<-[Cl-])(<-[Cl-])<-[N-]=P(C)(c1ccccc1)c1ccccc1
KOPBUO,,C17 H17 La1 N8 O11,0.0,Cc1nc2-c3ccc4ccc5cccn6->[La+3]789(<-O)(<-O)(<-[O-][N+](=O)[O-]->7)(<-[O-][N+](=O)[O-]->8)(<-[O-][N+](=O)[O-]->9)(<-n2nc1C)<-n3c4c56,CC1NC2C3CCC4CCC5CCCN6C5C4N3[La]6345789(<-O)(<-O)(<-N(O)(O3)O4)(<-N(O)(O5)O7)(<-N(O)(O8)O9)N2NC1C,CC1NC2C3CCC4CCC5CCCN6C5C4N3[La]6345789(<-O)(<-O)(<-N(O)(O3)O4)(<-N(O)(O5)O7)(<-N(O)(O8)O9)N2NC1C
KOQCIC,[N-3]->[Mn@TB13+5]123<-[O-]c4ccccc4/C=N->1/[C@H](c1ccccc1)[C@H](c1ccccc1)/N->2=C/c1ccccc1[O-]->3,C28 H22 Mn1 N3 O2,0.0,[N-3]->[Mn+5]123<-[O-]c4ccccc4C=N->1C(c1ccccc1)C(c1ccccc1)N->2=Cc1ccccc1[O-]->3,[N-3]->[Mn+5]123<-[O-]c4ccccc4C=N->1C(c1ccccc1)C(c1ccccc1)N->2=Cc1ccccc1[O-]->3,[N-3]->[Mn+5]123<-[O-]c4ccccc4C=N->1C(c1ccccc1)C(c1ccccc1)N->2=Cc1ccccc1[O-]->3
KOTVOE,,C16 H12 Cr1 O3,0.0,CO[C-2]1c2ccccc2-c23->[Cr+2]<-14567(<-[C-]#[O+])(<-[C-]#[O+])<-c(c->4c->52)c->6c->73,CO[C]1c2ccccc2-c23->[Cr]<-14567(<-[C-]#[O+])(<-[C-]#[O+])<-c(c->4c->52)c->6c->73,CO[C]1c2ccccc2-c23->[Cr]<-14567(<-[C-]#[O+])(<-[C-]#[O+])<-c(c->4c->52)c->6c->73
KOXPAO,COCCP(C(C)C)(C(C)C)->[Ru+4]1(<-[Cl-])(<-[Cl-])(<-[C-3][CH+]c2ccccc2)<-O(C)CCP->1(C(C)C)C(C)C,C26 H48 Cl2 O2 P2 Ru1,0.0,COCCP(C(C)C)(C(C)C)->[Ru+4]1(<-[Cl-])(<-[Cl-])(<-[C-2]=Cc2ccccc2)<-O(C)CCP->1(C(C)C)C(C)C,COCCP(C(C)C)(C(C)C)->[Ru+2]1(<-[Cl-])(<-[Cl-])(<-[C]=Cc2ccccc2)<-O(C)CCP->1(C(C)C)C(C)C,COCCP(C(C)C)(C(C)C)->[Ru+2]1(<-[Cl-])(<-[Cl-])(<-[C]=Cc2ccccc2)<-O(C)CCP->1(C(C)C)C(C)C
KOYDOT,C[Si](C)(C)[CH2-]->[Y+3]12(<-[CH2-][Si](C)(C)C)(<-n3ccccc3C[c-]->13c1ccccc1c1ccccc->213)<-O1CCCC1,C31 H44 N1 O1 Si2 Y1,0.0,C[Si](C)(C)[CH2-]->[Y+3]12345(<-[CH2-][Si](C)(C)C)(<-n6ccccc6Cc->16c->21ccccc->31c->41cccc[c-]->561)<-O1CCCC1,C[Si](C)(C)[CH2-]->[Y+3]12345(<-[CH2-][Si](C)(C)C)(<-n6ccccc6Cc->16c->21ccccc->31[c-]->41ccccc->561)<-O1CCCC1,C[Si](C)(C)[CH2-]->[Y+3]1(<-[CH2-][Si](C)(C)C)(<-n2ccccc2C[c-]->12c1ccccc1c1ccccc12)<-O1CCCC1
KUBHOF,,C19 H28 Br1 N2 Ni1 O3 1+,1.0,CC(C)c1cccc(C(C)C)c1N1=Cc2cccc3CO->[Ni+2]<-1(<-O)(<-O)(<-[Br-])<-n23,CC(C)c1cccc(C(C)C)c1N1=Cc2cccc3CO->[Ni+2]<-1(<-O)(<-O)(<-[Br-])<-n23,CC(C)c1cccc(C(C)C)c1N1->[Ni+2]2(<-[Br-])<-OCc3cccc(n->23)C=1.O.O
KUDKEA,CC(C)(C)P(->[Au+]1<-C2=C->1[C@H]1C=C[C@@H]2C1)(C(C)(C)C)C(C)(C)C,C19 H35 Au1 P1 1+,1.0,CC(C)(C)P(->[Au+]1<-C2=C->1C1C=CC2C1)(C(C)(C)C)C(C)(C)C,CC(C)(C)P(->[Au+]1<-C2=C->1C1C=CC2C1)(C(C)(C)C)C(C)(C)C,CC(C)(C)P(->[Au+]1<-C2=C->1C1C=CC2C1)(C(C)(C)C)C(C)(C)C
KUGDEX,CC(C)c12->[Ru+2]34567(<-[Cl-])(<-[c-]8cc9ccccc9n8-c8ncccn->38)<-c(c->41)c->5(C)c->6c->72,C22 H22 Cl1 N3 Ru1,0.0,CC(C)c12->[Ru+]34567(<-[Cl-])(<-[c]8cc9ccccc9n8-c8ncccn->38)<-c(c->41)c->5(C)c->6c->72,CC(C)c12->[Ru+2]34567(<-[Cl-])(<-[c-]8cc9ccccc9n8-c8ncccn->38)<-c(c->41)c->5(C)c->6c->72,CC(C)c12->[Ru+2]34567(<-[Cl-])(<-[c-]8cc9ccccc9n8-c8ncccn->38)<-c(c->41)c->5(C)c->6c->72
KUHPAG,,C18 H48 B1 O2 P4 Rh1,0.0,CC1(C)O[BH2-](->[Rh+](<-P(C)(C)C)(<-P(C)(C)C)(<-P(C)(C)C)<-P(C)(C)C)OC1(C)C,CC1(C)OB(->[Rh-](<-P(C)(C)C)(<-P(C)(C)C)(<-P(C)(C)C)<-P(C)(C)C)=[O+]C1(C)C,CC1(C)OB(->[Rh-](<-P(C)(C)C)(<-P(C)(C)C)(<-P(C)(C)C)<-P(C)(C)C)=[O+]C1(C)C
KUJLEH,CC1=C(->[Pd+2](<-[I-])(<-[I-])<-n2ccccc2)=C(C)N(c2ccccc2)N1C,C17 H19 I2 N3 Pd1,0.0,Cc1[c-](->[Pd+2](<-[I-])(<-[I-])<-n2ccccc2)c(C)[n+](-c2ccccc2)n1C,CC1=C(->[Pd+2](<-[I-])(<-[I-])<-n2ccccc2)=C(C)N(c2ccccc2)N1C,CC1=C(->[Pd+2](<-[I-])(<-[I-])<-n2ccccc2)=C(C)N(c2ccccc2)N1C
KUKCIE,,C15 H21 N5 Ni1 O2 S2,0.0,O->[Ni+2]12(<-[N-]=C=S)(<-[N-]=C=S)<-[O-]c3ccccc3C=N->1CCN->21CC[NH2+]CC1,O->[Ni+2]12(<-[N-]=C=S)(<-[N-]=C=S)<-[O-]c3ccccc3C=N->1CCN->21CC[NH2+]CC1,O.S=C=[N-]->[Ni+2]1(<-[N-]=C=S)<-[O-]c2ccccc2C=N->1CCN1CC[NH2+]CC1
KULLUZ,,C16 H14 N2 O4 Pt1,0.0,fail,CC1=CC(C)=O->[Pt+2]2(<-[O-]1)<-[c-]1ccccc1-c1ccc([N+](=O)[O-])cn->21,CC1=CC(C)=O->[Pt+2]2(<-[O-]1)<-[c-]1ccccc1-c1ccc([N+](=O)[O-])cn->21
KUMBEB,,C20 H32 Cl2 N2 O2 Si2 Zr1,0.0,C[N-](C)->[Zr+4]12(<-[Cl-])(<-[Cl-])<-[N-]([Si](C)(C)c3ccccc3O->1C)[Si](C)(C)c1ccccc1O->2C,C[N-](C)->[Zr+4]12(<-[Cl-])(<-[Cl-])<-[N-]([Si](C)(C)c3ccccc3O->1C)[Si](C)(C)c1ccccc1O->2C,C[N-](C)->[Zr+4]12(<-[Cl-])(<-[Cl-])<-[N-]([Si](C)(C)c3ccccc3O->1C)[Si](C)(C)c1ccccc1O->2C
KUMPAJ,,C21 H46 Cl1 Ir1 O1 P2,0.0,C=[CH-]->[IrH+2](<-[Cl-])(<-[C-]#[O+])(<-P(C(C)C)(C(C)C)C(C)C)<-P(C(C)C)(C(C)C)C(C)C,C=[CH-]->[IrH+2](<-[Cl-])(<-[C-]#[O+])(<-P(C(C)C)(C(C)C)C(C)C)<-P(C(C)C)(C(C)C)C(C)C,C=[CH-]->[IrH+2](<-[Cl-])(<-[C-]#[O+])(<-P(C(C)C)(C(C)C)C(C)C)<-P(C(C)C)(C(C)C)C(C)C
KUNROA,,C20 H12 O5 W1,0.0,CO[C-2]1c2ccccc2C2#C(c3ccccc3)->[W+2]<-2<-1(<-[C-]#[O+])(<-[C-]#[O+])(<-[C-]#[O+])<-[C-]#[O+],CO[C-]1=c2ccccc2=[C-]2[C](c3ccccc3)->[W+2]<-1<-2(<-[C-]#[O+])(<-[C-]#[O+])(<-[C-]#[O+])<-[C-]#[O+],CO[C-]1=c2ccccc2=[C-]2[C](c3ccccc3)->[W+2]<-1<-2(<-[C-]#[O+])(<-[C-]#[O+])(<-[C-]#[O+])<-[C-]#[O+]
KUPPUH,O=C([O-])c1ccc2C(=O)[O-]->[Ni+2](<-n2c1)(<-n1cccc2ccc3cccnc3c21)<-n1cccc2ccc3cccnc3c21,C31 H19 N5 Ni1 O4,0.0,O=C([O-])c1ccc2C(=O)[O-]->[Ni+2]34(<-n2c1)(<-n1cccc2ccc5cccn->3c5c21)<-n1cccc2ccc3cccn->4c3c21,O=C([O-])c1ccc2C(=O)[O-]->[Ni+2]34(<-n2c1)(<-n1cccc2ccc5cccn->3c5c21)<-n1cccc2ccc3cccn->4c3c21,O=C([O-])c1ccc2C(=O)[O-]->[Ni+2]34(<-n2c1)(<-n1cccc2ccc5cccn->3c5c21)<-n1cccc2ccc3cccn->4c3c21
KURFOS,,C26 H24 N1 O1 P1 Re1 1+,1.0,C=C1=C->[Re+]<-12345(<-N#[O+])(<-c1c->2c->3[cH-]->4c->51)<-P(c1ccccc1)(c1ccccc1)c1ccccc1,C=C1=C->[Re+3]<-12345(<-[N-]=O)(<-c1c->2c->3[cH-]->4c->51)<-P(c1ccccc1)(c1ccccc1)c1ccccc1,C=C1=C->[Re+3]<-12345(<-[N-]=O)(<-c1c->2c->3[cH-]->4c->51)<-P(c1ccccc1)(c1ccccc1)c1ccccc1
KUVJUG,Cc12->[Ta+5]3456(<-[Cl-])(<-[Cl-])(<-[Cl-])(<-C=P([CH2-]->3)(c3ccccc3)c3ccccc3)<-c1(C)c->4(C)[c-]->5(C)c->62C,C24 H29 Cl3 P1 Ta1,0.0,Cc12->[Ta+6]3456(<-[Cl-])(<-[Cl-])(<-[Cl-])(<-[CH2-][P]([CH2-]->3)(c3ccccc3)c3ccccc3)<-c1(C)c->4(C)[c-]->5(C)c->62C,Cc12->[Ta+5]3456(<-[Cl-])(<-[Cl-])(<-[Cl-])(<-C=P([CH2-]->3)(c3ccccc3)c3ccccc3)<-c1(C)c->4(C)[c-]->5(C)c->62C,Cc1c2(C)->[Ta+5]345(<-[Cl-])(<-[Cl-])(<-[Cl-])(<-C=P([CH2-]->3)(c3ccccc3)c3ccccc3)<-c1(C)[c-]->4(C)c->52C
KUWHEP,CC(C)N12->[Mo+6]3(<-[O-2])(<-[O-2])(<-[O-2])<-N(C(C)C)(CC1)CCN->3(C(C)C)CC2,C15 H33 Mo1 N3 O3,0.0,CC(C)N12->[Mo+6]3(<-[O-2])(<-[O-2])(<-[O-2])<-N(C(C)C)(CC1)CCN->3(C(C)C)CC2,CC(C)N12->[Mo+6]3(<-[O-2])(<-[O-2])(<-[O-2])<-N(C(C)C)(CC1)CCN->3(C(C)C)CC2,CC(C)N12->[Mo+6]3(<-[O-2])(<-[O-2])(<-[O-2])<-N(C(C)C)(CC1)CCN->3(C(C)C)CC2
KUYGER,,C18 H13 Br1 N2 O2 Zn1,0.0,[Br-]->[Zn+2]12(<-[O-]c3cccc4cccn->1c34)<-Oc1cccc3cccn->2c13,[O-]c1cccc2cccn(->[Zn+2]3(<-[Br-])<-Oc4cccc5cccn->3c45)c12,Oc1cccc2cccn(->[Zn+2]3(<-[Br-])<-[O-]c4cccc5cccn->3c45)c12
LABMEH,CCN1C(=S)N(CC)C2=S->[Pd+2](<-[Br-])(<-[Br-])<-S=C21,C7 H10 Br2 N2 Pd1 S3,0.0,CCN1C(=S)N(CC)C2=S->[Pd+2](<-[Br-])(<-[Br-])<-S=C21,CCN1C(=S)N(CC)C2=S->[Pd+2](<-[Br-])(<-[Br-])<-S=C21,CCN1C(=S)N(CC)C2=S->[Pd+2](<-[Br-])(<-[Br-])<-S=C21
LACHED,C/C1=C(\C)[N-](O)->[Co+3]2(<-S=C(N)N)(<-S=C(N)N)(<-N1=O)<-N(=O)/C(C)=C(/C)[N-]->2O,C10 H22 Co1 N8 O4 S2 1+,1.0,CC1C(C)=N(O)->[Co+]2(<-S=C(N)N)(<-S=C(N)N)(<-N=1[O])<-N([O])=C(C)C(C)=N->2O,CC1=C(C)[N-](O)->[Co+3]2(<-S=C(N)N)(<-S=C(N)N)(<-N1=O)<-N(=O)C(C)=C(C)[N-]->2O,CC1=C(C)[N-](O)->[Co+3]2(<-S=C(N)N)(<-S=C(N)N)(<-N1=O)<-N(=O)C(C)=C(C)[N-]->2O
LADHOO,CC(C)(C)/N1=C(\c2ccccc2O)[C@@H]2[C@H]3C=C[C@H](C3)[CH-]2->[Pd+2]<-12<-n1ccccc1-c1ccccn->21,C28 H30 N3 O1 Pd1 1+,1.0,CC(C)(C)N1=C(c2ccccc2O)C2C3C=CC(C3)[CH-]2->[Pd+2]<-12<-n1ccccc1-c1ccccn->21,CC(C)(C)N1=C(c2ccccc2O)C2C3C=CC(C3)[CH-]2->[Pd+2]<-12<-n1ccccc1-c1ccccn->21,CC(C)(C)N1=C(c2ccccc2O)C2C3C=CC(C3)[CH-]2->[Pd+2]<-12<-n1ccccc1-c1ccccn->21
LADZIA,[Cl-]->[Pd@OH14+2]12<-N3=C(/N=c4/ccc(Br)c[n-]->14)c1ccccc1/C3=N/c1ccc(Br)cn->21,C18 H10 Br2 Cl1 N5 Pd1,0.0,[Cl-]->[Pd+2]12<-n3cc(Br)ccc3N=C3c4ccccc4C(=Nc4ccc(Br)cn->14)[N-]->23,[Cl-]->[Pd+2]12<-N3=C(N=c4ccc(Br)c[n-]->14)c1ccccc1C3=Nc1ccc(Br)cn->21,[Cl-]->[Pd+2]12<-N3=C(N=c4ccc(Br)c[n-]->14)c1ccccc1C3=Nc1ccc(Br)cn->21
LAGLEL,C=CCN12C[C@H]([O-]->[V+5]<-1(<-[O-2])(<-[O-]C)<-[O-][C@@H](C2)c1ccccc1)c1ccccc1,C20 H24 N1 O4 V1,0.0,C=CCN12CC([O-]->[V+5]<-1(<-[O-2])(<-[O-]C)<-[O-]C(C2)c1ccccc1)c1ccccc1,C=CCN12CC([O-]->[V+5]<-1(<-[O-2])(<-[O-]C)<-[O-]C(C2)c1ccccc1)c1ccccc1,C=CCN12CC([O-]->[V+5]<-1(<-[O-2])(<-[O-]C)<-[O-]C(C2)c1ccccc1)c1ccccc1
LAHQIV,,C22 H14 O5 Ru1,0.0,O=C1C2(c3ccccc3)->[Ru]34(<-[C-]#[O+])(<-[C-]#[O+])(<-[C-]#[O+])<-C1(c1ccccc1)=C->31COCC->4=21,O=c12->[Ru+2]345(<-[C-]#[O+])(<-[C-]#[O+])(<-[C-]#[O+])<-c1(-c1ccccc1)c->31[c-]->4([c-]->52-c2ccccc2)COC1,O=c12->[Ru+2]345(<-[C-]#[O+])(<-[C-]#[O+])(<-[C-]#[O+])<-c1(-c1ccccc1)c->31[c-]->4([c-]->52-c2ccccc2)COC1
LAJCIJ,Cc1ccc(C(=O)[Se-]->[Hg+2](<-[Se-]C(=O)c2ccc(C)cc2)<-[Se-]C(=O)c2ccc(C)cc2)cc1,C24 H21 Hg1 O3 Se3 1-,-1.0,Cc1ccc(C(=O)[Se-]->[Hg+2](<-[Se-]C(=O)c2ccc(C)cc2)<-[Se-]C(=O)c2ccc(C)cc2)cc1,Cc1ccc(C(=O)[Se-]->[Hg+2](<-[Se-]C(=O)c2ccc(C)cc2)<-[Se-]C(=O)c2ccc(C)cc2)cc1,Cc1ccc(C(=O)[Se-]->[Hg+2](<-[Se-]C(=O)c2ccc(C)cc2)<-[Se-]C(=O)c2ccc(C)cc2)cc1
LAJWIC,,C16 H33 Cl1 Ir1 O2 P3,0.0,CP(C)(C)->[IrH+2](<-[Cl-])(<-[O-]C(=O)c1ccccc1)(<-P(C)(C)C)<-P(C)(C)C,CP(C)(C)->[IrH+2](<-[Cl-])(<-[O-]C(=O)c1ccccc1)(<-P(C)(C)C)<-P(C)(C)C,CP(C)(C)->[IrH+2](<-[Cl-])(<-[O-]C(=O)c1ccccc1)(<-P(C)(C)C)<-P(C)(C)C
LALMES,,C22 H19 N3 Ni1 O6 S1,0.0,O=Cc1ccc2[O-]->[Ni+2]34(<-O)(<-[O-]S(=O)(=O)CCN->3=Cc2c1)<-n1cccc2ccc3cccn->4c3c21,O=Cc1ccc2[O-]->[Ni+2]34(<-O)(<-[O-]S(=O)(=O)CCN->3=Cc2c1)<-n1cccc2ccc3cccn->4c3c21,O.O=Cc1ccc2c(c1)C=N1->[Ni+2]3(<-[O-]2)(<-[O-]S(=O)(=O)CC1)<-n1cccc2ccc4cccn->3c4c21
LALVEB,Cc1ccc(/N2=C3\C=C(Cl)C=C\C3=N(/O)->[Re+]<-2(<-[Cl-])(<-[C-]#[O+])(<-[C-]#[O+])<-[C-]#[O+])cc1,C16 H11 Cl2 N2 O4 Re1,0.0,Cc1ccc([N-]2c3cc(Cl)ccc3[N-](O)->[Re+3]<-2(<-[Cl-])(<-[C-]#[O+])(<-[C-]#[O+])<-[C-]#[O+])cc1,Cc1ccc([N-]2c3cc(Cl)ccc3[N-](O)->[Re+3]<-2(<-[Cl-])(<-[C-]#[O+])(<-[C-]#[O+])<-[C-]#[O+])cc1,Cc1ccc([N-]2c3cc(Cl)ccc3[N-](O)->[Re+3]<-2(<-[Cl-])(<-[C-]#[O+])(<-[C-]#[O+])<-[C-]#[O+])cc1
LAMLES,[O-2]->[V+5]12(<-[O-2])<-O=C3C=CC=C/C3=C/N->1=N/C([O-]->2)=C1C=CNC=C1,C13 H10 N3 O4 V1,0.0,[O-2]->[V+5]12(<-[O-2])<-[O-]C(=NN->1=Cc1ccccc1[O-]->2)c1cc[nH+]cc1,[O-2]->[V+5]12(<-[O-2])<-O=C3C=CC=CC3=CN->1=NC([O-]->2)=C1C=CNC=C1,[O-2]->[V+5]12(<-[O-2])<-O=C3C=CC=CC3=CN->1=NC([O-]->2)=C1C=CNC=C1
LANBIM,,C22 H42 Ir1 N4 1+,1.0,CC(C)(C)N1C=CN2C(C)(C)C[H]->[IrH2+]3(<-[H]CC(C)(C)N4C=CN(C(C)(C)C)[C]->34)<-[C]12,[CH2-]C(C)(C)n1cc[n+](C(C)(C)C)[c-]1->[IrH4+3]<-[c-]1n(C([CH2-])(C)C)cc[n+]1C(C)(C)C,CC(C)(C)N1C=CN(C(C)(C)C)[C]1->[IrH2+]<-[C]1N(C(C)(C)C)C=CN1C(C)(C)C
LAPCEN,,C14 H14 Hg1 I2 N4 O1,0.0,CC1c2ccccn2->[Hg+2]2(<-[I-])(<-[I-])<-O=C(NN->2=1)c1ccc(N)cc1,CC1c2ccccn2->[Hg+2](<-[I-])(<-[I-])<-N=1NC(=O)c1ccc(N)cc1,CC(=NNC(=O)c1ccc(N)cc1)c1ccccn1.[I-]->[Hg+2]<-[I-]
LAPXOQ,,C32 H40 Au1 Cl1 N2 P2,0.0,CN(C)CCP(c1ccccc1)(c1ccccc1)->[Au+](<-[Cl-])<-P(CCN(C)C)(c1ccccc1)c1ccccc1,CN(C)CCP(->[Au+]<-P(CCN(C)C)(c1ccccc1)c1ccccc1)(c1ccccc1)c1ccccc1.[Cl-],CN(C)CCP(c1ccccc1)(c1ccccc1)->[Au+](<-[Cl-])<-P(CCN(C)C)(c1ccccc1)c1ccccc1
LAQRUR,,C18 H22 N2 Ni1 O8,0.0,COc1cccc2C=N3OCCON4=Cc5cccc(OC)c5[O-]->[Ni+2]<-3<-4(<-O)(<-O)<-[O-]c21,COc1cccc2C=N3OCCON4=Cc5cccc(OC)c5[O-]->[Ni+2]<-3<-4(<-O)(<-O)<-[O-]c21,COc1cccc2c1[O-]->[Ni+2]13<-[O-]c4c(cccc4OC)C=N->1OCCON->3=C2.O.O
LARVEH,Cn1ccn2[BH-]34[H]->[Ru+2]<-3567(<-[H][BH-]->5(n3ccn(C)c3=S->6)n3ccn(C)c3=S->7)(<-S=c12)<-S=c1n(C)ccn14,C16 H24 B2 N8 Ru1 S4,0.0,Cn1ccn2[BH-]3[H]->[Ru+2]45(<-[H][BH-](n6ccn(C)c6=S->4)n4ccn(C)c4=S->5)(<-S=c12)<-S=c1n(C)ccn13,Cn1ccn2[BH2-]n3ccn(C)c3=S->[Ru+2]3(<-S=c12)<-S=c1n(C)ccn1[BH2-]n1ccn(C)c1=S->3,Cn1ccn2Bn3ccn(C)c3=S->[RuH2]3(<-S=c12)<-S=c1n(C)ccn1Bn1ccn(C)c1=S->3
LASNAX,,C22 H30 N4 Ni1 O10 S2,0.0,CC1c2cc(C)cc([N+](=O)[O-])c2[O-]->[Ni+2]2(<-O=S(C)C)(<-O=S(C)C)(<-[O-]c3c(C(C)=N->2O)cc(C)cc3[N+](=O)[O-])<-N=1O,CC1c2cc(C)cc([N+](=O)[O-])c2[O-]->[Ni+2]2(<-O=S(C)C)(<-O=S(C)C)(<-[O-]c3c(C(C)=N->2O)cc(C)cc3[N+](=O)[O-])<-N=1O,CC1c2cc(C)cc([N+](=O)[O-])c2[O-]->[Ni+2]2(<-O=S(C)C)(<-O=S(C)C)(<-[O-]c3c(C(C)=N->2O)cc(C)cc3[N+](=O)[O-])<-N=1O
LASXUB,CC1=C([O-])N(c2c(C)cc(C)cc2C)[C](->[Ni+2]2345(<-[C]6N(C)C=CN6C)<-c6c->2c->3[cH-]->4c->56)N(c2c(C)cc(C)cc2C)C1=O,C33 H38 N4 Ni1 O2,0.0,Cc1cc(C)c(N2C(=O)[C-](C)C(=O)N(c3c(C)cc(C)cc3C)[C]2->[Ni+2]2345(<-[C]6N(C)C=CN6C)<-c6c->2c->3[cH-]->4c->56)c(C)c1,CC1=C([O-])N(c2c(C)cc(C)cc2C)[C](->[Ni+2]2345(<-[C]6N(C)C=CN6C)<-c6c->2c->3[cH-]->4c->56)N(c2c(C)cc(C)cc2C)C1=O,CC1=C([O-])N(c2c(C)cc(C)cc2C)[C](->[Ni+2]2345(<-[C]6N(C)C=CN6C)<-c6c->2c->3[cH-]->4c->56)N(c2c(C)cc(C)cc2C)C1=O
LATMAU,CCN(CC)C1=S->[Mo+2]23(<-[C-]#[O+])(<-[C-]#[O+])(<-[S-]1)<-n1cccn1[BH-](n1cccn->21)n1cccn->31,C16 H20 B1 Mo1 N7 O2 S2,0.0,fail,CCN(CC)C1=S->[Mo+2]23(<-[C-]#[O+])(<-[C-]#[O+])(<-[S-]1)<-n1cccn1[BH-](n1cccn->21)n1cccn->31,CCN(CC)C1=S->[Mo+4]234(<-[S-]1)(<-[C-](=O)[C-]->2=O)<-n1cccn1[BH-](n1cccn->31)n1cccn->41
LAVPEG,CC(C)c1cccc(C(C)C)c1/N1=C2C(=N(/c3c(C(C)C)cccc3C(C)C)->[Ni+2]<-1(<-[Br-])<-[Br-])/c1ccc3c4c(ccc/2c14)CC3,C38 H42 Br2 N2 Ni1,0.0,CC(C)c1cccc(C(C)C)c1N1=C2C(=N(c3c(C(C)C)cccc3C(C)C)->[Ni+2]<-1(<-[Br-])<-[Br-])c1ccc3c4c(ccc2c14)CC3,CC(C)c1cccc(C(C)C)c1N1=C2C(=N(c3c(C(C)C)cccc3C(C)C)->[Ni+2]<-1(<-[Br-])<-[Br-])c1ccc3c4c(ccc2c14)CC3,CC(C)c1cccc(C(C)C)c1N1=C2C(=N(c3c(C(C)C)cccc3C(C)C)->[Ni+2]<-1(<-[Br-])<-[Br-])c1ccc3c4c(ccc2c14)CC3
LAWTIP,Fc1ccc(B23c4ccccc4P(c4ccccc4)(c4ccccc4)->[Au@TB6+]<-2(<-[Cl-])<-P(c2ccccc2)(c2ccccc2)c2ccccc23)cc1,C42 H32 Au1 B1 Cl1 F1 P2,0.0,Fc1ccc(B23c4ccccc4P(c4ccccc4)(c4ccccc4)->[Au+]<-2(<-[Cl-])<-P(c2ccccc2)(c2ccccc2)c2ccccc23)cc1,Fc1ccc(B23c4ccccc4P(c4ccccc4)(c4ccccc4)->[Au+]<-2(<-[Cl-])<-P(c2ccccc2)(c2ccccc2)c2ccccc23)cc1,Fc1ccc(B23c4ccccc4P(c4ccccc4)(c4ccccc4)->[Au+]<-2(<-[Cl-])<-P(c2ccccc2)(c2ccccc2)c2ccccc23)cc1
LAXJID,,C14 H19 Mn1 O2,0.0,Cc12->[MnH]3456(<-[C-]#[O+])(<-[C-]#[O+])<-c1(C)c->3(C)c->4(C)c->5(C)c->62C,Cc12->[MnH]3456(<-[C-]#[O+])(<-[C-]#[O+])<-c1(C)c->3(C)c->4(C)c->5(C)c->62C,Cc12->[MnH]3456(<-[C-]#[O+])(<-[C-]#[O+])<-c1(C)c->3(C)c->4(C)c->5(C)c->62C
LAYDEW,[O-2]->[Re+5]12(<-O=C3C=CC=CC3=C3Nc4ccccc4N3)(<-[O-]c3ccccc3-c3[nH]c4ccccc4n->13)<-[O-]c1ccccc1-c1[nH]c3ccccc3n->21,C39 H28 N6 O4 Re1 1+,1.0,[O-2]->[Re+5]12(<-[O-]c3ccccc3-c3[nH]c4ccccc4[nH+]3)(<-[O-]c3ccccc3-c3[nH]c4ccccc4n->13)<-[O-]c1ccccc1-c1[nH]c3ccccc3n->21,[O-2]->[Re+5]12(<-O=C3C=CC=CC3=C3Nc4ccccc4N3)(<-[O-]c3ccccc3-c3[nH]c4ccccc4n->13)<-[O-]c1ccccc1-c1[nH]c3ccccc3n->21,[O-2]->[Re+5]12(<-O=C3C=CC=CC3=C3Nc4ccccc4N3)(<-[O-]c3ccccc3-c3[nH]c4ccccc4n->13)<-[O-]c1ccccc1-c1[nH]c3ccccc3n->21
LAYXUE,,C36 H28 O1 W1,0.0,CC1(C)C2c3ccccc3-c3ccc[c-](->[W+2]45678(<-[C-]#[O+])(<-C(c9ccccc9)#C->4c4ccccc4)<-c4c->5c->61c->7[cH-]->84)c32,CC1(C)C2c3ccccc3-c3ccc[c-](->[W+2]45678(<-[C-]#[O+])(<-C(c9ccccc9)#C->4c4ccccc4)<-c4c->5[cH-]->6c->71c->84)c32,CC1(C)C2c3ccccc3-c3ccc[c-](->[W+2]45678(<-[C-]#[O+])(<-C(c9ccccc9)#C->4c4ccccc4)<-c4c->5[cH-]->6c->71c->84)c32
LAZMIL,Cc1c(C)[c-]2(C)->[Ir+3]345(<-[O-]S(=O)(=O)[O-]->3)(<-n3ccccc3Nc3ccccn->43)<-c1(C)c->52C,C20 H24 Ir1 N3 O4 S1,0.0,Cc12->[Ir+3]3456(<-[O-]S(=O)(=O)[O-])(<-n7ccccc7Nc7ccccn->37)<-c1(C)c->4(C)[c-]->5(C)c->62C,Cc12->[Ir+3]3456(<-[O-]S(=O)(=O)[O-])(<-n7ccccc7Nc7ccccn->37)<-c1(C)c->4(C)[c-]->5(C)c->62C,Cc1c(C)c2(C)->[Ir+3]34(<-[O-]S(=O)(=O)[O-]->3)(<-n3ccccc3Nc3ccccn->43)<-[c-]2(C)c1C
LEBYUN,C[N-](C)->[Ta+5]1(<-[N-2]C(C)(C)C)(<-[N-](C)C)<-[N-](N->1(C)C)[Si](C)(C)C,C13 H36 N5 Si1 Ta1,0.0,C[N-](C)->[Ta+5]1(<-[N-2]C(C)(C)C)(<-[N-](C)C)<-[N-](N->1(C)C)[Si](C)(C)C,C[N-](C)->[Ta+5]1(<-[N-2]C(C)(C)C)(<-[N-](C)C)<-[N-](N->1(C)C)[Si](C)(C)C,CN(C)[N-]([Si](C)(C)C)->[Ta+5](<-[N-2]C(C)(C)C)(<-[N-](C)C)<-[N-](C)C
LECGIM,CC1/C=C(/C)[O-]->[Ir+3]23(<-O=1)(<-C1#SC(C)=C(C)N1c1ccc(C)c[c-]->21)<-C1#SC(C)=C(C)N1c1ccc(C)c[c-]->31,C29 H31 Ir1 N2 O2 S2,0.0,fail,CC1=CC(C)=O->[Ir+3]23(<-[O-]1)(<-C1#SC(C)=C(C)N1c1ccc(C)c[c-]->21)<-C1#SC(C)=C(C)N1c1ccc(C)c[c-]->31,CC1=CC(C)=O->[Ir+3]23(<-[O-]1)(<-C1#SC(C)=C(C)N1c1ccc(C)c[c-]->21)<-C1#SC(C)=C(C)N1c1ccc(C)c[c-]->31
LECYAU,O=[N+]([O-])[O-]->[Cd+2](<-O)(<-O)(<-[O-][N+](=O)[O-])(<-n1cc(/N=N/c2ccccc2)c[nH]1)<-n1cc(/N=N/c2ccccc2)c[nH]1,C18 H20 Cd1 N10 O8,0.0,O=[N+]([O-])[O-]->[Cd+2](<-O)(<-O)(<-[O-][N+](=O)[O-])(<-n1cc(N=Nc2ccccc2)c[nH]1)<-n1cc(N=Nc2ccccc2)c[nH]1,O=[N+]([O-])[O-]->[Cd+2](<-O)(<-O)(<-[O-][N+](=O)[O-])(<-n1cc(N=Nc2ccccc2)c[nH]1)<-n1cc(N=Nc2ccccc2)c[nH]1,O.O=[N+]1[O-]->[Cd+2]2(<-O)(<-n3cc(N=Nc4ccccc4)c[nH]3)(<-n3cc(N=Nc4ccccc4)c[nH]3)(<-[O-]1)<-[O-][N+](=O)[O-]->2
LEDVOG,,C33 H37 B1 N6 P1 Rh1,0.0,Cc1cc(C)[n-]2->[RhH+2]34(<-[c-]5ccccc5P->3(c3ccccc3)c3ccccc3)<-[n-]3c(C)cc(C)[n+]3[BH-]([n+]12)[n+]1c(C)cc(C)[n-]->41,Cc1cc(C)n2->[RhH+2]34(<-[c-]5ccccc5P->3(c3ccccc3)c3ccccc3)<-n3c(C)cc(C)n3[BH-](n12)n1c(C)cc(C)n->41,Cc1cc(C)n2->[RhH+2]34(<-[c-]5ccccc5P->3(c3ccccc3)c3ccccc3)<-n3c(C)cc(C)n3[BH-](n12)n1c(C)cc(C)n->41
LEFQUJ,,C42 H30 O6 P2 W1,0.0,fail,[O+]#[C-]->[W+2]12(<-[C-]#[O+])(<-[C-]#[O+])(<-[C-]#[O+])<-[O-][C-]->1([O-]->2)C(=P(c1ccccc1)(c1ccccc1)c1ccccc1)[P+](c1ccccc1)(c1ccccc1)c1ccccc1,[O+]#[C-]->[W+2]12(<-[C-]#[O+])(<-[C-]#[O+])(<-[C-]#[O+])<-[O-][C-]->1([O-]->2)C(=P(c1ccccc1)(c1ccccc1)c1ccccc1)[P+](c1ccccc1)(c1ccccc1)c1ccccc1
LEHJIR,,C21 H41 N1 O1 P4 Ru1,0.0,COc1ccc2c(cc[n-]2->[RuH+]23(<-P(C)(C)CCP->2(C)C)<-P(C)(C)CCP->3(C)C)c1,COc1ccc2c(cc[n-]2->[RuH+]23(<-P(C)(C)CCP->2(C)C)<-P(C)(C)CCP->3(C)C)c1,COc1ccc2c(cc[n-]2->[RuH+]23(<-P(C)(C)CCP->2(C)C)<-P(C)(C)CCP->3(C)C)c1
LEJFEL,O=C1NCc2ccc(CNC(=O)c3cccc4[S-]->[Ti+4]56789(<-[S-]c%10cccc1c%10[S-]->5)(<-[S-]c43)<-c1c->6c->7[cH-]->8c->91)cc2,C27 H21 N2 O2 S4 Ti1 1-,-1.0,fail,O=C1NCc2ccc(CNC(=O)c3cccc4[S-]->[Ti+2]56789(<-S=C%10C=CC=C1C%10=S->5)(<-[S-]c43)<-c1c->6c->7[cH-]->8c->91)cc2,O=C1NCc2ccc(CNC(=O)C3=CC=CC4=S->[Ti]56789(<-S=C%10C=CC=C1C%10=S->5)(<-S=C34)<-c1c->6c->7[cH-]->8c->91)cc2
LEKJOB,O=C1C=CC(=O)[N-]1->[W+2]1234(<-[C-]#[O+])(<-[C-]#[O+])(<-[C-]#[O+])<-c5c->1c->2[cH-]->3c->45,C12 H7 N1 O5 W1,0.0,O=C1C=CC(=O)[N-]1->[W+2]1234(<-[C-]#[O+])(<-[C-]#[O+])(<-[C-]#[O+])<-c5c->1c->2[cH-]->3c->45,[O+]#[C-]->[W+4]1234(<-[C-]#[O+])(<-[C-]#[O+])(<-c5c->1c->2[cH-]->3c->45)<-[n-]1c([O-])ccc1[O-],[O+]#[C-]->[W+4]1234(<-[C-]#[O+])(<-[C-]#[O+])(<-c5c->1c->2[cH-]->3c->45)<-[n-]1c([O-])ccc1[O-]
LEKTAY,,C13 H12 Br2 Hg1 N2,0.0,Cc1ccc(N2=Cc3ccccn3->[Hg+2]<-2(<-[Br-])<-[Br-])cc1,Cc1ccc(N2=Cc3ccccn3->[Hg+2]<-2(<-[Br-])<-[Br-])cc1,Cc1ccc(N=Cc2ccccn2)cc1.[Br-]->[Hg+2]<-[Br-]
LELNOI,[Cl-]->[Cu+]12<-n3c(CN(Cc4cccc(Nc5ccccc5)n->14)Cc1cccc(Nc4ccccc4)n->21)cccc3Nc1ccccc1,C36 H33 Cl1 Cu1 N7,0.0,[Cl-]->[Cu+]123<-n4c(CN->1(Cc1cccc(Nc5ccccc5)n->21)Cc1cccc(Nc2ccccc2)n->31)cccc4Nc1ccccc1,[Cl-]->[Cu+]123<-n4c(CN->1(Cc1cccc(Nc5ccccc5)n->21)Cc1cccc(Nc2ccccc2)n->31)cccc4Nc1ccccc1,[Cl-]->[Cu+]123<-n4c(CN->1(Cc1cccc(Nc5ccccc5)n->21)Cc1cccc(Nc2ccccc2)n->31)cccc4Nc1ccccc1
LEMREB,Cc1cc(C)c(N2CCN(c3c(C)cc(C)cc3C)[C]2->[Ru+4]2(<-[Cl-])(<-[Cl-])<-[CH-]=c3cccc4c3=N->2[CH-]C=C4)c(C)c1,C31 H33 Cl2 N3 Ru1,0.0,Cc1cc(C)c(N2CCN(c3c(C)cc(C)cc3C)[C]2->[Ru+4]2(<-[Cl-])(<-[Cl-])<-[CH-2]c3cccc4cccn->2c34)c(C)c1,Cc1cc(C)c(N2CCN(c3c(C)cc(C)cc3C)[C]2->[Ru+2]2(<-[Cl-])(<-[Cl-])<-[CH]c3cccc4cccn->2c34)c(C)c1,Cc1cc(C)c(N2CCN(c3c(C)cc(C)cc3C)[C]2->[Ru+2]2(<-[Cl-])(<-[Cl-])<-[CH]c3cccc4cccn->2c34)c(C)c1
LEMWEH,Cc1cccc(C)c1-n1n[n+](C)c(-c2ccccc2)[c-]1->[Ru+2]12345(<-[Cl-])(<-[Cl-])<-c6c->1c->2(C(C)C)c->3c->4c->56C,C27 H31 Cl2 N3 Ru1,0.0,Cc1cccc(C)c1-n1n[n+](C)c(-c2ccccc2)[c]1->[Ru+]12345(<-[Cl-])(<-[Cl-])<-c6c->1c->2(C(C)C)c->3c->4c->56C,Cc1cccc(C)c1-n1n[n+](C)c(-c2ccccc2)[c-]1->[Ru+2]12345(<-[Cl-])(<-[Cl-])<-c6c->1c->2(C(C)C)c->3c->4c->56C,Cc1cccc(C)c1-n1n[n+](C)c(-c2ccccc2)[c-]1->[Ru+2]12345(<-[Cl-])(<-[Cl-])<-c6c->1c->2(C(C)C)c->3c->4c->56C
LENXAE,Cc1cccc2->[Au+](<-c12)<-P(c1ccccc1-c1ccccc1)(C1CCCCC1)C1CCCCC1,C31 H39 Au1 P1 1+,1.0,Cc1cccc(->[Au+]<-P(c2ccccc2-c2ccccc2)(C2CCCCC2)C2CCCCC2)c1,Cc1cccc2->[Au+](<-c12)<-P(c1ccccc1-c1ccccc1)(C1CCCCC1)C1CCCCC1,Cc1cccc(->[Au+]<-P(c2ccccc2-c2ccccc2)(C2CCCCC2)C2CCCCC2)c1
LEPQAY,CCCN1/C(=[O+]/C)C=C(c2ccccc2)n2cccc2[CH-]1->[W](<-[C-]#[O+])(<-[C-]#[O+])(<-[C-]#[O+])(<-[C-]#[O+])<-[C-]#[O+],C23 H20 N2 O6 W1,0.0,CCC[N+]1=C(OC)C=C(c2ccccc2)n2cccc2[CH-]1->[W](<-[C-]#[O+])(<-[C-]#[O+])(<-[C-]#[O+])(<-[C-]#[O+])<-[C-]#[O+],CCCn1c(OC)c[c-](-c2ccccc2)n2cccc2[cH-]1->[W+2](<-[C-]#[O+])(<-[C-]#[O+])(<-[C-]#[O+])(<-[C-]#[O+])<-[C-]#[O+],CCCn1c(OC)c[c-](-c2ccccc2)n2cccc2[cH-]1->[W+2](<-[C-]#[O+])(<-[C-]#[O+])(<-[C-]#[O+])(<-[C-]#[O+])<-[C-]#[O+]
LEQRII,Cc12->[Ti+4]3456789%10(<-[n-]%11cccc%11)(<-[n-]%11cccc%11)<-c1(C)c->3(C)[c-]->4([Si](C)(C)[c-]->51c->6(C)c->7(C)c->8(C)c->91C)c->%102C,C28 H38 N2 Si1 Ti1,0.0,Cc12->[Ti+4]3456789%10(<-[n-]%11cccc%11)(<-[n-]%11cccc%11)<-c%11(C)c->3([Si](C)(C)c->41c->5(C)[c-]->6(C)c->72C)c->8(C)[c-]->9(C)c->%10%11C,Cc12->[Ti+4]3456789%10(<-[n-]%11cccc%11)(<-[n-]%11cccc%11)<-c1(C)c->3(C)[c-]->4([Si](C)(C)[c-]->51c->6(C)c->7(C)c->8(C)c->91C)c->%102C,Cc1c2(C)->[Ti+4]345678(<-[n-]9cccc9)(<-[n-]9cccc9)<-c9(C)c(C)c->3(C)[c-]->4([Si](C)(C)[c-]->5(c->61C)c->72C)c->89C
LERJAW,COc1ccc2[O-]->[V+5]34(<-[O-2])(<-[O-]/C(=N\N->3=C\c2c1)C(C)(C)C)<-[O-]c1cccc2cccn->4c12,C22 H22 N3 O5 V1,0.0,COc1ccc2[O-]->[V+5]34(<-[O-2])(<-[O-]C(=NN->3=Cc2c1)C(C)(C)C)<-[O-]c1cccc2cccn->4c12,COc1ccc2[O-]->[V+5]34(<-[O-2])(<-[O-]C(=NN->3=Cc2c1)C(C)(C)C)<-[O-]c1cccc2cccn->4c12,COc1ccc2[O-]->[V+5]34(<-[O-2])(<-[O-]C(=NN->3=Cc2c1)C(C)(C)C)<-[O-]c1cccc2cccn->4c12
LERZOY,CN(C)S(=O)(=O)c1ccc2[O-]->[Zn@TB10+2]345<-n6c(CN7CCN->3CCN->4CCN->5CC7)ccc1c26,C20 H31 N6 O3 S1 Zn1 1+,1.0,CN(C)S(=O)(=O)c1ccc2[O-]->[Zn+2]3456<-n7c(CN->38CCN->4CCN->5CCN->6CC8)ccc1c27,CN(C)S(=O)([O-])=C1C=CC2=O->[Zn+2]345<-n6c(CN7CCN->3CCN->4CCN->5CC7)ccc1c62,CN(C)S(=O)([O-])=C1C=CC2=O->[Zn+2]345<-n6c(CN7CCN->3CCN->4CCN->5CC7)ccc1c62
LETJUQ,C/C1=C/C(C)=N2/N=C(\[O-]->[Ni@+2]<-2(<-[O-]1)<-n1cc[nH]c1-c1ccccc1)c1ccccc1,C21 H20 N4 Ni1 O2,0.0,CC1=CC(C)=N2N=C([O-]->[Ni+2]<-2(<-[O-]1)<-n1cc[nH]c1-c1ccccc1)c1ccccc1,CC1=CC(C)=N2N=C([O-]->[Ni+2]<-2(<-[O-]1)<-n1cc[nH]c1-c1ccccc1)c1ccccc1,CC1=CC(C)=N2N=C([O-]->[Ni+2]<-2(<-[O-]1)<-n1cc[nH]c1-c1ccccc1)c1ccccc1
LETTAG,,C25 H44 N2 O1 W1,0.0,fail,C=CC(C)(C)C1CCCC[N-]1->[W+4]1234(<-[CH2-]C(C)(C)C)(<-[N-]=O)<-c5(C)c->1(C)c->2(C)[c-]->3(C)c->45C,C=CC(C)(C)C1CCCC[N-]1->[W+4]1234(<-[CH2-]C(C)(C)C)(<-[N-]=O)<-c5(C)c->1(C)c->2(C)[c-]->3(C)c->45C
LEVVIS,CC(C)c1cc(C(C)C)n2->[Hg+2]3(<-[Cl-])<-n4c(C(C)C)cc(C(C)C)n4[BH-](n12)n1c(C(C)C)cc(C(C)C)n->31,C27 H46 B1 Cl1 Hg1 N6,0.0,CC(C)c1cc(C(C)C)[n-]2->[Hg+2]3(<-[Cl-])<-[n-]4c(C(C)C)cc(C(C)C)[n+]4[BH-]([n+]12)[n+]1c(C(C)C)cc(C(C)C)[n-]->31,CC(C)c1cc(C(C)C)n2->[Hg+2]3(<-[Cl-])<-n4c(C(C)C)cc(C(C)C)n4[BH-](n12)n1c(C(C)C)cc(C(C)C)n->31,CC(C)c1cc(C(C)C)n2->[Hg+2]3(<-[Cl-])<-n4c(C(C)C)cc(C(C)C)n4[BH-](n12)n1c(C(C)C)cc(C(C)C)n->31
LEWPAE,,C24 H27 N3 Ni1 O5 S2,0.0,fail,OCCN1=Cc2sc3ccccc3c2[O-]->[Ni+2]<-123(<-NCCO->2)<-[O-]c1c(C=N->3CCO)sc2ccccc12,OCCN->[Ni+2]12(<-[O-]c3c(C=N->1CCO)sc1ccccc31)<-[O-]c1c(C=N->2CCO)sc2ccccc12
LEXGUT,c1ccn2->[Zn+2]345(<-O=N->3[O-]->4)(<-n3ccccc3-c2c1)<-n1ccccc1-c1ccccn->51,C20 H16 N5 O2 Zn1 1+,1.0,fail,c1ccn2->[Zn+2]34(<-O=N[O-]->3)(<-n3ccccc3-c2c1)<-n1ccccc1-c1ccccn->41,c1ccn2->[Zn+2]34(<-O=N[O-]->3)(<-n3ccccc3-c2c1)<-n1ccccc1-c1ccccn->41
LEXKAB,CC(C)(C)c1nn[nH][c-]1->[Au+]<-P(c1ccccc1)(c1ccccc1)c1ccccc1,C24 H25 Au1 N3 P1,0.0,CC(C)(C)c1nn[nH][c]1->[Au]<-P(c1ccccc1)(c1ccccc1)c1ccccc1,CC(C)(C)c1nn[nH][c-]1->[Au+]<-P(c1ccccc1)(c1ccccc1)c1ccccc1,CC(C)(C)c1nn[nH][c-]1->[Au+]<-P(c1ccccc1)(c1ccccc1)c1ccccc1
LEXZAQ,O=C(c1ccccn1)c1ccccn1->[Ag+](<-[O-][N+](=O)[O-])<-P(c1ccccc1)(c1ccccc1)c1ccccc1,C29 H23 Ag1 N3 O4 P1,0.0,O=[N+]1[O-]->[Ag+]2(<-O=C(c3ccccn3)c3ccccn->23)(<-[O-]1)<-P(c1ccccc1)(c1ccccc1)c1ccccc1,O=C(c1ccccn1)c1ccccn1->[Ag+](<-[O-][N+](=O)[O-])<-P(c1ccccc1)(c1ccccc1)c1ccccc1,O=[N+]1[O-]->[Ag+3]2(<-[O-]C(=C3C=CC=C[N-]->23)c2ccccn2)(<-[O-]1)<-P(c1ccccc1)(c1ccccc1)c1ccccc1
LEYMEK,,C23 H44 Co1 N1 P2,0.0,CC(C)(C)P1(Cc2cccc3CP(->[CoH]<-1<-n23)(C(C)(C)C)C(C)(C)C)C(C)(C)C,CC(C)(C)P1(Cc2cccc3CP(->[CoH]<-1<-n23)(C(C)(C)C)C(C)(C)C)C(C)(C)C,CC(C)(C)P1(Cc2cccc3CP(->[CoH]<-1<-n23)(C(C)(C)C)C(C)(C)C)C(C)(C)C
LEYXAQ,,C30 H34 N2 Ni1 S4,0.0,CCCCC1[S-]->[Ni+4]2(<-[S-]C(CCCC)=C([S-]->2)c2ccc3c(ccn3C)c2)<-[S-]C=1c1ccc2c(ccn2C)c1,CCCCC1=S->[Ni]2(<-S=C(CCCC)C(=S->2)c2ccc3c(ccn3C)c2)<-S=C1c1ccc2c(ccn2C)c1,CCCCC1=S->[Ni]2(<-S=C(CCCC)C(=S->2)c2ccc3c(ccn3C)c2)<-S=C1c1ccc2c(ccn2C)c1
LEZYIA,CC(=O)[CH2-]->[Pd+2]1(<-[CH3-])<-n2ccccc2-c2ccccn->12,C14 H16 N2 O1 Pd1,0.0,CC(=O)[CH2-]->[Pd+2]1(<-[CH3-])<-n2ccccc2-c2ccccn->12,CC(=O)[CH2-]->[Pd+2]1(<-[CH3-])<-n2ccccc2-c2ccccn->12,CC12=C->[Pd+2]<-13(<-[CH3-])(<-[O-]2)<-n1ccccc1-c1ccccn->31
LIBHOT,c1ccc(P2(CC[c-]34->[Rh+]<-25678(<-C=C->5)<-c(c->6c->73)c->84)c2ccccc2)cc1,C21 H22 P1 Rh1,0.0,c1ccc(P2(CCc34->[Rh+3]<-25678(<-[CH2-][CH2-]->5)<-c(c->63)[cH-]->7c->84)c2ccccc2)cc1,c1ccc(P2(CC[c-]34->[Rh+]<-25678(<-C=C->5)<-c(c->6c->73)c->84)c2ccccc2)cc1,c1ccc(P2(CC[c-]34->[Rh+]<-25678(<-C=C->5)<-c(c->6c->73)c->84)c2ccccc2)cc1
LIBTEX,CC(C)O[P+]([S-])(OC(C)C)[N-](C(=S)Nc1ccccn1)->[Ni@SP1+2]12<-[S-][P+](OC(C)C)(OC(C)C)[N-]->1C(=S)Nc1ccccn->21,C24 H38 N6 Ni1 O4 P2 S4,0.0,CC(C)OP1(OC(C)C)=S->[Ni+2]234(<-S=P(OC(C)C)(OC(C)C)[N-]->2C(=S)Nc2ccccn->32)<-n2ccccc2NC(=S)[N-]->41,CC(C)O[P+]1(OC(C)C)[S-]->[Ni+2]234(<-[S-][P+](OC(C)C)(OC(C)C)[N-]->2C(=S)Nc2ccccn->32)<-n2ccccc2NC(=S)[N-]->41,CC(C)O[P+]([S-])(OC(C)C)[N-]1C(=S)Nc2ccccn2->[Ni+2]<-123<-[S-][P+](OC(C)C)(OC(C)C)[N-]->2C(=S)Nc1ccccn->31
LICDIN,CC1/C(C)=N2\c3ccccc3[Se](C)->[Cu+]<-23<-N=1/c1ccccc1[Se]->3C,C18 H20 Cu1 N2 Se2 1+,1.0,CC1C(C)=N2c3ccccc3[Se](C)->[Cu+]<-23<-N=1c1ccccc1[Se]->3C,C[C+]1[C-](C)[N-]2->[Cu+7]3(<-[Se-]c4ccccc4[N-]->31)<-[Se-]c1ccccc12.[CH3-].[CH3-],C[C+]1[C-](C)[N-]2->[Cu+7]3(<-[Se-]c4ccccc4[N-]->31)<-[Se-]c1ccccc12.[CH3-].[CH3-]
LICWOK,CC1(C)N([O-])C2c3ccccn3->[Co+3]34(<-O=C(/C=C(\[O-]->3)c3cccs3)C(F)(F)F)(<-O=C(/C=C(\[O-]->4)c3cccs3)C(F)(F)F)<-N=2C1(C)C,C28 H24 Co1 F6 N3 O5 S2,0.0,fail,CC1(C)N([O-])C2c3ccccn3->[Co+3]34(<-O=C(C=C([O-]->3)C(F)(F)F)c3cccs3)(<-O=C(C=C([O-]->4)C(F)(F)F)c3cccs3)<-N=2C1(C)C,CC1(C)N([O-])C2c3ccccn3->[Co+3]34(<-O=C(C=C([O-]->3)C(F)(F)F)c3cccs3)(<-O=C(C=C([O-]->4)C(F)(F)F)c3cccs3)<-N=2C1(C)C
LIDWIH,,C20 H32 B1 Mo1 N6 O2 P1,0.0,Cc1cc(C)[n-]2->[MoH+]3(<-[C-]#[O+])(<-[C-]#[O+])(<-[n-]4c(C)cc(C)[n+]4[BH-]([n+]12)[n+]1c(C)cc(C)[n-]->31)<-P(C)(C)C,Cc1cc(C)n2->[MoH+]3(<-[C-]#[O+])(<-[C-]#[O+])(<-n4c(C)cc(C)n4[BH-](n12)n1c(C)cc(C)n->31)<-P(C)(C)C,Cc1cc(C)n2->[MoH+]3(<-[C-]#[O+])(<-[C-]#[O+])(<-n4c(C)cc(C)n4[BH-](n12)n1c(C)cc(C)n->31)<-P(C)(C)C
LIFVUU,,C7 H6 Cl2 Fe1 O2 Si1,0.0,[O+]#[C-]->[Fe+2]1234(<-[C-]#[O+])(<-c5c->1c->2[cH-]->3c->45)<-[SiH-](Cl)Cl,[O+]#[C-]->[Fe+2]1234(<-[C-]#[O+])(<-c5c->1c->2[cH-]->3c->45)<-[SiH-](Cl)Cl,[O+]#[C-]->[Fe+2]1234(<-[C-]#[O+])(<-c5c->1c->2[cH-]->3c->45)<-[SiH-](Cl)Cl
LIGJAO,,C28 H30 Cl4 P1 Ta1,0.0,Cc12->[Ta+5]345(<-[Cl-])(<-[Cl-])(<-[Cl-])(<-[Cl-])(<-[CH2-][P+](c6ccccc6)(c6ccccc6)c6ccccc6)<-c1[c-]->3(C)c->4(C)c->52C,Cc12->[Ta+5]345(<-[Cl-])(<-[Cl-])(<-[Cl-])(<-[Cl-])(<-C=P(c6ccccc6)(c6ccccc6)c6ccccc6)<-[cH-]1c->3(C)c->4(C)c->52C,Cc1c(C)c2(C)->[Ta+5]3(<-[Cl-])(<-[Cl-])(<-[Cl-])(<-[Cl-])(<-C=P(c4ccccc4)(c4ccccc4)c4ccccc4)<-[cH-]1c->32C
LIHBOT,c1ccc(C2/N3=N/c4ccccn4->[Fe+2]<-34567(<-[O-]\N->4=2)<-[O-]/N->5=C(c2ccccc2)\N->6=N\c2ccccn->72)cc1,C24 H18 Fe1 N8 O2,0.0,c1ccc(C2=N[O-]->[Fe+2]345(<-[O-]N=C(c6ccccc6)N->3=Nc3ccccn->43)<-N2=Nc2ccccn->52)cc1,c1ccc(C2=N[O-]->[Fe+2]345(<-[O-]N=C(c6ccccc6)N->3=Nc3ccccn->43)<-N2=Nc2ccccn->52)cc1,c1ccc(C2=N[O-]->[Fe+2]345(<-[O-]N=C(c6ccccc6)N->3=Nc3ccccn->43)<-N2=Nc2ccccn->52)cc1
LIHPAU,Cc1cc(C)n2->[Pd+2](<-[Cl-])(<-[Cl-])<-n3c(C)cc(C)n3C(Cc3cc(OCc4ccccc4)cc(OCc4ccccc4)c3)n12,C32 H34 Cl2 N4 O2 Pd1,0.0,Cc1cc(C)[n-]2->[Pd+2](<-[Cl-])(<-[Cl-])<-[n-]3c(C)cc(C)[n+]3C(Cc3cc(OCc4ccccc4)cc(OCc4ccccc4)c3)[n+]12,Cc1cc(C)n2->[Pd+2](<-[Cl-])(<-[Cl-])<-n3c(C)cc(C)n3C(Cc3cc(OCc4ccccc4)cc(OCc4ccccc4)c3)n12,Cc1cc(C)n2->[Pd+2](<-[Cl-])(<-[Cl-])<-n3c(C)cc(C)n3C(Cc3cc(OCc4ccccc4)cc(OCc4ccccc4)c3)n12
LIJHOE,CC1(C)COC([C@@]2(C)C3=N(->[Rh+]4567(<-C8=C->4/CC/C->5=C->6\CC\8)<-c45ccccc4c4ccccc4[c-]->752)C(C)(C)CO3)=N1,C33 H39 N2 O2 Rh1,0.0,CC1(C)COC(C2(C)C3=N(->[Rh+]456(<-C7=C->4CCC->5=C->6CC7)<-[c-]24c2ccccc2c2ccccc24)C(C)(C)CO3)=N1,CC1(C)COC(C2(C)C3=N(->[Rh+]456(<-C7=C->4CCC->5=C->6CC7)<-[c-]24c2ccccc2c2ccccc24)C(C)(C)CO3)=N1,CC1(C)COC(C2(C)C3=N(->[Rh+]456(<-C7=C->4CCC->5=C->6CC7)<-[c-]24c2ccccc2c2ccccc24)C(C)(C)CO3)=N1
LIKROM,Cc1[nH]cn2->[Zn+2]34(<-[O-][N+](=O)[O-]->3)(<-[O-][N+](=O)[O-]->4)<-n3c[nH]c(C)c3CSCc12,C10 H14 N6 O6 S1 Zn1,0.0,Cc1[nH]cn2->[Zn+2](<-[O-][N+](=O)[O-])(<-[O-][N+](=O)[O-])<-n3c[nH]c(C)c3CSCc12,Cc1[nH]cn2->[Zn+2](<-[O-][N+](=O)[O-])(<-[O-][N+](=O)[O-])<-n3c[nH]c(C)c3CSCc12,Cc1[nH]cn2->[Zn+2]3456(<-[O-][N+]->3(=O)[O-]->4)(<-[O-][N+]->5(=O)[O-]->6)<-n3c[nH]c(C)c3CSCc12
LILDAM,,C19 H31 P1 Zr1,0.0,fail,CCP(CC)(CC)->[Zr+2]12345678(<-C9=C->1C->2=C->3[CH-]->4CCC9)<-c1c->5c->6[cH-]->7c->81,CCP(CC)(CC)->[Zr+2]12345678(<-C9=C->1C->2=C->3[CH-]->4CCC9)<-c1c->5c->6[cH-]->7c->81
LILWEJ,C/C1=N(\c2c(C)cccc2C)->[Fe+2]234(<-[Cl-])(<-[Cl-])<-n5c(-c->26cccc->31n->46)cnc1ccccc15,C23 H20 Cl2 Fe1 N4,0.0,CC1c2cccc3-c4cnc5ccccc5n4->[Fe+2](<-[Cl-])(<-[Cl-])(<-N=1c1c(C)cccc1C)<-n23,CC1c2cccc3-c4cnc5ccccc5n4->[Fe+2](<-[Cl-])(<-[Cl-])(<-N=1c1c(C)cccc1C)<-n23,CC1c2cccc3-c4cnc5ccccc5n4->[Fe+2](<-[Cl-])(<-[Cl-])(<-N=1c1c(C)cccc1C)<-n23
LIMYUD,C/C1[S-]->[W+4]2(<-[C-]#[O+])(<-[S-]/C=1C)(<-[S-]/C(C)=C(\C)[S-]->2)<-P(c1ccccc1)(c1ccccc1)C(C)(C)C,C25 H31 O1 P1 S4 W1,0.0,CC1[S-]->[W+4]2(<-[C-]#[O+])(<-[S-]C=1C)(<-[S-]C(C)=C(C)[S-]->2)<-P(c1ccccc1)(c1ccccc1)C(C)(C)C,CC1=S->[W]2(<-[C-]#[O+])(<-S=C1C)(<-S=C(C)C(C)=S->2)<-P(c1ccccc1)(c1ccccc1)C(C)(C)C,CC1=S->[W]2(<-[C-]#[O+])(<-S=C1C)(<-S=C(C)C(C)=S->2)<-P(c1ccccc1)(c1ccccc1)C(C)(C)C
LINGEV,CCN1(CC)CCP(c2ccccc2)(c2ccccc2)->[Pd@OH11+2]<-1(<-[CH3-])<-[I-],C19 H27 I1 N1 P1 Pd1,0.0,CCN1(CC)CCP(c2ccccc2)(c2ccccc2)->[Pd+2]<-1(<-[CH3-])<-[I-],CCN1(CC)CCP(c2ccccc2)(c2ccccc2)->[Pd+2]<-1(<-[CH3-])<-[I-],CCN1(CC)CCP(c2ccccc2)(c2ccccc2)->[Pd+2]<-1(<-[CH3-])<-[I-]
LIPDEW,Cc1ccc(S(=O)(=O)NCCN2Cc3ccccn3->[Cu@SP3+](<-[Cl-])<-n3ccccc3C2)cc1,C21 H24 Cl1 Cu1 N4 O2 S1,0.0,Cc1ccc(S(=O)(=O)NCCN23Cc4ccccn4->[Cu+]<-2(<-[Cl-])<-n2ccccc2C3)cc1,Cc1ccc(S(=O)(=O)NCCN23Cc4ccccn4->[Cu+]<-2(<-[Cl-])<-n2ccccc2C3)cc1,Cc1ccc(S(=O)(=O)NCCN23Cc4ccccn4->[Cu+]<-2(<-[Cl-])<-n2ccccc2C3)cc1
LIRDAT,C/C(c1ccc(O)cc1O)=N1\NC(N)=S->[Re+]<-1(<-[Cl-])(<-[C-]#[O+])(<-[C-]#[O+])<-[C-]#[O+],C12 H11 Cl1 N3 O5 Re1 S1,0.0,CC(c1ccc(O)cc1O)=N1NC(N)=S->[Re+]<-1(<-[Cl-])(<-[C-]#[O+])(<-[C-]#[O+])<-[C-]#[O+],CC(c1ccc(O)cc1O)=N1NC(N)=S->[Re+]<-1(<-[Cl-])(<-[C-]#[O+])(<-[C-]#[O+])<-[C-]#[O+],CC(c1ccc(O)cc1O)=N1NC(N)=S->[Re+]<-1(<-[Cl-])(<-[C-]#[O+])(<-[C-]#[O+])<-[C-]#[O+]
LISLAD,[N-]=C=C(P(->[Au+]<-[Cl-])(c1ccccc1)c1ccccc1)[P+](c1ccccc1)(c1ccccc1)c1ccccc1,C32 H25 Au1 Cl1 N1 P2,0.0,N#C[C-](P(->[Au+]<-[Cl-])(c1ccccc1)c1ccccc1)[P+](c1ccccc1)(c1ccccc1)c1ccccc1,[N-]=C=C(P(->[Au+]<-[Cl-])(c1ccccc1)c1ccccc1)[P+](c1ccccc1)(c1ccccc1)c1ccccc1,[N-]=C=C(P(->[Au+]<-[Cl-])(c1ccccc1)c1ccccc1)[P+](c1ccccc1)(c1ccccc1)c1ccccc1
LITBEV,,C33 H32 O9 W1,0.0,CCOC1=CC2(OC(=O)Cc3ccccc3)C([C-2](OCC)->[W+2](<-[C-]#[O+])(<-[C-]#[O+])(<-[C-]#[O+])(<-[C-]#[O+])<-[C-]#[O+])=C(C3=CCCC3)C23CCCC13,CCOC1=CC2(OC(=O)Cc3ccccc3)C([C](OCC)->[W](<-[C-]#[O+])(<-[C-]#[O+])(<-[C-]#[O+])(<-[C-]#[O+])<-[C-]#[O+])=C(C3=CCCC3)C23CCCC13,CCOC1=CC2(OC(=O)Cc3ccccc3)C([C](OCC)->[W](<-[C-]#[O+])(<-[C-]#[O+])(<-[C-]#[O+])(<-[C-]#[O+])<-[C-]#[O+])=C(C3=CCCC3)C23CCCC13
LITKEH,Cc1cccc(C)c1/N=C/c1ccc2ccccc2n1->[Hg+2](<-[Cl-])<-[Cl-],C18 H16 Cl2 Hg1 N2,0.0,Cc1cccc(C)c1N1=Cc2ccc3ccccc3n2->[Hg+2]<-1(<-[Cl-])<-[Cl-],Cc1cccc(C)c1N1=Cc2ccc3ccccc3n2->[Hg+2]<-1(<-[Cl-])<-[Cl-],Cc1cccc(C)c1N=Cc1ccc2ccccc2n1->[Hg+2](<-[Cl-])<-[Cl-]
LITYEU,CN(C(=O)C[n+]1c2ccccn2c(-c2ccccc2)[c-]1->[Pd+2](<-[Cl-])(<-[Cl-])<-n1ccccc1)c1ccccc1,C27 H24 Cl2 N4 O1 Pd1,0.0,CN(C(=O)C[n+]1c2ccccn2c(-c2ccccc2)[c]1->[Pd+](<-[Cl-])(<-[Cl-])<-n1ccccc1)c1ccccc1,CN(C(=O)C[n+]1c2ccccn2c(-c2ccccc2)[c-]1->[Pd+2](<-[Cl-])(<-[Cl-])<-n1ccccc1)c1ccccc1,CN(C(=O)C[n+]1c2ccccn2c(-c2ccccc2)[c-]1->[Pd+2](<-[Cl-])(<-[Cl-])<-n1ccccc1)c1ccccc1
LIVCEY,,C10 H12 Cl2 Hg1 N4 O2,0.0,CC1=C(C)[N-]2->[Hg+3](<-[Cl-])(<-[Cl-])<-O=c3c2c(n(C)c(=O)n3C)[N]1,Cc1nc2c(=O)n(C)c(=O)n(C)c2nc1C.[Cl-]->[Hg+2]<-[Cl-],Cc1nc2c(=O)n(C)c(=O)n(C)c2nc1C.[Cl-]->[Hg+2]<-[Cl-]
LIVYOE,,C20 H30 N2 Zn1,0.0,CC(c1ccccc1)N1CCN(C(C)c2ccccc2)->[Zn+2]<-1(<-[CH3-])<-[CH3-],CC(c1ccccc1)N1CCN(C(C)c2ccccc2)->[Zn+2]<-1(<-[CH3-])<-[CH3-],CC(NCCNC(C)c1ccccc1)c1ccccc1.[CH3-]->[Zn+2]<-[CH3-]
LIWVOC,,C24 H39 Cl2 N2 Ta1,0.0,Cc12->[Ta+3]345678(<-[Cl-])(<-[Cl-])(<-C(C->3=N->4C3CCCCC3)=N->5C3CCCCC3)<-c1(C)c->6(C)[c-]->7(C)c->82C,Cc12->[Ta+3]3456(<-[Cl-])(<-[Cl-])(<-N(=CC=N->3C3CCCCC3)C3CCCCC3)<-c1(C)c->4(C)[c-]->5(C)c->62C,Cc1c(C)c(C)[c-](C)(->[Ta+3]2(<-[Cl-])(<-[Cl-])<-N(=CC=N->2C2CCCCC2)C2CCCCC2)c1C
LIXMIR,Cc1cc(C)n([BH-]2n3c(C)cc(C)n3->[Ni+2]3(<-O=c4c([O-]->3)c(-c3ccccc3)oc3ccccc43)<-n3c(C)cc(C)n32)n1,C30 H31 B1 N6 Ni1 O3,0.0,Cc1cc(C)[n-]2->[Ni+2]34(<-O=c5c([O-]->3)c(-c3ccccc3)oc3ccccc53)<-[n-]3c(C)cc(C)[n+]3[BH-]([n+]12)[n+]1c(C)cc(C)[n-]->41,Cc1cc(C)n2->[Ni+2]34(<-O=c5c([O-]->3)c(-c3ccccc3)oc3ccccc53)<-n3c(C)cc(C)n3[BH-](n12)n1c(C)cc(C)n->41,Cc1cc(C)n2->[Ni+2]34(<-O=c5c([O-]->3)c(-c3ccccc3)oc3ccccc53)<-n3c(C)cc(C)n3[BH-](n12)n1c(C)cc(C)n->41
LIYLAG,,C20 H24 Cl2 Hg1 N2 O4 S2,0.0,N#CC(C#N)=C1C=CC2=CC(=C1)S1->[Hg+2]345(<-[Cl-])(<-[Cl-])<-O(CCS2)CCO->3CCO->4CCO->5CC1,N#CC(C#N)=C1C=CC2=CC(=C1)SCCOCCOCCOCCOCCS2.[Cl-]->[Hg+2]<-[Cl-],N#CC(C#N)=C1C=CC2=CC(=C1)SCCOCCOCCOCCOCCS2.[Cl-]->[Hg+2]<-[Cl-]
LIYZAX,CN(C)C1Oc2cccc3[P+](c4ccccc4)(c4ccccc4)C(=C=[N-])->[Pd@OH20+2](<-[Cl-])(<-S=1)<-[c-]23,C23 H20 Cl1 N2 O1 P1 Pd1 S1,0.0,CN(C)C1Oc2cccc3P(c4ccccc4)(c4ccccc4)=C(C#N)->[Pd+2](<-[Cl-])(<-S=1)<-[c-]23,CN(C)C1Oc2cccc3[P+](c4ccccc4)(c4ccccc4)C(=C=[N-])->[Pd+2](<-[Cl-])(<-S=1)<-[c-]23,CN(C)C1Oc2cccc3[P+](c4ccccc4)(c4ccccc4)C(=C=[N-])->[Pd+2](<-[Cl-])(<-S=1)<-[c-]23
LOBFIU,,C22 H46 N1 O2 P2 Ru1 1+,1.0,CC(C)(C)P1(CCN2CCP(C(C)(C)C)(C(C)(C)C)->[RuH+]<-2<-1(<-[C-]#[O+])<-[C-]#[O+])C(C)(C)C,CC(C)(C)P1(CCN2CCP(C(C)(C)C)(C(C)(C)C)->[RuH+]<-2<-1(<-[C-]#[O+])<-[C-]#[O+])C(C)(C)C,CC(C)(C)P1(CCN2CCP(C(C)(C)C)(C(C)(C)C)->[RuH+]<-2<-1(<-[C-]#[O+])<-[C-]#[O+])C(C)(C)C
LOCWEF,[H]1[B-]23([H]->[Zr+4]<-1<-2456789%10%11(<-[CH2-]c1ccccc1)(<-c1c->4c->5[cH-]->6c->71)<-c1c->8c->9[cH-]->%10c->%111)CCCC3,C21 H27 B1 Zr1,0.0,[H]1[B-]2([H]->[Zr+4]<-13456789%10(<-[CH2-]c1ccccc1)(<-c1c->3c->4[cH-]->5c->61)<-c1c->7c->8[cH-]->9c->%101)CCCC2,c1ccc([CH2-]->[ZrH+3]23456789(<-B%10CCCC%10)(<-c%10c->2c->3[cH-]->4c->5%10)<-c2c->6c->7[cH-]->8c->92)cc1,c1ccc([CH2-]->[ZrH+3]23456789(<-B%10CCCC%10)(<-c%10c->2c->3[cH-]->4c->5%10)<-c2c->6c->7[cH-]->8c->92)cc1
LODKOE,CN1(C)Cc23->[Pt+2]<-145(<-[Br-])<-c(CN->4(C)C)(cc(O)c2)c->53Cc1ccccc1,C19 H26 Br1 N2 O1 Pt1 1+,1.0,fail,CN1(C)Cc2cc(O)cc3CN(C)(C)->[Pt+2]<-1(<-[Br-])<-c23Cc1ccccc1,CN1(C)Cc2cc(O)cc3CN(C)(C)->[Pt+2]<-1(<-[Br-])<-c23Cc1ccccc1
LOFKAT,O=C(O)CN1CCN(CC(=O)O)CC(=O)[O-]->[Cd@SP2+2](<-[O-]C(=O)C1)<-S=c1[nH]cn[nH]1,C12 H17 Cd1 N5 O8 S1,0.0,O=C(O)CN12CCN34CC(=O)[O-]->[Cd+2]<-1<-3(<-O=C(O)C4)(<-[O-]C(=O)C2)<-S=c1[nH]cn[nH]1,O=C(O)CN12CCN34CC(=O)[O-]->[Cd+2]<-1<-3(<-O=C(O)C4)(<-[O-]C(=O)C2)<-S=c1[nH]cn[nH]1,O=C(O)CN12CCN34CC(=O)[O-]->[Cd+2]<-1<-3(<-O=C(O)C4)(<-[O-]C(=O)C2)<-S=c1[nH]cn[nH]1
LOFTEF,CC(C)(C)N1Cc2cccc3CN(C(C)(C)C)->[Ru+2]<-1(<-[Cl-])(<-[Cl-])(<-n23)<-S(C)(C)=O,C17 H33 Cl2 N3 O1 Ru1 S1,0.0,CC(C)(C)N1Cc2cccc3CN(C(C)(C)C)->[Ru+2]<-1(<-[Cl-])(<-[Cl-])(<-n23)<-S(C)(C)=O,CC(C)(C)N1Cc2cccc3CN(C(C)(C)C)->[Ru+2]<-1(<-[Cl-])(<-[Cl-])(<-n23)<-S(C)(C)=O,CC(C)(C)N1Cc2cccc3CN(C(C)(C)C)->[Ru+2]<-1(<-[Cl-])(<-[Cl-])(<-n23)<-S(C)(C)=O
LOGWEJ,COC(=O)C1#C(C(=O)OC)->[Pd]<-1(<-P(c1ccccc1)(c1ccccc1)c1ccccn1)<-P(c1ccccc1)(c1ccccc1)c1ccccn1,C40 H34 N2 O4 P2 Pd1,0.0,COC(=O)C1#C(C(=O)OC)->[Pd]<-1(<-P(c1ccccc1)(c1ccccc1)c1ccccn1)<-P(c1ccccc1)(c1ccccc1)c1ccccn1,COC(=O)[C-]1=[C-](C(=O)OC)->[Pd+2]<-1(<-P(c1ccccc1)(c1ccccc1)c1ccccn1)<-P(c1ccccc1)(c1ccccc1)c1ccccn1,COC(=O)C1#C(C(=O)OC)->[Pd]<-1(<-P(c1ccccc1)(c1ccccc1)c1ccccn1)<-P(c1ccccc1)(c1ccccc1)c1ccccn1
LOJDAS,C/C1C2=CC=C/C3=C(C)\N4=N\C(Nc5ccccc5)=S->[Zn@TB2+2]<-45(<-N=1\N=C(\Nc1ccccc1)S->5Cl)<-[N-]23,C23 H23 Cl1 N7 S2 Zn1 1+,1.0,CC1c2cccc3C(C)=N4NC(Nc5ccccc5)=S->[Zn+2]<-45(<-[Cl-])(<-S=C(Nc4ccccc4)NN->5=1)<-n23,CC1=NN=C(Nc2ccccc2)[S-]->[Zn+4]23(<-[Cl-])<-S=C(N=N->2C(C)=C2C=CC=C1[N-]->32)Nc1ccccc1,CC1=C2C=CC=C3C(C)=N(N=C(Nc4ccccc4)SCl)->[Zn+2]4(<-S=C(N=N->41)Nc1ccccc1)<-[N-]32
LOKREI,O=N1c2c([O-]->[Ru+2]<-134(<-[O-]c1ccc5ccccc5c1N->3=O)<-[O-]c1ccc3ccccc3c1N->4=O)ccc1ccccc21,C30 H18 N3 O6 Ru1 1-,-1.0,O=N1c2c([O-]->[Ru+2]<-134(<-[O-]c1ccc5ccccc5c1N->3=O)<-[O-]c1ccc3ccccc3c1N->4=O)ccc1ccccc21,O=N1c2c([O-]->[Ru+4]<-134(<-[O-]c1ccc5ccccc5c1N->3=O)<-[O-]c1ccc3ccccc3c1[N-]->4[O-])ccc1ccccc21,O=N1c2c([O-]->[Ru+4]<-134(<-[O-]c1ccc5ccccc5c1N->3=O)<-[O-]c1ccc3ccccc3c1[N-]->4[O-])ccc1ccccc21
LOMPEK,O=C(Nc1cccc(Br)c1)c1cccn(->[Hg+2](<-[I-])(<-[I-])<-n2cccc(C(=O)Nc3cccc(Br)c3)c2)c1,C24 H18 Br2 Hg1 I2 N4 O2,0.0,O=C(Nc1cccc(Br)c1)c1cccn(->[Hg+2](<-[I-])(<-[I-])<-n2cccc(C(=O)Nc3cccc(Br)c3)c2)c1,O=C(Nc1cccc(Br)c1)c1cccnc1.O=C(Nc1cccc(Br)c1)c1cccnc1.[I-]->[Hg+2]<-[I-],O=C(Nc1cccc(Br)c1)c1cccnc1.O=C(Nc1cccc(Br)c1)c1cccnc1.[I-]->[Hg+2]<-[I-]
LOMXIV,C[c+]12->[Ru+6]34567(<-[Cl-])(<-[Cl-])<-NCC[c-]->3([c-]->4(C)[c-]->51C)[c-]->6(C)[c-]->72C,C13 H21 Cl2 N1 Ru1,0.0,Cc12->[Ru+2]34567(<-[Cl-])(<-[Cl-])<-NCCc->3(c->4(C)c->51C)c->6(C)c->72C,Cc12->[Ru+2]34567(<-[Cl-])(<-[Cl-])<-NCCc->3(c->4(C)c->51C)c->6(C)c->72C,Cc12->[Ru+2]34567(<-[Cl-])(<-[Cl-])<-NCCc->3(c->4(C)c->51C)c->6(C)c->72C
LONXUI,CNC1/N=N2/C(/C)=C3/C=CC=C[N-]3->[V+5]<-2(<-[O-2])(<-[O-2])<-S=1,C9 H11 N4 O2 S1 V1,0.0,CNC1=NN2=C(C)c3ccccn3->[V+5]<-2(<-[O-2])(<-[O-2])<-[S-]1,CNC1N=N2C(C)=C3C=CC=C[N-]3->[V+5]<-2(<-[O-2])(<-[O-2])<-S=1,CNC1N=N2C(C)=C3C=CC=C[N-]3->[V+5]<-2(<-[O-2])(<-[O-2])<-S=1
LOPTAM,C=CCC/N1=C(\C)c23->[Fe+2]<-145(<-[Cl-])(<-[Cl-])<-N(=C(/C)c->4(ccc2)n->53)/c1c(C(C)C)cccc1C(C)C,C25 H33 Cl2 Fe1 N3,0.0,C=CCCN1=C(C)c2cccc3C(C)=N(c4c(C(C)C)cccc4C(C)C)->[Fe+2]<-1(<-[Cl-])(<-[Cl-])<-n23,C=CCCN1=C(C)c2cccc3C(C)=N(c4c(C(C)C)cccc4C(C)C)->[Fe+2]<-1(<-[Cl-])(<-[Cl-])<-n23,C=CCCN1=C(C)c2cccc3C(C)=N(c4c(C(C)C)cccc4C(C)C)->[Fe+2]<-1(<-[Cl-])(<-[Cl-])<-n23
LOQNOV,,C24 H21 Cl1 N2 O2 Ru1,0.0,[O-]c1cccn2->[Ru+2]34567(<-[Cl-])(<-c8c->3c->4c->53c->6(c->78)CC4=C(CC=CC4)C3)<-n3cccc(O)c3-c12,O=C1C=CC=N2->[Ru+2]34567(<-[Cl-])(<-c8c->3c->4c->53c->6(c->78)CC4=C(CC=CC4)C3)<-[N-]3C=CC=C(O)C3=C12,O=C1C=CC=N2->[Ru+2]34567(<-[Cl-])(<-c8c->3c->4c->53c->6(c->78)CC4=C(CC=CC4)C3)<-[N-]3C=CC=C(O)C3=C12
LORWEU,,C13 H8 Cl1 N4 O3 Re1,0.0,[O+]#[C-]->[Re+]1(<-[Cl-])(<-[C-]#[O+])(<-[C-]#[O+])<-N(=Nc2ccccn->12)c1ccccn1,[O+]#[C-]->[Re+3]1(<-[Cl-])(<-[C-]#[O+])(<-[C-]#[O+])<-[N-](N=c2cccc[n-]->12)c1ccccn1,O=C1=[N+]2C=CC=CC2=N2N=c3cccc[n-]3->[Re+]<-1<-2(<-[Cl-])(<-[C-]#[O+])<-[C-]#[O+]
LOVPET,CC(C)O1C2=C[CH-]C=CC2=[CH-]->[Ru@TB13+4]<-1(<-[Cl-])(<-[Cl-])<-P(C1CCCCC1)(C1CCCCC1)C1CCCCC1,C28 H45 Cl2 O1 P1 Ru1,0.0,CC(C)O1c2ccccc2[CH-2]->[Ru+4]<-1(<-[Cl-])(<-[Cl-])<-P(C1CCCCC1)(C1CCCCC1)C1CCCCC1,CC(C)O1c2ccccc2[CH]->[Ru+2]<-1(<-[Cl-])(<-[Cl-])<-P(C1CCCCC1)(C1CCCCC1)C1CCCCC1,CC(C)O1c2ccccc2[CH]->[Ru+2]<-1(<-[Cl-])(<-[Cl-])<-P(C1CCCCC1)(C1CCCCC1)C1CCCCC1
LOYSID,CC(C)(C)C1/C=C(\[O-]->[Pt@OH20+2]2(<-O=1)<-[C]1N(c3ccccc3)c3ccccc3N1c1cccc[c-]->21)C(C)(C)C,C30 H32 N2 O2 Pt1,0.0,fail,CC(C)(C)C1=CC(=O->[Pt+2]2(<-[O-]1)<-[C]1N(c3ccccc3)c3ccccc3N1c1cccc[c-]->21)C(C)(C)C,CC(C)(C)C1=CC(=O->[Pt+2]2(<-[O-]1)<-[C]1N(c3ccccc3)c3ccccc3N1c1cccc[c-]->21)C(C)(C)C
LUBRIJ,CC1=C2/C=CC=C[N-]2->[Pd@OH26+2]2(<-S=C3C=CC=C\C3=N->2/1)<-[C-](C)=O,C15 H14 N2 O1 Pd1 S1,0.0,fail,CC1=C2C=CC=C[N-]2->[Pd+2]2(<-S=C3C=CC=CC3=N->21)<-[C-](C)=O,CC1=C2C=CC=C[N-]2->[Pd+2]2(<-S=C3C=CC=CC3=N->21)<-[C-](C)=O
LUCPEG,CC(C)(C)c1ccc2c(c1)C1(C3=CC=C/C4=C5\C=C(C(F)(F)F)N=N5->[Pt@SP3+2]5(<-N6=NC(C(F)(F)F)=C/C6=C6\C=CC=C1[N-]->56)<-[N-]34)c1cc(C(C)(C)C)ccc1-2,C39 H32 F6 N6 Pt1,0.0,CC(C)(C)c1ccc2c(c1)C1(c3cccc4-c5cc(C(F)(F)F)n[n-]5->[Pt+2]5(<-n43)<-n3c(-c4cc(C(F)(F)F)n[n-]->54)cccc31)c1cc(C(C)(C)C)ccc1-2,CC(C)(C)c1ccc2c(c1)C1(C3=CC=CC4=C5C=C(C(F)(F)F)N=N5->[Pt+2]5(<-N6=NC(C(F)(F)F)=CC6=C6C=CC=C1[N-]->56)<-[N-]34)c1cc(C(C)(C)C)ccc1-2,CC(C)(C)c1ccc2c(c1)C1(C3=CC=CC4=C5C=C(C(F)(F)F)N=N5->[Pt+2]5(<-N6=NC(C(F)(F)F)=CC6=C6C=CC=C1[N-]->56)<-[N-]34)c1cc(C(C)(C)C)ccc1-2
LUFMEE,Cc12->[W+4]34567(<-[S-]SC([S-]->3)=C(C#N)C#N)(<-[S-]C([S-]->4)=C(C#N)C#N)<-c1(C)c->5(C)[c-]->6(C)c->72C,C18 H15 N4 S5 W1 1-,-1.0,Cc12->[W+5]34567(<-[S-][S-]C([S-]->3)=C(C#N)C#N)(<-[S-]C([S-]->4)=C(C#N)C#N)<-c1(C)c->5(C)[c-]->6(C)c->72C,Cc12->[W+4]34567(<-[S-]SC([S-]->3)=C(C#N)C#N)(<-[S-]C([S-]->4)=C(C#N)C#N)<-c1(C)c->5(C)[c-]->6(C)c->72C,Cc12->[W+4]34567(<-[S-]SC([S-]->3)=C(C#N)C#N)(<-[S-]C([S-]->4)=C(C#N)C#N)<-c1(C)c->5(C)[c-]->6(C)c->72C
LUHGEB,Br[C-]1[C+]2[C-]([C-]3[CH+][CH+][CH-][CH-][CH-]3)[C+]3[CH+][CH-][C+]4[C+]([C+]5[CH+][CH+][CH+][CH-][CH-]5)[CH-][N-]5->[Ni@SP3+2]6(<-[N-]43)<-[N-]3[C+]([CH+][CH+][C-]3[C+](c3ccccc3)[CH+]5)[C+]([C-]3[CH+][CH+][CH-][CH-][CH-]3)[C-]([C-]1Br)[N-]->62,C42 H26 Br2 N4 Ni1,0.0,BrC1=C(Br)c2c(-c3ccccc3)c3ccc4c(-c5ccccc5)cn5->[Ni+2]6(<-n2c1c(-c1ccccc1)c1ccc(c(-c2ccccc2)c5)[n-]->61)<-[n-]43,Brc1c(Br)c2c(-c3ccccc3)c3n4->[Ni+2]56<-n7c(c(-c8ccccc8)c[n-]->5cc(-c5ccccc5)c4C=C3)C=Cc7c(-c3ccccc3)c1[n-]->62,Brc1c(Br)c2c(-c3ccccc3)c3n4->[Ni+2]56<-n7c(c(-c8ccccc8)c[n-]->5cc(-c5ccccc5)c4C=C3)C=Cc7c(-c3ccccc3)c1[n-]->62
LUKLAF,CC1=O->[Cu+]2(<-[O-]1)<-P(Cc1cccc(CP->2(C(C)(C)C)C(C)(C)C)n1)(C(C)(C)C)C(C)(C)C,C25 H46 Cu1 N1 O2 P2,0.0,fail,CC(=O)[O-]->[Cu+]1<-P(Cc2cccc(CP->1(C(C)(C)C)C(C)(C)C)n2)(C(C)(C)C)C(C)(C)C,CC(C)(C)P1(Cc2cccc(CP(C(C)(C)C)(C(C)(C)C)->[Cu+]<-134<-O=C->3(C)[O-]->4)n2)C(C)(C)C
LULXOF,CCN(CC)C1=CC2=O->[Pd@]3(<-O=C(/N=N->3/C=C\2C=C1)c1ccc([N+](=O)[O-])cc1)<-n1ccccc1,C23 H23 N5 O4 Pd1,0.0,CCN(CC)c1ccc2C=N3N=C([O-]->[Pd+2]<-3(<-[O-]c2c1)<-n1ccccc1)c1ccc([N+](=O)[O-])cc1,CCN(CC)c1ccc2C=N3N=C([O-]->[Pd+2]<-3(<-[O-]c2c1)<-n1ccccc1)c1ccc([N+](=O)[O-])cc1,CCN(CC)c1ccc2C=N3N=C([O-]->[Pd+2]<-3(<-[O-]c2c1)<-n1ccccc1)c1ccc([N+](=O)[O-])cc1
LUNKOV,CCn1c(C)nn([B-]23[H]->[Rh+]456(<-S=c7n2nc(C)n7CC)(<-S=c2n3nc(C)n2CC)<-C2=C->4/CC/C->5=C->6\CC\2)c1=S,C23 H37 B1 N9 Rh1 S3,0.0,CCn1c(C)nn([BH-]2n3nc(C)n(CC)c3=S->[Rh+]345(<-S=c6n2nc(C)n6CC)<-C2=C->3CCC->4=C->5CC2)c1=S,CCn1c(C)nn([BH-]2n3nc(C)n(CC)c3=S->[Rh+]345(<-S=c6n2nc(C)n6CC)<-C2=C->3CCC->4=C->5CC2)c1=S,CCn1c(C)nn([BH-]2n3nc(C)n(CC)c3=S->[Rh+]345(<-S=c6n2nc(C)n6CC)<-C2=C->3CCC->4=C->5CC2)c1=S
LUNXEY,O=C(N/N1=C/c2ccccn2->[Zn+2]<-1(<-[Cl-])<-[Cl-])c1ccc(Cl)cc1,C13 H10 Cl3 N3 O1 Zn1,0.0,Clc1ccc(C2NN3=Cc4ccccn4->[Zn+2]<-3(<-[Cl-])(<-[Cl-])<-O=2)cc1,Clc1ccc(C2NN3=Cc4ccccn4->[Zn+2]<-3(<-[Cl-])(<-[Cl-])<-O=2)cc1,Clc1ccc(C2NN3=Cc4ccccn4->[Zn+2]<-3(<-[Cl-])(<-[Cl-])<-O=2)cc1
LUQWOK,CC(=O)[O-]->[Pd+2]1(<-N(=O)[O-])<-N23CCCC[C@@H]2[C@H]2C[C@@H](C3)[C@H]3CCCCN->13C2,C17 H29 N3 O4 Pd1,0.0,CC(=O)[O-]->[Pd]1(<-[N+](=O)=O)<-N23CCCCC2C2CC(C3)C3CCCCN->13C2,CC(=O)[O-]->[Pd+2]1(<-N(=O)[O-])<-N23CCCCC2C2CC(C3)C3CCCCN->13C2,CC1=O->[Pd+2]2(<-[O-]1)(<-N(=O)[O-])<-N13CCCCC1C1CC(C3)C3CCCCN->23C1
LUSJIU,CS(C)(=O)->[Ru+2]12(<-[Cl-])(<-[Cl-])<-N(CCS->1c1ccccc1)CCN->21CCOCC1,C16 H28 Cl2 N2 O2 Ru1 S2,0.0,CS(C)(=O)->[Ru+2]12(<-[Cl-])(<-[Cl-])<-N(CCS->1c1ccccc1)CCN->21CCOCC1,CS(C)(=O)->[Ru+2]12(<-[Cl-])(<-[Cl-])<-N(CCS->1c1ccccc1)CCN->21CCOCC1,CS(C)(=O)->[Ru+2]12(<-[Cl-])(<-[Cl-])<-N(CCS->1c1ccccc1)CCN->21CCOCC1
LUSZEG,CN1C=CN(C)[C]1->[Fe+2]1234(<-[C-]#[O+])(<-[C-]#[O+])<-c56c->1([c-]->2([Si](C)(C)C)c->3(=O)[c-]->45[Si](C)(C)C)CCCC6,C22 H34 Fe1 N2 O3 Si2,0.0,CN1C=CN(C)[C]1->[Fe]123(<-[C-]#[O+])(<-[C-]#[O+])<-C45=C->1([Si](C)(C)C)C(=O)C->2([Si](C)(C)C)=C->34CCCC5,CN1C=CN(C)[C]1->[Fe+2]1234(<-[C-]#[O+])(<-[C-]#[O+])<-c5([Si](C)(C)C)c->16[c-]->2([c-]->3([Si](C)(C)C)c->45=O)CCCC6,CN1C=CN(C)[C]1->[Fe+2]1234(<-[C-]#[O+])(<-[C-]#[O+])<-c5([Si](C)(C)C)c->16[c-]->2([c-]->3([Si](C)(C)C)c->45=O)CCCC6
LUTQUN,C/C1=C/C(C)=N(/c2c(C)cccc2C)->[Cu@+]2(<-O=N->2c2cc(C)cc(C)c2)<-[N-]1c1c(C)cccc1C,C29 H34 Cu1 N3 O1,0.0,CC1=CC(C)=N(c2c(C)cccc2C)->[Cu+]2(<-O=N->2c2cc(C)cc(C)c2)<-[N-]1c1c(C)cccc1C,CC1=CC(C)=N(c2c(C)cccc2C)->[Cu+3]2(<-[O-][N-]->2c2cc(C)cc(C)c2)<-[N-]1c1c(C)cccc1C,CC1=CC(C)=N(c2c(C)cccc2C)->[Cu+3]2(<-[O-][N-]->2c2cc(C)cc(C)c2)<-[N-]1c1c(C)cccc1C
LUVZUZ,[O+]#[C-]->[Re+]1(<-[Cl-])(<-[C-]#[O+])(<-[C-]#[O+])<-S=P(N=P(CP->1(c1ccccc1)c1ccccc1)(c1ccccc1)c1ccccc1)(Oc1ccccc1)Oc1ccccc1,C40 H32 Cl1 N1 O5 P3 Re1 S1,0.0,[O+]#[C-]->[Re+]1(<-[Cl-])(<-[C-]#[O+])(<-[C-]#[O+])<-S=P(N=P(CP->1(c1ccccc1)c1ccccc1)(c1ccccc1)c1ccccc1)(Oc1ccccc1)Oc1ccccc1,[O+]#[C-]->[Re+]1(<-[Cl-])(<-[C-]#[O+])(<-[C-]#[O+])<-S=P(N=P(CP->1(c1ccccc1)c1ccccc1)(c1ccccc1)c1ccccc1)(Oc1ccccc1)Oc1ccccc1,[O+]#[C-]->[Re+]1(<-[Cl-])(<-[C-]#[O+])(<-[C-]#[O+])<-S=P(N=P(CP->1(c1ccccc1)c1ccccc1)(c1ccccc1)c1ccccc1)(Oc1ccccc1)Oc1ccccc1
LUXFAL,,C36 H41 Fe1 P2 1+,1.0,Cc12->[FeH2+2]3456(<-c1(C)c->3(C)[c-]->4(C)c->52C)<-P(CCP->6(c1ccccc1)c1ccccc1)(c1ccccc1)c1ccccc1,Cc12->[FeH2+2]3456(<-c1(C)c->3(C)[c-]->4(C)c->52C)<-P(CCP->6(c1ccccc1)c1ccccc1)(c1ccccc1)c1ccccc1,Cc12->[FeH2+2]3456(<-c1(C)c->3(C)[c-]->4(C)c->52C)<-P(CCP->6(c1ccccc1)c1ccccc1)(c1ccccc1)c1ccccc1
LUXVIK,,C32 H43 N3 Ni1 O3 Si1,0.0,CC1=CC(C)=[N+](c2c(C(C)C)cccc2C(C)C)[Si-](N)(->[Ni](<-[C-]#[O+])(<-[C-]#[O+])<-[C-]#[O+])N1c1c(C(C)C)cccc1C(C)C,Cc1c[c-](C)n(-c2c(C(C)C)cccc2C(C)C)[si-](N)(->[Ni+2](<-[C-]#[O+])(<-[C-]#[O+])<-[C-]#[O+])n1-c1c(C(C)C)cccc1C(C)C,Cc1c[c-](C)n(-c2c(C(C)C)cccc2C(C)C)[si-](N)(->[Ni+2](<-[C-]#[O+])(<-[C-]#[O+])<-[C-]#[O+])n1-c1c(C(C)C)cccc1C(C)C
LUYYUZ,,C26 H21 B1 F3 Ni1 O2 P1,0.0,fail,F[B-](F)(F)OC1=O->[Ni+2]23(<-C=C->24C=CC=C[CH-]->34)<-P(c2ccccc2)(c2ccccc2)c2ccccc21,F[B-](F)(F)OC1=O->[Ni+2]23(<-C=C->24C=CC=C[CH-]->34)<-P(c2ccccc2)(c2ccccc2)c2ccccc21
LUZYOW,CCOP(=O)(CCN(CC(C)C)[C](Nc1c(C)cc(C)cc1C)->[Au+]<-[Cl-])OCC,C20 H35 Au1 Cl1 N2 O3 P1,0.0,CCOP(=O)(CCN(CC(C)C)[C](Nc1c(C)cc(C)cc1C)->[Au+]<-[Cl-])OCC,CCOP(=O)(CCN(CC(C)C)[C](Nc1c(C)cc(C)cc1C)->[Au+]<-[Cl-])OCC,CCOP(=O)(CCN(CC(C)C)[C](Nc1c(C)cc(C)cc1C)->[Au+]<-[Cl-])OCC
MABREN,,C33 H26 Mo1 P1 1+,1.0,c1ccc(C2#C->[Mo+2]<-23456789<-C2=C->3[CH-]->4C->5=C->6C->7(c3ccccc3P->8(c3ccccc3)c3ccccc3)=C->92)cc1,c1ccc(C2#C->[Mo+2]<-23456789<-C2=C->3C->4=C->5[C-]->6(c3ccccc3P->7(c3ccccc3)c3ccccc3)C->8=C->92)cc1,c1ccc(C2#C->[Mo+2]<-23456789<-C2=C->3C->4=C->5[C-]->6(c3ccccc3P->7(c3ccccc3)c3ccccc3)C->8=C->92)cc1
MADKAE,,C35 H42 Ir1 N3 S2,0.0,fail,CCN(CC)C1=S->[Ir+3]23(<-[S-]1)(<-[c-]1cc(C(C)(C)C)ccc1-c1ccccn->21)<-[c-]1cc(C(C)(C)C)ccc1-c1ccccn->31,CCN(CC)C1=S->[Ir+3]23(<-[S-]1)(<-[c-]1cc(C(C)(C)C)ccc1-c1ccccn->21)<-[c-]1cc(C(C)(C)C)ccc1-c1ccccn->31
MADRUF,CCC#N->[W+2]12(<-[C-]#[O+])(<-[C-]#[O+])(<-[C-]#[O+])<-n3c(C)cc(C)n3[BH-](n3c(C)cc(C)n->13)n1c(C)cc(C)n->21,C21 H27 B1 N7 O3 W1 1+,1.0,CCC#N->[W+2]12(<-[C-]#[O+])(<-[C-]#[O+])(<-[C-]#[O+])<-[n-]3c(C)cc(C)[n+]3[BH-]([n+]3c(C)cc(C)[n-]->13)[n+]1c(C)cc(C)[n-]->21,CCC#N->[W+2]12(<-[C-]#[O+])(<-[C-]#[O+])(<-[C-]#[O+])<-n3c(C)cc(C)n3[BH-](n3c(C)cc(C)n->13)n1c(C)cc(C)n->21,CCC#N->[W+4]123(<-[C-]#[O+])(<-[C-](=O)[C-]->1=O)<-n1c(C)cc(C)n1[BH-](n1c(C)cc(C)n->21)n1c(C)cc(C)n->31
MADXEW,,C29 H36 B1 F3 N6 P1 Rh1,0.0,Cc1cc(C)[n-]2->[RhH+2]3(<-[c-]4c(F)cc(F)cc4F)(<-[n-]4c(C)cc(C)[n+]4[BH-]([n+]12)[n+]1c(C)cc(C)[n-]->31)<-P(C)(C)c1ccccc1,Cc1cc(C)n2->[RhH+2]3(<-[c-]4c(F)cc(F)cc4F)(<-n4c(C)cc(C)n4[BH-](n12)n1c(C)cc(C)n->31)<-P(C)(C)c1ccccc1,Cc1cc(C)n2->[RhH+2]3(<-[c-]4c(F)cc(F)cc4F)(<-n4c(C)cc(C)n4[BH-](n12)n1c(C)cc(C)n->31)<-P(C)(C)c1ccccc1
MAHFEH,N/C1=N/N(=O)->[Co+3]23(<-[NH-]1)(<-[NH-]/C(N)=N\N->2=O)<-[NH-]/C(N)=N\N->3=O,C3 H9 Co1 N12 O3,0.0,NC1N=[N+](=O)->[Co-3]23(<-N=1)(<-N=C(N)N=[N+]->2=O)<-N=C(N)N=[N+]->3=O,NC1=NN(=O)->[Co+3]23(<-[NH-]1)(<-[NH-]C(N)=NN->2=O)<-[NH-]C(N)=NN->3=O,NC1=NN(=O)->[Co+3]23(<-[NH-]1)(<-[NH-]C(N)=NN->2=O)<-[NH-]C(N)=NN->3=O
MAHVUP,CS1c2ccccc2/N2=C/c3ccccn3->[Zn+2]<-2<-1(<-[Br-])<-[Br-],C13 H12 Br2 N2 S1 Zn1,0.0,CS1c2ccccc2N2=Cc3ccccn3->[Zn+2]<-2<-1(<-[Br-])<-[Br-],CS1c2ccccc2N2=Cc3ccccn3->[Zn+2]<-2<-1(<-[Br-])<-[Br-],CSc1ccccc1N1=Cc2ccccn2->[Zn+2]<-1(<-[Br-])<-[Br-]
MAJDOS,S=C=[N-]->[Zn+2](<-[N-]=C=S)(<-n1cc[nH]c1/N=N/c1ccc(Br)cc1)<-n1cc[nH]c1/N=N/c1ccc(Br)cc1,C20 H14 Br2 N10 S2 Zn1,0.0,S=C=[N-]->[Zn+2](<-[N-]=C=S)(<-n1cc[nH]c1N=Nc1ccc(Br)cc1)<-n1cc[nH]c1N=Nc1ccc(Br)cc1,S=C=[N-]->[Zn+2](<-[N-]=C=S)(<-n1cc[nH]c1N=Nc1ccc(Br)cc1)<-n1cc[nH]c1N=Nc1ccc(Br)cc1,S=C=[N-]->[Zn+2]1(<-[N-]=C=S)(<-N(=Nc2ccc(Br)cc2)c2[nH]ccn->12)<-n1cc[nH]c1N=Nc1ccc(Br)cc1
MAKDUX,O=[N+]([O-])[O-]->[Hg+2]123<-N4CCN->1CCS->2CCN->3CC4,C8 H19 Hg1 N4 O3 S1 1+,1.0,O=[N+]1[O-]->[Hg+2]234(<-[O-]1)<-N1CCN->2CCS->3CCN->4CC1,O=[N+]([O-])[O-]->[Hg+2]123<-N4CCN->1CCS->2CCN->3CC4,O=[N+]12[O-]->[Hg+2]<-1345(<-[O-]2)<-N1CCN->3CCS->4CCN->5CC1
MAKNOE,CN1(C)Cc2cccc3cc4cccc(CN(C)(C)->[Cd+2]<-1(<-[Br-])<-[Br-])c4nc23,C19 H23 Br2 Cd1 N3,0.0,CN1(C)Cc2cccc3cc4cccc5CN(C)(C)->[Cd+2]<-1(<-[Br-])(<-[Br-])<-n(c23)c54,CN1(C)Cc2cccc3cc4cccc5CN(C)(C)->[Cd+2]<-1(<-[Br-])(<-[Br-])<-n(c23)c54,CN1(C)Cc2cccc3cc4cccc(CN(C)(C)->[Cd+2]<-1(<-[Br-])<-[Br-])c4nc23
MALWAZ,CC(C)[C@H]1COC2c3ccccc3/N3=C4\C=CC=C\C4=C4/OC[C@H](C(C)C)[N-]4->[Ni@TB7+2]<-3(<-N=21)<-[C-](F)(F)F,C25 H28 F3 N3 Ni1 O2,0.0,CC(C)C1COC2c3ccccc3[N-]3c4ccccc4C4=N(->[Ni+2]<-3(<-N=21)<-[C-](F)(F)F)C(C(C)C)CO4,CC(C)C1COC2c3ccccc3[N-]3c4ccccc4C4=N(->[Ni+2]<-3(<-N=21)<-[C-](F)(F)F)C(C(C)C)CO4,CC(C)C1COC2c3ccccc3[N-]3c4ccccc4C4=N(->[Ni+2]<-3(<-N=21)<-[C-](F)(F)F)C(C(C)C)CO4
MALZIK,CCN12CCc3ccccn3->[Ru+4]<-13(<-[Cl-])(<-[Cl-])(<-[Cl-])<-[CH-]2Cc1ccccn->31,C16 H20 Cl3 N3 Ru1,0.0,CC[N+]12CCc3ccccn3->[Ru+2]<-13(<-[Cl-])(<-[Cl-])(<-[Cl-])<-C=2Cc1ccccn->31,CCN12CCc3ccccn3->[Ru+4]<-13(<-[Cl-])(<-[Cl-])(<-[Cl-])<-[CH-]2Cc1ccccn->31,CCN12CCc3ccccn3->[Ru+4]<-13(<-[Cl-])(<-[Cl-])(<-[Cl-])<-[CH-]2Cc1ccccn->31
MAMTID,C1=C(/Cc2ccccc2)[O-]->[Ni+2]23<-[O-]/C(=C\C(Cc4ccccc4)=N->2\CC/N->3=C/1Cc1ccccc1)Cc1ccccc1,C36 H34 N2 Ni1 O2,0.0,C1=C(Cc2ccccc2)[O-]->[Ni+2]23<-[O-]C(=CC(Cc4ccccc4)=N->2CCN->3=C1Cc1ccccc1)Cc1ccccc1,C1=C(Cc2ccccc2)[O-]->[Ni+2]23<-[O-]C(=CC(Cc4ccccc4)=N->2CCN->3=C1Cc1ccccc1)Cc1ccccc1,C1=C(Cc2ccccc2)[O-]->[Ni+2]23<-[O-]C(=CC(Cc4ccccc4)=N->2CCN->3=C1Cc1ccccc1)Cc1ccccc1
MANSID,,C37 H31 N2 O1 Os1 P1 S2,0.0,fail,CN(C)C1=S->[Os+2]2(<-[C-]#[O+])(<-[S-]1)(<-[c-]1ccccc1-c1ccc3ccccc3n->21)<-P(c1ccccc1)(c1ccccc1)c1ccccc1,CN(C)C1=S->[Os+2]2(<-[C-]#[O+])(<-[S-]1)(<-[c-]1ccccc1-c1ccc3ccccc3n->21)<-P(c1ccccc1)(c1ccccc1)c1ccccc1
MAQJEV,CP(C)(c1ccccc1)->[Ir+]12345(<-C=C->1/C=C\[S@]->2(=O)[O-])<-C1=C->3/CC/C->4=C->5\CC\1,C20 H28 Ir1 O2 P1 S1,0.0,CP(C)(c1ccccc1)->[Ir+]12345(<-C=C->1C=CS->2(=O)[O-])<-C1=C->3CCC->4=C->5CC1,CP(C)(c1ccccc1)->[Ir+]12345(<-C=C->1C=CS->2(=O)[O-])<-C1=C->3CCC->4=C->5CC1,CP(C)(c1ccccc1)->[Ir+]12345(<-C=C->1C=CS->2(=O)[O-])<-C1=C->3CCC->4=C->5CC1
MAQQOL,COC(=O)C1/C(C(=O)OC)=[C-](/C(=O)OC)->[Pd+2]2(<-[NH-]C(=O)c3ccccn->23)<-[C-]=1\C(=O)OC,C18 H17 N2 O9 Pd1 1-,-1.0,COC(=O)C1C(C(=O)OC)=[C-](C(=O)OC)->[Pd+2]2(<-[NH-]C(=O)c3ccccn->23)<-[C-]=1C(=O)OC,COC(=O)C1C(C(=O)OC)=[C-](C(=O)OC)->[Pd+2]2(<-[NH-]C(=O)c3ccccn->23)<-[C-]=1C(=O)OC,COC(=O)C1C(C(=O)OC)=[C-](C(=O)OC)->[Pd+2]2(<-[NH-]C(=O)c3ccccn->23)<-[C-]=1C(=O)OC
MARJUL,,C34 H28 B1 F6 Hg1 1-,-1.0,Cc1cc(C)c([B-]2(F->[Hg+3](<-[c-]3c(F)c(F)c(F)c(F)c3F)<-[c-]3cccc4cccc2c43)c2c(C)cc(C)cc2C)c(C)c1,Cc1cc(C)c([B-](F)(c2c(C)cc(C)cc2C)c2cccc3ccc[c-](->[Hg+2]<-[c-]4c(F)c(F)c(F)c(F)c4F)c23)c(C)c1,Cc1cc(C)c([B-](F)(c2c(C)cc(C)cc2C)c2cccc3ccc[c-](->[Hg+2]<-[c-]4c(F)c(F)c(F)c(F)c4F)c23)c(C)c1
MASHOF,,C23 H44 Cl1 N4 Ta1,0.0,CC(C)N1=C(N(C)C)[N-](C(C)C)->[Ta+5]<-12345(<-[Cl-])(<-[N-2]C(C)(C)C)<-c1(C)c->2(C)c->3(C)[c-]->4(C)c->51C,CC(C)N1=C(N(C)C)[N-](C(C)C)->[Ta+5]<-12345(<-[Cl-])(<-[N-2]C(C)(C)C)<-c1(C)c->2(C)c->3(C)[c-]->4(C)c->51C,Cc1c(C)c(C)[c-](C)(->[Ta+5]2(<-[Cl-])(<-[N-2]C(C)(C)C)<-N(=C(N(C)C)[N-]->2C(C)C)C(C)C)c1C
MASVIN,CC1CC(C)(C)O->[Rh+3]23(<-[CH3-])(<-O=1)<-S=P(C1=CC=CC(=P([S-]->2)(C(C)C)C(C)C)[C]->31)(C(C)C)C(C)C,C25 H46 O2 P2 Rh1 S2 1+,1.0,CC1CC(C)(C)O->[Rh+3]23(<-[CH3-])(<-O=1)<-S=P(c1cccc(P(=S->2)(C(C)C)C(C)C)[c-]->31)(C(C)C)C(C)C,CC1CC(C)(C)O->[Rh+3]23(<-[CH3-])(<-O=1)<-S=P(C1=CC=CC(=P([S-]->2)(C(C)C)C(C)C)[C]->31)(C(C)C)C(C)C,CC1CC(C)(C)O->[Rh+3]23(<-[CH3-])(<-O=1)<-S=P(C1=CC=CC(=P([S-]->2)(C(C)C)C(C)C)[C]->31)(C(C)C)C(C)C
MATGIA,,C22 H26 Fe1 N6 O5 S1,0.0,CO->[Fe+2]123(<-[O-]S(=O)(=O)[O-])<-n4ccccc4-c4cccc(C(n5c(C)cc(C)n->15)n1c(C)cc(C)n->21)n->34,CO->[Fe+2]123(<-[O-]S(=O)(=O)[O-])<-n4ccccc4-c4cccc(C(n5c(C)cc(C)n->15)n1c(C)cc(C)n->21)n->34,C[O-]->[Fe+2]123(<-[O-]S(=O)(=O)O)<-n4ccccc4-c4cccc(C(n5c(C)cc(C)n->15)n1c(C)cc(C)n->21)n->34
MAVHIA,,C16 H24 Cr1 N2 O1,0.0,CC(C)[N-](C(C)C)->[Cr+4]1234(<-[N-]=O)(<-c5c->1c->2[cH-]->3c->45)<-[cH-]1cccc1,CC(C)[N-](C(C)C)->[Cr+4]1234(<-[N-]=O)(<-c5c->1c->2[cH-]->3c->45)<-[cH-]1cccc1,CC(C)[N-](C(C)C)->[Cr+4]1234(<-[N-]=O)(<-c5c->1c->2[cH-]->3c->45)<-[cH-]1cccc1
MAWWUE,,C33 H26 I1 Ir1 N2 O2,0.0,fail,CC1=O->[Ir+3]23(<-[O-]C(C)=C1c1ccc(I)cc1)(<-[c-]1ccccc1-c1ccccn->21)<-[c-]1ccccc1-c1ccccn->31,CC1=O->[Ir+3]23(<-[O-]C(C)=C1c1ccc(I)cc1)(<-[c-]1ccccc1-c1ccccn->21)<-[c-]1ccccc1-c1ccccn->31
MAXVIS,CS(C)(=O)->[Ru+2]1(<-[Cl-])(<-O=C2C=CC=C/C2=C(\C=C\c2ccc(Cl)cc2)[O-]->1)(<-S(C)(C)=O)<-S(C)(C)=O,C21 H28 Cl2 O5 Ru1 S3,0.0,CS(C)(=O)->[Ru+2]1(<-[Cl-])(<-O=C(C=Cc2ccc(Cl)cc2)c2ccccc2[O-]->1)(<-S(C)(C)=O)<-S(C)(C)=O,CS(C)(=O)->[Ru+2]1(<-[Cl-])(<-O=C(C=Cc2ccc(Cl)cc2)c2ccccc2[O-]->1)(<-S(C)(C)=O)<-S(C)(C)=O,CS(C)(=O)->[Ru+2]1(<-[Cl-])(<-O=C(C=Cc2ccc(Cl)cc2)c2ccccc2[O-]->1)(<-S(C)(C)=O)<-S(C)(C)=O
MAYCOE,Cc12->[Co+3]34567(<-[H][C-]->38C=CC=C/C8=[SiH]->4\c3ccccc3)(<-[SiH-](c3ccccc3)c3ccccc3)<-c1(C)c->5(C)[c-]->6(C)c->72C,C34 H39 Co1 Si2,0.0,Cc12->[CoH2+3]345(<-[SiH-](c6ccccc6)c6ccccc6)(<-[SiH-](c6ccccc6)c6ccccc6)<-c1(C)c->3(C)[c-]->4(C)c->52C,Cc12->[Co+3]345(<-[SiH-](c6ccccc6)c6ccccc6)(<-[SiH-](c6ccccc6)c6ccccc6)<-c1(C)c->3(C)[c-]->4(C)c->52C,Cc12->[Co+3]345(<-[SiH-](c6ccccc6)c6ccccc6)(<-[SiH-](c6ccccc6)c6ccccc6)<-c1(C)c->3(C)[c-]->4(C)c->52C
MAZFOL,CCOc1cccc2/C=N3/N=C(\[O-]->[Mo+6]<-3(<-[O-2])(<-[O-2])(<-[O-]c21)<-OC)c1ccncc1,C16 H17 Mo1 N3 O6,0.0,CCOc1cccc2C=N3N=C([O-]->[Mo+6]<-3(<-[O-2])(<-[O-2])(<-[O-]c21)<-OC)c1ccncc1,CCOc1cccc2C=N3N=C([O-]->[Mo+6]<-3(<-[O-2])(<-[O-2])(<-[O-]c21)<-OC)c1ccncc1,CCOc1cccc2c1[O-]->[Mo+6]1(<-[O-2])(<-[O-2])<-[O-]C(c3ccncc3)=NN->1=C2.CO
MBPMHG,Cc1cccnc1-c1c(C)cccn1->[Hg+2]<-[CH3-],C13 H15 Hg1 N2 1+,1.0,Cc1cccnc1-c1c(C)cccn1->[Hg+2]<-[CH3-],Cc1cccnc1-c1c(C)cccn1->[Hg+2]<-[CH3-],Cc1cccnc1-c1ncccc1C.[CH3-]->[Hg+2]
MEBTUI,,C30 H33 Ir1 O2 P1 1+,1.0,CCC1O[CH-]2c3ccccc3P(c3ccccc3)(c3ccccc3)->[IrH+2]<-2345(<-O=1)<-C1=C->3CCC->4=C->5CC1,CCC1OC2=C3[CH+]C=CC=C3P(c3ccccc3)(c3ccccc3)->[IrH]<-2345(<-O=1)<-C1=C->3CCC->4=C->5CC1,CCC1OC2=C3[CH+]C=CC=C3P(c3ccccc3)(c3ccccc3)->[IrH]<-2345(<-O=1)<-C1=C->3CCC->4=C->5CC1
MECLZR,[Cl-]->[Zr+4]12345678(<-[CH-]=P(c9ccccc9)(c9ccccc9)c9ccccc9)(<-c9c->1c->2[cH-]->3c->49)<-c1c->5c->6[cH-]->7c->81,C29 H26 Cl1 P1 Zr1,0.0,[Cl-]->[Zr+4]12345678(<-[CH-2][P+](c9ccccc9)(c9ccccc9)c9ccccc9)(<-c9c->1c->2[cH-]->3c->49)<-c1c->5c->6[cH-]->7c->81,[Cl-]->[Zr+4]12345678(<-[CH-]=P(c9ccccc9)(c9ccccc9)c9ccccc9)(<-c9c->1c->2[cH-]->3c->49)<-c1c->5c->6[cH-]->7c->81,[Cl-]->[Zr+4]12345678(<-[CH-]=P(c9ccccc9)(c9ccccc9)c9ccccc9)(<-c9c->1c->2[cH-]->3c->49)<-c1c->5c->6[cH-]->7c->81
MEDJAI,CC1/C=C(/C)[O-]->[Pt@+2]2(<-O=1)<-[C]1N(C)C=CN1c1ccc(Br)c[c-]->21,C15 H15 Br1 N2 O2 Pt1,0.0,CC1=CC(C)=O->[Pt+2]2(<-[O-]1)<-[C]1N(C)C=CN1c1ccc(Br)c[c-]->21,CC1=CC(C)=O->[Pt+2]2(<-[O-]1)<-[C]1N(C)C=CN1c1ccc(Br)c[c-]->21,CC1=CC(C)=O->[Pt+2]2(<-[O-]1)<-[C]1N(C)C=CN1c1ccc(Br)c[c-]->21
MEFZIJ,Cn1n[n+](C)c(-c2nc3ccccc3o2)[c-]1->[Ir+3]1234(<-[Cl-])(<-[Cl-])<-c5(C)c->1(C)c->2(C)[c-]->3(C)c->45C,C21 H25 Cl2 Ir1 N4 O1,0.0,Cn1n[n+](C)[c](->[Ir+2]2345(<-[Cl-])(<-[Cl-])<-c6(C)c->2(C)c->3(C)[c-]->4(C)c->56C)c1-c1nc2ccccc2o1,Cn1n[n+](C)c(-c2nc3ccccc3o2)[c-]1->[Ir+3]1234(<-[Cl-])(<-[Cl-])<-c5(C)c->1(C)c->2(C)[c-]->3(C)c->45C,Cn1n[n+](C)c(-c2nc3ccccc3o2)[c-]1->[Ir+3]1234(<-[Cl-])(<-[Cl-])<-c5(C)c->1(C)c->2(C)[c-]->3(C)c->45C
MEGTIB,O=C[O-]->[Re+]1(<-[C-]#[O+])(<-[C-]#[O+])(<-[C-]#[O+])<-P(CCCP->1(c1ccccc1)c1ccccc1)(c1ccccc1)c1ccccc1,C31 H27 O5 P2 Re1,0.0,O=C[O-]->[Re+]1(<-[C-]#[O+])(<-[C-]#[O+])(<-[C-]#[O+])<-P(CCCP->1(c1ccccc1)c1ccccc1)(c1ccccc1)c1ccccc1,O=C[O-]->[Re+]1(<-[C-]#[O+])(<-[C-]#[O+])(<-[C-]#[O+])<-P(CCCP->1(c1ccccc1)c1ccccc1)(c1ccccc1)c1ccccc1,O=[C-]1OC=O->[Re+]<-12(<-[C-]#[O+])(<-[C-]#[O+])<-P(CCCP->2(c1ccccc1)c1ccccc1)(c1ccccc1)c1ccccc1
MEHNES,CN1CCCN->[Ni@OH30+2](<-NCCC1)(<-[O-]N=O)<-N(=O)[O-],C7 H19 N5 Ni1 O4,0.0,fail,CN12CCCN->[Ni+2]<-13(<-NCCC2)(<-O=N[O-]->3)<-N(=O)[O-],CN12CCCN->[Ni+2]<-13(<-NCCC2)(<-O=N[O-]->3)<-N(=O)[O-]
MEJNIY,CC#N->[Os+2]12(<-[Cl-])(<-[N-]=[N+]3CCOCC3)<-n3ccccc3-c3cccc(-c4ccccn->14)n->23,C21 H22 Cl1 N6 O1 Os1 1+,1.0,CC#N->[Os+4]12(<-[Cl-])(<-[N-2]N3CCOCC3)<-n3ccccc3-c3cccc(-c4ccccn->14)n->23,CC#N->[Os+4]12(<-[Cl-])(<-[N-2]N3CCOCC3)<-n3ccccc3-c3cccc(-c4ccccn->14)n->23,CC#N->[Os+4]12(<-[Cl-])(<-[N-2]N3CCOCC3)<-n3ccccc3-c3cccc(-c4ccccn->14)n->23
MEJYOR,Cc1ccc(/N2=C/c3cccc[c-]3->[Ru+2]<-234567(<-[Cl-])<-c2c->3c->4(C(C)C)c->5c->6c->72C)cc1,C24 H26 Cl1 N1 Ru1,0.0,Cc1ccc(N2=Cc3cccc[c-]3->[Ru+2]<-234567(<-[Cl-])<-c2c->3c->4(C(C)C)c->5c->6c->72C)cc1,Cc1ccc(N2=Cc3cccc[c-]3->[Ru+2]<-234567(<-[Cl-])<-c2c->3c->4(C(C)C)c->5c->6c->72C)cc1,Cc1ccc(N2=Cc3cccc[c-]3->[Ru+2]<-234567(<-[Cl-])<-c2c->3c->4(C(C)C)c->5c->6c->72C)cc1
MEKVED,,C44 H28 N4 O2 Re1 1-,-1.0,fail,[O-2]->[Re+5]123(<-[O-2])<-n4c5c(-c6ccccc6)c6ccc(c(-c7ccccc7)c7n->1c(c(-c1ccccc1)c1ccc(c(-c8ccccc8)c4C=C5)[n-]->21)C=C7)[n-]->36,[O-2]->[Re+5]123(<-[O-2])<-n4c5c(-c6ccccc6)c6ccc(c(-c7ccccc7)c7n->1c(c(-c1ccccc1)c1ccc(c(-c8ccccc8)c4C=C5)[n-]->21)C=C7)[n-]->36
MELMUL,Cc1cccc(-c2c(F)c(F)c(F)c(F)c2F)c1N1=C23->[Ni+2]<-14(<-[Br-])(<-[Br-])<-N(c1c(C)cccc1-c1c(F)c(F)c(F)c(F)c1F)=C->42c1cccc2cccc3c12,C38 H18 Br2 F10 N2 Ni1,0.0,Cc1cccc(-c2c(F)c(F)c(F)c(F)c2F)c1N1=C2C(=N(c3c(C)cccc3-c3c(F)c(F)c(F)c(F)c3F)->[Ni+2]<-1(<-[Br-])<-[Br-])c1cccc3cccc2c13,Cc1cccc(-c2c(F)c(F)c(F)c(F)c2F)c1N1=C2C(=N(c3c(C)cccc3-c3c(F)c(F)c(F)c(F)c3F)->[Ni+2]<-1(<-[Br-])<-[Br-])c1cccc3cccc2c13,Cc1cccc(-c2c(F)c(F)c(F)c(F)c2F)c1N1=C2C(=N(c3c(C)cccc3-c3c(F)c(F)c(F)c(F)c3F)->[Ni+2]<-1(<-[Br-])<-[Br-])c1cccc3cccc2c13
MENHUL,,C20 H20 Fe1 O5 Si1,0.0,fail,C[Si](C)(C)[c-]12->[Fe+2]345(<-[C-]#[O+])(<-[C-]#[O+])(<-[C-]#[O+])<-c6(c->31CCC6O)[c-]->4(-c1ccccc1)c->52=O,C[Si](C)(C)[c-]12->[Fe+2]345(<-[C-]#[O+])(<-[C-]#[O+])(<-[C-]#[O+])<-c6(c->31CCC6O)[c-]->4(-c1ccccc1)c->52=O
MEQQUV,C[C@H]1CO/C2=C3\C=CC=C\C3=N3/C(=O)c4cc(SCc5ccccc5)cc5C(=O)/N6=C7\C=CC=C\C7=C7/OC[C@H](C)[N-]7->[Zn@TB18+2]<-3<-6(<-n45)<-[N-]21,C34 H29 N5 O4 S1 Zn1,0.0,CC1COC2c3ccccc3[N-]3C(=O)c4cc(SCc5ccccc5)cc5C(=O)[N-]6c7ccccc7C7=N(->[Zn+2]<-3<-6(<-N=21)<-n45)C(C)CO7,CC1COC2=C3C=CC=CC3=N3C(=O)c4cc(SCc5ccccc5)cc5C(=O)N6=C7C=CC=CC7=C7OCC(C)[N-]7->[Zn+2]<-3<-6(<-n45)<-[N-]21,CC1COC2=C3C=CC=CC3=N3C(=O)c4cc(SCc5ccccc5)cc5C(=O)N6=C7C=CC=CC7=C7OCC(C)[N-]7->[Zn+2]<-3<-6(<-n45)<-[N-]21
MERYIR,C[C@H]1CN2CCc3ccccn3->[Cu+]3(<-c4ccccc->341)<-n1ccccc1CC2,C23 H27 Cu1 N3 1+,1.0,CC1CN23CCc4ccccn4->[Cu+]<-24(<-c2ccccc->421)<-n1ccccc1CC3,CC1CN23CCc4ccccn4->[Cu+]<-24(<-c2ccccc->421)<-n1ccccc1CC3,CC1CN23CCc4ccccn4->[Cu+]<-24(<-c2ccccc->421)<-n1ccccc1CC3
METBOD,,C32 H43 Ir1 N2,0.0,C1=CN(C2CCCCC2)[C](->[Ir+]234(<-C5=C->2CCC->3=C->4CC5)<-[cH-]2ccc3ccccc32)N1C1CCCCC1,C1=CN(C2CCCCC2)[C](->[Ir+]234(<-C5=C->2CCC->3=C->4CC5)<-[cH-]2ccc3ccccc32)N1C1CCCCC1,C1=CN(C2CCCCC2)[C](->[Ir+]234(<-C5=C->2CCC->3=C->4CC5)<-[cH-]2ccc3ccccc32)N1C1CCCCC1
MEVHON,,C12 H13 N3 Ni1,0.0,CN1C=CN2C[CH-](C#N)->[Ni+2]3456(<-[C]12)<-c1c->3c->4[cH-]->5c->61,Cn1cc[n+]2C[CH-](C#N)->[Ni+2]3456(<-[c-]12)<-c1c->3c->4[cH-]->5c->61,Cn1cc[n+]2C[CH-](C#N)->[Ni+2]3456(<-[c-]12)<-c1c->3c->4[cH-]->5c->61
MEWBOF,,C24 H28 B1 Mo1 N7 O6,0.0,fail,CCC1C(C=O)C2[CH+]3->[Mo]45(<-[C-]#[O+])(<-[C-]#[O+])(<-C3=C(OC)C1N2C(=O)OC)<-n1cccn1[BH-](n1cccn->41)n1cccn->51,CCC1C(C=O)C2[CH+]3->[Mo]456(<-[C-]#[O+])(<-[C-]#[O+])(<-C3=C->4(OC)C1N2C(=O)OC)<-n1cccn1[BH-](n1cccn->51)n1cccn->61
MEWTIU,FC(F)(F)c1cc2-c3ccccn3->[Ir+3]34(<-[c-]2c(C(F)(F)F)n1)(<-[c-]1c(-c2ccccn->32)cc(C(F)(F)F)nc1C(F)(F)F)<-N1=NC(c2ccccc2)=C/C1=C1\C=CC=C[N-]->41,C38 H20 F12 Ir1 N7,0.0,FC(F)(F)c1cc2-c3ccccn3->[Ir+3]34(<-[c-]2c(C(F)(F)F)n1)(<-[c-]1c(-c2ccccn->32)cc(C(F)(F)F)nc1C(F)(F)F)<-n1ccccc1-c1cc(-c2ccccc2)n[n-]->41,FC(F)(F)c1cc2-c3ccccn3->[Ir+3]34(<-[c-]2c(C(F)(F)F)n1)(<-[c-]1c(-c2ccccn->32)cc(C(F)(F)F)nc1C(F)(F)F)<-N1=NC(c2ccccc2)=CC1=C1C=CC=C[N-]->41,FC(F)(F)c1cc2-c3ccccn3->[Ir+3]34(<-[c-]2c(C(F)(F)F)n1)(<-[c-]1c(-c2ccccn->32)cc(C(F)(F)F)nc1C(F)(F)F)<-N1=NC(c2ccccc2)=CC1=C1C=CC=C[N-]->41
MEXXES,CN(C)Cc1ccc[n-]1->[Zr+4]12(<-[Cl-])(<-[n-]3cccc3CN->1(C)C)<-[n-]1cccc1CN->2(C)C,C21 H33 Cl1 N6 Zr1,0.0,CN1(C)Cc2ccc[n-]2->[Zr+4]<-123(<-[Cl-])(<-[n-]1cccc1CN->2(C)C)<-[n-]1cccc1CN->3(C)C,CN1(C)Cc2ccc[n-]2->[Zr+4]<-123(<-[Cl-])(<-[n-]1cccc1CN->2(C)C)<-[n-]1cccc1CN->3(C)C,CN1(C)Cc2ccc[n-]2->[Zr+4]<-123(<-[Cl-])(<-[n-]1cccc1CN->2(C)C)<-[n-]1cccc1CN->3(C)C
MEZWAP,CS(C)->[Pt@+2]1(<-O)<-[c-]2ccccc2[P@@](=O)(c2ccccc2)c2ccccn->12,C19 H21 N1 O2 P1 Pt1 S1 1+,1.0,CS(C)->[Pt+2]1(<-O)<-[c-]2ccccc2P(=O)(c2ccccc2)c2ccccn->12,CS(C)->[Pt+2]1(<-O)<-[c-]2ccccc2P(=O)(c2ccccc2)c2ccccn->12,CS(C)->[Pt+2]1(<-O)<-[c-]2ccccc2P(=O)(c2ccccc2)c2ccccn->12
MHCOFE,CC12=C->[Fe+2]<-13(<-[C-]#[O+])(<-[C-]#[O+])(<-[C-]#[O+])<-[CH-]2CC(F)(F)[C-]->3(F)C(F)(F)F,C11 H8 F6 Fe1 O3,0.0,fail,CC12=C->[Fe+2]<-13(<-[C-]#[O+])(<-[C-]#[O+])(<-[C-]#[O+])<-[CH-]2CC(F)(F)[C-]->3(F)C(F)(F)F,CC12=C->[Fe+2]<-13(<-[C-]#[O+])(<-[C-]#[O+])(<-[C-]#[O+])<-[CH-]2CC(F)(F)[C-]->3(F)C(F)(F)F
MIBROH,CN1C=CC=CC1=C12->[Cr+2]3456(<-[C-]#[O+])(<-[C-]#[O+])(<-[C-]#[O+])<-C(=C->3[CH-]->41)C->5=C->62C,C16 H14 Cr1 N1 O3 1+,1.0,C[n+]1ccccc1-c12->[Cr]3456(<-[C-]#[O+])(<-[C-]#[O+])(<-[C-]#[O+])<-c(c->3c->41)c->5c->62C,CN1C=CC=CC1=C12->[Cr+2]3456(<-[C-]#[O+])(<-[C-]#[O+])(<-[C-]#[O+])<-C(=C->31)[CH-]->4C->5=C->62C,CN1C=CC=CC1=C12->[Cr+2]3456(<-[C-]#[O+])(<-[C-]#[O+])(<-[C-]#[O+])<-C(=C->31)[CH-]->4C->5=C->62C
MICTID,Cc1cccc2[CH2-]->[Ni@TB4+2]3(<-N(=C4/C=CC=C/C4=C4\OC[C@H](C(C)C)[N-]->34)/c12)<-P(c1ccccc1)(c1ccccc1)c1ccccc1,C38 H37 N2 Ni1 O1 P1,0.0,Cc1cccc2[CH2-]->[Ni+2]3(<-N4=C(c5ccccc5[N-]->3c12)OCC4C(C)C)<-P(c1ccccc1)(c1ccccc1)c1ccccc1,Cc1cccc2[CH2-]->[Ni+2]3(<-N(=C4C=CC=CC4=C4OCC(C(C)C)[N-]->34)c12)<-P(c1ccccc1)(c1ccccc1)c1ccccc1,Cc1cccc2[CH2-]->[Ni+2]3(<-N(=C4C=CC=CC4=C4OCC(C(C)C)[N-]->34)c12)<-P(c1ccccc1)(c1ccccc1)c1ccccc1
MIDLIX,CS1CC(=O)[N-]2c3ccccc3[P+]([S-]->[Pd@@+2]<-2<-1<-[Cl-])(c1ccccc1)c1ccccc1,C21 H19 Cl1 N1 O1 P1 Pd1 S2,0.0,CS1CC(=O)[N-]2c3ccccc3P(=S->[Pd+2]<-2<-1<-[Cl-])(c1ccccc1)c1ccccc1,CS1CC(=O)[N-]2c3ccccc3[P+]([S-]->[Pd+2]<-2<-1<-[Cl-])(c1ccccc1)c1ccccc1,CS1CC(=O)[N-]2c3ccccc3[P+]([S-]->[Pd+2]<-2<-1<-[Cl-])(c1ccccc1)c1ccccc1
MIFGUE,,C41 H34 I1 Ir1 P2 S1,0.0,[I-]->[Ir+5]12(<-[CH-]=CS[C-2]->1C=[CH-]->2)(<-P(c1ccccc1)(c1ccccc1)c1ccccc1)<-P(c1ccccc1)(c1ccccc1)c1ccccc1,[I-]->[Ir+3]12(<-[CH]C=[C-]->1SC=[CH-]->2)(<-P(c1ccccc1)(c1ccccc1)c1ccccc1)<-P(c1ccccc1)(c1ccccc1)c1ccccc1,[I-]->[Ir+3]12(<-[CH]C=[C-]->1SC=[CH-]->2)(<-P(c1ccccc1)(c1ccccc1)c1ccccc1)<-P(c1ccccc1)(c1ccccc1)c1ccccc1
MIGFAL,O=S(=O)([O-]->[Ag+]<-N1CCN(Cc2cc(F)cc(F)c2)CCNCCN(Cc2cc(F)cc(F)c2)CC1)C(F)(F)F,C23 H28 Ag1 F7 N4 O3 S1,0.0,O=S(=O)([O-]->[Ag+]123<-N4CCN->1(Cc1cc(F)cc(F)c1)CCN->2CCN->3(Cc1cc(F)cc(F)c1)CC4)C(F)(F)F,O=S(=O)([O-]->[Ag+]12<-N3CCN(Cc4cc(F)cc(F)c4)CCN->1CCN->2(Cc1cc(F)cc(F)c1)CC3)C(F)(F)F,O=S12(=O->[Ag+]<-134(<-[O-]2)<-N1CCN(Cc2cc(F)cc(F)c2)CCN->3CCN->4(Cc2cc(F)cc(F)c2)CC1)C(F)(F)F
MIHFUF,CN1[C](Nc2ccc(C(F)(F)F)cc2)->[Pd+2](<-[Cl-])(<-[Cl-])<-[C](Nc2ccc(C(F)(F)F)cc2)N(C)[C@H]2CCCC[C@@H]21,C24 H26 Cl2 F6 N4 Pd1,0.0,CN1[C](Nc2ccc(C(F)(F)F)cc2)->[Pd+2](<-[Cl-])(<-[Cl-])<-[C](Nc2ccc(C(F)(F)F)cc2)N(C)C2CCCCC21,CN1[C](Nc2ccc(C(F)(F)F)cc2)->[Pd+2](<-[Cl-])(<-[Cl-])<-[C](Nc2ccc(C(F)(F)F)cc2)N(C)C2CCCCC21,CN1[C](Nc2ccc(C(F)(F)F)cc2)->[Pd+2](<-[Cl-])(<-[Cl-])<-[C](Nc2ccc(C(F)(F)F)cc2)N(C)C2CCCCC21
MIJQIG,CC(C)(C)NP1(NC(C)(C)C)=N(->[Zn+2](<-[CH3-])<-[N-]1C(C)(C)C)[Si](C)(C)C,C16 H41 N4 P1 Si1 Zn1,0.0,CC(C)(C)NP1(NC(C)(C)C)=N(->[Zn+2](<-[CH3-])<-[N-]1C(C)(C)C)[Si](C)(C)C,CC(C)(C)NP1(NC(C)(C)C)=N(->[Zn+2](<-[CH3-])<-[N-]1C(C)(C)C)[Si](C)(C)C,CC(C)(C)NP1(NC(C)(C)C)=N(->[Zn+2](<-[CH3-])<-[N-]1C(C)(C)C)[Si](C)(C)C
MIKKUM,C=CCN(CC=C)C1=C2(->[W](<-[C-]#[O+])(<-[C-]#[O+])(<-[C-]#[O+])(<-[C-]#[O+])<-[C-]#[O+])CCC[C@@H]2C(OCC)=C1,C21 H23 N1 O6 W1,0.0,C=CC[N+](CC=C)=C1C=C(OCC)C2CCC[C-]12->[W](<-[C-]#[O+])(<-[C-]#[O+])(<-[C-]#[O+])(<-[C-]#[O+])<-[C-]#[O+],C=CCN(CC=C)C1=C2(->[W](<-[C-]#[O+])(<-[C-]#[O+])(<-[C-]#[O+])(<-[C-]#[O+])<-[C-]#[O+])CCCC2C(OCC)=C1,C=CCN(CC=C)C1=C2(->[W](<-[C-]#[O+])(<-[C-]#[O+])(<-[C-]#[O+])(<-[C-]#[O+])<-[C-]#[O+])CCCC2C(OCC)=C1
MILBOY,CC1=C2/C=CC=C[N-]2->[Ni@+2]2(<-[Cl-])<-S=C(/N=N->2/1)N(C)C,C10 H13 Cl1 N4 Ni1 S1,0.0,CC1c2ccccn2->[Ni+2]2(<-[Cl-])<-[S-]C(=NN->2=1)N(C)C,CC1=C2C=CC=C[N-]2->[Ni+2]2(<-[Cl-])<-S=C(N=N->21)N(C)C,CC1=C2C=CC=C[N-]2->[Ni+2]2(<-[Cl-])<-S=C(N=N->21)N(C)C
MILPEC,FC(F)=[C-]1[CH2-]->[Pt+2]<-1(<-P(c1ccccc1)(c1ccccc1)c1ccccc1)<-P(c1ccccc1)(c1ccccc1)c1ccccc1,C39 H32 F2 P2 Pt1,0.0,FC(F)=C1=C->[Pt]<-1(<-P(c1ccccc1)(c1ccccc1)c1ccccc1)<-P(c1ccccc1)(c1ccccc1)c1ccccc1,FC(F)=C1=C->[Pt]<-1(<-P(c1ccccc1)(c1ccccc1)c1ccccc1)<-P(c1ccccc1)(c1ccccc1)c1ccccc1,FC(F)=C1=C->[Pt]<-1(<-P(c1ccccc1)(c1ccccc1)c1ccccc1)<-P(c1ccccc1)(c1ccccc1)c1ccccc1
MIMHEY,Cc1nnc(-c2ccccn2->[Cd+2]23(<-[O-][N+](=O)[O-]->2)(<-[O-][N+](=O)[O-]->3)<-n2ccccc2-c2nnc(C)o2)o1,C16 H14 Cd1 N8 O8,0.0,Cc1nn2->[Cd+2]345(<-[O-][N+](=O)[O-]->3)(<-[O-][N+](=O)[O-]->4)(<-n3ccccc3-c2o1)<-n1ccccc1-c1oc(C)nn->51,Cc1nn2->[Cd+2]345(<-[O-][N+](=O)[O-]->3)(<-[O-][N+](=O)[O-]->4)(<-n3ccccc3-c2o1)<-n1ccccc1-c1oc(C)nn->51,Cc1nn2->[Cd+2]34567(<-[O-][N+]->3(=O)[O-]->4)(<-[O-][N+]->5(=O)[O-]->6)(<-n3ccccc3-c2o1)<-n1ccccc1-c1oc(C)nn->71
MIMXUD,c1ccc(-c2cccc3-c4ccccn4->[Ir+3]45(<-[c-]6ccsc6-c6ccccn->46)(<-[c-]4ccsc4-c4ccccn->54)<-n23)cc1,C34 H24 Ir1 N4 S2 1+,1.0,c1ccc(-c2cccc3-c4ccccn4->[Ir+3]45(<-[c-]6ccsc6-c6ccccn->46)(<-[c-]4ccsc4-c4ccccn->54)<-n23)cc1,c1ccc(-c2cccc3-c4ccccn4->[Ir+3]45(<-[c-]6ccsc6-c6ccccn->46)(<-[c-]4ccsc4-c4ccccn->54)<-n23)cc1,c1ccc(-c2cccc3-c4ccccn4->[Ir+3]45(<-[c-]6ccsc6-c6ccccn->46)(<-[c-]4ccsc4-c4ccccn->54)<-n23)cc1
MINXOY,CCCCCc1nn[nH][c-]1->[Au+]<-[P@TB5](c1ccccc1)(c1ccccc1)c1ccccc1,C25 H27 Au1 N3 P1,0.0,CCCCCc1nn[nH][c]1->[Au]<-P(c1ccccc1)(c1ccccc1)c1ccccc1,CCCCCc1nn[nH][c-]1->[Au+]<-P(c1ccccc1)(c1ccccc1)c1ccccc1,CCCCCc1nn[nH][c-]1->[Au+]<-P(c1ccccc1)(c1ccccc1)c1ccccc1
MIPQUZ,FC(F)(F)c1cc(C(F)(F)F)[n-]2->[Ni+2]3(<-n4ccccc4-c12)(<-n1ccccc1-c1c(C(F)(F)F)cc(C(F)(F)F)[n-]->31)<-O1CCCC1,C26 H18 F12 N4 Ni1 O1,0.0,FC(F)(F)c1cc(C(F)(F)F)[n-]2->[Ni+2]3(<-n4ccccc4-c12)(<-n1ccccc1-c1c(C(F)(F)F)cc(C(F)(F)F)[n-]->31)<-O1CCCC1,FC(F)(F)C1=CC(C(F)(F)F)=N2->[Ni+2]3(<-N4=C(C(F)(F)F)C=C(C(F)(F)F)C4=C4C=CC=C[N-]->34)(<-[N-]3C=CC=CC3=C12)<-O1CCCC1,FC(F)(F)C1=CC(C(F)(F)F)=N2->[Ni+2]3(<-N4=C(C(F)(F)F)C=C(C(F)(F)F)C4=C4C=CC=C[N-]->34)(<-[N-]3C=CC=CC3=C12)<-O1CCCC1
MIQWIS,C/C1C(=O)[N-](c2ccccc2)->[Ni+2]23(<-[CH2-]c->24ccccc->34)(<-N=1\c1ccccc1)<-P(C)(C)C,C25 H29 N2 Ni1 O1 P1,0.0,CC1C(=O)[N-](c2ccccc2)->[Ni+2](<-[CH2-]c2ccccc2)(<-N=1c1ccccc1)<-P(C)(C)C,CC1C(=O)[N-](c2ccccc2)->[Ni+2](<-[CH2-]c2ccccc2)(<-N=1c1ccccc1)<-P(C)(C)C,CC1C(=O)[N-](c2ccccc2)->[Ni+2]23(<-[CH2-]c->24ccccc->34)(<-N=1c1ccccc1)<-P(C)(C)C
MIRLEE,CCOC(=S)[S-]->[Hg+2]<-[CH3-],C4 H8 Hg1 O1 S2,0.0,CCOC(=S)[S-]->[Hg+2]<-[CH3-],CCOC(=S)[S-]->[Hg+2]<-[CH3-],CCOC1=S->[Hg+2](<-[CH3-])<-[S-]1
MIRXUG,,C20 H40 Cl1 N4 Nb1,0.0,CC(C)(C)N1C2=C3N(C(C)(C)C)->[Nb+]<-2<-3<-1456(<-[Cl-])<-C(=C->4N->5C(C)(C)C)N->6C(C)(C)C,CC(C)(C)N1=CC=N(C(C)(C)C)->[Nb+]<-12(<-[Cl-])<-N(=CC=N->2C(C)(C)C)C(C)(C)C,CC(C)(C)N1=CC=N(C(C)(C)C)->[Nb+]<-12(<-[Cl-])<-N(=CC=N->2C(C)(C)C)C(C)(C)C
MITFAY,[O+]#[C-]->[Mo+2]1(<-[C-]#[O+])(<-[C-]#[O+])(<-S([O-])[O-])<-P(C[B-](CP->1(c1ccccc1)c1ccccc1)(c1ccccc1)c1ccccc1)(c1ccccc1)c1ccccc1,C41 H34 B1 Mo1 O5 P2 S1 1-,-1.0,O=S(=O)->[Mo]1(<-[C-]#[O+])(<-[C-]#[O+])(<-[C-]#[O+])<-P(C[B-](CP->1(c1ccccc1)c1ccccc1)(c1ccccc1)c1ccccc1)(c1ccccc1)c1ccccc1,O=S(=O)->[Mo]1(<-[C-]#[O+])(<-[C-]#[O+])(<-[C-]#[O+])<-P(C[B-](CP->1(c1ccccc1)c1ccccc1)(c1ccccc1)c1ccccc1)(c1ccccc1)c1ccccc1,O=S(=O)->[Mo]1(<-[C-]#[O+])(<-[C-]#[O+])(<-[C-]#[O+])<-P(C[B-](CP->1(c1ccccc1)c1ccccc1)(c1ccccc1)c1ccccc1)(c1ccccc1)c1ccccc1
MITNAF,CCN12Cc3ccccn3->[Ru+2]<-1(<-[Cl-])(<-[Cl-])(<-n1ccccc1C2)<-S(C)(C)=O,C16 H23 Cl2 N3 O1 Ru1 S1,0.0,CCN12Cc3ccccn3->[Ru+2]<-1(<-[Cl-])(<-[Cl-])(<-n1ccccc1C2)<-S(C)(C)=O,CCN12Cc3ccccn3->[Ru+2]<-1(<-[Cl-])(<-[Cl-])(<-n1ccccc1C2)<-S(C)(C)=O,CCN12Cc3ccccn3->[Ru+2]<-1(<-[Cl-])(<-[Cl-])(<-n1ccccc1C2)<-S(C)(C)=O
MITZAS,,C24 H29 Cl1 Rh1 Se2 1+,1.0,Cc12->[Rh+3]3456(<-[Cl-])(<-[Se](CC[Se]->3c3ccccc3)c3ccccc3)<-c1(C)c->4(C)[c-]->5(C)c->62C,C=C.Cc12->[Rh+5]345(<-[Cl-])(<-[Se-]c6ccccc6)(<-[Se-]c6ccccc6)<-c1(C)c->3(C)[c-]->4(C)c->52C,C=C.Cc12->[Rh+5]345(<-[Cl-])(<-[Se-]c6ccccc6)(<-[Se-]c6ccccc6)<-c1(C)c->3(C)[c-]->4(C)c->52C
MIVSOB,CC1/C=C(\C)[O-]->[Pt@@+2]2(<-N=1)<-[C]1N(C)C=CN1c1ccc(Br)c[c-]->21,C15 H16 Br1 N3 O1 Pt1,0.0,CC1=CC(C)=N->[Pt+2]2(<-[O-]1)<-[C]1N(C)C=CN1c1ccc(Br)c[c-]->21,CC1=CC(C)=N->[Pt+2]2(<-[O-]1)<-[C]1N(C)C=CN1c1ccc(Br)c[c-]->21,CC1=CC(C)=N->[Pt+2]2(<-[O-]1)<-[C]1N(C)C=CN1c1ccc(Br)c[c-]->21
MIWFAB,,C26 H26 N2 O5 Ru1 S1,0.0,CC(C)c12->[Ru+2]34567(<-O)(<-[O-]c8ccc9ccccc9c8N=N->3c3ccc(S(=O)(=O)[O-])cc3)<-c(c->41)c->5(C)c->6c->72,CC(C)c12->[Ru+4]34567(<-O)(<-[O-]c8ccc9ccccc9c8N=N->3c3ccc(S([O-])([O-])[O-])cc3)<-c(c->41)c->5(C)c->6c->72,CC(C)c12->[Ru+4]3456(<-O)(<-[O-]c7ccc8ccccc8c7N=N->3c3ccc(S([O-])([O-])[O-])cc3)<-c1c->4c->5(C)c->6c2
MIXJOV,,C34 H27 Br2 N1 O1 P2 Pd1,0.0,N#Cc1ccc(C(=O)[CH-]2[P+](CP(c3ccccc3)(c3ccccc3)->[Pd+2]<-2(<-[Br-])<-[Br-])(c2ccccc2)c2ccccc2)cc1,N#Cc1ccc(C(=O)[CH-]2[P+](CP(c3ccccc3)(c3ccccc3)->[Pd+2]<-2(<-[Br-])<-[Br-])(c2ccccc2)c2ccccc2)cc1,N#Cc1ccc(C2(=O)[CH-]3[P+](CP(c4ccccc4)(c4ccccc4)->[Pd+2]<-3<-2(<-[Br-])<-[Br-])(c2ccccc2)c2ccccc2)cc1
MIYCIJ,C1=CC2=C/[O-]->[Pd@OH1+2]3(<-[CH-]4[C@@H]5CC[C@@H](C5)[C@H]4c4c(\N->3=C/2C=C1)ccc1ccccc41)<-P(c1ccco1)(c1ccco1)c1ccco1,C36 H30 N1 O4 P1 Pd1,0.0,C1=O->[Pd+2]2(<-[CH-]3C4CCC(C4)C3c3c([N-]->2c2ccccc21)ccc1ccccc31)<-P(c1ccco1)(c1ccco1)c1ccco1,C1=CC2=C[O-]->[Pd+2]3(<-[CH-]4C5CCC(C5)C4c4c(N->3=C2C=C1)ccc1ccccc41)<-P(c1ccco1)(c1ccco1)c1ccco1,C1=CC2=C[O-]->[Pd+2]3(<-[CH-]4C5CCC(C5)C4c4c(N->3=C2C=C1)ccc1ccccc41)<-P(c1ccco1)(c1ccco1)c1ccco1
MIYTUK,CCC1/N=C2/c3c(F)c(F)c(F)c(F)c3C(=O)[N-]2->[Ni+2]2(<-N=1)<-N=C(CC)/N=C1/c3c(F)c(F)c(F)c(F)c3C(=O)[N-]->21,C22 H12 F8 N6 Ni1 O2,0.0,CCC1N=C2c3c(F)c(F)c(F)c(F)c3C(=O)[N-]2->[Ni+2]2(<-N=1)<-N=C(CC)N=C1c3c(F)c(F)c(F)c(F)c3C(=O)[N-]->21,CCC1=NC2=N(->[Ni+2]3(<-[NH-]1)<-[NH-]C(CC)=NC1=N->3C(=O)c3c(F)c(F)c(F)c(F)c31)C(=O)c1c(F)c(F)c(F)c(F)c12,CCC1=NC2=N(->[Ni+2]3(<-[NH-]1)<-[NH-]C(CC)=NC1=N->3C(=O)c3c(F)c(F)c(F)c(F)c31)C(=O)c1c(F)c(F)c(F)c(F)c12
MIZVOJ,,C26 H27 Cl1 N2 O2 Ru1,0.0,CCOC(=O)c1ccc2N3C=C4C=CC=CN4[C]3->[Ru+2]34567(<-[Cl-])(<-[c-]2c1)<-c1c->3c->4(C(C)C)c->5c->6c->71C,CCOC(=O)c1ccc2N3C=C4C=CC=CN4[C]3->[Ru+2]34567(<-[Cl-])(<-[c-]2c1)<-c1c->3c->4(C(C)C)c->5c->6c->71C,CCOC(=O)c1ccc2N3C=C4C=CC=CN4[C]3->[Ru+2]34567(<-[Cl-])(<-[c-]2c1)<-c1c->3c->4(C(C)C)c->5c->6c->71C
MOBSON,[Cl-]->[Pd+2]1(<-[Cl-])<-n2ccccc2-c2[nH]c3c4ccccc4c4ccccc4c3n->12,C20 H13 Cl2 N3 Pd1,0.0,[Cl-]->[Pd+2]1(<-[Cl-])<-n2ccccc2-c2[nH]c3c4ccccc4c4ccccc4c3n->12,[Cl-]->[Pd+2]1(<-[Cl-])<-n2ccccc2-c2[nH]c3c4ccccc4c4ccccc4c3n->12,[Cl-]->[Pd+2]1(<-[Cl-])<-n2ccccc2-c2[nH]c3c4ccccc4c4ccccc4c3n->12
MOCRIH,CN1c2ccccc2N(Cc2ccccc2C#N)[C]1->[Ag+]<-[C]1N(C)c2ccccc2N1Cc1ccccc1C#N,C32 H26 Ag1 N6 1+,1.0,CN1c2ccccc2N(Cc2ccccc2C#N)[C]1->[Ag+]<-[C]1N(C)c2ccccc2N1Cc1ccccc1C#N,CN1c2ccccc2N(Cc2ccccc2C#N)[C]1->[Ag+]<-[C]1N(C)c2ccccc2N1Cc1ccccc1C#N,CN1c2ccccc2N(Cc2ccccc2C#N)[C]1->[Ag+]1<-N#Cc2ccccc2CN2c3ccccc3N(C)[C]->12
MODVIN,,C14 H24 N3 O3 P2 Ru1 1+,1.0,CP(C)(C)->[Ru+]1(<-[C-]#[O+])(<-[C-]#[O+])(<-[C](=O)Nc2cccc(N)n->12)<-P(C)(C)C,CP(C)(C)->[Ru+2]1(<-[C-]#[O+])(<-[C-]#[O+])(<-[C-](=O)Nc2cccc(N)n->12)<-P(C)(C)C,CP(C)(C)->[Ru+2]1(<-[C-]#[O+])(<-[C-]#[O+])(<-[C-](=O)Nc2cccc(N)n->12)<-P(C)(C)C
MOGCEQ,,C28 H41 Si1 Ta1,0.0,CC1(C)[CH2-]->[TaH+4]23456789(<-[c-]%10ccccc%101)(<-c1c->2c->3([Si](C)(C)C)c->4[cH-]->51)<-c1(C)c->6(C)c->7(C)[c-]->8(C)c->91C,CC1(C)[CH2-]->[TaH+4]23456789(<-[c-]%10ccccc%101)(<-c1c->2c->3[c-]->4([Si](C)(C)C)c->51)<-c1(C)c->6(C)c->7(C)[c-]->8(C)c->91C,Cc1c(C)[c-]2(C)->[TaH+4]34(<-[CH2-]C(C)(C)c5cccc[c-]->35)(<-[cH-]3cccc3[Si](C)(C)C)<-c1(C)c->42C
MOHSAD,,C26 H28 N6 Ni1 O10,0.0,CO->[Ni+2](<-[O-][N+](=O)[O-])(<-[O-][N+](=O)[O-])(<-OC)(<-n1ccc(NC(=O)c2ccccc2)cc1)<-n1ccc(NC(=O)c2ccccc2)cc1,CO->[Ni+2](<-[O-][N+](=O)[O-])(<-[O-][N+](=O)[O-])(<-OC)(<-n1ccc(NC(=O)c2ccccc2)cc1)<-n1ccc(NC(=O)c2ccccc2)cc1,CO.CO.O=C(Nc1ccn(->[Ni+2](<-[O-][N+](=O)[O-])(<-[O-][N+](=O)[O-])<-n2ccc(NC(=O)c3ccccc3)cc2)cc1)c1ccccc1
MOJSAF,CCP(CC)(CC)->[Pt+2]1(<-[S-]/C=C\C=[C-]->1\[N+](=O)[O-])<-P(CC)(CC)CC,C16 H33 N1 O2 P2 Pt1 S1,0.0,CCP(CC)(CC)->[Pt+]1(<-[S-]C=CC=[C]->1[N+](=O)[O-])<-P(CC)(CC)CC,CCP(CC)(CC)->[Pt+2]1(<-[S-]C=CC=[C-]->1[N+](=O)[O-])<-P(CC)(CC)CC,CCP(CC)(CC)->[Pt+2]1(<-[S-]C=CC=[C-]->1[N+](=O)[O-])<-P(CC)(CC)CC
MOLQAF,F[C+]1[C-](F)[C+](F)[C-]([c-]2[c+]3[n-]4->[Zn@@+2]56<-[N-]7[CH+][CH-][CH-][CH-][C+]7Cn7[c+]([c-](-[c+]8[c+](F)[c+](F)[c+](F)[c-](F)[c+]8F)[c+]8[n-]->5[c-]([c+](-[c+]5[c+](F)[c+](F)[c-](F)[c-](F)[c-]5F)[c-]4[CH+][CH+]3)[CH-][CH-]8)[CH+][CH+][c-]7[c-]3[cH+][cH+][c-]2[n-]->63)[C-](F)[C-]1F,C43 H14 F15 N5 Zn1,0.0,Fc1c(F)c(F)c(-c2c3n4->[Zn+2]567<-n8ccccc8Cn->58c(ccc8c5ccc(c(-c8c(F)c(F)c(F)c(F)c8F)c4C=C3)[n-]->65)c(-c3c(F)c(F)c(F)c(F)c3F)c3ccc2[n-]->73)c(F)c1F,FC1=C(F)[C-](F)C(F)=C(F)C1=C1c2ccc3[n-]2->[Zn+4]245<-[N-]6C(=C[CH-]C6=C([c-]6[c+](F)[c-](F)[c+](F)[c-](F)[c+]6F)c6ccc1[n-]->26)c1ccc(n->41C[C+]1[CH+][CH+][CH+][CH-][N-]->51)C3=C1C(F)=C(F)[C-](F)C(F)=C1F,FC1=C(F)[C-](F)C(F)=C(F)C1=C1c2ccc3[n-]2->[Zn+4]245<-[N-]6C(=C[CH-]C6=C([c-]6[c+](F)[c-](F)[c+](F)[c-](F)[c+]6F)c6ccc1[n-]->26)c1ccc(n->41C[C+]1[CH+][CH+][CH+][CH-][N-]->51)C3=C1C(F)=C(F)[C-](F)C(F)=C1F
MOMSOW,,C29 H54 Ir1 O1 P1 Si1,0.0,C[Si](C)(C)[O-]->[Ir+]123(<-C4=C->1CCC->2=C->3CC4)<-P(C1CCCCC1)(C1CCCCC1)C1CCCCC1,C[Si](C)(C)[O-]->[Ir+]123(<-C4=C->1CCC->2=C->3C[C]4)<-P(C1CCCCC1)(C1CCCCC1)C1CCCCC1,C[Si](C)(C)[O-]->[Ir+]123(<-C4=C->1C1CC->2=C->3C1C4)<-P(C1CCCCC1)(C1CCCCC1)C1CCCCC1
MONSIT,C[O-]->[Fe+4]12(<-[Cl-])(<-[O-]C)<-n3cccc4ccc5ccc(-n6c(C)cc(C(F)(F)F)n->16)n->2c5c43,C19 H19 Cl1 F3 Fe1 N4 O2 1+,1.0,CO->[Fe+2]12(<-[Cl-])(<-OC)<-n3cccc4ccc5ccc(-n6c(C)cc(C(F)(F)F)n->16)n->2c5c43,C[O-]->[Fe+4]12(<-[Cl-])(<-[O-]C)<-n3cccc4ccc5ccc(-n6c(C)cc(C(F)(F)F)n->16)n->2c5c43,C[O-]->[Fe+4]12(<-[Cl-])(<-[O-]C)<-n3cccc4ccc5ccc(-n6c(C)cc(C(F)(F)F)n->16)n->2c5c43
MOPMUA,COC(=O)[C@@]12CN3Cc4ccccn4->[Cu+]4<-n5ccccc5[C@@H]1N(C)[C@H](c1ccccn->41)[C@](C(=O)OC)(C3)C2=O,C28 H29 Cu1 N5 O5 1+,1.0,COC(=O)C12CN34Cc5ccccn5->[Cu+]<-35<-n3ccccc3C(C(C(=O)OC)(C4)C1=O)N->5(C)C2c1ccccn1,COC(=O)C12CN34Cc5ccccn5->[Cu+]<-35<-n3ccccc3C(C(C(=O)OC)(C4)C1=O)N->5(C)C2c1ccccn1,COC(=O)C12CN34Cc5ccccn5->[Cu+]<-356<-n3ccccc3C1N->5(C)C(c1ccccn->61)C(C(=O)OC)(C4)C2=O
MOPVUK,Cc12->[Hf+4]3456789%10%11%12(<-[Cl-])(<-c1(C)c->3(C)[c-]->4(C)c->52C)<-c1(C)c->6(C)[c-]->7(C)c->82c->9(C)[c-]->%10(C)c->%11(C)c->%1212,C24 H33 Cl1 Hf1,0.0,CC12->[Hf+2]3456789%10%11%12(<-[Cl-])(<-C%13(C)=C->3(C)C->4(=C->51C)C->6(=C->7%13C)C->8=2C)<-c1(C)c->9(C)c->%10(C)[c-]->%11(C)c->%121C,Cc12->[Hf+4]3456789%10%11%12(<-[Cl-])(<-c1(C)c->3(C)[c-]->4(C)c->52C)<-c1(C)c->6(C)[c-]->7(C)c->82c->9(C)[c-]->%10(C)c->%11(C)c->%1212,Cc1c(C)c2(C)->[Hf+4]34567(<-[Cl-])(<-c8(C)c->3(C)c->4(C)[c-]->5(C)c->68C)<-[c-]3(C)c(C)c(C)c1[c-]->723
MOQPUD,CO[C@H]1O[C@@H](OC)[C-]2(C)->[Mo+4]345(<-[C-]#[O+])(<-[C-]#[O+])(<-[CH-]1[CH-]->32)<-n1cccn1[BH-](n1cccn->41)n1cccn->51,C19 H23 B1 Mo1 N6 O5,0.0,fail,COC1OC(OC)C2(C)->[Mo+2]345(<-[C-]#[O+])(<-[C-]#[O+])(<-C=2[CH-]->31)<-n1cccn1[BH-](n1cccn->41)n1cccn->51,COC1OC(OC)C2(C)->[Mo+2]345(<-[C-]#[O+])(<-[C-]#[O+])(<-C=2[CH-]->31)<-n1cccn1[BH-](n1cccn->41)n1cccn->51
MORKAH,CNC(=O)c1cccc(C(C)C)c1/N1=C(C)/C(C)=N(/c2c(C(C)C)cccc2C(C)C)->[Pd+2]<-1(<-[Cl-])<-[Cl-],C27 H37 Cl2 N3 O1 Pd1,0.0,CNC(=O)c1cccc(C(C)C)c1N1=C(C)C(C)=N(c2c(C(C)C)cccc2C(C)C)->[Pd+2]<-1(<-[Cl-])<-[Cl-],CNC(=O)c1cccc(C(C)C)c1N1=C(C)C(C)=N(c2c(C(C)C)cccc2C(C)C)->[Pd+2]<-1(<-[Cl-])<-[Cl-],CNC(=O)c1cccc(C(C)C)c1N1=C(C)C(C)=N(c2c(C(C)C)cccc2C(C)C)->[Pd+2]<-1(<-[Cl-])<-[Cl-]
MOSPOZ,CC(C)(C)[C@@H]1[C@@]2([O-]->[Ti+4]3456789%10(<-[Cl-])(<-c%11c->3c->4[c-]->51c->6%11)<-c1(C)c->7(C)c->8(C)[c-]->9(C)c->%101C)C[C@H]1CC[C@]2(C)C1(C)C,C30 H45 Cl1 O1 Ti1,0.0,CC(C)(C)C1C2([O-]->[Ti+4]3456789%10(<-[Cl-])(<-c%11c->3[cH-]->4c->51c->6%11)<-c1(C)c->7(C)c->8(C)[c-]->9(C)c->%101C)CC1CCC2(C)C1(C)C,CC(C)(C)C1C2([O-]->[Ti+4]3456789%10(<-[Cl-])(<-c%11c->3c->4[c-]->51c->6%11)<-c1(C)c->7(C)c->8(C)[c-]->9(C)c->%101C)CC1CCC2(C)C1(C)C,CC(C)(C)C1[c-]2cccc2->[Ti+4]2345(<-[Cl-])(<-[O-]C16CC1CCC6(C)C1(C)C)<-c1(C)c->2(C)c->3(C)[c-]->4(C)c->51C
MOTWEY,CCN1(CC)C(C)(C)/C2=N(/c3c(C)cccc3C)->[Ni+2]<-2<-1(<-[Br-])<-[Br-],C16 H26 Br2 N2 Ni1,0.0,CCN1(CC)C(C)(C)C=N(c2c(C)cccc2C)->[Ni+2]<-1(<-[Br-])<-[Br-],CCN1(CC)C(C)(C)C=N(c2c(C)cccc2C)->[Ni+2]<-1(<-[Br-])<-[Br-],CCN1(CC)C(C)(C)C=N(c2c(C)cccc2C)->[Ni+2]<-1(<-[Br-])<-[Br-]
MOVQIX,,C16 H16 N6 Ni1 O4 S4,0.0,Cc1cnc([N-]2C(=O)c3sccn3->[Ni+2]<-23(<-O)(<-O)<-n2ccsc2C(=O)[N-]->3c2ncc(C)s2)s1,Cc1cnc([N-]2C(=O)c3sccn3->[Ni+2]<-23(<-O)(<-O)<-n2ccsc2C(=O)[N-]->3c2ncc(C)s2)s1,Cc1cnc([N-]2->[Ni+2]3(<-O)(<-n4ccsc4C2=O)<-n2ccsc2C(=O)[N-]->3c2ncc(C)s2)s1.O
MOWGUA,,C32 H24 I2 N2 Zr1,0.0,[I-]->[Zr+4]12345678(<-[I-])(<-c9[cH-]->1c->2(-c1ccccc1)n->3c->49-c1ccccc1)<-c1[cH-]->5c->6(-c2ccccc2)n->7c->81-c1ccccc1,[I-]->[Zr+4]12345678(<-[I-])(<-c9c->1c->2(-c1ccccc1)[n-]->3c->49-c1ccccc1)<-c1c->5c->6(-c2ccccc2)[n-]->7c->81-c1ccccc1,[I-]->[Zr+4]12(<-[I-])(<-[n-]3c(-c4ccccc4)ccc3-c3ccccc3)<-[n-]3c->1(-c1ccccc1)ccc->23-c1ccccc1
MOWSUM,,C26 H31 Cl1 Zr1,0.0,CC(C)(C)c12->[ZrH+3]3456789(<-[Cl-])(<-c1[cH-]->3c->41ccccc->521)<-c1[cH-]->6c->72ccccc->82c->91C(C)(C)C,CC(C)(C)c12->[ZrH+3]3456789(<-[Cl-])(<-c([cH-]->31)c->41ccccc->521)<-c1[cH-]->6c->7(C(C)(C)C)c->82ccccc->912,CC(C)(C)c12->[ZrH+3]3456789(<-[Cl-])(<-c([cH-]->31)c->41ccccc->521)<-c1[cH-]->6c->7(C(C)(C)C)c->82ccccc->912
MOXKER,O->[Ni+2]12(<-[Br-])(<-[Br-])<-N(c3c(C4CCCCC4)cccc3C3CCCCC3)=C->13CCCc1cccn->2c13,C27 H36 Br2 N2 Ni1 O1,0.0,O->[Ni+2]1(<-[Br-])(<-[Br-])<-N(=C2CCCc3cccn->1c32)c1c(C2CCCCC2)cccc1C1CCCCC1,O->[Ni+2]1(<-[Br-])(<-[Br-])<-N(=C2CCCc3cccn->1c32)c1c(C2CCCCC2)cccc1C1CCCCC1,O->[Ni+2]1(<-[Br-])(<-[Br-])<-N(=C2CCCc3cccn->1c32)c1c(C2CCCCC2)cccc1C1CCCCC1
MOYVEB,CC1=O->[Fe+2]234(<-[O-]1)<-n1ccccc1CN->21CCCN->3(Cc2ccccn->42)CCC1,C20 H27 Fe1 N4 O2 1+,1.0,CC(=O)[O-]->[Fe+2]123<-n4ccccc4CN->14CCCN->2(Cc1ccccn->31)CCC4,CC(=O)[O-]->[Fe+2]123<-n4ccccc4CN->14CCCN->2(Cc1ccccn->31)CCC4,CC12=O->[Fe+2]<-1345(<-[O-]2)<-n1ccccc1CN->31CCCN->4(Cc2ccccn->52)CCC1
MOZLIW,,C24 H38 Hg1 N2 O10 S2,0.0,CCOC(=O)C1CC2C(CC1C(=O)OCC)O1->[Hg+2]3456(<-[S-]C#N)(<-[S-]C#N)<-O(CCO->3CCO->4CC1)CCO->5CCO->62,CCOC(=O)C1CC2OCCOCCOCCOCCOCCOC2CC1C(=O)OCC.N#C[S-]->[Hg+2]<-[S-]C#N,CCOC(=O)C1CC2OCCOCCOCCOCCOCCOC2CC1C(=O)OCC.N#C[S-]->[Hg+2]<-[S-]C#N
MTXPMN,[O+]#[C-]->[Mn+]1(<-[C-]#[O+])(<-[C-]#[O+])(<-[S-][C]->1N1C#C1)<-[P@TB5](c1ccccc1)(c1ccccc1)c1ccccc1,C24 H21 Mn1 N1 O3 P1 S1,0.0,CN(C)[C]1[S-]->[Mn+]<-1(<-[C-]#[O+])(<-[C-]#[O+])(<-[C-]#[O+])<-P(c1ccccc1)(c1ccccc1)c1ccccc1,[C]=[N+]([C-3])[C-](=S)->[Mn+3](<-[C-]#[O+])(<-[C-]#[O+])(<-[C-]#[O+])<-P(c1ccccc1)(c1ccccc1)c1ccccc1,[O+]#[C-]->[Mn+](<-[C-]#[O+])(<-[C-]#[O+])(<-[C]([S-])N1C#C1)<-P(c1ccccc1)(c1ccccc1)c1ccccc1
MUCDAP,CO->[Mo+6]12(<-[O-2])(<-[O-2])<-[O-]CC/N->1=C/c1ccccc1[O-]->2,C10 H13 Mo1 N1 O5,0.0,CO->[Mo+6]12(<-[O-2])(<-[O-2])<-[O-]CCN->1=Cc1ccccc1[O-]->2,CO->[Mo+6]12(<-[O-2])(<-[O-2])<-[O-]CCN->1=Cc1ccccc1[O-]->2,CO->[Mo+6]12(<-[O-2])(<-[O-2])<-[O-]CCN->1=Cc1ccccc1[O-]->2
MUDBOE,Cc1cccc2[O-]->[Ti+4]3(<-[O-]c4cccc(C)n->34)(<-n12)(<-[N-](C)C)<-[N-](C)C,C16 H24 N4 O2 Ti1,0.0,Cc1cccc2[O-]->[Ti+4]3(<-[O-]c4cccc(C)n->34)(<-n12)(<-[N-](C)C)<-[N-](C)C,Cc1cccc2[O-]->[Ti+4]3(<-[O-]c4cccc(C)n->34)(<-n12)(<-[N-](C)C)<-[N-](C)C,Cc1cccc2[O-]->[Ti+4]3(<-[O-]c4cccc(C)n->34)(<-n12)(<-[N-](C)C)<-[N-](C)C
MUFHEC,C/C1=C/C(C)=N2/N=C(\[O-]->[V+5]<-23(<-[O-2])(<-[O-]1)<-[O-]c1cccc2cccn->3c12)C(C)(C)C,C19 H22 N3 O4 V1,0.0,CC1=CC(C)=N2N=C([O-]->[V+5]<-23(<-[O-2])(<-[O-]1)<-[O-]c1cccc2cccn->3c12)C(C)(C)C,CC1=CC(C)=N2N=C([O-]->[V+5]<-23(<-[O-2])(<-[O-]1)<-[O-]c1cccc2cccn->3c12)C(C)(C)C,CC1=CC(C)=N2N=C([O-]->[V+5]<-23(<-[O-2])(<-[O-]1)<-[O-]c1cccc2cccn->3c12)C(C)(C)C
MUHDIE,,C18 H16 Mo1 S8,0.0,CSC1=C(SC)SC(=C2SC3[S-]->[Mo+4]456789%10%11(<-[S-]C=3S2)(<-c2c->4c->5[cH-]->6c->72)<-c2c->8c->9[cH-]->%10c->%112)S1,CSC1=C(SC)SC(=C2SC3=S->[Mo+2]456789%10%11(<-S=C3S2)(<-c2c->4c->5[cH-]->6c->72)<-c2c->8c->9[cH-]->%10c->%112)S1,CSC1=C(SC)SC(=C2SC3=S->[Mo+2]456789%10%11(<-S=C3S2)(<-c2c->4c->5[cH-]->6c->72)<-c2c->8c->9[cH-]->%10c->%112)S1
MUHWER,,C36 H44 N4 Ni1,0.0,CCC1=C(CC)c2cc3c(CC)c(CC)c4cc5n6->[Ni+2]7(<-n2c1ccc1c(CC)c(CC)c(c6C(CC)=C5CC)[n-]->71)<-[n-]34,CCC1=C(CC)c2cc3c(CC)c(CC)c4cc5n6->[Ni+2]7(<-n2c1ccc1c(CC)c(CC)c(c6C(CC)=C5CC)[n-]->71)<-[n-]34,CCC1=C(CC)c2cc3c(CC)c(CC)c4cc5n6->[Ni+2]7(<-n2c1ccc1c(CC)c(CC)c(c6C(CC)=C5CC)[n-]->71)<-[n-]34
MUJNUB,C1=C/C2=C3\C(c4ccccc4)=CC(c4ccccc4)=N3->[Rh+]345(<-C6=C->3/CC/C->4=C->5\CC\6)<-[N-]2C=C1,C29 H27 N2 Rh1,0.0,c1ccc(-c2cc(-c3ccccc3)[n-]3->[Rh+]456(<-C7=C->4CCC->5=C->6CC7)<-n4ccccc4-c23)cc1,c1ccc(-c2cc(-c3ccccc3)[n-]3->[Rh+]456(<-C7=C->4CCC->5=C->6CC7)<-n4ccccc4-c23)cc1,c1ccc(-c2cc(-c3ccccc3)[n-]3->[Rh+]456(<-C7=C->4CCC->5=C->6CC7)<-n4ccccc4-c23)cc1
MULVEV,CC(C)(C)P(c1ccccc1-c1ccccc1)(->[Au@SP1+]1<-C=C->12CCCCC2)C(C)(C)C,C27 H39 Au1 P1 1+,1.0,CC(C)(C)P(c1ccccc1-c1ccccc1)(->[Au+]1<-C=C->12CCCCC2)C(C)(C)C,CC(C)(C)P(c1ccccc1-c1ccccc1)(->[Au+]1<-C=C->12CCCCC2)C(C)(C)C,CC(C)(C)P(c1ccccc1-c1ccccc1)(->[Au+]1<-C=C->12CCCCC2)C(C)(C)C
MUMGUW,Cc1cc(C)n2->[Re+]3(<-[C-]#[O+])(<-[C-]#[O+])(<-[C-]#[O+])<-NCCS->3CCn12,C12 H17 N3 O3 Re1 S1 1+,1.0,Cc1cc(C)n2->[Re+]3(<-[C-]#[O+])(<-[C-]#[O+])(<-[C-]#[O+])<-NCCS->3CCn12,Cc1cc(C)n2->[Re+]3(<-[C-]#[O+])(<-[C-]#[O+])(<-[C-]#[O+])<-NCCS->3CCn12,Cc1cc(C)n2->[Re+]3(<-[C-]#[O+])(<-[C-]#[O+])(<-[C-]#[O+])<-NCCS->3CCn12
MUPKEP,CN(C)C(N(C)C)=N1c2ccc3nc(N(C)C)nc4c3c2C(=[N+](=C(N(C)C)N(C)C)->[Cu+]<-1<-[I-])C=C4,C23 H34 Cu1 I1 N9 1+,1.0,CN(C)C(N(C)C)=N1c2ccc3nc(N(C)C)nc4c3c2C(=N([C+](N(C)C)N(C)C)->[Cu+]<-1<-[I-])C=C4,CN(C)C(N(C)C)=N1c2ccc3nc(N(C)C)nc4c3c2C(=[N+](=C(N(C)C)N(C)C)->[Cu+]<-1<-[I-])C=C4,CN(C)C(N(C)C)=N1c2ccc3nc(N(C)C)nc4c3c2C(=[N+](=C(N(C)C)N(C)C)->[Cu+]<-1<-[I-])C=C4
MUQYUU,,C30 H29 Cl1 N2 Ru1 S1,0.0,CC(C)c12->[Ru+2]34567(<-[Cl-])(<-[C]8N(c9scc[c-]->39)C=CN8C(c3ccccc3)c3ccccc3)<-c(c->41)c->5(C)c->6c->72,CC(C)c12->[Ru+2]34567(<-[Cl-])(<-[C]8N(c9scc[c-]->39)C=CN8C(c3ccccc3)c3ccccc3)<-c(c->41)c->5(C)c->6c->72,CC(C)c12->[Ru+2]34567(<-[Cl-])(<-[C]8N(c9scc[c-]->39)C=CN8C(c3ccccc3)c3ccccc3)<-c(c->41)c->5(C)c->6c->72
MURMIW,,C41 H31 Ir1 N3 O1 P1,0.0,O=C=[N-]->[Ir+3]12(<-[c-]3ccccc3-c3ccccn->13)(<-[c-]1ccccc1-c1ccccn->21)<-P(c1ccccc1)(c1ccccc1)c1ccccc1,O=C=[N-]->[Ir+3]12(<-[c-]3ccccc3-c3ccccn->13)(<-[c-]1ccccc1-c1ccccn->21)<-P(c1ccccc1)(c1ccccc1)c1ccccc1,O=C=[N-]->[Ir+3]12(<-[c-]3ccccc3-c3ccccn->13)(<-[c-]1ccccc1-c1ccccn->21)<-P(c1ccccc1)(c1ccccc1)c1ccccc1
MUSQUM,[Cl-]->[Ni+2]1(<-[Cl-])<-n2cccc3cccc(OCCCOc4cccc5cccn->1c45)c32,C21 H18 Cl2 N2 Ni1 O2,0.0,[Cl-]->[Ni+2]123(<-[Cl-])<-n4cccc5cccc(O->1CCCO->2c1cccc2cccn->3c12)c54,[Cl-]->[Ni+2]123(<-[Cl-])<-n4cccc5cccc(O->1CCCO->2c1cccc2cccn->3c12)c54,[Cl-]->[Ni+2]1(<-[Cl-])<-n2cccc3cccc(OCCCOc4cccc5cccn->1c45)c32
MUTYAC,[I-]->[Zn+2](<-[I-])(<-[I-])<-N12CN3CN(CN(C3)C1)C2,C6 H12 I3 N4 Zn1 1-,-1.0,[I-]->[Zn+2](<-[I-])(<-[I-])<-N12CN3CN(CN(C3)C1)C2,[I-]->[Zn+2](<-[I-])(<-[I-])<-N12CN3CN(CN(C3)C1)C2,C1N2CN3CN1CN(C2)C3.[I-]->[Zn+2](<-[I-])<-[I-]
MUVPAW,CCO[C](c1cccn1C)->[W](<-[C-]#[O+])(<-[C-]#[O+])(<-[C-]#[O+])(<-[C-]#[O+])<-[As](c1ccccc1)(c1ccccc1)c1ccccc1,C30 H26 As1 N1 O5 W1,0.0,CCO[C-2](c1cccn1C)->[W+2](<-[C-]#[O+])(<-[C-]#[O+])(<-[C-]#[O+])(<-[C-]#[O+])<-[As](c1ccccc1)(c1ccccc1)c1ccccc1,CCO[C](c1cccn1C)->[W](<-[C-]#[O+])(<-[C-]#[O+])(<-[C-]#[O+])(<-[C-]#[O+])<-[As](c1ccccc1)(c1ccccc1)c1ccccc1,CCO[C](c1cccn1C)->[W](<-[C-]#[O+])(<-[C-]#[O+])(<-[C-]#[O+])(<-[C-]#[O+])<-[As](c1ccccc1)(c1ccccc1)c1ccccc1
MUYTAD,CC(C)(C)P1(CCP(C(C)(C)C)(C(C)(C)C)->[Ni+2]<-12<-[O-][C-]->21CCCCC1)C(C)(C)C,C24 H50 Ni1 O1 P2,0.0,CC(C)(C)P1(CCP(C(C)(C)C)(C(C)(C)C)->[Ni+2]<-12<-[O-][C-]->21CCCCC1)C(C)(C)C,CC(C)(C)P1(CCP(C(C)(C)C)(C(C)(C)C)->[Ni]<-12<-O=C->21CCCCC1)C(C)(C)C,CC(C)(C)P1(CCP(C(C)(C)C)(C(C)(C)C)->[Ni]<-12<-O=C->21CCCCC1)C(C)(C)C
NABCAU,[Cl-]->[Zn+2]12<-n3ccccc3CN(Cc3ccccn->13)Cc1ccccn->21,C18 H18 Cl1 N4 Zn1 1+,1.0,[Cl-]->[Zn+2]123<-n4ccccc4CN->1(Cc1ccccn->21)Cc1ccccn->31,[Cl-]->[Zn+2]123<-n4ccccc4CN->1(Cc1ccccn->21)Cc1ccccn->31,[Cl-]->[Zn+2]123<-n4ccccc4CN->1(Cc1ccccn->21)Cc1ccccn->31
NABNAI,O=C(N/N1=C/c2ccccn2->[Zn+2]<-1(<-[Cl-])<-[Cl-])c1ccncc1,C12 H10 Cl2 N4 O1 Zn1,0.0,[Cl-]->[Zn+2]12(<-[Cl-])<-O=C(NN->1=Cc1ccccn->21)c1ccncc1,[Cl-]->[Zn+2]12(<-[Cl-])<-O=C(NN->1=Cc1ccccn->21)c1ccncc1,[Cl-]->[Zn+2]12(<-[Cl-])<-O=C(NN->1=Cc1ccccn->21)c1ccncc1
NACPAI,C[C-]1[CH+][CH-][C@H]([C]2[O-]->[Ta+5]<-2(<-[Cl-])(<-[Cl-])(<-P(C)(C)C)<-P(C)(C)C)[CH-]1,C13 H25 Cl2 O1 P2 Ta1,0.0,Cc12->[Ta+3]345(<-[Cl-])(<-[Cl-])(<-[C-]#[O+])(<-c(c->31)[cH-]->4c->52)(<-P(C)(C)C)<-P(C)(C)C,C[c-]12->[Ta+3]345(<-[Cl-])(<-[Cl-])(<-[C-]#[O+])(<-c(c->3c->41)c->52)(<-P(C)(C)C)<-P(C)(C)C,CC1=CC([C-](=O)->[Ta+3](<-[Cl-])(<-[Cl-])(<-P(C)(C)C)<-P(C)(C)C)C=C1
NADPAM,Cc12->[Zr+4]3456789%10(<-[CH3-])<-c1c->31c(-c3ccccc3)cccc->41[c-]->52[Si](C)(C)[c-]->61c->7(C)c->8c->92c(-c3ccccc3)cccc->%1021,C35 H33 Si1 Zr1 1+,1.0,Cc12->[Zr+4]3456789%10(<-[CH3-])<-[cH-]1c->31c(-c3ccccc3)cccc->41c->52[Si](C)(C)c->61c->7(C)[cH-]->8c->92c(-c3ccccc3)cccc->%1012,Cc12->[Zr+4]3456789%10(<-[CH3-])<-c1c->31c(-c3ccccc3)cccc->41[c-]->52[Si](C)(C)[c-]->61c->7(C)c->8c->92c(-c3ccccc3)cccc->%1021,Cc12->[Zr+4]3456789%10%11(<-[CH3-])<-c%12ccccc%12-c%12cccc->3%13c->4%12c->5c->6(C)[c-]->7%13[Si](C)(C)[c-]->81c->91cccc(-c3ccccc3)c->%101c->%112
NAFJAG,CC(C)N([C](C(C)(C)C)->[Rh+]123(<-[Cl-])<-C4=C->1/CC/C->2=C->3\CC\4)C(C)C,C19 H35 Cl1 N1 Rh1,0.0,CC(C)N([C](C(C)(C)C)->[Rh+]123(<-[Cl-])<-C4=C->1CCC->2=C->3CC4)C(C)C,CC(C)N([C](C(C)(C)C)->[Rh+]123(<-[Cl-])<-C4=C->1CCC->2=C->3CC4)C(C)C,CC(C)N([C](C(C)(C)C)->[Rh+]123(<-[Cl-])<-C4=C->1CCC->2=C->3CC4)C(C)C
NAGDOP,,C36 H32 N1 O2 Ru1 1+,1.0,CC#N->[Ru+2]1234567(<-c8(C)c->1(C)c->2(C)[c-]->3(C)c->48C)<-c1(-c2ccccc2)c->5(-c2ccccc2)c->62c(=O)c3ccccc3c(=O)c->71=2,CC#N->[Ru+2]1234567(<-c8(C)c->1(C)c->2(C)[c-]->3(C)c->48C)<-c1(-c2ccccc2)c->5(-c2ccccc2)c->62c(=O)c3ccccc3c(=O)c->71=2,CC#N->[Ru+2]1234567(<-c8(C)c->1(C)c->2(C)[c-]->3(C)c->48C)<-c1(-c2ccccc2)c->5(-c2ccccc2)c->62c(=O)c3ccccc3c(=O)c->71=2
NAGXOJ,CCOC(=O)CN(c1cccc[c-]1->[Pd+2]1(<-[I-])<-N(C)(C)[C@@H]2CCCC[C@H]2N->1(C)C)S(=O)(=O)C(F)(F)F,C21 H33 F3 I1 N3 O4 Pd1 S1,0.0,CCOC(=O)CN(c1cccc[c-]1->[Pd+2]1(<-[I-])<-N(C)(C)C2CCCCC2N->1(C)C)S(=O)(=O)C(F)(F)F,CCOC(=O)CN(c1cccc[c-]1->[Pd+2]1(<-[I-])<-N(C)(C)C2CCCCC2N->1(C)C)S(=O)(=O)C(F)(F)F,CCOC(=O)CN1c2cccc[c-]2->[Pd+2]23(<-[I-])(<-O=S->21(=O)C(F)(F)F)<-N(C)(C)C1CCCCC1N->3(C)C
NAHNOB,C[SiH](C)[N-]([SiH](C)C)->[Sc+3]12345678(<-[H][BH-]->1([H]->2)[N+](C)(C)[BH2-]N->3(C)C)<-[H][BH-]->4([H]->5)[N+](C)(C)[BH-]->6([H]->7)N->8(C)C,C12 H48 B4 N5 Sc1 Si2,0.0,C[SiH](C)[N-]([SiH](C)C)->[Sc+3]1234(<-[H][BH-]([H]->1)[N+](C)(C)[BH2-]N->2(C)C)<-[H][BH-]([H]->3)[N+](C)(C)[BH2-]N->4(C)C,[BH3-][N+](C)(C)[BH2-]N(C)(C)->[ScH+2]1(<-B[N+](C)(C)[BH2-]N->1(C)C)<-[N-]([SiH](C)C)[SiH](C)C,B[N+](C)(C)[BH2-]N(C)(C)->[ScH2+](<-[N-]([SiH](C)C)[SiH](C)C)<-N(C)(C)[BH2-][N+](B)(C)C
NAKBOQ,C[C-]1C=CC(=[C-]2[As](c3ccccc3)(c3ccccc3)->[W+4]<-23456(<-[C-]#[O+])(<-[C-]#[O+])<-c2c->3c->4[cH-]->5c->62)C=C1,C27 H22 As1 O2 W1 1+,1.0,Cc1ccc([C-2]2[As](c3ccccc3)(c3ccccc3)->[W+4]<-23456(<-[C-]#[O+])(<-[C-]#[O+])<-c2c->3c->4[cH-]->5c->62)cc1,Cc1ccc([C]([As](c2ccccc2)c2ccccc2)->[W+2]2345(<-[C-]#[O+])(<-[C-]#[O+])<-c6c->2c->3[cH-]->4c->56)cc1,Cc1ccc([C]([As](c2ccccc2)c2ccccc2)->[W+2]2345(<-[C-]#[O+])(<-[C-]#[O+])<-c6c->2c->3[cH-]->4c->56)cc1
NAKVUR,CO/C([O-])=C1C(=C(/[O-])OC)\P(c2ccccc2)(c2ccccc2)->[Re+]2(<-[C-]#[O+])(<-[C-]#[O+])(<-[C-]#[O+])<-N3=c4c(ccc5c4=[N+]->2=CC=C5)C=C[C@H]\13,C33 H24 N2 O7 P1 Re1,0.0,COC(=O)C1=C(C(=O)OC)P(c2ccccc2)(c2ccccc2)->[Re+]2(<-[C-]#[O+])(<-[C-]#[O+])(<-[C-]#[O+])<-n3cccc4ccc5c(c43)[N-]->2C1C=C5,COC(=O)C1=C(C(=O)OC)P(c2ccccc2)(c2ccccc2)->[Re-]2(<-[C-]#[O+])(<-[C-]#[O+])(<-[C-]#[O+])<-N3=c4c(ccc5c4=[N+]->2=CC=C5)C=CC13,COC(=O)C1=C(C(=O)OC)P(c2ccccc2)(c2ccccc2)->[Re-]2(<-[C-]#[O+])(<-[C-]#[O+])(<-[C-]#[O+])<-N3=c4c(ccc5c4=[N+]->2=CC=C5)C=CC13
NALVUR,[O+]#[C-]->[V-](<-[C-]#[O+])(<-[C-]#[O+])(<-[C-]#[O+])(<-[C-]#[O+])<-P(c1ccccc1)(c1ccccc1)c1ccccc1,C23 H15 O5 P1 V1 1-,-1.0,[O+]#[C-]->[V-](<-[C-]#[O+])(<-[C-]#[O+])(<-[C-]#[O+])(<-[C-]#[O+])<-P(c1ccccc1)(c1ccccc1)c1ccccc1,[O+]#[C-]->[V-](<-[C-]#[O+])(<-[C-]#[O+])(<-[C-]#[O+])(<-[C-]#[O+])<-P(c1ccccc1)(c1ccccc1)c1ccccc1,[O+]#[C-]->[V-](<-[C-]#[O+])(<-[C-]#[O+])(<-[C-]#[O+])(<-[C-]#[O+])<-P(c1ccccc1)(c1ccccc1)c1ccccc1
NANFUF,CC(=O)[O-]->[Pd@OH2+2]12<-N3=C(c4ccccc4[N-]->1c1ccccc1S->2C)OCC3(C)C,C20 H22 N2 O3 Pd1 S1,0.0,CC(=O)[O-]->[Pd+2]12<-N3=C(c4ccccc4[N-]->1c1ccccc1S->2C)OCC3(C)C,CC(=O)[O-]->[Pd+2]12<-N(=C3C=CC=CC3=C3OCC(C)(C)[N-]->13)c1ccccc1S->2C,CC(=O)[O-]->[Pd+2]12<-N(=C3C=CC=CC3=C3OCC(C)(C)[N-]->13)c1ccccc1S->2C
NANYEG,c1ccc(P2(CCP(c3ccccc3)(c3ccccc3)->[Ru+2]<-23456(<-[C]2CCCO2)<-c2c->3c->4[cH-]->5c->62)c2ccccc2)cc1,C35 H35 O1 P2 Ru1 1+,1.0,c1ccc(P2(CCP(c3ccccc3)(c3ccccc3)->[Ru+4]<-23456(<-[C-2]2CCCO2)<-c2c->3c->4[cH-]->5c->62)c2ccccc2)cc1,c1ccc(P2(CCP(c3ccccc3)(c3ccccc3)->[Ru+2]<-23456(<-[C]2CCCO2)<-c2c->3c->4[cH-]->5c->62)c2ccccc2)cc1,c1ccc(P2(CCP(c3ccccc3)(c3ccccc3)->[Ru+2]<-23456(<-[C]2CCCO2)<-c2c->3c->4[cH-]->5c->62)c2ccccc2)cc1
NAPZOU,O=N([O-])->[Ru+2]123(<-n4ccccc4-c4cccc(-c5ccccn->15)n->24)<-n1ccccc1-c1oc2ccccc2n->31,C27 H19 N6 O3 Ru1 1+,1.0,O=[N+](=O)->[Ru]123(<-n4ccccc4-c4cccc(-c5ccccn->15)n->24)<-n1ccccc1-c1oc2ccccc2n->31,O=N([O-])->[Ru+2]123(<-n4ccccc4-c4cccc(-c5ccccn->15)n->24)<-n1ccccc1-c1oc2ccccc2n->31,O=N([O-])->[Ru+2]123(<-n4ccccc4-c4cccc(-c5ccccn->15)n->24)<-n1ccccc1-c1oc2ccccc2n->31
NARLEY,CC#N->[Ir+]123(<-N#CC)<-C4=c5\ccccc5=C->1(c1cccc5ccccc15)/C->2=c1/cccc\c1=C->3\4,C30 H24 Ir1 N2 1+,1.0,CC#N->[Ir+]123(<-N#CC)<-C4=C->1c1ccccc1C->2(c1cccc2ccccc12)=C->3c1ccccc14,CC#N->[Ir+]123(<-N#CC)<-C4=C->1c1ccccc1C->2(c1cccc2ccccc12)=C->3c1ccccc14,CC#N->[Ir+]123(<-N#CC)<-C4=C->1c1ccccc1C->2(c1cccc2ccccc12)=C->3c1ccccc14
NASKUO,CNC(=O)c1ccccc1[S-]->[Hg+2]<-[S-]c1ccccc1C(=O)NC,C16 H16 Hg1 N2 O2 S2,0.0,fail,CNC(=O)c1ccccc1[S-]->[Hg+2]<-[S-]c1ccccc1C(=O)NC,CNC(=O)c1ccccc1[S-]->[Hg+2]<-[S-]c1ccccc1C(=O)NC
NASTOQ,O=[N+]1[O-]->[La+3]23(<-[O-]1)(<-[O-][N+](=O)[O-]->2)<-n1ccccc1CN(CCN(Cc1ccccn1)Cc1ccccn->31)Cc1ccccn1,C26 H28 La1 N8 O6 1+,1.0,O=[N+]1[O-]->[La+3]234567(<-[O-]1)(<-[O-][N+](=O)[O-]->2)<-n1ccccc1CN->3(CCN->4(Cc1ccccn->51)Cc1ccccn->61)Cc1ccccn->71,ON12->[La+]3456789(<-N(CCN->3(CC3CCCCN34)CC3CCCCN35)(CC3CCCCN36)CC3CCCCN37)(<-N(O)(O8)O9)(O1)O2,ON12->[La+]3456789(<-N(CCN->3(CC3CCCCN34)CC3CCCCN35)(CC3CCCCN36)CC3CCCCN37)(<-N(O)(O8)O9)(O1)O2
NAVHOK,CC(C)c12->[Ru+2]34567(<-[Cl-])(<-[c-]8c(-c9ccccc9)[n+](-c9ccccc9)nn8-c8ccccn->38)<-c(c->41)c->5(C)c->6c->72,C29 H28 Cl1 N4 Ru1 1+,1.0,CC(C)c12->[Ru+]34567(<-[Cl-])(<-[c]8c(-c9ccccc9)n(-c9ccccc9)n[n+]8-c8ccccn->38)<-c(c->41)c->5(C)c->6c->72,CC(C)c12->[Ru+2]34567(<-[Cl-])(<-[c-]8c(-c9ccccc9)[n+](-c9ccccc9)nn8-c8ccccn->38)<-c(c->41)c->5(C)c->6c->72,CC(C)c12->[Ru+2]34567(<-[Cl-])(<-[c-]8c(-c9ccccc9)[n+](-c9ccccc9)nn8-c8ccccn->38)<-c(c->41)c->5(C)c->6c->72
NAWREI,C[b-]1c2->[Zr+4]3456789(<-[Cl-])(<-[Cl-])(<-c1c->3c->4c->52)<-c1(C)c->6(C)c->7(C)[c-]->8(C)c->91C,C16 H23 B1 Cl2 Zr1,0.0,fail,C[b-]12->[Zr+4]3456789%10(<-[Cl-])(<-[Cl-])(<-c(c->3c->41)c->5c->62)<-c1(C)c->7(C)c->8(C)[c-]->9(C)c->%101C,C[b-]12->[Zr+4]3456789%10(<-[Cl-])(<-[Cl-])(<-c(c->3c->41)c->5c->62)<-c1(C)c->7(C)c->8(C)[c-]->9(C)c->%101C
NAXQOS,[O+]#[C-]->[Re+]1(<-[C-]#[O+])(<-[C-]#[O+])(<-n2ccccc2)<-n2cccc3c4nc5ccccc5nc4c4cccn->1c4c32,C26 H15 N5 O3 Re1 1+,1.0,[O+]#[C-]->[Re+]1(<-[C-]#[O+])(<-[C-]#[O+])(<-n2ccccc2)<-n2cccc3c4nc5ccccc5nc4c4cccn->1c4c32,[O+]#[C-]->[Re+3]1(<-[C-]#[O+])(<-[C-]#[O+])(<-n2ccccc2)<-[N-]2C=CC=c3c2c2c(c4nc5ccccc5nc34)=CC=C[N-]->12,[O+]#[C-]->[Re+3]1(<-[C-]#[O+])(<-[C-]#[O+])(<-n2ccccc2)<-[N-]2C=CC=c3c2c2c(c4nc5ccccc5nc34)=CC=C[N-]->12
NAYSIR,C[C+]1[CH+][C-](C)[C+]([N-]2[CH-][C-]3[CH+][CH-][CH-][CH+][N-]3->[Cr+4]<-23456(<-[I-])<-c2c->3c->4[cH-]->5c->62)[C+](C)[CH-]1,C20 H21 Cr1 I1 N2,0.0,Cc1cc(C)c(N2=Cc3ccccn3->[Cr+2]<-23456(<-[I-])<-c2c->3c->4[cH-]->5c->62)c(C)c1,Cc1cc(C)c(N2=Cc3ccccn3->[Cr+2]<-23456(<-[I-])<-c2c->3c->4[cH-]->5c->62)c(C)c1,Cc1cc(C)c(N2=Cc3ccccn3->[Cr+2]<-23456(<-[I-])<-c2c->3c->4[cH-]->5c->62)c(C)c1
NAZMEJ,CC(C)P1(CC(=O)[N-]2c3ccccc3[N-]3C(=O)CP(C(C)C)(C(C)C)->[Ni@SP1+2]<-2<-3<-1)C(C)C,C22 H36 N2 Ni1 O2 P2,0.0,CC(C)P1(CC(=O)[N-]2c3ccccc3[N-]3C(=O)CP(C(C)C)(C(C)C)->[Ni+2]<-2<-3<-1)C(C)C,CC(C)P1(CC(=O)N2=C3C=CC=CC3=N3C(=O)CP(C(C)C)(C(C)C)->[Ni]<-2<-3<-1)C(C)C,CC(C)P1(CC(=O)N2=C3C=CC=CC3=N3C(=O)CP(C(C)C)(C(C)C)->[Ni]<-2<-3<-1)C(C)C
NEBCOP,,C18 H13 Cl1 N2 O1 Pd1,0.0,[Cl-]->[Pd+2]12<-O=C(NN->1=Cc1cc3ccccc3c[c-]->21)c1ccccc1,[Cl-]->[Pd+2]12<-O=C(NN->1=Cc1cc3ccccc3c[c-]->21)c1ccccc1,[Cl-]->[Pd+2]12<-O=C(NN->1=Cc1cc3ccccc3c[c-]->21)c1ccccc1
NEBSOC,CC1(C)O[C@H]2O[C@@H]3[C@H]4CO->[Pt+4](<-[CH3-])(<-[CH3-])(<-[CH3-])(<-O[C@@H]3[C@H]2O1)<-O4,C12 H25 O6 Pt1 1+,1.0,CC1(C)OC2OC3C4CO->[Pt+4](<-[CH3-])(<-[CH3-])(<-[CH3-])(<-O4)<-OC3C2O1,CC1(C)OC2OC3C4CO->[Pt+4](<-[CH3-])(<-[CH3-])(<-[CH3-])(<-O4)<-OC3C2O1,CC1(C)OC2OC3C4CO->[Pt+4](<-[CH3-])(<-[CH3-])(<-[CH3-])(<-O4)<-OC3C2O1
NECMAK,,C21 H31 Mo1 O2 P1,0.0,[O+]#[C-]->[MoH+]12345(<-[C-]#[O+])<-c6c->1c->2(CCP->3(C1CCCCC1)C1CCCCC1)c->4[cH-]->56,[O+]#[C-]->[MoH+]12345(<-[C-]#[O+])<-c6c->1c->2[c-]->3(CCP->4(C1CCCCC1)C1CCCCC1)c->56,[O+]#[C-]->[MoH+]12345(<-[C-]#[O+])<-c6c->1c->2[c-]->3(CCP->4(C1CCCCC1)C1CCCCC1)c->56
NEDFOT,O=C1C(Cl)=C2[O-]->[Zn+2]3(<-O)(<-O)(<-O=C2c2ccccc21)<-O=C1C([O-]->3)=C(Cl)C(=O)c2ccccc21,C20 H12 Cl2 O8 Zn1,0.0,O=C1C(Cl)=C2[O-]->[Zn+2]3(<-O)(<-O)(<-O=C2c2ccccc21)<-O=C1C([O-]->3)=C(Cl)C(=O)c2ccccc21,[O-]c1c(Cl)c2[O-]->[Zn+6]3(<-O)(<-O)(<-[O-]c4c(Cl)c([O-])c5ccccc5c4[O-]->3)<-[O-]c2c2ccccc12,[O-]c1c(Cl)c2[O-]->[Zn+6]3(<-O)(<-O)(<-[O-]c4c(Cl)c([O-])c5ccccc5c4[O-]->3)<-[O-]c2c2ccccc12
NEDKUF,CC1=C(C)N(C)C(=[SiH2]->[Fe](<-[C-]#[O+])(<-[C-]#[O+])(<-[C-]#[O+])<-[C-]#[O+])N1C,C11 H14 Fe1 N2 O4 Si1,0.0,CC1=C(C)N(C)C(=[SiH2]->[Fe](<-[C-]#[O+])(<-[C-]#[O+])(<-[C-]#[O+])<-[C-]#[O+])N1C,CC1=C(C)N(C)C(=[SiH2]->[Fe](<-[C-]#[O+])(<-[C-]#[O+])(<-[C-]#[O+])<-[C-]#[O+])N1C,CC1=C(C)N(C)C(=[SiH2]->[Fe](<-[C-]#[O+])(<-[C-]#[O+])(<-[C-]#[O+])<-[C-]#[O+])N1C
NEFHEM,CCOC(=O)[C@H](Br)C[C@H]1C(=O)[O-]->[Ni@SP2+2]23<-N(/C(=O)[C@@H]4CCCN->24Cc2ccccc2)=C2/C=CC=C/C2=C(\c2ccccc2)[N-]->31,C32 H32 Br1 N3 Ni1 O5,0.0,CCOC(=O)C(Br)CC1C(=O)[O-]->[Ni+2]23<-N1=C(c1ccccc1)c1ccccc1[N-]->2C(=O)C1CCCN->31Cc1ccccc1,CCOC(=O)C(Br)CC1C(=O)[O-]->[Ni+2]23<-N(C(=O)C4CCCN->24Cc2ccccc2)=C2C=CC=CC2=C(c2ccccc2)[N-]->31,CCOC(=O)C(Br)CC1C(=O)[O-]->[Ni+2]23<-N(C(=O)C4CCCN->24Cc2ccccc2)=C2C=CC=CC2=C(c2ccccc2)[N-]->31
NEFWUQ,[Cl-]->[Ru+2]123(<-n4cccc5ccc6ccc(-c7ccc8ccccc8n7)n->1c6c54)<-n1cccc4ccc5ccc(-c6ccc7ccccc7n->26)n->3c5c41,C42 H26 Cl1 N6 Ru1 1+,1.0,[Cl-]->[Ru+2]123(<-n4cccc5ccc6ccc(-c7ccc8ccccc8n7)n->1c6c54)<-n1cccc4ccc5ccc(-c6ccc7ccccc7n->26)n->3c5c41,[Cl-]->[Ru+2]123(<-n4cccc5ccc6ccc(-c7ccc8ccccc8n7)n->1c6c54)<-n1cccc4ccc5ccc(-c6ccc7ccccc7n->26)n->3c5c41,[Cl-]->[Ru+2]123(<-n4cccc5ccc6ccc(-c7ccc8ccccc8n7)n->1c6c54)<-n1cccc4ccc5ccc(-c6ccc7ccccc7n->26)n->3c5c41
NEHFAK,,C23 H23 F18 Mo1 N1 O7,0.0,CO1CCO(C)->[Mo+6]<-1(<-[C-3]c1ccc([N+](=O)[O-])cc1)(<-[O-]C(C)(C(F)(F)F)C(F)(F)F)(<-[O-]C(C)(C(F)(F)F)C(F)(F)F)<-[O-]C(C)(C(F)(F)F)C(F)(F)F,CO1CCO(C)->[Mo+4]<-1(<-[C]=C1C=C[C-]([N+](=O)[O-])C=C1)(<-[O-]C(C)(C(F)(F)F)C(F)(F)F)(<-[O-]C(C)(C(F)(F)F)C(F)(F)F)<-[O-]C(C)(C(F)(F)F)C(F)(F)F,CO1CCO(C)->[Mo+4]<-1(<-[C]=C1C=C[C-]([N+](=O)[O-])C=C1)(<-[O-]C(C)(C(F)(F)F)C(F)(F)F)(<-[O-]C(C)(C(F)(F)F)C(F)(F)F)<-[O-]C(C)(C(F)(F)F)C(F)(F)F
NEJGIV,S=C([S-]->[Hg+2]<-[c-]1ccccc1)N(Cc1ccco1)Cc1ccco1,C17 H15 Hg1 N1 O2 S2,0.0,fail,S=C([S-]->[Hg+2]<-[c-]1ccccc1)N(Cc1ccco1)Cc1ccco1,c1cc[c-](->[Hg+2]2<-S=C([S-]->2)N(Cc2ccco2)Cc2ccco2)cc1
NEJWIK,CC(C)P1(/N=c2/nc(-c3ccccc3)nc3NP(C(C)C)(C(C)C)->[Ir@TB5+]<-14(<-C1=C->4/CC/C=C\CC\1)<-[n-]32)C(C)C,C29 H46 Ir1 N5 P2,0.0,CC(C)P1([N-]c2nc(-c3ccccc3)nc3NP(C(C)C)(C(C)C)->[Ir+]<-14(<-C1=C->4CCC=CCC1)<-n23)C(C)C,CC(C)P1(N=c2nc(-c3ccccc3)nc3NP(C(C)C)(C(C)C)->[Ir+]<-14(<-C1=C->4CCC=CCC1)<-[n-]32)C(C)C,CC(C)P1(N=c2nc(-c3ccccc3)nc3NP(C(C)C)(C(C)C)->[Ir+]<-14(<-C1=C->4CCC=CCC1)<-[n-]32)C(C)C
NEKKIY,CC(C)N([C]1N(C(C)C)(C(C)C)->[W]<-1(<-[C-]#[O+])(<-[C-]#[O+])(<-[C-]#[O+])<-[C-]#[O+])C(C)C,C17 H28 N2 O4 W1,0.0,fail,CC(C)N([C]1N(C(C)C)(C(C)C)->[W]<-1(<-[C-]#[O+])(<-[C-]#[O+])(<-[C-]#[O+])<-[C-]#[O+])C(C)C,CC(C)N([C]1N(C(C)C)(C(C)C)->[W]<-1(<-[C-]#[O+])(<-[C-]#[O+])(<-[C-]#[O+])<-[C-]#[O+])C(C)C
NELTII,,C28 H30 N4 O5 Zn1,0.0,CN(C)c1ccc(C(=O)[O-]->[Zn+2]2(<-O)(<-[O-]C(=O)c3ccc(N(C)C)cc3)<-n3ccccc3-c3ccccn->23)cc1,CN(C)c1ccc(C(=O)[O-]->[Zn+2]2(<-O)(<-[O-]C(=O)c3ccc(N(C)C)cc3)<-n3ccccc3-c3ccccn->23)cc1,CN(C)c1ccc(C(=O)[O-]->[Zn+2]234(<-O)(<-O=C->2([O-]->3)c2ccc(N(C)C)cc2)<-n2ccccc2-c2ccccn->42)cc1
NEMVAD,c1ccc(CSC2=S->[Zn+2]345(<-[S-]2)<-N2CCCN->3CCN->4CCN->5CCC2)cc1,C18 H31 N4 S3 Zn1 1+,1.0,S=C(SCc1ccccc1)[S-]->[Zn+2]123<-N4CCCN->1CCN->2CCN->3CCC4,S=C(SCc1ccccc1)[S-]->[Zn+2]123<-N4CCCN->1CCN->2CCN->3CCC4,c1ccc(CSC2=S->[Zn+2]345(<-[S-]2)<-N2CCCN->3CCN->4CCN->5CCC2)cc1
NENSIJ,Cc1ccc(S([O-])([O-])/N2=C3\C=CC=CC3=C34->[Ti+4]<-2567(<-C(=C->53C)C->6=C->74C)(<-[N-](C)C)<-[N-](C)C)cc1,C24 H31 N3 O2 S1 Ti1,0.0,Cc1ccc(S(=O)(=O)[N-]2c3ccccc3-c34->[Ti+4]<-2567(<-c([cH-]->5c->63C)c->74C)(<-[N-](C)C)<-[N-](C)C)cc1,Cc1ccc(S(=O)(=O)N2=C3C=CC=CC3=C34->[Ti+2]<-2567(<-C(=C->53C)C->6=C->74C)(<-[N-](C)C)<-[N-](C)C)cc1,Cc1ccc(S2(=O)=O->[Ti+2]34567(<-C8=C->3(C)C->4(=C3C=CC=CC3=N->52)C->6(C)=C->78)(<-[N-](C)C)<-[N-](C)C)cc1
NEPBIT,C/C1[S-]->[W+4]2(<-[C-]#[O+])(<-[S-]/C=1C)(<-[S-]/C(C)=C(\C)[S-]->2)<-[Se-][C@H]1[C@@H]2C[C@H]3C[C@@H](C2)C[C@@H]1C3,C19 H27 O1 S4 Se1 W1 1-,-1.0,CC1[S-]->[W+4]2(<-[C-]#[O+])(<-[S-]C=1C)(<-[S-]C(C)=C(C)[S-]->2)<-[Se-]C1C2CC3CC(C2)CC1C3,CC1=S->[W]2(<-[C-]#[O+])(<-S=C1C)(<-S=C(C)C(C)=S->2)<-[Se-]C1C2CC3CC(C2)CC1C3,CC1=S->[W]2(<-[C-]#[O+])(<-S=C1C)(<-S=C(C)C(C)=S->2)<-[Se-]C1C2CC3CC(C2)CC1C3
NEPREG,,C36 H31 Ir1 N4 O2,0.0,Cc1nn(-c2ccccc2)c2[O-]->[Ir+3]34(<-O=C(c12)C(C)C)(<-[c-]1ccccc1-c1ccccn->31)<-[c-]1ccccc1-c1ccccn->41,Cc1nn(-c2ccccc2)c2[O-]->[Ir+3]34(<-O=C(c12)C(C)C)(<-[c-]1ccccc1-c1ccccn->31)<-[c-]1ccccc1-c1ccccn->41,Cc1nn(-c2ccccc2)c2[O-]->[Ir+3]34(<-O=C(c12)C(C)C)(<-[c-]1ccccc1-c1ccccn->31)<-[c-]1ccccc1-c1ccccn->41
NEQWOW,O=[N+]([O-])c1ccc2[O-]->[Zn@TB1+2]34(<-[O-]c5ccc([N+](=O)[O-])cc5/C=N->3/C(CO)(CO)CO->4)<-N(=C\c2c1)/C(CO)(CO)CO,C22 H26 N4 O12 Zn1,0.0,O=[N+]([O-])c1ccc2[O-]->[Zn+2]345(<-[O-]c6ccc([N+](=O)[O-])cc6C=N->3C(CO)(CO)CO->4)<-OCC(CO)(CO)N->5=Cc2c1,O=[N+]([O-])c1ccc2[O-]->[Zn+2]345(<-[O-]c6ccc([N+](=O)[O-])cc6C=N->3C(CO)(CO)CO->4)<-OCC(CO)(CO)N->5=Cc2c1,O=[N+]([O-])c1ccc2[O-]->[Zn+2]345(<-[O-]c6ccc([N+](=O)[O-])cc6C=N->3C(CO)(CO)CO->4)<-OCC(CO)(CO)N->5=Cc2c1
NESCIX,CP(C)(C)->[Rh+3]1(<-[Cl-])(<-[CH2-]/[C-]->1=C\c1ccccc1)(<-P(C)(C)C)<-P(C)(C)C,C18 H35 Cl1 P3 Rh1,0.0,CP(C)(C)->[Rh+]1(<-[Cl-])(<-C=C->1=Cc1ccccc1)(<-P(C)(C)C)<-P(C)(C)C,CP(C)(C)->[Rh+]1(<-[Cl-])(<-C=C->1=Cc1ccccc1)(<-P(C)(C)C)<-P(C)(C)C,CP(C)(C)->[Rh+]1(<-[Cl-])(<-C=C->1=Cc1ccccc1)(<-P(C)(C)C)<-P(C)(C)C
NESPIK,C[Si](C)(C)[N-]1c2ccccc2[N-]([Si](C)(C)C)->[W+6]<-1(<-[Cl-])(<-[Cl-])(<-[N-2]c1ccccc1)<-P(C)(C)C,C21 H36 Cl2 N3 P1 Si2 W1,0.0,C[Si](C)(C)[N-]1c2ccccc2[N-]([Si](C)(C)C)->[W+6]<-1(<-[Cl-])(<-[Cl-])(<-[N-2]c1ccccc1)<-P(C)(C)C,C[Si](C)(C)[N-]1c2ccccc2[N-]([Si](C)(C)C)->[W+6]<-1(<-[Cl-])(<-[Cl-])(<-[N-2]c1ccccc1)<-P(C)(C)C,C[Si](C)(C)[N-]1c2ccccc2[N-]([Si](C)(C)C)->[W+6]<-1(<-[Cl-])(<-[Cl-])(<-[N-2]c1ccccc1)<-P(C)(C)C
NETMUV,CC#N->[Ru+2]1(<-N#CC)(<-N#CC)(<-N(=O)[O-])<-n2ccccc2-c2ccccn->12,C16 H17 N6 O2 Ru1 1+,1.0,CC#N->[Ru]1(<-N#CC)(<-N#CC)(<-n2ccccc2-c2ccccn->12)<-[N+](=O)=O,CC#N->[Ru+2]1(<-N#CC)(<-N#CC)(<-N(=O)[O-])<-n2ccccc2-c2ccccn->12,CC#N->[Ru+2]1(<-N#CC)(<-N#CC)(<-N(=O)[O-])<-n2ccccc2-c2ccccn->12
NEVFAW,,C22 H15 Cr1 N3 O3 S1,0.0,[O+]#[C-]->[Cr+]1234(<-[C-]#[O+])(<-[C-]#[O+])(<-c5c->1c->2[cH-]->3c->45)<-S1N=C(c2ccccc2)[N]C(c2ccccc2)=N1,[O+]#[C-]->[Cr+2]1234(<-[C-]#[O+])(<-[C-]#[O+])(<-c5c->1c->2[cH-]->3c->45)<-S1N=C(c2ccccc2)N=C(c2ccccc2)[N-]1,[O+]#[C-]->[Cr+2]1234(<-[C-]#[O+])(<-[C-]#[O+])(<-c5c->1c->2[cH-]->3c->45)<-S1N=C(c2ccccc2)N=C(c2ccccc2)[N-]1
NEWKOS,C1=Cc2ccccc2[N-]2->[Co+3]345(<-S=C(/N=N->3/C=C/12)Nc1ccccc1)<-S=C(/N=N->4/C=C1/C=Cc2ccccc2[N-]->51)Nc1ccccc1,C34 H26 Co1 N8 S2 1+,1.0,C1c2ccc3ccccc3n2->[Co+3]234(<-[S-]C(=NN->2=1)Nc1ccccc1)<-[S-]C(=NN->3=Cc1ccc2ccccc2n->41)Nc1ccccc1,C1=Cc2ccccc2[N-]2->[Co+3]345(<-S=C(N=N->3C=C12)Nc1ccccc1)<-S=C(N=N->4C=C1C=Cc2ccccc2[N-]->51)Nc1ccccc1,C1=Cc2ccccc2[N-]2->[Co+3]345(<-S=C(N=N->3C=C12)Nc1ccccc1)<-S=C(N=N->4C=C1C=Cc2ccccc2[N-]->51)Nc1ccccc1
NEXBOH,CCO\C1[O-]->[Ni@SP1+2]23<-[O-]/C(OCC)=C(C#N)\C=N->2\[C@H]2CCCC[C@H]2/N->3=C/C=1C#N,C18 H22 N4 Ni1 O4,0.0,CCOC1=O->[Ni+2]23<-O=C(OCC)C(C#N)=C[N-]->2C2CCCCC2[N-]->3C=C1C#N,CCOC1[O-]->[Ni+2]23<-[O-]C(OCC)=C(C#N)C=N->2C2CCCCC2N->3=CC=1C#N,CCOC1[O-]->[Ni+2]23<-[O-]C(OCC)=C(C#N)C=N->2C2CCCCC2N->3=CC=1C#N
NEXNEJ,,C19 H16 Cr1 O6,0.0,CO[C-2](c1ccccc1C#CC(C)(C)C)->[Cr+2](<-[C-]#[O+])(<-[C-]#[O+])(<-[C-]#[O+])(<-[C-]#[O+])<-[C-]#[O+],CO[C](c1ccccc1C#CC(C)(C)C)->[Cr](<-[C-]#[O+])(<-[C-]#[O+])(<-[C-]#[O+])(<-[C-]#[O+])<-[C-]#[O+],CO[C](c1ccccc1C#CC(C)(C)C)->[Cr](<-[C-]#[O+])(<-[C-]#[O+])(<-[C-]#[O+])(<-[C-]#[O+])<-[C-]#[O+]
NEXXEU,CC(C)(C)N1C=CN2[B-]34=[N+]5C=C[N+](C(C)(C)C)=C5[S-]->[Pd+2]<-3(<-[S-][C-]21)(<-[S-][c-]1[n+]4cc[n+]1C(C)(C)C)<-P(C)(C)C,C24 H42 B1 N6 P1 Pd1 S3,0.0,fail,CC(C)(C)n1ccn2B34n5ccn(C(C)(C)C)c5=S->[Pd]<-3(<-S=c21)(<-S=c1n4ccn1C(C)(C)C)<-P(C)(C)C,CC(C)(C)n1ccn2B34n5ccn(C(C)(C)C)c5=S->[Pd]<-3(<-S=c21)(<-S=c1n4ccn1C(C)(C)C)<-P(C)(C)C
NEYSOC,CCN1C(c2ccccc2)=C(c2ccccc2)N(CC)[C]1->[Ag+]<-[O-]C(C)=O,C21 H23 Ag1 N2 O2,0.0,CCN1C(c2ccccc2)=C(c2ccccc2)N(CC)[C]1->[Ag+]<-[O-]C(C)=O,CCN1C(c2ccccc2)=C(c2ccccc2)N(CC)[C]1->[Ag+]<-[O-]C(C)=O,CCN1C(c2ccccc2)=C(c2ccccc2)N(CC)[C]1->[Ag+]1<-O=C(C)[O-]->1
NEZZIC,Cc1cc(C(C)(C)C)c2[O-]->[W+6]345(<-[CH2-]C->3[CH2-]->4)(<-[N-2]c3c(Cl)cccc3Cl)<-[O-]c->53c(C(C)(C)C)cc(C)c(C)c3-c2c1C,C33 H41 Cl2 N1 O2 W1,0.0,Cc1cc(C(C)(C)C)c2[O-]->[W+6]3(<-[CH2-]C[CH2-]->3)(<-[N-2]c3c(Cl)cccc3Cl)<-[O-]c3c(C(C)(C)C)cc(C)c(C)c3-c2c1C,[CH2]->[W+6]12(<-[CH2-][CH2-]->1)(<-[N-2]c1c(Cl)cccc1Cl)<-[O-]c1c(C(C)(C)C)cc(C)c(C)c1-c1c(C)c(C)cc(C(C)(C)C)c1[O-]->2,Cc1cc(C(C)(C)C)c2[O-]->[W+6]34(<-[CH2-]C[CH2-]->3)(<-[N-2]c3c(Cl)cccc3Cl)<-[O-]c->43c(C(C)(C)C)cc(C)c(C)c3-c2c1C
NIBHEO,Cc1cc(C)[c-]2->[Fe+2]34567(<-[H]C->3c2c1)(<-c1(C)c->4(C)c->5(C)[c-]->6(C)c->71C)<-P(C)(C(C)C)C(C)C,C26 H43 Fe1 P1,0.0,Cc1cc(C)[c-](->[Fe+2]2345(<-c6(C)c->2(C)c->3(C)[c-]->4(C)c->56C)<-P(C)(C(C)C)C(C)C)c(C)c1,Cc1cc(C)[c-](->[Fe+2]2345(<-c6(C)c->2(C)c->3(C)[c-]->4(C)c->56C)<-P(C)(C(C)C)C(C)C)c(C)c1,Cc1cc(C)[c-](->[Fe+2]2345(<-c6(C)c->2(C)c->3(C)[c-]->4(C)c->56C)<-P(C)(C(C)C)C(C)C)c(C)c1
NICBAF,,C23 H22 Cl1 N1 Ru1 S1,0.0,CC(C)c12->[Ru+2]34567(<-[Cl-])(<-[c-]8ccccc8-c8sc9ccccc9n->38)<-c(c->41)c->5(C)c->6c->72,CC(C)c12->[Ru+2]34567(<-[Cl-])(<-[c-]8ccccc8-c8sc9ccccc9n->38)<-c(c->41)c->5(C)c->6c->72,CC(C)c12->[Ru+2]34567(<-[Cl-])(<-[c-]8ccccc8-c8sc9ccccc9n->38)<-c(c->41)c->5(C)c->6c->72
NIDCIO,C[C-](=O)->[Pt+4]12(<-[CH2-]c3ccccc3)(<-[C-](C)=O)<-n3cccn3[BH-](n3cccn->13)n1cccn->21,C20 H23 B1 N6 O2 Pt1,0.0,C[C-](=O)->[Pt+4]12(<-[CH2-]c3ccccc3)(<-[C-](C)=O)<-[n-]3ccc[n+]3[BH-]([n+]3ccc[n-]->13)[n+]1ccc[n-]->21,C[C-](=O)->[Pt+4]12(<-[CH2-]c3ccccc3)(<-[C-](C)=O)<-n3cccn3[BH-](n3cccn->13)n1cccn->21,C[C-](=O)->[Pt+4]12(<-[CH2-]c3ccccc3)(<-[C-](C)=O)<-n3cccn3[BH-](n3cccn->13)n1cccn->21
NIDMIW,,C21 H25 Br1 N4 O3 W1,0.0,CN1(C)CCN(C)(C)->[W+4]<-1(<-[Br-])(<-[C-3]c1ccc(NC(=O)c2ccncc2)cc1)(<-[C-]#[O+])<-[C-]#[O+],CN1(C)CCN(C)(C)->[W+2]<-1(<-[Br-])(<-[C-]c1ccc(NC(=O)c2ccncc2)cc1)(<-[C-]#[O+])<-[C-]#[O+],CN1(C)CCN(C)(C)->[W+2]<-1(<-[Br-])(<-[C-]c1ccc(NC(=O)c2ccncc2)cc1)(<-[C-]#[O+])<-[C-]#[O+]
NIGGOC,,C24 H21 Cl1 F3 N1 Ru1 S1,0.0,CC(C)c12->[Ru+2]34567(<-[Cl-])(<-[c-]8cc(C(F)(F)F)ccc8-c8sc9ccccc9n->38)<-c(c->41)c->5(C)c->6c->72,CC(C)c12->[Ru+2]34567(<-[Cl-])(<-[c-]8cc(C(F)(F)F)ccc8-c8sc9ccccc9n->38)<-c(c->41)c->5(C)c->6c->72,CC(C)c12->[Ru+2]34567(<-[Cl-])(<-[c-]8cc(C(F)(F)F)ccc8-c8sc9ccccc9n->38)<-c(c->41)c->5(C)c->6c->72
NIHRIH,c1c[nH]c(-c2ncc[n-]2->[Ni+2]2(<-n3cc[nH]c3-c3ncc[n-]->23)<-[n-]2ccnc2-c2ncc[nH]2)n1,C18 H15 N12 Ni1 1-,-1.0,c1c[n-]2->[Ni+2]34(<-n5cc[nH]c5-c2n1)(<-n1cc[nH]c1-c1ncc[n-]->31)<-n1cc[nH]c1-c1ncc[n-]->41,C1=C[N-]2->[Ni+2]34(<-N5=CC=NC5=C2N1)(<-N1=CC=NC1=C1NC=C[N-]->31)<-N1=CC=NC1=C1NC=C[N-]->41,C1=C[N-]2->[Ni+2]34(<-N5=CC=NC5=C2N1)(<-N1=CC=NC1=C1NC=C[N-]->31)<-N1=CC=NC1=C1NC=C[N-]->41
NIJHUM,CC(C)c1cccc(-c2cccc3/N=N(/c4ccccc4)->[Pd+2](<-[CH3-])(<-[CH3-])<-n32)n1,C21 H24 N4 Pd1,0.0,CC(C)c1cccc(-c2cccc3N=N(c4ccccc4)->[Pd+2](<-[CH3-])(<-[CH3-])<-n32)n1,CC(C)c1cccc(-c2cccc3=N[N-](c4ccccc4)->[Pd+4](<-[CH3-])(<-[CH3-])<-[n-]23)n1,CC(C)c1cccc(-c2cccc3=N[N-](c4ccccc4)->[Pd+4](<-[CH3-])(<-[CH3-])<-[n-]23)n1
NIKPUS,COC(=O)[C@@H]1N->[Re+5]23(<-[O-2])(<-N[C@@H](C(=O)[O-]->2)C(C)(C)[S-]->3)<-[S-]C1(C)C,C11 H21 N2 O5 Re1 S2,0.0,COC(=O)C1N->[Re+5]23(<-[O-2])(<-NC(C(=O)[O-]->2)C(C)(C)[S-]->3)<-[S-]C1(C)C,COC(=O)C1N->[Re+5]23(<-[O-2])(<-NC(C(=O)[O-]->2)C(C)(C)[S-]->3)<-[S-]C1(C)C,COC(=O)C1N->[Re+5]23(<-[O-2])(<-NC(C(=O)[O-]->2)C(C)(C)[S-]->3)<-[S-]C1(C)C
NILJIC,CC(C)(C)[N-2]->[Ta+5]12(<-[CH2-]c3ccccc3)(<-[N-](N->1(C)C)[Si](C)(C)C)<-[N-](N->2(C)C)[Si](C)(C)C,C21 H46 N5 Si2 Ta1,0.0,CC(C)(C)[N-2]->[Ta+5]12(<-[CH2-]c3ccccc3)(<-[N-](N->1(C)C)[Si](C)(C)C)<-[N-](N->2(C)C)[Si](C)(C)C,CC(C)(C)[N-2]->[Ta+5]12(<-[CH2-]c3ccccc3)(<-[N-](N->1(C)C)[Si](C)(C)C)<-[N-](N->2(C)C)[Si](C)(C)C,CN(C)[N-]([Si](C)(C)C)->[Ta+5](<-[CH2-]c1ccccc1)(<-[N-2]C(C)(C)C)<-[N-](N(C)C)[Si](C)(C)C
NILWUC,CC1=O->[Ag+](<-[O-]1)<-P(c1ccccc1)(c1ccccc1)c1ccc2ccccc2c1-c1c(Cc2ccccc2)ccc2ccccc12,C41 H32 Ag1 O2 P1,0.0,fail,CC(=O)[O-]->[Ag+]<-P(c1ccccc1)(c1ccccc1)c1ccc2ccccc2c1-c1c(Cc2ccccc2)ccc2ccccc12,CC12=O->[Ag+]<-1(<-[O-]2)<-P(c1ccccc1)(c1ccccc1)c1ccc2ccccc2c1-c1c(Cc2ccccc2)ccc2ccccc12
NIMTIM,,C10 H15 N2 O4 V1,0.0,[O-2]->[V+5]123(<-[O-2])<-[O-]CCN->1(CCO->2)Cc1ccccn->31,[O-2]->[V+5]123(<-[O-2])<-[O-]CCN->1(CCO->2)Cc1ccccn->31,[O-2]->[V+5]12(<-[O-2])<-[O-]CCN->1(CCO)Cc1ccccn->21
NIPLUU,Cn1ccn2->[Fe+2]345(<-[N-]=C=S)(<-[N-]=C=S)<-C(/c6n(C)ccn->36)=N->4\CC(C)(C)C/N->5=C/c12,C17 H22 Fe1 N8 S2,0.0,Cn1ccn2->[Fe+2]34(<-[N-]=C=S)(<-[N-]=C=S)<-N(=Cc12)CC(C)(C)CN->3=Cc1n(C)ccn->41,Cn1ccn2->[Fe+2]34(<-[N-]=C=S)(<-[N-]=C=S)<-N(=Cc12)CC(C)(C)CN->3=Cc1n(C)ccn->41,Cn1ccn2->[Fe+2]34(<-[N-]=C=S)(<-[N-]=C=S)<-N(=Cc12)CC(C)(C)CN->3=Cc1n(C)ccn->41
NIPXOB,,C28 H41 Cl1 F3 Ir1 O4 P2 S1,0.0,CC(C)P1(c2cccc3c2O2->[IrH+2]<-1(<-[Cl-])(<-[O-]S(=O)(=O)C(F)(F)F)<-P(c1cccc(c12)C3(C)C)(C(C)C)C(C)C)C(C)C,CC(C)P1(c2cccc3c2O2->[IrH+2]<-1(<-[Cl-])(<-[O-]S(=O)(=O)C(F)(F)F)<-P(c1cccc(c12)C3(C)C)(C(C)C)C(C)C)C(C)C,CC(C)P1(c2cccc3c2O2->[IrH+2]<-1(<-[Cl-])(<-[O-]S(=O)(=O)C(F)(F)F)<-P(c1cccc(c12)C3(C)C)(C(C)C)C(C)C)C(C)C
NIQLII,,C18 H14 Fe1 N4 O7,0.0,O=[N+]([O-])c1ccc(NN=C2CCC34->[Fe]56(<-[C-]#[O+])(<-[C-]#[O+])(<-[C-]#[O+])<-C(=C->53)CCC->6=42)c([N+](=O)[O-])c1,O=[N+]([O-])c1ccc(NN=C2CCC34->[Fe]56(<-[C-]#[O+])(<-[C-]#[O+])(<-[C-]#[O+])<-C(#C->53)CCC->6=42)c([N+](=O)[O-])c1,O=[N+]([O-])c1ccc(NN=C2CCC34->[Fe]56(<-[C-]#[O+])(<-[C-]#[O+])(<-[C-]#[O+])<-C(#C->53)CCC->6=42)c([N+](=O)[O-])c1
NIRXIX,C[CH2-]->[Zn+2]1(<-[O-]C(=O)C(F)(F)C(F)(F)F)<-N(C)(C)CCN->1(C)C,C11 H21 F5 N2 O2 Zn1,0.0,C[CH2-]->[Zn+2]1(<-[O-]C(=O)C(F)(F)C(F)(F)F)<-N(C)(C)CCN->1(C)C,C[CH2-]->[Zn+2]1(<-[O-]C(=O)C(F)(F)C(F)(F)F)<-N(C)(C)CCN->1(C)C,C[CH2-]->[Zn+2]12(<-O=C([O-]->1)C(F)(F)C(F)(F)F)<-N(C)(C)CCN->2(C)C
NISQUE,CC(C)(C)c1ccc23->[Ti+4]4567(<-[CH3-])(<-[CH3-])<-[N-](C(C)(C)c8ccccc8)[Si](C)(C)[c-]->4(c->52c1)c->61cc(C(C)(C)C)ccc->731,C34 H47 N1 Si1 Ti1,0.0,CC(C)(C)c1ccc23->[Ti+4]4567(<-[CH3-])(<-[CH3-])<-[N-](C(C)(C)c8ccccc8)[Si](C)(C)[c-]->4(c->52c1)c->61cc(C(C)(C)C)ccc->731,CC(C)(C)c1ccc23->[Ti+4]4567(<-[CH3-])(<-[CH3-])<-[N-](C(C)(C)c8ccccc8)[Si](C)(C)[c-]->4(c->52c1)c->61cc(C(C)(C)C)ccc->731,CC(C)(C)c1ccc23->[Ti+4]4567(<-[CH3-])(<-[CH3-])<-[N-](C(C)(C)c8ccccc8)[Si](C)(C)[c-]->4(c->52c1)c->61cc(C(C)(C)C)ccc->731
NITBUP,[O+]#[C-]->[Cr+4]123456(<-[C-]#[O+])<-c7c->1c->2c->3(CC[c-]1[cH-][cH+][cH-][cH-][n-]->41)c->5c->67,C15 H13 Cr1 N1 O2,0.0,[O+]#[C-]->[Cr]123456(<-[C-]#[O+])<-c7c->1c->2c->3(CCc1ccccn->41)c->5c->67,[O+]#[C-]->[Cr]123456(<-[C-]#[O+])<-c7c->1c->2c->3(CCc1ccccn->41)c->5c->67,[O+]#[C-]->[Cr]123456(<-[C-]#[O+])<-c7c->1c->2c->3(CCc1ccccn->41)c->5c->67
NITTIT,Cc1cc(C)c2[O-]->[Zn+2]3(<-[Cl-])<-N4(C(C)C)CCN(Cc2c1)CCN->3(C(C)C)CC4,C21 H36 Cl1 N3 O1 Zn1,0.0,Cc1cc(C)c2[O-]->[Zn+2]34(<-[Cl-])<-N5(Cc2c1)CCN->3(C(C)C)CCN->4(C(C)C)CC5,Cc1cc(C)c2[O-]->[Zn+2]34(<-[Cl-])<-N5(Cc2c1)CCN->3(C(C)C)CCN->4(C(C)C)CC5,Cc1cc(C)c2[O-]->[Zn+2]34(<-[Cl-])<-N5(Cc2c1)CCN->3(C(C)C)CCN->4(C(C)C)CC5
NIVVOF,Cc1cc(C)n2->[Ir+3]34(<-[CH2+][C-](C)[C-](C)[CH2-]->3)(<-[C]3C=CC=C(N(C)C)N3)<-n3c(C)cc(C)n3[BH-](n12)n1c(C)cc(C)n->41,C28 H42 B1 Ir1 N8,0.0,CC1[CH2-]->[Ir+3]23(<-[CH2-]C=1C)(<-[C]1C=CC=C(N(C)C)N1)<-n1c(C)cc(C)n1[BH-](n1c(C)cc(C)n->21)n1c(C)cc(C)n->31,CC1=C->[Ir+]23(<-C=C1C)(<-[C]1C=CC=C(N(C)C)N1)<-n1c(C)cc(C)n1[BH-](n1c(C)cc(C)n->21)n1c(C)cc(C)n->31,CC1=C->[Ir+]23(<-C=C1C)(<-[C]1C=CC=C(N(C)C)N1)<-n1c(C)cc(C)n1[BH-](n1c(C)cc(C)n->21)n1c(C)cc(C)n->31
NIWTIY,,C29 H47 Cl1 O2 P2 Ru1 S1,0.0,CC(C)P1(c2cccc3c2O2->[RuH+]<-1(<-[Cl-])(<-P(c1cccc(c12)C3(C)C)(C(C)C)C(C)C)<-S(C)(C)=O)C(C)C,CC(C)P1(c2cccc3c2O2->[RuH+]<-1(<-[Cl-])(<-P(c1cccc(c12)C3(C)C)(C(C)C)C(C)C)<-S(C)(C)=O)C(C)C,CC(C)P1(c2cccc3c2O2->[RuH+]<-1(<-[Cl-])(<-P(c1cccc(c12)C3(C)C)(C(C)C)C(C)C)<-S(C)(C)=O)C(C)C
NIXRAN,CC1(C)C2c3ccccc3[O-]->[Ni@SP2+2]3(<-[O-]c4ccccc4C4=N->3C(C)(C)[N+](=O)C4(C)C)<-N=2C(C)(C)N1[O-],C26 H32 N4 Ni1 O4,0.0,CC1(C)C2c3ccccc3[O-]->[Ni+2]3(<-[O-]c4ccccc4C4=N->3C(C)(C)N([O])C4(C)C)<-N=2C(C)(C)N1[O],CC1(C)C2c3ccccc3[O-]->[Ni+4]3(<-[O-]c4ccccc4C4=N->3C(C)(C)N([O-])C4(C)C)<-N=2C(C)(C)N1[O-],CC1(C)C2c3ccccc3[O-]->[Ni+4]3(<-[O-]c4ccccc4C4=N->3C(C)(C)N([O-])C4(C)C)<-N=2C(C)(C)N1[O-]
NIZMAN,,C21 H16 N8 Ni1 O1 S2,0.0,CO->[Ni+2]12(<-[N-]=C=S)(<-[N-]=C=S)<-n3ccccc3-c3nc(-c4ccccn4)nc(-c4ccccn->14)n->23,CO->[Ni+2]12(<-[N-]=C=S)(<-[N-]=C=S)<-n3ccccc3-c3nc(-c4ccccn4)nc(-c4ccccn->14)n->23,CO->[Ni+2]12(<-[N-]=C=S)(<-[N-]=C=S)<-n3ccccc3-c3nc(-c4ccccn4)nc(-c4ccccn->14)n->23
NOBBEN,,C25 H34 N2 Ru1 Si1,0.0,fail,C[Si-]1(C)n2ccc3cccn(->[Ru+2]<-145678(<-C1=C->4[CH-]->5CCCC=C1)<-C1=C->6CCC->7=C->8CC1)c32,C[Si-]1(C)n2ccc3cccn(->[Ru+2]<-145678(<-C1=C->4[CH-]->5CCCC=C1)<-C1=C->6CCC->7=C->8CC1)c32
NOBCUD,CC1=C(C)N(c2ccccc2C)C(->[Ru+4]2(<-[Cl-])(<-[Cl-])<-[CH-]=C3C=C[CH-]C=C3O->2C(C)C)#S1,C22 H25 Cl2 N1 O1 Ru1 S1,0.0,fail,CC1=C(C)N(c2ccccc2C)C(->[Ru+2]2(<-[Cl-])(<-[Cl-])<-[CH]c3ccccc3O->2C(C)C)#S1,CC1=C(C)N(c2ccccc2C)C(->[Ru+2]2(<-[Cl-])(<-[Cl-])<-[CH]c3ccccc3O->2C(C)C)#S1
NOCCIT,COc1ccccc1/N1=C/c2ccccn2->[Cd+2]<-1(<-[I-])<-[I-],C13 H12 Cd1 I2 N2 O1,0.0,CO1c2ccccc2N2=Cc3ccccn3->[Cd+2]<-2<-1(<-[I-])<-[I-],CO1c2ccccc2N2=Cc3ccccn3->[Cd+2]<-2<-1(<-[I-])<-[I-],COc1ccccc1N1=Cc2ccccn2->[Cd+2]<-1(<-[I-])<-[I-]
NODDAL,C[B-]12O[N-]3C4=C(N(=O)->[Re+5]<-356(<-[N-]=C=S)(<-N(=O)C3=C([N-]->5O1)CCCC3)<-N(=O)C1=C([N-]->6O2)CCCC1)CCCC4,C20 H29 B1 N7 O6 Re1 S1,0.0,C[B-]12ON3=C4CCCCC4=N([O])->[Re+2]<-345(<-[N-]=C=S)(<-N(O)=C3CCCCC3=N->4O1)<-N(O)=C1CCCCC1=N->5O2,,C[B-]12O[N-]3C4=C(N(=O)->[Re+5]<-356(<-[N-]=C=S)(<-N(=O)C3=C([N-]->5O1)CCCC3)<-N(=O)C1=C([N-]->6O2)CCCC1)CCCC4
NODZUE,CO->[Y+3]123(<-O=C4C=Cc5ccccc5/C4=C/Nc4ccc(Br)cc4)(<-O=C4C=Cc5ccccc5/C4=C/Nc4ccc(Br)cc4)(<-[O-][N+](=O)[O-]->1)(<-[O-][N+](=O)[O-]->2)<-[O-][N+](=O)[O-]->3,C35 H28 Br2 N5 O12 Y1,0.0,CO->[Y+3]123(<-[O-]c4ccc5ccccc5c4C=[NH+]c4ccc(Br)cc4)(<-[O-]c4ccc5ccccc5c4C=[NH+]c4ccc(Br)cc4)(<-[O-][N+](=O)[O-]->1)(<-[O-][N+](=O)[O-]->2)<-[O-][N+](=O)[O-]->3,CO->[Y+3]123(<-O=C4C=Cc5ccccc5C4=CNc4ccc(Br)cc4)(<-O=C4C=Cc5ccccc5C4=CNc4ccc(Br)cc4)(<-[O-][N+](=O)[O-]->1)(<-[O-][N+](=O)[O-]->2)<-[O-][N+](=O)[O-]->3,CO->[Y+3]1234(<-O=C5C=Cc6ccccc6C5=CNc5ccc(Br)cc5)(<-O=C5C=Cc6ccccc6C5=CNc5ccc(Br)cc5)(<-[O-][N+](=O)[O-]->1)(<-[O-][N+](=O)[O-]->2)<-[O-][N+]->3(=O)[O-]->4
NOFLUS,O=C1[O-]->[Ni@SP2+2]23<-N(/C(=O)[C@@H]4CCCN->24Cc2ccccc2)=C2/C=CC=C/C2=C(\c2ccccc2)[N-]->3[C@H]1Cn1ccc2cc(Br)ccc21,C36 H31 Br1 N4 Ni1 O3,0.0,O=C1[O-]->[Ni+2]23<-N(=C(c4ccccc4)c4ccccc4[N-]->2C(=O)C2CCCN->32Cc2ccccc2)C1Cn1ccc2cc(Br)ccc21,O=C1[O-]->[Ni+2]23<-N(=C(c4ccccc4)c4ccccc4[N-]->2C(=O)C2CCCN->32Cc2ccccc2)C1Cn1ccc2cc(Br)ccc21,O=C1[O-]->[Ni+2]23<-N(=C(c4ccccc4)c4ccccc4[N-]->2C(=O)C2CCCN->32Cc2ccccc2)C1Cn1ccc2cc(Br)ccc21
NOGNAY,,C22 H25 Mn1 O4,0.0,CCO[C-2](C(C)C(CC(C)=O)c1ccccc1)->[Mn+3]1234(<-[C-]#[O+])(<-[C-]#[O+])<-c5c->1c->2[cH-]->3c->45,CCO[C](C(C)C(CC(C)=O)c1ccccc1)->[Mn+]1234(<-[C-]#[O+])(<-[C-]#[O+])<-c5c->1c->2[cH-]->3c->45,CCO[C](C(C)C(CC(C)=O)c1ccccc1)->[Mn+]1234(<-[C-]#[O+])(<-[C-]#[O+])<-c5c->1c->2[cH-]->3c->45
NOGTOS,,C21 H39 Cl1 P3 Rh1 Si1,0.0,CP(C)(C)->[RhH2+](<-[Si-](Cl)(c1ccccc1)c1ccccc1)(<-P(C)(C)C)<-P(C)(C)C,CP(C)(C)->[RhH2+](<-[Si-](Cl)(c1ccccc1)c1ccccc1)(<-P(C)(C)C)<-P(C)(C)C,CP(C)(C)->[RhH2+](<-[Si-](Cl)(c1ccccc1)c1ccccc1)(<-P(C)(C)C)<-P(C)(C)C
NOJBEW,Oc1ccc(/N=N/c2ccc(Br)cc2)cc1C1=O->[Zn+2]2(<-O=C([O-]->2)c2cc(/N=N/c3ccc(Br)cc3)ccc2O)(<-[O-]1)(<-n1ccccc1)<-n1ccccc1,C36 H26 Br2 N6 O6 Zn1,0.0,O=C([O-]->[Zn+2](<-[O-]C(=O)c1cc(N=Nc2ccc(Br)cc2)ccc1O)(<-n1ccccc1)<-n1ccccc1)c1cc(N=Nc2ccc(Br)cc2)ccc1O,O=C([O-]->[Zn+2](<-[O-]C(=O)c1cc(N=Nc2ccc(Br)cc2)ccc1O)(<-n1ccccc1)<-n1ccccc1)c1cc(N=Nc2ccc(Br)cc2)ccc1O,Oc1ccc(N=Nc2ccc(Br)cc2)cc1[C-]12[O-]->[Zn+6]<-134(<-[O-]2)(<-[O-][C-]->3([O-]->4)c1cc(N=Nc2ccc(Br)cc2)ccc1O)(<-n1ccccc1)<-n1ccccc1
NOKJUU,O=N1/C=C2/C=CC=C[N-]2->[Co+3]<-123(<-N(=O)/C=C1/C=CC=C[N-]->21)<-N(/O)=C\c1ccccn->31,C18 H16 Co1 N6 O3 1+,1.0,[O]N1=Cc2ccccn2->[Co+]<-123(<-N([O])=Cc1ccccn->21)<-N(O)=Cc1ccccn->31,O=N1C=C2C=CC=C[N-]2->[Co+3]<-123(<-N(=O)C=C1C=CC=C[N-]->21)<-N(O)=Cc1ccccn->31,O=N1C=C2C=CC=C[N-]2->[Co+3]<-123(<-N(=O)C=C1C=CC=C[N-]->21)<-N(O)=Cc1ccccn->31
NOLMEH,Cn1ccn2[BH2-]n3ccn(C)c3=S->[Ag+](<-S=c12)<-P(c1ccccc1)(c1ccccc1)c1ccccc1,C26 H27 Ag1 B1 N4 P1 S2,0.0,Cn1ccn2[BH2-]n3ccn(C)c3=S->[Ag+](<-S=c12)<-P(c1ccccc1)(c1ccccc1)c1ccccc1,Cn1ccn2[BH2-]n3ccn(C)c3=S->[Ag+](<-S=c12)<-P(c1ccccc1)(c1ccccc1)c1ccccc1,Cn1ccn2[BH2-]n3ccn(C)c3=S->[Ag+](<-S=c12)<-P(c1ccccc1)(c1ccccc1)c1ccccc1
NOMCEA,,C25 H39 B1 N7 O2 P1 W1,0.0,Cc1cc(C)[n-]2->[W+4]3(<-[C-3]P(C)N(C(C)C)C(C)C)(<-[C-]#[O+])(<-[C-]#[O+])<-[n-]4c(C)cc(C)[n+]4[BH-]([n+]12)[n+]1c(C)cc(C)[n-]->31,Cc1cc(C)n2->[W+2]3(<-[C-]#[O+])(<-[C-]#[O+])(<-[C-]#P(C)N(C(C)C)C(C)C)<-n4c(C)cc(C)n4[BH-](n12)n1c(C)cc(C)n->31,Cc1cc(C)n2->[W+2]34(<-[C-]#[O+])(<-C(=O)=[C-]->3P(C)N(C(C)C)C(C)C)<-n3c(C)cc(C)n3[BH-](n12)n1c(C)cc(C)n->41
NOMMOU,Cc1n(C)c[c-]2->[Ru+2]345678(<-[Cl-])(<-C=C->3(C)C[n+]12)<-c1c->4c->5(C(C)C)c->6c->7c->81C,C19 H28 Cl1 N2 Ru1 1+,1.0,Cc1n2CC3(C)=C->[Ru+]<-345678(<-[Cl-])(<-[c]2c[n+]1C)<-c1c->4c->5(C(C)C)c->6c->7c->81C,Cc1n(C)c[c-]2->[Ru+2]345678(<-[Cl-])(<-C=C->3(C)C[n+]12)<-c1c->4c->5(C(C)C)c->6c->7c->81C,Cc1n(C)c[c-]2->[Ru+2]345678(<-[Cl-])(<-C=C->3(C)C[n+]12)<-c1c->4c->5(C(C)C)c->6c->7c->81C
NONGAA,,C24 H41 N3 O2 W1,0.0,CC1=N(C(C)C)->[W+3]23456(<-[C-]#[O+])(<-[C](=O)[N-]->2C(C)(C)C)(<-[N-]1C(C)C)<-c1(C)c->3(C)c->4(C)[c-]->5(C)c->61C,CC1=N(C(C)C)->[W+2]23456(<-[C-]#[O+])(<-C(=O)=N->2C(C)(C)C)(<-[N-]1C(C)C)<-c1(C)c->3(C)c->4(C)[c-]->5(C)c->61C,CC1=N(C(C)C)->[W+2]23456(<-[C-]#[O+])(<-C(=O)=N->2C(C)(C)C)(<-[N-]1C(C)C)<-c1(C)c->3(C)c->4(C)[c-]->5(C)c->61C
NONVAO,,C24 H51 N1 Os1 P2,0.0,Cc1cccc2->[OsH3](<-n12)(<-P(C(C)C)(C(C)C)C(C)C)<-P(C(C)C)(C(C)C)C(C)C,Cc1ccc[c-]2->[OsH3+](<-n12)(<-P(C(C)C)(C(C)C)C(C)C)<-P(C(C)C)(C(C)C)C(C)C,Cc1ccc[c-]2->[OsH3+](<-n12)(<-P(C(C)C)(C(C)C)C(C)C)<-P(C(C)C)(C(C)C)C(C)C
NONZUM,,C34 H28 N6 Ni1 O2,0.0,C1c2ccccc2[O-]->[Ni+2]2(<-[O-]c3ccccc3C=N->2c2ccccn2)(<-N=1c1ccccn1)(<-n1ccccc1)<-n1ccccc1,C1c2ccccc2[O-]->[Ni+2]2(<-[O-]c3ccccc3C=N->2c2ccccn2)(<-N=1c1ccccn1)(<-n1ccccc1)<-n1ccccc1,C1=N(c2ccccn2)->[Ni+2]2(<-[O-]c3ccccc31)<-[O-]c1ccccc1C=N->2c1ccccn1.c1ccncc1.c1ccncc1
NOPTAQ,C1=N/C2=C/[N-]3CCCCCCCCCCCCCC/N4=C/c5ncc[n-]5->[Pt@SP2+2]<-4<-3<-N2=C1,C22 H34 N6 Pt1,0.0,C1c2ncc[n-]2->[Pt+2]23<-N=1CCCCCCCCCCCCCCN->2=Cc1ncc[n-]->31,C1=NC2=C[N-]3CCCCCCCCCCCCCCN4=Cc5ncc[n-]5->[Pt+2]<-4<-3<-N2=C1,C1=NC2=C[N-]3CCCCCCCCCCCCCCN4=Cc5ncc[n-]5->[Pt+2]<-4<-3<-N2=C1
NOQRER,O=C(O)c1cccc2C(=O)[O-]->[Zn+2]34(<-[O-]C(=O)c5cccc(C(=O)[O-]->3)n->45)<-n12,C14 H7 N2 O8 Zn1 1-,-1.0,O=C1[O-]->[Zn+2]234(<-O=C(O)c5cccc(C(=O)[O-]->2)n->35)<-[O-]C(=O)c2cccc1n->42,O=C(O)c1cccc2C(=O)[O-]->[Zn+2]34(<-[O-]C(=O)c5cccc(C(=O)[O-]->3)n->45)<-n12,O=C(O)c1cccc2C(=O)[O-]->[Zn+2]34(<-[O-]C(=O)c5cccc(C(=O)[O-]->3)n->45)<-n12
NORNIR,C[P+](C)(C)[B-]1(c2ccccc2)[c-]23->[Zr+4]456789%10(<-[Cl-])(<-[Cl-])(<-c(c->4c->52)c->63)<-c2c->7c->8[c-]->91c->%102,C19 H22 B1 Cl2 P1 Zr1,0.0,C[P](C)(C)[B-]1(c2ccccc2)c23->[Zr+5]456789%10(<-[Cl-])(<-[Cl-])(<-c%11c->4[cH-]->5c->61c->7%11)<-c(c->82)[cH-]->9c->%103,C[P+](C)(C)[B-]1(c2ccccc2)[c-]23->[Zr+4]456789%10(<-[Cl-])(<-[Cl-])(<-c(c->4c->52)c->63)<-c2c->7c->8[c-]->91c->%102,C[P+](C)(C)[B-]1(c2ccccc2)[c-]23->[Zr+4]456789%10(<-[Cl-])(<-[Cl-])(<-c(c->4c->52)c->63)<-c2c->7c->8[c-]->91c->%102
NOSFEG,Cc12->[Y+3]3456789%10%11(<-[Cl-])<-c%12c->3[c-]->4([Si](C)(C)[c-]->5(c->61C)c->7(C)c->82C)c->9c->%10%12CCN->%11(C)C,C20 H31 Cl1 N1 Si1 Y1,0.0,Cc12->[Y+3]3456789%10%11(<-[Cl-])<-c%12[cH-]->3c->4(CCN->5(C)C)c->6c->7%12[Si](C)(C)[c-]->8(c->91C)c->%10(C)c->%112C,Cc12->[Y+3]3456789%10%11(<-[Cl-])<-c%12c->3[c-]->4([Si](C)(C)c->5(c->61C)[c-]->7(C)c->82C)c->9c->%10%12CCN->%11(C)C,Cc1c2[Si](C)(C)[c-]34->[Y+3]56789(<-[Cl-])(<-c(c->53)c->6(CCN->7(C)C)c->84)<-c2(C)[c-]->9(C)c1C
NOSWEZ,,C21 H44 Fe1 P2,0.0,fail,CC(C)P1(CCCP(C(C)C)(C(C)C)->[FeH2]<-123<-C1=CCCC->2=C->31)C(C)C,CC(C)P1(CCCP(C(C)C)(C(C)C)->[FeH2]<-123<-C1=CCCC->2=C->31)C(C)C
NOVPOD,CC(C)N(C(C)C)P1(N(C(C)C)C(C)C)=P(->[W](<-[C-]#[O+])(<-[C-]#[O+])(<-[C-]#[O+])(<-[C-]#[O+])<-[C-]#[O+])C(C(C)(C)C)=C1,C23 H38 N2 O5 P2 W1,0.0,CC(C)N(C(C)C)[P]1(N(C(C)C)C(C)C)C=C(C(C)(C)C)[P-]1->[W+](<-[C-]#[O+])(<-[C-]#[O+])(<-[C-]#[O+])(<-[C-]#[O+])<-[C-]#[O+],CC(C)N(C(C)C)P1(N(C(C)C)C(C)C)=P(->[W](<-[C-]#[O+])(<-[C-]#[O+])(<-[C-]#[O+])(<-[C-]#[O+])<-[C-]#[O+])C(C(C)(C)C)=C1,CC(C)N(C(C)C)P1(N(C(C)C)C(C)C)=P(->[W](<-[C-]#[O+])(<-[C-]#[O+])(<-[C-]#[O+])(<-[C-]#[O+])<-[C-]#[O+])C(C(C)(C)C)=C1
NOWPIA,O=C1N[C@H]([C@@H]2C(=O)[O-]->[Ni@SP2+2]34<-N(/C(=O)[C@@H]5CCCN->35Cc3ccccc3)=C3/C=CC=C/C3=C(\c3ccccc3)[N-]->42)c2ccccc21,C35 H30 N4 Ni1 O4,0.0,O=C1NC(C2C(=O)[O-]->[Ni+2]34<-N2=C(c2ccccc2)c2ccccc2[N-]->3C(=O)C2CCCN->42Cc2ccccc2)c2ccccc21,O=C1NC(C2C(=O)[O-]->[Ni+2]34<-N(C(=O)C5CCCN->35Cc3ccccc3)=C3C=CC=CC3=C(c3ccccc3)[N-]->42)c2ccccc21,O=C1NC(C2C(=O)[O-]->[Ni+2]34<-N(C(=O)C5CCCN->35Cc3ccccc3)=C3C=CC=CC3=C(c3ccccc3)[N-]->42)c2ccccc21
NOXJER,CC1=O->[Pt@@+2]2(<-[O-]/C(C)=C\1c1c(C)c(C)cc(C)c1C)<-[C]1N(C)C=CN1c1cccc[c-]->21,C25 H28 N2 O2 Pt1,0.0,fail,CC1=O->[Pt+2]2(<-[O-]C(C)=C1c1c(C)c(C)cc(C)c1C)<-[C]1N(C)C=CN1c1cccc[c-]->21,CC1=O->[Pt+2]2(<-[O-]C(C)=C1c1c(C)c(C)cc(C)c1C)<-[C]1N(C)C=CN1c1cccc[c-]->21
NOXTUR,CC(C)N1C=CN2CN3C=CN(C(C)C)[C]3->[Pd+2]3(<-[S-]SS[S-]->3)<-[C]21,C13 H20 N4 Pd1 S4,0.0,CC(C)N1C=CN2CN3C=CN(C(C)C)[C]3->[Pd+2]3(<-[S-]SS[S-]->3)<-[C]21,CC(C)N1C=CN2CN3C=CN(C(C)C)[C]3->[Pd]3(<-S=S=S=S->3)<-[C]21,CC(C)N1C=CN2CN3C=CN(C(C)C)[C]3->[Pd]3(<-S=S=S=S->3)<-[C]21
NOYSIF,Cc1ccc([C-]23c4ccc(C)cc4->[Ti+4]<-2456789%10%11(<-c2c->4c->5[cH-]->6c->72)(<-c2c->8c->9[cH-]->%10c->%112)<-[N-]3c2ccccc2)cc1,C31 H29 N1 Ti1,0.0,Cc1ccc(C2c3ccc(C)cc3->[Ti+2]3456789%10(<-c%11c->3c->4[cH-]->5c->6%11)(<-c3c->7c->8[cH-]->9c->%103)<-N=2c2ccccc2)cc1,Cc1ccc(C2c3ccc(C)cc3->[Ti+2]3456789%10(<-c%11c->3c->4[cH-]->5c->6%11)(<-c3c->7c->8[cH-]->9c->%103)<-N=2c2ccccc2)cc1,Cc1ccc(C2c3ccc(C)cc3->[Ti+2]3456789%10(<-c%11c->3c->4[cH-]->5c->6%11)(<-c3c->7c->8[cH-]->9c->%103)<-N=2c2ccccc2)cc1
NOZBAH,,C25 H44 B1 Cl1 N2 O1 P2 Ru1,0.0,CC(C)(C)P1(CN2[BH2-]3->[Ru+2]<-1(<-[Cl-])(<-[C-]#[O+])<-P(CN3c1ccccc12)(C(C)(C)C)C(C)(C)C)C(C)(C)C,CC(C)(C)P1(Cn2b3->[Ru]<-1(<-[Cl-])(<-[C-]#[O+])<-P(C[n+]3c1ccccc12)(C(C)(C)C)C(C)(C)C)C(C)(C)C,CC(C)(C)P1(Cn2c3ccccc3n3CP(C(C)(C)C)(C(C)(C)C)->[Ru+2]<-14(<-[Cl-])<-C(=O)=[b-]->423)C(C)(C)C
NPICPO,,C16 H8 Fe1 O5,0.0,O=[C-]1c2cc3ccccc3cc2[CH2-]->[Fe+2]<-1(<-[C-]#[O+])(<-[C-]#[O+])(<-[C-]#[O+])<-[C-]#[O+],O=[C-]1c2cc3ccccc3cc2[CH2-]->[Fe+2]<-1(<-[C-]#[O+])(<-[C-]#[O+])(<-[C-]#[O+])<-[C-]#[O+],O=C1=c2cc3ccccc3cc2=C->[Fe]<-1(<-[C-]#[O+])(<-[C-]#[O+])(<-[C-]#[O+])<-[C-]#[O+]
NUBRUZ,,C21 H43 Fe1 N3 O1 P3 1+,1.0,CC(C)P1(Nc2cccc3NP(C(C)C)(C(C)C)->[FeH+]<-1(<-[C-]#[O+])(<-n23)<-P(C)(C)C)C(C)C,CC(C)P1(Nc2cccc3NP(C(C)C)(C(C)C)->[FeH+]<-1(<-[C-]#[O+])(<-n23)<-P(C)(C)C)C(C)C,CC(C)P1(Nc2cccc3NP(C(C)C)(C(C)C)->[FeH+]<-1(<-[C-]#[O+])(<-n23)<-P(C)(C)C)C(C)C
NUCSEL,CC(C)(C)N1Cc23->[Co@TB17+]<-14(<-[Cl-])<-n2c(CP->4(C(C)(C)C)C(C)(C)C)ccc3,C19 H35 Cl1 Co1 N2 P1,0.0,CC(C)(C)N1Cc2cccc3CP(C(C)(C)C)(C(C)(C)C)->[Co+]<-1(<-[Cl-])<-n23,CC(C)(C)N1Cc2cccc3CP(C(C)(C)C)(C(C)(C)C)->[Co+]<-1(<-[Cl-])<-n23,CC(C)(C)N1Cc2cccc3CP(C(C)(C)C)(C(C)(C)C)->[Co+]<-1(<-[Cl-])<-n23
NUGDIC,C[C@]1(C2C3->[Cr+2]4567(<-[C-]#[O+])(<-[C-]#[O+])(<-[C-]#[O+])<-C2=C->4C->5=C->6C->7=3)N=C(c2ccccc2)O[C-]1[O-],C20 H15 Cr1 N1 O5,0.0,CC1(C2C3->[Cr]4567(<-[C-]#[O+])(<-[C-]#[O+])(<-[C-]#[O+])<-C2=C->4C->5=C->6C->7=3)N=C(c2ccccc2)OC1=O,CC1(C2C3->[Cr]4567(<-[C-]#[O+])(<-[C-]#[O+])(<-[C-]#[O+])<-C2=C->4C->5=C->6C->7=3)N=C(c2ccccc2)OC1=O,CC1(C2C3->[Cr]4567(<-[C-]#[O+])(<-[C-]#[O+])(<-[C-]#[O+])<-C2=C->4C->5=C->6C->7=3)N=C(c2ccccc2)OC1=O
NUHBUN,CC(C)(C)[N-2]->[Ti+4]12(<-[Cl-])(<-[Cl-])<-N3(C)CCN->1(C)CCN->2(C)CC3,C13 H30 Cl2 N4 Ti1,0.0,CC(C)(C)[N-2]->[Ti+4]12(<-[Cl-])(<-[Cl-])<-N3(C)CCN->1(C)CCN->2(C)CC3,CC(C)(C)[N-2]->[Ti+4]12(<-[Cl-])(<-[Cl-])<-N3(C)CCN->1(C)CCN->2(C)CC3,CC(C)(C)[N-2]->[Ti+4]12(<-[Cl-])(<-[Cl-])<-N3(C)CCN->1(C)CCN->2(C)CC3
NUJSIV,,C10 H17 Cd1 N5 O8 S1,0.0,O=S(=O)([O-])[O-]->[Cd+2](<-O)(<-O)(<-O)(<-O)<-n1ccn(Cn2nnc3ccccc32)c1,O=S(=O)([O-])[O-]->[Cd+2](<-O)(<-O)(<-O)(<-O)<-n1ccn(Cn2nnc3ccccc32)c1,O.O=S1(=O)[O-]->[Cd+2](<-O)(<-O)(<-O)(<-n2ccn(Cn3nnc4ccccc43)c2)<-[O-]1
NULMUD,Cc1ccc2ccc3ccc(C)n4->[Pd+2](<-[Cl-])(<-[Cl-])(<-[C-]#[O+])<-n1c2c34,C15 H12 Cl2 N2 O1 Pd1,0.0,Cc1ccc2ccc3ccc(C)n4->[Pd+2](<-[Cl-])(<-[Cl-])(<-[C-]#[O+])<-n1c2c34,Cc1ccc2ccc3ccc(C)n4->[Pd+2](<-[Cl-])(<-[Cl-])(<-[C-]#[O+])<-n1c2c34,Cc1ccc2ccc3ccc(C)n(->[Pd+2](<-[Cl-])(<-[Cl-])<-[C-]#[O+])c3c2n1
NUMTIA,N/C1=C2\[CH-]C=C3C(=C4[CH+][CH+][CH+][CH-][CH-]4)C4=N5->[Zn@OH24+2]6(<-n7ccccc7)(<-[N-]32)<-[n-]2c(ccc2/C(c2ccccc2)=C\5C=C4)C(=C2[CH+][CH-][CH+][CH+][CH-]2)c2ccc1[n-]->62,C43 H30 N6 Zn1,0.0,Nc1c2n3->[Zn+2]45(<-n6ccccc6)<-n6c(c(-c7ccccc7)c7ccc1[n-]->47)C=Cc6c(-c1ccccc1)c1ccc(c(-c4ccccc4)c3C=C2)[n-]->51,NC1=C2C=CC3=N2->[Zn]24(<-N5=C1C=CC5=C(c1ccccc1)C1=N->2C(=C(c2ccccc2)C2=N->4C(=C3c3ccccc3)C=C2)C=C1)<-n1ccccc1,NC1=C2C=CC3=N2->[Zn]24(<-N5=C1C=CC5=C(c1ccccc1)C1=N->2C(=C(c2ccccc2)C2=N->4C(=C3c3ccccc3)C=C2)C=C1)<-n1ccccc1
NUPROH,,C37 H29 N3 O2 Pd1,0.0,COc1ccc2[O-]->[Pd+2]3(<-[c-]4ccccc4-c4ccccn->34)<-N(=Cc2c1)c1ccc(N(c2ccccc2)c2ccccc2)cc1,COc1ccc2[O-]->[Pd+2]3(<-[c-]4ccccc4-c4ccccn->34)<-N(=Cc2c1)c1ccc(N(c2ccccc2)c2ccccc2)cc1,COc1ccc2[O-]->[Pd+2]3(<-[c-]4ccccc4-c4ccccn->34)<-N(=Cc2c1)c1ccc(N(c2ccccc2)c2ccccc2)cc1
NURKEQ,COC(=O)[C@H]1c2ccccc2/[C-](=N/c2c(C)cccc2C)->[Pd@@+2](<-[Cl-])(<-[C-]#[N+]c2c(C)cccc2C)<-N1(C)C,C29 H32 Cl1 N3 O2 Pd1,0.0,COC(=O)C1c2ccccc2[C-](=Nc2c(C)cccc2C)->[Pd+2](<-[Cl-])(<-[C-]#[N+]c2c(C)cccc2C)<-N1(C)C,COC(=O)C1c2ccccc2[C-](=Nc2c(C)cccc2C)->[Pd+2](<-[Cl-])(<-[C-]#[N+]c2c(C)cccc2C)<-N1(C)C,COC(=O)C1c2ccccc2[C-](=Nc2c(C)cccc2C)->[Pd+2](<-[Cl-])(<-[C-]#[N+]c2c(C)cccc2C)<-N1(C)C
NUSMOE,CCN(CC)C1=S->[Fe+4]23(<-[S-]1)(<-[S-]/C(C#N)=C(/C#N)[S-]->2)<-[S-]/C(C#N)=C(/C#N)[S-]->3,C13 H10 Fe1 N5 S6 1-,-1.0,fail,CCN(CC)C1=S->[Fe+4]23(<-[S-]1)(<-[S-]C(C#N)=C(C#N)[S-]->2)<-[S-]C(C#N)=C(C#N)[S-]->3,CCN(CC)C1=S->[Fe+4]23(<-[S-]1)(<-[S-]C(C#N)=C(C#N)[S-]->2)<-[S-]C(C#N)=C(C#N)[S-]->3
NUVTAA,[Cl-]->[Ni+2]12(<-[Cl-])<-N(=C\c3ccccn3)/CCC/N->1=C/c1ccccn->21,C15 H16 Cl2 N4 Ni1,0.0,[Cl-]->[Ni+2]123(<-[Cl-])<-N(=Cc4ccccn->14)CCCN->2=Cc1ccccn->31,[Cl-]->[Ni+2]123(<-[Cl-])<-N(=Cc4ccccn->14)CCCN->2=Cc1ccccn->31,[Cl-]->[Ni+2]12(<-[Cl-])<-N(=Cc3ccccn3)CCCN->1=Cc1ccccn->21
NUWSIJ,,C24 H34 B1 N6 O2 P1 W1,0.0,Cc1cc(C)[n-]2->[W+3]3(<-[C-2]=[PH]C4CCCCC4)(<-[C-]#[O+])(<-[C-]#[O+])<-[n-]4c(C)cc(C)[n+]4[BH-]([n+]12)[n+]1c(C)cc(C)[n-]->31,Cc1cc(C)n2->[W+2]3(<-[C-]#[O+])(<-[C-]#[O+])(<-[C-]#[PH]C4CCCCC4)<-n4c(C)cc(C)n4[BH-](n12)n1c(C)cc(C)n->31,Cc1cc(C)n2->[W+2]34(<-[C-]#[O+])(<-C([O-])#C->3PC3CCCCC3)<-n3c(C)cc(C)n3[BH-](n12)n1c(C)cc(C)n->41
NUXRAB,CC(C)c1cccc(C(C)C)c1-n1ccn(-c2c(C(C)C)cccc2C(C)C)[b-]1=C(=O)->[Fe+2]1234(<-[C]=S)(<-[C-]#[O+])<-c5c->1c->2[cH-]->3c->45,C34 H41 B1 Fe1 N2 O2 S1,0.0,CC(C)c1cccc(C(C)C)c1N1C=CN(c2c(C(C)C)cccc2C(C)C)B1[C-](=O)->[Fe+4]1234(<-[C-2]=S)(<-[C-]#[O+])<-c5c->1c->2[cH-]->3c->45,CC(C)c1cccc(C(C)C)c1-n1ccn(-c2c(C(C)C)cccc2C(C)C)[b-]1=C(=O)->[Fe+2]1234(<-[C]=S)(<-[C-]#[O+])<-c5c->1c->2[cH-]->3c->45,CC(C)c1cccc(C(C)C)c1-n1ccn(-c2c(C(C)C)cccc2C(C)C)[b-]1=C(=O)->[Fe+2]1234(<-[C]=S)(<-[C-]#[O+])<-c5c->1c->2[cH-]->3c->45
NUZCUG,C=C(C)C1=N->[Co+3]2345(<-[C-](=C)N1C)(<-c1c->2c->3[cH-]->4c->51)<-[P@TB5](C)(C)c1ccccc1,C20 H27 Co1 N2 P1 1+,1.0,C=C(C)C1[NH-]->[Co+2]2345(<-[C](=C)[N+]=1C)(<-c1c->2c->3[cH-]->4c->51)<-P(C)(C)c1ccccc1,C=C(C)C1=N->[Co+3]2345(<-[C-](=C)N1C)(<-c1c->2c->3[cH-]->4c->51)<-P(C)(C)c1ccccc1,C=C(C)C1=N->[Co+3]2345(<-[C-](=C)N1C)(<-c1c->2c->3[cH-]->4c->51)<-P(C)(C)c1ccccc1
OBEFUY,CN(C)C(N(C)C)=N1CCN2CCN(=C(N(C)C)N(C)C)->[Zn+2]<-1(<-[Cl-])<-N(CC2)=C(N(C)C)N(C)C,C21 H48 Cl1 N10 Zn1 1+,1.0,CN(C)C(N(C)C)=N1CCN23CCN(=C(N(C)C)N(C)C)->[Zn+2]<-1<-2(<-[Cl-])<-N(CC3)=C(N(C)C)N(C)C,CN(C)C(N(C)C)=N1CCN23CCN(=C(N(C)C)N(C)C)->[Zn+2]<-1<-2(<-[Cl-])<-N(CC3)=C(N(C)C)N(C)C,CN(C)C(N(C)C)=N1CCN23CCN(=C(N(C)C)N(C)C)->[Zn+2]<-1<-2(<-[Cl-])<-N(CC3)=C(N(C)C)N(C)C
OBIKUF,CC(C)(C)[N-]1[Si]23([N-](C(C)(C)C)->[Ti+4]<-1<-2(<-[Cl-])<-[Cl-])CCCC3,C12 H26 Cl2 N2 Si1 Ti1,0.0,CC(C)(C)[N-]1[Si]2([N-](C(C)(C)C)->[Ti+4]<-1(<-[Cl-])<-[Cl-])CCCC2,[CH2-]CCC[Si]1=N(C(C)(C)C)->[Ti+4](<-[Cl-])(<-[Cl-])<-[N-]1C(C)(C)C,[CH2-]CCC[Si]1=N(C(C)(C)C)->[Ti+4](<-[Cl-])(<-[Cl-])<-[N-]1C(C)(C)C
OBITIC,[Cl-]->[Ru+2]12(<-n3ccc(-c4ccncc4)cc3)(<-n3ccccc3-c3ccccn->13)<-n1ccccc1-c1ccccn->21,C30 H24 Cl1 N6 Ru1 1+,1.0,[Cl-]->[Ru+2]12(<-n3ccc(-c4ccncc4)cc3)(<-n3ccccc3-c3ccccn->13)<-n1ccccc1-c1ccccn->21,[Cl-]->[Ru+2]12(<-n3ccc(-c4ccncc4)cc3)(<-n3ccccc3-c3ccccn->13)<-n1ccccc1-c1ccccn->21,[Cl-]->[Ru+2]12(<-n3ccc(-c4ccncc4)cc3)(<-n3ccccc3-c3ccccn->13)<-n1ccccc1-c1ccccn->21
OBOGOD,CC(=O)c1ccc(-c2ccn(->[Hg+2](<-[Br-])(<-[Br-])<-n3ccc(-c4ccc(C(C)=O)cc4)cc3)cc2)cc1,C26 H22 Br2 Hg1 N2 O2,0.0,CC(=O)c1ccc(-c2ccn(->[Hg+2](<-[Br-])(<-[Br-])<-n3ccc(-c4ccc(C(C)=O)cc4)cc3)cc2)cc1,CC(=O)c1ccc(-c2ccn(->[Hg+2](<-[Br-])(<-[Br-])<-n3ccc(-c4ccc(C(C)=O)cc4)cc3)cc2)cc1,CC(=O)c1ccc(-c2ccncc2)cc1.CC(=O)c1ccc(-c2ccncc2)cc1.[Br-]->[Hg+2]<-[Br-]
OBOSAZ,C=CC[S-]->[W+6](<-[S-2])(<-[S-2])<-[S-2],C3 H5 S4 W1 1-,-1.0,C=CC[S-]->[W+7](<-[S-3])(<-[S-2])<-[S-2],C=CC[S-]->[W+6](<-[S-2])(<-[S-2])<-[S-2],C=CC[S-]->[W+6](<-[S-2])(<-[S-2])<-[S-2]
OCABAW,O=C1[O-]->[Co+3]234(<-O)(<-O=N->2[O-]->3)(<-[O-]C(=O)c2ccccn->42)<-n2ccccc21,C12 H10 Co1 N3 O7,0.0,O=C1[O-]->[Co+]2(<-O)(<-[O-]C(=O)c3ccccn->23)(<-n2ccccc21)<-[N+](=O)=O,O=C1[O-]->[Co+3]2(<-O)(<-[O-]C(=O)c3ccccn->23)(<-N(=O)[O-])<-n2ccccc21,O=C1[O-]->[Co+3]2(<-O)(<-[O-]C(=O)c3ccccn->23)(<-N(=O)[O-])<-n2ccccc21
OCIJES,CS1c2ccccc2/N2=C/C=N3/c4ccccc4S(C)->[Ru+2]<-2<-3<-1(<-[Cl-])<-[Cl-],C16 H16 Cl2 N2 Ru1 S2,0.0,CS1c2ccccc2N2=CC=N3c4ccccc4S(C)->[Ru+2]<-2<-3<-1(<-[Cl-])<-[Cl-],CS1c2ccccc2N2=CC=N3c4ccccc4S(C)->[Ru+2]<-2<-3<-1(<-[Cl-])<-[Cl-],CS1c2ccccc2N2=CC=N3c4ccccc4S(C)->[Ru+2]<-2<-3<-1(<-[Cl-])<-[Cl-]
OCODIV,,C17 H39 N1 O1 Os1 P2,0.0,CC(C)P1(CCN2CCP(C(C)C)(C(C)C)->[OsH2]<-2<-1<-[C-]#[O+])C(C)C,CC(C)P1(CCN2CCP(C(C)C)(C(C)C)->[OsH2]<-2<-1<-[C-]#[O+])C(C)C,CC(C)P1(CCN2CCP(C(C)C)(C(C)C)->[OsH2]<-2<-1<-[C-]#[O+])C(C)C
OCOSOP,Cn1c2ccccc2c2C=O->[Mn+](<-[C-]#[O+])(<-[C-]#[O+])(<-[C-]#[O+])(<-[C-]#[O+])<-[c-]21,C14 H8 Mn1 N1 O5,0.0,Cn1c2ccccc2c2C=O->[Mn](<-[C-]#[O+])(<-[C-]#[O+])(<-[C-]#[O+])(<-[C-]#[O+])<-[c]21,Cn1c2ccccc2c2C=O->[Mn+](<-[C-]#[O+])(<-[C-]#[O+])(<-[C-]#[O+])(<-[C-]#[O+])<-[c-]21,Cn1c2ccccc2c2C=O->[Mn+](<-[C-]#[O+])(<-[C-]#[O+])(<-[C-]#[O+])(<-[C-]#[O+])<-[c-]21
OCULUW,O=C(c1cnccn1)[N-](->[Hg+2]<-[N-](C(=O)c1cnccn1)c1c(F)cccc1F)c1c(F)cccc1F,C22 H12 F4 Hg1 N6 O2,0.0,O=C1c2cnccn2->[Hg+2]2(<-n3ccncc3C(=O)[N-]->2c2c(F)cccc2F)<-[N-]1c1c(F)cccc1F,O=C(c1cnccn1)[N-](->[Hg+2]<-[N-](C(=O)c1cnccn1)c1c(F)cccc1F)c1c(F)cccc1F,O=C1c2cnccn2->[Hg+2]2(<-n3ccncc3C(=O)[N-]->2c2c(F)cccc2F)<-[N-]1c1c(F)cccc1F
ODABUQ,Cc1ccc2-c3ccc(C)cn3->[Ag+]3(<-[O-][N+](=O)[O-]->3)<-n2c1,C12 H12 Ag1 N3 O3,0.0,Cc1ccc2-c3ccc(C)cn3->[Ag+](<-[O-][N+](=O)[O-])<-n2c1,Cc1ccc2-c3ccc(C)cn3->[Ag+](<-[O-][N+](=O)[O-])<-n2c1,Cc1ccc2-c3ccc(C)cn3->[Ag+]3(<-[O-][N+](=O)[O-]->3)<-n2c1
ODAXEY,,C25 H22 Au1 I2 P2 Se1 1+,1.0,[I-]->[Au+3]1(<-[I-])<-[Se]=P(CP->1(c1ccccc1)c1ccccc1)(c1ccccc1)c1ccccc1,[I-]->[Au+3]1(<-[I-])<-[Se]=P(CP->1(c1ccccc1)c1ccccc1)(c1ccccc1)c1ccccc1,[I-]->[Au+3]1(<-[I-])<-[Se]=P(CP->1(c1ccccc1)c1ccccc1)(c1ccccc1)c1ccccc1
ODICIP,O=N([O-])->[Ru+2](<-N(=O)[O-])(<-n1ccccc1)(<-n1ccccc1)(<-n1ccccc1)<-n1ccccc1,C20 H20 N6 O4 Ru1,0.0,O=[N+](=O)->[Ru-2](<-n1ccccc1)(<-n1ccccc1)(<-n1ccccc1)(<-n1ccccc1)<-[N+](=O)=O,O=N([O-])->[Ru+2](<-N(=O)[O-])(<-n1ccccc1)(<-n1ccccc1)(<-n1ccccc1)<-n1ccccc1,O=N([O-])->[Ru+2](<-N(=O)[O-])(<-n1ccccc1)(<-n1ccccc1)(<-n1ccccc1)<-n1ccccc1
ODIWUU,,C14 H9 Cl1 N5 O3 Re1,0.0,fail,[O+]#[C-]->[Re+]1(<-[Cl-])(<-[C-]#[O+])(<-[C-]#[O+])<-n2c(-n3cccn3)cccc2-n2cccn->12,[O+]#[C-]->[Re+]1(<-[Cl-])(<-[C-]#[O+])(<-[C-]#[O+])<-n2c(-n3cccn3)cccc2-n2cccn->12
ODOVUA,,C28 H27 Fe1 N3 O4,0.0,Cc1cc(C)c(N2C(=O)N=C([O-])N(c3c(C)cc(C)cc3C)[C]2->[Fe+2]2345(<-[C-]#[O+])(<-[C-]#[O+])<-c6c->2c->3[cH-]->4c->56)c(C)c1,Cc1cc(C)c(N2C(=O)N=C([O-])N(c3c(C)cc(C)cc3C)[C]2->[Fe+2]2345(<-[C-]#[O+])(<-[C-]#[O+])<-c6c->2c->3[cH-]->4c->56)c(C)c1,Cc1cc(C)c(N2C(=O)N=C([O-])N(c3c(C)cc(C)cc3C)[C]2->[Fe+2]2345(<-[C-]#[O+])(<-[C-]#[O+])<-c6c->2c->3[cH-]->4c->56)c(C)c1
ODUNIM,COc1cc(OC)c(P2(c3ccccc3S(=O)(=O)[O-]->[Pd@+2]<-2(<-[CH3-])<-S(C)(C)=O)C(C)(C)C)c(OC)c1,C22 H33 O7 P1 Pd1 S2,0.0,COc1cc(OC)c(P2(c3ccccc3S(=O)(=O)[O-]->[Pd+2]<-2(<-[CH3-])<-S(C)(C)=O)C(C)(C)C)c(OC)c1,COc1cc(OC)c(P2(c3ccccc3S(=O)(=O)[O-]->[Pd+2]<-2(<-[CH3-])<-S(C)(C)=O)C(C)(C)C)c(OC)c1,COc1cc(OC)c(P2(c3ccccc3S(=O)(=O)[O-]->[Pd+2]<-2(<-[CH3-])<-S(C)(C)=O)C(C)(C)C)c(OC)c1
OFADEF,,C33 H32 Ir1 O1 P1,0.0,C1=O->[Ir+]234(<-[c-]5ccccc51)(<-C1=C->2CCC->3=C->4CC1)<-P(c1ccccc1)(c1ccccc1)c1ccccc1,C1=O->[Ir+]234(<-[c-]5ccccc51)(<-C1=C->2CCC->3=C->4CC1)<-P(c1ccccc1)(c1ccccc1)c1ccccc1,C1=O->[Ir+]234(<-[c-]5ccccc51)(<-C1=C->2CCC->3=C->4CC1)<-P(c1ccccc1)(c1ccccc1)c1ccccc1
OFANIT,CC[B-](CC)(CC)/N1=[C-](\C)->[Ni@TB8+2]<-12<-P(CCP->2(C(C)C)C(C)C)(C(C)C)C(C)C,C22 H50 B1 N1 Ni1 P2,0.0,CC[B-](CC)(CC)N1=C(C)->[Ni+]<-12<-P(CCP->2(C(C)C)C(C)C)(C(C)C)C(C)C,CC[B-](CC)(CC)N1=[C-](C)->[Ni+2]<-12<-P(CCP->2(C(C)C)C(C)C)(C(C)C)C(C)C,CC[B-](CC)(CC)N1=[C-](C)->[Ni+2]<-12<-P(CCP->2(C(C)C)C(C)C)(C(C)C)C(C)C
OFAVIA,CC(C)=C[CH-]->[Ru+4](<-[Cl-])(<-[Cl-])(<-P(c1ccccc1)(c1ccccc1)c1ccccc1)<-P(c1ccccc1)(c1ccccc1)c1ccccc1,C41 H38 Cl2 P2 Ru1,0.0,CC(C)=C[CH-2]->[Ru+4](<-[Cl-])(<-[Cl-])(<-P(c1ccccc1)(c1ccccc1)c1ccccc1)<-P(c1ccccc1)(c1ccccc1)c1ccccc1,CC(C)=C[CH]->[Ru+2](<-[Cl-])(<-[Cl-])(<-P(c1ccccc1)(c1ccccc1)c1ccccc1)<-P(c1ccccc1)(c1ccccc1)c1ccccc1,CC(C)=C[CH]->[Ru+2](<-[Cl-])(<-[Cl-])(<-P(c1ccccc1)(c1ccccc1)c1ccccc1)<-P(c1ccccc1)(c1ccccc1)c1ccccc1
OFIBIO,,C22 H43 P2 Ru1 Se3 1+,1.0,fail,CC(C)P1(=[Se]->[Ru+4]23456(<-[Se-]1)(<-[Se-]P->2(C(C)C)C(C)C)<-c1(C)c->3(C)c->4(C)[c-]->5(C)c->61C)C(C)C,CC(C)P1(=[Se]->[Ru+4]23456(<-[Se-]1)(<-[Se-]P->2(C(C)C)C(C)C)<-c1(C)c->3(C)c->4(C)[c-]->5(C)c->61C)C(C)C
OFIJUI,CN1(C)CCN(C)(C)->[Pt+4]<-1(<-[CH3-])(<-[I-])(<-[I-])<-[C-](F)(F)C(F)(F)C(F)(F)F,C10 H19 F7 I2 N2 Pt1,0.0,CN1(C)CCN(C)(C)->[Pt+4]<-1(<-[CH3-])(<-[I-])(<-[I-])<-[C-](F)(F)C(F)(F)C(F)(F)F,CN1(C)CCN(C)(C)->[Pt+4]<-1(<-[CH3-])(<-[I-])(<-[I-])<-[C-](F)(F)C(F)(F)C(F)(F)F,CN1(C)CCN(C)(C)->[Pt+4]<-1(<-[CH3-])(<-[I-])(<-[I-])<-[C-](F)(F)C(F)(F)C(F)(F)F
OFOWEL,Cc1cc(C)n2->[Rh+3]3(<-[I-])(<-[C-](C)=O)(<-n4c(C)cc(C)n4[BH-](n12)n1c(C)cc(C)n->31)<-P(C)(C)C,C20 H34 B1 I1 N6 O1 P1 Rh1,0.0,Cc1cc(C)[n-]2->[Rh+3]3(<-[I-])(<-[C-](C)=O)(<-[n-]4c(C)cc(C)[n+]4[BH-]([n+]12)[n+]1c(C)cc(C)[n-]->31)<-P(C)(C)C,Cc1cc(C)n2->[Rh+3]3(<-[I-])(<-[C-](C)=O)(<-n4c(C)cc(C)n4[BH-](n12)n1c(C)cc(C)n->31)<-P(C)(C)C,Cc1cc(C)n2->[Rh+3]3(<-[I-])(<-[C-](C)=O)(<-n4c(C)cc(C)n4[BH-](n12)n1c(C)cc(C)n->31)<-P(C)(C)C
OFULUX,Cc12->[Ru+2]34567(<-[Cl-])(<-c(c->3c->41)c->5c->62)<-n1ccccc1-c1nc(-c2ccccc2)c(-c2ccccc2)nn->71,C27 H22 Cl1 N4 Ru1 1+,1.0,Cc12->[Ru+2]34567(<-[Cl-])(<-c(c->3c->41)c->5c->62)<-n1ccccc1-c1nc(-c2ccccc2)c(-c2ccccc2)nn->71,Cc12->[Ru+2]34567(<-[Cl-])(<-c(c->3c->41)c->5c->62)<-n1ccccc1-c1nc(-c2ccccc2)c(-c2ccccc2)nn->71,Cc12->[Ru+2]34567(<-[Cl-])(<-c(c->3c->41)c->5c->62)<-n1ccccc1-c1nc(-c2ccccc2)c(-c2ccccc2)nn->71
OGANAM,O=[N+]([O-])c1ccccc1C1=O->[Zn+2]23(<-O=C([O-]->2)c2ccccc2[N+](=O)[O-])(<-[O-]1)<-n1ccccc1-c1ccccn->31,C24 H16 N4 O8 Zn1,0.0,fail,O=[N+]([O-])c1ccccc1C1=O->[Zn+2]23(<-O=C([O-]->2)c2ccccc2[N+](=O)[O-])(<-[O-]1)<-n1ccccc1-c1ccccn->31,O=[N+]([O-])c1ccccc1C12=O->[Zn+2]<-1345(<-O=C->3([O-]->4)c1ccccc1[N+](=O)[O-])(<-[O-]2)<-n1ccccc1-c1ccccn->51
OGELUH,[H]/N=N1/C2[H]->[V+3]<-2<-1345<-[S-]CCN->3(CC[S-]->4)CC[S-]->5,C7 H17 N3 S3 V1,0.0,C[N-](N)->[V+4]123<-[S-]CCN->1(CC[S-]->2)CC[S-]->3,CN(=N)->[V+3]123<-[S-]CCN->1(CC[S-]->2)CC[S-]->3,CN(=N)->[V+3]123<-[S-]CCN->1(CC[S-]->2)CC[S-]->3
OGIDOY,,C13 H23 Mo1 O3 P1 S1,0.0,COP(OC)(OC)->[Mo+2]12345(<-[S-]C)(<-C(C)#C->1C)<-c1c->2c->3[cH-]->4c->51,COP(OC)(OC)->[Mo+2]12345(<-[S-]C)(<-C(C)#C->1C)<-c1c->2c->3[cH-]->4c->51,COP(OC)(OC)->[Mo+2]12345(<-[S-]C)(<-C(C)#C->1C)<-c1c->2c->3[cH-]->4c->51
OGOBIV,Cc1cccc2CN3(C)Cc4cccc(C)n4->[Ir+3]<-345(<-C=C->4)(<-[O-][O-]->5)<-n12,C17 H23 Ir1 N3 O2 1+,1.0,Cc1cccc2CN3(C)Cc4cccc(C)n4->[Ir+3]<-345(<-C=C->4)(<-[O-][O-]->5)<-n12,Cc1cccc2CN3(C)Cc4cccc(C)n4->[Ir+3]<-345(<-C=C->4)(<-[O-][O-]->5)<-n12,Cc1cccc2CN3(C)Cc4cccc(C)n4->[Ir+3]<-345(<-C=C->4)(<-[O-][O-]->5)<-n12
OGUQAI,O=[N+]([O-])[O-]->[Ag+](<-P(c1ccco1)(c1ccco1)c1ccco1)(<-P(c1ccco1)(c1ccco1)c1ccco1)<-P(c1ccco1)(c1ccco1)c1ccco1,C36 H27 Ag1 N1 O12 P3,0.0,O=[N+]1[O-]->[Ag+](<-[O-]1)(<-P(c1ccco1)(c1ccco1)c1ccco1)(<-P(c1ccco1)(c1ccco1)c1ccco1)<-P(c1ccco1)(c1ccco1)c1ccco1,O=[N+]([O-])[O-].c1coc(P(c2ccco2)(c2ccco2)->[Ag+3](<-P(c2ccco2)(c2ccco2)c2ccco2)<-P(c2ccco2)(c2ccco2)[C-]2OC3[CH-]C23)c1,O=[N+]1[O-]->[Ag+](<-[O-]1)(<-P(c1ccco1)(c1ccco1)c1ccco1)(<-P(c1ccco1)(c1ccco1)c1ccco1)<-P(c1ccco1)(c1ccco1)c1ccco1
OHEFIQ,COc1ccc(OC)c(-c2cccc(CN3Cc4ccccn4->[Zn+2](<-[Cl-])(<-[Cl-])<-n4ccccc4C3)n2)c1,C26 H26 Cl2 N4 O2 Zn1,0.0,COc1ccc(OC)c(-c2cccc(CN34Cc5ccccn5->[Zn+2]<-3(<-[Cl-])(<-[Cl-])<-n3ccccc3C4)n2)c1,COc1ccc(OC)c(-c2cccc(CN34Cc5ccccn5->[Zn+2]<-3(<-[Cl-])(<-[Cl-])<-n3ccccc3C4)n2)c1,COc1ccc(OC)c(-c2cccc(CN34Cc5ccccn5->[Zn+2]<-3(<-[Cl-])(<-[Cl-])<-n3ccccc3C4)n2)c1
OHEWON,Cc1cccc2CN(Cc3ccccc3)->[Cu@OH18+]34(<-NCC(=O)[N-]->3[C@@H](C[C+]3C=CC(=O)C=C3)C(=O)[O-]->4)<-n12,C25 H28 Cu1 N4 O4,0.0,Cc1cccc2CN(Cc3ccccc3)->[Cu+2]34(<-NCC(=O)[N-]->3C(Cc3ccc(O)cc3)C(=O)[O-]->4)<-n12,Cc1cccc2CN(Cc3ccccc3)->[Cu+3]34(<-NCC(=O)[N-]->3C(Cc3ccc([O-])cc3)C(=O)[O-]->4)<-n12,Cc1cccc2CN(Cc3ccccc3)->[Cu+3]34(<-NCC(=O)[N-]->3C(Cc3ccc([O-])cc3)C(=O)[O-]->4)<-n12
OHUMOT,O=C1c2ccn(->[Re+](<-[Br-])(<-[C-]#[O+])(<-[C-]#[O+])(<-[C-]#[O+])<-[C-]#[O+])cc2C(=O)c2ccncc21,C16 H6 Br1 N2 O6 Re1,0.0,O=C1c2ccn(->[Re+](<-[Br-])(<-[C-]#[O+])(<-[C-]#[O+])(<-[C-]#[O+])<-[C-]#[O+])cc2C(=O)c2ccncc21,O=c1c2c[n-](->[Re+3](<-[Br-])(<-[C-]#[O+])(<-[C-]#[O+])(<-[C-]#[O+])<-[C-]#[O+])ccc-2c([O-])c2cnccc12,O=c1c2c[n-](->[Re+3](<-[Br-])(<-[C-]#[O+])(<-[C-]#[O+])(<-[C-]#[O+])<-[C-]#[O+])ccc-2c([O-])c2cnccc12
OHUSOA,CC(C)N1c2ccccc2S#C1->[Pd+2](<-[I-])(<-[I-])<-n1cc[nH]c1,C13 H15 I2 N3 Pd1 S1,0.0,fail,CC(C)N1c2ccccc2S#C1->[Pd+2](<-[I-])(<-[I-])<-n1cc[nH]c1,CC(C)N1c2ccccc2S#C1->[Pd+2](<-[I-])(<-[I-])<-n1cc[nH]c1
OHUYOG,O=C1N(C(Nc2ccccc2)=O->[Y+3]23456789%10(<-c%11c->2c->3[cH-]->4c->5%11)(<-c2c->6c->7[cH-]->8c->92)<-N\1=c1/cccc[n-]->%101)c1ccccc1,C29 H25 N4 O2 Y1,0.0,O=C1N(C(Nc2ccccc2)=O->[Y+3]23456789%10(<-c%11c->2c->3[cH-]->4c->5%11)(<-c2c->6c->7[cH-]->8c->92)<-n2ccccc2[N-]->%101)c1ccccc1,O=C1N(C(Nc2ccccc2)=O->[Y+3]23456789%10(<-c%11c->2c->3[cH-]->4c->5%11)(<-c2c->6c->7[cH-]->8c->92)<-N1=c1cccc[n-]->%101)c1ccccc1,O=C1N(C(Nc2ccccc2)=O->[Y+3]2345678(<-c9c->2c->3[cH-]->4c->59)(<-c2ccc->6[cH-]->72)<-N1=c1cccc[n-]->81)c1ccccc1
OJEPEA,,C18 H16 Cl2 N6 O1 Zn1,0.0,O->[Zn+2](<-[Cl-])(<-[Cl-])<-[n-]1nnnc1-c1cccc(C[n+]2ccc(-c3ccncc3)cc2)c1,O->[Zn+4](<-[Cl-])(<-[Cl-])<-[n-]1nnnc1-c1cccc(CN2C=CC(=C3C=C[N-]C=C3)C=C2)c1,O.[Cl-]->[Zn+4](<-[Cl-])<-[n-]1nnnc1-c1cccc(CN2C=CC(=C3C=C[N-]C=C3)C=C2)c1
OJIXEK,CC(C)(C)c1ccn2->[Pt+2]3(<-[S-]c4sc(=O)sc4[S-]->3)<-n3ccc(C(C)(C)C)cc3-c2c1,C21 H24 N2 O1 Pt1 S4,0.0,CC(C)(C)c1ccn2->[Pt+2]3(<-[S-]c4sc(=O)sc4[S-]->3)<-n3ccc(C(C)(C)C)cc3-c2c1,CC(C)(C)c1ccn2->[Pt]3(<-S=C4SC(=O)SC4=S->3)<-n3ccc(C(C)(C)C)cc3-c2c1,CC(C)(C)c1ccn2->[Pt]3(<-S=C4SC(=O)SC4=S->3)<-n3ccc(C(C)(C)C)cc3-c2c1
OJOLIJ,O=C1CN2C=CN(Cc3cccc4ccccc34)[C]2->[Pd@@+2]2(<-n3ccccc3-c3cc(C(F)(F)F)n[n-]->23)<-[N-]1c1ccccc1,C31 H23 F3 N6 O1 Pd1,0.0,O=C1CN2C=CN(Cc3cccc4ccccc34)[C]2->[Pd+2]2(<-n3ccccc3-c3cc(C(F)(F)F)n[n-]->23)<-[N-]1c1ccccc1,O=C1CN2C=CN(Cc3cccc4ccccc34)[C]2->[Pd+2]2(<-n3ccccc3-c3cc(C(F)(F)F)n[n-]->23)<-[N-]1c1ccccc1,O=C1CN2C=CN(Cc3cccc4ccccc34)[C]2->[Pd+2]2(<-n3ccccc3-c3cc(C(F)(F)F)n[n-]->23)<-[N-]1c1ccccc1
OJOVUE,CO[C](Cc1ccccc1)->[Ru+2]123456(<-[Cl-])<-c7c->1(C)c->2(C)c->3c->4(CCCP->5(c1ccccc1)c1ccccc1)c->67C,C33 H37 Cl1 O1 P1 Ru1 1+,1.0,CO[C-2](Cc1ccccc1)->[Ru+4]123456(<-[Cl-])<-c7c->1(C)c->2(C)c->3c->4(CCCP->5(c1ccccc1)c1ccccc1)c->67C,CO[C](Cc1ccccc1)->[Ru+2]123456(<-[Cl-])<-c7c->1(C)c->2(C)c->3c->4(CCCP->5(c1ccccc1)c1ccccc1)c->67C,CO[C](Cc1ccccc1)->[Ru+2]123456(<-[Cl-])<-c7c->1(C)c->2(C)c->3c->4(CCCP->5(c1ccccc1)c1ccccc1)c->67C
OJURUI,,C39 H27 F8 Ir1 N2 O2,0.0,fail,CC1=CC(C)=O->[Ir+3]23(<-[O-]1)(<-[c-]1cc(F)c(C(F)(F)F)cc1-c1cc(C)c4ccccc4n->21)<-[c-]1cc(F)c(C(F)(F)F)cc1-c1cc(C)c2ccccc2n->31,CC1=CC(C)=O->[Ir+3]23(<-[O-]1)(<-[c-]1cc(F)c(C(F)(F)F)cc1-c1cc(C)c4ccccc4n->21)<-[c-]1cc(F)c(C(F)(F)F)cc1-c1cc(C)c2ccccc2n->31
OKAQAU,CCN1(CC)Cc2cccc3OP(C(C)C)(C(C)C)->[Pd@TB4+2]<-1(<-[I-])<-[c-]23,C17 H29 I1 N1 O1 P1 Pd1,0.0,CCN1(CC)Cc2cccc3OP(C(C)C)(C(C)C)->[Pd+2]<-1(<-[I-])<-[c-]23,CCN1(CC)Cc2cccc3OP(C(C)C)(C(C)C)->[Pd+2]<-1(<-[I-])<-[c-]23,CCN1(CC)Cc2cccc3OP(C(C)C)(C(C)C)->[Pd+2]<-1(<-[I-])<-[c-]23
OKOFOL,CN(C)->[Ti+4]1(<-[Cl-])(<-[Cl-])(<-[N-]([C+]2[CH+][CH+][CH+][CH-][CH-]2)[N-]->1[C-]1[CH+][CH+][CH-][CH-][CH-]1)<-N(C)C,C16 H24 Cl2 N4 Ti1,0.0,CN(C)->[Ti+4]1(<-[Cl-])(<-[Cl-])(<-[N-](c2ccccc2)[N-]->1c1ccccc1)<-N(C)C,CN(C)->[Ti+2]1(<-[Cl-])(<-[Cl-])(<-N(c2ccccc2)=N->1c1ccccc1)<-N(C)C,CN(C)->[Ti+2]1(<-[Cl-])(<-[Cl-])(<-N(c2ccccc2)=N->1c1ccccc1)<-N(C)C
OKOVUF,,C32 H30 O4 P2 W1,0.0,CO[C-2](C)->[W+2]1(<-[C-]#[O+])(<-[C-]#[O+])(<-[C-]#[O+])<-P(CCP->1(c1ccccc1)c1ccccc1)(c1ccccc1)c1ccccc1,CO[C](C)->[W]1(<-[C-]#[O+])(<-[C-]#[O+])(<-[C-]#[O+])<-P(CCP->1(c1ccccc1)c1ccccc1)(c1ccccc1)c1ccccc1,CO[C](C)->[W]1(<-[C-]#[O+])(<-[C-]#[O+])(<-[C-]#[O+])<-P(CCP->1(c1ccccc1)c1ccccc1)(c1ccccc1)c1ccccc1
OLADUA,,C34 H38 N2 O3 P2 Pt1 Si2,0.0,C[Si](C)(C)O[C]1N=P(c2ccccc2)(c2ccccc2)[C-2]2P(=N[C](O[Si](C)(C)C)->[Pt+2]<-1<-2<-[C-]#[O+])(c1ccccc1)c1ccccc1,C[Si](C)(C)O[C-]1=NP(c2ccccc2)(c2ccccc2)=C2=P(N=[C-](O[Si](C)(C)C)->[Pt+2]<-2<-1<-[C-]#[O+])(c1ccccc1)c1ccccc1,C[Si](C)(C)O[C-]1=NP(c2ccccc2)(c2ccccc2)=C2=P(N=[C-](O[Si](C)(C)C)->[Pt+2]<-2<-1<-[C-]#[O+])(c1ccccc1)c1ccccc1
OLOGON,CC(C)(C)P1(c2ccccc2-c2ccccc2->[Cu+]<-12<-p13p4p1p->243)C(C)(C)C,C20 H27 Cu1 P5 1+,1.0,CC(C)(C)P1(c2ccccc2-c23->[Cu+]<-14(<-c2cccc3)<-p12p3p1p->432)C(C)(C)C,CC(C)(C)P1(c2ccccc2-c2ccccc2->[Cu+]<-12<-p13p4p1p->243)C(C)(C)C,CC(C)(C)P1(c2ccccc2-c23->[Cu+]<-145(<-c(ccc2)c->43)<-p12p3p1p->532)C(C)(C)C
OLUHAE,Cc1ccc(S(=O)(=O)[N-]2c3ccccc3/C=N3/CCCC/N4=C/c5ccccc5[N-](S(=O)(=O)c5ccc(C)cc5)->[Zn+2]<-3<-4<-2)cc1,C32 H32 N4 O4 S2 Zn1,0.0,Cc1ccc(S(=O)(=O)[N-]2c3ccccc3C=N3CCCCN4=Cc5ccccc5[N-](S(=O)(=O)c5ccc(C)cc5)->[Zn+2]<-3<-4<-2)cc1,Cc1ccc(S(=O)(=O)[N-]2c3ccccc3C=N3CCCCN4=Cc5ccccc5[N-](S(=O)(=O)c5ccc(C)cc5)->[Zn+2]<-3<-4<-2)cc1,Cc1ccc(S2(=O)[O-]->[Zn+2]3456<-[O-]S(=O)(c7ccc(C)cc7)=N->3c3ccccc3C=N->4CCCCN->5=Cc3ccccc3N->6=2)cc1
OMASEB,Cc1cc(C)c(N2C(=O)c3ccccc3C(=O)N(c3c(C)cc(C)cc3C)[C]2->[Au+]<-[Cl-])c(C)c1,C27 H26 Au1 Cl1 N2 O2,0.0,Cc1cc(C)c(N2C(=O)c3ccccc3C(=O)N(c3c(C)cc(C)cc3C)[C]2->[Au+]<-[Cl-])c(C)c1,Cc1cc(C)c(N2C(=O)c3ccccc3C(=O)N(c3c(C)cc(C)cc3C)[C]2->[Au+]<-[Cl-])c(C)c1,Cc1cc(C)c(N2C(=O)c3ccccc3C(=O)N(c3c(C)cc(C)cc3C)[C]2->[Au+]<-[Cl-])c(C)c1
OMEMEY,CC1=CC2=P([S-]->[Pd@OH20+2]3(<-[Cl-])<-S=P(C(=C1)[C]->32)(c1ccccc1)c1ccccc1)(c1ccccc1)c1ccccc1,C31 H25 Cl1 P2 Pd1 S2,0.0,Cc1cc2P(=S->[Pd+2]3(<-[Cl-])<-S=P(c4ccccc4)(c4ccccc4)c(c1)[c-]->32)(c1ccccc1)c1ccccc1,CC1=CC2=P([S-]->[Pd+2]3(<-[Cl-])<-S=P(C(=C1)[C]->32)(c1ccccc1)c1ccccc1)(c1ccccc1)c1ccccc1,CC1=CC2=P3([S-]->[Pd+2]<-34(<-[Cl-])<-S=P(C(=C1)[C]->42)(c1ccccc1)c1ccccc1)(c1ccccc1)c1ccccc1
OMIJEA,,C20 H36 Br1 Fe1 N1 O1 P2,0.0,CC(C)P1(Cc2cccc3CP(C(C)C)(C(C)C)->[FeH+]<-1(<-[Br-])(<-[C-]#[O+])<-n23)C(C)C,CC(C)P1(Cc2cccc3CP(C(C)C)(C(C)C)->[FeH+]<-1(<-[Br-])(<-[C-]#[O+])<-n23)C(C)C,CC(C)P1(Cc2cccc3CP(C(C)C)(C(C)C)->[FeH+]<-1(<-[Br-])(<-[C-]#[O+])<-n23)C(C)C
OMOLUZ,Cc1cc(C)n2->[Ir+3]34(<-[c-]5cc(F)cc(F)c5-c2n1)(<-[c-]1cc(F)cc(F)c1-c1nc(C)cc(C)n->31)<-N1=NN=N/C1=C1\C=CC=C[N-]->41,C30 H22 F4 Ir1 N9,0.0,Cc1cc(C)n2->[Ir+3]34(<-[c-]5cc(F)cc(F)c5-c2n1)(<-[c-]1cc(F)cc(F)c1-c1nc(C)cc(C)n->31)<-n1ccccc1-c1nnn[n-]->41,Cc1cc(C)n2->[Ir+3]34(<-[c-]5cc(F)cc(F)c5-c2n1)(<-[c-]1cc(F)cc(F)c1-c1nc(C)cc(C)n->31)<-n1ccccc1-c1nnn[n-]->41,Cc1cc(C)n2->[Ir+3]34(<-[c-]5cc(F)cc(F)c5-c2n1)(<-[c-]1cc(F)cc(F)c1-c1nc(C)cc(C)n->31)<-n1ccccc1-c1nnn[n-]->41
ONAJIX,CC/C1=C2/C3=C(/C(=O)OC)->[Ru]<-1<-2<-3456(<-[C-]#[O+])<-C1=C->4/CC/C->5=C->6\CC\1,C17 H24 O3 Ru1,0.0,CCC1=C2C3=C(C(=O)OC)->[Ru]<-1<-2<-3456(<-[C-]#[O+])<-C1=C->4CCC->5=C->6CC1,CCC1=C2C3=C(C(=O)OC)->[Ru]<-1<-2<-3456(<-[C-]#[O+])<-C1=C->4CCC->5=C->6CC1,CC[CH-]1C2=C3[CH-](C(=O)OC)->[Ru+2]<-2<-3<-1456(<-[C-]#[O+])<-C1=C->4CCC->5=C->6CC1
ONEYUD,O=C(Nc1ccc(Br)c2ccccc12)c1cccn(->[Hg+2](<-[Br-])(<-[Br-])<-n2cccc(C(=O)Nc3ccc(Br)c4ccccc34)c2)c1,C32 H22 Br4 Hg1 N4 O2,0.0,O=C(Nc1ccc(Br)c2ccccc12)c1cccn(->[Hg+2](<-[Br-])(<-[Br-])<-n2cccc(C(=O)Nc3ccc(Br)c4ccccc34)c2)c1,O=C(Nc1ccc(Br)c2ccccc12)c1cccn(->[Hg+2](<-[Br-])(<-[Br-])<-n2cccc(C(=O)Nc3ccc(Br)c4ccccc34)c2)c1,O=C(Nc1ccc(Br)c2ccccc12)c1cccnc1.O=C(Nc1ccc(Br)c2ccccc12)c1cccnc1.[Br-]->[Hg+2]<-[Br-]
ONIVUE,CC(C)(C)c1ccc([CH2-]->[Pt+4]2(<-[CH3-])(<-[CH3-])(<-[Br-])<-[O-][n+]3cccc4ccc5cccn->2c5c43)cc1,C25 H29 Br1 N2 O1 Pt1,0.0,CC(C)(C)c1ccc([CH2-]->[Pt+3]2(<-[CH3-])(<-[CH3-])(<-[Br-])<-[O-][n+]3cccc4ccc5cccn->2c5c43)cc1,CC(C)(C)c1ccc([CH2-]->[Pt+4]2(<-[CH3-])(<-[CH3-])(<-[Br-])<-[O-][n+]3cccc4ccc5cccn->2c5c43)cc1,CC(C)(C)c1ccc([CH2-]->[Pt+4]2(<-[CH3-])(<-[CH3-])(<-[Br-])<-[O-][n+]3cccc4ccc5cccn->2c5c43)cc1
ONOZAU,,C16 H16 Hg1 I2 N4 Se2,0.0,Cn1c(=[Se]->[Hg+2](<-[I-])(<-[I-])<-[Se]=c2[nH]c3ccccc3n2C)[nH]c2ccccc21,Cn1c(=[Se]->[Hg+2](<-[I-])(<-[I-])<-[Se]=c2[nH]c3ccccc3n2C)[nH]c2ccccc21,Cn1c(=[Se])[nH]c2ccccc21.Cn1c(=[Se]->[Hg+2](<-[I-])<-[I-])[nH]c2ccccc21
ONUSEW,,C16 H26 N12 Ni1 S4,0.0,S=C=[N-]->[Ni+2](<-[N-]=C=S)(<-[N-]=C=S)(<-[N-]=C=S)(<-N12CN3CN(C[NH+](C3)C1)C2)<-N12CN3CN(C[NH+](C3)C1)C2,S=C=[N-]->[Ni+2](<-[N-]=C=S)(<-[N-]=C=S)(<-[N-]=C=S)(<-N12CN3CN(C[NH+](C3)C1)C2)<-N12CN3CN(C[NH+](C3)C1)C2,C1N2CN3CN1C[NH+](C2)C3.C1N2CN3CN1C[NH+](C2)C3.S=C=[N-]->[Ni+2](<-[N-]=C=S)(<-[N-]=C=S)<-[N-]=C=S
OPEKAX,CC(C)N1CCN(C(C)C)C2=S->[Pd@OH29+2]3(<-S=C21)<-[S-]c1sc(=S)sc1[S-]->3,C13 H18 N2 Pd1 S7,0.0,CC(C)N1CCN(C(C)C)C2=S->[Pd+2]3(<-S=C21)<-[S-]c1sc(=S)sc1[S-]->3,CC(C)N1CCN(C(C)C)C2=S->[Pd]3(<-S=C4SC(=S)SC4=S->3)<-S=C21,CC(C)N1CCN(C(C)C)C2=S->[Pd]3(<-S=C4SC(=S)SC4=S->3)<-S=C21
OPIDIB,c1ccc2[S-]->[V+5]34(<-[S-]c2c1)(<-[S-]c1ccccc1[S-]->3)<-[S-]c1ccccc1[S-]->4,C18 H12 S6 V1 1-,-1.0,fail,C1=CC2=S->[V-]34(<-S=C2C=C1)(<-S=C1C=CC=CC1=S->3)<-S=C1C=CC=CC1=S->4,C1=CC2=S->[V-]34(<-S=C2C=C1)(<-S=C1C=CC=CC1=S->3)<-S=C1C=CC=CC1=S->4
OPUHIS,COc1cc2oc(=O)cc(CN3Cc4ccccn4->[Ag+](<-[O-][N+](=O)[O-])<-n4ccccc4C3)c2cc1OC,C24 H23 Ag1 N4 O7,0.0,COc1cc2oc(=O)cc(CN34Cc5ccccn5->[Ag+]<-35(<-[O-][N+](=O)[O-]->5)<-n3ccccc3C4)c2cc1OC,COc1cc2oc(=O)cc(CN3Cc4ccccn4->[Ag+](<-[O-][N+](=O)[O-])<-n4ccccc4C3)c2cc1OC,COc1cc2oc(=O)cc3CN45Cc6ccccn6->[Ag+]<-46(<-[O-][N+](=O)[O-]->6)(<-c(c1OC)c32)<-n1ccccc1C5
OQENUU,[Br-]->[Ni@OH8+2]12<-S=C(NCc3ccccc3)C3=CC=C/C(=C(\NCc4ccccc4)[S-]->1)[C]->23,C22 H19 Br1 N2 Ni1 S2,0.0,[Br-]->[Ni+2]12<-S=C(NCc3ccccc3)c3cccc(C(NCc4ccccc4)=S->1)[c-]->23,[Br-]->[Ni+2]12<-S=C(NCc3ccccc3)C3=CC=CC(=C(NCc4ccccc4)[S-]->1)[C]->23,[Br-]->[Ni+2]12<-S=C(NCc3ccccc3)C3=CC=CC(=C(NCc4ccccc4)[S-]->1)[C]->23
OQIROX,,C16 H16 Cl2 Ni1 O6,0.0,CO->[Ni+2]12(<-O=Cc3cc(Cl)ccc3[O-]->1)(<-O=Cc1cc(Cl)ccc1[O-]->2)<-OC,CO->[Ni+2]12(<-O=Cc3cc(Cl)ccc3[O-]->1)(<-O=Cc1cc(Cl)ccc1[O-]->2)<-OC,CO.CO.Clc1ccc2c(c1)C=O->[Ni+2]1(<-O=Cc3cc(Cl)ccc3[O-]->1)<-[O-]2
OQUGAJ,CCCC/C1=N\[N-](c2ccccc2Cl)->[Ni@TB12+2]23(<-N1=Nc1nc4ccccc4s1)<-N(=N\C(CCCC)=N->2/N=c1/sc2ccccc2[n-]->31)/c1ccccc1Cl,C36 H34 Cl2 N10 Ni1 S2,0.0,fail,CCCCC1=N[N-](c2ccccc2Cl)->[Ni+2]234(<-N1=Nc1sc5ccccc5n->21)<-N(=NC(CCCC)=N->3N=c1sc2ccccc2[n-]->41)c1ccccc1Cl,CCCCC1=N[N-](c2ccccc2Cl)->[Ni+2]234(<-N1=Nc1sc5ccccc5n->21)<-N(=NC(CCCC)=N->3N=c1sc2ccccc2[n-]->41)c1ccccc1Cl
OREDIA,,C24 H25 Ir1 N2 O4,0.0,fail,CC1=CC(C)=O->[IrH+2]2(<-O=C(C)C=C(C)[O-]->2)(<-[O-]1)<-n1cc(-c2ccccc2)nc2ccccc21,CC1=CC(C)=O->[IrH+2]2(<-O=C(C)C=C(C)[O-]->2)(<-[O-]1)<-n1cc(-c2ccccc2)nc2ccccc21
ORIXAP,,C17 H27 P1 Zr1,0.0,fail,CC12=C->[Zr+2]<-13456789%10(<-C=C->3(C)[CH-]->42)(<-C1=C->5C->6=C->7[CH-]->8C->9=C->%101)<-P(C)(C)C,CC12=C->[Zr+2]<-13456789%10(<-C=C->3(C)[CH-]->42)(<-C1=C->5C->6=C->7[CH-]->8C->9=C->%101)<-P(C)(C)C
ORUDIP,COC(C#[C-]->[Ni+2]1234(<-c5c->1c->2[cH-]->3c->45)<-P(c1ccccc1)(c1ccccc1)c1ccccc1)=[N+](C)C,C29 H29 N1 Ni1 O1 P1 1+,1.0,COC(=C=[C-2]->[Ni+4]1234(<-c5c->1c->2[cH-]->3c->45)<-P(c1ccccc1)(c1ccccc1)c1ccccc1)N(C)C,C[O+]=C(C#[C-]->[Ni+2]1234(<-c5c->1c->2[cH-]->3c->45)<-P(c1ccccc1)(c1ccccc1)c1ccccc1)N(C)C,C[O+]=C(C#[C-]->[Ni+2]1234(<-c5c->1c->2[cH-]->3c->45)<-P(c1ccccc1)(c1ccccc1)c1ccccc1)N(C)C
OSEJAY,[Br-]->[Cu@+]12<-S=[P@TB13]->1(Nc1ccccn->21)(c1ccccc1)c1ccccc1,C17 H15 Br1 Cu1 N2 P1 S1,0.0,[Br-]->[Cu+]1<-S=P(Nc2ccccn->12)(c1ccccc1)c1ccccc1,[Br-]->[Cu+]1<-S=P(Nc2ccccn->12)(c1ccccc1)c1ccccc1,[Br-]->[Cu+]12<-S=P->1(Nc1ccccn->21)(c1ccccc1)c1ccccc1
OSIPEN,C(#[C-]->[Au+]<-P(C1CCCCC1)(C1CCCCC1)C1CCCCC1)c1cccc2c1NSN2,C26 H38 Au1 N2 P1 S1,0.0,C(#[C-]->[Au+]<-P(C1CCCCC1)(C1CCCCC1)C1CCCCC1)c1cccc2c1NSN2,[C]([C-3]->[Au+3]<-P(C1CCCCC1)(C1CCCCC1)C1CCCCC1)c1cccc2c1NSN2,[C]([C-3]->[Au+3]<-P(C1CCCCC1)(C1CCCCC1)C1CCCCC1)c1cccc2c1NSN2
OSUYOS,,C31 H38 Cl2 Mo1 O3 P2,0.0,CC(C)P1(c2ccccc2C23->[Mo+2]<-1456(<-[Cl-])(<-[Cl-])(<-[C-]#[O+])<-C=2C->4=C->5(c1ccccc1P->6(C(C)C)C(C)C)C(=O)C3=O)C(C)C,CC(C)P1(c2ccccc2-[c-]23->[Mo+4]<-1456(<-[Cl-])(<-[Cl-])(<-[C-]#[O+])<-c2c->4[c-]->5(-c1ccccc1P->6(C(C)C)C(C)C)c(=O)c3=O)C(C)C,CC(C)P1(c2ccccc2-[c-]23->[Mo+4]<-1456(<-[Cl-])(<-[Cl-])(<-[C-]#[O+])<-c2c->4[c-]->5(-c1ccccc1P->6(C(C)C)C(C)C)c(=O)c3=O)C(C)C
OTOPIY,Cc1c(C)[n+](C)c(P(->[Au+]<-[Cl-])=c2n(C)c(C)c(C)n2C)n1C,C14 H24 Au1 Cl1 N4 P1 1+,1.0,Cc1c(C)[n+](C)c([P-](->[Au+]<-[Cl-])c2n(C)c(C)c(C)[n+]2C)n1C,Cc1c(C)[n+](C)c(P(->[Au+]<-[Cl-])=c2n(C)c(C)c(C)n2C)n1C,Cc1c(C)[n+](C)c(P(->[Au+]<-[Cl-])=c2n(C)c(C)c(C)n2C)n1C
OTUQAX,CC(C)(C)C1=CC2=N->[Pt@SP1+2]3(<-N=C2C=C1)<-[NH-]c1ccc(C(C)(C)C)cc1[NH-]->3,C20 H28 N4 Pt1,0.0,CC(C)(C)C1=CC2=N->[Pt]3(<-N=C2C=C1)<-N=C1C=CC(C(C)(C)C)=CC1=N->3,CC(C)(C)c1ccc2[NH-]->[Pt+4]3(<-[NH-]c4ccc(C(C)(C)C)cc4[NH-]->3)<-[NH-]c2c1,CC(C)(C)c1ccc2[NH-]->[Pt+4]3(<-[NH-]c4ccc(C(C)(C)C)cc4[NH-]->3)<-[NH-]c2c1
OVANIK,c1ccc2c(CCC3=O->[Zn+2]45(<-[O-]3)(<-n3cccc6ccc7cccn->4c7c63)<-n3cccc4ccc6cccn->5c6c43)c[nH]c2c1,C35 H26 N5 O2 Zn1 1+,1.0,fail,O=C(CCc1c[nH]c2ccccc12)[O-]->[Zn+2]12(<-n3cccc4ccc5cccn->1c5c43)<-n1cccc3ccc4cccn->2c4c31,c1ccc2c(CCC34=O->[Zn+2]<-356(<-[O-]4)(<-n3cccc4ccc7cccn->5c7c43)<-n3cccc4ccc5cccn->6c5c43)c[nH]c2c1
OVEWIW,CC(C)c1cccc(C(C)C)c1[N-]1C->[Ti+4]<-12345(<-[Cl-])(<-[Cl-])<-c1c->2c->3[cH-]->4c->51,C18 H25 Cl2 N1 Ti1,0.0,CC(C)c1cccc(C(C)C)c1[N-](C)->[Ti+4]1234(<-[Cl-])(<-[Cl-])<-c5c->1c->2[cH-]->3c->45,CC(C)c1cccc(C(C)C)c1[N-](C)->[Ti+4]1234(<-[Cl-])(<-[Cl-])<-c5c->1c->2[cH-]->3c->45,CC(C)c1cccc(C(C)C)c1[N-](C)->[Ti+4]1234(<-[Cl-])(<-[Cl-])<-c5c->1c->2[cH-]->3c->45
OVIXUN,O=C(c1ccccc1)c1ccccn1->[Zn+2](<-[N-]=C=S)(<-[N-]=C=S)<-n1ccccc1C(=O)c1ccccc1,C26 H18 N4 O2 S2 Zn1,0.0,S=C=[N-]->[Zn+2]12(<-[N-]=C=S)(<-O=C(c3ccccc3)c3ccccn->13)<-O=C(c1ccccc1)c1ccccn->21,S=C=[N-]->[Zn+2]12(<-[N-]=C=S)(<-O=C(c3ccccc3)c3ccccn->13)<-O=C(c1ccccc1)c1ccccn->21,S=C=[N-]->[Zn+2]12(<-[N-]=C=S)(<-O=C(c3ccccc3)c3ccccn->13)<-O=C(c1ccccc1)c1ccccn->21
OVUYEK,Cc1ccc(S([O-])([O-])/N2=C3\C=CC=C\C3=N3/C=C4/C=CC=C/C4=N4\[S@@](=O)(=O->[Ni@SP1+2]<-3<-2<-4)c2ccc(C)cc2)cc1,C27 H23 N3 Ni1 O4 S2,0.0,Cc1ccc(S(=O)(=O)[N-]2c3ccccc3N3=Cc4ccccc4[N-]4S(=O)(=O->[Ni+2]<-3<-2<-4)c2ccc(C)cc2)cc1,Cc1ccc(S(=O)(=O)N2=C3C=CC=CC3=N3C=C4C=CC=CC4=N4S(=O)(=O->[Ni]<-3<-2<-4)c2ccc(C)cc2)cc1,Cc1ccc(S(=O)(=O)N2=C3C=CC=CC3=N3C=C4C=CC=CC4=N4S(=O)(=O->[Ni]<-3<-2<-4)c2ccc(C)cc2)cc1
OWEPIQ,[Cl-]->[Pd@SP3+2]12<-[S-]P(=C3C=CC=C(Oc4sc5ccccc5n->14)[C]->23)(c1ccccc1)c1ccccc1,C25 H17 Cl1 N1 O1 P1 Pd1 S2,0.0,[Cl-]->[Pd+2]12<-S=P(c3ccccc3)(c3ccccc3)c3cccc(Oc4sc5ccccc5n->14)[c-]->23,[Cl-]->[Pd+2]12<-[S-]P(=C3C=CC=C(Oc4sc5ccccc5n->14)[C]->23)(c1ccccc1)c1ccccc1,[Cl-]->[Pd+2]12<-[S-]P(=C3C=CC=C(Oc4sc5ccccc5n->14)[C]->23)(c1ccccc1)c1ccccc1
OWEWOE,CC(C)(C)[c-]12->[Zr+4]3456789%10%11%12(<-[Cl-])(<-c(c->3c->41)c->52)<-c1(C)c->6(C)[c-]->7(C)c->82c->9(C)[c-]->%10(C)c->%11(C)c->%1212,C23 H31 Cl1 Zr1,0.0,CC(C)(C)c12->[Zr+2]3456789%10%11%12(<-[Cl-])(<-c(c->31)[cH-]->4c->52)<-C1(C)=C->6(C)C->72=C->8(C)C->9(C)=C->%10(C)C->%112=C->%121C,CC(C)(C)[c-]12->[Zr+4]3456789%10%11%12(<-[Cl-])(<-c(c->3c->41)c->52)<-c1(C)c->6(C)[c-]->7(C)c->82c->9(C)[c-]->%10(C)c->%11(C)c->%1212,CC(C)(C)[c-]12->[Zr+4]3456789%10%11%12(<-[Cl-])(<-c(c->3c->41)c->52)<-c1(C)c->6(C)[c-]->7(C)c->82c->9(C)[c-]->%10(C)c->%11(C)c->%1212
OWOPOG,,C25 H20 Mn1 N3 O3,0.0,CCN1C(c2ccccc2)=NN=C(c2ccccc2)C1c12->[Mn+]345(<-[C-]#[O+])(<-[C-]#[O+])(<-[C-]#[O+])<-c(c->3[cH-]->41)c->52,CCN1C(c2ccccc2)=NN=C(c2ccccc2)C1c12->[Mn+]345(<-[C-]#[O+])(<-[C-]#[O+])(<-[C-]#[O+])<-c(c->3[cH-]->41)c->52,CCN1C(c2ccccc2)=NN=C(c2ccccc2)C1c12->[Mn+]345(<-[C-]#[O+])(<-[C-]#[O+])(<-[C-]#[O+])<-c(c->3[cH-]->41)c->52
OXEBUP,,C16 H40 Cl1 N1 Os1 P2,0.0,CC(C)P1(CCN2CCP(C(C)C)(C(C)C)->[OsH3+]<-2<-1<-[Cl-])C(C)C,CC(C)P1(CCN2CCP(C(C)C)(C(C)C)->[OsH3+]<-2<-1<-[Cl-])C(C)C,CC(C)P1(CCN2CCP(C(C)C)(C(C)C)->[OsH3+]<-2<-1<-[Cl-])C(C)C
OXEXAR,C/C1=N(\C(C)C)->[Ti+4]2345(<-[Cl-])(<-[CH2-]C(C)C)(<-[N-]1C(C)C)<-c1(C)c->2(C)c->3(C)[c-]->4(C)c->51C,C22 H41 Cl1 N2 Ti1,0.0,CC1=N(C(C)C)->[Ti+4]2345(<-[Cl-])(<-[CH2-]C(C)C)(<-[N-]1C(C)C)<-c1(C)c->2(C)c->3(C)[c-]->4(C)c->51C,CC1=N(C(C)C)->[Ti+4]2345(<-[Cl-])(<-[CH2-]C(C)C)(<-[N-]1C(C)C)<-c1(C)c->2(C)c->3(C)[c-]->4(C)c->51C,CC1=N(C(C)C)->[Ti+4]2345(<-[Cl-])(<-[CH2-]C(C)C)(<-[N-]1C(C)C)<-c1(C)c->2(C)c->3(C)[c-]->4(C)c->51C
OXIPUI,Cc1ccc(C(=O)N/N2=C(/C=C(\[O-]->[Cu+]<-2<-N)c2cccs2)C(F)(F)F)cc1,C16 H15 Cu1 F3 N3 O2 S1,0.0,Cc1ccc(C2NN3=C(C=C([O-]->[Cu+]<-3(<-N)<-O=2)c2cccs2)C(F)(F)F)cc1,Cc1ccc(C2NN3=C(C=C([O-]->[Cu+]<-3(<-N)<-O=2)c2cccs2)C(F)(F)F)cc1,Cc1ccc(C2NN3=C(C=C([O-]->[Cu+]<-3(<-N)<-O=2)c2cccs2)C(F)(F)F)cc1
OXPRMN,[O+]#[C-]->[Mn+]123(<-[C-]#[O+])(<-[C-]#[O+])<-O=C->14C1=[C-][C@@]->214c1ccccc1P->3(c1ccccc1)c1ccccc1,C25 H20 Mn1 O4 P1,0.0,fail,[C]=C12[O-]->[Mn+]<-13(<-[C-]#[O+])(<-[C-]#[O+])(<-[C-]#[O+])<-C2(=[C])c1ccccc1[PH-]->3(c1ccccc1)c1ccccc1,[O+]#[C-]->[Mn+]123(<-[C-]#[O+])(<-[C-]#[O+])<-[O-]C->14=C=C=C->24c1ccccc1P->3(c1ccccc1)c1ccccc1
OYIDEH,,C19 H32 I1 Ir1 N2,0.0,CC1(C)CCCC2(C)[CH2-]->[Ir+3]3456(<-[I-])(<-[N-]=[N+]12)<-c1(C)c->3(C)c->4(C)[c-]->5(C)c->61C,CC1(C)CCCC2(C)[CH2-]->[Ir+5]3456(<-[I-])(<-[N-2]N12)<-c1(C)c->3(C)c->4(C)[c-]->5(C)c->61C,CC1(C)CCCC2(C)[CH2-]->[Ir+5]3456(<-[I-])(<-[N-2]N12)<-c1(C)c->3(C)c->4(C)[c-]->5(C)c->61C
OYUJOI,CCN(CC)C1N[S@](=O)([O-])->[Ir+3]2345(<-S=1)(<-c1(C)c->2(C)c->3(C)[c-]->4(C)c->51C)<-P(c1ccccc1)(c1ccccc1)c1ccccc1,C33 H41 Ir1 N2 O2 P1 S2 1+,1.0,CCN(CC)C1N[SH](=O)(=O)->[Ir+2]2345(<-S=1)(<-c1(C)c->2(C)c->3(C)[c-]->4(C)c->51C)<-P(c1ccccc1)(c1ccccc1)c1ccccc1,CCN(CC)C1NS(=O)([O-])->[Ir+3]2345(<-S=1)(<-c1(C)c->2(C)c->3(C)[c-]->4(C)c->51C)<-P(c1ccccc1)(c1ccccc1)c1ccccc1,CCN(CC)C1NS(=O)([O-])->[Ir+3]2345(<-S=1)(<-c1(C)c->2(C)c->3(C)[c-]->4(C)c->51C)<-P(c1ccccc1)(c1ccccc1)c1ccccc1
OZEDOO,,C9 H8 I2 N4 O3 W1,0.0,[O+]#[C-]->[W+2](<-[I-])(<-[I-])(<-[C-]#[O+])(<-[C-]#[O+])(<-n1ccc[nH]1)<-n1ccc[nH]1,[O+]#[C-]->[W+2](<-[I-])(<-[I-])(<-[C-]#[O+])(<-[C-]#[O+])(<-n1ccc[nH]1)<-n1ccc[nH]1,O=[C-]1[C-](=O)->[W+4]<-1(<-[I-])(<-[I-])(<-[C-]#[O+])(<-n1ccc[nH]1)<-n1ccc[nH]1
OZOKAQ,,C27 H37 B1 F3 N2 O2 P1 Pd1,0.0,COc1ccccc1P(c1ccccc1OC)(c1ccccc1[B-](F)(F)F)->[Pd+2]1(<-[CH3-])<-N(C)(C)CCN->1(C)C,COc1ccccc1P(c1ccccc1OC)(c1ccccc1[B-](F)(F)F)->[Pd+2]1(<-[CH3-])<-N(C)(C)CCN->1(C)C,COc1ccccc1P(c1ccccc1OC)(c1ccccc1[B-](F)(F)F)->[Pd+2]1(<-[CH3-])<-N(C)(C)CCN->1(C)C
PABYID,,C38 H35 Cl2 N2 O1 P2 Ru1 1+,1.0,CN1(C)c2ccccc2P(c2ccccc2)(c2ccccc2)->[Ru+4]<-1(<-[Cl-])(<-[Cl-])(<-[N-]=O)<-P(c1ccccc1)(c1ccccc1)c1ccccc1,CN1(C)c2ccccc2P(c2ccccc2)(c2ccccc2)->[Ru+4]<-1(<-[Cl-])(<-[Cl-])(<-[N-]=O)<-P(c1ccccc1)(c1ccccc1)c1ccccc1,CN1(C)c2ccccc2P(c2ccccc2)(c2ccccc2)->[Ru+4]<-1(<-[Cl-])(<-[Cl-])(<-[N-]=O)<-P(c1ccccc1)(c1ccccc1)c1ccccc1
PACLIR,CC(C)(C)c1cccc2/C=N(/c3ccccc3S(=O)(=O)c3ccccc3)->[Ni@+2](<-[CH3-])(<-[O-]c21)<-P(C)(C)C,C27 H34 N1 Ni1 O3 P1 S1,0.0,CC(C)(C)c1cccc2C=N(c3ccccc3S(=O)(=O)c3ccccc3)->[Ni+2](<-[CH3-])(<-[O-]c21)<-P(C)(C)C,CC(C)(C)[c+]1[cH+][cH+][cH+][c-]2[CH+][N-](c3ccccc3S([O-])([O-])c3ccccc3)->[Ni](<-[CH3-])(<-[O-][c+]12)<-P(C)(C)C,CC(C)(C)[c+]1[cH+][cH+][cH+][c-]2[CH+][N-](c3ccccc3S([O-])([O-])c3ccccc3)->[Ni](<-[CH3-])(<-[O-][c+]12)<-P(C)(C)C
PADWIB,,C18 H24 Cd1 N2 O6 S2,0.0,S=C=[N-]->[Cd+2]12345(<-[N-]=C=S)<-O6CCO->1CCO->2CCO->3c1ccccc1O->4CCO->5CC6,S=C=[N-]->[Cd+2]<-[N-]=C=S.c1ccc2c(c1)OCCOCCOCCOCCOCCO2,S=C=[N-]->[Cd+2]<-[N-]=C=S.c1ccc2c(c1)OCCOCCOCCOCCOCCO2
PAFZUS,,C35 H30 B1 Cl2 P1 Zr1,0.0,[Cl-]->[Zr+4]123456789(<-[Cl-])<-c%10c->1[cH-]->2c->3([B-](C[P+](c1ccccc1)(c1ccccc1)c1ccccc1)(c1ccccc1)c->41c->5c->6[cH-]->7c->81)c->9%10,[Cl-]->[Zr+4]123456789(<-[Cl-])<-c%10c->1c->2[c-]->3([B-](C[P+](c1ccccc1)(c1ccccc1)c1ccccc1)(c1ccccc1)[c-]->41c->5c->6c->7c->81)c->9%10,[Cl-]->[Zr+4]123456789(<-[Cl-])<-c%10c->1c->2[c-]->3([B-](C[P+](c1ccccc1)(c1ccccc1)c1ccccc1)(c1ccccc1)[c-]->41c->5c->6c->7c->81)c->9%10
PAGYIF,,C15 H30 N2 W1,0.0,CN1=N(C)->[W+4]<-12345(<-[CH3-])(<-[CH3-])(<-[CH3-])<-c1(C)c->2(C)c->3(C)[c-]->4(C)c->51C,C[N-]1[N-](C)->[W+6]<-12345(<-[CH3-])(<-[CH3-])(<-[CH3-])<-c1(C)c->2(C)c->3(C)[c-]->4(C)c->51C,C[N-]1[N-](C)->[W+6]<-12345(<-[CH3-])(<-[CH3-])(<-[CH3-])<-c1(C)c->2(C)c->3(C)[c-]->4(C)c->51C
PAJCUY,O=[N+]([O-])[O-]->[Zn+2]123(<-[O-][N+](=O)[O-]->1)<-n1ccccc1P(c1ccccn->21)c1ccccn->31,C15 H12 N5 O6 P1 Zn1,0.0,fail,O=[N+]([O-])[O-]->[Zn+2]123(<-[O-][N+](=O)[O-]->1)<-n1ccccc1P(c1ccccn->21)c1ccccn->31,O=[N+]([O-])[O-]->[Zn+2]1234(<-[O-][N+]->1(=O)[O-]->2)<-n1ccccc1P(c1ccccn->31)c1ccccn->41
PAKLUL,Cc1cc2N[C](NC3CCCCC3)->[Pd@OH5+2](<-[Cl-])(<-[C-]#[N+]C3CCCCC3)<-Nc2cc1C,C22 H34 Cl1 N4 Pd1 1+,1.0,Cc1cc2N[C](NC3CCCCC3)->[Pd+2](<-[Cl-])(<-[C-]#[N+]C3CCCCC3)<-Nc2cc1C,Cc1cc2N[C](NC3CCCCC3)->[Pd+2](<-[Cl-])(<-[C-]#[N+]C3CCCCC3)<-Nc2cc1C,Cc1cc2N[C](NC3CCCCC3)->[Pd+2](<-[Cl-])(<-[C-]#[N+]C3CCCCC3)<-Nc2cc1C
PAKYOS,CNC1=S->[Re+](<-[C-]#[O+])(<-[C-]#[O+])(<-[C-]#[O+])(<-n2nc(-c3ccc(SC)cc3)sc2NC)<-[N-]1/N=C/c1ccc(SC)cc1,C23 H23 N6 O3 Re1 S4,0.0,CNC1[S-]->[Re+](<-[C-]#[O+])(<-[C-]#[O+])(<-[C-]#[O+])(<-N=1N=Cc1ccc(SC)cc1)<-n1nc(-c2ccc(SC)cc2)sc1NC,CNC1=S->[Re+](<-[C-]#[O+])(<-[C-]#[O+])(<-[C-]#[O+])(<-n2nc(-c3ccc(SC)cc3)sc2NC)<-[N-]1N=Cc1ccc(SC)cc1,CNC1=S->[Re+](<-[C-]#[O+])(<-[C-]#[O+])(<-[C-]#[O+])(<-n2nc(-c3ccc(SC)cc3)sc2NC)<-[N-]1N=Cc1ccc(SC)cc1
PALGAK,CP(C)(C)->[Ir+3]12(<-[CH2+][CH-]->1[CH-][CH-][S-]->2)(<-P(C)(C)C)<-P(C)(C)C,C13 H32 Ir1 P3 S1,0.0,CP(C)(C)->[Ir+]12(<-C=C->1C=C[S-]->2)(<-P(C)(C)C)<-P(C)(C)C,CP(C)(C)->[Ir+]12(<-C=C->1C=C[S-]->2)(<-P(C)(C)C)<-P(C)(C)C,CP(C)(C)->[Ir+]12(<-C=C->1C=C[S-]->2)(<-P(C)(C)C)<-P(C)(C)C
PAMNEY,O=C([O-])/C(=C/c1ccccc1Cl)[S-]->[Hg+2]<-[S-]/C(=C\c1ccccc1Cl)C(=O)O,C18 H11 Cl2 Hg1 O4 S2 1-,-1.0,O=C1[O-]->[Hg+2]2(<-O=C(O)C(=Cc3ccccc3Cl)[S-]->2)<-[S-]C1=Cc1ccccc1Cl,O=C([O-])C(=Cc1ccccc1Cl)[S-]->[Hg+2]<-[S-]C(=Cc1ccccc1Cl)C(=O)O,O=C(O)C(=Cc1ccccc1Cl)[S-]->[Hg+2]1<-[O-]C(=O)C(=Cc2ccccc2Cl)[S-]->1
PANPIF,CC(C)c1nc(P2c3c[nH]c(C(C)C)n3->[Ni+2](<-O)(<-[Cl-])<-n3c2c[nH]c3C(C)C)c[nH]1,C18 H29 Cl1 N6 Ni1 O1 P1 1+,1.0,CC(C)c1[nH]cc2P3c4c[nH]c(C(C)C)n4->[Ni+2](<-O)(<-[Cl-])(<-n21)<-n1c3c[nH]c1C(C)C,CC(C)c1[nH]cc2P3c4c[nH]c(C(C)C)n4->[Ni+2](<-O)(<-[Cl-])(<-n21)<-n1c3c[nH]c1C(C)C,CC(C)c1[nH]cc2P3c4c[nH]c(C(C)C)n4->[Ni+2](<-O)(<-[Cl-])(<-n21)<-n1c3c[nH]c1C(C)C
PAQPUV,,C18 H26 N4 Ni1 O6,0.0,CNC1=CC2=N(C)->[Ni+2]3(<-[O-]C2=CC1=O)(<-[O-]C1=CC(=O)C(NC)=CC1=N->3C)(<-OC)<-OC,CNc1cc2[N-](C)->[Ni+6]3(<-[O-]c2cc1[O-])(<-[O-]c1cc([O-])c(NC)cc1[N-]->3C)(<-OC)<-OC,CNc1cc2c(cc1[O-])[O-]->[Ni+6]1(<-[O-]c3cc([O-])c(NC)cc3[N-]->1C)<-[N-]2C.CO.CO
PAQZIQ,C[S@]1(=O)CCC[S@@](C)(=O)->[Ru+2]<-12(<-[Cl-])(<-[Cl-])<-[S@@](C)(=O)CCC[S@@]->2(C)=O,C10 H24 Cl2 O4 Ru1 S4,0.0,CS1(=O)CCCS(C)(=O)->[Ru+2]<-12(<-[Cl-])(<-[Cl-])<-S(C)(=O)CCCS->2(C)=O,CS1(=O)CCCS(C)(=O)->[Ru+2]<-12(<-[Cl-])(<-[Cl-])<-S(C)(=O)CCCS->2(C)=O,CS1(=O)CCCS(C)(=O)->[Ru+2]<-12(<-[Cl-])(<-[Cl-])<-S(C)(=O)CCCS->2(C)=O
PASPII,CCCCP(CCCC)(CCCC)->[Fe+2]123(<-[C-]#[O+])(<-[C-]#[O+])<-[O-][C-]->1(C)/C->2=C->3/c1ccccc1,C24 H37 Fe1 O3 P1,0.0,CCCCP(CCCC)(CCCC)->[Fe]123(<-[C-]#[O+])(<-[C-]#[O+])<-O=C->1(C)C->2=C->3c1ccccc1,CCCCP(CCCC)(CCCC)->[Fe+2]123(<-[C-]#[O+])(<-[C-]#[O+])<-[O-][C-]->1(C)C->2=C->3c1ccccc1,CCCCP(CCCC)(CCCC)->[Fe+2]123(<-[C-]#[O+])(<-[C-]#[O+])<-[O-][C-]->1(C)C->2=C->3c1ccccc1
PATQEG,CC(C)C[C@H]1COC(c2ccccc2P(c2ccccc2)(c2ccccc2)->[Ni+2](<-[Cl-])<-[Cl-])=N1,C25 H26 Cl2 N1 Ni1 O1 P1,0.0,CC(C)CC1COC2c3ccccc3P(c3ccccc3)(c3ccccc3)->[Ni+2](<-[Cl-])(<-[Cl-])<-N=21,CC(C)CC1COC2c3ccccc3P(c3ccccc3)(c3ccccc3)->[Ni+2](<-[Cl-])(<-[Cl-])<-N=21,CC(C)CC1COC(c2ccccc2P(c2ccccc2)(c2ccccc2)->[Ni+2](<-[Cl-])<-[Cl-])=N1
PAWYOC,CCO1CC[O-]->[V+5]<-1(<-[O-2])(<-[Cl-])(<-[Cl-])<-O1CCCC1,C8 H17 Cl2 O4 V1,0.0,CCO1CC[O-]->[V+5]<-1(<-[O-2])(<-[Cl-])(<-[Cl-])<-O1CCCC1,CCO1CC[O-]->[V+5]<-1(<-[O-2])(<-[Cl-])(<-[Cl-])<-O1CCCC1,C1CCOC1.CCOCC[O-]->[V+5](<-[O-2])(<-[Cl-])<-[Cl-]
PAXPAG,CC(=O)c1ccsc1C12->[Mn+]345(<-[C-]#[O+])(<-[C-]#[O+])(<-[C-]#[O+])<-C(=C->3(c3ccccc3)CC->4=1c1ccccc1)[C-]->52c1ccccc1,C33 H23 Mn1 O4 S1,0.0,fail,CC(=O)c1ccsc1C12->[Mn+]345(<-[C-]#[O+])(<-[C-]#[O+])(<-[C-]#[O+])<-C(=C->31c1ccccc1)[C-]->4(c1ccccc1)CC->5=2c1ccccc1,CC(=O)c1ccsc1C12->[Mn+]345(<-[C-]#[O+])(<-[C-]#[O+])(<-[C-]#[O+])<-C(=C->31c1ccccc1)[C-]->4(c1ccccc1)CC->5=2c1ccccc1
PAXZUJ,CC(C)(C)c1ccccc1[N-2]->[Nb+5]12345(<-[C-](/c6ccccc6)=[C-]->1/c1ccccc1)(<-c1c->2c->3[cH-]->4c->51)<-P(C)(C)C,C32 H37 N1 Nb1 P1,0.0,CC(C)(C)c1ccccc1[N-2]->[Nb+3]12345(<-C(c6ccccc6)#C->1c1ccccc1)(<-c1c->2c->3[cH-]->4c->51)<-P(C)(C)C,CC(C)(C)c1ccccc1[N-2]->[Nb+3]12345(<-C(c6ccccc6)#C->1c1ccccc1)(<-c1c->2c->3[cH-]->4c->51)<-P(C)(C)C,CC(C)(C)c1ccccc1[N-2]->[Nb+3]12345(<-C(c6ccccc6)#C->1c1ccccc1)(<-c1c->2c->3[cH-]->4c->51)<-P(C)(C)C
PAYKOR,Clc1ccc(/N2=N3/[N-](c4ccc(Cl)cc4)->[Co+3]<-2<-34567(<-N(/c2ccc(Cl)cc2)=N->4\[N-]->5c2ccc(Cl)cc2)<-N(/c2ccc(Cl)cc2)=N->6\[N-]->7c2ccc(Cl)cc2)cc1,C36 H24 Cl6 Co1 N9,0.0,Clc1ccc(N2=N[N-](c3ccc(Cl)cc3)->[Co+3]<-234(<-N(=N[N-]->3c2ccc(Cl)cc2)c2ccc(Cl)cc2)<-N(=N[N-]->4c2ccc(Cl)cc2)c2ccc(Cl)cc2)cc1,Clc1ccc(N2=N[N-](c3ccc(Cl)cc3)->[Co+3]<-234(<-N(=N[N-]->3c2ccc(Cl)cc2)c2ccc(Cl)cc2)<-N(=N[N-]->4c2ccc(Cl)cc2)c2ccc(Cl)cc2)cc1,Clc1ccc(N2=N[N-](c3ccc(Cl)cc3)->[Co+3]<-234(<-N(=N[N-]->3c2ccc(Cl)cc2)c2ccc(Cl)cc2)<-N(=N[N-]->4c2ccc(Cl)cc2)c2ccc(Cl)cc2)cc1
PAYSUG,CC1/C=C(/C)[O-]->[Au+3]2(<-O=1)<-[c-]1ccccc1-c1cccc[c-]->21,C17 H15 Au1 O2,0.0,fail,CC1=CC(C)=O->[Au+]2(<-[O-]1)<-[C]1C=CC=CC1=C1C=CC=C[C]->21,CC1=CC(C)=O->[Au+]2(<-[O-]1)<-[C]1C=CC=CC1=C1C=CC=C[C]->21
PAZBAW,,C16 H15 N3 Ni1 O3,0.0,COc1cccc2C(=O)[N-]3CCN4=Cc5ccccn5->[Ni+2]<-4<-3<-[O-]c12,COc1cccc2C(=O)[N-]3CCN4=Cc5ccccn5->[Ni+2]<-4<-3<-[O-]c12,COc1cccc2C(=O)[N-]3CCN4=Cc5ccccn5->[Ni+2]<-4<-3<-[O-]c12
PBUTFE,[O+]#[C-]->[Fe+2]1(<-[C-]#[O+])(<-[C-]#[O+])<-C(=C=C=C2C=C[CH-]C=C2)=[C-]->1c1ccccc1,C19 H14 Fe1 O3,0.0,[O+]#[C-]->[Fe]123(<-[C-]#[O+])(<-[C-]#[O+])<-C(c4ccccc4)=C->1C->2=C->3c1ccccc1,[O+]#[C-]->[Fe]123(<-[C-]#[O+])(<-[C-]#[O+])<-C(c4ccccc4)#C->1C->2#C->3c1ccccc1,[O+]#[C-]->[Fe]1(<-[C-]#[O+])(<-[C-]#[O+])<-C(C#Cc2ccccc2)#C->1c1ccccc1
PEBJIP,[O+]#[C-]->[Mo+4]123456(<-[C-]#[O+])(<-c7c->1c->2[cH-]->3c->47)<-[CH-]1[CH-][CH+]CC[CH-]->5[CH-]->61,C14 H14 Mo1 O2,0.0,fail,[O+]#[C-]->[Mo+2]123456(<-[C-]#[O+])(<-C7=C->1[CH-]->2C=CCC7)<-c1c->3c->4[cH-]->5c->61,[O+]#[C-]->[Mo+2]123456(<-[C-]#[O+])(<-C7=C->1[CH-]->2C=CCC7)<-c1c->3c->4[cH-]->5c->61
PEBRAS,CN1(C)Cc2ccccc2[P@TB16](c2ccccc2)(c2ccccc2)->[Ru+2]<-12(<-[Cl-])(<-[Cl-])<-Nc1ccccc1P->2(c1ccccc1)c1ccccc1,C39 H38 Cl2 N2 P2 Ru1,0.0,CN1(C)Cc2ccccc2P(c2ccccc2)(c2ccccc2)->[Ru+2]<-12(<-[Cl-])(<-[Cl-])<-Nc1ccccc1P->2(c1ccccc1)c1ccccc1,CN1(C)Cc2ccccc2P(c2ccccc2)(c2ccccc2)->[Ru+2]<-12(<-[Cl-])(<-[Cl-])<-Nc1ccccc1P->2(c1ccccc1)c1ccccc1,CN1(C)Cc2ccccc2P(c2ccccc2)(c2ccccc2)->[Ru+2]<-12(<-[Cl-])(<-[Cl-])<-Nc1ccccc1P->2(c1ccccc1)c1ccccc1
PECNEQ,COc1cccc2/C=N3/[C@](C)(CO)C[O-]->[Mo+6]<-3(<-[O-2])(<-[O-2])(<-O=S(C)C)<-[O-]c21,C14 H21 Mo1 N1 O7 S1,0.0,COc1cccc2C=N3C(C)(CO)C[O-]->[Mo+6]<-3(<-[O-2])(<-[O-2])(<-O=S(C)C)<-[O-]c21,COc1cccc2C=N3C(C)(CO)C[O-]->[Mo+6]<-3(<-[O-2])(<-[O-2])(<-O=S(C)C)<-[O-]c21,COc1cccc2C=N3C(C)(CO)C[O-]->[Mo+6]<-34(<-[O-2])(<-[O-]c21)<-[O-]S(C)(C)[O-]->4
PEDNIY,,C44 H24 Cl4 Co1 N5 O1,0.0,O=[N-]->[Co+3]123<-n4c5c(-c6ccc(Cl)cc6)c6ccc(c(-c7ccc(Cl)cc7)c7n->1c(c(-c1ccc(Cl)cc1)c1ccc(c(-c8ccc(Cl)cc8)c4C=C5)[n-]->21)C=C7)[n-]->36,O=[N-]->[Co+5]123<-[n-]4[c+]5[c-](-[c-]6[cH+][cH+][c-](Cl)[cH-][cH+]6)[c+]6[n-]->1[c-]([c-](-[c+]1[cH+][cH-][c+](Cl)[cH-][cH-]1)[c+]1[n-]->2[c-]([c-](-[c+]2[cH+][cH-][c-](Cl)[cH+][cH-]2)[c-]2[n-]->3[c+]([c-](-[c-]3[cH+][cH-][c+](Cl)[cH+][cH-]3)[c+]4[CH+][CH-]5)[CH+][CH+]2)[CH+][CH+]1)[CH-][CH-]6,O=[N-]->[Co+5]123<-[n-]4[c+]5[c-](-[c-]6[cH+][cH+][c-](Cl)[cH-][cH+]6)[c+]6[n-]->1[c-]([c-](-[c+]1[cH+][cH-][c+](Cl)[cH-][cH-]1)[c+]1[n-]->2[c-]([c-](-[c+]2[cH+][cH-][c-](Cl)[cH+][cH-]2)[c-]2[n-]->3[c+]([c-](-[c-]3[cH+][cH-][c+](Cl)[cH+][cH-]3)[c+]4[CH+][CH-]5)[CH+][CH+]2)[CH+][CH+]1)[CH-][CH-]6
PEFYEF,,C20 H35 N1 O1 P2 Ru1,0.0,CC(C)P1(C=C2C=CC=C3CP(C(C)C)(C(C)C)->[RuH+]<-1(<-[C-]#[O+])<-[N-]23)C(C)C,CC(C)P1(C=C2C=CC=C3CP(C(C)C)(C(C)C)->[RuH+]<-1(<-[C-]#[O+])<-[N-]23)C(C)C,CC(C)P1(C=C2C=CC=C3CP(C(C)C)(C(C)C)->[RuH+]<-1(<-[C-]#[O+])<-[N-]23)C(C)C
PEGSUP,CP(C)(C)->[Ru+2]12(<-N(=O)[O-])(<-n3c(-n4ccc(-c5ccc(Cl)cc5)n->14)cccc3-n1ccc(-c3ccc(Cl)cc3)n->21)<-P(C)(C)C,C29 H33 Cl2 N6 O2 P2 Ru1 1+,1.0,CP(C)(C)->[Ru]12(<-n3c(-[n+]4ccc(-c5ccc(Cl)cc5)[n-]->14)cccc3-[n+]1ccc(-c3ccc(Cl)cc3)[n-]->21)(<-[N+](=O)=O)<-P(C)(C)C,CP(C)(C)->[Ru+2]12(<-N(=O)[O-])(<-n3c(-n4ccc(-c5ccc(Cl)cc5)n->14)cccc3-n1ccc(-c3ccc(Cl)cc3)n->21)<-P(C)(C)C,CP(C)(C)->[Ru+2]12(<-N(=O)[O-])(<-n3c(-n4ccc(-c5ccc(Cl)cc5)n->14)cccc3-n1ccc(-c3ccc(Cl)cc3)n->21)<-P(C)(C)C
PEHQUQ,,C23 H40 N2 Si2 Zr1,0.0,fail,CC1=C(C)N(C)[C](->[Zr+2]23456789(<-C%10=C->2C->3=C->4[CH-]->5C->6=C->7%10)<-C(=C->8[Si](C)(C)C)[CH-]->9[Si](C)(C)C)N1C,CC1=C(C)N(C)[C](->[Zr+2]23456789(<-C%10=C->2C->3=C->4[CH-]->5C->6=C->7%10)<-C(=C->8[Si](C)(C)C)[CH-]->9[Si](C)(C)C)N1C
PEJLEV,C[Si](C)(C)[c-]12->[Fe+2]345(<-[C-]#[O+])(<-[C-]#[O+])(<-[C-]#[O+])<-c16c->3([c-]->4([Si](C)(C)C)c->52=O)CCCC6,C18 H26 Fe1 O4 Si2,0.0,C[Si](C)(C)C12->[Fe]34(<-[C-]#[O+])(<-[C-]#[O+])(<-[C-]#[O+])<-C=15CCCCC->35=C->4([Si](C)(C)C)C2=O,C[Si](C)(C)[c-]12->[Fe+2]345(<-[C-]#[O+])(<-[C-]#[O+])(<-[C-]#[O+])<-c16c->3([c-]->4([Si](C)(C)C)c->52=O)CCCC6,C[Si](C)(C)[c-]12->[Fe+2]345(<-[C-]#[O+])(<-[C-]#[O+])(<-[C-]#[O+])<-c16c->3([c-]->4([Si](C)(C)C)c->52=O)CCCC6
PEKTEF,,C27 H21 N1 O1 Pt1 S1,0.0,CS(C)(=O)->[Pt+2]12<-[c-]3cc4ccccc4cc3-c3cccc(-c4cc5ccccc5c[c-]->14)n->23,CS(C)(=O)->[Pt+2]12<-[c-]3cc4ccccc4cc3-c3cccc(-c4cc5ccccc5c[c-]->14)n->23,CS(C)(=O)->[Pt+2]12<-[c-]3cc4ccccc4cc3-c3cccc(-c4cc5ccccc5c[c-]->14)n->23
PEMDAP,NC(=O)c1c[nH]cn1->[V+5]12(<-[O-2])(<-[O-][O-]->1)<-[O-][O-]->2,C4 H5 N3 O6 V1 1-,-1.0,fail,NC1=O->[V+5]23(<-[O-2])(<-[O-][O-]->2)(<-[O-][O-]->3)<-n2c[nH]cc21,NC(=O)c1c[nH]cn1->[V+5]12(<-[O-2])(<-[O-][O-]->1)<-[O-][O-]->2
PEMSOP,C[N+]1(C)Cc2ccccc2[Si-]1(c1ccccc1)->[Cr](<-[C-]#[O+])(<-[C-]#[O+])(<-[C-]#[O+])(<-[C-]#[O+])<-[C-]#[O+],C20 H17 Cr1 N1 O5 Si1,0.0,CN(C)Cc1ccccc1[Si-2](c1ccccc1)->[Cr+2](<-[C-]#[O+])(<-[C-]#[O+])(<-[C-]#[O+])(<-[C-]#[O+])<-[C-]#[O+],C[N+]1(C)Cc2ccccc2[Si-]1(c1ccccc1)->[Cr](<-[C-]#[O+])(<-[C-]#[O+])(<-[C-]#[O+])(<-[C-]#[O+])<-[C-]#[O+],C[N+]1(C)Cc2ccccc2[Si-]1(c1ccccc1)->[Cr](<-[C-]#[O+])(<-[C-]#[O+])(<-[C-]#[O+])(<-[C-]#[O+])<-[C-]#[O+]
PENOFE,CC12->[Fe]34(<-[C-]#[O+])(<-[C-]#[O+])(<-[C-]#[O+])<-C5(C(F)(F)F)=C->3(C(F)(F)F)[C@@](C)(C1=O)[C@](C)(C5=O)C->4=2C,C17 H12 F6 Fe1 O5,0.0,CC12C(=O)C3(C(F)(F)F)->[Fe]45(<-[C-]#[O+])(<-[C-]#[O+])(<-[C-]#[O+])<-C(C)(=C->41C)C(=O)C2(C)C->5=3C(F)(F)F,CC12C(=O)C3(C(F)(F)F)->[Fe]45(<-[C-]#[O+])(<-[C-]#[O+])(<-[C-]#[O+])<-C(C)(=C->41C)C(=O)C2(C)C->5=3C(F)(F)F,CC12C(=O)C3(C(F)(F)F)->[Fe]45(<-[C-]#[O+])(<-[C-]#[O+])(<-[C-]#[O+])<-C(C)(=C->41C)C(=O)C2(C)C->5=3C(F)(F)F
PEPPAE,,C27 H42 Fe1 P4 Se1,0.0,CP(C)(C)->[FeH+]1(<-[Se-]c2ccccc2P->1(c1ccccc1)c1ccccc1)(<-P(C)(C)C)<-P(C)(C)C,CP(C)(C)->[FeH+]1(<-[Se-]c2ccccc2P->1(c1ccccc1)c1ccccc1)(<-P(C)(C)C)<-P(C)(C)C,CP(C)(C)->[FeH+]1(<-[Se-]c2ccccc2P->1(c1ccccc1)c1ccccc1)(<-P(C)(C)C)<-P(C)(C)C
PEQTOU,Cc1ccc2ccc3ccc(C)n4->[Pt+2]5(<-[CH3-])(<-[Br-])(<-C=C->5O)<-n1c2c34,C17 H19 Br1 N2 O1 Pt1,0.0,Cc1ccc2ccc3ccc(C)n4->[Pt+2]5(<-[CH3-])(<-[Br-])(<-C=C->5O)<-n1c2c34,Cc1ccc2ccc3ccc(C)n4->[Pt+2]5(<-[CH3-])(<-[Br-])(<-C=C->5O)<-n1c2c34,Cc1ccc2ccc3ccc(C)n4->[Pt+2]5(<-[CH3-])(<-[Br-])(<-C=C->5O)<-n1c2c34
PERVUF,O=S(=O)([O-]->[Fe+2]1234(<-[O-]S(=O)(=O)C(F)(F)F)<-n5ccsc5CN->1(Cc1sccn->21)Cc->31sccn->41)C(F)(F)F,C14 H12 F6 Fe1 N4 O6 S5,0.0,O=S(=O)([O-]->[Fe+2]123(<-[O-]S(=O)(=O)C(F)(F)F)<-n4ccsc4CN->1(Cc1sccn->21)Cc1sccn->31)C(F)(F)F,O=S(=O)([O-]->[Fe+2]123(<-[O-]S(=O)(=O)C(F)(F)F)<-n4ccsc4CN->1(Cc1sccn->21)Cc1sccn->31)C(F)(F)F,O=S(=O)([O-]->[Fe+2]123(<-[O-]S(=O)(=O)C(F)(F)F)<-n4ccsc4CN->1(Cc1sccn->21)Cc1sccn->31)C(F)(F)F
PESGEZ,,C41 H37 Os1 P2 1+,1.0,c1ccc(P(c2ccccc2)(c2ccccc2)->[OsH2+2]2345(<-c6c->2c->3[cH-]->4c->56)<-P(c2ccccc2)(c2ccccc2)c2ccccc2)cc1,c1ccc(P(c2ccccc2)(c2ccccc2)->[OsH2+2]2345(<-c6c->2c->3[cH-]->4c->56)<-P(c2ccccc2)(c2ccccc2)c2ccccc2)cc1,c1ccc(P(c2ccccc2)(c2ccccc2)->[OsH2+2]2345(<-c6c->2c->3[cH-]->4c->56)<-P(c2ccccc2)(c2ccccc2)c2ccccc2)cc1
PETLAC,,C36 H30 B1 Cl3 P2 Pt1,0.0,Cl[BH2-](Cl)->[Pt+2](<-[Cl-])(<-P(c1ccccc1)(c1ccccc1)c1ccccc1)<-P(c1ccccc1)(c1ccccc1)c1ccccc1,Cl[B+](Cl)->[Pt](<-[Cl-])(<-P(c1ccccc1)(c1ccccc1)c1ccccc1)<-P(c1ccccc1)(c1ccccc1)c1ccccc1,Cl[B+](Cl)->[Pt](<-[Cl-])(<-P(c1ccccc1)(c1ccccc1)c1ccccc1)<-P(c1ccccc1)(c1ccccc1)c1ccccc1
PETTAJ,,C30 H37 Co1 I1 N1 O2 P2,0.0,CO[PH](=O)(C(C)(C)C)->[Co+2]1234(<-[I-])(<-c5c->1c->2[cH-]->3c->45)<-P(NC(C)c1ccccc1)(c1ccccc1)c1ccccc1,COP([O-])(C(C)(C)C)->[Co+3]1234(<-[I-])(<-c5c->1c->2[cH-]->3c->45)<-P(NC(C)c1ccccc1)(c1ccccc1)c1ccccc1,COP([O-])(C(C)(C)C)->[Co+3]1234(<-[I-])(<-c5c->1c->2[cH-]->3c->45)<-P(NC(C)c1ccccc1)(c1ccccc1)c1ccccc1
PEWJEI,C/C1=N(\C(C)C)->[Ti+4]23456(<-[O-]C(=O)N(N=C(c7ccccc7)c7ccccc7)C(=O)[O-]->2)(<-[N-]1C(C)C)<-c1(C)c->3(C)c->4(C)[c-]->5(C)c->61C,C33 H42 N4 O4 Ti1,0.0,CC1=N(C(C)C)->[Ti+4]23456(<-[O-]C(=O)N(N=C(c7ccccc7)c7ccccc7)C(=O)[O-]->2)(<-[N-]1C(C)C)<-c1(C)c->3(C)c->4(C)[c-]->5(C)c->61C,CC1=N(C(C)C)->[Ti+4]23456(<-[O-]C(=O)N(N=C(c7ccccc7)c7ccccc7)C(=O)[O-]->2)(<-[N-]1C(C)C)<-c1(C)c->3(C)c->4(C)[c-]->5(C)c->61C,CC1=N(C(C)C)->[Ti+4]23456(<-[O-]C(=O)N(N=C(c7ccccc7)c7ccccc7)C(=O)[O-]->2)(<-[N-]1C(C)C)<-c1(C)c->3(C)c->4(C)[c-]->5(C)c->61C
PEWZUM,COC(=O)/C1C(=O)C2(=C3[CH-](c4ccccc4)->[Fe+2]<-3<-2(<-[C-]#[O+])(<-[C-]#[O+])(<-[C-]#[O+])<-[C-]=1/C(=O)OC)C(C)(C)C,C23 H22 Fe1 O8,0.0,fail,COC(=O)C1C(=O)C2(=C3[CH-](c4ccccc4)->[Fe+2]<-3<-2(<-[C-]#[O+])(<-[C-]#[O+])(<-[C-]#[O+])<-[C-]=1C(=O)OC)C(C)(C)C,COC(=O)C1C(=O)C2(=C3[CH-](c4ccccc4)->[Fe+2]<-3<-2(<-[C-]#[O+])(<-[C-]#[O+])(<-[C-]#[O+])<-[C-]=1C(=O)OC)C(C)(C)C
PEYHGP,,C28 H18 Hg1 N2,0.0,C(#[C-]->[Hg+2]1(<-[C-]#Cc2ccccc2)<-n2cccc3ccc4cccn->1c4c32)c1ccccc1,C(#[C-]->[Hg+2]<-[C-]#Cc1ccccc1)c1ccccc1.c1cnc2c(c1)ccc1cccnc12,C(#[C-]->[Hg+2]<-[C-]#Cc1ccccc1)c1ccccc1.c1cnc2c(c1)ccc1cccnc12
PFEPPT,,C28 H26 Cl1 F5 P2 Pt1,0.0,CP(c1ccccc1)(c1ccccc1)->[Pt+2](<-[Cl-])(<-[C-](F)(F)C(F)(F)F)<-P(C)(c1ccccc1)c1ccccc1,[C-]#P(c1ccccc1)(c1ccccc1)->[Pt+4](<-[Cl-])(<-[C-](F)(F)C(F)(F)F)<-P(#[C-])(c1ccccc1)c1ccccc1,FC(F)(F)[C-](F)(F)->[Pt+2]1(<-C(Cl)#P->1(c1ccccc1)c1ccccc1)<-P1(c2ccccc2)[C-]2C3C=CC=CC231
PIBBAF,,C37 H38 B1 Mn1 O3 P2,0.0,[O+]#[C-]->[MnH]1(<-[C-]#[O+])(<-[C-]#[O+])<-P(c2ccccc2)(c2ccccc2)C(CB2C3CCCC2CCC3)P->1(c1ccccc1)c1ccccc1,[O+]#[C-]->[MnH]1(<-[C-]#[O+])(<-[C-]#[O+])<-P(c2ccccc2)(c2ccccc2)C(CB2C3CCCC2CCC3)P->1(c1ccccc1)c1ccccc1,[O+]#[C-]->[MnH]1(<-[C-]#[O+])(<-[C-]#[O+])<-P(c2ccccc2)(c2ccccc2)C(CB2C3CCCC2CCC3)P->1(c1ccccc1)c1ccccc1
PIBYOQ,CC1(C)C/N2=C3/c4ccccn4->[Ni]<-3<-245<-C(/c2ccccn->42)=N->5\C1,C17 H20 N4 Ni1,0.0,CC1(C)CN2=Cc3ccccn3->[Ni]<-23<-N(=Cc2ccccn->32)C1,CC1(C)CN2=Cc3ccccn3->[Ni]<-23<-N(=Cc2ccccn->32)C1,CC1(C)CN2=Cc3ccccn3->[Ni]<-23<-N(=Cc2ccccn->32)C1
PICQOJ,,C19 H17 N6 O5 Zn1 1+,1.0,O=[N+]([O-])[O-]->[Zn+2]12(<-O)(<-O)<-n3c(-c4[nH]c5ccccc5n->14)cccc3-c1[nH]c3ccccc3n->21,O=[N+]([O-])[O-]->[Zn+2]12(<-O)(<-O)<-n3c(-c4[nH]c5ccccc5n->14)cccc3-c1[nH]c3ccccc3n->21,O.O.O=[N+]1[O-]->[Zn+2]23(<-[O-]1)<-n1c(cccc1-c1[nH]c4ccccc4n->21)-c1[nH]c2ccccc2n->31
PIDCEN,CC(C)CCN1P(c2ccccc2)(c2ccccc2)->[Ni+2]2(<-[S-]/C(C#N)=C(/C#N)[S-]->2)<-P1(c1ccccc1)c1ccccc1,C33 H31 N3 Ni1 P2 S2,0.0,CC(C)CCN1P(c2ccccc2)(c2ccccc2)->[Ni+2]2(<-[S-]C(C#N)=C(C#N)[S-]->2)<-P1(c1ccccc1)c1ccccc1,CC(C)CCN1P2(c3ccccc3)(c3ccccc3)->[Ni+2]3(<-[S-]C(C#N)=C(C#N)[S-]->3)<-P=21(c1ccccc1)c1ccccc1,CC(C)CCN1P(c2ccccc2)(c2ccccc2)->[Ni]2(<-S=C(C#N)C(C#N)=S->2)<-P1(c1ccccc1)c1ccccc1
PIFLUN,C[n+]1c[c-]2->[Pd@SP1+2]34<-[c-]5c[n+](C)cn5CC(=O)[N-]->3c3ccccc3[N-]->4C(=O)Cn2c1,C18 H18 N6 O2 Pd1,0.0,Cn1c[c]2->[Pd]34<-[c]5c[n+](C)cn5CC(=O)[N-]->3c3ccccc3[N-]->4C(=O)C[n+]2c1,C[n+]1c[c-]2->[Pd+2]34<-[c-]5c[n+](C)cn5CC(=O)[N-]->3c3ccccc3[N-]->4C(=O)Cn2c1,C[n+]1c[c-]2->[Pd+2]34<-[c-]5c[n+](C)cn5CC(=O)[N-]->3c3ccccc3[N-]->4C(=O)Cn2c1
PIFSOO,Cc1cc(C)c(-c2ccc/c3=N(\c4c(C)cc(C)cc4C)->[Ti+4](<-[N-](C)C)(<-[N-](C)C)(<-[N-](C)C)<-[n-]23)c(C)c1,C29 H43 N5 Ti1,0.0,Cc1cc(C)c(-c2cccc3[N-](c4c(C)cc(C)cc4C)->[Ti+4](<-n23)(<-[N-](C)C)(<-[N-](C)C)<-[N-](C)C)c(C)c1,Cc1cc(C)c(-c2cccc3=N(c4c(C)cc(C)cc4C)->[Ti+4](<-[N-](C)C)(<-[N-](C)C)(<-[N-](C)C)<-[n-]23)c(C)c1,Cc1cc(C)c(-c2cccc3=N(c4c(C)cc(C)cc4C)->[Ti+4](<-[N-](C)C)(<-[N-](C)C)(<-[N-](C)C)<-[n-]23)c(C)c1
PIGKAT,,C20 H27 Ir1 N2 O4,0.0,fail,Cc1cc(C)c2C3=N(->[IrH+2]456(<-O=C->4(C)[O-]->5)<-[c-]2c1C1=N->6C(C)(C)CO1)C(C)(C)CO3,Cc1cc(C)c2C3=N(->[IrH+2]456(<-O=C->4(C)[O-]->5)<-[c-]2c1C1=N->6C(C)(C)CO1)C(C)(C)CO3
PIGYUA,,C21 H19 Cd1 I1 N2 O5,0.0,fail,O=C1OC2CC3CC2C1C3C1=O->[Cd+2]2(<-O)(<-[I-])(<-[O-]1)<-n1cccc3ccc4cccn->2c4c31,O=C1OC2CC3CC2C1C3C1=O->[Cd+2]2(<-O)(<-[I-])(<-[O-]1)<-n1cccc3ccc4cccn->2c4c31
PIHMAX,CC(C)(C)C1=O->[Zn+2]23(<-O=C([O-]->2)C(C)(C)C)(<-[O-]1)<-n1ccc(-c2ccccc2)c2ccc4c(-c5ccccc5)ccn->3c4c21,C34 H34 N2 O4 Zn1,0.0,fail,CC(C)(C)C1=O->[Zn+2]23(<-O=C([O-]->2)C(C)(C)C)(<-[O-]1)<-n1ccc(-c2ccccc2)c2ccc4c(-c5ccccc5)ccn->3c4c21,CC(C)(C)C12=O->[Zn+2]<-1345(<-O=C->3([O-]->4)C(C)(C)C)(<-[O-]2)<-n1ccc(-c2ccccc2)c2ccc3c(-c4ccccc4)ccn->5c3c21
PIJHUL,,C22 H36 Fe1 O3 Si1,0.0,CC(C)(C)C12->[Fe]34(<-[C-]#[O+])(<-[C-]#[O+])(<-[C-]#[O+])<-C=1(C(C)(C)C)C->3([Si](C)(C)C)=C->42C(C)(C)C,CC(C)(C)C12->[Fe]34(<-[C-]#[O+])(<-[C-]#[O+])(<-[C-]#[O+])<-C=1(C(C)(C)C)C->3([Si](C)(C)C)=C->42C(C)(C)C,CC(C)(C)C12->[Fe]34(<-[C-]#[O+])(<-[C-]#[O+])(<-[C-]#[O+])<-C=1(C(C)(C)C)C->3([Si](C)(C)C)=C->42C(C)(C)C
PIJZOY,CC1CC(C)=O->[Mn@OH7+]234(<-O=1)<-c1ccccc1-c1cc(C)n([BH-](n5c(C)cc(-c6ccccc6)n->25)n2c(C)cc(-c5ccccc5)n->32)n->41,C35 H36 B1 Mn1 N6 O2,0.0,CC1CC(C)=O->[Mn+]23(<-O=1)<-[n-]1c(-c4ccccc4)cc(C)[n+]1[BH-]([n+]1c(C)cc(-c4ccccc4)[n-]->21)[n+]1c(C)cc(-c2ccccc2)[n-]->31,CC1CC(C)=O->[Mn+]23(<-O=1)<-n1c(-c4ccccc4)cc(C)n1[BH-](n1c(C)cc(-c4ccccc4)n->21)n1c(C)cc(-c2ccccc2)n->31,CC1CC(C)=O->[Mn+]23(<-O=1)<-n1c(-c4ccccc4)cc(C)n1[BH-](n1c(C)cc(-c4ccccc4)n->21)n1c(C)cc(-c2ccccc2)n->31
PIKPEG,C=CCN1C[C](->[Au+]<-[Cl-])N(c2c(C(C)C)cccc2C(C)C)C1,C18 H26 Au1 Cl1 N2,0.0,C=CCN1C[C](->[Au+]<-[Cl-])N(c2c(C(C)C)cccc2C(C)C)C1,C=CCN1C[C](->[Au+]<-[Cl-])N(c2c(C(C)C)cccc2C(C)C)C1,C=CCN1C[C](->[Au+]<-[Cl-])N(c2c(C(C)C)cccc2C(C)C)C1
PIKTUB,N/C1c2ccccn2->[Zn+2](<-[Cl-])(<-[Cl-])<-N=1/NC(=O)c1ccccc1N,C13 H13 Cl2 N5 O1 Zn1,0.0,NC1c2ccccn2->[Zn+2]2(<-[Cl-])(<-[Cl-])<-O=C(NN->2=1)c1ccccc1N,NC1c2ccccn2->[Zn+2]2(<-[Cl-])(<-[Cl-])<-O=C(NN->2=1)c1ccccc1N,NC1c2ccccn2->[Zn+2]2(<-[Cl-])(<-[Cl-])<-O=C(NN->2=1)c1ccccc1N
PILVUE,CC1=O->[Zn+2]2(<-O=C(C)[O-]->2)(<-[O-]1)(<-n1c(Cn2cnnn2)[nH]c2ccccc21)<-n1c(Cn2cnnn2)[nH]c2ccccc21,C22 H22 N12 O4 Zn1,0.0,CC(=O)[O-]->[Zn+2](<-[O-]C(C)=O)(<-n1c(Cn2cnnn2)[nH]c2ccccc21)<-n1c(Cn2cnnn2)[nH]c2ccccc21,CC(=O)[O-]->[Zn+2](<-[O-]C(C)=O)(<-n1c(Cn2cnnn2)[nH]c2ccccc21)<-n1c(Cn2cnnn2)[nH]c2ccccc21,CC12=O->[Zn+2]<-134(<-O=C->3(C)[O-]->4)(<-[O-]2)(<-n1c(Cn2cnnn2)[nH]c2ccccc21)<-n1c(Cn2cnnn2)[nH]c2ccccc21
PINCOE,,C21 H48 Cl2 N2 Os1 P2,0.0,CC(C)P(C(C)C)(C(C)C)->[OsH2+2](<-[Cl-])(<-[Cl-])(<-n1ccc[nH]1)<-P(C(C)C)(C(C)C)C(C)C,CC(C)P(C(C)C)(C(C)C)->[OsH2+2](<-[Cl-])(<-[Cl-])(<-n1ccc[nH]1)<-P(C(C)C)(C(C)C)C(C)C,CC(C)P(C(C)C)(C(C)C)->[OsH2+2](<-[Cl-])(<-[Cl-])(<-n1ccc[nH]1)<-P(C(C)C)(C(C)C)C(C)C
PIPYUK,[O-2]->[Tc+5]123(<-[O-][C@@H]4[C@H]5CC[C@H](C5)[C@@H]4[O-]->1)<-N1CCN->2CCN->3CC1,C13 H25 N3 O3 Tc1 1+,1.0,[O-2]->[Tc+5]123(<-[O-]C4C5CCC(C5)C4[O-]->1)<-N1CCN->2CCN->3CC1,[O-2]->[Tc+5]123(<-[O-]C4C5CCC(C5)C4[O-]->1)<-N1CCN->2CCN->3CC1,[O-2]->[Tc+5]123(<-[O-]C4C5CCC(C5)C4[O-]->1)<-N1CCN->2CCN->3CC1
PIQTOY,CC1=NN(c2ccccc2)C2=S->[Zn+2]3(<-S=C4/C(=N\[N-]->3c3ccccc3)C(C)=NN4c3ccccc3)<-[N-](/N=C/12)c1ccccc1,C32 H26 N8 S2 Zn1,0.0,CC1=NN(c2ccccc2)C2=S->[Zn+2]3(<-S=C4C(=N[N-]->3c3ccccc3)C(C)=NN4c3ccccc3)<-[N-](N=C12)c1ccccc1,CC1=NN(c2ccccc2)C2=S->[Zn+2]3(<-S=C4C(=N[N-]->3c3ccccc3)C(C)=NN4c3ccccc3)<-[N-](N=C12)c1ccccc1,CC1=NN(c2ccccc2)C2=S->[Zn+2]3(<-S=C4C(=N[N-]->3c3ccccc3)C(C)=NN4c3ccccc3)<-[N-](N=C12)c1ccccc1
PITKOU,N/C1NN->[Ag+]2(<-NN/C(N)=N->2/[N+](=O)[O-])<-N=1\[N+](=O)[O-],C2 H10 Ag1 N10 O4 1+,1.0,NC1NN->[Ag+]2(<-NNC(N)=N->2[N+](=O)[O-])<-N=1[N+](=O)[O-],NC1NN->[Ag+]2(<-NNC(N)=N->2[N+](=O)[O-])<-N=1[N+](=O)[O-],NNC(N)=N(->[Ag+]<-N(=C(N)NN)[N+](=O)[O-])[N+](=O)[O-]
PIVKOU,C1CSC2[S-]->[Ti+4]3456789%10(<-[S-]C=2S1)(<-c1c->3c->4[cH-]->5c->61)<-c1c->7c->8[cH-]->9c->%101,C14 H14 S4 Ti1,0.0,C1CSC2[S-]->[Ti+4]3456789%10(<-[S-]C=2S1)(<-c1c->3c->4[cH-]->5c->61)<-c1c->7c->8[cH-]->9c->%101,C1CSC2=S->[Ti+2]3456789%10(<-S=C2S1)(<-c1c->3c->4[cH-]->5c->61)<-c1c->7c->8[cH-]->9c->%101,C1CSC2=S->[Ti+2]3456789%10(<-S=C2S1)(<-c1c->3c->4[cH-]->5c->61)<-c1c->7c->8[cH-]->9c->%101
PIVNAL,COc1ccc(C2=CC(c3ccccc3)=N3->[Rh+]456(<-C7=C->4[C@H]4C[C@@H]7C->5=C->64)<-[n-]4c(-c5ccccc5)cc(-c5ccc(OC)cc5)c4/N=C/23)cc1,C41 H34 N3 O2 Rh1,0.0,COc1ccc(C2=CC(c3ccccc3)=N3->[Rh+]456(<-C7=C->4C4CC7C->5=C->64)<-[n-]4c(-c5ccccc5)cc(-c5ccc(OC)cc5)c4N=C23)cc1,COc1ccc(C2=CC(c3ccccc3)=N3->[Rh+]456(<-C7=C->4C4CC7C->5=C->64)<-[n-]4c(-c5ccccc5)cc(-c5ccc(OC)cc5)c4N=C23)cc1,COc1ccc(C2=CC(c3ccccc3)=N3->[Rh+]456(<-C7=C->4C4CC7C->5=C->64)<-[n-]4c(-c5ccccc5)cc(-c5ccc(OC)cc5)c4N=C23)cc1
PIWPOA,,C12 H12 Cr1 O5 S1,0.0,CC[S+]([O-])c12->[Cr]3456(<-[C-]#[O+])(<-[C-]#[O+])(<-[C-]#[O+])<-c(c->3c->41)c->5c->62OC,CCS(=O)c12->[Cr]3456(<-[C-]#[O+])(<-[C-]#[O+])(<-[C-]#[O+])<-c(c->3c->41)c->5c->62OC,CCS(=O)c12->[Cr]3456(<-[C-]#[O+])(<-[C-]#[O+])(<-[C-]#[O+])<-c(c->3c->41)c->5c->62OC
PIXKEP,,C34 H23 Cl1 N2 O1 Pd1 S2,0.0,fail,O=C1C(Nc2ccccc2Sc2ccccc2)=CC2=N3c4ccccc4S(c4ccccc4)->[Pd+2]<-3(<-[Cl-])<-[c-]3cccc1c32,O=C1C(Nc2ccccc2Sc2ccccc2)=CC2=N3c4ccccc4S(c4ccccc4)->[Pd+2]<-3(<-[Cl-])<-[c-]3cccc1c32
PIXWAU,,C11 H11 Br1 O1 Ru1,0.0,fail,C[c-]12->[Ru+4]3456789(<-[Br-])(<-c%10c->3c->4[cH-]->5c->6%10)<-c(c->7c->81=O)[cH-]->92,C[c-]12->[Ru+4]345678(<-[Br-])(<-c(c1=O)c->3[cH-]->42)<-c1c->5c->6[cH-]->7c->81
PIYPAO,CO/C1=C2/C3=C(/C=O)->[Fe]<-1<-3<-2(<-[C-]#[O+])(<-[C-]#[O+])<-[C-]#[O+],C9 H8 Fe1 O5,0.0,COC1=C2C3=C(C=O)->[Fe]<-1<-3<-2(<-[C-]#[O+])(<-[C-]#[O+])<-[C-]#[O+],COC1=C2C3=C(C=O)->[Fe]<-1<-3<-2(<-[C-]#[O+])(<-[C-]#[O+])<-[C-]#[O+],CO[CH-]1C2=C3[CH-](C=O)->[Fe+2]<-3<-2<-1(<-[C-]#[O+])(<-[C-]#[O+])<-[C-]#[O+]
PIZBUW,,C34 H37 Cl1 O2 P1 Ru1 1+,1.0,fail,CC(C)(C)c12->[Ru+4]345678(<-[Cl-])(<-[CH2-]C->3=C->4c3ccccc3)<-c1c->5(C)[c-]->6(C(=O)OCCP->7(c1ccccc1)c1ccccc1)c->82,CC(C)(C)c12->[Ru+4]345678(<-[Cl-])(<-[CH2-]C->3=C->4c3ccccc3)<-c1c->5(C)[c-]->6(C(=O)OCCP->7(c1ccccc1)c1ccccc1)c->82
PIZVUQ,,C21 H31 Mo1 O6 P2 1+,1.0,COP(OC)(OC)->[Mo+4]123456(<-[C-2]=Cc7ccccc7)(<-C7=C->1C->2=C->3[CH-]->4C->5=C->67)<-P(OC)(OC)OC,COP(OC)(OC)->[Mo+2]123456(<-[C]=Cc7ccccc7)(<-C7=C->1C->2=C->3[CH-]->4C->5=C->67)<-P(OC)(OC)OC,COP(OC)(OC)->[Mo+2]123456(<-[C]=Cc7ccccc7)(<-C7=C->1C->2=C->3[CH-]->4C->5=C->67)<-P(OC)(OC)OC
POBLUN,CC(C)N1CCN(C(C)C)CCN(C(C)C)(->[Cu+]2<-[O-]N->2=O)CC1,C15 H33 Cu1 N4 O2,0.0,CC(C)N12->[Cu-]3(<-[N+](=O)=O)<-N(C(C)C)(CC1)CCN->3(C(C)C)CC2,CC(C)N12->[Cu+]3(<-N(=O)[O-])<-N(C(C)C)(CC1)CCN->3(C(C)C)CC2,CC(C)N12->[Cu+]3(<-N(=O)[O-])<-N(C(C)C)(CC1)CCN->3(C(C)C)CC2
POBVIL,,C36 H29 O3 P1 W1,0.0,Cc1c[c-](->[W+2]2345(<-[C-]#[O+])(<-[C-]#[O+])(<-c6c->2c->3[cH-]->4c->56)<-P(c2ccccc2)(c2ccccc2)c2ccccc2)oc1-c1ccccc1,Cc1c[c-](->[W+2]2345(<-[C-]#[O+])(<-[C-]#[O+])(<-c6c->2c->3[cH-]->4c->56)<-P(c2ccccc2)(c2ccccc2)c2ccccc2)oc1-c1ccccc1,Cc1cc2([C-](=O)->[W+2]<-23456(<-[C-]#[O+])(<-c2c->3c->4[cH-]->5c->62)<-P(c2ccccc2)(c2ccccc2)c2ccccc2)oc1-c1ccccc1
POCYOY,CC1(C)[CH2-]->[Pt+2]23(<-[H]Oc4ccccc4N->2Cc2ccccn->32)<-[c-]2ccccc21,C22 H24 N2 O1 Pt1,0.0,CC1(C)[CH2-]->[Pt+2]2(<-[c-]3ccccc31)<-n1ccccc1CN->2c1ccccc1O,CC1(C)[CH2-]->[Pt+2]2(<-[c-]3ccccc31)<-n1ccccc1CN->2c1ccccc1O,CC1(C)[CH2-]->[Pt+2]2(<-[c-]3ccccc31)<-n1ccccc1CN->2c1ccccc1O
POFJIG,COc1cccc2/C=N3/N=C(\[O-]->[Mo+6]<-3(<-[O-2])(<-[O-2])(<-[O-]c21)<-OC)c1ccc(C(F)(F)F)cc1,C17 H15 F3 Mo1 N2 O6,0.0,COc1cccc2C=N3N=C([O-]->[Mo+6]<-3(<-[O-2])(<-[O-2])(<-[O-]c21)<-OC)c1ccc(C(F)(F)F)cc1,COc1cccc2C=N3N=C([O-]->[Mo+6]<-3(<-[O-2])(<-[O-2])(<-[O-]c21)<-OC)c1ccc(C(F)(F)F)cc1,CO.COc1cccc2c1[O-]->[Mo+6]1(<-[O-2])(<-[O-2])<-[O-]C(c3ccc(C(F)(F)F)cc3)=NN->1=C2
POGLON,CC(C)NC(=O)c1cccc2c(=O)n(C(C)C)[se](->[Pd+2](<-[Cl-])(<-[Cl-])<-[se]3c4c(C(=O)NC(C)C)cccc4c(=O)n3C(C)C)c12,C28 H36 Cl2 N4 O4 Pd1 Se2,0.0,CC(C)NC(=O)c1cccc2c(=O)n(C(C)C)[se](->[Pd+2](<-[Cl-])(<-[Cl-])<-[se]3c4c(C(=O)NC(C)C)cccc4c(=O)n3C(C)C)c12,CC(C)[N-][C+]([O-])C1=C[CH+]C=C([C+]([O-])NC(C)C)C1=[Se]->[Pd+2](<-[Cl-])(<-[Cl-])<-[Se]=C1C([C+]([O-])[N-]C(C)C)=C[CH+]C=C1[C+]([O-])NC(C)C,CC(C)[N-][C+]([O-])C1=C[CH+]C=C([C+]([O-])NC(C)C)C1=[Se]->[Pd+2](<-[Cl-])(<-[Cl-])<-[Se]=C1C([C+]([O-])[N-]C(C)C)=C[CH+]C=C1[C+]([O-])NC(C)C
POHSOV,COC1=CC2=O->[Ni+2]3(<-O=C4C=C(OC)C=C/C4=C(\C)[O-]->3)<-[O-]/C(C)=C\2C=C1,C18 H18 Ni1 O6,0.0,COc1ccc2C(C)=O->[Ni+2]3(<-O=C(C)c4ccc(OC)cc4[O-]->3)<-[O-]c2c1,COC1=CC2=O->[Ni+2]3(<-O=C4C=C(OC)C=CC4=C(C)[O-]->3)<-[O-]C(C)=C2C=C1,COC1=CC2=O->[Ni+2]3(<-O=C4C=C(OC)C=CC4=C(C)[O-]->3)<-[O-]C(C)=C2C=C1
POJMEH,CC(C)(C)P1(C[Si](C)(C)[N-]2[Si](C)(C)CP(C(C)(C)C)(C(C)(C)C)->[Rh@TB5+3]<-2<-13<-[O-][O-]->3)C(C)(C)C,C22 H52 N1 O2 P2 Rh1 Si2,0.0,CC(C)(C)P1(C[Si](C)(C)[N-]2[Si](C)(C)CP(C(C)(C)C)(C(C)(C)C)->[Rh+3]<-2<-13<-[O-][O-]->3)C(C)(C)C,CC(C)(C)P1(C[Si](C)(C)[N-]2[Si](C)(C)CP(C(C)(C)C)(C(C)(C)C)->[Rh+3]<-2<-13<-[O-][O-]->3)C(C)(C)C,CC(C)(C)P1(C[Si](C)(C)[N-]2[Si](C)(C)CP(C(C)(C)C)(C(C)(C)C)->[Rh+3]<-2<-13<-[O-][O-]->3)C(C)(C)C
POKMEJ,CC(C)(C)N1CC(=O)[N-]2c3ccccc3/C(c3ccccc3)=N3/CC(=O)[O-]->[Ni@SP1+2]<-3<-2<-1,C21 H23 N3 Ni1 O3,0.0,CC(C)(C)N1CC(=O)[N-]2c3ccccc3C(c3ccccc3)=N3CC(=O)[O-]->[Ni+2]<-3<-2<-1,CC(C)(C)N1CC(=O)N2=C3C=CC=CC3=C(c3ccccc3)[N-]3CC(=O)[O-]->[Ni+2]<-2<-3<-1,CC(C)(C)N1CC(=O)N2=C3C=CC=CC3=C(c3ccccc3)[N-]3CC(=O)[O-]->[Ni+2]<-2<-3<-1
POLKEG,,C12 H24 Br2 Hg1 O6,0.0,[Br-]->[Hg+2]12345(<-[Br-])<-O6CCO->1CCO->2CCO->3CCO->4CCO->5CC6,C1COCCOCCOCCOCCOCCO1.[Br-]->[Hg+2]<-[Br-],C1COCCOCCOCCOCCOCCO1.[Br-]->[Hg+2]<-[Br-]
POMNUA,,C14 H12 O4 W1,0.0,C#CCOC1C=[C-](C)->[W+2]2345(<-[C-]#[O+])(<-[C-]#[O+])(<-O=1)<-c1c->2c->3[cH-]->4c->51,C#CCOC1C=[C-](C)->[W+2]2345(<-[C-]#[O+])(<-[C-]#[O+])(<-O=1)<-c1c->2c->3[cH-]->4c->51,C#CCOC1C=[C-](C)->[W+2]2345(<-[C-]#[O+])(<-[C-]#[O+])(<-O=1)<-c1c->2c->3[cH-]->4c->51
PONNUB,,C48 H33 Cu1 N3 1+,1.0,c1cc2ccc3ccc(N->[Cu+](<-Nc4ccc5ccc6cccc7ccc4c5c67)<-Nc4ccc5ccc6cccc7ccc4c5c67)c4ccc(c1)c2c34,c1cc2ccc3ccc([N-2]->[Cu+7](<-[N-2]c4ccc5ccc6cccc7ccc4c5c67)<-[N-2]c4ccc5ccc6cccc7ccc4c5c67)c4ccc(c1)c2c34,c1cc2ccc3ccc([N-2]->[Cu+5]4<-[N-](c5ccc6ccc7cccc8ccc5c6c78)[N-]->4c4ccc5ccc6cccc7ccc4c5c67)c4ccc(c1)c2c34
POPVAT,COc1ccc(/C2=C3\C=C/C4=C(\[C-]5[CH+][CH-][C-](OC)[CH+][CH-]5)[c-]5[cH+][cH+][c-]6[n-]5->[Os+6]5(<-[N-3])(<-[N-]7[C+]([CH+][CH+][C-]27)C(=C2C=C[C-](OC)C=C2)c2ccc-6[n-]->52)<-[NH2+]34)cc1,C40 H29 N5 O3 Os1,0.0,COc1ccc(-c2c3n4->[Os+6]56(<-[N-3])<-[n-]7c2ccc7c(-c2ccc(OC)cc2)c2ccc(c7ccc(c(-c8ccc(OC)cc8)c4C=C3)[n-]->57)[n-]->62)cc1,COc1ccc(-c2c3n4->[Os+6]56(<-[N-3])<-[n-]7c2ccc7c(-c2ccc(OC)cc2)c2ccc(c(-c7ccc(OC)cc7)c7ccc(c4C=C3)[n-]->57)[n-]->62)cc1,COc1ccc(-c2c3n4->[Os+6]56(<-[N-3])<-[n-]7c2ccc7c(-c2ccc(OC)cc2)c2ccc(c(-c7ccc(OC)cc7)c7ccc(c4C=C3)[n-]->57)[n-]->62)cc1
POQQER,CC(=O)C1=C(/C=C/c2ccccc2)O[C](->[W](<-[C-]#[O+])(<-[C-]#[O+])(<-[C-]#[O+])(<-[C-]#[O+])<-[C-]#[O+])C=C1c1ccccc1,C26 H16 O7 W1,0.0,CC(=O)C1=C(C=Cc2ccccc2)O[C-2](->[W+2](<-[C-]#[O+])(<-[C-]#[O+])(<-[C-]#[O+])(<-[C-]#[O+])<-[C-]#[O+])C=C1c1ccccc1,CC(=O)C1=C(C=Cc2ccccc2)O[C](->[W](<-[C-]#[O+])(<-[C-]#[O+])(<-[C-]#[O+])(<-[C-]#[O+])<-[C-]#[O+])C=C1c1ccccc1,CC(=O)C1=C(C=Cc2ccccc2)O[C](->[W](<-[C-]#[O+])(<-[C-]#[O+])(<-[C-]#[O+])(<-[C-]#[O+])<-[C-]#[O+])C=C1c1ccccc1
POQZIE,O=C1C[CH2-]->[Ni+2]2(<-[O-]1)<-n1ccccc1-c1ccccn->21,C13 H12 N2 Ni1 O2,0.0,O=C1C[CH2-]->[Ni+2]2(<-[O-]1)<-n1ccccc1-c1ccccn->21,O=C1C[CH2-]->[Ni+2]2(<-[O-]1)<-n1ccccc1-c1ccccn->21,O=C1C[CH2-]->[Ni+2]2(<-[O-]1)<-n1ccccc1-c1ccccn->21
PORLAK,Cc1cc2CN3(C)Cc4cc(C)cc(C(C)(C)C)c4[O-]->[W+6]<-3(<-[Cl-])(<-[Cl-])(<-[N-2]c3ccccc3)<-[O-]c2c(C(C)(C)C)c1,C31 H40 Cl2 N2 O2 W1,0.0,Cc1cc2CN3(C)Cc4cc(C)cc(C(C)(C)C)c4[O-]->[W+6]<-3(<-[Cl-])(<-[Cl-])(<-[N-2]c3ccccc3)<-[O-]c2c(C(C)(C)C)c1,Cc1cc2CN3(C)Cc4cc(C)cc(C(C)(C)C)c4[O-]->[W+6]<-3(<-[Cl-])(<-[Cl-])(<-[N-2]c3ccccc3)<-[O-]c2c(C(C)(C)C)c1,Cc1cc2CN3(C)Cc4cc(C)cc(C(C)(C)C)c4[O-]->[W+6]<-3(<-[Cl-])(<-[Cl-])(<-[N-2]c3ccccc3)<-[O-]c2c(C(C)(C)C)c1
PORXAX,,C24 H12 N14 Ni1,0.0,CC#N->[Ni+2](<-N#CC)(<-N#CC)(<-N#CC)(<-[n-]1c(C#N)c(C#N)c(C#N)c1C#N)<-[n-]1c(C#N)c(C#N)c(C#N)c1C#N,CC#N->[Ni+2](<-N#CC)(<-N#CC)(<-N#CC)(<-[n-]1c(C#N)c(C#N)c(C#N)c1C#N)<-[n-]1c(C#N)c(C#N)c(C#N)c1C#N,CC#N->[Ni+2](<-N#CC)(<-N#CC)(<-N#CC)(<-[n-]1c(C#N)c(C#N)c(C#N)c1C#N)<-[n-]1c(C#N)c(C#N)c(C#N)c1C#N
POSNIW,,C22 H16 N18 Ni1 O2,0.0,[N-]=[N+]=Nc1ccn(->[Ni+2](<-[N-]=C=O)(<-[N-]=C=O)(<-n2ccc(N=[N+]=[N-])cc2)(<-n2ccc(N=[N+]=[N-])cc2)<-n2ccc(N=[N+]=[N-])cc2)cc1,N#[N+]N=c1cc[n-](->[Ni+2](<-[N-]=C=O)(<-[N-]=C=O)(<-[n-]2ccc(=N[N+]#N)cc2)(<-[n-]2ccc(=N[N+]#N)cc2)<-[n-]2ccc(=N[N+]#N)cc2)cc1,N#[N+]N=c1cc[n-](->[Ni+6](<-[N-]=C=O)(<-[N-]=C=O)<-[n-]2ccc(=N[N+]#N)cc2)cc1.[N-2]N=Nc1ccncc1.[N-2]N=Nc1ccncc1
POTXIF,CCOC(=O)[C-]1(C(C)=O)[C@H](OC)c2ccc3cccc4[O-]->[Pd@TB3+2]<-1(<-n1ccccc1)<-n2c43,C22 H22 N2 O5 Pd1,0.0,CCOC(=O)[C-]1(C(C)=O)C(OC)c2ccc3cccc4[O-]->[Pd+2]<-1(<-n1ccccc1)<-n2c43,CCOC(=O)[C-]1(C(C)=O)C(OC)c2ccc3cccc4[O-]->[Pd+2]<-1(<-n1ccccc1)<-n2c43,CCOC(=O)[C-]12C(OC)c3ccc4cccc5[O-]->[Pd+2]<-1(<-n1ccccc1)(<-n3c54)<-C2(C)=O
POWJIU,CC(C)(C)N1Cc2ccccc2C[C]1->[Pd+2](<-[Cl-])(<-P(C)(C)C)<-P(C)(C)C,C19 H35 Cl1 N1 P2 Pd1 1+,1.0,CC(C)(C)N1Cc2ccccc2C[C]1->[Pd+2](<-[Cl-])(<-P(C)(C)C)<-P(C)(C)C,CC(C)(C)N1Cc2ccccc2C[C]1->[Pd+2](<-[Cl-])(<-P(C)(C)C)<-P(C)(C)C,CC(C)(C)N1Cc2ccccc2C[C]1->[Pd+2](<-[Cl-])(<-P(C)(C)C)<-P(C)(C)C
POXDUC,Cc1cc2CN3(C)Cc4cc(C)cc(C(C)(C)C)c4[O-]->[W+6]<-3(<-[Cl-])(<-[Cl-])(<-[N-2]c3ccccc3)<-[O-]c2c(C(C)(C)C)c1,C31 H40 Cl2 N2 O2 W1,0.0,Cc1cc2CN3(C)Cc4cc(C)cc(C(C)(C)C)c4[O-]->[W+6]<-3(<-[Cl-])(<-[Cl-])(<-[N-2]c3ccccc3)<-[O-]c2c(C(C)(C)C)c1,Cc1cc2CN3(C)Cc4cc(C)cc(C(C)(C)C)c4[O-]->[W+6]<-3(<-[Cl-])(<-[Cl-])(<-[N-2]c3ccccc3)<-[O-]c2c(C(C)(C)C)c1,Cc1cc2CN3(C)Cc4cc(C)cc(C(C)(C)C)c4[O-]->[W+6]<-3(<-[Cl-])(<-[Cl-])(<-[N-2]c3ccccc3)<-[O-]c2c(C(C)(C)C)c1
POYQOL,CC(=O)[O-]->[Pd@@+2]12<-N=C3C=CC=C/C3=C3\C=CC=C(/C(C)=N->1/c1c(C(C)C)cccc1C(C)C)[N-]->23,C27 H31 N3 O2 Pd1,0.0,CC(=O)[O-]->[Pd+2]12<-[NH-]c3ccccc3-c3cccc(C(C)=N->1c1c(C(C)C)cccc1C(C)C)n->23,CC(=O)[O-]->[Pd+2]12<-N=C3C=CC=CC3=C3C=CC=C(C(C)=N->1c1c(C(C)C)cccc1C(C)C)[N-]->23,CC(=O)[O-]->[Pd+2]12<-N=C3C=CC=CC3=C3C=CC=C(C(C)=N->1c1c(C(C)C)cccc1C(C)C)[N-]->23
POZHIW,,C28 H40 Cl1 N1 O1 P2 Ru1,0.0,CC(C)P1(Cc2cccc3cc4cccc5CP(C(C)C)(C(C)C)->[RuH+]<-1(<-[Cl-])(<-[C-]#[O+])<-n(c23)c54)C(C)C,CC(C)P1(Cc2cccc3cc4cccc5CP(C(C)C)(C(C)C)->[RuH+]<-1(<-[Cl-])(<-[C-]#[O+])<-n(c23)c54)C(C)C,CC(C)P1(Cc2cccc3cc4cccc5CP(C(C)C)(C(C)C)->[RuH+]<-1(<-[Cl-])(<-[C-]#[O+])<-n(c23)c54)C(C)C
POZRIF,CCO[C](C1=C(c2ccccc2)N(C(C)C)C=C[C@@H]1c1ccccc1)->[W](<-[C-]#[O+])(<-[C-]#[O+])(<-[C-]#[O+])(<-[C-]#[O+])<-[C-]#[O+],C28 H25 N1 O6 W1,0.0,CCO[C-2](C1=C(c2ccccc2)N(C(C)C)C=CC1c1ccccc1)->[W+2](<-[C-]#[O+])(<-[C-]#[O+])(<-[C-]#[O+])(<-[C-]#[O+])<-[C-]#[O+],CCO[C](C1=C(c2ccccc2)N(C(C)C)C=CC1c1ccccc1)->[W](<-[C-]#[O+])(<-[C-]#[O+])(<-[C-]#[O+])(<-[C-]#[O+])<-[C-]#[O+],CCO[C](C1=C(c2ccccc2)N(C(C)C)C=CC1c1ccccc1)->[W](<-[C-]#[O+])(<-[C-]#[O+])(<-[C-]#[O+])(<-[C-]#[O+])<-[C-]#[O+]
PPMACU,,C13 H15 Br2 Cu1 N3 O1,0.0,CN12Cc3ccccn3->[Cu+2]<-1(<-[Br-])(<-[Br-])<-n1ccccc1C2O,CN12Cc3ccccn3->[Cu+3]<-1(<-[Br-])(<-[Br-])<-n1ccccc1C2[O-],CN12Cc3ccccn3->[Cu+3]<-1(<-[Br-])(<-[Br-])<-n1ccccc1C2[O-]
PUBKAZ,COC1=CC2=N(/C(C)C)->[Ta+5]3(<-[Cl-])(<-[Cl-])(<-[N-2]c4ccccc4)<-N(=C/2C=C1)\c1ccc(OC)cc1[N-]->3C(C)C,C26 H31 Cl2 N4 O2 Ta1,0.0,COc1ccc2[N-]3c4ccc(OC)cc4[N-](C(C)C)->[Ta+7]<-3(<-[Cl-])(<-[Cl-])(<-[N-2]c3ccccc3)<-[N-](c2c1)C(C)C,COc1ccc2[N-]3c4ccc(OC)cc4[N-](C(C)C)->[Ta+7]<-3(<-[Cl-])(<-[Cl-])(<-[N-2]c3ccccc3)<-[N-](c2c1)C(C)C,COc1ccc2[N-]3c4ccc(OC)cc4[N-](C(C)C)->[Ta+7]<-3(<-[Cl-])(<-[Cl-])(<-[N-2]c3ccccc3)<-[N-](c2c1)C(C)C
PUCFEY,Cc1ccc([S@@](C)(=O)->[Pt+2](<-[Cl-])(<-[Cl-])<-[S@](C)(=O)c2ccc(C)cc2)cc1,C16 H20 Cl2 O2 Pt1 S2,0.0,Cc1ccc(S(C)(=O)->[Pt+2](<-[Cl-])(<-[Cl-])<-S(C)(=O)c2ccc(C)cc2)cc1,Cc1ccc(S(C)(=O)->[Pt+2](<-[Cl-])(<-[Cl-])<-S(C)(=O)c2ccc(C)cc2)cc1,Cc1ccc(S(C)(=O)->[Pt+2](<-[Cl-])(<-[Cl-])<-S(C)(=O)c2ccc(C)cc2)cc1
PUCYET,,C20 H34 N2 O1 P1 Ru1 1-,-1.0,CC(C)(C)N1=Cc2cccc3C[P-](C(C)(C)C)(C(C)(C)C)->[RuH]<-1(<-[C-]#[O+])<-n23,CC(C)(C)[N-]1C=C2C=CC=C3CP(C(C)(C)C)(C(C)(C)C)->[RuH+]<-1(<-[C-]#[O+])<-[N-]23,CC(C)(C)[N-]1C=C2C=CC=C3CP(C(C)(C)C)(C(C)(C)C)->[RuH+]<-1(<-[C-]#[O+])<-[N-]23
PUFQEO,Cc1cc(C)c(N2CCN(c3c(C)cc(C)cc3C)[C]2->[Ru@TB5+4]2(<-[Cl-])(<-[Cl-])<-[CH-]=C3C=C[CH-]C=C3S->2C)c(C)c1,C29 H34 Cl2 N2 Ru1 S1,0.0,Cc1cc(C)c(N2CCN(c3c(C)cc(C)cc3C)[C]2->[Ru+4]2(<-[Cl-])(<-[Cl-])<-[CH-2]c3ccccc3S->2C)c(C)c1,Cc1cc(C)c(N2CCN(c3c(C)cc(C)cc3C)[C]2->[Ru+2]2(<-[Cl-])(<-[Cl-])<-[CH]c3ccccc3S->2C)c(C)c1,Cc1cc(C)c(N2CCN(c3c(C)cc(C)cc3C)[C]2->[Ru+2]2(<-[Cl-])(<-[Cl-])<-[CH]c3ccccc3S->2C)c(C)c1
PUHNEM,,C26 H24 Ag1 N6 O5 1+,1.0,O=C(NN=Cc1ccccc1O)c1ccn(->[Ag+](<-O)<-n2ccc(C(=O)NN=Cc3ccccc3O)cc2)cc1,O.O=C(NN=Cc1ccccc1O)c1ccn(->[Ag+]<-n2ccc(C(=O)NN=Cc3ccccc3O)cc2)cc1,O=C(NN=Cc1ccccc1O)c1ccn(->[Ag+](<-O)<-n2ccc(C(=O)NN=Cc3ccccc3O)cc2)cc1
PUJPOZ,,C16 H18 Cr1 N2 O4,0.0,CC[C]1N(Cc2ccccc2)N(C)(C)->[Cr]<-1(<-[C-]#[O+])(<-[C-]#[O+])(<-[C-]#[O+])<-[C-]#[O+],CC[C]1N(Cc2ccccc2)N(C)(C)->[Cr]<-1(<-[C-]#[O+])(<-[C-]#[O+])(<-[C-]#[O+])<-[C-]#[O+],CC[C]1N(Cc2ccccc2)N(C)(C)->[Cr]<-1(<-[C-]#[O+])(<-[C-]#[O+])(<-[C-]#[O+])<-[C-]#[O+]
PUKQER,,C35 H32 Co1 O4 P1 S1,0.0,CCOC(=O)[CH-]1[C-](=CS(=O)(=O)c2ccccc2)->[Co+3]<-12345(<-c1c->2c->3[cH-]->4c->51)<-P(c1ccccc1)(c1ccccc1)c1ccccc1,CCOC(=O)C1=C(=CS(=O)(=O)c2ccccc2)->[Co+]<-12345(<-c1c->2c->3[cH-]->4c->51)<-P(c1ccccc1)(c1ccccc1)c1ccccc1,CCOC(=O)C1=C(=CS(=O)(=O)c2ccccc2)->[Co+]<-12345(<-c1c->2c->3[cH-]->4c->51)<-P(c1ccccc1)(c1ccccc1)c1ccccc1
PUMBII,,C27 H33 N3 O1 W1,0.0,CC1C=[C-](c2ccccc2)->[W+4]2345(<-[N-]=O)(<-N=1)(<-[NH-]C(C)=C1C=CC=C1)<-c1(C)c->2(C)c->3(C)[c-]->4(C)c->51C,CC1C=[C-](c2ccccc2)->[W+4]2345(<-[N-]=O)(<-N=1)(<-[NH-]C(C)=C1C=CC=C1)<-c1(C)c->2(C)c->3(C)[c-]->4(C)c->51C,CC1=C[C-]2(c3ccccc3)N(=O)->[W+4]<-23456(<-[NH-]1)(<-[NH-]C(C)=C1C=CC=C1)<-c1(C)c->3(C)c->4(C)[c-]->5(C)c->61C
PUMMER,,C24 H45 Cl1 Ir1 N1 O2 P2,0.0,CN(C)c1cc2OP(C(C)(C)C)(C(C)(C)C)->[IrH+2]3(<-[Cl-])<-[c-]2c(OP->3(C(C)(C)C)C(C)(C)C)c1,CN(C)c1cc2OP(C(C)(C)C)(C(C)(C)C)->[IrH+2]3(<-[Cl-])<-[c-]2c(OP->3(C(C)(C)C)C(C)(C)C)c1,CN(C)c1cc2OP(C(C)(C)C)(C(C)(C)C)->[IrH+2]3(<-[Cl-])<-[c-]2c(OP->3(C(C)(C)C)C(C)(C)C)c1
PUNJAK,[O+]#[C-]->[Mo+2]1234(<-[C-]#[O+])(<-F[B-](F)(F)F)(<-c5c->1c->2[cH-]->3c->45)<-P(C1CCCCC1)(C1CCCCC1)C1CCCCC1,C25 H38 B1 F4 Mo1 O2 P1,0.0,[O+]#[C-]->[Mo+2]1234(<-[C-]#[O+])(<-F[B-](F)(F)F)(<-c5c->1c->2[cH-]->3c->45)<-P(C1CCCCC1)(C1CCCCC1)C1CCCCC1,F[B-](F)(F)F.[O+]#[C-]->[Mo+2]1234(<-[C-]#[O+])(<-P(C5CCCCC5)(C5CCCCC5)C5CCCCC5)<-c5c->1c->2[cH-]->3c->45,F[B-](F)(F)F.[O+]#[C-]->[Mo+2]1234(<-[C-]#[O+])(<-P(C5CCCCC5)(C5CCCCC5)C5CCCCC5)<-c5c->1c->2[cH-]->3c->45
PUNVIF,CC(C)P1(c2ccccc2[SiH-]2c3ccccc3P(C(C)C)(C(C)C)->[Pt+2]<-2<-1<-[Cl-])C(C)C,C24 H37 Cl1 P2 Pt1 Si1,0.0,CC(C)P1(c2ccccc2[SiH-]2c3ccccc3P(C(C)C)(C(C)C)->[Pt+2]<-2<-1<-[Cl-])C(C)C,CC(C)P1(c2ccccc2[SiH-]2c3ccccc3P(C(C)C)(C(C)C)->[Pt+2]<-2<-1<-[Cl-])C(C)C,CC(C)P1(c2ccccc2[SiH-]2c3ccccc3P(C(C)C)(C(C)C)->[Pt+2]<-2<-1<-[Cl-])C(C)C
PUPKAO,,C34 H34 Fe1 N2 O1 P2 S1,0.0,fail,CP(C)(c1ccccc1)->[Fe]12(<-[C-]#[O+])(<-S=C3C=CC=CC3=C3C=CC=C(c4cccc(N)n->14)[C]->23)<-P(C)(C)c1ccccc1,CP(C)(c1ccccc1)->[Fe]12(<-[C-]#[O+])(<-S=C3C=CC=CC3=C3C=CC=C(c4cccc(N)n->14)[C]->23)<-P(C)(C)c1ccccc1
PUQJIU,CP1(C)=S->[Ni@+2](<-[Cl-])(<-[S-]1)<-P(c1ccccc1)(c1ccccc1)c1ccccc1,C20 H21 Cl1 Ni1 P2 S2,0.0,fail,CP1(C)=S->[Ni+2](<-[Cl-])(<-[S-]1)<-P(c1ccccc1)(c1ccccc1)c1ccccc1,CP12(C)=S->[Ni+2]<-1(<-[Cl-])(<-[S-]2)<-P(c1ccccc1)(c1ccccc1)c1ccccc1
PUSCIQ,,C21 H33 I1 N6 Rh1 1+,1.0,CC#N->[Rh+]12(<-[I-])(<-N#CC)<-[c]3cn(C(C)C)c(C)[n+]3C[CH-]->1C[n+]1c(C)n(C(C)C)c[c]->21,CC#N->[Rh+3]12(<-[I-])(<-N#CC)<-[c-]3c[n+](C(C)C)c(C)n3C[CH-]->1C[n+]1c(C)n(C(C)C)c[c-]->21,CC#N->[Rh+3]12(<-[I-])(<-N#CC)<-[c-]3c[n+](C(C)C)c(C)n3C[CH-]->1C[n+]1c(C)n(C(C)C)c[c-]->21
PUTKOG,COc1cccc(/C=N/c2ccccc2)n1->[Hg+2](<-[Cl-])<-[Cl-],C13 H12 Cl2 Hg1 N2 O1,0.0,COc1cccc2C=N(c3ccccc3)->[Hg+2](<-[Cl-])(<-[Cl-])<-n21,COc1cccc2C=N(c3ccccc3)->[Hg+2](<-[Cl-])(<-[Cl-])<-n21,COc1cccc(C=Nc2ccccc2)n1->[Hg+2](<-[Cl-])<-[Cl-]
PUVDUF,O=C1CC[C@H](C(=O)[O-]->[Zn+2](<-O)(<-O)<-[O-]C(=O)[C@H]2CCC(=O)N2)N1,C10 H16 N2 O8 Zn1,0.0,O=C1CCC(C(=O)[O-]->[Zn+2](<-O)(<-O)<-[O-]C(=O)C2CCC(=O)N2)N1,O=C1CCC(C(=O)[O-]->[Zn+2](<-O)(<-O)<-[O-]C(=O)C2CCC(=O)N2)N1,O=C1CCC(C23=O->[Zn+2]<-245(<-O)(<-O)(<-O=C->4([O-]->5)C2CCC(=O)N2)<-[O-]3)N1
PUXJUP,CC(C)c1cccc(C(C)C)c1/N1=C2/C(=O->[Zn+2]<-1(<-[Br-])<-[Br-])c1cccc3cccc2c13,C24 H23 Br2 N1 O1 Zn1,0.0,CC(C)c1cccc(C(C)C)c1N1=C2C(=O->[Zn+2]<-1(<-[Br-])<-[Br-])c1cccc3cccc2c13,CC(C)c1cccc(C(C)C)c1[N-]1C2=C([O-]->[Zn+4]<-1(<-[Br-])<-[Br-])c1cccc3cccc2c13,CC(C)c1cccc(C(C)C)c1[N-]1C2=C([O-]->[Zn+4]<-1(<-[Br-])<-[Br-])c1cccc3cccc2c13
PUYBUI,C[n+]1c[c-]2->[Rh+3](<-[I-])(<-[I-])(<-[I-])(<-[C-]#[O+])<-n3cccc4cc(-c5ccccc5)c1n2c43,C18 H13 I3 N3 O1 Rh1,0.0,C[n+]1c[c]2->[Rh+2](<-[I-])(<-[I-])(<-[I-])(<-[C-]#[O+])<-n3cccc4cc(-c5ccccc5)c1n2c43,CN1C=[C-]2->[Rh+5](<-[I-])(<-[I-])(<-[I-])(<-[C-]#[O+])<-n3cccc4c3N2C1=C(c1ccccc1)[CH-]4,CN1C=[C-]2->[Rh+5](<-[I-])(<-[I-])(<-[I-])(<-[C-]#[O+])<-n3cccc4c3N2C1=C(c1ccccc1)[CH-]4
PZBMAL,CC[B-]12C(C)[H]->[Mo+4]34(<-[C-]#[O+])(<-[C-]#[O+])(<-[CH2-][C-]->3([CH2-]->4)c3ccccc3)(<-n3cccn31)<-n1cccn12,C21 H25 B1 Mo1 N4 O2,0.0,fail,CC[B-]1(CC)n2cccn2->[Mo+2]23(<-[C-]#[O+])(<-[C-]#[O+])(<-C=C->2([CH2-]->3)c2ccccc2)<-n2cccn21,C[CH-][B-]1(CC)n2cccn2->[MoH+3]23(<-[C-]#[O+])(<-[C-]#[O+])(<-C=C->2([CH2-]->3)c2ccccc2)<-n2cccn21
QABTAR,Cc1c(C)c(C)c(CN2c3ccccc3S#C2->[Ru+2]23456(<-[Cl-])(<-[Cl-])<-c7c->2c->3(C(C)C)c->4c->5c->67C)c(C)c1C,C29 H35 Cl2 N1 Ru1 S1,0.0,fail,Cc1c(C)c(C)c(CN2c3ccccc3S#C2->[Ru+2]23456(<-[Cl-])(<-[Cl-])<-c7c->2c->3(C(C)C)c->4c->5c->67C)c(C)c1C,Cc1c(C)c(C)c(CN2c3ccccc3S#C2->[Ru+2]23456(<-[Cl-])(<-[Cl-])<-c7c->2c->3(C(C)C)c->4c->5c->67C)c(C)c1C
QACHEI,,C22 H46 O1 P2 Ru1,0.0,CC(C)(C)P1(CC[CH-]2CCP(C(C)(C)C)(C(C)(C)C)->[RuH+]<-2<-1<-[C-]#[O+])C(C)(C)C,CC(C)(C)P1(CC[CH-]2CCP(C(C)(C)C)(C(C)(C)C)->[RuH+]<-2<-1<-[C-]#[O+])C(C)(C)C,CC(C)(C)P1(CC[CH-]2CCP(C(C)(C)C)(C(C)(C)C)->[RuH+]<-2<-1<-[C-]#[O+])C(C)(C)C
QADNAK,O=N1[O-]->[Co+3]<-12345(<-NCCCN->2CCN->3CCCN->4)<-[O-]N->5=O,C8 H22 Co1 N6 O4 1+,1.0,O=[N+](=O)->[Co-]123(<-NCCCN->1CCN->2CCCN->3)<-[N+](=O)=O,O=N([O-])->[Co+3]123(<-NCCCN->1CCN->2CCCN->3)<-N(=O)[O-],O=N([O-])->[Co+3]123(<-NCCCN->1CCN->2CCCN->3)<-N(=O)[O-]
QADTOH,c1cnc(-n2ccn(->[Zn+2]345<-n6c7nc8c9ccccc9c(nc9n->3c(nc3c%10ccccc%10c(nc6-c6ccccc6-7)[n-]->43)-c3ccccc3-9)[n-]->58)c2)nc1,C39 H22 N12 Zn1,0.0,c1cnc(-n2ccn(->[Zn+2]345<-n6c7nc8c9ccccc9c(nc9n->3c(nc3c%10ccccc%10c(nc6-c6ccccc6-7)[n-]->43)-c3ccccc3-9)[n-]->58)c2)nc1,c1cnc(-n2ccn(->[Zn+4]345<-[n-]6c7c8ccccc8c6N=c6c8ccccc8c([n-]->36)=Nc3c6ccccc6c([n-]->43)N=c3c4ccccc4c([n-]->53)=N7)c2)nc1,
QAFLUF,,C18 H20 Cd1 N10 O10,0.0,CC1=C(C)[N-]2->[Cd+4]345(<-[O-]C6=C2C(=N1)[N+](C)=C([O])N6)(<-[O-]C1=C2C(=NC(C)=C(C)[N-]->32)[N+](C)=C([O])N1)(<-[O-][N+](=O)[O-]->4)<-[O-][N+](=O)[O-]->5,Cc1nc2c3c(=O->[Cd+2]4(<-O=c5[nH]c(=O)n(C)c6nc(C)c(C)n->4c56)(<-[O-][N+](=O)[O-])(<-[O-][N+](=O)[O-])<-n3c1C)[nH]c(=O)n2C,Cc1nc2c(=O->[Cd+2]34567(<-O=c8[nH]c(=O)n(C)c9nc(C)c(C)n->3c89)(<-[O-][N+]->4(=O)[O-]->5)<-[O-][N+]->6(=O)[O-]->7)[nH]c(=O)n(C)c2nc1C
QAGBOR,,C23 H40 Cl1 N2 Rh1,0.0,CC(C)C1CCCN1[C](N1CCCC1C(C)C)->[Rh+]123(<-[Cl-])<-C4=C->1CCC->2=C->3CC4,CC(C)C1CCCN1[C](N1CCCC1C(C)C)->[Rh+]123(<-[Cl-])<-C4=C->1CCC->2=C->3CC4,CC(C)C1CCCN1[C](N1CCCC1C(C)C)->[Rh+]123(<-[Cl-])<-C4=C->1CCC->2=C->3CC4
QAGVIE,O=S(=O)(c1ccccc1)[N-]1c2cccc3cccn(->[Zn+2]<-14<-n1cccc5cccc([N-]->4S(=O)(=O)c4ccccc4)c51)c23,C30 H22 N4 O4 S2 Zn1,0.0,O=S(=O)(c1ccccc1)[N-]1c2cccc3cccn(->[Zn+2]<-14<-n1cccc5cccc([N-]->4S(=O)(=O)c4ccccc4)c51)c23,O=S(=O)(c1ccccc1)[N-]1c2cccc3cccn(->[Zn+2]<-14<-n1cccc5cccc([N-]->4S(=O)(=O)c4ccccc4)c51)c23,O=S1([O-]->[Zn+2]234(<-[O-]S(=O)(c5ccccc5)=N->2c2cccc5cccn->3c25)<-N=1c1cccc2cccn->4c12)c1ccccc1
QAHDEJ,Cc1cccc2CN3C=CN(c4c(C(C)C)cccc4C(C)C)[C]3->[Pd@OH20+2](<-[CH3-])(<-[Br-])<-n12,C23 H30 Br1 N3 Pd1,0.0,Cc1cccc2CN3C=CN(c4c(C(C)C)cccc4C(C)C)[C]3->[Pd+2](<-[CH3-])(<-[Br-])<-n12,Cc1cccc2CN3C=CN(c4c(C(C)C)cccc4C(C)C)[C]3->[Pd+2](<-[CH3-])(<-[Br-])<-n12,Cc1cccc2CN3C=CN(c4c(C(C)C)cccc4C(C)C)[C]3->[Pd+2](<-[CH3-])(<-[Br-])<-n12
QAHXUS,,C30 H35 P1 Zr1,0.0,Cc12->[Zr+2]3456789%10%11(<-C=C->3CCP->4(c3ccccc3)c3ccccc3)(<-c3c->5c->6(C)c->7(C)[cH-]->83)<-c1[cH-]->9c->%10c->%112C,,[C-]1#C2C=CC3C45->[Zr+2]<-1<-26789%10%11(<-C=C->6CCP->7(c1ccccc1)c1ccccc1)<-C(#C->8[C-]->934)C->%101=CC=CC->%11=51
QAJDIR,O=C1[O-]->[Pd@TB6+2]23(<-N[C@H]1C[S-]->2)<-P(CCCP->3(c1ccccc1)c1ccccc1)(c1ccccc1)c1ccccc1,C30 H31 N1 O2 P2 Pd1 S1,0.0,O=C([O-])C1C[S-]->[Pd+2]2(<-N1)<-P(CCCP->2(c1ccccc1)c1ccccc1)(c1ccccc1)c1ccccc1,O=C([O-])C1C[S-]->[Pd+2]2(<-N1)<-P(CCCP->2(c1ccccc1)c1ccccc1)(c1ccccc1)c1ccccc1,NC1C[S-]->[Pd+2]2(<-[O-]C1=O)<-P(CCCP->2(c1ccccc1)c1ccccc1)(c1ccccc1)c1ccccc1
QAKREZ,c1ccc([N-]2c3ccccc3/N(=N/c3ccccn3)->[Ni+2]<-234<-N(=N\c2ccccn->32)/c2ccccc2[N-]->4c2ccccc2)cc1,C34 H26 N8 Ni1,0.0,c1ccc([N-]2c3ccccc3N3=Nc4ccccn4->[Ni+2]<-3<-245<-N(=Nc2ccccn->42)c2ccccc2[N-]->5c2ccccc2)cc1,c1ccc([N-]2c3ccccc3[N-]3N=c4cccc[n-]4->[Ni+6]<-3<-245<-[N-](N=c2cccc[n-]->42)c2ccccc2[N-]->5c2ccccc2)cc1,c1ccc([N-]2c3ccccc3[N-]3N=c4cccc[n-]4->[Ni+6]<-3<-245<-[N-](N=c2cccc[n-]->42)c2ccccc2[N-]->5c2ccccc2)cc1
QALHIV,CP(C)(C)->[Ru+2]123456(<-[H][BH2-]->1[P+](CP->2(c1ccccc1)c1ccccc1)(c1ccccc1)c1ccccc1)<-c1c->3c->4[cH-]->5c->61,C33 H39 B1 P3 Ru1 1+,1.0,CP(C)(C)->[Ru+3]12345(<-[H][BH2-][P](CP->1(c1ccccc1)c1ccccc1)(c1ccccc1)c1ccccc1)<-c1c->2c->3[cH-]->4c->51,[BH2-]=P(CP(c1ccccc1)(c1ccccc1)->[RuH+3]1234(<-c5c->1c->2[cH-]->3c->45)<-P(C)(C)C)(c1ccccc1)c1ccccc1,[BH2-]=P(CP(c1ccccc1)(c1ccccc1)->[RuH+3]1234(<-c5c->1c->2[cH-]->3c->45)<-P(C)(C)C)(c1ccccc1)c1ccccc1
QALLEW,,C20 H11 Cr1 N1 O6,0.0,CO[C-2](c1cc2ccccc2c2ncccc12)->[Cr+2](<-[C-]#[O+])(<-[C-]#[O+])(<-[C-]#[O+])(<-[C-]#[O+])<-[C-]#[O+],CO[C](c1cc2ccccc2c2ncccc12)->[Cr](<-[C-]#[O+])(<-[C-]#[O+])(<-[C-]#[O+])(<-[C-]#[O+])<-[C-]#[O+],CO[C](c1cc2ccccc2c2ncccc12)->[Cr](<-[C-]#[O+])(<-[C-]#[O+])(<-[C-]#[O+])(<-[C-]#[O+])<-[C-]#[O+]
QAMKUK,,C36 H29 Cl2 N7 O7 P2 Zn1,0.0,O=P([O-])(Oc1ccc(Cl)cc1)OP(=O)(Oc1ccc(Cl)cc1)[O-]->[Zn+2]123<-n4c(CN->1(Cc1[nH]c5ccccc5n->21)Cc1[nH]c2ccccc2n->31)[nH]c1ccccc14,O=P([O-])(Oc1ccc(Cl)cc1)OP(=O)(Oc1ccc(Cl)cc1)[O-]->[Zn+2]12<-n3c(CN(Cc4[nH]c5ccccc5n->14)Cc1[nH]c4ccccc4n->21)[nH]c1ccccc13,O=P1(Oc2ccc(Cl)cc2)OP(=O)(Oc2ccc(Cl)cc2)[O-]->[Zn+2]23(<-[O-]1)<-n1c(CN(Cc4[nH]c5ccccc5n->24)Cc2[nH]c4ccccc4n->32)[nH]c2ccccc21
QANGUH,CCOP(O)(c1ccccc1)->[Ru+2]12(<-[Cl-])(<-n3ccccc3-c3ccccn->13)<-n1ccccc1-c1ccccn->21,C28 H27 Cl1 N4 O2 P1 Ru1 1+,1.0,CCOP(O)(c1ccccc1)->[Ru+2]12(<-[Cl-])(<-n3ccccc3-c3ccccn->13)<-n1ccccc1-c1ccccn->21,CCOP(O)(c1ccccc1)->[Ru+2]12(<-[Cl-])(<-n3ccccc3-c3ccccn->13)<-n1ccccc1-c1ccccn->21,CCOP(O)(c1ccccc1)->[Ru+2]12(<-[Cl-])(<-n3ccccc3-c3ccccn->13)<-n1ccccc1-c1ccccn->21
QANZOV,O=[N+]1[O-]->[Cd+2]234(<-[O-]1)(<-[O-][N+](=O)[O-]->2)<-n1ccccc1Nc1cccc(Nc2ccccn->32)n->41,C15 H13 Cd1 N7 O6,0.0,O=[N+]1[O-]->[Cd+2]234(<-[O-]1)(<-[O-][N+](=O)[O-]->2)<-n1ccccc1Nc1cccc(Nc2ccccn->32)n->41,O=[N+]([O-])[O-]->[Cd+2]123(<-[O-][N+](=O)[O-]->1)<-n1ccccc1Nc1cccc(Nc4ccccn->24)n->31,O=[N+]12[O-]->[Cd+2]<-13456(<-[O-]2)(<-[O-][N+]->3(=O)[O-]->4)<-n1ccccc1Nc1cccc(Nc2ccccn->52)n->61
QAPMUR,CN1C=CN2CCN3C=CN(C)[C]3->[Pt+2]3(<-[S-]SS[S-]->3)<-[C]12,C10 H14 N4 Pt1 S4,0.0,CN1C=CN2CCN3C=CN(C)[C]3->[Pt+2]3(<-[S-]SS[S-]->3)<-[C]12,CN1C=CN2CCN3C=CN(C)[C]3->[Pt]3(<-S=S=S=S->3)<-[C]12,CN1C=CN2CCN3C=CN(C)[C]3->[Pt]3(<-S=S=S=S->3)<-[C]12
QAQBER,CCc1cccc(CC)c1N1[C@@H](C)c2cccc(CO)n2->[Ni+2]<-1(<-[Cl-])<-[Cl-],C18 H24 Cl2 N2 Ni1 O1,0.0,CCc1cccc(CC)c1N1C(C)c2cccc3CO->[Ni+2]<-1(<-[Cl-])(<-[Cl-])<-n32,CCc1cccc(CC)c1N1C(C)c2cccc3CO->[Ni+2]<-1(<-[Cl-])(<-[Cl-])<-n32,CCc1cccc(CC)c1N1C(C)c2cccc(CO)n2->[Ni+2]<-1(<-[Cl-])<-[Cl-]
QARLAX,O=N([O-])->[Co+3]12(<-NCCN->1)(<-NCCN->2)<-N(=O)[O-],C4 H16 Co1 N6 O4 1+,1.0,O=[N+](=O)->[Co-]12(<-NCCN->1)(<-NCCN->2)<-[N+](=O)=O,O=N([O-])->[Co+3]12(<-NCCN->1)(<-NCCN->2)<-N(=O)[O-],O=N([O-])->[Co+3]12(<-NCCN->1)(<-NCCN->2)<-N(=O)[O-]
QASDIX,CC/C1[O-]->[Mo+6]2(<-[O-2])(<-[O-2])(<-O=C3/C=1C(C)=NN3c1ccccc1)<-O=C1/C(=C(\CC)[O-]->2)C(C)=NN1c1ccccc1,C26 H26 Mo1 N4 O6,0.0,fail,CCC1=O->[Mo+6]2(<-[O-2])(<-[O-2])(<-O=C3C(=C(CC)[O-]->2)C(C)=NN3c2ccccc2)<-[O-]c2c1c(C)nn2-c1ccccc1,CCC1=O->[Mo+6]2(<-[O-2])(<-[O-2])(<-O=C3C(=C(CC)[O-]->2)C(C)=NN3c2ccccc2)<-[O-]c2c1c(C)nn2-c1ccccc1
QATKUT,[O-2]->[Mo+6]123(<-[O-][O-]->1)(<-[O-]c1ccccc1C1=N->2CCO1)<-[O-]c1ccccc1C1=N->3CCO1,C18 H16 Mo1 N2 O7,0.0,[O-2]->[Mo+6]123(<-[O-][O-]->1)(<-[O-]c1ccccc1C1=N->2CCO1)<-[O-]c1ccccc1C1=N->3CCO1,[O-2]->[Mo+6]123(<-[O-][O-]->1)(<-[O-]c1ccccc1C1=N->2CCO1)<-[O-]c1ccccc1C1=N->3CCO1,[O-2]->[Mo+6]123(<-[O-][O-]->1)(<-[O-]c1ccccc1C1=N->2CCO1)<-[O-]c1ccccc1C1=N->3CCO1
QATXUG,O=C([O-]->[Hg+2](<-[O-]C(=O)c1ccccc1)<-n1ccccc1Nc1ccccn1)c1ccccc1,C24 H19 Hg1 N3 O4,0.0,fail,O=C([O-]->[Hg+2]1(<-[O-]C(=O)c2ccccc2)<-n2ccccc2Nc2ccccn->12)c1ccccc1,c1ccc(C23=O->[Hg+2]<-2456(<-O=C->4([O-]->5)c2ccccc2)(<-[O-]3)<-n2ccccc2Nc2ccccn->62)cc1
QAVMUW,O=N1c2c([O-]->[Re+]<-1(<-[C-]#[O+])(<-[C-]#[O+])(<-[C-]#[O+])<-[C-]#[O+])ccc1ccccc21,C14 H6 N1 O6 Re1,0.0,O=N1c2c([O-]->[Re+]<-1(<-[C-]#[O+])(<-[C-]#[O+])(<-[C-]#[O+])<-[C-]#[O+])ccc1ccccc21,[O+]#[C-]->[Re+3]1(<-[C-]#[O+])(<-[C-]#[O+])(<-[C-]#[O+])<-[O-]c2ccc3ccccc3c2[N-]->1[O-],[O+]#[C-]->[Re+3]1(<-[C-]#[O+])(<-[C-]#[O+])(<-[C-]#[O+])<-[O-]c2ccc3ccccc3c2[N-]->1[O-]
QAVVIS,,C21 H36 Cl2 Mo1 N3 P1 Si2,0.0,C[Si](C)(C)[N-]1c2ccccc2[N-]([Si](C)(C)C)->[Mo+6]<-1(<-[Cl-])(<-[Cl-])(<-[N-2]c1ccccc1)<-P(C)(C)C,C[Si](C)(C)[N-]1c2ccccc2[N-]([Si](C)(C)C)->[Mo+6]<-1(<-[Cl-])(<-[Cl-])(<-[N-2]c1ccccc1)<-P(C)(C)C,C[Si](C)(C)[N-]1c2ccccc2[N-]([Si](C)(C)C)->[Mo+6]<-1(<-[Cl-])(<-[Cl-])(<-[N-2]c1ccccc1)<-P(C)(C)C
QAWNEJ,,C19 H14 Cl1 N3 Pt1 S2,0.0,[Cl-]->[Pt+2]12<-S=C(Nc3ccccc3)c3cccc(C(=Nc4ccccc4)[S-]->1)n->23,[Cl-]->[Pt+2]12<-S=C(Nc3ccccc3)c3cccc(C(=Nc4ccccc4)[S-]->1)n->23,[Cl-]->[Pt+2]12<-S=C(Nc3ccccc3)c3cccc(C(=Nc4ccccc4)[S-]->1)n->23
QAXCUN,CCP(CC)(CC)->[Pd+2](<-[Br-])(<-[C-](=C\c1ccc(Br)cc1)/NC(C)(C)C)<-P(CC)(CC)CC,C24 H45 Br2 N1 P2 Pd1,0.0,CCP(CC)(CC)->[Pd+](<-[Br-])(<-[C](=Cc1ccc(Br)cc1)NC(C)(C)C)<-P(CC)(CC)CC,CCP(CC)(CC)->[Pd+2](<-[Br-])(<-[C-](=Cc1ccc(Br)cc1)NC(C)(C)C)<-P(CC)(CC)CC,CCP(CC)(CC)->[Pd+2](<-[Br-])(<-[C-](=Cc1ccc(Br)cc1)NC(C)(C)C)<-P(CC)(CC)CC
QAXXAP,CC#N->[Cu+]1<-n2c(C)cccc2CN(Cc2ccccc2)Cc2cccc(C)n->12,C23 H26 Cu1 N4 1+,1.0,CC#N->[Cu+]12<-n3c(C)cccc3CN->1(Cc1ccccc1)Cc1cccc(C)n->21,CC#N->[Cu+]12<-n3c(C)cccc3CN->1(Cc1ccccc1)Cc1cccc(C)n->21,CC#N->[Cu+]12<-n3c(C)cccc3CN->1(Cc1ccccc1)Cc1cccc(C)n->21
QAYRIU,COC(=O)[C@H]1CS(C)->[Pd@OH7+2]2(<-[Cl-])<-[N-]1C(=O)c1ccccc1P->2(c1ccccc1)c1ccccc1,C24 H23 Cl1 N1 O3 P1 Pd1 S1,0.0,COC(=O)C1CS(C)->[Pd+2]2(<-[Cl-])<-[N-]1C(=O)c1ccccc1P->2(c1ccccc1)c1ccccc1,COC(=O)C1CS(C)->[Pd+2]2(<-[Cl-])<-[N-]1C(=O)c1ccccc1P->2(c1ccccc1)c1ccccc1,COC1(=O)C2CS(C)->[Pd+2]<-13(<-[Cl-])<-[N-]2C(=O)c1ccccc1P->3(c1ccccc1)c1ccccc1
QAZMIQ,C[C@H](c1ccccc1)[CH-]1[O-]->[Ni@TB14+2]<-12<-P(CCP->2(C(C)(C)C)C(C)(C)C)(C(C)(C)C)C(C)(C)C,C27 H50 Ni1 O1 P2,0.0,CC(c1ccccc1)C1=O->[Ni]<-12<-P(CCP->2(C(C)(C)C)C(C)(C)C)(C(C)(C)C)C(C)(C)C,CC(c1ccccc1)C1=O->[Ni]<-12<-P(CCP->2(C(C)(C)C)C(C)(C)C)(C(C)(C)C)C(C)(C)C,CC(c1ccccc1)C1=O->[Ni]<-12<-P(CCP->2(C(C)(C)C)C(C)(C)C)(C(C)(C)C)C(C)(C)C
QEBSOH,Cc1cccc(C2=O->[Zn+2]34(<-[O-]2)(<-n2ccccc2-c2ccccn->32)<-n2ccccc2-c2ccccn->42)c1,C28 H23 N4 O2 Zn1 1+,1.0,fail,Cc1cccc(C2=O->[Zn+2]34(<-[O-]2)(<-n2ccccc2-c2ccccn->32)<-n2ccccc2-c2ccccn->42)c1,Cc1cccc(C23=O->[Zn+2]<-245(<-[O-]3)(<-n2ccccc2-c2ccccn->42)<-n2ccccc2-c2ccccn->52)c1
QEFLIZ,CC(C)(C)N12->[Co+3]345(<-[O-][O-]->3)<-n3c(cccc3CN->4(C(C)(C)C)Cc3cccc(n->53)C1)C2,C22 H32 Co1 N4 O2 1+,1.0,CC(C)(C)N12->[Co+3]345(<-[O-][O-]->3)<-n3c(cccc3CN->4(C(C)(C)C)Cc3cccc(n->53)C1)C2,CC(C)(C)N12->[Co+3]345(<-[O-][O-]->3)<-n3c(cccc3CN->4(C(C)(C)C)Cc3cccc(n->53)C1)C2,CC(C)(C)N12->[Co+3]345(<-[O-][O-]->3)<-n3c(cccc3CN->4(C(C)(C)C)Cc3cccc(n->53)C1)C2
QEFWAZ,Cc1cc(C)c(/N=[C-]2/c3ccccc3CN(C)(C)->[Pd@OH23+2]<-2(<-[Cl-])<-[C-]#[N+]c2c(C)cc(C)cc2C)c(C)c1,C29 H34 Cl1 N3 Pd1,0.0,Cc1cc(C)c(N=[C-]2c3ccccc3CN(C)(C)->[Pd+2]<-2(<-[Cl-])<-[C-]#[N+]c2c(C)cc(C)cc2C)c(C)c1,Cc1cc(C)c(N=[C-]2c3ccccc3CN(C)(C)->[Pd+2]<-2(<-[Cl-])<-[C-]#[N+]c2c(C)cc(C)cc2C)c(C)c1,Cc1cc(C)c(N=[C-]2c3ccccc3CN(C)(C)->[Pd+2]<-2(<-[Cl-])<-[C-]#[N+]c2c(C)cc(C)cc2C)c(C)c1
QEGSIE,O=C([S-]->[Ag+](<-P(c1ccccc1)(c1ccccc1)c1ccccc1)<-P(c1ccccc1)(c1ccccc1)c1ccccc1)c1ccccc1,C43 H35 Ag1 O1 P2 S1,0.0,O=C([S-]->[Ag+](<-P(c1ccccc1)(c1ccccc1)c1ccccc1)<-P(c1ccccc1)(c1ccccc1)c1ccccc1)c1ccccc1,O=C([S-]->[Ag+](<-P(c1ccccc1)(c1ccccc1)c1ccccc1)<-P(c1ccccc1)(c1ccccc1)c1ccccc1)c1ccccc1,c1ccc(C2[O-]->[Ag+](<-S=2)(<-P(c2ccccc2)(c2ccccc2)c2ccccc2)<-P(c2ccccc2)(c2ccccc2)c2ccccc2)cc1
QEHLIA,CC(C)c1cccc(C(C)C)c1N1CCN(C(C)(C)C)[C]1->[Ru+4]1(<-[Cl-])(<-[Cl-])<-[CH-]=C2C=C[CH-]C=C2O->1C(C)C,C29 H42 Cl2 N2 O1 Ru1,0.0,CC(C)c1cccc(C(C)C)c1N1CCN(C(C)(C)C)[C]1->[Ru+4]1(<-[Cl-])(<-[Cl-])<-[CH-2]c2ccccc2O->1C(C)C,CC(C)c1cccc(C(C)C)c1N1CCN(C(C)(C)C)[C]1->[Ru+2]1(<-[Cl-])(<-[Cl-])<-[CH]c2ccccc2O->1C(C)C,CC(C)c1cccc(C(C)C)c1N1CCN(C(C)(C)C)[C]1->[Ru+2]1(<-[Cl-])(<-[Cl-])<-[CH]c2ccccc2O->1C(C)C
QEHROK,CCOC(=O)c1cc2sc3cc([C](OCC)->[W](<-[C-]#[O+])(<-[C-]#[O+])(<-[C-]#[O+])(<-[C-]#[O+])<-[C-]#[O+])sc3c2s1,C19 H12 O8 S3 W1,0.0,CCOC(=O)c1cc2sc3cc([C-2](OCC)->[W+2](<-[C-]#[O+])(<-[C-]#[O+])(<-[C-]#[O+])(<-[C-]#[O+])<-[C-]#[O+])sc3c2s1,CCOC(=O)c1cc2sc3cc([C](OCC)->[W](<-[C-]#[O+])(<-[C-]#[O+])(<-[C-]#[O+])(<-[C-]#[O+])<-[C-]#[O+])sc3c2s1,CCOC(=O)c1cc2sc3cc([C](OCC)->[W](<-[C-]#[O+])(<-[C-]#[O+])(<-[C-]#[O+])(<-[C-]#[O+])<-[C-]#[O+])sc3c2s1
QEJJAS,,C22 H30 Br1 Ir1 N3 O1 1+,1.0,CC#N->[IrH+2]123(<-[Br-])(<-[C]4N(C)C=CN4Cc4ccccc4OC)<-C4=C->1CCC->2=C->3CC4,CC#N->[IrH+2]123(<-[Br-])(<-[C]4N(C)C=CN4Cc4ccccc4OC)<-C4=C->1CCC->2=C->3CC4,CC#N->[IrH+2]123(<-[Br-])(<-[C]4N(C)C=CN4Cc4ccccc4OC)<-C4=C->1CCC->2=C->3CC4
QEJSIK,,C37 H22 N2 Ni1 S1,0.0,C1=c2c3ccccc3c3[c-2]2->[Ni+4]24<-[n-]5c1ccc5C(c1ccccc1)=c1ccc(s->21)=C(c1ccccc1)c1ccc([n-]->41)C=3,C1=c2ccc3[n-]2->[Ni+2]24<-[C]5C1=c1ccccc1=C5C=c1ccc([n-]->21)=C(c1ccccc1)c1ccc(s->41)C=3c1ccccc1,C1=c2ccc3[n-]2->[Ni+2]24<-[C]5C1=c1ccccc1=C5C=c1ccc([n-]->21)=C(c1ccccc1)c1ccc(s->41)C=3c1ccccc1
QELGOD,CC(C)P(C(C)C)(C(C)C)->[Ru+2]1234(<-[C-]#[O+])(<-[C]5OCc6cc7ccccc7c(-c7ccccc7)c65)<-c5c->1c->2[cH-]->3c->45,C33 H38 O2 P1 Ru1 1+,1.0,CC(C)P(C(C)C)(C(C)C)->[Ru+4]1234(<-[C-]#[O+])(<-[C-2]5OCc6cc7ccccc7c(-c7ccccc7)c65)<-c5c->1c->2[cH-]->3c->45,CC(C)P(C(C)C)(C(C)C)->[Ru+2]1234(<-[C-]#[O+])(<-[C]5OCc6cc7ccccc7c(-c7ccccc7)c65)<-c5c->1c->2[cH-]->3c->45,CC(C)P(C(C)C)(C(C)C)->[Ru+2]1234(<-[C-]#[O+])(<-[C]5OCc6cc7ccccc7c(-c7ccccc7)c65)<-c5c->1c->2[cH-]->3c->45
QEMMIH,,C24 H35 B1 N6 O2 Si1 W1,0.0,CC(=C[C-3]->[W+4]12(<-[C-]#[O+])(<-[C-]#[O+])<-[n-]3c(C)cc(C)[n+]3[BH-]([n+]3c(C)cc(C)[n-]->13)[n+]1c(C)cc(C)[n-]->21)[Si](C)(C)C,CC(=C[C-]->[W+2]12(<-[C-]#[O+])(<-[C-]#[O+])<-n3c(C)cc(C)n3[BH-](n3c(C)cc(C)n->13)n1c(C)cc(C)n->21)[Si](C)(C)C,CC(=C[C-]->[W+2]12(<-[C-]#[O+])(<-[C-]#[O+])<-n3c(C)cc(C)n3[BH-](n3c(C)cc(C)n->13)n1c(C)cc(C)n->21)[Si](C)(C)C
QENXOW,CCOC1=CC(/C(C(=O->[W](<-[C-]#[O+])(<-[C-]#[O+])(<-[C-]#[O+])(<-[C-]#[O+])<-[C-]#[O+])c2ccccc2)=C(\C)NC(C)(C)C)=C2CCCC[C@H]12,C30 H33 N1 O7 W1,0.0,CCOC1=CC(C(C(C)=[NH+]C(C)(C)C)=C([O-]->[W](<-[C-]#[O+])(<-[C-]#[O+])(<-[C-]#[O+])(<-[C-]#[O+])<-[C-]#[O+])c2ccccc2)=C2CCCCC12,CCOC1=CC(C(C(=O->[W](<-[C-]#[O+])(<-[C-]#[O+])(<-[C-]#[O+])(<-[C-]#[O+])<-[C-]#[O+])c2ccccc2)=C(C)NC(C)(C)C)=C2CCCCC12,CCOC1=CC(C(C(=O->[W](<-[C-]#[O+])(<-[C-]#[O+])(<-[C-]#[O+])(<-[C-]#[O+])<-[C-]#[O+])c2ccccc2)=C(C)NC(C)(C)C)=C2CCCCC12
QEPKUR,,C28 H29 O2 Ru1 1+,1.0,Cc12->[Ru+2]3456789(<-[C-]#[O+])<-C(COCc->31c->4(C)[c-]->5(C)c->62C)=C->7C->8(c1ccccc1)=C->9c1ccccc1,Cc12->[Ru+2]3456789(<-[C-]#[O+])<-C(COCc->3(c->41C)[c-]->5(C)c->62C)=C->7C->8(c1ccccc1)=C->9c1ccccc1,Cc12->[Ru+2]3456789(<-[C-]#[O+])<-C(COCc->3(c->41C)[c-]->5(C)c->62C)=C->7C->8(c1ccccc1)=C->9c1ccccc1
QEQWUF,CN1C=CN2Cc3ccccc3S(C)->[Pd+2](<-[Br-])(<-[Br-])<-[C]12,C12 H14 Br2 N2 Pd1 S1,0.0,CN1C=CN2Cc3ccccc3S(C)->[Pd+2](<-[Br-])(<-[Br-])<-[C]12,CN1C=CN2Cc3ccccc3S(C)->[Pd+2](<-[Br-])(<-[Br-])<-[C]12,CN1C=CN2Cc3ccccc3S(C)->[Pd+2](<-[Br-])(<-[Br-])<-[C]12
QERMIK,,C5 H10 N2 O8 Zn1,0.0,O=C([O-])c1cc2C(=O)[O-]->[Zn+2](<-O)(<-O)(<-O)(<-O)<-n2[nH]1,O=C([O-])c1cc2C(=O)[O-]->[Zn+2](<-O)(<-O)(<-O)(<-O)<-n2[nH]1,O=C([O-])c1cc2C(=O)[O-]->[Zn+2](<-O)(<-O)(<-O)(<-O)<-n2[nH]1
QESWUJ,[Se]=P(c1ccccc1)(c1ccccc1)N1Cc2ccccn2->[Zn+2](<-[Br-])(<-[Br-])<-[Se]=P1(c1ccccc1)c1ccccc1,C30 H26 Br2 N2 P2 Se2 Zn1,0.0,[Se]=P(c1ccccc1)(c1ccccc1)N1Cc2ccccn2->[Zn+2](<-[Br-])(<-[Br-])<-[Se]=P1(c1ccccc1)c1ccccc1,[Se]=P(c1ccccc1)(c1ccccc1)N1Cc2ccccn2->[Zn+2](<-[Br-])(<-[Br-])<-[Se]=P1(c1ccccc1)c1ccccc1,[Se]=P(c1ccccc1)(c1ccccc1)N(Cc1ccccn1->[Zn+2](<-[Br-])<-[Br-])P(=[Se])(c1ccccc1)c1ccccc1
QETJAB,Cc1[nH]cn2->[Fe+2]345(<-[N-]=C=S)(<-[N-]=C=S)<-N(CC(C)(C)C/N->3=C/c12)=C->4(C)c1cccc(Br)n->51,C19 H22 Br1 Fe1 N7 S2,0.0,CC1c2cccc(Br)n2->[Fe+2]23(<-[N-]=C=S)(<-[N-]=C=S)<-N(=Cc4c(C)[nH]cn->24)CC(C)(C)CN->3=1,CC1c2cccc(Br)n2->[Fe+2]23(<-[N-]=C=S)(<-[N-]=C=S)<-N(=Cc4c(C)[nH]cn->24)CC(C)(C)CN->3=1,CC1c2cccc(Br)n2->[Fe+2]23(<-[N-]=C=S)(<-[N-]=C=S)<-N(=Cc4c(C)[nH]cn->24)CC(C)(C)CN->3=1
QEWFIH,N#Cc1cccc[c-]1->[Pd+2]1(<-[Br-])<-n2ccccc2-c2ccccn->12,C17 H12 Br1 N3 Pd1,0.0,N#Cc1cccc[c-]1->[Pd+2]1(<-[Br-])<-n2ccccc2-c2ccccn->12,N#Cc1cccc[c-]1->[Pd+2]1(<-[Br-])<-n2ccccc2-c2ccccn->12,N#C1c2cccc[c-]2->[Pd+2]<-12(<-[Br-])<-n1ccccc1-c1ccccn->21
QEXDUV,,C29 H35 B2 O2 P1 Ru1 S2,0.0,CC(C)c12->[Ru+3]345678(<-[H][BH2-]S->3[BH2-][P](c3ccccc3)(c3ccccc3)[CH-]->4S(=O)(=O)c3ccccc3)<-c(c->51)c->6(C)c->7c->82,CC(C)c12->[RuH+]345678(<-BS->3[BH2-]P(c3ccccc3)(c3ccccc3)=C->4S(=O)(=O)c3ccccc3)<-c(c->51)c->6(C)c->7c->82,CC(C)c12->[RuH+]345678(<-BS->3[BH2-]P(c3ccccc3)(c3ccccc3)=C->4S(=O)(=O)c3ccccc3)<-c(c->51)c->6(C)c->7c->82
QEZFAF,O=C1c2ccccc2C(=O)c2c1ccc1nc3-c4ccccn4->[Zn+2]4(<-n5ccccc5-c5nc6ccc7c(c6[n-]->45)C(=O)c4ccccc4C7=O)<-[n-]3c21,C40 H20 N6 O4 Zn1,0.0,O=C1c2ccccc2C(=O)c2c1ccc1nc3-c4ccccn4->[Zn+2]45(<-O=C6c7ccccc7C(=O)c7ccc8nc(-c9ccccn->49)[n-]->5c8c76)<-[n-]3c21,O=C1c2ccccc2C([O-])=c2ccc3nc4=C5C=CC=C[N-]5->[Zn+6]5(<-[N-]6C=CC=CC6=c6nc7ccc8c(c7[n-]->56)C(=O)c5ccccc5C=8[O-])<-[n-]4c3c21,[O-]c1c2ccccc2c2[O-]->[Zn+6]345(<-[O-]c6c7ccccc7c([O-])c7ccc8c(c67)=N->3C(=C3C=CC=C[N-]->43)N=8)<-N3=c4c(ccc1c24)=NC3=C1C=CC=C[N-]->51
QEZPUI,,C11 H8 Br3 Hg1 N3 O1,0.0,O=C(Nc1cccc(Br)c1)c1cn(->[Hg+2](<-[Br-])<-[Br-])ccn1,O=C(Nc1cccc(Br)c1)c1cnccn1.[Br-]->[Hg+2]<-[Br-],O=C(Nc1cccc(Br)c1)c1cnccn1.[Br-]->[Hg+2]<-[Br-]
QEZSIY,,C21 H17 I1 Mo1 O3 P1 1+,1.0,C[P](c1ccccc1)(c1ccccc1)c12->[Mo+3]345(<-[I-])(<-[C-]#[O+])(<-[C-]#[O+])(<-[C-]#[O+])<-c(c->31)[cH-]->4c->52,CP(c1ccccc1)(c1ccccc1)=C12->[Mo+2]345(<-[I-])(<-[C-]#[O+])(<-[C-]#[O+])(<-[C-]#[O+])<-C(=C->31)C->4=C->52,CP(c1ccccc1)(c1ccccc1)=C12->[Mo+2]345(<-[I-])(<-[C-]#[O+])(<-[C-]#[O+])(<-[C-]#[O+])<-C(=C->31)C->4=C->52
QICDEN,COc1cc2CCN->[Pd@TB3+2](<-[Br-])(<-[CH-](Cc2cc1OC)C(C)=O)<-n1ccc(C)cc1,C20 H27 Br1 N2 O3 Pd1,0.0,COc1cc2CCN->[Pd+2](<-[Br-])(<-[CH-](Cc2cc1OC)C(C)=O)<-n1ccc(C)cc1,COc1cc2CCN->[Pd+2](<-[Br-])(<-[CH-](Cc2cc1OC)C(C)=O)<-n1ccc(C)cc1,COc1cc2CCN->[Pd+2]3(<-[Br-])(<-[CH-](Cc2cc1OC)C->3(C)=O)<-n1ccc(C)cc1
QICZEJ,,C28 H24 B1 N2 P1 Pd1 S2,0.0,c1ccc(P(c2ccccc2)(c2ccccc2)->[Pd]23<-S=c4ccccn4B->2n2ccccc2=S->3)cc1,c1ccc(P(c2ccccc2)(c2ccccc2)->[Pd]23<-S=c4ccccn4B->2n2ccccc2=S->3)cc1,c1ccc(P(c2ccccc2)(c2ccccc2)->[Pd]23<-S=c4ccccn4B->2n2ccccc2=S->3)cc1
QIDLOG,,C22 H13 N3 O4 Re1 1+,1.0,fail,[O+]#[C-]->[Re+]1(<-[C-]#[O+])(<-[C-]#[O+])(<-[C]2Nc3ccccc3O2)<-n2cccc3ccc4cccn->1c4c32,[O+]#[C-]->[Re+]1(<-[C-]#[O+])(<-[C-]#[O+])(<-[C]2Nc3ccccc3O2)<-n2cccc3ccc4cccn->1c4c32
QIFGES,CC[O-]->[V+3]12(<-[O-2])(<-O=C3C([N+](=O)[O-])=CC([N+](=O)[O-])=C/C3=C/N->1=C1\C=CC=CC1=O->2)<-OCC,C17 H18 N3 O9 V1,0.0,CC[O-]->[V+5]12(<-[O-2])(<-[O-]c3ccccc3N->1=Cc1cc([N+](=O)[O-])cc([N+](=O)[O-])c1[O-]->2)<-OCC,CC[O-]->[V+5]12(<-[O-2])(<-[O-]c3ccccc3N->1=Cc1cc([N+](=O)[O-])cc([N+](=O)[O-])c1[O-]->2)<-OCC,CCO.CC[O-]->[V+5]12(<-[O-2])<-[O-]c3ccccc3N->1=Cc1cc([N+](=O)[O-])cc([N+](=O)[O-])c1[O-]->2
QIFYIN,,C30 H40 N1 O5 P2 Ru1 1+,1.0,CC#N->[Ru+2]12345(<-c6c->1(C(C)(C)C)[cH-]->2c->3(C)c->46C(=O)OCCP->5(c1ccccc1)c1ccccc1)<-P(OC)(OC)OC,CC#N->[Ru+2]12345(<-c6c->1(C(C)(C)C)c->2[c-]->3(C(=O)OCCP->4(c1ccccc1)c1ccccc1)c->56C)<-P(OC)(OC)OC,CC#N->[Ru+2]12345(<-c6c->1(C(C)(C)C)c->2[c-]->3(C(=O)OCCP->4(c1ccccc1)c1ccccc1)c->56C)<-P(OC)(OC)OC
QIGLOJ,CP(C)(C)->[Ti+4]123456789(<-c%10c->1c->2[cH-]->3c->4%10)(<-c1c->5c->6[cH-]->7c->81)<-[CH-]([C-]1[CH+][CH-][CH+][CH-][CH-]1)[N-]->9[C+]1[CH+][CH+][CH+][CH-][CH-]1,C26 H30 N1 P1 Ti1,0.0,CP(C)(C)->[Ti+2]123456789(<-C(c%10ccccc%10)=N->1c1ccccc1)(<-c1c->2c->3[cH-]->4c->51)<-c1c->6c->7[cH-]->8c->91,CP(C)(C)->[Ti+4]123456789(<-c%10c->1c->2[cH-]->3c->4%10)(<-c1c->5c->6[cH-]->7c->81)<-[CH-](c1ccccc1)[N-]->9c1ccccc1,CP(C)(C)->[Ti+4]123456789(<-c%10c->1c->2[cH-]->3c->4%10)(<-c1c->5c->6[cH-]->7c->81)<-[CH-](c1ccccc1)[N-]->9c1ccccc1
QIGYIQ,CC(C)(C)c1ccc23->[Zr+4]456789%10%11(<-[Cl-])(<-[Cl-])<-c%12c->4(C(C)(C)C)c->5[c-]->6(C)c->7%12[C@H](c4ccccc4)[c-]->8(c->92c1)c->%101cc(C(C)(C)C)ccc->%1131,C38 H44 Cl2 Zr1,0.0,CC(C)(C)c1ccc23->[Zr+4]456789%10%11(<-[Cl-])(<-[Cl-])<-c%12c->4(C(C)(C)C)[cH-]->5c->6(C)c->7%12C(c4ccccc4)[c-]->8(c->92c1)c->%101cc(C(C)(C)C)ccc->%1131,CC(C)(C)c1ccc23->[Zr+4]456789%10%11(<-[Cl-])(<-[Cl-])<-c%12c->4(C(C)(C)C)c->5[c-]->6(C)c->7%12C(c4ccccc4)[c-]->8(c->92c1)c->%101cc(C(C)(C)C)ccc->%1131,CC(C)(C)c1ccc23->[Zr+4]456789%10%11(<-[Cl-])(<-[Cl-])<-c%12c->4(C(C)(C)C)c->5[c-]->6(C)c->7%12C(c4ccccc4)[c-]->8(c->92c1)c->%101cc(C(C)(C)C)ccc->%1131
QIHWOT,[O-2]->[V+5]123(<-O)<-[O-]c4ccccc4/C=N->1/CC/N->2=C/c1ccccc1[O-]->3,C16 H16 N2 O4 V1 1+,1.0,[O-2]->[V+5]123(<-O)<-[O-]c4ccccc4C=N->1CCN->2=Cc1ccccc1[O-]->3,[O-2]->[V+5]123(<-O)<-[O-]c4ccccc4C=N->1CCN->2=Cc1ccccc1[O-]->3,O.[O-2]->[V+5]123<-[O-]c4ccccc4C=N->1CCN->2=Cc1ccccc1[O-]->3
QIJMOO,CC(C)c1cccc(C(C)C)c1[N-]1C2=CC(=O)c3ccccc3C2=O->[Pd@+2]<-1(<-[CH3-])<-n1ccccc1,C28 H30 N2 O2 Pd1,0.0,CC(C)c1cccc(C(C)C)c1[N-]1C2=CC(=O)c3ccccc3C2=O->[Pd+2]<-1(<-[CH3-])<-n1ccccc1,CC(C)c1cccc(C(C)C)c1[N-]1c2cc([O-])c3ccccc3c2[O-]->[Pd+4]<-1(<-[CH3-])<-n1ccccc1,CC(C)c1cccc(C(C)C)c1[N-]1c2cc([O-])c3ccccc3c2[O-]->[Pd+4]<-1(<-[CH3-])<-n1ccccc1
QIKQOT,CC(C)(C)c1ccn2->[Pt@OH20+2]3(<-[OH-])<-n4ccc(C(C)(C)C)cc4/N=C4/c5ccccc5/C(=N/c2c1)[N-]->34,C26 H29 N5 O1 Pt1,0.0,CC(C)(C)c1ccn2->[Pt+2]3(<-[OH-])<-n4ccc(C(C)(C)C)cc4N=C4c5ccccc5C(=Nc2c1)[N-]->34,CC(C)(C)c1ccn2->[Pt+2]3(<-[OH-])<-n4ccc(C(C)(C)C)cc4N=C4c5ccccc5C(=Nc2c1)[N-]->34,CC(C)(C)c1ccn2->[Pt+2]3(<-[OH-])<-n4ccc(C(C)(C)C)cc4N=C4c5ccccc5C(=Nc2c1)[N-]->34
QINZIY,,C29 H27 Fe1 O3 P1 Si1,0.0,CP(C)(c1ccccc1)->[FeH+](<-[C-]#[O+])(<-[C-]#[O+])(<-[C-]#[O+])<-[Si-](c1ccccc1)(c1ccccc1)c1ccccc1,CP(C)(c1ccccc1)->[FeH+](<-[C-]#[O+])(<-[C-]#[O+])(<-[C-]#[O+])<-[Si-](c1ccccc1)(c1ccccc1)c1ccccc1,CP(C)(c1ccccc1)->[FeH+](<-[C-]#[O+])(<-[C-]#[O+])(<-[C-]#[O+])<-[Si-](c1ccccc1)(c1ccccc1)c1ccccc1
QIRKOT,COc1ccccc1/N1=C/c2ccccn2->[Zn+2]<-1(<-[Cl-])<-[Cl-],C13 H12 Cl2 N2 O1 Zn1,0.0,CO1c2ccccc2N2=Cc3ccccn3->[Zn+2]<-2<-1(<-[Cl-])<-[Cl-],COc1ccccc1N1=Cc2ccccn2->[Zn+2]<-1(<-[Cl-])<-[Cl-],COc1ccccc1N1=Cc2ccccn2->[Zn+2]<-1(<-[Cl-])<-[Cl-]
QISGOP,CCCCN/C1=C(\NCCCC)[N-](O)->[Pd+2]2(<-N1=O)<-N(=O)/C(NCCCC)=C(/NCCCC)[N-]->2O,C20 H42 N8 O4 Pd1,0.0,CCCCNC1C(NCCCC)=N(O)->[Pd]2(<-N=1[O])<-N([O])=C(NCCCC)C(NCCCC)=N->2O,CCCCNC1=C(NCCCC)[N-](O)->[Pd+2]2(<-N1=O)<-N(=O)C(NCCCC)=C(NCCCC)[N-]->2O,CCCCNC1=C(NCCCC)[N-](O)->[Pd+2]2(<-N1=O)<-N(=O)C(NCCCC)=C(NCCCC)[N-]->2O
QITROB,O=[N+]([O-])[O-]->[Zn+2]12(<-[O-][N+](=O)[O-])<-N(=C\c3ccccn->13)/Cc1ccccn->21,C12 H11 N5 O6 Zn1,0.0,O=[N+]([O-])[O-]->[Zn+2]12(<-[O-][N+](=O)[O-])<-N(=Cc3ccccn->13)Cc1ccccn->21,O=[N+]([O-])[O-]->[Zn+2]12(<-[O-][N+](=O)[O-])<-N(=Cc3ccccn->13)Cc1ccccn->21,O=[N+]([O-])[O-]->[Zn+2]123(<-[O-][N+](=O)[O-]->1)<-N(=Cc1ccccn->21)Cc1ccccn->31
QIVHEK,O=N1[O-]->[Ni+2]<-123(<-[O-]N->2=O)<-P(CCP->3(C1CCCCC1)C1CCCCC1)(C1CCCCC1)C1CCCCC1,C26 H48 N2 Ni1 O4 P2,0.0,O=[N+](=O)->[Ni-2]1(<-[N+](=O)=O)<-P(CCP->1(C1CCCCC1)C1CCCCC1)(C1CCCCC1)C1CCCCC1,O=N([O-])->[Ni+2]1(<-N(=O)[O-])<-P(CCP->1(C1CCCCC1)C1CCCCC1)(C1CCCCC1)C1CCCCC1,O=N([O-])->[Ni+2]1(<-N(=O)[O-])<-P(CCP->1(C1CCCCC1)C1CCCCC1)(C1CCCCC1)C1CCCCC1
QIWZOO,Cc12->[Rh+3]345678(<-C=C->3([CH2-]->4)c3ccccc3[N-]->5[S@@](#[O+])([O-])C(F)(F)F)<-c1(C)c->6(C)[c-]->7(C)c->82C,C20 H23 F3 N1 O2 Rh1 S1,0.0,fail,Cc12->[Rh+3]345678(<-C=C->3([CH2-]->4)c3ccccc3[N-]->5S(#[O+])([O-])C(F)(F)F)<-c1(C)c->6(C)[c-]->7(C)c->82C,Cc12->[Rh+3]345678(<-C=C->3([CH2-]->4)c3ccccc3[N-]->5S(#[O+])([O-])C(F)(F)F)<-c1(C)c->6(C)[c-]->7(C)c->82C
QIXRAS,CCP(CC)(CC)->[Rh+]12(<-c3ccccc->13[C-]->2([O+]=[B-]1OC(C)(C)C(C)(C)O1)C(F)(F)F)<-P(CC)(CC)CC,C26 H47 B1 F3 O3 P2 Rh1,0.0,fail,CCP(CC)(CC)->[Rh-]12(<-c3ccccc->13[C+]->2(OB1OC(C)(C)C(C)(C)O1)C(F)(F)F)<-P(CC)(CC)CC,CCP(CC)(CC)->[Rh-]12(<-c3ccccc->13[C+]->2(OB1OC(C)(C)C(C)(C)O1)C(F)(F)F)<-P(CC)(CC)CC
QOBGAS,,C14 H16 Cd1 N2 O5,0.0,fail,CC(=O)[O-]->[Cd+2]12(<-O)(<-O=C(C)[O-]->1)<-n1ccccc1-c1ccccn->21,CC12->[Cd+2]345(<-O=1)(<-O=C->3(C)[O-]->4)(<-[O-]2)<-n1ccccc1-c1ccccn->51.O
QOCVAF,O=[N+]([O-])[O-]->[Pd+2]12<-P(CCP->1(c1ccccc1)c1ccccc1)(CCP->2(c1ccccc1)c1ccccc1)c1ccccc1,C34 H33 N1 O3 P3 Pd1 1+,1.0,O=[N+]([O-])[O-]->[Pd+2]12<-P(CCP->1(c1ccccc1)c1ccccc1)(CCP->2(c1ccccc1)c1ccccc1)c1ccccc1,O=[N+]([O-])[O-]->[Pd+2]12<-P(CCP->1(c1ccccc1)c1ccccc1)(CCP->2(c1ccccc1)c1ccccc1)c1ccccc1,O=[N+]1[O-]->[Pd+2]23(<-[O-]1)<-P(CCP->2(c1ccccc1)c1ccccc1)(CCP->3(c1ccccc1)c1ccccc1)c1ccccc1
QODQAC,C[c-]12->[Sc+3]3456789(<-c1c->31ccccc->41c->52)(<-c1c->62ccccc->72c->8[c-]->91C)<-[N-]([Si](C)(C)C)[Si](C)(C)C,C26 H36 N1 Sc1 Si2,0.0,fail,C[c-]12->[Sc+3]3456789(<-c1c->31ccccc->41c->52)(<-c1c->62ccccc->72c->8[c-]->91C)<-[N-]([Si](C)(C)C)[Si](C)(C)C,C[c-]12->[Sc+3]3456789(<-c1c->31ccccc->41c->52)(<-c1c->62ccccc->72c->8[c-]->91C)<-[N-]([Si](C)(C)C)[Si](C)(C)C
QODWIS,CC1(C)CO/C2=C3\C=CC=CC3=S->[W+6]3(<-[O-2])(<-[O-2])(<-S=C4C=CC=C/C4=C4\OCC(C)(C)[N-]->34)<-[N-]21,C22 H24 N2 O4 S2 W1,0.0,fail,CC1(C)COC2=C3C=CC=CC3=S->[W+6]3(<-[O-2])(<-[O-2])(<-S=C4C=CC=CC4=C4OCC(C)(C)[N-]->34)<-[N-]21,CC1(C)COC2=C3C=CC=CC3=S->[W+6]3(<-[O-2])(<-[O-2])(<-S=C4C=CC=CC4=C4OCC(C)(C)[N-]->34)<-[N-]21
QOFTIO,Cc12->[Zr+4]3456789%10(<-[Cl-])(<-[Cl-])<-c1c->31n(-c3ccccc3)ccc->41[c-]->52[Si](C)(C)[c-]->61c->7(C)c->8c->92n(-c3ccccc3)ccc->%1021,C30 H28 Cl2 N2 Si1 Zr1,0.0,Cc12->[Zr+4]3456789%10(<-[Cl-])(<-[Cl-])<-[cH-]1c->31n(-c3ccccc3)ccc->41c->52[Si](C)(C)c->61c->7(C)[cH-]->8c->92n(-c3ccccc3)ccc->%1012,Cc12->[Zr+4]3456789%10(<-[Cl-])(<-[Cl-])<-c1c->31n(-c3ccccc3)cc[c-]->41c->52[Si](C)(C)c->61c->7(C)c->8c->92n(-c3ccccc3)cc[c-]->%1012,Cc12->[Zr+4]3456789%10(<-[Cl-])(<-[Cl-])<-c1c->31n(-c3ccccc3)cc[c-]->41c->52[Si](C)(C)c->61c->7(C)c->8c->92n(-c3ccccc3)cc[c-]->%1012
QOHNEH,NS(=O)(=O)c1ccccc1/C1=N/N2=C/c3ccccn3->[Cd+2]<-234(<-[O-]1)<-[O-]/C(=N\N->3=C\c1ccccn->41)c1ccccc1S(N)(=O)=O,C26 H22 Cd1 N8 O6 S2,0.0,NS(=O)(=O)c1ccccc1C1=NN2=Cc3ccccn3->[Cd+2]<-234(<-[O-]1)<-[O-]C(=NN->3=Cc1ccccn->41)c1ccccc1S(N)(=O)=O,NS(=O)(=O)c1ccccc1C1N=[N+]2=Cc3ccccn3->[Cd-2]<-234(<-O=1)<-O=C(N=[N+]->3=Cc1ccccn->41)c1ccccc1S(N)(=O)=O,NS1(=O)=O->[Cd-2]23456(<-O=C(N=[N+]->2=Cc2ccccn->32)c2ccccc21)<-O=C(N=[N+]->4=Cc1ccccn->51)c1ccccc1S(N)(=O)=O->6
QOKDIE,,C23 H44 F4 Ir1 N1 P2,0.0,CC(C)P(C(C)C)(C(C)C)->[IrH2+](<-[c-]1c(F)c(F)nc(F)c1F)<-P(C(C)C)(C(C)C)C(C)C,CC(C)P(C(C)C)(C(C)C)->[IrH2+](<-[c-]1c(F)c(F)nc(F)c1F)<-P(C(C)C)(C(C)C)C(C)C,CC(C)P(C(C)C)(C(C)C)->[IrH2+](<-[c-]1c(F)c(F)nc(F)c1F)<-P(C(C)C)(C(C)C)C(C)C
QOKSOZ,CC(C)(C)c1cn2CCP(c3ccccc3)(c3ccccc3)->[Ir+3]3456(<-[Cl-])(<-[c-]2n1)<-c1(C)c->3(C)c->4(C)[c-]->5(C)c->61C,C31 H39 Cl1 Ir1 N2 P1,0.0,CC(C)(C)c1cn2CCP(c3ccccc3)(c3ccccc3)->[Ir+2]3456(<-[Cl-])(<-[c]2n1)<-c1(C)c->3(C)c->4(C)[c-]->5(C)c->61C,CC(C)(C)c1cn2CCP(c3ccccc3)(c3ccccc3)->[Ir+3]3456(<-[Cl-])(<-[c-]2n1)<-c1(C)c->3(C)c->4(C)[c-]->5(C)c->61C,CC(C)(C)c1cn2CCP(c3ccccc3)(c3ccccc3)->[Ir+3]3456(<-[Cl-])(<-[c-]2n1)<-c1(C)c->3(C)c->4(C)[c-]->5(C)c->61C
QOLYIB,C[C-]1[CH+][C-](C)[N-](c2c(C(C)C)cccc2C(C)C)->[Fe+2]2(<-[C-]#[O+])(<-[C-]#[O+])<-[N-]1/C=C1/C=CC=C[NH2+]->21,C25 H29 Fe1 N3 O2,0.0,CC1=CC(C)=N(c2c(C(C)C)cccc2C(C)C)->[Fe]2(<-[C-]#[O+])(<-[C-]#[O+])<-N1=Cc1ccccn->21,CC1=CC(C)=N(c2c(C(C)C)cccc2C(C)C)->[Fe]2(<-[C-]#[O+])(<-[C-]#[O+])<-N1=Cc1ccccn->21,CC1=CC(C)=N(c2c(C(C)C)cccc2C(C)C)->[Fe]2(<-[C-]#[O+])(<-[C-]#[O+])<-N1=Cc1ccccn->21
QOMTIV,CCOC(=O)CNC1CN2Cc3ccccn3->[Zn+2](<-[Cl-])(<-O=1)<-n1ccccc1C2,C18 H22 Cl1 N4 O3 Zn1 1+,1.0,CCOC(=O)CNC1CN23Cc4ccccn4->[Zn+2]<-2(<-[Cl-])(<-O=1)<-n1ccccc1C3,CCOC(=O)CNC1CN23Cc4ccccn4->[Zn+2]<-2(<-[Cl-])(<-O=1)<-n1ccccc1C3,CCOC(=O)CNC1CN23Cc4ccccn4->[Zn+2]<-2(<-[Cl-])(<-O=1)<-n1ccccc1C3
QONQAN,,C28 H50 O2 Ru1 Si4,0.0,Cc12->[Ru+2]3456(<-[H][SiH](O[CH-]->3c3ccccc3)C([Si](C)(C)C)([Si](C)(C)C)[Si](C)(C)C)(<-[C-]#[O+])<-c1(C)c->4(C)[c-]->5(C)c->62C,Cc12->[RuH+3]3456(<-[C-]#[O+])(<-[CH-](O[SiH-]->3C([Si](C)(C)C)([Si](C)(C)C)[Si](C)(C)C)c3ccccc3)<-c1(C)c->4(C)[c-]->5(C)c->62C,Cc12->[RuH+3]3456(<-[C-]#[O+])(<-[CH-](O[SiH-]->3C([Si](C)(C)C)([Si](C)(C)C)[Si](C)(C)C)c3ccccc3)<-c1(C)c->4(C)[c-]->5(C)c->62C
QOPKEN,Cc1cc(C)c([B-](=C2C=CC3c4cn(Cc5ccccc5)nn4->[Pt@+2]4(<-[O-]C(=O)c5ccccn->45)<-C=3=C2)c2c(C)cc(C)cc2C)c(C)c1,C39 H37 B1 N4 O2 Pt1,0.0,Cc1cc(C)c(B(c2ccc3-c4cn(Cc5ccccc5)nn4->[Pt+2]4(<-[O-]C(=O)c5ccccn->45)<-[c-]3c2)c2c(C)cc(C)cc2C)c(C)c1,Cc1cc(C)c([B-](=C2C=CC3c4cn(Cc5ccccc5)nn4->[Pt+2]4(<-[O-]C(=O)c5ccccn->45)<-C=3=C2)c2c(C)cc(C)cc2C)c(C)c1,Cc1cc(C)c([B-](=C2C=CC3c4cn(Cc5ccccc5)nn4->[Pt+2]4(<-[O-]C(=O)c5ccccn->45)<-C=3=C2)c2c(C)cc(C)cc2C)c(C)c1
QOPZUR,CCC1#C(CC)->[Au+]<-1<-[Cl-],C6 H10 Au1 Cl1,0.0,CCC1#C(CC)->[Au+]<-1<-[Cl-],CCC1#C(CC)->[Au+]<-1<-[Cl-],CCC1#C(CC)->[Au+]<-1<-[Cl-]
QORKIT,[Cl-]->[Hg+2](<-[Cl-])<-n1c(/C=N/c2ccc(Nc3ccccc3)cc2)ccc2ccccc21,C22 H17 Cl2 Hg1 N3,0.0,[Cl-]->[Hg+2]1(<-[Cl-])<-N(=Cc2ccc3ccccc3n->12)c1ccc(Nc2ccccc2)cc1,[Cl-]->[Hg+2]1(<-[Cl-])<-N(=Cc2ccc3ccccc3n->12)c1ccc(Nc2ccccc2)cc1,[Cl-]->[Hg+2](<-[Cl-])<-n1c(C=Nc2ccc(Nc3ccccc3)cc2)ccc2ccccc21
QOSGUB,[Br-]->[Fe+2]123(<-[Br-])<-c4ccccc4/C(c4ccccc4)=N->1/CC/N->2=C(\c1ccccc1)c1ccccc->31,C28 H24 Br2 Fe1 N2,0.0,[Br-]->[Fe+2]1(<-[Br-])<-N(CCN->1=C(c1ccccc1)c1ccccc1)=C(c1ccccc1)c1ccccc1,[Br-]->[Fe+2]1(<-[Br-])<-N(CCN->1=C(c1ccccc1)c1ccccc1)=C(c1ccccc1)c1ccccc1,[Br-]->[Fe+2]1(<-[Br-])<-N(CCN->1=C(c1ccccc1)c1ccccc1)=C(c1ccccc1)c1ccccc1
QOVJAM,CP(C)(c1ccccc1)->[Ru+2]123(<-[CH+]4[CH+][CH-][CH-]->1[CH-]->2[CH-]->3CC4)(<-P(C)(C)c1ccccc1)<-P(C)(C)c1ccccc1,C32 H43 P3 Ru1,0.0,fail,CP(C)(c1ccccc1)->[Ru]123(<-C4=CC=C->1C->2=C->3CC4)(<-P(C)(C)c1ccccc1)<-P(C)(C)c1ccccc1,CP(C)(c1ccccc1)->[Ru]123(<-C4=CC=C->1C->2=C->3CC4)(<-P(C)(C)c1ccccc1)<-P(C)(C)c1ccccc1
QOVROI,CN1(C)CCC/N2=C/c3cccc[c-]3->[Pd@SP1+2]<-2<-1<-[Br-],C12 H17 Br1 N2 Pd1,0.0,CN1(C)CCCN2=Cc3cccc[c-]3->[Pd+2]<-2<-1<-[Br-],CN1(C)CCCN2=Cc3cccc[c-]3->[Pd+2]<-2<-1<-[Br-],CN1(C)CCCN2=Cc3cccc[c-]3->[Pd+2]<-2<-1<-[Br-]
QOXDAJ,CN(C)C1=S->[Au@TB16+3]2(<-[S-]1)<-[c-]1ccccc1[P+](c1ccccc1)(c1ccccc1)[N-]->2c1ccccc1,C27 H25 Au1 N2 P1 S2 1+,1.0,fail,CN(C)C1=S->[Au+3]2(<-[S-]1)<-[c-]1ccccc1[P+](c1ccccc1)(c1ccccc1)[N-]->2c1ccccc1,CN(C)C1=S->[Au+3]2(<-[S-]1)<-[c-]1ccccc1[P+](c1ccccc1)(c1ccccc1)[N-]->2c1ccccc1
QOYFAN,,C13 H16 Cl1 N4 O7 Re1,0.0,Cc1cc(C)n(->[Re+](<-[C-]#[O+])(<-[C-]#[O+])(<-[C-]#[O+])(<-[O-][Cl+3]([O-])([O-])[O-])<-n2[nH]c(C)cc2C)[nH]1,Cc1cc(C)n(->[Re+7](<-[O-2])(<-[C-]#[O+])(<-[C-]#[O+])(<-[C-]#[O+])<-n2[nH]c(C)cc2C)[nH]1.[O-2].[O-2].[O-]Cl,Cc1cc(C)n(->[Re+7](<-[O-2])(<-[C-]#[O+])(<-[C-]#[O+])(<-[C-]#[O+])<-n2[nH]c(C)cc2C)[nH]1.[O-2].[O-2].[O-]Cl
QOZTEE,,C9 H12 I1 O1 Re1,0.0,CC1#C2CCCC3#C(C)->[Re+3]<-1<-2<-3(<-[O-2])<-[I-],CC1#C2CCCC3#C(C)->[Re+3]<-1<-2<-3(<-[O-2])<-[I-],CC1#C2CCCC3#C(C)->[Re+3]<-1<-2<-3(<-[O-2])<-[I-]
QUBJUS,CP(C)(C)=C[C](c1ccccc1)->[Re+5]1(<-[CH3-])(<-[CH3-])(<-[O-2])<-n2ccccc2-c2ccccn->12,C23 H29 N2 O1 P1 Re1 1+,1.0,C[P](C)(C)C=[C-](c1ccccc1)->[Re+6]1(<-[CH3-])(<-[CH3-])(<-[O-2])<-n2ccccc2-c2ccccn->12,CP(C)(C)=C[C](c1ccccc1)->[Re+5]1(<-[CH3-])(<-[CH3-])(<-[O-2])<-n2ccccc2-c2ccccn->12,CP(C)(C)=C[C](c1ccccc1)->[Re+5]1(<-[CH3-])(<-[CH3-])(<-[O-2])<-n2ccccc2-c2ccccn->12
QUBVIT,C/C1c2cccc(-c3c(C)cccc3C)n2->[Cu+](<-[O-][n+]2ccc([N+](=O)[O-])cc2)<-N=1\c1c(C(C)C)cccc1C(C)C,C32 H36 Cu1 N4 O3 1+,1.0,CC1c2cccc(-c3c(C)cccc3C)n2->[Cu](<-[O-][n+]2ccc([N+](=O)[O-])cc2)<-N=1c1c(C(C)C)cccc1C(C)C,CC1c2cccc(-c3c(C)cccc3C)n2->[Cu+](<-[O-][n+]2ccc([N+](=O)[O-])cc2)<-N=1c1c(C(C)C)cccc1C(C)C,CC1c2cccc(-c3c(C)cccc3C)n2->[Cu+](<-[O-][n+]2ccc([N+](=O)[O-])cc2)<-N=1c1c(C(C)C)cccc1C(C)C
QUDDUP,O=C([O-]->[Pd+2]1(<-[O-]C(=O)C(F)(F)F)<-n2ccccc2-c2ccccn->12)C(F)(F)F,C14 H8 F6 N2 O4 Pd1,0.0,O=C([O-]->[Pd+2]1(<-[O-]C(=O)C(F)(F)F)<-n2ccccc2-c2ccccn->12)C(F)(F)F,O=C([O-]->[Pd+2]1(<-[O-]C(=O)C(F)(F)F)<-n2ccccc2-c2ccccn->12)C(F)(F)F,O=C([O-]->[Pd+2]1(<-[O-]C(=O)C(F)(F)F)<-n2ccccc2-c2ccccn->12)C(F)(F)F
QUGJAD,[O+]#[C-]->[Re+]1(<-[Cl-])(<-[C-]#[O+])(<-[C-]#[O+])<-n2ccccc2-c2nc(C3=C=C=CC=N3)c(-c3ccccn3)nc2-c2ccccn->12,C27 H16 Cl1 N6 O3 Re1,0.0,[O+]#[C-]->[Re+]1(<-[Cl-])(<-[C-]#[O+])(<-[C-]#[O+])<-n2ccccc2-c2nc(-c3ccccn3)c(-c3ccccn3)nc2-c2ccccn->12,[O+]#[C-]->[Re+3]1(<-[Cl-])(<-[C-]#[O+])(<-[C-]#[O+])<-n2ccccc2-c2nc(=C3C#CC=C[N-]3)c(-c3ccccn3)nc2=C2C=CC=C[N-]->12,[O+]#[C-]->[Re+]1(<-[Cl-])(<-[C-]#[O+])(<-[C-]#[O+])<-n2ccccc2-c2nc(C3=C=C=CC=N3)c(-c3ccccn3)nc2-c2ccccn->12
QUGPOY,CCN(CC)C1/N=C(/c2ccccc2)[N-]2/N=C(\[O-]->[Re+5]<-2(<-[O-2])(<-[Cl-])<-S=1)c1ccccc1,C19 H20 Cl1 N4 O2 Re1 S1,0.0,CCN(CC)C1=NC(c2ccccc2)=N2N=C([O-]->[Re+5]<-2(<-[O-2])(<-[Cl-])<-[S-]1)c1ccccc1,CCN(CC)C1N=C(c2ccccc2)[N-]2N=C([O-]->[Re+5]<-2(<-[O-2])(<-[Cl-])<-S=1)c1ccccc1,CCN(CC)C1N=C(c2ccccc2)[N-]2N=C([O-]->[Re+5]<-2(<-[O-2])(<-[Cl-])<-S=1)c1ccccc1
QUHVIZ,Cc1cccc(C)c1/N1=C(/[O-]->[Ta+5]<-123(<-[CH2-][N-]->2C)(<-[O-]/C(=N->3/c1c(C)cccc1C)C(C)(C)C)<-[N-](C)C)C(C)(C)C,C30 H47 N4 O2 Ta1,0.0,fail,Cc1cccc(C)c1N1=C([O-]->[Ta+5]<-123(<-[CH2-][N-]->2C)(<-[O-]C(=N->3c1c(C)cccc1C)C(C)(C)C)<-[N-](C)C)C(C)(C)C,Cc1cccc(C)c1N1=C([O-]->[Ta+5]<-123(<-[CH2-][N-]->2C)(<-[O-]C(=N->3c1c(C)cccc1C)C(C)(C)C)<-[N-](C)C)C(C)(C)C
QULNUG,c1ccn2->[Cu+]3<-n4ccccc4CCN(CCc2c1)Cc1ccccn->31,C20 H22 Cu1 N4 1+,1.0,c1ccn2->[Cu+]34<-n5ccccc5CCN->3(CCc2c1)Cc1ccccn->41,c1ccn2->[Cu+]34<-n5ccccc5CCN->3(CCc2c1)Cc1ccccn->41,c1ccn2->[Cu+]34<-n5ccccc5CCN->3(CCc2c1)Cc1ccccn->41
QUMWOK,,C26 H39 Cl1 N1 P1 Ti1,0.0,CC(C)(C)P(=[N-]->[Ti+4]1234(<-[Cl-])(<-c5c->1c->2[cH-]->3c->45)<-[cH-]1ccc2ccccc21)(C(C)(C)C)C(C)(C)C,CC(C)(C)P(=[N-]->[Ti+4]1234(<-[Cl-])(<-c5c->1c->2[cH-]->3c->45)<-[cH-]1ccc2ccccc21)(C(C)(C)C)C(C)(C)C,CC(C)(C)P(=[N-]->[Ti+4]1234(<-[Cl-])(<-c5c->1c->2[cH-]->3c->45)<-[cH-]1ccc2ccccc21)(C(C)(C)C)C(C)(C)C
QUPHAK,[Br-]->[Pd@TB3+2]1(<-[C]2N(c3ccccn3)C=CN2c2ccccn2)<-[C]2N(c3ccccn3)C=CN2c2ccccn->12,C26 H20 Br1 N8 Pd1 1+,1.0,fail,[Br-]->[Pd+2]1(<-[C]2N(c3ccccn3)C=CN2c2ccccn2)<-[C]2N(c3ccccn3)C=CN2c2ccccn->12,[Br-]->[Pd+2]1(<-[C]2N(c3ccccn3)C=CN2c2ccccn2)<-[C]2N(c3ccccn3)C=CN2c2ccccn->12
QUQWII,CC#N->[Cu+](<-[C](/C=C/c1ccco1)O[C@@H]1C[C@H](C)CC[C@H]1C(C)C)<-O(CC)CC,C23 H37 Cu1 N1 O3 1+,1.0,CC#N->[Cu+3](<-[C-2](C=Cc1ccco1)OC1CC(C)CCC1C(C)C)<-O(CC)CC,CC#N->[Cu+](<-[C](C=Cc1ccco1)OC1CC(C)CCC1C(C)C)<-O(CC)CC,CC#N->[Cu+](<-[C](C=Cc1ccco1)OC1CC(C)CCC1C(C)C)<-O(CC)CC
QUSCAI,C/C1N(C(C)C)[CH-]([Si](C)(C)C)->[Ru+2]23456(<-[C-]#[O+])(<-N=1\C(C)C)<-c1(C)c->2(C)c->3(C)c->4(C)c->5(C)c->61C,C25 H45 N2 O1 Ru1 Si1 1+,1.0,CC1N(C(C)C)[CH-]([Si](C)(C)C)->[Ru+2]23456(<-[C-]#[O+])(<-N=1C(C)C)<-c1(C)c->2(C)c->3(C)c->4(C)c->5(C)c->61C,CC1N(C(C)C)[CH-]([Si](C)(C)C)->[Ru+2]23456(<-[C-]#[O+])(<-N=1C(C)C)<-c1(C)c->2(C)c->3(C)c->4(C)c->5(C)c->61C,CC1N(C(C)C)[CH-]([Si](C)(C)C)->[Ru+2]23456(<-[C-]#[O+])(<-N=1C(C)C)<-c1(C)c->2(C)c->3(C)c->4(C)c->5(C)c->61C
QUSVEH,,C25 H20 N3 O6 V1,0.0,COc1ccc2[O-]->[V+5]34(<-[O-2])(<-[O-]C(=NN->3=C(C)c2c1)c1ccccc1O)<-[O-]c1cccc2cccn->4c12,COc1ccc2[O-]->[V+5]34(<-[O-2])(<-[O-]C(=NN->3=C(C)c2c1)c1ccccc1O)<-[O-]c1cccc2cccn->4c12,COc1ccc2[O-]->[V+5]34(<-[O-2])(<-[O-]C(=NN->3=C(C)c2c1)c1ccccc1O)<-[O-]c1cccc2cccn->4c12
QUVQII,C/C1[S-]->[Co+3]2345(<-[S-]/C=1Sc1nc6ccccc6s1)<-c1c->2c->3[cH-]->4c->51,C15 H12 Co1 N1 S4,0.0,CC1[S-]->[Co+3]2345(<-[S-]C=1Sc1nc6ccccc6s1)<-c1c->2c->3[cH-]->4c->51,CC1=S->[Co+]2345(<-S=C1Sc1nc6ccccc6s1)<-c1c->2c->3[cH-]->4c->51,CC1=S->[Co+]2345(<-S=C1Sc1nc6ccccc6s1)<-c1c->2c->3[cH-]->4c->51
QUWBIU,CC(C)(C)[CH2-]->[Pt+2]123(<-[Br-])<-C4=C->1/CC/C->2=C->3\CC\4,C13 H23 Br1 Pt1,0.0,CC(C)(C)[CH2-]->[Pt+2]123(<-[Br-])<-C4=C->1CCC->2=C->3CC4,CC(C)(C)[CH2-]->[Pt+2]123(<-[Br-])<-C4=C->1CCC->2=C->3CC4,CC(C)(C)[CH2-]->[Pt+2]123(<-[Br-])<-C4=C->1CCC->2=C->3CC4
QUXMOM,CC(=O)[O-]->[Cu@TB15+]12(<-[O-]C(C)=O)<-n3ccccc3COc3ccccc3O->1/C=C1/C=CC=C[NH2+]->21,C22 H22 Cu1 N2 O6,0.0,CC(=O)[O-]->[Cu+2]123(<-[O-]C(C)=O)<-n4ccccc4CO->1c1ccccc1O->2Cc1ccccn->31,CC(=O)[O-]->[Cu+3]1(<-[O-]C(C)=O)<-n2ccccc2COc2ccccc2OC=C2C=CC=C[N-]->12,CC(=O)[O-]->[Cu+3]1(<-[O-]C(C)=O)<-n2ccccc2COc2ccccc2OC=C2C=CC=C[N-]->12
QUZVOX,O=[N+]([O-])[O-]->[Cu@OH2+3]12<-[O-]/C(=N\N->1=C\c1ccccc1[O-]->2)c1ccc(O)cc1,C14 H11 Cu1 N3 O6,0.0,O=[N+]([O-])[O-]->[Cu+2]12<-O=C(NN->1=Cc1ccccc1[O-]->2)c1ccc(O)cc1,O=[N+]([O-])[O-]->[Cu+3]12<-[O-]C(=NN->1=Cc1ccccc1[O-]->2)c1ccc(O)cc1,O=[N+]1[O-]->[Cu+3]23(<-[O-]C(=NN->2=Cc2ccccc2[O-]->3)c2ccc(O)cc2)<-[O-]1
RABWAO,O=P(NP(c1ccccc1)(c1ccccc1)->[Rh+]123(<-[Cl-])<-C4=C->1/CC/C->2=C->3\CC\4)(c1ccccc1)c1ccccc1,C32 H33 Cl1 N1 O1 P2 Rh1,0.0,O=P(NP(c1ccccc1)(c1ccccc1)->[Rh+]123(<-[Cl-])<-C4=C->1CCC->2=C->3CC4)(c1ccccc1)c1ccccc1,O=P(NP(c1ccccc1)(c1ccccc1)->[Rh+]123(<-[Cl-])<-C4=C->1CCC->2=C->3CC4)(c1ccccc1)c1ccccc1,O=P(NP(c1ccccc1)(c1ccccc1)->[Rh+]123(<-[Cl-])<-C4=C->1CCC->2=C->3CC4)(c1ccccc1)c1ccccc1
RACJUD,[Br-]->[Ni+2]12<-n3c(-c4ccccc4)ccn3[BH-](n3ccc(-c4ccccc4)n->13)n1ccc(-c3ccccc3)n->21,C27 H22 B1 Br1 N6 Ni1,0.0,[Br-]->[Ni+2]12<-n3c(-c4ccccc4)ccn3[BH-](n3ccc(-c4ccccc4)n->13)n1ccc(-c3ccccc3)n->21,[Br-]->[Ni+2]12<-n3c(-c4ccccc4)ccn3[BH-](n3ccc(-c4ccccc4)n->13)n1ccc(-c3ccccc3)n->21,[Br-]->[Ni+2]12<-n3c(-c4ccccc4)ccn3[BH-](n3ccc(-c4ccccc4)n->13)n1ccc(-c3ccccc3)n->21
RACQIX,,C22 H16 Cl1 N3 O2 S1 W1,0.0,[O+]#[C-]->[W+4](<-[Cl-])(<-[C-3]c1cnc(-c2ccccc2)s1)(<-[C-]#[O+])(<-n1ccccc1)<-n1ccccc1,[O+]#[C-]->[W+4](<-[Cl-])(<-[C-3][c+]1[cH-][n-][c+](-[c-]2[cH+][cH-][cH+][cH-][cH+]2)s1)(<-[C-]#[O+])(<-n1ccccc1)<-n1ccccc1,[O+]#[C-]->[W+4](<-[Cl-])(<-[C-3][c+]1[cH-][n-][c+](-[c-]2[cH+][cH-][cH+][cH-][cH+]2)s1)(<-[C-]#[O+])(<-n1ccccc1)<-n1ccccc1
RADDAD,C/C1c2ccccn2->[Fe+2]234(<-[O-]/C(=N\N->2=1)c1ccccc1)<-[O-]/C(=N\N->3=C(\C)c1ccccn->41)c1ccccc1,C28 H24 Fe1 N6 O2,0.0,CC1c2ccccn2->[Fe+2]234(<-[O-]C(=NN->2=1)c1ccccc1)<-[O-]C(=NN->3=C(C)c1ccccn->41)c1ccccc1,CC1c2ccccn2->[Fe+2]234(<-[O-]C(=NN->2=1)c1ccccc1)<-[O-]C(=NN->3=C(C)c1ccccn->41)c1ccccc1,CC1c2ccccn2->[Fe+2]234(<-[O-]C(=NN->2=1)c1ccccc1)<-[O-]C(=NN->3=C(C)c1ccccn->41)c1ccccc1
RADSEU,,C11 H13 Fe1 O3 1+,1.0,CO[C-2]1OCC2=C->[Fe+4]<-1<-23456(<-[C-]#[O+])<-c1c->3c->4[cH-]->5c->61,CO[C]1OCC2=C->[Fe+2]<-1<-23456(<-[C-]#[O+])<-c1c->3c->4[cH-]->5c->61,CO[C]1OCC2=C->[Fe+2]<-1<-23456(<-[C-]#[O+])<-c1c->3c->4[cH-]->5c->61
RAFJIS,CCOC1=O->[Fe+2]2345(<-[Cl-])(<-[Cl-])<-N(c6c(Cl)cccc6Cl)=C->2(C)c->32cccc->41n->52,C16 H14 Cl4 Fe1 N2 O2,0.0,CCOC(=O)c1cccc2C(C)=N(c3c(Cl)cccc3Cl)->[Fe+2](<-[Cl-])(<-[Cl-])<-n12,CCOC(=O)c1cccc2C(C)=N(c3c(Cl)cccc3Cl)->[Fe+2](<-[Cl-])(<-[Cl-])<-n12,CCOC1=O->[Fe+2]2(<-[Cl-])(<-[Cl-])<-N(=C(C)c3cccc1n->23)c1c(Cl)cccc1Cl
RAGDIM,CC(=O)[S-]->[Cd+2](<-[S-]C(C)=O)(<-n1cc(C)cc(C)c1)<-n1cc(C)cc(C)c1,C18 H24 Cd1 N2 O2 S2,0.0,CC(=O)[S-]->[Cd+2](<-[S-]C(C)=O)(<-n1cc(C)cc(C)c1)<-n1cc(C)cc(C)c1,CC(=O)[S-]->[Cd+2](<-[S-]C(C)=O)(<-n1cc(C)cc(C)c1)<-n1cc(C)cc(C)c1,CC1[O-]->[Cd+2]2(<-[O-]C(C)=S->2)(<-S=1)(<-n1cc(C)cc(C)c1)<-n1cc(C)cc(C)c1
RAGYIJ,O=C1[O-]->[La+3]234(<-O)(<-O)(<-O)(<-[O-]C(=O)c5cc(O)cc1n->25)<-[O-]C(=O)c1cc(O)cc(C(=O)[O-]->3)n->41,C14 H12 La1 N2 O13 1-,-1.0,O=C1[O-]->[La+3]234(<-O)(<-O)(<-O)(<-[O-]C(=O)c5cc(O)cc1n->25)<-[O-]C(=O)c1cc(O)cc(C(=O)[O-]->3)n->41,OC1CC2C(O)O[La-]345(<-O)(<-O)(<-O)(OC(O)C(C1)N23)OC(O)C1CC(O)CC(C(O)O4)N15,OC1CC2C(O)O[La-]345(<-O)(<-O)(<-O)(OC(O)C(C1)N23)OC(O)C1CC(O)CC(C(O)O4)N15
RAJNUM,COc1ccc(/C2=N/N3=C/c4cccc(OC)c4[O-]->[Mo+6]<-3(<-[O-2])(<-[O-2])(<-[O-]2)<-OC)cc1,C17 H18 Mo1 N2 O7,0.0,fail,COc1ccc(C2=NN3=Cc4cccc(OC)c4[O-]->[Mo+6]<-3(<-[O-2])(<-[O-2])(<-[O-]2)<-OC)cc1,CO.COc1ccc(C2=NN3->[Mo+6](<-[O-2])(<-[O-2])(<-[O-]2)<-[O-]c2c(cccc2OC)C=3)cc1
RAKGIV,,C34 H43 Br1 Cr1 N2 O2 Si1,0.0,CC(C)c1cccc(C(C)C)c1N1CCN(c2c(C(C)C)cccc2C(C)C)[C]1[Si-2](Br)->[Cr+3]1234(<-[C-]#[O+])(<-[C-]#[O+])<-c5c->1c->2[cH-]->3c->45,CC(C)c1cccc(C(C)C)c1N1CCN(c2c(C(C)C)cccc2C(C)C)C1=[Si-](Br)->[Cr+2]1234(<-[C-]#[O+])(<-[C-]#[O+])<-c5c->1c->2[cH-]->3c->45,CC(C)c1cccc(C(C)C)c1N1CCN(c2c(C(C)C)cccc2C(C)C)C1=[Si-](Br)->[Cr+2]1234(<-[C-]#[O+])(<-[C-]#[O+])<-c5c->1c->2[cH-]->3c->45
RAKXEJ,,C17 H14 N2 O4 Pt1 S1,0.0,O=S(=O)([O-])C1c2ccccn2->[Pt+2]2(<-O)<-[c-]3ccccc3-c3cccc1n->23,O=S(=O)([O-])C1c2ccccn2->[Pt+2]2(<-O)<-[c-]3ccccc3-c3cccc1n->23,O=S12(=O)[O-]->[Pt+2]<-13(<-O)<-[c-]1ccccc1-c1cccc(C2c2ccccn2)n->31
RALLEX,Cc1cc(C)n2->[Cd+2]3(<-[O-][N+](=O)[O-])(<-[O-][N+](=O)[O-])(<-N4=C(n12)SCC4)<-N1=C(n2c(C)cc(C)n->32)SCC1,C16 H22 Cd1 N8 O6 S2,0.0,Cc1cc(C)n2->[Cd+2]345(<-[O-][N+](=O)[O-]->3)(<-[O-][N+](=O)[O-]->4)(<-N3=C(n12)SCC3)<-N1=C(n2c(C)cc(C)n->52)SCC1,Cc1cc(C)n2->[Cd+2]3(<-[O-][N+](=O)[O-])(<-[O-][N+](=O)[O-])(<-N4=C(n12)SCC4)<-N1=C(n2c(C)cc(C)n->32)SCC1,Cc1cc(C)n2->[Cd+2]3456(<-[O-][N+](=O)[O-]->3)(<-[O-][N+]->4(=O)[O-]->5)(<-N3=C(n12)SCC3)<-N1=C(n2c(C)cc(C)n->62)SCC1
RAMDEP,Cn1nnn2[BH2-]n3nnn(C)c3=S->[Ni+2]3(<-S=c12)<-S=c1n(C)nnn1[BH2-]n1nnn(C)c1=S->3,C8 H16 B2 N16 Ni1 S4,0.0,Cn1nnn2[BH-]3[H]->[Ni+2]45(<-[H][BH-](n6nnn(C)c6=S->4)n4nnn(C)c4=S->5)(<-S=c12)<-S=c1n(C)nnn13,Cn1nnn2[BH2-]n3nnn(C)c3=S->[Ni+2]3(<-S=c12)<-S=c1n(C)nnn1[BH2-]n1nnn(C)c1=S->3,Cn1nnn2[BH2-]n3nnn(C)c3=S->[Ni+2]3(<-S=c12)<-S=c1n(C)nnn1[BH2-]n1nnn(C)c1=S->3
RAMFUI,C[CH2-]->[Zn+2]1<-N2=C(c3ccccc3[N-]->1c1ccccc1SC)OCC2(C)C,C20 H24 N2 O1 S1 Zn1,0.0,C[CH2-]->[Zn+2]1<-N2=C(c3ccccc3[N-]->1c1ccccc1SC)OCC2(C)C,C[CH2-]->[Zn+2]1<-N(=C2C=CC=CC2=C2OCC(C)(C)[N-]->12)c1ccccc1SC,C[CH2-]->[Zn+2]1<-N(=C2C=CC=CC2=C2OCC(C)(C)[N-]->12)c1ccccc1SC
RAMQAZ,CC(C)O1C2=C[CH-]C=CC2=[CH-]->[Ru+4]<-123(<-[O-]c1ccccc1P->2(c1ccccc1)C(C)(C)C(C)(C)C)<-[O-][N+](=O)[O-]->3,C29 H36 N1 O5 P1 Ru1,0.0,CC(C)O1c2ccccc2[CH-2]->[Ru+4]<-123(<-[O-]c1ccccc1P->2(c1ccccc1)C(C)(C)C(C)(C)C)<-[O-][N+](=O)[O-]->3,CC(C)O1c2ccccc2[CH]->[Ru+2]<-123(<-[O-]c1ccccc1P->2(c1ccccc1)C(C)(C)C(C)(C)C)<-[O-][N+](=O)[O-]->3,CC(C)O1c2ccccc2[CH]->[Ru+2]<-123(<-[O-]c1ccccc1P->2(c1ccccc1)C(C)(C)C(C)(C)C)<-[O-][N+](=O)[O-]->3
RANPEB,CN1(C)CC[c-]23->[Ni+2]<-145(<-c(c->42)c->51ccccc13)<-P(c1ccccc1)(c1ccccc1)c1ccccc1,C31 H31 N1 Ni1 P1 1+,1.0,CN1(C)CCc23->[Ni+2]<-1456(<-c([cH-]->42)c->51ccccc->631)<-P(c1ccccc1)(c1ccccc1)c1ccccc1,CN1(C)CC[c-]23->[Ni+2]<-1456(<-c(c->42)c->51ccccc->613)<-P(c1ccccc1)(c1ccccc1)c1ccccc1,CN1(C)CC[c-]23->[Ni+2]<-1456(<-c(c->42)c->51ccccc->613)<-P(c1ccccc1)(c1ccccc1)c1ccccc1
RAPJAV,,C32 H38 Cl2 N2 O2 Ru1,0.0,CCC(=O)CO1c2ccccc2[CH-2]->[Ru+4]<-1(<-[Cl-])(<-[Cl-])<-[C]1N(c2c(C)cc(C)cc2C)CCN1c1c(C)cc(C)cc1C,CCC1CO2c3ccccc3[CH]->[Ru+2]<-2(<-[Cl-])(<-[Cl-])(<-O=1)<-[C]1N(c2c(C)cc(C)cc2C)CCN1c1c(C)cc(C)cc1C,CCC1CO2c3ccccc3[CH]->[Ru+2]<-2(<-[Cl-])(<-[Cl-])(<-O=1)<-[C]1N(c2c(C)cc(C)cc2C)CCN1c1c(C)cc(C)cc1C
RAPVEL,,C20 H20 F12 P2 Ru1,0.0,FC(F)(F)P1(Cc2cccc3CP(C(F)(F)F)(C(F)(F)F)->[RuH+]<-1456(<-[c-]23)<-C1=C->4CCC->5=C->6CC1)C(F)(F)F,FC(F)(F)P1(Cc2cccc3CP(C(F)(F)F)(C(F)(F)F)->[RuH+]<-1456(<-[c-]23)<-C1=C->4CCC->5=C->6CC1)C(F)(F)F,FC(F)(F)P1(Cc2cccc3CP(C(F)(F)F)(C(F)(F)F)->[RuH+]<-1456(<-[c-]23)<-C1=C->4CCC->5=C->6CC1)C(F)(F)F
RAQRUY,[O-2]->[V+5]123(<-[O-]CCO->1)<-[O-]/C(=N\N->2=C\c1ccccc1[O-]->3)c1ccccc1O,C16 H15 N2 O6 V1,0.0,[O-2]->[V+5]123(<-[O-]CCO->1)<-[O-]C(=NN->2=Cc1ccccc1[O-]->3)c1ccccc1O,[O-2]->[V+5]123(<-[O-]CCO->1)<-[O-]C(=NN->2=Cc1ccccc1[O-]->3)c1ccccc1O,[O-2]->[V+5]12(<-[O-]CCO)<-[O-]C(=NN->1=Cc1ccccc1[O-]->2)c1ccccc1O
RARJEA,[O-2]->[V+5]123(<-O)<-[O-]c4c(Cl)cc(Cl)cc4CN->1(Cc1cc(Cl)cc(Cl)c1[O-]->2)Cc1cc(Cl)cc(Cl)c1[O-]->3,C21 H14 Cl6 N1 O5 V1,0.0,[O-2]->[V+5]123(<-O)<-[O-]c4c(Cl)cc(Cl)cc4CN->1(Cc1cc(Cl)cc(Cl)c1[O-]->2)Cc1cc(Cl)cc(Cl)c1[O-]->3,[O-2]->[V+5]123(<-O)<-[O-]c4c(Cl)cc(Cl)cc4CN->1(Cc1cc(Cl)cc(Cl)c1[O-]->2)Cc1cc(Cl)cc(Cl)c1[O-]->3,O.[O-2]->[V+5]12<-[O-]c3c(Cl)cc(Cl)cc3CN(Cc3cc(Cl)cc(Cl)c3[O-]->1)Cc1cc(Cl)cc(Cl)c1[O-]->2
RASKOM,CC1(C)C=C2->[Zr+4]345678(<-[Cl-])(<-[Cl-])(<-C9=C->3[CH-]->4C(C)(C)C->5=C->69)<-C(=C->71)[CH-]->82,C16 H22 Cl2 Zr1,0.0,fail,CC1(C)C2->[Zr+4]3456789(<-[Cl-])(<-[Cl-])(<-C(=C->3[CH-]->41)C->5=2)<-C1=C->6[CH-]->7C(C)(C)C->8=C->91,CC1(C)C2->[Zr+4]345(<-[Cl-])(<-[Cl-])(<-C6=CC=C->3C(C)(C)[CH-]->46)<-C=2C=C[CH-]->51
RATDAT,,C22 H18 N4 Ni1 O6,0.0,O=C1[O-]->[Ni+2]2(<-[O-]C(=O)c3c(O)cccn->23)(<-n2ccccc2)(<-n2ccccc2)<-n2cccc(O)c21,O=C1[O-]->[Ni+2]2(<-[O-]C(=O)c3c(O)cccn->23)(<-n2ccccc2)(<-n2ccccc2)<-n2cccc(O)c21,O=C1[O-]->[Ni+2]2(<-[O-]C(=O)c3c(O)cccn->23)(<-n2ccccc2)(<-n2ccccc2)<-n2cccc(O)c21
RATVAK,CS(C)(=O)->[Pt@OH20+2]1(<-[Cl-])<-N2=c3ccccc3=C/C2=C2\C=CC=C[N-]->12,C15 H15 Cl1 N2 O1 Pt1 S1,0.0,CS(C)(=O)->[Pt+2]1(<-[Cl-])<-n2ccccc2-c2cc3ccccc3[n-]->12,CS(C)(=O)->[Pt+2]1(<-[Cl-])<-N2=c3ccccc3=CC2=C2C=CC=C[N-]->12,CS(C)(=O)->[Pt+2]1(<-[Cl-])<-N2=c3ccccc3=CC2=C2C=CC=C[N-]->12
RAVWAP,,C24 H26 Cl1 N3 O4 Os1 S2,0.0,Cc1cn2->[Os+2]34567(<-[Cl-])(<-[O-]C(Nc2s1)=C1C(=O)c2ccccc2S(=O)(=O)N1C)<-c1c->3c->4(C(C)C)c->5c->6c->71C,Cc1cn2->[Os]34567(<-[Cl-])(<-O=C(Nc2s1)C1=[N+](C)S(=O)(=O)c2ccccc2C1=O)<-c1c->3c->4(C(C)C)c->5c->6c->71C,Cc1cn2->[Os]34(<-[Cl-])(<-O=C(Nc2s1)C1=[N+](C)S(=O)(=O)c2ccccc2C1=O)<-c1c(C)ccc->3(C(C)C)c->41
RAWLOQ,c1ccc(P2(CCP(c3ccccc3)(c3ccccc3)->[Pt+2]<-2(<-[B+]2O[C-]3[CH+][CH+][CH-][CH-][C-]3O2)<-[B+]2O[C-]3[CH+][CH+][CH-][CH-][C-]3O2)c2ccccc2)cc1,C38 H32 B2 O4 P2 Pt1,0.0,c1ccc(P2(CCP(c3ccccc3)(c3ccccc3)->[Pt+2]<-2(<-[BH2-]2Oc3ccccc3O2)<-[BH2-]2Oc3ccccc3O2)c2ccccc2)cc1,c1ccc(P2(CCP(c3ccccc3)(c3ccccc3)->[Pt-2]<-2(<-b2oc3ccccc3[o+]2)<-b2oc3ccccc3[o+]2)c2ccccc2)cc1,c1ccc(P2(CCP(c3ccccc3)(c3ccccc3)->[Pt-2]<-2(<-b2oc3ccccc3[o+]2)<-b2oc3ccccc3[o+]2)c2ccccc2)cc1
RAXPUB,[O+]#[C-]->[Fe+2]1234(<-[C-]#[O+])(<-[c-]5ccnn5-c5ccccc5)<-c5c->1c->2[cH-]->3c->45,C16 H12 Fe1 N2 O2,0.0,[O+]#[C-]->[Fe+]1234(<-[C-]#[O+])(<-[c]5ccnn5-c5ccccc5)<-c5c->1c->2[cH-]->3c->45,[O+]#[C-]->[Fe+2]1234(<-[C-]#[O+])(<-[c-]5ccnn5-c5ccccc5)<-c5c->1c->2[cH-]->3c->45,[O+]#[C-]->[Fe+2]1234(<-[C-]#[O+])(<-[c-]5ccnn5-c5ccccc5)<-c5c->1c->2[cH-]->3c->45
RAYDOK,,C25 H41 N1 O1 Si2 Zr1,0.0,CN1CCCCCC1=O->[Zr+2]123456789(<-C(#C->1[Si](C)(C)C)[Si](C)(C)C)(<-c1c->2c->3[cH-]->4c->51)<-c1c->6c->7[cH-]->8c->91,CN1CCCCCC1=O->[Zr+2]123456789(<-C(#C->1[Si](C)(C)C)[Si](C)(C)C)(<-c1c->2c->3[cH-]->4c->51)<-c1c->6c->7[cH-]->8c->91,CN1CCCCCC1=O->[Zr+2]123456789(<-C(#C->1[Si](C)(C)C)[Si](C)(C)C)(<-c1c->2c->3[cH-]->4c->51)<-c1c->6c->7[cH-]->8c->91
RAYQUG,CC(C)P1(c2ccccc2B2(c3ccccc3)c3ccccc3P(C(C)C)(C(C)C)->[Rh@TB6+]<-2<-13<-O=S(=O)([O-]->3)C(F)(F)F)C(C)C,C31 H41 B1 F3 O3 P2 Rh1 S1,0.0,CC(C)P1(c2ccccc2B23c4ccccc4P(C(C)C)(C(C)C)->[Rh+]<-2<-1(<-[O-]S(=O)(=O)C(F)(F)F)<-c31ccccc1)C(C)C,CC(C)P1(c2ccccc2B23c4ccccc4P(C(C)C)(C(C)C)->[Rh+]<-2<-1(<-[O-]S(=O)(=O)C(F)(F)F)<-c31ccccc1)C(C)C,CC(C)P1(c2ccccc2B2(c3ccccc3)c3ccccc3P(C(C)C)(C(C)C)->[Rh+]<-2<-134<-O=S->3(=O)([O-]->4)C(F)(F)F)C(C)C
RAZBIE,,C15 H18 Ag1 N7 O3,0.0,Nc1ccccn1->[Ag+](<-[O-][N+](=O)[O-])(<-n1ccccc1N)<-n1ccccc1N,Nc1ccccn1->[Ag+](<-n1ccccc1N)<-n1ccccc1N.O=[N+]([O-])[O-],Nc1ccccn1->[Ag+]1(<-[O-][N+](=O)[O-]->1)(<-n1ccccc1N)<-n1ccccc1N
RAZFAB,[O-2]->[Re+5]1(<-[Cl-])(<-[Cl-])(<-N=C2C=CC=C/C2=C2\Sc3ccccc3[N-]->12)<-[O-][As+](c1ccccc1)(c1ccccc1)c1ccccc1,C31 H24 As1 Cl2 N2 O2 Re1 S1,0.0,[O-2]->[Re+5]1(<-[Cl-])(<-[Cl-])(<-[NH-]c2ccccc2-c2sc3ccccc3n->12)<-O=[As](c1ccccc1)(c1ccccc1)c1ccccc1,[O-2]->[Re+5]1(<-[Cl-])(<-[Cl-])(<-N=C2C=CC=CC2=C2Sc3ccccc3[N-]->12)<-[O-][As+](c1ccccc1)(c1ccccc1)c1ccccc1,[O-2]->[Re+5]1(<-[Cl-])(<-[Cl-])(<-N=C2C=CC=CC2=C2Sc3ccccc3[N-]->12)<-[O-][As+](c1ccccc1)(c1ccccc1)c1ccccc1
REBDEI,,C11 H14 Cu1 N4 O2 S1,0.0,C[N]C1NN2=C(C)c3ccccn3->[Cu+]<-2(<-[O-]C(C)=O)<-S=1,CN=C1N=N2C(C)=C3C=CC=C[N-]3->[Cu+3]<-2(<-[O-]C(C)=O)<-[S-]1,CN=C1N=N2C(C)=C3C=CC=C[N-]3->[Cu+3]<-23(<-O=C(C)[O-]->3)<-[S-]1
REBZUW,,C25 H42 Ir1 P2 Si1 1-,-1.0,CC(C)P1(c2ccccc2[Si-]2(C)c3ccccc3P(C(C)C)(C(C)C)->[IrH3]<-2<-1)C(C)C,CC(C)P1(c2ccccc2[Si-]2(C)c3ccccc3P(C(C)C)(C(C)C)->[IrH3]<-2<-1)C(C)C,CC(C)P1(c2ccccc2[Si-]2(C)c3ccccc3P(C(C)C)(C(C)C)->[IrH3]<-2<-1)C(C)C
RECLIV,CC[C@@H]1[O-]->[Os+6]2(<-[O-2])(<-[O-2])(<-[N-]3C(=O)OCC[C@@H]13)<-N(C)(C)CCN->2(C)C,C13 H27 N3 O5 Os1,0.0,CCC1[O-]->[Os+6]2(<-[O-2])(<-[O-2])(<-[N-]3C(=O)OCCC13)<-N(C)(C)CCN->2(C)C,CCC1[O-]->[Os+6]2(<-[O-2])(<-[O-2])(<-[N-]3C(=O)OCCC13)<-N(C)(C)CCN->2(C)C,CCC1[O-]->[Os+6]2(<-[O-2])(<-[O-2])(<-[N-]3C(=O)OCCC13)<-N(C)(C)CCN->2(C)C
REDCAG,CS(C)(=O)->[Ru+2]12(<-S=C([S-]->1)N1CCCC1)(<-S=C([S-]->2)N1CCCC1)<-S(C)(C)=O,C14 H28 N2 O2 Ru1 S6,0.0,fail,CS(C)(=O)->[Ru+2]12(<-S=C([S-]->1)N1CCCC1)(<-S=C([S-]->2)N1CCCC1)<-S(C)(C)=O,CS(C)(=O)->[Ru+2]12(<-S=C([S-]->1)N1CCCC1)(<-S=C([S-]->2)N1CCCC1)<-S(C)(C)=O
REDXAZ,,C20 H35 Br1 Mo1 P1 1+,1.0,fail,CCC1C(CC)=C(CC)->[Mo+4]2345(<-[Br-])(<-[C-]=1CC)(<-c1c->2c->3[cH-]->4c->51)<-P(C)(C)C,CCC1C(CC)=C(CC)->[Mo+4]2345(<-[Br-])(<-[C-]=1CC)(<-c1c->2c->3[cH-]->4c->51)<-P(C)(C)C
REFRAV,COC1=CC=C([C](O[C@H]2C[C@@H](C)CC[C@@H]2C(C)C)->[Cr](<-[C-]#[O+])(<-[C-]#[O+])(<-[C-]#[O+])(<-[C-]#[O+])<-[C-]#[O+])[C@H](C(C)(C)C)[C@H]1C,C28 H38 Cr1 O7,0.0,COC1=CC=C([C-2](OC2CC(C)CCC2C(C)C)->[Cr+2](<-[C-]#[O+])(<-[C-]#[O+])(<-[C-]#[O+])(<-[C-]#[O+])<-[C-]#[O+])C(C(C)(C)C)C1C,COC1=CC=C([C](OC2CC(C)CCC2C(C)C)->[Cr](<-[C-]#[O+])(<-[C-]#[O+])(<-[C-]#[O+])(<-[C-]#[O+])<-[C-]#[O+])C(C(C)(C)C)C1C,COC1=CC=C([C](OC2CC(C)CCC2C(C)C)->[Cr](<-[C-]#[O+])(<-[C-]#[O+])(<-[C-]#[O+])(<-[C-]#[O+])<-[C-]#[O+])C(C(C)(C)C)C1C
REGZAE,CN1CC/N(=C/C=C/c2ccccc2)->[Cu+](<-[I-])<-N(=C\C=C\c2ccccc2)/CC1,C23 H27 Cu1 I1 N3,0.0,CN12CCN(=CC=Cc3ccccc3)->[Cu+]<-1(<-[I-])<-N(=CC=Cc1ccccc1)CC2,CN12CCN(=CC=Cc3ccccc3)->[Cu+]<-1(<-[I-])<-N(=CC=Cc1ccccc1)CC2,CN12CCN(=CC=Cc3ccccc3)->[Cu+]<-1(<-[I-])<-N(=CC=Cc1ccccc1)CC2
REJCIU,,C32 H27 Ir1 N4 O1,0.0,Cc1cc(-c2ccccc2)[nH]n1->[Ir+3]12(<-[OH-])(<-[c-]3ccccc3-c3ccccn->13)<-[c-]1ccccc1-c1ccccn->21,Cc1cc(-c2ccccc2)[nH]n1->[Ir+3]12(<-[OH-])(<-[c-]3ccccc3-c3ccccn->13)<-[c-]1ccccc1-c1ccccn->21,Cc1cc(-c2ccccc2)n[n-]1->[Ir+3]12(<-O)(<-[c-]3ccccc3-c3ccccn->13)<-[c-]1ccccc1-c1ccccn->21
REKDAN,O=C(O)c1cc(C(=O)O)cc(C2=O->[Zn+2]34(<-O=C([O-]->3)c3cc(C(=O)O)cc(C(=O)O)c3)(<-[O-]2)<-n2ccccc2-c2ccccn->42)c1,C28 H18 N2 O12 Zn1,0.0,fail,O=C(O)c1cc(C(=O)O)cc(C(=O)[O-]->[Zn+2]2(<-[O-]C(=O)c3cc(C(=O)O)cc(C(=O)O)c3)<-n3ccccc3-c3ccccn->23)c1,O=C(O)c1cc(C(=O)O)cc(C23=O->[Zn+2]<-2456(<-O=C->4([O-]->5)c2cc(C(=O)O)cc(C(=O)O)c2)(<-[O-]3)<-n2ccccc2-c2ccccn->62)c1
REKWEM,CS1c2ccccc2[N-]2[C-]3[CH-][CH+][CH+][CH+][C+]3[N-]3[C-]4[CH+][CH-][CH+][CH-][C-]4S(C)->[Ru+2]<-2<-3<-1(<-[C-]#[O+])<-P(c1ccccc1)(c1ccccc1)c1ccccc1,C39 H33 N2 O1 P1 Ru1 S2,0.0,CS1c2ccccc2[N-]2c3ccccc3[N-]3c4ccccc4S(C)->[Ru+2]<-2<-3<-1(<-[C-]#[O+])<-P(c1ccccc1)(c1ccccc1)c1ccccc1,CS1c2ccccc2N2=C3C=CC=CC3=N3c4ccccc4S(C)->[Ru]<-2<-3<-1(<-[C-]#[O+])<-P(c1ccccc1)(c1ccccc1)c1ccccc1,CS1c2ccccc2[N-]2c3ccccc3[N-]3c4ccccc4S(C)->[Ru+2]<-2<-3<-1(<-[C-]#[O+])<-P(c1ccccc1)(c1ccccc1)c1ccccc1
REMFIY,CC1/C=C(/C)[O-]->[V+5]23(<-[O-2])(<-O=1)<-[O-]CCN->2(CC[O-]->3)[C@@H](C)c1ccccc1,C17 H24 N1 O5 V1,0.0,CC1=CC(C)=O->[V+5]2(<-[O-2])(<-[O-]CCN(CC[O-]->2)C(C)c2ccccc2)<-[O-]1,CC1=CC(C)=O->[V+5]23(<-[O-2])(<-[O-]CCN->2(CC[O-]->3)C(C)c2ccccc2)<-[O-]1,CC1=CC(C)=O->[V+5]2(<-[O-2])(<-[O-]CCN(CC[O-]->2)C(C)c2ccccc2)<-[O-]1
REMZAL,[Cl-]->[Ni+2]1(<-[Cl-])<-N2=[P@@](Oc3ccccn3)(Oc3ccccn->13)N=P(Oc1ccccn1)(Oc1ccccn1)N=P2(Oc1ccccn1)Oc1ccccn1,C30 H24 Cl2 N9 Ni1 O6 P3,0.0,[Cl-]->[Ni+2]123(<-[Cl-])<-N4=P(Oc5ccccn5)(Oc5ccccn->15)N=P(Oc1ccccn1)(Oc1ccccn1)N=P4(Oc1ccccn->21)Oc1ccccn->31,[Cl-]->[Ni+2]123(<-[Cl-])<-N4=P(Oc5ccccn->15)(Oc1ccccn->21)N=P(Oc1ccccn1)(Oc1ccccn1)N=P4(Oc1ccccn1)Oc1ccccn->31,[Cl-]->[Ni+2]1(<-[Cl-])<-N2=P(Oc3ccccn3)(Oc3ccccn->13)N=P(Oc1ccccn1)(Oc1ccccn1)N=P2(Oc1ccccn1)Oc1ccccn1
REPFEZ,CCCCCCn1ccc(N)n(->[Hg+2](<-[Br-])(<-[Br-])<-n2c(N)ccn(CCCCCC)c2=O)c1=O,C20 H34 Br2 Hg1 N6 O2,0.0,CCCCCCn1ccc(=[NH2+])[n-](->[Hg+2](<-[Br-])(<-[Br-])<-[n-]2c(=[NH2+])ccn(CCCCCC)c2=O)c1=O,CCCCCCn1ccc(N)n(->[Hg+2](<-[Br-])(<-[Br-])<-n2c(N)ccn(CCCCCC)c2=O)c1=O,CCCCCCn1ccc(N)n(->[Hg+2](<-[Br-])<-[Br-])c1=O.CCCCCCn1ccc(N)nc1=O
REQSAH,CN1N=C(c2ccccc2)/C2=C/[N-]3CCCC[N-]4/C=C5/C(c6ccccc6)=NN(C)C5=S->[Ni+2]<-3<-4<-S=C21,C26 H26 N6 Ni1 S2,0.0,Cn1nc(-c2ccccc2)c2C=N3CCCCN4=Cc5c(-c6ccccc6)nn(C)c5[S-]->[Ni+2]<-3<-4<-[S-]c21,CN1N=C(c2ccccc2)C2=C[N-]3CCCC[N-]4C=C5C(c6ccccc6)=NN(C)C5=S->[Ni+2]<-3<-4<-S=C21,CN1N=C(c2ccccc2)C2=C[N-]3CCCC[N-]4C=C5C(c6ccccc6)=NN(C)C5=S->[Ni+2]<-3<-4<-S=C21
RERHEB,CC1#C2C3(=[C-](C)->[Hf+4]<-1<-2<-3456789%10%11(<-c1c->4c->5[cH-]->6c->71)<-c1c->8c->9[cH-]->%10c->%111)[B-](c1c(F)c(F)c(F)c(F)c1F)(c1c(F)c(F)c(F)c(F)c1F)c1c(F)c(F)c(F)c(F)c1F,C34 H16 B1 F15 Hf1,0.0,fail,CC1#C2C(=[C-](C)->[Hf+4]<-1<-23456789%10(<-c1c->3c->4[cH-]->5c->61)<-c1c->7c->8[cH-]->9c->%101)[B-](c1c(F)c(F)c(F)c(F)c1F)(c1c(F)c(F)c(F)c(F)c1F)c1c(F)c(F)c(F)c(F)c1F,CC1#C2C(=[C-](C)->[Hf+4]<-1<-23456789%10(<-c1c->3c->4[cH-]->5c->61)<-c1c->7c->8[cH-]->9c->%101)[B-](c1c(F)c(F)c(F)c(F)c1F)(c1c(F)c(F)c(F)c(F)c1F)c1c(F)c(F)c(F)c(F)c1F
RESNEK,,C22 H24 N5 Pt1 1+,1.0,CN1C=CN2CCCN3C=CN(C)[C]3->[Pt+2]3(<-[C]12)<-[c-]1ccccc1-c1ccccn->31,CN1C=CN2CCCN3C=CN(C)[C]3->[Pt+2]3(<-[C]12)<-[c-]1ccccc1-c1ccccn->31,CN1C=CN2CCCN3C=CN(C)[C]3->[Pt+2]3(<-[C]12)<-[c-]1ccccc1-c1ccccn->31
RETGUU,[O-2]->[V+5]12(<-[O-2])<-[O-]c3cc(O)ccc3/N->1=N/c1sccn->21,C9 H6 N3 O4 S1 V1,0.0,[O-2]->[V+5]12(<-[O-2])<-[O-]c3cc(O)ccc3N->1=Nc1sccn->21,[O-2]->[V+7]12(<-[O-2])<-[O-]c3cc(O)ccc3[N-]->1N=c1scc[n-]->21,[O-2]->[V+7]12(<-[O-2])<-[O-]c3cc(O)ccc3[N-]->1N=c1scc[n-]->21
RETZEV,[O+]#[C-]->[Mo]12(<-[C-]#[O+])(<-[C-]#[O+])<-S=P(c3ccccc3)(c3ccccn->13)c1ccccn->21,C19 H13 Mo1 N2 O3 P1 S1,0.0,[O+]#[C-]->[Mo]12(<-[C-]#[O+])(<-[C-]#[O+])<-S=P(c3ccccc3)(c3ccccn->13)c1ccccn->21,[O+]#[C-]->[Mo]12(<-[C-]#[O+])(<-[C-]#[O+])<-S=P(c3ccccc3)(c3ccccn->13)c1ccccn->21,[O+]#[C-]->[Mo]123(<-[C-]#[O+])(<-[C-]#[O+])<-S=P->1(c1ccccc1)(c1ccccn->21)c1ccccn->31
REVWAR,Cc1cc2ccccc2[c-]2->[Pd@SP3+2]3(<-[c-]4c(C)cccc4CN->3(C)C)<-N(C)(C)Cc12,C24 H30 N2 Pd1,0.0,Cc1cc2ccccc2[c-]2->[Pd+2]3(<-[c-]4c(C)cccc4CN->3(C)C)<-N(C)(C)Cc12,Cc1cc2ccccc2[c-]2->[Pd+2]3(<-[c-]4c(C)cccc4CN->3(C)C)<-N(C)(C)Cc12,Cc1cc2ccccc2[c-]2->[Pd+2]3(<-[c-]4c(C)cccc4CN->3(C)C)<-N(C)(C)Cc12
REWTOC,Cc12->[Ru+4]345(<-[Cl-])(<-[C-3][CH+]c6ccccc6)(<-c1(C)c->3(C)[c-]->4(C)c->52C)<-[P@TB5](c1ccccc1)(c1ccccc1)c1ccccc1,C36 H36 Cl1 P1 Ru1,0.0,Cc12->[Ru+4]345(<-[Cl-])(<-[C-2]=Cc6ccccc6)(<-c1(C)c->3(C)[c-]->4(C)c->52C)<-P(c1ccccc1)(c1ccccc1)c1ccccc1,Cc12->[Ru+2]345(<-[Cl-])(<-[C]=Cc6ccccc6)(<-c1(C)c->3(C)[c-]->4(C)c->52C)<-P(c1ccccc1)(c1ccccc1)c1ccccc1,Cc12->[Ru+2]345(<-[Cl-])(<-[C]=Cc6ccccc6)(<-c1(C)c->3(C)[c-]->4(C)c->52C)<-P(c1ccccc1)(c1ccccc1)c1ccccc1
REYFEH,,C17 H22 Mo1 O3 P1 1+,1.0,COP(OC)(OC)->[MoH+3]12345678(<-c9c->1c->2[cH-]->3c->49)<-c1[cH-]->5c->6c->72ccccc->812,COP(OC)(OC)->[MoH+3]12345678(<-c9c->1c->2[cH-]->3c->49)<-c1c->5c->62ccccc->72[cH-]->81,COP(OC)(OC)->[MoH+3]12345678(<-c9c->1c->2[cH-]->3c->49)<-c1c->5c->62ccccc->72[cH-]->81
REYROE,O=C1[O-]->[Ni@SP2+2]23<-N(/C(=O)[C@@H]4CCCN->24Cc2ccccc2)=C2/C=CC=C/C2=C(\c2ccccc2)[N-]->3[C@H]1c1c[nH]c2ccccc12,C35 H30 N4 Ni1 O3,0.0,O=C1[O-]->[Ni+2]23<-N(=C(c4ccccc4)c4ccccc4[N-]->2C(=O)C2CCCN->32Cc2ccccc2)C1c1c[nH]c2ccccc12,O=C1[O-]->[Ni+2]23<-N(C(=O)C4CCCN->24Cc2ccccc2)=C2C=CC=CC2=C(c2ccccc2)[N-]->3C1c1c[nH]c2ccccc12,O=C1[O-]->[Ni+2]23<-N(C(=O)C4CCCN->24Cc2ccccc2)=C2C=CC=CC2=C(c2ccccc2)[N-]->3C1c1c[nH]c2ccccc12
REZHOT,[Cl-]->[Pd@OH6+2]1(<-[CH2-]c2ccccc2)<-P(c2ccccc2)(c2ccccc2)c2ccccc2Cc2ccccc2P->1(c1ccccc1)c1ccccc1,C44 H37 Cl1 P2 Pd1,0.0,[Cl-]->[Pd+2]12(<-[CH2-]c->13ccccc3)<-P(c1ccccc1)(c1ccccc1)c1ccccc1Cc1ccccc1P->2(c1ccccc1)c1ccccc1,[Cl-]->[Pd+2]12(<-[CH2-]c->13ccccc3)<-P(c1ccccc1)(c1ccccc1)c1ccccc1Cc1ccccc1P->2(c1ccccc1)c1ccccc1,[Cl-]->[Pd+2]12(<-[CH2-]c->13ccccc3)<-P(c1ccccc1)(c1ccccc1)c1ccccc1Cc1ccccc1P->2(c1ccccc1)c1ccccc1
RICJET,,C21 H27 Ir1 N3 1+,1.0,Cc1cccc2CN3Cc4ccccn4->[Ir+]<-3456(<-C3=C->4CCC->5=C->6CC3)<-n12,Cc1cccc2CN3Cc4ccccn4->[Ir+]<-3456(<-C3=C->4CCC->5=C->6CC3)<-n12,Cc1cccc2CN3Cc4ccccn4->[Ir+]<-3456(<-C3=C->4CCC->5=C->6CC3)<-n12
RIFQEE,,C14 H14 Cd1 N4 O6,0.0,O=C[O-]->[Cd+2]12(<-[O-]C=O)(<-N(O)=Cc3ccccn->13)<-N(O)=Cc1ccccn->21,O=C[O-]->[Cd+2]12(<-[O-]C=O)(<-N(O)=Cc3ccccn->13)<-N(O)=Cc1ccccn->21,ON1=Cc2ccccn2->[Cd+2]<-1234(<-O=C[O-]->2)(<-O=C[O-]->3)<-N(O)=Cc1ccccn->41
RIGDOA,CS1CP(=S->[W]<-1(<-[C-]#[O+])(<-[C-]#[O+])(<-[C-]#[O+])<-[C-]#[O+])(C(C)(C)C)C(C)(C)C,C14 H23 O4 P1 S2 W1,0.0,CS1C[P]([S-]->[W+]<-1(<-[C-]#[O+])(<-[C-]#[O+])(<-[C-]#[O+])<-[C-]#[O+])(C(C)(C)C)C(C)(C)C,CS1CP(=S->[W]<-1(<-[C-]#[O+])(<-[C-]#[O+])(<-[C-]#[O+])<-[C-]#[O+])(C(C)(C)C)C(C)(C)C,CS1CP(=S->[W]<-1(<-[C-]#[O+])(<-[C-]#[O+])(<-[C-]#[O+])<-[C-]#[O+])(C(C)(C)C)C(C)(C)C
RIHFAR,,C28 H40 N2 O5 Zn1,0.0,fail,CCCC(CCC)C(=O)[O-]->[Zn+2]12(<-O)(<-O=C([O-]->1)C(CCC)CCC)<-n1cccc3ccc4cccn->2c4c31,CCCC(CCC)C(=O)[O-]->[Zn+2]123(<-O)(<-O=C->1([O-]->2)C(CCC)CCC)<-n1cccc2ccc4cccn->3c4c21
RIHXUD,Cc1cc(C)n(->[Cd+2]23(<-O=C(/C=C\C(=O)Nc4ccccc4)[O-]->2)(<-O=C(/C=C\C(=O)Nc2ccccc2)[O-]->3)<-n2[nH]c(C)cc2C)[nH]1,C30 H32 Cd1 N6 O6,0.0,fail,Cc1cc(C)n(->[Cd+2]23(<-O=C(C=CC(=O)Nc4ccccc4)[O-]->2)(<-O=C(C=CC(=O)Nc2ccccc2)[O-]->3)<-n2[nH]c(C)cc2C)[nH]1,Cc1cc(C)n(->[Cd+2]2345(<-O=C->2(C=CC(=O)Nc2ccccc2)[O-]->3)(<-O=C->4(C=CC(=O)Nc2ccccc2)[O-]->5)<-n2[nH]c(C)cc2C)[nH]1
RIKDAQ,,C36 H38 N4 O1 Si2 Zr1,0.0,C[Si]1(C)[N-]2c3cccc4cccn(->[Zr+4]<-256(<-[CH2-]c2ccccc2)(<-[CH2-]c2ccccc2)<-n2cccc7cccc([N-]->5[Si](C)(C)O->61)c72)c34,C[Si]1(C)[N-]2c3cccc4cccn(->[Zr+4]<-256(<-[CH2-]c2ccccc2)(<-[CH2-]c2ccccc2)<-n2cccc7cccc([N-]->5[Si](C)(C)O->61)c72)c34,C[Si]1(C)O[Si](C)(C)[N-]2c3cccc4cccn(->[Zr+4]<-25(<-[CH2-]c2ccccc2)(<-[CH2-]c2ccccc2)<-n2cccc6cccc([N-]->51)c62)c34
RILFUN,N#C/C1=C(\C#N)S2->[Pd+2](<-[Cl-])(<-[Cl-])<-O(CCOCCOCCS1)CCOCC2,C14 H20 Cl2 N2 O4 Pd1 S2,0.0,N#CC1=C(C#N)S2->[Pd+2](<-[Cl-])(<-[Cl-])<-S1CCOCCOCCOCCOCC2,N#CC1=C(C#N)S2->[Pd+2](<-[Cl-])(<-[Cl-])<-S1CCOCCOCCOCCOCC2,N#CC1=C(C#N)S2->[Pd+2](<-[Cl-])(<-[Cl-])<-O(CCOCCOCCS1)CCOCC2
RIMJUS,O=N1/C(=N\[N-](c2ccccc2)->[Ni+2]<-1234(<-N(=O)/C(=N\[N-]->2c1ccccc1)c1ccccc1)<-N(=O)/C(c1ccccc1)=N->3\[N-]->4c1ccccc1)c1ccccc1,C39 H30 N9 Ni1 O3 1-,-1.0,[O]N1=C(N=N(c2ccccc2)->[Ni-]<-123(<-N(=NC(c1ccccc1)=N->2[O])c1ccccc1)<-N(=NC(c1ccccc1)=N->3[O])c1ccccc1)c1ccccc1,O=N1C(=N[N-](c2ccccc2)->[Ni+2]<-123(<-N(=O)C(=N[N-]->2c1ccccc1)c1ccccc1)<-N(=O)C(=N[N-]->3c1ccccc1)c1ccccc1)c1ccccc1,O=N1C(=N[N-](c2ccccc2)->[Ni+2]<-123(<-N(=O)C(=N[N-]->2c1ccccc1)c1ccccc1)<-N(=O)C(=N[N-]->3c1ccccc1)c1ccccc1)c1ccccc1
RINHOO,CC(C)P1(Cc2cccc3CP(C(C)C)(C(C)C)->[Ir+3]<-14(<-[C-](=C\c1cccc[c-]->41)/c1ccccc1)<-[c-]23)C(C)C,C34 H45 Ir1 P2,0.0,CC(C)P1(Cc2cccc3CP(C(C)C)(C(C)C)->[Ir+3]<-14(<-[C-](=Cc1cccc[c-]->41)c1ccccc1)<-[c-]23)C(C)C,CC(C)P1(Cc2cccc3CP(C(C)C)(C(C)C)->[Ir+3]<-14(<-[C-](=Cc1cccc[c-]->41)c1ccccc1)<-[c-]23)C(C)C,CC(C)P1(Cc2cccc3CP(C(C)C)(C(C)C)->[Ir+3]<-14(<-[C-](=Cc1cccc[c-]->41)c1ccccc1)<-[c-]23)C(C)C
RIPQAI,C1=CC2=S->[Ru+2]34(<-n5ccccc5-c5ccccn->35)(<-n3ccccc3-c3ccccn->43)<-[N-]3C=CC=C/C3=C/2C=C1,C31 H24 N5 Ru1 S1 1+,1.0,c1ccc2-c3ccccn3->[Ru+2]34(<-[S-]c2c1)(<-n1ccccc1-c1ccccn->31)<-n1ccccc1-c1ccccn->41,C1=CC2=S->[Ru+2]34(<-n5ccccc5-c5ccccn->35)(<-n3ccccc3-c3ccccn->43)<-[N-]3C=CC=CC3=C2C=C1,C1=CC2=S->[Ru+2]34(<-n5ccccc5-c5ccccn->35)(<-n3ccccc3-c3ccccn->43)<-[N-]3C=CC=CC3=C2C=C1
RIQDIF,CC(C)[P+]1([S-]->[Rh+]234(<-[O-]C5=C1c1ccccc1C5)<-C1=C->2/CC/C->3=C->4\CC\1)C(C)C,C23 H32 O1 P1 Rh1 S1,0.0,CC(C)P1(=S->[Rh+]234(<-[O-]C5=C1c1ccccc1C5)<-C1=C->2CCC->3=C->4CC1)C(C)C,CC(C)[P+]1([S-]->[Rh+]234(<-[O-]C5=C1c1ccccc1C5)<-C1=C->2CCC->3=C->4CC1)C(C)C,CC(C)[P+]1([S-]->[Rh+]234(<-[O-]C5=C1c1ccccc1C5)<-C1=C->2CCC->3=C->4CC1)C(C)C
RIRFIJ,,C29 H35 Fe1 N2 Se3 1-,-1.0,CC(C)(C)n1c[n+](C(C)(C)C)c[c]1->[Fe+](<-[Se-]c1ccccc1)(<-[Se-]c1ccccc1)<-[Se-]c1ccccc1,CC(C)(C)n1c[c-](->[Fe+2](<-[Se-]c2ccccc2)(<-[Se-]c2ccccc2)<-[Se-]c2ccccc2)[n+](C(C)(C)C)c1,CC(C)(C)n1c[c-](->[Fe+2]2(<-[Se-]c3ccccc3)(<-[Se-]c3ccccc3)<-[Se-]c->23ccccc3)[n+](C(C)(C)C)c1
RIRXAR,[Cl-]->[Zr+4]123456789%10%11(<-[C-]%12=C->1C->21=[C-]->3C->4=C->5C->61=C->7%12)<-c1c->8c->9[cH-]->%10c->%111,C13 H11 Cl1 Zr1,0.0,fail,[Cl-]->[Zr+4]123456789%10%11(<-c%12c->1c->2[cH-]->3c->4%12)<-c1c->5c->62c->7[cH-]->8c->9c->%102[cH-]->%111,[Cl-]->[Zr+4]123456789%10%11(<-c%12c->1c->2[cH-]->3c->4%12)<-c1c->5c->62c->7[cH-]->8c->9c->%102[cH-]->%111
RISJAE,CO[C@H]1CC[C@H]2[C@@H]3CCC45->[Mn+]678(<-[C-]#[O+])(<-[C-]#[O+])(<-[C-]#[O+])<-C(=C->6(OC)[CH-]->74)[C@H](c4ccccc4)C->8=5[C@H]3CC[C@]12C,C29 H33 Mn1 O5,0.0,fail,COC1CCC2C3CCC45->[Mn+]678(<-[C-]#[O+])(<-[C-]#[O+])(<-[C-]#[O+])<-C4=C->6(OC)[CH-]->7C(c4ccccc4)C->8=5C3CCC12C,COC1CCC2C3CCC45->[Mn+]678(<-[C-]#[O+])(<-[C-]#[O+])(<-[C-]#[O+])<-C4=C->6(OC)[CH-]->7C(c4ccccc4)C->8=5C3CCC12C
RISXEX,c1ccc(-c2ccccn2->[Cd+2]23(<-n4ccccc4-c4ccccn->24)<-[n-]2nnnc2Nc2nnn[n-]->32)nc1,C22 H17 Cd1 N13,0.0,c1ccn2->[Cd+2]34(<-n5ccccc5-c2c1)(<-n1ccccc1-c1ccccn->31)<-[n-]1nnnc1Nc1nnn[n-]->41,c1ccn2->[Cd+2]34(<-n5ccccc5-c2c1)(<-n1ccccc1-c1ccccn->31)<-[n-]1nnnc1Nc1nnn[n-]->41,c1ccn2->[Cd+2]34(<-n5ccccc5-c2c1)(<-n1ccccc1-c1ccccn->31)<-[n-]1nnnc1Nc1nnn[n-]->41
RITKUD,Cn1c(=O)c2c(n(C)c1=O)n(->[Zn+2](<-O)(<-[I-])<-[I-])cn2C,C8 H12 I2 N4 O3 Zn1,0.0,Cn1c(=O)c2c(n(C)c1=O)n(->[Zn+2](<-O)(<-[I-])<-[I-])cn2C,Cn1c(=O)c2c(n(C)c1=O)n(->[Zn+2](<-O)(<-[I-])<-[I-])cn2C,Cn1c(=O)c2c(n(C)c1=O)n(->[Zn+2](<-[I-])<-[I-])cn2C.O
RITYEA,CN1Cc2ccccn2->[Fe+2]23(<-[Br-])(<-[Br-])<-n4ccccc4CN->2(C)Cc2cccc(C1)n->32,C21 H25 Br2 Fe1 N5,0.0,CN12Cc3ccccn3->[Fe+2]<-134(<-[Br-])(<-[Br-])<-n1ccccc1CN->3(C)Cc1cccc(C2)n->41,CN12Cc3ccccn3->[Fe+2]<-134(<-[Br-])(<-[Br-])<-n1ccccc1CN->3(C)Cc1cccc(C2)n->41,CN1Cc2cccc(CN(C)Cc3ccccn3->[Fe+2](<-[Br-])(<-[Br-])<-n3ccccc3C1)n2
RIVRAP,COc1ccc([P@](=S)(OC)[S-]->[Ni+2](<-[S-][P@@](=S)(OC)c2ccc(OC)cc2)(<-n2ccc(N)cc2)<-n2ccc(N)cc2)cc1,C26 H32 N4 Ni1 O4 P2 S4,0.0,COc1ccc([P]2(OC)[S-]->[Ni+4]3(<-[S-]2)(<-[S-][P](OC)([S-]->3)c2ccc(OC)cc2)(<-n2ccc(N)cc2)<-n2ccc(N)cc2)cc1,COc1ccc(P2(OC)=S->[Ni+2]3(<-S=P(OC)([S-]->3)c3ccc(OC)cc3)(<-[S-]2)(<-n2ccc(N)cc2)<-n2ccc(N)cc2)cc1,COc1ccc(P(=S)(OC)[S-]->[Ni+2](<-[S-]P(=S)(OC)c2ccc(OC)cc2)(<-n2ccc(N)cc2)<-n2ccc(N)cc2)cc1
RIWWEB,,C41 H25 Ir1 N4 O2 S4,0.0,fail,CC1=CC(C)=O->[Ir+3]23(<-[O-]1)(<-[c-]1cc(-c4ccc(C#N)cc4)sc1-c1sc4ccccc4n->21)<-[c-]1cc(-c2ccc(C#N)cc2)sc1-c1sc2ccccc2n->31,CC1=CC(C)=O->[Ir+3]23(<-[O-]1)(<-[c-]1cc(-c4ccc(C#N)cc4)sc1-c1sc4ccccc4n->21)<-[c-]1cc(-c2ccc(C#N)cc2)sc1-c1sc2ccccc2n->31
RIXZUT,[O+]#[C-]->[Mn+]1234(<-[C-]#[O+])(<-[C-]#[O+])<-C5=C->1C->2=C->31c2ccccc2C=C[C-]->41C5,C17 H11 Mn1 O3,0.0,fail,[O+]#[C-]->[Mn+]1234(<-[C-]#[O+])(<-[C-]#[O+])<-C5=C->1c->21c2ccccc2ccc->31C[CH-]->45,[O+]#[C-]->[Mn+]123(<-[C-]#[O+])(<-[C-]#[O+])<-C4=C->1c->21c(ccc2ccccc21)C[CH-]->34
RIYYUW,Clc1cc(Cl)c2[O-]->[Zr+4]34567(<-[O-]c8c(Cl)cc(Cl)cc8/C=N->3/C3=C(/N->4=C/c2c1)CCCC3)<-[O-]c1c(Cl)cc(Cl)cc1/C=N->5/C1=C(/N->6=C/c2cc(Cl)cc(Cl)c2[O-]->7)CCCC1,C40 H32 Cl8 N4 O4 Zr1,0.0,Clc1cc(Cl)c2[O-]->[Zr+4]34567(<-[O-]c8c(Cl)cc(Cl)cc8C=N->3C3CCCCC3N->4=Cc2c1)<-[O-]c1c(Cl)cc(Cl)cc1C=N->5C1CCCCC1N->6=Cc1cc(Cl)cc(Cl)c1[O-]->7,Clc1cc(Cl)c2[O-]->[Zr+4]34567(<-[O-]c8c(Cl)cc(Cl)cc8C=N->3C3=C(N->4=Cc2c1)CCCC3)<-[O-]c1c(Cl)cc(Cl)cc1C=N->5C1=C(N->6=Cc2cc(Cl)cc(Cl)c2[O-]->7)CCCC1,Clc1cc(Cl)c2[O-]->[Zr+4]34567(<-[O-]c8c(Cl)cc(Cl)cc8C=N->3C3=C(N->4=Cc2c1)CCCC3)<-[O-]c1c(Cl)cc(Cl)cc1C=N->5C1=C(N->6=Cc2cc(Cl)cc(Cl)c2[O-]->7)CCCC1
RIZRIC,,C29 H26 Cl1 N4 O5 Zn1 1+,1.0,[O-][Cl+3]([O-])([O-])[O-]->[Zn+2]123<-n4ccccc4CN->1(Cc1ccccn->21)Cc1ccc2cccc(OCc4ccccc4)c2n->31,[O-2].[O-2].[O-2]->[Zn+8]123<-n4ccccc4CN->1(Cc1ccccn->21)Cc1ccc2cccc(OCc4ccccc4)c2n->31.[O-]Cl,[O-2].[O-2].[O-2]->[Zn+8]123<-n4ccccc4CN->1(Cc1ccccn->21)Cc1ccc2cccc(OCc4ccccc4)c2n->31.[O-]Cl
ROBLOL,[O+]#[C-]->[Cu+]12(<-C3#C->1CCCCCC3)<-C1#C->2CCCCCC1,C17 H24 Cu1 O1 1+,1.0,[O+]#[C-]->[Cu+]12(<-C3#C->1CCCCCC3)<-C1#C->2CCCCCC1,[O+]#[C-]->[Cu+]12(<-C3#C->1CCCCCC3)<-C1#C->2CCCCCC1,[O+]#[C-]->[Cu+]12(<-C3#C->1CCCCCC3)<-C1#C->2CCCCCC1
ROCKAV,O=C1CN23CCO->[V+5]<-2(<-[O-2])(<-[OH-])(<-[O-]1)<-[O-]C(=O)C3,C6 H11 N1 O7 V1,0.0,O=C1CN23CCO->[V+4]<-2(<-[O-2])(<-O)(<-[O-]1)<-[O-]C(=O)C3,O=C1CN23CCO->[V+5]<-2(<-[O-2])(<-[OH-])(<-[O-]1)<-[O-]C(=O)C3,O=C1CN23CCO->[V+5]<-2(<-[O-2])(<-[OH-])(<-[O-]1)<-[O-]C(=O)C3
ROCWAJ,,C30 H38 La1 N3 Si2,0.0,fail,C[Si](C)(C)N1C2(C3CCCCC3)->[La+2]13456789%10(NCC1CCCCC1)(<-c1c->3c->4[cH-]->5c->61)(<-c1c->7c->8[cH-]->9c->%101)N2[Si](C)(C)C,C[Si](C)(C)N1C(C2CCCCC2)N([Si](C)(C)C)[La+2]123456789(NCC1CCCCC1)(<-c1c->2c->3[cH-]->4c->51)<-c1c->6c->7[cH-]->8c->91
RODKON,COC1=CC=C/C2=C/[O-]->[Pd+2]3(<-O=C12)<-O=C1C(OC)=CC=C/C1=C/[O-]->3,C16 H14 O6 Pd1,0.0,COc1cccc2C=O->[Pd+2]3(<-O=Cc4cccc(OC)c4[O-]->3)<-[O-]c21,COC1=CC=CC2=C[O-]->[Pd+2]3(<-O=C21)<-O=C1C(=C[O-]->3)C=CC=C1OC,COC1=CC=CC2=C[O-]->[Pd+2]3(<-O=C21)<-O=C1C(=C[O-]->3)C=CC=C1OC
RODWIS,C(\c1cnc2ccccc2n1)=N1/c2ccccc2[O-]->[Ni+2]<-1234<-[O-]c1ccccc1/N->2=C->3/c1cnc2ccccc2n->41,C30 H20 N6 Ni1 O2,0.0,C1c2cnc3ccccc3n2->[Ni+2]234(<-[O-]c5ccccc5N->2=1)<-[O-]c1ccccc1N->3=Cc1cnc2ccccc2n->41,C1c2cnc3ccccc3n2->[Ni+2]234(<-[O-]c5ccccc5N->2=1)<-[O-]c1ccccc1N->3=Cc1cnc2ccccc2n->41,C1c2cnc3ccccc3n2->[Ni+2]234(<-[O-]c5ccccc5N->2=1)<-[O-]c1ccccc1N->3=Cc1cnc2ccccc2n->41
ROGCEV,,C12 H39 Os1 P4 1+,1.0,CP(C)(C)->[OsH3+](<-P(C)(C)C)(<-P(C)(C)C)<-P(C)(C)C,CP(C)(C)->[OsH3+](<-P(C)(C)C)(<-P(C)(C)C)<-P(C)(C)C,CP(C)(C)->[OsH3+](<-P(C)(C)C)(<-P(C)(C)C)<-P(C)(C)C
ROGXOB,Cc1cccc(C)c1[N-]1[C-](C)(C)->[Ta+5]<-123456(<-[O-]c1c(Cl)cc(Cl)cc1Sc1cc(Cl)cc(Cl)c1[O-]->2)<-c1(C)c->3(C)c->4(C)[c-]->5(C)c->61C,C33 H34 Cl4 N1 O2 S1 Ta1,0.0,Cc1cccc(C)c1[N-]1[C-](C)(C)->[Ta+5]<-1234567(<-[O-]c1c(Cl)cc(Cl)cc1S->2c1cc(Cl)cc(Cl)c1[O-]->3)<-c1(C)c->4(C)c->5(C)[c-]->6(C)c->71C,Cc1cccc(C)c1[N-]1[C-](C)(C)->[Ta+5]<-1234567(<-[O-]c1c(Cl)cc(Cl)cc1S->2c1cc(Cl)cc(Cl)c1[O-]->3)<-c1(C)c->4(C)c->5(C)[c-]->6(C)c->71C,Cc1cccc(C)c1N1=C(C)(C)->[Ta+3]<-12345(<-[O-]c1c(Cl)cc(Cl)cc1S->2c1cc(Cl)cc(Cl)c1[O-]->3)<-c1(C)c(C)c(C)[c-]->4(C)c->51C
ROJCEZ,C/N1=C/c2cccc[c-]2->[Ir+3]<-12345(<-[Cl-])<-c1(C)c->2(C)c->3(C)[c-]->4(C)c->51C,C18 H23 Cl1 Ir1 N1,0.0,CN1=Cc2cccc[c-]2->[Ir+3]<-12345(<-[Cl-])<-c1(C)c->2(C)c->3(C)[c-]->4(C)c->51C,CN1=Cc2cccc[c-]2->[Ir+3]<-12345(<-[Cl-])<-c1(C)c->2(C)c->3(C)[c-]->4(C)c->51C,CN1=Cc2cccc[c-]2->[Ir+3]<-12345(<-[Cl-])<-c1(C)c->2(C)c->3(C)[c-]->4(C)c->51C
ROJPAH,CN1(C)CCN(C)(C)->[Pt+4]<-1(<-[CH3-])(<-[CH3-])(<-[CH3-])<-[O-]S(=O)(=O)C(F)(F)F,C10 H25 F3 N2 O3 Pt1 S1,0.0,CN1(C)CCN(C)(C)->[Pt+4]<-1(<-[CH3-])(<-[CH3-])(<-[CH3-])<-[O-]S(=O)(=O)C(F)(F)F,CN1(C)CCN(C)(C)->[Pt+4]<-1(<-[CH3-])(<-[CH3-])(<-[CH3-])<-[O-]S(=O)(=O)C(F)(F)F,CN1(C)CCN(C)(C)->[Pt+4]<-1(<-[CH3-])(<-[CH3-])(<-[CH3-])<-[O-]S(=O)(=O)C(F)(F)F
ROKDIF,C[C@@H]1CCC[C@@H]2[C@H]3C[C@@H](CN12->[Zn+2](<-[C-]#N)<-[C-]#N)[C@@H]1CCCCN1C3,C18 H28 N4 Zn1,0.0,CC1CCCC2C3CC4CN12->[Zn+2](<-[C-]#N)(<-[C-]#N)<-N1(CCCCC41)C3,CC1CCCC2C3CC4CN12->[Zn+2](<-[C-]#N)(<-[C-]#N)<-N1(CCCCC41)C3,CC1CCCC2C3CC4CN12->[Zn+2](<-[C-]#N)(<-[C-]#N)<-N1(CCCCC41)C3
ROLJIL,,C22 H29 Cl2 N3 O6 Ru1,0.0,COC(=O)[C-2](C(=O)OC)->[Ru+4]12(<-[Cl-])(<-[Cl-])<-N3=C(c4cccc(C5=N->1C(C(C)C)CO5)n->24)OCC3C(C)C,COC(=O)[C](C(=O)OC)->[Ru+2]12(<-[Cl-])(<-[Cl-])<-N3=C(c4cccc(C5=N->1C(C(C)C)CO5)n->24)OCC3C(C)C,COC(=O)[C](C(=O)OC)->[Ru+2]12(<-[Cl-])(<-[Cl-])<-N3=C(c4cccc(C5=N->1C(C(C)C)CO5)n->24)OCC3C(C)C
ROMGOP,CC(=O)[CH2-]->[Ir+3](<-O)(<-[Cl-])(<-[C-]#[O+])(<-P(c1ccccc1)(c1ccccc1)c1ccccc1)<-P(c1ccccc1)(c1ccccc1)c1ccccc1,C40 H37 Cl1 Ir1 O3 P2 1+,1.0,CC(=O)[CH2-]->[Ir+3](<-O)(<-[Cl-])(<-[C-]#[O+])(<-P(c1ccccc1)(c1ccccc1)c1ccccc1)<-P(c1ccccc1)(c1ccccc1)c1ccccc1,CC(=O)[CH2-]->[Ir+3](<-O)(<-[Cl-])(<-[C-]#[O+])(<-P(c1ccccc1)(c1ccccc1)c1ccccc1)<-P(c1ccccc1)(c1ccccc1)c1ccccc1,CC1=C->[Ir+3](<-O)(<-[Cl-])(<-[C-](=O)O1)(<-P(c1ccccc1)(c1ccccc1)c1ccccc1)<-P(c1ccccc1)(c1ccccc1)c1ccccc1
ROMQOZ,CC(C)P1(C(C)C)C2(C)=C->[Os+2]<-2<-1345(<-[Cl-])(<-[Cl-])<-C1=C->3/CC/C->4=C->5\CC\1,C17 H31 Cl2 Os1 P1,0.0,CC(C)P1(C(C)C)C2(C)=[CH-]->[Os+3]<-2<-1345(<-[Cl-])(<-[Cl-])<-C1=C->3CCC->4=C->5CC1,CC(C)P1(C(C)C)C2(C)=C->[Os+2]<-2<-1345(<-[Cl-])(<-[Cl-])<-C1=C->3CCC->4=C->5CC1,C=C(C)P(C(C)C)(C(C)C)->[Os+2]123(<-[Cl-])(<-[Cl-])<-C4=C->1CCC->2=C->3CC4
ROPGUY,CN(C)(C)->[Ru+2]1(<-[C-]#[O+])(<-[C-]#[O+])(<-[C-]#[O+])<-[C-](/C#Cc2ccccc2)=C(C(\c2ccccc2)=[C-]->1\C#Cc1ccccc1)/c1ccccc1,C38 H29 N1 O3 Ru1,0.0,CN(C)(C)->[Ru+2]1(<-[C-]#[O+])(<-[C-]#[O+])(<-[C-]#[O+])<-[C-](C#Cc2ccccc2)=C(C(c2ccccc2)=[C-]->1C#Cc1ccccc1)c1ccccc1,CN(C)(C)->[Ru+2]1(<-[C-]#[O+])(<-[C-]#[O+])(<-[C-]#[O+])<-[C-](C#Cc2ccccc2)=C(C(c2ccccc2)=[C-]->1C#Cc1ccccc1)c1ccccc1,CN(C)(C)->[Ru]12(<-[C-]#[O+])(<-[C-]#[O+])<-[C](C#Cc3ccccc3)C(=C(c3ccccc3)C->1(C#Cc1ccccc1)=C->2=O)c1ccccc1
RORQAT,Cc1cc(C)c(P2(/C(=C\B(c3c(F)c(F)c(F)c(F)c3F)(c3c(F)c(F)c(F)c(F)c3F)->[Au+]<-2<-[Cl-])[Si](C)(C)C)c2c(C)cc(C)cc2C)c(C)c1,C35 H32 Au1 B1 Cl1 F10 P1 Si1,0.0,Cc1cc(C)c(P2(C(=CB(c3c(F)c(F)c(F)c(F)c3F)(c3c(F)c(F)c(F)c(F)c3F)->[Au+]<-2<-[Cl-])[Si](C)(C)C)c2c(C)cc(C)cc2C)c(C)c1,Cc1cc(C)c(P2(C(=CB(c3c(F)c(F)c(F)c(F)c3F)(c3c(F)c(F)c(F)c(F)c3F)->[Au+]<-2<-[Cl-])[Si](C)(C)C)c2c(C)cc(C)cc2C)c(C)c1,Cc1cc(C)c(P2(C(=CB(c3c(F)c(F)c(F)c(F)c3F)(c3c(F)c(F)c(F)c(F)c3F)->[Au+]<-2<-[Cl-])[Si](C)(C)C)c2c(C)cc(C)cc2C)c(C)c1
ROVYAE,CCN(CC)C(=S)[S-]->[Au+]<-P(C(C)(C)C)(C(C)(C)C)C(C)(C)C,C17 H37 Au1 N1 P1 S2,0.0,CCN(CC)C(=S)[S-]->[Au+]<-P(C(C)(C)C)(C(C)(C)C)C(C)(C)C,CCN(CC)C(=S)[S-]->[Au+]<-P(C(C)(C)C)(C(C)(C)C)C(C)(C)C,CCN(CC)C1=S->[Au+](<-[S-]1)<-P(C(C)(C)C)(C(C)(C)C)C(C)(C)C
ROYCOZ,,C22 H43 B1 N6 P1 Rh1 Si1,0.0,CC[SiH-](CC)->[RhH+2]12(<-[n-]3c(C)cc(C)[n+]3[BH-]([n+]3c(C)cc(C)[n-]->13)[n+]1c(C)cc(C)[n-]->21)<-P(C)(C)C,CC[SiH-](CC)->[RhH+2]12(<-n3c(C)cc(C)n3[BH-](n3c(C)cc(C)n->13)n1c(C)cc(C)n->21)<-P(C)(C)C,CC[SiH-](CC)->[RhH+2]12(<-n3c(C)cc(C)n3[BH-](n3c(C)cc(C)n->13)n1c(C)cc(C)n->21)<-P(C)(C)C
RUCPAH,Cc1ccccc1[C@](C)(O)c1cccc([C@](C)(O)c2ccccc2C)n1->[Zn+2](<-[Cl-])<-[Cl-],C23 H25 Cl2 N1 O2 Zn1,0.0,Cc1ccccc1C1(C)O->[Zn+2]2(<-[Cl-])(<-[Cl-])<-OC(C)(c3ccccc3C)c3cccc1n->23,Cc1ccccc1C1(C)O->[Zn+2]2(<-[Cl-])(<-[Cl-])<-OC(C)(c3ccccc3C)c3cccc1n->23,Cc1ccccc1C1(C)O->[Zn+2]2(<-[Cl-])(<-[Cl-])<-OC(C)(c3ccccc3C)c3cccc1n->23
RUHJOV,CS(C)(=O)->[Ru+2]12(<-S=C3SCC[N-]->13)(<-S=C1SCC[N-]->21)<-P(c1ccccc1)(c1ccccc1)c1ccccc1,C26 H29 N2 O1 P1 Ru1 S5,0.0,CS(C)(=O)->[Ru+2]12(<-[S-]C3=N->1CCS3)(<-[S-]C1=N->2CCS1)<-P(c1ccccc1)(c1ccccc1)c1ccccc1,CS(C)(=O)->[Ru+2]12(<-S=C3SCC[N-]->13)(<-S=C1SCC[N-]->21)<-P(c1ccccc1)(c1ccccc1)c1ccccc1,CS(C)(=O)->[Ru+2]12(<-S=C3SCC[N-]->13)(<-S=C1SCC[N-]->21)<-P(c1ccccc1)(c1ccccc1)c1ccccc1
RUJKUC,,C24 H25 Cr1 N1 O5,0.0,fail,CC1=C(N(C)C(C)c2ccccc2)C2(CCCCC2)[C]1->[Cr](<-[C-]#[O+])(<-[C-]#[O+])(<-[C-]#[O+])(<-[C-]#[O+])<-[C-]#[O+],CC1=C(N(C)C(C)c2ccccc2)C2(CCCCC2)[C]1->[Cr](<-[C-]#[O+])(<-[C-]#[O+])(<-[C-]#[O+])(<-[C-]#[O+])<-[C-]#[O+]
RUJZUR,[Cl-]->[Hf+4]123(<-[Cl-])<-N4=C5/C=CC=CC=C5[N-]->1CCCC[N-]->2C1=CC=CC=C/C1=N->3\CCCC\4,C22 H26 Cl2 Hf1 N4,0.0,[Cl-]->[Hf+4]123(<-[Cl-])<-N4=C5C=CC=CC=C5[N-]->1CCCCN->2=C1C=CC=CC=C1[N-]->3CCCC4,[Cl-]->[Hf+4]123(<-[Cl-])<-N4=C5C=CC=CC=C5[N-]->1CCCCN->2=C1C=CC=CC=C1[N-]->3CCCC4,[Cl-]->[Hf+4]123(<-[Cl-])<-N4=C5C=CC=CC=C5[N-]->1CCCCN->2=C1C=CC=CC=C1[N-]->3CCCC4
RUKPIW,[Cl-]->[Re+5]1(<-[Cl-])(<-[Cl-])(<-[C-]2=[C-]N2c2ccccc2P->1(c1ccccc1)c1ccccc1)<-P(c1ccccc1)(c1ccccc1)c1ccccc1,C38 H35 Cl3 N1 P2 Re1,0.0,CN1(C)c2ccccc2P(c2ccccc2)(c2ccccc2)->[Re+3]<-1(<-[Cl-])(<-[Cl-])(<-[Cl-])<-P(c1ccccc1)(c1ccccc1)c1ccccc1,[C]=[N+]1([C-3])c2ccccc2[PH-](c2ccccc2)(c2ccccc2)->[Re+5]<-1(<-[Cl-])(<-[Cl-])(<-[Cl-])<-P(c1ccccc1)(c1ccccc1)c1ccccc1,[Cl-]->[Re+3]1(<-[Cl-])(<-[Cl-])(<-C2#CN2c2ccccc2P->1(c1ccccc1)c1ccccc1)<-P(c1ccccc1)(c1ccccc1)c1ccccc1
RULTID,CC(C)c1cccc(C(C)C)c1N1CCN(c2c(C(C)C)cccc2C(C)C)[C]1->[Ni+2]1<-[C-](F)(F)C(F)(F)C(F)(F)[C-]->1(F)F,C31 H38 F8 N2 Ni1,0.0,CC(C)c1cccc(C(C)C)c1N1CCN(c2c(C(C)C)cccc2C(C)C)[C]1->[Ni+2]1<-[C-](F)(F)C(F)(F)C(F)(F)[C-]->1(F)F,CC(C)c1cccc(C(C)C)c1N1CCN(c2c(C(C)C)cccc2C(C)C)[C]1->[Ni+2]1<-[C-](F)(F)C(F)(F)C(F)(F)[C-]->1(F)F,CC(C)c1cccc(C(C)C)c1N1CCN(c2c(C(C)C)cccc2C(C)C)[C]1->[Ni+2]1<-[C-](F)(F)C(F)(F)C(F)(F)[C-]->1(F)F
RUMPOF,,C19 H11 Mn1 N4 O3 S1,0.0,fail,[O+]#[C-]->[Mn+]1(<-[C-]#[O+])(<-[C-]#[O+])(<-[S-]c2ncccn2)<-n2cccc3ccc4cccn->1c4c32,O=[C-]1n2cccnc2=S->[Mn+]<-12(<-[C-]#[O+])(<-[C-]#[O+])<-n1cccc3ccc4cccn->2c4c31
RUNDIN,Cc1ccc(/N2=N/c3ccc(C)c[c-]3->[Pd@+2]<-2(<-O)<-P(c2ccccc2)(c2ccccc2)c2ccccc2)cc1,C32 H30 N2 O1 P1 Pd1 1+,1.0,Cc1ccc(N2=Nc3ccc(C)c[c-]3->[Pd+2]<-2(<-O)<-P(c2ccccc2)(c2ccccc2)c2ccccc2)cc1,Cc1ccc(N2=Nc3ccc(C)c[c-]3->[Pd+2]<-2(<-O)<-P(c2ccccc2)(c2ccccc2)c2ccccc2)cc1,Cc1ccc(N2->[Pd+2](<-P(c3ccccc3)(c3ccccc3)c3ccccc3)<-[c-]3cc(C)ccc3N=2)cc1.O
RUNMIX,,C23 H31 I1 N2 Ru1,0.0,CC(C)c12->[Ru+2]34567(<-[I-])(<-[CH2-]C(C)(C)N8CCN(c9ccccc9)[C]->38)<-c(c->41)c->5(C)c->6c->72,CC(C)c12->[Ru+2]34567(<-[I-])(<-[CH2-]C(C)(C)[N+]8=[C-]->3N(c3ccccc3)CC8)<-c(c->41)c->5(C)c->6c->72,CC(C)c12->[Ru+2]34567(<-[I-])(<-[CH2-]C(C)(C)[N+]8=[C-]->3N(c3ccccc3)CC8)<-c(c->41)c->5(C)c->6c->72
RUPHOB,CCSc1nc2[S-]->[Au+3]3(<-[S-]c4nc(SCC)sc4[S-]->3)<-[S-]c2s1,C10 H10 Au1 N2 S8 1-,-1.0,CCSc1nc2[S-]->[Au+3]3(<-[S-]c4nc(SCC)sc4[S-]->3)<-[S-]c2s1,CCSC1=NC2=S->[Au-]3(<-S=C4N=C(SCC)SC4=S->3)<-S=C2S1,CCSC1=NC2=S->[Au-]3(<-S=C4N=C(SCC)SC4=S->3)<-S=C2S1
RUQLOG,CO->[Cd+2]12(<-[O-][N+](=O)[O-])(<-[O-][N+](=O)[O-]->1)<-n1ccccc1N(Cc1c3ccccc3cc3ccccc13)c1ccccn->21,C26 H23 Cd1 N5 O7,0.0,CO->[Cd+2]12(<-[O-][N+](=O)[O-])(<-[O-][N+](=O)[O-]->1)<-n1ccccc1N(Cc1c3ccccc3cc3ccccc13)c1ccccn->21,CO->[Cd+2]123(<-[O-][N+](=O)[O-]->1)(<-[O-][N+](=O)[O-]->2)<-n1ccccc1N(Cc1c2ccccc2cc2ccccc12)c1ccccn->31,CO.O=[N+]1[O-]->[Cd+2]234(<-[O-]1)(<-[O-][N+]->2(=O)[O-]->3)<-n1ccccc1N(Cc1c2ccccc2cc2ccccc12)c1ccccn->41
RUQZAE,CC(C)P(C(C)C)(C(C)C)->[Os+4](<-[Cl-])(<-[Cl-])(<-[C-]#[O+])(<-[CH-]=C1C=C[CH-]C=C1)<-P(C(C)C)(C(C)C)C(C)C,C26 H48 Cl2 O1 Os1 P2,0.0,CC(C)P(C(C)C)(C(C)C)->[Os+4](<-[Cl-])(<-[Cl-])(<-[C-]#[O+])(<-[CH-2]c1ccccc1)<-P(C(C)C)(C(C)C)C(C)C,CC(C)P(C(C)C)(C(C)C)->[Os+2](<-[Cl-])(<-[Cl-])(<-[C-]#[O+])(<-[CH]c1ccccc1)<-P(C(C)C)(C(C)C)C(C)C,CC(C)P(C(C)C)(C(C)C)->[Os+2](<-[Cl-])(<-[Cl-])(<-[C-]#[O+])(<-[CH]c1ccccc1)<-P(C(C)C)(C(C)C)C(C)C
RURGOA,CC(C)[C@@H]1CC[C@@H](C)C[C@H]1c12->[Zr+4]3456789%10(<-[Cl-])(<-[Cl-])<-c1c->3[c-]->4([Si](C)(C)[c-]->51c->63c->7(c->84c->91CCCC4)CCCC3)c->%102,C30 H44 Cl2 Si1 Zr1,0.0,CC1CCC(C(C)C)C(c23->[Zr+4]456789%10%11(<-[Cl-])(<-[Cl-])<-c([cH-]->42)c->5([Si](C)(C)c->62c->74c->8(c->95[c-]->%102CCCC5)CCCC4)c->%113)C1,CC1CCC(C(C)C)C(c23->[Zr+4]456789%10%11(<-[Cl-])(<-[Cl-])<-c2c->4[c-]->5([Si](C)(C)[c-]->62c->74c->8(c->95c->%102CCCC5)CCCC4)c->%113)C1,CC1CCC(C(C)C)C(c23->[Zr+4]456789%10%11(<-[Cl-])(<-[Cl-])<-c2c->4[c-]->5([Si](C)(C)[c-]->62c->74c->8(c->95c->%102CCCC5)CCCC4)c->%113)C1
RURTII,FC(F)(F)c1cc2-c3ccccn3->[Ir+3]34(<-[c-]5ccccc5CP->3(c3ccccc3)c3ccccc3)(<-n3ccccc3-c3cc(C(F)(F)F)n[n-]->43)<-[n-]2n1,C37 H26 F6 Ir1 N6 P1,0.0,FC(F)(F)c1cc2-c3ccccn3->[Ir+3]34(<-[c-]5ccccc5CP->3(c3ccccc3)c3ccccc3)(<-n3ccccc3-c3cc(C(F)(F)F)n[n-]->43)<-[n-]2n1,FC(F)(F)C1=CC2=C3C=CC=C[N-]3->[Ir+3]34(<-[c-]5ccccc5CP->3(c3ccccc3)c3ccccc3)(<-N2=N1)<-N1=NC(C(F)(F)F)=CC1=C1C=CC=C[N-]->41,FC(F)(F)C1=CC2=C3C=CC=C[N-]3->[Ir+3]34(<-[c-]5ccccc5CP->3(c3ccccc3)c3ccccc3)(<-N2=N1)<-N1=NC(C(F)(F)F)=CC1=C1C=CC=C[N-]->41
RUSFOA,C1=CC=C2/C(=N3->[Cd+2]45<-N(=C6/C=CC=CC=C6[N-]->4CCCCCC[N-]->52)/CCCCCC\3)C=C1,C26 H34 Cd1 N4,0.0,C1=CC=C2C(=N3->[Cd+2]45<-N(=C6C=CC=CC=C6[N-]->4CCCCCC3)CCCCCC[N-]->52)C=C1,C1=CC=C2C(=N3->[Cd+2]45<-N(=C6C=CC=CC=C6[N-]->4CCCCCC3)CCCCCC[N-]->52)C=C1,C1=CC=C2C(=N3->[Cd+2]45<-N(=C6C=CC=CC=C6[N-]->4CCCCCC3)CCCCCC[N-]->52)C=C1
RUVDET,COC(=O)CN1Cc2ccc3ccccc3n2->[Zn@OH7+2](<-[O-][N+](=O)[O-])(<-[O-][N+](=O)[O-])<-n2c(C1)ccc1ccccc12,C23 H21 N5 O8 Zn1,0.0,COC(=O)CN12Cc3ccc4ccccc4n3->[Zn+2]<-1(<-[O-][N+](=O)[O-])(<-[O-][N+](=O)[O-])<-n1c(C2)ccc2ccccc21,COC(=O)CN12Cc3ccc4ccccc4n3->[Zn+2]<-1(<-[O-][N+](=O)[O-])(<-[O-][N+](=O)[O-])<-n1c(C2)ccc2ccccc21,COC(=O)CN12Cc3ccc4ccccc4n3->[Zn+2]<-134(<-[O-][N+](=O)[O-]->3)(<-[O-][N+](=O)[O-]->4)<-n1c(C2)ccc2ccccc21
RUVZIT,C[C@H]1C(=O)[O-]->[Ni@+2]23<-N(/C(=O)[C@@H]4CCCN->24Cc2ccc(Cl)c(Cl)c2)=C2/C=CC(Cl)=C/C2=C(\c2ccccc2)[N-]->31,C28 H24 Cl3 N3 Ni1 O3,0.0,CC1C(=O)[O-]->[Ni+2]23<-N1=C(c1ccccc1)c1cc(Cl)ccc1[N-]->2C(=O)C1CCCN->31Cc1ccc(Cl)c(Cl)c1,CC1C(=O)[O-]->[Ni+2]23<-N(C(=O)C4CCCN->24Cc2ccc(Cl)c(Cl)c2)=C2C=CC(Cl)=CC2=C(c2ccccc2)[N-]->31,CC1C(=O)[O-]->[Ni+2]23<-N(C(=O)C4CCCN->24Cc2ccc(Cl)c(Cl)c2)=C2C=CC(Cl)=CC2=C(c2ccccc2)[N-]->31
RUXHOH,COC(=O)c1cccc2C(OC)=O->[Cu+]3(<-O=C(OC)c4cccc(C(=O)OC)n->34)<-n12,C18 H18 Cu1 N2 O8 1+,1.0,COC(=O)c1cccc2C(OC)=O->[Cu+]3(<-O=C(OC)c4cccc(C(=O)OC)n->34)<-n12,COC(=O)c1cccc2C(OC)=O->[Cu+]3(<-O=C(OC)c4cccc(C(=O)OC)n->34)<-n12,COC(=O)c1cccc2C(OC)=O->[Cu+]3(<-O=C(OC)c4cccc(C(=O)OC)n->34)<-n12
RUYRIM,CN(C)[N-](C)->[Ti+4]123(<-[N-](C)N->1(C)C)(<-[N-](C)N->2(C)C)<-[N-](C)N->3(C)C,C12 H36 N8 Ti1,0.0,CN(C)[N-](C)->[Ti+4]123(<-[N-](C)N->1(C)C)(<-[N-](C)N->2(C)C)<-[N-](C)N->3(C)C,CN(C)[N-](C)->[Ti+4]123(<-[N-](C)N->1(C)C)(<-[N-](C)N->2(C)C)<-[N-](C)N->3(C)C,CN(C)[N-](C)->[Ti+4]1(<-[N-](C)N(C)C)(<-[N-](C)N(C)C)<-[N-](C)N->1(C)C
RUZSAI,Cc1ccc(/C=C/c2ccc(-c3cc4-c5ccccn5->[Cd+2]567(<-[O-][N+](=O)[O-]->5)(<-[O-][N+](=O)[O-]->6)<-n5ccccc5-c(c3)n->74)cc2)cc1,C30 H23 Cd1 N5 O6,0.0,Cc1ccc(C=Cc2ccc(-c3cc4-c5ccccn5->[Cd+2]567(<-[O-][N+](=O)[O-]->5)(<-[O-][N+](=O)[O-]->6)<-n5ccccc5-c(c3)n->74)cc2)cc1,Cc1ccc(C=Cc2ccc(-c3cc4-c5ccccn5->[Cd+2]567(<-[O-][N+](=O)[O-]->5)(<-[O-][N+](=O)[O-]->6)<-n5ccccc5-c(c3)n->74)cc2)cc1,Cc1ccc(C=Cc2ccc(-c3cc4-c5ccccn5->[Cd+2]56789(<-[O-][N+]->5(=O)[O-]->6)(<-[O-][N+]->7(=O)[O-]->8)<-n5ccccc5-c(c3)n->94)cc2)cc1
SABDAB,[Br-]->[Fe+2]1234<-[H]c->15c1cccc5/C(c5ccccc5)=c5/cc/c([n-]->25)=C(\c2ccccc2)C2=N->3/C(=C(/c3ccccc3)C3=N->4/C(=C\1c1ccccc1)C=C3)C=C2,C46 H30 Br1 Fe1 N3,0.0,[Br-]->[Fe+2]12<-N3=C4C=CC3=C(c3ccccc3)c3cccc(c3)C(c3ccccc3)=C3C=CC(=N->13)C(c1ccccc1)=c1ccc([n-]->21)=C4c1ccccc1,[Br-]->[Fe+4]12<-[n-]3c4ccc3C(c3ccccc3)=c3ccc([n-]->13)=C(c1ccccc1)c1cccc(c1)C(c1ccccc1)=c1ccc([n-]->21)=C4c1ccccc1,[Br-]->[Fe+4]123<-c4c5cccc4C(c4ccccc4)=c4ccc([n-]->14)=C(c1ccccc1)c1ccc([n-]->21)C(c1ccccc1)=c1ccc([n-]->31)=C5c1ccccc1
SABJIP,O=C1C/N2=C/c3ccccc3[O-]->[V+5]<-23(<-[O-2])(<-[O-]1)<-[O-]c1ccccc1CO->3,C16 H14 N1 O6 V1,0.0,O=C1CN2=Cc3ccccc3[O-]->[V+5]<-23(<-[O-2])(<-[O-]1)<-[O-]c1ccccc1CO->3,O=C1CN2=Cc3ccccc3[O-]->[V+5]<-23(<-[O-2])(<-[O-]1)<-[O-]c1ccccc1CO->3,O=C1CN2=Cc3ccccc3[O-]->[V+5]<-2(<-[O-2])(<-[O-]1)<-[O-]c1ccccc1CO
SADFUY,C[Si](C)(C)C(=NN->[W](<-[C-]#[O+])(<-[C-]#[O+])(<-[C-]#[O+])(<-[C-]#[O+])<-[P@TB5](c1ccccc1)(c1ccccc1)c1ccccc1)[Si](C)(C)C,C29 H33 N2 O4 P1 Si2 W1,0.0,fail,C[Si](C)(C)C(=NN->[W](<-[C-]#[O+])(<-[C-]#[O+])(<-[C-]#[O+])(<-[C-]#[O+])<-P(c1ccccc1)(c1ccccc1)c1ccccc1)[Si](C)(C)C,C[Si](C)(C)C(=NN->[W](<-[C-]#[O+])(<-[C-]#[O+])(<-[C-]#[O+])(<-[C-]#[O+])<-P(c1ccccc1)(c1ccccc1)c1ccccc1)[Si](C)(C)C
SAENFE,C1=CC=C2/C=N3/CCN->[Fe@OH10+2]<-345(<-NCC/N->4=C/c3ccccc3[O-]->5)<-O=C2C=1,C18 H22 Fe1 N4 O2 1+,1.0,C1c2ccccc2[O-]->[Fe+3]234(<-NCCN->2=1)<-NCCN->3=Cc1ccccc1[O-]->4,[c-]1ccc2C=N3CCN->[Fe+4]<-345(<-NCCN->4=Cc3ccccc3[O-]->5)<-[O-]c2c1,[c-]1ccc2C=N3CCN->[Fe+4]<-345(<-NCCN->4=Cc3ccccc3[O-]->5)<-[O-]c2c1
SAFMUK,CCP(CC)(CC)->[Pd]1(<-C(c2ccncc2)#C->1c1ccc(Br)cc1)<-P(CC)(CC)CC,C25 H38 Br1 N1 P2 Pd1,0.0,CCP(CC)(CC)->[Pd]1(<-C(c2ccncc2)#C->1c1ccc(Br)cc1)<-P(CC)(CC)CC,CCP(CC)(CC)->[Pd]1(<-C(c2ccncc2)#C->1c1ccc(Br)cc1)<-P(CC)(CC)CC,CCP(CC)(CC)->[Pd]1(<-C(c2ccncc2)#C->1c1ccc(Br)cc1)<-P(CC)(CC)CC
SAGMUJ,FC(F)(F)C1/C=C(\[O-]->[Co+3]23(<-O=1)(<-O=C(/C=C(\[O-]->2)C(F)(F)F)C(F)(F)F)<-n1ccccc1C1=NSS[N-]->31)C(F)(F)F,C16 H6 Co1 F12 N3 O4 S2,0.0,fail,FC(F)(F)C1=CC(=O->[Co+3]23(<-O=C(C=C([O-]->2)C(F)(F)F)C(F)(F)F)(<-[O-]1)<-n1ccccc1C1=NSS[N-]->31)C(F)(F)F,FC(F)(F)C1=CC(=O->[Co+3]23(<-O=C(C=C([O-]->2)C(F)(F)F)C(F)(F)F)(<-[O-]1)<-n1ccccc1C1=NSS[N-]->31)C(F)(F)F
SAGZIK,NC1/N=N2/C(=C(/c3ccccc3)[N-]3/N=C(/N)[S-]->[Ni@SP1+2]<-2<-3<-S=1)/c1ccccc1,C16 H14 N6 Ni1 S2,0.0,NC1=NN2=C(C(c3ccccc3)=N3N=C(N)[S-]->[Ni+2]<-2<-3<-[S-]1)c1ccccc1,NC1=N[N-]2C(=C(c3ccccc3)N3=NC(N)=S->[Ni+2]<-3<-2<-[S-]1)c1ccccc1,NC1=N[N-]2C(=C(c3ccccc3)N3=NC(N)=S->[Ni+2]<-3<-2<-[S-]1)c1ccccc1
SAJQIE,[O+]#[C-]->[W]12(<-[C-]#[O+])(<-[C-]#[O+])(<-[C-]#[O+])<-C3=C->1C=CC(S->2C1C=CC=CC=C1)C=C3,C18 H14 O4 S1 W1,0.0,[O+]#[C-]->[W]12(<-[C-]#[O+])(<-[C-]#[O+])(<-[C-]#[O+])<-C3=C->1C=CC(S->2C1C=CC=CC=C1)C=C3,[O+]#[C-]->[W]12(<-[C-]#[O+])(<-[C-]#[O+])(<-[C-]#[O+])<-C3=C->1C=CC(S->2C1C=CC=CC=C1)C=C3,[O+]#[C-]->[W]12(<-[C-]#[O+])(<-[C-]#[O+])(<-[C-]#[O+])<-C3=C->1C=CC(S->2C1C=CC=CC=C1)C=C3
SAKGUI,CN1c2ccccc2N2c3c(C4=N(->[Pd+2](<-[I-])(<-[I-])<-[C]12)[C@@H](c1ccccc1)CO4)ccc1ccccc31,C27 H21 I2 N3 O1 Pd1,0.0,CN1c2ccccc2N2c3c(C4=N(->[Pd+2](<-[I-])(<-[I-])<-[C]12)C(c1ccccc1)CO4)ccc1ccccc31,CN1c2ccccc2N2c3c(C4=N(->[Pd+2](<-[I-])(<-[I-])<-[C]12)C(c1ccccc1)CO4)ccc1ccccc31,CN1c2ccccc2N2c3c(C4=N(->[Pd+2](<-[I-])(<-[I-])<-[C]12)C(c1ccccc1)CO4)ccc1ccccc31
SAKSUS,CN1CCN(C)[C](->[Cr](<-[C-]#[O+])(<-[C-]#[O+])(<-[C-]#[O+])(<-[C-]#[O+])<-[C-]#[O+])N=C1Cl,C11 H10 Cl1 Cr1 N3 O5,0.0,CN1CCN(C)[C](->[Cr](<-[C-]#[O+])(<-[C-]#[O+])(<-[C-]#[O+])(<-[C-]#[O+])<-[C-]#[O+])N=C1Cl,CN1CCN(C)[C](->[Cr](<-[C-]#[O+])(<-[C-]#[O+])(<-[C-]#[O+])(<-[C-]#[O+])<-[C-]#[O+])N=C1Cl,CN1CCN(C)[C](->[Cr](<-[C-]#[O+])(<-[C-]#[O+])(<-[C-]#[O+])(<-[C-]#[O+])<-[C-]#[O+])N=C1Cl
SALGUH,CC(C)[O-]->[Ti+4]12(<-[O-]C(C)C)(<-[O-][S@](=O)(c3ccccc3)=C->13CC3)<-[O-][S@](=O)(c1ccccc1)=C->21CC1,C24 H32 O6 S2 Ti1,0.0,CC(C)[O-]->[Ti+6]12(<-[O-]C(C)C)(<-[O-][S](=O)(c3ccccc3)[C-]->13CC3)<-[O-][S](=O)(c1ccccc1)[C-]->21CC1,CC(C)[O-]->[Ti+4]12(<-[O-]C(C)C)(<-[O-]S(=O)(c3ccccc3)=C->13CC3)<-[O-]S(=O)(c1ccccc1)=C->21CC1,CC(C)[O-]->[Ti+4]12(<-[O-]C(C)C)(<-[O-]S(=O)(c3ccccc3)=C->13CC3)<-[O-]S(=O)(c1ccccc1)=C->21CC1
SAMMUO,,C11 H15 Co1 O1 P4,0.0,Cc12->[Co+]3456(<-[C-]#[O+])(<-[pH]7p8p7[pH]->38)<-c1(C)c->4(C)[c-]->5(C)c->62C,Cc12->[Co+]3456(<-[C-]#[O+])(<-P7=P8=P->3P87)<-c1(C)c->4(C)[c-]->5(C)c->62C,Cc12->[Co+]3456(<-[C-]#[O+])(<-c1(C)c->3(C)[c-]->4(C)c->52C)<-p12p3p1p->632
SAPSIM,CCP(CC)(CC)->[Ni+2](<-[Br-])(<-[C-]1=C(Br)c2cccc3cccc1c23)<-P(CC)(CC)CC,C24 H36 Br2 Ni1 P2,0.0,CCP(CC)(CC)->[Ni+2](<-[Br-])(<-[C-]1=C(Br)c2cccc3cccc1c23)<-P(CC)(CC)CC,CCP(CC)(CC)->[Ni+2](<-[Br-])(<-[C-]1=C(Br)c2cccc3cccc1c23)<-P(CC)(CC)CC,CCP(CC)(CC)->[Ni+2](<-[Br-])(<-[C-]1=C(Br)c2cccc3cccc1c23)<-P(CC)(CC)CC
SAQFEY,O=C(N/N=C(\c1ccccn1)c1ccccn1->[Cd+2](<-[Br-])<-[Br-])c1ccccc1,C18 H14 Br2 Cd1 N4 O1,0.0,[Br-]->[Cd+2]12(<-[Br-])<-O=C(NN->1=C(c1ccccn1)c1ccccn->21)c1ccccc1,[Br-]->[Cd+2]12(<-[Br-])<-O=C(NN->1=C(c1ccccn1)c1ccccn->21)c1ccccc1,[Br-]->[Cd+2]12(<-[Br-])<-O=C(NN->1=C(c1ccccn1)c1ccccn->21)c1ccccc1
SAQXIS,CC(C)(C)[N+]#[C-]->[Pd+2](<-[c-]1c(F)c(F)c(F)c(F)c1F)(<-[N-]1C(=O)CCC1=O)<-[N-]1C(=O)CCC1=O,C19 H17 F5 N3 O4 Pd1 1-,-1.0,CC(C)(C)[N+]#[C-]->[Pd+2](<-[c-]1c(F)c(F)c(F)c(F)c1F)(<-[N-]1C(=O)CCC1=O)<-[N-]1C(=O)CCC1=[O+],CC(C)(C)[N+]#[C-]->[Pd+2](<-[c-]1c(F)c(F)c(F)c(F)c1F)(<-[N-]1C(=O)CCC1=O)<-[N-]1C(=O)CCC1=O,CC(C)(C)[N+]#[C-]->[Pd+2](<-[c-]1c(F)c(F)c(F)c(F)c1F)(<-[N-]1C(=O)CCC1=O)<-[N-]1C(=O)CCC1=O
SASJUS,CCCC[CH2-]->[Co+3]12(<-O)(<-N(=O)/C(C)=C(/C)[N-]->1[O-])<-N(/O)=C(C)\C(C)=N->2\O,C13 H27 Co1 N4 O5,0.0,CCCC[CH2-]->[Co+]12(<-O)(<-N([O])=C(C)C(C)=N->1[O])<-N(O)=C(C)C(C)=N->2O,CCCC[CH2-]->[Co+]12(<-O)(<-N(=O)C(C)=C(C)N->1=O)<-N(O)=C(C)C(C)=N->2O,CCCC[CH2-]->[Co+]12(<-O)(<-N(=O)C(C)=C(C)N->1=O)<-N(O)=C(C)C(C)=N->2O
SASROV,Cc1csc2-c3cccc[c-]3->[Ir+3]34(<-[c-]5ccccc5-c5scc(C)n->35)(<-n3ccccc3-c3ccccn->43)<-n12,C30 H24 Ir1 N4 S2 1+,1.0,Cc1csc2-c3cccc[c-]3->[Ir+3]34(<-[c-]5ccccc5-c5scc(C)n->35)(<-n3ccccc3-c3ccccn->43)<-n12,Cc1csc2-c3cccc[c-]3->[Ir+3]34(<-[c-]5ccccc5-c5scc(C)n->35)(<-n3ccccc3-c3ccccn->43)<-n12,Cc1csc2-c3cccc[c-]3->[Ir+3]34(<-[c-]5ccccc5-c5scc(C)n->35)(<-n3ccccc3-c3ccccn->43)<-n12
SATQUB,C/C1c2ccccc2[O-]->[Ni@@+2]2(<-NC(C)(C)C/N->2=1)<-n1c(C)cccc1-c1cccc(C)n1,C24 H29 N4 Ni1 O1 1+,1.0,CC1c2ccccc2[O-]->[Ni+2]23(<-NC(C)(C)CN->2=1)<-n1c(C)cccc1-c1cccc(C)n->31,CC1c2ccccc2[O-]->[Ni+2]23(<-NC(C)(C)CN->2=1)<-n1c(C)cccc1-c1cccc(C)n->31,CC1c2ccccc2[O-]->[Ni+2]23(<-NC(C)(C)CN->2=1)<-n1c(C)cccc1-c1cccc(C)n->31
SATXOC,,C27 H34 B1 Ir1 N8,0.0,Cc1cc[c-]2->[IrH+2]34(<-n5c(C)cccc5-c2n1)<-n1c(C)cc(C)n1[BH-](n1c(C)cc(C)n->31)n1c(C)cc(C)n->41,Cc1cc[c-]2->[IrH+2]34(<-n5c(C)cccc5-c2n1)<-n1c(C)cc(C)n1[BH-](n1c(C)cc(C)n->31)n1c(C)cc(C)n->41,Cc1cc[c-]2->[IrH+2]34(<-n5c(C)cccc5-c2n1)<-n1c(C)cc(C)n1[BH-](n1c(C)cc(C)n->31)n1c(C)cc(C)n->41
SAWNUZ,,C26 H39 P2 Re1,0.0,Cc12->[ReH2+]345(<-c1(C)c->3(C)[c-]->4(C)c->52C)(<-P(C)(C)c1ccccc1)<-P(C)(C)c1ccccc1,Cc12->[ReH2+]345(<-c1(C)c->3(C)[c-]->4(C)c->52C)(<-P(C)(C)c1ccccc1)<-P(C)(C)c1ccccc1,Cc12->[ReH2+]345(<-c1(C)c->3(C)[c-]->4(C)c->52C)(<-P(C)(C)c1ccccc1)<-P(C)(C)c1ccccc1
SAYDAY,C/C1[O-]->[Ti+4]23456(<-[Cl-])(<-[O-]/C(C)=N->2/c2ccccc2)(<-N=1\c1ccccc1)<-c1(C)c->3(C)c->4(C)[c-]->5(C)c->61C,C26 H31 Cl1 N2 O2 Ti1,0.0,CC1[O-]->[Ti+4]23456(<-[Cl-])(<-[O-]C(C)=N->2c2ccccc2)(<-N=1c1ccccc1)<-c1(C)c->3(C)c->4(C)[c-]->5(C)c->61C,CC1[O-]->[Ti+4]23456(<-[Cl-])(<-[O-]C(C)=N->2c2ccccc2)(<-N=1c1ccccc1)<-c1(C)c->3(C)c->4(C)[c-]->5(C)c->61C,CC1[O-]->[Ti+4]234567(<-[Cl-])(<-[O-]C->2(C)=N->3c2ccccc2)(<-N=1c1ccccc1)<-c1(C)c->4(C)c->5(C)[c-]->6(C)c->71C
SAZCIH,,C16 H38 N2 Si1 Zn1,0.0,C[CH2-]->[Zn+2]1(<-[CH2-]C)<-N(C(C)(C)C)[Si](C)(C)CN->12CCCCC2,C[CH2-]->[Zn+2](<-[CH2-]C)<-N1(C[Si](C)(C)NC(C)(C)C)CCCCC1,CC(C)(C)N[Si](C)(C)CN1CCCCC1.C[CH2-]->[Zn+2]<-[CH2-]C
SEBBAD,,C28 H38 B1 Ir1 N6 O6,0.0,fail,COC(=O)C1=CC(C(=O)OC)=[C-](C(=O)OC)->[Ir+3]23(<-[CH3-])(<-[C]1C)<-n1c(C)cc(C)n1[BH-](n1c(C)cc(C)n->21)n1c(C)cc(C)n->31,COC(=O)C1=CC(C(=O)OC)=[C-](C(=O)OC)->[Ir+3]23(<-[CH3-])(<-[C]1C)<-n1c(C)cc(C)n1[BH-](n1c(C)cc(C)n->21)n1c(C)cc(C)n->31
SECPOS,[O+]#[C-]->[Os+2]1(<-[C-]#[O+])(<-[Se-][Se-]->1)(<-P(C1=C=C=CC=C1)(c1ccccc1)c1ccccc1)<-P(c1ccccc1)(c1ccccc1)c1ccccc1,C38 H30 O2 Os1 P2 Se2,0.0,[O+]#[C-]->[Os+2]1(<-[C-]#[O+])(<-[Se-][Se-]->1)(<-P(c1ccccc1)(c1ccccc1)c1ccccc1)<-P(c1ccccc1)(c1ccccc1)c1ccccc1,[O+]#[C-]->[Os+2]1(<-[C-]#[O+])(<-[Se-][Se-]->1)(<-P(C1=C=C=CC=C1)(c1ccccc1)c1ccccc1)<-P(c1ccccc1)(c1ccccc1)c1ccccc1,[O+]#[C-]->[Os+2]1(<-[C-]#[O+])(<-[Se-][Se-]->1)(<-P(C1=C=C=CC=C1)(c1ccccc1)c1ccccc1)<-P(c1ccccc1)(c1ccccc1)c1ccccc1
SEDCOT,COC(=O)/C1=[C-](\C(=O)OC)->[Fe+2]2(<-[C-]#[O+])(<-[C-]#[O+])(<-N(=C(/C)[C@@]1(C)N->2c1ccc(OC)cc1)/c1ccc(OC)cc1)<-P([O-])(OC)OC,C28 H33 Fe1 N2 O11 P1,0.0,COC(=O)C1=[C-](C(=O)OC)->[Fe+]2(<-[C-]#[O+])(<-[C-]#[O+])(<-N(=C(C)C1(C)N->2c1ccc(OC)cc1)c1ccc(OC)cc1)<-[PH](=O)(OC)OC,COC(=O)C1=[C-](C(=O)OC)->[Fe+2]2(<-[C-]#[O+])(<-[C-]#[O+])(<-N(=C(C)C1(C)N->2c1ccc(OC)cc1)c1ccc(OC)cc1)<-P([O-])(OC)OC,COC(=O)C1=[C-](C(=O)OC)->[Fe+2]2(<-[C-]#[O+])(<-[C-]#[O+])(<-N(=C(C)C1(C)N->2c1ccc(OC)cc1)c1ccc(OC)cc1)<-P([O-])(OC)OC
SEGPOK,C[C-](=O)->[Ir+3](<-[I-])(<-[I-])(<-[C-]#[O+])(<-n1ccccc1)<-n1ccccc1,C13 H13 I2 Ir1 N2 O2,0.0,C[C-](=O)->[Ir+3](<-[I-])(<-[I-])(<-[C-]#[O+])(<-n1ccccc1)<-n1ccccc1,C[C-](=O)->[Ir+3](<-[I-])(<-[I-])(<-[C-]#[O+])(<-n1ccccc1)<-n1ccccc1,C[C-](=O)->[Ir+3](<-[I-])(<-[I-])(<-[C-]#[O+])(<-n1ccccc1)<-n1ccccc1
SEHRED,,C50 H24 Co1 N10 1-,-1.0,N#[C-]->[Co+3]123(<-[C-]#N)<-n4c5nc6c7c8ccccc8ccc7c(nc7n->1c(nc1c8c9ccccc9ccc8c(nc4-c4c-5ccc5ccccc45)[n-]->21)-c1ccc2ccccc2c1-7)[n-]->36,,
SEJYEN,CC1/C=C(/C)[O-]->[W+6]23(<-[O-2])(<-O=1)(<-O=C(C)/C=C(/C)[O-]->2)<-[C-](/c1ccccc1)=[C-]->3/c1ccccc1,C24 H24 O5 W1,0.0,fail,CC1=CC(C)=O->[W+4]23(<-[O-2])(<-O=C(C)C=C(C)[O-]->2)(<-[O-]1)<-C(c1ccccc1)#C->3c1ccccc1,CC1=CC(C)=O->[W+4]23(<-[O-2])(<-O=C(C)C=C(C)[O-]->2)(<-[O-]1)<-C(c1ccccc1)#C->3c1ccccc1
SEKQEG,,C21 H17 Cl6 N3 Ni1 O1,0.0,CC1c2cccc3C(C)=N(c4cc(Cl)cc(Cl)c4)->[Ni+2](<-O)(<-[Cl-])(<-[Cl-])(<-N=1c1cc(Cl)cc(Cl)c1)<-n23,CC1c2cccc3C(C)=N(c4cc(Cl)cc(Cl)c4)->[Ni+2](<-O)(<-[Cl-])(<-[Cl-])(<-N=1c1cc(Cl)cc(Cl)c1)<-n23,CC1c2cccc3C(C)=N(c4cc(Cl)cc(Cl)c4)->[Ni+2](<-O)(<-[Cl-])(<-[Cl-])(<-N=1c1cc(Cl)cc(Cl)c1)<-n23
SELPOR,,C30 H26 Br2 Cd1 N6 O8,0.0,COc1ccc(C2NN(=Cc3ccccc3[N+](=O)[O-])->[Cd+2]3(<-[Br-])(<-[Br-])(<-O=2)<-O=C(NN->3=Cc2ccccc2[N+](=O)[O-])c2ccc(OC)cc2)cc1,COc1ccc(C2NN(=Cc3ccccc3[N+](=O)[O-])->[Cd+2]3(<-[Br-])(<-[Br-])(<-O=2)<-O=C(NN->3=Cc2ccccc2[N+](=O)[O-])c2ccc(OC)cc2)cc1,COc1ccc(C(NN=Cc2ccccc2[N+](=O)[O-])=O->[Cd+2](<-[Br-])(<-[Br-])<-O=C(NN=Cc2ccccc2[N+](=O)[O-])c2ccc(OC)cc2)cc1
SEMMAB,C[Si](C)(C)[CH2-]->[Sc+3]12(<-[CH2-][Si](C)(C)C)(<-n3ccccc3C[c-]->13c1ccccc1c1ccccc->213)<-O1CCCC1,C31 H44 N1 O1 Sc1 Si2,0.0,C[Si](C)(C)[CH2-]->[Sc+3]1(<-[CH2-][Si](C)(C)C)(<-n2ccccc2C[c-]->12c1ccccc1c1ccccc12)<-O1CCCC1,C[Si](C)(C)[CH2-]->[Sc+3]12(<-[CH2-][Si](C)(C)C)(<-n3ccccc3C[c-]->13c1ccccc1c1ccccc->213)<-O1CCCC1,C[Si](C)(C)[CH2-]->[Sc+3]12(<-[CH2-][Si](C)(C)C)(<-n3ccccc3C[c-]->13c1ccccc1c1ccccc->213)<-O1CCCC1
SEPLIK,,C27 H49 Ir1 O2 P2,0.0,fail,CC(C)(C)P1(Cc2cccc3CP(C(C)(C)C)(C(C)(C)C)->[IrH+2]<-145(<-[CH2-]c23)<-O=C->4(C)[O-]->5)C(C)(C)C,CC(C)(C)P1(Cc2cccc3CP(C(C)(C)C)(C(C)(C)C)->[IrH+2]<-145(<-[CH2-]c23)<-O=C->4(C)[O-]->5)C(C)(C)C
SEQCIB,Cc1nc(-c2csc(C)n2->[Ni+2]2(<-O)<-[O-]C(=O)COCC(=O)[O-]->2)cs1,C12 H14 N2 Ni1 O6 S2,0.0,Cc1scc2-c3csc(C)n3->[Ni+2]34(<-O)(<-[O-]C(=O)CO->3CC(=O)[O-]->4)<-n21,Cc1scc2-c3csc(C)n3->[Ni+2]34(<-O)(<-[O-]C(=O)CO->3CC(=O)[O-]->4)<-n21,Cc1scc2-c3csc(C)n3->[Ni+2]3(<-O)(<-[O-]C(=O)COCC(=O)[O-]->3)<-n21
SEQYUK,CN1CCN(C)(->[Cu+]<-[Cl-])CCN(C)Cc2cccc(c2)NC(=O)c2cccc(n2)C(=O)Nc2cccc(c2)C1,C28 H34 Cl1 Cu1 N6 O2,0.0,CN1CCN(C)(->[Cu+]<-[Cl-])CCN(C)Cc2cccc(c2)NC(=O)c2cccc(n2)C(=O)Nc2cccc(c2)C1,CN1CCN(C)(->[Cu+]<-[Cl-])CCN(C)Cc2cccc(c2)NC(=O)c2cccc(n2)C(=O)Nc2cccc(c2)C1,CN1CCN2(C)->[Cu+](<-[Cl-])<-N(C)(CC2)Cc2cccc(c2)NC(=O)c2cccc(n2)C(=O)Nc2cccc(c2)C1
SERXEV,,C33 H28 Ir1 N5,0.0,C1=CN2c3cccc[c-]3->[Ir+3]345(<-[C]2N1CCCCN1C=CN(c2cccc[c-]->32)[C]->41)<-[c-]1ccccc1-c1ccccn->51,C1=CN2c3cccc[c-]3->[Ir+3]345(<-[C]2N1CCCCN1C=CN(c2cccc[c-]->32)[C]->41)<-[c-]1ccccc1-c1ccccn->51,C1=CN2c3cccc[c-]3->[Ir+3]345(<-[C]2N1CCCCN1C=CN(c2cccc[c-]->32)[C]->41)<-[c-]1ccccc1-c1ccccn->51
SESXOF,COc1ccccc1NC(Nc1ccccc1OC)=N(c1ccccc1OC)->[Pt+2](<-[Cl-])(<-[Cl-])<-S(C)(C)=O,C24 H29 Cl2 N3 O4 Pt1 S1,0.0,COc1ccccc1NC(Nc1ccccc1OC)=N(c1ccccc1OC)->[Pt+2](<-[Cl-])(<-[Cl-])<-S(C)(C)=O,COc1ccccc1NC(Nc1ccccc1OC)=N(c1ccccc1OC)->[Pt+2](<-[Cl-])(<-[Cl-])<-S(C)(C)=O,COc1ccccc1NC(Nc1ccccc1OC)=N(c1ccccc1OC)->[Pt+2](<-[Cl-])(<-[Cl-])<-S(C)(C)=O
SETMEM,[O-2]->[V+5]123(<-[O-][O-]->1)(<-[O-][O-]->2)<-n1cccc2ccc4cccn->3c4c21,C12 H8 N2 O5 V1 1-,-1.0,fail,[O-2]->[V+5]123(<-[O-][O-]->1)(<-[O-][O-]->2)<-n1cccc2ccc4cccn->3c4c21,[O-2]->[V+5]123(<-[O-][O-]->1)(<-[O-][O-]->2)<-n1cccc2ccc4cccn->3c4c21
SEVKOU,CC1(C)COC2COP3(->[Pd@@+2](<-[CH3-])(<-[Cl-])<-N=21)Oc1ccccc1-c1ccccc13,C19 H21 Cl1 N1 O3 P1 Pd1,0.0,CC1(C)COC2COP3(->[Pd+2](<-[CH3-])(<-[Cl-])<-N=21)Oc1ccccc1-c1ccccc13,CC1(C)COC2COP3(->[Pd+2](<-[CH3-])(<-[Cl-])<-N=21)Oc1ccccc1-c1ccccc13,CC1(C)COC2COP3(->[Pd+2](<-[CH3-])(<-[Cl-])<-N=21)Oc1ccccc1-c1ccccc13
SEWPAM,Cc1cc(=O)n2n1C(=C1C=C[CH-]C=C1)C=[C-]2->[Cr+2](<-[C-]#[O+])(<-[C-]#[O+])(<-[C-]#[O+])(<-[C-]#[O+])<-[C-]#[O+],C18 H10 Cr1 N2 O6,0.0,Cc1cc(=O)n2n1C(c1ccccc1)=C[C]2->[Cr](<-[C-]#[O+])(<-[C-]#[O+])(<-[C-]#[O+])(<-[C-]#[O+])<-[C-]#[O+],Cc1cc(=O)n2n1C(c1ccccc1)=C[C]2->[Cr](<-[C-]#[O+])(<-[C-]#[O+])(<-[C-]#[O+])(<-[C-]#[O+])<-[C-]#[O+],Cc1cc(=O)n2n1C(c1ccccc1)=C[C]2->[Cr](<-[C-]#[O+])(<-[C-]#[O+])(<-[C-]#[O+])(<-[C-]#[O+])<-[C-]#[O+]
SEWYUQ,CC(C)P(=[Se]->[Au+3](<-[Cl-])(<-[Cl-])<-[Cl-])(C(C)C)C(C)(C)C,C10 H23 Au1 Cl3 P1 Se1,0.0,CC(C)P(=[Se]->[Au+3](<-[Cl-])(<-[Cl-])<-[Cl-])(C(C)C)C(C)(C)C,CC(C)P(=[Se]->[Au+3](<-[Cl-])(<-[Cl-])<-[Cl-])(C(C)C)C(C)(C)C,CC(C)P(=[Se]->[Au+3](<-[Cl-])(<-[Cl-])<-[Cl-])(C(C)C)C(C)(C)C
SEZBEH,CC(C)(C)C1=CC2=[S@]([O-])(C(C)(C)C)->[Pd@OH7+2]3(<-[Cl-])<-N(=C\2C=C1)/c1ccc(C(C)(C)C)cc1[S@]->3(=O)C(C)(C)C,C28 H42 Cl1 N1 O2 Pd1 S2,0.0,CC(C)(C)c1ccc2[N-]3c4ccc(C(C)(C)C)cc4S(=O)(C(C)(C)C)->[Pd+2]<-3(<-[Cl-])<-S(=O)(c2c1)C(C)(C)C,CC(C)(C)C1=CC2=S([O-])(C(C)(C)C)->[Pd+2]3(<-[Cl-])<-N(=C2C=C1)c1ccc(C(C)(C)C)cc1S->3(=O)C(C)(C)C,CC(C)(C)C1=CC2=S([O-])(C(C)(C)C)->[Pd+2]3(<-[Cl-])<-N(=C2C=C1)c1ccc(C(C)(C)C)cc1S->3(=O)C(C)(C)C
SIBBUC,,C16 H13 I1 N4 O2 Ru1,0.0,CN1C=CN2c3cccc4N5C=CN(C)[C]5->[Ru+2](<-[I-])(<-[C-]#[O+])(<-[C-]#[O+])(<-[C]12)<-[c-]34,CN1C=CN2c3cccc4N5C=CN(C)[C]5->[Ru+2](<-[I-])(<-[C-]#[O+])(<-[C-]#[O+])(<-[C]12)<-[c-]34,CN1C=CN2c3cccc4N5C=CN(C)[C]5->[Ru+2](<-[I-])(<-[C-]#[O+])(<-[C-]#[O+])(<-[C]12)<-[c-]34
SIBYEJ,Cc1cccc(C)c1N1=C23->[Ni+2]<-14(<-[Br-])(<-[Br-])<-N(c1c(C)cccc1C)=C->42[C@H]1c2ccccc2[C@@H]3c2ccccc21,C32 H28 Br2 N2 Ni1,0.0,Cc1cccc(C)c1N1=C2C(=N(c3c(C)cccc3C)->[Ni+2]<-1(<-[Br-])<-[Br-])C1c3ccccc3C2c2ccccc21,Cc1cccc(C)c1N1=C2C(=N(c3c(C)cccc3C)->[Ni+2]<-1(<-[Br-])<-[Br-])C1c3ccccc3C2c2ccccc21,Cc1cccc(C)c1N1=C2C(=N(c3c(C)cccc3C)->[Ni+2]<-1(<-[Br-])<-[Br-])C1c3ccccc3C2c2ccccc21
SICMEW,CC(C)O/C(c1ccccc1)=[C-](->[Hg+2]<-[Cl-])/c1ccccc1,C17 H17 Cl1 Hg1 O1,0.0,CC(C)OC(c1ccccc1)=[C-](->[Hg+2]<-[Cl-])c1ccccc1,CC(C)OC(c1ccccc1)=[C-](->[Hg+2]<-[Cl-])c1ccccc1,CC(C)OC(c1ccccc1)=[C-](->[Hg+2]<-[Cl-])c1ccccc1
SIDNIE,,C26 H34 N2 Zn1,0.0,Cc1c[cH-](->[Zn+2]2(<-[cH-]3cc(C)c4ccccc43)<-N(C)(C)CCN->2(C)C)c2ccccc12,Cc1c[cH-](->[Zn+2]2(<-[cH-]3cc(C)c4ccccc43)<-N(C)(C)CCN->2(C)C)c2ccccc12,Cc1c[cH-](->[Zn+2](<-[cH-]2cc(C)c3ccccc32)<-N(C)(C)CCN(C)C)c2ccccc12
SIFCOZ,,C28 H26 Mo1 P1 1+,1.0,c1ccc(P(c2ccccc2)(c2ccccc2)->[MoH+3]23456789(<-c%10c->2c->3[cH-]->4c->5%10)<-c2c->6c->7[cH-]->8c->92)cc1,c1ccc(P(c2ccccc2)(c2ccccc2)->[MoH+3]23456789(<-c%10c->2c->3[cH-]->4c->5%10)<-c2c->6c->7[cH-]->8c->92)cc1,c1ccc(P(c2ccccc2)(c2ccccc2)->[MoH+3]23456789(<-c%10c->2c->3[cH-]->4c->5%10)<-c2c->6c->7[cH-]->8c->92)cc1
SIFVUY,,C35 H41 O3 P1 Ru1 S1,0.0,CC1CCC(C(C)C)C(c23->[Ru+]456(<-[C-]#[O+])(<-c(c->4[cH-]->52)c->63)(<-P(c2ccccc2)(c2ccccc2)c2ccccc2)<-[SH](C)(=O)=O)C1,CC1CCC(C(C)C)C(c23->[Ru+2]456(<-[C-]#[O+])(<-c(c->4[cH-]->52)c->63)(<-P(c2ccccc2)(c2ccccc2)c2ccccc2)<-S(C)(=O)[O-])C1,CC1CCC(C(C)C)C(c23->[Ru+2]456(<-[C-]#[O+])(<-c(c->4[cH-]->52)c->63)(<-P(c2ccccc2)(c2ccccc2)c2ccccc2)<-S(C)(=O)[O-])C1
SIGQAA,Cc1c2(C)->[W+6]34(<-[Cl-])(<-[Cl-])(<-[Cl-])(<-[N-2]C(C)(C)C)<-c2(C)c->3(C)[c-]->41C,C14 H24 Cl3 N1 W1,0.0,CC(C)(C)[N-2]->[W+6]1234(<-[Cl-])(<-[Cl-])(<-[Cl-])<-c5(C)c->1(C)c->2(C)[c-]->3(C)c->45C,CC(C)(C)[N-2]->[W+6]1234(<-[Cl-])(<-[Cl-])(<-[Cl-])<-c5(C)c->1(C)c->2(C)[c-]->3(C)c->45C,CC(C)(C)[N-2]->[W+6]1234(<-[Cl-])(<-[Cl-])(<-[Cl-])<-c5(C)c->1(C)c->2(C)[c-]->3(C)c->45C
SIHFAT,N#[N+][N-2]->[Zn+2]12<-n3ccccc3CN(Cc3ccccn->13)Cc1ccccn->21,C18 H18 N7 Zn1 1+,1.0,[N-]=[N+]=[N-]->[Zn+2]123<-n4ccccc4CN->1(Cc1ccccn->21)Cc1ccccn->31,N#[N+][N-2]->[Zn+2]123<-n4ccccc4CN->1(Cc1ccccn->21)Cc1ccccn->31,N#[N+][N-2]->[Zn+2]123<-n4ccccc4CN->1(Cc1ccccn->21)Cc1ccccn->31
SIJGOI,,C20 H20 N6 Ni1 O8 S2,0.0,O=C1c2ccccc2S(=O)(=O)[N-]1->[Ni+2](<-O)(<-O)(<-n1ccc[nH]1)(<-n1ccc[nH]1)<-[N-]1C(=O)c2ccccc2S1(=O)=O,O=C1c2ccccc2S(=O)(=O)[N-]1->[Ni+2](<-O)(<-O)(<-n1ccc[nH]1)(<-n1ccc[nH]1)<-[N-]1C(=O)c2ccccc2S1(=O)=O,O.O.O=C1c2ccccc2S(=O)(=O)[N-]1->[Ni+2](<-n1ccc[nH]1)(<-n1ccc[nH]1)<-[N-]1C(=O)c2ccccc2S1(=O)=O
SIJNOO,C(\c1cccs1)=N1/CCN2CC/N(=C/c3cccs3)->[Cu+]<-1<-N(=C\c1cccs1)/CC2,C21 H24 Cu1 N4 S3 1+,1.0,C(c1cccs1)=N1CCN23CCN(=Cc4cccs4)->[Cu+]<-1<-2<-N(=Cc1cccs1)CC3,C(c1cccs1)=N1CCN23CCN(=Cc4cccs4)->[Cu+]<-1<-2<-N(=Cc1cccs1)CC3,C(c1cccs1)=N1CCN23CCN(=Cc4cccs4)->[Cu+]<-1<-2<-N(=Cc1cccs1)CC3
SIKYAO,CC1=C(C)C(C)(P(=P(C)(C(C)C)C(C)C)->[W](<-[C-]#[O+])(<-[C-]#[O+])(<-[C-]#[O+])(<-[C-]#[O+])<-[C-]#[O+])C(C)=C1C,C22 H32 O5 P2 W1,0.0,CC1=C(C)C(C)([P-]([P](C)(C(C)C)C(C)C)->[W+](<-[C-]#[O+])(<-[C-]#[O+])(<-[C-]#[O+])(<-[C-]#[O+])<-[C-]#[O+])C(C)=C1C,CC1=C(C)C(C)(P(=P(C)(C(C)C)C(C)C)->[W](<-[C-]#[O+])(<-[C-]#[O+])(<-[C-]#[O+])(<-[C-]#[O+])<-[C-]#[O+])C(C)=C1C,CC1=C(C)C(C)(P(=P(C)(C(C)C)C(C)C)->[W](<-[C-]#[O+])(<-[C-]#[O+])(<-[C-]#[O+])(<-[C-]#[O+])<-[C-]#[O+])C(C)=C1C
SILVUE,Cc1cc(C)c([N-2]->[Mo+4]2(<-[Cl-])(<-[Cl-])(<-C(c3ccccc3)#C->2c2ccccc2)(<-P(C)(C)C)<-P(C)(C)C)c(C)c1,C29 H39 Cl2 Mo1 N1 P2,0.0,Cc1cc(C)c([N-2]->[Mo+4]2(<-[Cl-])(<-[Cl-])(<-C(c3ccccc3)#C->2c2ccccc2)(<-P(C)(C)C)<-P(C)(C)C)c(C)c1,Cc1cc(C)c([N-2]->[Mo+4]2(<-[Cl-])(<-[Cl-])(<-C(c3ccccc3)#C->2c2ccccc2)(<-P(C)(C)C)<-P(C)(C)C)c(C)c1,Cc1cc(C)c([N-2]->[Mo+4]2(<-[Cl-])(<-[Cl-])(<-C(c3ccccc3)#C->2c2ccccc2)(<-P(C)(C)C)<-P(C)(C)C)c(C)c1
SIMLAD,,C19 H26 Cl1 Ir1 N3 1+,1.0,CN1C=CN2c3ccccc3CN->[IrH+2]345(<-[Cl-])(<-[C]12)<-C1=C->3CCC->4=C->5CC1,CN1C=CN2c3ccccc3CN->[IrH+2]345(<-[Cl-])(<-[C]12)<-C1=C->3CCC->4=C->5CC1,CN1C=CN2c3ccccc3CN->[IrH+2]345(<-[Cl-])(<-[C]12)<-C1=C->3CCC->4=C->5CC1
SIMXUJ,NCCN[C](c1ccco1)->[W](<-[C-]#[O+])(<-[C-]#[O+])(<-[C-]#[O+])(<-[C-]#[O+])<-[C-]#[O+],C12 H10 N2 O6 W1,0.0,NCCN[C](c1ccco1)->[W](<-[C-]#[O+])(<-[C-]#[O+])(<-[C-]#[O+])(<-[C-]#[O+])<-[C-]#[O+],NCCN[C](c1ccco1)->[W](<-[C-]#[O+])(<-[C-]#[O+])(<-[C-]#[O+])(<-[C-]#[O+])<-[C-]#[O+],NCCN[C](c1ccco1)->[W](<-[C-]#[O+])(<-[C-]#[O+])(<-[C-]#[O+])(<-[C-]#[O+])<-[C-]#[O+]
SINWIW,[I-]->[Zn+2]12<-n3ccccc3CN(Cc3ccccn->13)Cc1ccccn->21,C18 H18 I1 N4 Zn1 1+,1.0,[I-]->[Zn+2]123<-n4ccccc4CN->1(Cc1ccccn->21)Cc1ccccn->31,[I-]->[Zn+2]123<-n4ccccc4CN->1(Cc1ccccn->21)Cc1ccccn->31,[I-]->[Zn+2]123<-n4ccccc4CN->1(Cc1ccccn->21)Cc1ccccn->31
SIPQAJ,CCP(CC)(CC)->[Pt+4]1(<-[Br-])(<-[Br-])(<-[c-]2ccccc2-c2cccc[c-]->12)<-P(CC)(CC)CC,C24 H38 Br2 P2 Pt1,0.0,CCP(CC)(CC)->[Pt+4]1(<-[Br-])(<-[Br-])(<-[c-]2ccccc2-c2cccc[c-]->12)<-P(CC)(CC)CC,CCP(CC)(CC)->[Pt+4]1(<-[Br-])(<-[Br-])(<-[c-]2ccccc2-c2cccc[c-]->12)<-P(CC)(CC)CC,CCP(CC)(CC)->[Pt+4]1(<-[Br-])(<-[Br-])(<-[c-]2ccccc2-c2cccc[c-]->12)<-P(CC)(CC)CC
SIQMIO,,C10 H24 Cl1 Mn1 N5 O4 1+,1.0,[N-3]->[Mn+5]123(<-[O-][Cl+3]([O-])([O-])[O-])<-N4CCCN->1CCN->2CCCN->3CC4,[N-3]->[Mn+11]123<-N4CCCN->1CCN->2CCCN->3CC4.[O-2].[O-2].[O-2].[O-]Cl,[N-3]->[Mn+11]123(<-[O-2])<-N4CCCN->1CCN->2CCCN->3CC4.[O-2].[O-2].[O-]Cl
SIRLEN,[O+]#[C-]->[Mn+]1234(<-[C-]#[O+])(<-[C-]#[O+])<-c5c->1c->2[c-]->3([C@H]1Nc2ccccc2CO1)c->45,C16 H12 Mn1 N1 O4,0.0,[O+]#[C-]->[Mn+]1234(<-[C-]#[O+])(<-[C-]#[O+])<-c5c->1c->2(C1Nc2ccccc2CO1)c->3[cH-]->45,[O+]#[C-]->[Mn+]1234(<-[C-]#[O+])(<-[C-]#[O+])<-c5c->1[cH-]->2c->3(C1Nc2ccccc2CO1)c->45,[O+]#[C-]->[Mn+]1234(<-[C-]#[O+])(<-[C-]#[O+])<-c5c->1[cH-]->2c->3(C1Nc2ccccc2CO1)c->45
SIRYOK,,C19 H33 Mo1 N1 O5,0.0,CO->[Mo+6]12(<-[O-2])(<-[O-2])<-[O-]CCN->1(C)Cc1cc(C(C)(C)C)cc(C(C)(C)C)c1[O-]->2,CO->[Mo+6]12(<-[O-2])(<-[O-2])<-[O-]CCN->1(C)Cc1cc(C(C)(C)C)cc(C(C)(C)C)c1[O-]->2,CC(C)(C)c1cc2c(c(C(C)(C)C)c1)[O-]->[Mo+6]1(<-[O-2])(<-[O-2])<-[O-]CCN->1(C)C2.CO
SISZEB,COc1ccccc1/C1=N/N2=C/c3cccc(OC)c3[O-]->[Mo+6]<-2(<-[O-2])(<-[O-2])(<-O)<-[O-]1,C16 H16 Mo1 N2 O7,0.0,COc1ccccc1C1=NN2=Cc3cccc(OC)c3[O-]->[Mo+6]<-2(<-[O-2])(<-[O-2])(<-O)<-[O-]1,COc1ccccc1C1=NN2=Cc3cccc(OC)c3[O-]->[Mo+6]<-2(<-[O-2])(<-[O-2])(<-O)<-[O-]1,COc1ccccc1C1=NN2->[Mo+6](<-[O-2])(<-[O-2])(<-[O-]1)<-[O-]c1c(cccc1OC)C=2.O
SITZUT,[Cl-]->[Cu+](<-[Se]=c1cccc[nH]1)(<-P(c1ccccc1)(c1ccccc1)c1ccccc1)<-P(c1ccccc1)(c1ccccc1)c1ccccc1,C41 H35 Cl1 Cu1 N1 P2 Se1,0.0,[Cl-]->[Cu+](<-[Se-]c1cccc[nH+]1)(<-P(c1ccccc1)(c1ccccc1)c1ccccc1)<-P(c1ccccc1)(c1ccccc1)c1ccccc1,[Cl-]->[Cu+](<-[Se]=c1cccc[nH]1)(<-P(c1ccccc1)(c1ccccc1)c1ccccc1)<-P(c1ccccc1)(c1ccccc1)c1ccccc1,[Cl-]->[Cu+](<-P(c1ccccc1)(c1ccccc1)c1ccccc1)<-P(c1ccccc1)(c1ccccc1)c1ccccc1.[Se]=c1cccc[nH]1
SIWCIL,CC#N->[Pd@@+2]1(<-[c-]2ccccc2/C=N->1/CCOC)<-P(c1ccccc1)(c1ccccc1)c1ccccc1,C30 H30 N2 O1 P1 Pd1 1+,1.0,CC#N->[Pd+2]1(<-[c-]2ccccc2C=N->1CCOC)<-P(c1ccccc1)(c1ccccc1)c1ccccc1,CC#N->[Pd+2]1(<-[c-]2ccccc2C=N->1CCOC)<-P(c1ccccc1)(c1ccccc1)c1ccccc1,CC#N->[Pd+2]1(<-[c-]2ccccc2C=N->1CCOC)<-P(c1ccccc1)(c1ccccc1)c1ccccc1
SIWXON,CC1/C=C(/C)[O-]->[Pt+2]2(<-O=1)<-[C]1N(C)C(C(C)(C)C)=CN1c1ccc(C#N)c[c-]->21,C20 H23 N3 O2 Pt1,0.0,fail,CC1=CC(C)=O->[Pt+2]2(<-[O-]1)<-[C]1N(C)C(C(C)(C)C)=CN1c1ccc(C#N)c[c-]->21,CC1=CC(C)=O->[Pt+2]2(<-[O-]1)<-[C]1N(C)C(C(C)(C)C)=CN1c1ccc(C#N)c[c-]->21
SIXCIO,COc1ccc2/C=N3/N=C(\[O-]->[Mo+6]<-3(<-[O-2])(<-[O-2])(<-O)<-[O-]c2c1)c1ccc(N)cc1,C15 H15 Mo1 N3 O6,0.0,COc1ccc2C=N3N=C([O-]->[Mo+6]<-3(<-[O-2])(<-[O-2])(<-O)<-[O-]c2c1)c1ccc(N)cc1,COc1ccc2C=N3N=C([O-]->[Mo+6]<-3(<-[O-2])(<-[O-2])(<-O)<-[O-]c2c1)c1ccc(N)cc1,COc1ccc2c(c1)[O-]->[Mo+6]1(<-[O-2])(<-[O-2])<-[O-]C(c3ccc(N)cc3)=NN->1=C2.O
SIYNUL,CC(C)c1cccc(C(C)C)c1[N-]1/C=C2/C=CC=C/C2=N2\c3cccc4cccn(->[Ni@TB5+2]<-2<-1<-[Cl-])c34,C28 H28 Cl1 N3 Ni1,0.0,CC(C)c1cccc(C(C)C)c1N1=Cc2ccccc2[N-]2c3cccc4cccn(->[Ni+2]<-1<-2<-[Cl-])c34,CC(C)c1cccc(C(C)C)c1[N-]1C=C2C=CC=CC2=N2c3cccc4cccn(->[Ni+2]<-2<-1<-[Cl-])c34,CC(C)c1cccc(C(C)C)c1[N-]1C=C2C=CC=CC2=N2c3cccc4cccn(->[Ni+2]<-2<-1<-[Cl-])c34
SIZPOI,CC(=O)[O-]->[Zn+2](<-[O-]C(C)=O)(<-n1c(CNc2ccccc2Br)[nH]c2ccccc21)<-n1c(CNc2ccccc2Br)[nH]c2ccccc21,C32 H30 Br2 N6 O4 Zn1,0.0,CC(=O)[O-]->[Zn+2](<-[O-]C(C)=O)(<-n1c(CNc2ccccc2Br)[nH]c2ccccc21)<-n1c(CNc2ccccc2Br)[nH]c2ccccc21,CC(=O)[O-]->[Zn+2](<-[O-]C(C)=O)(<-n1c(CNc2ccccc2Br)[nH]c2ccccc21)<-n1c(CNc2ccccc2Br)[nH]c2ccccc21,CC12=O->[Zn+2]<-134(<-O=C->3(C)[O-]->4)(<-[O-]2)(<-n1c(CNc2ccccc2Br)[nH]c2ccccc21)<-n1c(CNc2ccccc2Br)[nH]c2ccccc21
SOBKEB,CN(C)c1ccn(->[Ni+2]23<-[O-]/C(=C\C(=N->2\N=C(/[O-]->3)c2cccs2)C(F)(F)F)c2cccs2)cc1,C20 H17 F3 N4 Ni1 O2 S2,0.0,CN(C)c1ccn(->[Ni+2]23<-[O-]C(=CC(=N->2N=C([O-]->3)c2cccs2)C(F)(F)F)c2cccs2)cc1,CN(C)c1ccn(->[Ni+2]23<-[O-]C(=CC(=N->2N=C([O-]->3)c2cccs2)C(F)(F)F)c2cccs2)cc1,CN(C)c1ccn(->[Ni+2]23<-[O-]C(=CC(=N->2N=C([O-]->3)c2cccs2)C(F)(F)F)c2cccs2)cc1
SODROS,,C19 H19 N1 O3 W1,0.0,CN1CCC[C]1->[W+2]1234(<-[C-]#[O+])(<-[C-]#[O+])(<-[C-](=O)c5ccccc5)<-c5c->1c->2[cH-]->3c->45,CN1CCC[C]1->[W+2]1234(<-[C-]#[O+])(<-[C-]#[O+])(<-[C-](=O)c5ccccc5)<-c5c->1c->2[cH-]->3c->45,CN1CCC[C]1->[W+2]1234(<-[C-]#[O+])(<-[C-]#[O+])(<-[C-](=O)c5ccccc5)<-c5c->1c->2[cH-]->3c->45
SOFFUQ,,C26 H24 Cl1 N4 O5 Zn1 1+,1.0,[O-][Cl+3]([O-])([O-])[O-]->[Zn+2]123(<-O)<-n4ccccc4CN->1(Cc1ccc4ccccc4n->21)Cc1ccc2ccccc2n->31,O->[Zn+8]123<-n4ccccc4CN->1(Cc1ccc4ccccc4n->21)Cc1ccc2ccccc2n->31.[O-2].[O-2].[O-2].[O-]Cl,[O-2].[O-2].[O-2]->[Zn+8]123(<-O)<-n4ccccc4CN->1(Cc1ccc4ccccc4n->21)Cc1ccc2ccccc2n->31.[O-]Cl
SOFZOF,C/C1c2ccccn2->[Fe+2]23(<-[O-2])(<-C=C->2[SiH2+](C)C)(<-[CH2-]C->3=[Si](C)C)<-N=1\c1c(C(C)C)cccc1C(C)C,C27 H42 Fe1 N2 O1 Si2,0.0,CC1c2ccccn2->[Fe]234(<-C=C->2[Si](C)(C)O[Si](C)(C)C->3=C->4)<-N=1c1c(C(C)C)cccc1C(C)C,CC1c2ccccn2->[Fe]234(<-C=C->2[Si](C)(C)O[Si](C)(C)C->3=C->4)<-N=1c1c(C(C)C)cccc1C(C)C,CC1c2ccccn2->[Fe]2345(<-C=C->2[Si](C)(C)O->3[Si](C)(C)C->4=C->5)<-N=1c1c(C(C)C)cccc1C(C)C
SOHFOL,NC1=[N+]=N2/C=C3/C=C(Br)C=CC3=O->[Cu+]<-2<-[O-]S([O-])([O-])O[S@]1=O,C8 H9 Br1 Cu1 N3 O6 S2 1-,-1.0,NC1NN2=Cc3cc(Br)ccc3[O-]->[Cu+2]<-2(<-O)(<-[O-]S(=O)(=O)[O-])<-S=1,NC1=NN2=Cc3cc(Br)ccc3[O-]->[Cu+5]<-2(<-[O-2])(<-[O-]S(=O)(=O)[O-])<-[S-]1,NC1N=N2C=C3C=C(Br)C=CC3=O->[Cu+]<-23<-[O-]S=1OS(=O)(=O)[O-]->3
SOJSAN,,C36 H38 Ir1 N5,0.0,CC[N-]1C(c2ccccc2)=N(CCCN(C)C)->[Ir+3]<-123(<-[c-]1ccccc1-c1ccccn->21)<-[c-]1ccccc1-c1ccccn->31,CCN1=C(c2ccccc2)[N-](CCCN(C)C)->[Ir+3]<-123(<-[c-]1ccccc1-c1ccccn->21)<-[c-]1ccccc1-c1ccccn->31,CCN1=C(c2ccccc2)[N-](CCCN(C)C)->[Ir+3]<-123(<-[c-]1ccccc1-c1ccccn->21)<-[c-]1ccccc1-c1ccccn->31
SOKSAN,[O-2]->[V+5](<-[F-])(<-[F-])(<-[F-])(<-[O-][n+]1ccccc1)<-[O-][n+]1ccccc1,C10 H10 F3 N2 O3 V1,0.0,[O-2]->[V+3](<-[F-])(<-[F-])(<-[F-])(<-[O-][n+]1ccccc1)<-[O-][n+]1ccccc1,[O-2]->[V+5](<-[F-])(<-[F-])(<-[F-])(<-[O-][n+]1ccccc1)<-[O-][n+]1ccccc1,[O-2]->[V+5](<-[F-])(<-[F-])(<-[F-])<-[O-][n+]1ccccc1.[O-][n+]1ccccc1
SOLYEZ,O=[N+]([O-])[O-]->[Ag+]1<-n2ccccc2CN(Cc2c3ccccc3cc3ccccc23)Cc2ccccn->12,C27 H23 Ag1 N4 O3,0.0,O=[N+]([O-])[O-]->[Ag+]12<-n3ccccc3CN->1(Cc1c3ccccc3cc3ccccc13)Cc1ccccn->21,O=[N+]([O-])[O-].c1ccn2->[Ag+]<-n3ccccc3CN(Cc3c4ccccc4cc4ccccc34)Cc2c1,O=[N+]1[O-]->[Ag+]234(<-[O-]1)<-c1cccc5cc6ccccc6c(CN->2(Cc2ccccn->32)Cc2ccccn->42)c51
SOMNEO,CC#N->[Ru+2]123(<-N=C4C=CC=CC4=N->1)<-n1c(-c4nc5ccccc5[n-]->24)cccc1-c1nc2ccccc2[n-]->31,C27 H20 N8 Ru1,0.0,CC#N->[Ru+2]123(<-N=C4C=CC=CC4=N->1)<-n1c(-c4nc5ccccc5[n-]->24)cccc1-c1nc2ccccc2[n-]->31,CC#N->[Ru+2]123(<-N=C4C=CC=CC4=N->1)<-n1c(-c4nc5ccccc5[n-]->24)cccc1-c1nc2ccccc2[n-]->31,CC#N->[Ru+2]123(<-N=C4C=CC=CC4=N->1)<-n1c(-c4nc5ccccc5[n-]->24)cccc1-c1nc2ccccc2[n-]->31
SONFIK,CC[N+]1/N=N(/c2ccc([N+](=O)[O-])cc2)->[Ni-2]2(<-O=1)<-O=[N+](CC)/N=N->2/c1ccc([N+](=O)[O-])cc1,C16 H18 N8 Ni1 O6,0.0,CC[N+]1=N[N-](c2ccc([N+](=O)[O-])cc2)->[Ni+2]2(<-[O-]1)<-[O-][N+](CC)=N[N-]->2c1ccc([N+](=O)[O-])cc1,CCN1N=N(c2ccc([N+](=O)[O-])cc2)->[Ni+2]2(<-[O-]1)<-[O-]N(CC)N=N->2c1ccc([N+](=O)[O-])cc1,CCN1N=N(c2ccc([N+](=O)[O-])cc2)->[Ni+2]2(<-[O-]1)<-[O-]N(CC)N=N->2c1ccc([N+](=O)[O-])cc1
SOPJUC,,C20 H17 Cl1 N2 O1 Pt1 S1,0.0,Cc1ccc2N=N3c4ccccc4S(=O)(Cc4ccccc4)->[Pt+2]<-3(<-[Cl-])<-[c-]2c1,Cc1ccc2N=N3c4ccccc4S(=O)(Cc4ccccc4)->[Pt+2]<-3(<-[Cl-])<-[c-]2c1,Cc1ccc2N=N3c4ccccc4S(=O)(Cc4ccccc4)->[Pt+2]<-3(<-[Cl-])<-[c-]2c1
SOQLIV,CCCc12->[Co+]345(<-[C-]#[O+])(<-[C-]#[O+])<-c1([Si](C)(C)c1ccccc1)c->3(O)[c-]->4([Si](C)(C)c1ccccc1)c->52CCC,C29 H37 Co1 O3 Si2,0.0,CCCc12->[Co+]345(<-[C-]#[O+])(<-[C-]#[O+])<-c(O)(c->31[Si](C)(C)c1ccccc1)c->4([Si](C)(C)c1ccccc1)[c-]->52CCC,CCCc12->[Co+]345(<-[C-]#[O+])(<-[C-]#[O+])<-c1([Si](C)(C)c1ccccc1)c->3(O)[c-]->4([Si](C)(C)c1ccccc1)c->52CCC,CCCc12->[Co+]345(<-[C-]#[O+])(<-[C-]#[O+])<-c1([Si](C)(C)c1ccccc1)c->3(O)[c-]->4([Si](C)(C)c1ccccc1)c->52CCC
SOQZOO,,C20 H33 N1 O5 W1,0.0,CC(C)(C)c1cc2CN3(C)CC[O-]->[W+6]<-34(<-[O-2])(<-[O-]CC[O-]->4)<-[O-]c2c(C(C)(C)C)c1,CC(C)(C)c1cc2CN3(C)CC[O-]->[W+6]<-34(<-[O-2])(<-[O-]CC[O-]->4)<-[O-]c2c(C(C)(C)C)c1,CC(C)(C)c1cc2CN3(C)CC[O-]->[W+6]<-34(<-[O-2])(<-[O-]CC[O-]->4)<-[O-]c2c(C(C)(C)C)c1
SOSHIS,CC1=O->[Zn+2]23(<-O=C(C)[O-]->2)(<-[O-]1)<-N(Cc1ccccn->31)=C1N(C)CCN1C,C15 H22 N4 O4 Zn1,0.0,CC(=O)[O-]->[Zn+2]1(<-[O-]C(C)=O)<-N(Cc2ccccn->12)=C1N(C)CCN1C,CC(=O)[O-]->[Zn+2]1(<-[O-]C(C)=O)<-N(Cc2ccccn->12)=C1N(C)CCN1C,CN1CCN(C)C1=N1Cc2ccccn2->[Zn+2]<-12345(<-O=C->2(C)[O-]->3)<-O=C->4(C)[O-]->5
SOSXAZ,CO1CC[O-]->[Mo+6]<-12(<-[O-2])(<-[O-2])<-[O-]CCO->2C,C6 H14 Mo1 O6,0.0,CO1CC[O-]->[Mo+6]<-12(<-[O-2])(<-[O-2])<-[O-]CCO->2C,CO1CC[O-]->[Mo+6]<-12(<-[O-2])(<-[O-2])<-[O-]CCO->2C,COCC[O-]->[Mo+6](<-[O-2])(<-[O-2])<-[O-]CCOC
SOTQOK,CC(C)(C)[N-2]->[Mo+6]1(<-[Cl-])(<-[Cl-])(<-[N-2]C(C)(C)C)<-P(C)(C)CCP->1(C)C,C14 H34 Cl2 Mo1 N2 P2,0.0,CC(C)(C)[N-2]->[Mo+6]1(<-[Cl-])(<-[Cl-])(<-[N-2]C(C)(C)C)<-P(C)(C)CCP->1(C)C,CC(C)(C)[N-2]->[Mo+6]1(<-[Cl-])(<-[Cl-])(<-[N-2]C(C)(C)C)<-P(C)(C)CCP->1(C)C,CC(C)(C)[N-2]->[Mo+6]1(<-[Cl-])(<-[Cl-])(<-[N-2]C(C)(C)C)<-P(C)(C)CCP->1(C)C
SOVFIT,CC(=O)[O-]->[Pd@OH4+2]12<-N3=C(/N=c4/cc5c(c[n-]->14)[C@@H]1C[C@H](C5)C1(C)C)c1ccccc1/C3=N/c1cc3c(cn->21)[C@@H]1C[C@H](C3)C1(C)C,C34 H35 N5 O2 Pd1,0.0,CC(=O)[O-]->[Pd+2]12<-n3cc4c(cc3N=C3c5ccccc5C(=Nc5cc6c(cn->15)C1CC(C6)C1(C)C)[N-]->23)CC1CC4C1(C)C,CC(=O)[O-]->[Pd+2]12<-N3=C(N=c4cc5c(c[n-]->14)C1CC(C5)C1(C)C)c1ccccc1C3=Nc1cc3c(cn->21)C1CC(C3)C1(C)C,CC(=O)[O-]->[Pd+2]12<-N3=C(N=c4cc5c(c[n-]->14)C1CC(C5)C1(C)C)c1ccccc1C3=Nc1cc3c(cn->21)C1CC(C3)C1(C)C
SOVZOT,,C21 H33 B1 N8 O4 P1 W1 1+,1.0,COC1C(OC)[N+](C(C)=O)=CC2->[W+2]34(<-[N-]=O)(<-C=21)(<-n1cccn1[BH-](n1cccn->31)n1cccn->41)<-P(C)(C)C,COC1C(OC)N(C(C)=O)[CH-]2->[W+4]345(<-[N-]=O)(<-C1=C->32)(<-n1cccn1[BH-](n1cccn->41)n1cccn->51)<-P(C)(C)C,COC1C(OC)N(C(C)=O)[CH-]2->[W+4]345(<-[N-]=O)(<-C1=C->32)(<-n1cccn1[BH-](n1cccn->41)n1cccn->51)<-P(C)(C)C
SOWNUQ,[Cl-]->[Mn@TB20+3]123<-[O-]c4ccc5cccc6c5c4/C(=N->1/CC/N->2=C1\C=Cc2cccc4ccc([O-]->3)c1c24)C=C6,C28 H18 Cl1 Mn1 N2 O2,0.0,[Cl-]->[Mn+3]123<-O=C4C=Cc5cccc6ccc([N-]->1CC[N-]->2c1ccc2cccc7c2c1C(=O->3)C=C7)c4c56,[Cl-]->[Mn+5]123<-[O-]c4ccc5cccc6c5c4C(=N->1CC[N-]->2c1ccc2c4c(ccc([O-]->3)c14)[CH-]C=C2)C=C6,[Cl-]->[Mn+5]123<-[O-]c4ccc5cccc6c5c4C(=N->1CC[N-]->2c1ccc2c4c(ccc([O-]->3)c14)[CH-]C=C2)C=C6
SOWVOR,Cc1cc(C)c(N2C=C[N-]3->[Re+](<-[C-]#[O+])(<-[C-]#[O+])(<-[C-]#[O+])(<-C(=NC(C)(C)C)=C23)<-n2ccn(-c3c(C)cc(C)cc3C)c2)c(C)c1,C32 H36 N5 O3 Re1,0.0,Cc1cc(C)c(-n2ccn(->[Re+]3(<-[C-]#[O+])(<-[C-]#[O+])(<-[C-]#[O+])<-[C-](=NC(C)(C)C)c4n(-c5c(C)cc(C)cc5C)ccn->34)c2)c(C)c1,Cc1cc(C)c(N2C=C[N-]3->[Re+](<-[C-]#[O+])(<-[C-]#[O+])(<-[C-]#[O+])(<-C(=NC(C)(C)C)=C23)<-n2ccn(-c3c(C)cc(C)cc3C)c2)c(C)c1,Cc1cc(C)c(N2C=C[N-]3->[Re+](<-[C-]#[O+])(<-[C-]#[O+])(<-[C-]#[O+])(<-C(=NC(C)(C)C)=C23)<-n2ccn(-c3c(C)cc(C)cc3C)c2)c(C)c1
SOXQIG,Cc1cccc(C)c1[O-]->[Zr+4]123456789(<-[O-]c%10c(C)cccc%10C)<-c%10c->1(C)[c-]->2([Si](C)(C)[c-]->31c->4(C)c->5c->62ccccc->721)c->81ccccc->9%101,C38 H40 O2 Si1 Zr1,0.0,Cc1cccc(C)c1[O-]->[Zr+4]123456789(<-[O-]c%10c(C)cccc%10C)<-[cH-]%10c->1(C)c->2([Si](C)(C)c->31c->4(C)[cH-]->5c->62ccccc->712)c->81ccccc->9%101,Cc1cccc(C)c1[O-]->[Zr+4]123456789(<-[O-]c%10c(C)cccc%10C)<-c%10c->1(C)[c-]->2([Si](C)(C)[c-]->31c->4(C)c->5c->62ccccc->721)c->81ccccc->9%101,Cc1cccc(C)c1[O-]->[Zr+4]123456789(<-[O-]c%10c(C)cccc%10C)<-c%10c->1(C)[c-]->2([Si](C)(C)[c-]->31c->4(C)c->5c->62ccccc->721)c->81ccccc->9%101
SOZCAO,CC1=C/C(C)=N2\N[C-]([O-]->[Ni@SP3+2]<-23<-O=C(/N=N->3/1)c1ccccc1O)c1ccccc1O,C19 H18 N4 Ni1 O4,0.0,CC1=CC(C)=N2NC(=O->[Ni+2]<-23<-O=C(N[N-]->31)c1ccccc1[O-])c1ccccc1O,CC1=CC(C)=N2NC([O-]->[Ni+2]<-23<-O=C(N[N-]->31)c1ccccc1O)=C1C=CC=CC1=O,CC1=CC(C)=N2NC(=O->[Ni]<-23<-O=C(N=N->31)c1ccccc1O)c1ccccc1O
SUBYUJ,CC(C)[C@H]1C[C@H]2[c-]34->[Ti+4]56789%10%11(<-[Cl-])(<-[Cl-])(<-c%12c->5[c-]->6([C@@H]1C[C@@H]2C(C)C)c->71ccccc->8%121)<-c(c->93)c->%101ccccc->%1114,C30 H34 Cl2 Ti1,0.0,CC(C)C1CC2c34->[Ti+4]56789%10%11(<-[Cl-])(<-[Cl-])(<-c3c->5[c-]->63ccccc->743)<-c3[cH-]->8c->9(C1CC2C(C)C)c->%101ccccc->%1131,CC(C)C1CC2[c-]34->[Ti+4]56789%10%11(<-[Cl-])(<-[Cl-])(<-c%12c->5[c-]->6(C1CC2C(C)C)c->71ccccc->8%121)<-c(c->93)c->%101ccccc->%1114,CC(C)C1CC2[c-]34->[Ti+4]5678(<-[Cl-])(<-[Cl-])(<-c9c(C1CC2C(C)C)c1ccccc1[cH-]->59)<-c(c->63)c->71ccccc->814
SUCZUL,CN(C)/[C-]1=N/C(c2ccccc2)=C23->[Mn+]<-1456(<-[C-]#[O+])(<-[C-]#[O+])<-C(=C->42)C->5=C->63,C17 H15 Mn1 N2 O2,0.0,CN(C)[C]1N=C(c2ccccc2)c23->[Mn+]<-1456(<-[C-]#[O+])(<-[C-]#[O+])<-c(c->4[cH-]->52)c->63,CN(C)[C-]1=NC(c2ccccc2)=C23->[Mn+]<-1456(<-[C-]#[O+])(<-[C-]#[O+])<-C(=C->42)C->5=C->63,CN(C)[C-]1=NC(c2ccccc2)=C23->[Mn+]<-1456(<-[C-]#[O+])(<-[C-]#[O+])<-C(=C->42)C->5=C->63
SUFJUA,CCC1(CC)CC(C)(C)N(c2c(C(C)C)cccc2C(C)C)[C]1->[Cu+]12<-[H][BH2-]->1[H]->2,C22 H39 B1 Cu1 N1,0.0,CCC1(CC)CC(C)(C)N(c2c(C(C)C)cccc2C(C)C)[C]1->[Cu+]1<-[H][BH2-][H]->1,B->[CuH]<-[C]1N(c2c(C(C)C)cccc2C(C)C)C(C)(C)CC1(CC)CC,B.CCC1(CC)CC(C)(C)N(c2c(C(C)C)cccc2C(C)C)[C]1->[CuH]
SUGNOZ,N[C](c1ccco1)->[Mo]1(<-[C-]#[O+])(<-[C-]#[O+])(<-[C-]#[O+])<-P(CCP->1(c1ccccc1)c1ccccc1)(c1ccccc1)c1ccccc1,C34 H29 Mo1 N1 O4 P2,0.0,N[C](c1ccco1)->[Mo]1(<-[C-]#[O+])(<-[C-]#[O+])(<-[C-]#[O+])<-P(CCP->1(c1ccccc1)c1ccccc1)(c1ccccc1)c1ccccc1,N[C](c1ccco1)->[Mo]1(<-[C-]#[O+])(<-[C-]#[O+])(<-[C-]#[O+])<-P(CCP->1(c1ccccc1)c1ccccc1)(c1ccccc1)c1ccccc1,N[C](c1ccco1)->[Mo]1(<-[C-]#[O+])(<-[C-]#[O+])(<-[C-]#[O+])<-P(CCP->1(c1ccccc1)c1ccccc1)(c1ccccc1)c1ccccc1
SULGUB,CC1=[C-]2->[Zr+4]3456789%10(<-c%11c->3c->4[cH-]->5c->6%11)(<-c3c->7c->8[cH-]->9c->%103)(<-[CH-]2CCC1)<-P(C)(C)C,C20 H29 P1 Zr1,0.0,CC1=[C-]2->[Zr+4]3456789%10(<-c%11c->3c->4[cH-]->5c->6%11)(<-c3c->7c->8[cH-]->9c->%103)(<-[CH-]2CCC1)<-P(C)(C)C,CC1=C2->[Zr+2]3456789%10(<-C=2CCC1)(<-c1c->3c->4[cH-]->5c->61)(<-c1c->7c->8[cH-]->9c->%101)<-P(C)(C)C,CC1=C2->[Zr+2]3456789%10(<-C=2CCC1)(<-c1c->3c->4[cH-]->5c->61)(<-c1c->7c->8[cH-]->9c->%101)<-P(C)(C)C
SUMTEA,CC1=C(C)SC(=C2SC3P(c4ccccc4)(c4ccccc4)->[Pt+2]4(<-[S-]C5=C([S-]->4)SCCS5)<-P(C=3S2)(c2ccccc2)c2ccccc2)S1,C36 H30 P2 Pt1 S8,0.0,CC1=C(C)SC(=C2SC3P(c4ccccc4)(c4ccccc4)->[Pt+2]4(<-[S-]C5=C([S-]->4)SCCS5)<-P(C=3S2)(c2ccccc2)c2ccccc2)S1,CC1=C(C)SC(=C2SC3P(c4ccccc4)(c4ccccc4)->[Pt]4(<-S=C5SCCSC5=S->4)<-P(C=3S2)(c2ccccc2)c2ccccc2)S1,CC1=C(C)SC(=C2SC3P(c4ccccc4)(c4ccccc4)->[Pt]4(<-S=C5SCCSC5=S->4)<-P(C=3S2)(c2ccccc2)c2ccccc2)S1
SUPNAT,,C10 H16 B1 N1 Zr1,0.0,[H]1[BH2-]N->[ZrH+3]<-123456789(<-c1c->2c->3[cH-]->4c->51)<-c1c->6c->7[cH-]->8c->91,B1N->[ZrH2+2]<-123456789(<-c1c->2c->3[cH-]->4c->51)<-c1c->6c->7[cH-]->8c->91,B1N->[ZrH2+2]<-123456789(<-c1c->2c->3[cH-]->4c->51)<-c1c->6c->7[cH-]->8c->91
SUQRAX,CO[C]([C@H](OC(C)=O)[C@@H](OC(C)=O)[C@@H](OC(C)=O)[C@@H](COC(C)=O)OC(C)=O)->[Cr](<-[C-]#[O+])(<-[C-]#[O+])(<-[C-]#[O+])(<-[C-]#[O+])<-[C-]#[O+],C22 H24 Cr1 O16,0.0,CO[C-2](C(OC(C)=O)C(OC(C)=O)C(OC(C)=O)C(COC(C)=O)OC(C)=O)->[Cr+2](<-[C-]#[O+])(<-[C-]#[O+])(<-[C-]#[O+])(<-[C-]#[O+])<-[C-]#[O+],CO[C](C(OC(C)=O)C(OC(C)=O)C(OC(C)=O)C(COC(C)=O)OC(C)=O)->[Cr](<-[C-]#[O+])(<-[C-]#[O+])(<-[C-]#[O+])(<-[C-]#[O+])<-[C-]#[O+],CO[C](C(OC(C)=O)C(OC(C)=O)C(OC(C)=O)C(COC(C)=O)OC(C)=O)->[Cr](<-[C-]#[O+])(<-[C-]#[O+])(<-[C-]#[O+])(<-[C-]#[O+])<-[C-]#[O+]
SURLIB,,C30 H31 F6 Ir1 N2 O4,0.0,CC(C)(C)c1ccn2->[Ir+3]34(<-C=C->3)(<-[O-]C(=O)C(F)(F)F)(<-[O-]C(=O)C(F)(F)F)<-[c-]3ccccc3-c3cc(C(C)(C)C)cc(-c2c1)n->43,CC(C)(C)c1ccn2->[Ir+3]34(<-C=C->3)(<-[O-]C(=O)C(F)(F)F)(<-[O-]C(=O)C(F)(F)F)<-[c-]3ccccc3-c3cc(C(C)(C)C)cc(-c2c1)n->43,CC(C)(C)c1ccn2->[Ir+3]34(<-C=C->3)(<-[O-]C(=O)C(F)(F)F)(<-[O-]C(=O)C(F)(F)F)<-[c-]3ccccc3-c3cc(C(C)(C)C)cc(-c2c1)n->43
SUSQUS,CN1(C)CCP(c2ccccc2)(c2ccccc2)->[Ru+2]<-12(<-[Cl-])(<-[Cl-])<-N(C)(C)CCP->2(c1ccccc1)c1ccccc1,C32 H40 Cl2 N2 P2 Ru1,0.0,CN1(C)CCP(c2ccccc2)(c2ccccc2)->[Ru+2]<-12(<-[Cl-])(<-[Cl-])<-N(C)(C)CCP->2(c1ccccc1)c1ccccc1,CN1(C)CCP(c2ccccc2)(c2ccccc2)->[Ru+2]<-12(<-[Cl-])(<-[Cl-])<-N(C)(C)CCP->2(c1ccccc1)c1ccccc1,CN1(C)CCP(c2ccccc2)(c2ccccc2)->[Ru+2]<-12(<-[Cl-])(<-[Cl-])<-N(C)(C)CCP->2(c1ccccc1)c1ccccc1
SUVRAD,,C23 H24 F18 O5 W1,0.0,CO1CCO(C)->[W+6]<-1(<-[C-3]c1ccccc1)(<-[O-]C(C)(C(F)(F)F)C(F)(F)F)(<-[O-]C(C)(C(F)(F)F)C(F)(F)F)<-[O-]C(C)(C(F)(F)F)C(F)(F)F,CO1CCO(C)->[W+6]<-1(<-[C-3][c-]1[cH+][cH-][cH+][cH-][cH+]1)(<-[O-]C(C)(C(F)(F)F)C(F)(F)F)(<-[O-]C(C)(C(F)(F)F)C(F)(F)F)<-[O-]C(C)(C(F)(F)F)C(F)(F)F,CO1CCO(C)->[W+6]<-1(<-[C-3][c-]1[cH+][cH-][cH+][cH-][cH+]1)(<-[O-]C(C)(C(F)(F)F)C(F)(F)F)(<-[O-]C(C)(C(F)(F)F)C(F)(F)F)<-[O-]C(C)(C(F)(F)F)C(F)(F)F
SUWZOZ,,C22 H36 Cl2 O1 Si2 Ti1,0.0,Cc12->[Ti+4]3456789%10(<-[Cl-])(<-[Cl-])<-c%11(C)c->3(C)c->4(C)[c-]->5([Si](C)(C)O[Si](C)(C)c->61c->7(C)[c-]->8(C)c->92C)c->%10%11C,Cc12->[Ti+4]3456789%10(<-[Cl-])(<-[Cl-])<-c1(C)c->3(C)[c-]->4([Si](C)(C)O[Si](C)(C)[c-]->51c->6(C)c->7(C)c->8(C)c->91C)c->%102C,Cc12->[Ti+4]3456789%10(<-[Cl-])(<-[Cl-])<-c1(C)c->3(C)[c-]->4([Si](C)(C)O[Si](C)(C)[c-]->51c->6(C)c->7(C)c->8(C)c->91C)c->%102C
SUXVEN,CCOc1ccccc1N1=[N+]=N(c2cccc([N+](=O)[O-])c2)->[Hg-2]<-12<-N(=[N+]=N->2c1ccccc1OCC)c1cccc([N+](=O)[O-])c1,C28 H26 Hg1 N8 O6,0.0,CCO1c2ccccc2[N-]2N=N(c3cccc([N+](=O)[O-])c3)->[Hg+2]<-2<-134<-N(=N[N-]->3c1ccccc1O->4CC)c1cccc([N+](=O)[O-])c1,CCOc1ccccc1[N-](N=Nc1cccc([N+](=O)[O-])c1)->[Hg+2]<-[N-](N=Nc1cccc([N+](=O)[O-])c1)c1ccccc1OCC,CCOc1ccccc1N=N[N-]c1cccc([N+](=O)[O-])c1.CCOc1ccccc1N=N[N-]c1cccc([N+](=O)[O-])c1.[Hg+2]
SUYKAZ,O=C(O)C1=NC(=C2C=CNC=C2)N2->[Zn+2]3(<-O)(<-O)(<-[O-]C(=O)C=21)<-[O-]C(=O)C1=N->3C(=C2C=CNC=C2)N=C1C(=O)O,C20 H16 N6 O10 Zn1,0.0,O=C(O)c1nc(-c2cc[nH+]cc2)[n-]2->[Zn+2]3(<-O)(<-O)(<-[O-]C(=O)c12)<-[O-]C(=O)c1c(C(=O)O)nc(-c2cc[nH+]cc2)[n-]->31,O=C(O)C1=NC(=C2C=CNC=C2)N2->[Zn+2]3(<-O)(<-O)(<-[O-]C(=O)C=21)<-[O-]C(=O)C1=N->3C(=C2C=CNC=C2)N=C1C(=O)O,O=C(O)C1=NC(=C2C=CNC=C2)N2->[Zn+2]3(<-O)(<-O)(<-[O-]C(=O)C=21)<-[O-]C(=O)C1=N->3C(=C2C=CNC=C2)N=C1C(=O)O
SUYRAH,[O+]#[C-]->[Fe]123(<-[C-]#[O+])(<-c4c5nc6ccccc6nc5c->1c->2c->34)<-P(CP(c1ccccc1)c1ccccc1)(c1ccccc1)c1ccccc1,C39 H30 Fe1 N2 O2 P2,0.0,[O+]#[C-]->[Fe]123(<-[C-]#[O+])(<-c4c5nc6ccccc6nc5c->1c->2c->34)<-P(CP(c1ccccc1)c1ccccc1)(c1ccccc1)c1ccccc1,[O+]#[C-]->[Fe+2]123(<-[C-]#[O+])(<-C4=C->1[CH-]->2c1nc2ccccc2nc1[CH-]->34)<-P(CP(c1ccccc1)c1ccccc1)(c1ccccc1)c1ccccc1,[O+]#[C-]->[Fe+2]123(<-[C-]#[O+])(<-C4=C->1[CH-]->2c1nc2ccccc2nc1[CH-]->34)<-P(CP(c1ccccc1)c1ccccc1)(c1ccccc1)c1ccccc1
TABSIB,Cc1cc(C)c(C)c(CN2c3ccccc3S#C2->[Ru+2]23456(<-[Cl-])(<-[Cl-])<-c7c->2c->3(C(C)C)c->4c->5c->67C)c1C,C28 H33 Cl2 N1 Ru1 S1,0.0,fail,Cc1cc(C)c(C)c(CN2c3ccccc3S#C2->[Ru+2]23456(<-[Cl-])(<-[Cl-])<-c7c->2c->3(C(C)C)c->4c->5c->67C)c1C,Cc1cc(C)c(C)c(CN2c3ccccc3S#C2->[Ru+2]23456(<-[Cl-])(<-[Cl-])<-c7c->2c->3(C(C)C)c->4c->5c->67C)c1C
TACGUA,c1ccc(CSC2/N=N3/C4=C([N-]5/N=C(/SCc6ccccc6)[S-]->[Ni@SP1+2]<-3<-5<-S=2)c2cccc3cccc4c23)cc1,C28 H20 N4 Ni1 S4,0.0,c1ccc(CSC2=NN3=C4C(=N5N=C(SCc6ccccc6)[S-]->[Ni+2]<-3<-5<-[S-]2)c2cccc3cccc4c23)cc1,c1ccc(CSC2N=N3C4=C(N5=NC(SCc6ccccc6)=S->[Ni]<-3<-5<-S=2)c2cccc3cccc4c23)cc1,c1ccc(CSC2=N[N-]3C4=C(N5=NC(SCc6ccccc6)=S->[Ni+2]<-5<-3<-[S-]2)c2cccc3cccc4c23)cc1
TACXUQ,C=C[C@@H](C)[C@@H]([N-][N+]#N)/C1=C2/C3=C(/C)->[Fe]<-3<-2<-1(<-[C-]#[O+])(<-[C-]#[O+])<-[C-]#[O+],C13 H15 Fe1 N3 O3,0.0,C=CC(C)C(N=[N+]=[N])C1=C2C3=C(C)->[Fe-]<-1<-3<-2(<-[C-]#[O+])(<-[C-]#[O+])<-[C-]#[O+],C=CC(C)C(N=N[N-2])C1=C2C3=C(C)->[Fe+2]<-1<-3<-2(<-[C-]#[O+])(<-[C-]#[O+])<-[C-]#[O+],C=CC(C)C(N=N[N-2])C1=C2C3=C(C)->[Fe+2]<-1<-3<-2(<-[C-]#[O+])(<-[C-]#[O+])<-[C-]#[O+]
TADTUP,COC(=O)c1ccn2->[Ru+2]3(<-[N-]=C=S)(<-[N-]=C=S)(<-[C]4N(Cc5cc(F)cc(F)c5)c5ccccc5N4c4cc(C)ccn->34)<-n3ccc(C(=O)OC)cc3-c2c1,C36 H27 F2 N7 O4 Ru1 S2,0.0,COC(=O)c1ccn2->[Ru+2]3(<-[N-]=C=S)(<-[N-]=C=S)(<-[C]4N(Cc5cc(F)cc(F)c5)c5ccccc5N4c4cc(C)ccn->34)<-n3ccc(C(=O)OC)cc3-c2c1,COC(=O)c1ccn2->[Ru+2]3(<-[N-]=C=S)(<-[N-]=C=S)(<-[C]4N(Cc5cc(F)cc(F)c5)c5ccccc5N4c4cc(C)ccn->34)<-n3ccc(C(=O)OC)cc3-c2c1,COC(=O)C1=CC2=C3C=C(C(=O)OC)C=C[N-]3->[Ru+4]3(<-[N-]=C=S)(<-[N-]=C=S)(<-[C]4N(Cc5cc(F)cc(F)c5)c5ccccc5N4c4cc(C)ccn->34)<-[N-]2C=C1
TAFFUD,,C21 H12 Cl1 N4 O5 Re1,0.0,O=C(NN=C1c2cccn3->[Re+](<-[Cl-])(<-[C-]#[O+])(<-[C-]#[O+])(<-[C-]#[O+])<-n4cccc1c4-c23)c1ccccc1O,O=C(NN=C1c2cccn3->[Re+](<-[Cl-])(<-[C-]#[O+])(<-[C-]#[O+])(<-[C-]#[O+])<-n4cccc1c4-c23)c1ccccc1O,O=C(NN=C1c2cccn3->[Re+](<-[Cl-])(<-[C-]#[O+])(<-[C-]#[O+])(<-[C-]#[O+])<-n4cccc1c4-c23)c1ccccc1O
TAHBOV,CC1=C(C)N(C(C)C)[C](->[Cu@OH29+]23<-N(=N->2\[C@]24C[C@H]5C[C@H](C[C@H](C5)C2)C4)/[N-]->3c2ccccc2)N1C(C)C,C27 H40 Cu1 N5,0.0,CC1=C(C)N(C(C)C)[C](->[Cu+]<-[N-](N=NC23CC4CC(CC(C4)C2)C3)c2ccccc2)N1C(C)C,CC1=C(C)N(C(C)C)[C](->[Cu+]<-[N-](N=NC23CC4CC(CC(C4)C2)C3)c2ccccc2)N1C(C)C,CC1=C(C)N(C(C)C)[C](->[Cu+]2<-N(=N[N-]->2c2ccccc2)C23CC4CC(CC(C4)C2)C3)N1C(C)C
TAHRUR,,C18 H23 Cl1 N1 O1 Ru1 Se1 1+,1.0,[Cl-]->[Ru+2]123456(<-c7c->1c->2c->3c->4c->57)<-[Se](CCN->61CCOCC1)c1ccccc1,[CH2-]CN1(->[Ru+4]23456(<-[Cl-])(<-[Se-]c7ccccc7)<-c7c->2c->3c->4c->5c->67)CCOCC1,[CH2-]CN1(->[Ru+4]23456(<-[Cl-])(<-[Se-]c7ccccc7)<-c7c->2c->3c->4c->5c->67)CCOCC1
TAHYOS,CC(C)(C)CC1=O->[Zn+2]2(<-O)(<-O)(<-O=C(CC(C)(C)C)[O-]->2)<-[O-]1,C12 H26 O6 Zn1,0.0,fail,CC(C)(C)CC1=O->[Zn+2]2(<-O)(<-O)(<-O=C(CC(C)(C)C)[O-]->2)<-[O-]1,CC(C)(C)CC12=O->[Zn+2]<-134(<-O)(<-O)(<-O=C->3(CC(C)(C)C)[O-]->4)<-[O-]2
TAJTEE,,C14 H44 P4 Ru1 Si1,0.0,C[SiH-](C)->[RuH+](<-P(C)(C)C)(<-P(C)(C)C)(<-P(C)(C)C)<-P(C)(C)C,C[SiH-](C)->[RuH+](<-P(C)(C)C)(<-P(C)(C)C)(<-P(C)(C)C)<-P(C)(C)C,C[SiH-](C)->[RuH+](<-P(C)(C)C)(<-P(C)(C)C)(<-P(C)(C)C)<-P(C)(C)C
TAKROP,,C22 H44 O2 Si4 W1 1-,-1.0,Cc12->[W+2]345(<-[C-]#[O+])(<-[C-]#[O+])(<-[SiH2-]C([Si](C)(C)C)([Si](C)(C)C)[Si](C)(C)C)<-c1(C)c->3(C)[c-]->4(C)c->52C,Cc12->[W+2]345(<-[C-]#[O+])(<-[C-]#[O+])(<-[SiH-2]C([Si](C)(C)C)([Si](C)(C)C)[Si](C)(C)C)<-c1(C)c->3(C)[c-]->4(C)c->52C,Cc12->[W+2]345(<-[C-]#[O+])(<-[C-]#[O+])(<-[SiH-2]C([Si](C)(C)C)([Si](C)(C)C)[Si](C)(C)C)<-c1(C)c->3(C)[c-]->4(C)c->52C
TALTUV,Cc1cc[n-]2->[Ti+4]3(<-[Cl-])(<-N(=c\2c1)/[Si](C)(C)C)(<-N(=c1/cc(C)cc[n-]->31)/[Si](C)(C)C)<-[N-](C)C,C20 H36 Cl1 N5 Si2 Ti1,0.0,Cc1ccn2->[Ti+4]3(<-[Cl-])(<-n4ccc(C)cc4[N-]->3[Si](C)(C)C)(<-[N-](C)C)<-[N-](c2c1)[Si](C)(C)C,Cc1ccn2->[Ti+4]3(<-[Cl-])(<-N(=c4cc(C)cc[n-]->34)[Si](C)(C)C)(<-[N-](C)C)<-[N-](c2c1)[Si](C)(C)C,Cc1ccn2->[Ti+4]3(<-[Cl-])(<-N(=c4cc(C)cc[n-]->34)[Si](C)(C)C)(<-[N-](C)C)<-[N-](c2c1)[Si](C)(C)C
TAMPUT,,C24 H19 Mn1 O2,0.0,Cc1ccc([C-2](C#Cc2ccccc2)->[Mn+3]2345(<-[C-]#[O+])(<-[C-]#[O+])<-c6c->2c->3(C)c->4[cH-]->56)cc1,Cc1ccc([C-](=C=C=C2C=C[CH-]C=C2)->[Mn+3]2345(<-[C-]#[O+])(<-[C-]#[O+])<-c6c->2[cH-]->3c->4(C)c->56)cc1,Cc1ccc([C-](=C=C=C2C=C[CH-]C=C2)->[Mn+3]2345(<-[C-]#[O+])(<-[C-]#[O+])<-c6c->2[cH-]->3c->4(C)c->56)cc1
TANKIC,,C25 H15 O4 Re1,0.0,fail,[O+]#[C-]->[Re+]1(<-[C-]#[O+])(<-[C-]#[O+])(<-[C-]#[O+])<-[C](C(c2ccccc2)=[C-]->1c1ccccc1)c1ccccc1,[O+]#[C-]->[Re+]1(<-[C-]#[O+])(<-[C-]#[O+])(<-[C-]#[O+])<-[C](C(c2ccccc2)=[C-]->1c1ccccc1)c1ccccc1
TAPDIY,O=N1/C=C2/C=CC=C[N-]2->[Co+3]<-123(<-N(=O)/C=C1/C=CC=C[N-]->21)<-N(=O)/C=C1/C=CC=C[N-]->31,C18 H15 Co1 N6 O3,0.0,[O]N1=Cc2ccccn2->[Co]<-123(<-N([O])=Cc1ccccn->21)<-N([O])=Cc1ccccn->31,O=N1C=C2C=CC=C[N-]2->[Co+3]<-123(<-N(=O)C=C1C=CC=C[N-]->21)<-N(=O)C=C1C=CC=C[N-]->31,O=N1C=C2C=CC=C[N-]2->[Co+3]<-123(<-N(=O)C=C1C=CC=C[N-]->21)<-N(=O)C=C1C=CC=C[N-]->31
TAPUFE,O=C1NC(=O)C23=N4c56->[Fe+2]<-4<-2(<-O)(<-O)(<-O)(<-O=C3N1)<-[O-]c5[nH]c(=O)[nH]c6=O,C8 H10 Fe1 N5 O9 1+,1.0,O=C1NC(=O)C2=N3c4c([O-]->[Fe+2]<-3(<-O)(<-O)(<-O)<-O=C2N1)[nH]c(=O)[nH]c4=O,O=c1[nH]c2[O-]->[Fe+4]3(<-O)(<-O)(<-O)<-[O-]c4[nH]c(=O)[nH]c(=O)c4[N-]->3c2c(=O)[nH]1,O=c1[nH]c2[O-]->[Fe+4]3(<-O)(<-O)(<-O)<-[O-]c4[nH]c(=O)[nH]c(=O)c4[N-]->3c2c(=O)[nH]1
TAQLEC,CC(C)P(C(C)C)(C(C)C)->[Ru+2](<-[Cl-])(<-[Cl-])(<-[CH]Cc1ccccc1)<-P(C(C)C)(C(C)C)C(C)C,C26 H50 Cl2 P2 Ru1,0.0,CC(C)P(C(C)C)(C(C)C)->[Ru+4](<-[Cl-])(<-[Cl-])(<-[CH-2]Cc1ccccc1)<-P(C(C)C)(C(C)C)C(C)C,CC(C)P(C(C)C)(C(C)C)->[Ru+2](<-[Cl-])(<-[Cl-])(<-[CH]Cc1ccccc1)<-P(C(C)C)(C(C)C)C(C)C,CC(C)P(C(C)C)(C(C)C)->[Ru+2](<-[Cl-])(<-[Cl-])(<-[CH]Cc1ccccc1)<-P(C(C)C)(C(C)C)C(C)C
TARLUV,c1cncc(C2=O->[Cd@TB13+2]34(<-[O-]2)<-n2c(CN(Cc5[nH]c6ccccc6n->35)Cc3[nH]c5ccccc5n->43)[nH]c3ccccc32)c1,C30 H25 Cd1 N8 O2 1+,1.0,fail,c1cncc(C2=O->[Cd+2]34(<-[O-]2)<-n2c(CN(Cc5[nH]c6ccccc6n->35)Cc3[nH]c5ccccc5n->43)[nH]c3ccccc32)c1,c1cncc(C23=O->[Cd+2]<-245(<-[O-]3)<-n2c(CN(Cc3[nH]c6ccccc6n->43)Cc3[nH]c4ccccc4n->53)[nH]c3ccccc32)c1
TARXES,,C11 H11 Cl1 N4 Ni1 O6,0.0,Nc1ncccn1->[Ni+2]12(<-O)(<-O)<-[O-]C(=O)c3cc(Cl)cc(C(=O)[O-]->1)n->23,Nc1ncccn1->[Ni+2]12(<-O)(<-O)<-[O-]C(=O)c3cc(Cl)cc(C(=O)[O-]->1)n->23,Nc1ncccn1->[Ni+2]12<-[O-]C(=O)c3cc(Cl)cc(n->13)C(=O)[O-]->2.O.O
TASREK,,C34 H40 B1 Co1 N7 S1,0.0,CC(C)(C)c1cccc2c[n-]3->[Co+2]4(<-[N-]=C=S)<-[n-]5c6c(C(C)(C)C)cccc6c[n+]5[BH-]([n+]3c12)[n+]1cc2cccc(C(C)(C)C)c2[n-]->41,CC(C)(C)c1cccc2cn3->[Co+]4(<-[N-]=C=S)<-n5c6c(C(C)(C)C)cccc6cn5B(n3c12)n1cc2cccc(C(C)(C)C)c2n->41,CC(C)(C)c1cccc2cn3->[Co+]45(<-[N-]=C=S)<-n6c7c(C(C)(C)C)cccc7cn6B->4(n3c12)n1cc2cccc(C(C)(C)C)c2n->51
TATDEY,O=C(c1cnccn1)[N-]1c2ccccc2S2CCS3c4ccccc4[N-]4C(=O)c5cnccn5->[Ni@OH6+2]<-1<-4<-2<-3,C24 H18 N6 Ni1 O2 S2,0.0,O=C1c2cnccn2->[Ni+2]2345<-n6ccncc6C(=O)[N-]->2c2ccccc2S->3CCS->4c2ccccc2[N-]->51,O=C1c2cnccn2->[Ni+2]2345<-n6ccncc6C(=O)[N-]->2c2ccccc2S->3CCS->4c2ccccc2[N-]->51,O=C1c2cnccn2->[Ni+2]2345<-n6ccncc6C(=O)[N-]->2c2ccccc2S->3CCS->4c2ccccc2[N-]->51
TAVMOS,C1=CC2=S->[Ru+2]345(<-S=C6C=CC=C/C6=N->3\N=c3\cccc[n-]->43)<-N(/N=c3/cccc[n-]->53)=C\2C=C1,C22 H16 N6 Ru1 S2,0.0,fail,c1ccc2[N-]3N=c4cccc[n-]4->[Ru+6]<-345(<-[S-]c2c1)<-[S-]c1ccccc1[N-]->4N=c1cccc[n-]->51,c1ccc2[N-]3N=c4cccc[n-]4->[Ru+6]<-345(<-[S-]c2c1)<-[S-]c1ccccc1[N-]->4N=c1cccc[n-]->51
TAWJOS,[Br-]->[Zn@TB18+2]123<-n4ccccc4COCCCN->1(Cc1ccccn->21)Cc1ccccn->31,C21 H24 Br1 N4 O1 Zn1 1+,1.0,[Br-]->[Zn+2]1234<-n5ccccc5CO->1CCCN->2(Cc1ccccn->31)Cc1ccccn->41,[Br-]->[Zn+2]1234<-n5ccccc5CO->1CCCN->2(Cc1ccccn->31)Cc1ccccn->41,[Br-]->[Zn+2]1234<-n5ccccc5CO->1CCCN->2(Cc1ccccn->31)Cc1ccccn->41
TAXFUV,,C34 H16 Co1 N10 1-,-1.0,N#[C-]->[Co+3]123(<-[C-]#N)<-n4c5nc6c7ccccc7c(nc7n->1c(nc1c8ccccc8c(nc4-c4ccccc4-5)[n-]->21)-c1ccccc1-7)[n-]->36,N#[C-]->[Co+5]123(<-[C-]#N)<-[n-]4c5c6ccccc6c4N=c4c6ccccc6c([n-]->14)=Nc1c4ccccc4c([n-]->21)N=c1c2ccccc2c([n-]->31)=N5,N#[C-]->[Co+5]123(<-[C-]#N)<-[n-]4c5c6ccccc6c4N=c4c6ccccc6c([n-]->14)=Nc1c4ccccc4c([n-]->21)N=c1c2ccccc2c([n-]->31)=N5
TAYPAK,CN(C)P(=O)(C[P@@](C#[C-]->[Fe](<-[C-]#[O+])(<-[C-]#[O+])(<-[C-]#[O+])<-[C-]#[O+])(N(C)C)=[N+](C)C)N(C)C,C15 H26 Fe1 N4 O5 P2,0.0,CN(C)[P](C#[C-]->[Fe+](<-[C-]#[O+])(<-[C-]#[O+])(<-[C-]#[O+])<-[C-]#[O+])(CP(=O)(N(C)C)N(C)C)N(C)C,CN(C)P(=O)(CP(C#[C-]->[Fe](<-[C-]#[O+])(<-[C-]#[O+])(<-[C-]#[O+])<-[C-]#[O+])(N(C)C)=[N+](C)C)N(C)C,CN(C)P(=O)(CP(C#[C-]->[Fe](<-[C-]#[O+])(<-[C-]#[O+])(<-[C-]#[O+])<-[C-]#[O+])(N(C)C)=[N+](C)C)N(C)C
TAZRAP,,C67 H4 O3 Os1,0.0,[O+]#[C-]->[Os+2]123(<-[C-]#[O+])(<-[C-]#[O+])<-[c-]4c5c6c7c8c9c%10c%11c%12c%13c([c-]->1c1c%14c%13c%13c%15c%12c%12c%16c%11c8c8c%11c7c7c%17c6c6c%18c%17c%17c%19c7c%11c7c(c8%16)c8c%12c%15c%11c%12c8c7c%19c7c%12c8c%11c%13c%14c%11c8c(c7%17)c%18c%11c1c64)C%10C->2=C->3C95,,
TEBFAI,,C28 H24 Cd1 N2 O7,0.0,fail,O=C(C=Cc1cccc(O)c1)[O-]->[Cd+2]12(<-O)(<-O=C(C=Cc3cccc(O)c3)[O-]->1)<-n1ccccc1-c1ccccn->21,Oc1cccc(C=CC2=O->[Cd+2]345(<-O)(<-O=C->3(C=Cc3cccc(O)c3)[O-]->4)(<-[O-]2)<-n2ccccc2-c2ccccn->52)c1
TEBWAZ,,C21 H26 B1 Cl1 Fe1 O3,0.0,Cc1cc(C)c(O[BH2-](Cl)->[Fe+2]2345(<-[C-]#[O+])(<-[C-]#[O+])<-c6(C)c->2(C)c->3(C)[c-]->4(C)c->56C)c(C)c1,Cc1cc(C)c([O+]=B(Cl)->[Fe]2345(<-[C-]#[O+])(<-[C-]#[O+])<-c6(C)c->2(C)c->3(C)[c-]->4(C)c->56C)c(C)c1,Cc1cc(C)c([O+]=B(Cl)->[Fe]2345(<-[C-]#[O+])(<-[C-]#[O+])<-c6(C)c->2(C)c->3(C)[c-]->4(C)c->56C)c(C)c1
TECCAI,[Cl-]->[Ni@TB16+2]123<-S=C4C=CC=C/C4=N->1\C->2(=C1C=CC=C[N-]->31)c1ccccc1,C18 H13 Cl1 N2 Ni1 S1,0.0,fail,[Cl-]->[Ni+2]12<-S=C3C=CC=CC3=N->1C(=C1C=CC=C[N-]->21)c1ccccc1,[Cl-]->[Ni+2]12<-S=C3C=CC=CC3=N->1C(=C1C=CC=C[N-]->21)c1ccccc1
TEDJOC,CC(C)(C)c1cc2-c3cccc4-c5cccc[c-]5->[Zr+4]56(<-[CH2-]c->57ccccc7)(<-[CH2-]c->65ccccc5)(<-[O-]c2c(C(C)(C)C)c1)<-n34,C39 H41 N1 O1 Zr1,0.0,CC(C)(C)c1cc2-c3cccc4-c5cccc[c-]5->[Zr+4](<-[CH2-]c5ccccc5)(<-[CH2-]c5ccccc5)(<-[O-]c2c(C(C)(C)C)c1)<-n34,CC(C)(C)c1cc2-c3cccc4-c5cccc[c-]5->[Zr+4]56(<-[CH2-]c7ccccc7)(<-[CH2-]c->57ccccc->67)(<-[O-]c2c(C(C)(C)C)c1)<-n34,CC(C)(C)c1cc2-c3cccc4-c5cccc[c-]5->[Zr+4]567(<-[CH2-]c->58ccccc8)(<-[CH2-]c->65ccccc->75)(<-[O-]c2c(C(C)(C)C)c1)<-n34
TEFJOE,Cn1ccn2[BH-](c3ccccc3)n3ccn(C)c3=S->[Ag+](<-S=c12)<-[P@TB8](c1ccccc1)(c1ccccc1)c1ccccc1,C32 H31 Ag1 B1 N4 P1 S2,0.0,Cn1ccn2[B-]3([H]->[Ag+](<-S=c12)(<-S=c1n(C)ccn13)<-P(c1ccccc1)(c1ccccc1)c1ccccc1)c1ccccc1,Cn1ccn2[BH-](c3ccccc3)n3ccn(C)c3=S->[Ag+](<-S=c12)<-P(c1ccccc1)(c1ccccc1)c1ccccc1,Cn1ccn2[BH-](c3ccccc3)n3ccn(C)c3=S->[Ag+](<-S=c12)<-P(c1ccccc1)(c1ccccc1)c1ccccc1
TEGHEV,COc1ccc23->[Ti+4]4567(<-[CH3-])(<-[CH3-])<-[N-](C(C)(C)C)[Si](C)(C)[c-]->42c->52ccc(OC)cc->62c->73c1,C23 H33 N1 O2 Si1 Ti1,0.0,fail,COc1ccc23->[Ti+4]4567(<-[CH3-])(<-[CH3-])<-[N-](C(C)(C)C)[Si](C)(C)[c-]->42c->52ccc(OC)cc->62c->73c1,COc1ccc23->[Ti+4]4567(<-[CH3-])(<-[CH3-])<-[N-](C(C)(C)C)[Si](C)(C)[c-]->42c->52ccc(OC)cc->62c->73c1
TEHFET,O=C(O)c1ccc2[N-]3/C(=N\C(=S->[Re+5]<-34(<-[O-2])(<-[O-]C(=O)C(F)(F)F)<-S=C(/N=C(/c3ccccc3)[N-]->4c2c1)N1CCOCC1)N1CCOCC1)c1ccccc1,C33 H30 F3 N6 O7 Re1 S2,0.0,O=C(O)c1ccc2[N-]3C(=NC(=S->[Re+5]<-34(<-[O-2])(<-[O-]C(=O)C(F)(F)F)<-S=C(N=C(c3ccccc3)[N-]->4c2c1)N1CCOCC1)N1CCOCC1)c1ccccc1,O=C(O)c1ccc2[N-]3C(=NC(=S->[Re+5]<-34(<-[O-2])(<-[O-]C(=O)C(F)(F)F)<-S=C(N=C(c3ccccc3)[N-]->4c2c1)N1CCOCC1)N1CCOCC1)c1ccccc1,O=C(O)c1ccc2[N-]3C(=NC(=S->[Re+5]<-34(<-[O-2])(<-[O-]C(=O)C(F)(F)F)<-S=C(N=C(c3ccccc3)[N-]->4c2c1)N1CCOCC1)N1CCOCC1)c1ccccc1
TEJPOQ,,C23 H26 Cl1 Ir1 N5 1+,1.0,C[n+]1nn2-c3ccccn3->[Ir+2]3456(<-[Cl-])(<-[c]2c1-c1ccccn1)<-c1(C)c->3(C)c->4(C)[c-]->5(C)c->61C,C[n+]1nn2-c3ccccn3->[Ir+3]3456(<-[Cl-])(<-[c-]2c1-c1ccccn1)<-c1(C)c->3(C)c->4(C)[c-]->5(C)c->61C,C[n+]1nn2-c3ccccn3->[Ir+3]3456(<-[Cl-])(<-[c-]2c1-c1ccccn1)<-c1(C)c->3(C)c->4(C)[c-]->5(C)c->61C
TEKPOR,CC(C)N1C=CN2c3cccc[c-]3->[Ru+2]34567(<-[Cl-])(<-[C]21)<-c1c->3c->4c->5c->6c->71,C18 H19 Cl1 N2 Ru1,0.0,CC(C)N1C=CN2c3cccc[c-]3->[Ru+2]34567(<-[Cl-])(<-[C]21)<-c1c->3c->4c->5c->6c->71,CC(C)N1C=CN2c3cccc[c-]3->[Ru+2]34567(<-[Cl-])(<-[C]21)<-c1c->3c->4c->5c->6c->71,CC(C)N1C=CN2c3cccc[c-]3->[Ru+2]34567(<-[Cl-])(<-[C]21)<-c1c->3c->4c->5c->6c->71
TELFUL,,C6 H7 Cl3 N5 Zn1 1-,-1.0,Cn1cn(->[Zn+2](<-[Cl-])(<-[Cl-])<-[Cl-])c2ncnc(N)c21,Cn1cn(->[Zn+2](<-[Cl-])(<-[Cl-])<-[Cl-])c2ncnc(N)c21,Cn1cn(->[Zn+2](<-[Cl-])(<-[Cl-])<-[Cl-])c2ncnc(N)c21
TEMKOL,,C20 H12 N4 Ni1,0.0,C1=Cc2cc3ccc4cc5n6->[Ni+2]7(<-n2c1cc1ccc(cc6C=C5)[n-]->71)<-[n-]34,C1=Cc2cc3ccc4cc5n6->[Ni+2]7(<-n2c1cc1ccc(cc6C=C5)[n-]->71)<-[n-]34,C1=Cc2cc3ccc4cc5n6->[Ni+2]7(<-n2c1cc1ccc(cc6C=C5)[n-]->71)<-[n-]34
TENOCO,O=N([O-])->[Co+3]1234(<-NCCN->1CCN->2)(<-O=N->3[O-]->4)<-N(=O)[O-],C4 H13 Co1 N6 O6,0.0,O=[N+](=O)->[Co-3]12(<-NCCN->1CCN->2)(<-[N+](=O)=O)<-[N+](=O)=O,O=N([O-])->[Co+3]12(<-NCCN->1CCN->2)(<-N(=O)[O-])<-N(=O)[O-],O=N([O-])->[Co+3]12(<-NCCN->1CCN->2)(<-N(=O)[O-])<-N(=O)[O-]
TEPGIG,,C32 H36 N2 Ni1 S2,0.0,fail,CC1(C)C2CC=C(C3C(C4=CCC5CC4C5(C)C)[N-]4c5ccccc5[S-]->[Ni+2]<-45<-S=C4C=CC=CC4=N->53)C1C2,CC1(C)C2CC=C(C3C(C4=CCC5CC4C5(C)C)[N-]4c5ccccc5[S-]->[Ni+2]<-45<-S=C4C=CC=CC4=N->53)C1C2
TEPVEP,CC#N->[Mo+4]123456(<-[C-]#[O+])(<-c7c->1c->2[cH-]->3c->47)<-[CH-]1C(=O)OC(=O)[CH-]->5[CH-]->61,C13 H11 Mo1 N1 O4,0.0,fail,CC#N->[Mo+2]123456(<-[C-]#[O+])(<-c7c(=O)oc(=O)[cH-]->1c->27)<-c1c->3c->4[cH-]->5c->61,CC#N->[Mo+2]123456(<-[C-]#[O+])(<-c7c(=O)oc(=O)[cH-]->1c->27)<-c1c->3c->4[cH-]->5c->61
TEQJAB,CN1(C)CCO->[Zn+2]<-12(<-[O-]C1=NS(=O)(=O)c3ccccc31)(<-OCCN->2(C)C)<-[N-]1C(=O)c2ccccc2S1(=O)=O,C22 H30 N4 O8 S2 Zn1,0.0,CN1(C)CCO->[Zn+4]<-12(<-[O-]C1=N[S](=O)([O-])c3ccccc31)(<-OCCN->2(C)C)<-[N-]1C(=O)c2ccccc2[S]1(=O)[O-],CN1(C)CCO->[Zn+2]<-12(<-O=C1N=S(=O)([O-])c3ccccc31)(<-OCCN->2(C)C)<-[N-]1C(=O)c2ccccc2S1(=O)=O,CN1(C)CCO->[Zn+2]<-12(<-O=C1N=S(=O)([O-])c3ccccc31)(<-OCCN->2(C)C)<-[N-]1C(=O)c2ccccc2S1(=O)=O
TERJOQ,,C22 H26 B1 Mo1 N10 O1 1+,1.0,CC1#[N+](Cc2ccccc2)->[Mo+2]<-123(<-[N-]=O)(<-n1ccn(C)c1)<-[n-]1ccc[n+]1[BH-]([n+]1ccc[n-]->21)[n+]1ccc[n-]->31,C[C-]1=N(Cc2ccccc2)->[Mo+4]<-123(<-[N-]=O)(<-n1ccn(C)c1)<-n1cccn1[BH-](n1cccn->21)n1cccn->31,C[C-]1=N(Cc2ccccc2)->[Mo+4]<-123(<-[N-]=O)(<-n1ccn(C)c1)<-n1cccn1[BH-](n1cccn->21)n1cccn->31
TESFIH,CN1C=CN([C]c2c(F)c(F)c(F)c(F)c2F)[C]1->[Rh+]123(<-[Cl-])<-C4=C->1/CC/C->2=C->3\CC\4,C19 H19 Cl1 F5 N2 Rh1,0.0,CN1C=CN(Cc2c(F)c(F)c(F)c(F)c2F)[C]1->[Rh+]123(<-[Cl-])<-C4=C->1CCC->2=C->3CC4,CN1C=CN([C]c2c(F)c(F)c(F)c(F)c2F)[C]1->[Rh+]123(<-[Cl-])<-C4=C->1CCC->2=C->3CC4,CN1C=CN([C]c2c(F)c(F)c(F)c(F)c2F)[C]1->[Rh+]123(<-[Cl-])<-C4=C->1CCC->2=C->3CC4
TESZEZ,Cn1n[n+](Cc2ccccc2)[c-]2->[Pd@OH23+2]3(<-[Cl-])<-[c-]4c(-c5cccc(-c21)n->35)[n+](C)nn4Cc1ccccc1,C25 H23 Cl1 N7 Pd1 1+,1.0,C[n+]1nn(Cc2ccccc2)[c]2->[Pd]3(<-[Cl-])<-[c]4c(-c5cccc(-c21)n->35)[n+](C)nn4Cc1ccccc1,Cn1n[n+](Cc2ccccc2)[c-]2->[Pd+2]3(<-[Cl-])<-[c-]4c(-c5cccc(-c21)n->35)[n+](C)nn4Cc1ccccc1,Cn1n[n+](Cc2ccccc2)[c-]2->[Pd+2]3(<-[Cl-])<-[c-]4c(-c5cccc(-c21)n->35)[n+](C)nn4Cc1ccccc1
TETZAW,,C8 H16 N10 Ni1 O8,0.0,N->[Ni+2]12(<-N)(<-[O-][N+](=O)C(=C3NCC[N-]->13)[N+](=O)[O-])<-[O-][N+](=O)C(=C1NCC[N-]->21)[N+](=O)[O-],N->[Ni+4]12(<-N)(<-[O-]N([O-])C(=C3NCC[N-]->13)[N+](=O)[O-])<-[O-][N+](=O)C(=C1NCC[N-]->21)[N+](=O)[O-],N.N->[Ni+4]12(<-[O-]N([O-])C([N+](=O)[O-])=C3NCC[N-]->13)<-[O-][N+](=O)C([N+](=O)[O-])=C1NCC[N-]->21
TEWGUX,CC(C)N12->[Ti+4]34(<-[Cl-])(<-[N-2]C(C)(C)C)<-n5ccccc5CN->3(CC1)CCN->4(C(C)C)CC2,C22 H41 Cl1 N5 Ti1 1+,1.0,CC(C)N12->[Ti+4]34(<-[Cl-])(<-[N-2]C(C)(C)C)<-n5ccccc5CN->3(CC1)CCN->4(C(C)C)CC2,CC(C)N12->[Ti+4]34(<-[Cl-])(<-[N-2]C(C)(C)C)<-n5ccccc5CN->3(CC1)CCN->4(C(C)C)CC2,CC(C)N12->[Ti+4]34(<-[Cl-])(<-[N-2]C(C)(C)C)<-n5ccccc5CN->3(CC1)CCN->4(C(C)C)CC2
TEXDOS,,C17 H18 N3 O8 V1,0.0,COc1ccc2C=N3N=C([O-]->[V+5]<-3(<-[O-2])(<-[O-]C)(<-[O-]c2c1)<-OC)c1ccc([N+](=O)[O-])cc1,COc1ccc2C=N3N=C([O-]->[V+5]<-3(<-[O-2])(<-[O-]C)(<-[O-]c2c1)<-OC)c1ccc([N+](=O)[O-])cc1,CO.COc1ccc2c(c1)[O-]->[V+5]1(<-[O-2])(<-[O-]C)<-[O-]C(c3ccc([N+](=O)[O-])cc3)=NN->1=C2
TEXSIA,C=CCN1C=CN(C)[C]1->[Pd+2](<-[Cl-])(<-[Cl-])<-[C]1N(C)C=CN1CC=C,C14 H20 Cl2 N4 Pd1,0.0,C=CCN1C=CN(C)[C]1->[Pd+2](<-[Cl-])(<-[Cl-])<-[C]1N(C)C=CN1CC=C,C=CCN1C=CN(C)[C]1->[Pd+2](<-[Cl-])(<-[Cl-])<-[C]1N(C)C=CN1CC=C,C=CCN1C=CN(C)[C]1->[Pd+2](<-[Cl-])(<-[Cl-])<-[C]1N(C)C=CN1CC=C
TEYBUU,,C26 H32 Hg1 N2 O7 S2,0.0,COc1cccc2c1-c1c(cccc1OC)CO1->[Hg+2]345(<-[S-]C#N)(<-[S-]C#N)<-O(CCO->3CCO->4C2)CCO->5CC1,COc1cccc2c1-c1c(cccc1OC)COCCOCCOCCOCCOC2.N#C[S-]->[Hg+2]<-[S-]C#N,COc1cccc2c1-c1c(cccc1OC)COCCOCCOCCOCCOC2.N#C[S-]->[Hg+2]<-[S-]C#N
TEZNOC,,C17 H39 N5 W1,0.0,CC(C)N1=C(N(C)C)[N-](C(C)C)->[WH+5]<-1(<-[N-2]C(C)(C)C)<-[N-2]C(C)(C)C,CC(C)N1=C(N(C)C)[N-](C(C)C)->[WH+5]<-1(<-[N-2]C(C)(C)C)<-[N-2]C(C)(C)C,CC(C)N1=C(N(C)C)[N-](C(C)C)->[WH+5]<-1(<-[N-2]C(C)(C)C)<-[N-2]C(C)(C)C
TIBCEO,,C26 H22 Cl2 Cu1 N6 O4,0.0,O=C1c2ccc3c4c5ccc(c24)C(=O)N1CCCn1ccn(->[Cu+2](<-[Cl-])(<-[Cl-])<-n2ccn(CCCN(C3=O)C5=O)c2)c1,O=c1c2ccc3c([O-])n4CCCn5ccn(->[Cu+5](<-[Cl-])(<-[Cl-])<-n6ccn(C[CH-]Cn1c([O-])c1ccc(c4=O)c3c12)c6)c5,O=c1c2ccc3c([O-])n4CCCn5ccn(->[Cu+5](<-[Cl-])(<-[Cl-])<-n6ccn(C[CH-]Cn1c([O-])c1ccc(c4=O)c3c12)c6)c5
TICNUP,CC(C)P1(C(C)C)[CH-]2c3cccc4cccn(->[Zn@@+2]<-2(<-[Cl-])<-N=1C(C)(C)C)c34,C20 H30 Cl1 N2 P1 Zn1,0.0,CC(C)P1(C(C)C)[CH-]2c3cccc4cccn(->[Zn+2]<-2(<-[Cl-])<-N=1C(C)(C)C)c34,CC(C)P1(C(C)C)[CH-]2c3cccc4cccn(->[Zn+2]<-2(<-[Cl-])<-N=1C(C)(C)C)c34,CC(C)P1(C(C)C)[CH-]2c3cccc4cccn(->[Zn+2]<-2(<-[Cl-])<-N=1C(C)(C)C)c34
TIDCAL,CO->[Fe+2]123(<-[Cl-])<-n4c5cccc4C(=O)[N-]->1CCN->2CCN->3CCNC5=O,C14 H22 Cl1 Fe1 N5 O3,0.0,CO->[Fe+2]123(<-[Cl-])<-n4c5cccc4C(=O)[N-]->1CCN->2CCN->3CCNC5=O,CO->[Fe+2]123(<-[Cl-])<-n4c5cccc4C(=O)[N-]->1CCN->2CCN->3CCNC5=O,CO->[Fe+2]12(<-[Cl-])<-n3c4cccc3C(=O)[N-]->1CCN->2CCNCCNC4=O
TIFFIX,,C24 H32 Cl2 O3 Zr1,0.0,[Cl-]->[Zr+2]1(<-[Cl-])(<-C2=C->1c1cccc3cccc2c13)(<-O1CCCC1)(<-O1CCCC1)<-O1CCCC1,[Cl-]->[Zr+4]1(<-[Cl-])(<-[CH-]2c3cccc4cccc(c34)[CH-]->12)(<-O1CCCC1)(<-O1CCCC1)<-O1CCCC1,[Cl-]->[Zr+4]1(<-[Cl-])(<-[CH-]2c3cccc4cccc(c34)[CH-]->12)(<-O1CCCC1)(<-O1CCCC1)<-O1CCCC1
TIGDES,C=CC[C@@H](/C1=C2/C3=C(/C#N)->[Fe]<-3<-2<-1(<-[C-]#[O+])(<-[C-]#[O+])<-[C-]#[O+])[C@H](C)OC(=O)CCl,C16 H16 Cl1 Fe1 N1 O5,0.0,C=CCC(C(C)OC(=O)CCl)C1=C2C3=C(C#N)->[Fe]<-1<-3<-2(<-[C-]#[O+])(<-[C-]#[O+])<-[C-]#[O+],C=CCC(C(C)OC(=O)CCl)C1=C2C3=C(C#N)->[Fe]<-1<-3<-2(<-[C-]#[O+])(<-[C-]#[O+])<-[C-]#[O+],C=CCC(C(C)OC(=O)CCl)[CH-]1C2=C3[CH-](C#N)->[Fe+2]<-3<-2<-1(<-[C-]#[O+])(<-[C-]#[O+])<-[C-]#[O+]
TIHDAR,O=C([O-])c1c(=O)[nH]c2ccccc2n1->[Zn+2]1(<-O)(<-O)<-[O-]C(=O)c2c(=O)[nH]c3ccccc3n->12,C18 H14 N4 O8 Zn1,0.0,O=C1[O-]->[Zn+2]2(<-O)(<-O)(<-[O-]C(=O)c3c(=O)[nH]c4ccccc4n->23)<-n2c1c(=O)[nH]c1ccccc12,O=C1[O-]->[Zn+2]2(<-O)(<-O)(<-[O-]C(=O)c3c(=O)[nH]c4ccccc4n->23)<-n2c1c(=O)[nH]c1ccccc12,O=C1[O-]->[Zn+2]2(<-O)(<-O)(<-[O-]C(=O)c3c(=O)[nH]c4ccccc4n->23)<-n2c1c(=O)[nH]c1ccccc12
TIJQUY,,C18 H16 N3 Ni1 O5 1+,1.0,O=[N+]1[O-]->[Ni+2]2(<-O)(<-O)(<-[O-]1)<-n1c(-c3ccc4ccccc4n->23)ccc2ccccc21,O=[N+]1[O-]->[Ni+2]2(<-O)(<-O)(<-[O-]1)<-n1c(-c3ccc4ccccc4n->23)ccc2ccccc21,O.O.O=[N+]12->[Ni+2]3(<-[O-]1)(<-[O-]2)<-n1c(ccc2ccccc21)-c1ccc2ccccc2n->31
TIKZOF,CC1/C=C(/C)[O-]->[Ir+3]23(<-O=1)(<-[c-]1cccc(Br)c1-c1ccccn->21)<-[c-]1cccc(Br)c1-c1ccccn->31,C27 H21 Br2 Ir1 N2 O2,0.0,fail,CC1=CC(C)=O->[Ir+3]23(<-[O-]1)(<-[c-]1cccc(Br)c1-c1ccccn->21)<-[c-]1cccc(Br)c1-c1ccccn->31,CC1=CC(C)=O->[Ir+3]23(<-[O-]1)(<-[c-]1cccc(Br)c1-c1ccccn->21)<-[c-]1cccc(Br)c1-c1ccccn->31
TILREM,CC1=O->[Hg+2]23(<-[O-]1)(<-n1ccccc1-c1ccccn->21)<-n1ccccc1-c1ccccn->31,C22 H19 Hg1 N4 O2 1+,1.0,fail,CC(=O)[O-]->[Hg+2]12(<-n3ccccc3-c3ccccn->13)<-n1ccccc1-c1ccccn->21,CC12=O->[Hg+2]<-134(<-[O-]2)(<-n1ccccc1-c1ccccn->31)<-n1ccccc1-c1ccccn->41
TIMMEH,CC(C)c1cccc(C(C)C)c1[N-2]->[Mo+6]1(<-[Cl-])(<-[Cl-])(<-[N-2]C(C)(C)C)<-O(C)CCO->1C,C20 H36 Cl2 Mo1 N2 O2,0.0,CC(C)c1cccc(C(C)C)c1[N-2]->[Mo+6]1(<-[Cl-])(<-[Cl-])(<-[N-2]C(C)(C)C)<-O(C)CCO->1C,CC(C)c1cccc(C(C)C)c1[N-2]->[Mo+6]1(<-[Cl-])(<-[Cl-])(<-[N-2]C(C)(C)C)<-O(C)CCO->1C,CC(C)c1cccc(C(C)C)c1[N-2]->[Mo+6]1(<-[Cl-])(<-[Cl-])(<-[N-2]C(C)(C)C)<-O(C)CCO->1C
TIPMIR,,C27 H19 B1 F2 N6 O2 Pd1,0.0,CC(=O)[O-]->[Pd+2]12<-[C-]3=C4N(c5ccccn->15)c1ccccc1N4[B-](F)(F)[n+]1c3n(-c3ccccn->23)c2ccccc21,CC(=O)[O-]->[Pd+2]12<-C3=C4N(c5ccccn->15)c1ccccc1N4[B-](F)(F)N1C=3N(c3ccccn->23)c2ccccc21,CC(=O)[O-]->[Pd+2]12<-C3=C4N(c5ccccn->15)c1ccccc1N4[B-](F)(F)N1C=3N(c3ccccn->23)c2ccccc21
TIQTAO,C[C@@H](c1ccccc1)N1C=NN(c2ccccc2)[C]1->[Pd+2](<-[I-])(<-[I-])<-[C]1N(c2ccccc2)N=CN1[C@@H](C)c1ccccc1,C32 H32 I2 N6 Pd1,0.0,CC(c1ccccc1)N1C=NN(c2ccccc2)[CH-]1->[Pd+4](<-[I-])(<-[I-])<-[CH-]1N(c2ccccc2)N=CN1C(C)c1ccccc1,CC(c1ccccc1)N1C=NN(c2ccccc2)[C]1->[Pd+2](<-[I-])(<-[I-])<-[C]1N(c2ccccc2)N=CN1C(C)c1ccccc1,CC(c1ccccc1)N1C=NN(c2ccccc2)[C]1->[Pd+2](<-[I-])(<-[I-])<-[C]1N(c2ccccc2)N=CN1C(C)c1ccccc1
TIRROB,,C10 H16 O2 P1 W1 1+,1.0,CP(C)(C)->[WH2+2]1234(<-[C-]#[O+])(<-[C-]#[O+])<-c5c->1c->2[cH-]->3c->45,CP(C)(C)->[WH2+2]1234(<-[C-]#[O+])(<-[C-]#[O+])<-c5c->1c->2[cH-]->3c->45,CP(C)(C)->[WH2+2]1234(<-[C-]#[O+])(<-[C-]#[O+])<-c5c->1c->2[cH-]->3c->45
TISVUP,CCCCc12->[Zr+4]3456789%10(<-[Cl-])(<-[Cl-])<-c1c->3[c-]->4([Si](C)(C)[c-]->51c->6(C)c->7(C)c->83c(C)c(C)c(C)c(C)c->931)c->%102,C26 H36 Cl2 Si1 Zr1,0.0,CCCCc12->[Zr+4]3456789%10(<-[Cl-])(<-[Cl-])<-c([cH-]->31)c->4([Si](C)(C)[c-]->51c->6(C)c->7(C)c->83c(C)c(C)c(C)c(C)c->931)c->%102,CCCCc12->[Zr+4]3456789%10(<-[Cl-])(<-[Cl-])<-c1c->3[c-]->4([Si](C)(C)[c-]->51c->6(C)c->7(C)c->83c(C)c(C)c(C)c(C)c->931)c->%102,CCCCc12->[Zr+4]3456789%10(<-[Cl-])(<-[Cl-])<-c1c->3[c-]->4([Si](C)(C)[c-]->51c->6(C)c->7(C)c->83c(C)c(C)c(C)c(C)c->931)c->%102
TITRAQ,,C16 H16 Ni1 O7,0.0,COc1cccc2C=O->[Ni+2]3(<-O)(<-O=Cc4cccc(OC)c4[O-]->3)<-[O-]c21,COC1=CC=CC2=C[O-]->[Ni+2]3(<-O)(<-O=C21)<-O=C1C(=C[O-]->3)C=CC=C1OC,COC1=CC=CC2=C[O-]->[Ni+2]3(<-O=C21)<-O=C1C(=C[O-]->3)C=CC=C1OC.O
TIVVUS,Cc1cc(C)c(N2CCN(c3c(C)cc(C)cc3C)[C]2->[Ru@TB3+4]23(<-[CH-]=C4C=C[CH-]C=C4S->2C(C)C)<-[S-]c2ccccc2[S-]->3)c(C)c1,C37 H42 N2 Ru1 S3,0.0,fail,Cc1cc(C)c(N2CCN(c3c(C)cc(C)cc3C)[C]2->[Ru+2]23(<-[CH]c4ccccc4S->2C(C)C)<-[S-]c2ccccc2[S-]->3)c(C)c1,Cc1cc(C)c(N2CCN(c3c(C)cc(C)cc3C)[C]2->[Ru+2]23(<-[CH]c4ccccc4S->2C(C)C)<-[S-]c2ccccc2[S-]->3)c(C)c1
TIWQIC,[Cl-]->[Fe+2]1234<-n5ccccc5-c5ccn([BH-](n6ccc(-c7ccccn7)n->16)n1ccc(-c6ccccn->26)n->31)n->45,C24 H19 B1 Cl1 Fe1 N9,0.0,[Cl-]->[Fe+2]123<-n4ccccc4-c4ccn([BH-](n5ccc(-c6ccccn6)n5)n5ccc(-c6ccccn->16)n->25)n->34,[Cl-]->[Fe+2]123<-n4ccccc4-c4ccn([BH-](n5ccc(-c6ccccn6)n5)n5ccc(-c6ccccn->16)n->25)n->34,[Cl-]->[Fe+2]1234<-n5ccccc5-c5ccn([BH-](n6ccc(-c7ccccn7)n->16)n1ccc(-c6ccccn->26)n->31)n->45
TIXQIC,,C21 H25 N1 O1 Rh1 1+,1.0,Cc12->[Rh+3]3456(<-O)(<-[c-]7ccccc7-c7ccccn->37)<-c1(C)c->4(C)[c-]->5(C)c->62C,Cc12->[Rh+3]3456(<-O)(<-[c-]7ccccc7-c7ccccn->37)<-c1(C)c->4(C)[c-]->5(C)c->62C,Cc12->[Rh+3]3456(<-O)(<-[c-]7ccccc7-c7ccccn->37)<-c1(C)c->4(C)[c-]->5(C)c->62C
TIYGOY,C[Si](C)(C)[C-]1=C2=C3(C(=[B-](c4c(F)c(F)c(F)c(F)c4F)c4c(F)c(F)c(F)c(F)c4F)->[Hf+4]<-2<-1<-3456789%10%11(<-c1c->4c->5[cH-]->6c->71)<-c1c->8c->9[cH-]->%10c->%111)[Si](C)(C)C,C32 H29 B1 F10 Hf1 Si2,0.0,C[Si](C)(C)C1=C2=C3(C(B(c4c(F)c(F)c(F)c(F)c4F)c4c(F)c(F)c(F)c(F)c4F)->[Hf+2]<-2<-1<-3456789%10%11(<-c1c->4c->5[cH-]->6c->71)<-c1c->8c->9[cH-]->%10c->%111)[Si](C)(C)C,C[Si](C)(C)C1#C2C3(=C(B(c4c(F)c(F)c(F)c(F)c4F)c4c(F)c(F)c(F)c(F)c4F)->[Hf+2]<-2<-1<-3456789%10%11(<-c1c->4c->5[cH-]->6c->71)<-c1c->8c->9[cH-]->%10c->%111)[Si](C)(C)C,C[Si](C)(C)C1=CB(c2c(F)c(F)c(F)c(F)c2F)(c2c(F)c(F)c(F)c(F)c2F)->[Hf+2]234567(<-C1#C->2[Si](C)(C)C)(<-c1c->3c->4[cH-]->5c->61)<-c1ccc[cH-]->71
TIZLEU,C[N-](C)->[Zr+4]123(<-N(/[CH+][C+]4[CH-][CH+][CH+][N-]->14)=C1\C=CC4=C[CH-][CH-]C=C4\C1=C1/[C+]4[CH-][CH-][CH+][CH+][C+]4[CH-][CH-][C+]1[N-]->2[CH-]c1ccc[n-]->31)<-[N-](C)C,C34 H32 N6 Zr1,0.0,C[N-](C)->[Zr+4]123(<-N(=Cc4ccc[n-]->14)c1ccc4ccccc4c1-c1c(N->2=Cc2ccc[n-]->32)ccc2ccccc12)<-[N-](C)C,C[N-](C)->[Zr+4]123(<-N4=CC=CC4=C[N-]->1c1ccc4ccccc4c1-c1c([N-]->2[CH-][C+]2[CH-][CH+][CH+][N-]->32)ccc2ccccc12)<-[N-](C)C,C[N-](C)->[Zr+4]123(<-N4=CC=CC4=C[N-]->1c1ccc4ccccc4c1-c1c([N-]->2[CH-][C+]2[CH-][CH+][CH+][N-]->32)ccc2ccccc12)<-[N-](C)C
TOCGEA,,C34 H45 Fe1 N1 P4,0.0,CP(C)(C)->[Fe+2]12(<-[C-](=Nc3cccc[c-]->13)c1ccccc1P->2(c1ccccc1)c1ccccc1)(<-P(C)(C)C)<-P(C)(C)C,CP(C)(C)->[Fe]12(<-[C]3C=CC=CC3=N[C]->1c1ccccc1P->2(c1ccccc1)c1ccccc1)(<-P(C)(C)C)<-P(C)(C)C,CP(C)(C)->[Fe]12(<-[C]3C=CC=CC3=N[C]->1c1ccccc1P->2(c1ccccc1)c1ccccc1)(<-P(C)(C)C)<-P(C)(C)C
TOFRIS,,C30 H41 Ag1 B1 I1 P2,0.0,CC(C)P1(c2ccccc2B2(c3ccccc3)c3ccccc3P(C(C)C)(C(C)C)->[Ag+]<-2<-1<-[I-])C(C)C,CC(C)P1(c2ccccc2B(c2ccccc2)c2ccccc2P(C(C)C)(C(C)C)->[Ag+]<-1<-[I-])C(C)C,CC(C)P1(c2ccccc2B23c4ccccc4P(C(C)C)(C(C)C)->[Ag+]<-2<-14(<-[I-])<-c1ccccc->413)C(C)C
TOGNAG,,C27 H33 N4 O5 Si1 W1 1+,1.0,C[N+](C)=c1ccn(-[si-]2(->[W](<-[C-]#[O+])(<-[C-]#[O+])(<-[C-]#[O+])(<-[C-]#[O+])<-[C-]#[O+])n(C(C)(C)C)c(-c3ccccc3)[n+]2C(C)(C)C)cc1,CN(C)c1cc[n+](-[si-]2(->[W](<-[C-]#[O+])(<-[C-]#[O+])(<-[C-]#[O+])(<-[C-]#[O+])<-[C-]#[O+])n(C(C)(C)C)c(-c3ccccc3)[n+]2C(C)(C)C)cc1,CN(C)c1cc[n+](-[si-]2(->[W](<-[C-]#[O+])(<-[C-]#[O+])(<-[C-]#[O+])(<-[C-]#[O+])<-[C-]#[O+])n(C(C)(C)C)c(-c3ccccc3)[n+]2C(C)(C)C)cc1
TOHCAX,,C26 H33 Cl1 N5 Ru1 1+,1.0,Cc1cc(C)cc(-[n+]2nn(C)c3CN4C=CN(C)[C]4->[Ru+]45678(<-[Cl-])(<-[c]32)<-c2c->4c->5(C(C)C)c->6c->7c->82C)c1,Cc1cc(C)cc(-n2n[n+](C)c3CN4C=CN(C)[C]4->[Ru+2]45678(<-[Cl-])(<-[c-]32)<-c2c->4c->5(C(C)C)c->6c->7c->82C)c1,Cc1cc(C)cc(-n2n[n+](C)c3CN4C=CN(C)[C]4->[Ru+2]45678(<-[Cl-])(<-[c-]32)<-c2c->4c->5(C(C)C)c->6c->7c->82C)c1
TOJYAV,C/C1[O-]->[Re+](<-[C-]#[O+])(<-[C-]#[O+])(<-[C-]#[O+])(<-N2=CC=C/C=12)<-N(C)C,C11 H13 N2 O4 Re1,0.0,CC1[O-]->[Re+](<-[C-]#[O+])(<-[C-]#[O+])(<-[C-]#[O+])(<-N2=CC=CC=12)<-N(C)C,CC1[O-]->[Re+](<-[C-]#[O+])(<-[C-]#[O+])(<-[C-]#[O+])(<-N2=CC=CC=12)<-N(C)C,CC1[O-]->[Re+](<-[C-]#[O+])(<-[C-]#[O+])(<-[C-]#[O+])(<-N2=CC=CC=12)<-N(C)C
TOLBEE,COc1ccc2[N-](S(=O)(=O)c3ccc(N)cc3)->[Ru+2]34(<-n5ccccc5-c5ccccn->35)(<-n3ccccc3-c3ccccn->43)<-n2n1,C31 H27 N8 O3 Ru1 S1 1+,1.0,COc1ccc2[N-](S(=O)(=O)c3ccc(N)cc3)->[Ru+2]34(<-n5ccccc5-c5ccccn->35)(<-n3ccccc3-c3ccccn->43)<-n2n1,COc1ccc2[N-](S(=O)(=O)c3ccc(N)cc3)->[Ru+2]34(<-n5ccccc5-c5ccccn->35)(<-n3ccccc3-c3ccccn->43)<-n2n1,COc1ccc2[N-](S(=O)(=O)c3ccc(N)cc3)->[Ru+2]34(<-n5ccccc5-c5ccccn->35)(<-n3ccccc3-c3ccccn->43)<-n2n1
TOLTIX,[Br-]->[Ir+3]123(<-[Br-])<-[Se]4CCC[Se]->1CCC[Se]->2CCC[Se]->3CCC4,C12 H24 Br2 Ir1 Se4 1+,1.0,[Br-]->[Ir+3]123(<-[Br-])<-[Se]4CCC[Se]->1CCC[Se]->2CCC[Se]->3CCC4,[CH2-]CC[Se-]->[Ir+11]1(<-[Br-])(<-[Br-])(<-[Se-]CC[CH2-])<-[Se-]CCC[Se-]->1.[CH2-]C[CH2-],[Br-]->[Ir+11]12(<-[Br-])(<-[Se-]CCC[Se-]->1)<-[Se-]CCC[Se-]->2.[CH2-]C[CH2-].[CH2-]C[CH2-]
TOMLIR,,C27 H19 Ir1 N8,0.0,c1cc[c-]2->[Ir+3]34(<-[c-]5ccccc5-c5ccccn->35)(<-n3ccccc3-c2c1)<-n1ccncc1-c1nnn[n-]->41,c1cc[c-]2->[Ir+3]34(<-[c-]5ccccc5-c5ccccn->35)(<-n3ccccc3-c2c1)<-n1ccncc1-c1nnn[n-]->41,c1cc[c-]2->[Ir+3]34(<-[c-]5ccccc5-c5ccccn->35)(<-n3ccccc3-c2c1)<-n1ccncc1-c1nnn[n-]->41
TONKOW,C1=C/C2=N(\c3ccccc3)->[Co+]345(<-N=C->32C=C1)(<-N=C->41C=CC=C/C1=N->5\c1ccccc1)<-n1ccccc1,C29 H25 Co1 N5 1+,1.0,C1=CC2=N->[Co+]3(<-N=C4C=CC=CC4=N->3c3ccccc3)(<-N(=C2C=C1)c1ccccc1)<-n1ccccc1,c1ccc([N-]2c3ccccc3[NH-]->[Co+5]<-23(<-[NH-]c2ccccc2[N-]->3c2ccccc2)<-n2ccccc2)cc1,c1ccc([N-]2c3ccccc3[NH-]->[Co+5]<-23(<-[NH-]c2ccccc2[N-]->3c2ccccc2)<-n2ccccc2)cc1
TONXOL,,C23 H42 Mo1 N1 O2 P3,0.0,CC(C)P1(CCP2(CCP(C(C)C)(C(C)C)->[MoH+]<-2<-1(<-[C-]#[O+])<-[N-]=O)c1ccccc1)C(C)C,CC(C)P1(CCP2(CCP(C(C)C)(C(C)C)->[MoH+]<-2<-1(<-[C-]#[O+])<-[N-]=O)c1ccccc1)C(C)C,CC(C)P1(CCP2(CCP(C(C)C)(C(C)C)->[MoH+]<-2<-1(<-[C-]#[O+])<-[N-]=O)c1ccccc1)C(C)C
TOPYED,CC1=C(C)N(C)[C](->[Pd+2]23(<-[Cl-])<-C=C->2[CH2-]->3)N1C,C10 H17 Cl1 N2 Pd1,0.0,fail,CC1=C(C)N(C)[C](->[Pd+2]23(<-[Cl-])<-C=C->2[CH2-]->3)N1C,CC1=C(C)N(C)[C](->[Pd+2]23(<-[Cl-])<-C=C->2[CH2-]->3)N1C
TOQXEE,,C18 H34 Br1 Fe1 N3 O1 P2,0.0,CC(C)P1(Nc2cccc3NP(C(C)C)(C(C)C)->[FeH+]<-1(<-[Br-])(<-[C-]#[O+])<-n23)C(C)C,CC(C)P1(Nc2cccc3NP(C(C)C)(C(C)C)->[FeH+]<-1(<-[Br-])(<-[C-]#[O+])<-n23)C(C)C,CC(C)P1(Nc2cccc3NP(C(C)C)(C(C)C)->[FeH+]<-1(<-[Br-])(<-[C-]#[O+])<-n23)C(C)C
TORLIV,CC(C)(C)c1c2->[Zr+4]3456789(<-c%10c->3(C(C)(C)C)c->4[c-]->5([Si](C)(C)[c-]->6(c->71)c->82C)c->9%10C)(<-[N-]1CCCC1)<-[N-]1CCCC1,C30 H50 N2 Si1 Zr1,0.0,CC(C)(C)c12->[Zr+4]3456789%10(<-c1c->3([Si](C)(C)c->41c->5c->6(C(C)(C)C)[cH-]->7c->81C)c->9(C)[cH-]->%102)(<-[N-]1CCCC1)<-[N-]1CCCC1,CC(C)(C)c12->[Zr+4]3456789%10(<-c1c->3(C)[c-]->4([Si](C)(C)[c-]->51c->6c->7(C(C)(C)C)c->8c->91C)c->%102)(<-[N-]1CCCC1)<-[N-]1CCCC1,CC(C)(C)c12->[Zr+4]3456789%10(<-c1c->3(C)[c-]->4([Si](C)(C)[c-]->51c->6c->7(C(C)(C)C)c->8c->91C)c->%102)(<-[N-]1CCCC1)<-[N-]1CCCC1
TOTBAF,CC12CS->[Fe+2]3(<-[S-]c4ccccc4[S-]->3)(<-P(C1)(c1ccccc1)c1ccccc1)<-P(C2)(c1ccccc1)c1ccccc1,C35 H34 Fe1 P2 S3,0.0,fail,CC12CS->[Fe]3(<-S=C4C=CC=CC4=S->3)(<-P(C1)(c1ccccc1)c1ccccc1)<-P(C2)(c1ccccc1)c1ccccc1,CC12CS->[Fe]3(<-S=C4C=CC=CC4=S->3)(<-P(C1)(c1ccccc1)c1ccccc1)<-P(C2)(c1ccccc1)c1ccccc1
TOWCIR,CCN1(CCN(C)C)CCN(C)(C)->[Ni+2]<-1(<-[N-]=C=S)<-[N-]=C=S,C12 H25 N5 Ni1 S2,0.0,CCN12CCN(C)(C)->[Ni+2]<-1(<-[N-]=C=S)(<-[N-]=C=S)<-N(C)(C)CC2,CCN12CCN(C)(C)->[Ni+2]<-1(<-[N-]=C=S)(<-[N-]=C=S)<-N(C)(C)CC2,CCN12CCN(C)(C)->[Ni+2]<-1(<-[N-]=C=S)(<-[N-]=C=S)<-N(C)(C)CC2
TOWSIH,Cc12->[Mo+2]3456(<-[Cl-])(<-c1(C)c->3(C)[c-]->4(C)c->52C)<-P(CCP->6(c1ccccc1)c1ccccc1)(c1ccccc1)c1ccccc1,C36 H39 Cl1 Mo1 P2,0.0,Cc12->[Mo+2]3456(<-[Cl-])(<-c1(C)c->3(C)[c-]->4(C)c->52C)<-P(CCP->6(c1ccccc1)c1ccccc1)(c1ccccc1)c1ccccc1,Cc12->[Mo+2]3456(<-[Cl-])(<-c1(C)c->3(C)[c-]->4(C)c->52C)<-P(CCP->6(c1ccccc1)c1ccccc1)(c1ccccc1)c1ccccc1,Cc12->[MoH+3]3456(<-[Cl-])(<-c1(C)c->3(C)[c-]->4(C)c->52C)<-P(CCP->6(c1ccccc1)c1ccccc1)(c1[c-]cccc1)c1ccccc1
TOXMAW,COc1ccccc1/N1=C/c2ccccn2->[Zn+2]<-1(<-[Br-])<-[Br-],C13 H12 Br2 N2 O1 Zn1,0.0,CO1c2ccccc2N2=Cc3ccccn3->[Zn+2]<-2<-1(<-[Br-])<-[Br-],COc1ccccc1N1=Cc2ccccn2->[Zn+2]<-1(<-[Br-])<-[Br-],COc1ccccc1N1=Cc2ccccn2->[Zn+2]<-1(<-[Br-])<-[Br-]
TOZWOU,Cc1cc(C)c([N-]2[N-][N-][N-]([C+]3[C+](C(C)C)[CH+][CH+][CH-][C-]3C(C)C)->[Ir+3]<-23456<-c2(C)c->3(C)c->4(C)[c-]->5(C)c->62C)c(C)c1,C31 H43 Ir1 N4,0.0,Cc1cc(C)c([N-]2N=N[N-](c3c(C(C)C)cccc3C(C)C)->[Ir+3]<-23456<-c2(C)c->3(C)c->4(C)[c-]->5(C)c->62C)c(C)c1,Cc1cc(C)c(N2=NN=N(c3c(C(C)C)cccc3C(C)C)->[Ir+]<-23456<-c2(C)c->3(C)c->4(C)[c-]->5(C)c->62C)c(C)c1,Cc1cc(C)c(N2=NN=N(c3c(C(C)C)cccc3C(C)C)->[Ir+]<-23456<-c2(C)c->3(C)c->4(C)[c-]->5(C)c->62C)c(C)c1
TRIENI,NCCN1CCN(CCN)->[Ni+2]<-1(<-[N-]=C=S)<-[N-]=C=S,C8 H18 N6 Ni1 S2,0.0,S=C=[N-]->[Ni+2]123(<-[N-]=C=S)<-NCCN->1CCN->2CCN->3,S=C=[N-]->[Ni+2]123(<-[N-]=C=S)<-NCCN->1CCN->2CCN->3,NCCN1CCN(CCN)->[Ni+2]<-1(<-[N-]=C=S)<-[N-]=C=S
TUCSEQ,CC(C)c1cccc(C(C)C)c1N1CCN(c2c(C(C)C)cccc2C(C)C)[C]1->[Pd+2]1234(<-[Cl-])<-c5c->1c->2[cH-]->3c->45,C32 H43 Cl1 N2 Pd1,0.0,CC(C)c1cccc(C(C)C)c1N1CCN(c2c(C(C)C)cccc2C(C)C)[C]1->[Pd+2]1234(<-[Cl-])<-c5c->1c->2[cH-]->3c->45,CC(C)c1cccc(C(C)C)c1N1CCN(c2c(C(C)C)cccc2C(C)C)[C]1->[Pd+2]1234(<-[Cl-])<-c5c->1c->2[cH-]->3c->45,CC(C)c1cccc(C(C)C)c1N1CCN(c2c(C(C)C)cccc2C(C)C)[C]1->[Pd+2]1234(<-[Cl-])<-c5c->1c->2[cH-]->3c->45
TUDTIW,CC(=O)[O-]->[Ag+]<-[C]1N(C)c2c(n(C)c(=O)n(CCO)c2=O)N1C,C12 H17 Ag1 N4 O5,0.0,CC(=O)[O-]->[Ag+]<-[C]1N(C)c2c(n(C)c(=O)n(CCO)c2=O)N1C,CC(=O)[O-]->[Ag+]<-[C]1N(C)c2c(n(C)c(=O)n(CCO)c2=O)N1C,CC1=O->[Ag+](<-[O-]1)<-[C]1N(C)c2c(n(C)c(=O)n(CCO)c2=O)N1C
TUGPAN,Cc1cc(C)n2->[Pd+2]3(<-[CH3-])<-n4c(C)cc(C)n4CCS->3CCn12,C15 H25 N4 Pd1 S1 1+,1.0,Cc1cc(C)n2->[Pd+2]3(<-[CH3-])<-n4c(C)cc(C)n4CCS->3CCn12,Cc1cc(C)n2->[Pd+2]3(<-[CH3-])<-n4c(C)cc(C)n4CCS->3CCn12,Cc1cc(C)n2->[Pd+2]3(<-[CH3-])<-n4c(C)cc(C)n4CCS->3CCn12
TUHQOD,,C30 H44 B1 Ir1 N3 O3 1+,1.0,C[N+]1=C([B-]2(C3=N(->[Ir+]456(<-C7=C->4CCC->5=C->6CC7)<-N4=C2OCC4(C)C)C(C)(C)CO3)c2ccccc2)OCC1(C)C,C[N+]1=C([B-]2(C3=N(->[Ir+]456(<-C7=C->4CCC->5=C->6CC7)<-N4=C2OCC4(C)C)C(C)(C)CO3)c2ccccc2)OCC1(C)C,C[N+]1=C([B-]2(C3=N(->[Ir+]456(<-C7=C->4CCC->5=C->6CC7)<-N4=C2OCC4(C)C)C(C)(C)CO3)c2ccccc2)OCC1(C)C
TUKHEM,CC1/C=C(/C)[O-]->[Mo+6]2(<-[N-2]N(c3ccccc3)c3ccccc3)(<-[N-2]N(c3ccccc3)c3ccccc3)(<-O=1)<-O=C(C)/C=C(/C)[O-]->2,C34 H34 Mo1 N4 O4,0.0,CC1=CC(C)=O->[Mo+4]2(<-[N-]N(c3ccccc3)c3ccccc3)(<-[N-]N(c3ccccc3)c3ccccc3)(<-O=C(C)C=C(C)[O-]->2)<-[O-]1,CC1=CC(C)=O->[Mo+6]2(<-[N-2]N(c3ccccc3)c3ccccc3)(<-[N-2]N(c3ccccc3)c3ccccc3)(<-O=C(C)C=C(C)[O-]->2)<-[O-]1,CC1=CC(C)=O->[Mo+6]2(<-[N-2]N(c3ccccc3)c3ccccc3)(<-[N-2]N(c3ccccc3)c3ccccc3)(<-O=C(C)C=C(C)[O-]->2)<-[O-]1
TUKTOI,CN1(C)CC[Se](c2ccccc2)->[Pt+2]<-1(<-[Cl-])<-[Cl-],C10 H15 Cl2 N1 Pt1 Se1,0.0,CN1(C)CC[Se](c2ccccc2)->[Pt+2]<-1(<-[Cl-])<-[Cl-],[CH2-]CN(C)(C)->[Pt+4](<-[Cl-])(<-[Cl-])<-[Se-]c1ccccc1,[CH2-]CN(C)(C)->[Pt+4](<-[Cl-])(<-[Cl-])<-[Se-]c1ccccc1
TULQUO,CCN(CC)C1/N=C(/c2ccccc2)[N-]2c3ccccc3/C(C)=N3/N=C(/NC)[S-]->[Ni@+2]<-3<-2<-S=1,C22 H26 N6 Ni1 S2,0.0,CCN(CC)C1N=C(c2ccccc2)[N-]2c3ccccc3C(C)=N3N=C(NC)[S-]->[Ni+2]<-3<-2<-S=1,CCN(CC)C1N=C(c2ccccc2)N2=C3C=CC=CC3=C(C)N3=NC(NC)=S->[Ni]<-3<-2<-S=1,CCN(CC)C1N=C(c2ccccc2)N2=C3C=CC=CC3=C(C)N3=NC(NC)=S->[Ni]<-3<-2<-S=1
TUMXUU,,C25 H34 Se5 Ti1,0.0,CCc12->[Ti+4]3456789%10(<-[Se-]c%11[se]c(=[Se])[se]c%11[Se-]->3)(<-c1(C)c->4(C)[c-]->5(C)c->62C)<-c1(C)c->7(C)c->8(C)[c-]->9(CC)c->%101C,CCc12->[Ti+4]3456789%10(<-[Se-]c%11[se]c(=[Se])[se]c%11[Se-]->3)(<-c(C)(c->41C)c->5(C)[c-]->62C)<-c1(C)c->7(C)c->8(CC)[c-]->9(C)c->%101C,CCc12->[Ti+4]3456789%10(<-[Se-]c%11[se]c(=[Se])[se]c%11[Se-]->3)(<-c(C)(c->41C)c->5(C)[c-]->62C)<-c1(C)c->7(C)c->8(CC)[c-]->9(C)c->%101C
TUNHIV,O=C(c1ccc(C(F)(F)F)cc1)c1ccccc1[N-]1C(=O)CN2(CC(=O)/N3=C4\C=CC=C\C4=C(\[O-]->[Pd@SP1+2]<-3<-1<-2)c1ccccc1)Cc1ccccc1,C38 H28 F3 N3 O4 Pd1,0.0,O=C(c1ccc(C(F)(F)F)cc1)c1ccccc1[N-]1C(=O)CN2(CC(=O)[N-]3c4ccccc4C(=O->[Pd+2]<-1<-3<-2)c1ccccc1)Cc1ccccc1,O=C(c1ccc(C(F)(F)F)cc1)c1ccccc1[N-]1C(=O)CN2(CC(=O)N3=C4C=CC=CC4=C([O-]->[Pd+2]<-3<-1<-2)c1ccccc1)Cc1ccccc1,O=C(c1ccc(C(F)(F)F)cc1)c1ccccc1[N-]1C(=O)CN2(CC(=O)N3=C4C=CC=CC4=C([O-]->[Pd+2]<-3<-1<-2)c1ccccc1)Cc1ccccc1
TUQBUE,CC1/C=C(/C)[O-]->[Pt+2]2(<-O=1)<-[c-]1cc(Br)ccc1-c1ccccn->21,C16 H14 Br1 N1 O2 Pt1,0.0,fail,CC1=CC(C)=O->[Pt+2]2(<-[O-]1)<-[c-]1cc(Br)ccc1-c1ccccn->21,CC1=CC(C)=O->[Pt+2]2(<-[O-]1)<-[c-]1cc(Br)ccc1-c1ccccn->21
TURFOC,O->[Cu+]1(<-O)<-c2ccccc2-c2ccccc2P->1(C1CCCCC1)C1CCCCC1,C24 H35 Cu1 O2 P1 1+,1.0,O->[Cu+2]1(<-O)<-[c-]2ccccc2-c2ccccc2P->1(C1CCCCC1)C1CCCCC1,O->[Cu+](<-O)<-P(c1ccccc1-c1ccccc1)(C1CCCCC1)C1CCCCC1,O->[Cu+]1(<-O)<-c2ccccc2-c2ccccc2P->1(C1CCCCC1)C1CCCCC1
TURRIJ,,C19 H24 B1 Mn1 N2 O3,0.0,CN(C)c1cc[n+]([BH-](C(C)(C)C)c23->[Mn+]456(<-[C-]#[O+])(<-[C-]#[O+])(<-[C-]#[O+])<-c(c->4[cH-]->52)c->63)cc1,CN(C)c1cc[n+]([BH-](C(C)(C)C)c23->[Mn+]456(<-[C-]#[O+])(<-[C-]#[O+])(<-[C-]#[O+])<-c(c->4[cH-]->52)c->63)cc1,CN(C)c1cc[n+]([BH-](C(C)(C)C)c23->[Mn+]456(<-[C-]#[O+])(<-[C-]#[O+])(<-[C-]#[O+])<-c(c->4[cH-]->52)c->63)cc1
TUSTAD,CS(C)(=O)->[Ru+2]1(<-[Cl-])(<-O=c2c([O-]->1)c(-c1ccc(OCc3ccccc3)cc1)oc1ccccc21)(<-S(C)(C)=O)<-S(C)(C)=O,C28 H33 Cl1 O7 Ru1 S3,0.0,CS(C)(=O)->[Ru+2]1(<-[Cl-])(<-O=c2c([O-]->1)c(-c1ccc(OCc3ccccc3)cc1)oc1ccccc21)(<-S(C)(C)=O)<-S(C)(C)=O,CS(C)(=O)->[Ru+2]1(<-[Cl-])(<-O=c2c([O-]->1)c(-c1ccc(OCc3ccccc3)cc1)oc1ccccc21)(<-S(C)(C)=O)<-S(C)(C)=O,CS(C)(=O)->[Ru+2]1(<-[Cl-])(<-O=c2c([O-]->1)c(-c1ccc(OCc3ccccc3)cc1)oc1ccccc21)(<-S(C)(C)=O)<-S(C)(C)=O
TUTLEB,Cc1ccc(/N=C/c2cccc[c-]2->[Hg+2]<-[N-2][N+]#N)cc1C,C15 H14 Hg1 N4,0.0,Cc1ccc(N2=Cc3cccc[c-]3->[Hg+2]<-2<-[N-]=[N+]=[N-])cc1C,Cc1ccc(N=Cc2cccc[c-]2->[Hg+2]<-[N-2][N+]#N)cc1C,Cc1ccc(N=Cc2cccc[c-]2->[Hg+2]<-[N-2][N+]#N)cc1C
TUVKOK,,C24 H42 Mo1 S2 Si4,0.0,fail,C[Si](C)(C)c12->[Mo+2]3456789%10%11(<-c(c->31)c->4[c-]->5([Si](C)(C)C)c->62=S)<-c1c->7c->8([Si](C)(C)C)c->9(=S)[c-]->%10([Si](C)(C)C)c->%111,C[Si](C)(C)c12->[Mo+2]3456789%10%11(<-c(c->31)c->4[c-]->5([Si](C)(C)C)c->62=S)<-c1c->7c->8([Si](C)(C)C)c->9(=S)[c-]->%10([Si](C)(C)C)c->%111
TUXHUQ,[Cl-]->[Cd+2]12<-N3=C\c4ccccc4OCCOc4ccccc4/C=N->1/CCN(Cc1ccccn->21)CC\3,C26 H28 Cd1 Cl1 N4 O2 1+,1.0,[Cl-]->[Cd+2]1234<-N5=Cc6ccccc6OCCO->1c1ccccc1C=N->2CCN->3(Cc1ccccn->41)CC5,[Cl-]->[Cd+2]1234<-N5=Cc6ccccc6OCCO->1c1ccccc1C=N->2CCN->3(Cc1ccccn->41)CC5,[Cl-]->[Cd+2]1234<-N5=Cc6ccccc6OCCO->1c1ccccc1C=N->2CCN->3(Cc1ccccn->41)CC5
TUXXUH,,C30 H33 Cl1 F3 Ir1 N2 O2,0.0,CCCCn1c2-c3ccc(C(F)(F)F)c[c-]3->[Ir+3]3456(<-[Cl-])(<-n2c2cc(C(=O)OC)ccc21)<-c1(C)c->3(C)c->4(C)[c-]->5(C)c->61C,CCCCn1c2-c3ccc(C(F)(F)F)c[c-]3->[Ir+3]3456(<-[Cl-])(<-n2c2cc(C(=O)OC)ccc21)<-c1(C)c->3(C)c->4(C)[c-]->5(C)c->61C,CCCCn1c2-c3ccc(C(F)(F)F)c[c-]3->[Ir+3]3456(<-[Cl-])(<-n2c2cc(C(=O)OC)ccc21)<-c1(C)c->3(C)c->4(C)[c-]->5(C)c->61C
TUZJEE,,C39 H33 Cl1 Ir1 N1 O1 P2,0.0,fail,CN[C]1c2ccccc2P(c2ccccc2)(c2ccccc2)->[IrH+2]<-12(<-[Cl-])<-[C-](=O)c1ccccc1P->2(c1ccccc1)c1ccccc1,CN[C]1c2ccccc2P(c2ccccc2)(c2ccccc2)->[IrH+2]<-12(<-[Cl-])<-[C-](=O)c1ccccc1P->2(c1ccccc1)c1ccccc1
UBAMUI,,C28 H26 La1 N9 O11,0.0,CC1NN2=C(c3ccccc3)c3ccccn3->[La+3]<-234567(<-O=1)(<-O=C(C)NN->3=C(c1ccccc1)c1ccccn->41)(<-[O-][N+](=O)[O-]->5)(<-[O-][N+](=O)[O-]->6)<-[O-][N+](=O)[O-]->7,CC1NN2C(C3CCCCC3)C3CCCCN3[La]23456789%10(<-N(O)(O3)O4)(<-N(O)(O5)O6)(<-N(O)(O7)O8)(O1)OC(C)NN9C(C1CCCCC1)C1CCCCN1%10,CC1NN2C(C3CCCCC3)C3CCCCN3[La]23456789%10(<-N(O)(O3)O4)(<-N(O)(O5)O6)(<-N(O)(O7)O8)(O1)OC(C)NN9C(C1CCCCC1)C1CCCCN1%10
UBESUR,,C20 H40 Cr1 N4,0.0,CC(C)(C)N1=CC=N(C(C)(C)C)->[Cr]<-12<-N(=CC=N->2C(C)(C)C)C(C)(C)C,CC(C)(C)N1=CC=N(C(C)(C)C)->[Cr]<-12<-N(=CC=N->2C(C)(C)C)C(C)(C)C,CC(C)(C)N1=CC=N(C(C)(C)C)->[Cr]<-12<-N(=CC=N->2C(C)(C)C)C(C)(C)C
UBISAZ,CC(C)P(=N->[Ni@OH9+2]12<-[S-]c3ccccc3N3CCN(c4ccccc4[S-]->1)[C]->23)(C(C)C)C(C)C,C24 H34 N3 Ni1 P1 S2,0.0,CC(C)P(=N->[Ni+2]12<-[S-]c3ccccc3N3CCN(c4ccccc4[S-]->1)[C]->23)(C(C)C)C(C)C,CC(C)P(=N->[Ni+2]12<-[S-]c3ccccc3N3CCN(c4ccccc4[S-]->1)[C]->23)(C(C)C)C(C)C,CC(C)P(=N->[Ni+2]12<-[S-]c3ccccc3N3CCN(c4ccccc4[S-]->1)[C]->23)(C(C)C)C(C)C
UBOYAO,CC(C)c1cccc(C(C)C)c1N1C=CN2C3=C(->[Pd+2](<-[Br-])(<-[Br-])<-[C]21)=CC=CC=C3,C22 H24 Br2 N2 Pd1,0.0,CC(C)c1cccc(C(C)C)c1N1C=CN2C3=CC=CC=C[C-]3->[Pd+3](<-[Br-])(<-[Br-])<-[C]21,CC(C)c1cccc(C(C)C)c1N1C=CN2C3=C(->[Pd+2](<-[Br-])(<-[Br-])<-[C]21)=CC=CC=C3,CC(C)c1cccc(C(C)C)c1N1C=CN2C3=C(->[Pd+2](<-[Br-])(<-[Br-])<-[C]21)=CC=CC=C3
UCAWAX,CC[C@@H]1[O-]->[Os+6]2(<-[O-2])(<-[O-2])(<-[N-]3C(=O)OCC[C@@H]13)<-N(C)(C)CCN->2(C)C,C13 H27 N3 O5 Os1,0.0,CCC1[O-]->[Os+6]2(<-[O-2])(<-[O-2])(<-[N-]3C(=O)OCCC13)<-N(C)(C)CCN->2(C)C,CCC1[O-]->[Os+6]2(<-[O-2])(<-[O-2])(<-[N-]3C(=O)OCCC13)<-N(C)(C)CCN->2(C)C,CCC1[O-]->[Os+6]2(<-[O-2])(<-[O-2])(<-[N-]3C(=O)OCCC13)<-N(C)(C)CCN->2(C)C
UCELIY,CC1(C)N(O)C(c2nccs2)=N(->[Ni+2]2(<-[O-][N+](=O)[O-]->2)<-N2=C(c3nccs3)N(O)C(C)(C)C2(C)C)C1(C)C,C20 H30 N7 Ni1 O5 S2 1+,1.0,CC1(C)N(O)C2c3sccn3->[Ni+2]34(<-[O-][N+](=O)[O-]->3)(<-N=2C1(C)C)<-N1=C(c2sccn->42)N(O)C(C)(C)C1(C)C,CC1(C)N(O)C2c3sccn3->[Ni+2]34(<-[O-][N+](=O)[O-]->3)(<-N=2C1(C)C)<-N1=C(c2sccn->42)N(O)C(C)(C)C1(C)C,CC1(C)N(O)C(c2nccs2)=N(->[Ni+2]23(<-[O-][N+]->2(=O)[O-]->3)<-N2=C(c3nccs3)N(O)C(C)(C)C2(C)C)C1(C)C
UCISAA,,C4 H10 Cl2 N2 Ni1 O2,0.0,CC#N->[Ni+2](<-O)(<-O)(<-[Cl-])(<-[Cl-])<-N#CC,CC#N->[Ni+2](<-O)(<-O)(<-[Cl-])(<-[Cl-])<-N#CC,CC#N->[Ni+2](<-[Cl-])(<-[Cl-])<-N#CC.O.O
UCUPIU,CC(C)P1(Oc2cccc3OP(C(C)C)(C(C)C)->[Ni@SP1+2]<-1(<-[S-]C=S)<-[c-]23)C(C)C,C19 H32 Ni1 O2 P2 S2,0.0,CC(C)P1(Oc2cccc3OP(C(C)C)(C(C)C)->[Ni+2]<-1(<-[S-]C=S)<-[c-]23)C(C)C,CC(C)P1(Oc2cccc3OP(C(C)C)(C(C)C)->[Ni+2]<-1(<-[S-]C=S)<-[c-]23)C(C)C,CC(C)P1(Oc2cccc3OP(C(C)C)(C(C)C)->[Ni+2]<-14(<-S=C[S-]->4)<-[c-]23)C(C)C
UDAHEN,Brc1ccc(/N2=N/[N-](c3ccc(Br)cc3)->[Hg+2]<-23<-N(=N\[N-]->3c2ccc(Br)cc2)/c2ccc(Br)cc2)cc1,C24 H16 Br4 Hg1 N6,0.0,Brc1ccc([N-]2[N-][N-](c3ccc(Br)cc3)->[Hg+6]<-23<-[N-]([N-][N-]->3c2ccc(Br)cc2)c2ccc(Br)cc2)cc1,Brc1ccc(N=N[N-](->[Hg+2]<-[N-](N=Nc2ccc(Br)cc2)c2ccc(Br)cc2)c2ccc(Br)cc2)cc1,Brc1ccc(N=N[N-]c2ccc(Br)cc2)cc1.Brc1ccc(N=N[N-]c2ccc(Br)cc2)cc1.[Hg+2]
UDEPEZ,,C36 H31 Cl2 O1 P2 Re1,0.0,[O-2]->[ReH+4](<-[Cl-])(<-[Cl-])(<-P(c1ccccc1)(c1ccccc1)c1ccccc1)<-P(c1ccccc1)(c1ccccc1)c1ccccc1,[O-2]->[ReH+4](<-[Cl-])(<-[Cl-])(<-P(c1ccccc1)(c1ccccc1)c1ccccc1)<-P(c1ccccc1)(c1ccccc1)c1ccccc1,[O-2]->[ReH+4](<-[Cl-])(<-[Cl-])(<-P(c1ccccc1)(c1ccccc1)c1ccccc1)<-P(c1ccccc1)(c1ccccc1)c1ccccc1
UDIMAW,CC(C)(C)c1cc2-c3ccc4nc5ccccc5cc4n3->[Pd@OH17+2]3(<-[Cl-])<-n2c(-c2ccc4nc5ccccc5cc4n->32)c1,C33 H25 Cl1 N5 Pd1 1+,1.0,CC(C)(C)c1cc2-c3ccc4nc5ccccc5cc4n3->[Pd+2]3(<-[Cl-])<-n2c(-c2ccc4nc5ccccc5cc4n->32)c1,CC(C)(C)C1=CC2=C3C=Cc4nc5ccccc5cc4[N-]3->[Pd+4]3(<-[Cl-])<-n4c(C(=C1)[N-]->32)ccc1nc2ccccc2cc14,CC(C)(C)C1=CC2=C3C=Cc4nc5ccccc5cc4[N-]3->[Pd+4]3(<-[Cl-])<-n4c(C(=C1)[N-]->32)ccc1nc2ccccc2cc14
UDOBOG,COC(C#[C-]->[W](<-[C-]#[O+])(<-[C-]#[O+])(<-[C-]#[O+])(<-[C-]#[O+])<-P(C(C)C)(C(C)C)C(C)C)=[N+](C)C,C19 H30 N1 O5 P1 W1,0.0,COC(C#[C-]->[W](<-[C-]#[O+])(<-[C-]#[O+])(<-[C-]#[O+])(<-[C-]#[O+])<-P(C(C)C)(C(C)C)C(C)C)=[N+](C)C,COC(C#[C-]->[W](<-[C-]#[O+])(<-[C-]#[O+])(<-[C-]#[O+])(<-[C-]#[O+])<-P(C(C)C)(C(C)C)C(C)C)=[N+](C)C,COC(C#[C-]->[W](<-[C-]#[O+])(<-[C-]#[O+])(<-[C-]#[O+])(<-[C-]#[O+])<-P(C(C)C)(C(C)C)C(C)C)=[N+](C)C
UDODOI,COC(C#[C-]->[W](<-[C-]#[O+])(<-[C-]#[O+])(<-[C-]#[O+])(<-[C-]#[O+])<-[P@TB7](c1ccc(C)cc1)(c1ccc(C)cc1)c1ccc(C)cc1)=[N+](C)C,C31 H30 N1 O5 P1 W1,0.0,COC(C#[C-]->[W](<-[C-]#[O+])(<-[C-]#[O+])(<-[C-]#[O+])(<-[C-]#[O+])<-P(c1ccc(C)cc1)(c1ccc(C)cc1)c1ccc(C)cc1)=[N+](C)C,C[O+]=C(C#[C-]->[W](<-[C-]#[O+])(<-[C-]#[O+])(<-[C-]#[O+])(<-[C-]#[O+])<-P(c1ccc(C)cc1)(c1ccc(C)cc1)c1ccc(C)cc1)N(C)C,C[O+]=C(C#[C-]->[W](<-[C-]#[O+])(<-[C-]#[O+])(<-[C-]#[O+])(<-[C-]#[O+])<-P(c1ccc(C)cc1)(c1ccc(C)cc1)c1ccc(C)cc1)N(C)C
UDOMEG,Nc1cccc2CN3Cc4cccc(N)n4->[Zn+2](<-[OH-])(<-n12)<-n1c(N)cccc1C3,C18 H22 N7 O1 Zn1 1+,1.0,Nc1cccc2CN34Cc5cccc(N)n5->[Zn+2]<-3(<-[OH-])(<-n12)<-n1c(N)cccc1C4,Nc1cccc2CN34Cc5cccc(N)n5->[Zn+2]<-3(<-[OH-])(<-n12)<-n1c(N)cccc1C4,Nc1cccc2CN34Cc5cccc(N)n5->[Zn+2]<-3(<-[OH-])(<-n12)<-n1c(N)cccc1C4
UDOQEK,,C40 H18 Cl8 N4 Ni1 S4,0.0,fail,Clc1cc(Cl)cc(-c2nc3c(s2)=CC2=N4C(c5cc(Cl)cc(Cl)c5)C(c5cc(Cl)cc(Cl)c5)[N-]5c6cc7sc(-c8cc(Cl)cc(Cl)c8)nc7cc6[S-]->[Ni+2]<-4<-5<-S=C2C=3)c1,Clc1cc(Cl)cc(-c2nc3c(s2)=CC2=N4C(c5cc(Cl)cc(Cl)c5)C(c5cc(Cl)cc(Cl)c5)[N-]5c6cc7sc(-c8cc(Cl)cc(Cl)c8)nc7cc6[S-]->[Ni+2]<-4<-5<-S=C2C=3)c1
UDUVUK,c1ccc(C2S[S-]->[Tc+3]34(<-S=2)(<-S=C(S[S-]->3)c2ccccc2)<-S=C([S-]->4)c2ccccc2)cc1,C21 H15 S8 Tc1,0.0,fail,c1ccc(C2=S->[Tc+3]34(<-S=[SH]C(=S->3)c3ccccc3)(<-S=[SH]C(=S->4)c3ccccc3)<-[S-]2)cc1,c1ccc(C2=S->[Tc+3]34(<-S=[SH]C(=S->3)c3ccccc3)(<-S=[SH]C(=S->4)c3ccccc3)<-[S-]2)cc1
UFAVEC,c1ccc(CN2CCN3CCN(Cc4ccccc4)->[Ag+]<-2<-N(CC3)Cc2ccccc2)cc1,C27 H36 Ag1 N4 1+,1.0,c1ccc(CN2CCN34CCN(Cc5ccccc5)->[Ag+]<-2<-3<-N(CC4)Cc2ccccc2)cc1,c1ccc(CN2CCN34CCN(Cc5ccccc5)->[Ag+]<-2<-3<-N(CC4)Cc2ccccc2)cc1,c1ccc(CN2CCN3CCN(Cc4ccccc4)->[Ag+]<-2<-N(CC3)Cc2ccccc2)cc1
UFENIF,CC(C)(C)[C@H]1COC(c2cccc[c-]2->[Hg+2]<-[Cl-])=N1,C13 H16 Cl1 Hg1 N1 O1,0.0,CC(C)(C)C1COC2c3cccc[c-]3->[Hg+2](<-[Cl-])<-N=21,CC(C)(C)C1COC(c2cccc[c-]2->[Hg+2]<-[Cl-])=N1,CC(C)(C)C1COC(c2cccc[c-]2->[Hg+2]<-[Cl-])=N1
UFULUD,C=C(C)C1=CC(=O)C23C4(C)=C->[Fe]<-4<-2(<-[C-]#[O+])(<-[C-]#[O+])(<-[C-]#[O+])<-C=3C1=O,C15 H12 Fe1 O5,0.0,C=C(C)C1=CC(=O)C23C4(C)=C->[Fe]<-4<-2(<-[C-]#[O+])(<-[C-]#[O+])(<-[C-]#[O+])<-C=3C1=O,C=C(C)C1=CC(=O)C23=C4(C)[CH2-]->[Fe+2]<-4<-2(<-[C-]#[O+])(<-[C-]#[O+])(<-[C-]#[O+])<-[CH-]3C1=O,C=C(C)C1=CC(=O)C23=C4(C)[CH2-]->[Fe+2]<-4<-2(<-[C-]#[O+])(<-[C-]#[O+])(<-[C-]#[O+])<-[CH-]3C1=O
UGANOH,CO/N=C1/C(c2ccccc2)=N(->[Pt+2](<-[Cl-])(<-[Cl-])<-S(C)(C)=O)c2ccc(OC)cc21,C18 H20 Cl2 N2 O3 Pt1 S1,0.0,CON=C1C(c2ccccc2)=N(->[Pt+2](<-[Cl-])(<-[Cl-])<-S(C)(C)=O)c2ccc(OC)cc21,CON=C1C(c2ccccc2)=N(->[Pt+2](<-[Cl-])(<-[Cl-])<-S(C)(C)=O)c2ccc(OC)cc21,CON=C1C(c2ccccc2)=N(->[Pt+2](<-[Cl-])(<-[Cl-])<-S(C)(C)=O)c2ccc(OC)cc21
UGEQAZ,,C23 H51 N1 Os1 P2,0.0,CC(C)P(C(C)C)(C(C)C)->[OsH4](<-n1ccccc1)<-P(C(C)C)(C(C)C)C(C)C,CC(C)P(C(C)C)(C(C)C)->[OsH4](<-n1ccccc1)<-P(C(C)C)(C(C)C)C(C)C,CC(C)P(C(C)C)(C(C)C)->[OsH4](<-n1ccccc1)<-P(C(C)C)(C(C)C)C(C)C
UGINEE,C1=C/C2=C/C3=N4->[Zn@OH16+2]56(<-N2=C1/C=C1/c2ccccc2/C(=C/[C-]2[c-]7[cH-][cH+][cH-][cH+][c+]7[C-](/C=C\4C=C3)[N-]->52)[NH2+]->61)<-n1ccccc1,C33 H21 N5 Zn1,0.0,C1=Cc2cc3c4ccccc4c4cc5n6->[Zn+2]7(<-n8ccccc8)(<-n2c1cc1ccc(cc6-c2ccccc2-5)[n-]->71)<-[n-]34,C1=Cc2cc3c4ccccc4c4cc5n6->[Zn+2]7(<-n8ccccc8)(<-n2c1cc1ccc(cc6-c2ccccc2-5)[n-]->71)<-[n-]34,C1=Cc2cc3c4ccccc4c4cc5n6->[Zn+2]7(<-n8ccccc8)(<-n2c1cc1ccc(cc6-c2ccccc2-5)[n-]->71)<-[n-]34
UGOKUW,O=C(O)CCCCCC1=O->[Zn+2]23(<-O=C(CCCCCC(=O)O)[O-]->2)(<-[O-]1)<-n1cccc2ccc4cccn->3c4c21,C26 H30 N2 O8 Zn1,0.0,O=C(O)CCCCCC(=O)[O-]->[Zn+2]1(<-[O-]C(=O)CCCCCC(=O)O)<-n2cccc3ccc4cccn->1c4c32,O=C(O)CCCCCC(=O)[O-]->[Zn+2]1(<-[O-]C(=O)CCCCCC(=O)O)<-n2cccc3ccc4cccn->1c4c32,O=C(O)CCCCCC12=O->[Zn+2]<-1345(<-O=C->3(CCCCCC(=O)O)[O-]->4)(<-[O-]2)<-n1cccc2ccc3cccn->5c3c21
UGULUE,,C12 H12 N2 Pt1 S2,0.0,CC12->[Pt+2]345(<-[S-]C(C#N)=C(C#N)[S-]->3)<-C=1(C)C->4(C)=C->52C,CC12->[Pt+2]345(<-[S-]C(C#N)=C(C#N)[S-]->3)<-C=1(C)C->4(C)=C->52C,CC12->[Pt+2]345(<-[S-]C(C#N)=C(C#N)[S-]->3)<-C=1(C)C->4(C)=C->52C
UHEFAQ,[Cl-]->[Pt@OH1+2]12<-N=C(/N=C(/c3ccc(Br)cc3)[N-]->1OC(=N->2)c1ccccc1)c1ccccc1,C21 H16 Br1 Cl1 N4 O1 Pt1,0.0,[Cl-]->[Pt+2]12<-N=C(ON->1=C(N=C([NH-]->2)c1ccccc1)c1ccc(Br)cc1)c1ccccc1,[Cl-]->[Pt+2]12<-N=C(N=C(c3ccc(Br)cc3)[N-]->1OC(=N->2)c1ccccc1)c1ccccc1,[Cl-]->[Pt+2]12<-N=C(N=C(c3ccc(Br)cc3)[N-]->1OC(=N->2)c1ccccc1)c1ccccc1
UHENOL,[BH2-]1n2ccccc2=S->[Cu@SP3+](<-S=c2ccccn21)<-P(c1ccccc1)(c1ccccc1)c1ccccc1,C28 H25 B1 Cu1 N2 P1 S2,0.0,[H]1[BH-]2n3ccccc3=S->[Cu+]<-1(<-S=c1ccccn12)<-P(c1ccccc1)(c1ccccc1)c1ccccc1,[BH2-]1n2ccccc2=S->[Cu+](<-S=c2ccccn21)<-P(c1ccccc1)(c1ccccc1)c1ccccc1,[BH2-]1n2ccccc2=S->[Cu+](<-S=c2ccccn21)<-P(c1ccccc1)(c1ccccc1)c1ccccc1
UHIMAA,,C21 H37 Mo1 N2 P3,0.0,CP(C)(C)->[MoH2]123(<-c4c5nc6ccccc6nc5c->1c->2c->34)(<-P(C)(C)C)<-P(C)(C)C,CP(C)(C)->[MoH2+2]123(<-C4=C->1[CH-]->2c1nc2ccccc2nc1[CH-]->34)(<-P(C)(C)C)<-P(C)(C)C,CP(C)(C)->[MoH2+2]123(<-C4=C->1[CH-]->2c1nc2ccccc2nc1[CH-]->34)(<-P(C)(C)C)<-P(C)(C)C
UHIZEQ,,C17 H14 Fe1 O4,0.0,fail,O=C1CCC[C-]12C1=C3[CH-](c4ccccc4)->[Fe+2]<-3<-1<-2(<-[C-]#[O+])(<-[C-]#[O+])<-[C-]#[O+],O=C1CCC[C-]12C1=C3[CH-](c4ccccc4)->[Fe+2]<-3<-1<-2(<-[C-]#[O+])(<-[C-]#[O+])<-[C-]#[O+]
UHUSEW,,C20 H12 N4 Ni1 O9,0.0,O=C(O)c1nc(C(=O)O)c2C(=O)[O-]->[Ni+2]34(<-O)(<-[O-]C(=O)c1n->32)<-n1cccc2ccc3cccn->4c3c21,O=C(O)c1nc(C(=O)O)c2C(=O)[O-]->[Ni+2]34(<-O)(<-[O-]C(=O)c1n->32)<-n1cccc2ccc3cccn->4c3c21,O.O=C(O)c1nc(C(=O)O)c2n3->[Ni+2]4(<-[O-]C(=O)c13)(<-[O-]C2=O)<-n1cccc2ccc3cccn->4c3c21
UJAKUL,,C20 H28 Ir1 O1 P1,0.0,Cc12->[Ir+3]3456(<-[C-](=O)c7cccc[c-]->37)(<-c1(C)c->4(C)[c-]->5(C)c->62C)<-P(C)(C)C,Cc12->[Ir+]3456(<-[C]7C=CC=CC7=C->3=O)(<-c1(C)c->4(C)[c-]->5(C)c->62C)<-P(C)(C)C,Cc12->[Ir+]3456(<-[C]7C=CC=CC7=C->3=O)(<-c1(C)c->4(C)[c-]->5(C)c->62C)<-P(C)(C)C
UJECUJ,N/C1=N/N(=C/c2cccc3cccnc23)->[Cd+2]2(<-[S-]1)<-[S-]/C(N)=N\N->2=C\c1cccc2cccnc12,C22 H18 Cd1 N8 S2,0.0,NC1=NN2=Cc3cccc4cccn(->[Cd+2]<-256(<-[S-]1)<-[S-]C(N)=NN->5=Cc1cccc2cccn->6c12)c34,NC1=NN2=Cc3cccc4cccn(->[Cd+2]<-256(<-[S-]1)<-[S-]C(N)=NN->5=Cc1cccc2cccn->6c12)c34,NC1=NN2=Cc3cccc4cccn(->[Cd+2]<-256(<-[S-]1)<-[S-]C(N)=NN->5=Cc1cccc2cccn->6c12)c34
UJEYAJ,Cc12->[Fe+2]345(<-[C-]#[O+])(<-[C-]#[O+])(<-B(=C6\C(F)=C(F)C(F)=C(F)[C-]6F)/c6c(F)c(F)c(F)c(F)c6F)<-c1(C)c->3(C)[c-]->4(C)c->52C,C24 H15 B1 F10 Fe1 O2,0.0,Cc12->[Fe+2]345(<-[C-]#[O+])(<-[C-]#[O+])(<-[BH2-](c6c(F)c(F)c(F)c(F)c6F)c6c(F)c(F)c(F)c(F)c6F)<-c1(C)c->3(C)[c-]->4(C)c->52C,Cc12->[Fe+2]345(<-[C-]#[O+])(<-[C-]#[O+])(<-B(=C6C(F)=C(F)C(F)=C(F)[C-]6F)c6c(F)c(F)c(F)c(F)c6F)<-c1(C)c->3(C)[c-]->4(C)c->52C,Cc12->[Fe+2]345(<-[C-]#[O+])(<-[C-]#[O+])(<-B(=C6C(F)=C(F)C(F)=C(F)[C-]6F)c6c(F)c(F)c(F)c(F)c6F)<-c1(C)c->3(C)[c-]->4(C)c->52C
UJOVAQ,[Br-]->[Mo+6]1(<-[Br-])(<-[N-2]N(c2ccccc2)c2ccccc2)(<-[N-2]N(c2ccccc2)c2ccccc2)<-n2cccc3ccc4cccn->1c4c32,C36 H28 Br2 Mo1 N6,0.0,[Br-]->[Mo+2]1(<-[Br-])(<-[N-]=[N+](c2ccccc2)c2ccccc2)(<-[N-]=[N+](c2ccccc2)c2ccccc2)<-n2cccc3ccc4cccn->1c4c32,[Br-]->[Mo+6]1(<-[Br-])(<-[N-2]N(c2ccccc2)c2ccccc2)(<-[N-2]N(c2ccccc2)c2ccccc2)<-n2cccc3ccc4cccn->1c4c32,[Br-]->[Mo+6]1(<-[Br-])(<-[N-2]N(c2ccccc2)c2ccccc2)(<-[N-2]N(c2ccccc2)c2ccccc2)<-n2cccc3ccc4cccn->1c4c32
UKEZOZ,CC/N1=C(\C)[N-](C(C)(C)C)->[Zr+4]<-12345(<-[Cl-])(<-[CH-](C)C)<-c1(C)c->2(C)c->3(C)[c-]->4(C)c->51C,C21 H39 Cl1 N2 Zr1,0.0,CC[N-]1C(C)=N(C(C)(C)C)->[Zr+4]<-12345(<-[Cl-])(<-[CH-](C)C)<-c1(C)c->2(C)c->3(C)[c-]->4(C)c->51C,CCN1=C(C)[N-](C(C)(C)C)->[Zr+4]<-12345(<-[Cl-])(<-[CH-](C)C)<-c1(C)c->2(C)c->3(C)[c-]->4(C)c->51C,CCN1=C(C)[N-](C(C)(C)C)->[Zr+4]<-12345(<-[Cl-])(<-[CH-](C)C)<-c1(C)c->2(C)c->3(C)[c-]->4(C)c->51C
UKOMUD,,C27 H36 B1 N9 O2 P1 W1 1+,1.0,CC(=O)NC=CC1=C(C=[N+]2CCc3ccccc32)->[W+2]<-123(<-[N-]=O)(<-n1cccn1[BH-](n1cccn->21)n1cccn->31)<-P(C)(C)C,CC(=O)NC=C[CH-]1C(=CN2CCc3ccccc32)->[W+4]<-123(<-[N-]=O)(<-n1cccn1[BH-](n1cccn->21)n1cccn->31)<-P(C)(C)C,CC(=O)NC=C[CH-]1C(=CN2CCc3ccccc32)->[W+4]<-123(<-[N-]=O)(<-n1cccn1[BH-](n1cccn->21)n1cccn->31)<-P(C)(C)C
UKUGUE,,C36 H28 Ir1 N6 1+,1.0,c1ccc(-c2cn3Cc4ccccn4->[Ir+3]45(<-[c-]6ccccc6-c6ccccn->46)(<-[c-]4ccccc4-c4ccccn->54)<-n3n2)cc1,c1ccc(-c2cn3Cc4ccccn4->[Ir+3]45(<-[c-]6ccccc6-c6ccccn->46)(<-[c-]4ccccc4-c4ccccn->54)<-n3n2)cc1,c1ccc(-c2cn3Cc4ccccn4->[Ir+3]45(<-[c-]6ccccc6-c6ccccn->46)(<-[c-]4ccccc4-c4ccccn->54)<-n3n2)cc1
UKUWON,CC1=O->[Zn+2]2(<-Nc3ccccc3N)(<-Nc3ccccc3N)(<-O=C(C)[O-]->2)<-[O-]1,C16 H22 N4 O4 Zn1,0.0,CC(=O)[O-]->[Zn+2](<-Nc1ccccc1N)(<-Nc1ccccc1N)<-[O-]C(C)=O,CC(=O)[O-]->[Zn+2](<-Nc1ccccc1N)(<-Nc1ccccc1N)<-[O-]C(C)=O,CC12=O->[Zn+2]<-134(<-Nc1ccccc1N)(<-Nc1ccccc1N)(<-O=C->3(C)[O-]->4)<-[O-]2
ULATIM,,C17 H37 N1 O1 P2 Ru1,0.0,CC(C)P1(CC[N-]2CCP(C(C)C)(C(C)C)->[RuH+]<-2<-1<-[C-]#[O+])C(C)C,CC(C)P1(CC[N-]2CCP(C(C)C)(C(C)C)->[RuH+]<-2<-1<-[C-]#[O+])C(C)C,CC(C)P1(CC[N-]2CCP(C(C)C)(C(C)C)->[RuH+]<-2<-1<-[C-]#[O+])C(C)C
ULONIS,CO1CC[c-]23->[Ti+4]<-1456(<-[Cl-])(<-[Cl-])(<-[Cl-])<-c(C)(c->4(C)c->52C)c->63C,C12 H19 Cl3 O1 Ti1,0.0,CO1CC[c-]23->[Ti+4]<-1456(<-[Cl-])(<-[Cl-])(<-[Cl-])<-c(C)(c->4(C)c->52C)c->63C,CO1CC[c-]23->[Ti+4]<-1456(<-[Cl-])(<-[Cl-])(<-[Cl-])<-c(C)(c->4(C)c->52C)c->63C,CO1CC[c-]23->[Ti+4]<-1456(<-[Cl-])(<-[Cl-])(<-[Cl-])<-c(C)(c->4(C)c->52C)c->63C
ULUJOC,C/C1=C/C(C)=N(/c2cccc3nsnc23)->[Zn+2]2(<-[O-]1)<-[O-]/C(C)=C\C(C)=N->2\c1cccc2nsnc12,C22 H20 N6 O2 S2 Zn1,0.0,CC1=CC(C)=N(c2cccc3nsnc23)->[Zn+2]2(<-[O-]1)<-[O-]C(C)=CC(C)=N->2c1cccc2nsnc12,CC1=CC(C)=N(c2cccc3nsnc23)->[Zn+2]2(<-[O-]1)<-[O-]C(C)=CC(C)=N->2c1cccc2nsnc12,CC1=CC(C)=N(c2cccc3nsnc23)->[Zn+2]2(<-[O-]1)<-[O-]C(C)=CC(C)=N->2c1cccc2nsnc12
UMAZAK,C/C1=C2\C=CC=N2->[Co+3]23(<-N4=CC=C/C4=C(\C)[N-]->2c2ccccc2)(<-N2=CC=C/C2=C(\C)[N-]->3c2ccccc2)<-[N-]1c1ccccc1,C36 H33 Co1 N6,0.0,CC1c2ccc[n-]2->[Co+3]23(<-N=1c1ccccc1)(<-N(=C(C)c1ccc[n-]->21)c1ccccc1)<-N(=C(C)c1ccc[n-]->31)c1ccccc1,CC1=C2C=CC=N2->[Co+3]23(<-N(=C(C)c4ccc[n-]->24)c2ccccc2)(<-N(=C(C)c2ccc[n-]->32)c2ccccc2)<-[N-]1c1ccccc1,CC1=C2C=CC=N2->[Co+3]23(<-N(=C(C)c4ccc[n-]->24)c2ccccc2)(<-N(=C(C)c2ccc[n-]->32)c2ccccc2)<-[N-]1c1ccccc1
UMIYUL,Cc1cc(C)[c-]2->[Cr+2]345678(<-[H]C->3c->42c1)(<-[C]1N(C(C)C)C=CN1C(C)C)<-c1c->5c->6[cH-]->7c->81,C23 H32 Cr1 N2,0.0,Cc1cc(C)[c-](->[Cr+2]2345(<-[C]6N(C(C)C)C=CN6C(C)C)<-c6c->2c->3[cH-]->4c->56)c(C)c1,Cc1cc(C)[c-](->[Cr+2]2345(<-[C]6N(C(C)C)C=CN6C(C)C)<-c6c->2c->3[cH-]->4c->56)c(C)c1,Cc1cc(C)[c-](->[Cr+2]2345(<-[C]6N(C(C)C)C=CN6C(C)C)<-c6c->2c->3[cH-]->4c->56)c(C)c1
UMOZEC,CCCCn1cc[n+]2-c3ccccc3/N3=c4\[cH-]cccc4-[n+]4ccn(CCCC)[c-]4->[Pd@TB5+2]<-3(<-[I-])<-[c-]12,C26 H30 I1 N5 Pd1,0.0,CCCCN1C=CN2c3ccccc3[N-]3c4ccccc4N4C=CN(CCCC)[C]4->[Pd+2]<-3(<-[I-])<-[C]12,CCCCN1C=C[N+]2=C3C=CC=CC3=N3c4ccccc4-[n+]4ccn(CCCC)[c-]4->[Pd+2]<-3(<-[I-])<-[CH-]12,CCCCN1C=C[N+]2=C3C=CC=CC3=N3c4ccccc4-[n+]4ccn(CCCC)[c-]4->[Pd+2]<-3(<-[I-])<-[CH-]12
UNAFOG,CC1=C(C)N(C)[C](->[Rh+]234567<-[H][BH2-]->2N->3(C2c3ccccc3C->4=C->5c3ccccc32)C2c3ccccc3C->6=C->7c3ccccc32)N1C,C37 H37 B1 N3 Rh1,0.0,CC1=C(C)N(C)[C](->[Rh+]23456<-[H][BH2-]N->2(C2c7ccccc7C->3=C->4c3ccccc32)C2c3ccccc3C->5=C->6c3ccccc32)N1C,CC1=C(C)N(C)[C](->[RhH]23456<-BN->2(C2c7ccccc7C->3=C->4c3ccccc32)C2c3ccccc3C->5=C->6c3ccccc32)N1C,CC1=C(C)N(C)[C](->[RhH]23456<-BN->2(C2c7ccccc7C->3=C->4c3ccccc32)C2c3ccccc3C->5=C->6c3ccccc32)N1C
UNAQEH,C/C1[O-]->[Ni+2]234(<-N=1\N->2=C(/c1ccccc1)c1ccccn->31)<-n1c(C)ccc2ccc3ccc(C)n->4c3c21,C28 H24 N5 Ni1 O1 1+,1.0,CC1=NN2=C(c3ccccc3)c3ccccn3->[Ni+2]<-23(<-[O-]1)<-n1c(C)ccc2ccc4ccc(C)n->3c4c21,CC1=NN2=C(c3ccccc3)c3ccccn3->[Ni+2]<-23(<-[O-]1)<-n1c(C)ccc2ccc4ccc(C)n->3c4c21,CC1=NN2=C(c3ccccc3)c3ccccn3->[Ni+2]<-23(<-[O-]1)<-n1c(C)ccc2ccc4ccc(C)n->3c4c21
UNEYET,Cc1cc(C)c(N2C=CN3CCP(c4ccccc4)(c4ccccc4)->[Pd]4(<-[C]32)<-C2=C->4C(=O)OC2=O)c(C)c1,C30 H29 N2 O3 P1 Pd1,0.0,Cc1cc(C)c(N2C=CN3CCP(c4ccccc4)(c4ccccc4)->[Pd]4(<-[C]32)<-C2=C->4C(=O)OC2=O)c(C)c1,Cc1cc(C)c(N2C=CN3CCP(c4ccccc4)(c4ccccc4)->[Pd+2]4(<-[C]32)<-[cH-]2c(=O)oc(=O)[cH-]->42)c(C)c1,Cc1cc(C)c(N2C=CN3CCP(c4ccccc4)(c4ccccc4)->[Pd+2]456(<-[C]32)<-[cH-]2[cH-]->4c->5(=O)oc->62=O)c(C)c1
UNINEK,,C21 H33 N1 O1 W1,0.0,fail,Cc12->[W+4]345678(<-C=C->3[C-]->4(C)CC3CCCC[CH-]->53)(<-[N-]=O)<-c1(C)c->6(C)[c-]->7(C)c->82C,Cc12->[W+4]345678(<-C=C->3[C-]->4(C)CC3CCCC[CH-]->53)(<-[N-]=O)<-c1(C)c->6(C)[c-]->7(C)c->82C
UNIWAR,CCP(CC)(CC)->[Pt+2](<-[CH3-])(<-[C]1c2cccn2[B-](F)(F)n2cccc21)<-P(CC)(CC)CC,C22 H39 B1 F2 N2 P2 Pt1,0.0,CCP(CC)(CC)->[Pt+2](<-[CH3-])(<-[C-]1=C2C=CC=[N+]2[B-](F)(F)n2cccc21)<-P(CC)(CC)CC,CCP(CC)(CC)->[Pt+2](<-[CH3-])(<-[C]1c2cccn2[B-](F)(F)n2cccc21)<-P(CC)(CC)CC,CCP(CC)(CC)->[Pt+2](<-[CH3-])(<-[C]1c2cccn2[B-](F)(F)n2cccc21)<-P(CC)(CC)CC
UNUKAR,,C26 H31 N7 O6 Zn1,0.0,CCC1(CC)C(=O)NC(=O)[N-](->[Zn+2]2(<-n3ccccc3Nc3ccccn->23)<-[N-]2C(=O)NC(=O)C(CC)(CC)C2=O)C1=O,CCC1(CC)C(=O)NC(=O)[N-](->[Zn+2]2(<-n3ccccc3Nc3ccccn->23)<-[N-]2C(=O)NC(=O)C(CC)(CC)C2=O)C1=O,CCC1(CC)C(=O)NC(=O)N2->[Zn+2]34(<-[O-]C=21)(<-[O-]C1=N->3C(=O)NC(=O)C1(CC)CC)<-n1ccccc1Nc1ccccn->41
UPIGEG,C/C1=N2\c3ccccc3[S@]3(=O)=O->[Fe+2]<-24567(<-[Cl-])(<-[O-]3)<-N(c2c(C(C)C)cccc2C(C)C)=C->4(C)c->52cccc->61n->72,C27 H30 Cl1 Fe1 N3 O3 S1,0.0,CC1c2cccc3C(C)=N(c4c(C(C)C)cccc4C(C)C)->[Fe+2]4(<-[Cl-])(<-[O-]S(=O)(=O)c5ccccc5N->4=1)<-n23,CC1c2cccc3C(C)=N(c4c(C(C)C)cccc4C(C)C)->[Fe+2]4(<-[Cl-])(<-[O-]S(=O)(=O)c5ccccc5N->4=1)<-n23,CC1c2cccc3C(C)=N(c4c(C(C)C)cccc4C(C)C)->[Fe+2]45(<-[Cl-])(<-O=S(=O)([O-]->4)c4ccccc4N->5=1)<-n23
UQEBAV,Nc1ccccn1->[Zn+2]12(<-O=C(Cc3ccccc3)[O-]->1)(<-O=C(Cc1ccccc1)[O-]->2)<-n1ccccc1N,C26 H26 N4 O4 Zn1,0.0,Nc1ccccn1->[Zn+2](<-[O-]C(=O)Cc1ccccc1)(<-[O-]C(=O)Cc1ccccc1)<-n1ccccc1N,Nc1ccccn1->[Zn+2](<-[O-]C(=O)Cc1ccccc1)(<-[O-]C(=O)Cc1ccccc1)<-n1ccccc1N,Nc1ccccn1->[Zn+2]1234(<-O=C->1(Cc1ccccc1)[O-]->2)(<-O=C->3(Cc1ccccc1)[O-]->4)<-n1ccccc1N
UQUJAS,,C23 H33 Cl3 N2 O1 Si1 Zr1,0.0,CC1(C)Cc2n([Si](C)(C)C)ccn2->[Zr+4]2345(<-[Cl-])(<-[Cl-])(<-[Cl-])(<-c6[cH-]->2c->32ccccc->42c->561)<-O1CCCC1,CC1(C)Cc2n([Si](C)(C)C)ccn2->[Zr+4]2345(<-[Cl-])(<-[Cl-])(<-[Cl-])(<-c6c->2[c-]->31c->41ccccc->561)<-O1CCCC1,CC1(C)Cc2n([Si](C)(C)C)ccn2->[Zr+4]2345(<-[Cl-])(<-[Cl-])(<-[Cl-])(<-c6c->2[c-]->31c->41ccccc->561)<-O1CCCC1
UQUZUD,CS(C)(=O)->[Ru+2]123(<-[O-]n4ccccc4=S->1)<-S1CCS->2CCS->3CC1,C13 H22 N1 O2 Ru1 S5 1+,1.0,fail,CS(C)(=O)->[Ru+2]123(<-[O-]n4ccccc4=S->1)<-S1CCS->2CCS->3CC1,CS(C)(=O)->[Ru+2]123(<-[O-]n4ccccc4=S->1)<-S1CCS->2CCS->3CC1
UROMOE,[O+]#[C-]->[Mn+]1(<-[C-]#[O+])(<-[C-]#[O+])(<-[C-]#[O+])<-[C-]2=C(c3ccccn->13)c1ccccc1C2,C18 H10 Mn1 N1 O4,0.0,[O+]#[C-]->[Mn+]1(<-[C-]#[O+])(<-[C-]#[O+])(<-[C-]#[O+])<-[C-]2=C(c3ccccn->13)c1ccccc1C2,[O+]#[C-]->[Mn+]1(<-[C-]#[O+])(<-[C-]#[O+])(<-[C-]#[O+])<-[C-]2=C(c3ccccn->13)c1ccccc1C2,O=C1=C23->[Mn+]<-1(<-[C-]#[O+])(<-[C-]#[O+])(<-[C-]#[O+])<-[N-]1C=CC=CC1=C2c1ccccc1C3
URUGUL,C[As](C)c1ccccc1[As](C)(C)->[Ni+2]1(<-[Br-])(<-[Br-])<-[As](C)(C)c2ccccc2[As]->1(C)C,C20 H32 As4 Br2 Ni1,0.0,C[As]1(C)c2ccccc2[As](C)(C)->[Ni+2]<-12(<-[Br-])(<-[Br-])<-[As](C)(C)c1ccccc1[As]->2(C)C,C[As]1(C)->[Ni+2]2(<-[As](C)(C)c3ccccc31)<-[As](C)(C)c1ccccc1[As]->2(C)C.[Br-].[Br-],C[As](C)c1ccccc1[As](C)(C)->[Ni+2](<-[Br-])(<-[Br-])<-[As](C)(C)c1ccccc1[As](C)C
URUKUO,Cc1cc(C)[n-](->[Co+]234(<-[C-]#[O+])(<-n5[nH]c(C)cc5C)<-C5(C)=C->2(C)C->3(C)=C->45C)n1,C19 H27 Co1 N4 O1,0.0,Cc1cc(C)[n-](->[Co+]234(<-[C-]#[O+])(<-n5[nH]c(C)cc5C)<-C5(C)=C->2(C)C->3(C)=C->45C)n1,Cc1cc(C)[n-](->[Co+]234(<-[C-]#[O+])(<-n5[nH]c(C)cc5C)<-C5(C)=C->2(C)C->3(C)=C->45C)n1,Cc1cc(C)[n-](->[Co+]234(<-[C-]#[O+])(<-n5[nH]c(C)cc5C)<-C5(C)=C->2(C)C->3(C)=C->45C)n1
USEVOE,,C33 H43 Cl2 P1 Pd1,0.0,[Cl-]->[Pd+3](<-[Cl-])(<-[C-]1C(c2ccccc2)=C1c1ccccc1)<-P(C1CCCCC1)(C1CCCCC1)C1CCCCC1,[Cl-]->[Pd+2](<-[Cl-])(<-C1=C(c2ccccc2)C=1c1ccccc1)<-P(C1CCCCC1)(C1CCCCC1)C1CCCCC1,[Cl-]->[Pd+2](<-[Cl-])(<-C1=C(c2ccccc2)C=1c1ccccc1)<-P(C1CCCCC1)(C1CCCCC1)C1CCCCC1
USIVAU,CC1(C)CC(=O)/C2=N/N3=C4\C=CC([N+](=O)[O-])=CC4=O->[Zn]<-3(<-O)(<-O)<-O=C2C1,C14 H17 N3 O7 Zn1,0.0,CC1(C)CC(=O)C2N=N3c4ccc([N+](=O)[O-])cc4[O-]->[Zn+2]<-3(<-O)(<-O)<-[O-]C=2C1,CC1(C)CC(=O)C2N=N3c4ccc([N+](=O)[O-])cc4[O-]->[Zn+2]<-3(<-O)(<-O)<-[O-]C=2C1,CC1(C)CC(=O)C2N=N3c4ccc([N+](=O)[O-])cc4[O-]->[Zn+2]<-3(<-O)(<-O)<-[O-]C=2C1
USOVII,CC(C)P(C(C)C)(C(C)C)->[Pt@+2]1(<-[Cl-])<-N2=C(c3ccccc3)C=C(c3ccccc3)/C2=C2\C=CC=C[N-]->12,C30 H36 Cl1 N2 P1 Pt1,0.0,CC(C)P(C(C)C)(C(C)C)->[Pt+2]1(<-[Cl-])<-n2ccccc2-c2c(-c3ccccc3)cc(-c3ccccc3)[n-]->12,CC(C)P(C(C)C)(C(C)C)->[Pt+2]1(<-[Cl-])<-N2=C(c3ccccc3)C=C(c3ccccc3)C2=C2C=CC=C[N-]->12,CC(C)P(C(C)C)(C(C)C)->[Pt+2]1(<-[Cl-])<-N2=C(c3ccccc3)C=C(c3ccccc3)C2=C2C=CC=C[N-]->12
USUXIR,CC(C)c12->[Ru+2]34567(<-[Cl-])(<-c(c->31)c->4(C)c->5c->62)<-N(=O)/C(C#N)=C1/C=CC=C[N-]->71,C17 H18 Cl1 N3 O1 Ru1,0.0,CC(C)c12->[Ru+]34567(<-[Cl-])(<-c(c->31)c->4(C)c->5c->62)<-N([O])=C(C#N)c1ccccn->71,CC(C)c12->[Ru+2]34567(<-[Cl-])(<-c(c->31)c->4(C)c->5c->62)<-N(=O)C(C#N)=C1C=CC=C[N-]->71,CC(C)c12->[Ru+2]34567(<-[Cl-])(<-c(c->31)c->4(C)c->5c->62)<-N(=O)C(C#N)=C1C=CC=C[N-]->71
UTAVAO,,C31 H27 Ir1 N2 O6,0.0,fail,COC(=O)c1ccn2->[Ir+3]34(<-O=C(C)C=C(C)[O-]->3)(<-[c-]3ccccc3-c2c1)<-[c-]1ccccc1-c1cc(C(=O)OC)ccn->41,COC(=O)c1ccn2->[Ir+3]34(<-O=C(C)C=C(C)[O-]->3)(<-[c-]3ccccc3-c2c1)<-[c-]1ccccc1-c1cc(C(=O)OC)ccn->41
UTOPUQ,CCN(CC)C1=S->[Au+3]2(<-[S-]1)<-[c-]1ccccc1-c1cccc[c-]->21,C17 H18 Au1 N1 S2,0.0,fail,CCN(CC)C1=S->[Au+3]2(<-[S-]1)<-[c-]1ccccc1-c1cccc[c-]->21,CCN(CC)C1=S->[Au+]2(<-[S-]1)<-[C]1C=CC=CC1=C1C=CC=C[C]->21
UVAGEF,CC(C)c1cccc(C(C)C)c1N1CCN(c2c(C(C)C)cccc2C(C)C)[C]1->[Fe+2](<-[I-])(<-[I-])(<-[C-]#[O+])(<-[C-]#[O+])<-[C-]#[O+],C30 H38 Fe1 I2 N2 O3,0.0,CC(C)c1cccc(C(C)C)c1N1CCN(c2c(C(C)C)cccc2C(C)C)[C]1->[Fe+2](<-[I-])(<-[I-])(<-[C-]#[O+])(<-[C-]#[O+])<-[C-]#[O+],CC(C)c1cccc(C(C)C)c1N1CCN(c2c(C(C)C)cccc2C(C)C)[C]1->[Fe+2](<-[I-])(<-[I-])(<-[C-]#[O+])(<-[C-]#[O+])<-[C-]#[O+],CC(C)c1cccc(C(C)C)c1N1CCN(c2c(C(C)C)cccc2C(C)C)[C]1->[Fe+2](<-[I-])(<-[I-])(<-[C-]#[O+])(<-[C-]#[O+])<-[C-]#[O+]
UVOZOV,,C27 H37 Br1 N4 O1 Ru1,0.0,CCN1(CC)Cc2cccc3CN4C=CN(c5c(C(C)C)cccc5C(C)C)[C]4->[RuH+]<-1(<-[Br-])(<-[C-]#[O+])<-n32,CCN1(CC)Cc2cccc3CN4C=CN(c5c(C(C)C)cccc5C(C)C)[C]4->[RuH+]<-1(<-[Br-])(<-[C-]#[O+])<-n32,CCN1(CC)Cc2cccc3CN4C=CN(c5c(C(C)C)cccc5C(C)C)[C]4->[RuH+]<-1(<-[Br-])(<-[C-]#[O+])<-n32
UVUZAO,C[N+]1=C(C2Nc3ccccn3->[Pd+2]3(<-O=2)<-O=C(Nc2ccccn->32)C2=[N+](C)S([O-])([O-])c3ccccc3C2=O)C(=O)c2ccccc2S1([O-])[O-],C30 H24 N6 O8 Pd1 S2,0.0,CN1C(=C2Nc3ccccn3->[Pd+2]3(<-[O-]2)<-[O-]C(Nc2ccccn->32)=C2C(=O)c3ccccc3S(=O)(=O)N2C)C(=O)c2ccccc2S1(=O)=O,CN1C(=C2Nc3ccccn3->[Pd+2]3(<-[O-]2)<-[O-]C(Nc2ccccn->32)=C2C(=O)c3ccccc3S(=O)(=O)N2C)C(=O)c2ccccc2S1(=O)=O,CN1C(=C2Nc3ccccn3->[Pd+2]3(<-[O-]2)<-[O-]C(Nc2ccccn->32)=C2C(=O)c3ccccc3S(=O)(=O)N2C)C(=O)c2ccccc2S1(=O)=O
UWIBUY,CC(C)(C)[PH](=C(=C[B-](c1c(F)c(F)c(F)c(F)c1F)(c1c(F)c(F)c(F)c(F)c1F)c1c(F)c(F)c(F)c(F)c1F)->[Zn+2]<-[c-]1c(F)c(F)c(F)c(F)c1F)C(C)(C)C,C34 H20 B1 F20 P1 Zn1,0.0,CC(C)(C)[PH+]([C-](=C[B-](c1c(F)c(F)c(F)c(F)c1F)(c1c(F)c(F)c(F)c(F)c1F)c1c(F)c(F)c(F)c(F)c1F)->[Zn+2]<-[c-]1c(F)c(F)c(F)c(F)c1F)C(C)(C)C,CC(C)(C)[PH](=C(=C[B-](c1c(F)c(F)c(F)c(F)c1F)(c1c(F)c(F)c(F)c(F)c1F)c1c(F)c(F)c(F)c(F)c1F)->[Zn+2]<-[c-]1c(F)c(F)c(F)c(F)c1F)C(C)(C)C,CC(C)(C)[PH](=C(=C[B-](c1c(F)c(F)c(F)c(F)c1F)(c1c(F)c(F)c(F)c(F)c1F)c1c(F)c(F)c(F)c(F)c1F)->[Zn+2]<-[c-]1c(F)c(F)c(F)c(F)c1F)C(C)(C)C
UWUBOF,CC1=C(C)CC([O-]->[Zr+4]23456789%10(<-[CH-]=N->2C(C)(C)C)(<-c2(C)c->3(C)c->4(C)[c-]->5(C)c->62C)<-c2(C)c->7(C)c->8(C)[c-]->9(C)c->%102C)=C1,C32 H49 N1 O1 Zr1,0.0,CC1=C(C)CC([O-]->[Zr+3]23456789%10(<-[CH]=N->2C(C)(C)C)(<-c2(C)c->3(C)c->4(C)[c-]->5(C)c->62C)<-c2(C)c->7(C)c->8(C)[c-]->9(C)c->%102C)=C1,CC1=C(C)CC([O-]->[Zr+4]23456789%10(<-[CH-]=N->2C(C)(C)C)(<-c2(C)c->3(C)c->4(C)[c-]->5(C)c->62C)<-c2(C)c->7(C)c->8(C)[c-]->9(C)c->%102C)=C1,CC1=C(C)CC([O-]->[Zr+4]23456789%10(<-[CH-]=N->2C(C)(C)C)(<-c2(C)c->3(C)c->4(C)[c-]->5(C)c->62C)<-c2(C)c->7(C)c->8(C)[c-]->9(C)c->%102C)=C1
UXELEP,COc1cc(N(C)C)cc2c(OCC(C)C)cc3CN4Cc5ccccn5->[Zn+2](<-[O-][N+](=O)[O-])(<-n5ccccc5C4)<-n3c12,C29 H35 N6 O5 Zn1 1+,1.0,CC(C)COc1cc2CN34Cc5ccccn5->[Zn+2]<-35(<-[O-][N+](=O)[O-])(<-n3ccccc3C4)<-n2c2c(O->5C)cc(N(C)C)cc12,COc1cc(N(C)C)cc2c(OCC(C)C)cc3CN45Cc6ccccn6->[Zn+2]<-4(<-[O-][N+](=O)[O-])(<-n4ccccc4C5)<-n3c12,COc1cc(N(C)C)cc2c(OCC(C)C)cc3CN45Cc6ccccn6->[Zn+2]<-46(<-[O-][N+](=O)[O-]->6)(<-n4ccccc4C5)<-n3c12
UXUGOL,CC(C)O1C2=C[CH-]C=CC2=[CH-]->[Ru+4]<-1(<-[Cl-])(<-[Cl-])<-[C]1N(c2ccccc2-c2ccccc2)[C@H](C)[C@H](C)N1c1ccccc1-c1ccccc1,C39 H38 Cl2 N2 O1 Ru1,0.0,CC1C(C)N(c2ccccc2-c2ccccc2)[C](->[Ru+4]2(<-[Cl-])(<-[Cl-])<-[CH-2]c3ccccc3O->2C(C)C)N1c1ccccc1-c1ccccc1,CC1C(C)N(c2ccccc2-c2ccccc2)[C](->[Ru+2]2(<-[Cl-])(<-[Cl-])<-[CH]c3ccccc3O->2C(C)C)N1c1ccccc1-c1ccccc1,CC1C(C)N(c2ccccc2-c2ccccc2)[C](->[Ru+2]2(<-[Cl-])(<-[Cl-])<-[CH]c3ccccc3O->2C(C)C)N1c1ccccc1-c1ccccc1
UYEMIV,O=C(c1ccccc1)c1ccccn1->[Cd+2](<-[Cl-])(<-[Cl-])<-n1ccccc1C(=O)c1ccccc1,C24 H18 Cd1 Cl2 N2 O2,0.0,[Cl-]->[Cd+2]12(<-[Cl-])(<-O=C(c3ccccc3)c3ccccn->13)<-O=C(c1ccccc1)c1ccccn->21,O=C(c1ccccc1)c1ccccn1->[Cd+2](<-[Cl-])(<-[Cl-])<-n1ccccc1C(=O)c1ccccc1,O=C(c1ccccc1)c1ccccn1->[Cd+2](<-[Cl-])(<-[Cl-])<-n1ccccc1C(=O)c1ccccc1
UYIZOS,CO->[Mo+6]12(<-[O-2])(<-[O-2])<-[O-]C[C@H](c3ccccc3)/N->1=C/c1ccccc1[O-]->2,C16 H17 Mo1 N1 O5,0.0,CO->[Mo+6]12(<-[O-2])(<-[O-2])<-[O-]CC(c3ccccc3)N->1=Cc1ccccc1[O-]->2,CO->[Mo+6]12(<-[O-2])(<-[O-2])<-[O-]CC(c3ccccc3)N->1=Cc1ccccc1[O-]->2,CO.[O-2]->[Mo+6]12(<-[O-2])<-[O-]CC(c3ccccc3)N->1=Cc1ccccc1[O-]->2
UYUZIZ,[Cl-]->[Hg+2]12(<-[Cl-])<-n3ccccc3CCN->1CCc1ccccn->21,C14 H17 Cl2 Hg1 N3,0.0,[Cl-]->[Hg+2]12(<-[Cl-])<-n3ccccc3CCN->1CCc1ccccn->21,[Cl-]->[Hg+2](<-[Cl-])<-N(CCc1ccccn1)CCc1ccccn1,[Cl-]->[Hg+2]<-[Cl-].c1ccc(CCNCCc2ccccn2)nc1
UZEZAC,,C24 H24 N4 Ni1 O4 S2,0.0,CC(=O)C1N=N2c3ccccc3S3CCS4c5ccccc5N5=NC(C(C)=O)=C(C)[O-]->[Ni+2]<-2<-5<-3<-4<-[O-]C=1C,CC(=O)C1N=N2c3ccccc3S3CCS4c5ccccc5N5=NC(C(C)=O)=C(C)[O-]->[Ni+2]<-2<-5<-3<-4<-[O-]C=1C,CC(=O)C1N=N2c3ccccc3S3CCS4c5ccccc5N5=NC(C(C)=O)=C(C)[O-]->[Ni+2]<-2<-5<-3<-4<-[O-]C=1C
VABDIO,,C30 H24 Br1 Cu1 N4,0.0,[Br-]->[Cu+](<-n1[nH]c(-c2ccccc2)cc1-c1ccccc1)<-n1[nH]c(-c2ccccc2)cc1-c1ccccc1,[Br-]->[Cu+3](<-[n-]1nc(-c2ccccc2)cc1-c1ccccc1)<-[n-]1nc(-c2ccccc2)cc1-c1ccccc1,[Br-]->[Cu+3](<-[n-]1nc(-c2ccccc2)cc1-c1ccccc1)<-[n-]1nc(-c2ccccc2)cc1-c1ccccc1
VACDEJ,CCP(CC)(CC)->[Pt+2]123(<-c4c(-c5ccccc5)[c-]->1(-c1ccccc1)c->2c->34)<-P(CC)(CC)CC,C29 H43 P2 Pt1 1+,1.0,fail,CCP(CC)(CC)->[Pt+2]123(<-c4c(-c5ccccc5)[c-]->1(-c1ccccc1)c->2c->34)<-P(CC)(CC)CC,CCP(CC)(CC)->[Pt+2]1234(<-c5c->1c->2(-c1ccccc1)[c-]->3(-c1ccccc1)c->45)<-P(CC)(CC)CC
VADTAW,CC1=O->[Zn+2]2(<-O=C(C)[O-]->2)(<-[O-]1)(<-n1c(N)sc2ccccc21)<-n1c(N)sc2ccccc21,C18 H18 N4 O4 S2 Zn1,0.0,fail,CC(=O)[O-]->[Zn+2](<-[O-]C(C)=O)(<-n1c(N)sc2ccccc21)<-n1c(N)sc2ccccc21,CC12=O->[Zn+2]<-134(<-O=C->3(C)[O-]->4)(<-[O-]2)(<-n1c(N)sc2ccccc21)<-n1c(N)sc2ccccc21
VAHFIT,Cc12->[Mo+6]3456(<-[CH3-])(<-[O-2])(<-[S-]S->3[O-])<-c1(C)c->4(C)[c-]->5(C)c->62C,C11 H18 Mo1 O2 S2,0.0,Cc12->[Mo+5]3456(<-[CH3-])(<-[O-2])(<-[S-][SH]->3=O)<-c1(C)c->4(C)[c-]->5(C)c->62C,Cc12->[Mo+4]3456(<-[CH3-])(<-[O-2])(<-S=S->3=O)<-c1(C)c->4(C)[c-]->5(C)c->62C,Cc12->[Mo+4]3456(<-[CH3-])(<-[O-2])(<-S=S->3=O)<-c1(C)c->4(C)[c-]->5(C)c->62C
VAHMEZ,,C20 H29 Cl2 O1 P1 Ru1,0.0,CCCCP(O)(c1ccccc1)->[Ru+2]12345(<-[Cl-])(<-[Cl-])<-c6c->1c->2(C(C)C)c->3c->4c->56C,CCCCP(O)(c1ccccc1)->[Ru+2]12345(<-[Cl-])(<-[Cl-])<-c6c->1c->2(C(C)C)c->3c->4c->56C,CCCCP(O)(c1ccccc1)->[Ru+2]12345(<-[Cl-])(<-[Cl-])<-c6c->1c->2(C(C)C)c->3c->4c->56C
VAJDOB,,C35 H29 Cl2 O3 P1 Ru1,0.0,Cc12->[Ru+2]3456(<-[Cl-])(<-[Cl-])(<-c1c->3(C)c->4c->5(C)c->62)<-p1(Oc2ccccc2)oc2ccc3ccccc3c2c2c(ccc3ccccc32)o1,Cc12->[Ru+2]3456(<-[Cl-])(<-[Cl-])(<-c1c->3(C)c->4c->5(C)c->62)<-p1(Oc2ccccc2)oc2ccc3ccccc3c2c2c(ccc3ccccc32)o1,Cc12->[Ru+2]3456(<-[Cl-])(<-[Cl-])(<-c1c->3(C)c->4c->5(C)c->62)<-p1(Oc2ccccc2)oc2ccc3ccccc3c2c2c(ccc3ccccc32)o1
VAJMEA,Fc1c(F)c(F)c(/C2=C3\C=CC4=N3->[Cu@SP1+]35<-N6=C(C=C/C6=C/4c4ccsc4)/C(c4c(F)c(F)c(F)c(F)c4F)=c4/cc/c([n-]->34)=C3\C=CC2=N->53)c(F)c1F,C35 H11 Cu1 F10 N4 S1,0.0,Fc1c(F)c(F)c(-c2c3n4->[Cu+3]56<-[n-]7c(ccc7c(-c7c(F)c(F)c(F)c(F)c7F)c7ccc(c8ccc2[n-]->58)[n-]->67)c(-c2ccsc2)c4C=C3)c(F)c1F,Fc1c(F)c(F)c(C2=C3C=CC4=N3->[Cu+]35<-N6=C(C=CC6=C4c4ccsc4)C(c4c(F)c(F)c(F)c(F)c4F)=c4ccc([n-]->34)=C3C=CC2=N->53)c(F)c1F,Fc1c(F)c(F)c(C2=C3C=CC4=N3->[Cu+]35<-N6=C(C=CC6=C4c4ccsc4)C(c4c(F)c(F)c(F)c(F)c4F)=c4ccc([n-]->34)=C3C=CC2=N->53)c(F)c1F
VAKXOU,CC(C)(C)P1(->[Cr](<-[C-]#[O+])(<-[C-]#[O+])(<-[C-]#[O+])(<-[C-]#[O+])<-[C-]#[O+])N=S=NSN1,C9 H10 Cr1 N3 O5 P1 S2,0.0,CC(C)(C)P1(->[Cr](<-[C-]#[O+])(<-[C-]#[O+])(<-[C-]#[O+])(<-[C-]#[O+])<-[C-]#[O+])N=S=NSN1,CC(C)(C)P1(->[Cr](<-[C-]#[O+])(<-[C-]#[O+])(<-[C-]#[O+])(<-[C-]#[O+])<-[C-]#[O+])N=S=NSN1,CC(C)(C)P1(->[Cr](<-[C-]#[O+])(<-[C-]#[O+])(<-[C-]#[O+])(<-[C-]#[O+])<-[C-]#[O+])N=S=NSN1
VALQEH,,C30 H41 B1 Cl1 Ir1 P2,0.0,CC(C)P1(c2ccccc2[BH2-]2c3ccccc3P(C(C)C)(C(C)C)->[Ir+3]<-2<-1(<-[Cl-])<-[c-]1ccccc1)C(C)C,CC(C)P1(C2=CC=C[CH-]C2=[B-]2=C3C=CC=CC3=[P+](C(C)C)(C(C)C)->[Ir+3]<-2<-1(<-[Cl-])<-[c-]1ccccc1)C(C)C,CC(C)P1(C2=CC=C[CH-]C2=[B-]2=C3C=CC=CC3=[P+](C(C)C)(C(C)C)->[Ir+3]<-2<-1(<-[Cl-])<-[c-]1ccccc1)C(C)C
VAMXAJ,O=C1CC(=O)[N-]2Cc3ccccn3->[Tc+5]<-23(<-[O-2])(<-O)<-n2ccccc2C[N-]->31,C15 H16 N4 O4 Tc1 1+,1.0,O=C1CC(=O)[N-]2Cc3ccccn3->[Tc+5]<-23(<-[O-2])(<-O)<-n2ccccc2C[N-]->31,O=C1CC(=O)[N-]2Cc3ccccn3->[Tc+5]<-23(<-[O-2])(<-O)<-n2ccccc2C[N-]->31,O=C1CC(=O)[N-]2Cc3ccccn3->[Tc+5]<-23(<-[O-2])(<-O)<-n2ccccc2C[N-]->31
VANWAL,Cc1ccc([P@TB16](c2ccc(C)cc2)(c2ccc(C)cc2)->[Pd+2]23(<-[Cl-])<-S=C->2([S-]->3)N(Cc2ccccc2)Cc2ccccc2)cc1,C36 H35 Cl1 N1 P1 Pd1 S2,0.0,fail,Cc1ccc(P(c2ccc(C)cc2)(c2ccc(C)cc2)->[Pd+2]2(<-[Cl-])<-S=C([S-]->2)N(Cc2ccccc2)Cc2ccccc2)cc1,Cc1ccc(P(c2ccc(C)cc2)(c2ccc(C)cc2)->[Pd+2]23(<-[Cl-])<-S=C->2([S-]->3)N(Cc2ccccc2)Cc2ccccc2)cc1
VAPJED,CN/C1=N/N2=C(\C)c3cccc[c-]3->[Pd@SP2+2]<-2(<-[S-]1)<-P(c1ccccc1)(c1ccccc1)c1ccccc1,C28 H26 N3 P1 Pd1 S1,0.0,CNC1=NN2=C(C)c3cccc[c-]3->[Pd+2]<-2(<-[S-]1)<-P(c1ccccc1)(c1ccccc1)c1ccccc1,CNC1=NN2=C(C)c3cccc[c-]3->[Pd+2]<-2(<-[S-]1)<-P(c1ccccc1)(c1ccccc1)c1ccccc1,CNC1=NN2=C(C)c3cccc[c-]3->[Pd+2]<-2(<-[S-]1)<-P(c1ccccc1)(c1ccccc1)c1ccccc1
VAQFUO,Cc1ccc([S-]->[Pt+4]2345(<-[CH3-])(<-[CH3-])<-c6(C)c->2(C)c->3(C)[c-]->4(C)c->56C)cc1,C19 H28 Pt1 S1,0.0,fail,Cc1ccc([S-]->[Pt+4]2345(<-[CH3-])(<-[CH3-])<-c6(C)c->2(C)c->3(C)[c-]->4(C)c->56C)cc1,Cc1ccc([S-]->[Pt+4]2345(<-[CH3-])(<-[CH3-])<-c6(C)c->2(C)c->3(C)[c-]->4(C)c->56C)cc1
VAQTIS,S=C=[N-]->[Ni+2](<-[N-]=C=S)(<-n1ccccc1-c1ncc[nH]1)<-n1ccccc1-c1ncc[nH]1,C18 H14 N8 Ni1 S2,0.0,S=C=[N-]->[Ni+2]12(<-[N-]=C=S)(<-n3ccccc3-c3[nH]ccn->13)<-n1ccccc1-c1[nH]ccn->21,S=C=[N-]->[Ni+2]12(<-[N-]=C=S)(<-n3ccccc3-c3[nH]ccn->13)<-n1ccccc1-c1[nH]ccn->21,S=C=[N-]->[Ni+2]12(<-[N-]=C=S)(<-n3ccccc3-c3[nH]ccn->13)<-n1ccccc1-c1[nH]ccn->21
VASJII,,C16 H34 I2 P2 Si1 Zr1,0.0,C[Si](C)(C)C1C2->[Zr+2]3456(<-[I-])(<-[I-])(<-C1=C->3C->4=C->5C->6=2)(<-P(C)(C)C)<-P(C)(C)C,C[Si](C)(C)C1C2->[Zr+2]3456(<-[I-])(<-[I-])(<-C1=C->3C->4=C->5C->6=2)(<-P(C)(C)C)<-P(C)(C)C,C[Si](C)(C)C1C2->[Zr+2]3456(<-[I-])(<-[I-])(<-C1=C->3C->4=C->5C->6=2)(<-P(C)(C)C)<-P(C)(C)C
VASVAN,,C28 H29 Cl1 O1 Ru1,0.0,Cc12->[Ru+6]3456(<-[Cl-])(<-[C-2](C7=C([C-2]->3c3ccccc3)COC7)c3ccccc3)<-c1(C)c->4(C)[c-]->5(C)c->62C,Cc12->[Ru+4]3456(<-[Cl-])(<-[C-](=C7COCC7=[C-]->3c3ccccc3)c3ccccc3)<-c1(C)c->4(C)[c-]->5(C)c->62C,Cc12->[Ru+4]3456(<-[Cl-])(<-[C-](=C7COCC7=[C-]->3c3ccccc3)c3ccccc3)<-c1(C)c->4(C)[c-]->5(C)c->62C
VATVUH,CC1(C)[C@@]2(C)Cc34->[Ti+4]56789%10%11(<-[Cl-])(<-[Cl-])(<-c%12c->5[c-]->61c->7c->8%12[Si](C)(C)C)<-c3[c-]->9([Si](C)(C)C)c->%10c->%1142,C22 H36 Cl2 Si2 Ti1,0.0,CC1(C)C(C)(C)c23->[Ti+4]456789%10(<-[Cl-])(<-[Cl-])(<-c%11[cH-]->4c->51c->6c->7%11[Si](C)(C)C)<-c([cH-]->82)c->9([Si](C)(C)C)c->%103,[CH2-]C1(C)C(C)(C)c23->[Ti+6]456789%10(<-[Cl-])(<-[Cl-])(<-[c-]%11c->4[c-]->5([Si](C)(C)C)c->6c->7%111)<-c([cH-]->82)c->9([Si](C)(C)C)c->%103,CC1(C)C2(C)Cc34->[Ti+4]56789%10%11(<-[Cl-])(<-[Cl-])(<-c%12[cH-]->5c->61c->7c->8%12[Si](C)(C)C)<-c3[c-]->9([Si](C)(C)C)c->%10c->%1142
VAVJIN,O=[N+]([O-])[O-]->[Cd+2]12(<-[O-][N+](=O)[O-])(<-OCc3ccccn->13)<-OCc1ccccn->21,C12 H14 Cd1 N4 O8,0.0,O=[N+]1[O-]->[Cd+2]234(<-[O-]1)(<-[O-][N+](=O)[O-]->2)(<-OCc1ccccn->31)<-OCc1ccccn->41,O=[N+]([O-])[O-]->[Cd+2]12(<-[O-][N+](=O)[O-])(<-OCc3ccccn->13)<-OCc1ccccn->21,O=[N+]12[O-]->[Cd+2]<-134(<-[O-]2)(<-[O-][N+]->3(=O)[O-]->4)(<-n1ccccc1CO)<-n1ccccc1CO
VAVRAN,[N-]=N/N=C1/C2=N3->[Ni@SP1+2]45<-N6=C(C=C/C6=C/c6ccc([n-]->46)/C(c4ccccc4)=C4/C=CC1=N->54)/C(c1ccccc1)=C\3C=C2,C32 H19 N7 Ni1,0.0,[N-]=[N+]=Nc1c2n3->[Ni+2]45<-n6c(cc7ccc(c(-c8ccccc8)c3C=C2)[n-]->47)C=Cc6c(-c2ccccc2)c2ccc1[n-]->52,[N-]=NN=C1C2=N3->[Ni+2]45<-N6=C(C=CC6=Cc6ccc([n-]->46)C(c4ccccc4)=C4C=CC1=N->54)C(c1ccccc1)=C3C=C2,[N-]=NN=C1C2=N3->[Ni+2]45<-N6=C(C=CC6=Cc6ccc([n-]->46)C(c4ccccc4)=C4C=CC1=N->54)C(c1ccccc1)=C3C=C2
VAWXAU,S=C=[N-]->[Co+3]123(<-NCCc4ccccn->14)<-N1=CC=C/C1=C/[N-]->2CCc1ccccn->31,C20 H22 Co1 N6 S1 1+,1.0,S=C=[N-]->[Co+3]123(<-NCCc4ccccn->14)<-N(=Cc1ccc[n-]->21)CCc1ccccn->31,S=C=[N-]->[Co+3]123(<-NCCc4ccccn->14)<-N(=Cc1ccc[n-]->21)CCc1ccccn->31,S=C=[N-]->[Co+3]123(<-NCCc4ccccn->14)<-N(=Cc1ccc[n-]->21)CCc1ccccn->31
VAYDOR,CN1Cc2ccccn2->[Cu+]2<-n3ccccc3CN(Cc3ccccn->23)c2ccccc21,C25 H25 Cu1 N5 1+,1.0,CN12Cc3ccccn3->[Cu+]<-134<-n1ccccc1CN->3(Cc1ccccn->41)c1ccccc12,CN12Cc3ccccn3->[Cu+]<-134<-n1ccccc1CN->3(Cc1ccccn->41)c1ccccc12,CN12Cc3ccccn3->[Cu+]<-134<-n1ccccc1CN->3(Cc1ccccn->41)c1ccccc12
VAYQIX,,C26 H18 N2 O3 Ru1,0.0,O=C1c2ccc3-c4ccccn4->[Ru+2]4567(<-[C-]#[O+])(<-[c-]3c2C(=O)N1Cc1ccccc1)<-c1c->4c->5[cH-]->6c->71,O=C1c2ccc3-c4ccccn4->[Ru+2]4567(<-[C-]#[O+])(<-[c-]3c2C(=O)N1Cc1ccccc1)<-c1c->4c->5[cH-]->6c->71,O=C1c2ccc3-c4ccccn4->[Ru+2]4567(<-[C-]#[O+])(<-[c-]3c2C(=O)N1Cc1ccccc1)<-c1c->4c->5[cH-]->6c->71
VAZYIE,S1S[S-]->[Mo+4]23456(<-[S-]1)(<-[S-]SS[S-]->2)<-c1c->3c->4[cH-]->5c->61,C5 H5 Mo1 S8 1-,-1.0,S1S[S-]->[Mo+4]23456(<-[S-]1)(<-[S-]SS[S-]->2)<-c1c->3c->4[cH-]->5c->61,S1=S=S->[Mo]23456(<-S=1)(<-S=S=S=S->2)<-c1c->3c->4[cH-]->5c->61,S1=S=S->[Mo]23456(<-S=1)(<-S=S=S=S->2)<-c1c->3c->4[cH-]->5c->61
VEBMUL,CC1=C2[O-]->[V+5]3(<-[O-2])(<-[O-2])<-S=C(/N=N->3/C=C\2C(CO)=CN1)SCc1ccccc1,C16 H16 N3 O4 S2 V1,0.0,Cc1[nH+]cc(CO)c2C=N3N=C(SCc4ccccc4)[S-]->[V+5]<-3(<-[O-2])(<-[O-2])<-[O-]c12,CC1=C2[O-]->[V+5]3(<-[O-2])(<-[O-2])<-S=C(N=N->3C=C2C(CO)=CN1)SCc1ccccc1,CC1=C2[O-]->[V+5]3(<-[O-2])(<-[O-2])<-S=C(N=N->3C=C2C(CO)=CN1)SCc1ccccc1
VECGOA,Cc1ccc([Se]2CC/N=C(\[O-])c3cccc4C(=O)[N-]5CC[Se](c6ccc(C)cc6)->[Pd+4]<-5<-2(<-[Cl-])(<-[Cl-])<-n43)cc1,C25 H27 Cl2 N3 O2 Pd1 Se2,0.0,Cc1ccc([Se]2CCNC(=O)c3cccc(C(=O)NCC[Se](c4ccc(C)cc4)->[Pd+2]<-2(<-[Cl-])<-[Cl-])n3)cc1,Cc1ccc([Se-]->[Pd+8](<-[Cl-])(<-[Cl-])<-[Se-]c2ccc(C)cc2)cc1.[CH2-]CN=C([O-])c1cccc(C([O-])=NC[CH2-])n1,Cc1cc[c-]cc1.[CH2-]C[N-]1->[Pd+8]2(<-[Cl-])(<-[Cl-])(<-[Se-]c3ccc(C)cc3)<-[Se-]CCN=C([O-])c3cccc(n->23)C1=O
VECSIG,C=CCN12C[C@H]([O-]->[V+5]<-1(<-[O-2])(<-[O-]C)<-[O-]C[C@@H]2c1ccccc1)c1ccccc1,C20 H24 N1 O4 V1,0.0,C=CCN12CC([O-]->[V+5]<-1(<-[O-2])(<-[O-]C)<-[O-]CC2c1ccccc1)c1ccccc1,C=CCN12CC([O-]->[V+5]<-1(<-[O-2])(<-[O-]C)<-[O-]CC2c1ccccc1)c1ccccc1,C=CCN1CC([O-]->[V+5](<-[O-2])(<-[O-]C)<-[O-]CC1c1ccccc1)c1ccccc1
VEFFIW,C/C1=N(\C(C)C)->[Zr+2]2345678(<-C=C->2(c2ccccc2)/C->3=C->4/c2ccccc2)(<-[N-]1C(C)C)<-c1(C)c->5(C)c->6(C)[c-]->7(C)c->81C,C34 H46 N2 Zr1,0.0,CC1=N(C(C)C)->[Zr+4]23456(<-[CH2-]C(=C[CH-]->2c2ccccc2)c2ccccc2)(<-[N-]1C(C)C)<-c1(C)c->3(C)c->4(C)[c-]->5(C)c->61C,CC1=N(C(C)C)->[Zr+2]2345678(<-C=C->2(c2ccccc2)C->3=C->4c2ccccc2)(<-[N-]1C(C)C)<-c1(C)c->5(C)c->6(C)[c-]->7(C)c->81C,CC1=N(C(C)C)->[Zr+2]2345678(<-C=C->2(c2ccccc2)C->3=C->4c2ccccc2)(<-[N-]1C(C)C)<-c1(C)c->5(C)c->6(C)[c-]->7(C)c->81C
VEFVOU,CCN1(CC)CC2=CC=C/C3=C/P(C(C)(C)C)(C(C)(C)C)->[Mn@TB5+]<-1(<-[C-]#[O+])(<-[C-]#[O+])<-[N-]23,C21 H34 Mn1 N2 O2 P1,0.0,CCN1(CC)Cc2cccc3C=[PH](C(C)(C)C)(C(C)(C)C)->[Mn]<-1(<-[C-]#[O+])(<-[C-]#[O+])<-n32,CCN1(CC)CC2=CC=CC3=CP(C(C)(C)C)(C(C)(C)C)->[Mn+]<-1(<-[C-]#[O+])(<-[C-]#[O+])<-[N-]32,CCN1(CC)CC2=CC=CC3=CP(C(C)(C)C)(C(C)(C)C)->[Mn+]<-1(<-[C-]#[O+])(<-[C-]#[O+])<-[N-]32
VEHSEJ,Cc1cccc2-c3cccc(C)n3->[Ru+2]34(<-[Cl-])(<-n5ccccc5/N=C5/c6ccccc6/C(=N/c6ccccn->36)[N-]->45)<-n12,C30 H24 Cl1 N7 Ru1,0.0,Cc1cccc2-c3cccc(C)n3->[Ru+2]34(<-[Cl-])(<-n5ccccc5N=C5c6ccccc6C(=Nc6ccccn->36)[N-]->45)<-n12,Cc1cccc2-c3cccc(C)n3->[Ru+2]34(<-[Cl-])(<-N5=C(N=c6cccc[n-]->36)c3ccccc3C5=Nc3ccccn->43)<-n12,Cc1cccc2-c3cccc(C)n3->[Ru+2]34(<-[Cl-])(<-N5=C(N=c6cccc[n-]->36)c3ccccc3C5=Nc3ccccn->43)<-n12
VEJDIA,Cc1cc(C)c(N2C=CN3Cc4ccccn4->[Fe+2]4567(<-N#N)(<-[C]32)<-c2(C)c->4(C)c->5(C)[c-]->6(C)c->72C)c(C)c1,C28 H34 Fe1 N5 1+,1.0,Cc1cc(C)c(N2C=CN3Cc4ccccn4->[Fe+2]4567(<-N#N)(<-[C]32)<-c2(C)c->4(C)c->5(C)[c-]->6(C)c->72C)c(C)c1,Cc1cc(C)c(N2C=CN3Cc4ccccn4->[Fe+2]4567(<-N#N)(<-[C]32)<-c2(C)c->4(C)c->5(C)[c-]->6(C)c->72C)c(C)c1,Cc1cc(C)c(N2C=CN3Cc4ccccn4->[Fe+2]4567(<-N#N)(<-[C]32)<-c2(C)c->4(C)c->5(C)[c-]->6(C)c->72C)c(C)c1
VEJNEE,,C18 H16 N3 Ni1 O6 1+,1.0,O=C1[O-]->[Ni+2]2(<-O)(<-O)(<-O=c3[nH]cccc31)<-n1cccc3ccc4ccc(O)n->2c4c31,O=C1[O-]->[Ni+2]2(<-O)(<-O)(<-O=c3[nH]cccc31)<-n1cccc3ccc4ccc(O)n->2c4c31,O.O.O=C1[O-]->[Ni+2]2(<-O=c3[nH]cccc31)<-n1cccc3ccc4ccc(O)n->2c4c31
VEKDIZ,CC1=O->[Zn+2]23(<-[O-]1)<-n1c(-c4ccco4)cc(C)n1[BH-](n1c(C)cc(-c4ccco4)n->21)n1c(C)cc(-c2ccco2)n->31,C26 H25 B1 N6 O5 Zn1,0.0,CC(=O)[O-]->[Zn+2]12<-[n-]3c(-c4ccco4)cc(C)[n+]3[BH-]([n+]3c(C)cc(-c4ccco4)[n-]->13)[n+]1c(C)cc(-c3ccco3)[n-]->21,CC(=O)[O-]->[Zn+2]12<-n3c(-c4ccco4)cc(C)n3[BH-](n3c(C)cc(-c4ccco4)n->13)n1c(C)cc(-c3ccco3)n->21,Cc1cc(-c2ccco2)n2->[Zn+2]345(<-O=C->3(C)[O-]->4)<-n3c(-c4ccco4)cc(C)n3[BH-](n12)n1c(C)cc(-c2ccco2)n->51
VEKWOA,,C25 H49 Ir1 O1 P2,0.0,COc1cc2CP(->[IrH4+]3<-[c-]2c(CP->3(C(C)(C)C)C(C)(C)C)c1)(C(C)(C)C)C(C)(C)C,COc1cc2CP(->[IrH4+]3<-[c-]2c(CP->3(C(C)(C)C)C(C)(C)C)c1)(C(C)(C)C)C(C)(C)C,COc1cc2CP(->[IrH4+]3<-[c-]2c(CP->3(C(C)(C)C)C(C)(C)C)c1)(C(C)(C)C)C(C)(C)C
VEMGEZ,,C25 H39 Cr1 N3 O4,0.0,CCN(CC)[C]1[C-]2(C)C(=O)O[c-]34->[Cr+2]<-1<-2567(<-[C-]#[O+])(<-[C-]#[O+])<-c(N(CC)CC)(c->5(N(CC)CC)c->63C)c->74C,CCN(CC)[C-]1=C2(C)C(=O)Oc34->[Cr+2]<-1<-2567(<-[C-]#[O+])(<-[C-]#[O+])<-c3(C)c->5(N(CC)CC)c->6(N(CC)CC)[c-]->74C,CCN(CC)[C-]1=C2(C)C(=O)Oc34->[Cr+2]<-1<-2567(<-[C-]#[O+])(<-[C-]#[O+])<-c3(C)c->5(N(CC)CC)c->6(N(CC)CC)[c-]->74C
VEPVIW,CC1=C(/C2=C3/C4(C)=C(C=O)->[Fe]<-2<-3<-4(<-[C-]#[O+])(<-[C-]#[O+])<-[C-]#[O+])C(C)(C)CCC1,C18 H22 Fe1 O4,0.0,fail,CC1=C([CH-]2C3=C4(C)[CH-](C=O)->[Fe+2]<-3<-2<-4(<-[C-]#[O+])(<-[C-]#[O+])<-[C-]#[O+])C(C)(C)CCC1,CC1=C([CH-]2C3=C4(C)[CH-](C=O)->[Fe+2]<-3<-2<-4(<-[C-]#[O+])(<-[C-]#[O+])<-[C-]#[O+])C(C)(C)CCC1
VEQFUV,CC1=CC=C/C2=C3\N=c4ccccc4=N3->[V@TB17+5](<-[Cl-])(<-[Cl-])(<-[N-2]c3ccccc3)<-[N-]12,C19 H15 Cl2 N4 V1,0.0,Cc1cccc2-c3nc4ccccc4[n-]3->[V+5](<-[Cl-])(<-[Cl-])(<-[N-2]c3ccccc3)<-n12,CC1=CC=CC2=C3N=c4ccccc4=N3->[V+5](<-[Cl-])(<-[Cl-])(<-[N-2]c3ccccc3)<-[N-]12,CC1=CC=CC2=C3N=c4ccccc4=N3->[V+5](<-[Cl-])(<-[Cl-])(<-[N-2]c3ccccc3)<-[N-]12
VERPAJ,,C30 H36 O1 P2 Pt1 Si2,0.0,C[Si]12(C)->[Pt]3(<-P(CCP->3(c3ccccc3)c3ccccc3)(c3ccccc3)c3ccccc3)<-[Si]1(C)(C)O2,C[Si-]1(C)O[Si-](C)(C)->[Pt+2]<-12<-P(CCP->2(c1ccccc1)c1ccccc1)(c1ccccc1)c1ccccc1,C[Si-]1(C)O[Si-](C)(C)->[Pt+2]<-12<-P(CCP->2(c1ccccc1)c1ccccc1)(c1ccccc1)c1ccccc1
VESMUB,Cc1ccc([C]2N([O-]->[Re+]<-2(<-[C-]#[O+])(<-[C-]#[O+])(<-P(C)(C)C)<-P(C)(C)C)C(C)(C)C)cc1,C20 H34 N1 O3 P2 Re1,0.0,Cc1ccc([C]2N([O-]->[Re+]<-2(<-[C-]#[O+])(<-[C-]#[O+])(<-P(C)(C)C)<-P(C)(C)C)C(C)(C)C)cc1,Cc1ccc([C]2N([O-]->[Re+]<-2(<-[C-]#[O+])(<-[C-]#[O+])(<-P(C)(C)C)<-P(C)(C)C)C(C)(C)C)cc1,Cc1ccc([C]2N([O-]->[Re+]<-2(<-[C-]#[O+])(<-[C-]#[O+])(<-P(C)(C)C)<-P(C)(C)C)C(C)(C)C)cc1
VESZUO,C=NCCCN->[Ni+2](<-[N-]=C=S)(<-[N-]=C=S)<-NCCCNC,C10 H24 N6 Ni1 S2,0.0,CN1CCCN->[Ni+2]<-12(<-[N-]=C=S)(<-[N-]=C=S)<-NCCCN->2C,C=N1CCCN->[Ni+2]<-12(<-[N-]=C=S)(<-[N-]=C=S)<-NCCCN->2C,C=NCCCN->[Ni+2](<-[N-]=C=S)(<-[N-]=C=S)<-NCCCNC
VETZAV,,C22 H50 P2 Pt1,0.0,CC(C)(C)[CH2-]->[PtH+]1<-P(CP->1(C(C)(C)C)C(C)(C)C)(C(C)(C)C)C(C)(C)C,CC(C)(C)[CH2-]->[PtH+]1<-P(CP->1(C(C)(C)C)C(C)(C)C)(C(C)(C)C)C(C)(C)C,CC(C)(C)[CH2-]->[PtH+]1<-P(CP->1(C(C)(C)C)C(C)(C)C)(C(C)(C)C)C(C)(C)C
VEWJEP,COc1ccc(NC2/N=N3/C(/C)=C(/C)[N-]4/N=C(/Nc5ccc(OC)cc5)[S-]->[Pd@SP1+2]<-3<-4<-S=2)cc1,C20 H22 N6 O2 Pd1 S2,0.0,COc1ccc(NC2=NN3=C(C)C(C)=N4N=C(Nc5ccc(OC)cc5)[S-]->[Pd+2]<-3<-4<-[S-]2)cc1,COc1ccc(NC2=N[N-]3C(C)=C(C)N4=NC(Nc5ccc(OC)cc5)=S->[Pd+2]<-4<-3<-[S-]2)cc1,COc1ccc(NC2=N[N-]3C(C)=C(C)N4=NC(Nc5ccc(OC)cc5)=S->[Pd+2]<-4<-3<-[S-]2)cc1
VEWZIH,CN1CNC(c2ccccc2)=C[C]1->[Cr](<-[C-]#[O+])(<-[C-]#[O+])(<-[C-]#[O+])(<-[C-]#[O+])<-[C-]#[O+],C16 H12 Cr1 N2 O5,0.0,CN1CNC(c2ccccc2)=C[C]1->[Cr](<-[C-]#[O+])(<-[C-]#[O+])(<-[C-]#[O+])(<-[C-]#[O+])<-[C-]#[O+],CN1CNC(c2ccccc2)=C[C]1->[Cr](<-[C-]#[O+])(<-[C-]#[O+])(<-[C-]#[O+])(<-[C-]#[O+])<-[C-]#[O+],CN1CNC(c2ccccc2)=C[C]1->[Cr](<-[C-]#[O+])(<-[C-]#[O+])(<-[C-]#[O+])(<-[C-]#[O+])<-[C-]#[O+]
VEXYAA,CC(C)(C)[N-]1Cc2ccccn2->[Ni+4]<-12(<-[Br-])<-n1ccccc1C[N-]->2C(C)(C)C,C20 H32 Br1 N4 Ni1 1+,1.0,CC(C)(C)N1Cc2ccccn2->[Ni+2]<-12(<-[Br-])<-n1ccccc1CN->2C(C)(C)C,CC(C)(C)[N-]1Cc2ccccn2->[Ni+4]<-12(<-[Br-])<-n1ccccc1C[N-]->2C(C)(C)C,CC(C)(C)[N-]1Cc2ccccn2->[Ni+4]<-12(<-[Br-])<-n1ccccc1C[N-]->2C(C)(C)C
VEZFUB,,C24 H11 F17 Mo1 O2 S1,0.0,fail,COC(=O)C1(Sc2c(F)c(F)c(F)c(F)c2F)=C2(C)C3(=[C-](C(F)(F)F)->[Mo+2]<-3<-1<-245678(<-C(#C->4C(F)(F)F)C(F)(F)F)<-c1c->5c->6[cH-]->7c->81)C(F)(F)F,COC(=O)C1(Sc2c(F)c(F)c(F)c(F)c2F)=C2(C)C3(=[C-](C(F)(F)F)->[Mo+2]<-3<-1<-245678(<-C(#C->4C(F)(F)F)C(F)(F)F)<-c1c->5c->6[cH-]->7c->81)C(F)(F)F
VEZXAA,,C26 H48 O2 P2 Rh1 1+,1.0,CC(C)=O->[RhH+2]12(<-O=C(C)C)<-[c-]3c(CP->1(C(C)C)C(C)C)cccc3CP->2(C(C)C)C(C)C,CC(C)=O->[RhH+2]12(<-O=C(C)C)<-[c-]3c(CP->1(C(C)C)C(C)C)cccc3CP->2(C(C)C)C(C)C,CC(C)=O->[RhH+2]12(<-O=C(C)C)<-[c-]3c(CP->1(C(C)C)C(C)C)cccc3CP->2(C(C)C)C(C)C
VIBDER,C1=C/C2=C3\N=NN=N3->[Cu+]3(<-[N-]2C=C1)<-P(c1ccccc1)(c1ccccc1)c1ccccc1Oc1ccccc1P->3(c1ccccc1)c1ccccc1,C42 H32 Cu1 N5 O1 P2,0.0,c1ccc(P2(c3ccccc3)c3ccccc3Oc3ccccc3P(c3ccccc3)(c3ccccc3)->[Cu+]<-23<-n2ccccc2-c2nnn[n-]->32)cc1,C1=CC2=C3N=NN=N3->[Cu+]3(<-[N-]2C=C1)<-P(c1ccccc1)(c1ccccc1)c1ccccc1Oc1ccccc1P->3(c1ccccc1)c1ccccc1,C1=CC2=C3N=NN=N3->[Cu+]3(<-[N-]2C=C1)<-P(c1ccccc1)(c1ccccc1)c1ccccc1Oc1ccccc1P->3(c1ccccc1)c1ccccc1
VIBWOU,,C32 H25 Ir1 N4 O2 S1,0.0,CC1=CS(=O)(=O)C=C2c3ccccn3->[Ir+3]34(<-[c-]5ccccc5-c5ccccn->35)(<-[c-]3ccccc3-c3ccccn->43)<-[N-]12,CC1=N2->[Ir+3]34(<-[c-]5ccccc5-c5ccccn->35)(<-[c-]3ccccc3-c3ccccn->43)<-n3ccccc3C2=CS(=O)([O-])=C1,CC1=N2->[Ir+3]34(<-[c-]5ccccc5-c5ccccn->35)(<-[c-]3ccccc3-c3ccccn->43)<-n3ccccc3C2=CS(=O)([O-])=C1
VICRAB,,C27 H33 N2 O4 Rh1,0.0,fail,Cc1cc[c-](->[Rh+3]2345(<-O=C->2(C)[O-]->3)<-[c-]2c(C3=N->4C(C)(C)CO3)c(C)cc(C)c2C2=N->5C(C)(C)CO2)cc1,Cc1cc[c-](->[Rh+3]2345(<-O=C->2(C)[O-]->3)<-[c-]2c(C3=N->4C(C)(C)CO3)c(C)cc(C)c2C2=N->5C(C)(C)CO2)cc1
VIDJUQ,,C12 H7 Mn1 N2 O4,0.0,[O+]#[C-]->[Mn+]1234(<-[C-]#[O+])(<-[C-]#[O+])<-c5c->1[cH-]->2c->3(-c1ccnc[n+]1[O-])c->45,[O+]#[C-]->[Mn+]1234(<-[C-]#[O+])(<-[C-]#[O+])<-C5=C->1C->2(=C1C=CN=CN1[O-])C->3=C->45,[O+]#[C-]->[Mn+]1234(<-[C-]#[O+])(<-[C-]#[O+])<-C5=C->1C->2(=C1C=CN=CN1[O-])C->3=C->45
VIFQOR,CC(C)(C)[N-2]->[V+5]1234(<-[Cl-])(<-[Cl-])<-c5c->1c->2[c-]->3(C(C)(C)C)c->45,C13 H22 Cl2 N1 V1,0.0,CC(C)(C)[N-2]->[V+5]1234(<-[Cl-])(<-[Cl-])<-c5c->1c->2(C(C)(C)C)c->3[cH-]->45,CC(C)(C)[N-2]->[V+5]1234(<-[Cl-])(<-[Cl-])<-c5c->1c->2[c-]->3(C(C)(C)C)c->45,CC(C)(C)[N-2]->[V+5]1234(<-[Cl-])(<-[Cl-])<-c5c->1c->2[c-]->3(C(C)(C)C)c->45
VIGQEJ,,C23 H32 N6 Ni1 O5,0.0,CC(=O)[O-]->[Ni+2]12(<-O)(<-[O-]C(C)=O)<-n3ccccc3CN->1(Cc1cn(C(C)(C)C)nn1)Cc1ccccn->21,CC(=O)[O-]->[Ni+2]12(<-O)(<-[O-]C(C)=O)<-n3ccccc3CN->1(Cc1cn(C(C)(C)C)nn1)Cc1ccccn->21,CC(=O)[O-]->[Ni+2]12(<-[O-]C(C)=O)<-n3ccccc3CN->1(Cc1cn(C(C)(C)C)nn1)Cc1ccccn->21.O
VIHNUX,COc1ccc2/C=N3/N=C(\[O-]->[Mo+6]<-3(<-[O-2])(<-[O-2])(<-[O-]c2c1)<-OC)c1ccccc1O,C16 H16 Mo1 N2 O7,0.0,COc1ccc2C=N3N=C([O-]->[Mo+6]<-3(<-[O-2])(<-[O-2])(<-[O-]c2c1)<-OC)c1ccccc1O,COc1ccc2C=N3N=C([O-]->[Mo+6]<-3(<-[O-2])(<-[O-2])(<-[O-]c2c1)<-OC)c1ccccc1O,CO.COc1ccc2c(c1)[O-]->[Mo+6]1(<-[O-2])(<-[O-2])<-[O-]C(c3ccccc3O)=NN->1=C2
VIHZET,O=N([O-])->[Pd+2](<-N(=O)[O-])(<-n1cccc(-c2ccccc2)c1)<-n1cccc(-c2ccccc2)c1,C22 H18 N4 O4 Pd1,0.0,O=[N+](=O)->[Pd-2](<-n1cccc(-c2ccccc2)c1)(<-n1cccc(-c2ccccc2)c1)<-[N+](=O)=O,O=N([O-])->[Pd+2](<-N(=O)[O-])(<-n1cccc(-c2ccccc2)c1)<-n1cccc(-c2ccccc2)c1,O=N([O-])->[Pd+2](<-N(=O)[O-])(<-n1cccc(-c2ccccc2)c1)<-n1cccc(-c2ccccc2)c1
VIKGAX,,C12 H11 Mo1 O3 1+,1.0,[O+]#[C-]->[Mo+2]1234567(<-[C-]#[O+])(<-C8=C->1C->2=C->3OC8)<-c1c->4c->5[cH-]->6c->71,[O+]#[C-]->[Mo+2]1234567(<-[C-]#[O+])(<-C8=C->1C->2=C->3OC8)<-c1c->4c->5[cH-]->6c->71,[O+]#[C-]->[Mo+2]1234567(<-[C-]#[O+])(<-C8=C->1C->2=C->3OC8)<-c1c->4c->5[cH-]->6c->71
VIKXIX,,C26 H36 N2 Si1 Zr1,0.0,C=C1C(=C)C23N(C(C)(C)C)->[Zr+2]<-2456789%10%11%12%13(<-c2c->4[cH-]->5c->6([Si](C)(C)c->74c->8c->9[cH-]->%10c->%114)c->%122)<-N(C(C)(C)C)C->%13=31,C=c1c(=C)c23=N(C(C)(C)C)->[Zr+2]<-2456789%10%11%12%13(<-c2c->4c->5[c-]->6([Si](C)(C)[c-]->74c->8c->9c->%10c->%114)c->%122)<-N(C(C)(C)C)=c->%1313,C=c1c(=C)c2=N(C(C)(C)C)->[Zr+2]3456789%10%11(<-c%12c->3c->4[c-]->5([Si](C)(C)[c-]->63c->7c->8c->9c->%103)c->%11%12)<-N(=c12)C(C)(C)C
VIMCIF,Cc1n[n-]2->[Zn+2]34(<-S=c2s1)(<-S=c1sc(C)n[n-]->31)<-n1ccccc1-c1ccccn->41,C16 H14 N6 S4 Zn1,0.0,Cc1n[n-](->[Zn+2]2(<-n3ccccc3-c3ccccn->23)<-[n-]2nc(C)sc2=S)c(=S)s1,Cc1n[n-](->[Zn+2]2(<-n3ccccc3-c3ccccn->23)<-[n-]2nc(C)sc2=S)c(=S)s1,Cc1n[n-]2->[Zn+2]34(<-S=c2s1)(<-S=c1sc(C)n[n-]->31)<-n1ccccc1-c1ccccn->41
VIMJOR,Cc1ccn2->[Ir+3]34(<-[O-]C(Cn5cccn->35)(C(F)(F)F)C(F)(F)F)(<-[c-]3c(-c2c1)cc(C(F)(F)F)cc3C(F)(F)F)<-[c-]1c(-c2cc(C)ccn->42)cc(C(F)(F)F)cc1C(F)(F)F,C35 H21 F18 Ir1 N4 O1,0.0,Cc1ccn2->[Ir+3]34(<-[O-]C(Cn5cccn->35)(C(F)(F)F)C(F)(F)F)(<-[c-]3c(-c2c1)cc(C(F)(F)F)cc3C(F)(F)F)<-[c-]1c(-c2cc(C)ccn->42)cc(C(F)(F)F)cc1C(F)(F)F,Cc1ccn2->[Ir+3]34(<-[O-]C(Cn5cccn->35)(C(F)(F)F)C(F)(F)F)(<-[c-]3c(-c2c1)cc(C(F)(F)F)cc3C(F)(F)F)<-[c-]1c(-c2cc(C)ccn->42)cc(C(F)(F)F)cc1C(F)(F)F,Cc1ccn2->[Ir+3]34(<-[O-]C(Cn5cccn->35)(C(F)(F)F)C(F)(F)F)(<-[c-]3c(-c2c1)cc(C(F)(F)F)cc3C(F)(F)F)<-[c-]1c(-c2cc(C)ccn->42)cc(C(F)(F)F)cc1C(F)(F)F
VINGEF,O=C1CN2CCN34CC(=O)[O-]->[Ti+4]<-2<-35(<-[O-][O-]->5)(<-[O-]1)<-[O-]C(=O)C4,C8 H11 N2 O8 Ti1 1-,-1.0,O=C1CN2CCN34CC(=O)[O-]->[Ti+4]<-2<-35(<-[O-][O-]->5)(<-[O-]1)<-[O-]C(=O)C4,O=C1CN2CCN34CC(=O)[O-]->[Ti+4]<-2<-35(<-[O-][O-]->5)(<-[O-]1)<-[O-]C(=O)C4,O=C1CN2CCN34CC(=O)[O-]->[Ti+4]<-2<-35(<-[O-][O-]->5)(<-[O-]1)<-[O-]C(=O)C4
VINVUL,[Cl-]->[Pd@TB19+2]12<-N(CC[Se]->1c1ccccc1)CC[Se]->2c1ccccc1,C16 H19 Cl1 N1 Pd1 Se2 1+,1.0,[Cl-]->[Pd+2]12<-N(CC[Se]->1c1ccccc1)CC[Se]->2c1ccccc1,[CH2-]CN(C[CH2-])->[Pd+6](<-[Cl-])(<-[Se-]c1ccccc1)<-[Se-]c1ccccc1,[CH2-]CN(C[CH2-])->[Pd+6](<-[Cl-])(<-[Se-]c1ccccc1)<-[Se-]c1ccccc1
VIPLIQ,C[Si-]1(C)[CH-][CH-][CH-]2[CH2+]->[Ir+3]<-2<-1(<-P(C)(C)C)(<-P(C)(C)C)<-P(C)(C)C,C15 H38 Ir1 P3 Si1,0.0,C[Si-]1(C)C=CC2=C->[Ir+]<-2<-1(<-P(C)(C)C)(<-P(C)(C)C)<-P(C)(C)C,C[Si]1(C)=CC=C2[CH2-]->[Ir+]<-2<-1(<-P(C)(C)C)(<-P(C)(C)C)<-P(C)(C)C,C[Si]1(C)=CC=C2[CH2-]->[Ir+]<-2<-1(<-P(C)(C)C)(<-P(C)(C)C)<-P(C)(C)C
VIPWUP,Cc1ccn(->[Co+3]23456(<-O=N->2[O-]->3)<-[O-]c2ccccc2/C=N->4/CC/N->5=C/c2ccccc2[O-]->6)cc1,C22 H21 Co1 N4 O4,0.0,Cc1ccn(->[Co+]234(<-[O-]c5ccccc5C=N->2CCN->3=Cc2ccccc2[O-]->4)<-[N+](=O)=O)cc1,Cc1ccn(->[Co+3]234(<-[O-]c5ccccc5C=N->2CCN->3=Cc2ccccc2[O-]->4)<-N(=O)[O-])cc1,Cc1ccn(->[Co+3]234(<-[O-]c5ccccc5C=N->2CCN->3=Cc2ccccc2[O-]->4)<-N(=O)[O-])cc1
VIQSOD,C=CP(c1ccccc1)(c1ccccc1)->[Ru+2]12345(<-[Cl-])(<-[C-]#[O+])<-c6(C)c->1(C)c->2(C)c->3(C)c->4(C)c->56C,C27 H31 Cl1 O1 P1 Ru1 1+,1.0,C=CP(c1ccccc1)(c1ccccc1)->[Ru+2]12345(<-[Cl-])(<-[C-]#[O+])<-c6(C)c->1(C)c->2(C)c->3(C)c->4(C)c->56C,C=CP(c1ccccc1)(c1ccccc1)->[Ru+2]12345(<-[Cl-])(<-[C-]#[O+])<-c6(C)c->1(C)c->2(C)c->3(C)c->4(C)c->56C,C=CP(c1ccccc1)(c1ccccc1)->[Ru+2]12345(<-[Cl-])(<-[C-]#[O+])<-c6(C)c->1(C)c->2(C)c->3(C)c->4(C)c->56C
VIRDUW,,C24 H24 B1 Mn1 O3,0.0,CC(C)(C)[BH2-]1O[C-](c2ccccc2)(c2ccccc2)->[Mn+3]<-12345(<-[C-]#[O+])(<-[C-]#[O+])<-c1c->2c->3[cH-]->4c->51,CC(C)(C)B1=[O+][C-](c2ccccc2)(c2ccccc2)->[Mn+]<-12345(<-[C-]#[O+])(<-[C-]#[O+])<-c1c->2c->3[cH-]->4c->51,CC(C)(C)[B-]1[O+]=C(c2ccccc2)(c2ccccc2)->[Mn+]2345(<-[C-]#[O+])(<-C=1=O)<-c1c->2c->3[cH-]->4c->51
VIRHIO,,C24 H49 N1 O1 Ru1 Si4,0.0,CCc12->[Ru+2]3456(<-[H][SiH](N=[C-]->3C)C([Si](C)(C)C)([Si](C)(C)C)[Si](C)(C)C)(<-[C-]#[O+])<-c1(C)c->4(C)[c-]->5(C)c->62C,CC[c-]12->[RuH+]3456(<-[C-]#[O+])(<-[C](C)N=[SiH]->3C([Si](C)(C)C)([Si](C)(C)C)[Si](C)(C)C)<-c(C)(c->4(C)c->51C)c->62C,CC[c-]12->[RuH+]3456(<-[C-]#[O+])(<-[C](C)N=[SiH]->3C([Si](C)(C)C)([Si](C)(C)C)[Si](C)(C)C)<-c(C)(c->4(C)c->51C)c->62C
VISCUY,CC1/C=C(/C)[O-]->[Pt+2]2(<-O=1)<-[C]1N(C)C=CN1c1ccs[c-]->21,C13 H14 N2 O2 Pt1 S1,0.0,fail,CC1=CC(C)=O->[Pt+2]2(<-[O-]1)<-[C]1N(C)C=CN1c1ccs[c-]->21,CC1=CC(C)=O->[Pt+2]2(<-[O-]1)<-[C]1N(C)C=CN1c1ccs[c-]->21
VISXAY,CC1(C)[CH2-]->[Pd+4]23(<-[OH-])(<-[c-]4ccccc41)<-N1(C)CCN->2(C)CCN->3(C)CC1,C19 H34 N3 O1 Pd1 1+,1.0,CC1(C)[CH2-]->[Pd+4]23(<-[OH-])(<-[c-]4ccccc41)<-N1(C)CCN->2(C)CCN->3(C)CC1,CC1(C)[CH2-]->[Pd+4]23(<-[OH-])(<-[c-]4ccccc41)<-N1(C)CCN->2(C)CCN->3(C)CC1,CC1(C)[CH2-]->[Pd+4]23(<-[OH-])(<-[c-]4ccccc41)<-N1(C)CCN->2(C)CCN->3(C)CC1
VITWED,Cc1sc23->[Zr+4]456789%10%11(<-[Cl-])(<-[Cl-])<-c(c->4(C)[c-]->52[Si](C)(C)c->62c->7(C)c->8c->94c(-c5ccccc5)c(C)s[c-]->%1024)c->%113c1-c1ccccc1,C32 H30 Cl2 S2 Si1 Zr1,0.0,fail,Cc1sc23->[Zr+4]456789%10%11(<-[Cl-])(<-[Cl-])<-c(c->42c1-c1ccccc1)[c-]->5(C)c->63[Si](C)(C)c->71c->82sc(C)c(-c3ccccc3)c->92c->%10[c-]->%111C,Cc1sc23->[Zr+4]456789%10%11(<-[Cl-])(<-[Cl-])<-c(c->42c1-c1ccccc1)[c-]->5(C)c->63[Si](C)(C)c->71c->82sc(C)c(-c3ccccc3)c->92c->%10[c-]->%111C
VIVKER,[O+]#[C-]->[Fe+2]123(<-[C-]#[O+])(<-[C-]#[O+])<-[O-][C-]->1(c1ccccc1)/C->2=C->3/c1ccccc1C(F)(F)F,C19 H11 F3 Fe1 O4,0.0,fail,[O+]#[C-]->[Fe+2]123(<-[C-]#[O+])(<-[C-]#[O+])<-[O-][C-]->1(c1ccccc1)C->2=C->3c1ccccc1C(F)(F)F,[O+]#[C-]->[Fe+2]123(<-[C-]#[O+])(<-[C-]#[O+])<-[O-][C-]->1(c1ccccc1)C->2=C->3c1ccccc1C(F)(F)F
VIWCEL,[O+]#[C-]->[W](<-[C-]#[O+])(<-[C-]#[O+])(<-[C-]#[O+])<-P(c1ccccc1)(c1ccccc1)N(c1cccc2ccccc12)P(=[Se])(c1ccccc1)c1ccccc1,C38 H27 N1 O4 P2 Se1 W1,0.0,[O+]#[C-]->[W]1(<-[C-]#[O+])(<-[C-]#[O+])(<-[C-]#[O+])<-[Se]=P(c2ccccc2)(c2ccccc2)N(c2cccc3ccccc23)P->1(c1ccccc1)c1ccccc1,[O+]#[C-]->[W]1(<-[C-]#[O+])(<-[C-]#[O+])(<-[C-]#[O+])<-[Se]=P(c2ccccc2)(c2ccccc2)N(c2cccc3ccccc23)P->1(c1ccccc1)c1ccccc1,[O+]#[C-]->[W]1(<-[C-]#[O+])(<-[C-]#[O+])(<-[C-]#[O+])<-[Se]=P(c2ccccc2)(c2ccccc2)N(c2cccc3ccccc23)P->1(c1ccccc1)c1ccccc1
VIXSOL,CCN(CC)[C](Nc1ccccn1)->[Au+]<-[c-]1c(C(F)(F)F)cc(C(F)(F)F)cc1C(F)(F)F,C19 H17 Au1 F9 N3,0.0,CCN(CC)[C](Nc1ccccn1)->[Au+]<-[c-]1c(C(F)(F)F)cc(C(F)(F)F)cc1C(F)(F)F,CCN(CC)[C](Nc1ccccn1)->[Au+]<-[c-]1c(C(F)(F)F)cc(C(F)(F)F)cc1C(F)(F)F,CCN(CC)[C](Nc1ccccn1)->[Au+]<-[c-]1c(C(F)(F)F)cc(C(F)(F)F)cc1C(F)(F)F
VIYKUK,C[CH2-]->[Hg+2]<-[S-]c1ccccc1P(=O)(c1ccccc1)c1ccccc1,C20 H19 Hg1 O1 P1 S1,0.0,fail,C[CH2-]->[Hg+2]<-[S-]c1ccccc1P(=O)(c1ccccc1)c1ccccc1,C[CH2-]->[Hg+2]<-[S-]c1ccccc1P(=O)(c1ccccc1)c1ccccc1
VIYZEI,,C12 H15 Mo1 N2 O3 1+,1.0,CC=N1N(C)[C](OC)->[Mo+2]<-12345(<-[C-]#[O+])(<-[C-]#[O+])<-c1c->2c->3[cH-]->4c->51,CC=N1N(C)[C](OC)->[Mo+2]<-12345(<-[C-]#[O+])(<-[C-]#[O+])<-c1c->2c->3[cH-]->4c->51,CC=N1N(C)[C](OC)->[Mo+2]<-12345(<-[C-]#[O+])(<-[C-]#[O+])<-c1c->2c->3[cH-]->4c->51
VIZVOS,,C37 H26 F18 O3 W1,0.0,Cc1cc(C)c([C-3]->[W+6](<-[O-]C(c2ccccc2)(C(F)(F)F)C(F)(F)F)(<-[O-]C(c2ccccc2)(C(F)(F)F)C(F)(F)F)<-[O-]C(c2ccccc2)(C(F)(F)F)C(F)(F)F)c(C)c1,C[c+]1[cH-][c+](C)[c-]([C-3]->[W+6](<-[O-]C(c2ccccc2)(C(F)(F)F)C(F)(F)F)(<-[O-]C(c2ccccc2)(C(F)(F)F)C(F)(F)F)<-[O-]C(c2ccccc2)(C(F)(F)F)C(F)(F)F)[c+](C)[cH-]1,C[c+]1[cH-][c+](C)[c-]([C-3]->[W+6](<-[O-]C(c2ccccc2)(C(F)(F)F)C(F)(F)F)(<-[O-]C(c2ccccc2)(C(F)(F)F)C(F)(F)F)<-[O-]C(c2ccccc2)(C(F)(F)F)C(F)(F)F)[c+](C)[cH-]1
VOBPUZ,CS(C)(=O)->[Ru+2]123(<-[Cl-])<-n4ccccc4CN->1(Cc1ccccn->21)Cc1cn(Cc2ccccc2)nn->31,C24 H28 Cl1 N6 O1 Ru1 S1 1+,1.0,CS(C)(=O)->[Ru+2]123(<-[Cl-])<-n4ccccc4CN->1(Cc1ccccn->21)Cc1cn(Cc2ccccc2)nn->31,CS(C)(=O)->[Ru+2]123(<-[Cl-])<-n4ccccc4CN->1(Cc1ccccn->21)Cc1cn(Cc2ccccc2)nn->31,CS(C)(=O)->[Ru+2]123(<-[Cl-])<-n4ccccc4CN->1(Cc1ccccn->21)Cc1cn(Cc2ccccc2)nn->31
VOCVER,CC(C)/N1=C(/[O-]->[Ir+3]<-123(<-[c-]1c(-c4ccccn->24)sc2ccccc21)<-[c-]1c(-c2ccccn->32)sc2ccccc21)c1ccccc1,C36 H28 Ir1 N3 O1 S2,0.0,fail,CC(C)N1=C([O-]->[Ir+3]<-123(<-[c-]1c(-c4ccccn->24)sc2ccccc21)<-[c-]1c(-c2ccccn->32)sc2ccccc21)c1ccccc1,CC(C)N1=C([O-]->[Ir+3]<-123(<-[c-]1c(-c4ccccn->24)sc2ccccc21)<-[c-]1c(-c2ccccn->32)sc2ccccc21)c1ccccc1
VOGCUS,,C32 H33 Cl1 N4 Pt1,0.0,CCCCc1[c](->[Pt+]2(<-[Cl-])<-[c-]3cc(C)ccc3-c3cccc(-c4ccc(C)cc4)n->23)n(-c2ccccc2)n[n+]1C,CCCCc1[c-](->[Pt+2]2(<-[Cl-])<-[c-]3cc(C)ccc3-c3cccc(-c4ccc(C)cc4)n->23)n(-c2ccccc2)n[n+]1C,CCCCc1[c-](->[Pt+2]2(<-[Cl-])<-[c-]3cc(C)ccc3-c3cccc(-c4ccc(C)cc4)n->23)n(-c2ccccc2)n[n+]1C
VOGZIB,C=C/C=C\[S@@](=O)([O-])->[Ir+3]1234(<-[Cl-])(<-c5(C)c->1(C)c->2(C)[c-]->3(C)c->45C)<-P(C)(C)C,C17 H29 Cl1 Ir1 O2 P1 S1,0.0,C=CC=C[SH](=O)(=O)->[Ir+2]1234(<-[Cl-])(<-c5(C)c->1(C)c->2(C)[c-]->3(C)c->45C)<-P(C)(C)C,C=CC=CS(=O)([O-])->[Ir+3]1234(<-[Cl-])(<-c5(C)c->1(C)c->2(C)[c-]->3(C)c->45C)<-P(C)(C)C,C=CC=CS(=O)([O-])->[Ir+3]1234(<-[Cl-])(<-c5(C)c->1(C)c->2(C)[c-]->3(C)c->45C)<-P(C)(C)C
VOHSIX,O=C1[O-]->[Ni+2]2(<-[O-]C(=O)c3cccc1n->23)<-n1ccccc1-c1cccc(-c2ccccn2)n1,C22 H14 N4 Ni1 O4,0.0,O=C1[O-]->[Ni+2]234(<-[O-]C(=O)c5cccc1n->25)<-n1ccccc1-c1cccc(-c2ccccn->32)n->41,O=C1[O-]->[Ni+2]234(<-[O-]C(=O)c5cccc1n->25)<-n1ccccc1-c1cccc(-c2ccccn->32)n->41,O=C1[O-]->[Ni+2]234(<-[O-]C(=O)c5cccc1n->25)<-n1ccccc1-c1cccc(-c2ccccn->32)n->41
VOJWIA,CC(C)(C)c1ccn2[BH-]3n4ccc(C(C)(C)C)n4->[Zn@TB13+2](<-[Br-])(<-n12)<-n1c(C(C)(C)C)ccn13,C21 H34 B1 Br1 N6 Zn1,0.0,CC(C)(C)c1cc[n+]2[BH-]3[n+]4ccc(C(C)(C)C)[n-]4->[Zn+2](<-[Br-])(<-[n-]12)<-[n-]1c(C(C)(C)C)cc[n+]13,CC(C)(C)c1ccn2[BH-]3n4ccc(C(C)(C)C)n4->[Zn+2](<-[Br-])(<-n12)<-n1c(C(C)(C)C)ccn13,CC(C)(C)c1ccn2[BH-]3n4ccc(C(C)(C)C)n4->[Zn+2](<-[Br-])(<-n12)<-n1c(C(C)(C)C)ccn13
VOLGUB,[CH3-]->[Zr+4]123(<-[CH3-])<-[O-]c4c(-c5ccccc5)cccc4-c4ccccc4O->1CCCO->2c1ccccc1-c1cccc(-c2ccccc2)c1[O-]->3,C41 H36 O4 Zr1,0.0,[CH3-]->[Zr+4]123(<-[CH3-])<-[O-]c4c(-c5ccccc5)cccc4-c4ccccc4O->1CCCO->2c1ccccc1-c1cccc(-c2ccccc2)c1[O-]->3,[CH3-]->[Zr+4]123(<-[CH3-])<-[O-]c4c(-c5ccccc5)cccc4-c4ccccc4O->1CCCO->2c1ccccc1-c1cccc(-c2ccccc2)c1[O-]->3,[CH3-]->[Zr+4]123(<-[CH3-])<-[O-]c4c(-c5ccccc5)cccc4-c4ccccc4O->1CCCO->2c1ccccc1-c1cccc(-c2ccccc2)c1[O-]->3
VOLYAY,,C12 H44 Mo1 P4 Si2,0.0,CP(C)(C)->[MoH2+2](<-[SiH3-])(<-[SiH3-])(<-P(C)(C)C)(<-P(C)(C)C)<-P(C)(C)C,CP(C)(C)->[MoH2+2](<-[SiH3-])(<-[SiH3-])(<-P(C)(C)C)(<-P(C)(C)C)<-P(C)(C)C,CP(C)(C)->[MoH2+2](<-[SiH3-])(<-[SiH3-])(<-P(C)(C)C)(<-P(C)(C)C)<-P(C)(C)C
VOMJEM,C[C@H](O)[C@H](O)[C@H]1CNc2nc(N)[nH]c3=O->[Mo+6](<-[O-2])(<-[Cl-])(<-[Cl-])(<-[Cl-])<-[N-]1c23,C9 H14 Cl3 Mo1 N5 O4,0.0,CC(O)C(O)C1CNC2=NC(=[NH2+])NC3=O->[Mo+4](<-[O-2])(<-[Cl-])(<-[Cl-])(<-[Cl-])<-N1=C23,CC(O)C(O)C1CNc2nc(N)[nH]c3=O->[Mo+6](<-[O-2])(<-[Cl-])(<-[Cl-])(<-[Cl-])<-[N-]1c23,CC(O)C(O)C1CNc2nc(N)[nH]c3=O->[Mo+6](<-[O-2])(<-[Cl-])(<-[Cl-])(<-[Cl-])<-[N-]1c23
VONLIW,,C28 H25 Ir1 N2 O2,0.0,fail,CC1=CC(C)=O->[Ir+3]23(<-[O-]1)(<-[c-]1ccccc1-c1ccccn->21)<-[c-]1cccc(C)c1-c1ccccn->31,CC1=CC(C)=O->[Ir+3]23(<-[O-]1)(<-[c-]1ccccc1-c1ccccn->21)<-[c-]1cccc(C)c1-c1ccccn->31
VONVUQ,C=C1SC(=O)S[C@]12CCC1[S-]->[Co+3]3456(<-[S-]C=1C2)<-c1c->3c->4[cH-]->5c->61,C14 H13 Co1 O1 S4,0.0,C=C1SC(=O)SC12CCC1[S-]->[Co+3]3456(<-[S-]C=1C2)<-c1c->3c->4[cH-]->5c->61,C=C1SC(=O)SC12CCC1=S->[Co+]3456(<-S=C1C2)<-c1c->3c->4[cH-]->5c->61,C=C1SC(=O)SC12CCC1=S->[Co+]3456(<-S=C1C2)<-c1c->3c->4[cH-]->5c->61
VOQCOU,CC1/C=C(/C)[O-]->[Ir+3]23(<-O=1)(<-[C-](=C\c1sc4ccccc4n->21)/c1ccc(F)cc1)<-[C-](=C\c1sc2ccccc2n->31)/c1ccc(F)cc1,C35 H25 F2 Ir1 N2 O2 S2,0.0,fail,CC1=CC(C)=O->[Ir+3]23(<-[O-]1)(<-[C-](=Cc1sc4ccccc4n->21)c1ccc(F)cc1)<-[C-](=Cc1sc2ccccc2n->31)c1ccc(F)cc1,CC1=CC(C)=O->[Ir+3]23(<-[O-]1)(<-[C-](=Cc1sc4ccccc4n->21)c1ccc(F)cc1)<-[C-](=Cc1sc2ccccc2n->31)c1ccc(F)cc1
VOSLUK,,C31 H44 Si1 Ti1,0.0,Cc12->[Ti+2]3456789%10(<-C(c%11ccccc%11)=C->3[Si](C)(C)C)(<-c1(C)c->4(C)[c-]->5(C)c->62C)<-c1(C)c->7(C)c->8(C)[c-]->9(C)c->%101C,Cc12->[Ti+2]3456789%10(<-C(c%11ccccc%11)#C->3[Si](C)(C)C)(<-c1(C)c->4(C)[c-]->5(C)c->62C)<-c1(C)c->7(C)c->8(C)[c-]->9(C)c->%101C,Cc12->[Ti+2]3456789%10(<-C(c%11ccccc%11)#C->3[Si](C)(C)C)(<-c1(C)c->4(C)[c-]->5(C)c->62C)<-c1(C)c->7(C)c->8(C)[c-]->9(C)c->%101C
VOTWIK,,C18 H29 N1 O4 P2 W1,0.0,CCOC1=O->[W+2](<-[C-]#[O+])(<-[N-]=O)(<-[C-]1=Cc1ccccc1)(<-P(C)(C)C)<-P(C)(C)C,CCOC1[O-]->[W+2](<-[C-]#[O+])(<-[N-]=O)(<-C=1=Cc1ccccc1)(<-P(C)(C)C)<-P(C)(C)C,CCOC12[O-]->[W+2]<-1(<-[C-]#[O+])(<-[N-]=O)(<-C=2=Cc1ccccc1)(<-P(C)(C)C)<-P(C)(C)C
VOVRAZ,,C20 H18 Fe1 O5,0.0,CCC(=C=CC1=C2C3=C(C(=O)OC)->[Fe]<-1<-2<-3(<-[C-]#[O+])(<-[C-]#[O+])<-[C-]#[O+])c1ccccc1,CCC(=C=CC1=C2C3=C(C(=O)OC)->[Fe]<-1<-2<-3(<-[C-]#[O+])(<-[C-]#[O+])<-[C-]#[O+])c1ccccc1,CCC(=C=C[CH-]1C2=C3[CH-](C(=O)OC)->[Fe+2]<-2<-3<-1(<-[C-]#[O+])(<-[C-]#[O+])<-[C-]#[O+])c1ccccc1
VOWFOC,CC(C)N[C](Nc1ccccc1)->[Re+](<-[Br-])(<-[C-]#[O+])(<-[C-]#[O+])(<-[C-]#[O+])<-[C-]#[O+],C14 H14 Br1 N2 O4 Re1,0.0,CC(C)N[C](Nc1ccccc1)->[Re+](<-[Br-])(<-[C-]#[O+])(<-[C-]#[O+])(<-[C-]#[O+])<-[C-]#[O+],CC(C)N[C](Nc1ccccc1)->[Re+](<-[Br-])(<-[C-]#[O+])(<-[C-]#[O+])(<-[C-]#[O+])<-[C-]#[O+],CC(C)N[C](Nc1ccccc1)->[Re+](<-[Br-])(<-[C-]#[O+])(<-[C-]#[O+])(<-[C-]#[O+])<-[C-]#[O+]
VOYNUU,COc1ccc2nc(-c3ccccn3->[Au+3](<-[Cl-])(<-[Cl-])<-[Cl-])cc(-c3ccccc3)c2c1,C21 H16 Au1 Cl3 N2 O1,0.0,COc1ccc2nc(-c3ccccn3->[Au+3](<-[Cl-])(<-[Cl-])<-[Cl-])cc(-c3ccccc3)c2c1,COc1ccc2nc(-c3ccccn3->[Au+3](<-[Cl-])(<-[Cl-])<-[Cl-])cc(-c3ccccc3)c2c1,COc1ccc2c(c1)c(-c1ccccc1)cc1-c3ccccn3->[Au+3](<-[Cl-])(<-[Cl-])(<-[Cl-])<-n12
VOZYEQ,,C30 H38 B1 Ir1 N6 O4,0.0,CC[C-2]1c2ccccc2C(C(=O)OC)=[C-](C(=O)OC)->[IrH+4]<-123<-[n-]1c(C)cc(C)[n+]1[BH-]([n+]1c(C)cc(C)[n-]->21)[n+]1c(C)cc(C)[n-]->31,CC[C]1c2ccccc2C(C(=O)OC)=[C-](C(=O)OC)->[IrH+2]<-123<-n1c(C)cc(C)n1[BH-](n1c(C)cc(C)n->21)n1c(C)cc(C)n->31,CC[C]1c2ccccc2C(C(=O)OC)=[C-](C(=O)OC)->[IrH+2]<-123<-n1c(C)cc(C)n1[BH-](n1c(C)cc(C)n->21)n1c(C)cc(C)n->31
VUBZEY,CC(C)c1cccc(C(C)C)c1N1CCCCN(c2c(C(C)C)cccc2C(C)C)[C]1->[Cu+]<-[Br-],C29 H42 Br1 Cu1 N2,0.0,CC(C)c1cccc(C(C)C)c1N1CCCCN(c2c(C(C)C)cccc2C(C)C)[C]1->[Cu+]<-[Br-],CC(C)c1cccc(C(C)C)c1N1CCCCN(c2c(C(C)C)cccc2C(C)C)[C]1->[Cu+]<-[Br-],CC(C)c1cccc(C(C)C)c1N1CCCCN(c2c(C(C)C)cccc2C(C)C)[C]1->[Cu+]<-[Br-]
VUCTOD,CC(N)=S->[Zn+2](<-[I-])(<-[I-])<-S=C(C)N,C4 H10 I2 N2 S2 Zn1,0.0,CC(N)=S->[Zn+2](<-[I-])(<-[I-])<-S=C(C)N,CC(N)=S->[Zn+2](<-[I-])(<-[I-])<-S=C(C)N,CC(N)=S.CC(N)=S->[Zn+2](<-[I-])<-[I-]
VUDKEM,O=S(=O)([O-]->[Cd+2]12(<-O)(<-O)<-N3=C\c4cccc(n->14)/C=N->2/CCOCCOCCOCC\3)C(F)(F)F,C16 H25 Cd1 F3 N3 O8 S1 1+,1.0,O=S(=O)([O-]->[Cd+2]12(<-O)(<-O)<-N3=Cc4cccc(n->14)C=N->2CCOCCOCCOCC3)C(F)(F)F,O=S(=O)([O-]->[Cd+2]12(<-O)(<-O)<-N3=Cc4cccc(n->14)C=N->2CCOCCOCCOCC3)C(F)(F)F,O=S1(=O->[Cd+2]23(<-O)(<-O)(<-[O-]1)<-N1=Cc4cccc(n->24)C=N->3CCOCCOCCOCC1)C(F)(F)F
VUDTUL,,C26 H34 Ni1 P2 Se1 Si1,0.0,C[Si](C)(C)[C-]1([CH2-]->[Ni+3]<-12<-[Se-]c1ccccc1P->2(c1ccccc1)c1ccccc1)[P](C)(C)C,C[Si](C)(C)C1([CH2-]->[Ni+2]<-12<-[Se-]c1ccccc1P->2(c1ccccc1)c1ccccc1)=P(C)(C)C,C[Si](C)(C)C1([CH2-]->[Ni+2]<-12<-[Se-]c1ccccc1P->2(c1ccccc1)c1ccccc1)=P(C)(C)C
VUFQET,CCC/N1=C/c2ccccn2->[Re+7]<-1(<-[CH3-])(<-[O-2])(<-[O-2])<-[O-2],C10 H15 N2 O3 Re1,0.0,CCCN1=Cc2ccccn2->[Re+7]<-1(<-[CH3-])(<-[O-2])(<-[O-2])<-[O-2],CCCN1=Cc2ccccn2->[Re+7]<-1(<-[CH3-])(<-[O-2])(<-[O-2])<-[O-2],CCCN=Cc1ccccn1.[CH3-]->[Re+7](<-[O-2])(<-[O-2])<-[O-2]
VUGBUW,,C32 H25 N1 O1 Rh1 S1 1+,1.0,Cc12->[Rh+3]34567(<-[c-]8ccccc8-c8ccccn->38)<-[cH-]1c->41ccccc->51c->62-c1c(S->7(C)=O)ccc2ccccc12,CC12->[Rh+3]34567(<-[c-]8ccccc8-c8ccccn->38)<-C=1c->41ccccc->51C->62=C1C(=S->7(C)[O-])C=Cc2ccccc21,CC12->[Rh+3]34567(<-[c-]8ccccc8-c8ccccn->38)<-C=1c->41ccccc->51C->62=C1C(=S->7(C)[O-])C=Cc2ccccc21
VUHBOQ,CC(C)c1cccc(C(C)C)c1/N1=C(/CN2C=CN(C(C)C)[C]2->[Pd+2]<-1(<-[Cl-])<-[Cl-])c1ccccc1,C26 H33 Cl2 N3 Pd1,0.0,CC(C)c1cccc(C(C)C)c1N1=C(CN2C=CN(C(C)C)[C]2->[Pd+2]<-1(<-[Cl-])<-[Cl-])c1ccccc1,CC(C)c1cccc(C(C)C)c1N1=C(CN2C=CN(C(C)C)[C]2->[Pd+2]<-1(<-[Cl-])<-[Cl-])c1ccccc1,CC(C)c1cccc(C(C)C)c1N1=C(CN2C=CN(C(C)C)[C]2->[Pd+2]<-1(<-[Cl-])<-[Cl-])c1ccccc1
VUJCIO,COC1=C[CH-]C=C2S(C)->[Ru@TB2+4](<-[Cl-])(<-[Cl-])(<-[CH-]=C12)<-[C]1N(c2c(C)cc(C)cc2C)CCN1c1c(C)cc(C)cc1C,C30 H36 Cl2 N2 O1 Ru1 S1,0.0,COc1cccc2S(C)->[Ru+4](<-[Cl-])(<-[Cl-])(<-[CH-2]c12)<-[C]1N(c2c(C)cc(C)cc2C)CCN1c1c(C)cc(C)cc1C,COc1cccc2S(C)->[Ru+2](<-[Cl-])(<-[Cl-])(<-[CH]c12)<-[C]1N(c2c(C)cc(C)cc2C)CCN1c1c(C)cc(C)cc1C,COc1cccc2S(C)->[Ru+2](<-[Cl-])(<-[Cl-])(<-[CH]c12)<-[C]1N(c2c(C)cc(C)cc2C)CCN1c1c(C)cc(C)cc1C
VUKJOA,CP(C)(C)=[N-]->[W+6](<-[Cl-])(<-[Cl-])(<-[Cl-])(<-[Cl-])<-[Cl-],C3 H9 Cl5 N1 P1 W1,0.0,C[P](C)(C)[N-2]->[W+7](<-[Cl-])(<-[Cl-])(<-[Cl-])(<-[Cl-])<-[Cl-],CP(C)(C)=[N-]->[W+6](<-[Cl-])(<-[Cl-])(<-[Cl-])(<-[Cl-])<-[Cl-],CP(C)(C)=[N-]->[W+6](<-[Cl-])(<-[Cl-])(<-[Cl-])(<-[Cl-])<-[Cl-]
VULHOZ,,C12 H14 Cl1 Nb1 O1,0.0,Cc12->[Nb+5]3456789(<-[O-2])(<-[Cl-])(<-c(c->31)[cH-]->4c->52)<-c1c->6c->7(C)c->8[cH-]->91,C[c-]12->[Nb+5]3456789(<-[O-2])(<-[Cl-])(<-c(c->3c->41)c->52)<-c1c->6c->7[c-]->8(C)c->91,C[c-]12->[Nb+5]3456(<-[O-2])(<-[Cl-])(<-c7c->3c->4[c-]->5(C)c->67)<-c1ccc2
VUMPAV,,C34 H29 N2 O3 P1 Pt1,0.0,CCOP(=O)(OCC)c1ccc(-c2cc3-c4cccc[c-]4->[Pt+2]4(<-[C-]#Cc5ccccc5)<-n5ccccc5-c(c2)n->43)cc1,CCOP(=O)(OCC)c1ccc(-c2cc3-c4cccc[c-]4->[Pt+2]4(<-[C-]#Cc5ccccc5)<-n5ccccc5-c(c2)n->43)cc1,CCOP(=O)(OCC)c1ccc(-c2cc3-c4cccc[c-]4->[Pt+2]4(<-[C-]#Cc5ccccc5)<-n5ccccc5-c(c2)n->43)cc1
VUPMEY,Cc1ccc([N-2]->[W+6]2345(<-[CH2-][Si](C)(C)C)(<-[N-2]c6ccc(C)cc6)<-c6(C)c->2(C)c->3(C)[c-]->4(C)c->56C)cc1,C28 H40 N2 Si1 W1,0.0,Cc1ccc([N-2]->[W+6]2345(<-[CH2-][Si](C)(C)C)(<-[N-2]c6ccc(C)cc6)<-c6(C)c->2(C)c->3(C)[c-]->4(C)c->56C)cc1,Cc1ccc([N-2]->[W+6]2345(<-[CH2-][Si](C)(C)C)(<-[N-2]c6ccc(C)cc6)<-c6(C)c->2(C)c->3(C)[c-]->4(C)c->56C)cc1,Cc1ccc([N-2]->[W+6]2345(<-[CH2-][Si](C)(C)C)(<-[N-2]c6ccc(C)cc6)<-c6(C)c->2(C)c->3(C)[c-]->4(C)c->56C)cc1
VURGOF,CC(C)(C)c1cc2-c3cccc4-c5c(Cl)ccc(Cl)[c-]5->[Zr+4]56(<-[CH2-]c->57ccccc7)(<-[CH2-]c->65ccccc5)(<-[O-]c2c(C(C)(C)C)c1)<-n34,C39 H39 Cl2 N1 O1 Zr1,0.0,CC(C)(C)c1cc2-c3cccc4-c5c(Cl)ccc(Cl)[c-]5->[Zr+4](<-[CH2-]c5ccccc5)(<-[CH2-]c5ccccc5)(<-[O-]c2c(C(C)(C)C)c1)<-n34,CC(C)(C)c1cc2-c3cccc4-c5c(Cl)ccc(Cl)[c-]5->[Zr+4]5(<-[CH2-]c6ccccc6)(<-[CH2-]c->56ccccc6)(<-[O-]c2c(C(C)(C)C)c1)<-n34,CC(C)(C)c1cc2-c3cccc4-c5c(Cl)ccc(Cl)[c-]5->[Zr+4]567(<-[CH2-]c->58ccccc8)(<-[CH2-]c->65ccccc->75)(<-[O-]c2c(C(C)(C)C)c1)<-n34
VUTLAZ,CC1=C(C)[C@@H]2[C@H]3[S@@](=O)(c4ccccc4)->[Pt@TB4+2]4(<-[c-]5ccc6ccccc6c5[C@H](C)N->4(C)C)<-P2(c2ccccc2)[C@@H]1C3,C34 H37 N1 O1 P1 Pt1 S1 1+,1.0,CC1=C(C)C2C3S(=O)(c4ccccc4)->[Pt+2]4(<-[c-]5ccc6ccccc6c5C(C)N->4(C)C)<-P2(c2ccccc2)C1C3,CC1=C(C)C2C3S(=O)(c4ccccc4)->[Pt+2]4(<-[c-]5ccc6ccccc6c5C(C)N->4(C)C)<-P2(c2ccccc2)C1C3,CC1=C(C)C2C3S(=O)(c4ccccc4)->[Pt+2]4(<-[c-]5ccc6ccccc6c5C(C)N->4(C)C)<-P2(c2ccccc2)C1C3
VUVKAZ,CC(C)c12->[Ru+2]34567(<-[Cl-])(<-c(c->31)c->4(C)c->5c->62)<-[Se](C)CC1(C[Se]->7C)CC1,C17 H28 Cl1 Ru1 Se2 1+,1.0,CC(C)c12->[Ru+2]34567(<-[Cl-])(<-c(c->31)c->4(C)c->5c->62)<-[Se](C)CC1(C[Se]->7C)CC1,C[Se-]->[Ru+6]12345(<-[Cl-])(<-[Se-]C)<-c6c->1c->2(C(C)C)c->3c->4c->56C.[CH2-]C1([CH2-])CC1,C[Se-]->[Ru+6]12345(<-[Cl-])(<-[Se-]C)<-c6c->1c->2(C(C)C)c->3c->4c->56C.[CH2-]C1([CH2-])CC1
VUWTIR,C[CH2-]->[Zn+2]1<-N(/CCN(C)C)=C(C)\C=C(\C)[N-]->1c1c(C(C)C)cccc1C(C)C,C23 H39 N3 Zn1,0.0,C[CH2-]->[Zn+2]12<-N(=C(C)C=C(C)[N-]->1CCN->2(C)C)c1c(C(C)C)cccc1C(C)C,C[CH2-]->[Zn+2]1<-N(CCN(C)C)=C(C)C=C(C)[N-]->1c1c(C(C)C)cccc1C(C)C,C[CH2-]->[Zn+2]1<-N(CCN(C)C)=C(C)C=C(C)[N-]->1c1c(C(C)C)cccc1C(C)C
VUYCEY,Cc1cc(=O)n(->[Cd+2]2(<-O=c3cc(C)[nH]c(N)n->23)(<-[O-][N+](=O)[O-])<-[O-][N+](=O)[O-])c(N)[nH]1,C10 H14 Cd1 N8 O8,0.0,Cc1cc2[O-]->[Cd+2]345(<-[O-]c6cc(C)[nH+]c(N)n->36)(<-[O-][N+](=O)[O-]->4)(<-[O-][N+](=O)[O-]->5)<-n2c(N)[nH+]1,Cc1cc(=O)n(->[Cd+2]234(<-O=c5cc(C)[nH]c(N)n->25)(<-[O-][N+](=O)[O-]->3)<-[O-][N+](=O)[O-]->4)c(N)[nH]1,Cc1cc(=O)n(->[Cd+2]2345(<-[O-][N+]->2(=O)[O-]->3)(<-[O-][N+]->4(=O)[O-]->5)<-n2c(N)[nH]c(C)cc2=O)c(N)[nH]1
WABCUZ,Clc1ccc(\C2[O-]->[Co+3]34567(<-[O-]/C(c8ccc(Cl)cc8)=N->3\N->4=C\c3ccccn->53)<-N(=C\c3ccccn->63)/N->7=2)cc1,C26 H18 Cl2 Co1 N6 O2 1+,1.0,Clc1ccc(C2=NN3=Cc4ccccn4->[Co+3]<-345(<-[O-]2)<-[O-]C(=NN->4=Cc2ccccn->52)c2ccc(Cl)cc2)cc1,Clc1ccc(C2=NN3=Cc4ccccn4->[Co+3]<-345(<-[O-]2)<-[O-]C(=NN->4=Cc2ccccn->52)c2ccc(Cl)cc2)cc1,Clc1ccc(C2=NN3=Cc4ccccn4->[Co+3]<-345(<-[O-]2)<-[O-]C(=NN->4=Cc2ccccn->52)c2ccc(Cl)cc2)cc1
WABYUV,OCCc1ccccn1->[Ni+2](<-[N-]=C=S)(<-[N-]=C=S)<-n1ccccc1CCO,C16 H18 N4 Ni1 O2 S2,0.0,S=C=[N-]->[Ni+2]12(<-[N-]=C=S)(<-OCCc3ccccn->13)<-OCCc1ccccn->21,S=C=[N-]->[Ni+2]12(<-[N-]=C=S)(<-OCCc3ccccn->13)<-OCCc1ccccn->21,OCCc1ccccn1->[Ni+2](<-[N-]=C=S)(<-[N-]=C=S)<-n1ccccc1CCO
WACRAT,,C16 H38 Cl1 N2 P4 Ta1,0.0,C[N+]#[C-]->[Ta+]12(<-[Cl-])(<-[C-]#[N+]C)(<-P(C)(C)CCP->1(C)C)<-P(C)(C)CCP->2(C)C,C[N+]#[C-]->[Ta+]12(<-[Cl-])(<-[C-]#[N+]C)(<-P(C)(C)CCP->1(C)C)<-P(C)(C)CCP->2(C)C,CN=[C-]1[C-](=NC)->[Ta+3]<-123(<-[Cl-])(<-P(C)(C)CCP->2(C)C)<-P(C)(C)CCP->3(C)C
WAFWAD,COc1ccc(-c2cc(-c3ccc(OC)cc3)n(->[Ag+]<-n3[nH]c(-c4ccc(OC)cc4)cc3-c3ccc(OC)cc3)[nH]2)cc1,C34 H32 Ag1 N4 O4 1+,1.0,COc1ccc(-c2cc(-c3ccc(OC)cc3)n(->[Ag+]<-n3[nH]c(-c4ccc(OC)cc4)cc3-c3ccc(OC)cc3)[nH]2)cc1,COc1ccc(-c2cc(-c3ccc(OC)cc3)n(->[Ag+]<-n3[nH]c(-c4ccc(OC)cc4)cc3-c3ccc(OC)cc3)[nH]2)cc1,COc1ccc(-c2cc(-c3ccc(OC)cc3)n(->[Ag+]3<-c4cc(OC)ccc4-c4cc(-c5ccc(OC)cc5)[nH]n->34)[nH]2)cc1
WAGKUK,,C15 H44 P3 Rh1 Si2,0.0,C[Si-]1(C)CC[Si-](C)(C)->[RhH+2]<-1(<-P(C)(C)C)(<-P(C)(C)C)<-P(C)(C)C,C[Si-]1(C)CC[Si-](C)(C)->[RhH+2]<-1(<-P(C)(C)C)(<-P(C)(C)C)<-P(C)(C)C,C[Si-]1(C)CC[Si-](C)(C)->[RhH+2]<-1(<-P(C)(C)C)(<-P(C)(C)C)<-P(C)(C)C
WAHDAK,,C17 H19 Cr1 N1 O2,0.0,CN1C=CC=C[C]1->[Cr]12345(<-[C-]#[O+])(<-[C-]#[O+])<-c6c->1(C)c->2c->3(C)c->4c->56C,CN1C=CC=C[C]1->[Cr]12345(<-[C-]#[O+])(<-[C-]#[O+])<-c6c->1(C)c->2c->3(C)c->4c->56C,CN1C=CC=C[C]1->[Cr]12345(<-[C-]#[O+])(<-[C-]#[O+])<-c6c->1(C)c->2c->3(C)c->4c->56C
WAJCEP,,C11 H8 Br1 Cr1 N1 O6,0.0,O=[N-]->[Cr+4]1(<-[C-]#[O+])(<-[C-]#[O+])(<-[C-]#[O+])<-[O-]C(=C2CCO[C-2]->12)C1(Br)CC1,O=[N-]->[Cr+2]1(<-[C-]#[O+])(<-[C-]#[O+])(<-[C-]#[O+])<-O=C(C2=[C-]->1OCC2)C1(Br)CC1,O=[N-]->[Cr+2]1(<-[C-]#[O+])(<-[C-]#[O+])(<-[C-]#[O+])<-O=C(C2=[C-]->1OCC2)C1(Br)CC1
WAKGAS,FC(F)(F)C1/C=C(\[O-]->[Ti+4]2(<-[Cl-])(<-[Cl-])(<-[O-]/C(=C\C(=N->2\c2ccccc2)C(F)(F)F)c2cccc(C(F)(F)F)c2)<-N=1\c1ccccc1)c1cccc(C(F)(F)F)c1,C34 H20 Cl2 F12 N2 O2 Ti1,0.0,FC(F)(F)C1C=C([O-]->[Ti+4]2(<-[Cl-])(<-[Cl-])(<-[O-]C(=CC(=N->2c2ccccc2)C(F)(F)F)c2cccc(C(F)(F)F)c2)<-N=1c1ccccc1)c1cccc(C(F)(F)F)c1,FC(F)(F)C1C=C([O-]->[Ti+4]2(<-[Cl-])(<-[Cl-])(<-[O-]C(=CC(=N->2c2ccccc2)C(F)(F)F)c2cccc(C(F)(F)F)c2)<-N=1c1ccccc1)c1cccc(C(F)(F)F)c1,FC(F)(F)C1C=C([O-]->[Ti+4]2(<-[Cl-])(<-[Cl-])(<-[O-]C(=CC(=N->2c2ccccc2)C(F)(F)F)c2cccc(C(F)(F)F)c2)<-N=1c1ccccc1)c1cccc(C(F)(F)F)c1
WALNEF,CC[NH2+]CC/N1=C/c2cc(OC)ccc2[O-]->[Mo+6]<-12(<-[O-2])(<-[O-2])<-[O-]/N=C(/C)[O-]->2,C14 H21 Mo1 N3 O6,0.0,CC[NH2+]CCN1=Cc2cc(OC)ccc2[O-]->[Mo+6]<-12(<-[O-2])(<-[O-2])<-[O-]N=C(C)[O-]->2,CC[NH2+]CCN1=Cc2cc(OC)ccc2[O-]->[Mo+6]<-12(<-[O-2])(<-[O-2])<-[O-]N=C(C)[O-]->2,CCNCCN1=Cc2cc(OC)ccc2[O-]->[Mo+6]<-12(<-[O-2])(<-[OH-])<-[O-]N=C(C)[O-]->2
WAMXAM,CN(C)C=O->[Zn]123<-O=C4C(C(C)(C)C)=CC(C(C)(C)C)=C/C4=C/N->1=C1\C=CC([N+](=O)[O-])=C\C1=N->2/C=C1\C(=O->3)C=Cc2ccccc21,C35 H38 N4 O5 Zn1,0.0,CN(C)C=O->[Zn+2]123<-[O-]c4ccc5ccccc5c4C=N->1c1cc([N+](=O)[O-])ccc1N->2=Cc1cc(C(C)(C)C)cc(C(C)(C)C)c1[O-]->3,CN(C)C=O->[Zn+2]123<-[O-]c4ccc5ccccc5c4C=N->1c1cc([N+](=O)[O-])ccc1N->2=Cc1cc(C(C)(C)C)cc(C(C)(C)C)c1[O-]->3,CN(C)C=O->[Zn+2]123<-[O-]c4ccc5ccccc5c4C=N->1c1cc([N+](=O)[O-])ccc1N->2=Cc1cc(C(C)(C)C)cc(C(C)(C)C)c1[O-]->3
WAPFUR,,C12 H17 Cd1 N3 O8 S1,0.0,O=S(=O)([O-])[O-]->[Cd+2](<-O)(<-O)(<-O)(<-O)<-n1cccc(-c2nc3ccccc3[nH]2)c1,O=S(=O)([O-])[O-]->[Cd+2](<-O)(<-O)(<-O)(<-O)<-n1cccc(-c2nc3ccccc3[nH]2)c1,O.O.O=S1(=O)[O-]->[Cd+2](<-O)(<-O)(<-n2cccc(-c3nc4ccccc4[nH]3)c2)<-[O-]1
WAPLUV,O=S1(=O)N=C([O-]->[Zn+2]23(<-NCCN->24CCNCC4)(<-NCCN->32CCNCC2)<-[O-]C2=NS(=O)(=O)c3ccccc32)c2ccccc21,C26 H38 N8 O6 S2 Zn1,0.0,O=S1(=O)N=C([O-]->[Zn+2]23(<-NCCN->24CCNCC4)(<-NCCN->32CCNCC2)<-[O-]C2=NS(=O)(=O)c3ccccc32)c2ccccc21,O=S1([O-])=NC(=O->[Zn+2](<-NCCN2CCNCC2)(<-NCCN2CCNCC2)<-O=C2N=S(=O)([O-])c3ccccc32)c2ccccc21,O=S1([O-])=NC(=O->[Zn+2]23(<-NCCN->24CCNCC4)(<-NCCN->32CCNCC2)<-O=C2N=S(=O)([O-])c3ccccc32)c2ccccc21
WAQRIP,C1=C/C2=C/[N-]3Cc4ccccn4->[Ru+2]<-3(<-N2=C1)(<-n1ccccc1)(<-n1ccccc1)<-n1ccccc1,C26 H25 N6 Ru1 1+,1.0,C1c2ccc[n-]2->[Ru+2]2(<-N=1Cc1ccccn->21)(<-n1ccccc1)(<-n1ccccc1)<-n1ccccc1,C1=CC2=C[N-]3Cc4ccccn4->[Ru+2]<-3(<-N2=C1)(<-n1ccccc1)(<-n1ccccc1)<-n1ccccc1,C1=CC2=C[N-]3Cc4ccccn4->[Ru+2]<-3(<-N2=C1)(<-n1ccccc1)(<-n1ccccc1)<-n1ccccc1
WAQXOB,,C27 H46 Cl3 N2 Si2 Ta1,0.0,CC(C)c1cc(C(C)C)c(C2=N([Si](C)(C)C)->[Ta+5]3456(<-[Cl-])(<-[Cl-])(<-[Cl-])(<-c7c->3c->4[cH-]->5c->67)<-[N-]2[Si](C)(C)C)c(C(C)C)c1,CC(C)c1cc(C(C)C)c(C2=N([Si](C)(C)C)->[Ta+5]3456(<-[Cl-])(<-[Cl-])(<-[Cl-])(<-c7c->3c->4[cH-]->5c->67)<-[N-]2[Si](C)(C)C)c(C(C)C)c1,CC(C)c1cc(C(C)C)c(C2=N([Si](C)(C)C)->[Ta+5](<-[Cl-])(<-[Cl-])(<-[Cl-])(<-[cH-]3cccc3)<-[N-]2[Si](C)(C)C)c(C(C)C)c1
WARWAN,C[C-]1=O->[Ti+4]<-12345(<-[Cl-])(<-[Cl-])<-c1(C)c->2(C)c->3(C)[c-]->4(C)c->51C,C12 H18 Cl2 O1 Ti1,0.0,CC1=O->[Ti+3]<-12345(<-[Cl-])(<-[Cl-])<-c1(C)c->2(C)c->3(C)[c-]->4(C)c->51C,C[C-]1=O->[Ti+4]<-12345(<-[Cl-])(<-[Cl-])<-c1(C)c->2(C)c->3(C)[c-]->4(C)c->51C,C[C-]1=O->[Ti+4]<-12345(<-[Cl-])(<-[Cl-])<-c1(C)c->2(C)c->3(C)[c-]->4(C)c->51C
WATLUA,C[Si](C)(C)C1=P([S-]->[Rh+]<-1234<-C1=C->2/CC/C->3=C->4\CC\1)(c1ccccc1)c1ccccc1,C24 H32 P1 Rh1 S1 Si1,0.0,C[Si](C)(C)[CH-]1P(=S->[Rh+]<-1234<-C1=C->2CCC->3=C->4CC1)(c1ccccc1)c1ccccc1,C[Si](C)(C)C1=P([S-]->[Rh+]<-1234<-C1=C->2CCC->3=C->4CC1)(c1ccccc1)c1ccccc1,C[Si](C)(C)C1=P([S-]->[Rh+]<-1234<-C1=C->2CCC->3=C->4CC1)(c1ccccc1)c1ccccc1
WATYAT,CC(C)[n+]1nn(C)c2-c3ccccn3->[Ru+2]34567(<-[Cl-])(<-[c-]21)<-c1c->3c->4(C(C)C)c->5c->6c->71C,C21 H28 Cl1 N4 Ru1 1+,1.0,CC(C)n1n[n+](C)c2-c3ccccn3->[Ru+]34567(<-[Cl-])(<-[c]21)<-c1c->3c->4(C(C)C)c->5c->6c->71C,CC(C)[n+]1nn(C)c2-c3ccccn3->[Ru+2]34567(<-[Cl-])(<-[c-]21)<-c1c->3c->4(C(C)C)c->5c->6c->71C,CC(C)[n+]1nn(C)c2-c3ccccn3->[Ru+2]34567(<-[Cl-])(<-[c-]21)<-c1c->3c->4(C(C)C)c->5c->6c->71C
WAWCUT,COc1ccc(N/C2=C(\C)N(=O)->[Ni+2]3(<-N(=O)/C(C)=C(/Nc4ccc(OC)cc4)[N-]->3O)<-[N-]2O)cc1,C20 H24 N6 Ni1 O6,0.0,COc1ccc(NC2=C(C)[N-]([O])->[Ni+4]3(<-[N-]([O])C(C)=C(Nc4ccc(OC)cc4)[N-]->3O)<-[N-]2O)cc1,COc1ccc(NC2=C(C)N(=O)->[Ni+2]3(<-N(=O)C(C)=C(Nc4ccc(OC)cc4)[N-]->3O)<-[N-]2O)cc1,COc1ccc(NC2=C(C)N(=O)->[Ni+2]3(<-N(=O)C(C)=C(Nc4ccc(OC)cc4)[N-]->3O)<-[N-]2O)cc1
WAWMEM,CN(C)[N-]1[P+](CP(c2ccccc2)(c2ccccc2)->[W]<-1(<-[C-]#[O+])(<-[C-]#[O+])(<-[C-]#[O+])<-[C-]#[O+])(c1ccccc1)c1ccccc1,C31 H28 N2 O4 P2 W1,0.0,CN(C)N1=P(CP(c2ccccc2)(c2ccccc2)->[W]<-1(<-[C-]#[O+])(<-[C-]#[O+])(<-[C-]#[O+])<-[C-]#[O+])(c1ccccc1)c1ccccc1,CN(C)[N-]1[P+](CP(c2ccccc2)(c2ccccc2)->[W]<-1(<-[C-]#[O+])(<-[C-]#[O+])(<-[C-]#[O+])<-[C-]#[O+])(c1ccccc1)c1ccccc1,CN(C)[N-]1[P+](CP(c2ccccc2)(c2ccccc2)->[W]<-1(<-[C-]#[O+])(<-[C-]#[O+])(<-[C-]#[O+])<-[C-]#[O+])(c1ccccc1)c1ccccc1
WAXHUA,[Cl-]->[Hg+2](<-[Cl-])<-n1c(-c2ccccn2)ccn1Cc1ccccn1,C14 H12 Cl2 Hg1 N4,0.0,[Cl-]->[Hg+2]12(<-[Cl-])<-n3ccccc3Cn3ccc(-c4ccccn->14)n->23,[Cl-]->[Hg+2](<-[Cl-])<-n1c(-c2ccccn2)ccn1Cc1ccccn1,[Cl-]->[Hg+2](<-[Cl-])<-n1c(-c2ccccn2)ccn1Cc1ccccn1
WAYKIQ,,C35 H15 Br1 F18 P2 Rh1 1+,1.0,Cc12->[Rh+3]34567(<-[Br-])<-[cH-]1c->31c->4(c->52C)Cc2c(F)c(F)c(F)c(F)c2P->6(c2c(F)c(F)c(F)c(F)c2F)CCP->7(c2c(F)c(F)c(F)c(F)c2F)c2c(F)c(F)c(F)c(F)c2C1,Cc12->[Rh+3]34567(<-[Br-])<-[cH-]1c->31c->4(c->52C)Cc2c(F)c(F)c(F)c(F)c2P->6(c2c(F)c(F)c(F)c(F)c2F)CCP->7(c2c(F)c(F)c(F)c(F)c2F)c2c(F)c(F)c(F)c(F)c2C1,Cc12->[Rh+3]34567(<-[Br-])<-[cH-]1c->31c->4(c->52C)Cc2c(F)c(F)c(F)c(F)c2P->6(c2c(F)c(F)c(F)c(F)c2F)CCP->7(c2c(F)c(F)c(F)c(F)c2F)c2c(F)c(F)c(F)c(F)c2C1
WAZFOU,NC(=S)N/N1=C/c2ccc3ccccc3n2->[Ni+2]<-123<-S=C(N)/N=N->2/C=C1/C=Cc2ccccc2[N-]->31,C22 H19 N8 Ni1 S2 1+,1.0,NC1=NN2=Cc3ccc4ccccc4n3->[Ni+2]<-234(<-S=C(N)NN->3=Cc2ccc3ccccc3n->42)<-[S-]1,NC1N=N2C=C3C=Cc4ccccc4[N-]3->[Ni+2]<-234(<-S=1)<-S=C(N)NN->3=Cc1ccc2ccccc2n->41,NC1N=N2C=C3C=Cc4ccccc4[N-]3->[Ni+2]<-234(<-S=1)<-S=C(N)NN->3=Cc1ccc2ccccc2n->41
WECMUN,N->[Zn+2](<-N)(<-[N-]1C(=O)c2ccccc2S1(=O)=O)<-[N-]1C(=O)c2ccccc2S1(=O)=O,C14 H14 N4 O6 S2 Zn1,0.0,N->[Zn+2](<-N)(<-[N-]1C(=O)c2ccccc2S1(=O)=O)<-[N-]1C(=O)c2ccccc2S1(=O)=O,N->[Zn+2](<-N)(<-[N-]1C(=O)c2ccccc2S1(=O)=O)<-[N-]1C(=O)c2ccccc2S1(=O)=O,N->[Zn+2]12(<-N)(<-O=S3(=O)c4ccccc4C(=O)[N-]->13)<-O=S1(=O)c3ccccc3C(=O)[N-]->21
WECZOT,[Cl-]->[Ti+4]1(<-[Cl-])(<-[Cl-])(<-[Cl-])<-O=C2C(=O->1)c1cccc3cccc2c13,C12 H6 Cl4 O2 Ti1,0.0,[Cl-]->[Ti+4]1(<-[Cl-])(<-[Cl-])(<-[Cl-])<-O=C2C(=O->1)c1cccc3cccc2c13,[Cl-]->[Ti+6]1(<-[Cl-])(<-[Cl-])(<-[Cl-])<-[O-]C2=C([O-]->1)c1cccc3cccc2c13,[Cl-]->[Ti+6]1(<-[Cl-])(<-[Cl-])(<-[Cl-])<-[O-]C2=C([O-]->1)c1cccc3cccc2c13
WEDVUW,S=c1sc2ccccc2[n-]1->[Cd+2](<-n1ccccc1)(<-n1ccccc1)<-[n-]1c(=S)sc2ccccc21,C24 H18 Cd1 N4 S4,0.0,c1ccn(->[Cd+2]23(<-[S-]c4sc5ccccc5n->24)(<-[S-]c2sc4ccccc4n->32)<-n2ccccc2)cc1,c1ccn(->[Cd+2]23(<-S=c4sc5ccccc5[n-]->24)(<-S=c2sc4ccccc4[n-]->32)<-n2ccccc2)cc1,c1ccn(->[Cd+2]23(<-S=c4sc5ccccc5[n-]->24)(<-S=c2sc4ccccc4[n-]->32)<-n2ccccc2)cc1
WEGCET,,C18 H27 Cl1 N4 O2 Ru1 1+,1.0,CCO->[Ru+3]12(<-[Cl-])(<-[N-]=O)<-n3ccccc3CCN->1(CC)CCc1ccccn->21,CC[O-]->[Ru+4]12(<-[Cl-])(<-[N-]=O)<-n3ccccc3CCN->1(CC)CCc1ccccn->21,CC[O-]->[Ru+4]12(<-[Cl-])(<-[N-]=O)<-n3ccccc3CCN->1(CC)CCc1ccccn->21
WEHLEC,N#C[S-]->[Pt+2]1(<-[N-]=C=S)<-n2ccc(C(=O)O)cc2-c2cc(C(=O)O)ccn->12,C14 H8 N4 O4 Pt1 S2,0.0,N#C[S-]->[Pt+2]1(<-[N-]=C=S)<-n2ccc(C(=O)O)cc2-c2cc(C(=O)O)ccn->12,N#C[S-]->[Pt+2]1(<-[N-]=C=S)<-n2ccc(C(=O)O)cc2-c2cc(C(=O)O)ccn->12,N#C1[S-]->[Pt+2]<-12(<-[N-]=C=S)<-n1ccc(C(=O)O)cc1-c1cc(C(=O)O)ccn->21
WEHSOS,O=C([O-]->[Cd+2](<-O)(<-O)<-[O-]C(=O)c1ccc(/N=C/c2ccccc2O)cc1)c1ccc(/N=C/c2ccccc2O)cc1,C28 H24 Cd1 N2 O8,0.0,fail,Oc1ccccc1C=Nc1ccc(C2=O->[Cd+2]3(<-O)(<-O)(<-O=C([O-]->3)c3ccc(N=Cc4ccccc4O)cc3)<-[O-]2)cc1,Oc1ccccc1C=Nc1ccc(C23=O->[Cd+2]<-245(<-O)(<-O)(<-O=C->4([O-]->5)c2ccc(N=Cc4ccccc4O)cc2)<-[O-]3)cc1
WEJKOL,CS/C1=N/N2=C(C)/C=C(/C)[O-]->[Ni@OH23+2]<-2(<-N)<-[NH-]1,C7 H14 N4 Ni1 O1 S1,0.0,CSC1N=N2C(C)=CC(C)=O->[Ni]<-2(<-N)<-N=1,CSC1=NN2=C(C)C=C(C)[O-]->[Ni+2]<-2(<-N)<-[NH-]1,CSC1=NN2=C(C)C=C(C)[O-]->[Ni+2]<-2(<-N)<-[NH-]1
WEKROU,,C37 H36 Ir1 N5 O2 S2,0.0,fail,CCN(CC)C1=S->[Ir+3]23(<-[S-]1)(<-[c-]1cc(C)ccc1-c1oc(-c4ccc(C)cc4)nn->21)<-[c-]1cc(C)ccc1-c1oc(-c2ccc(C)cc2)nn->31,CCN(CC)C1=S->[Ir+3]23(<-[S-]1)(<-[c-]1cc(C)ccc1-c1oc(-c4ccc(C)cc4)nn->21)<-[c-]1cc(C)ccc1-c1oc(-c2ccc(C)cc2)nn->31
WELJON,,C27 H30 I1 Ir1 N2,0.0,CN1C=CN2C(c3ccccc3)c3cccc[c-]3->[Ir+3]3456(<-[I-])(<-[C]12)<-c1(C)c->3(C)c->4(C)[c-]->5(C)c->61C,CN1C=CN2C(c3ccccc3)c3cccc[c-]3->[Ir+3]3456(<-[I-])(<-[C]12)<-c1(C)c->3(C)c->4(C)[c-]->5(C)c->61C,CN1C=CN2C(c3ccccc3)c3cccc[c-]3->[Ir+3]3456(<-[I-])(<-[C]12)<-c1(C)c->3(C)c->4(C)[c-]->5(C)c->61C
WELWEQ,[Cl-]->[Pd@TB12+2]12<-n3ccccc3CN->1(CCc1ccccn1)Cc1ccccn->21,C19 H20 Cl1 N4 Pd1 1+,1.0,[Cl-]->[Pd+2]12<-n3ccccc3CN->1(CCc1ccccn1)Cc1ccccn->21,[Cl-]->[Pd+2]12<-n3ccccc3CN->1(CCc1ccccn1)Cc1ccccn->21,[Cl-]->[Pd+2]123<-n4ccccc4CCN->1(Cc1ccccn->21)Cc1ccccn->31
WEMTEP,N#C/C1[S-]->[Mo+4]2(<-[O-2])(<-[SH-])(<-[S-]\C=1C#N)<-n1ccccc1-c1ccccn->21,C14 H9 Mo1 N4 O1 S3 1-,-1.0,N#CC1[S-]->[Mo+4]2(<-[O-2])(<-[SH-])(<-[S-]C=1C#N)<-n1ccccc1-c1ccccn->21,N#CC1[S-]->[Mo+4]2(<-[O-2])(<-[SH-])(<-[S-]C=1C#N)<-n1ccccc1-c1ccccn->21,N#CC1[S-]->[Mo+4]2(<-[O-2])(<-[SH-])(<-[S-]C=1C#N)<-n1ccccc1-c1ccccn->21
WENJAC,[Cl-]->[Ru+2]123(<-N=C4C=CC=CC4=N->1)<-n1cccn1C(n1cccn->21)n1cccn->31,C16 H16 Cl1 N8 Ru1 1+,1.0,[Cl-]->[Ru+2]123(<-N=C4C=CC=CC4=N->1)<-n1cccn1C(n1cccn->21)n1cccn->31,[Cl-]->[Ru+4]123(<-[NH-]c4ccccc4[NH-]->1)<-n1cccn1C(n1cccn->21)n1cccn->31,[Cl-]->[Ru+4]123(<-[NH-]c4ccccc4[NH-]->1)<-n1cccn1C(n1cccn->21)n1cccn->31
WENZEW,,C36 H46 O2 Zr1,0.0,Cc1ccc(C)c23->[Zr+2]456789%10(<-[C-]#[O+])(<-[C-]#[O+])(<-c%11c->4(C(C)C)c->54c(C)ccc(C)[c-]->64c->7%11C(C)C)<-[cH-](c->8(C(C)C)c->912)c->%103C(C)C,Cc1ccc(C)c23->[Zr+2]456789%10(<-[C-]#[O+])(<-[C-]#[O+])(<-c(c->4(C(C)C)c->512)[c-]->63C(C)C)<-c1c->7(C(C)C)c->82c(C)ccc(C)c->92[c-]->%101C(C)C,Cc1ccc(C)c23->[Zr+2]456789%10(<-[C-]#[O+])(<-[C-]#[O+])(<-c(c->4(C(C)C)c->512)[c-]->63C(C)C)<-c1c->7(C(C)C)c->82c(C)ccc(C)c->92[c-]->%101C(C)C
WEPJAC,C[C@](O)([C@H]1C(=O)[O-]->[Ni@SP2+2]23<-N(/C(=O)[C@@H]4CCCN->24Cc2ccccc2)=C2/C=CC=C/C2=C(\c2ccccc2)[N-]->31)C(F)(F)F,C30 H28 F3 N3 Ni1 O4,0.0,CC(O)(C1C(=O)[O-]->[Ni+2]23<-N1=C(c1ccccc1)c1ccccc1[N-]->2C(=O)C1CCCN->31Cc1ccccc1)C(F)(F)F,CC(O)(C1C(=O)[O-]->[Ni+2]23<-N(C(=O)C4CCCN->24Cc2ccccc2)=C2C=CC=CC2=C(c2ccccc2)[N-]->31)C(F)(F)F,CC(O)(C1C(=O)[O-]->[Ni+2]23<-N(C(=O)C4CCCN->24Cc2ccccc2)=C2C=CC=CC2=C(c2ccccc2)[N-]->31)C(F)(F)F
WEPVEV,COc1ccccc1/C=C/C1/C=C(/C=C/c2ccccc2OC)[O-]->[Pd+2]2(<-O=1)<-n1ccccc1-c1ccccn->21,C31 H27 N2 O4 Pd1 1+,1.0,fail,COc1ccccc1C=CC1=CC(C=Cc2ccccc2OC)=O->[Pd+2]2(<-[O-]1)<-n1ccccc1-c1ccccn->21,COc1ccccc1C=CC1=CC(C=Cc2ccccc2OC)=O->[Pd+2]2(<-[O-]1)<-n1ccccc1-c1ccccn->21
WEQGEE,[O+]#[C-]->[Ir+3]1(<-[O-][O-]->1)(<-[S-]c1c(F)c(F)c(F)c(F)c1F)(<-P(c1ccccc1)(c1ccccc1)c1ccccc1)<-P(c1ccccc1)(c1ccccc1)c1ccccc1,C43 H30 F5 Ir1 O3 P2 S1,0.0,[O+]#[C-]->[Ir+3]1(<-[O-][O-]->1)(<-[S-]c1c(F)c(F)c(F)c(F)c1F)(<-P(c1ccccc1)(c1ccccc1)c1ccccc1)<-P(c1ccccc1)(c1ccccc1)c1ccccc1,[O-][C-3]->[Ir+7]1(<-[O-][O-]->1)(<-[S-]c1c(F)c(F)c(F)c(F)c1F)(<-P(c1ccccc1)(c1ccccc1)c1ccccc1)<-P(c1ccccc1)(c1ccccc1)c1ccccc1,[O+]#[C-]->[Ir+3]1(<-[O-][O-]->1)(<-[S-]c1c(F)c(F)c(F)c(F)c1F)(<-P(c1ccccc1)(c1ccccc1)c1ccccc1)<-P(c1ccccc1)(c1ccccc1)c1ccccc1
WEQZAT,CN(C)c1ccccc1C=N->[Zn+2](<-[S-]c1c(F)c(F)c(F)c(F)c1F)<-[S-]c1c(F)c(F)c(F)c(F)c1F,C21 H12 F10 N2 S2 Zn1,0.0,fail,CN1(C)c2ccccc2C=N->[Zn+2]<-1(<-[S-]c1c(F)c(F)c(F)c(F)c1F)<-[S-]c1c(F)c(F)c(F)c(F)c1F,CN1(C)c2ccccc2C=N->[Zn+2]<-1(<-[S-]c1c(F)c(F)c(F)c(F)c1F)<-[S-]c1c(F)c(F)c(F)c(F)c1F
WESXOK,,C20 H13 Cl1 N2 Pt1,0.0,[Cl-]->[Pt+2]12<-[c-]3cc4ccccc4cc3-c3cccc(-c4ccccn->14)n->23,[Cl-]->[Pt+2]12<-[c-]3cc4ccccc4cc3-c3cccc(-c4ccccn->14)n->23,[Cl-]->[Pt+2]12<-[c-]3cc4ccccc4cc3-c3cccc(-c4ccccn->14)n->23
WETLOX,CC(C)N([CH]->[Pd+2](<-[Cl-])(<-[Cl-])<-P(N(C)C)(N(C)C)N(C)C)C(C)C,C13 H33 Cl2 N4 P1 Pd1,0.0,CC(C)N([CH]->[Pd+2](<-[Cl-])(<-[Cl-])<-P(N(C)C)(N(C)C)N(C)C)C(C)C,CC(C)N([CH]->[Pd+2](<-[Cl-])(<-[Cl-])<-P(N(C)C)(N(C)C)N(C)C)C(C)C,CC(C)N([CH]->[Pd+2](<-[Cl-])(<-[Cl-])<-P(N(C)C)(N(C)C)N(C)C)C(C)C
WEWKAK,Cc1cn(C)c(=O)[n-](->[Zn+2]234<-N5CCN->2CCN->3(Cc2c3ccccc3nc3ccccc23)CCN->4CC5)c1=O,C28 H36 N7 O2 Zn1 1+,1.0,Cc1cn(C)c(=O)[n-](->[Zn+2]234<-N5CCN->2CCN->3(Cc2c3ccccc3nc3ccccc23)CCN->4CC5)c1=O,Cc1cn(C)c(=O)[n-](->[Zn+2]234<-N5CCN->2CCN->3(Cc2c3ccccc3nc3ccccc23)CCN->4CC5)c1=O,Cc1cn(C)c(=O)n2->[Zn+2]345(<-[O-]c12)<-N1CCN->3CCN->4(Cc2c3ccccc3nc3ccccc23)CCN->5CC1
WEXMES,C[N+]1(C)N=C(c2ccccc2)C=[C-]1->[Cr](<-[C-]#[O+])(<-[C-]#[O+])(<-[C-]#[O+])(<-[C-]#[O+])<-[C-]#[O+],C16 H12 Cr1 N2 O5,0.0,C[N+]1(C)N=C(c2ccccc2)C=[C]1->[Cr-](<-[C-]#[O+])(<-[C-]#[O+])(<-[C-]#[O+])(<-[C-]#[O+])<-[C-]#[O+],C[N+]1(C)N=C(c2ccccc2)C=[C-]1->[Cr](<-[C-]#[O+])(<-[C-]#[O+])(<-[C-]#[O+])(<-[C-]#[O+])<-[C-]#[O+],C[N+]1(C)N=C(c2ccccc2)C=[C-]1->[Cr](<-[C-]#[O+])(<-[C-]#[O+])(<-[C-]#[O+])(<-[C-]#[O+])<-[C-]#[O+]
WEYJIT,CC1=C2(C)[Si](c3ccccc3)(c3ccccc3)[C](N(C)C)->[W]<-1<-2(<-[C-]#[O+])(<-[C-]#[O+])(<-[C-]#[O+])<-[C-]#[O+],C23 H23 N1 O4 Si1 W1,0.0,fail,CC1=C2(C)[Si](c3ccccc3)(c3ccccc3)[C](N(C)C)->[W]<-1<-2(<-[C-]#[O+])(<-[C-]#[O+])(<-[C-]#[O+])<-[C-]#[O+],CC1=C2(C)[Si](c3ccccc3)(c3ccccc3)[C](N(C)C)->[W]<-1<-2(<-[C-]#[O+])(<-[C-]#[O+])(<-[C-]#[O+])<-[C-]#[O+]
WEZQAU,O=[N+]1[O-]->[Cd+2]2(<-[O-]1)(<-[O-][N+](=O)[O-]->2)(<-n1ccccc1/C=N/c1ccc2ccccc2c1)<-n1ccccc1/C=N/c1ccc2ccccc2c1,C32 H24 Cd1 N6 O6,0.0,O=[N+]([O-])[O-]->[Cd+2]12(<-[O-][N+](=O)[O-])(<-N(=Cc3ccccn->13)c1ccc3ccccc3c1)<-N(=Cc1ccccn->21)c1ccc2ccccc2c1,O=[N+]([O-])[O-]->[Cd+2]12(<-[O-][N+](=O)[O-])(<-N(=Cc3ccccn->13)c1ccc3ccccc3c1)<-N(=Cc1ccccn->21)c1ccc2ccccc2c1,O=[N+]12[O-]->[Cd+2]<-134(<-[O-]2)(<-[O-][N+]->3(=O)[O-]->4)(<-n1ccccc1C=Nc1ccc2ccccc2c1)<-n1ccccc1C=Nc1ccc2ccccc2c1
WIBRUU,,C25 H32 O9 Si1 W1,0.0,CO[C-2](C1C(c2ccco2)CC(=O)C(C)C1CO[Si](C)(C)C(C)(C)C)->[W+2](<-[C-]#[O+])(<-[C-]#[O+])(<-[C-]#[O+])(<-[C-]#[O+])<-[C-]#[O+],CO[C](C1C(c2ccco2)CC(=O)C(C)C1CO[Si](C)(C)C(C)(C)C)->[W](<-[C-]#[O+])(<-[C-]#[O+])(<-[C-]#[O+])(<-[C-]#[O+])<-[C-]#[O+],CO[C](C1C(c2ccco2)CC(=O)C(C)C1CO[Si](C)(C)C(C)(C)C)->[W](<-[C-]#[O+])(<-[C-]#[O+])(<-[C-]#[O+])(<-[C-]#[O+])<-[C-]#[O+]
WICQUW,Cc1cc2c(cc1C)[N-]1->[Ni@SP2+2]34<-[N-](CCC[N-]->3[C-](C)[CH-][C-]1c1ccccc1)[C+](C)[CH+][C+]([C+]1[CH+][CH-][CH+][CH+][CH-]1)[N-]->42,C31 H32 N4 Ni1,0.0,CC1=N2->[Ni+2]34<-N(=C(C)C=C(c5ccccc5)[N-]->3c3cc(C)c(C)cc3[N-]->4C(c3ccccc3)=C1)CCC2,Cc1cc2c(cc1C)[N-]1->[Ni+4]34<-[N-](CCC[N-]->3[C-](C)[CH+][C-]1c1ccccc1)[C+](C)[CH-][C+]([c-]1[cH+][cH-][cH+][cH-][cH+]1)[N-]->42,Cc1cc2c(cc1C)[N-]1->[Ni+4]34<-[N-](CCC[N-]->3[C-](C)[CH+][C-]1c1ccccc1)[C+](C)[CH-][C+]([c-]1[cH+][cH-][cH+][cH-][cH+]1)[N-]->42
WIDHOH,C/C1[S-]->[W+4]2(<-[S-]/C=1C)(<-[S-]/C(C)=C(\C)[S-]->2)<-[S-]C(C)(C)C,C12 H21 S5 W1 1-,-1.0,CC1[S-]->[W+4]2(<-[S-]C=1C)(<-[S-]C(C)=C(C)[S-]->2)<-[S-]C(C)(C)C,CC1=S->[W]2(<-S=C1C)(<-S=C(C)C(C)=S->2)<-[S-]C(C)(C)C,CC1=S->[W]2(<-S=C1C)(<-S=C(C)C(C)=S->2)<-[S-]C(C)(C)C
WIDQAB,,C6 H16 Co1 N4 O4 1+,1.0,O=C1[O-]->[Co+3]23(<-NCCN->2)(<-NCCN->3)<-[O-]C1=O,O=C1[O-]->[Co+3]23(<-NCCN->2)(<-NCCN->3)<-[O-]C1=O,NCCN->[Co+]1(<-O=C=O)<-NCCN->1.O=C=O
WIFVOW,,C35 H36 P2 Rh1 Se2 1+,1.0,Cc12->[Rh+3]34567(<-[Se]=P(c8ccccc8)(c8ccccc8)[CH-]->3P(=[Se]->4)(c3ccccc3)c3ccccc3)<-c1(C)c->5(C)[c-]->6(C)c->72C,Cc12->[Rh+3]34567(<-[Se]=P(c8ccccc8)(c8ccccc8)C->3=P([Se-]->4)(c3ccccc3)c3ccccc3)<-c1(C)c->5(C)[c-]->6(C)c->72C,Cc12->[Rh+3]34567(<-[Se]=P(c8ccccc8)(c8ccccc8)C->3=P([Se-]->4)(c3ccccc3)c3ccccc3)<-c1(C)c->5(C)[c-]->6(C)c->72C
WIHLAB,,C14 H16 Hg1 I2 N8 S2,0.0,NC(NN=Cc1ccccn1)=S->[Hg+2](<-[I-])(<-[I-])<-S=C(N)NN=Cc1ccccn1,NC(NN=Cc1ccccn1)=S->[Hg+2](<-[I-])(<-[I-])<-S=C(N)NN=Cc1ccccn1,NC(=S)NN=Cc1ccccn1.NC(=S)NN=Cc1ccccn1.[I-]->[Hg+2]<-[I-]
WIHYAQ,[Cl-]->[Pd+2]1(<-[Cl-])<-P(c2ccccc2)(c2ccccc2)c2cccc3c2-c2c-3cccc2P->1(c1ccccc1)c1ccccc1,C36 H26 Cl2 P2 Pd1,0.0,[Cl-]->[Pd+2]1(<-[Cl-])<-P(c2ccccc2)(c2ccccc2)c2cccc3c2=c2c(P->1(c1ccccc1)c1ccccc1)cccc2=3,[Cl-]->[Pd+2]1(<-[Cl-])<-P(c2ccccc2)(c2ccccc2)c2cccc3c2-c2c-3cccc2P->1(c1ccccc1)c1ccccc1,[Cl-]->[Pd+2]1(<-[Cl-])<-P(c2ccccc2)(c2ccccc2)c2cccc3c2-c2c-3cccc2P->1(c1ccccc1)c1ccccc1
WIJKOP,CP(C)(C)->[W+4]1(<-[Cl-])(<-[Cl-])(<-[C-](/c2ccccc2)=[C-]->1/c1ccccc1)(<-P(C)(C)C)<-P(C)(C)C,C23 H37 Cl2 P3 W1,0.0,CP(C)(C)->[W+2]1(<-[Cl-])(<-[Cl-])(<-C(c2ccccc2)#C->1c1ccccc1)(<-P(C)(C)C)<-P(C)(C)C,CP(C)(C)->[W+2]1(<-[Cl-])(<-[Cl-])(<-C(c2ccccc2)#C->1c1ccccc1)(<-P(C)(C)C)<-P(C)(C)C,CP(C)(C)->[W+2]1(<-[Cl-])(<-[Cl-])(<-C(c2ccccc2)#C->1c1ccccc1)(<-P(C)(C)C)<-P(C)(C)C
WIJVUI,C=CC[B@-]12CC3=C->[Ir+]<-3456(<-C3=C->4/CC/C->5=C->6\CC\3)(<-n3cccn31)<-P(C2)(c1ccccc1)c1ccccc1,C30 H37 B1 Ir1 N2 P1,0.0,C=CC[B-]12CC3=C->[Ir+]<-3456(<-C3=C->4CCC->5=C->6CC3)(<-[n-]3ccc[n+]31)<-P(C2)(c1ccccc1)c1ccccc1,C=CC[B-]12CC3=C->[Ir+]<-3456(<-C3=C->4CCC->5=C->6CC3)(<-n3cccn31)<-P(C2)(c1ccccc1)c1ccccc1,C=CC[B-]1(CC=C)CP(c2ccccc2)(c2ccccc2)->[Ir+]234(<-C5=C->2CCC->3=C->4CC5)<-n2cccn21
WIKQEP,[Cl-]->[Cd+2]1(<-[Cl-])<-n2ccccc2/C(=N/N=C(C(=N/N=C(\c2ccccc2)c2ccccn->12)\c1ccccc1)/c1ccccc1)c1ccccc1,C38 H28 Cd1 Cl2 N6,0.0,[Cl-]->[Cd+2]123(<-[Cl-])<-N(N=C(C(=NN->1=C(c1ccccc1)c1ccccn->21)c1ccccc1)c1ccccc1)=C(c1ccccc1)c1ccccn->31,[Cl-]->[Cd+2]123(<-[Cl-])<-N(N=C(C(=NN->1=C(c1ccccc1)c1ccccn->21)c1ccccc1)c1ccccc1)=C(c1ccccc1)c1ccccn->31,[Cl-]->[Cd+2]1(<-[Cl-])<-n2ccccc2C(=NN=C(C(=NN=C(c2ccccc2)c2ccccn->12)c1ccccc1)c1ccccc1)c1ccccc1
WILGIJ,,C25 H36 Ir1 N3 O2,0.0,CC(C)N1C=CN(C(C)C)[C]1->[Ir+]123(<-[O-]C(=O)NCc4ccccc4)<-C4=C->1CCC->2=C->3CC4,CC(C)N1C=CN(C(C)C)[C]1->[Ir+]123(<-[O-]C(=O)NCc4ccccc4)<-C4=C->1CCC->2=C->3CC4,CC(C)N1C=CN(C(C)C)[C]1->[Ir+]1234(<-O=C(NCc5ccccc5)[O-]->1)<-C1=C->2CCC->3=C->4CC1
WIMHUV,COC(=O)C1=S->[Ni+2]2(<-S=[SH]1)<-[S-]C([S-]->2)=C(C#N)C#N,C7 H3 N2 Ni1 O2 S5 1-,-1.0,fail,COC(=O)C1=S->[Ni+2]2(<-S=[SH]1)<-[S-]C([S-]->2)=C(C#N)C#N,COC(=O)C1=S->[Ni+2]2(<-S=[SH]1)<-[S-]C([S-]->2)=C(C#N)C#N
WINHUW,NC(N)=S->[Zn+2](<-[O-]C(=O)c1ccccc1)(<-[O-]C(=O)c1ccccc1)<-S=C(N)N,C16 H18 N4 O4 S2 Zn1,0.0,NC(N)=S->[Zn+2](<-[O-]C(=O)c1ccccc1)(<-[O-]C(=O)c1ccccc1)<-S=C(N)N,NC(N)=S->[Zn+2](<-[O-]C(=O)c1ccccc1)(<-[O-]C(=O)c1ccccc1)<-S=C(N)N,NC(N)=S->[Zn+2]1234(<-O=C->1([O-]->2)c1ccccc1)(<-O=C->3([O-]->4)c1ccccc1)<-S=C(N)N
WIQCOQ,CO->[Mo+4]12(<-[O-2])(<-[O-2])<-O=C3C(Cl)=CC(Cl)=C/C3=C/N->1=N/C(=O->2)c1ccc([N+](=O)[O-])cc1,C15 H11 Cl2 Mo1 N3 O7,0.0,CO->[Mo+6]12(<-[O-2])(<-[O-2])<-[O-]C(=NN->1=Cc1cc(Cl)cc(Cl)c1[O-]->2)c1ccc([N+](=O)[O-])cc1,CO->[Mo+6]12(<-[O-2])(<-[O-2])<-[O-]C(=NN->1=Cc1cc(Cl)cc(Cl)c1[O-]->2)c1ccc([N+](=O)[O-])cc1,CO->[Mo+6]12(<-[O-2])(<-[O-2])<-[O-]C(=NN->1=Cc1cc(Cl)cc(Cl)c1[O-]->2)c1ccc([N+](=O)[O-])cc1
WIRVAX,CO1CCO(C)->[W+6]<-1(<-[Cl-])(<-[Cl-])(<-[N-2]c1c(F)cc(F)cc1F)<-[N-2]c1c(F)cc(F)cc1F,C16 H14 Cl2 F6 N2 O2 W1,0.0,CO1CCO(C)->[W+6]<-1(<-[Cl-])(<-[Cl-])(<-[N-2]c1c(F)cc(F)cc1F)<-[N-2]c1c(F)cc(F)cc1F,CO1CCO(C)->[W+6]<-1(<-[Cl-])(<-[Cl-])(<-[N-2]c1c(F)cc(F)cc1F)<-[N-2]c1c(F)cc(F)cc1F,CO1CCO(C)->[W+6]<-1(<-[Cl-])(<-[Cl-])(<-[N-2]c1c(F)cc(F)cc1F)<-[N-2]c1c(F)cc(F)cc1F
WISHOX,,,,fail,,Cc1ccc([N-]2N=c3n(Cc4ccccc4)cc[n-]3->[Zn+4]<-2(<-[Cl-])(<-[Cl-])<-O=CN(C)C)cc1
WITKUF,,C24 H36 N2 O4 P2 S4 Zn1,0.0,CC(C)OP(=S)(OC(C)C)[S-]->[Zn+2]1(<-[S-]P(=S)(OC(C)C)OC(C)C)<-n2cccc3ccc4cccn->1c4c32,CC(C)OP(=S)(OC(C)C)[S-]->[Zn+2]1(<-[S-]P(=S)(OC(C)C)OC(C)C)<-n2cccc3ccc4cccn->1c4c32,CC(C)OP1(OC(C)C)=S->[Zn+2]23(<-S=P(OC(C)C)(OC(C)C)[S-]->2)(<-[S-]1)<-n1cccc2ccc4cccn->3c4c21
WIVNUK,O=C(Cc1cccc2/C=C(\[O-]->[Re+5]34(<-[O-2])(<-[O-]/C(=C\c5cccc(/C=C(\[O-]->3)c3ccccc3)n->45)c3ccccc3)<-n21)c1ccccc1)c1ccccc1,C42 H31 N2 O5 Re1,0.0,O=C(Cc1cccc2C=C([O-]->[Re+5]34(<-[O-2])(<-[O-]C(=Cc5cccc(C=C([O-]->3)c3ccccc3)n->45)c3ccccc3)<-n21)c1ccccc1)c1ccccc1,O=C(Cc1cccc2C=C([O-]->[Re+5]34(<-[O-2])(<-[O-]C(=Cc5cccc(C=C([O-]->3)c3ccccc3)n->45)c3ccccc3)<-n21)c1ccccc1)c1ccccc1,O=C(Cc1cccc2C=C([O-]->[Re+5]34(<-[O-2])(<-[O-]C(=Cc5cccc(C=C([O-]->3)c3ccccc3)n->45)c3ccccc3)<-n21)c1ccccc1)c1ccccc1
WIWKUL,CC(C)(C)c1cc2-c3cccc4/C=C5/C=CC=C[N-]5->[Zr+4]5(<-[CH2-]c6ccccc6)(<-[CH2-]c->56ccccc6)(<-[O-]c2c(C(C)(C)C)c1)<-n43,C39 H42 N2 O1 Zr1,0.0,CC(C)(C)c1cc2-c3cccc4C=C5C=CC=C[N-]5->[Zr+4](<-[CH2-]c5ccccc5)(<-[CH2-]c5ccccc5)(<-[O-]c2c(C(C)(C)C)c1)<-n43,CC(C)(C)c1cc2-c3cccc4C=C5C=CC=C[N-]5->[Zr+4]5(<-[CH2-]c6ccccc6)(<-[CH2-]c->56ccccc6)(<-[O-]c2c(C(C)(C)C)c1)<-n43,CC(C)(C)c1cc2-c3cccc4C=C5C=CC=C[N-]5->[Zr+4]567(<-[CH2-]c->58ccccc8)(<-[CH2-]c->65ccccc->75)(<-[O-]c2c(C(C)(C)C)c1)<-n43
WIXBEK,,C18 H43 I3 Ir1 P2 1-,-1.0,CC(C)P(C(C)C)(C(C)C)->[IrH+2](<-[I-])(<-[I-])(<-[I-])<-P(C(C)C)(C(C)C)C(C)C,CC(C)P(C(C)C)(C(C)C)->[IrH+2](<-[I-])(<-[I-])(<-[I-])<-P(C(C)C)(C(C)C)C(C)C,CC(C)P(C(C)C)(C(C)C)->[IrH+2](<-[I-])(<-[I-])(<-[I-])<-P(C(C)C)(C(C)C)C(C)C
WIXPIE,,C14 H12 Cd1 N2 O11,0.0,O=C(O)c1ccc2C(=O)[O-]->[Cd+2]34(<-O)(<-O)(<-O)<-[O-]C(=O)c5ccc(C(=O)O)c(-c1n->32)n->45,O=C(O)c1ccc2C(=O)[O-]->[Cd+2]34(<-O)(<-O)(<-O)<-[O-]C(=O)c5ccc(C(=O)O)c(-c1n->32)n->45,O.O=C(O)c1ccc2n3->[Cd+2]4(<-O)(<-O)(<-[O-]C2=O)<-[O-]C(=O)c2ccc(C(=O)O)c(n->42)-c13
WIYHOB,c1ccc([C@@H]2C[c-]34->[Rh+]5678(<-C=C->5)(<-c(c->6c->73)c->84)<-P2(c2ccccc2)c2ccccc2)cc1,C27 H26 P1 Rh1,0.0,c1ccc(C2Cc34->[Rh+]5678(<-C=C->5)(<-c(c->63)[cH-]->7c->84)<-P2(c2ccccc2)c2ccccc2)cc1,c1ccc(C2Cc34->[Rh+]5678(<-C=C->5)(<-c(c->6[cH-]->73)c->84)<-P2(c2ccccc2)c2ccccc2)cc1,c1ccc(C2Cc34->[Rh+]5678(<-C=C->5)(<-c(c->6[cH-]->73)c->84)<-P2(c2ccccc2)c2ccccc2)cc1
WIYSEC,CC(C)(N)CN->[Ni+2]12(<-NCC(C)(C)N)(<-[O-]N->1=O)<-[O-]N->2=O,C8 H24 N6 Ni1 O4,0.0,CC1(C)CN->[Ni-2]2(<-NCC(C)(C)N->2)(<-N1)(<-[N+](=O)=O)<-[N+](=O)=O,CC1(C)CN->[Ni+2]2(<-NCC(C)(C)N->2)(<-N1)(<-N(=O)[O-])<-N(=O)[O-],CC1(C)CN->[Ni+2]2(<-NCC(C)(C)N->2)(<-N1)(<-N(=O)[O-])<-N(=O)[O-]
WIZLAU,CN1c2ccccc2O2->[Ni+2](<-[Cl-])(<-P(C)(C)C)(<-P(C)(C)C)<-[P@TB10+]123O[C-]1[CH+][CH+][CH-][CH-][C-]1N3C,C20 H32 Cl1 N2 Ni1 O2 P3,0.0,CN1c2ccccc2O[PH]123->[Ni+](<-[Cl-])(<-O2c1ccccc1N3C)(<-P(C)(C)C)<-P(C)(C)C,CN1c2ccccc2O[P+]12(->[Ni](<-[Cl-])(<-P(C)(C)C)<-P(C)(C)C)Oc1ccccc1N2C,CN1c2ccccc2O[P+]123->[Ni](<-[Cl-])(<-O2c1ccccc1N3C)(<-P(C)(C)C)<-P(C)(C)C
WOBVAM,,C20 H26 Br2 N2 Ni1 O6,0.0,COc1cccc2c1OCCN(->[Ni+2](<-O)(<-O)(<-[Br-])(<-[Br-])<-N1=Cc3cccc(OC)c3OCC1)=C2,COc1cccc2c1OCCN(->[Ni+2](<-O)(<-O)(<-[Br-])(<-[Br-])<-N1=Cc3cccc(OC)c3OCC1)=C2,COc1cccc2c1OCCN(->[Ni+2](<-[Br-])(<-[Br-])<-N1=Cc3cccc(OC)c3OCC1)=C2.O.O
WODTIT,C[N+]1=C(C2Nc3ccccn3->[Zn+2]3(<-O=2)(<-O=C(Nc2ccccn->32)C2=[N+](C)S([O-])([O-])c3ccsc3C2=O)(<-O=S(C)C)<-O=S(C)C)C(=O)c2sccc2S1([O-])[O-],C30 H32 N6 O10 S6 Zn1,0.0,CN1C(=C2Nc3ccccn3->[Zn+2]3(<-O=S(C)C)(<-O=S(C)C)(<-[O-]2)<-[O-]C(Nc2ccccn->32)=C2C(=O)c3sccc3S(=O)(=O)N2C)C(=O)c2sccc2S1(=O)=O,CN1C(=C2Nc3ccccn3->[Zn+2]3(<-O=S(C)C)(<-O=S(C)C)(<-[O-]2)<-[O-]C(Nc2ccccn->32)=C2C(=O)c3sccc3S(=O)(=O)N2C)C(=O)c2sccc2S1(=O)=O,CN1C(=C2Nc3ccccn3->[Zn+2]3(<-O=S(C)C)(<-O=S(C)C)(<-[O-]2)<-[O-]C(Nc2ccccn->32)=C2C(=O)c3sccc3S(=O)(=O)N2C)C(=O)c2sccc2S1(=O)=O
WOFNUD,CC(C)(C[C@H]1C(=O)[O-]->[Ni@SP2+2]23<-N(/C(=O)[C@@H]4CCCN->24Cc2ccccc2)=C2/C=CC=C/C2=C(\c2ccccc2)[N-]->31)c1ccccc1,C37 H37 N3 Ni1 O3,0.0,CC(C)(CC1C(=O)[O-]->[Ni+2]23<-N1=C(c1ccccc1)c1ccccc1[N-]->2C(=O)C1CCCN->31Cc1ccccc1)c1ccccc1,CC(C)(CC1C(=O)[O-]->[Ni+2]23<-N(C(=O)C4CCCN->24Cc2ccccc2)=C2C=CC=CC2=C(c2ccccc2)[N-]->31)c1ccccc1,CC(C)(CC1C(=O)[O-]->[Ni+2]23<-N(C(=O)C4CCCN->24Cc2ccccc2)=C2C=CC=CC2=C(c2ccccc2)[N-]->31)c1ccccc1
WOFYOF,Cc12->[Ti+4]3456789%10(<-[Cl-])(<-[Cl-])<-c1(C)c->3(CCCCCCCC[c-]->41c->5(C)c->6(C)c->7(C)c->81C)[c-]->9(C)c->%102C,C26 H40 Cl2 Ti1,0.0,Cc12->[Ti+4]3456789%10(<-[Cl-])(<-[Cl-])<-c%11(C)c->3(C)c->4(C)[c-]->5(CCCCCCCCc->61c->7(C)[c-]->8(C)c->92C)c->%10%11C,Cc12->[Ti+4]3456789%10(<-[Cl-])(<-[Cl-])<-c1(C)c->3(CCCCCCCC[c-]->41c->5(C)c->6(C)c->7(C)c->81C)[c-]->9(C)c->%102C,Cc12->[Ti+4]3456789%10(<-[Cl-])(<-[Cl-])<-c1(C)c->3(CCCCCCCC[c-]->41c->5(C)c->6(C)c->7(C)c->81C)[c-]->9(C)c->%102C
WOGPUE,Cc1cccc2-c3ccccn3->[Hg+2](<-[Cl-])(<-[Cl-])<-n12,C11 H10 Cl2 Hg1 N2,0.0,Cc1cccc2-c3ccccn3->[Hg+2](<-[Cl-])(<-[Cl-])<-n12,Cc1cccc2-c3ccccn3->[Hg+2](<-[Cl-])(<-[Cl-])<-n12,Cc1cccc(-c2ccccn2->[Hg+2](<-[Cl-])<-[Cl-])n1
WOHGEF,COc1ccc2[O-]->[V+5]34(<-[O-2])(<-O)<-[O-]c5ccc(OC)cc5/C=N->3/CC/N->4=C/c2c1,C18 H20 N2 O6 V1 1+,1.0,COc1ccc2[O-]->[V+5]34(<-[O-2])(<-O)<-[O-]c5ccc(OC)cc5C=N->3CCN->4=Cc2c1,COc1ccc2[O-]->[V+5]34(<-[O-2])(<-O)<-[O-]c5ccc(OC)cc5C=N->3CCN->4=Cc2c1,COc1ccc2c(c1)C=N1->[V+5]3(<-[O-2])(<-[O-]2)<-[O-]c2ccc(OC)cc2C=N->3CC1.O
WOJBUV,CC(C)c12->[Ru+2]34567(<-[Cl-])(<-c(c->31)c->4(C)c->5c->62)<-n1cc(F)ccc1-c1ccc(F)cn->71,C20 H20 Cl1 F2 N2 Ru1 1+,1.0,CC(C)c12->[Ru+2]34567(<-[Cl-])(<-c(c->31)c->4(C)c->5c->62)<-n1cc(F)ccc1-c1ccc(F)cn->71,CC(C)c12->[Ru+2]34567(<-[Cl-])(<-c(c->31)c->4(C)c->5c->62)<-n1cc(F)ccc1-c1ccc(F)cn->71,CC(C)c12->[Ru+2]34567(<-[Cl-])(<-c(c->31)c->4(C)c->5c->62)<-n1cc(F)ccc1-c1ccc(F)cn->71
WOJTUK,Cc1cc2c(cc1C)n(->[Ru+2](<-[Cl-])(<-[Cl-])(<-n1cn(C)c3cc(C)c(C)cc31)(<-S(C)(C)=O)<-S(C)(C)=O)cn2C,C24 H36 Cl2 N4 O2 Ru1 S2,0.0,Cc1cc2c(cc1C)n(->[Ru+2](<-[Cl-])(<-[Cl-])(<-n1cn(C)c3cc(C)c(C)cc31)(<-S(C)(C)=O)<-S(C)(C)=O)cn2C,Cc1cc2c(cc1C)n(->[Ru+2](<-[Cl-])(<-[Cl-])(<-n1cn(C)c3cc(C)c(C)cc31)(<-S(C)(C)=O)<-S(C)(C)=O)cn2C,Cc1cc2c(cc1C)n(->[Ru+2](<-[Cl-])(<-[Cl-])(<-n1cn(C)c3cc(C)c(C)cc31)(<-S(C)(C)=O)<-S(C)(C)=O)cn2C
WOKZUR,CCOC(=O)[CH-]1S/C(C(=O)OC)=C(\[S-]->[Co+3]<-12345(<-c1c->2c->3[cH-]->4c->51)<-P(C)(C)C)C(=O)OC,C18 H26 Co1 O6 P1 S2,0.0,CCOC(=O)[CH-]1SC(C(=O)OC)=C([S-]->[Co+3]<-12345(<-c1c->2c->3[cH-]->4c->51)<-P(C)(C)C)C(=O)OC,CCOC(=O)C1=S=C(C(=O)OC)C(=S->[Co+]<-12345(<-c1c->2c->3[cH-]->4c->51)<-P(C)(C)C)C(=O)OC,CCOC(=O)C1=S=C(C(=O)OC)C(=S->[Co+]<-12345(<-c1c->2c->3[cH-]->4c->51)<-P(C)(C)C)C(=O)OC
WOMBEH,CCC1(CC)C2=N3->[Pd@SP1+2]45<-N6=C1C=C/C6=C/c1ccc([n-]->41)C(CC)(CC)c1ccc([n-]->51)/C=C\3C=C2,C28 H30 N4 Pd1,0.0,CCC1(CC)C2=N3->[Pd+2]45<-N6=C(C=CC6=Cc6ccc1[n-]->46)C(CC)(CC)c1ccc([n-]->51)C=C3C=C2,CCC1(CC)C2=N3->[Pd+2]45<-N6=C1C=CC6=Cc1ccc([n-]->41)C(CC)(CC)c1ccc([n-]->51)C=C3C=C2,CCC1(CC)C2=N3->[Pd+2]45<-N6=C1C=CC6=Cc1ccc([n-]->41)C(CC)(CC)c1ccc([n-]->51)C=C3C=C2
WOMYAB,CN1(C)CCC/N2=C/C=C(\[O-]->[Re+]<-2<-1(<-[C-]#[O+])(<-[C-]#[O+])<-[C-]#[O+])C(F)(F)F,C12 H14 F3 N2 O4 Re1,0.0,CN1(C)CCCN2=CC=C([O-]->[Re+]<-2<-1(<-[C-]#[O+])(<-[C-]#[O+])<-[C-]#[O+])C(F)(F)F,CN1(C)CCCN2=CC=C([O-]->[Re+]<-2<-1(<-[C-]#[O+])(<-[C-]#[O+])<-[C-]#[O+])C(F)(F)F,CN1(C)CCCN2=CC=C([O-]->[Re+]<-2<-1(<-[C-]#[O+])(<-[C-]#[O+])<-[C-]#[O+])C(F)(F)F
WONYUW,N#[N+][N-2]->[Zn@TB10+2]12<-S=C(/N=N->1/C=C1/C=CC=C[N-]->21)Nc1ccccc1,C13 H11 N7 S1 Zn1,0.0,[N-]=[N+]=[N-]->[Zn+2]12<-[S-]C(=NN->1=Cc1ccccn->21)Nc1ccccc1,N#[N+][N-2]->[Zn+2]12<-S=C(N=N->1C=C1C=CC=C[N-]->21)Nc1ccccc1,N#[N+][N-2]->[Zn+2]12<-S=C(N=N->1C=C1C=CC=C[N-]->21)Nc1ccccc1
WOPTEB,O->[Zn+2]123(<-O)<-[O-]c4c(Br)cc(Br)cc4/C=N->1/OCCO/N->2=C/c1cc(Br)cc(Br)c1[O-]->3,C16 H14 Br4 N2 O6 Zn1,0.0,O->[Zn+2]123(<-O)<-[O-]c4c(Br)cc(Br)cc4C=N->1OCCON->2=Cc1cc(Br)cc(Br)c1[O-]->3,O->[Zn+2]123(<-O)<-[O-]c4c(Br)cc(Br)cc4C=N->1OCCON->2=Cc1cc(Br)cc(Br)c1[O-]->3,O.O->[Zn+2]123<-[O-]c4c(Br)cc(Br)cc4C=N->1OCCON->2=Cc1cc(Br)cc(Br)c1[O-]->3
WORCIP,,C24 H47 Cl2 Nb1 O1 P2 Si2,0.0,CC(C)P1(C[Si](C)(C)c23->[Nb+3]<-14567(<-[Cl-])(<-[Cl-])(<-[C-]#[O+])<-c2[cH-]->4c->5([Si](C)(C)CP->6(C(C)C)C(C)C)c->73)C(C)C,CC(C)P1(C[Si](C)(C)c23->[Nb+3]<-14567(<-[Cl-])(<-[Cl-])(<-[C-]#[O+])<-c2c->4[c-]->5([Si](C)(C)CP->6(C(C)C)C(C)C)c->73)C(C)C,CC(C)P1(C[Si](C)(C)c23->[Nb+3]<-14567(<-[Cl-])(<-[Cl-])(<-[C-]#[O+])<-c2c->4[c-]->5([Si](C)(C)CP->6(C(C)C)C(C)C)c->73)C(C)C
WORLAQ,Cc1cc(C2n3c(C)cc(C)n3->[Zn+2](<-[I-])(<-[I-])<-n3c(C)cc(C)n32)c(O)c(C(C)(C)C)c1,C22 H30 I2 N4 O1 Zn1,0.0,Cc1cc(C2[n+]3c(C)cc(C)[n-]3->[Zn+2](<-[I-])(<-[I-])<-[n-]3c(C)cc(C)[n+]32)c(O)c(C(C)(C)C)c1,Cc1cc(C2n3c(C)cc(C)n3->[Zn+2](<-[I-])(<-[I-])<-n3c(C)cc(C)n32)c(O)c(C(C)(C)C)c1,Cc1cc(C2n3c(C)cc(C)n3->[Zn+2](<-[I-])(<-[I-])<-n3c(C)cc(C)n32)c(O)c(C(C)(C)C)c1
WOTJUK,,C34 H30 Ag1 Cl1 O4,0.0,Cc1ccc(C)c2->[Ag+]34(<-[O-][Cl+3]([O-])([O-])[O-])(<-c5cccc(C(=C(c6ccccc6)c6ccc->3c->4c6)c3ccccc3)c5)<-c12,Cc1ccc(C)c2->[Ag+7]3(<-[O-2])(<-c4cccc(c4)C(c4ccccc4)=C(c4ccccc4)c4cccc->3c4)<-c12.[O-2].[O-2].[O-]Cl,Cc1ccc(C)c2->[Ag+7]34(<-[O-2])(<-[O-2])(<-[O-2])(<-c5ccccc5C(c5ccccc5)=C(c5ccccc5)c5cccc->3c->45)<-c12.[O-]Cl
WOVPUS,,C24 H36 Cd1 N2 O4 P2 S4,0.0,CC(C)O[PH]1(OC(C)C)=S->[Cd]23(<-S=1)(<-S=[PH](OC(C)C)(OC(C)C)=S->2)<-n1cccc2ccc4cccn->3c4c21,CC(C)OP1(OC(C)C)=S->[Cd+2]23(<-S=P(OC(C)C)(OC(C)C)[S-]->2)(<-[S-]1)<-n1cccc2ccc4cccn->3c4c21,CC(C)OP12(OC(C)C)=S->[Cd+2]<-1345(<-S=P->3(OC(C)C)(OC(C)C)[S-]->4)(<-[S-]2)<-n1cccc2ccc3cccn->5c3c21
WOWCOC,CC(=O)[O-]->[Ni@OH14+2]12<-[CH-](c3ccccc3P->1(C(C)C)C(C)C)c1ccccc1P->2(C(C)C)C(C)C,C27 H40 Ni1 O2 P2,0.0,CC(=O)[O-]->[Ni+2]12<-[CH-](c3ccccc3P->1(C(C)C)C(C)C)c1ccccc1P->2(C(C)C)C(C)C,CC(=O)[O-]->[Ni+2]12<-[CH-](c3ccccc3P->1(C(C)C)C(C)C)c1ccccc1P->2(C(C)C)C(C)C,CC1=O->[Ni+2]23(<-[O-]1)<-[CH-](c1ccccc1P->2(C(C)C)C(C)C)c1ccccc1P->3(C(C)C)C(C)C
WOXWUB,C[Si]1(C)CP(C)(C)->[Zr+2]234567(<-[Br-])(<-C=C->2)<-c2c->3[c-]->4([Si](C)(C)CP->5(C)C)c->6c->721,C17 H35 Br1 P2 Si2 Zr1,0.0,C[Si]1(C)CP(C)(C)->[Zr+4]234567(<-[Br-])(<-[CH2-][CH2-]->2)<-c2[cH-]->3c->4([Si](C)(C)CP->5(C)C)c->6c->721,C[Si]1(C)CP(C)(C)->[Zr+2]234567(<-[Br-])(<-C=C->2)<-c2c->3[c-]->4([Si](C)(C)CP->5(C)C)c->6c->721,C[Si]1(C)CP(C)(C)->[Zr+2]234567(<-[Br-])(<-C=C->2)<-c2c->3[c-]->4([Si](C)(C)CP->5(C)C)c->6c->721
WUBZIE,[C-](#[N+]Cc1ccccc1)->[Mo+4]12(<-[C-]#[N+]Cc3ccccc3)(<-[S-]c3ccccc3[S-]->1)<-[S-]c1ccccc1[S-]->2,C28 H22 Mo1 N2 S4,0.0,fail,[C-](#[N+]Cc1ccccc1)->[Mo]12(<-[C-]#[N+]Cc3ccccc3)(<-S=C3C=CC=CC3=S->1)<-S=C1C=CC=CC1=S->2,[C-](#[N+]Cc1ccccc1)->[Mo+4]12(<-[C-]#[N+]Cc3ccccc3)(<-[S-]c3ccccc3[S-]->1)<-[S-]c1ccccc1[S-]->2
WUDNEQ,CC(=O)N[N-]1/C(=C\N(=O)->[Pd@SP3+2]<-12<-N(/O)=C\C(=N/[N-]->2C(C)=O)c1ccccc1)c1ccccc1,C20 H20 N6 O4 Pd1,0.0,CC(=O)NN1=C(C=N([O])->[Pd+]<-12<-N(O)=CC(=N[N-]->2C(C)=O)c1ccccc1)c1ccccc1,CC(=O)N[N-]1C(=CN(=O)->[Pd+2]<-12<-N(=NC(=C[N-]->2O)c1ccccc1)C(C)=O)c1ccccc1,CC(=O)N[N-]1C(=CN(=O)->[Pd+2]<-12<-N(=NC(=C[N-]->2O)c1ccccc1)C(C)=O)c1ccccc1
WUHGAI,CC(C)(C)N1[Se]N(C(C)(C)C)[Se]2->[Pd+2](<-[Cl-])(<-[Cl-])<-[Se]1N(C(C)(C)C)[Se]N2C(C)(C)C,C16 H36 Cl2 N4 Pd1 Se4,0.0,CC(C)(C)N1[Se]N(C(C)(C)C)[Se]2->[Pd+2](<-[Cl-])(<-[Cl-])<-[Se]1N(C(C)(C)C)[Se]N2C(C)(C)C,CC(C)(C)N1[Se]N(C(C)(C)C)[Se-]->[Pd+6](<-[Cl-])(<-[Cl-])<-[Se-]1.CC(C)(C)[N-][Se][N-]C(C)(C)C,CC(C)(C)N1[Se]N(C(C)(C)C)[Se-]->[Pd+6](<-[Cl-])(<-[Cl-])<-[Se-]1.CC(C)(C)[N-][Se][N-]C(C)(C)C
WUHQAS,CN(C)P1(OC2=CC=CC3=P([S-]->[Pd@OH20+2](<-[Cl-])(<-S=1)<-[C]23)(c1ccccc1)c1ccccc1)N(C)C,C22 H25 Cl1 N2 O1 P2 Pd1 S2,0.0,CN(C)P1(Oc2cccc3P(=S->[Pd+2](<-[Cl-])(<-S=1)<-[c-]23)(c1ccccc1)c1ccccc1)N(C)C,CN(C)P1(OC2=CC=CC3=P([S-]->[Pd+2](<-[Cl-])(<-S=1)<-[C]23)(c1ccccc1)c1ccccc1)N(C)C,CN(C)P1(OC2=CC=CC3=P4([S-]->[Pd+2]<-4(<-[Cl-])(<-S=1)<-[C]23)(c1ccccc1)c1ccccc1)N(C)C
WUJRAU,,C26 H16 Mo1 O2,0.0,fail,[O+]#[C-]->[Mo+2]123456(<-[C-]#[O+])(<-c7c->1c->21ccccc->31[cH-]->47)<-c1ccc2ccc3cccc4c3c2c->51[cH-]->64,[O+]#[C-]->[Mo+2]123456(<-[C-]#[O+])(<-c7c->1c->21ccccc->31[cH-]->47)<-c1ccc2ccc3cccc4c3c2c->51[cH-]->64
WULTII,Cc1cc(C)n([BH-]2n3c(C)cc(C)n3->[Ni+2]3(<-n4c(C)cc(C)n4[BH2-]n4c(C)cc(C)n->34)<-n3c(C)cc(C)n32)n1,C25 H38 B2 N10 Ni1,0.0,Cc1cc(C)n2->[Ni+2]34(<-n5c(C)cc(C)n5[BH2-]n12)<-n1c(C)cc(C)n1[BH-](n1c(C)cc(C)n->31)n1c(C)cc(C)n->41,Cc1cc(C)n2->[Ni+2]34(<-n5c(C)cc(C)n5[BH2-]n12)<-n1c(C)cc(C)n1[BH-](n1c(C)cc(C)n->31)n1c(C)cc(C)n->41,Cc1cc(C)n2->[Ni+2]34(<-n5c(C)cc(C)n5[BH2-]n12)<-n1c(C)cc(C)n1[BH-](n1c(C)cc(C)n->31)n1c(C)cc(C)n->41
WUMTAB,O=C([O-]->[Zn+2](<-[Cl-])(<-n1ccccc1)<-n1ccccc1)c1ccc(O)cc1,C17 H15 Cl1 N2 O3 Zn1,0.0,O=C([O-]->[Zn+2](<-[Cl-])(<-n1ccccc1)<-n1ccccc1)c1ccc(O)cc1,O=C([O-]->[Zn+2](<-[Cl-])(<-n1ccccc1)<-n1ccccc1)c1ccc(O)cc1,Oc1ccc(C23=O->[Zn+2]<-2(<-[Cl-])(<-[O-]3)(<-n2ccccc2)<-n2ccccc2)cc1
WUPLIE,CN(C)[C+]1[CH+][CH+][C+]([CH-]2[N-]([C-]3[CH+][CH+][CH-][CH-][CH-]3)->[Ti+4]<-23456789%10(<-c2c->3c->4[cH-]->5c->62)<-c2c->7c->8[cH-]->9c->%102)[CH-][CH-]1,C25 H26 N2 Ti1,0.0,CN(C)c1ccc([CH-]2[N-](c3ccccc3)->[Ti+4]<-23456789%10(<-c2c->3c->4[cH-]->5c->62)<-c2c->7c->8[cH-]->9c->%102)cc1,CN(C)c1ccc(C2=N(c3ccccc3)->[Ti+2]<-23456789%10(<-c2c->3c->4[cH-]->5c->62)<-c2c->7c->8[cH-]->9c->%102)cc1,CN(C)c1ccc(C2=N(c3ccccc3)->[Ti+2]<-23456789%10(<-c2c->3c->4[cH-]->5c->62)<-c2c->7c->8[cH-]->9c->%102)cc1
WUPXIO,CC(=O)OC[C@@H]1C(=O)N(C)c2ccc(Br)cc2C2c3ccccn3->[Zn+2](<-[Cl-])(<-[Cl-])<-N=21,C18 H16 Br1 Cl2 N3 O3 Zn1,0.0,CC(=O)OCC1C(=O)N(C)c2ccc(Br)cc2C2c3ccccn3->[Zn+2](<-[Cl-])(<-[Cl-])<-N=21,CC(=O)OCC1C(=O)N(C)c2ccc(Br)cc2C2c3ccccn3->[Zn+2](<-[Cl-])(<-[Cl-])<-N=21,CC(=O)OCC1C(=O)N(C)c2ccc(Br)cc2C2c3ccccn3->[Zn+2](<-[Cl-])(<-[Cl-])<-N=21
WUQPUT,,C28 H26 N3 O7 Re1,0.0,CCOC(=O)C1C(C(=O)OCC)=N(c2ccc(C)cc2)->[Re+]2(<-[C-]#[O+])(<-[C-]#[O+])(<-[C-]=1O)<-n1ccccc1-c1ccccn->21,CCOC(=O)C1C(C(=O)OCC)=N(c2ccc(C)cc2)->[Re+]2(<-[C-]#[O+])(<-[C-]#[O+])(<-[C-]=1O)<-n1ccccc1-c1ccccn->21,CCOC(=O)C1C(C(=O)OCC)=N(c2ccc(C)cc2)->[Re+]2(<-[C-]#[O+])(<-[C-]#[O+])(<-[C-]=1O)<-n1ccccc1-c1ccccn->21
WUSHAV,,C16 H36 Cd1 Cl2 N4 Se2,0.0,CC(C)(C)N1[Se]2=N(C(C)(C)C)->[Cd+2](<-[Cl-])(<-[Cl-])<-N(=[Se]1N2C(C)(C)C)C(C)(C)C,CC(C)(C)[N-][Se][N-](C(C)(C)C)->[Cd+6](<-[Cl-])(<-[Cl-])<-[N-]([Se][N-]C(C)(C)C)C(C)(C)C,CC(C)(C)N1[Se][N-](C(C)(C)C)->[Cd+6](<-[Cl-])(<-[Cl-])<-[N-](C(C)(C)C)[Se]1.CC(C)(C)[N-2]
WUSWOX,Oc1ccc(/C2=N/N3=C/c4ccccn4->[Fe+2]<-345(<-[O-]2)<-[O-]/C(=N\N->4=C\c2ccccn->52)c2ccc(O)cc2)cc1,C26 H20 Fe1 N6 O4,0.0,Oc1ccc(C2=NN3=Cc4ccccn4->[Fe+2]<-345(<-[O-]2)<-[O-]C(=NN->4=Cc2ccccn->52)c2ccc(O)cc2)cc1,Oc1ccc(C2=NN3=Cc4ccccn4->[Fe+2]<-345(<-[O-]2)<-[O-]C(=NN->4=Cc2ccccn->52)c2ccc(O)cc2)cc1,Oc1ccc(C2=NN3=Cc4ccccn4->[Fe+2]<-345(<-[O-]2)<-[O-]C(=NN->4=Cc2ccccn->52)c2ccc(O)cc2)cc1
WUVBAQ,Cc1cc(C)[n-]2->[Ta+5]3456(<-[Cl-])(<-[Cl-])(<-[Cl-])(<-S=c2n1)<-c1(C)c->3(C)c->4(C)[c-]->5(C)c->61C,C16 H22 Cl3 N2 S1 Ta1,0.0,fail,Cc1cc(C)[n-]2->[Ta+5]3456(<-[Cl-])(<-[Cl-])(<-[Cl-])(<-S=c2n1)<-c1(C)c->3(C)c->4(C)[c-]->5(C)c->61C,Cc1cc(C)[n-]2->[Ta+5]345(<-[Cl-])(<-[Cl-])(<-[Cl-])(<-S=c2n1)<-c1(C)c(C)c->3(C)[c-]->4(C)c->51C
WUWFUP,COC(=O)/C(I)=C(C(=O)OC)/C(C(=O)OC)=[C-](/C(=O)OC)->[Pd+2]1(<-[I-])<-n2ccccc2-c2ccccn->12,C22 H20 I2 N2 O8 Pd1,0.0,COC(=O)C(I)=C(C(=O)OC)C(C(=O)OC)=[C-](C(=O)OC)->[Pd+2]1(<-[I-])<-n2ccccc2-c2ccccn->12,COC(=O)C(I)=C(C(=O)OC)C(C(=O)OC)=[C-](C(=O)OC)->[Pd+2]1(<-[I-])<-n2ccccc2-c2ccccn->12,COC(=O)C(I)=C(C(=O)OC)C(C(=O)OC)=[C-](C(=O)OC)->[Pd+2]1(<-[I-])<-n2ccccc2-c2ccccn->12
WUWWIU,Cn1ccn2->[Cu+]3(<-N(=N\c12)/c1ccccc1)<-N(=N\c1n(C)ccn->31)/c1ccccc1,C20 H20 Cu1 N8 1+,1.0,Cn1ccn2->[Cu+]3(<-N(=Nc12)c1ccccc1)<-N(=Nc1n(C)ccn->31)c1ccccc1,Cn1cc[n-]2->[Cu+5]3(<-[N-](N=c12)c1ccccc1)<-[N-](N=c1n(C)cc[n-]->31)c1ccccc1,Cn1cc[n-]2->[Cu+5]3(<-[N-](N=c12)c1ccccc1)<-[N-](N=c1n(C)cc[n-]->31)c1ccccc1
WUXWUH,C[BH-]12[H]->[Zr+4]<-13456789%10(<-[Cl-])(<-[H]2)(<-c1c->3c->4[cH-]->5c->61)<-c1c->7c->8[cH-]->9c->%101,C11 H16 B1 Cl1 Zr1,0.0,C[BH-]1[H]->[Zr+4]23456789(<-[Cl-])(<-[H]1)(<-c1c->2c->3[cH-]->4c->51)<-c1c->6c->7[cH-]->8c->91,,C[BH+]->[ZrH2+2]12345678(<-[Cl-])(<-c9c->1c->2[cH-]->3c->49)<-c1c->5c->6[cH-]->7c->81
WUZGUV,,C22 H34 N3 Ni1 O5 Si1 1+,1.0,fail,CCO[Si](CCCN1C=CN2c3ccccn3->[Ni+2]3(<-O=C(C)C=C(C)[O-]->3)<-[C]12)(OCC)OCC,CCO[Si](CCCN1C=CN2c3ccccn3->[Ni+2]3(<-O=C(C)C=C(C)[O-]->3)<-[C]12)(OCC)OCC
WUZWEU,,C26 H22 N4 O8 Zn1,0.0,O=C([O-])c1cc(N2=Cc3ccccn3->[Zn+2]<-23(<-O)(<-O)<-N(=Cc2ccccn->32)c2ccc(O)c(C(=O)[O-])c2)ccc1O,O=C([O-])c1cc(N2=Cc3ccccn3->[Zn+2]<-23(<-O)(<-O)<-N(=Cc2ccccn->32)c2ccc(O)c(C(=O)[O-])c2)ccc1O,O=C(O)C1=CC(=N2C=C3C=CC=C[N-]3->[Zn+2]<-23(<-O)(<-O)<-N(C=C2C=CC=C[N-]->32)=C2C=CC(=O)C(C(=O)O)=C2)C=CC1=O
XACGUD,Cn1c2[NH-]->[Zn+2]34(<-O)(<-O=N->3[O-]->4)<-N(=C\c2c(=O)n(C)c1=O)/NC(=O)c1ccccc1,C14 H16 N6 O6 Zn1,0.0,Cn1c2[NH-]->[Zn+2]3(<-O)(<-O=C(NN->3=Cc2c(=O)n(C)c1=O)c1ccccc1)<-[O-]N=O,CN1C(=O)C2=C[N-]3NC(=O->[Zn+2]<-3(<-O)(<-N=C2N(C)C1=O)<-[O-]N=O)c1ccccc1,CN1C(=O)C2=C[N-]3NC(=O->[Zn+2]<-34(<-O)(<-N=C2N(C)C1=O)<-O=N[O-]->4)c1ccccc1
XACXAB,C[C@@]12C[C@]3(C)O[C@@](C)(C[C@](C)(O1)P3(c1ccccc1)->[Pd+2]1(<-[O-][O-]->1)<-P1(c3ccccc3)[C@]3(C)C[C@@]4(C)O[C@](C)(C[C@]1(C)O4)O3)O2,C32 H42 O8 P2 Pd1,0.0,CC12CC3(C)OC(C)(CC(C)(O1)P3(c1ccccc1)->[Pd+2]1(<-[O-][O-]->1)<-P1(c3ccccc3)C3(C)CC4(C)OC(C)(CC1(C)O4)O3)O2,CC12CC3(C)OC(C)(CC(C)(O1)P3(c1ccccc1)->[Pd+2]1(<-[O-][O-]->1)<-P1(c3ccccc3)C3(C)CC4(C)OC(C)(CC1(C)O4)O3)O2,CC12CC3(C)OC(C)(CC(C)(O1)P3(c1ccccc1)->[Pd+2]1(<-[O-][O-]->1)<-P1(c3ccccc3)C3(C)CC4(C)OC(C)(CC1(C)O4)O3)O2
XADCAI,Cc1cc(C)c(N2CCN(c3c(C)cc(C)cc3C)[C]2->[Ru@TB5+4]2(<-[Cl-])(<-[Cl-])<-[CH-]=C3C=C[CH-]C=C3S->2C(C)C)c(C)c1,C31 H38 Cl2 N2 Ru1 S1,0.0,Cc1cc(C)c(N2CCN(c3c(C)cc(C)cc3C)[C]2->[Ru+4]2(<-[Cl-])(<-[Cl-])<-[CH-2]c3ccccc3S->2C(C)C)c(C)c1,Cc1cc(C)c(N2CCN(c3c(C)cc(C)cc3C)[C]2->[Ru+2]2(<-[Cl-])(<-[Cl-])<-[CH]c3ccccc3S->2C(C)C)c(C)c1,Cc1cc(C)c(N2CCN(c3c(C)cc(C)cc3C)[C]2->[Ru+2]2(<-[Cl-])(<-[Cl-])<-[CH]c3ccccc3S->2C(C)C)c(C)c1
XAFGOC,CSc1ccccc1/N(=C/c1cc2cc3c4c(c2oc1=O)CCCN4CCC3)->[Zn+2](<-[Cl-])<-[Cl-],C23 H22 Cl2 N2 O2 S1 Zn1,0.0,CS1c2ccccc2N2=Cc3cc4cc5c6c(c4oc3=O->[Zn+2]<-2<-1(<-[Cl-])<-[Cl-])CCCN6CCC5,CS1c2ccccc2N2=Cc3cc4cc5c6c(c4oc3=O->[Zn+2]<-2<-1(<-[Cl-])<-[Cl-])CCCN6CCC5,CSc1ccccc1N1=Cc2cc3cc4c5c(c3oc2=O->[Zn+2]<-1(<-[Cl-])<-[Cl-])CCCN5CCC4
XAGNUR,C1\[S-]->[Co+3]2345(<-[S-]\C=1c1ccccc1)<-c1c->2c->3[cH-]->4c->51,C13 H11 Co1 S2,0.0,C1[S-]->[Co+3]2345(<-[S-]C=1c1ccccc1)<-c1c->2c->3[cH-]->4c->51,C1=S->[Co+]2345(<-S=C1c1ccccc1)<-c1c->2c->3[cH-]->4c->51,C1=S->[Co+]2345(<-S=C1c1ccccc1)<-c1c->2c->3[cH-]->4c->51
XAHKEW,CN1[CH+][CH-][N-]2->[Re+5](<-[Cl-])(<-[Cl-])(<-[Cl-])(<-O=P(CP(=O)(c3ccccc3)c3ccccc3)(c3ccccc3)c3ccccc3)<-[N-]([N-][C-]12)[C+]1[CH+][CH+][C+](Cl)[CH-][CH-]1,C35 H31 Cl4 N4 O2 P2 Re1,0.0,Cn1ccn2->[Re+3](<-[Cl-])(<-[Cl-])(<-[Cl-])(<-O=P(CP(=O)(c3ccccc3)c3ccccc3)(c3ccccc3)c3ccccc3)<-N(=Nc12)c1ccc(Cl)cc1,Cn1cc[n-]2->[Re+5](<-[Cl-])(<-[Cl-])(<-[Cl-])(<-O=P(CP(=O)(c3ccccc3)c3ccccc3)(c3ccccc3)c3ccccc3)<-[N-](N=c12)c1ccc(Cl)cc1,Cn1cc[n-]2->[Re+5](<-[Cl-])(<-[Cl-])(<-[Cl-])(<-O=P(CP(=O)(c3ccccc3)c3ccccc3)(c3ccccc3)c3ccccc3)<-[N-](N=c12)c1ccc(Cl)cc1
XAJKAV,,C19 H26 B1 Mo1 N9 O1,0.0,CCCCC1#C->[Mo+2]<-123(<-[N-]=O)(<-n1ccn(C)c1)<-[n-]1ccc[n+]1[BH-]([n+]1ccc[n-]->21)[n+]1ccc[n-]->31,CCCCC1#C->[Mo+2]<-123(<-[N-]=O)(<-n1ccn(C)c1)<-n1cccn1[BH-](n1cccn->21)n1cccn->31,CCCCC1#C->[Mo+2]<-123(<-[N-]=O)(<-n1ccn(C)c1)<-n1cccn1[BH-](n1cccn->21)n1cccn->31
XAKGOF,CCN(CC)[C](NC(C)(C)C)->[Au+]<-[C-]#Cc1ccc([N+](=O)[O-])cc1,C17 H24 Au1 N3 O2,0.0,CCN(CC)[C](NC(C)(C)C)->[Au+]<-[C-]#Cc1ccc([N+](=O)[O-])cc1,CCN(CC)[C](NC(C)(C)C)->[Au+]<-[C-]#Cc1ccc([N+](=O)[O-])cc1,CCN(CC)[C](NC(C)(C)C)->[Au+]<-[C-]#Cc1ccc([N+](=O)[O-])cc1
XAKSOT,[O-2]->[Re+5]12(<-[Cl-])(<-[Cl-])<-S=C(/N=C(/c3ccccc3)[N-]->1c1ccccc1CP->2(c1ccccc1)c1ccccc1)N1CCOCC1,C31 H29 Cl2 N3 O2 P1 Re1 S1,0.0,[O-2]->[Re+5]12(<-[Cl-])(<-[Cl-])<-[S-]C(=NC(c3ccccc3)=N->1c1ccccc1CP->2(c1ccccc1)c1ccccc1)N1CCOCC1,[O-2]->[Re+5]12(<-[Cl-])(<-[Cl-])<-S=C(N=C(c3ccccc3)[N-]->1c1ccccc1CP->2(c1ccccc1)c1ccccc1)N1CCOCC1,[O-2]->[Re+5]12(<-[Cl-])(<-[Cl-])<-S=C(N=C(c3ccccc3)[N-]->1c1ccccc1CP->2(c1ccccc1)c1ccccc1)N1CCOCC1
XALQAE,CC(C)(C)P(c1ccccc1-c1ccccc1)(->[Au+]1<-C2=C->1CC=C2)C(C)(C)C,C25 H33 Au1 P1 1+,1.0,CC(C)(C)P(c1ccccc1-c1ccccc1)(->[Au+]1<-C2=C->1CC=C2)C(C)(C)C,CC(C)(C)P(c1ccccc1-c1ccccc1)(->[Au+]1<-C2=C->1CC=C2)C(C)(C)C,CC(C)(C)P(c1ccccc1-c1ccccc1)(->[Au+]1<-C2=C->1CC=C2)C(C)(C)C
XAMFAT,CC1=O->[Cd+2]234(<-O=C(C)[O-]->2)(<-[O-]1)<-n1ccccc1-c1cccc(-c2ccccn->32)n->41,C19 H17 Cd1 N3 O4,0.0,fail,CC1=O->[Cd+2]234(<-O=C(C)[O-]->2)(<-[O-]1)<-n1ccccc1-c1cccc(-c2ccccn->32)n->41,CC12=O->[Cd+2]<-13456(<-O=C->3(C)[O-]->4)(<-[O-]2)<-n1ccccc1-c1cccc(-c2ccccn->52)n->61
XAMJIE,COC(=O)C1/C=[C-](/C(=O)OC)->[Ru+4]2345(<-[Cl-])(<-[CH-]=1)(<-c1(C)c->2(C)c->3(C)[c-]->4(C)c->51C)<-P(c1ccccc1)(c1ccccc1)c1ccccc1,C36 H38 Cl1 O4 P1 Ru1,0.0,COC(=O)C1C=[C-](C(=O)OC)->[Ru+4]2345(<-[Cl-])(<-[CH-]=1)(<-c1(C)c->2(C)c->3(C)[c-]->4(C)c->51C)<-P(c1ccccc1)(c1ccccc1)c1ccccc1,COC(=O)C1C=[C-](C(=O)OC)->[Ru+4]2345(<-[Cl-])(<-[CH-]=1)(<-c1(C)c->2(C)c->3(C)[c-]->4(C)c->51C)<-P(c1ccccc1)(c1ccccc1)c1ccccc1,COC(=O)C1C=[C-](C(=O)OC)->[Ru+4]2345(<-[Cl-])(<-[CH-]=1)(<-c1(C)c->2(C)c->3(C)[c-]->4(C)c->51C)<-P(c1ccccc1)(c1ccccc1)c1ccccc1
XAMTOU,COC(=O)/C1[S-]->[Co+3]2345(<-[S-]\C=1C(=O)OC)<-C1=C->2C->3(=[NH+]S([O-])([O-])c2ccc(C)cc2)C->4=C->51,C18 H18 Co1 N1 O6 S3,0.0,COC(=O)C1[S-]->[Co+3]2345(<-[S-]C=1C(=O)OC)<-c1c->2c->3(NS(=O)(=O)c2ccc(C)cc2)c->4[cH-]->51,COC(=O)C1=S->[Co-]2345(<-S=C1C(=O)OC)<-C1=C->2C->3(=[NH+]S(=O)(=O)c2ccc(C)cc2)C->4=C->51,COC(=O)C1=S->[Co-]2345(<-S=C1C(=O)OC)<-C1=C->2C->3(=[NH+]S(=O)(=O)c2ccc(C)cc2)C->4=C->51
XANKAY,,C25 H32 B2 N6 O2 W1,0.0,Cc1cc(C)[n-]2->[W+2]34(<-[H]C(C)[BH2-]->3c3ccccc3)(<-[C-]#[O+])(<-[C-]#[O+])<-[n-]3c(C)cc(C)[n+]3[BH-]([n+]12)[n+]1c(C)cc(C)[n-]->41,CCB(=C1C=CC=C[CH-]1)->[W+2]12(<-[C-]#[O+])(<-[C-]#[O+])<-n3c(C)cc(C)n3[BH-](n3c(C)cc(C)n->13)n1c(C)cc(C)n->21,CC=[B-]1(c2ccccc2)[C-](=O)->[WH+3]<-123(<-[C-]#[O+])<-n1c(C)cc(C)n1[BH-](n1c(C)cc(C)n->21)n1c(C)cc(C)n->31
XANREJ,CCCN(CCC)C1/N=N2/C(=C(/c3ccccn3)[N-]3/N=C(\[S-]->[Ni@SP1+2]<-2<-3<-S=1)N(CCC)CCC)/c1ccccn1,C26 H36 N8 Ni1 S2,0.0,CCCN(CCC)C1=NN2=C(C(c3ccccn3)=N3N=C([S-]->[Ni+2]<-2<-3<-[S-]1)N(CCC)CCC)c1ccccn1,CCCN(CCC)C1N=N2C(=C(c3ccccn3)N3=NC(=S->[Ni]<-2<-3<-S=1)N(CCC)CCC)c1ccccn1,CCCN(CCC)C1N=N2C(=C(c3ccccn3)N3=NC(=S->[Ni]<-2<-3<-S=1)N(CCC)CCC)c1ccccn1
XAPQEN,CS(C)=C(C(=O)c1cccc(Br)c1)->[Pt+2](<-[Cl-])(<-[Cl-])<-S(C)(C)=O,C12 H17 Br1 Cl2 O2 Pt1 S2,0.0,C[S+](C)[CH-](C(=O)c1cccc(Br)c1)->[Pt+2](<-[Cl-])(<-[Cl-])<-S(C)(C)=O,CS(C)=C(C(=O)c1cccc(Br)c1)->[Pt+2](<-[Cl-])(<-[Cl-])<-S(C)(C)=O,CS(C)=C(C(=O)c1cccc(Br)c1)->[Pt+2](<-[Cl-])(<-[Cl-])<-S(C)(C)=O
XARGAY,,C27 H41 Mn1 N3 O2 P1,0.0,CC(C)N(C(C)C)P(N[C](c1ccccc1)->[Mn+]1234(<-[C-]#[O+])(<-[C-]#[O+])<-c5c->1c->2(C)c->3[cH-]->45)N(C(C)C)C(C)C,CC(C)N(C(C)C)P(N[C](c1ccccc1)->[Mn+]1234(<-[C-]#[O+])(<-[C-]#[O+])<-c5c->1c->2[c-]->3(C)c->45)N(C(C)C)C(C)C,CC(C)N(C(C)C)P(N[C](c1ccccc1)->[Mn+]1234(<-[C-]#[O+])(<-[C-]#[O+])<-c5c->1c->2[c-]->3(C)c->45)N(C(C)C)C(C)C
XARREO,C[Si](C)(C)C1#C([Si](C)(C)C)->[Fe]<-1(<-[C-]#[O+])(<-[C-]#[O+])(<-[C-]#[O+])<-P(C)(C)C,C14 H27 Fe1 O3 P1 Si2,0.0,C[Si](C)(C)C1#C([Si](C)(C)C)->[Fe]<-1(<-[C-]#[O+])(<-[C-]#[O+])(<-[C-]#[O+])<-P(C)(C)C,C[Si](C)(C)C1#C([Si](C)(C)C)->[Fe]<-1(<-[C-]#[O+])(<-[C-]#[O+])(<-[C-]#[O+])<-P(C)(C)C,C[Si](C)(C)C1#C([Si](C)(C)C)->[Fe]<-1(<-[C-]#[O+])(<-[C-]#[O+])(<-[C-]#[O+])<-P(C)(C)C
XARXEV,Cc1cc(C)c(N2C=CN3Cc4ccccc4P(c4ccccc4)(c4ccccc4)->[Pd+2](<-[I-])(<-[I-])<-[C]32)c(C)c1,C31 H29 I2 N2 P1 Pd1,0.0,Cc1cc(C)c(N2C=CN3Cc4ccccc4P(c4ccccc4)(c4ccccc4)->[Pd+2](<-[I-])(<-[I-])<-[C]32)c(C)c1,Cc1cc(C)c(N2C=CN3Cc4ccccc4P(c4ccccc4)(c4ccccc4)->[Pd+2](<-[I-])(<-[I-])<-[C]32)c(C)c1,Cc1cc(C)c(N2C=CN3Cc4ccccc4P(c4ccccc4)(c4ccccc4)->[Pd+2](<-[I-])(<-[I-])<-[C]32)c(C)c1
XATQAM,CCP(CC)(N/C(C)=C\C(C)=O)->[Pd+2](<-[Br-])(<-[Br-])<-P(CC)(CC)N/C(C)=C\C(C)=O,C18 H36 Br2 N2 O2 P2 Pd1,0.0,CCP(CC)(NC(C)=CC(C)=O)->[Pd+2](<-[Br-])(<-[Br-])<-P(CC)(CC)NC(C)=CC(C)=O,CCP(CC)(NC(C)=CC(C)=O)->[Pd+2](<-[Br-])(<-[Br-])<-P(CC)(CC)NC(C)=CC(C)=O,CCP(CC)(NC(C)=CC(C)=O)->[Pd+2](<-[Br-])(<-[Br-])<-P(CC)(CC)NC(C)=CC(C)=O
XAVCII,,C41 H22 Br4 F5 Mn1 N4 O2,0.0,CCOC(C)=O->[Mn+3]123<-n4c5c(-c6c(F)c(F)c(F)c(F)c6F)c6ccc(c(-c7c(Br)cccc7Br)c7ccc(c8ccc(c(-c9c(Br)cccc9Br)c4C=C5)[n-]->18)[n-]->27)[n-]->36,CCOC(C)=O->[Mn+3]123<-n4c5c(-c6c(Br)cccc6Br)c6ccc(c(-c7c(F)c(F)c(F)c(F)c7F)c7ccc(c(-c8c(Br)cccc8Br)c8ccc(c4C=C5)[n-]->18)[n-]->27)[n-]->36,CCOC(C)=O->[Mn+3]123<-n4c5c(-c6c(Br)cccc6Br)c6ccc(c(-c7c(F)c(F)c(F)c(F)c7F)c7ccc(c(-c8c(Br)cccc8Br)c8ccc(c4C=C5)[n-]->18)[n-]->27)[n-]->36
XAWBOM,,C21 H24 N5 Pt1 1+,1.0,CC(C)(C)N[C](NN)->[Pt+2]12<-[c-]3ccccc3-c3cccc(-c4ccccn->14)n->23,CC(C)(C)N[C](NN)->[Pt+2]12<-[c-]3ccccc3-c3cccc(-c4ccccn->14)n->23,CC(C)(C)N[C](NN)->[Pt+2]12<-[c-]3ccccc3-c3cccc(-c4ccccn->14)n->23
XAWSIX,,C28 H35 B1 N7 Nb1 O1,0.0,CCC1#N->[Nb+]<-1234(<-[C-]#[O+])(<-C(C)#C->2c1ccccc1)<-[n-]1c(C)cc(C)[n+]1[BH-]([n+]1c(C)cc(C)[n-]->31)[n+]1c(C)cc(C)[n-]->41,CCC1#N->[Nb+]<-1234(<-[C-]#[O+])(<-C(C)#C->2c1ccccc1)<-n1c(C)cc(C)n1[BH-](n1c(C)cc(C)n->31)n1c(C)cc(C)n->41,CCC1#N->[Nb+3]<-1234(<-[C-](=O)C(C)=[C-]->2c1ccccc1)<-n1c(C)cc(C)n1[BH-](n1c(C)cc(C)n->31)n1c(C)cc(C)n->41
XAXKUD,,C14 H24 F2 Ir1 P1,0.0,Cc12->[Ir+3]345(<-[C-2](F)F)(<-c1(C)c->3(C)[c-]->4(C)c->52C)<-P(C)(C)C,Cc12->[Ir+]345(<-[C](F)F)(<-c1(C)c->3(C)[c-]->4(C)c->52C)<-P(C)(C)C,Cc12->[Ir+]345(<-[C](F)F)(<-c1(C)c->3(C)[c-]->4(C)c->52C)<-P(C)(C)C
XAYCUW,,C17 H20 N1 Pt1 S3 1+,1.0,c1cc[c-]2->[Pt+2]3(<-n4ccccc4-c2c1)<-S1CCSCCS->3CC1,c1cc[c-]2->[Pt+2]3(<-n4ccccc4-c2c1)<-S1CCSCCS->3CC1,c1cc[c-]2->[Pt+2]3(<-n4ccccc4-c2c1)<-S1CCSCCS->3CC1
XEBGUJ,Cc1cccc(C)c1[N+]#[C-]->[Ru+2](<-[Cl-])(<-[Cl-])(<-[C-]#[N+]c1c(C)cccc1C)(<-[C-]#[N+]c1c(C)cccc1C)<-[C-]#[N+]c1c(C)cccc1C,C36 H36 Cl2 N4 Ru1,0.0,Cc1cccc(C)c1[N+]#[C-]->[Ru+2](<-[Cl-])(<-[Cl-])(<-[C-]#[N+]c1c(C)cccc1C)(<-[C-]#[N+]c1c(C)cccc1C)<-[C-]#[N+]c1c(C)cccc1C,Cc1cccc(C)c1[N+]#[C-]->[Ru+2](<-[Cl-])(<-[Cl-])(<-[C-]#[N+]c1c(C)cccc1C)(<-[C-]#[N+]c1c(C)cccc1C)<-[C-]#[N+]c1c(C)cccc1C,Cc1cccc(C)c1[N+]#[C-]->[Ru+2](<-[Cl-])(<-[Cl-])(<-[C-]#[N+]c1c(C)cccc1C)(<-[C-]#[N+]c1c(C)cccc1C)<-[C-]#[N+]c1c(C)cccc1C
XEBZEK,C1#CCCN23->[Ag+]<-S(CCCCSCC2)CCN(CC1)CCC#CCC3,C20 H32 Ag1 N2 S2 1+,1.0,C1#CCCN23->[Ag+]4<-S(CCCCSCCN->4(CC1)CCC#CCC2)CC3,C1#CCCN23->[Ag+]4<-S(CCCCSCCN->4(CC1)CCC#CCC2)CC3,C1CCS2->[Ag+]34567<-C8#C->3CCN->4(CCC->5#C->6CCN->7(CCSC1)CC8)CC2
XECSIH,,C29 H41 N5 Ti1,0.0,CN1=c2cccccc2[N-]2C3CCCCC3N3=c4cccccc4[N-](C)->[Ti+2]<-1<-3<-24<-N(C(C)(C)C)=C->4(C)C,CN1=c2cccccc2[N-]2C3CCCCC3N3=c4cccccc4[N-](C)->[Ti+2]<-1<-3<-24<-N(C(C)(C)C)=C->4(C)C,CN1=c2cccccc2[N-]2C3CCCCC3N3=c4cccccc4[N-](C)->[Ti+2]<-1<-3<-24<-N(C(C)(C)C)=C->4(C)C
XECXUA,COC(=O)COc1cccc2cccn(->[Hg+2](<-[Br-])<-[Br-])c12,C12 H11 Br2 Hg1 N1 O3,0.0,COC1CO2c3cccc4cccn(->[Hg+2]<-2(<-[Br-])(<-[Br-])<-O=1)c34,COC(=O)COc1cccc2cccn(->[Hg+2](<-[Br-])<-[Br-])c12,COC(=O)COc1cccc2cccnc12.[Br-]->[Hg+2]<-[Br-]
XEDNAY,O=N1/N=C(\[NH-]->[Ni+2]<-12<-[NH-]/C(=N\N->2=O)N1CCCC1)N1CCCC1,C10 H18 N8 Ni1 O2,0.0,[O]N1=NC(=N->[Ni]<-12<-N=C(N=N->2[O])N1CCCC1)N1CCCC1,O=N1N=C([NH-]->[Ni+2]<-12<-[NH-]C(=NN->2=O)N1CCCC1)N1CCCC1,O=N1N=C([NH-]->[Ni+2]<-12<-[NH-]C(=NN->2=O)N1CCCC1)N1CCCC1
XEFJAT,c1ccc(C2=C(/c3ccccn3)[N-]3/N=C(\[S-]->[Pd@SP3+2]<-34<-S=C(/N=N->4/2)N2CCCCCC2)N2CCCCCC2)nc1,C26 H32 N8 Pd1 S2,0.0,c1ccc(C2C(c3ccccn3)=N3N=C([S-]->[Pd+2]<-34<-[S-]C(=NN->4=2)N2CCCCCC2)N2CCCCCC2)nc1,c1ccc(C2=C(c3ccccn3)[N-]3N=C([S-]->[Pd+2]<-34<-S=C(N=N->42)N2CCCCCC2)N2CCCCCC2)nc1,c1ccc(C2=C(c3ccccn3)[N-]3N=C([S-]->[Pd+2]<-34<-S=C(N=N->42)N2CCCCCC2)N2CCCCCC2)nc1
XEFWUB,CC(C)c1cccc(C(C)C)c1/N1=C/c2ccc3ccc4cccn5->[Fe@TB6+2]<-1(<-[Cl-])(<-[Cl-])<-n2c3c45,C25 H25 Cl2 Fe1 N3,0.0,CC(C)c1cccc(C(C)C)c1N1=Cc2ccc3ccc4cccn5->[Fe+2]<-1(<-[Cl-])(<-[Cl-])<-n2c3c45,CC(C)c1cccc(C(C)C)c1N1=Cc2ccc3ccc4cccn5->[Fe+2]<-1(<-[Cl-])(<-[Cl-])<-n2c3c45,CC(C)c1cccc(C(C)C)c1[N-]1C=C2C=Cc3ccc4cccn5->[Fe+4]<-1(<-[Cl-])(<-[Cl-])<-[N-]2c3c45
XEHGUN,,C44 H36 N4 Ni1,0.0,C1=CC2CCC1C1=C2c2cc3c4c(c5cc6n7->[Ni+2]8(<-n2c1cc1c2c(c(cc7C7=C6C6C=CC7CC6)[n-]->81)C1C=CC2CC1)<-[n-]35)C1C=CC4CC1,C1=CC2CCC1C1=C2C2=N3->[Ni]45<-N6=C(C=C7C8=C(C(=N->47)C=C4C7=C(C(=N->54)C=C13)C1C=CC7CC1)C1C=CC8CC1)C1=C(C6=C2)C2C=CC1CC2,C1=CC2CCC1C1=C2C2=N3->[Ni]45<-N6=C(C=C7C8=C(C(=N->47)C=C4C7=C(C(=N->54)C=C13)C1C=CC7CC1)C1C=CC8CC1)C1=C(C6=C2)C2C=CC1CC2
XEJBIX,CN1(C)c2cccc3ccc[c-](->[Pd@+2]<-14<-O=P(NP->4(c1ccccc1)c1ccccc1)(c1ccccc1)c1ccccc1)c23,C36 H33 N2 O1 P2 Pd1 1+,1.0,CN1(C)c2cccc3ccc[c-](->[Pd+2]<-14<-O=P(NP->4(c1ccccc1)c1ccccc1)(c1ccccc1)c1ccccc1)c23,CN1(C)c2cccc3ccc[c-](->[Pd+2]<-14<-O=P(NP->4(c1ccccc1)c1ccccc1)(c1ccccc1)c1ccccc1)c23,CN1(C)c2cccc3ccc[c-](->[Pd+2]<-14<-O=P(NP->4(c1ccccc1)c1ccccc1)(c1ccccc1)c1ccccc1)c23
XEKBAS,CP(C)(C)->[Ni+2]1(<-[S-][C]->1[S-])(<-P(C)(C)C)<-P(C)(C)C,C10 H27 Ni1 P3 S2,0.0,CP(C)(C)->[Ni+2]1(<-[S-][C-]->1=S)(<-P(C)(C)C)<-P(C)(C)C,CP(C)(C)->[Ni](<-C(=S)=S)(<-P(C)(C)C)<-P(C)(C)C,CP(C)(C)->[Ni](<-C(=S)=S)(<-P(C)(C)C)<-P(C)(C)C
XEKHUS,O=[N+]([O-])[O-]->[Cd+2]12(<-[O-][N+](=O)[O-])(<-n3cc(-c4cccs4)cc4ccc5cc(-c6cccs6)cn->1c5c43)<-n1cc(-c3cccs3)cc3ccc4cc(-c5cccs5)cn->2c4c31,C40 H24 Cd1 N6 O6 S4,0.0,O=[N+]([O-])[O-]->[Cd+2]12(<-[O-][N+](=O)[O-])(<-n3cc(-c4cccs4)cc4ccc5cc(-c6cccs6)cn->1c5c43)<-n1cc(-c3cccs3)cc3ccc4cc(-c5cccs5)cn->2c4c31,O=[N+]([O-])[O-]->[Cd+2]12(<-[O-][N+](=O)[O-])(<-n3cc(-c4cccs4)cc4ccc5cc(-c6cccs6)cn->1c5c43)<-n1cc(-c3cccs3)cc3ccc4cc(-c5cccs5)cn->2c4c31,O=[N+]12[O-]->[Cd+2]<-13456(<-[O-]2)(<-[O-][N+]->3(=O)[O-]->4)(<-n1cc(-c2cccs2)cc2ccc3cc(-c4cccs4)cn->5c3c21)<-n1cc(-c2cccs2)cc2ccc3cc(-c4cccs4)cn->6c3c21
XELHUR,C1CC2[S-]->[Au+3]3(<-[S-]C4=C([S-]->3)SCC4)<-[S-]C=2S1,C8 H8 Au1 S6 1-,-1.0,C1CC2[S-]->[Au+3]3(<-[S-]C4=C([S-]->3)SCC4)<-[S-]C=2S1,C1CC2=S->[Au-]3(<-S=C4CCSC4=S->3)<-S=C2S1,C1CC2=S->[Au-]3(<-S=C4CCSC4=S->3)<-S=C2S1
XELREL,CC(C)c1cccc(C(C)C)c1/N1=C2/c34->[Fe+2]<-2<-15(<-[Cl-])(<-[Cl-])<-n3c([C@H](C)N->5c1c(C(C)C)cccc1C(C)C)ccc4,C32 H43 Cl2 Fe1 N3,0.0,CC(C)c1cccc(C(C)C)c1N1=Cc2cccc3C(C)N(c4c(C(C)C)cccc4C(C)C)->[Fe+2]<-1(<-[Cl-])(<-[Cl-])<-n23,CC(C)c1cccc(C(C)C)c1N1=Cc2cccc3C(C)N(c4c(C(C)C)cccc4C(C)C)->[Fe+2]<-1(<-[Cl-])(<-[Cl-])<-n23,CC(C)c1cccc(C(C)C)c1N1=Cc2cccc3C(C)N(c4c(C(C)C)cccc4C(C)C)->[Fe+2]<-1(<-[Cl-])(<-[Cl-])<-n23
XEMYAR,CC1(C)CC(O)(C2#C->[Cu+]<-2(<-[Cl-])<-[Cl-])CC(C)(C)[NH2+]1,C11 H20 Cl2 Cu1 N1 O1,0.0,CC1(C)CC(O)(C2#C->[Cu+]<-2(<-[Cl-])<-[Cl-])CC(C)(C)[NH2+]1,CC1(C)CC(O)(C2#C->[Cu+]<-2(<-[Cl-])<-[Cl-])CC(C)(C)[NH2+]1,CC1(C)CC(O)(C2#C->[Cu+]<-2(<-[Cl-])<-[Cl-])CC(C)(C)[NH2+]1
XENVEU,C/C1=N(\NC(=O)OCc2ccccc2)->[Fe+2]2345(<-[N-]=C=S)(<-[N-]=C=S)<-O=C(N/N->2=C(\C)c->32cccc->41n->52)OCc1ccccc1,C27 H25 Fe1 N7 O4 S2,0.0,CC1c2cccc3C(C)=N4NC(OCc5ccccc5)=O->[Fe+2]<-45(<-[N-]=C=S)(<-[N-]=C=S)(<-O=C(NN->5=1)OCc1ccccc1)<-n23,CC1c2cccc3C(C)=N4NC(OCc5ccccc5)=O->[Fe+2]<-45(<-[N-]=C=S)(<-[N-]=C=S)(<-O=C(NN->5=1)OCc1ccccc1)<-n23,CC1c2cccc3C(C)=N(NC(=O)OCc4ccccc4)->[Fe+2](<-[N-]=C=S)(<-[N-]=C=S)(<-N=1NC(=O)OCc1ccccc1)<-n23
XEPZOI,O[C+]1[C+]2[CH+][CH+][C-]3[C-]([C-]4[CH+][CH-][CH-][CH+][CH-]4)[C+]4[CH+][CH+][C-]5[C-]([C+]6[CH+][CH-][CH+][CH+][CH-]6)[C-]6[CH+][CH+][C+]7[C-](c8ccccc8)[C-]8[CH+][CH-][C-]1[N-]8->[Ni@SP3+2](<-[N-]23)(<-[N-]76)<-[N-]45,C38 H24 N4 Ni1 O1,0.0,Oc1c2n3->[Ni+2]45<-n6c(c(-c7ccccc7)c7ccc1[n-]->47)C=Cc6c(-c1ccccc1)c1ccc(c(-c4ccccc4)c3C=C2)[n-]->51,Oc1c2n3->[Ni+2]45<-n6c(c(-c7ccccc7)c7ccc1[n-]->47)C=Cc6c(-c1ccccc1)c1ccc(c(-c4ccccc4)c3C=C2)[n-]->51,Oc1c2n3->[Ni+2]45<-n6c(c(-c7ccccc7)c7ccc1[n-]->47)C=Cc6c(-c1ccccc1)c1ccc(c(-c4ccccc4)c3C=C2)[n-]->51
XEQSIV,Cc12->[Ta+5]3456(<-[Cl-])(<-[Cl-])(<-[CH-]([CH+][CH-][N-]->3c3ccccc3)c3ccccc3)<-c1(C)c->4(C)[c-]->5(C)c->62C,C25 H28 Cl2 N1 Ta1,0.0,fail,Cc12->[Ta+3]345678(<-[Cl-])(<-[Cl-])(<-C(c9ccccc9)=C->3C->4=N->5c3ccccc3)<-c1(C)c->6(C)[c-]->7(C)c->82C,Cc1c(C)c(C)[c-](C)(->[Ta+3]2(<-[Cl-])(<-[Cl-])<-C(=CC=N->2c2ccccc2)c2ccccc2)c1C
XERDON,,C24 H19 O2 Re1,0.0,Cc1ccc(C#C[C-2](c2ccc(C)cc2)->[Re+3]2345(<-[C-]#[O+])(<-[C-]#[O+])<-c6c->2c->3[cH-]->4c->56)cc1,Cc1ccc([C-](=C=C=C2C=C[C-](C)C=C2)->[Re+3]2345(<-[C-]#[O+])(<-[C-]#[O+])<-c6c->2c->3[cH-]->4c->56)cc1,Cc1ccc([C-](=C=C=C2C=C[C-](C)C=C2)->[Re+3]2345(<-[C-]#[O+])(<-[C-]#[O+])<-c6c->2c->3[cH-]->4c->56)cc1
XERXEX,CC(C)P1(CCP(C(C)C)(C(C)C)->[Pd]<-123<-C(/c1ccccc1)=C->2\C->3(=O)/C=C/c1ccccc1)C(C)C,C31 H46 O1 P2 Pd1,0.0,CC(C)P1(CCP(C(C)C)(C(C)C)->[Pd]<-12<-C(C(=O)C=Cc1ccccc1)=C->2c1ccccc1)C(C)C,CC(C)P1(CCP(C(C)C)(C(C)C)->[Pd]<-12<-C(C(=O)C=Cc1ccccc1)=C->2c1ccccc1)C(C)C,CC(C)P1(CCP(C(C)C)(C(C)C)->[Pd]<-123<-C(c1ccccc1)=C->2C->3(=O)C=Cc1ccccc1)C(C)C
XESYAW,COC1=CC=C/C2=C/[O-]->[Co+3](<-[CH3-])(<-[CH3-])(<-O=C12)(<-P(C)(C)C)<-P(C)(C)C,C16 H31 Co1 O3 P2,0.0,COc1cccc2C=O->[Co+3](<-[CH3-])(<-[CH3-])(<-[O-]c21)(<-P(C)(C)C)<-P(C)(C)C,COC1=CC=CC2=C[O-]->[Co+3](<-[CH3-])(<-[CH3-])(<-O=C21)(<-P(C)(C)C)<-P(C)(C)C,COC1=CC=CC2=C[O-]->[Co+3](<-[CH3-])(<-[CH3-])(<-O=C21)(<-P(C)(C)C)<-P(C)(C)C
XETQEU,CB12->[Cr]3456(<-[C-]#[O+])(<-[C-]#[O+])(<-[C-]#[O+])<-B(C)(N->31C)N->4(C)B->5(C)N->62C,C9 H18 B3 Cr1 N3 O3,0.0,CB12->[Cr]3456(<-[C-]#[O+])(<-[C-]#[O+])(<-[C-]#[O+])<-B(C)(N->31C)N->4(C)B->5(C)N->62C,CB12->[Cr]3456(<-[C-]#[O+])(<-[C-]#[O+])(<-[C-]#[O+])<-B(C)(N->31C)N->4(C)B->5(C)N->62C,CB12->[Cr]3456(<-[C-]#[O+])(<-[C-]#[O+])(<-[C-]#[O+])<-B(C)(N->31C)N->4(C)B->5(C)N->62C
XEVNAO,C=CC[Si](C)(C)c12->[Hf+4]3456789%10(<-[Cl-])(<-c%11c->3c->4[cH-]->5c->6%11)<-c1c->7[c-]->8([Si](C)(C)[N-]->9C(C)(C)C)c->%102,C21 H34 Cl1 Hf1 N1 Si2,0.0,C=CC[Si](C)(C)c12->[Hf+4]3456789%10(<-[Cl-])(<-c%11c->3c->4[cH-]->5c->6%11)<-c1[cH-]->7c->8([Si](C)(C)[N-]->9C(C)(C)C)c->%102,C=CC[Si](C)(C)c12->[Hf+4]3456789%10(<-[Cl-])(<-c%11c->3c->4[cH-]->5c->6%11)<-c1c->7[c-]->8([Si](C)(C)[N-]->9C(C)(C)C)c->%102,C=CC[Si](C)(C)c1cc[c-]23[Si](C)(C)[N-](C(C)(C)C)->[Hf+4]<-24567(<-[Cl-])(<-c2c->4c->5[cH-]->6c->72)<-c13
XEWQIB,CC1=O->[Co+3]234(<-[O-]1)<-[O-]c1c(C)cc(C)cc1/C(C)=N->2/[C@H]1CCCC[C@@H]1/N->3=C(\C)c1cc(C)cc(C)c1[O-]->4,C28 H35 Co1 N2 O4,0.0,fail,CC1c2cc(C)cc(C)c2[O-]->[Co+3]2345(<-O=C->2(C)[O-]->3)<-[O-]c2c(C)cc(C)cc2C(C)=N->4C2CCCCC2N->5=1,CC1c2cc(C)cc(C)c2[O-]->[Co+3]2345(<-O=C->2(C)[O-]->3)<-[O-]c2c(C)cc(C)cc2C(C)=N->4C2CCCCC2N->5=1
XEXMOE,,C30 H22 N2 Pt1,0.0,Cc1cccc(C)c1[N+]#[C-]->[Pt+2]1(<-[C-]#Cc2ccccc2)<-[c-]2cccc3ccc4cccn->1c4c32,Cc1cccc(C)c1[N+]#[C-]->[Pt+2]1(<-[C-]#Cc2ccccc2)<-[c-]2cccc3ccc4cccn->1c4c32,Cc1cccc(C)c1[N+]#[C-]->[Pt+2]1(<-[C-]#Cc2ccccc2)<-[c-]2cccc3ccc4cccn->1c4c32
XEYNIA,F[C-](F)(F)->[Pt+2]1(<-S=c2cccc[n-]->12)<-[C-](F)(F)F,C7 H4 F6 N1 Pt1 S1 1-,-1.0,F[C-](F)(F)->[Pt+2]1(<-[S-]c2ccccn->12)<-[C-](F)(F)F,F[C-](F)(F)->[Pt+2]1(<-S=c2cccc[n-]->12)<-[C-](F)(F)F,F[C-](F)(F)->[Pt+2]1(<-S=c2cccc[n-]->12)<-[C-](F)(F)F
XEZTII,,C4 H14 N8 O8 Zn1,0.0,CN1N->[Zn+2]2(<-NN(C)C(N)=O->2)(<-O=C1N)(<-[O-][N+](=O)[O-])<-[O-][N+](=O)[O-],CN1N->[Zn+2]2(<-[O-][N+](=O)[O-])(<-NN(C)C(N)=O->2)<-O=C1N.O=[N+]([O-])[O-],CN1N->[Zn+2]234(<-NN(C)C(N)=O->2)(<-O=C1N)<-[O-][N+]->3(=O)[O-]->4.O=[N+]([O-])[O-]
XIBQAA,CC[N-](CC)->[Zr+4]123456789(<-c%10c->1c->21[c-]->3(c->4%10)[Si](C)(C)[c-]->52c->6c->7c->8c->92[Si]1(C)C)<-[N-](CC)CC,C22 H38 N2 Si2 Zr1,0.0,CC[N-](CC)->[Zr+4]123456789(<-c%10c->1c->21c->3([cH-]->4%10)[Si](C)(C)c->52c->6[cH-]->7c->8c->92[Si]1(C)C)<-[N-](CC)CC,CC[N-](CC)->[Zr+4]123456789(<-c%10c->1c->21[c-]->3(c->4%10)[Si](C)(C)c->52c->6c->7c->8[c-]->92[Si]1(C)C)<-[N-](CC)CC,CC[N-](CC)->[Zr+4]123456(<-c7c->1c->21[c-]->3(c->47)[Si](C)(C)c->52ccc[c-]->62[Si]1(C)C)<-[N-](CC)CC
XIDHEX,,C23 H47 Cl3 Hf1 P2 Si2,0.0,CC(C)P1(C[Si](C)(C)c23->[Hf+4]<-14567(<-[Cl-])(<-[Cl-])(<-[Cl-])<-c2[cH-]->4c->5([Si](C)(C)CP->6(C(C)C)C(C)C)c->73)C(C)C,CC(C)P1(C[Si](C)(C)c23->[Hf+4]<-14567(<-[Cl-])(<-[Cl-])(<-[Cl-])<-c2c->4[c-]->5([Si](C)(C)CP->6(C(C)C)C(C)C)c->73)C(C)C,CC(C)P1(C[Si](C)(C)c23->[Hf+4]<-14567(<-[Cl-])(<-[Cl-])(<-[Cl-])<-c2c->4[c-]->5([Si](C)(C)CP->6(C(C)C)C(C)C)c->73)C(C)C
XIDXIS,CN(C)/C=C/C=C/C=C1CCO[C-]1->[Cr+2](<-[C-]#[O+])(<-[C-]#[O+])(<-[C-]#[O+])(<-[C-]#[O+])<-[C-]#[O+],C16 H15 Cr1 N1 O6,0.0,CN(C)C=CC=CC=C1CCO[C-2]1->[Cr+2](<-[C-]#[O+])(<-[C-]#[O+])(<-[C-]#[O+])(<-[C-]#[O+])<-[C-]#[O+],CN(C)C=CC=CC=C1CCO[C]1->[Cr](<-[C-]#[O+])(<-[C-]#[O+])(<-[C-]#[O+])(<-[C-]#[O+])<-[C-]#[O+],CN(C)C=CC=CC=C1CCO[C]1->[Cr](<-[C-]#[O+])(<-[C-]#[O+])(<-[C-]#[O+])(<-[C-]#[O+])<-[C-]#[O+]
XIFREM,C[Si](C)(C)C#CC1=N2->[Fe+2]3456<-N(=C/1)\O[B@-]1(F)O/N->3=C(c3ccccc3)/C(c3ccccc3)=N->4/O[B@@-](F)(O/N->5=C(c3ccccc3)/C(c3ccccc3)=N->6/O1)O\2,C35 H30 B2 F2 Fe1 N6 O6 Si1,0.0,C[Si](C)(C)C#CC1=N2->[Fe+2]3456<-N(=C1)O[B-]1(F)ON->3=C(c3ccccc3)C(c3ccccc3)=N->4O[B-](F)(O2)ON->5=C(c2ccccc2)C(c2ccccc2)=N->6O1,C[Si](C)(C)C#CC1=C[N-]2->[Fe+4]3456<-N7=C(c8ccccc8)C(c8ccccc8)=N->3O[B-](F)(ON->4=C(c3ccccc3)C(c3ccccc3)=N->5O[B-](F)(O7)O2)O[N-]->61,C[Si](C)(C)C#CC1=C[N-]2->[Fe+4]3456<-N7=C(c8ccccc8)C(c8ccccc8)=N->3O[B-](F)(ON->4=C(c3ccccc3)C(c3ccccc3)=N->5O[B-](F)(O7)O2)O[N-]->61
XIGHIE,CC(C)P1(CCN(C)(C)->[Pt+2]<-12<-[C-](/c1ccccc1)=[C-]->2/c1ccccc1)C(C)C,C24 H34 N1 P1 Pt1,0.0,CC(C)P1(CCN(C)(C)->[Pt]<-12<-C(c1ccccc1)#C->2c1ccccc1)C(C)C,CC(C)P1(CCN(C)(C)->[Pt]<-12<-C(c1ccccc1)#C->2c1ccccc1)C(C)C,CC(C)P1(CCN(C)(C)->[Pt]<-12<-C(c1ccccc1)#C->2c1ccccc1)C(C)C
XIJDAW,,C19 H36 Nb1 O3 P1 Si2,0.0,COP(OC)(OC)->[NbH+2]12345678(<-c9c->1c->2([Si](C)(C)C)c->3[cH-]->49)<-c1c->5c->6([Si](C)(C)C)c->7[cH-]->81,COP(OC)(OC)->[NbH+2]12345678(<-c9c->1c->2[c-]->3([Si](C)(C)C)c->49)<-c1c->5c->6[c-]->7([Si](C)(C)C)c->81,COP(OC)(OC)->[NbH+2]12345678(<-c9c->1c->2[c-]->3([Si](C)(C)C)c->49)<-c1c->5c->6[c-]->7([Si](C)(C)C)c->81
XIKNOV,CC(C)(C)P1(CCP(C(C)(C)C)(C(C)(C)C)->[Pt]<-12<-C(c1c(F)c(F)c(F)c(F)c1F)#C->2c1c(F)c(F)c(F)c(F)c1F)C(C)(C)C,C32 H40 F10 P2 Pt1,0.0,CC(C)(C)P1(CCP(C(C)(C)C)(C(C)(C)C)->[Pt]<-12<-C(c1c(F)c(F)c(F)c(F)c1F)#C->2c1c(F)c(F)c(F)c(F)c1F)C(C)(C)C,CC(C)(C)P1(CCP(C(C)(C)C)(C(C)(C)C)->[Pt]<-12<-C(c1c(F)c(F)c(F)c(F)c1F)#C->2c1c(F)c(F)c(F)c(F)c1F)C(C)(C)C,CC(C)(C)P1(CCP(C(C)(C)C)(C(C)(C)C)->[Pt]<-12<-C(c1c(F)c(F)c(F)c(F)c1F)#C->2c1c(F)c(F)c(F)c(F)c1F)C(C)(C)C
XILFAA,Cc1ccc([S-]->[Zn+2]23<-n4c(-c5ccccc5)cc(C)n4[BH-](n4c(C)cc(-c5ccccc5)n->24)n2c(C)cc(-c4ccccc4)n->32)cc1,C37 H35 B1 N6 S1 Zn1,0.0,Cc1ccc([S-]->[Zn+2]23<-[n-]4c(-c5ccccc5)cc(C)[n+]4[BH-]([n+]4c(C)cc(-c5ccccc5)[n-]->24)[n+]2c(C)cc(-c4ccccc4)[n-]->32)cc1,Cc1ccc([S-]->[Zn+2]23<-n4c(-c5ccccc5)cc(C)n4[BH-](n4c(C)cc(-c5ccccc5)n->24)n2c(C)cc(-c4ccccc4)n->32)cc1,Cc1ccc([S-]->[Zn+2]23<-n4c(-c5ccccc5)cc(C)n4[BH-](n4c(C)cc(-c5ccccc5)n->24)n2c(C)cc(-c4ccccc4)n->32)cc1
XILQAM,CC1=O->[Rh+3]2345(<-[Cl-])(<-[C-](=N\c6ccccc6)/C1=P(c1ccccc1)(c1ccccc1)c1ccccc1)<-c1(C)c->2(C)c->3(C)[c-]->4(C)c->51C,C38 H38 Cl1 N1 O1 P1 Rh1,0.0,CC1[O-]->[Rh+3]2345(<-[Cl-])(<-[C-](=Nc6ccccc6)C=1[P+](c1ccccc1)(c1ccccc1)c1ccccc1)<-c1(C)c->2(C)c->3(C)[c-]->4(C)c->51C,CC1=O->[Rh+3]2345(<-[Cl-])(<-[C-](=Nc6ccccc6)C1=P(c1ccccc1)(c1ccccc1)c1ccccc1)<-c1(C)c->2(C)c->3(C)[c-]->4(C)c->51C,CC1=O->[Rh+3]2345(<-[Cl-])(<-[C-]6=C1P(c1ccccc1)(c1ccccc1)(c1ccccc1)N6c1ccccc1)<-c1(C)c->2(C)c->3(C)[c-]->4(C)c->51C
XINNOA,,C17 H17 N1 O3 Pd1 S1,0.0,CC(=O)[O-]->[Pd+2]12<-[c-]3cccc(C)c3C=N->1c1ccccc1S->2(C)=O,CC(=O)[O-]->[Pd+2]12<-[c-]3cccc(C)c3C=N->1c1ccccc1S->2(C)=O,CC1=O->[Pd+2]23(<-[O-]1)<-[c-]1cccc(C)c1C=N->2c1ccccc1S->3(C)=O
XIPLOZ,[O+]#[C-]->[Cr](<-[C-]#[O+])(<-[C-]#[O+])(<-[C-]#[O+])(<-[C-]#[O+])<-[Se]([Se]c1ccccc1)c1ccccc1,C17 H10 Cr1 O5 Se2,0.0,[O+]#[C-]->[Cr](<-[C-]#[O+])(<-[C-]#[O+])(<-[C-]#[O+])(<-[C-]#[O+])<-[Se]([Se]c1ccccc1)c1ccccc1,[O+]#[C-]->[Cr+2](<-[C-]#[O+])(<-[C-]#[O+])(<-[C-]#[O+])(<-[C-]#[O+])<-[Se-]c1ccccc1.[Se]=c1cccc[cH-]1,[O+]#[C-]->[Cr](<-[C-]#[O+])(<-[C-]#[O+])(<-[C-]#[O+])<-[C-]#[O+].c1ccc([Se][Se]c2ccccc2)cc1
XIQMAL,CC1=[SH+]=C(P(c2ccccc2)(c2ccccc2)->[W](<-[C-]#[O+])(<-[C-]#[O+])(<-[C-]#[O+])(<-[C-]#[O+])<-[C-]#[O+])[S+]=C1,C21 H14 O5 P1 S2 W1 1+,1.0,Cc1cs[c+](P(c2ccccc2)(c2ccccc2)->[W](<-[C-]#[O+])(<-[C-]#[O+])(<-[C-]#[O+])(<-[C-]#[O+])<-[C-]#[O+])s1,CC1=CS[C-](P(c2ccccc2)(c2ccccc2)->[W+2](<-[C-]#[O+])(<-[C-]#[O+])(<-[C-]#[O+])(<-[C-]#[O+])<-[C-]#[O+])S1,CC1=CS[C-](P(c2ccccc2)(c2ccccc2)->[W+2](<-[C-]#[O+])(<-[C-]#[O+])(<-[C-]#[O+])(<-[C-]#[O+])<-[C-]#[O+])S1
XIRDAE,,C26 H22 Cd1 Cl2 N2 O8,0.0,fail,O->[Cd+2]12(<-O)(<-O=C([O-]->1)c1ccc(OCc3ccc(Cl)nc3)cc1)<-O=C([O-]->2)c1ccc(OCc2ccc(Cl)nc2)cc1,O->[Cd+2]1234(<-O)(<-O=C->1([O-]->2)c1ccc(OCc2ccc(Cl)nc2)cc1)<-O=C->3([O-]->4)c1ccc(OCc2ccc(Cl)nc2)cc1
XIRHEN,,C17 H15 Cr1 N1 O6 S1,0.0,CCO[C-2]1c2sc3ccn(C)c3c2[C-2](OCC)->[Cr+4]<-1(<-[C-]#[O+])(<-[C-]#[O+])(<-[C-]#[O+])<-[C-]#[O+],CCO[C-]1=c2sc3ccn(C)c3c2=[C-](OCC)->[Cr+2]<-1(<-[C-]#[O+])(<-[C-]#[O+])(<-[C-]#[O+])<-[C-]#[O+],CCO[C-]1=c2sc3ccn(C)c3c2=[C-](OCC)->[Cr+2]<-1(<-[C-]#[O+])(<-[C-]#[O+])(<-[C-]#[O+])<-[C-]#[O+]
XIRZIH,,C23 H19 N1 O6 W1,0.0,CCOC(=Cc1cc[n+](C)cc1)[C-](=Cc1ccccc1)->[W](<-[C-]#[O+])(<-[C-]#[O+])(<-[C-]#[O+])(<-[C-]#[O+])<-[C-]#[O+],CCOC(C=C1C=CN(C)C=C1)=C(=Cc1ccccc1)->[W](<-[C-]#[O+])(<-[C-]#[O+])(<-[C-]#[O+])(<-[C-]#[O+])<-[C-]#[O+],CCOC(C=C1C=CN(C)C=C1)=C(=Cc1ccccc1)->[W](<-[C-]#[O+])(<-[C-]#[O+])(<-[C-]#[O+])(<-[C-]#[O+])<-[C-]#[O+]
XISJOY,C1CN2CCN3CCN->[Co+3]<-2<-34567(<-N1)(<-O=N->4[O-]->5)<-O=N->6[O-]->7,C6 H18 Co1 N6 O4 1+,1.0,O=[N+](=O)->[Co-]123(<-NCCN->1CCN->2CCN->3)<-[N+](=O)=O,O=N([O-])->[Co+3]123(<-NCCN->1CCN->2CCN->3)<-N(=O)[O-],O=N([O-])->[Co+3]123(<-NCCN->1CCN->2CCN->3)<-N(=O)[O-]
XITYEH,[Cl-]->[Pt+2]123(<-C4=C->1/CC/C->2=C->3\CC\4)<-[CH-]1[C@H]2C[C@@H]3C[C@@H](C[C@H]1C3)C2,C18 H27 Cl1 Pt1,0.0,[Cl-]->[Pt+2]123(<-C4=C->1CCC->2=C->3CC4)<-[CH-]1C2CC3CC(C2)CC1C3,[Cl-]->[Pt+2]123(<-C4=C->1CCC->2=C->3CC4)<-[CH-]1C2CC3CC(C2)CC1C3,[Cl-]->[Pt+2]123(<-C4=C->1CCC->2=C->3CC4)<-[CH-]1C2CC3CC(C2)CC1C3
XIVTEC,CC(C)(C)c1cc2SCCS3c4cc(C(C)(C)C)cc(C(C)(C)C)c4[O-]->[Ti+4]<-3(<-[CH3-])(<-[Cl-])<-[O-]c2c(C(C)(C)C)c1,C31 H47 Cl1 O2 S2 Ti1,0.0,CC(C)(C)c1cc2S3CCS4c5cc(C(C)(C)C)cc(C(C)(C)C)c5[O-]->[Ti+4]<-3<-4(<-[CH3-])(<-[Cl-])<-[O-]c2c(C(C)(C)C)c1,CC(C)(C)c1cc2S3CCS4c5cc(C(C)(C)C)cc(C(C)(C)C)c5[O-]->[Ti+4]<-3<-4(<-[CH3-])(<-[Cl-])<-[O-]c2c(C(C)(C)C)c1,CC(C)(C)c1cc2S3CCS4c5cc(C(C)(C)C)cc(C(C)(C)C)c5[O-]->[Ti+4]<-3<-4(<-[CH3-])(<-[Cl-])<-[O-]c2c(C(C)(C)C)c1
XIWNOH,Cc1ccn2-c3cccc[c-]3->[Ir+3]34(<-[c-]5ccccc5-n5ccc(C)n->35)(<-N3=NN=N/C3=C3\C=CC=C[N-]->43)<-n12,C26 H22 Ir1 N9,0.0,Cc1ccn2-c3cccc[c-]3->[Ir+3]34(<-[c-]5ccccc5-n5ccc(C)n->35)(<-n3ccccc3-c3nnn[n-]->43)<-n12,Cc1ccn2-c3cccc[c-]3->[Ir+3]34(<-[c-]5ccccc5-n5ccc(C)n->35)(<-n3ccccc3-c3nnn[n-]->43)<-n12,Cc1ccn2-c3cccc[c-]3->[Ir+3]34(<-[c-]5ccccc5-n5ccc(C)n->35)(<-n3ccccc3-c3nnn[n-]->43)<-n12
XIWVIJ,,C15 H25 Cl1 N2 Ti1,0.0,CC(C)(C)N1C2=C3N(C(C)(C)C)->[Ti+2]<-2<-3<-14567(<-[Cl-])<-c1c->4c->5[cH-]->6c->71,CC(C)(C)N1=CC=N(C(C)(C)C)->[Ti+2]<-12345(<-[Cl-])<-c1c->2c->3[cH-]->4c->51,CC(C)(C)N1=CC=N(C(C)(C)C)->[Ti+2]<-12345(<-[Cl-])<-c1c->2c->3[cH-]->4c->51
XIXDOX,Cc1cc(C)c([N-]2CCN3(C)CC[N-](c4c(C)cc(C)cc4C)->[Zr+4]<-2<-3(<-[CH3-])<-[CH2-]C(C)(C)C)c(C)c1,C29 H47 N3 Zr1,0.0,Cc1cc(C)c([N-]2CCN3(C)CC[N-](c4c(C)cc(C)cc4C)->[Zr+4]<-2<-3(<-[CH3-])<-[CH2-]C(C)(C)C)c(C)c1,Cc1cc(C)c([N-]2CCN3(C)CC[N-](c4c(C)cc(C)cc4C)->[Zr+4]<-2<-3(<-[CH3-])<-[CH2-]C(C)(C)C)c(C)c1,Cc1cc(C)c([N-]2CCN3(C)CC[N-](c4c(C)cc(C)cc4C)->[Zr+4]<-2<-3(<-[CH3-])<-[CH2-]C(C)(C)C)c(C)c1
XIXNUQ,CC[C+]1[C+](CC)[C-]2[CH-][C+]3[C-](CC)[C+](C)[C+]4[CH+][c-]5[c-]6[cH-][cH-][cH+][cH-][c-]6[c-]6[c-]57[CH2-]->[Rh@OH8+3]<-75(<-[N-]7[C+]([CH+]6)[C+](C)[C-](CC)[C+]7[CH+][C+]1[N-]->52)<-[N-]43,C36 H36 N3 Rh1,0.0,CCC1=C(C)c2cc3c4ccccc4c4cc5n6->[Rh+3]78(<-[CH2-][c-]->734)<-n2c1cc1c(CC)c(CC)c(cc6C(CC)=C5C)[n-]->81,CCc1c(CC)c2[n-]3->[Rh+3]456<-[CH2-][C-]->47[C+](C=c4c(C)c(CC)c([n-]->54)=Cc13)[C+]1[CH-][CH+][CH-][CH+][C+]1[C-]7C=c1c(C)c(CC)c([n-]->61)=C2,CCc1c(CC)c2[n-]3->[Rh+3]456<-[CH2-][C-]->47[C+](C=c4c(C)c(CC)c([n-]->54)=Cc13)[C+]1[CH-][CH+][CH-][CH+][C+]1[C-]7C=c1c(C)c(CC)c([n-]->61)=C2
XIXVOP,CN1(C)CCN(C)(C)->[Hf+4]<-1(<-[Cl-])(<-[Cl-])(<-[Cl-])<-[Si-]([Si](C)(C)C)([Si](C)(C)C)[Si](C)(C)C,C15 H43 Cl3 Hf1 N2 Si4,0.0,CN1(C)CCN(C)(C)->[Hf+4]<-1(<-[Cl-])(<-[Cl-])(<-[Cl-])<-[Si-]([Si](C)(C)C)([Si](C)(C)C)[Si](C)(C)C,CN1(C)CCN(C)(C)->[Hf+4]<-1(<-[Cl-])(<-[Cl-])(<-[Cl-])<-[Si-]([Si](C)(C)C)([Si](C)(C)C)[Si](C)(C)C,CN1(C)CCN(C)(C)->[Hf+4]<-1(<-[Cl-])(<-[Cl-])(<-[Cl-])<-[Si-]([Si](C)(C)C)([Si](C)(C)C)[Si](C)(C)C
XIYCEO,O=[N+]([O-])c1ccc(OCCN(CCOc2ccc([N+](=O)[O-])cc2)(CCOc2ccc([N+](=O)[O-])cc2)->[Hg+2](<-[Cl-])<-[Cl-])cc1,C24 H24 Cl2 Hg1 N4 O9,0.0,O=[N+]([O-])c1ccc(OCCN23CCO(c4ccc([N+](=O)[O-])cc4)->[Hg+2]<-2(<-[Cl-])(<-[Cl-])<-O(CC3)c2ccc([N+](=O)[O-])cc2)cc1,O=[N+]([O-])c1ccc(OCCN(CCOc2ccc([N+](=O)[O-])cc2)CCOc2ccc([N+](=O)[O-])cc2)cc1.[Cl-]->[Hg+2]<-[Cl-],O=[N+]([O-])c1ccc(OCCN(CCOc2ccc([N+](=O)[O-])cc2)CCOc2ccc([N+](=O)[O-])cc2)cc1.[Cl-]->[Hg+2]<-[Cl-]
XIYJEW,CC1/C=C(/C)[O-]->[Pt+2]2(<-O=1)<-[C]1N(C)N=CN1c1cccc[c-]->21,C14 H15 N3 O2 Pt1,0.0,fail,CC1=CC(C)=O->[Pt+2]2(<-[O-]1)<-[C]1N(C)N=CN1c1cccc[c-]->21,CC1=CC(C)=O->[Pt+2]2(<-[O-]1)<-[C]1N(C)N=CN1c1cccc[c-]->21
XIYSIJ,[Cl-]->[Au+3]1(<-[Cl-])<-S2CCSCCS->1CC2,C6 H12 Au1 Cl2 S3 1+,1.0,[Cl-]->[Au+3]1(<-[Cl-])<-S2CCSCCS->1CC2,[Cl-]->[Au+3]1(<-[Cl-])<-S2CCSCCS->1CC2,[Cl-]->[Au+3]12(<-[Cl-])<-S3CCS->1CCS->2CC3
XOBCIC,N#[N+][N-2]->[Cd+2]12(<-[N-2][N+]#N)<-n3ccccc3CN(Cc3ccccn->13)Cc1ccc3ccccc3n->21,C22 H20 Cd1 N10,0.0,[N-]=[N+]=[N-]->[Cd+2]123(<-[N-]=[N+]=[N-])<-n4ccccc4CN->1(Cc1ccccn->21)Cc1ccc2ccccc2n->31,N#[N+][N-2]->[Cd+2]123(<-[N-2][N+]#N)<-n4ccccc4CN->1(Cc1ccccn->21)Cc1ccc2ccccc2n->31,N#[N+][N-2]->[Cd+2]123(<-[N-2][N+]#N)<-n4ccccc4CN->1(Cc1ccccn->21)Cc1ccc2ccccc2n->31
XOCHED,[N-3]->[Re+5](<-[Cl-])(<-[Cl-])(<-P12CN3CN(CN(C3)C1)C2)(<-P12CN3CN(CN(C3)C1)C2)<-P12CN3CN(CN(C3)C1)C2,C18 H36 Cl2 N10 P3 Re1,0.0,[N-3]->[Re+5](<-[Cl-])(<-[Cl-])(<-P12CN3CN(CN(C3)C1)C2)(<-P12CN3CN(CN(C3)C1)C2)<-P12CN3CN(CN(C3)C1)C2,[N-3]->[Re+5](<-[Cl-])(<-[Cl-])(<-P12CN3CN(CN(C3)C1)C2)(<-P12CN3CN(CN(C3)C1)C2)<-P12CN3CN(CN(C3)C1)C2,[N-3]->[Re+5](<-[Cl-])(<-[Cl-])(<-P12CN3CN(CN(C3)C1)C2)(<-P12CN3CN(CN(C3)C1)C2)<-P12CN3CN(CN(C3)C1)C2
XODQUD,Cc1cc(C)c(N2CCN(c3c(C)cc(C)cc3C)[C]2->[Ru+4]2(<-[Cl-])(<-[Cl-])<-[CH-]=C3C=C[CH-]C=C3S->2c2ccccc2)c(C)c1,C34 H36 Cl2 N2 Ru1 S1,0.0,Cc1cc(C)c(N2CCN(c3c(C)cc(C)cc3C)[C]2->[Ru+4]2(<-[Cl-])(<-[Cl-])<-[CH-2]c3ccccc3S->2c2ccccc2)c(C)c1,Cc1cc(C)c(N2CCN(c3c(C)cc(C)cc3C)[C]2->[Ru+2]2(<-[Cl-])(<-[Cl-])<-[CH]c3ccccc3S->2c2ccccc2)c(C)c1,Cc1cc(C)c(N2CCN(c3c(C)cc(C)cc3C)[C]2->[Ru+2]2(<-[Cl-])(<-[Cl-])<-[CH]c3ccccc3S->2c2ccccc2)c(C)c1
XOFHUY,,C18 H18 N4 Ni1 O4 S2,0.0,fail,CC1=O->[Ni+2]2(<-O=C(C)[O-]->2)(<-[O-]1)(<-n1c(N)sc2ccccc21)<-n1c(N)sc2ccccc21,CC(=O)[O-]->[Ni+2]12(<-O=C->1(C)[O-]->2)(<-n1c(N)sc2ccccc21)<-n1c(N)sc2ccccc21
XOJHOW,COC1=CC=CC2=C=N(c3ccc(C)cc3)->[Pd]3(<-O=C21)<-O=C1C(=C=N->3c2ccc(C)cc2)C=CC=C1OC,C30 H28 N2 O4 Pd1,0.0,COc1cccc2C=N(c3ccc(C)cc3)->[Pd+2]3(<-[O-]c21)<-[O-]c1c(C=N->3c2ccc(C)cc2)cccc1OC,COC1=CC=CC2=C=N(c3ccc(C)cc3)->[Pd]3(<-O=C21)<-O=C1C(=C=N->3c2ccc(C)cc2)C=CC=C1OC,COC1=CC=CC2=C=N(c3ccc(C)cc3)->[Pd]3(<-O=C21)<-O=C1C(=C=N->3c2ccc(C)cc2)C=CC=C1OC
XOLCUW,,C24 H45 N7 Ti1,0.0,CC(C)N1=C(N(C)C)[N-](C(C)C)->[Ti+4]<-12(<-[N-2]c1ccccc1)<-N(=C(N(C)C)[N-]->2C(C)C)C(C)C,CC(C)N1=C(N(C)C)[N-](C(C)C)->[Ti+4]<-12(<-[N-2]c1ccccc1)<-N(=C(N(C)C)[N-]->2C(C)C)C(C)C,CC(C)N1=C(N(C)C)[N-](C(C)C)->[Ti+4]<-12(<-[N-2]c1ccccc1)<-N(=C(N(C)C)[N-]->2C(C)C)C(C)C
XOMZAB,,C26 H42 N2 Ni1 P2,0.0,Cc1ccc2[N-]3c4ccc(C)cc4P(C(C)C)(C(C)C)->[Ni+2]<-3(<-[NH2-])<-P(c2c1)(C(C)C)C(C)C,Cc1ccc2[N-]3c4ccc(C)cc4P(C(C)C)(C(C)C)->[Ni+4]<-3(<-[N-3])<-P(c2c1)(C(C)C)C(C)C,Cc1ccc2[N-]3c4ccc(C)cc4P(C(C)C)(C(C)C)->[Ni+4]<-3(<-[N-3])<-P(c2c1)(C(C)C)C(C)C
XOPPUO,,C14 H20 Mo1 Si2,0.0,fail,C[Si]1(C)=C23->[Mo]<-1456789%10%11(<-C(=C->42)C->5=C->63)<-C1=C->7C->8(=[Si]->9(C)C)C->%10=C->%111,C[Si]1(C)=C23->[Mo]<-1456789%10%11(<-C(=C->42)C->5=C->63)<-C1=C->7C->8(=[Si]->9(C)C)C->%10=C->%111
XOQSAZ,,C35 H36 N4 O2 P2 Rh1 1+,1.0,CC1C(C)=N(N)->[RhH+2]2(<-[C-](=O)c3ccccc3P->2(c2ccccc2)c2ccccc2)(<-N=1N)<-P(O)(c1ccccc1)c1ccccc1,CC1C(C)=N(N)->[RhH+2]2(<-[C-](=O)c3ccccc3P->2(c2ccccc2)c2ccccc2)(<-N=1N)<-P(O)(c1ccccc1)c1ccccc1,CC1C(C)=N(N)->[RhH+2]2(<-[C-](=O)c3ccccc3P->2(c2ccccc2)c2ccccc2)(<-N=1N)<-P(O)(c1ccccc1)c1ccccc1
XOQXEI,CC(C)P1(Oc2cccc3/C=N(/c4ccccc4)->[Ni@TB4+2]<-1(<-[Br-])<-[c-]32)C(C)C,C19 H23 Br1 N1 Ni1 O1 P1,0.0,CC(C)P1(Oc2cccc3C=N(c4ccccc4)->[Ni+2]<-1(<-[Br-])<-[c-]32)C(C)C,CC(C)P1(Oc2cccc3C=N(c4ccccc4)->[Ni+2]<-1(<-[Br-])<-[c-]32)C(C)C,CC(C)P1(Oc2cccc3C=N(c4ccccc4)->[Ni+2]<-1(<-[Br-])<-[c-]32)C(C)C
XORPOL,,C14 H9 Fe1 N4 O2 1+,1.0,[N-]=[N+]=Nc1ccccc1[N+]#[C-]->[Fe+2]1234(<-[C-]#[O+])(<-[C-]#[O+])<-c5c->1c->2[cH-]->3c->45,[N-]=NN=C1C=CC=CC1=N[C-]->[Fe+4]1234(<-[C-]#[O+])(<-[C-]#[O+])<-c5c->1c->2[cH-]->3c->45,[N-]=NN=C1C=CC=CC1=N[C-]->[Fe+4]1234(<-[C-]#[O+])(<-[C-]#[O+])<-c5c->1c->2[cH-]->3c->45
XOSRAZ,N#C/C1[S-]->[Mo+4]2(<-[N-]=C=S)(<-[S-]/C=1C#N)(<-[S-]/C(C#N)=C(\C#N)[S-]->2)<-P(c1ccccc1)(c1ccccc1)c1ccccc1,C27 H15 Mo1 N5 P1 S5 1-,-1.0,N#CC1[S-]->[Mo+4]2(<-[N-]=C=S)(<-[S-]C=1C#N)(<-[S-]C(C#N)=C(C#N)[S-]->2)<-P(c1ccccc1)(c1ccccc1)c1ccccc1,N#CC1=S->[Mo+2]2(<-[N-]=C=S)(<-S=C1C#N)(<-[S-]C(C#N)=C(C#N)[S-]->2)<-P(c1ccccc1)(c1ccccc1)c1ccccc1,N#CC1[S-]->[Mo+4]2(<-[N-]=C=S)(<-[S-]C=1C#N)(<-[S-]C(C#N)=C(C#N)[S-]->2)<-P(c1ccccc1)(c1ccccc1)c1ccccc1
XOTLUP,CCN/C1=N/N2=C/c3cccc(C)c3[O-]->[Mo@TB8+6]<-2(<-[O-2])(<-[O-2])<-[O-]S1,C11 H15 Mo1 N3 O4 S1,0.0,CCNC1=NN2=Cc3cccc(C)c3[O-]->[Mo+6]<-2(<-[O-2])(<-[O-2])(<-O)<-[S-]1,CCNC1=NN2=Cc3cccc(C)c3[O-]->[Mo+8]<-2(<-[O-2])(<-[O-2])(<-[O-2])<-[S-]1,CCNC1=NN2=Cc3cccc(C)c3[O-]->[Mo+6]<-23(<-[O-2])(<-[O-2])<-[O-]S->31
XOTVAD,,C31 H28 N4 Ni1 O6 S2,0.0,CO->[Ni+2]12(<-O)(<-n3cccc4cccc([N-]->1S(=O)(=O)c1ccccc1)c43)<-n1cccc3cccc([N-]->2S(=O)(=O)c2ccccc2)c31,CO->[Ni+2]12(<-O)(<-n3cccc4cccc([N-]->1S(=O)(=O)c1ccccc1)c43)<-n1cccc3cccc([N-]->2S(=O)(=O)c2ccccc2)c31,CO.O=S(=O)(c1ccccc1)[N-]1->[Ni+2]2(<-O)(<-n3cccc4cccc1c43)<-n1cccc3cccc(c31)[N-]->2S(=O)(=O)c1ccccc1
XOVTIM,,C16 H41 N3 Os1 P1 1+,1.0,CC(C)P(C(C)C)(C(C)C)->[OsH3+]12<-N3CCCN->1CCN->2CC3,CC(C)P(C(C)C)(C(C)C)->[OsH3+]12<-N3CCCN->1CCN->2CC3,CC(C)P(C(C)C)(C(C)C)->[OsH3+]12<-N3CCCN->1CCN->2CC3
XOWNII,,C35 H33 I1 Ir1 N5,0.0,CN1C=CN2c3ccc(-c4cc(-c5ccccn5)nc(-c5ccccn5)c4)c[c-]3->[Ir+3]3456(<-[I-])(<-[C]12)<-c1(C)c->3(C)c->4(C)[c-]->5(C)c->61C,CN1C=CN2c3ccc(-c4cc(-c5ccccn5)nc(-c5ccccn5)c4)c[c-]3->[Ir+3]3456(<-[I-])(<-[C]12)<-c1(C)c->3(C)c->4(C)[c-]->5(C)c->61C,CN1C=CN2c3ccc(-c4cc(-c5ccccn5)nc(-c5ccccn5)c4)c[c-]3->[Ir+3]3456(<-[I-])(<-[C]12)<-c1(C)c->3(C)c->4(C)[c-]->5(C)c->61C
XOYLAY,COP([N-]c1ccccc1)(OC)->[Fe+2]1234(<-[C-]#[O+])(<-[C-]#[O+])<-c5(C)c->1(C)c->2(C)[c-]->3(C)c->45C,C20 H26 Fe1 N1 O4 P1,0.0,CO[PH](=Nc1ccccc1)(OC)->[Fe+]1234(<-[C-]#[O+])(<-[C-]#[O+])<-c5(C)c->1(C)c->2(C)[c-]->3(C)c->45C,COP([N-]c1ccccc1)(OC)->[Fe+2]1234(<-[C-]#[O+])(<-[C-]#[O+])<-c5(C)c->1(C)c->2(C)[c-]->3(C)c->45C,COP([N-]c1ccccc1)(OC)->[Fe+2]1234(<-[C-]#[O+])(<-[C-]#[O+])<-c5(C)c->1(C)c->2(C)[c-]->3(C)c->45C
XOYVOW,Cc1ccc(S(=O)(=O)[N-]2c3ccccc3C3=N(->[Zn+2]<-24<-N2=C(c5ccccc5[N-]->4S(=O)(=O)c4ccc(C)cc4)OCC2)CCO3)cc1,C32 H30 N4 O6 S2 Zn1,0.0,Cc1ccc(S(=O)(=O)[N-]2c3ccccc3C3=N(->[Zn+2]<-24<-N2=C(c5ccccc5[N-]->4S(=O)(=O)c4ccc(C)cc4)OCC2)CCO3)cc1,Cc1ccc(S(=O)(=O)[N-]2c3ccccc3C3=N(->[Zn+2]<-24<-N2=C(c5ccccc5[N-]->4S(=O)(=O)c4ccc(C)cc4)OCC2)CCO3)cc1,Cc1ccc(S2(=O)=O->[Zn+2]345(<-O=S(=O)(c6ccc(C)cc6)[N-]->3c3ccccc3C3=N->4CCO3)<-N3=C(c4ccccc4[N-]->52)OCC3)cc1
XOZRAF,,C30 H31 B1 Cl1 N6 P1 Ru1 S1,0.0,CC(C)P(c1ccccc1)(c1ccccc1)->[Ru+4]12(<-[Cl-])(<-[C-2]=Cc3cccs3)<-[n-]3ccc[n+]3[BH-]([n+]3ccc[n-]->13)[n+]1ccc[n-]->21,CC(C)P(c1ccccc1)(c1ccccc1)->[Ru+4]12(<-[Cl-])(<-[C-3][CH+]c3cccs3)<-n3cccn3[BH-](n3cccn->13)n1cccn->21,CC(C)P(c1ccccc1)(c1ccccc1)->[Ru+4]12(<-[Cl-])(<-[C-3][CH+]c3cccs3)<-n3cccn3[BH-](n3cccn->13)n1cccn->21
XUBZEA,,C35 H27 Ir1 N5 1+,1.0,Cc1n2ccccc2c2-c3ccccn3->[Ir+3]34(<-[c-]5ccccc5-c5ccccn->35)(<-[c-]3ccccc3-c3ccccn->43)<-n21,Cc1n2ccccc2c2-c3ccccn3->[Ir+3]34(<-[c-]5ccccc5-c5ccccn->35)(<-[c-]3ccccc3-c3ccccn->43)<-n21,Cc1n2ccccc2c2-c3ccccn3->[Ir+3]34(<-[c-]5ccccc5-c5ccccn->35)(<-[c-]3ccccc3-c3ccccn->43)<-n21
XUCNUF,CC(C)(C)c1cc2[O-]->[Pt@@+2]3(<-[O-]c2c(C(C)(C)C)c1)<-N(=N\c1ccccn->31)/c1ccccc1,C25 H29 N3 O2 Pt1,0.0,CC(C)(C)c1cc2[O-]->[Pt+2]3(<-[O-]c2c(C(C)(C)C)c1)<-N(=Nc1ccccn->31)c1ccccc1,CC(C)(C)c1cc2[O-]->[Pt+4]3(<-[O-]c2c(C(C)(C)C)c1)<-[N-](N=c1cccc[n-]->31)c1ccccc1,CC(C)(C)c1cc2[O-]->[Pt+4]3(<-[O-]c2c(C(C)(C)C)c1)<-[N-](N=c1cccc[n-]->31)c1ccccc1
XUDHOT,Cc1cccc(C)c1/N=C/c1cccc2/C=N(/c3c(C)cccc3C)->[Cd+2](<-[Cl-])(<-[Cl-])<-n21,C23 H23 Cd1 Cl2 N3,0.0,Cc1cccc(C)c1N1=Cc2cccc3C=N(c4c(C)cccc4C)->[Cd+2]<-1(<-[Cl-])(<-[Cl-])<-n23,Cc1cccc(C)c1N1=Cc2cccc3C=N(c4c(C)cccc4C)->[Cd+2]<-1(<-[Cl-])(<-[Cl-])<-n23,Cc1cccc(C)c1N1=Cc2cccc3C=N(c4c(C)cccc4C)->[Cd+2]<-1(<-[Cl-])(<-[Cl-])<-n23
XUFHIQ,[Cl-]->[Pt@OH2+2]12<-[O-]c3ccccc3/C(c3ccccc3)=N->1/CC[Se]->2c1ccccc1,C21 H18 Cl1 N1 O1 Pt1 Se1,0.0,[Cl-]->[Pt+2]12<-[O-]c3ccccc3C(c3ccccc3)=N->1CC[Se]->2c1ccccc1,[CH2-]CN1=C(c2ccccc2)c2ccccc2[O-]->[Pt+4]<-1(<-[Cl-])<-[Se-]c1ccccc1,[CH2-]CN1=C(c2ccccc2)c2ccccc2[O-]->[Pt+4]<-1(<-[Cl-])<-[Se-]c1ccccc1
XUGVUS,CNCCC/N1=C/c2ccccc2[O-]->[Ni+2]<-12<-[O-]c1ccccc1/C=N->2/CCCNC,C22 H30 N4 Ni1 O2,0.0,CN1CCCN2=Cc3ccccc3[O-]->[Ni+2]<-2<-134<-[O-]c1ccccc1C=N->3CCCN->4C,CN1CCCN2=Cc3ccccc3[O-]->[Ni+2]<-2<-134<-[O-]c1ccccc1C=N->3CCCN->4C,CNCCCN1=Cc2ccccc2[O-]->[Ni+2]<-12<-[O-]c1ccccc1C=N->2CCCNC
XUHXAA,CC(C)N(/C1[O-]->[Ti+4]23(<-[Cl-])(<-[Cl-])(<-[O-]/C(N(C(C)C)C(C)C)=N->2\CC(C)(C)C\N->3=1)<-N(C)C)C(C)C,C21 H45 Cl2 N5 O2 Ti1,0.0,CC(C)N(C1[O-]->[Ti+4]23(<-[Cl-])(<-[Cl-])(<-[O-]C(N(C(C)C)C(C)C)=N->2CC(C)(C)CN->3=1)<-N(C)C)C(C)C,CC(C)N(C1[O-]->[Ti+4]23(<-[Cl-])(<-[Cl-])(<-[O-]C(N(C(C)C)C(C)C)=N->2CC(C)(C)CN->3=1)<-N(C)C)C(C)C,CC(C)N(C1[O-]->[Ti+4]23(<-[Cl-])(<-[Cl-])(<-[O-]C(N(C(C)C)C(C)C)=N->2CC(C)(C)CN->3=1)<-N(C)C)C(C)C
XUJPOJ,,C14 H12 N2 Ni1 O10,0.0,O=C(O)c1ccc2C(=O)[O-]->[Ni+2]3(<-O)(<-O)(<-[O-]C(=O)c4ccc(C(=O)O)cn->34)<-n2c1,O=C(O)c1ccc2C(=O)[O-]->[Ni+2]3(<-O)(<-O)(<-[O-]C(=O)c4ccc(C(=O)O)cn->34)<-n2c1,O.O.O=C(O)c1ccc2n(->[Ni+2]3(<-[O-]C2=O)<-[O-]C(=O)c2ccc(C(=O)O)cn->32)c1
XULGES,,C20 H27 Mo1 N4 O2 1+,1.0,fail,Cn1ccn2->[Mo+2]345(<-[C-]#[O+])(<-[C-]#[O+])(<-C=C->3(C)[CH2-]->4)<-n3ccccc3C(c12)N->5C(C)(C)C,Cn1ccn2->[Mo+2]345(<-[C-]#[O+])(<-C=C->3(C)C[C-]->4=O)<-n3ccccc3C(c12)N->5C(C)(C)C
XUMCIS,C[O-]->[V+5]12(<-[O-2])(<-[O-]/C(=N\N->1=C(/C)c1ccccc1[O-]->2)c1ccccc1)<-n1ccccc1,C21 H20 N3 O4 V1,0.0,C[O-]->[V+5]12(<-[O-2])(<-[O-]C(=NN->1=C(C)c1ccccc1[O-]->2)c1ccccc1)<-n1ccccc1,C[O-]->[V+5]12(<-[O-2])(<-[O-]C(=NN->1=C(C)c1ccccc1[O-]->2)c1ccccc1)<-n1ccccc1,C[O-]->[V+5]12(<-[O-2])<-[O-]C(c3ccccc3)=NN->1=C(C)c1ccccc1[O-]->2.c1ccncc1
XUNNAW,,C21 H33 N1 Os1 P1 1+,1.0,CC(C)P(C(C)C)(C(C)C)->[OsH+3]12345(<-[CH-]=Cc6ccccn->16)<-c1c->2c->3[cH-]->4c->51,CC(C)P(C(C)C)(C(C)C)->[OsH+3]12345(<-[CH-]=Cc6ccccn->16)<-c1c->2c->3[cH-]->4c->51,CC(C)P(C(C)C)(C(C)C)->[OsH+3]12345(<-[CH-]=Cc6ccccn->16)<-c1c->2c->3[cH-]->4c->51
XUPWEM,,C42 H29 Ir1 N7 O3 1+,1.0,Cc1ccc(-c2nn3->[Ir+3]45(<-[c-]6ccccc6-c6oc(-c7ccccc7)nn->46)(<-[c-]4ccccc4-c4oc(-c6ccccc6)nn->54)<-n4ccccc4-c3o2)cc1,Cc1ccc(-c2nn3->[Ir+3]45(<-[c-]6ccccc6-c6oc(-c7ccccc7)nn->46)(<-[c-]4ccccc4-c4oc(-c6ccccc6)nn->54)<-n4ccccc4-c3o2)cc1,Cc1ccc(-c2nn3->[Ir+3]45(<-[c-]6ccccc6-c6oc(-c7ccccc7)nn->46)(<-[c-]4ccccc4-c4oc(-c6ccccc6)nn->54)<-n4ccccc4-c3o2)cc1
XURDIX,O=C(O)c1ccc[n-](->[Pt+2](<-[Cl-])(<-P(c2ccccc2)(c2ccccc2)c2ccccc2)<-P(c2ccccc2)(c2ccccc2)c2ccccc2)c1=O,C42 H34 Cl1 N1 O3 P2 Pt1,0.0,O=C([O-])c1cccn(->[Pt+2](<-[Cl-])(<-P(c2ccccc2)(c2ccccc2)c2ccccc2)<-P(c2ccccc2)(c2ccccc2)c2ccccc2)c1O,O=C([O-])c1cccn(->[Pt+2](<-[Cl-])(<-P(c2ccccc2)(c2ccccc2)c2ccccc2)<-P(c2ccccc2)(c2ccccc2)c2ccccc2)c1O,O=C(O)c1ccc[n-](->[Pt+2](<-[Cl-])(<-P(c2ccccc2)(c2ccccc2)c2ccccc2)<-P(c2ccccc2)(c2ccccc2)c2ccccc2)c1=O
XUSKOL,CC/[C-]1=[C-](\CC)->[Ta+5]<-12(<-[Cl-])(<-[Cl-])(<-[Cl-])<-O(C)CCO->2C,C10 H20 Cl3 O2 Ta1,0.0,CCC1#C(CC)->[Ta+3]<-12(<-[Cl-])(<-[Cl-])(<-[Cl-])<-O(C)CCO->2C,CCC1#C(CC)->[Ta+3]<-12(<-[Cl-])(<-[Cl-])(<-[Cl-])<-O(C)CCO->2C,CCC1#C(CC)->[Ta+3]<-12(<-[Cl-])(<-[Cl-])(<-[Cl-])<-O(C)CCO->2C
XUTFAV,O=N([O-])->[Ru+2]123(<-n4ccccc4-c4cccc(-c5ccccn->15)n->24)<-n1cccc2cccc(P->3(c3ccccc3)c3ccccc3)c21,C36 H27 N5 O2 P1 Ru1 1+,1.0,O=[N+](=O)->[Ru]123(<-n4ccccc4-c4cccc(-c5ccccn->15)n->24)<-n1cccc2cccc(P->3(c3ccccc3)c3ccccc3)c21,O=N([O-])->[Ru+2]123(<-n4ccccc4-c4cccc(-c5ccccn->15)n->24)<-n1cccc2cccc(P->3(c3ccccc3)c3ccccc3)c21,O=N([O-])->[Ru+2]123(<-n4ccccc4-c4cccc(-c5ccccn->15)n->24)<-n1cccc2cccc(P->3(c3ccccc3)c3ccccc3)c21
XUVTIR,,C29 H20 Mn1 O3 P2 1+,1.0,[O+]#[C-]->[Mn+]1234(<-[C-]#[O+])(<-[C-]#[O+])<-c5p->1c->2([P+](c1ccccc1)(c1ccccc1)c1ccccc1)c->31cccc[c-]->451,[O+]#[C-]->[Mn+]1234(<-[C-]#[O+])(<-[C-]#[O+])<-c5[p-]->1c->2([P+](c1ccccc1)(c1ccccc1)c1ccccc1)c->31ccccc->451,[O+]#[C-]->[Mn+]1234(<-[C-]#[O+])(<-[C-]#[O+])<-c5[p-]->1c->2([P+](c1ccccc1)(c1ccccc1)c1ccccc1)c->31ccccc->451
XUXJIJ,[O+]#[C-]->[W]1(<-[C-]#[O+])(<-[C-]#[O+])(<-[C-]#[O+])<-S=P(c2ccccc2)(c2ccccc2)c2c3ccccc3c([P+](c3ccccc3)(c3ccccc3)c3ccccc3)[p-]->12,C42 H29 O4 P3 S1 W1,0.0,[O+]#[C-]->[W]1(<-[C-]#[O+])(<-[C-]#[O+])(<-[C-]#[O+])<-S=P(c2ccccc2)(c2ccccc2)c2c3ccccc3c([P+](c3ccccc3)(c3ccccc3)c3ccccc3)[p-]->12,[O+]#[C-]->[W+2]1(<-[C-]#[O+])(<-[C-]#[O+])(<-[C-]#[O+])<-[S-]P(=C2c3ccccc3C(=P(c3ccccc3)(c3ccccc3)c3ccccc3)[P-]->12)(c1ccccc1)c1ccccc1,[O+]#[C-]->[W+2]1(<-[C-]#[O+])(<-[C-]#[O+])(<-[C-]#[O+])<-[S-]P(=C2c3ccccc3C(=P(c3ccccc3)(c3ccccc3)c3ccccc3)[P-]->12)(c1ccccc1)c1ccccc1
XUYLAE,FC1(F)CSC2[S-]->[Au+3]3(<-[S-]C=2SC1)<-[S-]C1=C([S-]->3)SCC(F)(F)CS1,C10 H8 Au1 F4 S8 1-,-1.0,FC1(F)CSC2[S-]->[Au+3]3(<-[S-]C=2SC1)<-[S-]C1=C([S-]->3)SCC(F)(F)CS1,FC1(F)CSC2=S->[Au-]3(<-S=C2SC1)<-S=C1SCC(F)(F)CSC1=S->3,FC1(F)CSC2=S->[Au-]3(<-S=C2SC1)<-S=C1SCC(F)(F)CSC1=S->3
XUZLAF,C=C1C=N[C-]2(->[Ru+2]3456(<-[C-]#[O+])(<-c7c->3c->4[cH-]->5c->67)<-P(C(C)C)(C(C)C)C(C)C)[C@H]1C2(c1ccccc1)c1ccccc1,C33 H40 N1 O1 P1 Ru1,0.0,C=C1C=N[C-]2(->[Ru+2]3456(<-[C-]#[O+])(<-c7c->3c->4[cH-]->5c->67)<-P(C(C)C)(C(C)C)C(C)C)C1C2(c1ccccc1)c1ccccc1,C=C1C=N[C-]2(->[Ru+2]3456(<-[C-]#[O+])(<-c7c->3c->4[cH-]->5c->67)<-P(C(C)C)(C(C)C)C(C)C)C1C2(c1ccccc1)c1ccccc1,C=C1C=N[C-]2(->[Ru+2]3456(<-[C-]#[O+])(<-c7c->3c->4[cH-]->5c->67)<-P(C(C)C)(C(C)C)C(C)C)C1C2(c1ccccc1)c1ccccc1
YABGAK,Cc1cccc23-c45->[Fe+2]<-2(<-[Cl-])(<-[Cl-])(<-n13)<-n4c(C)ccc5,C12 H12 Cl2 Fe1 N2,0.0,Cc1cccc2-c3cccc(C)n3->[Fe+2](<-[Cl-])(<-[Cl-])<-n12,Cc1cccc2-c3cccc(C)n3->[Fe+2](<-[Cl-])(<-[Cl-])<-n12,Cc1cccc2-c3cccc(C)n3->[Fe+2](<-[Cl-])(<-[Cl-])<-n12
YACGOZ,,C13 H19 Cd1 I2 N5 S1,0.0,NC1c2ccccn2->[Cd+2]2(<-[I-])(<-[I-])<-S=C(NN->2=1)N1CCCCCC1,NC1c2ccccn2->[Cd+2]2(<-[I-])(<-[I-])<-S=C(NN->2=1)N1CCCCCC1,NC1=NNC(=S->[Cd+2](<-[I-])(<-[I-])<-n2ccccc21)N1CCCCCC1
YADMAT,C[O-]->[V+5]12(<-[O-2])(<-[O-]/C(=N\N->1=C(/C)c1c([O-]->2)ccc2ccccc12)c1cccnc1)<-OC,C20 H20 N3 O5 V1,0.0,C[O-]->[V+5]12(<-[O-2])(<-[O-]C(=NN->1=C(C)c1c([O-]->2)ccc2ccccc12)c1cccnc1)<-OC,C[O-]->[V+5]12(<-[O-2])(<-[O-]C(=NN->1=C(C)c1c([O-]->2)ccc2ccccc12)c1cccnc1)<-OC,CO.C[O-]->[V+5]12(<-[O-2])<-[O-]C(c3cccnc3)=NN->1=C(C)c1c(ccc3ccccc13)[O-]->2
YAFCAM,CC(C)c1ccc(C(=O)[O-]->[Zn+2](<-O=S(C)C)(<-O=S(C)C)<-[O-]C(=O)c2ccc(C(C)C)cc2)cc1,C24 H34 O6 S2 Zn1,0.0,fail,CC(C)c1ccc(C(=O)[O-]->[Zn+2](<-O=S(C)C)(<-O=S(C)C)<-[O-]C(=O)c2ccc(C(C)C)cc2)cc1,CC(C)c1ccc(C23=O->[Zn+2]<-245(<-O=S(C)C)(<-O=S(C)C)(<-O=C->4([O-]->5)c2ccc(C(C)C)cc2)<-[O-]3)cc1
YAFSUW,CC[B-]1([H]->[Cu+]<-1<-[C]1N(c2c(C)cc(C)cc2C)CCCN1c1c(C)cc(C)cc1C)(CC)CC,C28 H44 B1 Cu1 N2,0.0,CC[B-]([H]->[Cu+]<-[C]1N(c2c(C)cc(C)cc2C)CCCN1c1c(C)cc(C)cc1C)(CC)CC,CCB(CC)CC.Cc1cc(C)c(N2CCCN(c3c(C)cc(C)cc3C)[C]2->[CuH])c(C)c1,CCB(CC)CC.Cc1cc(C)c(N2CCCN(c3c(C)cc(C)cc3C)[C]2->[CuH])c(C)c1
YAGKEZ,Cc1cc(C)n2->[Mo+4]34(<-[O-2])(<-S=P(Sc5ccccc5)(Sc5ccccc5)[S-]->3)<-n3c(C)cc(C)n3[BH-](n12)n1c(C)cc(C)n->41,C27 H32 B1 Mo1 N6 O1 P1 S4,0.0,fail,Cc1cc(C)n2->[Mo+4]34(<-[O-2])(<-S=P(Sc5ccccc5)(Sc5ccccc5)[S-]->3)<-n3c(C)cc(C)n3[BH-](n12)n1c(C)cc(C)n->41,Cc1cc(C)n2->[Mo+4]345(<-[O-2])(<-S=P->3(Sc3ccccc3)(Sc3ccccc3)[S-]->4)<-n3c(C)cc(C)n3[BH-](n12)n1c(C)cc(C)n->51
YAJREJ,Cc12->[W+6]345678(<-[S-]C[S-]->3)(<-[S-][CH-]->4[S-]->5)<-c1(C)c->6(C)[c-]->7(C)c->82C,C12 H18 S4 W1,0.0,Cc12->[W+4]345678(<-[S-]C[S-]->3)(<-SC->4[SH2-]->5)<-c1(C)c->6(C)[c-]->7(C)c->82C,Cc12->[W+4]345678(<-S=C->3[S-]->4)(<-[S-]C[S-]->5)<-c1(C)c->6(C)[c-]->7(C)c->82C,Cc12->[W+4]345678(<-S=C->3[S-]->4)(<-[S-]C[S-]->5)<-c1(C)c->6(C)[c-]->7(C)c->82C
YAKDIA,,C33 H24 F4 Ir1 N5 O2,0.0,COc1c[c-]2->[Ir+3]34(<-[C]5N(C)C=CN5c2c(OC)n1)(<-[c-]1cc(F)cc(F)c1-c1ccccn->31)<-[c-]1cc(F)cc(F)c1-c1ccccn->41,COc1c[c-]2->[Ir+3]34(<-[C]5N(C)C=CN5c2c(OC)n1)(<-[c-]1cc(F)cc(F)c1-c1ccccn->31)<-[c-]1cc(F)cc(F)c1-c1ccccn->41,COc1c[c-]2->[Ir+3]34(<-[C]5N(C)C=CN5c2c(OC)n1)(<-[c-]1cc(F)cc(F)c1-c1ccccn->31)<-[c-]1cc(F)cc(F)c1-c1ccccn->41
YAKREI,,C7 H4 F6 Hg1 N4,0.0,F[C-](F)(F)->[Hg+2](<-n1cnc2[nH]cnc2c1)<-[C-](F)(F)F,F[C-](F)(F)->[Hg+2]<-[C-](F)(F)F.c1ncc2nc[nH]c2n1,F[C-](F)(F)->[Hg+2]<-[C-](F)(F)F.c1ncc2nc[nH]c2n1
YALLUT,CN(c1ccccc1)/N1=C/C=N2/N(C)c3cccc[c-]3->[Pd@OH20+2]<-1<-2<-[Cl-],C16 H17 Cl1 N4 Pd1,0.0,CN(c1ccccc1)N1=CC=N2N(C)c3cccc[c-]3->[Pd+2]<-1<-2<-[Cl-],CN(c1ccccc1)N1=CC=N2N(C)c3cccc[c-]3->[Pd+2]<-1<-2<-[Cl-],CN(c1ccccc1)N1=CC=N2N(C)c3cccc[c-]3->[Pd+2]<-1<-2<-[Cl-]
YAMJEC,,C15 H8 Cr1 O3,0.0,[O+]#[C-]->[Cr]12345(<-[C-]#[O+])(<-[C-]#[O+])<-c6c->1c->21c->32c(cccc->42c->56)C=C1,[O+]#[C-]->[Cr]12345(<-[C-]#[O+])(<-[C-]#[O+])<-c6c->1c->21c->32c(cccc->42c->56)C=C1,[O+]#[C-]->[Cr]12345(<-[C-]#[O+])(<-[C-]#[O+])<-c6c->1c->21c->32c(cccc->42c->56)C=C1
YAMXOA,COc1cc(C=O)ccc1[O-]->[Zn+2]1(<-O)(<-O)<-[O-]c2ccc(C=O)cc2O->1C,C16 H18 O8 Zn1,0.0,CO1c2cc(C=O)ccc2[O-]->[Zn+2]<-12(<-O)(<-O)<-[O-]c1ccc(C=O)cc1O->2C,COc1cc(C=O)ccc1[O-]->[Zn+2](<-O)(<-O)<-[O-]c1ccc(C=O)cc1OC,CO1c2cc(C=O)ccc2[O-]->[Zn+2]<-12(<-O)(<-O)<-[O-]c1ccc(C=O)cc1O->2C
YAPPOV,O=C([O-]->[Zn+2]12(<-n3ccccc3-c3ccccn->13)<-n1ccccc1-c1ccccn->21)[C@H](O)c1ccccc1,C28 H23 N4 O3 Zn1 1+,1.0,O=C1[O-]->[Zn+2]23(<-OC1c1ccccc1)(<-n1ccccc1-c1ccccn->21)<-n1ccccc1-c1ccccn->31,O=C1[O-]->[Zn+2]23(<-OC1c1ccccc1)(<-n1ccccc1-c1ccccn->21)<-n1ccccc1-c1ccccn->31,O=C1[O-]->[Zn+2]23(<-OC1c1ccccc1)(<-n1ccccc1-c1ccccn->21)<-n1ccccc1-c1ccccn->31
YAPZEW,N#C/C1=C(/[O-]->[Pt+2]2(<-[O-]/C(=C(/C#N)N->2=O)N2CCCCC2)<-N1=O)N1CCCCC1,C16 H20 N6 O4 Pt1,0.0,N#CC1C(=O->[Pt]2(<-O=C(C(C#N)=N->2[O])N2CCCCC2)<-N=1[O])N1CCCCC1,N#CC1=C([O-]->[Pt+2]2(<-[O-]C(=C(C#N)N->2=O)N2CCCCC2)<-N1=O)N1CCCCC1,N#CC1=C([O-]->[Pt+2]2(<-[O-]C(=C(C#N)N->2=O)N2CCCCC2)<-N1=O)N1CCCCC1
YAQHIJ,O=C([S-]->[Hg+2]<-[S-]C(=O)c1cccs1)c1cccs1,C10 H6 Hg1 O2 S4,0.0,O=C([S-]->[Hg+2]<-[S-]C(=O)c1cccs1)c1cccs1,O=C([S-]->[Hg+2]<-[S-]C(=O)c1cccs1)c1cccs1,O=C([S-]->[Hg+2]<-[S-]C(=O)c1cccs1)c1cccs1
YARFEC,,C28 H23 N2 O2 Re1,0.0,Cc1ccc([C](NN=C(c2ccccc2)c2ccccc2)->[Re+]2345(<-[C-]#[O+])(<-[C-]#[O+])<-c6c->2c->3[cH-]->4c->56)cc1,Cc1ccc([C](NN=C(c2ccccc2)c2ccccc2)->[Re+]2345(<-[C-]#[O+])(<-[C-]#[O+])<-c6c->2c->3[cH-]->4c->56)cc1,Cc1ccc([C](NN=C(c2ccccc2)c2ccccc2)->[Re+]2345(<-[C-]#[O+])(<-[C-]#[O+])<-c6c->2c->3[cH-]->4c->56)cc1
YASGEF,,C18 H16 Cd1 Cl1 N4 O5 1-,-1.0,O=C1CO2CC(=O)[O-]->[Cd+2]<-2(<-[Cl-])(<-[O-]1)(<-n1c[nH]c2ccccc21)<-n1c[nH]c2ccccc21,O=C1CO2CC(=O)[O-]->[Cd+2]<-2(<-[Cl-])(<-[O-]1)(<-n1c[nH]c2ccccc21)<-n1c[nH]c2ccccc21,O=C1CO2->[Cd+2](<-[Cl-])(<-n3c[nH]c4ccccc43)(<-[O-]1)<-[O-]C(=O)C2.c1ccc2[nH]cnc2c1
YATQOB,C1=C/C2=C(\c3ccccc3)N3=NC(SCc4ccccc4)=S->[Zn+2]<-345(<-S=C(N=N->4/C(=C3/C=CC=C[N-]->53)c3ccccc3)SCc3ccccc3)<-[N-]2C=C1,C40 H32 N6 S4 Zn1,0.0,c1ccc(CSC2=NN3=C(c4ccccc4)c4ccccn4->[Zn+2]<-345(<-[S-]2)<-[S-]C(=NN->4=C(c2ccccc2)c2ccccn->52)SCc2ccccc2)cc1,C1=CC2=C(c3ccccc3)N3=NC(SCc4ccccc4)=S->[Zn+2]<-345(<-S=C(N=N->4C(=C3C=CC=C[N-]->53)c3ccccc3)SCc3ccccc3)<-[N-]2C=C1,C1=CC2=C(c3ccccc3)N3=NC(SCc4ccccc4)=S->[Zn+2]<-345(<-S=C(N=N->4C(=C3C=CC=C[N-]->53)c3ccccc3)SCc3ccccc3)<-[N-]2C=C1
YAVFOS,C[C@@H]1CN2->[Cd+2]345(<-[O-][N+](=O)[O-]->3)<-N1[C@@H](C)CC(C)(C)N->4C[C@H](C)N->5[C@@H](C)CC2(C)C,C18 H40 Cd1 N5 O3 1+,1.0,CC1CN2->[Cd+2]345(<-[O-][N+](=O)[O-]->3)<-N1C(C)CC(C)(C)N->4CC(C)N->5C(C)CC2(C)C,CC1CN2->[Cd+2]345(<-[O-][N+](=O)[O-]->3)<-N1C(C)CC(C)(C)N->4CC(C)N->5C(C)CC2(C)C,CC1CN2->[Cd+2]3456(<-[O-][N+]->3(=O)[O-]->4)<-N1C(C)CC(C)(C)N->5CC(C)N->6C(C)CC2(C)C
YAVTIY,COP(OC)(OC)->[W+4](<-[Cl-])(<-[Cl-])(<-[N-2]c1c(C(C)C)cccc1C(C)C)(<-P(OC)(OC)OC)<-P(OC)(OC)OC,C21 H44 Cl2 N1 O9 P3 W1,0.0,COP(OC)(OC)->[W+4](<-[Cl-])(<-[Cl-])(<-[N-2]c1c(C(C)C)cccc1C(C)C)(<-P(OC)(OC)OC)<-P(OC)(OC)OC,COP(OC)(OC)->[W+4](<-[Cl-])(<-[Cl-])(<-[N-2]c1c(C(C)C)cccc1C(C)C)(<-P(OC)(OC)OC)<-P(OC)(OC)OC,COP(OC)(OC)->[W+4](<-[Cl-])(<-[Cl-])(<-[N-2]c1c(C(C)C)cccc1C(C)C)(<-P(OC)(OC)OC)<-P(OC)(OC)OC
YAXFOS,Cc1cc(C)c2ccc(=O)[n-](->[Hg+2]<-[n-]3c(=O)ccc4c(C)cc(C)nc43)c2n1,C20 H18 Hg1 N4 O2,0.0,Cc1cc(C)c2ccc(=O)[n-](->[Hg+2]<-[n-]3c(=O)ccc4c(C)cc(C)nc43)c2n1,Cc1cc(C)c2ccc(=O)[n-](->[Hg+2]<-[n-]3c(=O)ccc4c(C)cc(C)nc43)c2n1,Cc1cc(C)n2->[Hg+2]3(<-n4c(C)cc(C)c5ccc(=O)[n-]->3c54)<-[n-]3c(=O)ccc1c23
YAYNUK,,C29 H46 N3 Si2 Y1,0.0,CN1(C)C2CCCCC2[N-]2CC[c-]34->[Y+3]<-2<-1567(<-[N-]([Si](C)(C)C)[Si](C)(C)C)<-c1(ccccc->513)c->61ccccc->714,CN1(C)C2CCCCC2[N-]2CC[c-]34->[Y+3]<-2<-1567(<-[N-]([Si](C)(C)C)[Si](C)(C)C)<-c1(ccccc->513)c->61ccccc->714,CN1(C)C2CCCCC2[N-]2CC[c-]3(->[Y+3]<-2<-1<-[N-]([Si](C)(C)C)[Si](C)(C)C)c1ccccc1c1ccccc13
YAZNEU,,C17 H30 F3 N2 O2 P1 Pd1 S1,0.0,Cc1cccc2CP(C(C)(C)C)(C(C)(C)C)->[Pd+2](<-[CH3-])(<-[NH-]S(=O)(=O)C(F)(F)F)<-n12,Cc1cccc2CP(C(C)(C)C)(C(C)(C)C)->[Pd+2](<-[CH3-])(<-[NH-]S(=O)(=O)C(F)(F)F)<-n12,Cc1cccc(CP(C(C)(C)C)(C(C)(C)C)->[Pd+2]2(<-[CH3-])<-N=S(=O)([O-]->2)C(F)(F)F)n1
YEBPAY,C[Si]12=C3C=CC=CC3=[P+](c3ccccc3)(c3ccccc3)->[Pd@OH23]<-1(<-[Cl-])<-P(c1ccccc1)(c1ccccc1)c1ccccc12,C37 H31 Cl1 P2 Pd1 Si1,0.0,C[Si-]12c3ccccc3P(c3ccccc3)(c3ccccc3)->[Pd+2]<-1(<-[Cl-])<-P(c1ccccc1)(c1ccccc1)c1ccccc12,C[Si-]12c3ccccc3P(c3ccccc3)(c3ccccc3)->[Pd+2]<-1(<-[Cl-])<-P(c1ccccc1)(c1ccccc1)c1ccccc12,C[Si-]12c3ccccc3P(c3ccccc3)(c3ccccc3)->[Pd+2]<-1(<-[Cl-])<-P(c1ccccc1)(c1ccccc1)c1ccccc12
YEBTUU,CC(C)(C)[SiH-](C(C)(C)C)->[W+4]12345678(<-c9c->1c->2[cH-]->3c->49)(<-c1c->5c->6[cH-]->7c->81)<-[Si-](C)(C)C,C21 H38 Si2 W1,0.0,CC(C)(C)[SiH-](C(C)(C)C)->[W+4]12345678(<-c9c->1c->2[cH-]->3c->49)(<-c1c->5c->6[cH-]->7c->81)<-[Si-](C)(C)C,CC(C)(C)[SiH-](C(C)(C)C)->[W+4]12345678(<-c9c->1c->2[cH-]->3c->49)(<-c1c->5c->6[cH-]->7c->81)<-[Si-](C)(C)C,CC(C)(C)[SiH-](C(C)(C)C)->[W+4]12345678(<-c9c->1c->2[cH-]->3c->49)(<-c1c->5c->6[cH-]->7c->81)<-[Si-](C)(C)C
YECJAR,[Cl-]->[Zr+4]123456789(<-[Cl-])<-c%10c->1[c-]->2(C[C@H](c1ccccc1)[c-]->31c->42ccccc->52c->62ccccc->721)c->81ccccc->9%101,C30 H22 Cl2 Zr1,0.0,[Cl-]->[Zr+4]123456789(<-[Cl-])<-c%10[cH-]->1c->2(CC(c1ccccc1)c->31c->42ccccc->52c->62cccc[c-]->712)c->81ccccc->9%101,[Cl-]->[Zr+4]123456789(<-[Cl-])<-c%10c->1[c-]->2(CC(c1ccccc1)[c-]->31c->42ccccc->52c->62ccccc->721)c->81ccccc->9%101,[Cl-]->[Zr+4]123456789(<-[Cl-])<-c%10c->1[c-]->2(CC(c1ccccc1)[c-]->31c->42ccccc->52c->62ccccc->721)c->81ccccc->9%101
YECWOV,C/C1=C(\C)[N-](O)->[Co+3]2(<-[Cl-])(<-N1=O)(<-N(=O)/C(C)=C(/C)[N-]->2O)<-n1cc[nH]c1,C11 H18 Cl1 Co1 N6 O4,0.0,CC1C(C)=N([O])->[Co+]2(<-[Cl-])(<-N=1[O])(<-N(O)=C(C)C(C)=N->2O)<-n1cc[nH]c1,CC1=C(C)N(=O)->[Co+]2(<-[Cl-])(<-N1=O)(<-N(O)=C(C)C(C)=N->2O)<-n1cc[nH]c1,CC1=C(C)N(=O)->[Co+]2(<-[Cl-])(<-N1=O)(<-N(O)=C(C)C(C)=N->2O)<-n1cc[nH]c1
YEDKAV,CC12=C->[Pd+2]<-13(<-[CH2-]2)<-S=P(Nc1ccccn->31)(c1ccccc1)c1ccccc1,C21 H22 N2 P1 Pd1 S1 1+,1.0,fail,CC12=C->[Pd+2]<-13(<-[CH2-]2)<-S=P(Nc1ccccn->31)(c1ccccc1)c1ccccc1,CC12=C->[Pd+2]<-134(<-[CH2-]2)<-S=P->3(Nc1ccccn->41)(c1ccccc1)c1ccccc1
YEFHOG,,C20 H31 Ir1 N2,0.0,CN(C)CCN1(C)Cc2cccc[c-]2->[Ir+]<-1234<-C1=C->2CCC->3=C->4CC1,CN1(C)CCN2(C)Cc3cccc[c-]3->[Ir+]<-1<-2345<-C1=C->3CCC->4=C->5CC1,CN(C)CCN1(C)Cc2cccc[c-]2->[Ir+]<-1234<-C1=C->2CCC->3=C->4CC1
YEGCET,CCP(CC)(CC)->[Pt+2](<-[Br-])(<-[c-]1c2ccccc2cc2c3ccccc3c3ccccc3c21)<-P(CC)(CC)CC,C34 H43 Br1 P2 Pt1,0.0,CCP(CC)(CC)->[Pt+2](<-[Br-])(<-[c-]1c2ccccc2cc2c3ccccc3c3ccccc3c21)<-P(CC)(CC)CC,CCP(CC)(CC)->[Pt+2](<-[Br-])(<-[c-]1c2ccccc2cc2c3ccccc3c3ccccc3c21)<-P(CC)(CC)CC,CCP(CC)(CC)->[Pt+2](<-[Br-])(<-[c-]1c2ccccc2cc2c3ccccc3c3ccccc3c21)<-P(CC)(CC)CC
YEGTOU,,C28 H36 N6 O2 Pd1 S2,0.0,[O-]c1ccccc1C=N1NC(=S->[Pd+2]<-12<-S=C(NN->2=Cc1ccccc1[O-])N1CCCCCC1)N1CCCCCC1,O=C1C=CC=CC1=C[N-]1NC(=S->[Pd+2]<-12<-S=C(N[N-]->2C=C1C=CC=CC1=O)N1CCCCCC1)N1CCCCCC1,Oc1ccccc1C=N1N=C([S-]->[Pd+2]<-12<-[S-]C(=NN->2=Cc1ccccc1O)N1CCCCCC1)N1CCCCCC1
YEHTAG,C[Si](C)(C)[N-]1CCN23CC[N-]([Si](C)(C)C)->[Ta+5]<-1<-2(<-[CH3-])<-[N-](CC3)[Si](C)(C)C,C16 H42 N4 Si3 Ta1 1+,1.0,C[Si](C)(C)[N-]1CCN2CC[N-]([Si](C)(C)C)->[Ta+5]<-1(<-[CH3-])<-[N-](CC2)[Si](C)(C)C,C[Si](C)(C)[N-]1CCN23CC[N-]([Si](C)(C)C)->[Ta+5]<-1<-2(<-[CH3-])<-[N-](CC3)[Si](C)(C)C,C[Si](C)(C)[N-]1CCN23CC[N-]([Si](C)(C)C)->[Ta+5]<-1<-2(<-[CH3-])<-[N-](CC3)[Si](C)(C)C
YEJNOR,,C32 H16 Br2 Co1 N8 1-,-1.0,[Br-]->[Co+3]123(<-[Br-])<-n4c5nc6c7ccccc7c(nc7n->1c(nc1c8ccccc8c(nc4-c4ccccc4-5)[n-]->21)-c1ccccc1-7)[n-]->36,[Br-]->[Co+5]123(<-[Br-])<-[n-]4c5c6ccccc6c4N=c4c6ccccc6c([n-]->14)=Nc1c4ccccc4c([n-]->21)N=c1c2ccccc2c([n-]->31)=N5,[Br-]->[Co+5]123(<-[Br-])<-[n-]4c5c6ccccc6c4N=c4c6ccccc6c([n-]->14)=Nc1c4ccccc4c([n-]->21)N=c1c2ccccc2c([n-]->31)=N5
YEKDUN,,C24 H32 I1 N1 O1 P2 S1 W1,0.0,Cc1cccc(C)c1[N+]#[C-]->[W+4]1(<-[I-])(<-[C-]#[O+])(<-[C-2](c2ccccc2)[C-]->1=S)(<-P(C)(C)C)<-P(C)(C)C,Cc1cccc(C)c1[N+]#[C-]->[W+2]1(<-[I-])(<-[C-]#[O+])(<-C(=S)=[C-]->1c1ccccc1)(<-P(C)(C)C)<-P(C)(C)C,Cc1cccc(C)c1[N+]#[C-]->[W+2]1(<-[I-])(<-[C-]#[O+])(<-C(=S)=[C-]->1c1ccccc1)(<-P(C)(C)C)<-P(C)(C)C
YELZOE,,C24 H38 Os1 P3 1+,1.0,CP(C)(c1ccccc1)->[OsH5+](<-P(C)(C)c1ccccc1)<-P(C)(C)c1ccccc1,CP(C)(c1ccccc1)->[OsH5+](<-P(C)(C)c1ccccc1)<-P(C)(C)c1ccccc1,CP(C)(c1ccccc1)->[OsH5+](<-P(C)(C)c1ccccc1)<-P(C)(C)c1ccccc1
YEMYOF,CC1=C[P@]2(=S->[Pd+2](<-[Cl-])(<-[Cl-])<-P3(c4ccccc4)[C@@H]4C(C)=C(C)[C@H]3[C@H]2[C@]14C)c1ccccc1,C24 H26 Cl2 P2 Pd1 S1,0.0,CC1=CP2(=S->[Pd+2](<-[Cl-])(<-[Cl-])<-P3(c4ccccc4)C4C(C)=C(C)C3C1(C)C42)c1ccccc1,CC1=CP2(=S->[Pd+2](<-[Cl-])(<-[Cl-])<-P3(c4ccccc4)C4C(C)=C(C)C3C1(C)C42)c1ccccc1,CC1=CP23(=S->[Pd+2]<-2(<-[Cl-])(<-[Cl-])<-P2(c4ccccc4)C4C(C)=C(C)C2C1(C)C43)c1ccccc1
YEPROA,COC(=O)C12[C-](=O)->[Fe+2]<-134(<-[C-]#[O+])(<-[C-]#[O+])<-C=2[C@H]1C(=O)O[C@@](C)(/C=N->3/C(C)(C)C)[C-]->41C(=O)OC,C19 H21 Fe1 N1 O9,0.0,COC(=O)[C-]1=CC2C(=O)OC3(C)C=N(C(C)(C)C)->[Fe+2]<-1(<-[C-]#[O+])(<-[C-]#[O+])(<-[C-]#[O+])<-[C-]23C(=O)OC,COC(=O)[C-]1=CC2C(=O)OC3(C)C=N(C(C)(C)C)->[Fe+2]<-1(<-[C-]#[O+])(<-[C-]#[O+])(<-[C-]#[O+])<-[C-]23C(=O)OC,COC(=O)C12[C-](=O)->[Fe+2]<-134(<-[C-]#[O+])(<-[C-]#[O+])<-C=2C1C(=O)OC(C)(C=N->3C(C)(C)C)[C-]->41C(=O)OC
YERYOJ,CCOC(=O)Cn1ccc2-c3ccccn3->[Mo+6]34(<-[O-2])(<-[O-][O-]->3)(<-[O-][O-]->4)<-n21,C12 H13 Mo1 N3 O7,0.0,CCOC(=O)Cn1ccc2-c3ccccn3->[Mo+6]34(<-[O-2])(<-[O-][O-]->3)(<-[O-][O-]->4)<-n21,CCOC(=O)Cn1ccc2-c3ccccn3->[Mo+6]34(<-[O-2])(<-[O-][O-]->3)(<-[O-][O-]->4)<-n21,CCOC(=O)Cn1ccc2-c3ccccn3->[Mo+6]34(<-[O-2])(<-[O-][O-]->3)(<-[O-][O-]->4)<-n21
YESZIG,C1CS2->[Cu+]34<-S(CCO1)CCS->3CCOCCS->4CC2,C12 H24 Cu1 O2 S4 1+,1.0,C1CS2->[Cu+]34<-S(CCO1)CCS->3CCOCCS->4CC2,C1CS2->[Cu+]34<-S(CCO1)CCS->3CCOCCS->4CC2,C1CS2->[Cu+]3456<-O1CCS->3CCS->4CCO->5CCS->6CC2
YETJOW,[O+]#[C-]->[Cr]12(<-[C-]#[O+])(<-[C-]#[O+])(<-[C-]#[O+])<-[C](N3CCOCC3)C->13=C->2CCC3,C14 H15 Cr1 N1 O5,0.0,fail,[O+]#[C-]->[Cr]12(<-[C-]#[O+])(<-[C-]#[O+])(<-[C-]#[O+])<-[C](N3CCOCC3)C->13=C->2CCC3,[O+]#[C-]->[Cr]12(<-[C-]#[O+])(<-[C-]#[O+])(<-[C-]#[O+])<-[C](N3CCOCC3)C->13=C->2CCC3
YEWDAF,CCC[C-]([O-])[C@H]1CCC2->[Mo+4]34567(<-[C-]#[O+])(<-[C-]#[O+])(<-C=2[CH-]->31)<-c1c->4c->5[cH-]->6c->71,C17 H20 Mo1 O3,0.0,fail,CCCC(=O)C1CCC2->[Mo+2]34567(<-[C-]#[O+])(<-[C-]#[O+])(<-C=2[CH-]->31)<-c1c->4c->5[cH-]->6c->71,CCCC(=O)C1CCC2->[Mo+2]34567(<-[C-]#[O+])(<-[C-]#[O+])(<-C=2[CH-]->31)<-c1c->4c->5[cH-]->6c->71
YEWXUU,CNC(C)=C1[C-](OC)->[Cr+2](<-[C-]#[O+])(<-[C-]#[O+])(<-[C-]#[O+])(<-[C-]#[O+])<-S1C,C11 H13 Cr1 N1 O5 S1,0.0,CNC(C)=C1[C-2](OC)->[Cr+2](<-[C-]#[O+])(<-[C-]#[O+])(<-[C-]#[O+])(<-[C-]#[O+])<-S1C,CNC(C)=C1[C](OC)->[Cr](<-[C-]#[O+])(<-[C-]#[O+])(<-[C-]#[O+])(<-[C-]#[O+])<-S1C,CNC(C)=C1[C](OC)->[Cr](<-[C-]#[O+])(<-[C-]#[O+])(<-[C-]#[O+])(<-[C-]#[O+])<-S1C
YEXNOH,[Cl-]->[Zn+2]1(<-[Cl-])<-N(=N\c2cccc(NNc3ccccc3)n->12)/c1ccccc1,C17 H15 Cl2 N5 Zn1,0.0,[Cl-]->[Zn+2]12(<-[Cl-])<-N(=Nc3cccc(NN->1c1ccccc1)n->23)c1ccccc1,[Cl-]->[Zn+2]1(<-[Cl-])<-N(=Nc2cccc(NNc3ccccc3)n->12)c1ccccc1,[Cl-]->[Zn+2]1(<-[Cl-])<-N(=Nc2cccc(NNc3ccccc3)n->12)c1ccccc1
YEYZIL,CC(C)(C)[N-2]->[W+6]12(<-[Cl-])(<-[S-]c3c(F)c(F)c(F)c(F)c3F)<-[N-](p3p([N-]->1C(C)(C)C)n->23C(C)(C)C)C(C)(C)C,C22 H36 Cl1 F5 N4 P2 S1 W1,0.0,fail,CC(C)(C)[N-2]->[W+6]12(<-[Cl-])(<-[S-]c3c(F)c(F)c(F)c(F)c3F)<-[N-](p3p([N-]->1C(C)(C)C)n->23C(C)(C)C)C(C)(C)C,CC(C)(C)[N-2]->[W+6]12(<-[Cl-])(<-[S-]c3c(F)c(F)c(F)c(F)c3F)<-[N-](p3p([N-]->1C(C)(C)C)n->23C(C)(C)C)C(C)(C)C
YIBBAO,C[N-](C)->[Ta+5]12(<-S=C3C=CC=C/C3=C3\C=CC=C(c4ccccc4[S-]->1)[N-]->23)(<-[N-](C)C)<-[N-](C)C,C23 H29 N4 S2 Ta1,0.0,fail,C[N-](C)->[Ta+5]12(<-S=C3C=CC=CC3=C3C=CC=C(c4ccccc4[S-]->1)[N-]->23)(<-[N-](C)C)<-[N-](C)C,C[N-](C)->[Ta+5]12(<-S=C3C=CC=CC3=C3C=CC=C(c4ccccc4[S-]->1)[N-]->23)(<-[N-](C)C)<-[N-](C)C
YIBWEN,C[C]1Nc2c3nc[nH]c3ncn2->[Pt@+2]<-1(<-[Cl-])<-[C-](C)=O,C9 H10 Cl1 N5 O1 Pt1,0.0,fail,C[C]1Nc2c3nc[nH]c3ncn2->[Pt+2]<-1(<-[Cl-])<-[C-](C)=O,C[C]1Nc2c3nc[nH]c3ncn2->[Pt+2]<-1(<-[Cl-])<-[C-](C)=O
YICXAM,COC(=O)c1ccn2->[Ru+2]3(<-[N-]=C=S)(<-[N-]=C=S)(<-N(=C\c4ccccn->34)/c3c(C)cccc3C)<-n3ccc(C(=O)OC)cc3-c2c1,C30 H26 N6 O4 Ru1 S2,0.0,COC(=O)c1ccn2->[Ru+2]3(<-[N-]=C=S)(<-[N-]=C=S)(<-N(=Cc4ccccn->34)c3c(C)cccc3C)<-n3ccc(C(=O)OC)cc3-c2c1,COC(=O)c1ccn2->[Ru+2]3(<-[N-]=C=S)(<-[N-]=C=S)(<-N(=Cc4ccccn->34)c3c(C)cccc3C)<-n3ccc(C(=O)OC)cc3-c2c1,COC(=O)C1=CC2=C3C=C(C(=O)OC)C=C[N-]3->[Ru+4]3(<-[N-]=C=S)(<-[N-]=C=S)(<-N(=Cc4ccccn->34)c3c(C)cccc3C)<-[N-]2C=C1
YIDKOM,N#[N+][N-2]->[Ni+2](<-[N-2][N+]#N)(<-n1cc[nH]c1-c1ncc[nH]1)<-n1cc[nH]c1-c1ncc[nH]1,C12 H12 N14 Ni1,0.0,[N-]=[N+]=[N-]->[Ni+2]12(<-[N-]=[N+]=[N-])(<-n3cc[nH]c3-c3[nH]ccn->13)<-n1cc[nH]c1-c1[nH]ccn->21,N#[N+][N-2]->[Ni+2]12(<-[N-2][N+]#N)(<-n3cc[nH]c3-c3[nH]ccn->13)<-n1cc[nH]c1-c1[nH]ccn->21,N#[N+][N-2]->[Ni+2]12(<-[N-2][N+]#N)(<-n3cc[nH]c3-c3[nH]ccn->13)<-n1cc[nH]c1-c1[nH]ccn->21
YIFKIK,[Cl-]->[Rh+]123(<-C4=C->1/CC/C->2=C->3\CC\4)<-[P@TB3](CCB1[C@H]2CCC[C@@H]1CCC2)(c1ccccc1)c1ccccc1,C30 H40 B1 Cl1 P1 Rh1,0.0,c1ccc(P2(CC[B-]3(Cl->[Rh+]<-2456<-C2=C->4CCC->5=C->6CC2)C2CCCC3CCC2)c2ccccc2)cc1,[Cl-]->[Rh+]123(<-C4=C->1CCC->2=C->3CC4)<-P(CCB1C2CCCC1CCC2)(c1ccccc1)c1ccccc1,[Cl-]->[Rh+]123(<-C4=C->1CCC->2=C->3CC4)<-P(CCB1C2CCCC1CCC2)(c1ccccc1)c1ccccc1
YIGPIN,CCOC(=O)[C-]1(Cc2ccc3cccc4[O-]->[Pd@OH7+2]<-1(<-N[C@@H](C)c1ccccc1)<-n2c43)C(C)=O,C24 H26 N2 O4 Pd1,0.0,CCOC(=O)[C-]1(Cc2ccc3cccc4[O-]->[Pd+2]<-1(<-NC(C)c1ccccc1)<-n2c43)C(C)=O,CCOC(=O)[C-]1(Cc2ccc3cccc4[O-]->[Pd+2]<-1(<-NC(C)c1ccccc1)<-n2c43)C(C)=O,CCOC(=O)[C-]12Cc3ccc4cccc5[O-]->[Pd+2]<-1(<-NC(C)c1ccccc1)(<-n3c54)<-C2(C)=O
YIHPAI,O=C1c2cccn3->[Zn+2]4(<-S=C(OCc5ccccc5)[S-]->4)(<-[S-]C(=S)OCc4ccccc4)<-n4cccc1c4-c23,C27 H20 N2 O3 S4 Zn1,0.0,fail,[O-]c1c2ccc[n-](->[Zn+4]3(<-S=C(OCc4ccccc4)[S-]->3)<-[S-]C(=S)OCc3ccccc3)c-2c2ncccc12,O=c1c2ccc[n-]3->[Zn+4]4(<-S=C(OCc5ccccc5)[S-]->4)(<-[S-]C(=S)OCc4ccccc4)<-[n-]4cccc1-c4c3-2
YIJVOF,Brc1cccc2cccn(->[Au+]<-[P@TB5](c3ccccc3)(c3ccccc3)c3ccccc3)c12,C27 H21 Au1 Br1 N1 P1 1+,1.0,c1ccc(P(c2ccccc2)(c2ccccc2)->[Au+]2<-Brc3cccc4cccn->2c34)cc1,Brc1cccc2cccn(->[Au+]<-P(c3ccccc3)(c3ccccc3)c3ccccc3)c12,Brc1cccc2cccn(->[Au+]<-P(c3ccccc3)(c3ccccc3)c3ccccc3)c12
YIKDOO,CC(=O)[O-]->[Ni@+2]12<-S=C(N=N->1/C(C)=C1/C(C)=NC=C[N-]->21)Nc1ccc(F)cc1,C16 H16 F1 N5 Ni1 O2 S1,0.0,CC(=O)[O-]->[Ni+2]12<-[S-]C(=NN->1=C(C)c1c(C)nccn->21)Nc1ccc(F)cc1,CC(=O)[O-]->[Ni+2]12<-S=C(N=N->1C(C)=C1C(C)=NC=C[N-]->21)Nc1ccc(F)cc1,CC(=O)[O-]->[Ni+2]12<-S=C(N=N->1C(C)=C1C(C)=NC=C[N-]->21)Nc1ccc(F)cc1
YILXIA,C=[C-](C(=O)OC)->[Re+](<-[C-]#[O+])(<-[C-]#[O+])(<-P(C)(C)C)(<-P(C)(C)C)<-P(C)(C)C,C15 H33 O4 P3 Re1,0.0,COC(=O)[C-2](C)->[Re+2](<-[C-]#[O+])(<-[C-]#[O+])(<-P(C)(C)C)(<-P(C)(C)C)<-P(C)(C)C,C=[C-](C(=O)OC)->[Re+](<-[C-]#[O+])(<-[C-]#[O+])(<-P(C)(C)C)(<-P(C)(C)C)<-P(C)(C)C,C=[C-](C(=O)OC)->[Re+](<-[C-]#[O+])(<-[C-]#[O+])(<-P(C)(C)C)(<-P(C)(C)C)<-P(C)(C)C
YIMVOG,,C37 H41 Cl1 Ir1 P2 1+,1.0,[Cl-]->[IrH+2]1234(<-C5=C->1CCC->2=C->3CC5)<-P(c1ccccc1)(c1ccccc1)C1CCCC1P->4(c1ccccc1)c1ccccc1,[Cl-]->[IrH+2]1234(<-C5=C->1CCC->2=C->3CC5)<-P(c1ccccc1)(c1ccccc1)C1CCCC1P->4(c1ccccc1)c1ccccc1,[Cl-]->[IrH+2]1234(<-C5=C->1CCC->2=C->3CC5)<-P(c1ccccc1)(c1ccccc1)C1CCCC1P->4(c1ccccc1)c1ccccc1
YIPFUZ,O[C@@]12/N=c3/c4ccccc4/c4[n-]3->[Co+3]35(<-[c-]6c(cccc6\N=4)/N=C4/c6ccccc6C(=N->34)/N=C(/c3ccccc31)[N-]->52)(<-n1ccccc1)<-n1ccccc1,C40 H26 Co1 N9 O1,0.0,OC12N=c3c4ccccc4c4[n-]3->[Co+3]35(<-[c-]6c(cccc6N=4)N=c4c6ccccc6c([n-]->34)=NC(=N->51)c1ccccc12)(<-n1ccccc1)<-n1ccccc1,OC12N=c3c4ccccc4c4[n-]3->[Co+3]35(<-[c-]6c(cccc6N=4)N=C4c6ccccc6C(=N->34)N=C(c3ccccc31)[N-]->52)(<-n1ccccc1)<-n1ccccc1,OC12N=c3c4ccccc4c4[n-]3->[Co+3]35(<-[c-]6c(cccc6N=4)N=C4c6ccccc6C(=N->34)N=C(c3ccccc31)[N-]->52)(<-n1ccccc1)<-n1ccccc1
YIQQAQ,CC(C)(C)c1pc(C(C)(C)C)[p-](->[Zn+2](<-n2ccccc2)(<-n2ccccc2)<-[p-]2pc(C(C)(C)C)pc2C(C)(C)C)p1,C30 H46 N2 P6 Zn1,0.0,CC(C)(C)c1pc(C(C)(C)C)[pH](->[Zn](<-n2ccccc2)(<-n2ccccc2)<-[pH]2pc(C(C)(C)C)pc2C(C)(C)C)p1,CC(C)(C)c1pc(C(C)(C)C)[p-](->[Zn+2](<-n2ccccc2)(<-n2ccccc2)<-[p-]2pc(C(C)(C)C)pc2C(C)(C)C)p1,CC(C)(C)c1pc(C(C)(C)C)[p-](->[Zn+2](<-n2ccccc2)(<-n2ccccc2)<-[p-]2pc(C(C)(C)C)pc2C(C)(C)C)p1
YIRXUU,C/C=C/CN1c2ccccc2S#C1->[Cu+](<-[Br-])<-C1#Sc2ccccc2N1C/C=C/C,C22 H22 Br1 Cu1 N2 S2,0.0,fail,CC=CCN1c2ccccc2S#C1->[Cu+](<-[Br-])<-C1#Sc2ccccc2N1CC=CC,CC=CCN1c2ccccc2S#C1->[Cu+](<-[Br-])<-C1#Sc2ccccc2N1CC=CC
YISNOF,CCC/N1=C/c2ccccc2[O-]->[Os+2]<-123456(<-[Cl-])<-c1c->2c->3(C(C)C)c->4c->5c->61C,C20 H26 Cl1 N1 O1 Os1,0.0,CCCN1=Cc2ccccc2[O-]->[Os+2]<-123456(<-[Cl-])<-c1c->2c->3(C(C)C)c->4c->5c->61C,CCCN1=Cc2ccccc2[O-]->[Os+2]<-123456(<-[Cl-])<-c1c->2c->3(C(C)C)c->4c->5c->61C,CCCN1=Cc2ccccc2[O-]->[Os+2]<-12(<-[Cl-])<-c1c(C)ccc(C(C)C)c->21
YIVCAH,,C24 H28 Ni1 S4,0.0,CCCCC1[S-]->[Ni+4]2(<-[S-]C(CCCC)=C([S-]->2)c2ccccc2)<-[S-]C=1c1ccccc1,CCCCC1=S->[Ni]2(<-S=C(CCCC)C(=S->2)c2ccccc2)<-S=C1c1ccccc1,CCCCC1=S->[Ni]2(<-S=C(CCCC)C(=S->2)c2ccccc2)<-S=C1c1ccccc1
YIWTAC,CN1(C)CCCN2CCC/N3=C/c4ccccc4[O-]->[Co+3]<-3<-2<-14<-O=C1C=CC=C/C1=C/[O-]->4,C22 H29 Co1 N3 O3 1+,1.0,CN1(C)CCCN2CCCN3=Cc4ccccc4[O-]->[Co+3]<-3<-2<-14<-O=Cc1ccccc1[O-]->4,CN1(C)CCCN2CCCN3=Cc4ccccc4[O-]->[Co+3]<-3<-2<-14<-O=Cc1ccccc1[O-]->4,CN1(C)CCCN2CCCN3=Cc4ccccc4[O-]->[Co+3]<-3<-2<-14<-O=Cc1ccccc1[O-]->4
YIXVUW,[CH3-]->[Pt@+2]1(<-[c-]2cc(F)c(F)c(F)c2/C=N->1/Cc1ccccc1)<-P(c1ccccc1)(c1ccccc1)c1ccccc1,C33 H27 F3 N1 P1 Pt1,0.0,[CH3-]->[Pt+2]1(<-[c-]2cc(F)c(F)c(F)c2C=N->1Cc1ccccc1)<-P(c1ccccc1)(c1ccccc1)c1ccccc1,[CH3-]->[Pt+2]1(<-[c-]2cc(F)c(F)c(F)c2C=N->1Cc1ccccc1)<-P(c1ccccc1)(c1ccccc1)c1ccccc1,[CH3-]->[Pt+2]1(<-[c-]2cc(F)c(F)c(F)c2C=N->1Cc1ccccc1)<-P(c1ccccc1)(c1ccccc1)c1ccccc1
YIYDEQ,[Cl-]->[Pd@+2]12<-N3=CC=C/C3=C/[N-]->1c1ccccc1P->2(c1ccccc1)c1ccccc1,C23 H18 Cl1 N2 P1 Pd1,0.0,[Cl-]->[Pd+2]12<-N(=Cc3ccc[n-]->13)c1ccccc1P->2(c1ccccc1)c1ccccc1,[Cl-]->[Pd+2]12<-N(=Cc3ccc[n-]->13)c1ccccc1P->2(c1ccccc1)c1ccccc1,[Cl-]->[Pd+2]12<-N(=Cc3ccc[n-]->13)c1ccccc1P->2(c1ccccc1)c1ccccc1
YIYVEH,,C24 H26 Mn1 N2 O4 S1 1+,1.0,CN12CCN3=Cc4ccccc4[O-]->[Mn+3]<-3<-14(<-O)<-O=S(CC2c1ccccc1[O-]->4)c1ccccc1,CN12CCN3=Cc4ccccc4[O-]->[Mn+5]<-3<-14(<-[O-2])<-O=S(CC2c1ccccc1[O-]->4)c1ccccc1,CN12CCN3=Cc4ccccc4[O-]->[Mn+5]<-3<-14(<-[O-2])<-O=S(CC2c1ccccc1[O-]->4)c1ccccc1
YIZTIL,,C27 H23 N1 O2 Pt1 S1,0.0,fail,CC1=CC(C)=O->[Pt+2]2(<-[O-]1)<-[c-]1ccsc1-c1c3c(c(-c4ccc5ccccc5c4)cn->21)CCC3,CC1=CC(C)=O->[Pt+2]2(<-[O-]1)<-[c-]1ccsc1-c1c3c(c(-c4ccc5ccccc5c4)cn->21)CCC3
YOBFOK,CC(C)P(C(C)C)(C(C)C)->[Ru+2]1(<-[Cl-])(<-[Cl-])(<-[C-]#[O+])<-[S-][C+]([S-]->1)[P+](C(C)C)(C(C)C)C(C)C,C20 H42 Cl2 O1 P2 Ru1 S2,0.0,fail,CC(C)P(=C1[S-]->[Ru+4](<-[Cl-])(<-[Cl-])(<-[C-]#[O+])(<-[S-]1)<-P(C(C)C)(C(C)C)C(C)C)(C(C)C)C(C)C,CC(C)P(=C1[S-]->[Ru+4](<-[Cl-])(<-[Cl-])(<-[C-]#[O+])(<-[S-]1)<-P(C(C)C)(C(C)C)C(C)C)(C(C)C)C(C)C
YOCPIQ,CS(C)(=O)->[Pt@@+2]1(<-[Cl-])<-[O-]n2ccccc2=S->1,C7 H10 Cl1 N1 O2 Pt1 S2,0.0,CS(C)(=O)->[Pt+]1(<-[Cl-])<-[O-][n+]2ccccc2[S-]->1,CS(C)(=O)->[Pt+2]1(<-[Cl-])<-[O-]n2ccccc2=S->1,CS(C)(=O)->[Pt+2]1(<-[Cl-])<-[O-]n2ccccc2=S->1
YODHAA,C[O-]->[V+5]12(<-[O-2])<-[O-]/C(=C\C(=N->1\N=C(/[O-]->2)c1ccccc1O)C(F)(F)F)c1cccs1,C16 H12 F3 N2 O5 S1 V1,0.0,C[O-]->[V+5]12(<-[O-2])<-[O-]C(=CC(=N->1N=C([O-]->2)c1ccccc1O)C(F)(F)F)c1cccs1,C[O-]->[V+5]12(<-[O-2])<-[O-]C(=CC(=N->1N=C([O-]->2)c1ccccc1O)C(F)(F)F)c1cccs1,C[O-]->[V+5]12(<-[O-2])<-[O-]C(=CC(=N->1N=C([O-]->2)c1ccccc1O)C(F)(F)F)c1cccs1
YODMUB,CC(C)/N1=C/C=[C-](/c2ccccc2)->[Rh+3]<-12345(<-[Cl-])<-c1(C)c->2(C)c->3(C)[c-]->4(C)c->51C,C22 H29 Cl1 N1 Rh1,0.0,CC(C)N1=CC=[C-](c2ccccc2)->[Rh+3]<-12345(<-[Cl-])<-c1(C)c->2(C)c->3(C)[c-]->4(C)c->51C,CC(C)N1=CC=[C-](c2ccccc2)->[Rh+3]<-12345(<-[Cl-])<-c1(C)c->2(C)c->3(C)[c-]->4(C)c->51C,CC(C)N1=CC=[C-](c2ccccc2)->[Rh+3]<-12345(<-[Cl-])<-c1(C)c->2(C)c->3(C)[c-]->4(C)c->51C
YOGCED,,C34 H39 Cl1 Ru1 S1,0.0,fail,Cc1cc(C)c(-c2cccc(-c3c(C)cc(C)cc3C)c2[S-]->[Ru+2]23456(<-[Cl-])<-c7c->2c->3(C(C)C)c->4c->5c->67C)c(C)c1,Cc1cc(C)c(-c2cccc3-c4(->[Ru+2]56789(<-[Cl-])(<-[S-]c23)<-c2c->5c->6(C(C)C)c->7c->8c->92C)c(C)cc(C)cc4C)c(C)c1
YOGWOH,CC[N-]1c2ccccc2-c23->[Ti+4]<-1456(<-[Cl-])(<-[Cl-])<-c2(C)c->4(C)[c-]->5(C)c->63C,C17 H21 Cl2 N1 Ti1,0.0,CC[N-]1c2ccccc2-[c-]23->[Ti+4]<-1456(<-[Cl-])(<-[Cl-])<-c(C)(c->4(C)c->52C)c->63C,CCN1=C2C=CC=CC2=C23->[Ti+2]<-1456(<-[Cl-])(<-[Cl-])<-C2(C)=C->4(C)C->5(C)=C->63C,CCN1=C2C=CC=CC2=C23->[Ti+2]<-1456(<-[Cl-])(<-[Cl-])<-C2(C)=C->4(C)C->5(C)=C->63C
YOJDAC,c1ccc([Si]23(c4ccccc4)->[Ni]45678<-C(#C->4c4ccccc4C->5#C->62)c2ccccc2C->7#C->83)cc1,C30 H18 Ni1 Si1,0.0,fail,c1ccc([Si]2(c3ccccc3)C3->[Ni]4567<-C(#C->4c4ccccc4C->5#C->62)c2ccccc2C->7#3)cc1,c1ccc([Si]2(c3ccccc3)C3->[Ni]4567<-C(#C->4c4ccccc4C->5#C->62)c2ccccc2C->7#3)cc1
YOJVOJ,CC12=N(c3ccccc3)->[Fe+2]<-13(<-[Br-])(<-[Br-])<-N(c1ccccc1)=C->32C,C16 H16 Br2 Fe1 N2,0.0,CC1C(C)=N(c2ccccc2)->[Fe+2](<-[Br-])(<-[Br-])<-N=1c1ccccc1,CC1C(C)=N(c2ccccc2)->[Fe+2](<-[Br-])(<-[Br-])<-N=1c1ccccc1,CC1C(C)=N(c2ccccc2)->[Fe+2](<-[Br-])(<-[Br-])<-N=1c1ccccc1
YOKVAY,CCN(CC)C1/N=C(\[O-]->[Re+5]23(<-[O-2])(<-S=1)<-S=C(/N=C(/c1ccc(F)cc1)[N-]->2/N=C(\[S-]->3)N(C)C)N(CC)CC)c1cc(F)cc(F)c1,C27 H33 F3 N7 O2 Re1 S3,0.0,CCN(CC)C1=NC(=O->[Re+5]23(<-[O-2])(<-[S-]C(=NN->2=C(N=C([S-]->3)N(CC)CC)c2ccc(F)cc2)N(C)C)<-[S-]1)c1cc(F)cc(F)c1,CCN(CC)C1N=C([O-]->[Re+5]23(<-[O-2])(<-S=1)<-S=C(N=C(c1ccc(F)cc1)[N-]->2N=C([S-]->3)N(C)C)N(CC)CC)c1cc(F)cc(F)c1,CCN(CC)C1N=C([O-]->[Re+5]23(<-[O-2])(<-S=1)<-S=C(N=C(c1ccc(F)cc1)[N-]->2N=C([S-]->3)N(C)C)N(CC)CC)c1cc(F)cc(F)c1
YOLJAL,S=C([S-]->[Hg+2]<-[c-]1ccccc1)N1CCOCC1,C11 H13 Hg1 N1 O1 S2,0.0,fail,S=C([S-]->[Hg+2]<-[c-]1ccccc1)N1CCOCC1,c1cc[c-](->[Hg+2]2<-S=C([S-]->2)N2CCOCC2)cc1
YOLVIH,COc1cc(/C=C/C2/C=C(/C=C/c3ccc(O)c(OC)c3)[O-]->[Zn+2]34(<-O=2)(<-O=C(C)[O-]->3)<-n2ccccc2-c2ccccn->42)ccc1O,C33 H30 N2 O8 Zn1,0.0,fail,COc1cc(C=CC2=CC(C=Cc3ccc(O)c(OC)c3)=O->[Zn+2]3(<-[O-]C(C)=O)(<-[O-]2)<-n2ccccc2-c2ccccn->32)ccc1O,COc1cc(C=CC2=CC(C=Cc3ccc(O)c(OC)c3)=O->[Zn+2]345(<-O=C->3(C)[O-]->4)(<-[O-]2)<-n2ccccc2-c2ccccn->52)ccc1O
YOMYAC,Cn1cccc1CN(Cc1ccncc1)C(=S)[S-]->[Hg+2]<-[c-]1ccccc1,C19 H19 Hg1 N3 S2,0.0,fail,Cn1cccc1CN(Cc1ccncc1)C(=S)[S-]->[Hg+2]<-[c-]1ccccc1,Cn1cccc1CN(Cc1ccncc1)C1=S->[Hg+2](<-[S-]1)<-[c-]1ccccc1
YOPCAJ,Cc1cccc(C)c1[N-]1/C(=N\P(C(C)(C)C)(C(C)(C)C)->[Ru+2]<-12345<-c1(C)c->2(C)c->3(C)[c-]->4(C)c->51C)c1ccccc1,C33 H47 N2 P1 Ru1,0.0,Cc1cccc(C)c1[N-]1C(=NP(C(C)(C)C)(C(C)(C)C)->[Ru+2]<-12345<-c1(C)c->2(C)c->3(C)[c-]->4(C)c->51C)c1ccccc1,Cc1cccc(C)c1[N-]1C(=NP(C(C)(C)C)(C(C)(C)C)->[Ru+2]<-12345<-c1(C)c->2(C)c->3(C)[c-]->4(C)c->51C)c1ccccc1,Cc1cccc(C)c1[N-]1C(=NP(C(C)(C)C)(C(C)(C)C)->[Ru+2]<-12345<-c1(C)c->2(C)c->3(C)[c-]->4(C)c->51C)c1ccccc1
YOQJAR,CN(C)[C](c1cccn1C)->[Cr](<-[C-]#[O+])(<-[C-]#[O+])(<-[C-]#[O+])(<-[C-]#[O+])<-[C-]#[O+],C13 H12 Cr1 N2 O5,0.0,CN(C)[C](c1cccn1C)->[Cr](<-[C-]#[O+])(<-[C-]#[O+])(<-[C-]#[O+])(<-[C-]#[O+])<-[C-]#[O+],CN(C)[C](c1cccn1C)->[Cr](<-[C-]#[O+])(<-[C-]#[O+])(<-[C-]#[O+])(<-[C-]#[O+])<-[C-]#[O+],CN(C)[C](c1cccn1C)->[Cr](<-[C-]#[O+])(<-[C-]#[O+])(<-[C-]#[O+])(<-[C-]#[O+])<-[C-]#[O+]
YORGEU,[O+]#[C-]->[Mn+]123(<-[H][B-]->1([H]->2)(/C(=C\c1ccccc1)c1ccccc1)n1c(=N->3)sc2ccccc21)(<-[C-]#[O+])<-[C-]#[O+],C24 H18 B1 Mn1 N2 O3 S1,0.0,fail,[O+]#[C-]->[MnH2-]1(<-[C-]#[O+])(<-[C-]#[O+])<-N=C2Sc3ccccc3[N+]2=B->1C(=Cc1ccccc1)c1ccccc1,[O+]#[C-]->[MnH2-]1(<-[C-]#[O+])(<-[C-]#[O+])<-N=C2Sc3ccccc3[N+]2=B->1C(=Cc1ccccc1)c1ccccc1
YORTIK,CO->[Mo+6]12(<-[O-2])(<-[O-2])<-[O-]/C(=N\N->1=C\c1c(CO)cnc(C)c1[O-]->2)c1ccccc1,C16 H17 Mo1 N3 O6,0.0,CO->[Mo+6]12(<-[O-2])(<-[O-2])<-[O-]C(=NN->1=Cc1c(CO)cnc(C)c1[O-]->2)c1ccccc1,CO->[Mo+6]12(<-[O-2])(<-[O-2])<-[O-]C(=NN->1=Cc1c(CO)cnc(C)c1[O-]->2)c1ccccc1,CO.Cc1ncc(CO)c2c1[O-]->[Mo+6]1(<-[O-2])(<-[O-2])<-[O-]C(c3ccccc3)=NN->1=C2
YOSPEC,,C27 H33 Ir1 N5 1+,1.0,CC#N->[IrH+2]1(<-[CH2-]c2cc(C)cc(C)c2N2C=CN(c3c(C)cc(C)cc3C)[C]->12)(<-N#CC)<-N#CC,CC#N->[IrH+2]1(<-C=C2C=C(C)C=C(C)C2=[N+]2C=CN(c3c(C)cc(C)cc3C)[CH-]->12)(<-N#CC)<-N#CC,CC#N->[IrH+2]1(<-C=C2C=C(C)C=C(C)C2=[N+]2C=CN(c3c(C)cc(C)cc3C)[CH-]->12)(<-N#CC)<-N#CC
YOTKUP,CCOC(=O)/C=C(OC)\C1[C](Nc2ccc(OC)cc2)->[Re+](<-[C-]#[O+])(<-[C-]#[O+])(<-[C-]#[O+])(<-[C-]#[O+])<-[C-]=1/c1cccc2ccccc12,C30 H24 N1 O8 Re1,0.0,CCOC(=O)C=C(OC)C1[C](Nc2ccc(OC)cc2)->[Re+](<-[C-]#[O+])(<-[C-]#[O+])(<-[C-]#[O+])(<-[C-]#[O+])<-[C-]=1c1cccc2ccccc12,CCOC(=O)C=C(OC)C1[C](c2cccc3ccccc23)->[Re+](<-[C-]#[O+])(<-[C-]#[O+])(<-[C-]#[O+])(<-[C-]#[O+])<-[C-]=1Nc1ccc(OC)cc1,CCOC(=O)C=C(OC)C1[C](c2cccc3ccccc23)->[Re+](<-[C-]#[O+])(<-[C-]#[O+])(<-[C-]#[O+])(<-[C-]#[O+])<-[C-]=1Nc1ccc(OC)cc1
YOVXUE,CC(C)OC(=O)c1ccn2->[Pt+2]3(<-[O-]c4ccccc4[O-]->3)<-n3ccc(C(=O)OC(C)C)cc3-c2c1,C24 H24 N2 O6 Pt1,0.0,CC(C)OC(=O)c1ccn2->[Pt+2]3(<-[O-]c4ccccc4[O-]->3)<-n3ccc(C(=O)OC(C)C)cc3-c2c1,CC(C)OC(=O)c1ccn2->[Pt+2]3(<-[O-]c4ccccc4[O-]->3)<-n3ccc(C(=O)OC(C)C)cc3-c2c1,CC(C)OC(=O)C1=CC2=C3C=C(C(=O)OC(C)C)C=C[N-]3->[Pt+4]3(<-[O-]c4ccccc4[O-]->3)<-[N-]2C=C1
YOXJAW,CCP(CC)(CC)->[Pt+2]1(<-[CH-]=Cc2ccccc2[S-]->1)<-P(CC)(CC)CC,C20 H36 P2 Pt1 S1,0.0,fail,CCP(CC)(CC)->[Pt+2]1(<-[CH-]=Cc2ccccc2[S-]->1)<-P(CC)(CC)CC,CCP(CC)(CC)->[Pt]1(<-[CH]C=C2C=CC=CC2=S->1)<-P(CC)(CC)CC
YOXYUF,,C34 H41 Ir1 N2 P2 Si2,0.0,fail,C[Si]1(C)CP(c2ccccc2)(c2ccccc2)->[IrH+2]234(<-[CH2-]C->2=C->3C#N)<-[N-]1[Si](C)(C)CP->4(c1ccccc1)c1ccccc1,C[Si]1(C)CP(c2ccccc2)(c2ccccc2)->[IrH+2]234(<-[CH2-]C->2=C->3C#N)<-[N-]1[Si](C)(C)CP->4(c1ccccc1)c1ccccc1
YOZFOJ,C/[C-]1=[C-](\C)->[Nb+5]<-1234(<-[Cl-])<-[O-]c1ccccc1CN->2(CCN->3(C)C)Cc1ccccc1[O-]->4,C22 H28 Cl1 N2 Nb1 O2,0.0,CC1#C(C)->[Nb+3]<-1234(<-[Cl-])<-[O-]c1ccccc1CN->2(CCN->3(C)C)Cc1ccccc1[O-]->4,CC1#C(C)->[Nb+3]<-1234(<-[Cl-])<-[O-]c1ccccc1CN->2(CCN->3(C)C)Cc1ccccc1[O-]->4,CC1#C(C)->[Nb+3]<-1234(<-[Cl-])<-[O-]c1ccccc1CN->2(CCN->3(C)C)Cc1ccccc1[O-]->4
YUBBIG,Cc1[nH]ccn1->[Zn+2]12<-[O-]C(=O)CN(Cc3ccccn->13)Cc1ccccn->21,C18 H20 N5 O2 Zn1 1+,1.0,Cc1[nH]ccn1->[Zn+2]123<-[O-]C(=O)CN->1(Cc1ccccn->21)Cc1ccccn->31,Cc1[nH]ccn1->[Zn+2]123<-[O-]C(=O)CN->1(Cc1ccccn->21)Cc1ccccn->31,Cc1[nH]ccn1->[Zn+2]123<-[O-]C(=O)CN->1(Cc1ccccn->21)Cc1ccccn->31
YUBZUS,O=S1(=O)[O-]->[Ni+2]23(<-C=C->2[CH2-]->3)<-P(c2ccccc21)(C1CCCCC1)C1CCCCC1,C21 H31 Ni1 O3 P1 S1,0.0,fail,O=S1(=O)[O-]->[Ni+2]23(<-C=C->2[CH2-]->3)<-P(c2ccccc21)(C1CCCCC1)C1CCCCC1,O=S12=O->[Ni+2]34(<-C=C->3[CH2-]->4)(<-[O-]1)<-P(c1ccccc12)(C1CCCCC1)C1CCCCC1
YUCLAL,,C21 H38 Cl1 Ir1 N1 O1 P3,0.0,CC(=O)C=Cc1c[n-](->[IrH+2](<-[Cl-])(<-P(C)(C)C)(<-P(C)(C)C)<-P(C)(C)C)c2ccccc12,CC(=O)C=Cc1c[n-](->[IrH+2](<-[Cl-])(<-P(C)(C)C)(<-P(C)(C)C)<-P(C)(C)C)c2ccccc12,CC(=O)C=Cc1c[n-](->[IrH+2](<-[Cl-])(<-P(C)(C)C)(<-P(C)(C)C)<-P(C)(C)C)c2ccccc12
YUDLUF,CC1/C=C(/C)[O-]->[Zn@@+2](<-O=1)(<-[S-][Si](OC(C)(C)C)(OC(C)(C)C)OC(C)(C)C)<-n1cc[nH]c1C(C)C,C23 H44 N2 O5 S1 Si1 Zn1,0.0,fail,CC1=CC(C)=O->[Zn+2](<-[O-]1)(<-[S-][Si](OC(C)(C)C)(OC(C)(C)C)OC(C)(C)C)<-n1cc[nH]c1C(C)C,CC1=CC(C)=O->[Zn+2](<-[O-]1)(<-[S-][Si](OC(C)(C)C)(OC(C)(C)C)OC(C)(C)C)<-n1cc[nH]c1C(C)C
YUFSUP,C/C1=C(\C)[N-]2CCN3CCN4[C@](C)(O)/C(C)=N(/O)->[Co+3]<-2<-3<-4(<-[Cl-])<-N1=O,C12 H24 Cl1 Co1 N5 O3 1+,1.0,CC1C(C)=N2CCN3CCN4C(C)(O)C(C)=N(O)->[Co+2]<-2<-3<-4(<-[Cl-])<-N=1[O],CC1=C(C)[N-]2CCN3CCN4C(C)(O)C(C)=N(O)->[Co+3]<-2<-3<-4(<-[Cl-])<-N1=O,CC1=C(C)[N-]2CCN3CCN4C(C)(O)C(C)=N(O)->[Co+3]<-2<-3<-4(<-[Cl-])<-N1=O
YUGFAH,Cc12->[W+6]345(<-[S-2])(<-[S-2])(<-[S-]Cc6ccccc6)<-c1(C)c->3(C)[c-]->4(C)c->52C,C17 H22 S3 W1,0.0,Cc12->[W+6]345(<-[S-2])(<-[S-2])(<-[S-]Cc6ccccc6)<-c1(C)c->3(C)[c-]->4(C)c->52C,Cc12->[W+6]345(<-[S-2])(<-[S-2])(<-[S-]Cc6ccccc6)<-c1(C)c->3(C)[c-]->4(C)c->52C,Cc12->[W+6]345(<-[S-2])(<-[S-2])(<-[S-]Cc6ccccc6)<-c1(C)c->3(C)[c-]->4(C)c->52C
YUHMUK,,C26 H28 Cl1 Hg1 N4 O4 S1 1+,1.0,[O-][Cl+3]([O-])([O-])[O-]->[Hg+2]1234<-n5c(CN->16CCS->2CCN->3(Cc1ccc2ccccc2n->41)CC6)ccc1ccccc15,[O-2].[O-2].[O-2].[O-]Cl.c1ccc2c(c1)ccc1n2->[Hg+8]2<-n3c(ccc4ccccc43)CN3CCN(CCS->2CC3)C1,[O-2].[O-2]->[Hg+8]12(<-[O-2])<-n3c(ccc4ccccc43)CN3CCN(CCS->1CC3)Cc1ccc3ccccc3n->21.[O-]Cl
YUJBOV,CC1(C2=CC(=O)c3ccccc3C2=O)n2cccn2->[Pd+2](<-[Cl-])(<-[Cl-])<-n2cccn21,C18 H14 Cl2 N4 O2 Pd1,0.0,CC1(C2=CC(=O)c3ccccc3C2=O)n2cccn2->[Pd+2](<-[Cl-])(<-[Cl-])<-n2cccn21,CC1(c2cc([O-])c3ccccc3c2[O-])n2cccn2->[Pd+4](<-[Cl-])(<-[Cl-])<-n2cccn21,CC12n3cccn3->[Pd+4](<-[Cl-])(<-[Cl-])(<-n3cccn31)<-[c-]21cc([O-])c2ccccc2c1=O
YUKLAS,,C27 H50 La1 O3 Si1 1+,1.0,fail,Cc12->[La+3]34567(<-C=C->3[CH2-]->4)(<-O3CCCC3)(<-O3CCCC3)(<-O3CCCC3)<-c1(C)c->5(C)[c-]->6([Si](C)(C)C)c->72C,C=C[CH2-]->[La+3](<-O1CCCC1)(<-O1CCCC1)(<-O1CCCC1)<-[c-]1([Si](C)(C)C)c(C)c(C)c(C)c1C
YUMPIH,CCS[C@@H]1c2c([O-]->[Ni+2]3(<-[O-]c4c([C@@H](SCC)c5ccccn->35)c(=O)oc3ccccc43)<-n3ccccc31)c1ccccc1oc2=O,C34 H28 N2 Ni1 O6 S2,0.0,CCS1C2c3c([O-]->[Ni+2]<-145(<-[O-]c1c(C(c6ccccn->46)S->5CC)c(=O)oc4ccccc14)<-n1ccccc12)c1ccccc1oc3=O,CCS1C2c3c([O-]->[Ni+2]<-145(<-[O-]c1c(C(c6ccccn->46)S->5CC)c(=O)oc4ccccc14)<-n1ccccc12)c1ccccc1oc3=O,CCS1C2c3c([O-]->[Ni+2]<-145(<-[O-]c1c(C(c6ccccn->46)S->5CC)c(=O)oc4ccccc14)<-n1ccccc12)c1ccccc1oc3=O
YUPVIO,Cc12->[Zr+4]3456789%10(<-[Se-][Se][Se-]->3)(<-c1(C)c->4(C)[c-]->5(C)c->62C)<-c1(C)c->7(C)c->8(C)[c-]->9(C)c->%101C,C20 H30 Se3 Zr1,0.0,Cc12->[Zr+4]3456789%10(<-[Se-][Se][Se-]->3)(<-c1(C)c->4(C)[c-]->5(C)c->62C)<-c1(C)c->7(C)c->8(C)[c-]->9(C)c->%101C,Cc12->[Zr+4]3456789%10(<-[Se-][Se][Se-]->3)(<-c1(C)c->4(C)[c-]->5(C)c->62C)<-c1(C)c->7(C)c->8(C)[c-]->9(C)c->%101C,Cc12->[Zr+4]3456789%10(<-[Se-][Se][Se-]->3)(<-c1(C)c->4(C)[c-]->5(C)c->62C)<-c1(C)c->7(C)c->8(C)[c-]->9(C)c->%101C
YURTOW,,C28 H35 B1 F2 N8 O1 S3 Zn1,0.0,CNC1=NN2=C(C)C(C)=N3N=C(Nc4ccc(C5=C6C(C)=CC(C)=[N+]6[B-](F)(F)n6c(C)cc(C)c65)cc4)[S-]->[Zn+2]<-2<-3(<-O=S(C)C)<-[S-]1,CNC1N=N2C(C)=C(C)N3=NC(NC4=C[CH-]C(=C5c6c(C)cc(C)n6[B-](F)(F)n6c(C)cc(C)c65)C=C4)=S->[Zn+2]<-2<-3(<-O=S(C)C)<-S=1,CNC1N=N2C(C)=C(C)N3=NC(NC4=C[CH-]C(=C5c6c(C)cc(C)n6[B-](F)(F)n6c(C)cc(C)c65)C=C4)=S->[Zn+2]<-2<-3(<-O=S(C)C)<-S=1
YUSPIL,Cc1cccc(C)c1[N-]1[C-](C)(C)->[Ta+5]<-12345(<-[CH3-])(<-[CH3-])<-c1(C)c->2(C)c->3(C)[c-]->4(C)c->51C,C23 H36 N1 Ta1,0.0,Cc1cccc(C)c1[N-]1[C-](C)(C)->[Ta+5]<-12345(<-[CH3-])(<-[CH3-])<-c1(C)c->2(C)c->3(C)[c-]->4(C)c->51C,Cc1cccc(C)c1[N-]1[C-](C)(C)->[Ta+5]<-12345(<-[CH3-])(<-[CH3-])<-c1(C)c->2(C)c->3(C)[c-]->4(C)c->51C,Cc1cccc(C)c1N1=C(C)(C)->[Ta+3]<-12345(<-[CH3-])(<-[CH3-])<-c1(C)c->2(C)c->3(C)[c-]->4(C)c->51C
YUTKON,,C36 H38 P1 Ru1 1+,1.0,CC(C)c12->[RuH+]34567(<-C=C->3c3ccccc3)(<-c(c->41)c->5(C)c->6c->72)<-P(c1ccccc1)(c1ccccc1)c1ccccc1,CC(C)c12->[RuH+]34567(<-C=C->3c3ccccc3)(<-c(c->41)c->5(C)c->6c->72)<-P(c1ccccc1)(c1ccccc1)c1ccccc1,CC(C)c12->[RuH+]34567(<-C=C->3c3ccccc3)(<-c(c->41)c->5(C)c->6c->72)<-P(c1ccccc1)(c1ccccc1)c1ccccc1
YUTVUG,,C24 H30 B1 I1 N6 O1 S2 W1,0.0,Cc1cc(C)[n-]2->[W+6]34(<-[O-2])(<-[I-])(<-[S-][C-]->3=CSCc3ccccc3)<-[n-]3c(C)cc(C)[n+]3[BH-]([n+]12)[n+]1c(C)cc(C)[n-]->41,Cc1cc(C)n2->[W+4]34(<-[O-2])(<-[I-])(<-S=C->3=CSCc3ccccc3)<-n3c(C)cc(C)n3[BH-](n12)n1c(C)cc(C)n->41,Cc1cc(C)n2->[W+4]34(<-[O-2])(<-[I-])(<-S=C->3=CSCc3ccccc3)<-n3c(C)cc(C)n3[BH-](n12)n1c(C)cc(C)n->41
YUVPEM,CN(C)C(N(C)C)=N1c2cccc3cccn(->[Zn+2]<-145(<-O=C([O-]->4)c1ccccc1)<-O=C([O-]->5)c1ccccc1)c23,C28 H28 N4 O4 Zn1,0.0,fail,CN(C)C(N(C)C)=N1c2cccc3cccn(->[Zn+2]<-14(<-O=C([O-]->4)c1ccccc1)<-[O-]C(=O)c1ccccc1)c23,CN(C)C(N(C)C)=N1c2cccc3cccn(->[Zn+2]<-14567(<-O=C->4([O-]->5)c1ccccc1)<-O=C->6([O-]->7)c1ccccc1)c23
YUWDAV,,C26 H36 O1 P3 W1 1+,1.0,C[C-]1([P](C)(C)C)P(c2ccccc2)(c2ccccc2)->[W+3]<-12345(<-[C-]#[O+])(<-c1c->2c->3[cH-]->4c->51)<-P(C)(C)C,CC1(=P(C)(C)C)P(c2ccccc2)(c2ccccc2)->[W+2]<-12345(<-[C-]#[O+])(<-c1c->2c->3[cH-]->4c->51)<-P(C)(C)C,CC1(=P(C)(C)C)P(c2ccccc2)(c2ccccc2)->[W+2]<-12345(<-[C-]#[O+])(<-c1c->2c->3[cH-]->4c->51)<-P(C)(C)C
YUWNOU,COP(OC)(c1ccccc1)->[Pt+2]1(<-[N-2]SN=[Se]->1)<-P(OC)(OC)c1ccccc1,C16 H22 N2 O4 P2 Pt1 S1 Se1,0.0,COP(OC)(c1ccccc1)->[Pt+2]1(<-[N-]=S=N[Se-]->1)<-P(OC)(OC)c1ccccc1,COP(OC)(c1ccccc1)->[Pt+2]1(<-[N-2]SN=[Se]->1)<-P(OC)(OC)c1ccccc1,COP(OC)(c1ccccc1)->[Pt+2]1(<-[N-2]SN=[Se]->1)<-P(OC)(OC)c1ccccc1
YUXWOD,CP(C)(c1ccccc1)->[Re+5](<-[N-3])(<-[Cl-])(<-[O-]S(=O)(=O)C(F)(F)F)(<-P(C)(C)c1ccccc1)<-P(C)(C)c1ccccc1,C25 H33 Cl1 F3 N1 O3 P3 Re1 S1,0.0,CP(C)(c1ccccc1)->[Re+5](<-[N-3])(<-[Cl-])(<-[O-]S(=O)(=O)C(F)(F)F)(<-P(C)(C)c1ccccc1)<-P(C)(C)c1ccccc1,CP(C)(c1ccccc1)->[Re+5](<-[N-3])(<-[Cl-])(<-[O-]S(=O)(=O)C(F)(F)F)(<-P(C)(C)c1ccccc1)<-P(C)(C)c1ccccc1,CP(C)(c1ccccc1)->[Re+5](<-[N-3])(<-[Cl-])(<-[O-]S(=O)(=O)C(F)(F)F)(<-P(C)(C)c1ccccc1)<-P(C)(C)c1ccccc1
YUZGIL,CCCCOC(=O)c1cc2-n3cccn3->[Zn+2]3(<-[O-][N+](=O)[O-])(<-[O-][N+](=O)[O-])<-n2c(-n2cccn->32)c1,C16 H17 N7 O8 Zn1,0.0,CCCCOC(=O)c1cc2-n3cccn3->[Zn+2]345(<-[O-][N+](=O)[O-]->3)(<-[O-][N+](=O)[O-]->4)<-n2c(-n2cccn->52)c1,CCCCOC(=O)c1cc2-n3cccn3->[Zn+2]3(<-[O-][N+](=O)[O-])(<-[O-][N+](=O)[O-])<-n2c(-n2cccn->32)c1,CCCCOC(=O)c1cc2-n3cccn3->[Zn+2]345(<-[O-][N+](=O)[O-]->3)(<-[O-][N+](=O)[O-]->4)<-n2c(-n2cccn->52)c1
ZACFER,Cc12->[Ti+4]3456789%10(<-[OH-])(<-[O-]S(=O)(=O)C(F)(F)F)<-c1(C)c->3(C)[c-]->4([Si](C)(C)[Si](C)(C)[c-]->51c->6(C)c->7(C)c->8(C)c->91C)c->%102C,C23 H37 F3 O4 S1 Si2 Ti1,0.0,Cc12->[Ti+4]3456789%10(<-[OH-])(<-[O-]S(=O)(=O)C(F)(F)F)<-c%11(C)c->3(C)c->4([Si](C)(C)[Si](C)(C)c->51c->6(C)[c-]->7(C)c->82C)[c-]->9(C)c->%10%11C,Cc12->[Ti+4]3456789%10(<-[OH-])(<-[O-]S(=O)(=O)C(F)(F)F)<-c1(C)c->3([Si](C)(C)[Si](C)(C)[c-]->41c->5(C)c->6(C)c->7(C)c->81C)[c-]->9(C)c->%102C,Cc1c(C)c2(C)->[Ti+4]34567(<-[OH-])(<-[O-]S(=O)(=O)C(F)(F)F)<-c8(C)c->3(C)c->4([Si](C)(C)[Si](C)(C)[c-]->52c1C)[c-]->6(C)c->78C
ZAFPOL,CNN(C)C(#C[C]c1ccccc1)->[W](<-[C-]#[O+])(<-[C-]#[O+])(<-[C-]#[O+])(<-[C-]#[O+])<-[C-]#[O+],C16 H12 N2 O5 W1,0.0,CNN(C)[C](C#Cc1ccccc1)->[W](<-[C-]#[O+])(<-[C-]#[O+])(<-[C-]#[O+])(<-[C-]#[O+])<-[C-]#[O+],CNN(C)C(#C[C]c1ccccc1)->[W](<-[C-]#[O+])(<-[C-]#[O+])(<-[C-]#[O+])(<-[C-]#[O+])<-[C-]#[O+],CNN(C)C(#C[C]c1ccccc1)->[W](<-[C-]#[O+])(<-[C-]#[O+])(<-[C-]#[O+])(<-[C-]#[O+])<-[C-]#[O+]
ZAGTEJ,,C20 H36 Cl1 I3 N4 Ru1,0.0,CC(C)(C)[N+]#[C-]->[Ru+](<-[Cl-])(<-[C-]#[N+]C(C)(C)C)(<-[C-]#[N+]C(C)(C)C)(<-[C-]#[N+]C(C)(C)C)<-I[IH]I,CC(C)(C)[N+]#[C-]->[Ru+2](<-[Cl-])(<-[I-])(<-[C-]#[N+]C(C)(C)C)(<-[C-]#[N+]C(C)(C)C)<-[C-]#[N+]C(C)(C)C.II,CC(C)(C)[N+]#[C-]->[Ru+2](<-[Cl-])(<-[I-])(<-[C-]#[N+]C(C)(C)C)(<-[C-]#[N+]C(C)(C)C)<-[C-]#[N+]C(C)(C)C.II
ZAHYEP,Nc1sc2ccccc2n1->[Cd+2](<-n1c(N)sc2ccccc21)(<-[N-]1C(=S)c2ccccc2S1(=O)=O)<-[N-]1C(=S)c2ccccc2S1(=O)=O,C28 H20 Cd1 N6 O4 S6,0.0,fail,Nc1sc2ccccc2n1->[Cd+2](<-[S-]C1=NS(=O)(=O)c2ccccc21)(<-[S-]C1=NS(=O)(=O)c2ccccc21)<-n1c(N)sc2ccccc21,Nc1sc2ccccc2n1->[Cd+2]12(<-O=S3(=O)c4ccccc4C(=S)[N-]->13)(<-O=S1(=O)c3ccccc3C(=S)[N-]->21)<-n1c(N)sc2ccccc21
ZAKGUN,CCC12->[Mn+]345(<-[C-]#[O+])(<-[C-]#[O+])(<-[C-]#[O+])<-C6=C->3[C@@H]3CC[C@H]([C@H]61)[C@](CC)(C->4=2CC)[C-]->53CC,C22 H29 Mn1 O3,0.0,CCC12C3CCC4C5->[Mn+]67(<-[C-]#[O+])(<-[C-]#[O+])(<-[C-]#[O+])(<-C=5C3C->6(CC)=C->71CC)<-[C-]42CC,CCC12C3CCC4C5->[Mn+]67(<-[C-]#[O+])(<-[C-]#[O+])(<-[C-]#[O+])(<-C=5C3C->6(CC)=C->71CC)<-[C-]42CC,CCC12C3CCC4C5->[Mn+]67(<-[C-]#[O+])(<-[C-]#[O+])(<-[C-]#[O+])(<-C=5C3C->6(CC)=C->71CC)<-[C-]42CC
ZALHAY,CCCn1cc2-c3cccc[c-]3->[Os+2]34567(<-[Cl-])(<-c8c->3c->4(C(C)C)c->5c->6c->78C)<-n2n1,C21 H26 Cl1 N3 Os1,0.0,CCCn1cc2-c3cccc[c-]3->[Os+2]34567(<-[Cl-])(<-c8c->3c->4(C(C)C)c->5c->6c->78C)<-n2n1,CCCn1cc2-c3cccc[c-]3->[Os+2]34567(<-[Cl-])(<-c8c->3c->4(C(C)C)c->5c->6c->78C)<-n2n1,CCCn1cc2-c3cccc[c-]3->[Os+2]3(<-[Cl-])(<-c4cc(C)ccc->34C(C)C)<-n2n1
ZANDIB,,C26 H48 F3 N1 O4 Os1 S1 Si1,0.0,CC(C)c1cccc(C(C)C)c1[N-2]->[Os+6](<-[CH2-]C(C)(C)C)(<-[CH2-]C(C)(C)C)(<-[O-][Si](C)(C)C)<-[O-]S(=O)(=O)C(F)(F)F,CC(C)c1cccc(C(C)C)c1[N-2]->[Os+6](<-[CH2-]C(C)(C)C)(<-[CH2-]C(C)(C)C)(<-[O-][Si](C)(C)C)<-[O-]S(=O)(=O)C(F)(F)F,CC(C)c1cccc(C(C)C)c1[N-2]->[Os+6]1(<-[CH2-]C(C)(C)C)(<-[CH2-]C(C)(C)C)(<-O=S(=O)([O-]->1)C(F)(F)F)<-[O-][Si](C)(C)C
ZANZUJ,Fc1c(F)c(F)[c-](->[Pd@OH7+2]2(<-[Br-])<-S=[P@](c3ccccc3)(c3ccccn3)c3ccccn->23)c(F)c1F,C22 H13 Br1 F5 N2 P1 Pd1 S1,0.0,Fc1c(F)c(F)[c-](->[Pd+2]2(<-[Br-])<-S=P(c3ccccc3)(c3ccccn3)c3ccccn->23)c(F)c1F,Fc1c(F)c(F)[c-](->[Pd+2]2(<-[Br-])<-S=P(c3ccccc3)(c3ccccn3)c3ccccn->23)c(F)c1F,Fc1c(F)c(F)[c-](->[Pd+2]23(<-[Br-])<-S=P->2(c2ccccc2)(c2ccccn2)c2ccccn->32)c(F)c1F
ZAQZAV,N#[N+][N-2]->[Ni+2]123<-S=C4C=CC=C/C4=N->1\C->2(=C1C=CC=C[N-]->31)c1ccccc1,C18 H13 N5 Ni1 S1,0.0,fail,N#[N+][N-2]->[Ni+2]12<-S=C3C=CC=CC3=N->1C(=C1C=CC=C[N-]->21)c1ccccc1,N#[N+][N-2]->[Ni+2]12<-S=C3C=CC=CC3=N->1C(=C1C=CC=C[N-]->21)c1ccccc1
ZARVIX,,C30 H27 Cl3 N2 P1 Re1,0.0,[Cl-]->[Re+5](<-[Cl-])(<-[Cl-])(<-[N-2]c1ccccc1)(<-Nc1ccccc1)<-P(c1ccccc1)(c1ccccc1)c1ccccc1,[Cl-]->[Re+7](<-[Cl-])(<-[Cl-])(<-[N-2]c1ccccc1)(<-[N-2]c1ccccc1)<-P(c1ccccc1)(c1ccccc1)c1ccccc1,[Cl-]->[Re+7](<-[Cl-])(<-[Cl-])(<-[N-2]c1ccccc1)(<-[N-2]c1ccccc1)<-P(c1ccccc1)(c1ccccc1)c1ccccc1
ZATJOW,C1=c2ccccc2=CC2=N->[Co+]3456(<-N=C12)<-c1c->3c->4[cH-]->5c->61,C15 H13 Co1 N2,0.0,c1ccc2cc3[NH-]->[Co+3]4567(<-[NH-]c3cc2c1)<-c1c->4c->5[cH-]->6c->71,c1ccc2cc3[NH-]->[Co+3]4567(<-[NH-]c3cc2c1)<-c1c->4c->5[cH-]->6c->71,c1ccc2cc3[NH-]->[Co+3]4567(<-[NH-]c3cc2c1)<-c1c->4c->5[cH-]->6c->71
ZATZUP,N#[C-]->[Pt+2](<-[C-]#N)(<-[C]1NCCO1)<-[C]1NCCO1,C8 H10 N4 O2 Pt1,0.0,fail,N#[C-]->[Pt+2](<-[C-]#N)(<-[C]1NCCO1)<-[C]1NCCO1,N#[C-]->[Pt+2](<-[C-]#N)(<-[C]1NCCO1)<-[C]1NCCO1
ZAWVIC,[O+]#[C-]->[Fe+2]123(<-[C-]#[O+])(<-[C-]#[O+])<-[O-]C->1(/C=C/c1ccccc1)=C->2[CH-]->3c1ccccc1,C20 H14 Fe1 O4,0.0,fail,[O+]#[C-]->[Fe+2]123(<-[C-]#[O+])(<-[C-]#[O+])<-[O-][C-]->1(C=Cc1ccccc1)C->2=C->3c1ccccc1,[O+]#[C-]->[Fe+2]123(<-[C-]#[O+])(<-[C-]#[O+])<-[O-][C-]->1(C=Cc1ccccc1)C->2=C->3c1ccccc1
ZAYPEW,O=[N+]([O-])[O-]->[Cd+2]123(<-n4ccccc4CN->1Cc1ccccn1)<-n1ccccc1CN->2Cc1ccccn->31,C24 H26 Cd1 N7 O3 1+,1.0,O=[N+]([O-])[O-]->[Cd+2]1234(<-n5ccccc5CN->1Cc1ccccn->21)<-n1ccccc1CN->3Cc1ccccn->41,O=[N+]([O-])[O-]->[Cd+2]1234(<-n5ccccc5CN->1Cc1ccccn->21)<-n1ccccc1CN->3Cc1ccccn->41,O=[N+]1[O-]->[Cd+2]234(<-[O-]1)(<-n1ccccc1CN->2Cc1ccccn1)<-n1ccccc1CN->3Cc1ccccn->41
ZAZPUO,CP(c1ccccc1)(c1ccccc1)->[Co+3]12345(<-[C-](=C\[C-]->1(F)C(F)(F)F)/c1ccccc1)<-c1c->2c->3[cH-]->4c->51,C28 H24 Co1 F4 P1,0.0,CP(c1ccccc1)(c1ccccc1)->[Co+3]12345(<-[C-](=C[C-]->1(F)C(F)(F)F)c1ccccc1)<-c1c->2c->3[cH-]->4c->51,CP(c1ccccc1)(c1ccccc1)->[Co+]12345(<-[C](C=C->1(F)C(F)(F)F)c1ccccc1)<-c1c->2c->3[cH-]->4c->51,CP(c1ccccc1)(c1ccccc1)->[Co+]12345(<-[C](C=C->1(F)C(F)(F)F)c1ccccc1)<-c1c->2c->3[cH-]->4c->51
ZEBVIO,CSCCS(C)->[Nb+5](<-[S-2])(<-[Cl-])(<-[Cl-])<-[Cl-],C4 H10 Cl3 Nb1 S3,0.0,CS1CCS(C)->[Nb+5]<-1(<-[S-2])(<-[Cl-])(<-[Cl-])<-[Cl-],CS1CCS(C)->[Nb+5]<-1(<-[S-2])(<-[Cl-])(<-[Cl-])<-[Cl-],CS1CCS(C)->[Nb+5]<-1(<-[S-2])(<-[Cl-])(<-[Cl-])<-[Cl-]
ZECVAE,CC(C)[N-]1C(C)(C)->[Ti+4]<-12345(<-[Cl-])(<-[Cl-])<-c1(C)c->2(C)c->3(C)[c-]->4(C)c->51C,C16 H29 Cl2 N1 Ti1,0.0,CC(C)[N-](C(C)C)->[Ti+4]1234(<-[Cl-])(<-[Cl-])<-c5(C)c->1(C)c->2(C)[c-]->3(C)c->45C,CC(C)[N-](C(C)C)->[Ti+4]1234(<-[Cl-])(<-[Cl-])<-c5(C)c->1(C)c->2(C)[c-]->3(C)c->45C,CC(C)[N-](C(C)C)->[Ti+4]1234(<-[Cl-])(<-[Cl-])<-c5(C)c->1(C)c->2(C)[c-]->3(C)c->45C
ZEFPOP,CC1=C[C](->[W](<-[C-]#[O+])(<-[C-]#[O+])(<-[C-]#[O+])(<-[C-]#[O+])<-[C-]#[O+])N(Cc2ccccc2)CN1Cc1ccccc1,C24 H20 N2 O5 W1,0.0,CC1=C[C](->[W](<-[C-]#[O+])(<-[C-]#[O+])(<-[C-]#[O+])(<-[C-]#[O+])<-[C-]#[O+])N(Cc2ccccc2)CN1Cc1ccccc1,CC1=C[C](->[W](<-[C-]#[O+])(<-[C-]#[O+])(<-[C-]#[O+])(<-[C-]#[O+])<-[C-]#[O+])N(Cc2ccccc2)CN1Cc1ccccc1,CC1=C[C](->[W](<-[C-]#[O+])(<-[C-]#[O+])(<-[C-]#[O+])(<-[C-]#[O+])<-[C-]#[O+])N(Cc2ccccc2)CN1Cc1ccccc1
ZEGJUQ,CC(C)P1(CCP2(C(C)C)[C@@H](C)C3[H]->[Fe+2]<-3<-1<-24567<-c1(C)c->4(C)c->5(C)[c-]->6(C)c->71C)C(C)C,C24 H47 Fe1 P2 1+,1.0,CC(C)P1(CCP(C(C)C)(C(C)C)->[Fe+2]<-12345<-c1(C)c->2(C)c->3(C)[c-]->4(C)c->51C)C(C)C,CC(C)P1(CCP(C(C)C)(C(C)C)->[Fe+2]<-12345<-c1(C)c->2(C)c->3(C)[c-]->4(C)c->51C)C(C)C,CC(C)P1(CCP(C(C)C)(C(C)C)->[Fe+2]<-12345<-c1(C)c->2(C)c->3(C)[c-]->4(C)c->51C)C(C)C
ZEHBUL,Cc1ccc([N-]2[P+](C[C@H](C)N([C@H](C)c3ccccc3)->[Pd+2]<-2(<-[Cl-])<-[Cl-])(c2ccccc2)c2ccccc2)cc1,C30 H33 Cl2 N2 P1 Pd1,0.0,Cc1ccc(N2=P(CC(C)N(C(C)c3ccccc3)->[Pd+2]<-2(<-[Cl-])<-[Cl-])(c2ccccc2)c2ccccc2)cc1,Cc1ccc([N-]2[P+](CC(C)N(C(C)c3ccccc3)->[Pd+2]<-2(<-[Cl-])<-[Cl-])(c2ccccc2)c2ccccc2)cc1,Cc1ccc([N-]2[P+](CC(C)N(C(C)c3ccccc3)->[Pd+2]<-2(<-[Cl-])<-[Cl-])(c2ccccc2)c2ccccc2)cc1
ZEJCIA,[O+]#[C-]->[W+2]12(<-[C-]#[O+])(<-[C-]#[O+])(<-S=c3nccc[n-]->13)<-S=c1nccc[n-]->21,C11 H6 N4 O3 S2 W1,0.0,[O+]#[C-]->[W+2]12(<-[C-]#[O+])(<-[C-]#[O+])(<-[S-]c3ncccn->13)<-[S-]c1ncccn->21,[O+]#[C-]->[W+2]12(<-[C-]#[O+])(<-[C-]#[O+])(<-S=c3nccc[n-]->13)<-S=c1nccc[n-]->21,O=C1=C(=O)->[W+2]<-123(<-[C-]#[O+])(<-S=c1nccc[n-]->21)<-S=c1nccc[n-]->31
ZEJPUB,CC(C)OC(=O)/C1=C(/c2ccc([N+](=O)[O-])cc2)->[Pd]<-12<-P(CCP->2(c1ccccc1)c1ccccc1)(c1ccccc1)c1ccccc1,C38 H37 N1 O4 P2 Pd1,0.0,CC(C)OC(=O)C1=C(c2ccc([N+](=O)[O-])cc2)->[Pd]<-12<-P(CCP->2(c1ccccc1)c1ccccc1)(c1ccccc1)c1ccccc1,CC(C)OC(=O)C1=C(c2ccc([N+](=O)[O-])cc2)->[Pd]<-12<-P(CCP->2(c1ccccc1)c1ccccc1)(c1ccccc1)c1ccccc1,CC(C)OC1(=O)C2=C(c3ccc([N+](=O)[O-])cc3)->[Pd]<-2<-13<-P(CCP->3(c1ccccc1)c1ccccc1)(c1ccccc1)c1ccccc1
ZEJWIW,CC(C)P1(c2ccccc2[N-]2c3ccccc3P(C(C)C)(C(C)C)->[Ni+2]<-2<-13<-O=[C-]->3Nc1ccccc1)C(C)C,C31 H42 N2 Ni1 O1 P2,0.0,CC(C)P1(c2ccccc2[N-]2c3ccccc3P(C(C)C)(C(C)C)->[Ni+]<-2<-1<-[C](=O)Nc1ccccc1)C(C)C,CC(C)P1(c2ccccc2[N-]2c3ccccc3P(C(C)C)(C(C)C)->[Ni+2]<-2<-1<-[C-](=O)Nc1ccccc1)C(C)C,CC(C)P1(c2ccccc2[N-]2c3ccccc3P(C(C)C)(C(C)C)->[Ni+2]<-2<-1<-[C-](=O)Nc1ccccc1)C(C)C
ZELDUR,CC[Si]1(CC)c2cc(C)cc(C(C)(C)C)c2[O-]->[Ti+4]2345(<-[Cl-])(<-[Cl-])<-c16c->21sc(C)cc->31c->41cc(C)s[c-]->561,C26 H32 Cl2 O1 S2 Si1 Ti1,0.0,fail,CC[Si]1(CC)c2cc(C)cc(C(C)(C)C)c2[O-]->[Ti+4]2345(<-[Cl-])(<-[Cl-])<-c16c->21sc(C)cc->31c->41cc(C)s[c-]->561,CC[Si]1(CC)c2cc(C)cc(C(C)(C)C)c2[O-]->[Ti+4]2345(<-[Cl-])(<-[Cl-])<-c16c->21sc(C)cc->31c->41cc(C)s[c-]->561
ZELSIV,C/C1=C/C(C)=N(/c2c(C(C)C)cccc2C(C)C)->[Re+5]2345(<-[O-2])(<-c6c->2c->3[cH-]->4c->56)<-[N-]1c1c(C(C)C)cccc1C(C)C,C34 H46 N2 O1 Re1 1+,1.0,CC1=CC(C)=N(c2c(C(C)C)cccc2C(C)C)->[Re+5]2345(<-[O-2])(<-c6c->2c->3[cH-]->4c->56)<-[N-]1c1c(C(C)C)cccc1C(C)C,CC1=CC(C)=N(c2c(C(C)C)cccc2C(C)C)->[Re+5]2345(<-[O-2])(<-c6c->2c->3[cH-]->4c->56)<-[N-]1c1c(C(C)C)cccc1C(C)C,CC1=CC(C)=N(c2c(C(C)C)cccc2C(C)C)->[Re+5]2345(<-[O-2])(<-c6c->2c->3[cH-]->4c->56)<-[N-]1c1c(C(C)C)cccc1C(C)C
ZENDAA,COC(=O)CCC/N1=C/c2ccccn2->[Pt+2]<-1(<-[Cl-])<-[Cl-],C11 H14 Cl2 N2 O2 Pt1,0.0,COC(=O)CCCN1=Cc2ccccn2->[Pt+2]<-1(<-[Cl-])<-[Cl-],COC(=O)CCCN1=Cc2ccccn2->[Pt+2]<-1(<-[Cl-])<-[Cl-],COC(=O)CCCN1=Cc2ccccn2->[Pt+2]<-1(<-[Cl-])<-[Cl-]
ZEPPUI,CC1=O->[Zn+2]23(<-O=C(/C=C(\[O-]->2)C(F)(F)F)c2ccccc2)(<-[O-]1)<-n1cccc2c4nccnc4c4cccn->3c4c21,C26 H17 F3 N4 O4 Zn1,0.0,fail,CC1=O->[Zn+2]23(<-O=C(C=C([O-]->2)c2ccccc2)C(F)(F)F)(<-[O-]1)<-n1cccc2c4nccnc4c4cccn->3c4c21,CC12=O->[Zn+2]<-134(<-O=C(C=C([O-]->3)c1ccccc1)C(F)(F)F)(<-[O-]2)<-n1cccc2c3nccnc3c3cccn->4c3c21
ZEQJEK,CS(C)(=O)->[Ru+2](<-[Cl-])(<-[Cl-])(<-[C-]#[O+])(<-[C-]#[O+])<-n1ccccc1,C9 H11 Cl2 N1 O3 Ru1 S1,0.0,CS(C)(=O)->[Ru+2](<-[Cl-])(<-[Cl-])(<-[C-]#[O+])(<-[C-]#[O+])<-n1ccccc1,CS(C)(=O)->[Ru+2](<-[Cl-])(<-[Cl-])(<-[C-]#[O+])(<-[C-]#[O+])<-n1ccccc1,CS(C)(=O)->[Ru+2](<-[Cl-])(<-[Cl-])(<-[C-]#[O+])(<-[C-]#[O+])<-n1ccccc1
ZERBUT,C[Si](C)(C)c1cc[cH-](->[Nb+5]2345(<-[Cl-])(<-[N-2]c6ccccc6)<-c6c->2c->3[c-]->4([Si](C)(C)C)c->56)c1,C22 H31 Cl1 N1 Nb1 Si2,0.0,C[Si](C)(C)c12->[Nb+5]3456789(<-[Cl-])(<-[N-2]c%10ccccc%10)(<-c(c->31)[cH-]->4c->52)<-c1c->6c->7([Si](C)(C)C)c->8[cH-]->91,C[Si](C)(C)[c-]12->[Nb+5]3456789(<-[Cl-])(<-[N-2]c%10ccccc%10)(<-c(c->3c->41)c->52)<-c1c->6c->7[c-]->8([Si](C)(C)C)c->91,C[Si](C)(C)[c-]1(->[Nb+5]2345(<-[Cl-])(<-[N-2]c6ccccc6)<-c6c->2c->3[c-]->4([Si](C)(C)C)c->56)cccc1
ZESKOA,CC(C)(C)c1ccc([S-]->[Ni@@+2]23<-S=C4C=CC=C/C4=C/[N-]->2CCN->3(C)C)cc1,C21 H28 N2 Ni1 S2,0.0,fail,CC(C)(C)c1ccc([S-]->[Ni+2]23<-S=C4C=CC=CC4=C[N-]->2CCN->3(C)C)cc1,CC(C)(C)c1ccc([S-]->[Ni+2]23<-S=C4C=CC=CC4=C[N-]->2CCN->3(C)C)cc1
ZESXOM,c1cncc(-c2nn[n-](->[Ni+2](<-n3cccc4ccc5cccnc5c43)(<-n3cccc4ccc5cccnc5c43)<-[n-]3nnc(-c4cccnc4)n3)n2)c1,C36 H24 N14 Ni1,0.0,c1cncc(-c2nn[n-](->[Ni+2]34(<-n5cccc6ccc7cccn->3c7c65)(<-n3cccc5ccc6cccn->4c6c53)<-[n-]3nnc(-c4cccnc4)n3)n2)c1,c1cncc(-c2nn[n-](->[Ni+2]34(<-n5cccc6ccc7cccn->3c7c65)(<-n3cccc5ccc6cccn->4c6c53)<-[n-]3nnc(-c4cccnc4)n3)n2)c1,c1cncc(-c2nn[n-](->[Ni+2]34(<-n5cccc6ccc7cccn->3c7c65)(<-n3cccc5ccc6cccn->4c6c53)<-[n-]3nnc(-c4cccnc4)n3)n2)c1
ZETWIE,CC(C)N1=P([Se-]->[Zn+2]<-12<-[Se-]P(=N->2C(C)C)(C(C)(C)C)C(C)(C)C)(C(C)(C)C)C(C)(C)C,C22 H50 N2 P2 Se2 Zn1,0.0,fail,CC(C)N1=P([Se-]->[Zn+2]<-12<-[Se-]P(=N->2C(C)C)(C(C)(C)C)C(C)(C)C)(C(C)(C)C)C(C)(C)C,CC(C)N1=P([Se-]->[Zn+2]<-12<-[Se-]P(=N->2C(C)C)(C(C)(C)C)C(C)(C)C)(C(C)(C)C)C(C)(C)C
ZEVNIX,,C12 H38 Cl2 P4 W1,0.0,CP(C)(C)->[WH2+2](<-[Cl-])(<-[Cl-])(<-P(C)(C)C)(<-P(C)(C)C)<-P(C)(C)C,CP(C)(C)->[WH2+2](<-[Cl-])(<-[Cl-])(<-P(C)(C)C)(<-P(C)(C)C)<-P(C)(C)C,CP(C)(C)->[WH2+2](<-[Cl-])(<-[Cl-])(<-P(C)(C)C)(<-P(C)(C)C)<-P(C)(C)C
ZEXFUD,,C35 H32 Co1 P1,0.0,CC#C[C-]1=C(C)C(C)=[C-](C#CC)->[Co+3]<-12345(<-c1c->2c->3[cH-]->4c->51)<-P(c1ccccc1)(c1ccccc1)c1ccccc1,CC#C[C-]1=C(C)C(C)=[C-](C#CC)->[Co+3]<-12345(<-c1c->2c->3[cH-]->4c->51)<-P(c1ccccc1)(c1ccccc1)c1ccccc1,CC#C[C-]1=C(C)C(C)=[C-](C#CC)->[Co+3]<-12345(<-c1c->2c->3[cH-]->4c->51)<-P(c1ccccc1)(c1ccccc1)c1ccccc1
ZEYSEB,,C20 H18 Cl2 Zr1,0.0,Cc1ccc23->[Zr+4]456789%10(<-[Cl-])(<-[Cl-])(<-c%11c->4c->5[cH-]->6c->7%11)<-[cH-](c->82c1)c->91cc(C)ccc->%1013,Cc1ccc23->[Zr+4]456789%10(<-[Cl-])(<-[Cl-])(<-c%11c->4c->5[cH-]->6c->7%11)<-[cH-](c->82c1)c->91cc(C)ccc->%1013,Cc1ccc23->[Zr+4]456789%10(<-[Cl-])(<-[Cl-])(<-c%11c->4c->5[cH-]->6c->7%11)<-[cH-](c->82c1)c->91cc(C)ccc->%1013
ZEZFOZ,C/C1=C/C(C)=N2->[V+5]345678(<-[O-2])<-N(=C(C)\C=C(\C)[N-]->3c->43ccccc->53\2)/c->62ccccc->72[N-]->81,C22 H22 N4 O1 V1 1+,1.0,CC1=CC(C)=N2->[V+5]34(<-[O-2])<-N(=C(C)C=C(C)[N-]->3c3ccccc32)c2ccccc2[N-]->41,Cc1cc(C)[n-]2->[V+7]34(<-[O-2])<-n1c1ccccc1[n-]->3[c-](C)cc(C)[n-]->4c1ccccc12,Cc1cc(C)[n-]2->[V+7]34(<-[O-2])<-n1c1ccccc1[n-]->3[c-](C)cc(C)[n-]->4c1ccccc12
ZIBLEB,,C18 H21 N7 Ni1 O1 S2,0.0,CO->[Ni+2]12(<-[N-]=C=S)(<-[N-]=C=S)<-n3cccn3CN->1(Cc1ccccc1)Cn1cccn->21,CO->[Ni+2]12(<-[N-]=C=S)(<-[N-]=C=S)<-n3cccn3CN->1(Cc1ccccc1)Cn1cccn->21,CO.S=C=[N-]->[Ni+2]12(<-[N-]=C=S)<-n3cccn3CN->1(Cc1ccccc1)Cn1cccn->21
ZIDTAH,C[Si](C)(C)[O-]->[Ti+4]123<-[N-](CCN->1(CC[N-]->2[Si](C)(C)C)CC[N-]->3[Si](C)(C)C)[Si](C)(C)C,C18 H48 N4 O1 Si4 Ti1,0.0,C[Si](C)(C)[O-]->[Ti+4]123<-[N-](CCN->1(CC[N-]->2[Si](C)(C)C)CC[N-]->3[Si](C)(C)C)[Si](C)(C)C,C[Si](C)(C)[O-]->[Ti+4]123<-[N-](CCN->1(CC[N-]->2[Si](C)(C)C)CC[N-]->3[Si](C)(C)C)[Si](C)(C)C,C[Si](C)(C)[O-]->[Ti+4]123<-[N-](CCN->1(CC[N-]->2[Si](C)(C)C)CC[N-]->3[Si](C)(C)C)[Si](C)(C)C
ZIGPEK,C[N+]1(C)[O-]->[Mo+6]23(<-[O-2])(<-O=P(c4ccccc4)(c4ccccc4)c4ccccc41)(<-[O-][O-]->2)<-[O-][O-]->3,C20 H20 Mo1 N1 O7 P1,0.0,C[N+]1(C)[O-]->[Mo+6]23(<-[O-2])(<-O=P(c4ccccc4)(c4ccccc4)c4ccccc41)(<-[O-][O-]->2)<-[O-][O-]->3,C[N+]1(C)[O-]->[Mo+6]23(<-[O-2])(<-O=P(c4ccccc4)(c4ccccc4)c4ccccc41)(<-[O-][O-]->2)<-[O-][O-]->3,C[N+]1(C)[O-]->[Mo+6]23(<-[O-2])(<-O=P(c4ccccc4)(c4ccccc4)c4ccccc41)(<-[O-][O-]->2)<-[O-][O-]->3
ZIHMUY,CC(C)N(C(C)C)[P+]1(N(C(C)C)C(C)C)C([Si](C)(C)C)=C(C(C)(C)C)[P-]1->[W](<-[C-]#[O+])(<-[C-]#[O+])(<-[C-]#[O+])(<-[C-]#[O+])<-[C-]#[O+],C26 H46 N2 O5 P2 Si1 W1,0.0,CC(C)N(C(C)C)P1(N(C(C)C)C(C)C)=P(->[W](<-[C-]#[O+])(<-[C-]#[O+])(<-[C-]#[O+])(<-[C-]#[O+])<-[C-]#[O+])C(C(C)(C)C)=C1[Si](C)(C)C,CC(C)N(C(C)C)[P+]1(N(C(C)C)C(C)C)C([Si](C)(C)C)=C(C(C)(C)C)[P-]1->[W](<-[C-]#[O+])(<-[C-]#[O+])(<-[C-]#[O+])(<-[C-]#[O+])<-[C-]#[O+],CC(C)N(C(C)C)[P+]1(N(C(C)C)C(C)C)C([Si](C)(C)C)=C(C(C)(C)C)[P-]1->[W](<-[C-]#[O+])(<-[C-]#[O+])(<-[C-]#[O+])(<-[C-]#[O+])<-[C-]#[O+]
ZIHYOG,,C43 H29 Cl1 Ir1 N3 O1,0.0,Clc1ccc(N2=C([O-]->[Ir+3]<-234(<-[c-]2ccccc2-c2ccc5ccccc5n->32)<-[c-]2ccccc2-c2ccc3ccccc3n->42)c2ccccc2)cc1,Clc1ccc(N2=C([O-]->[Ir+3]<-234(<-[c-]2ccccc2-c2ccc5ccccc5n->32)<-[c-]2ccccc2-c2ccc3ccccc3n->42)c2ccccc2)cc1,Clc1ccc(N2=C([O-]->[Ir+3]<-234(<-[c-]2ccccc2-c2ccc5ccccc5n->32)<-[c-]2ccccc2-c2ccc3ccccc3n->42)c2ccccc2)cc1
ZIJMEN,,C27 H33 Cl1 O4 P2 Pd1,0.0,fail,CC(C)(C)P([O-])(c1ccccc1)->[Pd+2]12(<-O=C->1([O-]->2)c1cccc(Cl)c1)<-P(O)(c1ccccc1)C(C)(C)C,CC(C)(C)P([O-])(c1ccccc1)->[Pd+2]12(<-O=C->1([O-]->2)c1cccc(Cl)c1)<-P(O)(c1ccccc1)C(C)(C)C
ZIKDAY,,C25 H21 Cr1 N1 O6,0.0,CC1(C)O[C-2](->[Cr+2](<-[C-]#[O+])(<-[C-]#[O+])(<-[C-]#[O+])(<-[C-]#[O+])<-[C-]#[O+])C=C1N(Cc1ccccc1)Cc1ccccc1,CC1(C)O[C](->[Cr](<-[C-]#[O+])(<-[C-]#[O+])(<-[C-]#[O+])(<-[C-]#[O+])<-[C-]#[O+])C=C1N(Cc1ccccc1)Cc1ccccc1,CC1(C)O[C](->[Cr](<-[C-]#[O+])(<-[C-]#[O+])(<-[C-]#[O+])(<-[C-]#[O+])<-[C-]#[O+])C=C1N(Cc1ccccc1)Cc1ccccc1
ZILTIA,Nc1ccc(S(=O)(=O)[N-](c2ncccn2)->[Zn+2](<-N)(<-O)<-[N-](c2ncccn2)S(=O)(=O)c2ccc(N)cc2)cc1,C20 H23 N9 O5 S2 Zn1,0.0,Nc1ccc(S(=O)(=O)[N-]c2ncccn2->[Zn+2]2(<-N)(<-O)<-n3cccnc3[N-]->2S(=O)(=O)c2ccc(N)cc2)cc1,Nc1ccc(S(=O)(=O)[N-](c2ncccn2)->[Zn+2](<-N)(<-O)<-n2cccnc2N=S(=O)([O-])c2ccc(N)cc2)cc1,Nc1ccc(S(=O)(=O)[N-](c2ncccn2)->[Zn+2]2(<-N)(<-O)<-n3cccnc3[N-]->2S(=O)(=O)c2ccc(N)cc2)cc1
ZINHEM,CC1/C=C(/C)[O-]->[Ir+3]23(<-O=1)(<-[C]1N(C)C=CN1c1cccc[c-]->21)<-[c-]1ccccc1-c1c2ccccc2ccn->31,C30 H26 Ir1 N3 O2,0.0,fail,CC1=CC(C)=O->[Ir+3]23(<-[O-]1)(<-[C]1N(C)C=CN1c1cccc[c-]->21)<-[c-]1ccccc1-c1c2ccccc2ccn->31,CC1=CC(C)=O->[Ir+3]23(<-[O-]1)(<-[C]1N(C)C=CN1c1cccc[c-]->21)<-[c-]1ccccc1-c1c2ccccc2ccn->31
ZIPDUX,[O-2]->[Mo@OH2+4]123<-[S-]c4ccccc4S->1CCSCCS->2c1ccccc1[S-]->3,C16 H16 Mo1 O1 S5,0.0,fail,[O-2]->[Mo+4]1234<-[S-]c5ccccc5S->1CCS->2CCS->3c1ccccc1[S-]->4,[O-2]->[Mo+4]1234<-[S-]c5ccccc5S->1CCS->2CCS->3c1ccccc1[S-]->4
ZIPWUT,CC1(C)c2cc3n4->[Zn+2]56(<-[Br-])<-n2c(nc2ccc7ccc8ccc(nc4C(C)(C)C3(C)C)n->5c8c7-[n-]->6-2)C1(C)C,C29 H31 Br1 N6 Zn1,0.0,CC1(C)c2cc3[n-]4->[Zn+2]56(<-[Br-])<-n2c(nc2ccc7ccc8ccc(nc4C(C)(C)C3(C)C)n->5c8c7n->62)C1(C)C,CC1(C)c2cc3[n-]4->[Zn+2]56(<-[Br-])<-n2c(nc2ccc7ccc8ccc(nc4C(C)(C)C3(C)C)n->5c8c7n->62)C1(C)C,CC1(C)c2cc3[n-]4->[Zn+2]56(<-[Br-])<-n2c(nc2ccc7ccc8ccc(nc4C(C)(C)C3(C)C)n->5c8c7n->62)C1(C)C
ZIRVED,Cn1c[n+](C)c2c3cccn4->[Re+](<-[Cl-])(<-[C-]#[O+])(<-[C-]#[O+])(<-[C-]#[O+])<-n5cccc(c21)c5c34,C18 H13 Cl1 N4 O3 Re1 1+,1.0,Cn1c[n+](C)c2c3cccn4->[Re+](<-[Cl-])(<-[C-]#[O+])(<-[C-]#[O+])(<-[C-]#[O+])<-n5cccc(c21)c5c34,Cn1c[n+](C)c2c3cccn4->[Re+](<-[Cl-])(<-[C-]#[O+])(<-[C-]#[O+])(<-[C-]#[O+])<-n5cccc(c21)c5c34,Cn1c[n+](C)c2c3cccn4->[Re+](<-[Cl-])(<-[C-]#[O+])(<-[C-]#[O+])(<-[C-]#[O+])<-n5cccc(c21)c5c34
ZISVEE,Cc1ccc(C(=O)c2ccccc2C(=O)[O-]->[Zn+2]2(<-[O-]C(=O)c3ccccc3C(=O)c3ccc(C)cc3)<-n3cccc4ccc5cccn->2c5c43)cc1,C42 H30 N2 O6 Zn1,0.0,fail,Cc1ccc(C(=O)c2ccccc2C(=O)[O-]->[Zn+2]2(<-[O-]C(=O)c3ccccc3C(=O)c3ccc(C)cc3)<-n3cccc4ccc5cccn->2c5c43)cc1,Cc1ccc(C(=O)c2ccccc2C23=O->[Zn+2]<-2456(<-O=C->4([O-]->5)c2ccccc2C(=O)c2ccc(C)cc2)(<-[O-]3)<-n2cccc3ccc4cccn->6c4c32)cc1
ZITHUI,CC[N-]1/C(=N(/C(C)(C)C)->[Hf+4]<-12345(<-[Cl-])(<-[Cl-])<-c1(C)c->2(C)c->3(C)[c-]->4(C)c->51C)C(F)(F)F,C18 H29 Cl2 F3 Hf1 N2,0.0,CCN1=C([N-](C(C)(C)C)->[Hf+4]<-12345(<-[Cl-])(<-[Cl-])<-c1(C)c->2(C)c->3(C)[c-]->4(C)c->51C)C(F)(F)F,CC[N-]1C(=N(C(C)(C)C)->[Hf+4]<-12345(<-[Cl-])(<-[Cl-])<-c1(C)c->2(C)c->3(C)[c-]->4(C)c->51C)C(F)(F)F,CC[N-]1C(=N(C(C)(C)C)->[Hf+4]<-12345(<-[Cl-])(<-[Cl-])<-c1(C)c->2(C)c->3(C)[c-]->4(C)c->51C)C(F)(F)F
ZIWCAJ,,C12 H16 O6 W1,0.0,COC12=O->[W]<-13456(<-[C-]#[O+])(<-[C-]#[O+])(<-C=C->32C)<-C=C->4(C)C->5(OC)=O->6,COC12=O->[W]<-13456(<-[C-]#[O+])(<-[C-]#[O+])(<-C=C->32C)<-C=C->4(C)C->5(OC)=O->6,COC12=O->[W]<-13456(<-[C-]#[O+])(<-[C-]#[O+])(<-C=C->32C)<-C=C->4(C)C->5(OC)=O->6
ZIYDAM,CC(C)(C)c12->[Ti+4]3456789%10(<-[Cl-])(<-[Cl-])<-c1c->3([Si](C)(C)C)[c-]->4([Si](C)(C)[c-]->51c->6c->7(C(C)(C)C)c->8c->91[Si](C)(C)C)c->%102,C26 H46 Cl2 Si3 Ti1,0.0,CC(C)(C)c12->[Ti+4]3456789%10(<-[Cl-])(<-[Cl-])<-c%11c->3(C(C)(C)C)[cH-]->4c->5([Si](C)(C)c->6(c->71)c->8([Si](C)(C)C)[cH-]->92)c->%10%11[Si](C)(C)C,CC(C)(C)c12->[Ti+4]3456789%10(<-[Cl-])(<-[Cl-])<-c1c->3([Si](C)(C)C)[c-]->4([Si](C)(C)[c-]->51c->6c->7(C(C)(C)C)c->8c->91[Si](C)(C)C)c->%102,CC(C)(C)c12->[Ti+4]3456789%10(<-[Cl-])(<-[Cl-])<-c1c->3([Si](C)(C)C)[c-]->4([Si](C)(C)[c-]->51c->6c->7(C(C)(C)C)c->8c->91[Si](C)(C)C)c->%102
ZIZWAJ,O=C1CN23CC[O-]->[Zr+4]<-2456(<-[O-]1)(<-[O-]C(=O)C3)<-[O-]C(=O)CN->4(CCO->5)CC(=O)[O-]->6,C12 H17 N2 O10 Zr1 1-,-1.0,O=C1CN23CC[O-]->[Zr+4]<-2456(<-[O-]1)(<-[O-]C(=O)C3)<-[O-]C(=O)CN->4(CCO->5)CC(=O)[O-]->6,O=C1CN23CC[O-]->[Zr+4]<-2456(<-[O-]1)(<-[O-]C(=O)C3)<-[O-]C(=O)CN->4(CCO->5)CC(=O)[O-]->6,O=C1CN23CC[O-]->[Zr+4]<-2456(<-[O-]1)(<-[O-]C(=O)C3)<-[O-]C(=O)CN->4(CCO->5)CC(=O)[O-]->6
ZOCPUC,,C26 H48 N4 Si2 Ti1,0.0,CC(C)c1cccc(C(C)C)c1N([Si](C)(C)C)[Si]1(N)[NH-]->[Ti+4]2345(<-[CH3-])(<-[NH-]1)<-c1(C)c->2(C)c->3(C)[c-]->4(C)c->51C,CC(C)c1cccc(C(C)C)c1N([Si](C)(C)C)[Si]1(N)[NH-]->[Ti+4]2345(<-[CH3-])(<-[NH-]1)<-c1(C)c->2(C)c->3(C)[c-]->4(C)c->51C,CC(C)c1cccc(C(C)C)c1[N-][Si](C)(C)C.Cc12->[Ti+4]3456(<-[CH3-])(<-N=[Si](N)[NH-]->3)<-c1(C)c->4(C)[c-]->5(C)c->62C
ZODNOY,,C29 H43 B1 N6 O2 Se1 Si1 W1,0.0,Cc1cc(C)[n-]2->[W+4]3(<-[C-3][Se]C#C[Si](C(C)C)(C(C)C)C(C)C)(<-[C-]#[O+])(<-[C-]#[O+])<-[n-]4c(C)cc(C)[n+]4[BH-]([n+]12)[n+]1c(C)cc(C)[n-]->31,Cc1cc(C)n2->[W+4]3(<-[C-3][Se]C#C[Si](C(C)C)(C(C)C)C(C)C)(<-[C-]#[O+])(<-[C-]#[O+])<-n4c(C)cc(C)n4[BH-](n12)n1c(C)cc(C)n->31,Cc1cc(C)n2->[W+4]3(<-[C-3][Se]C#C[Si](C(C)C)(C(C)C)C(C)C)(<-[C-]#[O+])(<-[C-]#[O+])<-n4c(C)cc(C)n4[BH-](n12)n1c(C)cc(C)n->31
ZOFVAU,CCO[P+]1(OCC)[O-]->[Ti+4](<-[N-](C)C)(<-[N-](C)C)(<-[N-](C)C)<-[N-]1c1c(C)cccc1C,C18 H37 N4 O3 P1 Ti1,0.0,CCOP1(OCC)=O->[Ti+4](<-[N-](C)C)(<-[N-](C)C)(<-[N-](C)C)<-[N-]1c1c(C)cccc1C,CCO[P+]1(OCC)[O-]->[Ti+4](<-[N-](C)C)(<-[N-](C)C)(<-[N-](C)C)<-[N-]1c1c(C)cccc1C,CCO[P+]1(OCC)[O-]->[Ti+4](<-[N-](C)C)(<-[N-](C)C)(<-[N-](C)C)<-[N-]1c1c(C)cccc1C
ZOGMIT,COc1cccc(/C=N/c2ccc(N)cc2)n1->[Hg+2](<-[Cl-])<-[Cl-],C13 H13 Cl2 Hg1 N3 O1,0.0,COc1cccc2C=N(c3ccc(N)cc3)->[Hg+2](<-[Cl-])(<-[Cl-])<-n21,COc1cccc2C=N(c3ccc(N)cc3)->[Hg+2](<-[Cl-])(<-[Cl-])<-n21,COc1cccc(C=Nc2ccc(N)cc2)n1->[Hg+2](<-[Cl-])<-[Cl-]
ZOHGOV,,C24 H26 N6 O1 Pd1,0.0,CCCCn1ncn2->[Pd+2]34<-[c-]5c(Oc6cccc(-c7n(CCCC)ncn->37)[c-]->46)cccc5-c12,CCCCn1ncn2->[Pd+2]34<-[c-]5c(Oc6cccc(-c7n(CCCC)ncn->37)[c-]->46)cccc5-c12,CCCCn1ncn2->[Pd+2]34<-[c-]5c(Oc6cccc(-c7n(CCCC)ncn->37)[c-]->46)cccc5-c12
ZOJJOX,O=C1[O-]->[V+5]23(<-[O-2])(<-[O-]CCO->2)<-[O-]c2ccccc2/C=N->3/[C@H]1Cc1ccccc1,C18 H18 N1 O6 V1,0.0,O=C1[O-]->[V+5]23(<-[O-2])(<-[O-]CCO->2)<-[O-]c2ccccc2C=N->3C1Cc1ccccc1,O=C1[O-]->[V+5]23(<-[O-2])(<-[O-]CCO->2)<-[O-]c2ccccc2C=N->3C1Cc1ccccc1,O=C1[O-]->[V+5]2(<-[O-2])(<-[O-]CCO)<-[O-]c3ccccc3C=N->2C1Cc1ccccc1
ZOJWOM,,C15 H11 Cl1 Cu1 N3 1+,1.0,[Cl-]->[Cu+2]12<-N(=Cc3ccccn->13)c1cccc3cccn->2c13,[Cl-]->[Cu+3]12<-N(=C=C3C=CC=C[N-]->13)c1cccc3cccn->2c13,[Cl-]->[Cu+3]12<-N(=C=C3C=CC=C[N-]->13)c1cccc3cccn->2c13
ZOLMUI,[O+]#[C-]->[Ni]1(<-[C-]#[O+])<-P2(c3ccccc3)N3c4ccccc4N2[P@](=S)(c2ccccc2)N2c4ccccc4N(P->12c1ccccc1)[P@]3(=S)c1ccccc1,C38 H28 N4 Ni1 O2 P4 S2,0.0,[O+]#[C-]->[Ni]1(<-[C-]#[O+])<-P2(c3ccccc3)N3c4ccccc4N2P(=S)(c2ccccc2)N2c4ccccc4N(P3(=S)c3ccccc3)P->12c1ccccc1,[O+]#[C-]->[Ni-2]1(<-[C-]#[O+])<-P2(c3ccccc3)N3c4ccccc4N2P(=S)(c2ccccc2)[n+]2c4ccccc4n([p+]->12-c1ccccc1)P3(=S)c1ccccc1,[O+]#[C-]->[Ni-2]1(<-[C-]#[O+])<-P2(c3ccccc3)N3c4ccccc4N2P(=S)(c2ccccc2)[n+]2c4ccccc4n([p+]->12-c1ccccc1)P3(=S)c1ccccc1
ZOLWIJ,CC(C)N1c2ccccc2N(C(C)C)[C]1->[Pd@OH7+2](<-[Br-])(<-[Br-])<-[C]1N(Cc2ccccc2)CCCCN1Cc1ccccc1,C32 H40 Br2 N4 Pd1,0.0,CC(C)N1c2ccccc2N(C(C)C)[C]1->[Pd+2](<-[Br-])(<-[Br-])<-[C]1N(Cc2ccccc2)CCCCN1Cc1ccccc1,CC(C)N1c2ccccc2N(C(C)C)[C]1->[Pd+2](<-[Br-])(<-[Br-])<-[C]1N(Cc2ccccc2)CCCCN1Cc1ccccc1,CC(C)N1c2ccccc2N(C(C)C)[C]1->[Pd+2](<-[Br-])(<-[Br-])<-[C]1N(Cc2ccccc2)CCCCN1Cc1ccccc1
ZOMGEN,CCN1(CC)CC[CH2-]->[Re+7]<-1(<-[O-2])(<-[O-2])<-[O-2],C7 H16 N1 O3 Re1,0.0,CCN1(CC)CC[CH2-]->[Re+7]<-1(<-[O-2])(<-[O-2])<-[O-2],CCN1(CC)CC[CH2-]->[Re+7]<-1(<-[O-2])(<-[O-2])<-[O-2],CCN(CC)CC[CH2-]->[Re+7](<-[O-2])(<-[O-2])<-[O-2]
ZOMNIB,CC12CN3C=CN(Cc4ccccc4)[C]3->[Ru+2]<-13456(<-C=2)(<-c1c->3c->4[cH-]->5c->61)<-P(c1ccccc1)(c1ccccc1)c1ccccc1,C37 H36 N2 P1 Ru1 1+,1.0,CC12CN3C=CN(Cc4ccccc4)[C]3->[Ru+2]<-13456(<-C=2)(<-c1c->3c->4[cH-]->5c->61)<-P(c1ccccc1)(c1ccccc1)c1ccccc1,CC12CN3C=CN(Cc4ccccc4)[C]3->[Ru+2]<-13456(<-C=2)(<-c1c->3c->4[cH-]->5c->61)<-P(c1ccccc1)(c1ccccc1)c1ccccc1,CC12CN3C=CN(Cc4ccccc4)[C]3->[Ru+2]<-13456(<-C=2)(<-c1c->3c->4[cH-]->5c->61)<-P(c1ccccc1)(c1ccccc1)c1ccccc1
ZONTEB,CCOC1/C=[C-](/C)->[Ru+2](<-[C-]#[O+])(<-[C-]#[O+])(<-O=1)(<-P(C)(C)c1ccccc1)<-P(C)(C)c1ccccc1,C24 H31 O4 P2 Ru1 1+,1.0,CCOC1C=[C-](C)->[Ru+2](<-[C-]#[O+])(<-[C-]#[O+])(<-O=1)(<-P(C)(C)c1ccccc1)<-P(C)(C)c1ccccc1,CCOC1C=[C-](C)->[Ru+2](<-[C-]#[O+])(<-[C-]#[O+])(<-O=1)(<-P(C)(C)c1ccccc1)<-P(C)(C)c1ccccc1,CCOC1C=[C-](C)->[Ru+2](<-[C-]#[O+])(<-[C-]#[O+])(<-O=1)(<-P(C)(C)c1ccccc1)<-P(C)(C)c1ccccc1
ZOPTOP,,C29 H32 Cl2 N2 Ru1,0.0,Cc1cc(C)c(CN2C=CN3c4ccc(Cl)c[c-]4->[Ru+2]45678(<-[Cl-])(<-[C]23)<-c2c->4c->5(C(C)C)c->6c->7c->82C)c(C)c1,Cc1cc(C)c(CN2C=CN3c4ccc(Cl)c[c-]4->[Ru+2]45678(<-[Cl-])(<-[C]23)<-c2c->4c->5(C(C)C)c->6c->7c->82C)c(C)c1,Cc1cc(C)c(CN2C=CN3c4ccc(Cl)c[c-]4->[Ru+2]45678(<-[Cl-])(<-[C]23)<-c2c->4c->5(C(C)C)c->6c->7c->82C)c(C)c1
ZOQQUR,,C13 H8 I1 N1 O7 W1,0.0,O=C1CCC(=O)N1OC(=O)c12->[W+2]345(<-[I-])(<-[C-]#[O+])(<-[C-]#[O+])(<-[C-]#[O+])<-c(c->31)[cH-]->4c->52,O=C1C=CC(=O)N1OC(=O)[C-]12->[W+4]345(<-[I-])(<-[C-]#[O+])(<-[C-]#[O+])(<-[C-]#[O+])<-C(=C->3[CH-]->41)[CH-]->52,O=C1C=CC(=O)N1OC(=O)[C-]12->[W+4]345(<-[I-])(<-[C-]#[O+])(<-[C-]#[O+])(<-[C-]#[O+])<-C(=C->3[CH-]->41)[CH-]->52
ZORYUC,Cc1ccc(C)[n-]1->[W@TB20+6](<-[O-2])(<-[CH]C(C)(C)[C-]1[CH-][CH+][CH+][CH-][CH-]1)(<-[n-]1c(C)ccc1C)<-P(C)(C)c1ccccc1,C30 H39 N2 O1 P1 W1,0.0,Cc1ccc(C)[n-]1->[W+6](<-[O-2])(<-[CH-2]C(C)(C)c1ccccc1)(<-[n-]1c(C)ccc1C)<-P(C)(C)c1ccccc1,Cc1ccc(C)[n-]1->[W+4](<-[O-2])(<-[CH]C(C)(C)c1ccccc1)(<-[n-]1c(C)ccc1C)<-P(C)(C)c1ccccc1,Cc1ccc(C)[n-]1->[W+4](<-[O-2])(<-[CH]C(C)(C)c1ccccc1)(<-[n-]1c(C)ccc1C)<-P(C)(C)c1ccccc1
ZOTFIX,COC(=O)/C1=[C-](\C(=O)OC)->[Zr+4]23456789(<-[Cl-])(<-N=P1(N(C(C)C)C(C)C)N(C(C)C)C(C)C)(<-c1c->2c->3[cH-]->4c->51)<-c1c->6c->7[cH-]->8c->91,C28 H45 Cl1 N3 O4 P1 Zr1,0.0,COC(=O)C1=[C-](C(=O)OC)->[Zr+5]23456789(<-[Cl-])(<-[NH-][P]1(N(C(C)C)C(C)C)N(C(C)C)C(C)C)(<-c1c->2c->3[cH-]->4c->51)<-c1c->6c->7[cH-]->8c->91,COC(=O)C1=[C-](C(=O)OC)->[Zr+4]23456789(<-[Cl-])(<-N=P1(N(C(C)C)C(C)C)N(C(C)C)C(C)C)(<-c1c->2c->3[cH-]->4c->51)<-c1c->6c->7[cH-]->8c->91,COC(=O)C1=[C-](C(=O)OC)->[Zr+4]23456789(<-[Cl-])(<-N=P1(N(C(C)C)C(C)C)N(C(C)C)C(C)C)(<-c1c->2c->3[cH-]->4c->51)<-c1c->6c->7[cH-]->8c->91
ZOVLOL,CN1(C)CC/N2=c3\c4c([N+](=O)[O-])cccc4[nH]c4ccc[c-](->[Pt@OH7+2]<-2<-1<-[Cl-])c34,C17 H17 Cl1 N4 O2 Pt1,0.0,CN1(C)CCN2=c3c4c([N+](=O)[O-])cccc4[nH]c4ccc[c-](->[Pt+2]<-2<-1<-[Cl-])c34,CN1(C)CCN2=c3c4c([N+](=O)[O-])cccc4[nH]c4ccc[c-](->[Pt+2]<-2<-1<-[Cl-])c34,CN1(C)CCN2=c3c4c([N+](=O)[O-])cccc4[nH]c4ccc[c-](->[Pt+2]<-2<-1<-[Cl-])c34
ZOWYER,CC1/C=C(/C)[NH-]->[Zr+4]23456789%10(<-C=1=[C-]->2C(C)(C)C)(<-c1c->3c->4[cH-]->5c->61)<-c1c->7c->8[cH-]->9c->%101,C21 H27 N1 Zr1,0.0,CC1=CC(C)=N->[Zr+2]23456789%10(<-C1#C->2C(C)(C)C)(<-c1c->3c->4[cH-]->5c->61)<-c1c->7c->8[cH-]->9c->%101,CC1=CC(C)=N->[Zr+2]23456789%10(<-C1#C->2C(C)(C)C)(<-c1c->3c->4[cH-]->5c->61)<-c1c->7c->8[cH-]->9c->%101,CC1=CC(C)=C2=[C-](C(C)(C)C)->[Zr+4]<-23456789%10(<-[NH-]1)(<-c1c->3c->4[cH-]->5c->61)<-c1c->7c->8[cH-]->9c->%101
ZOXRAF,,C19 H17 B1 Cl2 N6 O1 W1,0.0,Cc1ccc(C2=C(Cl)->[W+2]<-234(<-[Cl-])(<-[C-]#[O+])<-[n-]2ccc[n+]2[BH-]([n+]2ccc[n-]->32)[n+]2ccc[n-]->42)cc1,Cc1ccc(C2#C(Cl)->[W+2]<-234(<-[Cl-])(<-[C-]#[O+])<-n2cccn2[BH-](n2cccn->32)n2cccn->42)cc1,Cc1ccc(C2#C(Cl)->[W+2]<-234(<-[Cl-])(<-[C-]#[O+])<-n2cccn2[BH-](n2cccn->32)n2cccn->42)cc1
ZUBGAE,[Cl-]->[Zr+4]123456789%10(<-[H][B-]->1%11([H]->2)CCCC%11)(<-c1c->3c->4[cH-]->5c->61)<-c1c->7c->8[cH-]->9c->%101,C14 H20 B1 Cl1 Zr1,0.0,[Cl-]->[Zr+4]123456789(<-[H][B-]%10([H]->1)CCCC%10)(<-c1c->2c->3[cH-]->4c->51)<-c1c->6c->7[cH-]->8c->91,[Cl-]->[ZrH2+2]12345678(<-[B+]9CCCC9)(<-c9c->1c->2[cH-]->3c->49)<-c1c->5c->6[cH-]->7c->81,[Cl-]->[ZrH2+2]12345678(<-[B+]9CCCC9)(<-c9c->1c->2[cH-]->3c->49)<-c1c->5c->6[cH-]->7c->81
ZUCLEQ,,C18 H12 Cl1 N4 Ru1 Se1 1+,1.0,[Cl-]->[Ru+2]123456(<-c7c->1c->2c->3c->4c->57)<-n1cccc2c3n[se]nc3c3cccn->6c3c21,[Cl-]->[Ru+4]123456(<-c7c->1c->2c->3c->4c->57)<-[N-]1C=CC=c2c1c1c(c3n[se]nc23)=CC=C[N-]->61,[Cl-]->[Ru+4]123456(<-c7c->1c->2c->3c->4c->57)<-[N-]1C=CC=c2c1c1c(c3n[se]nc23)=CC=C[N-]->61
ZUFHUF,,C22 H12 Cl2 Hg1 N4,0.0,[Cl-]->[Hg+2]1(<-[Cl-])<-n2c3ccccc3nc3c4ccccc4c4nc5ccccc5n->1c4c32,[Cl-]->[Hg+6]<-[Cl-].c1ccc2[n-]c3c([n-]c2c1)c1ccccc1c1[n-]c2ccccc2[n-]c13,[Cl-]->[Hg+6]1(<-[Cl-])<-[n-]2c3ccccc3[n-]c3c4ccccc4c4[n-]c5ccccc5[n-]->1c4c32
ZUGKUH,,C29 H33 Co1 N5 O4 P1,0.0,CC1C(C)=N([O])->[Co+]2(<-[CH2-]CC#N)(<-N=1[O])(<-N(O)=C(C)C(C)=N->2O)<-P(c1ccccc1)(c1ccccc1)c1ccccc1,CC1=C(C)N(=O)->[Co+]2(<-[CH2-]CC#N)(<-N1=O)(<-N(O)=C(C)C(C)=N->2O)<-P(c1ccccc1)(c1ccccc1)c1ccccc1,CC1=C(C)[N-](O)->[Co+3]2(<-[CH2-]CC#N)(<-N1=O)(<-N(=O)C(C)=C(C)[N-]->2O)<-P(c1ccccc1)(c1ccccc1)c1ccccc1
ZUHCOU,[Cl-]->[Pd+2]1(<-[Cl-])<-S2CCCS->1CCSCC2,C7 H14 Cl2 Pd1 S3,0.0,[Cl-]->[Pd+2]1(<-[Cl-])<-S2CCCS->1CCSCC2,[Cl-]->[Pd+2]1(<-[Cl-])<-S2CCCS->1CCSCC2,[Cl-]->[Pd+2]12(<-[Cl-])<-S3CCCS->1CCS->2CC3
ZUJQOM,[O-2]->[V+5]123(<-[O-]C[C@H](Cc4ccccc4)/N->1=C/c1c([O-]->2)ccc2ccccc12)<-[O-]c1ccc(Cl)c2cccn->3c12,C29 H22 Cl1 N2 O4 V1,0.0,[O-2]->[V+5]123(<-[O-]CC(Cc4ccccc4)N->1=Cc1c([O-]->2)ccc2ccccc12)<-[O-]c1ccc(Cl)c2cccn->3c12,[O-2]->[V+5]123(<-[O-]CC(Cc4ccccc4)N->1=Cc1c([O-]->2)ccc2ccccc12)<-[O-]c1ccc(Cl)c2cccn->3c12,[O-2]->[V+5]123(<-[O-]CC(Cc4ccccc4)N->1=Cc1c([O-]->2)ccc2ccccc12)<-[O-]c1ccc(Cl)c2cccn->3c12
ZULFOB,C[N+](C)(C)CC(=O)[O-]->[La+3]123(<-O)(<-O)(<-[O-]C(=O)C[N+](C)(C)C)(<-[O-][N+](=O)[O-]->1)(<-[O-][N+](=O)[O-]->2)<-[O-][N+](=O)[O-]->3,C10 H26 La1 N5 O15,0.0,C[N+](C)(C)CC(=O)[O-]->[La+3]123(<-O)(<-O)(<-[O-]C(=O)C[N+](C)(C)C)(<-[O-][N+](=O)[O-]->1)(<-[O-][N+](=O)[O-]->2)<-[O-][N+](=O)[O-]->3,C[N+](C)(C)CC(O)O[La]123456(<-O)(<-O)(OC(O)C[N+](C)(C)C)(<-N(O)(O1)O2)(<-N(O)(O3)O4)<-N(O)(O5)O6,C[N+](C)(C)CC(O)O[La]123456(<-O)(<-O)(OC(O)C[N+](C)(C)C)(<-N(O)(O1)O2)(<-N(O)(O3)O4)<-N(O)(O5)O6
ZUNVOT,,C37 H29 Ir1 O1 P2 S2,0.0,fail,[O+]#[C-]->[IrH+2]12(<-[S-]c3ccccc3P->1(c1ccccc1)c1ccccc1[S-]->2)<-P(c1ccccc1)(c1ccccc1)c1ccccc1,[O+]#[C-]->[IrH+2]12(<-[S-]c3ccccc3P->1(c1ccccc1)c1ccccc1[S-]->2)<-P(c1ccccc1)(c1ccccc1)c1ccccc1
ZURYAM,CSC1=S->[Cu+]23<-N(/C[C@@H](C)N(Cn4c(C)cc(C)n->24)Cn2c(C)cc(C)n->32)=C2/C=CC=C12,C22 H33 Cu1 N6 S2 1+,1.0,CSC1=S->[Cu+2]234<-n5c(C)cc(C)n5CN->2(Cn2c(C)cc(C)n->32)C(C)C[N-]->4C2=C1CCC2,CSC1[S-]->[Cu+3]234<-n5c(C)cc(C)n5CN->2(Cn2c(C)cc(C)n->32)C(C)C[N-]->4C2=CC=CC=12,CSC1[S-]->[Cu+3]234<-n5c(C)cc(C)n5CN->2(Cn2c(C)cc(C)n->32)C(C)C[N-]->4C2=CC=CC=12
ZUTNUZ,C/C=C/C=C/C(=O)[O-]->[Zn+2]1(<-O)(<-[O-]C(=O)/C=C/C=C/C)<-n2ccccc2-c2ccccn->12,C22 H24 N2 O5 Zn1,0.0,CC=CC=CC(=O)[O-]->[Zn+2]1(<-O)(<-[O-]C(=O)C=CC=CC)<-n2ccccc2-c2ccccn->12,CC=CC=CC(=O)[O-]->[Zn+2]1(<-O)(<-[O-]C(=O)C=CC=CC)<-n2ccccc2-c2ccccn->12,CC=CC=CC(=O)[O-]->[Zn+2]123(<-O)(<-O=C->1(C=CC=CC)[O-]->2)<-n1ccccc1-c1ccccn->31
ZUXGII,CN(C)C(=CC(C#[C-]->[W](<-[C-]#[O+])(<-[C-]#[O+])(<-[C-]#[O+])(<-[C-]#[O+])<-[C-]#[O+])=[N+](C)C)N(C)C,C16 H19 N3 O5 W1,0.0,CN(C)C(=C=[C-2]->[W+2](<-[C-]#[O+])(<-[C-]#[O+])(<-[C-]#[O+])(<-[C-]#[O+])<-[C-]#[O+])C=C(N(C)C)N(C)C,CN(C)C(=CC(C#[C-]->[W](<-[C-]#[O+])(<-[C-]#[O+])(<-[C-]#[O+])(<-[C-]#[O+])<-[C-]#[O+])=[N+](C)C)N(C)C,CN(C)C(=CC(C#[C-]->[W](<-[C-]#[O+])(<-[C-]#[O+])(<-[C-]#[O+])(<-[C-]#[O+])<-[C-]#[O+])=[N+](C)C)N(C)C
ZUXYEW,,C17 H11 F11 N2 O2 W1,0.0,CN1(C)CCN2=Cc3c(F)c(F)c(F)c(F)c3[C-]3([C-2](C(F)(F)F)->[W+4]<-2<-3<-1(<-[F-])(<-[C-]#[O+])<-[C-]#[O+])C(F)(F)F,CN1(C)CCN2=Cc3c(F)c(F)c(F)c(F)c3C3(=[C-](C(F)(F)F)->[W+2]<-2<-3<-1(<-[F-])(<-[C-]#[O+])<-[C-]#[O+])C(F)(F)F,CN1(C)CC[N-]2C=c3c(F)c(F)c(F)c(F)c3=C3(C(F)(F)F)C4(=C(=O)->[W+2]<-2<-3<-4<-1(<-[F-])<-[C-]#[O+])C(F)(F)F
ZUZWUO,,C21 H35 B1 N6 S3 Zn1,0.0,CC(C)(C)n1ccn2[BH-]3n4ccn(C(C)(C)C)c4=S->[ZnH+](<-S=c21)<-S=c1n3ccn1C(C)(C)C,CC(C)(C)n1ccn2[BH-]3n4ccn(C(C)(C)C)c4=S->[ZnH+](<-S=c21)<-S=c1n3ccn1C(C)(C)C,CC(C)(C)n1ccn2[BH-]3n4ccn(C(C)(C)C)c4=S->[ZnH+](<-S=c21)<-S=c1n3ccn1C(C)(C)C
