IDs,charge,status,ilp_seconds,n_atoms,rdkit_parse_ok,error,smiles_ilp
ACPIRE,0,ok,0.069047,33,1,,[Re+3](<-[C-]#[O+])(<-[C-]#[O+])(<-[C-]#[O+])(<-[C-]#[O+])(=C(N(c1c([H])c([H])c([H])c([H])c1[H])[H])C([H])([H])[H])C(=O)C([H])([H])[H]
ACUJUG,0,ok,0.121504,49,1,,[V+3]123(=O)(Oc4c([H])c([H])c([H])c5c([H])c([H])c([H])n->1c45)<-O=C(c1c([H])c([H])c([H])c([H])c1N([H])[H])N=N->2C(=C(C(C([H])([H])[H])=O->3)[H])C([H])([H])[H]
ACUKOB,0,ok,0.081261,56,1,,[V+3]123(<-n4c5c(O1)c([H])c([H])c([H])c5c([H])c([H])c4[H])(=O)<-O=C(c1c([H])c([H])c([H])c([H])c1[H])C([H])=C(C([H])([H])[H])N->2=NC(=O->3)c1c([H])c([H])c([H])c([H])c1N([H])[H]
AFOYAV,0,ok,0.084854,49,1,,[Cr+2](<-[C-]#[O+])(<-[C-]#[O+])(<-[C-]#[O+])(<-[C-]#[O+])(<-[C-]#[O+])=C(c1c([H])c([H])c([H])c([H])c1[H])N=C(C([H])=C([H])c1c([H])c([H])c([H])c([H])c1[H])N(C([H])([H])[H])C([H])([H])[H]
AGOGEJ,0,ok,0.111339,76,1,,[Pd+4](<-P(c1c([H])c([H])c([H])c([H])c1[H])(c1c([H])c([H])c([H])c([H])c1[H])c1c([H])c([H])c([H])c([H])c1[H])(Cl)(C(=O)c1c([H])c([H])c([H])c([H])c1[H])=C(N(C([H])([H])C([H])([H])[H])C([H])([H])C([H])([H])[H])c1c([H])c([H])c([H])c([H])c1[H]
ALANRE,0,ok,0.055046,38,1,,[Re+3](<-[C-]#[O+])(<-[C-]#[O+])(<-[C-]#[O+])(<-[C-]#[O+])(C(C([H])([H])[H])=O)=C(C([H])([H])[H])N(C(C([H])([H])[H])(C(=O)OC(C([H])([H])[H])([H])[H])[H])[H]
ALILAI,0,ok,0.130779,58,1,,[Mo+4]123(=O)(<-N(=C([H])c4c([H])c([H])c([H])c([H])c4O1)N=C(N(N=C(c1c(O[H])c([H])c([H])c([H])c1[H])[H])[H])S2)<-n1c2c(c([H])c([H])c1[H])c([H])c([H])c1c([H])c([H])c([H])n->3c21
ALOXAB,1,ok,0.116434,45,1,,[Pt+2]12(<-S(c3c(N1[H])c([H])c([H])c([H])c3[H])C([H])([H])[H])<-n1c([H])c([H])c([H])c([H])c1C(=N->2c1c([H])c([H])c(C([H])([H])[H])c([H])c1[H])[H]
AMINOA,1,ok,0.393825,82,1,,[C-](#[O+])->[Fe+4]12345(=C(N(C(C(C([H])([H])P->1(c1c([H])c([H])c([H])c([H])c1[H])c1c([H])c([H])c([H])c([H])c1[H])([H])[H])([H])[H])[H])[Si](c1c([H])c([H])c([H])c([H])c1[H])(c1c([H])c([H])c([H])c([H])c1[H])c1c([H])c([H])c([H])c([H])c1[H])<-C1([H])=C->2([H])C3([H])C->4([H])=C->51[H]
AMIQOE,0,ok,0.091177,78,1,,[Cu+3]123(Cl)[B-](n4nc(C(C([H])([H])[H])(C([H])([H])[H])C([H])([H])[H])c([H])c(C([H])([H])[H])c4=S->1)(n1nc(C(C([H])([H])[H])(C([H])([H])[H])C([H])([H])[H])c([H])c(C([H])([H])[H])c1=S->2)n1nc(C(C([H])([H])[H])(C([H])([H])[H])C([H])([H])[H])c([H])c(C([H])([H])[H])c1=S->3
AMIRAR,1,ok,0.084990,83,1,,[Cu+3]123([B-](n4nc(C(C([H])([H])[H])(C([H])([H])[H])C([H])([H])[H])c([H])c(C([H])([H])[H])c4=S->1)(n1nc(C(C([H])([H])[H])(C([H])([H])[H])C([H])([H])[H])c([H])c(C([H])([H])[H])c1=S->2)n1nc(C(C([H])([H])[H])(C([H])([H])[H])C([H])([H])[H])c([H])c(C([H])([H])[H])c1=S->3)<-N#CC([H])([H])[H]
APOFIW,0,ok,0.088960,65,1,,[Pd+2]1(<-N(=C2C3([H])c4c(c([H])c([H])c([H])c4[H])C([H])(c4c([H])c([H])c([H])c([H])c43)C2=N->1c1c(C([H])([H])[H])c([H])c([H])c([H])c1C([H])([H])[H])c1c(C([H])([H])[H])c([H])c([H])c([H])c1C([H])([H])[H])(Cl)Cl
APUYOB,0,ok,0.095028,67,1,,Br[Cu+3]=C1N(c2c(C([H])([H])[H])c([H])c(C([H])([H])[H])c([H])c2C([H])([H])[H])C([H])([H])c2c([H])c([H])c([H])c3c2c(c([H])c([H])c3[H])C([H])([H])N1c1c(C([H])([H])[H])c([H])c(C([H])([H])[H])c([H])c1C([H])([H])[H]
AQEXIE,0,ok,0.105508,77,1,,[Ni+2]1(<-O=C2c3c(c([H])c([H])c([H])c3-c3c([H])c([H])c([H])c([H])c3[H])C([H])([H])C([H])([H])C2=C(N1c1c(C([H])(C([H])([H])[H])C([H])([H])[H])c([H])c([H])c([H])c1C([H])(C([H])([H])[H])C([H])([H])[H])[H])(<-n1c([H])c([H])c([H])c([H])c1[H])C([H])([H])[H]
ASAVOH,-1,ok,0.176560,51,1,,[Mn+3]123(<-N4=c5c(c([H])c([H])c([H])c5[H])=N->1C(=O)C(C([H])([H])[H])(C([H])([H])[H])N2C(=O)C(C([H])([H])[H])(C([H])([H])[H])C(=O)N3C(C([H])([H])[H])(C([H])([H])[H])C4=O)=O
ATODEU,0,ok,0.089658,60,1,,C1([H])=C([H])C([H])=C2C3=C4C(=C([H])C([H])=C([H])N4[Pt+4](Cl)(Cl)N13)C2(C([H])([H])C([H])([H])C([H])([H])C([H])([H])C([H])([H])C([H])([H])[H])C([H])([H])C([H])([H])C([H])([H])C([H])([H])C([H])([H])C([H])([H])[H]
ATODIY,0,ok,0.069969,60,1,,C1([H])=C([H])C([H])=C2C3=C4C(=C([H])C([H])=C([H])N4[Pd+4](Cl)(Cl)N13)C2(C([H])([H])C([H])([H])C([H])([H])C([H])([H])C([H])([H])C([H])([H])[H])C([H])([H])C([H])([H])C([H])([H])C([H])([H])C([H])([H])C([H])([H])[H]
AXUFOO,0,ok,0.090531,73,1,,[Zn+2](Cl)(Cl)(Oc1c(C(=[N+]([H])C([H])([H])c2c([H])c([H])c([H])c([H])c2[H])[H])c2c(c([H])c1[H])c([H])c([H])c([H])c2[H])Oc1c(C(=[N+]([H])C([H])([H])c2c([H])c([H])c([H])c([H])c2[H])[H])c2c(c([H])c1[H])c([H])c([H])c([H])c2[H]
AXUFUU,0,ok,0.079584,73,1,,[Zn+2](Br)(Br)(Oc1c(C(=[N+]([H])C([H])([H])c2c([H])c([H])c([H])c([H])c2[H])[H])c2c(c([H])c1[H])c([H])c([H])c([H])c2[H])Oc1c(C(=[N+]([H])C([H])([H])c2c([H])c([H])c([H])c([H])c2[H])[H])c2c(c([H])c1[H])c([H])c([H])c([H])c2[H]
AXUGAB,0,ok,0.083291,73,1,,[Zn+2](I)(Oc1c(C(=[N+]([H])C([H])([H])c2c([H])c([H])c([H])c([H])c2[H])[H])c2c(c([H])c1[H])c([H])c([H])c([H])c2[H])(I)Oc1c(C(=[N+]([H])C([H])([H])c2c([H])c([H])c([H])c([H])c2[H])[H])c2c(c([H])c1[H])c([H])c([H])c([H])c2[H]
AYOPAF,1,ok,0.091573,46,1,,[Ru+2]12(Cl)(<-[C-]#[O+])(<-n3c(-c4n->1c([H])c([H])c([H])c4[H])c([H])c([H])c([H])c3[H])<-n1c(N(c3n->2c([H])c([H])c([H])c3[H])[H])c([H])c([H])c([H])c1[H]
AYUNIT,1,ok,0.072654,47,1,,c1([H])c([H])c2c([H])c([H])c([H])c3c2c2c4c5c3c([H])c([H])c([H])c5c([H])c([H])n4[Re+3](<-[C-]#[O+])(<-[C-]#[O+])(<-[C-]#[O+])(<-N(C([H])([H])[H])(C([H])([H])[H])[H])n12
AZEDEP,0,ok,0.089249,63,1,,[Pd+2]1(Cl)(<-N2=C(C3=N->1C([H])(C([H])([H])C([H])(C([H])([H])[H])C([H])([H])[H])C([H])([H])c1c3c([H])c([H])c([H])c1[H])c1c(c([H])c([H])c([H])c1[H])C([H])([H])C2([H])C([H])([H])C([H])(C([H])([H])[H])C([H])([H])[H])Cl
AZEQUR,1,ok,0.129394,58,1,,[Ru+2]123456(Cl)(<-n7c([H])c([H])c([H])c([H])c7C(=N->1N=C([H])c1c([H])c([H])c([H])c([H])n1)[H])<-c1(C([H])([H])[H])c->2(C([H])([H])[H])c->3(C([H])([H])[H])c->4(C([H])([H])[H])c->5(C([H])([H])[H])c->61C([H])([H])[H]
BASLUF,1,ok,0.172733,75,1,,[Ru+2]123(Oc4c([H])c([H])c([H])c([H])c4C(=N->1c1c(C([H])([H])[H])c([H])c(C([H])([H])[H])c([H])c1C([H])([H])[H])[H])(<-n1c([H])c([H])c([H])c([H])c1-c1n->2c([H])c([H])c([H])c1[H])<-n1c([H])c([H])c([H])c([H])c1-c1n->3c([H])c([H])c([H])c1[H]
BASWEZ,0,ok,0.061969,46,1,,[Au+3](Cl)=C1C([H])([H])N(C([H])([H])c2c([H])c([H])c([H])c([H])c2[H])C([H])([H])N1c1c([H])c([H])c([H])c([H])c1-c1c([H])c([H])c([H])c([H])c1[H]
BASWID,0,ok,0.052619,40,1,,[Au+3](Cl)=C1N(c2c([H])c([H])c(OC([H])([H])[H])c([H])c2[H])C([H])([H])N(C([H])([H])c2c([H])c([H])c([H])c([H])c2[H])C1([H])[H]
BAWJOB,1,ok,0.173877,75,1,,[Ru+2]123(<-n4c(-c5n->1c([H])c([H])c([H])c5[H])c([H])c([H])c([H])c4[H])(<-n1c(-c4n->2c([H])c([H])c([H])c4[H])c([H])c([H])c([H])c1[H])<-C1N(c2c3c([H])c(C([H])([H])[H])c([H])c2[H])C([H])=C([H])N1c1c([H])c([H])c(C([H])([H])[H])c([H])c1[H]
BAWJUH,1,ok,0.150477,62,1,,[Ru+2]123(<-n4c(-c5n->1c([H])c([H])c([H])c5[H])c([H])c([H])c([H])c4[H])(<-n1c(-c4n->2c([H])c([H])c([H])c4[H])c([H])c([H])c([H])c1[H])<-C1N(c2c3c([H])c(Br)c([H])c2[H])C([H])=C([H])N1C([H])([H])[H]
BAWPUM,1,ok,0.201518,63,1,,[Ru+2]123(Oc4c([H])c([H])c5c([H])c([H])c([H])c6c5c4C(=O->1)C([H])=C6[H])(<-n1c([H])c([H])c([H])c([H])c1-c1n->2c([H])c([H])c([H])c1[H])<-n1c([H])c([H])c([H])c([H])c1-c1n->3c([H])c([H])c([H])c1[H]
BAXFIQ,0,ok,0.085021,77,1,,[Pt+2](<-P(C([H])([H])[H])(C([H])([H])[H])C([H])([H])[H])([Si](c1c([H])c([H])c([H])c([H])c1[H])(c1c([H])c([H])c([H])c([H])c1[H])[H])([Si](c1c([H])c([H])c([H])c([H])c1[H])(c1c([H])c([H])c([H])c([H])c1[H])[H])<-[C-]#[N+]C(C([H])([H])[H])(C([H])([H])[H])C([H])([H])[H]
BEFMUX,0,ok,0.097449,81,1,,[Ti+4]12(Cl)(<-O3C([H])([H])C([H])([H])C([H])([H])C3([H])[H])(N(C([H])([H])[H])C([H])([H])[H])<-[C-]3=[N+](C([H])(c4c([H])c([H])c([H])c([H])c4[H])C([H])(c4c([H])c([H])c([H])c([H])c4[H])N3C([H])([H])c3c(c([H])c([H])c([H])c3[H])O1)C([H])([H])c1c(c([H])c([H])c([H])c1[H])O2
BELXEV,0,ok,0.057438,48,1,,[Pt+4](Cl)(Cl)(<-P(c1c([H])c([H])c([H])c([H])c1[H])(c1c([H])c([H])c([H])c([H])c1[H])c1c([H])c([H])c([H])c([H])c1[H])=C(N(C([H])([H])[H])C([H])([H])[H])[H]
BEXJOF,0,ok,0.055490,56,1,,[Rh+]123(Cl)(C(c4[n+](C([H])([H])[H])c(C([H])([H])[H])c(C([H])([H])[H])n4C([H])([H])[H])([H])c4c([H])c([H])c([H])c([H])c4[H])<-C4([H])=C->1([H])C([H])([H])C([H])([H])C->2([H])=C->3([H])C([H])([H])C4([H])[H]
BEXJUL,0,ok,0.039659,46,1,,[Rh+]123(Cl)(C(c4[n+](C([H])([H])[H])c(C([H])([H])[H])c(C([H])([H])[H])n4C([H])([H])[H])([H])[H])<-C4([H])=C->1([H])C([H])([H])C([H])([H])C->2([H])=C->3([H])C([H])([H])C4([H])[H]
BEZNID,0,ok,0.048341,34,1,,[W+2]12(<-[C-]#[O+])(<-[C-]#[O+])(<-[C-]#[O+])(<-[C-]#[O+])<-C(=C->1(C(N(C=2c1c([H])c([H])c(C([H])([H])[H])c([H])c1[H])[H])([H])[H])[H])([H])[H]
BICZUI,0,ok,0.028826,23,1,,[Au+3](Cl)=C(N(C([H])([H])[H])C([H])([H])[H])c1c([H])c([H])c([H])c([H])c1[H]
BIHCUR,0,ok,0.143078,73,1,,[Ti+4]12345(Cl)(N(C([H])([H])[H])C([H])([H])[H])<-C6(=c->17c->2(c(C([H])([H])[H])c([H])c([H])c7C([H])([H])[H])=C->3(C([H])([H])[H])C46C([H])([H])[H])c1c(c(C(C([H])([H])[H])(C([H])([H])[H])C([H])([H])[H])c([H])c(C(C([H])([H])[H])(C([H])([H])[H])C([H])([H])[H])c1[H])O5
BOFFAG,0,ok,0.159366,85,1,,[Pd+2]12(<-N(=C(N([H])c3c([H])c([H])c(Cl)c([H])c3[H])N=c3n1c(C([H])([H])[H])c([H])c([H])c3[H])c1nc(C([H])([H])[H])c([H])c([H])c1[H])<-N(=C(N=c1n2c(C([H])([H])[H])c([H])c([H])c1[H])N([H])c1c([H])c([H])c(Cl)c([H])c1[H])c1nc(C([H])([H])[H])c([H])c([H])c1[H]
BOFFEK,0,ok,0.202189,85,1,,[Pd+2]12(<-N(=C(N([H])c3c([H])c([H])c(F)c([H])c3[H])N=c3n1c(C([H])([H])[H])c([H])c([H])c3[H])c1nc(C([H])([H])[H])c([H])c([H])c1[H])<-N(=C(N([H])c1c([H])c([H])c(F)c([H])c1[H])N=c1n2c(C([H])([H])[H])c([H])c([H])c1[H])c1nc(C([H])([H])[H])c([H])c([H])c1[H]
BOHDEI,0,ok,0.067087,57,1,,C1(=[Ag+3]Br)N(c2c(C([H])([H])[H])c([H])c(C([H])([H])[H])c([H])c2C([H])([H])[H])C([H])([H])C([H])([H])C([H])([H])C([H])([H])N1c1c(C([H])([H])[H])c([H])c(C([H])([H])[H])c([H])c1C([H])([H])[H]
BOHDIM,0,ok,0.051760,51,1,,I[Ag+3]=C1N(c2c(C([H])([H])[H])c([H])c([H])c([H])c2C([H])([H])[H])C([H])([H])C([H])([H])C([H])([H])C([H])([H])N1c1c(C([H])([H])[H])c([H])c([H])c([H])c1C([H])([H])[H]
BOHDOS,0,ok,0.076900,61,1,,[Ag+3](Br)=C1N(c2c(C([H])([H])[H])c([H])c(C([H])([H])[H])c([H])c2C([H])([H])[H])C([H])([H])c2c(c([H])c([H])c([H])c2[H])C([H])([H])N1c1c(C([H])([H])[H])c([H])c(C([H])([H])[H])c([H])c1C([H])([H])[H]
BOKDIR,1,ok,0.128280,59,1,,c1([H])c([H])c([H])c([H])c2C(N(C([H])([H])C([H])([H])c3c([H])c([H])c(O[H])c(O[H])c3[H])[H])=O->[Ru+2]34567(<-c8([H])c->3(C([H])([H])[H])c->4([H])c->5([H])c->6(C([H])(C([H])([H])[H])C([H])([H])[H])c->78[H])(<-n12)Cl
BOXWOB,0,ok,0.077823,77,1,,C1(=[Rh+3]234(<-C5([H])=C->2([H])C([H])([H])C([H])([H])C->3([H])=C->4([H])C([H])([H])C5([H])[H])Cl)N(c2c(C([H])([H])[H])c([H])c(C([H])([H])[H])c([H])c2C([H])([H])[H])C([H])([H])C([H])([H])C([H])([H])C([H])([H])N1c1c(C([H])([H])[H])c([H])c(C([H])([H])[H])c([H])c1C([H])([H])[H]
BOYFOL,0,ok,0.089980,79,1,,[Ru+2]12(Cl)(Cl)(<-n3c([H])c([H])c([H])c(C(=O)OC([H])([H])C([H])([H])[H])c3-c3n->1c([H])c([H])c([H])c3C(=O)OC([H])([H])C([H])([H])[H])<-n1c([H])c([H])c([H])c(C(=O)OC([H])([H])C([H])([H])[H])c1-c1n->2c([H])c([H])c([H])c1C(=O)OC([H])([H])C([H])([H])[H]
BUCGOX,0,ok,0.061511,31,1,,[Pd+2]1(Cl)(Cl)<-n2c(C([H])([H])[H])c([H])c(Cl)c3c([H])c(F)c4c(Cl)c([H])c(C([H])([H])[H])n->1c4c23
BUZYEB,1,ok,0.167081,84,1,,[Ru+2]12(Cl)(<-n3c([H])c([H])c([H])c4c([H])c([H])c5c([H])c([H])c([H])n->1c5c34)(<-P(C([H])([H])C([H])([H])C([H])([H])C(P->2(c1c([H])c([H])c([H])c([H])c1[H])c1c([H])c([H])c([H])c([H])c1[H])([H])[H])(c1c([H])c([H])c([H])c([H])c1[H])c1c([H])c([H])c([H])c([H])c1[H])<-[C-]#[O+]
CAHHOI,0,ok,0.130254,74,1,,[Ni+2](C([P-](c1c([H])c([H])c([H])c([H])c1[H])(c1c([H])c([H])c([H])c([H])c1[H])c1c([H])c([H])c([H])c([H])c1[H])=P(c1c([H])c([H])c([H])c([H])c1[H])(c1c([H])c([H])c([H])c([H])c1[H])c1c([H])c([H])c([H])c([H])c1[H])(<-[C-]#[O+])<-[C-]#[O+]
CASWIC,0,ok,0.045766,42,1,,[Ni]12(<-n3c([H])c([H])c([H])c([H])c3[H])<-N(=NC(=N->1[H])SC([H])([H])[H])C(=C(C(=O->2)c1c([H])c([H])c([H])c([H])c1[H])[H])C([H])([H])[H]
CECTEM,1,ok,0.060649,59,1,,[Au+](<-C(N(C([H])([H])[H])C([H])([H])[H])N([H])c1c(C([H])([H])[H])c([H])c([H])c([H])c1C([H])([H])[H])<-C(N(C([H])([H])[H])C([H])([H])[H])N([H])c1c(C([H])([H])[H])c([H])c([H])c([H])c1C([H])([H])[H]
CEKWAT,0,ok,0.047212,45,1,,[Zn+2]12(N3C([H])=C([H])C([H])=C([H])C3=C([N+](=O->1)C([H])([H])[H])[H])(O[N+](=O)[O-])(N1C([H])=C([H])C([H])=C([H])C1=C([N+](=O->2)C([H])([H])[H])[H])O[N+](=O)[O-]
CELHAD,0,ok,0.067970,66,1,,[Ni]123<-P(c4c(C(OC(C([H])([H])[H])([H])[H])(N->1=C(SC([H])([H])[H])N=N->2C(C([H])([H])[H])=C([H])C(=O->3)C([H])([H])[H])[H])c([H])c([H])c([H])c4[H])(c1c([H])c([H])c([H])c([H])c1[H])c1c([H])c([H])c([H])c([H])c1[H]
CEPHAI,0,ok,0.123584,75,1,,[Mo+4]1(=Nc2c(C([H])([H])[H])c([H])c([H])c([H])c2C([H])([H])[H])(n2c(C([H])([H])[H])c([H])c([H])c2C([H])([H])[H])(<-n2c([H])c([H])c([H])c([H])c2-c2n->1c([H])c([H])c([H])c2[H])CC(c1c([H])c([H])c([H])c([H])c1[H])(C([H])([H])[H])C([H])([H])[H]
CEQRIZ,0,ok,0.251704,78,1,,[Ru+6]12345678(<-C9(C([H])([H])C([H])([H])[H])=C->1(C([H])([H])C([H])([H])[H])[B-]2(C([H])([H])C([H])([H])[H])C3(C([H])([H])[H])[B-]49C([H])([H])C([H])([H])[H])(<-[C-]#[N+]C(C([H])([H])[H])(C([H])([H])[H])C([H])([H])[H])<-C1(C([H])([H])[H])=C->5(C([H])([H])[H])C->6(C([H])([H])[H])=C->7(C([H])([H])[H])C81C([H])([H])[H]
CERQAT,0,ok,0.076372,75,1,,C1(=[Au+3]Cl)N(c2c(C([H])(C([H])([H])[H])C([H])([H])[H])c([H])c([H])c([H])c2C([H])(C([H])([H])[H])C([H])([H])[H])C([H])([H])C([H])([H])C([H])([H])C([H])([H])N1c1c(C([H])(C([H])([H])[H])C([H])([H])[H])c([H])c([H])c([H])c1C([H])(C([H])([H])[H])C([H])([H])[H]
CERWIH,0,ok,0.065321,55,1,,[Pd+4]1(Cl)(Cl)=C(N(c2c(C([H])([H])[H])c([H])c([H])c([H])c2C([H])([H])[H])[H])c2c(N(C->1N(c1c(C([H])([H])[H])c([H])c([H])c([H])c1C([H])([H])[H])[H])[H])c([H])c([H])c([H])c2[H]
CHVICR,0,ok,0.045224,40,1,,[Cr+2](<-[C-]#[O+])(=C(C(=C([H])[H])OC([H])([H])[H])N(C1([H])C([H])([H])C([H])([H])C([H])([H])C([H])([H])C1([H])[H])[H])(<-[C-]#[O+])(<-[C-]#[O+])(<-[C-]#[O+])<-[C-]#[O+]
CIBTUF,1,ok,0.123953,66,1,,c12(->[Ru+2]34567(<-c1([H])c->3(C(C([H])([H])[H])(C([H])([H])[H])[H])c->4([H])c->5([H])c->62C([H])([H])[H])(<-n1c(C(=N->7c2c([H])c3c4c(c([H])c([H])c([H])c4[H])n(C(C([H])([H])[H])([H])[H])c3c([H])c2[H])[H])c([H])c([H])c([H])c1[H])I)[H]
CIFPUE,0,ok,0.402445,72,1,,C12([H])->[Ru+4]3456(<-C=1([H])C->3([H])=C->4([H])C25[H])(<-P(c1c([H])c([H])c([H])c([H])c1[H])(c1c([H])c([H])c([H])c([H])c1[H])c1c([H])c([H])c([H])c([H])c1[H])=C1C([H])=C([H])C([H])=C([H])N1C([H])=C6c1c([H])c([H])c(C(F)(F)F)c([H])c1[H]
CIFQEP,1,ok,0.437395,70,1,,C12([H])->[Ru+4]34567(<-C1([H])=C->3([H])C4([H])C->5=2[H])(=c1c([H])c([H])c([H])c([H])n1C->6([H])=C->7([H])c1c([H])c([H])c([H])c([H])c1[H])<-P(c1c([H])c([H])c([H])c([H])c1[H])(c1c([H])c([H])c([H])c([H])c1[H])c1c([H])c([H])c([H])c([H])c1[H]
CIFTOB,0,ok,0.033699,29,1,,[Au+3](Cl)(<-[c-]1[n+](C([H])([H])[H])n(C([H])([H])[H])c(-c2c([H])c([H])c([H])c([H])c2[H])c1[H])(Cl)Cl
CIJWUN,0,ok,0.074228,67,1,,[Cr+2]1(<-[C-]#[O+])(<-[C-]#[O+])(<-[C-]#[O+])(<-[C-]#[O+])N(C2([H])C([H])([H])C([H])([H])C([H])([H])C([H])([H])C2([H])[H])C2=C(N1C1([H])C([H])([H])C([H])([H])C([H])([H])C([H])([H])C1([H])[H])C(OC([H])([H])[H])(C([H])([H])[H])C2(OC([H])([H])[H])C([H])([H])[H]
CIMLUG,0,ok,0.046300,55,1,,[Ir+3](Cl)(=C1N(C2([H])C([H])([H])C([H])([H])C([H])([H])C([H])([H])C2([H])[H])C([H])([H])C([H])([H])C([H])([H])C([H])([H])N1C1([H])C([H])([H])C([H])([H])C([H])([H])C([H])([H])C1([H])[H])(<-[C-]#[O+])<-[C-]#[O+]
CIMMER,0,ok,0.088100,84,1,,C1(=[Pt+2]23(<-C4([H])=C->2([H])C2([H])C([H])([H])C([H])([H])C4([H])C2([H])[H])<-C2([H])=C->3([H])C3([H])C([H])([H])C([H])([H])C2([H])C3([H])[H])N(C2([H])C([H])([H])C([H])([H])C([H])([H])C([H])([H])C2([H])[H])C([H])([H])C([H])([H])C([H])([H])C([H])([H])N1C1([H])C([H])([H])C([H])([H])C([H])([H])C([H])([H])C1([H])[H]
CISTAC,0,ok,0.185064,84,1,,[Ru+2]123(<-P(c4c([H])c([H])c([H])c([H])c4[H])(c4c([H])c([H])c([H])c([H])c4[H])C(C(C([H])([H])C(P->1(c1c([H])c([H])c([H])c([H])c1[H])c1c([H])c([H])c([H])c([H])c1[H])([H])[H])([H])[H])([H])[H])(<-n1c([H])c([H])c([H])c([H])c1-c1n->2c([H])c([H])c([H])c1[H])OS(=O)(=O)O3
CISTEG,0,ok,0.178130,83,1,,C1(=O)O[Ru+2]23(<-n4c([H])c([H])c([H])c([H])c4-c4c([H])c([H])c([H])c([H])n->24)(<-P(c2c([H])c([H])c([H])c([H])c2[H])(c2c([H])c([H])c([H])c([H])c2[H])C([H])([H])C([H])([H])C(C([H])([H])P->3(c2c([H])c([H])c([H])c([H])c2[H])c2c([H])c([H])c([H])c([H])c2[H])([H])[H])O1
CIVLUP,0,ok,0.206634,78,1,,C(#N)C(C#N)=C(C(c1c([H])c([H])c(C(=C=[N-])C#N)c([H])c1[H])=[Ni+4]1234(<-C5([H])=C->1([H])C2([H])C->3([H])=C->45[H])<-P(c1c([H])c([H])c([H])c([H])c1[H])(c1c([H])c([H])c([H])c([H])c1[H])c1c([H])c([H])c([H])c([H])c1[H])c1c([H])c([H])c([H])c([H])c1[H]
CIXZAM,0,ok,0.093504,73,1,,[Ni+2]1(Br)(Br)<-N(=C(C([H])([H])[H])C(=N->1c1c(C([H])(C([H])([H])[H])C([H])([H])[H])c([H])c([H])c([H])c1C([H])(C([H])([H])[H])C([H])([H])[H])C([H])([H])[H])c1c(C([H])(C([H])([H])[H])C([H])([H])[H])c([H])c([H])c([H])c1C([H])(C([H])([H])[H])C([H])([H])[H]
COFTUN,0,ok,0.051729,59,1,,[Pd+4](I)(I)(=C(N([H])C(C([H])([H])[H])(C([H])([H])[H])C([H])([H])[H])c1c(N([H])C(C([H])([H])[H])=C([H])C(C([H])([H])[H])=O)c([H])c([H])c([H])c1[H])<-[C-]#[N+]C(C([H])([H])[H])(C([H])([H])[H])C([H])([H])[H]
COHMIW,1,ok,0.027165,35,1,,[Au+](<-C(N([H])C([H])([H])[H])N([H])C([H])([H])C(O[H])([H])[H])C(N([H])C([H])([H])[H])=[N+]([H])C([H])([H])C(O[H])([H])[H]
COKWOO,1,ok,0.085085,57,1,,[Ru+2]123(OC(=O)C(N->1([H])[H])(C(O[H])(C([H])([H])[H])[H])[H])(<-n1c(-c4n->2c([H])c([H])c([H])c4[H])c([H])c([H])c([H])c1[H])<-n1c(-c2n->3c([H])c([H])c([H])c2[H])c([H])c([H])c([H])c1[H]
COSJEB,0,ok,0.062491,59,1,,[Pd+4]1(Cl)(Cl)N(c2c([H])c([H])c(C([H])([H])[H])c([H])c2[H])c2c([H])c(O[H])c(N([H])c3c([H])c([H])c(C([H])([H])[H])c([H])c3[H])c([H])c2N1c1c([H])c([H])c(C([H])([H])[H])c([H])c1[H]
COYMAF,0,ok,0.131210,85,1,,[Ni+4]123n4c5c(C([H])([H])C([H])([H])[H])c(C([H])([H])C([H])([H])[H])c4=C([H])c4n1c(c(C([H])([H])C([H])([H])[H])c4C([H])([H])C([H])([H])[H])-c1n2c(c(C([H])([H])C([H])([H])[H])c1C([H])([H])C([H])([H])[H])C([H])=C([H])C([H])=c1n3c=5c(C([H])([H])C([H])([H])[H])c1C([H])([H])C([H])([H])[H]
CPMNTI,0,ok,0.539966,29,1,,C1(C(C#N)=S->[Ti+2]23456789(<-C%10([H])=C->2([H])C3([H])C->4([H])=C->5%10[H])(<-C2([H])=C->6([H])C7([H])C->8([H])=C->92[H])<-S=1)C#N
CUKROR,-1,ok,0.116281,54,1,,[Pd+4]1(Cl)(Cl)<-P(c2c(C3=P([O-])([O-])c4c([H])c(C([H])([H])[H])c([H])c([H])c4N13)c([H])c([H])c([H])c2[H])(c1c([H])c([H])c([H])c([H])c1[H])c1c([H])c([H])c([H])c([H])c1[H]
CUSBID,-1,ok,0.128174,42,1,,[Mo+2]12([Se]c3c([H])c([H])c([H])c([H])c3[H])(<-S=C(C#N)C(=S->1)C#N)(=O)<-n1c([H])c([H])c([H])c([H])c1-c1n->2c([H])c([H])c([H])c1[H]
CUSBOJ,-1,ok,0.141964,44,1,,[Mo+2]12([Se]c3c([H])c([H])c([H])c([H])c3[H])(<-S=C(C(=S->1)C#N)C#N)(=O)<-n1c([H])c([H])c([H])c3c1c1n->2c([H])c([H])c([H])c1c([H])c3[H]
CZBACR,0,ok,0.053467,48,1,,[Cr+2]1(<-[C-]#[O+])(<-[C-]#[O+])(<-[C-]#[O+])(<-[C-]#[O+])<-N(C([H])([H])[H])=C(c2c([H])c([H])c([H])c([H])c2[H])C([H])(C([H])([H])[H])C=1N(C(C([H])([H])[H])([H])[H])C(C([H])([H])[H])([H])[H]
DAHVIR,0,ok,0.036924,29,1,,[Ni]123<-n4c(C#N)c(C#N)n->1c([H])c([H])c([H])n->2c(C#N)c(C#N)n->3c([H])c([H])c4[H]
DAKFEC,0,ok,0.314114,36,1,,[W+2]123456789(<-S=C([H])C(=S->1)c1c([H])c([H])nc([H])c1[H])(<-C1([H])=C->2([H])C3([H])C->4([H])=C->51[H])<-C1([H])=C->6([H])C->7([H])=C->8([H])C91[H]
DAKGON,0,ok,0.186389,66,1,,[Ir+]123(<-N4=[N+]=C([H])C([H])=C4c4n->1c([H])c(C([H])([H])[H])c([H])c4C([H])([H])[H])(c1c([H])c(F)c([H])c([H])c1N1C([H])=C([H])N(C([H])([H])[H])C->21)<-C1N(c2c3c([H])c(F)c([H])c2[H])C([H])=C([H])N1C([H])([H])[H]
DAKGUT,0,ok,0.130103,72,1,,[Ir+]123(<-N4=[N+]=C([H])C([H])=C4c4n->1c([H])c(C([H])([H])[H])c([H])c4C([H])([H])[H])(<-C1N(C([H])([H])[H])C([H])=C([H])N1c1c([H])c([H])c(C([H])([H])[H])c([H])c12)<-C1N(C([H])([H])[H])C([H])=C([H])N1c1c([H])c([H])c(C([H])([H])[H])c([H])c13
DALQAL,0,ok,0.151014,67,1,,[Ni+4]1234(Br)(=C5N(c6c(C([H])([H])[H])c([H])c(C([H])([H])[H])c([H])c6C([H])([H])[H])C([H])([H])C([H])([H])C([H])([H])C([H])([H])N5c5c(C([H])([H])[H])c([H])c(C([H])([H])[H])c([H])c5C([H])([H])[H])<-C5([H])=C->1([H])C->2([H])=C->3([H])C45[H]
DARNAN,0,ok,0.066673,51,1,,[Pd+4]123Oc4c([H])c([H])c([H])c5c4N1C(=C([H])N2c1c([H])c([H])c([H])c([H])c1C([H])([H])N3S(=O)(=O)c1c([H])c([H])c(C([H])([H])[H])c([H])c1[H])C([H])=C5[H]
DAWXEE,0,ok,0.048340,48,1,,[Cr+2](<-[C-]#[O+])(<-[C-]#[O+])(<-[C-]#[O+])(<-[C-]#[O+])(<-[C-]#[O+])=C(OC(C([H])([H])[H])([H])[H])N=C(C(C([H])([H])[H])(C([H])([H])[H])C([H])([H])[H])C(C([H])([H])[H])(C([H])([H])[H])C([H])([H])[H]
DAZLOG,0,ok,0.138169,46,1,,[V+3]123(Oc4c([H])c([H])c5c([H])c([H])c([H])c([H])c5c4C(=N->1C([H])([H])C(N->2([H])[H])([H])[H])[H])(<-O=C(N=N->3[H])c1c([H])c([H])nc([H])c1[H])=O
DEPTUN,0,ok,0.075362,44,1,,[Cr+2](<-[C-]#[O+])(<-[C-]#[O+])(<-[C-]#[O+])(<-[C-]#[O+])(<-[C-]#[O+])=C1N(C([H])([H])[H])C(c2c([H])c([H])c([H])c([H])c2[H])([H])C1=C(c1c([H])c([H])c([H])c([H])c1[H])[H]
DEWXEJ,0,ok,0.096285,45,1,,c1([O-])c2c([H])c([H])c([H])c([H])c2c2n1[Ni+4]1(<-N3=C(N=C(C([H])([H])[H])N1[H])c1c(c([H])c([H])c([H])c1[H])C3=O)N([H])C(C([H])([H])[H])=N2
DEWXOT,0,ok,0.128673,57,1,,c1([O-])c2c([H])c([H])c([H])c([H])c2c2n1[Ni+4]1(<-N3=C(N=C(C([H])([H])C([H])([H])C([H])([H])[H])N1[H])c1c(c([H])c([H])c([H])c1[H])C3=O)N([H])C(C([H])([H])C([H])([H])C([H])([H])[H])=N2
DIPVUV,0,ok,0.018643,14,1,,[Au+3](Cl)=C(N([H])[H])c1oc([H])c([H])c1[H]
DISQON,0,ok,0.102468,74,1,,[Pd+2]1(Cl)(<-N(=C2C3([H])c4c([H])c([H])c([H])c([H])c4C([H])(c4c3c([H])c([H])c([H])c4[H])C2=N->1c1c(C([H])([H])[H])c([H])c(C([H])([H])[H])c([H])c1C([H])([H])[H])c1c(C([H])([H])[H])c([H])c(C([H])([H])[H])c([H])c1C([H])([H])[H])C([H])([H])[H]
DODFAE,0,ok,0.086062,78,1,,[Ni+4]12(c3c4c([H])c([H])c([H])c([H])c4c([H])c([H])c3[H])N3C(=C(C([H])([H])[H])N1c1c(C(C([H])([H])[H])([H])C([H])([H])[H])c([H])c([H])c([H])c1C([H])(C([H])([H])[H])C([H])([H])[H])C([H])=C([H])C([H])=C3C(=O)N2C([H])([H])C([H])([H])C([H])([H])C([H])([H])[H]
DODFEI,0,ok,0.088811,79,1,,[Ni+4]12(c3c4c(c([H])c([H])c3[H])c([H])c([H])c([H])c4[H])N3C(=C([H])C([H])=C([H])C3=C(C([H])([H])[H])N1c1c(C([H])(C([H])([H])[H])C([H])([H])[H])c([H])c([H])c([H])c1C(C([H])([H])[H])(C([H])([H])[H])[H])C(=O)N2C(c1c([H])c([H])c([H])c([H])c1[H])([H])[H]
DOHLIV,0,ok,0.340941,42,1,,[W+4]12345(<-C6(C([H])([H])[H])=C->1(C([H])([H])[H])C2(C([H])([H])[H])C->3(C([H])([H])[H])=C->46C([H])([H])[H])(<-[Se]=[Se]->5)(=O)C#Cc1c([H])c([H])c([H])c([H])c1[H]
DOLYUB,0,ok,0.093811,71,1,,[Au+3](Cl)=C1N(c2c(C([H])([H])[H])c([H])c(C([H])([H])[H])c([H])c2C([H])([H])[H])C([H])([H])c2c(c([H])c([H])c([H])c2[H])-c2c(c([H])c([H])c([H])c2[H])C([H])([H])N1c1c(C([H])([H])[H])c([H])c(C([H])([H])[H])c([H])c1C([H])([H])[H]
DOLZIQ,0,ok,0.075540,72,1,,[Au+3](Cl)=C1N(c2c(C([H])([H])[H])c([H])c(C([H])([H])[H])c([H])c2C([H])([H])[H])C([H])([H])c2c(c([H])c([H])c([H])c2[H])Oc2c(c([H])c([H])c([H])c2[H])C([H])([H])N1c1c(C([H])([H])[H])c([H])c(C([H])([H])[H])c([H])c1C([H])([H])[H]
DOMFAN,0,ok,0.372383,62,1,,[Ir+3]12345(Cl)(<-O=C6C([H])=C([H])C(C([H])([H])[H])=C7C6=C(N1c1c([H])c([H])c([H])c([H])c1[H])C([H])([H])C7([H])C([H])([H])[H])<-C1(C([H])([H])[H])=C->2(C([H])([H])[H])C3(C([H])([H])[H])C->4(C([H])([H])[H])=C->51C([H])([H])[H]
DONYOX,0,ok,0.088562,69,1,,Br[Pd+2]1(Br)<-n2c(-c3c([H])c([H])c([H])c([H])n->13)c([H])c(-c1c([H])c(OC([H])([H])C([H])([H])C([H])([H])C([H])([H])C([H])([H])C([H])([H])[H])c([H])c(OC([H])([H])C([H])([H])C([H])([H])C([H])([H])C([H])([H])C([H])([H])[H])c1[H])n2[H]
DUHYEM,0,ok,0.245439,59,1,,[Mn+3]1234(<-[C-]#[O+])(<-[C-]#[O+])(<-C5([H])=C->1([H])C2([H])C->3([H])=C->45[H])=C1[B-](C(C([H])([H])[H])(C([H])([H])[H])C([H])([H])[H])(c2n(C([H])([H])[H])c([H])c([H])[n+]2C([H])([H])[H])N1C(C([H])([H])[H])(C([H])([H])[H])C([H])([H])[H]
DUMHOI,0,ok,0.065732,45,1,,[V+3]12(=O)(OC(C([H])([H])[H])([H])[H])<-O=C(C(=C(N->1=NC(=O->2)c1c([H])c([H])c([H])c([H])c1[H])C([H])([H])[H])[H])c1c([H])c([H])c([H])c([H])c1[H]
DUQTOA,1,ok,0.168459,71,1,,[Fe+4]12345(<-P(C([H])([H])C(P->1(c1c([H])c([H])c([H])c([H])c1[H])c1c([H])c([H])c([H])c([H])c1[H])([H])[H])(c1c([H])c([H])c([H])c([H])c1[H])c1c([H])c([H])c([H])c([H])c1[H])(=C(N([H])[H])C([H])([H])[H])<-C1([H])=C->2([H])C3([H])C->4([H])=C->51[H]
DUQVES,1,ok,0.439038,71,1,,[Ru+4]12345(<-P(C([H])([H])C(P->1(c1c([H])c([H])c([H])c([H])c1[H])c1c([H])c([H])c([H])c([H])c1[H])([H])[H])(c1c([H])c([H])c([H])c([H])c1[H])c1c([H])c([H])c([H])c([H])c1[H])(=C(N([H])[H])C([H])([H])[H])<-C1([H])=C->2([H])C3([H])C->4([H])=C->51[H]
DURREO,0,ok,0.064379,42,1,,[V+3]12(<-O=C(C([H])([H])[H])C([H])=C(N->1=NC(=O->2)c1c(O[H])c([H])c2c([H])c([H])c([H])c([H])c2c1[H])C([H])([H])[H])(=O)OC([H])([H])[H]
EBEWUD,0,ok,0.098795,70,1,,[Pd+2]1(Cl)(C([H])([H])[H])<-N(=C(C(=N->1c1c(C(C([H])([H])[H])(C([H])([H])[H])[H])c([H])c([H])c([H])c1C(C([H])([H])[H])(C([H])([H])[H])[H])[H])[H])c1c(C(C([H])([H])[H])(C([H])([H])[H])[H])c([H])c([H])c([H])c1C(C([H])([H])[H])(C([H])([H])[H])[H]
ECIBIC,0,ok,0.028223,33,1,,[Pd+4]1(Br)(Br)=C(N([H])C(C([H])([H])[H])(C([H])([H])[H])[H])N([H])N([H])C1=[N+]([H])C([H])(C([H])([H])[H])C([H])([H])[H]
ECIBOI,0,ok,0.048685,47,1,,[Pd+4]1(Br)(Br)=C(N([H])C2([H])C([H])([H])C([H])([H])C([H])([H])C([H])([H])C2([H])[H])N([H])N([H])C1=[N+]([H])C1([H])C([H])([H])C([H])([H])C([H])([H])C([H])([H])C1([H])[H]
ECICAV,0,ok,0.024817,24,1,,[Pd+4]1(Br)(Br)=C(N([H])C([H])([H])[H])N([H])N(C([H])([H])[H])C1=[N+]([H])C([H])([H])[H]
EFAWOA,0,ok,0.098455,85,1,,[Ir+3]123(<-n4c([H])c([H])c([H])c([H])c4C4=C1C([H])([H])C([H])([H])c1c4c([H])c([H])c([H])c1[H])(<-n1c([H])c([H])c([H])c([H])c1C1=C2C([H])([H])C([H])([H])c2c1c([H])c([H])c([H])c2[H])<-n1c([H])c([H])c([H])c([H])c1C1=C3C([H])([H])C([H])([H])c2c1c([H])c([H])c([H])c2[H]
EFINUC,0,ok,0.099977,71,1,,[Ru+2]123(<-S(=O)(C([H])([H])[H])C([H])([H])[H])(<-O=C(N=c4n1c(c([H])c([H])c4[H])-c1n2c(=NC(=O->3)c2c([H])c([H])c([H])c([H])c2[H])c([H])c([H])c1[H])c1c([H])c([H])c([H])c([H])c1[H])<-n1c([H])c([H])c(C([H])([H])[H])c([H])c1[H]
EFIPEQ,0,ok,0.080578,69,1,,[Pd+4](Cl)(<-n1c([H])c(Cl)c([H])c([H])c1[H])(=C1N(c2c(C([H])([H])[H])c([H])c(C([H])([H])[H])c([H])c2C([H])([H])[H])C([H])([H])C([H])([H])C([H])([H])C([H])([H])N1c1c(C([H])([H])[H])c([H])c(C([H])([H])[H])c([H])c1C([H])([H])[H])Cl
EGEGON,0,ok,0.074810,62,1,,c1([Rh+3]234(<-C5([H])=C->2([H])C([H])([H])C([H])([H])C->3([H])=C->4([H])C([H])([H])C5([H])[H])Cl)c([S-](c2c([H])c([H])c([H])c([H])c2[H])c2c([H])c([H])c([H])c([H])c2[H])c2c([H])c([H])c([H])c([H])c2n1C([H])([H])[H]
EGEYAQ,0,ok,0.075788,59,1,,[W+2](<-[C-]#[O+])(<-[C-]#[O+])(<-[C-]#[O+])(<-[C-]#[O+])(<-[C-]#[O+])=C(N(C(C([H])([H])[H])(C([H])([H])[H])[H])C(C(=C(c1c([H])c([H])c([H])c([H])c1[H])[H])[H])=C(C(C(C([H])([H])[H])([H])[H])([H])[H])[H])OC(C([H])([H])[H])([H])[H]
EHOCAG,0,ok,0.142934,78,1,,[Re+3]12(<-[C-]#[O+])(<-[C-]#[O+])(<-[C-]#[O+])n3c4c(C([H])([H])[H])c(C([H])([H])C([H])([H])C([H])([H])C([H])([H])[H])c3C([H])=c3n1c(c(C([H])([H])C([H])([H])[H])c3C([H])([H])C([H])([H])[H])=C([H])c1n2c(c(C([H])([H])[H])c1C([H])([H])C([H])([H])C([H])([H])C([H])([H])[H])C([H])=C4[H]
EHUSOP,0,ok,0.070871,38,1,,[Cr+2](<-[C-]#[O+])(N1[N-]C(C(=O)OC([H])([H])[H])=C([H])C1(C([H])([H])C([H])([H])[H])C([H])([H])C([H])([H])[H])(<-[C-]#[O+])(<-[C-]#[O+])(<-[C-]#[O+])<-[C-]#[O+]
EHUSUV,0,ok,0.062097,32,1,,[W+2](N1[N-]C(C(=O)OC([H])([H])[H])=C([H])C1(C([H])([H])[H])C([H])([H])[H])(<-[C-]#[O+])(<-[C-]#[O+])(<-[C-]#[O+])(<-[C-]#[O+])<-[C-]#[O+]
EJERUI,0,ok,0.059792,57,1,,[Pd+2]12(<-n3c(-c4n->1c([H])c([H])c(Br)c4[H])c([H])c(Br)c([H])c3[H])Oc1c([H])c(C(F)(F)C(F)(F)C(F)(F)C(F)(F)F)c(C(F)(F)C(F)(F)C(F)(F)C(F)(F)F)c([H])c1O2
EMACCR,0,ok,0.029451,29,1,,[Cr+2](<-[C-]#[O+])(=C(N(C([H])([H])[H])C([H])([H])[H])OC(C([H])([H])[H])([H])[H])(<-[C-]#[O+])(<-[C-]#[O+])(<-[C-]#[O+])<-[C-]#[O+]
ENUNAD,0,ok,0.074302,55,1,,[Pd+2]12(<-n3c([H])c([H])c([H])c4c([H])c([H])c5c([H])c([H])c([H])n->1c5c34)N(C(=O)c1c([H])c([H])c(C([H])([H])[H])c([H])c1[H])C(C(C([H])([H])[H])(C([H])([H])[H])[H])([H])C(=O)O2
EPAVEX,0,ok,0.076902,39,1,,[Ni+2]123<-O=C(C(F)(F)F)C(=C(N1c1c(c([H])c([H])c([H])c1[H])N2C(=C(C(=O->3)C(F)(F)F)[H])C([H])([H])[H])C([H])([H])[H])[H]
EPOMUS,1,ok,0.088631,78,1,,[Pd+4](I)(=C(N([H])c1c(C([H])([H])[H])c([H])c([H])c([H])c1C([H])([H])[H])c1c(C([H])([H])C(=O)N([H])[H])c([H])c([H])c([H])c1[H])(<-[C-]#[N+]c1c(C([H])([H])[H])c([H])c([H])c([H])c1C([H])([H])[H])<-[C-]#[N+]c1c(C([H])([H])[H])c([H])c([H])c([H])c1C([H])([H])[H]
ESANES,0,ok,0.147012,55,1,,[Ru+4]12(Cl)(Cl)(<-S(=O)(C([H])([H])[H])C([H])([H])[H])<-n3c(N([H])c4n1c(c1c([H])c(C([H])([H])[H])c(C([H])([H])[H])c([H])c14)N=C1N2C([H])=C(Br)C([H])=C1[H])c([H])c([H])c(Br)c3[H]
ESINID,0,ok,0.081554,64,1,,C(c1c2c(c([H])c3c1c([H])c([H])c([H])c3[H])c([H])c([H])c([H])c2[H])(N(C([H])([H])[H])C(C([H])([H])[H])(C([H])([H])[H])C([H])([H])[H])=[Rh+3]123(Cl)<-C4([H])=C->1([H])C([H])([H])C([H])([H])C->2([H])=C->3([H])C([H])([H])C4([H])[H]
ESODEW,0,ok,0.082247,49,1,,[W+2](<-[C-]#[O+])(<-[C-]#[O+])(<-[C-]#[O+])(<-[C-]#[O+])(<-[C-]#[O+])=C(N([H])[H])[Si](c1c([H])c([H])c([H])c([H])c1[H])(c1c([H])c([H])c([H])c([H])c1[H])c1c([H])c([H])c([H])c([H])c1[H]
ETANES,0,ok,0.091849,61,1,,[Pt+2]1(<-N(=C(C(=N->1c1c(C([H])([H])[H])c([H])c([H])c([H])c1C([H])([H])[H])C([H])([H])[H])C([H])([H])[H])c1c(C([H])([H])[H])c([H])c([H])c([H])c1C([H])([H])[H])(C([H])([H])[H])C(C(C(F)(F)F)(F)F)(F)F
EYORIV,0,ok,0.047920,39,1,,[Cr+2](<-[C-]#[O+])(<-[C-]#[O+])(<-[C-]#[O+])(<-[C-]#[O+])(<-[C-]#[O+])=C(N([H])C1([H])C([H])([H])C([H])([H])C([H])([H])C([H])([H])C1([H])[H])c1oc([H])c([H])c1[H]
EYORUH,0,ok,0.030791,23,1,,[W+2](<-[C-]#[O+])(<-[C-]#[O+])(<-[C-]#[O+])(<-[C-]#[O+])(<-[C-]#[O+])=C(N([H])[H])c1sc([H])c([H])c1[H]
EYOSAO,0,ok,0.035055,23,1,,[W+2](<-[C-]#[O+])(<-[C-]#[O+])(<-[C-]#[O+])(=C(N([H])[H])c1oc([H])c([H])c1[H])(<-[C-]#[O+])<-[C-]#[O+]
FACBIV,0,ok,0.084576,55,1,,[Fe+2]1234(<-[C-]#[O+])(<-[C-]#[O+])=C(OC(C([H])([H])[H])([H])[H])N(C(c5c([H])c([H])c([H])c([H])c5OC([H])([H])[H])(C->1(=C->2(c->31oc([H])c([H])c->41[H])[H])[H])[H])c1c([H])c([H])c([H])c([H])c1[H]
FAJDAW,0,ok,0.193621,81,1,,[Rh+]1234(<-C5N(c6c(C([H])([H])[H])c([H])c(C([H])([H])[H])c([H])c6C([H])([H])[H])C([H])=C([H])N5c5c(C([H])([H])[H])c([H])c(C([H])([H])[H])c([H])c5C([H])([H])[H])(C([H])([H])[H])(<-C5(C([H])([H])[H])=C->1(C([H])([H])[H])[C+]->2(C([H])([H])[H])C->3(C([H])([H])[H])=C->45C([H])([H])[H])C([H])([H])[H]
FAKMOT,1,ok,0.072897,50,1,,[Ru+2]123(OC(=O)C(N->1([H])[H])([H])[H])(<-n1c(-c4n->2c([H])c([H])c([H])c4[H])c([H])c([H])c([H])c1[H])<-n1c(-c2n->3c([H])c([H])c([H])c2[H])c([H])c([H])c([H])c1[H]
FAWFIT,0,ok,0.073474,31,1,,[Re+3]1(Cl)(<-[C-]#[O+])(<-[C-]#[O+])(<-[C-]#[O+])N2C([H])=C([H])C([H])=C3C2=C2N1C([H])=C([H])C([H])=C2C1([H])OC31[H]
FETHET,0,ok,0.112187,84,1,,[Ir+5]1234(<-n5n([B-](n6n->1c(C([H])([H])[H])c([H])c6C([H])([H])[H])(n1n->2c(C([H])([H])[H])c([H])c1C([H])([H])[H])[H])c(C([H])([H])[H])c([H])c5C([H])([H])[H])=C1N(C(c2c([H])c([H])c([H])c([H])c2[H])=C([H])C([H])=C1[H])C(C([H])([H])[H])(C3=C([H])[H])c1c4c([H])c([H])c([H])c1[H]
FEVYEL,0,ok,0.059259,47,1,,[Pt]12(<-S=C(C(=S->1)C#N)C#N)<-n1c([H])c([H])c([H])c(C(=O)OC(C([H])([H])[H])([H])[H])c1-c1c(C(=O)OC(C([H])([H])[H])([H])[H])c([H])c([H])c([H])n->21
FEXRUV,0,ok,0.053410,39,1,,[Pt+2]1(Cl)(<-n2c(C([H])([H])[H])c([H])c([H])c([H])c2C(=N->1C(C([H])([H])[H])(c1c([H])c([H])c([H])c([H])c1[H])[H])[H])C([H])([H])[H]
FEZJEB,0,ok,0.145889,75,1,,c1([H])c([H])c([H])c([H])c2C(C([H])([H])C([H])([H])C([H])([H])[H])=N3->[Fe+2]45(<-n12)(<-n1c([H])c([H])c([H])c([H])c1C(C([H])([H])C([H])([H])C([H])([H])[H])=N->4N=C(c1c(O[H])c([H])c([H])c([H])c1[H])O5)OC(c1c(O[H])c([H])c([H])c([H])c1[H])=N3
FIHNEP,0,ok,0.113832,47,1,,[Cr+2]1(<-[C-]#[O+])(<-[C-]#[O+])(<-[C-]#[O+])(<-[C-]#[O+])<-P(C(=C(C=1N([H])[H])OC(C([H])([H])[H])([H])[H])[H])(c1c([H])c([H])c([H])c([H])c1[H])c1c([H])c([H])c([H])c([H])c1[H]
FIJFOW,0,ok,0.080668,76,1,,[Cu+3](=C1N(c2c(C([H])([H])[H])c([H])c(C([H])([H])[H])c([H])c2C([H])([H])[H])C([H])([H])C([H])([H])C([H])([H])C([H])([H])N1c1c(C([H])([H])[H])c([H])c(C([H])([H])[H])c([H])c1C([H])([H])[H])c1c(C([H])([H])[H])c([H])c(C([H])([H])[H])c([H])c1C([H])([H])[H]
FIMYAE,0,ok,0.066513,35,1,,[Zn+2]1(Cl)(Cl)<-N(=NC(=C2N1C([H])=C([H])C([H])=C2[H])[H])C(=O)C([N+](C([H])([H])[H])(C([H])([H])[H])C([H])([H])[H])([H])[H]
FINTEC,0,ok,0.080028,45,1,,c1(P2(c3c([H])c([H])c([H])c([H])c3[H])C(C(N(C([H])([H])[H])C([H])([H])[H])=[Cr+2]<-2(<-[C-]#[O+])(<-[C-]#[O+])(<-[C-]#[O+])<-[C-]#[O+])([H])[H])c([H])c([H])c([H])c([H])c1[H]
FINTIG,0,ok,0.084519,45,1,,[W+2]1(<-P(c2c([H])c([H])c([H])c([H])c2[H])(C(C=1N(C([H])([H])[H])C([H])([H])[H])([H])[H])c1c([H])c([H])c([H])c([H])c1[H])(<-[C-]#[O+])(<-[C-]#[O+])(<-[C-]#[O+])<-[C-]#[O+]
FINVAA,0,ok,0.032404,33,1,,[W+2](=C(N(C([H])([H])[H])C([H])([H])[H])C(SC([H])([H])[H])(SC([H])([H])[H])[H])(<-[C-]#[O+])(<-[C-]#[O+])(<-[C-]#[O+])(<-[C-]#[O+])<-[C-]#[O+]
FINVII,0,ok,0.030851,31,1,,[Cr+2]1(<-S(C(SC([H])([H])[H])([H])C=1N(C([H])([H])[H])C([H])([H])[H])C([H])([H])[H])(<-[C-]#[O+])(<-[C-]#[O+])(<-[C-]#[O+])<-[C-]#[O+]
FINVOO,0,ok,0.028694,27,1,,[Cr+2]1(<-S(C(C=1N(C([H])([H])[H])C([H])([H])[H])([H])[H])C([H])([H])[H])(<-[C-]#[O+])(<-[C-]#[O+])(<-[C-]#[O+])<-[C-]#[O+]
FINVUU,0,ok,0.025727,27,1,,[W+2]1(<-S(C(C=1N(C([H])([H])[H])C([H])([H])[H])([H])[H])C([H])([H])[H])(<-[C-]#[O+])(<-[C-]#[O+])(<-[C-]#[O+])<-[C-]#[O+]
FIQPOK,0,ok,0.200704,53,1,,[Pd]12(<-S=C(N([H])[H])N=N->1C1=C3C(=[N+]=C([H])C([H])=C3[H])c3nc([H])c([H])c([H])c31)SC(N([H])[H])=NN2C1=C2C([H])=C([H])C([H])=[N+]=C2c2nc([H])c([H])c([H])c21
FIRFAO,0,ok,0.094562,44,1,,[Cr+2](<-[C-]#[O+])(<-[C-]#[O+])(<-[C-]#[O+])(<-[C-]#[O+])(<-[C-]#[O+])=C(N(C([H])([H])[H])C([H])([H])[H])C([H])=C(N(C([H])([H])[H])C([H])([H])[H])c1c([H])c([H])c([H])c([H])c1[H]
FIRFES,0,ok,0.058661,51,1,,[Cr+2](<-[C-]#[O+])(<-[C-]#[O+])(<-[C-]#[O+])(<-[C-]#[O+])(<-[C-]#[O+])=C(N(C([H])([H])[H])C([H])([H])[H])C([H])=C(N(C([H])([H])[H])c1c([H])c([H])c([H])c([H])c1[H])c1c([H])c([H])c([H])c([H])c1[H]
FMBCNI,0,ok,0.050770,29,1,,[B-]12(F)[Ni+4]3456(<-[C-]#[O+])(<-C1(C([H])([H])[H])=C->3(C([H])([H])[H])[B-2]->4(F)C->5(C([H])([H])[H])=C->62C([H])([H])[H])<-[C-]#[O+]
FOBREV,0,ok,0.048613,43,1,,[Fe+2]12(OC(=C(c3sc(C([H])([H])[H])c(C([H])([H])[H])n->13)[H])C(F)(F)F)<-O=C(C([H])=C1SC(C([H])([H])[H])=C(C([H])([H])[H])N21)C(F)(F)F
FOGMIX,0,ok,0.042895,38,1,,[W+2](<-[C-]#[O+])(<-[C-]#[O+])(<-[C-]#[O+])(<-[C-]#[O+])(<-[C-]#[O+])=C1N(C(=C([H])[H])[H])C(=NC(=C([H])[H])[H])C1(OC(C([H])([H])[H])([H])[H])C([H])([H])[H]
FUPSAM,0,ok,0.129348,53,1,,[Fe+2]1234(OC(=NN->1=C(c1n->2c([H])c([H])c([H])c1[H])[H])c1c([H])c([H])nc([H])c1[H])<-N(N=C(O3)c1c([H])c([H])nc([H])c1[H])=C(c1n->4c([H])c([H])c([H])c1[H])[H]
GABBOB,0,ok,0.033590,36,1,,C1(c2c([H])c([H])c([H])c([H])c2[H])N=O->[Pt](<-O=1)(<-S(C([H])([H])[H])(C([H])([H])[H])=O)<-S(C([H])([H])[H])(C([H])([H])[H])=O
GABBUH,0,ok,0.034694,37,1,,C1(c2c([H])c([H])c([H])c([H])c2O[H])=O->[Pt](<-S(C([H])([H])[H])(C([H])([H])[H])=O)(<-S(C([H])([H])[H])(C([H])([H])[H])=O)<-O=N1
GABPUU,1,ok,0.154766,71,1,,[Fe+4]1234(<-P(c5c([H])c([H])c([H])c([H])c5[H])(c5c([H])c([H])c([H])c([H])c5[H])c5c([H])c([H])c([H])c([H])c5[H])(=C(N(C(c5c([H])c([H])c([H])c([H])c5[H])(C([H])([H])[H])[H])[H])C([H])([H])[H])(<-[C-]#[O+])<-C5([H])=C->1([H])C2([H])C->3([H])=C->45[H]
GABYUD,0,ok,0.056013,43,1,,[Cr+2](<-[C-]#[O+])(<-[C-]#[O+])(<-[C-]#[O+])(<-[C-]#[O+])(<-[C-]#[O+])=C(N=C(OC([H])([H])[H])c1c([H])c([H])c([H])c([H])c1[H])C(C([H])([H])[H])(C([H])([H])[H])C([H])([H])[H]
GAFRIO,1,ok,0.058141,39,1,,[Pd+2]1(C([H])([H])[H])(<-n2c(-c3n->1c([H])c([H])c([H])c3[H])c([H])c([H])c([H])c2[H])<-n1c([H])c([H])c(C([H])([H])[H])c([H])c1[H]
GAJQEN,0,ok,0.062278,72,1,,[Zn+2](<-[c-]1[n+](C([H])([H])[H])c(C([H])([H])[H])c(C([H])([H])[H])n1C([H])([H])[H])(C1(C([H])([H])[H])C(C([H])([H])[H])=C(C([H])([H])[H])C(C([H])([H])[H])=C1C([H])([H])[H])C1(C([H])([H])[H])C(C([H])([H])[H])=C(C([H])([H])[H])C(C([H])([H])[H])=C1C([H])([H])[H]
GAMHIO,0,ok,0.115950,85,1,,[Ag+3](Br)=C1N(c2c(C([H])(C([H])([H])[H])C([H])([H])[H])c([H])c([H])c([H])c2C([H])(C([H])([H])[H])C([H])([H])[H])C([H])([H])c2c([H])c([H])c([H])c3c([H])c([H])c([H])c(c32)C([H])([H])N1c1c(C([H])(C([H])([H])[H])C([H])([H])[H])c([H])c([H])c([H])c1C([H])(C([H])([H])[H])C([H])([H])[H]
GAMHOU,0,ok,0.098653,85,1,,Br[Cu+3]=C1N(c2c(C([H])(C([H])([H])[H])C([H])([H])[H])c([H])c([H])c([H])c2C([H])(C([H])([H])[H])C([H])([H])[H])C([H])([H])c2c([H])c([H])c([H])c3c([H])c([H])c([H])c(c32)C([H])([H])N1c1c(C([H])(C([H])([H])[H])C([H])([H])[H])c([H])c([H])c([H])c1C([H])(C([H])([H])[H])C([H])([H])[H]
GECPUC,0,ok,0.045357,44,1,,[V+3]12(<-N(=NC(=O->1)c1c(N([H])[H])c([H])c([H])c([H])c1[H])C(=C(C(=O->2)c1c([H])c([H])c([H])c([H])c1[H])[H])C([H])([H])[H])(=O)OC([H])([H])[H]
GEPGIT,0,ok,0.069683,58,1,,[Re+5]123(#N)<-N(=C(c4c([H])c([H])c([H])c([H])c4[H])N=C(N(C([H])([H])C([H])([H])[H])C([H])([H])C([H])([H])[H])S1)c1c(c([H])c([H])c([H])c1[H])C(C([H])([H])[H])=N->2N=C(N([H])C([H])([H])[H])S3
GEPGOZ,0,ok,0.083026,58,1,,[Tc+5]123(#N)<-N(=C(c4c([H])c([H])c([H])c([H])c4[H])N=C(N(C([H])([H])C([H])([H])[H])C([H])([H])C([H])([H])[H])S1)c1c([H])c([H])c([H])c([H])c1C(C([H])([H])[H])=N->2N=C(N([H])C([H])([H])[H])S3
GEPZEG,-1,ilp_failed,0.033663,0,0,"ILP failed: Infeasible (check mol_charge, η-carbon lp=0 vs ring anion/aromatic 6π, connectivity, remote-C lp preference, and LP/octet balance on donors)",
GETJUK,0,ok,0.041181,27,1,,[Pt]12(<-S=C(C(=S->1)C#N)C#N)<-n1c(-c3nc([H])c([H])c([H])n->23)nc([H])c([H])c1[H]
GEYWEO,0,ok,0.086204,57,1,,[Pt+2]1(Cl)(Cl)<-n2c([H])c([H])c([H])c(N=C3N(C([H])([H])[H])C([H])([H])C([H])([H])N3C([H])([H])[H])c2-c2n->1c([H])c([H])c([H])c2N=C1N(C([H])([H])[H])C([H])([H])C([H])([H])N1C([H])([H])[H]
GEYWUE,0,ok,0.094894,61,1,,[Pt+2]1(Cl)(<-n2c([H])c([H])c([H])c(N=C(N(C([H])([H])[H])C([H])([H])[H])N(C([H])([H])[H])C([H])([H])[H])c2-c2n->1c([H])c([H])c([H])c2N=C(N(C([H])([H])[H])C([H])([H])[H])N(C([H])([H])[H])C([H])([H])[H])Cl
GIFDEG,0,ok,0.106385,83,1,,[Ni]12(<-P(c3n(N(c4c([H])c([H])c([H])c([H])c4[H])c4c([H])c([H])c([H])c([H])c4[H])c([H])c([H])c3[H])(c3c([H])c([H])c([H])c([H])c3[H])c3c([H])c([H])c([H])c([H])c3[H])<-O=C(N=N->1C(=C([H])C(=O->2)C(F)(F)F)C(F)(F)F)c1c([H])c([H])c([H])c([H])c1[H]
GIGGOV,0,ok,0.173356,54,1,,[Ru+2]12(N3C([H])=C([H])C([H])=C([H])C3=C([H])C(=O->1)c1c([H])c([H])c([H])c([H])c1[H])(<-n1c([H])c([H])c([H])c([H])c1C([H])=C2c1c([H])c([H])c([H])c([H])c1[H])(<-[C-]#[O+])<-[C-]#[O+]
GIKGUC,0,ok,0.213170,63,1,,[Zr+4]123456(<-P(C([H])([H])[H])(C([H])([H])[H])C(C(P->1(C([H])([H])[H])C([H])([H])[H])([H])[H])([H])[H])(<-P(C([H])([H])[H])(C([H])([H])[H])C(C(P->2(C([H])([H])[H])C([H])([H])[H])([H])[H])([H])[H])(C([H])([H])[H])<-C1([H])=C->3([H])C4([H])C5([H])C61[H]
GILLIZ,1,ok,0.203026,75,1,,[Ru+2]123(Oc4c([H])c([H])c([H])c5nc6c7c([H])c([H])c([H])c([H])c7c7c([H])c([H])c([H])c([H])c7c6n->1c45)(<-n1c([H])c([H])c([H])c([H])c1-c1n->2c([H])c([H])c([H])c1[H])<-n1c([H])c([H])c([H])c([H])c1-c1n->3c([H])c([H])c([H])c1[H]
GILQOI,0,ok,0.076542,67,1,,[Ru]123456(<-P(c7c([H])c([H])c([H])c([H])c7[H])(c7c([H])c([H])c([H])c([H])c7[H])c7c([H])c([H])c([H])c([H])c7[H])(<-S=C(C(=S->1)C#N)C#N)<-c1(C([H])([H])[H])c->2([H])c->3([H])c->4(C([H])(C([H])([H])[H])C([H])([H])[H])c->5([H])c->61[H]
GIRFES,0,ok,0.213590,40,1,,[Zr+4]12345(Cl)(<-P(C([H])([H])[H])(C([H])([H])[H])C(C(P->1(C([H])([H])[H])C([H])([H])[H])([H])[H])([H])[H])(<-[C-]#[O+])(<-[C-]#[O+])<-C1([H])=C->2([H])C3([H])C4([H])C51[H]
GIWNEH,0,ok,0.033148,23,1,,[Cr+2](<-[C-]#[O+])(<-[C-]#[O+])(<-[C-]#[O+])(<-[C-]#[O+])(<-[C-]#[O+])=C(N([H])[H])c1oc([H])c([H])c1[H]
GIWPAF,0,ok,0.039600,27,1,,[Cr+2](<-[C-]#[O+])(<-[C-]#[O+])(<-[C-]#[O+])(<-[C-]#[O+])(<-[C-]#[O+])=C(c1n(C([H])([H])[H])c([H])c([H])c1[H])N([H])[H]
GOCFOU,0,ok,0.049130,54,1,,[W+4](<-[C-]#[O+])(<-[C-]#[O+])(<-[C-]#[O+])(<-[C-]#[O+])(=C(c1c([H])c([H])c([H])c([H])c1[H])N1C([H])([H])C([H])([H])C([H])([H])C1([H])[H])=C(N1C([H])([H])C([H])([H])OC([H])([H])C1([H])[H])OC([H])([H])[H]
GODZAC,0,ok,0.224134,85,1,,[Pt+4]123n4c5c([H])c([H])c4=C(c4c([H])c([H])c([H])c([H])c4[H])c4n1c(c([H])c4[H])C(c1c([H])c([H])c([H])c([H])c1[H])=c1n2c(c([H])c1[H])=C(c1c([H])c([H])c([H])c([H])c1[H])c1c2c([H])c([H])c([H])c([H])c([H])c-2c(c13)C=5c1c([H])c([H])c([H])c([H])c1[H]
GOGGEO,-1,ok,0.052686,50,1,,[Co+](<-P(c1c([H])c([H])c(C([H])([H])[H])c([H])c1[H])(c1c([H])c([H])c(C([H])([H])[H])c([H])c1[H])C1=C([H])[C-]([H])C(C([H])([H])[H])=C([H])[C-]1[H])(<-[C-]#[O+])(<-[C-]#[O+])<-[C-]#[O+]
GONHEW,0,ok,0.208114,79,1,,[Ni+4]123n4c5c([H])c([H])c4=C(C#Cc4c([H])c([H])c(N(C([H])([H])[H])C([H])([H])[H])c([H])c4[H])c4n1c(c([H])c4[H])C(c1c([H])c([H])c([H])c([H])c1[H])=c1n2c(c([H])c1[H])=C(C(=O)[H])c1n3c(c([H])c1[H])C=5c1c([H])c([H])c([H])c([H])c1[H]
GOPQIL,0,ok,0.033869,35,1,,[Pd+4]1(Cl)(C(=O)C([H])([H])[H])N2C([H])=C([H])C([H])=C3C2=C(N1C(C([H])([H])[H])(C([H])([H])[H])[H])C([H])([H])C3([H])[H]
GORYIV,0,ok,0.536850,70,1,,[Br+]=C1C2=O->[Mn+3]34(Oc5c(Br)c([H])c(C(C([H])([H])[H])(C([H])([H])[H])C([H])([H])[H])c([H])c5C(=N->3C3([H])C(N->4=C(C2=C([H])C(C(C([H])([H])[H])(C([H])([H])[H])C([H])([H])[H])=C1[H])[H])([H])C([H])([H])C([H])([H])C([H])([H])C3([H])[H])[H])#N
GOTTOY,0,ok,0.136788,60,1,,[Mn+7]12(Oc3c([H])c([H])c([H])c([H])c3C3=N->1C([H])(C([H])(C([H])([H])[H])C([H])([H])[H])C([H])([H])O3)(#N)Oc1c([H])c([H])c([H])c([H])c1[C-]1OC([H])([H])C([H])(C([H])(C([H])([H])[H])C([H])([H])[H])N21
GUCBIR,0,ok,0.257095,62,1,,[Fe+4]12(OS(=O)(=O)C(F)(F)F)(OS(=O)(=O)C(F)(F)F)<-n3c(C([H])([H])[H])c([H])c([H])c([H])c3N(C([H])([H])[H])c3n1c(c1c3c([H])c([H])c([H])c1[H])N=C1N2C(C([H])([H])[H])=C([H])C([H])=C1[H]
GUFCAL,0,ok,0.085697,73,1,,[Pd+2]12(ON=C(c3n->1c([H])c([H])c([H])c3[H])c1c([H])c([H])c(C(C(C(C([H])([H])[H])([H])[H])([H])[H])([H])[H])c([H])c1[H])<-O=NC(=C1N2C([H])=C([H])C([H])=C1[H])c1c([H])c([H])c(C(C(C(C([H])([H])[H])([H])[H])([H])[H])([H])[H])c([H])c1[H]
GUJCOD,0,ok,0.062249,42,1,,[Ru]12(<-S=C(C#N)C(=S->1)C#N)(<-n1c([H])c([H])c([H])c([H])c1-c1n->2c(-c2nc([H])c([H])c([H])c2[H])c([H])c([H])c1[H])(<-[C-]#[O+])<-[C-]#[O+]
GULGUR,1,ok,0.077675,70,1,,[Au+3]1(c2c(F)c(F)c(F)c(F)c2F)(c2c(F)c(F)c(F)c(F)c2F)<-n2c([H])c([H])c([H])c([H])c2C([H])([H])[N+](C([H])([H])c2nc([H])c([H])c([H])c2[H])=C1N([H])c1c([H])c([H])c2c([H])c([H])c([H])c([H])c2c1[H]
GULHAY,1,ok,0.078124,70,1,,[Au+3]1(<-n2c([H])c([H])c([H])c([H])c2C(N(C([H])([H])c2c([H])c([H])c([H])c([H])n2)C1=[N+]([H])C1([H])C([H])([H])C([H])([H])C([H])([H])C([H])([H])C1([H])[H])([H])[H])(c1c(F)c(F)c(F)c(F)c1F)c1c(F)c(F)c(F)c(F)c1F
GULZUJ,0,ok,0.141160,51,1,,c12c3c([H])c([H])c([H])c([H])c3c3n1[Ni+4]14<-N5=C(c6c(c([H])c([H])c([H])c6[H])C5=Nc5c([H])c([H])c([H])c(c51)N3[H])N([H])c1c([H])c([H])c([H])c(c14)[N-]2
GUNGUT,0,ok,0.266895,61,1,,c12c3c4c([H])c(F)c([H])n3[Ru+2]3(<-[C-]#[O+])(<-n1c1c(c2c2c4C(=O)N([H])C2=O)c([H])c(O[H])c([H])c1[H])(<-n1c([H])c(N([H])[H])c([H])c([H])c1C([H])=N->3c1c([H])c([H])c([H])c([H])c1[H])Cl
GUSRUI,0,ok,0.052664,36,1,,c12N=N(c3c([H])c4c([H])c([H])c([H])c([H])c4c([H])c3[H])->[Pd+2](Cl)(Cl)<-n1c([H])c([H])n2C([H])([H])C([H])([H])[H]
GUSSAP,0,ok,0.058366,46,1,,c1(N2c3c(c([H])c([H])c4c([H])c([H])c([H])c([H])c34)N3N=C4N(C([H])=C([H])N4C([H])([H])C([H])([H])[H])[Pd+4]23Cl)c([H])c([H])c(Cl)c([H])c1[H]
HACDOE,0,ok,0.036720,41,1,,[Fe+2]1(<-O=C(OC=1N(C(C([H])([H])[H])([H])[H])C(C([H])([H])[H])([H])[H])N(C(C([H])([H])[H])([H])[H])C(C([H])([H])[H])([H])[H])(<-[C-]#[O+])(<-[C-]#[O+])<-[C-]#[O+]
HAJHOP,0,ok,0.066678,46,1,,[Re+]1(<-O=C(C(=C1c1c([H])c([H])c([H])c([H])c1[H])c1c([H])c([H])c([H])c([H])c1[H])c1c([H])c([H])c([H])c([H])c1[H])(<-[C-]#[O+])(<-[C-]#[O+])(<-[C-]#[O+])<-[C-]#[O+]
HAJNIP,0,ok,0.100132,43,1,,[W+2](<-[C-]#[O+])(<-[C-]#[O+])(<-[C-]#[O+])(<-[C-]#[O+])(<-[C-]#[O+])=c1n(C([H])([H])[H])c(C([H])([H])[H])c(C(=O)C([H])([H])[H])c(-c2c([H])c([H])c([H])c([H])c2[H])c1[H]
HAKHEG,0,ok,0.036827,29,1,,[Pt]1234(<-S=C(C(=S->1)C#N)C#N)<-C1([H])=C->2([H])C([H])([H])C([H])([H])C->3([H])=C->4([H])C([H])([H])C1([H])[H]
HALNAK,0,ok,0.071292,45,1,,[Cr+2]1(<-S(C(=C(C=1N(C([H])([H])[H])C([H])([H])[H])[H])c1c([H])c([H])c([H])c([H])c1[H])c1c([H])c([H])c([H])c([H])c1[H])(<-[C-]#[O+])(<-[C-]#[O+])(<-[C-]#[O+])<-[C-]#[O+]
HAWXAG,0,ok,0.071106,37,1,,[Pd+2]12(<-n3c(C(=C(O1)C(F)(F)F)[H])c([H])c([H])c([H])c3[H])N1C(=C(C(=O->2)C(F)(F)F)[H])C([H])=C([H])C([H])=C1[H]
HAWXEK,0,ok,0.055585,43,1,,[Pd+2]12(OC(=C([H])c3c([H])c([H])c([H])c([H])n->13)C(F)(F)C(F)(F)F)<-O=C(C([H])=C1C([H])=C([H])C([H])=C([H])N21)C(F)(F)C(F)(F)F
HAWXOU,0,ok,0.063165,37,1,,[Pd+2]12(OC(=C(c3n->1c([H])c([H])c([H])c3[H])[H])C([H])([H])[H])<-O=C(C(=C1N2C([H])=C([H])C([H])=C1[H])[H])C([H])([H])[H]
HAWXUA,0,ok,0.070995,37,1,,[Pt+2]12(<-n3c([H])c([H])c([H])c([H])c3C([H])=C(O1)C(F)(F)F)N1C([H])=C([H])C([H])=C([H])C1=C([H])C(=O->2)C(F)(F)F
HECYIY,0,ok,0.070629,39,1,,[Cr+2](<-[C-]#[O+])(<-[C-]#[O+])(<-[C-]#[O+])(<-[C-]#[O+])(<-[C-]#[O+])=c1n([H])c(-c2c([H])c([H])c([H])c([H])c2[H])nc(N(C([H])([H])[H])C([H])([H])[H])c1[H]
HERBAI,0,ok,0.071900,70,1,,[Pd]12(<-P(C([H])([H])C(P->1(c1c([H])c([H])c([H])c([H])c1[H])c1c([H])c([H])c([H])c([H])c1[H])([H])[H])(c1c([H])c([H])c([H])c([H])c1[H])c1c([H])c([H])c([H])c([H])c1[H])<-S=C([H])C(=S->2)c1c([H])c([H])c(C#N)c([H])c1[H]
HIGDIL,0,ok,0.143850,55,1,,c1([H])c([H])c([H])c([H])c2C([H])=N3->[Fe+2]45(<-n12)(<-n1c([H])c([H])c([H])c([H])c1C([H])=N->4N=C(c1c(Br)c([H])c([H])c([H])c1[H])O5)OC(c1c(Br)c([H])c([H])c([H])c1[H])=N3
HIGDOR,0,ok,0.105891,77,1,,[C-](->[Cr+2]1(<-[C-]#[O+])(<-[C-]#[O+])(=C(C([H])([H])[H])N2C([H])([H])C([H])([H])C([H])([H])C2([H])[H])<-P(c2c([H])c([H])c([H])c([H])c2[H])(c2c([H])c([H])c([H])c([H])c2[H])C([H])([H])C([H])([H])P->1(c1c([H])c([H])c([H])c([H])c1[H])c1c([H])c([H])c([H])c([H])c1[H])#[O+]
HIQDUG,0,ok,0.100958,56,1,,[V+3]123(<-O=C(C([H])([H])[H])C(=C(N->1=NC(=O->2)c1c([H])c([H])c([H])c([H])c1[H])C([H])([H])[H])[H])(<-O=C(N(O3)c1c([H])c([H])c([H])c([H])c1[H])c1c([H])c([H])c([H])c([H])c1[H])=O
HIQPIH,0,ok,0.066205,43,1,,[Ru+2]12(Cl)(<-n3c([H])c([H])c([H])c([H])c3-c3n->1c([H])c([H])c([H])c3[H])(Cl)<-n1c([H])c([H])c([H])c([H])c1-c1n->2c([H])c([H])c([H])c1[H]
HISLUT,0,ok,0.074299,77,1,,[Os+2]1(<-P(C([H])(C([H])([H])[H])C([H])([H])[H])(C([H])(C([H])([H])[H])C([H])([H])[H])C2=C3Oc4c(c([H])c([H])c([H])c4P->1(C([H])(C([H])([H])[H])C([H])([H])[H])C([H])(C([H])([H])[H])C([H])([H])[H])C(C([H])([H])[H])(C([H])([H])[H])C3=C([H])[C-]([H])[C-]2[H])(<-[C-]#[O+])(<-[C-]#[O+])<-[C-]#[O+]
HISNOM,0,ok,0.073294,45,1,,[Pt+2]1(<-N(c2c([H])c([H])c(OC([H])([H])[H])c([H])c2[H])=C(C(=N->1c1c([H])c([H])c(OC([H])([H])[H])c([H])c1[H])[H])[H])(C([H])([H])[H])C([H])([H])[H]
HIWLUX,0,ok,0.082297,49,1,,[Pt+2]1(I)(I)<-N(c2c(C([H])([H])[H])c([H])c(C([H])([H])[H])c([H])c2C([H])([H])[H])=C(C(=N->1c1c(C([H])([H])[H])c([H])c(C([H])([H])[H])c([H])c1C([H])([H])[H])[H])[H]
HIXZEU,0,ok,0.083080,57,1,,[c-]1([Rh+3](<-[C-]#[O+])(<-[C-]#[O+])Cl)n(C([H])([H])[H])c2c(c1=P(c1c([H])c([H])c([H])c([H])c1[H])(c1c([H])c([H])c([H])c([H])c1[H])c1c([H])c([H])c([H])c([H])c1[H])c([H])c([H])c([H])c2[H]
HIZDEA,1,ok,0.154523,58,1,,[Ru+2]123(<-n4c([H])c([H])c([H])c5c4c4c(c([H])c([H])c([H])n->14)c([H])c5[H])(<-n1c([H])c([H])c([H])c4c([H])c([H])c5c([H])c([H])c([H])n->2c5c14)<-n1c([H])c([H])c([H])c([H])c1C(=O)O3
HODGAI,0,ok,0.057264,50,1,,[Cr+2](<-[C-]#[O+])(<-[C-]#[O+])(<-[C-]#[O+])(<-[C-]#[O+])(<-[C-]#[O+])=C(N([H])[H])C1([H])OC(C([H])([H])[H])(C([H])([H])[H])OC1([H])C(O[H])([H])C1([H])OC(C([H])([H])[H])(C([H])([H])[H])OC1([H])[H]
HOKTIN,0,ok,0.117314,51,1,,[Pd+2]12(OC(c3c([H])c([H])c([H])c([H])c3[H])=C(c3n->1c([H])c([H])c([H])c3[H])[H])<-O=C(c1c([H])c([H])c([H])c([H])c1[H])C(=C1N2C([H])=C([H])C([H])=C1[H])[H]
HOLVEJ,0,ok,0.056884,49,1,,[Ni]123<-O=C(N=N->1C(C([H])([H])[H])=C(N->2=NC(=O->3)c1c([H])c([H])c(OC([H])([H])[H])c([H])c1[H])C([H])([H])[H])c1c([H])c([H])c(OC([H])([H])[H])c([H])c1[H]
HONVEN,-1,ok,0.175083,66,1,,[Mn+3]123(=O)<-N(=c4c([H])c(Cl)c(Cl)c([H])c4=N->1C(=O)C(c1c([H])c([H])c([H])c([H])c1[H])(c1c([H])c([H])c([H])c([H])c1[H])O2)C(=O)C(c1c([H])c([H])c([H])c([H])c1[H])(c1c([H])c([H])c([H])c([H])c1[H])O3
HORZOG,0,ok,0.177083,63,1,,[Ru+2]12(OC(=O)c3n->1c(-c1n->2c(C([O-])=O)c([H])c([H])c1[H])c([H])c([H])c3[H])(<-N([H])([H])[H])(<-n1c([H])c2c([H])c([H])c([H])c([H])c2c([H])c1[H])<-n1c([H])c2c([H])c([H])c([H])c([H])c2c([H])c1[H]
HOTXUJ,0,ok,0.114240,47,1,,[Ru+2]12(Cl)(Cl)(<-n3c(N=N->1c1c([H])c([H])c([H])c([H])c1[H])nc([H])c([H])c3[H])<-n1c(N=N->2c2c([H])c([H])c([H])c([H])c2[H])nc([H])c([H])c1[H]
HUBVUX,1,ok,0.132348,58,1,,[Ru+2]123456(<-c7(C([H])(C([H])([H])[H])C([H])([H])[H])c->1([H])c->2([H])c->3(C([H])([H])[H])c->4([H])c->57[H])(Cl)<-n1c([H])c([H])c([H])c2c3c(c4c([H])c([H])c([H])n->6c4c21)nc(-c1c([H])c(Br)c([H])s1)n3[H]
HUJVUD,0,ok,0.037914,37,1,,[Ni]123<-O=C(C([H])=C(N->1=NC(SC([H])([H])[H])=N->2C(=C([H])C(=N->3[H])C([H])([H])[H])C([H])([H])[H])C([H])([H])[H])C([H])([H])[H]
HUJWAK,0,ok,0.057399,44,1,,[Ni]123<-O=C(C([H])=C(N->1=NC(SC([H])([H])[H])=N->2C(=C([H])C(=N->3[H])C([H])([H])[H])C([H])([H])[H])C([H])([H])[H])c1c([H])c([H])c([H])c([H])c1[H]
HUMBUO,0,ok,0.125924,61,1,,[Ru+4]1234567(Cl)(<-C8(C(O[H])(C([H])([H])[H])C([H])([H])[H])=C->1(C(O[H])(C([H])([H])[H])C([H])([H])[H])C2(C([H])([H])[H])C38C([H])([H])[H])C1(C([H])([H])[H])C->4(C([H])([H])[H])=C->5(C([H])([H])[H])C->6(C([H])([H])[H])=C->71C([H])([H])[H]
HUNYOF,0,ok,0.173983,73,1,,c1([H])c([H])c([H])c([H])c2C(c3c([H])c([H])c([H])c([H])c3[H])=N3->[Fe+2]45(<-n12)(<-n1c([H])c([H])c([H])c([H])c1C(c1c([H])c([H])c([H])c([H])c1[H])=N->4N=C(c1c([H])c([H])nc([H])c1[H])O5)OC(c1c([H])c([H])nc([H])c1[H])=N3
HUPGOQ,1,ok,0.167726,76,1,,[Ir+5]12345(<-N#CC([H])([H])C([H])([H])[H])(C6(C([H])([H])[H])C->1(C([H])([H])[H])=C->2(C([H])([H])[H])C->3(C([H])([H])[H])=C->46C([H])([H])[H])n1c(c2c(c1N=c1[n-]c(C([H])([H])[H])c([H])c([H])c1[H])c([H])c([H])c([H])c2[H])N=C1N5C(C([H])([H])[H])=C([H])C([H])=C1[H]
IBAZAP,1,ok,0.117466,55,1,,[Ir+]1234(Cl)(<-C5(C([H])([H])[H])=C->1(C([H])([H])[H])C->2(C([H])([H])[H])=C->3(C([H])([H])[H])[C+]->45C([H])([H])[H])(<-C1N(C([H])([H])[H])N=C([H])N1C([H])([H])[H])<-C1N(C([H])([H])[H])N=C([H])N1C([H])([H])[H]
IBEXAR,0,ok,0.095597,83,1,,[Rh+3]12(=C(N3C([H])([H])c4c(c([H])c([H])c([H])c4[H])C3([H])[H])C([H])([H])C([H])([H])C([H])([H])C([H])([H])C([H])([H])C([H])([H])C([H])([H])[H])Oc3c([H])c([H])c([H])c4c([H])c([H])c(C([H])([H])P->1(c1c([H])c([H])c([H])c([H])c1[H])c1c([H])c([H])c([H])c([H])c1[H])n->2c34
ICEGOO,0,ok,0.048442,49,1,,[Pd]12(<-S=C(C#N)C(=S->1)C#N)<-S=C1N(C(c3c([H])c([H])c([H])c([H])c3[H])([H])[H])C([H])([H])C([H])([H])N(C(c3c([H])c([H])c([H])c([H])c3[H])([H])[H])C1=S->2
ICEGUU,0,ok,0.063192,49,1,,[Pt]12(<-S=C(C#N)C(=S->1)C#N)<-S=C1N(C(c3c([H])c([H])c([H])c([H])c3[H])([H])[H])C([H])([H])C([H])([H])N(C(c3c([H])c([H])c([H])c([H])c3[H])([H])[H])C1=S->2
IDAVEQ,1,ok,0.134722,52,1,,[Ru+2]123(<-O=c4n1c([H])c([H])c([H])c4[H])(<-n1c([H])c([H])c([H])c([H])c1-c1n->2c([H])c([H])c([H])c1[H])<-n1c([H])c([H])c([H])c([H])c1-c1n->3c([H])c([H])c([H])c1[H]
IFAYUJ,0,ok,0.100974,85,1,,C1(c2c(O[H])c([H])c([H])c([H])c2[H])N=O->[Pt](<-O=1)(<-P(c1c([H])c([H])c([H])c([H])c1[H])(c1c([H])c([H])c([H])c([H])c1[H])c1c([H])c([H])c([H])c([H])c1[H])<-P(c1c([H])c([H])c([H])c([H])c1[H])(c1c([H])c([H])c([H])c([H])c1[H])c1c([H])c([H])c([H])c([H])c1[H]
IFEXID,0,ok,0.046020,27,1,,[Pt+4]12(Cl)N3C(=O)C([H])([H])SC3=NN1C(C([H])([H])[H])=C1N2C([H])=C([H])C([H])=C1[H]
IGUWAI,1,ok,0.346121,48,1,,[Ru+4]12345(<-P(C([H])([H])[H])(C([H])([H])[H])C([H])([H])[H])(<-n6c(N([H])C=1c1c([H])c([H])c([H])c([H])c1[H])c([H])c([H])c([H])c6[H])<-C1([H])=C->2([H])C3([H])C->4([H])=C->51[H]
IHIZEF,0,ok,0.091061,72,1,,C1(=[Rh+3]234(<-C5([H])=C->2([H])C([H])([H])C([H])([H])C->3([H])=C->4([H])C([H])([H])C5([H])[H])Cl)N(c2c(OC([H])([H])[H])c([H])c([H])c([H])c2[H])C([H])([H])C([H])([H])C([H])([H])C([H])([H])N1c1c(C([H])([H])[H])c([H])c(C([H])([H])[H])c([H])c1C([H])([H])[H]
IHOCEO,0,ok,0.093947,81,1,,C1(=[Rh+3]234(<-C5([H])=C->2([H])C([H])([H])C([H])([H])C->3([H])=C->4([H])C([H])([H])C5([H])[H])Cl)N(c2c(C([H])(C([H])([H])[H])C([H])([H])[H])c([H])c([H])c([H])c2C([H])(C([H])([H])[H])C([H])([H])[H])C([H])([H])C([H])([H])C([H])([H])C([H])([H])N1c1c(OC([H])([H])[H])c([H])c([H])c([H])c1[H]
INISEE,1,ok,0.129778,68,1,,c12c3c4c([H])c([H])c([H])n3->[Ru+2]35(<-n1c([H])c([H])c([H])c2c([H])c4[H])(<-n1c2c4c(c([H])c([H])c([H])n->34)c([H])c([H])c2c([H])c([H])c1[H])Oc1c(S->5(C([H])(C([H])([H])[H])C([H])([H])[H])=O)c([H])c([H])c([H])c1[H]
INUDAW,0,ok,0.076990,68,1,,[Pt+2]1(Cl)(Cl)<-P(c2c(C3([H])N1c1c(c4c([H])c([H])c([H])c([H])c4c([H])c1[H])N=[N+]3c1c([H])c([H])c([H])c([H])c1[H])c([H])c([H])c([H])c2[H])(c1c([H])c([H])c([H])c([H])c1[H])c1c([H])c([H])c([H])c([H])c1[H]
IPEQOJ,1,ok,0.117176,53,1,,[Ru+2]123(Cl)(<-n4c([H])c([H])c([H])c5c([H])c([H])c6c([H])c([H])c([H])n->1c6c45)<-n1c([H])c([H])c([H])c([H])c1-c1c([H])c([H])c([H])c(-c4n->2c([H])c([H])c([H])c4[H])n->31
IQITOT,0,ok,0.048128,43,1,,[Os+2](<-P(C1=C([H])C([H])=C([H])[C-]([H])[C-]1[H])(c1c([H])c([H])c([H])c([H])c1[H])c1c([H])c([H])c([H])c([H])c1[H])(<-[C-]#[O+])(<-[C-]#[O+])(<-[C-]#[O+])<-[C-]#[O+]
IQUFEH,0,ok,0.057312,48,1,,Br[Mn+]1(<-n2c(-c3c([H])c(C(N([H])C(=O)C([H])([H])[H])([H])[H])c([H])c([H])n->13)c([H])c(C(N([H])C(=O)C([H])([H])[H])([H])[H])c([H])c2[H])(<-[C-]#[O+])(<-[C-]#[O+])<-[C-]#[O+]
IVAMID,0,ok,0.111254,85,1,,[Pd+2]12(<-P(C([H])([H])[H])(C([H])([H])[H])C([H])([H])[H])<-P(c3c([H])c([H])c([H])c([H])c3[H])(c3c([H])c([H])c([H])c([H])c3[B-]1(c1c(P->2(c2c([H])c([H])c([H])c([H])c2[H])c2c([H])c([H])c([H])c([H])c2[H])c([H])c([H])c([H])c1[H])C([H])([H])[H])c1c([H])c([H])c([H])c([H])c1[H]
IVEVIQ,0,ok,0.076172,39,1,,[Fe+4]1234(<-[C-]#[O+])(<-[C-]#[O+])(C5(C([H])([H])[H])C->1(C([H])([H])[H])=C->2(C([H])([H])[H])C->3(C([H])([H])[H])=C->45C([H])([H])[H])=C1N(C([H])([H])[H])[B-]1(Cl)Cl
IVEVOW,0,ok,0.074807,52,1,,[Fe+4]1234(<-[C-]#[O+])(<-[C-]#[O+])(C5(C([H])([H])[H])C->1(C([H])([H])[H])=C->2(C([H])([H])[H])C->3(C([H])([H])[H])=C->45C([H])([H])[H])=C1N(C2([H])C([H])([H])C([H])([H])C([H])([H])C([H])([H])C2([H])[H])[B-]1(Cl)Cl
IVEWIR,0,ok,0.078872,50,1,,[Fe+4]1234(<-[C-]#[O+])(<-[C-]#[O+])(C5(C([H])([H])[H])C->1(C([H])([H])[H])=C->2(C([H])([H])[H])C->3(C([H])([H])[H])=C->45C([H])([H])[H])=C([H])N(C(C([H])([H])[H])(C([H])([H])[H])C([H])([H])[H])[B-](Cl)(Cl)Cl
JAJYOI,0,ok,0.078479,38,1,,[Cr+2]1(<-O(c2c(C=1N(C(c1oc([H])c([H])c1[H])([H])[H])[H])c([H])c([H])c([H])c2[H])C([H])([H])[H])(<-[C-]#[O+])(<-[C-]#[O+])(<-[C-]#[O+])<-[C-]#[O+]
JAQKER,0,ok,0.107988,77,1,,[Pd+2](Cl)(<-P(C(C([H])([H])[H])([H])[H])(C(C([H])([H])[H])([H])[H])C(C([H])([H])[H])([H])[H])(=C([Si](C([H])([H])[H])(C([H])([H])[H])C([H])([H])[H])C1=c2c([H])c([H])c([H])c([H])c2=[N+]=C1C([H])([H])[H])<-P(C(C([H])([H])[H])([H])[H])(C(C([H])([H])[H])([H])[H])C(C([H])([H])[H])([H])[H]
JAWCUI,0,ok,0.280561,79,1,,[Zn+2]123<-N4=C5C([H])=C([H])C4=C(c4c(F)c(F)c(F)c(F)c4F)c4n1c(c([H])c4[H])-c1n2c(c([H])c1[H])C(c1c(F)c(F)c(F)c(F)c1F)=C1N->3=C(C5=C=C=C(c2c([H])c([H])c([H])c([H])c2[H])c2c([H])c([H])c([H])c([H])c2[H])C([H])=C1[H]
JAWMOJ,0,ok,0.088796,47,1,,[Ru+2]1(I)(<-N(=C(C([H])([H])[H])C(=N->1c1c([H])c([H])c(C([H])([H])[H])c([H])c1[H])C([H])([H])[H])c1c([H])c([H])c(C([H])([H])[H])c([H])c1[H])(<-[C-]#[O+])(I)<-[C-]#[O+]
JAXPAZ,1,ok,0.180012,72,1,,[Mn+]1(<-[C-]#[O+])(<-[C-]#[O+])(<-[C-]#[O+])(<-[C-]#[O+])<-C(N(C(C1=[N+](c1c([H])c([H])c(C([H])([H])[H])c([H])c1[H])[H])=C(c1c([H])c([H])c(Cl)c([H])c1[H])[H])c1c([H])c([H])c(C([H])([H])[H])c([H])c1[H])N(c1c([H])c([H])c(C([H])([H])[H])c([H])c1[H])[H]
JELFOW,0,ok,0.039018,37,1,,[Cr+2](<-[C-]#[O+])(<-[C-]#[O+])(<-[C-]#[O+])(<-[C-]#[O+])(<-[C-]#[O+])=C(N=C(OC([H])([H])[H])c1c([H])c([H])c([H])c([H])c1[H])C([H])([H])C([H])([H])[H]
JELGAJ,0,ok,0.056048,44,1,,[Cr+2](<-[C-]#[O+])(<-[C-]#[O+])(<-[C-]#[O+])(<-[C-]#[O+])(<-[C-]#[O+])=C(c1c([H])c([H])c(C([H])([H])[H])c([H])c1[H])N=C(c1c([H])c([H])c([H])c([H])c1[H])OC([H])([H])[H]
JELGEN,0,ok,0.140190,72,1,,[Cr+2](<-P(c1c([H])c([H])c([H])c([H])c1[H])(c1c([H])c([H])c([H])c([H])c1[H])c1c([H])c([H])c([H])c([H])c1[H])(<-[C-]#[O+])(<-[C-]#[O+])(<-[C-]#[O+])(=C(N=C(c1c([H])c([H])c([H])c([H])c1[H])c1c([H])c([H])c([H])c([H])c1[H])C([H])([H])[H])<-[C-]#[O+]
JELGIR,0,ok,0.259571,72,1,,[W+2](<-P(c1c([H])c([H])c([H])c([H])c1[H])(c1c([H])c([H])c([H])c([H])c1[H])c1c([H])c([H])c([H])c([H])c1[H])(=C(N=C(c1c([H])c([H])c([H])c([H])c1[H])c1c([H])c([H])c([H])c([H])c1[H])C([H])([H])[H])(<-[C-]#[O+])(<-[C-]#[O+])(<-[C-]#[O+])<-[C-]#[O+]
JESREF,0,ok,0.429611,83,1,,[Zn+2]123(<-N4=C5C([H])=C([H])C4=C(c4c([H])c([H])c(C(O[H])=O)c([H])c4[H])C4=N->1C(=C(c1c([H])c([H])c([H])c([H])c1[H])c1c([H])c([H])c(n12)C(c1c([H])c([H])c([H])c([H])c1[H])=c1c([H])c([H])c(n13)=C5c1c([H])c([H])c([H])c([H])c1[H])C([H])=C4[H])<-O([H])[H]
JISYOA,0,ok,0.072971,77,1,,[Pt+4]12(Cl)(Cl)<-P(C([H])(C([H])([H])[H])C([H])([H])[H])(C([H])(C([H])([H])[H])C([H])([H])[H])c3c([H])c([H])c([H])c([H])c3[B-]1(c1c([H])c([H])c([H])c([H])c1[H])c1c([H])c([H])c([H])c([H])c1P->2(C([H])(C([H])([H])[H])C([H])([H])[H])C([H])(C([H])([H])[H])C([H])([H])[H]
JIXQEN,0,ok,0.056561,53,1,,[Ni+2]123<-O=C(C([H])=C(N1C([H])([H])C([H])([H])N2C(=C([H])C(=O->3)C(F)(F)C(F)(F)C(F)(F)C(F)(F)[H])C([H])([H])[H])C([H])([H])[H])C(F)(F)C(F)(F)C(F)(F)C(F)(F)[H]
JIXVUH,0,ok,0.065722,66,1,,[Re+]1(<-n2c([H])c([H])c(C(C([H])([H])[H])(C([H])([H])[H])C([H])([H])[H])c([H])c2-c2n->1c([H])c([H])c(C(C([H])([H])[H])(C([H])([H])[H])C([H])([H])[H])c2[H])(<-[C-]#[O+])(<-[C-]#[O+])(<-[C-]#[O+])C#CC#Cc1c([H])c([H])c([H])c([H])c1[H]
JIYZAT,-1,ok,0.085340,66,1,,[Mo]12(<-S=C(C(=S->1)C#N)C#N)(<-S=C(C(=S->2)C#N)C#N)(SC([H])([H])c1c([H])c([H])c([H])c([H])c1[H])<-P(c1c([H])c([H])c([H])c([H])c1[H])(c1c([H])c([H])c([H])c([H])c1[H])c1c([H])c([H])c([H])c([H])c1[H]
JIYZEX,-1,ok,0.057864,52,1,,[Mo]12(Br)(<-S=C(C#N)C(=S->1)C#N)(<-S=C(C(=S->2)C#N)C#N)<-P(c1c([H])c([H])c([H])c([H])c1[H])(c1c([H])c([H])c([H])c([H])c1[H])c1c([H])c([H])c([H])c([H])c1[H]
JOXDIL,0,ok,0.070666,66,1,,[Ta+5]1(<-O=C(C(=C2Sc3c(c([H])c([H])c([H])c3[H])N12)[H])C(F)(F)F)(OC([H])(C([H])([H])[H])C([H])([H])[H])(OC([H])(C([H])([H])[H])C([H])([H])[H])(OC([H])(C([H])([H])[H])C([H])([H])[H])OC([H])(C([H])([H])[H])C([H])([H])[H]
JUHTUB,0,ok,0.058794,36,1,,[Cr+2]1(<-N([H])([H])c2c([H])c([H])c([H])c([H])c2N([H])C=1c1c([H])c([H])c([H])c([H])c1[H])(<-[C-]#[O+])(<-[C-]#[O+])(<-[C-]#[O+])<-[C-]#[O+]
JUJHOL,0,ok,0.026597,21,1,,[Pd]1(<-S=C(C#N)C(=S->1)C#N)(<-[C-]#[N+]C([H])([H])[H])<-[C-]#[N+]C([H])([H])[H]
JUSWUP,0,ok,0.027279,26,1,,[W+2](<-[C-]#[O+])(<-[C-]#[O+])(<-[C-]#[O+])(<-[C-]#[O+])(<-[C-]#[O+])=C(N(C([H])([H])[H])[H])C(=C(C([H])([H])[H])[H])[H]
JUSXEA,0,ok,0.060290,50,1,,[Cr+2](<-[C-]#[O+])(<-[C-]#[O+])(<-[C-]#[O+])(<-[C-]#[O+])(<-[C-]#[O+])=C(N(C([H])([H])[H])C(=O)c1c([H])c([H])c(C(C([H])([H])[H])(C([H])([H])[H])C([H])([H])[H])c([H])c1[H])C(=C(C([H])([H])[H])[H])[H]
KAFMIO,0,ok,0.088545,40,1,,C([H])([H])([H])C(=[Cr+2](<-[C-]#[O+])(<-[C-]#[O+])(<-[C-]#[O+])(<-[C-]#[O+])<-[C-]#[O+])N=C(c1c([H])c([H])c([H])c([H])c1[H])c1c([H])c([H])c([H])c([H])c1[H]
KAFMUZ,0,ok,0.035024,27,1,,[Cr+2](<-[C-]#[O+])(<-[C-]#[O+])(<-[C-]#[O+])(<-[C-]#[O+])(<-[C-]#[O+])=C(C([H])([H])[H])N1C([H])([H])C([H])=C([H])C1([H])[H]
KAGLIO,0,ok,0.130769,51,1,,[Fe+2]12(Cl)(Cl)(<-n3c([H])c([H])c([H])c([H])c3C(=N->1c1c([H])c([H])c([H])c([H])c1[H])[H])<-n1c([H])c([H])c([H])c([H])c1C(=N->2c1c([H])c([H])c([H])c([H])c1[H])[H]
KAHNOZ,0,ok,0.093735,70,1,,[Re+]1(<-[C-]#[O+])(<-[C-]#[O+])(<-[C-]#[O+])(<-n2c([H])c([H])c([H])c([H])c2[H])n2c([H])c([H])c([H])c2C(=[N+]2C([H])([H])C([H])([H])OC([H])([H])C([H])([H])OC([H])([H])C([H])([H])OC([H])([H])C([H])([H])OC([H])([H])C2([H])[H])c2c([H])c([H])c([H])n21
KAJBIJ,0,ok,0.089028,51,1,,c1([H])c([H])c([H])c([H])c([H])n1->[Re+]1(<-[C-]#[O+])(<-[C-]#[O+])(<-[C-]#[O+])n2c(c([H])c([H])c2[H])C(=[N+]([H])C([H])([H])c2c([H])c([H])c([H])c([H])c2[H])c2n1c([H])c([H])c2[H]
KAKWAU,0,ok,0.067732,37,1,,[Cr+2](<-[C-]#[O+])(<-[C-]#[O+])(<-[C-]#[O+])(<-[C-]#[O+])(<-[C-]#[O+])=C(N=C(c1c([H])c([H])c([H])c([H])c1[H])[H])c1c([H])c([H])c([H])c([H])c1[H]
KAPLAO,-1,ok,0.050053,49,1,,[V+](<-P(C([H])([H])[H])(C([H])([H])[H])C1=C([H])[C-]([H])C([H])=C([H])[C-]1[H])(<-P(C([H])([H])[H])(C([H])([H])[H])c1c([H])c([H])c([H])c([H])c1[H])(<-[C-]#[O+])(<-[C-]#[O+])(<-[C-]#[O+])<-[C-]#[O+]
KARHER,0,ok,0.266730,83,1,,[Fe+2]123(<-N4=C([H])C(C(=O)OC([H])([H])C([H])([H])[H])=C(C([H])([H])[H])N1c1c(c([H])c([H])c([H])c1[H])N2C(C([H])([H])[H])=C(C(=O)OC([H])([H])C([H])([H])[H])C([H])=N->3c1c4c([H])c([H])c([H])c1[H])(<-n1c([H])c([H])c([H])c([H])c1[H])<-n1c([H])c([H])c([H])c([H])c1[H]
KAWTAF,0,ok,0.053412,49,1,,[Ti+4]12(<-S(c3c([H])c([H])c([H])c([H])c3[H])c3c(N1C(=C(C(=O->2)C(C([H])([H])[H])(C([H])([H])[H])C([H])([H])[H])[H])C(F)(F)F)c([H])c([H])c([H])c3[H])(Cl)(Cl)Cl
KAWTEJ,0,ok,0.089506,58,1,,[Ti+4]12(<-P(c3c([H])c([H])c([H])c([H])c3[H])(c3c(N1C(=C(C(=O->2)C(F)(F)F)[H])c1c([H])c([H])c([H])c([H])c1[H])c([H])c([H])c([H])c3[H])c1c([H])c([H])c([H])c([H])c1[H])(Cl)(Cl)Cl
KAXCUH,0,ok,0.069852,52,1,,[Cr+2](<-[C-]#[O+])(<-[C-]#[O+])(<-[C-]#[O+])(<-[C-]#[O+])(<-[C-]#[O+])=C(C(C([H])([H])[H])(C([H])([H])[H])C([H])([H])[H])N=C(OC(=O)c1c([H])c([H])c([H])c([H])c1[H])c1c([H])c([H])c([H])c([H])c1[H]
KAZGUP,0,ok,0.119213,59,1,,[Ru+2]12(Cl)(Cl)(<-P(C(C(P->1(C([H])([H])[H])C([H])([H])[H])([H])[H])([H])[H])(C([H])([H])[H])C([H])([H])[H])<-N(=NC(=N->2c1c([H])c([H])c([H])c([H])c1[H])C(=O)C([H])([H])[H])c1c([H])c([H])c([H])c([H])c1[H]
KELRAV,0,ok,0.077867,32,1,,[Pd+2]1(Cl)(Cl)<-n2c([H])c([H])c([H])c([H])c2C2=N->1C([H])(c1c([H])c([H])c([H])c([H])c1[H])C([H])([H])O2
KEYKAB,0,ok,0.297417,77,1,,c1([H])c([H])c([H])c2C(=C3C([H])=C([H])C(OC([H])([H])[H])=N3->[Zn+2]3(n12)<-N1=C([H])C([H])=C([H])C1=C(c1c([H])c([H])c(OC([H])([H])[H])n13)c1c([H])c([H])c(C(=O)OC([H])([H])[H])c([H])c1[H])c1c([H])c([H])c(C(=O)OC([H])([H])[H])c([H])c1[H]
KICTUL,0,ok,0.236835,32,1,,[Ru+4]1234(I)(<-[C-]#[O+])(C5([H])C->1([H])=C->2([H])C->3([H])=C->45[H])=C(N(C([H])([H])[H])[H])c1c([H])c([H])c([H])c([H])c1[H]
KIDMAL,0,ok,0.075300,58,1,,[W+2](<-[C-]#[O+])(<-[C-]#[O+])(<-[C-]#[O+])(<-[C-]#[O+])(<-[C-]#[O+])=C(c1c([H])c([H])c([H])c([H])c1[H])N(c1c([H])c([H])c([H])c([H])c1[H])C(C([H])([H])[H])=C(C([H])([H])[H])N(c1c([H])c([H])c([H])c([H])c1[H])[H]
KIFDIO,0,ok,0.131259,59,1,,[Pd+2]1(Cl)(Cl)<-N(=C(C(=N->1c1c([H])c([H])c(OC([H])([H])[H])c([H])c1[H])c1c([H])c([H])c([H])c([H])c1[H])c1c([H])c([H])c([H])c([H])c1[H])c1c([H])c([H])c(OC([H])([H])[H])c([H])c1[H]
KIRDEX,0,ok,0.068507,61,1,,[Pd+2]1(<-N(=C(C(=N->1c1c(C([H])([H])[H])c([H])c([H])c([H])c1C([H])([H])[H])C([H])([H])[H])C([H])([H])[H])c1c(C([H])([H])[H])c([H])c([H])c([H])c1C([H])([H])[H])(OC(=O)C(F)(F)F)OC(=O)C(F)(F)F
KIRTAI,0,ok,0.052204,49,1,,[V+3]12(<-O=C(N=N->1C(C([H])([H])[H])=C([H])C(=O->2)c1c([H])c([H])c([H])c([H])c1[H])c1c(O[H])c([H])c2c([H])c([H])c([H])c([H])c2c1[H])(=O)OC([H])([H])[H]
KIZTAO,0,ok,0.043599,48,1,,[W+2](<-[C-]#[O+])(<-[C-]#[O+])(<-[C-]#[O+])(<-[C-]#[O+])(<-[C-]#[O+])=C(N(C([H])([H])[H])C([H])([H])[H])C(C(C(=C([Si](C([H])([H])[H])(C([H])([H])[H])C([H])([H])[H])OC([H])([H])[H])[H])([H])[H])([H])[H]
KOCNOH,0,ok,0.079622,69,1,,[Pd+4]1(Cl)(Cl)N(c2c(C([H])([H])[H])c([H])c(C([H])([H])[H])c([H])c2C([H])([H])[H])c2c(c3c([H])c([H])c([H])c4c([H])c([H])c5c(c2c([H])c([H])c5[H])c34)N1c1c(C([H])([H])[H])c([H])c(C([H])([H])[H])c([H])c1C([H])([H])[H]
KOLRAE,0,ok,0.517868,46,1,,[Mo+2]123456789(<-S=C(C(=O)C([H])([H])[H])C(=S->1)c1nc%10c([H])c([H])c([H])c([H])c%10nc1[H])(<-C1([H])=C->2([H])C3([H])C->4([H])=C->51[H])C1([H])C->6([H])=C->7([H])C->8([H])=C->91[H]
KOQBAT,0,ok,0.024876,23,1,,[Cr](<-[C-]#[O+])(<-[C-]#[O+])(<-[C-]#[O+])(<-[C-]#[O+])(<-[C-]#[O+])<-C1N([H])C([H])([H])C([H])([H])C1([H])[H]
KOQCIC,0,ok,0.201411,56,1,,[Mn+7]123(<-N(=C([H])c4c(c([H])c([H])c([H])c4[H])O1)C(c1c([H])c([H])c([H])c([H])c1[H])([H])C(c1c([H])c([H])c([H])c([H])c1[H])([H])N2[C-]([H])c1c(c([H])c([H])c([H])c1[H])O3)#N
KUBFIX,0,ok,0.049120,41,1,,C1(c2c([H])c([H])c([H])c([H])c2[H])N=N2C(=C(C([H])([H])[H])N3=NC(c4c([H])c([H])c([H])c([H])c4[H])=O->[Ni]<-2<-3<-O=1)C([H])([H])[H]
LABMEH,0,ok,0.033770,25,1,,[Pd+4]1(Br)(Br)Sc2c(n(C([H])([H])C([H])([H])[H])c(=S)n2C([H])([H])C([H])([H])[H])S1
LABMIL,0,ok,0.031460,31,1,,[Pd+2]12(<-S=C(C(=S->1)C#N)C#N)Sc1c(n(C([H])([H])C([H])([H])[H])c(=S)n1C([H])([H])C([H])([H])[H])S2
LADHOO,1,ok,0.085238,63,1,,[Pd+2]12(<-N(=C(C3([H])C1([H])C1([H])C([H])=C([H])C3([H])C1([H])[H])c1c(O[H])c([H])c([H])c([H])c1[H])C(C([H])([H])[H])(C([H])([H])[H])C([H])([H])[H])<-n1c(-c3n->2c([H])c([H])c([H])c3[H])c([H])c([H])c([H])c1[H]
LAHCUU,0,ok,0.071518,65,1,,[Au+3](Cl)N1[P-](c2c([H])c([H])c([H])c([H])c2[H])(c2c([H])c([H])c([H])c([H])c2[H])C(C(=O)OC([H])([H])[H])=C(C(=O)OC([H])([H])[H])C1(c1c([H])c([H])c([H])c([H])c1[H])c1c([H])c([H])c([H])c([H])c1[H]
LASKIZ,0,ok,0.125092,77,1,,[W+2](<-[C-]#[O+])(<-[C-]#[O+])(<-[C-]#[O+])(<-[C-]#[O+])(<-[C-]#[O+])=C(N=C(c1c([H])c([H])c([H])c([H])c1[H])c1c([H])c([H])c([H])c([H])c1[H])C(=C(c1c([H])c([H])c(N(C([H])([H])[H])C([H])([H])[H])c([H])c1[H])c1c([H])c([H])c(N(C([H])([H])[H])C([H])([H])[H])c([H])c1[H])[H]
LASKOF,0,ok,0.085195,64,1,,[W+2](<-[C-]#[O+])(<-[C-]#[O+])(<-[C-]#[O+])(<-[C-]#[O+])(<-[C-]#[O+])=C(C(=C(c1c([H])c([H])c(N(C([H])([H])[H])C([H])([H])[H])c([H])c1[H])c1c([H])c([H])c(N(C([H])([H])[H])C([H])([H])[H])c([H])c1[H])[H])N(C([H])([H])[H])N(C([H])([H])[H])[H]
LASXUY,0,ok,0.056682,44,1,,[Pd+2]1(Oc2c([H])c([H])c([H])c([H])c2[H])(OC(C(F)(F)F)(C(F)(F)F)[H])<-n2c([H])c([H])c([H])c([H])c2-c2n->1c([H])c([H])c([H])c2[H]
LAVCUH,1,ok,0.223981,66,1,,c1(P(c2c([H])c([H])c([H])c([H])c2[H])(c2c([H])c([H])c([H])c([H])c2[H])->[Ru+2]23456(<-C7([H])=C->2([H])C->3([H])=C->4([H])C75[H])<-n2c(N=N->6c3c([H])c([H])c([H])c([H])c3[H])n([H])c([H])c2[H])c([H])c([H])c([H])c([H])c1[H]
LAVPEG,0,ok,0.088636,85,1,,Br[Ni+4]1(Br)N(c2c(C([H])(C([H])([H])[H])C([H])([H])[H])c([H])c([H])c([H])c2C([H])(C([H])([H])[H])C([H])([H])[H])C2=C(N1c1c(C([H])(C([H])([H])[H])C([H])([H])[H])c([H])c([H])c([H])c1C([H])(C([H])([H])[H])C([H])([H])[H])c1c3c2c([H])c([H])c2c3c(c([H])c1[H])C([H])([H])C2([H])[H]
LAVYOZ,0,ok,0.091625,80,1,,[Au+3]12(Cl)<-P(c3c([B-]1(c1c([H])c([H])c(Cl)c([H])c1[H])c1c([H])c([H])c([H])c([H])c1P->2(c1c([H])c([H])c([H])c([H])c1[H])c1c([H])c([H])c([H])c([H])c1[H])c([H])c([H])c([H])c3[H])(c1c([H])c([H])c([H])c([H])c1[H])c1c([H])c([H])c([H])c([H])c1[H]
LAWTIP,0,ok,0.099277,80,1,,[Au+3]12(Cl)<-P(c3c([H])c([H])c([H])c([H])c3[H])(c3c([H])c([H])c([H])c([H])c3[B-]1(c1c([H])c([H])c(F)c([H])c1[H])c1c([H])c([H])c([H])c([H])c1P->2(c1c([H])c([H])c([H])c([H])c1[H])c1c([H])c([H])c([H])c([H])c1[H])c1c([H])c([H])c([H])c([H])c1[H]
LEDTEU,0,ok,0.080043,78,1,,[Pd+4](Br)(<-P(c1c([H])c([H])c([H])c([H])c1[H])(c1c([H])c([H])c([H])c([H])c1[H])c1c([H])c([H])c([H])c([H])c1[H])(c1c(F)c(F)c(F)c(F)c1F)=C(C(=C(c1c([H])c([H])c([H])c([H])c1[H])[H])[H])N(C([H])([H])C([H])([H])[H])C([H])([H])C([H])([H])[H]
LEJXOO,0,ok,0.062561,28,1,,Cl[Pt+2]1(Cl)<-N(c2c([H])c([H])c(O[H])c([H])c2[H])=C([H])c2n->1c([H])c([H])c([H])c2[H]
LESNED,0,ok,0.050971,24,1,,[Pd+4]1(Cl)(Cl)N2C([H])=C([H])C([H])=C3C2=C2N1C([H])=C([H])C([H])=C2C3([H])[H]
LETJUQ,0,ok,0.055343,48,1,,[Ni]12(<-O=C(C([H])([H])[H])C(=C(N->1=NC(=O->2)c1c([H])c([H])c([H])c([H])c1[H])C([H])([H])[H])[H])<-n1c([H])c([H])n([H])c1-c1c([H])c([H])c([H])c([H])c1[H]
LETKAX,0,ok,0.048666,41,1,,[Ni]12(<-O=C(C([H])([H])[H])C([H])=C(N->1=NC(=O->2)C([H])([H])[H])C([H])([H])[H])<-n1c([H])c([H])n([H])c1-c1c([H])c([H])c([H])c([H])c1[H]
LEXZIX,0,ok,0.047768,45,1,,[Pt]12(<-S=C(C(=O)OC([H])([H])[H])C(=S->1)C(=O)OC([H])([H])[H])<-n1c([H])c([H])c(C([H])([H])[H])c([H])c1-c1n->2c([H])c([H])c(C([H])([H])[H])c1[H]
LEXZOD,0,ok,0.061510,51,1,,[Pt]1(<-S=C(C(OC([H])([H])[H])=O)C(=S->1)C(OC([H])([H])[H])=O)(<-P(OC([H])([H])[H])(OC([H])([H])[H])OC([H])([H])[H])<-P(OC([H])([H])[H])(OC([H])([H])[H])OC([H])([H])[H]
LILMUO,0,ok,0.096754,46,1,,[W+2](<-[C-]#[O+])(<-[C-]#[O+])(<-[C-]#[O+])(<-[C-]#[O+])(<-[C-]#[O+])=C(N=C(c1c([H])c([H])c([H])c([H])c1[H])c1c([H])c([H])c([H])c([H])c1[H])C(=O)OC([H])([H])C([H])([H])[H]
LODGUG,1,ok,0.068774,61,1,,[Pd+2]123SC(SC([H])([H])[H])=C4C([H])([H])C([H])([H])C([H])([H])C4=N->1C(C(N->2(C(n1n->3c(C([H])([H])[H])c([H])c1C([H])([H])[H])([H])[H])C(n1nc(C([H])([H])[H])c([H])c1C([H])([H])[H])([H])[H])([H])[H])([H])[H]
LOTNEN,0,ok,0.041237,38,1,,[Pt+2]12(Cl)(<-[S+](=O)[O-])<-N(C(c3c1c(C(N->2(C([H])([H])[H])C([H])([H])[H])([H])[H])c([H])c([H])c3[H])([H])[H])(C([H])([H])[H])C([H])([H])[H]
LOWXAY,0,ok,0.036601,40,1,,[Ni]12(<-O=C(C3=C(N->1=NC(=O->2)c1c([H])c([H])c([H])c([H])c1[H])C([H])([H])C([H])([H])C([H])([H])C3([H])[H])C(F)(F)F)<-N([H])([H])[H]
LUBRUV,0,ok,0.069129,28,1,,[Pd+2]1(Cl)(Cl)<-n2c([H])c([H])c([H])c([H])c2C(=N->1c1c([H])c([H])c([H])c([H])c1O[H])[H]
LUMNIS,0,ok,0.079908,78,1,,[Ni]12(<-P(c3c([H])c([H])c([H])c([H])c3[H])(C(P(c3c([H])c([H])c([H])c([H])c3[H])c3c([H])c([H])c([H])c([H])c3[H])([H])[H])c3c([H])c([H])c([H])c([H])c3[H])<-O=C(N=N->1C(C(F)(F)F)=C(C(=O->2)C(F)(F)F)[H])c1c([H])c([H])c([H])c([H])c1[H]
LUNDON,0,ok,0.025532,24,1,,[Cr+2](<-[C-]#[O+])(<-[C-]#[O+])(<-[C-]#[O+])(=C(N(C([H])([H])[H])C([H])([H])[H])C(Cl)=O)(<-[C-]#[O+])<-[C-]#[O+]
LUQXEB,0,ok,0.091579,79,1,,[Pd+2]1(OC(=O)C(F)(F)F)(OC(=O)C(F)(F)F)<-N(=C([H])C(=N->1c1c(C([H])(C([H])([H])[H])C([H])([H])[H])c([H])c([H])c([H])c1C([H])(C([H])([H])[H])C([H])([H])[H])[H])c1c(C([H])(C([H])([H])[H])C([H])([H])[H])c([H])c([H])c([H])c1C([H])(C([H])([H])[H])C([H])([H])[H]
MALBUZ,0,ok,0.086316,27,1,,[Ru+2]1(Br)(Br)(<-n2c([H])c([H])c([H])c([H])c2-c2n->1c([H])c([H])c([H])c2[H])(<-[C-]#[O+])<-[C-]#[O+]
MAMTID,0,ok,0.168004,75,1,,[Ni+2]123<-O=C(C(=C(N1C([H])([H])C([H])([H])N2C(=C([H])C(=O->3)C([H])([H])c1c([H])c([H])c([H])c([H])c1[H])C([H])([H])c1c([H])c([H])c([H])c([H])c1[H])C([H])([H])c1c([H])c([H])c([H])c([H])c1[H])[H])C([H])([H])c1c([H])c([H])c([H])c([H])c1[H]
MAMVAX,0,ok,0.182687,75,1,,[Ni+2]123<-O=C(C(=C(N1C([H])([H])C([H])([H])N2C(=C([H])C(=O->3)C([H])([H])c1c([H])c([H])c([H])c([H])c1[H])C([H])([H])c1c([H])c([H])c([H])c([H])c1[H])C([H])([H])c1c([H])c([H])c([H])c([H])c1[H])[H])C([H])([H])c1c([H])c([H])c([H])c([H])c1[H]
MAQJAR,0,ok,0.044118,46,1,,C1([H])([H])=C2([H])C(=C(S([Ir+]<-1<-2345(<-C1([H])=C->3([H])C([H])([H])C([H])([H])C->4([H])=C->5([H])C([H])([H])C1([H])[H])<-P(C([H])([H])[H])(C([H])([H])[H])C([H])([H])[H])(=O)=O)[H])[H]
MAQJEV,0,ok,0.062979,53,1,,C1([H])([H])=C2([H])C([H])=C([H])S([Ir+]<-1<-2345(<-C1([H])=C->3([H])C([H])([H])C([H])([H])C->4([H])=C->5([H])C([H])([H])C1([H])[H])<-P(C([H])([H])[H])(C([H])([H])[H])c1c([H])c([H])c([H])c([H])c1[H])(=O)=O
MAQJIZ,0,ok,0.089244,67,1,,C1([H])([H])=C2(C(=C(S([Ir+]<-1<-2345(<-C1([H])=C->3([H])C([H])([H])C([H])([H])C->4([H])=C->5([H])C([H])([H])C1([H])[H])<-P(c1c([H])c([H])c([H])c([H])c1[H])(c1c([H])c([H])c([H])c([H])c1[H])c1c([H])c([H])c([H])c([H])c1[H])(=O)=O)[H])[H])[H]
MAQJOF,0,ok,0.042759,43,1,,C1([H])([H])=C2(C(=C([H])S(=O)(=O)[Ir+]<-1<-2345(<-C1([H])=C->3([H])C([H])([H])C([H])([H])C->4([H])=C->5([H])C([H])([H])C1([H])[H])<-S(C([H])([H])[H])(C([H])([H])[H])=O)[H])[H]
MAQKAS,0,ok,0.055348,59,1,,[Ir+]123(S(=O)(=O)C(=C(C(=C([H])[H])[H])[H])[H])(<-P(C([H])([H])[H])(C([H])([H])[H])C([H])([H])[H])(<-P(C([H])([H])[H])(C([H])([H])[H])C([H])([H])[H])<-C4([H])=C->1([H])C([H])([H])C([H])([H])C->2([H])=C->3([H])C([H])([H])C4([H])[H]
MASSEH,0,ok,0.106062,58,1,,c1([H])c([H])c([H])c2C(c3c([H])c([H])c([H])c([H])c3[H])=N(->[Pt+2]34(<-C5([H])=C->3([H])C([H])([H])C([H])([H])C4([H])C([H])=C([H])C5([H])[H])n12)S(c1c([H])c([H])c(C([H])([H])[H])c([H])c1[H])(=O)=O
MAVXUD,0,ok,0.073607,73,1,,[Ti+4]123(Cl)(Cl)<-N(=c4nc(C(C([H])([H])[H])(C([H])([H])[H])C([H])([H])[H])c5n4N1C(C([H])([H])[H])=C([H])C=5C([H])([H])[H])C([H])([H])C([H])([H])N->2=c1nc(C(C([H])([H])[H])(C([H])([H])[H])C([H])([H])[H])c2n1N3C(C([H])([H])[H])=C([H])C=2C([H])([H])[H]
MAZFIE,1,ok,0.190976,74,1,,[Ru+2]123(<-O=C(c4n1c(C([H])([H])[H])c(C(C([H])([H])[H])([H])[H])c4C([H])([H])[H])c1c([H])c([H])c([H])c([H])c1[H])(<-n1c([H])c([H])c([H])c([H])c1-c1n->2c([H])c([H])c([H])c1[H])<-n1c([H])c([H])c([H])c([H])c1-c1n->3c([H])c([H])c([H])c1[H]
MAZGIF,1,ok,0.216415,61,1,,[Ru+2]123(<-O=C(c4n1c(C([H])([H])[H])c(C([H])([H])[H])c4C([H])([H])[H])[H])(<-n1c([H])c([H])c([H])c([H])c1-c1n->2c([H])c([H])c([H])c1[H])<-n1c([H])c([H])c([H])c([H])c1-c1n->3c([H])c([H])c([H])c1[H]
MAZGOL,1,ok,0.211684,52,1,,[Ru+2]123(<-O=C(c4n1c([H])c([H])c4[H])[H])(<-n1c([H])c([H])c([H])c([H])c1-c1n->2c([H])c([H])c([H])c1[H])<-n1c([H])c([H])c([H])c([H])c1-c1n->3c([H])c([H])c([H])c1[H]
MECCUV,1,ok,0.088068,65,1,,[Ir+5]123(<-n4c([H])c([H])c([H])c([H])c4-n4c=1c([H])c(N(C([H])([H])[H])C([H])([H])[H])c([H])c4[H])(<-n1n(-c4c2c([H])c([H])c([H])c4[H])c([H])c([H])c1[H])<-n1n(-c2c3c([H])c([H])c([H])c2[H])c([H])c([H])c1[H]
MERGUL,0,ok,0.138834,80,1,,[Ni+2]123<-N4=C(C([H])([H])[H])C5=C(C([H])([H])[H])N1c1c(c([H])c([H])c([H])c1[H])N2C(C([H])([H])[H])=C(C(C([H])([H])[H])=N->3c1c([H])c([H])c([H])c([H])c14)C(=O)OC([H])([H])C([H])([H])OC([H])([H])C([H])([H])OC([H])([H])C([H])([H])OC([H])([H])C([H])([H])OC5=O
MERJID,0,ok,0.145470,78,1,,[Cr+2](<-[C-]#[O+])(<-[C-]#[O+])(<-[C-]#[O+])(<-[C-]#[O+])(<-[C-]#[O+])=C(N1C([H])([H])C([H])([H])C([H])([H])C1([H])[H])C1=C(c2c([H])c([H])c([H])c([H])c2[H])C2(C([H])([H])[H])C13OC([H])([H])C([H])([H])N3C(c1c([H])c([H])c([H])c([H])c1[H])=C(C(=O)OC([H])([H])C([H])([H])[H])C2([H])[H]
METTAH,0,ok,0.242417,34,1,,[Ir+]12345(<-S=C(C(=S->1)C#N)C#N)<-C1(C([H])([H])[H])=C->2(C([H])([H])[H])C->3(C([H])([H])[H])=C->4(C([H])([H])[H])C51C([H])([H])[H]
MEZZOG,0,ok,0.059496,62,1,,[Pt]123(<-[Se]=C(C(=[Se]->1)C(=O)OC([H])([H])[H])C(=O)OC([H])([H])[H])<-P(C1([H])C([H])=C([H])C->2([H])=C->3([H])C([H])=C1[H])(C1([H])C([H])=C([H])C([H])=C([H])C([H])=C1[H])C1([H])C([H])=C([H])C([H])=C([H])C([H])=C1[H]
MICRUL,0,ok,0.319652,57,1,,[Mn+]1234(<-C5(c6c(F)c(F)c(F)c(F)c6F)=C->1(c1c(F)c(F)c(F)c(F)c1F)C->2(c1c(F)c(F)c(F)c(F)c1F)=C->3(c1c(F)c(F)c(F)c(F)c1F)C45[H])(<-[C-]#[O+])(<-[C-]#[O+])<-[C-]#[O+]
MIHFUF,0,ok,0.064650,63,1,,[Pd+2]1(<-C(N([H])c2c([H])c([H])c(C(F)(F)F)c([H])c2[H])N(C([H])([H])[H])C2([H])C([H])(N(C->1N([H])c1c([H])c([H])c(C(F)(F)F)c([H])c1[H])C([H])([H])[H])C([H])([H])C([H])([H])C([H])([H])C2([H])[H])(Cl)Cl
MIJQIG,0,ok,0.062937,64,1,,[Zn+2]1(<-N(=P(N1[Si](C([H])([H])[H])(C([H])([H])[H])C([H])([H])[H])(N([H])C(C([H])([H])[H])(C([H])([H])[H])C([H])([H])[H])N([H])C(C([H])([H])[H])(C([H])([H])[H])C([H])([H])[H])C(C([H])([H])[H])(C([H])([H])[H])C([H])([H])[H])C([H])([H])[H]
MINNOO,1,ok,0.163740,60,1,,[Ru+2]123(Oc4c([H])c([H])c([H])c([H])c4-c4n([H])c([H])c([H])n->14)(<-n1c([H])c([H])c([H])c([H])c1-c1n->2c([H])c([H])c([H])c1[H])<-n1c([H])c([H])c([H])c([H])c1-c1n->3c([H])c([H])c([H])c1[H]
MINPIK,0,ok,0.170557,59,1,,[Ru+2]123(<-n4c([H])c([H])c([H])c([H])c4-c4n->1c([H])c([H])c([H])c4[H])(<-n1c([H])c([H])c([H])c([H])c1-c1n->2c([H])c([H])c([H])c1[H])Oc1c([H])c([H])c([H])c([H])c1-c1nc([H])c([H])n13
MISXAO,0,ok,0.055179,56,1,,[Os+6]12(=O)(=O)(<-n3c(-c4n->1c([H])c([H])c([H])c4[H])c([H])c([H])c([H])c3[H])OC1(C([H])([H])[H])C(=O)N([H])C(=O)N(C3([H])OC([H])(C(O[H])([H])[H])C(O[H])([H])C3([H])[H])C1([H])O2
MIXQOC,1,ok,0.035353,26,1,,[Hg+2](Cl)<-[c-]1[n+]([H])c2c([H])c([H])c([H])c([H])c2n1-c1nc([H])c([H])c([H])c1[H]
MOBBEL,1,ok,0.119958,70,1,,[Ir+5]123(<-n4n(-c5c(F)c([H])c(F)c([H])c51)c([H])c([H])c4[H])(<-n1n(-c4c(F)c([H])c(F)c([H])c42)c([H])c([H])c1[H])N1C2=C4N3C([H])=C([H])C([H])=C4C(C([H])([H])C([H])([H])[H])(C([H])([H])C([H])([H])[H])C2=C([H])C([H])=C1[H]
MOBSIH,0,ok,0.054899,42,1,,[Pd+2]1(Cl)(Cl)<-n2c(-c3n->1c([H])c([H])c([H])c3[H])n(C([H])([H])[H])c1c3c(c4c(c([H])c([H])c([H])c4[H])c21)c([H])c([H])c([H])c3[H]
MOBSON,0,ok,0.051651,39,1,,[Pd+2]1(Cl)(Cl)<-n2c(-c3n->1c([H])c([H])c([H])c3[H])n([H])c1c2c2c(c([H])c([H])c([H])c2[H])c2c1c([H])c([H])c([H])c2[H]
MOCKUK,1,ok,0.179092,67,1,,[Pt+2]1(<-P(c2c([H])c([H])c([H])c([H])c2[H])(c2c([H])c([H])c([H])c([H])c2[H])c2c([H])c([H])c([H])c([H])c2[H])(<-n2c(C([H])([H])[H])c([H])c([H])c3c([H])c([H])c4c([H])c([H])c(C([H])([H])[H])n->1c4c23)C([H])([H])[H]
MORJOU,0,ok,0.090695,74,1,,[H]N(C(c1c(N2=C(C(C([H])([H])[H])=N(c3c(C([H])(C([H])([H])[H])C([H])([H])[H])c([H])c([H])c([H])c3C([H])(C([H])([H])[H])C([H])([H])[H])->[Pd+2]<-2(C([H])([H])[H])Cl)C([H])([H])[H])c(C([H])(C([H])([H])[H])C([H])([H])[H])c([H])c([H])c1[H])=O)C([H])([H])[H]
MORKAH,0,ok,0.089857,71,1,,[H]N(C(c1c(N2=C(C(C([H])([H])[H])=N(c3c(C([H])(C([H])([H])[H])C([H])([H])[H])c([H])c([H])c([H])c3C([H])(C([H])([H])[H])C([H])([H])[H])->[Pd+2]<-2(Cl)Cl)C([H])([H])[H])c(C([H])(C([H])([H])[H])C([H])([H])[H])c([H])c([H])c1[H])=O)C([H])([H])[H]
MORKEL,0,ok,0.099392,80,1,,C([H])([H])([H])[Pd+2]1(<-N(=C(C([H])([H])[H])C(C([H])([H])[H])=N->1c1c(C(N(C([H])([H])[H])[H])=O)c([H])c([H])c([H])c1C([H])(C([H])([H])[H])C([H])([H])[H])c1c(C([H])(C([H])([H])[H])C([H])([H])[H])c([H])c([H])c([H])c1C([H])(C([H])([H])[H])C([H])([H])[H])OC(C([H])([H])[H])=O
MORSOB,0,ok,0.055061,53,1,,[Pd+4](Br)(<-P(C([H])([H])[H])(C([H])([H])[H])C([H])([H])[H])(=C(N(C([H])([H])C([H])([H])[H])C([H])([H])C([H])([H])[H])c1c([H])c([H])c([H])c([H])c1[H])c1c(F)c(F)c(F)c(F)c1F
MUCCOC,1,ok,0.131084,55,1,,[Ru+2]123(Oc4c([H])c([H])c(Cl)c([H])c4C(=O->1)[H])(<-n1c([H])c([H])c([H])c([H])c1-c1n->2c([H])c([H])c([H])c1[H])<-n1c([H])c([H])c([H])c([H])c1-c1n->3c([H])c([H])c([H])c1[H]
MUFHEC,0,ok,0.057838,49,1,,[V+3]123(<-N(=NC(=O->1)C(C([H])([H])[H])(C([H])([H])[H])C([H])([H])[H])C(=C(C(=O->2)C([H])([H])[H])[H])C([H])([H])[H])(<-n1c([H])c([H])c([H])c2c([H])c([H])c([H])c(O3)c12)=O
MUTSEB,0,ok,0.076016,72,1,,[Pd+2]12<-P(c3c(C4=C([H])[N-]C([H])=C(c5c(P->1(C([H])(C([H])([H])[H])C([H])([H])[H])C([H])(C([H])([H])[H])C([H])([H])[H])c([H])c([H])c([H])c5[H])C24[H])c([H])c([H])c([H])c3[H])(C([H])(C([H])([H])[H])C([H])([H])[H])C([H])(C([H])([H])[H])C([H])([H])[H]
NADYAS,0,ok,0.083108,49,1,,[W+2](<-[C-]#[O+])(<-[C-]#[O+])(<-[C-]#[O+])(<-[C-]#[O+])(<-[C-]#[O+])=C(N(C(C([H])([H])[H])([H])[H])C(C([H])([H])[H])([H])[H])C(=C(c1c([H])c([H])c(C([H])([H])[H])c([H])c1[H])[H])C(=C([H])[H])[H]
NAFJAG,0,ok,0.059150,57,1,,[Rh+3]123(Cl)(=C(N(C(C([H])([H])[H])(C([H])([H])[H])[H])C([H])(C([H])([H])[H])C([H])([H])[H])C(C([H])([H])[H])(C([H])([H])[H])C([H])([H])[H])<-C4([H])=C->1([H])C([H])([H])C([H])([H])C->2([H])=C->3([H])C([H])([H])C4([H])[H]
NAKJUH,0,ok,0.122417,70,1,,Br[Ni+4]1234(C5([H])C->1([H])=C->2([H])C->3([H])=C->45[H])=C1N(c2c(C([H])([H])[H])c([H])c(C([H])([H])[H])c([H])c2C([H])([H])[H])C([H])([H])C([H])([H])C([H])([H])C([H])([H])C([H])([H])N1c1c(C([H])([H])[H])c([H])c(C([H])([H])[H])c([H])c1C([H])([H])[H]
NALVUR,-1,ok,0.057294,45,1,,[V+](<-P(c1c([H])c([H])c([H])c([H])c1[H])(C1=C([H])[C-]([H])C([H])=C([H])[C-]1[H])c1c([H])c([H])c([H])c([H])c1[H])(<-[C-]#[O+])(<-[C-]#[O+])(<-[C-]#[O+])(<-[C-]#[O+])<-[C-]#[O+]
NAMFUE,1,ok,0.143054,51,1,,I[Ru+2]123(<-n4c([H])c([H])c([H])c([H])c4-c4n->1c(-c1n->2c([H])c([H])c([H])c1[H])c([H])c([H])c4[H])<-n1c([H])c([H])c([H])c([H])c1-c1n->3c([H])c([H])c([H])c1[H]
NAMSIG,1,ok,0.150182,70,1,,[Ru+2]1(<-P(C([H])([H])[H])(C([H])([H])[H])c2c([H])c([H])c([H])c([H])c2[H])(<-P(C([H])([H])[H])(C([H])([H])[H])c2c([H])c([H])c([H])c([H])c2[H])(OC(=O)C(F)(F)F)(<-n2c([H])c([H])c([H])c([H])c2-c2n->1c([H])c([H])c([H])c2[H])<-[C-]#[O+]
NASPAY,0,ok,0.057778,61,1,,[Cr+2](<-[C-]#[O+])(<-[C-]#[O+])(<-[C-]#[O+])(<-[C-]#[O+])(<-[C-]#[O+])=C(N(P(N(C(C([H])([H])[H])(C([H])([H])[H])[H])C(C([H])([H])[H])(C([H])([H])[H])[H])N(C(C([H])([H])[H])(C([H])([H])[H])[H])C(C([H])([H])[H])(C([H])([H])[H])[H])[H])C([H])([H])[H]
NASPEC,0,ok,0.054182,61,1,,[Mo+2](<-[C-]#[O+])(<-[C-]#[O+])(<-[C-]#[O+])(<-[C-]#[O+])(<-[C-]#[O+])=C(N(P(N(C(C([H])([H])[H])(C([H])([H])[H])[H])C(C([H])([H])[H])(C([H])([H])[H])[H])N(C(C([H])([H])[H])(C([H])([H])[H])[H])C(C([H])([H])[H])(C([H])([H])[H])[H])[H])C([H])([H])[H]
NASPIG,0,ok,0.068629,68,1,,[Cr+2](<-[C-]#[O+])(<-[C-]#[O+])(<-[C-]#[O+])(<-[C-]#[O+])(<-[C-]#[O+])=C(N(P(N(C(C([H])([H])[H])(C([H])([H])[H])[H])C(C([H])([H])[H])(C([H])([H])[H])[H])N(C(C([H])([H])[H])(C([H])([H])[H])[H])C(C([H])([H])[H])(C([H])([H])[H])[H])[H])c1c([H])c([H])c([H])c([H])c1[H]
NAWTIR,1,ok,0.101091,54,1,,[Ru+2]123(OC(=O)c4n->1c([H])c([H])c([H])c4[H])(<-n1c(-c4n->2c([H])c([H])c([H])c4[H])c([H])c([H])c([H])c1[H])<-n1c(-c2n->3c([H])c([H])c([H])c2[H])c([H])c([H])c([H])c1[H]
NEDHEK,0,ok,0.065466,60,1,,[Pd+4]12(OC(=O)C([H])([H])[H])N3C([H])(C([H])(C([H])([H])[H])C([H])([H])[H])C([H])([H])OC3=C3N1C(=C([H])C([H])=C3[H])C(=O)N2C([H])(C([H])(C([H])([H])[H])C([H])([H])[H])C(OC(=O)C([H])([H])[H])([H])[H]
NEDHIO,0,ok,0.080396,62,1,,[Pd+4]12(OC(=O)C([H])([H])[H])N3C(c4c([H])c([H])c([H])c([H])c4[H])([H])C([H])([H])OC3=C3N1C(=C([H])C([H])=C3[H])C(=O)N2C([H])(c1c([H])c([H])c([H])c([H])c1[H])C(OC(=O)C([H])([H])[H])([H])[H]
NEDKOZ,0,ok,0.036190,33,1,,[Fe]([Si](Cl)(Cl)c1[n+](C([H])([H])[H])c(C([H])([H])[H])c(C([H])([H])[H])n1C([H])([H])[H])(<-[C-]#[O+])(<-[C-]#[O+])(<-[C-]#[O+])<-[C-]#[O+]
NEDKUF,0,ok,0.034202,33,1,,[Fe]([Si]([H])([H])c1[n+](C([H])([H])[H])c(C([H])([H])[H])c(C([H])([H])[H])n1C([H])([H])[H])(<-[C-]#[O+])(<-[C-]#[O+])(<-[C-]#[O+])<-[C-]#[O+]
NEFWUQ,1,ok,0.200348,76,1,,[Ru+2]123(Cl)(<-n4c5c6n->1c(-c1n->2c2c([H])c([H])c([H])c([H])c2c([H])c1[H])c([H])c([H])c6c([H])c([H])c5c([H])c([H])c4[H])<-n1c2c4n->3c(-c3nc5c([H])c([H])c([H])c([H])c5c([H])c3[H])c([H])c([H])c4c([H])c([H])c2c([H])c([H])c1[H]
NEGQOF,1,ok,0.115442,56,1,,[Pd+2]1(<-P(c2c([H])c([H])c([H])c([H])c2[H])(c2c([H])c([H])c([H])c([H])c2[H])c2c([H])c([H])c([H])c([H])c2[H])(<-n2c(C(=O->1)OC([H])([H])[H])c([H])c([H])c([H])c2[H])C([H])([H])[H]
NESJAW,0,ok,0.148296,71,1,,[Ni+4]123n4c5c([H])c([H])c4C([H])=c4n1c(c([H])c4[H])=C(c1c([H])c([H])c([H])c([H])c1[H])c1n2c(c([H])c1[H])C(C#C[Si](C([H])([H])[H])(C([H])([H])[H])C([H])([H])[H])=c1n3c(c([H])c1[H])=C5c1c([H])c([H])c([H])c([H])c1[H]
NEXDEZ,0,ok,0.082848,73,1,,[Re+3]123(<-S=C(N=N->1C(=C(C(=O->2)c1c([H])c([H])c([H])c([H])c1[H])[H])C([H])([H])[H])c1c([H])c([H])c([H])c([H])c1[H])(SC(=NN->3=C(C([H])([H])C(=O)c1c([H])c([H])c([H])c([H])c1[H])C([H])([H])[H])c1c([H])c([H])c([H])c([H])c1[H])=O
NIBHAK,0,ok,0.324893,77,1,,[Fe+2]1234(<-P(C([H])([H])[H])(C([H])(C([H])([H])[H])C([H])([H])[H])C([H])(C([H])([H])[H])C([H])([H])[H])([Si](c5c([H])c([H])c([H])c([H])c5[H])(c5c([H])c([H])c([H])c([H])c5[H])[H])(<-N#N)<-C5(C([H])([H])[H])=C->1(C([H])([H])[H])C->2(C([H])([H])[H])=C->3(C([H])([H])[H])C45C([H])([H])[H]
NILKUO,0,ok,0.050144,36,1,,c1([H])c([H])c([H])c([H])c([H])c1N([H])C(c1c([H])c([H])c([H])c([H])c1[H])=[Cr+2](<-[C-]#[O+])(<-[C-]#[O+])(<-[C-]#[O+])(<-[C-]#[O+])<-[C-]#[O+]
NINCIW,0,ok,0.146014,58,1,,[Re+5]1(Cl)(Cl)(Cl)(<-n2c(C(=N->1c1c([H])c([H])c(OC([H])([H])[H])c([H])c1[H])c1c([H])c([H])c([H])c([H])c1[H])c([H])c([H])c([H])c2[H])=Nc1c([H])c([H])c(OC([H])([H])[H])c([H])c1[H]
NIPHIE,1,ok,0.166062,64,1,,[Ru+2]1234(n5c(C([H])([H])N->1(C([H])([H])c1c([H])c([H])c([H])c([H])n->21)C([H])([H])c1c([H])c([H])c([H])c([H])n->31)nc1c5c([H])c([H])c([H])c1[H])<-n1c([H])c([H])c([H])c([H])c1-c1c([H])c([H])c([H])c([H])n->41
NISHOP,0,ok,0.035661,29,1,,[Pt]12(<-S=C(C(=S->1)C#N)C#N)<-n1c(-c3n->2c([H])c([H])c([H])c3[H])c([H])c([H])c([H])c1[H]
NOCCAL,0,ok,0.038270,38,1,,[Pt]12(<-S=C3N(C([H])([H])C([H])([H])[H])C([H])([H])C([H])([H])C([H])([H])N(C(C([H])([H])[H])([H])[H])C3=S->1)<-S=C(C(=S->2)C#N)C#N
NOCCEP,0,ok,0.034899,38,1,,[Pd]12(<-S=C3N(C([H])([H])C([H])([H])[H])C([H])([H])C([H])([H])C([H])([H])N(C(C([H])([H])[H])([H])[H])C3=S->1)<-S=C(C(=S->2)C#N)C#N
NODRUT,1,ok,0.148122,65,1,,[Ru+2]123(OC(=O)C(=N->1C(c1c([H])c([H])c([H])c([H])c1[H])([H])[H])[H])(<-n1c4c(c([H])c([H])c1[H])c([H])c([H])c1c([H])c([H])c([H])n->2c41)<-n1c2c(c([H])c([H])c1[H])c([H])c([H])c1c([H])c([H])c([H])n->3c21
NUCKEB,0,ok,0.058606,45,1,,[Cr+2]1(<-S(=O)(C2=C(C=1N1C([H])([H])C([H])([H])C([H])([H])C1([H])[H])OC([H])([H])C2([H])[H])c1c([H])c([H])c([H])c([H])c1[H])(<-[C-]#[O+])(<-[C-]#[O+])(<-[C-]#[O+])<-[C-]#[O+]
NUCVIQ,0,ok,0.079520,45,1,,[Pt+2]12(<-n3c(-c4n->1c([H])c([H])nc4-c1nc([H])c([H])c([H])c1[H])c([H])c([H])c([H])c3[H])OC(=O)C1(C(=O)O2)C([H])([H])C([H])([H])C1([H])[H]
NUYFEU,0,ok,0.132548,85,1,,C1(C(=C([H])N2c3c([H])c4c([H])c([H])c([H])c([H])c4c([H])c3N3C([H])=C(C(C([H])([H])[H])=O->[Fe+2]23(<-n2c([H])c([H])c([H])c([H])c2[H])(<-n2c([H])c([H])c([H])c([H])c2[H])<-O=1)C(c1c([H])c([H])c([H])c([H])c1[H])=O)C(c1c([H])c([H])c([H])c([H])c1[H])=O)C([H])([H])[H]
OBITIC,1,ok,0.104685,62,1,,[Ru+2]12(Cl)(<-n3c([H])c([H])c([H])c([H])c3-c3n->1c([H])c([H])c([H])c3[H])(<-n1c([H])c([H])c([H])c([H])c1-c1n->2c([H])c([H])c([H])c1[H])<-n1c([H])c([H])c(-c2c([H])c([H])nc([H])c2[H])c([H])c1[H]
OCEPER,0,ok,0.101054,53,1,,[Pd+2]123<-O=C(c4c([H])c([H])c([H])c([H])c4[H])C(=C(N1C([H])([H])C(O[H])([H])C([H])([H])N2C(C([H])([H])[H])=C(C(=O->3)c1c([H])c([H])c([H])c([H])c1[H])[H])C([H])([H])[H])[H]
OCIJES,0,ok,0.094353,39,1,,c12S(->[Ru+2]34(Cl)(<-N(c1c([H])c([H])c([H])c2[H])=C([H])C(=N->3c1c([H])c([H])c([H])c([H])c1S->4C([H])([H])[H])[H])Cl)C([H])([H])[H]
OCOJUO,0,ok,0.070705,29,1,,c12c(c([H])c([H])c3-c4c([H])c([H])c([H])c([H])n4->[Pt+2](Cl)(Cl)<-n13)c([H])c([H])c([H])c2[H]
OCUROV,0,ok,0.032800,25,1,,[Au+3](Cl)(Cl)(Cl)=C(C1=[O+2]=C(c2c([H])c([H])c([H])c([H])c2[H])N([H])C1([H])[H])[H]
OCUSOW,1,ok,0.059533,51,1,,[Au+3](Cl)(Cl)(<-[C-]1=C(C([H])([H])[H])OC(c2c([H])c([H])c([H])c([H])c2[H])=[N+]([H])C1([H])[H])<-[C-]1=C(C([H])([H])[H])[O+]=C(c2c([H])c([H])c([H])c([H])c2[H])N([H])C1([H])[H]
OFEJOB,1,ok,0.084866,61,1,,c12(C([H])(C([H])([H])[H])C([H])([H])[H])->[Ru+2]34567(<-c1([H])c->3([H])c->4(C([H])([H])[H])c->5([H])c->62[H])(<-n1c([H])c([H])c([H])c([H])c1C(C([H])([H])[H])=N->7N(S(c1c([H])c([H])c(C([H])([H])[H])c([H])c1[H])(=O)=O)[H])Cl
OFUFOK,0,ok,0.150480,46,1,,[Ni+2]123<-N(=C(C([H])([H])[H])c4c(c([H])c([H])c([H])c4[H])O1)c1c([H])c([H])c([H])c([H])c1N2C([H])=C(N=N->3c1c([H])c([H])c([H])c([H])c1[H])[H]
OFULUX,1,ok,0.126255,55,1,,c12-c3c([H])c([H])c([H])c([H])n3->[Ru+2]34567(<-c8(C([H])([H])[H])c->3([H])c->4([H])c->5([H])c->6([H])c->78[H])(Cl)<-n1nc(-c1c([H])c([H])c([H])c([H])c1[H])c(-c1c([H])c([H])c([H])c([H])c1[H])n2
OFUQUB,0,ok,0.048759,41,1,,C12=C(C(=O)C(N(C([H])([H])[H])C([H])([H])[H])=C1N(C([H])([H])[H])C([H])([H])[H])N(C([H])([H])[H])[Fe+2](<-[C-]#[O+])(<-[C-]#[O+])(<-[C-]#[O+])N2C([H])([H])[H]
OGEMEU,0,ok,0.054501,46,1,,[Ni]12(<-O=C(N=N->1C(C([H])([H])[H])=C([H])C(=O->2)c1c([H])c([H])c([H])c([H])c1[H])c1c(O[H])c([H])c([H])c([H])c1[H])<-n1n([H])c([H])c([H])c1[H]
OHUPUD,0,ok,0.083955,78,1,,[Ni+4]12(Cl)N3C(=C(C([H])([H])[H])N1c1c(C([H])(C([H])([H])[H])C([H])([H])[H])c([H])c([H])c([H])c1C([H])(C([H])([H])[H])C([H])([H])[H])C([H])=C([H])C([H])=C3C(=O)N2c1c(C([H])(C([H])([H])[H])C([H])([H])[H])c([H])c([H])c([H])c1C([H])(C([H])([H])[H])C([H])([H])[H]
OJOGOK,0,ok,0.084464,56,1,,[Ir+5]12345(Cl)(<-C6(C([H])([H])[H])=C->1(C([H])([H])[H])C->2(C([H])([H])[H])=C->3(C([H])([H])[H])C46C([H])([H])[H])=C(C([H])([H])C(C([H])([H])[H])(C([H])([H])[H])C([H])([H])[H])N([H])c1c5c([H])c([H])c([H])c1[H]
OJONAE,1,ok,0.073800,74,1,,[Co+3]123(<-O=C(c4c([H])c([H])c([H])c([H])c4[H])C([H])=C(N1C([H])([H])C([H])([H])C([H])([H])N2C(C([H])([H])[H])=C([H])C(=O->3)c1c([H])c([H])c([H])c([H])c1[H])C([H])([H])[H])(<-n1c([H])c([H])c([H])c([H])c1[H])<-n1c([H])c([H])c([H])c([H])c1[H]
OLOPOV,1,ok,0.110617,69,1,,[Pd+2]1(<-n2c([H])c([H])c([H])c([H])c2-c2n->1c(C([H])(C([H])([H])C([H])([H])[H])C([H])([H])[H])c([H])c([H])c2[H])(<-n1c([H])c([H])c([H])c([H])c1-c1nc(C([H])(C([H])([H])C([H])([H])[H])C([H])([H])[H])c([H])c([H])c1[H])C([H])([H])[H]
OLUNAL,0,ok,0.097423,76,1,,[Ti+4]12(Cl)(Cl)(<-N(=C(c3c(O1)c(C(C([H])([H])[H])(C([H])([H])[H])C([H])([H])[H])c([H])c([H])c3[H])[H])c1c(F)c(F)c(F)c(F)c1F)N(c1c([H])c([H])c([H])c([H])c1[H])C(C(F)(F)F)=C([H])C(c1c(F)c(F)c(OC([H])([H])[H])c(F)c1F)=O->2
OMASEB,0,ok,0.073635,59,1,,[Au+3](Cl)=c1n(-c2c(C([H])([H])[H])c([H])c(C([H])([H])[H])c([H])c2C([H])([H])[H])c(=O)c2c(c(=O)n1-c1c(C([H])([H])[H])c([H])c(C([H])([H])[H])c([H])c1C([H])([H])[H])c([H])c([H])c([H])c2[H]
OMISUZ,-1,ok,0.043132,29,1,,[Tc+]12(=Nc3c([H])c([H])c([H])c([H])c3[H])(<-S=C(C(=S->1)C#N)C#N)<-S=C(C(=S->2)C#N)C#N
OMITAG,-1,ok,0.039686,29,1,,[Re+]12(=Nc3c([H])c([H])c([H])c([H])c3[H])(<-S=C(C(=S->1)C#N)C#N)<-S=C(C(=S->2)C#N)C#N
OMUBUV,1,ok,0.089789,49,1,,[Pt+2]1(C([H])([H])[H])(<-n2c([H])c([H])c([H])c([H])c2-c2n->1c([H])c([H])c([H])c2[H])<-n1c([H])c([H])c(N=Nc2c([H])c([H])c(O[H])c([H])c2[H])c([H])c1[H]
OMUCAC,1,ok,0.108395,56,1,,[Pt+2]1(<-n2c([H])c([H])c([H])c([H])c2-c2c([H])c([H])c([H])c([H])n->12)(<-n1c([H])c([H])c(N=Nc2c([H])c([H])c(N(C([H])([H])[H])C([H])([H])[H])c([H])c2[H])c([H])c1[H])C([H])([H])[H]
OVAXAL,0,ok,0.025986,31,1,,[W+2](<-[C-]#[O+])(<-[C-]#[O+])(<-[C-]#[O+])(<-[C-]#[O+])(<-[C-]#[O+])=C(N(C([H])([H])C([H])([H])[H])C([H])([H])C([H])([H])[H])C(F)(F)F
OWEJEH,0,ok,0.060693,49,1,,[Pd+2]1(Br)(<-N(=C([H])C(=N->1c1c(C([H])([H])[H])c([H])c(C([H])([H])[H])c([H])c1C([H])([H])[H])[H])c1c(C([H])([H])[H])c([H])c(C([H])([H])[H])c([H])c1C([H])([H])[H])Br
OWEJIL,0,ok,0.060263,49,1,,[Pd+2]1(I)(<-N(=C([H])C(=N->1c1c(C([H])([H])[H])c([H])c(C([H])([H])[H])c([H])c1C([H])([H])[H])[H])c1c(C([H])([H])[H])c([H])c(C([H])([H])[H])c([H])c1C([H])([H])[H])I
OWEJOR,0,ok,0.080793,70,1,,[Pd+2]12(<-N(c3c(C([H])([H])[H])c([H])c(C([H])([H])[H])c([H])c3C([H])([H])[H])=C([H])C(=N->1c1c(C([H])([H])[H])c([H])c(C([H])([H])[H])c([H])c1C([H])([H])[H])[H])Oc1c(c([H])c([H])c([H])c1[H])C(C([H])([H])[H])(C([H])([H])[H])C2([H])[H]
OXOKIW,0,ok,0.079097,70,1,,[Ir+5]123(<-n4n([B-](n5n->1c(C([H])([H])[H])c([H])c5C([H])([H])[H])(n1n->2c(C([H])([H])[H])c([H])c1C([H])([H])[H])[H])c(C([H])([H])[H])c([H])c4C([H])([H])[H])(c1c([H])c([H])c([H])c([H])c1[H])=C1N(O3)C(C([H])([H])[H])=C([H])C([H])=C1[H]
OXOKOC,0,ok,0.093062,79,1,,[Ir+5]123(<-n4n([B-](n5n->1c(C([H])([H])[H])c([H])c5C([H])([H])[H])(n1n->2c(C([H])([H])[H])c([H])c1C([H])([H])[H])[H])c(C([H])([H])[H])c([H])c4C([H])([H])[H])(c1c([H])c([H])c([H])c([H])c1[H])=C1N(C(C([H])([H])[H])=C([H])C([H])=C1[H])c1c3c([H])c([H])c([H])c1[H]
OYAZEU,0,ok,0.176154,60,1,,[Ir+]123(<-C4N(C([H])([H])[H])C([H])=C([H])N4c4c1c([H])c(F)c([H])c4[H])(<-C1N(c4c2c([H])c(F)c([H])c4[H])C([H])=C([H])N1C([H])([H])[H])<-N1=[N+]=C([H])C([H])=C1c1c([H])c([H])c([H])c([H])n->31
PACREQ,0,ok,0.143754,73,1,,C12=N3->[Ti+4]456(<-N(=C7C([H])=C(C([H])([H])[H])C([H])=C([H])N74)[Si](C([H])([H])[H])(C([H])([H])[H])C([H])([Si]3(C([H])([H])[H])C([H])([H])[H])[Si](C([H])([H])[H])(C([H])([H])[H])N->5=C3C([H])=C(C([H])([H])[H])C([H])=C([H])N36)(Cl)N1C([H])=C([H])C(C([H])([H])[H])=C2[H]
PAVHIE,0,ok,0.068977,51,1,,[V+3]123(=O)(Oc4c(C(=N->1C(C(c1n->2c2c([H])c([H])c([H])c([H])c2n1[H])([H])[H])([H])[H])[H])c([H])c([H])c([H])c4[H])<-O=NC(=O->3)c1c([H])c([H])c([H])c([H])c1[H]
PAWJOP,0,ok,0.051057,57,1,,[Ni+2]12(SC(C(N->1=C(N(C([H])([H])[H])C([H])([H])[H])N(C([H])([H])[H])C([H])([H])[H])([H])[H])([H])[H])S(=O)(=O)C(C(N->2=C(N(C([H])([H])[H])C([H])([H])[H])N(C([H])([H])[H])C([H])([H])[H])([H])[H])([H])[H]
PAXQOX,0,ok,0.045991,39,1,,[Pt]1(<-S(=O)(C([H])([H])[H])C([H])([H])[H])(<-S(=O)(C([H])([H])[H])C([H])([H])[H])<-O=NC(=N->1[H])C(C([H])([H])[H])(C([H])([H])[H])C([H])([H])[H]
PAYCUN,0,ok,0.062028,42,1,,[Re+]1(Cl)(<-n2c(-c3n->1c([H])c([H])c([H])c3[H])c(-c1nc([H])c([H])c([H])c1[H])nc1c([H])c([H])c([H])c([H])c21)(<-[C-]#[O+])(<-[C-]#[O+])<-[C-]#[O+]
PCESMO,-1,ok,0.292664,27,1,,C1(C#N)C(C#N)=S->[Mo]23456(<-C7([H])=C->2([H])C3([H])C->4([H])=C->57[H])(<-S=C(C(C#N)=S->6)C#N)<-S=1
PEBKAJ,0,ok,0.048275,52,1,,[Pd+4]1(Cl)(Cl)=C(N(C([H])(C([H])([H])[H])C([H])([H])[H])C([H])(C([H])([H])[H])C([H])([H])[H])P->1(C(C([H])([H])[H])(C([H])([H])[H])C([H])([H])[H])C(C([H])([H])[H])(C([H])([H])[H])C([H])([H])[H]
PEBKEN,0,ok,0.047733,52,1,,[Ni+4]1(Cl)(Cl)=C(N(C([H])(C([H])([H])[H])C([H])([H])[H])C([H])(C([H])([H])[H])C([H])([H])[H])P->1(C(C([H])([H])[H])(C([H])([H])[H])C([H])([H])[H])C(C([H])([H])[H])(C([H])([H])[H])C([H])([H])[H]
PECGUA,-1,ok,0.042004,33,1,,[Au+]12(<-S=C(C(=S->1)c1c([H])c([H])c([H])c([H])c1[H])[H])SC([H])=C(c1c([H])c([H])c([H])c([H])c1[H])S2
PECHEL,-1,ok,0.038957,31,1,,[Au+]12(<-S=C(C(=S->1)c1c([H])nc([H])c([H])c1[H])[H])SC([H])=C(c1c([H])nc([H])c([H])c1[H])S2
PEKMEZ,0,ok,0.049754,50,1,,[Au+3](Cl)=C(OC12C([H])([H])C3([H])C([H])([H])C([H])(C1([H])[H])C([H])([H])C([H])(C2([H])[H])C3([H])[H])N(C([H])(C([H])([H])[H])C([H])([H])[H])C([H])(C([H])([H])[H])C([H])([H])[H]
PEKMOJ,0,ok,0.076707,69,1,,[Au+3](Cl)=C(OC12C([H])([H])C3([H])C([H])([H])C([H])(C1([H])[H])C([H])([H])C([H])(C3([H])[H])C2([H])[H])N(C([H])(C([H])([H])[H])C([H])([H])[H])c1c(C([H])(C([H])([H])[H])C([H])([H])[H])c([H])c([H])c([H])c1C([H])(C([H])([H])[H])C([H])([H])[H]
PEKMUP,0,ok,0.075035,80,1,,[Au+3](Cl)=C(Oc1c(C([H])(C([H])([H])[H])C([H])([H])[H])c([H])c([H])c([H])c1C([H])(C([H])([H])[H])C([H])([H])[H])N(c1c(C([H])(C([H])([H])[H])C([H])([H])[H])c([H])c([H])c([H])c1C([H])(C([H])([H])[H])C([H])([H])[H])C1([H])C([H])([H])C([H])([H])C([H])([H])C([H])([H])C1([H])[H]
PEKNAW,0,ok,0.085244,76,1,,[Au+3](Cl)=C(Oc1c(C([H])(C([H])([H])[H])C([H])([H])[H])c([H])c([H])c([H])c1C([H])(C([H])([H])[H])C([H])([H])[H])N(c1c(C([H])([H])[H])c([H])c([H])c([H])c1C([H])([H])[H])C12C([H])([H])C3([H])C([H])([H])C([H])(C1([H])[H])C([H])([H])C([H])(C2([H])[H])C3([H])[H]
PEYTAR,1,ok,0.087277,68,1,,[Rh+]123(Cl)(<-C4[n+]5c(c([H])c6c([H])c([H])c([H])c([H])c6c5-c5c(C([H])([H])[H])c([H])c(C([H])([H])[H])c([H])c5C([H])([H])[H])N(C([H])([H])[H])N4C([H])([H])[H])<-C4([H])=C->1([H])C([H])([H])C([H])([H])C->2([H])=C->3([H])C([H])([H])C4([H])[H]
PHPCMN,-1,ok,0.057567,43,1,,[Mn+](<-P(C1=C([H])[C-]([H])C([H])=C([H])[C-]1[H])(c1c([H])c([H])c([H])c([H])c1[H])c1c([H])c([H])c([H])c([H])c1[H])(<-[C-]#[O+])(<-[C-]#[O+])(<-[C-]#[O+])<-[C-]#[O+]
PIDCAJ,0,ok,0.074018,73,1,,[Ni]12(<-S=C(C#N)C(=S->1)C#N)<-P(N(P->2(c1c([H])c([H])c([H])c([H])c1[H])c1c([H])c([H])c([H])c([H])c1[H])C(C([H])([H])[H])([H])c1c([H])c([H])c([H])c([H])c1[H])(c1c([H])c([H])c([H])c([H])c1[H])c1c([H])c([H])c([H])c([H])c1[H]
PIGBIT,0,ok,0.058155,43,1,,[Pd+2]12(OC(=C(c3oc4c(n->13)c([H])c([H])c([H])c4[H])[H])C(F)(F)F)<-O=C(C(=C1Oc3c(c([H])c([H])c([H])c3[H])N21)[H])C(F)(F)F
PIGQIG,0,ok,0.121860,80,1,,[Ru+2]123(<-S(=O)(C([H])([H])[H])C([H])([H])[H])(<-O=C(N=c4n1c(c([H])c([H])c4[H])-c1n2c(=NC(=O->3)c2c([H])c([H])c([H])c([H])c2[H])c([H])c([H])c1[H])c1c([H])c([H])c([H])c([H])c1[H])<-n1c([H])c([H])c(C(C([H])([H])[H])(C([H])([H])[H])C([H])([H])[H])c([H])c1[H]
PIGXAG,0,ok,0.075826,84,1,,[Zn+2](C1(C([H])([H])[H])C(C([H])([H])[H])=C(C([H])([H])[H])C(C([H])([H])[H])=C1C([H])([H])[H])(<-[c-]1[n+](C(C([H])([H])[H])(C([H])([H])[H])C([H])([H])[H])c([H])c([H])n1C(C([H])([H])[H])(C([H])([H])[H])C([H])([H])[H])C1(C([H])([H])[H])C(C([H])([H])[H])=C(C([H])([H])[H])C(C([H])([H])[H])=C1C([H])([H])[H]
PIKPEG,0,ok,0.050474,48,1,,[Au+3](Cl)=C1C([H])([H])N(C([H])([H])C([H])=C([H])[H])C([H])([H])N1c1c(C([H])(C([H])([H])[H])C([H])([H])[H])c([H])c([H])c([H])c1C([H])(C([H])([H])[H])C([H])([H])[H]
PILPUV,0,ok,0.071507,54,1,,[V+3]123(<-O=C(c4c([H])c([H])c([H])c([H])c4[H])C(=C(N->1=NC(=O->2)c1c([H])c([H])c([H])c([H])c1[H])C([H])([H])[H])[H])(Oc1c([H])c([H])c([H])c2c([H])c([H])c([H])n->3c21)=O
PIQTOY,0,ok,0.084599,69,1,,[Zn+2]12(Sc3n(-c4c([H])c([H])c([H])c([H])c4[H])nc(C([H])([H])[H])c3N=N->1c1c([H])c([H])c([H])c([H])c1[H])Sc1n(-c3c([H])c([H])c([H])c([H])c3[H])nc(C([H])([H])[H])c1N=N->2c1c([H])c([H])c([H])c([H])c1[H]
PIVLUD,0,ok,0.188518,78,1,,[Rh+3]1234(<-C5([H])=C->1([H])C([H])([H])C([H])([H])C->2([H])=C->3([H])C([H])([H])C5([H])[H])n1c(c(-c2c([H])c([H])c([H])c([H])c2[H])c([H])c1-c1c([H])c([H])c([H])c([H])c1[H])[N-]c1n4c(-c2c([H])c([H])c([H])c([H])c2[H])c([H])c1-c1c([H])c([H])c([H])c([H])c1[H]
PIVMEO,0,ok,0.152047,62,1,,n12c(-c3c([H])c([H])c([H])c([H])c3[H])c([H])c(-c3c([H])c([H])c([H])c([H])c3[H])c1[N-]c1n(c(-c3c([H])c([H])c([H])c([H])c3[H])c([H])c1-c1c([H])c([H])c([H])c([H])c1[H])[Rh+3]2(<-[C-]#[O+])<-[C-]#[O+]
PIVMOY,0,ok,0.170792,70,1,,[Rh+3]1(<-[C-]#[O+])(<-[C-]#[O+])n2c(c(-c3c([H])c([H])c([H])c([H])c3[H])c([H])c2-c2c([H])c([H])c(OC([H])([H])[H])c([H])c2[H])[N-]c2n1c(-c1c([H])c([H])c(OC([H])([H])[H])c([H])c1[H])c([H])c2-c1c([H])c([H])c([H])c([H])c1[H]
PIVNAL,0,ok,0.167689,81,1,,[Rh+3]1234(<-C5([H])=C->1([H])C1([H])C->2([H])=C->3([H])C5([H])C1([H])[H])n1c(c(-c2c([H])c([H])c(OC([H])([H])[H])c([H])c2[H])c([H])c1-c1c([H])c([H])c([H])c([H])c1[H])[N-]c1n4c(-c2c([H])c([H])c([H])c([H])c2[H])c([H])c1-c1c([H])c([H])c(OC([H])([H])[H])c([H])c1[H]
POFSUA,0,ok,0.063817,78,1,,[Zn+2](<-[c-]1[n+](C(C([H])([H])[H])(C([H])([H])[H])C([H])([H])[H])c([H])c([H])n1C(C([H])([H])[H])(C([H])([H])[H])C([H])([H])[H])(C1([H])C([H])=C([Si](C([H])([H])[H])(C([H])([H])[H])C([H])([H])[H])C([H])=C1[H])C1([H])C([H])=C([H])C([Si](C([H])([H])[H])(C([H])([H])[H])C([H])([H])[H])=C1[H]
POQSAP,0,ok,0.076609,63,1,,[Ni]12(<-P(c3c([H])c([H])c([H])c([H])c3[H])(c3c([H])c([H])c([H])c([H])c3[H])c3c([H])c([H])c([H])c([H])c3[H])<-S=C(N=N->1C(=C([H])C(=O->2)C([H])([H])[H])C([H])([H])[H])c1c([H])c([H])c([H])c([H])c1[H]
POSZEC,0,ok,0.023897,21,1,,[Pt]1(<-S=C(C#N)C(=S->1)C#N)(<-[C-]#[N+]C([H])([H])[H])<-[C-]#[N+]C([H])([H])[H]
POWCEJ,1,ok,0.160983,65,1,,[Ru+2]12(Cl)(<-P(c3c(C([H])([H])[H])c([H])c([H])c([H])c3[H])(C([H])([H])[H])C([H])([H])[H])(<-n3c([H])c([H])c([H])c([H])c3-c3n->1c([H])c([H])c([H])c3[H])<-n1c([H])c([H])c([H])c([H])c1-c1n->2c([H])c([H])c([H])c1[H]
POWJIU,1,ok,0.048457,59,1,,[Pd+2](Cl)(<-P(C([H])([H])[H])(C([H])([H])[H])C([H])([H])[H])(<-P(C([H])([H])[H])(C([H])([H])[H])C([H])([H])[H])<-C1N(C(C([H])([H])[H])(C([H])([H])[H])C([H])([H])[H])C([H])([H])c2c([H])c([H])c([H])c([H])c2C1([H])[H]
PUFQUC,0,ok,0.062980,29,1,,[Pt+2]1(<-n2c([H])c([H])c([H])c([H])c2-c2n->1c([H])c([H])c([H])c2[H])(C([H])([H])[H])C([H])([H])[H]
PUHJUZ,0,ok,0.144540,53,1,,c1([H])c([H])c([H])c([H])c2C([H])=N3c4c(O[Fe+2]<-356(<-n12)<-n1c([H])c([H])c([H])c([H])c1C([H])=N->5c1c(O6)c([H])c([H])c([N+](=O)[O-])c1[H])c([H])c([H])c([N+]([O-])=O)c4[H]
PUJNIR,1,ilp_failed,0.048342,0,0,"ILP failed: Infeasible (check mol_charge, η-carbon lp=0 vs ring anion/aromatic 6π, connectivity, remote-C lp preference, and LP/octet balance on donors)",
PUNVIF,0,ok,0.058800,66,1,,[Pt+2]12(<-P(c3c([Si]1([H])c1c(P->2(C([H])(C([H])([H])[H])C([H])([H])[H])C([H])(C([H])([H])[H])C([H])([H])[H])c([H])c([H])c([H])c1[H])c([H])c([H])c([H])c3[H])(C([H])(C([H])([H])[H])C([H])([H])[H])C(C([H])([H])[H])(C([H])([H])[H])[H])Cl
PUNVOL,0,ok,0.115265,85,1,,c12[Si]3(c4c([H])c([H])c([H])c([H])c4P(C([H])(C([H])([H])[H])C([H])([H])[H])(C([H])(C([H])([H])[H])C([H])([H])[H])->[Pt+2]3(c3c(C([H])([H])[H])c([H])c(C([H])([H])[H])c([H])c3C([H])([H])[H])<-P(c1c([H])c([H])c([H])c2[H])(C([H])(C([H])([H])[H])C([H])([H])[H])C([H])(C([H])([H])[H])C([H])([H])[H])[H]
QABFOP,0,ok,0.034614,34,1,,[W+2](=C(C(=C(C([H])([H])[H])[H])C(=O)C([H])([H])[H])N(C([H])([H])[H])C([H])([H])[H])(<-[C-]#[O+])(<-[C-]#[O+])(<-[C-]#[O+])(<-[C-]#[O+])<-[C-]#[O+]
QAHBAC,0,ok,0.199713,37,1,,[Fe+2]1234([Si]([H])([H])[Si]([H])([H])[H])(<-[C-]#[O+])(<-[C-]#[O+])C5(C([H])([H])[H])C->1(C([H])([H])[H])=C->2(C([H])([H])[H])C->3(C([H])([H])[H])=C->45C([H])([H])[H]
QAHYAZ,0,ok,0.345061,58,1,,[Zr+4]123456789%10(<-P(C(C(C(C1([H])C2([H])[H])([H])[H])([H])[H])([H])[H])(c1c([H])c([H])c([H])c([H])c1[H])c1c([H])c([H])c([H])c([H])c1[H])(<-C1([H])=C->3([H])C->4([H])=C->5([H])C61[H])<-C1([H])=C->7([H])C8([H])C->9([H])=C->%101[H]
QANGUH,1,ok,0.161279,64,1,,[Ru+2]12(Cl)(<-P(c3c([H])c([H])c([H])c([H])c3[H])(O[H])OC([H])([H])C([H])([H])[H])(<-n3c([H])c([H])c([H])c([H])c3-c3c([H])c([H])c([H])c([H])n->13)<-n1c([H])c([H])c([H])c([H])c1-c1c([H])c([H])c([H])c([H])n->21
QARTUY,1,ok,0.107289,65,1,,[Ru+2]123(Cl)(<-S4C([H])([H])C([H])([H])S->1C([H])([H])C([H])([H])S->2C([H])([H])C4([H])[H])<-n1c([H])c([H])c(-c2c([H])c([H])c([H])c([H])c2[H])c2c([H])c([H])c4c(-c5c([H])c([H])c([H])c([H])c5[H])c([H])c([H])n->3c4c12
QASBIV,0,ok,0.228458,38,1,,[Ir+]12345(<-S=C(C(=S->1)[H])C(=O)OC([H])([H])[H])<-C1(C([H])([H])[H])=C->2(C([H])([H])[H])C3(C([H])([H])[H])C->4(C([H])([H])[H])=C->51C([H])([H])[H]
QEHQEZ,0,ok,0.030302,33,1,,[Cr+2](=C(N([H])C([H])([H])C([H])([H])O[H])c1c([H])c([H])c([H])c([H])c1[H])(<-[C-]#[O+])(<-[C-]#[O+])(<-[C-]#[O+])(<-[C-]#[O+])<-[C-]#[O+]
QEHQID,0,ok,0.037003,38,1,,[Cr+2](<-[C-]#[O+])(<-[C-]#[O+])(<-[C-]#[O+])(<-[C-]#[O+])(<-[C-]#[O+])=C(N([H])C([H])([H])C(OC(=O)C([H])([H])[H])([H])[H])C([H])=C(C([H])([H])[H])C([H])([H])[H]
QEHQOJ,0,ok,0.033844,30,1,,[Cr+2](=C(N([H])C([H])([H])C([H])([H])O[H])C(=C(C([H])([H])[H])[H])[H])(<-[C-]#[O+])(<-[C-]#[O+])(<-[C-]#[O+])(<-[C-]#[O+])<-[C-]#[O+]
QEPHOI,1,ok,0.331434,85,1,,[Ru+4]1234(<-P(C(C([H])([H])[H])(C([H])([H])[H])[H])(C(C([H])([H])[H])(C([H])([H])[H])[H])C(C([H])([H])[H])(C([H])([H])[H])[H])(<-C5([H])=C->1([H])C->2([H])=C->3([H])C45[H])(<-[C-]#[O+])=C(N(C(C([H])([H])[H])([H])[H])C(C([H])([H])[H])([H])[H])C(=C(c1c([H])c([H])c([H])c([H])c1[H])c1c([H])c([H])c([H])c([H])c1[H])[H]
QERLEE,0,ok,0.100139,61,1,,[W+2](=C(N1C([H])([H])C([H])([H])OC([H])([H])C1([H])[H])C(=C(C([H])([H])[H])OC([H])([H])C([H])([H])[H])C(c1c([H])c([H])c([H])c([H])c1[H])=C([H])C(=O)OC([H])([H])[H])(<-[C-]#[O+])(<-[C-]#[O+])(<-[C-]#[O+])(<-[C-]#[O+])<-[C-]#[O+]
QESGUQ,0,ok,0.041119,39,1,,[V+3]12(=O)(<-O=C(N=N->1C(C([H])([H])[H])=C([H])C(=O->2)C([H])([H])[H])c1c(O[H])c([H])c([H])c([H])c1[H])OC([H])([H])C([H])([H])[H]
QESYUI,0,ok,0.083874,61,1,,[W+2](<-P(c1c([H])c([H])c([H])c([H])c1[H])(c1c([H])c([H])c([H])c([H])c1[H])c1c([H])c([H])c([H])c([H])c1[H])(=C(N([H])[H])c1c([H])c([H])c(C([H])([H])[H])c([H])c1[H])(<-[C-]#[O+])(<-[C-]#[O+])(<-[C-]#[O+])<-[C-]#[O+]
QESZET,0,ok,0.054740,40,1,,[C-](#[O+])->[Cr+2](<-[C-]#[O+])(<-[C-]#[O+])(<-[C-]#[O+])(<-[C-]#[O+])=C(C([H])([H])[H])N(C([H])([H])c1c([H])c([H])c([H])c([H])c1[H])N(C([H])([H])[H])C([H])([H])[H]
QETJUU,0,ok,0.145864,39,1,,[Mn+7]123(#N)<-N(=C([H])c4c(c([H])c([H])c([H])c4[H])O1)C([H])([H])C([H])([H])C([H])([H])N2[C-]([H])c1c(c([H])c([H])c([H])c1[H])O3
QICLEU,0,ok,0.056048,49,1,,[Pt+2]1(Cl)(Cl)<-N(=C(C(=N->1c1c(C([H])([H])[H])c([H])c([H])c([H])c1C([H])([H])[H])C(F)(F)F)C(F)(F)F)c1c(C([H])([H])[H])c([H])c([H])c([H])c1C([H])([H])[H]
QICVAA,0,ok,0.085369,81,1,,[Cu+]([Se][H])(<-P(C([H])([H])C([H])([H])[H])(C([H])([H])C([H])([H])[H])c1c([H])c([H])c([H])c([H])c1[H])(<-P(C([H])([H])C([H])([H])[H])(C([H])([H])C([H])([H])[H])c1c([H])c([H])c([H])c([H])c1[H])<-P(C([H])([H])C([H])([H])[H])(C([H])([H])C([H])([H])[H])c1c([H])c([H])c([H])c([H])c1[H]
QIHLEA,0,ok,0.072540,53,1,,[Pd+4](Cl)(Cl)(<-P(c1c([H])c([H])c([H])c([H])c1[H])(c1c([H])c([H])c([H])c([H])c1[H])c1c([H])c([H])c([H])c([H])c1[H])=c1n(C([H])([H])C([H])([H])[H])nc(Cl)c([H])c1[H]
QIKQOT,0,ok,0.077587,62,1,,c12c3c([H])c([H])c([H])c([H])c3c3n1[Pt+4](O[H])(N1C(=N2)C([H])=C(C(C([H])([H])[H])(C([H])([H])[H])C([H])([H])[H])C([H])=C1[H])N1C(=N3)C([H])=C(C(C([H])([H])[H])(C([H])([H])[H])C([H])([H])[H])C([H])=C1[H]
QOFSUB,0,ok,0.088629,64,1,,[Os+2]123(<-n4c([H])c([H])c([H])c([H])c4-c4n->1c([H])c([H])c([H])c4[H])(<-n1c([H])c([H])c([H])c([H])c1-c1n->2c([H])c([H])c([H])c1[H])OC(=O)c1n3c([H])nc1-c1nc2c(n1[H])c([H])c([H])c([H])c2[H]
QOKPOX,0,ok,0.094756,80,1,,Br[Ni+4](Br)(<-P(c1c([H])c([H])c([H])c([H])c1[H])(c1c([H])c([H])c([H])c([H])c1[H])c1c([H])c([H])c([H])c([H])c1[H])=C1N(c2c([H])c([H])c([H])c([H])c2C([H])([H])[H])C([H])([H])C([H])([H])C([H])([H])C([H])([H])N1c1c([H])c([H])c([H])c([H])c1C([H])([H])[H]
QOXZEK,1,ok,0.151325,65,1,,[Co+3]123<-N4=C5C(=C([H])C([H])=C([H])C([H])=C5[H])N1C([H])([H])C([H])([H])C([H])([H])C([H])([H])C([H])([H])C([H])([H])N->2=C1C(=C([H])C([H])=C([H])C([H])=C1[H])N3C([H])([H])C([H])([H])C([H])([H])C([H])([H])C([H])([H])C4([H])[H]
QOYFIU,0,ok,0.063217,50,1,,[Pd+4]1(Cl)(Cl)<-P(c2c(OC=1N(C(C(OC([H])([H])[H])=O)([H])[H])[H])c([H])c([H])c([H])c2[H])(c1c([H])c([H])c([H])c([H])c1[H])c1c([H])c([H])c([H])c([H])c1[H]
QUBPIM,0,ok,0.052088,46,1,,[Ni]123<-O=C(C(=C(N->1=NC(SC([H])([H])[H])=N->2C(=NN->3=C(SC([H])([H])[H])N([H])[H])C([H])([H])[H])C([H])([H])[H])[H])c1c([H])c([H])c([H])c([H])c1[H]
QUDDUP,0,ok,0.051053,35,1,,[Pd+2]1(OC(=O)C(F)(F)F)(OC(=O)C(F)(F)F)<-n2c([H])c([H])c([H])c([H])c2-c2n->1c([H])c([H])c([H])c2[H]
QUNYAA,0,ok,0.151967,53,1,,[Fe+2]12(<-n3c4c(c([H])c([H])c3[H])c3nsnc3c3c([H])c([H])c([H])n->1c43)(<-n1c3c(c([H])c([H])c1[H])c1nsnc1c1c([H])c([H])c([H])n->2c31)(<-N#C[S-])<-N#C[S-]
QURSAZ,1,ok,0.032888,31,1,,[Pt+4]1(<-N#CC([H])([H])[H])(<-n2c([H])c([H])c([H])c([H])c2-n2c=1c([H])c([H])c([H])c2[H])C([H])([H])[H]
QURSED,1,ok,0.074443,59,1,,[Pt+4]1(<-P(c2c([H])c([H])c([H])c([H])c2[H])(c2c([H])c([H])c([H])c([H])c2[H])c2c([H])c([H])c([H])c([H])c2[H])(<-n2c(-n3c=1c([H])c([H])c([H])c3[H])c([H])c([H])c([H])c2[H])C([H])([H])[H]
QUSBUB,1,ok,0.073273,73,1,,[Ru+4]123456([Si](C([H])([H])[H])(C([H])([H])[H])C([H])([H])[H])(<-N(C(C([H])([H])[H])(C([H])([H])[H])[H])=C(N(C(C([H])([H])[H])(C([H])([H])[H])[H])C=1[H])C([H])([H])[H])<-c1(C([H])([H])[H])c->2(C([H])([H])[H])c->3(C([H])([H])[H])c->4(C([H])([H])[H])c->5(C([H])([H])[H])c->61C([H])([H])[H]
QUWPEE,0,ok,0.038422,29,1,,N([H])(C(=[Cr+2](<-[C-]#[O+])(<-[C-]#[O+])(<-[C-]#[O+])(<-[C-]#[O+])<-[C-]#[O+])c1c([H])c([H])c([H])c([H])c1[H])C([H])([H])[H]
RADCUW,0,ok,0.093133,55,1,,[Fe+2]1234(<-n5c([H])c([H])c([H])c([H])c5C([H])=N->1N=C(c1c([H])c([H])c([H])c([H])c1[H])O2)<-n1c([H])c([H])c([H])c([H])c1C([H])=N->3N=C(c1c([H])c([H])c([H])c([H])c1[H])O4
RADDAD,0,ok,0.124104,61,1,,[Fe+2]1234(<-n5c([H])c([H])c([H])c([H])c5C(C([H])([H])[H])=N->1N=C(c1c([H])c([H])c([H])c([H])c1[H])O2)<-n1c([H])c([H])c([H])c([H])c1C(C([H])([H])[H])=N->3N=C(c1c([H])c([H])c([H])c([H])c1[H])O4
RAFGEK,0,ok,0.147533,83,1,,[Ni+4]123456([B-]7(C([H])([H])[H])c->18c->2(c([H])c([H])c([H])c8[H])[B-2]->3(C([H])([H])[H])c->41c->57c([H])c([H])c([H])c1[H])<-P(C(C(P->6(c1c([H])c([H])c([H])c([H])c1[H])c1c([H])c([H])c([H])c([H])c1[H])([H])[H])([H])[H])(c1c([H])c([H])c([H])c([H])c1[H])c1c([H])c([H])c([H])c([H])c1[H]
RAGBAC,0,ok,0.034630,31,1,,[Au+]12(<-S=C(C#N)C(=S->1)C#N)c1c([H])c([H])c([H])c([H])c1C([H])([H])N->2(C([H])([H])[H])C([H])([H])[H]
RAGHEM,0,ok,0.052681,27,1,,[Pd+4]1(Cl)(C([H])([H])[H])N2C([H])=C([H])C([H])=C3C2=C2N1C([H])=C([H])C([H])=C2C3([H])[H]
RAMDEQ,0,ok,0.068174,62,1,,[Pd+4]12(Cl)N3C(=C(C([H])([H])[H])N1c1c(C([H])(C([H])([H])[H])C([H])([H])[H])c([H])c([H])c([H])c1C(C([H])([H])[H])([H])C([H])([H])[H])C([H])=C([H])C([H])=C3C(=O)N2C([H])([H])C([H])([H])C([H])([H])C([H])([H])[H]
RAMDIU,0,ok,0.051436,50,1,,[Pd+4]12(Cl)N(c3c(C([H])([H])[H])c([H])c(Br)c([H])c3C([H])([H])[H])C(C([H])([H])[H])=C3N1C(=C([H])C([H])=C3[H])C(=O)N2C([H])([H])C([H])([H])C([H])([H])C([H])([H])[H]
RAPTEK,0,ok,0.127936,73,1,,[Fe+2]1234([Si](c5c([H])c([H])c([H])c([H])c5[H])([H])[H])(<-C5N(C(C([H])([H])[H])(C([H])([H])[H])[H])C(C([H])([H])[H])=C(C([H])([H])[H])N5C(C([H])([H])[H])(C([H])([H])[H])[H])<-C5(C([H])([H])[H])=C->1(C([H])([H])[H])C->2(C([H])([H])[H])=C->3(C([H])([H])[H])C45C([H])([H])[H]
RASBIW,0,ok,0.094813,43,1,,[Mo+4]123(=O)(<-O=NC(=N->1[H])c1sc([H])c([H])c1[H])(<-N(O2)=C(N([H])[H])c1sc([H])c([H])c1[H])OC(=C(C(=O->3)C([H])([H])[H])[H])C([H])([H])[H]
REGGER,1,ok,0.149472,70,1,,[Ru+2]123456(Cl)(<-N(N=c7n([H])c8c([H])c([H])c([H])c([H])c8c8n([H])c9c(c78)c([H])c(Br)c([H])c9[H])=C(C([H])([H])[H])c7n->1c([H])c([H])c([H])c7[H])<-c1(C([H])([H])[H])c->2([H])c->3([H])c->4(C([H])(C([H])([H])[H])C([H])([H])[H])c->5([H])c->61[H]
REHPID,0,ok,0.511862,54,1,,[Ir+]12345(<-O=C(N=N->1C(=O)c1c([H])c([H])c([H])c([H])c1[H])c1c([H])c([H])c([H])c([H])c1[H])<-C1(C([H])([H])[H])=C->2(C([H])([H])[H])C3(C([H])([H])[H])C->4(C([H])([H])[H])=C->51C([H])([H])[H]
RENKUS,0,ok,0.092900,73,1,,C12=C([H])C(=[N+](C([H])([H])C([H])([H])[H])C([H])([H])C([H])([H])[H])C([H])=C([H])C13C1(c4c([H])c([H])c(N(C([H])([H])C([H])([H])[H])C([H])([H])C([H])([H])[H])c([H])c4O2)c2c([H])c([H])c([H])c([H])c2C(=O)N1C([H])([H])C([Au+3](Cl)(Cl)Cl)=C3[H]
REYNEP,1,ok,0.096645,78,1,,[Pd+2]123(<-N(c4c(C([H])(C([H])([H])[H])C([H])([H])[H])c([H])c([H])c([H])c4[H])=C(C(=N->1c1c(C([H])(C([H])([H])[H])C([H])([H])[H])c([H])c([H])c([H])c1[H])C([H])([H])[H])C([H])([H])[H])<-C1([H])=C->2([H])C([H])([H])C([H])([H])C(OC([H])([H])[H])([H])C3([H])C([H])([H])C1([H])[H]
RIBHEQ,0,ok,0.044318,47,1,,[Pd+4]1(Cl)(Cl)=C(N([H])C2([H])C([H])([H])C([H])([H])C([H])([H])C([H])([H])C2([H])[H])N([H])N([H])C1=[N+]([H])C1([H])C([H])([H])C([H])([H])C([H])([H])C([H])([H])C1([H])[H]
RIBXAE,0,ok,0.123458,83,1,,C1(C([H])([H])[H])C(C([H])([H])[H])=N(c2c([H])c([H])c([H])c([H])c2P(c2c([H])c([H])c([H])c([H])c2[H])(c2c([H])c([H])c([H])c([H])c2[H])=O)->[Pd+2](<-N=1c1c([H])c([H])c([H])c([H])c1P(c1c([H])c([H])c([H])c([H])c1[H])(c1c([H])c([H])c([H])c([H])c1[H])=O)(Cl)Cl
RIKGIE,0,ok,0.062561,57,1,,[Zn+2]12(OC(=C(c3n->1c([H])c([H])c([H])c3[H])[H])c1c([H])c([H])c([H])c([H])c1C([H])([H])[H])<-O=C(C(=C1N2C([H])=C([H])C([H])=C1[H])[H])c1c([H])c([H])c([H])c([H])c1C([H])([H])[H]
RIRJUX,0,ok,0.068882,46,1,,C1([H])([H])C([H])([H])c2c(C(N([H])[H])=[Cr+2](<-[C-]#[O+])(<-[C-]#[O+])(<-[C-]#[O+])(<-[C-]#[O+])<-[C-]#[O+])c([H])c([H])c(c2[H])C([H])([H])C([H])([H])c2c([H])c([H])c([H])c1c2[H]
RIRKAE,0,ok,0.090646,53,1,,[Cr+2](<-[C-]#[O+])(<-[C-]#[O+])(<-[C-]#[O+])(<-[C-]#[O+])(<-[C-]#[O+])=C(c1c2c([H])c(c([H])c1[H])C([H])([H])C([H])([H])c1c([H])c([H])c([H])c(c1[H])C([H])([H])C2([H])[H])N([H])C([H])([H])C([H])=C([H])[H]
RIRXOF,0,ok,0.159302,52,1,,[Mn+3]12(#N)(<-N(=C(C3=C([H])C([H])=C([H])C(=[O+]C([H])([H])[H])C3=O->1)[H])C(C([H])([H])[H])([H])[H])<-N(=C(c1c([H])c([H])c([H])c(OC([H])([H])[H])c1O2)[H])C(C([H])([H])[H])([H])[H]
RIZNUL,1,ok,0.115263,53,1,,[Os+4]1234(<-n5n([B-](n6n->1c([H])c([H])c6[H])(n1n->2c([H])c([H])c1[H])[H])c([H])c([H])c5[H])(=c1n([H])c(C([H])([H])[H])c([H])c([H])c1[H])(<-C([H])([H])=C->3([H])[H])<-C([H])([H])=C->4([H])[H]
ROBLOL,1,ok,0.050883,43,1,,[Cu+](<-C1#CC([H])([H])C([H])([H])C([H])([H])C([H])([H])C([H])([H])C1([H])[H])(C1=[C+]C([H])([H])C([H])([H])C([H])([H])C([H])([H])C([H])([H])C1([H])[H])<-[C-]#[O+]
ROBLUR,1,ok,0.058725,56,1,,[Cu+](C1=[C+]C([H])([H])C([H])([H])C([H])([H])C([H])([H])C([H])([H])C1([H])[H])(<-C1#CC([H])([H])C([H])([H])C([H])([H])C([H])([H])C([H])([H])C1([H])[H])<-[C-]#[N+]C(C([H])([H])[H])(C([H])([H])[H])C([H])([H])[H]
RORQAT,0,ok,0.092778,82,1,,[Au+3]1([B-](C(=C(P->1(c1c(C([H])([H])[H])c([H])c(C([H])([H])[H])c([H])c1C([H])([H])[H])c1c(C([H])([H])[H])c([H])c(C([H])([H])[H])c([H])c1C([H])([H])[H])[Si](C([H])([H])[H])(C([H])([H])[H])C([H])([H])[H])[H])(c1c(F)c(F)c(F)c(F)c1F)c1c(F)c(F)c(F)c(F)c1F)Cl
RUJRAR,0,ok,0.067173,58,1,,[Cr](<-[C-]#[O+])(<-[C-]#[O+])(<-[C-]#[O+])(<-[C-]#[O+])(<-[C-]#[O+])<-C1N([H])C(O[H])(C2([H])OC(C([H])([H])[H])(C([H])([H])[H])OC2([H])C(O[H])([H])C2([H])OC(C([H])([H])[H])(C([H])([H])[H])OC2([H])[H])C([H])([H])C1([H])[H]
RUQVAA,0,ok,0.144545,76,1,,[W+2](<-[C-]#[O+])(<-[C-]#[O+])(<-[C-]#[O+])(<-[C-]#[O+])(<-[C-]#[O+])=C(C1=C(c2c([H])c([H])c([H])c([H])c2[H])P(c2c([H])c([H])c([H])c([H])c2[H])C(c2c([H])c([H])c([H])c([H])c2[H])([H])C1(c1c([H])c([H])c([H])c([H])c1[H])[H])N1C([H])([H])C([H])([H])C([H])([H])C1([H])[H]
SABGAE,1,ok,0.057275,50,1,,[Re+]1(<-n2c([H])c([H])c([H])c([H])c2-c2n->1c([H])c([H])c([H])c2[H])(<-n1c([H])c([H])c(C(=O)c2c([H])c([H])c([H])c([H])c2[H])c([H])c1[H])(<-[C-]#[O+])(<-[C-]#[O+])<-[C-]#[O+]
SAKSUS,0,ok,0.036396,31,1,,[Cr+2](=C1N=C(Cl)N(C([H])([H])[H])C([H])([H])C([H])([H])N1C([H])([H])[H])(<-[C-]#[O+])(<-[C-]#[O+])(<-[C-]#[O+])(<-[C-]#[O+])<-[C-]#[O+]
SATVUG,0,ok,0.101286,84,1,,[Ir+5]12(<-n3n([B-](n4n->1c(C([H])([H])[H])c([H])c4C([H])([H])[H])(n1n->2c(C([H])([H])[H])c([H])c1C([H])([H])[H])[H])c(C([H])([H])[H])c([H])c3C([H])([H])[H])(=c1n([H])c2c(c([H])c1[H])c([H])c([H])c([H])c2[H])(c1c([H])c([H])c([H])c([H])c1[H])c1c([H])c([H])c([H])c([H])c1[H]
SAVREP,0,ok,0.108302,63,1,,[Pd+2]1(Cl)(Cl)<-N(=C2C(=N->1c1c(C([H])([H])[H])c([H])c([H])c([H])c1C([H])([H])[H])C1([H])C(C([H])([H])[H])(C([H])([H])[H])C2(C([H])([H])[H])C([H])([H])C1([H])[H])c1c(C([H])([H])[H])c([H])c([H])c([H])c1C([H])([H])[H]
SEFCIP,0,ok,0.271399,49,1,,[Zr+4]123456789(<-P(C([H])([H])[H])(C([H])([H])[H])C([H])([H])[H])(<-C%10([H])=C->1([H])C->2([H])=C->3([H])C4%10[H])(C1([H])C->5([H])=C->6([H])C->7([H])=C->81[H])C1([H])C([H])=C([H])C([H])([H])C([H])=C([H])C91[H]
SEJVUA,0,ok,0.107609,67,1,,[Ni+2]1(<-O=C(c2c([H])c([H])c(OC([H])([H])[H])c([H])c2[H])C(=C(N1c1c(C([H])(C([H])([H])[H])C([H])([H])[H])c([H])c([H])c([H])c1C([H])(C([H])([H])[H])C([H])([H])[H])[H])[H])(<-n1c([H])c([H])c([H])c([H])c1[H])C([H])([H])[H]
SESZIC,-1,ok,0.055927,53,1,,C(C1C(C#N)=S->[Mo]2(C#N)(<-P(c3c([H])c([H])c([H])c([H])c3[H])(c3c([H])c([H])c([H])c([H])c3[H])c3c([H])c([H])c([H])c([H])c3[H])(<-S=1)<-S=C(C#N)C(C#N)=S->2)#N
SEWNUE,0,ok,0.074973,41,1,,[W+2](<-[C-]#[O+])(<-[C-]#[O+])(<-[C-]#[O+])(<-[C-]#[O+])(<-[C-]#[O+])=c1n2nc3c(c2oc(-c2c([H])c([H])c([H])c([H])c2[H])c1[H])C([H])([H])C([H])([H])C3([H])[H]
SEZRIB,0,ok,0.120304,26,1,,I[Co+3]123(<-C4(C([H])([H])[H])=C->1(C([H])([H])[H])C2(C([H])([H])[H])C34C([H])([H])[H])(<-[C-]#[O+])<-[C-]#[O+]
SIFCAN,0,ok,0.102161,75,1,,[Rh+](Cl)(C(=C1N(C2([H])C([H])([H])C([H])([H])C([H])([H])C([H])([H])C2([H])[H])c2c([H])c([H])c([H])c([H])c2N1C([H])([H])[H])c1n(C2([H])C([H])([H])C([H])([H])C([H])([H])C([H])([H])C2([H])[H])c2c([H])c([H])c([H])c([H])c2[n+]1C([H])([H])[H])(<-[C-]#[O+])<-[C-]#[O+]
SIFCER,0,ok,0.068627,61,1,,[Rh+](Cl)(C(=C1N(C([H])([H])[H])c2c([H])c([H])c([H])c([H])c2N1C([H])(C([H])([H])[H])C([H])([H])[H])c1n(C([H])([H])[H])c2c([H])c([H])c([H])c([H])c2[n+]1C([H])(C([H])([H])[H])C([H])([H])[H])(<-[C-]#[O+])<-[C-]#[O+]
SIGFEV,0,ok,0.179843,66,1,,[Fe+4]1234(S[Si](c5c([H])c([H])c([H])c([H])c5[H])(c5c([H])c([H])c([H])c([H])c5[H])c5c([H])c([H])c([H])c([H])c5[H])(=C(N(C([H])([H])[H])[H])c5c([H])c([H])c([H])c([H])c5[H])(<-[C-]#[O+])<-C5([H])=C->1([H])C->2([H])=C->3([H])C45[H]
SIMXIX,0,ok,0.050769,39,1,,[W+2](<-[C-]#[O+])(<-[C-]#[O+])(<-[C-]#[O+])(<-[C-]#[O+])(<-[C-]#[O+])=C(N([H])C1([H])C([H])([H])C([H])([H])C([H])([H])C([H])([H])C1([H])[H])c1c([H])c([H])c([H])o1
SIMXOD,0,ok,0.037345,29,1,,[W+2]1(<-[C-]#[O+])(<-[C-]#[O+])(<-[C-]#[O+])(<-[C-]#[O+])=C(N([H])C([H])([H])C(N->1([H])[H])([H])[H])c1oc([H])c([H])c1[H]
SIMXUJ,0,ok,0.040158,31,1,,N(C([H])([H])C(N([H])[H])([H])[H])([H])C(=[W+2](<-[C-]#[O+])(<-[C-]#[O+])(<-[C-]#[O+])(<-[C-]#[O+])<-[C-]#[O+])c1oc([H])c([H])c1[H]
SIRSAN,0,ok,0.059884,48,1,,[W+2](<-[C-]#[O+])(<-[C-]#[O+])(<-[C-]#[O+])(<-[C-]#[O+])(<-[C-]#[O+])=C(N(C([H])([H])[H])C(OC(=O)C([H])([H])[H])(c1c([H])c([H])c([H])c([H])c1[H])[H])c1c([H])c([H])c([H])c([H])c1[H]
SIZDOW,0,ok,0.061757,43,1,,[V+3]123(<-N(=C(c4c(O1)c(C([H])([H])[H])c([H])c([H])c4[H])[H])C([H])([H])C(N->2(C([H])([H])C(O[H])([H])[H])[H])([H])[H])(<-O=C(N=O->3)C([H])([H])[H])=O
SOBKAX,0,ok,0.066950,52,1,,[Ni]12(<-O=C(N=N->1C(=C(C(=O->2)c1sc([H])c([H])c1[H])[H])C(F)(F)F)c1c([H])c([H])c([H])c([H])c1[H])<-n1c([H])c([H])c(N(C([H])([H])[H])C([H])([H])[H])c([H])c1[H]
SOBKEB,0,ok,0.053225,49,1,,[Ni]12(<-O=C(N=N->1C(=C([H])C(=O->2)c1sc([H])c([H])c1[H])C(F)(F)F)c1sc([H])c([H])c1[H])<-n1c([H])c([H])c(N(C([H])([H])[H])C([H])([H])[H])c([H])c1[H]
SOKSES,0,ok,0.079267,75,1,,[Ni+2]([Si](C([H])([H])[H])(C([H])([H])[H])[H])([Si](C([H])([H])[H])(C([H])([H])[H])[H])(<-C1N(C([H])(C([H])([H])[H])C([H])([H])[H])C([H])=C([H])N1C([H])(C([H])([H])[H])C([H])([H])[H])<-C1N(C([H])(C([H])([H])[H])C([H])([H])[H])C([H])=C([H])N1C([H])(C([H])([H])[H])C([H])([H])[H]
SOMNEO,0,ok,0.229973,56,1,,[Ru+4]123(<-n4c(c([H])c([H])c([H])c4-c4n1c1c(n4)c([H])c([H])c([H])c1[H])-c1n2c2c(n1)c([H])c([H])c([H])c2[H])(<-N#CC([H])([H])[H])N([H])c1c(c([H])c([H])c([H])c1[H])N3[H]
SOTCOV,1,ok,0.064666,67,1,,[Au+](<-P(C(C([H])([H])[H])(C([H])([H])[H])C([H])([H])[H])(C(C([H])([H])[H])(C([H])([H])[H])C([H])([H])[H])c1c(-c2c([H])c([H])c([H])c([H])c2[H])c([H])c([H])c([H])c1[H])C([H])([H])c1n(C([H])([H])[H])c([H])c([H])[n+]1C([H])([H])[H]
SOWQIH,0,ok,0.056974,43,1,,C([H])([H])([H])c1c([H])c([H])c([H])c2-c3c([H])c(C(C([H])([H])[H])(C([H])([H])[H])C([H])([H])[H])n(C([H])([H])C([H])=C([H])[H])n3->[Fe+2](<-n12)(Cl)Cl
SOWXEH,0,ok,0.173100,67,1,,[Pt+2]12(SC(=S->1)c1c(=O)n([H])c(=O)n([H])c1[O-])<-P(C([H])([H])C(P->2(c1c([H])c([H])c([H])c([H])c1[H])c1c([H])c([H])c([H])c([H])c1[H])([H])[H])(c1c([H])c([H])c([H])c([H])c1[H])c1c([H])c([H])c([H])c([H])c1[H]
SOXCUF,0,ok,0.085388,69,1,,[Mn+]1(<-n2c([H])c([H])c(C([H])([H])[H])c([H])c2-c2n->1c([H])c([H])c(C([H])([H])[H])c2[H])(n1nc(C(=O)N([H])C(C(=O)OC([H])([H])[H])([H])C(c2c([H])c([H])c([H])c([H])c2[H])([H])[H])c(C(F)(F)F)n1)(<-[C-]#[O+])(<-[C-]#[O+])<-[C-]#[O+]
SUGMUE,0,ok,0.047824,39,1,,[Mo+2](=C(N([H])C1([H])C([H])([H])C([H])([H])C([H])([H])C([H])([H])C1([H])[H])c1c([H])c([H])c([H])o1)(<-[C-]#[O+])(<-[C-]#[O+])(<-[C-]#[O+])(<-[C-]#[O+])<-[C-]#[O+]
SUGNAL,0,ok,0.113043,71,1,,[Mo+2](<-P(c1c([H])c([H])c([H])c([H])c1[H])(c1c([H])c([H])c([H])c([H])c1[H])c1c([H])c([H])c([H])c([H])c1[H])(<-[C-]#[O+])(<-[C-]#[O+])(<-[C-]#[O+])(<-[C-]#[O+])=C(N([H])C1([H])C([H])([H])C([H])([H])C([H])([H])C([H])([H])C1([H])[H])c1oc([H])c([H])c1[H]
SUGNEP,0,ok,0.034346,23,1,,[Mo+2](<-[C-]#[O+])(<-[C-]#[O+])(<-[C-]#[O+])(<-[C-]#[O+])(<-[C-]#[O+])=C(N([H])[H])c1oc([H])c([H])c1[H]
SUGNIT,0,ok,0.127779,55,1,,[Mo+2](<-P(c1c([H])c([H])c([H])c([H])c1[H])(c1c([H])c([H])c([H])c([H])c1[H])c1c([H])c([H])c([H])c([H])c1[H])(=C(N([H])[H])c1oc([H])c([H])c1[H])(<-[C-]#[O+])(<-[C-]#[O+])(<-[C-]#[O+])<-[C-]#[O+]
SUGNOZ,0,ok,0.113994,71,1,,[Mo+2]1(<-P(C([H])([H])C(P->1(c1c([H])c([H])c([H])c([H])c1[H])c1c([H])c([H])c([H])c([H])c1[H])([H])[H])(c1c([H])c([H])c([H])c([H])c1[H])c1c([H])c([H])c([H])c([H])c1[H])(<-[C-]#[O+])(<-[C-]#[O+])(<-[C-]#[O+])=C(N([H])[H])c1oc([H])c([H])c1[H]
SURFEQ,0,ok,0.085404,50,1,,[Re+3]1(Cl)(<-[C-]#[O+])(<-[C-]#[O+])(<-[C-]#[O+])n2c([H])c([H])c([H])c3c(=NC(C(C(C(C(C(C([H])([H])[H])([H])[H])([H])[H])([H])[H])([H])[H])([H])[H])([H])[H])c4c([H])c([H])c([H])n1c-4c2-3
SUTXEK,0,ok,0.027209,20,1,,[Fe+2]123(<-c4(oc([H])c([H])c->14C2([H])[H])C3([H])[H])(<-[C-]#[O+])(<-[C-]#[O+])<-[C-]#[O+]
SUXBAO,0,ok,0.088895,63,1,,[Pd+2]1(Cl)(Cl)<-N2=C(C3=N->1C([H])(c1c([H])c([H])c([H])c([H])c1[H])C([H])(c1c([H])c([H])c([H])c([H])c1[H])N3[H])N([H])C([H])(c1c([H])c([H])c([H])c([H])c1[H])C2([H])c1c([H])c([H])c([H])c([H])c1[H]
SUZTEO,1,ok,0.477845,79,1,,[Ru+4]12345(<-P(c6c([H])c([H])c([H])c([H])c6[H])(c6c([H])c([H])c([H])c([H])c6[H])c6c([H])c([H])c([H])c([H])c6[H])(<-C6([H])=C->1([H])C->2([H])=C->3([H])C46[H])=C1N(C([H])=C([H])C([H])=C1[H])C([n+]1c([H])c([H])c([H])c([H])c1[H])=C5c1c([H])c([H])c([H])c([H])c1[H]
TALLEX,0,ok,0.066226,57,1,,[Mo+4]12345(<-C6(C(C([H])([H])[H])([H])[H])=C->1(C(C([H])([H])[H])([H])[H])[B-2]->2(C(C([H])([H])[H])([H])[H])C->3(C(C([H])([H])[H])([H])[H])=C->4(C(C([H])([H])[H])([H])[H])[B-]56C(C([H])([H])[H])([H])[H])(<-[C-]#[O+])(<-[C-]#[O+])(<-[C-]#[O+])<-[C-]#[O+]
TAMBIS,0,ok,0.040522,43,1,,[W+4]1(<-P(C([H])([H])[H])(C([H])([H])[H])C([H])([H])[H])(<-P(C([H])([H])[H])(C([H])([H])[H])C([H])([H])[H])(=S)(=S)<-O=C->1(c1c([H])c([H])c([H])c([H])c1[H])[H]
TANJOI,0,ok,0.090994,80,1,,[Rh+3]123(Cl)(=C([Si](C(C([H])([H])[H])(C([H])([H])[H])C([H])([H])[H])(c4c([H])c([H])c([H])c([H])c4[H])c4c([H])c([H])c([H])c([H])c4[H])N(C([H])(C([H])([H])[H])C([H])([H])[H])C([H])(C([H])([H])[H])C([H])([H])[H])<-C4([H])=C->1([H])C([H])([H])C([H])([H])C->2([H])=C->3([H])C([H])([H])C4([H])[H]
TANJUO,0,ok,0.068217,64,1,,[Rh+3](Cl)(=C([Si](C(C([H])([H])[H])(C([H])([H])[H])C([H])([H])[H])(c1c([H])c([H])c([H])c([H])c1[H])c1c([H])c([H])c([H])c([H])c1[H])N(C([H])(C([H])([H])[H])C([H])([H])[H])C([H])(C([H])([H])[H])C([H])([H])[H])(<-[C-]#[O+])<-[C-]#[O+]
TARDAR,0,ok,0.225840,71,1,,[Ru+6]12345678(<-C9(C([H])([H])C([H])([H])[H])=C->1(C([H])([H])C([H])([H])[H])[B-]2(C(C([H])([H])[H])(C([H])([H])[H])C([H])([H])[H])C3(C([H])([H])[H])[B-]49C([H])([H])C([H])([H])[H])(<-C1(C([H])([H])[H])=C->5(C([H])([H])[H])C->6(C([H])([H])[H])=C->7(C([H])([H])[H])C81C([H])([H])[H])<-[C-]#[O+]
TASYAN,0,ok,0.051218,55,1,,[Fe+2]12(=C(OC([H])([H])[H])N(C(C(C([H])([H])[H])(C([H])([H])[H])[H])([H])[H])C(C->1(=C->2(C([H])([H])[H])C(C(C([H])([H])[H])(C(=O)C(C([H])([H])[H])([H])[H])[H])([H])[H])[H])([H])[H])(<-[C-]#[O+])(<-[C-]#[O+])<-[C-]#[O+]
TAVVOB,0,ok,0.067025,51,1,,[Pt+2]1(I)(I)<-n2c(C([H])([H])[H])c([H])c(-c3c([H])c([H])c([H])c([H])c3[H])c3c2c2n->1c(C([H])([H])[H])c([H])c(-c1c([H])c([H])c([H])c([H])c1[H])c2c([H])c3[H]
TAZDUT,1,ok,0.162270,74,1,,[Ru+2]123(Cl)(<-n4c([H])c([H])c(C([H])([H])[H])c([H])c4-c4n->1c([H])c([H])c(C([H])([H])[H])c4[H])<-n1c([H])c([H])c([H])c([H])c1-c1n->2c(-c2n->3c([H])c([H])c([H])c2[H])c(-c2nc([H])c([H])c([H])c2[H])nc1-c1nc([H])c([H])c([H])c1[H]
TEBLAP,-1,ok,0.090422,54,1,,[Fe+2]123(<-O=C(C(=C(N1c1c([H])c([H])c([H])c([H])c1N2C([H])=C(C(=O->3)C([H])([H])[H])C(=O)OC([H])([H])C([H])([H])[H])[H])C(=O)OC([H])([H])C([H])([H])[H])C([H])([H])[H])<-N#C[S-]
TEBRUP,0,ok,0.079807,54,1,,[Fe+2]123(<-O=C(C(=C(N1c1c([H])c([H])c([H])c([H])c1N2C([H])=C(C(=O->3)C([H])([H])[H])C(=O)OC([H])([H])[H])[H])C(=O)OC([H])([H])[H])C([H])([H])[H])<-n1c([H])c([H])n([H])c1[H]
TECNAT,0,ok,0.070149,69,1,,C1(C(C#N)=S->[W]23(<-P(c4c([H])c([H])c([H])c([H])c4[H])(c4c([H])c([H])c([H])c([H])c4[H])C([H])([H])C([H])([H])P->2(c2c([H])c([H])c([H])c([H])c2[H])c2c([H])c([H])c([H])c([H])c2[H])(<-S=1)<-S=C(C(C#N)=S->3)C#N)C#N
TEHFET,0,ok,0.155810,82,1,,[Re+5]123(=O)(<-S=C(N=C(N1c1c([H])c(C(O[H])=O)c([H])c([H])c1N2C(=NC(=S->3)N1C([H])([H])C([H])([H])OC([H])([H])C1([H])[H])c1c([H])c([H])c([H])c([H])c1[H])c1c([H])c([H])c([H])c([H])c1[H])N1C([H])([H])C([H])([H])OC([H])([H])C1([H])[H])OC(=O)C(F)(F)F
TEJZEP,1,ok,0.250071,68,1,,[Ru+2]123(Oc4c([H])c([H])c([H])c([H])c4C4=N->1C([H])(C(SC([H])([H])[H])([H])[H])C([H])([H])O4)(<-n1c([H])c([H])c([H])c([H])c1-c1n->2c([H])c([H])c([H])c1[H])<-n1c([H])c([H])c([H])c([H])c1-c1n->3c([H])c([H])c([H])c1[H]
TELJID,0,ok,0.185266,50,1,,[Mn+3]123(Cl)<-O=C(C(=C(N1C([H])([H])C([H])([H])N2C(C([H])([H])[H])=C(C(=O->3)c1c([H])c([H])c([H])c([H])c1[H])[H])C([H])([H])[H])[H])c1c([H])c([H])c([H])c([H])c1[H]
TEPHEE,1,ok,0.152359,80,1,,[Ru+2]123456(N(P(=N->1c1c([H])c([H])c(C([H])([H])[H])c([H])c1[H])(c1c([H])c([H])c([H])c([H])c1[H])c1c([H])c([H])c([H])c([H])c1[H])c1c([H])c([H])c(C([H])([H])[H])c([H])c1[H])(<-c1([H])c->2([H])c->3(C([H])([H])[H])c->4([H])c->5([H])c->61C([H])(C([H])([H])[H])C([H])([H])[H])<-[C-]#[O+]
TEPJAC,1,ok,0.163345,78,1,,[Ru+2]123456(<-N(=P(N1c1c([H])c([H])c(C([H])([H])[H])c([H])c1[H])(c1c([H])c([H])c([H])c([H])c1[H])c1c([H])c([H])c([H])c([H])c1[H])c1c([H])c([H])c(C([H])([H])[H])c([H])c1[H])<-c1([H])c->2([H])c->3(C([H])([H])[H])c->4([H])c->5([H])c->61C([H])(C([H])([H])[H])C([H])([H])[H]
TEXMAK,0,ok,0.102413,74,1,,[Cr+2](=C(N1C([H])([H])C([H])([H])OC([H])([H])C1([H])[H])c1c(OC([H])([H])[H])c([H])c2c(c1[H])C([H])([H])C([H])([H])C1([H])C(C([H])([H])[H])(C(OC([H])([H])[H])([H])[H])C([H])([H])C([H])([H])C([H])([H])C12C([H])([H])[H])(<-[C-]#[O+])(<-[C-]#[O+])(<-[C-]#[O+])(<-[C-]#[O+])<-[C-]#[O+]
TEYCAB,0,ok,0.063068,54,1,,[Cr+2](=C(N([H])[H])c1c(OC([H])([H])[H])c([H])c2c(c1[H])C([H])([H])C([H])([H])C1([H])C(=C([H])[H])C([H])([H])C([H])([H])C([H])([H])C12C([H])([H])[H])(<-[C-]#[O+])(<-[C-]#[O+])(<-[C-]#[O+])(<-[C-]#[O+])<-[C-]#[O+]
TIFRUX,0,ok,0.038170,33,1,,[Ni]12(<-N(C(=C(C(C(F)(F)F)=O->1)[H])C(F)(F)F)=NC(c1c([H])c([H])c([H])c([H])c1[H])=O->2)<-N([H])([H])[H]
TIHFAT,0,ok,0.078072,58,1,,[Pd+2]1(<-N(=C(c2n->1c1c(c([H])c2[H])C([H])([H])C([H])([H])C([H])([H])C([H])([H])C1([H])[H])C([H])([H])[H])c1c(C([H])([H])C([H])([H])[H])c([H])c(C([H])([H])[H])c([H])c1C([H])([H])C([H])([H])[H])(Cl)Cl
TILBUO,0,ok,0.069017,69,1,,[Co+]12(<-P(c3c([Si]1([H])c1c([H])c([H])c([H])c([H])c1P->2(C([H])(C([H])([H])[H])C([H])([H])[H])C([H])(C([H])([H])[H])C([H])([H])[H])c([H])c([H])c([H])c3[H])(C([H])(C([H])([H])[H])C([H])([H])[H])C([H])(C([H])([H])[H])C([H])([H])[H])(<-[C-]#[O+])<-[C-]#[O+]
TITGAG,1,ok,0.097016,36,1,,[Pt+2]1(<-n2c(-c3n->1c([H])c([H])c([H])c3[H])c([H])c([H])c([H])c2[H])(<-n1c([H])c([H])c([H])c([H])c1[H])C([H])([H])[H]
TIWLET,0,ok,0.197446,61,1,,c12c3c4c([H])c([H])c([H])n3[Re+](<-[C-]#[O+])(<-[C-]#[O+])(<-[C-]#[O+])(<-n1c1c(c2c2c4C(=O)N(C([H])([H])c3c([H])c([H])c([H])c([H])c3[H])C2=O)c([H])c([H])c([H])c1[H])<-n1c([H])c([H])c([H])c([H])c1[H]
TIWRIB,0,ok,0.079741,31,1,,[Pd+2]1(Br)(Br)<-n2c([H])c([H])c([H])c([H])c2C(=N->1N(C(=O)c1c([H])c([H])c([H])c([H])c1[H])[H])[H]
TIZJUJ,0,ok,0.053195,67,1,,Cl[Fe+4](Cl)(C1=[N+](C(C([H])([H])[H])(C([H])([H])[H])[H])C([H])([H])C([H])([H])C([H])([H])N1C(C([H])([H])[H])(C([H])([H])[H])[H])=C1N(C(C([H])([H])[H])(C([H])([H])[H])[H])C([H])([H])C([H])([H])C([H])([H])N1C(C([H])([H])[H])(C([H])([H])[H])[H]
TIZKIY,0,ok,0.074844,73,1,,[N+]1(C(C([H])([H])[H])(C([H])([H])[H])[H])=C([Fe+4](Cl)(Cl)=C2N(C(C([H])([H])[H])(C([H])([H])[H])[H])C([H])([H])C([H])([H])C([H])([H])C([H])([H])N2C(C([H])([H])[H])(C([H])([H])[H])[H])N(C(C([H])([H])[H])(C([H])([H])[H])[H])C([H])([H])C([H])([H])C([H])([H])C1([H])[H]
TOBNEG,0,ok,0.141307,72,1,,[Ru+2]123456(Cl)(<-O=C(N=C(N1c1c([H])c([H])c(C([H])([H])[H])c([H])c1[H])N([H])C([H])([H])c1c([H])c([H])c([H])c([H])c1[H])c1c([H])c([H])c([H])c([H])c1[H])<-c1(C([H])(C([H])([H])[H])C([H])([H])[H])c->2([H])c->3([H])c->4(C([H])([H])[H])c->5([H])c->61[H]
TOJYAV,0,ok,0.033370,31,1,,[Re+]1(<-N([H])(C([H])([H])[H])C([H])([H])[H])(n2c([H])c([H])c([H])c2C(=O->1)C([H])([H])[H])(<-[C-]#[O+])(<-[C-]#[O+])<-[C-]#[O+]
TONPIW,0,ok,0.070887,62,1,,c1([Rh+3](Cl)(<-[C-]#[O+])<-[C-]#[O+])n(-c2c(C([H])([H])[H])c([H])c(C([H])([H])[H])c([H])c2C([H])([H])[H])c([H])c([H])c1[S-](c1c([H])c([H])c(C([H])([H])[H])c([H])c1[H])c1c([H])c([H])c(C([H])([H])[H])c([H])c1[H]
TUGTIY,0,ok,0.055283,50,1,,[Tc+3]1(<-S=C(C#N)C(=S->1)C#N)(<-P(c1c([H])c([H])c([H])c([H])c1[H])(C([H])([H])[H])C([H])([H])[H])(<-P(c1c([H])c([H])c([H])c([H])c1[H])(C([H])([H])[H])C([H])([H])[H])#N
TUHRAQ,1,ok,0.083119,66,1,,[Ir+]1(<-[C-]#[O+])(<-[C-]#[O+])<-N2=C([B-](C3=N->1C(C([H])([H])[H])(C([H])([H])[H])C([H])([H])O3)(C1=[O+]C([H])([H])C(C([H])([H])[H])(C([H])([H])[H])N1C([H])([H])[H])c1c([H])c([H])c([H])c([H])c1[H])OC([H])([H])C2(C([H])([H])[H])C([H])([H])[H]
TULRAV,0,ok,0.096741,57,1,,[Pd+2]123<-N(=C(c4c([H])c([H])c([H])c([H])c4[H])N=C(N(C([H])([H])C([H])([H])[H])C([H])([H])C([H])([H])[H])S1)c1c([H])c([H])c([H])c([H])c1C(C([H])([H])[H])=N->2N=C(N([H])C([H])([H])[H])S3
TUMDOU,0,ok,0.106993,53,1,,[W+4](=c1oc2c(n1C([H])([H])[H])c([H])c([H])c([H])c2[H])(=C(N1C([H])([H])C([H])([H])OC([H])([H])C1([H])[H])C1=C([H])C([H])([H])C([H])([H])C1([H])[H])(<-[C-]#[O+])(<-[C-]#[O+])(<-[C-]#[O+])<-[C-]#[O+]
TUTMIF,0,ok,0.115949,48,1,,[Rh+3]1234(<-C5([H])=C->1([H])C([H])([H])C([H])([H])C->2([H])=C->3([H])C([H])([H])C5([H])[H])n1c([H])c([H])c([H])c1C(=C1C([H])=C([H])[N-]C([H])=C1[H])c1n4c([H])c([H])c1[H]
TUXKUT,0,ok,0.120333,37,1,,c1([H])c([H])c([H])c2c3n1->[Re+3](<-[C-]#[O+])(<-[C-]#[O+])(<-[C-]#[O+])(N3C1=C(c3c4c1c([H])c([H])c([H])c4c([H])c([H])c3[H])[N-]2)Br
TUZSIS,0,ok,0.075599,47,1,,c1(N2=C([H])c3c([H])c([H])c([H])c([H])n3->[Ru+2]<-2345(<-C2([H])=C->3([H])C([H])([H])C([H])([H])C->4([H])=C->5([H])C([H])([H])C2([H])[H])(Cl)Cl)c([H])c([H])c(Cl)c([H])c1[H]
TUZSOY,0,ok,0.098969,51,1,,c1(N2=C([H])c3c([H])c([H])c([H])c([H])n3->[Ru+2]<-2345(<-C2([H])=C->3([H])C([H])([H])C([H])([H])C->4([H])=C->5([H])C([H])([H])C2([H])[H])(Cl)Cl)c([H])c([H])c(OC([H])([H])[H])c([H])c1[H]
TUZSUE,0,ok,0.062840,47,1,,c1(N2=C([H])c3c([H])c([H])c([H])c([H])n3->[Ru+2]<-2345(<-C2([H])=C->3([H])C([H])([H])C([H])([H])C->4([H])=C->5([H])C([H])([H])C2([H])[H])(Cl)Cl)c([H])c([H])c([H])c([H])c1[H]
UDOBOG,0,ok,0.051721,57,1,,[W+2](<-P(C([H])(C([H])([H])[H])C([H])([H])[H])(C([H])(C([H])([H])[H])C([H])([H])[H])C([H])(C([H])([H])[H])C([H])([H])[H])(<-[C-]#[O+])(<-[C-]#[O+])(<-[C-]#[O+])(<-[C-]#[O+])=C=C=C(N(C([H])([H])[H])C([H])([H])[H])OC([H])([H])[H]
UDOCAT,0,ok,0.060274,57,1,,[Cr+2](<-P(C([H])(C([H])([H])[H])C([H])([H])[H])(C([H])(C([H])([H])[H])C([H])([H])[H])C([H])(C([H])([H])[H])C([H])([H])[H])(<-[C-]#[O+])(<-[C-]#[O+])(<-[C-]#[O+])(<-[C-]#[O+])=C=C=C(N(C([H])([H])[H])C([H])([H])[H])OC([H])([H])[H]
UDODAU,0,ok,0.046461,43,1,,[W+2](<-P(C([H])([H])[H])(C([H])([H])[H])C([H])([H])[H])(<-[C-]#[O+])(<-[C-]#[O+])(<-[C-]#[O+])(<-[C-]#[O+])=C=C=C(N(C([H])([H])[H])C([H])([H])[H])N(C([H])([H])[H])C([H])([H])[H]
UGANOH,0,ok,0.106239,47,1,,[Pt+2](Cl)(Cl)(<-S(=O)(C([H])([H])[H])C([H])([H])[H])n1c2c([H])c([H])c(OC([H])([H])[H])c([H])c2c(N=[O+]C([H])([H])[H])c1-c1c([H])c([H])c([H])c([H])c1[H]
UGUMOZ,0,ok,0.098808,29,1,,[Pt+4]1234(<-C5(C([H])([H])[H])=C->1(C([H])([H])[H])C2(C([H])([H])[H])C35C([H])([H])[H])[Se]c1sc(=S)sc1[Se]4
UHONUA,1,ok,0.552307,67,1,,[Os+2]12345(<-P(c6c([H])c([H])c([H])c([H])c6[H])(c6c([H])c([H])c([H])c([H])c6[H])c6c([H])c([H])c([H])c([H])c6[H])(<-n6c([H])c([H])c([H])c7c([H])c([H])c8c([H])c([H])c([H])n->1c8c67)<-C1([H])=C->2([H])C->3([H])=C->4([H])C51[H]
UHUYOM,1,ok,0.054440,44,1,,[c-]1(->[Pt+4]2(C([H])([H])[H])(C([H])([H])[H])(C([H])([H])[H])<-n3c([H])c([H])c([H])c([H])c3-c3c([H])c([H])c([H])c([H])n->23)[o+]c([H])c([H])n1C([H])([H])[H]
UJEHAT,0,ok,0.104738,69,1,,[Ru+2]12345(<-N(=C(C(=C1c1c([H])c([H])c([H])c([H])c1[H])[H])[H])C([H])([H])C([H])([H])[H])(<-N(=C(C(=C2c1c([H])c([H])c([H])c([H])c1[H])[H])[H])C([H])([H])C([H])([H])[H])<-C1([H])=C->3([H])C([H])([H])C([H])([H])C->4([H])=C->5([H])C([H])([H])C1([H])[H]
UKOHUZ,1,ok,0.084839,65,1,,c1([H])c([H])c(C([H])([H])C([H])([H])C([H])([H])C(=O)O[H])c([H])c([H])n1->[Os+2]12(Cl)(<-n3c([H])c([H])c([H])c([H])c3-c3c([H])c([H])c([H])c([H])n->13)<-n1c([H])c([H])c([H])c([H])c1-c1c([H])c([H])c([H])c([H])n->21
UKUMEU,0,ok,0.672390,50,1,,c1([H])c([H])c([H])c([H])c2C(C([H])([H])[H])=N(C([H])([H])C([H])([H])C([H])([H])C([H])([H])[H])->[Ti+2]3456789%10(C%11([H])C->3([H])=C->4([H])C->5([H])=C->6%11[H])(<-C3([H])=C->7([H])C->8([H])=C->9([H])C3%10[H])<-n12
ULATUY,0,ok,0.061031,47,1,,[V+3]123(<-N(=NC(=O->1)c1c([H])c([H])c(Br)c([H])c1[H])C(C([H])([H])[H])=C([H])C(=O->2)C([H])([H])[H])(<-n1c2c(O3)c([H])c([H])c([H])c2c([H])c([H])c1[H])=O
UMAPOP,0,ok,0.039452,32,1,,S1->[Au+]2(Cl)<-O=C(c3c([H])c([H])c([H])c([H])c3[H])C(=C(N->2=NC=1N([H])C([H])([H])[H])C([H])([H])[H])[H]
UNAMIF,0,ok,0.091281,67,1,,[Cr+2](<-[C-]#[O+])(<-[C-]#[O+])(<-[C-]#[O+])(<-[C-]#[O+])(<-[C-]#[O+])=C(N(C([H])([H])C([H])([H])[H])C([H])([H])C([H])([H])[H])C(=C1OC([H])(C2([H])OC(C([H])([H])[H])(C([H])([H])[H])OC2([H])[H])C2([H])OC(C([H])([H])[H])(C([H])([H])[H])OC12[H])C([H])([H])[H]
UNANAY,0,ok,0.075548,56,1,,[C-](#[O+])->[Cr+2]1(<-[C-]#[O+])(<-[C-]#[O+])(<-[C-]#[O+])=C(C([H])(C([H])([H])[H])C2([H])C([H])([H])C(=O)C([H])([H])C([H])([H])C2([H])[H])N(C([H])([H])c2c([H])c([H])c([H])c([H])c2[H])N->1(C([H])([H])[H])C([H])([H])[H]
UNANEC,0,ok,0.108789,69,1,,[Cr+2]1(<-N(N(C=1C([H])(C([H])([H])[H])C([H])(C([H])([H])C(=O)c1c([H])c([H])c([H])c([H])c1[H])c1c([H])c([H])c([H])c([H])c1[H])C([H])([H])c1c([H])c([H])c([H])c([H])c1[H])(C([H])([H])[H])C([H])([H])[H])(<-[C-]#[O+])(<-[C-]#[O+])(<-[C-]#[O+])<-[C-]#[O+]
UNAVOW,1,ok,0.094263,77,1,,[Co+3]123(<-O=C(C(=C(N1C([H])(c1c([H])c([H])c([H])c([H])c1[H])C([H])(c1c([H])c([H])c([H])c([H])c1[H])N2C(=C([H])C(=O->3)C([H])([H])[H])C([H])([H])[H])C([H])([H])[H])[H])C([H])([H])[H])(<-n1c([H])c([H])c([H])c([H])c1[H])<-n1c([H])c([H])c([H])c([H])c1[H]
URUKUO,0,ok,0.090124,52,1,,[Co+3]123(n4nc(C([H])([H])[H])c([H])c4C([H])([H])[H])(<-n4n([H])c(C([H])([H])[H])c([H])c4C([H])([H])[H])(<-C4(C([H])([H])[H])=C->1(C([H])([H])[H])C2(C([H])([H])[H])C34C([H])([H])[H])<-[C-]#[O+]
USOWOP,0,ok,0.050430,27,1,,[Pt+2]1(Cl)(Cl)<-N2=C(c3nc([H])c([H])c([H])n->13)N(C([H])([H])[H])C(O[H])([H])C([H])=C2[H]
UXOJEY,0,ok,0.046932,42,1,,[H]Oc1c(C2N=N3C([H])=C([H])C(c4c([H])c([H])c(OC([H])([H])[H])c([H])c4[H])=O->[Ni]<-3(<-N([H])([H])[H])<-O=2)c([H])c([H])c([H])c1[H]
VAKXOU,0,ok,0.035957,31,1,,[Cr](<-p1(C(C([H])([H])[H])(C([H])([H])[H])C([H])([H])[H])n([H])sn[s+][n-]1)(<-[C-]#[O+])(<-[C-]#[O+])(<-[C-]#[O+])(<-[C-]#[O+])<-[C-]#[O+]
VAWBIH,0,ok,0.133580,54,1,,c1(C2N=N3C(C([H])([H])[H])=C([H])C(c4c([H])c([H])c([H])c([H])c4[H])=O->[Mo+4]<-3(<-n3c([H])c(C([H])([H])[H])c([H])c([H])c3[H])(<-O=2)(=O)=O)c(N([H])[H])c([H])c([H])c([H])c1[H]
VECQEB,0,ok,0.232808,30,1,,[Mn+3]1234(<-[C-]#[O+])(<-[C-]#[O+])(<-C5([H])=C->1([H])C2([H])C->3([H])=C->45[H])=C(N([H])[H])c1c([H])c([H])c([H])c([H])c1[H]
VEJVEN,0,ok,0.048479,36,1,,[Pd+4]1(Cl)(Cl)<-N([H])([H])c2c(C=1N([H])c1c(C([H])([H])[H])c([H])c([H])c([H])c1C([H])([H])[H])c([H])c([H])c([H])c2[H]
VEJVOV,0,ok,0.382826,46,1,,[Zr+4]123456789(<-P(C([H])([H])[H])(C([H])([H])[H])C([H])([H])[H])(<-C%10([H])=C->1([H])C2([H])C->3([H])=C->4%10[H])(<-C1([H])=C->5([H])C6([H])C->7([H])=C->81[H])C([H])([H])C9(C(C([H])([H])[H])([H])[H])[H]
VENZOF,0,ok,0.041890,29,1,,[Re+]1(<-[C-]#[O+])(<-O=C([H])c2n1c([H])c([H])c2[H])(<-n1c([H])c([H])c([H])c([H])c1[H])(<-[C-]#[O+])<-[C-]#[O+]
VEPMUZ,1,ok,0.170323,73,1,,[Pt+2]1(<-P(c2c(OC([H])([H])[H])c([H])c([H])c([H])c2[H])(c2c(OC([H])([H])[H])c([H])c([H])c([H])c2[H])c2c(OC([H])([H])[H])c([H])c([H])c([H])c2[H])(C([H])([H])[H])<-n2c([H])c([H])c([H])c3c([H])c([H])c4c([H])c([H])c([H])n->1c4c23
VEQFII,0,ok,0.046673,46,1,,[Ni]12(<-O=C(C(=C(N->1=NC(=O->2)c1c([H])c([H])c([H])c([H])c1[H])c1c([H])c([H])c(Cl)c([H])c1[H])[H])C(F)(F)C(F)(F)C(F)(F)F)<-N([H])([H])[H]
VESMUB,0,ok,0.068233,61,1,,[Re+3]1(<-P(C([H])([H])[H])(C([H])([H])[H])C([H])([H])[H])(<-P(C([H])([H])[H])(C([H])([H])[H])C([H])([H])[H])(<-[C-]#[O+])(<-[C-]#[O+])=C(c2c([H])c([H])c(C([H])([H])[H])c([H])c2[H])N(C(C([H])([H])[H])(C([H])([H])[H])C([H])([H])[H])O1
VEWZIH,0,ok,0.087967,36,1,,[Cr+2](<-[C-]#[O+])(<-[C-]#[O+])(<-[C-]#[O+])(<-[C-]#[O+])(<-[C-]#[O+])=C1N(C([H])([H])[H])C([H])([H])N([H])C(c2c([H])c([H])c([H])c([H])c2[H])=C1[H]
VEZFOV,0,ok,0.111915,49,1,,[Ni+2]12(<-n3c([H])c([H])c([H])c([H])c3-c3n->1c([H])c([H])c([H])c3[H])OC1(C([H])([H])[H])C([H])([H])C(C([H])([H])[H])(C([H])([H])[H])OC(C([H])([H])[H])(O2)C1([H])[H]
VIHHUS,1,ok,0.068179,75,1,,[Mn+]12(<-P(N(C3=C([H])C([H])=C([H])C(=[N+](P->1(C([H])(C([H])([H])[H])C([H])([H])[H])C([H])(C([H])([H])[H])C([H])([H])[H])C([H])([H])C([H])([H])[H])C23[H])C([H])([H])C([H])([H])[H])(C([H])(C([H])([H])[H])C([H])([H])[H])C([H])(C([H])([H])[H])C([H])([H])[H])(<-[C-]#[O+])(<-[C-]#[O+])<-[C-]#[O+]
VIKQAI,0,ok,0.079098,73,1,,[Pt]1(<-O=NN=O->1)(<-P(c1c([H])c([H])c([H])c([H])c1[H])(c1c([H])c([H])c([H])c([H])c1[H])c1c([H])c([H])c([H])c([H])c1[H])<-P(c1c([H])c([H])c([H])c([H])c1[H])(c1c([H])c([H])c([H])c([H])c1[H])c1c([H])c([H])c([H])c([H])c1[H]
VIPDOQ,0,ok,0.057040,52,1,,[Au+3]1(c2c(F)c(F)c(F)c(F)c2F)(c2c(F)c(F)c(F)c(F)c2F)SC([H])([H])C([H])([H])N([H])C1=[N+]([H])C1([H])C([H])([H])C([H])([H])C([H])([H])C([H])([H])C1([H])[H]
VIRHAG,0,ok,0.208544,73,1,,[Ru+2]1234([Si]([H])([H])C([Si](C([H])([H])[H])(C([H])([H])[H])C([H])([H])[H])([Si](C([H])([H])[H])(C([H])([H])[H])C([H])([H])[H])[Si](C([H])([H])[H])(C([H])([H])[H])C([H])([H])[H])(<-[C-]#[O+])(<-[C-]#[O+])C5(C([H])([H])[H])C->1(C([H])([H])[H])=C->2(C([H])([H])[H])C->3(C([H])([H])[H])=C->45C([H])([H])[H]
VIRHEK,0,ok,0.251874,82,1,,[Ru+2]1234([Si]([H])([H])C([Si](C([H])([H])[H])(C([H])([H])[H])C([H])([H])[H])([Si](C([H])([H])[H])(C([H])([H])[H])C([H])([H])[H])[Si](C([H])([H])[H])(C([H])([H])[H])C([H])([H])[H])(<-n5c([H])c([H])c([H])c([H])c5[H])(<-[C-]#[O+])<-C5(C([H])([H])[H])=C->1(C([H])([H])[H])C->2(C([H])([H])[H])=C->3(C([H])([H])[H])C45C([H])([H])[H]
VIZZAH,0,ok,0.106957,81,1,,[Ni+2]1(Br)(Br)<-N(c2c(C(C([H])([H])[H])([H])[H])c([H])c(-c3c([H])c([H])c([H])c([H])c3[H])c([H])c2C([H])([H])C([H])([H])[H])=C(C([H])([H])[H])C(=N->1c1c(C(C([H])([H])[H])([H])[H])c([H])c(-c2c([H])c([H])c([H])c([H])c2[H])c([H])c1C([H])([H])C([H])([H])[H])C([H])([H])[H]
VOYWIP,0,ok,0.058119,47,1,,[Ni]12(<-O=C(C(=C(N->1=NC(=O->2)c1c([H])c([H])c([H])c([H])c1[H])c1c([H])c([H])c(F)c([H])c1[H])[H])c1c([H])c([H])c(F)c([H])c1[H])<-N([H])([H])[H]
VUBYEX,0,ok,0.080172,75,1,,[Ag+3](Br)=C1N(c2c(C([H])(C([H])([H])[H])C([H])([H])[H])c([H])c([H])c([H])c2C([H])(C([H])([H])[H])C([H])([H])[H])C([H])([H])C([H])([H])C([H])([H])C([H])([H])N1c1c(C([H])(C([H])([H])[H])C([H])([H])[H])c([H])c([H])c([H])c1C([H])(C([H])([H])[H])C([H])([H])[H]
VUBZEY,0,ok,0.070173,75,1,,Br[Cu+3]=C1N(c2c(C([H])(C([H])([H])[H])C([H])([H])[H])c([H])c([H])c([H])c2C([H])(C([H])([H])[H])C([H])([H])[H])C([H])([H])C([H])([H])C([H])([H])C([H])([H])N1c1c(C([H])(C([H])([H])[H])C([H])([H])[H])c([H])c([H])c([H])c1C([H])(C([H])([H])[H])C([H])([H])[H]
WAHBUE,0,ok,0.072080,74,1,,[Pd]12(<-P(c3c([H])c([H])c([H])c([H])c3[H])(c3c([H])c([H])c([H])c([H])c3[H])c3c([H])c([H])c([H])c([H])c3[H])<-S=C(SC(c3c([H])c([H])c([H])c([H])c3[H])([H])[H])N=N->1C(=C(C(=O->2)c1c([H])c([H])c([H])c([H])c1[H])[H])C([H])([H])[H]
WAKGAS,0,ok,0.074681,73,1,,[Ti+4]12(N(c3c([H])c([H])c([H])c([H])c3[H])C(=C([H])C(=O->1)c1c([H])c(C(F)(F)F)c([H])c([H])c1[H])C(F)(F)F)(Cl)(<-N(c1c([H])c([H])c([H])c([H])c1[H])=C(C([H])=C(O2)c1c([H])c(C(F)(F)F)c([H])c([H])c1[H])C(F)(F)F)Cl
WAMXOY,0,ok,0.264324,71,1,,[Fe+4]1234(N5C(=Nc6n->1c([H])c([H])c([H])c6[H])c1c([H])c([H])c([H])c([H])c1C5=Nc1n->2c([H])c([H])c([H])c1[H])n1c(c2c([H])c([H])c([H])c([H])c2c1N=C1N3C([H])=C([H])C([H])=C1[H])N=C1N4C([H])=C([H])C([H])=C1[H]
WAQVIT,0,ok,0.069127,64,1,,[Ni]12(<-[Se]=C(C#N)C(=[Se]->1)C#N)<-P(c1c([H])c([H])c([H])c([H])c1[H])(c1c([H])c([H])c([H])c([H])c1[H])C([H])([H])C([H])([H])C(P->2(c1c([H])c([H])c([H])c([H])c1[H])c1c([H])c([H])c([H])c([H])c1[H])([H])[H]
WAVWUN,0,ok,0.060165,66,1,,[Nb+5]1(OC([H])(C([H])([H])[H])C([H])([H])[H])(OC([H])(C([H])([H])[H])C([H])([H])[H])(OC([H])(C([H])([H])[H])C([H])([H])[H])(OC([H])(C([H])([H])[H])C([H])([H])[H])<-O=C(C([H])=C2Sc3c(c([H])c([H])c([H])c3[H])N12)C(F)(F)F
WEDXIM,0,ok,0.098971,39,1,,[Cr+2](<-[C-]#[O+])(<-[C-]#[O+])(<-[C-]#[O+])(<-[C-]#[O+])(<-[C-]#[O+])=C(N1C([H])([H])C([H])([H])C(c2c([H])c([H])c([H])c([H])c2[H])([H])C([H])([H])C1([H])[H])F
WEHFEW,0,ok,0.059677,47,1,,[W+2]1(<-N(c2c([H])c([H])c([H])c([H])c2[H])=C(SC([H])([H])[H])C(C=1N1C([H])([H])C([H])([H])C([H])([H])C1([H])[H])([H])C([H])([H])[H])(<-[C-]#[O+])(<-[C-]#[O+])(<-[C-]#[O+])<-[C-]#[O+]
WEJBOE,0,ok,0.118221,83,1,,C1([H])(N2=C([H])C([H])=N(C3([H])C([H])([H])C([H])([H])C([H])([H])C([H])([H])C3([H])[H])->[Ru+2]<-23(Cl)(<-N(C2([H])C([H])([H])C([H])([H])C([H])([H])C([H])([H])C2([H])[H])=C([H])C([H])=N->3C2([H])C([H])([H])C([H])([H])C([H])([H])C([H])([H])C2([H])[H])Cl)C([H])([H])C([H])([H])C([H])([H])C([H])([H])C1([H])[H]
WELWIT,0,ok,0.073721,61,1,,[Pt]12(<-S=C(C(=S->1)C#N)C#N)<-P(C(C(P->2(c1c([H])c([H])c([H])c([H])c1[H])c1c([H])c([H])c([H])c([H])c1[H])([H])[H])([H])[H])(c1c([H])c([H])c([H])c([H])c1[H])c1c([H])c([H])c([H])c([H])c1[H]
WELWOZ,0,ok,0.102239,65,1,,[Pt]12(<-S=C(C(=S->1)C#N)C#N)<-P(c1c(P->2(c2c([H])c([H])c([H])c([H])c2[H])c2c([H])c([H])c([H])c([H])c2[H])c([H])c([H])c([H])c1[H])(c1c([H])c([H])c([H])c([H])c1[H])c1c([H])c([H])c([H])c([H])c1[H]
WEMTEP,-1,ok,0.082612,32,1,,[Mo+2]12(S[H])(<-S=C(C(=S->1)C#N)C#N)(=O)<-n1c([H])c([H])c([H])c([H])c1-c1n->2c([H])c([H])c([H])c1[H]
WENPIR,0,ok,0.079822,67,1,,[Mn+](<-P(c1c([H])c([H])c([H])c([H])c1[H])(c1c([H])c([H])c([H])c([H])c1[H])c1c([H])c([H])c([H])c([H])c1[H])([Si]([H])(c1c([H])c([H])c([H])c([H])c1[H])c1c([H])c([H])c([H])c([H])c1[H])(<-[C-]#[O+])(<-[C-]#[O+])(<-[C-]#[O+])<-[C-]#[O+]
WEQCOL,0,ok,0.229736,44,1,,[Fe+2]12345(<-C6([H])=C->1([H])C->2([H])=C->3([H])C46[H])(<-[C-]#[O+])C(=C([H])C(=S->5)C([H])([H])[H])N(C([H])([H])[H])c1c(C([H])([H])[H])c([H])c([H])c([H])c1C([H])([H])[H]
WETLOX,0,ok,0.042838,54,1,,[Pd+4](<-P(N(C([H])([H])[H])C([H])([H])[H])(N(C([H])([H])[H])C([H])([H])[H])N(C([H])([H])[H])C([H])([H])[H])(Cl)(Cl)=C(N(C([H])(C([H])([H])[H])C([H])([H])[H])C([H])(C([H])([H])[H])C([H])([H])[H])[H]
WETLUD,0,ok,0.085265,67,1,,[Pd+4]1(Cl)(Cl)<-P(c2c(C(C=1N(C([H])(C([H])([H])[H])C([H])([H])[H])C([H])(C([H])([H])[H])C([H])([H])[H])(C([H])([H])[H])C([H])([H])[H])c([H])c([H])c([H])c2[H])(c1c([H])c([H])c([H])c([H])c1[H])c1c([H])c([H])c([H])c([H])c1[H]
WIDLOK,0,ok,0.094912,58,1,,[Re+3]12345(<-[Se]=C(C(=O)OC([H])([H])[H])C(=[Se]->1)C(=O)OC([H])([H])[H])(=NC(C([H])([H])[H])(C([H])([H])[H])C([H])([H])[H])<-C1(C([H])([H])[H])=C->2(C([H])([H])[H])C->3(C([H])([H])[H])=C->4(C([H])([H])[H])C51C([H])([H])[H]
WIGFUN,0,ok,0.043921,43,1,,[W+4]1(=[Se])(=[Se])(<-P(C([H])([H])[H])(C([H])([H])[H])C([H])([H])[H])(<-P(C([H])([H])[H])(C([H])([H])[H])C([H])([H])[H])<-O=C->1(c1c([H])c([H])c([H])c([H])c1[H])[H]
WIHTAI,0,ok,0.038237,35,1,,[Mo](<-[C-]#[O+])(<-[C-]#[O+])(<-[C-]#[O+])(<-[C-]#[O+])(<-[C-]#[O+])C([H])([H])c1[n+](C([H])([H])[H])c(C([H])([H])[H])c(C([H])([H])[H])n1C([H])([H])[H]
WIJVIU,0,ok,0.094036,77,1,,[Pd]1(<-S=C(C(=S->1)C#N)C#N)(<-P(c1c([H])c([H])c([H])c([H])c1[H])(c1c([H])c([H])c([H])c([H])c1[H])c1c([H])c([H])c([H])c([H])c1[H])<-P(c1c([H])c([H])c([H])c([H])c1[H])(c1c([H])c([H])c([H])c([H])c1[H])c1c([H])c([H])c([H])c([H])c1[H]
WIMVEU,-1,ok,0.104306,57,1,,C1(=O)C(C([H])([H])C([H])([H])[H])(C([H])([H])C([H])([H])[H])C(=O)N2C(C([H])([H])[H])(C([H])([H])[H])C(=O)N3->[Mn+3]24(<-N(=c2c=3c([H])c([H])c([H])c2[H])C(=O)C(C([H])([H])[H])(C([H])([H])[H])N14)=O
WIVNUK,0,ok,0.221317,81,1,,[Re+5]123(<-O=C(c4c([H])c([H])c([H])c([H])c4[H])C(=C4N1C(C([H])([H])C(c1c([H])c([H])c([H])c([H])c1[H])=O)=C([H])C([H])=C4[H])[H])(<-n1c(c([H])c([H])c([H])c1C([H])=C(c1c([H])c([H])c([H])c([H])c1[H])O2)C([H])=C(c1c([H])c([H])c([H])c([H])c1[H])O3)=O
WOCZOE,0,ok,0.146285,58,1,,[Pd+2]1(n2c([H])c([H])c([H])c3c([H])c([H])c4c([H])c([H])c([H])c(=N->1S(=O)(=O)c1c([H])c([H])c([N+](=O)[O-])c([H])c1[H])c4c23)(<-n1c([H])c([H])c([H])c([H])c1[H])OC(=O)C([H])([H])[H]
WOJBUV,1,ok,0.101111,46,1,,[Ru+2]123456(Cl)(<-n7c([H])c(F)c([H])c([H])c7-c7n->1c([H])c(F)c([H])c7[H])<-c1([H])c->2(C(C([H])([H])[H])([H])C([H])([H])[H])c->3([H])c->4([H])c->5(C([H])([H])[H])c->61[H]
WOPQIB,1,ok,0.053612,57,1,,[Se]1=[Se]->[Co+]<-123(<-P(C([H])([H])[H])(C([H])([H])[H])C(C(C(P->2(C([H])([H])[H])C([H])([H])[H])([H])[H])([H])[H])([H])[H])<-P(C([H])([H])[H])(C([H])([H])[H])C(C(C(P->3(C([H])([H])[H])C([H])([H])[H])([H])[H])([H])[H])([H])[H]
WOVJIA,0,ok,0.061358,34,1,,[Pt+2]1(Cl)(Cl)<-S(=NC(=N->1[H])C([H])([H])[H])(c1c([H])c([H])c([H])c([H])c1[H])c1c([H])c([H])c([H])c([H])c1[H]
WUKLIY,0,ok,0.071840,70,1,,[Ni]12(<-S=C(C#N)C(=S->1)C#N)<-P(C([H])([H])C([H])([H])C([H])([H])C([H])([H])C([H])([H])P->2(c1c([H])c([H])c([H])c([H])c1[H])c1c([H])c([H])c([H])c([H])c1[H])(c1c([H])c([H])c([H])c([H])c1[H])c1c([H])c([H])c([H])c([H])c1[H]
WUSWOX,0,ok,0.128130,57,1,,[Fe+2]1234(<-n5c([H])c([H])c([H])c([H])c5C([H])=N->1N=C(c1c([H])c([H])c(O[H])c([H])c1[H])O2)<-n1c([H])c([H])c([H])c([H])c1C([H])=N->3N=C(c1c([H])c([H])c(O[H])c([H])c1[H])O4
WUZSEP,0,ok,0.156532,45,1,,c1([H])c([H])c(-c2c([H])c([H])c([H])c([H])c2[H])c2c([H])c([H])c3c(-c4c([H])c([H])c([H])c([H])c4[H])c([H])c([H])n4->[Pt+2](<-n1c2c34)(Cl)Cl
XAGNOI,0,ok,0.057176,42,1,,Br[Cu+](C1=[C+]C([H])([H])C([H])([H])C([H])([H])C([H])([H])C([H])([H])C1([H])[H])<-C1#CC([H])([H])C([H])([H])C([H])([H])C([H])([H])C([H])([H])C1([H])[H]
XAGNUO,0,ok,0.053674,42,1,,I[Cu+](C1=[C+]C([H])([H])C([H])([H])C([H])([H])C([H])([H])C([H])([H])C1([H])[H])<-C1#CC([H])([H])C([H])([H])C([H])([H])C([H])([H])C([H])([H])C1([H])[H]
XAMJIE,0,ok,0.445098,81,1,,[Ru+4]12345(Cl)(<-P(c6c([H])c([H])c([H])c([H])c6[H])(c6c([H])c([H])c([H])c([H])c6[H])c6c([H])c([H])c([H])c([H])c6[H])(C6(C([H])([H])[H])C->1(C([H])([H])[H])=C->2(C([H])([H])[H])C->3(C([H])([H])[H])=C->46C([H])([H])[H])C(C(=O)OC([H])([H])[H])=C([H])C(C(=O)OC([H])([H])[H])=C5[H]
XEFQOP,1,ok,0.086072,30,1,,[Ru+2]1(Cl)(<-[C-]#[O+])(<-[C-]#[O+])(<-[C-]#[O+])<-n2c([H])c([H])c([H])c3c2c2n->1c([H])c([H])c([H])c2c([H])c3[H]
XEJZUI,1,ok,0.115275,68,1,,[Ru+2]123456(Cl)(<-n7c([H])c([H])c([H])c([H])c7C7=N->1C([H])(C([H])([H])c1c([H])c([H])c([H])c([H])c1[H])C([H])([H])N7C(C([H])([H])[H])(C([H])([H])[H])C([H])([H])[H])<-c1(C([H])([H])[H])c->2([H])c->3(C([H])([H])[H])c->4([H])c->5(C([H])([H])[H])c->61[H]
XETQEU,0,ok,0.034914,37,1,,[Cr+6]12345(<-N6(C([H])([H])[H])[B-]1(C([H])([H])[H])N->2(C([H])([H])[H])[B-]3(C([H])([H])[H])N->4(C([H])([H])[H])[B-]56C([H])([H])[H])(<-[C-]#[O+])(<-[C-]#[O+])<-[C-]#[O+]
XETVUN,0,ok,0.067298,51,1,,[Pt+4](Cl)(<-P(c1c([H])c([H])c([H])c([H])c1[H])(c1c([H])c([H])c([H])c([H])c1[H])c1c([H])c([H])c([H])c([H])c1[H])(=C(N(C([H])([H])[H])C([H])([H])[H])[H])C(Cl)([H])[H]
XIBHUL,1,ok,0.127514,63,1,,[Ru+2]123456(Cl)(<-n7c([H])c([H])c([H])c([H])c7C7=N->1C([H])(c1c([H])c([H])c([H])c([H])c1[H])C([H])(c1c([H])c([H])c([H])c([H])c1[H])N7[H])<-c1(C([H])([H])[H])c->2([H])c->3(C([H])([H])[H])c->4([H])c->5(C([H])([H])[H])c->61[H]
XIDSOV,0,ok,0.066452,56,1,,[Ni+2]1(OC(=O)C(F)(F)[H])(<-n2c([H])c([H])c(C(C([H])([H])[H])(C([H])([H])[H])C([H])([H])[H])c([H])c2-c2n->1c([H])c([H])c(C(C([H])([H])[H])(C([H])([H])[H])C([H])([H])[H])c2[H])C(F)(F)[H]
XIGYAN,1,ok,0.022384,27,1,,[Au+](<-C(N([H])C([H])([H])[H])N([H])C([H])([H])[H])C(=[N+]([H])C([H])([H])[H])N([H])C([H])([H])[H]
XIKGII,0,ok,0.570781,36,1,,[Se]1->[Ti+2]23456789(<-[Se]=C(C=1C(F)(F)F)C(=O)OC([H])([H])[H])(C1([H])C->2([H])=C->3([H])C->4([H])=C->51[H])<-C1([H])=C->6([H])C->7([H])=C->8([H])C91[H]
XIQTOH,0,ok,0.068892,76,1,,[Au+3]12([B-](c3c(P->1(C([H])(C([H])([H])[H])C([H])([H])[H])C([H])(C([H])([H])[H])C([H])([H])[H])c([H])c([H])c([H])c3[H])(c1c(P->2(C([H])(C([H])([H])[H])C([H])([H])[H])C([H])(C([H])([H])[H])C([H])([H])[H])c([H])c([H])c([H])c1[H])c1c([H])c([H])c([H])c([H])c1[H])Cl
XIQTUN,0,ok,0.094283,80,1,,[Au+3]12(Cl)<-P(c3c([B-]1(c1c([H])c([H])c([H])c([H])c1[H])c1c(P->2(c2c([H])c([H])c([H])c([H])c2[H])c2c([H])c([H])c([H])c([H])c2[H])c([H])c([H])c([H])c1[H])c([H])c([H])c([H])c3[H])(c1c([H])c([H])c([H])c([H])c1[H])c1c([H])c([H])c([H])c([H])c1[H]
XIRFIP,0,ok,0.050709,44,1,,[Au+3]1(Cl)(Cl)c2c([H])c([H])c([H])c([H])c2N(c2nc([H])c([H])c([H])c2[H])C1=[N+]([H])C1([H])C([H])([H])C([H])([H])C([H])([H])C([H])([H])C1([H])[H]
XIWVIK,0,ok,0.187327,55,1,,c1([H])c([H])c([H])c2n1[Pd+4]1(n3c(C(=C4C([H])=C([H])C([H])=N->14)c1c([H])c([H])nc([H])c1[H])c([H])c([H])c3[H])n1c(c([H])c([H])c1[H])C2=C1C([H])=C([H])[N-]C([H])=C1[H]
XIWXIN,0,ok,0.059404,51,1,,C1(=[Au+3]Cl)N(c2c(C([H])([H])[H])c([H])c([H])c([H])c2C([H])([H])[H])C([H])([H])C([H])([H])C([H])([H])C([H])([H])N1c1c(C([H])([H])[H])c([H])c([H])c([H])c1C([H])([H])[H]
XIWXOT,0,ok,0.058084,63,1,,C1(=[Au+3]Cl)N(c2c(C([H])([H])C([H])([H])[H])c([H])c([H])c([H])c2C([H])([H])C([H])([H])[H])C([H])([H])C([H])([H])C([H])([H])C([H])([H])N1c1c(C([H])([H])C([H])([H])[H])c([H])c([H])c([H])c1C([H])([H])C([H])([H])[H]
XIWXUZ,0,ok,0.036013,37,1,,C1(=[Au+3]Cl)N(C([H])(C([H])([H])[H])C([H])([H])[H])C([H])([H])C([H])([H])C([H])([H])C([H])([H])N1C([H])(C([H])([H])[H])C([H])([H])[H]
XIWYAG,0,ok,0.039319,49,1,,C1(=[Au+3]Cl)N(C([H])([H])C(C([H])([H])[H])(C([H])([H])[H])C([H])([H])[H])C([H])([H])C([H])([H])C([H])([H])C([H])([H])N1C([H])([H])C(C([H])([H])[H])(C([H])([H])[H])C([H])([H])[H]
XIWYUX,1,ok,0.053142,45,1,,[Mn+7]1234(O[C-]([O-])C(N->15C([H])([H])C([H])([H])C([H])([H])N->2([H])C([H])([H])C([H])([H])N->3([H])C([H])([H])C([H])([H])C([H])([H])N->4([H])C([H])([H])C5([H])[H])([H])[H])#N
XIZJOH,0,ok,0.043218,32,1,,[Pd+2]1(Cl)(Cl)<-n2c([H])c([H])c([H])c([H])c2C(=N->1N1C([H])([H])C([H])([H])C([H])([H])C([H])([H])C1([H])[H])[H]
XOMFIR,1,ok,0.033166,41,1,,[Au+3](I)(<-C(N(C([H])([H])[H])C([H])([H])[H])N(C([H])([H])[H])C([H])([H])[H])(I)C(=[N+](C([H])([H])[H])C([H])([H])[H])N(C([H])([H])[H])C([H])([H])[H]
XONCEL,0,ok,0.021790,23,1,,[Au+3](I)(C(N(C([H])([H])[H])C([H])([H])[H])=[N+](C([H])([H])[H])C([H])([H])[H])(I)I
XOSRAZ,-1,ok,0.062886,54,1,,[Mo]12(<-P(c3c([H])c([H])c([H])c([H])c3[H])(c3c([H])c([H])c([H])c([H])c3[H])c3c([H])c([H])c([H])c([H])c3[H])(<-S=C(C(=S->1)C#N)C#N)(<-S=C(C(=S->2)C#N)C#N)<-N#C[S-]
XOYZES,0,ok,0.063439,52,1,,[Mo]123(<-S=C(N=N->1[H])c1c(O[H])c([H])c([H])c([H])c1[H])(<-S=C(N=N->2[H])c1c(O[H])c([H])c([H])c([H])c1[H])<-S=C(N=N->3[H])c1c(O[H])c([H])c([H])c([H])c1[H]
XUHTIF,0,ok,0.125961,71,1,,[Mo+2](<-P(c1c([H])c([H])c([H])c([H])c1[H])(c1c([H])c([H])c([H])c([H])c1[H])c1c([H])c([H])c([H])c([H])c1[H])(<-[C-]#[O+])(<-[C-]#[O+])(<-[C-]#[O+])(<-[C-]#[O+])=C(N([H])C1([H])C([H])([H])C([H])([H])C([H])([H])C([H])([H])C1([H])[H])c1oc([H])c([H])c1[H]
XUPFEV,0,ok,0.112343,75,1,,Br[Ni+2]1(Br)(<-O([H])C([H])([H])[H])<-n2c([H])c([H])c([H])c3c2C(=N->1c1c(C2([H])C([H])([H])C([H])([H])C([H])([H])C([H])([H])C2([H])[H])c([H])c([H])c([H])c1C1([H])C([H])([H])C([H])([H])C([H])([H])C([H])([H])C1([H])[H])C([H])([H])C([H])([H])C([H])([H])C3([H])[H]
XUTLEE,0,ok,0.039061,26,1,,[W+2](<-[C-]#[O+])(<-[C-]#[O+])(<-[C-]#[O+])(<-[C-]#[O+])(<-[C-]#[O+])=C(N([H])[H])c1c([H])c([H])c([H])c([H])c1[H]
XUYFAY,0,ok,0.042440,38,1,,[Ni]12(<-O=C(N=N->1C(=C(C(=O->2)C([H])([H])[H])[H])C([H])([H])[H])c1c([H])c([H])c([H])c([H])c1[H])<-n1c([H])c([H])n([H])c1[H]
YASPAM,1,ok,0.136233,82,1,,[Ru+2]12(Cl)(<-P(c3c([H])c([H])c([H])c([H])c3[H])(c3c([H])c([H])c([H])c([H])c3[H])C([H])([H])C([H])([H])C(C(P->1(c1c([H])c([H])c([H])c([H])c1[H])c1c([H])c([H])c([H])c([H])c1[H])([H])[H])([H])[H])(<-n1c(-c3n->2c([H])c([H])c([H])c3[H])c([H])c([H])c([H])c1[H])<-[C-]#[O+]
YAVCEE,0,ok,0.063929,33,1,,C12=[Pd+4](Br)(Br)[c+]3n(c([H])c([H])o3)C([H])([H])c3c(c([H])c([H])c([H])c3[H])C([H])([H])N1C([H])=C([H])O2
YEBDOY,1,ok,0.114173,84,1,,[Ru+2]123456(<-P(c7c([H])c([H])c([H])c([H])c7[H])(c7c([H])c([H])c([H])c([H])c7[H])c7c([H])c([H])c([H])c([H])c7[H])(<-O=C(C(=C1[H])c1c([H])c([H])c(N(C([H])([H])[H])C([H])([H])[H])c([H])c1[H])[H])<-c1([H])c->2(C([H])([H])[H])c->3(C([H])([H])[H])c->4([H])c->5(C([H])([H])[H])c->61C([H])([H])[H]
YEBTUU,0,ok,0.392118,62,1,,[W+4]12345678([Si](C(C([H])([H])[H])(C([H])([H])[H])C([H])([H])[H])(C(C([H])([H])[H])(C([H])([H])[H])C([H])([H])[H])[H])([Si](C([H])([H])[H])(C([H])([H])[H])C([H])([H])[H])(C9([H])C->1([H])=C->2([H])C->3([H])=C->49[H])C1([H])C->5([H])=C->6([H])C->7([H])=C->81[H]
YECDOC,0,ok,0.103725,47,1,,[V+3]123(<-N(=NC(=O->1)c1c([H])c([H])c(Br)c([H])c1[H])C(C([H])([H])[H])=C([H])C(=O->2)C([H])([H])[H])(Oc1c(=O->3)c([H])c([H])oc1C([H])([H])C([H])([H])[H])=O
YECDUI,0,ok,0.045385,39,1,,[V+3]123(<-N(=NC(=O->1)c1c([H])c([H])c(Br)c([H])c1[H])C(C([H])([H])[H])=C([H])C(=O->2)C([H])([H])[H])(<-O=C(N(O3)[H])C([H])([H])[H])=O
YECPEC,1,ok,0.083738,42,1,,[Ru+2]123456(Cl)(<-n7c([H])c([H])n([H])c7-c7n([H])c([H])c([H])n->17)<-c1([H])c->2(C([H])(C([H])([H])[H])C([H])([H])[H])c->3([H])c->4([H])c->5(C([H])([H])[H])c->61[H]
YECWIO,0,ok,0.063285,60,1,,C1(=[Ag+3]Br)N(c2c(C([H])([H])[H])c([H])c(C([H])([H])[H])c([H])c2C([H])([H])[H])C([H])([H])C([H])([H])C([H])([H])C([H])([H])C([H])([H])N1c1c(C([H])([H])[H])c([H])c(C([H])([H])[H])c([H])c1C([H])([H])[H]
YECWOU,0,ok,0.061713,54,1,,C1(=[Ag+3]Br)N(c2c(C([H])([H])[H])c([H])c([H])c([H])c2C([H])([H])[H])C([H])([H])C([H])([H])C([H])([H])C([H])([H])C([H])([H])N1c1c(C([H])([H])[H])c([H])c([H])c([H])c1C([H])([H])[H]
YECXIP,0,ok,0.083619,68,1,,[Rh+3]123(Cl)(=C4N(c5c(C([H])([H])[H])c([H])c([H])c([H])c5[H])C([H])([H])C([H])([H])C([H])([H])C([H])([H])C([H])([H])N4c4c(C([H])([H])[H])c([H])c([H])c([H])c4[H])<-C4([H])=C->1([H])C([H])([H])C([H])([H])C->2([H])=C->3([H])C([H])([H])C4([H])[H]
YEDVEL,0,ok,0.045443,48,1,,[H]N([H])([H])->[Ni]12<-N(C(=C([H])C(C(C([H])([H])[H])(C([H])([H])[H])C([H])([H])[H])=O->1)C(OC([H])([H])C([H])([H])[H])=O)=NC(c1c([H])c([H])c([H])c([H])c1[H])=O->2
YEHMEF,0,ok,0.077829,62,1,,c1([H])c(P2(c3c([H])c([H])c([H])c([H])c3[H])=c3c(c([H])c([H])c([H])c3[H])=N(->[Zn+2](Cl)(Cl)<-O3C([H])([H])C([H])([H])C([H])([H])C3([H])[H])N2c2c([H])c([H])c([H])c([H])c2[H])c([H])c([H])c([H])c1[H]
YEHVEM,0,ok,0.031084,29,1,,[Fe+2]123(<-c4(c([H])c(C([H])([H])[H])c(C([H])([H])[H])c([H])c->14C2([H])[H])C3([H])[H])(<-[C-]#[O+])(<-[C-]#[O+])<-[C-]#[O+]
YEMYUL,1,ok,0.106598,85,1,,[Pd+4]12(<-P3(c4c([H])c([H])c([H])c([H])c4[H])C4([H])C(C([H])([H])[H])=C(C([H])([H])[H])C3([H])C3([H])[P-](S1)(c1c([H])c([H])c([H])c([H])c1[H])C([H])=C(C([H])([H])[H])C43C([H])([H])[H])<-N(C(c1c2c([H])c([H])c2c([H])c([H])c([H])c([H])c21)([H])C([H])([H])[H])(C([H])([H])[H])C([H])([H])[H]
YIJLAE,1,ok,0.191789,75,1,,[Rh+3]123456(<-P7(c8c(F)c(F)c(F)c(F)c8F)c8c(c(F)c(F)c(F)c8F)C([H])([H])C->18=C->2(C([H])([H])[H])C3(C([H])([H])[H])C->4(=C->58C([H])([H])[H])C([H])([H])c1c(c(F)c(F)c(F)c1F)P->6(c1c(F)c(F)c(F)c(F)c1F)C([H])([H])C7([H])[H])Cl
YIYCEP,0,ok,0.084496,60,1,,[Cr+2](=C(c1c(C([H])([H])[H])c(C(=O)OC([H])(C([H])([H])[H])c2c([H])c([H])c([H])c3c([H])c([H])c([H])c([H])c23)c([H])c([H])c1[H])N(C([H])([H])[H])C([H])([H])[H])(<-[C-]#[O+])(<-[C-]#[O+])(<-[C-]#[O+])(<-[C-]#[O+])<-[C-]#[O+]
YIYCIT,0,ok,0.087501,60,1,,[Cr+2](=C(c1c(C([H])([H])[H])c([H])c([H])c(C(=O)OC([H])(C([H])([H])[H])c2c([H])c([H])c([H])c3c([H])c([H])c([H])c([H])c23)c1[H])N(C([H])([H])[H])C([H])([H])[H])(<-[C-]#[O+])(<-[C-]#[O+])(<-[C-]#[O+])(<-[C-]#[O+])<-[C-]#[O+]
YIYCOZ,0,ok,0.097395,66,1,,C([H])(c1c(C(=[Cr+2](<-[C-]#[O+])(<-[C-]#[O+])(<-[C-]#[O+])(<-[C-]#[O+])<-[C-]#[O+])N(C([H])([H])[H])C([H])([H])[H])c([H])c(C(=O)OC([H])(C([H])([H])[H])c2c([H])c([H])c([H])c3c([H])c([H])c([H])c([H])c23)c([H])c1[H])(C([H])([H])[H])C([H])([H])[H]
YOBCUN,0,ok,0.110594,46,1,,[Fe+4]123456789%10([B-]%11(C([H])([H])[H])c->1%12c->2(c([H])c([H])c([H])c%12[H])[B-2]->3(C([H])([H])[H])c->41c->5%11c([H])c([H])c([H])c1[H])<-c1(C([H])([H])[H])c->6([H])c->7([H])c->8([H])c->9([H])c->%101[H]
YOBDAU,0,ok,0.087074,51,1,,[Ni+4]12345678(<-[B-2]9(C([H])([H])[H])c->1%10c->2(c([H])c([H])c([H])c%10[H])[B-]3(C([H])([H])[H])c->41c->59c([H])c([H])c([H])c1[H])<-C1([H])=C->6([H])C([H])([H])C([H])([H])C->7([H])=C->8([H])C([H])([H])C1([H])[H]
YOBTAL,0,ok,0.229520,71,1,,[Zr+4]1234567(<-N(=C(N(C([H])([H])[H])C([H])([H])[H])N1[Si](C([H])([H])[H])(C([H])([H])[H])C->21=C->3(C([H])([H])[H])C4(C([H])([H])[H])C->5(C([H])([H])[H])=C->61C([H])([H])[H])C([H])(C(C([H])([H])[H])(C([H])([H])[H])C([H])([H])[H])C([H])([H])O7)N(C([H])([H])[H])C([H])([H])[H]
YODHAA,0,ok,0.068623,40,1,,[V+3]12(<-O=C(N=N->1C(=C(C(=O->2)c1sc([H])c([H])c1[H])[H])C(F)(F)F)c1c(O[H])c([H])c([H])c([H])c1[H])(OC([H])([H])[H])=O
YODHEE,0,ok,0.051369,43,1,,[V+3]12(<-O=C(N=N->1C(C([H])([H])[H])=C(C(=O->2)c1c([H])c([H])c([H])c([H])c1[H])[H])c1c(O[H])c([H])c([H])c([H])c1[H])(=O)OC([H])([H])[H]
YOJMEP,0,ok,0.040362,33,1,,[Ru+2]1(I)(<-[C-]#[O+])(<-N(=C([H])C(=N->1C(C([H])([H])[H])(C([H])([H])[H])[H])[H])C(C([H])([H])[H])(C([H])([H])[H])[H])(I)<-[C-]#[O+]
YOJXEB,0,ok,0.146975,77,1,,[Os+2]123(<-P(c4c([H])c([H])c([H])c([H])c4[H])(C([H])([H])[H])C([H])([H])[H])(<-P(c4c([H])c([H])c([H])c([H])c4[H])(C([H])([H])[H])C([H])([H])[H])(<-P(c4c([H])c([H])c([H])c([H])c4[H])(C([H])([H])[H])C([H])([H])[H])<-C4([H])=C->1([H])C2([H])C(=C([H])[H])C(=C([H])[H])C34[H]
YOPKEV,0,ok,0.074701,63,1,,[Ni]12(<-P(c3c([H])c([H])c([H])c([H])c3[H])(c3c([H])c([H])c([H])c([H])c3[H])c3c([H])c([H])c([H])c([H])c3[H])<-N(=NC(=O->1)c1c([H])c([H])c([H])c([H])c1[H])C(=C([H])C(=O->2)C(F)(F)F)C(F)(F)F
YOPKIZ,0,ok,0.057034,56,1,,[Ni]12(<-P(c3c([H])c([H])c([H])c([H])c3[H])(c3c([H])c([H])c([H])c([H])c3[H])c3c([H])c([H])c([H])c([H])c3[H])<-O=C(C(F)(F)F)C(=C(N->1=NC(=O->2)C([H])([H])[H])C(F)(F)F)[H]
YOQJAR,0,ok,0.034425,33,1,,[Cr+2](<-[C-]#[O+])(=C(N(C([H])([H])[H])C([H])([H])[H])c1n(C([H])([H])[H])c([H])c([H])c1[H])(<-[C-]#[O+])(<-[C-]#[O+])(<-[C-]#[O+])<-[C-]#[O+]
YOTMEB,1,ok,0.105012,79,1,,[Au+3]12<-P(c3c([H])c([H])c([H])c([H])c3[H])(c3c([H])c([H])c([H])c([H])c3[H])c3c([H])c([H])c([H])c([H])c3[B-]1(c1c(P->2(c2c([H])c([H])c([H])c([H])c2[H])c2c([H])c([H])c([H])c([H])c2[H])c([H])c([H])c([H])c1[H])c1c([H])c([H])c([H])c([H])c1[H]
YUCHEL,0,ok,0.148716,75,1,,c1([H])c([H])c([H])n2-c3c([H])c([H])c([H])c([H])c3[Ir+5]34(c5c([H])c([H])c([H])c([H])c5-n5c([H])c([H])c([H])n->35)(<-n12)=c1c(c2c3c5c1c([H])c([H])c1c5c5c3c(c([H])c2[H])c([H])c([H])c5c([H])c1[H])=C1C([H])=C([H])C([H])=C([H])N14
YUCKOW,0,ok,0.125312,61,1,,[Mo+2]1(<-[C-]#[O+])(<-[C-]#[O+])(<-[C-]#[O+])(<-[C-]#[O+])N(c2c([H])c([H])c([H])c([H])c2[H])c2c(n(-c3c([H])c([H])c([H])c([H])c3[H])c(=O)n2-c2c([H])c([H])c([H])c([H])c2[H])N1c1c([H])c([H])c([H])c([H])c1[H]
YUJPOI,0,ok,0.064070,70,1,,[W](<-P(N=[S+][N-]C(C([H])([H])[H])(C([H])([H])[H])C([H])([H])[H])(N(C([H])(C([H])([H])[H])C([H])([H])[H])C([H])(C([H])([H])[H])C([H])([H])[H])N(C([H])(C([H])([H])[H])C([H])([H])[H])C([H])(C([H])([H])[H])C([H])([H])[H])(<-[C-]#[O+])(<-[C-]#[O+])(<-[C-]#[O+])(<-[C-]#[O+])<-[C-]#[O+]
YULBOY,0,ok,0.060315,77,1,,[Pt+4]12([B-]3(C([H])([H])C([H])([H])[H])C([H])(C([H])([H])[H])[B-]1(C([H])([H])C([H])([H])[H])[C+](C([H])([H])C([H])([H])[H])[C+]3C([H])([H])C([H])([H])[H])[B-]1(C([H])([H])C([H])([H])[H])C([H])(C([H])([H])[H])[B-]2(C([H])([H])C([H])([H])[H])[C+](C([H])([H])C([H])([H])[H])[C+]1C([H])([H])C([H])([H])[H]
YUZCOM,1,ok,0.058873,44,1,,c1([H])c([H])c([H])c([H])c2-c3c([H])c([H])c([H])c([H])n3->[Pt+2]3(<-n12)<-N(C([H])([H])[H])(C([H])([H])[H])N=C(C([H])([H])C([H])([H])C([H])=C([H])[H])O3
ZAKHUR,0,ok,0.076886,75,1,,[Pd+4]1(Cl)(Cl)N(c2c([H])c([H])c([H])c([H])c2[H])C2=C(N1c1c([H])c([H])c([H])c([H])c1[H])N(c1c(C([H])([H])[H])c([H])c(C([H])([H])[H])c([H])c1C([H])([H])[H])C(O[H])([H])N2c1c(C([H])([H])[H])c([H])c(C([H])([H])[H])c([H])c1C([H])([H])[H]
ZANHIF,0,ok,0.028314,27,1,,[Cr+2](=C(N1C([H])([H])SC([H])([H])C1([H])[H])C([H])([H])[H])(<-[C-]#[O+])(<-[C-]#[O+])(<-[C-]#[O+])(<-[C-]#[O+])<-[C-]#[O+]
ZARPIT,0,ok,0.175218,59,1,,[Fe+4]1234(S[Si](c5c([H])c([H])c([H])c([H])c5[H])(c5c([H])c([H])c([H])c([H])c5[H])c5c([H])c([H])c([H])c([H])c5[H])(=C(N(C([H])([H])[H])C([H])([H])[H])[H])(<-[C-]#[O+])<-C5([H])=C->1([H])C->2([H])=C->3([H])C45[H]
ZAYVEC,0,ok,0.071740,67,1,,[Pd+4](Cl)(Cl)(<-P(c1c([H])c([H])c([H])c([H])c1[H])(c1c([H])c([H])c([H])c([H])c1[H])c1c([H])c([H])c([H])c([H])c1[H])=C(N1C(C([H])([H])[H])(C([H])([H])[H])C([H])([H])C([H])([H])C([H])([H])C1(C([H])([H])[H])C([H])([H])[H])[H]
ZEFPOP,0,ok,0.067065,52,1,,[W+2](=C1N(C(c2c([H])c([H])c([H])c([H])c2[H])([H])[H])C([H])([H])N(C(c2c([H])c([H])c([H])c([H])c2[H])([H])[H])C(C([H])([H])[H])=C1[H])(<-[C-]#[O+])(<-[C-]#[O+])(<-[C-]#[O+])(<-[C-]#[O+])<-[C-]#[O+]
ZENCUT,0,ok,0.067868,38,1,,[Pd+2]1(Cl)(Cl)<-N(=C([H])c2n->1c([H])c([H])c([H])c2[H])C([H])([H])C([H])([H])C(C([H])([H])C(C(=O)OC([H])([H])[H])([H])[H])([H])[H]
ZENDAA,0,ok,0.047887,32,1,,c1([H])c([H])c([H])c([H])c2C([H])=N(C([H])([H])C([H])([H])C([H])([H])C(=O)OC([H])([H])[H])->[Pt+2](Cl)(Cl)<-n12
ZETCUY,0,ok,0.232027,85,1,,[Ni+2]12(N(C(=C([H])c3n->1c([H])c([H])c([H])c3[H])c1c([H])c([H])c([H])c([H])c1[H])c1c(C([H])([H])[H])c([H])c([H])c([H])c1C([H])([H])[H])<-N(=C(C([H])=C1N2C([H])=C([H])C([H])=C1[H])c1c([H])c([H])c([H])c([H])c1[H])c1c(C([H])([H])[H])c([H])c([H])c([H])c1C([H])([H])[H]
ZETDEJ,0,ok,0.191953,85,1,,[Fe+2]12(<-N(=C(C([H])=C3N1C([H])=C([H])C([H])=C3[H])c1c([H])c([H])c([H])c([H])c1[H])c1c(C([H])([H])[H])c([H])c([H])c([H])c1C([H])([H])[H])<-N(=C(C([H])=C1N2C([H])=C([H])C([H])=C1[H])c1c([H])c([H])c([H])c([H])c1[H])c1c(C([H])([H])[H])c([H])c([H])c([H])c1C([H])([H])[H]
ZIDDOF,0,ok,0.359928,68,1,,[Ir+]12345(<-S=C(C(=S->1)C#N)C#N)(<-P(c1c([H])c([H])c([H])c([H])c1[H])(c1c([H])c([H])c([H])c([H])c1[H])c1c([H])c([H])c([H])c([H])c1[H])<-C1(C([H])([H])[H])=C->2(C([H])([H])[H])C3(C([H])([H])[H])C->4(C([H])([H])[H])=C->51C([H])([H])[H]
ZIJBEB,1,ok,0.159132,56,1,,[Ir+5]12345(Cl)(<-n6c(Br)c([H])c([H])c([H])c6N([H])C=1C(=O)c1c([H])c([H])c(C([H])([H])[H])c([H])c1[H])<-C1(C([H])([H])[H])=C->2(C([H])([H])[H])C->3(C([H])([H])[H])=C->4(C([H])([H])[H])C51C([H])([H])[H]
ZIKCOL,0,ok,0.050856,38,1,,[Cr+2](<-[C-]#[O+])(<-[C-]#[O+])(<-[C-]#[O+])(<-[C-]#[O+])(<-[C-]#[O+])=C(N([H])[H])C([H])=C(N(C([H])([H])[H])C([H])([H])[H])c1c([H])c([H])c([H])c([H])c1[H]
ZIRVED,1,ok,0.068039,40,1,,[Re+]1(Cl)(<-[C-]#[O+])(<-n2c3c(c4[n+](C([H])([H])[H])c([H])n(C([H])([H])[H])c4c4c([H])c([H])c([H])n->1c43)c([H])c([H])c2[H])(<-[C-]#[O+])<-[C-]#[O+]
ZOCZAU,0,ok,0.060612,57,1,,[Au+3](Cl)=C1N(c2c(C([H])([H])[H])c([H])c(C([H])([H])[H])c([H])c2C([H])([H])[H])C([H])([H])C([H])([H])C([H])([H])C([H])([H])N1c1c(C([H])([H])[H])c([H])c(C([H])([H])[H])c([H])c1C([H])([H])[H]
ZOLTOM,0,ok,0.117777,82,1,,[Pd+4](Br)(Br)(<-C1N(C([H])(C([H])([H])[H])C([H])([H])[H])c2c([H])c([H])c([H])c([H])c2N1C([H])(C([H])([H])[H])C([H])([H])[H])=C1N(C([H])([H])c2c([H])c([H])c([H])c([H])c2[H])C([H])([H])C([H])([H])C([H])([H])C([H])([H])C([H])([H])N1C([H])([H])c1c([H])c([H])c([H])c([H])c1[H]
ZOLVOO,0,ok,0.046624,48,1,,[Au+3](Br)=C1N(C([H])([H])c2c([H])c([H])c([H])c([H])c2[H])C([H])([H])C([H])([H])C([H])([H])C([H])([H])C([H])([H])N1C([H])([H])c1c([H])c([H])c([H])c([H])c1[H]
ZOLWIJ,0,ok,0.107139,79,1,,[Pd+4](Br)(Br)(=C1N(C([H])([H])c2c([H])c([H])c([H])c([H])c2[H])C([H])([H])C([H])([H])C([H])([H])C([H])([H])N1C([H])([H])c1c([H])c([H])c([H])c([H])c1[H])<-C1N(C([H])(C([H])([H])[H])C([H])([H])[H])c2c(c([H])c([H])c([H])c2[H])N1C([H])(C([H])([H])[H])C([H])([H])[H]
ZOLWOP,0,ok,0.066784,57,1,,[Au+3](Br)=C1N(c2c(C([H])([H])[H])c([H])c(C([H])([H])[H])c([H])c2C([H])([H])[H])C([H])([H])C([H])([H])C([H])([H])C([H])([H])N1c1c(C([H])([H])[H])c([H])c(C([H])([H])[H])c([H])c1C([H])([H])[H]
ZONTAX,1,ok,0.095176,85,1,,[Ru+4](<-P(C([H])([H])[H])(C([H])([H])[H])c1c([H])c([H])c([H])c([H])c1[H])(<-P(C([H])([H])[H])(C([H])([H])[H])c1c([H])c([H])c([H])c([H])c1[H])(=C(N(C(C([H])([H])[H])(C([H])([H])[H])C([H])([H])[H])[H])c1c([H])c([H])c([H])c([H])c1[H])(C(C(=O)OC(C([H])([H])[H])([H])[H])([H])[H])(<-[C-]#[O+])<-[C-]#[O+]
ZOPNOH,0,ok,0.162596,36,1,,[Mn+7]123(<-N(=C([H])c4c(c([H])c([H])c([H])c4[H])O1)C([H])([H])C([H])([H])N2C([H])=C1C(=C([H])C([H])=C([H])[C-]1[H])O3)#N
ZOPRIH,0,ok,0.071804,67,1,,c1(-c2c(P(c3c([H])c([H])c([H])c([H])c3[H])(c3c([H])c([H])c([H])c([H])c3[H])->[Au+]Cl)c([H])c([H])c([H])c2[H])[n+](C([H])(C([H])([H])[H])C([H])([H])[H])c(=O)c(C([H])([H])[H])c([O-])n1C([H])(C([H])([H])[H])C([H])([H])[H]
ZORRIJ,1,ok,0.148585,83,1,,C12(C([H])([H])[H])->[Co+3]345(<-C=1(C([H])([H])[H])C3(C([H])([H])[H])C24C([H])([H])[H])(<-N#CC([H])([H])[H])<-P(c1c(F)c([H])c([H])c([H])c1[H])(c1c([H])c([H])c([H])c([H])c1F)c1c([H])c([H])c([H])c([H])c1P->5(c1c(F)c([H])c([H])c([H])c1[H])c1c([H])c([H])c([H])c([H])c1F
ZOSREH,0,ok,0.084474,64,1,,[Pd+4]1(C([H])([H])[H])(Cl)N(c2c(C([H])([H])[H])c([H])c([H])c([H])c2C([H])([H])[H])c2c(c3c([H])c([H])c([H])c([H])c3c3c([H])c([H])c([H])c([H])c32)N1c1c(C([H])([H])[H])c([H])c([H])c([H])c1C([H])([H])[H]
ZOVHOJ,0,ok,0.072720,42,1,,Br[Ni+2]12<-P(c3c(N->1=C(c1n2c([H])c([H])c1[H])[H])c([H])c([H])c([H])c3[H])(c1c([H])c([H])c([H])c([H])c1[H])C([H])([H])C([H])([H])[H]
ZOVPAB,1,ok,0.060964,49,1,,[Mn+7]123(<-N4(C([H])([H])[H])C([H])([H])C([H])([H])N->1(C([H])([H])[H])C([H])([H])C([H])([H])N->2(C([H])([H])[H])C([H])([H])C4([H])[H])(#N)OC(C([H])([H])[H])=C([H])[C-](C([H])([H])[H])O3
ZOWZAM,0,ok,0.079917,60,1,,[W+2](<-[C-]#[O+])(<-[C-]#[O+])(<-[C-]#[O+])(<-[C-]#[O+])(<-[C-]#[O+])=C1C([H])([H])C(c2c([H])c([H])c(N(C([H])([H])[H])C([H])([H])[H])c([H])c2[H])(c2c([H])c([H])c(N(C([H])([H])[H])C([H])([H])[H])c([H])c2[H])ON1C([H])([H])[H]
ZUDLUF,0,ok,0.061012,39,1,,[Zn+2]12(<-O([H])[H])(<-O=Nc3c(O1)n(C([H])([H])[H])nc3C([H])([H])[H])(<-O([H])[H])<-O=Nc1c(O2)n(C([H])([H])[H])nc1C([H])([H])[H]
ZUHZEJ,1,ok,0.064186,56,1,,C1(=C([H])C(c2c([H])c([H])c([H])c([H])c2[H])=O->[Ru+2]1234<-S1C([H])([H])C([H])([H])S->2C([H])([H])C([H])([H])C([H])([H])S->3C([H])([H])C([H])([H])S->4C([H])([H])C([H])([H])C1([H])[H])OC([H])([H])[H]
ZUYXIC,0,ok,0.097520,78,1,,c12[Ni+2]3(<-P(C([H])(C([H])([H])[H])C([H])([H])[H])(C([H])(C([H])([H])[H])C([H])([H])[H])Oc1c([H])c([H])c([H])c2OP->3(C([H])(C([H])([H])[H])C([H])([H])[H])C([H])(C([H])([H])[H])C([H])([H])[H])[Si](c1c([H])c([H])c([H])c([H])c1[H])(c1c([H])c([H])c([H])c([H])c1[H])[H]
ZUZHUZ,0,ok,0.081574,68,1,,[Ni+2]12(<-P(C([H])(C([H])([H])[H])C([H])([H])[H])(C([H])(C([H])([H])[H])C([H])([H])[H])Oc3c1c(OP->2(C([H])(C([H])([H])[H])C([H])([H])[H])C(C([H])([H])[H])(C([H])([H])[H])[H])c([H])c([H])c3[H])[Si](c1c([H])c([H])c([H])c([H])c1[H])([H])[H]
